페이지,게시글번호,말머리,제목,내용,글쓴이,추천수,조회수,날짜,링크
,217,[정보],경상고등학교 시험 분석,"경상고등학교 시험을 준비하는 데에 필요한 걸 남긴다. 물론 지금 교사진의 세대를 대거 교체하고 있기 때문에 금방 달라질 것 같다. 참고로 나는 3학년이고, 모든 건 내가 친 시험 기준이다. 나는 이과이다. 시험 전체 분석 대체로 2학기가 되면 1학기보다 평균이 떨어지고 표준편차가 커진다. 중위권/하위권들이 많이 약해진다는 것을 의미한다. 나도 그걸 느꼈는데, 실제로 2학기때 나는 성적이 조금 많이 떨어지기도 했다. 그러나 시험 자체의 난이도는 크게 달라지지 않는 거 같다. 1등급이나 2등급 상위권들은 어차피 상관없으므로 그냥 열심히 해라. 각 과목별 분석 1. 한국사 상당히 쉽다. 세부사항보다는 간단한 사실이나 개요를 묻는 문제가 대부분이며, 고정으로 (가)로 시작하는 사건 순서 문제가 나온다. 서술형 문제는 8개로 각 5점이다. 딱히 코멘트가 필요하지는 않다. 단, 나는 모의고사 한국사를 지금까지 모두 1등급을 받았다는 걸 참고하길 바란다. 나는 수학보다 한국사를 더 잘 한다. 2. 국어 조금 곤란할 수 있다. 난이도는 그렇게까지 어렵지 않으나 주의가 필요하다. 객관식은 평범하다. 서술형은 상당히 다채로운 편이다. 문학의 경우에는 작품의 해설이나 지칭 추론(예: 시 진달래꽃에서 진달래꽃은 화자의 ~~를 의미한다)이 나오고, 비문학의 경우에는 사실 관계 밝히기, 문법의 경우에는 발음이나 띄어쓰기 등이 나온다. 내 2학년 때에는 발음 문제가 아주 말이 많았다. 3. 수학 난이도가 좀 있다. 과목 자체가 어렵고, 시험 문제 자체는 어려운 편은 아니다. 객관식 후반부나 서술형 마지막(혹은 처음)의 킬러 문제를 조심하는 게 좋다. 연계 교제가 있다면 많이 봐라. 4. 물리학 정말 쉽다. 다들 물리학하면 어렵기만 하다고 생각하는데, 우리 학교는 아니다. 실수 하나로 정말 등급이 갈린다. 시간이 많이 남는 편이므로 몇 번이고 점검하자. 5. 화학 어렵다. 올해 새로 들어오신 선생님께서 시험문제를 좀 까다롭게 내신다. 대신 서술형 부분점수를 정말 많이 주시기때문에 관련있다고 판단되면 뭐라고 적어봐라. 6. 생명과학 미안, 다음 세대를 나는 모르겠다. 나는 물화충이다. 그래도 생명과학을 배우기는 했고, 1등급도 받았지만 그 선생님께서는 학교에서 나가셨다. 유전 문제가 좀 빡세니까 조심하자. 7. 지구과학 아직 선생님이 안 바뀌셨다. 시험 문제도 쉬운 편은 아니다. 서술형 빡세다. 조심해라. 부분점수가 거의 없다. 진짜 없으니까 준비 단단히 해라. 8. 영어 영어는 평범한 거 같다. 엄청 쉽지도, 어렵지도 않은 적절한 시험이라고 생각한다. 서술형에서 많이 틀리니까 그 부분을 유념해라. 9. 외국어/교양 무슨 걱정을 하나. 엄청 쉽다. 다들 공부를 안 해서 잘 모르는데, 1등급 받기는 제법 어려우나 2등급 받기는 쉽다. 10. 한문/정보 외국어/교양보다는 어려운 편이다. 그래도 1등급은 어렵지만 2등급은 쉽다.",ㅇㅇ (118.219) 2020.08.23 10:54:11 스크랩 조회 3106 추천 12 댓글 10,12,3106,2020.08.23 10:54:11,https://gall.dcinside.com/mgallery/board/view/?id=kyungsang&no=217&page=1
,1903,[정보],갤  이용규칙,"생각해보니 지금까지 공지를 안썼네 ㅈㅅ; 1. 실명언급 (선생님, 학생 다) 2. 혐짤, 야짤 외에는 안짜른다. (나중에 뭐가 더 추가될수도있음) - dc official App",Dobby 2022.04.03 22:10:08 스크랩 조회 935 추천 8 댓글 2,8,935,2022.04.03 22:10:08,https://gall.dcinside.com/mgallery/board/view/?id=kyungsang&no=1903&page=1
,3900,[정보],군머 갈 경붕이를 위한 글,"반갑다 암튼 군대 일정 개 꼬여서 뒤지고 싶은 04다 느그들은 나처럼 군머 안 꼬이게 몇가지 팁이다 1. 토익 준비 토익은 여러모로 개꿀이다. 1-1. 카투사 780점 넘으면 카투사 지원할 수 있는데, 카투사가 좋다는 건 몰라도, 니가 어딜 가든간에 최소 그 이상이 카투사에서 보장된다고 생각하셈 1-2. 가산점 군 가산점은 최대 15점인데, 730점이 넘으면 2점, 6백 몇 점 넘으면 1점 준다. 15점 중 2점을 먼저 채우고 출발할 수 있음 2. 현역병 입영 본인선 택원 잘하기 시발 이거 때문에 군대 꼬였다 쉽게 얘기하면 소위 말하는 땅개로 가는 건데 언제 갈 지 날짜를 네가 정하는 거임 이거 선착순이라서 1,2,3월부터 심지어 4월까지 몇 초 내로 다 선택됨 매주 무슨 요일마다 공석 생기면 추가 모집하는 걸로 아는데 그것도 몇 초 컷이니까 그냥 첨 할 때 잘 하자 3. 모집병 준비 ㅈ됐다 당신은 가산점을 얻고 자격증을 딸 준비를 해야 한다 가산점은 총 15점, 헌혈/봉사로 얻을 수 있는 게 8점이 최대 특히 당신이 공군을 준비한다? 15점 다 못 채우면 일단 탈락이라고 보면 됨 왜냐? 내가 15점 다 채우고 공군 떨어진 놈이니까 그리고 지금 자격증 공부 중이다 난 공군 못 붙으면 최전방이거든 ㅋㅋㅋㅋ 헌혈로 가산점 채우는 게 가장 쉬운데, 레드커넥트 앱 깔고 헌혈 예약 해서 가는 게 젤 나음 헌혈 종류가 두 가지 있는데, 전혈 헌혈이랑 성분 헌혈임 전혈은 쿨타임이 2달 이라 비추 성분은 쿨타임이 2주 라고 추천함 성분도 종류가 혈장/혈소판/혈소판혈장 세 가지 있는데 걍 혈장 하셈 피 뽑는 시간도 가장 짧음 병무민원 - 군지원 - 내 점수 미리 알아보기 이걸로 미리 점수 알아 두면 나중에 편함 느그들은 군대 꼬이지 말고 적어도 군대라도 원하는 데 가라...",성균관전자전기 2024.01.18 20:49:03 스크랩 조회 1877 추천 10 댓글 6,10,1877,2024.01.18 20:49:03,https://gall.dcinside.com/mgallery/board/view/?id=kyungsang&no=3900&page=1
,5169,[일반],성붕이 놀러왔다,경상갈걸 1년째 후회중이다 니들은 학교사랑하면서다녀라 ㅇㅇ,경붕이 (14.45) 2026.05.29 19:01:35 스크랩 조회 61 추천 0 댓글 1,0,61,2026.05.29 19:01:35,https://gall.dcinside.com/mgallery/board/view/?id=kyungsang&no=5169&page=1
,1,[정보],창원 경상고등학교가 아닌 대구 경상고등학교 갤러리입니다.,The Quality School - dc official App,ㅇㅇ (122.34) 2019.07.13 00:44:22 스크랩 조회 1620 추천 20 댓글 3,20,1620,2019.07.13 00:44:22,https://gall.dcinside.com/mgallery/board/view/?id=kyungsang&no=1&page=1
,3086,[정보],기숙사 들어갈 친구들을 위한 정보글,"※이 글은 PC에서 작성했으니까, 모바일에서는 읽기 힘들거임 ※ PC로 보면 귀찮더라도 읽기에는 편함 어쩌다 경상학숙에 들어갔는지는 모르겠다만, 기숙사 생활이 처음인 친구들을 위해 과제 중이지만 여러 팁들을 남기마 1. 준비물 무조건 필요한 것만 들고 와야 함 필요 없는 거나, 없어도 되는 거 들고 오면 나중에 귀찮음 대충 리스트를 적어보자면 침구류 : 매트리스 위에 깔 이불, 덮고 잘 이불, 베개 등 생필품 : 휴지, 물티슈, 테이프클리너(돌돌이) , 일회용 수저 , 일회용 접시 , 종이컵 등 위생용품 : 목욕바구니, 샴푸, 린스(트리트먼트), 바디워시, 세수비누(폼클렌저), 칫솔, 치약 등 의류 : 옷걸이( 바지 걸이 ), 수건, 속옷과 양말(예비용 두 세 개 더 ), 잠옷, 겉옷(후리스나 후드집업 같은 거 ) , 예비용 사복 등 미용용품 : 각종 로션 , 손톱깎이 , 빗, 기름종이 등 식량 : 생수 등 기타 : 각종 충전기, 습기제거제 , 섬유유연제, 안경닦이, 약품 등 이렇게 해 놓은 것들은 개인적으로 무조건 추천하는 템들 솔직히 내가 지금 생각 나는 게 더 없음 2. 스케줄 의외로 스케줄을 궁금해 하는 사람들도 있어서 작성 참고로 이건 작년 스케줄임, 올해는 달라질 가능성이 있음 기숙사를 안 하는 현명한 친구들도 보라고 작성 6:25   : 기상 노래 틀기 시작 6:30   : 아침 점호 하러 급식실 앞 공터로 내려감, 점호 끝나면 자유 시간 자는 시간 6:55 : 조식 시간 후 자유 시간, (3학년 우선 배식 후 층별 배식 ), 기상 노래 종료 7:30   : 3학년 등교 마지노선 7:40   : 1, 2학년 등교 마지노선 18:00 : 기숙사 문 개방, 석식 이후 자유 시간 19:00 : 야간 자율 학습 시작, 인원 점검 한 시간에서 한 시간 반 마다 인원 점검하러 돌아다님 (쌤마다 다름 ) 21:00 : 사감 출근, 2,3층 감독 선생님 퇴근 22 :30 : 영재심화반 감독 선생님 퇴근 23:00 : 야간 자율 학습 종료, 자유 시간, 보안 시스템 작동( 외출 갔다 온 사람은 이 시각 전까지 들어와야 함 ) 23:30 : 저녁 점호, 각자 방 앞에서 대기하면 됨 24:00 : 심야 자율 학습 시작, 혹은 취침 1:00~1:30 : 사감 순찰 시간 (대충 저 시간이었을 텐데 ) 모든 스케줄은 층 순서대로 한 주는 2층 -> 3층 -> 4층 그 다음 주는 3층 -> 4층 -> 2층 또 그 다음 주는 4층 -> 2층 -> 3층 무한반복 3. 시설 구성 경상학숙은 급식실 위, 2,3,4층으로 구성되어 있음 사감실은 2층, 영재심화반 감독 선생님은 4층 큰 공부방 에 있음 각 층에는 작은 공부방과 큰 공부방, 공용 샤워실, 공용 세면실, 공용 화장실, 라운지가 있음 음수대와 신발장도 있음 쓰레기통은 엘베 옆, 음수대 옆, 라운지 앞에 있음 각 실에 대한 설명은 다음과 같음 갯수는 가물가물한 것들이 몇 개 있음 1) 작은 공부방 : 3학년 들 전용 자습실, 총 6+8개의 독서실 책상이 있고, 2개의 스탠딩 책상이 있음, 사물함도 충분히 있음, 공기청정기와 낡은 청소기, 쓰레받기+빗자루 하나씩 있음 2) 큰 공부방 : 1,2학년 들 전용 자습실, 층마다 독서실 책상의 개수는 다르고, 2개의 스탠딩 책상이 있음, 사물함도 있음, 공기청정기와 청소기 두 개 씩 있음, 쓰레받기+빗자루 여러 개 있음, 4층에는 감독 선생님 자리가 있음 3) 라운지 : 6대의 컴퓨터가 있고, 4명씩 앉는 책상 두 개가 있음, 냉장고 도 있음 4) 공용 세면실 : 세면대가 3개, 머리를 감는 세면대가 6갠가? 있음, 세탁기와 가루세제가 있음, 밀대와 걸레도 있음 5) 공용 화장실 : 5개의 소변기와 좌변기가 있음, 수압이 약한 좌변기가 있으니 잘 피해서 쓰셈 6) 공용 샤워실 : 3+4개의 샤워기가 있음, 8개의 의류 보관함이 있음, 공용 비누도 있음 7) 각 방 : 4개의 침대와 수납장이 있음, 1개의 쓰레기통, 쓰레받기+빗자루, 공기청정기가 있음 8) 사감실 : 2층에 있음, 프린터와 상비약, 신속항원검사 키트 등이 있음 4. 외박과 외출 나는 별로 안 해봐서 모르지만, 그래도 뉴비들보다는 아는 게 있어서 작성함 1) 외출이란? : 외출은 몇 시부터 몇 시까지 기숙사에 없음을 나타내는 거 최대 시간은 19:00부터 23:00 임 2) 조합 : 외출 1회 / 외출 2회 / 외박 1회 / 외박 1회 + 외출 1회 / 안함 한 주 당 이 위의 조합 중 하나를 선택해서 하면 됨 3) 외출/외박증 발급 : 외출이나 외박이 필요한 그날, 각자 담임 선생님 께 부탁하면 주심 외출/외박증에는 사유와 담임 서명, 외출일 경우 몇 시부터 몇 시까지 시간도 기재함 4) 외출/외박증 제출 방법 : ① 7교시 이후 1층 교무실 기숙사 담당 선생님 자리에 두고 오기 (확인 필요) ② 기숙사 개방 이후 사감 실에 제출 5) 정기 외출/외박증 : 안 써봐서 잘 모름, 원하는 요일 을 선택해서 외출/외박 하는 거임 발급 방법은 동일하되 정기 외출/외박이라고 말해야 할 거임 제출도 비슷할 걸...? 6) 외출 주의사항 : 외출 갔다 와서 무조건 2층 사감실에 들러서 왔다는 거 인증 하고 가야 함 만약 안 한다면, 사감의 잔소리를 끊임없이 듣게 될 거임 5. 벌점 시스템 상점 그딴 건 없고 오직 벌점만 존재함 다양한 사유로 벌점을 받을 수 있는데, 벌점이 20점? 넘기면 강제 퇴사인 걸로 앎 만약 네가 벌점 20점에 가까워진다면? 사감이 벌점 없애주려고 청소 같은 거 시킬 거임 가장 중요한 건, 벌점 받을 짓을 해도 안 걸리면 무죄임 6. 프린터 이용 사감실에는 프린터가 있음 사용 비용 같은 건 없고, 마음껏 쓰면 됨 너희들이 어디선가 얻어온 문제집 pdf를 출력해서 써도 되고, 발표 자료를 출력해도 되고, 마음껏 쓰면 됨 다만, 4층의 영재심화반 친구들은 내려가기 전에 영재심화반 감독 선생님께 프린터하러 간다고 이야기 하고 가면 좋을 거임 7. 각종 꿀팁 1) 와이파이 비번은 11115555 , 급식실에서는 와이파이 잘 안잡힘 2) 작년에는 휴식을 신청할 수 있었음 2,3층 친구들은 사감실에, 4층 친구들은 영재심화반 감독 선생님께 이야기 하면 됨 다만, 시간은 한 시간이고, 너무 졸리거나 몸 상태가 안 좋을 때만 가능한 걸로 앎 3) 에어컨은 22도까지 내려가고, 18도까지 내려가는 곳도 있는 걸로 앎 4) 바닥 난방을 쓸 수 있는데, 추우면 쓰되, 룸메와 잘 상의할 것 온도 조절하기 겁나 힘듬, 온도가 금방금방 변하는 게 아니라 천천히 바뀌 어서 그럼 5) 음식 관련 팁 ① 카페인 음료와 콜라는 금지임, 다만 사이다는 가능 ② 냉장고에 들어간 것들은 자주 사라지니 쟁여 놓는 것보다는 그때그때 사오셈 ③ 이제 아래쪽에 적는 거는 걸리면 벌점 임, 잔소리도 많이 들을 거임 특히, 씨끄럽게 떠들면서 처먹거나 하는 피해를 주는 행동은 제발 하지 마라 어차피 니네들 먹는 거 못 막으니까 쓰는 거임 ④ 냄새나는 음식은 비추임 , 과자가 최고임 ⑤ 라면을 먹는 방법은 세 가지가 있음 ⑴ 부숴먹기 : 가장 안전하고 편함, 가장 맛 없음 ⑵ 컵라면 : 안전함, 맛도 있음, 쓰레기 처리가 가장 힘듦 ⑶ 뽀글이 : 낭만 있는 ㅆ상남자 방식, 실패하면 맛 없음, 쏟으면 ㅈ됨 ⑵, ⑶은 뜨거운 물이 필요한데, 알아서 ^^ ⑥ 숨기는 방법 ⑴ 사물함 ⑵ 책가방 ⑶ 수납장 ⑷ 캐리어 ⑸ 침대 밑이나 뒤 ⑦ 반입 방법 ⑴ 책가방 ⑵ 캐리어 ⑶ 석식 이후 몰래 ⑷ 외출 갔다 돌아오며 몰래 ⑸ 학교 건물에 물건 가지러 간다면서 몰래 긴 글 읽어줘서 고맙고 기숙사는 우선적으로 공부하러 가는 곳 임을 기억해라 놀러가는 ㅅㄲ들도 있지만, 공부하러 가는 친구들도 있으니까 논다고 해도 제발 피해는 주지 마라",경상고공돌이 2023.03.10 16:22:52 스크랩 조회 12612 추천 9 댓글 20,9,12612,2023.03.10 16:22:52,https://gall.dcinside.com/mgallery/board/view/?id=kyungsang&no=3086&page=1
,449,[정보],"2020, 2021, 2022 대입",2020 2021 수시만 +)2021 최종 대입결과 2022 대입 예전부터 연세대는 부진했음,¡¡ 2021.01.19 13:23:15 스크랩 조회 1872 추천 0 댓글 2,0,1872,2021.01.19 13:23:15,https://gall.dcinside.com/mgallery/board/view/?id=kyungsang&no=449&page=1
,2348,[정보],경상고 과목 특징,"6모 앞두고 번아웃 온 현 고3이 작성한 개인적 의견이다. 현 학년 거는 니들이 더 잘 아니까 다음 학년 생각하고 봐라. 참고로 여기 나온 과목들은 다 내가 선택한 과목이고, 안 들은 과목을 모른다. 이렇게 크게 해놓은 것만 읽어도 도움 될 수도? ============================================ 1학년 국어 현 고3은 학교에서 책자(?)같은 거 줘서 그걸로 공부했다. 그게 아직도 있는지는 모르지만, 앵간해서 거기서 다 나온다. 문학이랑 문법이 주 수업이라, 그 책자에 잘 정리되어 있으니 그거 잘 활용하면 좋을거다. 쌤들 그대로니까, 그 책자 없더라도 수업 필기 잘 해놓으면 괜찮을 듯. 공부는 위에처럼 하더라도, 진짜 문제는 시험에서 나온다. 문제 선지에서 외부 문학 작품 (대부분 시)가 나오는 경우가 있는데, ㅈㄴ 어렵거나 ㅈㄴ 쉽게 나온다. 이건 어쩔 수 없음. 미리 유사 작품 찾는 게 답임 참고로 나와 친구들의 생기부 봤을 때, 국어 쌤들이 세특 잘 안 적어주고, 양도 적다. 수학(상) 계산 노가다. 고등학교 수학 중에서 2번째로 어렵다. 수능에도 안 나오는 주제에 어려운 문제는 ㅈㄴ 많다. 그래도 이거 공부 잘 해놓으면 이후 수학은 할만해짐. 딱히 공부 방법은 없고 쎈이나 ㅈㄴ게 풀 수 밖에 없음 수학(하) 고등학교 수학 중에서 가장 어렵다. 집합과 명제, 함수, 경우의 수와 확률... 딱히 쓸모 없어 보이는데, 모의고사 풀다 보면 가끔씩 발목을 잡는 놈들임 수학(상)이랑 다르게 머리를 많이 써야 함. 그래서 내신에는 수학(상)만큼 어렵게 내지 않은 듯 개념서 위주로 공부하고, 쎈 C단계같은 거 안 풀리는데 머리싸매지 말고 쎈 B단계 같은거 풀어라. 통합사회 미안하다. 이게 성적 제일 낮아서 뭐라 못하겠다. 분야가 다양해서 이번 시험치고 다음 시험치면 완전 다른 걸 공부해야해서 힘들었다. 분야별로 공부법도 다양해서 특정짓지는 못하겠지만, 내신에서는 암기가 중요했던 것 같다. 통합과학 1학년 떄는 못 느끼겠지만, 2학년 과학탐구 공부하다보면 쉬웠다는 걸 느끼게 될 거다. 물리 : 운동량 할 때, 방향 만 신경 잘 써도 대부분 맞는다. 뒤에 전력은 문제 많이 푸는 수밖에 없다. 화학 : 산염기 만 잘 하면 됨 생물 : DNA 염기 쌍만 잘 맞추면 됨, 세포막 좀 어려웠음 지학 : 외워외워외워외워외워외워 이과 애들만 하는 게 아니라, 문과 애들도 해야해서 막 어렵진 않다. 다만, 등급 따기가 쉽다는 소리는 아니다. 개념만 제대로 알아두면 내신에서 문제는 없다. 영어 경상고 영어는 영어라고 부르기가 그렇다. 그래도 1학년 때가 나은 편 1학년 때는 영어 교과서 지문 1~2개, 최근 모의고사 1개, 영어단어, 문법 이렇게 나온다. 현 고3은 따로 문법 교재를 썼고, 등급은 문법에서 많이 갈렸다. 단어는 그냥 외우면 됨 교과서는 어려울 수 있더라도 문제는 그렇게 어렵게 안 나온다. 모의고사 씨발련 그냥 다 외우면 거의 다 맞출 수 있다. 모의고사 지문을 거의 외우다시피하면 된다. 인터넷에 변형 문제가 있을텐데, 별로 큰 영향을 주지는 않는다. 중요한 건 지문 통째로 외우는 거다. 한문 외워라 . 시험 문제도 외우면 다 맞출 수 있다. 한자 공부해두면 이후 국어 문학에서 도움 되니까 그냥 외워라 시험 자체는 외우면 쉽다. 어렵다고 하는 건 글자를 모르니까 그러는거다. ============================================ 2학년 문학 여기서도 외부 문학 작품이 문제 선지로 나온다. 서술형에서 많이 까이는데, 나도 대비 방법을 모르겠다. 문학 자습서 가 도움 많이 되니 참고 바란다. 수학 1 지수로그, 삼각함수, 수열과 시그마 다 중요하니까 공부 잘 해둬라. 지수는 기계적으로 풀어낼 수 있도록 쉬운 거 많이 풀고 로그는 정의 위주로 공부해라 삼각함수는 값이랑 성질이랑 그냥 다 외우면된다 . 지수로그, 삼각함수 그래프 는 내신에 내기 아주 좋으니까, 보고 무슨 그래프인지 적을 수 있으면 된다. 사인법칙 코사인법칙은 활용이라 다양한 문제 푸는 게 답인데... 이게 ㅈㄴ 어렵다. 수열과 시그마는 노가다 . 내신에서는 못 봤지만 모의고사에서 제 8항까지 구해야 규칙 나오는 거 봤기 때문에, 일단 되는대로 다 적어봐라. 만약 쌤이 교과서 위주 로 낸다고 하면 ㅈㄴ 쉽게 나오는 거니까 교과서나 보셈 수학 2 극한, 미분, 적분. 끝. 극한이랑 미분은 쉬운 편이다. 미적분처럼 초월함수가 아니라 다항함수라서 계산 연습 만 하면 된다. 적분이 ㄹㅇ 골 때리는데, 다항함수다 보니 앞에 계수가 분수로 나와서 ㅈㄹ같다. 특히 정적분은 더하고 빼기까지 해야해서 짜증난다. 이건 진짜 계산 연습 만 주구장창 하면 된다. 로피탈 몰래 써라. 이차함수 삼차함수 정적분 쉽게 하는 법 있으니 외워라. 니네가 계산기라 생각하고 덧셈 뺄셈 곱셈 나눗셈만 주구장창 계산 실수 안나게 연습해라. 그리고 적분 상수 빼먹지 마라. 필자는 그거 때문에 한 등급 떨어졌다. 영어 본격적인 외우기 시작 1학년 때랑 다르게 문법, 단어가 시험에서 빠진다. 다만, 교과서, 추가지문 1~2개, 모의고사 2회로 시험 범위가 늘어난다. 교과서는 1학년 때보다 지문 난이도가 쉽다. 대충 몇 번 보면 됨. 추가지문은 문법이 ㅈㄹ같은 게 있으므로 그거만 주의하고 몇 번 보면 됨. 모의고사 2회 씨발련 이것도 지문 통째로 외우면 된다. 다만 외울 게 두 배가 될 뿐. 도표, 안내문 등등 쉽다고 느껴지는 게 서술형 나오면 조진다. 한국사 범위가 ㅈㄴ 많다. 시험 직전에야 정리하지 말고 그날 정리해라. 외워야 할 거 ㅈㄴ게 많아서 시간도 ㅈㄴ 걸리니까 미루지 마라. 참고로 교과서 날개 부분, 교과서 추가 자료 부분 이 서술형에서 자주 나오니까 참고하길. 여행지리 한국사랑 같다. 다만, 진로 선택 과목이니까 부담은 적다. 중간고사에서 고득점하면 기말고사 대충해도 된다. 일본어 반마다 원어민들 하나씩 있을텐데 그것들 절대 못 이긴다 . 이 씹덕들은 일본어 듣기에 최적화된 놈들로, 수업 시간에 히라가나 배우면 이 ㅅㄲ들은 일본어 쓰기랑 읽기까지 금방 마스터한다. 시험에서 한자는 동사 이외에는 절대 안 나오니까, 히라가나 ㅈㄴ 외워라. 문화 는 외우는 데 그렇게 안 걸리니까 히라가나 안 외운 놈들이면 이거 외우는 게 점수따기 좋다. 솔직히 말하자면 일본어 교과서는 일본 유치원 교과서와 난이도가 비슷하다. 필자는 10분 공부하고 100점 맞았다. 필자같이 원래부터 일본어 공부한 사람에게는 너무 쉽다. 과학탐구 과중반 기준 물지 / 화생 조합이 가장 나을 듯 수능칠 때 물지 친다면 물지를 2학기에 화생 친다면 화생을 2학기에 화지 친다면 화생을 2학기에 두는 것이 나을 거다. 생지는 유사이과임. 물화 치는 게이는 없겠지만, 만약 친다면 더 높은 등급 나올 과목을 2학기에 쳐라. 물리학 1 말로 설명하기는 어려운데, 어느정도 경지에 이르면 더 이상 공부를 안해도 점수가 나온다. 등가속도 운동, 운동량과 충격량, 힘 이거 세 개가 제일 어렵다. 에너지는 풀다보면 계속 똑같은 걸 물어본다. 즉, 정형화가 되어 있어 많이 풀면 쉬워진다. 현 1학년 물리 교사가 낸 문제는 대부분 수능특강 2점짜리에서 나왔다. 3점은 낼만한 거 공지했다. 가장 공부 방법을 설명하기 힘들다. 경지 에 도달할 때까지 풀어라. 화학 1 그냥 다 어렵다. 솔직히 말하자면 물리학보다 문제가 어렵다. 화학도 물리학과 계열이 비슷하기 때문에 공부 방법 설명이 어렵다. 그래도 할 말은, 몰 만 이해 잘 해둬라. 어렵다고 넘어가면 뒤에거 건들지도 못한다. 죽을듯이 몰 공부해라. 몰 농도 도 마찬가지. 산염기 할 때 중요하다. 오비탈은 그냥 손으로 화살표 다 그려라. 실제 시험장에서 긴장해도 그리면 아는데 틀리는 거를 방지할 수 있다. 생명과학 1 공부하면서 가장 짜증났던 과목 의치한약수 갈 놈들에게 1등급 2등급 그냥 주자. 현 2학년 생명과학 교사가 내는 문제는 객관형/서술형 상관없이 어렵다, 1페이지에 있는 문제라도 쉬운 문제가 아니다. 팁은, 기출문제 에 서 많이 가져오니 자이스토리나 마더텅 사서 여러번 풀자. 지구과학 1 니가 1등급을 원하는데, 시험에서 하나 틀리면 조진다 고 생각해라. 과학탐구 4개 중에 가장 쉬운 편, 그러나 등급 따기 쉽다는 게 아니다. 공부는 기출문제 자주 풀면 된다. 딱히 할 말은 없으나, 틀리면 등급 내려간다 생각해라. ============================================ 3학년 아직 진행 중이라 시험에 대해서는 많이 못 적는다. 그러나, 3학년은 수업은 거의 없고, 자습만 진행하는 과목이 많다. 과학탐구는 2과목을 3개 권장한다고 하는데, 그냥 2과목 2개 만 해라. 속 편하다. 독서 중간고사는 수능특강과 3월 모의고사 비문학이 들어갔다. 이 말은, 외부 지문이 시험에 안 나온다는 이야기다. 그냥 외워라 . 외우면 게임 끝난다. 언어와 매체 겨울방학 방과후 에서 언어와 매체 쌤이 하는 방과후 들어라. 어차피 언어와 매체는 그 쌤 혼자 하는 거여서, 출제 스타일을 알 수 있다. 그 쌤 혼자 언어와 매체 하기 때문에 출제 스타일을 알 수가 있다. 그 쌤 왈, 여러 번 보면 언매는 쉬워진다. 진짜다. 필자는 모르는 상태에서 기출 풀었다가 망했는데, 방과후 때 개념잡고, 정규 수업 때 다시 들으니 웬만한 건 다 맞췄다. 미적분 수학 2의 연장선 수열의 극한은 수학 2와 같고, 급수 도형 문제가 ㅈㄹ같다. 본격적으로 초월함수를 다루는데, 초월함수는 그냥 외워라. 초월함수 극한에서 로피탈 쓰지 마라 . 초월함수는 미분하면 더 복잡해진다. 대신 테일러 급수를 통한 근사 를 사용하자. sinx는 x로, e^x는 x+1로 같은 것들 나무위키 테일러 급수 찾아보면 나온다. 적분은 미분 잘하는 놈이 잘한다. 혹시라도 필자처럼 공대갈 놈들은 미분방정식 풀이 도 있으니 참고해라. 편하다. 영어 수능특강 모의고사 씨발련 이제는 이것들이 쌍으로 온다. 모의고사가 2학년 때와 다르게 1개로 줄었는데, 수능특강이 들어가면서 지문 수는 훨씬 늘었다. 이번 중간고사 계산해본 결과, 100여개 이상의 지문 이 출제 범위였다. 공부 방법은 같다. 그냥 지문 처음부터 끝까지 다 외워라 . 한국사 2학년 때와 다르게 범위가 작다. 덕분에 내용은 더 자세하다. 범위가 작고 수능특강만 활용하므로 미리 정리할 필요없다. 다만, 범위가 일제강점기 민족말살통치부터이므로 이름이 다 똑같아 보인다. 단체 이름 만 미리 외워두자. 고급수학 1 애들 다 수업 못 따라간다. 근데 수시로 가는 놈들에게는 나쁜 과목 선택이 아니다. 벡터, 행렬이 고급수학 1의 핵심이다. 순수과학, 공학계열로 갈 거면 이수하는 것이 아주 좋다. 물리학 2 현 물리학 2 선생님은 물리학 2 진도를 중간고사 이전에 다 끝냈다. 작년 성취도별 학생 비율을 보니 C가 50%가 넘는다. 확실히 물리학 칠 놈한테도 어려운 과목은 맞다. 근데 시험에서 계산문제가 없으므로 쫄지말고, 잘 준비하는 놈은 A 노릴 만 하다. 화학 2 중간고사 안 쳐서 모른다. 일주일 당 3시간 수업하는데, 화학 2는 1~2시간만 사용한다. 나머지는 화학 1 수능대비. 화학 안 치는 놈들은 자습이다. 물리학실험 자습자습자습자습자습자습자습자습 실험 2번 하고 끝난다. 어차피 2번만 하는데 보고서 한 장이니까 잘 적자. 고급물리학 현 1학년 물리 교사가 한다. 고급물리학 수업 들을 놈 만 듣고 아닌 놈들은 자습 할 수 있도록 했다. 시험 문제 낼 거는 미리 공지할 거다. 참고로 고급 과학 과목은 대학교 일반 과학과 같다. 고급물리학 책 내용은 대학교 일반물리학 교재의 쉬운 버전 ============================================ 긴 글 읽어줘서 고맙다. 쓰는데 2시간 걸렸다. 혹시라도 전자과 지망생 중에 실험 도구 사용법 궁금하면 필자에게 물어봐라. 번아웃에 이런 거 올리는 게 맞나? 모바일에서 잘 안보여서 글자 크기 키움",경상고공돌이 2022.06.05 01:32:31 스크랩 조회 5847 추천 27 댓글 12,27,5847,2022.06.05 01:32:31,https://gall.dcinside.com/mgallery/board/view/?id=kyungsang&no=2348&page=1
,5166,[일반],경명여고 ㅈ같으면 개추ㅋㅋ,ㅋㅋ,경붕이 (221.168) 2026.05.27 12:03:19 스크랩 조회 164 추천 3 댓글 0,3,164,2026.05.27 12:03:19,https://gall.dcinside.com/mgallery/board/view/?id=kyungsang&no=5166&page=1
,5165,[일반],경상 게이들은 칠성고 어떻게 생각하냐,ㅇㅇ,경붕이 (221.168) 2026.05.27 12:01:51 스크랩 조회 144 추천 0 댓글 0,0,144,2026.05.27 12:01:51,https://gall.dcinside.com/mgallery/board/view/?id=kyungsang&no=5165&page=1
,5163,[일반],학교가는거 좋아하면,정신병자임? 근데 마라톤은 싫음 - dc official App,경붕이 (49.174) 2026.05.25 22:16:54 스크랩 조회 264 추천 9 댓글 1,9,264,2026.05.25 22:16:54,https://gall.dcinside.com/mgallery/board/view/?id=kyungsang&no=5163&page=1
,5162,[일반],지금 1학년인데,그 사건이 뭐임?? 영진의 교장이 사라진것만큼 큰 일이었음?,경붕이 (121.181) 2026.05.25 03:12:08 스크랩 조회 401 추천 6 댓글 5,6,401,2026.05.25 03:12:08,https://gall.dcinside.com/mgallery/board/view/?id=kyungsang&no=5162&page=1
,5158,[일반],릴스 뭐냐 ㅋㅋㅋㅋㅋㅋ 알고리즘 탓노 ㅋㅋㅋㅋ,노발대발 하긋노,ㅇㅇ (182.228) 2026.05.23 01:50:27 스크랩 조회 367 추천 6 댓글 0,6,367,2026.05.23 01:50:27,https://gall.dcinside.com/mgallery/board/view/?id=kyungsang&no=5158&page=1
,5161,[일반],경상,레전드 히어로 삼국전 아는사람,경붕이 (58.29) 2026.05.24 00:08:14 스크랩 조회 253 추천 3 댓글 0,3,253,2026.05.24 00:08:14,https://gall.dcinside.com/mgallery/board/view/?id=kyungsang&no=5161&page=1
,5156,[일반],마라톤,1등 하려면 어느 정도로 뛰었어야 된거냐,경붕이 (118.41) 2026.05.22 22:46:01 스크랩 조회 278 추천 2 댓글 1,2,278,2026.05.22 22:46:01,https://gall.dcinside.com/mgallery/board/view/?id=kyungsang&no=5156&page=1
,5151,,,,익명,,,,https://gall.dcinside.com/mgallery/board/view/?id=kyungsang&no=5151&page=1
,5157,[일반],2학기에 여고로 간다던데 사실이냐?,드디어 해방이냐?,ㅇㅇ (38.96) 2026.05.23 00:02:56 스크랩 조회 416 추천 4 댓글 3,4,416,2026.05.23 00:02:56,https://gall.dcinside.com/mgallery/board/view/?id=kyungsang&no=5157&page=1
,5155,[일반],경상고 학생들은 대부분 어느중학교 나왔나요?,.,경붕이 (222.235) 2026.05.22 20:13:49 스크랩 조회 255 추천 0 댓글 0,0,255,2026.05.22 20:13:49,https://gall.dcinside.com/mgallery/board/view/?id=kyungsang&no=5155&page=1
,5143,,,,익명,,,,https://gall.dcinside.com/mgallery/board/view/?id=kyungsang&no=5143&page=1
,5142,,,,익명,,,,https://gall.dcinside.com/mgallery/board/view/?id=kyungsang&no=5142&page=1
,5141,,,,익명,,,,https://gall.dcinside.com/mgallery/board/view/?id=kyungsang&no=5141&page=1
,5140,,,,익명,,,,https://gall.dcinside.com/mgallery/board/view/?id=kyungsang&no=5140&page=1
,5139,,,,익명,,,,https://gall.dcinside.com/mgallery/board/view/?id=kyungsang&no=5139&page=1
,5138,,,,익명,,,,https://gall.dcinside.com/mgallery/board/view/?id=kyungsang&no=5138&page=1
,5154,[일반],도대체 시계는 언제 설치하냐,릴스 보고 왔는데 운동장이 아직도 허전하네 운동장에 시계 설치는 언제 하는거임? 이 학교는 시계 하나 살 돈이 그렇게 아깝냐,경붕이 (58.229) 2026.05.22 19:26:15 스크랩 조회 345 추천 13 댓글 2,13,345,2026.05.22 19:26:15,https://gall.dcinside.com/mgallery/board/view/?id=kyungsang&no=5154&page=1
,5137,,,,익명,,,,https://gall.dcinside.com/mgallery/board/view/?id=kyungsang&no=5137&page=1
,5136,,,,익명,,,,https://gall.dcinside.com/mgallery/board/view/?id=kyungsang&no=5136&page=1
,5153,[일반],옥 릴스보고 왔는데,뭐가 ㅈ됐다는거임? 참고로 아이디는 okly_fans임,경붕이 (110.10) 2026.05.22 19:19:45 스크랩 조회 375 추천 6 댓글 1,6,375,2026.05.22 19:19:45,https://gall.dcinside.com/mgallery/board/view/?id=kyungsang&no=5153&page=1
,5131,,,,익명,,,,https://gall.dcinside.com/mgallery/board/view/?id=kyungsang&no=5131&page=1
,5135,,,,익명,,,,https://gall.dcinside.com/mgallery/board/view/?id=kyungsang&no=5135&page=1
,5133,,,,익명,,,,https://gall.dcinside.com/mgallery/board/view/?id=kyungsang&no=5133&page=1
,5130,,,,익명,,,,https://gall.dcinside.com/mgallery/board/view/?id=kyungsang&no=5130&page=1
,5128,,,,익명,,,,https://gall.dcinside.com/mgallery/board/view/?id=kyungsang&no=5128&page=1
,5129,,,,익명,,,,https://gall.dcinside.com/mgallery/board/view/?id=kyungsang&no=5129&page=1
,5152,[일반],하..,너무예쁘시다 - dc official App,경붕이 (211.194) 2026.05.22 17:01:11 스크랩 조회 351 추천 1 댓글 2,1,351,2026.05.22 17:01:11,https://gall.dcinside.com/mgallery/board/view/?id=kyungsang&no=5152&page=1
,5127,,,,익명,,,,https://gall.dcinside.com/mgallery/board/view/?id=kyungsang&no=5127&page=1
,5125,,,,익명,,,,https://gall.dcinside.com/mgallery/board/view/?id=kyungsang&no=5125&page=1
,5126,,,,익명,,,,https://gall.dcinside.com/mgallery/board/view/?id=kyungsang&no=5126&page=1
,5122,,,,익명,,,,https://gall.dcinside.com/mgallery/board/view/?id=kyungsang&no=5122&page=1
,5124,,,,익명,,,,https://gall.dcinside.com/mgallery/board/view/?id=kyungsang&no=5124&page=1
,5117,,,,익명,,,,https://gall.dcinside.com/mgallery/board/view/?id=kyungsang&no=5117&page=1
,5118,,,,익명,,,,https://gall.dcinside.com/mgallery/board/view/?id=kyungsang&no=5118&page=1
,5120,,,,익명,,,,https://gall.dcinside.com/mgallery/board/view/?id=kyungsang&no=5120&page=1
,5121,,,,익명,,,,https://gall.dcinside.com/mgallery/board/view/?id=kyungsang&no=5121&page=1
,5116,,,,익명,,,,https://gall.dcinside.com/mgallery/board/view/?id=kyungsang&no=5116&page=1
,5115,,,,익명,,,,https://gall.dcinside.com/mgallery/board/view/?id=kyungsang&no=5115&page=1
,5145,[일반],09 선배님들은 읽어주세요,흐음......니얼굴 에헤헤헤헤 ㅋㅋ 어깨힘쫌빼고다니세연,경붕이 (211.235) 2026.05.22 08:34:40 스크랩 조회 424 추천 9 댓글 2,9,424,2026.05.22 08:34:40,https://gall.dcinside.com/mgallery/board/view/?id=kyungsang&no=5145&page=1
,5149,[일반],마라톤이,체육대회보다 나은 거 같은데 나만 그런거임?,경붕이 (58.224) 2026.05.22 12:47:16 스크랩 조회 303 추천 14 댓글 0,14,303,2026.05.22 12:47:16,https://gall.dcinside.com/mgallery/board/view/?id=kyungsang&no=5149&page=1
,5144,[일반],아아,섹스하고싶다,경붕이 (118.235) 2026.05.22 08:20:52 스크랩 조회 302 추천 11 댓글 0,11,302,2026.05.22 08:20:52,https://gall.dcinside.com/mgallery/board/view/?id=kyungsang&no=5144&page=1
,5150,[일반],07인데 놀러왔다,갤 활성화 잘되서 좋노ㅋㅋㅋ,경붕이 (58.78) 2026.05.22 12:48:09 스크랩 조회 245 추천 1 댓글 0,1,245,2026.05.22 12:48:09,https://gall.dcinside.com/mgallery/board/view/?id=kyungsang&no=5150&page=1
1,5170,[일반],졸업생인데,알고리즘 보고 오랜만에 생각나서 옴 잘지내면 됐다..,돌문 2026.05.30 17:48:19 스크랩 조회 28 추천 1 댓글 0,1,28,2026.05.30 17:48:19,https://gall.dcinside.com/mgallery/board/view/?id=kyungsang&no=5170&page=1
2,5115,[일반],찡찡대는 애들이 많네,체육대회 노잼인거는 경상고 유구한 전통이었는데 장소 하나 바꼈다고 난리치네 하... 어차피 반에서 7~8명 밖에 못 뛰는 체육대회 그냥 시원하게 강당에 앉아 있는 게 낫지 그리고 외부 체육관 빌리는 거 이거는 ㄹㅇ 개쌉소리임 재미도 없는 체육대회 차라리 걍 일찍 마치는 게 낫지 반티 샀다고 찡찡대는데 누가 니네들한테 반티 맞추라고 협박했냐? 체육대회 하루만 딱 입을려고 반티 산거냐? 지들이 좋아서 반티 샀으면서 ㅋㅋ 그냥 내년부터 체육대회 아예 하지 말자 학교에서 취소안하고 해준 것 만으로도 감사합니다 해야지 말이 많아 그리고 교장선생님이랑 이사장님이 니네들이랑 나이 차이가 얼만데 못 배운 티 내지 말고 존댓말 해라 최대 피해자는 체육대회 끼지도 못하는 니네들이 아니라 준비한거 다 엎어진 학생회랑 선생님들이다 니네들 조금이라도 더 즐길 수 있게 학생회랑 선생님들이 열심히 고생하고 준비했으니까 걍 닥치고 있어라,경붕이 (39.116) 2026.05.20 18:42:42 스크랩 조회 458 추천 10 댓글 7,10,458,2026.05.20 18:42:42,https://gall.dcinside.com/mgallery/board/view/?id=kyungsang&no=5115&page=2
2,5113,[일반],권은 들어라,드라마 촬영비까지 받았으면 빨리 실내 체육관 찾아라 공부하고 있는데 밖에서 비명소리 들리는것도 참고 공부하고 있는데 복도에서 스탭들 떠들고 공부하고 있는데 운동장에서 담타 갈기다가 축구때리는 출연자들도 참았다 드라마부터 운동회까지 학생들 동의도 안받고 자기 마음대로 할꺼면 속리산 가서 사찰이나 지어라ㅇㅇ,경붕이 (104.28) 2026.05.20 17:19:39 스크랩 조회 405 추천 11 댓글 3,11,405,2026.05.20 17:19:39,https://gall.dcinside.com/mgallery/board/view/?id=kyungsang&no=5113&page=2
2,5112,[일반],아니ㅆㅂ체육대회한다고 반티까지 쳐샀는데 축구 대회도 안하고 ㄱㄷㅈ운동장와,아니ㅆㅂ체육대회한다고 반티까지 쳐샀는데 축구 대회도 안하고 ㄱㄷㅈ운동장와라 일대일함뜨자,경붕이 (39.116) 2026.05.20 17:17:38 스크랩 조회 392 추천 5 댓글 2,5,392,2026.05.20 17:17:38,https://gall.dcinside.com/mgallery/board/view/?id=kyungsang&no=5112&page=2
2,5110,[일반],고3 경붕이 필독!!!,이번 지방선거에서 민주당을 뽑는 정신나간 사람은 없으리라 믿는다.,경붕이 (211.235) 2026.05.20 17:03:29 스크랩 조회 340 추천 14 댓글 0,14,340,2026.05.20 17:03:29,https://gall.dcinside.com/mgallery/board/view/?id=kyungsang&no=5110&page=2
2,5108,[일반],권씨가문은 들어라,진짜 참을라 했는데 ㅈ같아서 글쓴다. 다른 학교 보면 비온다고 다른 곳 통대관하거나 아니면 일정 바꾸는데 뭐 강당? 초등학교도 이렇게는 안하겠다. 누가 정한거냐 이럴꺼면 축구대회 결승 체육대회때 한다고 쌓아온 빌드업들은 어떻게 되는거냐. 그리고 뭐 마라톤 안하면 죽는 병이라도 있나 이럴 때는 마라톤을 해야지 굳이 개교기념일인데도 참으면서 학교 나와서 뛰는 것도 ㅈ같은데 이럴거면 ㄱㅎㅌ도 나와서 뛰라해라. 우리가 노쇼를 하든 반항을 하든 해야지 바뀔꺼냐. 우리가 능력이 없어서 안하는게 아니다. 이 글 보면 어떻게든 운동장으로 가든 다른 대책 마련해라.,경붕이 (45.67) 2026.05.20 16:44:34 스크랩 조회 372 추천 12 댓글 3,12,372,2026.05.20 16:44:34,https://gall.dcinside.com/mgallery/board/view/?id=kyungsang&no=5108&page=2
2,5107,[일반],ㅋㅋㅎㅋㅎㅋㅎㅋㅋ,솔직히 다들 할말 많잖아 ㅋㅋ,경붕이 (118.235) 2026.05.20 16:33:57 스크랩 조회 212 추천 5 댓글 0,5,212,2026.05.20 16:33:57,https://gall.dcinside.com/mgallery/board/view/?id=kyungsang&no=5107&page=2
2,5106,[일반],경상에 흡연자 많음?,.,경붕이 (118.235) 2026.05.13 20:39:40 스크랩 조회 323 추천 0 댓글 0,0,323,2026.05.13 20:39:40,https://gall.dcinside.com/mgallery/board/view/?id=kyungsang&no=5106&page=2
2,5105,[일반],망갤테스트,댓글에 샘들 실명있는데 관리안하노,경붕이 (118.235) 2026.05.12 22:21:51 스크랩 조회 322 추천 7 댓글 1,7,322,2026.05.12 22:21:51,https://gall.dcinside.com/mgallery/board/view/?id=kyungsang&no=5105&page=2
2,5104,[일반],북딱북딱 이기들아 반갑다 10대장이다,북딱북딱 이기들아,경붕이 (223.39) 2026.05.11 21:02:45 스크랩 조회 348 추천 1 댓글 1,1,348,2026.05.11 21:02:45,https://gall.dcinside.com/mgallery/board/view/?id=kyungsang&no=5104&page=2
2,5103,[일반],갤망함?,흠,경붕이 (117.111) 2026.05.09 22:50:24 스크랩 조회 252 추천 0 댓글 0,0,252,2026.05.09 22:50:24,https://gall.dcinside.com/mgallery/board/view/?id=kyungsang&no=5103&page=2
2,5102,[일반],1학년인데,중간망하면 답없음? - dc official App,ㅇㅇ 2026.05.02 01:11:59 스크랩 조회 618 추천 0 댓글 7,0,618,2026.05.02 01:11:59,https://gall.dcinside.com/mgallery/board/view/?id=kyungsang&no=5102&page=2
2,5099,[일반],마라톤 아직 남아있냐,뺑이쳐라ㅋㅋ,경붕이 (112.165) 2026.04.21 19:58:51 스크랩 조회 553 추천 0 댓글 4,0,553,2026.04.21 19:58:51,https://gall.dcinside.com/mgallery/board/view/?id=kyungsang&no=5099&page=2
2,5098,[일반],1학년 축구 결승 요약,,경붕이 (104.28) 2026.04.14 21:33:38 스크랩 조회 1009 추천 25 댓글 6,25,1009,2026.04.14 21:33:38,https://gall.dcinside.com/mgallery/board/view/?id=kyungsang&no=5098&page=2
2,5097,[일반],경상고 수학 학습지 어렵다고 해서 쫄았는데,내가 봤던 기출이랑 난이도 차이 너무 나는데,경붕이 (104.28) 2026.04.10 20:41:24 스크랩 조회 625 추천 0 댓글 1,0,625,2026.04.10 20:41:24,https://gall.dcinside.com/mgallery/board/view/?id=kyungsang&no=5097&page=2
2,5095,[일반],여러분,지정은어때요 - dc official App,경붕이 (39.116) 2026.04.10 01:44:24 스크랩 조회 516 추천 1 댓글 1,1,516,2026.04.10 01:44:24,https://gall.dcinside.com/mgallery/board/view/?id=kyungsang&no=5095&page=2
2,5094,[일반],1학년들 자꾸 먼저와서 새치기 하는거,우리도 저랬어서 할말 없으면 개추 ㅋㅋ,경붕이 (104.28) 2026.04.09 23:50:55 스크랩 조회 586 추천 0 댓글 3,0,586,2026.04.09 23:50:55,https://gall.dcinside.com/mgallery/board/view/?id=kyungsang&no=5094&page=2
2,5093,[일반],물리 내신 어케 출제됩니까,모고처럼냅니까 아님 ㅈㄴ 내신틱라개 냅니까,경붕이 (220.81) 2026.04.05 19:52:13 스크랩 조회 595 추천 0 댓글 4,0,595,2026.04.05 19:52:13,https://gall.dcinside.com/mgallery/board/view/?id=kyungsang&no=5093&page=2
2,5092,[일반],경상고가 사람이라면,,경붕이 (39.116) 2026.04.04 19:39:55 스크랩 조회 841 추천 14 댓글 2,14,841,2026.04.04 19:39:55,https://gall.dcinside.com/mgallery/board/view/?id=kyungsang&no=5092&page=2
2,5091,[일반],꿀팁 없는 공유회,1. 미술 선생이 주제탐구랑 프로젝트 봉사 뭘 안다고 혼자 길게 시간 다 잡아먹고 떠듦? 일단 과목에서 신뢰가 안감 2. 진학부장이란 선생은 지혼자 급발진해서 반말하며 짜증냄 3. 주제탐구는 4명인데 프로젝트 봉사는 왜 1명만 발표? 본인은 프로젝트 봉사 궁금해서 신청했음 4. 노트북이랑 빔프로젝터 연결도 똑바로 안됨 미술선생 뛰어다니는거 ㅈㄴ거슬림 결국 종례 늦음 ㅈㄱㄴ 할거면 똑바로 해라,경붕이 (59.25) 2026.04.02 22:26:17 스크랩 조회 825 추천 1 댓글 11,1,825,2026.04.02 22:26:17,https://gall.dcinside.com/mgallery/board/view/?id=kyungsang&no=5091&page=2
2,5090,[일반],선생님들,안녕하세요 ㅎㅎ,경붕이 (39.116) 2026.03.30 11:55:41 스크랩 조회 653 추천 5 댓글 0,5,653,2026.03.30 11:55:41,https://gall.dcinside.com/mgallery/board/view/?id=kyungsang&no=5090&page=2
2,5089,[일반],09년생중에 학부한테 욕박고 퇴학당한사람있다는게 사실인가요,,경붕이 (211.235) 2026.03.29 17:59:59 스크랩 조회 834 추천 1 댓글 3,1,834,2026.03.29 17:59:59,https://gall.dcinside.com/mgallery/board/view/?id=kyungsang&no=5089&page=2
2,5087,[일반],07인데,영대도 못가면 걍 뛰셈 ㅋㅋㅋ 고등학교 왜다니냐?,경붕이 (222.104) 2026.03.28 00:14:14 스크랩 조회 632 추천 3 댓글 2,3,632,2026.03.28 00:14:14,https://gall.dcinside.com/mgallery/board/view/?id=kyungsang&no=5087&page=2
2,5086,[일반],20년 1월 졸업생인데,아직도 꽃동네가냐? 고2때갔는데 봉사하는 곳 - dc official App,ㅇㅇ (211.211) 2026.03.27 22:56:58 스크랩 조회 486 추천 0 댓글 2,0,486,2026.03.27 22:56:58,https://gall.dcinside.com/mgallery/board/view/?id=kyungsang&no=5086&page=2
2,5085,[일반],경상고에서 드라마촬영한다매,졸업생인데 좀 부럽네 - dc official App,경붕이 (118.219) 2026.03.27 16:54:42 스크랩 조회 646 추천 0 댓글 1,0,646,2026.03.27 16:54:42,https://gall.dcinside.com/mgallery/board/view/?id=kyungsang&no=5085&page=2
2,5084,[일반],07 졸업생,학교는 그대로구만 ㅋㅋㅋ 그립다 - dc official App,경붕이 (118.219) 2026.03.26 21:31:46 스크랩 조회 455 추천 0 댓글 1,0,455,2026.03.26 21:31:46,https://gall.dcinside.com/mgallery/board/view/?id=kyungsang&no=5084&page=2
2,5083,[정보],경상고 원래 명함없나요,ㅈㄱㄴ,경붕이 (221.168) 2026.03.26 20:58:54 스크랩 조회 452 추천 0 댓글 3,0,452,2026.03.26 20:58:54,https://gall.dcinside.com/mgallery/board/view/?id=kyungsang&no=5083&page=2
2,5082,[일반],투표함이 투명이 아니네요~?^^,영상으로 투표하는 방법을 봤는데 영상에서 투표함이 투명이 아니었습니다~!^^,경붕이 (39.116) 2026.03.26 16:48:21 스크랩 조회 601 추천 7 댓글 2,7,601,2026.03.26 16:48:21,https://gall.dcinside.com/mgallery/board/view/?id=kyungsang&no=5082&page=2
2,5081,[일반],청소 할아버지 왜 사라짐?,수레 끌고 다니면서 시험칠때마다 정말짜~!하는 할아버지 어디로감?,경붕이 (39.116) 2026.03.25 17:11:34 스크랩 조회 522 추천 0 댓글 2,0,522,2026.03.25 17:11:34,https://gall.dcinside.com/mgallery/board/view/?id=kyungsang&no=5081&page=2
2,5080,[일반],여러분들은 경상고 치타에 대해서 아시나요? 2탄,경상고 치타는 04년생으로 21년도에 경상고 마이너 갤러리 주딱을 하기도 하였습니다. 자신의 내신 성적은 마치 치타처럼 다른 사람보다 공부를 늦게 시작하여 항상 내신은 ㅈ박았고 정시파이터로 폼 체인지를 시도하였지만 결국에는 운 ㅈㄴ 좋게 학종 심지어 최저도 없는 전형으로 경대 지구환경시스템인가 뭐시기에 갔습니다. 저거 점마 면접 안 갈려는거 저희가 억지로 보내서 붙었습니다. 1학년 1학기 안타깝게 0.01 차이로 학고를 받긴 했지만 그래도 상당 부분 회복하였습니다. 그는 경상고 과중반 황금세대와 기숙사 황금세대를 이끌었으며 여러 사건사고에도 함께 하는 등 04년생 순수재미 4황 중 한 명이었습니다. 현재에는 굳건이에게 잡혀 군악대에서 출몰한다고 합니다. 곧 치타는 탈출합니다. 전역이 얼마 안 남았기 때문이죠. 우리 모두 그를 맞이해줄 준비를 합시다. 저번 글을 쓰고 군대 갔는데 예상 외로 인기가 많아서 조금 더 수정해서 올려봅니다. 다음에는 4황 중 다른 인물 한 분을 소개시켜드리겠습니다. - dc official App,경붕이 (165.229) 2026.03.25 10:01:18 스크랩 조회 670 추천 15 댓글 1,15,670,2026.03.25 10:01:18,https://gall.dcinside.com/mgallery/board/view/?id=kyungsang&no=5080&page=2
2,5079,[일반],시험칠 때 소리내는 ㅅ끼들,"진짜 민폐인걸 모르는거냐? 기침, 가래는 괜찮은데 코푸는건 뭐하자는거임?????????? 시험치는애들한테 미안하지도 않냐",경붕이 (211.235) 2026.03.24 18:47:21 스크랩 조회 603 추천 7 댓글 1,7,603,2026.03.24 18:47:21,https://gall.dcinside.com/mgallery/board/view/?id=kyungsang&no=5079&page=2
2,5078,[일반],예비종,지예아~~~ 이제는 3학년 개무시해서 탐구2 예비종도 안쳐주네 ㅋㅋ,경붕이 (110.70) 2026.03.24 17:02:03 스크랩 조회 481 추천 13 댓글 0,13,481,2026.03.24 17:02:03,https://gall.dcinside.com/mgallery/board/view/?id=kyungsang&no=5078&page=2
2,5077,[일반],근데,우리 학교가 이 정도는 아니지않음? 진짜 버러지 쌤들 몇명만 피하면 그냥저냥 학교 다닐만한거같은데 난 다시 돌아가도 경상 안가긴함ㅇㅇ,경붕이 (221.142) 2026.03.24 00:42:35 스크랩 조회 543 추천 1 댓글 2,1,543,2026.03.24 00:42:35,https://gall.dcinside.com/mgallery/board/view/?id=kyungsang&no=5077&page=2
2,5076,[일반],나 07 졸업생인데,3줄요약좀 제발,경붕이 (122.45) 2026.03.23 19:19:43 스크랩 조회 493 추천 0 댓글 1,0,493,2026.03.23 19:19:43,https://gall.dcinside.com/mgallery/board/view/?id=kyungsang&no=5076&page=2
2,5075,[일반],징징거린다는 애들이 왜케 많냐,"왜케 징징거리냐, 봉사시간에 봉사하는데 뭐가 문제냐, 호의가 권리인 줄 아냐 이런 글 볼 때마다 요점을 못 잡는 거 같아서 답답해서 글 쌈 나는 봉사시간에 일 시켰다는 거 자체로 화난 애들은 반론하는 너네랑 마찬가지로 이해 안된다는 입장임. 그럼 어떤 포인트에서 삔또가 나가느냐? 바로 우리가 해야 할 명분이 전~~~~~~~혀 없는 학교의 사업에 우리를 공짜로 갖다 쓰려는 학교의 고약한 심보에 석이 나가는 거임. 반론 제기하는 아이들도 자기 몸값을 우즈베키스탄 불법이민노동자 시급의 1할도 안 쳐주는 것을 달가워 하진 않을거임. 그렇기 때문에 봉사시간에 일 한 걸로 화가 난 아이들은 우리 자습시간 뺏겼다! 화난다! 같은 문도박사적 사고를 버려야하고, 이 문도박사들을 비판하는 아이들은 우리가 한 일의 의의는 어디에 있는지, 우리가 원래 해야 할 일이 맞는지를 고민해보며 스스로의 권리에 대해 돌이켜봤으면 좋겠음. 추가로 왜 글만 쓰냐, 직접 찾아가서 개겨봐라 라고 하는 글이 있길래 추신을 남김. 그럼 어떻게 하는 게 맞다고 봄? 면대면으로 민원 제기해봤자 폐쇄성 GOAT 사립학교라 접수조차 제대로 될 지 모르는데 졸업 전에 남은 학교생활을 리스크로 짊어지고 출력 200% 영역전개라도 싸야함? 봉사시간 쓰는 게 아깝다, 왜 우리만 청소 시키냐 이런 일차원적인 관점에서만 비판하니까 지난 2년간 까라면 까고 죽으라면 죽어온 노예 근성이 발현돼서 학교가 돈 아끼려고 너네를 노예 취급하고 학교 돈 버는데에 사적으로 유용해도 제대로 직시하지 못하는 거임. 급식에 벌레 나온 거 찍어서 올리면 학교 전체에 계엄 선포하고 너냐? 너냐? 캐묻고 다니던 게 5년도 안됐는데 점심 좀 맛있게 먹고 하하호호 나름 살판 났다고 다시 시비선악 분별 못하게 된 게 안타까움. 학교 안에서 벌어지는 일이니까 다 합법적인 선에서 하겠거니~ 하는데, 사립학교는 절대선이 아님. 안 걸리면 그만이고 학생들이 모르면 넘어가는 거임. 내가 철 들었다. 너네가 우매하다 이런 생각에 휩싸여서 본인 권리를 침해당하는 걸 자랑스레 여기지 않았으면 함. 08은 물론이고 09, 10도 불이익 받지 않는 선에서 부당한 건 부당하다고 이야기 할 수 있는 제 몸 건사할 줄 아는 어른으로 자라면 좋겠습니다.",경붕이 (51.158) 2026.03.23 18:26:14 스크랩 조회 650 추천 15 댓글 1,15,650,2026.03.23 18:26:14,https://gall.dcinside.com/mgallery/board/view/?id=kyungsang&no=5075&page=2
2,5074,[일반],설마?,자습실도 드라마 때문에 급하게 치운거면 씹개추,경붕이 (39.116) 2026.03.23 16:50:29 스크랩 조회 343 추천 0 댓글 1,0,343,2026.03.23 16:50:29,https://gall.dcinside.com/mgallery/board/view/?id=kyungsang&no=5074&page=2
2,5073,[일반],주딱 하면 ㅈ같은점,완장은 10일동안 글댓이 0이면 부재중이 뜬다 그래서 활동을 해야됨 근데 학교갤 특성상 떡밥이 없으면 글이 며칠이고 안올라온다 보는사람은 뒤지게많아서 똥글싸는것도 할짓이 못됨 정보 얻으러 온 애들이 개미털기 당하니까 댓글을 쓰자니 완장달고 병신같은 키배를하기도 눈치가보이고 갤 창나면 유동들고 똥꼬쇼를 벌여야되나 가끔씩 걱정됨 암튼 귀찮다는거고 제일 짜증나는건 내 신상이 존나게 털린다는거임 그래서 미국 중국 눈치보는 약소국들마냥 행동이 제한적인데 이건 양해바람 - dc official App,IllIlIllIlIIlIl 2026.03.23 11:37:12 스크랩 조회 562 추천 7 댓글 6,7,562,2026.03.23 11:37:12,https://gall.dcinside.com/mgallery/board/view/?id=kyungsang&no=5073&page=2
2,5072,[정보],화가나면 해야하는일,https://gall.dcinside.com/mini/board/view/?id=bornin04&no=35954,경붕이 (39.116) 2026.03.23 09:48:00 스크랩 조회 317 추천 0 댓글 0,0,317,2026.03.23 09:48:00,https://gall.dcinside.com/mgallery/board/view/?id=kyungsang&no=5072&page=2
2,5071,[일반],인생은 로저스 처럼.,누구와 다르게 몸소 새벽 배송을 실천하신 로저스 형님처럼. 나는 민원을 넣겠노라. - dc official App,JZ 2026.03.23 08:33:01 스크랩 조회 291 추천 3 댓글 0,3,291,2026.03.23 08:33:01,https://gall.dcinside.com/mgallery/board/view/?id=kyungsang&no=5071&page=2
2,5070,[일반],왤케 찡찡대지?,아니 갤 보다가 답답해서 글 처음 써본다 맨날 학교에 불만 있으면 ㄱㄷㅈ에게 알린돠~~ ㅇㅇ은 들어롸~~ㅇㅈㄹ 이러면 ㅅ발 언제 학교가 바꼈냐? 여기가 니네 일기장이냐? 불만이 있으면 직접 말해라 여기다가 장문으로 남길 생각 말고 뭐 편지라도 쓰던지 청소는 나도 해서 화나는 건 아는데 이때까지 공부 쳐 안해놓고 그거 봉사시간에 1시간 뺐겼다고 ㅈㄹ하는 놈들이 꼭 여기다가 글을 써요 ㅇㅈ? 그거 가지고 뭐라 할거면 성적표 인증해라 그리고 급식 이거는 진짜 하... 호의가 계속되면 그게 권린줄 안다 니네들 여기다가 ㅈ랄하다가 한 번에 ㅈ되는 수가 있다. 꼬우면 찾아와라 내가 썼다고 말하고 다닐테니까,경붕이 (223.39) 2026.03.23 08:02:27 스크랩 조회 739 추천 9 댓글 20,9,739,2026.03.23 08:02:27,https://gall.dcinside.com/mgallery/board/view/?id=kyungsang&no=5070&page=2
2,5069,[일반],3학년 대우? 대접? ㅈ까세요,개학 첫 날 ㅇㅇ이 개학식 때 3학년들 공부하라고 바로 보내도 모자랄 판에 꾸역꾸역 애들 앉혀놓고 한 말 다들 기억하십니까? 분명 3학년 대우를 1 2학년 보다 우선시 한다고 했습니다. 근데 지금 3학년들 들어보세요. 지금까지 생활하면서 제대로 뭔 대우 받아본 거 있습니까? 석식 시간 종치기 전에 급식실로 이동하려다 혼난 사람 제법 있을 겁니다. 오자 종료령 울리기 전에 이동했으니 혼나는 게 맞죠. 근데 그걸 그렇게 계단 앞에 서서 학생들 못 지나가게 막을 정도입니까? 이후엔 애들도 다 체념하고 10분 종치고 나서야 부랴부랴 급식실로 달려갑니다. 근데 항상 보면 1 2학년들은 쌤들이 안 잡는지 먼저 와서 줄 서 있습니다. 가끔 종치고 늦게 급식실 도착한 3학년은 2학년 뒤에서 먹습니다. 심지어 한 번은 3학년 대우를 그렇게 중시한다고 말한 ㅇㅇ이 2학년들이 먼저 와서 3학년들 너네가 늦게 와서 2학년 먼저 보냈다고 합니다. 진짜 ㅅ발 무슨 말 장난합니까? 아니 그렇게 3학년들을 종치고 보내고 싶으면 그럼 1 2학년도 늦게 보내야 하는 거 아닙니까? 그리고 금요일 봉사시간에 그냥 자습시키거나 적당히 쓰레기만 줍게 시켜도 모자랄 판에 굳이 3학년들을 불러서 막노동 시켜야 했습니까? 1 2학년 특별구역 청소 시간에 시키면 되는 거 아닙니까? 업체를 부를 생각은 안 했습니까? 도대체 무슨 생각으로 3학년들을 불러서 일을 시키는지 모르겠습니다. 그것도 3학년 1학기 마지막 내신 기간에 그리고 3모가 5일 남은 시점에 말입니다. 그 외에도 점심시간에 슬리퍼 신고 축구했다고 점심 시간 축구장 사용 금지시킨다고 ㅈㄹ 3학년 교실쪽 문 잠그고 ㅈㄹ 자습실은 공사 때문에 사용도 못하면서 ㅈ같은 교실 환경에 야자까지 하라고 ㅈㄹ 물론 몇몇 제재에 관해서 학생들 잘못이 없는 건 아닙니다. 근데 적어도 고3이면 그리고 학생들 다 모아놓고 그렇게 3학년 우선한다고 했으면 이렇게 까지는 안 해도 되는 거 아닙니까? 적당히 눈 감아줄 수 있는 거 아닙니까?  경상고 ㅈ까라,경붕이 (58.239) 2026.03.22 22:13:24 스크랩 조회 728 추천 11 댓글 4,11,728,2026.03.22 22:13:24,https://gall.dcinside.com/mgallery/board/view/?id=kyungsang&no=5069&page=2
2,5068,[일반],"ㄱㄷㅈ, ㅅㅈ은 학생들의 목소리에 귀 기울여라","최근에 쓰인 글을 보고 깊이 공감하여 유사한 내용임에도 불구하고 글을 작성합니다. 재주는 곰이 부리고 돈은 되놈이 번다는 말의 실례를 학교에서 체험했습니다. 드라마 촬영으로 인한 부산물의 청소를 왜 학생에게 시킵니까? 경상고는 대구시교육청으로부터는 노후화 학교 리모델링, 개축 지원금을, SBS로부터는 장소 대여 대금을 받았습니다. SBS로부터 받은 돈은 알 수 없지만, 대구시교육청으로부터 받은 돈은 113억 원에 이르는데 이 많은 돈은 어디에 두고 학생들을 청소 용역으로 부립니까? 지원금 지급 취지 또한 '안전하고 건강한 학습 환경 조성'(6가지 中)인데, 왜 청소업체를 이용하지 않고 학생들에게 무리한 요구를 하는 겁니까? 더불어 SBS와의 계약상에 원상복구 조항이나, 원상복구를 위한 금액을 지급하는 조항이 있었을 것이고, 설령 없었다고 하더라도 수익자 부담의 원칙에 따라 상업적 계약에서 발생하는 부수적 피해의 복구는 수익금을 받는 학교법인에서 당위적으로 해야 할 일이지, 학생들의 노동력을 편취해선 안되는 것입니다. 학생이 사용하는 공간, 사소한 청소 등은 학생들이 직접 하는 데에 큰 불만이 없습니다. 도의적으로도 행하는 것이 맞다고 생각합니다. 그러나 드라마 촬영으로 인해 쌓인 책상, 의자들을 치우는 것은 장소를 대여한 주체인 KBS나 학교에서 돈을 주고 고용한 인력들이 치워야 하는 것이지, 고작 봉사시간 1시간 쥐어주면서 시킬 수 있는 중노동은 아니라는 것 입니다. 만약 이 글을 교사분들께서 읽게 된다면 학생들의 마음을 한 번 더 헤아려주시면 감사하겠습니다. (ㄱㄷㅈ, ㅅㅈ은 반드시 5회독 이상 할 것.) 학생, 교사 가리지 않고 댓글로 자유로운 피드백, 반론 부탁드립니다. https://dgmbc.com/NewsArticle/826833 대구교육청, 791억 투입해 ‘이음뜰학교’ 본격 추진···노후 학교를 미래형 공간으로 탈바꿈 대구시교육청이 40년 이상 된 노후 학교 건물을 사용자 중심의 창의적인 공간으로 탈바꿈하는 ‘이음뜰학교’ 사업에 본격적으로 나섰습니다.대구시교육청은 2월 25일 대상 학교 관계자들이 참여한 가운데 ‘2026년 이... dgmbc.com (첨부 기사, 2문단 주장 뒷받침)",110.12 (123.213) 2026.03.21 22:34:42 스크랩 조회 940 추천 25 댓글 7,25,940,2026.03.21 22:34:42,https://gall.dcinside.com/mgallery/board/view/?id=kyungsang&no=5068&page=2
2,5067,[일반],야야 3학년들 일좀 했다고 찌질하게 디시에 그만찡찡대라,형이 직접 악성 민원 넣어준다. 군자는 몸소 행동하는 법. 경상고 노동착취 없어져야한다. 1주일만 기다려라. - dc official App,경붕이 (211.235) 2026.03.21 20:55:33 스크랩 조회 666 추천 16 댓글 2,16,666,2026.03.21 20:55:33,https://gall.dcinside.com/mgallery/board/view/?id=kyungsang&no=5067&page=2
2,5066,[일반],3학년 존나 쳐 굴리네,"아니 시발 뭔데 이거? 자습실을 우리 보고 청소하라고? 고3인데? 다음 주 3모인데? 아 ㅈㄴ 좆같긴 한데 뭐 어쩌겠노, 가야지. 밀대 가져오래. 밀대 빠는 거 귀찮긴 한데 빨리 끝낼 수 있음. 걸레 가져오래. 다시 반 가서 걸레 가져옴. ㅈㄴ 뺑이 치네. 걸레로 책상 하나하나 다 닦으래. 그 많은 걸 노가다 뛰어서 다 함. 지가 만든 지우개 가루 지가 치우면 죽는 병 걸린 새끼들 ㅈㄴ 많아서 가루도 빗자루로 다 쓸어 담음. 에어컨 필터 갈래. 하다 하다 에어컨 필터를 쳐 갈라고 하네. 업체를 불러라 시발. 필터 뺌. 먼지 ㅈㄴ 많아서 물로 씻는다 함. 안 된대. 마르는 데 오래 걸린대. 지랄하지 마라. 뭐 급하다고 이 지랄을 하는 건데? 아니 2학년 때는 자습실 특별 구역으로 나눠서 아침마다 청소 보냈는데, 이때까지 뭐 하다가 날 잡아서 3학년 보내는거냐? 결국에는 에어컨 필터 1층 가서 털고 오라길래 하나하나 ㅈㄴ 벽에 때리면서 먼지 뗐다. 아마 소리 들렸을걸? 물로 하면 될 것을… 세게 낀 먼지는 안 빠진다 하니까 그냥 넣으란다. 물로 하면 될 것을… ㅅㅂ. 다 끝내고 다시 반 가는 길에 2학년들 복도 지나가는데 ㅈㄴ 시끌벅적하더라. 그냥 어이가 없음. 1, 2학년들 자습하는데, 대체 왜 저 끝에 있는 3학년들 자습실까지 대륙 횡단시켜서 청소를 시키냐. 아주 지랄들을 하셔요. 근데? ㅇㅋㅇㅋ 자습하는 1, 2학년들 재워 놓고 3학년들 청소시킨 거? 좆같긴 한데 다 좋다고 하자. 어차피 봉사시간이었으니까. 물론 봉사시간에 청소해 봐야 밖에 나가서 쓰레기 줍는 정도인데, 이번에 좀 무리한 거? ㅇㅋㅇㅋ 알겠음. 존나 좆같긴 한데 알겠다고. 근데 옥상에 쌓아둔 책상이랑 의자 3학년들이 쳐 옮기는 건 뭐냐, 뭐냐고 시발. 그냥 자습 시간에 쳐 불러다가 노가다 뛰는 거 맞냐고. 아니 뭐 1학년 시키라 하면 1학년들은 우리 학교도 잘 모르고 어리버리해서 빨리 못 끝낸다 시전하는데, 진심 저거 언제까지 써먹음? 아니 근데 저거 믿는 사람 있는 거야? 애들이 살면서 시발 청소도 안 해봤을까? 진심 1반 애들이 제일 불쌍하다. 인간 컨베이어벨트 만들어서 옥상에서부터 1층까지, 그러니까 6층 되는 높이를 지네 반끼리만 옮겼네. 그걸 또 카트에 실어서 거기서부터 500억 km 떨어진 쓰레기장까지 그걸 또 옮겼네. 시발 진짜 끝내고 손에 돈 쥐여줬어야 하는 거 아니냐? 1반 애들은 자습실 청소도 했다. 드라마 찍는다고 돈은 돈대로 받아 처먹고 일들은 학생들이 하네. 돈을 학교에서 받아먹었으면 드라마팀이나 업체를 부르거나 선생님들이 해야지, 왜 시발 애들한테 시키는 거야? 시발 이렇게 모은 돈으로 생지랄을 해요. “캘린더”, “플래너”, “ㅈ도 흥미가 안 생기는 표지와 제목을 가진 두꺼운 책”. 책은 이제 알라딘에 파는 애들도 나오기 시작함. 책 좋죠. 저도 다 읽지는 않았지만 고1, 2학년 때 받은 책 조금씩은 읽었는걸요? 근데 고3한테 주는 건 돈 낭비라 생각합니다? 그 시간에 차라리 독서를 풀죠? 이게 맞죠? 고3이라고요 시발, 고3. 내신 올릴 수 있는 마지막 때인데? 이번에 정시로 돌린 애들 이번 3모로 평판 다 갈리는데? 존나 참신하세요 시발. 아니 근데 맞잖아. 이거 학교에서 ㅈㄴ 잘못한 거잖아. 청소는 알겠다고 100번 양보해서 이해한다고. 근데 옥상에 있던 거 학생들한테 시킨 거는 진짜 잘못됐잖아. 선 넘었잖아. 자습실 청소는 1, 2학년들이 하는 게 그냥 당연했고, 드라마 찍는다고 옥상 치우는 걸 1, 2학년들이 안 해서 불만인 게 아니라 그냥 학생들한테 시키는 게 말이 안 되는 거잖아. 그리고 위에서 좀 나쁘게 말한 거지, 솔직히 쌤들도 ㅈㄴ 불쌍하다. 위에서 시킨 걸 뭐 어쩌겠냐고. 애들이 그냥 들으라고 쌤 앞에서 욕하던데, 보기 좀 그렇긴 했음. 쌤들 입장도 이해 못 하는 건 아님. 근데 3학년 입장도 생각해달라고요 좀. 그리고 마지막으로 하나만 더. 지금 1층에 막힌 문, 물론 문 열어두지 말라고 한 거 알지. 누가 열었는지는 잘 모르지만 일단 잘못한 건 맞지. 인정해야지 ㅇㅇ. 근데 시발 좀 봐줘라. 장난하냐. 아 마무리 지으려는데 또 ㅈㄴ 화나네. 아니 시발 개학한 지 얼마 지났다고 앞길을 쳐 막냐고. 일주일 동안만 막는 줄 알았는데 한 달이더라. 진짜 너무 짜친다. 방송으로 경고를 하던가, 꾸역꾸역 문을 쳐 잠그네. 1반이 진짜 최다 피해자다. 진짜 열어줘라. 안 그래도 우리 학교 ㅈㄴ 높디도 시발 ㅈㄴ 높아서 힘들게 정문 통과하고 나서도 5층이나 올라가는 거 감수해서라도 그 지름길 쓰는 건데, 못됐다 진짜. 얼마나 좆같으면 다음주 모고치는데 이런 글 싸지르겠냐. 좆같다 학교 진짜 잘 돌아간다",경붕이 (58.124) 2026.03.21 02:45:45 스크랩 조회 1118 추천 65 댓글 14,65,1118,2026.03.21 02:45:45,https://gall.dcinside.com/mgallery/board/view/?id=kyungsang&no=5066&page=2
2,5065,[일반],경상고 어때여,대구 경상고 생각중인데 어떤가요,경붕이 (59.23) 2026.03.19 20:45:53 스크랩 조회 405 추천 1 댓글 4,1,405,2026.03.19 20:45:53,https://gall.dcinside.com/mgallery/board/view/?id=kyungsang&no=5065&page=2
2,5064,[일반],ㅎㅇ,ㅎㅇ,경붕이 (39.116) 2026.03.16 11:56:20 스크랩 조회 347 추천 1 댓글 2,1,347,2026.03.16 11:56:20,https://gall.dcinside.com/mgallery/board/view/?id=kyungsang&no=5064&page=2
2,5062,[일반],경상고,너 이제 뜬거야,재수아카이브 2026.03.11 21:20:39 스크랩 조회 479 추천 3 댓글 0,3,479,2026.03.11 21:20:39,https://gall.dcinside.com/mgallery/board/view/?id=kyungsang&no=5062&page=2
2,5061,[일반],야구,경상고에 야구 동아리나 그런거 없노?,경붕이 (211.235) 2026.03.07 19:59:43 스크랩 조회 636 추천 1 댓글 5,1,636,2026.03.07 19:59:43,https://gall.dcinside.com/mgallery/board/view/?id=kyungsang&no=5061&page=2
2,5060,[일반],뭐냐 이 좆반고 따라,"“———따라올 수 있겠나” 모멸하는 듯, 믿는 듯. 내 도달을, 기다리고 있었다. 「 ────따라올 수 있겠나? 웃기고 자빠졌네」 시야가 불탄다. 아무것도 느껴지지 않았던 몸에 있는 대로 모든 열을 부어 넣는다. 손발은, 대검을 휘두르는 것과 같은 바람을 가르며, 「네놈 쪽이야말로, 따라와라────!」 혼신의 힘을 담아, 붉은 등을 돌파했다. 발을 디뎌 지상에 올라온다. 바람은 그쳤다. 검은 거인까지, 거리로 치면 30미터. 녀석이라면 3초도 걸리지 않아서 좁힌다. ───따라서. 승패는, 이 3초로 결정된다. 사고는 또렷하다. 내 전력은 파악하고 있다. 창조이념, 기본골자, 구성재질, 제작기술, 빙의경험, 축적세월의 재현에 의한 물질투영, 마술이론 · 세계란(世界卵)에 의한 심상세계의 구현, 혼에 새겨진『세계도』를 뒤집는 고유결계. 아쳐가 쌓아 온 전투기술, 경험, 육체강도의 계승. 정정, 육체강도의 load는 실패. 베이면 죽는 건 이전 그대로. 고유결계 · “무한의 검제” 사용불가. 아쳐의 세계와 내 세계는 상이하다. 재현은 불가능하다. 복제할 수 있는 것은 에미야 시로가 직접 배운 것이나, 녀석이 기록한 보구뿐. 왼팔에서 보구를 끌어내는 경우, 사용목적에 가장 적합한 보구를 “무한의 검제”에서 검색해서 복제한다. 허나 주의하라. 투영은 양날의 검. 한 번이라도 행사하면, 그건 자신의──── 「────────」 호흡을 멈추고, 모든 마력을 왼팔에 때려 넣는다. 파악은 쓸 수 있는 무장만 하면 된다. 주의사항 따위 이미 잘 알고 있다. 더 앞으로. 그 바람을 넘어서, 나는, 나 자신을 타도한다──── 「────투영(trace), 개시( on )」 응시한다. 녀석의 대검을 손톱만큼도 틀리지 않도록 투시한다. 왼손을 벌리고, 아직 나타나지 않은 가공의 자루를 꽉 쥔다. 월등하게 거대한 크기와 엄청난 무게. 에미야 시로의 힘으로는 그 대검은 다룰 수 없다. 하지만──이 왼팔이라면, 적의 괴력까지 확실하게 복제하겠지. 「───────, 아」 부서졌다. 퍽, 소리를 내면서 뇌 일부가 파열된다. 골격은 유출되는 마력에 견뎌내지 못하고 와해. 사과 껍질 같아서 꼴사납다. 「──────간다」 걱정 따위 필요 없다. 부서진 부분은 이 보강한다. 내 전심은 녀석의 절멸에만 돌려진다. 눈치 채였다. 집속하는 살의. 이쪽의 마술행사를 적으로 간주하고, 검은 거인의 눈이 움직인다. 검은, 흉성 같다. 거인은 단말마를 지르면서, 자신의 적을 참살하러 달린다. ───광전사. 미친 상태 그대로, 거인은 변하지는 않았다. 저것은, 아직 세이버와의 싸움 속에 있는 것이다. 눈은 보이지 않고, 제정신을 잃고, 죽음을 두 번 맞이해 온몸이 부패되어 가면서, 여전히, 이리야를 지키려고 싸우고 있다. ───────────, 1초. 「──────」 달려오는 거인은 일격으로는 멈추지 않고, 보통 투영 따위 통하지 않겠지. 투영마술( trace )로는 미치지 못한다. 한계를 넘은 투영이 아니면, 저 거인은 쓰러뜨릴 수 없다. 그러므로─── 「────투영，장전(trigger · off)」 뇌리에 아홉. 체내에 잠자는 27개 마술회로 그 모두를 동원해서, 일격에 때려눕힌다——— ──────────, 2초. 눈앞에 닥쳐온다. 쳐들어지는 대검. 격류와 소용돌이치는 기세. 파고들어 오는 한 발을 한 발로 맞받아 치고. 상완 쇄골 목젖 정수리 명치 늑골 고환 대퇴, 그 8점을 정확하게 겨냥하고, 「전 공정 투영완료( Set )───이는，쏘아 죽이는 백 머리 (사살백두 Nine lives blade works)」 내리쳐지는 음속을, 신속으로써 능가한다───! 「 ───, ………… ! 」 하지만 쓰러지지 않는다. 자신의 대검에 온몸을 꿰뚫리고도 여전히, 버서커는 건재했다. 「하────아────……… ! ! ! ! !」 파고 든다. 왼손에는 거인의 대검. 이쪽이 빠르다. 몸의 8할을 잃어, 죽임을 당한 버서커보다 내 마지막 일격 쪽이 빠르다. 대검을 가슴께까지 들어올려, 창처럼 힘껏 꽂아 넣는다. 「 ──── ! ! ! ! 」 하지만, 졌다. 앞뒤고 자시고 할 거 없이. 주어진 반칙 급 특권을 뻔뻔스럽게 전부 열어젖히고 투입해서, 그러고도 졌다. 버서커의 일격이 닥쳐온다. 선풍을 동반하고 내리쳐진다. 「──────」 몸을 비튼다. 모든 능력을 회피에 쓴다. 알아챈 건 빨랐다. 그러니 피할 수 있다. 버서커의 일격은 아슬아슬하게 관자놀이를 스쳐갈 뿐이다. ────하지만 그걸로 즉사. 대검 끝, 겨우 몇 밀리미터 스쳤을 뿐인데 죽는다. 직격하면 대지도 죽일지 모르는 일격이다. 내 머리 따위, 칼끝이 스치기만 해도 두부처럼 날아가버린다. 대검이 닥쳐온다. 자신의 머리가 날아가는 순간에 시야가 언다. ───그러나. 위협적인 스피드로 내질러진 대검은, 위협적인 스피드로 멈춰졌다. 「──────에?」 죽음의 일격은 표적(이 나)까지 떨어지지 않는다. 「──────」 검은 거인은, 앞을 보고 있었다. 바로 가까이에 있는 내가 아니다. 움푹 들어간 곳에서 지상으로 나와 있었던 흰 소녀를, 이성이 없는 눈으로 바라보고 있었다. 꿰뚫었다. 주저하지 않고, 전혀 인정을 내보이지 않고, 버서커의 심장에 대검을 쑤셔 넣는다. 반격은 없다. 거인은 남은 목숨을 전부 다 쓰고, 이번에야말로 먼지로 돌아간다. ……그 찰나. 사라져가는 붉은 눈이, 소녀를 바라본 채, 네가 지키라고 고하고 있었다. ────싸움은 한 순간. 정말 숨 한 번 쉴 새에, 결판은 지어졌다. 소년은 떨리는 입술로, 다녀올게, 라고 소녀에게 전했다. 피로와 불안을 억누르며, 붉은 구속구에 손을 대고 소녀에게서 멀어져 갔다. 소녀가 지상에 나온 것은, 소년을 말리기 위해서다. 멀어져 가는 등을, 어떻게 말려야 할까 한 번 숨 쉴 동안만 망설이고, 말 따위 생각나지 않아, 견딜 수 없어져서 밖으로 나왔다. 그건 시간으로 치면, 10초도 되지 않았을 것 같았다. 하지만, 그 잠깐 동안 한 주저가 명암을 갈라 버렸다. 「시로──────」 소년의 뒤를 쫓듯이 지상에 나온다. 싸움은 끝나 있었다. 그녀의 지킴이였던 거인은, 마지막에 소녀를 바라본 채 사라졌다. 싸움이 끝났음을 고하듯이, 광장에는 바람이 불어 들어온다. 소녀의 시야에는, 그 등만이 남겨졌다. 「──────」 싸움은 끝났다. 영령의 팔이 가진 힘 따위로 이긴 것이 아니다. 소년은, 자신의 힘으로, 자신의 죽음과 싸워, 이겨냈다. 소녀는 소년의 등을 계속해서 지켜본다. 돌아보지 않는, 두 번 다시 돌아보지 않을, 그 등을. 성해포를 해방하고, 거인을 쓰러뜨린 소년의 모습은, 힘 있고 씩씩했다. 거기에 망설임은 보이지 않는다. 천을 풀고, 투영을 행사한 시점에서, 그는 모든 번민을 떨쳐낸 것이다. 「─────────시로」 그 등을, 소녀는 슬프게 계속해서 지켜본다. 다른 사람 같은 모습, 다른 것이 되어 버린 소년의 몸. ──되돌아갈 길을 잃어버린, 어리석고 존귀한, 어느 한 결말을. - dc official App",ㅇㅇ (123.213) 2026.03.07 02:32:26 스크랩 조회 869 추천 20 댓글 3,20,869,2026.03.07 02:32:26,https://gall.dcinside.com/mgallery/board/view/?id=kyungsang&no=5060&page=2
2,5058,[일반],경상은 4시10분 보다,일찍마치는 날이 없는건가요?,경붕이 (175.202) 2026.03.06 22:15:30 스크랩 조회 464 추천 1 댓글 0,1,464,2026.03.06 22:15:30,https://gall.dcinside.com/mgallery/board/view/?id=kyungsang&no=5058&page=2
2,5057,[일반],정보) 09 10 필독 | 과목 선택 팁 공유,"10 | <영어 독해와 작문> 과목 이름에서도 알 수 있다시피 영어 독해, 영어 작문 활동을 하는 과목이다. 해당 과목을 수강하면 알려주시는데 내신 영어 수준에서 다루는 영어는 수능에서 다루는 영어 단어, 어법 수준에 비하면 조족지혈에 불과하다. 따라서 해당 과목을 수강하며 자세한 영어 독해법, 영어 작문 능력을 기르면 내신 영어의 서술형은 물론이고 수준 높은 영어 지문들을 접하여 자연스레 평가원 영어 지문에도 적응할 수 있다. 여기서 '그 정도는 학원에서 서술형 대비 벅벅 풀고 조정식 이명학 풀커리 타면 되는 거 아닌가요?' 라는 의문이 생길 수도 있다. 그 모든 것은 유료다. 영어 독해와 작문은 이 모든 수혜를 공짜로 누림과 동시에 작문 수행평가를 통한 생기부 끼워팔기까지 가능한 그야말로 경상고 버전 혜자 도시락이라고 볼 수 있다. 정시러들은 여기까지만 보고 '우린 그냥 만만한 쌤 수업 들어가서 인강 볼 건데?' 라고 생각할 수도 있다. 그러나 전술한 바와 같이 해당 과목을 제대로 수강하기만 하면 모의고사 영어 2등급 이상은 보증수표다. 더불어 이 꿀통 과목을 모르는 사람들이 많아 수강자 수가 적게 나오면, 지필평가는 별도로 진행하지 않고 수행평가를 통해서만 석차를 나누게 되면 안 그래도 담당 선생님께선 유하기로 정평이 나신 선생님이셔서 자습이 잦은 편이지만 거기에 자습이 매 시험마다 2~3번 더 생기게 된다. 요약 : 영독작 풀커리 = 영어 2등급 + @, 생기부 진로랑 맞추기 편함, 자습 많아서 정시러 순공 확보 가능 09 | <심화 영어 독해 1,2> , <영어권 문화> , <영미 문학 읽기> 09들에겐 위에 쓰인 네 과목 중 하나라도 반드시 수강하기를 권장한다. 영어 독해와 작문 과목과는 다르게 해당 네 과목은 모두 진로 선택 과목이다. 또한 전술한 과목과 같은 선생님이 매우 높은 확률로 담당하시기 때문에 진로 선택 과목 특성상 안 그래도 많은 자습이 더 늘어나게 된다. 이런 부분은 3학년이 되어 최저를 맞추려는 수시러와 정시 공부에 신경써야 할 정시러들 모두에게 굉장한 장점으로 작용한다. 다만 본인은 생기부 하나라도 더 유리하게 챙기고 싶고 3학년 1학기에도 아득바득 내신을 올려서 내신 최고점을 찍겠다. 라는 생각이 있다면 선택하지 않아도 좋다. 요약 : 진로 선택 과목 + 좋은 쌤 = 자습 개많음 (수능 공부 할 시간 多), 단, 3학년에도 내신 올리고 싶거나 생기부 내용 디테일하게 적고픈 사람은 X 이 글 참고해서 과목 선택 꿀 빨고 수능 대박나거라",110.12 (123.213) 2026.03.06 01:13:06 스크랩 조회 897 추천 40 댓글 5,40,897,2026.03.06 01:13:06,https://gall.dcinside.com/mgallery/board/view/?id=kyungsang&no=5057&page=2
3,5056,[일반],오자 야자 해야하나요,아니 하기싫은데 강요하는디,경붕이 (1.251) 2026.03.04 23:23:29 스크랩 조회 460 추천 0 댓글 2,0,460,2026.03.04 23:23:29,https://gall.dcinside.com/mgallery/board/view/?id=kyungsang&no=5056&page=3
3,5055,[일반],통영 마이너 갤러리로 놀러오세요,https://gall.dcinside.com/tongyung - dc official App,ㅇㅇ 2026.03.04 18:42:07 스크랩 조회 234 추천 0 댓글 0,0,234,2026.03.04 18:42:07,https://gall.dcinside.com/mgallery/board/view/?id=kyungsang&no=5055&page=3
3,5054,[일반],드라마,주연 이준혁 나오고 오컬트 물이라고 하길레 찾아 보니까 바로 나오네 우리 학교 이름 성령고등학교로 나오네 ㅋㅋ 드라마 제목은 각성인듯 우리 학교가 가톨릭이고 신부 나오니까 바로 승인하네 ㅋㅋ,경붕이 (175.223) 2026.03.04 16:28:14 스크랩 조회 703 추천 9 댓글 0,9,703,2026.03.04 16:28:14,https://gall.dcinside.com/mgallery/board/view/?id=kyungsang&no=5054&page=3
3,5053,[일반],경붕이형들 석식어때,석식맛잇음? 강제로 3일 먹으라카던데 AI 이미지가 생성되었습니다. 새로고침(F5) 해 주세요. 프롬프트 . 네거티브 프롬프트 샘플링 Euler,경붕이 (106.101) 2026.03.04 12:15:07 스크랩 조회 448 추천 0 댓글 2,0,448,2026.03.04 12:15:07,https://gall.dcinside.com/mgallery/board/view/?id=kyungsang&no=5053&page=3
3,5052,[일반],영미문학읽기,어떤 개샛기가 개꿀과목이라했냐 차단먹어라 - dc official App,경붕이 (118.235) 2026.03.03 08:15:00 스크랩 조회 425 추천 0 댓글 5,0,425,2026.03.03 08:15:00,https://gall.dcinside.com/mgallery/board/view/?id=kyungsang&no=5052&page=3
3,5051,[정보],10년생들을 위한 학교 생활 꿀팁,자퇴하고 수능치는게 베스트 ㅋㅋ 이딴 학교를 왜 들어오노?,경붕이 (114.201) 2026.03.02 18:04:49 스크랩 조회 627 추천 4 댓글 1,4,627,2026.03.02 18:04:49,https://gall.dcinside.com/mgallery/board/view/?id=kyungsang&no=5051&page=3
3,5050,[일반],관악반 질문,이번에 입학하는 신입생인데 여기 관악반 글 검색해보니까 생기부 ㅈ될 각오 하라는데 진짜인가요,경붕이 (118.235) 2026.03.02 11:50:27 스크랩 조회 359 추천 0 댓글 2,0,359,2026.03.02 11:50:27,https://gall.dcinside.com/mgallery/board/view/?id=kyungsang&no=5050&page=3
3,5049,[일반],솔직히 경상고 재밌으면 개추,다사다난 갑,ㅇㅇ (118.235) 2026.02.28 12:17:12 스크랩 조회 472 추천 5 댓글 0,5,472,2026.02.28 12:17:12,https://gall.dcinside.com/mgallery/board/view/?id=kyungsang&no=5049&page=3
3,5048,[일반],ㅋㅋ개학1주일남았노,좆됐다! - dc official App,ㅇㅇ 2026.02.24 20:20:58 스크랩 조회 268 추천 2 댓글 0,2,268,2026.02.24 20:20:58,https://gall.dcinside.com/mgallery/board/view/?id=kyungsang&no=5048&page=3
3,5047,[일반],경명갤 만듬,https://m.dcinside.com/board/kmhs,경붕이 (223.39) 2026.02.23 15:34:30 스크랩 조회 493 추천 0 댓글 3,0,493,2026.02.23 15:34:30,https://gall.dcinside.com/mgallery/board/view/?id=kyungsang&no=5047&page=3
3,5046,[일반],축제때??,경상여고와 경상고가 축제를 같이한다는 말만 듣고 경상고에 왔습니다..ㅎㅎㅎ(@^~^@) 저도 드디어 연애를 할수 있는 것인거와요?~ 축제때 눈 맞아서 사귈 준비가 완벽하게 되어 있사옵니다~^^ 기대되네요 ㅎㅎ 신입생 입니다 ㅎㅎ,경붕이 (116.126) 2026.02.19 23:25:12 스크랩 조회 771 추천 6 댓글 4,6,771,2026.02.19 23:25:12,https://gall.dcinside.com/mgallery/board/view/?id=kyungsang&no=5046&page=3
3,5045,[일반],1학년 담임 정보...,신입생들아 희망을 버려라,ㅇㅇ (118.235) 2026.02.16 20:14:37 스크랩 조회 927 추천 13 댓글 3,13,927,2026.02.16 20:14:37,https://gall.dcinside.com/mgallery/board/view/?id=kyungsang&no=5045&page=3
3,5044,[일반],선배님들 신입생인데,쌤들 무섭나여?,경붕이 (118.235) 2026.02.16 19:22:16 스크랩 조회 394 추천 0 댓글 0,0,394,2026.02.16 19:22:16,https://gall.dcinside.com/mgallery/board/view/?id=kyungsang&no=5044&page=3
3,5042,[일반],경상 올해 입학한 10입니다,학교에 알고있으면 좋은 정보 잇나요? - dc official App,경붕이 (124.51) 2026.02.16 00:03:08 스크랩 조회 574 추천 0 댓글 6,0,574,2026.02.16 00:03:08,https://gall.dcinside.com/mgallery/board/view/?id=kyungsang&no=5042&page=3
3,5041,[일반],경상고 이번 입학생 중에 7명이 일베충이다,일단 한명은 이렇게 생긴 애 임,경붕이 (106.101) 2026.02.12 12:43:53 스크랩 조회 609 추천 0 댓글 1,0,609,2026.02.12 12:43:53,https://gall.dcinside.com/mgallery/board/view/?id=kyungsang&no=5041&page=3
3,5037,[일반],요즘 몰카범도 대학 갈 수 있음?,순수 질문임,경붕이 (104.28) 2026.02.06 09:56:41 스크랩 조회 1010 추천 13 댓글 4,13,1010,2026.02.06 09:56:41,https://gall.dcinside.com/mgallery/board/view/?id=kyungsang&no=5037&page=3
3,5036,[일반],졸업생들아 아무리 경상고를 졸업해도,투표는 2번이다,ㅇㅇ (118.235) 2026.02.05 13:11:50 스크랩 조회 768 추천 13 댓글 0,13,768,2026.02.05 13:11:50,https://gall.dcinside.com/mgallery/board/view/?id=kyungsang&no=5036&page=3
3,5035,[일반],3학년 졸업 축하하교,사회 나가게 됐는데 아무리 힘들어도 '이재명 정신' 하나만 기억하면 버틸 수 있다,ㅇㅇ (104.28) 2026.02.05 10:22:28 스크랩 조회 434 추천 3 댓글 1,3,434,2026.02.05 10:22:28,https://gall.dcinside.com/mgallery/board/view/?id=kyungsang&no=5035&page=3
3,5034,[일반],ㅈㄱㄴ,사탐 누가 하노 과탐은 ㅎㅅ 미만 잡 아님?,경붕이 (211.235) 2026.02.03 15:29:54 스크랩 조회 422 추천 0 댓글 1,0,422,2026.02.03 15:29:54,https://gall.dcinside.com/mgallery/board/view/?id=kyungsang&no=5034&page=3
3,5033,[일반],경상고 기숙사,폰 걷나요,경붕이 (58.237) 2026.02.03 00:06:02 스크랩 조회 443 추천 0 댓글 2,0,443,2026.02.03 00:06:02,https://gall.dcinside.com/mgallery/board/view/?id=kyungsang&no=5033&page=3
3,5032,[일반],여기 축구잘하는사람 많나요?,?,경붕이 (1.251) 2026.02.02 23:24:19 스크랩 조회 401 추천 0 댓글 1,0,401,2026.02.02 23:24:19,https://gall.dcinside.com/mgallery/board/view/?id=kyungsang&no=5032&page=3
3,5031,[일반],사문 쉬움?,사문으로 틀까 하,경붕이 (125.143) 2026.02.01 23:35:12 스크랩 조회 360 추천 0 댓글 3,0,360,2026.02.01 23:35:12,https://gall.dcinside.com/mgallery/board/view/?id=kyungsang&no=5031&page=3
3,5030,[일반],갱상고 기간제였던 사람이다.,"씨발놈들 지금다니는 학교에 니들 선생들(교장,교감)이 안좋은 소문 퍼뜨려서 재계약 물건너 갔다. 용서하지 않을 것이다.",ㅇㅇㅇㅇ (223.39) 2026.02.01 15:24:45 스크랩 조회 849 추천 6 댓글 3,6,849,2026.02.01 15:24:45,https://gall.dcinside.com/mgallery/board/view/?id=kyungsang&no=5030&page=3
3,5029,[일반],이번에 우리쌤들 다 여고 감,ㅅㄱ,ㅇㅇ (118.235) 2026.01.31 18:24:25 스크랩 조회 690 추천 1 댓글 2,1,690,2026.01.31 18:24:25,https://gall.dcinside.com/mgallery/board/view/?id=kyungsang&no=5029&page=3
3,5028,[일반],경상고 40회 학생회장 누군지 아는사람,정씨라는데 혹시아는사람,경붕이 (223.39) 2026.01.31 18:09:57 스크랩 조회 321 추천 0 댓글 0,0,321,2026.01.31 18:09:57,https://gall.dcinside.com/mgallery/board/view/?id=kyungsang&no=5028&page=3
3,5027,[일반],올해 경상고 들어가게 되어서 작년 수학 기출봤는데,난이도가 원래 이렇게 높은가요? 6모는 2인데 기출풀어보니깐 66점이네요,경붕이 (218.54) 2026.01.31 17:25:31 스크랩 조회 545 추천 1 댓글 7,1,545,2026.01.31 17:25:31,https://gall.dcinside.com/mgallery/board/view/?id=kyungsang&no=5027&page=3
3,5025,[일반],경상고가게됐는데,경마갤은 한줌단임? - dc official App,ㅇㅇ 2026.01.29 18:51:25 스크랩 조회 318 추천 0 댓글 0,0,318,2026.01.29 18:51:25,https://gall.dcinside.com/mgallery/board/view/?id=kyungsang&no=5025&page=3
3,5024,[일반],경상고 내신 빡센가요,?,경붕이 (58.237) 2026.01.24 15:10:15 스크랩 조회 479 추천 1 댓글 2,1,479,2026.01.24 15:10:15,https://gall.dcinside.com/mgallery/board/view/?id=kyungsang&no=5024&page=3
3,5023,[일반],이딴 개똥통 학교 빨리 졸업하고 싶다,2월 언제 와 씨발,경붕이 (118.235) 2026.01.20 00:31:46 스크랩 조회 375 추천 0 댓글 0,0,375,2026.01.20 00:31:46,https://gall.dcinside.com/mgallery/board/view/?id=kyungsang&no=5023&page=3
3,5022,[일반],라스트 댄스 27수능,화학하고싶은데 내신 화1 한사람 중에 27 화1 칠 예비 고3 있나요??? 아인생,경붕이 (49.170) 2026.01.17 00:31:17 스크랩 조회 602 추천 0 댓글 5,0,602,2026.01.17 00:31:17,https://gall.dcinside.com/mgallery/board/view/?id=kyungsang&no=5022&page=3
3,5021,[일반],27수능 시발,"27수능, 진지하게 '과탐런'의 시대? ㅎㅎㅎㅎ",경붕이 (49.170) 2026.01.14 20:51:18 스크랩 조회 517 추천 2 댓글 0,2,517,2026.01.14 20:51:18,https://gall.dcinside.com/mgallery/board/view/?id=kyungsang&no=5021&page=3
3,5020,[일반],뭐지,오른쪽 삼성 어디서 본것 같은데… AI 이미지가 생성되었습니다. 새로고침(F5) 해 주세요.,경붕이 (125.247) 2026.01.14 10:07:32 스크랩 조회 385 추천 2 댓글 0,2,385,2026.01.14 10:07:32,https://gall.dcinside.com/mgallery/board/view/?id=kyungsang&no=5020&page=3
3,5019,[일반],뻐큐,ㅗ,경붕이 (49.170) 2026.01.13 08:06:07 스크랩 조회 263 추천 0 댓글 0,0,263,2026.01.13 08:06:07,https://gall.dcinside.com/mgallery/board/view/?id=kyungsang&no=5019&page=3
3,5018,[일반],예비 경상고1인데 예쁘게 봐주세요 선배님들,화이팅!,경붕이 (116.126) 2026.01.12 22:39:42 스크랩 조회 509 추천 0 댓글 5,0,509,2026.01.12 22:39:42,https://gall.dcinside.com/mgallery/board/view/?id=kyungsang&no=5018&page=3
3,5017,[일반],기숙사 예비 경붕이 입니다.,개념글 뒤져보는데 갈수록 두려워지고 있습니다 제가 살아남을 수 있을까요 선배님들..? 조언 부탁드립니다,경붕이 (118.41) 2026.01.11 23:47:20 스크랩 조회 370 추천 1 댓글 2,1,370,2026.01.11 23:47:20,https://gall.dcinside.com/mgallery/board/view/?id=kyungsang&no=5017&page=3
3,5015,[일반],다들 새복많,~~,모든것은물리 2026.01.01 00:34:50 스크랩 조회 537 추천 8 댓글 1,8,537,2026.01.01 00:34:50,https://gall.dcinside.com/mgallery/board/view/?id=kyungsang&no=5015&page=3
3,5014,[일반],똥.,뿌직,경붕이 (106.101) 2025.12.31 03:56:42 스크랩 조회 456 추천 1 댓글 2,1,456,2025.12.31 03:56:42,https://gall.dcinside.com/mgallery/board/view/?id=kyungsang&no=5014&page=3
3,5012,[일반],"경상고 2학년 국어,세계사,사탐,영어 교과서 출판사 어딘가요?",알려주시면 카톡으로 기프티콘 보내드릴게요 ㅜ,경붕이 (172.226) 2025.12.28 21:33:15 스크랩 조회 388 추천 0 댓글 1,0,388,2025.12.28 21:33:15,https://gall.dcinside.com/mgallery/board/view/?id=kyungsang&no=5012&page=3
3,5011,[일반],우리학교 이준석 졸업축사 이거 진짜냐?,https://www.instagram.com/reel/DStNJjpkgLF/,경붕이 (59.23) 2025.12.28 02:54:44 스크랩 조회 1236 추천 12 댓글 9,12,1236,2025.12.28 02:54:44,https://gall.dcinside.com/mgallery/board/view/?id=kyungsang&no=5011&page=3
3,5009,[일반],내년에는 예쁜쌤좀 뽑아라,으잉?,ㅇㅇ (223.39) 2025.12.27 22:48:40 스크랩 조회 834 추천 0 댓글 3,0,834,2025.12.27 22:48:40,https://gall.dcinside.com/mgallery/board/view/?id=kyungsang&no=5009&page=3
3,5008,[일반],경붕이들아,한 해 동안 수고 많았다 따듯한 연말 보내고 남은 학교생활도 잘해보자 https://youtu.be/INdKA9JGhYE?si=_99cyzEN5sHn2Kf- - dc official App,IllIlIllIlIIlIl 2025.12.26 20:41:01 스크랩 조회 649 추천 8 댓글 2,8,649,2025.12.26 20:41:01,https://gall.dcinside.com/mgallery/board/view/?id=kyungsang&no=5008&page=3
3,5006,[일반],오늘 가서 뭘 한건가요?,카이스트 입구 1분 구경 좆만한 신세계 구경 좆노잼 과학관 구경 선생들은 밥먹으세요 구경하세요 잡아놓고 학생 관리 안하고 성심당행 이럴 거면 일정표은 왜 만든거임? 오늘 대전 간 이유는 뭐임? 오늘 하루 존나 영양가 없네 한것도 없고,경붕이 (222.103) 2025.12.23 19:09:07 스크랩 조회 816 추천 12 댓글 4,12,816,2025.12.23 19:09:07,https://gall.dcinside.com/mgallery/board/view/?id=kyungsang&no=5006&page=3
3,5004,[일반],이런날 현장체험학습 가는 학교는 우리뿐인듯,ㅋㅋ,ㅇㅇ (223.39) 2025.12.23 16:38:40 스크랩 조회 571 추천 3 댓글 1,3,571,2025.12.23 16:38:40,https://gall.dcinside.com/mgallery/board/view/?id=kyungsang&no=5004&page=3
3,5003,[일반],과중,성심당 맛있더냐 - dc official App,경붕이 (211.36) 2025.12.23 14:38:51 스크랩 조회 501 추천 6 댓글 0,6,501,2025.12.23 14:38:51,https://gall.dcinside.com/mgallery/board/view/?id=kyungsang&no=5003&page=3
3,5002,[일반],2025년 4년제 대기업 취업률,,대갤러 (223.39) 2025.12.22 23:36:37 스크랩 조회 457 추천 1 댓글 0,1,457,2025.12.22 23:36:37,https://gall.dcinside.com/mgallery/board/view/?id=kyungsang&no=5002&page=3
3,5001,[일반],현상황 요약.,수련회 가서 술담 걸리고 쌤한테 지랄 떨다가 자퇴하는 등 자기들 ㅈ대로 하는 09 vs 그동안 쌓여있던 불만을 표출했다가 후배들한테 무시 ㅈㄴ 당하는 08 누가 문제인 거 같냐 참고로 학기 초에 학생부장쌤이 전교생들 다 모아서 급식 관련 사항도 다 공지했단다 ~~ 개념 ㅈ박은 행동할 거면 니들도 그냥 자퇴해 ~~~,경붕이 (119.201) 2025.12.22 22:20:44 스크랩 조회 931 추천 22 댓글 1,22,931,2025.12.22 22:20:44,https://gall.dcinside.com/mgallery/board/view/?id=kyungsang&no=5001&page=3
3,5000,[일반],화장실 세면대에,가래를 뱉었으면 물로 좀 내려보내라 ㅆ발 코그모 장인들 존나 많네 니 아구창에서 나온 걸 왜 남한테도 자랑하는 거야?,경붕이 (123.213) 2025.12.22 19:08:26 스크랩 조회 676 추천 6 댓글 0,6,676,2025.12.22 19:08:26,https://gall.dcinside.com/mgallery/board/view/?id=kyungsang&no=5000&page=3
3,4999,[일반],경상고 과학교과서,출판사 비상이에요?,경붕이 (58.237) 2025.12.22 18:12:20 스크랩 조회 471 추천 0 댓글 2,0,471,2025.12.22 18:12:20,https://gall.dcinside.com/mgallery/board/view/?id=kyungsang&no=4999&page=3
3,4998,[일반],고2들아,고1 내신 인문계 커트라인 92퍼까지 뚫렸다 상식적으로 머리에 든게 있겠냐 공고갈 태생인데 꼴에 4년제 갈려고 인문계 꾸역꾸역 기여온 아새끼들이 나대는데 08은 09가 그리 설쳐도 디시에서만 설치고 실제로는 왜 그냥 보고만 있냐 나때는 급식실에서 떠들면 05선배가 06 07 강당집합시켜서 체육강당에서 줄 빠따로 개쳐때리고 5층건물에서 한새끼씩 밀었다 그결과 3학년에 현재 이빨빠지거나 bj오동지같은 애들이 많은거다 그거다  떨어지면서  전두엽이 다친거다 그렇게 되고싶지않으면 08은09얼른 기강잡아라 나중에 군대가서도 후임한테 먹히고싶냐?,경붕이 (221.142) 2025.12.22 15:48:56 스크랩 조회 761 추천 26 댓글 4,26,761,2025.12.22 15:48:56,https://gall.dcinside.com/mgallery/board/view/?id=kyungsang&no=4998&page=3
3,4996,[일반],졸업생인데,걍 형들은 동생들 보듬어주고 이해해주고 필요할땐 따끔하게 혼도내주고 동생들은 형님들 존중해주고 옳은 말들이면 들어줘라 꼬우면 걍 시원하게 맞짱을 뜨던가 선후배면 밖에서도 언제든 마주치게돼있으니까 서로 좋게지내자,경붕이 (118.235) 2025.12.21 23:18:51 스크랩 조회 478 추천 4 댓글 1,4,478,2025.12.21 23:18:51,https://gall.dcinside.com/mgallery/board/view/?id=kyungsang&no=4996&page=3
4,4994,[일반],2학년들아 이해해라,중학교에서 내신 90%달고 고등학교 들어왔는데 지능이란게 있겠노 ㅇㅇ,ㅇㅇ 2025.12.21 17:55:52 스크랩 조회 704 추천 28 댓글 1,28,704,2025.12.21 17:55:52,https://gall.dcinside.com/mgallery/board/view/?id=kyungsang&no=4994&page=4
4,4993,[일반],경마갤에서 싸움났을때,그냥 이게 니들 모습임,경붕이 (89.213) 2025.12.21 13:54:55 스크랩 조회 464 추천 3 댓글 0,3,464,2025.12.21 13:54:55,https://gall.dcinside.com/mgallery/board/view/?id=kyungsang&no=4993&page=4
4,4991,[일반],2학년 좆대로좆대로 가오열매 너무심해서,월요일에 교장쌤한테 이를 예정임 ㅅㄱ ㅋㅋㅋㅋㅋㅋㅋ,경붕이 (223.39) 2025.12.20 12:16:56 스크랩 조회 780 추천 1 댓글 7,1,780,2025.12.20 12:16:56,https://gall.dcinside.com/mgallery/board/view/?id=kyungsang&no=4991&page=4
4,4990,[일반],꼬우면 처 빨리와서 줄서던가 ㅋㅋㅋㅋㅋㅋㅋㅋㅋㅋㅋ,존나 느리죠?,경붕이 (223.39) 2025.12.20 02:50:27 스크랩 조회 677 추천 2 댓글 4,2,677,2025.12.20 02:50:27,https://gall.dcinside.com/mgallery/board/view/?id=kyungsang&no=4990&page=4
4,4989,[일반],자자 교통정리해줄게,"곧 졸업할 3학년으로서 이번 사태를 보아하니, 몇몇 가오를 부리는 1학년 ‘일반반’ 때문이라는 것을 알수있다 얘들아 과중이 왜 있겠니 과중이 일반반을 좀 보듬어 주자 ㅎㅎ - dc official App",경붕이 (118.219) 2025.12.20 01:38:01 스크랩 조회 690 추천 12 댓글 1,12,690,2025.12.20 01:38:01,https://gall.dcinside.com/mgallery/board/view/?id=kyungsang&no=4989&page=4
4,4988,[일반],오늘 경순이 스캔 잘했다,ㅇㅇ,ㅇㅇ (223.39) 2025.12.19 20:45:23 스크랩 조회 634 추천 3 댓글 1,3,634,2025.12.19 20:45:23,https://gall.dcinside.com/mgallery/board/view/?id=kyungsang&no=4988&page=4
4,4987,[일반],.,,경붕이 (220.122) 2025.12.19 17:44:02 스크랩 조회 611 추천 4 댓글 2,4,611,2025.12.19 17:44:02,https://gall.dcinside.com/mgallery/board/view/?id=kyungsang&no=4987&page=4
4,4986,[일반],축제 ㅅㅂ,개씹노잼 축제 담당하는 ㅇㅊㅎ는 디시글 보고 반성 좀 해라 ㅅㅂ 1층에 학생회도 ㅈㄴ시끄럽노,경붕이 (118.235) 2025.12.19 16:59:37 스크랩 조회 777 추천 5 댓글 7,5,777,2025.12.19 16:59:37,https://gall.dcinside.com/mgallery/board/view/?id=kyungsang&no=4986&page=4
4,4985,[일반],축제 스케일 ㅈㄴ 크네,남고 여고 대합작 ㄷㄷ,ㅇㅇ (182.228) 2025.12.19 16:41:25 스크랩 조회 628 추천 0 댓글 1,0,628,2025.12.19 16:41:25,https://gall.dcinside.com/mgallery/board/view/?id=kyungsang&no=4985&page=4
4,4984,[일반],축제 씹노잼이었으면 개추,ㅇㅇ,ㅇㅇ (223.39) 2025.12.19 16:17:26 스크랩 조회 545 추천 3 댓글 1,3,545,2025.12.19 16:17:26,https://gall.dcinside.com/mgallery/board/view/?id=kyungsang&no=4984&page=4
4,4983,[일반],곧 졸업하는 고3 형님이 한 마디할게 ㅇㅇ,경갤에서 08 09 싸우는 거 ㅈㄴ 재밌네 계속 싸워라 ㅋㅋㅋㅋ - dc official App,경붕이 (125.185) 2025.12.19 13:58:48 스크랩 조회 695 추천 7 댓글 0,7,695,2025.12.19 13:58:48,https://gall.dcinside.com/mgallery/board/view/?id=kyungsang&no=4983&page=4
4,4982,[일반],OK봐라,오늘  강당에  의자  세팅안하고 과중반애들하고  놀구있노,경붕이 (211.235) 2025.12.19 09:40:48 스크랩 조회 577 추천 8 댓글 2,8,577,2025.12.19 09:40:48,https://gall.dcinside.com/mgallery/board/view/?id=kyungsang&no=4982&page=4
4,4980,[일반],08 09 들이 뭘하든 이젠 상관없는 07이면 개추ㅋ,형들은 이제 간다. 예전보다 쌤들이 1학년 기강을 덜 잡는거 같긴하다만 선배님들 말 잘듣고 2학년들은 착하게 좀 대해주장~ 우리 후배님들아 싸우지말고 사이좋게 지내야한다~ㅠㅠ,경붕이 (191.96) 2025.12.19 00:04:46 스크랩 조회 676 추천 13 댓글 8,13,676,2025.12.19 00:04:46,https://gall.dcinside.com/mgallery/board/view/?id=kyungsang&no=4980&page=4
4,4979,[일반],여고에 고우신 선생님 많으시네 ㅇㅇ,전학가고 싶다,ㅇㅇ (223.39) 2025.12.18 20:56:56 스크랩 조회 572 추천 0 댓글 0,0,572,2025.12.18 20:56:56,https://gall.dcinside.com/mgallery/board/view/?id=kyungsang&no=4979&page=4
4,4978,[일반],이해 안된다는글에,3학년이 진짜 궁금해서 쓴 글에 1학년이라 단정짓고 욕쳐하는 꼬라지 보니 08 수준 훤히보이노.. 쌤들 힘내십쇼,경붕이 (210.218) 2025.12.18 19:25:05 스크랩 조회 464 추천 0 댓글 4,0,464,2025.12.18 19:25:05,https://gall.dcinside.com/mgallery/board/view/?id=kyungsang&no=4978&page=4
4,4977,[일반],우리 서로 싸우지말아요,서로 사랑합시다 ^^ 남은 한해도 화이팅!! 좋은 하루 보내요 - dc official App,경붕이 (39.116) 2025.12.18 12:56:04 스크랩 조회 550 추천 16 댓글 0,16,550,2025.12.18 12:56:04,https://gall.dcinside.com/mgallery/board/view/?id=kyungsang&no=4977&page=4
4,4976,[일반],자 우리 함께 외쳐볼까요?,야~르~,니니코딱지 (39.116) 2025.12.18 12:54:54 스크랩 조회 431 추천 1 댓글 0,1,431,2025.12.18 12:54:54,https://gall.dcinside.com/mgallery/board/view/?id=kyungsang&no=4976&page=4
4,4973,[일반],2학년들,"계속 09가 물 흐린다, 전통인데 이러는데 빡세보이는 애들 앞에서는 아무말 못하니깐 뒤에서 디시 싸지르고 이제는 하다하다 깔게 없어서 개찐따 까지 갈구는거 지켜만 보다가 한마디 한다 ㅋㅋㅋ 2학년 남자 새끼들이 고추 달고 앞에서는 아무 말도 못하면서 디시에서 익명 믿고 글 싸지르는 거 보니 인생이 어떨 지 훤히 보이노 대학은 가고싶은데 욕은 그렇게 하고시퍼쪄용? 니네 수준은 딱 거기까지인 거야 병신들아 ㅋㅋ 심적으로 많이 어려워 보이 는데 화이팅 해라 이 형은 너네 응원한다 ㅋㅋㅋㅋ - dc official App",경붕이 (49.169) 2025.12.17 23:07:01 스크랩 조회 908 추천 16 댓글 15,16,908,2025.12.17 23:07:01,https://gall.dcinside.com/mgallery/board/view/?id=kyungsang&no=4973&page=4
4,4972,[일반],2학년들 징징거리는 거 대처법 궁금한 1학년은 들어라 ㅋㅋ,들었으면 출발,경붕이 (123.213) 2025.12.17 22:46:50 스크랩 조회 603 추천 2 댓글 1,2,603,2025.12.17 22:46:50,https://gall.dcinside.com/mgallery/board/view/?id=kyungsang&no=4972&page=4
4,4971,[일반],급식줄 글이 2학년 징징글로 보이는 1학년 필독...,참새가 어떻게 봉황의 뜻을 알겠냐 ㅋㅋ 아구빡에 총구 넣고 방아쇠 당겨라 그냥,경붕이 (123.213) 2025.12.17 22:34:55 스크랩 조회 594 추천 11 댓글 0,11,594,2025.12.17 22:34:55,https://gall.dcinside.com/mgallery/board/view/?id=kyungsang&no=4971&page=4
4,4970,[일반],연애하고싶다,람쥐썬더,경붕이 (49.170) 2025.12.17 20:39:09 스크랩 조회 422 추천 1 댓글 0,1,422,2025.12.17 20:39:09,https://gall.dcinside.com/mgallery/board/view/?id=kyungsang&no=4970&page=4
4,4969,[일반],1학년들 개념 ㄷ지게 없다 진짜,패팅 지구젤리 같은거 쳐 입은 3인방은 개념이 없노? 종 치자마자 내려갔는데 지네가 쳐 앞에 있네 이럴거면 선후배는 왜 있냐?,경붕이 (211.109) 2025.12.17 19:59:27 스크랩 조회 656 추천 12 댓글 0,12,656,2025.12.17 19:59:27,https://gall.dcinside.com/mgallery/board/view/?id=kyungsang&no=4969&page=4
4,4968,[일반],이해 안되는거,지금 3학년이 2학년때 급식줄 일찍 서도 지금 2학년이 급식줄 일찍 서도 이때까지 저런식으로 디시에 글 싸지른사람은 못봤는데 먼저 들어가는것도 아니고 후배들이 줄 스러온거에 왤케 풀발임?,경붕이 (210.218) 2025.12.17 17:53:25 스크랩 조회 517 추천 3 댓글 7,3,517,2025.12.17 17:53:25,https://gall.dcinside.com/mgallery/board/view/?id=kyungsang&no=4968&page=4
4,4965,[일반],1학년들은 왜 자꾸 밥 먹으러 일찍 오는거냐?,"다른 일에서 선배 대우는 안해도 교내 공적인 일에선 나이순으로 우대하는 게 경상고의 전통인데 09 이 병,신련들은 좆대로좆대로 열매를 쳐먹은것도 아니고 왜 자꾸 급식실에 선배보다 발을 일찍 못 들여서 안달이냐? 특히 검정고무신 교복의 전설 편에 나오는 낡은 옷 패딩으로 바꾼 거 같은 좆찐따같이 생긴 패딩 입은 병신 3인방이 당당하게 급식 앞 줄에 서는 게 다른 09 기어나오는 거 보다 200배는 꼴보기 싫으니까 좀 짜져라 씨발 아오",경붕이 (123.213) 2025.12.15 01:43:45 스크랩 조회 1103 추천 59 댓글 9,59,1103,2025.12.15 01:43:45,https://gall.dcinside.com/mgallery/board/view/?id=kyungsang&no=4965&page=4
4,4964,[일반],경상고축제 재미있나요,ㅈㄱㄴ,경붕이 (49.170) 2025.12.14 19:51:08 스크랩 조회 530 추천 0 댓글 3,0,530,2025.12.14 19:51:08,https://gall.dcinside.com/mgallery/board/view/?id=kyungsang&no=4964&page=4
4,4963,[일반],우리학교에 차은우 닮은 선생님 이씀,구경와,경순이 (223.39) 2025.12.13 01:14:07 스크랩 조회 561 추천 0 댓글 1,0,561,2025.12.13 01:14:07,https://gall.dcinside.com/mgallery/board/view/?id=kyungsang&no=4963&page=4
4,4961,[일반],나 3학년인데,뭔 일 일어났는지 알려주라,경붕이 (125.246) 2025.12.10 20:46:32 스크랩 조회 555 추천 1 댓글 0,1,555,2025.12.10 20:46:32,https://gall.dcinside.com/mgallery/board/view/?id=kyungsang&no=4961&page=4
4,4960,[일반],이거 2-7 그새끼 닮음,ㅈㄱㄴ,경붕이 (223.39) 2025.12.10 17:02:11 스크랩 조회 886 추천 1 댓글 5,1,886,2025.12.10 17:02:11,https://gall.dcinside.com/mgallery/board/view/?id=kyungsang&no=4960&page=4
4,4959,[일반],난 걍 정시나 가야겠다,답이없음,경붕이 (49.173) 2025.12.10 00:05:45 스크랩 조회 499 추천 2 댓글 1,2,499,2025.12.10 00:05:45,https://gall.dcinside.com/mgallery/board/view/?id=kyungsang&no=4959&page=4
4,4956,[일반],영진은 뉴스탔는데,우리 “그 사건”은 왜 안타냐,ㅇㅇ (182.228) 2025.12.07 23:44:58 스크랩 조회 907 추천 15 댓글 0,15,907,2025.12.07 23:44:58,https://gall.dcinside.com/mgallery/board/view/?id=kyungsang&no=4956&page=4
4,4954,[일반],대경상,우리도 내일 한번 ㄱㅈㅇ,경붕이 (59.25) 2025.12.07 21:52:36 스크랩 조회 542 추천 3 댓글 0,3,542,2025.12.07 21:52:36,https://gall.dcinside.com/mgallery/board/view/?id=kyungsang&no=4954&page=4
4,4952,[일반],학교에 인플루언서가 두명 ㅋㅋㅋㅋㅋㅋㅋㅋㅋㅋㅋㅋ,학교의 지향점이 인플루언선가,ㅇㅇ (223.39) 2025.12.07 11:19:53 스크랩 조회 811 추천 2 댓글 1,2,811,2025.12.07 11:19:53,https://gall.dcinside.com/mgallery/board/view/?id=kyungsang&no=4952&page=4
4,4951,[일반],경상 과중 메리트 있음?,집 근처 학교 안가고 갈만큼 메리트 있나요?? 과중 가려면 수학 과학 예습 어디까지 땡기는거 ㅊㅊ 하시나요,경붕이 (39.112) 2025.12.06 21:18:22 스크랩 조회 462 추천 1 댓글 5,1,462,2025.12.06 21:18:22,https://gall.dcinside.com/mgallery/board/view/?id=kyungsang&no=4951&page=4
4,4950,[일반],1학년은 새겨 들어라,1학년 씹새들아 제발 싸가지 좀 챙기고 다니고 눈치 좀 챙기고 살아라 내년에 후배 들어오고 니네가 선배 대우 받고 싶으면 그 ㅈ같은 태도부터 좀 리모델링 하고 와라 그리고 1학년에 ㅈ나 폐급짓 하는 외향형 찐따년들은 좀 나가 뒤져라,경붕이 (221.168) 2025.12.04 23:11:38 스크랩 조회 1034 추천 63 댓글 9,63,1034,2025.12.04 23:11:38,https://gall.dcinside.com/mgallery/board/view/?id=kyungsang&no=4950&page=4
4,4949,[일반],1학년,밥먹을때 왜캐 일찍옴? 석식때 1학년땜에 줄서는게 맞는거냐,경붕이 (112.150) 2025.12.04 23:01:35 스크랩 조회 699 추천 36 댓글 4,36,699,2025.12.04 23:01:35,https://gall.dcinside.com/mgallery/board/view/?id=kyungsang&no=4949&page=4
4,4948,[일반],2층인가 창의뭐시기교실에,컴퓨터많은 교실앞자리에 게임깔아놨었는데 써먹는사람있었으려나 - dc official App,경붕이 (182.231) 2025.12.04 05:47:54 스크랩 조회 430 추천 0 댓글 0,0,430,2025.12.04 05:47:54,https://gall.dcinside.com/mgallery/board/view/?id=kyungsang&no=4948&page=4
4,4947,[일반],비키니 인스타에 올리는 쌤 누구더라,ㅇㅇ,경붕이 (175.112) 2025.12.03 19:07:18 스크랩 조회 1079 추천 1 댓글 5,1,1079,2025.12.03 19:07:18,https://gall.dcinside.com/mgallery/board/view/?id=kyungsang&no=4947&page=4
4,4946,[일반],성광은,내신 빡새대서 안 갈라고요,경붕이 (118.235) 2025.12.01 18:15:45 스크랩 조회 555 추천 0 댓글 2,0,555,2025.12.01 18:15:45,https://gall.dcinside.com/mgallery/board/view/?id=kyungsang&no=4946&page=4
4,4945,[일반],중3인데 경상 영진 영신 칠성중에,어디가야해요? ㅈㅂ 답글 좀 달아주세여,경붕이 (118.235) 2025.12.01 02:37:36 스크랩 조회 584 추천 0 댓글 6,0,584,2025.12.01 02:37:36,https://gall.dcinside.com/mgallery/board/view/?id=kyungsang&no=4945&page=4
4,4943,[일반],'웅이 만든 치즈크림빵',므흣,경붕이 (39.116) 2025.11.26 14:04:28 스크랩 조회 619 추천 2 댓글 0,2,619,2025.11.26 14:04:28,https://gall.dcinside.com/mgallery/board/view/?id=kyungsang&no=4943&page=4
4,4942,[일반],본인 경순인데 여고는 쌤들 단체로 몰려다니면서 담배핌,한 4-5명 무리지어서 담배핌 ㅁㅌㅊ?,ㅇㅇ (223.39) 2025.11.21 17:58:17 스크랩 조회 834 추천 2 댓글 5,2,834,2025.11.21 17:58:17,https://gall.dcinside.com/mgallery/board/view/?id=kyungsang&no=4942&page=4
4,4941,[일반],선생들은 학교에서 담배펴도 되는거임?,아니 어떻게 들어오는 시간마다 담배냄새가 나냐 앞자리 앉으면 ㅈㄴ 고통스러움 학생들은 몰래 피고 냄새 숨기기라도 하지 선생들은 ㅈㄴ 풀풀 풍기고 다니는게 진심 ㅈ같음,경붕이 (106.101) 2025.11.21 00:56:47 스크랩 조회 829 추천 11 댓글 0,11,829,2025.11.21 00:56:47,https://gall.dcinside.com/mgallery/board/view/?id=kyungsang&no=4941&page=4
4,4940,[일반],여고 갤도 만들어졌노 ㅋㅋㅋㅋㅋ,얘내 글 올리는거 말투가 살벌하네 ㅜㅜ,경붕이 (222.103) 2025.11.19 23:38:01 스크랩 조회 513 추천 0 댓글 0,0,513,2025.11.19 23:38:01,https://gall.dcinside.com/mgallery/board/view/?id=kyungsang&no=4940&page=4
4,4939,[일반],요즘 과중 어케됨?,사람 적어진 뒤로 과중일반 글리젠이 안되는데 요즘 어떤지 123학년 의갼좀 들어보고싶음 요즘은 일반반 과중끼리 잘지내냐?,경붕이 (116.126) 2025.11.19 17:57:56 스크랩 조회 470 추천 0 댓글 1,0,470,2025.11.19 17:57:56,https://gall.dcinside.com/mgallery/board/view/?id=kyungsang&no=4939&page=4
4,4937,[일반],현재 주딱 부재중 떠서 매니저 먹기,지금 매니저 위임 신청하면 꿀꺽 가능 ㅇ 주딱이 10일동안 접속안해서 부재중뜸 ㅋㅋ - dc official App,JZ 2025.11.17 10:49:40 스크랩 조회 427 추천 0 댓글 1,0,427,2025.11.17 10:49:40,https://gall.dcinside.com/mgallery/board/view/?id=kyungsang&no=4937&page=4
4,4934,[일반],본인이 재수할거같으면 개추ㅋㅋㅋㅋㅋㅋㅋ,일단너부터 병신아ㅋㅋㅋㅋㅋㅋㅋㅋㅋㅋㅋㅋㅋㅋ,경붕이 (121.150) 2025.11.16 11:37:25 스크랩 조회 379 추천 1 댓글 1,1,379,2025.11.16 11:37:25,https://gall.dcinside.com/mgallery/board/view/?id=kyungsang&no=4934&page=4
4,4932,[일반],감사해요~,항상 감사합니다 선생님~,경붕이 (210.96) 2025.11.14 17:15:17 스크랩 조회 456 추천 8 댓글 0,8,456,2025.11.14 17:15:17,https://gall.dcinside.com/mgallery/board/view/?id=kyungsang&no=4932&page=4
4,4931,[일반],근데 솔직히 경붕이들이 사람은 착함,ㅇㅈ?,ㅇㅇ (182.228) 2025.11.14 07:15:04 스크랩 조회 415 추천 4 댓글 1,4,415,2025.11.14 07:15:04,https://gall.dcinside.com/mgallery/board/view/?id=kyungsang&no=4931&page=4
4,4930,[일반],수능 개좆된 경붕이는 개추ㅋㅋㅋㅋㅋㅋㅋㅋ,- dc official App,영갤러 (221.142) 2025.11.14 02:35:06 스크랩 조회 433 추천 7 댓글 0,7,433,2025.11.14 02:35:06,https://gall.dcinside.com/mgallery/board/view/?id=kyungsang&no=4930&page=4
4,4929,[일반],6논술 친구들 화이팅,,¡¡ 2025.11.13 21:52:47 스크랩 조회 235 추천 0 댓글 0,0,235,2025.11.13 21:52:47,https://gall.dcinside.com/mgallery/board/view/?id=kyungsang&no=4929&page=4
5,4928,[일반],여기 리젠은 좆망인데 보는 사람은 많은듯,글 왜 안쓰노?,ㅇㅇ (223.39) 2025.11.13 20:25:39 스크랩 조회 312 추천 0 댓글 2,0,312,2025.11.13 20:25:39,https://gall.dcinside.com/mgallery/board/view/?id=kyungsang&no=4928&page=5
5,4927,[일반],학교에 잘생긴 쌤들 왜케 많냐,눈부셔서 학교를 못다니겠다,ㅇㅇ (182.228) 2025.11.13 19:11:31 스크랩 조회 599 추천 0 댓글 3,0,599,2025.11.13 19:11:31,https://gall.dcinside.com/mgallery/board/view/?id=kyungsang&no=4927&page=5
5,4926,[정보],영진에서 수능 치는 경붕이들 필독,모듈러 앞뒤로 ㅈㄴ 짧아서 제대로 앉지도 못함 니네 존나 좁은데서 앉아서 쳐아하니까 재수계획이나 세워라 - dc official App,경붕이 (106.101) 2025.11.12 18:09:45 스크랩 조회 520 추천 0 댓글 2,0,520,2025.11.12 18:09:45,https://gall.dcinside.com/mgallery/board/view/?id=kyungsang&no=4926&page=5
5,4925,[일반],됨 됌 틀리는 건 참아도,,경붕이 (219.240) 2025.11.12 17:44:52 스크랩 조회 343 추천 4 댓글 0,4,343,2025.11.12 17:44:52,https://gall.dcinside.com/mgallery/board/view/?id=kyungsang&no=4925&page=5
5,4924,[일반],딸피들아,이제야 수능이라는게 실감이 되노?ㅋㅋㅋㅋㅋㅋㅋㅋㅋㅋㅋㅋㅋㅋㅋㅋㅋㅋㅋㅋㅋㅋㅋㅋㅋㅋㅋㅋㅋㅋㅋㅋㅋㅋㅋㅋㅋㅋㅋㅋㅋㅋㅋㅋㅋㅋㅋㅋ 수고해라.. 답은 없단다… 과거의 너를 탓해라 ㅎㅇㅌ,경붕이 (122.43) 2025.11.11 22:14:47 스크랩 조회 306 추천 0 댓글 0,0,306,2025.11.11 22:14:47,https://gall.dcinside.com/mgallery/board/view/?id=kyungsang&no=4924&page=5
5,4923,[일반],치킨 먹고싶어요,치킨이 먹고싶어요 수능은 치고 싶지 않아요 다시 중3때로 돌아가고싶어요 더이상 공부도 하고싶지 않아요 독서실에선 더이상 온기가 느껴지지도 않아요 제발 누가 절 좀 꺼내주세요,경붕이 (58.229) 2025.11.11 20:10:23 스크랩 조회 238 추천 4 댓글 0,4,238,2025.11.11 20:10:23,https://gall.dcinside.com/mgallery/board/view/?id=kyungsang&no=4923&page=5
5,4922,[일반],빼빼로 못받은 경붕이는 찾아가라,ㅇㅇ,경붕이 (39.116) 2025.11.11 16:44:47 스크랩 조회 288 추천 3 댓글 0,3,288,2025.11.11 16:44:47,https://gall.dcinside.com/mgallery/board/view/?id=kyungsang&no=4922&page=5
5,4921,[일반],미우나 고우나,수능 잘치십쇼 선배임들,경붕이 (125.143) 2025.11.10 21:09:17 스크랩 조회 614 추천 19 댓글 4,19,614,2025.11.10 21:09:17,https://gall.dcinside.com/mgallery/board/view/?id=kyungsang&no=4921&page=5
5,4920,[일반],"경붕이 예정인 중3인데, 과중가는거 어케생각함?",과학 4개 다 본다는게 무슨말임? 2~3학년때도 4개를 봐야한다는거임?,ㅇㅇ (182.227) 2025.11.10 17:12:33 스크랩 조회 438 추천 1 댓글 5,1,438,2025.11.10 17:12:33,https://gall.dcinside.com/mgallery/board/view/?id=kyungsang&no=4920&page=5
5,4919,[일반],솔직히 경상보단 영신이지~,누가 경상옴~ - dc official App,영갤러 (221.142) 2025.11.08 23:02:11 스크랩 조회 573 추천 7 댓글 2,7,573,2025.11.08 23:02:11,https://gall.dcinside.com/mgallery/board/view/?id=kyungsang&no=4919&page=5
5,4918,[일반],여고가 나은거 같음,여고로 전학가고 싶다노,ㅇㅇ (223.39) 2025.11.08 10:22:08 스크랩 조회 525 추천 0 댓글 2,0,525,2025.11.08 10:22:08,https://gall.dcinside.com/mgallery/board/view/?id=kyungsang&no=4918&page=5
5,4917,[일반],“그 소문” 사실인가요?,네?,ㅇㅇ (223.39) 2025.11.07 22:21:42 스크랩 조회 1040 추천 7 댓글 1,7,1040,2025.11.07 22:21:42,https://gall.dcinside.com/mgallery/board/view/?id=kyungsang&no=4917&page=5
5,4916,[일반],여기 아직 화장실 흡연실이냐ㅋㅋㅋㅋ,궁금하노ㅋㅋ,경붕이 (116.127) 2025.11.05 02:17:40 스크랩 조회 584 추천 0 댓글 2,0,584,2025.11.05 02:17:40,https://gall.dcinside.com/mgallery/board/view/?id=kyungsang&no=4916&page=5
5,4915,[일반],제발 부탁이다 1학년들아,아무리 경상고가 좃같아도 행동은 똑바로 하고 살아야지 않겠냐 도대체 복도에 가래침을 왜 뱉는거냐 진짜 한두명도 아니고 꼬라지 보기가 역겹다 제발,경붕이 (118.235) 2025.11.04 23:42:58 스크랩 조회 895 추천 31 댓글 1,31,895,2025.11.04 23:42:58,https://gall.dcinside.com/mgallery/board/view/?id=kyungsang&no=4915&page=5
5,4914,[일반],영신 일반고 호소학교한테 입결 개털린 학교 여기맞음?,중3인데 오려다가 빠꾸박아요~,ㅇㅇ (49.171) 2025.11.04 18:50:37 스크랩 조회 567 추천 4 댓글 2,4,567,2025.11.04 18:50:37,https://gall.dcinside.com/mgallery/board/view/?id=kyungsang&no=4914&page=5
5,4913,[일반],나 여잔데,쌤들 왤케 잘생겼냐 ㅇㅇ,경붕이 (1.218) 2025.11.03 18:00:55 스크랩 조회 666 추천 0 댓글 5,0,666,2025.11.03 18:00:55,https://gall.dcinside.com/mgallery/board/view/?id=kyungsang&no=4913&page=5
5,4911,[일반],여기서 아다 뗀 사람 있냐,아려줘잉,아잉 (221.168) 2025.10.31 18:31:48 스크랩 조회 1384 추천 6 댓글 10,6,1384,2025.10.31 18:31:48,https://gall.dcinside.com/mgallery/board/view/?id=kyungsang&no=4911&page=5
5,4910,[일반],고3 학력고사,안치는애들은 걍 자라는거임?,경붕이 (121.150) 2025.10.28 20:58:09 스크랩 조회 540 추천 0 댓글 1,0,540,2025.10.28 20:58:09,https://gall.dcinside.com/mgallery/board/view/?id=kyungsang&no=4910&page=5
5,4908,[일반],여기는 등교시간,몇시까지임?,경붕이 (111.118) 2025.10.26 20:09:55 스크랩 조회 670 추천 0 댓글 4,0,670,2025.10.26 20:09:55,https://gall.dcinside.com/mgallery/board/view/?id=kyungsang&no=4908&page=5
5,4907,[일반],???,최근에 사건사고 하나 터졌다는데 뭔일임?,경붕이 (124.63) 2025.10.24 00:17:39 스크랩 조회 1174 추천 6 댓글 10,6,1174,2025.10.24 00:17:39,https://gall.dcinside.com/mgallery/board/view/?id=kyungsang&no=4907&page=5
5,4905,[일반],뭐? 지하철 갈아타는걸 조심하라고?,,경붕이 (140.248) 2025.10.22 04:20:19 스크랩 조회 873 추천 6 댓글 2,6,873,2025.10.22 04:20:19,https://gall.dcinside.com/mgallery/board/view/?id=kyungsang&no=4905&page=5
5,4902,[일반],본인이 이유 없이 그사람 찢어죽이고싶은 2학년이면 개추 ㅋㅋ,ㅇㄷㄴㅂㅌ,ㅇㅇ (39.116) 2025.10.16 10:27:36 스크랩 조회 1646 추천 8 댓글 10,8,1646,2025.10.16 10:27:36,https://gall.dcinside.com/mgallery/board/view/?id=kyungsang&no=4902&page=5
5,4901,[일반],사탐런,사문 윤리가 정배임? 강의력 어케되노,경붕이 (211.235) 2025.10.15 12:09:05 스크랩 조회 810 추천 3 댓글 8,3,810,2025.10.15 12:09:05,https://gall.dcinside.com/mgallery/board/view/?id=kyungsang&no=4901&page=5
5,4898,[일반],감사합니다~~,감사해용 - dc official App,경붕이 (211.234) 2025.10.13 17:23:40 스크랩 조회 1325 추천 68 댓글 5,68,1325,2025.10.13 17:23:40,https://gall.dcinside.com/mgallery/board/view/?id=kyungsang&no=4898&page=5
5,4897,[일반],학교 가기 싫다,더 쉴래,경붕이 (118.235) 2025.10.13 00:02:54 스크랩 조회 535 추천 1 댓글 0,1,535,2025.10.13 00:02:54,https://gall.dcinside.com/mgallery/board/view/?id=kyungsang&no=4897&page=5
5,4894,[일반],요새 3학년들 이맘때면 뭐하냐,이맘때 3학년 1반 옆에 올라가서 마시는 소주가 진짜 달달구리한데 - dc official App,AiNah 2025.10.12 12:29:17 스크랩 조회 863 추천 0 댓글 7,0,863,2025.10.12 12:29:17,https://gall.dcinside.com/mgallery/board/view/?id=kyungsang&no=4894&page=5
5,4893,[일반],연휴끝난 경상고가 기다려지면 개추,ㅋㅋ,경붕이 (175.118) 2025.10.09 02:48:11 스크랩 조회 1470 추천 3 댓글 14,3,1470,2025.10.09 02:48:11,https://gall.dcinside.com/mgallery/board/view/?id=kyungsang&no=4893&page=5
5,4891,[일반],열라면,오랜만에먹는데 개맛있노;; - dc official App,경붕이 (58.124) 2025.10.07 19:19:31 스크랩 조회 525 추천 1 댓글 0,1,525,2025.10.07 19:19:31,https://gall.dcinside.com/mgallery/board/view/?id=kyungsang&no=4891&page=5
5,4890,[일반],슬슬 잊혀지는 것 같아서 흐뭇한 '그' 사람이면 개추,ㅋㅋ,경붕이 (112.222) 2025.10.07 15:33:34 스크랩 조회 1655 추천 8 댓글 4,8,1655,2025.10.07 15:33:34,https://gall.dcinside.com/mgallery/board/view/?id=kyungsang&no=4890&page=5
5,4889,[일반],지나가는 성갤런데,계속 지나간다~ ㅋㅋㅋㅋㅋ - dc official App,경붕이 (106.101) 2025.10.06 17:41:35 스크랩 조회 833 추천 0 댓글 0,0,833,2025.10.06 17:41:35,https://gall.dcinside.com/mgallery/board/view/?id=kyungsang&no=4889&page=5
5,4888,[일반],경붕이들 즐추 보내,,경붕이 (123.214) 2025.10.06 13:45:20 스크랩 조회 494 추천 3 댓글 0,3,494,2025.10.06 13:45:20,https://gall.dcinside.com/mgallery/board/view/?id=kyungsang&no=4888&page=5
5,4886,[일반],호랑이 치킨도 참고 현미 치킨까지도 참겠는데..,못참고 학교앞 분식세트 먹방! 하리보돈까스 이건 진짜 못 참겠다.,경붕이 (58.239) 2025.10.05 20:23:30 스크랩 조회 856 추천 13 댓글 3,13,856,2025.10.05 20:23:30,https://gall.dcinside.com/mgallery/board/view/?id=kyungsang&no=4886&page=5
5,4885,[일반],자꾸 노무현글 올리는 애들은 좆초딩임?,진짜 좆도 재미없는글 왜자꾸 싸는거냐 갤이 즈그 똥통인줄 아노,ㅇㅇ (1.251) 2025.10.05 11:54:12 스크랩 조회 718 추천 30 댓글 0,30,718,2025.10.05 11:54:12,https://gall.dcinside.com/mgallery/board/view/?id=kyungsang&no=4885&page=5
5,4884,[일반],운지운지운지운지~여긴응디시티,흔드를라이기냐묵딱딱ㅇ!,ㅇㅇ (110.8) 2025.10.04 20:22:31 스크랩 조회 459 추천 0 댓글 0,0,459,2025.10.04 20:22:31,https://gall.dcinside.com/mgallery/board/view/?id=kyungsang&no=4884&page=5
5,4883,[일반],아 ㅋㅋ부럽노,나두,경붕이 (125.137) 2025.10.03 22:57:42 스크랩 조회 1169 추천 26 댓글 5,26,1169,2025.10.03 22:57:42,https://gall.dcinside.com/mgallery/board/view/?id=kyungsang&no=4883&page=5
5,4882,[일반],1학년들 싸가지좀 들고 다니면 안되노?,내신 90짜리도 받더니 학교 꼬라지가 말이 아니노,ㅇㅇ 2025.10.03 01:16:21 스크랩 조회 1493 추천 129 댓글 5,129,1493,2025.10.03 01:16:21,https://gall.dcinside.com/mgallery/board/view/?id=kyungsang&no=4882&page=5
5,4880,[일반],간만에 오니,셤 기간에 무슨 일 있었음?,경붕이 (223.39) 2025.10.02 12:50:31 스크랩 조회 535 추천 0 댓글 0,0,535,2025.10.02 12:50:31,https://gall.dcinside.com/mgallery/board/view/?id=kyungsang&no=4880&page=5
5,4879,[일반],호랑이치킨x떡볶이까지도 참을 수 있는데,,경붕이 (223.39) 2025.10.02 05:47:54 스크랩 조회 670 추천 7 댓글 2,7,670,2025.10.02 05:47:54,https://gall.dcinside.com/mgallery/board/view/?id=kyungsang&no=4879&page=5
5,4877,[일반],경상고 요즘 씨발 좀,도둑 라이더,경붕이 (123.213) 2025.10.02 01:24:31 스크랩 조회 1491 추천 7 댓글 1,7,1491,2025.10.02 01:24:31,https://gall.dcinside.com/mgallery/board/view/?id=kyungsang&no=4877&page=5
5,4875,[일반],우리나라 이대로 가면,라이더 - dc official App,경붕이 (211.234) 2025.10.01 20:43:51 스크랩 조회 648 추천 5 댓글 0,5,648,2025.10.01 20:43:51,https://gall.dcinside.com/mgallery/board/view/?id=kyungsang&no=4875&page=5
5,4874,[일반],진짜 다른건 다 참겠는데,,경붕이 (121.150) 2025.10.01 20:21:57 스크랩 조회 1212 추천 10 댓글 2,10,1212,2025.10.01 20:21:57,https://gall.dcinside.com/mgallery/board/view/?id=kyungsang&no=4874&page=5
5,4873,[일반],나 북면곤데 이거 진짜냐,니들 야차뜰때 소화기 뿌려서 긴장감 조성한다는게 진실임?,경붕이 (223.39) 2025.10.01 16:12:58 스크랩 조회 873 추천 2 댓글 2,2,873,2025.10.01 16:12:58,https://gall.dcinside.com/mgallery/board/view/?id=kyungsang&no=4873&page=5
5,4872,[일반],걍묻어가는거임?,ㅇㅇ,경붕이 (211.235) 2025.10.01 15:53:20 스크랩 조회 1011 추천 5 댓글 0,5,1011,2025.10.01 15:53:20,https://gall.dcinside.com/mgallery/board/view/?id=kyungsang&no=4872&page=5
5,4870,[일반],경상고 석식 아직도 지랄남?,지금은 석식 어디가하냐,경상그라드 2025.10.01 12:35:51 스크랩 조회 563 추천 0 댓글 1,0,563,2025.10.01 12:35:51,https://gall.dcinside.com/mgallery/board/view/?id=kyungsang&no=4870&page=5
5,4867,[일반],학교 꼬라지 진짜 버라이어티하네,걍 폐교하자,ㅇㅇ (110.8) 2025.10.01 07:06:47 스크랩 조회 1593 추천 8 댓글 2,8,1593,2025.10.01 07:06:47,https://gall.dcinside.com/mgallery/board/view/?id=kyungsang&no=4867&page=5
5,4862,[일반],경상고,이번엔 어떻게 넘어가려나,경붕이 (122.43) 2025.10.01 00:20:27 스크랩 조회 1062 추천 5 댓글 0,5,1062,2025.10.01 00:20:27,https://gall.dcinside.com/mgallery/board/view/?id=kyungsang&no=4862&page=5
5,4855,[일반],1학년,1학년새끼중에 맨날 지각 쳐하고 급식먹을때고 지각 쳐하는 스톤입고다니는 1학년 이름 뭐냐 ㅋㅋ5반인거 같던데 좋~~~~~~~나 가오쳐잡노?,경붕이 (221.168) 2025.09.29 23:16:33 스크랩 조회 1375 추천 18 댓글 2,18,1375,2025.09.29 23:16:33,https://gall.dcinside.com/mgallery/board/view/?id=kyungsang&no=4855&page=5
5,4853,[일반],우리 학교에서 인서울 잘 가냐?,못갈거같긴함,경붕이 (14.45) 2025.09.29 18:05:15 스크랩 조회 539 추천 0 댓글 0,0,539,2025.09.29 18:05:15,https://gall.dcinside.com/mgallery/board/view/?id=kyungsang&no=4853&page=5
5,4844,[일반],졸업생인데 아직도 학교 병신임?,ㅈㄱㄴ - dc official App,경붕이 (211.234) 2025.09.26 04:48:32 스크랩 조회 1102 추천 4 댓글 6,4,1102,2025.09.26 04:48:32,https://gall.dcinside.com/mgallery/board/view/?id=kyungsang&no=4844&page=5
5,4843,[일반],젤 이해가 안가는게,성적 안나오면서 정시 하겠다고 입터는거부터 해서 선생 똥꼬빨아주면서 좆반고에서 내신 낼름낼름 받아먹는거 대체 왜 그따구로 사는거임?딸배 예행 연습이나 하든가 ㅅㅂ,경붕이 (58.237) 2025.09.25 23:50:38 스크랩 조회 940 추천 0 댓글 2,0,940,2025.09.25 23:50:38,https://gall.dcinside.com/mgallery/board/view/?id=kyungsang&no=4843&page=5
6,4839,[일반],이제 자숙해야지,"행실 ㅈ같이 해서 나락 갔으면, 이제 에어팟 돌려주고 자숙하자 .",경붕이 (221.168) 2025.09.23 00:17:09 스크랩 조회 1062 추천 4 댓글 2,4,1062,2025.09.23 00:17:09,https://gall.dcinside.com/mgallery/board/view/?id=kyungsang&no=4839&page=6
6,4838,[일반],아하 언조비카이,우흥,경붕이 (121.182) 2025.09.22 22:49:39 스크랩 조회 526 추천 3 댓글 0,3,526,2025.09.22 22:49:39,https://gall.dcinside.com/mgallery/board/view/?id=kyungsang&no=4838&page=6
6,4836,[일반],자습할때,자습실에서 코 좀 작작 풀어라 씨발 기본적인 매너는 지켜야지 진짜 좆같네,경붕이 (223.39) 2025.09.22 16:39:50 스크랩 조회 755 추천 7 댓글 1,7,755,2025.09.22 16:39:50,https://gall.dcinside.com/mgallery/board/view/?id=kyungsang&no=4836&page=6
6,4835,[일반],내년에 경상고 가려고 하는데,1학기 성적만 보면 76퍼 인데 경상 갈수있나요,경붕이 (1.251) 2025.09.21 19:29:04 스크랩 조회 939 추천 0 댓글 9,0,939,2025.09.21 19:29:04,https://gall.dcinside.com/mgallery/board/view/?id=kyungsang&no=4835&page=6
6,4834,[일반],이 학교가 아이러니한점.,"모 학생의 애플펜슬 ""절도""는 아 그럴수있다노~ 니가 한번 봐달라노~ 돌려받았으니 넘어가달라노~ 이 지랄하더니 막상 강당에서는 먹히지도 않을 협박으로 자수 받아내려 했다는게 어이 존나 털림 ㄹㅇ 디시에 누군지 특정되지도 않는 글을 쓴게 절도보다 더 중대한 범죄로 규정하는 ""경상고"" 그저 GOAT면 개추 한번 눌러볼까?",ㅇㅇ (211.235) 2025.09.21 14:57:37 스크랩 조회 1105 추천 27 댓글 1,27,1105,2025.09.21 14:57:37,https://gall.dcinside.com/mgallery/board/view/?id=kyungsang&no=4834&page=6
6,4832,[일반],저격 vs 절도,"디씨에 초성으로 저격글 쓴 사건으로 애들 강당에 불러놓고 형사고소 이야기 하면서, 정작 더 큰 범죄인 절도사건은 제대로 된 처벌 이루어지지도 않은건 뭐임? 이렇개 범죄사건에 민감한 학교였나? ㅋㅋㅋㅋ 당연히 저격글 쓴 새끼가 잘못한거지만 일반적으로 누가 명예회손? 을 절도보다 무겁게 생각하냐 게다가 백만원 가까인데 기준을 모르겠노",경붕이 (223.39) 2025.09.20 23:23:00 스크랩 조회 1205 추천 26 댓글 7,26,1205,2025.09.20 23:23:00,https://gall.dcinside.com/mgallery/board/view/?id=kyungsang&no=4832&page=6
6,4831,[일반],급식실 앞에서 새치기좀 쳐 하지마라,가정교육 못받은거 티내노,ㅇㅇ (1.251) 2025.09.20 01:29:44 스크랩 조회 889 추천 15 댓글 7,15,889,2025.09.20 01:29:44,https://gall.dcinside.com/mgallery/board/view/?id=kyungsang&no=4831&page=6
6,4830,[일반],이 부엉이바위쪽으로가자,,ㅇㅇ (223.39) 2025.09.19 21:20:29 스크랩 조회 534 추천 4 댓글 0,4,534,2025.09.19 21:20:29,https://gall.dcinside.com/mgallery/board/view/?id=kyungsang&no=4830&page=6
6,4827,[일반],여기가 그 저격 암튼 그곳인가요,"초성 같은 단어나 대상의 주소 등 확실한 대상이 없는 내용은 특정성이 성립되지 않아 고소를 할 수 없다는 사실... 괜히 트위터 언냐들이 욕할 때 초성들을 쓰면서 검색을 피하고 특정성을 피하는 이유가 있습니다 또한 남을 향한 비방이나 욕설에 대한 고소 진행을 위해 경찰청에서 디시에게 협조를 요청할 수 있으나 그 전에 이런 특정성이 성립되지 않는 고소를 경찰에서 귀찮기 때문에 받아주지 않는다는 사실... 경상고 갤이긴 하지만 애초에 경상고 얘기만 하라는 법도 없는데 문제가 된 글의 ㄱㅂ쿤은 롤의 가렌의 별명 중 하나인 가붕쿤을 얘기한 걸 수도 있는거 아님? 같은 이유로 고소는 좆빡세다는거 괜히 롤에서 본인의 본명, 집 주소와 지역 위치, 나이까지 포함해서 닉네임을 짓고 트롤해서 팀원한테 욕먹으면 욕설 및 비방으로 고소해서 합의금 쌀먹하는 사람들이 있었던게 아니라는거",경붕이 (211.234) 2025.09.19 17:10:57 스크랩 조회 848 추천 1 댓글 3,1,848,2025.09.19 17:10:57,https://gall.dcinside.com/mgallery/board/view/?id=kyungsang&no=4827&page=6
6,4826,[일반],제발 무뇌인거 티 내지마라,"내가  쓴  글이랑 말이랑  어떤 영향이 있을지 생각 좀 하고  무뇌야 입만 열면 ""내가 알아서 한다고""말은 하지만 혼자서  아무것도 못하는  무뇌야 아무생각없이  지끼고 글쓰고 남탓만 하다가 나이  40대도 방구석에서 커뮤니티에 300따리는 외노자나 하쥬? 이카면서 부모등골  빼먹고 연애한번 못해보고 맨날 야동이나  보고  딸치다가 인생 쫑나기  싫으면 생각을 좀 하고 살아라 무뇌야",경붕이 (223.39) 2025.09.19 16:38:37 스크랩 조회 729 추천 0 댓글 5,0,729,2025.09.19 16:38:37,https://gall.dcinside.com/mgallery/board/view/?id=kyungsang&no=4826&page=6
6,4822,[일반],대성당들의 시대가 무너지네,키보드들의 시대가 무너지네~ 성문앞을 매운 이교도들의 무리~,경붕이 (98.98) 2025.09.19 14:21:01 스크랩 조회 573 추천 3 댓글 0,3,573,2025.09.19 14:21:01,https://gall.dcinside.com/mgallery/board/view/?id=kyungsang&no=4822&page=6
6,4815,[일반],경상 vs 영신,- dc official App,경붕이 (221.142) 2025.09.15 04:24:07 스크랩 조회 583 추천 2 댓글 0,2,583,2025.09.15 04:24:07,https://gall.dcinside.com/mgallery/board/view/?id=kyungsang&no=4815&page=6
6,4813,[일반],솔직히 경상고 정도면 좆반고는 아니지않냐?,평타정도일텐데 자꾸 갤에서 이상한걸 우기노,경붕이 (121.150) 2025.09.14 00:41:36 스크랩 조회 728 추천 2 댓글 4,2,728,2025.09.14 00:41:36,https://gall.dcinside.com/mgallery/board/view/?id=kyungsang&no=4813&page=6
6,4801,[일반],여기 등교시간 몇시까지임,대가리규정 있음?,경붕이 (123.213) 2025.09.06 01:14:38 스크랩 조회 457 추천 0 댓글 3,0,457,2025.09.06 01:14:38,https://gall.dcinside.com/mgallery/board/view/?id=kyungsang&no=4801&page=6
6,4800,[일반],형님들 체대는 내신 7점대도 연세대 갈수 있나요?,진짜 모름 ㅇㅅㅇ,경붕이 (223.39) 2025.09.05 16:53:42 스크랩 조회 858 추천 5 댓글 2,5,858,2025.09.05 16:53:42,https://gall.dcinside.com/mgallery/board/view/?id=kyungsang&no=4800&page=6
6,4798,[일반],본인 고3인데,사문 6모 45점에서 9모 22점으로 떡락했다 어카냐 따듯한 조언바란다.,경붕이 (221.142) 2025.09.03 21:02:40 스크랩 조회 676 추천 1 댓글 6,1,676,2025.09.03 21:02:40,https://gall.dcinside.com/mgallery/board/view/?id=kyungsang&no=4798&page=6
6,4797,[일반],영미문학읽기,1.2학년들아 선동되지 마라 영미문학읽기는 경상고 최고의 클래스다,경붕이 (59.23) 2025.09.03 00:21:07 스크랩 조회 460 추천 2 댓글 4,2,460,2025.09.03 00:21:07,https://gall.dcinside.com/mgallery/board/view/?id=kyungsang&no=4797&page=6
6,4796,[일반],영미문학읽기 진짜 좋아요?,과목선택 하려는데 진짜 좋음? 구라같아서,경붕이 (125.137) 2025.09.01 22:29:29 스크랩 조회 460 추천 1 댓글 4,1,460,2025.09.01 22:29:29,https://gall.dcinside.com/mgallery/board/view/?id=kyungsang&no=4796&page=6
6,4795,[일반],17년 졸업생인데 쌤들 잘계시냐,아아 그리운 그시절 - dc official App,경붕이 (39.116) 2025.08.28 01:32:01 스크랩 조회 646 추천 0 댓글 2,0,646,2025.08.28 01:32:01,https://gall.dcinside.com/mgallery/board/view/?id=kyungsang&no=4795&page=6
6,4794,[일반],경상고 교장에게 요구한다.,2권도 빨리 번역하라. 18년째 2권이 안 나오고 있다.,Grundrisse 2025.08.27 08:29:51 스크랩 조회 898 추천 0 댓글 2,0,898,2025.08.27 08:29:51,https://gall.dcinside.com/mgallery/board/view/?id=kyungsang&no=4794&page=6
6,4793,[일반],경상 vs 성광,어디가야함? 성광은 대가리규정 있는데 여기도 있으비까??,경붕이 (123.213) 2025.08.26 22:50:23 스크랩 조회 678 추천 0 댓글 2,0,678,2025.08.26 22:50:23,https://gall.dcinside.com/mgallery/board/view/?id=kyungsang&no=4793&page=6
6,4791,[일반],노무현 전대통령 사,,경붕이 (39.116) 2025.08.21 12:08:26 스크랩 조회 431 추천 1 댓글 0,1,431,2025.08.21 12:08:26,https://gall.dcinside.com/mgallery/board/view/?id=kyungsang&no=4791&page=6
6,4790,[일반],**은 누굴까요 맞춰보시오. (기출문제),경상고 **은 04년생으로 코로나가 막 시작된 20년부터 22년까지 경상고에 머물렀습니다. 그는 21년도에 경상고 마이너 갤러리 주딱을 하기도 하였으며 자신의 시험 기간을 마치 **처럼 늦게 출발하여 항상 내신은 박았고 정시파이터를 외쳤지만 결국에는 운 좋게 학종 심지어 최저도 없는 전형으로 경대에 갔습니다. 학고를 받긴 했지만 그래도 회복하였고 지금은 군대에서 출몰한다고 합니다. 그는 경상고 순수재미 황금기를 이끈 04년생 경상고 과중반 황금세대를 이끈 장본인이며 과중반은 물론 심지어 기숙사에서도 분위기 메이커 역할을 하였습니다. 경상고 **라는 전설의 동물을 기억해주시면 감사하겠습니다. 별로 안 긴 글을 읽어주셔서 감사합니다.,경붕이 (221.142) 2025.08.21 02:10:58 스크랩 조회 863 추천 3 댓글 1,3,863,2025.08.21 02:10:58,https://gall.dcinside.com/mgallery/board/view/?id=kyungsang&no=4790&page=6
6,4789,[일반],궁급한거 있는데,과중에 왜 전교권이 잘 없음?? 말 그대로 과학만 파는 미친련들인거임??,경붕이 (58.224) 2025.08.20 16:06:25 스크랩 조회 506 추천 1 댓글 5,1,506,2025.08.20 16:06:25,https://gall.dcinside.com/mgallery/board/view/?id=kyungsang&no=4789&page=6
6,4788,[일반],09중에,담배피는련들 있노?,경붕이 (58.237) 2025.08.19 21:52:23 스크랩 조회 689 추천 1 댓글 1,1,689,2025.08.19 21:52:23,https://gall.dcinside.com/mgallery/board/view/?id=kyungsang&no=4788&page=6
6,4787,[일반],대체 쓴 휴지 왜 변기에 안넣고 휴지통에 버리냐고,화장실 쓰려는데 몇몇 놈은 자꾸 변기 옆 쓰레기통에 쓴 휴지를 버리는 것 같아서 하소연. 대체 왜 쓴 휴지를 쓰레기통에 버리는건가? 자신의 오른쪽에 똥이 있어야 집중이 잘되기라도 하는건가? 요즘 휴지 물에 잘 풀린다. 변기에 넣는다고 막히지 않는다. 나는 볼일을 볼 때 휴지를 많이 쓰는 편이라고 생각한다. 하지만 학교 화장실은 한번도 막힌 적이 없었다. 그러니까 잘 들어라 너의 똥은 절대로 변기 밖에 존재해서는 안된다. 학교에서 똥을 싸는 것? 이해할 수 있다. 학교 변기가 막히는 것? 이해할 수 있다. 휴지를 많이 썼든 화장실 시설이 구리든 그냥 단순히 막힐만큼 많이 쌌든 간에 이해해주는 것이 당연한 것이다. 똥 닦은 휴지 변기에 안버리고 휴지통에 버리는 것? 이해할 수 없다. 난 너의 똥을 보고싶지 않다. 다시 한번 말할테니까 잘 들어라 니 똥은 절대로 변기 밖에서 존재해서는 안된다. 착한 경붕이들은 쓴 휴지는 꼭 변기에 버리자.,경붕이 (220.122) 2025.08.15 22:21:40 스크랩 조회 843 추천 8 댓글 7,8,843,2025.08.15 22:21:40,https://gall.dcinside.com/mgallery/board/view/?id=kyungsang&no=4787&page=6
6,4786,[일반],아무리 과중이 싫다고 해도,오늘 1교시 이동수업중에 과중 반에 있던 화분 뒤집어놓고 간 놈은 뭐냐,경붕이 (185.252) 2025.08.14 10:42:28 스크랩 조회 601 추천 0 댓글 1,0,601,2025.08.14 10:42:28,https://gall.dcinside.com/mgallery/board/view/?id=kyungsang&no=4786&page=6
6,4785,[일반],생기부 마감 다가오는데 누락된 거 있는 경붕이들은 봐라,"괜찮아~ 다 잘 될거야~ 선생님이랑 얘기해보니 우리 학교도 마찬가지로 저 입장임 미안하긴한데 규정상 수정은 안 된다라는 ㅈ같은 입장 내가 잘못한 것도 아닌데 나만 피해보는 ㅈㄹ맞은 상황 분명 리로스쿨에 내가 제출한 활동 보고서라는 객관적인 증거가 있음에도 생기부 수정이 안 되는 이상하고 이해도 안되는 상황 1학년 때부터 ‘생기부 준비해라‘, ‘정시 말고 수시로 가라‘ 이러더니 막상 했던 활동을 누락시키는 학교에게 화난 마음이 들 수 밖에 없음하지만 안 되는 건 어쩔 수 없고 이 생각은 하면 할수록 억울하니 접어두고 그냥 공부해서 정시로 가는 게 나을 것 같다 1, 2학년들도 조심해라 선생님 중에서 학기 말에 자율이랑 진로활동 미리 보여주는 쌤들도 있고 안 보여주는 쌤들도 있는데 나 같이 이 꼴 나기 싫으면 보여달라고 요청하는 게 좋음 만약 겨울방학 중에 누락된 거 발견했는데 담임 쌤이 다른 학교로 간 상태거나 생기부 정정기간 끝나면 나와 같은 길을 가는 거니까 조심해라",경붕이 (104.28) 2025.08.13 20:25:19 스크랩 조회 939 추천 11 댓글 0,11,939,2025.08.13 20:25:19,https://gall.dcinside.com/mgallery/board/view/?id=kyungsang&no=4785&page=6
6,4784,[일반],경상고 기숙사 많이 씀??,내년에 경상 갈려고 하는데 집이 멀어서 긱사 갈라하는데 긱사 쫌 많이 쓰나요,경붕이 (223.39) 2025.08.13 17:54:40 스크랩 조회 393 추천 0 댓글 1,0,393,2025.08.13 17:54:40,https://gall.dcinside.com/mgallery/board/view/?id=kyungsang&no=4784&page=6
6,4777,[일반],2학년들아 정보 푼다,"현 고 3인데 학종, 내신 챙기고 싶은 애들이나 정시파이터는 꼭 영미문학읽기 신청해라. 은근 꿀통 과목인데 잘 모르더라 진로 과목이라 부담도 없고 걍 날먹임 (학종 챙기는 사람 필수!) 즐공들 해라",경붕이 (222.104) 2025.08.06 01:56:33 스크랩 조회 1253 추천 19 댓글 5,19,1253,2025.08.06 01:56:33,https://gall.dcinside.com/mgallery/board/view/?id=kyungsang&no=4777&page=6
6,4774,[일반],경마갤을 외부인들도 보나?,전교생이 700명 정도인데 조회수가 생각보다 존나 높네 ㅋㅋㅋㅋㅋ,ㅇㅇ (123.213) 2025.07.26 07:46:58 스크랩 조회 694 추천 0 댓글 2,0,694,2025.07.26 07:46:58,https://gall.dcinside.com/mgallery/board/view/?id=kyungsang&no=4774&page=6
6,4773,[일반],그분은,왜그렇개 보정을 할까,ㅇㅇ (221.168) 2025.07.25 18:43:13 스크랩 조회 670 추천 3 댓글 2,3,670,2025.07.25 18:43:13,https://gall.dcinside.com/mgallery/board/view/?id=kyungsang&no=4773&page=6
6,4772,[일반],경상고 에어팟 도둑,2학년 중에 에어팟 도둑 있는거 알긔? 개뻔뻔하긔ㅋㅋㅋㅋ 다들 조심하시긔,경붕이 (121.181) 2025.07.24 01:03:53 스크랩 조회 1394 추천 11 댓글 4,11,1394,2025.07.24 01:03:53,https://gall.dcinside.com/mgallery/board/view/?id=kyungsang&no=4772&page=6
6,4769,[일반],이번 우리학교 교과우수상 없나?,안주는건ㄱㅏ 못받는 건가? 소식없ㄴㅔ,경붕이 (122.32) 2025.07.23 05:21:17 스크랩 조회 467 추천 0 댓글 0,0,467,2025.07.23 05:21:17,https://gall.dcinside.com/mgallery/board/view/?id=kyungsang&no=4769&page=6
6,4768,[일반],이학교 3학년들은 왜 죄다 이모양이냐...,,경붕이 (110.11) 2025.07.23 00:09:10 스크랩 조회 834 추천 3 댓글 1,3,834,2025.07.23 00:09:10,https://gall.dcinside.com/mgallery/board/view/?id=kyungsang&no=4768&page=6
6,4767,[일반],키쌤,키쌤,경붕이 (58.237) 2025.07.22 01:03:03 스크랩 조회 1070 추천 8 댓글 0,8,1070,2025.07.22 01:03:03,https://gall.dcinside.com/mgallery/board/view/?id=kyungsang&no=4767&page=6
6,4764,[일반],ㅎㄹ 어떰?,잘가르침? 인스타에서 춤추는것만 보다가 이 학교라길래 궁금해서 물어보 - dc official App,ㅇㅇ (112.163) 2025.07.18 23:21:17 스크랩 조회 2071 추천 1 댓글 11,1,2071,2025.07.18 23:21:17,https://gall.dcinside.com/mgallery/board/view/?id=kyungsang&no=4764&page=6
6,4763,[일반],오늘,3학년 1반 뭔일있었냐? 애들 ㅈㄴ모이던데,경붕이 (119.201) 2025.07.17 17:17:53 스크랩 조회 585 추천 0 댓글 0,0,585,2025.07.17 17:17:53,https://gall.dcinside.com/mgallery/board/view/?id=kyungsang&no=4763&page=6
6,4762,[일반],오늘 3학년,ㄴㅁㅎ또 뭔짓함? 아는 경붕이 댓좀 달아라,경붕이 (124.59) 2025.07.17 16:29:48 스크랩 조회 938 추천 1 댓글 2,1,938,2025.07.17 16:29:48,https://gall.dcinside.com/mgallery/board/view/?id=kyungsang&no=4762&page=6
6,4761,[일반],딸피들아,수능 준비는 잘하고 있노?ㅋㅋ,경붕이 (114.201) 2025.07.16 21:07:43 스크랩 조회 644 추천 1 댓글 1,1,644,2025.07.16 21:07:43,https://gall.dcinside.com/mgallery/board/view/?id=kyungsang&no=4761&page=6
6,4759,[일반],갤ㅈㄴ재미없네,재밌는거좀 올려봐라,경붕이 (1.251) 2025.07.12 17:15:23 스크랩 조회 573 추천 0 댓글 1,0,573,2025.07.12 17:15:23,https://gall.dcinside.com/mgallery/board/view/?id=kyungsang&no=4759&page=6
6,4758,[일반],아 ㅅㅂ  진짜 장애인인가,면라이더 - dc official App,경붕이 (58.237) 2025.07.10 23:15:35 스크랩 조회 1398 추천 6 댓글 0,6,1398,2025.07.10 23:15:35,https://gall.dcinside.com/mgallery/board/view/?id=kyungsang&no=4758&page=6
6,4756,[일반],궁금한게 있는데,그럼 전교회장형 1.0으로 내신 마무리 됨?? 그럼 대학어디가능함?,경붕이 (223.39) 2025.07.09 21:23:23 스크랩 조회 537 추천 3 댓글 0,3,537,2025.07.09 21:23:23,https://gall.dcinside.com/mgallery/board/view/?id=kyungsang&no=4756&page=6
6,4755,[일반],러닝,ㅇㅊㅎ쌤 나보다 느린 것 같던데 키로당 페이스 들은거 있냐 난 평균4:00페이스임 개교기념마라톤은 내가 뛸 정도는 아닌것 같아서 그냥 걸었다,경붕이 (59.25) 2025.07.08 18:50:12 스크랩 조회 463 추천 1 댓글 1,1,463,2025.07.08 18:50:12,https://gall.dcinside.com/mgallery/board/view/?id=kyungsang&no=4755&page=6
6,4754,[일반],경상 인스타 어디감,나만 안보이는거임?,ㅇㅇ (211.235) 2025.07.06 01:20:55 스크랩 조회 680 추천 0 댓글 2,0,680,2025.07.06 01:20:55,https://gall.dcinside.com/mgallery/board/view/?id=kyungsang&no=4754&page=6
6,4753,[일반],고3 1등이,6모 학교에서 친 N수생들 다 따잇해버렸다는거 사실임? 내가 알기론 06 2등도 학교에서 쳤다던데 말세다 말세 ㅋㅋ,경붕이 (1.251) 2025.07.03 22:47:28 스크랩 조회 1244 추천 7 댓글 4,7,1244,2025.07.03 22:47:28,https://gall.dcinside.com/mgallery/board/view/?id=kyungsang&no=4753&page=6
6,4751,[일반],"요즘 1,2학년들 재미가 없노",갤 활성화좀 시켜봐라,경붕이 (104.28) 2025.07.03 01:38:53 스크랩 조회 656 추천 4 댓글 0,4,656,2025.07.03 01:38:53,https://gall.dcinside.com/mgallery/board/view/?id=kyungsang&no=4751&page=6
6,4750,[일반],과탐이들 이번 시험 ㅈ됐다고 정시 고민 중이면 이거 꼭 봐라,,경붕이 (103.111) 2025.07.01 21:39:31 스크랩 조회 451 추천 0 댓글 1,0,451,2025.07.01 21:39:31,https://gall.dcinside.com/mgallery/board/view/?id=kyungsang&no=4750&page=6
6,4749,[일반],(귀여움 한도 초과)레전드 경상고 틱톡커 근황ㄷㄷ,,경붕이 (223.39) 2025.07.01 01:45:21 스크랩 조회 2307 추천 26 댓글 4,26,2307,2025.07.01 01:45:21,https://gall.dcinside.com/mgallery/board/view/?id=kyungsang&no=4749&page=6
6,4747,[일반],사탐/확통런 많음?,이번에 재수하는데 주변에 사탐런 생각보다 많더라고 막 최상위는 아닌데 중경외시 급 애들도 사탐런 하더라 확통런은 딱 한명 봤는데 이건 굳이인거 같고 현역 분위기는 어떰? 과중애들도 사탐런 많냐?,경붕이 (1.251) 2025.06.29 01:15:14 스크랩 조회 583 추천 0 댓글 5,0,583,2025.06.29 01:15:14,https://gall.dcinside.com/mgallery/board/view/?id=kyungsang&no=4747&page=6
7,4746,[일반],2학년들 싸가지 없는거보소 ㅉㅉ,마지막에 성기훈이 222번(조유리 애기)남기고 탈락함 - dc official App,경붕이 (58.124) 2025.06.28 14:49:55 스크랩 조회 1210 추천 10 댓글 6,10,1210,2025.06.28 14:49:55,https://gall.dcinside.com/mgallery/board/view/?id=kyungsang&no=4746&page=7
7,4745,[일반],3학년들 요즘,오징어 게임 우승자는 222번 애기임,경붕이 (221.142) 2025.06.28 01:16:59 스크랩 조회 835 추천 11 댓글 0,11,835,2025.06.28 01:16:59,https://gall.dcinside.com/mgallery/board/view/?id=kyungsang&no=4745&page=7
7,4744,[일반],운동장에 놔둔 교복,자꾸왜없어지는거냐 누가 뽀려가는거냐 이거,경붕이 (39.116) 2025.06.27 15:29:50 스크랩 조회 416 추천 0 댓글 1,0,416,2025.06.27 15:29:50,https://gall.dcinside.com/mgallery/board/view/?id=kyungsang&no=4744&page=7
7,4743,[일반],3학년 입시 ㅈ만이들은 새겨들어라 ㅋㅋ,수능 140일 남은 거 모르는 새끼 없을 건데 점심시간마다 성실히 운동장에 출석하는 거 보면 생기부 ㅈ빠지게 써주시는 ㄱㅈㅎ 선생님 생각에 가슴이 아린다 ㅋㅋ 양심 있으면 야자실 겨 들어가서 펜 잡아라,경붕이 (39.116) 2025.06.26 15:00:34 스크랩 조회 1031 추천 17 댓글 9,17,1031,2025.06.26 15:00:34,https://gall.dcinside.com/mgallery/board/view/?id=kyungsang&no=4743&page=7
7,4742,[일반],여가부 장관 후보자,경상여고 출신임 ㅋㅋ,경붕이 (39.116) 2025.06.23 15:33:33 스크랩 조회 717 추천 2 댓글 1,2,717,2025.06.23 15:33:33,https://gall.dcinside.com/mgallery/board/view/?id=kyungsang&no=4742&page=7
7,4739,[일반],"""누구냐, 넌""","""성적은 마음에 들어요?""",ㅇㅇ (118.235) 2025.06.22 20:09:28 스크랩 조회 624 추천 2 댓글 1,2,624,2025.06.22 20:09:28,https://gall.dcinside.com/mgallery/board/view/?id=kyungsang&no=4739&page=7
7,4738,[일반],프로젝트 봉사,열시간 다 채우기는 했는데 이거 하면 도움 되는거임?…전시랑 발표까지 하면 자율특기사항까지 적을 수 있대서 시험공부도 못하고 낼까지 전시회 파일 제출이라 만들고 있는데 현타오노. 2학년 미술쌤이 하라해서 하고 있는데 프로젝트 봉사 어떻게 생각함??,경붕이 (118.235) 2025.06.22 13:31:31 스크랩 조회 401 추천 1 댓글 2,1,401,2025.06.22 13:31:31,https://gall.dcinside.com/mgallery/board/view/?id=kyungsang&no=4738&page=7
7,4737,[일반],경상고 씨발새끼들 내 눈에 띄지마라,후장 씹창내버린다진짜,ㅇㅇ (121.159) 2025.06.21 21:13:17 스크랩 조회 821 추천 0 댓글 2,0,821,2025.06.21 21:13:17,https://gall.dcinside.com/mgallery/board/view/?id=kyungsang&no=4737&page=7
7,4736,[일반],현직 중3인데요,1. 경상 과중반 어떤가요? 공부분위기랑 학교생활 재밌는지 궁금해요 2. 긱사 들어가면 평일엔 학원 못다니는데 공부는 인강으로만 하나요,경붕이 (49.175) 2025.06.21 14:25:56 스크랩 조회 544 추천 1 댓글 7,1,544,2025.06.21 14:25:56,https://gall.dcinside.com/mgallery/board/view/?id=kyungsang&no=4736&page=7
7,4734,[일반],경명여고 성화여고 남산고 영신고 강동고 중에서 어디가 나음?,현재 수성구에서 ㅎㅌㅊ인 남녀공학 중학교 다니는 중3임 성적은 상위 30퍼 초반이고 1호선 대구역 근처 아파트 살고있음 대학은 수시나 학종으로 갈 생각임 그리고 분위기도 너무 산만하지 않았으면 좋겠다 경상여고 경북여고 신명고는 주변에서 별로라고 하길래 거르기로 했음 조언 부탁한다.........,경붕이 (220.81) 2025.06.18 19:09:54 스크랩 조회 1146 추천 0 댓글 10,0,1146,2025.06.18 19:09:54,https://gall.dcinside.com/mgallery/board/view/?id=kyungsang&no=4734&page=7
7,4733,[일반],경상이 아무리 과중반 미달나는 고등호소학교라고 해도,영진 영신에 비하면 경상 이새끼들 노력을 안해서 그렇지 대갈빡 굴리면 어느정도 하는듯 물론 성광앞에서는 머리 조아려야함,경붕이 (211.186) 2025.06.18 00:56:21 스크랩 조회 511 추천 0 댓글 0,0,511,2025.06.18 00:56:21,https://gall.dcinside.com/mgallery/board/view/?id=kyungsang&no=4733&page=7
7,4732,[일반],레전드ㅋㅋ,경상고 출신 08 2점대 과중반 영진고 전학 후 내신 올 1ㅋㅋㅋㅋ,경붕이 (220.81) 2025.06.17 22:16:14 스크랩 조회 955 추천 11 댓글 2,11,955,2025.06.17 22:16:14,https://gall.dcinside.com/mgallery/board/view/?id=kyungsang&no=4732&page=7
7,4730,[일반],실시간 경붕이 이거 맞냐?,진짜 ㄸㄹㅇㅅㄲㄴ네 이거,경붕이 (104.28) 2025.06.13 13:07:27 스크랩 조회 1260 추천 10 댓글 2,10,1260,2025.06.13 13:07:27,https://gall.dcinside.com/mgallery/board/view/?id=kyungsang&no=4730&page=7
7,4729,[일반],실시간 이재명 당선 1주일 간 민주당의 움직임,"1. 검찰개혁 4법 패키지 (6월 11일 발의) 2. 대법관 증원 법안 (6월 5일 처리) 검찰청법 폐지 6월 11일 중대범죄수사청 신설 6월 11일 — 공소청 신설 6월 11일 — 국가수사위원회 설치 6월 11일 — 대법관 증원 6월 5일 정리하자면 , 취임 일주일 사이에 민주당은 ‘검찰청 폐지 및 수사·기소 분리’와 ‘사법부 권력 확대(대법관 증원)’라는 과감한 개혁 법안을 잇달아 발의했다. 향후 국회 심사 과정에서 야당의 반대 , 공청회·법사위 논의 , 실무 후속 조치(형사소송법·수사절차법 개정) 등을 거치며 입법화 여부와 시기, 내용이 확정될 전망. gpt 피셜, 이재명 정부 및 민주당의 최근 법안들은: • 행정부 권한 강화 사법 및 수사기관 재편 입법 강행이라는 흐름에서, 권력 집중과 권한 분산의 원칙 약화라는 점에서 '제왕적 대통령제'나 '여당 독주' 우려로 해석될 여지가 있습니다.",경붕이 (39.116) 2025.06.12 15:51:44 스크랩 조회 529 추천 7 댓글 2,7,529,2025.06.12 15:51:44,https://gall.dcinside.com/mgallery/board/view/?id=kyungsang&no=4729&page=7
7,4727,[일반],친북좌파ㅅㄲ들찢재명당선된거후회하게될거다,카 리 나 좆 비 상,경붕이 (211.234) 2025.06.04 00:32:36 스크랩 조회 867 추천 54 댓글 5,54,867,2025.06.04 00:32:36,https://gall.dcinside.com/mgallery/board/view/?id=kyungsang&no=4727&page=7
7,4726,[일반],모두들 중국어 배웁시다!!!,- dc official App,ㅇㅇ (121.150) 2025.06.03 23:07:34 스크랩 조회 309 추천 0 댓글 0,0,309,2025.06.03 23:07:34,https://gall.dcinside.com/mgallery/board/view/?id=kyungsang&no=4726&page=7
7,4721,[일반],오 레전드,고3 6모랑 9모는 모의고사 성적표가 다르게 나오네요?? ㄷㄷ,경붕이 (221.142) 2025.05.29 01:27:09 스크랩 조회 586 추천 0 댓글 2,0,586,2025.05.29 01:27:09,https://gall.dcinside.com/mgallery/board/view/?id=kyungsang&no=4721&page=7
7,4720,[일반],당근마켓 경붕이 평ㄱㅍㄴ,바로 신고했다 잘가라,경붕이 (110.14) 2025.05.28 22:38:50 스크랩 조회 608 추천 0 댓글 1,0,608,2025.05.28 22:38:50,https://gall.dcinside.com/mgallery/board/view/?id=kyungsang&no=4720&page=7
7,4719,[일반],2학년 ㅊㅊ 계주 속도 실화냐,달려라 ㅊㅊ!!,경붕이 (39.116) 2025.05.26 17:55:15 스크랩 조회 927 추천 8 댓글 4,8,927,2025.05.26 17:55:15,https://gall.dcinside.com/mgallery/board/view/?id=kyungsang&no=4719&page=7
7,4717,[일반],영신고 어떠냐,영신고 어떠냐,Sheveuq 2025.05.24 21:56:28 스크랩 조회 678 추천 0 댓글 5,0,678,2025.05.24 21:56:28,https://gall.dcinside.com/mgallery/board/view/?id=kyungsang&no=4717&page=7
7,4716,[일반],내가 게이는 아닌데,왜 경상에 꼴리는애가있는거냐,ㅇㅇ (211.235) 2025.05.24 19:08:12 스크랩 조회 838 추천 3 댓글 3,3,838,2025.05.24 19:08:12,https://gall.dcinside.com/mgallery/board/view/?id=kyungsang&no=4716&page=7
7,4715,[일반],야이 경붕이 병신새끼들아,"수시충 경붕이들: ppt 를, 조별과제를 ,리로스쿨에 ,토론을 ,작문을 ,생기부를, 독후감을, ....... 아 할거 존나 많네 선생 비위까지 맞춰야해? 정시파이터 경붕이들:하루 집중 8시간 딸깍 인서울 ㅋㅋㅋㅋㅋㅋㅋ",ㅇㅇ (121.182) 2025.05.24 14:35:59 스크랩 조회 902 추천 13 댓글 1,13,902,2025.05.24 14:35:59,https://gall.dcinside.com/mgallery/board/view/?id=kyungsang&no=4715&page=7
7,4713,[일반],나 과중인데 개교기념일에 마라톤 하는거 어망구 뒤진거 아님?,ㅈㄱㄴ,ㅇㅇ (211.36) 2025.05.23 08:27:28 스크랩 조회 554 추천 4 댓글 1,4,554,2025.05.23 08:27:28,https://gall.dcinside.com/mgallery/board/view/?id=kyungsang&no=4713&page=7
7,4711,[일반],"""망갤테스트""",- dc official App,경붕이 (58.29) 2025.05.23 01:17:35 스크랩 조회 719 추천 19 댓글 0,19,719,2025.05.23 01:17:35,https://gall.dcinside.com/mgallery/board/view/?id=kyungsang&no=4711&page=7
7,4710,[일반],07년생 까지만 아는 경상고 전통의 전설의 축구대회,이거진짜 왜 사라진건지 의문임 수업시간째고 운동장에서 다같이 축구 보면서 리액션했던게 개꿀잼이였는데,경붕이 (59.23) 2025.05.22 23:26:39 스크랩 조회 942 추천 12 댓글 0,12,942,2025.05.22 23:26:39,https://gall.dcinside.com/mgallery/board/view/?id=kyungsang&no=4710&page=7
7,4709,[일반],벌써부터 슬슬 몸 무거워지는 사람은 개추,일단 노부터 - dc official App,경붕이 (211.235) 2025.05.22 15:27:50 스크랩 조회 592 추천 6 댓글 0,6,592,2025.05.22 15:27:50,https://gall.dcinside.com/mgallery/board/view/?id=kyungsang&no=4709&page=7
7,4708,[일반],솔직히,이럴꺼면 축구대회하지ㅋㅋ 병신새끼들 - dc official App,경붕이 (118.235) 2025.05.22 10:46:31 스크랩 조회 498 추천 7 댓글 0,7,498,2025.05.22 10:46:31,https://gall.dcinside.com/mgallery/board/view/?id=kyungsang&no=4708&page=7
7,4707,[일반],경상고 돈 없냐?,스피커 바꿀 돈 없냐? 존나 재미없노,경붕이 (118.235) 2025.05.22 10:45:27 스크랩 조회 757 추천 14 댓글 0,14,757,2025.05.22 10:45:27,https://gall.dcinside.com/mgallery/board/view/?id=kyungsang&no=4707&page=7
7,4706,[일반],실시간 물리실험실 이새끼 뭐냐,진짜 뭐냐?,경붕이 (39.116) 2025.05.21 12:07:35 스크랩 조회 1275 추천 24 댓글 5,24,1275,2025.05.21 12:07:35,https://gall.dcinside.com/mgallery/board/view/?id=kyungsang&no=4706&page=7
7,4705,[일반],15년졸) 요새도 북구SKY중에 대장이냐,사실나때도 대장아니었던거같음 ㅎ,ㅇㅇ (180.233) 2025.05.20 17:49:37 스크랩 조회 625 추천 0 댓글 4,0,625,2025.05.20 17:49:37,https://gall.dcinside.com/mgallery/board/view/?id=kyungsang&no=4705&page=7
7,4704,[일반],목요일 체육대회,쌤들도 모든 종목 참가하시나? 계주는 저번처럼 뛰신다는데,경붕이 (39.116) 2025.05.20 15:41:04 스크랩 조회 522 추천 1 댓글 3,1,522,2025.05.20 15:41:04,https://gall.dcinside.com/mgallery/board/view/?id=kyungsang&no=4704&page=7
7,4703,[일반],ㄴㅁㅎ ㅅㅊ,,경붕이 (118.235) 2025.05.18 23:44:16 스크랩 조회 1009 추천 10 댓글 0,10,1009,2025.05.18 23:44:16,https://gall.dcinside.com/mgallery/board/view/?id=kyungsang&no=4703&page=7
7,4702,[일반],시비 붙었다,싱크로율 ㄹㅈㄷ,ㅇㅇ (220.89) 2025.05.18 13:20:20 스크랩 조회 765 추천 3 댓글 1,3,765,2025.05.18 13:20:20,https://gall.dcinside.com/mgallery/board/view/?id=kyungsang&no=4702&page=7
7,4701,[일반],경상고 ㅊㅊ 근황,달려라 ㅊㅊ,경붕이 (39.116) 2025.05.16 16:49:27 스크랩 조회 1183 추천 18 댓글 2,18,1183,2025.05.16 16:49:27,https://gall.dcinside.com/mgallery/board/view/?id=kyungsang&no=4701&page=7
7,4700,[일반],경상고 진격거 근황..,ㅊㅊ가 달려간다..,경붕이 (39.116) 2025.05.16 16:47:01 스크랩 조회 665 추천 2 댓글 0,2,665,2025.05.16 16:47:01,https://gall.dcinside.com/mgallery/board/view/?id=kyungsang&no=4700&page=7
7,4699,[일반],ㅅㅂㅋㅋㅋㅋㅋㅋㅋㅋ,뭔 모든 과목마다 수업을 하면 언제 적어야하냐ㅋㅋㅋㅋㅋㅋㅋㅋㅋㅋㅋㅋ,경붕이 (39.116) 2025.05.14 09:32:17 스크랩 조회 913 추천 9 댓글 2,9,913,2025.05.14 09:32:17,https://gall.dcinside.com/mgallery/board/view/?id=kyungsang&no=4699&page=7
7,4698,[일반],우리 학교 이상하다,"과중이 일반한테 따이고, 시험 문제 수준이 경평 대비 너무 높다.",경붕이 (58.124) 2025.05.13 17:28:38 스크랩 조회 561 추천 2 댓글 0,2,561,2025.05.13 17:28:38,https://gall.dcinside.com/mgallery/board/view/?id=kyungsang&no=4698&page=7
7,4696,[일반],근데 도둑들 징계받음?,잘다니노,경붕이 (104.28) 2025.05.13 01:58:57 스크랩 조회 724 추천 4 댓글 1,4,724,2025.05.13 01:58:57,https://gall.dcinside.com/mgallery/board/view/?id=kyungsang&no=4696&page=7
7,4695,[일반],5모 개좆박았으면 개추눌러라,일단 나부터 ㅋㅋㅋㅋ,경붕이 (121.182) 2025.05.08 23:48:20 스크랩 조회 513 추천 7 댓글 0,7,513,2025.05.08 23:48:20,https://gall.dcinside.com/mgallery/board/view/?id=kyungsang&no=4695&page=7
7,4694,[일반],병신학교,자퇴해라,ㅇㅇ (59.10) 2025.05.08 23:40:38 스크랩 조회 671 추천 0 댓글 0,0,671,2025.05.08 23:40:38,https://gall.dcinside.com/mgallery/board/view/?id=kyungsang&no=4694&page=7
7,4693,[일반],나 과중인데,일반반에 삭발한 와꾸 개살벌한 사람 뭐냐? 보고 존나 충격먹었네 과중 와꾸 빻았다 카는데 막상 일반반 보면 더 갈린새끼 ㅈㄴ 많구만 ㅋㅋㅋㅋㅋ,경붕이 (38.75) 2025.05.07 19:15:19 스크랩 조회 791 추천 3 댓글 4,3,791,2025.05.07 19:15:19,https://gall.dcinside.com/mgallery/board/view/?id=kyungsang&no=4693&page=7
7,4692,[일반],경상고 전국단위모집학교야?,??,경붕이 (175.122) 2025.05.07 17:07:47 스크랩 조회 442 추천 0 댓글 0,0,442,2025.05.07 17:07:47,https://gall.dcinside.com/mgallery/board/view/?id=kyungsang&no=4692&page=7
7,4689,[일반],3학년때 영미문학읽기 무조건해라,"아직까지 경상고에 영미문학 읽기가 있긴한지 모르겠지만 본인은 옛날에 누가 경갤에 영미문학 읽기하라고 해서 본인도 3학년때 영미문학 읽기 선택했다 그때는 반에 학생들이 그리 많지 않아서 다시에 함부로 글싸지르면 특정 인물이 유추될 가능성이 높아서 꾸역꾸역 참고있었다. 알단 내 말 들어라 일단 고3때 정시파이터에 마음을 굳혔다? 개꿀과목 영미문학읽기를 선택해라 이쌤 존나 인자하셔서 자습존나 많이 준다 일단 수업시간이 되게 재밌다 드립도 많이 치고, 보드게임도 하고 정시공부도 마음껏 시켜준다 영미문학하고 있는 3학년 게이들 혹은 들었던 05 06 게이들은 개추박아라",경붕이 (59.23) 2025.05.05 19:23:51 스크랩 조회 1026 추천 30 댓글 8,30,1026,2025.05.05 19:23:51,https://gall.dcinside.com/mgallery/board/view/?id=kyungsang&no=4689&page=7
7,4686,[일반],겨드랑이 보여주는 사나,이 로니 콜먼,경붕이 (59.23) 2025.05.04 09:10:34 스크랩 조회 833 추천 4 댓글 0,4,833,2025.05.04 09:10:34,https://gall.dcinside.com/mgallery/board/view/?id=kyungsang&no=4686&page=7
7,4685,[일반],여친한테 문자왔다,이 머리아프다.. 그래도 안만나고 돈 절반 아끼는거니까 이득인가....,경붕이 (121.182) 2025.05.03 09:06:29 스크랩 조회 1192 추천 6 댓글 4,6,1192,2025.05.03 09:06:29,https://gall.dcinside.com/mgallery/board/view/?id=kyungsang&no=4685&page=7
7,4684,[일반],"""자살""을 뒤집으면 ""살자""라고?",그럼 이 썩어빠진 세상부터 뒤집어 보시던가.,경붕이 (1.251) 2025.05.03 02:23:45 스크랩 조회 749 추천 5 댓글 1,5,749,2025.05.03 02:23:45,https://gall.dcinside.com/mgallery/board/view/?id=kyungsang&no=4684&page=7
7,4683,[일반],물리1중간고사에 대가리 깨졌으면 개추,,경붕이 (121.150) 2025.05.03 00:45:36 스크랩 조회 691 추천 9 댓글 1,9,691,2025.05.03 00:45:36,https://gall.dcinside.com/mgallery/board/view/?id=kyungsang&no=4683&page=7
7,4681,[일반],(ㅇㅎ)열아홉 밖에 안됐는데,벌써부터 벽에 똥칠하면 우야노... - dc official App,경붕이 (221.168) 2025.04.30 21:45:05 스크랩 조회 869 추천 0 댓글 1,0,869,2025.04.30 21:45:05,https://gall.dcinside.com/mgallery/board/view/?id=kyungsang&no=4681&page=7
7,4680,[일반],경상인들은 들어라,하등한 영신인들보다 입시결과가 안좋은 경상인들은 대가리에 하자가있는 장애자가 틀림없다.빨리 운지를 뛰어야 한다,Unzi523 2025.04.30 20:18:24 스크랩 조회 794 추천 2 댓글 5,2,794,2025.04.30 20:18:24,https://gall.dcinside.com/mgallery/board/view/?id=kyungsang&no=4680&page=7
7,4679,[일반],반갑습니다,대구 최고 명문고 조일공고와 비교해서 이 학교는 어떤가요?,ㅇㅇ (195.242) 2025.04.30 19:59:20 스크랩 조회 379 추천 1 댓글 1,1,379,2025.04.30 19:59:20,https://gall.dcinside.com/mgallery/board/view/?id=kyungsang&no=4679&page=7
8,4678,[일반],경붕이들아,3학년독서 이게 맞냐? 살다살다 문단을 시험지에 안넣은 시험은 처음이고 문제 오류가 3개인 시험은 ㅋㅋㅋ 그리고 진짜 솔직히 비하목적이 아니고 애들이 다 독서쌤 싫어함..... 담배냄새 때문에. 향수라도 뿌리던가 제발,ㅇㅇ (121.182) 2025.04.30 19:15:35 스크랩 조회 486 추천 5 댓글 3,5,486,2025.04.30 19:15:35,https://gall.dcinside.com/mgallery/board/view/?id=kyungsang&no=4678&page=8
8,4677,[일반],3학년 독서 이게 맞냐?,독서 4 6 9번 문제 3개 답이 중복인데 답지가 잘못된건가요? 이 글 읽으시는 쌤들 아무나. 독서쌤한테 전달 부탁드립니다 히히히히힣히히,경붕이 (222.104) 2025.04.30 17:33:51 스크랩 조회 525 추천 0 댓글 1,0,525,2025.04.30 17:33:51,https://gall.dcinside.com/mgallery/board/view/?id=kyungsang&no=4677&page=8
8,4676,[일반],지능검사,,만두준표의하루일상 (221.142) 2025.04.30 14:02:49 스크랩 조회 451 추천 2 댓글 1,2,451,2025.04.30 14:02:49,https://gall.dcinside.com/mgallery/board/view/?id=kyungsang&no=4676&page=8
8,4674,[일반],사과펜 피해자들 돈 공짜로 뿌린다,이새끼한테 문의해라 ㅋㅋㅋㅋㅋㅋㅋ,경붕이 (58.227) 2025.04.30 03:40:21 스크랩 조회 632 추천 3 댓글 0,3,632,2025.04.30 03:40:21,https://gall.dcinside.com/mgallery/board/view/?id=kyungsang&no=4674&page=8
8,4673,[일반],안녕 또 만나네,산불 재발화,경붕이 (222.104) 2025.04.29 22:44:39 스크랩 조회 430 추천 0 댓글 1,0,430,2025.04.29 22:44:39,https://gall.dcinside.com/mgallery/board/view/?id=kyungsang&no=4673&page=8
8,4672,[일반],시험 D-12H... 최선의 공부법 공유한다..,"경상고에 일어난 전대미문의 산불 사태.. 학생들의 뒤통수를 따 악 ! 하고 때려버린 ㄱㄷㅈ .... ""이대로 이번 시험은 ㅈ망하는걸까..."" 갈 ! ! ! ! ! ! ! ! ! ! ! ! ! ! ! ! ! ! ! ! ! ! ! ! 어짜피 경붕이들 하라는 공부는 안하고 집에서 겜이나 돌리고 있던것은 R E A L F A C T 이대로면 산불 이 아니라 부 모 님 가슴 에 천불 이 날 사실은 R E A L F A C T 하아.... 이대로 경상 의 독수리 는 추락 하는가...,..... . . . . . . . N O P E ! 아직 우리에게는 1 2 시 간 의 시간이 남았다는 사실! 어짜피 지금 경 붕 이 들 대다수가 공부할 마음 ☯ 다 사라져 버린 것은 R E A L F A C T 이를 이용해 치타 들이 달리는 것을 잠시 늦출 때 우리는 목숨걸고 ✮ 도망 ✮ 간다면?? W O W !!! ! ! 우리는 기어코 치타보다 더 빠르게 달릴 수 있다!!!! 지금이라도 야수의 심장으로 빠르게 달리자!♥♥",경붕이 (211.186) 2025.04.29 20:41:52 스크랩 조회 877 추천 24 댓글 0,24,877,2025.04.29 20:41:52,https://gall.dcinside.com/mgallery/board/view/?id=kyungsang&no=4672&page=8
8,4671,[일반],학교 꼬라지 레전드노 ㅋㅋ,어떻게 한달만에 일어난 일이 ^천안문계엄령애플펜슬시험연기정상등교^ 대단하노,경붕이 (211.36) 2025.04.29 16:27:29 스크랩 조회 609 추천 1 댓글 0,1,609,2025.04.29 16:27:29,https://gall.dcinside.com/mgallery/board/view/?id=kyungsang&no=4671&page=8
8,4670,[일반],집에 돈많은 경붕이들,보통 학교에 몇명있지않나 3학년에 누구누구있노?,경붕이 (39.116) 2025.04.29 13:34:25 스크랩 조회 745 추천 1 댓글 2,1,745,2025.04.29 13:34:25,https://gall.dcinside.com/mgallery/board/view/?id=kyungsang&no=4670&page=8
8,4669,[일반],공부 조온나 쉽노 외제차 뽑았다 ㅋㅋ,덕분에 팔자에도 없는 외제차도 몰아보네 고오맙다 ㅋㅋ 형 먼저 간다,경붕이 (39.116) 2025.04.29 11:10:31 스크랩 조회 649 추천 2 댓글 1,2,649,2025.04.29 11:10:31,https://gall.dcinside.com/mgallery/board/view/?id=kyungsang&no=4669&page=8
8,4668,[일반],아니 시발 진짜 좆같네,아니 시발 ㅋㅋ 과목 변경을 쳐 할거면 빨리 알려주든가 시발 오늘 들고온거 영어밖에 없는데 개시발 내일 치는 독서는 어쩔건데 시발 일 지들 마음대로 쳐 할거면 공부 못하고 대학 못가도 걍 다 풀어놔라 ㅋㅋ,경붕이 (39.116) 2025.04.29 10:31:14 스크랩 조회 593 추천 4 댓글 1,4,593,2025.04.29 10:31:14,https://gall.dcinside.com/mgallery/board/view/?id=kyungsang&no=4668&page=8
8,4667,[일반],제발 좀,미뤄도 암기과목 아닌걸 미루냐 이 사악한놈들아ㅏㅏㅏㅣ,경붕이 (104.28) 2025.04.29 09:40:36 스크랩 조회 327 추천 0 댓글 0,0,327,2025.04.29 09:40:36,https://gall.dcinside.com/mgallery/board/view/?id=kyungsang&no=4667&page=8
8,4666,[일반],시발 내 연휴,원래 마지막날에 시험 없어서 연휴 ㅈㄴ 즐길 수 있었는데 오늘 시험을 수요일로 미루네 ㅅㅂ,경붕이 (39.116) 2025.04.29 09:35:11 스크랩 조회 337 추천 2 댓글 0,2,337,2025.04.29 09:35:11,https://gall.dcinside.com/mgallery/board/view/?id=kyungsang&no=4666&page=8
8,4665,[일반],실시간 경순이 상황,담주 수요일로 미뤄진 시험 치고 당일 야자까지 정상운영 ㅅㅂ 니네도 똑같겠지?,경붕이 (39.116) 2025.04.29 09:33:52 스크랩 조회 608 추천 0 댓글 5,0,608,2025.04.29 09:33:52,https://gall.dcinside.com/mgallery/board/view/?id=kyungsang&no=4665&page=8
8,4663,[일반],뺑이쳐라~~,시험 미뤄졌다면서요~~~!?!?,영붕이 (104.28) 2025.04.29 00:47:42 스크랩 조회 345 추천 0 댓글 0,0,345,2025.04.29 00:47:42,https://gall.dcinside.com/mgallery/board/view/?id=kyungsang&no=4663&page=8
8,4662,[일반],으악 쌤들의 썩소가 보인다...보여..!!,시험 출제 다해서 시험이 미뤄지든 말든 상관없는데 황금연휴를 뺏기게 된 학생들을 보는 쌤들,경붕이 (222.104) 2025.04.29 00:10:22 스크랩 조회 576 추천 0 댓글 0,0,576,2025.04.29 00:10:22,https://gall.dcinside.com/mgallery/board/view/?id=kyungsang&no=4662&page=8
8,4660,[일반],나 닥터스트레인진데 이번주 예언이다..,"대피소에서 학교갈 준비를 하는 경붕이들... 씻지도 못하고 학교 도착.. 학교에 오자마자 건물에 연기가 가득찬것을 보게 되는데... 쌤 복도에 연기가 자욱해요!!! 워워 얘들아 정상수업이다. 조용하고 자리에 앉아서 자습하도록. 지금 학교 앞까지 불이 왔어요!!!! 안죽는다 다들 자리에 대기하면서 자습 하도록 ""안내방송입니다. 7교시 전학년 강당으로 모여주시기 바랍니다."" 아아, 자 지금 좀 학교가 어수선하죠? 학폭, 절도, 산불 등 이 말같지도 않은 것들이 올해들어 일어납니다. 시국이 시국인만큼 정숙하고 시험 준비 열심히 해라. 그리고 이번주 정상 등교 하고 다음주도 정상 등교다. (뚜벅뚜벅 대피소로 하교하는 경붕이들...)",경붕이 (58.189) 2025.04.28 23:19:11 스크랩 조회 881 추천 15 댓글 2,15,881,2025.04.28 23:19:11,https://gall.dcinside.com/mgallery/board/view/?id=kyungsang&no=4660&page=8
8,4659,[일반],걍 다다음주에 치자,나 아직 공부 덜했다고 ㅠㅠㅠ,경붕이 (140.248) 2025.04.28 22:55:40 스크랩 조회 477 추천 1 댓글 2,1,477,2025.04.28 22:55:40,https://gall.dcinside.com/mgallery/board/view/?id=kyungsang&no=4659&page=8
8,4657,[일반],안전가족 경상고 ver.,"""불이 나면 시험이 미뤄져도 학교는 나오세요"" - dc official App",경붕이 (221.168) 2025.04.28 22:43:49 스크랩 조회 716 추천 8 댓글 0,8,716,2025.04.28 22:43:49,https://gall.dcinside.com/mgallery/board/view/?id=kyungsang&no=4657&page=8
8,4656,[일반],1차 지필고사 일정을 변경합니다,뭐라고?,경붕이 (118.235) 2025.04.28 22:43:07 스크랩 조회 726 추천 9 댓글 1,9,726,2025.04.28 22:43:07,https://gall.dcinside.com/mgallery/board/view/?id=kyungsang&no=4656&page=8
8,4654,[일반],경상고 좆되라 이야압,,경붕이 (15.204) 2025.04.28 22:33:23 스크랩 조회 443 추천 1 댓글 0,1,443,2025.04.28 22:33:23,https://gall.dcinside.com/mgallery/board/view/?id=kyungsang&no=4654&page=8
8,4653,[일반],지금 경상고는...,,경붕이 (59.23) 2025.04.28 22:23:11 스크랩 조회 465 추천 1 댓글 0,1,465,2025.04.28 22:23:11,https://gall.dcinside.com/mgallery/board/view/?id=kyungsang&no=4653&page=8
8,4652,[일반],“학교통제도 제대로 할 수 없는 학교를 만들어 놓고 '나 교장이오…”,,경붕이 (104.236) 2025.04.28 22:22:17 스크랩 조회 786 추천 20 댓글 2,20,786,2025.04.28 22:22:17,https://gall.dcinside.com/mgallery/board/view/?id=kyungsang&no=4652&page=8
8,4650,[일반],시험 때문에 떡밥 식을줄 알았는데,이걸 이렇게 살려?,경붕이 (220.94) 2025.04.28 22:13:27 스크랩 조회 393 추천 4 댓글 0,4,393,2025.04.28 22:13:27,https://gall.dcinside.com/mgallery/board/view/?id=kyungsang&no=4650&page=8
8,4649,[일반],가스-가스-가스,방독면 챙기십쇼,경붕이 (185.252) 2025.04.28 22:13:17 스크랩 조회 573 추천 7 댓글 1,7,573,2025.04.28 22:13:17,https://gall.dcinside.com/mgallery/board/view/?id=kyungsang&no=4649&page=8
8,4648,[일반],현 경상고 상황 한짤 요약,- dc official App,경붕이 (221.168) 2025.04.28 22:09:08 스크랩 조회 998 추천 11 댓글 1,11,998,2025.04.28 22:09:08,https://gall.dcinside.com/mgallery/board/view/?id=kyungsang&no=4648&page=8
8,4647,[일반],경상고생 현 상태,,경붕이 (211.235) 2025.04.28 21:43:57 스크랩 조회 939 추천 18 댓글 1,18,939,2025.04.28 21:43:57,https://gall.dcinside.com/mgallery/board/view/?id=kyungsang&no=4647&page=8
8,4646,[일반],학교 관계자,시험을 미뤘으면 휴교라도 해주던가 탄냄새 맡으면서 등교 하라는거는 무슨 심보냐 올해 일만 저지르는 경상 봐라 이러니깐 성광한테 밀리고 다니지 지금 집에 못 들어가는 애들도 있는데 등교 시키는 수준 진짜 ㅋㅋㅋㅋㅋㅋㅋ,경붕이 (210.97) 2025.04.28 21:42:38 스크랩 조회 732 추천 12 댓글 4,12,732,2025.04.28 21:42:38,https://gall.dcinside.com/mgallery/board/view/?id=kyungsang&no=4646&page=8
8,4644,[일반],학교는 가는데 시험은 왜 안 침?,이게 뭔 의미노?,경붕이 (223.39) 2025.04.28 21:36:46 스크랩 조회 380 추천 2 댓글 1,2,380,2025.04.28 21:36:46,https://gall.dcinside.com/mgallery/board/view/?id=kyungsang&no=4644&page=8
8,4643,[일반],시험 연기 투표 ㄱㄱ,,경붕이 (220.94) 2025.04.28 21:36:03 스크랩 조회 477 추천 0 댓글 1,0,477,2025.04.28 21:36:03,https://gall.dcinside.com/mgallery/board/view/?id=kyungsang&no=4643&page=8
8,4642,[일반],들린다 들려~,뭐긴 뭐야 떡밥 굴러가는 소리지 ㅋㅋㅋㅋ - dc official App,경붕이 (58.237) 2025.04.28 21:22:12 스크랩 조회 303 추천 0 댓글 0,0,303,2025.04.28 21:22:12,https://gall.dcinside.com/mgallery/board/view/?id=kyungsang&no=4642&page=8
8,4641,[일반],미뤄졌노ㅋ,어차피 마지막날에 시험 안쳐서 연휴까지 즐길 수 있는 경붕이면 개추,경붕이 (223.39) 2025.04.28 21:17:21 스크랩 조회 293 추천 2 댓글 0,2,293,2025.04.28 21:17:21,https://gall.dcinside.com/mgallery/board/view/?id=kyungsang&no=4641&page=8
8,4639,[일반],아니씨발,시험 연기된거임?,경붕이 (211.235) 2025.04.28 21:13:32 스크랩 조회 271 추천 0 댓글 0,0,271,2025.04.28 21:13:32,https://gall.dcinside.com/mgallery/board/view/?id=kyungsang&no=4639&page=8
8,4638,[일반],시험 다음주 수요일까지...,주말동안 편히 쉬지도 못하겠노 .ㅉ,만두준표의하루일상 (59.23) 2025.04.28 21:11:12 스크랩 조회 315 추천 2 댓글 0,2,315,2025.04.28 21:11:12,https://gall.dcinside.com/mgallery/board/view/?id=kyungsang&no=4638&page=8
8,4636,[일반],울컥울컥 4월 경상고 요약...,,경붕이 (211.235) 2025.04.28 16:58:06 스크랩 조회 1214 추천 26 댓글 2,26,1214,2025.04.28 16:58:06,https://gall.dcinside.com/mgallery/board/view/?id=kyungsang&no=4636&page=8
8,4634,[일반],희망사항,산불때문에 시험 미뤄지거나 그렇지는 않겠제?,경붕이 (39.116) 2025.04.28 16:08:50 스크랩 조회 449 추천 4 댓글 6,4,449,2025.04.28 16:08:50,https://gall.dcinside.com/mgallery/board/view/?id=kyungsang&no=4634&page=8
8,4633,[일반],실시간 경붕이 ㅈ됫다,경상고 괜찮냐 경상여고 냄새 개심한데,경붕이 (39.116) 2025.04.28 15:25:59 스크랩 조회 607 추천 1 댓글 4,1,607,2025.04.28 15:25:59,https://gall.dcinside.com/mgallery/board/view/?id=kyungsang&no=4633&page=8
8,4632,[일반],어이 3학년 전교1등 잘들어라.,경상고 최초의 1.0의 기록을 깨주겠어..,만두준표의하루일상 (221.142) 2025.04.28 03:21:54 스크랩 조회 574 추천 3 댓글 0,3,574,2025.04.28 03:21:54,https://gall.dcinside.com/mgallery/board/view/?id=kyungsang&no=4632&page=8
8,4631,[일반],2학년 과중 좀 씻고 댕겨라,부탁이다 제발,경붕이 (223.39) 2025.04.27 18:45:34 스크랩 조회 615 추천 6 댓글 2,6,615,2025.04.27 18:45:34,https://gall.dcinside.com/mgallery/board/view/?id=kyungsang&no=4631&page=8
8,4630,[일반],시험 전 일주일만 봐도 1점대 후반은 받는다,그러면 문과는 ky~서성한 가고 이과는 서성한~중경 가는데 더 잘 가고싶으면 정시하고 만족하면 수시해라 일주일에 1점대가 안된다고? 그런 능지면 3년 내내 정시를 하든 한달동안 내신을 파든 경북대가 한계니까 알아서 하셈,경붕이 (112.150) 2025.04.27 09:37:31 스크랩 조회 436 추천 1 댓글 2,1,436,2025.04.27 09:37:31,https://gall.dcinside.com/mgallery/board/view/?id=kyungsang&no=4630&page=8
8,4628,[일반],04 졸업생 정시파이터였는데,정파 할거면 걍 내신 3~4점대만 챙겨서 정시파이터만 해라 정시로 Sky 왔음 ㅇㅇ 정시가 곧 승리한다,경붕이 (106.101) 2025.04.27 02:12:06 스크랩 조회 339 추천 1 댓글 2,1,339,2025.04.27 02:12:06,https://gall.dcinside.com/mgallery/board/view/?id=kyungsang&no=4628&page=8
8,4626,[일반],궁금증,그분들 처벌 셋다 출석정지 3일임?,경붕이 (92.38) 2025.04.26 19:59:27 스크랩 조회 249 추천 0 댓글 1,0,249,2025.04.26 19:59:27,https://gall.dcinside.com/mgallery/board/view/?id=kyungsang&no=4626&page=8
8,4625,[일반],수시가 좋다 정시가 좋다 하는놈들은,니들이 선생이 아닌 이상 남이 수시형 인간인지 정시형 인간인지 판단할 능력 없으니까 정시하는 애들 욕하거나 수시는 가망없다는 소리 하면서 나대지말고 그냥 고민있는 애들은 시험 끝나고 학교 쌤들이랑 상담이나 받고 판단 해라. 쌤들이 정시를 잘 권하지는 않지만 또 무조건 수시로 가라는 소리도 안한다. 솔직히 다 같이 스트레스 받으면서 대입준비 하잖아 나도 경상고 다닐때 내신성적 ㅈ박고 정시한다고 애들이 존나 욕했는데 지금 졸업하고 정시로 건국대 왔는데 걔네들 말보다 쌤들이 하는 말이 백배는 도움됬다. 오히려 정시 밀어주고 응원 해주는 쌤들도 있으니까 상처받고 상처주지말고 대학가자 그리고 정시하면서 어중간하게 내신 챙기네 이런 말하는데 어중간하게 해도 괜찮다. 자살 방지용으로 최소 내신시험 1~2주 전에는 내신 공부해라 꼭 대안책을 마련해둬 그거 한다고 모고성적 안떨어지니까.,경붕이 (212.102) 2025.04.26 11:10:55 스크랩 조회 475 추천 9 댓글 1,9,475,2025.04.26 11:10:55,https://gall.dcinside.com/mgallery/board/view/?id=kyungsang&no=4625&page=8
8,4624,[일반],나 졸업생인데 경상고 수시러들은 참고해라,이 무거운것도 잘 참고하네? 들었으면 출발~,경붕이 (104.28) 2025.04.26 10:53:03 스크랩 조회 475 추천 6 댓글 0,6,475,2025.04.26 10:53:03,https://gall.dcinside.com/mgallery/board/view/?id=kyungsang&no=4624&page=8
8,4623,[일반],경상고 추억이다,대학 다니다 보니까 경상고 시절이 그립구나 나 주딱할때 갤 활성화됐을때가 진짜 재밌었다,경상고고상경 2025.04.26 03:01:45 스크랩 조회 348 추천 1 댓글 1,1,348,2025.04.26 03:01:45,https://gall.dcinside.com/mgallery/board/view/?id=kyungsang&no=4623&page=8
8,4622,[일반],이게 다 ㄴㅁㅎ 때문이다,- dc official App,경붕이 (223.39) 2025.04.25 23:43:43 스크랩 조회 577 추천 3 댓글 0,3,577,2025.04.25 23:43:43,https://gall.dcinside.com/mgallery/board/view/?id=kyungsang&no=4622&page=8
8,4621,[일반],학교 잘 굴러간다,떡밥만 몇개노ㅋㅋㅋㅋ,경붕이 (121.150) 2025.04.25 23:27:48 스크랩 조회 348 추천 0 댓글 0,0,348,2025.04.25 23:27:48,https://gall.dcinside.com/mgallery/board/view/?id=kyungsang&no=4621&page=8
8,4620,[일반],ㄱㅅ쌤들 순위차트,,경붕이 (210.218) 2025.04.25 21:40:05 스크랩 조회 847 추천 4 댓글 0,4,847,2025.04.25 21:40:05,https://gall.dcinside.com/mgallery/board/view/?id=kyungsang&no=4620&page=8
8,4619,[일반],경평,진짜 ㅈㅂ;; 그러지말자….,경붕이 (211.36) 2025.04.25 12:45:39 스크랩 조회 612 추천 5 댓글 7,5,612,2025.04.25 12:45:39,https://gall.dcinside.com/mgallery/board/view/?id=kyungsang&no=4619&page=8
8,4617,[일반],빌런 ㅈㅊㅇ이다,오늘 학교에있는거 다훔치고 자퇴한다,경붕이 (39.116) 2025.04.25 08:41:50 스크랩 조회 523 추천 3 댓글 0,3,523,2025.04.25 08:41:50,https://gall.dcinside.com/mgallery/board/view/?id=kyungsang&no=4617&page=8
8,4614,[일반],나도 진심으로 조언해준다,정시파이터 할꺼면 확실히해라 밑에 글 마냥 겁주는 말 무시하고 어줍짢게 학교 활동 싹다 해가면서 정시치겟다고 하면 좆망하는거다,경붕이 (125.137) 2025.04.25 01:17:01 스크랩 조회 410 추천 0 댓글 0,0,410,2025.04.25 01:17:01,https://gall.dcinside.com/mgallery/board/view/?id=kyungsang&no=4614&page=8
9,4613,[일반],애들아 진심으로 조언해준다,지금 정시파이터라고 깝죽대는 새끼들 모의고사 평균 2등급 이상 제외하고 다 내신보다 대학 높게 못가니까 정신차라고 이번에 열심히해서 내신 빈집털이라도 해라 며칠 밤새서 하면 성적 오른다,경붕이 (121.182) 2025.04.25 00:50:34 스크랩 조회 408 추천 0 댓글 0,0,408,2025.04.25 00:50:34,https://gall.dcinside.com/mgallery/board/view/?id=kyungsang&no=4613&page=9
9,4612,[일반],글 왜지움 ㅋㅋ,어차피 캡쳐 다 땀 ㅋㅋ,경붕이 (172.225) 2025.04.25 00:36:43 스크랩 조회 418 추천 1 댓글 0,1,418,2025.04.25 00:36:43,https://gall.dcinside.com/mgallery/board/view/?id=kyungsang&no=4612&page=9
9,4610,[일반],3학년 시험 던지는 애들 많음?,시험 던지는 애들 많아서 등급따기 쉬울라나?,경붕이 (220.94) 2025.04.24 22:20:20 스크랩 조회 433 추천 0 댓글 1,0,433,2025.04.24 22:20:20,https://gall.dcinside.com/mgallery/board/view/?id=kyungsang&no=4610&page=9
9,4609,[일반],그래도 ㅇㅇ이 낮지,3학년들 ㄱㅇㄷ 생각남? ㅋㅋ ㅇㅇ이 선녀임,경붕이 (172.224) 2025.04.24 19:31:04 스크랩 조회 454 추천 0 댓글 1,0,454,2025.04.24 19:31:04,https://gall.dcinside.com/mgallery/board/view/?id=kyungsang&no=4609&page=9
9,4607,[일반],정보) 디시 학교 유동은 절대 안걸릴까?. Txt,"결론부터 말함 → 걸릴수도 있다 “학교 와이파이로 디시에 글싸도 익명이라 안잡힘 ㅅㄱ“ 그 생각 하는 순간 이미 로그에 니 흔적 다 박혀있음. 1. MAC 어드레스 추적 가능함 니 폰이나 패드에는 MAC 주소라는 고유번호가 있음. 학교 와이파이에 접속하면 그 MAC이 로그에 저장됨. 만약 학교가 기기 등록제 돌려서 ""이 MAC은 경붕이의 iphone"" 이렇게 알고 있으면? 익명성은 걍 끝남. 2. IP 주소로도 걸릴 수 있음 디시는 글 올리면 IP 저장함. 학교 와이파이면 IP는 학교 외부 IP 하나로 통일돼서 보임. 근데 학교 내부에선 “이 IP로 10:06에 디시 접속한 MAC은 누구 거냐?” 하면 다 나옴. 시간 + MAC + 트래픽 로그로 추적 가능. 3. 인증 방식이면 더 쉽게 걸림 학교 와이파이 접속할때 인증 거침 그럼 “계정 + MAC + 접속 시간” 삼위일체로 다 엮임. 누가 뭘 언제 했는지 정확하게 파악 가능함. 4. “IP 다 똑같은데 어케 잡냐 병신아~” 하는 애들한테 외부 IP 같다고 안심하는 놈들 특징: 세상 물정 모름ㅋㅋ 내부 로그엔 누가 어떤 기기로 몇 시에 접속했는지 다 박제돼 있음. 이딴 소리 하는 애들 = “기지국 피하면 안 잡힌다~” 하던 n번방 마인드임. 보안은 그런 식으로 깨지는 거 아님. 요약 학교 와이파이 = 실명제 디시 오히려 위험할수 있다 학교 와이파이 믿고 글 쓰는 순간 니 흔적은 이미 로그에 살아있다. 글싸더라도 선지켜서 싸자 끝",경붕이 (221.157) 2025.04.24 19:20:21 스크랩 조회 2055 추천 6 댓글 19,6,2055,2025.04.24 19:20:21,https://gall.dcinside.com/mgallery/board/view/?id=kyungsang&no=4607&page=9
9,4606,[일반],경상고 졸업해서 실실 쪼개면서 갤질하는 경붕이면 개추 ㅋㅋ,,AiNah 2025.04.24 16:37:31 스크랩 조회 400 추천 0 댓글 3,0,400,2025.04.24 16:37:31,https://gall.dcinside.com/mgallery/board/view/?id=kyungsang&no=4606&page=9
9,4605,[일반],옆학교갤에서 건너옴,아직도 급식실에 휴지가 없다고 ?? ㅋㅋ 아직도 급식실애 교복을 입고 가야한다고 ?? ㅋㅋ 정신차려라 .. 여기 21세기 한국이다,ㅇㅇ (39.116) 2025.04.24 14:46:06 스크랩 조회 399 추천 4 댓글 0,4,399,2025.04.24 14:46:06,https://gall.dcinside.com/mgallery/board/view/?id=kyungsang&no=4605&page=9
9,4604,[일반],"그 겨울, 네 손끝에서","경상고의 겨울은 유난히 조용하다. 복도 끝 창문엔 성에가 어른거리고, 교실 안은 히터 바람에 졸음이 스미는 계절. 졸업을 한 달 남짓 앞두고, 우린 여전히 같은 자리, 같은 풍경 속에 있었다. “야, 오늘 급식 떡국이래.” 내 말에 너는 웃으며 고개를 끄덕였다. “그럼 졸업식 맛이겠네.” 그 말이 괜히 서운했다. 우리의 시간이 하나씩 정리되어 가는 기분이 들어서. 그날도 어김없이 같은 버스를 탔다. 네 옆자리에 앉으면 늘 창밖을 보던 너는, 그날따라 고개를 돌려 내 얼굴을 오래 바라봤다. “있잖아.” 네 목소리는 조금 떨렸고, 나는 조용히 너를 바라봤다. “가끔 생각해. 우리가 이렇게 매일 붙어다닌 게… 나한텐 되게 특별했구나, 하고.” 심장이 묘하게 두근거렸다. 창밖엔 흰 눈이 내리고 있었고, 차 안은 따뜻했다. “나도 그래. 너 없었으면 진짜 재미없었을 거야.” “아냐, 그런 말 말고… 더 솔직하게 말해도 돼?” 너의 눈동자엔 망설임이 묻혀 있었다. 나는 고개를 살짝 끄덕였고, 너는 숨을 들이쉰 뒤 조용히 말했다. “나는 너 좋아해.” “…장난 아냐?” “장난이었으면 진작 웃었지. 근데 웃음이 안 나더라.” 순간 아무 말도 할 수 없었다. 기억이 주마등처럼 스쳤다. 함께 웃고, 장난치고, 싸우고, 화해했던 모든 날들. 그리고 그 안에 숨어 있던, 말하지 못했던 감정들. “…왜 이제야 말했어?” 나도 모르게 그렇게 물었다. “지금 말해도 늦은 거야?” “아니. 그냥… 나도 좋아하니까.” 그 말에 너는 아주 천천히 웃었다. 그리고 어색하게, 하지만 조심스럽게 내 손을 잡았다. 그 손끝이 너무 따뜻해서, 눈물 날 뻔했다. 졸업식 날, 우리는 약속한 듯 같은 넥타이를 맸다. 사진 속 너는 내 옆에서 활짝 웃고 있었다. 그날 이후 우린 연인이 됐고, 아무에게도 굳이 말하지 않아도 좋을 만큼 서로를 알고 있었다. 경상고의 겨울은 언제나 조용했지만, 그 해 겨울은 유난히 따뜻했고, 내내 네 손끝에서, 사랑이 시작되고 있었다.",경붕이 (39.116) 2025.04.24 14:25:54 스크랩 조회 347 추천 4 댓글 3,4,347,2025.04.24 14:25:54,https://gall.dcinside.com/mgallery/board/view/?id=kyungsang&no=4604&page=9
9,4602,[일반],The day,ㄴㅁㅎ 펜슬 존나 가져가네 The day is your day,경붕이 (104.28) 2025.04.24 10:53:47 스크랩 조회 436 추천 2 댓글 0,2,436,2025.04.24 10:53:47,https://gall.dcinside.com/mgallery/board/view/?id=kyungsang&no=4602&page=9
9,4600,[일반],경평,ㄴㅁㅎ 사과 수집가,경붕이 (104.28) 2025.04.24 10:36:40 스크랩 조회 368 추천 0 댓글 0,0,368,2025.04.24 10:36:40,https://gall.dcinside.com/mgallery/board/view/?id=kyungsang&no=4600&page=9
9,4599,[일반],니들이 잘못 했잖아,그러게 물건 훔치고 냅킨으로 ㅈㄹ하고 애들 괴롭히래?,경붕이 (140.248) 2025.04.24 07:16:25 스크랩 조회 583 추천 3 댓글 1,3,583,2025.04.24 07:16:25,https://gall.dcinside.com/mgallery/board/view/?id=kyungsang&no=4599&page=9
9,4598,[일반],디시 보는 ㅇㅇ 상황,,경붕이 (45.92) 2025.04.24 02:59:09 스크랩 조회 585 추천 3 댓글 0,3,585,2025.04.24 02:59:09,https://gall.dcinside.com/mgallery/board/view/?id=kyungsang&no=4598&page=9
9,4597,[일반],생각할수록 화나네,솔직히 급식실 냅킨 버리는 사람만 버리고 안버리는 애들은 안 버리는데 냅킨 자체를 없애버리면 어쩌노 요즘 시대에 연대책임이라니 ㅉㅉ 그리고 등교 시간에 차 타면 안되는 건 옛날부터 말해왔고 이해가 되니까 ㄱㅊ은데 급식실 교복은 왜 입으라는 건지 모르겠다 아니 급식실에서 교복 입으면 도대체 뭐가 좋은거냐 장점이 ㅈ도 없는데 교복 입는다고 절도를 안하냐 학폭을 안하냐 교복 입는 거랑 학폭이랑 도대체 뭔 관계임? 교복을 입게해서 기강을 잡겠다는 건 언제 적 사고방식이냐 윗물이 맑아야지 아랫물이 맑다 ex) 작년 모 선생님이 급식실 줄에서 학생한테 뒷통수 풀 스윙으로 때린 사건 최근 자습시간인데도 불구하고 모 선생님이 복도에서 소리 질러가며 학생의 머리를 때린 사건,경붕이 (45.92) 2025.04.24 02:56:18 스크랩 조회 776 추천 17 댓글 0,17,776,2025.04.24 02:56:18,https://gall.dcinside.com/mgallery/board/view/?id=kyungsang&no=4597&page=9
9,4596,[일반],2학년고트쌤누구냐?,ㅇㅇ,경붕이 (121.150) 2025.04.24 00:57:43 스크랩 조회 926 추천 0 댓글 6,0,926,2025.04.24 00:57:43,https://gall.dcinside.com/mgallery/board/view/?id=kyungsang&no=4596&page=9
9,4595,[일반],이제,냅킨없으니까 화장실 휴지들고 가야되냐?,경붕이 (118.45) 2025.04.24 00:50:18 스크랩 조회 357 추천 1 댓글 0,1,357,2025.04.24 00:50:18,https://gall.dcinside.com/mgallery/board/view/?id=kyungsang&no=4595&page=9
9,4592,[일반],학교 문 열기,학생증 없이 학교에서 문 여는법 없노?,경붕이 (116.126) 2025.04.23 22:30:57 스크랩 조회 450 추천 1 댓글 1,1,450,2025.04.23 22:30:57,https://gall.dcinside.com/mgallery/board/view/?id=kyungsang&no=4592&page=9
9,4591,[일반],"""모든 ㄱㄷㅈ의 백성들에게 고한다.""","모든 ㄱㄷㅈ의 백성들에게 고한다. 나의 이름은 ㅇㅇ 예거 학부의 권한으로 모든 백성들에게 말하고 있다. 너희에게 풀어주었던 모든 혜택을 차단하고 너희들을 탄압하겠다. 이 학교에 있는 모든 땅을 밟아 울릴 것이다. 거기 있는 학생을, 모두 이 학교에서 구축할 때까지.",경붕이 (221.168) 2025.04.23 21:58:42 스크랩 조회 827 추천 16 댓글 0,16,827,2025.04.23 21:58:42,https://gall.dcinside.com/mgallery/board/view/?id=kyungsang&no=4591&page=9
9,4590,[일반],뭔 일 있었냐?,나 오늘 학교 안 갔는데 - dc official App,ㅇㅇ (118.235) 2025.04.23 20:40:48 스크랩 조회 481 추천 0 댓글 1,0,481,2025.04.23 20:40:48,https://gall.dcinside.com/mgallery/board/view/?id=kyungsang&no=4590&page=9
9,4589,[일반],"“경상고에서 너와 나, 그 계절의 조각들”","경상고의 교문을 처음 넘던 날, 낯설고 어색한 공기에 괜히 어깨가 움츠러들었던 기억이 난다. 그 속에서 너를 만났다. 처음엔 그저 같은 반 친구였고, 옆자리에 앉았다는 이유로 말을 섞기 시작했지. 그게 시작이었다. 시간이 지나며 우린 매일 아침 같은 버스를 타고, 같은 복도를 걷고, 같은 급식을 먹고, 같은 창밖을 바라보는 사이가 됐다. 수업 중 선생님의 말에 몰래 웃음 참으며 고개 떨구고, 쉬는 시간엔 서로의 간식을 뺏어 먹으며 장난쳤지. 그리고 가끔은 너희 집에 놀러가서 게임을 하거나, 아무 말 없이 누워서 천장만 보며 시간을 보내기도 했어. 말이 없어도 편한 사이. 그게 우리였잖아. 시험 기간엔 서로에게 족보를 건네고, 밤늦게까지 영상 통화로 문제를 풀다가, “야, 됐고 그냥 자자” 하고 동시에 핸드폰을 내려놓았던 날들이 떠올라. 때론 아무 이유 없이 짜증 내고 다퉜지만, 다음 날엔 아무 일 없다는 듯 “야, 점심 뭐 나와?” 하고 다시 말을 걸던 너. 우리는 그렇게 조금씩 쌓여갔어. 사소한 말투 하나, 웃음소리 하나까지도 익숙해지는 사이로. 경상고의 봄은 교정에 핀 벚꽃보다 너랑 나의 장난이 더 분홍빛이었고, 여름은 교복 셔츠가 땀에 젖어도 서로 놀리며 웃을 수 있었던 계절이었어. 가을에는 떨어지는 낙엽 사이로 쌓인 고민을 털어놓았고, 겨울엔 급식으로 나온 뜨거운 국물 하나에도 “야, 이건 무조건 맛있다”며 행복해했지. 우리가 함께 웃고 떠들며 보낸 이 시간들이, 앞으로 살아가면서 문득 그리워질 날이 올까 봐 벌써부터 아쉽다. 그땐 우리가 얼마나 행복했는지 몰랐는데, 지금은 알아. 그 시절 너와 함께였기에, 나는 그 하루하루가 고마웠고 따뜻했어. 이제 언젠가 각자의 길을 걷게 되더라도, 경상고의 붉은 벽돌과 교실의 창밖 햇살, 그리고 네 웃음소리는 내 기억 깊은 곳에서 늘 함께할 거야. 그러니까 혹시라도 힘든 날이 오면, 우리 이 글처럼, 그때를 꺼내 보자. 그리고 다시 웃자. 그냥, 우리가 그랬던 것처럼.",경붕이 (172.224) 2025.04.23 19:14:45 스크랩 조회 688 추천 8 댓글 5,8,688,2025.04.23 19:14:45,https://gall.dcinside.com/mgallery/board/view/?id=kyungsang&no=4589&page=9
9,4588,[일반],대의원회의에서도 ㅇㅇ사단 거리더니,강당에 다 불러놓고 거기서도 'ㅇㅇ사단' ㅇㅈㄹ하는거 존나 ㅇㅇ타 마렵노 - dc official App,경붕이 (39.116) 2025.04.23 16:24:44 스크랩 조회 626 추천 2 댓글 1,2,626,2025.04.23 16:24:44,https://gall.dcinside.com/mgallery/board/view/?id=kyungsang&no=4588&page=9
9,4587,[일반],욕하지 마라,솔직히 틀린말 함?,경붕이 (172.225) 2025.04.23 16:23:06 스크랩 조회 532 추천 4 댓글 1,4,532,2025.04.23 16:23:06,https://gall.dcinside.com/mgallery/board/view/?id=kyungsang&no=4587&page=9
9,4586,[일반],ㅇㅇ에게 한마디 한다,강당에서 연설 끝나고 허겁지겁 디씨에서 민심 확인하는 ㅇㅇ이면 개추,경붕이 (146.70) 2025.04.23 16:12:32 스크랩 조회 724 추천 12 댓글 0,12,724,2025.04.23 16:12:32,https://gall.dcinside.com/mgallery/board/view/?id=kyungsang&no=4586&page=9
9,4585,[일반],ㅇㅇ 개씨ㅣㅣㅣ발시끼,ㄹㅇ,경붕이 (146.70) 2025.04.23 16:11:25 스크랩 조회 605 추천 1 댓글 0,1,605,2025.04.23 16:11:25,https://gall.dcinside.com/mgallery/board/view/?id=kyungsang&no=4585&page=9
9,4579,[일반],"【속보】 학생들, 휴지 버렸다는 이유로 원시시대 복귀ㅋㅋ",휴지 버린 죄로 급식실 은 무법지대 전락 이젠 입 닦을면 숲 들어가서 나뭇잎 뜯어와야 됨 입 따끔따금거릴거 같으면 개추,경붕이 (39.116) 2025.04.23 16:05:36 스크랩 조회 818 추천 20 댓글 1,20,818,2025.04.23 16:05:36,https://gall.dcinside.com/mgallery/board/view/?id=kyungsang&no=4579&page=9
9,4576,[일반],솔직히 좀 들어쳐먹어야 하긴 함,들고 출발,경붕이 (152.42) 2025.04.23 15:57:51 스크랩 조회 491 추천 2 댓글 0,2,491,2025.04.23 15:57:51,https://gall.dcinside.com/mgallery/board/view/?id=kyungsang&no=4576&page=9
9,4575,[일반],차로 교문 진입 못하면 이렇게라도 가야지…,노무현 자전거로 진입간다,경붕이 (211.235) 2025.04.23 15:56:11 스크랩 조회 658 추천 9 댓글 0,9,658,2025.04.23 15:56:11,https://gall.dcinside.com/mgallery/board/view/?id=kyungsang&no=4575&page=9
9,4574,[일반],ㅈ반고 졸업생 절반 미래,어이 경붕 형씨 일급 받았어?,경붕이 (58.189) 2025.04.23 15:53:16 스크랩 조회 541 추천 5 댓글 0,5,541,2025.04.23 15:53:16,https://gall.dcinside.com/mgallery/board/view/?id=kyungsang&no=4574&page=9
9,4573,[일반],지금부터....,어 그래 형이야 ㅋ,경붕이 (104.28) 2025.04.23 15:48:50 스크랩 조회 433 추천 2 댓글 0,2,433,2025.04.23 15:48:50,https://gall.dcinside.com/mgallery/board/view/?id=kyungsang&no=4573&page=9
9,4572,[일반],낼 기대해라 드리프트 간다,뭐라고?? 교내 차 금지라고??   딱대라 낼 교문 드리프트 ㅈ진다ㅋㅋ,경붕이 (58.189) 2025.04.23 15:47:21 스크랩 조회 503 추천 3 댓글 2,3,503,2025.04.23 15:47:21,https://gall.dcinside.com/mgallery/board/view/?id=kyungsang&no=4572&page=9
9,4570,[일반],비상계엄,"친애하는 학생 여러분, 저는 학교폭력 세력의 위협으로부터 자유경상을 수호하고, 우리 학생의 자유와 행복을 약탈하고 있는 파렴치한 학교폭력 세력들을 일거에 척결하고 자유 헌정 질서를 지키기 위해 비상계엄을 선포합니다.",경붕이 (39.116) 2025.04.23 15:42:39 스크랩 조회 726 추천 11 댓글 1,11,726,2025.04.23 15:42:39,https://gall.dcinside.com/mgallery/board/view/?id=kyungsang&no=4570&page=9
9,4569,[일반],훠훠 핵 폐기물을 막 버린다고요?,훠훠 원자력 발전소에서 핵폐기물을 막 버린다고요??? 그러면 원인인 원자력 발전소를 없에도록 하세요 훠훠,경붕이 (58.189) 2025.04.23 15:41:22 스크랩 조회 527 추천 7 댓글 0,7,527,2025.04.23 15:41:22,https://gall.dcinside.com/mgallery/board/view/?id=kyungsang&no=4569&page=9
9,4568,[일반],솔직히 한마디한다,ㅇㅇ 씨발새끼,경붕이 (39.116) 2025.04.23 15:40:30 스크랩 조회 438 추천 5 댓글 0,5,438,2025.04.23 15:40:30,https://gall.dcinside.com/mgallery/board/view/?id=kyungsang&no=4568&page=9
9,4566,[일반],와 재수하는데,작년에 비해 훨씬 재밌어졌노 경갤,경붕이 (118.235) 2025.04.23 12:51:05 스크랩 조회 388 추천 0 댓글 0,0,388,2025.04.23 12:51:05,https://gall.dcinside.com/mgallery/board/view/?id=kyungsang&no=4566&page=9
9,4565,[일반],ㄴㅁㅎ.,내 꿈은 ㄴㅁㅎ,경붕이 (39.116) 2025.04.22 10:40:37 스크랩 조회 953 추천 12 댓글 1,12,953,2025.04.22 10:40:37,https://gall.dcinside.com/mgallery/board/view/?id=kyungsang&no=4565&page=9
9,4563,[일반],"""혁신의 아이콘""",어 형이야ㅋㅋㅋㅋㅋ,경붕이 (118.235) 2025.04.21 19:52:42 스크랩 조회 529 추천 0 댓글 0,0,529,2025.04.21 19:52:42,https://gall.dcinside.com/mgallery/board/view/?id=kyungsang&no=4563&page=9
9,4562,[일반],ㅈㅈㅎ쌤이 간과한 점,- dc official App,경붕이 (221.168) 2025.04.21 19:27:29 스크랩 조회 834 추천 1 댓글 1,1,834,2025.04.21 19:27:29,https://gall.dcinside.com/mgallery/board/view/?id=kyungsang&no=4562&page=9
9,4561,[일반],그가 훔쳤던 이유,사실 미대준비생이였노..,경붕이 (223.39) 2025.04.21 18:29:25 스크랩 조회 633 추천 4 댓글 0,4,633,2025.04.21 18:29:25,https://gall.dcinside.com/mgallery/board/view/?id=kyungsang&no=4561&page=9
9,4560,[일반],과중들 제발 씻고 와라(특히 3학년),냄새 그만 풍기고 좀 씻어라 ㅈㅂ 사실 과중 좋아요 ㅎㅎ,경붕이 (221.168) 2025.04.21 15:20:01 스크랩 조회 496 추천 4 댓글 0,4,496,2025.04.21 15:20:01,https://gall.dcinside.com/mgallery/board/view/?id=kyungsang&no=4560&page=9
9,4558,[일반],나윤도영 아직 있냐?,라떼는 나윤도영이 주딱이었는데 그 사이에 주딱 몇 번 바뀜? - dc official App,ㅇㅇ (165.229) 2025.04.21 12:48:21 스크랩 조회 399 추천 0 댓글 3,0,399,2025.04.21 12:48:21,https://gall.dcinside.com/mgallery/board/view/?id=kyungsang&no=4558&page=9
9,4557,[일반],본인 영신고에서 왔는데 객관적으로 볼때 영신 경상 둘중에 어디가 더 나음,? 진짜 궁금해서 묻는거 - dc official App,경붕이 (221.142) 2025.04.21 02:01:53 스크랩 조회 637 추천 0 댓글 3,0,637,2025.04.21 02:01:53,https://gall.dcinside.com/mgallery/board/view/?id=kyungsang&no=4557&page=9
9,4556,[일반],요즘 경상고,,경붕이 (211.235) 2025.04.20 22:45:10 스크랩 조회 879 추천 13 댓글 0,13,879,2025.04.20 22:45:10,https://gall.dcinside.com/mgallery/board/view/?id=kyungsang&no=4556&page=9
9,4554,[일반],학교 다닐 맛 나노,ㅋㅋ 고오맙다~~,경붕이 (118.235) 2025.04.20 16:25:24 스크랩 조회 598 추천 3 댓글 0,3,598,2025.04.20 16:25:24,https://gall.dcinside.com/mgallery/board/view/?id=kyungsang&no=4554&page=9
9,4553,[일반],주딱은 어케 정하는거임,전임 주딱이 내가 올빼미다 하고 주는거?,경붕이 (219.255) 2025.04.20 14:06:09 스크랩 조회 478 추천 0 댓글 2,0,478,2025.04.20 14:06:09,https://gall.dcinside.com/mgallery/board/view/?id=kyungsang&no=4553&page=9
9,4552,[일반],화력,누구나 아는 그 시간이 터진 그날..( 4월15일)이후 평균 조회수가 700에 달하는 게시물들이 대략 70개가 올라왔다 그중 ㅂㄹㅇ 쌤 관련 5-6개 잡것들 3-4개 빼면 애플펜슬 관련 내용만 60개 정도 올라왔다. 미친 화력 경붕이들.. 시험기간 아니니 애들아??,경붕이 (223.39) 2025.04.20 00:06:00 스크랩 조회 492 추천 5 댓글 2,5,492,2025.04.20 00:06:00,https://gall.dcinside.com/mgallery/board/view/?id=kyungsang&no=4552&page=9
9,4551,[일반],누가 더 유명함 호날두 마이클 잭슨,- dc official App,디바 (59.28) 2025.04.19 21:29:44 스크랩 조회 397 추천 0 댓글 2,0,397,2025.04.19 21:29:44,https://gall.dcinside.com/mgallery/board/view/?id=kyungsang&no=4551&page=9
9,4550,[일반],절도면 징계 뭐받음?,설마 학교 청소로 끝내진 않겠지?,경붕이 (172.224) 2025.04.19 21:07:04 스크랩 조회 687 추천 2 댓글 3,2,687,2025.04.19 21:07:04,https://gall.dcinside.com/mgallery/board/view/?id=kyungsang&no=4550&page=9
9,4549,[일반],경상 진실,경갤이 부흥한 시점에서 셤기간인데도 불구하고 현시점 경붕이들의 현황 체크,경붕이 (222.104) 2025.04.19 10:51:08 스크랩 조회 702 추천 1 댓글 3,1,702,2025.04.19 10:51:08,https://gall.dcinside.com/mgallery/board/view/?id=kyungsang&no=4549&page=9
9,4547,[일반],주인님의 길고 딱딱한 순백색의 그것,훔쳐버리고야 말겠어요... 헤으응...... - dc official App,경붕이 (223.39) 2025.04.19 02:28:57 스크랩 조회 827 추천 15 댓글 2,15,827,2025.04.19 02:28:57,https://gall.dcinside.com/mgallery/board/view/?id=kyungsang&no=4547&page=9
9,4545,[일반],슬슬 재미없다,,경붕이 (219.255) 2025.04.18 23:37:20 스크랩 조회 534 추천 3 댓글 0,3,534,2025.04.18 23:37:20,https://gall.dcinside.com/mgallery/board/view/?id=kyungsang&no=4545&page=9
9,4544,[일반],이번 사건 난 좀 다르게 본다,3D로 본다,경붕이 (112.150) 2025.04.18 23:19:52 스크랩 조회 717 추천 8 댓글 0,8,717,2025.04.18 23:19:52,https://gall.dcinside.com/mgallery/board/view/?id=kyungsang&no=4544&page=9
10,4542,[일반],오랜만에 들어왔는데,"갤이 또 이렇게 뜨거워지니 옛날 생각 나네 원래 갤러리 자체가 학교 갤러리니까 학교에 뭔일이 있으면 글이 많이 올라온다 나때도 무슨 일 있으면 이렇게 불탔었는데 그럴때마다 갤보는맛에 학교다녔다 그때 은근 갤 부흥기여서 글도 많았아서 진짜 매일 드가고 글도 쓰고 했었는데 졸업하고 재수하고 대학가니까 디시 들어와도 경갤은 안보게 되더라 가끔 와도 맨날 가면,,, 라이더같은 씹좆노잼글만 있어서 실망이 컸지만 오늘 갤질하면서 정말 재밌었다 조리돌림도 하고 누가 커버도 쳐주고 진지하게 긴글도 써주고 예전이랑 똑같다 ㅋㅋㅋㅋ 그나저나 ㅂㄹㅇ은 아직도 그러고있노 뭐 그때도 도둑이야 많았는데 대충 읽어보니까 좀 심하긴한거같다 이정도 규모는 아니었는데;; 암튼 뭐 잘 해결됐으니 좋은게 좋은거 아니겠나 나때 주딱이 아마 전전전주딱이랑 전전전전주딱이니까 오래되긴했다 원래 기숙사생이 주딱 물려받는게 관례였는데 요즘도 그런지 모르겠네 기숙사좆목라인이라는 말이 괜히있는게 아니었다 아 셤공부해야하는데 존나하기싫네 니네도 시험이지? 같이 좆뺑이쳐보자 물론 니네가 더열심히해야한다 형처럼재수하지말거라",재수아카이브 2025.04.18 23:18:42 스크랩 조회 725 추천 12 댓글 3,12,725,2025.04.18 23:18:42,https://gall.dcinside.com/mgallery/board/view/?id=kyungsang&no=4542&page=10
10,4541,[일반],🍎팬슬 삼대장,"“애랄라레로 애랄라라” 하지만 더 강한자가 옆에 있었으니,,, 그것은 바로 “붐바르디오 애로커달라” 인 것이다… 거대한 날개와 뒤에 달고다니는 커다란 미사일은 언제 누구에게 발사될지 모른다… 누군가 싸움을 건다면 먼지 한 톨도 남김없이 사라질수있다는 뜻이다… 하지만 그둘중 가장 강한 녀석이 있었으니… 그의 정체는 “애 애 애 애 애 애 애 애 애 애 애 사후르” 이다… 애가 9번이나 들어가는만큼 강한 앺플팬슬인것이다… 아마 지구상, 아니 온 우주에도 그에게 대항할 자는 없을것이다…",경붕이 (152.42) 2025.04.18 21:57:59 스크랩 조회 1419 추천 27 댓글 3,27,1419,2025.04.18 21:57:59,https://gall.dcinside.com/mgallery/board/view/?id=kyungsang&no=4541&page=10
10,4540,[일반],이야 경갤 꿀잼됐노 ㅋㅋㅋㅋㅋㅋㅋ,고오오오맙다 도둑아 - dc official App,ㅇㅇ (121.150) 2025.04.18 19:53:59 스크랩 조회 513 추천 0 댓글 0,0,513,2025.04.18 19:53:59,https://gall.dcinside.com/mgallery/board/view/?id=kyungsang&no=4540&page=10
10,4539,[일반],하아 이병신같은 학교는 여전하노,개꼴통학교 학교? 저능아수용소 ㅇㅇ,ㅇㅇ (121.183) 2025.04.18 19:39:32 스크랩 조회 493 추천 0 댓글 0,0,493,2025.04.18 19:39:32,https://gall.dcinside.com/mgallery/board/view/?id=kyungsang&no=4539&page=10
10,4537,[일반],I have a pen,i have a apple~ Oh! apple pen - dc official App,57세 박춘자할머니 (223.39) 2025.04.18 15:45:56 스크랩 조회 822 추천 8 댓글 1,8,822,2025.04.18 15:45:56,https://gall.dcinside.com/mgallery/board/view/?id=kyungsang&no=4537&page=10
10,4536,[일반],영진고 습득남vs경상고 칫솔남vs성광고 지갑남,앰생삼분지계 - dc official App,경붕이 (221.168) 2025.04.18 15:23:07 스크랩 조회 829 추천 2 댓글 1,2,829,2025.04.18 15:23:07,https://gall.dcinside.com/mgallery/board/view/?id=kyungsang&no=4536&page=10
10,4535,[일반],더 이상 3학년 사건 언급 글쓰지마라,ㅇㅇ 센세께서 지켜보고 계신다. 곧 주딱에게 연락 갈듯.,경붕이 (221.168) 2025.04.18 13:55:57 스크랩 조회 846 추천 0 댓글 4,0,846,2025.04.18 13:55:57,https://gall.dcinside.com/mgallery/board/view/?id=kyungsang&no=4535&page=10
10,4534,[일반],글 들킬까봐 무서운 경붕이들을 위한 글 안지워도 되는 이유,"일단 양심에 찔리는건 별개로 디시로 추적을 해서 잡아낸다는데 사실상 불가능하다는걸 알려주고 싶었음 일단 학교 와이파이로 글써도 문제될건 없음 오히려 불편하게 VPN키고 쑈하는거보다 학교 와이파이가 불특정 다수가 글 올려둔 상태라서 추적못함 데이터로 글 올린거도 문제없음 인스타 릴스에서 디시글 볼때 118.235 , 223.38 같은거처럼 통신사 IP라서 이거도 여러명들이 많이 사용하는 아이피임 특정 불가 그 이외에도 딱히 쫄필요는 없다... 자랑하고 다니지 않은 이상 절대 안들킴",경붕이 (221.168) 2025.04.18 13:49:24 스크랩 조회 652 추천 2 댓글 1,2,652,2025.04.18 13:49:24,https://gall.dcinside.com/mgallery/board/view/?id=kyungsang&no=4534&page=10
10,4533,[일반],영화 추천 해준다 ㅋㅋㅋ,사건을 사건으로 덮는 영화임 ㅇㅇ 검사의 명예 실추를 막기 위해 덮는거임,경붕이 (58.189) 2025.04.18 12:46:12 스크랩 조회 424 추천 0 댓글 1,0,424,2025.04.18 12:46:12,https://gall.dcinside.com/mgallery/board/view/?id=kyungsang&no=4533&page=10
10,4532,[일반],경상고 이대로 가면...(가면라이더X),,경붕이 (104.28) 2025.04.18 09:28:29 스크랩 조회 623 추천 3 댓글 0,3,623,2025.04.18 09:28:29,https://gall.dcinside.com/mgallery/board/view/?id=kyungsang&no=4532&page=10
10,4531,[일반],이새끼 절대 못이김,ㅇㅇ,경붕이 (118.235) 2025.04.18 08:22:54 스크랩 조회 717 추천 0 댓글 1,0,717,2025.04.18 08:22:54,https://gall.dcinside.com/mgallery/board/view/?id=kyungsang&no=4531&page=10
10,4528,[일반],"오늘 학교에서 있었던 너무 불편한 일… 선생님의 행동, 이건 아니지 않나","안녕하세요 :) 오늘은 평소처럼 학교에서 있었던 일을 이야기해보려 해요. 사실 좀 쓰면서도 마음이 불편하긴 한데, 그냥 넘기기엔 너무 어이없고 속상한 일이 있어서요. 오늘 우리 학교에서 ㅂㄹㅇ 선생님 때문에 정말 당황스러운 일이 있었어요. 그 선생님 반 학생 몇 명이 쉬는 시간에 다른 반에 와서 조금 시끄럽게 떠들긴 했거든요. 물론, 예의 없는 행동인 건 맞죠. 하지만 그 다음 상황이 너무 충격적이었어요… ㅂㄹㅇ 선생님이 갑자기 그 반으로 들어오시더니, 정말 큰 소리로 화를 내시고, 그 반의 반장이랑 부반장 머리를 한 대씩 때리신 거예요. 👀 머리를요. 진짜로요… 그 친구들은 잘못한 것도 없고, 떠든 친구들은 다른 사람이었는데 그냥 “대표니까 책임져라”는 식으로… 그 자리에서 소리 지르고, 머리까지 때리는 걸 보는데 듣고 있는 우리도 너무 무섭고 당황스러웠어요. 아무리 학생이 잘못했다고 해도, 그걸 화내면서 소리 지르고 손까지 대는 건 교사로서 절대 해서는 안 되는 행동 아닌가요? 그 반 친구들 말 들어보니까, 혼나고 나서 엄청 억울하고 울컥했다고 해요. 뭘 잘못했는지도 모르고 맞았으니까요. 게다가 아이들 다 있는 앞에서 그렇게 소리 지르고 폭력까지… 정말 너무 과했다고 생각해요. 정말 너무 과했다고 생각해요. 요즘 시대에 체벌이 웬 말이에요. 학생도 사람이고, 존중받아야 할 존재인데… 그저 선생님이 화가 난 걸 학생한테 푼 것처럼 보였어요. 이건 교육이 아니라 감정적인 분풀이잖아요. 학교는 배움의 공간 이자, 안전한 공간 이어야 하는데 오늘 일은 그 기준을 완전히 무너뜨린 것 같아서 너무 속상했어요. 학생에게 필요한 건, 때리는 손이 아니라 들어주는 마음이라고 생각해요. 누구보다 공정하고 따뜻해야 할 교사가, 학생에게 상처를 주는 일은 없어야 해요. 오늘 일로 다시 한번, 학교에서 ‘진짜 교육’이란 무엇인지 생각해보게 되었네요. 혹시 비슷한 경험 있으셨던 분들 있다면 댓글로 이야기 나눠요🙏 마지막으로 이 글을 포스팅하면서 들은 플리를 공유해들릴게요!",경붕이 (49.161) 2025.04.18 02:20:14 스크랩 조회 1426 추천 17 댓글 0,17,1426,2025.04.18 02:20:14,https://gall.dcinside.com/mgallery/board/view/?id=kyungsang&no=4528&page=10
10,4527,[일반],블로그 글 쓰는 경붕이다,글쓰다가 실수로 창을 닫아서 쓰던거 절반이 날아갔다 좇같다 진짜로,경붕이 (49.161) 2025.04.18 02:15:16 스크랩 조회 422 추천 0 댓글 0,0,422,2025.04.18 02:15:16,https://gall.dcinside.com/mgallery/board/view/?id=kyungsang&no=4527&page=10
10,4526,[일반],네 안녕하세요 섭이입니다~!,,경붕이 (223.39) 2025.04.18 02:05:06 스크랩 조회 978 추천 18 댓글 1,18,978,2025.04.18 02:05:06,https://gall.dcinside.com/mgallery/board/view/?id=kyungsang&no=4526&page=10
10,4524,[일반],하.... 진짜 좀...,도둑 라이더,경붕이 (58.237) 2025.04.18 01:41:49 스크랩 조회 666 추천 8 댓글 0,8,666,2025.04.18 01:41:49,https://gall.dcinside.com/mgallery/board/view/?id=kyungsang&no=4524&page=10
10,4522,[일반],주딱아 뭐하냐.. 경마갤 이대로 가면,라이더,경붕이 (39.116) 2025.04.18 01:19:09 스크랩 조회 504 추천 4 댓글 0,4,504,2025.04.18 01:19:09,https://gall.dcinside.com/mgallery/board/view/?id=kyungsang&no=4522&page=10
10,4521,[일반],🍏애플펜슬 vs 칫솔 논란의 진실? 학교를 뒤흔든 ㄴㅁㅎ 사건 전말,"사건은 조용한 어느 평일 아침 시작됐습니다. 한 반에서 애플펜슬이 무려 6개 나 감쪽같이 사라졌다는 제보가 들어왔어요. 친구들 모두 당황, 선생님도 놀람 😱 그런데 그 순간! 용의선상에 오른 한 친구, ㄴㅁㅎ . 다들 조심스럽게 쳐다보는 가운데, 그는 아주 당당하게 외쳤죠. “그거 칫솔이에요.” “내가 훔쳤으면 진짜 자퇴함.” 사건이 미궁으로 빠지나 싶을때...! 그런데 며칠 후, ㄴㅁㅎ이 선생님을 조용히 찾아갑니다. 그리고 한마디. “사실... 제가 가지고 있었어요...” 네?? 자수?? 알고 보니, 친구들이 점점 의심하는 분위기에 쫄려서 스스로 불안해진 나머지 자수 한 것이었죠 ㅋㅋㅋㅋ 그리고 그의 명언. “내가 진짜 훔쳤으면 자퇴함.” 근데 말이죠... 그럼 지금 자퇴 준비 중이신...? (아직 학교 다니는 걸 보니 뭔가 수상쓰...) 세상에 이런 일이 학교에서도 일어난다는 게 참 신기하네요. 애플펜슬이 칫솔로 둔갑하고, 자퇴 선언이 농담처럼 흘러가고... 이런 친구, 우리 반에도 꼭 한 명쯤은 있죠? ㅋㅋㅋ 여러분, 남의 물건은 훔치면 안 돼요! 그게 진짜 칫솔이든, 애플펜슬이든 말이죠~ 우리 모두 정직한 학생이 됩시다 💪 마지막으로 이 포스팅을 적으면서 들은 플리를 공유할게요",경붕이 (49.161) 2025.04.18 01:12:07 스크랩 조회 1858 추천 33 댓글 4,33,1858,2025.04.18 01:12:07,https://gall.dcinside.com/mgallery/board/view/?id=kyungsang&no=4521&page=10
10,4520,[일반],현 ㄴㅁㅎ 상황.,,경붕이 (221.142) 2025.04.18 01:10:40 스크랩 조회 1112 추천 7 댓글 1,7,1112,2025.04.18 01:10:40,https://gall.dcinside.com/mgallery/board/view/?id=kyungsang&no=4520&page=10
10,4518,[일반],이번사건 다른건 다 참아도,,경붕이 (39.116) 2025.04.18 00:53:46 스크랩 조회 974 추천 16 댓글 1,16,974,2025.04.18 00:53:46,https://gall.dcinside.com/mgallery/board/view/?id=kyungsang&no=4518&page=10
10,4515,[일반],애비 없나,ㅇㅇ,경붕이 (58.237) 2025.04.18 00:46:36 스크랩 조회 814 추천 3 댓글 4,3,814,2025.04.18 00:46:36,https://gall.dcinside.com/mgallery/board/view/?id=kyungsang&no=4515&page=10
10,4512,[일반],노래로 아이언 독기 추천한다,이렇개 가사 바꿔서 불러라,경붕이 (49.161) 2025.04.18 00:23:54 스크랩 조회 578 추천 5 댓글 0,5,578,2025.04.18 00:23:54,https://gall.dcinside.com/mgallery/board/view/?id=kyungsang&no=4512&page=10
10,4511,[일반],뭐라노 ㅋㅋㅋ,애들이 디시에서만 까는것 같제? 병신아 걍 주변에서 말 ㅈㄴ 나오고 조롱 당하는데 니가 친구가 없어서 못 듣는거다 ㅋ 반성하고 사과해도 모자를 지경에 ㅈㄴ 긁혀서 꼴에 잡는 가오 상한다고 개 지랄 발작을 하노 ㅋㅋ 걍 짜져 있어라 ㅈ만아 ㅋ,성붕이 (118.235) 2025.04.18 00:16:24 스크랩 조회 590 추천 12 댓글 1,12,590,2025.04.18 00:16:24,https://gall.dcinside.com/mgallery/board/view/?id=kyungsang&no=4511&page=10
10,4507,[일반],ㄴㅁㅎ과 2인의 도적단은 들어라,셋이 나와서 사과송 한번 조지면 봐줄의향있다 윤기좔좔 탐이나는 애플~펜 슬~쩍하려했지요~,경붕이 (220.81) 2025.04.17 23:19:25 스크랩 조회 1144 추천 30 댓글 3,30,1144,2025.04.17 23:19:25,https://gall.dcinside.com/mgallery/board/view/?id=kyungsang&no=4507&page=10
10,4504,[일반],현시점 사건브리핑합니다 ㅋㅋㅋ들어오세요,"요즘 들을 노래있냐 추천좀 해줘 깔쌈한걸로다가 ㅇㅇ 참고로 난 발레리노,Y 같은 노래좋아함. 툭히 다이나믹 듀오가 부른 노래를 좋아함 부탁해요 - dc official App",경붕이 (149.88) 2025.04.17 21:14:02 스크랩 조회 947 추천 2 댓글 13,2,947,2025.04.17 21:14:02,https://gall.dcinside.com/mgallery/board/view/?id=kyungsang&no=4504&page=10
10,4501,[일반],석식시간에,급식먹고 내려오는데 여자쌤이 소리지르고 있던데 무슨일??,경붕이 (211.235) 2025.04.17 19:20:33 스크랩 조회 871 추천 4 댓글 13,4,871,2025.04.17 19:20:33,https://gall.dcinside.com/mgallery/board/view/?id=kyungsang&no=4501&page=10
10,4500,[일반],오늘 ㅂㄹㅇ 레전드 사건,"여유시간에 딴 반애들이 x반와서 놀고있었는데 ㅂㄹㅇ쌤이 x반 반장은 제제안하고 뭐하는거냐고 반장,부반장 세워놓고 옆머리 싸대기 날림 ㄷㄷ",경붕이 (211.235) 2025.04.17 19:19:34 스크랩 조회 1060 추천 21 댓글 2,21,1060,2025.04.17 19:19:34,https://gall.dcinside.com/mgallery/board/view/?id=kyungsang&no=4500&page=10
10,4498,[일반],“경상고 레전드 썰”,그런거 없다,경붕이 (140.248) 2025.04.17 18:53:54 스크랩 조회 869 추천 0 댓글 0,0,869,2025.04.17 18:53:54,https://gall.dcinside.com/mgallery/board/view/?id=kyungsang&no=4498&page=10
10,4495,[일반],오늘 3학년 x반 뭔일임?,ㅂㄹㅇ쌤 화나셨던데,경붕이 (211.235) 2025.04.17 17:46:49 스크랩 조회 803 추천 1 댓글 1,1,803,2025.04.17 17:46:49,https://gall.dcinside.com/mgallery/board/view/?id=kyungsang&no=4495&page=10
10,4493,[일반],애들아,"요즘 학교 분위기  말하지 않아도 다들 느끼고 있을 거다. 평소와는 확연히 다르게 뭔가 묘하게 어색하고, 수군거린다.모두 가 알고 있는 그 사건 때문이겠지. 하지 말았어야 할 행동을 했고 결국 들키게 되었다. 평소 행실이 좋다고는 말할수없겠지만서도 평소 장난기 많고 잘 웃던 아이였고 우리랑 같이 수업 듣고 밥 먹고 놀던 친구였으니까. 하지만 시간이 지나면서 또 절도를 했다는게 사실이라는 걸 받아들여야 했고 그 순간 나조차도 실망했고 마음이 복잡했다. 그런데 말이다. 그 실망스러운 감정 뒤에 나는 다른 생각이 하나 더 떠올랐다. 그럼 이 아이는 앞으로 어떻게 되는 거지? 그 실수 하나로 이 친구를 완전히 놓아버리는 게 맞는 걸까? 물론 그 친구의 행동은 분명히 잘못된 거다. 누구나 갖고 싶다고 해서 남의 물건을 가져가면 안 된다는 건 우리 모두 너무나도 잘 알고 있는 기본 중의 기본이다. 피해를 본 친구 입장에서 생각하면, 분노가 치밀고 실망스러울 수밖에 없다. 그런 감정은 절대 무시되어서는 안 된다. 나 역시 그 점을 부정할 생각은 전혀 없다. 잘못은 분명히 짚고 넘어가야 하고 그에 대한 책임도 져야 한다. 그 아이는 지금 자기가 얼마나 큰 잘못을 했는지 알고 있다. 그러나 내가 본 그 친구는 스스로 구석으로 몰아넣고 있었다. 사람은 누구나 실수한다. 우리 모두 인생을 살아가며 어떤 형태로든 잘못된 선택을 할 때가 있다. 어떤 실수는 작고  어떤 실수는 커서 많은 사람들에게 상처를 주기도 한다. 하지만 정말 중요한 건  그 이후라고 생각한다. 실수한 뒤에 어떤 태도를 보이느냐  그걸 통해 어떤 사람이 되려고 하느냐가 진짜 그 사람의 모습 아닐까. 그리고 그런 시점에서 주변 사람들이 보여주는 태도 역시 그 사람의 인생에 큰 영향을 미친다고 생각한다. 누군가는 말할지도 모른다. 한 번 잘못한 사람은 또 그런다. 하지만 나도 경붕이들도 살면서 누군가의 믿음 덕분에 다시 일어설 수 있었던 순간이 있지 않았나. 우리가 지금 그 친구에게 손을 내민다면  이번 일은 그 아이 인생에서 가장 뼈아픈 실수이자 동시에 가장 큰 성장의 계기가 될 수 있다고 믿는다. 누군가를 용서하는 일은 분명 어렵다. 나도 그걸 안다. 그걸 덮고 다시 받아들이는 건 말처럼 쉬운 일이 아니니까. 그렇지만 우리 모두 알고 있지 않나. 결국 누군가를 진짜로 바꾸는 건 비난이 아니라 믿음이라는 것을.조롱과 조리돌림이 아닌 곁에 있어줘야하는것을. 우리가 손가락질하고 등을 돌리는 순간 그 아이는 다시 일어설 기회를 완전히 잃게 될 수도 있다. 하지만 반대로 우리가 한 발짝만 마음을 내어준다면 그 친구는 이번 일을 평생 잊지 못하고 그걸 교훈 삼아 더 나은 사람이 되기 위해 분명 노력할 것이다. 나는 우리가 그 친구를 그냥 버리듯 밀어내지 않았으면 한다. 친구라면 단지 좋을 때만 곁에 있는 사이가 아니라, 실수했을 때도 손잡아줄 수 있는 그런 사이여야 하지 않겠나.따끔한 충고한마디와 진실된 의견을 전달하는게 어떨까... 지금이 바로 그런 순간이다. 그 친구가 가장 깊은 구덩이에 빠졌을 때 우리가 곁에 있어줄 수 있다면 그건 그 누구보다 멋진 친구가 되어주는 거라 생각한다. 그러니 부탁한다. 지금 그 친구에게 필요한 건 조롱이 아닌 다시 설 수 있도록 해주는 따뜻한 시선이다. 이건 단순한 용서가 아니다. 그 아이가 진심으로 바뀌는 과정을 우리가 함께 지켜보겠다는 의지라고 생각해주면 좋겠다. 우리가 그 손을 잡아줄 때, 그 친구는 평생 그 손길을 기억할 것이다. 끝으로 한 마디만 덧붙이고 싶다. 우리가 살아가며 가장 소중하게 여겨야 할 건 완벽한 사람보다, 실수해도 다시 일어설 수 있게 도와주는 관계 아닐까. 한 번의 실수로 사람 하나를 잃는 일, 너무 안타깝지 않겠나. 부디, 다시 한 번만 생각해 주기를 바란다. 마땅히 비난받아야 할 짓을 했고 그만큼 비난받고있다. 그러나 너희들도 익명뒤에 숨어 가면을 쓰고 돌을 던지고있는거다. 던진돌은 돌아온다. 이제 그만하자",경붕이 (121.182) 2025.04.17 17:26:51 스크랩 조회 852 추천 13 댓글 17,13,852,2025.04.17 17:26:51,https://gall.dcinside.com/mgallery/board/view/?id=kyungsang&no=4493&page=10
10,4492,[일반],혼란을 틈타서 말해본다,패드 회수 지금 안건 나오고 있는거 알지? 통과되면 어떡하냐,ㅇㅇ (220.89) 2025.04.17 17:22:12 스크랩 조회 592 추천 1 댓글 3,1,592,2025.04.17 17:22:12,https://gall.dcinside.com/mgallery/board/view/?id=kyungsang&no=4492&page=10
10,4491,[일반],영화추천 2,,경붕이 (211.186) 2025.04.17 17:06:53 스크랩 조회 537 추천 6 댓글 2,6,537,2025.04.17 17:06:53,https://gall.dcinside.com/mgallery/board/view/?id=kyungsang&no=4491&page=10
10,4490,[일반],이번 주딱이 감다살인 이유,다른 주딱이면 경갤 불타면 쌤들한테 추적당할까봐 이제 그만하자노~ 이러면서 강제로 불판 갈려고 하는데 지금 주딱은 관망하면서 배나 벅벅 긁는중,경붕이 (211.235) 2025.04.17 16:28:03 스크랩 조회 724 추천 19 댓글 2,19,724,2025.04.17 16:28:03,https://gall.dcinside.com/mgallery/board/view/?id=kyungsang&no=4490&page=10
10,4487,[일반],프로,펜슬 2세대만 봐도 못참고 눈까리 돌아가는데 프로보면 무ㅂㄱ 사정하냐? 아 물론 나 영붕이다,경붕이 (39.7) 2025.04.17 16:00:56 스크랩 조회 411 추천 2 댓글 0,2,411,2025.04.17 16:00:56,https://gall.dcinside.com/mgallery/board/view/?id=kyungsang&no=4487&page=10
10,4486,[일반],능욕,못참겠지임마ㅋㅋ,경붕이 (39.116) 2025.04.17 15:43:43 스크랩 조회 831 추천 5 댓글 1,5,831,2025.04.17 15:43:43,https://gall.dcinside.com/mgallery/board/view/?id=kyungsang&no=4486&page=10
10,4485,[일반],암쏘 쏘리 벗알러뷰 다 거짓말,,경붕이 (39.7) 2025.04.17 15:41:02 스크랩 조회 760 추천 6 댓글 5,6,760,2025.04.17 15:41:02,https://gall.dcinside.com/mgallery/board/view/?id=kyungsang&no=4485&page=10
10,4484,[일반],ㄴㅁㅎ 점마 왜 저기 올라가있노?,어어? 내려와라,경붕이 (118.235) 2025.04.17 15:36:02 스크랩 조회 879 추천 6 댓글 0,6,879,2025.04.17 15:36:02,https://gall.dcinside.com/mgallery/board/view/?id=kyungsang&no=4484&page=10
10,4483,[일반],옆동네 영진고 에어팟 도둑 소신발언,솔직히 탐나면 한번쯤 훔칠수도 있지 그거 가지고 사람잡노 ㅋㅋ난 에어팟 훔치고도 패드도 훔쳤다 저정도면 애긔 아니노ㅋㅋ 경붕이들도 너그럽게 넘어가이소~,영진고 에어팟 도둑 (146.70) 2025.04.17 15:28:08 스크랩 조회 1019 추천 14 댓글 3,14,1019,2025.04.17 15:28:08,https://gall.dcinside.com/mgallery/board/view/?id=kyungsang&no=4483&page=10
10,4482,[일반],지금 오들오들 떨리면 개추,"형,민사 고소에 절도 학폭까지 가서 합의금 수백 깨질거 같으면 개추 ㅋㅋㅋㅋ 학폭 기록 남음 대학 입학 안되던데 지금까지 한 노력 와사삭",경붕이 (58.189) 2025.04.17 15:16:52 스크랩 조회 502 추천 2 댓글 1,2,502,2025.04.17 15:16:52,https://gall.dcinside.com/mgallery/board/view/?id=kyungsang&no=4482&page=10
10,4481,[일반],훔쳤노ㅋㅋ (ㄴㅁㅎ 아님),,경붕이 (39.116) 2025.04.17 15:16:51 스크랩 조회 592 추천 1 댓글 0,1,592,2025.04.17 15:16:51,https://gall.dcinside.com/mgallery/board/view/?id=kyungsang&no=4481&page=10
10,4477,[일반],MC the 맥스 vs MCㅁㅎ,MC the 맥스 3인방 개때리고싶으면 개추 ㅋㅋ,응디킹 (45.87) 2025.04.17 13:04:32 스크랩 조회 724 추천 3 댓글 1,3,724,2025.04.17 13:04:32,https://gall.dcinside.com/mgallery/board/view/?id=kyungsang&no=4477&page=10
10,4475,[일반],ㄴㅁㅎ**,애플팬슬 훔치는 놈은 진짜 .. 니같은*들 때문에 맥스 이미지가 안좋은거임 입만열면 거짓말인데 제발 사과 그딴거 필요없거 걍 우리학교에서 나가라 제발,ㄴㅁㅎ** (39.116) 2025.04.17 08:08:28 스크랩 조회 707 추천 4 댓글 1,4,707,2025.04.17 08:08:28,https://gall.dcinside.com/mgallery/board/view/?id=kyungsang&no=4475&page=10
10,4470,[일반],도둑 잡을수 있었던 이유,cctv 설치를 강행한 ㅇㅇ센세..존경합니다..,경붕이 (139.162) 2025.04.17 01:09:37 스크랩 조회 726 추천 5 댓글 0,5,726,2025.04.17 01:09:37,https://gall.dcinside.com/mgallery/board/view/?id=kyungsang&no=4470&page=10
10,4464,[일반],그림,어떰,경붕이 (139.162) 2025.04.17 00:50:27 스크랩 조회 539 추천 2 댓글 2,2,539,2025.04.17 00:50:27,https://gall.dcinside.com/mgallery/board/view/?id=kyungsang&no=4464&page=10
10,4461,[일반],도둑트리오 병.신인 점,아니 3인조로 도둑질할거면 한명이 cctv 가리고 한명이 망보고 한명이 교실 들어가면되지 뭔 이런 병신들이 다잇노 ㅋㅋ,경붕이 (123.213) 2025.04.17 00:31:36 스크랩 조회 799 추천 10 댓글 1,10,799,2025.04.17 00:31:36,https://gall.dcinside.com/mgallery/board/view/?id=kyungsang&no=4461&page=10
10,4460,[일반],갤 흥하니깐 좋네,,경붕이 (172.224) 2025.04.17 00:24:41 스크랩 조회 398 추천 3 댓글 0,3,398,2025.04.17 00:24:41,https://gall.dcinside.com/mgallery/board/view/?id=kyungsang&no=4460&page=10
10,4459,[일반],경상고 대해적시대,찾아라! 애플펜슬,경붕이 (221.142) 2025.04.17 00:08:02 스크랩 조회 608 추천 4 댓글 1,4,608,2025.04.17 00:08:02,https://gall.dcinside.com/mgallery/board/view/?id=kyungsang&no=4459&page=10
10,4457,[일반],ㄴㅁㅎ 이거 안되겠노..,ㄴㅁㅎ은 살아있다..,경붕이 (118.235) 2025.04.17 00:05:18 스크랩 조회 562 추천 0 댓글 0,0,562,2025.04.17 00:05:18,https://gall.dcinside.com/mgallery/board/view/?id=kyungsang&no=4457&page=10
10,4455,[일반],사과문 보니까 마음 약해지노...,니말고 ㅋㅋㅋㅋㅋ https://youtu.be/ccvau1oY9cg,경붕이 (211.194) 2025.04.16 23:41:56 스크랩 조회 1064 추천 14 댓글 3,14,1064,2025.04.16 23:41:56,https://gall.dcinside.com/mgallery/board/view/?id=kyungsang&no=4455&page=10
10,4454,[일반],내 애플펜슬 찾음!!,아 이게 아닌가,경붕이 (92.38) 2025.04.16 23:32:13 스크랩 조회 977 추천 6 댓글 2,6,977,2025.04.16 23:32:13,https://gall.dcinside.com/mgallery/board/view/?id=kyungsang&no=4454&page=10
10,4453,[일반],3학년빌런사전 누가,개정해라 ㅋㅋㅋㅋㅋ 추가할사람 꽤많은거같은데 공공의 안전을 위해 ㅇㅇ,경붕이 (121.182) 2025.04.16 23:09:25 스크랩 조회 612 추천 2 댓글 2,2,612,2025.04.16 23:09:25,https://gall.dcinside.com/mgallery/board/view/?id=kyungsang&no=4453&page=10
11,4451,[일반],내가 범인이면 자퇴하신다던 분,자백했으니깐 자퇴도 조만간 하는거지? - dc official App,경붕이 (221.168) 2025.04.16 20:49:07 스크랩 조회 890 추천 8 댓글 2,8,890,2025.04.16 20:49:07,https://gall.dcinside.com/mgallery/board/view/?id=kyungsang&no=4451&page=11
11,4450,[일반],Gyeongsang Theft Auto,,경붕이 (172.225) 2025.04.16 20:48:24 스크랩 조회 492 추천 1 댓글 0,1,492,2025.04.16 20:48:24,https://gall.dcinside.com/mgallery/board/view/?id=kyungsang&no=4450&page=11
11,4449,[일반],뭔일임?,나만 모름?,경붕이 (140.248) 2025.04.16 00:21:34 스크랩 조회 603 추천 1 댓글 2,1,603,2025.04.16 00:21:34,https://gall.dcinside.com/mgallery/board/view/?id=kyungsang&no=4449&page=11
11,4448,[일반],경상꿀팁)들키지않을절도는개꿀이다,들키면ㅂㅂ,경붕이 (223.39) 2025.04.15 23:02:28 스크랩 조회 590 추천 1 댓글 1,1,590,2025.04.15 23:02:28,https://gall.dcinside.com/mgallery/board/view/?id=kyungsang&no=4448&page=11
11,4447,[일반],cctv 없을때 훔치고 지금까지 안걸렸으면 개추,ㅇㄷㄴㅂㅌ,경붕이 (49.161) 2025.04.15 22:36:56 스크랩 조회 576 추천 1 댓글 0,1,576,2025.04.15 22:36:56,https://gall.dcinside.com/mgallery/board/view/?id=kyungsang&no=4447&page=11
11,4446,[일반],ㄴㅁㅎ,다른학교인데 만난적있는데 말투부터 가오충에 욕많이쓰더라,경붕이 (211.168) 2025.04.15 19:20:44 스크랩 조회 1012 추천 19 댓글 2,19,1012,2025.04.15 19:20:44,https://gall.dcinside.com/mgallery/board/view/?id=kyungsang&no=4446&page=11
11,4445,[일반],펜슬도둑,그 중 한명은 원래 유명했지않나?,경붕이 (221.142) 2025.04.15 18:50:27 스크랩 조회 871 추천 15 댓글 2,15,871,2025.04.15 18:50:27,https://gall.dcinside.com/mgallery/board/view/?id=kyungsang&no=4445&page=11
11,4442,[일반],체대는 거르자,뭘보노 ㅂㄷㅂㄷ?,경붕이 (223.39) 2025.04.15 18:32:46 스크랩 조회 608 추천 0 댓글 0,0,608,2025.04.15 18:32:46,https://gall.dcinside.com/mgallery/board/view/?id=kyungsang&no=4442&page=11
11,4439,[일반],졸업생인데 작년 경상고 입결 어캐됨?,의치한약수 스카이 서성한 몇명 감?,경붕이 (106.101) 2025.04.15 15:14:39 스크랩 조회 580 추천 0 댓글 3,0,580,2025.04.15 15:14:39,https://gall.dcinside.com/mgallery/board/view/?id=kyungsang&no=4439&page=11
11,4438,[일반],애플팬슬 도둑 개 ㅈ되버렷네 ㅋㅋㅋ,고소하면 합의금 개 ㅈ될텐데ㅜ인생하드모드 골라버렷누,경붕이 (39.116) 2025.04.15 14:54:42 스크랩 조회 668 추천 1 댓글 0,1,668,2025.04.15 14:54:42,https://gall.dcinside.com/mgallery/board/view/?id=kyungsang&no=4438&page=11
11,4434,[일반],주관적인 경상고 현직 쌤 수업실력 티어리스트,1. ㅇㅇㅈ(수학) 남고 여고 통틀어 경력 30여​ 년의 살아있는 역사. 학생들을 휘어잡는 수업​ 2. 윾건 팡(물리) 모 물리쌤과는 궤를 달리하는 수업 실력. 본질을 꿰뚫는 개념설명 ​ 3. ㅈㅈㅎ(국어) 뇌에 직빵으로 꽂히는 막힘없는 수업. 거기에 친절한 입시조언까지 - dc official App,경붕이 (223.39) 2025.04.10 03:09:24 스크랩 조회 1537 추천 13 댓글 9,13,1537,2025.04.10 03:09:24,https://gall.dcinside.com/mgallery/board/view/?id=kyungsang&no=4434&page=11
11,4433,[일반],여기 아직,05 06이 많이 보고 있는듯 ㅋㅋ,경상고고상경 2025.04.10 01:02:32 스크랩 조회 366 추천 1 댓글 0,1,366,2025.04.10 01:02:32,https://gall.dcinside.com/mgallery/board/view/?id=kyungsang&no=4433&page=11
11,4432,[일반],새 주딱 인사드립니다,"1년 동안 함께하게 되었습니다 당부드리고 싶은 것은, 실명 언급, 그런 그 저 헛소리는 하면 안되고 혐짤, 야짤... 이거 참 괘씸하거든요? 이제 중단해 주십시오 다시 경갤의 시대가 오겠느냐 하면 아 오지요 100% 오지요, 그거는 반드시 올 수 밖에 없죠 - dc official App",동문 2025.04.08 00:40:31 스크랩 조회 630 추천 16 댓글 8,16,630,2025.04.08 00:40:31,https://gall.dcinside.com/mgallery/board/view/?id=kyungsang&no=4432&page=11
11,4431,[일반],오늘 자로 주딱 자리에서 물러나게 되었습니다,아는 선배 소개로 얼떨결에 학교 디시 관리를 맡은지가 벌써 1년이 지났네요 ​이젠 고3이 되어 이만 후배에게 물려주고 대입에 전념하려 합니다 저는 많이 부족했지만 물려받은 후배는 더 잘하리라 생각합니다 다들 수능 화이팅입니다 - dc official App,M.막스 2025.04.07 23:38:46 스크랩 조회 544 추천 10 댓글 1,10,544,2025.04.07 23:38:46,https://gall.dcinside.com/mgallery/board/view/?id=kyungsang&no=4431&page=11
11,4430,[일반],현직 중3인데,경상 과중반 ㅇㄸ,경붕이 (49.175) 2025.04.03 21:44:15 스크랩 조회 393 추천 0 댓글 2,0,393,2025.04.03 21:44:15,https://gall.dcinside.com/mgallery/board/view/?id=kyungsang&no=4430&page=11
11,4429,[일반],이시바 오자시간에 기침 존나하네,개빡친다,경붕이 (223.39) 2025.04.02 16:51:28 스크랩 조회 325 추천 0 댓글 0,0,325,2025.04.02 16:51:28,https://gall.dcinside.com/mgallery/board/view/?id=kyungsang&no=4429&page=11
11,4428,[일반],“경상고 교사 TMI 대방출”,있겠노,경붕이 (125.246) 2025.03.27 23:54:48 스크랩 조회 772 추천 0 댓글 0,0,772,2025.03.27 23:54:48,https://gall.dcinside.com/mgallery/board/view/?id=kyungsang&no=4428&page=11
11,4427,[일반],경상고에서 똥 마려울때 꿀팁,좀 알려주셈; 똥 어디서 싸야 잘나오냐,경붕이 (61.37) 2025.03.26 16:21:23 스크랩 조회 548 추천 0 댓글 3,0,548,2025.03.26 16:21:23,https://gall.dcinside.com/mgallery/board/view/?id=kyungsang&no=4427&page=11
11,4426,[일반],한의대,관련 궁금한거 있으면 대답해줄게,ㅇㅇㅇ (211.243) 2025.03.26 00:03:17 스크랩 조회 294 추천 0 댓글 0,0,294,2025.03.26 00:03:17,https://gall.dcinside.com/mgallery/board/view/?id=kyungsang&no=4426&page=11
11,4424,[일반],하복 대신 생활복 등교,여름에 교복대신 생활복 등교  가능한가요?,경붕이 (122.32) 2025.03.24 00:10:35 스크랩 조회 323 추천 0 댓글 1,0,323,2025.03.24 00:10:35,https://gall.dcinside.com/mgallery/board/view/?id=kyungsang&no=4424&page=11
11,4422,[일반],요즘 의심되는거,윤석열 탄핵될상황되니깐 국민들이 관심있어할만한 연예인 사건사고가 갑자기 급부상함 김수현 백종원 둘밖엔 없지만 ㄹㅇ 요새 유튜브보면 그것만 나오고... 정부에서 그런것이아닐까 의심이된다 - dc official App,경붕이 (58.124) 2025.03.21 17:30:41 스크랩 조회 469 추천 2 댓글 0,2,469,2025.03.21 17:30:41,https://gall.dcinside.com/mgallery/board/view/?id=kyungsang&no=4422&page=11
11,4420,[일반],버즈 잃어버림,버즈 잃어버린 경붕인데 본 게이 있냐,경붕이 (221.168) 2025.03.20 21:56:58 스크랩 조회 403 추천 0 댓글 3,0,403,2025.03.20 21:56:58,https://gall.dcinside.com/mgallery/board/view/?id=kyungsang&no=4420&page=11
11,4419,[일반],오자 교실 롤백했으면 좋겠다,석식 먹으러 가는길 너무 멀다...,경붕이 (118.235) 2025.03.20 19:46:59 스크랩 조회 326 추천 4 댓글 1,4,326,2025.03.20 19:46:59,https://gall.dcinside.com/mgallery/board/view/?id=kyungsang&no=4419&page=11
11,4418,[일반],의치한,여기 매년 의치한 몇명정도 보냄?,ㅇㅇ (118.235) 2025.03.19 17:47:42 스크랩 조회 271 추천 0 댓글 1,0,271,2025.03.19 17:47:42,https://gall.dcinside.com/mgallery/board/view/?id=kyungsang&no=4418&page=11
11,4417,[일반],누가 더 유명함 네이마르 비욘세,- dc official App,디바 (59.28) 2025.03.17 23:16:48 스크랩 조회 302 추천 0 댓글 2,0,302,2025.03.17 23:16:48,https://gall.dcinside.com/mgallery/board/view/?id=kyungsang&no=4417&page=11
11,4416,[일반],긱사 첫날부터 정전 시발ㅋㅋㅋㅋ,이런 병신학교가 다 있나 - dc official App,경붕이 (223.39) 2025.03.17 21:15:46 스크랩 조회 370 추천 2 댓글 2,2,370,2025.03.17 21:15:46,https://gall.dcinside.com/mgallery/board/view/?id=kyungsang&no=4416&page=11
11,4415,[일반],1학년 10일차 선생님 티어리스트.,"1티어 - 한국사, 한문, 통사, 체육, 음악 (선생님) 2티어 - 영어 교실반, 수학 교실반, 생명,과학 (선생님) 3티어 - 정보, 물리, 지구, 정보 (선생님) -1학년 익명 ***올림-",경붕이 (106.101) 2025.03.16 20:34:58 스크랩 조회 993 추천 5 댓글 8,5,993,2025.03.16 20:34:58,https://gall.dcinside.com/mgallery/board/view/?id=kyungsang&no=4415&page=11
11,4414,[일반],울학교 쌤중에 인플루언서만 둘이노,ㅅㅂㅋㅋ - dc official App,경붕이 (14.45) 2025.03.08 15:21:52 스크랩 조회 1311 추천 5 댓글 9,5,1311,2025.03.08 15:21:52,https://gall.dcinside.com/mgallery/board/view/?id=kyungsang&no=4414&page=11
11,4409,[일반],3학년시간표,체육은 같은반애들이랑 하면안되나 왜 체육까지 군을 나누는건지... 이러다가 현장체험학습도 군 나눠서 가겠네.. - dc official App,경붕이 (149.88) 2025.03.04 17:20:14 스크랩 조회 706 추천 5 댓글 3,5,706,2025.03.04 17:20:14,https://gall.dcinside.com/mgallery/board/view/?id=kyungsang&no=4409&page=11
11,4408,[일반],1학년 4반년들아,니넨 좆됐어 ㅋㅋㅋㅋㅋㅋㅋㅋㅋ ㅅㄱ - dc official App,경붕이 (118.235) 2025.03.04 12:58:52 스크랩 조회 1142 추천 16 댓글 7,16,1142,2025.03.04 12:58:52,https://gall.dcinside.com/mgallery/board/view/?id=kyungsang&no=4408&page=11
11,4406,[일반],두근두근 새학기,씨발련들아 2학년 폰 안걷는다매 이게 맞냐? - dc official App,경붕이 (118.235) 2025.03.04 08:56:23 스크랩 조회 433 추천 0 댓글 3,0,433,2025.03.04 08:56:23,https://gall.dcinside.com/mgallery/board/view/?id=kyungsang&no=4406&page=11
11,4405,[일반],내가 경상고 1짱이다,다덤벼,ㅇㅇ (121.183) 2025.03.03 13:01:52 스크랩 조회 691 추천 2 댓글 1,2,691,2025.03.03 13:01:52,https://gall.dcinside.com/mgallery/board/view/?id=kyungsang&no=4405&page=11
11,4404,[일반],ㅎㅇ,ㅎㄴ,익명yee 2025.02.28 02:43:32 스크랩 조회 243 추천 0 댓글 0,0,243,2025.02.28 02:43:32,https://gall.dcinside.com/mgallery/board/view/?id=kyungsang&no=4404&page=11
11,4402,[일반],정시 할만함,하루에 4시간씩 공부하면 최소 경대임,경붕이 (211.234) 2025.02.20 08:06:06 스크랩 조회 335 추천 2 댓글 0,2,335,2025.02.20 08:06:06,https://gall.dcinside.com/mgallery/board/view/?id=kyungsang&no=4402&page=11
11,4401,[일반],여기뭐야,이렁게잇네,어야 (58.227) 2025.02.20 00:22:16 스크랩 조회 310 추천 0 댓글 2,0,310,2025.02.20 00:22:16,https://gall.dcinside.com/mgallery/board/view/?id=kyungsang&no=4401&page=11
11,4400,[일반],북구 고등학교 등급정리 (타학교 4등급기준),경상여고 4.0 = 경상고 3.6 성광고 4.0 = 경상고 3.4 경명여고 4.0 = 경상고 3.9 칠성고 4.0 = 경상고 5.5 운암고 4.0 = 경상고 4.5 성화여고 4.0 = 경상고 4.3 영신고 4.0 = 경상고 5.5 영진고 4.0 = 경상고 6.0 만약에 딴 학교 4.0이 경상고로 온다면 받게될 등급 예상한거임 반박시 즉각 피드백 요청부탁,경붕이 (221.142) 2025.02.19 04:35:44 스크랩 조회 1257 추천 11 댓글 5,11,1257,2025.02.19 04:35:44,https://gall.dcinside.com/mgallery/board/view/?id=kyungsang&no=4400&page=11
11,4399,[일반],본인 이번에 영신고 입학생인데,솔직히 영신이 더 좋긴 해 - dc official App,경붕이 (110.15) 2025.02.18 02:42:44 스크랩 조회 485 추천 0 댓글 1,0,485,2025.02.18 02:42:44,https://gall.dcinside.com/mgallery/board/view/?id=kyungsang&no=4399&page=11
11,4398,[일반],3월에 기숙사 신청하고 바로 드가는거 ㄱㄴ?,작년에 깜빡하고 신청 안함,경붕이 (112.222) 2025.02.18 01:46:52 스크랩 조회 221 추천 0 댓글 0,0,221,2025.02.18 01:46:52,https://gall.dcinside.com/mgallery/board/view/?id=kyungsang&no=4398&page=11
11,4397,[일반],밴드에 자꾸,이상한 사진올리는 새끼있는데 뭐하는애임?,경붕이 (221.142) 2025.02.17 23:00:36 스크랩 조회 321 추천 1 댓글 1,1,321,2025.02.17 23:00:36,https://gall.dcinside.com/mgallery/board/view/?id=kyungsang&no=4397&page=11
11,4396,[일반],본인 졸업생인데 경상고 좋은 학교임,간거 후회 안한다. 화학 세특이 굉장히 마음에 든다. 화학 덕분에 대학 붙음 ㄹㅇ,ㅇㅇ (106.101) 2025.02.16 14:00:04 스크랩 조회 523 추천 5 댓글 1,5,523,2025.02.16 14:00:04,https://gall.dcinside.com/mgallery/board/view/?id=kyungsang&no=4396&page=11
11,4395,[일반],3학년 독서 부교재같은거 잇노?,ㅇㅇ,경붕이 (211.235) 2025.02.15 12:25:30 스크랩 조회 206 추천 0 댓글 0,0,206,2025.02.15 12:25:30,https://gall.dcinside.com/mgallery/board/view/?id=kyungsang&no=4395&page=11
11,4394,[일반],친구랑 5만원 내기함,누가 더 영향력이 클까 비욘세&테일러 스위프트 vs 호날두 - dc official App,디바 (59.28) 2025.02.13 15:35:54 스크랩 조회 411 추천 0 댓글 3,0,411,2025.02.13 15:35:54,https://gall.dcinside.com/mgallery/board/view/?id=kyungsang&no=4394&page=11
11,4393,[일반],본인 07,중2때 내신 87에서 선생님이 인문계 못간다함 중3때 죽도록해서 내신 34만들었더니 올해 경붕이들은 내신95퍼도 들어오는걸로 암 야이씨 내신 8~90애들받아주면 인문계냐? 공고만들일있냐?,경붕이 (221.142) 2025.02.12 00:16:40 스크랩 조회 765 추천 16 댓글 5,16,765,2025.02.12 00:16:40,https://gall.dcinside.com/mgallery/board/view/?id=kyungsang&no=4393&page=11
11,4391,[일반],6974하고싶다,,697444 (118.235) 2025.02.11 02:44:55 스크랩 조회 394 추천 0 댓글 0,0,394,2025.02.11 02:44:55,https://gall.dcinside.com/mgallery/board/view/?id=kyungsang&no=4391&page=11
11,4390,[일반],걸배이 쉐끼들아 좀 씻고 다녀라,북구 물 흐리지말고 쯧,ㅇㅇ (121.183) 2025.02.08 22:53:31 스크랩 조회 318 추천 2 댓글 1,2,318,2025.02.08 22:53:31,https://gall.dcinside.com/mgallery/board/view/?id=kyungsang&no=4390&page=11
11,4389,[일반],3학년 반편성 씹레전드네ㅋㅋㅋ,4반 꼬라지 봐라ㅋㅋㅋ,경붕이 (118.235) 2025.02.07 14:24:07 스크랩 조회 518 추천 2 댓글 1,2,518,2025.02.07 14:24:07,https://gall.dcinside.com/mgallery/board/view/?id=kyungsang&no=4389&page=11
11,4388,[일반],졸업식이면 졸업장만 좀 주지,공부 잘 하는 학생들 상 주는 건 방학식이나 따로 모아서 좀 하지 3학년 다 같이 축하받아야할 졸업식까지도 학생들 급 나누면서 공부잘하는 애는 단상에서 상받고 나머지는 앉아서 박수치게만드노,경붕이 (123.213) 2025.02.06 12:38:10 스크랩 조회 460 추천 3 댓글 3,3,460,2025.02.06 12:38:10,https://gall.dcinside.com/mgallery/board/view/?id=kyungsang&no=4388&page=11
11,4387,[일반],학교 왜가노?,4교시만 하고 마칠것이지 기분나빠서 3학년 졸업식날 종이비행기 테러할꺼다,경붕이 (221.142) 2025.02.04 23:45:23 스크랩 조회 449 추천 12 댓글 0,12,449,2025.02.04 23:45:23,https://gall.dcinside.com/mgallery/board/view/?id=kyungsang&no=4387&page=11
11,4384,[일반],대구 병신 거렁뱅이 새끼들이 가는 학교,경상고,ㅇㅇ (121.183) 2025.02.01 17:40:32 스크랩 조회 704 추천 7 댓글 0,7,704,2025.02.01 17:40:32,https://gall.dcinside.com/mgallery/board/view/?id=kyungsang&no=4384&page=11
11,4383,[일반],수시충들에게 조언하나 해준다,본인도 경상고였고 2학년 1학기 끝나고 수시 버렸다 그때 총성적이 아마도 한 2.5였을거다 참고로 지금은 고려대 지구환경과학과 졸업함 ㅋㅋ 수시충들은 아마도 원하는 대학이 꽤 높을 거다 적어도 중경외시 이상은 간다는 마인드겠지 근데 지금 성적이 중경외시 되는새끼들 거의 10%도 안될거다 1학년 끝난 애들중에 총점 2점대 새끼들 걍  거의 싹다 중경외시는 못가는 거임 ㅋㅋㅋㅋ 아마 종합 믿는 새끼들 있을텐데 ㅈ반 종합?ㅋㅋㅋㅋㅋㅋㅋㅋㅋㅋㅋㅋㅋㅋㅋㅋㅋㅋㅋㅋ 대가리 깨져봐야 정신차릴 새끼들임 말 그만 돌리고 바로 말할게 지금 니 성적이 2점대다? 그리고 올릴 자신 없다? 걍 정시로 런해라 솔직히 지금 런하기 딱 좋은 때라고 생각한다 나는 1학기 끝나고 여름방학때 버려서 좀 빡셌는데 지금 버리는게 젤 베스트라고 생각한다 솔직히 정시로 하루 8~10시간 정도만 공부해도 중경외시는 떡을치고 연세대 고려대도 문 뚫고 들어감 ㅋㅋ 좀 빡세게 하면 설카포나 의치한약수 가겠지 진지하게 안될것 같으면 정시런도 좋은 선택이다 지금도 있을지는 모르겠다만 아마 쌤들 싹다 정시 이악물고 말릴텐데 좆까고 가라 그게 훨씬 좋은 전략이다,ㅇㅇ (185.239) 2025.01.31 18:45:50 스크랩 조회 818 추천 9 댓글 8,9,818,2025.01.31 18:45:50,https://gall.dcinside.com/mgallery/board/view/?id=kyungsang&no=4383&page=11
12,4382,[일반],오랜만에 왔는데 갤 다죽었노,ㅇㅇ - dc official App,경붕이 (126.33) 2025.01.27 12:59:27 스크랩 조회 267 추천 0 댓글 1,0,267,2025.01.27 12:59:27,https://gall.dcinside.com/mgallery/board/view/?id=kyungsang&no=4382&page=12
12,4380,[일반],이게 뭐노?,,경붕이 (112.165) 2025.01.23 05:04:48 스크랩 조회 544 추천 5 댓글 1,5,544,2025.01.23 05:04:48,https://gall.dcinside.com/mgallery/board/view/?id=kyungsang&no=4380&page=12
12,4379,[일반],으아아아아아아아!!!!!!!!!!!!!!!!!!!!!!!!!!!!!!!!,나 질수없어!!!!!!!!!!!!!!! 질수없다구!!!!!!!!!!!!!!!!!!!!!!!!!!!!!!!!!!!!,ㅇㅇ (121.183) 2025.01.10 21:44:52 스크랩 조회 383 추천 0 댓글 1,0,383,2025.01.10 21:44:52,https://gall.dcinside.com/mgallery/board/view/?id=kyungsang&no=4379&page=12
12,4378,[일반],X스 3,- dc official App,ㄴㅇㄱ (14.46) 2025.01.09 01:12:46 스크랩 조회 469 추천 0 댓글 2,0,469,2025.01.09 01:12:46,https://gall.dcinside.com/mgallery/board/view/?id=kyungsang&no=4378&page=12
12,4377,[일반],아니 썅 세월 왤케 빠름,내가 왜 벌써 고3인데,ㅇㅇ (211.235) 2025.01.08 19:32:42 스크랩 조회 283 추천 0 댓글 0,0,283,2025.01.08 19:32:42,https://gall.dcinside.com/mgallery/board/view/?id=kyungsang&no=4377&page=12
12,4376,[일반],X스 2,- dc official App,ㄴㅇㄱ (14.46) 2024.12.29 02:12:23 스크랩 조회 394 추천 0 댓글 0,0,394,2024.12.29 02:12:23,https://gall.dcinside.com/mgallery/board/view/?id=kyungsang&no=4376&page=12
12,4375,[일반],월요일에 학교가는거 ㅈ같노,ㄹㅇ,경붕이 (121.150) 2024.12.26 13:48:47 스크랩 조회 529 추천 1 댓글 4,1,529,2024.12.26 13:48:47,https://gall.dcinside.com/mgallery/board/view/?id=kyungsang&no=4375&page=12
12,4374,[일반],중대사항,"04 05 06 만두준표 , 경상고고상경 , 모든것은물리 , 우매한과중 등등..... 시대는 끝났다 이제 우리가 새로운 시대를 열차례다 07 준비됐나....",경붕이 (223.39) 2024.12.22 19:12:40 스크랩 조회 841 추천 12 댓글 8,12,841,2024.12.22 19:12:40,https://gall.dcinside.com/mgallery/board/view/?id=kyungsang&no=4374&page=12
12,4372,[일반],ㅎㅇ,ㅇ,미즈키성애자 2024.12.20 14:06:44 스크랩 조회 312 추천 0 댓글 1,0,312,2024.12.20 14:06:44,https://gall.dcinside.com/mgallery/board/view/?id=kyungsang&no=4372&page=12
12,4371,[일반],오늘 몇시에 마침?,나 게이라 여고애들은 관심없어서 걍 일찍 끝내고싶은데,경붕이 (211.235) 2024.12.20 08:37:51 스크랩 조회 326 추천 0 댓글 2,0,326,2024.12.20 08:37:51,https://gall.dcinside.com/mgallery/board/view/?id=kyungsang&no=4371&page=12
12,4370,[일반],망갤테스트,.,ㅇㅇ (118.235) 2024.12.18 08:44:30 스크랩 조회 529 추천 16 댓글 0,16,529,2024.12.18 08:44:30,https://gall.dcinside.com/mgallery/board/view/?id=kyungsang&no=4370&page=12
12,4368,[일반],경갤 개망했네,그립습니다 경상고 치타 센빠이 그리고 경상고의 황금기를 함께한 ㅁ재앙 정부 - dc official App,ㅇㅇ (118.235) 2024.12.17 13:29:44 스크랩 조회 339 추천 3 댓글 1,3,339,2024.12.17 13:29:44,https://gall.dcinside.com/mgallery/board/view/?id=kyungsang&no=4368&page=12
12,4367,[일반],중지보딩,- dc official App,경붕이 (223.39) 2024.12.17 00:05:51 스크랩 조회 547 추천 2 댓글 0,2,547,2024.12.17 00:05:51,https://gall.dcinside.com/mgallery/board/view/?id=kyungsang&no=4367&page=12
12,4366,[일반],갤꼬라지ㅋㅋ,ㅂㅅ학생 ㅂㅅ선생 ㅂㅅ갤주 - dc official App,ㅇㅇ (58.124) 2024.12.16 20:47:07 스크랩 조회 238 추천 2 댓글 0,2,238,2024.12.16 20:47:07,https://gall.dcinside.com/mgallery/board/view/?id=kyungsang&no=4366&page=12
12,4365,[일반],X스,- dc official App,ㄴㅇㄱ (221.168) 2024.12.16 16:09:54 스크랩 조회 293 추천 1 댓글 0,1,293,2024.12.16 16:09:54,https://gall.dcinside.com/mgallery/board/view/?id=kyungsang&no=4365&page=12
12,4364,[일반],친구 6명 손절 치기 존나 쉽노~,보댕이 달려있으면 성화나 갈걸 왜 3년동안 다녔지 쑤시러 간다 ㅂㅂ,경붕이 (218.150) 2024.12.14 22:07:31 스크랩 조회 744 추천 0 댓글 2,0,744,2024.12.14 22:07:31,https://gall.dcinside.com/mgallery/board/view/?id=kyungsang&no=4364&page=12
12,4363,[일반],올해 경상고 입결,알려줘봐라 행님들아ㅏㅏ,경붕이 (221.142) 2024.12.14 17:37:25 스크랩 조회 694 추천 1 댓글 1,1,694,2024.12.14 17:37:25,https://gall.dcinside.com/mgallery/board/view/?id=kyungsang&no=4363&page=12
12,4361,[일반],에휴 좆노잼학교,학교도 좆노잼이고 08과중년들은 걍 꼴받고 갤도 씨발 제대로 안굴러가노 이번에 입결도 ㅈ박았더만 진짜 개병신학교네 씨발,ㅇㅇ (146.70) 2024.12.12 18:01:16 스크랩 조회 420 추천 4 댓글 3,4,420,2024.12.12 18:01:16,https://gall.dcinside.com/mgallery/board/view/?id=kyungsang&no=4361&page=12
12,4360,[정보],여러분들은 경상고 전설의 동물인 경상고 치타에 대해 아시나요?,경상고 치타는 04년생으로 코로나가 막 시작된 20년부터 22년까지 경상고에 머물렀습니다. 그는 21년도에 경상고 마이너 갤러리 주딱을 하기도 하였으며 자신의 시험 기간을 마치 치타처럼 늦게 출발하여 항상 내신은 박았고 정시파이터를 외쳤지만 결국에는 운 좋게 학종 심지어 최저도 없는 전형으로 경대에 갔습니다. 학고를 받긴 했지만 그래도 회복하였고 지금은 군대에서 출몰한다고 합니다. 그는 경상고 순수재미 황금기를 이끈 04년생 경상고 과중반 황금세대를 이끈 장본인이며 과중반은 물론 심지어 기숙사에서도 분위기 메이커 역할을 하였습니다. 경상고 치타라는 전설의 동물을 기억해주시면 감사하겠습니다. 별로 안 긴 글을 읽어주셔서 감사합니다. - dc official App,ㅇㅇ (211.235) 2024.12.09 15:12:47 스크랩 조회 846 추천 25 댓글 2,25,846,2024.12.09 15:12:47,https://gall.dcinside.com/mgallery/board/view/?id=kyungsang&no=4360&page=12
12,4359,[일반],좀 휴지좀 넣지마,변기 ㅈㄴ 막히네,경붕이 (221.168) 2024.12.06 08:51:33 스크랩 조회 296 추천 0 댓글 0,0,296,2024.12.06 08:51:33,https://gall.dcinside.com/mgallery/board/view/?id=kyungsang&no=4359&page=12
12,4358,[일반],경상고 갈만한가요,중3인데 고등학교 어디갈지 고민중인데 경상고 갈만한가요?,경붕이 (220.89) 2024.12.03 19:43:43 스크랩 조회 433 추천 2 댓글 4,2,433,2024.12.03 19:43:43,https://gall.dcinside.com/mgallery/board/view/?id=kyungsang&no=4358&page=12
12,4357,[일반],슬슬 정시준비할때가 왔습니다,현 모의고사 543123 정도 나오는데 1년동안 정시준비 빡세게하면 경대 ㄱㄴ?,경붕이 (221.142) 2024.12.03 00:42:01 스크랩 조회 349 추천 1 댓글 4,1,349,2024.12.03 00:42:01,https://gall.dcinside.com/mgallery/board/view/?id=kyungsang&no=4357&page=12
12,4356,[일반],경상고갤 망했다며?,지금부터 여기는 맨체스터 유나이티드 갤러리다,경붕이 (118.235) 2024.12.02 22:21:30 스크랩 조회 355 추천 5 댓글 0,5,355,2024.12.02 22:21:30,https://gall.dcinside.com/mgallery/board/view/?id=kyungsang&no=4356&page=12
12,4355,[일반],밥,묵자 - dc official App,ㄴㅇㄱ (221.168) 2024.12.02 15:57:15 스크랩 조회 219 추천 3 댓글 0,3,219,2024.12.02 15:57:15,https://gall.dcinside.com/mgallery/board/view/?id=kyungsang&no=4355&page=12
12,4352,[일반],현시점 경상고에서 젤 ㅈ된 애들,니 보다 더 ㅈ된 애들이 어디있냐? 이딴거 그만보고 공부나 해라,경붕이 (221.168) 2024.11.15 11:08:05 스크랩 조회 1163 추천 29 댓글 0,29,1163,2024.11.15 11:08:05,https://gall.dcinside.com/mgallery/board/view/?id=kyungsang&no=4352&page=12
12,4351,[일반],형님들,수능 잘보십쇼!!!,경붕이 (118.235) 2024.11.13 20:04:41 스크랩 조회 465 추천 7 댓글 1,7,465,2024.11.13 20:04:41,https://gall.dcinside.com/mgallery/board/view/?id=kyungsang&no=4351&page=12
12,4350,[일반],뭣 08년생이 입학을 했다고,,¡¡ 2024.11.13 01:58:46 스크랩 조회 501 추천 0 댓글 1,0,501,2024.11.13 01:58:46,https://gall.dcinside.com/mgallery/board/view/?id=kyungsang&no=4350&page=12
12,4349,[일반],책 팝니다,원래 5천원인데 4천원에 할인 해드림 - dc official App,경붕이 (221.168) 2024.11.12 13:25:04 스크랩 조회 396 추천 0 댓글 6,0,396,2024.11.12 13:25:04,https://gall.dcinside.com/mgallery/board/view/?id=kyungsang&no=4349&page=12
12,4347,[일반],3학년 형들,담배피지마세요 콱 씨,경붕이 (221.142) 2024.11.11 22:25:01 스크랩 조회 311 추천 0 댓글 0,0,311,2024.11.11 22:25:01,https://gall.dcinside.com/mgallery/board/view/?id=kyungsang&no=4347&page=12
12,4346,[일반],08들 왜캐 까임?,ㅈㄱㄴ,경붕이 (121.150) 2024.11.11 20:51:57 스크랩 조회 427 추천 0 댓글 0,0,427,2024.11.11 20:51:57,https://gall.dcinside.com/mgallery/board/view/?id=kyungsang&no=4346&page=12
12,4344,[일반],빼빼로 선착순 1명,3층 1학년 교무실 옆에 뒀으니깐 아무나 찾아가라,경붕이 (221.168) 2024.11.11 17:10:38 스크랩 조회 251 추천 1 댓글 0,1,251,2024.11.11 17:10:38,https://gall.dcinside.com/mgallery/board/view/?id=kyungsang&no=4344&page=12
12,4343,[일반],경갤이 망할지 안망할지는 그년도 1학년 과중반을 보면 알수있다,06은 전체적으로 외모로써 평타의 모습이라 일반반과 구별이 어려운 애들이 많고 07은 군계일학 컨셉으로 빻은애들 사이 수려한 외모를 지닌 애들이 몇몇 있다 하면 08은 보자마자 와..... 심한데? 수준 외모를 지닌 애들이 많다,경붕이 (221.168) 2024.11.11 10:02:22 스크랩 조회 598 추천 15 댓글 6,15,598,2024.11.11 10:02:22,https://gall.dcinside.com/mgallery/board/view/?id=kyungsang&no=4343&page=12
12,4342,[일반],이글을 본  3학년 형들,수능 대박 복권에 당첨됬습니다~,경붕이 (221.142) 2024.11.11 00:13:49 스크랩 조회 339 추천 1 댓글 0,1,339,2024.11.11 00:13:49,https://gall.dcinside.com/mgallery/board/view/?id=kyungsang&no=4342&page=12
12,4341,[일반],경갤 망한 진짜 이유....,08->이새끼들 걍 개노잼 최악의 세대 ㅋㅋㅋㅋㅋㅋㅋㅋㅋㅋ 08 보니까 걍 공부도 뭣도 전부 ㅈ박은거 같더만 08 한번이라도 본새끼들은 뭔말인지 알거다..,경붕이 (223.39) 2024.11.08 00:15:24 스크랩 조회 497 추천 12 댓글 3,12,497,2024.11.08 00:15:24,https://gall.dcinside.com/mgallery/board/view/?id=kyungsang&no=4341&page=12
12,4335,[일반],우리학교는 더프같은 사설 모의고사 안보나요,ㅠㅠ,경붕이 (223.39) 2024.11.02 22:06:39 스크랩 조회 282 추천 2 댓글 0,2,282,2024.11.02 22:06:39,https://gall.dcinside.com/mgallery/board/view/?id=kyungsang&no=4335&page=12
12,4333,[일반],과목별 공부법 리뉴얼버전 없나요,옛날거 틀내나는데 만들어주실분,경붕이 (118.235) 2024.10.31 17:40:22 스크랩 조회 478 추천 6 댓글 4,6,478,2024.10.31 17:40:22,https://gall.dcinside.com/mgallery/board/view/?id=kyungsang&no=4333&page=12
12,4331,[일반],하 ㅅㅂ 21년도까지만 해도 경갤 최전성기였는데,04들이 3학년 간 후로는 재미없노 으유 ㅉㅉ 갤 망해라 - dc official App,ㅇㅇ (121.150) 2024.10.25 21:20:53 스크랩 조회 364 추천 0 댓글 0,0,364,2024.10.25 21:20:53,https://gall.dcinside.com/mgallery/board/view/?id=kyungsang&no=4331&page=12
12,4330,[일반],갤 망함?,글이 이렇게까지 안올라온건 이제 망해간다는 뜻인데… 일해라 주딱아,경붕이 (221.168) 2024.10.25 17:39:30 스크랩 조회 242 추천 2 댓글 1,2,242,2024.10.25 17:39:30,https://gall.dcinside.com/mgallery/board/view/?id=kyungsang&no=4330&page=12
12,4329,[일반],랩데이 안가면 어캐되냐,생기부 안적히는거 말고 없나?,경붕이 (218.157) 2024.10.12 01:55:32 스크랩 조회 371 추천 0 댓글 1,0,371,2024.10.12 01:55:32,https://gall.dcinside.com/mgallery/board/view/?id=kyungsang&no=4329&page=12
12,4328,[일반],ㅇㄱㄴ쌤 시험 감독볼때,제발 조용히 말해달라고 전해주세요.. 시험치는데 집중이 안돼요.. 만나서 말하면 생기부 이상하게 적힐까봐 디시에 글 싸질러요..,경붕이 (110.8) 2024.10.09 16:24:47 스크랩 조회 923 추천 26 댓글 3,26,923,2024.10.09 16:24:47,https://gall.dcinside.com/mgallery/board/view/?id=kyungsang&no=4328&page=12
12,4327,[일반],경붕이들아 나 중3인데 경상고 괜찮냐? 본인 지금 영신고랑 경상고중에 어,디갈지 못고르겠노… - dc official App,경붕이 (221.142) 2024.10.09 02:50:17 스크랩 조회 631 추천 0 댓글 9,0,631,2024.10.09 02:50:17,https://gall.dcinside.com/mgallery/board/view/?id=kyungsang&no=4327&page=12
12,4326,[일반],좆됐다,ㅋㅋㅋㅋㅋ - dc official App,경붕이 (211.235) 2024.10.08 13:50:22 스크랩 조회 270 추천 0 댓글 0,0,270,2024.10.08 13:50:22,https://gall.dcinside.com/mgallery/board/view/?id=kyungsang&no=4326&page=12
12,4323,[일반],개꼴리는 흑누나,ㅗ,경붕이 (221.168) 2024.10.04 09:52:33 스크랩 조회 912 추천 15 댓글 1,15,912,2024.10.04 09:52:33,https://gall.dcinside.com/mgallery/board/view/?id=kyungsang&no=4323&page=12
12,4322,[일반],이기 철 이라고 합니다,- dc official App,ㄴㅇㄱ (14.46) 2024.09.30 02:12:27 스크랩 조회 388 추천 0 댓글 0,0,388,2024.09.30 02:12:27,https://gall.dcinside.com/mgallery/board/view/?id=kyungsang&no=4322&page=12
12,4321,[일반],국사 ptsd,- dc official App,ㅇㅇ (218.48) 2024.09.28 19:25:28 스크랩 조회 341 추천 2 댓글 0,2,341,2024.09.28 19:25:28,https://gall.dcinside.com/mgallery/board/view/?id=kyungsang&no=4321&page=12
12,4320,[일반],내일 학교 가기 ㅈㄴ 싫으면 개추 ㅋㅋㅋ,ㅇㄷㄴㅂㅌㅋㅋㅋㅋㅋㅋㅋㅋㅋㅋㅋㅋㅋㅋㅋㅋㅋㅋㅋㅋ,미즈키성애자 2024.09.18 22:24:02 스크랩 조회 512 추천 10 댓글 0,10,512,2024.09.18 22:24:02,https://gall.dcinside.com/mgallery/board/view/?id=kyungsang&no=4320&page=12
12,4319,[일반],폭거던 카드 정보 모음,https://m.dcinside.com/board/limbuscompany/91235,경붕이 (121.181) 2024.09.18 12:46:48 스크랩 조회 254 추천 3 댓글 0,3,254,2024.09.18 12:46:48,https://gall.dcinside.com/mgallery/board/view/?id=kyungsang&no=4319&page=12
12,4318,[일반],야자 하는데,갑자기 종소리 뭐임??? - dc official App,경붕이 (118.235) 2024.09.12 19:15:40 스크랩 조회 642 추천 5 댓글 0,5,642,2024.09.12 19:15:40,https://gall.dcinside.com/mgallery/board/view/?id=kyungsang&no=4318&page=12
12,4317,[일반],경평 씨발 ㅋㅋㅋㅋ,영어 듣기 중에 방송 끊기는건 레전드네 ㅋㅋㅋ,이겜어려워요 2024.09.12 11:52:51 스크랩 조회 876 추천 10 댓글 2,10,876,2024.09.12 11:52:51,https://gall.dcinside.com/mgallery/board/view/?id=kyungsang&no=4317&page=12
12,4315,[일반],자판기 미쳤냐?,나 졸업하니까 갑자기 바뀌네 부럽다,경상고고상경 2024.09.05 14:14:23 스크랩 조회 546 추천 0 댓글 2,0,546,2024.09.05 14:14:23,https://gall.dcinside.com/mgallery/board/view/?id=kyungsang&no=4315&page=12
13,4314,[일반],얘들아 너희 왜 자판기 있니?,우리때는 없었는데 혹시 매점도 요즘 시작했니? - dc official App,ㅇㅇ (117.55) 2024.09.04 23:14:10 스크랩 조회 441 추천 0 댓글 1,0,441,2024.09.04 23:14:10,https://gall.dcinside.com/mgallery/board/view/?id=kyungsang&no=4314&page=13
13,4313,[일반],경상고 자판기 근황.jpg,ㅇㅈㄹ ㅋㅋ,이겜어려워요 2024.09.03 18:34:29 스크랩 조회 1138 추천 7 댓글 3,7,1138,2024.09.03 18:34:29,https://gall.dcinside.com/mgallery/board/view/?id=kyungsang&no=4313&page=13
13,4312,[일반],자판기,가격의 정상화가 시급하다 뭔가 이상함,경붕이 (118.235) 2024.09.03 07:08:15 스크랩 조회 442 추천 5 댓글 2,5,442,2024.09.03 07:08:15,https://gall.dcinside.com/mgallery/board/view/?id=kyungsang&no=4312&page=13
13,4311,[일반],경상고 문제,아니 이 시발 경상고는 몆년전부터 도난사고가 끊이질않는데 복도에 cctv를 왜 안다는거야 홈베이스에라도 달던가 ㅋㅋ 몆년전에도 애들 에스크로 cctv문의 많이 하던데 이게 학교측에서 하기 어려운거임? 내 지갑내놔 이 도둑년아,경붕이 (221.142) 2024.09.02 23:57:10 스크랩 조회 376 추천 3 댓글 0,3,376,2024.09.02 23:57:10,https://gall.dcinside.com/mgallery/board/view/?id=kyungsang&no=4311&page=13
13,4310,[일반],내 애플팬슬 훔친새끼,나도 훔칠꺼다 이학교에서 몇개를 잃어버렸는지 모르겠다,경붕이 (211.234) 2024.09.01 14:31:44 스크랩 조회 511 추천 0 댓글 3,0,511,2024.09.01 14:31:44,https://gall.dcinside.com/mgallery/board/view/?id=kyungsang&no=4310&page=13
13,4309,[일반],토요일에도 도서관 엶?,ㅈㄱㄴ,경붕이 (221.168) 2024.08.30 19:32:12 스크랩 조회 298 추천 0 댓글 2,0,298,2024.08.30 19:32:12,https://gall.dcinside.com/mgallery/board/view/?id=kyungsang&no=4309&page=13
13,4308,[일반],이글 봐라,봤으면 가라,경붕이 (118.235) 2024.08.28 20:44:19 스크랩 조회 641 추천 11 댓글 0,11,641,2024.08.28 20:44:19,https://gall.dcinside.com/mgallery/board/view/?id=kyungsang&no=4308&page=13
13,4307,[일반],여기가 권x태 가 독재하고있는 그 경상고 갤임?,뭔 갤이 따로있냐 ㅋㅋㅋㅋ - dc official App,경붕이 (106.101) 2024.08.28 19:42:28 스크랩 조회 445 추천 1 댓글 0,1,445,2024.08.28 19:42:28,https://gall.dcinside.com/mgallery/board/view/?id=kyungsang&no=4307&page=13
13,4306,[일반],슬슬 정리할때가 되긴했지.. 1학년 빌런 모음..,음바페 굿~,경붕이 (221.168) 2024.08.27 22:26:31 스크랩 조회 662 추천 0 댓글 1,0,662,2024.08.27 22:26:31,https://gall.dcinside.com/mgallery/board/view/?id=kyungsang&no=4306&page=13
13,4305,[일반],실시간 경붕이 좆댔다.,똥 ㅋ,경붕이 (221.168) 2024.08.27 08:57:12 스크랩 조회 335 추천 1 댓글 0,1,335,2024.08.27 08:57:12,https://gall.dcinside.com/mgallery/board/view/?id=kyungsang&no=4305&page=13
13,4303,[일반],안아줘요,- dc official App,ㄴㅇㄱ (221.168) 2024.08.26 19:59:27 스크랩 조회 366 추천 0 댓글 1,0,366,2024.08.26 19:59:27,https://gall.dcinside.com/mgallery/board/view/?id=kyungsang&no=4303&page=13
13,4302,[일반],이글봐라,경상고에는 겹지방(딥페이크)관련 사고 없을꺼라 믿는다.,경붕이 (221.142) 2024.08.26 00:16:35 스크랩 조회 761 추천 14 댓글 6,14,761,2024.08.26 00:16:35,https://gall.dcinside.com/mgallery/board/view/?id=kyungsang&no=4302&page=13
13,4301,[일반],과과연 듣는 친구야,누군지는 얘기안할건데 제발 씨발 씻어라 머리에 기름 ㅈ된다,경붕이 (118.235) 2024.08.20 17:13:34 스크랩 조회 704 추천 9 댓글 1,9,704,2024.08.20 17:13:34,https://gall.dcinside.com/mgallery/board/view/?id=kyungsang&no=4301&page=13
13,4300,[일반],윤-하 좋아하는 애들아,사건의 지평선이 있던 앨범에 이어 윤-하 7집 앨범이 2024년 9월 1일 오후 6시에 발매돼. 알람맞춰놔. - dc official App,윤하팬입니다 2024.08.20 11:26:54 스크랩 조회 333 추천 0 댓글 1,0,333,2024.08.20 11:26:54,https://gall.dcinside.com/mgallery/board/view/?id=kyungsang&no=4300&page=13
13,4299,[일반],경상고 따웨이거,?,경붕이 (121.181) 2024.08.17 22:15:11 스크랩 조회 744 추천 6 댓글 1,6,744,2024.08.17 22:15:11,https://gall.dcinside.com/mgallery/board/view/?id=kyungsang&no=4299&page=13
13,4298,[일반],경상고 씨발 새끼들,학교에 권씨 존나 많노 똥통학교의 전형적 특징,ㅇㅇ (210.105) 2024.08.17 18:17:17 스크랩 조회 840 추천 10 댓글 1,10,840,2024.08.17 18:17:17,https://gall.dcinside.com/mgallery/board/view/?id=kyungsang&no=4298&page=13
13,4296,[일반],그래서 경갤 망함?,ㅇㅇ,경붕이 (118.235) 2024.08.16 08:40:47 스크랩 조회 289 추천 1 댓글 1,1,289,2024.08.16 08:40:47,https://gall.dcinside.com/mgallery/board/view/?id=kyungsang&no=4296&page=13
13,4293,[일반],경갤 망함?,라떼만 해도 활발했는데 - dc official App,ㅇㅇ (121.150) 2024.08.06 21:37:29 스크랩 조회 356 추천 0 댓글 2,0,356,2024.08.06 21:37:29,https://gall.dcinside.com/mgallery/board/view/?id=kyungsang&no=4293&page=13
13,4292,[일반],영진고갤에서 왔습니다,갤 여기만큼 활성화됬으면 좋겠읍니다..,ㅇㅇ (223.39) 2024.07.30 19:31:21 스크랩 조회 432 추천 1 댓글 0,1,432,2024.07.30 19:31:21,https://gall.dcinside.com/mgallery/board/view/?id=kyungsang&no=4292&page=13
13,4290,[일반],타학교에서 왔다,반갑노 경상 게이들아,경붕이 (112.165) 2024.07.27 01:05:02 스크랩 조회 346 추천 4 댓글 0,4,346,2024.07.27 01:05:02,https://gall.dcinside.com/mgallery/board/view/?id=kyungsang&no=4290&page=13
13,4289,[일반],경상고 에플펜스 도둑들은 들어라,우리 어머니 아버지가 피땀흘려서 번 돈이다 에플팬스 다시 돌려줘라 씹새끼들아,경붕이 (104.223) 2024.07.15 17:15:50 스크랩 조회 967 추천 7 댓글 7,7,967,2024.07.15 17:15:50,https://gall.dcinside.com/mgallery/board/view/?id=kyungsang&no=4289&page=13
13,4287,[일반],경상고 김정은,아직 학교에 있음? - dc official App,ㅇㅇ (211.235) 2024.07.13 16:54:47 스크랩 조회 671 추천 1 댓글 1,1,671,2024.07.13 16:54:47,https://gall.dcinside.com/mgallery/board/view/?id=kyungsang&no=4287&page=13
13,4284,[일반],2학년한테 충고한다,내신 4~5점댄데 어줍짢게 내신 챙기려고 막 스카가서 공부하는둥마는둥 밤새고 막 하지말고 틀거면 빨리 정시로틀어라 형 충고다..  가고픈 대학이 별로 안높으면 모르겠는데 꿈이 크면 빨리트는게맞다,경붕이 (125.137) 2024.07.10 21:25:01 스크랩 조회 950 추천 13 댓글 1,13,950,2024.07.10 21:25:01,https://gall.dcinside.com/mgallery/board/view/?id=kyungsang&no=4284&page=13
13,4283,[일반],경상고 중대사항 발표,수능 D-127,경붕이 (221.168) 2024.07.10 08:03:30 스크랩 조회 491 추천 1 댓글 0,1,491,2024.07.10 08:03:30,https://gall.dcinside.com/mgallery/board/view/?id=kyungsang&no=4283&page=13
13,4282,[일반],장마철에만 체육복바지 등교 해주면 안되려나,…,경붕이 (223.39) 2024.07.10 07:36:42 스크랩 조회 485 추천 6 댓글 2,6,485,2024.07.10 07:36:42,https://gall.dcinside.com/mgallery/board/view/?id=kyungsang&no=4282&page=13
13,4281,[일반],(ㅎㅂ)수위높은강간사진.avi,수위 높은 강 간 사진 - dc official App,경붕이 (58.237) 2024.07.09 20:06:29 스크랩 조회 979 추천 5 댓글 1,5,979,2024.07.09 20:06:29,https://gall.dcinside.com/mgallery/board/view/?id=kyungsang&no=4281&page=13
13,4279,[일반],나 문학 ㄱㅈㅅ쌤인데 인증글 남긴다,어 형이야~ - dc official App,경붕이 (58.237) 2024.07.06 08:08:54 스크랩 조회 1414 추천 30 댓글 1,30,1414,2024.07.06 08:08:54,https://gall.dcinside.com/mgallery/board/view/?id=kyungsang&no=4279&page=13
13,4278,[일반],윤동주와 윤공주는 최소대립쌍이다,ㅇㅇ,경붕이 (221.168) 2024.07.05 03:38:41 스크랩 조회 1269 추천 4 댓글 0,4,1269,2024.07.05 03:38:41,https://gall.dcinside.com/mgallery/board/view/?id=kyungsang&no=4278&page=13
13,4277,[일반],오늘 ㅈ된 경붕이 특,허수,경붕이 (211.38) 2024.07.03 20:26:48 스크랩 조회 408 추천 0 댓글 0,0,408,2024.07.03 20:26:48,https://gall.dcinside.com/mgallery/board/view/?id=kyungsang&no=4277&page=13
13,4276,[일반],얘들아 진짜 정정당당하게 시험보자,공부하지 밀고 순수 추리력으로만 겨뤄보자고 진짜로 - dc official App,경붕이 (221.168) 2024.07.03 12:29:18 스크랩 조회 678 추천 19 댓글 0,19,678,2024.07.03 12:29:18,https://gall.dcinside.com/mgallery/board/view/?id=kyungsang&no=4276&page=13
13,4275,[일반],문학 지랄이네ㅋㅋ,변별력 좆박았나ㅋㅋ,경붕이 (118.235) 2024.07.02 15:59:55 스크랩 조회 634 추천 8 댓글 0,8,634,2024.07.02 15:59:55,https://gall.dcinside.com/mgallery/board/view/?id=kyungsang&no=4275&page=13
13,4274,[일반],1학년) 수학치고 정시로 전향할사람 개추,일단나부터,경붕이 (223.39) 2024.07.02 14:32:49 스크랩 조회 425 추천 11 댓글 0,11,425,2024.07.02 14:32:49,https://gall.dcinside.com/mgallery/board/view/?id=kyungsang&no=4274&page=13
13,4273,[일반],1학년 수학,없냐?,경붕이 (117.55) 2024.07.02 13:57:53 스크랩 조회 832 추천 25 댓글 4,25,832,2024.07.02 13:57:53,https://gall.dcinside.com/mgallery/board/view/?id=kyungsang&no=4273&page=13
13,4272,[일반],경상고 영어 좆같은이유,@@@@@@피분수중이니 걸러듣길바람@@@@@@@ 2학년때는 몰라도 대체 3학년 기말때 6모는 범위에 대체 왜 집어넣는거임? 딴과목에 비해 문제수가 적냐? -> 28문제 씨발창 그나마 쉽냐? -> 역대 6모중 최악 시험대비하려면 걍 기출분석이고 나발이고 무지성으로 지문 통째로 외워야하는데 이게 수능대비가 될지도 의문임.. 다른 과목도 공부해야하는데 다 좆까고 범위 정한것같음 어떻게든 공부 덜한 지문 내보겠다고 도표지문 출제하는것도 개좆같은데 수업중에 실실 쪼개면서 5모도 넣을까? ㅇㅈㄹ하는거보면 진짜 꼬접마려움..,경붕이 (58.124) 2024.07.01 20:44:22 스크랩 조회 852 추천 2 댓글 4,2,852,2024.07.01 20:44:22,https://gall.dcinside.com/mgallery/board/view/?id=kyungsang&no=4272&page=13
13,4270,[일반],오늘 시험치는 게이 없제?,에이 설마 ㅋㅋ 누가 한지같은거 함 ㅋㅋ - dc official App,경붕이 (118.235) 2024.07.01 07:32:02 스크랩 조회 246 추천 0 댓글 0,0,246,2024.07.01 07:32:02,https://gall.dcinside.com/mgallery/board/view/?id=kyungsang&no=4270&page=13
13,4269,[일반],슬슬 정시가 확실해지는 팀 07은 개추ㅋㅋ,일단나부터 - dc official App,사랑스러운뚱이 2024.06.30 21:34:53 스크랩 조회 467 추천 20 댓글 0,20,467,2024.06.30 21:34:53,https://gall.dcinside.com/mgallery/board/view/?id=kyungsang&no=4269&page=13
13,4266,[일반],진짜 이해안되는거,똥 싸고 물을 안내리는거 진짜 이해안됨 초등학교 중학교는 뭐 애니깐 부끄러워서 그랬다고치자 남고에서 똥싸고 물소리 나는게 창피해서 안내리는거냐 진짜 뭐 변기가 막혀서 그런거면 인정은해 근데 그게 한두번이여야지 자꾸 물을 안내리면 어카자는거고 제발 내리자 제발 - dc official App,경붕이 (58.124) 2024.06.28 17:07:36 스크랩 조회 500 추천 3 댓글 5,3,500,2024.06.28 17:07:36,https://gall.dcinside.com/mgallery/board/view/?id=kyungsang&no=4266&page=13
13,4265,[일반],(혐주의) (난 경고했다) 경상고에 치매노인 있음 ㅅ발?,어떤 새끼가 화장실 벽에 똥칠해놨는데 누구냐 시발,경붕이 (221.168) 2024.06.28 14:22:34 스크랩 조회 1075 추천 11 댓글 5,11,1075,2024.06.28 14:22:34,https://gall.dcinside.com/mgallery/board/view/?id=kyungsang&no=4265&page=13
13,4264,[일반],경상고가 너무 좋다 히히,틀러의 보물 라이더,ㅇㅇ (221.168) 2024.06.28 10:55:57 스크랩 조회 388 추천 3 댓글 0,3,388,2024.06.28 10:55:57,https://gall.dcinside.com/mgallery/board/view/?id=kyungsang&no=4264&page=13
13,4263,[일반],정시파이터들이 간과하고있는 사실,수능칠때 똥마려우면 어캄?,경붕이 (223.39) 2024.06.26 15:35:59 스크랩 조회 520 추천 0 댓글 5,0,520,2024.06.26 15:35:59,https://gall.dcinside.com/mgallery/board/view/?id=kyungsang&no=4263&page=13
13,4262,[일반],도서관에 이거 뭐임,ㅋㅋㅋㅋㅋ,류자키 (118.235) 2024.06.25 13:09:25 스크랩 조회 926 추천 15 댓글 5,15,926,2024.06.25 13:09:25,https://gall.dcinside.com/mgallery/board/view/?id=kyungsang&no=4262&page=13
13,4260,[일반],위기의 경상고... 이대로 가면,,ㅇㅇ (221.168) 2024.06.25 08:53:30 스크랩 조회 518 추천 1 댓글 2,1,518,2024.06.25 08:53:30,https://gall.dcinside.com/mgallery/board/view/?id=kyungsang&no=4260&page=13
13,4259,[일반],한국사,천왕 짤 - dc official App,경붕이 (14.46) 2024.06.25 01:35:05 스크랩 조회 360 추천 0 댓글 0,0,360,2024.06.25 01:35:05,https://gall.dcinside.com/mgallery/board/view/?id=kyungsang&no=4259&page=13
13,4258,[일반],제목낚시 그만하고 생산적인 글 좀 써라 씨빨,래하는 라이더,ㅇㅇ (221.168) 2024.06.24 15:57:04 스크랩 조회 439 추천 2 댓글 3,2,439,2024.06.24 15:57:04,https://gall.dcinside.com/mgallery/board/view/?id=kyungsang&no=4258&page=13
13,4256,[일반],제목낚시밖에 없노 진짜 이대로 가면(라이더 X),,ㅇㅇ (112.150) 2024.06.23 12:00:11 스크랩 조회 569 추천 21 댓글 2,21,569,2024.06.23 12:00:11,https://gall.dcinside.com/mgallery/board/view/?id=kyungsang&no=4256&page=13
13,4255,[일반],미쳤냐 진짜 화장실 관리 이대로 가면,무도회 - dc official App,경붕이 (58.124) 2024.06.23 04:03:12 스크랩 조회 504 추천 2 댓글 4,2,504,2024.06.23 04:03:12,https://gall.dcinside.com/mgallery/board/view/?id=kyungsang&no=4255&page=13
13,4254,[일반],야이 개념없는새끼들아,똥쳐싸고 물내리라고 똥 찌꺼기 묻어있으면 확인이라도 하든가 똥 물 내리는 소리가 쪽팔리면 싸지를마라,경붕이 (221.142) 2024.06.23 02:35:50 스크랩 조회 512 추천 15 댓글 0,15,512,2024.06.23 02:35:50,https://gall.dcinside.com/mgallery/board/view/?id=kyungsang&no=4254&page=13
13,4252,[일반],노잼 드립 개많노 경상고 갤러리 이대로 가면,라이더,ㅇㅇ (223.39) 2024.06.21 18:57:04 스크랩 조회 520 추천 19 댓글 1,19,520,2024.06.21 18:57:04,https://gall.dcinside.com/mgallery/board/view/?id=kyungsang&no=4252&page=13
13,4251,[일반],교사 빌런 리스트,리케라톱스 - dc official App,ㅇㅇ (221.168) 2024.06.21 15:34:57 스크랩 조회 956 추천 14 댓글 2,14,956,2024.06.21 15:34:57,https://gall.dcinside.com/mgallery/board/view/?id=kyungsang&no=4251&page=13
13,4250,[일반],3학년 빌런 리스트,라이앵글 초크 - dc official App,AiNah 2024.06.21 15:32:21 스크랩 조회 974 추천 12 댓글 11,12,974,2024.06.21 15:32:21,https://gall.dcinside.com/mgallery/board/view/?id=kyungsang&no=4250&page=13
14,4249,[일반],이거 과목 바꿀때 어디고 찾아가야함?,과목 바꿀려는데 어디로가야 바꿀수있음? - dc official App,경붕이 (221.168) 2024.06.21 09:10:16 스크랩 조회 309 추천 0 댓글 3,0,309,2024.06.21 09:10:16,https://gall.dcinside.com/mgallery/board/view/?id=kyungsang&no=4249&page=14
14,4248,[일반],골든위크 종목 뭐 될 것 같냐,개인적으론 농구가 그나마 나을 것 같은데,ㅇㅇ (118.235) 2024.06.20 21:57:32 스크랩 조회 297 추천 0 댓글 1,0,297,2024.06.20 21:57:32,https://gall.dcinside.com/mgallery/board/view/?id=kyungsang&no=4248&page=14
14,4246,[일반],.,.,경붕이 (221.168) 2024.06.19 15:40:02 스크랩 조회 616 추천 50 댓글 0,50,616,2024.06.19 15:40:02,https://gall.dcinside.com/mgallery/board/view/?id=kyungsang&no=4246&page=14
14,4243,[일반],디퓨저 약한걸로.. 다른 향으로..,향도 너무 역하고.. 오줌 냄새보단 낫긴한데 지금 계속 맡으니까 환청 환각 온듯이 환후각 와서 죽을거 같음.. 머리아프고 어지러워,경붕이 (14.45) 2024.06.17 23:03:24 스크랩 조회 715 추천 13 댓글 11,13,715,2024.06.17 23:03:24,https://gall.dcinside.com/mgallery/board/view/?id=kyungsang&no=4243&page=14
14,4242,[일반],우리학교 싸움 1짱 누구임?,ㅈㄱㄴ - dc official App,AiNah 2024.06.17 17:49:42 스크랩 조회 681 추천 2 댓글 2,2,681,2024.06.17 17:49:42,https://gall.dcinside.com/mgallery/board/view/?id=kyungsang&no=4242&page=14
14,4241,[일반],나 고전과 윤리 선택 했는데 바꿀사람,사회탐구 선택한 사람만 댓글 ㄱㄱ,경붕이 (223.39) 2024.06.17 16:42:53 스크랩 조회 422 추천 0 댓글 6,0,422,2024.06.17 16:42:53,https://gall.dcinside.com/mgallery/board/view/?id=kyungsang&no=4241&page=14
14,4240,[일반],3학년 딸피들은 꼽끼지 좀 마라 제발,디시할 시간에 수능 공부나 해라 눈치 없이 꼽끼지 말고 반박시 OMR 밀려씀,경붕이 (221.168) 2024.06.17 16:23:41 스크랩 조회 545 추천 9 댓글 0,9,545,2024.06.17 16:23:41,https://gall.dcinside.com/mgallery/board/view/?id=kyungsang&no=4240&page=14
14,4238,[일반],3학년 딸피새끼들은 눈치없이 왜 끼노ㅋㅋㅋㅋ,걍 얌전히 공부하다 수능치고 꺼질 것이지 개찐따마냥 심심해서 2학년들 노는 데에 기웃거리는거 역겹네,경붕이 (221.168) 2024.06.17 14:48:41 스크랩 조회 869 추천 14 댓글 8,14,869,2024.06.17 14:48:41,https://gall.dcinside.com/mgallery/board/view/?id=kyungsang&no=4238&page=14
14,4237,[일반],그저,대 경 상,경붕이 (211.235) 2024.06.17 14:46:48 스크랩 조회 248 추천 0 댓글 0,0,248,2024.06.17 14:46:48,https://gall.dcinside.com/mgallery/board/view/?id=kyungsang&no=4237&page=14
14,4236,[일반],저격관련 2학년,병신들이 얼마나 ㅈ으로 보였으면 이런곳에 욕이나 쳐먹노 븅신들아 이글 보고 꼽히면 3-3으로 찾아온나 딱봐도 병신들끼리 서로 까이고 ㅂㄷ대는게 ㅈㄴ 웃기네 ㅋㅋ,경붕이 (211.235) 2024.06.17 14:46:32 스크랩 조회 604 추천 8 댓글 1,8,604,2024.06.17 14:46:32,https://gall.dcinside.com/mgallery/board/view/?id=kyungsang&no=4236&page=14
14,4235,[일반],아니 쌤들은 왜 지들이 나서서 찾을라카노 ㅋㅋ,ㅋㅋㅋㅋㅋ 아니 뭐가 문제임 쌤들 찾을라고 하지마세요 ㅋㅋㅋㅋㅋ주딱을 찾아오라느니 글 쓴 장본인 찾아오라느니 ㅋㅋ 빌런들 공개저격 쳐맞아야 쪽팔려서 앞으로 행실 조신조신하겠지 2학년들아 꼽히면 맞다이로 들어오던가 ㅋ 08대장이다 ㅋ,야야 그만 (221.168) 2024.06.17 10:58:51 스크랩 조회 942 추천 8 댓글 4,8,942,2024.06.17 10:58:51,https://gall.dcinside.com/mgallery/board/view/?id=kyungsang&no=4235&page=14
14,4234,[일반],2학년들아 ㅋㅋㅋ 적당히 해라,니들 빌런인거 맞말 아니긔???? 똑바로 행동하던가 ㅋ,우매한과중 (221.168) 2024.06.17 10:43:56 스크랩 조회 610 추천 6 댓글 1,6,610,2024.06.17 10:43:56,https://gall.dcinside.com/mgallery/board/view/?id=kyungsang&no=4234&page=14
14,4233,[일반],저격당한ㅂㅅ,저격당한ㅂㅅ인데 저격 당해서 긁혀서 찾을라고 애쓰는게 ㅂㅅ같다한거 반은 맞고 반은 틀림 이번저격 안긁힌건 거짓말이고 솔직히 긁히긴 긁혔지 근데 이정도 긁힌걸로 찾을라고 애쓰는건 아니고 얼마나 잘생겼고 피부좋고 학교상활 잘해서 모두가 좋아하고 안찐따같고 피해안주고 이롭기만해서 커뮤니티에 가만히있는착한애들도 찐따형거리면서 평가질하는지 궁금해서 찾을라고 애쓰는거임ㅋㅋㅋㅋ +저격당한애들도 엠창인생이다? 솔직히 그러면 안되는거지만 맞는말도 있긴있었음 근데 몇몇애들은 학교에서 조용히 사는데도 생긴걸로 까이고 찐따같다고 까이고 피해안끼치는 착한애들도 억까당해서 적혔음 그래서 더 궁금함ㅋㅋ,경붕이 (118.235) 2024.06.17 02:46:52 스크랩 조회 604 추천 13 댓글 1,13,604,2024.06.17 02:46:52,https://gall.dcinside.com/mgallery/board/view/?id=kyungsang&no=4233&page=14
14,4232,[일반],쫄리면 토르써라,ㄹㅇㅋㅋ,경붕이 (223.131) 2024.06.16 23:26:43 스크랩 조회 264 추천 0 댓글 0,0,264,2024.06.16 23:26:43,https://gall.dcinside.com/mgallery/board/view/?id=kyungsang&no=4232&page=14
14,4230,[일반],아 제발 고소해주면 안됨?,누군지 좀 알자 알 권리 보장해라 빨리 재미없어질려니까 - dc official App,AiNah 2024.06.16 22:23:24 스크랩 조회 310 추천 1 댓글 0,1,310,2024.06.16 22:23:24,https://gall.dcinside.com/mgallery/board/view/?id=kyungsang&no=4230&page=14
14,4229,[일반],통피 유동으로 썻는데 되겠냐 ㅋㅋㅋ,ㅂㅅ - dc official App,ㅇㅇ (211.235) 2024.06.16 20:48:50 스크랩 조회 347 추천 1 댓글 5,1,347,2024.06.16 20:48:50,https://gall.dcinside.com/mgallery/board/view/?id=kyungsang&no=4229&page=14
14,4228,[일반],전전주딱인데,"난 실명언급 , 저격글때문에 싸움나는거 재밌어서 일부러 안지우려고 노력함. ㅋㅋ 근데 내가 주딱인거 너무 많은 사람들이 알고 있어서 나한테 지우라고 카톡으로 연락 오거나 쌤이 직접 찾아오셔서 나보고 지우라 하거나 그래가지고 어쩔 수 없이 맨날 지웠음",경상고고상경 2024.06.16 16:26:35 스크랩 조회 336 추천 4 댓글 3,4,336,2024.06.16 16:26:35,https://gall.dcinside.com/mgallery/board/view/?id=kyungsang&no=4228&page=14
14,4227,[일반],파딱 임명 받았습니다.,잘 부탁드립니다. - dc official App,ehhx 2024.06.16 15:35:09 스크랩 조회 446 추천 5 댓글 3,5,446,2024.06.16 15:35:09,https://gall.dcinside.com/mgallery/board/view/?id=kyungsang&no=4227&page=14
14,4226,[일반],나만 저격한 놈이나 당한 놈이나 다 ㅂㅅ같냐?,저격한 ㅅㄲ는 불만이 있으면 앞에 가서 말하던가 ㅈ찐다같이 디씨에 ㅈㄹㅈㄹ을 하고 저격 당한 ㅅㄲ는 찐따련이 쓴 글에 긁혀서 찾는다고 ㅈㄹ하는데 다 한심하다.. - dc official App,경붕이 (223.39) 2024.06.16 15:30:00 스크랩 조회 509 추천 15 댓글 1,15,509,2024.06.16 15:30:00,https://gall.dcinside.com/mgallery/board/view/?id=kyungsang&no=4226&page=14
14,4223,[일반],ㅋㅋㅋㅋㅋ,자백하자?,경붕이 (122.43) 2024.06.16 11:14:46 스크랩 조회 272 추천 1 댓글 1,1,272,2024.06.16 11:14:46,https://gall.dcinside.com/mgallery/board/view/?id=kyungsang&no=4223&page=14
14,4222,[일반],저격,빵,ㅇㅇ (118.235) 2024.06.16 10:49:13 스크랩 조회 371 추천 3 댓글 0,3,371,2024.06.16 10:49:13,https://gall.dcinside.com/mgallery/board/view/?id=kyungsang&no=4222&page=14
14,4220,[일반],저격글 쓴 게이야,자백하면 그땐 소문 퍼지고 남은 학교생활 투명인간 취급 당하는거야 ㅋㅋㅋㅋㅋㅋㅋㅋㅋㅋㅋㅋㅋㅋㅋㅋㅋㅋㅋㅋㅋㅋㅋㅋㅋㅋㅋㅋㅋㅋ,경붕이 (211.235) 2024.06.16 02:39:33 스크랩 조회 280 추천 1 댓글 0,1,280,2024.06.16 02:39:33,https://gall.dcinside.com/mgallery/board/view/?id=kyungsang&no=4220&page=14
14,4218,[일반],주딱,감다뒤졌네,경붕이 (211.235) 2024.06.16 00:59:01 스크랩 조회 295 추천 1 댓글 1,1,295,2024.06.16 00:59:01,https://gall.dcinside.com/mgallery/board/view/?id=kyungsang&no=4218&page=14
14,4216,[일반],저격,저격글 누가썼는지 짐작가냐?,경붕이 (176.113) 2024.06.15 21:32:20 스크랩 조회 479 추천 1 댓글 2,1,479,2024.06.15 21:32:20,https://gall.dcinside.com/mgallery/board/view/?id=kyungsang&no=4216&page=14
14,4214,[일반],저격글쌀거면,나 ㅇ학년 ㅇ반 ㅇㅇㅇ인데 ~~~ 이거 붙이고 시작해라,경붕이 (175.117) 2024.06.15 11:35:09 스크랩 조회 494 추천 7 댓글 1,7,494,2024.06.15 11:35:09,https://gall.dcinside.com/mgallery/board/view/?id=kyungsang&no=4214&page=14
14,4213,[일반],올라오는 저격글 관련해서,애들 저격하고 싶은 마음은 이해하는데 할 얘기있으면 직접 가서 따져라 쪼잔하게 익명으로 글쓰지말고 - dc official App,heclv 2024.06.14 23:00:51 스크랩 조회 926 추천 27 댓글 5,27,926,2024.06.14 23:00:51,https://gall.dcinside.com/mgallery/board/view/?id=kyungsang&no=4213&page=14
14,4211,[일반],(스압) 경상고 기말고사 문제유출..다 알아왔다,람쥐 썬더,경붕이 (223.39) 2024.06.14 18:51:22 스크랩 조회 602 추천 0 댓글 0,0,602,2024.06.14 18:51:22,https://gall.dcinside.com/mgallery/board/view/?id=kyungsang&no=4211&page=14
14,4209,[일반],경상고 졸업하고 경상고 교사된사람 있냐,낭만적이네,ㅇㅇ (115.140) 2024.06.13 00:22:00 스크랩 조회 793 추천 0 댓글 4,0,793,2024.06.13 00:22:00,https://gall.dcinside.com/mgallery/board/view/?id=kyungsang&no=4209&page=14
14,4208,[일반],문득 한사람이 떠오르면 개추ㅋㅋ,ㅋㅋㅋㅋㅋㅋㅋㅋㅋ - dc official App,경붕이 (223.39) 2024.06.12 22:29:10 스크랩 조회 769 추천 12 댓글 0,12,769,2024.06.12 22:29:10,https://gall.dcinside.com/mgallery/board/view/?id=kyungsang&no=4208&page=14
14,4207,[일반],오늘 있었던 폭력 사건,전말이 뭐임 알려줄사람,경붕이 (118.235) 2024.06.11 17:10:29 스크랩 조회 1282 추천 12 댓글 7,12,1282,2024.06.11 17:10:29,https://gall.dcinside.com/mgallery/board/view/?id=kyungsang&no=4207&page=14
14,4205,[일반],기숙사 화장실,학교 화장실은 그래도 참고 살았는데 기숙사 화장실은 진짜 냄새 ㅈ 같았음 진짜 디퓨저 들어온거 신의 한 수 ㅆㅇㅈ,경붕이 (221.168) 2024.06.10 19:03:49 스크랩 조회 675 추천 7 댓글 2,7,675,2024.06.10 19:03:49,https://gall.dcinside.com/mgallery/board/view/?id=kyungsang&no=4205&page=14
14,4204,[일반],마 다 들어온나 스바꺼,다시 나가주세여~~,경붕이 (221.168) 2024.06.10 17:50:01 스크랩 조회 342 추천 2 댓글 0,2,342,2024.06.10 17:50:01,https://gall.dcinside.com/mgallery/board/view/?id=kyungsang&no=4204&page=14
14,4203,[일반],망갤테스트,ㅇ,ㅇㅇ (223.39) 2024.06.10 01:15:59 스크랩 조회 525 추천 18 댓글 0,18,525,2024.06.10 01:15:59,https://gall.dcinside.com/mgallery/board/view/?id=kyungsang&no=4203&page=14
14,4202,[일반],여기는 뭐 요즘도 일반 과중으로 싸우노,3년전이랑 달라진게없네 - dc official App,경상고지학 2024.06.07 10:44:18 스크랩 조회 406 추천 0 댓글 0,0,406,2024.06.07 10:44:18,https://gall.dcinside.com/mgallery/board/view/?id=kyungsang&no=4202&page=14
14,4201,[일반],재량휴업일,우린 왜 안하노 ㅅㅂ,경붕이 (211.224) 2024.06.06 19:54:25 스크랩 조회 511 추천 11 댓글 1,11,511,2024.06.06 19:54:25,https://gall.dcinside.com/mgallery/board/view/?id=kyungsang&no=4201&page=14
14,4199,[일반],나랑 자퇴빵 가위바위보할사람 구함,10명 모아서 하자 - dc official App,AiNah 2024.06.06 11:21:52 스크랩 조회 297 추천 0 댓글 1,0,297,2024.06.06 11:21:52,https://gall.dcinside.com/mgallery/board/view/?id=kyungsang&no=4199&page=14
14,4197,[일반],경상애들아,할짓없나,경붕이 (223.39) 2024.06.05 23:51:29 스크랩 조회 361 추천 0 댓글 1,0,361,2024.06.05 23:51:29,https://gall.dcinside.com/mgallery/board/view/?id=kyungsang&no=4197&page=14
14,4196,[일반],덤벼라,어이 나 08 경상대장 한 다이 뜰라카믄 5반으로 와라 다 쎄리마이 정신 못 차리게 만드삔다(참고로 키 170이하만 덤벼라+ 몸무게 55kg이하),08경상대장 (106.101) 2024.06.05 23:10:46 스크랩 조회 307 추천 0 댓글 1,0,307,2024.06.05 23:10:46,https://gall.dcinside.com/mgallery/board/view/?id=kyungsang&no=4196&page=14
14,4194,[일반],경상고 기숙사 이게맞냐,지네 살면서 처음 본다 ㅋㅋ,경붕이 (221.168) 2024.06.05 07:20:45 스크랩 조회 870 추천 6 댓글 2,6,870,2024.06.05 07:20:45,https://gall.dcinside.com/mgallery/board/view/?id=kyungsang&no=4194&page=14
14,4193,[일반],과중대표 이름 얼굴 궁금하네,ㅈㄱㄴ,야가미라이토 (118.235) 2024.06.05 01:35:14 스크랩 조회 438 추천 2 댓글 0,2,438,2024.06.05 01:35:14,https://gall.dcinside.com/mgallery/board/view/?id=kyungsang&no=4193&page=14
14,4192,[일반],1-9반 과중대표가 쓴 글 모음집,[일반] 일반반 vs 과중반은 경마갤의 유구한 전통이지 [일반]대입 할 땐 좆반고 선생들 말 듣지마라 같은 아이피이므로 3학년이 한 짓으로 추정됨. 아마 1-9반을 들먹으면서 속으로 낄낄거렸을 생각하니까 역겹네 나이값 좀해라,경붕이 (221.142) 2024.06.04 02:50:20 스크랩 조회 1025 추천 13 댓글 5,13,1025,2024.06.04 02:50:20,https://gall.dcinside.com/mgallery/board/view/?id=kyungsang&no=4192&page=14
14,4191,[일반],걍 다 닥치고 불만있음 1학년 10반으로 와라,나 1학년 10반 대표다 일반반 놈들아 뜨자,경붕이 (221.168) 2024.06.04 02:10:27 스크랩 조회 566 추천 5 댓글 3,5,566,2024.06.04 02:10:27,https://gall.dcinside.com/mgallery/board/view/?id=kyungsang&no=4191&page=14
14,4189,[일반],1학년 9반 찾아오는새끼가 아무도 없노,그러면 그렇지 병신들 ㅋㅋ,과중대표 (223.131) 2024.06.03 21:13:06 스크랩 조회 839 추천 0 댓글 23,0,839,2024.06.03 21:13:06,https://gall.dcinside.com/mgallery/board/view/?id=kyungsang&no=4189&page=14
14,4188,[일반],아직도 이런 똥통학교 다님?,자퇴해,경붕이 (210.105) 2024.06.03 19:17:50 스크랩 조회 319 추천 1 댓글 0,1,319,2024.06.03 19:17:50,https://gall.dcinside.com/mgallery/board/view/?id=kyungsang&no=4188&page=14
14,4185,[일반],수행 어렵다고 징징대는거 개 꼴보기 싫네ㅋㅋ,뭐 한국사 수행이 어려워봤자 걍 외우면 되는거잖아 3개 300자 쓰기가 그렇게 싫어? 징징대지 좀 마셈,ㅇㅇ (223.39) 2024.06.03 12:48:40 스크랩 조회 542 추천 7 댓글 7,7,542,2024.06.03 12:48:40,https://gall.dcinside.com/mgallery/board/view/?id=kyungsang&no=4185&page=14
14,4181,[일반],한국사 수행치고 정시가고싶은 게이면 개추 ㅋㅋ,응 내신 ㅈ까고 정시하면 그만이야~~,경붕이 (221.168) 2024.06.03 11:00:47 스크랩 조회 250 추천 4 댓글 1,4,250,2024.06.03 11:00:47,https://gall.dcinside.com/mgallery/board/view/?id=kyungsang&no=4181&page=14
14,4180,[일반],경상고 가고싶은 예비고1,"과중이나 일반반 선택에 기로입니다 현재 중학교에서 10%~20%  사이를 왔다갔다합니다 과중가면 나락간다는말이 있어서? 일반반가면 세특  과중 몰아준다고 해서, ? 많은고민 중인데   일반반 가고싶은데  과중반 성적  따라가기힘든가요? 북구가 아니여서 일반반으로  쓰면  떨어질까도 걱정입니다 기숙사 생활은 많이 공부위주로 힘든가요?",경붕이 (122.32) 2024.06.03 08:24:00 스크랩 조회 613 추천 0 댓글 7,0,613,2024.06.03 08:24:00,https://gall.dcinside.com/mgallery/board/view/?id=kyungsang&no=4180&page=14
14,4179,[일반],한국사 이거뭐냐,말 안해도 2학년은 알꺼다 ㅇㅇ 이따구로내는거 보면 진짜 웃음만 나온다 안배운범위내는것도 뭐지 싶네 교육청 이걸로 신고해도되나 - dc official App,경붕이 (58.124) 2024.06.03 03:29:20 스크랩 조회 271 추천 4 댓글 1,4,271,2024.06.03 03:29:20,https://gall.dcinside.com/mgallery/board/view/?id=kyungsang&no=4179&page=14
14,4178,[일반],지금 한국사 수행한다고 밤새는 경붕이면 개추 ㅋㅋ,- dc official App,경상학숙일기장 2024.06.03 02:17:55 스크랩 조회 327 추천 7 댓글 1,7,327,2024.06.03 02:17:55,https://gall.dcinside.com/mgallery/board/view/?id=kyungsang&no=4178&page=14
15,4177,[일반],2학년 한국사 쌤들은 우리를 싫어하는게 틀림없다.,"ㄱㅈㅇ쌤, ㅅㄱㅎ쌤. 이정도면 걍 우리 엿먹으라고 수행평가 이렇게 낸거같은데 차라리 우리 앞에서 혼을 내든가하지 왜 이런걸로 멀쩡히 수업잘듣는 사람까지 힘들게하냐 시발?",경붕이 (114.206) 2024.06.03 02:14:06 스크랩 조회 425 추천 6 댓글 0,6,425,2024.06.03 02:14:06,https://gall.dcinside.com/mgallery/board/view/?id=kyungsang&no=4177&page=15
15,4175,[일반],한국사 수행 개씨발련 애미좆뒤짐,5개 외워서 무작위 3개 쓰라는거 존나 악질이네 개당 공백제외 300잔데  씨발 쌤피셜 기말공부 도움되라고 했다는데 좆지랄인게 어떤거는 교과서 나오지도 않는다 개씨발것 - dc official App,경붕이 (58.237) 2024.06.02 23:35:52 스크랩 조회 572 추천 6 댓글 3,6,572,2024.06.02 23:35:52,https://gall.dcinside.com/mgallery/board/view/?id=kyungsang&no=4175&page=15
15,4174,[일반],우리 학교가 제일 정상인듯,주변학교 갤 보니깐 우리가 제일 정상인듯,경붕이 (125.246) 2024.06.02 23:01:12 스크랩 조회 262 추천 0 댓글 0,0,262,2024.06.02 23:01:12,https://gall.dcinside.com/mgallery/board/view/?id=kyungsang&no=4174&page=15
15,4173,[일반],2학년 한국사 수행 엄마있냐?,저 5개 다 찾고 외우는것도 만만치 않은데 ㅅㅂ 그중에 3개를 개당 300자 이상 쓰는게 맞냐? ㅅㅂ 진짜 국영수도 이렇게 까지는 안한다. 역시 경평,경붕이 (114.206) 2024.06.02 17:01:05 스크랩 조회 630 추천 16 댓글 4,16,630,2024.06.02 17:01:05,https://gall.dcinside.com/mgallery/board/view/?id=kyungsang&no=4173&page=15
15,4172,[일반],이씨발롬들아 디씨에서 댓글로만 씨부리지말고,1학년 9반 찾아와서 과중대표 누구냐고 직접 쳐 물어봐라 개패듯이 패줄테니깐 보니까 디씨하는새끼들은 2학년 마크하는 찐따들한테도 직접 말 못하는 병신들밖에 없는 거 같더만 ㅋㅋㅋ,과중대표 (223.131) 2024.06.02 16:50:09 스크랩 조회 655 추천 10 댓글 4,10,655,2024.06.02 16:50:09,https://gall.dcinside.com/mgallery/board/view/?id=kyungsang&no=4172&page=15
15,4171,[일반],오늘 챔스 누가 이길 것 같음?,- dc official App,AiNah 2024.06.01 22:12:08 스크랩 조회 225 추천 0 댓글 0,0,225,2024.06.01 22:12:08,https://gall.dcinside.com/mgallery/board/view/?id=kyungsang&no=4171&page=15
15,4170,[일반],나 1학년과중인데,"2,3학년들 지나가는거 볼 때 마다 개ㅈ밥멸치들밖에 없는거같고 1학년 ㅈ반반 새끼들은 가오만 쳐잡는거 같은데 진짜 가다가 어깨빵같은거라도 걸리면 죽여버릴게요 다들 사리시길^^",과중대표 (223.131) 2024.06.01 22:11:58 스크랩 조회 621 추천 9 댓글 11,9,621,2024.06.01 22:11:58,https://gall.dcinside.com/mgallery/board/view/?id=kyungsang&no=4170&page=15
15,4169,[일반],2학년 8반 좀 씨발 씻어라,냄새 개좆같다,경붕이 (118.235) 2024.05.31 15:18:54 스크랩 조회 778 추천 40 댓글 4,40,778,2024.05.31 15:18:54,https://gall.dcinside.com/mgallery/board/view/?id=kyungsang&no=4169&page=15
15,4168,[일반],만두준표 사건 요약점여 3학년 행님들,경상고 갤러리 눈팅하다가 우매한과중? 만두준표 욕많던데 왜 그런거죠??,경붕이 (221.142) 2024.05.30 22:35:15 스크랩 조회 442 추천 0 댓글 2,0,442,2024.05.30 22:35:15,https://gall.dcinside.com/mgallery/board/view/?id=kyungsang&no=4168&page=15
15,4167,[일반],상경계열 단일화 해라,나도 CEO 경영이랑 ㅈ도 상관 없으니깐 광고천재 신청해라,경붕이 (221.168) 2024.05.30 15:54:42 스크랩 조회 255 추천 2 댓글 0,2,255,2024.05.30 15:54:42,https://gall.dcinside.com/mgallery/board/view/?id=kyungsang&no=4167&page=15
15,4163,[일반],2학년 점심시간 마크,시발 점심시간에 시끄럽게 브롤하는 새끼들 없어져서 좀 조용해지나 싶었더니 이젠 마크냐 시발 제발 할거면 자기 교실에서 아가리하고 좀 해라 제발 남 교실와서 분탕치지 말고,경붕이 (221.168) 2024.05.29 13:15:25 스크랩 조회 452 추천 4 댓글 3,4,452,2024.05.29 13:15:25,https://gall.dcinside.com/mgallery/board/view/?id=kyungsang&no=4163&page=15
15,4162,[일반],롤 대회 그냥 3학년이 우승한걸로 할게~,"차피 1,2학년들 롤 별로 못하잖아",ㅇㅇ (49.143) 2024.05.27 21:42:54 스크랩 조회 442 추천 2 댓글 2,2,442,2024.05.27 21:42:54,https://gall.dcinside.com/mgallery/board/view/?id=kyungsang&no=4162&page=15
15,4161,[일반],롤 결승전 못한거,취소냐 연기냐 들은거 있나 - dc official App,heclv 2024.05.27 20:24:43 스크랩 조회 428 추천 0 댓글 5,0,428,2024.05.27 20:24:43,https://gall.dcinside.com/mgallery/board/view/?id=kyungsang&no=4161&page=15
15,4160,[일반],경상고 교장과 학생부장은 들어라(단문),ㅎㅇ - dc official App,AiNah 2024.05.27 14:52:37 스크랩 조회 717 추천 14 댓글 0,14,717,2024.05.27 14:52:37,https://gall.dcinside.com/mgallery/board/view/?id=kyungsang&no=4160&page=15
15,4158,[일반],ㅅㅈ쌤 언제 교감달았지,1학년 과중반은 왜 2개고 9개반 10개반 밖에 없는거냐,ㅇㅇ (106.101) 2024.05.25 15:57:25 스크랩 조회 508 추천 0 댓글 3,0,508,2024.05.25 15:57:25,https://gall.dcinside.com/mgallery/board/view/?id=kyungsang&no=4158&page=15
15,4157,[일반],저정도 글로 뭔 색출을 하노ㅋㅋ,급식에 벌레 나온거 찍어올리는 정도 아니면 아무도 신경 안쓴다,ㅇㅇ (112.150) 2024.05.25 04:32:14 스크랩 조회 405 추천 5 댓글 0,5,405,2024.05.25 04:32:14,https://gall.dcinside.com/mgallery/board/view/?id=kyungsang&no=4157&page=15
15,4156,[일반],아무리 학교가 ㅈ같아도 쌤들은 욕하지 말자,본인들 수업준비도 해야하고 업무 봐야 하는것도 있을껀데 체육대회 준비도 하고 더운날에 애들 인솔하고 얼마나 힘들겠냐 학교는 ㅈ같아도 쌤들은 욕하지 말자,경붕이 (125.246) 2024.05.24 22:22:16 스크랩 조회 754 추천 16 댓글 4,16,754,2024.05.24 22:22:16,https://gall.dcinside.com/mgallery/board/view/?id=kyungsang&no=4156&page=15
15,4155,[일반],경상고 교장과 학생부장은 들어라(장문),"오늘 개교기념일 행사 때 학생부장이 공식행사 끝나고 선생님과 학부모들이 다 나가고 강당 문 다 닫으라고 한 다음 학생들한테 닥달함. ""내가 느그들 원하는 체육대회랑 E스포츠 대회 해달래서 다 해줬더니 왜 이따구로 하냐?"" 체육대회가 학생들이 원한다고 해서 열리는 행사였나? 왜 그걸 본인들 호의로 착각하며 생색을 내실까. 또, 학교 주변에 전단지 붙이면서까지 그렇게 홍보하던 롤대회도 취소해놓고도 뭐가 떳떳해서 마이크 잡고 그런 말을 하시는지 모르겠음. 심지어 학교도 그 일에 대해서 사과 한마디 없음. 오늘 마라톤도 왜 개교기념일에 학교 불러서 30도 땡볕에 뛰게 하냐 딴학교 다 쉬는 개교기념일에 굳이 부르면서까지 하는데에는 마땅한 이유라도 있을텐데. 마라톤도 교장이 앞장서서 뛰면 진정한 사제동행일텐데 뛰는사람 따로있고 쉬는사람 따로있는데 학생들이 뛰고 싶을까? 그리고 경찰 동원해서까지 할만한 가치있는 행사로 안보임. 사실 체육대회도 여고랑 합동으로 하는걸로 알려짐. 근데 우리 교장이 여고 교장 제안을 바로 잘랐다고 들음. 남고 여고 1년에 몇없는 기회에 만나는건데 그거 하나 허락하는게 힘든가? 우리 학교가 말도 안되게 개꼰대 학교긴 함 생활복 등교도 갑자기 금지해놓고 후폭풍 커지니 꼬리내리고, 심지어  우리나라에 대통령 직선제 도입되고도 우리 학교는 학생회 임원선거 직선제까지 37년 이나 걸림. 교장이 명언 인용해가며 연설할 시간 줄이고 학생들 의견에 귀 기울여야됨 행사때만 얼굴 몇번 비추는게 아니라ㅇㅇ 아마 학교에서 글쓴이 색출할거임. 껄끄럽더라도 비판 수용하고 되돌아보는게 멋있는 사람이지 언론 탄압 하는건 추하고 비민주적인 행동으로 밖에 안 비침. 이 글이 조금이나마 학교 개선에 도움 됐으면 좋겠다. 사실 나도 큰 기대는 안하지만 이 글 퍼날라서 꼭 교장쌤 귀까지 들어가도록 도와줘라 착각하면 안되는게 교장이랑 학생부장이 문제라고 말했지 힘없는 쌤들 욕하는게 아님 그리고 ​ 동의하면 다들 개추박아라 - dc official App",경붕이 (98.96) 2024.05.24 18:50:37 스크랩 조회 1536 추천 113 댓글 17,113,1536,2024.05.24 18:50:37,https://gall.dcinside.com/mgallery/board/view/?id=kyungsang&no=4155&page=15
15,4154,[일반],마지막 마라톤 완주.,3번 뛰면서 ㅈ같긴 해도 싫지만은 않았던거 같다.,경붕이 (118.235) 2024.05.24 18:22:15 스크랩 조회 338 추천 0 댓글 0,0,338,2024.05.24 18:22:15,https://gall.dcinside.com/mgallery/board/view/?id=kyungsang&no=4154&page=15
15,4153,[일반],롤 왜 안한거임?,피파는햇잖아,경붕이 (1.251) 2024.05.23 17:31:01 스크랩 조회 394 추천 0 댓글 2,0,394,2024.05.23 17:31:01,https://gall.dcinside.com/mgallery/board/view/?id=kyungsang&no=4153&page=15
15,4152,[일반],이스포츠 레전드네,ㅋㅋㅋㅋㅋㅋㅋㅋㅋ,경붕이 (118.235) 2024.05.23 17:22:34 스크랩 조회 298 추천 1 댓글 0,1,298,2024.05.23 17:22:34,https://gall.dcinside.com/mgallery/board/view/?id=kyungsang&no=4152&page=15
15,4151,[일반],놀라운 사실 한가지,아직 마라톤 남았다^^ - dc official App,경붕이 (223.39) 2024.05.23 16:25:39 스크랩 조회 273 추천 0 댓글 0,0,273,2024.05.23 16:25:39,https://gall.dcinside.com/mgallery/board/view/?id=kyungsang&no=4151&page=15
15,4150,[일반],롤한다매,롤한다매롤한다매롤한다매롤한다매롤한다매롤한다매롤한다매롤한다매롤한다매롤한다매롤한다매롤한다매롤한다매롤한다매롤한다매롤한다매롤한다매롤한다매롤한다매롤한다매롤한다매롤한다매롤한다매롤한다매롤한다매롤한다매롤한다매롤한다매롤한다매롤한다매롤한다매롤한다매롤한다매롤한다매롤한다매롤한다매롤한다매롤한다매롤한다매롤한다매롤한다매롤한다매롤한다매롤한다매롤한다매롤한다매롤한다매롤한다매롤한다매롤한다매롤한다매롤한다매롤한다매롤한다매롤한다매롤한다매롤한다매롤한다매롤한다매롤한다매롤한다매롤한다매롤한다매롤한다매롤한다매롤한다매롤한다매롤한다매롤한다매롤한다매롤한다매롤한다매롤한다매롤한다매롤한다매롤한다매롤한다매롤한다매롤한다매롤한다매롤한다매롤한다매롤한다매롤한다매롤한다매롤한다매롤한다매롤한다매롤한다매롤한다매롤한다매롤한다매롤한다매롤한다매롤한다매롤한다매롤한다매롤한다매롤한다매롤한다매롤한다매롤한다매롤한다매롤한다매롤한다매롤한다매롤한다매롤한다매롤한다매롤한다매롤한다매롤한다매롤한다매롤한다매롤한다매롤한다매롤한다매롤한다매롤한다매롤한다매롤한다매롤한다매롤한다매롤한다매롤한다매롤한다매롤한다매롤한다매롤한다매롤한다매롤한다매롤한다매롤한다매롤한다매롤한다매롤한다매롤한다매롤한다매롤한다매롤한다매롤한다매롤한다매롤한다매롤한다매롤한다매롤한다매롤한다매롤한다매롤한다매롤한다매롤한다매롤한다매롤한다매롤한다매롤한다매롤한다매롤한다매롤한다매롤한다매롤한다매롤한다매롤한다매롤한다매롤한다매롤한다매롤한다매롤한다매롤한다매롤한다매롤한다매롤한다매롤한다매롤한다매롤한다매롤한다매롤한다매롤한다매롤한다매롤한다매롤한다매롤한다매롤한다매롤한다매롤한다매롤한다매롤한다매롤한다매롤한다매롤한다매롤한다매롤한다매롤한다매롤한다매롤한다매롤한다매롤한다매롤한다매롤한다매롤한다매롤한다매롤한다매롤한다매롤한다매롤한다매롤한다매롤한다매롤한다매롤한다매롤한다매롤한다매롤한다매롤한다매롤한다매롤한다매롤한다매롤한다매롤한다매롤한다매롤한다매롤한다매롤한다매롤한다매롤한다매롤한다매롤한다매롤한다매롤한다매롤한다매롤한다매롤한다매롤한다매롤한다매롤한다매롤한다매롤한다매롤한다매롤한다매롤한다매롤한다매롤한다매롤한다매롤한다매롤한다매롤한다매롤한다매롤한다매롤한다매롤한다매롤한다매롤한다매롤한다매롤한다매롤한다매롤한다매롤한다매롤한다매롤한다매롤한다매롤한다매롤한다매롤한다매롤한다매롤한다매롤한다매롤한다매롤한다매롤한다매롤한다매롤한다매롤한다매롤한다매롤한다매롤한다매롤한다매롤한다매롤한다매롤한다매롤한다매롤한다매롤한다매롤한다매롤한다매롤한다매롤한다매롤한다매롤한다매롤한다매롤한다매롤한다매롤한다매롤한다매롤한다매롤한다매롤한다매롤한다매롤한다매롤한다매롤한다매롤한다매롤한다매롤한다매롤한다매롤한다매롤한다매롤한다매롤한다매롤한다매롤한다매롤한다매롤한다매롤한다매롤한다매롤한다매롤한다매롤한다매롤한다매롤한다매롤한다매롤한다매롤한다매롤한다매롤한다매롤한다매롤한다매롤한다매롤한다매롤한다매롤한다매롤한다매롤한다매롤한다매롤한다매롤한다매롤한다매롤한다매롤한다매롤한다매롤한다매롤한다매롤한다매롤한다매롤한다매롤한다매롤한다매롤한다매롤한다매롤한다매롤한다매롤한다매롤한다매롤한다매롤한다매롤한다매롤한다매롤한다매롤한다매롤한다매롤한다매롤한다매롤한다매롤한다매롤한다매롤한다매롤한다매롤한다매롤한다매롤한다매롤한다매롤한다매롤한다매롤한다매롤한다매롤한다매롤한다매롤한다매롤한다매롤한다매롤한다매롤한다매롤한다매롤한다매롤한다매롤한다매롤한다매롤한다매롤한다매롤한다매롤한다매롤한다매롤한다매롤한다매롤한다매롤한다매롤한다매롤한다매롤한다매롤한다매롤한다매롤한다매롤한다매롤한다매롤한다매롤한다매롤한다매롤한다매롤한다매롤한다매롤한다매롤한다매롤한다매롤한다매롤한다매롤한다매롤한다매롤한다매롤한다매롤한다매롤한다매롤한다매롤한다매롤한다매롤한다매롤한다매롤한다매롤한다매롤한다매롤한다매롤한다매롤한다매,경붕이 (118.235) 2024.05.23 15:33:07 스크랩 조회 405 추천 13 댓글 0,13,405,2024.05.23 15:33:07,https://gall.dcinside.com/mgallery/board/view/?id=kyungsang&no=4150&page=15
15,4149,[일반],디도스 걸면 어케됨,ㅈㄱㄴ - dc official App,경붕이 (211.234) 2024.05.23 14:25:52 스크랩 조회 226 추천 1 댓글 0,1,226,2024.05.23 14:25:52,https://gall.dcinside.com/mgallery/board/view/?id=kyungsang&no=4149&page=15
15,4147,[일반],등하교할 때 밤꽃냄새 원인 찾았다,사실 나때문임... 성장기인 남고생의 구릿빛 피부를 보면 참을 수 없게 돼버려서 전형적인 6.9cm 한남 소추를 남모르게 흔들며 등하교함,경붕이 (221.168) 2024.05.23 13:01:46 스크랩 조회 480 추천 5 댓글 1,5,480,2024.05.23 13:01:46,https://gall.dcinside.com/mgallery/board/view/?id=kyungsang&no=4147&page=15
15,4146,[일반],e스포츠 피파 오늘 가능함?,점검인데,경붕이 (223.39) 2024.05.23 10:46:53 스크랩 조회 274 추천 2 댓글 2,2,274,2024.05.23 10:46:53,https://gall.dcinside.com/mgallery/board/view/?id=kyungsang&no=4146&page=15
15,4145,[일반],우리학교에 밤나무 있냐?,"등,하교 할때 밤꽃냄새 나는데 ㅈ같음",멍녕냥 2024.05.22 21:32:09 스크랩 조회 330 추천 1 댓글 1,1,330,2024.05.22 21:32:09,https://gall.dcinside.com/mgallery/board/view/?id=kyungsang&no=4145&page=15
15,4144,[일반],.,.,경붕이 (221.168) 2024.05.22 13:00:14 스크랩 조회 227 추천 0 댓글 0,0,227,2024.05.22 13:00:14,https://gall.dcinside.com/mgallery/board/view/?id=kyungsang&no=4144&page=15
15,4141,[일반],도서관 화장실 리모델링 해주면 좋겠다,야자 때문에 쓰는 사람 많은데 리모델링좀 해주라,경붕이 (221.168) 2024.05.21 19:37:35 스크랩 조회 257 추천 3 댓글 1,3,257,2024.05.21 19:37:35,https://gall.dcinside.com/mgallery/board/view/?id=kyungsang&no=4141&page=15
15,4140,[일반],과중 욕하지마라,과중 때문에 우리학교가 나라에 돈 많이 받아서 꿈장이나 랩데이 같은거 할수 있는거임,경붕이 (221.168) 2024.05.21 15:58:48 스크랩 조회 454 추천 3 댓글 5,3,454,2024.05.21 15:58:48,https://gall.dcinside.com/mgallery/board/view/?id=kyungsang&no=4140&page=15
15,4139,[일반],생활복 좆도 필요 없는거,수능치고 캠핑가서 땔감으로 써야겠노 - dc official App,AiNah 2024.05.20 22:27:54 스크랩 조회 242 추천 0 댓글 0,0,242,2024.05.20 22:27:54,https://gall.dcinside.com/mgallery/board/view/?id=kyungsang&no=4139&page=15
15,4138,[일반],생활복 등교 다시 가능함?,이럴거면 아침에 방송을 왜한거야,이겜어려워요 2024.05.20 14:43:53 스크랩 조회 186 추천 0 댓글 0,0,186,2024.05.20 14:43:53,https://gall.dcinside.com/mgallery/board/view/?id=kyungsang&no=4138&page=15
15,4137,[일반],이럴거면 생활복 여러개 안샀지,생활복 등교 가능하다고 잘못 알려주곤 갑자기 이미 산 후에 아니됨 하먼 어떡하라는거임  환불을 해주던가 하던그,ㅇㅇ (221.168) 2024.05.20 07:55:59 스크랩 조회 328 추천 6 댓글 0,6,328,2024.05.20 07:55:59,https://gall.dcinside.com/mgallery/board/view/?id=kyungsang&no=4137&page=15
15,4136,[일반],복도랑 홈베이스 cctv설치 안 하는 이유가 도대체 뭐임,좆같은 출입증시스템이나 만들고,경붕이 (223.39) 2024.05.19 13:08:43 스크랩 조회 568 추천 8 댓글 5,8,568,2024.05.19 13:08:43,https://gall.dcinside.com/mgallery/board/view/?id=kyungsang&no=4136&page=15
15,4135,[일반],학생부장쌤,작년보다 더 빡세게 잡노 생활복 등교는 또 왜 안되는데 시발ㅋㅋ - dc official App,경붕이 (221.168) 2024.05.17 12:20:26 스크랩 조회 513 추천 5 댓글 0,5,513,2024.05.17 12:20:26,https://gall.dcinside.com/mgallery/board/view/?id=kyungsang&no=4135&page=15
15,4134,[일반],시발 우리가 복사기임?,진짜 왜 하는지 이해가 안되는데,경붕이 (118.235) 2024.05.17 11:42:38 스크랩 조회 477 추천 8 댓글 1,8,477,2024.05.17 11:42:38,https://gall.dcinside.com/mgallery/board/view/?id=kyungsang&no=4134&page=15
15,4133,[일반],필사 왜하는거임?,이게 진짜로 생기부에 도움되는건가?,경붕이 (221.168) 2024.05.17 11:42:10 스크랩 조회 424 추천 7 댓글 2,7,424,2024.05.17 11:42:10,https://gall.dcinside.com/mgallery/board/view/?id=kyungsang&no=4133&page=15
15,4132,[일반],"꿈장이 때문에 설문조사 하는 경붕이입니다, 제발 한번만 해주십시오 형님들",https://docs.google.com/forms/d/e/1FAIpQLSfyG5-nvdUralcmqpaqDh244onQuveyWEo8UJsvnooT6Eg63g/viewform?usp=pp_url,경붕이 (221.168) 2024.05.17 09:22:59 스크랩 조회 308 추천 1 댓글 1,1,308,2024.05.17 09:22:59,https://gall.dcinside.com/mgallery/board/view/?id=kyungsang&no=4132&page=15
15,4131,[일반],경상고 루피 같이 배 탈게이 구한다,태평양에 있는 참치 다 잡을게이는 댓글 ㄱㄱ - dc official App,1지망원양어선 (175.112) 2024.05.15 23:53:00 스크랩 조회 278 추천 0 댓글 3,0,278,2024.05.15 23:53:00,https://gall.dcinside.com/mgallery/board/view/?id=kyungsang&no=4131&page=15
15,4130,[일반],도둑년아 그만 쫌 처훔쳐라,다른 거는 나의 찾기에서 걸리니까 애플펜스만 골라서 처훔치네 잘못하다 걸리면 ㄱㅊ 잘라버린다 조심해라,경붕이 (221.168) 2024.05.14 15:39:39 스크랩 조회 596 추천 15 댓글 4,15,596,2024.05.14 15:39:39,https://gall.dcinside.com/mgallery/board/view/?id=kyungsang&no=4130&page=15
15,4129,[일반],3학년 생윤,뭔 일인지 요약 해주실분 - dc official App,ㅇㅇ (118.235) 2024.05.13 08:35:24 스크랩 조회 275 추천 1 댓글 0,1,275,2024.05.13 08:35:24,https://gall.dcinside.com/mgallery/board/view/?id=kyungsang&no=4129&page=15
15,4128,[일반],작년 1학년 6반,작년에 1학년 6반이였던 개폐급애들 분열 났었다던데 썰좀 풀어도 - dc official App,ㅋㄹ (218.54) 2024.05.11 12:02:26 스크랩 조회 486 추천 3 댓글 2,3,486,2024.05.11 12:02:26,https://gall.dcinside.com/mgallery/board/view/?id=kyungsang&no=4128&page=15
15,4126,[일반],개시발경상고,이거 머냐 시발 우리가 프린터임?,경붕이 (221.168) 2024.05.10 11:45:58 스크랩 조회 731 추천 16 댓글 2,16,731,2024.05.10 11:45:58,https://gall.dcinside.com/mgallery/board/view/?id=kyungsang&no=4126&page=15
15,4125,[일반],2학년 3반,과중냄새 존나난다 씨발 걍 과중 편입하자 - dc official App,경붕이 (221.168) 2024.05.10 11:32:36 스크랩 조회 528 추천 15 댓글 0,15,528,2024.05.10 11:32:36,https://gall.dcinside.com/mgallery/board/view/?id=kyungsang&no=4125&page=15
15,4122,[일반],5월 10일 금요일 디지스트 축제,,경붕이 (114.71) 2024.05.07 13:32:47 스크랩 조회 362 추천 0 댓글 0,0,362,2024.05.07 13:32:47,https://gall.dcinside.com/mgallery/board/view/?id=kyungsang&no=4122&page=15
15,4121,[일반],매점 제발좀,"e스포츠 롤이랑 피파 한건 정말 잘했다는 생각이 드는데, 도.대.체 작년부터 계속 말해오던 자판기 혹은 매점은 안해주는건가? ㅇㅇ쌤이 계속뭐 말하고는 있다고하는데 듣기좋으라고 말만 한다고 그래놓고 저 졸업할때까지안하는거 아닙니까? - dc official App",경붕이 (211.234) 2024.05.06 20:24:28 스크랩 조회 504 추천 16 댓글 3,16,504,2024.05.06 20:24:28,https://gall.dcinside.com/mgallery/board/view/?id=kyungsang&no=4121&page=15
15,4120,[일반],우리학교 좆반고인데,왜 몇몇 시험 불질러서 찍기 싸움 만드노 ㅋㅋㅋㅋ,ㅇㅇ (211.235) 2024.05.03 18:17:23 스크랩 조회 624 추천 8 댓글 2,8,624,2024.05.03 18:17:23,https://gall.dcinside.com/mgallery/board/view/?id=kyungsang&no=4120&page=15
15,4119,[일반],씨발 2학년 시험 일정 누가짰냐,내일 하루에 문학 물리 지학 다 친다 씨발 이게 맞냐 개좆같네 - dc official App,경붕이 (223.39) 2024.05.02 23:54:29 스크랩 조회 628 추천 6 댓글 4,6,628,2024.05.02 23:54:29,https://gall.dcinside.com/mgallery/board/view/?id=kyungsang&no=4119&page=15
15,4118,[일반],내일 시험,마지막 날이다 씨발 기분좋노,1111 (117.55) 2024.05.02 22:25:48 스크랩 조회 286 추천 5 댓글 0,5,286,2024.05.02 22:25:48,https://gall.dcinside.com/mgallery/board/view/?id=kyungsang&no=4118&page=15
15,4116,[일반],이번 시험으로 정시파 될거면 개추,수시는 글렀다,ㅇㅇ (223.39) 2024.05.02 13:00:18 스크랩 조회 470 추천 12 댓글 4,12,470,2024.05.02 13:00:18,https://gall.dcinside.com/mgallery/board/view/?id=kyungsang&no=4116&page=15
16,4115,[일반],화작,타임어택 실패한 게이면 개추 - dc official App,경붕이 (118.235) 2024.05.01 12:26:15 스크랩 조회 308 추천 1 댓글 2,1,308,2024.05.01 12:26:15,https://gall.dcinside.com/mgallery/board/view/?id=kyungsang&no=4115&page=16
16,4113,[일반],형님들,시험 잘치십쇼,경붕이 (118.235) 2024.04.29 21:00:07 스크랩 조회 468 추천 13 댓글 0,13,468,2024.04.29 21:00:07,https://gall.dcinside.com/mgallery/board/view/?id=kyungsang&no=4113&page=16
16,4112,[일반],우리반 찐따,죽었으면,ㅇㅇ (14.5) 2024.04.28 16:23:17 스크랩 조회 666 추천 1 댓글 2,1,666,2024.04.28 16:23:17,https://gall.dcinside.com/mgallery/board/view/?id=kyungsang&no=4112&page=16
16,4111,[일반],나랑,할사람,경붕이 (117.55) 2024.04.27 21:31:26 스크랩 조회 246 추천 0 댓글 0,0,246,2024.04.27 21:31:26,https://gall.dcinside.com/mgallery/board/view/?id=kyungsang&no=4111&page=16
16,4110,[일반],기숙사에서는,어떻게 침...?,경붕이 (117.55) 2024.04.27 14:34:57 스크랩 조회 402 추천 0 댓글 5,0,402,2024.04.27 14:34:57,https://gall.dcinside.com/mgallery/board/view/?id=kyungsang&no=4110&page=16
16,4109,[일반],삼각함수 그래프 개꼴리지 않냐,나만 그럼? - dc official App,경붕이 (14.45) 2024.04.27 12:14:13 스크랩 조회 587 추천 7 댓글 3,7,587,2024.04.27 12:14:13,https://gall.dcinside.com/mgallery/board/view/?id=kyungsang&no=4109&page=16
16,4108,[일반],질문,09인데 졸사 찍을때 코스프레 가능해요?,경붕이 (223.39) 2024.04.26 20:00:04 스크랩 조회 342 추천 1 댓글 6,1,342,2024.04.26 20:00:04,https://gall.dcinside.com/mgallery/board/view/?id=kyungsang&no=4108&page=16
16,4107,[일반],경상고 각 과목 1타 선생님이 누구냐?,알려주셈,경붕이 (220.89) 2024.04.25 23:28:58 스크랩 조회 594 추천 1 댓글 0,1,594,2024.04.25 23:28:58,https://gall.dcinside.com/mgallery/board/view/?id=kyungsang&no=4107&page=16
16,4106,[일반],기숙사 샤워실,현재 기숙사 샤워실 꼬라지... 제발 쓰고 나면 창문을 닫던가 불을 좀 끄자^^ 오늘 샤워는 글렀다 ㅅㅂ,경붕이 (221.168) 2024.04.25 21:12:33 스크랩 조회 878 추천 13 댓글 3,13,878,2024.04.25 21:12:33,https://gall.dcinside.com/mgallery/board/view/?id=kyungsang&no=4106&page=16
16,4105,[일반],미술쌤,네이버에 이름쳐서 나오는 사람이랑 같은 사람 맞음? 내가 보기엔 생긴게 달라보이고 본인도 아니라는데?,경붕이 (118.235) 2024.04.25 16:56:43 스크랩 조회 518 추천 0 댓글 2,0,518,2024.04.25 16:56:43,https://gall.dcinside.com/mgallery/board/view/?id=kyungsang&no=4105&page=16
16,4104,[일반],단백질,으 씨발 이게맞노 - dc official App,경붕이 (221.168) 2024.04.25 16:36:38 스크랩 조회 348 추천 0 댓글 4,0,348,2024.04.25 16:36:38,https://gall.dcinside.com/mgallery/board/view/?id=kyungsang&no=4104&page=16
16,4103,[일반],아다새끼들 넣는거 ㅈㄴ못하네,화장실 쓰레기통에 똑바로 휴지 넣는것도 힘드나 그거 하나도 못넣으면 나중에 어떡할래ㅉ - dc official App,경붕이 (223.39) 2024.04.25 16:20:04 스크랩 조회 480 추천 4 댓글 1,4,480,2024.04.25 16:20:04,https://gall.dcinside.com/mgallery/board/view/?id=kyungsang&no=4103&page=16
16,4102,[일반],신입생들은 우매한 과중이랑 만두준표 모르겠네,이게 경갤이냐..,ㅇㅇ (221.168) 2024.04.24 01:27:20 스크랩 조회 426 추천 1 댓글 4,1,426,2024.04.24 01:27:20,https://gall.dcinside.com/mgallery/board/view/?id=kyungsang&no=4102&page=16
16,4101,[일반],오늘 라면먹고 기숙사 테라스에 다 던질거다 ㅋ,벌점 기대하시긔,우매한과중 (221.168) 2024.04.23 21:19:00 스크랩 조회 367 추천 3 댓글 1,3,367,2024.04.23 21:19:00,https://gall.dcinside.com/mgallery/board/view/?id=kyungsang&no=4101&page=16
16,4100,[일반],문득,"기숙사 조식, 석식 강제인게 너무 꼴받는다. 내가 안먹고 싶다는데 왜 강제로 맥이는지.. 그리고 가끔 존내 맛없게 쳐나오는 거 보면 돈이 아깝다 그냥. 4월 조식비랑 석식비 만 봐도 114120 + 102030원인데 이정도 까지 쓰면서 먹어야 되나 싶음. 특히 석식은  한끼에 5370원인데 이 돈이면 그냥 저 앞에 마이카츠가서 마이세트 하나 뚝딱 먹는게 좋겠다 - dc official App",ㅇㅇ (118.235) 2024.04.23 21:13:12 스크랩 조회 492 추천 11 댓글 4,11,492,2024.04.23 21:13:12,https://gall.dcinside.com/mgallery/board/view/?id=kyungsang&no=4100&page=16
16,4099,[일반],2학년 과중반쪽에 냄새뭐냐,왜 화장실 냄새가 반에서 나노?,경붕이 (211.36) 2024.04.23 19:10:39 스크랩 조회 589 추천 12 댓글 2,12,589,2024.04.23 19:10:39,https://gall.dcinside.com/mgallery/board/view/?id=kyungsang&no=4099&page=16
16,4098,[일반],제발 똥 싸고 물 좀 내려다오...,시발련들아 물 좀 내려,경붕이 (221.168) 2024.04.23 10:12:18 스크랩 조회 385 추천 7 댓글 1,7,385,2024.04.23 10:12:18,https://gall.dcinside.com/mgallery/board/view/?id=kyungsang&no=4098&page=16
16,4094,[일반],시험칠때 가장 중요한것,https://youtu.be/P7q9SLL_Wdg?si=kMrfydXfaPoDWkiA,경붕이 (221.168) 2024.04.22 16:49:50 스크랩 조회 288 추천 0 댓글 2,0,288,2024.04.22 16:49:50,https://gall.dcinside.com/mgallery/board/view/?id=kyungsang&no=4094&page=16
16,4093,[일반],변기 레버 5초동안 눌러줘..,우리 학교 변기 수압 약해서 살짝 누르면 다 안내려가ㅠㅠ,경붕이 (221.168) 2024.04.22 13:09:09 스크랩 조회 233 추천 2 댓글 0,2,233,2024.04.22 13:09:09,https://gall.dcinside.com/mgallery/board/view/?id=kyungsang&no=4093&page=16
16,4091,[일반],올해 학교 운영되는 꼬라지 왤케 좆같냐,어휴 다방면으로 더 싫어졌네,경붕이 (223.39) 2024.04.22 07:47:32 스크랩 조회 360 추천 2 댓글 2,2,360,2024.04.22 07:47:32,https://gall.dcinside.com/mgallery/board/view/?id=kyungsang&no=4091&page=16
16,4090,[일반],강당에 있던 스타 축구공 파란색 본사람,ㅠ,경붕이 (221.168) 2024.04.22 07:44:31 스크랩 조회 255 추천 0 댓글 3,0,255,2024.04.22 07:44:31,https://gall.dcinside.com/mgallery/board/view/?id=kyungsang&no=4090&page=16
16,4089,[일반],과목별 시험공부 꿀팁 글 어디갔냐,찾아줄사람ㅠㅠ,멍녕냥 2024.04.22 00:09:47 스크랩 조회 278 추천 0 댓글 2,0,278,2024.04.22 00:09:47,https://gall.dcinside.com/mgallery/board/view/?id=kyungsang&no=4089&page=16
16,4088,[일반],1학년 중간고사,잘치는 법 없냐,경붕이 (117.55) 2024.04.21 20:57:49 스크랩 조회 366 추천 0 댓글 4,0,366,2024.04.21 20:57:49,https://gall.dcinside.com/mgallery/board/view/?id=kyungsang&no=4088&page=16
16,4087,[일반],우리 학교 쌤 중에 백승호 닮으신 분 있던데,ㄹㅇ,경붕이 (221.166) 2024.04.21 09:53:11 스크랩 조회 483 추천 6 댓글 1,6,483,2024.04.21 09:53:11,https://gall.dcinside.com/mgallery/board/view/?id=kyungsang&no=4087&page=16
16,4086,[일반],근데000쌤 좀..,… 한국사책에 조선시대 서민 문화 판소리 대표작인 춘향가가 나오는거처럼 미래에 한국에서 영향력이 컸었던 유튜버(도티 같은)가 언급이 될까 안될까?,경붕이 (122.43) 2024.04.21 02:58:44 스크랩 조회 480 추천 0 댓글 1,0,480,2024.04.21 02:58:44,https://gall.dcinside.com/mgallery/board/view/?id=kyungsang&no=4086&page=16
16,4084,[일반],밴드 무슨일임?,알려셈,경붕이 (39.112) 2024.04.18 22:51:31 스크랩 조회 294 추천 0 댓글 0,0,294,2024.04.18 22:51:31,https://gall.dcinside.com/mgallery/board/view/?id=kyungsang&no=4084&page=16
16,4083,[일반],기숙사 야식,점들이 전부 벌레임......,경붕이 (221.168) 2024.04.18 21:26:29 스크랩 조회 367 추천 0 댓글 2,0,367,2024.04.18 21:26:29,https://gall.dcinside.com/mgallery/board/view/?id=kyungsang&no=4083&page=16
16,4082,[일반],08들 3일의 기적,응 그딴거 없어 ~,경붕이 (39.7) 2024.04.18 18:49:26 스크랩 조회 313 추천 0 댓글 2,0,313,2024.04.18 18:49:26,https://gall.dcinside.com/mgallery/board/view/?id=kyungsang&no=4082&page=16
16,4081,[일반],정신병,3학년이면 좀 조용해라 뭔 지뢰계야 쪽팔리게 밴드에서 일학년이 뭘보고 배우겟냐?,경붕이 (221.168) 2024.04.18 13:41:27 스크랩 조회 564 추천 20 댓글 3,20,564,2024.04.18 13:41:27,https://gall.dcinside.com/mgallery/board/view/?id=kyungsang&no=4081&page=16
16,4080,[일반],학교 망한거 같으면 개추,ㅇㄷㄴㅂㅌ,경붕이 (221.168) 2024.04.18 13:04:56 스크랩 조회 463 추천 11 댓글 1,11,463,2024.04.18 13:04:56,https://gall.dcinside.com/mgallery/board/view/?id=kyungsang&no=4080&page=16
16,4079,[일반],경갤은 밴드 갈드컵에서 완패를 선언합니다,ㅆㅂ 밴드가 경갤보다 더하네 - dc official App,경붕이 (211.235) 2024.04.18 12:55:28 스크랩 조회 411 추천 9 댓글 1,9,411,2024.04.18 12:55:28,https://gall.dcinside.com/mgallery/board/view/?id=kyungsang&no=4079&page=16
16,4078,[일반],실시간 기숙사 임마들 뭐냐?,?,경붕이 (221.168) 2024.04.16 20:43:44 스크랩 조회 794 추천 6 댓글 4,6,794,2024.04.16 20:43:44,https://gall.dcinside.com/mgallery/board/view/?id=kyungsang&no=4078&page=16
16,4075,[일반],오늘 성대 설명회 들은 게이들아,성대패슨가 뭔가 준다면서 왜 안주냐?,경붕이 (118.41) 2024.04.12 23:20:45 스크랩 조회 356 추천 4 댓글 0,4,356,2024.04.12 23:20:45,https://gall.dcinside.com/mgallery/board/view/?id=kyungsang&no=4075&page=16
16,4074,[일반],설문조사 해주면 추첨으로 햄버거 기프티콘 뿌림,https://forms.gle/LQxdkgLp418pV8AJ9 컴퓨터 공학 진학을 희망하는 학생들의 전자기기 사용시간 컴퓨터 공학 진학을 희망하는 학생들의 전자기기 사용시간 forms.gle,경붕이 (221.168) 2024.04.12 16:03:57 스크랩 조회 326 추천 0 댓글 2,0,326,2024.04.12 16:03:57,https://gall.dcinside.com/mgallery/board/view/?id=kyungsang&no=4074&page=16
16,4073,[일반],수2 내신,수학쌤들중에 ㄱㄱㅎ쌤 시험 문제 어떤식으로 내는지 아는 사람?,경붕이 (221.168) 2024.04.12 14:34:52 스크랩 조회 377 추천 6 댓글 0,6,377,2024.04.12 14:34:52,https://gall.dcinside.com/mgallery/board/view/?id=kyungsang&no=4073&page=16
16,4072,[일반],ㅅㅂ 한국사 공부 어케하노?,범외 ㅈ되는데,경붕이 (223.39) 2024.04.11 00:42:45 스크랩 조회 337 추천 0 댓글 1,0,337,2024.04.11 00:42:45,https://gall.dcinside.com/mgallery/board/view/?id=kyungsang&no=4072&page=16
16,4071,[일반],당신은 보이는가,면라이더 - dc official App,경붕이 (175.223) 2024.04.10 20:33:36 스크랩 조회 329 추천 1 댓글 0,1,329,2024.04.10 20:33:36,https://gall.dcinside.com/mgallery/board/view/?id=kyungsang&no=4071&page=16
16,4070,[일반],역시 경마갤,작년에 졸업하고 오랜만에 와봤는데 달라진게 없네ㅋㅋㅋ 역시 일반반vs과중반만큼 재밌는게 없긴해,경붕이 (211.234) 2024.04.10 18:29:03 스크랩 조회 270 추천 0 댓글 2,0,270,2024.04.10 18:29:03,https://gall.dcinside.com/mgallery/board/view/?id=kyungsang&no=4070&page=16
16,4069,[일반],6모 신청했다,그때보자 딱대라 - dc official App,재수아카이브 2024.04.09 22:59:23 스크랩 조회 308 추천 0 댓글 1,0,308,2024.04.09 22:59:23,https://gall.dcinside.com/mgallery/board/view/?id=kyungsang&no=4069&page=16
16,4068,[일반],야이개념뒤진새기들아,반에서 기침 해댈거면 최소한 마스크는 써라 좆같다,경붕이 (221.168) 2024.04.09 13:05:50 스크랩 조회 421 추천 4 댓글 1,4,421,2024.04.09 13:05:50,https://gall.dcinside.com/mgallery/board/view/?id=kyungsang&no=4068&page=16
16,4067,[일반],08년생,최악의 세대면 개추,경붕이 (223.39) 2024.04.09 12:32:04 스크랩 조회 586 추천 10 댓글 1,10,586,2024.04.09 12:32:04,https://gall.dcinside.com/mgallery/board/view/?id=kyungsang&no=4067&page=16
16,4065,[일반],오늘따라 넥타이 색이 빨간데..?,흠 - dc official App,ㅇㅇ (118.235) 2024.04.08 13:21:46 스크랩 조회 293 추천 0 댓글 0,0,293,2024.04.08 13:21:46,https://gall.dcinside.com/mgallery/board/view/?id=kyungsang&no=4065&page=16
16,4064,[일반],일어나보니 침대에 똥 있는데 뭐냐 시발,일어나서 이불 개려고 보니까 조금 큰 초코칩 두개가 있는거임 만져보니까 딱딱해서 ㄹㅇ 초코칩인줄 암튼 집어서 냄새 맡아보니까 ㅅㅂ 똥인데 이거 왜 있는거냐 자는 사이에 싼거임? 팬티는 멀쩡한데 혹시 이런 경험있는 경붕이 없냐...,경붕이 (223.39) 2024.04.07 08:46:23 스크랩 조회 537 추천 2 댓글 4,2,537,2024.04.07 08:46:23,https://gall.dcinside.com/mgallery/board/view/?id=kyungsang&no=4064&page=16
16,4062,[일반],물리1 수업 골때리는 친구들,1. 플러팅 듀오 쉬는시간에 앞자리를 선점해 수업시간에 물리쌤에게 적극적인 플러팅을 함. 종종 너무 노골적이라 거북할때가 있음. 2. 쌍게이 둘이 항상 붙어 앉음. 말투가 여성스러워서 상당히 ㅈ같음. 자습때 ㅈㄴ떠듬. 경상고 과학중점반 화이팅이다 진짜 - dc official App,경붕이 (223.39) 2024.04.06 12:13:34 스크랩 조회 1137 추천 39 댓글 6,39,1137,2024.04.06 12:13:34,https://gall.dcinside.com/mgallery/board/view/?id=kyungsang&no=4062&page=16
16,4061,[일반],과중반 특징),??? : 이게 맞는 것 같긴 해 ??? : 살짝 이게 정배인것 같긴 해 모든 과중반 애들이 다 그렇다는 건 아닌데 몇몇 애들 보면 롤 일겜에서만 볼법한 좆같은 말투쓰는새끼들이 과중반에 조금 있는 것 같음 그러니까 씨발 찔리면 저딴 좆같은 말투 좀 작작 써라 니네 좆같은 드립도 듣기 싫으니까 씨발 걍 잠이나 쳐 자라,경붕이 (185.114) 2024.04.06 00:15:42 스크랩 조회 848 추천 9 댓글 7,9,848,2024.04.06 00:15:42,https://gall.dcinside.com/mgallery/board/view/?id=kyungsang&no=4061&page=16
16,4060,[일반],교복 입는거,씨발아 누구 대가리에서 나온거냐,경붕이 (117.55) 2024.04.05 20:04:26 스크랩 조회 338 추천 0 댓글 1,0,338,2024.04.05 20:04:26,https://gall.dcinside.com/mgallery/board/view/?id=kyungsang&no=4060&page=16
16,4059,[일반],재수는 하지마라,정신분열온다 - dc official App,재수아카이브 2024.04.04 07:39:01 스크랩 조회 358 추천 0 댓글 2,0,358,2024.04.04 07:39:01,https://gall.dcinside.com/mgallery/board/view/?id=kyungsang&no=4059&page=16
16,4058,[일반],X알,말 그대로 만화 [케릭케릭체인지]에 나오는 X알 이다. 뭐 - dc official App,경붕이 (221.168) 2024.04.03 20:44:02 스크랩 조회 405 추천 2 댓글 0,2,405,2024.04.03 20:44:02,https://gall.dcinside.com/mgallery/board/view/?id=kyungsang&no=4058&page=16
16,4057,[일반],경상고 전설3,비너스상 꼭지 만지면 딸 낳음 - dc official App,경붕이 (221.168) 2024.04.03 09:25:37 스크랩 조회 631 추천 1 댓글 3,1,631,2024.04.03 09:25:37,https://gall.dcinside.com/mgallery/board/view/?id=kyungsang&no=4057&page=16
16,4056,[일반],경상고 전설2,플라톤동상 겨드랑이 만지면 시험 좆됨,경붕이 (223.39) 2024.04.03 07:28:42 스크랩 조회 543 추천 2 댓글 1,2,543,2024.04.03 07:28:42,https://gall.dcinside.com/mgallery/board/view/?id=kyungsang&no=4056&page=16
17,4055,[일반],기숙사생들 잠 안부족하냐,내가 잠이 많은 타입인가,경붕이 (211.235) 2024.04.03 07:26:12 스크랩 조회 318 추천 0 댓글 2,0,318,2024.04.03 07:26:12,https://gall.dcinside.com/mgallery/board/view/?id=kyungsang&no=4055&page=17
17,4054,[일반],나 택배 훔친거냐?,아파트단지에 택배차 와있는데 보니까 택배 쌓여있는거 중에서 우리집 게 있는거야 그래서 그냥 들고갔는데 생각해보니까 택배원 입장에선 택배가 갑자기 없어진 거잖아 분실신고하면 내가 잡히는거냐? 우리집거라 죄는 아니겠지?,경붕이 (223.39) 2024.04.02 18:54:35 스크랩 조회 420 추천 0 댓글 3,0,420,2024.04.02 18:54:35,https://gall.dcinside.com/mgallery/board/view/?id=kyungsang&no=4054&page=17
17,4053,[일반],반갑다,오랜만에 재입갤한다 약력) 전주딱 전전주딱 친구 - dc official App,재수아카이브 2024.04.02 18:47:31 스크랩 조회 373 추천 4 댓글 8,4,373,2024.04.02 18:47:31,https://gall.dcinside.com/mgallery/board/view/?id=kyungsang&no=4053&page=17
17,4052,[일반],경상고 진짜로 이대로 가면(가면라이더X),라이더 - dc official App,경붕이 (221.168) 2024.04.01 20:55:16 스크랩 조회 466 추천 3 댓글 1,3,466,2024.04.01 20:55:16,https://gall.dcinside.com/mgallery/board/view/?id=kyungsang&no=4052&page=17
17,4051,[일반],한의대 궁금한거,질문해주면 아는 선에서 답해줌,경붕이 (211.234) 2024.04.01 15:47:16 스크랩 조회 341 추천 0 댓글 5,0,341,2024.04.01 15:47:16,https://gall.dcinside.com/mgallery/board/view/?id=kyungsang&no=4051&page=17
17,4050,[일반],17년도에 졸업한 틀딱인데 하나만 물어보자,학교홈페이지 첫사진에 떡하니 구리파이프에 가스넣고 불붙여서 뭐 파형보니 하는거 내가 물리동아리 있을때도 있었는데 아직도 그 박사모 물리선생 있음?,경붕이 (175.118) 2024.04.01 01:30:29 스크랩 조회 430 추천 0 댓글 1,0,430,2024.04.01 01:30:29,https://gall.dcinside.com/mgallery/board/view/?id=kyungsang&no=4050&page=17
17,4049,[일반],우리학교에 고등래퍼,"시즌1 3등이 있었단게 놀랍네 영비, 오션검 바로 뒤 ㄷㄷ 근데 왜 우리 학교에 힙합 동아리는 없냐 - dc official App",AiNah 2024.03.31 23:13:23 스크랩 조회 391 추천 1 댓글 1,1,391,2024.03.31 23:13:23,https://gall.dcinside.com/mgallery/board/view/?id=kyungsang&no=4049&page=17
17,4048,[일반],요즘 애들은 공부,뭐뭐로 함?? 공부 잘하는 애들이나 잘 못해도 답글 해주면 고마울 것 같아 아니면 공부관련 고민도 굳,경붕이 (211.234) 2024.03.31 17:47:37 스크랩 조회 336 추천 1 댓글 5,1,336,2024.03.31 17:47:37,https://gall.dcinside.com/mgallery/board/view/?id=kyungsang&no=4048&page=17
17,4047,[일반],와 졸업햇는데 이런게 잇네,다들 원하는 곳 가렴^^,경붕이 (211.234) 2024.03.31 17:27:57 스크랩 조회 224 추천 0 댓글 0,0,224,2024.03.31 17:27:57,https://gall.dcinside.com/mgallery/board/view/?id=kyungsang&no=4047&page=17
17,4045,[일반],나 과중인데 솔직히,일반반 애새끼들 ㅈㄴ 뇌에 하자있는거 같다 ㅇㅈㅎㅁㄱㅊ,경붕이 (1.251) 2024.03.30 23:23:01 스크랩 조회 376 추천 3 댓글 2,3,376,2024.03.30 23:23:01,https://gall.dcinside.com/mgallery/board/view/?id=kyungsang&no=4045&page=17
17,4044,[일반],니들 똥꼬 깨끗허냐?,똥꼬빨아줄게 선착순 3명,경붕이 (210.105) 2024.03.30 16:46:58 스크랩 조회 383 추천 4 댓글 3,4,383,2024.03.30 16:46:58,https://gall.dcinside.com/mgallery/board/view/?id=kyungsang&no=4044&page=17
17,4043,[일반],도서관 토욜에 문 여나요?,토욜날 도서관 문 여나요? 연다면 몇시부터 이용가능한가요 선배님들..,경붕이 (114.206) 2024.03.29 22:17:34 스크랩 조회 271 추천 1 댓글 3,1,271,2024.03.29 22:17:34,https://gall.dcinside.com/mgallery/board/view/?id=kyungsang&no=4043&page=17
17,4040,[일반],너네는 때리지 마라,모의고사 쳤더니 망했네 - dc official App,경붕이 (14.46) 2024.03.29 00:33:17 스크랩 조회 322 추천 0 댓글 0,0,322,2024.03.29 00:33:17,https://gall.dcinside.com/mgallery/board/view/?id=kyungsang&no=4040&page=17
17,4039,[일반],졸업사진,아이디어 추천받음 - dc official App,ㅇㅇ (118.235) 2024.03.29 00:00:49 스크랩 조회 394 추천 0 댓글 3,0,394,2024.03.29 00:00:49,https://gall.dcinside.com/mgallery/board/view/?id=kyungsang&no=4039&page=17
17,4038,[일반],나이테 씨발련 죽이고싶으면 개추,ㅇㅇ,경붕이 (58.237) 2024.03.28 18:32:41 스크랩 조회 493 추천 0 댓글 2,0,493,2024.03.28 18:32:41,https://gall.dcinside.com/mgallery/board/view/?id=kyungsang&no=4038&page=17
17,4037,[일반],학교 와이파이 비번 뭐임,ㅈㄱㄴ,경붕이 (118.235) 2024.03.28 15:13:05 스크랩 조회 396 추천 0 댓글 1,0,396,2024.03.28 15:13:05,https://gall.dcinside.com/mgallery/board/view/?id=kyungsang&no=4037&page=17
17,4035,[일반],모의고사 잘 치는법,걍 갤 보지 말고 공부할 것,경붕이 (211.234) 2024.03.27 22:29:50 스크랩 조회 271 추천 2 댓글 0,2,271,2024.03.27 22:29:50,https://gall.dcinside.com/mgallery/board/view/?id=kyungsang&no=4035&page=17
17,4034,[일반],경상고 전설,중앙현관에 있는 플라톤 동상 코 만지면 시험 잘침 ㅇㅇ,경붕이 (211.235) 2024.03.27 21:24:09 스크랩 조회 763 추천 13 댓글 0,13,763,2024.03.27 21:24:09,https://gall.dcinside.com/mgallery/board/view/?id=kyungsang&no=4034&page=17
17,4033,[일반],일반반 vs 과중반은 경마갤의 유구한 전통이지,3년전과 다른게 없구만,경붕이 (223.131) 2024.03.27 21:04:32 스크랩 조회 399 추천 1 댓글 2,1,399,2024.03.27 21:04:32,https://gall.dcinside.com/mgallery/board/view/?id=kyungsang&no=4033&page=17
17,4032,[일반],브롤스타즈,다들 멜로디 살꺼노??,경붕이 (221.168) 2024.03.27 18:03:21 스크랩 조회 427 추천 2 댓글 4,2,427,2024.03.27 18:03:21,https://gall.dcinside.com/mgallery/board/view/?id=kyungsang&no=4032&page=17
17,4031,[일반],충전기 도난당했노,아 애미 - dc official App,사랑스러운뚱이 2024.03.27 15:25:25 스크랩 조회 327 추천 1 댓글 7,1,327,2024.03.27 15:25:25,https://gall.dcinside.com/mgallery/board/view/?id=kyungsang&no=4031&page=17
17,4030,[일반],너너너너ㅏ,ㅓ너너너누네,경상 (39.7) 2024.03.27 11:40:10 스크랩 조회 274 추천 0 댓글 1,0,274,2024.03.27 11:40:10,https://gall.dcinside.com/mgallery/board/view/?id=kyungsang&no=4030&page=17
17,4029,[일반],경상고 긱사 오늘 아침에..,그리마 출몰,경붕이 (221.168) 2024.03.27 09:38:45 스크랩 조회 716 추천 7 댓글 5,7,716,2024.03.27 09:38:45,https://gall.dcinside.com/mgallery/board/view/?id=kyungsang&no=4029&page=17
17,4020,[일반],신입생 과중반 실태,아니 솔직히 경상고 과중반 얘기도 많이 듣고 공부 잘하겠구나 생각하고 있었는데 입학하고 보니까 그냥 신청하는 애들 싹다 집어넣은게 보임 과중반이라는 이미지랑은 다르게 복도 다 들리도록 소리 내는 애들도 몇몇보이고 진짜 공부 열심히하는 몇몇애들 빼고는 걍 다 물 흐리는거 같음 진지하게 2학년 과중반 선배들 보면 1학년은 과중반이 과중반이 맞나 싶음,경붕이 (106.101) 2024.03.27 00:35:19 스크랩 조회 792 추천 0 댓글 9,0,792,2024.03.27 00:35:19,https://gall.dcinside.com/mgallery/board/view/?id=kyungsang&no=4020&page=17
17,4016,[일반],석식,다시 명가임?? ㅋㅋㅋㅋ - dc official App,성균관전자전기 2024.03.26 23:15:54 스크랩 조회 257 추천 1 댓글 1,1,257,2024.03.26 23:15:54,https://gall.dcinside.com/mgallery/board/view/?id=kyungsang&no=4016&page=17
17,4014,[일반],행님들 급식 꼬리지,행님들 급식 꼬라지가 왜이러나요 중식 석식 다 별로던데 함 갈아엎어주세요,경붕이 (210.91) 2024.03.26 22:20:46 스크랩 조회 348 추천 4 댓글 2,4,348,2024.03.26 22:20:46,https://gall.dcinside.com/mgallery/board/view/?id=kyungsang&no=4014&page=17
17,4013,[일반],"2,3학년 선배들께 한 마디 올리겠습니다..",운동 1학년보다 못하는데요?,경붕이 (221.168) 2024.03.26 20:03:08 스크랩 조회 458 추천 1 댓글 1,1,458,2024.03.26 20:03:08,https://gall.dcinside.com/mgallery/board/view/?id=kyungsang&no=4013&page=17
17,4012,[일반],선거운동 하는건 좋은데,쫌 제발 자습때는 조용히해라 쟤들은 목소리 큰 사람이 당선될줄 아노ㅅㅂ - dc official App,경붕이 (221.168) 2024.03.26 16:35:44 스크랩 조회 394 추천 4 댓글 4,4,394,2024.03.26 16:35:44,https://gall.dcinside.com/mgallery/board/view/?id=kyungsang&no=4012&page=17
17,4008,[일반],경붕이들 온김에 글이나 쓰고가라,ㄱㄱ헛,깡통반고닉은과학 2024.03.26 13:25:20 스크랩 조회 237 추천 0 댓글 1,0,237,2024.03.26 13:25:20,https://gall.dcinside.com/mgallery/board/view/?id=kyungsang&no=4008&page=17
17,4006,[일반],학기 시작해서 리젠율 높아져서 좋노,분발합시다,경붕이 (118.235) 2024.03.26 08:59:45 스크랩 조회 256 추천 0 댓글 0,0,256,2024.03.26 08:59:45,https://gall.dcinside.com/mgallery/board/view/?id=kyungsang&no=4006&page=17
17,3007,[정보],고1 수시지망이면 진짜 이건 무조건 새겨들어라,"진로진학부장에 ㄱㅈㅎ 선생님이라고 계신다 무조건 1학년 진로시간에 쌤한테 좋은 이미지 심어라. 일반적으로 말하는 '쌤들한테 잘보여라'의 의미가 아니다. 고1때는 아마 진로시간에 ㄱㅈㅎ 선생님께서 직접 들어가셔서 수업하실텐데 고2때부터는 그런거없다 즉 ㄱㅈㅎ쌤 볼수있는 시간이 고1이 유일한거 적극적으로 개억빠를 하라는게 아니라 그냥 수업시간에 자지말고 초롱초롱하게 쌤 쳐다보고 진로대회 존나 열심히 참가해라 2, 3학년 진로시간. 그땐 다른 쌤이 들어옴. 근데 생기부는 재홍쌤이 관리함(이건 정확히 모르겠음). 물론 진로대회도 똑같이 여는데 최종심사를 ㄱㅈㅎ 쌤이 함 발표를 안듣는데 어떻게 심사를 하냐고? 그게 니네가 1학년때 진로쌤한테 잘 찍혀야하는 이유임 참고로 이건 뇌피셜이 아니라 진로쌤이 직접 했던말. ㅈㄴ 노는애로 찍히면 거들떠도 안볼수도 있음. 적어도 평타 이미지는 챙겨라 진로시간에 하는거는 진로활동이라고 무려 700자 생기부로 들어간다. 수시러라면 무조건 열심히해라 후회한다 따로 개인적인 진로활동 안해도 오케이임 그냥 대회 여는거에 존나 진심으로 참가하셈 정시충이면 알빠노긴해~ ㅋㅋㅋㅋ - dc official App",경상고국가정보원 2023.03.05 23:43:59 스크랩 조회 1411 추천 6 댓글 6,6,1411,2023.03.05 23:43:59,https://gall.dcinside.com/mgallery/board/view/?id=kyungsang&no=3007&page=17
17,2892,[정보],기숙사 들어가려는 게이 참고,"참고로 나는 작년 2학기부터 올해 1학기까지 대충 1년동안 기숙사에 있었다. 기숙사가 ㅈ같아서 기숙사 규칙 어기고 나대다가 벌점 개많이 받고 강제퇴사당했음. 기숙사에서 나온 뒤, 사회문화탐구 수행으로 기숙사의 문제점에 대해서 발표하기로 했다. 기숙사에 실제로 있었던 사람들 대상으로 설문을 진행했고, 총 39명이 응답해주셨다. 설문 응답자에게 추첨으로 싸이버거 돌린다고 전화번호를 수집해가지고, 개인정보 보호를 위해 설문 응 답들은 다 지웠지만, 전에 찍어둔거 올려봄. ​1. 시설​ 시설은 보통 또는 대체로 만족 정도로 나온 것 같다. 사람마다 다르게 느껴지는 부분인듯. 2.조식 조식 필수에 관한건 불만족이 있는 것 같지만 조식 만족도는 높은 것 같다 . 나도 조식 퀄리티는 괜찮다고 생각하지만 아침밥 먹으니 너무 배불러서 먹고싶지 않은데 필수라서 마음에 안들었었다 . 3.석식 석식은 확실히 불만족 의견이 많다. 만족도에서는 단 한명 빼고는 모두 보통 이하의 만족도를 보였다 . ㄹㅇ 맛대가리 없어서 먹기 싫은데 기숙사생은 필수다. 4.사감 사실 사감에 대해서는 만족하는 사람이 더 많다. 다른 음료는 다 되면서 콜라만 초고카페인이라면서 못먹게 하는 건 전혀 이해가 안되긴 한다만.. 아 그리고 불만족인 사람들에게 이유를 물었는데, 시끄럽다, 욕을 하신다 등의 이유였다. 5.외출 횟수 외출 횟수에 대해서는 보통, 대체로 불만이 나왔다. 일주일 두번의 제한을 걸어놓긴 했지만 사실 생까고 일주일에 세번 네번 외출해도 잘 못알아채긴 한다. 물론 걸리면 ㅈ된다 ㅋㅋ.. 6. 취식 취식 불가는 거의 다 불만족이다. 그리고 음료중에 금지된 콜라와 카페인음료도 다 허용해줘야된다는 의견이 많다. 나는 기숙사 첫날에 참깨스틱을 쳐먹다가 걸려서 벌점 5점을 받았다. 고작 참깨스틱도 못쳐먹는다. 밤에 배고파 죽는다. 7.취침시간 취침시간에 대한것도 보통에서 대체로 불만이 나왔다. 11시 30분에 저녁점호를 하는데, 그때 이후로 잘 준비 하고 여러가지 하다보면 항상 새벽돼서 자고, 6시 30분에 일어나서 학교에서 맨날 졸아버리는 악순환이 반복된다. 나는 분명 더 많이 잘 수 있을거라고 생각하고 기숙사 들어왔는데, 아니었다. 8. 추가로 석식을 거르고 밖에서 밥을 먹은 적 있는 사람 97.4% 기숙사에서 무단취식한 적 있는사람 87.2% 기숙사 들어와서 성적이 떨어진 사람 12.8% 기숙사에서 건강이 나빠진 사람 41% 기숙사가 마음에 안드는 사람 35.9% 참고로, 이건 올해 1학기에 있었던 사람 위주로 낸 통계기 때문에 내년에는 어떻게 달라질지 모른다. 그런데 여기서 더 좋아질 것 같지는 않다. 이걸 보고 꼭 현명한 선택 하길 바란다.",경상고고상경 2022.12.29 03:14:24 스크랩 조회 1427 추천 12 댓글 7,12,1427,2022.12.29 03:14:24,https://gall.dcinside.com/mgallery/board/view/?id=kyungsang&no=2892&page=17
17,4003,[일반],제발 부탁하자,찐따년들 왜자꾸 남의반에 와서 브롤 쳐하고 지랄이냐? 오자시간 점심시간 쉬는 시간 다 찾아와서 남의반에서 시끄럽게 브롤 쳐하고 있음 ㅋㅋㅋ 뭔말하면 찌를까봐 말도 안걸고있는데 좀 심하다 진짜로,경갤러 (118.235) 2024.03.25 13:10:40 스크랩 조회 484 추천 11 댓글 3,11,484,2024.03.25 13:10:40,https://gall.dcinside.com/mgallery/board/view/?id=kyungsang&no=4003&page=17
17,4002,[일반],제모기 없어서 물엿이랑 면도기로 왁싱했는데 괜찮음?,이런글 보지마시고 문제나 도움필요할때 돈만주면 해결해드리는 저한테 전화주세요. 010-****-4069,경갤러 (122.34) 2024.03.24 17:15:45 스크랩 조회 443 추천 2 댓글 1,2,443,2024.03.24 17:15:45,https://gall.dcinside.com/mgallery/board/view/?id=kyungsang&no=4002&page=17
17,4000,[일반],약후)모유수유......,"""모의고사 유형 수학능력 유형"" 놀랍게도 수학 문제집 이름임ㅋㅋㅋㅋㅋㅋㅋㅋㅋㅋ - dc official App",경갤러 (58.237) 2024.03.23 16:25:56 스크랩 조회 525 추천 4 댓글 1,4,525,2024.03.23 16:25:56,https://gall.dcinside.com/mgallery/board/view/?id=kyungsang&no=4000&page=17
17,3999,[일반],2024 대입성적,?,경갤러 (211.235) 2024.03.23 15:35:36 스크랩 조회 358 추천 0 댓글 0,0,358,2024.03.23 15:35:36,https://gall.dcinside.com/mgallery/board/view/?id=kyungsang&no=3999&page=17
17,3996,[일반],멀쩡한학교문은대체왜바꾸는거임,학교안에있는도둑놈들먼저잡던가하지ㅋㅋ - dc official App,경희재단의노예1호 (175.112) 2024.03.22 18:29:18 스크랩 조회 353 추천 1 댓글 1,1,353,2024.03.22 18:29:18,https://gall.dcinside.com/mgallery/board/view/?id=kyungsang&no=3996&page=17
17,3995,[일반],경갤 오랜만에 왔는데,역시 경갤은 경갤이노 - dc official App,ㅇㅇ (112.219) 2024.03.22 09:56:15 스크랩 조회 220 추천 0 댓글 0,0,220,2024.03.22 09:56:15,https://gall.dcinside.com/mgallery/board/view/?id=kyungsang&no=3995&page=17
17,3994,[일반],과중행동이 뭔가요?,신입이라 잘 모릅니다,경갤러 (220.122) 2024.03.22 07:10:46 스크랩 조회 422 추천 0 댓글 1,0,422,2024.03.22 07:10:46,https://gall.dcinside.com/mgallery/board/view/?id=kyungsang&no=3994&page=17
17,3990,[일반],과과연 듣는 과중새끼들아,제발 아가리쫌 싸닥쳐라 자습할때 쌤이 눈치 줘도 계속 떠들고 지랄이냐 고아인거 티내지 마라 진짜,경갤러 (221.168) 2024.03.21 15:28:07 스크랩 조회 598 추천 10 댓글 3,10,598,2024.03.21 15:28:07,https://gall.dcinside.com/mgallery/board/view/?id=kyungsang&no=3990&page=17
17,3989,[일반],이번 신입생들어떻노,솔직히 다 좆밥 아님???? ㅋㅋ,ㅇㅇ (58.237) 2024.03.21 00:18:51 스크랩 조회 350 추천 0 댓글 3,0,350,2024.03.21 00:18:51,https://gall.dcinside.com/mgallery/board/view/?id=kyungsang&no=3989&page=17
17,3988,[일반],혹시,신입생들 중에  숨은 노사모 계신가요 - dc official App,ㅇㅇ (118.235) 2024.03.21 00:10:56 스크랩 조회 205 추천 0 댓글 0,0,205,2024.03.21 00:10:56,https://gall.dcinside.com/mgallery/board/view/?id=kyungsang&no=3988&page=17
17,3987,[일반],내 아이폰 누가 가져갔냐,응 구라고 일단 학교애 도둑 많은거같으면 개추 ㅋㅋㅋㅋ 일단나부터,경갤러 (211.246) 2024.03.20 16:55:48 스크랩 조회 589 추천 25 댓글 2,25,589,2024.03.20 16:55:48,https://gall.dcinside.com/mgallery/board/view/?id=kyungsang&no=3987&page=17
17,3986,[일반],새로운 1학년 국어쌤,ㄱㅊㅇ 쌤 분필 쓰로잉 마스터니까 1학년들 반사신경 키우길 바란다,경갤러 (223.62) 2024.03.20 16:49:50 스크랩 조회 622 추천 4 댓글 2,4,622,2024.03.20 16:49:50,https://gall.dcinside.com/mgallery/board/view/?id=kyungsang&no=3986&page=17
17,3985,[일반],기숙사 신입들,3층에 알람 울리지 마라 제발 존나 스트레스 받는다 - dc official App,경갤러 (221.168) 2024.03.20 10:05:19 스크랩 조회 288 추천 2 댓글 3,2,288,2024.03.20 10:05:19,https://gall.dcinside.com/mgallery/board/view/?id=kyungsang&no=3985&page=17
17,3983,[일반],기숙사 샤워 할때 오줌 갈기지 마라.,샤워하면서 오줌을 왜 갈기노 냄새 ㅈㄴ 나니까 간수 잘해라.,경갤러 (221.168) 2024.03.19 16:09:53 스크랩 조회 528 추천 6 댓글 0,6,528,2024.03.19 16:09:53,https://gall.dcinside.com/mgallery/board/view/?id=kyungsang&no=3983&page=17
17,3982,[일반],기숙사 처음 드간 1학년 소감좀,맛이 어떻노 - dc official App,ㅇㅇ (118.235) 2024.03.19 10:08:05 스크랩 조회 399 추천 0 댓글 6,0,399,2024.03.19 10:08:05,https://gall.dcinside.com/mgallery/board/view/?id=kyungsang&no=3982&page=17
17,3981,[일반],세계에서 가장 빠른 떡은?,헐레벌떡~,경갤러 (116.32) 2024.03.17 20:59:27 스크랩 조회 284 추천 1 댓글 0,1,284,2024.03.17 20:59:27,https://gall.dcinside.com/mgallery/board/view/?id=kyungsang&no=3981&page=17
18,3979,[일반],신입생에 게이있음?,ㅈㄱㄴ,경갤러 (117.55) 2024.03.16 18:32:49 스크랩 조회 458 추천 1 댓글 4,1,458,2024.03.16 18:32:49,https://gall.dcinside.com/mgallery/board/view/?id=kyungsang&no=3979&page=18
18,3978,[일반],주딱 파딱들 필독.,몇년 뒤 내가 3학년 짱을먹고 주딱이 되어 아 이 경상고 갤러리를 청정지대로 만들겠다.,ㅇㅇ (220.89) 2024.03.15 23:23:17 스크랩 조회 297 추천 0 댓글 2,0,297,2024.03.15 23:23:17,https://gall.dcinside.com/mgallery/board/view/?id=kyungsang&no=3978&page=18
18,3977,[일반],신입생인데 쌤들 특징점여,공략법점 ㅎㅎ,경갤러 (118.235) 2024.03.15 23:14:56 스크랩 조회 604 추천 1 댓글 4,1,604,2024.03.15 23:14:56,https://gall.dcinside.com/mgallery/board/view/?id=kyungsang&no=3977&page=18
18,3976,[일반],행님들 경상고 적폐는 누구인가요,누구인가요,경갤러 (210.91) 2024.03.15 23:07:53 스크랩 조회 506 추천 0 댓글 4,0,506,2024.03.15 23:07:53,https://gall.dcinside.com/mgallery/board/view/?id=kyungsang&no=3976&page=18
18,3975,[일반],물리쌤 이쁘냐?,후우우,경갤러 (210.105) 2024.03.15 20:09:59 스크랩 조회 864 추천 46 댓글 0,46,864,2024.03.15 20:09:59,https://gall.dcinside.com/mgallery/board/view/?id=kyungsang&no=3975&page=18
18,3974,[일반],요즘 석식 먹을만한데,전에 얼마나 개판임? 요즘 괜탄ㄹ아진거 맞지,ㅇㅇ (221.168) 2024.03.15 17:30:18 스크랩 조회 252 추천 0 댓글 1,0,252,2024.03.15 17:30:18,https://gall.dcinside.com/mgallery/board/view/?id=kyungsang&no=3974&page=18
18,3973,[일반],폰 왜 내는 거임?,ㄹㅇㅋㅋ,경갤러 (221.168) 2024.03.15 07:49:51 스크랩 조회 330 추천 0 댓글 3,0,330,2024.03.15 07:49:51,https://gall.dcinside.com/mgallery/board/view/?id=kyungsang&no=3973&page=18
18,3972,[일반],급식실 뒤에 쌤들 담배피는곳 들어가면 어케되나요,ㅈㄱㄴ,경갤러 (211.36) 2024.03.13 17:22:36 스크랩 조회 521 추천 0 댓글 9,0,521,2024.03.13 17:22:36,https://gall.dcinside.com/mgallery/board/view/?id=kyungsang&no=3972&page=18
18,3971,[일반],나도 복도에서 물리쌤 봤다...,말이 되나 이게,경갤러 (118.235) 2024.03.13 16:35:07 스크랩 조회 1037 추천 52 댓글 1,52,1037,2024.03.13 16:35:07,https://gall.dcinside.com/mgallery/board/view/?id=kyungsang&no=3971&page=18
18,3969,[일반],형님들 경상여고는 디씨 없나요 느낌 존나 없네요 진짜,역시 제육이나 볶게 시키는게 맞는거죠?,경갤러 (221.168) 2024.03.11 19:21:17 스크랩 조회 946 추천 9 댓글 5,9,946,2024.03.11 19:21:17,https://gall.dcinside.com/mgallery/board/view/?id=kyungsang&no=3969&page=18
18,3968,[일반],야자 할때 꿀팁,잠올때 싸대기 때리면됨,경갤러 (221.168) 2024.03.11 16:51:51 스크랩 조회 358 추천 4 댓글 1,4,358,2024.03.11 16:51:51,https://gall.dcinside.com/mgallery/board/view/?id=kyungsang&no=3968&page=18
18,3967,[일반],오후 자습 필수인가요?,오자 필수인가여,경갤러 (223.39) 2024.03.10 20:55:57 스크랩 조회 344 추천 1 댓글 2,1,344,2024.03.10 20:55:57,https://gall.dcinside.com/mgallery/board/view/?id=kyungsang&no=3967&page=18
18,3966,[일반],2학년 내신 모고 하나드감?,2개 드가면 던질라고,ㅇㅇ (175.223) 2024.03.10 13:18:11 스크랩 조회 341 추천 0 댓글 3,0,341,2024.03.10 13:18:11,https://gall.dcinside.com/mgallery/board/view/?id=kyungsang&no=3966&page=18
18,3965,[일반],복도에서 물리쌤보고..,내 눈을 의심했다.. 연예인이 온건가?,경갤러 (221.142) 2024.03.10 02:11:48 스크랩 조회 972 추천 52 댓글 2,52,972,2024.03.10 02:11:48,https://gall.dcinside.com/mgallery/board/view/?id=kyungsang&no=3965&page=18
18,3964,[일반],오자하면 언제 끝남?,이놈의 경상고는 시간표에 시간 따위가 없노,경갤러 (211.194) 2024.03.09 22:36:38 스크랩 조회 318 추천 0 댓글 2,0,318,2024.03.09 22:36:38,https://gall.dcinside.com/mgallery/board/view/?id=kyungsang&no=3964&page=18
18,3963,[일반],신입생들 길 안잃냐?,나는 재작년에 잃음,경갤러 (220.89) 2024.03.09 05:52:00 스크랩 조회 325 추천 0 댓글 1,0,325,2024.03.09 05:52:00,https://gall.dcinside.com/mgallery/board/view/?id=kyungsang&no=3963&page=18
18,3962,[일반],경상고 부교재,1학년때 부교재 뭐 있나요?,경갤러 (58.237) 2024.03.08 22:47:50 스크랩 조회 273 추천 0 댓글 2,0,273,2024.03.08 22:47:50,https://gall.dcinside.com/mgallery/board/view/?id=kyungsang&no=3962&page=18
18,3961,[일반],기숙사 드가는날,12일부터 조식있던데 11일에 드가야 되는거 미룬거냐.. 집 먼 애들은 조낸 힘들다.. 학생생각은 뭣도 안하노 해명해라 - dc official App,ㅇㅇ (118.235) 2024.03.08 17:07:00 스크랩 조회 362 추천 2 댓글 5,2,362,2024.03.08 17:07:00,https://gall.dcinside.com/mgallery/board/view/?id=kyungsang&no=3961&page=18
18,3960,[일반],석식 업체,진짜 이게 맞냐..,경갤러 (58.124) 2024.03.08 02:39:15 스크랩 조회 339 추천 1 댓글 4,1,339,2024.03.08 02:39:15,https://gall.dcinside.com/mgallery/board/view/?id=kyungsang&no=3960&page=18
18,3959,[일반],정보뭐야?,대학이야? 파이썬 이딴걸 가르쳐? 벌써? 뭐냐.. 우리땐 엑셀 파포 아래한글 다루는거 깔짝배웠는데.. - dc official App,고등어냥이 2024.03.07 21:55:56 스크랩 조회 382 추천 0 댓글 2,0,382,2024.03.07 21:55:56,https://gall.dcinside.com/mgallery/board/view/?id=kyungsang&no=3959&page=18
18,3958,[일반],대입 할 땐 좆반고 선생들 말 듣지마라,대학 급간이 달라짐,경갤러 (223.131) 2024.03.07 19:56:52 스크랩 조회 397 추천 2 댓글 1,2,397,2024.03.07 19:56:52,https://gall.dcinside.com/mgallery/board/view/?id=kyungsang&no=3958&page=18
18,3957,[일반],대구는떠라 얘들아,대구 현실이다 - dc official App,고등어냥이 2024.03.07 19:42:43 스크랩 조회 404 추천 0 댓글 0,0,404,2024.03.07 19:42:43,https://gall.dcinside.com/mgallery/board/view/?id=kyungsang&no=3957&page=18
18,3956,[일반],동아리,수학 vs 물앚댐,경갤러 (223.39) 2024.03.07 16:50:30 스크랩 조회 260 추천 0 댓글 0,0,260,2024.03.07 16:50:30,https://gall.dcinside.com/mgallery/board/view/?id=kyungsang&no=3956&page=18
18,3954,[일반],동아리,운동 동아리 이런거 들어가면 ㅈ되나요??,경갤러 (221.142) 2024.03.07 07:05:38 스크랩 조회 332 추천 1 댓글 1,1,332,2024.03.07 07:05:38,https://gall.dcinside.com/mgallery/board/view/?id=kyungsang&no=3954&page=18
18,3952,[일반],동아리,신입생인데 관악반 하면 축제 때 공연하나요? 그리고 경상고 축제는 어떤지도 알려주세요,경갤러 (211.224) 2024.03.06 22:11:08 스크랩 조회 372 추천 0 댓글 4,0,372,2024.03.06 22:11:08,https://gall.dcinside.com/mgallery/board/view/?id=kyungsang&no=3952&page=18
18,3951,[일반],경상고1학년수학,부교재있음?,경갤러 (39.7) 2024.03.06 21:07:54 스크랩 조회 383 추천 0 댓글 3,0,383,2024.03.06 21:07:54,https://gall.dcinside.com/mgallery/board/view/?id=kyungsang&no=3951&page=18
18,3947,[일반],1학년인데 3학년들 왤케 좆밥임ㅋㅋ,복도에서 지나갈때 보면 키도 1학년들이랑 비슷하고 생긴것도 찐따같은 사람 많은듯 2년동안 뭐했냐ㅉㅉ,경갤러 (221.168) 2024.03.06 16:01:40 스크랩 조회 810 추천 16 댓글 5,16,810,2024.03.06 16:01:40,https://gall.dcinside.com/mgallery/board/view/?id=kyungsang&no=3947&page=18
18,3946,[일반],수정과 ㅁㅌㅊ,물맞댐 어떰?,경갤러 (221.168) 2024.03.06 15:14:19 스크랩 조회 337 추천 4 댓글 4,4,337,2024.03.06 15:14:19,https://gall.dcinside.com/mgallery/board/view/?id=kyungsang&no=3946&page=18
18,3945,[일반],신입생입니다,수정과 동아리 하는게 좋나요?,경갤러 (221.168) 2024.03.06 09:26:16 스크랩 조회 232 추천 1 댓글 0,1,232,2024.03.06 09:26:16,https://gall.dcinside.com/mgallery/board/view/?id=kyungsang&no=3945&page=18
18,3942,[일반],갑자기 든 의문점,개학도안했는데 경상고 갤러리가 있다는걸 안 신입생들은 이미 디시를 많이 하고있겠지.. - dc official App,경갤러 (58.124) 2024.03.03 23:19:23 스크랩 조회 287 추천 4 댓글 0,4,287,2024.03.03 23:19:23,https://gall.dcinside.com/mgallery/board/view/?id=kyungsang&no=3942&page=18
18,3940,[일반],경상고 신입생입니다,정수기있나요?,경갤러 (210.91) 2024.03.02 20:18:56 스크랩 조회 569 추천 7 댓글 6,7,569,2024.03.02 20:18:56,https://gall.dcinside.com/mgallery/board/view/?id=kyungsang&no=3940&page=18
18,3937,[일반],신입생들 필독.,"안녕 코로나랑 같이 개념이랑 지능까지 밥 말아 처먹은 역대급으로 개싸가지 없는 대가리 골빈 새끼들아 그냥 기본적인 것부터 안 되어있는 니들을 위해 학교생활은 물론이고 사람으로서 살아가는데 굳이 말 안 해도 알아야 되는 것을 알려주고자 친히 글을 쓴다 뭐 코로나 때문인지 단체로 부모들 지능이 떨어지는 건지 요즘 애새끼들 꼬라지 보면 진짜 뭘 어떻게 해야 그렇게 싸가지도 없고 능지도 씹창난건지 모르겠다 첫째. 복도에서 선배님이랑 마주 보면서 걸어올 때 니들이 먼저 피해라 당연한 얘기인데 니들은 사회화가 덜 돼서 이런 기본적인 것도 안 지켜지나 보다 물론 그냥 사람으로서 당연히 서로 비켜줘야 하는 건데 후배들 눈깔에 독기가 서려서 선배들 보기를 개 ㅈ밥으로 보면서 비켜주기 싫어하는 꼬라지를 보면 중2 때부터 투정 부리고 성질내는 거 받아주던 너희 부모님들도 비켜주기 싫어서 어깨빵 치고 지나갈 거 같다 선후배 사이가 아니라 그냥 인간으로서 지켜야 할 것을 먼저 지켜라 둘째. 단정한 옷차림을 할 것 자기를 따 먹어달라는 건지 패션과 지망생인지는 모르겠는데 와이셔츠 사복 바지에 쳐 집어넣으면서 지들 멋대로 교복 커스텀 해서 멋부리는 개 장애인 앰생 문신 양아치 지망생들이 좀 많이 보이는데 제발 이런 기본적인 것들 좀 배워라 그냥 좀 노는 애들도 그냥 적당한 사복 입고 다니는 거 뭐라 안 하는데 나 멋부릴 줄 아는 양아치요 하고 다니는 거 보면 진짜 학교가 어떻게 돌아가나 싶다 니들 학년이 아니라 잘 모르겠는데 선생들은 이거 보고 방치하나 싶다 아무리 선비 같은 선생님이라도 그런 꼬라지를보면 그 자리에서 와이셔츠 다 잡아댕겨서 빼고 ㅈ같이 좀 입고 다니지 말라고 하겠다 셋째,1학년이면 1학년답게 걍 쳐 짜져 있을 것 학교 들어와서 얼마 안 되는 기간 동안 이렇게 전 찡찡거리는 새끼들은 이제까지 한 번도 없었다. 어차피 학교생활하면서 요령도 점점 알아가고 개념도 쳐 잡힐 텐데 왜 벌써부터 이렇게 나 부족하다고 대놓고 광고를 해대는지 모르겠다. 중학교도 날로 처먹고 온 새끼들이라 솔직히 개념이 뭔지도 모르는 애들이 많을 텐데 짬밥 쳐 먹으면 자동으로 탑재되는 게 개념이다. 그러니까 그냥 좀 쳐 짜져 살아라 이 병신 새끼들아 넷째, 학폭될만한 행동은 하지 마, 그냥 하지 말라면 하지 마 요즘 애새끼들은 개념도 없고 씹양아치라서 애들 뒷담, 조롱, 꼽주기를 밥 먹듯이 하던데 요즘 우리 학교도 학폭 존나 가니깐 그냥 하지 마. 이걸 본다고 해서 니들 깨진 대가리 봉합되는 거 아닌 거 알고 있는데 그냥 예의 없이 기본적인 것부터 모르는 병신들이 많아서 글 쓰는데 요즘 학폭이니 뭐니 하면서 군기 잡는 학교도 선후배 간에 군기가 사라져서 애들 싸가지가 없댄다 우리 학교는 그런 거 없는 클린한 학교인데 너희들 하는 꼬라지가 보니까 정신교육이 필요한 거 같다고 내심 느낀다",ㅇㅇ (121.153) 2024.03.01 00:41:38 스크랩 조회 810 추천 30 댓글 16,30,810,2024.03.01 00:41:38,https://gall.dcinside.com/mgallery/board/view/?id=kyungsang&no=3937&page=18
18,3936,[일반],석식시간,저희 석식 언제먹죠?? - dc official App,경갤러 (58.124) 2024.02.29 19:46:45 스크랩 조회 237 추천 1 댓글 2,1,237,2024.02.29 19:46:45,https://gall.dcinside.com/mgallery/board/view/?id=kyungsang&no=3936&page=18
18,3935,[일반],이제 3학년 되는 경붕이 좆된거 같다,좀있다가 공부해야지를 반복하다 보니 2월 막날이다.. 슈벌 - dc official App,ㅇㅇ (211.224) 2024.02.29 18:49:08 스크랩 조회 340 추천 2 댓글 1,2,340,2024.02.29 18:49:08,https://gall.dcinside.com/mgallery/board/view/?id=kyungsang&no=3935&page=18
18,3933,[일반],한기대 소개합니다,한국기술교육대학교 추천합니다,경갤러 (223.39) 2024.02.29 11:13:36 스크랩 조회 296 추천 1 댓글 2,1,296,2024.02.29 11:13:36,https://gall.dcinside.com/mgallery/board/view/?id=kyungsang&no=3933&page=18
18,3929,[일반],3학년들 잘봐라.,이제 2학년이 운동장 먹겠습니다 이제 공부나 하셔.,경갤러 (221.142) 2024.02.14 08:45:33 스크랩 조회 637 추천 14 댓글 3,14,637,2024.02.14 08:45:33,https://gall.dcinside.com/mgallery/board/view/?id=kyungsang&no=3929&page=18
18,3928,[일반],고x어냥x 님,20년도에 졸업하셨는데 왜 고등학교 디시 들낙거려요 할 거 없으셈?,경갤러 (211.224) 2024.02.11 10:56:05 스크랩 조회 484 추천 12 댓글 3,12,484,2024.02.11 10:56:05,https://gall.dcinside.com/mgallery/board/view/?id=kyungsang&no=3928&page=18
18,3927,[일반],경상고 신입생들 개추한번씩 눌러볼까?,ㅇㄷㄴㅂㅌ,ㅇㅇ (221.139) 2024.02.10 20:38:54 스크랩 조회 464 추천 13 댓글 3,13,464,2024.02.10 20:38:54,https://gall.dcinside.com/mgallery/board/view/?id=kyungsang&no=3927&page=18
18,3925,[일반],경상 독수리들아,밥먹고 공부해 - dc official App,고등어냥이 2024.02.09 12:01:22 스크랩 조회 363 추천 2 댓글 5,2,363,2024.02.09 12:01:22,https://gall.dcinside.com/mgallery/board/view/?id=kyungsang&no=3925&page=18
18,3923,[일반],의대 ㅋㅋㅋㅋㅋㅋㅋㅋㅋ,로스쿨꼴나겠네 의대6년+인턴1년+레지던트2년+군의관3년 +펠로우3년하고 전문의자격증 따고나와서 페닥하면 한 500벌겠네 ㅋㄲㅋㅋ 딱좋노!!!,ㅇㅇㅇ (115.140) 2024.02.07 02:40:26 스크랩 조회 445 추천 4 댓글 1,4,445,2024.02.07 02:40:26,https://gall.dcinside.com/mgallery/board/view/?id=kyungsang&no=3923&page=18
18,3922,[일반],"내일 1,2학년 급식 주냐?",오늘처럼 햄버거 양 좆만한거만 아니었으면좋겟다,경갤러 (223.39) 2024.02.05 19:45:06 스크랩 조회 272 추천 1 댓글 3,1,272,2024.02.05 19:45:06,https://gall.dcinside.com/mgallery/board/view/?id=kyungsang&no=3922&page=18
18,3921,[일반],ㅈㄴ 불쌍하노,신입생 존나불쌍하노.... 난 올해 나간다 이기 - dc official App,ㅇㅇ (223.38) 2024.02.05 10:07:37 스크랩 조회 543 추천 5 댓글 0,5,543,2024.02.05 10:07:37,https://gall.dcinside.com/mgallery/board/view/?id=kyungsang&no=3921&page=18
18,3920,[일반],수학선생님이 해주신 말씀,대구 어중간한 대학갔다가는 나중에 학교가 없어진다 취직할때 학교써가내야하는데 대학이 없어져버린다고 인서울을가라 - ㅅㅈ선생님 말씀이었다 - dc official App,고등어냥이 2024.02.04 15:22:11 스크랩 조회 395 추천 2 댓글 0,2,395,2024.02.04 15:22:11,https://gall.dcinside.com/mgallery/board/view/?id=kyungsang&no=3920&page=18
18,3919,[일반],국어쌤이그랬었다,남들 놀때 공부해야된다고 방학때 공부해야됨 물론 평소때도하고 성함이 어떻게되더라 안경쓰신분인데 되게 좋은분 - dc official App,고등어냥이 2024.02.04 06:26:56 스크랩 조회 448 추천 0 댓글 4,0,448,2024.02.04 06:26:56,https://gall.dcinside.com/mgallery/board/view/?id=kyungsang&no=3919&page=18
18,3918,[일반],지금 시작하지 않으면 안된다,지금 시작하지않으면 나 처럼 야간 편돌이나하게된다 경상의 걸레들아.. -20년 1월 졸업생- - dc official App,고등어냥이 2024.02.04 04:49:38 스크랩 조회 210 추천 1 댓글 0,1,210,2024.02.04 04:49:38,https://gall.dcinside.com/mgallery/board/view/?id=kyungsang&no=3918&page=18
18,3917,[일반],"지, 덕, 체 네이버에검색해봐라",전인적인 사람이 되어라 알았냐? 언더스탠드? 이해가요? - dc official App,고등어냥이 2024.02.04 04:34:45 스크랩 조회 214 추천 0 댓글 0,0,214,2024.02.04 04:34:45,https://gall.dcinside.com/mgallery/board/view/?id=kyungsang&no=3917&page=18
18,3916,[일반],경상의 걸레들아,대걸레의 의지를 이어라 ㄱㄷㅇ이 없다고해서 ㅇㅅㅈ가 없다고해서 소홀히 하지마라. 외쳐라. 경상 독수리들이여. 참된사람. 봉사하는 사람. - dc official App,고등어냥이 2024.02.03 04:33:32 스크랩 조회 582 추천 0 댓글 5,0,582,2024.02.03 04:33:32,https://gall.dcinside.com/mgallery/board/view/?id=kyungsang&no=3916&page=18
18,3915,[일반],여긴 대구경상이냐?,ㅇㅇ? - dc official App,고등어냥이 2024.02.03 02:21:38 스크랩 조회 353 추천 0 댓글 2,0,353,2024.02.03 02:21:38,https://gall.dcinside.com/mgallery/board/view/?id=kyungsang&no=3915&page=18
18,3913,[일반],한국축구....,확실히 감독전술 문제(너무공격적)때문에 수비는 진짜그냥 박살난거맞고 공격부분에서는 너무 플레이가 한정적이였던거 아쉽다 내가 이래라 저래라 할수는 없지만 한국축구경기를 본 사람들이라 면 사이드-크로스만 한다는것을 알수있을텐데 감독 전술이 좀 바꼈으면 좋겠다.(가끔가다가 사이드-크로스-발리슛) 솔직히 오늘 이패턴 말고 본게 없다.뭐 다른거라고 해봤자 그냥 백패스하고 슛한 정도?근데 이건 하나도 들어간게없고 헤딩1골 패널티킥1골 이강인 프리킥한골(개미쳤고) 이렇게잇는데 이로써 알수있는것이 한국축구는 그냥 전개가 아예 안된다는것을 알수있다.제발 전술바꾸고 이강인은 좀더 밀어줬으면한다. 조규성은 뭐...말안해도... 결론-황의조 데리고와라 - dc official App,경갤러 (58.124) 2024.01.25 23:00:17 스크랩 조회 509 추천 11 댓글 4,11,509,2024.01.25 23:00:17,https://gall.dcinside.com/mgallery/board/view/?id=kyungsang&no=3913&page=18
18,3911,[일반],개학날에 언제마치지,? - dc official App,경갤러 (121.150) 2024.01.24 20:48:18 스크랩 조회 221 추천 0 댓글 5,0,221,2024.01.24 20:48:18,https://gall.dcinside.com/mgallery/board/view/?id=kyungsang&no=3911&page=18
