페이지,게시글번호,말머리,제목,내용,글쓴이,추천수,조회수,날짜,링크
1,120,[일반],[필독] 중앙고 갤러리 이용 안내,"1. 올리는 글에 대한 주제는 자유이지만, 정치 관련 글은 너무 많이 올리지 않았으면 함. 2. 학교 구성원에 대한 실명을 언급하거나, 사진을 게재 금지 (개인정보) 3. 노무현 합성물 금지 -> 남발하지 않는 선에서 허용 (22.09.10 수정) (비하 목적 아닌 일반 사진은 가능) -> 너무 심한 거 말고 적당히 웃긴 정도 4. 기타 반사회적 게시물은 삭제될 수 있음. ex (할카스) (주딱, 파딱 맘대로) 5. 특정 선생을 비난 하거나, 조롱하는 글 작성 금지 6. 특정 인물에 대해 비난, 성희롱 금지 (실제로 어떤 형이 갤 와서 저거 하는 걸 실시간으로 목격함) 7. 주딱, 파딱 임명이나 차단, 앙갤법 개정 등의 행위는 주딱과 파딱 모두 동의해야 할 수 있습니다. (23.02.21 추가) 저거 안 지켰다가 갤러리 2번 폭파 당함. 이상입니다. 추가 할 거 있으면 나중에 추가하겠습니다.",오비탈 2022.08.21 15:12:27 스크랩 조회 596 추천 6 댓글 1,6,596,2022.08.21 15:12:27,https://gall.dcinside.com/mgallery/board/view/?id=goseongjungang&no=120&page=1
1,1026,[일반],[알림] '앙갤법' 수정 안내 (2차),"7조- 주딱, 파딱 임명이나 차단, 앙갤법 개정 등의 행위는 주딱과 파딱 모두 동의해야 할 수 있습니다. --> 항목 추가함.",오비탈 2023.02.22 01:49:30 스크랩 조회 280 추천 1 댓글 3,1,280,2023.02.22 01:49:30,https://gall.dcinside.com/mgallery/board/view/?id=goseongjungang&no=1026&page=1
1,283,[일반],[알림] '앙갤법' 수정 안내 (1차),3조- 노무현 합성물 금지 조항을 '남발하지 않는 선에서 허용'으로 바꾸겠습니다 다른 고등학교 갤 보다가 여기 오니까 너무 밍밍함 반발 있을 시 원래대로 하겠음,오비탈 2022.09.10 00:17:12 스크랩 조회 356 추천 3 댓글 3,3,356,2022.09.10 00:17:12,https://gall.dcinside.com/mgallery/board/view/?id=goseongjungang&no=283&page=1
1,2,[일반],고성중앙고 갤러리 시즌 3 개설!!,,오비탈 2022.08.05 13:05:09 스크랩 조회 388 추천 18 댓글 4,18,388,2022.08.05 13:05:09,https://gall.dcinside.com/mgallery/board/view/?id=goseongjungang&no=2&page=1
1,2272,[일반],방학때 과외 받아볼 앙붕이들 있니,"방학때 고성 내려가면 과외나 해볼 생각인데 혹시나 나한테 과외 받아볼 생각 있는 앙붕이들은 여기 메일 주소(ksh158060@gmail.com)로 메일 보내줘 나이랑 원하는 과목, 가능한 요일이랑 주소 (도로명 주소까지만) 정도만 보내줘! (통영까지는 가능할 거 같아) 중고등 다 괜찮아 시급은 3.5~4정도로 생각중이고, 과목은 수학1, 수학2, 고1수학이랑 중등수학에다가 생명1, 세계지리, 동아시아사 이정도는 가능할 거 같아. 나름 고성에서 정시에 대해 가장 잘 안다고 자부하고 있고, 과외 하게되면 정시 팁이나 공부 방법도 내가 아는 선에서 열심히 알려줄 테니까 많은 관심 부탁해! - dc official App",비탈 2026.05.03 23:53:48 스크랩 조회 110 추천 3 댓글 2,3,110,2026.05.03 23:53:48,https://gall.dcinside.com/mgallery/board/view/?id=goseongjungang&no=2272&page=1
1,2271,[❓️질문],정시 질문,이과 쪽에서 빵꾸 잘 나는 낮은 과 뭐가 있나요? 당연히 농어촌은 되고 학교별 평백 대충 범위는 아는데 과별로는 잘 몰라서,ㅇㅇ (175.117) 2026.05.01 13:24:59 스크랩 조회 120 추천 0 댓글 6,0,120,2026.05.01 13:24:59,https://gall.dcinside.com/mgallery/board/view/?id=goseongjungang&no=2271&page=1
1,2270,[일반],토익공부,토익공부안하고 수능영어배경가지고있는대로만 토익치면 망하기쉬움?,ㅇㅇ (14.42) 2026.04.28 20:13:25 스크랩 조회 51 추천 0 댓글 3,0,51,2026.04.28 20:13:25,https://gall.dcinside.com/mgallery/board/view/?id=goseongjungang&no=2270&page=1
1,326,[일반],2.4 가 약대를 갈 수 있을까요..?,"하 씨발 개 좇됐노... ㅈ반고에서 1점대도 못받는게 말이가 이기... 올해 안에 약대는 갈 수는 있는거노? 절대 안됩니다 훠훠 그냥 지방에 짜져서 두부나 만드십쇼 ㅋㅋ 하아아.... 절대 안된다!! 흐으음... 방금 좋은 생각이 떠올랐노 ㅋㅋ 뭡니꽈? 걍 정시로 가면 되는거 아니노 ㅋㅋ 9평 등급은..? ""41234"" 걍 뛰어 내리십쇼, ""GOAT""",오비탈 2022.09.18 23:29:25 스크랩 조회 340 추천 7 댓글 2,7,340,2022.09.18 23:29:25,https://gall.dcinside.com/mgallery/board/view/?id=goseongjungang&no=326&page=1
1,2268,[일반],후회가 많이 된다,너무 나쁘게 살아온 것 같아 앙갤에서 쓴 글 다시 보니 그런 생각이 드네,지리산 2026.04.07 18:37:34 스크랩 조회 120 추천 0 댓글 3,0,120,2026.04.07 18:37:34,https://gall.dcinside.com/mgallery/board/view/?id=goseongjungang&no=2268&page=1
1,2267,[일반],자취,돈이없어서그런데 수능준비하면서 돈벌려고하는데 쉬운알바추천좀,ㅇㅇ (14.42) 2026.03.03 15:16:58 스크랩 조회 160 추천 2 댓글 3,2,160,2026.03.03 15:16:58,https://gall.dcinside.com/mgallery/board/view/?id=goseongjungang&no=2267&page=1
1,1798,[일반],★[필독] 시즌3 앙갤의 세번째 주딱을 모집합니다!!★,"반갑다 오비탈이다 오비탈->중앙고갤러리 에 이어, 1년마다 주딱을 교체하는 이 갤의 관습상 이번에 새로운 주딱을 뽑고자 한다. 선후배와 동기 간 활발한 소통과 정보의 교환이 필자가 바라고 있는 향후 이 갤의 방향성이기도 하니, 여러분들도 많은 관심 부탁드린다. 신청은 간단하다. 현 앙고 재학생이 고닉 암거나 파고 댓글에 식별코드와 나이만 올려주면 된다. 사람 있으면 06>07>08 순으로 뽑을 것이며, 같은나이면 글 많이 쓴 순대로 뽑겠습니다. 신청하는 애들 별로 없을거라 신청만 하면 아마 왠만하면 될거다. 헉!! 바로 신청하러 가야겠는걸??? <예상 QNA> 1. 헉!! 주딱 하면 개인정보가 노출되어서 갤러리와 학교 친구들에게 이름 팔리면 어떡하노?? 노무 무섭노 ㅠㅠ A : 본인이 디시를 하고 주딱이라는 사실을 주변에 알리지 않으면 이름이 팔리는 일은 없을 것이며, 코드만 알기 때문에 본인이 원하지 않을 시 필자와 지리산도 주딱의 정체를 알 수가 없다. 필자와 지리산은 주딱의 신변보호에 최선을 다할 것임. 2. 주딱을 하면 갤러리 관리도 해야하고 해야될게 많지 않겠습니까? 존나 귀찮습니다. A : 갤러리 관리는 필자와 지리산이 대부분 한다. 때문에 부담감 느끼지 않아도 된다. 3. 마루쉑 이새기는 요즘 뭐하고 있습니까? A : 닉네임 바꿔서 빡갤에 똥글 싸고 있음 4. 주딱 되면 임기는 언제부터입니꽈? 쩝 A : 차기 주딱 정해지면 앙갤게이가 주딱 받은날인 2월 15일 부터 1년간 하고 또 다시 후배한테 물려주는 식으로 간다. --> 자원자 나올때부터 1년간 고성 최대 디시 커뮤니티 앙갤의 부흥을 위해 많은 관심과 지원 부탁드립니다!!!!",오비탈 2024.01.30 23:41:26 스크랩 조회 381 추천 8 댓글 4,8,381,2024.01.30 23:41:26,https://gall.dcinside.com/mgallery/board/view/?id=goseongjungang&no=1798&page=1
1,2266,[일반],향후 앙갤의 방향성,07도 벌써 졸업함에 따라 새로운 주딱을 뽑긴 해야 하는데... 재학생 고닉이 이젠 보이지 않는다. 글 리젠 수도 전성기였던 22~23년에 비해 확 줄었고 사실 나도 졸업한지 3년이 넘었기도 하고 이젠 성불해서 앙갤을 잘 들어오진 않을 생각이라 이 기회에 남은 앙붕이들과 이 갤러리의 향후 방향을 정하고 싶다. 시나리오는 4가지 1. 재학생 고닉이 나타나 다시 1년간 앙갤 주딱을 먹고 재학생들끼리의 커뮤니티로 옛날처럼 운영한다. 2. 듸년이 주딱 유지하고 지금처럼 운영 3. 지리산한테 다시 주딱 넘겨주고 수만휘처럼 서로 입시 정보 정도만 공유해주고 입시상담 비슷한거 해주는 갤로 운영 4. 걍 앙갤 폐쇄 원하는 방식 있으면 그렇게 하자 주딱 자리는 언제나 열려있다. 원하는 게이 있으면 바로 주도록 하겠다.,비탈 2026.03.01 23:57:51 스크랩 조회 140 추천 4 댓글 3,4,140,2026.03.01 23:57:51,https://gall.dcinside.com/mgallery/board/view/?id=goseongjungang&no=2266&page=1
1,2265,[🖥정보],[장문] 농어촌 정시에 대해 알아보자,"반갑다 며칠 전 약대 새터 다녀온 오비탈 게이다. 새 학기 준비는 다들 잘 하고 있을려나 모르겠다. 마지막 글을 뭐로 쓸까 고민을 많이 했었는데, 내가 정시를 파게 했던 원인이자, 나에게 약대라는 꿈을 결국 이루게 해준 이 "" 농어촌 정시 "" 에 대한 글을 내가 그동한 했던 기나긴 수험생활을 토대로 쓰고자 한다. 정시를 팔까 고민하는 앙붕이들에게 많은 도움이 되었으면 한다. 1. 먼저 농어촌 정시가 무엇이냐? 앙붕이들은 농어촌 수시에 대해서는 알고있는게 있을진 몰라도, 농어촌 정시라는 것에 대해서는 좀 생소했을 것이다. 나도 고2때, 아니 고3 초반까지만 하더라도 농어촌 정시라는 것의 존재 자체를 알지 못했다. 정시라는 전형 자체가 현역에게 매우 불리한 전형이지만, 이 전형 하나만으로도 앙붕이들이 정시를 팔 이유가 될 수 있다. 그냥 간단히 말하자면, 너가 받은 수능성적 대비 대학을 몇급간씩을 올려주는 개 씹사기 특별전형이다! 대충 부산대 갈 성적으로 중경외시 를 가며, 건동홍 갈 성적으로 서성한 을 가며, 중경외시 갈 성적으로 무려 연고대 를 갈 수 있다!! 잘만 한다면 당신의 인생을 개같이 역전시킬 수 있는 기회가 될 수 있다는 것이다. 이번에 앙고에서 약대 간 친구가 내신이 1.1쯤으로 알고 있는데, 이번에 농어촌 정시로 약대 뚫은 내가 수능성적이 32221 이다. (물론 다 높은 32221 이긴함) 임을 감안하더라도, 내신 1.1 따기 vs 수능 32221 맞기 하면 수시랑 정시를 둘다 열심히 해본 나는 후자가 그나마 쉬울거라고 생각한다. (물론 국어가 좀 되있다는 전제 하에) 수시 해서 내신 열심히 챙겨본 게이들은 알겠지만, 시골 일반고 특유의 적은 학생수와, 특정 몇몇과목만 1등급 챙겨가는 퍼거새기들 때문에 아무리 깡촌 일반고라 하더라도 솔직히 내신 1점대 초반 유지하는건 상당히 어렵기 때문이다. 그래서 도저히 수시로 내가 원하는 대학에 가지 못할 것 같다? 한다면 이 농어촌 정시 덕분에 정시로 트는 것도 상당히 나쁘지 않다 . (너가 국어가 좀 친다 싶으면) 내 동년배 친구들도 고3때 농어촌 정시 꿀통 바이럴이 돌면서 상당수가 정시로 전직했고, 실제로 대학을 매우 잘 갔다. 단, 정시로 틀겠다고 결심했으면 재수는 할 각오는 하는게 마음이 편할 것이다. 2. 그래서 얼마나 사기인데? 내가 농어촌 정시를 오랫동안 파면서 내린 결론은, 앞에서 말한대로 두급간이 올라가는 게 정배다. 물론 농어촌이라도 서울대와 메디컬은 빡세서, 최소 연고대급 성적은 되어야 무난히 갈 수 있다. 농어촌 정시 입결을 공개하는 대학이 그렇게 많진 않은데, 공개하는 몇몇 대학 위주로 살펴보자. (참고로 평백은 국어, 수학, 탐구평균 백분위를 다 더한다음에 3을 나눈 수치이다) 먼저 동국대이다. 보면 알겠지만, 평백 80대 초반정도가 최초합한다는 것을 알 수있다. 이게 최초합 기준이지, 최종합 컷을 고려하면 평백 70대 후반도 충분히 동국대를 갈 수 있다. (일반 동국대는 평백 87~88 정도가 감) 즉, 중앙고 내신으로 2점대 초반 받아도 갈까 말까한 동국대 를, 수능에서 올 3컷 정도만 받아도 갈 수 있다는 것이다! 다음은 경희대 이다. 경희대 또한 평백 80대 초반 으로 많이 뚫렸다. 올 3컷에서 수학만 2컷정도만 만들어도 충분히 갈 수 있다. 다음은 연세대 이다. 농어촌 정시는 이 라인이 진짜 개 꿀통이다. 이번에 연세대를 쓴 내 경험으로 말하자면, 평백 90 정도 맞으면 무난히 가며, 운이 좋으면 그 아래의 성적 을 받고도 빵꾸가 나서 갈 수 있다 ! 연고대는 농어촌 정시를 어마무시하게 많이 뽑는다. 그래서 빵꾸가 엄청 많이난다. 참고로 내 수능 성적 (언미사탐 87 94 2 95 98) 으로 2026 입시 기준 메디컬, 폭난 연기계를 제외하고 전전을 포함한 모든 과가 다 뚫렸다! 정리하자면, 78~ 건동홍 82~ 중경외시 86~ 서성한 90~ 연고 93~ 설,약수 정도이다. 물론 반영비, 무슨과목을 했는가에 따라 차이가 있다. 3. 무슨 과목을 해야 하나요? 언매, 화작은 그냥 자기한테 맞는거 해라. 언매화작 승패는 매년 바뀌기 때문에 뭐가 좋다고 확실히 말해주기 힘들다. (작수는 언매 승리였고, 재작수는 화작 승리였음) 내가 추천하는 건 언매를 6평까지 해보고 안 될거 같으면 화작 가고, 할만하다 싶으면 스테이 하는 거다. 나는 작수때 화작에서 언매로 바꿨었는데 괜찮았다. 자세한 건 지리산한테 물어봐라 수학은 근데 확통런 하는 거 진지하게 나쁘지 않은 거 같다. 현역이 미적분 4점 맞추는게 진짜 빡세다. 심지어 미적 가산점 주는 대학도 별로 없다... 그래서 현역이면 확통 하는거 ㄱㅊ음. 앙고에서 2학년때 확통 다 해주니까 탐구는 진짜진짜 문이과 상관없이 사탐이다. 1등급 받는 난이도가 하늘과 땅 차이다. 2025 입시부터 이과대학에 사탐제한이 풀리면서 사탐으로도 공대에 지원이 가능하게 되었다. 대신에 과탐을 한 수험생에게 가산점을 주는 식으로 바뀌었는데, 연고대, 한양대 등등은 3% 가산이라 사탐을 해도 충분히 메꿀 수 있다. 내가 들어간 아주대도 3% 가산이고, 메디컬에도 3% 가산해주는 데가 많아서 사탐을 해도 충분히 메디컬을 갈 수 있다. (심지어 건국대는 과탐 가산이 없다) 대학 입시요강 들어가서 전략을 세우자. 4. 마지막 입시 꿀팁 마지막으로 길게 입시하면서 느낀 소소한 팁들이다. 다른 궁금한 게 있으면 댓글로 물어봐라. 1. 서울대, 메디컬 중 하나로 지르고 싶으면 무조건 메디컬 로 질러라. 농어촌 정시판에 몸담으면서 느낀 것인데, 농어촌 수험생들은 이유는 모르겠지만 이상하리만큼 약대, 수의대 같은 메디컬보다 서울대를 선호... 하는 경향이 있다. 그래서 농어촌 정시는 약,수< 서울대 이다.  일반은 약수>_ 서울대인 것과 대조적. (비슷한 사례로 농어촌에서는 연세대보다 고려대를 선호하는 경향이 있다) 이건 이번 농어촌 정시 연세대 계열 점공표이다. (참고로 37등이 나다) 보면 알겠지만, 연세대 점공 상위권 대부분이 나군에 서울대를 썼다. 위에 사람들이 서울대를 쓰고 다 뒤져줘서, 필자는 나군 약대를 날로 먹을 수 있었다. (개꿀) 선호도랑 별개로, 메디컬이 추합도 서울대보다 더 잘돈다. 나군에 서울대를 박는 사람은 가군에 연고대를 안정으로 박기 때문에 잘 안빠지는 반면, 나군에 메디컬을 쓰는 사람은 가군에도 메디컬을 박는 경우가 많기 때문에 잘 빠지는 경향이 있다. 예를 들면, 나군에 아주,에리카,삼육,동국대 약대를 써서 최초합한 사람이 가군에 있는 연세대 약대, 고려대세종 약대, 건국대 수의대, 가천대 한의대 등을 붙어서 빠지고, 또 저기를 최초합한 사람이 나군에 경희대 한의대, 경희대 치대나 다군에 계명대 의대 같은 곳을 붙어서 또 빠져서 추합이 도는 식이다. 필자도 예비 3번을 받았으나 위에 사람이 다 빠져서 붙은 거다. 따라서 농어촌 정시를 쓰게 된다면 하나 정도는 지르는 걸 추천한다. 2. 무조건 3 농어촌으로 써라. 원서 쓸때 일반을 섞어서 쓰는 놈들이 간혹 있는데 진짜 게이 같은 행동이다. 진짜 정 쫄린다면 7~8명 뽑는 대형과에 안정을 박으면 절대로 떨어질 일이 없다. 장담하는데 농어촌 정시로 하향으로 쓴 대학이 일반으로 상향으로 쓰는 대학보다 높을 거다. 필자를 예시로 들자면 9명 뽑는 중전전을 안정으로 박고, 연대 공대 넣고 나군약대를 질렀는데, 결과는 3합이었다. 원서질이 상당히 중요한 농어촌 정시에 바보같은 짓은 하지 말아야 한다. 물론 넣기 전에 정보는 최대한 알아보고 넣자. 변수는 물론 존재한다. 3. 반영비에 따라 너가 유리한 대학이 다르다. 잘 알아보고 대학을 쓰자. 상위권 대학으로 갈 수록 반영비, 가산점이 합불 결과에 큰 영향이 미친다. 일반적으로 문과 대학이 국어를 , 이과 대학이 수학을 많이 보는 것은 당연하겠다. 예를 들면, 서강대는 국수를 많이보고, 한양대는 수탐을 많이본다. 만약 국수를 잘 봤으면 서강대를, 수탐을 잘 봤으면 한양대를 쓰면 되겠지? 또 너가 만약 과탐을 했다면 최대한 과탐 가산점이 높은 대학에, 사탐을 했다면 최대한 과탐 가산점이 낮은 대학에 쓰면 된다. 이런 걸 잘 따져보고 원서를 넣어야 한다. 내가 넣은 연세대, 아주대약대의 공통점은 둘 다 수탐을 많이 본다는 것이다. 4. 수능 국어는 재능 없으면 진짜로 올리기 힘들다... 오랫동안 수능을 치면서 느낀 거지만 국어는 정말 재능이 없으면 올리기가 정말 힘들다. 만약 너가 국어를 잘 하지 못한다면, 정시로 트는 건 다시 생각해보기를 바란다. 이게 왜 그러냐면, 국어는 많이 한다고 올라가는 과목이 아니기 때문이다. 올리더라도 한계가 분명히 있다... 추가로 수능 당일 현장감을 많이 받는 과목이기 때문에, 너가 새가슴이면 수능날 국어를 망칠 확률이 매우 높다. 국어1로 서울대 정문폭파한 지리산과는 다르게 필자는 국어를 올리기 위해 상당히 많은 피를 토했다. 최대한 알고 있는 걸 정리를 해봤는데, 또 생각 나는 게 있으면 이 글 수정해서 따로 추가하겠다. 이 글이 정시를 고민하고 있는 앙붕이들에게 도움이 됐으면 하는 바람이다.",비탈 2026.02.28 14:26:18 스크랩 조회 783 추천 8 댓글 6,8,783,2026.02.28 14:26:18,https://gall.dcinside.com/mgallery/board/view/?id=goseongjungang&no=2265&page=1
1,2264,[일반],ㅅㅂ 졸업생인데,1.2.3학년 반 배정 완료됬으니 27일 금요일날 확인하라는 문자는 왜오는거냐 대학 합격했는데 대학가지마? - dc official App,ㅇㅇ (118.235) 2026.02.25 00:00:31 스크랩 조회 150 추천 0 댓글 4,0,150,2026.02.25 00:00:31,https://gall.dcinside.com/mgallery/board/view/?id=goseongjungang&no=2264&page=1
1,2263,[일반],중앙고 기숙사 방 배정 랜덤인가요,ㆍ,ㅇㅇ (175.126) 2026.02.24 22:01:38 스크랩 조회 94 추천 1 댓글 2,1,94,2026.02.24 22:01:38,https://gall.dcinside.com/mgallery/board/view/?id=goseongjungang&no=2263&page=1
1,2262,[일반],철고 기숙사 한방에 몇명써요?,.,ㅇㅇ (61.98) 2026.02.21 16:05:29 스크랩 조회 91 추천 0 댓글 1,0,91,2026.02.21 16:05:29,https://gall.dcinside.com/mgallery/board/view/?id=goseongjungang&no=2262&page=1
1,2261,[일반],두 사람은 문제아지만 최강,- dc official App,ㅇㅇ (211.176) 2026.02.20 15:52:25 스크랩 조회 142 추천 1 댓글 1,1,142,2026.02.20 15:52:25,https://gall.dcinside.com/mgallery/board/view/?id=goseongjungang&no=2261&page=1
1,2259,[일반],중앙고 04가 진짜 정시 황금세대였음,정시만으로 “중복” 없이 약대 1명 서울대 1명 중앙대 2명 경희대 2명 부산대 1명 ㄷㄷ 졸업자 94명에 저정도 아웃풋 낸거면 지리긴 한듯 다시는 안 올 레전드 정시 황금세대 나도 얘네들한테 영향 많이 받았었어서 항상 고마운 마음이 있다 - dc official App,비탈 2026.02.12 15:33:56 스크랩 조회 196 추천 2 댓글 1,2,196,2026.02.12 15:33:56,https://gall.dcinside.com/mgallery/board/view/?id=goseongjungang&no=2259&page=1
1,2258,[✅️인증],약대 떴다,오늘부로 성불합니다 응원해주신 모든 분들 감사드립니다 - dc official App,비탈 2026.02.10 21:31:00 스크랩 조회 287 추천 8 댓글 8,8,287,2026.02.10 21:31:00,https://gall.dcinside.com/mgallery/board/view/?id=goseongjungang&no=2258&page=1
1,2257,[일반],밑에 입결글 고성고 잘못올린거같아서 올림,영남의대갔던데 고성고. 올해는 고고가 잘간거아녀?,ㅇㅇ (119.201) 2026.02.08 02:49:59 스크랩 조회 132 추천 0 댓글 2,0,132,2026.02.08 02:49:59,https://gall.dcinside.com/mgallery/board/view/?id=goseongjungang&no=2257&page=1
1,2256,[✅️인증],연세대 합격,감사합니다 - dc official App,비탈 2026.02.05 19:37:24 스크랩 조회 222 추천 7 댓글 3,7,222,2026.02.05 19:37:24,https://gall.dcinside.com/mgallery/board/view/?id=goseongjungang&no=2256&page=1
1,2255,[🖥정보],수정)2026 고성 관내 인문계 고등학교 입시결과,고성중앙고등학교 철성고등학교 고성고등학교 - dc official App,ㅇㅇ (223.39) 2026.02.05 07:11:20 스크랩 조회 227 추천 2 댓글 3,2,227,2026.02.05 07:11:20,https://gall.dcinside.com/mgallery/board/view/?id=goseongjungang&no=2255&page=1
1,2254,[일반],앞으로도 만날 기회는 많습니다,너무 아쉬워 하지 마십쇼 - dc official App,비탈 2026.02.04 16:28:14 스크랩 조회 64 추천 0 댓글 0,0,64,2026.02.04 16:28:14,https://gall.dcinside.com/mgallery/board/view/?id=goseongjungang&no=2254&page=1
1,2253,[❓️질문],지리산게이야,반수하면 대인관계 적응하기 어렵고 그런거 있음?? - dc official App,ㅇㅇ (218.238) 2026.01.31 18:30:55 스크랩 조회 115 추천 0 댓글 3,0,115,2026.01.31 18:30:55,https://gall.dcinside.com/mgallery/board/view/?id=goseongjungang&no=2253&page=1
1,2249,[일반],일단 1월말 2월초는 안될거 같다,2월 중후쪽 알아봐야될듯 ㄱㅊ나.. 앙갤게이야 미안하다 - dc official App,비탈 2026.01.25 18:39:40 스크랩 조회 107 추천 0 댓글 2,0,107,2026.01.25 18:39:40,https://gall.dcinside.com/mgallery/board/view/?id=goseongjungang&no=2249&page=1
1,2248,[일반],그래서 정모는 어캐된겨,나 일정짜야하는데 이럴거면 대화방같은걸 파던가 어정쩡하게 하지말고 - dc official App,ㅇㅇ (183.104) 2026.01.25 18:22:09 스크랩 조회 62 추천 0 댓글 0,0,62,2026.01.25 18:22:09,https://gall.dcinside.com/mgallery/board/view/?id=goseongjungang&no=2248&page=1
1,2245,[💩똥글],고성 탈출한 대구 갤러다,여기 다닐만 함? 어릴때 탈출해서,ㅇㅇ (110.8) 2026.01.16 23:13:40 스크랩 조회 107 추천 0 댓글 0,0,107,2026.01.16 23:13:40,https://gall.dcinside.com/mgallery/board/view/?id=goseongjungang&no=2245&page=1
1,2244,[일반],비탈 게이는 들어라,나 연세대다. 송도에서 만나자 ㅋ,ㅇㅇ (115.140) 2026.01.15 12:19:27 스크랩 조회 105 추천 0 댓글 1,0,105,2026.01.15 12:19:27,https://gall.dcinside.com/mgallery/board/view/?id=goseongjungang&no=2244&page=1
1,2243,[일반],N수생,요새 재수생뿐만아니라 n수생도 더많아지고있는것같음 올해도그럴까?,ㅇㅇ (118.235) 2026.01.14 19:07:50 스크랩 조회 98 추천 0 댓글 1,0,98,2026.01.14 19:07:50,https://gall.dcinside.com/mgallery/board/view/?id=goseongjungang&no=2243&page=1
1,2242,[일반],정모 참여할 게이 댓글 남겨봐바,인원수랑 되는 기간까지 달아주면 고맙고,비탈 2026.01.14 14:23:37 스크랩 조회 118 추천 1 댓글 3,1,118,2026.01.14 14:23:37,https://gall.dcinside.com/mgallery/board/view/?id=goseongjungang&no=2242&page=1
1,2241,[일반],긍정적으로 생각하셈,일정 확실한 중앙고 한번 만나고 지리산 휴가나면 또 만나면 되지 정모 2번 술값은 몰라 그때가서 생각하고 오히려 좋아 - dc official App,ㅇㅇ (212.102) 2026.01.14 11:00:25 스크랩 조회 64 추천 0 댓글 0,0,64,2026.01.14 11:00:25,https://gall.dcinside.com/mgallery/board/view/?id=goseongjungang&no=2241&page=1
1,2240,[일반],지리산의 휴가가 애매하네,중앙고갤러리가 1월28일~2월2일이면 휴가날 복귀날 제외하고 29 30 31 2/1인데 30일날 ㄱㄴ? - dc official App,ㅇㅇ (59.22) 2026.01.13 22:25:59 스크랩 조회 105 추천 0 댓글 5,0,105,2026.01.13 22:25:59,https://gall.dcinside.com/mgallery/board/view/?id=goseongjungang&no=2240&page=1
1,2239,[일반],니애비,ㅈ같네 정시결과는 왜 이리 늦게 나옴 재수 간다 형은 +듸년 게이임,ㅇㅇ (106.101) 2026.01.10 13:56:33 스크랩 조회 138 추천 0 댓글 2,0,138,2026.01.10 13:56:33,https://gall.dcinside.com/mgallery/board/view/?id=goseongjungang&no=2239&page=1
1,2238,[일반],점공 이거 상당히 정신병 걸리네,한시간에 한번은 들어가서 확인하는듯 ㄹㅇ 피말림 - dc official App,비탈 2026.01.09 00:33:35 스크랩 조회 168 추천 0 댓글 1,0,168,2026.01.09 00:33:35,https://gall.dcinside.com/mgallery/board/view/?id=goseongjungang&no=2238&page=1
1,2237,[일반],듸년아,밤에 한번 보자며 역전할매에서 술과 저녁을 사준다며 나 춥다 - dc official App,ㅇㅇ (59.22) 2026.01.08 17:56:51 스크랩 조회 97 추천 0 댓글 4,0,97,2026.01.08 17:56:51,https://gall.dcinside.com/mgallery/board/view/?id=goseongjungang&no=2237&page=1
1,2236,[일반],주딱의 품격,개근상 ㅁㅌㅊ - dc official App,듸년 2026.01.08 14:06:33 스크랩 조회 148 추천 6 댓글 3,6,148,2026.01.08 14:06:33,https://gall.dcinside.com/mgallery/board/view/?id=goseongjungang&no=2236&page=1
1,2235,[일반],2월달 정모 어떰,저때 지리산 마루쉑 다 휴가나오는데 애들 다모아서 정모 ㄱㄱ  준비는 내가 함,비탈 2026.01.08 13:15:56 스크랩 조회 120 추천 1 댓글 4,1,120,2026.01.08 13:15:56,https://gall.dcinside.com/mgallery/board/view/?id=goseongjungang&no=2235&page=1
1,2234,[일반],오비탈게이 옴?,인사한번 오지게 박아드림 - dc official App,ㅇㅇ (118.235) 2026.01.08 09:40:21 스크랩 조회 89 추천 0 댓글 1,0,89,2026.01.08 09:40:21,https://gall.dcinside.com/mgallery/board/view/?id=goseongjungang&no=2234&page=1
1,2233,[일반],졸업식 정모 구함 1/999,일단 오비탈 유동닉 1 듸년은 확정인데 지리산과 중앙고갤러리는 모르겠네 - dc official App,ㅇㅇ (211.235) 2026.01.07 13:48:25 스크랩 조회 98 추천 0 댓글 6,0,98,2026.01.07 13:48:25,https://gall.dcinside.com/mgallery/board/view/?id=goseongjungang&no=2233&page=1
1,2232,[일반],듸년은 들어라,@듸년 졸업하는데 역전할매에서 술과 음식을 사줘야하는거 아님? - dc official App,ㅇㅇ (205.147) 2026.01.07 11:02:00 스크랩 조회 73 추천 0 댓글 2,0,73,2026.01.07 11:02:00,https://gall.dcinside.com/mgallery/board/view/?id=goseongjungang&no=2232&page=1
1,2231,[일반],졸업식날 듸년에게 특별한 선물을 주겠다,기대해라 사실 별거 없음,비탈 2026.01.06 23:10:33 스크랩 조회 124 추천 0 댓글 4,0,124,2026.01.06 23:10:33,https://gall.dcinside.com/mgallery/board/view/?id=goseongjungang&no=2231&page=1
1,2230,[🖥정보],2026 앙고 입시결과,+ 오비탈 게이 어디가느냐에 따라 추가될수도,ㅇㅇ (211.176) 2026.01.06 18:49:45 스크랩 조회 241 추천 5 댓글 4,5,241,2026.01.06 18:49:45,https://gall.dcinside.com/mgallery/board/view/?id=goseongjungang&no=2230&page=1
1,2229,[일반],중앙고 올해 어디감?,나머지 고등학교들도 궁금하네 - dc official App,ㅇㅇ (121.176) 2026.01.06 13:16:30 스크랩 조회 66 추천 0 댓글 0,0,66,2026.01.06 13:16:30,https://gall.dcinside.com/mgallery/board/view/?id=goseongjungang&no=2229&page=1
1,2228,[일반],새해복많이받아라 게이들아,나의 개꾸지는 폰으로 찍은 1월1일의 태양을 관람해줘라 - dc official App,ㅇㅇ (59.22) 2026.01.01 07:48:40 스크랩 조회 120 추천 6 댓글 2,6,120,2026.01.01 07:48:40,https://gall.dcinside.com/mgallery/board/view/?id=goseongjungang&no=2228&page=1
1,2227,[❓️질문],중앙고 분위기 ㄹㅇ 어떰,갤 예전글들 보니깐 앙고 망했다는 말 많던데 분위기 어떰,ㅇㅇ (210.123) 2025.12.30 09:54:27 스크랩 조회 193 추천 0 댓글 2,0,193,2025.12.30 09:54:27,https://gall.dcinside.com/mgallery/board/view/?id=goseongjungang&no=2227&page=1
1,2226,[일반],ㄹㅇ 어디쓰냐 하,ㅈ같네 - dc official App,비탈 2025.12.28 15:00:46 스크랩 조회 98 추천 0 댓글 0,0,98,2025.12.28 15:00:46,https://gall.dcinside.com/mgallery/board/view/?id=goseongjungang&no=2226&page=1
1,2225,[일반],메리크리스마스,한 해 수고 많으셨습니다. 올해 무슨 일이 있었든 간에 행복하셨길 바라요. 그리고 더 희망적인 내년을 기원합니다. 충성!,지리산 2025.12.25 16:16:45 스크랩 조회 132 추천 7 댓글 1,7,132,2025.12.25 16:16:45,https://gall.dcinside.com/mgallery/board/view/?id=goseongjungang&no=2225&page=1
1,2224,[일반],메리크리스마스다 게이들아,하루종일 섹스해서 썩어빠진 헬조선 출산율을 높이자구나 - dc official App,ㅇㅇ (118.235) 2025.12.25 00:05:38 스크랩 조회 55 추천 0 댓글 0,0,55,2025.12.25 00:05:38,https://gall.dcinside.com/mgallery/board/view/?id=goseongjungang&no=2224&page=1
1,2223,[일반],군대갈 게이들은 꼭봐라,내년(2026)변경사항임 육군은 상관없는데 해병이나 공군갈거면 참고하셈 - dc official App,ㅇㅇ (118.235) 2025.12.19 12:54:00 스크랩 조회 153 추천 1 댓글 2,1,153,2025.12.19 12:54:00,https://gall.dcinside.com/mgallery/board/view/?id=goseongjungang&no=2223&page=1
2,2222,[일반],2025년 4년제 대기업 취업률,,대갤러 (223.39) 2025.12.18 17:49:41 스크랩 조회 96 추천 0 댓글 1,0,96,2025.12.18 17:49:41,https://gall.dcinside.com/mgallery/board/view/?id=goseongjungang&no=2222&page=2
2,2220,[일반],경기도 토박인데,살짝 사정이 있어서 고2 시작할때쯤 전학 갈수도 있을거같은데 여기 학교 분위기 어떰??,ㅇㅇ (119.64) 2025.12.08 23:36:07 스크랩 조회 120 추천 0 댓글 1,0,120,2025.12.08 23:36:07,https://gall.dcinside.com/mgallery/board/view/?id=goseongjungang&no=2220&page=2
2,2219,[일반],작년이었으면 고민없이 공군 추천해줬을텐데,"요즘은 공군 좋다고 추천해주기엔 약간 좀 망설여짐. 먼저 요즘 공군 가는게 너무 빡셈 24년도까진 봉사좀 채우고 자격증 딴다음에 좀 모자라다 싶으면 헌급방 박으면 충분히 갔었는데, 올해는 그렇게 채워도 나이때문에 짤림. 보니까 내년엔 더 빡세질거 같은데 게다가 더 큰 문제는 가는건 더 빡세지고 있는데 공군은 가면 갈수록 너프를 쳐먹고 있다는 것 보다시피 올해 공군 오폭 등 공군사고가 되게 많았음. 근데 위대하신 위에 분들은 엄한 병사만 존나게 잡아댔음. 무슨 숙고의 6주였나? ㅇㅈㄹ하면서 한달에 한번씩 두발 잡아대고 병생지하고 저때 공군 있었던 병사들은 느꼈겠지만 작년과 분위기가 확연히 달랐음을 체감했을거임 이 외에도 내가 있으면서 정상화 당한게 많다. 가감점체계 개편이나, 계급별 휴가사용 제한 (이거 때문에 내 아랫기수부터 찍턴 막힘), 1일 진급 (공군은 개월마다 딱딱 진급해줬었음), 자기개발비 폐지 등등 내년엔 뭐가 더 막힐지 알 수가 없다 참고로 사람수준은 자기가 자대가서 확인하기 전까지 아무도 모른다. 막 문신충 딸배 이런건 없긴한데 공군이라 그런가 막 이기적인 사람이나 영악한 그런 사람은 있음. 결론은 공군가서도 운이 좀 작용할 수 있다는 것. 나도 사람때문에 가장 스트레스를 받았으니까 그래도 아무리 너프를 먹더라도 육군보다는 공군이 훨 나을거다. 사실 공군은 고점보고 가는게 아니고 높은 저점 보고 가는거니까 나도 공군가서 마지막 기회를 얻어 수능에서 나름 유의미한 성과를 내기도 했었고 -꿀통 겨우 막차탄 857기-",비탈 2025.12.08 14:55:04 스크랩 조회 207 추천 0 댓글 1,0,207,2025.12.08 14:55:04,https://gall.dcinside.com/mgallery/board/view/?id=goseongjungang&no=2219&page=2
2,2218,[일반],군인 성님들,육군 공군중 고민인데 원래라면 공군 준비해서 공군갈려다가 누가 육군 18개월 공군 21개월이라 그 3개월 기간동안 육군은 군대에서가 아닌 사회에서 3개월 동안 할 수 있는일이  많을텐데 한번 다시 생각해봐라라고 말해서 고민중임 - dc official App,ㅇㅇ (211.251) 2025.12.08 08:28:55 스크랩 조회 124 추천 0 댓글 4,0,124,2025.12.08 08:28:55,https://gall.dcinside.com/mgallery/board/view/?id=goseongjungang&no=2218&page=2
2,2217,[✅️인증],성적표 인증,세지 마킹 실수해서 3점 날아감 ㅅㅂ - dc official App,비탈 2025.12.05 21:59:08 스크랩 조회 318 추천 5 댓글 1,5,318,2025.12.05 21:59:08,https://gall.dcinside.com/mgallery/board/view/?id=goseongjungang&no=2217&page=2
2,2216,[일반],이거 뭐냐 ㅋㅋ,- dc official App,듸년 2025.11.27 11:37:53 스크랩 조회 143 추천 0 댓글 1,0,143,2025.11.27 11:37:53,https://gall.dcinside.com/mgallery/board/view/?id=goseongjungang&no=2216&page=2
2,2215,[일반],농어촌,농어촌이 얼마나 개사기인지 설명해줄사람?,ㅇㅇ (118.235) 2025.11.27 01:40:24 스크랩 조회 162 추천 0 댓글 3,0,162,2025.11.27 01:40:24,https://gall.dcinside.com/mgallery/board/view/?id=goseongjungang&no=2215&page=2
2,2214,[💩똥글],주딱의 역사 설명좀,ㅈㄱㄴ - dc official App,ㅇㅇ (211.235) 2025.11.25 21:24:46 스크랩 조회 118 추천 0 댓글 3,0,118,2025.11.25 21:24:46,https://gall.dcinside.com/mgallery/board/view/?id=goseongjungang&no=2214&page=2
2,2213,[❓️질문],지리산게이야,교과전형이고 정원 외 전형인데 작년 충원합격수보다 1.5배 높은 예비번호 받았음 이거 포기해야함? 정보좀 - dc official App,ㅇㅇ (211.235) 2025.11.21 19:32:34 스크랩 조회 118 추천 0 댓글 1,0,118,2025.11.21 19:32:34,https://gall.dcinside.com/mgallery/board/view/?id=goseongjungang&no=2213&page=2
2,2209,[❓️질문],조언,재수망친 06년생앙붕이입니다 확통같은경우는답지보면 이해가는데 문제풀때 자꾸헷갈리고모르겠고 영어같은경우는 해석이되는데 문제를자꾸틀립니다 지리산선배 오비탈선배 제발방법좀알려주세요,ㅇㅇ (118.235) 2025.11.17 12:18:05 스크랩 조회 184 추천 0 댓글 7,0,184,2025.11.17 12:18:05,https://gall.dcinside.com/mgallery/board/view/?id=goseongjungang&no=2209&page=2
2,2208,[✅️인증],수능 후기) 수고하셨어요 모두들,"결과가 어땠든, 과정이 어떠했든 여기까지 완주한 게이들 모두 다 대단하다고 생각한다. 나도 학교 선배로서 게이들 앞으로도 좋은 결과 있기를 바란다. 수고했다 중간에 군대에서 개 ㅈ같은 일이생겨서 멘탈이 나간 바람에 그동안 소식을 못 전해왔었다. 나도 수능을 여러번 쳐와봤지만 특히 이번 수능을 치고 느낀건 이제 내인생에 수능이란건 없다는 생각밖에 안들더라. 이런걸 더이상 반복하고 싶진 않더라고. 재수 생각하는 애들은 알아뒀음해. 재수 진짜 성공하기 어려워 모든걸 다했다. 국어 망해서 ㅈ된줄 알았는데 그래도 최악까진 안 갔더라고 ㅋㅋ 과목 후기 언매) 독서풀다 뛰어나가고 싶었는데 부랄잡고 꾸역꾸역 풀어냄 미적) 걍 올해 기조 그대로 냈더라고 21 22 어렵고 미적 어렵고 1못띄워서 아쉽긴 함 영어) 지금까지 친 과목 중에선 할만 했던듯 한국사) 존나 어렵더라 세지) 이 시발 존나 어렵더라.. 설렁설렁 풀다가 시간 없어서 ㄹㅇ 개좇될뻔함 동사) 어렵긴한데 어찌저찌 잘 풀어냄 일본어) 은근 재밌게 품 - dc official App",비탈 2025.11.14 02:04:34 스크랩 조회 310 추천 10 댓글 3,10,310,2025.11.14 02:04:34,https://gall.dcinside.com/mgallery/board/view/?id=goseongjungang&no=2208&page=2
2,2207,[일반],앙갤의 미래는?,듸년인가 07이고 그럼 현직중에 이 갤 관리하는사람은 이제 없는거임? - dc official App,ㅇㅇ (211.176) 2025.11.12 16:24:33 스크랩 조회 122 추천 1 댓글 3,1,122,2025.11.12 16:24:33,https://gall.dcinside.com/mgallery/board/view/?id=goseongjungang&no=2207&page=2
2,2206,[일반],모두들 수능 파이팅입니다.,수능 전 마지막 주말이네요. 지금까지 쌓아온 실력만큼은 반드시 시험장에서 모두 보여줄 수 있기를 바랍니다. 요즘 날이 차가운데 건강상태 조심해서 최상의 컨디션 유지하시면 좋겠네요. 저는 뒤에서 수험생 여러분들을 응원하겠습니다. 고성중앙고 파이팅!!,지리산 2025.11.07 19:48:50 스크랩 조회 103 추천 0 댓글 1,0,103,2025.11.07 19:48:50,https://gall.dcinside.com/mgallery/board/view/?id=goseongjungang&no=2206&page=2
2,2204,[일반],모두들 화이팅,모두 좋은결과 있길 바라요 - dc official App,비탈 2025.10.30 17:02:17 스크랩 조회 95 추천 0 댓글 1,0,95,2025.10.30 17:02:17,https://gall.dcinside.com/mgallery/board/view/?id=goseongjungang&no=2204&page=2
2,2203,[일반],오비탈행님 정말 큰물에 가셨군요,진심으로 축하드립니다 - dc official App,ㅇㅇ (59.22) 2025.10.15 17:10:04 스크랩 조회 128 추천 2 댓글 1,2,128,2025.10.15 17:10:04,https://gall.dcinside.com/mgallery/board/view/?id=goseongjungang&no=2203&page=2
2,2202,[일반],경|노무현 생신|축,올해 팔순잔치를 부엉이 바위에서 하실 예정 - dc official App,ㅇㅇ (59.22) 2025.09.01 07:15:20 스크랩 조회 168 추천 0 댓글 0,0,168,2025.09.01 07:15:20,https://gall.dcinside.com/mgallery/board/view/?id=goseongjungang&no=2202&page=2
2,2201,[일반],환갑진쌤 오늘 퇴임식 하신다네,아 그저 센과 치히로쌤 수고하셨습니다 - dc official App,ㅇㅇ (211.251) 2025.08.29 08:29:40 스크랩 조회 135 추천 0 댓글 0,0,135,2025.08.29 08:29:40,https://gall.dcinside.com/mgallery/board/view/?id=goseongjungang&no=2201&page=2
2,2200,[일반],군머갑니다,27년 7월 전역 진짜 거짓말같네요 ㅅ1ㅂ... 재학생친구들 여유있으면 공군준비해두십쇼 육군 요새 아무나 다끌고가서 선임 잘못걸리면 ㅈ됨,중앙고갤러리 2025.08.21 14:57:57 스크랩 조회 231 추천 5 댓글 3,5,231,2025.08.21 14:57:57,https://gall.dcinside.com/mgallery/board/view/?id=goseongjungang&no=2200&page=2
2,2199,[일반],공습경보 공습경보,https://youtu.be/jIoYsTESxr4?si=wr43XooiD3lmwVgP 아아아아! 공습경보! 공습경보오오!!!! 으어어! 아! 아! 으아아아악! 아악! 으아아아아앍! 경찰력 총동원! - dc official App,ㅇㅇ (211.251) 2025.08.20 14:00:22 스크랩 조회 96 추천 1 댓글 1,1,96,2025.08.20 14:00:22,https://gall.dcinside.com/mgallery/board/view/?id=goseongjungang&no=2199&page=2
2,2197,[일반],군입대할게,,마루쉑 (223.39) 2025.08.05 11:38:49 스크랩 조회 194 추천 1 댓글 3,1,194,2025.08.05 11:38:49,https://gall.dcinside.com/mgallery/board/view/?id=goseongjungang&no=2197&page=2
2,2196,[일반],에휴 짬찌들,ㅇ - dc official App,비탈 2025.08.02 12:42:05 스크랩 조회 228 추천 1 댓글 2,1,228,2025.08.02 12:42:05,https://gall.dcinside.com/mgallery/board/view/?id=goseongjungang&no=2196&page=2
2,2195,[일반],군대가야지,ㅇ,마루쉑 (211.46) 2025.08.02 11:57:57 스크랩 조회 86 추천 0 댓글 0,0,86,2025.08.02 11:57:57,https://gall.dcinside.com/mgallery/board/view/?id=goseongjungang&no=2195&page=2
2,2193,[일반],학교 축구장,인조잔디냐 모래냐? - dc official App,ㅇㅇ (211.251) 2025.07.28 08:11:29 스크랩 조회 150 추천 0 댓글 1,0,150,2025.07.28 08:11:29,https://gall.dcinside.com/mgallery/board/view/?id=goseongjungang&no=2193&page=2
2,2192,[일반],뭔 시발 글이,20일 넘게 안올라옴 갤망했노 - dc official App,ㅇㅇ (211.251) 2025.07.22 10:09:02 스크랩 조회 138 추천 1 댓글 1,1,138,2025.07.22 10:09:02,https://gall.dcinside.com/mgallery/board/view/?id=goseongjungang&no=2192&page=2
2,2191,[일반],파딱들아,8월달부터 8교시까지 수업한다던데 이거 진짜임? - dc official App,ㅇㅇ (211.251) 2025.07.01 10:12:14 스크랩 조회 139 추천 1 댓글 2,1,139,2025.07.01 10:12:14,https://gall.dcinside.com/mgallery/board/view/?id=goseongjungang&no=2191&page=2
2,2190,[일반],9월에 봅시다,건물 ㅆㅅㅌㅊ라 집중도 잘되고 좋았어서 여기서 9평까지 치기로 했다. 9평땐 2사탐으로 간다 - dc official App,비탈 2025.06.24 22:20:04 스크랩 조회 211 추천 1 댓글 1,1,211,2025.06.24 22:20:04,https://gall.dcinside.com/mgallery/board/view/?id=goseongjungang&no=2190&page=2
2,2189,[일반],.,"<p style=""text-shadow:1px 1px #ff2b2b,-3px -3px #ff2b2b,-6px 6px #c02bff,9px -9px #24ff2b, -12px 12px #0074f0;""><span style=""font-size:72px;""> 고성중앙고 화이팅</span></p> - dc official App",ㅇㅇ (211.251) 2025.06.23 11:41:56 스크랩 조회 101 추천 0 댓글 0,0,101,2025.06.23 11:41:56,https://gall.dcinside.com/mgallery/board/view/?id=goseongjungang&no=2189&page=2
2,2188,[일반],에드워드 노게이트,'노무현'은 살아있다!!! - dc official App,ㅇㅇ (211.251) 2025.06.23 11:24:28 스크랩 조회 107 추천 1 댓글 0,1,107,2025.06.23 11:24:28,https://gall.dcinside.com/mgallery/board/view/?id=goseongjungang&no=2188&page=2
2,2187,[일반],형은 10수생이야,어 98이형이야 물론 고성중앙고는 모르고 서울 중앙고에서 2016년에 첫 수능을 봤어 어 형이아,ㅇㅇ (106.101) 2025.06.20 14:10:51 스크랩 조회 164 추천 0 댓글 1,0,164,2025.06.20 14:10:51,https://gall.dcinside.com/mgallery/board/view/?id=goseongjungang&no=2187&page=2
2,2186,[✅️인증],6평 총평,듸년게이 갱생 게이 그리고 ㅇㅇ? 게이 만나서 반가웠고 본김에 뭐라도 사줬어야 됐는데 못사줘서 아쉽네. 수고했고 남은 고3생활도 화이팅해라 공부할 시간 별로 없었긴 했는데 그래도 결과가 아쉽네.. 국어 전반적으로 쉽긴했는데 어려운 문제 몇개 좀 있더라 매체에 좀 시간 많이 쓴듯 수학 이것도 전반적으로 쉬웠는데 어려운문제 좀 있었고 미적이 좀 어려웠던 듯 22번 풀다가 시간조절을 못해버려서 말렸다. 그래서 미적 별로 못품… 영어 무난 한국사 쉽 세지 지엽좀 있었음 생명 별 생각없이 갔다가 막전위 근수축 꼬라지 보고 운지함 9평땐 이것도 사탐으로 바꿀듯 +) 영어 방송오류는 나 있을때나 지금이나 여전하네 ㅋㅋ 저것때매 한문제 못풀어서 2떳잖아 중앙고 책임져라 ㅡㅡ - dc official App,비탈 2025.06.04 23:33:50 스크랩 조회 536 추천 5 댓글 4,5,536,2025.06.04 23:33:50,https://gall.dcinside.com/mgallery/board/view/?id=goseongjungang&no=2186&page=2
2,2185,[일반],고성중앙고은,2025~2030 찢재명 성님의 대통령 당선을 축하합니다 - dc official App,ㅇㅇ (203.228) 2025.06.04 06:58:55 스크랩 조회 156 추천 0 댓글 0,0,156,2025.06.04 06:58:55,https://gall.dcinside.com/mgallery/board/view/?id=goseongjungang&no=2185&page=2
2,2184,[일반],이재명 정부에서 치는 모의고사는 어떤느낌일까,궁금하네 ㅎㅎ - dc official App,비탈 2025.06.03 20:33:49 스크랩 조회 135 추천 0 댓글 0,0,135,2025.06.03 20:33:49,https://gall.dcinside.com/mgallery/board/view/?id=goseongjungang&no=2184&page=2
2,2183,[일반],학교 건물 철거중인데 저거뭐냐,옥상에 웬 어디로든문이 있노ㄷㄷ - dc official App,듸년 2025.06.03 15:49:40 스크랩 조회 184 추천 0 댓글 0,0,184,2025.06.03 15:49:40,https://gall.dcinside.com/mgallery/board/view/?id=goseongjungang&no=2183&page=2
2,2182,[일반],누가 더 유명함 모드리치 트래비스 스캇,- dc official App,디바 (59.28) 2025.05.29 20:48:04 스크랩 조회 98 추천 0 댓글 0,0,98,2025.05.29 20:48:04,https://gall.dcinside.com/mgallery/board/view/?id=goseongjungang&no=2182&page=2
2,2181,[일반],한자로 알아보는 노짱의 위대함,5.23일 鴞巖에서 雲地하여 세상의 모든 진리를 깨우치고 득도하였다 고로 노짱은 살아있다 - dc official App,ㅇㅇ (211.251) 2025.05.29 09:36:49 스크랩 조회 86 추천 1 댓글 0,1,86,2025.05.29 09:36:49,https://gall.dcinside.com/mgallery/board/view/?id=goseongjungang&no=2181&page=2
2,2180,[일반],담주 학교가서 급식 몰래 훔쳐 먹어야지,장난입니다 선생님들 ㅎㅎ,비탈 2025.05.28 19:22:44 스크랩 조회 217 추천 1 댓글 1,1,217,2025.05.28 19:22:44,https://gall.dcinside.com/mgallery/board/view/?id=goseongjungang&no=2180&page=2
2,2179,[일반],어제 체육대회 등번호 523번은 들어와라,523게이 반갑노ㅋㅋ - dc official App,듸년 2025.05.24 10:28:52 스크랩 조회 222 추천 0 댓글 0,0,222,2025.05.24 10:28:52,https://gall.dcinside.com/mgallery/board/view/?id=goseongjungang&no=2179&page=2
2,2178,[일반],우리 체육대회가 23일인데,그날 중력절이네 중력 강해서 체육대회 취소될듯 - dc official App,ㅇㅇ (211.251) 2025.05.07 09:55:49 스크랩 조회 244 추천 1 댓글 0,1,244,2025.05.07 09:55:49,https://gall.dcinside.com/mgallery/board/view/?id=goseongjungang&no=2178&page=2
2,2172,[일반],갤 활발해졌노,갑자기 글 4개라니 글리젠이 활발하잖아 - dc official App,ㅇㅇ (203.228) 2025.04.25 07:40:35 스크랩 조회 157 추천 0 댓글 0,0,157,2025.04.25 07:40:35,https://gall.dcinside.com/mgallery/board/view/?id=goseongjungang&no=2172&page=2
2,2169,[일반],밑에 애는 뭐하는거임?,진짜 몰라서 그럼 ㅇㅇ - dc official App,ㅇㅇ (223.62) 2025.04.24 21:35:15 스크랩 조회 131 추천 0 댓글 0,0,131,2025.04.24 21:35:15,https://gall.dcinside.com/mgallery/board/view/?id=goseongjungang&no=2169&page=2
2,2166,[일반],갤이 활발해지니 좋구나,ㅈㄱㄴ,ㅇㅇ (211.251) 2025.04.24 11:50:03 스크랩 조회 128 추천 0 댓글 0,0,128,2025.04.24 11:50:03,https://gall.dcinside.com/mgallery/board/view/?id=goseongjungang&no=2166&page=2
2,2157,[일반],주딱 일 안 하노,빨리 걍 갱생한테 넘겨라 - dc official App,ㅇㅇ (211.251) 2025.04.24 11:42:46 스크랩 조회 108 추천 1 댓글 0,1,108,2025.04.24 11:42:46,https://gall.dcinside.com/mgallery/board/view/?id=goseongjungang&no=2157&page=2
2,2154,[일반],누가 더 유명함 호날두 저스틴 비버,- dc official App,디바 (59.28) 2025.04.20 21:36:46 스크랩 조회 145 추천 0 댓글 1,0,145,2025.04.20 21:36:46,https://gall.dcinside.com/mgallery/board/view/?id=goseongjungang&no=2154&page=2
2,2153,[일반],6평 선택과목 조사,참고로 난 세지 생명 침 - dc official App,비탈 2025.04.19 13:02:02 스크랩 조회 155 추천 0 댓글 0,0,155,2025.04.19 13:02:02,https://gall.dcinside.com/mgallery/board/view/?id=goseongjungang&no=2153&page=2
2,2152,[일반],중앙고 갤러리 일동은 오비탈의 2026 약대입시를 응원합니다,고성 최초 메디컬 정시 ㄱㅂㅈ - dc official App,ㅇㅇ (223.38) 2025.04.18 17:43:19 스크랩 조회 263 추천 2 댓글 2,2,263,2025.04.18 17:43:19,https://gall.dcinside.com/mgallery/board/view/?id=goseongjungang&no=2152&page=2
2,2151,[일반],누가 더 유명함 손흥민 BTS,- dc official App,디바 (59.28) 2025.04.13 12:44:59 스크랩 조회 103 추천 0 댓글 0,0,103,2025.04.13 12:44:59,https://gall.dcinside.com/mgallery/board/view/?id=goseongjungang&no=2151&page=2
2,2150,[일반],아니 무슨 6평이 대선 다음날이노,개표 봐야되는데 ㅋㅋㅋ - dc official App,비탈 2025.04.12 19:30:40 스크랩 조회 100 추천 0 댓글 0,0,100,2025.04.12 19:30:40,https://gall.dcinside.com/mgallery/board/view/?id=goseongjungang&no=2150&page=2
2,2149,[일반],오비탈,이번주에 학교 왔다감?,ㅇㅇ (115.143) 2025.04.06 01:31:21 스크랩 조회 156 추천 0 댓글 1,0,156,2025.04.06 01:31:21,https://gall.dcinside.com/mgallery/board/view/?id=goseongjungang&no=2149&page=2
2,2148,[일반],N수생은 모고 어디서 보냐??,이번 수능 함 쳐볼 생각이라 6평 접수하러 갈건데 3학년 교실 옆 남는교실에서 침? - dc official App,비탈 2025.03.29 18:20:41 스크랩 조회 205 추천 0 댓글 1,0,205,2025.03.29 18:20:41,https://gall.dcinside.com/mgallery/board/view/?id=goseongjungang&no=2148&page=2
2,2147,[일반],샤워하려고 옷 벗었는데,그저께 등산하고 오늘 샤워하려고 옷 벗었는데 등에서 진드기련 발견함 무슨 진드기인지 아는게이 있음 댓글좀 - dc official App,듸년 2025.03.28 19:24:48 스크랩 조회 265 추천 0 댓글 1,0,265,2025.03.28 19:24:48,https://gall.dcinside.com/mgallery/board/view/?id=goseongjungang&no=2147&page=2
3,2146,[일반],갤 망한 기념,갤 직접 폭파할려고 올라오신 도모==무현상 - dc official App,ㅇㅇ (203.228) 2025.03.24 21:45:47 스크랩 조회 132 추천 0 댓글 0,0,132,2025.03.24 21:45:47,https://gall.dcinside.com/mgallery/board/view/?id=goseongjungang&no=2146&page=3
3,2145,[일반],부산대 좋다 얘들아 ㅋㅋㅋ 부산대 오셈,욕심나서 반수하긴 했었지만 정말 좋은 대학교다 농어촌 쓰면 생각보단 오기 쉬우니 잘 고려해봐라 -부산대 공대 23학번- +그리고 사탐으로 부산대 공대 되는게 산업공학과 같은 일부 공대만 풀려있고 화공같은 대부분 학과는 막혀있음 참고하셈 - dc official App,비탈 2025.03.22 12:39:19 스크랩 조회 381 추천 4 댓글 2,4,381,2025.03.22 12:39:19,https://gall.dcinside.com/mgallery/board/view/?id=goseongjungang&no=2145&page=3
3,2144,[🖥정보],정시러들 필독)2026 부산대학교 정시모집 변경점,"1.기계공학부 경영학 과 지역인재전형 신설 2025 부산대 정시모집의 경우 지역인재전형은 일부 메디컬과 간호에만 존재했었는데 이번에 추가신설로 부산대의 간판학과인 기공과 문과의 간판학과인 경영학과를 지역인재전형으로 쓸수있게 되었다 지거국은 농어촌모집정원이 거의 없다는걸 감안하고 부산대 기공과 경영인점을 감안한다면 이건 우리지역학생들에게 엄청난 호재라고 볼 수 있다 2. 일부 자연계열 과학탐구영역 필수 응시 해제 및 자연계열 일부 모집단위 정시모집 가산점 부여 사실상 가장 핵심변화 2025 입시에서는 대다수의 대학이 자연계열 지원시 과학탐구영역 필수응시를 해제하면서 대 사탐런의 시대가 열렸지만 서울대와 고려대 및 일부 지거국은 여전히 자연계열 지원시 과학탐구 필수응시라는 조건이 있어 해당대학에 진학하려면 과학탐구영역을 필수로 응시해야했다 하지만 이번에 부산대가 자연계열 지원시 과학탐구영역 필수응시를 해제함으로서 사회탐구영역으로 부산대 일부 자연계열 지원이 가능해진다 개인적인 부산대에 대한 의견 요즘 입시는 인서울 열풍으로 ""지거국은 줘도 안간다"" ""지거국갈바에는 ~~간다"" ""옛날에야 부산대지 요즘 학생들은 국숭세단 간다"" ""부산 경북 입결보니깐 국숭세 한테 따이던데 ㅋㅋ""라는 참 뭐 모르고 하는 말이 보이는데... 안타까울 따름이다 먼저 부산대 경북대의 입결하락은 지거국 특성상 일부학과들의 꼬리입결이 낮아지면서 평균백분위 위주로 거시적으로 보는 입시 입결 특성상 낮아보일수 밖에 없다 물론 부산 경 북 대가 인서울 열풍으로인해 전반적인 입결하락이 존재하지만 이걸가지고 ""국숭세단 부경인아"" 이런 아무 쓸모도 없는 대학 줄세우기를 당하는것과 공대가 국숭세 공대랑 비비는것은 아니라고 본다 두번째로는 대학은 인풋만 보는게 아니라 아웃풋도 좀 봐야한다 사실상 대학가는 목적이 취업인데 부산대의 대표적인 간판학과인 기공과 경북대의 경우 전전은 왠만한 인설공대의 취업률을 씹어먹을 정도의 아웃풋을 배출하고있다 기공과 전전이 아니더라도 부산대와 경북대 공과대학의 경우 지역공기업과 여러 취업연계로 인서울공대 못지않은 좋은 아웃풋을 배출해내고 있다 이러한 점을 고려하면 개인적으로 부산 경북 공대는 중앙 시립 경희라인의 공대랑 비슷한 수준일것 같다 물론 입시에 정답이 없기 에 그리고 본인조차도 입시와 미래에 대해 무지하기 때문에 이것은 개인의 의견에 불과하고 틀린답일수 도 있겠지만 작금의 입시를 앞두고 있는 학생들이 필요없는 대학 줄세우기와 과도한 인서울에 집착하고 있는건 아닌지 살필 필요가 있다 부산대와 경북대 공과대학은 전혀 무시당할 대학이 아니라고 본다 - dc official App",ㅇㅇ (223.38) 2025.03.21 23:48:54 스크랩 조회 2519 추천 8 댓글 0,8,2519,2025.03.21 23:48:54,https://gall.dcinside.com/mgallery/board/view/?id=goseongjungang&no=2144&page=3
3,2143,[일반],갤 망했네,맨유갤도 버리고 가겠다 ㅅㅂ 섭종하자,ㅇㅇ (211.251) 2025.03.18 11:36:12 스크랩 조회 197 추천 0 댓글 7,0,197,2025.03.18 11:36:12,https://gall.dcinside.com/mgallery/board/view/?id=goseongjungang&no=2143&page=3
3,2142,[일반],게이들아 싹싹김치가 뭐노,업진살 살살 녹는다<----이거랑 비슷함? - dc official App,ㅇㅇ (89.187) 2025.03.07 15:12:01 스크랩 조회 202 추천 1 댓글 1,1,202,2025.03.07 15:12:01,https://gall.dcinside.com/mgallery/board/view/?id=goseongjungang&no=2142&page=3
3,2141,[일반],주딱,,ㅇㅇ (218.238) 2025.03.05 19:32:24 스크랩 조회 190 추천 0 댓글 2,0,190,2025.03.05 19:32:24,https://gall.dcinside.com/mgallery/board/view/?id=goseongjungang&no=2141&page=3
3,2140,[일반],1 2학년 중에 디시하는 사람 있긴함?,디시하면 개추박아봐라 - dc official App,듸년 2025.03.04 15:54:51 스크랩 조회 288 추천 2 댓글 3,2,288,2025.03.04 15:54:51,https://gall.dcinside.com/mgallery/board/view/?id=goseongjungang&no=2140&page=3
3,2139,[일반],등교 첫날부터,화장실에서 전담핀 새끼 누구임? - dc official App,ㅇㅇ (211.251) 2025.03.04 11:24:45 스크랩 조회 150 추천 0 댓글 1,0,150,2025.03.04 11:24:45,https://gall.dcinside.com/mgallery/board/view/?id=goseongjungang&no=2139&page=3
3,2138,[일반],주딱 감없네,ㅈㄱㄴ,자빨 (211.235) 2025.03.04 10:29:06 스크랩 조회 110 추천 0 댓글 0,0,110,2025.03.04 10:29:06,https://gall.dcinside.com/mgallery/board/view/?id=goseongjungang&no=2138&page=3
3,2137,[일반],주딱은 갱생게이한테 딱지 넘겨라,근본도 없으면서;,ㅇㅇ (211.235) 2025.03.04 10:28:27 스크랩 조회 106 추천 2 댓글 1,2,106,2025.03.04 10:28:27,https://gall.dcinside.com/mgallery/board/view/?id=goseongjungang&no=2137&page=3
3,2135,[일반],누가 더 유명함,킴 카다시안 호날두 - dc official App,디바 (59.28) 2025.02.26 18:45:48 스크랩 조회 214 추천 1 댓글 1,1,214,2025.02.26 18:45:48,https://gall.dcinside.com/mgallery/board/view/?id=goseongjungang&no=2135&page=3
3,2134,[일반],일주일 뒤면 개학이네,아 - dc official App,듸년 2025.02.25 21:44:46 스크랩 조회 93 추천 0 댓글 0,0,93,2025.02.25 21:44:46,https://gall.dcinside.com/mgallery/board/view/?id=goseongjungang&no=2134&page=3
3,2133,[일반],매년마다 주딱 바꿨지 않았냐,정권교체 언제하냐 팝콘뜯어먹게 - dc official App,ㅇㅇ (223.39) 2025.02.25 00:07:00 스크랩 조회 138 추천 0 댓글 2,0,138,2025.02.25 00:07:00,https://gall.dcinside.com/mgallery/board/view/?id=goseongjungang&no=2133&page=3
3,2132,[일반],노무현,,비탈 2025.02.12 20:33:23 스크랩 조회 286 추천 0 댓글 1,0,286,2025.02.12 20:33:23,https://gall.dcinside.com/mgallery/board/view/?id=goseongjungang&no=2132&page=3
3,2131,[일반],실시간 앙고대전 부활,사라지기전에 즐기자 - dc official App,듸년 2025.02.08 21:49:11 스크랩 조회 274 추천 0 댓글 0,0,274,2025.02.08 21:49:11,https://gall.dcinside.com/mgallery/board/view/?id=goseongjungang&no=2131&page=3
3,2130,[일반],official)2025 고성중앙고등학교,새로운 학교 - dc official App,ㅇㅇ (223.39) 2025.02.05 10:46:40 스크랩 조회 338 추천 4 댓글 4,4,338,2025.02.05 10:46:40,https://gall.dcinside.com/mgallery/board/view/?id=goseongjungang&no=2130&page=3
3,2123,[🖥정보],업뎃)2025 앙고 철고 고고 수시 입결,중앙고 철고 고고 이번입결은 앙고>철고>고고 순인거 같네요 예비고1분들은 참고하시길 바랍니다,ㅇㅇ (223.39) 2025.01.15 22:42:25 스크랩 조회 678 추천 8 댓글 6,8,678,2025.01.15 22:42:25,https://gall.dcinside.com/mgallery/board/view/?id=goseongjungang&no=2123&page=3
3,2122,[일반],잠깐만,"중앙고,04,서울대..??? 흠",ㅇㅇ (106.101) 2025.01.10 19:25:13 스크랩 조회 338 추천 8 댓글 1,8,338,2025.01.10 19:25:13,https://gall.dcinside.com/mgallery/board/view/?id=goseongjungang&no=2122&page=3
3,2121,[일반],주딱은 졸업하는데 뭐 안함?,도게자나 그랜절이나 박아라 이기야 - dc official App,ㅇㅇ (212.102) 2025.01.09 10:53:04 스크랩 조회 171 추천 0 댓글 1,0,171,2025.01.09 10:53:04,https://gall.dcinside.com/mgallery/board/view/?id=goseongjungang&no=2121&page=3
3,2120,[일반],앙붕이들 졸업 축하합니다,어디서든 행복하시길,지리산 2025.01.08 14:40:05 스크랩 조회 195 추천 3 댓글 1,3,195,2025.01.08 14:40:05,https://gall.dcinside.com/mgallery/board/view/?id=goseongjungang&no=2120&page=3
3,2119,[일반],지리산 게이야,졸업식 축사 본인임?? - dc official App,듸년 2025.01.08 13:21:56 스크랩 조회 213 추천 0 댓글 1,0,213,2025.01.08 13:21:56,https://gall.dcinside.com/mgallery/board/view/?id=goseongjungang&no=2119&page=3
3,2118,[일반],듸년게이야 봐라,어제 센터에서 춤추는거 잘봣노 예술점수 10점만점에 2점이다 이기야 - dc official App,ㅇㅇ (118.39) 2025.01.07 16:48:15 스크랩 조회 260 추천 11 댓글 1,11,260,2025.01.07 16:48:15,https://gall.dcinside.com/mgallery/board/view/?id=goseongjungang&no=2118&page=3
3,2117,[일반],실시간 안개 ㅈ된다,- dc official App,듸년 2025.01.06 08:18:52 스크랩 조회 173 추천 1 댓글 1,1,173,2025.01.06 08:18:52,https://gall.dcinside.com/mgallery/board/view/?id=goseongjungang&no=2117&page=3
3,2116,[일반],입시 망하면 공군가라고 조언해주고 싶었는데,이젠 가고싶어도 못가네요… 아쉽게 됐습니다 새해복 많이받아라 *지리산도 공군 떨어지고 육군감 - dc official App,오비탈 2025.01.01 17:38:58 스크랩 조회 181 추천 1 댓글 0,1,181,2025.01.01 17:38:58,https://gall.dcinside.com/mgallery/board/view/?id=goseongjungang&no=2116&page=3
3,2115,[일반],새해복많이받으세요,수능파이팅,지리산 2025.01.01 16:00:12 스크랩 조회 88 추천 0 댓글 0,0,88,2025.01.01 16:00:12,https://gall.dcinside.com/mgallery/board/view/?id=goseongjungang&no=2115&page=3
3,2114,[일반],새해 복 많이 받아라,중앙고갤러리 파이팅,중앙고갤러리 2025.01.01 11:30:21 스크랩 조회 85 추천 1 댓글 0,1,85,2025.01.01 11:30:21,https://gall.dcinside.com/mgallery/board/view/?id=goseongjungang&no=2114&page=3
3,2113,[일반],앙붕이들 새해 복 많이 받아라,ㅈㄱㄴ - dc official App,듸년 2025.01.01 01:24:04 스크랩 조회 116 추천 2 댓글 1,2,116,2025.01.01 01:24:04,https://gall.dcinside.com/mgallery/board/view/?id=goseongjungang&no=2113&page=3
3,2112,[일반],새해 복 많이 받아라,"영역전개(領域展開), 복많이주자(福萬利廚子) 슼햄도 응원한다 07수능 - dc official App",ㅇㅇ (223.39) 2025.01.01 00:05:22 스크랩 조회 62 추천 0 댓글 0,0,62,2025.01.01 00:05:22,https://gall.dcinside.com/mgallery/board/view/?id=goseongjungang&no=2112&page=3
3,2111,[일반],봇치더락이 표절인 이유,이젠 응디더락 - dc official App,ㅇㅇ (211.251) 2024.12.31 15:37:07 스크랩 조회 106 추천 1 댓글 0,1,106,2024.12.31 15:37:07,https://gall.dcinside.com/mgallery/board/view/?id=goseongjungang&no=2111&page=3
3,2110,[일반],내일 축젠데,축제 미뤄지려나? 흠.. - dc official App,듸년 2024.12.30 09:50:59 스크랩 조회 113 추천 0 댓글 0,0,113,2024.12.30 09:50:59,https://gall.dcinside.com/mgallery/board/view/?id=goseongjungang&no=2110&page=3
3,2109,[🎵지듣노],12월 30일에 지듣노,https://www.youtube.com/watch?v=PDa8KlZDAFA https://www.youtube.com/watch?v=Dca9gJyjoAg 윤동주 시인님의 생신 - dc official App,ㅇㅇ (211.251) 2024.12.30 08:26:49 스크랩 조회 71 추천 0 댓글 0,0,71,2024.12.30 08:26:49,https://gall.dcinside.com/mgallery/board/view/?id=goseongjungang&no=2109&page=3
3,2108,[일반],주딱 학교축제때 뭐함?,정안되면 운지시티나 틀고 춤춰라 - dc official App,ㅇㅇ (211.251) 2024.12.16 15:29:05 스크랩 조회 192 추천 1 댓글 2,1,192,2024.12.16 15:29:05,https://gall.dcinside.com/mgallery/board/view/?id=goseongjungang&no=2108&page=3
3,2105,[🎵지듣노],지듣노 추천한다 이기야,https://www.youtube.com/watch?v=3r9JJw9Q2YA MC무현 - 우흥으로 들었소 (풍문으로 들었소) MC무현 - 우흥으로 들었소그의 파란만장했던 젊은시절을 함께 느껴볼 수 있는 곡이다INTRO)마 마! 맽기놔라 고마새끼 이거 어른되더만 이거 임마 소리까지 나오네왜 구박을 주는지요?그 여사장(건지ㅎ)이 니 좆집이가뭐? 왜이리 시끄럽노? 조용히 합시다불 함 붙이봐라보시오! 너 몇살이... www.youtube.com 딱 좋지않노? - dc official App,ㅇㅇ (211.251) 2024.12.06 12:24:48 스크랩 조회 201 추천 1 댓글 3,1,201,2024.12.06 12:24:48,https://gall.dcinside.com/mgallery/board/view/?id=goseongjungang&no=2105&page=3
3,2104,[일반],윤카 개 씨발 ㅋㅋㅋ,,지리산 2024.12.03 23:30:01 스크랩 조회 305 추천 2 댓글 2,2,305,2024.12.03 23:30:01,https://gall.dcinside.com/mgallery/board/view/?id=goseongjungang&no=2104&page=3
3,2103,[일반],군대,지리산군대갔냐,ㅇㅇ (211.193) 2024.11.28 22:26:41 스크랩 조회 155 추천 0 댓글 1,0,155,2024.11.28 22:26:41,https://gall.dcinside.com/mgallery/board/view/?id=goseongjungang&no=2103&page=3
3,2102,[일반],공무원 준비하는 앙붕아,ㅎㅇㅌ - dc official App,듸년 2024.11.28 21:28:40 스크랩 조회 170 추천 0 댓글 1,0,170,2024.11.28 21:28:40,https://gall.dcinside.com/mgallery/board/view/?id=goseongjungang&no=2102&page=3
3,2100,[일반],전역하면 26학번 07년생 여붕이를,볼 수 있겠군아. - dc official App,오비탈 2024.11.23 13:25:59 스크랩 조회 349 추천 0 댓글 1,0,349,2024.11.23 13:25:59,https://gall.dcinside.com/mgallery/board/view/?id=goseongjungang&no=2100&page=3
3,2099,[일반],주딱,넘겨라 - dc official App,ㅇㅇ (125.184) 2024.11.23 00:12:29 스크랩 조회 164 추천 8 댓글 1,8,164,2024.11.23 00:12:29,https://gall.dcinside.com/mgallery/board/view/?id=goseongjungang&no=2099&page=3
3,2098,[일반],복구,마지막 일주일 밑에 달린 댓글이 삭제되서 그거 복구가능함?,ㅇㅇ (211.193) 2024.11.21 19:48:27 스크랩 조회 398 추천 13 댓글 5,13,398,2024.11.21 19:48:27,https://gall.dcinside.com/mgallery/board/view/?id=goseongjungang&no=2098&page=3
3,2097,[일반],?,게시물 글 누가 삭제하는거임?,ㅇㅇ (211.193) 2024.11.21 19:37:57 스크랩 조회 91 추천 0 댓글 0,0,91,2024.11.21 19:37:57,https://gall.dcinside.com/mgallery/board/view/?id=goseongjungang&no=2097&page=3
3,2096,[💩똥글],헤드폰샀음,이쁘죠,중앙고갤러리 2024.11.16 16:19:40 스크랩 조회 202 추천 0 댓글 1,0,202,2024.11.16 16:19:40,https://gall.dcinside.com/mgallery/board/view/?id=goseongjungang&no=2096&page=3
3,2095,[일반],게이들아 좆됐다 걍 공군 포기해라,이걸 처음부터 준비해서 간다? 그냥 미친놈이맞다,지리산 2024.11.15 13:22:40 스크랩 조회 228 추천 0 댓글 0,0,228,2024.11.15 13:22:40,https://gall.dcinside.com/mgallery/board/view/?id=goseongjungang&no=2095&page=3
3,2094,[일반],최저 맞추기 개힘들겠다,수고가 많다 - dc official App,오비탈 2024.11.14 23:37:45 스크랩 조회 196 추천 2 댓글 0,2,196,2024.11.14 23:37:45,https://gall.dcinside.com/mgallery/board/view/?id=goseongjungang&no=2094&page=3
3,2091,[일반],오늘 마지막으로 정리하시고 파이팅입니다,빠진 구멍 잘 메우시길 바랍니다 내일 기적이 아닌 무탈을 기도합니다,지리산 2024.11.13 10:59:24 스크랩 조회 180 추천 4 댓글 3,4,180,2024.11.13 10:59:24,https://gall.dcinside.com/mgallery/board/view/?id=goseongjungang&no=2091&page=3
3,2089,[일반],선물해준대서 신청했는데 무슨 이딴걸 주냐,ㅂㅅ,지리산 (211.235) 2024.11.04 14:18:14 스크랩 조회 209 추천 0 댓글 2,0,209,2024.11.04 14:18:14,https://gall.dcinside.com/mgallery/board/view/?id=goseongjungang&no=2089&page=3
3,2088,[일반],그냥 스티커 샀다,난 분면 허접하다 말했다 불만없제,지리산 2024.10.31 17:51:10 스크랩 조회 151 추천 1 댓글 0,1,151,2024.10.31 17:51:10,https://gall.dcinside.com/mgallery/board/view/?id=goseongjungang&no=2088&page=3
3,2087,[일반],[ 이벤트 ] 수능기념 서울대 기념품 선물이벤트,오랜만입니다 매일 갤 눈팅중인데 사람이 없네요 수능이 얼마 안남아서 그런가? 그래서 준비한 수능 이벤트 대충 이런 서울대 기념품 사서 선물해줄 생각임 일단 이번 주말이나 다음주 월요일에 전달하기로 계획 세워놨음 나도 돈 없어서 큰 기대는 ㄴㄴ https://forms.gle/cEMAQPWyxHr1gvhY7 여기 구글폼 만들어 놨으니까 받고싶은사람은 작성하셈 문제는 시간이 별로 없음 기념품 학관에서 사야하는데 제가 금요일날 수업끝나고 바로 버스타고 집가서요 그래서 내일 18시까지 신청받겠습니다 진짜 라스트는 금요일 정오긴 한데 그건 진짜 시간 촉박한지라 못줄수있음 이거 본 앙붕이들은 주변에 홍보 ㄱㄱ혓 예상질문) 뭘 믿고 너같은 병신한테 연락처를 주나요? 답변) 그래서 오픈채팅으로도 받을거임 다만 따로 확인 필요함 학생증 인증이라든지 앙붕이들 수능 파이팅하십쇼,지리산 2024.10.30 15:48:22 스크랩 조회 386 추천 0 댓글 5,0,386,2024.10.30 15:48:22,https://gall.dcinside.com/mgallery/board/view/?id=goseongjungang&no=2087&page=3
3,2086,[일반],좃같은 놈들아,과제 탐구하는데 이거좀 해줘잉 https://docs.google.com/forms/d/e/1FAIpQLSf7e0jy0BSvPXLmdZWQUGIIUgARQTT2UIz_vAZyNJYiUpK6Wg/viewform?vc=0&c=0&w=1&flr=0 - dc official App,ㅇㅇ (211.251) 2024.10.25 15:06:50 스크랩 조회 174 추천 2 댓글 1,2,174,2024.10.25 15:06:50,https://gall.dcinside.com/mgallery/board/view/?id=goseongjungang&no=2086&page=3
3,2085,[일반],ㅂㅅ들 수능 다 망해라,- dc official App,마루쉨 2024.10.23 22:10:40 스크랩 조회 218 추천 1 댓글 1,1,218,2024.10.23 22:10:40,https://gall.dcinside.com/mgallery/board/view/?id=goseongjungang&no=2085&page=3
3,2083,[❓️질문],지리산 게이야,설대 학교장추천 못받으면 많이 힘드냐?,ㅇㅇ (115.140) 2024.10.21 23:32:49 스크랩 조회 210 추천 1 댓글 2,1,210,2024.10.21 23:32:49,https://gall.dcinside.com/mgallery/board/view/?id=goseongjungang&no=2083&page=3
4,2082,[일반],정모,오늘 점심시간 중앙계단에서 정모 드간다 달 필참해라 - dc official App,ㅇㅇ (223.39) 2024.10.21 07:28:46 스크랩 조회 102 추천 0 댓글 0,0,102,2024.10.21 07:28:46,https://gall.dcinside.com/mgallery/board/view/?id=goseongjungang&no=2082&page=4
4,2081,[❓️질문],ㅠ,확통 심화탐구 주제 ㅊㅊ좀,ㅇㅇ (112.151) 2024.10.19 13:43:23 스크랩 조회 117 추천 0 댓글 1,0,117,2024.10.19 13:43:23,https://gall.dcinside.com/mgallery/board/view/?id=goseongjungang&no=2081&page=4
4,2080,[일반],10모 쉬웠다매 수능 불지옥 이겠노 ㅋㅋ,잘가라 ㅋㅋ(대학잘가란뜻),지리산 2024.10.16 14:53:13 스크랩 조회 177 추천 0 댓글 1,0,177,2024.10.16 14:53:13,https://gall.dcinside.com/mgallery/board/view/?id=goseongjungang&no=2080&page=4
4,2079,[🎵지듣노],모두 잠수 준비!,https://www.youtube.com/watch?v=5AOCG14uAlY 네 선장님! 잘 안들려요우 네 선장님! 오우 깊은 저 음지속 버육수들 네모바지 퐁퐁남 파오후 얼굴에 돼지 채형 느그 친구 도살자행 육수도 씹덕도 모두 친구 네모바지 응우옌 혐오와 경멸이 버글버글 친구 없는 찐따남도 네모바지 응우옌도 육수 펄펄 버육수도 느그 친구 씹덕들도 운지하자 모두다 - dc official App,ㅇㅇ (211.251) 2024.10.14 15:08:59 스크랩 조회 177 추천 2 댓글 2,2,177,2024.10.14 15:08:59,https://gall.dcinside.com/mgallery/board/view/?id=goseongjungang&no=2079&page=4
4,2078,[💩똥글],어떻게 사람이름이,사업 번창 확정이노 ㅊㅊ - dc official App,듸년 2024.10.13 23:58:33 스크랩 조회 170 추천 1 댓글 0,1,170,2024.10.13 23:58:33,https://gall.dcinside.com/mgallery/board/view/?id=goseongjungang&no=2078&page=4
4,2077,[일반],솔직히 갤이 흥했던 이유,시험기간 이여서 ㅇㅇ - dc official App,ㅇㅇ (125.184) 2024.10.11 22:49:19 스크랩 조회 199 추천 0 댓글 1,0,199,2024.10.11 22:49:19,https://gall.dcinside.com/mgallery/board/view/?id=goseongjungang&no=2077&page=4
4,2076,[일반],현 주딱은 갱생게이한테 주딱을 넘겨라,ㅈㄱㄴ,ㅇㅇ (211.251) 2024.10.11 11:39:51 스크랩 조회 125 추천 2 댓글 2,2,125,2024.10.11 11:39:51,https://gall.dcinside.com/mgallery/board/view/?id=goseongjungang&no=2076&page=4
4,2075,[일반],학교 복도에서 딸 치던놈아,다음부턴 하지 말자 이름은 말 안 할게 - dc official App,ㅇㅇ (223.39) 2024.10.08 17:14:27 스크랩 조회 363 추천 6 댓글 5,6,363,2024.10.08 17:14:27,https://gall.dcinside.com/mgallery/board/view/?id=goseongjungang&no=2075&page=4
4,2074,[❓️질문],왜 고등학교는 필수교육이 아닌데 도움반이 존재하는가,히틀러 그는 어디까지 보고 계셨던겁니까 - dc official App,ㅇㅇ (211.251) 2024.10.08 10:24:41 스크랩 조회 203 추천 0 댓글 1,0,203,2024.10.08 10:24:41,https://gall.dcinside.com/mgallery/board/view/?id=goseongjungang&no=2074&page=4
4,2073,[❓️질문],무슨사이임?,- dc official App,듸년 2024.10.06 22:20:20 스크랩 조회 247 추천 0 댓글 2,0,247,2024.10.06 22:20:20,https://gall.dcinside.com/mgallery/board/view/?id=goseongjungang&no=2073&page=4
4,2072,[일반],호이4 dlc 소식 떴다,https://youtu.be/X35yPqws-vk?si=2coteldjV_5tTOWD Hearts of Iron IV: Götterdämmerung | Official Announcement Trailer Hearts of Iron IV: Götterdämmerung - Buy now! https://pdxint.at/EP1StoreExplore new alternate histories and geopolitical options for the key player in World ... youtu.be 세계지리 선택자가 반드시 해야하는 게임입니다 감사합니다,지리산 2024.10.06 08:49:34 스크랩 조회 124 추천 1 댓글 0,1,124,2024.10.06 08:49:34,https://gall.dcinside.com/mgallery/board/view/?id=goseongjungang&no=2072&page=4
4,2071,[일반],"9평, 중간 다 좇박은 앙붕이들은 개추 함 박아볼까???",ㅋㅋㅋㅋㅋㅋㅋㅋㅋㅋㅋㅋㅋ - dc official App,오비탈 2024.10.02 19:40:39 스크랩 조회 245 추천 6 댓글 0,6,245,2024.10.02 19:40:39,https://gall.dcinside.com/mgallery/board/view/?id=goseongjungang&no=2071&page=4
4,2070,[일반],시험 날짜,왜 금 월 수요일이냐 한번에 몰아서 하지 이게 뭐람 - dc official App,듸년 2024.09.28 00:07:24 스크랩 조회 156 추천 1 댓글 1,1,156,2024.09.28 00:07:24,https://gall.dcinside.com/mgallery/board/view/?id=goseongjungang&no=2070&page=4
4,2069,[일반],실시간 이거 뭐냐,당당하노 - dc official App,듸년 2024.09.26 11:42:22 스크랩 조회 268 추천 0 댓글 2,0,268,2024.09.26 11:42:22,https://gall.dcinside.com/mgallery/board/view/?id=goseongjungang&no=2069&page=4
4,2068,[일반],나는 ㅂㅅ입니다,운지마렵노 이기 - dc official App,ㅇㅇ (211.251) 2024.09.25 11:39:02 스크랩 조회 157 추천 1 댓글 1,1,157,2024.09.25 11:39:02,https://gall.dcinside.com/mgallery/board/view/?id=goseongjungang&no=2068&page=4
4,2067,[일반],대회참여합니다,이정도면 주시는거 맞나요,마루쉑 (203.248) 2024.09.24 09:29:10 스크랩 조회 191 추천 0 댓글 3,0,191,2024.09.24 09:29:10,https://gall.dcinside.com/mgallery/board/view/?id=goseongjungang&no=2067&page=4
4,2066,[일반],[대회]주딱을 잡아라!,주딱 잡아서 사진 올리면 싸벅 세트 줌 - dc official App,ㅇㅇ (211.251) 2024.09.23 13:05:31 스크랩 조회 196 추천 1 댓글 5,1,196,2024.09.23 13:05:31,https://gall.dcinside.com/mgallery/board/view/?id=goseongjungang&no=2066&page=4
4,2065,[🖥정보],고2 학습지,고2 학습지 비문학 2024 수능 2개 2024 2025 수특에 2개 지문 있다 공부 할 게이들은 참고 하고 다들 열공 라도 가서 먹은 비빔밥 - dc official App,ㅇㅇ (115.92) 2024.09.21 22:44:27 스크랩 조회 237 추천 1 댓글 2,1,237,2024.09.21 22:44:27,https://gall.dcinside.com/mgallery/board/view/?id=goseongjungang&no=2065&page=4
4,2064,[일반],비,너무 많이 오는데 다들 무사하신지 - dc official App,듸년 2024.09.21 16:11:19 스크랩 조회 134 추천 0 댓글 1,0,134,2024.09.21 16:11:19,https://gall.dcinside.com/mgallery/board/view/?id=goseongjungang&no=2064&page=4
4,2063,[일반],고1 학교생활 망한듯?,"금요일 6,7교시 다들 영상안보고 폰하길래 나도 하는중인데 담임 갑자기 와서 나만 폰 압수해감 이거 쌤한태 찍힌거임? 술,담배 안해서 호감생길일 없는데 도대체 왜 나한태만 이러냐;;",앙붕쯔 (203.228) 2024.09.21 12:58:28 스크랩 조회 243 추천 1 댓글 1,1,243,2024.09.21 12:58:28,https://gall.dcinside.com/mgallery/board/view/?id=goseongjungang&no=2063&page=4
4,2062,[❓️질문],취미,게이들은 취미가 뭐냐? - dc official App,ㅇㅇ (125.184) 2024.09.20 20:12:00 스크랩 조회 150 추천 0 댓글 7,0,150,2024.09.20 20:12:00,https://gall.dcinside.com/mgallery/board/view/?id=goseongjungang&no=2062&page=4
4,2061,[일반],지2 폐강됨,바로 시발 정상화 니미럴 - dc official App,ㅇㅇ (211.251) 2024.09.20 10:37:07 스크랩 조회 183 추천 0 댓글 4,0,183,2024.09.20 10:37:07,https://gall.dcinside.com/mgallery/board/view/?id=goseongjungang&no=2061&page=4
4,2060,[일반],아이 시발 쫌,본관 2층 화장실 썼으면 물 내려라 뭔 ㅅㅂ 나이를 그렇게 처먹고 물 내리는 법 모름? - dc official App,ㅇㅇ (211.251) 2024.09.19 12:21:14 스크랩 조회 173 추천 5 댓글 1,5,173,2024.09.19 12:21:14,https://gall.dcinside.com/mgallery/board/view/?id=goseongjungang&no=2060&page=4
4,2058,[일반],..,릴스보다 찔림,ㅇㅇ (118.235) 2024.09.17 14:29:42 스크랩 조회 154 추천 0 댓글 1,0,154,2024.09.17 14:29:42,https://gall.dcinside.com/mgallery/board/view/?id=goseongjungang&no=2058&page=4
4,2057,[일반],[대회] 열음 많은 참가부탁,요즘 앙고갤이 흥해서 기분이 기모찌 하므로 중요한 2학기가 헛되이 지나지않게 대회열음 대회신청은 2차고사 성적 아님 모의고사 채점 올리면됨 보상은 싸벅 세트 Q1. 디씨에 올리는게 쪽팔린다 게이야 A. 그럼 올리지말고 싸벅 바라지마라 Q. 이미 현역아닌 졸업생이나 재수도 참가 가능? A. ㄴㄴ 평가는 최우수상 (성적 우수) 싸벅세트 게이평균상 (성적 최하) 싸벅 단품 777상 (모든등급 7) 생각중 댓글로 추천 더욱 활발한 디시 중앙고 됩시다 ㅡ노무틀러ㅡ - dc official App,ㅇㅇ (223.39) 2024.09.16 22:46:51 스크랩 조회 279 추천 7 댓글 5,7,279,2024.09.16 22:46:51,https://gall.dcinside.com/mgallery/board/view/?id=goseongjungang&no=2057&page=4
4,2056,[일반],중앙고 게이들은 들어라,내 가방좀 들어다오.,48385 2024.09.16 01:41:35 스크랩 조회 160 추천 0 댓글 0,0,160,2024.09.16 01:41:35,https://gall.dcinside.com/mgallery/board/view/?id=goseongjungang&no=2056&page=4
4,2054,[💩똥글],학생이 뭔 공부여,연휴엔 놀아라 햄 이렇게 계속하면 실버 ㄱㄴ?,마루쉑 (211.235) 2024.09.15 22:33:07 스크랩 조회 164 추천 0 댓글 1,0,164,2024.09.15 22:33:07,https://gall.dcinside.com/mgallery/board/view/?id=goseongjungang&no=2054&page=4
4,2052,[일반],즐추,게이들아 추석 잘 보내고 있나? 난 오늘 시골 다녀옴 40만원 받았다 개꿀 12일 남았으니까 다들 힘내자 - dc official App,ㅇㅇ (125.184) 2024.09.15 20:30:28 스크랩 조회 83 추천 0 댓글 0,0,83,2024.09.15 20:30:28,https://gall.dcinside.com/mgallery/board/view/?id=goseongjungang&no=2052&page=4
4,2050,[❓️질문],d-13,다 찍먹은 했음 개념정도는 다 잡았다 3일 정도 개념 더 돌리다 문제 존나 풀면 되냐 서울대년아 빨리 답 좀 해줘라 - dc official App,ㅇㅇ (115.92) 2024.09.14 21:22:28 스크랩 조회 170 추천 1 댓글 12,1,170,2024.09.14 21:22:28,https://gall.dcinside.com/mgallery/board/view/?id=goseongjungang&no=2050&page=4
4,2048,[💩똥글],소신발언,ㅇ,마루쉑 (211.46) 2024.09.14 19:54:02 스크랩 조회 176 추천 0 댓글 2,0,176,2024.09.14 19:54:02,https://gall.dcinside.com/mgallery/board/view/?id=goseongjungang&no=2048&page=4
4,2047,[일반],ㅅㅂ 놀래라,^한남^ ㅇㅈㄹ - dc official App,ㅇㅇ (203.228) 2024.09.14 13:31:43 스크랩 조회 151 추천 1 댓글 3,1,151,2024.09.14 13:31:43,https://gall.dcinside.com/mgallery/board/view/?id=goseongjungang&no=2047&page=4
4,2046,[일반],디씨 좆같아하는건 알겠는데 앙대전 말 좀 심하네,학교 격? 명문고라고 불리는곳은 다 디씨 존나 활성화돼있다 ㅉ. 그리고 솔직히 여기보다 저 인스타가 인신공격같은건 더 심한거같은데 저격할 그게 되나,지리산 2024.09.14 01:53:49 스크랩 조회 448 추천 8 댓글 6,8,448,2024.09.14 01:53:49,https://gall.dcinside.com/mgallery/board/view/?id=goseongjungang&no=2046&page=4
4,2045,[❓️질문],시발..,생명 내신 인강 추천 박아라 앙갤 04년생 늙다리 들아,앙기모띠 (118.35) 2024.09.13 23:16:50 스크랩 조회 188 추천 0 댓글 5,0,188,2024.09.13 23:16:50,https://gall.dcinside.com/mgallery/board/view/?id=goseongjungang&no=2045&page=4
4,2044,[❓️질문],마루쉨...과 오비탈 보고 있다면 수학공부법을 알려다오..,현역때 무슨 컨텐츠 했는지 재수때 무슨 컨텐츠 했는지 재수 수학백분위는 어떻게 되는지 알려다오...,ㅇㅇ (223.39) 2024.09.13 19:32:21 스크랩 조회 192 추천 2 댓글 6,2,192,2024.09.13 19:32:21,https://gall.dcinside.com/mgallery/board/view/?id=goseongjungang&no=2044&page=4
4,2043,[일반],갤이 다시 활발해져서 좋구나,역시 앙고 역사상 GOAT 세대 07답네 ㅇㅇ - dc official App,오비탈 2024.09.13 18:40:49 스크랩 조회 198 추천 6 댓글 2,6,198,2024.09.13 18:40:49,https://gall.dcinside.com/mgallery/board/view/?id=goseongjungang&no=2043&page=4
4,2041,[일반],내 앞에서 누가,앙고갤 보고있네 꺼라 게이야 - dc official App,ㅇㅇ (211.251) 2024.09.13 11:08:02 스크랩 조회 153 추천 0 댓글 5,0,153,2024.09.13 11:08:02,https://gall.dcinside.com/mgallery/board/view/?id=goseongjungang&no=2041&page=4
4,2040,[❓️질문],듸년아 방과후에 몰래 했으면 되는거아니냐?,ㅈㄱㄴ,ㅇㅇ (125.135) 2024.09.13 01:03:53 스크랩 조회 195 추천 0 댓글 4,0,195,2024.09.13 01:03:53,https://gall.dcinside.com/mgallery/board/view/?id=goseongjungang&no=2040&page=4
4,2039,[일반],곧 있음 추석인데,홍삼이나 사들고 부모님 반응이나 볼까 갑자기 홍삼이 사고싶어졌다 오랜 생각이다 - dc official App,ㅇㅇ (211.251) 2024.09.12 17:11:24 스크랩 조회 123 추천 2 댓글 3,2,123,2024.09.12 17:11:24,https://gall.dcinside.com/mgallery/board/view/?id=goseongjungang&no=2039&page=4
4,2038,[💩똥글],지리산 게이의 천/왕/봉을 보고 싶구나..,오랜 생각이다.,중앙고갤러리 2024.09.12 17:07:28 스크랩 조회 126 추천 0 댓글 1,0,126,2024.09.12 17:07:28,https://gall.dcinside.com/mgallery/board/view/?id=goseongjungang&no=2038&page=4
4,2037,[🖥정보],부산대학교 22년 취업현황 링크(금정구 갤러리),https://m.dcinside.com/board/rmawjdrn/124840 링크 타고 들어가셈 아래는 부산대학교 대기계공학부 취업현황,지리산 2024.09.12 17:02:07 스크랩 조회 179 추천 2 댓글 0,2,179,2024.09.12 17:02:07,https://gall.dcinside.com/mgallery/board/view/?id=goseongjungang&no=2037&page=4
4,2034,[일반],한 마디 할게요,나 1학년인데 걍 여기 글 쓰는거도 웃기고 홍보하러 다니는 것도 웃김 꼬우면 봉하고 5반 23번 다이뜨자 - dc official App,ㅇㅇ (211.251) 2024.09.11 23:31:06 스크랩 조회 134 추천 0 댓글 0,0,134,2024.09.11 23:31:06,https://gall.dcinside.com/mgallery/board/view/?id=goseongjungang&no=2034&page=4
4,2033,[일반],왜이리 습하냐,가을맞음?? - dc official App,듸년 2024.09.11 22:41:53 스크랩 조회 93 추천 1 댓글 0,1,93,2024.09.11 22:41:53,https://gall.dcinside.com/mgallery/board/view/?id=goseongjungang&no=2033&page=4
4,2032,[일반],지리산 모습 공개 (존나큼),ㄹㅇ,ㅇㅇ (211.234) 2024.09.11 20:24:32 스크랩 조회 176 추천 2 댓글 1,2,176,2024.09.11 20:24:32,https://gall.dcinside.com/mgallery/board/view/?id=goseongjungang&no=2032&page=4
4,2031,[일반],나 2학년 3반 7번인데,내일 학교 째고싶다,ㅇㅇ (58.228) 2024.09.11 20:00:15 스크랩 조회 166 추천 0 댓글 0,0,166,2024.09.11 20:00:15,https://gall.dcinside.com/mgallery/board/view/?id=goseongjungang&no=2031&page=4
4,2028,[일반],듸년 내 옆에 있음,아주 병신임 - dc official App,ㅇㅇ (223.39) 2024.09.11 12:59:53 스크랩 조회 164 추천 2 댓글 3,2,164,2024.09.11 12:59:53,https://gall.dcinside.com/mgallery/board/view/?id=goseongjungang&no=2028&page=4
4,2027,[일반],오비탈 면상공개,.,ㅇㅇ (211.251) 2024.09.11 12:23:15 스크랩 조회 298 추천 6 댓글 1,6,298,2024.09.11 12:23:15,https://gall.dcinside.com/mgallery/board/view/?id=goseongjungang&no=2027&page=4
4,2026,[일반],듸년아 고생이 많다,나중에 기회되면 디씨의 재화인 싸벅을 주마 지금은 돈쓸때 많아서 못주겠다 - dc official App,ㅇㅇ (211.251) 2024.09.11 09:35:44 스크랩 조회 118 추천 1 댓글 0,1,118,2024.09.11 09:35:44,https://gall.dcinside.com/mgallery/board/view/?id=goseongjungang&no=2026&page=4
4,2025,[일반],신상 좀 까이면 어떠냐 교무실에 안끌려가면 됐지,어 형은 학년부장 선생님하고 담임선생님하고 2:1로 면담했어 요즘은 안그럴거같긴한데 혹시 이거때문에 담임이 부르면 파딱중 아무나한테 주딱 넘기셈 ㅋㅋ 난 학교 전체에 내가 지리산인거 모르는 사람 없었을건데 별 타격 없더라 신상 좀 까여서 욕먹는다고 너무 안쫄아있어도 된다 악플러들이 제일 문제임 ㅇㅇ,지리산 2024.09.11 09:27:56 스크랩 조회 252 추천 5 댓글 5,5,252,2024.09.11 09:27:56,https://gall.dcinside.com/mgallery/board/view/?id=goseongjungang&no=2025&page=4
4,2023,[일반],1학년들에게..,후.. 디씨 홍보가 뭐 어째???야이 ㅅㄲ들아 이 글부터 보고 와라 하.. 1학년이 ㅈㄴ 빠졌네 내 밑으로 집합.,ㅇㅇ (112.151) 2024.09.11 00:45:40 스크랩 조회 353 추천 6 댓글 2,6,353,2024.09.11 00:45:40,https://gall.dcinside.com/mgallery/board/view/?id=goseongjungang&no=2023&page=4
4,2022,[일반],ㅅㄱ해라,주딱 특정 된거냐? 소문 돌겠노 ㅋㅋ - dc official App,ㅇㅇ (223.39) 2024.09.11 00:25:49 스크랩 조회 120 추천 0 댓글 1,0,120,2024.09.11 00:25:49,https://gall.dcinside.com/mgallery/board/view/?id=goseongjungang&no=2022&page=4
5,2021,[일반],22년 글들 보면 알겠지만 그땐 앙갤 ㄹㅇ 유익했음...,지금의 앙갤도 정보 주고받는 유익한 공간이 되면 좋겠군아,지리산 2024.09.11 00:08:50 스크랩 조회 157 추천 2 댓글 0,2,157,2024.09.11 00:08:50,https://gall.dcinside.com/mgallery/board/view/?id=goseongjungang&no=2021&page=5
5,2020,[일반],솔직하게,18살먹고 1학년층 돌면서 디시홍보하는게 당당한건 아니잖음 ㅋㅋㅋ  그렇게 홍보하고싶으면 회장 부회장 나가서 홍보하던지,1학년 (211.176) 2024.09.10 23:50:38 스크랩 조회 171 추천 1 댓글 4,1,171,2024.09.10 23:50:38,https://gall.dcinside.com/mgallery/board/view/?id=goseongjungang&no=2020&page=5
5,2018,[일반],똥내 맡아가며 홍보했는데,ㅠㅠ - dc official App,듸년 2024.09.10 21:01:51 스크랩 조회 194 추천 2 댓글 2,2,194,2024.09.10 21:01:51,https://gall.dcinside.com/mgallery/board/view/?id=goseongjungang&no=2018&page=5
5,2016,[일반],듸년은 들어라,아랫글 게이와 함께 홍보하겠다 정 안되면 공식 인스타에서도 홍보할 계획이다 - dc official App,ㅇㅇ (211.251) 2024.09.10 13:24:37 스크랩 조회 155 추천 0 댓글 1,0,155,2024.09.10 13:24:37,https://gall.dcinside.com/mgallery/board/view/?id=goseongjungang&no=2016&page=5
5,2015,[일반],듸년이는 들어와라,듸년아 나도 2학년인데 홍보 같이 하자 홍보 도와줄게 중앙고갤  23년도 초에 기숙사 앞에서 도게자 박았던 애다,ㅇㅇ (211.251) 2024.09.10 13:02:36 스크랩 조회 176 추천 3 댓글 6,3,176,2024.09.10 13:02:36,https://gall.dcinside.com/mgallery/board/view/?id=goseongjungang&no=2015&page=5
5,2014,[일반],이거 무슨갤임??,어떤 2학년 선배가 화장실이랑 복도 곳곳에 홍보 포스터 붙이던데 여기 뭐하는 곳인가요?,신입앙붕이 (211.216) 2024.09.10 00:16:48 스크랩 조회 158 추천 0 댓글 1,0,158,2024.09.10 00:16:48,https://gall.dcinside.com/mgallery/board/view/?id=goseongjungang&no=2014&page=5
5,2013,[❓️질문],기숙사 다니면서,알바 가능하냐? 생활비가 필요한데 긱사 야자 시간에 알바할 수 있음? - dc official App,ㅇㅇ (223.39) 2024.09.08 18:59:32 스크랩 조회 208 추천 0 댓글 4,0,208,2024.09.08 18:59:32,https://gall.dcinside.com/mgallery/board/view/?id=goseongjungang&no=2013&page=5
5,2012,[❓️질문],야 ㅅㅂ,지리산게이야.. 본인임?,ㅇㅇ (118.35) 2024.09.08 17:31:08 스크랩 조회 185 추천 1 댓글 4,1,185,2024.09.08 17:31:08,https://gall.dcinside.com/mgallery/board/view/?id=goseongjungang&no=2012&page=5
5,2011,[❓️질문],22년도에 운동장 뺑뺑이 존나하시던 04형님도 앙갤 하시나,방과후에 운동장 존나 뛰어다니던 형님 있었는데 있으면 반가울듯,ㅇㅇ (125.135) 2024.09.07 00:02:09 스크랩 조회 184 추천 0 댓글 2,0,184,2024.09.07 00:02:09,https://gall.dcinside.com/mgallery/board/view/?id=goseongjungang&no=2011&page=5
5,2010,[일반],최저 탐구로 맞추려는 사람들 조심해야하는점,"이유: '사탐런'때문에 과탐 사탐 안가리고 불안전성이 커짐 아마 입시 관심있는 사람들이라면 알고있을텐데, 올해부터 수능에서 사탐을 응시해도 정시 이과 계열에 지원할 수 있게 바뀌었다 서울대, 고려대 등 일부 대학이나 메디컬이 목표가 아니라면 이과여도 과탐 버리고 사탐으로 런하는게 엄청난 이득이 됐다 위 표를 보면 알 수 있듯이 과탐 1과목 응시자가 상당히 줄었다. 대신 표점에서 이득을 볼 수 있는 과탐 2과목과 사탐 응시자가 늘었다. 사탐이 훨씬 쉽고 난이도에 비해 응시자 수준이 훨씬 차이나 표점 차이도 크지 않기 때문이다. 당장 6평에서도 저런데 6평 보고 과탐에서 사탐으로 바꾼 수험생도 상당할 것이다. 과탐은 상위권으로 가려면 시간 투자를 국어 이상으로 쏟아야하는데 사탐은 개념 기출만 벅벅 하면 상위권 노려볼만하니까 그때부터 진입해도 ㄹㅇ 큰 손해가 없다. 근데 이건 정시 얘기고 수시 최저는 이과라면 아마 무조건 과탐을 응시해야 할 것이다. 그것도 두과목 다 과탐으로 응시해야한다. 근데 과탐 성적 안나오는 정시파이터들이 상당히 빠졌다. 1등급 2등급 인원수가 줄 거라는 결론이 나온다. 안그래도 재수학원에서 퍼즐만 존나 푸는 미친새끼들이랑 경쟁해야하는데 문까지 살짝 좁아졌으므로 더 힘들 것이다. ""이과는 어려워진거 알겠는데 문과는 허수 유입됐으니까 좋은거 아니냐?"" 이건 알 수 없다. 근데 내생각에, 사탐인 한지 세지를 응시하고 다른 과목도 내신 공부하면서 공부해본 입장에선 과탐 3등급보다 사탐 1등급중에 허수 비율이 더 높을거같다. 사탐은 암기빨이긴 하지만 논리력만 있으면 금방 풀 수 있고, 역사과목 아니면 사탐보다 생지가 더 외울거 많다. 결론: 내신 과탐 잘한다고 깝치지말고 영어공부나 해라",지리산 2024.09.06 23:40:26 스크랩 조회 394 추천 1 댓글 0,1,394,2024.09.06 23:40:26,https://gall.dcinside.com/mgallery/board/view/?id=goseongjungang&no=2010&page=5
5,2009,[❓️질문],국어 박ㅈ현 쌤 나만 호감이였냐,이쌤 수업 들을때마다 편하고 이해도 잘됐음.. 모의고사 푸는 방법도 알려주고 하시고 쌤 성격도 재밌어서 좋았던거 같다 공감하면 개추줘라 지금도 계신가?,ㅇㅇ (125.135) 2024.09.06 23:25:29 스크랩 조회 320 추천 6 댓글 3,6,320,2024.09.06 23:25:29,https://gall.dcinside.com/mgallery/board/view/?id=goseongjungang&no=2009&page=5
5,2008,[❓️질문],최저 뭘로 맞출까 영어 국어,둘다 4등급 노베임.. 2등급 맞춘다고 보고.. 운지할까,ㅇㅇ (125.135) 2024.09.06 23:14:53 스크랩 조회 131 추천 1 댓글 3,1,131,2024.09.06 23:14:53,https://gall.dcinside.com/mgallery/board/view/?id=goseongjungang&no=2008&page=5
5,2007,[일반],수능끝나고 공부하나도 안한 나보다 9평못쳤으면 개추 ㅋㅋ,설마 개추 있는건 아니겠지,마루쉑 (203.248) 2024.09.06 23:05:47 스크랩 조회 111 추천 1 댓글 2,1,111,2024.09.06 23:05:47,https://gall.dcinside.com/mgallery/board/view/?id=goseongjungang&no=2007&page=5
5,2006,[일반],명문사립중앙고등학교,,ㅇㅇ (125.135) 2024.09.06 22:49:11 스크랩 조회 135 추천 0 댓글 0,0,135,2024.09.06 22:49:11,https://gall.dcinside.com/mgallery/board/view/?id=goseongjungang&no=2006&page=5
5,2005,[일반],주딱 및 파딱은 봐라,"앙고 갤 살리는 방법 알려준다. 일단 앙갤을 하는걸 부끄럽지 않게 해야한다 고로 일베,찐 스러운 발언 그런건 자제하고 지금 중앙고 인스타가 너무 잘 되있어서 우리도 그정도는 해야함 그리고 지금 눈팅하는 사람들은 많음 자기가 다니는 학교 갤러리가 있으면 긍금해서라도 들어옴 요약 1.앙갤의 인식 개선 2.정보의 질 향상 3.앙갤에서 일어나는 떡밥들 요약 및 브리핑 이러면 살아난다 - dc official App",ㅇㅇ (125.184) 2024.09.06 21:53:55 스크랩 조회 113 추천 0 댓글 4,0,113,2024.09.06 21:53:55,https://gall.dcinside.com/mgallery/board/view/?id=goseongjungang&no=2005&page=5
5,2004,[❓️질문],페페 홍보 포스터,아직 파일로 가지고있는사람 있음? - dc official App,듸년 2024.09.06 21:53:29 스크랩 조회 117 추천 0 댓글 2,0,117,2024.09.06 21:53:29,https://gall.dcinside.com/mgallery/board/view/?id=goseongjungang&no=2004&page=5
5,2003,[일반],앙붕이들 찐따인 이유,08이 07시비 턴거는 08일 가오 잡으려고 개긴거고 나중에 존나 털림 물론 뭐 시비 턴건 잘못이지만 하극상 ㅇㅈㄹ 하는게 웃기다 그리고 담배는 좆같긴함 열심히 하는 친구들은 열심히 한다 찐따들 피해의식에 야랄떨지말고 즐거운 학교생활들 해라 여기는 소식도 느리고 변질된게 너무 많다 ㅇㅇ - dc official App,ㅇㅇ (125.184) 2024.09.06 21:36:13 스크랩 조회 111 추천 0 댓글 0,0,111,2024.09.06 21:36:13,https://gall.dcinside.com/mgallery/board/view/?id=goseongjungang&no=2003&page=5
5,2002,[일반],담배피우는건 예전에도 많았음,우리때도 화장실에선 내내 전담냄새났고 조용히 피우고 잘 처리하면 눈감아줬음 03 04 05 있을땐 담배피우는 사람 있어도 머 잘 지내고 분위기 ㅅㅌㅊ였는데 06부터 다시 개좆밖았나봄 본인 고1때 3학년이던 02햄들이 ㄹㅇ씨발존나무서웠는데 그때로 돌아간건지,지리산 2024.09.06 17:53:59 스크랩 조회 181 추천 0 댓글 0,0,181,2024.09.06 17:53:59,https://gall.dcinside.com/mgallery/board/view/?id=goseongjungang&no=2002&page=5
5,2001,[일반],주딱 2학년이라 하지않음?,회장이거나 학생회면 집결시키거나 인스타에 홍보하자 정 안되면 화장실 포스터 또 하는거고 ㅇㅇ - dc official App,ㅇㅇ (149.88) 2024.09.06 17:47:30 스크랩 조회 138 추천 0 댓글 1,0,138,2024.09.06 17:47:30,https://gall.dcinside.com/mgallery/board/view/?id=goseongjungang&no=2001&page=5
5,2000,[일반],앙고의 정상화,일진들 담배충 전부 앙고로 집결 요즘 입시가 앙고가 ㅈ밥된거 같던데 ㄹㅇ 이게 정상화지 - dc official App,ㅇㅇ (203.228) 2024.09.06 17:46:07 스크랩 조회 116 추천 0 댓글 0,0,116,2024.09.06 17:46:07,https://gall.dcinside.com/mgallery/board/view/?id=goseongjungang&no=2000&page=5
5,1999,[일반],소신발언) 일진들 항공고가지 왜 중앙고와서 물흐림?,요즘 들어오는 애들은 피해만 끼치는 거같다 하극상에 범죄 저지르는 미친새끼들 꼴 개노답 양아치천국 중앙고 괜히왔다,ㅇㅇ (211.234) 2024.09.06 17:41:26 스크랩 조회 220 추천 2 댓글 2,2,220,2024.09.06 17:41:26,https://gall.dcinside.com/mgallery/board/view/?id=goseongjungang&no=1999&page=5
5,1998,[일반],숨어있는 앙붕이들아 주변에 홍보좀 해다오,솔직히 학생회 인스타보다 유익한거같다 ㅇㅈ?ㅋㅋ,지리산 2024.09.06 17:36:27 스크랩 조회 124 추천 5 댓글 0,5,124,2024.09.06 17:36:27,https://gall.dcinside.com/mgallery/board/view/?id=goseongjungang&no=1998&page=5
5,1997,[일반],요즘 앙붕이들은 왜 노~력을 안함?,나 신입생 때일땐 본관 화장실 칸마다 페페짤이랑 같이 중앙고갤 홍보 존나했는데 아 나때가 끝물인거임? - dc official App,ㅇㅇ (112.163) 2024.09.06 17:29:38 스크랩 조회 118 추천 0 댓글 4,0,118,2024.09.06 17:29:38,https://gall.dcinside.com/mgallery/board/view/?id=goseongjungang&no=1997&page=5
5,1996,[❓️질문],원래 고등학교가 다 이런가?,"후배가 선배 패고 선배한테 시비걸고 딥페이크 범죄 저지르고 담배,술은 기본인데 말로만 듣던 항공고 행동보다 여기가 더 악질이노 그저 대 재앙고 - dc official App",ㅇㅇ (211.251) 2024.09.06 08:16:18 스크랩 조회 253 추천 1 댓글 11,1,253,2024.09.06 08:16:18,https://gall.dcinside.com/mgallery/board/view/?id=goseongjungang&no=1996&page=5
5,1995,[일반],새삼 ㅈㄴ 대단해보이는 새끼들이면 개추 ㅋㅋ,"""지거국 대장 대 부산대학교"" 대단하면 개추 ㅋㅋ",ㅇㅇ (211.234) 2024.09.05 22:57:07 스크랩 조회 296 추천 10 댓글 3,10,296,2024.09.05 22:57:07,https://gall.dcinside.com/mgallery/board/view/?id=goseongjungang&no=1995&page=5
5,1994,[일반],씨발 9모 나만 개좆됐냐????,애들 쉬웠다는데 난 어려웠다 ㅁㅌㅊ???,ㅇㅇ (211.234) 2024.09.04 22:39:09 스크랩 조회 105 추천 0 댓글 1,0,105,2024.09.04 22:39:09,https://gall.dcinside.com/mgallery/board/view/?id=goseongjungang&no=1994&page=5
5,1993,[❓️질문],9평 ㅇㄸ?,- dc official App,오비탈 2024.09.04 18:16:08 스크랩 조회 124 추천 0 댓글 2,0,124,2024.09.04 18:16:08,https://gall.dcinside.com/mgallery/board/view/?id=goseongjungang&no=1993&page=5
5,1992,[일반],딥페이크,2학년이라던데 피해자도 ㅈㄴ많다던데 처벌 뭐나올까 학교 다닐수있냐?  나라면 얼굴 못들고다닐거같아서 자퇴친다 ㅋㅋ,ㅇㅇ (211.176) 2024.09.04 06:22:24 스크랩 조회 242 추천 2 댓글 1,2,242,2024.09.04 06:22:24,https://gall.dcinside.com/mgallery/board/view/?id=goseongjungang&no=1992&page=5
5,1991,[일반],딥페이크로 범죄 저지르지 말고 이런거나 좀 만들어라,https://youtube.com/v/knGUYpMYpYc?si=VIfuZctwUbP_PoSz MC무현 - '다 해줬잖아' MV 5시간컷#mc무현 #메이플 #메이플스토리 #리부트 #정상화 youtube.com 에휴 중앙고 한남충새끼들 이런 예술작품을 만들라고,ㅇㅇ (211.234) 2024.09.04 00:09:21 스크랩 조회 180 추천 2 댓글 0,2,180,2024.09.04 00:09:21,https://gall.dcinside.com/mgallery/board/view/?id=goseongjungang&no=1991&page=5
5,1990,[일반],앙붕이 평균,- dc official App,ㅇㅇ (211.251) 2024.09.03 23:35:17 스크랩 조회 122 추천 0 댓글 1,0,122,2024.09.03 23:35:17,https://gall.dcinside.com/mgallery/board/view/?id=goseongjungang&no=1990&page=5
5,1989,[일반],ㅈㄴ오래된 유물 발견했다,- dc official App,ㅇㅇ (211.251) 2024.09.03 15:20:40 스크랩 조회 139 추천 1 댓글 0,1,139,2024.09.03 15:20:40,https://gall.dcinside.com/mgallery/board/view/?id=goseongjungang&no=1989&page=5
5,1988,[일반],어제 앙고 상황,- dc official App,ㅇㅇ (223.39) 2024.09.03 08:10:25 스크랩 조회 202 추천 2 댓글 0,2,202,2024.09.03 08:10:25,https://gall.dcinside.com/mgallery/board/view/?id=goseongjungang&no=1988&page=5
5,1987,[일반],아직 공군 1월 모집일정도 안나왔으니까 그만 보채라,알아서 간다,지리산 2024.09.02 21:54:11 스크랩 조회 195 추천 2 댓글 2,2,195,2024.09.02 21:54:11,https://gall.dcinside.com/mgallery/board/view/?id=goseongjungang&no=1987&page=5
5,1986,[일반],집가고싶다,집가고싶다 ㄹㅇ,ㅇㅇ (180.67) 2024.09.02 15:14:26 스크랩 조회 80 추천 0 댓글 0,0,80,2024.09.02 15:14:26,https://gall.dcinside.com/mgallery/board/view/?id=goseongjungang&no=1986&page=5
5,1985,[일반],무고는 죄 입니다.,허위사실 유포 조심 특정 조심 지리산은 입대해라 - dc official App,ㅇㅇ (211.251) 2024.09.02 14:21:31 스크랩 조회 162 추천 0 댓글 3,0,162,2024.09.02 14:21:31,https://gall.dcinside.com/mgallery/board/view/?id=goseongjungang&no=1985&page=5
5,1984,[일반],뭐해 올려,ㅇ,마루쉑 (61.42) 2024.09.02 11:14:18 스크랩 조회 149 추천 1 댓글 1,1,149,2024.09.02 11:14:18,https://gall.dcinside.com/mgallery/board/view/?id=goseongjungang&no=1984&page=5
5,1983,[일반],딥페 진짜라고,ㅈㅉㅇ - dc official App,듸년 2024.09.02 09:46:07 스크랩 조회 411 추천 6 댓글 2,6,411,2024.09.02 09:46:07,https://gall.dcinside.com/mgallery/board/view/?id=goseongjungang&no=1983&page=5
5,1980,[일반],실시간 앙고도 ㅈ됐다,앙고에도 딥페 가해자 있다는데 이거맞나 무섭다 무서버 - dc official App,듸년 2024.09.01 18:03:13 스크랩 조회 294 추천 0 댓글 3,0,294,2024.09.01 18:03:13,https://gall.dcinside.com/mgallery/board/view/?id=goseongjungang&no=1980&page=5
5,1979,[일반],지리산은 나대지 말고 입대나 해라,내가 맨날 집합시켜줄게 응응… - dc official App,오비탈 2024.08.29 18:57:29 스크랩 조회 210 추천 0 댓글 9,0,210,2024.08.29 18:57:29,https://gall.dcinside.com/mgallery/board/view/?id=goseongjungang&no=1979&page=5
5,1978,[❓️질문],농어촌 정시가 그렇게 사기임?,평백 80이면 보통 어느정도 감?,ㅇㅇ (118.235) 2024.08.29 01:19:22 스크랩 조회 2127 추천 0 댓글 5,0,2127,2024.08.29 01:19:22,https://gall.dcinside.com/mgallery/board/view/?id=goseongjungang&no=1978&page=5
5,1977,[일반],지리산 이제 왕좌 양보하고,퇴물답게 ㅂㅂ해라,ㅇㅇ (14.42) 2024.08.28 12:44:21 스크랩 조회 141 추천 0 댓글 8,0,141,2024.08.28 12:44:21,https://gall.dcinside.com/mgallery/board/view/?id=goseongjungang&no=1977&page=5
5,1976,[일반],이씨발 난 힘들여 글 써도 념글애매한데 노무현은 한방에ㅋㅋ,이 미친 일베충샠기들,지리산 2024.08.24 14:27:20 스크랩 조회 155 추천 1 댓글 3,1,155,2024.08.24 14:27:20,https://gall.dcinside.com/mgallery/board/view/?id=goseongjungang&no=1976&page=5
5,1975,[일반],노무현,노무현,ㅇㅇ (223.39) 2024.08.22 17:16:37 스크랩 조회 190 추천 9 댓글 0,9,190,2024.08.22 17:16:37,https://gall.dcinside.com/mgallery/board/view/?id=goseongjungang&no=1975&page=5
5,1974,[일반],공습경보!!!!!!!!,으아아아악 경찰력 총동원! 청장! https://www.youtube.com/watch?v=jIoYsTESxr4 - dc official App,ㅇㅇ (211.251) 2024.08.22 14:02:38 스크랩 조회 124 추천 0 댓글 1,0,124,2024.08.22 14:02:38,https://gall.dcinside.com/mgallery/board/view/?id=goseongjungang&no=1974&page=5
5,1973,[🖥정보],경상대학교 2024 수시 입시결과,치사하게 농어촌이 없네... 사진 클릭해서 원본 체크해야 잘보임 https://www.gnu.ac.kr/new/cm/cntnts/cntntsView.do?mi=17447&cntntsId=7958,지리산 2024.08.22 10:46:31 스크랩 조회 272 추천 0 댓글 0,0,272,2024.08.22 10:46:31,https://gall.dcinside.com/mgallery/board/view/?id=goseongjungang&no=1973&page=5
5,1972,[🖥정보],부산대학교 2024 입시결과 [정시],,지리산 2024.08.22 10:38:38 스크랩 조회 367 추천 0 댓글 0,0,367,2024.08.22 10:38:38,https://gall.dcinside.com/mgallery/board/view/?id=goseongjungang&no=1972&page=5
5,1971,[🖥정보],부산대학교 2024 입시결과 [수시] (데이터주의),"https://go.pusan.ac.kr/college_2016/pages/index.asp?p=50&b=B_1_1&bn=45397&m=read ""야박먹고 코학가자에 다 나오는데 왜올리냐"" 이게 보기 편하잖아",지리산 2024.08.22 10:37:36 스크랩 조회 398 추천 0 댓글 0,0,398,2024.08.22 10:37:36,https://gall.dcinside.com/mgallery/board/view/?id=goseongjungang&no=1971&page=5
5,1970,[일반],팩트는 농어촌이 사기라는것임,"특수한 경우가 아니라면 학종에서 면접도 최저도 안봐 교과에서 최저도 안봐 그러면서도 내신 성적 낮은 경우도 많음 경쟁률 자체가 낮기때문 ""정원이 너무 적은데 도박아닌가요?"" ""그럼 일반 쓰든가"" 욕심 그득해서 상향지원 갈길거면서 틱틱대긴 뽑는 인원이 3명만 돼도 거의 반등급 아래 점수로 합격할 수 있는 경우가 있어서 소신지원으로 질러볼만하다 보통 정원이 1명일텐데, 최저 못맞춰서 점수 높아도 농어촌 쓰는 쫄보런이 나오지 않는 이상 슬롯머신 도박을 걸어볼만도 하다 무지성 우주상향 지르란 소리는 아니지만 안정지원을 제대로 했다면 상향 한두개는 써볼만할 정도라고 생각한다 물론 농어촌을 안정지원용으로 쓰다가 폭사할 수 있으니 학종만 준비하는게 아니라면 수능 공부도 열심히 하도록 하자",지리산 2024.08.22 08:27:56 스크랩 조회 694 추천 2 댓글 4,2,694,2024.08.22 08:27:56,https://gall.dcinside.com/mgallery/board/view/?id=goseongjungang&no=1970&page=5
5,1969,[🖥정보],공군 입대 준비하는법,"""미필새끼가 무슨 입대 가이드냐 빨리 군대나 가라"" 팩트는 미필도 점수 따는법은 알아야 한다는것임 알아야 공군을 가지 ""입시가 코앞인데 이게 무슨 뚱딴지같은 글이냐? 대입 가이드나 써라"" 대입은 나도 몰라 근데 중요한건 공군 갈 생각 있으면 공군가는법은 지금부터 알아야함 공군가서 꿀빨고싶은 고3은 집중. 이 글에선 가장 일반적인 일반 특기를 알아볼 것이다 https://www.mma.go.kr/contents.do?mc=mma0000466 평가요소 및 배점기준 - 기술병/전문특기병 - 공군 - 안내 및 지원절차 - 모집안내서비스 - 군지원 안내 - 병무청 평가요소 및 배점기준 - 기술병/전문특기병 - 공군 - 안내 및 지원절차 - 모집안내서비스 - 군지원 안내 - 병무청 www.mma.go.kr 목차 1. 자격증 점수 2. 출결 점수 3. 가산점 3-1. 헌혈 3-2. 한능검 3-3. 영어시험 3-4. 병진설 3-5. 기타(헌급방) 4. 추천 자격증 빛 특기 정보 5. 운전병의 경우 1. 자격증 점수 공군 점수는 전공, 자격면허, 고교출결, 가산점으로 구성되어 있다 일반은 전공점수가 없으니 자격증부터 보도록 하자 기능사 이상 자격증은 그냥 따기 쉽지 않으므로 일반자격증을 따야 한다 국가공인자격증 64점 비공인 자격증 62점 자격증 없음 60점이다 추천하는 자격증은 목차에 따라 나중에 밑에서 설명하도록 하겠다 2. 출결 점수 출결 점수 만점은 20 여기까지 84점을 얻을 수 있다 지금까지 별 신경도 안쓴 출결이 여기서 중요해진다 다행이지만 당연하게도 병결은 인정이 되므로 무단결석/결과/조퇴/지각만 없으면 된다 웬만해선 미인정이 안 그이지만 만약 그해 담임이 좀 없는 새끼면 사정없이 그일 수 있으니 조심하도록 하자 지각/조퇴는 0.5결석, 결과는 0.25결석 3. 가산점 이제부터 가산점을 보자 뭐가 많이 있는데 보통 가산점을 받는 영역은 봉사/헌혈 (최대 8점) 한국사능력검정 (1/2급 2점, 3/4급 1점) 정도가 쉽게 받을 수 있다. 그러면 이제 가산점을 쉽게 받는법을 알아보자 3-1. 헌혈 자기가 바늘을 무서워하는게 아니라면 봉사/헌혈에선 헌혈이 가장 쉽고 빠르고 편하다 헌혈은 길어야 1시간인데 반해 봉사는 8시간을 굴러야 1점을 인정해주기 때문이다. 레드커넥트 앱을 깔고 회원가입하면 헌혈의집 예약을 할 수 있다 고성이나 통영같은 시골깡촌바닥엔 헌혈의집이 없으므로 진주나 마산으로 가야 한다 귀찮을 수도 있지만 봉사활동은 8시간을 해야 하는데 반해 헌혈은 왔다갔다 포함해도 3시간이 안 걸릴 것이다 마산남부터미널과 가까운 경남대앞 센터를 보자 혈장은 꿀빨려는 사람이 많아서 예약이 쉽지 않은데, 혈소판이나 혈소판혈장 다종성분도 있으니 혈장만 고집하지 않아도 된다 이렇게 예약하고 나서 예약한 시간에 맞춰 헌혈의집에 가면 된다. 여기서 전혈을 추천 안하는 이유는 전혈헌혈의 주기는 2달인데 반해 성분헌혈의 주기는 2주로 점수 채우기가 용이하기 때문이다 그래서 사실 지금부터 꼭 성분헌혈을 할 필요는 없고, 가끔씩 고성에 오는 헌혈버스에서 전혈헌혈만 해도 충분히 여유롭게 채울 수 있다. 대학 다니면서 휴일에 헌혈하는게 더 편하기 때문에 지금은 급하게 하지 않아도 된다 무엇보다도 유효기간이 모집 마감일 전 1년이기 때문에 지금 당장 헌혈하더라도 효과가 없다 3-2. 한능검 한능검은 내신 한국사 베이스가 있다면 기출 선지만 며칠동안 공부해서 1급을 딸 수 있다 자신이 없다면 수능이 끝난 이후에 교재를 따로 사서 공부를 하면 된다 자세한건 한국사능력검정시험 갤러리로 헌혈과 한능검을 채워도 10점으로, 지금까지 모두 합해서 나온 94점이란 점수는 아직 합격하기 한참 부족하다 3-3. 영어시험 만약 모의고사 영어 3등급 이상 나온다면 영어로 가산점 채우기도 좋은 방법이다. 빠르게 칠거라면 수능 영어를 공부하면서 자연스레 대비할 수 있는 대신, 토익보다 훨씬 어려운 텝스를 한번 쳐 보는걸 추천한다. 끝까지 풀다 보면 1점은 건질 수 있을 것이다. 나도 수능 영어 2등급 믿고 텝스 문제 하나도 안보고 갔는데 2점은 넉넉히 받을 점수가 나왔다 수능 준비를 안하고 있다거나 대학에 가서 딸 생각이라면 토익이 나을 것 같다. 토익은 내가 쳐보진 않았지만 문제를 풀어봤을 때 훨씬 쉽긴 했다. 제대로 준비해서 안정적으로 2점을 받을 수도 있을 거라고 생각한다. 여기서 똥꼬쇼해서 2점을 받는다면 96점. 복학 못하는 비수기 아니면 불합격이다 3-4. 병진설 여기서 점수를 안정적인 97점으로 만들어 주는게 바로 병진설이다. 추천 직업과 관련있는 특기면 가산점 1점을 받을 수 있다. 사무직(서류정리, 회계 등)관련 선택지에 긍정적으로 답하면 공군 일반특기 추천이 나온다. 혹시 운전병을 생각하고 있다면 차량 운전이나 정비쪽도 긍정적으로 답하자. 추천특기는 여러개가 나오기 때문에 굳이 하나만 노리고 하지 않아도 된다 3-5. 기타(헌급방) 여기까지 97점인데 만약 집에 형제가 본인 포함 2명 이상이면 2점, 3명 이상이면 4 점의 다자녀 가산점을 받을 수 있다. 2명이라고 했을때 99점, 경쟁률 폭발하는 달에도 면접에서 감점만 안 받으면 합격할 점수가 만들어진다. 만약 외동인데 3월 이후 입대할거라먼 한국어능력시험도 추가로 딸 생각을 하자 . 이건 안해봐서 모르겠다 아니라면 헌급방 지정이라는게 있다 일반적인 공군의 대부분은 군사경찰, 급양, 방공포대, 공병으로 가는데 이 특기들은 꿀과는 거리가 있어서 기피된다. 대신 일명 헌급방 지정(헌병급양방공포)을 박으면 가산점 최대 15점 안에서 4점을 추가로 획득할 수 있어 준비가 부족해도 갈 수 있다. 그냥 육군이 낫냐 헌급방지정이라도 하는게 낫냐는 오랜 논쟁거리인데 이는 공군 갤러리를 보면서 직접 판단하길 바란다 근데 어차피 특기 준비 따로 안하면 헌급공이라 따로 특기 준비 안했는데 공군 가기로 마음먹었으면 지정 박는게 낫다고 생각한다 공병보단 헌병이 낫지않을까 아니면 일반이 아니라 운전병으로 트는 방법이 있는데 좀 이따 설명 4. 추천 자격증 및 특기 정보 ""신"" itq자격증은 취득 난이도가 매우 쉽고 공군 합격 이후 특기를 정할 때도 큰 이점이 된다 단순히 점수만 채울 용도면 인터넷 자격증 B만 나와도 합격인데 검색해보면 알겠지만 상식 수준의 문제가 나오므로 따로 공부를 안 해도 풀 수가 있다. 다만 이후에 꿀이라 불리는 인사교육 특기로 가고싶은 경우 3개 영역 이상에서 A를 받아 QA마스터를 따야 한다. 한글/워드, 엑셀을 기본만 해도 쉽게 할 수 있다. 파워포인트는 쉬워보이는데 좀 귀찮아서 해설서 안보고 가면 떨어질 수도 있으니 주의 공군이 꿀이라고는 하지만 공군의 대부분은 군사경찰, 급양, 방공포, 공병이므로 꿀특기를 받으려면 따로 준비를 해야한다 명문대 갈 정도의 능지가 아니라면 일반적으로 준비하는 특기는 장비물자보급과 인사교육, 운항관제다 장비물자보급 일명 장물보는 경제,경영,무역,회계,산업공학 관련 학과에 다닌다면 갈 수 있다. 나의 목표 인사교육은 앞에서 말한 ITQ QA마스터나 컴활, 워드프로세서, 회계관리 등 사무직종 자격증이 있어야 한다. 운항관제는 준비 안하는 대신 초고능력을 발휘해 기훈단에서 시험만으로 뚫거나 항공교통안전관리자 자격증을 따고 들어갈 수 있다 이것들이 무슨 특기인지는 공군 갤러리 검색 이것들 다 시험 제대로 못보면 자격이 있어도 떨어지고 헌병행이니 주의해야 한다 꿀특기를 가고싶어도 기피특기를 갈 가능성이 있지만, 지원과 동시에 헌병 급양 공병을 완전 차단할 수 있는 방법이 있다. 5. 운전병 운전병은 일반기술병이 아닌 전문기술병으로 분류되기 때문에 체계가 다르다. 다시 점수를 보자 자격/면허에서 다른 자격증 대신 운전면허를 반영한다 대부분의 2종보통은 그냥 보통이 아니라 짜치는 자동면허이므로 미소지 취급 20점이다 남자라면 1종보통을 따도록 하자 일단 1종보통 45점 출결 만점이 10점이다 여기까지 55점 전문기술병은 전공을 보는데 운전병은 무전공이므로 20점 75점까지 받을 수 있다. 여기서 가산점을 최대로 받는다고 해도 90점인데 성수기엔 컷이 91점까지 올라갈 수 있다. 그래서 운전병을 준비할 생각이고 수능에 열중하지 않아도 된다면 지금이라도 1종 보통 면허를 따야 한다. 1종 대형을 따려면 면허를 딴 후 1년이 지나야 하기 때문이다. 지금 3학년은 좀 늦은 것 같고 2학년이면 1종 보통도 학원다니면 1주일이면 따므로 겨울방학때 잠깐 준비해서 따는걸 추천한다 운전병은 하방이 높고 상방이 낮은 안정적인 꿀이라는게 일반적인 평가다. 하지만 운전병도 장갑차나 공병은 딱히 좋지 않다는 평이 많기 때문에 생각해 볼 문제라고 할 수 있다 미필이 정리해 본 대략적인 공군 입대 설명입니다 미필이라 그냥 공군갤에서 주워듣기만 하고 잘 모르는게 많긴함 제가 드갈 내년 1월달엔 많이 빡세지 않고 장물보 티오도 많이 나오면 좋겠네요",지리산 2024.08.22 00:43:33 스크랩 조회 102684 추천 66 댓글 37,66,102684,2024.08.22 00:43:33,https://gall.dcinside.com/mgallery/board/view/?id=goseongjungang&no=1969&page=5
5,1968,[❓️질문],지리산햄,내년에 서울로 대학가면 밥 한끼 ㄱㄴ?,ㅇㅇ (223.39) 2024.08.21 23:40:33 스크랩 조회 134 추천 0 댓글 3,0,134,2024.08.21 23:40:33,https://gall.dcinside.com/mgallery/board/view/?id=goseongjungang&no=1968&page=5
6,1967,[일반],실시간 앙고 기숙사 근황,전등 맛감 차라리 정전나서 자습 째고 싶노 - dc official App,ㅇㅇ (223.39) 2024.08.20 16:37:59 스크랩 조회 226 추천 0 댓글 1,0,226,2024.08.20 16:37:59,https://gall.dcinside.com/mgallery/board/view/?id=goseongjungang&no=1967&page=6
6,1964,[❓️질문],여유 <---이거 무슨 시간임,2학기부터 선생님 들어와서 폰만 보는데 노는시간임? - dc official App,듸년 2024.08.19 15:09:39 스크랩 조회 171 추천 0 댓글 3,0,171,2024.08.19 15:09:39,https://gall.dcinside.com/mgallery/board/view/?id=goseongjungang&no=1964&page=6
6,1963,[🖥정보],경북대학교 2024년 수시/정시 입시결과,https://ipsi1.knu.ac.kr/data/view.php?bn=57772&m_type=SUSI 2024학년도 대학입학전형 입학 전형결과(수시/정시) 안내 2024학년도 대학입학전형 입학 전형결과(수시/정시) 안내 ipsi1.knu.ac.kr 엑셀 파일에 내신 점수 나와있다 하나하나 적고있었는데 실수로 디시앱 꺼버림;; 교과랑 종합이 점수 차가 크게 나는걸 보면 경북대는 종합에서 내신보다 학교생활기록부와 면접 등 정성요소를 많이 봤음을 알수있다 게다가 이번에 종합 일반에선 내신 반영 폐지함 ㄷㄷ 대체 무슨깡이었는지,지리산 2024.08.18 01:10:05 스크랩 조회 1705 추천 0 댓글 2,0,1705,2024.08.18 01:10:05,https://gall.dcinside.com/mgallery/board/view/?id=goseongjungang&no=1963&page=6
6,1962,[🖥정보],부산대학교 학과별 커리큘럼 (금정구 갤러리),https://m.dcinside.com/board/rmawjdrn/111226 ■■■■부산대학교 전체학과 커리큘럼■■■■ - 금정구 마이너 갤러리 - 치의학전문대학원/한의학전문대학원은 데이터 누락으로 제외하였습니다.- 2023학년도 교육과정을 정리한 자료입니다.- 참고용으로 사용하시고 자세한 내용은 해당 학과에 문의해주세요.인문대학https://gall.dcin m.dcinside.com 인문대학 https://gall.dcinside.com/mgallery/board/view/?id=rmawjdrn&no=111206&page=1 사회과학대학 https://gall.dcinside.com/mgallery/board/view/?id=rmawjdrn&no=111207&page=1 자연과학대학 https://gall.dcinside.com/mgallery/board/view/?id=rmawjdrn&no=111208&page=1 공과대학 https://gall.dcinside.com/mgallery/board/view/?id=rmawjdrn&no=111209&page=1 사범대학 https://gall.dcinside.com/mgallery/board/view/?id=rmawjdrn&no=111210&page=1 경영대학 https://gall.dcinside.com/mgallery/board/view/?id=rmawjdrn&no=111212&page=1 경제통상대학 https://gall.dcinside.com/mgallery/board/view/?id=rmawjdrn&no=111213&page=1 간호대학 https://gall.dcinside.com/mgallery/board/view/?id=rmawjdrn&no=111214&page=1 생활과학대학 https://gall.dcinside.com/mgallery/board/view/?id=rmawjdrn&no=111215&page=1 나노과학기술대학 https://gall.dcinside.com/mgallery/board/view/?id=rmawjdrn&no=111216&page=1 생명자원과학대학 https://gall.dcinside.com/mgallery/board/view/?id=rmawjdrn&no=111220&page=1 예술대학 https://gall.dcinside.com/mgallery/board/view/?id=rmawjdrn&no=111221&page=1 의과대학 https://gall.dcinside.com/mgallery/board/view/?id=rmawjdrn&no=111222&page=1 약학대학 https://gall.dcinside.com/mgallery/board/view/?id=rmawjdrn&no=111223&page=1 정보의생명공학대학 https://gall.dcinside.com/mgallery/board/view/?id=rmawjdrn&no=111224&page=1,지리산 2024.08.17 16:38:14 스크랩 조회 292 추천 6 댓글 0,6,292,2024.08.17 16:38:14,https://gall.dcinside.com/mgallery/board/view/?id=goseongjungang&no=1962&page=6
6,403,[🖥정보],가천대 지원자 필독!!,https://m.dcinside.com/mini/bornin04/68344 그렇다고 합니다,지리산 2022.10.09 21:06:06 스크랩 조회 253 추천 2 댓글 1,2,253,2022.10.09 21:06:06,https://gall.dcinside.com/mgallery/board/view/?id=goseongjungang&no=403&page=6
6,311,[🖥정보],원서시즌에 찬물 끼얹어줄테니 정신차리셈,"난 고1 때 부터 선배들이랑 친해서 그 선배들 입결 어케됐는지 들은게 좀 있음 제작년에 설대 한 명도 못보냈고 작년엔 설대 둘 경희공대 하나 보냄. 내가 잘 모르는 선배들이 인서울 좋은 대학 갔는지는 모르겠는데 그런 얘기 들은건 하나도 없다. 무엇보다 작년에 문이과 합쳐서 부산대 1명갔다. 나도 그렇고 울학교 부산대 원서 존나 많이 넣는데, 작년도 똑같았음 다들 많이 넣었지 근데 2합6, 5, 4를 못맞춰서 1명만 갔다고. 9평이랑 수능은 독립시행이라 상관이 없다고 하는데 맞음 9평 때 2합6 나오네? 2합5 나오네? ㅋㅋㅋㅋㅋㅋㅋㅋㅋㅋ 그럼 하향 하나 넣고, 부산대 하나 넣고, 인서울 적정 하나 넣고, 상향 드가자~~~~~ ""뭐 잘 안풀려도 부산대는 가니까 괜찮겠지 ㅋㅋ 이러다 나 인서울 상위권 대학 갈 수도 있잖아?"" 사람 사는거 다 똑같음. 우리랑 우리 전 기수랑 우리 전전 기수랑 다른건 약간의 교육과정 차이나 수능 제도의 미약한 변화가 끝이고 근데 왜 말이랑 입결이랑 다르냐 작년에 수능이 ㅈㄴ어려웠다는 말이 많았음. 영어가 어려웠으면 억울할 수 있지, 근데 요즘 수능영어가 마냥 쉽지않음. 애초에 쉽게 나오지가 않음(쉽게 나오더라도 네가 미래를 아는건 아니지) 근데 고성중앙고한테만 수능이 어려웠던게 아니잖아? 다들 어려웠는데 왜 2합5, 2합6 못맞추고 최저에서 많이 떨어진건데 그냥 시골 고질병임. 도시랑 비교해서 정시 성적 말도안되게 낮은거 맞고 고성은 시골임. 난 지금까지 정시가 힘들고, 지거국 최저 맞추는게 쉽지 않다는 말을 하는거임. 당신의 9평 성적이 어떻든. 근데 이번에 최저가 없어진 대학들이 되게 많아짐. 그럼 자연스럽게 입결(내신컷)이 올라가겠지. 그런데 주변엔 왜 1하향, 4적정, 1상향  or 1하향, 3적정, 2상향을 쓰고 대체 왜 학교에서 대한민국 전체를 대상으로 한 프로그램의 산출 내신을 시골 ㅈ반고에 다니는 네 내신하고 맞춰서 ""그래도 적정은 붙겠지, 그러니 상향 좀 팍팍써도 괜찮을듯 ㅇㅇ"" 같은 마인드가 많이 보이는거냐 작년, 제작년에 위 처럼 원서적었다가 5광탈하고 하향 하나 붙어서 울며 겨자먹기로 대학가거나 재수하는 형 누나들이 우리학교에 적었을꺼같음? 적정이라고 생각한 대학 4개중에 1차에서 2개 떨어지고 2차에서 하나 붙어서 가는 선배들을 부러워하는 선배들이 얼마나 많았을꺼같냐 왜냐면 적정을 인서울에 넣었거든 대학 위치가 서울특별시 ~~ ~~  인 대학들 너네가 앞에서 프로그램 돌리고 ""넣어볼 만 한데?"" 하고 원서 넣은애들 부산대 3.0적정이랑 국민대 3.0적정이랑 둘 다 최저맞춰도 어디가 빡세겠냐. 입시에서 눈에 보이지 않는 수치를 왜 고려를 안함? 쌤들이 내신 2, 3, 4점대인 애들한테 왜 계속 부산대부산대부산대 하는지 앎? 적정 내신이 같더라도 경남에서 인서울 가는거랑, 경남에서 부산 가는거랑은 차이가 심해서 그런다. ""분명 넣어볼만해서 넣었는데 왜 하나도 안붙었지?"" 속으로 이렇게 생각하면서 씁쓸하게 대학 가는 선배들이 얼마나 많았고, 내가 그걸 옆에서 얼마나 많이 들었겠냐. 진짜 인서울을 가고싶은 마음이 있으면 인서울 적정으로 4개 채우고 하향 하나, 상향 하나 넣는것도 최대한 고민하고 고민해서 넣어야지 낭만 ㅇㅈㄹ하면서 희망에 부푼 상향, 과상향 넣는게 맞다고 보냐 원서 자기돈으로 쓰는거고, 오지랖인거 맞는데 작년이랑 제작년 울학교 입결 보고 심각성 느꼈으면 생각이 달라졌을꺼라 생각한다.",라므 2022.09.16 11:33:48 스크랩 조회 655 추천 17 댓글 2,17,655,2022.09.16 11:33:48,https://gall.dcinside.com/mgallery/board/view/?id=goseongjungang&no=311&page=6
6,1961,[🖥정보],빡갤주의) 논술 지원 추천 대학,"https://m.dcinside.com/board/hanmath/6935172 [빡갤칼럼] 내신 3~4 좆반고생들 주목! 인서울 가는법! - 한석원 마이너 갤러리 ㅎㅇ? 닥터 노 선생이다 이기야. 점점 입시철이 다가옮에 따라, 우리 좆반고 수시붕이들 마음은 사그라들고 있을끼다. 닥터 노는 지금 좆반고에서 내신 3,4 맞아놓고 인서울은 하고싶은 개쌍놈 새끼들을 말하고 있다.하지만 m.dcinside.com 내용만 보십쇼",지리산 2024.08.14 12:03:34 스크랩 조회 388 추천 1 댓글 4,1,388,2024.08.14 12:03:34,https://gall.dcinside.com/mgallery/board/view/?id=goseongjungang&no=1961&page=6
6,1960,[일반],수시 원서 한달 남았네요,생활기록부 라스트댄스 수능 공부 같이 하는거 힘들텐데 파이팅입니다,지리산 2024.08.14 11:56:45 스크랩 조회 82 추천 0 댓글 0,0,82,2024.08.14 11:56:45,https://gall.dcinside.com/mgallery/board/view/?id=goseongjungang&no=1960&page=6
6,1959,[일반],실시간 새건물 건축 진행상황,개학하고 와보니 이제 형태가 슬슬보임ㄷ - dc official App,듸년 2024.08.14 08:37:05 스크랩 조회 253 추천 6 댓글 5,6,253,2024.08.14 08:37:05,https://gall.dcinside.com/mgallery/board/view/?id=goseongjungang&no=1959&page=6
6,1958,[일반],유튜브 홍보 하나만 하겠습니다,중앙고 1학년 5반에 학생이 만든 유익한 조선 강의 라고 하네요 많은 관심 부탁드립니다 - dc official App,ㅇㅇ (223.39) 2024.08.12 20:14:25 스크랩 조회 159 추천 3 댓글 1,3,159,2024.08.12 20:14:25,https://gall.dcinside.com/mgallery/board/view/?id=goseongjungang&no=1958&page=6
6,1957,[일반],ㅅㅂ 내일저녁 이건좀..,생파인애플아니라 통조림 쓸거잖아.. 파인애플 자유로 제발... - dc official App,ㅇㅇ (211.251) 2024.08.12 17:38:32 스크랩 조회 138 추천 0 댓글 1,0,138,2024.08.12 17:38:32,https://gall.dcinside.com/mgallery/board/view/?id=goseongjungang&no=1957&page=6
6,1956,[❓️질문],금요일날 학교 와야함?,ㅇㅇ? - dc official App,ㅇㅇ (211.251) 2024.08.12 09:12:30 스크랩 조회 108 추천 0 댓글 1,0,108,2024.08.12 09:12:30,https://gall.dcinside.com/mgallery/board/view/?id=goseongjungang&no=1956&page=6
6,1955,[❓️질문],선배님은 야자 어캐 째심?,들리는 말로는 선생님에게 출결 전달된다 그러던데 - dc official App,ㅇㅇ (169.150) 2024.08.11 17:25:03 스크랩 조회 185 추천 0 댓글 3,0,185,2024.08.11 17:25:03,https://gall.dcinside.com/mgallery/board/view/?id=goseongjungang&no=1955&page=6
6,1954,[일반],내일 개학이다,긱사에서 보자 - dc official App,ㅇㅇ (203.228) 2024.08.11 16:19:33 스크랩 조회 92 추천 0 댓글 2,0,92,2024.08.11 16:19:33,https://gall.dcinside.com/mgallery/board/view/?id=goseongjungang&no=1954&page=6
6,1953,[일반],"이 갤 진짜 너무좋네,,","고성중앙고 가고싶다 진짜,,, 나는 좃곳거 좆반고임",ㅇㅇ (222.118) 2024.08.09 22:55:55 스크랩 조회 177 추천 0 댓글 2,0,177,2024.08.09 22:55:55,https://gall.dcinside.com/mgallery/board/view/?id=goseongjungang&no=1953&page=6
6,1952,[일반],이번주가 방학 끝이네,앙고갤을 알기 전까진 에브리데이가 드림이었다 이기야 - dc official App,ㅇㅇ (203.228) 2024.08.06 17:17:59 스크랩 조회 92 추천 0 댓글 1,0,92,2024.08.06 17:17:59,https://gall.dcinside.com/mgallery/board/view/?id=goseongjungang&no=1952&page=6
6,1951,[일반],주딱할사람 없냐,졸업 2년차인 틀딱이 매니저면 이상하잖아,지리산 2024.07.24 07:40:55 스크랩 조회 156 추천 0 댓글 3,0,156,2024.07.24 07:40:55,https://gall.dcinside.com/mgallery/board/view/?id=goseongjungang&no=1951&page=6
6,1950,[일반],180kg 뚱녀가 사는 삶,왜 클릭?,48385 2024.07.24 04:51:16 스크랩 조회 354 추천 5 댓글 2,5,354,2024.07.24 04:51:16,https://gall.dcinside.com/mgallery/board/view/?id=goseongjungang&no=1950&page=6
6,1949,[일반],팩트는 중앙고가 건강해지고 있다는거임..,ㅇㅇ..,48385 2024.07.20 04:28:31 스크랩 조회 231 추천 0 댓글 2,0,231,2024.07.20 04:28:31,https://gall.dcinside.com/mgallery/board/view/?id=goseongjungang&no=1949&page=6
6,1948,[일반],앙붕이가 맞은거 진짜가,갱생게이 괜찮으면 대답 부탁... 1학년이 선배 방에 들어가서 문잠구고 팼다고? 이게 말이나 되는 일인가,지리산 2024.07.18 19:18:08 스크랩 조회 199 추천 0 댓글 1,0,199,2024.07.18 19:18:08,https://gall.dcinside.com/mgallery/board/view/?id=goseongjungang&no=1948&page=6
6,1947,[일반],국내 콩가루학교 갤러리 ㄹㅇ 뭐고,기숙사에서 아무 상관없는 2학년생 갑자기 가두고 구타 사유) 그냥 만만해보여서 1학년에 2학년 층까지 와서 2학생한테 시비털고 맞다이 사유) 꼬라봐서 이게 일반고등학교 맞노? 항공고도 이런 일 안생기겠다 ㅁㅊㅅㄲ들아,ㅇㅇ (211.235) 2024.07.18 17:49:45 스크랩 조회 215 추천 4 댓글 2,4,215,2024.07.18 17:49:45,https://gall.dcinside.com/mgallery/board/view/?id=goseongjungang&no=1947&page=6
6,1946,[일반],국내 하극상갤입니다,https://www.youtube.com/watch?v=xwaoYLjibeg 1학년이 2학년 갈구는 귓가에 울리는 앙고의 뜨거운 목소리~ 그게 나의 태클이었어어~~ 앙고 발목을~ 돌려~~ (아아아악!) 나 앙고 발목 돌릴수만 있으면~ 앙고~ 부서진대도~ 좋아~~ 설혹 너무 레드카드 빨리~~ 받아~~~ 앙고의 왼쪽 발목 못 돌린다 해도~ 내 발~ 앙고 발목속~~으로~~~ 90도로 돌려댈거야~ - dc official App,ㅇㅇ (211.251) 2024.07.18 11:00:02 스크랩 조회 174 추천 4 댓글 2,4,174,2024.07.18 11:00:02,https://gall.dcinside.com/mgallery/board/view/?id=goseongjungang&no=1946&page=6
6,1945,[일반],지리산 주딱 뭐노,그 2학년 이빨은 기숙사에서 점호끝나고 1학년이 2학년 방에 들어가서 문잠구고 선빵갈겨다는데 그래서 이빨깨졌데 - dc official App,ㅇㅇ (211.251) 2024.07.18 10:43:36 스크랩 조회 177 추천 4 댓글 8,4,177,2024.07.18 10:43:36,https://gall.dcinside.com/mgallery/board/view/?id=goseongjungang&no=1945&page=6
6,1944,[일반],실시간 앙고 하극상,1학년이 7월17일 술을 마시고 2학년에게 다이신청 이유는 잘 모르겠음 애들 말로는 전여친이랑 사겨서 그런거라고 하기도 하고 계속 꼬라봤다고 그런거라고 하기도 하고 근데 오늘 쉬는시간에 1학년이 3층까지 올라옴. 다이치려고 했던듯 이새기가 올라 와 있으니까 2학년이 하나둘 모이고 어떤 2학년이 그 1학년 데리고 내려감 이게 무슨 일이노..!! - dc official App,ㅇㅇ (211.251) 2024.07.18 10:00:30 스크랩 조회 427 추천 10 댓글 10,10,427,2024.07.18 10:00:30,https://gall.dcinside.com/mgallery/board/view/?id=goseongjungang&no=1944&page=6
6,1943,[일반],주딱부재중이네,현역인 갱생게이가 주딱적합하지않나?,앙붕쯔 (211.251) 2024.07.17 23:39:07 스크랩 조회 123 추천 1 댓글 1,1,123,2024.07.17 23:39:07,https://gall.dcinside.com/mgallery/board/view/?id=goseongjungang&no=1943&page=6
6,1942,[일반],낙서 ㅁㅌㅊ,낙서 ㅁㅌㅊ? ㅋㅋ 잡을테면 잡아보라지~ - dc official App,ㅇㅇ (211.251) 2024.07.16 14:31:56 스크랩 조회 265 추천 5 댓글 3,5,265,2024.07.16 14:31:56,https://gall.dcinside.com/mgallery/board/view/?id=goseongjungang&no=1942&page=6
6,1940,[일반],긱사 1층 화장실서 포켓몬으로,딸친다는 새끼 누구임? 소문 쫙 퍼졌던데 취향은 존중하는데 긱사에선 그러지말자 ㅈㄴ찝찝하다 - dc official App,ㅇㅇ (223.39) 2024.07.11 21:48:44 스크랩 조회 294 추천 9 댓글 5,9,294,2024.07.11 21:48:44,https://gall.dcinside.com/mgallery/board/view/?id=goseongjungang&no=1940&page=6
6,1939,[일반],앙고 이 씨발새끼들아 우리 태현이를 돌려줘라,"태현이 원래 너네같은 씹덕들보면 화를 주체못하던친구였다. 그런데 얼마전 자기 반에 버튜버 자꾸 바이럴해서 짜증난다고 한뒤로 갑자기 학교도안나오고 사라졌었음 많이 걱정하고있었는데 어제 드디어 학교를나오더라? 근데 그 씹덕을싫어하던 태현이가 팔짱에 이상한 진한회색머리 를한 애니캐릭터를끼고있는거아니겠냐? 난 당연히 태현이성격상 저걸 본인이사진않았을거고 어디서 씹덕새끼하나패고 전리품으로주워온건줄알았음 그래서 ""야 태현아 너 안나와서 걱정얼마나했는데.. 근데 그 팔에끼고있는씹덕캐릭터는뭐냐? 찐따패고 전리품으로 챙긴 거야?""라고 말하니까 바로 태현이가 나한태 RKO를 박아버리더니 ""씹덕캐릭터가아니고 니니아. 한번만 더 그 입을 나불거리면 다음엔 7번흉추를 부러뜨려주마."" 라고하더니 유유히 자리를 떠나는거아니겠음? 못본사이에 너무 달라진 태현이의모습에 버튜버가 뭔지부터 계속알아내본결과 너네가 무슨짓을했는지는 모르겠지만 우리 태현이를 세뇌를시켰던 약점을잡아서 협박을하고있던 태현이를 조종하고있다는걸 알게됐다. 이씨발새끼들아 좋은말로할때 태현이를 원래대로돌려놔라. - dc official App",ㅇㅇ (211.251) 2024.07.10 14:46:47 스크랩 조회 177 추천 2 댓글 2,2,177,2024.07.10 14:46:47,https://gall.dcinside.com/mgallery/board/view/?id=goseongjungang&no=1939&page=6
6,1938,[일반],사복데이는 뭔 사복데이냐 꼴깝레전드내,어차피 교복입고와서 갈아입으면서 뭐가다른거냐 레알로,ㅇㅇ (211.234) 2024.07.05 02:57:19 스크랩 조회 235 추천 0 댓글 1,0,235,2024.07.05 02:57:19,https://gall.dcinside.com/mgallery/board/view/?id=goseongjungang&no=1938&page=6
6,1937,[일반],씨발 뭐노,01 졸업생 딸피인데 이런갤도있노 ㅅㅂ ㅋㅋㅋ - dc official App,Replica_ 2024.07.03 01:18:50 스크랩 조회 202 추천 1 댓글 2,1,202,2024.07.03 01:18:50,https://gall.dcinside.com/mgallery/board/view/?id=goseongjungang&no=1937&page=6
6,1936,[🖥정보],2024 부산대 정시 입결,참고하세용 - dc official App,오비탈 2024.06.29 13:22:47 스크랩 조회 255 추천 0 댓글 0,0,255,2024.06.29 13:22:47,https://gall.dcinside.com/mgallery/board/view/?id=goseongjungang&no=1936&page=6
6,1934,[일반],학교 본관 폐쇄함?,이거뭐지,지리산 2024.06.23 01:04:18 스크랩 조회 210 추천 0 댓글 2,0,210,2024.06.23 01:04:18,https://gall.dcinside.com/mgallery/board/view/?id=goseongjungang&no=1934&page=6
6,1933,[일반],방학때 할거,메이플 하버 ㅇㅇ,48385 2024.06.21 23:03:57 스크랩 조회 145 추천 1 댓글 1,1,145,2024.06.21 23:03:57,https://gall.dcinside.com/mgallery/board/view/?id=goseongjungang&no=1933&page=6
6,1932,[✨리뷰],서울대 리뷰 2. 시험기간의 일상,"귀찮아서 안쓰고있다가 까먹음 내리고 바로 올렸어야했는데 안해서 ㅈㅅ 구관 중에서 92x동은 엘리베이터가 없는 4층짜리 건물이다 덕분에 매일 운동을 할 수 있어서 좋다 씨발. 이날은 전날에 폰하느라 늦게자서 아침에 안씻고 나갔다 솔직히 아침에 씻어야되나? ㄹㅇ 씻어야된다는것도 가스라이팅임 하지만 아침은 먹어야제 기숙사 편의점에서 샌드위치 사먹음 그림자는 무시하자 늦잠자는바람에 정식 루트로 가면 늦어서 샛길로 가야됨 학교가 존나 커서 기숙사여도 걸어가는 데 오래 걸리지만, 다행히 교양이 열리는 사회대쪽은 빠르면 10분만에 갈 수 있다 교양 듣는 사회대 멀티미디어강의동 건물이 신기하게 생겼는데 외관 찍는거 까먹음 수업 끝나고 학식먹으러 학생회관 가는 길에 있는 텐트 팔.레1스2타3인 지지 시위 차원에서 텐트치고 농?성하는건데 더워서인지 방수포를 덮어놨다 솔직히 꼴값레전드 ㅋㅋ같긴함 이런게 의미가있나 텐트를 지나서 학생회관 가는중 아주 맛좋은 돈까스를 먹으러 왓다 으흐흐 사실 한양대 있을 적이 학식이 훨 낫긴 했음 ㅇㅇ.. 거긴 3600원이어서 ㄹㅇ굿 오후 강의 들으러 가는 길에 찍은 관정도서관 대부분의 학생이 이용하지만 나는 제대로 가본 적이 없다 가끔 중앙도서관 가고 보통은 기숙사 안에만 있음 오후 강의 들으러 가는 길에 찍은 물리천문학부 건물 계단 방향이 물천 사람들처럼 정말 기괴하다 물평ㅋㅋ 오후 수업을 듣는 공대멀티미디어강의동 강의실 내부 모습은 이렇게 생겼다 강의 마치고 대학영어 마지막 공부하려고 먹은 학식스 공부가 아니라 폰한다고 늦게자서 집중하려면 핫식스 먹어야됐다 아오 난 왜이렇게 게을러진거야 대학영어 시험 치고 돌아온 기숙사 시험은 음.....좆망 제발 교수님 은혜를 베풀어주십시오 ㅠㅠ 기숙사 구관은 정맥을 인식해서 출입한다 근데좀병신같은게손에뭐들고있으면어려움 저녁밥 솔직히 시장에서 통닭 사먹는게 나은데 나가기 귀찮아서 기숙사 식당에서 사먹음 개적폐같다고 늘 생각하면서도 처먹을수밖에 없음 저녁 먹고 마지막으로 전공 공부하고 잣늠 사실 공부시간보다 폰 본 시간이 압도적으로 많지만 다음날 경제원론 시험 치고 나온 농대 건물 교수님께서 시험을 쉽게 내주셔서 많이 풀었다 ㄹㅇ굿 절평인데도 점수를 퍼주시는 goat 점심에는 농대의 자랑 두레미담을 기분좋게 먹었다 6500원짜리 식당인데 자율배식이라 존나게 퍼담을수있음 배고플때 먹으면 ㅅㅌㅊ 오후수업 다 듣고 기숙사에서 아이스크림 하나 사목음 역시 아이스크림은 빵빠레 바닐라 처음 보내는 학기라 걱정을 많이 했는데 (한양대언급하면고소함) , 아직 성적은 안나왔지만 괜찮게 지낸 것 같습니다 전 일반전형으로 들어간 게 아니니까 개인적으로 제 수준에 안 맞는 학교라고 생각했는데, 그래도 버틸만은 한 것 같네요 읽어줘서 ㄱㅅ 앙붕이들 파이팅",지리산 2024.06.19 01:34:29 스크랩 조회 506 추천 5 댓글 5,5,506,2024.06.19 01:34:29,https://gall.dcinside.com/mgallery/board/view/?id=goseongjungang&no=1932&page=6
6,1931,[일반],지리산 들어와라,어어 그래 그대~로 나가라 - dc official App,ㅇㅇ (211.251) 2024.06.18 13:06:32 스크랩 조회 132 추천 0 댓글 1,0,132,2024.06.18 13:06:32,https://gall.dcinside.com/mgallery/board/view/?id=goseongjungang&no=1931&page=6
6,1930,[일반],역시 미술은 슼햄,뒷자리 수험생을 범/부로 만들듯 - dc official App,ㅇㅇ (211.251) 2024.06.18 13:01:56 스크랩 조회 116 추천 0 댓글 0,0,116,2024.06.18 13:01:56,https://gall.dcinside.com/mgallery/board/view/?id=goseongjungang&no=1930&page=6
6,1929,[일반],지리산은 들어라,내일 점심시간 본관 ​ 1층 남자화장실로 나와라 안나오면 ​ 뒤 .진.다. - dc official App,ㅇㅇ (211.251) 2024.06.18 09:40:14 스크랩 조회 127 추천 0 댓글 4,0,127,2024.06.18 09:40:14,https://gall.dcinside.com/mgallery/board/view/?id=goseongjungang&no=1929&page=6
6,1928,[❓️질문],방학언제임?,ㅈㄱㄴ,ㅇㅇ (39.113) 2024.06.13 02:12:06 스크랩 조회 106 추천 1 댓글 2,1,106,2024.06.13 02:12:06,https://gall.dcinside.com/mgallery/board/view/?id=goseongjungang&no=1928&page=6
6,1927,[일반],앙붕이 도와주십시오..,돈이 없어서 레스비도 못사먹습니다.. 따흐흑.. - dc official App,ㅇㅇ (211.251) 2024.06.10 19:49:35 스크랩 조회 166 추천 0 댓글 4,0,166,2024.06.10 19:49:35,https://gall.dcinside.com/mgallery/board/view/?id=goseongjungang&no=1927&page=6
6,1926,[일반],07앙붕이 도와주십시오,공부는 어떻게 해야하는건가요 - dc official App,ㅇㅇ (115.143) 2024.06.08 00:16:18 스크랩 조회 187 추천 0 댓글 1,0,187,2024.06.08 00:16:18,https://gall.dcinside.com/mgallery/board/view/?id=goseongjungang&no=1926&page=6
6,1925,[🖥정보],오늘의 추천,오늘은 금요일입니다. 오늘이 끝나면 주말이지요. 슬슬 시험기간이라 힘들거라고 생각합니다. 그런 당신들을 위해 오늘의 추천은 IPX 192입니다. 다들 ㅅㄱ하세요,ㅇㅇ (211.46) 2024.06.07 10:43:33 스크랩 조회 116 추천 4 댓글 1,4,116,2024.06.07 10:43:33,https://gall.dcinside.com/mgallery/board/view/?id=goseongjungang&no=1925&page=6
6,1924,[일반],요즘 다시 야구를 보고 있는데,하필이면 개접대 연패행진중이네요,지리산 2024.05.30 22:06:01 스크랩 조회 138 추천 0 댓글 0,0,138,2024.05.30 22:06:01,https://gall.dcinside.com/mgallery/board/view/?id=goseongjungang&no=1924&page=6
6,1923,[일반],누가 고성중앙고 문서 업뎃좀 해라,거듭말하지만 나무위키 문서와 갤러리가 활성화된 고등학교가 명문고다 학교의 위상을 드높여야 하지 안겟냐?? 바로 계정 파서 수정 실시.,지리산 2024.05.30 00:29:46 스크랩 조회 217 추천 0 댓글 0,0,217,2024.05.30 00:29:46,https://gall.dcinside.com/mgallery/board/view/?id=goseongjungang&no=1923&page=6
6,1922,[일반],전에 긱사에서 지리산 봤는데,내가 게이는 아닌데.. - dc official App,ㅇㅇ (223.39) 2024.05.29 22:11:54 스크랩 조회 170 추천 0 댓글 1,0,170,2024.05.29 22:11:54,https://gall.dcinside.com/mgallery/board/view/?id=goseongjungang&no=1922&page=6
6,1921,[💩똥글],지리산 얼굴 깜,장난 아니고 ㄹㅇ이다 ㅇㅇ;; - dc official App,오비탈 2024.05.29 20:28:13 스크랩 조회 383 추천 6 댓글 3,6,383,2024.05.29 20:28:13,https://gall.dcinside.com/mgallery/board/view/?id=goseongjungang&no=1921&page=6
6,1920,[❓️질문],지리산 들어와,지리산아 나04년생인데 삼수준비 지금 준비해도 안늦냐?,ㅇㅇ (219.254) 2024.05.29 17:36:24 스크랩 조회 190 추천 1 댓글 3,1,190,2024.05.29 17:36:24,https://gall.dcinside.com/mgallery/board/view/?id=goseongjungang&no=1920&page=6
6,1919,[일반],지리산 병신년아 들어와봐,어 이제 나가라 ㅄ 말 잘듣노,ㅇㅇ (164.125) 2024.05.28 13:41:24 스크랩 조회 192 추천 1 댓글 2,1,192,2024.05.28 13:41:24,https://gall.dcinside.com/mgallery/board/view/?id=goseongjungang&no=1919&page=6
6,1918,[❓️질문],국어황 지리산님,국어 시간배분은 어케 함요???,ㅇㅇ (223.39) 2024.05.27 21:56:15 스크랩 조회 174 추천 1 댓글 7,1,174,2024.05.27 21:56:15,https://gall.dcinside.com/mgallery/board/view/?id=goseongjungang&no=1918&page=6
6,1917,[🎵지듣노],솔랭의 제왕 에디를 잇는,https://www.youtube.com/watch?v=sl9MKV8rH3s 원딜의 신 바이퍼 - dc official App,ㅇㅇ (211.251) 2024.05.27 21:54:34 스크랩 조회 87 추천 2 댓글 0,2,87,2024.05.27 21:54:34,https://gall.dcinside.com/mgallery/board/view/?id=goseongjungang&no=1917&page=6
6,1916,[일반],속보) 노무현 전 대통령 사,다리꼴,ㅇㅇ (211.234) 2024.05.23 10:18:54 스크랩 조회 120 추천 1 댓글 0,1,120,2024.05.23 10:18:54,https://gall.dcinside.com/mgallery/board/view/?id=goseongjungang&no=1916&page=6
7,1915,[일반],중력절 15주년 기념,- dc official App,ㅇㅇ (210.92) 2024.05.23 00:51:00 스크랩 조회 84 추천 4 댓글 0,4,84,2024.05.23 00:51:00,https://gall.dcinside.com/mgallery/board/view/?id=goseongjungang&no=1915&page=7
7,1914,[일반],반수준비나 할까,오늘 킬캠 풀어봄 6개월만에 하는거라 기억이 잘 안남,마루쉑 (203.248) 2024.05.22 03:40:58 스크랩 조회 159 추천 0 댓글 1,0,159,2024.05.22 03:40:58,https://gall.dcinside.com/mgallery/board/view/?id=goseongjungang&no=1914&page=7
7,1913,[일반],갤 진짜죽음?,하.,지리산 2024.05.21 19:44:17 스크랩 조회 112 추천 0 댓글 1,0,112,2024.05.21 19:44:17,https://gall.dcinside.com/mgallery/board/view/?id=goseongjungang&no=1913&page=7
7,1911,[🖥정보],[만화] 마지막 일주일(完),갤 둘러보다가 아래 만화 있길래 생각나서 가져와봤어요 '사람은 바뀌지 않는다' 만화의 내용이 충격적이긴 하지만 희망과 동기부여가 되는지는 잘 모르겠어서 동기부여 측면에선 이게 나은것같기도,지리산 2024.05.18 12:59:50 스크랩 조회 226 추천 0 댓글 1,0,226,2024.05.18 12:59:50,https://gall.dcinside.com/mgallery/board/view/?id=goseongjungang&no=1911&page=7
7,315,[🖥정보],[만화] 사람은 바뀌지 않는다 (앰생도살만화),,ㅇㅇ (222.97) 2022.09.17 14:21:54 스크랩 조회 270 추천 2 댓글 3,2,270,2022.09.17 14:21:54,https://gall.dcinside.com/mgallery/board/view/?id=goseongjungang&no=315&page=7
7,986,[일반],중앙갤 시즌3 2대 주딱 중앙고갤러리 게이님을 환영합니다,시즌3 1대 주딱 오비탈 (2022/08/05~2023/02/15) -> 시즌3 2대 주딱 중앙고갤러리 (2023/02/15~) 부디 이 갤러리를 잘 이끌어 나가주세요 ㅠㅠ,오비탈 2023.02.15 01:05:04 스크랩 조회 198 추천 0 댓글 0,0,198,2023.02.15 01:05:04,https://gall.dcinside.com/mgallery/board/view/?id=goseongjungang&no=986&page=7
7,1910,[일반],중앙고갔다옴,공사한는거첨봄,지리산 2024.05.16 00:46:22 스크랩 조회 170 추천 0 댓글 0,0,170,2024.05.16 00:46:22,https://gall.dcinside.com/mgallery/board/view/?id=goseongjungang&no=1910&page=7
7,1909,[일반],지리산선배 중앙고 오심?,스승의 날이라고 기숙사 오심? 졸업하신 선배분들 오시던데 - dc official App,ㅇㅇ (211.251) 2024.05.15 21:43:59 스크랩 조회 142 추천 1 댓글 1,1,142,2024.05.15 21:43:59,https://gall.dcinside.com/mgallery/board/view/?id=goseongjungang&no=1909&page=7
7,1908,[일반],전 주딱이랑 토4V8 식별코드좀,어찌저찌 2차인증해서 ㅈㄴ늦었지만 파딱 필요하면 드릴려고함 추가로 무능한 주딱땜에 피해본거같아서 파딱들 6월쯤에 싸벅이라도 줄게 - dc official App,ㅈㅁㄴㅇ 2024.05.15 18:13:30 스크랩 조회 85 추천 1 댓글 3,1,85,2024.05.15 18:13:30,https://gall.dcinside.com/mgallery/board/view/?id=goseongjungang&no=1908&page=7
7,1906,[일반],비번 알아냈거든?,근데 왜 2차인증할때 비번은 틀렸다고 나오지 - dc official App,ㅈㅁㄴㅇ 2024.05.10 13:56:13 스크랩 조회 126 추천 0 댓글 1,0,126,2024.05.10 13:56:13,https://gall.dcinside.com/mgallery/board/view/?id=goseongjungang&no=1906&page=7
7,1905,[일반],파딱 지리산님을 폭로합니다,쫄아서 들어온 지리산님은 개추 ㅋㅋㅋㅋㅋ,고야드 (106.102) 2024.05.09 01:18:29 스크랩 조회 145 추천 0 댓글 1,0,145,2024.05.09 01:18:29,https://gall.dcinside.com/mgallery/board/view/?id=goseongjungang&no=1905&page=7
7,1904,[일반],지금 현역들은 정상인들밖에 없냐 아무도 디시를 안하나,자고로 명문고란 디씨 갤창 비율이 높은 학교인것을 중앙고도 망조가들엇구나.,지리산 2024.05.08 23:56:33 스크랩 조회 256 추천 0 댓글 5,0,256,2024.05.08 23:56:33,https://gall.dcinside.com/mgallery/board/view/?id=goseongjungang&no=1904&page=7
7,1903,[일반],망했네 니미,보안코드랑 비밀번호 잊어버림 치매노.. - dc official App,ㅈㅁㄴㅇ 2024.05.07 20:28:05 스크랩 조회 117 추천 0 댓글 3,0,117,2024.05.07 20:28:05,https://gall.dcinside.com/mgallery/board/view/?id=goseongjungang&no=1903&page=7
7,1902,[💩똥글],본인 기숙사 두번째 피규어..,9만원주고샀음 아주 귀엽습니다..,중앙고갤러리 2024.04.29 12:53:46 스크랩 조회 244 추천 5 댓글 1,5,244,2024.04.29 12:53:46,https://gall.dcinside.com/mgallery/board/view/?id=goseongjungang&no=1902&page=7
7,1901,[일반],여긴 뭐노?,- dc official App,ㅇㅇ 2024.04.24 12:02:33 스크랩 조회 154 추천 0 댓글 0,0,154,2024.04.24 12:02:33,https://gall.dcinside.com/mgallery/board/view/?id=goseongjungang&no=1901&page=7
7,1900,[일반],지리산님,서울대리뷰 2편 왜내림요... 나중에 볼려고 아껴두고 있었는데 내려가서 못보고 있음요 빨리 올려주셈요,ㅇㅇ (223.39) 2024.04.23 01:17:23 스크랩 조회 157 추천 0 댓글 3,0,157,2024.04.23 01:17:23,https://gall.dcinside.com/mgallery/board/view/?id=goseongjungang&no=1900&page=7
7,1899,[일반],대회글쓴 본인인데,까먹고 있었다 미안하다 근데 2명만 참가하는거 실화냐 재앙고 다됬네 이걸 추첨하기도 뭐한데 룰렛아님 사다리타기로 가야하나 - dc official App,ㅇㅇ (223.39) 2024.04.20 00:48:43 스크랩 조회 123 추천 0 댓글 1,0,123,2024.04.20 00:48:43,https://gall.dcinside.com/mgallery/board/view/?id=goseongjungang&no=1899&page=7
7,1898,[일반],방금 칼삭 뭐냐,내용 보긴 했는데 새로고침 하자마자 삭제됐네 신고는 학교에 하세요 그랬는데도 안된거면 몰라도 밑도끝도없이 공론화하려는건 잘못됨,지리산 2024.04.18 23:01:31 스크랩 조회 118 추천 0 댓글 0,0,118,2024.04.18 23:01:31,https://gall.dcinside.com/mgallery/board/view/?id=goseongjungang&no=1898&page=7
7,1896,[일반],형은 공군 리뷰하러 갈게,그래그래 금방이야 - dc official App,오비탈 2024.04.18 09:10:22 스크랩 조회 118 추천 0 댓글 0,0,118,2024.04.18 09:10:22,https://gall.dcinside.com/mgallery/board/view/?id=goseongjungang&no=1896&page=7
7,1894,[일반],바닷물이 짠 이유,상어가 울어서ㄷㄷ,48385 2024.04.16 01:24:30 스크랩 조회 103 추천 0 댓글 1,0,103,2024.04.16 01:24:30,https://gall.dcinside.com/mgallery/board/view/?id=goseongjungang&no=1894&page=7
7,1893,[💩똥글],피규어샀따,외로운 대학생활을 달래줄 피규어 도착 적적한 기숙사가 조금 따뜻해진 기분이네요..,중앙고갤러리 2024.04.15 19:22:31 스크랩 조회 141 추천 5 댓글 1,5,141,2024.04.15 19:22:31,https://gall.dcinside.com/mgallery/board/view/?id=goseongjungang&no=1893&page=7
7,1892,[✨리뷰],서울대 리뷰 1. 서울대 가는 법,"오랜만입니다. 서울대 리뷰를 올려달래서 시리즈물로 만들 계획. 이번 편은 말 그대로 '서울대 가는 법'임뇨 총선덕분에 화~일 레전드 휴일 생겨서 고성내려옴 날이 갑자기 더워져서 퇴물된 과잠 집에 유기하고 출발 고성여객자동차터미널에서 버스를 타고 올라간다. 서울 가는 차는 매진이 잘 돼서 티머니go 앱으로 예약하는게 필수다. 통영부산마산진주처럼 예매안되는곳만 가다가 서울가면 표 못사서 망할수있음.. 예매하고 탑승할 때 앱 켜서 qr 찍고 타면 됨 3시간 40분~4시간의 여정 끝에 서울남부터미널에 하차 하차장에서 바로 왼쪽으로 가면 3호선 남부터미널역이 있다. 3호선 교대방면(대화역 방향)으로 가서 바로 다음 역인 교대역에서 2호선 서초방면(내선순환) 노선으로 환승 교대 - 서초 - 방배 - 사당 - 낙성대 낙성대역에서 하차 낙성대역 4번출구(낙성대)로 나와서 쭉 직진한 뒤 gs칼텍스 지나서 왼쪽으로 꺾으면 관악02 정류장이 나온다. 승차 학부생활관에서 하차하면 바로 기숙사 도착~ 기숙사가 아닌 다른 곳을 가고싶으면 관악사삼거리에서 내려서 걸어가면 된다. 사범대, 인문대는 관악02로 오는게 편하다. 다만 다른 곳으로 가고싶다면 서울대입구역에서 551X편을 타는 게 더 좋을 것이다. 신림선도 있긴 한데 쾌적하지만 시간이 너무 오래 걸려서 비추. 매일 술먹고(혼자) 게임하다가 갑자기 과제하고 시험공부 하려니까 힘들음...님들은 대학가서도 고등학교때처럼 시험공부 제때제때 하시길 바람미다.",지리산 2024.04.14 19:52:12 스크랩 조회 984 추천 11 댓글 5,11,984,2024.04.14 19:52:12,https://gall.dcinside.com/mgallery/board/view/?id=goseongjungang&no=1892&page=7
7,1891,[일반],울 학교 이게맞냐,"시험기간인데 운동장은 공사하고 매시간마다 화제경보 울리고 ㄹㅇ 고성 ""중앙""인 이유가 있었네 - dc official App",ㅇㅇ (211.251) 2024.04.12 15:23:50 스크랩 조회 208 추천 1 댓글 6,1,208,2024.04.12 15:23:50,https://gall.dcinside.com/mgallery/board/view/?id=goseongjungang&no=1891&page=7
7,1890,[일반],이준석 지리긴 하네,대 대 ㅋㅋ - dc official App,오비탈 2024.04.11 03:38:12 스크랩 조회 124 추천 0 댓글 1,0,124,2024.04.11 03:38:12,https://gall.dcinside.com/mgallery/board/view/?id=goseongjungang&no=1890&page=7
7,1889,[일반],이준석 당선 뭐임 ㄷㄷ,ㄷㄷㄷ,48385 2024.04.11 02:26:23 스크랩 조회 118 추천 1 댓글 1,1,118,2024.04.11 02:26:23,https://gall.dcinside.com/mgallery/board/view/?id=goseongjungang&no=1889&page=7
7,1888,[일반],나라 ㅈ망했노,170석 존나 무서운데,ㅇㅇ (223.39) 2024.04.10 23:59:53 스크랩 조회 99 추천 1 댓글 1,1,99,2024.04.10 23:59:53,https://gall.dcinside.com/mgallery/board/view/?id=goseongjungang&no=1888&page=7
7,1887,[💩똥글],나라 망했네,이 씨발새끼들 솔직히 한달전부터 ㅈ같았음 걍 공산화 ㄱ,지리산 2024.04.10 19:08:49 스크랩 조회 223 추천 6 댓글 3,6,223,2024.04.10 19:08:49,https://gall.dcinside.com/mgallery/board/view/?id=goseongjungang&no=1887&page=7
7,1886,[일반],학교가기 싫다,아니 왜 수요일만 쉬게하는거임? 에초에 수요일이 휴일이면 안됬어... - dc official App,ㅇㅇ (183.104) 2024.04.10 19:08:15 스크랩 조회 104 추천 1 댓글 2,1,104,2024.04.10 19:08:15,https://gall.dcinside.com/mgallery/board/view/?id=goseongjungang&no=1886&page=7
7,1885,[일반],이정도면 몇번급임?,홍진경 설수리편에서 정승제가 내준건데 20번정도됨?,48385 2024.04.10 04:01:33 스크랩 조회 162 추천 0 댓글 4,0,162,2024.04.10 04:01:33,https://gall.dcinside.com/mgallery/board/view/?id=goseongjungang&no=1885&page=7
7,1882,[일반],대충 수학 물리 화학 3모 풀어봄,전체적인 난이도는 걍 쉬웠음 내가 틀린건 개념을 까먹어서 틀린게 대부분인데 수학이랑 물리엔 어려운문제 1개씩있는듯 화학은 구라안치고 개 쉬웠음 킬러 난이도가 많이 낮아진거같으니 준킬러 많이 푸세요 - dc official App,마루쉑 (203.248) 2024.04.04 00:48:07 스크랩 조회 190 추천 5 댓글 1,5,190,2024.04.04 00:48:07,https://gall.dcinside.com/mgallery/board/view/?id=goseongjungang&no=1882&page=7
7,1881,[일반],3모 생명 함 풀어봄,풀이 알아볼 수 있을지 모르겠네 좀 오래되서 까먹은거나 헷갈리는 것도 몇개 있고... 수능 치다 3모 풀어보니까 확실히 쉽긴 하네 수학이랑 화학은 마루쉑이 알아서 올려줄거라 믿음 ㅇ,오비탈 2024.04.01 22:23:54 스크랩 조회 143 추천 0 댓글 1,0,143,2024.04.01 22:23:54,https://gall.dcinside.com/mgallery/board/view/?id=goseongjungang&no=1881&page=7
7,1880,[일반],대회 열라고함,1학년들 첫모고 기념으로 대회하나 열려고함 대회는 간단하게 모고풀이 혹은 첫모고 등급 보여주고 앞으로 등급컷 어느정도 맞추겠다 하면됨 대회상품은 전에 받은 게임 선물할려고 하는데 다른것도 가능 별로 사람 참여를 안할거 같긴한데 일단 많관부 대회 일정은 몇일동안 사람 참여없으면 걍 폐지할려고 따로 안적음 3줄요약 1. 대회열음 보상은 게임한개 2. 조건은 재학생이 올린 모고풀이 혹은 등급컷  다짐 3.일정은 딱히 안정함 많관부 - dc official App,ㅇㅇ (223.39) 2024.03.31 21:21:14 스크랩 조회 244 추천 5 댓글 6,5,244,2024.03.31 21:21:14,https://gall.dcinside.com/mgallery/board/view/?id=goseongjungang&no=1880&page=7
7,1879,[❓️질문],지리산,06인데 상담좀 가능한가여,ㅇㅇ (118.235) 2024.03.31 12:27:19 스크랩 조회 133 추천 1 댓글 2,1,133,2024.03.31 12:27:19,https://gall.dcinside.com/mgallery/board/view/?id=goseongjungang&no=1879&page=7
7,1878,[일반],3모 몇개 풀이 올리면 보냐?,대충 수 물 화 한국사 풀이 올려볼까 - dc official App,마루쉑 (211.46) 2024.03.30 15:13:17 스크랩 조회 126 추천 1 댓글 3,1,126,2024.03.30 15:13:17,https://gall.dcinside.com/mgallery/board/view/?id=goseongjungang&no=1878&page=7
7,1877,[🎵지듣노],무야홍♥,https://youtu.be/35dcx8n1usc,오비탈 2024.03.30 09:37:25 스크랩 조회 97 추천 0 댓글 0,0,97,2024.03.30 09:37:25,https://gall.dcinside.com/mgallery/board/view/?id=goseongjungang&no=1877&page=7
7,1876,[일반],분리수거장 옆 그네 완성,분리수거장 옆 나무에 외줄그네를 만들어 놓았습니다. 타라고 만들어 놓은거니까 편하게 이용해 주세요. 많은 관심 부탁 드립니다. 사진은 까먹고 안 찍어서 월요일에 올리도록 하겠음 - dc official App,쫴년 (211.216) 2024.03.30 01:04:07 스크랩 조회 186 추천 5 댓글 1,5,186,2024.03.30 01:04:07,https://gall.dcinside.com/mgallery/board/view/?id=goseongjungang&no=1876&page=7
7,1875,[일반],4개월동안 공부안하고 오랜만에 3모 수학쳐봄,이정도면 나쁘지않냐? 까먹은게 많아서 못푼문제 2개임 토요일이나 일요일에 국탐도 쳐봐야지,마루쉑 (211.46) 2024.03.30 00:00:35 스크랩 조회 110 추천 1 댓글 1,1,110,2024.03.30 00:00:35,https://gall.dcinside.com/mgallery/board/view/?id=goseongjungang&no=1875&page=7
7,1874,[일반],대학 왜이리 바쁘지..,"금공강도 아닌데 쉴 시간이 없음.. 과제도 많고 주말엔 mt 3주 연속에, 월요일날엔 지도교수가 얼굴도 보자 하고 ot조 뒷뒷풀이 mt조 뒷풀이랑 동아리mt도 해야 하고.. 진짜 고성 너무 가고싶다 그립다..",중앙고갤러리 2024.03.29 20:10:16 스크랩 조회 135 추천 1 댓글 3,1,135,2024.03.29 20:10:16,https://gall.dcinside.com/mgallery/board/view/?id=goseongjungang&no=1874&page=7
7,1873,[일반],3모 잘쳤든 못쳤든 꾸준히 달리시길.,"대학은 3모로 가는게 아니고, 더 떨어질 수도 더 오를 수도 있습니다. 11월까지의 시간은 작은 변수가 아니니까요. 뭐 주말까진 공부 안될수도 있을테니까 주말까지만 푹 쉬고 다시 계획대로 착착 해나가시길 바랍니다. 고성중앙고 파이팅!!",지리산 2024.03.29 00:34:30 스크랩 조회 119 추천 5 댓글 0,5,119,2024.03.29 00:34:30,https://gall.dcinside.com/mgallery/board/view/?id=goseongjungang&no=1873&page=7
7,1868,[일반],전주딱의 유산?,헉 - dc official App,ㅇㅇ (183.104) 2024.03.24 10:40:23 스크랩 조회 105 추천 1 댓글 2,1,105,2024.03.24 10:40:23,https://gall.dcinside.com/mgallery/board/view/?id=goseongjungang&no=1868&page=7
7,1867,[일반],앙고 갤러리님 여기 같이 가실건가요,현대 백화점에서 미쿠 굿즈 판다는디 같이 가실렵니까 - dc official App,ㅇㅇ (211.251) 2024.03.21 13:04:51 스크랩 조회 163 추천 1 댓글 2,1,163,2024.03.21 13:04:51,https://gall.dcinside.com/mgallery/board/view/?id=goseongjungang&no=1867&page=7
7,1866,[일반],학교가기싫다,오래된 생각이다,48385 2024.03.18 01:55:37 스크랩 조회 82 추천 1 댓글 0,1,82,2024.03.18 01:55:37,https://gall.dcinside.com/mgallery/board/view/?id=goseongjungang&no=1866&page=7
7,1865,[일반],갤 망했노,일베 ㄲㅈ,ㅇㅇ (121.177) 2024.03.16 20:58:13 스크랩 조회 153 추천 0 댓글 2,0,153,2024.03.16 20:58:13,https://gall.dcinside.com/mgallery/board/view/?id=goseongjungang&no=1865&page=7
7,1863,[일반],혹시 2관 노래좀 대신 써주실분,응디시티로 도배해버려라 - dc official App,토4V8 2024.03.14 23:20:19 스크랩 조회 126 추천 0 댓글 2,0,126,2024.03.14 23:20:19,https://gall.dcinside.com/mgallery/board/view/?id=goseongjungang&no=1863&page=7
7,1862,[일반],이거 찌르면 어케됨?,어제 점심에 2학생 같은 얘들 3명이서 기숙사 2관 뒤에서 담배피고 나오던데 이거 신고하면 어캐되는거 걔내는 비기숙사 같더라 - dc official App,ㅇㅇ (211.251) 2024.03.14 16:24:15 스크랩 조회 173 추천 0 댓글 3,0,173,2024.03.14 16:24:15,https://gall.dcinside.com/mgallery/board/view/?id=goseongjungang&no=1862&page=7
7,1861,[일반],기숙사 은근 ㅈ같네,1층 화장실 하필 내가 급할때 휴지가 없네 그냥 하나 들고 다녀야하나 ㅅㅂ - dc official App,ㅇㅇ (223.39) 2024.03.13 17:50:31 스크랩 조회 178 추천 0 댓글 3,0,178,2024.03.13 17:50:31,https://gall.dcinside.com/mgallery/board/view/?id=goseongjungang&no=1861&page=7
7,1860,[일반],학교가기 ㅈㄴ 싫다,오래된 생각이다.,48385 2024.03.13 01:44:06 스크랩 조회 90 추천 1 댓글 0,1,90,2024.03.13 01:44:06,https://gall.dcinside.com/mgallery/board/view/?id=goseongjungang&no=1860&page=7
7,1858,[💩똥글],자꾸 틀딱새끼들 꺼지라고 하는데,그 틀딱새끼들 덕분에 지금 이 갤러리가 있는거다 감사해도 모자랄판에 꺼지는건 무슨 경우냐 항상 예를 다해라.,ㅇㅇ (223.39) 2024.03.12 22:00:42 스크랩 조회 165 추천 1 댓글 4,1,165,2024.03.12 22:00:42,https://gall.dcinside.com/mgallery/board/view/?id=goseongjungang&no=1858&page=7
7,1857,[❓️질문],앙붕이 문제집 질문 하나만,중학교때 전부 꼬라박아서 개념ㅈ도 없는데 교과서 문제집 사고 개념파악한 다음에 자이로스토리나 올림푸스같은거 살까 문제집은 수학 영어 과학 3대장 위주로 공부할 생각임 - dc official App,ㅇㅇ (211.251) 2024.03.12 21:37:52 스크랩 조회 123 추천 1 댓글 13,1,123,2024.03.12 21:37:52,https://gall.dcinside.com/mgallery/board/view/?id=goseongjungang&no=1857&page=7
7,1856,[💩똥글],차기 대통령의 먹방쇼,ㅋㅋ,지리산 2024.03.12 17:51:56 스크랩 조회 114 추천 0 댓글 2,0,114,2024.03.12 17:51:56,https://gall.dcinside.com/mgallery/board/view/?id=goseongjungang&no=1856&page=7
8,1855,[일반],되풀이 되는 역사,그래도 군대 가기 전까진 있게 해다오… ㅠ - dc official App,오비탈 2024.03.12 09:20:57 스크랩 조회 119 추천 1 댓글 1,1,119,2024.03.12 09:20:57,https://gall.dcinside.com/mgallery/board/view/?id=goseongjungang&no=1855&page=8
8,1854,[❓️질문],고성 맛집 추천좀,외출하고 먹을만한거 없나 bhc이런거 말고 - dc official App,토4V8 2024.03.11 23:46:37 스크랩 조회 206 추천 0 댓글 2,0,206,2024.03.11 23:46:37,https://gall.dcinside.com/mgallery/board/view/?id=goseongjungang&no=1854&page=8
8,1853,[일반],틀딱새끼들 좀 꺼지 쇼,여기는 08 앙붕이가 점령한다 불많없제,ㅇㅇ (211.234) 2024.03.11 23:07:53 스크랩 조회 96 추천 0 댓글 2,0,96,2024.03.11 23:07:53,https://gall.dcinside.com/mgallery/board/view/?id=goseongjungang&no=1853&page=8
8,1852,[일반],솔직히 04 아직도 있는거 이해안가면 개추,난 ㄹㅇ 05면 몰라도 04는 왜 아직도 있는지 이해가 안되노,ㅇㅇ (203.248) 2024.03.11 22:25:08 스크랩 조회 228 추천 7 댓글 1,7,228,2024.03.11 22:25:08,https://gall.dcinside.com/mgallery/board/view/?id=goseongjungang&no=1852&page=8
8,1851,[일반],뭣,신분증은 내년에 나오는데 다른건 안됨? 완장이 ㅂㅅ이라 미안하다 - dc official App,ㅈㅁㄴㅇ 2024.03.11 20:47:05 스크랩 조회 94 추천 0 댓글 2,0,94,2024.03.11 20:47:05,https://gall.dcinside.com/mgallery/board/view/?id=goseongjungang&no=1851&page=8
8,1849,[💩똥글],허허 모두 내려놓으니 얼마나 좋은가,은거기인이 된 기분이네요,중앙고갤러리 2024.03.11 16:53:58 스크랩 조회 91 추천 1 댓글 0,1,91,2024.03.11 16:53:58,https://gall.dcinside.com/mgallery/board/view/?id=goseongjungang&no=1849&page=8
8,1848,[일반],앙갤 왜 파딱내려왓슴,빨랑올려라 ㅡㅡ,지리산 2024.03.11 14:28:20 스크랩 조회 96 추천 0 댓글 3,0,96,2024.03.11 14:28:20,https://gall.dcinside.com/mgallery/board/view/?id=goseongjungang&no=1848&page=8
8,1847,[일반],반고닉은 보안코드 재발급 안되는듯,ㅅㅂ 고닉파고 온다 - dc official App,ㅇㅇ 2024.03.11 11:44:19 스크랩 조회 86 추천 0 댓글 0,0,86,2024.03.11 11:44:19,https://gall.dcinside.com/mgallery/board/view/?id=goseongjungang&no=1847&page=8
8,1846,[일반],토4V8 점마 파딱해줘야 한다는데,보안코드를 모르겠네 2차인증 설정하면 걍됨? - dc official App,ㅇㅇ 2024.03.11 09:40:36 스크랩 조회 76 추천 0 댓글 2,0,76,2024.03.11 09:40:36,https://gall.dcinside.com/mgallery/board/view/?id=goseongjungang&no=1846&page=8
8,1845,[일반],학교가기 ㅈㄴ싫다,ㅜㅜ,ㅇㅇ (121.177) 2024.03.11 03:18:32 스크랩 조회 80 추천 0 댓글 1,0,80,2024.03.11 03:18:32,https://gall.dcinside.com/mgallery/board/view/?id=goseongjungang&no=1845&page=8
8,1844,[일반],고성명물 갔다왓다,어떻노게이야,토4V8 2024.03.10 20:17:43 스크랩 조회 165 추천 1 댓글 4,1,165,2024.03.10 20:17:43,https://gall.dcinside.com/mgallery/board/view/?id=goseongjungang&no=1844&page=8
8,1843,[일반],갤이 활발해지면 좋겠어요,"""알았다"" - dc official App",ㅇㅇ (183.104) 2024.03.10 18:42:35 스크랩 조회 97 추천 0 댓글 2,0,97,2024.03.10 18:42:35,https://gall.dcinside.com/mgallery/board/view/?id=goseongjungang&no=1843&page=8
8,1842,[일반],12시 까지 딱히 문제 없으면 주딱 넘어가는 걸로 하겠습니다,- dc official App,오비탈 2024.03.10 14:21:54 스크랩 조회 76 추천 0 댓글 0,0,76,2024.03.10 14:21:54,https://gall.dcinside.com/mgallery/board/view/?id=goseongjungang&no=1842&page=8
8,1841,[일반],일단 디엠으로 얘기했는데,일딴 주딱받고 토4v8게이 임시로 파딱주고 나중에 만나서 협의하라고 하더라 - dc official App,ㅇㅇ 2024.03.10 13:46:13 스크랩 조회 125 추천 0 댓글 4,0,125,2024.03.10 13:46:13,https://gall.dcinside.com/mgallery/board/view/?id=goseongjungang&no=1841&page=8
8,1840,[일반],마루쉑 계정 버렸는데 파딱 쳐내죠,ㅇㅇ;;,지리산 2024.03.10 13:42:06 스크랩 조회 122 추천 0 댓글 2,0,122,2024.03.10 13:42:06,https://gall.dcinside.com/mgallery/board/view/?id=goseongjungang&no=1840&page=8
8,1839,[💩똥글],이글 개추 10개 박히면 08들은 모르는 파딱 신상깜,ㅇ,ㅇㅇ (211.46) 2024.03.10 13:12:33 스크랩 조회 241 추천 11 댓글 2,11,241,2024.03.10 13:12:33,https://gall.dcinside.com/mgallery/board/view/?id=goseongjungang&no=1839&page=8
8,1838,[일반],나도 주딱 마려운데,가위바위보하자 08임,토4V8 2024.03.10 01:35:12 스크랩 조회 134 추천 0 댓글 4,0,134,2024.03.10 01:35:12,https://gall.dcinside.com/mgallery/board/view/?id=goseongjungang&no=1838&page=8
8,1837,[❓️질문],문학 연계 공부 어케해야함,그냥 강의 듣는게 맞나,ㅇㅇ (223.39) 2024.03.09 22:43:13 스크랩 조회 98 추천 1 댓글 1,1,98,2024.03.09 22:43:13,https://gall.dcinside.com/mgallery/board/view/?id=goseongjungang&no=1837&page=8
8,1835,[일반],주딱신청,ㅇ - dc official App,ㅇㅇ 2024.03.09 15:18:24 스크랩 조회 149 추천 4 댓글 9,4,149,2024.03.09 15:18:24,https://gall.dcinside.com/mgallery/board/view/?id=goseongjungang&no=1835&page=8
8,1834,[일반],주딱내가먹는다,다들어와,ㅇㅇ (223.62) 2024.03.08 21:52:24 스크랩 조회 102 추천 0 댓글 2,0,102,2024.03.08 21:52:24,https://gall.dcinside.com/mgallery/board/view/?id=goseongjungang&no=1834&page=8
8,1833,[일반],아까 글삭된 문제 답 존재x인 이유,반박시 ㄴ@ㅁ,ㅇㅇ (121.177) 2024.03.06 23:29:43 스크랩 조회 103 추천 0 댓글 0,0,103,2024.03.06 23:29:43,https://gall.dcinside.com/mgallery/board/view/?id=goseongjungang&no=1833&page=8
8,1832,[❓️질문],오나홀 추천좀,이런 질문도 안되나요. 여기 파딱이 이런거 잘 알거같은데,ㅇㅇ (223.39) 2024.03.06 21:49:48 스크랩 조회 187 추천 0 댓글 5,0,187,2024.03.06 21:49:48,https://gall.dcinside.com/mgallery/board/view/?id=goseongjungang&no=1832&page=8
8,1831,[일반],6^a = 2^b + 5328 이거 물어본놈아 글 왜내림?,질문글 자삭하지 말라고 학교 함 찾아가?,지리산 2024.03.06 20:08:00 스크랩 조회 138 추천 0 댓글 2,0,138,2024.03.06 20:08:00,https://gall.dcinside.com/mgallery/board/view/?id=goseongjungang&no=1831&page=8
8,1828,[❓️질문],앙고 올해 입시 어케된거임??,스카이 한명도 안나옴?,ㅇㅇ (121.177) 2024.03.06 18:27:52 스크랩 조회 145 추천 1 댓글 2,1,145,2024.03.06 18:27:52,https://gall.dcinside.com/mgallery/board/view/?id=goseongjungang&no=1828&page=8
8,1826,[일반],주딱이랑 파딱이 드릴 뭐라길래,찾아봤는데 약 4만원이네 돈값은 할거같은데 저거 어려움? - dc official App,ㅇㅇ (211.251) 2024.03.05 18:38:19 스크랩 조회 131 추천 3 댓글 4,3,131,2024.03.05 18:38:19,https://gall.dcinside.com/mgallery/board/view/?id=goseongjungang&no=1826&page=8
8,1825,[일반],"""인생은","섹스다"" - dc official App",ㅇㅇ (211.251) 2024.03.05 13:24:28 스크랩 조회 146 추천 5 댓글 4,5,146,2024.03.05 13:24:28,https://gall.dcinside.com/mgallery/board/view/?id=goseongjungang&no=1825&page=8
8,1824,[일반],이번 학기도 화이팅,,오비탈 2024.03.04 19:09:34 스크랩 조회 84 추천 2 댓글 0,2,84,2024.03.04 19:09:34,https://gall.dcinside.com/mgallery/board/view/?id=goseongjungang&no=1824&page=8
8,1823,[일반],슈@벌 이제 시작이구나,7시반 기상하니까 힘들다 시간표를 바꾸기도 뭐하고.... 갤럼들 다 잘 지내나 모르겠네 행복하십쇼 - dc official App,중앙고갤러리 2024.03.04 15:05:54 스크랩 조회 100 추천 4 댓글 0,4,100,2024.03.04 15:05:54,https://gall.dcinside.com/mgallery/board/view/?id=goseongjungang&no=1823&page=8
8,1821,[일반],중앙고 입결 이대로 가면,라이더,ㅇㅇ (121.153) 2024.03.01 01:20:22 스크랩 조회 147 추천 0 댓글 0,0,147,2024.03.01 01:20:22,https://gall.dcinside.com/mgallery/board/view/?id=goseongjungang&no=1821&page=8
8,1820,[일반],3.1절,훠훠도 태극기를 들고 애국행동을 하는 오늘은 3.1절 105주년입니다 - dc official App,ㅇㅇ (223.39) 2024.03.01 00:03:57 스크랩 조회 81 추천 1 댓글 0,1,81,2024.03.01 00:03:57,https://gall.dcinside.com/mgallery/board/view/?id=goseongjungang&no=1820&page=8
8,1819,[일반],반배정 언제나옴,어제 10시라하는데 안보이노 ㅅㅂ,ㅇㅇ (1.251) 2024.02.29 16:04:46 스크랩 조회 114 추천 0 댓글 3,0,114,2024.02.29 16:04:46,https://gall.dcinside.com/mgallery/board/view/?id=goseongjungang&no=1819&page=8
8,1818,[일반],내일은 4년에 1번밖에 없데,잘 즐기다 입학하자 - dc official App,ㅇㅇ (183.104) 2024.02.28 18:23:13 스크랩 조회 78 추천 0 댓글 1,0,78,2024.02.28 18:23:13,https://gall.dcinside.com/mgallery/board/view/?id=goseongjungang&no=1818&page=8
8,1817,[일반],1235,민나 행복하세요,ㅇㅇ (223.118) 2024.02.27 14:57:37 스크랩 조회 80 추천 0 댓글 0,0,80,2024.02.27 14:57:37,https://gall.dcinside.com/mgallery/board/view/?id=goseongjungang&no=1817&page=8
8,1816,[일반],"거,, 나 ""서울대""인데 뭐 궁금한거 없음?","제목 꼴123값 레1전2드인거 맞긴 한데 나같으면 어차피 익명인거, 궁금한 것들 다 물어봤을텐데 왜 아무도 반응이없냐 뭐 알고싶은거 없나 혹시 내가 수시 ^떨^이라 그런가 흠. 정보로 가득한 중앙고 갤러리가 보고싶으니 제발 질문을 해다오",지리산 2024.02.20 18:13:47 스크랩 조회 297 추천 4 댓글 11,4,297,2024.02.20 18:13:47,https://gall.dcinside.com/mgallery/board/view/?id=goseongjungang&no=1816&page=8
8,1815,[💩똥글],이 갤 공지 개꿀이네 ㄹㅇ,"정보 많이 얻어감 ㄹㅇ,,,",ㅇㅇ (222.118) 2024.02.20 11:23:11 스크랩 조회 123 추천 1 댓글 1,1,123,2024.02.20 11:23:11,https://gall.dcinside.com/mgallery/board/view/?id=goseongjungang&no=1815&page=8
8,1814,[✅️인증],고려대 합격,"고2 말부터 올해 수능 전까지 제 최대 목표였던 고려대학교 경영대학. 서울대 붙어서 여기로 가진 않겠지만 전 지금도 민족의 아리아를 부르며 눈물을 흘립니다. 수시납치를 당해 좌절한 절 반수로 이끌어서 더 큰 성공을 가져다 준 대학 고려대, 정말 고마움을 많이 느낍니다. 고맙습니다.",지리산 2024.02.13 22:47:23 스크랩 조회 563 추천 10 댓글 8,10,563,2024.02.13 22:47:23,https://gall.dcinside.com/mgallery/board/view/?id=goseongjungang&no=1814&page=8
8,1813,[❓️질문],기숙사 꿀팁좀,아는형 얘기 들어보니깐 과고에서도 담넘어서 외출하고 노트북들고 롤하고 그러던데 여긴 좀 널널한편임??,ㅇㅇ (1.251) 2024.02.13 17:43:59 스크랩 조회 150 추천 0 댓글 4,0,150,2024.02.13 17:43:59,https://gall.dcinside.com/mgallery/board/view/?id=goseongjungang&no=1813&page=8
8,1812,[일반],너네 봄방학 했니..?,봄방학 이미함?,ㅇㅇ (211.205) 2024.02.12 15:58:01 스크랩 조회 130 추천 0 댓글 3,0,130,2024.02.12 15:58:01,https://gall.dcinside.com/mgallery/board/view/?id=goseongjungang&no=1812&page=8
8,1811,[일반],주딱 함 해볼만은 하지 않냐,ㅠㅠ,오비탈 2024.02.10 17:42:39 스크랩 조회 115 추천 0 댓글 1,0,115,2024.02.10 17:42:39,https://gall.dcinside.com/mgallery/board/view/?id=goseongjungang&no=1811&page=8
8,1810,[일반],우리 1년 더 해요?,- dc official App,ㅇㅇ (223.39) 2024.02.10 09:35:51 스크랩 조회 116 추천 1 댓글 1,1,116,2024.02.10 09:35:51,https://gall.dcinside.com/mgallery/board/view/?id=goseongjungang&no=1810&page=8
8,1809,[일반],파딱 갤 폐지 듣고 만들어봄,짤은 퍼와서 글씨만 수정했지만 폐지 축하 - dc official App,ㅇㅇ (223.39) 2024.02.10 09:28:07 스크랩 조회 126 추천 1 댓글 4,1,126,2024.02.10 09:28:07,https://gall.dcinside.com/mgallery/board/view/?id=goseongjungang&no=1809&page=8
8,1808,[🖥정보],평가원 국어 독서 제재 목록,,지리산 2024.02.10 09:27:18 스크랩 조회 161 추천 1 댓글 0,1,161,2024.02.10 09:27:18,https://gall.dcinside.com/mgallery/board/view/?id=goseongjungang&no=1808&page=8
8,1806,[일반],걍 갤 폐지 ㅅㄱ,ㅇ - dc official App,마루쉑 2024.02.08 17:20:02 스크랩 조회 155 추천 0 댓글 2,0,155,2024.02.08 17:20:02,https://gall.dcinside.com/mgallery/board/view/?id=goseongjungang&no=1806&page=8
8,1805,[일반],렌즈끼면눈씹창난다렌즈끼지마라,안경쓰다라섹이나해라,ㅇㅇ (211.234) 2024.02.04 21:49:55 스크랩 조회 136 추천 0 댓글 1,0,136,2024.02.04 21:49:55,https://gall.dcinside.com/mgallery/board/view/?id=goseongjungang&no=1805&page=8
8,1804,[💩똥글],앙고 < 이새끼 발목 잘돌렸으면 개추 ㅋㅋㅋㅋㅋ,일단나부터ㅋㅋㅋㅋㅋㅋ,ㅇㅇ (49.166) 2024.02.03 03:22:24 스크랩 조회 209 추천 5 댓글 1,5,209,2024.02.03 03:22:24,https://gall.dcinside.com/mgallery/board/view/?id=goseongjungang&no=1804&page=8
8,1803,[✅️인증],서울대 떴다,정말 고맙습니다,지리산 2024.02.01 17:27:14 스크랩 조회 571 추천 17 댓글 5,17,571,2024.02.01 17:27:14,https://gall.dcinside.com/mgallery/board/view/?id=goseongjungang&no=1803&page=8
8,1802,[❓️질문],피뎊 제본해도 안잡혀감?,작년에 재수하신 햄들 제본 많이 하심? - dc official App,ㅇㅇ (118.39) 2024.02.01 11:49:26 스크랩 조회 323 추천 0 댓글 7,0,323,2024.02.01 11:49:26,https://gall.dcinside.com/mgallery/board/view/?id=goseongjungang&no=1802&page=8
8,1801,[일반],정시로 갈 줄 알았으면 내신 버릴 걸 그랬다,"유이한 내신 1점대 만들어서 다른 애들 기회 뺏고 수시로 붙은 유일한 대학도 반수발사대에 올해도 정시로 가서 내신성적 그냥 쓰레기통행이네. 내가 내신 공부 안하고 바로 정시 팠으면 우리 학교 모두가 이득 봤을텐데 내가 너무 쫄보라 그러지 못했다. 사실 내가 수시 챙겨서 수시납치 당한 덕에 올해 고려대를 넘어 서울대도 노려보는거지만...이로 인해 피해 본 사람이 너무 많은 것 같다. 중앙고 04 입결 멸망에 내가 상당히 많이 기여한듯하다. 제도가 왜 이렇냐 친구들 앞길 막아서야 내가 대학 잘 가는건 너무 잔인하다 정시야 전국의 모든 수험생이랑 경쟁하는거지만, 이 작은 학교에서 매일 보고 지내는 친구들이랑 내신 경쟁하는건 돌아보니 참 슬픈 일 같다. 고등학교 졸업한 지 한참 지났는데 왜 이런 생각이 드는지 잘 모르겠다. 씨발 내 친구들 다 잘됐으면 좋겠고 고성중앙고 잘됐으면 좋겠다 고성중앙고 파이팅",지리산 2024.02.01 00:43:39 스크랩 조회 334 추천 9 댓글 3,9,334,2024.02.01 00:43:39,https://gall.dcinside.com/mgallery/board/view/?id=goseongjungang&no=1801&page=8
8,1800,[🖥정보],빡갤펌) 2025 수능특강 독서 소재 모음 (스포),1부 교과서 개념 학습 1강 독서의 본질 ---- 자기 선택적 독서와 북매치 전략 노직의 최소 국가론 의사 결정과 애로의 불가능성 정리 ---- 2강 독서의 방법 ---- 연륜 연대법 헬리콥터의 회전 날개와 양력 이자율의 최고 가격제로 인한 영향 토마스 아퀴나스의 미학 서구 자연 철학에서의 공간관 ---- 3강 독서의 분야 ---- 예술 제도론 고프먼의 사회적 상호 작용 펄서의 발견과 원리 ---- 4강 독서의 태도 ---- 정약용의 초서 독서법 콜먼의 합리적 선택 이론 ---- 2부 적용 학습 인문·예술 ---- 김부식의 『삼국사기』 편찬 바흐친의 크로노토프와 연극 코나투스 보들레르의 현대 회화론과 마네 개화기 과학 기술에 대한 지식인들의 생각 과타리의 생태 철학 지멜의 예술론 러시아 절대주의와 구축주의 조선 시대 종합 예술로서의 〈봉래의〉 에스포디토의 주권과 면역 화이트헤드의 유기체 철학 기정진의 이기론 칸트 철학에서 '숭고'의 문제 ---- 사회·문화 ---- 아웃소싱 리처드 에머슨의 교환 이론 물권 변동과 담보 물권의 특징 재판매 가격 유지 행위의 금지 이론적 관점에서 본 지구 환경 정치 특허권 침해로 인한 손해액 추정 경제 성장 모형 채무의 변제 투자 옵션 모형과 재고 투자 모형 무제한적 노동 공급과 노동조합 예금 계좌 대여와 형법상의 방조범 독점적 경쟁 시장 모형 기본권과 제도 보장 ---- 과학·기술 ---- 인공 지능과 기계 학습 무한 개념의 발전 과정 미세 조류와 바이오 연료 군집의 다양도 지수와 천이 암세포의 증식 골딩햄의 음속 측정 지자기 연구와 퍼텐셜 이론 콤프턴 효과 점도에 따른 유체의 분류 반도체의 전기 전도도 결정화 기술과 결정 성장 이론 주산과 컴퓨터의 보수 블록체인과 암호 화폐 ---- 주제 통합 ---- 미국의 정치 체제와 민주주의 중국의 사의화와 조선 후기의 회화론 조선 시대의 대동법과 현대의 조세 원칙 과점 시장에서 기업 간의 경쟁과 균형 인공 지능과 형법 우주 자원 개발과 국제법 법의 이념과 민사 법률관계에 적용되는 법 규범 효율적 계약 파기론과 채권자의 협력 의무 쿤과 파이어아벤트의 과학 철학 통증과 통증 관리 EPR 역설과 상자 속의 시계 사고 실험 로지스틱 회귀와 서포트 벡터 머신 ---- 3부 실전 학습 실전 학습 1회 ---- 읽기와 병행하는 쓰기 직관주의와 정의주의 과두제의 철칙 아리스타르코스의 계산 ---- 실전 학습 2회 ---- 어휘 지식과 독해의 관계 국가의 중립성에 대한 상반된 입장 데넷의 지향계 이론 생체 내의 화학 결합과 창발성 ---- ​,지리산 2024.01.31 01:53:27 스크랩 조회 452 추천 1 댓글 0,1,452,2024.01.31 01:53:27,https://gall.dcinside.com/mgallery/board/view/?id=goseongjungang&no=1800&page=8
8,1797,[일반],수능 좇망한 썰이나 풀까,ㅋㅋ - dc official App,오비탈 2024.01.29 16:29:22 스크랩 조회 183 추천 1 댓글 2,1,183,2024.01.29 16:29:22,https://gall.dcinside.com/mgallery/board/view/?id=goseongjungang&no=1797&page=8
9,1795,[일반],경제학과 쓸걸 그랬다,어차피 안갈거 최초합 받아놓는게 마음편한데,지리산 2024.01.27 10:28:02 스크랩 조회 173 추천 0 댓글 2,0,173,2024.01.27 10:28:02,https://gall.dcinside.com/mgallery/board/view/?id=goseongjungang&no=1795&page=9
9,1794,[✅️인증],고려대 차가운 합격 떳냐??,지리산 너말이야 너,ㅇㅇ (223.39) 2024.01.26 20:32:42 스크랩 조회 229 추천 0 댓글 5,0,229,2024.01.26 20:32:42,https://gall.dcinside.com/mgallery/board/view/?id=goseongjungang&no=1794&page=9
9,1793,[❓️질문],국어 잘하는 애들은,영어도 잘함? 구문 단어 완벽하다는 가정하에 ㅇㅇ,ㅇㅇ (223.39) 2024.01.25 00:28:12 스크랩 조회 156 추천 0 댓글 3,0,156,2024.01.25 00:28:12,https://gall.dcinside.com/mgallery/board/view/?id=goseongjungang&no=1793&page=9
9,1792,[일반],04는 솔직히 현역이지,군대 현역이라고 이 틀딱년들아 올해 좀 대학 가라,ㅇㅇ (223.39) 2024.01.24 23:10:05 스크랩 조회 126 추천 1 댓글 1,1,126,2024.01.24 23:10:05,https://gall.dcinside.com/mgallery/board/view/?id=goseongjungang&no=1792&page=9
9,1791,[❓️질문],중앙대 한양대,자연과학계열 교과로 컷 2.9에서 3.초 나오던데 단순히 최저 높아서 그런거임..?,ㅇㅇ (119.199) 2024.01.22 13:37:00 스크랩 조회 209 추천 0 댓글 5,0,209,2024.01.22 13:37:00,https://gall.dcinside.com/mgallery/board/view/?id=goseongjungang&no=1791&page=9
9,1790,[일반],현실적 지방대 순위,https://youtube.com/shorts/xVtpHqzgGlM?si=xMqEEH9hmcs__BCN 60초만에 보는 지방 대학 순위 TOP10 #지방대 #대학교 #대학정보 #대학순위 #대학랭킹 #지방대학순위 #국립대 #국립대학교 #경북대 #부산대 #shorts #short #shortsfeed youtube.com,한갤러 (114.207) 2024.01.21 12:13:06 스크랩 조회 148 추천 0 댓글 1,0,148,2024.01.21 12:13:06,https://gall.dcinside.com/mgallery/board/view/?id=goseongjungang&no=1790&page=9
9,1789,[일반],탈모 vs 키 160,하나 가져야 된다면 뭐 가지냐 ㅋㅋ,오비탈 2024.01.20 15:35:01 스크랩 조회 143 추천 0 댓글 2,0,143,2024.01.20 15:35:01,https://gall.dcinside.com/mgallery/board/view/?id=goseongjungang&no=1789&page=9
9,1788,[일반],학교가는날 언제임,ㅈㄱㄴ,ㅇㅇ (211.205) 2024.01.20 14:50:37 스크랩 조회 102 추천 0 댓글 1,0,102,2024.01.20 14:50:37,https://gall.dcinside.com/mgallery/board/view/?id=goseongjungang&no=1788&page=9
9,1787,[일반],정시 현실,현역으로 올3만 받아도 ㅈㄴ 잘하는거 모고 치고 자신감 얻고 정시로 바로 틀지만 n수생한테 개 쳐맞고 현실은 2등급 하나도 받기 힘들어 하는 자신을 보게 됨.,노무현 (211.176) 2024.01.17 12:51:58 스크랩 조회 205 추천 0 댓글 2,0,205,2024.01.17 12:51:58,https://gall.dcinside.com/mgallery/board/view/?id=goseongjungang&no=1787&page=9
9,1786,[일반],이번 24년도 신입생인데,기숙사 어디가는걸 추천하나요 1관 2관 선택할수 있다는데 어딜 해야 좋을지 고민입니다,ㅇㅇ (1.251) 2024.01.17 10:44:42 스크랩 조회 178 추천 0 댓글 8,0,178,2024.01.17 10:44:42,https://gall.dcinside.com/mgallery/board/view/?id=goseongjungang&no=1786&page=9
9,1785,[❓️질문],상상 모의고사 패키지,이번에 상상력이 이메진으로 바꼈던데 이메진 필요없고 모의고사만 사고 싶은데 상상 모의고사만 있는 패키지 언제쯤 나옴?,ㅇㅇ (223.39) 2024.01.17 10:21:49 스크랩 조회 257 추천 1 댓글 1,1,257,2024.01.17 10:21:49,https://gall.dcinside.com/mgallery/board/view/?id=goseongjungang&no=1785&page=9
9,1784,[일반],학교 기숙사,기숙사가 궁금한 당신! 기숙사갤로 놀러 와! https://gall.dcinside.com/dormitory,ㅇㅇ (211.224) 2024.01.16 19:18:45 스크랩 조회 134 추천 0 댓글 0,0,134,2024.01.16 19:18:45,https://gall.dcinside.com/mgallery/board/view/?id=goseongjungang&no=1784&page=9
9,1783,[일반],아 빅토리아 살걸,유튜브 보니까 ㅈㄴ 마렵내 세일 언제기다리지,지리산 2024.01.15 23:36:17 스크랩 조회 112 추천 0 댓글 1,0,112,2024.01.15 23:36:17,https://gall.dcinside.com/mgallery/board/view/?id=goseongjungang&no=1783&page=9
9,1782,[일반],"2023한기대취업률80프로(대겹22%,공겹15%,중견이상61%)전국최고",https://www.joongang.co.kr/article/25218566#home,학갤러 (211.199) 2024.01.15 11:32:07 스크랩 조회 131 추천 0 댓글 3,0,131,2024.01.15 11:32:07,https://gall.dcinside.com/mgallery/board/view/?id=goseongjungang&no=1782&page=9
9,1779,[일반],이글 지우면 화낼거임?,ㅇ - dc official App,ㅇㅇ (211.46) 2024.01.14 13:53:20 스크랩 조회 158 추천 1 댓글 2,1,158,2024.01.14 13:53:20,https://gall.dcinside.com/mgallery/board/view/?id=goseongjungang&no=1779&page=9
9,1778,[일반],질문글 올렸다가 삭제 좀 하지마라,"질문글이 모이고 모여서 중앙고 갤러리의 자산이 되는거다 답변을 해주는 사람은 질문자 본인에게만 답변을 해 주는 게 아니라 그 글을 보는 다른 사람에게도 도움을 주기 위해 답변을 한다 그런데 질문자가 답변을 먹튀하면 말하는 입장에서 허탈하지 않겠냐? 그러면 이제 답변자는 답변을 성심성의껏 쓰지 않고 대충 쓰거나 아예 안 쓰게 될 것이고, 결국 손해는 질문을 하게 될 다른 사람들이 본다 그리고 어차피 익명사이트라 신상 노출되는거도 아닌데 왜 지우는건데? 디씨가 로그인도 필요 없는 익명이라 디씨로 커뮤 판건데 대체 글삭은 왜 처 하는거냐 싸패새끼 아니면 이 글 보고 나서 질문글 삭제하지 마라",지리산 2024.01.13 22:01:37 스크랩 조회 186 추천 8 댓글 0,8,186,2024.01.13 22:01:37,https://gall.dcinside.com/mgallery/board/view/?id=goseongjungang&no=1778&page=9
9,1775,[일반],3등급도 ㅈㄴ 잘하는거였다,상위 23% 면 롤 플래급 ㄷㄷ - dc official App,오비탈 2024.01.08 20:25:53 스크랩 조회 203 추천 1 댓글 2,1,203,2024.01.08 20:25:53,https://gall.dcinside.com/mgallery/board/view/?id=goseongjungang&no=1775&page=9
9,1774,[일반],대부분 오늘까지 서류 마감일텐데 정시분들 잊지마세요,농어촌 서류 등기로 제출하셔야지,지리산 2024.01.08 13:30:45 스크랩 조회 162 추천 0 댓글 1,0,162,2024.01.08 13:30:45,https://gall.dcinside.com/mgallery/board/view/?id=goseongjungang&no=1774&page=9
9,1771,[일반],"가재맨 한기대 졸업생 아녀, 적응못하고 처놀다가 졸업 못하고 자퇴했음",게다가 공대가 메이저인 한기대에서 서자인 산업경영 출신임 다만 고딩땐 자의던 누가 시켜서던 공부 열심히 했었다함,한갤러 (114.207) 2024.01.06 21:33:16 스크랩 조회 744 추천 2 댓글 2,2,744,2024.01.06 21:33:16,https://gall.dcinside.com/mgallery/board/view/?id=goseongjungang&no=1771&page=9
9,1769,[일반],원서 다 쓰고 나서 보는 트위치 장례식 ㄹㅇ 찰졌다,꺽꺽 웃은거 진짜 오랜만이다 ㅋㅋㅋ,지리산 2024.01.06 10:31:52 스크랩 조회 115 추천 1 댓글 1,1,115,2024.01.06 10:31:52,https://gall.dcinside.com/mgallery/board/view/?id=goseongjungang&no=1769&page=9
9,1768,[일반],경상대 2 한기대 1 지원함,가.재 맨 졸업생으로 둔 학교로 드가자잇,중앙고갤러리 2024.01.05 16:31:55 스크랩 조회 285 추천 1 댓글 9,1,285,2024.01.05 16:31:55,https://gall.dcinside.com/mgallery/board/view/?id=goseongjungang&no=1768&page=9
9,1767,[일반],근데 또 생각이 바뀜,경제 지를만한 것 같은데,지리산 2024.01.05 07:09:44 스크랩 조회 157 추천 0 댓글 1,0,157,2024.01.05 07:09:44,https://gall.dcinside.com/mgallery/board/view/?id=goseongjungang&no=1767&page=9
9,1766,[일반],원서 기간동안 마음이 너무 흔들렸다.,"원서 기간 전에는 점수 보고 닥 설인문>>고경 이었다면 접수 기간 중에는 '적성에 맞는 설경제 농어촌으로 스나이핑하고 안되면 그냥 고경제 가지' 란 생각이었다. 갑자기 사람 생각이 이렇게 바뀔 수 있나 싶기도 하지만 ""내가 서울대 학벌을 포기할 수 있는 사람인가? 내가 경제학에 목숨 걸 만큼 진심으로 좋아하는가?"" 이 질문에 대한 답을 ""아니"" 라고 확언할 수 있다는 걸 내가 알아차려 버렸다. 농어촌으로 서울대 경제학부를 반드시 불합격한다는 보장도 없다. 내 생각에 아마 합격선일 것 같다. 다만 그 불확실성에 내 인생을 걸고 싶지 않다. 작년 입시에 내가 한양대 경영을 수시로 쓴 선택, 내 인생 최악의 선택을 나는 아직 기억한다. 이 선택도 반드시 후회할 것이다. 그래도 나는 후회할 각오를 하고 인문을 쓰겠다. 그래서 인문 쓰면 붙냐? 그것마저도 확실치 않다. 그런데 인문 썼다가 떨어지면 그냥 서울대 못 갈 성적이니까 뭐 문제가 안 될 것 같은데. 일단 내일 오전에 진학사 업데이트 보고 최종 결정을 내려야겠다",지리산 2024.01.05 02:04:19 스크랩 조회 266 추천 0 댓글 4,0,266,2024.01.05 02:04:19,https://gall.dcinside.com/mgallery/board/view/?id=goseongjungang&no=1766&page=9
9,1765,[일반],이재명 전 대표 열,- dc official App,오비탈 2024.01.04 00:31:32 스크랩 조회 119 추천 0 댓글 0,0,119,2024.01.04 00:31:32,https://gall.dcinside.com/mgallery/board/view/?id=goseongjungang&no=1765&page=9
9,1762,[일반],다들 새해복 많이 받으십쇼,2024 재수하는 게이하고 재학하고 있는 게이들하고 파딱들 같이 대학간 사람들 전부 이번한해 운이 따르길 기원함 - dc official App,ㅇㅇ 2024.01.01 00:05:48 스크랩 조회 131 추천 1 댓글 3,1,131,2024.01.01 00:05:48,https://gall.dcinside.com/mgallery/board/view/?id=goseongjungang&no=1762&page=9
9,1760,[일반],지리산,독재하는 05인데 상담가능 - dc official App,ㅇㅇ (121.177) 2023.12.31 15:56:59 스크랩 조회 147 추천 0 댓글 3,0,147,2023.12.31 15:56:59,https://gall.dcinside.com/mgallery/board/view/?id=goseongjungang&no=1760&page=9
9,1758,[❓️질문],앙고,입결 이번에 ㅈ되던데 철고가 맞는거였냐 ㅅㅂ 나 앙고 원서 넣었는데,ㅇㅇ (211.176) 2023.12.30 07:38:26 스크랩 조회 195 추천 0 댓글 3,0,195,2023.12.30 07:38:26,https://gall.dcinside.com/mgallery/board/view/?id=goseongjungang&no=1758&page=9
9,1757,[일반],이 대학 주면 가냐?,"해외 유명 국립대 전남대학교 수의과대학 단, 평생 전라국에 살아야함 명절에만 입국 가능 주면 가냐?",ㅇㅇ (223.38) 2023.12.29 20:40:38 스크랩 조회 191 추천 0 댓글 2,0,191,2023.12.29 20:40:38,https://gall.dcinside.com/mgallery/board/view/?id=goseongjungang&no=1757&page=9
9,1756,[일반],철고 ㅅㅂ 개 지리네,서울대 2명 의대 1명이 모두 다른 사람 ㄷㄷ 철고 폼 요즘 왜이리 좋노 - dc official App,오비탈 2023.12.29 19:07:05 스크랩 조회 289 추천 1 댓글 1,1,289,2023.12.29 19:07:05,https://gall.dcinside.com/mgallery/board/view/?id=goseongjungang&no=1756&page=9
9,1755,[일반],? 오늘 졸업이엇냐,축하한다 - dc official App,오비탈 2023.12.29 15:34:59 스크랩 조회 103 추천 0 댓글 0,0,103,2023.12.29 15:34:59,https://gall.dcinside.com/mgallery/board/view/?id=goseongjungang&no=1755&page=9
9,1754,[일반],고성중앙고등학교 학생들의 졸업을 축하합니다!,그동안 좆반고에 갇혀서 수고 많이 하셨슴 수시충들은 대학 갈 준비 잘 하시고 정시파이터들은 원서 잘 쓰시길 바랍니다 재수 각오하신 분들도 힘내세요,지리산 2023.12.29 12:33:26 스크랩 조회 148 추천 1 댓글 0,1,148,2023.12.29 12:33:26,https://gall.dcinside.com/mgallery/board/view/?id=goseongjungang&no=1754&page=9
9,1752,[🖥정보],공짜로 인강교재실모 다운받는법을 가르쳐주겠다,"새로운 수능 시즌이 찾아왔다. 열심히 공부를 할 사람들에겐 책값이 좀 부담일 수 있다. 그나마 개념서 그래 엔제까지는 봐줄만하다 근데 도저히 실전모의고사는 이돈주고 풀면 파산할거같다는 느낌 안드냐 그리고 윤석열 대통령이 말한 사교육 카르텔의 고급 자료를 이 지방 촌 좆반고에서도 받아볼 수 있어야 하지 않겠냐 그래서 꽁으로 수능 준비하는법 내가 알려준다 먼저 텔레그램을 깔고 회원가입한다 니 전화번호를 써도 되고 인터넷에서 가상번호를 어떻게 구해서 해도 된다 근데 니 번호를 쓸거면 ""제보""는 안된다 제보는 텔레그램 대화방에 자료를 올리는걸 말한다 누군간 올려주니까 다운받을수 있는거다 그리고 깔때 니 전화번호 목록은 절대 공유하지 말고 설정에서도 공개 안함으로 바꿔라 최소한의 보안이다 여기서 '유빈 아카이브'를 검색한다 제일 유명하고 지금 유일하게 살아있는 공공재방이다 공공재방 말고는 소수방이란게 있는데 
몇몇이서 자료를 공유한다 공공재방엔 안올라오는게 있어서 책이나 실모를 많이 살거거나 12타가 아닌 꼴타 강사 들을거면 소수방에 
가입하는게 낫다 물론 가상번호 안썼다가 잡히면 니책임이다 가상번호 쓰고 아니라면 적어도 전화번호 목록을 텔그 가입할때 넘기지마라 일단은 공공재만으로도 먹고사는데는 충분할거다 그리고 더 추천하는 방이 있는데 '2025 야뎊 저장용'이란 방이다 여기서 작년 서바이벌 수학 실모를 꼭 다운받아서 풀어보길 바란다 수능 문제 유출 의혹으로 구속에 압수수색까지 당한 시대인재인만큼 문제는 수능과 판박이 아주 전문가 수준이다 그리고 만약 내가 허수인데 시발점 패스하고 뉴런듣고싶다 하면 여기에서 23뉴런 다운받아서 해라 자세하게 설명해준다 불법쓴다고 죄책감느끼지 마라 어차피 대학 가보면 알겠지만 교과서랑 솔류션 다 불법 피뎊으로 돌아다닌다 수능공부할때 돈 아껴서 부모님께 효도하는게 더 착한거니까 그냥 신경쓰지말고 써라 나중되면 아예 여기서 쇼핑도 하게될거다 수능 힘내고 좋은 대학 가라",텔레그램 (198.144) 2023.12.27 23:26:22 스크랩 조회 203258 추천 187 댓글 23,187,203258,2023.12.27 23:26:22,https://gall.dcinside.com/mgallery/board/view/?id=goseongjungang&no=1752&page=9
9,1751,[일반],고성게이고등학교,진짜 게이같다는 말밖에 안나옴 - dc official App,ㅇㅇ (39.7) 2023.12.27 14:49:11 스크랩 조회 258 추천 0 댓글 1,0,258,2023.12.27 14:49:11,https://gall.dcinside.com/mgallery/board/view/?id=goseongjungang&no=1751&page=9
9,1750,[일반],우흥,하고 울어요,ㅇㅇ (211.251) 2023.12.27 11:22:51 스크랩 조회 89 추천 0 댓글 0,0,89,2023.12.27 11:22:51,https://gall.dcinside.com/mgallery/board/view/?id=goseongjungang&no=1750&page=9
9,1749,[일반],모두 메리크리스마스,즐거운 하루 되십쇼,중앙고갤러리 2023.12.25 18:58:12 스크랩 조회 116 추천 0 댓글 2,0,116,2023.12.25 18:58:12,https://gall.dcinside.com/mgallery/board/view/?id=goseongjungang&no=1749&page=9
9,1748,[일반],메리크리스마스,무신론자와 불교인도 행복한 연휴 보내고 따뜻하게 연말보내자 - dc official App,ㅇㅇ (223.39) 2023.12.25 00:01:56 스크랩 조회 89 추천 0 댓글 1,0,89,2023.12.25 00:01:56,https://gall.dcinside.com/mgallery/board/view/?id=goseongjungang&no=1748&page=9
9,1747,[일반],공군 갈 게이 있냐,ㅇㅇ?,오비탈 2023.12.24 00:07:45 스크랩 조회 150 추천 0 댓글 0,0,150,2023.12.24 00:07:45,https://gall.dcinside.com/mgallery/board/view/?id=goseongjungang&no=1747&page=9
9,1746,[일반],내년에 중갤 완장라인 개발라버릴 06이면 개추 꾹!,좁밥들같으면개춬ㅋㅋ,ㅇㅇ (223.39) 2023.12.20 02:19:07 스크랩 조회 228 추천 2 댓글 3,2,228,2023.12.20 02:19:07,https://gall.dcinside.com/mgallery/board/view/?id=goseongjungang&no=1746&page=9
9,1745,[일반],중앙고 좀 추하네,현역들 망해서 싹 재수각 보이니까 재수생들 결과 가져올라하노,지리산 2023.12.19 15:56:02 스크랩 조회 471 추천 1 댓글 5,1,471,2023.12.19 15:56:02,https://gall.dcinside.com/mgallery/board/view/?id=goseongjungang&no=1745&page=9
9,1744,[일반],눈팅하고 있는 심대현 게이는 들어라,우리 학교도 정시 점수 좀 나오거나 할려는 애들한테 메가패스 지원해줘라 - dc official App,오비탈 2023.12.18 23:44:25 스크랩 조회 264 추천 1 댓글 3,1,264,2023.12.18 23:44:25,https://gall.dcinside.com/mgallery/board/view/?id=goseongjungang&no=1744&page=9
9,1743,[일반],앙고 전교1등게이 고대 예비 반드시 붙길 기원합니다,"나처럼 서성한 가지 마셈뇨,, 고대 떨어지면 걍 반수때리셈",지리산 2023.12.18 00:42:40 스크랩 조회 254 추천 0 댓글 1,0,254,2023.12.18 00:42:40,https://gall.dcinside.com/mgallery/board/view/?id=goseongjungang&no=1743&page=9
9,1716,[일반],지리산 개찐따같으면 개추 ㅋㅋ,현실에서 친구 없어서 디씨에서 후배들한테 지자랑만 하는거 좆같으면 개추 ㅋㅋ,ㅇㅇ (211.234) 2023.12.02 23:53:24 스크랩 조회 654 추천 39 댓글 7,39,654,2023.12.02 23:53:24,https://gall.dcinside.com/mgallery/board/view/?id=goseongjungang&no=1716&page=9
9,1741,[일반],앙고 망했네,서울대 떨어질까봐 안썼다 ㅇㅈㄹ 날때부터 걍 좆망 확정이었지 뭐 슨상들 세특 관리 안하나 철고는 개빡세게 굴린다던데,지리산 2023.12.17 01:05:29 스크랩 조회 273 추천 1 댓글 2,1,273,2023.12.17 01:05:29,https://gall.dcinside.com/mgallery/board/view/?id=goseongjungang&no=1741&page=9
9,1740,[✅️인증],철고 고고 입결,앙고 고대 예비 말고 없다는데 ㅋㅋ 그냥 joat,ㅇㅇ (104.28) 2023.12.16 23:20:39 스크랩 조회 505 추천 8 댓글 0,8,505,2023.12.16 23:20:39,https://gall.dcinside.com/mgallery/board/view/?id=goseongjungang&no=1740&page=9
9,1739,[일반],철고에 의대2명 ㄹㅇ임?,ㅈㄱㄴ,ㅇㅇ (221.161) 2023.12.16 22:54:07 스크랩 조회 241 추천 0 댓글 0,0,241,2023.12.16 22:54:07,https://gall.dcinside.com/mgallery/board/view/?id=goseongjungang&no=1739&page=9
9,1738,[일반],"고성중앙고, 15학년도 수능성적 ‘경남 9위’",이랬던 중앙고가 지금은 왜 나가떨어진거냐 ㄹㅇ,ㅇㅇ (223.39) 2023.12.16 20:57:47 스크랩 조회 233 추천 0 댓글 0,0,233,2023.12.16 20:57:47,https://gall.dcinside.com/mgallery/board/view/?id=goseongjungang&no=1738&page=9
9,1737,[일반],"고성 역대 최고의 학교, GOAT",- dc official App,오비탈 2023.12.16 19:32:06 스크랩 조회 192 추천 1 댓글 0,1,192,2023.12.16 19:32:06,https://gall.dcinside.com/mgallery/board/view/?id=goseongjungang&no=1737&page=9
9,1736,[🖥정보],앙고 이번에,입결 ㅈ박은거 뭐노 ㅋㅋ 철고 설대 2개 의대 2개 고고 설대 1개 약대 2개 그냥 앙고 관내 최악의 학교 인정하면 개추 ㅋㅋ,ㅇㅇ (223.39) 2023.12.16 18:54:18 스크랩 조회 293 추천 6 댓글 0,6,293,2023.12.16 18:54:18,https://gall.dcinside.com/mgallery/board/view/?id=goseongjungang&no=1736&page=9
9,1735,[❓️질문],재수하려면 학원 필수인가요?,학원비보니까 비싸요. 그리고 지잡대라도 쌩재수보단 반수가 나을까요?,ㅇㅇ (223.39) 2023.12.15 16:58:42 스크랩 조회 170 추천 2 댓글 1,2,170,2023.12.15 16:58:42,https://gall.dcinside.com/mgallery/board/view/?id=goseongjungang&no=1735&page=9
9,1734,[일반],고3들아 공군갈거면 무단결석 하지마라,공군에서 출결 만점 아니먼 못간다고 보면 된다,ㅇㅇ (218.154) 2023.12.13 12:18:20 스크랩 조회 238 추천 0 댓글 0,0,238,2023.12.13 12:18:20,https://gall.dcinside.com/mgallery/board/view/?id=goseongjungang&no=1734&page=9
10,1733,[일반],5시쯤에 앙고 3학년 교실 슥 가서 프로그램 좀 봐도 되나,전년도 농어촌 입시결과 좀 볼려는데 - dc official App,오비탈 2023.12.12 22:13:31 스크랩 조회 159 추천 0 댓글 2,0,159,2023.12.12 22:13:31,https://gall.dcinside.com/mgallery/board/view/?id=goseongjungang&no=1733&page=10
10,1732,[일반],미안하다 씨발,"안나댈게,,",지리산 2023.12.12 14:31:46 스크랩 조회 190 추천 0 댓글 1,0,190,2023.12.12 14:31:46,https://gall.dcinside.com/mgallery/board/view/?id=goseongjungang&no=1732&page=10
10,1729,[일반],이터널 리턴<- 저거 재밌냐,재밌으면 함 해봄 - dc official App,오비탈 2023.12.09 20:41:50 스크랩 조회 99 추천 0 댓글 1,0,99,2023.12.09 20:41:50,https://gall.dcinside.com/mgallery/board/view/?id=goseongjungang&no=1729&page=10
10,1727,[일반],가채점이랑 실채점 비슷하게 나옴,농어촌 표본이 얼마 없어서 실제 점수 까기는 좀 그렇고 뭐 일단 라인은 비슷합니다 그래도 자세히 말하면 진학사/텔그/고속 봤을때 고대는 훨씬 안정이 됐고 서울대는 좀 낮아짐 큰차이는없음 혹시 05중에 농어촌 고경 쓸사람 있으면 댓글 ㄱ +) 진학사는 업뎃이 아직 안됐다네 실채점 업데이트 뜨면 아마 서울대 인문 안될수도 있을듯,지리산 2023.12.08 18:05:28 스크랩 조회 210 추천 0 댓글 0,0,210,2023.12.08 18:05:28,https://gall.dcinside.com/mgallery/board/view/?id=goseongjungang&no=1727&page=10
10,1725,[일반],노무현 전 대통령 사,- dc official App,오비탈 2023.12.07 09:32:21 스크랩 조회 197 추천 6 댓글 0,6,197,2023.12.07 09:32:21,https://gall.dcinside.com/mgallery/board/view/?id=goseongjungang&no=1725&page=10
10,1724,[일반],트위치 섭종 왜 진짜임?,괴물쥐 아프리카가나 ㄷㄷ,ㅇㅇ (223.38) 2023.12.06 12:48:03 스크랩 조회 113 추천 1 댓글 1,1,113,2023.12.06 12:48:03,https://gall.dcinside.com/mgallery/board/view/?id=goseongjungang&no=1724&page=10
10,1722,[일반],근데 앙갤 조회수 보면 유동들 ㅈㄴ 많은거같은데,글 좀 안쓰냐 04가 빠져야되려나,지리산 2023.12.05 09:31:00 스크랩 조회 109 추천 0 댓글 0,0,109,2023.12.05 09:31:00,https://gall.dcinside.com/mgallery/board/view/?id=goseongjungang&no=1722&page=10
10,1721,[일반],걍 앙갤 1번 옹호자들이면 개추 ㅋㅋ,일부로 파딱만 글써서 찢재명 지지하는중인거같으면 개추 ㅋㅋ - dc official App,ㅇㅇ (211.46) 2023.12.05 02:16:00 스크랩 조회 109 추천 0 댓글 2,0,109,2023.12.05 02:16:00,https://gall.dcinside.com/mgallery/board/view/?id=goseongjungang&no=1721&page=10
10,1720,[일반],올릴게 딱히 없노,똥겜 리뷰나 올려볼까 - dc official App,오비탈 2023.12.04 11:15:55 스크랩 조회 92 추천 0 댓글 1,0,92,2023.12.04 11:15:55,https://gall.dcinside.com/mgallery/board/view/?id=goseongjungang&no=1720&page=10
10,1719,[일반],요즘 영화 재밌어보이는게 많네,지금 상영중인 서울의봄도 재밌고 나폴레옹이랑 노량 기대중,ㅇㅇ (223.38) 2023.12.04 10:37:26 스크랩 조회 93 추천 0 댓글 1,0,93,2023.12.04 10:37:26,https://gall.dcinside.com/mgallery/board/view/?id=goseongjungang&no=1719&page=10
10,1714,[❓️질문],19살 베트남 여자 vs 35살 한국여자,둘 중 하나랑 결혼해야 한다면 누구랑 함 아 한국여자 비하할 의도는 없습니다 - dc official App,오비탈 2023.12.01 13:33:00 스크랩 조회 269 추천 0 댓글 3,0,269,2023.12.01 13:33:00,https://gall.dcinside.com/mgallery/board/view/?id=goseongjungang&no=1714&page=10
10,1711,[✅️인증],약간 늦은 수능 가채점 결과,결론부터 말하자면 ㅈ망했고 ㅇㅇ 아쉽게도 올해 약대는 못 갈듯함 수학 잘쳐서 한양대는 어떻게든 농어촌으로 비벼볼수는 있다는데 솔직히 쳐 가기싫고 일단 내년에 공군으로 빠져서 삼군반수를 하든지 자격증을 따든지 하기로 함 이상 +) 내 수능 앞앞자리 중앙고갤러리게이였음 ㅋㅋ 게이 신경쓰일까봐 일부러 아는척은 안함 - dc official App,오비탈 2023.11.28 19:33:32 스크랩 조회 646 추천 7 댓글 9,7,646,2023.11.28 19:33:32,https://gall.dcinside.com/mgallery/board/view/?id=goseongjungang&no=1711&page=10
10,1709,[일반],진학사 보니까 성적표 나오면 고경도 간당간당할거같노 ㅋㅋ,뭐 어때 한양대 탈출하는데,지리산 2023.11.24 20:34:41 스크랩 조회 174 추천 1 댓글 0,1,174,2023.11.24 20:34:41,https://gall.dcinside.com/mgallery/board/view/?id=goseongjungang&no=1709&page=10
10,1708,[일반],12월 8일 예상 념글,06 개 패려고 한번 더 할 05는 개추 ㅋㅋ 댓글: 야 25학년도는 04가 대학가는해야 답글:04 틀딱이면 좀 가라 - dc official App,ㅇㅇ (223.39) 2023.11.24 17:43:32 스크랩 조회 100 추천 1 댓글 0,1,100,2023.11.24 17:43:32,https://gall.dcinside.com/mgallery/board/view/?id=goseongjungang&no=1708&page=10
10,1707,[일반],진학사가 짠게 아니라면? 지균 농어촌 없인 서울대 안된다면?,인문대학밖에 못가잖아 진짜로 지리학과 생각중이었는데 하시발 고속 텔그 응디만 믿는다,지리산 2023.11.24 15:54:10 스크랩 조회 166 추천 0 댓글 0,0,166,2023.11.24 15:54:10,https://gall.dcinside.com/mgallery/board/view/?id=goseongjungang&no=1707&page=10
10,1706,[일반],걍 모르겠고 내년에 한지 물2 할건데 어떻게생각함,ㄹㅇ 이걸로 대학 갈듯 - dc official App,DC인사이드 2023.11.23 22:51:48 스크랩 조회 102 추천 0 댓글 0,0,102,2023.11.23 22:51:48,https://gall.dcinside.com/mgallery/board/view/?id=goseongjungang&no=1706&page=10
10,1704,[✨리뷰],독학재수,"반수 계기 반수 준비 공부한거 밥 소감 이렇게 구성됨뇨 내 현재 신분은 휴학생, 한양대생이다. 그렇지만 나는 이게 너무 마음에 들지 않아서 한양대 합격때부터 한양대를 원망했고, 술마시면서 온갖 난리를 치며 한양대를 욕했다. 한양대면 서성한의 한, 사회적으로 명문 축에 끼는 상위 대학인데 왜 그렇게 싫어했냐 물어볼만하다 난 작년에 정시로 고려대 경영대학에 무난히 합격할 수 있었다. 농어촌까지 있었으므로 훨씬 못봤어도 가능성 있었다. 그러나 한양대가 날 수시로 합격시켜서 정시를 쓸 수 없었고 1년동안 난 고려대에 가지 못했다는 사실에 슬퍼하고 분노했다. 결국 난 반수를 결심하고 학교 다닐때부터 수능을 준비했다. 그래도 대놓고 학점 버리긴 그래서 4.0 학점은 만들어 놓고 학기를 마친 후 바로 휴학하고 독서실을 끊었다. 지금 생각하면 진짜 고마운 대학. 한양대덕에 서울대에 갈 수 있게 됐다. 정말 인생사 새옹지마다. 독서실을 끊고 처음 생각했던건 '어떻게 다니지?'였다. 내가 읍에 살면 걸어가겠지만 면 지역에 살기때문에 탈것을  타고 가야했다. 그런데 버스를 타면 버스 시간이 안맞아서 공부에 지장이 생긴다. 답은 ""자동차"" 일 수밖에 없었다. 경차 중고 가격은 대체로 500쯤 하므로 그정도면 장애 없이 공부를 할 수 있다고 부모님께 말씀드렸다. 큰 돈이지만 재수학원 한달 비용이라 생각하면 싼 편이다. 따라서 재수학원까지 생각하시던 아빠 허락을 흔쾌히 얻어낼 수 있었다. 그래서 차를 샀는데 생각보다 훨씬 싸게 샀다 아빠가 18만 키로를 탄 진짜 달구지 모닝을 300에 얻어오셔서 공부하는동안 교통 문제 없이 다닐 수 있었다. 놀러갈때도 썼지만 뭐어때 알고 사주신거 아니야? 그렇게 매일 아침 일어나서 밥먹고 독서실로 가는 생활을 반복했다. 그럼 그동안 뭘 했냐면 일단 국어는 이원준 리트 300제를 사서 아주 빠르게 끝냈고 이감 오프를 어떻게 어떻게 구해서 풀고 간쓸개를 주기적으로 풀었다. 근데 그때는 국어에 시간을 좀 투자할때라 좀 부족하게 느껴져서 메가에서 상상 패키지까지 사서 상상모랑 상상력까지 풀었다 사탐은 수특 사서 빨리 다 풀고 그냥 거의 안한수준 영어 한국사는 이때는 공부안함 수학은 반수 제대로 시작할때인 6월엔 인강 위주로 들었다. 그렇다고 개념강의만 죽어라 한건 아니다. 대학 다닐때부터 듣던 현우진 뉴런을 독서실 와서 완강을 했다. 뉴런을 완강하고 n제를 풀어보려 했다. 마루쉑한테 추천을 받아 정병호 빅포텐을 풀었다 근데 ㅆㅃ ㅈㄴ 어려운거임 안그래도 대학 다니면서 4의규칙 풀었는데 분명 작년에도 쉽게 느껴지던게 너무 어렵게 느껴졌다. 아직 n제할 실력은 아니고 시간은 많다고 느껴져서 빠르게 기출 풀기 위해 수능 기출의 미래를 풀고 나서 빅포텐까지 풀었다. 이후 커넥션, 드릴을 풀고 나니 9평 직전이었다. 수능 전날에 이전에 미처 풀지 못한 6평을 풀어봤는데 ㅁㅊ 진짜 잘 풀리는거임. 6평 점수만 놓고 보면 서울대 인문 넣어볼만한 수준? 그 성적 보고 진짜 울뻔했다 '결실을 드디어 맺나' 하고. 그렇게 9평을 봤는데 좆망 일단 이 성적표만 봤을 땐 등급이 그대로라 좆망이란게 안느껴지긴 한데 작년 수능땐 고려대 경영도 뚫었던 내가 성대 경영을 겨우 비집고 들어가는 성적을 받은 것이다. 9평 성적 받고 어느 기간동안 펜이 손에 안잡혔다. 진짜 정신이 멍해졌다. 그래도 다시 정신을 다잡고 아직은 완성이 안됐음을 상기하고 다시 공부를 시작했다. 9평부턴 n제보단 실모만 거의 풀었던 것 같다. 사교육 카르텔 어쩌고 하면서 삼사차 함수 성질 이용하는걸 최대한 죽여놔서 그건 버리고 적당한 문제를 빨리 푸는 연습을 하기 위해 실모를 풀었다. 결과적으로 보면 수능이 특수특수특수 삼사차함수 특수상황 성질 떡칠이라 내 예상은 틀리긴 했지만 실모를 많이 푼다는 내 행동은 아주 적절했다. 이때까지 푼 실모가 한석원 좆목테스트 1234 이해원 12 김기현 컬렉션 2 현우진 킬링캠프 1 이감 수학 파이널 1 장영진 꿀모 2 양승진 1 시대인재 서바이벌 1~20 이렇게 풀었다. 써놓고 보니까 오히려 좀 적은것같다 05중에 재수하는 사람 있으면 이거보단 많이푸셈 그리고 서바를 많이 푸셈 서바가 ㄹㅇ ㅆㅅㅌㅊ 괜히 경찰수사까지 받는 수능 사교육 카르텔인게아님 문제유출수준이다. 국어는 그동안 이감 상상을 좀 많이 쌓아놓고 주간지 풀다가 수능 한달 전부터 빨더텅이랑 마닳 34 사서 풀었다. 역시 국어는 무조건 기출회귀다. 사설이 아무리 지랄을 해도 절대 기출을 따라갈 수 없음 수능도 결국 평가원이 내기때문에 기출 논리 익히는게 우선 영어는 빨더텅 하기엔 잠이 너무 와서 매일 12문제 푸는 노더텅(노무현의 盧가 아니라 노란색 마더텅 말하는거) 사서 풀었다. 이때 수완을 사서 수완도 빠르게 끝냈다. 풀면서 잘 몰랐던거나 이거 수능에 나올만할 것 같다는 지엽 내용이 나온 문제가 있으면 표시를 했다. 그리고 수능 직전에 회독함 제2외 수완도 사긴 했는데 2일차까지만 품 ㅋㅋ 공부는 뭐 여기까지 했고 결과는 잘 나왔다. 아 그리고 밥을 빼놓을 수 없는데 보통 밥은 근처에 있는 CU에서 도시락이나 라면삼김을 먹기도 했고 중심가까지 가서 제육덮밥 먹기도 했다. 국밥도 먹었고. 그래도 그중에서 편의점 다음으로 내가 애용했던건 황데리아다. 롯데리아는 신이고 티렉스는 그의 사도이다 킹데리아 욕하는사람들 이해가안됨 ㄹㅇ이 뭐 이렇게 살았읍니다 재수하면서 느낀건 솔직히 재수 할만함 물론 내 가까운 사람이 하면 말릴 것 같긴 한데 재수가 내 미래에 대해서, 나에 대해서 깊게 생각을 많이 할 수 있었던 계기가 된듯. 그래서 난 재수를 무턱대고 말릴 건 아니라 생각한다. 특히 여긴 농어촌 정시라는 꿀통중에 개꿀통이 있으니까 가능성 있으면 수시 말고 정시 노리는게 진짜 낫다 물론 노베인데 독재할까 싶은 사람 있으면 절대 하지마라. 독재는 한 과목을 적게 공부해도 되거나 전체적으로 3등급정도 나와서 어느정도 기반이 있을때 하는거다. 모든 과목을 ㅈㄴ 공부해야되거나 아주 높은 목표(메디컬 등)를 노리면 그냥 재수학원이나 독재학원 들어가는게 맞다. 이상 독학재수 리뷰 끝.",지리산 2023.11.23 17:11:28 스크랩 조회 3999 추천 12 댓글 3,12,3999,2023.11.23 17:11:28,https://gall.dcinside.com/mgallery/board/view/?id=goseongjungang&no=1704&page=10
10,1703,[일반],세계지리 선택자는 호이4 플레이가 진짜 유익함,"Hearts of Iron IV 2차대전을 배경으로 한 대전략 게임, 전쟁 시뮬레이션입니다 전략게임이므로 게임을 일단 켜면 다른 변수가 있지 않는 한 3시간 이상이 바로 삭제됩니다. 문명은 정신 차리면 6시간 이상 삭제니까 훨씬 낫긴 하지만 시간 스펀지임은 부정할 수 없읍니다. 근데 왜 필수냐고? 이번 수능 문제를 보자 ""소련"" 그리고 듣도 보도 못한 '안도라'가 나와 충격을 주었던(난알고있었지만) 이 문제에서도 룩셈부르크 위치와 알프스산맥 주위 알면 풀수있었다 일단 바티칸 이탈리아는 종교 성지로 나오니까 알거고 룩셈부르크는 벨기에, 프랑스, 독일과 국경을 접하며 독일은 룩셈부르크, 스위스, 오스트리아, 체코 4개 내륙국과 접한다 (사진은 체코슬로바키아인데 현재는 체코와 슬로바키아가 분리됨) 그리고 독일과 이탈리아는 국경을 접하지 않는다 (1938~1945엔 접하긴함) 그리고 9월 모의평가 문제에도 나온다 브라질과 페루는 접한다 인도의 아삼 지방과 미얀마(버마)는 접한다 많은 사람들이 당시에 이걸 묻는 문제를 보고 인도 국경이 이상한 탓을 하는데, 아삼 지방은 전 세계 강수량 1위 지역이므로 그 위치를 반드시 알아뒀어야 했다. 근데 호이를 하면? 그냥 자동으로 알게된다 물론  2차대전 당시 판도라 현재와 맞진 않지만 세계대전이 끝나고 판도 정리를 할때 현대 판도를 만들 수 있어서 게임을 하면서 위치를 익힐 수 있다. 아프리카도 몽땅 식민제국 판이지만 식민지 독립 옵션도 있어서 현대 지도를 볼 수 있다 수능은 오래달리기다. 강제적으로 판을 만드는게 아니라면 하루 10시간 공부를 풀 집중력으로 매일 할 수는 없다. 일주일에 하루정도는 쉬어줘야하는데 그때 공부도 할 수 있는 게임인 호이를 해보는건 어떨까",지리산 2023.11.23 09:22:32 스크랩 조회 442 추천 1 댓글 1,1,442,2023.11.23 09:22:32,https://gall.dcinside.com/mgallery/board/view/?id=goseongjungang&no=1703&page=10
10,1701,[일반],오늘 3교시 쉬는시간에 2학년실에 있던 이쁜 누나 누구에요??,엄청 이쁘시던데 안경 안쓰시고 머리 긴분 있던데,ㅇㅇ (211.46) 2023.11.22 19:49:40 스크랩 조회 176 추천 0 댓글 1,0,176,2023.11.22 19:49:40,https://gall.dcinside.com/mgallery/board/view/?id=goseongjungang&no=1701&page=10
10,1700,[✨리뷰],서울의 봄 보고옴 (약스포),"오늘 애들이랑 보고왔다 바로 결론) 존나 재밌다 꼭보셈 일단 줄거리 설명 반인반신께서 서거하시고 나서 보안사령관이 그 수사를 맡게 되는데 그분이 바로 이새끼임 당시 이사람이 하나회라는 사조직을 운영하고 있었는데 육군참모총장이 이분이 위험하단걸 눈치채고 좌천을 시켜버림 이 보안사령관은 거기에 빡쳐서 자신의 상관을 체포하고 군사반란을 일으키는 결정을 내린다 그 반란에 수도경비사령관이 맞서는게 기본 틀임 이 아래는 진짜 스포 사실 역사라서 스포할것도 없긴한데 뭐 감상은 일단 ㅈㄴ 재밌었다 당시 국군 내 상황이 개판이었고, 그 때문에 전두환의 반란이 성공할 수 있었다는걸 효과적으로 표현한거같음 그걸 풀어나가는 장면이 몰입이 많이 됐다 처음엔 반란군을 진압하는 쪽에 감정 이입이 많이 됐다. 일단 선역이니까. 근데 영화가 전개될수록 반란군에 마음이 갔다. 정확히는 육군에 엄청난 실망을 하게 됐다. 몇몇 활약을 한 참군인들이 뭘 어떻게 해보려 해도 군 자체가 썩어빠진 집단이라 육군이 반란군 손에 완전히 놀아나는걸 보고 그냥 답이 없다 느꼈다. 그렇게 설득을 해도 자기가 맞다면서 반란군에 유리하도록 판을 만들어주는, 작중 전두환이 말하는대로 '똥별'들이 다 자리를 먹고 있으니까 전두환이 아니더라도 언젠가는 흔들릴 집단이라는 느낌을 주려 한 것 같다. 그리고 매 순간 순간마다 전두환의 결단력이 참 대단하다는 느낌을 준다. 진짜 미친 새끼지만 저런 새끼라야 쿠데타로 대통령 먹는다는 생각이 들었다. 수도방위사령관도 절정부분에선 진짜 미친새끼인줄 알았다 서울의 중심에 포격지원을 요청하는걸 보고 이사람이 나라를 생각하는 참군인이어도 수도 한복판에 야포를 쏘라는 결정을 하는건 정상은 아니라는 생각이 든다. 이 영화는 전두환을 악마적 행동을 말하지만 그 과정에서 다른 이들의 무능함까지 효과적으로 드러내는 수작이라고 생각한다 수능 끝난 고3 게이들 꼭 보고 수능 앞둔 고2들도 하루 뺀다고 수능 망하는거 아니니까 한번 시간 투자해서 볼만하다고 생각한다. 진짜 재밌다",지리산 2023.11.22 17:03:36 스크랩 조회 198 추천 5 댓글 2,5,198,2023.11.22 17:03:36,https://gall.dcinside.com/mgallery/board/view/?id=goseongjungang&no=1700&page=10
10,1699,[일반],승리의 언 미 생 지 ㄱ,언미생윤지리 사탐 공대 ㄱㄱ - dc official App,DC인사이드 2023.11.22 14:40:40 스크랩 조회 119 추천 0 댓글 2,0,119,2023.11.22 14:40:40,https://gall.dcinside.com/mgallery/board/view/?id=goseongjungang&no=1699&page=10
10,1698,[🖥정보],내년에 문과 큰일났네,국수는 잘하는데 맨날 과탐에서 물먹던 이과가 사탐으로 유입돼서 국영탐으로 최저 맞추기 실패 각임 최저뿐만이 아니라 지금까지 사탐으로 꿀빨던 정시도 끝남 지금 문과인 현역은 재수하지말고 그냥 가라 06 문과는 명복을빈다,지리산 2023.11.21 08:20:23 스크랩 조회 196 추천 0 댓글 0,0,196,2023.11.21 08:20:23,https://gall.dcinside.com/mgallery/board/view/?id=goseongjungang&no=1698&page=10
10,1697,[❓️질문],국어 질문,다들 국어 푸는 순서 어케됨? 원래 언 문 독 순으로 푸는데 언 독 문 으로 바꿀까 고민중,ㅇㅇ (104.28) 2023.11.20 23:30:32 스크랩 조회 129 추천 0 댓글 2,0,129,2023.11.20 23:30:32,https://gall.dcinside.com/mgallery/board/view/?id=goseongjungang&no=1697&page=10
10,1696,[일반],06 앙붕이,영어 본문 통암기하다 현타 씨게옴.. 정시보단 이게 훨씬 쉬운 길이겠지..?,ㅇㅇ (79.110) 2023.11.20 20:42:07 스크랩 조회 158 추천 0 댓글 3,0,158,2023.11.20 20:42:07,https://gall.dcinside.com/mgallery/board/view/?id=goseongjungang&no=1696&page=10
10,1695,[일반],수능 끝난 지금... 이 대학 주면 가냐?,여권 바로 챙긴다 시발 - 개추 좇까 시발 - 비추,오비탈 2023.11.20 19:23:20 스크랩 조회 294 추천 6 댓글 4,6,294,2023.11.20 19:23:20,https://gall.dcinside.com/mgallery/board/view/?id=goseongjungang&no=1695&page=10
10,1694,[일반],이런데도 있네,반가워요,ㅇㅇ (211.234) 2023.11.20 16:45:35 스크랩 조회 101 추천 0 댓글 2,0,101,2023.11.20 16:45:35,https://gall.dcinside.com/mgallery/board/view/?id=goseongjungang&no=1694&page=10
10,1692,[일반],앙붕이들아 글 많이 써줘서 갤 살려주라,그러면 당신이 차기 주딱이 될수도?? - dc official App,오비탈 2023.11.20 10:59:56 스크랩 조회 108 추천 0 댓글 1,0,108,2023.11.20 10:59:56,https://gall.dcinside.com/mgallery/board/view/?id=goseongjungang&no=1692&page=10
10,1691,[일반],"롤 역사상 최고,",숭배하라 신 상 혁,ㅇㅇ (223.38) 2023.11.20 08:34:02 스크랩 조회 94 추천 2 댓글 2,2,94,2023.11.20 08:34:02,https://gall.dcinside.com/mgallery/board/view/?id=goseongjungang&no=1691&page=10
10,1690,[🖥정보],새한갤펌) 경제학과 경영학과 설명,"https://m.dcinside.com/mini/newnyangdae/3389 경제, 금융 그리고 경영 - 새로운 한양대 미니 갤러리 이제 전과, 다중전공 그리고 신입학 시즌이 찾아와 후배님들을 위하여 경제학, 금융 그리고 경영학에 대해서 글을 써볼까 합니다. 아직 학부생의 글이기에 틀린 내용이 있으면 지적 부탁드립니다.한양대학교에는 경제금융학과, m.dcinside.com 그냥 링크 타고 들어가서 읽어보셈 댓글에도 내용있음 이제 전과, 다중전공 그리고 신입학 시즌이 찾아와 후배님들을 위하여 경제학, 금융 그리고 경영학에 대해서 글을 써볼까 합니다. 아직 학부생의 글이기에 틀린 내용이 있으면 지적 부탁드립니다. 한양대학교에는 경제금융학과, 파이낸스(금융)경영학과 그리고 경영학과 이렇게 뭔가 이름들이 서로 꼬리를 물게 지어진 3개의 학과가 있습니다. 그래서 더욱더 그 차이가 모호해 보이는 경향이 있는 것 같습니다. 우선 경제학이 무엇일까요? 경제학은 일반적으로 화폐(돈)으로 사회를 분석하는 학문이라고 많이 합니다. 화폐를 통해 모든 현상을 분석하려는 경제학은 그 수치를 수학으로 표현하고 그래프를 통해 문제를 해결하려 하기 위해 다른 사회과학 학문들에 비해 수학적 능력이 많이 요구되는 편입니다. 그럼 경제학의 하위 분야에는 무엇이 있을까요? 우선 크게, 개인 또는 기업의 선택에 대하여 분석하는 미시경제학 전체적인 경제 동향을 살펴보는 거시경제학 이 두가지로 나뉘어집니다. 이 거대한 분류 속에서, 어느정도의 교집합을 가지며, 행동경제학(경제+심리학), 계량경제학,(경제+통계학, 조금더 실증적인 연구방법론에 가까운거 같습니다.), 게임이론, 산업조직론(기업 형태에 따른 독점 및 과점에 대한 연구), 금융학(엥? 이라고 생각하실수 있지만, 사실 금융이라는것은 응용미시학의 Pricing에서 시작된 부분입니다.), 국제경제학(경제학+지리,사회문화), 사회보장(복지, 보험 등 정책경제 측면입니다) 등으로 학문이 심화, 분화, 융합 되어갑니다. 그렇다면 경제금융학과는 왜 경제금융학과 일까요? 이는 한양대의 경제금융학과를 살펴보면 교수님들 중 계량, 응용미시 등의 학문을 전공하신 박사님들이 꽤 많으십니다. 그렇기에 경제학을 배우는 학과이지만 그중 하위학문인 금융학을 조금더 심화되게 배울 수 있고 그에 중점을 둔다는 의미에서 경제금융학과라고 이름이 지어져 있습니다. 그렇다면 경영학은 무엇일까요? 경영학은 일반적으로 기업체에서 기업이 원활이 운용되기 위해 필요한 모든 학문을 경영학이라 일컫습니다. 그렇기 때문에 잡학 같은 성향이 짙고, 다른 사람들과 함께 일하는 팀플식 수업이 많은것 입니다. 기업이 필요로하는 모든 학문을 배우기 때문에 경여학은 하위분야가 매우크고 넓습니다. 경영공학(생산, 품질, 물류관리, 인간공학(인체 친화적 상품개발), 소비자 및 생산 데이터 분석 -> 산업공학과로 분과) 정보시스템(경영에 필요한 전산 시스템 및 운용 -> 정보시스템학과로 분과) 재무관리(회사에서 필요한 '돈'의 전반적인 관리, 채권, 주식, 대출 등등 회계학, 금융학이 여기에 사용됩니다.) 마케팅(광고홍보학과 등으로 분과 한 대학이 많습니다.) 인사,노무(한양대학교에선 교육학과라는 학과로 있으며, 인적자원개발, 효율적인 인사구조를 연구하는 분야입니다. 흔히들 이야기하는 사원, 대리, 팀장 등의 구조나 네이버처럼 직급없이 팀장만 있는 구조 등을 배우는 분야입니다.) 등 매우 매우 분야가 넓고 이 분야들이 각자의 학과를 이룰 정도로 많이 배웁니다. 당연하게도 학부생은 이 과정을 모두 완벽하게 배울 수 없으니 수박 겉 핥기를 하듯 각 분야의 맛만 보게 되어 '이게 무슨 학과지?'라는 생각이 들 수 있습니다. 여기서 중요한 점은 경제학의 '금융'과 경영학의 '재무' 입니다. 바라보는 이유는 서로 다르지만(경제학에서는 적절한 가격평가, 경영학에서는 돈 관리) 경제학에서 시작된 금융이 경영학에서 중요한 분야로 자리잡으면서 그 크기를 점점 키워나갔습니다. 위에서 말한것과 같이 산업공학과, 정보시스템학과, 광고홍보학과 등이 사회에서의 수요가 커지고, 하나를 학부 4년 과정에서 완벽하게 배우기 힘들어지자 각자 하나의 학문으로 자리잡은것과 같이 금융공학도 사회에서의 수요가 점점 커지고 있고, 이에 따라 학교에선 파이낸스경영학과를 경영대학 안에 신설한 것입니다. 그래서 파이낸스경영학과는 경영학과와 달리 재무, 금융을 위주로 배우며 그 수업 커리큘럼이 일관되어 보이게 짜여있습니다. 그런데 여기서 경제금융학과와 파이낸스경영학과에서 금융을 배우는 것에 차이가 나타납니다. 경제금융학과는 경제학의 하위학문인 금융에 방점을 찍은것이기에 기본적인 스탠스가 경제학입니다. 반대로 파이낸스경영학과는 경영학적인 관점에서 시작된 금융이기에 기본적인 스탠스가 경영학입니다. 그렇기에 경제금융학과에서는 금용공학의 블랙숄즈, 이토렘마와 같은 식의 도출 과정, 실증 연구등을 함께 배우고(계산금융기초, 시계열 빅데이터 분석) 파이낸스경영학과에서는 위 식 들을 이용하여 실제 투자에 사용하는 법들을 배웁니다. 여기까지만 이야기하면 경영학과가 매우 안좋은 학과로 비춰질 수 있지만, 그렇지도 않습니다. 경영학이란 결국 기업체의 모든것을 다루기 떄문에 민간에서 일루어지는 모든 상업적인 행위에 있어 도화지와 같은 학문입니다. 배우는 학문의 분야가 매우 다양하다보니 내가 어떤그림을 그리느냐에 따라 어지간한 분야로 모두 진출이 가능하다는 이브이같은 장점이 있습니다.(그렇기에 커리를 빠르게 정하고, 대외활동을 열심히 하는 것이 중요합니다.) 종합해 보면 경제금융학과는 경제학 + 경제학의 하위학문인 금융을 더 집중적으로 배우는 학과 파이낸스경영학과는 경영학의 관점에서 바라본 금융을 특화한 학과 경영학과는 기업체에서 필요한 학문을 전반적으로 배우는 학과 입니다. 세학과 모두 재무, 금융을 배우기에 금융권 취업에 용이한 것이고, 많은 기업에서 선호하며 취업률이 높다고 할 수 있습니다. 부족함이 많은 설명이었지만, 각자에게 도움이 되었기를 바라며 여기서 글을 마치도록 하겠습니다. (feat. 행정학과는 경영학과의 반대로 민간기업체에서 필요한 모든 학문이 아닌, 정부, 공공기관이 운용될때 필요한 모든 학문을 배우는 학과입니다. 정책학과는 경제, 법, 철학을 모두 배워 입법부 적인 것을 배우는 학과입니다. 사법부적인 법학과와 다른 학과입니다.)",지리산 2023.11.19 23:57:59 스크랩 조회 1055 추천 1 댓글 1,1,1055,2023.11.19 23:57:59,https://gall.dcinside.com/mgallery/board/view/?id=goseongjungang&no=1690&page=10
10,1687,[일반],지리산형님,정말존경합니다고성에서도이런인재가있다니역대최고그는goat,ㅇㅇ (118.235) 2023.11.19 17:43:59 스크랩 조회 163 추천 0 댓글 2,0,163,2023.11.19 17:43:59,https://gall.dcinside.com/mgallery/board/view/?id=goseongjungang&no=1687&page=10
10,1686,[✅️인증],가채점 인증,서울대 가겠습니다,지리산 2023.11.19 11:36:44 스크랩 조회 533 추천 17 댓글 3,17,533,2023.11.19 11:36:44,https://gall.dcinside.com/mgallery/board/view/?id=goseongjungang&no=1686&page=10
10,1684,[일반],고성에는 원래 파본검사를 안하냐,위에서 시험치다가 여기와서 시험 치는데 파본검사 하라는 감독관도 하는 애들도 없어서 당황함 - dc official App,오비탈 2023.11.18 19:24:12 스크랩 조회 173 추천 0 댓글 4,0,173,2023.11.18 19:24:12,https://gall.dcinside.com/mgallery/board/view/?id=goseongjungang&no=1684&page=10
10,1683,[일반],오늘 학교 가니깐,언매 확통 한지 세지 있던데 지리산인가??,ㅇㅇ (121.177) 2023.11.17 21:22:49 스크랩 조회 143 추천 0 댓글 2,0,143,2023.11.17 21:22:49,https://gall.dcinside.com/mgallery/board/view/?id=goseongjungang&no=1683&page=10
10,1681,[✅️인증],본인 가채점 성적깐다..,몰빵 ㅁㅌㅊ?,중앙고갤러리 2023.11.17 12:38:50 스크랩 조회 334 추천 7 댓글 2,7,334,2023.11.17 12:38:50,https://gall.dcinside.com/mgallery/board/view/?id=goseongjungang&no=1681&page=10
10,1680,[일반],05중에 GOAT가 있었냐,국어 치고 화장실 가는데 국어 ㅈㄴ 쉽다고 한 새끼 있길래 ㅈㄴ 씨발씨발 거렸는데 어려운거 맞자나 시바루 ㅠㅠ - dc official App,오비탈 2023.11.17 06:51:08 스크랩 조회 178 추천 1 댓글 1,1,178,2023.11.17 06:51:08,https://gall.dcinside.com/mgallery/board/view/?id=goseongjungang&no=1680&page=10
10,1679,[일반],아 갑자기 수학 개 조진거같아서 두려운데,이러다 돌아가는건가,지리산 2023.11.16 22:38:07 스크랩 조회 151 추천 0 댓글 1,0,151,2023.11.16 22:38:07,https://gall.dcinside.com/mgallery/board/view/?id=goseongjungang&no=1679&page=10
10,1678,[일반],현역들 과탐 작년보다 어려웠다고? 작년보다 개 쉽던데 ㅋㅋ,ㅇ - dc official App,ㅇㅇ (223.62) 2023.11.16 17:03:32 스크랩 조회 113 추천 0 댓글 1,0,113,2023.11.16 17:03:32,https://gall.dcinside.com/mgallery/board/view/?id=goseongjungang&no=1678&page=10
10,1677,[일반],04 05 화이팅이다,다들 원하는곳 가라 응원한다 - dc official App,ㅇㅇ (112.163) 2023.11.16 00:44:04 스크랩 조회 97 추천 1 댓글 0,1,97,2023.11.16 00:44:04,https://gall.dcinside.com/mgallery/board/view/?id=goseongjungang&no=1677&page=10
10,1675,[❓️질문],고성중앙고 공부 못함?,내 친구 언니가 고성중앙고 다니는데 공부 못한다고 함.. 그냥 못하는것도 아니고 드럽게 못해서 고성중앙고 갔다는데 찾아보니까 그렇게 공부 못하는 고등학교 아닌거같은데 왜 그런거임? 그런 소문이 있는거임?? 고성중앙고 공부 못하는 고등학교인거? 참고로 친구는 공부 디지게 잘함 ㅇㅇ  언니는 반장도 자주 해서 내신은 좋다는데 공부는 드럽게 못해서 고성 중앙고 갔다드라?ㅠ 알려조,ㅇㅇ (211.182) 2023.11.15 11:07:00 스크랩 조회 385 추천 0 댓글 4,0,385,2023.11.15 11:07:00,https://gall.dcinside.com/mgallery/board/view/?id=goseongjungang&no=1675&page=10
10,1671,[일반],희망 백분위 100 89 2 100 100,제발 제발 제발...,지리산 2023.11.13 21:48:05 스크랩 조회 126 추천 1 댓글 0,1,126,2023.11.13 21:48:05,https://gall.dcinside.com/mgallery/board/view/?id=goseongjungang&no=1671&page=10
10,1669,[일반],앙고게이들 모두 수능 파이팅,서울 부산 대구 중 한 곳에서 볼수있도록 힘내,ㅇㅇ (223.38) 2023.11.13 21:06:15 스크랩 조회 85 추천 1 댓글 1,1,85,2023.11.13 21:06:15,https://gall.dcinside.com/mgallery/board/view/?id=goseongjungang&no=1669&page=10
10,1668,[일반],이거 현수막 걸어두고싶노,이거 인쇄해주면 학교에 걸어줌 - dc official App,ㅇㅇ (211.251) 2023.11.13 20:49:09 스크랩 조회 107 추천 0 댓글 1,0,107,2023.11.13 20:49:09,https://gall.dcinside.com/mgallery/board/view/?id=goseongjungang&no=1668&page=10
10,1666,[일반],자습실 무슨일임?,뭐 땜에 정전난겨 - dc official App,ㅇㅇ (211.251) 2023.11.13 17:57:23 스크랩 조회 94 추천 0 댓글 0,0,94,2023.11.13 17:57:23,https://gall.dcinside.com/mgallery/board/view/?id=goseongjungang&no=1666&page=10
10,1664,[일반],곧 있을 수능 기념,사용했으면 사용했다고 댓 ㄱ 굳이 다른사람 쪽팔리게 하지말고 - dc official App,ㅇㅇ (211.251) 2023.11.13 17:27:47 스크랩 조회 102 추천 1 댓글 4,1,102,2023.11.13 17:27:47,https://gall.dcinside.com/mgallery/board/view/?id=goseongjungang&no=1664&page=10
10,1663,[일반],수능 3일전,아직 기다리고 있는 치타는 개추 ㅋㅋ - dc official App,ㅇㅇ (118.235) 2023.11.13 16:42:34 스크랩 조회 62 추천 1 댓글 0,1,62,2023.11.13 16:42:34,https://gall.dcinside.com/mgallery/board/view/?id=goseongjungang&no=1663&page=10
10,1661,[일반],아니 만점마무리 모의고사 왜 영어만 없냐,나처럼 영어만 ebs 풀려는 사람이 많은건지 아니면 담요단들이 아예 영어만 공부하는건지,지리산 2023.11.08 13:25:26 스크랩 조회 106 추천 0 댓글 0,0,106,2023.11.08 13:25:26,https://gall.dcinside.com/mgallery/board/view/?id=goseongjungang&no=1661&page=10
10,1660,[일반],앙고 발목을 돌려~~~,(아아악!!!) 나 앙고 발목 돌릴 수만 있으면 앙고 부서진대도 좋아 설혹 너무 레드카드 빨리 받아 앙고의 왼쪽 발못 못 돌린다 해도 내 발 앙고 발목 속으로 90도로 돌려댈거야~~~,ㅇㅇ (223.38) 2023.11.06 17:55:34 스크랩 조회 391 추천 0 댓글 2,0,391,2023.11.06 17:55:34,https://gall.dcinside.com/mgallery/board/view/?id=goseongjungang&no=1660&page=10
10,1658,[일반],실시간 웃긴새끼,수능 10일 남겨두고 시발점 듣고있는 나새끼 심지어 옆자리 중딩도 뉴련푸는중,ㅇㅇ (211.46) 2023.11.06 08:26:09 스크랩 조회 117 추천 1 댓글 0,1,117,2023.11.06 08:26:09,https://gall.dcinside.com/mgallery/board/view/?id=goseongjungang&no=1658&page=10
10,1657,[일반],고성중앙고 파이팅!,,ㄹㅇ굳ㅋㅋ 2023.11.06 03:29:45 스크랩 조회 145 추천 1 댓글 7,1,145,2023.11.06 03:29:45,https://gall.dcinside.com/mgallery/board/view/?id=goseongjungang&no=1657&page=10
10,1656,[❓️질문],4 5등급대들은,대학 어디로감??,ㅇㅇ (118.235) 2023.11.02 19:06:30 스크랩 조회 147 추천 0 댓글 1,0,147,2023.11.02 19:06:30,https://gall.dcinside.com/mgallery/board/view/?id=goseongjungang&no=1656&page=10
11,1655,[일반],경상대는 왜 가지말라는거?,걍 개지잡대라? - dc official App,ㅇㅇ (223.39) 2023.11.01 22:11:54 스크랩 조회 289 추천 0 댓글 3,0,289,2023.11.01 22:11:54,https://gall.dcinside.com/mgallery/board/view/?id=goseongjungang&no=1655&page=11
11,1652,[✨리뷰],실모 뽑아서 풀 때 마킹시간 빼지 말고 omr 사서 마킹하셈,네이버에 수능 omr 검색하면 수능이랑 비슷한 omr 팔음 한장에 200원이라 실모보다 비싸고 배송비도 무시못하지만 수능 얼마 안남았는데 최대한 비슷하게 해야지 가채점도 적는거 추천,지리산 2023.10.30 21:52:26 스크랩 조회 125 추천 0 댓글 0,0,125,2023.10.30 21:52:26,https://gall.dcinside.com/mgallery/board/view/?id=goseongjungang&no=1652&page=11
11,1650,[일반],이감은 신이야,문제 좇같다고 욕해서 죄송합니다 GOAT...,오비탈 2023.10.26 08:22:20 스크랩 조회 145 추천 0 댓글 2,0,145,2023.10.26 08:22:20,https://gall.dcinside.com/mgallery/board/view/?id=goseongjungang&no=1650&page=11
11,1649,[일반],발목지뢰,,ㅇㅇ (211.234) 2023.10.23 23:43:51 스크랩 조회 117 추천 0 댓글 3,0,117,2023.10.23 23:43:51,https://gall.dcinside.com/mgallery/board/view/?id=goseongjungang&no=1649&page=11
11,1648,[일반],뭐여 스티커 나도줘,스티커 받는김에 살아있는 갤럼들끼리 정모하자 - dc official App,ㅇㅇ (211.251) 2023.10.23 21:03:04 스크랩 조회 102 추천 0 댓글 1,0,102,2023.10.23 21:03:04,https://gall.dcinside.com/mgallery/board/view/?id=goseongjungang&no=1648&page=11
11,1646,[일반],왜내가45점맞고2컷을쳐맞아야되는거지,(아직도이해못함),오비탈 2023.10.23 07:00:08 스크랩 조회 136 추천 2 댓글 1,2,136,2023.10.23 07:00:08,https://gall.dcinside.com/mgallery/board/view/?id=goseongjungang&no=1646&page=11
11,1645,[일반],주딱이 준 씹덕 스티커 까먹고있었다,이거 1주일동안 폰 뒤에 넣어놨는데 스카에서 사람들이 웃는이유를 드디어 찾음,ㅇㅇ (211.251) 2023.10.22 18:51:45 스크랩 조회 100 추천 2 댓글 0,2,100,2023.10.22 18:51:45,https://gall.dcinside.com/mgallery/board/view/?id=goseongjungang&no=1645&page=11
11,1644,[일반],장윤정이랑 코요태 왔다는데 사인 받아올걸,얼마전에 우리의 꿈 들으면서 울엇는대.,지리산 2023.10.20 21:45:11 스크랩 조회 89 추천 0 댓글 0,0,89,2023.10.20 21:45:11,https://gall.dcinside.com/mgallery/board/view/?id=goseongjungang&no=1644&page=11
11,1643,[일반],싸이버거라는 가수도 있었음?,특이하네,ㅇㅇ (223.38) 2023.10.19 18:21:29 스크랩 조회 117 추천 2 댓글 0,2,117,2023.10.19 18:21:29,https://gall.dcinside.com/mgallery/board/view/?id=goseongjungang&no=1643&page=11
11,1641,[✨리뷰],주딱님이 준 미쿠 스티커,프로세카 안하지만 휴대폰 뒤에 붙이고 다니고 있습니다,지리산 2023.10.16 18:31:02 스크랩 조회 87 추천 2 댓글 0,2,87,2023.10.16 18:31:02,https://gall.dcinside.com/mgallery/board/view/?id=goseongjungang&no=1641&page=11
11,1640,[일반],한ㅇ진쌤 사상이?,페미옹호 발언하시고 갑자기 페미는 죄가아니다 선언하네 내가 중간에 씹어서 그런건진 몰라도 앞서 페미사태가 터진건 그 사람만 잘못했지 페미가 죄는 아니다 ㅇㅈㄹ하는데 그럼 사회주의도 지도자가 ㅂㅅ이지 괜찮은 사상이다 이러는거임? - dc official App,ㅇㅇ (211.251) 2023.10.16 10:32:26 스크랩 조회 184 추천 2 댓글 6,2,184,2023.10.16 10:32:26,https://gall.dcinside.com/mgallery/board/view/?id=goseongjungang&no=1640&page=11
11,1639,[일반],내신 3점 초면 부산대 건축 토목 조선 될걸,더 높은과 갈거면 경북대 ㄱ,지리산 2023.10.15 13:02:21 스크랩 조회 174 추천 1 댓글 2,1,174,2023.10.15 13:02:21,https://gall.dcinside.com/mgallery/board/view/?id=goseongjungang&no=1639&page=11
11,1638,[일반],10모 수학 풀다 어이없던거,30번 저거 x축이랑 안만나게 할거면 절댓값은 왜준거냐 헷갈리게 저거 때매 내가 실수한줄 알고 시간쓰다가 말림 ㅆㅃ,오비탈 2023.10.15 12:27:41 스크랩 조회 106 추천 0 댓글 1,0,106,2023.10.15 12:27:41,https://gall.dcinside.com/mgallery/board/view/?id=goseongjungang&no=1638&page=11
11,1637,[일반],3점초면 경북대 공대는 되지않나,메이저는 안되지만 비슷한 과가 많아서 상관없을거같은데,ㅇㅇ (211.235) 2023.10.15 07:46:03 스크랩 조회 119 추천 0 댓글 0,0,119,2023.10.15 07:46:03,https://gall.dcinside.com/mgallery/board/view/?id=goseongjungang&no=1637&page=11
11,1636,[일반],내신 3점극초,고성 ㅈ반고에서 학종으로 지거국 공대 가능함?,ㅇㅇ (118.235) 2023.10.14 23:22:24 스크랩 조회 198 추천 0 댓글 3,0,198,2023.10.14 23:22:24,https://gall.dcinside.com/mgallery/board/view/?id=goseongjungang&no=1636&page=11
11,1635,[✅️인증],10월 전국연합학력평가 소감,일단 성적 깜 작년 수능이랑 백분위 같긴 한데 현역만 치는 표본에서 이정도인건 실패 9평도 이걸로 농어촌이 될지 안될지 ㅈㄴ 애매하고 호머를 해야 겨우 비빌 수준인데 10모도 이러면 난 고대에 갈수있는건지 참...풀어지지 말고 한달간 빡세게 해야할듯 10모 전반적으로 느낀 점은 10모는 진짜 수능이랑 아무런 관련 없을 것 같단거임 국어는 당연히 이따위로 나올 수가 없고 수학도 마찬가지. 이미 9평때 불사탐 예고해서 지리도 이렇게 쉽게 안냄 9월 모의평가 나오기 전에 출제를 다 한 문제라서 진짜 난이도 쉽게만 낸듯함 이제 과목별 느낀점 국어는 그냥 인쇄상태랑 글꼴부터 별로임 서울시교육청 똥고집 씨발 좀 평가원이랑 같은거로 바꿔라 사설도 평가원 따라가는데 왜 지좆대로 내는거지? 퀄도 개 구리다 독서론에 함정 파놓고 독서는 추론을 없애버림. 그리고 친윤 국어 제대로 하려면 문학을 어렵게 내야되는데 독서 틀릴까봐 검토 500분 했는데도 문학 다하고 시간 남았다. 이새끼들 뭔 자신감으로 그냥 난이도를 팍 꼴은건지 모르겠다. 진짜 수능에 이렇게 나올거라 생각했나. 이감상상바탕이 10모보다 훨 낫다 작년엔 10월 국어도 사설틱 ㅎㅌㅊ였는데(그땐못쳤지만) 올해도 ㅎㅌㅊ 수학은 일단 개인적으로 아쉬운점부터 21번은 그냥 못풀었는데 다른 문제는 호머의 여지가 있음 20 22번은 식 전개하다가 포기했고 15번은 경우의 수를 다 못센거고 28번은 왜 틀렸는지 모르겠고 30번도 경우의수 다 못셈 확통은 경우의수 세는거 자체가 출제의도인거 생각하면 15 28은 호머해서 84점으로 쳐줄만한듯하다. 정신승리긴 한데 이렇게 안하면 내 정신이 못버팀. 그래도 일단 틀린건 틀린거라서 틀린 이유 다 확인 완료는 했다. 시험지 자체에서 느낀 점은 21번 말고는 딱히 어렵단 느낌 못받았고 발상이 너무 단순했음. 15번 좀 더 체계적으로 나열하고 20 22번 그냥 들이박았으면 다 풀었을듯. 실모 좀만 더 많이 풀었으면 지금 내 실력으로도 92까진 받을 수 있었던 시험이라고 생각한다. 그럼에도 다른 시험에 비해 등급컷이 낮은건 나와 같은 이유로 20 22번 드랍한 사람이 많았기 때문이라 생각함. 사실 20번은 식 나열만 했으면 뻔란 기출소재라 그냥 풀리는거고 이런걸로 변별하는게 9평에서 보여준 기조긴 한데 22번은 좀 너무한 느낌이다 수능때는 어떻게 나올지 모르니 식 쓰는걸 두려워하면 안될듯.. 영어는 듣기 성우가 별로였다 독해는 쉬웠음 빡갤에선 한국사로 변별한다 드립치던데 안어렵던데 쌍지 너무쉬움 예전메타임. 둘 다 검토하고 마킹까지 각각 10분컷냈다. 개인적인 생각으론 수능은 9평 이상 난이도에 연계 존나 중요할거같음. 쌍지 역시 9평 반영이 안돼서 10모는 진짜 별로다 진짜 수학이 존나 아쉽다 예전이랑 성적은 비슷한데 예전엔 찍기 영끌이라면 지금은 제 실력도 최대한으로 발휘를 못하는느낌? 일단 가능성은 확인했고 실모를 많이 풀어서 실전 연습을 해야겠단 생각이 든다. 10모는 찢어버리고 대통령 각하의 기조에 충실한 국어의 이감상상 수학의 수완양모빡모해모히카컬렉션으로 고려대 쟁취하겠다 앙붕이들 수능 파이팅,지리산 2023.10.14 21:27:15 스크랩 조회 970 추천 2 댓글 0,2,970,2023.10.14 21:27:15,https://gall.dcinside.com/mgallery/board/view/?id=goseongjungang&no=1635&page=11
11,1634,[일반],야 시험끝났다 기분좋다,망한거알빠노?,ㅇㅇ (211.235) 2023.10.14 13:32:16 스크랩 조회 72 추천 0 댓글 0,0,72,2023.10.14 13:32:16,https://gall.dcinside.com/mgallery/board/view/?id=goseongjungang&no=1634&page=11
11,1633,[일반],10모 영어듣기 왜이리 빡세노,듣기 4개 틀려서 91점 떴다뇨이..,오비탈 2023.10.14 07:26:06 스크랩 조회 131 추천 0 댓글 1,0,131,2023.10.14 07:26:06,https://gall.dcinside.com/mgallery/board/view/?id=goseongjungang&no=1633&page=11
11,1632,[일반],이기상 모의고사 연계교재 반영 안하는게 좀 ㅈ같네,작년엔 그냥 풀었는데 올해 통계자료 바뀌면서 틀린게 너무많음걍 문제 푸는건 어차피 그 안에서 퍼즐풀기니까 상관없는데 거슬려서 풀지를 못하겠다 걍 서바 강대 뽑아야겠노,지리산 2023.10.11 19:06:48 스크랩 조회 243 추천 0 댓글 0,0,243,2023.10.11 19:06:48,https://gall.dcinside.com/mgallery/board/view/?id=goseongjungang&no=1632&page=11
11,1631,[일반],부산대 빡세지만 않으면 가고싶은데,정보컴퓨터공학부가 컴공과 맞음? 그리고 정보만 부산캠버스라는데 맞음? - dc official App,ㅇㅇ 2023.10.10 21:07:00 스크랩 조회 312 추천 0 댓글 5,0,312,2023.10.10 21:07:00,https://gall.dcinside.com/mgallery/board/view/?id=goseongjungang&no=1631&page=11
11,1629,[일반],지1 40점 < 지2 16점,시발 ㅋㅋㅋㅋㅋㅋㅋ - dc official App,오비탈 2023.10.06 14:22:24 스크랩 조회 95 추천 0 댓글 0,0,95,2023.10.06 14:22:24,https://gall.dcinside.com/mgallery/board/view/?id=goseongjungang&no=1629&page=11
11,1628,[✅️인증],9월 모의평가 성적표 인증,어 망했어 13211 << 이 씨발 등급은 같은데 백분위 팍 꼬라박아서 고대못갑니다 근데 이 성적으로도 농어촌은 낭낭히 되긴함 일반이랑 환산점수 10점 차이나서,지리산 2023.10.05 21:45:00 스크랩 조회 207 추천 0 댓글 2,0,207,2023.10.05 21:45:00,https://gall.dcinside.com/mgallery/board/view/?id=goseongjungang&no=1628&page=11
11,1627,[일반],문재인 지지자 누구노?,자습실에서 찾았는데 이기이기 들켜버렸노!,ㅇㅇ (106.101) 2023.10.05 16:21:35 스크랩 조회 98 추천 2 댓글 1,2,98,2023.10.05 16:21:35,https://gall.dcinside.com/mgallery/board/view/?id=goseongjungang&no=1627&page=11
11,1626,[일반],앙붕이들 모두 시험 파이팅입니다,이걸 보는 사람이 있을까 싶긴 하지만...,지리산 2023.10.04 20:57:01 스크랩 조회 71 추천 0 댓글 0,0,71,2023.10.04 20:57:01,https://gall.dcinside.com/mgallery/board/view/?id=goseongjungang&no=1626&page=11
11,1625,[🖥정보],9월 모의평가 표준점수 도수분포표,어 사탐의 승리야 ㅋㅋ 교차 무찌르고 올해 고대갈게,지리산 2023.10.04 16:33:24 스크랩 조회 107 추천 0 댓글 0,0,107,2023.10.04 16:33:24,https://gall.dcinside.com/mgallery/board/view/?id=goseongjungang&no=1625&page=11
11,1624,[일반],한지 공업문제 도표만 연계인줄알았더니 문제 대놓고 연계네,까먹고 맨 뒤에 안풀었다가 ㅈ될뻔했노,지리산 2023.10.04 16:14:20 스크랩 조회 78 추천 0 댓글 0,0,78,2023.10.04 16:14:20,https://gall.dcinside.com/mgallery/board/view/?id=goseongjungang&no=1624&page=11
11,1623,[일반],아니 플랜트 오늘 영업하지?,집에 있으면 공부 못하는데,지리산 2023.09.29 08:54:56 스크랩 조회 105 추천 0 댓글 0,0,105,2023.09.29 08:54:56,https://gall.dcinside.com/mgallery/board/view/?id=goseongjungang&no=1623&page=11
11,1622,[❓️질문],독서실,"이번에 명절에 잠깐 내려온 학생인데, 여긴 24시간 독서실이 없나요? - dc official App",ㅇㅇ (175.199) 2023.09.28 23:19:34 스크랩 조회 125 추천 0 댓글 2,0,125,2023.09.28 23:19:34,https://gall.dcinside.com/mgallery/board/view/?id=goseongjungang&no=1622&page=11
11,1621,[일반],오늘 간쓸개 푼건 또 괜찮네,독서도 그렇고 문학도 그렇고 만족스러움 역시 간쓸개는 파이널2만 샀어야했다,지리산 2023.09.27 12:08:53 스크랩 조회 99 추천 0 댓글 0,0,99,2023.09.27 12:08:53,https://gall.dcinside.com/mgallery/board/view/?id=goseongjungang&no=1621&page=11
11,1620,[일반],국어 4등급으로도 약대 간 사례 몇몇  았네,뭐임뇨 ㅋㅋ,오비탈 2023.09.26 07:26:00 스크랩 조회 145 추천 0 댓글 1,0,145,2023.09.26 07:26:00,https://gall.dcinside.com/mgallery/board/view/?id=goseongjungang&no=1620&page=11
11,1619,[일반],간쓸개는 풀면 풀수록 느끼는데 평가원이랑 차이 확남,해골물같기도 한데 이감식 지문 특징이 지문이 난잡하고 일부러 흩어놓은 느낌인거같음 독서는 상상 문학은 바탕이 맞는거같다 굳이 이감을 꼭 살 필요 없음 이감 이새끼들 학원 선점해서 1등인거지 상상 바탕보다 구린거같음 인터넷이랑 학원용 차이 없는 상상 바탕이 걍 이감보다 낫다 주간지랑 실모 따로 살거면 상상이나 바탕 사,지리산 2023.09.25 23:58:31 스크랩 조회 285 추천 0 댓글 0,0,285,2023.09.25 23:58:31,https://gall.dcinside.com/mgallery/board/view/?id=goseongjungang&no=1619&page=11
11,1617,[❓️질문],이지역에서쓸수있는,농어촌 정시가 얼마나 사기인거임?,ㅇㅇ (223.39) 2023.09.24 16:38:41 스크랩 조회 159 추천 0 댓글 1,0,159,2023.09.24 16:38:41,https://gall.dcinside.com/mgallery/board/view/?id=goseongjungang&no=1617&page=11
11,1616,[일반],역시 국어는 검토가 필수임,지문 깊게 읽어서 한번에 하는것도 좋은데 적당히 읽고 다시보는게 맞는듯 일단 나는 그럼 솔직히 작년 69수능 치면서 난 모든 지문 한번에 이해한적 없는거같음 지문 허겁지겁 읽어내리면서 풀리는건 풀고 안풀리는건 놔뒀다가 문제 읽으면서 제대로 이해함 이러면 안풀리는 문제 몇 개가 있는데 그러면 문학 빠르게 끝내고 다시 돌아와서 천천히 풀었음 문학도 헷갈리는 문제 있었는데 바로 결론 안내리고 다른 문제 풀다가 마지막에 건드렸음 맨날 애들이 나한테 검토 빼고 20분 남는다며 치켜세웠는데 사실 대충 읽는거라 검토도 독해 과정이어서 그렇게 나온거임 그런데 어쭙잖게 코동욱식 독해 따라하려다가 개처망한듯 난 집중력 별로 좋은 편이 아니라 깊게 한번에 이해하는것보단 여러번 빠르게 읽는게 이해할 때 효과 좋은거같음 올해 독서는 적당히 어렵고 문학 불 나올거같아서 올해는  독서 걸린다고 문학 다풀고 독서로 돌아가는게 아니라 문학 넘어가기 전에 다시 독서 검토하고 문학은 애매하면 바로 넘기고 마지막에 보는게 나을거같음 검토가 필수란건 국어를 훨씬 잘 봤던 작년의 내가 어떻게 문제를 풀었나 생각하면서 내린 결론임 특히 올해 재수하면서 느끼는건데 뭔가 내 행동을 스스로 되짚어보면 ADHD 증상 약하게 있는거처럼 느껴서 검토가 진짜 필수인거같음 집중 못해서 한번에 안되니까,지리산 2023.09.23 16:19:18 스크랩 조회 116 추천 0 댓글 0,0,116,2023.09.23 16:19:18,https://gall.dcinside.com/mgallery/board/view/?id=goseongjungang&no=1616&page=11
11,1615,[일반],윗지방이라 그런가,존나 춥네 ㅠㅠ,오비탈 2023.09.23 07:31:19 스크랩 조회 92 추천 0 댓글 0,0,92,2023.09.23 07:31:19,https://gall.dcinside.com/mgallery/board/view/?id=goseongjungang&no=1615&page=11
11,1614,[일반],학교에서 수특으로 수업하는거 단점,내신준비한다고 거부감생겨서 올해도 연계 공부하기 줫같음,지리산 2023.09.22 22:49:00 스크랩 조회 131 추천 0 댓글 0,0,131,2023.09.22 22:49:00,https://gall.dcinside.com/mgallery/board/view/?id=goseongjungang&no=1614&page=11
11,1612,[일반],아래 문제 풀이,시행착오 한번 있었는데 그게 착오인걸 못알아채고 끝까지 푸느라 ㅈㄴ오래걸림 근데 맞는지 아닌지 모르겠노,지리산 2023.09.19 22:53:59 스크랩 조회 127 추천 0 댓글 1,0,127,2023.09.19 22:53:59,https://gall.dcinside.com/mgallery/board/view/?id=goseongjungang&no=1612&page=11
11,1611,[❓️질문],어케 푸노?,ㄹㅇ,ㅇㅇ (223.39) 2023.09.19 22:04:55 스크랩 조회 131 추천 0 댓글 1,0,131,2023.09.19 22:04:55,https://gall.dcinside.com/mgallery/board/view/?id=goseongjungang&no=1611&page=11
11,1609,[일반],다음 주딱 누가됨?,생각해보니 현재까지 활동중인게 현 주딱이랑 파딱들 말고는 없고 1.2학년은 간혹가다 글쓰거나 눈팅말고는 없던데 - dc official App,ㅇㅇ 2023.09.18 07:28:32 스크랩 조회 106 추천 0 댓글 1,0,106,2023.09.18 07:28:32,https://gall.dcinside.com/mgallery/board/view/?id=goseongjungang&no=1609&page=11
11,1608,[일반],아 나한테 내신 몰빵해 줬었으면,내가 서울대 붙여 올수 있는건데 ㅇ,오비탈 2023.09.16 07:26:27 스크랩 조회 172 추천 0 댓글 0,0,172,2023.09.16 07:26:27,https://gall.dcinside.com/mgallery/board/view/?id=goseongjungang&no=1608&page=11
11,1607,[일반],아니 서울대 하나도 안쓰는건 너무한거아니냐,중앙고 진짜 개처망했네 ㅉㅉ,지리산 2023.09.15 13:24:47 스크랩 조회 233 추천 0 댓글 7,0,233,2023.09.15 13:24:47,https://gall.dcinside.com/mgallery/board/view/?id=goseongjungang&no=1607&page=11
11,1606,[❓️질문],논술 쓸까말까,고민고민왕고민,ㅇㅇ (223.38) 2023.09.13 21:07:22 스크랩 조회 89 추천 0 댓글 0,0,89,2023.09.13 21:07:22,https://gall.dcinside.com/mgallery/board/view/?id=goseongjungang&no=1606&page=11
11,1605,[일반],여기 파딱갤이였노,조회수하고 글보면 05.06중에 눈팅 몇명있고 07은 거의 없네 고등학교갤이라서 그런가 - dc official App,ㅇㅇ (211.251) 2023.09.11 20:33:59 스크랩 조회 128 추천 2 댓글 5,2,128,2023.09.11 20:33:59,https://gall.dcinside.com/mgallery/board/view/?id=goseongjungang&no=1605&page=11
11,1604,[일반],아 작년에 농어촌 서울대만 쓴 이유를 이제 떠올렸다,고대 연대 이3끼들 농어촌전형은 수능 전에 면접 처 보게 만듬 느억맘 그냥 일반전형 수시 쓰고 농어촌정시만 믿는다,지리산 2023.09.10 21:24:37 스크랩 조회 508 추천 1 댓글 2,1,508,2023.09.10 21:24:37,https://gall.dcinside.com/mgallery/board/view/?id=goseongjungang&no=1604&page=11
11,1602,[🖥정보],[세계지리] 9월 모의평가 세계지리 해설,"세계지리 1등급을 받아왔지만 실수를 해서 하나 틀렸다 몰라서 틀린게 아니므로 호머식 50점 ㅇㅇ 1번 이걸 틀린 사람은 아마 3번을 골랐을 것이다. 근데 대명혼일도 자체가 대명(大明:명나라)와 세계 지도를 말하는 것이고 중국 외의 지역이 간략히 표시돼있으므로 중국에서 만든 지도라 보면 된다. ???: 아니 아프리카가 어딨노? 저게 아프리카와 아라비아반도다. 저게 지중해라는 사람도 있긴 한데 사실 그렇다기엔 부자연스러운게 빨간 동그라미 바로 위가 지중해 판도랑 똑같다. 콩고 분지를 그냥 바다로 표현한듯 그래서 답은 5번 혼일강리역대국도지도에도 지중해가 흰색으로 표시돼있다 아프리카와 아라비아반도가 존재한단걸 알수있음 2번. 북부 아프리카는 지중해성 기후를 띠기 때문에 플랜테이션엔 부적합하다 그리고 카카오의 최대 수출국이 바로 문제에 나온 코트디부아르다. + 커피는 브라질 참고로 로마 제국과 오스만 제국의 판도에서 알 수 있듯 북아프리카는 우리가 아는 아프리카보단 유럽이나 중동에 가깝다. 그래서 세계지리 교과서에서 건조 문화권에 북아프리카와 중동이 합쳐져 있는것 5번. 우유니 사막은 원래 바다이던 지형이 안데스산맥이 형성될때 그대로 융기해서 형성된 지형이다. 여기에 물이 찰랑거리기도 해서 호수라고도 한다. 아타카마 사막은 바다가 바로 앞에 있음에도 세계에서 가장 건조한 사막이다. 답은 5번 6번. 위치가 정확히 안보이긴 하는데 아마 브뤼셀(Cfb), 로마(Cs), 칭다오(Cw), 다윈(Aw)일 것이다. 머 도시 이름보다 기후가 중요하니 도시 이름은 몰라도 된다. 그래도 자주 나오는 도시는 확인해두자. 남반구는 계절이 반대이므로 여름인 1월에 강수량이 엄청난 (나)가 다윈(Aw) 강수량이 일정한 (라)가 브뤼셀(Cfb) 나머진 겨울에 비가 오는 로마(Cs), 여름에 비가 오는 칭다오(Cw) 근데 답이 너무 허무한게 유일한 남반구인게 (나)인 것만 확인하면 5번이 답인 걸 알 수 있다. 그렇더라도 가나다라 구하는 문제는 꼭 다 구해보자 틀릴수도 있으니까 7번. 이것도 꽤 어려웠다 오답률 3위 근데 어려운게 너무 치사해서 문제였다. 근데 6평도 그렇고 이런 문제가 계속 나오는거 보면 연계와 지도에 집중하라는 메시지임이 분명해보인다. 공산품 수출 비율이 압도적인 (다)가 멕시코 광물 비율이 과반인 (라)가 칠레 농산물-광물-공산품이 그나마 균형 있는 (가)가 브라질 천연자원이 거의 없고 팜파스에서 기업적 농업을 하는 (나)가 아르헨티나 1.철광석 생산량은 남미에선 브라질이 압도적이다. 안정육괴에 철광석이 많다는 사실로도 유추할 수 있다. 2. 칠레는 길기만 길지 넓이는 남미 평균이다 3. 뭐 브라질에 열대우림 있는걸로 유추 가능하긴 한데 이건 좀 너무한거아닌지 나도 이거 호이4 하면서 제대로 알았음 4. 중남미에서 종주도시화 없는건 브라질만 그렇다고 보면 된다. 5. 이것도 상당히 치사한데 페루 볼리비아 아르헨티나 위치를 정확히 알고 있어야 했던 문제 이것도 호이4 해서 알았다. 이 문제로 호이4 플탐은 순공시간임이 증명 8번. 북아프리카 전통가옥은 딱 이렇게생김. 사진은 말리의 유적지 통북투. 룹알할리 사막이 어딘가 찾아봤는데 아라비아 반도였음. 아마 수능 준비하려면 세계 지형 이름 다 외워야될듯 나이저강은 나이지리아지 리비아가 아님 4번이 꽤 중요한데 이슬람은 이란 이라크 아제르바이잔 빼면 전부 수니파라고 보면 된다. 나무위키에 보니까 바레인도 시아파라는데 이건 뭐 알거없고 종교갈등으로 분리된게 수단 남수단이다 9번. 오답률 1위 ㄴ 보기는 좀 쉬워서 제끼고 시작하면 ㄱ 쌀 수출량은 수특에도 있듯이 인도-태국 순이다 따라서 참 수특에 있는 자료에 집중해야함을 알 수 있다. ㄷ 인도랑 미얀마는 같은 영국령 인도 제국에 있었다 저기서 동벵골은 파키스탄으로 분리독립했다가 방글라데시로 다시 독립했지만 아삼(전 세계 강수량 1위) 지방이랑 버마가 붙어있는걸 알 수 있다. 진짜 호이4 플탐은 세지 순공시간이다 10번. (가)는 스코틀랜드 경제력 1위 글래스고 (나)는 로테르담 (다)는 모르지만 니스쪽이긴함 에든버러는 스코틀랜드의 수도이므로 스코틀랜드에 있는 A가 (가)인걸 알았어야했는데 아마 잉글랜드에 있는 B(찾아보니까 케임브릿지)를 찍어서 틀렸을 수도 있을 것 같다. 11번. 히말라야 산맥은 대륙 지각 충돌이라 이 문제는 간단하게 3번으로 답이 나오지만 6평에서 판의 경계를 자세히 물어봤으므로 수특 대지형 단원을 복습하면 좋을 것 같다. 13번. 온실가스는 파리협정, 폐기물 이동은 바젤협약 폐기물 해양투기는 런던협약이다 국제 환경 협약이 6평에도 어려운 편으로 나와서 여기도 알아두면 좋을 것 같다. 연도랑 내용 모두 외우는걸 추천 14번. UAE는 석유, 중국 석탄, 아이슬란드는 지열과 수력 스위스와 노르웨이 모두 수력발전이 신재생 발전량 1위고 노르웨이는 전체도 1등이다 지열 1위는 미국, 수력 1위는 중국 참고로 아이슬란드에서 전기 생산량 1위 발전은 수력이다. 그런데 신재생 에너지 생산량 1위는 지열이다. 이는 지열에너지의 대부분을 난방에 쓰기 때문인데 이와 관련된 문제가 기출에 있었다. 만약 이 내용이 나온다면 표시를 확실히 하고 다른 나라의 신재생 에너지 구조도 낼 걱이니 걱정할 필요 없다. 15번. 이건 뭘 먼저 거르냐에 따라 풀이 순서가 달라지긴 하는데 난 일단 GDP로 구분했다. (가) (라)는 터키나 사우디 둘 중 하나, (나) (다)는 이집트나 사우디 둘 중 하나. 그리고 거기서 인구밀도가 높은 집단이 각각 터키와 이집트가 될 것이므로 (가) 터키 (나) 사우디 (다) 이집트 (라) 카자흐스탄 1차산업 비율로도 구분이 가능한데 해안가와 나일강 삼각주에 농업이 발달한 이집트가 (다), 지중해성 기후가 절반 이상인 터키가 (가), 사막에 있는 사우디가 (라), 나머지 남은 카자흐가 (다) 답은 2번으로 카자흐는 대표적인 광물 수출국이다. 참고로 이집트 인구는 1억1천, 터키 인구 8600만 https://namu.wiki/w/국가별%20인구%20순위 참고 17번. 보잉의 본사가 시애틀(A)에 있다. 시애틀은 IT와 항공산업 발달 B는 찾아보니까 포틀랜드다. 첨단산업이 없진 않지만 실리콘밸리는 샌프란시스코 C는 워싱턴 D.C.로 미국 북동부의 매사추세츠 보스턴에서 버지니아 노퍽에까지 이르는 북동부 메갈로폴리스에 있다 D는 잘 모르겠지만(애틀랜타네요) 남부 최대 석유화학단지는 휴스턴이다 19번. 난 이게 제일 어려웠긴 한데 그래도 풀만은 했다. 일단 밀 수출 1위 A는 유럽 밀 생산 1위 C는 아시아 B D가 문젠데 남미는 아르헨티나 빼면 밀 농업이 그리 발달하지 않았다 어 천조국(天朝國)이야 상업적 농업은 역시 미국이다. 미국의 밀 생산량이 어마어마하므로 남미 싹 다 커버 가능 그런데 옥수수는 그게 안된다. 남미 국가의 기본 곡물이 옥수수고 축산업이 발달한 브라질이 옥수수를 매우 많이 수출한다. 자료에서 보면 브라질 하나가 미국 수출량의 대부분을 커버하므로 나머지 국가의 수출량이 미국 수출량 이상임을 알 수 있다. 물론 생산량 자체는 수특 도표에서 알 수 있듯 미국이 압도적이다. 미국은 진짜 신의 은총을 입은 나라가 맞는거같다. 이번 9평에서 알 수 있었던 건 한지세지 둘 다 연계와 기출, 지도가 매우매우 중요하단 사실이다. 남은 두달 중 한달동안은 이미 기출을 못끝냈다면 기출을, 했다면 이기상 n제랑 연계교재 복습에 집중하는게 좋을 것 같다. 수능 전 한달동안은 이기상 모의고사와 연계교재 복습을 계속 하는 것을 추천한다. 이기상 안들어도 문제는 풀어라 나도 개념은 ebs 이진웅 들었지만 기출과 연계만으로 부족하다 싶어서 작년에 이기상 모의고사와 전성오 n제 풀었다. 학교 지리선생님은 맨날 ebs만 하라면서 사설을 악의 축으로 몰아가는데 그냥 무시하고 전부 다 해라. 사설 저격은 국어 수학만 먹었지 탐구는 더 어렵게 나올 가능성이 더 높다.",지리산 2023.09.10 12:07:44 스크랩 조회 931 추천 3 댓글 1,3,931,2023.09.10 12:07:44,https://gall.dcinside.com/mgallery/board/view/?id=goseongjungang&no=1602&page=11
11,1601,[🖥정보],현시점 최고의 국어 컨텐츠,2009~2015 국어 기출 지금사라 최근 기출도 사설도 다 오답이다 옛날기출 풀어라 ㄹㅇ,지리산 2023.09.10 09:35:50 스크랩 조회 151 추천 0 댓글 0,0,151,2023.09.10 09:35:50,https://gall.dcinside.com/mgallery/board/view/?id=goseongjungang&no=1601&page=11
11,1598,[🖥정보],2024 대학서열(수필템 카페 펌),문이과 통합 순위라 계열/학과별로 다를 수 있음 부경대 ㄹㅇ 높네,지리산 2023.09.09 21:04:19 스크랩 조회 1232 추천 0 댓글 0,0,1232,2023.09.09 21:04:19,https://gall.dcinside.com/mgallery/board/view/?id=goseongjungang&no=1598&page=11
11,1595,[일반],수능완성 지금 푸는데 9평이랑 왤케 비슷한 느낌이냐,n제 다 갖다버리고 수특수완 무한회독한다,지리산 2023.09.09 15:42:16 스크랩 조회 107 추천 0 댓글 1,0,107,2023.09.09 15:42:16,https://gall.dcinside.com/mgallery/board/view/?id=goseongjungang&no=1595&page=11
11,1594,[일반],수능 기조 예상,"국어- 비문학 평타 문학 불 화작,언매 둘다 9평이랑 비슷한 난이도로 표점 맞출듯 평가원이 정부 눈치보면서 다시 비문학 난이도를 올릴 일은 없을듯 함 수학- 9평이랑 비슷한 난이도거나 조금 더 오를 듯 1컷 84~88 예상 영어- 9평이 불이라 수능땐 물로 낼듯 과탐- 저대로 수능 나오면 1컷 50확정이라 9평보다 난이도 오를듯 그래도 킬러배제는 유지한채로 막전위 같은 준킬러 약간 어렵게 낼듯함 - dc official App",오비탈 2023.09.09 13:45:00 스크랩 조회 111 추천 0 댓글 1,0,111,2023.09.09 13:45:00,https://gall.dcinside.com/mgallery/board/view/?id=goseongjungang&no=1594&page=11
11,1593,[❓️질문],중앙고-고성고-철고 다같이 내신 매기면 어떻게 될까,중앙고가 다 쓸어먹는 수준임? - dc official App,오비탈 2023.09.08 19:42:56 스크랩 조회 223 추천 0 댓글 2,0,223,2023.09.08 19:42:56,https://gall.dcinside.com/mgallery/board/view/?id=goseongjungang&no=1593&page=11
11,1592,[🖥정보],[한국지리] 9월 모의평가 해설,"이번 한국지리는 상당히 어려웠다. 기존에 지리는 지뢰같은 문제가 한개정도 나왔는데 이번엔 약간 어려운 문제가 많이 분포해 좀 더 까다로웠다 그래도 난 ""어 형이야"" 솔직히 개쫄렸음 ㄹㅇ 시험 끝날때까지 긴장많이했다 보통 1컷이 47만 돼도 어려웠다고 하는데 이번엔 무려 45인걸 보면 아주 어려웠다는 건 확실하다 그래서 한지세지는 해설할만한 것 같아서 올린다 2번 (가)는 영동고속도로, (나)는 경부고속도로 A는 원주 B는 강릉 C는 대전 D는 대구(군위 안슐루스) 동계 올림픽 개최지인 평창은 강릉 바로 왼쪽인데 영동고속도로가 군내를 관통하므로 ㄱ 참 대구엔 지하철이 있지만 원주엔 지하철이 없다. ㄴ 거짓 대전에는 혁신도시가 조성됐지만 강릉엔 없다. 강원도 혁신도시는 원주 참고로 지하철(도시철도)과 광역철도는 다르다. 천안엔 수도권 전철 1호선이 다니지만 서울 지하철 1호선이 아니라 서울 지하철을 포함한 ""수도권 전철""이 다니므로 지하철이 아니라 수도권 전철이 다닌다고 문제에서 나온다. 같은 맥락에서 울산도 동해선 전철이 다니지만 법적으로 도시철도가 아니라 광역철도다. 4번 A김제 B남원 C순천 D해남 E함평 위치는 기본이고 지역 축제도 알아두자 참고로 E 위에 있는곳은 영광(굴비, 원전)이다. 5번 노령화지수가 가장 낮은 A는 화성, 제일 높은 C는 가평 청년 인구 비율이 제일 높은 B는 성남 성남은 1기 분당신도시, 2기 판교신도시가 조성돼있고 신도시가 강남으로의 접근성이 아주 좋아(신분당선 판교역-강남역 14분) 서울 통근 비율이 높다 2기 동탄신도시가 조성된 화성은 서울과 상대적으로 멀고 공업이 발달해 통근 비율이 낮다 근데 답은 맥빠지게 5번 노령화지수는 (노년/유소년)×100인데 부양비만 놓고 비교해도 된다. 부양비가 (노년(or유소년)/청년)×100 이라 계산 결과는 같음 8번 A태백 B부산 C제주 태백은 대관령처럼 해발고도가 높아서 평균 기온이 전체적으로 낮고 내륙이어서 B,C에 비해 연교차가 크다 B와 C가 헷갈릴 수 있는데 제주가 위도도 낮고 섬이므로 연교차가 더 작다고 보면 된다. 그리고 위도가 제일 낮으므로 최난월 평균 기온이 제일 높다. 강수량때문에 헷갈릴 수 있는데 강수량 2위는 서귀포시지 제주시가 아니다 10번 (가)평양 (나)남포 (다)신의주 (라)나선 ㄱ참 ㄴ참 남포 서해갑문을 기억하자. 인천은 갑문식 도크, 군산은 뜬다리부두. 헷갈리지않게 조심 ㄷ 북한 경제특구는 나선->금강산->신의주->개성 11번 E까지 사주가 형성되면 물의 흐름이 막힐텐데 뒤에 갯벌이 있을 리가 없다. E는 하천의 차별 침식으로 형성되었다가 해수면 상승으로 섬으로 남은 그냥 섬이다. 12번 나는 이게 제일 어려웠는데 오답률 1위는 아니더라 애들 공부 ㄹㅇ 열심히한건가 (가)당진 (나)단양 (다)서산이므로 남은 도시는 청주 청주에는 하이닉스 반도체 공장이 있어서 전자 산업이 발달했다 그래서 처음엔 3번 찍을랬는데 좀 생각해보니까 청주에는 화학 산업단지도 있다는 걸 떠올리고 5번을 골라낼 수 있었다. 나중에 보니까 LG화학 공장이 있었음 이게 연계인지 아닌지는 모르겠는데 연계라면 몰라도 아니면 이런 문제를 대비할 필요가 있을 것 같다. 자동차나 반도체, 화학 산업단지/대기업 공장이 있는 곳을 한번 찾아보는게 좋을 것 같다 13번 석탄이 거의 없고 천연가스가 많은 (라)는 도시인구가 많은 서울 석유의 비율이 매우 높은 (다)는 석유화학이 발달한 도시인 울산 석탄도 꽤 있고 석유의 비율이 매우 높은 (나)는 석유화학이 발달해있고 제철소가 있는 전남 석탄의 비율이 매우 높은 (가)는 제철 공업이 발달한 경북 따라서 답은 4번 전남에 석탄화력이 있지만 2기밖에 없고 경북엔 석탄화력 없음 석탄 소비량은 제철소랑 일반 공업이 상당부분 차지함 대신 충남은 석탄화력 규모가 어마어마해서 석탄 소비량 비율이 높음 14번 오답률 1위 문항 2차가 없는수준인 (가)는 제주 1차가 없고 2차도 적은(서비스업 집중) (라)는 서울 1차가 거의 없고 2차의 비율이 높은 (다)는 경기 1차도 꽤 있고 2차도 발달한 (나)는 충남 왜 이게 오답률 1위인지 모르겠다. 아마 취업자 비율을 보고 3번을 찍지 않았나 싶다. 이래서 비율과 수를 잘 구분해야됨 그리고 5번을 몰랐던 사람도 있을 것 같다. 1인당 지역내 총생산 1위 광역자치단체는 울산, 2위이자 도 중에서 1위인 곳이 바로 충남이다. 이건 꼭 기억해야하는 필수 15번 기온 차이가 세로축보다 가로축이 많이 나므로 가로축인 (나)가 겨울이다. (가)는 여름. 그렇다면 제일 따뜻한편인 B는 서해안에 있는 안주 여름 기온은 높진않지만 겨울은 따뜻해서 연교차가 작은 C는 동해안에다 한류가 흐르는 청진 여름에도 춥고 겨울에도 추운 D는 고산지대인 낭림산 연교차가 제일 큰 A는 제일 내륙인 중강진 따라서 답은 4번 난 이것도 어려웠는데 이사람들 낭림산 위치도 다 아는건가 난 겨우 떠올렸는데 18번 상업지가 많은 A는 구도심인 중구 주거지가 많은 B는 외곽인 동래구 공업지가 많은 C는 사상공단이 있는 사상구 답은 2번 20번 얘는 해설이라기보단 그냥 요즘 낼게 없어서 사문 카피한다는 생각 든다는 말 하고싶어서 넣음. ㄷㄹ이 생소할 수 있는데 갑의 점수를 4점으로, 을의 점수를 2점으로 만들 수 있는지를 넣어보는 보기임 중앙고 한지 선택자 모두 파이팅입니다",지리산 2023.09.08 18:55:05 스크랩 조회 1003 추천 6 댓글 1,6,1003,2023.09.08 18:55:05,https://gall.dcinside.com/mgallery/board/view/?id=goseongjungang&no=1592&page=11
12,1591,[일반],국어 망쳐서 해설은 안올리고 국어 소감만 적겠습니다,(시험지 보고 다시 매기니까 점수오름) 원래는 해설을 올리려고 했는데 독서가 그렇게 어려운편은 아니었고 제일 어려웠던 조선 신분제 지문을 다시 풀었음에도 제가 그걸 논리적으로 설명을 못해 다른 사람의 해설을 본 상태라 해설할 자격이 없었습니다 1. 국어 결과 소감 이번 국어는 시원하게 망했다고 봐도 괜찮을 것 같습니다 독서 난이도가 아주 쉬웠다고 봐도 무방한데 하나 틀렸고 어려워진 문학에서 2개 날렸습니다 매체에서 5점 날아가서 호머식채점 하면 농어촌까지 있어서 고려대 무리없긴한데 제 실수도 인정을 해야겠지요 다음에만 안하면 될거같습니다 2. 시험 평가 및 망한 이유 요즘 기출에 너무 소홀했습니다. 문학의 난도가 매우 높아서 예전 문학 어렵던 시절로 회귀한 느낌이었습니다. 그래서 이번 9월 국어를 잘 친 사람은 아마도 무엇보다 기출에 충실했던 사람일거라 생각해봅니다. ebs 연계 체감이 매우 컸지만 오히려 큰 도움은 되지 않았습니다. 독서는 난이도가 쉬운 지문이라 연계 체감 없이도 잘 풀렸습니다. 문학은 많이 어려웠던 지문은 비연계라 결정적인 도움은 되지 않았으리라 봅니다. 따라서 무엇보다 기출이 중요했다고 생각합니다. 저는 요즘 국어 공부를 간쓸개와 상상력같은 사설 주간지로만 해서 평가원의 느낌을 상당히 잃은 게 국어 망한 결정적 이유라고 생각합니다. 지문과 선지를 꼼꼼히 따지지 않는게 요즘 버릇 들어서 망친 것 같습니다. 시험의 방식은 별로 좋은 것 같지는 않습니다. 전 작년 9평정도 난이도가 딱 적당한 난이도라고 생각을 합니다. 제가 변별당해서 이러는게 아니라 문학을 어렵게 내기보단 지능 테스트에 가까운 독서를 어렵게 내는 편이 훨씬 나을 것 같지만 이렇게 낸다고 하면 받아들여야지요. 무엇보다 저도 독서 문제 틀려서 할 말 없긴 합니다. 3. 앞으로의 공부 계획 일단 문학은 기출만 할거고 사설 문학은 쳐다도 안볼겁니다. ebs 문제는 현대시랑 고전시가만 풀고 다른건 다 지문만 읽을겁니다. 원래 수필은 그냥 버리려했는데 이번에 수필에서 힘 좀 세게 줘서 수필도 다 읽어보겠습니다. 독서도 일단 기출을 다시 볼 예정이지만 문학과 달리 사설을 계속 하긴 할겁니다. 그래도 기출에 집중하는게 옳을 것 같습니다. ebs 독서는 이번 9평이랑 비슷한 느낌이라 맛을 좀 보고 별로같으면 지문만 볼 예정입니다. 이번엔 독서가 쉬웠지만 어렵게 내지 말란 법은 없기때문에 어려운 문제도 좀 풀어야겠습니다. 언매는 개념 조금씩 복습하고 문제 푸는걸로 충분할 것 같습니다. 사실 실모 푸는거만 해도 충분할 것 같긴 한데 이번에 좀 많이 나가서 하긴 해야겠습니다. 사설이 완전 불쏘시개가 됐지만 그래도 실전 감각 연습 차원에서 매주 실모 하나씩 풀겁니다. 시험을 항상 잘 칠수는 없겠지요. 그래도 이게 수능이 아니라 모의평가라 다행입니다. 앙붕이들 모두 수능 파이팅입니다.,지리산 2023.09.08 11:57:30 스크랩 조회 167 추천 2 댓글 0,2,167,2023.09.08 11:57:30,https://gall.dcinside.com/mgallery/board/view/?id=goseongjungang&no=1591&page=12
12,1590,[일반],화학을 한걸 후회한다,왜 내신때 지구과학을 안하고 동아시아사를 처골랐울까 나대지 않고 생지를 했어야 되는데 1컷 48은 뭔 애미뒤진 등급컷이냐? 시간은 어디서 자꾸 쳐 새는지 킬러 풀라하면 시간 다 끝나있네 하.. - dc official App,오비탈 2023.09.07 07:59:09 스크랩 조회 123 추천 0 댓글 1,0,123,2023.09.07 07:59:09,https://gall.dcinside.com/mgallery/board/view/?id=goseongjungang&no=1590&page=12
12,1588,[일반],자 왕십리 쪽으로 가자,평가원 국어 2는 말이 안된다 이겁니다 진짜,지리산 2023.09.07 00:40:32 스크랩 조회 110 추천 0 댓글 0,0,110,2023.09.07 00:40:32,https://gall.dcinside.com/mgallery/board/view/?id=goseongjungang&no=1588&page=12
12,1587,[일반],국어 6평 난이도에서 비문학에서만 좀 더 힘 줄줄 알았는데,문학에 힘 더 줘버리네 이번 수능 국어 핵심은 문학인듯 - dc official App,오비탈 2023.09.06 21:51:24 스크랩 조회 96 추천 0 댓글 0,0,96,2023.09.06 21:51:24,https://gall.dcinside.com/mgallery/board/view/?id=goseongjungang&no=1587&page=12
12,1586,[일반],끌올 뭐누,글리젠 1도 없어서 끌올이라도 된건가 - dc official App,ㅇㅇ (211.251) 2023.09.06 08:15:11 스크랩 조회 72 추천 0 댓글 0,0,72,2023.09.06 08:15:11,https://gall.dcinside.com/mgallery/board/view/?id=goseongjungang&no=1586&page=12
12,1585,[일반],오늘 6평 풀었는데 97 84 86 48 50 나옴,고속성장 기준 고경 적정 설사범 소신 농어촌 감안하면 진짜 서울대 가는데 이거 뭐냐 아 내일 9평 좀 조져도된다 원래 6잘9망수잘임 ㄹㅇㅋㅋ,지리산 2023.09.05 21:30:12 스크랩 조회 119 추천 0 댓글 0,0,119,2023.09.05 21:30:12,https://gall.dcinside.com/mgallery/board/view/?id=goseongjungang&no=1585&page=12
12,793,[🖥정보],22학년도 경상도 주요 대학 GS 누적백분위 입시 결과,퍼온거임,지리산 2023.01.23 13:54:38 스크랩 조회 510 추천 7 댓글 2,7,510,2023.01.23 13:54:38,https://gall.dcinside.com/mgallery/board/view/?id=goseongjungang&no=793&page=12
12,1378,[🖥정보],뭐?? 아직도 영어공부를 안했다고???,하.... 이번만 도와드리겠습니다. 다음은 없습니다? 다들 6평 열심히 보십시오,노무현 (223.38) 2023.05.31 15:53:33 스크랩 조회 342 추천 8 댓글 1,8,342,2023.05.31 15:53:33,https://gall.dcinside.com/mgallery/board/view/?id=goseongjungang&no=1378&page=12
12,1147,[🖥정보],2022 부산대 공대 교과 입결,(약대) 1.45 화생공 1.6 전자 1.83 컴공 2.02 기공 2.04 전기 2.16 고분자 2.3 의생명 2.35 환경공 2.39 재료공 2.4 항공우주 2.52 유기소재 2.58 산공 2.59 건축학 2.6 건공 2.81 조선해양공 3.13 토목 3.19 도시공 3.25 저게 아마 합격자 평균일거임 컷은 저기서 0.1정도 더하면 되려나,오비탈 2023.03.16 13:43:52 스크랩 조회 408 추천 0 댓글 2,0,408,2023.03.16 13:43:52,https://gall.dcinside.com/mgallery/board/view/?id=goseongjungang&no=1147&page=12
12,833,[🖥정보],부산대갈 생각있는애들 참고하셈,"부산대는 좋은과와 안좋은과의 입결차가 많이남 22수능입결 기준으로 확인해본 결과(100% 확실한건 아니지만) 전화기컴은 동국대와 국민대 사이 (단, 화생공은 동국대보다 높았고 숭실대 컴공은 좋아서 부산대보다 높음) 그 이외 공대와 자연대는 숭실대와 세종대 사이 상경계열은 국민대와 비슷함 나머지 인문계열(사범대 제외) 은 광운대와 비슷함 경북대는 이것보다 편차가 더 심하더라 지방1위대학이 어쩌다가 이렇게됐지... 출처: 오르비",ㅇㅇ (59.22) 2023.02.01 11:39:26 스크랩 조회 340 추천 0 댓글 3,0,340,2023.02.01 11:39:26,https://gall.dcinside.com/mgallery/board/view/?id=goseongjungang&no=833&page=12
12,1064,[🖥정보],에타에서 주운 2020년 대학별 유명동문 통계입니다,경남대 대구대가 왜 순위에 있지,지리산 2023.02.26 01:56:22 스크랩 조회 231 추천 6 댓글 1,6,231,2023.02.26 01:56:22,https://gall.dcinside.com/mgallery/board/view/?id=goseongjungang&no=1064&page=12
12,1584,[일반],내가 여기서 왜나감,(배리나 올려서 삭제함) 중앙고 망하면 나감 그리고 내가 중앙고 발전을 위해서 앙갤에 얼마나 시간 투자를 했는데 나가라니,지리산 2023.09.05 15:22:12 스크랩 조회 88 추천 0 댓글 0,0,88,2023.09.05 15:22:12,https://gall.dcinside.com/mgallery/board/view/?id=goseongjungang&no=1584&page=12
12,1578,[일반],요새 강해린이 예쁘더라,대해린,물보틀 2023.09.01 22:24:04 스크랩 조회 130 추천 0 댓글 1,0,130,2023.09.01 22:24:04,https://gall.dcinside.com/mgallery/board/view/?id=goseongjungang&no=1578&page=12
12,1577,[✅️인증],8덮 11111,어제 친거 오늘 채점함 93 84 91 50 50 화요일 수요일은 차 사고나서 박살나고 비 존나 와서 독서실 안갔다. 집에서 거의 공부 안하고 호이만 존나게 함(이번주에 호이 300시간 찍음) 그리고 8덮 ㅈㄴ 어렵다고 말 많아서 크게 기대 안하고 쳤는데 내 예상보다 훨씬 잘 나왔다 국어는 풀면서도 그렇게 어렵다는 느낌은 못받았다. 진짜 평이한 수준이었음. 그래도 난 사설은 잘 못하므로 100점은 무리다 그래도 93점 실제컷 보정컷 둘다 1 수학은 풀면서 초반부터 막혔다. 8 9 10번을 어렵게 내서 멘탈 뒤흔드는 개 줫같은 수법이었는데 그래서 오히려 11번부터는 쉽게 느껴졌음 22번 30번 빼고 다풀었는데 다른건 특이한거 없었다 근데 풀었던거 2개 틀림 84점 실제컷 3 보정컷 1 사실 다른 2개 찍맞하긴 했는데 찍맞 배제해도 보정컷은 2다. 나는 원래 풀어서 틀리기보단 아예 손도 대지 못하는게 일상이었으므로 괄목할만한 성장이라 생각한다. 영어 << 이3끼 걍 따로 공부안해도됨 ㅋㅋ 영어 브릿지는 신이다 단어 모르고 듣기 틀린다고? 단어는 좀 몰라도 상관없는데 듣기 모르면 해야지 91점 1등급 한국사는 좀 어려웠긴함 2개중에 찍은거 맞아서 다 맞음 50점 1등급 사탐은 내나 쉬웠는데 세지 틀린 개념으로 풀었는데 다른것도 틀려서 맞음 아세안이 경제협력체 중에 제일 인구 많은거 잊어먹은건 내잘못인데 RCEP이 아세안이랑 합친걸 내가 어찌아노? 50점 1등급 50점 1등급 역시 나는 빡공보다 설렁설렁 하는 편이 나은거같다 여유롭게 하니까 잘 나오네,지리산 2023.09.01 16:50:28 스크랩 조회 189 추천 1 댓글 1,1,189,2023.09.01 16:50:28,https://gall.dcinside.com/mgallery/board/view/?id=goseongjungang&no=1577&page=12
12,1576,[일반],그래서 경기 어떻게됨?,전에 비고닉 게이가 글쓰다가 자삭한것 같은데 그래서 결과가 뭔데 ㅈㄴ궁금하네 - dc official App,ㅇㅇ (211.251) 2023.08.30 18:17:37 스크랩 조회 77 추천 0 댓글 0,0,77,2023.08.30 18:17:37,https://gall.dcinside.com/mgallery/board/view/?id=goseongjungang&no=1576&page=12
12,1575,[일반],지리산 게이님 지금 여기서 할인중인데 지금 사시죠,DLC랑 그랜드 에디션전부 할인하고 스팀이랑 연계된다는데 여기서 구매하시는건 어떠나요 - dc official App,ㅇㅇ 2023.08.30 15:40:17 스크랩 조회 107 추천 0 댓글 2,0,107,2023.08.30 15:40:17,https://gall.dcinside.com/mgallery/board/view/?id=goseongjungang&no=1575&page=12
12,1573,[일반],듣기 하면서 43-45 푸는건 ㄹㅇ 빡세네,저거 ㄹㅇ 어케함,오비탈 2023.08.28 14:29:57 스크랩 조회 108 추천 0 댓글 2,0,108,2023.08.28 14:29:57,https://gall.dcinside.com/mgallery/board/view/?id=goseongjungang&no=1573&page=12
12,1571,[일반],너네학교 소식나왔다며?,여기는 오버워치2 갤러리다,SteveAoki (99.252) 2023.08.28 01:15:42 스크랩 조회 147 추천 0 댓글 1,0,147,2023.08.28 01:15:42,https://gall.dcinside.com/mgallery/board/view/?id=goseongjungang&no=1571&page=12
12,1570,[일반],오늘의 ㅂㅅ짓,씻었는데도 몸에서 무슨 냄세나길래 페브리즈 머리위로 뿌렸더니 온몸이 따갑다 의사나 약사에게 상담을 받아보라는데 이 시간엔 병원은 문닫고 약귝애 가서 설명할려니깐 개쪽팔린다 우짜냐 - dc official App,ㅇㅇ 2023.08.27 20:28:53 스크랩 조회 119 추천 0 댓글 3,0,119,2023.08.27 20:28:53,https://gall.dcinside.com/mgallery/board/view/?id=goseongjungang&no=1570&page=12
12,1569,[일반],고성버스 존나 통통 튀네 탬버린이노,머리아프다,지리산 2023.08.27 18:05:54 스크랩 조회 135 추천 0 댓글 4,0,135,2023.08.27 18:05:54,https://gall.dcinside.com/mgallery/board/view/?id=goseongjungang&no=1569&page=12
12,1567,[일반],너내갤 소식있다,여기는 오버워치2 갤러리다,블리자드 (99.252) 2023.08.26 23:20:59 스크랩 조회 112 추천 0 댓글 1,0,112,2023.08.26 23:20:59,https://gall.dcinside.com/mgallery/board/view/?id=goseongjungang&no=1567&page=12
12,1565,[✨리뷰],카바투라 커피로스터스 카페,"어제 수능 접수를 하고 탈갤한지 오래인 마루쉑쉑버거와 다른  2명하고 카페에 갔다. 원래 목표는 카공이었지만 곧 말이 안되는것을 깨닫고 포기함 가서 마실건 안시키고 우유빙수 시켜먹었는데 아주 맛있었다. 우유에 설탕 넣어서 얼리고 갈은거니 맛 없는게 말 안되긴 하지만 뭐 어쨌든 맛은 좋았다 근데 잘 먹고 있다가 다른 친구들이 근처에 있다길래 전화로 불러서 애들이 카페에 왔다. 온 애들이 짐을 풀고 좀 쉬고 있는데 갑자기 사장이 큰 소리로 ""너네들 주문 할거가 안할거가!"" 해서 깜짝 놀랐다. 그래서 거기서 간 애들도 빙수랑 아메리카노 시켜서 먹었다. 맛은 있었지만 장사 태도가 너무 꼬와서 다시 가고싶진 않다. 카페 스토리나 이디야커피 빙수도 맛있는데 굳이 갈 이유는 없을 것 같다.",지리산 2023.08.26 13:53:21 스크랩 조회 191 추천 5 댓글 2,5,191,2023.08.26 13:53:21,https://gall.dcinside.com/mgallery/board/view/?id=goseongjungang&no=1565&page=12
12,1564,[일반],앙붕이 학교도착,수능접수하러옴,지리산 2023.08.25 13:55:12 스크랩 조회 118 추천 0 댓글 0,0,118,2023.08.25 13:55:12,https://gall.dcinside.com/mgallery/board/view/?id=goseongjungang&no=1564&page=12
12,1562,[일반],오늘 점심에 학교에 침투하겠다,앙갤스라움 건설 드가자,지리산 2023.08.25 09:53:17 스크랩 조회 146 추천 0 댓글 3,0,146,2023.08.25 09:53:17,https://gall.dcinside.com/mgallery/board/view/?id=goseongjungang&no=1562&page=12
12,1560,[일반],03 04 틀딱들 아직도 대학 안갔냐?,좀 가라,ㅇㅇ (223.38) 2023.08.24 22:20:28 스크랩 조회 111 추천 0 댓글 0,0,111,2023.08.24 22:20:28,https://gall.dcinside.com/mgallery/board/view/?id=goseongjungang&no=1560&page=12
12,1559,[일반],내일 이몸이 수능접수 하러갈테니깐 보이면 알아서 인사박아라,ㅇㅇ,앙붕이 (211.46) 2023.08.24 22:16:36 스크랩 조회 96 추천 1 댓글 1,1,96,2023.08.24 22:16:36,https://gall.dcinside.com/mgallery/board/view/?id=goseongjungang&no=1559&page=12
12,1558,[일반],어제 졸업하신 선배님들중 파딱분들 계심?,어제 졸업하신 선배님들 3명이 왔다가 가셨는데 파딱님들도 거기 계셨나요? - dc official App,ㅇㅇ 2023.08.24 20:37:30 스크랩 조회 129 추천 0 댓글 6,0,129,2023.08.24 20:37:30,https://gall.dcinside.com/mgallery/board/view/?id=goseongjungang&no=1558&page=12
12,1556,[일반],작년엔 쌍지 이틀에 200문제 풀었는데,시험기간이긴 했는데 그땐 ㄹㅇ 어케 풀었는지 모르겠노 요즘 지리 오래 못하겠음,지리산 2023.08.24 16:41:59 스크랩 조회 92 추천 0 댓글 0,0,92,2023.08.24 16:41:59,https://gall.dcinside.com/mgallery/board/view/?id=goseongjungang&no=1556&page=12
12,1555,[일반],충격 발언 함,수능 걍 고성에서 칠거임 그리고 수시 서울대 쓸거임 ㅇ,오비탈 2023.08.21 14:25:47 스크랩 조회 129 추천 0 댓글 2,0,129,2023.08.21 14:25:47,https://gall.dcinside.com/mgallery/board/view/?id=goseongjungang&no=1555&page=12
12,1554,[일반],여기 갤망했노..,대부븐 글이 파딱이랑 유동이네..이러다가 갤 망하겠녀 - dc official App,ㅇㅇ (211.251) 2023.08.17 09:44:59 스크랩 조회 119 추천 0 댓글 1,0,119,2023.08.17 09:44:59,https://gall.dcinside.com/mgallery/board/view/?id=goseongjungang&no=1554&page=12
12,1552,[❓️질문],드릴드 좋음?,빅포텐 끝나면 풀어볼까 하는데,오비탈 2023.08.16 07:22:56 스크랩 조회 124 추천 0 댓글 2,0,124,2023.08.16 07:22:56,https://gall.dcinside.com/mgallery/board/view/?id=goseongjungang&no=1552&page=12
12,1551,[❓️질문],수필 어떻게 써야 하나요?,온라인 수업 과제로 방학 중에 있었던 일 중 특별한 일을 수필로 서야 하는데 별로 특별한 일도 없고 수필을 어떻게 써야 할지 모르겠어요,ㅇㅇ (211.251) 2023.08.16 00:16:43 스크랩 조회 111 추천 0 댓글 3,0,111,2023.08.16 00:16:43,https://gall.dcinside.com/mgallery/board/view/?id=goseongjungang&no=1551&page=12
12,1550,[일반],광복절 기념 중국으로 일본 물리치고 한국 독립시켰다,조선 독립 만세 대한 독립 만세,지리산 2023.08.15 18:41:16 스크랩 조회 75 추천 0 댓글 0,0,75,2023.08.15 18:41:16,https://gall.dcinside.com/mgallery/board/view/?id=goseongjungang&no=1550&page=12
12,1549,[일반],오늘은,대한민국이 일본제국에게 강제 식민지로 약탈당하다가 독립된지 78년이 지났습니다. 우리는 끝내 이 일을 기억하고 식민지 해방에 도움을 주신분들을 기억해야 합니다. - dc official App,ㅇㅇ (223.39) 2023.08.15 00:27:20 스크랩 조회 89 추천 1 댓글 1,1,89,2023.08.15 00:27:20,https://gall.dcinside.com/mgallery/board/view/?id=goseongjungang&no=1549&page=12
12,1548,[일반],아 요즘 감기 왤케 자주 걸림,콧물이 주르르,지리산 2023.08.14 10:37:40 스크랩 조회 68 추천 0 댓글 0,0,68,2023.08.14 10:37:40,https://gall.dcinside.com/mgallery/board/view/?id=goseongjungang&no=1548&page=12
12,1547,[일반],어휴 그동안 잘 쉬었다,치타는 다시 달린다 - dc official App,오비탈 2023.08.13 13:21:02 스크랩 조회 86 추천 0 댓글 0,0,86,2023.08.13 13:21:02,https://gall.dcinside.com/mgallery/board/view/?id=goseongjungang&no=1547&page=12
12,1546,[🎵지듣노],호이4 최고의 브금,https://www.youtube.com/watch?v=5ByPWI8oUbY 평생 노래만 만들자 - dc official App,오비탈 2023.08.13 11:01:45 스크랩 조회 84 추천 0 댓글 0,0,84,2023.08.13 11:01:45,https://gall.dcinside.com/mgallery/board/view/?id=goseongjungang&no=1546&page=12
12,1545,[💩똥글],ㅁㅈㅇ!,그게 무슨 뜻이죠?,지리산 2023.08.12 19:58:03 스크랩 조회 294 추천 0 댓글 2,0,294,2023.08.12 19:58:03,https://gall.dcinside.com/mgallery/board/view/?id=goseongjungang&no=1545&page=12
12,1544,[일반],앙갤 레전드 짤,- dc official App,오비탈 2023.08.11 00:00:30 스크랩 조회 128 추천 1 댓글 1,1,128,2023.08.11 00:00:30,https://gall.dcinside.com/mgallery/board/view/?id=goseongjungang&no=1544&page=12
12,1543,[🎵지듣노],앙붕이 판도 ㅁㅌㅊ,https://youtu.be/gVqZdf4I0Uo 앙붕이 대일본제국으로 중국과 미합중국 정복하고 아시아 태평양을 지배하는중이다 정신나간 독일과 빨갱이 소련을 물리치고 세계의 평화를 수호하겠다,지리산 2023.08.10 22:40:43 스크랩 조회 135 추천 0 댓글 6,0,135,2023.08.10 22:40:43,https://gall.dcinside.com/mgallery/board/view/?id=goseongjungang&no=1543&page=12
12,1542,[일반],앙붕이 드뎌 휴가나왔다,좋구나 - dc official App,오비탈 2023.08.10 12:06:12 스크랩 조회 106 추천 0 댓글 1,0,106,2023.08.10 12:06:12,https://gall.dcinside.com/mgallery/board/view/?id=goseongjungang&no=1542&page=12
12,1541,[💩똥글],독서실 다니는 인싸들은 공부 안하냐,맨날 휴게실에서 떠드노 ㄹㅇ..,ㅇㅇ (223.38) 2023.08.08 19:51:15 스크랩 조회 142 추천 0 댓글 1,0,142,2023.08.08 19:51:15,https://gall.dcinside.com/mgallery/board/view/?id=goseongjungang&no=1541&page=12
12,1539,[❓️질문],님들 책살때 교학사 vs 노벨 어디감,난 원래 노벨갔는데 요즘은 교학사가는듯,ㅇㅇ (211.235) 2023.08.07 10:50:56 스크랩 조회 157 추천 0 댓글 1,0,157,2023.08.07 10:50:56,https://gall.dcinside.com/mgallery/board/view/?id=goseongjungang&no=1539&page=12
12,1538,[일반],엄마가 해준 쇠고기죽에 계란말이가 그렇게 맛있는지 몰랐다,그땐 먹으면서 진짜 울뻔했다 재학생 게이들은 일생에 수능 다시 치는 일 없도록 열심히 공부하고 현명한 선택을 하자,지리산 2023.08.07 00:12:57 스크랩 조회 91 추천 1 댓글 1,1,91,2023.08.07 00:12:57,https://gall.dcinside.com/mgallery/board/view/?id=goseongjungang&no=1538&page=12
12,1537,[일반],내일 기숙사 입갤해야하노,ㅈ같노..1관 보니깐 ㅈㄴ옛것이던데 부디 2관에서 혼방쓰고 싶노.. +꼭 필요하게 챙겨야할거 있음? - dc official App,ㅇㅇ (185.220) 2023.08.06 19:53:49 스크랩 조회 124 추천 0 댓글 2,0,124,2023.08.06 19:53:49,https://gall.dcinside.com/mgallery/board/view/?id=goseongjungang&no=1537&page=12
12,1536,[일반],미적사탐이 미래다,미적사탐으로 서강대공대 쟁취하자,ㅇㅇ (218.154) 2023.08.06 00:20:12 스크랩 조회 120 추천 0 댓글 1,0,120,2023.08.06 00:20:12,https://gall.dcinside.com/mgallery/board/view/?id=goseongjungang&no=1536&page=12
12,1535,[❓️질문],지듣노,추천좀 너무 씹덕이나 j팝 같은것만 아니면 됨 - dc official App,ㅇㅇ (223.39) 2023.08.05 19:59:35 스크랩 조회 105 추천 0 댓글 3,0,105,2023.08.05 19:59:35,https://gall.dcinside.com/mgallery/board/view/?id=goseongjungang&no=1535&page=12
12,1534,[일반],앙갤 1주년 축하해,-현 앙갤 창시자가-,오비탈 2023.08.05 07:15:49 스크랩 조회 90 추천 0 댓글 2,0,90,2023.08.05 07:15:49,https://gall.dcinside.com/mgallery/board/view/?id=goseongjungang&no=1534&page=12
12,1532,[✨리뷰],여자친구 리뷰,Sex,앙붕이 (112.148) 2023.08.04 11:39:11 스크랩 조회 171 추천 1 댓글 0,1,171,2023.08.04 11:39:11,https://gall.dcinside.com/mgallery/board/view/?id=goseongjungang&no=1532&page=12
12,1531,[✨리뷰],CU 스팸 토마토 파스타 리뷰,차를 몰고 다니다 보니 용돈이 넉넉치 않아서 편의점에서 끼니를 많이 때운다. 근데 난 항상 삼각김밥 2개랑 라면 한개를 먹기 때문에 짜장면이나 알밥 사먹는거랑 차이가 별로  크지 않긴 하다. 그래도 편의점이 가까워서 이쪽이 편함 그래도 라면만 처먹는게 좀 질려서 다른걸 시도해봤다 CU에서 파는 스팸 토마토파스타 가격은 4500원이다 세부 사항은 사진과 같음 이름에 스팸이 들어가는 이유는 스팸을 갈아서 올렸기 때문이다. 근데 맛은 잘 안느껴짐 서양 요리 먹을때 빠질 수 없는 올리브도 들어가있다. 저는 피자듀엣 피자에 있는 올리브를 참 좋아해서 그 맛을 기대하고 먹었는데 이건 별로 맛 없음 전반적인 맛은 그냥 면에 오뚜기 토마토소스 뿌린 평범한 스파게티 맛...보다 좀 떨어진다 오뚜기 소스가 훨씬 맛있음 그래도 사람이 못 먹을 물건은 아니다 한입 두입 허버허버 처먹다보니 싹 비움 174 83의 뚱땡이인 본인에겐 살짝 아쉬운 양이다. 그래도 삼각김밥 한개 더 사먹을 정도는 아니었던거 생각하면 딱 적당하긴 한듯. 가격 보면 딱 돈값은 하는 맛과 양이다. 근데 그냥 스파게티 먹고싶으면 집에서 해먹는게 훨씬 나을거같다. 그래도 한번쯤 맛만 보고 싶을때 사먹어는 볼만한듯함,지리산 2023.08.04 00:52:29 스크랩 조회 384 추천 2 댓글 0,2,384,2023.08.04 00:52:29,https://gall.dcinside.com/mgallery/board/view/?id=goseongjungang&no=1531&page=12
13,1530,[일반],드릴 풀면 집중력 ㅈㄴ 까임,하루에 20문제가 최대임...,지리산 2023.08.04 00:36:06 스크랩 조회 88 추천 0 댓글 0,0,88,2023.08.04 00:36:06,https://gall.dcinside.com/mgallery/board/view/?id=goseongjungang&no=1530&page=13
13,1528,[일반],쫄보 특,6평 이제품 ㅋㅋ,오비탈 2023.08.02 18:28:29 스크랩 조회 127 추천 0 댓글 4,0,127,2023.08.02 18:28:29,https://gall.dcinside.com/mgallery/board/view/?id=goseongjungang&no=1528&page=13
13,1526,[일반],어어 이론상 초전도체가 가능하다고?,아니 진짜 이론상 저런 구조로 초전도체를 만들 수 있다네 한국도 버블경제 가능할려나..? - dc official App,중앙고갤러리 2023.08.01 17:48:24 스크랩 조회 84 추천 0 댓글 0,0,84,2023.08.01 17:48:24,https://gall.dcinside.com/mgallery/board/view/?id=goseongjungang&no=1526&page=13
13,1524,[일반],공대 붐 불어서 교차 감소 vs 고대 입결 떡상,제발 전자가 더 크다고 해주세요 씨ㅣㅣㅣㅣ발 올해 고경가야된다고 ㅠㅠㅠㅠ,지리산 2023.08.01 14:08:15 스크랩 조회 97 추천 1 댓글 1,1,97,2023.08.01 14:08:15,https://gall.dcinside.com/mgallery/board/view/?id=goseongjungang&no=1524&page=13
13,1523,[일반],속보) 초전도체 시뮬레이션 성공,"https://arxiv.org/abs/2307.16892 Origin of correlated isolated flat bands in copper-substituted lead phosphate apatite A recent report of room temperature superconductivity at ambient pressure inCu-substituted apatite (`LK99') has invigorated interest in the understandingof what materials and mechanisms can allow for high-temperaturesuperconductivity. Here I perform density functional theory calculations onCu-substituted lead phosphate apatite, identifying correlated isolated flatbands at the Fermi level, a common signature of high transition temperatures inalready established families of superconductors. I elucidate the origins ofthese isolated bands as arising from a structural distortion induced by the Cuions and a chiral charge density wave from the Pb lone pairs. These resultssuggest that a minimal two-band model can encompass much of the low-energyphysics in this system. Finally, I discuss the implications of my results onpossible superconductivity in Cu-doped apatite arxiv.org 원문은 읽을 수 있으면 읽으셈 LK-99 ""시뮬레이션 결과 이론상 가능하다"" 대한 최고 대학 KOREA UNIVERSITY",지리산 2023.08.01 14:07:14 스크랩 조회 98 추천 0 댓글 0,0,98,2023.08.01 14:07:14,https://gall.dcinside.com/mgallery/board/view/?id=goseongjungang&no=1523&page=13
13,1522,[🎵지듣노],다음주까지~ 앞으로의 계획,"https://youtu.be/eD7adc2X5bI 스페인 국가 중 최고의 명곡 척탄병 행진곡 듣고 가요 계획 드릴 삼각함수 일단 유기 이번주중에 드릴 적분, 수열 하면서 노베 수강 드릴 끝내고 뉴런 삼각함수 단원 수강 다음주에 뉴런이랑 전에 풀었던 빅포텐, 커넥션 삼각함수 복습 후 드릴 삼각함수 다시 할것 드릴 다 끝내고 나면 드릴 빅포텐 커넥션에서 한번에 해결 못한 문제 다시 풀어보기 이것까지 다 하면 9평 직전일텐데 9평까지 실모만 풀다가 9평 끝나고 이해원 n제나 4코 시즌2나 브릿지 달릴거임 수능 한달전부턴 죽이되든 밥이되든 매일 실모만 간다 국어는 지금처럼 간쓸개 일주일치를 독서 하루 문학 하루에 하고 상상력 일주일치 하루에 하고 나머지 실모 한번 ㅇㅇ 9평 직전엔 기출 몇개 뽑아서 다시 보고 리트 복습할거임 영어는 수특 사놓긴 했는데 진짜 손이 하나도 안감. 원래는 수완도 살려했는데 어차피 안할거같아서 그냥 유기하고 브릿지 뽑아서 풀거임 9평 직전부터 실모 시작해서 계속 실모나 브릿지 풀듯 듣기는 9평 듣기 조지면 수특 영어듣기 사서 풀거 사탐은 다다음주부터 다시 시작함 어차피 맘만 먹으면 한지 수완 하루컷 세지 수완 하루컷이라 천천히 해도될듯 사탐 n제는 작년처럼 전성오걸로 일단 생각중 여담 이감 수학 걸러야 될 것 같음 파이널II때는 국어만 사야지 상상력 퀄 올해 ㄹㅇ ㅆㅅㅌㅊ인듯 문학이 좀 선넘는거 있는데 평가원 기조 생각하면 오히려 괜찮을지도 커넥션 풀때는 수학 자존감 좀 채워졌는데 드릴 들어가니까 한문제 한문제가 고통스럽다 갑자기 고대 못갈거같은 생각도 확 드노",지리산 2023.07.31 23:00:32 스크랩 조회 126 추천 0 댓글 0,0,126,2023.07.31 23:00:32,https://gall.dcinside.com/mgallery/board/view/?id=goseongjungang&no=1522&page=13
13,1520,[일반],상상력 사지말걸,로직방에 다 올라오네 시발 근쓸개는 가끔씩 안올라온다 해도 상상력은 월간이라  다 올라오노 님들은 모의고사만 사세요 상상력은 걍 제본하고,지리산 2023.07.30 23:41:22 스크랩 조회 113 추천 0 댓글 0,0,113,2023.07.30 23:41:22,https://gall.dcinside.com/mgallery/board/view/?id=goseongjungang&no=1520&page=13
13,1518,[🖥정보],[뉴스] 9월 모의평가 고속성장분석기 공지,https://m.cafe.daum.net/papa.com/De4J/1679?svc=cafeapp 6평땐 본인이 안쳐서 생각 안하고 있었는데 생각해보니 모의평가때도 고속성장분석기가 나왔더라고요 9평때 한번 넣어보셈요 메가 대성 배치표랑 비슷함 성능은 작수때 텔레그노시스가 압살하긴 했는데 텔레그노시스는 의대랑 최상위권 입시만 보여줘서 좀 제한적임 고속은 싹 다 보여줌 ㅇㅇ 다운받으려면 카페 가입해야되긴 한데 수능때도 한번 돌려보는거 ㅊㅊ하니깐 걍 가입 ㄱㄱ,지리산 2023.07.30 22:28:53 스크랩 조회 893 추천 0 댓글 2,0,893,2023.07.30 22:28:53,https://gall.dcinside.com/mgallery/board/view/?id=goseongjungang&no=1518&page=13
13,1516,[일반],오늘 쉬는김에 정보글 한번 정리해보려고 했는데,걍 글 자체가 별로 없노 정보탭 눌러서 알아서 보세요 여러분,지리산 2023.07.29 21:59:54 스크랩 조회 71 추천 0 댓글 0,0,71,2023.07.29 21:59:54,https://gall.dcinside.com/mgallery/board/view/?id=goseongjungang&no=1516&page=13
13,1515,[일반],님들 요즘 머하고 지냄,난 밖에 너무 더워서 집에만 있음,ㅇㅇ (211.205) 2023.07.29 12:16:07 스크랩 조회 103 추천 0 댓글 1,0,103,2023.07.29 12:16:07,https://gall.dcinside.com/mgallery/board/view/?id=goseongjungang&no=1515&page=13
13,1514,[일반],작수 수학 14번 좌극한 함수 이제야 이해함,처음에 ㄱㄴㄷ 없길래 '아 이건 ㄱ이다' 해서 ㄱ 으로 찍고 나중에 ㄴ ㄷ 보기 확인했음 ㄷ 보기에 우극한 넣어보고 안되길래 걍 ㄱ 간게 맞긴 했는데 왜 우극한이 맞는지는 모르고있었음 오늘 갑자기 생각나서 왜 그런지 찾아보니까 그냥 함수가 극한값으로 정의가 안되니까 좌극한 쓴거였다 분모에 x 놔뒀을때 x -> 0은 정의가 안되니까 x -> 0+으로 하는거랑 같은 맥락,지리산 2023.07.28 14:52:09 스크랩 조회 89 추천 0 댓글 0,0,89,2023.07.28 14:52:09,https://gall.dcinside.com/mgallery/board/view/?id=goseongjungang&no=1514&page=13
13,1513,[일반],고려대 상온초전도체 이거 구라겠지?,진짜라서 고려대 입결 폭발하면어쩌지.,지리산 2023.07.28 08:07:39 스크랩 조회 124 추천 0 댓글 4,0,124,2023.07.28 08:07:39,https://gall.dcinside.com/mgallery/board/view/?id=goseongjungang&no=1513&page=13
13,1512,[일반],다음 n제 머풀지,드릴 워크북 거의 다 풀어가는데 걍 바로 4규 풀까? 문해전은 작년에 풀다가 너무 어렵더라 빅포텐은 뭐고,오비탈 2023.07.28 07:25:51 스크랩 조회 87 추천 1 댓글 1,1,87,2023.07.28 07:25:51,https://gall.dcinside.com/mgallery/board/view/?id=goseongjungang&no=1512&page=13
13,1511,[일반],내 장점이 뭔지 알아 바roh,무현 전 대통령 사십이일만에 항복,ㅇㅇ (211.235) 2023.07.27 16:23:22 스크랩 조회 107 추천 5 댓글 0,5,107,2023.07.27 16:23:22,https://gall.dcinside.com/mgallery/board/view/?id=goseongjungang&no=1511&page=13
13,1508,[일반],갤 왜 이리 바낌,머임뇨,오비탈 2023.07.27 08:26:06 스크랩 조회 101 추천 0 댓글 1,0,101,2023.07.27 08:26:06,https://gall.dcinside.com/mgallery/board/view/?id=goseongjungang&no=1508&page=13
13,1507,[🖥정보],빡쌤 도형편,반갑다. 오랜만에 돌아온 빡쌤이다. 원래는 다음수업으로 n축을 알려주려했으나 뭔 말이 많아서 일단 보류하기로 했다. 오늘 알려줄거는 도형 문제 풀때 도형을 바라보는 시선에 대해 알려주려한다. 일단 기본적으로 수능에 나오는 도형은 삼각형과 사각형이 90%를 이룬다. 여기서 삼각형을 먼저보겠다. 첫번째 유형이다. ​1.한 직선이 각을 이등분할때 한 직선이 각을 이등분할때는 AC:CB=AD:DB라는 공식은 필수로 암기해야한다. 일단 모든 문제든 위에 선지는 잘 읽어줘야한다. 저기에서 정보 하나라도 놓치면 풀지못한다. 일단 선지에 있는 정보를 그림에 적어보면 이렇게 3변의 길이를 구할수있다. 이다음 코사인 법칙을 이용해서 코사인값까진 다들 잘 구했을거다. 그리고 위에 공식을 사용하려 할 것이다. 근데 여기서 AC나 AD 둘중 하나도 알수없다. 그럼 대부분사람들은 여기서 정체 될것이다. 하지만 저 비례식을 좀만 변환해보자 AC/CB=AD/DB가 되고 분모가 CB:DB가 차이가 난다면 분자도 똑같은 차이가 나야한다. 그러니 AC:AD=CB:DB라는 새로운 비례식을 구할수있다. 그럼 AC를 4k AD를 3k로 설정해서 코사인법칙을 쓰면 답을 구할수있다. 또다른 방법으론 공식을 사용하는거다. 공식은 저렇게 한 직선이 각을 이등분할때 저 이등분선을 구하는 공식이다. ​공식은 AC×BC-AD×BD=CD²​ 이렇게된다. 이건 몰라도 되는데 알고있으면 많이 유용한 공식이다. 여기서 이공식을 알면 코사인공식을 사용안해도 풀린다. 길이는 다 구했을거고 AC AD는 위처럼 3k 4k로 설정하면 4k×4-3k×3=9라는 식으로 7k=9가 된다. 그럼 문제에서 구하라고하는 값은 4k이니 7×9/7 으로 금방 구할 수 있다. 이 유형은 많이 나오는 유형이다. 이처럼 공식을 외워두면 유용하게 쓸수있다. 하지만 꼭 외울필요는없다. 하지만 외우면 문제풀기는 쉬워지기도한다. ​2. 원에 내접하는 삼각형/사각형 일단 원에 내접하는 유형도 엄청 많이 나온다. 대표문제는 2개 정도 볼건데 문제를 보고 AB와 AC의 길이가 같다는게 보이는가? 안보인다면 설명해주겠다. ​ 한점에서 원에 그은 두 접선은 어느 상황이든 두 접선의 길이가 같다. ​ 증명을 해줄수도있지만 지금은 건너뛰겠다. 증명하길 원한다면 접점을 원중심이랑 연결해보면 알수있을거다. 그렇게 3변의 길이를 또 알았다. 여기선 다음 행동으로 무엇을 할것인가. 이 다음 행동은 도형을 잘 알아야한다 ​. 지금이라도 이성질을 모른다면 바로 외워라. 필수적이다 . 이걸 안다면 코사인 알파 값을 구하고 바로 풀 수 있다. 근데 3변의 길이만 보면 코사인 법칙을 사용하려하는데 도형을 한번만 확인하고가라 삼각형 ABC가 이등변이니 직각이등분선을 그으면 바로 구할수 있다. 문제풀때 제발 이런거에 시간 낭비하지말자 또다른 문제다 . 어? 이게 왜 원에 내접하는 도형이냐고? 이렇게 말한다면 아직 보는 눈이 부족한것이다. 문제조건을보면 각API와 각AQI의 합이 180도이다. 사각형에서 마주보는 두각의 합이 180도라면 무조건 원에 내접하는것이다. 이처럼 원이없는 상황에서도 원을 생각해야한다. 그럼 이문제는 어떻게 푸느냐. 내가 이문제를 처음봤을때 풀이법이 3 4개정도 떠올랐다. 하지만 지금은 가볍게 2개 정도만 알려주겠다. 일단 첫번째 풀이다. 내심을 이용하는것이다. 내심을 줬으니 내접원의 반지를을 구하여 풀어보자. 일단 접점과 내심을 이어줬다. 내가 선을 좀 못 그리긴했는데 혹시 삼각형 IPE와 삼각형IFQ가 같은 삼각형인 걸 알겠는가? 일단 접점에서는 90도가 된다. 그리고 높이가 내접원의 반지름으로 같다. 그리고 각을 잘 봐라 각EPI도 60도이지않은가? ASA합동이 된다. 그러니 PI IQ가 같은 길이가 된다. 그길이는 r×2/루트3이다. (r은 내접원의 반지름). 왜그런지 바로 이해했을거라 믿는다. 혹시 모르겠다면 각이 30 60 90도의 특별각이다. 그럼 r을 구하자. r을 구하는 가장 기본적이 방법은 넓이를 이용하는것이다. (6+5+4)×r= 6×5×sinPAQ로 r값을 구할수있다. 3변의 길이를 줬으니 사인값은 알아서 구해봐라. 그렇게 구하면 마지막으로 코사인법칙을 사용하면 된다. 사각형이 원에 내접하니 코사인PAQ=-코사인PIQ 인걸 이용하면 구하라하는값을 구할수있다. 또 다른 풀이는 원에 내접한다는 성질을 쓰는거다. 저 사각형의 각마다 사인 값은 다 알 수 있는 상황이다. 그러면 저 외접원의 반지름을 이용해보자. 그럼 AI/sin(1/3)pi= PQ/sinPAQ 를 이용해 구할 수도 있다. 난 1개 더 많은 풀이는 봤지만 이건 너무 계산이 많아서 넘겨두겠다. 이렇게 오늘은 원래알던식을 다르게 변형도 해보고 쓸만한 공식도 알아보았다. 오늘 내가 적은 성질들은 가능하면 다 알고 있는 상태여야한다. 오늘은 이렇게 자주나오는 2가지 유형만 보고 다음에 반응이 괜찮다면 다른 유형의 도형도 다뤄보겠다. 고맙다.,빡쌤 (211.46) 2023.07.27 01:05:18 스크랩 조회 284 추천 5 댓글 2,5,284,2023.07.27 01:05:18,https://gall.dcinside.com/mgallery/board/view/?id=goseongjungang&no=1507&page=13
13,1506,[일반],주딱님 여사친많으면서 왜 찐따인척하시나요,저슬퍼요,ㅇㅇ (211.235) 2023.07.26 23:45:28 스크랩 조회 107 추천 0 댓글 1,0,107,2023.07.26 23:45:28,https://gall.dcinside.com/mgallery/board/view/?id=goseongjungang&no=1506&page=13
13,1504,[✨리뷰],개인적인 중앙고 철고 고고 비교,시설 철고 압승 이번에 철고가 시설에 투자 ㅈㄴ 함 고고 시설은 잘 모르겠는데 시설은 중앙고가 joat일듯 교사 갑질 중앙고 압승 철고 고고 비등 사립이랑 공립 차이 ㅈㄴ 큼 공립은 교육청에 신고하는 스킬이 있지만 사립은 교육청 다 씹어서 소용없다 장학금 철고>고고>앙고 역시 사립이 장학금을 퍼준다 중앙고랑은 비교도 안되는수준 씨발 사립은 교부금 받아서 장학금으로 인재 사오는데 공립은 돈이 없어서 그런거 못함 공립이 더 유리해야되는거 아니냐 학생 자유 중앙고 압승 고고>철고 걍 비교가 안되는수준 중앙고가 G.O.A.T. 수업시간에 선생님 말 다 씹고 정시공부가 가능하다는것 자체가 비교가 안되는수준. 단점도 있지만 자유로운게 ㄹㅇ ㅆㅅㅌㅊ다 철고는 진짜 숨막히는 분위기라고 하더라 내 친구 한놈은 자기 담임 빼고 철고 교사들 다 좆같다했음 공부 분위기 이건 잘 모르겠다 어디든 잘하는 애들은 열심히하고 안할 애들은 놀자판임 근데 기숙사는 철고>앙고 철고 친구 말 들어보면 기숙사는 철고가 개빡셌다는데 학교는 개판이었다고했음. 근데 어차피 공부는 수업시간이 아니라 자습때 하는거니까 분위기 자체는 철고가 잘돼있는듯 생활기록부 이것도 잘 모르겠다 근데 철고가 생활기록부 주작을 친다는 말이 있던데 학교차원인지 교사차원인지 학생차원인지 그냥 헛소문인지 모르겠노 아싸 생존성 중앙고 압승 철고는 인싸문화가 주류다. 중앙고는 인싸도 많지만 아싸 씹덕이 ㅈㄴ 많음. 당장 중앙고갤러리가 제일 활성화돼있고 중앙고 나무위키 문서가 제일 풍성한것만 봐도 알 수 있다. 내신 받기 쉬운곳 일단 현시점에선 고성고가 압승 06 수준은 중앙고가 제일 딸린다. 하지만 중앙고는 한 과목만 파는 한과목충이 ㅈㄴ 많아 상위권도 3등급을 받는 대참사가 일어난다 철고는 학생 수도 적고 교사들이 상위권 위주로 밀어줘서 상위권 제치고 성적 잘받으면 눈치를 줘서 1학년때 고정된 등급 그대로 3학년까지 간다 고성고는 학생 수가 그냥 많아서 등급 먹기 훨씬 유리한게 사실이다. 내년에 상위권이 고성고로 몰리면 또 힘들겠지만 그럴 유인이 있는지는 모르겠다. 입결 대 철 성 여기서 중앙고 패기는 좀 그런게 서울대나 메디컬은 못갔어도 작년 1등이 지금 재수박고 의대권 성적 나오고있고 정시로 중앙대 경희대 공대 갔고 부산대에 10명정도 갔기 때문이다. 물론 중복을 모두 제외하고 ㅇㅇ 걍 작년에 고성고가 망함 이렇게 장단점이 있지만 다시 중3때로 돌아간다 해도 나는 중앙고에 갈 것이다. 중앙고에서 겪은 추억과 중앙고에서 사귄 친구들이 내 인생 최고의 재산이다.,지리산 2023.07.26 22:19:16 스크랩 조회 639 추천 6 댓글 1,6,639,2023.07.26 22:19:16,https://gall.dcinside.com/mgallery/board/view/?id=goseongjungang&no=1504&page=13
13,1502,[❓️질문],투표)수학에서 젤 어려운 단원,투표좀,빡쌤 (182.231) 2023.07.26 15:23:40 스크랩 조회 118 추천 0 댓글 4,0,118,2023.07.26 15:23:40,https://gall.dcinside.com/mgallery/board/view/?id=goseongjungang&no=1502&page=13
13,1499,[❓️질문],중3인데 고중고 희망인데..,여기 몇퍼로 뚫음? ㅇㅇ,ㅇㅇ (211.35) 2023.07.25 14:29:27 스크랩 조회 342 추천 5 댓글 15,5,342,2023.07.25 14:29:27,https://gall.dcinside.com/mgallery/board/view/?id=goseongjungang&no=1499&page=13
13,992,[일반],섹스,섹스 ㅇㅇ,ㅇㅇ (112.148) 2023.02.15 13:06:30 스크랩 조회 153 추천 2 댓글 1,2,153,2023.02.15 13:06:30,https://gall.dcinside.com/mgallery/board/view/?id=goseongjungang&no=992&page=13
13,1111,[✨리뷰],개좆씹덕앙붕이 피규어 또 샀다,지난번에 산거랑 같이 한장. 요새 삶의 낙이다. - dc official App,중앙고갤러리 2023.03.08 01:41:52 스크랩 조회 190 추천 5 댓글 4,5,190,2023.03.08 01:41:52,https://gall.dcinside.com/mgallery/board/view/?id=goseongjungang&no=1111&page=13
13,1121,[일반],나는 여친이 필요 없다,하 젠장 블루아카이브 하십쇼 - dc official App,중앙고갤러리 2023.03.09 21:11:27 스크랩 조회 208 추천 2 댓글 8,2,208,2023.03.09 21:11:27,https://gall.dcinside.com/mgallery/board/view/?id=goseongjungang&no=1121&page=13
13,1130,[일반],씹덕 앙붕이..혼코노..,안그래도 노래 못부르는데 친구랑 가서 일본노래까지 부르면 끔찍하길래 혼자 몇곡 부르고 왔음 - dc official App,중앙고갤러리 2023.03.12 18:47:53 스크랩 조회 163 추천 2 댓글 3,2,163,2023.03.12 18:47:53,https://gall.dcinside.com/mgallery/board/view/?id=goseongjungang&no=1130&page=13
13,1148,[💩똥글],지리산게이에게..,ㅋㅋ,ㅋㅋ (118.235) 2023.03.16 16:47:38 스크랩 조회 221 추천 5 댓글 2,5,221,2023.03.16 16:47:38,https://gall.dcinside.com/mgallery/board/view/?id=goseongjungang&no=1148&page=13
13,1495,[일반],갑자기 끌올 머선일이고,오랜만에 글들 보니까 좋긴하네.. - dc official App,중앙고갤러리 2023.07.24 04:30:59 스크랩 조회 77 추천 0 댓글 1,0,77,2023.07.24 04:30:59,https://gall.dcinside.com/mgallery/board/view/?id=goseongjungang&no=1495&page=13
13,328,[💩똥글],각 탐구별 특징,사탐 과탐 1과목 과탐 2과목 - dc official App,오비탈 2022.09.19 22:58:08 스크랩 조회 157 추천 0 댓글 2,0,157,2022.09.19 22:58:08,https://gall.dcinside.com/mgallery/board/view/?id=goseongjungang&no=328&page=13
13,527,[🖥정보],정시공부해라,"특히 이과는 수시로 대학가는거 아님 2년 반 동안 높은 성적을 계속 유지하는게 얼마나 힘드냐 고2 2학기도 안늦었다 어중간한 2점대 초반으로 인서울 생각하는 이과들아 너네 생기부가 얼마나 빈약한지 원서 넣고 밀려보기 전까지는 모른다 학생회장, 반장, 봉사시간 얼마나 덧없는지 알 방법이 없다 이 글 보고 코웃음칠 좆반고 1점대 초중반들만 승리자고, 2점대? 그냥 패배자다. 좆반고 2점대 초반? 22222한테도 발리는게 현실이다. 가능하면 대학은 잘 가라. 그게 잘 안돼서 대학 잘 못가더라도, 대학가선 네 손으로 기회를 직접 만들어라. 그렇다고 벌써 포기하고 가서 열심히 할 생각말고 늦었더라도 최대한 할 수 있는 곳까지 들이박는 습관과 마인드를 가져라. 화이팅",ㅇㅇ (223.38) 2022.11.23 15:41:39 스크랩 조회 400 추천 9 댓글 3,9,400,2022.11.23 15:41:39,https://gall.dcinside.com/mgallery/board/view/?id=goseongjungang&no=527&page=13
13,590,[🖥정보],중앙고 교장 심대현 선생님의 은밀한 취미에 대해 알아보자,- dc official App,오비탈 2022.12.18 17:37:05 스크랩 조회 505 추천 22 댓글 3,22,505,2022.12.18 17:37:05,https://gall.dcinside.com/mgallery/board/view/?id=goseongjungang&no=590&page=13
13,1112,[🖥정보],고1이 학기초에 풀만한 문제집 추천,"새로 입학하는 고1들을 위해 내가 풀었던, 친구들이 풀었던 문제집 추천합니다 국어 윤혜정의 나비효과 그냥 국어 입문서 goat. 수능 국어 대비용인데 내신 할 때 배경지식 쌓는 용도로도 좋다. 아직 1학년이니까 입문편 봐도 좋긴 한데 내용엔 별 차이 없으므로 일반 수능개념 들어도 된다. (예비)매삼비, (예비)매삼문 수능을 준비하기엔 부족하지만 수능의 문제 형식에 익숙해질 수 있다는 장점이 있음. 본인이 국어를 좀 친다면 일반 매삼비 매삼문에 도전해보고 아니면 예비 매삼비 매삼문을 풀자 국어 내신은 그냥 자습서와 평가문제집을 벅벅 외우고 풀자 수학 50일 수학 니가 중학교때 퍼질러 놀았다면 반드시 한 번은 해야 할 책이다. 다만 이건 고1 내용도 훑고 가는 수능 수학 베이스용이므로 아예 중3 내용만 하길 원한다면 다른 책이 나을 수도 있다. 수학의 왕도 내가 수학을 안 접고 붙잡고 있을 수 있었던 이유다. ebsi 강의가 있는데 정승제와 박자영 선생님이 있는데 아무나 들어도 문제 없다. 사설 인강 안 끊는다면 수학 기초 개념 다지기 좋은 책이다. 아차피 100% 내신용인 고1 수학 공부하려고 사설 인강 들을 필요는 없을 것 같기 때문에 이걸로 충분하다고 생각한다. 개념원리 RPM 막 개념 뗀 직후에 빨리 풀어내거나 개념과 병행할만한 문제집이다. 많이들 푸는 쎈이나 마플시너지보다 문제가 조금 더 쉽고, 고난도의 문제도 없다. 그러니 개념 확인용으로 풀면 좋다. 다만 단점이 있는데 문제 유형별로 풀이법을 먼저 소개하고 간다. 이렇게 되면 풀이 방법을 생각하지 않고 그냥 대입해서 풀게 되는 문제가 생길 수 있으므로 본인이 개념서의 문제는 어느정도 풀만하다면 바로 쎈이나 마플시너지를 풀어보는게 낫다 생각한다. 쎈 개인적으로 생각하는 내신 문제집 GOAT. 학원 다니는 많은 사람들이 마플시너지를 풀지만 그걸 다 풀고 복습한다면 다른거 공부할 시간이 없을 것이다. 나는 서점에서 마플시너지 두께 보고 식겁해서 쎈을 집어들었고 그 후 2년동안 쎈을 잘 썼다. 내가 생각하기에 내 수학 내신 성적을 4등급에서 1등급으로 올려준 이유라고 생각한다. 쎈 B 풀면서 기본 유형 빨리 풀어내고 C에 도전하면서 내신 고난도 문제 해결해보는게 내신 문제 푸는 데에 도움이 많이 되었던 것 같다. 마플시너지 내가 몇번 보긴 했는데 ㄹㅇ 수학에 진심이거나 문제를 정말 정말 많이 풀고 싶으면 ㄱㄱ 자이스토리/마더텅 시간 되면 풀고 아니면 쎈이나 마플시너지 계속 풀고 복습하는게 낫긴 낫다. 그렇지만 선생님들이 학평 기출을 가끔씩 내기 때문에 그거 대비하기 위해 풀어보는게 좋다. 그러니까 시험 전에 한번쯤은 풀어보는게 좋다고 생각한다. 그러나 고2때는 수능 과목을 배우므로 고2학평이든 평가원이든 기출은 필수다. 일품 중앙고 고1 수학은 일품 풀 줄 알면 그냥 1등급 먹고 들어가는거다. 딱 내신 시험지에 있을 만한 문제들이 있고 문제 수도 적지도 않고 많지도 않고 적절해서 시험기간에 한번 풀어보면 상위권 굳히기를 할 수 있을 것이다. 다만 딱 고1때만 좋다. 고2때는 차라리 자이스토리를 풀자. 영어 워드마스터 수능2000 그냥 영단어 표준. 어근 이런거 따진 순서대로 편집하는것보다 워마식의 편집이 외우기 오히려 편했던 것 같다. 고1때부터 시작하면 고3때는 무조건 완성될것이다. 워마 수능2000에 있는 단어만 다 알아도 어휘는 더 공부할 필요가 진짜 아예 없다고 생각한다. 그 이상 영어를 공부하는건 허수행동이다. 물론 난 다 못외워서 2등급 받았다. 이걸 보는 고1들은 다 외우도록 하자. 주혜연의 해석공식 영어 해석 ㄹㅇ 최고다. ebsi 수능개념 강의다. 사설 영어 인강도 솔직히 다 야매같은데 이건 진짜 정석같다는 생각이 든다. 이거로도 수능 영어 1등급 충분하니까 자기한테 잘 맞다 생각하면 들어보자. 통합사회 중앙고는 병신학교라 사회가 좀 특이해서 당황할 수 있다. 선생들이 일반사회/지리/윤리/역사를 균형 있게 가르치지 않고 자기 전공과목만 가르치기 때문이다. 당황하지 말고 수특이나 수능개념 사서 공부하면 된다. 수특 내용으로 개념강의를 하는 것 자체가 좀 무책임하지만 어차피 수특+판서에서만 시험 출제되니까 수업 잘 들으면 된다. 통합과학 완자 과학 개념 혼자서 공부하기 ㄹㅇ 좋은 개념서다. 몇몇은 하이탑으로 공부하는데 좋긴 하지만 그러다 대가리 깨진다. 딱 적당히 필요한 개념만 알려주는 완자가 ㄹㅇ 굿이다. 본인은 거의 완자만 풀었는데도 과학 1등급을 놓친 적이 없다. 오투 완자의 문제 양이 부족하다면 사볼 만한 문제집이다. 개념서보다는 문제집에 가까워서 개념을 원한다면 완자만 사고 문제를 더 많이 풀어보고 싶다면 오투를 추가로 사는 것을 권한다. 개념완성 ebsi에서 무료강의를 볼 수 있다는 것이 큰 메리트이다. 특히 이광조 신영철 연합강의 강좌가 좋다. 쉽게 가르쳐주고 헷갈리는 개념을 잘 짚어준다. 한국사 개념완성 딱히 추천하는건 아닌데 만약 선생님 수업이랑 판서가 부실하다면 한번쯤은 볼만하다. 그렇지만 한국사는 그냥 교과서랑 판서 벅벅 외우기이므로 굳이 필요는 없을 것 같다. 감사합니다~",지리산 2023.03.08 01:45:51 스크랩 조회 19925 추천 23 댓글 5,23,19925,2023.03.08 01:45:51,https://gall.dcinside.com/mgallery/board/view/?id=goseongjungang&no=1112&page=13
13,1494,[일반],김기현 커넥션 들으세요 여러분,체질이란게 바뀝니다 비킬러 4점을 제압하는수준,지리산 2023.07.23 22:56:57 스크랩 조회 150 추천 0 댓글 2,0,150,2023.07.23 22:56:57,https://gall.dcinside.com/mgallery/board/view/?id=goseongjungang&no=1494&page=13
13,1493,[일반],서울대생 필수소양,버츄얼 스트리머,지리산 2023.07.23 22:55:04 스크랩 조회 88 추천 0 댓글 0,0,88,2023.07.23 22:55:04,https://gall.dcinside.com/mgallery/board/view/?id=goseongjungang&no=1493&page=13
13,1492,[일반],끌올 ㅈㄴ하니까 헷갈리긴한데 괜찮은듯,앙갤 눈팅이 늘어날것같아요,지리산 2023.07.23 22:21:09 스크랩 조회 61 추천 0 댓글 0,0,61,2023.07.23 22:21:09,https://gall.dcinside.com/mgallery/board/view/?id=goseongjungang&no=1492&page=13
13,1491,[일반],닮았으면 개추 ㅋㅋ,,ㅇㅇ (211.46) 2023.07.23 20:02:47 스크랩 조회 100 추천 2 댓글 1,2,100,2023.07.23 20:02:47,https://gall.dcinside.com/mgallery/board/view/?id=goseongjungang&no=1491&page=13
13,1220,[일반],3모 성적,언매 93 확통 61 한지 50 세지 50 개같이 멸망했다. 4달간 공부를 아예 접은 게 엄청 큰 듯했다. 가장 믿고있는 국어도 난도가 높은게 아니었음에도 만점이 아니었고 수학은 말하기조차 부끄러운 성적을 받았다. 이래서야 다시 수능을 칠 수 있을까. 그래도 한번 해본다. 해보고 안되면 다시 학고 생활 하면 되니까. 그리고 안될 리가. 내가 이미 이룬건데 다시 못할 이유가 있나? 감만 잡으면 된다. 다시 달린다.,지리산 2023.04.02 17:47:04 스크랩 조회 210 추천 2 댓글 9,2,210,2023.04.02 17:47:04,https://gall.dcinside.com/mgallery/board/view/?id=goseongjungang&no=1220&page=13
13,1262,[일반],본인 3모 성적,열심히 해야겠음.. - dc official App,중앙고갤러리 2023.04.18 01:15:17 스크랩 조회 259 추천 0 댓글 2,0,259,2023.04.18 01:15:17,https://gall.dcinside.com/mgallery/board/view/?id=goseongjungang&no=1262&page=13
13,1322,[✨리뷰],여긴 아직도 우등반/열등반가르고 에어컨이나 얼음띄운 보리차 우등반만 주냐,"살면서 최악의 고등학교였다. 그땐 어렸는데, 쭉 살면서 국영수 그 딴거 잘한다고 인생이 편안해지는게 아님. 그냥 메가스터디나 이투스, 스카이에듀 같은 1타강사 인강 들어라. 우월반이라던 3반, 4반 애새끼들이 메가스터디 인강듣는 거 처음 알았다. 그리고 임용고시 합격했다고 어깨당당한 선생이라는 사람들 너무 안일하다. 선생 말 믿지마라. 그리고 개근상 받을 필요없다. 조퇴나 결석 도 해라. 난 그냥 학교 안가고 싶으면 혼자서 땡땡이도 치고 그랬다. 회사 입사나 직장생활하는데 그거 아무것도 아니다. 입시에서도 선생 말 믿지말고 메가스터디 모의성적 이런 거에 초점 맞춰라. 전문대나 이상한 대학에 학생 한명 보내면 선생에게 돈이 나오니까 선생들은 무조건 전문대에 가라고 하는거지.. 난 솔직히 아직까지 우등반 애들이 열등반 애들 무시하고 같이 안놀아주는 거에 상처받고 있음. 학교에서 우등반 애들은 아직까지 우등반끼리 놀고, 나도 누가 동창이었지 생각도 안남. 그걸 고등학교에서 갈라놓은 것임. 우월반이었던 지금 아는 친구 2명정도 아는데, 한 사람은 창원에서 호텔 지배인하고 있고, 한놈은 공무원 준비 중임. 7급이라곤 하는데 9급을 보는 것같더라. 또 친하지 않은 한 애는 고성에서 엄마와 식당 창업했고.. 여름에 점 심시간에 차가운 보리차도 우월반 애들이 먼저 다 먹어버리고, 열등반 애들은 그냥 정수기 생수였음. 그것도 차가운 물 많이 빼먹어서 미지근 한 물... 에어컨은 왜 열등반 애들 한테는 안틀어주는지, 그리고 거의 수업 안하고 자습시키고, 인문계는 지랄.. 빨리 공장에 가라고 욕하고 진짜 열등반 애들한테는 머리카락이 길다고 가위들고 설쳤던 체육교사만 있었지. 머리카락 길면 공부에 방해만 된다고 좃86새끼 전교조들 쉣.. 그 머릿카락 짜르는 일을 또 우월반 반장하던 애한테 시켜서 열등반에 와서 지랄 떨던게 생각나네. 업드려 자고 있는데, 그 새끼가 감히 뒷통수 머릿카락을 짤라서 뺨때리고,,, 지가 권한을 가지고 있다나,, 양반놀이 하더라 그리고 지금도 우등반만 새로생긴 노란색건물 독서실(열람실)에 갈 수 있냐? 열등반은 그냥 자기 반에서 공부하고 담임선생이 퇴근할때 가라고 해서 간 기억이 있는데... 그래도 난 ""담임선생? 조까라"" ""니가 먼데?"" 이런 마인드로 4년제 종합대학이자 지방 거점 사립대학교에 들어갔다. 내신에서 중간고사 문제 이상하게 낸 국사선생에게 의견제시해서 욕먹고...(김원봉)을 써야하는데 (약산)을 썼다고ㅋㅋㅋ 김원봉의 호가 약산인데, 무조건 니가 잘못 알았대. 지는 ""호?"" 이런거 모른다는데 만약 내가 우월반이었거나 했으면 정답처리 해줬을 것 같은데말야. 교무실에 한번씩 가보면 선생은 주식하고 자빠져 있고... 그리고 생각한게 뭔 이딴 학교가 다있냐하며 수능이 답이다 하면서, 수학 포기하고 국어와 탐구영역 1등급 받고 동아대 메이저학과에 입학함... 지금 상장사 중견기업에서 선생 월급보다 3배정돈 더받고 일한다. 그리고 대학에 입학해서 영어권 교환학생으로 가는 기회가 있어서 1년간 미국에 살아보니 영어된다. 영어 못한다고 기죽지 말길... 번외로 고3때 엄마에게 은근히 돈 달라는 담임 여교사(국어)가 있고 엄마가 끙끙하는게 보여서, 그 반발심에 진짜 가난하지만 메가스터디 같은 인강 안듣고, 문제집 사서 계속 풀었다. 아 그리고 수능시험장 다같이 가는데, 통영고등학교인가 충무고등학교 가는데 왕복 버스비도 삥뜯냐? 에휴 미성년자 애들 푼돈은 존나게 뜯어가요. 소가야문화재한다고 강제 동원되서 돈도 안주고 부려먹더니, 그게 왜 당연한거지. 여름이었는데 뚱뚱한 남자애한텐 이상한 조선시대 장군복 입히고 가마든다고 어깨총하고",ㅇㅇ (112.163) 2023.05.15 15:07:30 스크랩 조회 453 추천 10 댓글 5,10,453,2023.05.15 15:07:30,https://gall.dcinside.com/mgallery/board/view/?id=goseongjungang&no=1322&page=13
13,60,[💩똥글],제육볶아와 씹새야 이씹새,나는 새벽 2시에 제육 볶아와!하면 내오는 그런 여자가 이상형이다,사칭마 (223.38) 2022.08.14 21:31:00 스크랩 조회 203 추천 6 댓글 2,6,203,2022.08.14 21:31:00,https://gall.dcinside.com/mgallery/board/view/?id=goseongjungang&no=60&page=13
13,309,[💩똥글],그 경상대는 하나의 똥이야...,그러니 갈 수가 없잖아?,라므 (218.51) 2022.09.15 23:30:48 스크랩 조회 332 추천 8 댓글 5,8,332,2022.09.15 23:30:48,https://gall.dcinside.com/mgallery/board/view/?id=goseongjungang&no=309&page=13
13,344,[❓️질문],앙고갤에 여붕이 있다 vs 없다 투표,,ㅇㅇ (211.251) 2022.09.25 23:33:38 스크랩 조회 344 추천 6 댓글 3,6,344,2022.09.25 23:33:38,https://gall.dcinside.com/mgallery/board/view/?id=goseongjungang&no=344&page=13
13,585,[✅️인증],본인 6광탈했다 씨발 ㅈㅅ하러간다,정시 재수 자살 셋중에 하나하러감 씨발,물보틀 (223.39) 2022.12.15 17:47:11 스크랩 조회 576 추천 9 댓글 4,9,576,2022.12.15 17:47:11,https://gall.dcinside.com/mgallery/board/view/?id=goseongjungang&no=585&page=13
13,840,[✨리뷰],노가다 리뷰,언젠간 올려야지 하고 있다가 귀찮아서 미뤄놨는데 지금 올릴거임 8일간의 조선소 알바 체험기 6시에 일어나서 가야함. 일이 8시 부터임. 대충 출근길. 자전거 타고 출근 많이 하더라 가서 뭘 하냐? 저걸 저걸로 저렇게 되도록 열심히 파이프를 닦으면 된다^^ 큰거 하나 제대로 닦는데 한시간이 넘어간다... 배 내부 밥 기다리는 중... 수송선 생산중.... 배 밖에서 생각보다 배가 되게 크다 호이 해군 마렵노 ㅇㅇ; 그렇게 쇠 빠지게 쇠파이프를 닦다보면 5시쯤되면 다끝나고 집 간다. 8일 해서 세금떼고 숙소 전기료 떼면 87만원을 받았다. 그래서 생겨버린 160만원.. 어따 쓰지 후기 : 내 기준엔 딱 단기알바용. 저걸 20년 30년 평생하라 하면 절대 못할 거 같다. 어떻게 햇빛도 안들어 오는 배안에서 일을 계속 할수 있는지... 파이프 몇시간 동안 계속 보면서 녹을 닦다보니 녹만 보면 PTSD가 올 거 같다. 여담 : 담당자가 착하시긴 한데 분노조절장애가 있는지 가끔씩 갑자기 욕을 박는데 화나서 담당자랑 싸울뻔함,오비탈 2023.02.03 01:39:05 스크랩 조회 374 추천 10 댓글 3,10,374,2023.02.03 01:39:05,https://gall.dcinside.com/mgallery/board/view/?id=goseongjungang&no=840&page=13
13,723,[✨리뷰],액상스프 리뷰,반갑다. 오늘은 중앙고의 명물이기도 한 액상스프를 직접 먹어보고 리뷰해 보도록 하겠다. 편의점 입갤 뭐사지 참깨라면이 적당할 거 같다 근데 ㅅㅂ 라면하나가 왤케 비쌈? 뭔 1700원 씩이나 하노 맞아야...겠지...? ? 니가 왜 맞노 다시 집 입갤 먹어... 봐야겠지? 옴뇸뇸~ 퉤!!!!   씨발;; 속이 이상하다... 결론 : 액상스프는 라면이랑 쳐먹자.,오비탈 2023.01.14 02:40:52 스크랩 조회 248 추천 7 댓글 6,7,248,2023.01.14 02:40:52,https://gall.dcinside.com/mgallery/board/view/?id=goseongjungang&no=723&page=13
13,477,[🖥정보],요즘 핫한 그림 AI 사용해봤다,독감 걸려서 공부도 못하고 심심하던 차 무료함을 달랠 방법을 찾다가 무료로 그림 AI를 쓸 수 있는 방법을 알아냈다. 얼마 전 실베에 novelAI image generator 그림이 올라온거 보고 나도 novelAI 써보고 싶었는데 유료라 못 썼다. 그런데 어제 알아보니 무료로 할 수 있는 프로그램이 있었다. (링크는 맨 밑에 있음) 바로 만들어 봤다 요즘 3학년에서 프로세카가 아주 핫하다길래 뽑아본 미쿠 체인소맨 신작 나온 기념으로 뽑아본 코베니 그냥 뽑은 네즈코 성능이 꽤 뛰어난 것 같다 文災殃 노짱 쥐 카 꽤 괜찮은 것 같다 그런데 조금 실망한 게 있다. 이건 씹덕 만화풍 그림만 잘 그린다. 내가 기대한 실사화나 전쟁 장면 그리는 건 실패했다. 제로센 그림 20번 뽑았는데 제로센은 하나도 안 나오고 알록달록 무지개비행기만 나왔다. 셔먼 뽑는데 막대기 달 린 국방색 종이박스 자동차가 나와서 그냥 포기했다. 대신 씹덕짤에는 ㄹㅇ 최적화되어있다. 소스가 씹덕 기반인듯 (검열본. 상하의 입은건 맞다.) 아무것도 건들지 않고 그냥 뽑아도 이렇게 나온다. 그냥 씹덕여캐야짤이 기본 그림인 것 같다. 실사그림 못그리는건 실망했지만 이런 그림은 만족했다. 여러분도 심심하면 씹덕그림을 뽑아보자 씹덕그림체 말고도 웹툰 그림체도 가능하다고는 한다(나는 모름) AI그림을 그리고 싶다면 아래 링크로 들어가면 된다 https://colab.research.google.com/drive/1nBaePtwcW_ds7OQdFebcxB91n_aORQY5 폰으로도 가능하긴 한데 프로그램이 돌아가는 창을 계속 켜놓고 있어야 해서 컴퓨터로 하는걸 추천함 그리고 계속 돌리면 gpu 못쓴다고 뜨는데 부계정으로 로그인하면 된다. 아래부터 사족 그림ai 출현으로 한가지 기쁜 점 국내 일러스트레이터 상당수는 페미다 그렇다면?? 한남대가리 뚝스딱스내면서 한남 돈 벌어먹고 사는 버러지들 대가리 AI가 뚝스딱스 정말 위대합니다 AI 선생!!! 다만 페미 성향도 인성 논란도 없이 성실히 밥벌어먹는 작가들은 좀 불쌍하다 하지만 내가 통쾌해한다고 슬퍼한다고 바뀌는 건 없다. 必然的인 時流일 뿐. 너무 슬퍼하지 마라. 삶과 죽음이 모두 자연의 한 조각 아니겠는가? 미안해하지 마라. 누구도 원망하지 마라. 운명이다. 몇년간 빨리 땡기고 다른 일 찾아봐야지 어쩌겠노,지리산 2022.11.05 00:30:03 스크랩 조회 1958 추천 9 댓글 2,9,1958,2022.11.05 00:30:03,https://gall.dcinside.com/mgallery/board/view/?id=goseongjungang&no=477&page=13
13,1107,[🖥정보],중앙고갤러리 홍보 포스터 원본 사진,많이많이 뿌려주세요,지리산 2023.03.06 17:23:27 스크랩 조회 316 추천 5 댓글 0,5,316,2023.03.06 17:23:27,https://gall.dcinside.com/mgallery/board/view/?id=goseongjungang&no=1107&page=13
13,84,[💩똥글],길가다 뚱녀한테 맞은 썰,"뚱녀한테 길가다 맞은 썰 푼다 그때 날짜 2022년 8월 14일 오랜만에 공부 쉬는 날이였음. 그래서 피시방가서 신나게 놀다 집가던 때 있었던 일임 피시방에서 모르는 사람 계정 정지먹이고 즐겁게 집가던때였음. 갑자기 떡볶이랑 핫도그가 먹고싶어서 명량핫도그를 감. 그때 한 뚱녀를 마주침 그때는 아무 일없었음. 떡볶이랑 핫도그 주문시키고 카페 갔다옴. 근데 그 뚱녀가 사라져있었음. 그래서 갔나보다 하고 음식받고 집 가고있었음. 근데 멀리서 그 뚱녀가 다시보임. 그냥 무시하고 지나치려고 했지만 갑자기 뚱녀라 그런지 팔이 차렷 자세가 안돼서 팔이 둥둥 올라가있었음 그러다 이년이 확 돌더니 내 복부를 쳐버림. 나는 앞으로 살살 뛰는 느낌으로 갔는데 충돌 후 뒤로 날아감. 그때는 이게 무슨일인가, 나는 지금 살아있는가, 여긴 어딘가 등등 많은 생각이 주마등처럼 지나감. 그러다 다행이 정신을 차림. 정신을 차리고 나니 나는 뒤로 날아가면서 가만히 있었고 뚱녀가 죄송합니다 하고 나 보지도 않고 뛰어감 몸무게 160kg처럼 보여서 못 뛸거 같았는데 ㅈㄴ 잘뜀 키 160정도에 몸무게 160kg으로 완벽한 정사각형이였는데 인생 최대 속력으로 보였음. 그렇게 나는 쳐 맞고 억울해도 이미 도망가서 땅에 샷건 3번 치고 집감 그리고 집가서 음식먹는데 핫도그 1개 먹고 나머지 다 남김 님들도 조심하셈 아무일도.... 없긴 씨발 지옥문 낙낙하고 옴",ㅇㅇ (211.251) 2022.08.17 13:34:22 스크랩 조회 1038 추천 11 댓글 2,11,1038,2022.08.17 13:34:22,https://gall.dcinside.com/mgallery/board/view/?id=goseongjungang&no=84&page=13
13,682,[💩똥글],뉴진스 일베 논란,뉴진스 이런 그룹인거 본인이 포착했다 정말 소름 돋는다 ㄷㄷ - dc official App,ㅇㅇ (112.163) 2023.01.06 23:56:21 스크랩 조회 351 추천 10 댓글 3,10,351,2023.01.06 23:56:21,https://gall.dcinside.com/mgallery/board/view/?id=goseongjungang&no=682&page=13
13,1133,[일반],07앙붕이,07앙붕이 머리박겠습니다 거두어 주십시오,ㅋㅋ (211.251) 2023.03.13 10:35:46 스크랩 조회 307 추천 7 댓글 5,7,307,2023.03.13 10:35:46,https://gall.dcinside.com/mgallery/board/view/?id=goseongjungang&no=1133&page=13
13,1486,[일반],오늘은 갑자기 개판인가요,갤 왜이러노,ㅇㅇ (211.235) 2023.07.22 21:15:02 스크랩 조회 66 추천 0 댓글 1,0,66,2023.07.22 21:15:02,https://gall.dcinside.com/mgallery/board/view/?id=goseongjungang&no=1486&page=13
13,1118,[✨리뷰],씹덕 앙붕이..세번째 피규어...,일본직구 14만원짜리 피규어 왔다 이게 행복이지 ㄹㅇ - dc official App,중앙고갤러리 2023.03.09 09:42:11 스크랩 조회 214 추천 7 댓글 2,7,214,2023.03.09 09:42:11,https://gall.dcinside.com/mgallery/board/view/?id=goseongjungang&no=1118&page=13
14,1483,[일반],트위치 니니아 보세요 여러분,재밋슴,지리산 2023.07.22 16:09:58 스크랩 조회 69 추천 0 댓글 0,0,69,2023.07.22 16:09:58,https://gall.dcinside.com/mgallery/board/view/?id=goseongjungang&no=1483&page=14
14,1480,[일반],요즘 옛날같이 재밌는글 안올라와서 ㅈ같으면 개추 ㅋㅋ,,ㅇㅇ (211.46) 2023.07.22 15:33:50 스크랩 조회 79 추천 3 댓글 1,3,79,2023.07.22 15:33:50,https://gall.dcinside.com/mgallery/board/view/?id=goseongjungang&no=1480&page=14
14,458,[🖥정보],페미민국에서 살아남는 방법,여자랑 엮일 일 없는 나같은 병신도 성범죄 전과가 생길 수 있다 이말임 아이고 씨발~~,지리산 2022.10.28 18:00:58 스크랩 조회 208 추천 6 댓글 3,6,208,2022.10.28 18:00:58,https://gall.dcinside.com/mgallery/board/view/?id=goseongjungang&no=458&page=14
14,505,[✅️인증],고대 합격 떴냐...?,떴으니까 올리지 씨발 합격(不),지리산 2022.11.17 18:14:31 스크랩 조회 226 추천 0 댓글 2,0,226,2022.11.17 18:14:31,https://gall.dcinside.com/mgallery/board/view/?id=goseongjungang&no=505&page=14
14,384,[💩똥글],[앙갤 문학 명작] 2022년 경희대 면접......txt,"https://www.youtube.com/watch?v=kTZ2NXtD-AU 2022년 중앙고 입시. 전교 1등부터 3등까지 1차 탈락한 중앙고의 마지막 반격. 그리고... 경희대 종합의 마지막 찬스. 중앙고 심ㅇㅇ교장의 한마디. '근출이 내' 황근출. 그가 누구인가. 내신에서만 25개의 1등급을 받은 명실상부한 중앙고의 에이스. '올해가 끝난후 그만두겠다' 라고 재수는 없음을 선언한 그의 마지막 입시에, 결정적인 찬스에 심ㅇㅇ 교장은 황근출을 기용한다. 묵묵히 면접준비를 하던 황근출은 터벅터벅 서울행 버스를 탄다. 덜컹, 덜컹. 이젠 이런 느낌도 다신 못느껴보겠지, 하고 황근출은 씁쓸한 웃음을 짓는다. 하지만 감상은 여기까지. 지금은 냉혹한 승부의 세계. 황근출은 그의 트레이드마크인 안경을 올리며 마음을 다잡는다. 첫 질문. 면접관의 여유가 첫질문에서 묻어나온다. 대답 성공 제 2문, 날카로운 질문에 대답 실패. 아직은 여유가 있다. 제 3문, 비꼬는 질문에 말문이 막힌다. 여유를 되찾은 황근출은 언제나 그랬듯 고개를 끄덕거린다. 제 4문, 미숙한 학생을 낚는 질문, 그는 속지않는다. 제 5문, 날카롭게 찌르는 질문이었지만 무난히 대답했다. 풀카운트. ...그리고 제 6문째, 경희대 화학과 교수가 던진 면접의 결과를 가를 전문적 질문이 떨어진다. 그리고 그의 대답도 입에서 떨어진다. 후, 소리와 함께 대답은 교수의 심장으로. 다른 지원자의 웅성거림은 더이상 들리지않는다. 겅희대학교 학종면접역전만루홈런. 황근출은 지난 고등학생시절의 기억들이 떠오른다. 1학년, 2학년, 3학년, 수능...... 그리고 다시 시점은 현실로. 중앙고에 모든 학생들이 뛰어나온다. 친구들에겐 미안하지만 심ㅇㅇ교장을 찾아가 껴안은 황근출. 그의 눈은 어느새 촉촉해졌다. '해냈구나, 근출아' 그리고 이듬해 그의 이름 황근출은 중앙고의 레전드로 남게된다.",지리산 2022.10.03 19:55:18 스크랩 조회 296 추천 8 댓글 3,8,296,2022.10.03 19:55:18,https://gall.dcinside.com/mgallery/board/view/?id=goseongjungang&no=384&page=14
14,1478,[일반],김기현 생각보다 괜찮은걸요,겨울에 김기현 억까했던 제 자신을 반성합니다 김기현 커넥션 들으면서 삼각함수 도형 활용 깨우치는중,지리산 2023.07.21 13:05:31 스크랩 조회 111 추천 0 댓글 1,0,111,2023.07.21 13:05:31,https://gall.dcinside.com/mgallery/board/view/?id=goseongjungang&no=1478&page=14
14,1477,[💩똥글],아 시발 섹스하고 싶다,오래된 생각이다,오비탈 2023.07.20 18:35:05 스크랩 조회 138 추천 0 댓글 3,0,138,2023.07.20 18:35:05,https://gall.dcinside.com/mgallery/board/view/?id=goseongjungang&no=1477&page=14
14,1476,[일반],삼각함수가 너무어려워요,으앙~,지리산 2023.07.19 22:40:09 스크랩 조회 86 추천 0 댓글 1,0,86,2023.07.19 22:40:09,https://gall.dcinside.com/mgallery/board/view/?id=goseongjungang&no=1476&page=14
14,1474,[일반],님들 방학 수업 신청함?,ㅇㅇ?,ㅇㅇ (211.235) 2023.07.17 22:49:02 스크랩 조회 84 추천 0 댓글 0,0,84,2023.07.17 22:49:02,https://gall.dcinside.com/mgallery/board/view/?id=goseongjungang&no=1474&page=14
14,1470,[일반],오비탈 근황 (1),"반갑다 반수하러 기숙학원 들어간 오비탈 게이다. 애들 오늘부터 다 휴가 나가고 나는 들어온지 얼마 안되서 못나가고 나 혼자 남아 심심해서 근황 함 써봄. 적어도 한 달에 한 번씩은 써볼까함. 참고로 다음 휴가 기간인 8월 10일까지 밖에 못나감 휴가기간이라 애들이 많이 빠짐 이백몇명중에 190명 나갔나 지금도 안나간 사람이 ㄹㅇ 씹실수 들어간지 한2주 거의 다 되어 가는거 같은데, 그동안 참 많은 일이 있었다. 뭐 생활은 적응되니까 할만함. 오고나서 며칠은 퇴소를 수십 번 고민했었다. 폰 없으니까 좀 지루함. 첨에 이것 때매 많이 힘들었었는데 이것도 시간지나니까 적응 되더라. 왜냐면 공부만 하루종일 하느라 폰 할 시간도 없거든 ㅋㅋ 폰이 없으니까 연락도 하기가 힘듦. 일주일에 한 번 10분 전화시간 주긴하는데, 부모님 전화 돌리면 시간 끝나있고 애초에 내가 전화번호를 아는 사람이 부모님이랑 동생밖에 없어서 애들이랑 따로 연락을 못한다. 몰래 앙갤에 글쓰는거 빼곤 소통할 방법이 없음 학원 자체도 존나 철저하다. 유튜브는 물론이고 구글이랑 네이버, 심지어 텔레그램도 막힘. 학원에서 운영하는 사이트랑 메가스터디랑 대성마이맥 이런 거 빼곤 다 막힘. pdf쓰러 와이파이 필요하면 행정실 가서 써야됨. 와이파이 비번도 주기적으로 바꿔서 몰래 사용도 못하게 함. 이 글도 메모장에 써놨다가 행정실에서 와이파이 쓸때 디시 켜서 복붙한 후 몰래 올리는 거임 대충 내 자습실은 이렇게 생김 ㄹㅇ 굿 공부하기엔 최적의 환경임 <오비탈의 일상> 오전이라 슬슬 공부해야됨 필자는 국어가 하도 병신이라 수능시간인 8시 40분에 맞춰서 매일 국어 실모를 한개 씩 푼다. 근데 오늘은 귀찮으니 본바탕을 풀도록 하겠다. 독서 3회 두번째 지문 존나 어렵네 드릴도 좀 풀어주고 푸니까 밥먹을 시간 되서 밥 먹고 옴 요즘 비 많이 내리네 여기 밥이 되게 잘 나온다. 병신같은 부산대 긱사 밥이랑 차원이 다름. 오늘 스파게티랑 고르곤졸라 피자가 나왔다. 사람들 다 나가서 아무도 없다. 보통 이때쯤 되면 사람들 나와서 농구하고 놀고 그러는데 난 그런거 같이 할 친구가 없다 ㅠㅠ 아! 어제 7모를 학원에서 쳤었다. 학원에서 교육청 모의고사는 신청자에 한해 실제 수능 조건으로 모의고사를 보게 하는데, 현장감 최대한 많이 느끼고 싶어서 신청했음 메가기준 31111 뭐 후기를 좀 남기자면 국어 : 좀 까다로웠음. 화작은 걍 니애미 수학 : 좀 빡셌음 13번도 그렇고 계산량도 전체적으로 많아서 더 그랬는듯 미적 3점짜리 풀다 기겁함 영어 : 쉬웠음 오랜만에 다 풀고 시간이 남더라 근데 듣기는 좀 빡셌음 한국사 : 좀 어려웠음 화학 : 쉬웠음 생명 : 비킬러랑 근수축 좀 빡빡했음 수학 점수가 좀 높게 나왔는데 왜냐하면 21번을 찍맞했기 때문이다 이제 또 공부 시작할거임 상크스랑 크포 먼저 풀어준다. 작년엔 고석용거 들었는데 김준 좋다해서 한번 크포 들어봄 7모 오답도 해주고 다시 드릴 풀니 저녁먹을 시간이라 저녁 먹고 옴 가끔씩 학원 산책하는 것도 재밌다. 나는 7모 화작 3개 틀린 씹병신이라 김동욱의 화작의 유형을 듣기로 했다. 다 들었으면 정식 n제 풀어줌 영어 정식 n제 ㄹㅇ 굳 문제 양도 적당하고 퀄도 괜찮고 난이도도 적당하다. 하루에 챕터당 두문제씩 푼다. 자기전에 매일 문학 수특 한번씩 훓고 잔다. 연계의 필요성을 느낌 잠은 12시까지 자고 6시 반에 일어난다. 얘들아 잘 지내냐 난 잘 지낸다 나도 여기서 열심히 할테니까 너희들도 열심히 공부해서 꼭 좋은 성적 받아라 ㅂㅇ +지리산 게이야 나 메가 계정 한 1시~4시 사이에 씀",오비탈 2023.07.14 08:26:14 스크랩 조회 466 추천 10 댓글 3,10,466,2023.07.14 08:26:14,https://gall.dcinside.com/mgallery/board/view/?id=goseongjungang&no=1470&page=14
14,1468,[일반],시발 국어점수 떨어졌다,화작으로 4모(5모) 93 6모 93 받아서 이번에도 무난하게 90점 넘길줄 알았는데 86점 나와버렸음. 독서론이랑 화작에서 1문제 날린게 컸음. 너무 해이해져 있었다.. 슬슬 100일인데 그만놀때 됐나봄.. - dc official App,중앙고갤러리 2023.07.13 17:30:49 스크랩 조회 121 추천 0 댓글 1,0,121,2023.07.13 17:30:49,https://gall.dcinside.com/mgallery/board/view/?id=goseongjungang&no=1468&page=14
14,1465,[✅️인증],휴학 신청 완료.,사유: 타대학 지원 준비 중,지리산 2023.07.13 00:19:13 스크랩 조회 137 추천 0 댓글 1,0,137,2023.07.13 00:19:13,https://gall.dcinside.com/mgallery/board/view/?id=goseongjungang&no=1465&page=14
14,1464,[일반],공부하기 싫어서 그림그렸다,ㅁㅌㅊ냐,ㅇㅇ (211.46) 2023.07.12 19:59:39 스크랩 조회 91 추천 1 댓글 2,1,91,2023.07.12 19:59:39,https://gall.dcinside.com/mgallery/board/view/?id=goseongjungang&no=1464&page=14
14,1463,[🖥정보],유럽 여자들이 좋아하는 남자 국적 지도,기회의땅 러시아로 가자,ㅇㅇ (223.39) 2023.07.12 10:40:33 스크랩 조회 115 추천 0 댓글 1,0,115,2023.07.12 10:40:33,https://gall.dcinside.com/mgallery/board/view/?id=goseongjungang&no=1463&page=14
14,1461,[🖥정보],에타펌)경영학과 전공별 특징 모음,정말 유익하니 경영이 목표면 읽어보세요,지리산 2023.07.11 22:32:16 스크랩 조회 149 추천 0 댓글 0,0,149,2023.07.11 22:32:16,https://gall.dcinside.com/mgallery/board/view/?id=goseongjungang&no=1461&page=14
14,1460,[일반],유니유니 보고 가세요,대 유 니,지리산 2023.07.11 22:13:38 스크랩 조회 73 추천 0 댓글 1,0,73,2023.07.11 22:13:38,https://gall.dcinside.com/mgallery/board/view/?id=goseongjungang&no=1460&page=14
14,1459,[일반],나도 수학 3이 고대 되는거 못믿었음,근데 모의평가 나온거 고속 계속 돌려보니까 꾸준히 그정도 나오더라 국어를 항상 만점 가까이 받는게 ㅈㄴ 크고 고대가 국어 탐구 반영비가 낮지 않은게 큰듯 오히려 한양대는 수학 40%고 국어 30%라 내가 정시로 절대 못가는 대학임,지리산 2023.07.11 21:46:00 스크랩 조회 133 추천 0 댓글 0,0,133,2023.07.11 21:46:00,https://gall.dcinside.com/mgallery/board/view/?id=goseongjungang&no=1459&page=14
14,1457,[일반],왜 자기 기준으로 정시를 판단하려하지,"내가 작년 성적이란 비교해도 문제없었고 고속성장분석기에서 적정 떴고, 진학사 최종컷 기준으로도 분명 안정권이었는데 대체 무슨 기준으로 고대 안된다 하는거지 그것도 작년 고속이 진학사 눈치보면서 짜게 했다고 윤도영한테 욕 엄청나게 얻어먹었는데도 내가 적정 나온거였음 근데 왜 등급만 보고 판단하노? ㄹㅇ 작년에 선생들이 아무것도 모르면서 고대 안된다고 할때 ㅈㄴ 답답했는데 이 기분을 또 느끼네 ​ 수능은 등급으로 가는게 아니라 표점/백분위로 반영비 맞춰서 가는거라고!!! 아래 게이가 수능 친지 한참 됐거나 고2 이하면 모르겠는데 교사재수생 현역이면 부끄러운줄 아시오",지리산 2023.07.11 20:36:02 스크랩 조회 195 추천 0 댓글 16,0,195,2023.07.11 20:36:02,https://gall.dcinside.com/mgallery/board/view/?id=goseongjungang&no=1457&page=14
14,1456,[❓️질문],지리산 게이는 정시로 한양대간거노??,?,ㅇㅇ (211.178) 2023.07.11 16:02:54 스크랩 조회 188 추천 0 댓글 12,0,188,2023.07.11 16:02:54,https://gall.dcinside.com/mgallery/board/view/?id=goseongjungang&no=1456&page=14
14,1455,[일반],고성군 정시파이터의 요람 고성중앙고 파이팅,제가 정시로 성공한건 아니지만 정시파이터 항상 응원합니다,ㅇㅇ (223.39) 2023.07.09 23:28:45 스크랩 조회 144 추천 0 댓글 3,0,144,2023.07.09 23:28:45,https://gall.dcinside.com/mgallery/board/view/?id=goseongjungang&no=1455&page=14
14,1454,[일반],안유진 셀카떳냐?,떳으니깐 올리지 ㅋㅋ,ㅇㅇ (211.46) 2023.07.09 11:59:47 스크랩 조회 108 추천 1 댓글 2,1,108,2023.07.09 11:59:47,https://gall.dcinside.com/mgallery/board/view/?id=goseongjungang&no=1454&page=14
14,1453,[❓️질문],제일 궁금한점,왜 2층 여자화장실에 좌변기가 있고 남자화자실에 생리대 보관함이 있을까.. - dc official App,ㅇㅇ (211.251) 2023.07.07 13:50:39 스크랩 조회 137 추천 0 댓글 6,0,137,2023.07.07 13:50:39,https://gall.dcinside.com/mgallery/board/view/?id=goseongjungang&no=1453&page=14
14,1452,[일반],살려줘,시발,오비탈 2023.07.05 18:42:05 스크랩 조회 100 추천 0 댓글 1,0,100,2023.07.05 18:42:05,https://gall.dcinside.com/mgallery/board/view/?id=goseongjungang&no=1452&page=14
14,1451,[🖥정보],정병호 듣고 좋은점 찾았다,수강생이 적어서 이벤트 당첨 확률이 높음 ㅋㅋ,ㅇㅇ (211.46) 2023.07.05 00:42:30 스크랩 조회 108 추천 0 댓글 0,0,108,2023.07.05 00:42:30,https://gall.dcinside.com/mgallery/board/view/?id=goseongjungang&no=1451&page=14
14,1449,[❓️질문],6모 3등급 일리 듣고 있는데,별로 도움 안되는 것 같은데 유기하고 신택스 들어도 괜찮? 고3임,ㅇㅇ (61.42) 2023.07.04 20:48:03 스크랩 조회 206 추천 5 댓글 4,5,206,2023.07.04 20:48:03,https://gall.dcinside.com/mgallery/board/view/?id=goseongjungang&no=1449&page=14
14,1447,[일반],수능 정부개입 반대 청원 동의 부탁드립니다,"국민동의청원 국회청원, 청원안내, 동의진행 청원 등을 제공 bit.ly 제발 동의해주세요 여러분 여러분들의 미래가 달려있습니다",지리산 2023.07.04 01:16:27 스크랩 조회 72 추천 2 댓글 0,2,72,2023.07.04 01:16:27,https://gall.dcinside.com/mgallery/board/view/?id=goseongjungang&no=1447&page=14
14,1446,[일반],내일 조식 아는사람,ㅈㄱㄴ,ㅇㅇ (223.39) 2023.07.03 21:51:41 스크랩 조회 80 추천 0 댓글 2,0,80,2023.07.03 21:51:41,https://gall.dcinside.com/mgallery/board/view/?id=goseongjungang&no=1446&page=14
14,1443,[❓️질문],마루쉨님???,은돌퍼플모의고사 출제위원이신가요?? 앙붕이로서 자랑스럽습니다..,ㅇㅇ (223.62) 2023.07.02 21:47:08 스크랩 조회 117 추천 1 댓글 2,1,117,2023.07.02 21:47:08,https://gall.dcinside.com/mgallery/board/view/?id=goseongjungang&no=1443&page=14
14,1442,[❓️질문],님들 시험 끝났는데 뭐하고사심?,설마 수능공부함?,ㅇㅇ (223.38) 2023.07.02 10:51:28 스크랩 조회 79 추천 0 댓글 0,0,79,2023.07.02 10:51:28,https://gall.dcinside.com/mgallery/board/view/?id=goseongjungang&no=1442&page=14
14,1441,[❓️질문],직업추천좀,"1. 공과 사가 명확했음 좋겠음 2. 위험한거 상관없음(군인, 소방관, 경찰관 등) - dc official App",아쎄이 2023.07.02 02:02:37 스크랩 조회 110 추천 0 댓글 3,0,110,2023.07.02 02:02:37,https://gall.dcinside.com/mgallery/board/view/?id=goseongjungang&no=1441&page=14
14,1439,[일반],과대포장뭐냐??,ㅇ,ㅇㅇ (211.46) 2023.07.02 00:23:49 스크랩 조회 61 추천 1 댓글 0,1,61,2023.07.02 00:23:49,https://gall.dcinside.com/mgallery/board/view/?id=goseongjungang&no=1439&page=14
14,1437,[일반],마루쉑님께,마루쉑님 독서실 어디 다님뇨..?,ㅇㅇ (223.39) 2023.07.01 15:23:23 스크랩 조회 125 추천 0 댓글 4,0,125,2023.07.01 15:23:23,https://gall.dcinside.com/mgallery/board/view/?id=goseongjungang&no=1437&page=14
14,1436,[일반],여러분 ㅎㅇㅌ,5개월뒤 봐요 - dc official App,오비탈 2023.06.30 17:28:28 스크랩 조회 78 추천 3 댓글 0,3,78,2023.06.30 17:28:28,https://gall.dcinside.com/mgallery/board/view/?id=goseongjungang&no=1436&page=14
14,1434,[일반],11월 17일 념글,니들은 수능을 ㅋㅋ,ㅇㅇ (223.38) 2023.06.30 12:37:19 스크랩 조회 68 추천 2 댓글 0,2,68,2023.06.30 12:37:19,https://gall.dcinside.com/mgallery/board/view/?id=goseongjungang&no=1434&page=14
14,1432,[일반],수학은 오직....,윤석열 닮은 정병훈,ㅇㅇ (182.231) 2023.06.30 12:12:36 스크랩 조회 116 추천 5 댓글 1,5,116,2023.06.30 12:12:36,https://gall.dcinside.com/mgallery/board/view/?id=goseongjungang&no=1432&page=14
14,1430,[💩똥글],할카스,ㅇ,ㅇㅇ (182.231) 2023.06.29 14:26:54 스크랩 조회 105 추천 2 댓글 2,2,105,2023.06.29 14:26:54,https://gall.dcinside.com/mgallery/board/view/?id=goseongjungang&no=1430&page=14
14,1426,[❓️질문],급함) 기숙사 프린트 어디서 함??,프린트 할려는데 잉크가 없노… - dc official App,오비탈 2023.06.27 11:38:45 스크랩 조회 130 추천 0 댓글 3,0,130,2023.06.27 11:38:45,https://gall.dcinside.com/mgallery/board/view/?id=goseongjungang&no=1426&page=14
14,1425,[일반],사교육 없애는법,사교육 금지 팩트) 과외 금지한 전두환 자식도 과외를 받았다,지리산 2023.06.27 10:15:09 스크랩 조회 105 추천 0 댓글 1,0,105,2023.06.27 10:15:09,https://gall.dcinside.com/mgallery/board/view/?id=goseongjungang&no=1425&page=14
14,1424,[일반],일단 삼도극 안나와서 기분좋네,저새끼 평가원 실전에서 푼적 한번도 없었는데 ㄹㅇ 잘됐노 꼬면 한도끝도 없이 산으로 가버리는 문제 ㅇㅇ 근사충 컷! - dc official App,오비탈 2023.06.26 23:15:22 스크랩 조회 79 추천 0 댓글 0,0,79,2023.06.26 23:15:22,https://gall.dcinside.com/mgallery/board/view/?id=goseongjungang&no=1424&page=14
14,1423,[일반],수능이 학력고사처럼 돼서 기분좋은 틀딱이면 비추 ㅋㅋ,에휴 씨발,지리산 2023.06.26 21:06:13 스크랩 조회 73 추천 0 댓글 0,0,73,2023.06.26 21:06:13,https://gall.dcinside.com/mgallery/board/view/?id=goseongjungang&no=1423&page=14
14,1422,[🖥정보],수능 검열 문제,어케 되어간다는 건지.. 참 - dc official App,오비탈 2023.06.26 19:02:38 스크랩 조회 110 추천 2 댓글 2,2,110,2023.06.26 19:02:38,https://gall.dcinside.com/mgallery/board/view/?id=goseongjungang&no=1422&page=14
14,1421,[일반],진짜 ㅋㅋㅋ,"https://n.news.naver.com/article/056/0011511476?sid=102 내일 사교육비 경감 대책 발표…“‘킬러 문항’ 공개” 정부가 내일 사교육비 경감 종합대책을 발표합니다. 특히 최고난도 문제, 이른바 '킬러 문항'이 무엇이고 왜 문제가 되는지도 소상히 밝힐 예정입니다. 송락규 기자가 보도합니다. [리포트] 교육과정 밖 내용을 수능 출제 n.news.naver.com 나도 푸는 킬러 문제를 교수가 못 풀거같냐?? 이 틀딱년들 ㄹㅇ",정병호훈 2023.06.26 11:09:00 스크랩 조회 80 추천 0 댓글 0,0,80,2023.06.26 11:09:00,https://gall.dcinside.com/mgallery/board/view/?id=goseongjungang&no=1421&page=14
14,1419,[일반],9평의전사들 학교 let's go,캬캬캬,지리산 2023.06.26 10:12:44 스크랩 조회 89 추천 0 댓글 0,0,89,2023.06.26 10:12:44,https://gall.dcinside.com/mgallery/board/view/?id=goseongjungang&no=1419&page=14
14,1418,[일반],2학기때 고3 수업 빠지고 공부하는거 ㄹㅇ ㅆㅅㅌㅊ긴 함,이게 다른 철고 고고에선 꿈도 못 꾸는 중앙고만의 특권임 ㄹㅇ 교장이 수능을 좀 많이 밀어줘서 맘만 먹으면 ㄹㅇ 잘할수 있다. 분명 상위권 애들도 선생님들 가스라이팅 무시하고 수업 째고 수능 공부할거라 눈치안보고 공부할 공간 만들 수 있다. 물론 틀딱병신교사가 허락 안해줄수도 있지만 교장이 해줘라 했다 하면 일단 봐줄거임 근데 나중 돼서 여자애들 사석화된건 좀 꼽긴 했다 그래도 교실이 한개만은 아닐테니까 상관없을듯?,지리산 2023.06.26 10:10:15 스크랩 조회 556 추천 0 댓글 1,0,556,2023.06.26 10:10:15,https://gall.dcinside.com/mgallery/board/view/?id=goseongjungang&no=1418&page=14
14,1417,[일반],게이들이 인생에대해서 진지하게 고민해보는걸 추천 한다,"사람은 참 신기하다. 목표가 확고하다면 그 목표를 위해 달린다. 목표가 없다면 일단은 무언가를 해보려 해도 금방 의욕을 잃는다. 지금 게이들이 공부하는 이유는 뭔가? 그냥 부모님이, 선생님이 시켜서인가? 그건 절대 이유가 될 수 없다. 스스로를 움직이게 하는 동력이 있어야한다. 그건 외부에서 어떻게 할수있는게아니다. 설령 외부에서 강제로 밀어서 어떤 결과를 성취했다 치자, 그건 니가 성취한 게 맞을까? 스스로의 의지에 의해서 한 행동으로 성공한 것이라야 진정한 성공이다. 물론 지금 중간고사 기간에 바쁘지만, 잠깐은 내가 공부를 왜 하는가를 진지하게 생각해보면 좋겠다고 생각한다. 인생에서 이게 정말 필요한 공부인가를 고민했으면 한다. '인생 사는데 한국사가 왜 필요하니 미분적분이 왜 필요하니' 하는 빡통(서울대생이 이런다면 일리가 있을지 몰라도 이런 말을 하는 사람 대다수가 5등급 이하다)같은 소리가 아니라 너의 인생 목표를 위해 필요한 자격을 얻는 데 필요한 공부가 맞는지 생각해보라는 뜻이다. 여기서 자격은 말 그대로 자격증일 수도 있지만 대학이나 그 이외 경험같은 모든 수단을 말한다. 이런 수단을 얻는 데에 공부가 필요하다면 최선을 다해 해라. 학교 공부가 단지 고통이 아니라 자신의 목표를 이루기 위한 발판이 된다면 더 열심히 할 수 있을 것이라 생각한다. 그런데 그게 아니라면, 정말 아무런 관련이 없다면 접어도 좋긴 하다. 다만 그 선택을 인생에서 후회하지 않을 자신이 있으면. 예를 들어 '자신의 재능을 알지도 못하면서 갑자기 학업을 버리고 예체능에 올인했는데 사실 재능이 없어서 인생 망했다'와 같은 일을 겪을까 두려워한다면 억지로라도 공부해라. 시간은 아직 많으니까. 굳이 이런 말을 하는 이유는 그래도 학교 공부는 놓지 말라는 뜻이다. 웬만하면 후회할테니까. 진짜 너한테 엄청난 재능이 얼마나 있겠냐. 차라리 공부가 제일 그나마 재능을 안타서 공부하는게 가성비가 낫다. 물론 이유없이 공부하니 고통스럽겠지. 결국 목표가 확고해야 노력을 하게 된다는말이다. 이 글을 본 앙붕이들이 인생 설계를 진지하게 해봤으면 한다. 주접떠는거라고 생각하지 말고 공부를 하기 위한 밑준비라 생각해서 한번 해보자.",ㅇㅇ (223.38) 2023.06.26 01:32:15 스크랩 조회 448 추천 5 댓글 2,5,448,2023.06.26 01:32:15,https://gall.dcinside.com/mgallery/board/view/?id=goseongjungang&no=1417&page=14
14,1416,[❓️질문],수능 메이저 의대 실력 vs 롤 프로데뷔 실력,머가짐? - dc official App,오비탈 2023.06.24 19:06:29 스크랩 조회 144 추천 0 댓글 7,0,144,2023.06.24 19:06:29,https://gall.dcinside.com/mgallery/board/view/?id=goseongjungang&no=1416&page=14
14,1415,[❓️질문],2학기 때 수업 빠지고 자습 가능?,ㅈㄱㄴ - dc official App,ㅇㅇ (118.39) 2023.06.24 19:03:56 스크랩 조회 123 추천 1 댓글 5,1,123,2023.06.24 19:03:56,https://gall.dcinside.com/mgallery/board/view/?id=goseongjungang&no=1415&page=14
14,1414,[일반],앙붕이 정모,왼쪽에 얼굴 반만 나온게 전데 정말 즐거웠습니다! - dc official App,아쎄이 2023.06.23 10:11:15 스크랩 조회 109 추천 3 댓글 2,3,109,2023.06.23 10:11:15,https://gall.dcinside.com/mgallery/board/view/?id=goseongjungang&no=1414&page=14
14,1413,[💩똥글],실시간 앙붕이 ㅈ됐다,도망가야해서 질문 못 받음 - dc official App,아쎄이 2023.06.22 11:19:20 스크랩 조회 174 추천 5 댓글 0,5,174,2023.06.22 11:19:20,https://gall.dcinside.com/mgallery/board/view/?id=goseongjungang&no=1413&page=14
14,1412,[일반],평가원장 사퇴...평가원장 사퇴...평가원장 사퇴...,애미 씨ㅣㅣㅣㅣ발 수능을 ㄹㅇ 학력고사로 만들셈인가,지리산 2023.06.19 18:48:09 스크랩 조회 98 추천 1 댓글 1,1,98,2023.06.19 18:48:09,https://gall.dcinside.com/mgallery/board/view/?id=goseongjungang&no=1412&page=14
15,1411,[일반],윤석열 특징) 수능 국어 7등급 나옴,본고사도 물로켓이었노,지리산 2023.06.19 10:17:59 스크랩 조회 115 추천 0 댓글 0,0,115,2023.06.19 10:17:59,https://gall.dcinside.com/mgallery/board/view/?id=goseongjungang&no=1411&page=15
15,1410,[일반],장관 말 듣고 한게 맞나보네,논란일자 남탓 바로 시전하는거 보면 추하긴 한데 장관 의견이 아닌건 아닌듯 수능폐지론자 씹새끼 좀 짤라라,지리산 2023.06.19 02:29:00 스크랩 조회 86 추천 0 댓글 0,0,86,2023.06.19 02:29:00,https://gall.dcinside.com/mgallery/board/view/?id=goseongjungang&no=1410&page=15
15,1409,[일반],시발 굥석열 뉴스 이제봤네,솔직히 수능만큼 공평한거 없는데 왜 자꾸 건들려고 하노 년도별/선생님별 차이 존나 심한 내신이 사실 진짜 불공정한건데 - dc official App,중앙고갤러리 2023.06.18 21:10:19 스크랩 조회 108 추천 0 댓글 1,0,108,2023.06.18 21:10:19,https://gall.dcinside.com/mgallery/board/view/?id=goseongjungang&no=1409&page=15
15,1408,[💩똥글],실시간 기숙사 개 좆된거같다(혐주의),오자마자 바선생 두마리 날아다님 시발 두마리 돌아다닐 정도면 이미.... - dc official App,중앙고갤러리 2023.06.18 21:05:15 스크랩 조회 199 추천 2 댓글 3,2,199,2023.06.18 21:05:15,https://gall.dcinside.com/mgallery/board/view/?id=goseongjungang&no=1408&page=15
15,1407,[일반],교육부장관이 다 주도하는건가보네,교육부장관이 하자 하니꺼 윤석열 이 병신년이 그대로 믿고 가는건가보네 이 씹새끼,지리산 2023.06.18 10:44:21 스크랩 조회 70 추천 0 댓글 0,0,70,2023.06.18 10:44:21,https://gall.dcinside.com/mgallery/board/view/?id=goseongjungang&no=1407&page=15
15,1406,[일반],근데 별 차이 없을거임,대통령실에서 바로 한발 물러서서,지리산 2023.06.17 13:16:48 스크랩 조회 77 추천 0 댓글 0,0,77,2023.06.17 13:16:48,https://gall.dcinside.com/mgallery/board/view/?id=goseongjungang&no=1406&page=15
15,1405,[일반],윤석열 이번 일은 좀 어이가 없네 ㄹㅇ,"씨발 교육은 전문가한테 맡기라고!!!! 독해력과 수리논리력 중심 국어 수학 좀 건드리지 말라고 고전문학, 국뽕사관, 실험도 안하는 실험단원, 교과서 달달달처외우기 이런 개좆병신같은 공교육이 문제라는 생각은 안하고 애먼 수능만 맨날 건드리네 좌빨들이 맨날 교육의 평등~ 인성교육부재~ 킬러문제OUT~ ㅇㅈㄹ하면서 공교육 다 조져놓는데 보수 이 장애련들은 갑자기 공교육이랑 안맞다면서 수능을 줘패고있노 사교육 잡을거면 공교육을 정상적으로 만들어야지 교과서는 잘 만들어놓고도 활용은 못하고 맨날 이상한 교육이나 시키고 별 쓸데없는 활동만 하고 창의융합진로어쩌구 해서 인생에 ㄹㅇ 쓸데없는거 가르치는게 맞냐? 교육 시스템을 언어논리력과 수리논리력 향상에 초점을 맞춰서 각 학교에서 그런 식으로 교육을 해야지 맨날 쓸데없는거만 암기시키니까  공교육이랑 수능이랑 괴리 생기고 차이 벌어지고 사교육이 흥하지 교육 칼질한다면서 수능을 건드리노 제발 대통령각하 정신좀 차리세요 씨발 지금 수능이 개병신시험 joat 학력고사냐고",지리산 2023.06.17 13:12:27 스크랩 조회 95 추천 0 댓글 0,0,95,2023.06.17 13:12:27,https://gall.dcinside.com/mgallery/board/view/?id=goseongjungang&no=1405&page=15
15,1403,[일반],시험이 그치니까 과제가 와요!,교수님 저 반수생인데 과제 안내도 A+ 주세요,지리산 2023.06.16 22:17:38 스크랩 조회 88 추천 0 댓글 1,0,88,2023.06.16 22:17:38,https://gall.dcinside.com/mgallery/board/view/?id=goseongjungang&no=1403&page=15
15,1401,[🖥정보],이과생이 풀어주는 6평 세계사,"심심해서 걍 풀어봄 문제가 재밌더라 근현대사 파트인 세계사 15~20번 문제만 풀겠음 15번 시작부터 심상치 않다. 전체 오답률 3위 문제로, 오답률 58.4%를 기록하는 킬러문제. 먼저 한국사 푸는 거랑 비슷하게 자료를 한번 읽어보자 . 여기서 찾을 수 있는 단서는 총 3개정도로 보았다. '슐레지엔, 오스트리아, 미국혁명' 슐레지엔은 과거 독일 동부에 있던 땅으로, 이를 두고 오스트리아와 전쟁을 했다는 건 (가)는 독일, 아니 저때는 프로이센이었으니 프로이센이라고 할 수 있다. 미국 혁명을 보면 대충 18세기 정도에 일어났으니 시기도 얼추 맞다. 선지를 확인해보자 1. 라인 연방의 일원이었다. =>라인연방은 대충 독일 남부에 있는 나폴레옹이 프로이센에 대항할려고 만든 연맹첸데, 여기에는 프로이센이 포함이 되어있지 않았다. 그래서 이 선지는 거름. 2. 프랑스 혁명전쟁의 교전국이었다. => 프랑스 혁명전쟁이란 프랑스 혁명에 충격을 받은 유럽 각 국가가 프랑스에 대항하기 위한 동맹을 이루었었는데 프랑스가 이 동맹들과 전쟁을 했었다. 이 동맹에는 프로이센, 오스트리아, 스페인 등이 있었다. 따라서 2번이 맞다. 3. 요제프 2세가 내정개혁을 주도하였다. => 요제프 2세는 신성로마제국 시대 인물이다. 따라서 이 선지도 거름. 4. 사르뎨나 왕국으로부터 니스 등을 할양받았다. => 니스는 지금 프랑스 동남부 지역에 있는 도시, 따라서 이 선지도 거름. 5. 호르무즈, 마카오 등의 거점 항구를 장악하였다. => 포르투갈 얘기임. 세계사를 하는 사람이라면 마카오면 포르투갈이라고 바로 알아차려야 한다. 따라서 답은 2번. 16번 바르샤바 조약기구에 대한 내용이다. 1. 유로를 단일 화폐로 채택하였어요. => EU에 관한 이야기 2. 브레턴우즈 회의의 결과로 탄생하였어요. => IMF에 대한 얘기다. 나도 첨 알음;  국어 기출을 푸셨다면 브레턴우즈라는 이름은 잘 알 것이다 ㅋㅋ 3. 5개 상임 이사국에 거부권을 부여하였어요. => 상임 이사국이므로 UN인걸 알 수 있다. 4. 북대서양 조약 기구 [NATO]와 대립하였어요. => 자유진영 NATO 회원국 vs 공산진영 바르샤바 조약기구 회원국 이었으므로 맞다. 5. 윌슨의 제안으로 파리 강화 회의 직후 창설되었어요. => 국제연맹에 대한 얘기로, 2차대전 전까지 1차대전 후 각 국가들이 전쟁을 막기 위해 설립한 기구이다. 따라서 답은 4번 17번 사쓰마 번과 조슈 번, 막부 붕괴로 보아 새로운 정부 는 일본 메이지 정부 수립에 관한 내용임을 알 수 있다. 이는 동아시아사에도 나오는 범위이다. 1. 견당사를 파견하였다. => 일본이 당나라에 파견한 사절. 당나라 시대 내용이니 패스 2. 무가제법도를 반포하였다. => 나도 모른다 걍 패스 3. 다이카 개신을 단행하였다. => 이도 대충 삼국시대쯤에 있었던 내용으로 기억한다. 패스 4. 봉건적 신분제를 폐지하였다. => 메이지 정부가 근대화를 하는 과정에서 신분제를 폐지했다. 따라서 이 선지가 맞다. 5. 명과 감합 무역을 실시하였다. => 무로미치 막부 시대 이야기이다. 패스 따라서 답은 4번 18번 마른 전투, 참호, 오스만제국과 동맹국을 보아 1차 세계대전에 관한 이야기 임을 알 수 있다. 1. 프랑스 제 2 제정을 붕괴시켰다. => 1870년 보불전쟁에서 프랑스가 독일(프로이센)한테 발려서 2 제정이 붕괴되었다. 따라서 패스 2. 포츠머스 조약으로 마무리 되었다. => 러일전쟁에 관한 내용이다. 한국사에도 나오는 내용 3. 사라에보 사건을 발단으로 시작되었다. => 세계사를 하는 사람이라면 1차세계대전과 사라예보 사건은 세트로 외워놔야 한다. 세르비아 청년이 오스트리아 황태자를 총으로 쏴 죽인 사건을 사라예보 사건이라 하는데, 이에 오스트리아-헝가리 제국이 세르비아에 선전포고하면서 발생한 전쟁이 1차세계대전이다. 4. 원자 폭탄의 투하를 계기로 종결되었다. => 2차대전에 관한 내용이다. 히로시마와 나가사키에 떨어졌다. 5. 신성 로마 제국의 해체에 영향을 주었다. => 독일제국보다도 이전에 일어났던 일이므로 패스 답은 3번 19번 오답률 1위 문제. 오답률이 무려 68.6%로 존나게 높은 세계사의 킬러 문제다. 하지만 하츠오브아이언4이라는 게임을 한다면 3초만에 풀 수 있다. 1차대전 당시의 아프리카 지도이다. 에티오피아와 라이베리아를 제외한 지역은 싹 다 열강들의 식민지가 되어버린 모습이다. 여기서 문제에서 나온 (가)가 지배한 나미비아, 탄자니아, 카메룬 등의 지역은 독일 제국의 식민지였으며 (나)가 지배한 리비아, 에리트리아, 소말리아는 이탈리아의 식민지였다. 따라서 (가)는 독일제국, (나)는 이탈리아 왕국이었음을 알 수 있다. 여기서 선지를 살펴보자. 1. 이란을 침략하여 분할하였다. => 2차대전 당시 일로 기억하는데, 영국과 소련이 소련에 대한 지원루트를 확보한다고 이란을 공격해 분할 통치 하였다. (양아치) 2. 모로코를 둘러싸고 두 차례 대립하였다. => 독일과 영국,프랑스,스페인 간 갈등이다. 독일 확장 막을려고 갈등했다고 보면 된다. 3. 얄타 회담에 참여하여 전후 처리를 논의하였다. => 2차대전 말기 전후 처리를 논의하기 위해 영국, 미국, 소련 정상이 만났었다. 4. 아프리카 식민화 과정에서 파쇼다 사건으로 충돌하였다. => 영국과 프랑스간의 충돌이다. 5. 오스트리아-헝가리 제국과 함께 3국 동맹을 결성하였다. => 영국, 프랑스, 러시아의 3국 협상에 맞선 독일, 오스트리아-헝가리, 이탈리아의 3국 동맹이 있었다. 하지만 우리 이탈리아는 이 3국 동맹에서 탈주하고 1차대전에서 협상국 편으로 참전한다. 따라서 이 선지가 맞다. 따라서 답은 5번 20번 음.. 나도 모르는데 하지만 풀 수 있다. 식민주의, 그리고 참가국인 아시아와 아프리카라는 키워드를 볼 때 대충 저게 식민지배 당했던 국가들간 만나서 협력하는 곳임을 알 수 있다. 선지를 보면 1. 빈 체제를 성립시켰다. => 나폴레옹이 망한 뒤에 영국, 러시아 같은 승전국들이 만든 체제이다. 2. 대서양 헌장을 공표하였다. => 대충 2차대전 얘기 3. 평화 10원칙을 발표하였다. => 평화 어쩌고 자료에서 나왔으니까 이게 맞지 않을까. 4. 마스트리흐트 조약을 체결하였다. => 유럽연합에 관한 얘기 5. 전략 무기 제한 협정[SALT]를 맺었다. => ㅁㄹ 냉전시대 얘기 아닐까 답은 3번인거 같은데.. 예 맞네요 허허 세계사를 하는새기가 고성에 존재는 할려나는 모르겠는데, 뭐 있으면 도움이 되었길 바람. 결론) 킹갓 세계사 하자",오비탈 2023.06.16 21:08:57 스크랩 조회 386 추천 7 댓글 1,7,386,2023.06.16 21:08:57,https://gall.dcinside.com/mgallery/board/view/?id=goseongjungang&no=1401&page=15
15,1400,[일반],윤석열 대통령님 제발 딴 과목은 제 알바가 아니고,개 씨발 애미 뒤진 과학탐구 난이도만은 어떻게 해주세요 ㅠㅠ,오비탈 2023.06.16 19:26:23 스크랩 조회 108 추천 0 댓글 0,0,108,2023.06.16 19:26:23,https://gall.dcinside.com/mgallery/board/view/?id=goseongjungang&no=1400&page=15
15,1399,[일반],지금 여기는 학교는,천둥이 심하게 쳐서 경보가 울리고 경찰차와 소방차가 왔다 - dc official App,ㅇㅇ (211.251) 2023.06.15 14:30:56 스크랩 조회 124 추천 1 댓글 2,1,124,2023.06.15 14:30:56,https://gall.dcinside.com/mgallery/board/view/?id=goseongjungang&no=1399&page=15
15,1398,[일반],나도 함 문제나 만들어볼까,재밌을거 같은디 - dc official App,오비탈 2023.06.11 18:15:48 스크랩 조회 82 추천 0 댓글 1,0,82,2023.06.11 18:15:48,https://gall.dcinside.com/mgallery/board/view/?id=goseongjungang&no=1398&page=15
15,1396,[✨리뷰],성능좋은 중국산 이어폰,QCY T17 티몬에서 19112원에 구매 대성마이맥에서 인강이랑 같이 받은 버즈 처음엔 번개장터에 팔려고 했는데 집에서 몰래 영상물 볼때 쓰면 좋을거같아서 그때부터 계속 쓰고있었음 근데 친구 집에 놀라갔다가 버스에서 버즈를 잃어버렸다. 그래서 한동안 유튜브도 못보고 트위치도 못보고 살았는데 대학 친구가 qcy 수준이 전문가 수준이라고 해서 구매 중국 산지직송이라 오래걸렸음 기능 케이스에서 꺼내고 넣을때 자동 블루투스 연결/해제 탭 기능(오래 누르면 다음으로 넘어가고 두번 누르면 정지) 편의성 앱 사용 가능 버즈2와 비교 장점: 1. 귀에서 잘 안빠짐. 버즈2 이 병신은 끼고 걷기만 해도 빠진다. 2. 가격이 쌈. 물론 버즈는 인강에 딸려온거긴 한데 갖고다닐때의 부담이 훨씬 덜함 단점: 1. 귀가 아픔. 버즈와 반대되는 특성인데 안빠지는대신 귀에 압력이 가해져서 잘못 끼우면 아프다. 잘 맞춰서 끼워야됨 2. 중국산이다. 버즈는 갤럭시 기본 연동돼서 개편했는데 중국산 앱 깔자니 꺼림칙해서 안깔고 그냥 기본 기능만 쓰고있다. 요즘도 대성마이맥이 버즈 주는지 모르겠는데 대성 생각없고 음질 별로 신경 안쓰면 괜찮다고 생각한다. 삼성이 무슨무슨 스피커 ㅎ히사 인수했다 하는데도 이거랑 버즈랑 별 차이는 없는듯,지리산 2023.06.11 01:47:09 스크랩 조회 177 추천 0 댓글 1,0,177,2023.06.11 01:47:09,https://gall.dcinside.com/mgallery/board/view/?id=goseongjungang&no=1396&page=15
15,1394,[🖥정보],빡쌤의 수학 수업 2,"반갑다. 다시 돌아온 빡샘이다. 오늘은 여러분들이 주변에서 많이 들었고 이미 알만한 내용 하나더 가지고왔다. 바로, 3 ×변곡점이다 . 일단 이거는 많이 들어봤을것이다. 하지만 잘모르는 사람이 있을 수 있다. 그래서 내가 설명하려고 다시 나타난것이다. 그래서 3×변곡점이 뭐냐? 바로 근과 계수와의 관계 변형이라 보면된다. 삼차함수에서 3 근의 합은 변곡점 ×3을 한거랑 같다는 말이다. 증명은 내가 밑에서 해주겠다. 일단 상황하나를 가정해보겠다. 그림은 못그렸지만 이런 상황이 있다고 가정해보자. 그럼 -1과 2사이 저 x축과 평행한 직선이 삼차함수와 만나는점을 바로 구할수있다. 변곡점×3=-1+a+7이다.  변곡점 좌표 2를 대입하면 a=0임을 알수있다. 이처럼 변곡점을 알때 다른점을 구하는 방법이다. 또 다른 상황으로는 이 상황에서 변곡점 a의 좌표를 쉽게 구할수있다. 위에 공식을 그대로 적용하면 3×a= -1+4+6=9 a=3으로 변곡점 좌표를 쉽게 구할수있게 된다. 그럼 이게 왜 성립이 되는것인가? 바로 대칭성 때문이다. 삼차함수는 변곡점에 대하여 점 대칭이다. 그렇다는 말은 삼차함수를 y축 방향으로 평행 이동한 후 변곡점 좌표를 (a,0)으로 잡으면 다른 두 근은 a에서 정확히 같은 값만큼 차이가 난다. 그래서 k만큼 차이가 난다고 치면 서로 다른 3근은 a-k, a, a+k가 된다. 그럼 3근의 합은 3a가 되고 이게 바로 3×변곡점이다. 그리고 또 다른상황으로는 삼차함수 f(x)=x³-9x²+•••••• 일때 이 함수의 변곡점은 3인것을 바로 알수있다. 바로 근과 계수와의 관계로 3근의 합이9인것을 알수있으니 바로 찾을 수 있다. 여러분들도 이제 어디서 주워듣지만 말고 정확히 3×변곡점을 알고 활용하기 바란다. 오늘 수업은 여기까지다. ​다음 수업은 n축을 알려줄까 한다. 일단 다들 긴글읽느라 수고했다. 그럼 이만. 감사합니다.",빡쌤 (211.46) 2023.06.11 00:16:59 스크랩 조회 327 추천 7 댓글 6,7,327,2023.06.11 00:16:59,https://gall.dcinside.com/mgallery/board/view/?id=goseongjungang&no=1394&page=15
15,1393,[일반],(Team 마루쉨 ) 문항 공모 합니다.,내가 직접 만들어옴 ㅁㅌㅊ?? - dc official App,오비탈 2023.06.10 18:58:25 스크랩 조회 127 추천 0 댓글 1,0,127,2023.06.10 18:58:25,https://gall.dcinside.com/mgallery/board/view/?id=goseongjungang&no=1393&page=15
15,1391,[❓️질문],무슨 일 있나요?,방금 전투기 5~6대 정도 지나가던데 - dc official App,ㅇㅇ (223.39) 2023.06.09 17:59:59 스크랩 조회 112 추천 0 댓글 2,0,112,2023.06.09 17:59:59,https://gall.dcinside.com/mgallery/board/view/?id=goseongjungang&no=1391&page=15
15,1390,[🖥정보],빡쌤의 수학 수업 1,"반갑다 앙붕이들아 나는 오늘부터 수학의 꿀팁들을 알려줄 빡쌤이다. 오늘은 첫수업이니 다들 알수도있을만한 내용을 알려주겠다. 오늘 알려줄내용은 ​극댓값과 극솟값을 알고 극점의 x좌표 한점을 알때 다른 극점의 x값을 빨리 찾는법이다.​ ​ 이건 알고 있는 사람이 많겠지만 그래도 알려주겠다. 일단 한 상황을 가정해보겠다. 최고차항의 계수가 1/3인 삼차함수가 아래그림 처럼있을때 여기서 앙붕이들은 a를 어떻게 구할것인가 대부분은 사람은 f'(x)를 구한뒤 적분하고 대입해서 a를 구할것이다. 아니면 비율관계를 써서 f(x) 식 세팅을 할수도 있다. 하지만 난 그런 귀찮은 방법은 안쓴다. 그럼 어떻게 푸냐고??? 이차함수의 넓이공식을 쓸것이다. 여기서 몇명은 이해 할것이고 몇명은 이해 못했을것이다. 내가 설명해주자면 f'(x)는 이차함수이다. 그리고 f'(x)=0의 근도 알고있다. 이때 f'(x)를 0부터 a까지 적분하면 f(0)-f(a) 의 값이 나오겠지 f(0)-f(a)=36이다. 그럼 넓이 공식을 이용해 a값을 구해보면 1×a³/6= 36, a=6 인걸 빠르게 구할 수 있다. 이것은 사차함수에도 활용 가능하다. 최고차항의 계수가 1인 사차함수의 그래프가 아래와같을때 a의 값을 구하여라. 이러한 문제도 삼차함수의 넓이 공식을 이용하면 간단하다. 일단 극대와 극소의 차는 16이다. 일단 우리가 삼차함수의 넓이 공식을 이용할거다. 하지만 f'(x)을 3부터 a까지 적분하면0 이다. 그럼 어떻게 구할것인가. 바로 특수특수개특수 상황인 함수이므로 대칭성을 이용하면 이 함수의 극댓값의 x좌표가 (3+a)/2인걸 알수있다. 그럼 f'(x)를 3부터 (3+a)/2까지 적분하면 16이다. 여기서 넓이공식을 이용하면 4×{(a-3)/2}⁴×1/4=16 식정리를하면 (a-3)⁴/2⁴=16 (a-3)⁴=2⁸ 이므로 a=5인것을 구할수있다. 오늘의 수업은 여기까지하겠다. 내가 수업을 하면서 팁을 몇개씩 알려줄테니 다들 수학 포기하지말고 다같이 24수능을 자신의 날로 만들기 바란다. 마지막으로 수업을 한뒤 자작문제를 올려줄테니 다들 풀어보기 바란다. 답은 댓을 남기면 맞는지 틀린지 확인해주겠다. 문제 오타 고치기 귀찮으니깐 가 조건 응->은 으로 잘 읽어라.",빡쌤 (211.46) 2023.06.09 03:37:12 스크랩 조회 787 추천 7 댓글 4,7,787,2023.06.09 03:37:12,https://gall.dcinside.com/mgallery/board/view/?id=goseongjungang&no=1390&page=15
15,1389,[❓️질문],학생들아 혹시 모 선생 아직도 연금타령하고있냐,자기는 연금 낸만큼도 못받아서 억울하다면서 학생들 부럽다고 몇번이나 말하는데 지금 학생들 미래가 더 10chang낫는데 계속 그러는거 보고 어이터지더라 맨날 좌파인거 티내면서 거짓정보로 학생들 선동하는 악질 교사 ㅇㅇ,ㅇㅇ (211.234) 2023.06.07 17:06:50 스크랩 조회 245 추천 13 댓글 4,13,245,2023.06.07 17:06:50,https://gall.dcinside.com/mgallery/board/view/?id=goseongjungang&no=1389&page=15
15,1387,[일반],6평 후기는 성적표 나오면 쓸게요,사실 살짝 망함 ㅋㅋㅋㅋ - dc official App,중앙고갤러리 2023.06.06 14:45:06 스크랩 조회 103 추천 0 댓글 1,0,103,2023.06.06 14:45:06,https://gall.dcinside.com/mgallery/board/view/?id=goseongjungang&no=1387&page=15
15,1386,[일반],오늘 6월 6일은 현충일입니다.,"국가를 위해 희생하신 분들을 기리는 날입니다. 현충일 오전 10시에 전국적으로 묵념을 진행합니다. 사이렌이 울리면 꼭 돌아가신 순국선열과 국군장병, 소방관, 경찰관, 공무원 분들의 안녕을 빌며 묵념을 해 주시기 바랍니다.",지리산 2023.06.06 01:31:00 스크랩 조회 85 추천 1 댓글 2,1,85,2023.06.06 01:31:00,https://gall.dcinside.com/mgallery/board/view/?id=goseongjungang&no=1386&page=15
15,1384,[❓️질문],6평 어땟냐 얘들아,현역들의 생생한 후기가 듣고 싶구나 - dc official App,오비탈 2023.06.02 20:31:15 스크랩 조회 102 추천 0 댓글 0,0,102,2023.06.02 20:31:15,https://gall.dcinside.com/mgallery/board/view/?id=goseongjungang&no=1384&page=15
15,1382,[일반],글 못보겠지만 현역 n수생분들 모두 6평 화이팅 응원하겠습니다,나는 과제랑 시험공부에 치이고 프린트당에서 인쇄해야돼서 빨리 못풀듯 ㅇㅇ.....,지리산 2023.06.01 08:03:34 스크랩 조회 89 추천 0 댓글 1,0,89,2023.06.01 08:03:34,https://gall.dcinside.com/mgallery/board/view/?id=goseongjungang&no=1382&page=15
15,1381,[일반],학교에 대깨찢 슨생들 많은 거같다,은근슬쩍쿵 이명박 윤석열 욕하는분들 많음 ㅠㅠ,ㅇㅇ (211.234) 2023.05.31 22:16:34 스크랩 조회 191 추천 7 댓글 1,7,191,2023.05.31 22:16:34,https://gall.dcinside.com/mgallery/board/view/?id=goseongjungang&no=1381&page=15
15,1380,[일반],6평 ㅎㅇㅌ,등급컷이 파악 올라올라가서 등급 볼때 좀 놀랄수도 있긴한데 좌절하지 말고 하던 길 계속 가서 열심히 하면 된다. 좋은 결과 나올 수 있을거다. 응원한다. - dc official App,오비탈 2023.05.31 20:32:57 스크랩 조회 136 추천 7 댓글 1,7,136,2023.05.31 20:32:57,https://gall.dcinside.com/mgallery/board/view/?id=goseongjungang&no=1380&page=15
15,1379,[일반],동아대학교,명문 똥아대로 가자,ㅇㅇ (112.148) 2023.05.31 19:35:28 스크랩 조회 142 추천 5 댓글 1,5,142,2023.05.31 19:35:28,https://gall.dcinside.com/mgallery/board/view/?id=goseongjungang&no=1379&page=15
15,1377,[일반],삼도극에 너무 약한듯,공부를 해야겠구나 - dc official App,오비탈 2023.05.31 01:11:33 스크랩 조회 86 추천 0 댓글 0,0,86,2023.05.31 01:11:33,https://gall.dcinside.com/mgallery/board/view/?id=goseongjungang&no=1377&page=15
15,1375,[일반],요즘 앙고 급식 메뉴 ㅆㅅㅌㅊ인 것 같으면 개추 부탁합니다,나만 맛있냐,ㅇㅇ (211.234) 2023.05.30 10:47:43 스크랩 조회 172 추천 0 댓글 5,0,172,2023.05.30 10:47:43,https://gall.dcinside.com/mgallery/board/view/?id=goseongjungang&no=1375&page=15
15,1374,[💩똥글],6평전 알아야하는 암흑의 스킬,ㅇ,ㅇㅇ (223.38) 2023.05.29 19:09:51 스크랩 조회 242 추천 6 댓글 2,6,242,2023.05.29 19:09:51,https://gall.dcinside.com/mgallery/board/view/?id=goseongjungang&no=1374&page=15
15,1373,[❓️질문],지금도 레벨업 수업 함?,고2한테는 꽤나 유용할 것 같다에요,지리산 2023.05.29 17:37:07 스크랩 조회 113 추천 0 댓글 1,0,113,2023.05.29 17:37:07,https://gall.dcinside.com/mgallery/board/view/?id=goseongjungang&no=1373&page=15
15,1372,[일반],보닌 수많은 시행착오 끝에 술조절을 배움,술 마싰네,물보틀 2023.05.29 01:35:00 스크랩 조회 130 추천 1 댓글 5,1,130,2023.05.29 01:35:00,https://gall.dcinside.com/mgallery/board/view/?id=goseongjungang&no=1372&page=15
15,1371,[일반],대성마이맥 The First 모의고사 풀어봄,국어 89 수학 72 영어 안풀음 국어는 내가 못푼것도 맞는데 문제가 좀 별로였음 일부러 지문을 이상하게 쓴 느낌 수학은 중간에 한 문제 착각해서 30분 날림 그리고 확통은 ㄹㅇ 심각한수준 기출 빡시게 해야할듯,지리산 2023.05.28 19:41:39 스크랩 조회 136 추천 0 댓글 0,0,136,2023.05.28 19:41:39,https://gall.dcinside.com/mgallery/board/view/?id=goseongjungang&no=1371&page=15
15,1370,[일반],죄송합니다.,- dc official App,오비탈 2023.05.28 16:31:20 스크랩 조회 109 추천 0 댓글 1,0,109,2023.05.28 16:31:20,https://gall.dcinside.com/mgallery/board/view/?id=goseongjungang&no=1370&page=15
15,1369,[일반],저번 주말에 중앙고갤러리 주딱 만남,전전 주딱으로서 현 주딱과 학교 앞 CU에서 대담 진행 그리고 앙갤게이한테 선물도 받음 ㄹㅇ굿 근데 대체 이거 정체가 뭐냐,지리산 2023.05.28 00:01:13 스크랩 조회 192 추천 5 댓글 1,5,192,2023.05.28 00:01:13,https://gall.dcinside.com/mgallery/board/view/?id=goseongjungang&no=1369&page=15
15,1367,[일반],수학은 오직 정병호,,정병호훈 2023.05.27 03:54:32 스크랩 조회 85 추천 0 댓글 0,0,85,2023.05.27 03:54:32,https://gall.dcinside.com/mgallery/board/view/?id=goseongjungang&no=1367&page=15
15,1366,[일반],모모노기 카나 vs 우레하라 아이,ㅇ,ㅇㅇ (211.46) 2023.05.26 14:52:40 스크랩 조회 178 추천 0 댓글 3,0,178,2023.05.26 14:52:40,https://gall.dcinside.com/mgallery/board/view/?id=goseongjungang&no=1366&page=15
15,1365,[일반],실명 연상될 수 있는거 쓰지마쉽셔 경대분들,개인정보보호,지리산 2023.05.26 10:05:58 스크랩 조회 116 추천 0 댓글 2,0,116,2023.05.26 10:05:58,https://gall.dcinside.com/mgallery/board/view/?id=goseongjungang&no=1365&page=15
15,1362,[🖥정보],진심으로 수학 인강강사 추천해준다,"1. 정병호 내가 많은 강사 n제 풀어보고 강의를 봤지만 정병호쌤 만한 선생없다. 문제가 계산이 많이 복잡해도 거기서 배워가는게 ㅈㄴ 많음 이 선생님은 ㄹㅇ 팁을 ㅈㄴ 알려줌 배터져 뒤질위기임 걍 수학황이되고싶다면 필수임 추천하는 강의는 프로메테우스,빅포텐 일단 프메는 이름부터 간지임 2.이승효 작년에 오르비에서 강의하던 선생임 내가 오르비 강사는 뒤져도 안믿는데 이승효는 믿고 들었다. 일단 기초개념공사<<<<이게 미쳤음 그냥 노베들 개념때기에 ㅈㄴ 좋은 강의 3.한석원 4의 규칙을 풀면서 느낀거임 일단 ㅈㄴ 정석적임 근데 이해하기도 쉬움 그리고 일단 사람자체가 웃겨서 강의에 집중이 잘됨 들어본사람은 알거임 특유의 말투가 ㄹㅇ 집중력 높혀줌 추천하는 강의는 4의규칙<<<ㄹㅇ n제 처음할때는 이것만한게없음 기출변형문제도 좀 있어서 ㄹㅇ 문제보는 시각을 넓혀줌 일단 수학강사는 이정도만 하겠음 3개 쌤 다 괜찮은 분들이니 들으면 만족할거임 일단 현우진듣는 3끼 무조건 +1임 ㄹㅇ 작수 14번도 풀이 오류내고 수정도 안함 그리고 커리도 ㅈㄴ 없어서 드릴4 6평대비 킬캠까지 다해서 마냥 기다리기 뭐해서 정병호로 갈아탐 현우진은 ㄹㅇ 퇴물이니 참고하셈 그리고 개인적인 커리로는 기초개념공사>프로메테우스>4의규칙>빅포펜 이렇게하고 실모몇개 풀면 ㄹㅇ 수학은 1뜬다",ㅇㅇ (182.231) 2023.05.25 20:58:48 스크랩 조회 13296 추천 16 댓글 1,16,13296,2023.05.25 20:58:48,https://gall.dcinside.com/mgallery/board/view/?id=goseongjungang&no=1362&page=15
15,1357,[🖥정보],속보) 노무현 전 대통령 사,고당시 운지속도 계산,ㅇㅇ (211.234) 2023.05.23 22:11:15 스크랩 조회 127 추천 0 댓글 0,0,127,2023.05.23 22:11:15,https://gall.dcinside.com/mgallery/board/view/?id=goseongjungang&no=1357&page=15
15,1356,[일반],속보) 노무현 전 대통령 사,이버 강의,ㅇㅇ (223.39) 2023.05.23 22:07:24 스크랩 조회 81 추천 0 댓글 0,0,81,2023.05.23 22:07:24,https://gall.dcinside.com/mgallery/board/view/?id=goseongjungang&no=1356&page=15
15,1355,[일반],속보) 노무현 전대통령 사,엘라 싸 티리 비 - dc official App,오비탈 2023.05.23 19:28:52 스크랩 조회 96 추천 0 댓글 0,0,96,2023.05.23 19:28:52,https://gall.dcinside.com/mgallery/board/view/?id=goseongjungang&no=1355&page=15
15,1354,[❓️질문],문학 시간 줄이는 법좀,이 시발련 어케 줄임? - dc official App,오비탈 2023.05.23 16:48:42 스크랩 조회 136 추천 0 댓글 2,0,136,2023.05.23 16:48:42,https://gall.dcinside.com/mgallery/board/view/?id=goseongjungang&no=1354&page=15
15,1353,[일반],속보) 노무현 전 대통령 사,막의 쥐 버나드 몽고메리,ㅇㅇ (223.39) 2023.05.23 11:22:40 스크랩 조회 84 추천 0 댓글 0,0,84,2023.05.23 11:22:40,https://gall.dcinside.com/mgallery/board/view/?id=goseongjungang&no=1353&page=15
15,1349,[일반],봉콘 let’s go,https://www.youtube.com/watch?v=ipXAmloULPU - dc official App,오비탈 2023.05.22 17:56:09 스크랩 조회 88 추천 0 댓글 0,0,88,2023.05.22 17:56:09,https://gall.dcinside.com/mgallery/board/view/?id=goseongjungang&no=1349&page=15
15,1348,[일반],시발 버즈 잃어버렸다,하 유튜브 어케보지,지리산 2023.05.22 17:53:30 스크랩 조회 83 추천 0 댓글 0,0,83,2023.05.22 17:53:30,https://gall.dcinside.com/mgallery/board/view/?id=goseongjungang&no=1348&page=15
15,1347,[일반],내일 그날이네..,흑흑,ㅇㅇ (223.39) 2023.05.22 17:48:27 스크랩 조회 83 추천 0 댓글 0,0,83,2023.05.22 17:48:27,https://gall.dcinside.com/mgallery/board/view/?id=goseongjungang&no=1347&page=15
15,1345,[❓️질문],고성도서관 열람실 ㅁㅌㅊ임?,본인 중학교때 가고 안가서 기억이 안남요,지리산 2023.05.22 00:23:51 스크랩 조회 145 추천 0 댓글 1,0,145,2023.05.22 00:23:51,https://gall.dcinside.com/mgallery/board/view/?id=goseongjungang&no=1345&page=15
15,1344,[❓️질문],방학때 진짜 각잡고 공부하려는데,독서실이나 스카 다닐생각인데 한번도 안가봐서 고성에 갈만한 스카나 독서실 ㅊㅊ좀 이왕이면 가성비면 좋겠음,ㅇㅇ (223.39) 2023.05.21 23:59:45 스크랩 조회 222 추천 5 댓글 4,5,222,2023.05.21 23:59:45,https://gall.dcinside.com/mgallery/board/view/?id=goseongjungang&no=1344&page=15
15,1343,[✅️인증],알바 갔다옴,"참으로 고되구나,, - dc official App",오비탈 2023.05.21 23:05:21 스크랩 조회 91 추천 0 댓글 1,0,91,2023.05.21 23:05:21,https://gall.dcinside.com/mgallery/board/view/?id=goseongjungang&no=1343&page=15
15,1342,[❓️질문],고성 독서실 중에 8시에 여는데 없냐?,아침 첫차 7시고 다음이 10시인데 10시에 나가면 공부 너무 늦게 시작하게됨 근데 독서실 보니까 보통 9시~10시에 열더라 8시 전에 여는 독서실 없노?,지리산 2023.05.21 16:23:45 스크랩 조회 145 추천 0 댓글 3,0,145,2023.05.21 16:23:45,https://gall.dcinside.com/mgallery/board/view/?id=goseongjungang&no=1342&page=15
15,1341,[일반],배고파요,배고파요,지리산 2023.05.21 16:21:12 스크랩 조회 55 추천 1 댓글 0,1,55,2023.05.21 16:21:12,https://gall.dcinside.com/mgallery/board/view/?id=goseongjungang&no=1341&page=15
16,1339,[💩똥글],6평 보기전 재학생들 필수 개념,빡갤에서 나만 보기에는 너무 아까워서 가지고옴 이거보고 여러분들도 6평 화이팅,사칭마 (182.231) 2023.05.19 21:31:23 스크랩 조회 226 추천 9 댓글 1,9,226,2023.05.19 21:31:23,https://gall.dcinside.com/mgallery/board/view/?id=goseongjungang&no=1339&page=16
16,1338,[🖥정보],학과별 성비 목록(본인 대학 기준),"예아 성비도 학과 선택에 중요한 기준 아니겠나? 여기가 전체적으로 남자가 많긴 하지만 그건 공대가 커서 그렇지 학과별 성비는 다른 대학이랑 비슷할거라 예상함 정리 공대는 남초~극남초 상경은 반반~남초 자연은 생명 묻으면 반반 이외 반반~남초 법대(정책, 행정)는 반반 사범은 인문은 여초 자연은 남초 사회는 여초~극여초 인문은 사학과 제외 여초 사학은 반반 취업 안되는 학과는 왜 대체로 여초인걸까 취업 관심 없는걸까",지리산 2023.05.19 15:04:05 스크랩 조회 4615 추천 1 댓글 2,1,4615,2023.05.19 15:04:05,https://gall.dcinside.com/mgallery/board/view/?id=goseongjungang&no=1338&page=16
16,1336,[일반],속보) 노무현 전 대통령 사,이렌 울리며 슈투카 폭격,Reich (223.39) 2023.05.19 14:12:19 스크랩 조회 79 추천 1 댓글 1,1,79,2023.05.19 14:12:19,https://gall.dcinside.com/mgallery/board/view/?id=goseongjungang&no=1336&page=16
16,1333,[일반],중력이 너무 강해져 버렷!...❤+,ㅇ,ㅇㅇ (182.231) 2023.05.19 10:40:33 스크랩 조회 129 추천 4 댓글 3,4,129,2023.05.19 10:40:33,https://gall.dcinside.com/mgallery/board/view/?id=goseongjungang&no=1333&page=16
16,1331,[✅️인증],3개월만에 목표 달성했다,본인은 의지박약에 공부엔 관심 ㅈ도 없는 병신임. 근데 졸업하고 1월 내내 폐인처럼 살다가 이렇게 살면 안되겠다 싶어서 3키로씩 뛰기 시작했다. 처음 뛴 날 21분이 나왔다. 난 나름 잘 뛴 줄 알았다. 근데 찾아보니까 15분은 나와야 한다더라. 그거 보고 나니까 이걸로 만족하는 내가 진짜 병신같더라. 그래서 평균은 나오자는 마인드로 매일 뛰었다. 대학 올라와선 매일은 못했지만 매주 2번씩은 뛰었다. 그리고 어제 드디어 15분을 돌파했다. 뛰는 동안 계속 그냥 멈춰서 쉬고 싶었는데 그러면 내가 너무 병신같이 느껴질 것 같아서 어거지로 뛰었다. 14분 58초. 정지를 늦게 누른걸 감안하면 50초대가 나왔다. 상공했다는 기쁨에 사람들이 있는데도 소리질렀다. 사실 술 마시고 쓴 똥글이고 두사없는거 아는데 너무 기뻐서 써봤다. 이런 의지박약 병신도 결국 목표를 이뤘다. 이 글을 보는 게이들은 나보다 열정이 많은 사람들이라 생각한다. 다들 원하는 목표 충분히 이뤄낼 수 있을 거다. 응원한다.,물보틀 2023.05.17 03:23:59 스크랩 조회 240 추천 7 댓글 4,7,240,2023.05.17 03:23:59,https://gall.dcinside.com/mgallery/board/view/?id=goseongjungang&no=1331&page=16
16,1330,[일반],이게 뭔가를 물어봐야 대답을 해주지 그냥 막연히 글쓰기도 쉽지않음,필요한게 있으면 글 써달라고 말을 하셈,지리산 2023.05.16 23:35:27 스크랩 조회 107 추천 0 댓글 1,0,107,2023.05.16 23:35:27,https://gall.dcinside.com/mgallery/board/view/?id=goseongjungang&no=1330&page=16
16,1328,[일반],5.16 군사혁명 62주년,가난과 절망에 빠져 있는 대한민국을 구한 세기의 영웅 반인반신 GOAT,지리산 2023.05.16 21:03:49 스크랩 조회 77 추천 5 댓글 0,5,77,2023.05.16 21:03:49,https://gall.dcinside.com/mgallery/board/view/?id=goseongjungang&no=1328&page=16
16,1327,[🎵지듣노],ㅈㄷㄴ,https://www.youtube.com/watch?v=7CVj8a69in8 きみが代よは 키미가요와 임의 시대는 千代ちよに八千代やちよに 치요니 야치요니 천 대에 팔천 대에 さざれ石いしの 사자레 이시노 조약돌이 いわおとなりて 이와오토 나리테 바위가 되어서 苔こけのむすまで 코케노 무스마데 이끼가 낄 때까지 - dc official App,오비탈 2023.05.16 17:47:33 스크랩 조회 99 추천 0 댓글 1,0,99,2023.05.16 17:47:33,https://gall.dcinside.com/mgallery/board/view/?id=goseongjungang&no=1327&page=16
16,1325,[일반],다까끼 마사오는 민족반역자다. 친일 매국노 쪽빠리놈.,같은 민족 조선인들을 학살하던 쪽빠리 관동군 장교 다까끼 해방 이후에도 왜놈 칼을 차고 방에 욱일기 걸어놓은 뼛속까지 친일부역자 오늘이 역적놈이 친일반민족 군대로 우리 민족의 민주주의를 짓밟고 암흑기를 연 날이다. 모두 기억하도록.,ㅇㅇ (211.234) 2023.05.16 17:02:10 스크랩 조회 110 추천 1 댓글 2,1,110,2023.05.16 17:02:10,https://gall.dcinside.com/mgallery/board/view/?id=goseongjungang&no=1325&page=16
16,1323,[✨리뷰],어제 먹은 통닭,순살파닭인데 1만6천원에 양 ㅈㄴ 많다 본인 저녁 거르고 9시 반에 먹었는데도 절반쯤 먹고 배 참 그래도 안먹으면 버려야돼서 꾸역꾸역 처넣었다. 그덕에 오늘 아침 안먹음 맛은 ㅅㅌㅊ 다만 다른 후라이드 느낌이 아니라 집에서 튀긴 느낌 염지는 잘 돼있어서 집에서 튀긴것보단 맛있음,지리산 2023.05.15 16:35:12 스크랩 조회 112 추천 3 댓글 1,3,112,2023.05.15 16:35:12,https://gall.dcinside.com/mgallery/board/view/?id=goseongjungang&no=1323&page=16
16,1320,[일반],기숙사에 남은 마지막 낭만,노알라는 사라졌고 이것만 남음.. 그립읍니다.. - dc official App,중앙고갤러리 2023.05.15 02:00:43 스크랩 조회 170 추천 2 댓글 4,2,170,2023.05.15 02:00:43,https://gall.dcinside.com/mgallery/board/view/?id=goseongjungang&no=1320&page=16
16,1319,[🎵지듣노],동유럽의 정당한 지배자,공산당? Nein! 러시아? Nein! 오스만? Nein! 동유럽의 정당한 지배자는 합스부르크 Ya! https://youtu.be/E8HDbtK5fdY 오헝 만들기 ㅈㄴ 어렵네,지리산 2023.05.13 23:32:24 스크랩 조회 99 추천 0 댓글 1,0,99,2023.05.13 23:32:24,https://gall.dcinside.com/mgallery/board/view/?id=goseongjungang&no=1319&page=16
16,1318,[일반],[이벤트] 결과발표,유동이 한명도 참가 안할줄은 예상 못했다. 결과는 중앙고갤러리 싸이버거 오비탈 육개장사발면 그리고 열심히 쓴 중앙고갤러리에게 한양대 스티커 선물 감사합니다,지리산 2023.05.13 23:13:51 스크랩 조회 119 추천 0 댓글 3,0,119,2023.05.13 23:13:51,https://gall.dcinside.com/mgallery/board/view/?id=goseongjungang&no=1318&page=16
16,1317,[일반],저번주에 큰 충격을 받은 일이 있어서 일주일간 제정신이 아니었습니다,이벤트 열어놓고 유기해서 미안합니다,지리산 2023.05.13 23:11:09 스크랩 조회 108 추천 0 댓글 1,0,108,2023.05.13 23:11:09,https://gall.dcinside.com/mgallery/board/view/?id=goseongjungang&no=1317&page=16
16,1315,[✨리뷰],신검 리뷰,사진을 안찍어 놈 ㅈㅅ 어케 하냐면 옷 갈아입고 무슨 엑스레이 사진 찍고 인성검사 비슷한거 하더라 심리상태 같은거 검사하고 쉬운 산수 어휘 퀴즈 이런거 검사함 이런거 ㅋㅋ 근데 병무청 이거 국민당 지지자노? 그립진 않습니다… 나가서 피도 뽑고 오줌 검사도 한다.. 마지막으로 키 몸무게 시력 이런거 재면 끝나더라 3급 뜸 몸무게랑 시력 땜시 현역 판정 받을 때 기분 개 좇같더라… 총평 : 가면 장거리 달리기 이런거 할 줄 알았는데 요즘 군대는 몸만 멀쩡하면 다 끌고가기 때문에 그런거 다 좇까고 안하는 거 같다. 대신 군대가서 뭔 ㅈㄹ 하면 안되기 때문에 체력 검사보다는 심리 검사에 초점을 더 두는 거 같음. - dc official App,오비탈 2023.05.12 10:28:13 스크랩 조회 171 추천 1 댓글 2,1,171,2023.05.12 10:28:13,https://gall.dcinside.com/mgallery/board/view/?id=goseongjungang&no=1315&page=16
16,1312,[✅️인증],앙붕이 신검 왔다…,공익은 무리인가… - dc official App,오비탈 2023.05.09 10:22:31 스크랩 조회 152 추천 1 댓글 2,1,152,2023.05.09 10:22:31,https://gall.dcinside.com/mgallery/board/view/?id=goseongjungang&no=1312&page=16
16,1311,[🎵지듣노],ㅈㄷㄴ,"https://www.youtube.com/watch?v=i-u2TTV22UE 테이- Monologue / 가사 여리고 착해 상처가 많았을 그녀에게 말하는 이별 후의 진심, ‘Monologue’ ‘Monologue’는 2003년 발매한 버즈의 정규앨범 [Morning Of Buzz]의 수록곡으로, 버즈 민경훈의 절친인 테이가 리메이크하여 또 다른 매력의 곡으로 재탄생하였다. ‘Monologu... youtu.be 다 잊었다는 거짓말 또 해버렸죠 내 마음에 그대란 사람 없다고 했죠 너무나 쉽게 잊혀졌다고 이젠 남이라고 서툰 내 사랑에 지쳐 떠난 그대 너무 많이 울려서 잡을 용기조차 낼 수 없었죠 미안해요 내 사랑아 다신 나 같은 사람 만나지 마요 혹시 찾아가도 두 번 다시 나를 허락해주지 마요 그댄 여리고 너무 착해서 싫단 말도 잘 못하는데 많이 부족한 나를 사랑한 그대 이거면 됐어요 더 이상은 그대 불행하지 않도록 나 이쯤에서 없어지는 게 그댈 위한 나의 사랑인걸요 너무 투명해서 때론 불안했죠 제멋대로 살아온 나를 감당할 수 없을 거 같죠 미안해요 내 사랑아 다신 나 같은 사람 만나지 마요 혹시 찾아가도 두 번 다시 나를 허락해주지 마요 그댄 여리고 너무 착해서 싫단 말도 잘 못하는데 고마웠어요 나를 사랑해줘서 나 같은 사람이 두 번 다시 감히 받을 수 없는 사랑 그대 때문에 행복했어요 울지 마요 그대 잘 생각해 봐요 나쁜 일들만 가득했던 우리 다 잊어야 해요 많이 부족한 나를 사랑한 그대 이거면 됐어요 더 이상은 그대 불행하지 않도록 나 이쯤에서 없어지는 게 그댈 위한 나의 사랑인걸요 - dc official App",오비탈 2023.05.08 00:54:10 스크랩 조회 112 추천 3 댓글 1,3,112,2023.05.08 00:54:10,https://gall.dcinside.com/mgallery/board/view/?id=goseongjungang&no=1311&page=16
16,1310,[일반],노래 추천 받습니다~,좋은 노래 많이많이 추천좀 ><,ㅇㅇ (211.205) 2023.05.06 23:38:24 스크랩 조회 121 추천 0 댓글 3,0,121,2023.05.06 23:38:24,https://gall.dcinside.com/mgallery/board/view/?id=goseongjungang&no=1310&page=16
16,1309,[일반],[이벤트] 3모 좆망한 후기/다짐,국/수/영/한지/지과 25424 핑계를 대자면 지과 1~2단원밖에 못끝낸 상태라 점수가 심각하기 짝이 없음. 국어는 공부한 뒤 첫 모고라 긴장타서 10분 날림. 수학은 확통안봄+공부시간 부족 때문에 그냥 망함. 영어는 4등급이긴 한데 단어만 외우고 오른 점수라 뭔가 아쉽진 않았음. 6모때까지 국어 좀 더 보고 수학 확통 끝내고 지과 6단원 마치면 조금 더 오를거 같다. 놀만큼 놀았으니 다시 열심히 해 볼 예정. +이벤트 아무도 참여안하노 좆됐다 게이야.. - dc official App,중앙고갤러리 2023.05.06 21:30:21 스크랩 조회 155 추천 3 댓글 2,3,155,2023.05.06 21:30:21,https://gall.dcinside.com/mgallery/board/view/?id=goseongjungang&no=1309&page=16
16,1308,[일반],노무현 부산대에서 죽었었네,이럴수가 - dc official App,오비탈 2023.05.05 23:54:39 스크랩 조회 113 추천 1 댓글 0,1,113,2023.05.05 23:54:39,https://gall.dcinside.com/mgallery/board/view/?id=goseongjungang&no=1308&page=16
16,1307,[일반],비 ㅈㄴ오네,태풍부는줄,ㅇㅇ (211.205) 2023.05.05 18:55:50 스크랩 조회 96 추천 0 댓글 1,0,96,2023.05.05 18:55:50,https://gall.dcinside.com/mgallery/board/view/?id=goseongjungang&no=1307&page=16
16,1306,[일반],[이벤트] 고려대학교 약학과,화미영화생 31312 ㅇ - dc official App,오비탈 2023.05.04 10:28:32 스크랩 조회 155 추천 0 댓글 0,0,155,2023.05.04 10:28:32,https://gall.dcinside.com/mgallery/board/view/?id=goseongjungang&no=1306&page=16
16,1301,[일반],[이벤트] 어린이날 이벤트 안내❗+❗+❗+❗+,"곧 5월 5일 어린이날이 다가온다. 엄밀한 정의에 따르면 이걸 보고 있는 사람들은 만 13세 이상이므로 어린이가 아니지만 아무튼 휴일이므로 기분 좋은 날이다. 하지만 갤러리의 상황은 그리 기분 좋지가 않다. 아직도 급식 티 못벗고 모교 갤러리에 상주하는 04년생들 빼면 갤러리는 일주일동안 글 하나도 올라오지 않을 정도다. 아무리 재학생들에게 도움 되는 글을 쓰고 싶어도 재학생들이 있지를 않으니 쓸 맛이 안나고, 도움도 안되는 쓰레기통에 있을 이유가 없는 재학생들은 갤에 들어오지 않는 악순환이 벌어진다. 그래서 다 죽어가는 갤러리에 활기를 불어넣기 위해 이벤트를 준비했다. 본인이 2021년 처음 갤러리를 만들때 의도였던 '학업 증진을 위한' 커뮤니티를 제대로 만들기 위해서다. ... 어린 시절, 우리 모두는 꿈을 가지고 있지 않았는가? 미래에 어떤 사람이 될지 그려 보며 행복한 상상을 했을 것이다. 그래서 준비한 고성중앙고 갤러리 어린이날 이벤트!! 참가방법 제목 앞에 [이벤트]라고 쓰고 본문에 본인이 목표로 하는 대학과 학과를 적는다. 그리고 3월 모의고사 등급을 국수영탐탐(예:24244) 순으로 적든지 국+수+탐 누적백분위 %를 적는다. 참고로 학평 성적표에서 누적백분위는 아래와 같다 .(내거아님) 그리고 앞으로의 공부 계획을 적는다. 이건 싫으면 굳이 안적어도 됨. 다만 꿈을 현실화하기 위한 바탕이 되기 때문에 여기에 올리지는 않더라도 한번 계획을 잡아보는게 좋음. 이벤트 기간은 5월 6일 자정까지임 5월 7일 추첨 및 결과 발표 예정 주의사항 1. 반드시 고정닉/반고정닉/집 와이파이로 참가 통신사 IP(데이터네트워크)나 학교 IP로 접속하면 누가 누군지 구별이 불가능하므로 참가 무효임 2. 학력평가에 응시하지 않았다면 참가 불가 이벤트 참가 보상 참가자 중 추첨을 통해 1명에게 싸이버거 세트 선물함 다른 3명은 농심 육개장 사발면 선물 그리고 내가 봤을때 가장 잘 쓴 사람에게 한양대 스티커 선물 이걸 좋아할지는 모르겠지만,, "" 싸이버거는 추첨인데 잘 쓰든말든 알빠노 아님?"" 내가 결과 주작할수도 있는거 아님? 내용 다시 정리 [고성중앙고 갤러리 어린이날 이벤트] 추첨을 통해 1명 싸이버거세트, 3명 CU 육개장사발면 그리고 잘 쓴 한명에게 한양대 스티커 1.제목에 [이벤트]를 붙인다 2. 본문에 목표 대학과 학과를 쓴다. 3. 본문에 3월 학평 등급(국수영탐탐 순)이나 누적백분위(국+수+탐)를 적는다. 데이터 켜거나 학교 와이파이로 하면 안됨. 집에서 집 와이파이로만 참가 5월 6일 자정까지 참가 가능, 5월 7일에 결과 발표 많은 관심 부탁드립니다 그럼 여러분 행운을 빕니다. 이걸 본 학생들 빨리 다른 학생들한테 퍼트려주기 바람 - dc official App",지리산 2023.05.03 12:08:34 스크랩 조회 238 추천 8 댓글 3,8,238,2023.05.03 12:08:34,https://gall.dcinside.com/mgallery/board/view/?id=goseongjungang&no=1301&page=16
16,1296,[일반],글 두개 삭제했음,투기장 하지말랬더니 댓글에서 싸우면 어카노.. 아랫글은 유동분신술이라 보고 같이 지움. - dc official App,중앙고갤러리 2023.05.01 21:33:54 스크랩 조회 112 추천 3 댓글 0,3,112,2023.05.01 21:33:54,https://gall.dcinside.com/mgallery/board/view/?id=goseongjungang&no=1296&page=16
16,1293,[일반],님들 마음은 알겠는데 그만하셈,갤 투기장되는꼴은 못보겠다. 이 위로 싸움조장하는글은 지울거임. - dc official App,중앙고갤러리 2023.05.01 19:48:23 스크랩 조회 272 추천 6 댓글 2,6,272,2023.05.01 19:48:23,https://gall.dcinside.com/mgallery/board/view/?id=goseongjungang&no=1293&page=16
16,1292,[일반],철중 그리우면 개추,ㅈㄱㄴ,ㅇㅇ (118.235) 2023.05.01 19:45:59 스크랩 조회 283 추천 15 댓글 1,15,283,2023.05.01 19:45:59,https://gall.dcinside.com/mgallery/board/view/?id=goseongjungang&no=1292&page=16
16,1291,[일반],121.146 게이야,오늘 학교폭력 예방교육 시간에 쳐 잤노? 그냥 조용히 살다 기어나가면 되는걸 굳이 여기까지 와서 똥글싸노 병신,ㅇㅇ (93.190) 2023.05.01 19:18:24 스크랩 조회 318 추천 12 댓글 3,12,318,2023.05.01 19:18:24,https://gall.dcinside.com/mgallery/board/view/?id=goseongjungang&no=1291&page=16
16,1290,[일반],이시점에 필요한 만화.jpg,출처) 카툰취미갤러리 지존박실짱짱맨,ㅇㅇ (223.38) 2023.05.01 19:16:05 스크랩 조회 179 추천 5 댓글 0,5,179,2023.05.01 19:16:05,https://gall.dcinside.com/mgallery/board/view/?id=goseongjungang&no=1290&page=16
16,1288,[일반],ㅋㅋ시발 갤망했노,담당일찐 관리안하나..,예거 (211.220) 2023.05.01 19:10:50 스크랩 조회 133 추천 2 댓글 0,2,133,2023.05.01 19:10:50,https://gall.dcinside.com/mgallery/board/view/?id=goseongjungang&no=1288&page=16
16,1286,[✅️인증],4월 더프 성적,무보정 1 6 2 1 1 (국사1) 보정 1 3 2 1 1 아무리 무보정이래도 6등급은 너무하노 ㄹㅇ...푼것중에 틀린거 ㅈㄴ 많고 찍은거 다틀림 에휴..,지리산 2023.05.01 14:29:42 스크랩 조회 123 추천 0 댓글 1,0,123,2023.05.01 14:29:42,https://gall.dcinside.com/mgallery/board/view/?id=goseongjungang&no=1286&page=16
16,1285,[일반],4덮 몽땅 풀었다,채점은 내일 캬캬,지리산 2023.04.30 17:19:30 스크랩 조회 90 추천 0 댓글 0,0,90,2023.04.30 17:19:30,https://gall.dcinside.com/mgallery/board/view/?id=goseongjungang&no=1285&page=16
16,1284,[일반],long long time ago~,- dc official App,오비탈 2023.04.30 12:54:11 스크랩 조회 168 추천 6 댓글 2,6,168,2023.04.30 12:54:11,https://gall.dcinside.com/mgallery/board/view/?id=goseongjungang&no=1284&page=16
16,1282,[일반],과탐의 본질에서 가장 벗어난 과목,바로 화학 ㅇㅇ 이새끼는 풀면 풀수록 내가 화학 문제를 푸나 아이큐 테스트 퀴즈를 푸나 헷갈릴 정도임 ㅗ - dc official App,오비탈 2023.04.27 11:58:57 스크랩 조회 156 추천 0 댓글 2,0,156,2023.04.27 11:58:57,https://gall.dcinside.com/mgallery/board/view/?id=goseongjungang&no=1282&page=16
16,1281,[일반],근데 오늘 레전드인게,아침에 기상하라고 틀어준 노래에 하츠네미쿠 노래나오고 시험은 수학밖에 안치고 오늘 좀 뭔가 뭔가네 - dc official App,ㅇㅇ (211.251) 2023.04.26 22:49:08 스크랩 조회 159 추천 3 댓글 6,3,159,2023.04.26 22:49:08,https://gall.dcinside.com/mgallery/board/view/?id=goseongjungang&no=1281&page=16
16,1279,[일반],어린이날 전까지 목표,"4규 복습 완문학, 언매 수특 완 4월 더프 풀기 뉴런 확통 싹 읽어보기 어린이날 이후에 5월 내 완 목표로 드릴이랑 리트 300제 달린다 작년에 아직까지 개때잡 잡고있던거 생각하면 장족의 발전",지리산 2023.04.26 10:54:29 스크랩 조회 95 추천 0 댓글 0,0,95,2023.04.26 10:54:29,https://gall.dcinside.com/mgallery/board/view/?id=goseongjungang&no=1279&page=16
16,1277,[일반],앙붕이들 시험 잘치고 온나,ㅎㅇㅌ - dc official App,오비탈 2023.04.25 09:52:54 스크랩 조회 112 추천 2 댓글 1,2,112,2023.04.25 09:52:54,https://gall.dcinside.com/mgallery/board/view/?id=goseongjungang&no=1277&page=16
16,1276,[일반],제주대 통학하면 9시 수업은 불가능이네,10시수업은 김해공항에서 비행기 타면 돼서 이론상가능,지리산 2023.04.25 01:04:52 스크랩 조회 118 추천 0 댓글 0,0,118,2023.04.25 01:04:52,https://gall.dcinside.com/mgallery/board/view/?id=goseongjungang&no=1276&page=16
16,1275,[일반],여기 주면 가냐?,제주대학교 의예과 대신 고성에서 통학 헤엄쳐서라도 간다- 개추 좇까라- 비추 - dc official App,오비탈 2023.04.24 12:07:13 스크랩 조회 259 추천 8 댓글 3,8,259,2023.04.24 12:07:13,https://gall.dcinside.com/mgallery/board/view/?id=goseongjungang&no=1275&page=16
16,1274,[일반],시험공부 ㅈ도할거없네,전공 진도도 별로 안나가고 문제도 쉽고 족보까지 돌아다니니까 날로먹노 물론 교양은 버린다,지리산 2023.04.23 23:47:13 스크랩 조회 128 추천 0 댓글 1,0,128,2023.04.23 23:47:13,https://gall.dcinside.com/mgallery/board/view/?id=goseongjungang&no=1274&page=16
16,1273,[일반],학교에서 이거 발표해줄 앙붕이 없는가,ㄹㅇㅋㅋ,지리산 2023.04.22 17:27:46 스크랩 조회 157 추천 0 댓글 1,0,157,2023.04.22 17:27:46,https://gall.dcinside.com/mgallery/board/view/?id=goseongjungang&no=1273&page=16
16,1271,[일반],대체 이 야밤에 조회수가 이리 오르냐,유동들 정체를 드러내라,지리산 2023.04.21 00:43:10 스크랩 조회 105 추천 0 댓글 0,0,105,2023.04.21 00:43:10,https://gall.dcinside.com/mgallery/board/view/?id=goseongjungang&no=1271&page=16
16,1270,[✨리뷰],항공모함 리뷰,"4월 1일날 보러 갔었는데 귀찮기도 하고 시험기간이었어서 지금 올림 미항모 니미츠 함이 3월 말부터 4월 초까지 부산항에 있는다고 함 항모 예전부터 되게 보고 싶었는데 부산에 있는김에 한번 보러 가기로 했음 나미츠는 이번 아니면 ㄹㅇ 기회 없을거라 함. 퇴역 준비중이라 마침 공개행사도 한다고 하네? 못참지 ㅋㅋㅋ 니미츠 함 타볼 수 있는 기회를 준거임 개같이 신청하러 갔는데… 시발 벌써 마감 됐더라.. 아니 추첨제 안함? 아니면 홍보 똑바로 하던가 ㅆㅃ 항모는 못타보더라도 구경은 함 해볼라고 혼자서라도 가보기로 함 똑같이 부산대 긱사 진리관 출발 저 당시에도 벚꽃 폈었네, 이쁘당 부산대에서 부산항이 있는 남구 까지 가야 했음 지하철 타고 남구 도착 근처에 경성제국대학 있음 ㄷㄷ 근처 라멘집 들러서 점심 맛있게 먹고 버스 타서 용호동인가? 까지 감 해군작전사령부 도착 어.. 어째서.. 눈물이..? ㄹㅇ 항모 있더라 ㅋㅋㅋ 전투기도 보이고 ㄹㅇ 굿 왼쪽은 구축함? 같은건가 주변 경치도 괜찮았음 총평: 직접 못가본게 아쉽긴 한데 그래도 구경은 할 수 있어서 만족함. 담엔 ㄹㅇ 타보고 싶음. 멀리서 봐도 되게 크고 멋있었다. 언젠간 혼자 부산 여행도 하고 싶었는데 중간에 하게 된것 같아 좋았었음. 근황 : 오늘 셤 끝나고 한달만에 고성왔슴 ㄹㅇ굿 - dc official App",오비탈 2023.04.21 00:22:12 스크랩 조회 229 추천 7 댓글 3,7,229,2023.04.21 00:22:12,https://gall.dcinside.com/mgallery/board/view/?id=goseongjungang&no=1270&page=16
16,1269,[일반],기1숙사 입갤,2관 입갤함 드디어 화장실 생겼음. 근데 공사하고 청소 제대로 안해놔서 좆같더라.. 1층 자습실도 폰 사용가능한 공간 따로 분리함. 2층에 노짱있던 방은 없어졌더라.. 그립읍니다.. - dc official App,중앙고갤러리 2023.04.19 18:03:23 스크랩 조회 326 추천 6 댓글 4,6,326,2023.04.19 18:03:23,https://gall.dcinside.com/mgallery/board/view/?id=goseongjungang&no=1269&page=16
16,1268,[일반],우리 학교는 확실히 이런 류,우키 서바이브,Sk (211.251) 2023.04.19 08:47:46 스크랩 조회 213 추천 0 댓글 3,0,213,2023.04.19 08:47:46,https://gall.dcinside.com/mgallery/board/view/?id=goseongjungang&no=1268&page=16
16,1267,[일반],학생이 성인이 되어서 군대에 가면..,라이더,Sk (211.251) 2023.04.19 08:46:48 스크랩 조회 118 추천 0 댓글 0,0,118,2023.04.19 08:46:48,https://gall.dcinside.com/mgallery/board/view/?id=goseongjungang&no=1267&page=16
16,1266,[일반],이 학교 하다하다 이젠...,카이저,Sk (211.251) 2023.04.19 08:36:08 스크랩 조회 171 추천 0 댓글 2,0,171,2023.04.19 08:36:08,https://gall.dcinside.com/mgallery/board/view/?id=goseongjungang&no=1266&page=16
16,1265,[일반],졸업생이 자퇴 하려고 학교에 가면?,라이더 고스트 라이더,00 (121.146) 2023.04.19 00:39:36 스크랩 조회 163 추천 1 댓글 2,1,163,2023.04.19 00:39:36,https://gall.dcinside.com/mgallery/board/view/?id=goseongjungang&no=1265&page=16
16,1263,[일반],갤 망한건가 유동 왜 아무도 없지,05 07 얘네들 디씨하는거 아니었냐,지리산 2023.04.18 18:17:45 스크랩 조회 132 추천 0 댓글 2,0,132,2023.04.18 18:17:45,https://gall.dcinside.com/mgallery/board/view/?id=goseongjungang&no=1263&page=16
16,1261,[일반],마루쉐 사진 공개합니다,마루 귀엽네,지리산 2023.04.17 22:01:26 스크랩 조회 170 추천 0 댓글 0,0,170,2023.04.17 22:01:26,https://gall.dcinside.com/mgallery/board/view/?id=goseongjungang&no=1261&page=16
16,1259,[일반],확실히 뉴런이 다르긴 다르네,귀에 잘 안들리긴 하는데 확실히 관점을 ㅈㄴ 넓혀주노,지리산 2023.04.16 10:00:38 스크랩 조회 121 추천 0 댓글 0,0,121,2023.04.16 10:00:38,https://gall.dcinside.com/mgallery/board/view/?id=goseongjungang&no=1259&page=16
17,1255,[일반],요즘따라 드는 생각인데 독일인의 영토는 더 넓어져야한다,"마스에서 메멜, 에치에서 벨트까지는 독일 민족의 적법한 영토인데 프랑스와 소련한테 부당하게 뜯김 고로 엘자스-로트링겐, 룩셈부르크, 슈바이츠, 주데텐란트, 단치히, 동프로이센, 메멜은 독일인의 영토여야 함 외스터라이히도 도이칠란트 본토와 통일되어야함 협상국은 통일된 독일이 두려운가?",지리산 2023.04.14 21:09:45 스크랩 조회 128 추천 0 댓글 4,0,128,2023.04.14 21:09:45,https://gall.dcinside.com/mgallery/board/view/?id=goseongjungang&no=1255&page=17
17,1254,[✨리뷰],다이소 무선 마우스 리뷰,수능 끝나고 학교에서 마크를 하기 위해 산 무선 마우스인데 한 손에 착 감기고 딸깍거리는 소리도 작고 반응도 괜찮다. 건전지 자주 갈아줘야되는것만 빼면 ㅆㅅㅌㅊ인 줄 알았는데 씨발 반년도 안돼서 휠 고장나서 새로삼 앙붕이들은 메이커 마우스를 사서 돈을 아끼도록 하자 근데 뭐가 더 싼건지는 ㅁㄹ,지리산 2023.04.14 20:21:39 스크랩 조회 114 추천 0 댓글 2,0,114,2023.04.14 20:21:39,https://gall.dcinside.com/mgallery/board/view/?id=goseongjungang&no=1254&page=17
17,1251,[일반],여기가 ㄹㅇ 전남댄가,부산대에도 간첩들이 활개를 치노 - dc official App,오비탈 2023.04.12 18:58:31 스크랩 조회 147 추천 0 댓글 2,0,147,2023.04.12 18:58:31,https://gall.dcinside.com/mgallery/board/view/?id=goseongjungang&no=1251&page=17
17,1250,[❓️질문],거기 학교학생 맞나요?,ㅇㅇ,ㅇㅇ 2023.04.12 01:35:48 스크랩 조회 368 추천 8 댓글 4,8,368,2023.04.12 01:35:48,https://gall.dcinside.com/mgallery/board/view/?id=goseongjungang&no=1250&page=17
17,1247,[일반],캬 라떼는,일주일에 하나씩 창문 깨졌었는데 ㅇㅇ - dc official App,오비탈 2023.04.09 12:18:40 스크랩 조회 151 추천 0 댓글 2,0,151,2023.04.09 12:18:40,https://gall.dcinside.com/mgallery/board/view/?id=goseongjungang&no=1247&page=17
17,1246,[❓️질문],다친 애들 상태 괜찮나 유리에 다친거면 살 썩을수도 있어서 위험한데,병원 잘 갔다옴?,지리산 2023.04.08 22:31:03 스크랩 조회 233 추천 0 댓글 3,0,233,2023.04.08 22:31:03,https://gall.dcinside.com/mgallery/board/view/?id=goseongjungang&no=1246&page=17
17,1245,[일반],갑자기 선생님 우는건 뭔일임?,진짜 큰일 아닌가,지리산 2023.04.07 18:36:04 스크랩 조회 326 추천 0 댓글 3,0,326,2023.04.07 18:36:04,https://gall.dcinside.com/mgallery/board/view/?id=goseongjungang&no=1245&page=17
17,1244,[일반],명문 중앙고?,시험 2주 남았는데 이게 맞냐 학교 레전드 - dc official App,ㅇㅇ (211.251) 2023.04.07 13:35:16 스크랩 조회 455 추천 6 댓글 11,6,455,2023.04.07 13:35:16,https://gall.dcinside.com/mgallery/board/view/?id=goseongjungang&no=1244&page=17
17,1236,[❓️질문],앙고 애들 대학 탐방 어디감??,ㅇㅇ - dc official App,오비탈 2023.04.06 12:10:21 스크랩 조회 182 추천 1 댓글 1,1,182,2023.04.06 12:10:21,https://gall.dcinside.com/mgallery/board/view/?id=goseongjungang&no=1236&page=17
17,1227,[일반],야자중에,컴퓨터실을 야자실로 쓰고 있는데 여긴 낙서가 많음. 3학년때 이런글 보니까 뭔가 뭔가임.. - dc official App,중앙고갤러리 2023.04.04 13:29:16 스크랩 조회 179 추천 0 댓글 2,0,179,2023.04.04 13:29:16,https://gall.dcinside.com/mgallery/board/view/?id=goseongjungang&no=1227&page=17
17,1225,[❓️질문],자연계 vs 상경계열,주면 둘중 어디감?? - dc official App,오비탈 2023.04.03 20:44:12 스크랩 조회 129 추천 1 댓글 3,1,129,2023.04.03 20:44:12,https://gall.dcinside.com/mgallery/board/view/?id=goseongjungang&no=1225&page=17
17,1224,[일반],고성중앙고 느낀점,선생님들이 젊으시거나 꼰 - dc official App,ㅇㅇ (211.251) 2023.04.03 17:18:47 스크랩 조회 213 추천 0 댓글 1,0,213,2023.04.03 17:18:47,https://gall.dcinside.com/mgallery/board/view/?id=goseongjungang&no=1224&page=17
17,1222,[일반],시험 3주 남았노,빡세게 해야겠다 - dc official App,ㅇㅇ (223.39) 2023.04.02 21:22:17 스크랩 조회 108 추천 0 댓글 2,0,108,2023.04.02 21:22:17,https://gall.dcinside.com/mgallery/board/view/?id=goseongjungang&no=1222&page=17
17,1219,[❓️질문],앙고vs철고vs고고,ㅈㄱㄴ - dc official App,ㅇㅇ (180.83) 2023.04.01 12:30:13 스크랩 조회 222 추천 0 댓글 9,0,222,2023.04.01 12:30:13,https://gall.dcinside.com/mgallery/board/view/?id=goseongjungang&no=1219&page=17
17,1217,[일반],만우절 기념으로 대문을 바꾸어 봤읍니다,열심히 그림 - dc official App,중앙고갤러리 2023.04.01 12:07:19 스크랩 조회 123 추천 2 댓글 2,2,123,2023.04.01 12:07:19,https://gall.dcinside.com/mgallery/board/view/?id=goseongjungang&no=1217&page=17
17,1214,[일반],슬프다,삶이 슬프다,지리산 2023.03.30 19:42:53 스크랩 조회 132 추천 0 댓글 5,0,132,2023.03.30 19:42:53,https://gall.dcinside.com/mgallery/board/view/?id=goseongjungang&no=1214&page=17
17,1212,[일반],3모 수학 왤케 어렵냐,본인 ㅈㄴ 퇴화했노 원래도 ㅈ밥새끼긴 했지만... 걍 n제 주문(제본)하고 그냥 제대로 달린다,지리산 2023.03.30 17:38:41 스크랩 조회 108 추천 0 댓글 0,0,108,2023.03.30 17:38:41,https://gall.dcinside.com/mgallery/board/view/?id=goseongjungang&no=1212&page=17
17,1211,[✨리뷰],한양대학교 리뷰,"지리산의 한양대 리뷰 시작!! 본인은 9시 수업이 수목금 3일 들어서 7시 반에 기상해야한다. 힘들지만 일찍 일어나는게 기분은 좋다. 오늘 코딩 수업이라 노트북 챙겨야됨 캬캬 나가는중... 기숙사에서 대학으로 가려면 한양여대라는 ㅈ문대를 지나가야한다. 한양여대생들이 나를 볼때마다 나보고 한남새끼라 생각할것같아서 기분이 영 안좋다. 대ㅡ경영관 여대랑 바로 붙어있다. 아예 식당도 같이씀. 근데 난 거기 안간다. 원래라면 경영관에 가야하지만 나는 오늘 경영관에서 듣는 수업이 없다. 그래서 갈 일 없음. 대신 멀리 있는 공학관에 가야한다. 공학관은 기숙사랑 완전 완전 반대 방향에 있어서 ㅈㄴ 힘들다. 그리고 힘들게 가서 도착하면 지하 2층에 도착하게된다. 한양대가 산에 있어서 건물이 이따위이다. 여긴 지하2층, 1층, 2층 3층에 문이 있다. 난 3층에서 수업 들음 ㅋㅋ 코딩 수업에 오면 이렇게 파이썬을 하게 된다. 교수가 좀 ㅎㅌㅊ라 재미가 없다. 중앙고 선생님이 훨씬 잘 가르쳤던 것 같다. 연강인데 같은 건물이라 ㄹㅇ 개꿀딱이다. 시간 절약 ㅆㅅㅌㅊ 영화를 재밌게 볼 수 있는 강의다. 근데 뒷자리라 ppt 안보여서 시험은 ㅈ망할거같다. 수업 끝나고 다시 기숙사로 가는길 저깄는 건물이 한양대 최고 간지 건물이다. 왼쪽에 한양대 본관 건물과 오른쪽에 역사관 건물. 역사관엔 기념품점이 있다. 나중에 재학생 게이들 중에 한양대 보고싶은 게이들 있으면 구경시켜줌 지금이라도 무너질것같은 학생복지관 여기서 학식을 먹을 수도 있지만 나는 기숙사 식당을 갈거다. 왜냐면 오늘 메뉴가 ㅆㅅㅌㅊ거든. 캬 침샘폭8 그리고 기숙사 식당이 개꿀인게 밥 김치는 원하는대로 퍼갈수있다. 학식 먹으면 뭔가 부족한데 기식 먹으면 배터지게먹음 기식 먹고 잠시 쉬다가 한대병원으로 가는중 기관지 검사받는데 10만원은 ㅆㅂ 너무한거아니냐 다시 돌아온 기숙사 왠지 룸메도 왔을까 룸메 형님은 아직 수업 들으시는중 그렇다면 어제 행정실에서 가져온 입학선물 언빡싱~~~ 구성은 알차다 보온병 플래너 뱃지 스티커 스티커는 좀 예쁜듯? 근데.... 알빠노???!!?!?!?!?!?!? 반수 두가자잇~~~!!!!",지리산 2023.03.30 16:10:20 스크랩 조회 314 추천 6 댓글 4,6,314,2023.03.30 16:10:20,https://gall.dcinside.com/mgallery/board/view/?id=goseongjungang&no=1211&page=17
17,1207,[일반],드디어 기숙사 슬슬 완공되나보네,4월 16일 기숙사 ON - dc official App,중앙고갤러리 2023.03.29 16:47:53 스크랩 조회 155 추천 0 댓글 5,0,155,2023.03.29 16:47:53,https://gall.dcinside.com/mgallery/board/view/?id=goseongjungang&no=1207&page=17
17,1206,[일반],오늘 급식 맛있네요,짜장+짬뽕+크림새우 요새들어서 급식이 무척 맛있어진 듯 합니다. 앙고는 벚꽃이 피고 있읍니다. 수능은 230일 남았습니다. - dc official App,중앙고갤러리 2023.03.29 13:16:49 스크랩 조회 153 추천 0 댓글 4,0,153,2023.03.29 13:16:49,https://gall.dcinside.com/mgallery/board/view/?id=goseongjungang&no=1206&page=17
17,1205,[일반],수시납치당한 사람은 결국 반수를 하게 된다고...,걍 처음부터 이분들 따라갔어야했는데 ㅠㅠ,지리산 2023.03.29 11:52:50 스크랩 조회 124 추천 0 댓글 2,0,124,2023.03.29 11:52:50,https://gall.dcinside.com/mgallery/board/view/?id=goseongjungang&no=1205&page=17
17,1202,[일반],실시간 07앙붕이 근황,현생 사는중,ㅋㅋ (112.151) 2023.03.29 00:29:29 스크랩 조회 156 추천 4 댓글 2,4,156,2023.03.29 00:29:29,https://gall.dcinside.com/mgallery/board/view/?id=goseongjungang&no=1202&page=17
17,1201,[일반],나도 한양대 리뷰 써볼까,그리고 한양대 캠퍼스투어는 없냐,지리산 2023.03.28 23:50:37 스크랩 조회 102 추천 0 댓글 1,0,102,2023.03.28 23:50:37,https://gall.dcinside.com/mgallery/board/view/?id=goseongjungang&no=1201&page=17
17,1197,[일반],근데 괜히 정시 하라고 하는게 아님,게이들이 농어촌 정시 합격자들 성적 보면 바로 정시로 달려들걸,지리산 2023.03.28 16:19:50 스크랩 조회 109 추천 0 댓글 0,0,109,2023.03.28 16:19:50,https://gall.dcinside.com/mgallery/board/view/?id=goseongjungang&no=1197&page=17
17,1195,[일반],반수 ㅈㄴ 마려워졌다 좆같게,현실적으로 쉽지 않은 길이지만 다르게 생각해보면 페이스 유지만 해도 고경은 감 특히 서울대 정시 농어촌 생겨서 좀만 잘치면 설인문도 노려볼만함 ​물론 설인문 vs 고경 하면 고경 갈거지만​ 입학하고 나서 반수 생각 접었는데 다시 스물스물 올라오니까 진짜 참기 힘드네 안그래도 대학생활 힘든데 내가 제일 잘하는게 하필 수능국어노... ​ 진짜로 05 앙붕이들이랑 대학 같이 갈지도 모르겠구나,지리산 2023.03.28 16:04:06 스크랩 조회 120 추천 0 댓글 2,0,120,2023.03.28 16:04:06,https://gall.dcinside.com/mgallery/board/view/?id=goseongjungang&no=1195&page=17
17,1192,[일반],태블릿으로 푸니까 눈깔 빠지겠네,수학은 다음에 풀게요,지리산 2023.03.27 17:10:49 스크랩 조회 100 추천 0 댓글 0,0,100,2023.03.27 17:10:49,https://gall.dcinside.com/mgallery/board/view/?id=goseongjungang&no=1192&page=17
17,1191,[일반],생각해보니까 프린터기가 유료구나,제본 맡겼다가 나중에 풀어야겠노,지리산 2023.03.27 12:55:01 스크랩 조회 112 추천 0 댓글 3,0,112,2023.03.27 12:55:01,https://gall.dcinside.com/mgallery/board/view/?id=goseongjungang&no=1191&page=17
17,1189,[일반],나도 내일 3모 풀어볼까 음,국수탐 풀어볼게요 영어는 듣기때문에 좆같아서 안할래 한국사랑 지리 해설해보고 국어는 내가 잘 풀면 해설해봄,지리산 2023.03.27 01:10:27 스크랩 조회 82 추천 0 댓글 0,0,82,2023.03.27 01:10:27,https://gall.dcinside.com/mgallery/board/view/?id=goseongjungang&no=1189&page=17
17,1188,[일반],정보글이 많아야되는데 제일 유익한 글 쓰던 라므는,제일 유익한 글 쓰던 라므는 맨날 여자들이랑 술먹고 오비탈도 지금 여자들한테 무수한 연락 받고있고 본인 지리산은 어릴때 책 좀 읽은덕에 그냥 설렁설렁 하다가 대학와서 별로 알려줄게 없노 그래도 난 고성중앙고를 사랑하니깐 최대한 본인 경험 살려서 정보글 만들어내겠삽니다,지리산 2023.03.27 01:07:34 스크랩 조회 103 추천 0 댓글 2,0,103,2023.03.27 01:07:34,https://gall.dcinside.com/mgallery/board/view/?id=goseongjungang&no=1188&page=17
17,1186,[✨리뷰],치맥 맛있네,어제 저녁에 먹음 근데 그제 칭따오 먹어서 필라이트 좆노맛인게 ㅈㄴ 잘 느껴지더라 하지만 수입맥주를 매번 먹을 수는 없는 노릇이지 대신 닭은 맛있었음. 학교 근처에 할매가 운영하는 옛날통닭 비스무리한 치킨집 있는데 거기 값이 다른 치킨보다 훨씬 싸고 덜 물림. 자극적인 맛은 부족하지만 오히려 그래서 더 좋은 느낌? 닭에 염지는 많이 안돼있는데 굳이 소금 안찍어도 맛있게 먹을만함. 크기가 대중소인데 13000원짜리 소 시켰는데도 배부르게 먹었다. 그래도 본인 브랜드 치킨으로는 1닭 어려운데 이거 다 처먹은거보면 양은 좀 적은듯. 다음에 먹을때는 중으로 주문해서 남겼다가 다음날 먹어야겠다. 근데 그냥 종로 나가서 옛날통닭 5천원짜리 먹는게 나을듯 ㅋㅋ 여긴 왜 가마치통닭 없냐 너무 슬프구나.,지리산 2023.03.26 13:55:28 스크랩 조회 126 추천 0 댓글 4,0,126,2023.03.26 13:55:28,https://gall.dcinside.com/mgallery/board/view/?id=goseongjungang&no=1186&page=17
17,1185,[일반],갤 망했네,,지리산 2023.03.26 13:47:08 스크랩 조회 112 추천 0 댓글 2,0,112,2023.03.26 13:47:08,https://gall.dcinside.com/mgallery/board/view/?id=goseongjungang&no=1185&page=17
17,1181,[✨리뷰],3모 후기,국어-쉬웠는데 내가 비문학 천천히 독해하는거 익히느라 시간분배를 못해서 개 좆박음 영어-듣기만 품. 이번 듣기는 꽤 어려운 문제 한개 있었음 수학-하나도 못풀던 수학을 조금 공부하니까 뭔가 할수 있어서 즐거웠음. 지구과학-1단원만 공부했는데 출제된 6문제 다맞음 개꿀 한국지리-이게 지린지 한국 사회 문제인지 모르겠음.. 아무튼 적당히 풀어서 37점. 6모때는 이거 대신 물리 풀 예정 한국사-이번 한국사는 쉬웠음. 노베 32점 난이도만 보면 전체적으로 할만한 시험이었던 듯함 그러나 내 부족함을 절실히 깨닫는 시간이기도 했음 6모까지 정진하겠읍니다.. - dc official App,중앙고갤러리 2023.03.23 17:11:37 스크랩 조회 153 추천 1 댓글 5,1,153,2023.03.23 17:11:37,https://gall.dcinside.com/mgallery/board/view/?id=goseongjungang&no=1181&page=17
17,1179,[일반],매번 모의고사 쳤을때 점심시간에 했던거,컴퓨터 킨 후 빡갤 들어가서 난이도랑 답 확인 ㄹㅇㅋㅋ - dc official App,오비탈 2023.03.23 12:06:18 스크랩 조회 127 추천 1 댓글 2,1,127,2023.03.23 12:06:18,https://gall.dcinside.com/mgallery/board/view/?id=goseongjungang&no=1179&page=17
17,1178,[일반],화장실 물 좀 내려줘라,본관 화장실은 어떻게 매일 모든 변기칸 물이 노오랗냐 물 내리는걸 못배운것도 아니고 볼때마다 토악질 나온다 - dc official App,ㅇㅇ (112.163) 2023.03.22 22:55:05 스크랩 조회 131 추천 0 댓글 1,0,131,2023.03.22 22:55:05,https://gall.dcinside.com/mgallery/board/view/?id=goseongjungang&no=1178&page=17
17,1176,[❓️질문],수요일마다 쓰는거 많이 중요한가요?,ㅋㅋ,ㅋㅋ (211.251) 2023.03.22 14:47:11 스크랩 조회 111 추천 0 댓글 2,0,111,2023.03.22 14:47:11,https://gall.dcinside.com/mgallery/board/view/?id=goseongjungang&no=1176&page=17
17,1175,[일반],윤석열 국무회의 연설 전문,윤카 파이팅 한글자도 거를타선이 없네 - dc official App,오비탈 2023.03.22 08:17:29 스크랩 조회 104 추천 1 댓글 2,1,104,2023.03.22 08:17:29,https://gall.dcinside.com/mgallery/board/view/?id=goseongjungang&no=1175&page=17
17,1173,[✨리뷰],개씹덕앙붕이 넨도로이드 랜덤박스 삼,4만원으로 5만원짜리 피규어 ㄱㅆㅅㅌㅊ - dc official App,중앙고갤러리 2023.03.21 21:01:50 스크랩 조회 190 추천 6 댓글 8,6,190,2023.03.21 21:01:50,https://gall.dcinside.com/mgallery/board/view/?id=goseongjungang&no=1173&page=17
17,1172,[🖥정보],선생님별 공부법을 알려주겠다 [국어 수학 영어],"선생님별로 공부를 어떻게 하면 좋을지 가르쳐주겠다 오늘은 국수영 과목 선생님에 대해 알아보자 국어 박ㅈ현 선생님 1. 수업 스타일 이분은 문학을 전문으로 가르치신다. 근데 지금쯤이면 다 겪어봤겠지만 수업이 좀 특이하다. 일반 강의식 수업을 잘 하지 않는다. 학생들이 조를 짜 문학 작품 하나를 정해서 활동지에 조사 내용을 적고 그걸 설명하는 식으로 수업을 진행한다. 그리고 부족한 부분이 있으면 선생님께서 보충을 하신다. 진짜 훌륭한 수업방식이지만 하는 사람 입장에선 귀찮기 짝이 없다. 그래도 다 니 생활기록부를 생각해서 선생님이 하시는 활동이므로 열심히 참여하자. 2. 수업 중 해야 할 일 일단 발표수업임에 유의해야한다. 생활기록부에 정말 좋은게 발표이므로 발표할 때 여러 비유를 들면서 자기의 희망전공에 대한 관심을 알릴 수 있다. 물론 활동지에 적든 크게 말해서 선생님께 티를 내든 해서 생활기록부에 들어갈 수 있도록 하자. 그리고 중간중간 선생님께서 ""이거 이거 매우 중요합니다~ 나중에 볼 수도 있겠죠~?"" 이런 식으로 말씀하시는 내용이 있는데 꼭 집중하고 받아적자. 어떤 선생님 수업을 듣든 내신 챙길땐 필기가 필수다. 3. 시험 준비 수업은 특이하지만 시험 자체는 무난한 내신 국어 시험이다. 일단 교과서든 교재든 어딘가에 필기한 내용을 한데 모아 정리하고 교과서 자습서 필기를 벅벅벅 외운다. 그리고 평가문제집도 벅벅 푼다. 시험이 코앞일 땐 자습서 내용을 싹 한번 훑고 평가문제집에 잇는 핵심개념과 필기를 존나게 외우자. 그리고 반드시 교무실에서 작년 기출을 보고 풀어보자. 그리고 혹시 부교재가 있다면 아마 ebs에서 나온거일거니까 강의 보면서 공부해도 좋다. 수학 임ㅇ숙 선생님 1. 수업 스타일 난 절대평가인 경제수학만 수강해서 일반 과목에서 수업 스타일이 어떠신지는 잘 모르겠다. 그래도 가끔 수특 문제 풀어주시는거 보면 문제를 칠판에 쓰고 해설을 읽듯이 말씀하시면서 문제를 푸신다. 일반 상대평가 과목을 안들어서 다른건 ㅁㄹ 2. 수업 중 해야 할 일 (경제수학)그냥 시키는거 하면 된다. 니가 선생님의 기분따윈 무시할 수 있다면 그냥 수업 안듣고 수능공부하는게 바람직하다. 어쨌든 수능이 중요하니까.. 3. 시험 준비 (경제수학)절대평가라 ㅈㄴ 쉽게 내므로 그냥 교과서에 있는 문제만 벅벅 풀고 가면 된다. 숫자 간단하니 쫄지말자. 영어 김ㅅ진 선생님 1. 수업 스타일 평범한 내신 영어 수업이다. 전자칠판에 교과서 화면을 띄우고 한줄 읽고 해석하면서 문장구조를 표시하신다. 그리고 중요한 단어나 문법 지식이나 구문이 있다 싶으시면 필기를 따로 해주신다. 그리고 그날 수업에 나온 단어와 중요 문장을 정리한 프린트를 나눠주시고 연습을 시킨다. 2. 수업 중 해야 할 일 일단 선생님 수업을 잘 듣는게 기본이다. 수업을 들으며 필기를 꼭 하자. 그리고 가끔씩 선생님께서 ""잘 봐둬야~겠~제~"" 이러면서 별표를 치는거 그건 진짜 엄청 중요한거니까 꼭 표시하자 놓치면 피눈물난다. 선생님께서 하시는 문장구조 표시는 너의 이해를 돕기 위한 것이다  본인이 구조가 이해안되는 영어고자라면 선생님 필기를 받아적고 아니라면 혼자 하자. 3. 시험 준비 일반적인 영어 내신 시험이라 생각하면 좋다. 문제 형식은 해석, 문법, 단어, 내용일치, 문장 순서배열 등이 있다. 그리고 대망의 단어 순서 배열해 문장 만들기와 영작이 있다. 단어같은 경우는 시험기간 아닐때 조금씩 조금씩 외우는 게 좋다. 그리고 교과서 본문도 시간 날때마다 한번씩 봐두자. 전반적인 내용과 그 해석은 반드시 익숙해져야 한다. 시험기간 되면 자습서와 평가문제집을 벅벅 외우고 풀든지 exam4you 여기서 자료 다운받으면 된다. 그건 전에 내신 영어 공부법에서 설명함. 특히 중요하다고 별표친 부분은 다시 몇번이고 쓸 수 있도록 외우자. 그리고 나눠주신 프린트는 꼭 몇번이고 보자. 그리고 모의고사가 범위에 있는 경우 exam4you나 다른 사설 인강 수업 교안으로 공부하자. 난 ebs로 공부했다. 영어 신ㅅ애 선생님 1. 수업 스타일 교과서를 같이 읽으면서 한줄 한줄 해석하신다. 그리고 한번씩 애들한테 질문을 던지신다. 그리고 중요하거나 혼동되는 내용은 판서하신다. 선생님 특유의 사투리가 더해진 영어 발음이 매우 인상깊다. 수업 하시고 나서 복습 겸 프린트를 나눠주신다. 교과서 내용 그대로라 보고 적을 수도 있지만 영어 실력 향상을 위해서 혼자 힘으로 완성해보자. 2. 수업 중 해야 할 일 그냥 시키는대로 하면 된다. 중요한 내용 있으면 필기하고 가끔씩 판서 하시는거 적으면 된다. 위에서 말했지만 수업 하시고 나서 나눠주시는 프린트를 혼자 힘으로 완성해보자. 3. 시험 준비 김ㅅ진 선생님과 같다. 다만 신ㅅ애 선생님은 문법 문제를 내지 않으시므로 부담은 한층 덜하다. 대신 영작이 좀 빡세므로 부담이 두층 더하다. 대비를 확실하게 하자. 선생님께서 나눠주신 프린트에 있는 문장 중에서 확실하게 문제가 나오므로 잘 대비하자. 그냥 대놓고 여기서 나올 수 있다고 하신다. 그냥 학원 가자. 지금 내신 잘 받아놓는게 진짜 좋으니까 학원 가서 빡시게 하자 걍 ㅋㅋ",지리산 2023.03.20 22:50:42 스크랩 조회 472 추천 11 댓글 4,11,472,2023.03.20 22:50:42,https://gall.dcinside.com/mgallery/board/view/?id=goseongjungang&no=1172&page=17
17,1169,[일반],앙붕이 인원파악한다,내가 앙붕이거나 눈팅중인 게이는 투표 눌러주라 - dc official App,오비탈 2023.03.20 17:59:41 스크랩 조회 131 추천 0 댓글 0,0,131,2023.03.20 17:59:41,https://gall.dcinside.com/mgallery/board/view/?id=goseongjungang&no=1169&page=17
17,1167,[❓️질문],학생회 어디가 좋나요?,급함,ㅋㅋ (211.251) 2023.03.20 16:19:10 스크랩 조회 169 추천 0 댓글 4,0,169,2023.03.20 16:19:10,https://gall.dcinside.com/mgallery/board/view/?id=goseongjungang&no=1167&page=17
17,1166,[❓️질문],이쯤에서 물어보는 3모의 중요성,고3 3모 중요하다 비추 아니다 수능까지 점수 올리면 된다 개추 - dc official App,ㅇㅇ (211.251) 2023.03.20 15:29:39 스크랩 조회 247 추천 14 댓글 4,14,247,2023.03.20 15:29:39,https://gall.dcinside.com/mgallery/board/view/?id=goseongjungang&no=1166&page=17
17,1165,[일반],ㄹㅇ 일요일엔 아무것도 안했는데 걍 앙붕이들 만나자할걸,,지리산 2023.03.20 12:56:36 스크랩 조회 104 추천 0 댓글 2,0,104,2023.03.20 12:56:36,https://gall.dcinside.com/mgallery/board/view/?id=goseongjungang&no=1165&page=17
17,1164,[❓️질문],앙품타 비번좀 알려주셈요,부탁 - dc official App,에이젤 2023.03.20 12:30:38 스크랩 조회 116 추천 2 댓글 2,2,116,2023.03.20 12:30:38,https://gall.dcinside.com/mgallery/board/view/?id=goseongjungang&no=1164&page=17
17,1163,[일반],어제 밤에 중앙고 기숙사 침투했어야되는데,쥐엔장,지리산 2023.03.20 12:19:40 스크랩 조회 125 추천 0 댓글 0,0,125,2023.03.20 12:19:40,https://gall.dcinside.com/mgallery/board/view/?id=goseongjungang&no=1163&page=17
17,1161,[일반],싸웠다는 긱사생은 202호로 와라,ㅇㅇ,ㅇㅇ (27.175) 2023.03.19 22:42:27 스크랩 조회 161 추천 0 댓글 2,0,161,2023.03.19 22:42:27,https://gall.dcinside.com/mgallery/board/view/?id=goseongjungang&no=1161&page=17
17,1160,[일반],오랜만에(한달도안됨) 고성 왔는데 중앙고를 안가봤노,앙붕이들이 보고싶구나,지리산 2023.03.19 18:46:59 스크랩 조회 136 추천 0 댓글 4,0,136,2023.03.19 18:46:59,https://gall.dcinside.com/mgallery/board/view/?id=goseongjungang&no=1160&page=17
17,1158,[일반],실시간 이거 뭐냐? ㅋㅋ,앙갤 따라하노 ㅋㅋ,ㅋㅋ (112.151) 2023.03.19 00:42:20 스크랩 조회 152 추천 4 댓글 0,4,152,2023.03.19 00:42:20,https://gall.dcinside.com/mgallery/board/view/?id=goseongjungang&no=1158&page=17
17,1155,[🖥정보],빡갤펌) 좆반고에서 정시파이터가 살아남는법,앙붕이들도 제본할때 애용하자,지리산 2023.03.18 15:19:40 스크랩 조회 325 추천 3 댓글 1,3,325,2023.03.18 15:19:40,https://gall.dcinside.com/mgallery/board/view/?id=goseongjungang&no=1155&page=17
17,1154,[일반],고3 시절 지리산 게이의 은밀한 취미에 대해 알아보자…,- dc official App,오비탈 2023.03.18 11:43:14 스크랩 조회 149 추천 2 댓글 2,2,149,2023.03.18 11:43:14,https://gall.dcinside.com/mgallery/board/view/?id=goseongjungang&no=1154&page=17
17,1153,[일반],정보글 한번 정리 쫙 할까,나중에 시간 내서 정리 한번 해 볼까? - dc official App,중앙고갤러리 2023.03.17 17:30:34 스크랩 조회 120 추천 2 댓글 2,2,120,2023.03.17 17:30:34,https://gall.dcinside.com/mgallery/board/view/?id=goseongjungang&no=1153&page=17
18,1152,[일반],전교에 앙갤 모르는 사람이 없도록 해주십시오 재학생 여러분,고성중앙고 갤러리가 고성중앙고 학생 모두의 커뮤니티가 될 수 있도록! 힘써주십시오!,지리산 2023.03.16 21:17:52 스크랩 조회 137 추천 5 댓글 0,5,137,2023.03.16 21:17:52,https://gall.dcinside.com/mgallery/board/view/?id=goseongjungang&no=1152&page=18
18,1150,[일반],씨발 선생님별 공부법 쓰고 있었는데 날려버렸다,개 씨발,지리산 2023.03.16 21:00:01 스크랩 조회 169 추천 5 댓글 3,5,169,2023.03.16 21:00:01,https://gall.dcinside.com/mgallery/board/view/?id=goseongjungang&no=1150&page=18
18,1144,[일반],1학년 앙붕이들 야자때 뭐하냐,앙품타에 공부시간도 안찍히고 슬슬 시험기간인데 공부좀 손에 잡아보셈 ㅇㅇ 내신따서 대학가는게 젤 나음 - dc official App,중앙고갤러리 2023.03.15 23:00:05 스크랩 조회 173 추천 2 댓글 2,2,173,2023.03.15 23:00:05,https://gall.dcinside.com/mgallery/board/view/?id=goseongjungang&no=1144&page=18
18,1143,[일반],실시간 앙붕이 ㅈ됐다,그냥 어그로 끌리게 추천좀 ㅋㅋ,ㅋㅋ (118.235) 2023.03.15 17:39:50 스크랩 조회 224 추천 8 댓글 0,8,224,2023.03.15 17:39:50,https://gall.dcinside.com/mgallery/board/view/?id=goseongjungang&no=1143&page=18
18,1141,[일반],대전고에서 놀러옴,여긴 다른학교 배척합니까? 학교갤중엔 여기가 제일 글 많이 올라오는거같네,ㅇㅇ (220.81) 2023.03.14 23:17:14 스크랩 조회 124 추천 2 댓글 5,2,124,2023.03.14 23:17:14,https://gall.dcinside.com/mgallery/board/view/?id=goseongjungang&no=1141&page=18
18,1140,[일반],오늘 화학쌤 사직서 내셨다는데,무슨일이 있으신가 - dc official App,ㅇㅇ (211.251) 2023.03.14 21:27:05 스크랩 조회 202 추천 1 댓글 4,1,202,2023.03.14 21:27:05,https://gall.dcinside.com/mgallery/board/view/?id=goseongjungang&no=1140&page=18
18,1138,[💩똥글],보인다 보여,ㅋㅋ,ㅋㅋ (118.235) 2023.03.14 15:24:48 스크랩 조회 134 추천 3 댓글 1,3,134,2023.03.14 15:24:48,https://gall.dcinside.com/mgallery/board/view/?id=goseongjungang&no=1138&page=18
18,1137,[일반],실시간 07앙붕이,이거뭐냐? ㅋㅋ,ㅋㅋ (118.235) 2023.03.14 13:39:21 스크랩 조회 256 추천 5 댓글 4,5,256,2023.03.14 13:39:21,https://gall.dcinside.com/mgallery/board/view/?id=goseongjungang&no=1137&page=18
18,1134,[일반],07앙붕이들에게,우리 07 현역끼리 정모 함 하자 준비되먼 댓글 ㄱㄱ ㅋㅋ 1-3 ㄱㅇㅎ에게 와주길 바람,ㅋㅋ (211.251) 2023.03.13 13:31:11 스크랩 조회 233 추천 5 댓글 8,5,233,2023.03.13 13:31:11,https://gall.dcinside.com/mgallery/board/view/?id=goseongjungang&no=1134&page=18
18,1132,[일반],07게이분들 모르는거 있으면 마음껏 질문하십시어,저는 여러분의 질문을 기다리고 있습니다 학교생활 공부법 내신 수능 대입 모두 아는 선에서 가르쳐주겠다 좋아빠르게가,지리산 2023.03.12 20:48:06 스크랩 조회 143 추천 3 댓글 2,3,143,2023.03.12 20:48:06,https://gall.dcinside.com/mgallery/board/view/?id=goseongjungang&no=1132&page=18
18,1131,[✨리뷰],귀칼 보고옴,무한성 연출 ㄹㅇ ㅈ된다… - dc official App,오비탈 2023.03.12 20:02:30 스크랩 조회 85 추천 2 댓글 0,2,85,2023.03.12 20:02:30,https://gall.dcinside.com/mgallery/board/view/?id=goseongjungang&no=1131&page=18
18,1128,[일반],07 신입생 앙붕이 입갤,잘부탁드립니다 ㅋㅋ,ㅋㅋ (112.151) 2023.03.12 01:46:38 스크랩 조회 282 추천 6 댓글 3,6,282,2023.03.12 01:46:38,https://gall.dcinside.com/mgallery/board/view/?id=goseongjungang&no=1128&page=18
18,1127,[✨리뷰],앙붕이 오늘 스즈메 봤다.,점심때쯤 가서 스즈메봄. 근데 ㅅㅂ 빌런 존나많더라 앞뒷자리 담요단 친구들은 남주 나올때마다 수근거리고 앞자리에 어떤놈은 몇분동안 폰으로 뭘 하지를 않나 영화 자체는 재밌었는데 좀 좆같았음.. - dc official App,중앙고갤러리 2023.03.11 23:41:17 스크랩 조회 121 추천 1 댓글 1,1,121,2023.03.11 23:41:17,https://gall.dcinside.com/mgallery/board/view/?id=goseongjungang&no=1127&page=18
18,1125,[❓️질문],아니 왜 갤에 유입이 없어?,전교생들이 갤러리 알고있는거 아니야? 다 눈팅만 하는거임?,지리산 2023.03.11 11:22:07 스크랩 조회 116 추천 1 댓글 2,1,116,2023.03.11 11:22:07,https://gall.dcinside.com/mgallery/board/view/?id=goseongjungang&no=1125&page=18
18,1122,[일반],놀러 왓읍니다,-고성 최고의 고등학교(철고 선생님들 주장)인 철성고등학교 14대 교장 허요-,철성고교 14대 교장 허요 (200.25) 2023.03.09 23:39:09 스크랩 조회 214 추천 7 댓글 2,7,214,2023.03.09 23:39:09,https://gall.dcinside.com/mgallery/board/view/?id=goseongjungang&no=1122&page=18
18,1120,[❓️질문],일주일에 한번은 데이오프가 있어야 할까?,맞다. 데이오프는 필요하다 개추 뭔 개소리냐 닥치고 공부나 해라 비추 - dc official App,ㅇㅇ (112.163) 2023.03.09 19:17:15 스크랩 조회 157 추천 7 댓글 2,7,157,2023.03.09 19:17:15,https://gall.dcinside.com/mgallery/board/view/?id=goseongjungang&no=1120&page=18
18,1119,[일반],씨발 누가 기숙사를,산꼭대기에 지어놔 개씨발 한번 갈때마다 뒤질거 같네 - dc official App,오비탈 2023.03.09 13:14:43 스크랩 조회 161 추천 0 댓글 0,0,161,2023.03.09 13:14:43,https://gall.dcinside.com/mgallery/board/view/?id=goseongjungang&no=1119&page=18
18,1116,[일반],3학년은 주말에 집 안가게 해주면 안되나,기숙사에 걍 있으면 좋겠는데 - dc official App,ㅇㅇ (118.39) 2023.03.08 22:45:27 스크랩 조회 162 추천 5 댓글 2,5,162,2023.03.08 22:45:27,https://gall.dcinside.com/mgallery/board/view/?id=goseongjungang&no=1116&page=18
18,1115,[일반],언제 앙갤 정모 함 하죠,주말에 한번 모여서 ㄱㄱ잇,지리산 2023.03.08 18:05:34 스크랩 조회 116 추천 1 댓글 2,1,116,2023.03.08 18:05:34,https://gall.dcinside.com/mgallery/board/view/?id=goseongjungang&no=1115&page=18
18,1109,[일반],조크보 이3끼들 왜 야구 점심에함 음,오히려 낫긴 한데 음,지리산 2023.03.06 22:43:12 스크랩 조회 113 추천 0 댓글 4,0,113,2023.03.06 22:43:12,https://gall.dcinside.com/mgallery/board/view/?id=goseongjungang&no=1109&page=18
18,1105,[일반],앙품타에서만 떠들지 말고 갤에 글을 써 3끼들아,갤 망했네,지리산 2023.03.06 11:33:33 스크랩 조회 103 추천 0 댓글 2,0,103,2023.03.06 11:33:33,https://gall.dcinside.com/mgallery/board/view/?id=goseongjungang&no=1105&page=18
18,1104,[일반],Deja vu,I've just been in this place before 방금 본인 기시감 << 느낌 휴게실에 앉아서 건조기 기다리는데 딱 노래 들으니까 딱 이 장면이 기억 한켠에 남아있음,지리산 2023.03.05 22:33:19 스크랩 조회 98 추천 0 댓글 2,0,98,2023.03.05 22:33:19,https://gall.dcinside.com/mgallery/board/view/?id=goseongjungang&no=1104&page=18
18,1103,[일반],이게 중앙고갤로리여 아님 중앙고졸업생갤러리여 ㅋㅋ,틀딱들 남아서 아직까지 디씨질하네 ㅋㅋㅋㅋ - dc official App,ㅇㅇ (14.46) 2023.03.05 14:54:08 스크랩 조회 148 추천 0 댓글 3,0,148,2023.03.05 14:54:08,https://gall.dcinside.com/mgallery/board/view/?id=goseongjungang&no=1103&page=18
18,1102,[❓️질문],2023년의 중앙고는 어떠한가요,그립네 - dc official App,오비탈 2023.03.05 11:55:35 스크랩 조회 159 추천 0 댓글 2,0,159,2023.03.05 11:55:35,https://gall.dcinside.com/mgallery/board/view/?id=goseongjungang&no=1102&page=18
18,1101,[일반],앙갤 결국 여붕이 있는거였구나,ㄷㄷ,ㅇㅇ (211.234) 2023.03.05 00:01:18 스크랩 조회 148 추천 0 댓글 3,0,148,2023.03.05 00:01:18,https://gall.dcinside.com/mgallery/board/view/?id=goseongjungang&no=1101&page=18
18,1100,[일반],본인 디시앱 알림 껐다,진짜 좆될까봐 ㅇㅇ 대신 지하철역에서 당당하게 디씨하는중,지리산 2023.03.04 14:50:06 스크랩 조회 112 추천 1 댓글 4,1,112,2023.03.04 14:50:06,https://gall.dcinside.com/mgallery/board/view/?id=goseongjungang&no=1100&page=18
18,1099,[💩똥글],본인 오늘 ㄹㅇ 저능아짓함,드라이기 샤워바구니에 넣고 샤워실 들어가서 드라이기 다젖음 ㅋㅋㅋㅋㅋㅋㅋㅋㅋㅋ 근데 멀쩡하게 작동하더라 ㄷㄷ,지리산 2023.03.03 22:25:24 스크랩 조회 166 추천 0 댓글 3,0,166,2023.03.03 22:25:24,https://gall.dcinside.com/mgallery/board/view/?id=goseongjungang&no=1099&page=18
18,1098,[🎵지듣노],내일 할 일,https://youtu.be/QMjkrcmo21Y 왕십리 나가기 헬스장에서 신을 신발 사기 촌놈처럼 안보이게 옷 사기 헬스장 가기 동아리 지원서 쓰기 에타에서 만난 친구들과 게임하기,지리산 2023.03.03 13:34:57 스크랩 조회 123 추천 0 댓글 2,0,123,2023.03.03 13:34:57,https://gall.dcinside.com/mgallery/board/view/?id=goseongjungang&no=1098&page=18
18,1097,[일반],찐따여도 경영학과 잘 다닐 수 있다,나같은 진성 찐따만 아니면 대충 분위기만 타도 친구 많이 사귀고 잘 살 수 있다 중경외시 이상 경영이면 취업 곧잘 하니까 쉽고 재밌게 공부하고 청춘 즐기면서 대기업 먹을 수 있다 명문대 아니어도 취업 자체는 어려운 일 아니니까 앙붕이들은 경영학과를 지망하도록 하자 다만 나정도 되는 ^찐^ I형은 반드시 공대에 가도록. 그럼 친구 0명인 나는 혼자 학식먹고 혼자 낮잠자러 간다 ㅂㅂ,지리산 2023.03.03 12:39:16 스크랩 조회 189 추천 0 댓글 3,0,189,2023.03.03 12:39:16,https://gall.dcinside.com/mgallery/board/view/?id=goseongjungang&no=1097&page=18
18,1095,[일반],아싸찐따생활 드가자~,"새터에서 사귄 친구수 ""0명"" 드가자~",지리산 2023.03.02 17:24:26 스크랩 조회 158 추천 0 댓글 7,0,158,2023.03.02 17:24:26,https://gall.dcinside.com/mgallery/board/view/?id=goseongjungang&no=1095&page=18
18,1094,[일반],캠퍼스 ㅈㄴ 넓네;,살려주세요 ㅠㅠ 지각만 2연속으로 함… - dc official App,오비탈 2023.03.02 15:47:39 스크랩 조회 108 추천 0 댓글 0,0,108,2023.03.02 15:47:39,https://gall.dcinside.com/mgallery/board/view/?id=goseongjungang&no=1094&page=18
18,1091,[일반],부산대 캠퍼스 부경대랑 스왑하면 안되노,시발 기숙사 함 올라가는데 다리가 넘 아프네 ㅠㅠ 등산 해아함 - dc official App,오비탈 2023.03.02 00:06:04 스크랩 조회 92 추천 0 댓글 0,0,92,2023.03.02 00:06:04,https://gall.dcinside.com/mgallery/board/view/?id=goseongjungang&no=1091&page=18
18,1087,[일반],저기다 낙서한 중앙고 게이,누구냐 자수해라노 ㅋㅋㅋㅋㅋㅋ 위치는 집 특정될까봐 못알려줌 - dc official App,오비탈 2023.03.01 00:05:23 스크랩 조회 145 추천 0 댓글 2,0,145,2023.03.01 00:05:23,https://gall.dcinside.com/mgallery/board/view/?id=goseongjungang&no=1087&page=18
18,1085,[일반],중앙고 뭐 짓고 있네,캬 이제 체육관 가다가 비 맞을일은 없겠노 - dc official App,오비탈 2023.02.28 18:13:18 스크랩 조회 141 추천 1 댓글 4,1,141,2023.02.28 18:13:18,https://gall.dcinside.com/mgallery/board/view/?id=goseongjungang&no=1085&page=18
18,1083,[일반],부산대 경북대에 대한 평판이 엇갈리는이유,과마다 입결 아웃풋이 천차만별인데 엇갈릴수밖에 없음(솔직히 저거보고 놀랐음 ㅋㅋ),ㅇㅇ (59.22) 2023.02.27 22:49:36 스크랩 조회 237 추천 6 댓글 3,6,237,2023.02.27 22:49:36,https://gall.dcinside.com/mgallery/board/view/?id=goseongjungang&no=1083&page=18
18,1082,[❓️질문],우리 주딱은 공부 안함?,(진짜 모름) - dc official App,ㅇㅇ (121.146) 2023.02.27 18:54:31 스크랩 조회 110 추천 1 댓글 1,1,110,2023.02.27 18:54:31,https://gall.dcinside.com/mgallery/board/view/?id=goseongjungang&no=1082&page=18
18,1079,[일반],다시 생각해 본 학교 교육 시스템 중 가장 이해 안갔던 것들,이 학교 너무 문과를 우대함 ㅆㅃ 이과랑은 ㅈ도 상관없는 확통을 이과에게 강제로 시키고 문과랑은 ㅈ도 상관없는 미적분은 문과들은 안해도 되게 놔둔다 ㅆㅃ 미적분은 기존 수학 1등급 애들 중에서 서열나누기 해야되고  나머지 2-3등급 애들은 3-4-5등급으로 밀려남 문과 원툴 과목 영어는 단위수 5 쳐박아놓고 수학은 단위수 ^3^ 걍 대학이나 열심히 다닐란다 에혀,오비탈 2023.02.27 02:31:05 스크랩 조회 205 추천 6 댓글 1,6,205,2023.02.27 02:31:05,https://gall.dcinside.com/mgallery/board/view/?id=goseongjungang&no=1079&page=18
18,1078,[일반],그리울거야,고성 ㅠㅠ - dc official App,오비탈 2023.02.26 23:36:44 스크랩 조회 124 추천 0 댓글 4,0,124,2023.02.26 23:36:44,https://gall.dcinside.com/mgallery/board/view/?id=goseongjungang&no=1078&page=18
18,1074,[✅️인증],앙붕이 토익시험도 치고 왔다…,내가 알던 듣기가 아니야… - dc official App,오비탈 2023.02.26 12:19:14 스크랩 조회 140 추천 0 댓글 7,0,140,2023.02.26 12:19:14,https://gall.dcinside.com/mgallery/board/view/?id=goseongjungang&no=1074&page=18
18,1072,[일반],노가다해서 260 범,100 저금 160 대학 전공서적 + 쇼핑 할라는데 ㅁㅌㅊ - dc official App,ㅇㅇ (106.101) 2023.02.26 11:07:33 스크랩 조회 150 추천 3 댓글 8,3,150,2023.02.26 11:07:33,https://gall.dcinside.com/mgallery/board/view/?id=goseongjungang&no=1072&page=18
18,1071,[일반],고성 뜨니까 섭섭하긴 하노,이제 올라가면 한동안 내려올 일이 없다 생각하니까 좀 아쉬움이 남네. 정든 고향을 떠나는게 이런 기분이구나. 바이바이다 고성,물보틀 2023.02.26 10:09:44 스크랩 조회 161 추천 0 댓글 6,0,161,2023.02.26 10:09:44,https://gall.dcinside.com/mgallery/board/view/?id=goseongjungang&no=1071&page=18
18,1070,[일반],대체 우리 집에 이딴 책이 왜 있지,제목부터 웃음벨이너,지리산 2023.02.26 10:02:48 스크랩 조회 119 추천 0 댓글 0,0,119,2023.02.26 10:02:48,https://gall.dcinside.com/mgallery/board/view/?id=goseongjungang&no=1070&page=18
18,1069,[일반],대학 가도 고등학교때처럼 아무 생각 없이 웃고 떠들 수 있을까,"순수하게 친구들이 너무 좋아서, 좋은 사람들이라서, 이 친구들과 같이 있을 수 있어서 행복하다는 기분을 느낄 수 있을까. 난 아직 애새끼인데  이대로 떠나는 게 맞는 걸까. 떠나도 되는 걸까. 두렵다.",지리산 2023.02.26 05:23:12 스크랩 조회 133 추천 0 댓글 4,0,133,2023.02.26 05:23:12,https://gall.dcinside.com/mgallery/board/view/?id=goseongjungang&no=1069&page=18
18,1068,[일반],난징대학살 옥션,올킬 혜택,지리산 2023.02.26 03:51:14 스크랩 조회 74 추천 0 댓글 0,0,74,2023.02.26 03:51:14,https://gall.dcinside.com/mgallery/board/view/?id=goseongjungang&no=1068&page=18
18,1067,[일반],내가 진짜 생기부 쓰는 법을 가르쳐주고싶은데,나도 어떻게 학종으로 붙었는지 모르겠어서 못가르쳐주겠음 그냥 한양대가 수학 좋아하는데 내가 수학 4에서 1로 올려서 합격한듯 학종은 요즘 유동으로 눈팅하는 라므가 가르쳐줄거임,지리산 2023.02.26 03:49:14 스크랩 조회 119 추천 0 댓글 0,0,119,2023.02.26 03:49:14,https://gall.dcinside.com/mgallery/board/view/?id=goseongjungang&no=1067&page=18
18,1066,[🖥정보],영어 내신 3등급이 적는 영어 내신 공부법,"영어 내신 시험 범위는 교과서+부교재+모의고사다. 내신 과목 중에서 압도적으로 많은 범위를 자랑하고, 문제 특성상 그 많은 범위를 암기해야 하기 때문에 공부 난도가 어마어마하다. 1등급 맞기 위해선 영어학원이 필수 수준이라고 알려져 있다. 그런데 영어학원을 가면 공부 시간을 엄청나게 잡아먹어서 수학 공부할 시간이 부족하다. 공부에만 올인하든지 영어를 버리든지 수학을 버리든지 해야되는데 보통 수학 버리고 영어에 올인한 영어 한과목충들이 씨발존나게 많다. 그렇지만 꼭 영어학원 안가도 1등급 받을 수 있다. 나는 여기 있는 것들 상당수를 유기했기 때문에 3등급을 받은 것이므로 이걸 보는 앙붕이들은 열심히 공부하자. 1. 단어 암기 그냥 시험범위에 있는 단어 다 외워라 이건 진짜 필수다. 단어 모르면 아무것도 안되니까 시험기간 전에 계속 단어 봐줘야된다. 단어 원형 뿐만 아니라 명사 동사 형용사 부사까지 다 보고 동사면 과거 과거분사까지 다 알아야된다. 이거때문에 감점먹거나 틀리는 경우 ㄹㅇ 많다. 2. 수업시간때 집중하고 필기 이게 제일 중요하다. 영어 시험 범위가 많은걸 선생님들도 알기 때문에 적절히 중요한 부분에서 눈치를 주고 강조한다. 그런 걸 놓치면 서술형 절대 못 적기 때문에 반드시 영어시간때는 집중해서 듣자. 3. 문법 범위마다 중요한 문법이 있는데 이건 영어 공부 하다 보면 다 감이 온다. 수능 문법 문제에 나오는 문법을 보통 문제로 내므로 수능 문법 공부도 도움이 된다. 4. 시험범위 본문 암기 내신영어의 꽃이다. 영어 내신 문제 중에 영작이 있는데 이건 웬만큼 영어 잘하는거 아니면 본문을 외워야 다 적을 수 있다. 그러므로 본문 내용과 한국어 번역은 몇번이고 읽으면서 외우자. 특히 선생님이 강조한 부분은 계속 적어보는게 좋다. 이러면 영어 문장 해석 문제도 금방 풀 수 있어서 좋다. 5. 학습 도구 www.exam4you.com 여기 들어가서 1년권 끊고 학원 안가는 친구들이랑 공유해라 이게 있어야 내신 영어 제대로 공부할 수 있다. 본문 이해, 문법, 영작, 문제까지 다 이걸로 공부하면 된다. 따로 인강 듣는 것도 좋다. 교과서 본문이나 부교재도 ebsi나 사설인강에서 다 해설해주고 모의고사 변형 문제도 만들어준다. 이그젬포유에서 모의고사 분석은 좀 늦게 나오는 경우가 많은데 그럴땐 인강 들으면 된다. 재학생 앙붕이들 모두 영어공부 파이팅해라",지리산 2023.02.26 03:34:11 스크랩 조회 8799 추천 15 댓글 2,15,8799,2023.02.26 03:34:11,https://gall.dcinside.com/mgallery/board/view/?id=goseongjungang&no=1066&page=18
18,1063,[일반],고등학교때 실실 놀았던거 좀 후회되긴 하네,걍 개처놀고 고3때 바짝 하고 정시로 갈걸,지리산 2023.02.26 01:53:45 스크랩 조회 224 추천 1 댓글 1,1,224,2023.02.26 01:53:45,https://gall.dcinside.com/mgallery/board/view/?id=goseongjungang&no=1063&page=18
18,1062,[일반],흠 10시에 출발하는데 잠이 안온다,치지말걸,지리산 2023.02.26 01:52:32 스크랩 조회 81 추천 0 댓글 0,0,81,2023.02.26 01:52:32,https://gall.dcinside.com/mgallery/board/view/?id=goseongjungang&no=1062&page=18
18,1060,[일반],고등학교 출결이 중요한 이유,"만약 일반 땅개 끌려갈 게 아니라 공군, 특전사, UDT, 해병대수색대, 카츄사, 기술행정병(운전병등) 지원할거면 출결 좆밖았을때 페널티 큼 근데 헌혈 8번하면 채워져서 운전병 커트 빡센데 아니면 상관없음",지리산 2023.02.25 23:50:46 스크랩 조회 287 추천 0 댓글 1,0,287,2023.02.25 23:50:46,https://gall.dcinside.com/mgallery/board/view/?id=goseongjungang&no=1060&page=18
18,1058,[✅️인증],재미로 모텔에있는 콘돔 들고왔는데,카드지갑이라 지갑에 넣으면 휘어짐 그래서 이거 처리하려는데 어찌 처리할까,ㅇㅇ (182.231) 2023.02.25 12:03:28 스크랩 조회 272 추천 0 댓글 2,0,272,2023.02.25 12:03:28,https://gall.dcinside.com/mgallery/board/view/?id=goseongjungang&no=1058&page=18
19,1056,[✅️인증],앙붕이 컴활 시험치러옴,우흥 - dc official App,오비탈 2023.02.25 10:52:44 스크랩 조회 113 추천 1 댓글 5,1,113,2023.02.25 10:52:44,https://gall.dcinside.com/mgallery/board/view/?id=goseongjungang&no=1056&page=19
19,1054,[일반],스미싱 입갤,미국 전화번호 ㄷㄷ이,지리산 2023.02.24 12:08:52 스크랩 조회 78 추천 0 댓글 0,0,78,2023.02.24 12:08:52,https://gall.dcinside.com/mgallery/board/view/?id=goseongjungang&no=1054&page=19
19,1050,[일반],내일(토요일 아님 금요일임) 할 일,강병원가서 천식 약 받고 결핵검진하기 다이소가서 향수 사기 목욕탕 가서 때 밀기 친구랑 피씨방,지리산 2023.02.24 02:20:19 스크랩 조회 107 추천 0 댓글 9,0,107,2023.02.24 02:20:19,https://gall.dcinside.com/mgallery/board/view/?id=goseongjungang&no=1050&page=19
19,1049,[일반],야심한 밤에 즐길 컨텐츠가 없구나,디씨도 다 망했노 ㅉㅉ,지리산 2023.02.24 02:13:48 스크랩 조회 59 추천 0 댓글 0,0,59,2023.02.24 02:13:48,https://gall.dcinside.com/mgallery/board/view/?id=goseongjungang&no=1049&page=19
19,1048,[일반],오늘은 우러전 1주년 되는날,언제 끝나냐 - dc official App,오비탈 2023.02.24 02:11:09 스크랩 조회 63 추천 0 댓글 1,0,63,2023.02.24 02:11:09,https://gall.dcinside.com/mgallery/board/view/?id=goseongjungang&no=1048&page=19
19,1047,[일반],메가스터디 학원에서 메가스터디 교재 제본이라니,역시 알파메일 기가채드 씹상남자,지리산 2023.02.24 01:58:11 스크랩 조회 170 추천 0 댓글 0,0,170,2023.02.24 01:58:11,https://gall.dcinside.com/mgallery/board/view/?id=goseongjungang&no=1047&page=19
19,1044,[일반],운동하고 맥주,뛰는 거리를 늘려서 바닷가까지 뛰는데 오늘 맥주 챙겨가봤다. 바다 바라보면서 맥두 한캔 하니까 낭만 지리노,물보틀 2023.02.24 00:00:39 스크랩 조회 107 추천 1 댓글 4,1,107,2023.02.24 00:00:39,https://gall.dcinside.com/mgallery/board/view/?id=goseongjungang&no=1044&page=19
19,1042,[일반],학원선생이 디씨하는거 알든말든 알빠노?,솔직히 학교선생이 알아도 상관 없음 ㅋㅋ 나한테 뭘 할 수 있는데 ㅋㅋ,지리산 2023.02.23 22:50:39 스크랩 조회 154 추천 0 댓글 2,0,154,2023.02.23 22:50:39,https://gall.dcinside.com/mgallery/board/view/?id=goseongjungang&no=1042&page=19
19,1040,[일반],코가 너무 간지러워서 미치겠다,씨발 살려주세요,지리산 2023.02.23 14:01:45 스크랩 조회 111 추천 0 댓글 5,0,111,2023.02.23 14:01:45,https://gall.dcinside.com/mgallery/board/view/?id=goseongjungang&no=1040&page=19
19,1039,[일반],수강신청 1시간 전....pc방 입갤 ㅋㅋ,월요일 공강 만들어서 돌아오겠소,지리산 2023.02.23 10:17:31 스크랩 조회 134 추천 0 댓글 8,0,134,2023.02.23 10:17:31,https://gall.dcinside.com/mgallery/board/view/?id=goseongjungang&no=1039&page=19
19,1038,[일반],씨발 5연승을 했는데,어떻게 티어가 그대로노 ㅠㅠ,오비탈 2023.02.23 00:26:18 스크랩 조회 99 추천 0 댓글 1,0,99,2023.02.23 00:26:18,https://gall.dcinside.com/mgallery/board/view/?id=goseongjungang&no=1038&page=19
19,1035,[일반],이태원 시위를 씨발 왜 고성에서 하냐,심지어 스피커로 윤석열 퇴진 어쩌구 하는 노래 틀어놓음. 옆에 지나가는데 귀청 터질뻔함. 민주당 하는거 존나 역겹네 그냥 - dc official App,중앙고갤러리 2023.02.22 18:33:26 스크랩 조회 218 추천 8 댓글 2,8,218,2023.02.22 18:33:26,https://gall.dcinside.com/mgallery/board/view/?id=goseongjungang&no=1035&page=19
19,1034,[일반],확통을 2학년때 굳이 수업해야하나,"몇몇 이과가 고3때 겁쟁이들의 쉼터로 런한다 해도 확통이 개념 히는데 오래 걸리는 것도 아니고 그런 소수를 위해서 나머지 전부가 1주에 수학 2시간을 손해봐야되는게 안맞는것같음 그리고 이제 보니까 확통하는 이과 거의 없더만 다 미적기하 하고 이제 확통은 3학년으로 올리는게 맞다고 생각한다. 그리고 만약 문과를 위해 확통 수업을 하는거여도 잘못된게, 애초에 문과는 두세명 빼고 다 수포자이기 때문에 수1수2를 세세하게 가르치고 확통은 고3때 잠깐 깔짝 하면 됨",지리산 2023.02.22 18:30:11 스크랩 조회 142 추천 0 댓글 1,0,142,2023.02.22 18:30:11,https://gall.dcinside.com/mgallery/board/view/?id=goseongjungang&no=1034&page=19
19,1031,[❓️질문],학교 수업,학교에서 수학 수업할 때 2학년은 수1이랑 수2랑 같이 한 학기에 진도를 나갈까요? ㅠㅠ,ㅇ (183.104) 2023.02.22 15:28:42 스크랩 조회 141 추천 0 댓글 6,0,141,2023.02.22 15:28:42,https://gall.dcinside.com/mgallery/board/view/?id=goseongjungang&no=1031&page=19
19,1030,[일반],다음주 개강이라는게 믿기지가 않노,시발 폐인 생활 일주일만 더하게 해줘 ㅈㅂ,오비탈 2023.02.22 12:25:17 스크랩 조회 78 추천 0 댓글 0,0,78,2023.02.22 12:25:17,https://gall.dcinside.com/mgallery/board/view/?id=goseongjungang&no=1030&page=19
19,1029,[일반],커리 아직도 못정했으면 수슐랭 꼭 보셈뇨,유익하다,지리산 2023.02.22 11:28:25 스크랩 조회 105 추천 0 댓글 3,0,105,2023.02.22 11:28:25,https://gall.dcinside.com/mgallery/board/view/?id=goseongjungang&no=1029&page=19
19,1027,[일반],1년동안 돈 어마어마하게 썼네,걍 ㅆㅂ 밖에 나가면 돈이노 대학가면 학식만 먹고 살아야겟노...,지리산 2023.02.22 04:08:05 스크랩 조회 100 추천 0 댓글 1,0,100,2023.02.22 04:08:05,https://gall.dcinside.com/mgallery/board/view/?id=goseongjungang&no=1027&page=19
19,1024,[❓️질문],06 정시 앙붕이 강사픽 ㅁㅌㅊ?,국어 이원준 + 김동욱 영어 김기철 수학 김기현 양승진 물리 이광조 + 배기범 or 강민웅 고민중 지구 오지훈 ㅁㅌㅊ? - dc official App,ㅇㅇ (112.163) 2023.02.21 21:52:26 스크랩 조회 253 추천 8 댓글 2,8,253,2023.02.21 21:52:26,https://gall.dcinside.com/mgallery/board/view/?id=goseongjungang&no=1024&page=19
19,1022,[일반],근데 물리 등급도 4등?급이면서 깝치는거 좀 그렇긴 함,소신발언~~~,ㅇㅇ (175.215) 2023.02.21 02:00:11 스크랩 조회 252 추천 9 댓글 2,9,252,2023.02.21 02:00:11,https://gall.dcinside.com/mgallery/board/view/?id=goseongjungang&no=1022&page=19
19,1021,[일반],앙붕이 물리 수특 삼,대학에서 좀 공부해오라노 마루쉑 게이야 저거 어케 공부함 - dc official App,오비탈 2023.02.20 19:26:32 스크랩 조회 127 추천 0 댓글 4,0,127,2023.02.20 19:26:32,https://gall.dcinside.com/mgallery/board/view/?id=goseongjungang&no=1021&page=19
19,1020,[🖥정보],22년 경상도 대학 수시 교과 입결표,22년(23년 현재 기준 재작년 입시) 학생부교과전형 기준 동아대 경성대 동의대 안동대 인제대는 교과전형에서 전과목 반영 안해서 내신 거품낌 https://drive.google.com/file/d/10Eu7U6L8DH-uK-wgoQS8C07L-q63XJZY/view?usp=share_link https://drive.google.com/file/d/10GeNGmDp7iGcA5ZL-8BYA-TvJ2GN_Mbl/view?usp=share_link https://drive.google.com/file/d/10IltG0bKg2eKma9_KDYWmSix0FPtp1LE/view?usp=share_link https://drive.google.com/file/d/10NYw57FeNyR9DREnwMehaFoEqJZZ2hgR/view?usp=share_link 이미지 첨부가 안돼서 부득이하게 구글 드라이브 링크로 대체함,지리산 2023.02.20 16:35:56 스크랩 조회 253 추천 7 댓글 2,7,253,2023.02.20 16:35:56,https://gall.dcinside.com/mgallery/board/view/?id=goseongjungang&no=1020&page=19
19,1017,[일반],본인 경상도 대학 교과 입결표 만들었는데 이미지 업로드가 안되노,사실 설날에 다 만들었는데 아직도 올릴 방법 못찾음,지리산 2023.02.20 14:30:22 스크랩 조회 123 추천 0 댓글 6,0,123,2023.02.20 14:30:22,https://gall.dcinside.com/mgallery/board/view/?id=goseongjungang&no=1017&page=19
19,1016,[일반],게시물도 어느덧 1000개를 넘겼구나,이 갤 ㅁㅌㅊ,오비탈 2023.02.20 13:07:58 스크랩 조회 82 추천 1 댓글 1,1,82,2023.02.20 13:07:58,https://gall.dcinside.com/mgallery/board/view/?id=goseongjungang&no=1016&page=19
19,1014,[일반],화학 하세요 님들아,작년 수능 꼭 풀어보시구 ㅎㅎ,오비탈 2023.02.20 11:48:29 스크랩 조회 97 추천 0 댓글 2,0,97,2023.02.20 11:48:29,https://gall.dcinside.com/mgallery/board/view/?id=goseongjungang&no=1014&page=19
19,1012,[일반],물리하는 남자 왜이리 멋있냐,마루쉑 한테 물리 모르는거 물어보고 있는데 물리가 가오 잡기엔 1등임 ㅇㅇ,ㅇㅇ (115.143) 2023.02.19 22:43:13 스크랩 조회 127 추천 4 댓글 1,4,127,2023.02.19 22:43:13,https://gall.dcinside.com/mgallery/board/view/?id=goseongjungang&no=1012&page=19
19,1010,[일반],농구 하나도 모르는데 슬램덩크 꽤 재밌네,인기많다길래 친구들이랑 보러갔는데 볼만하더라 원작도 안보고 농구도 몰라서 중간중간에 룰부분은 이해가 안됐었는데 몰라도 재밌게 본거 같음. 고성 영화관에서 봤는데 더 큰 화면으로 사운드 빵빵하게 봤으면 더 좋았을텐데 아쉽.. 이제 영화관은 스즈메의 문단속 나올때까지 참아야겠다 - dc official App,중앙고갤러리 2023.02.19 21:44:53 스크랩 조회 109 추천 0 댓글 1,0,109,2023.02.19 21:44:53,https://gall.dcinside.com/mgallery/board/view/?id=goseongjungang&no=1010&page=19
19,1008,[일반],전국 고2 학평 성적표 유출,하지만 경남 충남은 생존 대 종 훈,지리산 2023.02.19 15:07:51 스크랩 조회 147 추천 1 댓글 0,1,147,2023.02.19 15:07:51,https://gall.dcinside.com/mgallery/board/view/?id=goseongjungang&no=1008&page=19
19,1006,[일반],지구과학은 장풍,개꿀잼이다 ㄹㅇ - dc official App,중앙고갤러리 2023.02.18 17:14:03 스크랩 조회 250 추천 0 댓글 3,0,250,2023.02.18 17:14:03,https://gall.dcinside.com/mgallery/board/view/?id=goseongjungang&no=1006&page=19
19,1005,[일반],갤이 너무 파래졌네,그래도 후배들중에 갤창이 적다는건 호재겠지?,ㅇㅇ (223.38) 2023.02.18 10:12:46 스크랩 조회 92 추천 0 댓글 2,0,92,2023.02.18 10:12:46,https://gall.dcinside.com/mgallery/board/view/?id=goseongjungang&no=1005&page=19
19,1004,[일반],어떻게 하면 6시 반까지 술먹고 놀수가 있노,존나 머리 아파서 1시에 자러감 노는데도 체력이 필요한듯 - dc official App,오비탈 2023.02.18 10:01:30 스크랩 조회 138 추천 0 댓글 3,0,138,2023.02.18 10:01:30,https://gall.dcinside.com/mgallery/board/view/?id=goseongjungang&no=1004&page=19
19,1003,[일반],아 시1발 기숙사 떨어졌다,기숙사 2관 공사중이라 자리가 없는지 기숙사 떨어졌네 집에서 공부 될까 모르겠다 하.. 주소지 옮겨 놓을껄 당연히 자리 있을거라 생각한 내 잘못이네 - dc official App,중앙고갤러리 2023.02.17 22:53:06 스크랩 조회 179 추천 1 댓글 2,1,179,2023.02.17 22:53:06,https://gall.dcinside.com/mgallery/board/view/?id=goseongjungang&no=1003&page=19
19,997,[일반],마루쉨 파딱 ㅊㅋㅊㅋ,걍 이렇게 1주딱 3파딱 체제로 가는게 나을 듯 담부턴 막 주지 말고 파딱 모두 동의하면 주세용,오비탈 2023.02.16 00:41:35 스크랩 조회 91 추천 0 댓글 1,0,91,2023.02.16 00:41:35,https://gall.dcinside.com/mgallery/board/view/?id=goseongjungang&no=997&page=19
19,995,[✨리뷰],개좆씹덕앙붕이 피규어샀다,살면서 처음으로 피규어샀다 이거 사고 씹덕들 존경스러워졌다.. 존나 비싼데 수백개씩 모으는 놈들은 ㄹㅇ 뭐냐 - dc official App,중앙고갤러리 2023.02.15 19:23:41 스크랩 조회 113 추천 1 댓글 1,1,113,2023.02.15 19:23:41,https://gall.dcinside.com/mgallery/board/view/?id=goseongjungang&no=995&page=19
19,993,[일반],마루쉑 개새기야 장원영 그리 싫으면 야갤에다 올려라,갤망진창이노,지리산 2023.02.15 16:38:24 스크랩 조회 106 추천 0 댓글 1,0,106,2023.02.15 16:38:24,https://gall.dcinside.com/mgallery/board/view/?id=goseongjungang&no=993&page=19
19,989,[일반],진라면은 씨발 봉투로 원가절감하나,뽀글이 해먹을라다가 질질 새서 그냥 끓여먹음,지리산 2023.02.15 09:43:17 스크랩 조회 100 추천 0 댓글 1,0,100,2023.02.15 09:43:17,https://gall.dcinside.com/mgallery/board/view/?id=goseongjungang&no=989&page=19
19,988,[일반],세대교체,눈물나노 수고했다 오비탈게이야,물보틀 2023.02.15 07:51:57 스크랩 조회 156 추천 6 댓글 1,6,156,2023.02.15 07:51:57,https://gall.dcinside.com/mgallery/board/view/?id=goseongjungang&no=988&page=19
19,987,[일반],파랑색 오비탈,이건 또 감회가 새롭네요,오비탈 2023.02.15 01:06:24 스크랩 조회 91 추천 1 댓글 1,1,91,2023.02.15 01:06:24,https://gall.dcinside.com/mgallery/board/view/?id=goseongjungang&no=987&page=19
19,985,[일반],저 파딱좀,ㅎㅎ... kimsangheon0,오비탈 2023.02.15 00:23:55 스크랩 조회 102 추천 1 댓글 4,1,102,2023.02.15 00:23:55,https://gall.dcinside.com/mgallery/board/view/?id=goseongjungang&no=985&page=19
19,984,[일반],안녕하세요 신임 주딱 중앙고갤러리입니다,갤 관리 열심히 하겠읍니다 절업한 선배 앙붕이들도 많은 이용 부탁드려요 - dc official App,중앙고갤러리 2023.02.15 00:04:24 스크랩 조회 204 추천 9 댓글 5,9,204,2023.02.15 00:04:24,https://gall.dcinside.com/mgallery/board/view/?id=goseongjungang&no=984&page=19
19,981,[일반],주딱으로서의 마지막 글,6개월 동안 재밌었다. 중앙고 갤러리 화이팅!!!!!!!!!!!!,오비탈 2023.02.14 23:58:07 스크랩 조회 178 추천 6 댓글 3,6,178,2023.02.14 23:58:07,https://gall.dcinside.com/mgallery/board/view/?id=goseongjungang&no=981&page=19
19,979,[일반],중앙고갤러리 파래졌네 ㅋㅋ,,지리산 2023.02.14 17:04:38 스크랩 조회 109 추천 0 댓글 2,0,109,2023.02.14 17:04:38,https://gall.dcinside.com/mgallery/board/view/?id=goseongjungang&no=979&page=19
19,976,[일반],오늘은 오비탈의 주딱 임기 마지막 날입니다.,15일 00시 부터 주딱이 중앙고갤러리 게이로 승계가 될 겁니다. 중앙고 갤러리 게이는 댓글에 식별코드 입력해 주세요~,오비탈 2023.02.14 14:07:01 스크랩 조회 105 추천 1 댓글 3,1,105,2023.02.14 14:07:01,https://gall.dcinside.com/mgallery/board/view/?id=goseongjungang&no=976&page=19
19,972,[일반],공부 못하는 여자들 공부할때 특징,,ㅇㅇ (223.38) 2023.02.14 00:40:58 스크랩 조회 157 추천 0 댓글 1,0,157,2023.02.14 00:40:58,https://gall.dcinside.com/mgallery/board/view/?id=goseongjungang&no=972&page=19
19,971,[✅️인증],앙붕이 다이아 찍었다...,ㅁㅌㅊ,오비탈 2023.02.13 22:51:17 스크랩 조회 121 추천 1 댓글 2,1,121,2023.02.13 22:51:17,https://gall.dcinside.com/mgallery/board/view/?id=goseongjungang&no=971&page=19
19,969,[❓️질문],중국이 진짜 대만을 칠까?,- dc official App,오비탈 2023.02.13 22:00:04 스크랩 조회 71 추천 0 댓글 0,0,71,2023.02.13 22:00:04,https://gall.dcinside.com/mgallery/board/view/?id=goseongjungang&no=969&page=19
19,968,[일반],부산대—> 일뽕대학,일본어 하고싶었는데 몇초만에 다 차있노 ㅆㅃ 일본 사상과 역사도 다 차있네 하… - dc official App,오비탈 2023.02.13 14:46:25 스크랩 조회 106 추천 1 댓글 1,1,106,2023.02.13 14:46:25,https://gall.dcinside.com/mgallery/board/view/?id=goseongjungang&no=968&page=19
19,967,[일반],수강신청 교양 ㅈ망했네..,실수로 취소 눌렀다가 그사이에 누가 함 ㅠㅠ - dc official App,오비탈 2023.02.13 14:22:46 스크랩 조회 91 추천 0 댓글 1,0,91,2023.02.13 14:22:46,https://gall.dcinside.com/mgallery/board/view/?id=goseongjungang&no=967&page=19
19,964,[일반],나도 술 가성비 좋은듯,맥주 한캔 먹으니까 취하네,지리산 2023.02.13 03:35:19 스크랩 조회 72 추천 0 댓글 1,0,72,2023.02.13 03:35:19,https://gall.dcinside.com/mgallery/board/view/?id=goseongjungang&no=964&page=19
19,963,[일반],호가든 맥주 ㅈㄴ 맛없네,진지하게 이거먹을바에 필라이트먹음,지리산 2023.02.13 03:27:53 스크랩 조회 88 추천 0 댓글 7,0,88,2023.02.13 03:27:53,https://gall.dcinside.com/mgallery/board/view/?id=goseongjungang&no=963&page=19
19,959,[일반],차단 당한 글 모음,융한스.. 그는 도대체… - dc official App,오비탈 2023.02.12 18:53:29 스크랩 조회 133 추천 1 댓글 3,1,133,2023.02.12 18:53:29,https://gall.dcinside.com/mgallery/board/view/?id=goseongjungang&no=959&page=19
20,957,[일반],내 임기도 얼마 안 남았네,,오비탈 2023.02.12 17:37:32 스크랩 조회 96 추천 0 댓글 3,0,96,2023.02.12 17:37:32,https://gall.dcinside.com/mgallery/board/view/?id=goseongjungang&no=957&page=20
20,952,[일반],본인 팝스 기록,가면 갈수록 유연성 점수 떡락.. - dc official App,중앙고갤러리 2023.02.12 08:24:40 스크랩 조회 148 추천 0 댓글 9,0,148,2023.02.12 08:24:40,https://gall.dcinside.com/mgallery/board/view/?id=goseongjungang&no=952&page=20
20,950,[일반],아이브 얼굴 1짱,반박불가,지리산 2023.02.12 00:01:25 스크랩 조회 91 추천 3 댓글 1,3,91,2023.02.12 00:01:25,https://gall.dcinside.com/mgallery/board/view/?id=goseongjungang&no=950&page=20
20,943,[🎵지듣노],여긴 패션시티~,(79) [MV] Gag Concert Jun Guk Gu(개콘전국구) _ Fashion City(패션 시티) - YouTube,오비탈 2023.02.11 19:07:13 스크랩 조회 80 추천 0 댓글 1,0,80,2023.02.11 19:07:13,https://gall.dcinside.com/mgallery/board/view/?id=goseongjungang&no=943&page=20
20,942,[✨리뷰],서울여행갔다왔는데,괜히 서울이 아니더라 교통부터 시작해서 즐길거리도 많고 문화생활도 쉽게 즐길 수 있고(연극이나 뮤지컬) 여러모로 새로운 경험 많이 한 것 같다. 종종 서울 놀러가고 싶어짐. 부산도 좋았는데 확실히 도시들 인프라가 좋긴 하더라,물보틀 2023.02.11 16:50:09 스크랩 조회 192 추천 5 댓글 8,5,192,2023.02.11 16:50:09,https://gall.dcinside.com/mgallery/board/view/?id=goseongjungang&no=942&page=20
20,939,[일반],올해 중앙고 신입생 물은 좀 괜찮나,앙고 06은 ㄹㅇ MS 많았다던데.,지리산 2023.02.11 04:22:52 스크랩 조회 143 추천 1 댓글 1,1,143,2023.02.11 04:22:52,https://gall.dcinside.com/mgallery/board/view/?id=goseongjungang&no=939&page=20
20,314,[일반],중앙고 갤러리 일동은 주딱의 24년 약대 합격을 기원합니다,Cheers,지리산 2022.09.17 14:11:39 스크랩 조회 250 추천 6 댓글 7,6,250,2022.09.17 14:11:39,https://gall.dcinside.com/mgallery/board/view/?id=goseongjungang&no=314&page=20
20,313,[일반],중앙고 갤러리 일동은 파딱의 서울대 합격을 기원합니다,꼭 합격해서 돌아오시오 - dc official App,오비탈 2022.09.17 14:08:40 스크랩 조회 466 추천 8 댓글 10,8,466,2022.09.17 14:08:40,https://gall.dcinside.com/mgallery/board/view/?id=goseongjungang&no=313&page=20
20,936,[일반],끌올 글 강제로 밑으로 내릴 수 없는건가,흠냐뇨이,지리산 2023.02.10 20:18:39 스크랩 조회 71 추천 0 댓글 1,0,71,2023.02.10 20:18:39,https://gall.dcinside.com/mgallery/board/view/?id=goseongjungang&no=936&page=20
20,934,[일반],부산대 고분자 교수님 이거 닮았더라,강의 내내 웃참함 - dc official App,오비탈 2023.02.10 18:38:16 스크랩 조회 90 추천 1 댓글 2,1,90,2023.02.10 18:38:16,https://gall.dcinside.com/mgallery/board/view/?id=goseongjungang&no=934&page=20
20,931,[일반],부산대 건물은 되게 좋네요,ㄹㅇ goat - dc official App,오비탈 2023.02.10 14:53:42 스크랩 조회 95 추천 1 댓글 1,1,95,2023.02.10 14:53:42,https://gall.dcinside.com/mgallery/board/view/?id=goseongjungang&no=931&page=20
20,930,[🖥정보],올해 수시 결과가,"한양대 1 동국대 1 이화여대 1 부산대 6 + 경북대 3 이런데 걍 정시파이터 두명이 ""중앙대"" ""경희대"" 가버림 ㅋㅋㅋ 좆반고 수시 <<< ㄹㅇ JOAT",지리산 2023.02.10 12:10:57 스크랩 조회 254 추천 0 댓글 0,0,254,2023.02.10 12:10:57,https://gall.dcinside.com/mgallery/board/view/?id=goseongjungang&no=930&page=20
20,929,[일반],정시 파라고 씹새들아,대 ㅈ 영 대 ㅇ 진 왜 이딴데에서 수시를 쳐하노 - dc official App,오비탈 2023.02.10 12:08:21 스크랩 조회 120 추천 0 댓글 0,0,120,2023.02.10 12:08:21,https://gall.dcinside.com/mgallery/board/view/?id=goseongjungang&no=929&page=20
20,928,[일반],걍 씨발 04 앙고 << 다같이 정시 파는게 더 나았음 ㅋㅋ,개좆같은 내신 경쟁 버리고 정시 올인한 애들이 결과가 더 좋노,지리산 2023.02.10 12:00:23 스크랩 조회 135 추천 0 댓글 0,0,135,2023.02.10 12:00:23,https://gall.dcinside.com/mgallery/board/view/?id=goseongjungang&no=928&page=20
20,927,[✅️인증],특보) 04 앙고 최대 아웃풋 또다시 경신,정시파이터가 중앙대 창의ICT 합격했다는 소식 전해드립니다,지리산 2023.02.10 11:56:00 스크랩 조회 241 추천 2 댓글 0,2,241,2023.02.10 11:56:00,https://gall.dcinside.com/mgallery/board/view/?id=goseongjungang&no=927&page=20
20,924,[일반],술게임 좀 외워놔야 겠노,룰 모르면 눈치보이네 ㅋㅋ;; - dc official App,오비탈 2023.02.09 22:59:50 스크랩 조회 98 추천 0 댓글 2,0,98,2023.02.09 22:59:50,https://gall.dcinside.com/mgallery/board/view/?id=goseongjungang&no=924&page=20
20,921,[일반],입결표 볼때마다 화가 남,"입결표만 보면 난 고려대 경영임 ㅋㅋㅋㅋㅋㅋ 현실은 ? ""한양대 경영"" 그치만 나는 한양대도 좋다",지리산 2023.02.09 17:21:14 스크랩 조회 132 추천 0 댓글 2,0,132,2023.02.09 17:21:14,https://gall.dcinside.com/mgallery/board/view/?id=goseongjungang&no=921&page=20
20,919,[✅️인증],앙붕이 부산대 왔다…,응딩이가 떨리노… - dc official App,오비탈 2023.02.09 13:37:24 스크랩 조회 157 추천 1 댓글 3,1,157,2023.02.09 13:37:24,https://gall.dcinside.com/mgallery/board/view/?id=goseongjungang&no=919&page=20
20,913,[✅️인증],고성고 졸업식 와봤는데,중앙고 졸업식 왜케 초라했냐,물보틀 2023.02.08 10:34:38 스크랩 조회 149 추천 0 댓글 2,0,149,2023.02.08 10:34:38,https://gall.dcinside.com/mgallery/board/view/?id=goseongjungang&no=913&page=20
20,909,[일반],존나 멋있었다 ㅇ진아,씹상남자처럼 내신 갖다 버리고 정시파서 경희대 전자 ㄹㅇ 축하한다 니가 ㄹㅇ 중앙고의 희망이다 대 ㅇ 진,오비탈 2023.02.07 20:19:37 스크랩 조회 127 추천 2 댓글 1,2,127,2023.02.07 20:19:37,https://gall.dcinside.com/mgallery/board/view/?id=goseongjungang&no=909&page=20
20,908,[✅️인증],특보)04 앙고 최고 아웃풋 경신,정시파이터 한 명이 경희대 전자공학과 합격했다는 소식 전해드립니다 경희전자>>한양경영이므로 04 앙고 최고 아웃풋 경신,지리산 2023.02.07 19:35:13 스크랩 조회 225 추천 1 댓글 6,1,225,2023.02.07 19:35:13,https://gall.dcinside.com/mgallery/board/view/?id=goseongjungang&no=908&page=20
20,907,[일반],파딱게이 생일축하한다,탄죠비 오메데또 - dc official App,중앙고갤러리 2023.02.07 15:51:19 스크랩 조회 83 추천 1 댓글 1,1,83,2023.02.07 15:51:19,https://gall.dcinside.com/mgallery/board/view/?id=goseongjungang&no=907&page=20
20,901,[❓️질문],50-60 잡고 그래픽카드 함 사볼라는데,머사지 3060 ti 정도면 적당할려나 ㅇㅇ? - dc official App,오비탈 2023.02.06 20:58:17 스크랩 조회 95 추천 0 댓글 2,0,95,2023.02.06 20:58:17,https://gall.dcinside.com/mgallery/board/view/?id=goseongjungang&no=901&page=20
20,900,[일반],마루쉨❤융한스,둘이 걍 사겨라,오비탈 2023.02.06 19:20:08 스크랩 조회 146 추천 1 댓글 3,1,146,2023.02.06 19:20:08,https://gall.dcinside.com/mgallery/board/view/?id=goseongjungang&no=900&page=20
20,898,[일반],잡히면 손목에 칼 그어버린다,선 넘지마라,ㅇㅇ (112.148) 2023.02.06 14:11:00 스크랩 조회 119 추천 0 댓글 0,0,119,2023.02.06 14:11:00,https://gall.dcinside.com/mgallery/board/view/?id=goseongjungang&no=898&page=20
20,897,[일반],재종반 2월달에 개강하나?,2월말? - dc official App,ㅇㅇ (112.163) 2023.02.06 13:54:57 스크랩 조회 92 추천 0 댓글 1,0,92,2023.02.06 13:54:57,https://gall.dcinside.com/mgallery/board/view/?id=goseongjungang&no=897&page=20
20,895,[일반],컷,,지리산 2023.02.06 13:04:04 스크랩 조회 103 추천 0 댓글 1,0,103,2023.02.06 13:04:04,https://gall.dcinside.com/mgallery/board/view/?id=goseongjungang&no=895&page=20
20,893,[일반],더이상 사람 이름 밝혀서 글을 쓸 경우,앙갤법 2조에 근거 글 삭제 및 더 나아가 차단 까지 당할 수 있습니다 조심해 주세용 - dc official App,오비탈 2023.02.06 12:09:14 스크랩 조회 129 추천 0 댓글 0,0,129,2023.02.06 12:09:14,https://gall.dcinside.com/mgallery/board/view/?id=goseongjungang&no=893&page=20
20,890,[일반],패드립 싹 컷 해야되나 모르겠네 오비탈님 어케할까요,해 말아,지리산 2023.02.06 10:14:51 스크랩 조회 110 추천 0 댓글 1,0,110,2023.02.06 10:14:51,https://gall.dcinside.com/mgallery/board/view/?id=goseongjungang&no=890&page=20
20,888,[일반],요즘따라 롯데리아 불고기버거가 먹고싶음,맛만 따지자면 국내 최고 햄버거가 아닐까,지리산 2023.02.06 09:50:24 스크랩 조회 104 추천 0 댓글 1,0,104,2023.02.06 09:50:24,https://gall.dcinside.com/mgallery/board/view/?id=goseongjungang&no=888&page=20
20,885,[일반],갤 뭐냐 ㅆㅂ,왜 개판됐노,지리산 2023.02.06 08:02:30 스크랩 조회 77 추천 0 댓글 0,0,77,2023.02.06 08:02:30,https://gall.dcinside.com/mgallery/board/view/?id=goseongjungang&no=885&page=20
20,883,[일반],시1발 갤 왜 분탕갤됐냐,이러다 갤 망해-- - dc official App,중앙고갤러리 2023.02.06 01:45:57 스크랩 조회 104 추천 0 댓글 0,0,104,2023.02.06 01:45:57,https://gall.dcinside.com/mgallery/board/view/?id=goseongjungang&no=883&page=20
20,879,[일반],지금부터,,오비탈 2023.02.06 00:43:55 스크랩 조회 102 추천 5 댓글 1,5,102,2023.02.06 00:43:55,https://gall.dcinside.com/mgallery/board/view/?id=goseongjungang&no=879&page=20
20,876,[일반],융햔스,정체를 밝혀라 몇년생이고 앙고생 맞냐? 그리고 대학 어디다니냐 인증하면 존경해준다 수능 성적표도 인증 해주면 좋고,ㅇㅇ (115.143) 2023.02.05 23:50:10 스크랩 조회 94 추천 1 댓글 0,1,94,2023.02.05 23:50:10,https://gall.dcinside.com/mgallery/board/view/?id=goseongjungang&no=876&page=20
20,874,[일반],3km  달리는거,거제랑 어제 21분대 나오다가 오늘 존나 달려서 19분대 떴는데 평균이 15분이라네.. 갈 길이 멀다.. 앙붕이들은 몇분 정도 나오노,물보틀 2023.02.05 23:43:22 스크랩 조회 99 추천 0 댓글 2,0,99,2023.02.05 23:43:22,https://gall.dcinside.com/mgallery/board/view/?id=goseongjungang&no=874&page=20
20,867,[일반],달집태우기 행사 보고 가요,네,지리산 2023.02.05 19:12:01 스크랩 조회 93 추천 0 댓글 1,0,93,2023.02.05 19:12:01,https://gall.dcinside.com/mgallery/board/view/?id=goseongjungang&no=867&page=20
20,866,[일반],모솔이다-> 개추 ㅋㅋㅋㅋ,우흥 - dc official App,오비탈 2023.02.05 12:42:23 스크랩 조회 172 추천 9 댓글 3,9,172,2023.02.05 12:42:23,https://gall.dcinside.com/mgallery/board/view/?id=goseongjungang&no=866&page=20
20,862,[일반],요새 급격하게 살이 다시 찌길래,운동 시작했는데 올 초에 운동한거 다 초기화된 것 같다.. 대학 가기 전까지 다시 건강 되찾아야겠다,물보틀 2023.02.04 21:55:56 스크랩 조회 111 추천 0 댓글 2,0,111,2023.02.04 21:55:56,https://gall.dcinside.com/mgallery/board/view/?id=goseongjungang&no=862&page=20
20,859,[일반],올해 고3들에선 서울대나 메디컬 나올 수 있나,아니면 올해도 부산대 폭탄인가 내신 1점대 몇명~?,지리산 2023.02.04 13:13:36 스크랩 조회 165 추천 0 댓글 3,0,165,2023.02.04 13:13:36,https://gall.dcinside.com/mgallery/board/view/?id=goseongjungang&no=859&page=20
20,858,[일반],수학 내신 특,고1 초반에는 애들 다 열심히 하는데 시간이 지날수록 수포자가 불어나 3등급 까지는 날먹이 가능하다. 하지만 1등급은 소수 몇명만이 경쟁하는 그들만의 리그가 펼쳐진다. - dc official App,오비탈 2023.02.04 13:10:56 스크랩 조회 194 추천 6 댓글 3,6,194,2023.02.04 13:10:56,https://gall.dcinside.com/mgallery/board/view/?id=goseongjungang&no=858&page=20
20,857,[일반],막차 30분 땡겨진건 좀 그렇네,아무리 할매들이 빨리 잔다 해도 있는 막차를 땡기면 어캄 7시 반 막차는 좀 너무하지않나;;,지리산 2023.02.04 13:09:49 스크랩 조회 95 추천 0 댓글 2,0,95,2023.02.04 13:09:49,https://gall.dcinside.com/mgallery/board/view/?id=goseongjungang&no=857&page=20
20,853,[일반],숨마쿰라우데 요즘도 쓰는 사람이 있나,걍 시발점 하라노,지리산 2023.02.03 22:03:36 스크랩 조회 106 추천 0 댓글 0,0,106,2023.02.03 22:03:36,https://gall.dcinside.com/mgallery/board/view/?id=goseongjungang&no=853&page=20
20,844,[일반],고2랑 고3 모고는 차원이 다르긴 함,"문제 배열부터 난이도, 나오는 등급까지 나도 국어 고2 11모까진 높2였는데 고3 3모때 5로 수직 낙하했다 자기가 잘한다고 방심하지 않는 것이 중요하다.",오비탈 2023.02.03 21:14:11 스크랩 조회 285 추천 0 댓글 1,0,285,2023.02.03 21:14:11,https://gall.dcinside.com/mgallery/board/view/?id=goseongjungang&no=844&page=20
20,843,[일반],외 진짜 내년에 군대구나,내년에 신검이구나...와 진짜 벌써 이렇게 됐다고.. - dc official App,중앙고갤러리 2023.02.03 19:55:51 스크랩 조회 91 추천 0 댓글 0,0,91,2023.02.03 19:55:51,https://gall.dcinside.com/mgallery/board/view/?id=goseongjungang&no=843&page=20
20,839,[일반],앙갤도 망했구만 ㅉㅉ,에휴,지리산 2023.02.03 01:02:57 스크랩 조회 104 추천 0 댓글 1,0,104,2023.02.03 01:02:57,https://gall.dcinside.com/mgallery/board/view/?id=goseongjungang&no=839&page=20
20,835,[일반],국민 숭실 세종 단국 << 이름력 ㅎㅌㅊ,먼가 광운대가 더 쎄보임,지리산 2023.02.01 13:11:33 스크랩 조회 97 추천 0 댓글 1,0,97,2023.02.01 13:11:33,https://gall.dcinside.com/mgallery/board/view/?id=goseongjungang&no=835&page=20
20,834,[🖥정보],빡갤펌) 2024 수능특강 독서 소재,"교과서 개념 학습 01. 독서의 본질 ① 실학의 자연 인식 ② 기능주의 철학과 중국어 방 논증 ③ 어떤 책을 읽을 것인가 02. 독서의 방법 ① 사실적 읽기: 화학 전지에서의 양극과 음극 결정 ② 추론적 읽기: 시장 집중도 지표 ③ 비판적 읽기: 스피노자의 사상 ④ 감상적 읽기: 왕실의 잔치, 진연 ⑤ 창의적 읽기: 데리다의 경계와 예술 03. 독서의 분야 ① 빈곤의 기준과 조세 제도를 활용한 부의 재분배 정책 ② 세계 시민주의 ③ 소리 세기의 지각 04. 독서의 태도 ① 능동적인 독서 태도 ② 동소체 인문·예술 인문·예술01 ‘나는 왜 윤리적으로 행위해야 하는가’라는 물음에 대한 고찰 인문·예술02 그린버그의 미술 비평 인문·예술03 라캉의 욕망 이론 인문·예술04 베르그송과 들뢰즈 인문·예술05 캠벨의 신화 이론 인문·예술06 공적 영역과 사적 영역 인문·예술07 르네상스 음악 인문·예술08 아그리파의 논변 인문·예술09 퍼스의 가추법 인문·예술10 사회 계약론 인문·예술11 드레이의 행위 설명 이론 인문·예술12 요제프 보이스의 예술 개념 인문·예술13 시간과 공간의 문화사 사회·문화 사회·문화01 위협 소구 사회·문화02 거버넌스 이론 사회·문화03 대공황의 원인과 경제 정책 사회·문화04 데이터 소유권과 데이터 경제 사회·문화05 박물관과 사회의 관계 사회·문화06 국제 수지의 이해와 활용 사회·문화07 선거 방송 보도의 종류와 특징 사회·문화08 노무 제공자의 법적 지위와 보호 사회·문화09 채권의 발행 및 가격 결정 방식 사회·문화10 조선 시대 소송 제도 사회·문화11 헌법 재판 사회·문화12 공공 선택론 사회·문화13 문턱값과 재화의 도달 거리 과학·기술 과학·기술01 행위자-연결망 이론 과학·기술02 핵 재처리 기술 과학·기술03 창의성과 뇌 과학·기술04 화학 반응과 촉매 과학·기술05 OSI 참조 모델 과학·기술06 케플러와 지구의 타원 궤도 운동 과학·기술07 다양한 저울의 측정 원리 과학·기술08 이상치와 결측치의 처리 과학·기술09 인공 지능이 만드는 진화 음악 과학·기술10 진동 센서 과학·기술11 퓨가시티-기체의 비이상성 과학·기술12 전계 방출 과학·기술13 기체 크로마토그래피 주제 통합 주제 통합01 진화와 행동 주제 통합02 시간 구분 방법과 조선의 시간 통제 주제 통합03 전통적인 신용 중개와 그림자 금융 주제 통합04 음악의 의미와 대상의 문제 주제 통합05 한비자와 마키아벨리의 통치론 주제 통합06 불확정성의 원리 주제 통합07 세상에 대한 인식과 관련된 언어 철학적 논쟁 주제 통합08 강수의 원리와 인공 강우의 원리 주제 통합09 전자기파 주제 통합10 증강 현실의 공간 인식과 현존감 주제 통합11 조세의 목표와 조세가 시장에 미치는 영향 주제 통합12 과학과 철학에서의 상대주의 실전학습 실전학습01 [01~03] 과정으로서의 독서 [04~07] 삼각 측량 논증 [08~11] 물권 행위 [12~17] 시간 생물학 실전학습02 [01~03] 독자에게 ‘좋은 글’ 읽기 [04~07] 회전 기준계의 가상의 힘 [08~12] 왕수인의 주체성의 철학 [13~17] 환율 모형과 작동 원리 ​",지리산 2023.02.01 12:50:14 스크랩 조회 479 추천 0 댓글 1,0,479,2023.02.01 12:50:14,https://gall.dcinside.com/mgallery/board/view/?id=goseongjungang&no=834&page=20
20,830,[일반],좌파 친북병신 문재인을 한대 때리맥이고~,,오비탈 2023.01.31 21:04:02 스크랩 조회 133 추천 0 댓글 2,0,133,2023.01.31 21:04:02,https://gall.dcinside.com/mgallery/board/view/?id=goseongjungang&no=830&page=20
20,828,[일반],이거 보고 버튜버에 편견 있던거 사라졌다,라루로상 따라 유쿠수 되겟노,지리산 2023.01.31 18:59:37 스크랩 조회 127 추천 0 댓글 4,0,127,2023.01.31 18:59:37,https://gall.dcinside.com/mgallery/board/view/?id=goseongjungang&no=828&page=20
20,824,[🖥정보],중앙고 갤러리의 역사에 대해 알아보자,"시즌 1 (2021 3월-2021 9월경) 주딱 : 지리산 파딱 : 없음 이용자 : 04, 03, +05 첫번째로 생긴 중앙고 갤러리다. 지리산이 처음 팠으며 초기에는 사람이 없어 지리산의 글밖에 없던 시절이었다. 중앙고 갤러리가 생겼다는 소식에 19-20년도에 호이갤 몇번 들어가본 이후 안들어갔던 디시를 오랜만에 켜서 재밌게 놀았던 기억이 난다. 시즌 1 념글 그러나 이 평화로웠던 중앙고 갤러리도 얼마 가지 않았으니… 03의 앙고 갤 침공 (2021 8월) 선생을 자처하는 누군가의 등장 … 이 글 이후로 수많은 03 의 테러가 이어지게 되고 지리산과 오비탈은 숨어사는 처지가 되었다 지리산에게 섹1스를 가르쳐 주겠다는 선배까지 등장하면서 지리산은 도게자를 박는다 솔직히 저때 앙갤이 개 꿀잼이었음 ㅋㅋㅋㅋ 이후 지리산이 선생한테 불려가면서 며칠뒤 앙갤이 터진다 시즌 2 (2021 11월경) 주딱 : 지리산 파딱 : 오비탈 이용자 : 03, 04 2022수능이 끝난후 03이 앙갤에 더이상 관심이 없을 것이라고 판단해서 다시 만들었다. 하지만 이것도 착각이었다… 03의 앙갤 재침공 (2021년 11월경) 다시 테러가 이어지면서 갤이 다시 터지고 만다 ㅠㅠ 솔직히 지리산이 조금 성급했었다. 시즌 3 (2022 8월- 현재) 주딱 : 오비탈 파딱 : 지리산 (2023년 2월 15일~) -> 주딱 : 중앙고 갤러리 파딱 : 지리산, 오비탈, ""마루쉑"" (2023년 2월 16일~) 이용자 : 04, 05, 06, 07 지금의 갤러리이다. 수험생활중 심심해서 만들었다. 지리산이 너무 쫄아있길래 내가 팠다. 광고(?)가 성공하면서 제법 이용자 수가 많아졌고, 글도 많이 올라오며, 타학교 학생도 종종 찾아온다. 세대교체를 명목으로 주딱이 오비탈에서 중앙고 갤러리로 승계될 예정이다. 앞으로도 이 갤러리가 잘 되었으면 한다. 대학을 가더라도 생각날때마다 찾아오도록 하겠다.",오비탈 2023.01.29 12:05:33 스크랩 조회 413 추천 6 댓글 6,6,413,2023.01.29 12:05:33,https://gall.dcinside.com/mgallery/board/view/?id=goseongjungang&no=824&page=20
