페이지,게시글번호,말머리,제목,내용,글쓴이,추천수,조회수,날짜,링크
2,2156,[일반],엘베,수리해야하느라 못타서 빡쳤으면 개추 ㅋㅋ,"광갤러(104.28) 2025.11.05 19:54:19
스크랩 조회 693 추천 11 댓글 5",11,693,2025.11.05 19:54:19,https://gall.dcinside.com/mini/board/view/?id=rhkdtjdrh&no=2156&page=2
2,2143,[일반],아리아나 그란데가 한마유지로 만나면 어떻게 됨,"오바마 트럼프 미국 대통령들조차 벌벌떠는데 땀뻘뻘
흘리고 굴복 하는데

이런애가 한마유지로 만나면 어떻게 됨
- dc official App","디바(211.235) 2025.10.21 13:09:50
스크랩 조회 536 추천 0 댓글 3",0,536,2025.10.21 13:09:50,https://gall.dcinside.com/mini/board/view/?id=rhkdtjdrh&no=2143&page=2
2,2137,[일반],시험끝난 광붕이마음,- dc official App,"ㅇㅇ(222.110) 2025.09.30 18:20:58
스크랩 조회 827 추천 5 댓글 4",5,827,2025.09.30 18:20:58,https://gall.dcinside.com/mini/board/view/?id=rhkdtjdrh&no=2137&page=2
2,2135,[일반],실시간 이새끼 뭐냐 ㅋㅋㅋㅋ,광평 씨발 ㅋㅋ,"ㅇㅇ(211.169) 2025.09.29 07:42:15
스크랩 조회 1923 추천 28 댓글 13",28,1923,2025.09.29 07:42:15,https://gall.dcinside.com/mini/board/view/?id=rhkdtjdrh&no=2135&page=2
2,2134,[일반],ㄱㄱㅇㄴㅇㅌㄷ,ㄱㄱㅇㄴㅇㅌㄷ,"제시이리인가드 2025.09.24 15:49:41
스크랩 조회 630 추천 3 댓글 1",3,630,2025.09.24 15:49:41,https://gall.dcinside.com/mini/board/view/?id=rhkdtjdrh&no=2134&page=2
2,2133,[일반],ㅊㅁㅅ❤+ㅂㅂㅈㄴㅈㅇㅈㄴ,ㅊㅁㅅ❤ㅈㅇㅈ 응원해 2반,"ㅇㅇ(211.235) 2025.09.23 08:34:48
스크랩 조회 1045 추천 53 댓글 0",53,1045,2025.09.23 08:34:48,https://gall.dcinside.com/mini/board/view/?id=rhkdtjdrh&no=2133&page=2
2,2131,[일반],광성 지리는,ㄱㅅㅂ ㅇㅊㅇ 둘중 누가 더 고트임?,"광갤러(125.177) 2025.09.22 02:30:59
스크랩 조회 622 추천 3 댓글 1",3,622,2025.09.22 02:30:59,https://gall.dcinside.com/mini/board/view/?id=rhkdtjdrh&no=2131&page=2
2,2130,[일반],갤다뒤네 ㅋㅋ,글좀 싸라,"제시이리인가드 2025.09.20 10:29:23
스크랩 조회 514 추천 7 댓글 3",7,514,2025.09.20 10:29:23,https://gall.dcinside.com/mini/board/view/?id=rhkdtjdrh&no=2130&page=2
2,2123,[일반],국어 쌤 뭐 허리가 아프신거냐,"ㅇㅈㅎ쌤 인가 그분

보호대 차고 다니셨던거 같은데","제시이리인가드 2025.09.15 16:00:30
스크랩 조회 730 추천 3 댓글 0",3,730,2025.09.15 16:00:30,https://gall.dcinside.com/mini/board/view/?id=rhkdtjdrh&no=2123&page=2
2,2120,[일반],3학년에 키 작으신 선배님 성함이 뭔가요?,"제가 친구인줄 알고 엉덩이를 만졌는데 선배님이시더라구요..
사과 드리고 싶은데 성함이 뭔지 알려주실수있나여","ㅇㅇ(104.28) 2025.09.13 17:07:43
스크랩 조회 1163 추천 23 댓글 6",23,1163,2025.09.13 17:07:43,https://gall.dcinside.com/mini/board/view/?id=rhkdtjdrh&no=2120&page=2
2,2119,[일반],금요일이다 화이팅해보자,주말이 기다린다,"제시이리인가드 2025.09.12 07:05:20
스크랩 조회 384 추천 6 댓글 0",6,384,2025.09.12 07:05:20,https://gall.dcinside.com/mini/board/view/?id=rhkdtjdrh&no=2119&page=2
2,2116,[일반],과학 ㅇㅁㄱ,어떰,"ㅇㅇ(211.169) 2025.09.10 20:53:10
스크랩 조회 546 추천 1 댓글 1",1,546,2025.09.10 20:53:10,https://gall.dcinside.com/mini/board/view/?id=rhkdtjdrh&no=2116&page=2
2,2115,[일반],국어 한명 병가냈네,선생님 하나 대체됨,"제시이리인가드 2025.09.10 05:45:40
스크랩 조회 636 추천 0 댓글 1",0,636,2025.09.10 05:45:40,https://gall.dcinside.com/mini/board/view/?id=rhkdtjdrh&no=2115&page=2
2,2114,[일반],일본어가 진짜 전과목 최고 고트라고 생각함,"여ㅇ순T

체육 신ㅅ호T도 ㅜ","제시이리인가드 2025.09.09 07:44:36
스크랩 조회 841 추천 11 댓글 1",11,841,2025.09.09 07:44:36,https://gall.dcinside.com/mini/board/view/?id=rhkdtjdrh&no=2114&page=2
2,2101,[일반],일본어 선생님 어떤가요,제목이 곧 내용.,"ㅇㅇ(211.169) 2025.09.04 09:02:04
스크랩 조회 685 추천 2 댓글 2",2,685,2025.09.04 09:02:04,https://gall.dcinside.com/mini/board/view/?id=rhkdtjdrh&no=2101&page=2
2,2100,[일반],에어컨 그만 좀 꺼라,"애미뒤진련 덥다고 추우면 옷을쳐 껴입든가 지 혼자 아주 씨발 교실 다쓰는것도 아니고 앰창련이 자꾸 끄네
- dc official App","ㅇㅇ(211.169) 2025.09.01 10:01:07
스크랩 조회 555 추천 10 댓글 3",10,555,2025.09.01 10:01:07,https://gall.dcinside.com/mini/board/view/?id=rhkdtjdrh&no=2100&page=2
2,2091,[일반],안녕하세요,"신입으로 들어온 보래플럽니다. 질질싸게 해드리겠습니다
1찍 상대안합니다.
- dc official App","보래플러 2025.08.19 09:40:18
스크랩 조회 451 추천 4 댓글 2",4,451,2025.08.19 09:40:18,https://gall.dcinside.com/mini/board/view/?id=rhkdtjdrh&no=2091&page=2
2,2090,[일반],왤케 재미가 없냐,마치 내 얼굴처럼,"ㅇㅇ(211.169) 2025.08.19 08:49:32
스크랩 조회 279 추천 2 댓글 0",2,279,2025.08.19 08:49:32,https://gall.dcinside.com/mini/board/view/?id=rhkdtjdrh&no=2090&page=2
2,2083,[일반],대명문 광성 쌤들,"1.좆도 말도 안되는 논리로 씨부리기가 주특기

2.본인들이 학생 보다 위에 있다는 사실로 우월감 느끼고 우리를 짓누르려함(특히 여자쌤들 ㅋㅋ)

3.별 시덥지 않은 걸로 이 악물고 조지는데 항상 교무실이나 선생님들 많은 곳에서 조짐—>이건 훈육이나 가르침이 아니라 애들 쪽팔림 줌으로써 자기 권위 의식 높이는 악질 행동임(특히 여자쌤들 ㅋㅋ)

4.정말 광성에서 좋은 쌤들 찾고 싶으면 결혼하시고 가정 꾸린 분들이나 나이 지긋하신 분들한테 의지하면 됨(결혼 못하는데에는 이유가 있음 ㅋㅋ)

5.이와같이 선생들에 대한 글에는 ㅈㄴ 긁혀서 매일와서 비추 누름ㅋㅋ(이 글도 비추 많아질 예정)","ㅇㅇ(118.235) 2025.07.27 22:56:43
스크랩 조회 1723 추천 67 댓글 8",67,1723,2025.07.27 22:56:43,https://gall.dcinside.com/mini/board/view/?id=rhkdtjdrh&no=2083&page=2
2,2081,[일반],ㅂㅁㄱㅂㅅ,ㅈㄱㄴ,"ㅇㅇ(211.169) 2025.07.21 07:43:23
스크랩 조회 1043 추천 64 댓글 7",64,1043,2025.07.21 07:43:23,https://gall.dcinside.com/mini/board/view/?id=rhkdtjdrh&no=2081&page=2
2,2077,[일반],3학년 그 깜둥이 농구년ㅋㅋ ㅈㄴ조용한 새끼,조용빈이었나 존나 나대고잇네 병신새끼,"ㅇㅇ(211.169) 2025.07.15 12:32:29
스크랩 조회 1333 추천 21 댓글 2",21,1333,2025.07.15 12:32:29,https://gall.dcinside.com/mini/board/view/?id=rhkdtjdrh&no=2077&page=2
2,2076,[일반],광댓국,ㅅㅂ 맛있다 맛있다 빨아주니까 요즘 ㅈㄴ 나옴,"ㅇㅇ(211.246) 2025.07.15 00:41:37
스크랩 조회 631 추천 6 댓글 0",6,631,2025.07.15 00:41:37,https://gall.dcinside.com/mini/board/view/?id=rhkdtjdrh&no=2076&page=2
2,2075,[일반],장애,ㅂㅁㄱ ㅇㄹㅅㅇㄹ ㄱㄹㄱ?,"ㅇㅇ(104.131) 2025.07.14 17:54:53
스크랩 조회 545 추천 1 댓글 0",1,545,2025.07.14 17:54:53,https://gall.dcinside.com/mini/board/view/?id=rhkdtjdrh&no=2075&page=2
2,2074,[일반],영어,ㄱㅎㅈ 거르셈,"ㅇㅇ(118.235) 2025.07.14 08:38:44
스크랩 조회 1411 추천 28 댓글 12",28,1411,2025.07.14 08:38:44,https://gall.dcinside.com/mini/board/view/?id=rhkdtjdrh&no=2074&page=2
2,2072,[일반],진짜 애미없는애,"이 개새끼들
- dc official App","ㅇㅇ(211.169) 2025.07.11 16:09:39
스크랩 조회 1433 추천 19 댓글 3",19,1433,2025.07.11 16:09:39,https://gall.dcinside.com/mini/board/view/?id=rhkdtjdrh&no=2072&page=2
2,2071,[일반],이거는 뭐하는 새끼임?,"여기 처넣는새끼들은 진짜 뭐지
가정교육 못받았나
- dc official App","ㅇㅇ(211.234) 2025.07.11 11:58:03
스크랩 조회 1017 추천 5 댓글 2",5,1017,2025.07.11 11:58:03,https://gall.dcinside.com/mini/board/view/?id=rhkdtjdrh&no=2071&page=2
2,2069,[일반],현 3학년들 와꾸,"확실히 다르긴 다르네
다들 공부 열심히 해야할듯
- dc official App","dillema 2025.07.10 07:37:35
스크랩 조회 1053 추천 15 댓글 2",15,1053,2025.07.10 07:37:35,https://gall.dcinside.com/mini/board/view/?id=rhkdtjdrh&no=2069&page=2
2,2068,[일반],광성고를 떠나야하는 이유를 araboja..,"잠깐, 화난 거 알겠어.

근데 지금 상황에서 최선의 선택은 개추를 눌러 니 불행을 최대한 많이 나누는 것 아닐까?

현명한 판단 기다릴게.","찐현우(211.171) 2025.07.09 09:28:52
스크랩 조회 1073 추천 8 댓글 3",8,1073,2025.07.09 09:28:52,https://gall.dcinside.com/mini/board/view/?id=rhkdtjdrh&no=2068&page=2
2,2065,[일반],이메일,광성고 이메일있음?이메일있으년어케봄,"ㅇㅇ(211.235) 2025.07.08 07:56:45
스크랩 조회 359 추천 2 댓글 0",2,359,2025.07.08 07:56:45,https://gall.dcinside.com/mini/board/view/?id=rhkdtjdrh&no=2065&page=2
2,2064,[일반],광성 쌤들,"광성쌤들 너무 극과극임
고트 아니면 씹하타치 둘중 하나임..
중간이 없음
게다가 본인들끼리 소통도 안하는지 학교 규정 서로 말이 다름
이러이런거 때매 벌점 준다했을때 어? 저 쌤은 괜찮다하셨는데요 ??하면 갑자기 자기가 맞다면서 우김 ㅋㅋ
일단 광성 국어,영어는 다 거르셈","ㅇㅇ(211.217) 2025.07.07 23:14:30
스크랩 조회 1264 추천 19 댓글 7",19,1264,2025.07.07 23:14:30,https://gall.dcinside.com/mini/board/view/?id=rhkdtjdrh&no=2064&page=2
2,2062,[일반],3학년 기말 미적분,"누가 냄??
진짜 살면서 본 시험 중에 제일 골때렸다...
- dc official App","ㅇㅇ(61.253) 2025.07.03 17:50:08
스크랩 조회 697 추천 5 댓글 1",5,697,2025.07.03 17:50:08,https://gall.dcinside.com/mini/board/view/?id=rhkdtjdrh&no=2062&page=2
2,2061,[일반],광성고에 할매년들,"왜케 많음
- dc official App","ㅇㅇ(106.101) 2025.07.03 11:44:16
스크랩 조회 946 추천 2 댓글 6",2,946,2025.07.03 11:44:16,https://gall.dcinside.com/mini/board/view/?id=rhkdtjdrh&no=2061&page=2
2,2060,[일반],밑 밑글 쓴 이현운데,"2학년새끼들 쳐깝싸지 마라
할거면 주차장으로 와라
싸지까자 씨발럼들아
- dc official App","ㅇㅇ(223.38) 2025.07.02 14:10:01
스크랩 조회 564 추천 0 댓글 2",0,564,2025.07.02 14:10:01,https://gall.dcinside.com/mini/board/view/?id=rhkdtjdrh&no=2060&page=2
2,2058,[일반],"동성애자는 아닌데..,,,","잠깐, 화난 거 알겠어.

근데 지금 상황에서 최선의 선택은 개추를 눌러 니 불행을 최대한 많이 나누는 것 아닐까?

현명한 판단 기다릴게.","찐현민(211.171) 2025.06.30 11:36:53
스크랩 조회 1292 추천 11 댓글 3",11,1292,2025.06.30 11:36:53,https://gall.dcinside.com/mini/board/view/?id=rhkdtjdrh&no=2058&page=2
2,2057,[일반],기말고사,벌써 망한거같으면 개추 ㅋㅋ,"ㅇㅇ(119.192) 2025.06.29 22:27:44
스크랩 조회 495 추천 2 댓글 2",2,495,2025.06.29 22:27:44,https://gall.dcinside.com/mini/board/view/?id=rhkdtjdrh&no=2057&page=2
2,2056,[일반],나 3학년 이현우인데,뭐 어쩌라고,"응아니고(211.169) 2025.06.27 15:08:40
스크랩 조회 686 추천 0 댓글 3",0,686,2025.06.27 15:08:40,https://gall.dcinside.com/mini/board/view/?id=rhkdtjdrh&no=2056&page=2
2,2055,[일반],3학년 ㅈㅇㅂ 까불지 마라,디질래?,"ㅇㅇ(211.169) 2025.06.27 13:34:26
스크랩 조회 798 추천 16 댓글 6",16,798,2025.06.27 13:34:26,https://gall.dcinside.com/mini/board/view/?id=rhkdtjdrh&no=2055&page=2
2,2051,[일반],“ 광성 만지회 ” 한 번 만들어야겠노,"역대 초대 총장 “덴지08”
- dc official App","덴지의체인소 2025.06.27 03:04:56
스크랩 조회 652 추천 2 댓글 3",2,652,2025.06.27 03:04:56,https://gall.dcinside.com/mini/board/view/?id=rhkdtjdrh&no=2051&page=2
2,2050,[일반],나 09 ㄴㅇㅎ인데 ㅋㅋ,"내일 팍! 그냥 알지?
맞짱까자
- dc official App","ㅇㅇ(106.102) 2025.06.26 20:07:34
스크랩 조회 549 추천 0 댓글 1",0,549,2025.06.26 20:07:34,https://gall.dcinside.com/mini/board/view/?id=rhkdtjdrh&no=2050&page=2
2,2048,[일반],광성고 수학,"ㅈ같음
- dc official App","ㅇㅇ(211.169) 2025.06.26 13:29:25
스크랩 조회 667 추천 2 댓글 2",2,667,2025.06.26 13:29:25,https://gall.dcinside.com/mini/board/view/?id=rhkdtjdrh&no=2048&page=2
2,2047,[일반],장애인 교실 따로 만들어주세요,"만들어달라고 씹새들아

정신병걸리겠네","ㅇㅇ(118.235) 2025.06.26 11:13:10
스크랩 조회 911 추천 23 댓글 1",23,911,2025.06.26 11:13:10,https://gall.dcinside.com/mini/board/view/?id=rhkdtjdrh&no=2047&page=2
2,2046,[일반],장애인 어카냐,"수업시간,자습시간마다 ㅈㄴ 시끄럽고 소리 다 새어나오는데 이어폰은 왜 끼는건지 아니 애초에 장애인학교 안가고 여기 오는건 욕심 아니냐 ㄹㅇ 기침을 하는데 ㅅㅂ 기합은 왜 3,4번씩 쳐하는거냐 진짜 살인충동 일어난다","ㅇㅇ(211.169) 2025.06.26 11:12:43
스크랩 조회 995 추천 31 댓글 1",31,995,2025.06.26 11:12:43,https://gall.dcinside.com/mini/board/view/?id=rhkdtjdrh&no=2046&page=2
2,2044,[일반],3학년 선배님들께 심심한 사과 올립니다,체육이 일찍 끝나 계단이 너무 버거운 나머지 엘레베이터를 탔습니다. 칸이 없는 상황에 후배로써 선배님들을 마주쳤는데 내리지 않은게 지금도 후회됩니다. 앞으로는 엘레베이터를 타지 않는 개념있는 후배가 되겠습니다. 저희를 보고 욕을하거나 내리라고 하지 않아주셔서 정말 감사했습니다. 다시한번 정말 죄송합니다.,"ㅇㅇ(39.123) 2025.06.24 22:11:45
스크랩 조회 824 추천 8 댓글 7",8,824,2025.06.24 22:11:45,https://gall.dcinside.com/mini/board/view/?id=rhkdtjdrh&no=2044&page=2
2,2041,[일반],똥 쌌으면 물 좀 내려라,"변기 뚜껑 여니까 푸짐한 똥 한 덩어리가 그대로 있더라
물 좀 내리라고!!!","ㅇㅇ(119.192) 2025.06.23 18:21:12
스크랩 조회 433 추천 5 댓글 2",5,433,2025.06.23 18:21:12,https://gall.dcinside.com/mini/board/view/?id=rhkdtjdrh&no=2041&page=2
2,2039,[일반],광성온거 후회된다.,반이 걍 다 ㅈ같다 공학에서 와서그런지 공학인 고등학교가면 짭도아닌애들이 젤 나대고 소리만 개지르는게 빡친다...나도 중딩때 사람답게 애들이 노는구나 하는걸 다시한번 느낌..이렇게 성인되면 광성 80퍼정도는 진짜 어떻게 살지 걱정되긴한다..,"ㅇㅇ(112.214) 2025.06.23 01:19:56
스크랩 조회 858 추천 21 댓글 2",21,858,2025.06.23 01:19:56,https://gall.dcinside.com/mini/board/view/?id=rhkdtjdrh&no=2039&page=2
2,2034,[일반],ㅁㅅ이 뭐했는데,나만 모르냐,"ㅇㅇ(211.36) 2025.06.19 14:36:36
스크랩 조회 815 추천 4 댓글 1",4,815,2025.06.19 14:36:36,https://gall.dcinside.com/mini/board/view/?id=rhkdtjdrh&no=2034&page=2
2,2033,[일반],ㅁㅅ ㅇㅅㄲ 쪽팔려서 학교 어케 다니냐ㅋㅋ,수고많이하고,"ㅇㅇ(211.169) 2025.06.19 14:02:12
스크랩 조회 936 추천 9 댓글 0",9,936,2025.06.19 14:02:12,https://gall.dcinside.com/mini/board/view/?id=rhkdtjdrh&no=2033&page=2
2,2030,[일반],ㅅㅂ 그래서,ㅁㅅ이 ㄴㄱ임 1학년임?,"ㅇㅇ(175.123) 2025.06.19 00:15:45
스크랩 조회 550 추천 0 댓글 4",0,550,2025.06.19 00:15:45,https://gall.dcinside.com/mini/board/view/?id=rhkdtjdrh&no=2030&page=2
2,2029,[일반],ㅇㅈㅅ가 싸움 잘함 ?,ㅇㅈㅅ 싸움 잘한다는데 한번 붙고 싶다,"ㅇㅇ(223.38) 2025.06.18 17:35:19
스크랩 조회 690 추천 2 댓글 2",2,690,2025.06.18 17:35:19,https://gall.dcinside.com/mini/board/view/?id=rhkdtjdrh&no=2029&page=2
2,2028,[일반],10년생인데 여기 좋나요?,"게시물 꼬라지 보면 뭔가 이상하긴한데
디시라서 이상한건가요 학교 자체가 이상한건가요?","ㅇㅇ(115.93) 2025.06.18 17:30:09
스크랩 조회 582 추천 2 댓글 6",2,582,2025.06.18 17:30:09,https://gall.dcinside.com/mini/board/view/?id=rhkdtjdrh&no=2028&page=2
3,2026,[일반],어그로 사칭들 ㅈㄴ 많네 쳐나대지 마라 좀,언급당한 애들도 처신잘하고ㅇㅇ,"ㅇㅇ(211.169) 2025.06.18 13:59:52
스크랩 조회 616 추천 5 댓글 4",5,616,2025.06.18 13:59:52,https://gall.dcinside.com/mini/board/view/?id=rhkdtjdrh&no=2026&page=3
3,2021,[일반],ㅋㅋ,ㅋㅎㅋㅎㅋㅎㅋ,"ㅇㅇ(223.38) 2025.06.18 13:02:13
스크랩 조회 298 추천 2 댓글 0",2,298,2025.06.18 13:02:13,https://gall.dcinside.com/mini/board/view/?id=rhkdtjdrh&no=2021&page=3
3,2017,[일반],왜 지움,"ㅁㅅ 저격글 왜 내렸냐 쫄았냐
좀 더 써봐 ㅈㄴ 재밌는데
- dc official App","ㅇㅇ(211.235) 2025.06.18 12:49:47
스크랩 조회 407 추천 0 댓글 1",0,407,2025.06.18 12:49:47,https://gall.dcinside.com/mini/board/view/?id=rhkdtjdrh&no=2017&page=3
3,2014,[일반],시험쉽게냐는 선생들,"중간고사 잘 본 애들은 실수 하나로 등급 떡락하고, 못 본 애들은 반등할 기회도 없이 그대로 죽음
결국 다같이 좆되는 구조인데 출제한 선생만 일 대충 빨리 끝나서 지만 개꿀빰

문제 대충 내고 채점도 빠르고, 점수 잘 나오면 “제가 잘 냈죠?ㅎㅎ” 이 지랄하면서 혼자 뿌듯해함
그걸 또 무슨 선심 쓴 것처럼 말하는 거 ㄹㅇ 역겨움
“이번엔 쉽게 냈어요~^^” 이딴 멘트 들을 때마다 갈기고 싶음

쉽게 내면 변별력은 실종되고, 등급컷은 하늘 뚫고, 실수 하나가 인생 망치는 트리거되는데","ㅇㅇ(211.234) 2025.06.18 08:21:06
스크랩 조회 1030 추천 35 댓글 3",35,1030,2025.06.18 08:21:06,https://gall.dcinside.com/mini/board/view/?id=rhkdtjdrh&no=2014&page=3
3,2010,[일반],화장실,변기 좀 내려라 ?,"ㅇㅇ(211.235) 2025.06.16 07:40:27
스크랩 조회 517 추천 6 댓글 1",6,517,2025.06.16 07:40:27,https://gall.dcinside.com/mini/board/view/?id=rhkdtjdrh&no=2010&page=3
3,2009,[일반],국어 ㅈㅇㅊ,수업 어떰?,"ㅇㅇ(125.177) 2025.06.16 01:38:11
스크랩 조회 713 추천 2 댓글 7",2,713,2025.06.16 01:38:11,https://gall.dcinside.com/mini/board/view/?id=rhkdtjdrh&no=2009&page=3
3,2006,[일반],지 조퇴한거 스토리에 올리는거 이해안가면 개추 ㅋㅋ,"뭐가 자랑스럽다고 그걸 또 카메라 키고 찍고 앉아잇노
아픈거자랑함?
광붕이들 답다 ㄹㅇ","ㅇㅇ(211.234) 2025.06.13 02:13:56
스크랩 조회 777 추천 10 댓글 4",10,777,2025.06.13 02:13:56,https://gall.dcinside.com/mini/board/view/?id=rhkdtjdrh&no=2006&page=3
3,2003,[일반],전교회장,1찍 하자,"ㅇㅇ(175.123) 2025.06.12 00:31:05
스크랩 조회 695 추천 10 댓글 1",10,695,2025.06.12 00:31:05,https://gall.dcinside.com/mini/board/view/?id=rhkdtjdrh&no=2003&page=3
3,2001,[일반],본인이 광갤 염탐하는,대광성 슨상님이시면 ㄱㅊ,"광붕(220.73) 2025.06.09 18:14:32
스크랩 조회 672 추천 15 댓글 0",15,672,2025.06.09 18:14:32,https://gall.dcinside.com/mini/board/view/?id=rhkdtjdrh&no=2001&page=3
3,2000,[일반],덴지야 그립다 ㅅㅂ,"외갤에 니네 학교 퍼진거 보고 갤 있나 찾아봤는데
역시나 글까지 썼구나
왜 탈갤했냐
돌아와라 ㅅㅂ","ㅇㅇ(211.234) 2025.06.09 12:47:32
스크랩 조회 349 추천 3 댓글 2",3,349,2025.06.09 12:47:32,https://gall.dcinside.com/mini/board/view/?id=rhkdtjdrh&no=2000&page=3
3,1998,[일반],물좀내려라 ㅅㅂ,"병신들이 똥싸고 물을 안내리네
집에서 안가르쳐주디?
- dc official App","ㅇㅇ(211.234) 2025.06.09 08:54:24
스크랩 조회 449 추천 10 댓글 2",10,449,2025.06.09 08:54:24,https://gall.dcinside.com/mini/board/view/?id=rhkdtjdrh&no=1998&page=3
3,1997,[일반],걍 ㅈ병신고인데 뭘 생기부를 챙리고 있노,"걍 내신 1.3 이하로 유지해라 고1들은 올 1 챙겨야하고

안되면 정시 올인

뭘 생기부를 챙기노 ㅅㅂㅋㅋㅋㅋ","ㅇㅇ(211.177) 2025.06.07 02:21:33
스크랩 조회 606 추천 5 댓글 2",5,606,2025.06.07 02:21:33,https://gall.dcinside.com/mini/board/view/?id=rhkdtjdrh&no=1997&page=3
3,1996,[정❗️보],세특 팁,"절대로 학교 쌤들이 써주는 대로 냅두면 안되고 학기말에 네가 가독성 좋고 말하고자 하는 바가 잘 드러나도록 바꿔야 하는데, 가끔 신념 때문이든 피해의식 때문이든 아니면 네가 그냥 수업시간에 평소 쳐자고 그래서이든 안 바꿔주는 쌤들 있음.

그럼 어떻게 해야되나? 심탐을 활용하면 되는 문제임.
심탐 그거 솔직히 굳이 참여할 이유 없긴 한데 심탐은 기본적으로 담당 쌤이 따로 있고 심탐으로 들어가는 세특은 그 쌤이 따로 쓰는 구조라서, 과목 쌤이 안고쳐주고 잘 안써주면 그냥 심탐으로 돌리면 됨.

물론 심탐 담당 쌤도 안써주신다면 받아들여야겠지?","ㅇㅇ(59.10) 2025.06.03 23:09:06
스크랩 조회 845 추천 9 댓글 2",9,845,2025.06.03 23:09:06,https://gall.dcinside.com/mini/board/view/?id=rhkdtjdrh&no=1996&page=3
3,1995,[일반],누가 더 유명함 팝스타 축구선수,- dc official App,"디바(59.28) 2025.06.01 11:48:11
스크랩 조회 320 추천 2 댓글 1",2,320,2025.06.01 11:48:11,https://gall.dcinside.com/mini/board/view/?id=rhkdtjdrh&no=1995&page=3
3,1994,[일반],내가 봤을때 광성 ㄱㅊ다 ㅇㅈㄹ하는넘들은,"다 선생알바 풀어놓은거라고봄
애초에 학교 수시 실적이 말해주지않노 ㅋㅋ
하여간 광성 억까당하는거다 니들이 개짓거리해서 그렇지 선생님들 괜찮다 하는놈들은 다 보내버려야됨 ㄹㅇ","ㅇㅇ(211.235) 2025.05.31 00:58:57
스크랩 조회 696 추천 2 댓글 3",2,696,2025.05.31 00:58:57,https://gall.dcinside.com/mini/board/view/?id=rhkdtjdrh&no=1994&page=3
3,1991,[일반],ㅁㄹ 선배님들,핸폰 걷음?,"ㅇㅇ(61.73) 2025.05.28 11:19:54
스크랩 조회 453 추천 0 댓글 1",0,453,2025.05.28 11:19:54,https://gall.dcinside.com/mini/board/view/?id=rhkdtjdrh&no=1991&page=3
3,1989,[일반],덴지인지 뭔지 어디감?,그 광성고갤 똥글싸개 호감고닉년 ㅇㄷ감? 왜 요즘 안보이냐,"ㅇㅇ(211.234) 2025.05.24 20:32:32
스크랩 조회 567 추천 6 댓글 1",6,567,2025.05.24 20:32:32,https://gall.dcinside.com/mini/board/view/?id=rhkdtjdrh&no=1989&page=3
3,1988,[일반],좀 정상적으로 살면 안 되냐,"학교가 뭔 일베 드립이 판을 치고
선생님한테 대놓고 싸가지없게 말하고 
수업 시간 어떻게든 빨리 끝내려고 난리치고

내가 많은 걸 바라는 거냐
여기다 글 쓰는 것도 창피하다만

생각 좀 하고 살면 좋겠다

딱 기본만 하면 안 되냐
누가 선생님께 빌빌 기라고 했냐
그냥 최소한의 예의는 지키고
사람에 대한 기본적인 예의는 지키면서 고인 모독 좀 하지 말고
수업 시간에만이라도 잘 듣지는 못 할 망정 최소한 방해는 하지 말아주라 제발

공부를 잘 하진 못해도 자사고 분위기 때문에 간다는 말이 이제야 공감이 되네

선생님들 대부분 다 좋으시잖아 솔직히 평균 이하는 거의 없는 것 같은데... 있기야 하겠지만
학생들이 잘 하면 훨 나아질 것 같은데

근데 선생님이 가끔 학생 대놓고 무시하는 말투 하실 때도 있는데 그건 나도 아쉽긴 하다.. 어쩌냐 을인데 버텨라
그래도 기본만 하며 살아보자 좀





열심히 해라 힘내라","ㅇㅇ(1.225) 2025.05.24 19:29:06
스크랩 조회 1151 추천 50 댓글 10",50,1151,2025.05.24 19:29:06,https://gall.dcinside.com/mini/board/view/?id=rhkdtjdrh&no=1988&page=3
3,1985,[일반],아니 이럴거면 축구를 하지마,지들이 축구하기도 전에 순위를 쳐 정해놓고 경기해서 순위 바뀌면 개지랄하고 좇같은 핑계대고 파울 안 불었다 이지랄하고,"ㅇㅇ(106.101) 2025.05.21 09:38:24
스크랩 조회 806 추천 18 댓글 1",18,806,2025.05.21 09:38:24,https://gall.dcinside.com/mini/board/view/?id=rhkdtjdrh&no=1985&page=3
3,1983,[일반],우리반 담임은,"자기도 41분에 엘레베이터 타면서
지각 벌점주는게 내로남불 좆되는것같음","ㅇㅇ(211.169) 2025.05.16 07:50:41
스크랩 조회 1059 추천 22 댓글 4",22,1059,2025.05.16 07:50:41,https://gall.dcinside.com/mini/board/view/?id=rhkdtjdrh&no=1983&page=3
3,1982,[일반],ㄱㄱㅌ,"ㄱㄱㅌㄱ ㄱㅇㅎ ㄷㅊ~
학생보고는 엘베타지 말라면서 지는 타고올라가는 선생~~~~~~~~~~","ㅇㅇ(106.101) 2025.05.15 08:14:18
스크랩 조회 1108 추천 12 댓글 4",12,1108,2025.05.15 08:14:18,https://gall.dcinside.com/mini/board/view/?id=rhkdtjdrh&no=1982&page=3
3,1974,[일반],나 광성고 졸업생 06년식 성현인데,"나아는사람댓글 ㄱㄱ
- dc official App","ㅇㅇ(118.235) 2025.05.06 20:09:28
스크랩 조회 653 추천 0 댓글 4",0,653,2025.05.06 20:09:28,https://gall.dcinside.com/mini/board/view/?id=rhkdtjdrh&no=1974&page=3
3,1973,[일반],광성평균얼굴,우리반에는 7번 광붕이가 제일 많노,"ㅇㅇ(119.69) 2025.05.04 22:44:45
스크랩 조회 1244 추천 29 댓글 2",29,1244,2025.05.04 22:44:45,https://gall.dcinside.com/mini/board/view/?id=rhkdtjdrh&no=1973&page=3
3,1972,[일반],ㄱㅎㅇ 민심테스트,ㅇㅇ,"ㅇㅇ(211.169) 2025.05.02 14:13:18
스크랩 조회 1021 추천 30 댓글 2",30,1021,2025.05.02 14:13:18,https://gall.dcinside.com/mini/board/view/?id=rhkdtjdrh&no=1972&page=3
3,1969,[일반],광붕이 시험 치다 부랄 뜯고 울부짖었다,1학년 영어 중간,"ㅇㅇ(121.88) 2025.05.01 10:43:02
스크랩 조회 1014 추천 32 댓글 2",32,1014,2025.05.01 10:43:02,https://gall.dcinside.com/mini/board/view/?id=rhkdtjdrh&no=1969&page=3
3,1967,[일반],확실히 광성고 다니고 나서부터 내 인생이 달라졌다.,"원래는 중딩때 일진 눈도 못마주치고

쓰레기 아무데나 버리고 침 찍찍 뱉고 했는데,

광붕이가 되고나니깐 품위유지 할려고 스스로 노력하려고 한다.

방금도 길바닥에 포스틱봉지 버려져 있길래 주워서 쓰레기통에 버리고왔다.

신수중때는 일진은 커녕 같은 찐따 눈도 못마주쳤는데 이제는 배달음식 주문할때도 큰 소리로 또박또박 말하고,

편의점 피시방에서도 알바생이랑 눈마주치기 가능해졋다

아무리 기분 좆같은 일이 생겨도

샤워하면서 혼자 나는 누구?  


"" 광붕이 ""


하면서 웃으니깐 기분도 좋아지네

이래서 자리가 사람을 만든다는말이 나온거같다.
- dc official App","덴지의체인소 2025.04.30 15:26:16
스크랩 조회 1338 추천 65 댓글 6",65,1338,2025.04.30 15:26:16,https://gall.dcinside.com/mini/board/view/?id=rhkdtjdrh&no=1967&page=3
3,1966,[일반],ㅎㅇㅌ,ㅈㄱㄴ,"ㅇㅇ(1.224) 2025.04.30 00:47:09
스크랩 조회 283 추천 1 댓글 1",1,283,2025.04.30 00:47:09,https://gall.dcinside.com/mini/board/view/?id=rhkdtjdrh&no=1966&page=3
3,1964,[일반],하ㅅㅂ,힘들다,"ㅇㅇ(14.39) 2025.04.25 04:04:01
스크랩 조회 465 추천 1 댓글 2",1,465,2025.04.25 04:04:01,https://gall.dcinside.com/mini/board/view/?id=rhkdtjdrh&no=1964&page=3
3,1963,[일반],고1 1학기 중간고사 망치면..,"인서울은 포기해야한다고 보는게 맞음?

수업때 한 번도 존 적도 없고, 필기도 다 열심히 했는데
내가 생각한것보다 더 빡세게 해야하는지 시험을 개떡같이 봄....
5등급제 기준으로 잘하면 3등급? 못하면 4등급..

그래서 그냥 중간 끝나고 바로 기말고사 대비하려는데
중간고사 망친거 복구 가능할까요?","ㅇㅇ(121.173) 2025.04.24 23:03:54
스크랩 조회 792 추천 0 댓글 6",0,792,2025.04.24 23:03:54,https://gall.dcinside.com/mini/board/view/?id=rhkdtjdrh&no=1963&page=3
3,1962,[일반],노브라,,"ㅇㅇ(118.235) 2025.04.24 20:58:47
스크랩 조회 1434 추천 32 댓글 4",32,1434,2025.04.24 20:58:47,https://gall.dcinside.com/mini/board/view/?id=rhkdtjdrh&no=1962&page=3
3,1961,[일반],중간고사,첫날부터 망했으면 개추,"ㅇㅇ(218.152) 2025.04.24 20:14:00
스크랩 조회 464 추천 6 댓글 0",6,464,2025.04.24 20:14:00,https://gall.dcinside.com/mini/board/view/?id=rhkdtjdrh&no=1961&page=3
3,1960,[일반],아니,광붕이들 잘봐라 이년 비추 193개던데 뭐냐,"ㅇㅇ(125.177) 2025.04.22 00:00:51
스크랩 조회 442 추천 1 댓글 2",1,442,2025.04.22 00:00:51,https://gall.dcinside.com/mini/board/view/?id=rhkdtjdrh&no=1960&page=3
3,1959,[일반],ㄹㅇ 이해안되는거,교복 겉옷 손목쪽에 붙어있는 딸랑이는 대체 왜잇는거임? 그거때매 책상에 팔 내려놓을때마다 소리나서 존나 불편함,"ㅇㅇ(119.192) 2025.04.21 23:47:30
스크랩 조회 468 추천 4 댓글 1",4,468,2025.04.21 23:47:30,https://gall.dcinside.com/mini/board/view/?id=rhkdtjdrh&no=1959&page=3
3,1957,[일반],이새끼들은,"엘베가 전용 셔틀인 줄 아나
환자가 있으면 쳐 내려야지
멀뚱멀뚱 서있기만 하고 지랄이야
제발 사지 멀쩡한 새끼들은
걸어 쳐 다녀라 못 배워 쳐 먹은 거냐
- dc official App","saviors 2025.04.17 10:00:45
스크랩 조회 961 추천 17 댓글 11",17,961,2025.04.17 10:00:45,https://gall.dcinside.com/mini/board/view/?id=rhkdtjdrh&no=1957&page=3
3,1956,[일반],학교에 정상인 선생이 없네,"이번 3학년 담임들이 특히 개병신 천지임 ㅋㅋㅋㅋ
- dc official App","푸바오 2025.04.17 09:07:25
스크랩 조회 1499 추천 38 댓글 6",38,1499,2025.04.17 09:07:25,https://gall.dcinside.com/mini/board/view/?id=rhkdtjdrh&no=1956&page=3
3,1954,[일반],요번 고3들 개빡셈,"으쓱해서 들어온 07이면 재수확정 ㅋㅋㅋ 
- dc official App","ㅇㅇ(110.11) 2025.04.12 09:53:20
스크랩 조회 924 추천 2 댓글 0",2,924,2025.04.12 09:53:20,https://gall.dcinside.com/mini/board/view/?id=rhkdtjdrh&no=1954&page=3
3,1953,[일반],진지하게 딱 한마디만 한다,잘자요 나의 아기고양이,"ㅇㅇ(211.169) 2025.04.11 15:27:12
스크랩 조회 609 추천 0 댓글 1",0,609,2025.04.11 15:27:12,https://gall.dcinside.com/mini/board/view/?id=rhkdtjdrh&no=1953&page=3
3,1951,[일반],광성고 졸업생들 잘 들어라,"뭐해 들었으면 출발
- dc official App","ㅇㅇ(211.36) 2025.04.11 09:42:41
스크랩 조회 1212 추천 30 댓글 0",30,1212,2025.04.11 09:42:41,https://gall.dcinside.com/mini/board/view/?id=rhkdtjdrh&no=1951&page=3
3,1947,[일반],클로는 내가 1등인듯...?,,"ㅇㅇ(211.36) 2025.04.09 14:00:43
스크랩 조회 983 추천 11 댓글 3",11,983,2025.04.09 14:00:43,https://gall.dcinside.com/mini/board/view/?id=rhkdtjdrh&no=1947&page=3
3,1946,[일반],졸업생 형님들 광성이 무너져갑니다..,"https://www.instagram.com/reel/DIIW6CHh_fI/?igsh=MXF1bDV2cXpxNzhzeA==
ㅇㄱㅈㅉㅇㅇ?
- dc official App","ㅇㅇ(211.169) 2025.04.07 13:28:23
스크랩 조회 1576 추천 30 댓글 14",30,1576,2025.04.07 13:28:23,https://gall.dcinside.com/mini/board/view/?id=rhkdtjdrh&no=1946&page=3
3,1943,[일반],체육대회,축구 예선 언제함? 5월 체육대회때 결승 한다는데,"ㅇㅇ(175.123) 2025.04.07 02:44:48
스크랩 조회 529 추천 0 댓글 1",0,529,2025.04.07 02:44:48,https://gall.dcinside.com/mini/board/view/?id=rhkdtjdrh&no=1943&page=3
3,1942,[일반],학교가기 싫다,ㅈㄱㄴ,"ㅇㅇ(39.124) 2025.04.06 18:58:31
스크랩 조회 399 추천 1 댓글 1",1,399,2025.04.06 18:58:31,https://gall.dcinside.com/mini/board/view/?id=rhkdtjdrh&no=1942&page=3
3,1936,[일반],정인철,무슨과목쌤임?,"ㅇㅇ(116.39) 2025.03.26 18:15:55
스크랩 조회 1024 추천 0 댓글 3",0,1024,2025.03.26 18:15:55,https://gall.dcinside.com/mini/board/view/?id=rhkdtjdrh&no=1936&page=3
3,1935,[일반],솔직히 광성고,예베랑 종교시간만 없으면 ㅅㅌㅊ라고 생각하면 개추,"ㅇㅇ(125.177) 2025.03.26 00:33:35
스크랩 조회 1274 추천 11 댓글 4",11,1274,2025.03.26 00:33:35,https://gall.dcinside.com/mini/board/view/?id=rhkdtjdrh&no=1935&page=3
3,1934,[일반],학교쌤중에,페미있다는데 누구임?,"ㅇㅇ(125.177) 2025.03.25 01:47:35
스크랩 조회 1148 추천 4 댓글 8",4,1148,2025.03.25 01:47:35,https://gall.dcinside.com/mini/board/view/?id=rhkdtjdrh&no=1934&page=3
3,1932,[일반],엘베타는 1학년 애미뒤진년들아,고3되서 타라 학교끝나고 엘베타고 내려가는거 보이면 뒤진다,"ㅇㅇ(106.101) 2025.03.20 15:54:17
스크랩 조회 1613 추천 54 댓글 9",54,1613,2025.03.20 15:54:17,https://gall.dcinside.com/mini/board/view/?id=rhkdtjdrh&no=1932&page=3
3,1928,[일반],교복..,"입기 싫어ㅠㅠ
- dc official App","민준 2025.03.19 15:20:44
스크랩 조회 732 추천 11 댓글 1",11,732,2025.03.19 15:20:44,https://gall.dcinside.com/mini/board/view/?id=rhkdtjdrh&no=1928&page=3
3,1927,[일반],수업시간에 아이패드 못쓰지?,"좀 특수한 입시 준비하느라 써야되는데
역시 안되겠지","ㅇㅇ(211.234) 2025.03.17 21:42:11
스크랩 조회 565 추천 3 댓글 2",3,565,2025.03.17 21:42:11,https://gall.dcinside.com/mini/board/view/?id=rhkdtjdrh&no=1927&page=3
3,1926,[일반],누가 더 유명함 저스틴 비버 네이마르,- dc official App,"디바(59.28) 2025.03.14 20:54:33
스크랩 조회 403 추천 0 댓글 1",0,403,2025.03.14 20:54:33,https://gall.dcinside.com/mini/board/view/?id=rhkdtjdrh&no=1926&page=3
3,1924,[일반],예끼 이놈,국어 ㅈㅅㅁ쌤 어떠심?,"ㅇㅇ(58.29) 2025.03.12 00:34:05
스크랩 조회 480 추천 0 댓글 2",0,480,2025.03.12 00:34:05,https://gall.dcinside.com/mini/board/view/?id=rhkdtjdrh&no=1924&page=3
4,1922,[일반],일본어쌤,진짜 ㅈㄴ 재밌네,"ㅇㅇ(14.39) 2025.03.06 22:14:00
스크랩 조회 1073 추천 15 댓글 7",15,1073,2025.03.06 22:14:00,https://gall.dcinside.com/mini/board/view/?id=rhkdtjdrh&no=1922&page=4
4,1921,[일반],전체적으로 이번 2학년 쌤들,다 좋으신듯 인정하면 개추,"ㅇㅇ(211.36) 2025.03.06 20:55:21
스크랩 조회 1187 추천 14 댓글 3",14,1187,2025.03.06 20:55:21,https://gall.dcinside.com/mini/board/view/?id=rhkdtjdrh&no=1921&page=4
4,1920,[일반],체육 김ㅎㄱ,어떰? 축구 많이 시켜주냐,"ㅇㅇ(175.123) 2025.03.06 00:51:50
스크랩 조회 738 추천 4 댓글 3",4,738,2025.03.06 00:51:50,https://gall.dcinside.com/mini/board/view/?id=rhkdtjdrh&no=1920&page=4
4,1919,[일반],영어 구ㅎㅇ,어떰? 오늘 수업 했는데 개빡세보이는데,"ㅇㅇ(175.123) 2025.03.06 00:51:24
스크랩 조회 1078 추천 6 댓글 5",6,1078,2025.03.06 00:51:24,https://gall.dcinside.com/mini/board/view/?id=rhkdtjdrh&no=1919&page=4
4,1918,[일반],광붕이들 잘봐라 저년은 뭘했다고 비추 100개 넘은거냐,- dc official App,"ㅇㅇ(106.101) 2025.03.05 11:53:06
스크랩 조회 973 추천 17 댓글 2",17,973,2025.03.05 11:53:06,https://gall.dcinside.com/mini/board/view/?id=rhkdtjdrh&no=1918&page=4
4,1917,[일반],아직 안자는 광붕이면 개추,와파 비번 뭐임?,"ㅇㅇ(58.29) 2025.03.05 02:37:56
스크랩 조회 276 추천 0 댓글 0",0,276,2025.03.05 02:37:56,https://gall.dcinside.com/mini/board/view/?id=rhkdtjdrh&no=1917&page=4
4,1916,[일반],자자 실시간 본인이 랄부떨리는 광붕이면 개추 ㅋㅋ,"쩔수있냐.. 남자니께
- dc official App","덴지의체인소 2025.03.04 07:44:10
스크랩 조회 581 추천 3 댓글 0",3,581,2025.03.04 07:44:10,https://gall.dcinside.com/mini/board/view/?id=rhkdtjdrh&no=1916&page=4
4,1915,[일반],광성 고3 정시파이터 인식 어떰?,"다른공부하는거 빡세게 잡음? 선생님마다 다 다른가;
고2땐 몇몇은 개지랄하던데","ㅇㅇ(211.234) 2025.03.02 20:39:16
스크랩 조회 718 추천 2 댓글 4",2,718,2025.03.02 20:39:16,https://gall.dcinside.com/mini/board/view/?id=rhkdtjdrh&no=1915&page=4
4,1912,[일반],남녀공학 포기한고 광성고 갈까요?,"원래 공학 지망했는데 주변 친구들이 공학가면 여자애들 성적 깔아준다고 광성간데요
- dc official App","맥날사서와라 2025.02.21 05:31:32
스크랩 조회 715 추천 0 댓글 2",0,715,2025.02.21 05:31:32,https://gall.dcinside.com/mini/board/view/?id=rhkdtjdrh&no=1912&page=4
4,1911,[일반],내신에서 좋은 성적 얻기 어려움?,내신에서 좋은 성적 얻기 어려움?,"민준 2025.02.19 05:03:36
스크랩 조회 511 추천 0 댓글 2",0,511,2025.02.19 05:03:36,https://gall.dcinside.com/mini/board/view/?id=rhkdtjdrh&no=1911&page=4
4,1908,[일반],기숙사에 계신 분 계신가요,여쭤볼게 있는데 혹시 계신지,"ㅇㅇ(1.225) 2025.02.16 17:15:19
스크랩 조회 658 추천 1 댓글 6",1,658,2025.02.16 17:15:19,https://gall.dcinside.com/mini/board/view/?id=rhkdtjdrh&no=1908&page=4
4,1907,[일반],광성고는 교복 단속 엄격함?,"광성고는 교복 단속 엄격함?

하복은 셔츠를 많이 입음, 생활복을 많이 입음?","민준 2025.02.15 05:32:44
스크랩 조회 698 추천 0 댓글 3",0,698,2025.02.15 05:32:44,https://gall.dcinside.com/mini/board/view/?id=rhkdtjdrh&no=1907&page=4
4,1906,[일반],광성에서 저평가 심한 대통령,"윤석열 대통령

1. 부동산 정상화

1-1. 외국인 부동산 투기 규제 추진

1-2. 규제지역 주택 청약제도 개선

1-3. 공급규제 완화

1-4 분양가상한제 및 고분양가심사제도 개편

1-5 재건축초과이익환수제 개편안 발표

1-6 안전진단 기준 완화

1-7. 생애최초 구입자 취득세 감면

1-8 각종 부동산 감세정책

2. 한미 정상회담, 한일 정상회담으로 미국 일본과 관계개선

3. wgbi 관찰대상국 등재

4. 사우디 왕자 빈살만과 만나 37조원 규모의 투자유치

5. 법인세 감세

6. 원전 수출 추진

7. 유럽에 대규모로 방위산업 수출

8. 부채없이 자영업자 손실 보장 예산안 만들어냄

9. 천안함 등 북한의 군사도발을 역사 교과서에 명시함

10. 토익시험 점수 인정기간 2년에서 5년으로 연장

11. 산업통상자원부 기관에서 여성가산점 폐지

12. 2022~2023년 조류 인플루엔자 방역 대성공

13. 사드기지 정상화

14. 미국 뿐만아니라 일본과 군사훈련 (2022년 한미일 군사훈련)

15. 국군병사 휴대폰 이용시간 확대

16. 실업급여 제도 개선

17. 화물연대 파업, 노조 강경진압(죄다 유죄 판결받음)

18. 성탄절 석가탄신일 대체공휴일 지정

19. 고용세습 협박체용 근절

20. 은행 영업시간 정상화

21. 행정기관 통폐합

22. 대통령실, 법무부 업무추진비 절약

23. 장관, 차관급 이상 공무원 보수 반납

24. 세계 경제학자대회 서울 유치

25. 수입산 전기차 보조금 차등 지급

26. 프랑스 순방중 유럽 6개의 첨단기업으로부터 1조 2000억원 상당의 투자유치

27. 에너지 공기업 12개사 총 6조 4000억 가량의 재정절감

28. 법률상 만나이 통일

29. CBT 변호사시험 도입

30. 사드기지 정상화

31. 무호적 독립유공자 대한민국 국적 부여

32. 독립유공자 후손 찾기및 예산 역대 최대증액

33. 예비군 훈련 참석 대학생 불이익 금지 법제화

34. IPEF 미국주도 경제동맹체 참여

35. 검찰의 임금체불 수사강화

36. 1000원의 아침밥 사업 확대

37 . 비영리 민간단체 회계 투명성 및 보조금 관리 강화

38. 우주항공청 설립

39. 보훈청을 보훈부로 승격
- dc official App","덴지의체인소 2025.02.14 14:40:21
스크랩 조회 1279 추천 22 댓글 6",22,1279,2025.02.14 14:40:21,https://gall.dcinside.com/mini/board/view/?id=rhkdtjdrh&no=1906&page=4
4,1904,[일반],광성 신입생들 꼭 봐라,"이런거 처음 써보는데 말투 어떻게 할지 몰라서 그냥 디시말투로 해봤다
광붕이들이 우리 학교 안좋다고 빌빌대는 말 듣지말고 이거만 들어라 ㅇㅇ. 이거 읽는데도 귀찮거나 어쩌라는거지 라는 생각이 들면 그냥 공부 접으먄 됨. 일반고에 왔는데 좋은 대학을 가고싶다? 의지만으로 해결되는 문제가 아님. 암튼 끝까지 읽어봐라 파이팅이다.

1. 급식
이건 인정함.. 그냥 ㅍㅌㅊ 그래도 나올건 다 나옴. 

2. 생기부
선생님들마다 다르긴 하겠지만 전체적으로 ㅎㅌㅊ는 아님. 결국에 생기부 퀄을 결정짓는건 너희들이 얼마나 노력했냐이다..
광붕이들이 생기부 안써준다고 찔찔 짜는건 다 걔네들이 노력을 안한거여서 그럼. 물론 노력한 사람들은 있겠지만, 노력한 사람들중에 ㅎㅌㅊ로 써주는 선생님들 못봄. 
너희들이 일반고애서 자사고급 또는 자사고 비스무리한 생기부를 만들고싶다면 뼈를 깎는 노력을 해야함. 
무슨 노력을 하는지는 알아서 조사해봐라. 생기부 써지는 원리를 조사하고, 어떻게 해야지 좋은 점수를 받는지 조사하다 보면 너의 생기부가 남들보다 강한지 약한지 감이 잡힐거임. 그걸 가지고 계속 수정하고 수정하는것, 이것이 바로 생기부를 챙긴다는거다. 처음 받은 생기부보고 “잉 내 생기부 왜이럼 ㅠㅠ 쌤 왤케 안써주심” 이생각하면 .. 할말이 없다.

(본인 참고로 자사고 나오신 학원 선생님, 입시 관련 종사하시던 선생님 두분께 일반고에서 이정도면 진짜 괜찮은 생기부라는 평 들음. 물론 자사고랑 비교하면 퀄이 떨어지긴 하겠지만, 우리가 목표로 하는것은 ‘일반고에서도 저는 진로를 위해 이정도 노력을 했어요!’ 를 보여주는 것이다. 자랑은 아니지만.. 노력해야지 얻을 수 있는 결과고, 충분히 경쟁력 있다는걸 말해주고 싶었음)

하지만 현실은 결국 내신이다. 너희들이 아무리 노력한들 자사고의 개쩌는 생기부를 이길 수도 없고, 내신이 낮으면 말짱 도루묵.

3. 선생님
선생님들은 ㅍㅌㅊ에서 ㅅㅌㅊ가 대부분임. ㅎㅌㅊ인분들 몇분 계시긴 한데 계속 보다보면 ㅅㅌㅊ임. 그냥 보는 관점이 썩어서그럼.. 수업도 잘하시고 애들이랑 친하게 지내랴는 쌤들도 어떤 애들은 안좋게 볼때가 있던데 이해가 안된다. 그냥 너희들 정신상태롤 고쳐야될듯.
자사고에서 넘어오신 선생님분들도 계심. ㅆㅅㅌㅊ인 분들도 계신다는거지. 또 말해서 미안하지만 결국엔 너가 얼마나 열심히하는지, 수업태도에 따라서 모든게 걀정된다는걸 명심하길 바란다. 

4. 체육
후배, 선배, 중학교 없애버려

5. 시험
애들이 겁나 잘함.. 자사고 도전하던 애들도 있고, 그냥 일반고에서 쌈싸먹으려 온 애들도 있어서 개빡세다.. 조심해라.. 난 개열심히 했는데 조졌다.. 시붕방.. 
시험 전체적인 난이도는.. 알아서 판단해라 ㅋ 영어랑 한국사 조심하셈 ㅇㅇ 

6. 학교생활
알아서 해라 게이들아.. 응원한다

P.S.
먼저 너무 허세부린거 같아서 ㅈㅅ.. + 말투가 험악한건 ㅈㅅ함. 사실 중간에 더 넣고싶은 정보들이 있었지만 그건 너희들이 학교생활하면서 직접 겪어보고 뜯겨져보면서 얻으면 좋겠음. 생기부도, 내신도 노력안하면 결국 조지는거임. 이런 글 이렇게 쓰는게 맞는지 모르겠지만 하도 우리학교가 안좋다는 얘기가 많아서 써봄. 애초에 자사고 안가고 일반고에 온거면 광성정도는 ㅍㅌㅊ일거임. 또는 개개인에 따라서 ㅅㅌㅊ가 될수도 있음. 인원수 많은걸 감사해라.. 내신 꼭 챙기고 ㅇㅇ 파이팅이다 광붕이들아","ㅇㅇ(58.29) 2025.02.13 02:13:21
스크랩 조회 1411 추천 27 댓글 6",27,1411,2025.02.13 02:13:21,https://gall.dcinside.com/mini/board/view/?id=rhkdtjdrh&no=1904&page=4
4,1902,[일반],광성vs숭문,숭문 1 광성 2 썼다가 광성 왔는데 숭문이 10점이라치면 광성 몇점정도인가요 망한건가요,"ㅇㅇ(125.186) 2025.02.10 22:23:34
스크랩 조회 923 추천 6 댓글 3",6,923,2025.02.10 22:23:34,https://gall.dcinside.com/mini/board/view/?id=rhkdtjdrh&no=1902&page=4
4,1901,[일반],이번에 광성고 가려는 학생인데,광성고가 많이 안좋나요? 좋은 소문을 찾으려고 해봐도 좋은 소문이 없고 쓰레기라는 말밖에 없네요.,"ㅇㅇ(182.172) 2025.02.08 21:56:14
스크랩 조회 560 추천 0 댓글 1",0,560,2025.02.08 21:56:14,https://gall.dcinside.com/mini/board/view/?id=rhkdtjdrh&no=1901&page=4
4,1899,[일반],게이들 반배정 ㅁㅌㅊ,"본인은 나쁘지않노 ㅋㅋ
- dc official App","ㅇㅇ(118.221) 2025.02.07 09:24:30
스크랩 조회 424 추천 1 댓글 0",1,424,2025.02.07 09:24:30,https://gall.dcinside.com/mini/board/view/?id=rhkdtjdrh&no=1899&page=4
4,1898,[일반],광붕이기들아,"예아 이번에 광성가는 신입생이노 이기들아 학교 분위기는 좀 어떻노? 이기들아 밥 맛없단건 많이 들었고 아, 예볘드리는건 진짜임? 뭐 일주일에 한시간씩 드리는건가? 새학교라서 노무노무 설레노 이기이기들아
- dc official App","ㅇㅇ(110.15) 2025.02.05 02:40:00
스크랩 조회 505 추천 1 댓글 5",1,505,2025.02.05 02:40:00,https://gall.dcinside.com/mini/board/view/?id=rhkdtjdrh&no=1898&page=4
4,1895,[일반],ㅂㅇㅎ ㅅㅂ련 생기부 8글자 써줌,학교 왜 쳐오냐,"ㅇㅇ(118.221) 2025.02.04 07:48:18
스크랩 조회 1329 추천 41 댓글 3",41,1329,2025.02.04 07:48:18,https://gall.dcinside.com/mini/board/view/?id=rhkdtjdrh&no=1895&page=4
4,1894,[일반],광붕이 아다땟다,"그거슨바로 수저가아다
- dc official App","ㅇㅇ(223.38) 2025.02.03 11:35:12
스크랩 조회 1238 추천 7 댓글 9",7,1238,2025.02.03 11:35:12,https://gall.dcinside.com/mini/board/view/?id=rhkdtjdrh&no=1894&page=4
4,1893,[일반],집앞 경성고인데 광성고 됬어요 ㅠㅠ 광성고 좋나요?,밥 맛있나요?,"ㅇㅇ(183.96) 2025.02.01 14:03:11
스크랩 조회 878 추천 1 댓글 9",1,878,2025.02.01 14:03:11,https://gall.dcinside.com/mini/board/view/?id=rhkdtjdrh&no=1893&page=4
4,1892,[일반],광성고 축구,1짱 누구냐? 나 숭문고  축구 1짱인데 축구로 맞짱 ㄱㄱ,"ㅇㅇ(211.36) 2025.02.01 00:22:03
스크랩 조회 627 추천 0 댓글 3",0,627,2025.02.01 00:22:03,https://gall.dcinside.com/mini/board/view/?id=rhkdtjdrh&no=1892&page=4
4,1890,[일반],반배정,반배정 개학날 나옴? 종업식에 나올려나,"ㅇㅇ(175.123) 2025.01.24 02:57:21
스크랩 조회 442 추천 0 댓글 1",0,442,2025.01.24 02:57:21,https://gall.dcinside.com/mini/board/view/?id=rhkdtjdrh&no=1890&page=4
4,1889,[일반],개학 2월 며칠이냐?,"E알리미에 안 나와있네
- dc official App","ㅇㅇ(106.101) 2025.01.21 00:18:15
스크랩 조회 362 추천 0 댓글 2",0,362,2025.01.21 00:18:15,https://gall.dcinside.com/mini/board/view/?id=rhkdtjdrh&no=1889&page=4
4,1885,[일반],할게없네,공부 빼고 뭐할지 추천좀,"ㅇㅇ(14.39) 2025.01.04 23:30:06
스크랩 조회 504 추천 0 댓글 5",0,504,2025.01.04 23:30:06,https://gall.dcinside.com/mini/board/view/?id=rhkdtjdrh&no=1885&page=4
4,1884,[일반],2학년 반배정,2학년때 반배정 문과 선택 과목한 애들은 걔들끼리 되고 이괴 선택한 애들응 이과 끼리됨? 아님 걍 상관 없이 100프로 램덤임?,"ㅇㅇ(211.36) 2025.01.03 20:57:11
스크랩 조회 716 추천 4 댓글 5",4,716,2025.01.03 20:57:11,https://gall.dcinside.com/mini/board/view/?id=rhkdtjdrh&no=1884&page=4
4,1883,[일반],광붕이들 잘봐라,광성고 가려는데 수학시험 어렵나?,"ㅇㅇ(118.235) 2025.01.02 15:34:54
스크랩 조회 1783 추천 31 댓글 53",31,1783,2025.01.02 15:34:54,https://gall.dcinside.com/mini/board/view/?id=rhkdtjdrh&no=1883&page=4
4,1882,[일반],광성고 평균 ㅋㅋ,,"ㅇㅇ(106.101) 2024.12.29 00:43:25
스크랩 조회 1623 추천 19 댓글 3",19,1623,2024.12.29 00:43:25,https://gall.dcinside.com/mini/board/view/?id=rhkdtjdrh&no=1882&page=4
4,1881,[일반],어 난데,"오늘부로 조유리 공식적으로 사랑할게
- dc official App","좋니 2024.12.27 11:17:01
스크랩 조회 419 추천 3 댓글 0",3,419,2024.12.27 11:17:01,https://gall.dcinside.com/mini/board/view/?id=rhkdtjdrh&no=1881&page=4
4,1879,[일반],이 학교가 ㅈㄴ 문제인점,남고에 페미교사가 ㅈㄴ 들끓는다,"ㅇㅇ(125.177) 2024.12.19 19:12:06
스크랩 조회 1396 추천 12 댓글 2",12,1396,2024.12.19 19:12:06,https://gall.dcinside.com/mini/board/view/?id=rhkdtjdrh&no=1879&page=4
4,1878,[일반],학교에 폐급이 너무 많다,"진지한 글 쓴다고 비추처먹일거 아는데
진짜 학교 분위기 이게 맞나 싶어서 전학 마려움

시험끝나서 늘어져서 그런지 일부 애새끼들보면 진짜 심각하다
본인 진짜 씹선비와는 거리가 먼데 진짜 내가 애새끼들 폐급이라고 생각할정도면 말다했지 ㅋㅋ
하루종일 폰 붙잡고 살면서 교실이 디씨나 일베가 아닌데 부끄러운줄도 모르는지 선생들 앞에서 즈그 애미애비도 안받아줄것 같은 말을 현실에서 싸지르고
같은 공간안에있다는것도 요즘은 수치스러움","ㅇㅇ(117.111) 2024.12.16 18:48:21
스크랩 조회 1455 추천 32 댓글 3",32,1455,2024.12.16 18:48:21,https://gall.dcinside.com/mini/board/view/?id=rhkdtjdrh&no=1878&page=4
4,1877,[일반],뭔 학교가 우당탕이냐,예고한대로 흘러가는걸 본적이 없음,"ㅇㅇ(119.69) 2024.12.16 18:31:08
스크랩 조회 473 추천 1 댓글 0",1,473,2024.12.16 18:31:08,https://gall.dcinside.com/mini/board/view/?id=rhkdtjdrh&no=1877&page=4
4,1874,[정❗️보],광붕이들 은근 귀여운점 ㅋㅋ,"니들이 뭐가 귀여워 씨발련아
뭘 기대하고쳐누른건데 양심없
는
개씨팔련아 뒤질래?","ㅇㅇ(217.148) 2024.12.12 23:59:15
스크랩 조회 877 추천 3 댓글 2",3,877,2024.12.12 23:59:15,https://gall.dcinside.com/mini/board/view/?id=rhkdtjdrh&no=1874&page=4
4,1868,[일반],광성고 가려는디 공부 분위기 좋음? 세특 잘써주는쌤은 ㄴㄱ있노?,- dc official App,"ㅇㅇ(106.101) 2024.12.05 22:37:42
스크랩 조회 741 추천 1 댓글 1",1,741,2024.12.05 22:37:42,https://gall.dcinside.com/mini/board/view/?id=rhkdtjdrh&no=1868&page=4
4,1867,[일반],광성2학년은 일단 문제아가 ㅈㄴ많음,"다 그런건 아니지만 일단 이새끼들은 많이 망가져 있음 인성,실력 다 부족한 느낌? 걍 절반이상이 싸이코에 우동사리 뇌임;; 닌 아니라고?








그럼 이걸 왜보고있어?","ㅇㅇ(211.235) 2024.12.05 20:09:48
스크랩 조회 685 추천 4 댓글 4",4,685,2024.12.05 20:09:48,https://gall.dcinside.com/mini/board/view/?id=rhkdtjdrh&no=1867&page=4
4,1866,[일반],광성고 출신이지만 다시 돌아가면,"숭문갈듯

숭문중 출신이라 숭문 싫어서 광성 왔는데","ㅇㅇ(172.225) 2024.12.05 20:00:40
스크랩 조회 564 추천 1 댓글 0",1,564,2024.12.05 20:00:40,https://gall.dcinside.com/mini/board/view/?id=rhkdtjdrh&no=1866&page=4
4,1865,[일반],진짜 존나 궁금한거,"왜 ㅅㅂ 가끔 아침에
정문 들어가서 왼쪽으로 가는 길 처막고
굳이굳이 운동장으로 돌아서 가라는 이유가 대체 뭐임?

ㅅㅂ 정문쪽에서 등교하는 애들 중에
2,3,4,5,6,7반은 왼쪽으로 가는게 더 빠른데
가끔 돌아서 가는거 땜에 지각하는게 너무 ㅈ같음","ㅇㅇ(14.39) 2024.12.02 11:43:59
스크랩 조회 985 추천 16 댓글 4",16,985,2024.12.02 11:43:59,https://gall.dcinside.com/mini/board/view/?id=rhkdtjdrh&no=1865&page=4
4,1864,[일반],광붕이들은 봐라,"정보) CU, GS25 5천 상품권 받는 법
1. 앱스토어에서 [언니의 파우치] 검색, 설치
2. 회원가입 후 추천인에 [FYN5V6RA] 입력하면 5천 캐시
3. 받은 캐시로 [쿠폰샵]에서 구매 ㄱㄱ","ㅇㅇ(175.123) 2024.11.30 22:04:56
스크랩 조회 319 추천 0 댓글 0",0,319,2024.11.30 22:04:56,https://gall.dcinside.com/mini/board/view/?id=rhkdtjdrh&no=1864&page=4
4,1863,[일반],광성고현실적인 위치,"숭문고 >>>>> 경성고>상암고>>>>>>>>>광성고

마포구 최하층 베타메일이 가는 학교.

선배들도 출신을 감추는 학교

서울 마포구에 위치해있으면서 진학실적은 저 어디 남쪽 소도시 고등학교만도 못한 학교

나는 숭문다녀서 다행이야 ㅠ","ㅇㅇ(119.69) 2024.11.29 20:39:10
스크랩 조회 1312 추천 17 댓글 4",17,1312,2024.11.29 20:39:10,https://gall.dcinside.com/mini/board/view/?id=rhkdtjdrh&no=1863&page=4
4,1862,[일반],지금 내신 4.9,"인데 2,3학년 평균 2점후 만들면 인서울이나 경기도권 가능 하냐?


학교 활동 참여  좀 했음","ㅇㅇ(175.123) 2024.11.28 02:03:22
스크랩 조회 717 추천 1 댓글 2",1,717,2024.11.28 02:03:22,https://gall.dcinside.com/mini/board/view/?id=rhkdtjdrh&no=1862&page=4
4,1861,[일반],지금 고3,학교에서 뭐함? 맨날 일찍 가는거 같은데,"ㅇㅇ(175.123) 2024.11.25 22:41:42
스크랩 조회 378 추천 0 댓글 1",0,378,2024.11.25 22:41:42,https://gall.dcinside.com/mini/board/view/?id=rhkdtjdrh&no=1861&page=4
4,1860,[일반],통사 범위 어디냐?,ㅇㅇ,"ㅇㅇ(14.39) 2024.11.23 17:25:45
스크랩 조회 456 추천 0 댓글 7",0,456,2024.11.23 17:25:45,https://gall.dcinside.com/mini/board/view/?id=rhkdtjdrh&no=1860&page=4
4,1859,[일반],솔직히 요즘 이해 안가는 거 있음,"이새끼 욕 왜 먹은거임?


일도 열심히했고


부동산빼고 전부 평타는 쳤음


그중에서 외교, 방역은 전세계적으로 인정 받았고


직구 막는것처럼 국민을 통제하는짓도 안하고


심지어 자신을 욕하는 이대남을 위해 군 복지 개선까지 해줬는데


왜 까인거냐 진심?
- dc official App","덴지의체인소 2024.11.23 17:17:23
스크랩 조회 1057 추천 15 댓글 1",15,1057,2024.11.23 17:17:23,https://gall.dcinside.com/mini/board/view/?id=rhkdtjdrh&no=1859&page=4
4,1858,[일반],뭐하는 새끼인거냐,예배때 가운데에서 노래 부르는 새끼 노래 숙지 안하고 오는거임? 몇 번을 처저는거냐 ㅋㅋ,"ㅇㅇ(59.9) 2024.11.22 22:26:14
스크랩 조회 765 추천 9 댓글 2",9,765,2024.11.22 22:26:14,https://gall.dcinside.com/mini/board/view/?id=rhkdtjdrh&no=1858&page=4
4,1857,[일반],광붕이들 현실적인 모습,ㄹㅇ,"ㅇㅇ(119.69) 2024.11.20 21:09:46
스크랩 조회 909 추천 17 댓글 1",17,909,2024.11.20 21:09:46,https://gall.dcinside.com/mini/board/view/?id=rhkdtjdrh&no=1857&page=4
4,1855,[일반],서울대 정시 쓸 사람 있어??,"정시지균
- dc official App","ㅇㅇ(211.36) 2024.11.19 18:27:49
스크랩 조회 580 추천 0 댓글 1",0,580,2024.11.19 18:27:49,https://gall.dcinside.com/mini/board/view/?id=rhkdtjdrh&no=1855&page=4
4,1854,[일반],고3게이들있냐?,ㅁㅌㅊ임?,"ㅇㅇ(118.221) 2024.11.18 12:07:43
스크랩 조회 351 추천 0 댓글 1",0,351,2024.11.18 12:07:43,https://gall.dcinside.com/mini/board/view/?id=rhkdtjdrh&no=1854&page=4
4,1853,[일반],1학년 광붕이들아,나 내년에 광성고 갈 동도중 1짱인데 1학년 짱 누구냐?,"ㅇㅇ(175.123) 2024.11.17 00:57:55
스크랩 조회 529 추천 1 댓글 4",1,529,2024.11.17 00:57:55,https://gall.dcinside.com/mini/board/view/?id=rhkdtjdrh&no=1853&page=4
4,1852,[일반],매우 정확한 현 광성고 1타 쌤들 알려줌,"국어
수학
영어
과탐
사탐
기타
로 정리함










































이름 써있을거 기대하고 오신
선생님들이시면 개추 ㅋㅋㅋㅋㅋ","ㅇㅇ(115.93) 2024.11.16 21:39:30
스크랩 조회 1340 추천 12 댓글 2",12,1340,2024.11.16 21:39:30,https://gall.dcinside.com/mini/board/view/?id=rhkdtjdrh&no=1852&page=4
4,1850,[일반],3학년게이들 수능 잘봤는지?,"사실 유명한 저능아 집단이라 망했을것 같긴 한데
그래도 물어봄.","ㅇㅇ(61.83) 2024.11.15 12:01:18
스크랩 조회 589 추천 14 댓글 1",14,589,2024.11.15 12:01:18,https://gall.dcinside.com/mini/board/view/?id=rhkdtjdrh&no=1850&page=4
5,1849,[일반],08 광붕이 수학여행 때 사진,- dc official App,"덴지의체인소 2024.11.12 21:43:16
스크랩 조회 1144 추천 19 댓글 3",19,1144,2024.11.12 21:43:16,https://gall.dcinside.com/mini/board/view/?id=rhkdtjdrh&no=1849&page=5
5,1847,[일반],07 광붕이 수학여행때 사진,- dc official App,"ㅇㅇ(211.117) 2024.11.07 00:25:54
스크랩 조회 995 추천 15 댓글 1",15,995,2024.11.07 00:25:54,https://gall.dcinside.com/mini/board/view/?id=rhkdtjdrh&no=1847&page=5
5,1846,[정❗️보],할 거 없어서 쓰는 21년 졸업생의 기억나는 쌤들,"지금 이 사람들이 학교에 있는지 없는지는 모르겠는데 걍 다 쓴다

ㅎㅇㅅ- 처음 봤을때 개꼰대일줄 알았는데, 되게 착하셨음. 생각해보니까 은퇴하셨겠네.

ㅇㄷㄱ-졸업해서 미화된건진 몰라도 광성의 필요악이었던걸로 기억. 뭔가 조커 느낌. 개웃긴데 화도 많았음

ㄱㄱㄹ- 개착함 걍 개착함. 밑에 념글 올라간 애가 말한 ㄱㅇㅅ쌤이랑 더불어서 이 학교 인성 양대산맥

ㅈㅈㄹ- 의외로 보수적임. 원래도 교사한테 개기는 건 좀 그렇지만, 이 쌤앞에서는 찡찡대기라는 옵션도 없었음

ㅌㅅㅁ- 교장 됐다면서? 니들이수업을 못들어본게 아쉽네. 걍 개씹호감.

ㅇㅎㅂ- 아직 있냐? 진짜 정상화대상 1순위인데. 없으면 이 인간 수업 안들은 니들이 부럽다 ㅋㅋㅋㅋ. 생각하니까 또 개빡치네

ㄱㅇㅅ- 진짜 광성에서 몇안되게 그리운 쌤. ㅇㅅ쌤 싫어하는 새끼 학교다니면서 본 적 없음.

ㄱㅁㄹ- 우리학교 영어는 ㅅㅅㅇ 쌤 말고 다 그닥이긴 했는데,  제일 그닥이었음. 그런데 아직도 있을거 같네


- dc official App","ㅇㅇ(118.235) 2024.11.05 21:08:02
스크랩 조회 890 추천 1 댓글 4",1,890,2024.11.05 21:08:02,https://gall.dcinside.com/mini/board/view/?id=rhkdtjdrh&no=1846&page=5
5,1845,[일반],도대체 이 좆반고에서도,"하위권인 새끼들이 왜 퐁퐁남될까봐 부르르 떠는지 모르겠노
외모도 씹 정육점 아저씨나 탐낼것같은데
애미가 너무 칭찬해주면서 키웠나봄","ㅇㅇ(118.221) 2024.11.05 08:33:36
스크랩 조회 847 추천 15 댓글 0",15,847,2024.11.05 08:33:36,https://gall.dcinside.com/mini/board/view/?id=rhkdtjdrh&no=1845&page=5
5,1844,[일반],2006년생들은,"지금 대학이 문제가 아님
씨발 비만 왤케많노 같이 엘베타면
냄새에 질식사할것같음 다같이 단식원이나 ㄱ","ㅇㅇ(59.10) 2024.11.05 07:09:54
스크랩 조회 558 추천 12 댓글 0",12,558,2024.11.05 07:09:54,https://gall.dcinside.com/mini/board/view/?id=rhkdtjdrh&no=1844&page=5
5,1842,[일반],솔직히 예배때,"새로운 노래 하는건 좋은데
걍 아는 노래만 해주셈
안그래도 애들 거의다 지루해 하는데 아는 노래라도 나와서 흥이라도 챙기면 좋잖아 ㅇㅇ","ㅇㅇ(14.39) 2024.11.04 23:57:17
스크랩 조회 575 추천 9 댓글 1",9,575,2024.11.04 23:57:17,https://gall.dcinside.com/mini/board/view/?id=rhkdtjdrh&no=1842&page=5
5,1840,[일반],이래서 개센징새끼들이 안됨,"ㄹㅇㅋㅋ
- dc official App","ㅇㅇ 2024.11.02 08:46:55
스크랩 조회 377 추천 0 댓글 1",0,377,2024.11.02 08:46:55,https://gall.dcinside.com/mini/board/view/?id=rhkdtjdrh&no=1840&page=5
5,1836,[일반],고2 고3 선택과목 12 선생님 다름?,"이것도 케바케임?
- dc official App","ㅇㅇ(211.234) 2024.10.28 12:46:22
스크랩 조회 391 추천 0 댓글 0",0,391,2024.10.28 12:46:22,https://gall.dcinside.com/mini/board/view/?id=rhkdtjdrh&no=1836&page=5
5,1835,[정❗️보],학교와이파이 비번 변경,"기기교체와 함께 변경될 예정입니다
바뀌는 비번은 추후 안내해드리겠습니다","ㅇㅇ(118.221) 2024.10.28 08:29:50
스크랩 조회 930 추천 6 댓글 3",6,930,2024.10.28 08:29:50,https://gall.dcinside.com/mini/board/view/?id=rhkdtjdrh&no=1835&page=5
5,1834,[일반],어이 1학년,너흰 일본못가지? 푸헤헤헿ㅅ,"ㅇㅇ(211.244) 2024.10.22 02:25:21
스크랩 조회 506 추천 4 댓글 2",4,506,2024.10.22 02:25:21,https://gall.dcinside.com/mini/board/view/?id=rhkdtjdrh&no=1834&page=5
5,1832,[일반],광성고 쌈박질 오지게 한다는 소문이 있던데,찐임?,"ㅇㅇ(61.253) 2024.10.21 13:57:47
스크랩 조회 587 추천 3 댓글 1",3,587,2024.10.21 13:57:47,https://gall.dcinside.com/mini/board/view/?id=rhkdtjdrh&no=1832&page=5
5,1829,[일반],탁신문쌤이 교장됨?,ㅇㅇ,"ㅇㅇ(110.70) 2024.10.05 13:22:09
스크랩 조회 756 추천 0 댓글 3",0,756,2024.10.05 13:22:09,https://gall.dcinside.com/mini/board/view/?id=rhkdtjdrh&no=1829&page=5
5,1823,[일반],이번 3학년 입결 좆박을듯,"하는꼴 보면 그럼
돼지비율도 제일 높고 와꾸는 말모
빻빻인데 인성 공부머리도 다 폐급임","ㅇㅇ(118.221) 2024.09.26 10:46:32
스크랩 조회 1136 추천 24 댓글 1",24,1136,2024.09.26 10:46:32,https://gall.dcinside.com/mini/board/view/?id=rhkdtjdrh&no=1823&page=5
5,1822,[정❗️보],졸업생이 씨부리는 과목별 GOAT,"국어- ㅈㅅㅁ쌤. 닥터페퍼에 환장하셨다
수학- ㄱㅇㅅ쌤(인성이 ㄹㅇ..... 들어본 놈들은 알거다)
영어- ㅁㅇㄹ쌤. 딴 쌤들은 돈없어서 참는다.
사탐- ㅇㅇㄱ쌤. 이 양반은 성격도 털털하고 개좆노잼 암기원툴 역사를 개재밌게 가르친다.
과탐- ㄱㅎㅅ쌤. 사람이 좋음. 건강 안좋으시다는 얘기 들었는데 정관장이나들고 함 가봐야겠다
일본어- 처음 봤을때는 나이 많아서 ㅈ됐다 생각했는데, 걍 광성 전체로 넓혀도 GOAT로 뽑을 수 있음
미술- 나 때는 지금 교장이 가르쳤음. 개웃겼는데
체육- ㄱㅎㄱ쌤. 사람이 착함.
음악- 나 있을때 계셨던 선생님 1도 없어서 모름.
진로- JOAT 한명밖에 기억 안남(ㅇㅌㄱ)","ㅇㅇ(106.102) 2024.09.22 21:14:24
스크랩 조회 1676 추천 14 댓글 3",14,1676,2024.09.22 21:14:24,https://gall.dcinside.com/mini/board/view/?id=rhkdtjdrh&no=1822&page=5
5,1818,[일반],어이 하리스,"https://youtube.com/v/2z5-Ptvvo8Y?si=DGCqTdYBnUPonCOm
 [골방라이브] 김상진 - 꽃들도 花も
골방라이브열일곱번째 찬양'꽃들도'입니다.*작사: Mebig*작곡: Mebig사역문의happydawoo@naver.com부부의 블로그 https://blog.naver.com/j_mini0220상진 : https://www.instagram.com/happysangjin멜론 : ht...
youtube.com


다음 예배땐 이걸로 가자고","ㅇㅇ(14.39) 2024.09.14 17:06:42
스크랩 조회 632 추천 7 댓글 3",7,632,2024.09.14 17:06:42,https://gall.dcinside.com/mini/board/view/?id=rhkdtjdrh&no=1818&page=5
5,1815,[정❗️보],선택과목 참고해라,"일본어 말고 중국어 골랐다?ㅡ>좋됨
미술 말고 음악연주 골랐다?ㅡ>좋된거임 ㅅㄱ","ㅇㅇ(110.12) 2024.09.13 14:36:58
스크랩 조회 1136 추천 7 댓글 7",7,1136,2024.09.13 14:36:58,https://gall.dcinside.com/mini/board/view/?id=rhkdtjdrh&no=1815&page=5
5,1806,[일반],1학년 영어쌤 거르라는 이유가 뭐임?,수업 못해서?,"ㅇㅇ(14.39) 2024.09.11 16:32:25
스크랩 조회 989 추천 0 댓글 5",0,989,2024.09.11 16:32:25,https://gall.dcinside.com/mini/board/view/?id=rhkdtjdrh&no=1806&page=5
5,1805,[일반],요즘에는 급식 잘나오냐?,예전에 치킨마요덮밥 이랍시고 눅눅한 닭튀김 몇개에 이상한 ㅈ같은맛 나는 소스 넣어서 준게 잊혀지지가 않는다 21-22년 이때가 뒤에서 뭘 해먹었는지 ㄹㅇ 부실급식 시발,"ㅇㅇ(110.12) 2024.09.11 01:02:04
스크랩 조회 404 추천 0 댓글 3",0,404,2024.09.11 01:02:04,https://gall.dcinside.com/mini/board/view/?id=rhkdtjdrh&no=1805&page=5
5,1803,[일반],고3은 안건듬?,"지금은 다른공부하면 막는쌤 몇분계시던데
- dc official App","ㅇㅇ(211.234) 2024.09.09 17:38:50
스크랩 조회 528 추천 0 댓글 2",0,528,2024.09.09 17:38:50,https://gall.dcinside.com/mini/board/view/?id=rhkdtjdrh&no=1803&page=5
5,1802,[일반],9월 급식표 왜 안올려줌?,?,"ㅇㅇ(211.234) 2024.09.07 19:06:43
스크랩 조회 226 추천 1 댓글 0",1,226,2024.09.07 19:06:43,https://gall.dcinside.com/mini/board/view/?id=rhkdtjdrh&no=1802&page=5
5,1799,[일반],완장아 갤 좀 살려봐라,- dc official App,"ㅇㅇ(110.12) 2024.09.04 02:02:02
스크랩 조회 197 추천 0 댓글 0",0,197,2024.09.04 02:02:02,https://gall.dcinside.com/mini/board/view/?id=rhkdtjdrh&no=1799&page=5
5,1798,[일반],ㅈㅇㅅ vs ㅌㅅㅁ,ㅈㅇㄱ 교장 ㅌㅅㅁ 교장 누가 더 좋냐,"ㅇㅇ(211.36) 2024.09.02 14:45:26
스크랩 조회 503 추천 3 댓글 0",3,503,2024.09.02 14:45:26,https://gall.dcinside.com/mini/board/view/?id=rhkdtjdrh&no=1798&page=5
5,1797,[일반],광성고 마포구에있는 학교 맞농?,금수저세끼들 ㅋㅋ,"쵸비 2024.09.02 11:58:59
스크랩 조회 474 추천 6 댓글 0",6,474,2024.09.02 11:58:59,https://gall.dcinside.com/mini/board/view/?id=rhkdtjdrh&no=1797&page=5
5,1796,[일반],중도보수갤러리에서 순회왔습니다,,"쵸비 2024.09.02 11:44:29
스크랩 조회 295 추천 0 댓글 0",0,295,2024.09.02 11:44:29,https://gall.dcinside.com/mini/board/view/?id=rhkdtjdrh&no=1796&page=5
5,1789,[일반],광성제 ㅈ같은 점,"코로나 핑계로 한 반의 절반 이상 인원만 강당 내려보내서 반에 남는 애들은 ㅈㄴ 재미없음

근데 더 ㅈ같은건 지금 코로나 재유행 중이라
코로나 핑계 데는걸 뭐라 못함","ㅇㅇ(123.111) 2024.08.30 16:09:39
스크랩 조회 974 추천 12 댓글 1",12,974,2024.08.30 16:09:39,https://gall.dcinside.com/mini/board/view/?id=rhkdtjdrh&no=1789&page=5
5,1788,[일반],낼 광성제,ㅈ도 기대 안되면 개추,"ㅇㅇ(175.123) 2024.08.29 21:44:55
스크랩 조회 328 추천 6 댓글 0",6,328,2024.08.29 21:44:55,https://gall.dcinside.com/mini/board/view/?id=rhkdtjdrh&no=1788&page=5
5,1787,[일반],ㅈㅇㅅ교장,ㅈㅇㅅ 따잇,"ㅇㅇ(211.36) 2024.08.29 07:43:44
스크랩 조회 335 추천 0 댓글 0",0,335,2024.08.29 07:43:44,https://gall.dcinside.com/mini/board/view/?id=rhkdtjdrh&no=1787&page=5
5,1786,[일반],1학년 2반,"선생님 왜 그만두신거냐?
- dc official App","ㅇㅇ(106.101) 2024.08.28 15:54:24
스크랩 조회 496 추천 1 댓글 1",1,496,2024.08.28 15:54:24,https://gall.dcinside.com/mini/board/view/?id=rhkdtjdrh&no=1786&page=5
5,1785,[일반],이번에 온 영어 기간제 어떰,"ㅇㅇ
정우성이 수업할뻔한걸 막아주신분임","ㅇㅇ(118.221) 2024.08.28 08:25:32
스크랩 조회 898 추천 7 댓글 1",7,898,2024.08.28 08:25:32,https://gall.dcinside.com/mini/board/view/?id=rhkdtjdrh&no=1785&page=5
5,1783,[일반],솔직히 시발,여기서 디시 제대로 하는 새끼들 별로 없는 것 같은데,"ㅇㅇ(211.46) 2024.08.26 15:10:21
스크랩 조회 645 추천 4 댓글 2",4,645,2024.08.26 15:10:21,https://gall.dcinside.com/mini/board/view/?id=rhkdtjdrh&no=1783&page=5
5,1782,[일반],ㅇㅇ,지금 광성갤 보면 개추,"ㅇㅇ(118.221) 2024.08.26 10:54:30
스크랩 조회 196 추천 3 댓글 0",3,196,2024.08.26 10:54:30,https://gall.dcinside.com/mini/board/view/?id=rhkdtjdrh&no=1782&page=5
5,1781,[일반],전공탐구,전공탐구 하는거 돈 지원해준다는데 얼마나 해줌?,"ㅇㅇ(211.36) 2024.08.25 21:09:02
스크랩 조회 333 추천 0 댓글 0",0,333,2024.08.25 21:09:02,https://gall.dcinside.com/mini/board/view/?id=rhkdtjdrh&no=1781&page=5
5,1777,[일반],광성제,광성제 재밌음?,"ㅇㅇ(211.36) 2024.08.23 18:41:16
스크랩 조회 407 추천 0 댓글 1",0,407,2024.08.23 18:41:16,https://gall.dcinside.com/mini/board/view/?id=rhkdtjdrh&no=1777&page=5
5,1773,[일반],ㅈ같은예배,"앞에서 쳐일어나라하는 목소리는 ㅈㄴ 얇은데 노래 ㅈ도 못부르는 뚱뚱한년 누구임?
씨발 지가 뭐라도 된줄알고 일어나라 이ㅈㄹ하는거 개ㅈ같음ㅋㅋ","ㅇㅇ(106.101) 2024.08.16 14:51:13
스크랩 조회 1048 추천 57 댓글 5",57,1048,2024.08.16 14:51:13,https://gall.dcinside.com/mini/board/view/?id=rhkdtjdrh&no=1773&page=5
5,1771,[일반],피씨방 뒤에서 광성쌤들 얼평하노 ㅋㅋ,"국어쌤,수학쌤 얼평하는데 왤케 한남같냐...
- dc official App","ㅇㅇ(175.211) 2024.08.12 17:09:10
스크랩 조회 764 추천 3 댓글 0",3,764,2024.08.12 17:09:10,https://gall.dcinside.com/mini/board/view/?id=rhkdtjdrh&no=1771&page=5
5,1770,[일반],아 그리고,"그 전학 가는 친구 이름이 ㄱㅈㅅ 인데
공부진짜잘합니다.
부산 1등을 넘어 경상도 1등먹고 서울가는겁니다
조심하세요","ㅇㅇ(115.31) 2024.08.12 00:12:51
스크랩 조회 474 추천 1 댓글 2",1,474,2024.08.12 00:12:51,https://gall.dcinside.com/mini/board/view/?id=rhkdtjdrh&no=1770&page=5
5,1769,[일반],이번에 부산에서 전학가는 1학년에 한 친구가 있습니다.,"그친구잘좀챙겨주세요.
좀 힘든친구입니다.","ㅇㅇ(115.31) 2024.08.12 00:10:01
스크랩 조회 540 추천 0 댓글 3",0,540,2024.08.12 00:10:01,https://gall.dcinside.com/mini/board/view/?id=rhkdtjdrh&no=1769&page=5
5,1764,[일반],광성고에 내 남친 있는데 ㅋㅋ,"본인은 경성고 다니는중이라 맨날 카톡 연애 밖에 못해 ㅠㅠ
같은 학교 가고 싶었는데..
- dc official App","ㅇㅇ(211.234) 2024.07.22 04:46:30
스크랩 조회 1252 추천 12 댓글 3",12,1252,2024.07.22 04:46:30,https://gall.dcinside.com/mini/board/view/?id=rhkdtjdrh&no=1764&page=5
5,1762,[정❗️보],3학년 탐구과목 공부가이드,"다시 보는 사탐 시험 공통 가이드
1. 시험주간일 때에는 질문 못 받아주시기에 전주에 문제 어느정도 풀어보고 질문하는게 좋음. 특히 제작년/작년 기출 중 하나는 꼭 풀어보고 모르는 거 질문하기. 탐구 과목은 쌤들이 잘 안바뀌니 기출 문제 풀고 질문하는게 큰 도움.
2. 최대한 모르는 것은 질문을 많이하는 것이 좋음. 이렇게 까진 안 낸다 등 시험 관련 정보를 어느정도 파악할 수 있음.
3. 수업 제발 제대로 듣기. 서술형 정보 얻을 수 있고 세특도 챙겨야 되지 않겠음? 사탐은 수업을 열심히 들었으면 2주전부터 해도 충분함.

사회탐구

3학년 윤리와 사상

1학기 중간 – 동양윤리 동학 전까지
1학기 기말 – 동학부터 서양윤리까지

윤사는 생윤과 많이 겹친다. 칸트와 벤담, 밀, 아리스토텔레스, 플라톤 등 생윤에서 나온 사람들이 똑같이 나와 똑같은 주장을 펼치며, 내용도 약간 더 심화된 내용일 뿐이다. 공부 방법 역시 생활과 윤리 공부하던 대로 공부하면 되는데, 다만 프린트가 없을 뿐이다. 이게 좀 크긴 하지만, 원래 하던대로 1등급 만들기, 수능특강, 자이스토리/마더텅을 풀면 충분하다.

윤사는 서양윤리보다 동양윤리가 더 어려운 편이다. 동양윤리에서 성리학과 양명학을 배우는데, 이게 참 어렵다. 수능특강 개념 및 원전 지문을 보고, 문제를 풀면서 배우는 수밖에 없다. 그리고 동양윤리에서 한국불교도 자세히 봐야 한다. 한국사 때 보던 정혜쌍수 등이 나오는데, 일단 사자성어는 서술형 나오기 딱 좋고, 돈오돈수, 돈오점수 각각을 주장한 사상가 비교 문제가 반드시 나온다. 물론 도교는 대충 봐도 된다. 서술형만 외워두면 충분하다. 그리고 팔정도가 나온적은 없지만 어렵게 나온다고 하시면 외워두자.

서양윤리에선 아리스토텔레스를 무시하면 안된다. 생윤에서 나온 내용이지만 좀 더 심화된 내용이므로 주의해야 한다. 꼭 알아야 하는 것은 철학적 지혜를 통한 최고 행복, 그리고 실천적 지혜에 대한 내용들이다. 그리고 칸트의 입장은 인간을 수단으로 대우할 수도 있다는 것을 알 아야 한다. 수단뿐‘만’아니라 목적으로 대우하자는 것이므로, 동시에 목적과 수단으로 대우할 수 있다. 이외에는 흄과 스피노자 그리고 스토아학파 정도인데, 문제 풀면 충분히 맞출 수 있다.

생윤의 법칙인 말한 적 없으면 틀리다는 여기서도 적용되니 잊지말자. 3학년 윤사는 인원이 적긴 하지만 공부하는 친구가 적으므로, 1등급을 노려볼만 하다.

3학년 세계지리

1학기 중간 - 쾨펜의 기후구분까지(=건조 및 냉한대 기후까지)
1학기 기말 - 세계의 주요 대지형~~주요 에너지 자원과 국제이동까지

수능특강으로 진도 나감.
시험 특성: 객관식은 수능형, 서술형은 내신(암기)형

공부방법:
1. 수특 개념-> 해당단원 문풀->오답-> 질문-> 반복 형식으로 진행. 수특 개념은 다 암기한다는 마음으로 공부. (쾨펜 기후구분의 경우 많이 알수록 좋음. 최대한 많이 암기.)
2. 마더텅or자이스토리 중 1선택 문풀, 학교 기출 등 문제풀이 진행. 모르거나 헷갈렸던
도표나 선지들은 암기 후 형광펜쳐서 나중에 복습하기. 문제푸는 스킬을 익힌다는 생각으로 문제 풀기.
3. 서술형 대비해 수능특강 옆에 있는 작은 글씨들도 암기, 시험 전날 문제집에 형광펜 친 도표와 선지 다시 한번 암기 및 이해.
메가스터디 이기상 추천. 또 당신입니까. 도표파트 이해 및 암기 도와줌

시험은 도표를 보았을 때 무슨 지표인지, 순위까지 다 떠오를 정도로 공부. 아니면 시간이 부족해 문제를 다 못풀 수도 있음.

3학년 세계사

1학기 중간 – 이슬람까지
1학기 기말 – 인도부터 산업혁명까지

동아시아, 서아시아, 인도, 유럽 등 세계의 주요 문화권의 역사를 배우는데, 범위가 넓다보니 압도적으로 암기량이 많으며 암기를 하는 것과 동시에 시기별, 국가별 구분을 하는 것이 중요하다. 각 국가와 시기의 특징을 잘 구별할 수 있어야 한다. 특히 가장 비중이 큰 유럽사는 인물들의 이름이 길고 외울 것이 매우 많으므로 여러 번 복습하여 암기를 하는 것이 좋다.

세계사 역시 공부법이라고 할법한게 암기 뿐이다. 교과서 모든 내용을 암기하면 1은 반드시 나올 정도로 암기량이 많으니 노력으로 승부보자. 영어 교과서 본문 외우듯이 시험 범위 전체를 하나의 본문으로 생각하고 이를 처음부터 끝까지 암송하면 도움이 된다. 역사엔 흐름이 있으므로, 깡으로 통암기하는 것보단 빠르다.
세계사 역시 경쟁이 매우 빡세지만, 3등급 받는 것은 매우 쉽다. 다들 공부를 안한다.

3학년 사회문화

1학기 중간 – 일탈 이론 전까지
1학기 기말 – 일탈 이론부터 사회 구조까지

사회문화 GOAT일지도 모르는 쌤이 계신 과목이다. 암기량이 경제보다 아주 약간 많은 정도이므로 암기의 부담은 적다. 다만 계산이 문제인데, 수능 때 사문 볼거 아니면 그리 중요하진 않다. 성적이 반영되는 1학기 시험에선 사회구조에서 계산 좀 나오는 정도이다. 내신형보단 수능형에 가깝다.

공부방법은 경제와 비슷한데, 완자로 개념을 잡고 1등급 만들기와 수능특강, 자이/마더텅을 풀면 된다. 경제처럼 암기량이 적으므로 완자를 틈틈이 하며 수업내용을 복습하다가 시험 1주 전부터 문제집을 열심히 풀면 충분하다.

사회문화 역시 경제처럼 옳지 않은 것을 골라야 하는지, 옳은 것을 골라야 하는지를 잘 봐야 한다. 다행히 서술형에서 지엽적인 암기를 요구하진 않으므로 적당히 개념을 암기해가면 서술형 단답형은 다 맞을 수 있다.

비공식 조직, 자발적 결사체, 이익 사회 등을 밴 다이어그램으로 표현한 그림이 완자 등의 문제집에 있는데, 꼭 알아두자.

사문은 경제처럼 공부 잘하는 친구들이 많이 선택하는 과목이긴 하지만 인원 수도 3학년 사탐 중에선 제일 많다. 1등급 맞으려면 사문을 선택하는 것이 좋다.

과학탐구

3학년 지구과학 2

1학기 중간 - 1~2단원
1학기 기말 - 3~4단원(4단원은 일부만 들어갈 수도 있음)

이거 열심히 공부할 시간에 기초일반 과목 열심히 하는게 좋다. 교과서만 달달 외우고, 교과서 뒤에 대단원 마무리 문제 잘 풀 수 있다면 A는 무조건 받을 수 있다. 선생님이 나오는 곳 알려주시니 그 부분 체크해 공부하자.

3학년 생명과학 2

역시 진로 과목이기 때문에 쉬운 편이지만, 기본 개념이 상당히 어렵다. 수행평가를 반드시 잘 봐야 안정적으로 A를 맞을 수 있다. 수업을 충실히 들어야 할 것이다.
생명과학Ⅱ는 주로 생명과학 I을 들었거나 메디컬, 생명공학과, 환경공학과를 지망하는 학생들이 선택하는 편이다. 

생명과학Ⅱ는 이해와 암기가 필요한 단원들이 많다. 그러므로 개념 공부를 탄탄히 해야 하며, 굳이 생명과학Ⅰ을 하지 않고도 들을 수 있는 과목이기에 위에 언급된 학과를 지망한다면 생명 I을 하지 않았어도 하는 것이 좋다. 뭐 메디컬 갈려는 사람이 생명 I를 하지 않았을 리가 없지만..

수업은 수능 특강으로 하며, 내신 또한 수능 특강 내에 있는 문제로만 출제하기에 수능 특강으로 정확하게 공부하면 된다. 학교 수업을 충실히 듣고, 부족한 부분은 EBSi를 통해 채워나가면 충분히 A 받을 수 있다.

3학년 화학 2

화학 II는 진로 과목이기 때문에 화학 I 때보다 훨씬 쉽게 출제된다. 하지만 개념 자체는 Ⅰ보다 어려우므로 방심하면 안 되고, 수행평가 비중이 높기에 학교 수업을 충실히 들어야 한다.

주로 화학공학과, 생명공학과와 같은 학과를 선택하는 학생들 그리고 화학Ⅰ을 선택했던 학생들이 듣는 편이다. 화학Ⅰ을 하지 않고도 들을 수 있지만, 몇몇 부분에서는 화학Ⅰ개념이 필요하기 때문에 화학 I을 했을 때만 선택하는 것이 좋다.

진로 과목이기에 문제는 쉽게 출제되어 문제집은 수능특강 정도면 충분하다, 그러나 개념 자체가 화학 I보다 어려우므로 학교 수업을 충실히 듣고, 부족한 부분은 EBSi로 채우는 것이 좋다. 시험 범위는 특정하게 정해진 것이 아니므로 선생님이 알려주실 것이다.

3학년 물리학 2

물리학 I과 과목 구성이 거의 비슷하고 물리학 1의 개념이 많이 사용되나 새로운 개념 공부이 상당히 어려울 수 있다. 물2를 수능에서 보려는 사람은 없을 거라 생각하고 내신의 경우 절대평가이므로 시험이 어려운 편은 아님. 교과서 내용을 모두 숙지하는 것에 집중하고 학교 수업을 열심히 들으면 충분하다. 교과서만 열심히 풀어도 충분하다.","ㅇㅇ(118.221) 2024.07.19 10:39:19
스크랩 조회 2358 추천 10 댓글 5",10,2358,2024.07.19 10:39:19,https://gall.dcinside.com/mini/board/view/?id=rhkdtjdrh&no=1762&page=5
5,1761,[정❗️보],3학년 탐구제외 공부가이드,"공부 가이드

수시가 사실상 끝나는 3학년 1학기까지 시험을 보면서 느낀 점과 각 과목 공부법 등 팁들을 각 과목에서 1~2등급을 받은 문과 3명, 이과 4명이 분업해서 24년 7월에 만들었다. 내신에 대한 팁이 많지만 수능에서도 적용되는 팁이 있으니 이 글이 공부에 도움이 되길 바라고, 2학년 1학기까진 해보고 수시/정시를 결정하길 바란다. 공부를 잘하는 학생들에겐 이 가이드가 부족하거나 필요하지 않을 수 있으며 이 가이드가 반드시 정답인 것은 아니다. 스스로 판단해 자신만의 공부법을 만들길 바란다. 선생님들에 대한 설명은 혹시 몰라서 거의 적지 않았다. 더 궁금한게 있으면 댓글로

3학년 공부 가이드

3학년 언어와 매체

1학기 중간 – 형태소 혹은 단어 초반까지
1학기 기말 – 외래어 표기법 제외 단어 끝부터 중세국어까지

이름이 언매지만 실제로 공부해야 하는 것은 언어이다. 수업시간에 프린트 나눠주시는데 열심히 채우고 프린트를 다 외워야 한다. 프린트 예시는 반드시 꼼꼼히 봐야하며, 수능특강 문제 선지도 매우 중요하다.

공부방법은 평소에 수능특강을 풀다가 시험 2주전 정도부터 총만국을 풀면서 모르는 것을 선생님에게 질문한다. 그 다음으로 시험 전날이나 전주에 자이스토리/마더텅을 풀어 다시 감을 잡고, 그동안 틀린 것들을 복습하면 된다. 그리고 시험 날 아침에 일어나서 프린트를 다시 전부 외우면 충분하다. 총만국이 정말 큰 도움이 된다. 꼭 풀어보도록 하자.

프린트를 외운다고 했지만 이것은 개념을 잡는 것이고, 가장 중요한 것은 외운 것들이 어떻게 활용되고 적용되는지를 아는 것이다.

시험은 타임어택으로, 확실한 것은 그냥 넘어가야한다. 답이 확실한데도 다 검증하는 것은 공부할 때 가져야 하는 자세이고, 시험장에서 그러면 안된다. 자신의 답에 확신을 가지자.

언매 팁은 다음과 같다. 음운변동 문제를 풀 때 형식형태소 구분 잘하자. 실질형태소와 형식형태소 구뷴 헷갈려서 틀릴 수 있으므로 집중해야 한다.

그리고 이중피동 여부를 구분할 때 사동접미사와 피동접미사 중 겹치는 것이 있음을 생각하면서 풀어야 한다. 사동(이히리기우구추) + -어지다는 이중 피동이 아니다. -어지다를 떼서 의미가 바뀌면 이중 피동이 아닌거고, 바뀌지 않으면 이중 피동인 것이다.

또, 프린트에는 없지만 명사파생접미사 –보도 기억해두고, 접미사 빼고 –게 하다가 통하면 사동이고 아니면 피동이다. -어지다와 달리 –게 하다는 언제나 통용된다.

능주피부, 능목피주, 타동사/형용사 시 주주사목, 자동사 시 주주사부 주목사목 이런 식으로 피동/사동 시 문장이 어떻게 변하는 지 외워두면 시간을 많이 절약할 수 있다.

언매는 그래도 억울하게 틀리는 일은 없다. 답이 딱 떨어지는 과목이다보니 공부하면 절대로 배신당하지 않는다. 열심히 공부해서 1등급 받아보자.

3학년 화법과 작문

1학기 중간 – 화법
1학기 기말 – 작문

수특으로만 진도 나가고, 사실 별로 설명할 수 있는게 없음. 시험이 매우 내신형의 시험이니 시험 문제를 꼼꼼히 봐야하고, 더 의심스러운 선지를 골라내야 함. 그나마 할 수 있는 조언이라면 수업 열심히 들으며 필기하는 것 정도. 나중에 공부할 때 편하고 강조한 부분에서 서술형이 나오기도 함. 시험 전날 한번 쓱 보는 정도로도 안될 건 없음. 학원에서 자료 주는 것 받아서 문단별로 어떤 표현 기법이 사용되었는지를 보는 것이 중요.

3학년 확률과 통계

1학기 중간 – 조건부확률 전까지
1학기 기말 – 조건부확률부터 끝까지

확률과 통계는 문과뿐만 아니라 이과도 많이 선택하는 과목이다. 하지만 이과가 확통을 선택한 경우 미적, 확통, 기하 이렇게 수학 3개를 선택했을 가능성이 높으므로 문과도 충분히 1등급 받을 수 있을 것이다.

확률과 통계는 지금까지 공부하던 대로 공부하면 된다. 마플시너지 풀고, 수능특강 풀고, 학교 기출들 풀고, 모의고사 문제 푸는 식으로. 확통은 해설지를 보면서 여러 가지 풀이를 배우고, 자신에게 잘맞는 풀이를 선택하는 것이 좋다. 앞부분이 어려우므로 열심히 많은 문제를 풀어보자. 통계파트는 정말 쉽기 때문에, 중간 때 갈릴 것이다.

3학년 영어 독작과 독해, 영어회화

1,2학년 영어와 학습 방법 자체는 동일, 1회독하며 부족한 부분 체크 → n회독 후 부족한 점 보완, 변형 문제 풀이 → 반복 → 기출 풀이

다만 교재가 수능특강인 만큼 양질의 자료와 해설 강의 등을 찾을 수 있을 것임. 메가스터디, EBS 등 본인의 입맛에 맞는 인강 해설 찾아보기.

학교마다 지문 수가 천차만별이겠지만 꼭 여유를 두고 3~4주전에는 영어 학습 시작할 것.

영어 회화의 경우 서술형이 거의 다 작문/배열로 어려운 편. 영어 회화가 쉬워 보이지만 생각보다는 어려움.

물론 영독작의 경우엔 서술형은 괜찮지만 객관식이 영어회화보다 훨씬 어려우니 객관식과 서술형 어느 쪽을 더 잘하는지에 따라 선택하기.

기타 과목 설명

심화국어 – 정말 쉬움. 수업만 들어도 A는 그냥 맞을 수 있다. 가장 추천.

통합수학 – 정말 쉬움. 심국처럼 수업만 들어도, 솔직히 안들어도 A는 그냥 맞음. 그러나 1~2학년 때 배운걸 다시 배우다보니 대학에서 이를 싫어한다는 소문이 있어서 추천하진 않음.

심화영어독해 – 보통 난이도. 수업 듣고 시험 보기 전 1시간 정도 공부하면 A 가능. 2번째로 추천.

기하

1학기 중간 : ~벡터의 연산
1학기 기말 : 평면벡터의 성분과 내적 ~ 공간좌표

이공계열로 진학할 거라면 듣는 것을 권장한다. 과목 특성상 도형과 벡터를 많이 다루고 3차원까지 확장된 개념을 배운다. 기하는 진로 과목이기에 어려운 문제는 거의 없으니 안심하자.

기하는 이차 곡선, 벡터, 공간도형 이렇게 세 개의 단원으로 나뉘고 1학기에 이 모든 것을 전부 배운다. 수행평가 비중이 높으니 수업 제대로 듣자.

시험은 교과서 내에 있는 문제들 위주로 출제되니 교과서 문제들은 다 풀 수 있어야 한다. 또한 새로운 개념들이 많이 나오기에 학교 수업을 충실히 듣고, 부족하거나 이해가 되지 않았던 것들은 선생님께 질문해야 한다. 그래도 교과서만 제대로 배우면 충분하다.

논술 vs 환경 – 그냥 진로 생각해서 가면 됨. 다만 환경에 자습 주시는 선생님들이 더 많음.

사문탐/생활과 과학 – 보통 선택권이 없긴 한데, 2학년 때 지과나 생윤 등 다른 탐구 과목을 했다면 고민을 좀 해봐야 함. 자신이 있으면 등급 나오는 과목을 해 성적을 끌어올리고, 정시파이터거나 자신 없으면 그냥 이거 하자.","ㅇㅇ(118.221) 2024.07.19 10:38:58
스크랩 조회 639 추천 6 댓글 0",6,639,2024.07.19 10:38:58,https://gall.dcinside.com/mini/board/view/?id=rhkdtjdrh&no=1761&page=5
5,1760,[정❗️보],2학년 과탐 공부가이드,"과학탐구
 2학년 지구과학 1
 1학기 중간 – 1,2단원
1학기 기말 - 2단원 지사학의 법칙 - 4단원 엘니뇨와 라니냐
2학기 중간 - 4단원 전체~5단원 별의 특성과 진화
2학기 기말 - 5단원 외계 행성계와 외계 생명체 탐사~6단원 전체
 지구과학1은 다른 과학과목에 비해서 수학적 계산이나 공식암기가 적은 편이나, 기타 암기해야할 것들이 좀 있음. (암석 종류, 대기 대순환, 해류, 별 분광형, 은하) 이해를 바탕으로 암기를 잘하면 추천.
 공부 방법 – 별도의 학원이나 인강은 필요 없음. 수업시간에 집중만 잘 하면 충분함.
문제집 같은 경우엔 수능특강, 기출pick, 자이스토리, 완자 이 네 문제집을 다 풀면 1 충분히 맞음. 그러나 시간이 없을 수 있는데, 이럴 경우엔 완자와 기출픽 그리고 수능특강 정도로 타협. 완자로 개념 공부 – 기출픽으로 내신대비
 시험 3주전부터 시작하는 걸 추천하고, 교과서 정독은 필수. 수능형 문제가 많지만 내신형 문제도 섞여 나오는데, 교과서 꼼꼼히 암기하면 틀릴 일 없음.
 수능특강은 선택적으로 풀기. 학교 시험에 나올 일 없는 문제가 꽤 있음. 그래도 자이스토리, 수능특강에 나온 문제 유형이 시험에 킬러로 나올 때가 많으니 다 푸는 것도 나쁘진 않음.
 지구과학은 문제 난이도가 언제나 쉬우면서도 분별은 될 정도이고, 서술형도 합리적인 편임. 다만 수행평가가 실수하기 쉬운 편이므로 준비 철저히.
 나머지 팁으로는 분광형 외울 때 Oh Be A Fine Girl Kiss Me 이런 식으로 외우는 것과 대기 대순환이 く형태를 띈다는 것 정도. く방향을 따라 바람이 분다.
 꽤 재미있는 과목이고 문과의 경우 3학년 때 성적을 올리려고 한다면 지구과학을 선택하자. 생명과학 선택했다가 피본 친구들이 약간이지만 있다. 문과도 1 맞을 수 있는 유일한 과학 과목이다.
 2학년 생명과학 I
 1학기 중간: 1 ~ 3-1단원
1학기 기말: 3-2 ~ 3-3단원
2학기 중간: 4-1단원
2학기 기말: 4-2 ~ 5단원
 생명과학Ⅰ은 크게 생명 활동, 유전, 생태계로 나눌 수 있는데, 생명 활동 파트에선 전반적인 생명 활동과 막전위, 근육수축과 이완 등을 배운다. 막전위, 근육수축과 이완에서 꽤 어렵게 나올 수 있으니 열심히 공부하자.
 악명 높은 유전 파트에서는 체세포 분열, 감수분열, 비분리 등을 배우고, 가장 어려운 문제가 출제된다. 시간 내에 빠르게 추론해야 한다. 과목 선택하기 전에 유전이 있음을 주의하자.
 생태계 파트에선 생태계에서 일어나는 전반적인 작용을 배우는데, 추론력이 필요한 문제보단 단순 계산 문제가 많이 출제되므로 계산 실수에 주의하자.
 안그런 과탐 과목이 없겠지만 개념이 중요하다. 개념을 탄탄히 공부하고 나서 문제를 많이 풀어야 하고, 당연한 소리같지만 방심하지 말고 개념을 ‘정확하게’ 공부해야 한다. 그리고 막전위, 근육 수축과 이완, 유전 파트에서 출제되는 문제들은 난도가 상당히 높으니 정말 많이 풀어봐야 한다.
 또 문제를 풀 때 시간 관리를 하며 정확하게 답을 내야 하니 공부할 때 타이머 키면서 공부하는 것이 좋다. 평가원-교육청 기출뿐만 아니라 학교 기출 문제도 꼭 풀어봐야 하고, 마더텅/자이스토리와 수능 특강으로 공부하는 것이 좋다.
 2학년 화학 I
 1학기 중간: 1단원
1학기 기말: 2단원
2학기 중간: 3단원
2학기 기말: 4단원
 문제집은 마더텅/자이스토리, 수능 특강을 추천한다.
 화학1의 1단원은 ‘양적 관계’를 배우는 단원으로, 여러 정보들을 통해 원자, 분자의 몰(개수)를 구하는 것이 주이다. 개념은 쉽지만 고도의 추론을 요구하는 문제들이 출제되기에 가장 어려운 단원이기도 하다. 연습을 많이 해야 하는데, 단순 개념만 공부하는 것보단 평가원-교육청 기출을 통해 연습하는 것이 추론력 향상에도 좋다.
 2단원은 원자의 구조와 모형, 전자의 배치, 그리고 주기율을 배운다. 1단원보다 쉬운 편이지만 2단원에도 추론이 필요한 문제들이 많고, 시간 내에 빨리 풀 수 있는 능력도 중요하기 때문에 개념 공부를 철저히 해야 한다. 따라서 개념 위주로 공부하고, 개념의 틀이 완전히 잡힌 다음에 기출을 푸는 것이 좋다.
 3단원은 화합 결합, 분자의 구조, 그리고 탄소 화합물에 대해 배운다. 3단원 역시 쉬운 편으로, 개념 공부만 오류 없이 정확히 하면 충분하다. 교과서에 나온 예시들을 통해 심화적으로 공부하면 더 좋다. 특히, 결합각 문제와 그에 따른 분자의 특징을 물어보는 문제가 많이 출제되므로 역시 기출을 통해 연습하는 것이 좋다.
 4단원은 산화-환원 반응과 중화 반응을 배우는데, 1단원 다음으로 고난이도 문제가 많이 출제되는 범위이다. 따라서 문제를 통해 많이 연습해야 하고, 특히 중화 반응 부분에서 많이 출제되므로 문제를 풀면서 매끄럽게 추론할 수 있어야 한다.
 2학년 물리학 I
 크게 역학(1단원)과 비역학(2,3단원)으로 나뉘는데, 역학의 경우는 당연한 얘기지만 허수마냥 잡다한 스킬만 공부하지 말고 일단 정직하게 푸는 연습이 중요. 개인적으로는 같은 문제를 여러 번 푸는 것이 도움된다고 생각함. 비역학의 경우, 공식 암기와 현상을 이해하는 본인만의 논리 구조를 갖는 것이 중요함.
 운동량과 충격량 단원의 경우 운동량 보존 법칙과 두 물체 사이의 상대속도를 이용하여 표를 작성하면 웬만한 문제는 다 풀린다. 연습하면 금방 느는 유형 중 하나이다.
 물리학에서 가장 어렵다고 할 수 있는 부분인 역학적 에너지 보존 법칙(일과 에너지)은 모의고사나 수능에서도 20번 문제로 출제된다. 두 종류의 퍼텐셜 에너지와 운동 에너지가 무엇인지, 어떤 상황에서 역학적 에너지가 보존되고 손실되는지부터 정확히 알고 문제를 풀어야 한다. 뉴턴 운동 법칙과도 연결하여 이해하는 것이 중요하며 운동량과 충격량과 엮어 문제가 출제되기도 한다. 계산량이 가장 많은 단원인 만큼 꾸준한 연습이 필요하다.
 열역학과 상대성 이론은 역학 부분 중 그나마 가벼운 부분이다. 열역학의 경우, 열역학 유형들과 열역학의 세 가지 법칙을 파악하는 것이 우선이다. 크게 피스톤 유형과 그래프 유형이 있다. 최근 모의고사와 수능에는 주로 후자만 출제된다. 열역학 제 1법칙과 열효율을 동시에 묻는 것이 특징이다. 이 유형의 경우 열량, 내부 에너지 변화량, 일에 대한 표를 작성하면 금방 풀 수 있다. 특수 상대성 이론의 경우 정확한 논리를 가지고 문제를 접근하는 것이 가장 중요하다. 다양한 문제를 풀어보며 본인의 논리가 적절한지 확인해보자.
 시험범위는 전범위 누적된다. 이전 고사 시험범위에서도 충분히 어렵게 나오니 이전범위 공부 소홀히 하면 안됨.
 내신 공부의 경우 완자로 개념을 잡고, 기출픽까지 풀면 2는 나올 만함. 거기에 자이스토리/마더텅 둘 중 하나까지 하면 끝.","ㅇㅇ(118.221) 2024.07.19 10:37:47
스크랩 조회 4612 추천 11 댓글 0",11,4612,2024.07.19 10:37:47,https://gall.dcinside.com/mini/board/view/?id=rhkdtjdrh&no=1760&page=5
5,1759,[정❗️보],2학년 사탐 공부가이드,"사탐 시험 공통 가이드
  1. 시험주간일 때에는 질문 못 받아주시기에 전주에 문제 어느정도 풀어보고 질문하는게 좋음. 특히 제작년/작년 기출 중 하나는 꼭 풀어보고 모르는 거 질문하기. 탐구 과목은 쌤들이 잘 안바뀌니 기출 문제 풀고 질문하는게 크게 도움이 됨.
2. 최대한 모르는 것은 질문을 많이하는 것이 좋음. 이렇게 까진 안 낸다 등 시험 관련 정보를 어느정도 파악할 수 있음.
3. 수업 제발 제대로 듣기. 서술형 정보 얻을 수 있고 세특도 챙겨야 되지 않겠음? 사탐은 수업을 열심히 들었으면 2주전부터 해도 충분함.
  사회탐구
  2학년 생활과 윤리
  1학기 중간 – 처음부터 삶과 죽음의 윤리까지
1학기 기말 – 사회 정의부터 시민 불복종까지
2학기 중간 – 사회계약론?부터 자연 윤리까지
2학기 기말 – 예술 윤리부터 끝까지
  생윤은 선생님께서 나눠주시는 프린트가 가장 중요하다. 이 프린트는 수능에서 생윤 볼거면 절대 버리면 안된다. 나중에 생윤 공부할 때 이 프린트만 있어도 1 나온다.
  생윤은 말장난이 심하고 함정이 많으므로 문제를 많이 풀어봐야 한다. 나의 경우 시험 2주전부터 1등급 만들기와 수능 특강을 풀었고, 시험 전날에 자이스토리를 전부 풀었으며 시험 당일 새벽에 일어나서 교과서를 암기하며 서술형을 대비했다. 자이스토리/마더텅을 다 풀면 객관식은 거의 다 맞을 수 있다. 그리고 현자의돌 이라는 임수민이 만든 책이 있는데, 이게 맛도리여서 꼭 풀어보길 바란다. 수능 공부할 때와 내신 공부할 때 모두 좋다.
  또, 기출 문제를 꼭 풀어봐야 하는데, 시험 전주까진 풀어서 틀리거나 헷갈리는 것을 선생님께 질문해야 한다. 한번 나온 문제가 그대로 나오진 않겠지만 선지로 나올 수도 있다.
  생활과 윤리 문제를 풀 때 반드시 명심해야 하는 것은, 말한 적 없는 주장은 틀린 주장이라는 것이다. ~는 ~를 주장했다. 이런 선지에서 괜히 깊게 생각하지 말고, 말한 적 없으면 넘겨야 한다. 이렇게 말한 적 없는 것을 선지로 내는 문제는 언제나 한 문제 정도는 있었고, 이걸로 갈린다.
  서술형은 어려우면서도 풀만한 편이고, 객관식은 내신형과 수능형 반반이다. 객관식 못 풀면서 서술형 공부하지말고, 객관식부터 공부해야 한다. 그리고 팔정도 다 외울 필요 없고, 프린트 보면 원문들이 있는데, 원문들도 꼼꼼히 봐두자. 거기서 나오기도 한다. (칸트, 루소, 베카리야, 롤스, 노직 등은 필수)
  2학년 한국지리
  1학기 중간 - 처음~화산지형과 카르스트
1학기 기말 - 우리나라 기후 특성~지역개발과 공간 불평등
2학기 중간 - 자원의 의미와 자원문제~외국인이주와 다문화 공간
2학기 기말 – 남은거 전부
시험특성: 수능형이었는데, 선생님이 바뀌어서 확실하진 않음.
  공부 방법:
1. 교과서, 프린트 개념을 외운 후 문제를 푸는 식으로 진행, 수특 등 문제 풀이 후에는 지엽적인 부분암기 및 헷갈리는 개념 파악
2. 문제풀이시, 한국지리는 도표 분석이 중요함. 따라서 데이터 값의 순위나 도표 해석방법을 파악해두는 것이 중요.
3. 마더텅 자이스토리 중 1선택, 학교 기출 등 문제 풀기. 헷갈리거나 틀린 선지 형광펜 치고 시험 하루 전/당일 새벽에 복습
4. 마지막으로 서술형 대비진행. 중요한 개념이나 교과서 옆에 있는 작은 개념들까지 암기. 기출 문제 풀면서 어떤 것들 내는지 감 잡기.
  메가스터디 이기상이 GOAT임. 도표 관련 파트는 듣는 것이 좋음.
시험에서 시간이 그렇게 부족하진 않음.
  2학년 동아시아사
  한중일 3국에 베트남, 몽골까지 동아시아 문화권으로 엮이는 나라들의 역사를 배우고, 각 시기에 각 나라들의 특징을 비교하여 공부하는 것이 중요하다. 그러므로 특히 가장 많은 비중을 차지하는 중국과, 일본, 한국의 시기별 나라들의 특징을 잘 알아 둬야 한다. 중국사의 비중이 큰 만큼 중국사에 나오는 나라들의 특징을 잘 구별하는 것이 포인트다.
  한국사보다 인원이 적고 역사만 파는 몇몇 친구들이 있어 경쟁이 매우 빡세다. 1등급을 받고 싶다면 차라리 다른 과목을 선택하는 것이 낫다. 그래도 역사만 파는 친구들은 2, 3등급인 경우가 많으므로 본인이 공부와 암기를 잘한다고 생각하면 도전하는 것도 나쁘지 않다.
  2학년 경제
  1학기 중간 – 2단원 01 시장 수요 공급쯤까지
1학기 기말 – 2단원 끝까지
2학기 중간 – 3단원 전부
2학기 기말 – 4단원 무역부터 5단원 02까지
  경제는 아마 인원이 매우 적을 것이다. 그렇지만 본인이 경제학과나 경영학과를 희망하고 또 학종을 준비한다면 반드시 들어야 한다. 경제가 어려운 과목인건 맞지만 그래도 암기량이 매우 적다는 것은 무시못할 장점이다.
  경제는 시험 문제가 매우 변화무쌍하다. 무슨 소리인가 하면 어느 때는 매우 쉽다가도 어느 때는 정말 말도 안되게 어렵다. 그리고 내신형과 수능형을 넘나들기 때문에 예측이 어렵다. 경제에 내신형이 어디있겠냐고 할 수 있겠지만 있더라.
  공부 방법으로는 일단 완자를 매우 추천한다. 완자를 통해 시험 4주전부터 교과서 내용 복습하면서 틈틈이 개념을 잡고, 그 후 시험 1~2주 전부터 수능특강, 1등급 만들기를 풀면 된다.
시험 전날에 자이스토리/마더텅을 풀면 좋긴 하지만 경제는 정말 오래 걸리니 시험 전주부터 하자. 이렇게 문제집을 다 풀었으면 교과서 개념들을 전부 외워야 한다. 시험이 내신형으로 나올지, 수능형으로 나올지 모르기 때문에 각각의 개념들을 정확하게 알고 있어야 한다.
  기회비용의 경우에는 계속해서 풀면서 감을 익혀야 하고, 가격탄력성의 경우 가상의 공을 그래프에 떨어트렸을 때 잘 튈거 같으면 탄력적인 것이고, 아니면 비탄력적인 것이다. 그리고 3단원 01이 경제사 파트인데, 꼭 제대로 알아두자. 반드시 나오는 건 둘째치고 어떤 산업이 발달했는지, 그리고 시대순으로 배열하는 것도 문제로 나오고, 중화학 공업 선언, 최초의 TV이런 것도 배열해야 한다. 심지어 1년차이가 나오기도 하니 역사 공부하듯 알아두자.
무역의 경우 통사때 쓰던 비자양모를 사용하면 편하고, 안나올거 같긴 한데 FTA 체결 순서, 나라 이름도 혹시 모른다. 선생님께 물어봐서 대충 외울지 안외울지 감을 잡자. 이 말을 하는 이유는 나왔었기 때문이다. 금융 부분에선 서술형으로 나오기 좋은 것들이 많으니 열심히 외우자.
  문제의 경우 문제에서 구해야 하는 것이 옳지 않은 것인지, 옳은 것인지를 잘 구분해야하고, 소거법으로 푸는 것이 좋다. 또, GDP 계산할 때 삼면 등가의 법칙을 언제나 기억하자. 이 법칙과 다르게 나오면 틀린 거다. GDP 말고 GNI도 나오고 기타 뭐 인간개발지수, 행복지수? 등도 꼭 외워야 한다.
  2023 2학년 2학기 중간, 기말을 풀어보면 도움이 될 것이다. 경제에 잘 하는 친구들이 많이 몰리다보니 1등급 경쟁이 치열하지만 그래도 아예 못할 정도는 아니다. 함 해보자.","ㅇㅇ(118.221) 2024.07.19 10:37:12
스크랩 조회 2454 추천 18 댓글 0",18,2454,2024.07.19 10:37:12,https://gall.dcinside.com/mini/board/view/?id=rhkdtjdrh&no=1759&page=5
5,1758,[정❗️보],2학년 탐구제외 공부가이드,"공부 가이드

수시가 사실상 끝나는 3학년 1학기까지 시험을 보면서 느낀 점과 각 과목 공부법 등 팁들을 각 과목에서 1~2등급을 받은 문과 3명, 이과 4명이 분업해서 24년 7월에 만들었다. 내신에 대한 팁이 많지만 수능에서도 적용되는 팁이 있으니 이 글이 공부에 도움이 되길 바라고, 2학년 1학기까진 해보고 수시/정시를 결정하길 바란다. 공부를 잘하는 학생들에겐 이 가이드가 부족하거나 필요하지 않을 수 있으며 이 가이드가 반드시 정답인 것은 아니다. 스스로 판단해 자신만의 공부법을 만들길 바란다. 선생님들에 대한 설명은 혹시 몰라서 거의 적지 않았다. 더 궁금한게 있으면 댓글로

2학년 공부 가이드

2학년 문학(1학기), 독서(2학기)

문학의 경우에는 1학년 때 국어 공부하듯이 선생님 필기 공유하고 온갖 질문을 하면서 공부하면 된다. 문학은 정말 1학년 때와 똑같은 편인데, 그냥 교과서 열심히 보고 평가 문제집과 자습서를 풀면 된다. 문학 개념 (객관적 상관물 등)들은 따로 관련 문제집 아무거나 사서 보충하면 된다.

꼭 1등급을 맞고 싶다면 배운 소설/시 등과 관련한 작품도 읽어보자. 연계로 자주 나오는 소설/시가 있고 아니면 그냥 외부 지문 가져와서 여기 사용된 표현 방법을 찾는 문제가 나오기도 한다. (추일서정, 반중 조홍 감에~, 뭐 기타등등) 고려가요, 시조 이런 거 특징 물어보는 문제도 많이 나오고 특히 고려가요의 경우 가시리, 서경별곡 이 둘은 반드시 비교할 수 있어야 한다. 시조의 경우에는 3장 6구 45자 내외, 종장 첫어절 3음보 이정도만 알면 될 것이다.

독서의 경우에는 모의고사 지문과 교과서 지문으로 나가는데, 이것 역시 선생님 필기 공유하면서, 평가 문제집 자습서 풀면서 공부하면 된다. 독서는 정말 할게 없다. 교과서 지문과 모의고사 지문에 사용된 방법 (정의, 나열, 대조 등등)을 파악하는게 가장 중요하니, 열심히 암기하자. 하지만 결국 재능이 중요한 과목이다.

둘 모두 총만국(총력만능국어)가 있으니 꼭 풀어보는걸 추천한다. 총만국은 내신의 신이다.

2학년 수학 I 수 II

수 I의 경우 연산이 주를 이루지만 삼각함수, 수열의 경우 암기해야 할 것도 많음. 수열의 귀납적 정의의 경우에는 나열을 통해 낯선 수열의 규칙성을 찾는 것이 목표이고 학원 강사들이 여러 문제 풀이 스킬들을 자랑하는데, 너무 스킬만 믿진 말자. 그리고 삼각함수 활용의 목적은 삼각형의 모든 정보를 밝혀내는 것임을 명심하고, 중학교 때 배운 도형 관련 내용을 적극적으로 활용하지 않으면 문제를 풀 수 없으니 주의하자.

수 II의 경우엔 개념이 정말 중요. 오개념을 갖기 쉽다. 가까이 간다, 연속이다, 미분 가능하다 라는 표현이 무엇을 의미하는지 정확히 알아야 한다. 그래도 개념만 정확히 이해하면 수I 보다 쉽게 느껴질 수도 있다. 삼차함수의 비율관계 (2:1), 이차함수 넓이 구하는 공식 이외 공식은 그렇게까지 필요하지 않다. 로피탈은 알아만두고, 실전에서 문제가 아예 안풀리면 그때 활용하는 식으로 사용. 교육과정 벗어나는 문제풀이 집착할 필요 없다.

수1 수2 모두 내신 대비, 정시 대비 모두 평가원/교육청 기출 푸는 것이 좋음. 하지만 내신의 예측 불가능함을 생각한다면 마플시너지, 쎈 등 다양한 문제집을 골고루 풀어보는 것도 괜찮음. 수행평가는 1학년 때와 똑같다.

2학년 영어

교과서 중요도 높음, 1학년 때와 비슷함하고 영어 학습법도 1학년 때와 대부분 동일. 1회독하며 모르거나 부족한 부분 체크 → 다회독 후 부족한 점 보완, 변형 문제 풀이 → 독해 및 문제 풀이 반복 → 기출 풀이

만약 부교재가 있다 해도 교과서 학습과 동일, 또 인강 해설 등 찾아보기 (유튜브에도 은근히 도움이 될만한 해설 다수 존재)

2학년 일본어

일본어는 일본의 언어와 더불어 문화도 함께 배우는 과목이다. 일본어를 좋아하는 친구들이 있어 1등급이 어렵다고 느낄 수 있지만 걱정할 필요 없다. 학교 일본어는 회화가 아닌 단어와 문법, 영작 위주이기 때문이다. 그러한 친구들은 2, 3등급에 머무른다.

조금만 시간을 투자해도 좋은 성적을 낼 수 있다. 첫번째 중간고사의 범위인 히라가나를 잘 외워두자. 초반에 기초를 잘 다져놓는다면 이후의 시험들은 훨씬 수월할 것이다. 2학기부터는 한자가 조금씩 나오지만 시간을 조금만 투자한다면 어렵지는 않을 것이다.

다만 장음을 주의해야 하며, 문화도 소홀히 공부해선 안된다. 서술형에 한자 쓰는 문제는 반드시 나올 것이므로 꼭 한자를 외워놔야 한다. 선생님이 정말 좋으신 분이고 서술형 채점도 자비로우므로 추천하는 과목이다.","ㅇㅇ(118.221) 2024.07.19 10:35:47
스크랩 조회 1415 추천 6 댓글 0",6,1415,2024.07.19 10:35:47,https://gall.dcinside.com/mini/board/view/?id=rhkdtjdrh&no=1758&page=5
5,1757,[정❗️보],1학년 공부 가이드,"공부 가이드
  수시가 사실상 끝나는 3학년 1학기까지 시험을 보면서 느낀 점과 각 과목 공부법 등 팁들을 각 과목에서 1~2등급을 받은 문과 3명, 이과 4명이 분업해서 24년 7월에 만들었다. 내신에 대한 팁이 많지만 수능에서도 적용되는 팁이 있으니 이 글이 공부에 도움이 되길 바라고, 2학년 1학기까진 해보고 수시/정시를 결정하길 바란다. 공부를 잘하는 학생들에겐 이 가이드가 부족하거나 필요하지 않을 수 있으며 이 가이드가 반드시 정답인 것은 아니다. 스스로 판단해 자신만의 공부법을 만들길 바란다. 선생님들에 대한 설명은 혹시 몰라서 거의 적지 않았다. 더 궁금한게 있으면 댓글로
  1학년 공부 가이드
  1학년 국어
  교과서가 중심이며, 부교재는 아마 없을 것이다. 잘 기억이 안나는데 일단 당연히 자습서와 평가 문제집으로 공부해야 하고, 수업 시간에 절대 자지 말고 필기해야 한다. 내신 국어는 선생님 해석 따라가는게 가장 중요하므로 작품의 모든 부분을 질문하는 것도 나쁘지 않고, 스스로 해석하고 그 해석이 맞는지 물어보는 것도 좋다.
  문법 파트의 경우 중학교 때 제대로 공부했으면 쉬운 편이고, 중학교 때 놀았으면 다시 하면 된다. 문법 중 향가 부분에선 암기가 필요하다. 어느 것이 음독이고 어느 것이 훈독인지 다 외워야 할 것이다. (특히 서동요) 관동별곡을 아마 들어갈 텐데, 생각보다 그리 어렵지 않으니 쫄지 말자. 암기량이 많을 뿐이다.
  다른 선생님 수업 듣는 친구의 필기를 보는 것도 좋고 꽤 중요하고, 총력만능국어라는 내신 문제집을 풀어보는 것도 추천한다. 다른 학교에서도 교과서 기반으로 시험 문제를 내다보니 다른 학교 기출을 풀면서 선생님들이 어떤 식으로 내는지 파악해 속지 않는 것이 중요하다.
  수행평가 중 사자성어 외우기가 있는데, 100개정도인가? 암튼 꽤 많다. 정직하게 외우는 것 말곤 답이 없으니 받아들이고 열심히 외우자. 여기서 까여가지고 1~2등급 못 맞을 수 있다.
  1학년 수학
  2~3학년 수학의 기초이므로 제대로 알아두기. 수학 (상)에서 이차방정식과 이차함수의 관계, 좌표평면을 다루는 부분은 앞으로 계속 사용해야 하므로 제대로 알아야 함. 또 수학 (하)에서 배우는 집합은 확통에서 다시 사용되므로 집합 기호가 갖는 의미를 제대로 알아야 함.
  내신 대비의 경우 교과서 중단원과 대단원 문제는 꼭 풀어보고, 서술형 대비해서 해설지 풀이 봐둬야하며 작년 시험 문제 풀어보기. 문제집은 마플 시너지, 쎈, 자이스토리를 추천. 마플 시너지는 문제 유형 및 문제가 많아 이것만 전부 풀어도 2는 맞을 수 있음. 남들 사는거 사지 말고 본인이 직접 판단해서 사기.
  수행평가의 경우 변형 문제 생성 등 별거 없으나 풀이 잘못되면 감점이라는 거 명심하고, 진로와 배운 내용 연관 짓는 수행 잘 활용해 세특 부담 줄이기.
  1학년 영어
  교과서 중요도 높음, 수업 내용에 집중할 것. 교과서와 수기미/모고가 범위임.
  객관식 문제는 대부분 내용 위주, 문법 문제는 어법 틀린 문장 고르기 등의 유형으로 객관식 1문제 정도 나오고 서술형은 문장 배열 2~3문제 정도.
  수업 시간 선생님이 강조하는 부분 위주로 학습하고, 학원에 다닌다면 학원 선생님의 선별 문장 위주 학습, 도움이 될 때 많음.
학원에 다니지 않는다면 아래 링크 참고해서 내신 자료 찾아보기 (내신 자료는 필수, 교과서로 독학은 에바임) - https://m.blog.naver.com/rainbow20023/222293742784
  각 지문을 사용된 문법 개념, 문장구조, 어려운 단어, 해석 위주로 1회독 후 이해가 어렵거나 헷갈리는 부분 모두 체크. 2회독 하며 최대한 모르는게 없도록 해야함. 어려운 단어는 따로 노트에 적은 후 암기하고 유의어 반의어 확인하기 (시험에서는 지문 변형하기 때문에 유의어, 반의어도 알고 있어야함).
  통암기는 진짜 비추, 지문별 주제와 각 문단별 내용 요약해서 적어두는 것이 좋음
암기에 자신이 있다면 교과서까지만 암기. 다 외우면 거의 다 맞출 수 있긴 함.
시험 최소 일주일 전부터는 학교 홈페이지서 기출 다운받고 겹치는 부분 꼭 한번씩 풀어보기.
  1학년 통합사회
  앞 부분은 정말 쉬운 편인데, 기말 범위인 정치와 법 관련 내용이 좀 어렵다. 위헌법률심판 과 헌법소원심판? 등을 자세히 공부해야 한다. 또, 2학기 중간 경제 관련한 기회비용, 무역 부분이 어려울 수 있는데, 기회비용은 문제를 많이 풀어봐야한다. 무역 기회비용 부분에선 이걸 기억하자. ‘비자양모’ 무슨 뜻이냐면 생산비용은 분자, 생산량은 분모라는 거다. 그 외에는 전체적으로 쉬운 편이다.
  과목이 쉽다보니 서술형이 어려울 수 있는데, 작은 단락 하나하나까지 다 봐야 한다. 그리고 객관식에서도 지엽적인 문제가 나올 수 있으니 교과서 개념 암기는 반드시 해야 한다. 교과서가 바뀌지 않았다면 교과서에서 자원 민족주의? 등 중요 개념이 볼드체로 되어있을 텐데, 이런건 꼭 외우자.
  공부방법의 경우 1등급 만들기 정도면 충분하고, 시험 2주전부터 공부하면 된다. 1등급 받기 쉬운 과목이니, 열심히 공부해보자. 그리고 통합사회는 2학년 사탐과목을 미리 예습하는 거나 마찬가지이므로 여기서 자신에게 잘 맞는 부분을 찾아 사탐과목을 고르자.
  1학년 통합과학
  중학교 때 과학을 열심히 했으면 꽤 쉽다. 그냥 2학년 때 할 과탐 과목들을 쉽게 옮겨놓은 과목이다.
  공부는 1등급 만들기, 완자 기출픽(중요) 정도면 충분하고, 교과서 내용을 잘 보자. 과학이지만 사탐처럼 암기가 좀 필요한 편이다. 본인이 정말 꼭 1등급을 받고 싶다 하면 교과서 범위랑 겹치는 물화생지 과탐과목을 같이 공부해보자. 솔직히 이렇게까지 할 필요는 없다고 생각하지만 한다면 충분히 1등급을 받을 수 있을 것이다.
  과탐과목 특이기도 한데 단원 마무리 문제에서 많이 내고 여기서 서술형이 나오기도 한다. 꼭 풀어보고, 여기서 통합사회처럼 자신과 어울리는 과탐 과목을 찾아가자.
  1학년 한국사
  개항기부터 일제강점기 시기를 가장 자세하고 중점적으로 배우며, 한국사에 특화된 몇몇 친구들이 있기에 1등급은 거의 바뀌지 않는다.
  개항기부터 일제강점기까지의 사건들의 연도가 10년, 심하게는 몇 년 단위로 나뉘어지기에 그 시기의 여러 사건들의 발생연도는 전부 외워두는 것이 좋다. 특히 광복군 등 일제강점기 독립운동사가 제일 악질인데, 답이 없으니 받아들이고 그냥 연도, 위치까지 전부 외우자. 현대사 또한 무시하고 넘어갈 수는 없기에 각 사건이 발생한 시기의 대통령을 중심으로 공부하는 것이 좋고, 서술형에서 남북회의 결과 등을 서술하는 문제도 나오므로 교과서를 아예 통암기 하는 것이 좋다.
  문제집 풀면서 공부할 필요는 없고, 그냥 교과서를 충실하게 외우는 것이 끝이다.
  1학년 정보
  단위수 2로 대학에 따라 성적에 들어가기도 하는 과목이므로 어느정도 챙겨두는 것이 좋다. 수행 비중이 60(바뀌었을지도)이다 보니 수행이 가장 중요한데, 수행 전날에 파이썬 코드 다 암기해두면 된다. 시험의 경우엔 솔직히 4시간 공부하면 2는 기본에 1도 맞을 수 있다. 그 시간이 아까울 뿐이다. 선생님이 강조하는 부분 집중 공부하고 범위에서 개념만 외우면 된다.","ㅇㅇ(118.221) 2024.07.19 10:29:52
스크랩 조회 12675 추천 28 댓글 0",28,12675,2024.07.19 10:29:52,https://gall.dcinside.com/mini/board/view/?id=rhkdtjdrh&no=1757&page=5
5,1754,[일반],노,무현님?,"ㅇㅇ(211.244) 2024.07.17 23:18:35
스크랩 조회 238 추천 3 댓글 0",3,238,2024.07.17 23:18:35,https://gall.dcinside.com/mini/board/view/?id=rhkdtjdrh&no=1754&page=5
5,1752,[일반],병신갤 ㅋㅋ,,"쵸비 2024.07.14 23:53:20
스크랩 조회 303 추천 1 댓글 0",1,303,2024.07.14 23:53:20,https://gall.dcinside.com/mini/board/view/?id=rhkdtjdrh&no=1752&page=5
5,1750,[일반],후회없이 사랑했노라 말해요,후회없이 사랑했노,"ㅇㅇ(211.234) 2024.07.11 08:16:16
스크랩 조회 314 추천 3 댓글 0",3,314,2024.07.11 08:16:16,https://gall.dcinside.com/mini/board/view/?id=rhkdtjdrh&no=1750&page=5
5,1749,[일반],올해 졸업한 20살인데,"왜 완장이 블붕이가 된거냐????
- dc official App","ㅇㅇ(118.235) 2024.07.11 04:46:57
스크랩 조회 536 추천 0 댓글 0",0,536,2024.07.11 04:46:57,https://gall.dcinside.com/mini/board/view/?id=rhkdtjdrh&no=1749&page=5
5,1748,[일반],광성 숭문 어디가 낫냐,ㅈㄱㄴ,"ㅇㅇ(172.225) 2024.07.10 01:09:28
스크랩 조회 521 추천 0 댓글 1",0,521,2024.07.10 01:09:28,https://gall.dcinside.com/mini/board/view/?id=rhkdtjdrh&no=1748&page=5
5,1746,[일반],실시간 광붕이 ㅈ같다,예배 왜 하냐 애미 터진 학교,"ㅇㅇ(118.235) 2024.07.09 08:58:48
스크랩 조회 661 추천 15 댓글 0",15,661,2024.07.09 08:58:48,https://gall.dcinside.com/mini/board/view/?id=rhkdtjdrh&no=1746&page=5
6,1744,[일반],1학년 한국사,ㅎㅅㅇ ㅈ같으면 개추,"ㅇㅇ(118.235) 2024.07.07 19:21:15
스크랩 조회 704 추천 18 댓글 0",18,704,2024.07.07 19:21:15,https://gall.dcinside.com/mini/board/view/?id=rhkdtjdrh&no=1744&page=6
6,1743,[일반],지금 누워있니?,.,"ㅇㅇ(222.110) 2024.07.05 23:09:20
스크랩 조회 319 추천 2 댓글 0",2,319,2024.07.05 23:09:20,https://gall.dcinside.com/mini/board/view/?id=rhkdtjdrh&no=1743&page=6
6,1741,[일반],1학년,"현재 1학년 수리논술 생각하고있는데
1학년 때 미적분 끝내둬야 좀 비빌만 한가요? 연장자분들의 생각은?
- dc official App","ㅇㅇ(182.230) 2024.07.03 23:54:30
스크랩 조회 381 추천 0 댓글 1",0,381,2024.07.03 23:54:30,https://gall.dcinside.com/mini/board/view/?id=rhkdtjdrh&no=1741&page=6
6,1737,[일반],현 전 대령 사,우흥,"ㅇㅇ(223.39) 2024.06.25 21:57:25
스크랩 조회 299 추천 1 댓글 0",1,299,2024.06.25 21:57:25,https://gall.dcinside.com/mini/board/view/?id=rhkdtjdrh&no=1737&page=6
6,1719,[일반],2층 화장실,"오늘 오후 12시 30분경 2층화장실
3번째 똥칸에 다급히 들어와 
“풍덩(똥 떨어지는 소리)  아..ㅎㅏ” 라고하시고 3분만에 나가신분을 찾습니다 너무 제 스타일이셨습니다 이 글을 보신다면 댓글 부탁드립니다 장난으로 댓글달지 말아주세요(돌돌 말라는거 아님)
- dc official App","광갤러(106.101) 2024.06.14 12:39:02
스크랩 조회 496 추천 3 댓글 1",3,496,2024.06.14 12:39:02,https://gall.dcinside.com/mini/board/view/?id=rhkdtjdrh&no=1719&page=6
6,1717,[일반],2학년들은 보아라,"ㅇㅈㅎt어떰

수업애서 모르는게 많아보이시던데","광갤러(211.244) 2024.06.13 16:45:06
스크랩 조회 754 추천 12 댓글 2",12,754,2024.06.13 16:45:06,https://gall.dcinside.com/mini/board/view/?id=rhkdtjdrh&no=1717&page=6
6,1711,[일반],ㅇㄴㅎㅇㄴㅎ,"ㅇㅇㅇㅎㅎ
프롬프트
high-resolution realistic image wearable dream recording headband designed analyze dreams through EEG sleek modern ergonomic flexible comfortable materials black minimalistic design five small discreet EEG sensors two sides two front one top small LED display side device status battery level lightweight comfortable wear snug fit around head neutral background emphasize device text top ""Dream Recorder Headband"" below ""Analyze your dreams through EEG""
네거티브
프롬프트
샘플링 DPM++ 2M Karras
스타일 None","광갤러(221.138) 2024.06.10 00:26:48
스크랩 조회 256 추천 1 댓글 0",1,256,2024.06.10 00:26:48,https://gall.dcinside.com/mini/board/view/?id=rhkdtjdrh&no=1711&page=6
6,1706,[일반],좆폐소생술 존나 재미없노,씨발 책상은 또 왜 쳐빼고 지랄이야 재미도 애미도 없네,"ㅇㅇ(118.221) 2024.05.31 13:42:36
스크랩 조회 418 추천 1 댓글 3",1,418,2024.05.31 13:42:36,https://gall.dcinside.com/mini/board/view/?id=rhkdtjdrh&no=1706&page=6
6,1704,[일반],.,- dc official App,"ㅇㅇ(118.221) 2024.05.28 08:59:31
스크랩 조회 779 추천 13 댓글 2",13,779,2024.05.28 08:59:31,https://gall.dcinside.com/mini/board/view/?id=rhkdtjdrh&no=1704&page=6
6,1702,[일반],광갤러들은 봐라,"통과 ㅂㅈㄱt 어떰
우리수업에서는 설명도 못하시고 프린트도 이상한거주던데","광갤러(58.29) 2024.05.17 22:39:04
스크랩 조회 648 추천 3 댓글 4",3,648,2024.05.17 22:39:04,https://gall.dcinside.com/mini/board/view/?id=rhkdtjdrh&no=1702&page=6
6,1701,[일반],광성고 비리선생,"광성고 비리 선생 많나요?
- dc official App","광갤러(182.230) 2024.05.15 22:19:52
스크랩 조회 1265 추천 1 댓글 4",1,1265,2024.05.15 22:19:52,https://gall.dcinside.com/mini/board/view/?id=rhkdtjdrh&no=1701&page=6
6,1700,[일반],광갤 망함,"ㅇㅇ
- dc official App","광갤러(106.101) 2024.05.13 09:19:26
스크랩 조회 344 추천 0 댓글 0",0,344,2024.05.13 09:19:26,https://gall.dcinside.com/mini/board/view/?id=rhkdtjdrh&no=1700&page=6
6,1699,[일반],선생님들 서열정리 해야겠지요.?,명문 광성고등학교,"교장선생님 2024.05.10 16:22:31
스크랩 조회 1057 추천 0 댓글 1",0,1057,2024.05.10 16:22:31,https://gall.dcinside.com/mini/board/view/?id=rhkdtjdrh&no=1699&page=6
6,1697,[일반],ㅎㅇ,"ㅎㅇㅎㅇㅎㅇ
- dc official App","광갤러(182.230) 2024.05.02 17:15:12
스크랩 조회 202 추천 0 댓글 0",0,202,2024.05.02 17:15:12,https://gall.dcinside.com/mini/board/view/?id=rhkdtjdrh&no=1697&page=6
6,1696,[일반],실시간....도근게이 뭐냐????,인스타에서 히밥 보면서 먹방비판 입갤 ㅋㅋㅋ,"ㅇㅇ(211.244) 2024.04.22 20:01:11
스크랩 조회 1752 추천 43 댓글 2",43,1752,2024.04.22 20:01:11,https://gall.dcinside.com/mini/board/view/?id=rhkdtjdrh&no=1696&page=6
6,1695,[일반],한지 ㅈ된 썰 푼다,"상황요약:
프린트 범위 27쪽까지>현 22일(시험 2일 전) 기준으로 진도 23쪽까지 나감>오늘 수업 결핵 검사로 인해 나가리(화요일에 수업 없음)>방과후에 수업 진행....





시발 진짜 좀 살려줘","광갤러(211.234) 2024.04.22 11:11:22
스크랩 조회 527 추천 1 댓글 0",1,527,2024.04.22 11:11:22,https://gall.dcinside.com/mini/board/view/?id=rhkdtjdrh&no=1695&page=6
6,1694,[일반],신입생들 각 과목 1타 알려준다,"국어 강려훈T 조한나T
수학 채상훈T
영어 걸러라
과탐 장동훈T 박종건T 정진안T
사탐 신현빈T
제2외국어 여영순GOAT
중국어는 거르셈","광갤러(211.244) 2024.04.17 16:07:47
스크랩 조회 2058 추천 19 댓글 12",19,2058,2024.04.17 16:07:47,https://gall.dcinside.com/mini/board/view/?id=rhkdtjdrh&no=1694&page=6
6,1693,[일반],ㄹㄹ,ㄹㄹㄹㄹㄹ,"박원순(125.187) 2024.04.14 15:47:09
스크랩 조회 258 추천 0 댓글 0",0,258,2024.04.14 15:47:09,https://gall.dcinside.com/mini/board/view/?id=rhkdtjdrh&no=1693&page=6
6,1690,[일반],윤석열,윤석열,"윤석열(211.244) 2024.04.10 14:14:15
스크랩 조회 438 추천 7 댓글 1",7,438,2024.04.10 14:14:15,https://gall.dcinside.com/mini/board/view/?id=rhkdtjdrh&no=1690&page=6
6,1689,[일반],이재명,이재명,"이재명(211.244) 2024.04.08 17:10:21
스크랩 조회 429 추천 10 댓글 0",10,429,2024.04.08 17:10:21,https://gall.dcinside.com/mini/board/view/?id=rhkdtjdrh&no=1689&page=6
6,1688,[일반],ㅂㅇㅅ 씨발도태한남새끼,말 그대로 ㅂㅇㅅ 좆만이 도태한남게이새끼 씨발련,"광갤러(58.29) 2024.04.07 17:48:17
스크랩 조회 613 추천 0 댓글 0",0,613,2024.04.07 17:48:17,https://gall.dcinside.com/mini/board/view/?id=rhkdtjdrh&no=1688&page=6
6,1687,[일반],충암은 윤석열 나왔는데 광성은 뭐노?,"ㅇㅇ
- dc official App","ㅇㅇ(211.36) 2024.04.05 07:15:18
스크랩 조회 427 추천 0 댓글 0",0,427,2024.04.05 07:15:18,https://gall.dcinside.com/mini/board/view/?id=rhkdtjdrh&no=1687&page=6
6,1683,[일반],본인 1학년 광갤런데,"광성 의자 왜이렇게 좆같이 불편하냐?
평평한 의자말고 기울어져있는거
나만 불편하냐?
- dc official App","광갤러(106.101) 2024.04.02 22:46:34
스크랩 조회 600 추천 6 댓글 0",6,600,2024.04.02 22:46:34,https://gall.dcinside.com/mini/board/view/?id=rhkdtjdrh&no=1683&page=6
6,1682,[일반],선생말 틀린거 하나없다,"내신열심히해라 ㅋㅋㅋ 정시파이터한대서 05중에 잘된놈 딱하나봄
- dc official App","ㅇㅇ(223.38) 2024.04.02 09:31:32
스크랩 조회 513 추천 0 댓글 0",0,513,2024.04.02 09:31:32,https://gall.dcinside.com/mini/board/view/?id=rhkdtjdrh&no=1682&page=6
6,1681,[일반],방세기 선생님...,2022년에도 계셨구나.... 전영호 선생님이 신입 선생님이셨는데... 이윤길쌤 이수영쌤 옥현종쌤 그리고 나의 원픽 손갑룡쌤 너무 뵙고 싶네,"광갤러(116.118) 2024.04.01 09:42:23
스크랩 조회 536 추천 0 댓글 2",0,536,2024.04.01 09:42:23,https://gall.dcinside.com/mini/board/view/?id=rhkdtjdrh&no=1681&page=6
6,1679,[일반],ㅈ된것 같으면 개추 ㅋㅋ,야단 코부터ㅋㅋ,"광붕이(106.101) 2024.03.28 16:35:11
스크랩 조회 382 추천 2 댓글 0",2,382,2024.03.28 16:35:11,https://gall.dcinside.com/mini/board/view/?id=rhkdtjdrh&no=1679&page=6
6,1677,[일반],근데 기숙사 운영 계속 이런식으로 가면,라이더,"광갤러(211.234) 2024.03.25 20:01:06
스크랩 조회 754 추천 8 댓글 0",8,754,2024.03.25 20:01:06,https://gall.dcinside.com/mini/board/view/?id=rhkdtjdrh&no=1677&page=6
6,1676,[일반],내신하라는 슨상들 말이 진짜였다면 믿겨짐?,05들은 공감할걸,"광갤러(211.109) 2024.03.21 21:00:41
스크랩 조회 564 추천 0 댓글 1",0,564,2024.03.21 21:00:41,https://gall.dcinside.com/mini/board/view/?id=rhkdtjdrh&no=1676&page=6
6,1675,[일반],요즘 06 논술 유행한다매 ㅋㅋㅋㅋ,"걍 내신 열심히해라

-05-","광갤러(211.109) 2024.03.21 20:59:51
스크랩 조회 511 추천 3 댓글 2",3,511,2024.03.21 20:59:51,https://gall.dcinside.com/mini/board/view/?id=rhkdtjdrh&no=1675&page=6
6,1674,[일반],석식어떰?,"ㅇㅇ
- dc official App","광갤러(110.11) 2024.03.14 01:06:29
스크랩 조회 337 추천 0 댓글 1",0,337,2024.03.14 01:06:29,https://gall.dcinside.com/mini/board/view/?id=rhkdtjdrh&no=1674&page=6
6,1673,[일반],경성게인데,"현피뜰 ㅅㄲ
- dc official App","광갤러(211.214) 2024.03.12 12:26:26
스크랩 조회 327 추천 0 댓글 0",0,327,2024.03.12 12:26:26,https://gall.dcinside.com/mini/board/view/?id=rhkdtjdrh&no=1673&page=6
6,1671,[일반],이시발좃갘은학교,"하진짜
- dc official App","SunMoon 2024.03.08 00:00:38
스크랩 조회 510 추천 4 댓글 0",4,510,2024.03.08 00:00:38,https://gall.dcinside.com/mini/board/view/?id=rhkdtjdrh&no=1671&page=6
6,1670,[일반],대황고트 생윤 윤사,"맞자나
- dc official App","ㅇㅇ 2024.03.06 10:38:14
스크랩 조회 442 추천 5 댓글 0",5,442,2024.03.06 10:38:14,https://gall.dcinside.com/mini/board/view/?id=rhkdtjdrh&no=1670&page=6
6,1669,[일반],ㅇㄷㄱ쌤이랑 똑같음,"ㄹㅇ
- dc official App","ㅇㅇ 2024.03.05 08:31:49
스크랩 조회 1056 추천 15 댓글 0",15,1056,2024.03.05 08:31:49,https://gall.dcinside.com/mini/board/view/?id=rhkdtjdrh&no=1669&page=6
6,1668,[일반],급식새끼들 싸그리 패야한다,집에서 안패니까 애새끼들이 이모양 이꼴이지 걱정마라 니들은 폐기물이니까 사회나가서 걸러진다,"ㅇㅇ(222.110) 2024.02.27 11:58:53
스크랩 조회 405 추천 1 댓글 0",1,405,2024.02.27 11:58:53,https://gall.dcinside.com/mini/board/view/?id=rhkdtjdrh&no=1668&page=6
6,1667,[일반],ㅇㅌㄱ 선생님 퇴직?,예전 졸업생인데 혹시 ㅇㅌㄱ 선생님 아직 학교에 계신가요? 사회하시다가 진로로 바꾸신 선생님이요~,"광갤러(223.39) 2024.02.22 20:14:44
스크랩 조회 784 추천 0 댓글 4",0,784,2024.02.22 20:14:44,https://gall.dcinside.com/mini/board/view/?id=rhkdtjdrh&no=1667&page=6
6,1666,[일반],여기,여기 서울 광성고냐?,"광갤러(106.101) 2024.02.22 01:20:06
스크랩 조회 261 추천 0 댓글 0",0,261,2024.02.22 01:20:06,https://gall.dcinside.com/mini/board/view/?id=rhkdtjdrh&no=1666&page=6
6,1665,[일반],07갤러들아 최선생님 어떰,음악선생님 ㅇㅇ,"ㅇㅇ(223.38) 2024.02.15 10:24:10
스크랩 조회 815 추천 0 댓글 4",0,815,2024.02.15 10:24:10,https://gall.dcinside.com/mini/board/view/?id=rhkdtjdrh&no=1665&page=6
6,1663,[일반],04>>>05,ㅇㄱㄹㅇ,"ㅇㅇ(1.225) 2024.02.09 22:25:36
스크랩 조회 337 추천 1 댓글 0",1,337,2024.02.09 22:25:36,https://gall.dcinside.com/mini/board/view/?id=rhkdtjdrh&no=1663&page=6
6,1662,[일반],광성고 05 수준,교문 앞에서 담배나 빨아 재끼고 후배로써 참 안타깝다.,"광갤러(110.11) 2024.02.06 15:37:03
스크랩 조회 583 추천 4 댓글 0",4,583,2024.02.06 15:37:03,https://gall.dcinside.com/mini/board/view/?id=rhkdtjdrh&no=1662&page=6
6,1661,[일반],05입결,"(수시만)


의대
서 연 고 
중 경
홍
국
명","광갤러(221.138) 2024.02.05 02:12:34
스크랩 조회 1001 추천 0 댓글 3",0,1001,2024.02.05 02:12:34,https://gall.dcinside.com/mini/board/view/?id=rhkdtjdrh&no=1661&page=6
6,1658,[일반],본인경성곤데,"현피뜰 하키부새끼?
- dc official App","예스유얼맘(211.214) 2024.01.28 19:02:59
스크랩 조회 498 추천 0 댓글 1",0,498,2024.01.28 19:02:59,https://gall.dcinside.com/mini/board/view/?id=rhkdtjdrh&no=1658&page=6
6,1657,[일반],에휴,"광성고수시3.38나오고
충남대 강원대 수시 최저까지 맞췄는데
집안 기독교라고
가톨릭대가는 뱅신 ㅋㅋ
- dc official App","흐학(211.214) 2024.01.20 09:06:07
스크랩 조회 482 추천 0 댓글 2",0,482,2024.01.20 09:06:07,https://gall.dcinside.com/mini/board/view/?id=rhkdtjdrh&no=1657&page=6
6,1656,[일반],05중에,"광성고에 게이 있었음
이oo이라고 ㅋㅋ
- dc official App","흐학(211.214) 2024.01.20 09:03:10
스크랩 조회 373 추천 0 댓글 0",0,373,2024.01.20 09:03:10,https://gall.dcinside.com/mini/board/view/?id=rhkdtjdrh&no=1656&page=6
6,1655,[일반],안녕하세요 후배님들 꼭 읽어주시기를 부탁드립니다.,"안녕하세요 저는 광성고등학교 졸업생입니다.
아마 여러분보다는 한참 선배일것같네요

아마 광성고등학교 하리스(charis)라는 동아리를 들어본적이 있을것입니다

본디 하리스는 남성 중창단으로 시작해서 벌써 50년가까운 세월을 활동하고 있습니다 총 250명이상의 단원이 선후배로서 서로 끌어주고 당겨주며 좋은 관계를 유지 하고 있습니다 하지만 지금 42기를 (현 22살) 마지막으로 남성합창으로서의 명맥은 끊어진게 사실입니다

이에 후배님들께 부탁드리고자 용기내어 글을 적습니다 저희 하리스 남성합창단은 각계각층의 성공하고 자리하고 있는 광성인의 모임이기도 합니다

저희는 다가오는 4월에 연주회를 준비하고 있습니다 매주 수요일 저녁 7시반부터 9시반 과 매주 일요일 4시반 부터 6시반까지 주2회 연습을 하고 있습니다

나이차이가 40살이 나도 20살차이가 나도 모두 형님이고 선배이고 친구이자 후배입니다

혹시라도 저희 광성고 동문을 대표하는 하리스라는 합창단에 함께 한다면 여러분 평생에 가장큰 인맥이자 든든한 후원자가 될것입니다

용기내어 연락준다면 물심양면으로 최선을 다해 돕겠습니다

다시한번 이글읽어준 후배님들께 진심으로 고개숙여 감사드립니다

호기심도 좋고 어떠한 이유던 좋습니다 저에게 연락 주신다면 친절하게 안내하고 밥도 사고(졸업한분이면  ^^술도 사겠습니다)

현 재학생 졸업생 누구던 광성의 이름으로 용기내서 도전해주세요

010 3211 7130

광성고 하리스 27기 유승국 올림
사소한 질문 고민도 다 환영입니다","광갤러(118.235) 2024.01.16 01:29:11
스크랩 조회 2149 추천 25 댓글 2",25,2149,2024.01.16 01:29:11,https://gall.dcinside.com/mini/board/view/?id=rhkdtjdrh&no=1655&page=6
6,1654,[일반],광성고 인원미달임?,광성고 인원미달임??,"광갤러(218.152) 2024.01.10 00:50:22
스크랩 조회 616 추천 0 댓글 0",0,616,2024.01.10 00:50:22,https://gall.dcinside.com/mini/board/view/?id=rhkdtjdrh&no=1654&page=6
6,1653,[일반],광성고 입갤,이번에 광성고에서 메디컬이나 서연고 보냄?,"광갤러(116.43) 2024.01.06 02:03:00
스크랩 조회 803 추천 0 댓글 1",0,803,2024.01.06 02:03:00,https://gall.dcinside.com/mini/board/view/?id=rhkdtjdrh&no=1653&page=6
6,1652,[일반],광성고 갈08,"1.광성고 썻는데 뺑뺑이로 떨어질일 있을정도로 광성고에 지원하는 사람들이 많나요?
2.광성고에서 2등급초반이면 어디갈수있나요?","광갤러(218.152) 2024.01.05 01:38:20
스크랩 조회 613 추천 0 댓글 4",0,613,2024.01.05 01:38:20,https://gall.dcinside.com/mini/board/view/?id=rhkdtjdrh&no=1652&page=6
6,1651,[일반],형님들 내년에 입학하는 08인데 질문이 하나,혹시.. 그 핸드폰 내야되나유..?,"ㅇㅇ(104.28) 2024.01.01 19:49:09
스크랩 조회 643 추천 0 댓글 2",0,643,2024.01.01 19:49:09,https://gall.dcinside.com/mini/board/view/?id=rhkdtjdrh&no=1651&page=6
6,1650,[일반],새해 첫글,우리 광갤 여러분 새해 복 많이 받으세요,"ㅇㅇ(121.131) 2024.01.01 00:09:02
스크랩 조회 164 추천 3 댓글 0",3,164,2024.01.01 00:09:02,https://gall.dcinside.com/mini/board/view/?id=rhkdtjdrh&no=1650&page=6
7,1649,[일반],그래도 올해는 광성이 환일이랑 경성 이겼네,내년 신입생 많이오냐 ㅋㅋ,"광붕이(121.131) 2023.12.30 21:01:05
스크랩 조회 691 추천 0 댓글 3",0,691,2023.12.30 21:01:05,https://gall.dcinside.com/mini/board/view/?id=rhkdtjdrh&no=1649&page=7
7,1648,[일반],산타^^,"산타보지는~ 하라보지~
산타보지는~ 백발보지~","광갤러(61.73) 2023.12.26 20:49:14
스크랩 조회 440 추천 3 댓글 2",3,440,2023.12.26 20:49:14,https://gall.dcinside.com/mini/board/view/?id=rhkdtjdrh&no=1648&page=7
7,1647,[일반],내년에 광성고로 진학할 08후배입니다.,잘부탁드립니다^^,"광갤러(125.187) 2023.12.16 22:25:54
스크랩 조회 1309 추천 24 댓글 2",24,1309,2023.12.16 22:25:54,https://gall.dcinside.com/mini/board/view/?id=rhkdtjdrh&no=1647&page=7
7,1642,[일반],06후배님들아,"미안하다
내년에 보자","광갤러(121.131) 2023.11.17 18:34:04
스크랩 조회 822 추천 6 댓글 2",6,822,2023.11.17 18:34:04,https://gall.dcinside.com/mini/board/view/?id=rhkdtjdrh&no=1642&page=7
7,1641,[일반],고3들아,"졸업생이다 
너네는 올해 수능 대박 나서 나처럼 재수하지 않기를 바란다 
수능 잘 봐라","ㅇㅇ(121.131) 2023.11.15 18:17:40
스크랩 조회 640 추천 7 댓글 2",7,640,2023.11.15 18:17:40,https://gall.dcinside.com/mini/board/view/?id=rhkdtjdrh&no=1641&page=7
7,1640,[일반],3학년 백도현 선배님 너무 잘생겼어요,"기숙사 나가셨나
요즘 안보이시네
- dc official App","ㅇㅇ(223.38) 2023.11.14 21:22:13
스크랩 조회 1097 추천 17 댓글 3",17,1097,2023.11.14 21:22:13,https://gall.dcinside.com/mini/board/view/?id=rhkdtjdrh&no=1640&page=7
7,1639,[일반],본인이 이지수 의원님 지지하는 광붕이는 개추 ㅋㅋ,ㅇㄷ ㄴㅂㅌ,"광갤러(118.221) 2023.11.14 11:09:37
스크랩 조회 369 추천 3 댓글 0",3,369,2023.11.14 11:09:37,https://gall.dcinside.com/mini/board/view/?id=rhkdtjdrh&no=1639&page=7
7,1638,[일반],세상은 남자밖에 없다,"초딩 때부터 남학생 전용 학습터에서 기숙
중딩 때는 한 번 전학갔는데 첫번째 학교, 두번째 학교 다 남자중학교 그리고 둘 다 기숙사 생활함
고딩 때는 전학 두번 가서 첫번째 학교도 남고 두번째 학교도 남고 세번째 학교도 남고, 세 학교 다 기숙사 생활함
남학생 전용 기숙학원에서 재수 1년
공대 진학(학과성비 9:1 남초 학과) & 기숙사
군대
알바도 남자 전용 기숙학원, 남자 전용 고시원에서 함
취업도 남초로 갈 예정..

내 인생에 인간이란 생명체는 꼬1추 달리고 딸딸이나 치는 남자 밖에 못 봄
이제 어디가서 퀴퀴한 쉰내 안 나면 오히려 어색하다 ㅅㅂ....","광갤러(122.32) 2023.11.13 00:52:52
스크랩 조회 655 추천 2 댓글 2",2,655,2023.11.13 00:52:52,https://gall.dcinside.com/mini/board/view/?id=rhkdtjdrh&no=1638&page=7
7,1637,[일반],계*네,영업종료했는데 철판에 양념소스 안 닦여있고 치킨은 그냥 철망위에 키친 타올로 덮여있고 학생들 상대로 등쳐먹는 태도 ㅈ같은 계*네 불매 마려우면 개추,"광갤러(223.38) 2023.11.11 23:57:57
스크랩 조회 397 추천 0 댓글 1",0,397,2023.11.11 23:57:57,https://gall.dcinside.com/mini/board/view/?id=rhkdtjdrh&no=1637&page=7
7,1636,[일반],Bb,"프롬프트
Narrow shoulders, ugly, short, man, round jaws
네거티브
프롬프트
샘플링 DPM++ 2M Karras
스타일 None","광갤러(118.221) 2023.11.06 13:57:31
스크랩 조회 422 추천 1 댓글 0",1,422,2023.11.06 13:57:31,https://gall.dcinside.com/mini/board/view/?id=rhkdtjdrh&no=1636&page=7
7,1635,[일반],실시간 개빡친 3학년부,학교에 존나게 빠져서 당황한 3학년부면 개추 ㅋㅋ,"ㅇㅇ(211.234) 2023.11.03 10:47:20
스크랩 조회 791 추천 1 댓글 0",1,791,2023.11.03 10:47:20,https://gall.dcinside.com/mini/board/view/?id=rhkdtjdrh&no=1635&page=7
7,1634,[일반],광성고 담배,쉬는시간에 함 빨고올 수 있냐,"광갤러(106.101) 2023.11.01 22:09:23
스크랩 조회 863 추천 0 댓글 1",0,863,2023.11.01 22:09:23,https://gall.dcinside.com/mini/board/view/?id=rhkdtjdrh&no=1634&page=7
7,1632,[일반],광성고가 존나 병신인 이유,"1.다른 학교 등교할때 1교시 시작함 대부분 8시 이후 등교인데 ㅈ성고 혼자서 7시 40분까지 등교하게 함 그니깐 애들 아침에 처 졸고 조금 늦는데도 여기다가 벌점 부과하는 미친학교임
2.고3이 현장체험학습 쓰거나 조퇴,결석 하는거 가지고 ㅈㄹ하는 학교는 우리학교뿐이다 초기에 몇명 때문에 그렇게 된거 같은데 그럼 그새키들을 조져야지 엄한 사람들 가지고 ㅈㄹ함
3.지각 벌점을 10점주는거는 누구 대가리에서 나온 거임??? 그리고 지각하는거를 교사지시불이행으로 처벌하는거는 이중처벌하는거잖아 ㅋㅋㅋㅋ
우리나라 법에서도  하나의 범죄는 두번 처벌 안 한다 ㅋㅋㅋ 헌법 위배함??
4.고2,3 정시파이터들한테도 내신수업 듣는거 강요하는거는 음.... 난 잘 모르겠다","ㅇㅇ(118.221) 2023.10.30 08:07:15
스크랩 조회 2364 추천 67 댓글 3",67,2364,2023.10.30 08:07:15,https://gall.dcinside.com/mini/board/view/?id=rhkdtjdrh&no=1632&page=7
7,1629,[일반],와이파이 ㅆ발 언제 고쳐지냐?,ㅈ같네,"광갤러(118.235) 2023.10.26 07:49:27
스크랩 조회 413 추천 0 댓글 1",0,413,2023.10.26 07:49:27,https://gall.dcinside.com/mini/board/view/?id=rhkdtjdrh&no=1629&page=7
7,1628,[일반],나만 3학년 담임들 몇명 좆같냐?,지들 선생부터가 40분까지 교무실 안들어가는 선생들도 많은데 지들은 정상이고 학생들만 문제라고 생각하는건가 상식적으로 개좆도 이해안감. 선생인 지들이 먼저 모범을 보이고 뭐라하든 말든 해야되는데 병신 선생들이 좆같은 규칙 세워놓고 개지랄염병떠는거로 밖에 안보임. 그런 선생들이 교권추락시키는거라고 생각함. 학생들한테 잘해주는 쌤들한테는 학생들도 엄청 예의바름. 사실 이번 사태도 ㄱㄱㅌ 혼자 한명이 말대꾸 하니까 폭주한게 아닌가싶기도 함. 그냥좆같음,"ㅇㅇ(119.192) 2023.10.23 21:42:35
스크랩 조회 1967 추천 59 댓글 3",59,1967,2023.10.23 21:42:35,https://gall.dcinside.com/mini/board/view/?id=rhkdtjdrh&no=1628&page=7
7,1627,[일반],지각할때마다 벌점 11점씩 ㅋㅋ,"수능 전 컨디션 관리까지 해주는 뜻깊은 우리 ‘슨상’님들

그저 GOAT","ㅇㅇ(221.138) 2023.10.18 23:16:20
스크랩 조회 787 추천 5 댓글 1",5,787,2023.10.18 23:16:20,https://gall.dcinside.com/mini/board/view/?id=rhkdtjdrh&no=1627&page=7
7,1623,[일반],광성고 내신따기 쉽냐?,"만약 모고 국어 수학 각각 3,2 뜬다고 가정하면
내신은 몇정도 가능하냐","ㅇㅇ(221.142) 2023.10.12 22:27:43
스크랩 조회 953 추천 0 댓글 4",0,953,2023.10.12 22:27:43,https://gall.dcinside.com/mini/board/view/?id=rhkdtjdrh&no=1623&page=7
7,1622,[일반],ㅅ발련들아 장난하냐?,뭔 30분 연기냐 ㅅㅂ,"광갤러(118.235) 2023.09.27 07:47:58
스크랩 조회 857 추천 5 댓글 0",5,857,2023.09.27 07:47:58,https://gall.dcinside.com/mini/board/view/?id=rhkdtjdrh&no=1622&page=7
7,1621,[일반],졸업생이 고3한테 주는 조언,평가원 모고 3 떡칠에 2 하나정도 찍혀있는 애들 이상은 올해 대학 인서울 못가면 무조건 재수하기를 추천한다. 내신만 존나 잘나오거나 둘 다 버러지면 걍 아무 대학이나 가고,"ㅇㅇ(211.36) 2023.09.24 23:22:40
스크랩 조회 756 추천 1 댓글 0",1,756,2023.09.24 23:22:40,https://gall.dcinside.com/mini/board/view/?id=rhkdtjdrh&no=1621&page=7
7,1620,[일반],정우성이교장이냐,"수업몇번.듣고 뭐저런게
선생이냐그랬는데
뭐저런게 교장을 하냐
밑애선생들 더럽겠다","광갤러(117.111) 2023.09.22 12:16:37
스크랩 조회 1719 추천 47 댓글 3",47,1719,2023.09.22 12:16:37,https://gall.dcinside.com/mini/board/view/?id=rhkdtjdrh&no=1620&page=7
7,1619,[일반],나 광성중딩인데,"맞짱까자 씨발렄들아
병신들 존나한심함
일진딸뱈충 너무 역겹고","ㅇㅇ(118.221) 2023.09.14 11:25:26
스크랩 조회 762 추천 4 댓글 3",4,762,2023.09.14 11:25:26,https://gall.dcinside.com/mini/board/view/?id=rhkdtjdrh&no=1619&page=7
7,1618,[일반],올해 광성고 수시 입결 어떨꺼 같냐?,작년 졸업생인데 우리보다 잘하냐?,"ㅇㅇ(121.131) 2023.09.14 11:04:10
스크랩 조회 2148 추천 2 댓글 3",2,2148,2023.09.14 11:04:10,https://gall.dcinside.com/mini/board/view/?id=rhkdtjdrh&no=1618&page=7
7,1615,[일반],1학년 광붕이 인생의 낙 잃어버렸다.,"어제까지만 해도 잘 돌아가던 발로란트가 보호프로그램으로 차단당해서 안돌아간다...
ㅈ같은 인천교육청...","광갤러(175.127) 2023.09.02 16:29:55
스크랩 조회 610 추천 1 댓글 0",1,610,2023.09.02 16:29:55,https://gall.dcinside.com/mini/board/view/?id=rhkdtjdrh&no=1615&page=7
7,1614,[일반],내일 광성제 기대되면 개추 ㅋㅋ,일단 나부터 ㅋㅋ,"광갤러(121.162) 2023.08.31 21:02:09
스크랩 조회 662 추천 8 댓글 0",8,662,2023.08.31 21:02:09,https://gall.dcinside.com/mini/board/view/?id=rhkdtjdrh&no=1614&page=7
7,1613,[일반],난 ㄱㄱㅌ쌤 ㅈㄴ 좋다,"담임 걸리면 개꿀따라시
생명 ㅈㄴ 재밌을지도
- dc official App","ㅇㅇ 2023.08.29 15:36:37
스크랩 조회 871 추천 11 댓글 1",11,871,2023.08.29 15:36:37,https://gall.dcinside.com/mini/board/view/?id=rhkdtjdrh&no=1613&page=7
7,1612,[일반],파인애플 볶음밥? 내일?,존나 불안한데 근들갑이냐?,"광갤러(118.221) 2023.08.22 09:18:03
스크랩 조회 470 추천 4 댓글 1",4,470,2023.08.22 09:18:03,https://gall.dcinside.com/mini/board/view/?id=rhkdtjdrh&no=1612&page=7
7,1609,[일반],생기부 테러는 진짜 레전드네 ㅋㅋ,"할 말이 없다 ㅋㅋㅋㅋㅋㅋ

본인들 마음에 좀 안든다고 고3 수험생 앞길 막는게 교사로서 맞는건가 싶다

수시로가든 정시로가든 생기부는 평생 남는건데 애들 생기부를 그렇게까지 안좋게 써주는 심리가 궁금하네

본인들은 학교다닐때 모든 수업을 완벽하게 들었나?

그정도 감정조절능력을 지닌 분들께 수업받는게 정말 너무 자랑스럽다 ㅋㅋ

생기부 테러당한 정시파이터들 많던데 힘내라","ㅇㅇ(221.138) 2023.08.18 20:29:56
스크랩 조회 3717 추천 21 댓글 12",21,3717,2023.08.18 20:29:56,https://gall.dcinside.com/mini/board/view/?id=rhkdtjdrh&no=1609&page=7
7,1608,[일반],머선일이노,"?
- dc official App","광갤러(118.235) 2023.08.17 10:00:24
스크랩 조회 518 추천 7 댓글 0",7,518,2023.08.17 10:00:24,https://gall.dcinside.com/mini/board/view/?id=rhkdtjdrh&no=1608&page=7
7,1607,[일반],애미 뒤진것들,- dc official App,"ㅇㅇ(180.229) 2023.08.15 01:05:56
스크랩 조회 586 추천 1 댓글 0",1,586,2023.08.15 01:05:56,https://gall.dcinside.com/mini/board/view/?id=rhkdtjdrh&no=1607&page=7
7,1604,[일반],내일 개학인데 몇시에 끝남?,정상수업은 아닐거아니야~~,"ㅈ(112.153) 2023.08.13 23:40:02
스크랩 조회 274 추천 0 댓글 0",0,274,2023.08.13 23:40:02,https://gall.dcinside.com/mini/board/view/?id=rhkdtjdrh&no=1604&page=7
7,1603,[일반],진짜 시발 가정학습 왜 쳐없앤거냐,"개ㅠ씨발 좆같네 ㅋㅋ
- dc official App","광갤러(118.235) 2023.08.13 23:38:21
스크랩 조회 475 추천 0 댓글 0",0,475,2023.08.13 23:38:21,https://gall.dcinside.com/mini/board/view/?id=rhkdtjdrh&no=1603&page=7
7,1602,[일반],개학 시러,"개학 시러 개학 시러
- dc official App","ㅇㅇ 2023.08.13 17:41:28
스크랩 조회 161 추천 1 댓글 0",1,161,2023.08.13 17:41:28,https://gall.dcinside.com/mini/board/view/?id=rhkdtjdrh&no=1602&page=7
7,1601,[일반],개학 좆같네,느금마,"광갤러(221.138) 2023.08.13 11:12:26
스크랩 조회 210 추천 2 댓글 0",2,210,2023.08.13 11:12:26,https://gall.dcinside.com/mini/board/view/?id=rhkdtjdrh&no=1601&page=7
7,1599,[일반],광성고 각 과목 1타 알려준다,"국어-강려훈T, 김가람T, 조한나T 3파전
수학-장정렬T
영어-좆망
과학-김형섭T
사회-오의경T
전과목 통합 1타: 갓영순T
반박 안받는다","ㅇㅇ(211.36) 2023.07.23 12:09:18
스크랩 조회 1917 추천 12 댓글 4",12,1917,2023.07.23 12:09:18,https://gall.dcinside.com/mini/board/view/?id=rhkdtjdrh&no=1599&page=7
7,1598,[일반],참식아!!,보고싶다 ..ㅠㅠ,"ㅇㅇ(221.138) 2023.07.19 00:47:21
스크랩 조회 297 추천 1 댓글 0",1,297,2023.07.19 00:47:21,https://gall.dcinside.com/mini/board/view/?id=rhkdtjdrh&no=1598&page=7
7,1597,[일반],가붕이 ㅇㅅㅇ,가붕아 가재맨은 잡에가서 봐라,"ㅇㅇ(65.49) 2023.07.14 10:55:02
스크랩 조회 992 추천 11 댓글 2",11,992,2023.07.14 10:55:02,https://gall.dcinside.com/mini/board/view/?id=rhkdtjdrh&no=1597&page=7
7,1596,[일반],지2 무조건 해라,진짜 꿀과목임 ㄹㅇㅋㅋ,"ㅇㅇ(223.38) 2023.07.12 14:06:33
스크랩 조회 657 추천 4 댓글 1",4,657,2023.07.12 14:06:33,https://gall.dcinside.com/mini/board/view/?id=rhkdtjdrh&no=1596&page=7
7,1595,[일반],선하,선하선하선하머니,"ㄱㅅㅎ(211.244) 2023.07.11 18:01:21
스크랩 조회 410 추천 3 댓글 0",3,410,2023.07.11 18:01:21,https://gall.dcinside.com/mini/board/view/?id=rhkdtjdrh&no=1595&page=7
7,1594,[정❗️보],[속보] 방학식 요번주 금요일!,이러니까 배문고한테 입결 따이지ㅋㅋㅋㅋㅋㅋㅋㅋㅋㅋㅋㅋㅋㅋㅋㅋㅋㅋㅋㅋㅋㅋㅋㅋㅋㅋㅋㅋㅋㅋㅋㅋㅋㅋㅋㅋㅋㅋㅋㅋㅋㅋ,"ㅇㅇ(128.134) 2023.07.10 11:27:42
스크랩 조회 611 추천 1 댓글 2",1,611,2023.07.10 11:27:42,https://gall.dcinside.com/mini/board/view/?id=rhkdtjdrh&no=1594&page=7
7,1592,[일반],정시)) 형님들 2학년인데 선택과목 좋은 쌤 추천좀,확통이랑 화작은 확정,"ㅈ(112.153) 2023.07.04 19:32:47
스크랩 조회 841 추천 1 댓글 2",1,841,2023.07.04 19:32:47,https://gall.dcinside.com/mini/board/view/?id=rhkdtjdrh&no=1592&page=7
7,1587,[일반],아니 1학년 재시험 도대체 몇번이나 보는거냐,누가 과학 수행 답 유출해서 시험 일주일도 안남았는데 시험전에 재시험 본다 진짜 시발좆같네 개찐따새끼 평소에 지 친구들이랑 할말 거리도 없어서 입만 열면 구라 없는 얘기 만들고 과장하는 새끼는 진짜 내손에 오면 개팬다,"억울한 1학년(218.235) 2023.06.19 23:21:48
스크랩 조회 796 추천 2 댓글 3",2,796,2023.06.19 23:21:48,https://gall.dcinside.com/mini/board/view/?id=rhkdtjdrh&no=1587&page=7
7,1585,[일반],혹시 광성고에 키크고 잔근육 느낌의 몸좋은 지과쌤 있지 않나요?,광성고하니까 생각난 게 키 크시고 잔근육 느낌으로 몸 좋으신 지구과학쌤 있다고 아는 애한테 들었던 적 있었던 것 같은데 맞을까요?,"ㅇㅇ(106.246) 2023.06.16 14:41:26
스크랩 조회 1103 추천 0 댓글 7",0,1103,2023.06.16 14:41:26,https://gall.dcinside.com/mini/board/view/?id=rhkdtjdrh&no=1585&page=7
7,1584,[일반],혹시 국어 기간제 ㅇㄴㅇ 선생님 광성고에 계시나요?,"올해 남고로 발령받으셨다는 소식까지만 들었고, 기말 끝나고 찾아뵙고 싶은데 혹시 광성고에 계시나요?","ㅇㅇ(106.246) 2023.06.16 11:27:14
스크랩 조회 1414 추천 15 댓글 14",15,1414,2023.06.16 11:27:14,https://gall.dcinside.com/mini/board/view/?id=rhkdtjdrh&no=1584&page=7
7,1583,[일반],오늘 뭔 일 있었음?,왜 빡치셨냐,"ㅇㅇ(118.235) 2023.06.14 21:59:00
스크랩 조회 1070 추천 3 댓글 1",3,1070,2023.06.14 21:59:00,https://gall.dcinside.com/mini/board/view/?id=rhkdtjdrh&no=1583&page=7
7,1582,[일반],광성 대장,광성에 잘나가는애 있긴 하냐 학년별로 알려줘봐ㅇㅇ,"아이고배야ㅋㅋ(112.145) 2023.06.11 21:55:07
스크랩 조회 1091 추천 2 댓글 11",2,1091,2023.06.11 21:55:07,https://gall.dcinside.com/mini/board/view/?id=rhkdtjdrh&no=1582&page=7
7,1581,[일반],광성은 보거라,"이런 미련한것들 앞으로 담배는 3미리 이하로 피고 상암,경성 등등
학교들 보다 앞에서지 말도록 알겟나?
- dc official App","현노무(106.101) 2023.06.09 23:39:50
스크랩 조회 549 추천 1 댓글 0",1,549,2023.06.09 23:39:50,https://gall.dcinside.com/mini/board/view/?id=rhkdtjdrh&no=1581&page=7
7,1578,[일반],나좀 제발 도와줘라,"내 5만원 빌려가고 안갚은 애가 열로 전학갔다는데
연락도 안되고 미치겠다1학년에 ㅈㅎㅇ아는 사람 제발 좀 도와줘라","ㅇㅇ(211.36) 2023.06.01 18:36:41
스크랩 조회 703 추천 1 댓글 3",1,703,2023.06.01 18:36:41,https://gall.dcinside.com/mini/board/view/?id=rhkdtjdrh&no=1578&page=7
7,1577,[일반],02) 아니 근데 이씨발 광성고 병신새끼들은,"우리때는 경성고 광성고하면 광성고 개찐따집단이라 경성고앞에서 빌빌거리고 다녔는데 이제는 미개한 씹새끼들이 대경성을 좆으로보노 꼬우면 가좌역으로와라 줘패준다 이씨발새끼들아
- dc official App","ㅇㅇ(106.101) 2023.06.01 15:11:00
스크랩 조회 1197 추천 4 댓글 1",4,1197,2023.06.01 15:11:00,https://gall.dcinside.com/mini/board/view/?id=rhkdtjdrh&no=1577&page=7
7,1576,[일반],현재 1학년이 개ㅈ같은 이유,"1학년 수행평가 부정행위 영향 때문에 2학년 수행평가 오픈북이었던 것들 다 암기로 바뀜 ㅈㄴ 어려워짐 ㅅㅂ

에미뒤진1학년씨발고아새끼들","ㅈ(106.101) 2023.06.01 14:49:20
스크랩 조회 1337 추천 17 댓글 1",17,1337,2023.06.01 14:49:20,https://gall.dcinside.com/mini/board/view/?id=rhkdtjdrh&no=1576&page=7
7,1571,[일반],1학년중에 ㅈㅎㅇ라고 아는사람있냐?,내 돈빌리고 열로 전학갔다는데 아는사람있냐?,"ㅇㅇ(14.50) 2023.05.31 09:15:06
스크랩 조회 804 추천 0 댓글 1",0,804,2023.05.31 09:15:06,https://gall.dcinside.com/mini/board/view/?id=rhkdtjdrh&no=1571&page=7
8,1566,[일반],1학년 국어 수행평가,"솔직히 이런 시험에서 컨닝도 어이가 없고
재시험은 더 어이가 없고 거기에 또 보기줘서 모두가 100점인건 또 뭐냐
거기에다가 부정행위 걸린 놈들도 재시험을 보게 해준다네?
학교 꼬라지 잘 돌아간다","ㅇㅇㄷㅇㅇㅇ(104.28) 2023.05.25 20:27:03
스크랩 조회 1374 추천 26 댓글 3",26,1374,2023.05.25 20:27:03,https://gall.dcinside.com/mini/board/view/?id=rhkdtjdrh&no=1566&page=8
8,1565,[일반],국어 수행 부정행위 오체분시 마렵네,"너때문에 씨발 재시험 쳐봐야한다
누군진 몰라도 참 고맙다 씨발련아","ㅇㅇ(14.39) 2023.05.24 19:16:36
스크랩 조회 851 추천 13 댓글 1",13,851,2023.05.24 19:16:36,https://gall.dcinside.com/mini/board/view/?id=rhkdtjdrh&no=1565&page=8
8,1564,[일반],중력절 행동강령,"1. 높은곳에 올라가지 않는다.



[중력절은 지구의 중력과 만유인력의 법칙이 최고조에 달하는 날이므로 높은곳을 피하고  
비행을 삼가하며 여자는 7센치 이하의 하이힐을 신도록 한다.
금기를 어기고 높은곳에 올라갈 경우에는 중력차이가 너무 빠르게 나서 정신을 잃고 추락할 위험이 있다.]



2. 시계를 차지 않는다.



[원인 모를 현상으로 고급시계를 찰수록 사고를 당할 확률이 높아지며 과학적인 원인은 규명하지 못했으나  
한 무속인이 육신이 없는 누군가가 시계를 되찾으려 저지르는 일이라고 함.

특히 논두렁 근처에서 시계를 풀거나 시계 자랑을 해서는 안된다.]




3. 밤에 부엉이 소리를 들리면 밖에 나가지 않는다.


[부엉이로 환생한 노오란 그분이 '할아보지 따라 오너라' 하고 높은곳으로 데려간다 하여 부엉이가 우는밤은 조심해야 한다.]


死.두부를 외상으로 사지 않는다.


[이날 두부를 외상으로 산 사람들은 원인을 알 수 없는 추락으로 두개골이 박살나 사망했다는 설이 있다.]



5. 오래된 생각이 있다면 버려라

[설명부분이 유실되어 볼 수 없다. 이 금기의 설명을 아는 사람이 있다면 제보해주길 바란다.]
6. 담배를 피지 않는다.


[담배심부름은 시키지도 말고 남이시켜도 하지말라.]



7. 부끄러움이나 수치심을 느껴서는 안된다.


[이날은 사소한 잘못에도 마치 뇌물을 받고 들통난 정치인의 정도의 부끄러움을 느끼게 되어 결국 투신자살에 이르게 될 수도 있다고 한다.
잘못을 했다면 ""제가 뭐 ~하겠다고 말이나 했습니까?"" 등의 반응으로 염치없는 모습을 보여야 한다.]



8. 모자를 쓰고 자전거를 타지 않는다.


[특히 챙이 넓은 모자이거나 밀짚모자이면 더욱 더 위험하다.
어떤 사람의 증언에 따르면 마치 무엇에 홀린것처럼 절벽으로 달려가 추락할 뻔 했던 사람을 옆에 있는 사람이 급히 넘어뜨려 구했다고 한다.
절벽으로 달려갔던 사람은 일어나보니 절벽 바로 앞이었다고 하는데 자신도 왜 따라갔는지 따라간 것의 정체는 무엇인지 알 수 없다고 한다.]



9. 계란을 먹지 말아라.


[계란음식 또한 주의해야 하며 날계란은 절대 먹어선 안된다.]



10. 노오란 색의 옷을 입지 마라.


[노오란 계열의 바지도 안된다. 노오란 색은 중력의 힘을 더 받는다고 하니 아예 노오란 의류를 착용하지 않는 것이 좋다.]




금기를 지켜 523중력절 14 주기 사고없이 무사히 지내길 바라고 되도록 집에 있는게 좋을 것이다.","ㅇㅇ(118.221) 2023.05.23 12:34:59
스크랩 조회 404 추천 4 댓글 0",4,404,2023.05.23 12:34:59,https://gall.dcinside.com/mini/board/view/?id=rhkdtjdrh&no=1564&page=8
8,1563,[일반],개인적으로 생각하는 수업 제일 열심히 준비하는 선생님들,"역사:ㅇㅇㄱ쌤
지리
이 두분은 수업 들으면 열심히 준비하셨다라는게 느껴짐
딴 선생님들은 시대에 맞지도 않는 교과서 달달식이라서....
과탐은 잘 모르겠다.","ㅇㅇ(211.36) 2023.05.21 23:54:32
스크랩 조회 1235 추천 20 댓글 0",20,1235,2023.05.21 23:54:32,https://gall.dcinside.com/mini/board/view/?id=rhkdtjdrh&no=1563&page=8
8,1562,[일반],여기 실명언급해도 되냐?,ㅈㄱㄴ,"ㅇㅇ(1.245) 2023.05.20 16:45:18
스크랩 조회 799 추천 0 댓글 0",0,799,2023.05.20 16:45:18,https://gall.dcinside.com/mini/board/view/?id=rhkdtjdrh&no=1562&page=8
8,1561,[일반],1학년 국어수행 부정행위 누구냐 ㅅㅂ,ㅈㄴ많던데 걔네들때문에 이지랄 해야되노,"ㅇㅇ(211.244) 2023.05.19 20:49:30
스크랩 조회 1131 추천 13 댓글 1",13,1131,2023.05.19 20:49:30,https://gall.dcinside.com/mini/board/view/?id=rhkdtjdrh&no=1561&page=8
8,1558,[일반],급식 ㅁㅌㅊ?,- dc official App,"ㅇㅇ(39.7) 2023.05.17 12:56:38
스크랩 조회 564 추천 2 댓글 0",2,564,2023.05.17 12:56:38,https://gall.dcinside.com/mini/board/view/?id=rhkdtjdrh&no=1558&page=8
8,1557,[일반],와이파이비번 바꼈노,ㅇㅇ,"ㅇㅇ(223.39) 2023.05.17 08:58:04
스크랩 조회 396 추천 1 댓글 0",1,396,2023.05.17 08:58:04,https://gall.dcinside.com/mini/board/view/?id=rhkdtjdrh&no=1557&page=8
8,1556,[일반],광성에 ㅇㅈㅁ쌤 아직 있음??,"지구과학 젊은 여자쌤인데 18년에 오셨던걸로 기억
수업 열심히 하시고 최신 수능유형 분석해서 알려주시는거 좋았음
시험문제를 너무 어렵게 내시긴 했지만..아직도 계시나","ㅇㅇ(37.19) 2023.05.17 05:12:12
스크랩 조회 719 추천 0 댓글 2",0,719,2023.05.17 05:12:12,https://gall.dcinside.com/mini/board/view/?id=rhkdtjdrh&no=1556&page=8
8,1555,[정❗️보],광성고 석식 탑찍었다,처음으로 7500원 값하네,"게이(110.11) 2023.05.17 00:08:28
스크랩 조회 1352 추천 15 댓글 1",15,1352,2023.05.17 00:08:28,https://gall.dcinside.com/mini/board/view/?id=rhkdtjdrh&no=1555&page=8
8,1554,[일반],기독교의 실체를 알아보자.,"동의하는 부분임.
ㅇㅇ
- dc official App","ㅇㅇ(118.235) 2023.05.09 17:16:19
스크랩 조회 709 추천 4 댓글 0",4,709,2023.05.09 17:16:19,https://gall.dcinside.com/mini/board/view/?id=rhkdtjdrh&no=1554&page=8
8,1553,[일반],1학년 3학년 시비붙었음?,누가 이김?,"ㅇㅇ 2023.05.04 17:01:10
스크랩 조회 914 추천 2 댓글 1",2,914,2023.05.04 17:01:10,https://gall.dcinside.com/mini/board/view/?id=rhkdtjdrh&no=1553&page=8
8,1552,[일반],광갤 갤주 강성욱 <- 그리우면 개추 ㅋㅋ,"ㅋ
- dc official App","ㅇㅇ(211.234) 2023.05.03 02:14:13
스크랩 조회 408 추천 12 댓글 0",12,408,2023.05.03 02:14:13,https://gall.dcinside.com/mini/board/view/?id=rhkdtjdrh&no=1552&page=8
8,1551,[일반],갤붕이들아 봐라,허구한날 공원와서 빡돈 광붕이들 개추 눌러라,"ㅇㅇ(211.36) 2023.05.01 10:06:01
스크랩 조회 817 추천 20 댓글 1",20,817,2023.05.01 10:06:01,https://gall.dcinside.com/mini/board/view/?id=rhkdtjdrh&no=1551&page=8
8,1550,[일반],존나 이해 안가는게,"왜 우리가 ㅈ도 관심없는 윌리엄 어쩌구 무덤까지 쳐가야하냐
그새끼 때문에 금요일마다 ㅈ같은 예배 쳐해야 하는데","ㅇㅇ(14.39) 2023.05.01 01:01:39
스크랩 조회 917 추천 19 댓글 2",19,917,2023.05.01 01:01:39,https://gall.dcinside.com/mini/board/view/?id=rhkdtjdrh&no=1550&page=8
8,1549,[일반],광성?그 학교ㅋㅋ,광성 욕하지 마라 게이들 숭문이 더 ㅈ같다,"**남한테 폰뺏김(1.232) 2023.04.29 21:33:23
스크랩 조회 620 추천 5 댓글 0",5,620,2023.04.29 21:33:23,https://gall.dcinside.com/mini/board/view/?id=rhkdtjdrh&no=1549&page=8
8,1548,[일반],05들 불평하는 거 십분 이해함,"그야 역대급 학력저하세대니까 ㅋㅋㅋ
아 미안하다... 너네 '십분'이라는 말도 모르지? 청자의 수준을 고려하지 못한 말하기를 했네 OOPS....","ㅇㅇ(27.160) 2023.04.29 21:20:16
스크랩 조회 704 추천 3 댓글 2",3,704,2023.04.29 21:20:16,https://gall.dcinside.com/mini/board/view/?id=rhkdtjdrh&no=1548&page=8
8,1546,[일반],언매 장난치냐 ㅅㅂ,"이걸 풀라고 낸거냐?
1컷 70 나오냐?","ㅇㅇ(121.131) 2023.04.28 10:24:42
스크랩 조회 622 추천 3 댓글 4",3,622,2023.04.28 10:24:42,https://gall.dcinside.com/mini/board/view/?id=rhkdtjdrh&no=1546&page=8
8,1545,[일반],광성고는 05를 가지고 실험하냐,"1학년때는 수학 틀린개수로 등급을 가르고
2학년때는 국어 2개 이상틀리면 2가 뜨고
과탐도 틀린 개수 더 나아가 0.x점으로 촘촘히 나뉘고
3학년 되니깐 바뀔 줄 알았는데 미적 빼고 다 틀리면 한강 가야 하는 것들 뿐이네
05가 장난이냐? 왜 우리만 가지고 그러냐?","ㅇㅇ(121.131) 2023.04.26 22:46:24
스크랩 조회 889 추천 7 댓글 4",7,889,2023.04.26 22:46:24,https://gall.dcinside.com/mini/board/view/?id=rhkdtjdrh&no=1545&page=8
8,1544,[일반],1학년 수학시험 머냐...,"ㅇㅇ
- dc official App","ㅇㅇ(210.218) 2023.04.25 14:55:17
스크랩 조회 1268 추천 13 댓글 5",13,1268,2023.04.25 14:55:17,https://gall.dcinside.com/mini/board/view/?id=rhkdtjdrh&no=1544&page=8
8,1543,[일반],3학년 미적 시험 어땠음?,3학년 미적 시험 난이도 어땠음?,"ㅇㅇ(106.244) 2023.04.24 17:11:17
스크랩 조회 502 추천 0 댓글 2",0,502,2023.04.24 17:11:17,https://gall.dcinside.com/mini/board/view/?id=rhkdtjdrh&no=1543&page=8
8,1541,[일반],광성 급식 사진.,- dc official App,"창놈 2023.04.19 12:57:37
스크랩 조회 1116 추천 1 댓글 2",1,1116,2023.04.19 12:57:37,https://gall.dcinside.com/mini/board/view/?id=rhkdtjdrh&no=1541&page=8
8,1540,[일반],저걱범은 봐라,"저격범 혼쭐 내줄거얌
- dc official App","ㅇㅇ(61.73) 2023.04.18 20:46:54
스크랩 조회 1084 추천 19 댓글 0",19,1084,2023.04.18 20:46:54,https://gall.dcinside.com/mini/board/view/?id=rhkdtjdrh&no=1540&page=8
8,1538,[일반],광갤 폼 보니까,올해는 연고대도 힘들겠구나,"ㅇㅇ(1.225) 2023.04.17 20:31:11
스크랩 조회 462 추천 0 댓글 0",0,462,2023.04.17 20:31:11,https://gall.dcinside.com/mini/board/view/?id=rhkdtjdrh&no=1538&page=8
8,1536,[일반],이거 봄?,"냉장고에서 발견된 여자의 신체
완전 쇼킹하다
어떻게 세상에 이런일이 있냐
유튭 영상보고 기겁할뻔
세상에 나쁜놈들 많다

>>영상보기","ㅇㅇ(211.177) 2023.04.16 14:51:18
스크랩 조회 453 추천 1 댓글 1",1,453,2023.04.16 14:51:18,https://gall.dcinside.com/mini/board/view/?id=rhkdtjdrh&no=1536&page=8
8,1534,[일반],서준게이,"개 ㅈ밥 새ㅡ끼 이진규랑 정승우랑 왜이리 까불고댕기냐 맞을라고
- dc official App","ㅇㅇ(118.235) 2023.04.10 10:53:24
스크랩 조회 1475 추천 31 댓글 3",31,1475,2023.04.10 10:53:24,https://gall.dcinside.com/mini/board/view/?id=rhkdtjdrh&no=1534&page=8
8,1533,[일반],심현민은 보아라,"심현민 이 ㅈ밥새끼야
너가 뭐라도 되는줄 알고 왜자꾸 깝치냐
뒤지기싫으면 깝치지마 ㅋ","ㅇㅇ(118.221) 2023.04.10 10:03:38
스크랩 조회 1181 추천 24 댓글 2",24,1181,2023.04.10 10:03:38,https://gall.dcinside.com/mini/board/view/?id=rhkdtjdrh&no=1533&page=8
8,1528,[일반],씨발 싸지 까자 광성 개좆밥들아,다 들어와 좆밥들아ㅠㅋㅋㅋㅋ 깝싸지말고,"마포07박승현(223.38) 2023.04.07 15:12:16
스크랩 조회 889 추천 5 댓글 1",5,889,2023.04.07 15:12:16,https://gall.dcinside.com/mini/board/view/?id=rhkdtjdrh&no=1528&page=8
8,1524,[일반],왜 마라톤 빡갤에 올라와있냐 ㅋㅋㅋ,게이야...ㅡ,"ㅇㅇ(211.36) 2023.04.06 23:00:51
스크랩 조회 853 추천 6 댓글 0",6,853,2023.04.06 23:00:51,https://gall.dcinside.com/mini/board/view/?id=rhkdtjdrh&no=1524&page=8
8,1521,[일반],개인적인 광식의 끝판왕,"아쎄이....


전설의....


‘광성식 치킨마요덮밥’을 아는가...?


막 추출해 낸 ‘광성소스’와
기열참새를 튀겨낸 별미!

아쎄이!

급식 메뉴에 ‘치킨마요덮밥’을 봤다면

희망을 버려라!
- dc official App","ㅇㅇ(223.38) 2023.04.06 15:32:17
스크랩 조회 1424 추천 38 댓글 1",38,1424,2023.04.06 15:32:17,https://gall.dcinside.com/mini/board/view/?id=rhkdtjdrh&no=1521&page=8
8,1516,[일반],개맛없다,"영양사가 문제가 아니라 제조사가 문제인거 아님?
- dc official App","ㅇㅇ(118.221) 2023.04.05 12:38:31
스크랩 조회 449 추천 4 댓글 0",4,449,2023.04.05 12:38:31,https://gall.dcinside.com/mini/board/view/?id=rhkdtjdrh&no=1516&page=8
8,1513,[일반],급식 씨발좀ㅋㅋㅋㅋ,"급식 메뉴가지고 실험 쳐 할거면

라면 자판기라도 갖다놓고 선택하게 해주면 안되냐??","ㅇㅇ(106.101) 2023.04.05 12:24:25
스크랩 조회 1169 추천 25 댓글 0",25,1169,2023.04.05 12:24:25,https://gall.dcinside.com/mini/board/view/?id=rhkdtjdrh&no=1513&page=8
8,1510,[일반],물컵좀 하나씩 좀 써라 씹새들아,진짜 초딩새끼들이냐,"ㅇㅇ(118.221) 2023.04.04 07:45:44
스크랩 조회 466 추천 0 댓글 0",0,466,2023.04.04 07:45:44,https://gall.dcinside.com/mini/board/view/?id=rhkdtjdrh&no=1510&page=8
8,1508,[일반],마라톤 째도 지장없노?,원래 학교가는날도아닌데,"ㅇㅇ(218.152) 2023.04.02 22:33:58
스크랩 조회 545 추천 0 댓글 1",0,545,2023.04.02 22:33:58,https://gall.dcinside.com/mini/board/view/?id=rhkdtjdrh&no=1508&page=8
8,1506,[일반],현민게이,언제 뛰어내리냐 주접 적당히좀 떨고 뛰어내렸으면,"ㅇㅇ(112.153) 2023.03.31 10:32:12
스크랩 조회 614 추천 1 댓글 0",1,614,2023.03.31 10:32:12,https://gall.dcinside.com/mini/board/view/?id=rhkdtjdrh&no=1506&page=8
8,1505,[일반],광갤 폼 다 뒤졌네,이때로 돌아와라.....,"ㅇㅇ(211.36) 2023.03.26 11:49:32
스크랩 조회 1085 추천 22 댓글 1",22,1085,2023.03.26 11:49:32,https://gall.dcinside.com/mini/board/view/?id=rhkdtjdrh&no=1505&page=8
8,1503,[일반],1 2학년은 좀 엘레베이터좀 타지마라,그 조금 걷는게 힘드냐,"ㅇㅇ(118.221) 2023.03.21 07:52:39
스크랩 조회 960 추천 6 댓글 4",6,960,2023.03.21 07:52:39,https://gall.dcinside.com/mini/board/view/?id=rhkdtjdrh&no=1503&page=8
8,1502,[일반],광성 좃병신 학교,ㅇㅇ,"ㅇㅇ(118.235) 2023.03.20 17:03:16
스크랩 조회 599 추천 2 댓글 1",2,599,2023.03.20 17:03:16,https://gall.dcinside.com/mini/board/view/?id=rhkdtjdrh&no=1502&page=8
8,1501,[일반],아침 기도 왜 함?,기도때메 아침마다 예수 멱살 잡고 드래곤 다이브 마려운데,"ㅇㅇ(1.232) 2023.03.18 02:46:11
스크랩 조회 904 추천 14 댓글 4",14,904,2023.03.18 02:46:11,https://gall.dcinside.com/mini/board/view/?id=rhkdtjdrh&no=1501&page=8
8,1500,[일반],광성고 잘생기고 이쁜 쌤들 알려준다,"남자: 정x광T, 장ㅈ렬T, 최ㅈT, 김ㅎ근T, 권ㅈ안T
여자: 강ㄹ훈T, 김ㅇ숙T, 김ㅎ진T
반박 받는다","ㅇㅇ(211.36) 2023.03.16 22:31:07
스크랩 조회 1692 추천 5 댓글 3",5,1692,2023.03.16 22:31:07,https://gall.dcinside.com/mini/board/view/?id=rhkdtjdrh&no=1500&page=8
8,1499,[일반],찐따새끼 고새 지웠네,"지 힘들다는 단지 그 이유로 선생 특정되게 심하게 욕 박더니
쫄리는지 빛삭했네  ㅋㅋㅋㅋ 퇴학시킬수 잇었는데 아깝노

https://m.khan.co.kr/article/202301251525001
 교원평가 성희롱 학생 ‘퇴학’ 조치…‘기소의견’ 검찰 송치
익명으로 실시한 교원평가에서 여성 교사들을 성희롱한 고등학생이 검찰에 송치되고 퇴학 처분을 ...
m.khan.co.kr","ㅇㅇ(125.249) 2023.03.15 17:23:43
스크랩 조회 845 추천 2 댓글 3",2,845,2023.03.15 17:23:43,https://gall.dcinside.com/mini/board/view/?id=rhkdtjdrh&no=1499&page=8
8,1495,[일반],광성게이야,ㅎㅇ,"ㅇㅇ(118.221) 2023.03.10 08:19:07
스크랩 조회 362 추천 1 댓글 0",1,362,2023.03.10 08:19:07,https://gall.dcinside.com/mini/board/view/?id=rhkdtjdrh&no=1495&page=8
8,1494,[일반],07인데 보충수업 강제인가요?,기초학력평가 미달나오면 보충수업 들어야 한다는데 그거 강제인가요,"ㅇㅇ(14.39) 2023.03.09 22:11:02
스크랩 조회 722 추천 3 댓글 3",3,722,2023.03.09 22:11:02,https://gall.dcinside.com/mini/board/view/?id=rhkdtjdrh&no=1494&page=8
8,1492,[일반],광성고 85년 졸업이다,질문 받는다,"타이거 2023.03.06 14:59:22
스크랩 조회 849 추천 0 댓글 3",0,849,2023.03.06 14:59:22,https://gall.dcinside.com/mini/board/view/?id=rhkdtjdrh&no=1492&page=8
8,1491,[일반],미술개이,미술개이야ㅋㅋㅋㅋ,"ㅇㅇ(118.221) 2023.03.06 09:58:44
스크랩 조회 656 추천 9 댓글 2",9,656,2023.03.06 09:58:44,https://gall.dcinside.com/mini/board/view/?id=rhkdtjdrh&no=1491&page=8
8,1490,[일반],8반 ㅎㅇ,예아,"ㅇㅇ(211.36) 2023.03.06 09:50:31
스크랩 조회 523 추천 6 댓글 2",6,523,2023.03.06 09:50:31,https://gall.dcinside.com/mini/board/view/?id=rhkdtjdrh&no=1490&page=8
8,1489,[일반],경성갤에서 왔습니다,"아멘ㅋㅋ
- dc official App","ㅇㅇ(106.101) 2023.03.05 04:26:43
스크랩 조회 382 추천 2 댓글 0",2,382,2023.03.05 04:26:43,https://gall.dcinside.com/mini/board/view/?id=rhkdtjdrh&no=1489&page=8
8,1488,[일반],3-9반 담임쌤 누구노,"이름 아시는분?
- dc official App","광붕이(121.162) 2023.03.03 22:42:25
스크랩 조회 788 추천 1 댓글 2",1,788,2023.03.03 22:42:25,https://gall.dcinside.com/mini/board/view/?id=rhkdtjdrh&no=1488&page=8
8,1487,[일반],3학년 담임 누구누구임?,졸업생인데 궁금해서. 아는 쌤이면 주의할 점 얘기해줌,"ㅇㅇ(59.6) 2023.03.02 14:26:09
스크랩 조회 709 추천 0 댓글 1",0,709,2023.03.02 14:26:09,https://gall.dcinside.com/mini/board/view/?id=rhkdtjdrh&no=1487&page=8
8,1486,[일반],밑에 애가 내신 3.0아래는 논술 추천하던데,"반은 맞고 반은 틀렸다고 생각함. 이과라면해보기를 추천한다. 그런데 문과라면 그냥 닥치고 정시를 파자. 인문논술은 진짜 운빨이다. 논술학원 반년 다닌 애도 떨어지고, 수능 끝나고 1주일간 기출만 푼 애가 합격하는게 인문논술이다","ㅇㅇ(211.36) 2023.02.28 07:38:57
스크랩 조회 928 추천 17 댓글 0",17,928,2023.02.28 07:38:57,https://gall.dcinside.com/mini/board/view/?id=rhkdtjdrh&no=1486&page=8
9,1485,[일반],고3후배님들~ 필독해주세요!!,"현재 본인이 
고3들어가는데 
내신이3.0이하이다.

그러면 당장 수시 집어치우고 정시공부해라.

광성에선 내신3등급부터는 
수시 아무리 챙겨도 
인가경도 겨우 간다.  

혹시 내신반영 비율이 20,30,50이라
3학년때 땡기면 ㄱㅊ괜찮겠지~ 라는 생각하고 있으면 집어치워라.
그건 저짝 지방대들이나 그딴 변태비율로 학생들 영끌하는거다.
니가 지금쯤 마지노선 대학일 광명상가 정도 까지도 대부분 1,2,3학년
 반영비율 똑같다.


고3 학기초 ㅈ같은 수시바이럴,
공포의 정시 가스라이팅에 속아 끝까지 수시에 매달려있는거만큼 멍청한짓 없다.
물론 내신이 3안쪽이면 무조건 수시ㅇㅇ

아니면 차라리 논술을 파던가.
근데 논술은 실력보다는 운빨이라..
나라면 정시를 추천한다

- dc official App","ㅇㅇ(223.38) 2023.02.28 00:51:43
스크랩 조회 1434 추천 19 댓글 3",19,1434,2023.02.28 00:51:43,https://gall.dcinside.com/mini/board/view/?id=rhkdtjdrh&no=1485&page=9
9,1484,[정❗️보],신입생인 동생한테 이야기 듣고 글 올린다...,"교복 조끼 위에 붙히는 학교 마크 있잖냐 ㅇㅇ; 내가 아는 광성은 광성 한자로 써놓고 since 1894 써놓은걸로 기억하는데 왠 경성 마크를 줘놓고 붙히라 카노? 바뀌었냐?


- dc official App","미적인데기확을곁들인(110.11) 2023.02.27 15:37:35
스크랩 조회 782 추천 1 댓글 2",1,782,2023.02.27 15:37:35,https://gall.dcinside.com/mini/board/view/?id=rhkdtjdrh&no=1484&page=9
9,1483,[일반],광성고 07 신입생,"선배님들 이번 광성고 1학년 신입생 대가리 박겠습니다 (꾸벅)
글쓰는 이유는 1학년 과목별 선생님들 특징이랑 시험 난이도 알려쥬새영","카리나 남편(118.235) 2023.02.27 12:54:31
스크랩 조회 973 추천 5 댓글 5",5,973,2023.02.27 12:54:31,https://gall.dcinside.com/mini/board/view/?id=rhkdtjdrh&no=1483&page=9
9,1481,[일반],07 기숙사 붙었다,붙음 ㅇㅇ,"ㅇㅇ(58.234) 2023.02.25 09:25:49
스크랩 조회 865 추천 4 댓글 5",4,865,2023.02.25 09:25:49,https://gall.dcinside.com/mini/board/view/?id=rhkdtjdrh&no=1481&page=9
9,1480,[일반],긱사 지원한 07,오늘 긱사 면접 봤는데 앞 자리에 얼굴 좀 무서운애가 하는 말 들어보니깐 경쟁 쎈 거 같던데 혹시 면접 ㅈ박아도 붙을 가능성 있나요.. 진짜 대답을 병신마냥 함..,"ㅇㅇ(125.177) 2023.02.23 21:35:00
스크랩 조회 541 추천 2 댓글 2",2,541,2023.02.23 21:35:00,https://gall.dcinside.com/mini/board/view/?id=rhkdtjdrh&no=1480&page=9
9,1479,[일반],선생님들 한번씩만 읽어주세요……!,계약직 채용 똑바로들 해라 작년꼴나는거 보기 싫으면 ㅋㅋ,"ㅇㅇ(218.49) 2023.02.23 20:17:47
스크랩 조회 1225 추천 20 댓글 1",20,1225,2023.02.23 20:17:47,https://gall.dcinside.com/mini/board/view/?id=rhkdtjdrh&no=1479&page=9
9,1477,[일반],예비소집일,예비소집일 대충 몇시에 끝나냐 답해주고 계좌 적으면 500원 드림,"마포구 붕붕이(218.235) 2023.02.21 23:02:31
스크랩 조회 381 추천 0 댓글 3",0,381,2023.02.21 23:02:31,https://gall.dcinside.com/mini/board/view/?id=rhkdtjdrh&no=1477&page=9
9,1476,[일반],기숙사 입사 방식 마이 달라졌네,"우리때는 위에서부터 20명 걍 뽑고 그 중에 안가겠다는 애들 있으면 그 다음 애들로 넘어갔는데. 이제는 성적만 보는게 아니라 통학거리랑, 계획서도 쓰네 ㅋㅋ. 기초생활 수급자는 학교장 추천 받아서 들어가고. 번거롭기는 하겠지만 나름 괜찮은듯?","ㅇㅇ(182.225) 2023.02.21 15:07:36
스크랩 조회 641 추천 0 댓글 3",0,641,2023.02.21 15:07:36,https://gall.dcinside.com/mini/board/view/?id=rhkdtjdrh&no=1476&page=9
9,1475,[일반],07 긱사,07인데 긱사 시험 어려움? 그리고 경쟁 어느정도임?,"ㅇㅇ(110.11) 2023.02.20 16:19:08
스크랩 조회 442 추천 0 댓글 2",0,442,2023.02.20 16:19:08,https://gall.dcinside.com/mini/board/view/?id=rhkdtjdrh&no=1475&page=9
9,1472,[일반],07인데,학교에서 고1도 토요일날 부르나요,"ㅇㅇ(180.71) 2023.02.18 20:29:42
스크랩 조회 397 추천 1 댓글 2",1,397,2023.02.18 20:29:42,https://gall.dcinside.com/mini/board/view/?id=rhkdtjdrh&no=1472&page=9
9,1471,[일반],졸업생인데 꿀 선생님이랑 폭탄 선생님 후기 중에 뭐올릴까,"꿀이면 개추
폭탄이면 비추","ㅇㅇ(182.225) 2023.02.18 00:16:33
스크랩 조회 622 추천 3 댓글 1",3,622,2023.02.18 00:16:33,https://gall.dcinside.com/mini/board/view/?id=rhkdtjdrh&no=1471&page=9
9,1470,[일반],싱글벙글 틀딱 입갤,"이번에 동생이 광성고 입갤해서 질문받는다
- dc official App","미적인데기확을곁들인(125.241) 2023.02.15 17:37:16
스크랩 조회 369 추천 0 댓글 4",0,369,2023.02.15 17:37:16,https://gall.dcinside.com/mini/board/view/?id=rhkdtjdrh&no=1470&page=9
9,1469,[일반],체육복 꼭 사야되냐,선배들아 궁금한게 있는데 체육복은 꼭 입어야하냐 그냥 동복만 사면 안됨? ㅈㄴ귀찮은데,"마포구 붕붕이(218.235) 2023.02.14 23:43:12
스크랩 조회 442 추천 0 댓글 3",0,442,2023.02.14 23:43:12,https://gall.dcinside.com/mini/board/view/?id=rhkdtjdrh&no=1469&page=9
9,1468,[일반],ㄱㅅㅂ쌤 뭐냐,교보가서 수특 사는데 한지 검토진에 계시노,"ㅇㅇ(119.192) 2023.02.14 19:27:53
스크랩 조회 711 추천 1 댓글 1",1,711,2023.02.14 19:27:53,https://gall.dcinside.com/mini/board/view/?id=rhkdtjdrh&no=1468&page=9
9,1467,[일반],07 1짱 먹을란다,디씨 하는새끼들 있나 해서 검색해봤더니 진짜로 있네 개병신 후레 찐따들ㅋㅋ 앞으로 잘 부탁하고 밖에서는 보는일 없도록 하자,"마포구 붕붕이(218.235) 2023.02.13 23:02:37
스크랩 조회 564 추천 5 댓글 2",5,564,2023.02.13 23:02:37,https://gall.dcinside.com/mini/board/view/?id=rhkdtjdrh&no=1467&page=9
9,1465,[일반],07인데요,07인데 등교시간 언제에요? 그리고 비건 예배 찐인가요? ㅋㅋㅋ,"ㅇㅇ(121.162) 2023.02.12 22:23:59
스크랩 조회 341 추천 1 댓글 1",1,341,2023.02.12 22:23:59,https://gall.dcinside.com/mini/board/view/?id=rhkdtjdrh&no=1465&page=9
9,1464,[일반],.,서울 광성인가요?,"ㅇㅇ(121.162) 2023.02.12 22:18:46
스크랩 조회 185 추천 0 댓글 0",0,185,2023.02.12 22:18:46,https://gall.dcinside.com/mini/board/view/?id=rhkdtjdrh&no=1464&page=9
9,1463,[일반],희망담임있음?,ㅇㅇ,"ㅇㅇ(118.235) 2023.02.09 21:36:33
스크랩 조회 493 추천 0 댓글 0",0,493,2023.02.09 21:36:33,https://gall.dcinside.com/mini/board/view/?id=rhkdtjdrh&no=1463&page=9
9,1462,[일반],광성고등학교에서 살아남는 방법,"1.담임이 중요도 90퍼다. 그 반의 분위기, 너의 성적을 모두 좌우하는 게 담임임. 그리고 네 행특.세특 에도 크나큰 영향을 미치기에 수시로 갈 마음이 조금이라도 있다면 좋은 담임을 만나는 게 중요하다. 근데 너가 담임을 선택할 수는 없잖아. 그니깐 네 담임이 광성 최고의 선생이라 생각하고 존나 잘 보여라
2.내신의 중요성 1학년 1학기까지 해보고 
만약 본인의 내신이 3이하다 걍 바로 메가패스 결제하고 동네학원은 그만 두고 정시공부나 해라
2 에서 3 사이면 자신의 이상과 현실을 비교해보고 결정해라 1-1 성적이 십중팔구 너의 고3때까지 내신성적이다.(적어도 광성은 그렇다)
1,2-2.정시를 선택했다면 정시선언후 뒤에서 조용히 자습해라 물론 광성슨상님들은 허락 안 하는 비율이 높겠지만 중요한것은 꺾이지 않는 마음, 행동이다
3. 너가 선생님한테 이쁨 받는 걸로 유명한 게 아닌 이상 너의 생기부는  중1때 생기부와 별반 다르지 않을것이다. 그러면 교과뿐인데 교과는 알다시피 등급만 높으면 장땡이다. 광성에서의 선택과목 특징을 알려줄테니 참고하길 바란다.(본인은 이과였어서 문과는 들은 거로 말해주겠다)

지구과학1- 2개틀리면 2등급이지만 기출에서만 내기 때문에 자이스토리 3번 풀고 가면 낭낭하게 1등급이 가능하다
물리학1- 상위권들의 총 집합 과목이라 틀린 개수에 따라 등급이 나뉘는 상황이 발생하기도 한다. 하지만 물리 특성상 어느 단계만 넘으면 매우 쉽고 특히 광성은 역학적에너지보존 같은 킬러는 내지 않고 전기력 자기장도 돌아가며 시험에 나오기 때문에 말만 전범위지 운동량충격량까지의 쉬운 역학+ 그 기간에 배운 범위다.
생명과학1: 하면 안 되는 과목이다. 수능과 비슷하게 깔아주는 친구들도 많지만 상위권도 많다. 게다가 출제자가 ㅈㄷㅎ 선생님이시다. 난이도는 상상에 맡긴다
화학1: 물리1과 비슷한 느낌이라 보면 된다. 킬러는 절대 내지 않으며 실수를 누가 적게 하냐가 관건이다

생윤: 무조건 하는것이 좋다 
한지: 지리충들이 2,3명이 존재해서 은근 빡세다
동사: 암기를 잘하면 해라
경제: 굳이 왜?
세사: 동사와 동일
윤사: 생윤과 달리 꿀과목이 아니다
세지: 한지와 동일
사문: 굳이 왜?","ㅇㅇ(121.131) 2023.02.08 00:05:38
스크랩 조회 2765 추천 14 댓글 5",14,2765,2023.02.08 00:05:38,https://gall.dcinside.com/mini/board/view/?id=rhkdtjdrh&no=1462&page=9
9,1459,[정❗️보],07 신입생,입학한 07인데 혹시 실내화 있나요 ? 있다면 슬리퍼 ㄱㄴ ?,"ㅇㅇ(125.177) 2023.02.04 01:05:23
스크랩 조회 666 추천 0 댓글 5",0,666,2023.02.04 01:05:23,https://gall.dcinside.com/mini/board/view/?id=rhkdtjdrh&no=1459&page=9
9,1458,[일반],곧 졸업할 사람으로써,"1.광성 선생들 믿지마라 진짜 쌤한테 사랑받는 수준 아닌이상 생기부 터진다.
2.정시파지마라 정시판다는놈 열에 아홉 재수다
3.내신 잘챙겨라 2등급안에만 붙어있으면 인서울 해볼만하다
4.담임 잘걸리긴 진심으로 기도해라 ㄹㅇ정신나간꼰대들 꽤 많다
5.급식맛 기대하지마라ㅋ
6.오지마 걍 광성을 굳이 왜와 교장 손주 아닌이상 오지마셈 걍
- dc official App","ㅇㅇ(110.12) 2023.02.04 00:58:09
스크랩 조회 1020 추천 15 댓글 1",15,1020,2023.02.04 00:58:09,https://gall.dcinside.com/mini/board/view/?id=rhkdtjdrh&no=1458&page=9
9,1456,[일반],생활과 과학 <<< 이새끼 어렵냐?,어렵냐고,"ㅇㅇ(218.49) 2023.01.14 16:51:32
스크랩 조회 533 추천 0 댓글 1",0,533,2023.01.14 16:51:32,https://gall.dcinside.com/mini/board/view/?id=rhkdtjdrh&no=1456&page=9
9,1455,[일반],이학교는 그냥 평양에 있어야 했다,굳이 남한에 기어들어와서 ㅈ같은 교육이나 하고 앉아있노,"ㅇㅇ(211.36) 2023.01.03 23:45:14
스크랩 조회 984 추천 22 댓글 0",22,984,2023.01.03 23:45:14,https://gall.dcinside.com/mini/board/view/?id=rhkdtjdrh&no=1455&page=9
9,1454,[일반],내년 입학하려는 ㄱㅇ인데,"안녕하세요

내년 이학교 가려하는데,.

ㄱㅇ형들 많나요?

그리고 ㅆ 그거 필수로 해야하나요?

남자끼리 그거 안하면 왕따분위기 된다던데 ;; 걱정되서..

일단가능은 하죠? ㅂㅌ이랑 ㅌ 둘다?","ㅇㅇ(221.145) 2023.01.01 17:07:18
스크랩 조회 735 추천 1 댓글 2",1,735,2023.01.01 17:07:18,https://gall.dcinside.com/mini/board/view/?id=rhkdtjdrh&no=1454&page=9
9,1451,[일반],ㄹㅇ 조언글,"광성고 생기부를 믿지 마라

확실한 건 교과와 니 수능 성적 뿐임.

종합 믿다가 개발살 나기 쉽다.","ㅇㅇ(223.62) 2022.12.29 15:13:03
스크랩 조회 1112 추천 17 댓글 3",17,1112,2022.12.29 15:13:03,https://gall.dcinside.com/mini/board/view/?id=rhkdtjdrh&no=1451&page=9
9,1449,[일반],조언글,"광성고 기준이다
1.5 이상: 각 반에서 1등인 녀석들이 많다 조언하지 않아도 될 듯 내신,생기부에 따라 메디컬,서연고가 갈린다
1.5 ~1.9:  내신은 챙기되 서성한중경외시 갈 확률이 높으니 꿈이 크다면 모고를 챙기자
2.0 ~2.3: 운이 좋으면 중경외시 안 좋으면 국숭세단까지 갈 수 있다
2.4 ~2.5: 인서울 끝일 확률이 높다
그 아래: 인서울을 하고 싶으면 닥치고 정시를 파라","ㅇㅇ(121.131) 2022.12.23 09:37:39
스크랩 조회 1183 추천 38 댓글 3",38,1183,2022.12.23 09:37:39,https://gall.dcinside.com/mini/board/view/?id=rhkdtjdrh&no=1449&page=9
9,1448,[일반],감자탕에 감자가 없는데 왜 감자탕이냐 ㅋㅋ,콩나물 국밥 아님? ㅋㅋ,"ㅇㅇ(223.38) 2022.12.20 15:55:17
스크랩 조회 540 추천 2 댓글 3",2,540,2022.12.20 15:55:17,https://gall.dcinside.com/mini/board/view/?id=rhkdtjdrh&no=1448&page=9
9,1445,[일반],가창대회<----,"이새끼 개 좆같다면 개추
- dc official App","ㅇㅇ(118.221) 2022.12.15 10:15:23
스크랩 조회 677 추천 19 댓글 0",19,677,2022.12.15 10:15:23,https://gall.dcinside.com/mini/board/view/?id=rhkdtjdrh&no=1445&page=9
9,1442,[일반],광성고 1999 졸업생이다.,"기억 나는 거 써 본다

선생님들. 

전천룡. 당시 상놈처럼 잘생긴 외모에 맨날 몫! 몫 뭐야! 몫! 
체벌도 존나 화끈함. 맞으면 기분 나쁜게 아니고 번쩍! 하는 기분임
나는 별로 안 맞음.

화학 김두섭. 발음이 딱 귀하게 자란 외동 아들임. 
소탈하게 웃다가 한번 픽 돌면 바로 아구창 때림. 기분 나쁨
의외로 꼼꼼해서 환경 미화 엄청 신경 씀
0교시 조회 중에 지각생 들어오는데 일찍 다녀여!일찍 하다가
1분 후에 들어온 다른놈 한테는 왜 늦게와!  아구창 날림


좋았던 선생들

국어. 양효석? 
해설이 참고서 만큼 꼼꼼함. 가끔 사회적인 문제도 던짐. 니들 생각은 어떤데?
답을 틀리게 해설해도 아. 이건 이렇게 보면 안되는걸까? 그렇게 봐선 안되는걸까?
아 이게 그런 말이네 이제 이해해써. 넘어가. 하는데 졸 웃김
고2 되서 인사 했더니 몇반됐어?!! 하는데 내가 가르치는 반이 아니네 
하고 아쉬워하는 표정.  인강도 없고 자기랑 맞는 선생 만나는 것도 중요했던 시절
고3때 다시 만났는데 수능 전전날인가 `야 다들 책펴, 고전시가 다시한번 할꺼야`
하는데 고전시가에서 출제할꺼란 뉴스를 보고 다시 한번 리바이벌 해줬음
그때 뭔가 뜨거웠음. 내 미래가 걸린 시험에 이렇게 이끌어주는 느낌
진짜 리바이벌한 부분 고전시가 나왔음. 120점 만점에 116.3점은 인생 최고 업적이었음 

영어, 수학은 맘에 맞는 선생님이 없었다
아예 자기 맘대로 푸는 분도 있었는데 정석에도 없고 해설에도 없는 풀이로
봐도 모르겠어서 수학 존나 잘하는 애한테 저 선생님 풀이 맞냐!?
물어보면 좀 이상하긴 한데 틀린건 아니야. 수준
영어는 지금은 교장선생님인 정우성 선생님한테 1년 배웠는데
좀 웃기는듯 하면서도 예민했음. 
오늘 단어 시험으로 여러분들 점수를 매기겠습니다.  다들 예상치 못한 순간이었는데
단어를 모처럼 외워서 거의 맞췄는데 플라스 점수 주기 싫었는지
마지막 단어를 오답 처리 해버리더라. 아직도 기억함. 서울사람 소울라이트. 
이경은 선생님이랑 결혼하라고 했었는데 안한듯. 

수업시간 이후에 특별교과시간? 같은게 있어서 
선택해서 한 시간 수업을 들을 수 있게 한 게 있었는데 
존나 무뚝뚝한 선생이었는데
마지막 수업 시간에 자기 돈으로 도너츠 사줌
몇 반 담임이었는데 자기반 애들한테도 안사주는 것을 사주는데 짠하더라.

20살 되면 뭐하지? 라는 고민이 강할때라 별로 따뜻한 기억이 없기 때문에
고등학교는 더욱 따뜻한 공간이어야 하지 않을까 싶네","ㅁㄴㅇ(125.142) 2022.12.13 17:00:04
스크랩 조회 1871 추천 31 댓글 5",31,1871,2022.12.13 17:00:04,https://gall.dcinside.com/mini/board/view/?id=rhkdtjdrh&no=1442&page=9
9,1439,[일반],"강병주, 김지혜, 강려훈<---- 독서 GOAT 인정하면 개추","2학년 시험지 보니
지문에 빵꾸뚫는 짓거리를 하고 있네
아무리 ㅈ반고여도 너무 ㅈ반고티 내는거 아니냐? ㅋㅋㅋ
작년처럼 객관식이라도 수능식으로 내는 게 맞는거지","ㅇㅇ(211.36) 2022.12.09 15:16:01
스크랩 조회 1387 추천 22 댓글 3",22,1387,2022.12.09 15:16:01,https://gall.dcinside.com/mini/board/view/?id=rhkdtjdrh&no=1439&page=9
9,1438,[일반],오늘 옥상문 잠가놔라,"여럿 떨어질거다
- dc official App","ㅇㅇ(223.38) 2022.12.09 00:18:17
스크랩 조회 444 추천 1 댓글 0",1,444,2022.12.09 00:18:17,https://gall.dcinside.com/mini/board/view/?id=rhkdtjdrh&no=1438&page=9
9,1437,[일반],"고1,2에게 해두고 싶은 말","1. 정시파이터 특히 확통+사탐이 상위권 대학 가는건 존나 헬이다
2. 이 나라에서 원하는 성적 받는 정시파이터는 재수 이상이다. 현역으로는 죽어도 네가 원하는 대학 정시로 못감
3. 나는 정시로 을평성대 갈 성적인데 수시 응디 믿고 광운대 공대 간다. 광성고는 나같은 ㅈ반고 씹허수들이 즐비하다. 우리 학교 슨상들이 괜히 수시로 대학가라고 하는게 아님. 결론은 무조건 수시 챙겨라. 수시가 개ㅈ같은건 맞는데 3년만 개ㅈ같은거 참고 네 대가리로 갈 수 있는 대학보다 높게 가는게 좋지 않겠냐? 수시 ㅈ같다고 정시로 돌리는 거보다 ㅂㅅ같은 게 없다. 무조건 수시 챙겨서 걸어놓고 반수를 하든지 해라","ㅇㅇ(182.225) 2022.12.08 18:50:14
스크랩 조회 975 추천 2 댓글 4",2,975,2022.12.08 18:50:14,https://gall.dcinside.com/mini/board/view/?id=rhkdtjdrh&no=1437&page=9
9,1436,[일반],국어 표점 뭐냐,우리 학교 국어 잘하는 새끼들 꽤 있는걸로 아는데 ㅈ됐노,"ㅇㅇ(211.36) 2022.12.08 18:38:52
스크랩 조회 301 추천 0 댓글 0",0,301,2022.12.08 18:38:52,https://gall.dcinside.com/mini/board/view/?id=rhkdtjdrh&no=1436&page=9
9,1435,[일반],구멍뚫어둔문제 보자마자 경악을 금치 못한 광붕이면 개추 ㅋㅋ,"진짜 레전드다
- dc official App","ㅇㅇ(218.49) 2022.12.08 11:40:36
스크랩 조회 456 추천 3 댓글 0",3,456,2022.12.08 11:40:36,https://gall.dcinside.com/mini/board/view/?id=rhkdtjdrh&no=1435&page=9
9,1434,[일반],독서 서술형 ㅋㅋ,"암기형 좆같이 낸다
과연 이게 정시 대비에 도움이 되는 문제인가?
패고싶다면 개추 ㅋㅋ","ㅇㅇ(222.110) 2022.12.08 10:38:07
스크랩 조회 792 추천 15 댓글 2",15,792,2022.12.08 10:38:07,https://gall.dcinside.com/mini/board/view/?id=rhkdtjdrh&no=1434&page=9
9,1433,[일반],독서 모의고사 지문,"본인들이 이해하기 어려워서 그냥 낸거같다면 개추 ㅋㅋ
- dc official App","ㅇㅇ(223.38) 2022.12.08 09:12:17
스크랩 조회 645 추천 14 댓글 1",14,645,2022.12.08 09:12:17,https://gall.dcinside.com/mini/board/view/?id=rhkdtjdrh&no=1433&page=9
9,1431,[일반],수학 웰케어렵노,"점점어려워지냐
- dc official App","ㅇㅇ(218.49) 2022.12.07 12:30:59
스크랩 조회 456 추천 0 댓글 1",0,456,2022.12.07 12:30:59,https://gall.dcinside.com/mini/board/view/?id=rhkdtjdrh&no=1431&page=9
9,1430,[일반],본인이 개추수보고 빠개는중인 장성민이면 개추 ㅋㅋㅋㅋ,"https://m.dcinside.com/mini/rhkdtjdrh/1422

- dc official App","ㅇㅇ(61.73) 2022.12.07 02:54:53
스크랩 조회 487 추천 3 댓글 0",3,487,2022.12.07 02:54:53,https://gall.dcinside.com/mini/board/view/?id=rhkdtjdrh&no=1430&page=9
9,1428,[일반],본인이 내일 기말고사인데,"축구 볼 준비하고 있다면 개추 ㅋㅋ 
- dc official App","ㅇㅇ(221.138) 2022.12.06 03:31:08
스크랩 조회 274 추천 3 댓글 0",3,274,2022.12.06 03:31:08,https://gall.dcinside.com/mini/board/view/?id=rhkdtjdrh&no=1428&page=9
9,1427,[일반],"광성고가 숭문,환일보다 공부 안하고 좀 떨어지는곳 맞나요","광성고가 숭문,환일보다 공부 안하고 좀 떨어지는곳 맞나요..?","꿈나무(221.147) 2022.12.02 00:53:29
스크랩 조회 972 추천 3 댓글 6",3,972,2022.12.02 00:53:29,https://gall.dcinside.com/mini/board/view/?id=rhkdtjdrh&no=1427&page=9
9,1426,[일반],과 사탐,"2학년때 과탐 사탐 합쳐서 몇개 들어야하나요?

이과면 사탐 하나듣고 나머지 과탐 들으면 되는건가요?","07(125.241) 2022.12.01 16:41:44
스크랩 조회 322 추천 0 댓글 1",0,322,2022.12.01 16:41:44,https://gall.dcinside.com/mini/board/view/?id=rhkdtjdrh&no=1426&page=9
9,1424,[일반],본인이 장성민T 수업 듣는 승리자면 개추 ㅋㅋ,.,"ㅇㅇ(182.225) 2022.11.28 20:02:04
스크랩 조회 986 추천 15 댓글 3",15,986,2022.11.28 20:02:04,https://gall.dcinside.com/mini/board/view/?id=rhkdtjdrh&no=1424&page=9
9,1421,[일반],돌핀팬츠를 입고 만화책보는 여대생.avi,"뭐 
- dc official App","ㅇㅇ(121.162) 2022.11.26 14:58:08
스크랩 조회 675 추천 2 댓글 1",2,675,2022.11.26 14:58:08,https://gall.dcinside.com/mini/board/view/?id=rhkdtjdrh&no=1421&page=9
9,1419,[일반],ㅎㅁ<<개씨발봉박년 학교에서 만날때마다 죽여버리고싶음,"ㅎㅁ 이새끼 다들 누구인지 알텐데 자꾸 만나서 아는척 하는거 죽여버리고싶음 화요일에 애들모아서 작업 들어갈거임 
ㅎㅁ 개씨발새끼","ㅇㅇ(59.15) 2022.11.20 13:53:35
스크랩 조회 925 추천 9 댓글 5",9,925,2022.11.20 13:53:35,https://gall.dcinside.com/mini/board/view/?id=rhkdtjdrh&no=1419&page=9
9,1418,[일반],ㅈㅊㄹ이 아직있냐?,"십년전에도 참꼰대였는데
지금은 어떠냐?","ㅇㅇ(220.87) 2022.11.19 15:04:39
스크랩 조회 662 추천 2 댓글 2",2,662,2022.11.19 15:04:39,https://gall.dcinside.com/mini/board/view/?id=rhkdtjdrh&no=1418&page=9
9,1416,[일반],광성고 2학년인데 싸지 신청 받는다,문의는 2학년 3반으로,"ㅇㅇ(172.226) 2022.11.17 20:40:54
스크랩 조회 546 추천 1 댓글 1",1,546,2022.11.17 20:40:54,https://gall.dcinside.com/mini/board/view/?id=rhkdtjdrh&no=1416&page=9
9,1415,[일반],고3들 맨날 수능보면 좋겟당 ㅋㅋ,학교 안가고 조은뎅 ㅋㅋ,"ㅇㅇ(39.7) 2022.11.16 16:51:56
스크랩 조회 364 추천 0 댓글 0",0,364,2022.11.16 16:51:56,https://gall.dcinside.com/mini/board/view/?id=rhkdtjdrh&no=1415&page=9
9,1414,[일반],광성고 스타 대회 개최합니다,"안녕하세요 광성 1짱입니다.
심심해서 스타 대회 개최합니다.



종목은 <메이플 운빨 디펜스>
버전: 7.1
참가인원: 1~4명
예선은
토너먼트 형식 진행
3판 진행 후 포인트 측정          (기말 이후 포인트 책정 예정)
각 그룹당 1~2위까지 본선 진출

본선은 8명까지 진출 가능합니다.
본선은 5판 진행후 탑레이팅으로 등수 결정

차후 1~3위 보상이 결정되면 전달하겠습니다.

- dc official App","광성 1짱(114.202) 2022.11.14 22:59:56
스크랩 조회 390 추천 1 댓글 2",1,390,2022.11.14 22:59:56,https://gall.dcinside.com/mini/board/view/?id=rhkdtjdrh&no=1414&page=9
9,1413,[일반],고3 광붕이들에게,.,"ㅇㅇ(59.6) 2022.11.14 16:39:48
스크랩 조회 408 추천 0 댓글 0",0,408,2022.11.14 16:39:48,https://gall.dcinside.com/mini/board/view/?id=rhkdtjdrh&no=1413&page=9
9,1412,[일반],광성고 롤 대회합니다,"안녕하세요 광성 1짱입니다.
심심해서 롤 대회 개최하려고 합니다.

밸런스 문제는 티어별 점수제를 통해 해결하고자
하였으며 신청기준은 아래의 표를 참고해주세요

개최일시: 기말 이후
참가인원: 5인

표를 참고해 점수 합산 27점 이하

참가양식: 학번,이름,가능한 라인(추후 변경 X)
최고 티어,인게임 닉네임


탑
그마챌 15점
마스터 12점
다이아 1~2 10점
다이아 3~4 8점
플래티넘 1~2 7점
플래티넘 3~4 6점
골드 1~2 5점
골드 3~4 4점
실버 2점
브론즈/아이언 1점

정글
그마챌 17점
마스터 14점
다이아 1~2 12점
다이아 3~4 10점
플래티넘 1~2 7점
플래티넘 3~4 6점
골드 1~4 4점
실버 2점
브론즈/아이언 1점

미드
그마챌 15점
마스터 13점
다이아 1~2 10점
다이아 3~4 8점
플래티넘 1~2 7점
플래티넘 3~4 6점
골드 1~2 5점
골드 3~4 4점
실버 2점
브론즈/아이언 1점

원딜
그마챌 15점
마스터 13점
다이아 1~2 10점
다이아 3~4 8점
플래티넘 1~2 7점
플래티넘 3~4 6점
골드 1~2 5점
골드 3~4 4점
실버 2점
브론즈/아이언 1점

서폿
그마챌 12점
마스터 9점
다이아 1~2 7점
다이아 3~4 6점
플래티넘 1~2 5점
플래티넘 3~4 4점
골드 1~2 3점
골드 3~4 2점
실버/브론즈/아이언 1점

1.총점 27점이하 (상단의 점수표 참고)
2.티어는 롤 전체 시즌의 최고 티어로 책정합니다.
3.출전은 본인의 본계정으로만 가능합니다. 부계정임이 적발될 시 참가 취소 처리됩니다.
4.여러 전적사이트를 통해 본/부계정 여부 및 최고티어를 확인 할 것입니다.
5.출전은 5인 팀으로만 가능합니다.
6.경기는 '토너먼트 드래프트' 룰로 진행됩니다
7.픽창 챔피언 스왑은 가능하나 한 번 구성된 팀 별 라인 스왑은 불가능합니다.
8.대진표와 세부사항은 참가자 수에 따라 추후에 공지됩니다.
9.언랭크는 실력 측정과 부계정 문제등으로 안타깝게도 출전이 불가능합니다.
- dc official App","광성 롤 대회(114.202) 2022.11.13 20:00:45
스크랩 조회 615 추천 0 댓글 2",0,615,2022.11.13 20:00:45,https://gall.dcinside.com/mini/board/view/?id=rhkdtjdrh&no=1412&page=9
10,1409,[일반],엘베 추락했다는데 ㄹㅇ임?,????,"ㅇㅇ(118.221) 2022.11.07 13:50:11
스크랩 조회 607 추천 0 댓글 0",0,607,2022.11.07 13:50:11,https://gall.dcinside.com/mini/board/view/?id=rhkdtjdrh&no=1409&page=10
10,1408,[일반],인생 뒤지게 재미없네 ㄹㅇ,"야구나 봐라
- dc official App","ㅇㅇ(221.138) 2022.11.04 19:24:25
스크랩 조회 309 추천 2 댓글 0",2,309,2022.11.04 19:24:25,https://gall.dcinside.com/mini/board/view/?id=rhkdtjdrh&no=1408&page=10
10,1407,[일반],공습경보보고 집갈생각에 싱글벙글한 광붕이는 개추 ㅋㅋ,ㅇㄷㄴㅂㅌ ㅋㅋ,"ㅇㅇ(118.221) 2022.11.02 09:45:06
스크랩 조회 328 추천 0 댓글 0",0,328,2022.11.02 09:45:06,https://gall.dcinside.com/mini/board/view/?id=rhkdtjdrh&no=1407&page=10
10,1406,[일반],07,"07 이서
- dc official App","ㅇㅇ(114.202) 2022.11.01 21:28:23
스크랩 조회 414 추천 0 댓글 0",0,414,2022.11.01 21:28:23,https://gall.dcinside.com/mini/board/view/?id=rhkdtjdrh&no=1406&page=10
10,1405,[일반],19세 이상만,- dc official App,"ㅇㅇ(114.202) 2022.10.31 19:29:46
스크랩 조회 504 추천 1 댓글 0",1,504,2022.10.31 19:29:46,https://gall.dcinside.com/mini/board/view/?id=rhkdtjdrh&no=1405&page=10
10,1403,[일반],굳이 우리학교를 왜 오려고 함??,"이해가 안 되네
 밥 맛없고
빨갱이 많고
운동장 작고

이런데도 오고 싶냐?","ㅇㅇ(121.131) 2022.10.29 23:58:43
스크랩 조회 811 추천 10 댓글 4",10,811,2022.10.29 23:58:43,https://gall.dcinside.com/mini/board/view/?id=rhkdtjdrh&no=1403&page=10
10,1402,[일반],07 한국사 마스터,중학교때 배운 역사 내용 고1 한국사랑 이어지나요?,"ㅇㅇ 2022.10.27 22:55:16
스크랩 조회 710 추천 8 댓글 8",8,710,2022.10.27 22:55:16,https://gall.dcinside.com/mini/board/view/?id=rhkdtjdrh&no=1402&page=10
10,1401,[일반],고3만,"여기서 수원대나 가천대 쓴 게이 있노?
- dc official App","ㅇㅇ(114.202) 2022.10.27 22:50:19
스크랩 조회 356 추천 0 댓글 1",0,356,2022.10.27 22:50:19,https://gall.dcinside.com/mini/board/view/?id=rhkdtjdrh&no=1401&page=10
10,1400,[일반],07입니다,"07 이서라고 ㅇㅇ...
- dc official App","ㅇㅇ(223.38) 2022.10.26 12:45:31
스크랩 조회 402 추천 3 댓글 0",3,402,2022.10.26 12:45:31,https://gall.dcinside.com/mini/board/view/?id=rhkdtjdrh&no=1400&page=10
10,1399,[일반],07이빈다,"광성 지망생인데 선배님들 질문 몇 가지만 하겠습니다.

1. 기숙사의 운영 유무와 있다는 전제하에 입사 조건

2. 수시로 인서울 대학을 원하는 학생일 경우 추천 O X

3. 선행의 진도와 깊이

4. 학교의 전반적인 분위기

5. 내신따기 쉬운지","ㅇㅇ 2022.10.25 23:39:07
스크랩 조회 527 추천 3 댓글 3",3,527,2022.10.25 23:39:07,https://gall.dcinside.com/mini/board/view/?id=rhkdtjdrh&no=1399&page=10
10,1398,[일반],개예쁘네..,라임라잇 수혜라고함..,"ㅇㅇ(118.221) 2022.10.25 11:48:13
스크랩 조회 648 추천 2 댓글 0",2,648,2022.10.25 11:48:13,https://gall.dcinside.com/mini/board/view/?id=rhkdtjdrh&no=1398&page=10
10,1397,[일반],07입니다,"광성에 원서 쓸까 생각중인데 현재 중학교에서 전교 30등정도 입니다.
다 까놓고 열심히만해서 인서울 하고싶은 소망인데,선배님들이 생각하는 그러길위한 적당한 선행의 진도는 어디고 깊이는 어느정도인가요?","ㅇㅇ 2022.10.24 19:25:49
스크랩 조회 551 추천 3 댓글 8",3,551,2022.10.24 19:25:49,https://gall.dcinside.com/mini/board/view/?id=rhkdtjdrh&no=1397&page=10
10,1396,[일반],이 새끼 감옥 가기 바라면 개추 ㅋㅋ,윤카 씨발 제발 부탁드립니다.,"ㅇㅇ(182.225) 2022.10.23 01:24:07
스크랩 조회 1398 추천 30 댓글 3",30,1398,2022.10.23 01:24:07,https://gall.dcinside.com/mini/board/view/?id=rhkdtjdrh&no=1396&page=10
10,1395,[일반],예쁘긴 진짜 예쁜...jpg,"고세구
- dc official App","여신강림(114.202) 2022.10.22 23:33:21
스크랩 조회 504 추천 2 댓글 0",2,504,2022.10.22 23:33:21,https://gall.dcinside.com/mini/board/view/?id=rhkdtjdrh&no=1395&page=10
10,1394,[일반],예쁘긴 진짜 예쁜...jpg,"고세구
- dc official App","여신강림(114.202) 2022.10.22 23:31:59
스크랩 조회 351 추천 2 댓글 0",2,351,2022.10.22 23:31:59,https://gall.dcinside.com/mini/board/view/?id=rhkdtjdrh&no=1394&page=10
10,1393,[일반],도황 진짜 씹간지네,.,"ㅇㅇ(59.6) 2022.10.22 21:19:36
스크랩 조회 515 추천 4 댓글 1",4,515,2022.10.22 21:19:36,https://gall.dcinside.com/mini/board/view/?id=rhkdtjdrh&no=1393&page=10
10,1392,[일반],몬가 몬가 쇼미에 우리학교 생활복 비슷한넘 잇지 안냐 ㅇㅇ..,걍 흔한 옷인건가 ㅇ.ㅇ.ㅇㅇㅇ..,"ㅇㅇ(223.38) 2022.10.22 00:11:53
스크랩 조회 255 추천 0 댓글 0",0,255,2022.10.22 00:11:53,https://gall.dcinside.com/mini/board/view/?id=rhkdtjdrh&no=1392&page=10
10,1391,[정❗️보],광성고 갈까 생각중인 야붕이 질문 좀,공부 ㅈㄴ 못하고 고등학교가서 ㅈㄴ 빡세게 할려는데 내신 따기 쉬움?,"door 2022.10.21 20:22:13
스크랩 조회 699 추천 0 댓글 5",0,699,2022.10.21 20:22:13,https://gall.dcinside.com/mini/board/view/?id=rhkdtjdrh&no=1391&page=10
10,1390,[일반],남윤목 쌤 아직 있으시냐?,졸업생인데 니들이 도근이 특이하다고 하길래 특이한걸로는 이쌤도 만만치 않아서 갑자기 생각남,"ㅇㅇ(211.36) 2022.10.21 13:56:14
스크랩 조회 1439 추천 4 댓글 5",4,1439,2022.10.21 13:56:14,https://gall.dcinside.com/mini/board/view/?id=rhkdtjdrh&no=1390&page=10
10,1389,[일반],톰하디 레전드...jpg,"사실 문하디형이야 ㅋㅋㅋㅋㅋㅋㅋ
- dc official App","ㅇㅇ(114.202) 2022.10.20 22:08:10
스크랩 조회 572 추천 0 댓글 0",0,572,2022.10.20 22:08:10,https://gall.dcinside.com/mini/board/view/?id=rhkdtjdrh&no=1389&page=10
10,1388,[일반],현직공무원이 말하는 고졸수험생 합격이 더 쉬운이유,,"ㅇㅇ(203.236) 2022.10.18 14:30:30
스크랩 조회 328 추천 0 댓글 1",0,328,2022.10.18 14:30:30,https://gall.dcinside.com/mini/board/view/?id=rhkdtjdrh&no=1388&page=10
10,1387,[일반],이ㄷㄱ 아직도 광성에 있냐?,나이 좀 있고 비율 좋고 패션 이상한 애,"ㅇㅇ(223.62) 2022.10.12 10:17:27
스크랩 조회 1061 추천 8 댓글 4",8,1061,2022.10.12 10:17:27,https://gall.dcinside.com/mini/board/view/?id=rhkdtjdrh&no=1387&page=10
10,1384,[일반],실시간 광성고 장애인 교육,장애가 장애를,"ㅇㅇ 2022.10.07 15:24:02
스크랩 조회 652 추천 5 댓글 0",5,652,2022.10.07 15:24:02,https://gall.dcinside.com/mini/board/view/?id=rhkdtjdrh&no=1384&page=10
10,1382,[일반],어설프게 변형했다가 재시험 입갤 ㅋㅋㅋ,뭐 반에서 2명씩 맞췄다고? ㅋㅋㅋㅋㅋㅋ,"ㅇㅇ(182.225) 2022.10.06 22:31:28
스크랩 조회 427 추천 0 댓글 0",0,427,2022.10.06 22:31:28,https://gall.dcinside.com/mini/board/view/?id=rhkdtjdrh&no=1382&page=10
10,1375,[일반],뭔 일 있었냐?,설명 좀,"ㅇㅇ(59.6) 2022.09.30 19:18:22
스크랩 조회 549 추천 0 댓글 6",0,549,2022.09.30 19:18:22,https://gall.dcinside.com/mini/board/view/?id=rhkdtjdrh&no=1375&page=10
10,1372,[일반],저격글 누군지 존나 티남,ㅂㅌㅇ 같으면 ㄱㅊ ㄱㄱ,"ㅇㅇ(223.38) 2022.09.30 13:18:03
스크랩 조회 1768 추천 43 댓글 6",43,1768,2022.09.30 13:18:03,https://gall.dcinside.com/mini/board/view/?id=rhkdtjdrh&no=1372&page=10
10,1369,[일반],진규가 몇학녕닌데,ㅇㅇ,"ㅇㅇ(27.160) 2022.09.30 07:18:33
스크랩 조회 369 추천 0 댓글 0",0,369,2022.09.30 07:18:33,https://gall.dcinside.com/mini/board/view/?id=rhkdtjdrh&no=1369&page=10
10,1365,[일반],05들 학력저하 심하노,노력해라,"ㅇㅇ(1.225) 2022.09.28 17:52:49
스크랩 조회 530 추천 4 댓글 0",4,530,2022.09.28 17:52:49,https://gall.dcinside.com/mini/board/view/?id=rhkdtjdrh&no=1365&page=10
10,1364,[일반],이건 ㅅㅂ 풀라고 낸거냐,미적분 보는 새끼들도 2프로밖에 못 맞힌 문제를 ㅈ반고에서 번형해서 내면 90프로 이상은 부분점수도 못받을거 같은데,"ㅇㅇ(59.6) 2022.09.27 20:57:26
스크랩 조회 966 추천 5 댓글 2",5,966,2022.09.27 20:57:26,https://gall.dcinside.com/mini/board/view/?id=rhkdtjdrh&no=1364&page=10
10,1362,[일반],학교가 어쩌다 이렇게 된걸까,"1년만에....
- dc official App","ㅇㅇ(106.244) 2022.09.26 16:25:31
스크랩 조회 479 추천 0 댓글 1",0,479,2022.09.26 16:25:31,https://gall.dcinside.com/mini/board/view/?id=rhkdtjdrh&no=1362&page=10
10,1360,[일반],요새 내 주변 광부이들은 다들...,"""누진스"" 좋아한다.......
- dc official App","ㅇㅇ(114.202) 2022.09.19 22:39:51
스크랩 조회 389 추천 6 댓글 1",6,389,2022.09.19 22:39:51,https://gall.dcinside.com/mini/board/view/?id=rhkdtjdrh&no=1360&page=10
10,1358,[일반],전교회장 얘 닮지 않았냐? ㅋㅋㅋㅋ,케인인님,"ㅇㅇ(59.6) 2022.09.18 18:52:28
스크랩 조회 1490 추천 47 댓글 0",47,1490,2022.09.18 18:52:28,https://gall.dcinside.com/mini/board/view/?id=rhkdtjdrh&no=1358&page=10
10,1357,[일반],본인이 경쟁률 터진 수시충 광붕이면 개추 ㅋㅋ,ㅇㄷㄴㅂㅌ 씨발........,"ㅇㅇ(182.225) 2022.09.18 00:41:48
스크랩 조회 274 추천 0 댓글 0",0,274,2022.09.18 00:41:48,https://gall.dcinside.com/mini/board/view/?id=rhkdtjdrh&no=1357&page=10
10,1356,[일반],사랑이 싹트는 광성,"ㅋㅋ
- dc official App","ㅇㅇ(223.38) 2022.09.15 23:17:26
스크랩 조회 420 추천 0 댓글 0",0,420,2022.09.15 23:17:26,https://gall.dcinside.com/mini/board/view/?id=rhkdtjdrh&no=1356&page=10
10,1355,[일반],전학생 우리학교 온 이유,전 학교에서 존나 학폭당하다 옴 ㅋㅋ,"ㅇㅇ(223.38) 2022.09.12 01:21:54
스크랩 조회 788 추천 1 댓글 4",1,788,2022.09.12 01:21:54,https://gall.dcinside.com/mini/board/view/?id=rhkdtjdrh&no=1355&page=10
10,1353,[일반],근데 너네는 광성 왜왔냐,난 환일갈려다가 학교 애들이 씨발 하도 뜯어말려서 광성옴,"ㅇㅇ(106.102) 2022.09.09 21:44:19
스크랩 조회 437 추천 0 댓글 1",0,437,2022.09.09 21:44:19,https://gall.dcinside.com/mini/board/view/?id=rhkdtjdrh&no=1353&page=10
10,1352,[일반],요새 광갤 살아나는거 같으면 개추 ㅋㅋ,"ㅇㄷ ㄴㅂㅌ ㅋㅋㅋㅋㅋㅋ
- dc official App","ㅇㅇ(114.202) 2022.09.08 01:58:54
스크랩 조회 222 추천 5 댓글 0",5,222,2022.09.08 01:58:54,https://gall.dcinside.com/mini/board/view/?id=rhkdtjdrh&no=1352&page=10
10,1351,[일반],본인이 하라는 학교 생활은 안 하고 디씨질중인 광붕이면 개추 ㅋㅋ,일단 나부터 ㅋㅋ,"ㅇㅇ(125.142) 2022.09.07 20:33:25
스크랩 조회 221 추천 5 댓글 0",5,221,2022.09.07 20:33:25,https://gall.dcinside.com/mini/board/view/?id=rhkdtjdrh&no=1351&page=10
10,1350,[일반],새로오신 영양사님,"급식 ㅆ하드캐리 감사합니다
- dc official App","ㅇㅇ(39.7) 2022.09.07 12:07:21
스크랩 조회 775 추천 5 댓글 1",5,775,2022.09.07 12:07:21,https://gall.dcinside.com/mini/board/view/?id=rhkdtjdrh&no=1350&page=10
10,1349,[일반],우성이 잡으러 출발,선은 넘지 말아야지,"ㅇㅇ(223.38) 2022.09.06 06:51:15
스크랩 조회 358 추천 1 댓글 0",1,358,2022.09.06 06:51:15,https://gall.dcinside.com/mini/board/view/?id=rhkdtjdrh&no=1349&page=10
10,1347,[일반],우성아 씨발 선넘지마,힌남노가 니 머리칼 다 뽑아버리기 전에 지금이라도 등교 취소시켜. 딴 학교는 다 온라인이라는데 우리만 '정상수업' ㅋㅋㅋㅋㅋㅋㅋ 학교 오면 애들이 공부 퍽이나 잘하겠다 머리카락이 사라지니까 뇌기능도 저하됐나보지? ㅋㅋㅋㅋㅋ,"ㅇㅇ(211.36) 2022.09.05 23:10:50
스크랩 조회 1411 추천 43 댓글 4",43,1411,2022.09.05 23:10:50,https://gall.dcinside.com/mini/board/view/?id=rhkdtjdrh&no=1347&page=10
10,1346,[일반],오늘 재밌었으면 개추 ㅋㅋ,ㅎㅎ,"ㅇㅇ(1.225) 2022.09.02 16:08:06
스크랩 조회 331 추천 4 댓글 0",4,331,2022.09.02 16:08:06,https://gall.dcinside.com/mini/board/view/?id=rhkdtjdrh&no=1346&page=10
10,1345,[일반],실시간 광붕이 입갤,"어깨 꼴리면 개추 ㅋㅋ
- dc official App","ㅇㅇ(39.7) 2022.09.01 11:20:31
스크랩 조회 859 추천 31 댓글 0",31,859,2022.09.01 11:20:31,https://gall.dcinside.com/mini/board/view/?id=rhkdtjdrh&no=1345&page=10
10,1344,[일반],9모 끝나고 멘탈 씨게 나간 고3 광붕이면 개추 ㅋㅋ,역시 평가원은 평가원!!,"ㅇㅇ(182.225) 2022.08.31 19:30:55
스크랩 조회 234 추천 4 댓글 0",4,234,2022.08.31 19:30:55,https://gall.dcinside.com/mini/board/view/?id=rhkdtjdrh&no=1344&page=10
10,1343,[일반],정시파이터들,"오늘 슨상들한테 맛좀 보여줘야지?
- dc official App","ㅇㅇ(218.49) 2022.08.31 07:13:39
스크랩 조회 322 추천 2 댓글 1",2,322,2022.08.31 07:13:39,https://gall.dcinside.com/mini/board/view/?id=rhkdtjdrh&no=1343&page=10
10,1342,[일반],니네 그거 아냐?,"워뇨 아이 옙뻐 ㅋㅋㅋㅋㅋㅋㅋㅋ
- dc official App","고려대(114.202) 2022.08.23 02:21:47
스크랩 조회 463 추천 4 댓글 0",4,463,2022.08.23 02:21:47,https://gall.dcinside.com/mini/board/view/?id=rhkdtjdrh&no=1342&page=10
10,1339,[일반],기숙사 게이들아,니네 2학기때는 입소하냐?,"ㅇㅇ(59.6) 2022.08.12 15:51:53
스크랩 조회 512 추천 1 댓글 0",1,512,2022.08.12 15:51:53,https://gall.dcinside.com/mini/board/view/?id=rhkdtjdrh&no=1339&page=10
10,1337,[일반],개학 10일전,"뭐했다고 ㅅㅂ
- dc official App","ㅇㅇ(110.12) 2022.08.06 19:36:49
스크랩 조회 229 추천 1 댓글 1",1,229,2022.08.06 19:36:49,https://gall.dcinside.com/mini/board/view/?id=rhkdtjdrh&no=1337&page=10
10,1334,[일반],윤두창이 새겨들어야 할 말,그것은 바로 조만대장경,"ㅇㅇ(211.36) 2022.07.29 11:23:41
스크랩 조회 380 추천 0 댓글 1",0,380,2022.07.29 11:23:41,https://gall.dcinside.com/mini/board/view/?id=rhkdtjdrh&no=1334&page=10
10,1333,[일반],광성고 갤러리는 윤석열 개병신새끼에 대한 지지를 철회합니다.,잼파파 뽑았어야하면 개추 ㅋㅋ,"ㅇㅇ(59.6) 2022.07.26 19:29:43
스크랩 조회 991 추천 36 댓글 4",36,991,2022.07.26 19:29:43,https://gall.dcinside.com/mini/board/view/?id=rhkdtjdrh&no=1333&page=10
11,1331,[일반],급식,"급식 받다가 ""햇반"" 보고 미래가 보였다면 개추 ㅋㅋ
- dc official App","ㅇㅇ(211.36) 2022.07.19 16:10:36
스크랩 조회 267 추천 2 댓글 0",2,267,2022.07.19 16:10:36,https://gall.dcinside.com/mini/board/view/?id=rhkdtjdrh&no=1331&page=11
11,1330,[일반],이걸 단축을 안하네ㅋㅋㅋㅋㅋㅋㅋㅋ,"광성답다 진짜
- dc official App","ㅇㅇ(118.221) 2022.07.18 13:09:17
스크랩 조회 554 추천 10 댓글 1",10,554,2022.07.18 13:09:17,https://gall.dcinside.com/mini/board/view/?id=rhkdtjdrh&no=1330&page=11
11,1329,[일반],님들 그거앎?,광성고에 커플있음 ㅋㅋ,"ㅇㅇ(172.225) 2022.07.17 21:09:56
스크랩 조회 536 추천 10 댓글 0",10,536,2022.07.17 21:09:56,https://gall.dcinside.com/mini/board/view/?id=rhkdtjdrh&no=1329&page=11
11,1328,[일반],오늘 급식 ㅅㅂ,"스파게티 ㅈ노맛에 닭고기는 퍽퍽살이노
밥이라도 주면 그것만 퍼먹으면 되는데
처 먹을게 없네 ㅋㅋㅋㅋ","ㅇㅇ(14.5) 2022.07.15 19:14:20
스크랩 조회 711 추천 6 댓글 6",6,711,2022.07.15 19:14:20,https://gall.dcinside.com/mini/board/view/?id=rhkdtjdrh&no=1328&page=11
11,1327,[일반],학교가 미쳐 돌아가는구나 ㅋㅋ,"뭐? 핸드폰을 걷고 규제를해? ㅋㅋ
으에에에 ㅋㅋ","ㅇㅇ(223.38) 2022.07.14 09:14:01
스크랩 조회 1223 추천 11 댓글 1",11,1223,2022.07.14 09:14:01,https://gall.dcinside.com/mini/board/view/?id=rhkdtjdrh&no=1327&page=11
11,1326,[일반],내 이름은 배기범,"최고의 물리 만점 전략가!
- dc official App","ㅇㅇ(175.215) 2022.07.13 22:45:09
스크랩 조회 304 추천 3 댓글 0",3,304,2022.07.13 22:45:09,https://gall.dcinside.com/mini/board/view/?id=rhkdtjdrh&no=1326&page=11
11,1325,[일반],나 19살인데 도긩이 덕분에 학교에서 인기 폭팔이다!!,"천고난만한 학교 공부를 끝내면



동고동락하는 친우들과 스카에 간다



여느때와 다름없이 타블렛pc를 키고 카피캣 백호의 강의를 키고있는 친구들



칫칫,, 우리 친구들~ 개성은 밥말아 드셨나~?



언제적 호랑이야~~?? 버럭!



도긩이라고 들어는 봤슈?



노양지과하게 대성마이맥 Player를 키는 나



본인 주위에 모여드는 병호 영수 순덕이...



순덕이왈 아따~ 요건 뭔스킬이더냐?



아이고~ 이 촌딹팔푼이들아~ 나이도 어린 것들이 매트릭스도 몰라?



압도적인 생명과학 1타강사의 강의력에 학생들의 눈은 반딱반딱 초롱초롱해졌다.



다인자 4연관 신유형정돈 1분컷하는 도긩이의 모습에 녀석들 입이 떡! 벌어졌구만?



오메! 요거 정말 도움되겠는걸?



얘 나도 들어보자! 한강만~ 한강만~



무수한 관심공세에 나는 되려 황당.



들어보고싶으면 니들이 pdf 뽑아서 봐라 짜식들아 ㅋㅋ!



그렇게.. 아이들이 고이 모셔둔 세뱃돈을 본의 아니게 제본비에 써버리게 했습죠..끌끌



지금 우리 학교는 《All About》 대유행!","ㅇㅇ(1.225) 2022.07.12 18:23:56
스크랩 조회 736 추천 5 댓글 4",5,736,2022.07.12 18:23:56,https://gall.dcinside.com/mini/board/view/?id=rhkdtjdrh&no=1325&page=11
11,1324,[일반],작년 광성 입결 왜 씹창남,ㅋㅋ,"ㅇㅇ(223.38) 2022.07.09 19:11:08
스크랩 조회 925 추천 1 댓글 2",1,925,2022.07.09 19:11:08,https://gall.dcinside.com/mini/board/view/?id=rhkdtjdrh&no=1324&page=11
11,1323,[일반],아베 뒤짐,ㅇㅇ,"ㅇㅇ(182.225) 2022.07.08 19:13:11
스크랩 조회 303 추천 0 댓글 0",0,303,2022.07.08 19:13:11,https://gall.dcinside.com/mini/board/view/?id=rhkdtjdrh&no=1323&page=11
11,1322,[일반],애미디진 학교 에어컨 온도좀 안낮춰주냐?,튼것도 아니고 안튼것도 아니고 ㅈㄴ 더워디지겟는데,"ㅇㅇ(223.38) 2022.07.07 07:30:54
스크랩 조회 451 추천 7 댓글 1",7,451,2022.07.07 07:30:54,https://gall.dcinside.com/mini/board/view/?id=rhkdtjdrh&no=1322&page=11
11,1321,[일반],7모 다들 잘 봤냐?,- dc official App,"ㅇㅇ(114.202) 2022.07.07 00:26:27
스크랩 조회 395 추천 7 댓글 1",7,395,2022.07.07 00:26:27,https://gall.dcinside.com/mini/board/view/?id=rhkdtjdrh&no=1321&page=11
11,1319,[일반],2학년 문학 어려웠다는 새끼들,"버러지들임?

문제만 ㅈㄴ 많았지 난이도 자체는 웬만한 문제집들보다 떨어졌던 것 같은데
- dc official App","ㅇㅇ(112.151) 2022.07.04 23:12:55
스크랩 조회 445 추천 0 댓글 2",0,445,2022.07.04 23:12:55,https://gall.dcinside.com/mini/board/view/?id=rhkdtjdrh&no=1319&page=11
11,1318,[일반],광성에서 문과 기준으로 3점 극초면 보통 어디감?,인가경 이정도 학종으로 가나? 생기부 채웠다는 전제 하에,"ㅇㅇ(182.225) 2022.07.04 18:17:12
스크랩 조회 689 추천 0 댓글 3",0,689,2022.07.04 18:17:12,https://gall.dcinside.com/mini/board/view/?id=rhkdtjdrh&no=1318&page=11
11,1317,[일반],2학년 문학 본 게이들 핑까 남기고 가라,ㅇㅇ 한줄평 적고 가셈,"ㅇㅇ(222.110) 2022.07.04 18:12:27
스크랩 조회 283 추천 2 댓글 1",2,283,2022.07.04 18:12:27,https://gall.dcinside.com/mini/board/view/?id=rhkdtjdrh&no=1317&page=11
11,1316,[일반],확통 어려웠음?,"ㅇㅇ
- dc official App","ㅇㅇ(223.38) 2022.07.04 14:10:35
스크랩 조회 245 추천 1 댓글 2",1,245,2022.07.04 14:10:35,https://gall.dcinside.com/mini/board/view/?id=rhkdtjdrh&no=1316&page=11
11,1315,[일반],국내야구 갤러리에서 놀러왔습니다.,"이연재학생, 힘내시길 바랍니다.","ㅇㅇ(223.38) 2022.07.04 01:54:02
스크랩 조회 358 추천 9 댓글 1",9,358,2022.07.04 01:54:02,https://gall.dcinside.com/mini/board/view/?id=rhkdtjdrh&no=1315&page=11
11,1314,[일반],이게 학교냐,"요즘 다방면으로 너무 심각하다고 생각함
- dc official App","ㅇㅇ(218.49) 2022.07.03 12:32:36
스크랩 조회 437 추천 6 댓글 3",6,437,2022.07.03 12:32:36,https://gall.dcinside.com/mini/board/view/?id=rhkdtjdrh&no=1314&page=11
11,1313,[일반],2학년 지금까지 본거 등급컷 어느정도나올거같음?,ㅇㅇ,"ㅇㅇ(125.136) 2022.07.03 01:25:33
스크랩 조회 381 추천 1 댓글 4",1,381,2022.07.03 01:25:33,https://gall.dcinside.com/mini/board/view/?id=rhkdtjdrh&no=1313&page=11
11,1312,[일반],기말 끝나면 쌤들 칼럼 써본다,2학년 때 과탐 3학년 현재 사탐하고 있어서 모르는 쌤 거의 없다. 궁금한 쌤 있으면 칼럼 써줄테니까 댓글 남겨,"ㅇㅇ(182.225) 2022.07.03 00:33:12
스크랩 조회 830 추천 12 댓글 0",12,830,2022.07.03 00:33:12,https://gall.dcinside.com/mini/board/view/?id=rhkdtjdrh&no=1312&page=11
11,1311,[일반],개망해버린 3년.,"이느낌 그대로~
- dc official App","ㅇㅇ(222.232) 2022.07.03 00:04:30
스크랩 조회 273 추천 0 댓글 0",0,273,2022.07.03 00:04:30,https://gall.dcinside.com/mini/board/view/?id=rhkdtjdrh&no=1311&page=11
11,1310,[일반],ㅇㅇ,ㅇㅇ,"ㅇㅇ(116.127) 2022.07.02 18:24:12
스크랩 조회 179 추천 0 댓글 1",0,179,2022.07.02 18:24:12,https://gall.dcinside.com/mini/board/view/?id=rhkdtjdrh&no=1310&page=11
11,1309,[일반],진짜 제작년 1학년 영어가 레전드였지,"십자말풀이에
완전히 새로운 문장 작문해야하고..
가히 충격이었는데
컷도 드럽게 낮았던 걸로 기억","ㅇㅇ(1.225) 2022.07.02 02:36:02
스크랩 조회 422 추천 3 댓글 0",3,422,2022.07.02 02:36:02,https://gall.dcinside.com/mini/board/view/?id=rhkdtjdrh&no=1309&page=11
11,1308,[일반],1학년 영어 답 맞음?,"진짜 개소리지
시험 다시 보자ㅡㅡ","ㅇㅇ 2022.07.01 15:36:58
스크랩 조회 407 추천 2 댓글 1",2,407,2022.07.01 15:36:58,https://gall.dcinside.com/mini/board/view/?id=rhkdtjdrh&no=1308&page=11
11,1306,[일반],화작 개쉬웠는데 실수해버림,이씨발,"ㅇㅇ(223.39) 2022.07.01 12:24:21
스크랩 조회 216 추천 0 댓글 2",0,216,2022.07.01 12:24:21,https://gall.dcinside.com/mini/board/view/?id=rhkdtjdrh&no=1306&page=11
11,1304,[일반],물리학I 이거 맞노…,"특수상대성이론은 모든 개념이 등속운동 하에서 이루어지는거 아니냐…

등속 빠져있으면 틀린 선지 아니노…","ㅇㅇ(121.131) 2022.06.30 17:38:51
스크랩 조회 302 추천 0 댓글 1",0,302,2022.06.30 17:38:51,https://gall.dcinside.com/mini/board/view/?id=rhkdtjdrh&no=1304&page=11
11,1303,[일반],오늘 이후로 정시 생각한사람 개추,정시발,"ㅇㅇ(222.110) 2022.06.29 21:37:51
스크랩 조회 233 추천 5 댓글 0",5,233,2022.06.29 21:37:51,https://gall.dcinside.com/mini/board/view/?id=rhkdtjdrh&no=1303&page=11
11,1302,[일반],ㅇㄷㄱ쌤 거짓말은 안하노 ㅋㅋㅋ,"지난 중간 때 ""수특보다 쉬울거다"" => 진짜 그랬음

이번 기말 때 ""끝장나게 어려울거다.""  => 진짜 그랬음

구라는 안치는 상남자 호감고닉 ㅇㄷㄱ 사랑하면 개추 눌러볼까?","ㅇㅇ(182.225) 2022.06.29 18:27:36
스크랩 조회 1124 추천 28 댓글 3",28,1124,2022.06.29 18:27:36,https://gall.dcinside.com/mini/board/view/?id=rhkdtjdrh&no=1302&page=11
11,1301,[일반],ㅇㄷㄱ 존나 웃기면 개추 ㅋㅋㅋㅋㅋㅋㅋㅋ,"ㅋㅋㅋㅋㅋㅋ
- dc official App","ㅇㅇ(183.96) 2022.06.29 16:48:00
스크랩 조회 649 추천 16 댓글 0",16,649,2022.06.29 16:48:00,https://gall.dcinside.com/mini/board/view/?id=rhkdtjdrh&no=1301&page=11
11,1300,[일반],오늘 미적 특징,"찍은 걸로 등급갈림
계산 체육만 주구장창 시키는 개쓰레기 시험","ㅇㅇ(1.225) 2022.06.29 11:52:08
스크랩 조회 262 추천 1 댓글 0",1,262,2022.06.29 11:52:08,https://gall.dcinside.com/mini/board/view/?id=rhkdtjdrh&no=1300&page=11
11,1299,[일반],사문 좆되게 어려웠으면 개추 ㅋㅋ,ㅅㅂ 개젖됐노 ㅎㅇ,"ㅇㅇ(182.225) 2022.06.29 11:05:36
스크랩 조회 213 추천 7 댓글 0",7,213,2022.06.29 11:05:36,https://gall.dcinside.com/mini/board/view/?id=rhkdtjdrh&no=1299&page=11
11,1298,[일반],시험 개 조질거 같으면 개추,"ㅇㅇ
학교는 빨리 끝나서 좋노!","ㅇㅇ(222.110) 2022.06.29 02:17:04
스크랩 조회 296 추천 10 댓글 0",10,296,2022.06.29 02:17:04,https://gall.dcinside.com/mini/board/view/?id=rhkdtjdrh&no=1298&page=11
11,1297,[일반],누가 자꾸 교문 앞에 여고생 부르냐,심기 불편하네,"ㅇㅇ(223.38) 2022.06.28 16:24:11
스크랩 조회 587 추천 6 댓글 1",6,587,2022.06.28 16:24:11,https://gall.dcinside.com/mini/board/view/?id=rhkdtjdrh&no=1297&page=11
11,1296,[일반],올해도 서울대 안나오몈 광성 ㅈ되는건가,작년 실적 개망했는데,"ㅇㅇ(49.166) 2022.06.26 16:46:22
스크랩 조회 695 추천 5 댓글 1",5,695,2022.06.26 16:46:22,https://gall.dcinside.com/mini/board/view/?id=rhkdtjdrh&no=1296&page=11
11,1295,[일반],질문,"이 망할학교 중경외시 상경계열 가려면
문과 기준으로 몇 떠야됨??

2.08 인데 안보여 시발 
- dc official App","ㅇㅇ(1.225) 2022.06.25 00:55:39
스크랩 조회 316 추천 4 댓글 1",4,316,2022.06.25 00:55:39,https://gall.dcinside.com/mini/board/view/?id=rhkdtjdrh&no=1295&page=11
11,1294,[일반],생2 시발,개시발진짜애미,"ㅇㅇ(118.221) 2022.06.24 12:01:28
스크랩 조회 265 추천 3 댓글 0",3,265,2022.06.24 12:01:28,https://gall.dcinside.com/mini/board/view/?id=rhkdtjdrh&no=1294&page=11
11,1293,[일반],벌점 3학년한테만 해당되는 거야?,"이해가 안되네 1,2학년은 해당이 안되는거야?","ㅇㅇ(182.225) 2022.06.23 23:42:17
스크랩 조회 288 추천 2 댓글 1",2,288,2022.06.23 23:42:17,https://gall.dcinside.com/mini/board/view/?id=rhkdtjdrh&no=1293&page=11
11,1292,[일반],3학년들 웃긴 점,그동안 지각 ㅈㄴ 밥먹듯이 하고 복도에서 상의나 아니면 풀세트로 활보하던 새끼들이 학교에서 지각하지 말라고 하고 교복입으라는 당연한 걸 가지고 학교를 노답집단으로 만드냐. 그리고 오늘 보니까 하복이나 생활복 안에 사복 걸쳐입는 거 가지고는 잡지도 않더만. 살만 뒤룩뒤룩 찐 거유단 3학년들아 정신 좀 차려라 ㅋㅋ,"ㅇㅇ(175.223) 2022.06.23 22:03:56
스크랩 조회 556 추천 1 댓글 7",1,556,2022.06.23 22:03:56,https://gall.dcinside.com/mini/board/view/?id=rhkdtjdrh&no=1292&page=11
11,1291,[일반],이제와서 벌점준다고 꺼드럭 거리는 이유가 뭐노,"수시 일주일 남겨놓고 뭐하는짓이노
- dc official App","ㅇㅇ(223.62) 2022.06.23 19:19:05
스크랩 조회 489 추천 14 댓글 0",14,489,2022.06.23 19:19:05,https://gall.dcinside.com/mini/board/view/?id=rhkdtjdrh&no=1291&page=11
11,1290,[일반],벌점 조항만 줄줄이 늘려대는 게 참,"그저 JOAT
광성고등학교
당신들의 파시스트적인 운영을 응원합니다","ㅇㅇ(1.225) 2022.06.22 22:47:37
스크랩 조회 636 추천 11 댓글 3",11,636,2022.06.22 22:47:37,https://gall.dcinside.com/mini/board/view/?id=rhkdtjdrh&no=1290&page=11
11,1289,[일반],광갤들어오는 선생님들에게..,나가 ㅋㅋ,"ㅇㅇ(180.229) 2022.06.22 22:43:37
스크랩 조회 972 추천 20 댓글 1",20,972,2022.06.22 22:43:37,https://gall.dcinside.com/mini/board/view/?id=rhkdtjdrh&no=1289&page=11
11,1288,[일반],원숭이두창에 대해서..,게이들만 걸리는 원숭이두창=게이 학살  관람하겠노 ㅋㅋㅋ,"ㅇㅇ(180.229) 2022.06.22 22:39:22
스크랩 조회 203 추천 0 댓글 0",0,203,2022.06.22 22:39:22,https://gall.dcinside.com/mini/board/view/?id=rhkdtjdrh&no=1288&page=11
11,1287,[일반],요즘 걍 학교 맘에 안들면 개추,ㅇㄷㄴㅂㅌ 급식 교육방식 애들 센세 다 ㅂㄹ,"ㅇㅇ(222.110) 2022.06.22 20:45:09
스크랩 조회 538 추천 15 댓글 1",15,538,2022.06.22 20:45:09,https://gall.dcinside.com/mini/board/view/?id=rhkdtjdrh&no=1287&page=11
11,1284,[일반],둘이 행복해 보이더라,"ㅋㅋ 
- dc official App","ㅇㅇ(223.38) 2022.06.21 00:38:45
스크랩 조회 346 추천 2 댓글 0",2,346,2022.06.21 00:38:45,https://gall.dcinside.com/mini/board/view/?id=rhkdtjdrh&no=1284&page=11
11,1282,[일반],이재원이 뭐하는 게이?,"이재원이 누구냐
- dc official App","ㅇㅇ(175.123) 2022.06.17 17:23:23
스크랩 조회 343 추천 0 댓글 0",0,343,2022.06.17 17:23:23,https://gall.dcinside.com/mini/board/view/?id=rhkdtjdrh&no=1282&page=11
11,1281,[일반],"속보) 출구조사 결과 기호 2번, 기호 3번 초접전","기호 1번 15%
기호 2번 41%
기호 3번 44%","ㅇㅇ(61.253) 2022.06.17 15:13:00
스크랩 조회 344 추천 5 댓글 0",5,344,2022.06.17 15:13:00,https://gall.dcinside.com/mini/board/view/?id=rhkdtjdrh&no=1281&page=11
11,1280,[일반],이거 이재원..,,"ㅇㅇ(223.38) 2022.06.17 12:20:31
스크랩 조회 413 추천 1 댓글 0",1,413,2022.06.17 12:20:31,https://gall.dcinside.com/mini/board/view/?id=rhkdtjdrh&no=1280&page=11
11,1278,[일반],이재원 ㅂㅅ ㅋㅋ,,"ㅇㅇ(223.38) 2022.06.17 12:17:55
스크랩 조회 476 추천 0 댓글 0",0,476,2022.06.17 12:17:55,https://gall.dcinside.com/mini/board/view/?id=rhkdtjdrh&no=1278&page=11
11,1277,[일반],2학년 문학,"뭐 얼마나 썰을 풀어댔고
자습서를 컨C 컨V 해댔으면 
외부지문 몇개가 생략된다는거 알려주면서 
다른 문학 슨상이 간접적으로 까대냐 ㅋㅋㅋㅋㅋ

중간 존나 쉽게 출제해서
77 받은 내가 3이 떴는데
이번 기말도 존나 기대된다

교원평가 딱대라 ㅋㅋㅋ

- dc official App","ㅇㅇ(118.221) 2022.06.17 10:30:55
스크랩 조회 573 추천 11 댓글 0",11,573,2022.06.17 10:30:55,https://gall.dcinside.com/mini/board/view/?id=rhkdtjdrh&no=1277&page=11
11,1275,[정❗️보],광성 급식에 대해 알아보자.araboza,"본 게시물은 어떠한 비하나 비방의 의도가 없으며, 실제 사진을 통한 객관적인 정보를 제공하고자 하는 정보성 게시글임을 알립니다.","ㅇㅇ(209.107) 2022.06.16 16:28:48
스크랩 조회 1509 추천 19 댓글 4",19,1509,2022.06.16 16:28:48,https://gall.dcinside.com/mini/board/view/?id=rhkdtjdrh&no=1275&page=11
11,1274,[일반],광성 전교회장선거 출구조사.vote,6.17 15:00 공개,"ㅇㅇ(223.38) 2022.06.15 10:07:13
스크랩 조회 645 추천 5 댓글 3",5,645,2022.06.15 10:07:13,https://gall.dcinside.com/mini/board/view/?id=rhkdtjdrh&no=1274&page=11
12,1272,[일반],화1 ㄹ쌤 ㅈㄴ 웃기지않냐? ㅋㅋ,"수업시간 < 개념설명대충 교과서 읽는수준

문제풀이 < 한번도 빠짐없이 전부 학생시킴
                  지원자 나올때까지 끝까지 기다림

프린트답 < 이건 풀어주시는거죠? 물어보니까
                  아니 너네가해 답만 알려줄거야 선언..

이따구로 할거면 그냥 수업시간에 인강듣게해줘..","ㅇㅇ(223.38) 2022.06.13 15:04:07
스크랩 조회 1106 추천 25 댓글 6",25,1106,2022.06.13 15:04:07,https://gall.dcinside.com/mini/board/view/?id=rhkdtjdrh&no=1272&page=12
12,1271,[일반],참식이 대학 어디감,"그립읍니다
- dc official App","ㅇㅇ(39.7) 2022.06.12 16:07:58
스크랩 조회 433 추천 1 댓글 4",1,433,2022.06.12 16:07:58,https://gall.dcinside.com/mini/board/view/?id=rhkdtjdrh&no=1271&page=12
12,1270,[일반],본인이 6모에 개같이 찢어진 유사정시충이면 개추ㅋㅋ,"ㅇㄷㄴㅂㅌ ㅋㅋ
- dc official App","ㅇㅇ(223.38) 2022.06.11 00:51:57
스크랩 조회 339 추천 10 댓글 0",10,339,2022.06.11 00:51:57,https://gall.dcinside.com/mini/board/view/?id=rhkdtjdrh&no=1270&page=12
12,1269,[일반],오늘 메뉴에 '치킨' 있는거 보고 싸했으면 개추 ㅋㅋ,바로 치킨너겟 입갤 ㅋㅋ,"ㅇㅇ(61.253) 2022.06.10 23:06:27
스크랩 조회 584 추천 14 댓글 0",14,584,2022.06.10 23:06:27,https://gall.dcinside.com/mini/board/view/?id=rhkdtjdrh&no=1269&page=12
12,1268,[일반],니네들,ㅇㅇ,"ㅇㅇ(118.221) 2022.06.10 14:14:21
스크랩 조회 547 추천 12 댓글 0",12,547,2022.06.10 14:14:21,https://gall.dcinside.com/mini/board/view/?id=rhkdtjdrh&no=1268&page=12
12,1265,[일반],원바키,현최성,"ㅇㅇ(118.221) 2022.06.10 14:12:50
스크랩 조회 168 추천 0 댓글 0",0,168,2022.06.10 14:12:50,https://gall.dcinside.com/mini/board/view/?id=rhkdtjdrh&no=1265&page=12
12,1264,[일반],노담 답 1억6천만 430만 1.7배,다들 봉사시간 꺼억해라,"ㅇㅇ(118.221) 2022.06.10 13:19:45
스크랩 조회 213 추천 4 댓글 0",4,213,2022.06.10 13:19:45,https://gall.dcinside.com/mini/board/view/?id=rhkdtjdrh&no=1264&page=12
12,1263,[일반],멸망의 날이 다가온다,ㅆㅃ 6모 미뤄줘라,"ㅇㅇ(1.225) 2022.06.07 22:51:05
스크랩 조회 184 추천 2 댓글 0",2,184,2022.06.07 22:51:05,https://gall.dcinside.com/mini/board/view/?id=rhkdtjdrh&no=1263&page=12
12,1262,[일반],요즘은 고12도 엘베타나보네,우리땐 존나 고3아니면 태워주지도 않고 선생들이 고3한테 뭐라하면 수시도 끝나서 개지1랄하고 결국 타고 그랬는데,"ㅇㅇ(115.93) 2022.06.07 20:39:58
스크랩 조회 978 추천 12 댓글 5",12,978,2022.06.07 20:39:58,https://gall.dcinside.com/mini/board/view/?id=rhkdtjdrh&no=1262&page=12
12,1261,[일반],3학년들 엘베에서 염병떠는거 웃기면 개추 ㅋㅋ,"병신들이 3학년 됐으면 닥치고 공부나 할것이지 엘리베이터만 들어서면 가오부리노 ㅋㅋ

지네 학년에선 조용히 있다가 아래학년 앞에서 깝치는거는 좆밥 특임?","ㅇㅇ(209.107) 2022.06.03 19:38:16
스크랩 조회 1190 추천 35 댓글 9",35,1190,2022.06.03 19:38:16,https://gall.dcinside.com/mini/board/view/?id=rhkdtjdrh&no=1261&page=12
12,1258,[일반],은두엉은 듣지 마라,이거 ㄹㅇ임,"ㅇㅇ(118.221) 2022.05.30 14:50:49
스크랩 조회 275 추천 0 댓글 0",0,275,2022.05.30 14:50:49,https://gall.dcinside.com/mini/board/view/?id=rhkdtjdrh&no=1258&page=12
12,1256,[일반],오늘의 토막상식,대한민국 20대 대통령 윤석열 대통령의 부인 김건희 여사와 광성고의 모 사회문화 선생님은 1972년 생으로 동갑이다,"ㅇㅇ(182.225) 2022.05.28 23:13:04
스크랩 조회 763 추천 16 댓글 1",16,763,2022.05.28 23:13:04,https://gall.dcinside.com/mini/board/view/?id=rhkdtjdrh&no=1256&page=12
12,1255,[일반],고경태,얼굴,"ㅇㅇ(118.221) 2022.05.27 13:52:38
스크랩 조회 1883 추천 27 댓글 0",27,1883,2022.05.27 13:52:38,https://gall.dcinside.com/mini/board/view/?id=rhkdtjdrh&no=1255&page=12
12,1253,[일반],허수의 고등학교 3년 한 짤로 정리,,"ㅇㅇ(223.38) 2022.05.24 02:56:31
스크랩 조회 623 추천 5 댓글 1",5,623,2022.05.24 02:56:31,https://gall.dcinside.com/mini/board/view/?id=rhkdtjdrh&no=1253&page=12
12,1252,[일반],3학년 현역 학교생활 관련 궁금한 거 질문 받는다,.,"ㅇㅇ(182.225) 2022.05.21 21:01:31
스크랩 조회 575 추천 0 댓글 7",0,575,2022.05.21 21:01:31,https://gall.dcinside.com/mini/board/view/?id=rhkdtjdrh&no=1252&page=12
12,1251,[일반],2016년도 3학년부 멤버를 알아보자.jpg,좋은 쌤이든 나쁜 쌤이든 거를 타선이 한명도 없다.,"ㅇㅇ(59.6) 2022.05.20 21:08:23
스크랩 조회 1333 추천 22 댓글 4",22,1333,2022.05.20 21:08:23,https://gall.dcinside.com/mini/board/view/?id=rhkdtjdrh&no=1251&page=12
12,1250,[일반],와파비번좀,ㅇ,"ㅇㅇ(211.36) 2022.05.20 12:50:46
스크랩 조회 273 추천 0 댓글 0",0,273,2022.05.20 12:50:46,https://gall.dcinside.com/mini/board/view/?id=rhkdtjdrh&no=1250&page=12
12,1249,[일반],실시간 번개장터 이새끼 뭐냐?,뭔짓을 한거노,"ㅇㅇ(118.221) 2022.05.20 10:06:00
스크랩 조회 521 추천 2 댓글 2",2,521,2022.05.20 10:06:00,https://gall.dcinside.com/mini/board/view/?id=rhkdtjdrh&no=1249&page=12
12,1248,[일반],씨1발 화1 듣는데 야마돌아서 뒤지는줄 ㅋㅋ,"미친년 하루종일 짜중내고있네

씨발련아 니 찡찡거리는거 들으려고 수업듣는거아니다","ㅇㅇ(223.38) 2022.05.20 08:52:29
스크랩 조회 489 추천 4 댓글 1",4,489,2022.05.20 08:52:29,https://gall.dcinside.com/mini/board/view/?id=rhkdtjdrh&no=1248&page=12
12,1245,[일반],3학년중에 이번주 금요일 방과후 시간되는 후배님 계심?,강의 째고 싶은데 도움좀 최대 6000~8000원까지 뭐 사줄 의향있음,"ㅇㅇ(222.105) 2022.05.17 16:29:34
스크랩 조회 391 추천 1 댓글 2",1,391,2022.05.17 16:29:34,https://gall.dcinside.com/mini/board/view/?id=rhkdtjdrh&no=1245&page=12
12,1244,[일반],아 ㅅㅂ 급식 ㅈ같다,김치찌개 이거 맞냐?,"ㅇㅇ(39.7) 2022.05.17 12:11:50
스크랩 조회 677 추천 19 댓글 2",19,677,2022.05.17 12:11:50,https://gall.dcinside.com/mini/board/view/?id=rhkdtjdrh&no=1244&page=12
12,1243,[일반],이새끼 뭐냐?,길가다가 어디서 씹덕노래 흘러나오길래 봤는데 뭐냐 ㅋㅋ,"ㅇㅇ(59.6) 2022.05.14 19:32:40
스크랩 조회 926 추천 16 댓글 1",16,926,2022.05.14 19:32:40,https://gall.dcinside.com/mini/board/view/?id=rhkdtjdrh&no=1243&page=12
12,1242,[일반],지옥안가는 방법 알려줄게(매우쉬움),"성경은 사실이며 성경의 수많은 예언은 성취되었습니다. 성경에 따르면 모든 인간은 죄인(시기, 거짓말, 음욕 등등)이며 죄에 대한 형벌로 지옥에 갈 운명입니다. 지옥에 가면 영원의 시간동안 고통스러워 하며 불에 타야합니다.하나님께서 인간의 몸으로 오신 주 예수 그리스도는 인간의 모든 죄의 죄값을 대신하여 십자가에 못박혀 피흘리며 돌아가셨고 땅에 묻히셨다가 3일 만에 여호와 하나님께서 부활시키셨습니다. 이러한 사실을 마음 속으로 '진심으로' 믿으면 즉시 구원을 받고 천국을 갑니다. 구원은 취소되지 않으며 구원을 받고 죄를 지어도 지옥에 가지 않습니다. 왜냐하면 예수님께서는 인류가 앞으로 지을 죄도 짊어지셨기 때문이죠. 다만 구원받은 후 죄악 속에 빠져 살면 하나님께서 현생에 징계를 내리십니다.

요한복음 3:16

하나님께서 세상을 이처럼 사랑하셔서 그의 독생자를 주셨으니, 이는 그를 믿는 사람은 누구든지 멸망하지 않고 영생을 얻게 하려 하심이니라.

로마서 10:9

네가 네 입으로 주 예수를 시인하고 또 하나님께서 그를 죽은 자들로부터 살리신 것을 네 마음에 믿으면 구원을 받으리라.

로마서 4:5

행함이 없어도 불경건한 자를 의롭다 하시는 그분을 믿는 사람에게는 그의 믿음이 의로 여겨지느니라.

갈라디아서 2:16

사람이 율법의 행위로 의롭게 되는 것이 아니요, 예수 그리스도를 믿음으로 인하여 되는 줄 알고 우리도 예수 그리스도를 믿었나니, 이는 우리가 율법의 행위로써가 아니라 그리스도를 믿음으로 인하여 의로워지고자 함이라. 이는 율법의 행위로는 아무 육체도 의롭게 될 수 없음이라.

지금 당장 기도문의 내용을 '진심으로' 믿고 기도문대로 기도해 구원받아 천국가세요.

위대하시고 거룩하신 하나님 아버지, 예수님께서 인간을 구원하기 위해 육신의 몸으로 오신 하나님이신 사실을 믿습니다. 저는 죄인이며 죽은 뒤 지옥에 가야 할 운명이지만 주 예수 그리스도께서 저의 모든 죄를 대신해 십자가에 못박혀 피흘리시며 돌아가시고 땅에 묻히시고 3일 만에 하나님께서 부활시키신 사실을 믿습니다. 저의 모든 죄를 용서하여 주시옵고 저를 구원해주세요. 저를 구원해주셔서 정말 감사드립니다. 주 예수 그리스도의 이름으로 기도드립니다. 아멘.

목사님은 유튜브에 김경환 목사님 검색하세요.(수익 창출 안하십니다.)
- dc official App","ㅇㅇ(106.101) 2022.05.13 15:22:24
스크랩 조회 354 추천 1 댓글 3",1,354,2022.05.13 15:22:24,https://gall.dcinside.com/mini/board/view/?id=rhkdtjdrh&no=1242&page=12
12,1241,[일반],김ㅈㅅ 도촬,- dc official App,"블핑러버(114.202) 2022.05.13 01:35:42
스크랩 조회 588 추천 2 댓글 0",2,588,2022.05.13 01:35:42,https://gall.dcinside.com/mini/board/view/?id=rhkdtjdrh&no=1241&page=12
12,1240,[일반],잼칠라 ㅎㅈ도촬ㅗㅜㅑ,ㅗㅜㅑ,"잼칠라 사생팬1호(223.38) 2022.05.12 11:59:25
스크랩 조회 360 추천 5 댓글 0",5,360,2022.05.12 11:59:25,https://gall.dcinside.com/mini/board/view/?id=rhkdtjdrh&no=1240&page=12
12,1239,[일반],동강대 동강내기 가능?,ㅋㅋ,"ㅇㅇ(1.225) 2022.05.12 01:49:32
스크랩 조회 198 추천 0 댓글 0",0,198,2022.05.12 01:49:32,https://gall.dcinside.com/mini/board/view/?id=rhkdtjdrh&no=1239&page=12
12,1238,[일반],본인이 6평 때 재수생에 개같이 찢길 현역이면 개추,아 ㅋㅋ,"ㅇㅇ(1.225) 2022.05.12 01:05:52
스크랩 조회 170 추천 5 댓글 0",5,170,2022.05.12 01:05:52,https://gall.dcinside.com/mini/board/view/?id=rhkdtjdrh&no=1238&page=12
12,1237,[일반],졸업함 선배 광성고 논란있었던 선생님 평가,"ㅇㄷㄱ : 사회, 게이 의심됨, 동물도 동성애를 한다는 둥 좆같은 소리 수업시간에 하고 게이 옹호하는 글 수행평가로 써오라하고 반대하는 글 쓰니까 0점 줌

ㄱㅁㄹ: 영어, 페미임, 딱 페미 유행할 때였는데 애들이 페미얘기 꺼내니까 급발진해서 ""그러니까 한남소리 듣지"" 비슷하게 말했음

토익점수 나보다 낮았음","ㅇㅇ(223.38) 2022.05.12 00:52:53
스크랩 조회 1758 추천 19 댓글 3",19,1758,2022.05.12 00:52:53,https://gall.dcinside.com/mini/board/view/?id=rhkdtjdrh&no=1237&page=12
12,1236,[일반],그러지마라 3핟년6반ㅇㅎㅇ,수업시간에 led폰트로 장난치지마라,"ㅇㅇ(211.36) 2022.05.09 15:01:01
스크랩 조회 556 추천 10 댓글 0",10,556,2022.05.09 15:01:01,https://gall.dcinside.com/mini/board/view/?id=rhkdtjdrh&no=1236&page=12
12,1235,[일반],저 3학년에 좋아하는 형 있어요!!,"형 졸업하기 전에 꼭 고백할게용!!
- dc official App","ㅇㅇ(223.62) 2022.05.09 03:40:34
스크랩 조회 676 추천 20 댓글 0",20,676,2022.05.09 03:40:34,https://gall.dcinside.com/mini/board/view/?id=rhkdtjdrh&no=1235&page=12
12,1234,[일반],shangus,노무현,"ㄴㅁㅎ(124.111) 2022.05.08 03:16:20
스크랩 조회 232 추천 4 댓글 0",4,232,2022.05.08 03:16:20,https://gall.dcinside.com/mini/board/view/?id=rhkdtjdrh&no=1234&page=12
12,1233,[일반],개추가 저절로 나오는 짤,.,"ㅇㅇ(59.6) 2022.05.07 18:39:20
스크랩 조회 326 추천 0 댓글 0",0,326,2022.05.07 18:39:20,https://gall.dcinside.com/mini/board/view/?id=rhkdtjdrh&no=1233&page=12
12,1232,[일반],올해 입결 어떨 것 같냐?,애들 국어 수학 하나는 꽤 하던데,"ㅇㅇ(1.225) 2022.05.06 17:21:34
스크랩 조회 517 추천 0 댓글 1",0,517,2022.05.06 17:21:34,https://gall.dcinside.com/mini/board/view/?id=rhkdtjdrh&no=1232&page=12
12,1231,[일반],광성고특:고대 존나 못감,고대 1차 붙은 애들 꽤 있는데 대부분 최저 못맞춰서 연대감,"ㅇㅇ(49.166) 2022.05.04 22:53:05
스크랩 조회 708 추천 1 댓글 3",1,708,2022.05.04 22:53:05,https://gall.dcinside.com/mini/board/view/?id=rhkdtjdrh&no=1231&page=12
12,1229,[일반],3학년 담배 누구냐,"3학년층 엘베쪽 화장실에서 창문쪽 변기에서 담배핀 ㅅㅋ 누구냐ㅋㅋㅋ
폈으면 꽁초는 쳐내려야지 그걸 변기에 둥둥 띄워놓냐
- dc official App","ㅇㅇ(118.221) 2022.05.02 12:09:53
스크랩 조회 524 추천 2 댓글 1",2,524,2022.05.02 12:09:53,https://gall.dcinside.com/mini/board/view/?id=rhkdtjdrh&no=1229&page=12
12,1228,[일반],화작 조졋다,"60점이면 몇등급임.......
- dc official App","ㅇㅇ(223.38) 2022.04.29 09:58:05
스크랩 조회 321 추천 1 댓글 1",1,321,2022.04.29 09:58:05,https://gall.dcinside.com/mini/board/view/?id=rhkdtjdrh&no=1228&page=12
12,1227,[일반],물리 난이도 어땠음?,"우흥
- dc official App","ㅇㅇ(114.202) 2022.04.28 19:09:32
스크랩 조회 187 추천 0 댓글 0",0,187,2022.04.28 19:09:32,https://gall.dcinside.com/mini/board/view/?id=rhkdtjdrh&no=1227&page=12
12,1226,[일반],세계사 어땠음?,난 걍 무난했던 거 같은데,"ㅇㅇ(59.6) 2022.04.28 16:25:48
스크랩 조회 128 추천 0 댓글 0",0,128,2022.04.28 16:25:48,https://gall.dcinside.com/mini/board/view/?id=rhkdtjdrh&no=1226&page=12
12,1225,[일반],미적분 물로켓이였으면 개추 ㅋㅋㅋ,존나 쉽노 ㅋㅋㅋ,"ㅇㅇ(182.225) 2022.04.27 11:41:11
스크랩 조회 457 추천 10 댓글 0",10,457,2022.04.27 11:41:11,https://gall.dcinside.com/mini/board/view/?id=rhkdtjdrh&no=1225&page=12
12,1224,[일반],얘들아 너네 학교 분위기 어떠냐?,"본인 너네 바로 앞 학교 학식이고, 동생이 내년에 진학할 수도 있는데

너네 분위기 어때?

나도 이동네 출신이 아니라 잘 모르거든.","ㅇㅇ(222.112) 2022.04.26 23:01:22
스크랩 조회 755 추천 1 댓글 15",1,755,2022.04.26 23:01:22,https://gall.dcinside.com/mini/board/view/?id=rhkdtjdrh&no=1224&page=12
12,1223,[일반],광성고 2021년 졸업생이다.,학교 생활이나 슨상님 관련해서 궁금한거 있으면 물어봐라. 광성중 광성고 루트 타서 앵간한 사람은 다 알거다. (나이 많은 슨상 한정),"ㅇㅇ(211.36) 2022.04.26 20:33:27
스크랩 조회 673 추천 0 댓글 2",0,673,2022.04.26 20:33:27,https://gall.dcinside.com/mini/board/view/?id=rhkdtjdrh&no=1223&page=12
12,1222,[일반],내일 미적 개쳐망하거나 잘보거나 둘 중 하나일 듯,십탱,"ㅇㅇ(1.225) 2022.04.26 16:40:56
스크랩 조회 144 추천 0 댓글 0",0,144,2022.04.26 16:40:56,https://gall.dcinside.com/mini/board/view/?id=rhkdtjdrh&no=1222&page=12
12,1221,[일반],윤사 난이도 어떤 편이였냐,"ㅇㅇ
- dc official App","ㅇㅇ(183.96) 2022.04.26 16:34:42
스크랩 조회 295 추천 1 댓글 4",1,295,2022.04.26 16:34:42,https://gall.dcinside.com/mini/board/view/?id=rhkdtjdrh&no=1221&page=12
12,1220,[일반],노인증은 뭐다?,ㅋㅋ,"ㅇㅇ(1.225) 2022.04.26 14:57:19
스크랩 조회 129 추천 0 댓글 0",0,129,2022.04.26 14:57:19,https://gall.dcinside.com/mini/board/view/?id=rhkdtjdrh&no=1220&page=12
12,1219,[일반],전교 1등이었는데 뭔소리고 ㅋㅋㅋ,"아아...그저 대단하다!!! ""문""
- dc official App","ㅇㅇ(114.202) 2022.04.26 14:54:07
스크랩 조회 414 추천 0 댓글 0",0,414,2022.04.26 14:54:07,https://gall.dcinside.com/mini/board/view/?id=rhkdtjdrh&no=1219&page=12
12,1218,[일반],밑에 새끼 특: 어줍잖게 미적 기하 선택하고 쳐발림,그저 가형이었으면 ^4등급^이었을 새끼..,"ㅇㅇ(1.225) 2022.04.26 14:53:08
스크랩 조회 190 추천 3 댓글 0",3,190,2022.04.26 14:53:08,https://gall.dcinside.com/mini/board/view/?id=rhkdtjdrh&no=1218&page=12
12,1217,[일반],"확통 ㅋㅋㅋㅋㅋㅋㅋㅋㅋㅋㅋ 그저 ""문""","ㅋㅋㅋㅋㅋㅋㅋㅋㅋㅋㅋㅋㅋㅋㅋㅋㅋㅋㅋㅋㅋㅋㅋㅋㅋㅋㅋㅋㅋㅋㅋㅋㅋㅋㅋㅋㅋㅋㅋㅋㅋㅋㅋㅋㅋㅋㅋㅋㅋㅋㅋㅋ
- dc official App","ㅇㅇ(114.202) 2022.04.26 13:26:42
스크랩 조회 244 추천 0 댓글 0",0,244,2022.04.26 13:26:42,https://gall.dcinside.com/mini/board/view/?id=rhkdtjdrh&no=1217&page=12
12,1215,[일반],시험 전날에,미리 화장실 아무데나 폰 ㅈㄴ 철저하게 숨겨두고 시험때 화장실가서 암기과목 정답 보고 오는 새끼들 한두명은 있지 않을까?,"ㅇㅇ(106.240) 2022.04.26 09:44:31
스크랩 조회 221 추천 0 댓글 2",0,221,2022.04.26 09:44:31,https://gall.dcinside.com/mini/board/view/?id=rhkdtjdrh&no=1215&page=12
12,1213,[일반],확통 ㅈ댄거 같은 고3 광붕이는 개추ㅋㅋ,"느낌만 좋았다 ㅅㅂ
- dc official App","ㅇㅇ(183.96) 2022.04.25 16:10:59
스크랩 조회 194 추천 3 댓글 1",3,194,2022.04.25 16:10:59,https://gall.dcinside.com/mini/board/view/?id=rhkdtjdrh&no=1213&page=12
12,1212,[일반],3학년 영독작 ㅈ된거 같으면 개추ㅋㅋ,일단 나부터 ㅋㅋ,"ㅇㅇ(124.111) 2022.04.24 21:49:55
스크랩 조회 387 추천 6 댓글 2",6,387,2022.04.24 21:49:55,https://gall.dcinside.com/mini/board/view/?id=rhkdtjdrh&no=1212&page=12
13,1211,[일반],여기 입결 어떰 ? 경성이랑 비슷?,ㅇㅇ,"ㅇㅇ(121.162) 2022.04.23 17:49:41
스크랩 조회 320 추천 0 댓글 0",0,320,2022.04.23 17:49:41,https://gall.dcinside.com/mini/board/view/?id=rhkdtjdrh&no=1211&page=13
13,1210,[일반],이새끼 손가락 공익 ㄱㄴ?,병신임,"정점의 아이번(118.221) 2022.04.21 14:46:21
스크랩 조회 589 추천 5 댓글 0",5,589,2022.04.21 14:46:21,https://gall.dcinside.com/mini/board/view/?id=rhkdtjdrh&no=1210&page=13
13,1209,[일반],우리 연재 근황 보고가라....jpg,람보르기니 한대 뽑았다,"ㅇㅇ(39.7) 2022.04.21 12:52:48
스크랩 조회 932 추천 18 댓글 1",18,932,2022.04.21 12:52:48,https://gall.dcinside.com/mini/board/view/?id=rhkdtjdrh&no=1209&page=13
13,1208,[일반],실시간 이새끼 뭐냐?,"자꾸 우리반 와서 애교부린다 ;;

불만있는사람 2학년 찾아와라","ㅇㅇ(39.7) 2022.04.21 12:49:02
스크랩 조회 669 추천 12 댓글 0",12,669,2022.04.21 12:49:02,https://gall.dcinside.com/mini/board/view/?id=rhkdtjdrh&no=1208&page=13
13,1207,[일반],우리 쪼율 보고 가세여~~~!!,기엽져??,"ㅇㅇ(1.232) 2022.04.20 19:32:14
스크랩 조회 217 추천 2 댓글 0",2,217,2022.04.20 19:32:14,https://gall.dcinside.com/mini/board/view/?id=rhkdtjdrh&no=1207&page=13
13,1206,[일반],요새 광갤 살아날 기미가 보인다면 개추 ㅋㅋ,"개추를 벅벅 ㅋㅋㅋㅋㅋㅋㅋㅋㅋㅋㅋㅋㅋㅋㅋㅋㅋㅋㅋㅋㅋㅋㅋㅋㅋㅋㅋㅋㅋㅋㅋㅋㅋㅋㅋㅋㅋㅋㅋㅋㅋㅋㅋㅋㅋㅋㅋㅋㅋㅋㅋㅋㅋㅋㅋㅋㅋㅋㅋㅋㅋ
- dc official App","ㅇㅇ(114.202) 2022.04.20 01:07:30
스크랩 조회 231 추천 2 댓글 0",2,231,2022.04.20 01:07:30,https://gall.dcinside.com/mini/board/view/?id=rhkdtjdrh&no=1206&page=13
13,1204,[일반],내 자짤 어때,,"ㅇㅇ(223.38) 2022.04.19 12:02:58
스크랩 조회 276 추천 0 댓글 0",0,276,2022.04.19 12:02:58,https://gall.dcinside.com/mini/board/view/?id=rhkdtjdrh&no=1204&page=13
13,1202,[일반],숭문칼날부리 아는새끼들만 개추 ㅋㅋ,"최악의 범죄집단이라는데
- dc official App","ㅇㅇ(175.123) 2022.04.19 07:07:35
스크랩 조회 323 추천 3 댓글 0",3,323,2022.04.19 07:07:35,https://gall.dcinside.com/mini/board/view/?id=rhkdtjdrh&no=1202&page=13
13,1201,[일반],블루 아카이브 갤러리에서 왔습니다,- dc official App,"ㅇㅇ(118.235) 2022.04.18 11:49:45
스크랩 조회 239 추천 6 댓글 0",6,239,2022.04.18 11:49:45,https://gall.dcinside.com/mini/board/view/?id=rhkdtjdrh&no=1201&page=13
13,1200,[일반],다시보는 김장준 레전드,아차..,"ㅇㅇ(223.38) 2022.04.18 11:36:53
스크랩 조회 826 추천 17 댓글 1",17,826,2022.04.18 11:36:53,https://gall.dcinside.com/mini/board/view/?id=rhkdtjdrh&no=1200&page=13
13,1199,[일반],내년 운명이 지잡or재수 인 고3광붕이들은 개추ㅋㅋ,- dc official App,"ㅇㅇ(183.96) 2022.04.16 23:18:06
스크랩 조회 467 추천 12 댓글 3",12,467,2022.04.16 23:18:06,https://gall.dcinside.com/mini/board/view/?id=rhkdtjdrh&no=1199&page=13
13,1198,[일반],본인이 3학년 소수정예 천룡단이면 개추 ㅋㅋ,살려줘......,"ㅇㅇ(59.6) 2022.04.16 22:47:02
스크랩 조회 249 추천 4 댓글 0",4,249,2022.04.16 22:47:02,https://gall.dcinside.com/mini/board/view/?id=rhkdtjdrh&no=1198&page=13
13,1197,[일반],광갤 문 닫자,"광성의 수치다.
- dc official App","ㅇㅇ(183.96) 2022.04.16 22:45:40
스크랩 조회 176 추천 1 댓글 0",1,176,2022.04.16 22:45:40,https://gall.dcinside.com/mini/board/view/?id=rhkdtjdrh&no=1197&page=13
13,1195,[일반],서울여고 1학년인데 이연재?오빠 진짜 멋있어요! ㅋㅋ,,"ㅇㅇ(223.38) 2022.04.15 13:39:48
스크랩 조회 738 추천 2 댓글 1",2,738,2022.04.15 13:39:48,https://gall.dcinside.com/mini/board/view/?id=rhkdtjdrh&no=1195&page=13
13,1194,[일반],광붕이 얼굴 핑까좀,면도하라고하면 고소함,"ㅇㅇ(39.7) 2022.04.15 12:17:09
스크랩 조회 927 추천 15 댓글 3",15,927,2022.04.15 12:17:09,https://gall.dcinside.com/mini/board/view/?id=rhkdtjdrh&no=1194&page=13
13,1193,[일반],교복위에 옷입지말라는건 어떤 앰뒤년 생각이냐,꼽 존나주네 미친련이,"ㅇㅇ(223.38) 2022.04.13 19:38:00
스크랩 조회 414 추천 4 댓글 1",4,414,2022.04.13 19:38:00,https://gall.dcinside.com/mini/board/view/?id=rhkdtjdrh&no=1193&page=13
13,1192,[일반],4모<< 개꼴받으면 개추,ㅅㅂ,"ㅇㅇ(1.225) 2022.04.11 20:11:51
스크랩 조회 202 추천 0 댓글 0",0,202,2022.04.11 20:11:51,https://gall.dcinside.com/mini/board/view/?id=rhkdtjdrh&no=1192&page=13
13,1191,[일반],오늘 2학년 밥먹을때 개지랄하던 꼰대 누구냐,씨~발년 존나 소리질러대서 밥맛 다떨어짐,"ㅇㅇ(223.38) 2022.04.11 12:11:30
스크랩 조회 421 추천 7 댓글 0",7,421,2022.04.11 12:11:30,https://gall.dcinside.com/mini/board/view/?id=rhkdtjdrh&no=1191&page=13
13,1190,[일반],우리도 급식실 앞에 대자보 붙여나볼까?,옆집 경성은 개난리났더만,"ㅇㅇ(182.225) 2022.04.09 18:38:48
스크랩 조회 392 추천 3 댓글 3",3,392,2022.04.09 18:38:48,https://gall.dcinside.com/mini/board/view/?id=rhkdtjdrh&no=1190&page=13
13,1189,[일반],3학년 영독작 시험범위 애미 뒤진 거 같으면 개추 ㅋㅋ,진짜 영어회화에서 영독작으로 바꾼게 내 인생 최대 실수다 ㅅㅂ,"ㅇㅇ(59.6) 2022.04.08 20:37:52
스크랩 조회 679 추천 18 댓글 1",18,679,2022.04.08 20:37:52,https://gall.dcinside.com/mini/board/view/?id=rhkdtjdrh&no=1189&page=13
13,1188,[일반],전천룡,전천룡,"ㅇㅇ(223.38) 2022.04.08 15:24:28
스크랩 조회 763 추천 17 댓글 0",17,763,2022.04.08 15:24:28,https://gall.dcinside.com/mini/board/view/?id=rhkdtjdrh&no=1188&page=13
13,1187,[일반],우리는 왜 야자를 못하노?,끽해야 1시간 남아 공부할 수 있는 게 다네,"ㅇㅇ(1.225) 2022.04.07 20:58:52
스크랩 조회 393 추천 2 댓글 2",2,393,2022.04.07 20:58:52,https://gall.dcinside.com/mini/board/view/?id=rhkdtjdrh&no=1187&page=13
13,1186,[일반],님들 ㅎㅎ 오랜만,방가방가,"ㅇㅇ(1.232) 2022.04.07 18:29:44
스크랩 조회 267 추천 1 댓글 1",1,267,2022.04.07 18:29:44,https://gall.dcinside.com/mini/board/view/?id=rhkdtjdrh&no=1186&page=13
13,1185,[일반],환일 급식vs 광성 급식 비교,"환일 평균 식단이다
매우 다채롭고 푸짐하단 걸 알 수 있다










그에 비해 광성은 어떤지 보자...













놀랍게도 실제로 나온 것들..
절대 몇 입 쳐먹은 게 아니다




아 그저....





대단하다!","ㅇㅇ(223.38) 2022.04.06 14:04:19
스크랩 조회 1363 추천 22 댓글 10",22,1363,2022.04.06 14:04:19,https://gall.dcinside.com/mini/board/view/?id=rhkdtjdrh&no=1185&page=13
13,1184,[정❗️보],올해 졸업생인데,"어제 학교 들렸는데 학교에 뭔일 났냐? 1,2학년은 부장쌤들이랑 ㅇㅇㅅ쌤 빼곤 전부 처음보는 분들이고, 3학년도 ㄱㄱㅌ,ㄱㅅㅂ,ㄱㄹㅎ,ㅅㅂㅎ,ㅅㅇㅈ쌤 빼고는 다 새로오신 분들 이던데 2달동안 학교가 싹 바뀌였네","ㅇㅇ(211.36) 2022.04.05 22:05:36
스크랩 조회 823 추천 0 댓글 1",0,823,2022.04.05 22:05:36,https://gall.dcinside.com/mini/board/view/?id=rhkdtjdrh&no=1184&page=13
13,1183,[일반],솔직히 이건 너무 심한것 같다,적당히 좀 하자,"ㅇㅇ(39.7) 2022.04.05 12:05:30
스크랩 조회 1029 추천 26 댓글 4",26,1029,2022.04.05 12:05:30,https://gall.dcinside.com/mini/board/view/?id=rhkdtjdrh&no=1183&page=13
13,1182,[일반],물2 선택자들 들어와바,"몇 명이나 있나 궁금하네 댓글 ㄱㄱㄱ
- dc official App","ㅇㅇ(114.202) 2022.04.04 18:05:10
스크랩 조회 200 추천 0 댓글 0",0,200,2022.04.04 18:05:10,https://gall.dcinside.com/mini/board/view/?id=rhkdtjdrh&no=1182&page=13
13,1181,[일반],심화반 노잼이농 ㅋㅋ,킼킼,"ㅇㅇ(223.38) 2022.04.04 16:30:27
스크랩 조회 259 추천 0 댓글 1",0,259,2022.04.04 16:30:27,https://gall.dcinside.com/mini/board/view/?id=rhkdtjdrh&no=1181&page=13
13,1180,[일반],와이파이 뚫는법좀 허니콤보 드림,ㅇ,"ㅇㅇ(175.223) 2022.03.31 11:01:02
스크랩 조회 490 추천 0 댓글 2",0,490,2022.03.31 11:01:02,https://gall.dcinside.com/mini/board/view/?id=rhkdtjdrh&no=1180&page=13
13,1179,[일반],공부좀 할껄,"본인이 내신 ㅈ박은 고3이면 개추 ㅋㅋㅋㅋㅋㅋㅠㅠㅠㅠㅠ
- dc official App","ㅇㅇ(223.38) 2022.03.31 00:38:58
스크랩 조회 368 추천 5 댓글 1",5,368,2022.03.31 00:38:58,https://gall.dcinside.com/mini/board/view/?id=rhkdtjdrh&no=1179&page=13
13,1178,[일반],실시간 이새끼 뭐냐?,"ㅈㄴ부러우면 개추 ㅋㅋ
- dc official App","ㅇㅇ(223.62) 2022.03.29 20:29:09
스크랩 조회 859 추천 13 댓글 0",13,859,2022.03.29 20:29:09,https://gall.dcinside.com/mini/board/view/?id=rhkdtjdrh&no=1178&page=13
13,1177,[일반],1.232 << 이새끼 정체 알아냈다,2학년 5반 애임,"ㅇㅇ(223.38) 2022.03.29 13:42:35
스크랩 조회 368 추천 0 댓글 0",0,368,2022.03.29 13:42:35,https://gall.dcinside.com/mini/board/view/?id=rhkdtjdrh&no=1177&page=13
13,1175,[일반],반갑습니다,"최고의 물리 만점 전략가 배기범입니다.
- dc official App","ㅇㅇ(114.202) 2022.03.27 01:23:58
스크랩 조회 183 추천 2 댓글 0",2,183,2022.03.27 01:23:58,https://gall.dcinside.com/mini/board/view/?id=rhkdtjdrh&no=1175&page=13
13,1174,[일반],광성 내신 5.2 vs 환일 내신 5.2,누가 더 꼴통이냐,"ㅇㅇ(222.114) 2022.03.26 15:55:06
스크랩 조회 547 추천 3 댓글 1",3,547,2022.03.26 15:55:06,https://gall.dcinside.com/mini/board/view/?id=rhkdtjdrh&no=1174&page=13
13,1173,[일반],장준아 씨발 수업시간에 그만 자라고,ㅇ,"ㅇㅇ(223.38) 2022.03.23 14:35:58
스크랩 조회 380 추천 6 댓글 0",6,380,2022.03.23 14:35:58,https://gall.dcinside.com/mini/board/view/?id=rhkdtjdrh&no=1173&page=13
13,1172,[일반],지금부터 광갤은 한성고 2학년 5반 8번 김유슨이 점령한다.,"칼맞기 싫으면 알아서 기어다니도록.
- dc official App","unnamed0128 2022.03.23 12:32:24
스크랩 조회 804 추천 27 댓글 4",27,804,2022.03.23 12:32:24,https://gall.dcinside.com/mini/board/view/?id=rhkdtjdrh&no=1172&page=13
13,1171,[일반],급식 늘 맛있다 억까하지마라.,,"ㅇㅇ(1.232) 2022.03.23 00:35:38
스크랩 조회 396 추천 2 댓글 3",2,396,2022.03.23 00:35:38,https://gall.dcinside.com/mini/board/view/?id=rhkdtjdrh&no=1171&page=13
13,1170,[일반],오늘 급식 개 ㅈ같았으면 개추 ㅋㅋㅋ,- dc official App,"ㅇㅇ(223.62) 2022.03.22 19:03:47
스크랩 조회 304 추천 8 댓글 1",8,304,2022.03.22 19:03:47,https://gall.dcinside.com/mini/board/view/?id=rhkdtjdrh&no=1170&page=13
13,1169,[일반],도근도근,ㅋㅋ,"ㅇㅇ(223.38) 2022.03.21 12:30:45
스크랩 조회 438 추천 8 댓글 1",8,438,2022.03.21 12:30:45,https://gall.dcinside.com/mini/board/view/?id=rhkdtjdrh&no=1169&page=13
13,1168,[일반],오랜만이야 ㅋㅋ,반가워,"ㅇㅇ(1.232) 2022.03.19 13:10:17
스크랩 조회 234 추천 1 댓글 0",1,234,2022.03.19 13:10:17,https://gall.dcinside.com/mini/board/view/?id=rhkdtjdrh&no=1168&page=13
13,1166,[일반],장준게이야 니 뒷자린데 머리 좆간지난다,반했음,"ㅇㅇ(223.38) 2022.03.18 09:58:18
스크랩 조회 394 추천 3 댓글 0",3,394,2022.03.18 09:58:18,https://gall.dcinside.com/mini/board/view/?id=rhkdtjdrh&no=1166&page=13
13,1163,[일반],나 1학년인데 ㅋㅋ,"내일 3학년 아쎄이들 기강 잡으러간다 각오하고있어라

고3이라고 안봐준다 ㅋㅋ
- dc official App","ㅇㅇ(211.246) 2022.03.17 23:17:52
스크랩 조회 453 추천 7 댓글 2",7,453,2022.03.17 23:17:52,https://gall.dcinside.com/mini/board/view/?id=rhkdtjdrh&no=1163&page=13
13,1162,[일반],진짜 광갤 개망했네,"너무 슬프다
- dc official App","ㅇㅇ(1.225) 2022.03.16 18:49:28
스크랩 조회 541 추천 5 댓글 4",5,541,2022.03.16 18:49:28,https://gall.dcinside.com/mini/board/view/?id=rhkdtjdrh&no=1162&page=13
13,1161,[일반],님들은 좋아하는 아이돌없음?,츠키 << 이분은 어떰..,"ㅇㅇ(118.33) 2022.03.08 21:10:11
스크랩 조회 319 추천 5 댓글 1",5,319,2022.03.08 21:10:11,https://gall.dcinside.com/mini/board/view/?id=rhkdtjdrh&no=1161&page=13
13,1160,[일반],ㄱㅎㅅ쌤인 줄 알고 물2한 흑우들 손 ㅋㅋ,"일단 나부터 ㅋㅋㅋㅋㅋ



ㅅㅂ...","ㅇㅇ(223.38) 2022.03.08 12:02:03
스크랩 조회 622 추천 4 댓글 2",4,622,2022.03.08 12:02:03,https://gall.dcinside.com/mini/board/view/?id=rhkdtjdrh&no=1160&page=13
13,1159,[일반],생윤쌤,"생윤쌤 좋으심?
- dc official App","ㅇㅇ(182.211) 2022.03.07 18:04:45
스크랩 조회 529 추천 1 댓글 5",1,529,2022.03.07 18:04:45,https://gall.dcinside.com/mini/board/view/?id=rhkdtjdrh&no=1159&page=13
13,1158,[일반],오늘 ㅇㄷㄱ쌤 개웃겼으면 개추 ㅋㅋ,비꼬는게 아니라 이렇게 개꿀잼이었을 줄은 몰랐음 ㅋㅋㅋ,"ㅇㅇ(211.36) 2022.03.07 16:15:00
스크랩 조회 905 추천 11 댓글 4",11,905,2022.03.07 16:15:00,https://gall.dcinside.com/mini/board/view/?id=rhkdtjdrh&no=1158&page=13
13,1157,[일반],와이파이 비번 아는 게이 없노?,바꼇농..,"ㅇㅇ(211.246) 2022.03.07 14:47:20
스크랩 조회 424 추천 1 댓글 2",1,424,2022.03.07 14:47:20,https://gall.dcinside.com/mini/board/view/?id=rhkdtjdrh&no=1157&page=13
13,1156,[일반],얘들아,대통령은 재명이형님이 되어야한다 알겠지 쉬발 윤무당은 아니다,"ㅇㅇ(222.110) 2022.03.05 14:13:26
스크랩 조회 402 추천 7 댓글 5",7,402,2022.03.05 14:13:26,https://gall.dcinside.com/mini/board/view/?id=rhkdtjdrh&no=1156&page=13
13,1155,[일반],님덜 저 배아픔,어캄?,"ㅇㅇㅇ(1.232) 2022.03.04 16:42:57
스크랩 조회 278 추천 0 댓글 1",0,278,2022.03.04 16:42:57,https://gall.dcinside.com/mini/board/view/?id=rhkdtjdrh&no=1155&page=13
14,1154,[일반],새학기 광붕이,"담임 어떻게들 괜찮노?
- dc official App","ㅇㅇ(39.7) 2022.03.02 08:18:34
스크랩 조회 202 추천 0 댓글 0",0,202,2022.03.02 08:18:34,https://gall.dcinside.com/mini/board/view/?id=rhkdtjdrh&no=1154&page=14
14,1153,[일반],새벽인데 잠이 안와서 올해 소망적고 간다,"3월 9일 윤석열 당선

3월 모고 평균 1.x대 찍기


마기꾼 ㅈ같으니까 마스크 벗기!


수능  올 1등급!







- dc official App","ㅇㅇ(223.38) 2022.03.02 01:45:17
스크랩 조회 484 추천 16 댓글 0",16,484,2022.03.02 01:45:17,https://gall.dcinside.com/mini/board/view/?id=rhkdtjdrh&no=1153&page=14
14,1152,[일반],광성고 동문 김정주 넥슨 창업자 별세,이왜진,"ㅇㅇ(182.225) 2022.03.01 22:20:59
스크랩 조회 296 추천 4 댓글 0",4,296,2022.03.01 22:20:59,https://gall.dcinside.com/mini/board/view/?id=rhkdtjdrh&no=1152&page=14
14,1151,[일반],내일모레 입학하는 광붕이면 개추 ㅋㅋ,"일단 나부터
- 디씨 오피셜 앱","ㅇㅇ(58.228) 2022.02.28 22:39:29
스크랩 조회 236 추천 0 댓글 2",0,236,2022.02.28 22:39:29,https://gall.dcinside.com/mini/board/view/?id=rhkdtjdrh&no=1151&page=14
14,1150,[일반],야 1.232 너 누구냐,짭퉁 ㄲㅈ라,"ㅇㅇ(1.232) 2022.02.28 16:45:14
스크랩 조회 284 추천 1 댓글 0",1,284,2022.02.28 16:45:14,https://gall.dcinside.com/mini/board/view/?id=rhkdtjdrh&no=1150&page=14
14,1149,[일반],본인 첫 투표 2번 찍기로 했다,"노짱으로 간다
- dc official App","ㅇㅇ(1.232) 2022.02.28 13:28:17
스크랩 조회 225 추천 9 댓글 0",9,225,2022.02.28 13:28:17,https://gall.dcinside.com/mini/board/view/?id=rhkdtjdrh&no=1149&page=14
14,1148,[일반],시발....반갑다,"개학 2일 남았노 게이들아 ㅋㅋㅋ
- dc official App","ㅇㅇ(118.33) 2022.02.27 18:32:46
스크랩 조회 154 추천 0 댓글 0",0,154,2022.02.27 18:32:46,https://gall.dcinside.com/mini/board/view/?id=rhkdtjdrh&no=1148&page=14
14,1146,[일반],광붕이 오늘 홍대에서 윤석열 봤다 ㅁㅌㅊ?,"ㅌ딱들 개많누
- dc official App","미래대통령(175.215) 2022.02.26 19:47:36
스크랩 조회 744 추천 15 댓글 3",15,744,2022.02.26 19:47:36,https://gall.dcinside.com/mini/board/view/?id=rhkdtjdrh&no=1146&page=14
14,1145,[일반],예아,예아,"ㅈㅈ(185.160) 2022.02.26 16:00:54
스크랩 조회 116 추천 0 댓글 0",0,116,2022.02.26 16:00:54,https://gall.dcinside.com/mini/board/view/?id=rhkdtjdrh&no=1145&page=14
14,1142,[일반],광갤 망한이유 analyze...,"1.참식이 드럼통


2. 1.232
3.이재명 지지율 하락
- dc official App","ㅇㅇ(223.38) 2022.02.24 03:47:47
스크랩 조회 611 추천 14 댓글 0",14,611,2022.02.24 03:47:47,https://gall.dcinside.com/mini/board/view/?id=rhkdtjdrh&no=1142&page=14
14,1141,[일반],요즘 광갤 수준 왜 이럼?,"디시 접은지 좀 오래돼서 간만에 생각나서 들어왓는데
이상한 근첩짤이랑 아이돌짤만 가득하네 ;;
- dc official App","ㅇㅇ(114.202) 2022.02.23 23:51:02
스크랩 조회 226 추천 3 댓글 1",3,226,2022.02.23 23:51:02,https://gall.dcinside.com/mini/board/view/?id=rhkdtjdrh&no=1141&page=14
14,1139,[일반],광갤=ㄹㄹ웹,"아이돌사진은 비추폭탄, 
but  씹덕짤 문재명 사진은 개추폭탄


- dc official App","ㅇㅇ(223.38) 2022.02.19 20:58:46
스크랩 조회 197 추천 4 댓글 0",4,197,2022.02.19 20:58:46,https://gall.dcinside.com/mini/board/view/?id=rhkdtjdrh&no=1139&page=14
14,1137,[일반],광갤도 망했는데 걍 비공개 짤 달린다,- dc official App,"ㅇㅇ(175.215) 2022.02.17 22:22:24
스크랩 조회 323 추천 5 댓글 0",5,323,2022.02.17 22:22:24,https://gall.dcinside.com/mini/board/view/?id=rhkdtjdrh&no=1137&page=14
14,1136,[일반],두근두근 고등학교 생활 시작-!!,- dc official App,"ㅇㅇ(58.228) 2022.02.15 20:18:10
스크랩 조회 360 추천 0 댓글 1",0,360,2022.02.15 20:18:10,https://gall.dcinside.com/mini/board/view/?id=rhkdtjdrh&no=1136&page=14
14,1134,[일반],3학년 담임 정보,"아는 사람 없냐;;; ㄱㄱㅌ랑 ㅈㅇㅎ만 피하면 될거같긴한데...누가 몇반인지 정보 좀ㅋㅋ
- dc official App","ㅇㅇ(110.12) 2022.02.14 06:51:01
스크랩 조회 793 추천 1 댓글 3",1,793,2022.02.14 06:51:01,https://gall.dcinside.com/mini/board/view/?id=rhkdtjdrh&no=1134&page=14
14,1133,[일반],갤 관리좀 해줘라 파딱 주딱아,아이돌 쳐빠는 개병신새끼 좀 쳐내고,"ㅇㅇ(1.225) 2022.02.13 19:02:42
스크랩 조회 157 추천 3 댓글 0",3,157,2022.02.13 19:02:42,https://gall.dcinside.com/mini/board/view/?id=rhkdtjdrh&no=1133&page=14
14,1132,[일반],오랜만이다,"나도 졸업해서 들어와봄
- dc official App","이진수 2022.02.12 22:32:44
스크랩 조회 305 추천 3 댓글 4",3,305,2022.02.12 22:32:44,https://gall.dcinside.com/mini/board/view/?id=rhkdtjdrh&no=1132&page=14
14,1131,[일반],광갤개망했네,"올해 졸업해서 오랜만에 들어왔는데
개씹창났노,,","ㅇㅇ(223.38) 2022.02.12 21:47:13
스크랩 조회 142 추천 1 댓글 0",1,142,2022.02.12 21:47:13,https://gall.dcinside.com/mini/board/view/?id=rhkdtjdrh&no=1131&page=14
14,1128,[일반],진지하게 내 여자친구 어떰..?,ㅅㅌㅊ?,"ㅇㅇ(223.38) 2022.02.09 22:11:18
스크랩 조회 512 추천 2 댓글 1",2,512,2022.02.09 22:11:18,https://gall.dcinside.com/mini/board/view/?id=rhkdtjdrh&no=1128&page=14
14,1127,[일반],몇년전 졸업생이 써보는 선생 평가,"혹시나 울학교 갤러리 있나 검색해봤는데 진짜 있네.

갤 쭉 보다가 너네가 선생들 평가한게 재밌어서 나도 함 써봄.

몇년전 졸업이라 기억이 잘 날려나 모르겠다.


[수학]

박용수 - 키작고 통통한 중년의 남자 교사. 이 쌤은 학생 편애가 진짜 아예 없었서 좋았음.

동아리 선배들 말로는 대학 진학에 관련해선 광성 제일의 베테랑이라 카더라. 그래서 윗 학년들한테 인기가 많았음.

선배들 말로는 고3 담임은 꼭 이 선생님이 되야한다더라. 그래서 고3때 담임됐음 했는데 안 돼서 아쉬웠음. 근데 정작 수업 관련해선 불호가 많았다. 목소리랑 말투가 너무 나긋나긋하고 지루해서. 진짜 전형적인 충청도 남자 보는거 같았음.




장정렬 - 홍대 수학교육과 출신 키큰 30대 남자 수학쌤. 농구부 애들이 엄청 좋아함. 딱히 애들사이에서 불호는 없었음. 수업도 무난무난.

광성 교사 중에서 딱히 모난 것 없이 가장 무난하고 평범한? 쌤이었음. 15년도에 우리학교 옴. 수업 시간마다 두명씩? 칠판 앞으로 불러서 학생들보고 문제 풀게 했는데 이거 빼고 다 좋았음.




정현광 - 키큰 30대 남자 수학쌤. 이 쌤 수업은 아쉽게 못들어봄. 기숙사 애들이 꽤 좋아했는데 첫 인상만 좀 그렇지 이 쌤도 평판은 대체로 호였음.




형연숙 - 50대? 여자 수학쌤. 좋았음. 나이 많은 쌤 치곤 수업도 잘하시고 애들하고 소통도 잘하셨음.
성격도 좋으시고 영어 이경은 쌤, 일본어 여영순 쌤 처럼 엄청 인자하셨던 분.

다만 생기부는 엄청 안써주심. 이 쌤은 애들 엄청 이뻐하셨는데 유독 좆같이 구는 몇몇 때문에 고생 좀 하셨음.




김인숙 - 30대 여자 수학교사. 이쌤도 장정렬쌤처럼 15년도에 울 학교옴. 내 기억엔 우리학년 가르치셨던적 없던것 같은데도 불구하고 우리 학년에서 인기가 엄청 많았음.

외모도 엄청 이쁘신데 성격까지 천사마냥 좋으시다고 이 쌤 동아리 하던 애들로부터 소문이 쫙 났었거든. 교사들 중에서 학생들 인사 제일 잘받아 주셨던 기억이 남.



ㅇㅇㅈ - 50대 남자 수학교사. 고1때 이 쌤 때문에 충격받아서 숭문고로 전학간 학생이 있었다. 수업 끝날때마다 학생상담 명분으로 학생 한명한명씩 불러서 이상한 상담하고, 학생 가족사랑 연락처 물어보고 기독교 전도하던 것도 진짜 너무 싫었다.

그리고 수업시간 마다 이상한 개드립 치는거 듣느라 정말 힘들었던 기억이 남. '눈 없는 사슴' 이라고 아냐? 씨발 이 사람이 친 드립 제발 좀 잊고 싶은데, 잊을만하면 자꾸 꿈에서 나온다.


[국어]


기재춘 - 연세 꽤 있으시고 키작고 다리 절뚝거리던 교사. 수업 개꿀잼. 자던 놈들도 이 쌤 수업땐 전부 일어남. 학생들이 엄청 좋아함.

학생들하고 소통을 엄청 잘하심. 첫인상은 무슨 젊은 시절 폭력조직에 몸 담았을것 같은 인상인데, 완전 허당에 정말 사람 좋은 분이셨다. 이 선생님은 나이 많은 쌤치고 학생편애도 아예 없었음


ㅅㄱㅎ - 40대 남자 국어교사. 좀 괴짜였음. 다른 학교 간건지 교사 관둔건지는 모르겠다. 입담은 정말 좋아서 수업 정말 재밌었는데. 생기부 진짜 안써주기로 유명해서 상위권 애들이 좀 싫어했던 기억이 남.

정말 특이했던게 국교과 출신인데 교사 되기 전에 사기업에서 컴퓨터 보안관련? 일했다고 했음. 수업시간에 회사다닐적 썰 푸는거 정말 재밌었음. 생기부는 안써줘도 학생들한테 먹을거는 은근 잘 사주셨던 쌤. 헬로키티 좋아하던 중년 남자라 참 특이하다 싶었다.



[영어]


방세기 - 나이 많은 남자 영어교사. 얼굴 액면가로는 70대라고 해도 믿을정도. 나이 많은 쌤들 중에선 그래도 수업은 열심히 하시려던 편.

근데 그거랑 별개로 수업 하나 진행하는것도 체력적으로 너무 벅차보여서 애들이 안쓰러워 했다. 항상 에너지가 넘치다 못해 폭발하던 동년배 과학교사 장광화랑 너무 비교됐음. 이 둘 보면서 나도 관리 열심히 해야겠단 생각 들었다. 사람은 되게 괜찮았는데 딱히 좋은 기억은 없음.



문아름 - 서울대 영교과 출신 젊은 여자 영어교사. 광성고 통틀어서 학생들한테 가장 인기 많았던 영어 쌤이셨다. (굳이 여기에 선생들 이름을 다 쓰진 않았지만, 울 학교는 영어, 수학 교사들이 타과목 대비해서 좀 ㅈ같은 편이었음)

이 선생님은 아예 불호 자체가 없었음. 모든 과목 통틀어서도 순위권에는 들어갈듯? 성격도 엄청 좋으셨다.
이 쌤이 담임이었던 반 학생들은 유독 추억 쌓은게 많았다. 쌤이 이런 쪽으로 되게 노력 하셨거든. 그래서 다른 반 애들이 정말 부러워했다.

이 쌤 수업시간에 딴짓하거나 잠자는 학생 찾아보기도 힘들었고 수업도 정말 잘하셨음. 졸업생들 사이에서도 여전히 가장 많이 언급될만큼 애들이 진짜 좋아했는데, 슬프게도 다른학교 가셨다더라. 학생들을 정말 사랑하시던게 느껴졌던 쌤이었는데 떠나셔서 아쉬움.




ㅅㅈㅎ - 30대 여자 영어교사. 얘는 성격때문에 너무 싫었음. 맨날 연대책임으로 혼내고, 학생들한테 지 스트레스 푸는거처럼 느껴졌음.

1년동안 쟤의 감정 쓰레기통이 된 기분이었다. 학생하고 소통을 못함. 수업도 개못함. 젊은쌤 수업인데도 듣는 학생들이 없었고 거의 다 엎드려 잤다.

애들 앞에서 다른반 학생 뒷담하는것도 진짜 듣기 싫었다. 얘는 학생들한테 애정도 아예 없는것 같았고, 뭔가 '선생'이나 '어른'이라는 느낌이 전혀 안들었다. 뭔가 일반적인 감성의 사람이 아님. 타인에게 공감 못하고 자기 주장만 내세우는 유형. 사람 자체가 그냥 애 같았다.




김미래 - 20대? 여자 영어교사. 수업을 들은건 아닌데 3년 내내 수업 땜빵으로 항상 이 쌤이 들어와서 기억에 남음.

영어쌤인데 애들이 영어 모고나 수능 기출가지고 질문해도 항상 ""얘들아 미안한데 나도 어려워서 못풀것 같아 ㅠㅠ"" 이러면서 돌려보냄.

영어교사인데도 불구하고 항상 진로교사로 분류되어 있어서 애들이 신기하게 생각했음. 사람은 되게 좋아보였음.



이경은 - 50대 여자 영어교사. 항상 유인물로 수업하시던 쌤. 그 유인물 양이 너무 많아 학생들이 버거워했던 기억이 있다. 그런데 그 유인물 정리한 걸 수행평가 점수로 반영까지 해서 진짜 너무 힘들었음.

매 수업시간마다 교과서 앞에 도장을 찍어주셨고 도장을 전부 받은 학생들한텐 선물을 주신다 했는데, 기억에 정작 그 선물을 받은 학생은 없었던 것 같다.

이 쌤은 목소리가 너무너무 좋기도 하고 무엇보다 굉장히 인자하셔서 이 쌤 좋아하던 학생들 좀 많았음. 항상 학생들을 엄마 마냥 다정하게 대해주시던 쌤. 나도 이 쌤 정말 좋았음.



[미술]

탁신문 - 경기대 미대 학사, 석사 출신 50대 남자 교사. 성격이 호감형. 나이는 많지만 그 누구보다도 젊으셨던 분. 이 선생님 수업시간도 참 즐거웠다. 애들이 맨날 신문탁 쌤 신문탁 쌤 그랬음. 소통능력도 정말 좋으시고, 무엇보다 학생들한테 많은 추억을 만들어 주셨던 참 선생님


[역사]

ㅂㅅㅇ - 서울대 역교과 출신 50~60대 남자 교사. 축 처진 눈이 기억에 남는다. 수업은 진짜 엄청 못해도 성격은 괜찮았음. 근데 이 쌤도 담임 맡은반 애들이 좀 싫어함. 여기에 적기 힘든 썰이라 굳이 적진 않겠음.



??? - 미안 이름이 전혀 기억 안 나. 이화여대 역사교육과? 사학과? 출신 20대 여교사. 광성고 제일가는 진짜 참선생님이셨는데 다른 학교 감.

외모도 진짜 엄청 이쁘신데 성격도 정말 좋아서 애들이 엄청 좋아함. 학생들과의 소통능력도 좋았음. 거기에 울 학교 교사 중 얼마 안되는 수업을 굉장히 잘하시던 선생님이셨다.

자기반 아닌 학생들도 개별적으로도 엄청 신경 써주심. 왜 하필 이 선생님 성함이 기억 안나는건지 모르겠다.




[사탐]

남윤목 - 30대 후반? 윤리교사. 성격이 정말 호감형. 소통능력 좋으심. 국어 ㅅㄱㅎ 쌤과는 좀 다른 의미의 괴짜였다.

핸드폰 알람이 코끼리 울음소리야. 헤어스타일도 되게 특이한데 은근 잘 어울림. 이 쌤도 영어 이경은 쌤처럼 수업 과제가 좀 빡세서 애들이 엄청 힘들어했다. 그래도 애들이 이 쌤 엄청 좋아했음.

수업중에 틈틈이 보여주셨던 영상도 되게 재밌었던 기억이 남. 광성 쌤 중에서 가장 재밌으셨던 쌤 중 한분. 영어 ㄱㅎㅇ쌤이랑 몰래 연애 하다가 결혼하셔서 졸업생들 엄청 충격받음.



류범렬 - 나이 많은 지리 교사. 느긋느긋한 목소리와 말투인데 진짜 인간 수면제였다. 이 사람도 충청도 출신인가? 행동도 엄청 느긋느긋함. 눈만 마주쳐도 잠이 쏟아짐. 근데 이 쌤은 학생들한테 화내는거 학교 다니면서 한번도 못봄. 성격 되게 유하고 좋으셨음.


이도근 - 40대? 남자 경제교사. 이 선생은 애들 사이에서 호불호 엄청 갈렸다.

늙다리 한가득이던 광성 선생 중에서는 학생들을 엄청 신경써주는 편에 속하는 교사라 좋아하는 애들도 있었고, 나이가 어느정도 있는 편인데도 불구하고 마인드가 젊고 유머감각이 있어서 좋아하는 애들도 있었음.

근데 학생을 편애하는게 너무 지나치고, 그 중에서도 유독 기숙사 애들만 대놓고 편애하는게 엄청 심해서 싫어하는 학생이 훨씬 더 많긴 했음.

이 사람은 어투나 표현법이 좆같아서 그렇지 적응하면 앵간 괜찮았음. 적어도 나 학교다닐적 도근이는 누구처럼 애들을 지 스트레스를 풀기 위한 대상으로 보진 않았음. 혼낼 사람만 혼냈고 잘못한거 지적하는 선에서만 끝냈지.



[과탐]

장광화 - 연세대 출신 50대? 60대? 키 겁나 작고 잘생긴 남자 과학교사. 좀 앵그리버드 닮음. 과목이 화학이었나? 기억이 가물가물하다.

이 사람은 진짜 에너지가 장난 아니었다. 이렇게 기 쎈 남자 처음봄. 혈기왕성한 10대 남학생들 조차 이 사람 앞에선 기빨림. 에너지가 넘치다 못해 폭발하던 사람이었다.

수업은 겁나 열심히 하시는데 정작 학생들이 듣다가 전부 지쳐버렸다. 이 쌤은 애들 먹을건 잘 사주시는데 생기부는 안 써주셨던 기억이 남(그래도 나이 많은 교사들 중에선 제일 잘써줌). 정말 성격 좋으셨고, 항상 학생들 생각 하신다는 게 느껴져서 애들이 꽤 좋아했음.



이승재 - 우리땐 이승재가 두명 있었다. 동명이인인데 둘다 과목이 과학임. 두 사람 다 학생들이 좋아하진 않았음.

둘 중 한명은 외모가 좀 잘생겼는데 학생과 소통을 못함. 우리땐 애들끼리 큰승재 작은승재 이렇게 불렀는데 너무 오래전이라 어떤 승재가 어떤 과목을 가르쳤는지 기억이 안난다.



[기타]


여영순 - 4~50대 일본어 교사. 마치 엄마 마냥 학생들을 대하여 주셨던분. 학생들이 이 쌤 엄청 좋아했음. 학생들이랑 소통 정말 잘하셨고, 이 쌤은 교사이기 이전에 그냥 사람 자체로 정말 좋았음. 영어 이경은 쌤 일본어 버전 보는 느낌.



ㅇㅌㄱ - 50대 남자 진로교사. 별로 좋은 기억은 없다. 이 사람 원래 교과목이 뭐였는지 제일 궁금함. 솔까 광성 교사들 중에서 가장 편하게 일하는거 같았음.

진로 시간마다 모의고사 점수며 내신 성적이며 애들 다 보는 앞에서 전부 까발리는데 너무 수치스러웠던 기억이 난다. 이 쌤도 충청도 출신인가 박용수쌤마냥 말투가 너무 나긋나긋하고 느려서 너무 듣기 힘들었음.





이거 말고도 학교관련해서 썰 더 풀어보자면

참 험난했던 3년이었던거 같다.


학교 입학하자마자 우리 학년에서 사건 터짐.

그리고 윗학년에서도 사건 터짐.

윗학년에서 터진 사건은 공부 잘하는 학생이 학폭 연루된 썰인데

학교에서 그 학생 대학 잘보내야 하니까 생기부 학폭이야기 지우란걸

저 이대 역교과출신 20대 여교사가 쌩까고 버텼다 라는 카더라.

고1때 들었던 이야기라 가물가물하긴 한데, 참 저때 동아리 선배한테 저 이야기 듣고 학교 잘못왔다 싶었다.



그리고 갤 쭉 보니까 우리학교 수학교사들 평판이 좀 극과 극인거 같은데

우리때도 그랬음.

다만, 우리땐 50대 남자 수학교사 중에 학생들이 굉장히 좋아하던 선생 하나가 있었다.

너네가 그렇게 욕하던 몇몇 수학교사들하곤 다르게, 나이가 있음에도 불구하고 수업도 잘하시고 열심히 하시고, 능력 있는 선생이었음.

거기에 성격도 좋고 호감형이라 학생들이 진짜 엄청 좋아했었는데

수시비리로 학생한테 뒷돈받고 시험문제 유출해서 짤렸다.

이 사건은 기사로도 보도됨.


저때 애들이 받았던 충격은 진짜 어마무시 했다.

저 뒤로 성격 좋은 선생들 만나도 일단 의심부터 하게 됐음.

(이 사람 짤리고 온 사람이 김상수? 였나 그랬음)




그리고 이 학교 오기전에 가장 걱정됐던건 이학교가 기독교 미션스쿨이었던 거.

선생들도 기독교가 ㅈㄴ 많아서 종교 강요는 하지 않을까 걱정도 했음.

근데 학교 3년 다니면서 느낀 바로는 기독교 교사가 무교 교사보다 훨 낫더라.

좀 괜찮다 싶은 교사는 종교가 기독교였고

좀 좆같다 싶은 교사는 무교일 확률이 높았음.

물론 ㅇㅇㅈ, ㅅㅈㅎ는 예외.



그래도 요즘엔 젊은쌤들 좀 들어온거 같아서 부럽다.

우리땐 진짜 정년 얼마 안남은 교사들 때문에 너무 힘들었는데

하나둘 은퇴하더니 모르는 쌤들 꽤 많아진듯






쓰고나서 보니까 가독성 진짜 ㅆㅎㅌㅊ네","ㅇㅇ(23.82) 2022.02.09 06:53:43
스크랩 조회 10759 추천 83 댓글 16",83,10759,2022.02.09 06:53:43,https://gall.dcinside.com/mini/board/view/?id=rhkdtjdrh&no=1127&page=14
14,1126,[일반],하여간 문과들이 문제임 ㅉ,ㅇㅇ,"ㅇㅇ(1.225) 2022.02.09 00:05:50
스크랩 조회 256 추천 4 댓글 0",4,256,2022.02.09 00:05:50,https://gall.dcinside.com/mini/board/view/?id=rhkdtjdrh&no=1126&page=14
14,1125,[일반],윤사 선택자 개같이 멸망 ㅋㅋㅋㅋ,ㅎㅈ쌤.....  가지 마세요ㅠㅠㅠㅠ,"ㅇㅇ(59.6) 2022.02.08 21:05:53
스크랩 조회 450 추천 3 댓글 4",3,450,2022.02.08 21:05:53,https://gall.dcinside.com/mini/board/view/?id=rhkdtjdrh&no=1125&page=14
14,1124,[일반],글리젠 다 죽어버렸네,다 어디감,"ㅇㅇ(138.199) 2022.02.07 19:54:34
스크랩 조회 187 추천 5 댓글 1",5,187,2022.02.07 19:54:34,https://gall.dcinside.com/mini/board/view/?id=rhkdtjdrh&no=1124&page=14
14,1121,[일반],우리 봄방학 언제까지임?,"이제 2학년 올라가는데 2월7일 개학하고 다심 봄방학하잖아
그거 언제부터 언제까지임?","ㅇㅇ(125.187) 2022.02.03 11:22:33
스크랩 조회 249 추천 1 댓글 1",1,249,2022.02.03 11:22:33,https://gall.dcinside.com/mini/board/view/?id=rhkdtjdrh&no=1121&page=14
14,1120,[일반],광갤 ㅈ창난 eu..,"참식이 잠수
- dc official App","ㅇㅇ(223.62) 2022.02.03 04:58:16
스크랩 조회 308 추천 6 댓글 0",6,308,2022.02.03 04:58:16,https://gall.dcinside.com/mini/board/view/?id=rhkdtjdrh&no=1120&page=14
14,1118,[일반],거기 너!✋,- dc official App,"ㅇㅇ(223.62) 2022.02.02 18:44:12
스크랩 조회 287 추천 3 댓글 0",3,287,2022.02.02 18:44:12,https://gall.dcinside.com/mini/board/view/?id=rhkdtjdrh&no=1118&page=14
14,1116,[일반],올해 수시로 이과 연고서성한 많이감?,ㅈㄱㄴ,"ㅇㅇ(1.225) 2022.01.31 02:58:29
스크랩 조회 450 추천 0 댓글 1",0,450,2022.01.31 02:58:29,https://gall.dcinside.com/mini/board/view/?id=rhkdtjdrh&no=1116&page=14
14,1115,[일반],졸업식 온라인으로 안함?,확진자 존나 나오는데 꼭 학교가야되냐 귀찮기도 하고~,"ㅇㅇ(223.38) 2022.01.30 20:34:54
스크랩 조회 148 추천 4 댓글 0",4,148,2022.01.30 20:34:54,https://gall.dcinside.com/mini/board/view/?id=rhkdtjdrh&no=1115&page=14
14,1114,[일반],질문,형님들 요번 고2 2학기 수학 중간 기말 합쳐서 1컷 몇인가요?,"ㅇㅇ(112.214) 2022.01.29 21:07:06
스크랩 조회 230 추천 1 댓글 3",1,230,2022.01.29 21:07:06,https://gall.dcinside.com/mini/board/view/?id=rhkdtjdrh&no=1114&page=14
14,1113,[일반],이분이 광갤여신..,"전 아이즈원

현 솔로활동중인 최예나라고함..","ㅇㅇ(1.232) 2022.01.28 23:27:48
스크랩 조회 1125 추천 14 댓글 13",14,1125,2022.01.28 23:27:48,https://gall.dcinside.com/mini/board/view/?id=rhkdtjdrh&no=1113&page=14
14,1112,[일반],요새 광갤 왜 이러냐??????,"예전이 그립다면 개추........
- dc official App","ㅇㅇ(112.162) 2022.01.28 20:09:19
스크랩 조회 351 추천 11 댓글 1",11,351,2022.01.28 20:09:19,https://gall.dcinside.com/mini/board/view/?id=rhkdtjdrh&no=1112&page=14
14,1111,[일반],광갤을 살리기 위해 노력해보겠습니다,"아자아자
- dc official App","광갤 여신(221.161) 2022.01.26 18:56:50
스크랩 조회 237 추천 3 댓글 1",3,237,2022.01.26 18:56:50,https://gall.dcinside.com/mini/board/view/?id=rhkdtjdrh&no=1111&page=14
14,1110,[일반],1.232 <===== 이새끼 이재명 뽑을거 같으면 개추 ㅋㅋ,"ㄹㅇ
- dc official App","ㅇㅇ(114.202) 2022.01.25 03:21:41
스크랩 조회 219 추천 16 댓글 0",16,219,2022.01.25 03:21:41,https://gall.dcinside.com/mini/board/view/?id=rhkdtjdrh&no=1110&page=14
14,1107,[일반],1.232<=====이새끼 땜에 광갤 망한거 같으면 개추 ㅋㅋ,- dc official App,"ㅇㅇ(221.146) 2022.01.22 18:17:22
스크랩 조회 319 추천 30 댓글 0",30,319,2022.01.22 18:17:22,https://gall.dcinside.com/mini/board/view/?id=rhkdtjdrh&no=1107&page=14
14,1106,[일반],아이돌 싫어하는 사람인데 예나 이분은 예뿐듯,내 취향인디?,"ㅇㅇ(223.38) 2022.01.19 22:12:16
스크랩 조회 232 추천 5 댓글 0",5,232,2022.01.19 22:12:16,https://gall.dcinside.com/mini/board/view/?id=rhkdtjdrh&no=1106&page=14
14,1104,[일반],예나 이분 예쁘긴 하네 ㅇㅇ;,ㄹㅇ,"ㅇㅇ(223.38) 2022.01.19 18:55:50
스크랩 조회 243 추천 1 댓글 1",1,243,2022.01.19 18:55:50,https://gall.dcinside.com/mini/board/view/?id=rhkdtjdrh&no=1104&page=14
14,1103,[일반],2021 야벤져스 멤버 떳다!!!!,.,"ㅇㅇ(211.36) 2022.01.18 01:44:11
스크랩 조회 259 추천 0 댓글 0",0,259,2022.01.18 01:44:11,https://gall.dcinside.com/mini/board/view/?id=rhkdtjdrh&no=1103&page=14
14,1101,[일반],헐 ㅠㅠ 나왜 차단해 ㅠㅠ,,"ㅇㅇ(1.232) 2022.01.15 17:56:01
스크랩 조회 286 추천 0 댓글 1",0,286,2022.01.15 17:56:01,https://gall.dcinside.com/mini/board/view/?id=rhkdtjdrh&no=1101&page=14
14,1100,[일반],1.232<=====이새끼 차단박았다 ㅇㅇ,- dc official App,"ㅇㅇ(223.62) 2022.01.14 22:13:18
스크랩 조회 190 추천 1 댓글 0",1,190,2022.01.14 22:13:18,https://gall.dcinside.com/mini/board/view/?id=rhkdtjdrh&no=1100&page=14
14,1099,[일반],일배충 죽어죽어 ㅋㅋ,,"ㅇㅇ(1.232) 2022.01.14 16:57:55
스크랩 조회 211 추천 0 댓글 0",0,211,2022.01.14 16:57:55,https://gall.dcinside.com/mini/board/view/?id=rhkdtjdrh&no=1099&page=14
14,1097,[일반],올해 최상의 시나리오.jpg,"제발....
- dc official App","ㅇㅇ(223.62) 2022.01.14 04:55:37
스크랩 조회 562 추천 16 댓글 0",16,562,2022.01.14 04:55:37,https://gall.dcinside.com/mini/board/view/?id=rhkdtjdrh&no=1097&page=14
14,1096,[일반],이 새끼 진짜 개또라이 같으면 개추 ㅋㅋ,???: 이재명은 합니다!,"ㅇㅇ(182.225) 2022.01.14 00:42:22
스크랩 조회 544 추천 20 댓글 1",20,544,2022.01.14 00:42:22,https://gall.dcinside.com/mini/board/view/?id=rhkdtjdrh&no=1096&page=14
14,1095,[일반],3월9일날 광성고 슨상들 다 이재명 찍을거 같으면 개추 ㅋㅋ,한 두명 빼놓고 다 이재명 찍을거 같노 ㅋㅋ,"ㅇㅇ(104.28) 2022.01.13 00:03:23
스크랩 조회 414 추천 27 댓글 0",27,414,2022.01.13 00:03:23,https://gall.dcinside.com/mini/board/view/?id=rhkdtjdrh&no=1095&page=14
14,1094,[일반],리나누나 희귀짤 달린다 ㅋㅋㅋㅋㅋ퍄퍄♡♡♡,- dc official App,"ㅇㅇ(223.39) 2022.01.12 18:24:04
스크랩 조회 229 추천 1 댓글 0",1,229,2022.01.12 18:24:04,https://gall.dcinside.com/mini/board/view/?id=rhkdtjdrh&no=1094&page=14
14,1092,[일반],한달내내 덕질하는 새끼 ㅈ같으면 개추 ㅋㅋㅋㅋ,"정도껏 해라ㄹㅇ..
- dc official App","ㅇㅇ(223.38) 2022.01.12 04:06:19
스크랩 조회 295 추천 18 댓글 1",18,295,2022.01.12 04:06:19,https://gall.dcinside.com/mini/board/view/?id=rhkdtjdrh&no=1092&page=14
14,1090,[일반],이재명을 대통령으로!!,- dc official App,"ㅇㅇ(1.225) 2022.01.11 23:49:57
스크랩 조회 153 추천 0 댓글 0",0,153,2022.01.11 23:49:57,https://gall.dcinside.com/mini/board/view/?id=rhkdtjdrh&no=1090&page=14
14,1088,[일반],시발 덕질,"덕질좀 적당히 해라 ㅅㅂ 느그들 밥맥여주는것도 아닌데
- dc official App","ㅇㅇ(106.245) 2022.01.11 16:54:11
스크랩 조회 270 추천 10 댓글 3",10,270,2022.01.11 16:54:11,https://gall.dcinside.com/mini/board/view/?id=rhkdtjdrh&no=1088&page=14
14,1087,[일반],내사랑 재인아☺☺❤❤,- dc official App,"ㅇㅇ(175.215) 2022.01.11 15:55:07
스크랩 조회 195 추천 3 댓글 0",3,195,2022.01.11 15:55:07,https://gall.dcinside.com/mini/board/view/?id=rhkdtjdrh&no=1087&page=14
14,1086,[일반],킹성고 압도적 귀요미,배상범<---- 인정하면 개추 ㅋㅋ,"ㅇㅇ(175.223) 2022.01.10 22:23:54
스크랩 조회 291 추천 2 댓글 2",2,291,2022.01.10 22:23:54,https://gall.dcinside.com/mini/board/view/?id=rhkdtjdrh&no=1086&page=14
14,1085,[일반],내사랑 리나야☺☺❤❤,- dc official App,"ㅇㅇ(115.22) 2022.01.10 15:26:31
스크랩 조회 214 추천 4 댓글 1",4,214,2022.01.10 15:26:31,https://gall.dcinside.com/mini/board/view/?id=rhkdtjdrh&no=1085&page=14
15,1084,[일반],실시간 이새끼 뭐냐 ?,- dc official App,"도날드트럼프 2022.01.09 19:14:30
스크랩 조회 296 추천 6 댓글 0",6,296,2022.01.09 19:14:30,https://gall.dcinside.com/mini/board/view/?id=rhkdtjdrh&no=1084&page=15
15,1079,[일반],실시간 본인 짤녀보고 터질뻔했다.jpg,- dc official App,"ㅇㅇ(110.12) 2022.01.07 04:16:37
스크랩 조회 411 추천 6 댓글 0",6,411,2022.01.07 04:16:37,https://gall.dcinside.com/mini/board/view/?id=rhkdtjdrh&no=1079&page=15
15,1078,[일반],광성고 애들 들어와봐,"광성고 애들은 예의가 없어
- dc official App","ㅇㅇ(114.202) 2022.01.06 19:15:37
스크랩 조회 564 추천 3 댓글 0",3,564,2022.01.06 19:15:37,https://gall.dcinside.com/mini/board/view/?id=rhkdtjdrh&no=1078&page=15
15,1077,[일반],"이제...내가 좀 그립나 ""광갤""???.......",- dc official App,"ㅇㅇ(110.12)(175.215) 2022.01.05 22:26:24
스크랩 조회 271 추천 0 댓글 0",0,271,2022.01.05 22:26:24,https://gall.dcinside.com/mini/board/view/?id=rhkdtjdrh&no=1077&page=15
15,1076,[일반],이새끼 호감이면 개추 ㄱ,- dc official App,"ㅇㅇ(110.12) 2022.01.05 19:07:56
스크랩 조회 655 추천 15 댓글 1",15,655,2022.01.05 19:07:56,https://gall.dcinside.com/mini/board/view/?id=rhkdtjdrh&no=1076&page=15
15,1075,[일반],으..나봉쓰 땡겨..,"웅! 나봉쓰!
- dc official App","ㅇㅇ(110.12)(175.215) 2022.01.05 14:19:07
스크랩 조회 269 추천 1 댓글 0",1,269,2022.01.05 14:19:07,https://gall.dcinside.com/mini/board/view/?id=rhkdtjdrh&no=1075&page=15
15,1074,[일반],들어오지마라...,"본인이 헐레벌떡 들어온
""나봉쓰""면 개추 ㅋㅋㅋㅋㅋㅋㅋㅋㅋㅋ
- dc official App","ㅇㅇ(110.12)(112.162) 2022.01.04 20:17:11
스크랩 조회 208 추천 3 댓글 0",3,208,2022.01.04 20:17:11,https://gall.dcinside.com/mini/board/view/?id=rhkdtjdrh&no=1074&page=15
15,1072,[일반],11년 졸업생 광붕이 질문받는다,"예상답변 틀
- dc official App","ㅇㅇ(223.39) 2022.01.01 21:06:12
스크랩 조회 536 추천 1 댓글 3",1,536,2022.01.01 21:06:12,https://gall.dcinside.com/mini/board/view/?id=rhkdtjdrh&no=1072&page=15
15,1071,[일반],새해맞이 광갤 씹창내는 주범 얼굴 달림,"웅 임니연!
- dc official App","ㅇㅇ(110.12) 2022.01.01 11:00:13
스크랩 조회 291 추천 2 댓글 0",2,291,2022.01.01 11:00:13,https://gall.dcinside.com/mini/board/view/?id=rhkdtjdrh&no=1071&page=15
15,1068,[일반],광갤을 살리는 갤주님.jpg,- dc official App,"ㅇㅇ(175.215) 2021.12.31 21:45:16
스크랩 조회 212 추천 0 댓글 0",0,212,2021.12.31 21:45:16,https://gall.dcinside.com/mini/board/view/?id=rhkdtjdrh&no=1068&page=15
15,1066,[일반],광고 입결 어떰?,"설포카 잘 보냄?
- dc official App","ㅇㅇ(223.38) 2021.12.31 16:37:00
스크랩 조회 447 추천 0 댓글 5",0,447,2021.12.31 16:37:00,https://gall.dcinside.com/mini/board/view/?id=rhkdtjdrh&no=1066&page=15
15,1065,[일반],"<속보> 빡빡이 광성중,고 점령 ㅋㅋㅋㅋ",대단하다!,"ㅇㅇ(211.36) 2021.12.31 16:32:34
스크랩 조회 424 추천 5 댓글 0",5,424,2021.12.31 16:32:34,https://gall.dcinside.com/mini/board/view/?id=rhkdtjdrh&no=1065&page=15
15,1063,[일반],광갤 망한 eu.........,"이재명 성왕의 복귀가 얼마 안남았기 때문...  





그리고
미래영부인 지츄.....
- dc official App","ㅇㅇ(110.12) 2021.12.31 00:28:41
스크랩 조회 271 추천 2 댓글 2",2,271,2021.12.31 00:28:41,https://gall.dcinside.com/mini/board/view/?id=rhkdtjdrh&no=1063&page=15
15,1062,[일반],1.232 <~ 임마가 요즘 광갤에서 핫한 유동이드만..,걍 이새낀 호감임..,"ㅇㅇ(1.232) 2021.12.31 00:24:03
스크랩 조회 182 추천 2 댓글 1",2,182,2021.12.31 00:24:03,https://gall.dcinside.com/mini/board/view/?id=rhkdtjdrh&no=1062&page=15
15,1060,[일반],광갤 망한 이유 분석.....analyze,"잘모르겠음
- dc official App","ㅇㅇ(1.225) 2021.12.30 23:40:23
스크랩 조회 283 추천 2 댓글 3",2,283,2021.12.30 23:40:23,https://gall.dcinside.com/mini/board/view/?id=rhkdtjdrh&no=1060&page=15
15,1057,[일반],3학년 반배정은 어떻게 하는거노?,국영수 같은 애들이라고 하기엔 국2 수1이나 국1 수2하는 약간 맛이 가버린 게이들도 있던데,"ㅇㅇ(182.225) 2021.12.30 19:43:36
스크랩 조회 238 추천 1 댓글 0",1,238,2021.12.30 19:43:36,https://gall.dcinside.com/mini/board/view/?id=rhkdtjdrh&no=1057&page=15
15,1055,[일반],광갤 대표 여신.jpg,"활동명 : 츄
- dc official App","ㅇㅇ(112.162) 2021.12.28 22:08:40
스크랩 조회 479 추천 10 댓글 3",10,479,2021.12.28 22:08:40,https://gall.dcinside.com/mini/board/view/?id=rhkdtjdrh&no=1055&page=15
15,1050,[일반],ㅈ반고 특,"옆 월클 학교들 자가진단으로 출석 때울 때 굳이 온클로 출첵하려고 함

이제 3학년 좀 놔줘라 씨벌","ㅇㅇ(104.149) 2021.12.27 23:16:56
스크랩 조회 594 추천 14 댓글 0",14,594,2021.12.27 23:16:56,https://gall.dcinside.com/mini/board/view/?id=rhkdtjdrh&no=1050&page=15
15,1048,[일반],요즘 광갤 물 ㅈ같아졌으면 개추,깝치지 마라,"ㅇㅇ(1.225) 2021.12.27 20:08:48
스크랩 조회 357 추천 14 댓글 0",14,357,2021.12.27 20:08:48,https://gall.dcinside.com/mini/board/view/?id=rhkdtjdrh&no=1048&page=15
15,1046,[일반],2학년 9반.jpg,"김지수
- dc official App","광성고의진짜갤주(223.62) 2021.12.27 17:06:47
스크랩 조회 469 추천 3 댓글 5",3,469,2021.12.27 17:06:47,https://gall.dcinside.com/mini/board/view/?id=rhkdtjdrh&no=1046&page=15
15,1044,[일반],반성문,"앞으로 고3생활을 앞둔 광성인으로서 현재까지 지속적인 디씨질과 각종 나태한 삶을 버리고 참되고 바른생활을 하는 광성인으로 거듭나 멋진 성인이 되도록 노력하겠습니다.




































































































그러므로 꼭 이재명을 뽑아주십쇼!
이재명은 합니다!
- dc official App","ㅇㅇ(223.38) 2021.12.26 03:46:25
스크랩 조회 275 추천 5 댓글 0",5,275,2021.12.26 03:46:25,https://gall.dcinside.com/mini/board/view/?id=rhkdtjdrh&no=1044&page=15
15,1041,[일반],왜 우리학교는 경성고처럼 입결 안보여주냐? ㅋㅋ,이번에 수능때문에 최저 못맞춰서 수시 ㅈ됐다는 썰 들은 거 같긴 한데 그게 비단 우리학교의 문제만은 아니라 나머지 학교도 그러지 않냐? 근데 왜 우리는 안보여주지???,"ㅇㅇ(182.225) 2021.12.25 21:09:52
스크랩 조회 1184 추천 0 댓글 1",0,1184,2021.12.25 21:09:52,https://gall.dcinside.com/mini/board/view/?id=rhkdtjdrh&no=1041&page=15
15,1039,[일반],그럼 방법을 알려줘.jpg,"본인이 놀라서 허겁지겁 들어온 ""스미""면 개추 ㅋㅋㅋㅋㅋㅋㅋㅋ
- dc official App","나 더 이상 못참아(223.39) 2021.12.24 17:52:56
스크랩 조회 283 추천 3 댓글 1",3,283,2021.12.24 17:52:56,https://gall.dcinside.com/mini/board/view/?id=rhkdtjdrh&no=1039&page=15
15,1037,[일반],시발 놈들아,"떡치지마라 시발....
- dc official App","ㅇㅇ(223.38) 2021.12.24 00:53:12
스크랩 조회 298 추천 5 댓글 1",5,298,2021.12.24 00:53:12,https://gall.dcinside.com/mini/board/view/?id=rhkdtjdrh&no=1037&page=15
15,1036,[일반],오늘 광페 ㄱㅈㅇ<----- 이분밖에 볼 거 없었으면 개추 ㅋㅋㅋ,"스트릿 게이 파이터, 일진 발라드, 국힙 찐따, 전인권밴드 이런 새끼들 노래 듣다가 대성당들의 시대 들으니까 ㄹㅇ 귀정화 오지더라 ㅋㅋ","ㅇㅇ(182.225) 2021.12.23 19:49:19
스크랩 조회 795 추천 28 댓글 2",28,795,2021.12.23 19:49:19,https://gall.dcinside.com/mini/board/view/?id=rhkdtjdrh&no=1036&page=15
15,1035,[일반],ㄹㅇ 가수급아님?,"ㅇㅇ
- dc official App","ㅇㅇ(209.107) 2021.12.23 10:10:28
스크랩 조회 322 추천 0 댓글 0",0,322,2021.12.23 10:10:28,https://gall.dcinside.com/mini/board/view/?id=rhkdtjdrh&no=1035&page=15
15,1034,[일반],솔직히 아이브 공연 보고 섰음...,"그냥 내 취향이드만 ㄹㅇ
BLAƆK PIИK","블핑지츄(223.38) 2021.12.23 09:59:16
스크랩 조회 442 추천 6 댓글 0",6,442,2021.12.23 09:59:16,https://gall.dcinside.com/mini/board/view/?id=rhkdtjdrh&no=1034&page=15
15,1033,[일반],광성 페스타 씹대참사 각 보이면 개추,"ㅋㅋㅋㅋㅋ
- dc official App","ㅇㅇ(223.39) 2021.12.23 09:40:11
스크랩 조회 628 추천 11 댓글 2",11,628,2021.12.23 09:40:11,https://gall.dcinside.com/mini/board/view/?id=rhkdtjdrh&no=1033&page=15
15,1032,[일반],광성페스타 <== 이새끼 재밌냐?,"ㅇㅇ
- dc official App","ㅇㅇ(216.131) 2021.12.23 08:53:39
스크랩 조회 294 추천 0 댓글 0",0,294,2021.12.23 08:53:39,https://gall.dcinside.com/mini/board/view/?id=rhkdtjdrh&no=1032&page=15
15,1031,[일반],광붕이들에게...하고싶은 말.advice,"""Keep going""
- dc official App","ㅇㅇ(1.225) 2021.12.23 02:30:24
스크랩 조회 206 추천 3 댓글 0",3,206,2021.12.23 02:30:24,https://gall.dcinside.com/mini/board/view/?id=rhkdtjdrh&no=1031&page=15
15,1030,[일반],1학년 4반.jpg,"나를...제2의 ""문재인""이라고 불러줄 수 있냐...?
왜냐하면...멋진 별명을 갖고 싶기 때문이다.....
부탁한다..나를 제2의 ""문재인""이라고 불러주면 안되냐...?
- dc official App","ㅇㅇ(221.161) 2021.12.22 23:14:39
스크랩 조회 395 추천 4 댓글 1",4,395,2021.12.22 23:14:39,https://gall.dcinside.com/mini/board/view/?id=rhkdtjdrh&no=1030&page=15
15,1029,[일반],"인스타 쭈쭈누나,, 출렁,, ㅗㅜㅑ",뭐함,"ㅇㅇ(223.38) 2021.12.22 21:23:01
스크랩 조회 482 추천 3 댓글 1",3,482,2021.12.22 21:23:01,https://gall.dcinside.com/mini/board/view/?id=rhkdtjdrh&no=1029&page=15
15,1028,[일반],내엘 광성패스티벌 재밌을까,재밌으면 개추,"ㅇㅇ(125.129) 2021.12.22 20:47:26
스크랩 조회 199 추천 0 댓글 0",0,199,2021.12.22 20:47:26,https://gall.dcinside.com/mini/board/view/?id=rhkdtjdrh&no=1028&page=15
15,1027,[일반],토르응디다 니들이 원하는게 이거냐?.jpg,"웅! 김지수!
- dc official App","토르응디(223.38) 2021.12.22 18:28:29
스크랩 조회 274 추천 0 댓글 3",0,274,2021.12.22 18:28:29,https://gall.dcinside.com/mini/board/view/?id=rhkdtjdrh&no=1027&page=15
15,1026,[일반],윤사 할만한가,선택과목바꿨는데 갑자기 걱정돼노,"ㅇㅇ(115.161) 2021.12.22 17:43:46
스크랩 조회 154 추천 0 댓글 0",0,154,2021.12.22 17:43:46,https://gall.dcinside.com/mini/board/view/?id=rhkdtjdrh&no=1026&page=15
15,1025,[일반],카톡이라는 훌륭한 대체재가 있음에도,화상을 고집하는건 대체.. 빛과 소금의 글로벌창의인재 육성 명문사학 광성고등학교 다운 행보랄까,"ㅇㅇ(223.62) 2021.12.22 01:28:21
스크랩 조회 238 추천 4 댓글 1",4,238,2021.12.22 01:28:21,https://gall.dcinside.com/mini/board/view/?id=rhkdtjdrh&no=1025&page=15
15,1022,[일반],누굴까?,"궁금하면 개추 ""100개""
- dc official App","내 이름은 바로(223.38) 2021.12.20 17:03:40
스크랩 조회 270 추천 2 댓글 1",2,270,2021.12.20 17:03:40,https://gall.dcinside.com/mini/board/view/?id=rhkdtjdrh&no=1022&page=15
15,1019,[일반],센빠이들께 질문올립니다,"혹시 수학 교과서 출판사가 어디인지..?
- dc official App","도날드트럼프 2021.12.20 10:00:56
스크랩 조회 295 추천 0 댓글 1",0,295,2021.12.20 10:00:56,https://gall.dcinside.com/mini/board/view/?id=rhkdtjdrh&no=1019&page=15
15,1017,[일반],국어 2개 틀렸는데 1 가능?,ㅇㅇ,"ㅇㅇ(1.225) 2021.12.18 03:52:56
스크랩 조회 431 추천 1 댓글 5",1,431,2021.12.18 03:52:56,https://gall.dcinside.com/mini/board/view/?id=rhkdtjdrh&no=1017&page=15
15,1016,[일반],씨발 독서 개좆됐네,60초반 나올거 같은데 3은 뜨겠지??,"ㅇㅇ(182.225) 2021.12.17 14:44:41
스크랩 조회 415 추천 0 댓글 11",0,415,2021.12.17 14:44:41,https://gall.dcinside.com/mini/board/view/?id=rhkdtjdrh&no=1016&page=15
15,1014,[일반],대한민국의 미래,‘이민’ 가고싶다,"ㅇㅇ(183.96) 2021.12.16 11:08:36
스크랩 조회 278 추천 0 댓글 1",0,278,2021.12.16 11:08:36,https://gall.dcinside.com/mini/board/view/?id=rhkdtjdrh&no=1014&page=15
15,1012,[일반],영어 42점 나왔는데,"수행은 만점이고 5등급 이겠지...? 공부좀 할껄
- dc official App","ㅇㅇ(223.38) 2021.12.15 19:09:02
스크랩 조회 391 추천 1 댓글 1",1,391,2021.12.15 19:09:02,https://gall.dcinside.com/mini/board/view/?id=rhkdtjdrh&no=1012&page=15
15,1011,[일반],오늘 1학년 수학시험,다들 어땠음? 1등급컷 몇점일까,"ㅇㅇ(1.225) 2021.12.15 19:04:29
스크랩 조회 421 추천 1 댓글 4",1,421,2021.12.15 19:04:29,https://gall.dcinside.com/mini/board/view/?id=rhkdtjdrh&no=1011&page=15
15,1010,[일반],기말고사 언제까지임?,ㅈㄱㄴ,"ㅇㅇ(223.38) 2021.12.15 18:32:37
스크랩 조회 129 추천 0 댓글 0",0,129,2021.12.15 18:32:37,https://gall.dcinside.com/mini/board/view/?id=rhkdtjdrh&no=1010&page=15
15,1009,[일반],요번에 영어 어땟냐,"쉬운거임?
- dc official App","ㅇㅇ(110.12) 2021.12.15 12:54:41
스크랩 조회 253 추천 1 댓글 1",1,253,2021.12.15 12:54:41,https://gall.dcinside.com/mini/board/view/?id=rhkdtjdrh&no=1009&page=15
15,1008,[일반],실시감 광붕이 자다가 마킹못했다..,"좆된거냐?
- dc official App","ㅇㅇ(211.36) 2021.12.15 10:10:59
스크랩 조회 383 추천 0 댓글 9",0,383,2021.12.15 10:10:59,https://gall.dcinside.com/mini/board/view/?id=rhkdtjdrh&no=1008&page=15
15,1007,[일반],어떻게든 되겠지 씨발,"진짜 이번시험 역대급으로 꼴아박는중www
- dc official App","ㅇㅇ(223.38) 2021.12.15 01:38:13
스크랩 조회 203 추천 2 댓글 0",2,203,2021.12.15 01:38:13,https://gall.dcinside.com/mini/board/view/?id=rhkdtjdrh&no=1007&page=15
15,1006,[일반],밥딜런 << 개패고 싶으면 개추 ㅋㅋ,주먹이 운다,"ㅇㅇ(1.225) 2021.12.14 22:04:39
스크랩 조회 194 추천 1 댓글 0",1,194,2021.12.14 22:04:39,https://gall.dcinside.com/mini/board/view/?id=rhkdtjdrh&no=1006&page=15
15,1005,[일반],일본어 어려웠으면 개추ㅋㅋ,ㅇㅅ 센세.....,"ㅇㅇ(59.6) 2021.12.14 18:46:16
스크랩 조회 153 추천 0 댓글 0",0,153,2021.12.14 18:46:16,https://gall.dcinside.com/mini/board/view/?id=rhkdtjdrh&no=1005&page=15
15,1004,[일반],일본어 한문 이제 펼쳤으면 개추,좆됐다 ㅋㅋ,"ㅇㅇ(1.225) 2021.12.13 23:39:42
스크랩 조회 248 추천 1 댓글 2",1,248,2021.12.13 23:39:42,https://gall.dcinside.com/mini/board/view/?id=rhkdtjdrh&no=1004&page=15
16,1003,[일반],오늘 학교 앞에서 대놓고 담배피는데 모르더만 ㅋㅋ,어으 조타 ㅋㅋ,"ㅇㅇ(1.232) 2021.12.13 21:33:03
스크랩 조회 485 추천 6 댓글 2",6,485,2021.12.13 21:33:03,https://gall.dcinside.com/mini/board/view/?id=rhkdtjdrh&no=1003&page=16
16,1002,[일반],하....첫날부터 두과목 ㅈ망했네,"평균 10점씩 떨어진듯.. 시험 미뤄진 일주일동안 개같이 놀았더니 이렇게 씹창날줄이야 
- dc official App","ㅇㅇ(223.62) 2021.12.13 17:30:11
스크랩 조회 179 추천 6 댓글 0",6,179,2021.12.13 17:30:11,https://gall.dcinside.com/mini/board/view/?id=rhkdtjdrh&no=1002&page=16
16,1001,[일반],하... 수학 71점 개망햇네 ㅆㅂ,아오 ㄹㅇ,"ㅇㅇ(220.71) 2021.12.13 16:19:28
스크랩 조회 424 추천 2 댓글 2",2,424,2021.12.13 16:19:28,https://gall.dcinside.com/mini/board/view/?id=rhkdtjdrh&no=1001&page=16
16,1000,[일반],수학 씨발 너무하네ㅠㅠ,"40점이면 5등급이지...?
- dc official App","ㅇㅇ(223.62) 2021.12.13 14:43:08
스크랩 조회 257 추천 1 댓글 1",1,257,2021.12.13 14:43:08,https://gall.dcinside.com/mini/board/view/?id=rhkdtjdrh&no=1000&page=16
16,998,[일반],수학 조진사람 개추 ㅋ,ㅋㅋ,"ㅇㅇ(125.187) 2021.12.13 13:10:48
스크랩 조회 184 추천 1 댓글 0",1,184,2021.12.13 13:10:48,https://gall.dcinside.com/mini/board/view/?id=rhkdtjdrh&no=998&page=16
16,997,[일반],할수있다할수있다할수있다할수있다할수있다할수있다할수있다할수있다,- dc official App,"ㅇㅇ(1.225) 2021.12.13 12:22:05
스크랩 조회 184 추천 2 댓글 1",2,184,2021.12.13 12:22:05,https://gall.dcinside.com/mini/board/view/?id=rhkdtjdrh&no=997&page=16
16,996,[일반],다들 수학 어떻게 봤냐,난 ㅈ망한거 같은데 ㅅㅂ ㅋㅋㅋㅋ,"ㅇㅇ(211.36) 2021.12.13 10:27:52
스크랩 조회 159 추천 4 댓글 0",4,159,2021.12.13 10:27:52,https://gall.dcinside.com/mini/board/view/?id=rhkdtjdrh&no=996&page=16
16,995,[일반],야이새끼들아,"시험 잘봐라 게이들아...
- dc official App","ㅇㅇ(118.33) 2021.12.12 02:53:18
스크랩 조회 274 추천 6 댓글 5",6,274,2021.12.12 02:53:18,https://gall.dcinside.com/mini/board/view/?id=rhkdtjdrh&no=995&page=16
16,994,[일반],내가 빡대가린거냐 작년 수2가 ㅈㄴ 어려웠던거냐,아니 지금 작년 수2기출 풀어보는데 객관식 6개 서술형 2개빼고 다 모르겠는데? 이거 ㅈ된거냐?,"ㅇㅇ(59.6) 2021.12.10 23:39:42
스크랩 조회 281 추천 1 댓글 1",1,281,2021.12.10 23:39:42,https://gall.dcinside.com/mini/board/view/?id=rhkdtjdrh&no=994&page=16
16,993,[일반],이거 우리 교복 아님?,광성고 교복 마이 아님?ㅋㅋㅋ,"ㅇㅇ(223.62) 2021.12.10 22:21:42
스크랩 조회 1060 추천 18 댓글 5",18,1060,2021.12.10 22:21:42,https://gall.dcinside.com/mini/board/view/?id=rhkdtjdrh&no=993&page=16
16,991,[일반],지금 내기분은 09년도 누무현~~ㄹㅇ,,"병신 2021.12.08 22:56:42
스크랩 조회 299 추천 6 댓글 0",6,299,2021.12.08 22:56:42,https://gall.dcinside.com/mini/board/view/?id=rhkdtjdrh&no=991&page=16
16,990,[일반],명단 내려갔노 ㅇㅇ,"댓 반응이 예상과 달리 나락가서 자삭한거노?
아니면 주딱이 지운거노?

192.241 <--- 이새끼가 누군지는 모르겠으나
다신 그딴 짓은 안했으면 좋겠다

- dc official App","ㅇㅇ(1.225) 2021.12.08 21:47:24
스크랩 조회 439 추천 6 댓글 5",6,439,2021.12.08 21:47:24,https://gall.dcinside.com/mini/board/view/?id=rhkdtjdrh&no=990&page=16
16,988,[일반],지리 선생님이 참선생인 이유,"2학년 다른 과목들 다 문서나 시간 때우기용으로 영상 올리는데, 한국지리 혼자 영상 찍어서 시험범위 요약 입갤ㅋㅋㅋㅋ.","ㅇㅇ(182.225) 2021.12.08 13:16:52
스크랩 조회 540 추천 6 댓글 1",6,540,2021.12.08 13:16:52,https://gall.dcinside.com/mini/board/view/?id=rhkdtjdrh&no=988&page=16
16,987,[일반],개추실시,아기무현 잘자 사랑해,"ㅇㅇ(216.131) 2021.12.07 16:40:10
스크랩 조회 528 추천 30 댓글 6",30,528,2021.12.07 16:40:10,https://gall.dcinside.com/mini/board/view/?id=rhkdtjdrh&no=987&page=16
16,986,[일반],광붕이 신안왔다,이거 짓는데 동원된 춘식이들 소리가 들리노 ㄷㄷ,"ㅇㅇ(182.225) 2021.12.07 01:01:28
스크랩 조회 505 추천 18 댓글 0",18,505,2021.12.07 01:01:28,https://gall.dcinside.com/mini/board/view/?id=rhkdtjdrh&no=986&page=16
16,985,[일반],파딱이다ㅠ안녕,,"병신 2021.12.06 19:10:11
스크랩 조회 265 추천 2 댓글 1",2,265,2021.12.06 19:10:11,https://gall.dcinside.com/mini/board/view/?id=rhkdtjdrh&no=985&page=16
16,984,[일반],1학년들 ㅈ같으면 개추 ㅋㅋ,"일단 나부터
- dc official App","ㅇㅇ(223.62) 2021.12.06 18:58:26
스크랩 조회 618 추천 30 댓글 1",30,618,2021.12.06 18:58:26,https://gall.dcinside.com/mini/board/view/?id=rhkdtjdrh&no=984&page=16
16,983,[일반],소신발언) 2학년 모 국어 선생님께,"안녕하세요 선생님. 선생님이 이런 글을 보실진 모르겠지만 일단 한번 써봅니다. 선생님에게 참 할말이 많습니다. 먼저 정치성향을 너무 드러내시는 것 같습니다. 선생님이 지지하는 정당을 싫어해서 이런 글을 쓰는 게 아닙니다. 도가 지나치든 지나치지 않든 교사가 개인적인 정치적 성향을 성장하고 있는 학생들 앞에서 직간접적으로 이야기하는 건 심히 부적절해 보입니다. 두번째로는 자신의 마음도 생각은 하셔야겠지만 학생들의 마음도 신경써주시길 바랍니다. 선생님이 맨날 수업시간에 그러시죠 ""아 ㅈㄴ 수업하기 싫다."", ""나는 어차피 이번 학기만 지나면 이 학교 뜰거야."". 저는 독서, 문학 시간 때 선생님이 이런 말을 하시는 걸 보고 참 기분이 언짢았습니다. 세상 모든 직장인들 중에 출근해서 일 하는 걸 좋아하는 사람이 몇이나 되겠습니까? 선생님의 마음이 이해가 안되는 건 아닙니다. 하지만 그걸 수업하고 있는 와중에 학생들 앞에서 굳이 그런 말을 하시면 수업하는 학생들이 그런 말에 공감을 할지는 의문입니다. 제발 자기만 생각하면서 수업을 하지 말아주세요. 수업을 잘하시면 뭐합니까 수업만 잘하고 학생을 생각하지 않는다면 그건 그냥 '강사'일 뿐이지 '교사'가 아닙니다. 물론 제가 착각하고 있는 걸 수도 있지만 제 눈에는 그렇게 보입니다","ㅇㅇ(194.5) 2021.12.06 14:51:31
스크랩 조회 1537 추천 46 댓글 11",46,1537,2021.12.06 14:51:31,https://gall.dcinside.com/mini/board/view/?id=rhkdtjdrh&no=983&page=16
16,982,[일반],지금 김연재 노래하는거 보고싶은새끼,"지코인 9번방으로 와라
- dc official App","ㅇㅇ(14.4) 2021.12.06 10:15:13
스크랩 조회 310 추천 5 댓글 0",5,310,2021.12.06 10:15:13,https://gall.dcinside.com/mini/board/view/?id=rhkdtjdrh&no=982&page=16
16,981,[일반],???:날부정하지마..,"나 '김연재'가 이갤을 살린다
- dc official App","ㅇㅇ(211.36) 2021.12.06 08:56:35
스크랩 조회 325 추천 6 댓글 2",6,325,2021.12.06 08:56:35,https://gall.dcinside.com/mini/board/view/?id=rhkdtjdrh&no=981&page=16
16,978,[일반],와 내 모굔데 갤러리도 있구나 ㅋㅋ,BLAƆK PIИK,"블핑지츄(1.232) 2021.12.04 18:39:20
스크랩 조회 368 추천 2 댓글 5",2,368,2021.12.04 18:39:20,https://gall.dcinside.com/mini/board/view/?id=rhkdtjdrh&no=978&page=16
16,977,[일반],요즘 광갤 물 ㅈ같으면 개추 ㅋㅋㅋ,- dc official App,"ㅇㅇ(223.38) 2021.12.03 22:54:09
스크랩 조회 444 추천 25 댓글 2",25,444,2021.12.03 22:54:09,https://gall.dcinside.com/mini/board/view/?id=rhkdtjdrh&no=977&page=16
16,976,[일반],오늘부터 광갤의 주인은 '김연재' 이다.,다들 이의 없지?,"ㅇㅇ(1.225) 2021.12.03 18:58:04
스크랩 조회 324 추천 1 댓글 4",1,324,2021.12.03 18:58:04,https://gall.dcinside.com/mini/board/view/?id=rhkdtjdrh&no=976&page=16
16,975,[일반],실시간 이새끼 뭐냐?,"윤이재(17) 손찌검 한번에 가버렸다 ㄷㄷ
- dc official App","ㅇㅇ(211.36) 2021.12.03 11:48:26
스크랩 조회 1180 추천 107 댓글 8",107,1180,2021.12.03 11:48:26,https://gall.dcinside.com/mini/board/view/?id=rhkdtjdrh&no=975&page=16
16,973,[일반],광성고는 문재인이 주도한다이잉이기야,- dc official App,"ㅇㅇ(223.38) 2021.12.03 08:39:03
스크랩 조회 223 추천 1 댓글 0",1,223,2021.12.03 08:39:03,https://gall.dcinside.com/mini/board/view/?id=rhkdtjdrh&no=973&page=16
16,972,[일반],애미뒤진학교 내일도 등교하냐?,,"ㅇㅇ(1.232) 2021.12.02 22:36:54
스크랩 조회 244 추천 3 댓글 0",3,244,2021.12.02 22:36:54,https://gall.dcinside.com/mini/board/view/?id=rhkdtjdrh&no=972&page=16
16,971,[일반],1학년 7반 찾아갔더니....,"머리안감고 돼지 안경게이는 누구노? 게이아는사람 개추
- dc official App","ㅎㅇ(223.38) 2021.12.02 17:39:12
스크랩 조회 679 추천 16 댓글 1",16,679,2021.12.02 17:39:12,https://gall.dcinside.com/mini/board/view/?id=rhkdtjdrh&no=971&page=16
16,970,[일반],실시간 ㅈ된 광붕이,"구란데 속은 게이들 개추
- dc official App","ㅇㅇ(39.7) 2021.12.02 17:34:52
스크랩 조회 283 추천 2 댓글 2",2,283,2021.12.02 17:34:52,https://gall.dcinside.com/mini/board/view/?id=rhkdtjdrh&no=970&page=16
16,969,[일반],[공지] 광성고 미니 갤러리 2대 갤주로 윤서준군을 임명합니다,"1대 갤주는 다들 아시다시피 성욱군입니다
- dc official App","ㅇㅇ(223.38) 2021.12.02 16:15:10
스크랩 조회 630 추천 14 댓글 3",14,630,2021.12.02 16:15:10,https://gall.dcinside.com/mini/board/view/?id=rhkdtjdrh&no=969&page=16
16,968,[일반],확진자 새끼야 ㅈㄴ 고맙다,"이번 기말 공부 ㅈㄴ 안해서 정시각 보고 있었는데  일주일 존나 빡겜한다
- dc official App","ㅇㅇ(223.38) 2021.12.02 15:01:16
스크랩 조회 362 추천 3 댓글 3",3,362,2021.12.02 15:01:16,https://gall.dcinside.com/mini/board/view/?id=rhkdtjdrh&no=968&page=16
16,967,[일반],확진자<---- 이 새끼한테 고마우면 개추 ㅋㅋ,너 덕에 이번 기말은 부신다.,"ㅇㅇ(182.225) 2021.12.02 14:08:21
스크랩 조회 355 추천 16 댓글 0",16,355,2021.12.02 14:08:21,https://gall.dcinside.com/mini/board/view/?id=rhkdtjdrh&no=967&page=16
16,966,[일반],서준이 얼굴 확인햇다 담에 만나면 개팬다 ㄹㅇ,ㅇㅇ,"ㅇㅇ(223.38) 2021.12.02 13:50:15
스크랩 조회 349 추천 4 댓글 3",4,349,2021.12.02 13:50:15,https://gall.dcinside.com/mini/board/view/?id=rhkdtjdrh&no=966&page=16
16,965,[일반],실시간 윤서준 이새끼 뭐냐?,"2학년들 오는순간 장풍으로 조져버린다고 연습중이다;;;
- dc official App","ㅇㅇ(39.7) 2021.12.02 12:10:41
스크랩 조회 1274 추천 33 댓글 1",33,1274,2021.12.02 12:10:41,https://gall.dcinside.com/mini/board/view/?id=rhkdtjdrh&no=965&page=16
16,962,[일반],2학년 1학년 같이 등교하는데 ㅋㅋ,"앞뒤영옆 간격 50센치로 헐떡이면서 ㅇㅇ
- dc official App","ㅇㅇ(209.107) 2021.12.02 10:26:08
스크랩 조회 300 추천 0 댓글 1",0,300,2021.12.02 10:26:08,https://gall.dcinside.com/mini/board/view/?id=rhkdtjdrh&no=962&page=16
16,960,[일반],무슨일이노?,2학년 왜 조기퇴근하는거임?,"ㅇㅇ(211.36) 2021.12.02 10:08:45
스크랩 조회 216 추천 1 댓글 2",1,216,2021.12.02 10:08:45,https://gall.dcinside.com/mini/board/view/?id=rhkdtjdrh&no=960&page=16
16,959,[일반],"""계엄령 선포""","아 ㅋㅋㅋㅋ
- dc official App","ㅇㅇ(39.7) 2021.12.02 09:55:42
스크랩 조회 538 추천 11 댓글 2",11,538,2021.12.02 09:55:42,https://gall.dcinside.com/mini/board/view/?id=rhkdtjdrh&no=959&page=16
16,958,[일반],개추 컷 10개로 올려라,"ㄹㅇ 별것도 아닌 글들이 념글가는거 보면 이해가 안됨

전체 글의 절반이 념글임
- dc official App","ㅇㅇ(1.225) 2021.12.02 01:36:39
스크랩 조회 185 추천 4 댓글 2",4,185,2021.12.02 01:36:39,https://gall.dcinside.com/mini/board/view/?id=rhkdtjdrh&no=958&page=16
16,957,[일반],내일 1학년층으로 집합,다 1학년층으로 와라 명령이다 게이년들아,"ㅇㅇ(61.73) 2021.12.01 23:34:20
스크랩 조회 236 추천 1 댓글 0",1,236,2021.12.01 23:34:20,https://gall.dcinside.com/mini/board/view/?id=rhkdtjdrh&no=957&page=16
16,956,[일반],광성고에는 디씨하는 애들 ㅈㄴ 많은가보네,"울 학교랑 주변 학교 갤러리는 게시물도 일주일에 한번 올라올까 말까에다 조회수도 다 50이하도 어그로글만 겨우겨우 100되는데 팡성갤은 1일 3글이상은 기본에다 조회수도 100은 그냥 깔고 가노 ㅋㅋㅋ


- dc official App","ㅇㅇ(223.38) 2021.12.01 23:10:10
스크랩 조회 911 추천 15 댓글 0",15,911,2021.12.01 23:10:10,https://gall.dcinside.com/mini/board/view/?id=rhkdtjdrh&no=956&page=16
16,955,[일반],역시 대장동이니 뭐니 해도 이분이 젤 정상적인데 ㅋㅋㅋ,,"ㅇㅇ(182.225) 2021.12.01 22:55:43
스크랩 조회 203 추천 5 댓글 0",5,203,2021.12.01 22:55:43,https://gall.dcinside.com/mini/board/view/?id=rhkdtjdrh&no=955&page=16
16,953,[일반],연재 볼때마다 내 주지가 하늘로 슨다..,한번만...,"ㅇㅇ(223.38) 2021.12.01 21:33:32
스크랩 조회 331 추천 8 댓글 1",8,331,2021.12.01 21:33:32,https://gall.dcinside.com/mini/board/view/?id=rhkdtjdrh&no=953&page=16
16,952,[일반],10305 김연재,"넣을게~
- dc official App","ㅇㅇ(39.7) 2021.12.01 12:58:58
스크랩 조회 797 추천 32 댓글 3",32,797,2021.12.01 12:58:58,https://gall.dcinside.com/mini/board/view/?id=rhkdtjdrh&no=952&page=16
16,950,[일반],서준이 나대네 ㅇ.ㅇ.ㅇ,좀 맞자 ㄹㅇ,"ㅇㅇ(223.38) 2021.11.30 10:53:09
스크랩 조회 611 추천 9 댓글 4",9,611,2021.11.30 10:53:09,https://gall.dcinside.com/mini/board/view/?id=rhkdtjdrh&no=950&page=16
16,949,[일반],2학년들 ㅈ밥이네 ㅇㅇ...,"별거없노 ㅋㅋㅋ
- dc official App","ㅇㅇ(39.7) 2021.11.30 10:45:44
스크랩 조회 467 추천 9 댓글 0",9,467,2021.11.30 10:45:44,https://gall.dcinside.com/mini/board/view/?id=rhkdtjdrh&no=949&page=16
16,948,[일반],찾아온다고 하고 안온 223.38 웃기면 개추 ㅋㅋ,"일단 나부터 ㅋㅋ
기대했는데 아쉽농 ㅋㅋ
- dc official App","윤서준 2021.11.30 09:10:37
스크랩 조회 491 추천 27 댓글 3",27,491,2021.11.30 09:10:37,https://gall.dcinside.com/mini/board/view/?id=rhkdtjdrh&no=948&page=16
16,945,[일반],내일 7반 놀러갈 2학년이면 갸추 ㅋㅋ,ㅋㅋ,"ㅇㅇ(223.38) 2021.11.28 22:15:26
스크랩 조회 481 추천 11 댓글 2",11,481,2021.11.28 22:15:26,https://gall.dcinside.com/mini/board/view/?id=rhkdtjdrh&no=945&page=16
16,944,[일반],ㅅㅈ이 그렇게 갤에서 우빵잡더니 큰일났노,ㅋㅋㅋㅋㅋㅋㅋㅋㅋㅋㅋㅋㅋㅋ,"ㅇㅇ(223.38) 2021.11.28 19:27:02
스크랩 조회 223 추천 2 댓글 0",2,223,2021.11.28 19:27:02,https://gall.dcinside.com/mini/board/view/?id=rhkdtjdrh&no=944&page=16
16,943,[일반],운서준(1학년 7반)ㅁㅋㅋ,ㅇㅇ,"ㅇㅇ(1.232) 2021.11.28 18:43:09
스크랩 조회 347 추천 0 댓글 1",0,347,2021.11.28 18:43:09,https://gall.dcinside.com/mini/board/view/?id=rhkdtjdrh&no=943&page=16
16,940,[일반],나만 학교에서 확진자 나온 거 몰랐냐?,슨상들아 왜 얘기를 안해주노?,"ㅇㅇ(59.6) 2021.11.27 20:55:20
스크랩 조회 271 추천 3 댓글 2",3,271,2021.11.27 20:55:20,https://gall.dcinside.com/mini/board/view/?id=rhkdtjdrh&no=940&page=16
16,939,[일반],자꾸 나보고 학교에서 좆됐다는데,"솔직히 말해보자
내가 노무현 사진을 달렸냐 전두환 후장을 뒤지게 빨아줬냐?
좆같이 말한건 급식욕한것밖에 없는데
딱히 문제가 될 발언은 한적이 없는데 왜들 그리 학교생활이 힘들어진다고 하는거냐,,, 
장례식 후기에서는 전두환을 옹호하는 발언도 하지 않았는데 댓글에는 왜빨아주냐는 등신하나도 있고 ㅋㅋㅋ



- dc official App","윤서준 2021.11.27 08:10:42
스크랩 조회 805 추천 20 댓글 5",20,805,2021.11.27 08:10:42,https://gall.dcinside.com/mini/board/view/?id=rhkdtjdrh&no=939&page=16
17,937,[일반],연재야 사랑해,"1학년 3반 김연재 화이팅!!
- dc official App","ㅇㅇ(1.225) 2021.11.27 01:06:05
스크랩 조회 411 추천 7 댓글 0",7,411,2021.11.27 01:06:05,https://gall.dcinside.com/mini/board/view/?id=rhkdtjdrh&no=937&page=17
17,936,[일반],광성고 재학 중인 1학년 or 2학년 윤서준 군 어카냐,"우리 학교 쌤들 대부분 어떤 성향인지는 알지?



소문 돌면 학교생활 좀 스펙타클해질 듯","김참식 2021.11.27 00:58:02
스크랩 조회 708 추천 8 댓글 1",8,708,2021.11.27 00:58:02,https://gall.dcinside.com/mini/board/view/?id=rhkdtjdrh&no=936&page=17
17,935,[일반],ㅇㅅㅈ게이는 몇학년이노?,3학년이면 다행이고 1학년이면 놀림좀 받겠노 ㅋㅋㅋ,"ㅇㅇ(104.28) 2021.11.27 00:34:39
스크랩 조회 271 추천 3 댓글 0",3,271,2021.11.27 00:34:39,https://gall.dcinside.com/mini/board/view/?id=rhkdtjdrh&no=935&page=17
17,933,[일반],탈모는질병게이 이름 떴냐?,"남성연대 집회 전두환 장례식 다 간 탈모는질병게이 갤로그를 들어가봤다 ㅋㅋ
비트코인 갤러리에서 열심히 계좌번호 달면서 구걸하는 모습... 토스에 한번 계좌번호를 쳐보자
서준게이 비트코인갤에서 구걸하고 다녔었노? ㅋㅋㅋㅋㅋㅋㅋㅋㅋㅋㅋㅋㅋㅋㅋㅋㅋㅋㅋㅋㅋㅋㅋㅋㅋㅋㅋ","ㅇㅇ(194.156) 2021.11.26 23:41:36
스크랩 조회 477 추천 27 댓글 2",27,477,2021.11.26 23:41:36,https://gall.dcinside.com/mini/board/view/?id=rhkdtjdrh&no=933&page=17
17,932,[일반],점마는 ㄹㅇ 할짓 더럽게 없음?,공부 안해?,"ㅇㅇ(1.232) 2021.11.26 22:48:21
스크랩 조회 189 추천 0 댓글 0",0,189,2021.11.26 22:48:21,https://gall.dcinside.com/mini/board/view/?id=rhkdtjdrh&no=932&page=17
17,930,[일반],강성욱,"강성욱
- dc official App","ㅇㅇ(223.53) 2021.11.26 14:48:06
스크랩 조회 274 추천 2 댓글 1",2,274,2021.11.26 14:48:06,https://gall.dcinside.com/mini/board/view/?id=rhkdtjdrh&no=930&page=17
17,929,[정❗️보],강성욱,"강성욱
강성욱
- dc official App","ㅇㅇ(223.53) 2021.11.26 14:47:53
스크랩 조회 239 추천 6 댓글 0",6,239,2021.11.26 14:47:53,https://gall.dcinside.com/mini/board/view/?id=rhkdtjdrh&no=929&page=17
17,928,[일반],팡성에서 제일 호감인쌤 한명씩 적고가라,- dc official App,"ㅇㅇ(110.12) 2021.11.25 23:28:23
스크랩 조회 463 추천 1 댓글 2",1,463,2021.11.25 23:28:23,https://gall.dcinside.com/mini/board/view/?id=rhkdtjdrh&no=928&page=17
17,927,[일반],우리 학교 수학 1타 누구임?,궁금해지,"ㅇㅇ(182.225) 2021.11.25 21:53:53
스크랩 조회 418 추천 0 댓글 1",0,418,2021.11.25 21:53:53,https://gall.dcinside.com/mini/board/view/?id=rhkdtjdrh&no=927&page=17
17,924,[일반],광붕이 수능가채점 ㅁㅌㅊ,"아
- dc official App","ㅇㅇ(180.229) 2021.11.24 10:43:27
스크랩 조회 347 추천 5 댓글 1",5,347,2021.11.24 10:43:27,https://gall.dcinside.com/mini/board/view/?id=rhkdtjdrh&no=924&page=17
17,923,[일반],광성고 대선 여론조사,,"ㅇㅇ(104.28) 2021.11.24 02:28:56
스크랩 조회 235 추천 0 댓글 0",0,235,2021.11.24 02:28:56,https://gall.dcinside.com/mini/board/view/?id=rhkdtjdrh&no=923&page=17
17,922,[일반],광성갤 대문 이거 어때?,,"ㅇㅇ(182.225) 2021.11.24 01:30:52
스크랩 조회 389 추천 14 댓글 0",14,389,2021.11.24 01:30:52,https://gall.dcinside.com/mini/board/view/?id=rhkdtjdrh&no=922&page=17
17,921,[일반],참식이 졸업하면 광갤 3대 갤주 누구임?,"ㅇ
- dc official App","ㅇㅇ(110.12) 2021.11.23 23:51:31
스크랩 조회 270 추천 0 댓글 5",0,270,2021.11.23 23:51:31,https://gall.dcinside.com/mini/board/view/?id=rhkdtjdrh&no=921&page=17
17,920,[일반],모고,"ㅇㄴ 기말 2주도 안남았는데 낼 안가도됨?
- dc official App","ㅇㅇ(211.36) 2021.11.23 16:45:34
스크랩 조회 150 추천 0 댓글 0",0,150,2021.11.23 16:45:34,https://gall.dcinside.com/mini/board/view/?id=rhkdtjdrh&no=920&page=17
17,919,[일반],ㅋㅋ,ㅋㅋ,"ㅇㅇ(110.12) 2021.11.23 15:48:05
스크랩 조회 104 추천 0 댓글 0",0,104,2021.11.23 15:48:05,https://gall.dcinside.com/mini/board/view/?id=rhkdtjdrh&no=919&page=17
17,918,[일반],반갑다 히히,"수능 보고 잘봤으면 성적 인증하려 오려고 했는데
개망치고 와서 보여줄 사진은 없음.. ㅋㅋ

수능 망친 지 3일밖에 안됐는데 정신적으로 너무 힘듦
재수할 지 말지 큰 고민에 빠짐.

모고 잘 봤다고 깝치지 마라 수능은 모고랑은 너무 다르다. 나도 모고딸치다가 큰일 난 케이스임...
수능 당일엔 절대절대절대절대절대로 니 실력 100프로 다 못 보여주고 옴.

사실 나는 1년 전으로 돌아가도 정시 할 거긴 함 오히려 수능 공부를 좀 더 일찍 시작할 걸 후회함 ㅋㅋ
어차피 내 내신으로는 광명상가 한서삼 라인도 학종으로 쓰기 애매한 성적이고 내 생기부는 고작 11? 12?페이지 밖에 안됐음.

근데 올해 수능 성적으로는 국숭세단 정도는 쓸 수 있겠더라. 운 좋으면 건동홍까지? 솔직히 기대는 안하는 중이고 사실상 국숭세단이 적정인 거 같음

개 열받는 게 가채점 성적 분석해보면 다들 말이 다름.
진학사 종로학원 배치표 보면 국숭세 경영이 적정이고 고속성장분석기 돌리면 건동홍 경영이 적정임.
불쌍한 고3들 불안심리 노리고 돈 떼먹는 개새끼들은 최대한 고통스럽게 죽었으면 좋겠다 제발

k입시 너무 힘들다 고작 좆만한 고3따리가 겪을 고통이 아님 니들은 되도록 수시로 가는 걸 추천한다 특히 수학 못하는 병신들은 더더욱

니가

1)국어를 좀 친다(중요함)
2)수학 공부가 그나마 할만 하다
3)학교 쌤들이 싫다
4)고1~고2때도 매일매일 공부 꾸준히 세 시간 정도는 할 수 있다(제일 중요함)

싶으면 진지하게 난 고1때부터 걍 내신 버리고 정시 준비하는 것도 추천함.

그리고 수능 재능 요구하는 시험 아니라하는 놈들 있는데 ㅋㅋ
올해 국어 시험지 꼬라지 보면 이건 재능싸움이 확실하다

수능은 재능싸움이 아니다, 충분히 누구나 열심히만 노력하면 명문대 갈수있다고 니들한테 가스라이팅하는 어른들이나 선생님들 있으면 걍 개무시해라 특히나 이런 말하는 사람이 50대 586 세대다? 걍 그 사람을 손절해라 그게 니 아버지라 할지라도

서연고 이런 곳 정시로 뚫으려면 정상인 대가리로는 힘든 거 같다.

수능 전에는 장난으로 아 ㅅㅂ 내년에 재수하면 되지 ㅋㅋ 이런 식으로 농담 많이 했는데 재수 시작도 하지 않았지만 재수는 사람이 할 짓이 못되는 거 같다 진짜로

수능 망치고 3일밖에 안 지났는데 엄마아빠한테 되게 미안하고 집에 있는 거 자체가 고역임 ㅋㅋ 근데 재수하면 이 죄책감을 365일동안 더 견뎌야 하는데... 그러면 난 진짜 목매달고 자살할 거 같음 ㅋㅋㅋㅋㅋ

니들은 꼭 좋은 대학교 가라 ㅋㅋ 화이팅","김참식 2021.11.22 01:38:23
스크랩 조회 756 추천 21 댓글 4",21,756,2021.11.22 01:38:23,https://gall.dcinside.com/mini/board/view/?id=rhkdtjdrh&no=918&page=17
17,917,[일반],문재앙의 대깨문들과의 대화 볼 사람 개추 ㅋㅋ,조작방송 기대되노 ㅋㅋ,"ㅇㅇ(182.225) 2021.11.21 19:06:23
스크랩 조회 126 추천 0 댓글 0",0,126,2021.11.21 19:06:23,https://gall.dcinside.com/mini/board/view/?id=rhkdtjdrh&no=917&page=17
17,916,[일반],성욱게이 고닉 이름이 먼데,ㅇㅇ,"ㅇㅇ(223.38) 2021.11.20 16:11:38
스크랩 조회 246 추천 2 댓글 3",2,246,2021.11.20 16:11:38,https://gall.dcinside.com/mini/board/view/?id=rhkdtjdrh&no=916&page=17
17,915,[일반],수능 본 고3들 글좀 써봐라,"잘 봄?
- dc official App","ㅇㅇ(1.225) 2021.11.20 14:45:59
스크랩 조회 325 추천 2 댓글 5",2,325,2021.11.20 14:45:59,https://gall.dcinside.com/mini/board/view/?id=rhkdtjdrh&no=915&page=17
17,914,[일반],성적 올리고 탈갤하겠읍니다,"건동홍 최초~추합라인 재수성공.
- dc official App","취미로수학하는유사이과 2021.11.19 11:57:56
스크랩 조회 476 추천 5 댓글 12",5,476,2021.11.19 11:57:56,https://gall.dcinside.com/mini/board/view/?id=rhkdtjdrh&no=914&page=17
17,913,[일반],"광붕이 친구 ""허경영"" 총재님이랑 사진 찍었다","집 앞에 갑자기 출현하셨다고.... 

이거 지역차별 아니냐? 우리 집 앞엔 왜 안옴?
- dc official App","ㅇㅇ(1.225) 2021.11.19 02:31:26
스크랩 조회 512 추천 18 댓글 1",18,512,2021.11.19 02:31:26,https://gall.dcinside.com/mini/board/view/?id=rhkdtjdrh&no=913&page=17
17,912,[일반],이번에 물수능이었다는데 후기점,"ㅇㅇ
- dc official App","ㅇㅇ(1.225) 2021.11.19 01:26:30
스크랩 조회 220 추천 0 댓글 1",0,220,2021.11.19 01:26:30,https://gall.dcinside.com/mini/board/view/?id=rhkdtjdrh&no=912&page=17
17,911,[일반],국어 이번에 존나 쉬웠음 ㅋㅋ,"이게 왜 불인지 이해 안되노 ㅇㅇ



물론 난 고2임 ㅋㅋ","ㅇㅇ(223.38) 2021.11.18 23:00:22
스크랩 조회 172 추천 0 댓글 0",0,172,2021.11.18 23:00:22,https://gall.dcinside.com/mini/board/view/?id=rhkdtjdrh&no=911&page=17
17,910,[일반],자신이 ㄱㅅㅇ보다 잘생겼으면 개추ㅋㅋㅋㅋㅋ,"일단 나부터ㅋㅋㅋㅋㅋ
- dc official App","ㅇㅇ(223.62) 2021.11.18 21:51:42
스크랩 조회 344 추천 12 댓글 0",12,344,2021.11.18 21:51:42,https://gall.dcinside.com/mini/board/view/?id=rhkdtjdrh&no=910&page=17
17,909,[일반],진수게이 잘봤노?,ㅇㅇ,"ㅇㅇ(118.33) 2021.11.18 16:56:46
스크랩 조회 175 추천 0 댓글 1",0,175,2021.11.18 16:56:46,https://gall.dcinside.com/mini/board/view/?id=rhkdtjdrh&no=909&page=17
17,908,[일반],수능 잘봐라,- dc official App,"ㅇㅇ(110.12) 2021.11.18 02:37:58
스크랩 조회 101 추천 2 댓글 0",2,101,2021.11.18 02:37:58,https://gall.dcinside.com/mini/board/view/?id=rhkdtjdrh&no=908&page=17
17,906,[일반],갤주님 응원 떴냐...?,눈물이 나노 ㅠㅠㅠㅠ,"ㅇㅇ(175.223) 2021.11.17 20:47:32
스크랩 조회 249 추천 7 댓글 0",7,249,2021.11.17 20:47:32,https://gall.dcinside.com/mini/board/view/?id=rhkdtjdrh&no=906&page=17
17,904,[일반],응원 한 번 괜찮겠습니까?,"낼 수능 본다.
- dc official App","이진수 2021.11.17 16:55:41
스크랩 조회 317 추천 10 댓글 2",10,317,2021.11.17 16:55:41,https://gall.dcinside.com/mini/board/view/?id=rhkdtjdrh&no=904&page=17
17,902,[일반],자 쿨탐돌았다 ㄱㅅㅇ호감이면 개추ㅋㅋㅋㅋ,- dc official App,"ㅇㅇ(223.62) 2021.11.16 19:21:30
스크랩 조회 423 추천 11 댓글 2",11,423,2021.11.16 19:21:30,https://gall.dcinside.com/mini/board/view/?id=rhkdtjdrh&no=902&page=17
17,901,[일반],광성이나 갈걸 그랬다..,"졸업한지 4년이 지났는데도 안 간게 너무 후회되네
주제도 모르고 환일 간게 죄지 뭐 ㅠ","ㅇㅇ(118.235) 2021.11.16 18:33:59
스크랩 조회 202 추천 1 댓글 0",1,202,2021.11.16 18:33:59,https://gall.dcinside.com/mini/board/view/?id=rhkdtjdrh&no=901&page=17
17,900,[일반],본인 후다면 개추,"ㄱ
- dc official App","ㅇㅇ(110.12) 2021.11.16 15:35:44
스크랩 조회 304 추천 11 댓글 0",11,304,2021.11.16 15:35:44,https://gall.dcinside.com/mini/board/view/?id=rhkdtjdrh&no=900&page=17
17,899,[일반],그냥 도태남 인증을 해바리네 ㄹㅇ...,우리나라의 미래가 어둡구나 싶네...,"ㅇㅇ(223.38) 2021.11.15 09:41:35
스크랩 조회 184 추천 4 댓글 0",4,184,2021.11.15 09:41:35,https://gall.dcinside.com/mini/board/view/?id=rhkdtjdrh&no=899&page=17
17,895,[일반],광성미니갤하나만큼은 부럽다,경성첩잔데 경성갤은 안전생활부에서 탄압해가지고 씹선비문화임,"ㅇㅇ(223.38) 2021.11.12 14:47:11
스크랩 조회 384 추천 2 댓글 7",2,384,2021.11.12 14:47:11,https://gall.dcinside.com/mini/board/view/?id=rhkdtjdrh&no=895&page=17
17,894,[일반],광성도 이과 애들은 공부 좀 열심히 하냐,어때 전체적으로,"ㅇㅇ(118.235) 2021.11.11 21:46:29
스크랩 조회 330 추천 0 댓글 3",0,330,2021.11.11 21:46:29,https://gall.dcinside.com/mini/board/view/?id=rhkdtjdrh&no=894&page=17
17,893,[일반],벌써부터 그리우면 개추,"그립습니다..ㅠㅠ
- dc official App","ㅇㅇ(1.225) 2021.11.11 14:22:15
스크랩 조회 343 추천 7 댓글 2",7,343,2021.11.11 14:22:15,https://gall.dcinside.com/mini/board/view/?id=rhkdtjdrh&no=893&page=17
17,892,[일반],본인이 아직 안자고 있는 이재명 팬클럽 열혈회원이라면 개추,"개추
- dc official App","ㅇㅇ(223.38) 2021.11.11 00:40:32
스크랩 조회 233 추천 6 댓글 1",6,233,2021.11.11 00:40:32,https://gall.dcinside.com/mini/board/view/?id=rhkdtjdrh&no=892&page=17
17,890,[일반],고3 수능 일주일앞두고 디씨하고있으면 개추,일단나부터ㅋㅋㅋㅋㅋ,"ㅇㅇ(175.223) 2021.11.10 16:31:38
스크랩 조회 283 추천 9 댓글 1",9,283,2021.11.10 16:31:38,https://gall.dcinside.com/mini/board/view/?id=rhkdtjdrh&no=890&page=17
17,889,[일반],걍 내년에 이새끼 찍을 광붕이면 개추,"ㄹㅇ 듬직함..
- dc official App","ㅇㅇ(223.38) 2021.11.10 16:17:49
스크랩 조회 339 추천 9 댓글 1",9,339,2021.11.10 16:17:49,https://gall.dcinside.com/mini/board/view/?id=rhkdtjdrh&no=889&page=17
17,888,[일반],자신이 ㅅㅎㅂ 선생에게 '분노'를 선사할 고3이라면 개추 ㅋㅋ,드가자~,"ㅇㅇ(194.5) 2021.11.10 11:43:09
스크랩 조회 517 추천 11 댓글 0",11,517,2021.11.10 11:43:09,https://gall.dcinside.com/mini/board/view/?id=rhkdtjdrh&no=888&page=17
17,887,[일반],3학년들아 힘내라,이재명식 마인드로 수능을 찢고 온디고 생각하면 좋겠다. 화이팅!,"ㅇㅇ(211.36) 2021.11.10 10:19:25
스크랩 조회 179 추천 3 댓글 0",3,179,2021.11.10 10:19:25,https://gall.dcinside.com/mini/board/view/?id=rhkdtjdrh&no=887&page=17
17,886,[일반],제발 이재명 도배좀 그만해라,"라고할뻔~
 


광성고 갤러리일동은 더불어 민주당 이재명 후보님의 대통령취임을 응원합니다.


이재명은 합니다
- dc official App","ㅇㅇ(110.12) 2021.11.10 02:20:24
스크랩 조회 282 추천 9 댓글 1",9,282,2021.11.10 02:20:24,https://gall.dcinside.com/mini/board/view/?id=rhkdtjdrh&no=886&page=17
17,885,[일반],우리학교에 야갤고닉 있다던데,누군지 아는분?,"ㅇㅇ(1.232) 2021.11.10 01:12:37
스크랩 조회 257 추천 0 댓글 3",0,257,2021.11.10 01:12:37,https://gall.dcinside.com/mini/board/view/?id=rhkdtjdrh&no=885&page=17
17,884,[일반],유출녀 ㅗㅜㅑ ㅋㅋㅋㅋ.jpg,"그딴건 없고 이재명 대통령님이나 봐라
- dc official App","ㅇㅇ(223.38) 2021.11.10 00:20:03
스크랩 조회 368 추천 4 댓글 1",4,368,2021.11.10 00:20:03,https://gall.dcinside.com/mini/board/view/?id=rhkdtjdrh&no=884&page=17
17,882,[일반],그냥 밥버거 원툴갑..ㄹㅇ,"짜장떡볶이 걍 먹으라고 만든건지


맛없어서 못먹겟드만 ㄹㅇ","ㅇㅇ(223.38) 2021.11.09 20:10:45
스크랩 조회 317 추천 5 댓글 2",5,317,2021.11.09 20:10:45,https://gall.dcinside.com/mini/board/view/?id=rhkdtjdrh&no=882&page=17
17,881,[일반],50대 선생님보고 꼴린적 있으면 개추,일단 나부터ㅋㅋ,"ㅇㅇ(175.223) 2021.11.09 19:36:15
스크랩 조회 860 추천 11 댓글 3",11,860,2021.11.09 19:36:15,https://gall.dcinside.com/mini/board/view/?id=rhkdtjdrh&no=881&page=17
17,880,[일반],이재명 지지하면 개추,,"ㅇㅇ(124.54) 2021.11.09 19:35:40
스크랩 조회 101 추천 1 댓글 0",1,101,2021.11.09 19:35:40,https://gall.dcinside.com/mini/board/view/?id=rhkdtjdrh&no=880&page=17
17,879,[일반],오늘 급식>>밥버거가 ㅅㅌㅊ였음,"볶음김치+참치마요는 ㄹㅇ 미친 조합이다;;
짜장떡볶이가 기대했던 것보단 ㅍㅎㅌㅊ라 아쉽긴 했는데
사죄문 취소할 정도는 아니지 ㅇㅇ","ㅇㅇ(1.225) 2021.11.09 19:12:26
스크랩 조회 324 추천 7 댓글 1",7,324,2021.11.09 19:12:26,https://gall.dcinside.com/mini/board/view/?id=rhkdtjdrh&no=879&page=17
17,878,[일반],사죄문,"너무 많은 사람들에게 신세를 졌다.
나로 말미암아 여러 사람이 받은 고통이 너무 크다.
앞으로 받을 고통도 헤아릴 수가 없다.
여생도 남에게 짐이 될 일밖에 없다.
건강이 좋지 않아서 아무것도 할 수가 없다.
책을 읽을 수도 글을 쓸 수도 없다.

너무 슬퍼하지 마라.
삶과 죽음이 모두 자연의 한 조각 아니겠는가?

미안해하지 마라.
누구도 원망하지 마라.
운명이다.

화장해라.
그리고 집 가까운 곳에 아주 작은 비석 하나만 남겨라.
오래된 생각이다.","ㅇㅇ(175.223) 2021.11.09 19:10:12
스크랩 조회 138 추천 0 댓글 0",0,138,2021.11.09 19:10:12,https://gall.dcinside.com/mini/board/view/?id=rhkdtjdrh&no=878&page=17
17,877,[일반],오늘 급식 ㅅㅌㅊ였음,"ㅇㅇ
- dc official App","ㅇㅇ(1.225) 2021.11.09 18:56:56
스크랩 조회 135 추천 1 댓글 0",1,135,2021.11.09 18:56:56,https://gall.dcinside.com/mini/board/view/?id=rhkdtjdrh&no=877&page=17
17,876,[일반],사죄문 취소한다 시발,"오늘 급식 선 넘은거 아니냐??
- dc official App","ㅇㅇ(223.38) 2021.11.09 17:53:11
스크랩 조회 246 추천 2 댓글 3",2,246,2021.11.09 17:53:11,https://gall.dcinside.com/mini/board/view/?id=rhkdtjdrh&no=876&page=17
18,875,[일반],사죄문,"그동안 이 학교를 급식 맛없다, 선생님 맘에 안든다, 위치 ㅈ같다고 까서 죄송합니다. 청부살인하고 비자금 숨겼다가 딱걸린 환일고를 보니 이 학교는 그래도 인간으로서의 도리는 있는 사람들이 운영하는데라는 걸 깨달았습니다. 최준수 이사장님, 정우성 교장선생님, 탁신문 교감선생님, 그외 교직원 여러분 저희 앰생이들을 거둬주시고 인간다운 환경에서 가르쳐주셔서 감사드립니다.","ㅇㅇ(182.225) 2021.11.08 21:26:35
스크랩 조회 808 추천 19 댓글 4",19,808,2021.11.08 21:26:35,https://gall.dcinside.com/mini/board/view/?id=rhkdtjdrh&no=875&page=18
18,874,[일반],솔직히 자신이 내신등급 5이하다 개추,일단 나부터ㅋㅋㅋㅋㅋ,"ㅇㅇ(49.174) 2021.11.08 20:50:05
스크랩 조회 485 추천 10 댓글 3",10,485,2021.11.08 20:50:05,https://gall.dcinside.com/mini/board/view/?id=rhkdtjdrh&no=874&page=18
18,873,[일반],환일고 보니까 우리학교가 왜 괜찮아 보이지?,학교 위치는 좀 좆같게 됐지만 우리 이사장은 뭐 환일의 은미게이처럼 비리 저질렀다는 얘기는 한번도 못 들었는데 혹시 나만 모르는 거면 좀 알려줘라,"ㅇㅇ(182.225) 2021.11.08 20:11:43
스크랩 조회 549 추천 2 댓글 1",2,549,2021.11.08 20:11:43,https://gall.dcinside.com/mini/board/view/?id=rhkdtjdrh&no=873&page=18
18,872,[일반],학년마다 이런새끼 하나씩 꼭 있지않음?,"맨날 꾀병 부리면서 코로나 검사 받겠다고 학교 빠지고
다음날 학교와선 근육통 있는데 코로나 같다고 조퇴하는 앰생
- dc official App","ㅇㅇ 2021.11.08 17:36:28
스크랩 조회 568 추천 12 댓글 0",12,568,2021.11.08 17:36:28,https://gall.dcinside.com/mini/board/view/?id=rhkdtjdrh&no=872&page=18
18,871,[일반],ㄱㅅㅇ 요즘따라 더욱 호감이면 개추 ㄱ,- dc official App,"ㅇㅇ(223.38) 2021.11.08 17:34:19
스크랩 조회 283 추천 8 댓글 0",8,283,2021.11.08 17:34:19,https://gall.dcinside.com/mini/board/view/?id=rhkdtjdrh&no=871&page=18
18,870,[일반],나는 이재명을 지지한다면 개추좀ㅋㅋㅋ,"일단 나부터ㅋㅋㅋㅋ
- dc official App","ㅇㅇ 2021.11.07 23:26:27
스크랩 조회 208 추천 11 댓글 0",11,208,2021.11.07 23:26:27,https://gall.dcinside.com/mini/board/view/?id=rhkdtjdrh&no=870&page=18
18,869,[일반],이 노래 알면 개추 ㅋㅋ,"https://youtu.be/vYibVU6Wbas
다 안다 게이들아...","ㅇㅇ(182.225) 2021.11.07 22:05:27
스크랩 조회 229 추천 11 댓글 0",11,229,2021.11.07 22:05:27,https://gall.dcinside.com/mini/board/view/?id=rhkdtjdrh&no=869&page=18
18,868,[일반],이재명보단 윤석열이지,"아무리 홍준표 떨어졌어도
좌빨 선동 당하지마센 ww","ㅇㅇ(223.38) 2021.11.07 17:48:20
스크랩 조회 204 추천 4 댓글 1",4,204,2021.11.07 17:48:20,https://gall.dcinside.com/mini/board/view/?id=rhkdtjdrh&no=868&page=18
18,867,[일반],우리학교 전교조 많음?,"슨상들중에
- dc official App","ㅇㅇ(39.7) 2021.11.07 15:04:47
스크랩 조회 251 추천 0 댓글 1",0,251,2021.11.07 15:04:47,https://gall.dcinside.com/mini/board/view/?id=rhkdtjdrh&no=867&page=18
18,866,[일반],광성고에서 맘에 드는 남자애 한명씩 적고가라,- dc official App,"ㅇㅇ(223.38) 2021.11.07 02:49:51
스크랩 조회 378 추천 0 댓글 4",0,378,2021.11.07 02:49:51,https://gall.dcinside.com/mini/board/view/?id=rhkdtjdrh&no=866&page=18
18,865,[일반],광성고 나무위키 이새끼 뭐냐 ㅋㅋㅋㅋ,엉덩이 크기 기네스북도 있노,"ㅇㅇ(124.54) 2021.11.07 01:11:28
스크랩 조회 482 추천 3 댓글 2",3,482,2021.11.07 01:11:28,https://gall.dcinside.com/mini/board/view/?id=rhkdtjdrh&no=865&page=18
18,863,[일반],3학년 형님들 수능 응원합니다,내년엔 보지 맙시다 우리 ㅋㅋ,"ㅇㅇ(1.225) 2021.11.06 21:43:10
스크랩 조회 169 추천 2 댓글 0",2,169,2021.11.06 21:43:10,https://gall.dcinside.com/mini/board/view/?id=rhkdtjdrh&no=863&page=18
18,862,[일반],칭찬릴레이 한번 하면 어떻겠노?,그냥 니들이 이름까지 말고 초성같은 걸로 칭찬해주고 싶은 학생이나 슨상님들 칭찬해주는 거다. 참식아 어떻노?,"ㅇㅇ(182.225) 2021.11.06 20:55:24
스크랩 조회 174 추천 0 댓글 1",0,174,2021.11.06 20:55:24,https://gall.dcinside.com/mini/board/view/?id=rhkdtjdrh&no=862&page=18
18,861,[일반],전교회장 맘에 들면 개추 ㅋㅋ,일 잘하고 급식 의견 반영해 줘서 고맙다 ㅎㄷ야,"ㅇㅇ(194.5) 2021.11.06 20:49:29
스크랩 조회 571 추천 9 댓글 3",9,571,2021.11.06 20:49:29,https://gall.dcinside.com/mini/board/view/?id=rhkdtjdrh&no=861&page=18
18,860,[일반],먼 자꾸 나라 망한다는 병신이 잇네,ㄹㅇ,"ㅇㅇ(223.38) 2021.11.06 16:12:26
스크랩 조회 174 추천 0 댓글 3",0,174,2021.11.06 16:12:26,https://gall.dcinside.com/mini/board/view/?id=rhkdtjdrh&no=860&page=18
18,859,[일반],표어 대회 참가했는데 문상 왜 안주냐,나만 못 받은거임?,"ㅇㅇ(220.73) 2021.11.06 14:12:52
스크랩 조회 168 추천 0 댓글 1",0,168,2021.11.06 14:12:52,https://gall.dcinside.com/mini/board/view/?id=rhkdtjdrh&no=859&page=18
18,858,[일반],실시간 이거 뭐냐 ㅋㅋㅋ,"우리반 반톡이다 ㅋㅋㅋㅋ
- dc official App","ㅇㅇ(1.225) 2021.11.06 13:04:38
스크랩 조회 389 추천 5 댓글 2",5,389,2021.11.06 13:04:38,https://gall.dcinside.com/mini/board/view/?id=rhkdtjdrh&no=858&page=18
18,856,[일반],실시간 옆학교 1학년 확진5명ㅋㅋㅋㅋㅋ,- dc official App,"ㅇㅇ(61.98) 2021.11.06 11:38:33
스크랩 조회 262 추천 0 댓글 2",0,262,2021.11.06 11:38:33,https://gall.dcinside.com/mini/board/view/?id=rhkdtjdrh&no=856&page=18
18,854,[일반],참식이에게 고함,갤 대문 이걸로 부탁,"ㅇㅇ(182.225) 2021.11.05 23:23:42
스크랩 조회 135 추천 2 댓글 0",2,135,2021.11.05 23:23:42,https://gall.dcinside.com/mini/board/view/?id=rhkdtjdrh&no=854&page=18
18,853,[일반],이제 진짜로 이재명이 답인거 같으면 개추 ㅋㅋ,"일단 나부터 
- dc official App","ㅇㅇ(223.38) 2021.11.05 22:07:18
스크랩 조회 109 추천 4 댓글 0",4,109,2021.11.05 22:07:18,https://gall.dcinside.com/mini/board/view/?id=rhkdtjdrh&no=853&page=18
18,852,[일반],이제는 진짜로 이재명 밖에 없다,무야홍도 나가린데 광붕이들아 우리라도 살아남자.,"ㅇㅇ(182.225) 2021.11.05 16:05:18
스크랩 조회 245 추천 12 댓글 2",12,245,2021.11.05 16:05:18,https://gall.dcinside.com/mini/board/view/?id=rhkdtjdrh&no=852&page=18
18,851,[일반],오늘 먹은 것,"맛있다!
- dc official App","ㅇㅇ(39.7) 2021.11.05 12:16:54
스크랩 조회 132 추천 1 댓글 0",1,132,2021.11.05 12:16:54,https://gall.dcinside.com/mini/board/view/?id=rhkdtjdrh&no=851&page=18
18,850,[일반],광성고 치킨마요,"오늘 이거 나올것 같은데
노무 기대되는 광붕이는 개추 ㅋㅋㅋㅋ","ㅇㅇ(8.38) 2021.11.05 07:50:11
스크랩 조회 253 추천 3 댓글 1",3,253,2021.11.05 07:50:11,https://gall.dcinside.com/mini/board/view/?id=rhkdtjdrh&no=850&page=18
18,849,[일반],내년에 팡성고 확정 났는데,"팡성에 쌤중에 예쁜쌤들 있음?  제발 한명이라도
- dc official App","ㅇㅇ(223.38) 2021.11.05 00:25:13
스크랩 조회 281 추천 2 댓글 3",2,281,2021.11.05 00:25:13,https://gall.dcinside.com/mini/board/view/?id=rhkdtjdrh&no=849&page=18
18,848,[일반],3학년 담임은 어케 정하는거임?,하고싶다고 하면 하게 해주는건가 아니면 짬 있는 선생님들 갖다가 무작위로 배열하는 거려나?,"ㅇㅇ(182.225) 2021.11.04 18:04:18
스크랩 조회 222 추천 0 댓글 0",0,222,2021.11.04 18:04:18,https://gall.dcinside.com/mini/board/view/?id=rhkdtjdrh&no=848&page=18
18,847,[일반],야갤 보는데 이새끼 머냐??,뭔 ㅋㅋ,"ㅇㅇ(1.232) 2021.11.04 06:43:29
스크랩 조회 434 추천 12 댓글 0",12,434,2021.11.04 06:43:29,https://gall.dcinside.com/mini/board/view/?id=rhkdtjdrh&no=847&page=18
18,845,[일반],이재명,광성고의 자랑 윤성준님의 생일을 축하합니다!!!,"ㅇㅇ(106.101) 2021.11.03 22:35:40
스크랩 조회 300 추천 20 댓글 3",20,300,2021.11.03 22:35:40,https://gall.dcinside.com/mini/board/view/?id=rhkdtjdrh&no=845&page=18
18,844,[일반],현역들아,"니들 몇 시에 자서 몇 시에 일어나냐?
- dc official App","이진수 2021.11.03 19:56:15
스크랩 조회 175 추천 0 댓글 1",0,175,2021.11.03 19:56:15,https://gall.dcinside.com/mini/board/view/?id=rhkdtjdrh&no=844&page=18
18,842,[일반],내신,광성 2.0 이면 어디가냐,"ㄴㄹㄹㄴㅁㅇ(192.119) 2021.11.03 13:15:37
스크랩 조회 199 추천 0 댓글 3",0,199,2021.11.03 13:15:37,https://gall.dcinside.com/mini/board/view/?id=rhkdtjdrh&no=842&page=18
18,841,[일반],똥글좀 작작 써라,"여기가 이재명 갤러리냐?
- dc official App","ㅇㅇ(223.38) 2021.11.02 23:55:25
스크랩 조회 229 추천 5 댓글 2",5,229,2021.11.02 23:55:25,https://gall.dcinside.com/mini/board/view/?id=rhkdtjdrh&no=841&page=18
18,840,[일반],나의 첫사랑,"나의 처음이자 마지막 사랑 이재명
이재명은 합니다
오로지 이재명만이 대한민국을 바꿀수 있습니다
이재명! 이재명! 이재명!

- dc official App","ㅇㅇ(110.12) 2021.11.02 23:00:58
스크랩 조회 289 추천 8 댓글 0",8,289,2021.11.02 23:00:58,https://gall.dcinside.com/mini/board/view/?id=rhkdtjdrh&no=840&page=18
18,837,[일반],ㄹㅇ 우리학교는 확진자가 왜 안나오냐,"이것도 우리 문프 k방역 덕분인가 싶네


다음 대통령은 무조건 이재명이다","김참식 2021.10.30 18:54:26
스크랩 조회 388 추천 11 댓글 2",11,388,2021.10.30 18:54:26,https://gall.dcinside.com/mini/board/view/?id=rhkdtjdrh&no=837&page=18
18,836,[일반],좀 싸돌아 댕기고 그러면 안되냐?,왜 확진자가 없음 ㄹㅇ,"ㅇㅇ(223.62) 2021.10.30 17:45:36
스크랩 조회 183 추천 0 댓글 0",0,183,2021.10.30 17:45:36,https://gall.dcinside.com/mini/board/view/?id=rhkdtjdrh&no=836&page=18
18,834,[일반],광성이나 갈걸 그랬다 ㅅㅂ,"광성중 출신에 고교 졸업한지 5년이 다 돼가는데
공부 좀 하겠다고 환일 간거 ㄹㅇ 후회된다..

우리학년 기준으로 외고 과고 자사고 뺑뺑이로 떨어진 애들이 3분의 1이었는데 얘네가 떡하니 버티고 있는데 어케 뚫었겠누

내신 4등급까진 어찌어찌 해서 나왔는데
그 이상은 아예 안 나오더라

광성 4등급 애들은 평소에 공부 좀 하는 애들임?","ㅇㅇ(118.235) 2021.10.28 22:20:17
스크랩 조회 424 추천 3 댓글 3",3,424,2021.10.28 22:20:17,https://gall.dcinside.com/mini/board/view/?id=rhkdtjdrh&no=834&page=18
18,833,[일반],밑에 글 싸지른 새끼야 찡찡대지 마,나는 지금 세계사 고른거 후회하면서 ㅈㄴ 질질짜고 있는데 하..... 진짜 못바꾸냐?,"ㅇㅇ(182.225) 2021.10.28 22:03:09
스크랩 조회 278 추천 11 댓글 0",11,278,2021.10.28 22:03:09,https://gall.dcinside.com/mini/board/view/?id=rhkdtjdrh&no=833&page=18
18,832,[일반],광성 미쳤냐?,2학년 이과생인데 생명 슨상들이 계속 이따위로 시험낸다면 ㅈ될거 같아서 생2에서 화2런 하려 했는데 이제는 변경이 안된다고 시발? ㅋㅋㅋㅋ 아 진짜 이러지 마요 정우성 교장선생님,"ㅇㅇ(211.36) 2021.10.28 20:38:53
스크랩 조회 443 추천 1 댓글 3",1,443,2021.10.28 20:38:53,https://gall.dcinside.com/mini/board/view/?id=rhkdtjdrh&no=832&page=18
18,831,[일반],광성고가 일반고 치고 잘하는 편이냐?,일단 남녀공학은 아니니까 그렇게 개판은 아닐 것 같은디,"ㅇㅇ(118.235) 2021.10.28 15:43:48
스크랩 조회 504 추천 1 댓글 2",1,504,2021.10.28 15:43:48,https://gall.dcinside.com/mini/board/view/?id=rhkdtjdrh&no=831&page=18
18,830,[일반],와 시발,"김성빈 쌤은 자기가 세지 실모를 만들어서 애들한테 뿌려주네ㅋㅋㅋ
진짜 이게 참선생님이다 ㄹㅇ
- dc official App","이진수 2021.10.28 13:19:54
스크랩 조회 330 추천 0 댓글 4",0,330,2021.10.28 13:19:54,https://gall.dcinside.com/mini/board/view/?id=rhkdtjdrh&no=830&page=18
18,829,[일반],오늘의 일기.txt,"10월 28일 급식메뉴
-혼합 잡곡밥
-닭다리백숙
-오징어튀김
-칠리소스
-오이도라지무침
-석박지













?






대단하다! 씨발 광성!


- dc official App","탈모는질병 2021.10.28 11:59:12
스크랩 조회 546 추천 11 댓글 9",11,546,2021.10.28 11:59:12,https://gall.dcinside.com/mini/board/view/?id=rhkdtjdrh&no=829&page=18
18,828,[일반],사랑해,"이재명을
- dc official App","ㅇㅇ(223.39) 2021.10.28 00:00:16
스크랩 조회 156 추천 2 댓글 0",2,156,2021.10.28 00:00:16,https://gall.dcinside.com/mini/board/view/?id=rhkdtjdrh&no=828&page=18
18,826,[일반],이제 슬슬 광성갤 정권교체 마려우면 개추,"ㅇㄷㄴㅂㅌ ㅋㅋ
- dc official App","ㅇㅇ(223.39) 2021.10.27 18:25:43
스크랩 조회 330 추천 9 댓글 0",9,330,2021.10.27 18:25:43,https://gall.dcinside.com/mini/board/view/?id=rhkdtjdrh&no=826&page=18
18,825,[일반],이도근인가 먼가하는거 왔다간 이후로 걍 개노잼이네..,에효 ㄹㅇ 머함 ㅋㅋ,"ㅇㅇ(223.62) 2021.10.26 18:51:24
스크랩 조회 538 추천 6 댓글 1",6,538,2021.10.26 18:51:24,https://gall.dcinside.com/mini/board/view/?id=rhkdtjdrh&no=825&page=18
18,824,[일반],본인 1학년 문과,"2학년때 메가 대성 이투스 뭐가 나음?
- dc official App","ㅇㅇ(182.211) 2021.10.25 22:04:40
스크랩 조회 280 추천 0 댓글 2",0,280,2021.10.25 22:04:40,https://gall.dcinside.com/mini/board/view/?id=rhkdtjdrh&no=824&page=18
18,823,[일반],요새 참식이 폼 이새끼 같으면 개추ㅋㅋ,ㅇ,"ㅇㅇ(182.225) 2021.10.25 21:58:55
스크랩 조회 210 추천 2 댓글 0",2,210,2021.10.25 21:58:55,https://gall.dcinside.com/mini/board/view/?id=rhkdtjdrh&no=823&page=18
18,822,[일반],내 아이피 차단시킨거 누구냐,"하
- dc official App","ㅇㅇ(1.225) 2021.10.25 20:45:45
스크랩 조회 177 추천 0 댓글 2",0,177,2021.10.25 20:45:45,https://gall.dcinside.com/mini/board/view/?id=rhkdtjdrh&no=822&page=18
18,821,[일반],웰케 노잼됐노 광갤,"슬프다...그 찬란했던 과거여....
(재밌었던 사건들 언급하고싶은데 참음 )
- dc official App","ㅇㅇ(1.225) 2021.10.24 17:35:42
스크랩 조회 262 추천 1 댓글 3",1,262,2021.10.24 17:35:42,https://gall.dcinside.com/mini/board/view/?id=rhkdtjdrh&no=821&page=18
18,820,[일반],수저가 가격 올린거 괘씸하면 비추,"아니다 7000원이면 ㅅㅌㅊ다 맛있게 먹을거다 개추



여론조사 ㄱ ㄱ","ㅇㅇ(223.38) 2021.10.24 10:32:37
스크랩 조회 468 추천 16 댓글 5",16,468,2021.10.24 10:32:37,https://gall.dcinside.com/mini/board/view/?id=rhkdtjdrh&no=820&page=18
18,819,[일반],음식이 아니라 폭력이라고,"이 씨발새끼들아

- dc official App","ㅇㅇ(1.225) 2021.10.23 19:19:44
스크랩 조회 247 추천 5 댓글 0",5,247,2021.10.23 19:19:44,https://gall.dcinside.com/mini/board/view/?id=rhkdtjdrh&no=819&page=18
18,818,[일반],본인 곧 팡성고 갈 중3인데 궁금한점 물어봐도 되나요,"1.내신은 따기 쉬운편인가요
2. 2학년때 선택과목은 뭐 하는게 좋나요
3.예쁜 쌤들 있나요","ㅇㅇ(104.28) 2021.10.21 20:47:17
스크랩 조회 543 추천 6 댓글 0",6,543,2021.10.21 20:47:17,https://gall.dcinside.com/mini/board/view/?id=rhkdtjdrh&no=818&page=18
18,817,[일반],광성 최고 근본 동아리는?,ㅈㄱㄴ,"ㅇㅇ(223.38) 2021.10.21 15:39:57
스크랩 조회 533 추천 1 댓글 8",1,533,2021.10.21 15:39:57,https://gall.dcinside.com/mini/board/view/?id=rhkdtjdrh&no=817&page=18
19,816,[일반],광갤 옵챗 만들었다 광붕이들아,"https://open.kakao.com/o/g5ESl2Fd
- dc official App","ㅇㅇ(1.225) 2021.10.21 00:22:24
스크랩 조회 212 추천 2 댓글 0",2,212,2021.10.21 00:22:24,https://gall.dcinside.com/mini/board/view/?id=rhkdtjdrh&no=816&page=19
19,815,[일반],ㅎㅇ,공부열심히해라,"ㅇㅇ(175.114) 2021.10.20 22:07:25
스크랩 조회 189 추천 0 댓글 1",0,189,2021.10.20 22:07:25,https://gall.dcinside.com/mini/board/view/?id=rhkdtjdrh&no=815&page=19
19,814,[일반],1학년 야붕이왔다 ㅋㅋ,예아 학교에서 보면 인사좀 ㅋㅋ,"야붕이(1.232) 2021.10.20 17:03:57
스크랩 조회 440 추천 9 댓글 3",9,440,2021.10.20 17:03:57,https://gall.dcinside.com/mini/board/view/?id=rhkdtjdrh&no=814&page=19
19,813,[일반],광붕이들이 생각하는 졸업해도 못잊을 쌤은?,나는 이세주 쌤,"ㅇㅇ(211.36) 2021.10.19 00:25:32
스크랩 조회 442 추천 1 댓글 2",1,442,2021.10.19 00:25:32,https://gall.dcinside.com/mini/board/view/?id=rhkdtjdrh&no=813&page=19
19,812,[일반],이재명 진짜 당선되면 어떡하냐,난 걍 sat 준비하고 미국으로 도망간다,"김참식 2021.10.18 19:51:19
스크랩 조회 415 추천 11 댓글 4",11,415,2021.10.18 19:51:19,https://gall.dcinside.com/mini/board/view/?id=rhkdtjdrh&no=812&page=19
19,810,[일반],광성고 내년에 갈 게이임,여기 내신이 그리 빡세다는 소문이 있던데 사실임??,"ㅇㅇ(115.140) 2021.10.17 18:58:32
스크랩 조회 488 추천 1 댓글 15",1,488,2021.10.17 18:58:32,https://gall.dcinside.com/mini/board/view/?id=rhkdtjdrh&no=810&page=19
19,809,[일반],나 2학년에 짝사랑 하는 형 있음,"다음주에 고백하려고 
- dc official App","ㅇㅇ(223.39) 2021.10.16 23:42:22
스크랩 조회 369 추천 2 댓글 2",2,369,2021.10.16 23:42:22,https://gall.dcinside.com/mini/board/view/?id=rhkdtjdrh&no=809&page=19
19,807,[일반],바뀐 와이파이 비밀번호 알아내놈한테 밥사준다,진심임,"ㅇㅇ(39.7) 2021.10.14 08:48:13
스크랩 조회 730 추천 2 댓글 5",2,730,2021.10.14 08:48:13,https://gall.dcinside.com/mini/board/view/?id=rhkdtjdrh&no=807&page=19
19,806,[일반],와이파이 막혀버렸노..,슬프다,"ㅇㅇ(223.38) 2021.10.14 08:42:22
스크랩 조회 243 추천 0 댓글 0",0,243,2021.10.14 08:42:22,https://gall.dcinside.com/mini/board/view/?id=rhkdtjdrh&no=806&page=19
19,804,[일반],야대한 코덩이......jpg,"ㅋ
- dc official App","ㅇㅇ(39.7) 2021.10.13 12:36:00
스크랩 조회 572 추천 13 댓글 2",13,572,2021.10.13 12:36:00,https://gall.dcinside.com/mini/board/view/?id=rhkdtjdrh&no=804&page=19
19,803,[일반],9번 전체정답으로 처리됐네 ㅇㅇ,"ㅇㅇ
- dc official App","ㅇㅇ(39.7) 2021.10.13 12:08:21
스크랩 조회 358 추천 0 댓글 4",0,358,2021.10.13 12:08:21,https://gall.dcinside.com/mini/board/view/?id=rhkdtjdrh&no=803&page=19
19,802,[일반],고2 영어 ㅈ됐으면 개추 ㅋㅋ,- dc official App,"ㅇㅇ(110.12) 2021.10.13 09:35:48
스크랩 조회 388 추천 11 댓글 0",11,388,2021.10.13 09:35:48,https://gall.dcinside.com/mini/board/view/?id=rhkdtjdrh&no=802&page=19
19,801,[일반],한녀의 사고방식....jpg,- dc official App,"ㅇㅇ(39.7) 2021.10.13 02:18:48
스크랩 조회 338 추천 2 댓글 0",2,338,2021.10.13 02:18:48,https://gall.dcinside.com/mini/board/view/?id=rhkdtjdrh&no=801&page=19
19,800,[일반],씨발,- dc official App,"ㅇㅇ(1.225) 2021.10.13 01:36:54
스크랩 조회 212 추천 0 댓글 0",0,212,2021.10.13 01:36:54,https://gall.dcinside.com/mini/board/view/?id=rhkdtjdrh&no=800&page=19
19,799,[일반],화작 vs 언매,이번 2학년 화작이랑 언매 중 어느 쪽이 사람 더 많음?,"ㅇㅇ(182.225) 2021.10.12 20:34:39
스크랩 조회 188 추천 0 댓글 0",0,188,2021.10.12 20:34:39,https://gall.dcinside.com/mini/board/view/?id=rhkdtjdrh&no=799&page=19
19,797,[일반],수저가 마늘탕수육 안먹어본사람들,친구한명꼬셔서 같이 먹어바라 진짜 존나맛있다 태어나서 이렇게 맛잇는 탕수육 처음먹어봄 존나비싼 탕수육도 먹어봣는데 그거보다 맛잇음. 부먹으로 나오니까 참고하셈. 반박안받는다,"ㅇㅇ(211.215) 2021.10.12 16:45:27
스크랩 조회 364 추천 0 댓글 9",0,364,2021.10.12 16:45:27,https://gall.dcinside.com/mini/board/view/?id=rhkdtjdrh&no=797&page=19
19,796,[일반],경갤 부활,부활함,"ㅇㅇ(223.62) 2021.10.12 12:28:36
스크랩 조회 161 추천 0 댓글 0",0,161,2021.10.12 12:28:36,https://gall.dcinside.com/mini/board/view/?id=rhkdtjdrh&no=796&page=19
19,795,[일반],아 아직 시험 안끝났구나 ㅋ.ㅋ,롤만 하느라 몰랏네,"ㅇㅇ(220.71) 2021.10.11 21:02:19
스크랩 조회 148 추천 0 댓글 0",0,148,2021.10.11 21:02:19,https://gall.dcinside.com/mini/board/view/?id=rhkdtjdrh&no=795&page=19
19,794,[일반],진짜 시험 씨발 존나 기네,"하아...
- dc official App","ㅇㅇ(110.12) 2021.10.11 20:28:23
스크랩 조회 172 추천 1 댓글 0",1,172,2021.10.11 20:28:23,https://gall.dcinside.com/mini/board/view/?id=rhkdtjdrh&no=794&page=19
19,793,[일반],작년 3학년 형들 어땠냐?,ㄷㄱ피셜로 올해 졸업한 형들이 제일 멀쩡했다던데,"ㅇㅇ(223.62) 2021.10.11 17:43:55
스크랩 조회 305 추천 0 댓글 1",0,305,2021.10.11 17:43:55,https://gall.dcinside.com/mini/board/view/?id=rhkdtjdrh&no=793&page=19
19,791,[일반],오버워치할 광붕이 구함,배택 적고 가셈,"ㅇㅇ(117.111) 2021.10.11 15:14:25
스크랩 조회 147 추천 1 댓글 1",1,147,2021.10.11 15:14:25,https://gall.dcinside.com/mini/board/view/?id=rhkdtjdrh&no=791&page=19
19,790,[일반],ㅇㅇ,ㅎㅇ,"ㅇㅇ(223.62) 2021.10.11 13:23:47
스크랩 조회 121 추천 0 댓글 0",0,121,2021.10.11 13:23:47,https://gall.dcinside.com/mini/board/view/?id=rhkdtjdrh&no=790&page=19
19,789,[일반],경성고 근황 좀 알려줘라,갤주랑 뻘글 쓴 새끼들은 잡혀서 ㅈ됨 아니면 한명도 못잡음?,"ㅇㅇ(182.225) 2021.10.10 22:08:57
스크랩 조회 428 추천 0 댓글 5",0,428,2021.10.10 22:08:57,https://gall.dcinside.com/mini/board/view/?id=rhkdtjdrh&no=789&page=19
19,788,[일반],내신 등급 질문,"내신 등급 집계 할때 중간 등급+기말 등급/2 
중간점수+기말점수 합/200점  둘중에 어느거임?
전자면 ㅈ된건데 시험 실수 많이 해서 요번꺼 망해가지고
- dc official App","ㅇㅇ(110.12) 2021.10.10 18:24:35
스크랩 조회 423 추천 1 댓글 3",1,423,2021.10.10 18:24:35,https://gall.dcinside.com/mini/board/view/?id=rhkdtjdrh&no=788&page=19
19,787,[일반],그림 잘못그려서 다시 올림,그래도 문제 오류인건 안변함,"김참식 2021.10.10 13:31:07
스크랩 조회 314 추천 1 댓글 1",1,314,2021.10.10 13:31:07,https://gall.dcinside.com/mini/board/view/?id=rhkdtjdrh&no=787&page=19
19,786,[일반],???: 저 그게 광성고 갤러리에...,"디시인사이드라는 사이트에서 광성고 갤러리라는 곳이 있거든요...?
거기서 김참식이라는 3학년이 이 문제 오류라고 해서요...","김참식 2021.10.10 12:51:08
스크랩 조회 395 추천 2 댓글 1",2,395,2021.10.10 12:51:08,https://gall.dcinside.com/mini/board/view/?id=rhkdtjdrh&no=786&page=19
19,785,[일반],만약 저거 오류면 니들 뭐라고 따질거임?,"광성고 갤에 참식이가 풀어줬다고 할 순 없잖슴 ㅋㅋ
- dc official App","이진수 2021.10.10 12:02:04
스크랩 조회 251 추천 1 댓글 2",1,251,2021.10.10 12:02:04,https://gall.dcinside.com/mini/board/view/?id=rhkdtjdrh&no=785&page=19
19,782,[일반],복수정답은 선생님이 어떤 분이시냐에 따라 다르겠지,"엄청 꽉 막힌 분이시면 답 5번으로 밀고 나가실 수도 있는데


웬만해서는 저 문제는 전원정답 해주실 거 같음


답지엔 정답 9라고 적혀있는데 애초에 9가 어떻게 하면 나오는 지 감도 안 잡힘","김참식 2021.10.09 22:43:27
스크랩 조회 440 추천 0 댓글 5",0,440,2021.10.09 22:43:27,https://gall.dcinside.com/mini/board/view/?id=rhkdtjdrh&no=782&page=19
19,781,[일반],참식아,"다른과목도 봐줄 수 있냐
- dc official App","ㅇㅇ(1.225) 2021.10.09 22:41:57
스크랩 조회 253 추천 0 댓글 2",0,253,2021.10.09 22:41:57,https://gall.dcinside.com/mini/board/view/?id=rhkdtjdrh&no=781&page=19
19,780,[일반],김참식 씹호감됐으면 개추 ㅋㅋ,"그냥 디시충인줄 알았는데 ㄹㅇ 참선배네
- dc official App","ㅇㅇ(1.225) 2021.10.09 22:40:28
스크랩 조회 190 추천 4 댓글 0",4,190,2021.10.09 22:40:28,https://gall.dcinside.com/mini/board/view/?id=rhkdtjdrh&no=780&page=19
19,777,[일반],시험 연기된거 공부 안하고 노는중이면 개추 ㅋㅋ,"일단 나부터 
- dc official App","ㅇㅇ(110.12) 2021.10.09 22:21:13
스크랩 조회 240 추천 10 댓글 0",10,240,2021.10.09 22:21:13,https://gall.dcinside.com/mini/board/view/?id=rhkdtjdrh&no=777&page=19
19,775,[일반],에휴 새파랗게 젊은 놈들이 벌써일베하네...,무현이니 대중이니 에휴...,"ㅇㅇ(223.38) 2021.10.09 18:00:36
스크랩 조회 251 추천 2 댓글 2",2,251,2021.10.09 18:00:36,https://gall.dcinside.com/mini/board/view/?id=rhkdtjdrh&no=775&page=19
19,773,[일반],아니 근데 그 영어슨상은 왤케 연계에 집착하냐??,"6,9평 보면 영어는 올해부터 연계 걍 니애미 박는 분위기던데 왤케 집착함 ㅋㅋ 맨날 연계얘기 존나하는데","ㅇㅇ(211.36) 2021.10.09 14:17:33
스크랩 조회 390 추천 1 댓글 4",1,390,2021.10.09 14:17:33,https://gall.dcinside.com/mini/board/view/?id=rhkdtjdrh&no=773&page=19
19,772,[일반],안녕하세요?,안녕하시냐구요,"ㅇㅇ(183.96) 2021.10.09 12:34:07
스크랩 조회 161 추천 0 댓글 1",0,161,2021.10.09 12:34:07,https://gall.dcinside.com/mini/board/view/?id=rhkdtjdrh&no=772&page=19
19,771,[일반],본인 내신 1 1 2 1 1 인데 괜칀?,인서울하냐ㅋㅋ,"ㅇㅇ(223.38) 2021.10.08 14:54:58
스크랩 조회 456 추천 0 댓글 3",0,456,2021.10.08 14:54:58,https://gall.dcinside.com/mini/board/view/?id=rhkdtjdrh&no=771&page=19
19,770,[일반],시험끝나서 행복하노ㄹㅇ,럴이나 하러 가보쟈...,"ㅇㅇ(1.232) 2021.10.08 14:17:25
스크랩 조회 140 추천 0 댓글 0",0,140,2021.10.08 14:17:25,https://gall.dcinside.com/mini/board/view/?id=rhkdtjdrh&no=770&page=19
19,769,[일반],시험끝나서 부랄이 덜덜거리는 광붕이는 개추 ㅋㅋ,"일단 나부터 ㅋㅋ
- dc official App","ㅇㅇ(211.36) 2021.10.08 12:02:19
스크랩 조회 137 추천 1 댓글 0",1,137,2021.10.08 12:02:19,https://gall.dcinside.com/mini/board/view/?id=rhkdtjdrh&no=769&page=19
19,768,[일반],경성갤 보니 참식이는 존나 유능한 놈이였네 ㅋㅋㅋ,참식좌 그는 대체,"ㅇㅇ(182.225) 2021.10.08 00:46:02
스크랩 조회 251 추천 0 댓글 0",0,251,2021.10.08 00:46:02,https://gall.dcinside.com/mini/board/view/?id=rhkdtjdrh&no=768&page=19
19,767,[일반],경성고 미니갤러리가 부활했습니다.,헐레벌떡 들어온 노숙자들ㅋㅋ,"ㅇㅇ(223.38) 2021.10.08 00:07:21
스크랩 조회 324 추천 0 댓글 0",0,324,2021.10.08 00:07:21,https://gall.dcinside.com/mini/board/view/?id=rhkdtjdrh&no=767&page=19
19,766,[일반],광성갤은 우리 경붕이들이 점령했다,시발..,"ㅇㅇ(37.143) 2021.10.07 22:21:37
스크랩 조회 532 추천 2 댓글 4",2,532,2021.10.07 22:21:37,https://gall.dcinside.com/mini/board/view/?id=rhkdtjdrh&no=766&page=19
19,765,[일반],메이플하는게이없노?,같이 대가리 터지자 광붕들아,"붕붕(122.46) 2021.10.07 22:20:34
스크랩 조회 158 추천 1 댓글 1",1,158,2021.10.07 22:20:34,https://gall.dcinside.com/mini/board/view/?id=rhkdtjdrh&no=765&page=19
19,764,[일반],소신발언),1학년 3반 애미뒤진 새끼들아 좀 쳐닥쳐 제발,"ㅇㅇ(223.38) 2021.10.07 21:49:55
스크랩 조회 221 추천 3 댓글 0",3,221,2021.10.07 21:49:55,https://gall.dcinside.com/mini/board/view/?id=rhkdtjdrh&no=764&page=19
19,763,[일반],확진자,"확진자 나와서 하는말인데 선생들은 급식 먹을 때 왜 온도체크 안 함? 새치기 하는것도 꼴받는데 
- dc official App","배찌찌배 2021.10.07 18:51:49
스크랩 조회 272 추천 4 댓글 3",4,272,2021.10.07 18:51:49,https://gall.dcinside.com/mini/board/view/?id=rhkdtjdrh&no=763&page=19
19,762,[일반],경성고 갤은 뭔 지랄을 했길래 폐쇄됐냐,설명충 등판좀 ㅋㅋ,"김참식 2021.10.07 18:11:32
스크랩 조회 633 추천 1 댓글 8",1,633,2021.10.07 18:11:32,https://gall.dcinside.com/mini/board/view/?id=rhkdtjdrh&no=762&page=19
19,761,[일반],경성고 갤 폐쇄되어버렸노 ㅋㅋㅋㅋ,동방예의지국에서 선배님이랑 선생님 익명성 믿고 까니까 그 꼴이 나는거지 ㅋㅋㅋㅋ,"ㅇㅇ(182.225) 2021.10.07 17:19:29
스크랩 조회 328 추천 3 댓글 0",3,328,2021.10.07 17:19:29,https://gall.dcinside.com/mini/board/view/?id=rhkdtjdrh&no=761&page=19
19,760,[일반],실시간 경성고ㄹㅇ...,야이버 코사대 입갤ㅋㅋㅋ,"ㅇㅇ(223.62) 2021.10.07 16:46:13
스크랩 조회 673 추천 0 댓글 6",0,673,2021.10.07 16:46:13,https://gall.dcinside.com/mini/board/view/?id=rhkdtjdrh&no=760&page=19
19,759,[일반],월요일 신나게 놀 1학년만 개추ㅋㅋ,,"ㅇㅇ(223.62) 2021.10.07 16:22:25
스크랩 조회 335 추천 6 댓글 1",6,335,2021.10.07 16:22:25,https://gall.dcinside.com/mini/board/view/?id=rhkdtjdrh&no=759&page=19
19,758,[일반],고2 나 수학 반타작 했는데,"ㅋㅋㅋㅋㅋㅋㅋㅋㅋ걍 마음 접었다 
그래도 5는 뜨겠지...?
- dc official App","ㅇㅇ(223.39) 2021.10.07 14:22:47
스크랩 조회 214 추천 1 댓글 0",1,214,2021.10.07 14:22:47,https://gall.dcinside.com/mini/board/view/?id=rhkdtjdrh&no=758&page=19
19,757,[일반],내일 시험 못보는 2학년들 우는중ㅋㅋㅋ,,"ㅇㅇ(1.232) 2021.10.07 14:15:18
스크랩 조회 221 추천 1 댓글 2",1,221,2021.10.07 14:15:18,https://gall.dcinside.com/mini/board/view/?id=rhkdtjdrh&no=757&page=19
19,756,[일반],진짜 온클 하루밖에 안하는건 정신이 나갔나 ㅋㅋ,이딴걸로 장난질은 안했던 고학균 그립노,"ㅇㅇ(49.166) 2021.10.07 14:12:23
스크랩 조회 161 추천 0 댓글 0",0,161,2021.10.07 14:12:23,https://gall.dcinside.com/mini/board/view/?id=rhkdtjdrh&no=756&page=19
20,755,[일반],확진자가 나왔는데 왜 온클은 하루밖에 안 해?,"작년에 한 명 나왔을 땐 2주 낭낭하게 온클했는데



백신 맞춰줬으니까 확진자 생겨도 막나가겠다 이거냐?","김참식 2021.10.07 13:44:42
스크랩 조회 250 추천 3 댓글 1",3,250,2021.10.07 13:44:42,https://gall.dcinside.com/mini/board/view/?id=rhkdtjdrh&no=755&page=20
20,754,[일반],너네 믿고 공부 안해도 되지?,ㅇㅇ,"ㅇㅇ(223.38) 2021.10.07 13:22:02
스크랩 조회 181 추천 0 댓글 1",0,181,2021.10.07 13:22:02,https://gall.dcinside.com/mini/board/view/?id=rhkdtjdrh&no=754&page=20
20,753,[일반],내일 시험 연기냐?,ㅇㅇ,"ㅇㅇ(223.38) 2021.10.07 13:15:18
스크랩 조회 186 추천 0 댓글 2",0,186,2021.10.07 13:15:18,https://gall.dcinside.com/mini/board/view/?id=rhkdtjdrh&no=753&page=20
20,752,[일반],수학 선생님들께 고함,왜 답 개수비 안맞추셨어요 ㅠㅠㅠㅠ 개수비 믿고 마지막 4번 스트레이트로 갔는데 ㅅㅂ거,"ㅇㅇ(182.225) 2021.10.07 12:56:16
스크랩 조회 397 추천 0 댓글 2",0,397,2021.10.07 12:56:16,https://gall.dcinside.com/mini/board/view/?id=rhkdtjdrh&no=752&page=20
20,751,[일반],2학년 확진,"2학년 확진자 나왔다는거 찐임?
- dc official App","ㅇㅇ(110.12) 2021.10.07 12:31:38
스크랩 조회 238 추천 0 댓글 2",0,238,2021.10.07 12:31:38,https://gall.dcinside.com/mini/board/view/?id=rhkdtjdrh&no=751&page=20
20,750,[일반],개추 박아라ㅋㅋㅋㅋㅋ,- dc official App,"ㅇㅇ(1.225) 2021.10.07 02:12:11
스크랩 조회 488 추천 21 댓글 3",21,488,2021.10.07 02:12:11,https://gall.dcinside.com/mini/board/view/?id=rhkdtjdrh&no=750&page=20
20,749,[일반],본인 내신,"2학년 1학기 기말까지  5 5 4 3 4 4 인데 지금 부터 아무리 올려도 
2호선라인은  아예 불가능 이냐? 문과임 지금이라고 정시 존나 팔까 
- dc official App","ㅇㅇ(223.38) 2021.10.06 23:08:11
스크랩 조회 297 추천 0 댓글 9",0,297,2021.10.06 23:08:11,https://gall.dcinside.com/mini/board/view/?id=rhkdtjdrh&no=749&page=20
20,748,[일반],존나 3학년 병신새끼들 씨발같네,"애미뒤졌네 분위기 ㅋㅋ 왜 싹 다 쳐 자냐 공부 포기함???
병신같은 고3새끼들 재수나 해라 엎드려 쳐자고 존나 코골고 씨발새끼들","ㅇㅇ(211.36) 2021.10.06 20:14:08
스크랩 조회 469 추천 1 댓글 8",1,469,2021.10.06 20:14:08,https://gall.dcinside.com/mini/board/view/?id=rhkdtjdrh&no=748&page=20
20,747,[일반],국어 1학년 다들 어려웠냐?,"교과서에 없는게 좀 많이 나온것 같음
- dc official App","ㅇㅇ(1.225) 2021.10.06 15:26:09
스크랩 조회 257 추천 2 댓글 3",2,257,2021.10.06 15:26:09,https://gall.dcinside.com/mini/board/view/?id=rhkdtjdrh&no=747&page=20
20,746,[일반],광성고 갤은 경성고 2학년 5반 김범준이 접수한다,다들 알아서 기어라,"ㅇ(118.221) 2021.10.06 08:36:25
스크랩 조회 688 추천 8 댓글 3",8,688,2021.10.06 08:36:25,https://gall.dcinside.com/mini/board/view/?id=rhkdtjdrh&no=746&page=20
20,745,[일반],집에 그림 걸어놨는데 ㅁㅌㅊ?,"부동산투기혁파 ‧ 기본주택 보장, 이재명은 합니다!  
- dc official App","ㅇㅇ(223.38) 2021.10.06 01:04:57
스크랩 조회 317 추천 2 댓글 3",2,317,2021.10.06 01:04:57,https://gall.dcinside.com/mini/board/view/?id=rhkdtjdrh&no=745&page=20
20,744,[일반],진짜 이재명 뽑아야햐는 이유,"흙수저들아 무지성으로 이재명 찍어라 왜 부자들이, 애국보수들이 이재명 소리에 치를 떨겠냐? 지들 돈 뺏기는게 기정사실이거든 어차피 흙수저인생인데 니들 조롱하던 부자들 애국보수들 한명이라도 찢어버려야하지 않겠노? 3월이다. 조선을 찢어버리자


- dc official App","ㅇㅇ(1.225) 2021.10.05 23:48:09
스크랩 조회 180 추천 1 댓글 0",1,180,2021.10.05 23:48:09,https://gall.dcinside.com/mini/board/view/?id=rhkdtjdrh&no=744&page=20
20,743,[일반],ㅡㅡㅡㅡㅡㅡ여기는 홍준표 갤러리다ㅡㅡㅡㅡㅡㅡ,- dc official App,"ㅇㅇ(110.12) 2021.10.05 23:36:23
스크랩 조회 187 추천 4 댓글 0",4,187,2021.10.05 23:36:23,https://gall.dcinside.com/mini/board/view/?id=rhkdtjdrh&no=743&page=20
20,742,[일반],"진지하게 이재명 지지하시는 선생님들,","개추 한번씩만 눌러주고 가시죠
- dc official App","ㅇㅇ(1.225) 2021.10.05 23:08:40
스크랩 조회 429 추천 10 댓글 0",10,429,2021.10.05 23:08:40,https://gall.dcinside.com/mini/board/view/?id=rhkdtjdrh&no=742&page=20
20,741,[일반],오늘부터 여기는 이재명 갤러리다,"이재명, 내 삶의 빛이요, 내 생명의 불꽃. 나의 죄, 나의 영혼. 이-재-명. 세 번 입천장에서 이빨을 톡톡 치며 세 단계의 여행을 하는 혀 끝.
- dc official App","ㅇㅇ(1.225) 2021.10.05 23:06:21
스크랩 조회 169 추천 2 댓글 0",2,169,2021.10.05 23:06:21,https://gall.dcinside.com/mini/board/view/?id=rhkdtjdrh&no=741&page=20
20,740,[일반],생명 1컷,생명 85점 정도 되는데 1컷 가능이냐?,"ㅇㅇ(114.201) 2021.10.05 19:49:10
스크랩 조회 210 추천 0 댓글 0",0,210,2021.10.05 19:49:10,https://gall.dcinside.com/mini/board/view/?id=rhkdtjdrh&no=740&page=20
20,739,[일반],오늘부로 이재명에 대한 지지를 철회한다.,"오늘부로 이재명에 대한 지지를 철회한다.
오늘부터 지지관계에서 벗어나
이재명과 나는 한몸으로 일체가 된다.
이재명에 대한 공격은 나에 대한 공격으로 간주한다.
세상에 70억명의 이재명 팬이 있다면, 나는 그들 중 한명일 것이다.
세상에 1억명의 이재명 팬이 있다면, 나 또한 그들 중 한명일 것이다.
세상에 천 만명의 이재명 팬이 있다면, 나는 여전히 그들 중 한명일 것이다.
세상에 백 명의 이재명 팬이 있다면, 나는 아직도 그들 중 한명일 것이다.
세상에 한 명의 이재명 팬이 있다면, 그 사람은 아마도 나일 것이다.
세상에 단 한 명의 이재명 팬도 없다면, 나는 그제서야 이 세상에 없는 것이다.
이재명, 나의 사랑.
이재명, 나의 빛.
이재명, 나의 어둠.
이재명, 나의 삶.
이재명, 나의 기쁨.
이재명, 나의 슬픔.
이재명, 나의 고통.
이재명, 나의 안식.
이재명, 나의 영혼.
이재명, 나.
- dc official App","ㅇㅇ(1.225) 2021.10.05 18:54:22
스크랩 조회 252 추천 1 댓글 2",1,252,2021.10.05 18:54:22,https://gall.dcinside.com/mini/board/view/?id=rhkdtjdrh&no=739&page=20
20,738,[일반],생명 탈출은 지능순,"씨이--발 좆같은 퍼즐놀이 과목 다신 하나봐라 ㅋㅋ
난 물지나 파련다 ㅋㅋㅋㅋ","ㅇㅇ(223.39) 2021.10.05 18:28:41
스크랩 조회 192 추천 1 댓글 1",1,192,2021.10.05 18:28:41,https://gall.dcinside.com/mini/board/view/?id=rhkdtjdrh&no=738&page=20
20,737,[일반],생명 누가 어렵게 내는거야 시발,ㅈㄷㅎ인가 ㄱㄱㅌ인가 이건 시팔 뭔...,"ㅇㅇ(211.36) 2021.10.05 18:11:45
스크랩 조회 219 추천 0 댓글 0",0,219,2021.10.05 18:11:45,https://gall.dcinside.com/mini/board/view/?id=rhkdtjdrh&no=737&page=20
20,736,[일반],경제 잘 봤냐,"너무 어렵네 ㅅㅂ 나 50점 나옴 ㅋㅋㅋㅋ
- dc official App","ㅇㅇ(223.38) 2021.10.05 16:19:17
스크랩 조회 191 추천 1 댓글 1",1,191,2021.10.05 16:19:17,https://gall.dcinside.com/mini/board/view/?id=rhkdtjdrh&no=736&page=20
20,735,[일반],생명1 2학기 중간이 원래 어려움,"작년에 나 생명 했을 때

2학기 중간 50점쯤? 받아서

개좆됐다싶었는데

그 때 우리반 평균 점수가 32점인가 그랬음

못봤어도 너무 슬퍼하지 마셈

니들 친구들이 더 못봤을 거임","김참식 2021.10.05 16:15:28
스크랩 조회 232 추천 0 댓글 1",0,232,2021.10.05 16:15:28,https://gall.dcinside.com/mini/board/view/?id=rhkdtjdrh&no=735&page=20
20,734,[일반],ㅅㅂ 생명1 60점 떴는데,몇등급 보냐,"ㅇㅇ(125.187) 2021.10.05 15:14:45
스크랩 조회 284 추천 0 댓글 4",0,284,2021.10.05 15:14:45,https://gall.dcinside.com/mini/board/view/?id=rhkdtjdrh&no=734&page=20
20,733,[일반],"ㄱㄱㅌ, ㅈㄷㅎ 죽창 마려우면 개추 ㅋㅋ",풀라고 만들어논 문제냐? 진짜 너무하잖아 ㅅㅂ,"ㅇㅇ(194.5) 2021.10.05 11:53:25
스크랩 조회 627 추천 13 댓글 1",13,627,2021.10.05 11:53:25,https://gall.dcinside.com/mini/board/view/?id=rhkdtjdrh&no=733&page=20
20,732,[일반],노가다의 현실.jpg,"진짜 ""노""가다 ㅋㅋ
- dc official App","ㅇㅇ(210.178) 2021.10.04 16:38:48
스크랩 조회 217 추천 0 댓글 0",0,217,2021.10.04 16:38:48,https://gall.dcinside.com/mini/board/view/?id=rhkdtjdrh&no=732&page=20
20,731,[일반],이 처자 가능?,ㄱㄴ?,"ㅇㅇ(223.62) 2021.10.03 20:45:58
스크랩 조회 309 추천 2 댓글 1",2,309,2021.10.03 20:45:58,https://gall.dcinside.com/mini/board/view/?id=rhkdtjdrh&no=731&page=20
20,730,[일반],ㄹㄹ안에질싸<~~누군지 드디어 알아냈다ㅋㅋ,,"ㅇㅇ(223.38) 2021.10.03 19:53:44
스크랩 조회 322 추천 2 댓글 0",2,322,2021.10.03 19:53:44,https://gall.dcinside.com/mini/board/view/?id=rhkdtjdrh&no=730&page=20
20,729,[일반],9평 석차1등 인증.,,"ㅇㅇ(1.232) 2021.10.03 19:13:04
스크랩 조회 316 추천 1 댓글 0",1,316,2021.10.03 19:13:04,https://gall.dcinside.com/mini/board/view/?id=rhkdtjdrh&no=729&page=20
20,728,[일반],투과목하는쉑잇음??,"지균 서로 다 미룬다고들엇는데
낭만이없네
- dc official App","ㅇㅇ(180.229) 2021.10.03 16:02:18
스크랩 조회 211 추천 0 댓글 1",0,211,2021.10.03 16:02:18,https://gall.dcinside.com/mini/board/view/?id=rhkdtjdrh&no=728&page=20
20,727,[일반],ㅋㅋㅋㅋㅋ오마카세 먹으러왔는데 ㅁㅌㅊ?,"그걸 속냐?
광붕이 새끼들아
- dc official App","ㅇㅇ(1.225) 2021.10.03 12:40:15
스크랩 조회 232 추천 2 댓글 1",2,232,2021.10.03 12:40:15,https://gall.dcinside.com/mini/board/view/?id=rhkdtjdrh&no=727&page=20
20,726,[일반],본인이 유전<<하면서 후회 벅벅하는 생1러면 개추 ㅋㅋ,ㅅㅂ,"ㅇㅇ(220.86) 2021.10.03 10:59:03
스크랩 조회 170 추천 2 댓글 0",2,170,2021.10.03 10:59:03,https://gall.dcinside.com/mini/board/view/?id=rhkdtjdrh&no=726&page=20
20,725,[일반],제송합니다ㄹㅇ,다시는 안ㅇ그럴게요ㄹㅇ,"ㅇㅇ(223.62) 2021.10.03 01:16:24
스크랩 조회 392 추천 6 댓글 0",6,392,2021.10.03 01:16:24,https://gall.dcinside.com/mini/board/view/?id=rhkdtjdrh&no=725&page=20
20,723,[일반],오늘 연대 논술 보고 온 광붕이 있냐?,"ㅈㄱㄴ
- dc official App","ㅇㅇ(121.66) 2021.10.02 18:25:30
스크랩 조회 313 추천 0 댓글 3",0,313,2021.10.02 18:25:30,https://gall.dcinside.com/mini/board/view/?id=rhkdtjdrh&no=723&page=20
20,721,[일반],지금이라도 정시 가면 희망 있냐,"고2인데  지금 평균 내신 4.5임 ㅅㅂ  여기서 아무리 발악 해봤자 
2.x 맞추기도 힘들텐데 정시가면 희망 있냐
도근이는 여기 눈팅 할꺼면 이런거나 상담 해줘라 
- dc official App","ㅇㅇ(223.39) 2021.10.02 00:38:55
스크랩 조회 286 추천 0 댓글 2",0,286,2021.10.02 00:38:55,https://gall.dcinside.com/mini/board/view/?id=rhkdtjdrh&no=721&page=20
20,720,[일반],작수 78878 광붕이 9평떳냐?,오,"ㅇㅇ(106.101) 2021.10.01 22:41:10
스크랩 조회 222 추천 1 댓글 1",1,222,2021.10.01 22:41:10,https://gall.dcinside.com/mini/board/view/?id=rhkdtjdrh&no=720&page=20
20,719,[일반],독서 수업의 근본은 갓세주쌤임,뭐어쩌라고,"ㅇㅇ(223.38) 2021.10.01 20:09:39
스크랩 조회 233 추천 0 댓글 1",0,233,2021.10.01 20:09:39,https://gall.dcinside.com/mini/board/view/?id=rhkdtjdrh&no=719&page=20
20,718,[일반],고2들아 너네는 독서어케나옴?,고3은 시험에 수특지문 존나 뜯어오고 수업은 해설지만 달달달 읽어주는 좆병신 과목인데 고2는 다르냐? 무슨쌤이 수업하냐,"ㅇㅇ(115.41) 2021.10.01 19:45:18
스크랩 조회 252 추천 0 댓글 6",0,252,2021.10.01 19:45:18,https://gall.dcinside.com/mini/board/view/?id=rhkdtjdrh&no=718&page=20
20,717,[일반],독서 80점 만점 54.6점이면 ㅈ된거냐?,씨발,".(124.111) 2021.10.01 15:48:43
스크랩 조회 276 추천 1 댓글 2",1,276,2021.10.01 15:48:43,https://gall.dcinside.com/mini/board/view/?id=rhkdtjdrh&no=717&page=20
20,716,[일반],오늘 헌법지문 풀다 이거 생각났으면 개추 ㅋㅋ,흑흑,"ㅇㅇ(182.225) 2021.10.01 15:17:44
스크랩 조회 162 추천 3 댓글 0",3,162,2021.10.01 15:17:44,https://gall.dcinside.com/mini/board/view/?id=rhkdtjdrh&no=716&page=20
20,715,[일반],오늘 고2 독서 난이도 ㅁㅌㅊ냐,ㅇㄹ,"ㅇㅇ(110.12) 2021.10.01 14:30:20
스크랩 조회 290 추천 0 댓글 6",0,290,2021.10.01 14:30:20,https://gall.dcinside.com/mini/board/view/?id=rhkdtjdrh&no=715&page=20
20,714,[일반],옆 학교는 코로나로 난리났네,전면등교 안하는 K-방역의 승리냐?,"ㅇㅇ(1.225) 2021.10.01 14:03:04
스크랩 조회 230 추천 0 댓글 1",0,230,2021.10.01 14:03:04,https://gall.dcinside.com/mini/board/view/?id=rhkdtjdrh&no=714&page=20
20,713,[일반],9평 성적표 떴다.,"국어 -.-
- dc official App","ㅇㅇ(180.229) 2021.09.30 23:30:34
스크랩 조회 617 추천 8 댓글 6",8,617,2021.09.30 23:30:34,https://gall.dcinside.com/mini/board/view/?id=rhkdtjdrh&no=713&page=20
20,710,[일반],씨발 우리학교 한남새끼들 죽여버리고싶다 진짜,한남들아 그냥 뒤져제발,"ㅇㅇ(223.38) 2021.09.30 09:57:07
스크랩 조회 590 추천 10 댓글 2",10,590,2021.09.30 09:57:07,https://gall.dcinside.com/mini/board/view/?id=rhkdtjdrh&no=710&page=20
20,709,[일반],다들 시험 잘보길 바란다,"ㅇㅇ
- dc official App","ㅇㅇ(1.225) 2021.09.29 20:06:58
스크랩 조회 153 추천 1 댓글 0",1,153,2021.09.29 20:06:58,https://gall.dcinside.com/mini/board/view/?id=rhkdtjdrh&no=709&page=20
20,708,[일반],홍준표 뽑는다,무야홍~,"ㅇㅇ(175.114) 2021.09.29 18:49:12
스크랩 조회 269 추천 15 댓글 0",15,269,2021.09.29 18:49:12,https://gall.dcinside.com/mini/board/view/?id=rhkdtjdrh&no=708&page=20
20,707,[일반],너무쎄게안으면숨막혀요ㅋㅋㅋㅋㅋㅋㅋ,,"ㅇㅇ(223.38) 2021.09.29 14:30:15
스크랩 조회 160 추천 0 댓글 0",0,160,2021.09.29 14:30:15,https://gall.dcinside.com/mini/board/view/?id=rhkdtjdrh&no=707&page=20
20,706,[일반],색안경을끼고보지마요ㅋㅋㅋㅋㅋㅋㅋㅋㅋ,,"ㅇㅇ(223.38) 2021.09.29 14:29:10
스크랩 조회 139 추천 1 댓글 0",1,139,2021.09.29 14:29:10,https://gall.dcinside.com/mini/board/view/?id=rhkdtjdrh&no=706&page=20
20,705,[일반],색안경을끼고보지마요ㅋㅋㅋㅋㅋㅋㅋㅋㅋ,,"ㅇㅇ(223.38) 2021.09.29 14:28:52
스크랩 조회 151 추천 0 댓글 0",0,151,2021.09.29 14:28:52,https://gall.dcinside.com/mini/board/view/?id=rhkdtjdrh&no=705&page=20
20,704,[일반],광성고 확진자 떴다 ㅅㅂ ㅋㅋㅋㅋㅋㅋ,,"ㅇㅇ(182.225) 2021.09.29 13:16:16
스크랩 조회 251 추천 1 댓글 0",1,251,2021.09.29 13:16:16,https://gall.dcinside.com/mini/board/view/?id=rhkdtjdrh&no=704&page=20
20,703,[일반],광성 순대국 맛있다면 개추 ㅋㅋ,광성에서 이만한 메뉴가 없다고 봄,"ㅇㅇ(8.38) 2021.09.29 12:11:16
스크랩 조회 343 추천 13 댓글 0",13,343,2021.09.29 12:11:16,https://gall.dcinside.com/mini/board/view/?id=rhkdtjdrh&no=703&page=20
20,702,[일반],급식에 얘네 조미료 존나 넣나 왜 먹을때마다 속이 안좋지,"먹고나면 존나 속이 더부룩함
먹을때 속 뒤집어지고 안먹으면 속 편한거같은데 얘네 뭐 조미료 엄청넣나?","ㅇㅇ(211.36) 2021.09.28 21:13:14
스크랩 조회 259 추천 3 댓글 2",3,259,2021.09.28 21:13:14,https://gall.dcinside.com/mini/board/view/?id=rhkdtjdrh&no=702&page=20
