페이지,게시글번호,말머리,제목,내용,글쓴이,추천수,조회수,날짜,링크
1,2324,[공지],청구고등학교 설명서 ( 2026 수정본 ),"일단 이런 변방의 청구고까지 온 청붕이들을 환영한다 난 현재 고3이였다가 대학갔다. 사실 여기는 Hell 중 Hell학교지만 다른사람들이 잘 모르는게 많기에 제발 좆되지 말라고 적는다 1.세특 어떰? 니가 해야한다. 안하면 졸라 안적어줌(내 1학년때 통합과학 쌤이 누구 세특에 ""답이 없음""이라고 적혀있는것도 봄. 저거 딸랑 하나) 그럼 뭘 해야하냐. 학교 평범하게 생활하고 할거 다 하면 기본 세특 50%+ 너가 수업시간에 발표같은거 몇개씩만 해줘도 적어준다 단 직업을 미리 말하거나 적어도 희망학과를 말해줘야 쌤의 세특이 겉과속이 아주 바삭해지기때문에 1학년 청붕이들은 빠르게 학과를 정하도록 하자 요약:할거 다하고 발표 한개만 해도 평타 + 다른거 더하면 추가로 줌 근데 발표 한개만해도 꽤 찬다 추신: 교과담당쌤한테 자기 학과를 계속 어필하면 더 예뻐짐 2.체육대회! 운동회! ""수학여행"" 있겠냐? 우리학교는 수학여행이 없다 아니 이제 없을 예정이지 07년생들이 작년에 뭘 어떻게 해서 이제부터 수학여행 없을 예정이다(작년엔 그랬는데 지금도 그럴 확률 높음, 간다고 해도 해외는 절대안감) 뭐 어떻겠냐 08들아 그냥 악으로 버텨 +1학년은 바다쪽으로 해양수련원가는데, 작년 2학년이 텐트생활했으니까 너네는 센터실 안에서 합숙할 예정이다. 기간은 10월 18일쯤 체육대회도 빠르게 끝낸다. 청소년육상어쩌구같은곳에서 하던데, 1시쯤 끝나는데 다들 폰보고 있었음 문화제? 있겠냐? 그딴건 없다. 아이돌? 가수? 그런 사람들도 안 온다. 그냥 외부활동은 1년에 3번 이내고, 여기에 기대하지 말라. 너희는 절대로 이걸 못바꿈 오히려 바꾸려고 하면 악화됨 3.내신 난이도는 어떤데 국어:수업 잘 들으면 할만함. 진짜 쌤이 잘 가르쳐주고 나오는거 졸지만 않으면 65점은 넘는다(공부 안해도 넘어 얘들아) 단 국어는 매우 쉽기 때문에 80점 81점 1점차이로 등급이 결정될 수 있기 땜에 공부 소홀히 하면 3 4 신세다 수학:난 문과였어서 그랬는데 조오오올라 어렵다 마지막문제는 풀지말고 넘기는게 이롭다 반평균 18점 나왔다 문과반이라서 그런지 모르겠지만. 영어:수능형이라서 수능공부 많이한 애들은 유리, 근데 서술형은 좀 어렵다. 긴 문장 주고 그 짧은 시간안에 알아서 해석하란다. 서술형 빼고는 객관식은 다 맞아야 하는거고, 서술형 마지막 번호 몇개만 못적어도 2등급은 간다. 사탐:""존 나""어려움. 윤사 중간 평균이 30점인거도 볼 정도로 2학년부터 확 어려워짐. 수업 안들으면 백퍼 하위권점수나옴 윤사 생윤 사문 이쪽은 개어렵다. 과탐:문과라 몰?루 난 4등급이였다 총평:청구고 동구에 있다고 온거면 후회하도록. 좆된거다. 4.휴대폰 너네 요즘 휴대폰 걷는다며 음음.. 고생이 많다 일단 이 행사는 신학기가 시작되었을때부터 지속된 명-예로운 행사다 3월달에는 무조건 전자기기를 수거하는 전통행사. 이러다가 5월쯤 되면 흐지부지된다. 왜? 결국 이게 말이 안된다는걸 알거든 학생 패드도 걷는건 뭐 인강 못보는데 넘한거 아니냐 이러고 수업시간에 활용해야할 패드도 아직 안온곳도 있다며? 필요악이고, 언젠간 사라지니까 버텨라 그리고 쌤들 욕하지마 다들 착하신데 이건 쌤들이 한게 아니라 그 위쪽임...ㅇㅈㅎ.. 5.선생님들은 어떤데? 착하시다. 진짜 다들 괜찮으시고 우리 아끼심. 그리고 너네 사탐쌤한테는 인사 무조건 해라 다들 현자시니까 내기준 1티어: ㅈㅈㅅ(일), ㄱㅎㅂ(국), ㅇㅊㅈ(사) 이 세분은 재미 취향 가르침 다 GOAT이신 분들이다. 이건 내 피셜이라서 반박시 너네말이 다 맞음 이분들 보면 인사 한번씩은 하자 6. 급식:맛있다! 내가 못살아서 그런지도 모르겠지만 졸라맛있음 ㄹㅇ 진짜루루 ----> 음 작년까진 좋았는데 25년 8월 이후로 영양사 바뀌고 급식 개 헬됐으니 좋다고 생각하지 말것. 군대밥이라고 생각해라 근데 배고픈 게이들은 나가서 사먹으면 되는데 이건 이제 1학년은 좀 아직까지 짬 안차서 무리고, 2학년은 쌤한테 가서 외출증 써달라고 하면 써준다. 여담 중학교랑 건물 같이써서 시끄러울때가 종종 있다. 시험기간에 도서관에서 공부하면 개꿀이다 조용하고 자기 할것만 함 그리고 여기서 데이터로 버틸생각 하지말자. 전파간섭 심해서 데이터로 유튜브도 못보니까. 빨리 인맥을 동원하든 선배를 찾든 해서 학교 와이파이를 손에 넣도록 하는것이 이롭다. 그리고 2학년이나 3학년은 제발 졸업하거나 올라갈때 패드 초기화하자 아니 전 선배나 후배들 패드 초기화하려고 보면 야동있고 그런적 있다.. 제발 초기화하자.. 버텨라. 너네가 선택한 청구고다",이창존 2025.03.11 22:35:18 스크랩 조회 2107 추천 17 댓글 12,17,2107,2025.03.11 22:35:18,https://gall.dcinside.com/mgallery/board/view/?id=choenggu&no=2324&page=1
1,2577,[공지],여기는 청구고등학교 마이너 갤러리입니다,"타인을 향한 비방, 디시인사이드 규정에 반하는 내용이 아닌 경우 모든 글의 작성이 허용됩니다. Team 08 화이팅!",이창존 2026.03.18 00:00:46 스크랩 조회 71 추천 1 댓글 0,1,71,2026.03.18 00:00:46,https://gall.dcinside.com/mgallery/board/view/?id=choenggu&no=2577&page=1
1,2619,[노가리],강당지어질때 다닌 졸업생입니다,요즘도 싸대기 떄리냐? 빠다로 개쳐맞고 ㅅㅂ  다리 분질러져서 걷지도 못했는데,청붕이 (218.49) 2026.05.30 14:38:40 스크랩 조회 28 추천 0 댓글 1,0,28,2026.05.30 14:38:40,https://gall.dcinside.com/mgallery/board/view/?id=choenggu&no=2619&page=1
1,2618,[노가리],밑에 영어 ㅂㅈㅇ,여자쌤 말하는거임? 무서운 쌤이었는데 요즘엔 좋으신가보네 2010년대에 중학교다녔는데 소리 한 번 지르면 얄짤없었는데,청붕이 (121.182) 2026.05.26 18:35:09 스크랩 조회 116 추천 1 댓글 1,1,116,2026.05.26 18:35:09,https://gall.dcinside.com/mgallery/board/view/?id=choenggu&no=2618&page=1
1,2617,[노가리],아오 진짜,스타벅스가 어쩌고 탱크가 저쩌고 하는 병신새끼들 진짜 대가리 깨고 싶네 선생들이야 좌파가 많으니까 그 짓 하는 거 이해하겠는데 평소에 이재명 욕하던 새끼들이 그 소리하는거 보면 이 새끼들은 우파가 아니라 걍 정치인 욕하는 게 좋은 거임 - dc official App,ㅇㅇ (223.39) 2026.05.26 17:12:14 스크랩 조회 90 추천 1 댓글 0,1,90,2026.05.26 17:12:14,https://gall.dcinside.com/mgallery/board/view/?id=choenggu&no=2617&page=1
1,2616,[노가리],현장체험 어땠냐,ㅈㄴ꾸진거 같던데,청붕이 (175.121) 2026.05.24 01:30:08 스크랩 조회 135 추천 0 댓글 3,0,135,2026.05.24 01:30:08,https://gall.dcinside.com/mgallery/board/view/?id=choenggu&no=2616&page=1
1,2614,[노가리],에스크 이미 있네,관리자는 누구지? - dc official App,하루히사랑해 2026.05.20 16:29:25 스크랩 조회 128 추천 0 댓글 1,0,128,2026.05.20 16:29:25,https://gall.dcinside.com/mgallery/board/view/?id=choenggu&no=2614&page=1
1,2613,[노가리],주딱아 우리도 앙고처럼 애스크 하면 안 되냐,ㅈㄱㄴ,청붕이 (175.121) 2026.05.19 22:38:50 스크랩 조회 105 추천 0 댓글 1,0,105,2026.05.19 22:38:50,https://gall.dcinside.com/mgallery/board/view/?id=choenggu&no=2613&page=1
1,2612,[노가리],중국어 ㄱㅁㅅ 왜 자꾸  그러냐?,ㄱㅁㅅ 자꾸 똥가오 잡고 처야리는데 뭐하는 새끼임,청붕이 (58.229) 2026.05.19 21:53:37 스크랩 조회 169 추천 2 댓글 3,2,169,2026.05.19 21:53:37,https://gall.dcinside.com/mgallery/board/view/?id=choenggu&no=2612&page=1
1,2611,[노가리],주딱 몇반임?,- dc official App,청붕이 (175.121) 2026.05.17 23:26:27 스크랩 조회 152 추천 0 댓글 1,0,152,2026.05.17 23:26:27,https://gall.dcinside.com/mgallery/board/view/?id=choenggu&no=2611&page=1
1,2609,[노가리],졸업생들 많이 오네,상어냠냠도 왔으려나 - dc official App,하루히사랑해 2026.05.15 15:42:31 스크랩 조회 164 추천 0 댓글 0,0,164,2026.05.15 15:42:31,https://gall.dcinside.com/mgallery/board/view/?id=choenggu&no=2609&page=1
1,2607,[노가리],ㅈㅈㅅ,https://youtu.be/Ab_R48VeTyE 이거 뭐고,청붕이 (39.116) 2026.05.11 15:19:40 스크랩 조회 282 추천 2 댓글 5,2,282,2026.05.11 15:19:40,https://gall.dcinside.com/mgallery/board/view/?id=choenggu&no=2607&page=1
1,2605,[노가리],2000년대 입학 졸업생입니다 후배님들,"후배님들 안녕하세요 ? 저는 2000 년대 중반 입학 청구고 선배입니다 다닐때는 정말 joat같았는데 졸업하니 좋은학교고 많은 분야에 훌륭한 졸업 선배님들 계십니다 제가 학교 다닐때는 야간자습 강제에 온갖 부조리 천국 이였습니다 그리고 여기서 후배님들이 말하는 “ 그 ” 선생님은 참교사입니다 . 내가 학교 다닐때도 진보적이고 생각이 트인 분이셨습니다 . 제 정치 성향은 보수 + 경상도 토종에 가깝습니다. 그분은 진정 학생 먼저 생각하는 분이고 보수적인 대구 + 사학재단에서 그런 성향으로 살아남은거 보면 다른 능력이있거나 크게 문제는 안되는 듯합니다 . 혹시나 특정사상이나 잘못된 역사를 가르친다면 그냥 듣고 넘겨주시기 바랍니다 . 제가 학생이였어도 뒤에서 욕할거같지만 제가 학교다닐때는 그런거 일절 없습니다 그리고 진짜 교사들중에 쓰레기는 지금 중학교에 있는 어떤 sheep shake it입니다 애들 볼기짝 때리고 , 분필 던지고 쓰레기짓 만 골라서하면서 목요예배때 주님 ~ 주님 ~ 하는 인간입니다 꼭 정년퇴직 하기전에 가서 욕을 퍼부어 주고 싶네요 머리카락도 몇 개 없을텐데 뒤통수 한 대 후리고 싶습니다 모두 열공하시고 좋은대학 가십시오 이상합니다",청붕이 (211.243) 2026.05.08 21:48:20 스크랩 조회 303 추천 2 댓글 17,2,303,2026.05.08 21:48:20,https://gall.dcinside.com/mgallery/board/view/?id=choenggu&no=2605&page=1
1,2604,[노가리],요즘 왜 학교 홈페이지에 사진 안 올라오냐,,청붕이 (175.121) 2026.05.07 22:49:32 스크랩 조회 172 추천 0 댓글 1,0,172,2026.05.07 22:49:32,https://gall.dcinside.com/mgallery/board/view/?id=choenggu&no=2604&page=1
1,2603,[노가리],방송시간에,진짜 미치겠네 애들 줄줄이 불러놓고 눈감게 시키고 왜그러냐 요즘에 머리는 또 왜 안 감고 양치는 왜 안 하는거임 미치겠네 감시하는 그 치명적인 눈빛 진짜 황홀경에 빠질뻔,청붕이 (103.216) 2026.05.04 23:55:49 스크랩 조회 248 추천 0 댓글 5,0,248,2026.05.04 23:55:49,https://gall.dcinside.com/mgallery/board/view/?id=choenggu&no=2603&page=1
1,2602,[노가리],ㅈㅈㅅ,이미지 왜 씹창나있노 사람은 좋은거같던디,ㅇㅇ (211.250) 2026.04.26 01:01:20 스크랩 조회 350 추천 4 댓글 4,4,350,2026.04.26 01:01:20,https://gall.dcinside.com/mgallery/board/view/?id=choenggu&no=2602&page=1
1,2601,[노가리],음악쌤이 예쁨,ㅇㅇ,청붕이 (45.128) 2026.04.26 00:46:49 스크랩 조회 443 추천 0 댓글 5,0,443,2026.04.26 00:46:49,https://gall.dcinside.com/mgallery/board/view/?id=choenggu&no=2601&page=1
1,2600,[노가리],1학년 영어시험,영어시험 교과서 부교재 모의고사 각각 문제 비율 어느정도 되나요 선배님들..1학기 중간고사 기준입니다..,청붕이 (222.104) 2026.04.21 20:04:43 스크랩 조회 295 추천 0 댓글 2,0,295,2026.04.21 20:04:43,https://gall.dcinside.com/mgallery/board/view/?id=choenggu&no=2600&page=1
1,2599,[노가리],졸업한 3학년이 풀어보는 ㅈㅈㅅ 썰,"ㅈㅈㅅ 욕이 많길래 눈팅하다 글적어본다 일단 본인은 2년전에 졸업한 졸업생이다 ㅈㅈㅅ 선생님은 너희들도 잘 알다시피 좌좀찢갈이신 건 맞아 일본유학생 출신이시면서 반일하는 내로남불인 것도 맞아 그치만 마음 하나만큼은 정말 좋으신 분이야 너희들은 애미뒤졌냐고 말할 수도 있겠지 그치만 때는 내가 1학년 시절, 청구고 정문에서 나와 좌회전하면 보이는 카센타 옆에는 백반집이 있었어 냉면과 제육볶음, 된장찌개 등을 파는 백반집이었는데 여기서 친구들과 하교후 밥을 먹으러 갔어. 안에는 ㅈㅈㅅ 선생님이 동료교사분과 식사를 하고 계신거 평범하게 그냥 인사만 드리고 우린 밥을 먹었지 선생님들은 먼저 나가시고 우리도 잠시후 계산을 하려고하는데 계산이 이미 되어있대 알고보니 ㅈㅈㅅ 선생님께서 우리가 먹은 냉면 두개, 된장찌개 하나를 모조리 계산해주시고 가신거야 당연히 우린 뛰어나가 저희가 커피라도 사드리겠다고 했지만 쿨하게 거절하셨어 또 하교하다 본 건데,  어떤 할머니께서 폐지 및 쓰레기를 수레에 넣고 가시다 쏟아버리셨어 우리가 도와드리려하는 그때 ㅈㅈㅅ 선생님께서 나타나신 다음 쓰레기를 줍고, 손수레를 밀어드리고 가시더라고, 우리보곤 빨리 집에나 가라는 손짓과 함께. 물론  우리때도 수업시간에 정치적 발언과 반일 선동을 무지하게 하셨지만, 나는 선생님을 마냥 미워할 수만은 없었어 그분도 불쌍한 좌익선전의 피해자라고 생각하고, 너희들이 너무 미워하고 증오하진 않았으면 좋겠다...",청붕이 (175.201) 2026.04.21 20:03:57 스크랩 조회 421 추천 13 댓글 2,13,421,2026.04.21 20:03:57,https://gall.dcinside.com/mgallery/board/view/?id=choenggu&no=2599&page=1
1,2598,[노가리],영어 ㅂㅈㅇ,영어 ㅂㅈㅇ쌤 어떠심,청붕이 (222.104) 2026.04.19 15:17:01 스크랩 조회 345 추천 1 댓글 7,1,345,2026.04.19 15:17:01,https://gall.dcinside.com/mgallery/board/view/?id=choenggu&no=2598&page=1
1,2597,[노가리],우리 학교에 잘생겼거나 예쁜쌤 있냐,잘생긴쌤은 없는듯,ㅇㅇ 2026.04.13 20:58:46 스크랩 조회 490 추천 0 댓글 8,0,490,2026.04.13 20:58:46,https://gall.dcinside.com/mgallery/board/view/?id=choenggu&no=2597&page=1
1,2596,[노가리],중국어 ㄱㅁㅅ쌤 어떰?,수업은 잘하는거 같은데 어떰?,청붕이 (14.46) 2026.04.12 20:08:27 스크랩 조회 290 추천 0 댓글 1,0,290,2026.04.12 20:08:27,https://gall.dcinside.com/mgallery/board/view/?id=choenggu&no=2596&page=1
1,2595,[노가리],하위권은 이과 문과?,어디 가야함 둘다하위권,청붕이 (58.124) 2026.04.12 14:03:55 스크랩 조회 188 추천 0 댓글 2,0,188,2026.04.12 14:03:55,https://gall.dcinside.com/mgallery/board/view/?id=choenggu&no=2595&page=1
1,2592,[노가리],team 09인데 현사윤,현사윤 ㅇㅊㅈ샘 서술형 어캐내심?,청붕이 (39.116) 2026.04.08 13:11:02 스크랩 조회 237 추천 0 댓글 2,0,237,2026.04.08 13:11:02,https://gall.dcinside.com/mgallery/board/view/?id=choenggu&no=2592&page=1
1,2591,[노가리],성대모사 대회 끝인가,문재인 청붕이가 황올 먹게 생겼다,청붕이 (116.43) 2026.04.04 23:49:43 스크랩 조회 167 추천 0 댓글 1,0,167,2026.04.04 23:49:43,https://gall.dcinside.com/mgallery/board/view/?id=choenggu&no=2591&page=1
1,2590,[노가리],성대모사 참가합니다,별로 안 비슷함 - dc official App,ㅇㅇ (222.238) 2026.04.02 20:04:19 스크랩 조회 306 추천 12 댓글 2,12,306,2026.04.02 20:04:19,https://gall.dcinside.com/mgallery/board/view/?id=choenggu&no=2590&page=1
1,2589,[노가리],team 09인데 ㅇㅊㅈ샘 윤사,수업시간때 대충 보고 넘기신거는 별로 안중요함? 딱히 필요없다고 하셨는데,청붕이 (125.143) 2026.04.01 00:31:53 스크랩 조회 339 추천 0 댓글 6,0,339,2026.04.01 00:31:53,https://gall.dcinside.com/mgallery/board/view/?id=choenggu&no=2589&page=1
1,2587,[노가리],10년전에 학생부 쓰다가 짤린 국어교사에 대해 아는사람?,그사람 어케댐,동방제과 2026.04.01 00:07:55 스크랩 조회 301 추천 0 댓글 1,0,301,2026.04.01 00:07:55,https://gall.dcinside.com/mgallery/board/view/?id=choenggu&no=2587&page=1
1,2586,[노가리],졸업생이 쓰는 2년전 1년전 급식,옛날 급식은 퀄리티좋고 맛있었는데 요즘도 이렇게 나옴?,이창존 2026.03.30 09:13:32 스크랩 조회 309 추천 2 댓글 3,2,309,2026.03.30 09:13:32,https://gall.dcinside.com/mgallery/board/view/?id=choenggu&no=2586&page=1
1,2585,[공지],제 1회 청갤 성대모사 대회를 개최합니다,"보플로 여러분의 성대모사 능력을 자유롭게 보여주세요. 1등에게는 황금올리브, 2등은 편의점 5천원권 3등은 ㅇㄷㅇ를 드립니다~",청붕이 (116.43) 2026.03.28 01:49:44 스크랩 조회 266 추천 4 댓글 2,4,266,2026.03.28 01:49:44,https://gall.dcinside.com/mgallery/board/view/?id=choenggu&no=2585&page=1
1,2584,[노가리],주딱이는,왜 굴 좋아하는거냐? ?si=mMXN_lOrPzchRZZa,청붕이 (221.164) 2026.03.27 20:51:16 스크랩 조회 339 추천 8 댓글 2,8,339,2026.03.27 20:51:16,https://gall.dcinside.com/mgallery/board/view/?id=choenggu&no=2584&page=1
1,2582,[노가리],오늘 3학년층에서,노무현은 살아있다 누가 외쳤노?,니애미 (106.101) 2026.03.25 21:29:55 스크랩 조회 383 추천 0 댓글 7,0,383,2026.03.25 21:29:55,https://gall.dcinside.com/mgallery/board/view/?id=choenggu&no=2582&page=1
1,2581,[노가리],타츠키가 만신이라고?,병 신 이겠지,눈치안볼래재미있게놀 (61.98) 2026.03.25 21:25:09 스크랩 조회 175 추천 4 댓글 0,4,175,2026.03.25 21:25:09,https://gall.dcinside.com/mgallery/board/view/?id=choenggu&no=2581&page=1
1,2580,[노가리],영어학원,"행님들 안녕하십니까! 사랑합니다! 고1 청붕이 입니다! 영어학원 어디 다닐지 알아보고 있는데, 내신 및 모의고사 대비 빵빵하게 해주는 곳이면 좋겠습니다! 지역은 만촌동 쪽으로 추천해주시면 감사하겠습니다! 사랑합니다!",청붕이 (222.104) 2026.03.21 21:36:42 스크랩 조회 294 추천 0 댓글 7,0,294,2026.03.21 21:36:42,https://gall.dcinside.com/mgallery/board/view/?id=choenggu&no=2580&page=1
1,2579,[노가리],작년 입결 아는사람?,ㅈㄱㄴ,ㅇㅇ (122.43) 2026.03.21 16:58:10 스크랩 조회 239 추천 0 댓글 2,0,239,2026.03.21 16:58:10,https://gall.dcinside.com/mgallery/board/view/?id=choenggu&no=2579&page=1
1,2578,[노가리],주딱은 안오고 갤 방치된거 같아서,한번 리뉴얼 했다 졸업생이지만 관리 꾸준히할게,이창존 2026.03.18 00:13:37 스크랩 조회 315 추천 5 댓글 5,5,315,2026.03.18 00:13:37,https://gall.dcinside.com/mgallery/board/view/?id=choenggu&no=2578&page=1
1,2576,[노가리],내 여친 ㅁㅌㅊ,,청붕이 (39.116) 2026.03.16 18:49:18 스크랩 조회 372 추천 0 댓글 2,0,372,2026.03.16 18:49:18,https://gall.dcinside.com/mgallery/board/view/?id=choenggu&no=2576&page=1
1,2575,[노가리],여기 급식 양왜이래요,밥양이 너무적어요..,청붕이 (211.235) 2026.03.13 16:21:00 스크랩 조회 332 추천 1 댓글 4,1,332,2026.03.13 16:21:00,https://gall.dcinside.com/mgallery/board/view/?id=choenggu&no=2575&page=1
1,2573,[노가리],청구주인데,ㄴㅏ대지마라,청붕이 (39.116) 2026.03.13 10:30:03 스크랩 조회 226 추천 0 댓글 1,0,226,2026.03.13 10:30:03,https://gall.dcinside.com/mgallery/board/view/?id=choenggu&no=2573&page=1
1,2572,[노가리],중앙고인데,86봐라,청붕이 (39.116) 2026.03.13 10:29:38 스크랩 조회 315 추천 0 댓글 1,0,315,2026.03.13 10:29:38,https://gall.dcinside.com/mgallery/board/view/?id=choenggu&no=2572&page=1
1,2571,[노가리],아 섹스,에이티식스 봐라 섹스,청붕이 (39.116) 2026.03.13 10:25:21 스크랩 조회 208 추천 0 댓글 0,0,208,2026.03.13 10:25:21,https://gall.dcinside.com/mgallery/board/view/?id=choenggu&no=2571&page=1
1,2570,[노가리],1학년인데 윤리 ㅇㅈㅅ선생님어떰,,청붕이 (58.237) 2026.03.11 21:49:04 스크랩 조회 429 추천 3 댓글 3,3,429,2026.03.11 21:49:04,https://gall.dcinside.com/mgallery/board/view/?id=choenggu&no=2570&page=1
1,2569,[노가리],3학년 수학 ㄱㅇㅈ 쌤 어떰,어떰,청붕이 (49.168) 2026.03.11 01:26:30 스크랩 조회 271 추천 0 댓글 0,0,271,2026.03.11 01:26:30,https://gall.dcinside.com/mgallery/board/view/?id=choenggu&no=2569&page=1
1,2568,[노가리],시발 3학년에 계속 혼자 으흐흐 거리고 비듬 조난 많은놈,누구냐 얼굴도 짱구같이 눈썹 존나 진하고 수염 존나 많고 지 혼자 계속 으흐흐흐 거리는데,ㅇㅇ (223.39) 2026.03.04 20:17:15 스크랩 조회 428 추천 0 댓글 2,0,428,2026.03.04 20:17:15,https://gall.dcinside.com/mgallery/board/view/?id=choenggu&no=2568&page=1
1,2567,[노가리],이거 품번좀 ㅜㅜ,학교 와이파이 비번 뭐임 - dc official App,ㅇㅇ 2026.03.04 19:52:30 스크랩 조회 432 추천 0 댓글 2,0,432,2026.03.04 19:52:30,https://gall.dcinside.com/mgallery/board/view/?id=choenggu&no=2567&page=1
1,2566,[노가리],신입생 교복 질문,자켓 팔에 달린 금색단추 떼도 되나요 불편하지않나요,청붕이 (117.53) 2026.03.02 21:58:41 스크랩 조회 253 추천 1 댓글 3,1,253,2026.03.02 21:58:41,https://gall.dcinside.com/mgallery/board/view/?id=choenggu&no=2566&page=1
1,2565,[정보],신입생인데,청구 모의고사에서 문제형식따서 시험에 내나요?,청붕이 (121.182) 2026.02.28 21:14:43 스크랩 조회 218 추천 0 댓글 1,0,218,2026.02.28 21:14:43,https://gall.dcinside.com/mgallery/board/view/?id=choenggu&no=2565&page=1
2,2564,[노가리],여기 오자 필수임?,ㅈㄱㄴ,ㅇㅇ 2026.02.28 16:25:49 스크랩 조회 345 추천 0 댓글 4,0,345,2026.02.28 16:25:49,https://gall.dcinside.com/mgallery/board/view/?id=choenggu&no=2564&page=2
2,2563,[노가리],청구 두발 규정,"청구고 신입생인데 두발규정 빡세나요? 지금 눈썹 가리는데 걸리나요? AI 이미지가 생성되었습니다. 새로고침(F5) 해 주세요. AI 이미지가 생성되었습니다. 새로고침(F5) 해 주세요. 프롬프트 1girl, naruko (naruto), naruto (series) 네거티브 프롬프트 샘플링 Euler",청붕이 (58.225) 2026.02.25 20:27:09 스크랩 조회 363 추천 0 댓글 3,0,363,2026.02.25 20:27:09,https://gall.dcinside.com/mgallery/board/view/?id=choenggu&no=2563&page=2
2,2561,[노가리],선택과목 결정하는거,교양과목이 시험안치는거 맞나요,청붕이 (39.112) 2026.02.22 23:17:17 스크랩 조회 293 추천 0 댓글 2,0,293,2026.02.22 23:17:17,https://gall.dcinside.com/mgallery/board/view/?id=choenggu&no=2561&page=2
2,2559,[노가리],개ㅂㅅ새끼들 말투 디시화안되있는거,ㅈ같아서 패고싶노,청붕이 (58.237) 2026.02.19 00:59:46 스크랩 조회 469 추천 5 댓글 5,5,469,2026.02.19 00:59:46,https://gall.dcinside.com/mgallery/board/view/?id=choenggu&no=2559&page=2
2,2558,[노가리],청구고체육시간때강당에서뭐함,ㅈㄱㄴ,청붕이 (58.77) 2026.02.17 21:29:57 스크랩 조회 250 추천 0 댓글 0,0,250,2026.02.17 21:29:57,https://gall.dcinside.com/mgallery/board/view/?id=choenggu&no=2558&page=2
2,2556,[노가리],다 읽어라,청구중학교 학생인디... 축구하는데 풀코트 쓰지 말고 반코트만 써라 명령이다노...,ㅇㅇ (118.45) 2026.02.13 20:02:48 스크랩 조회 464 추천 2 댓글 6,2,464,2026.02.13 20:02:48,https://gall.dcinside.com/mgallery/board/view/?id=choenggu&no=2556&page=2
2,2555,[노가리],이학교 수련회나 수학여행 체육대회 몇번함?,3년동안 몇번함?,청붕이 (58.124) 2026.02.12 23:38:18 스크랩 조회 288 추천 0 댓글 1,0,288,2026.02.12 23:38:18,https://gall.dcinside.com/mgallery/board/view/?id=choenggu&no=2555&page=2
2,2554,[노가리],이 학교는 왜 있는게 없나요,이 학교는 노*현도 있는데 왜 축제는 없고 수학여행도 없고 휴지도 없고 시계도 없고 엄마도 없을까요 제가 잘 못 온겁니까,청붕이 (39.112) 2026.02.11 21:47:49 스크랩 조회 373 추천 1 댓글 2,1,373,2026.02.11 21:47:49,https://gall.dcinside.com/mgallery/board/view/?id=choenggu&no=2554&page=2
2,2552,[노가리],오늘자 배치고사 치러온 예비 청붕이인데 이게 뭐노,뭐노 ㅅㅂ,청붕이 (1.211) 2026.02.11 12:26:13 스크랩 조회 569 추천 7 댓글 2,7,569,2026.02.11 12:26:13,https://gall.dcinside.com/mgallery/board/view/?id=choenggu&no=2552&page=2
2,2550,[노가리],신입생인데 급식 어떤가요,어떰,청붕이 (58.124) 2026.02.02 00:15:06 스크랩 조회 352 추천 0 댓글 3,0,352,2026.02.02 00:15:06,https://gall.dcinside.com/mgallery/board/view/?id=choenggu&no=2550&page=2
2,2548,[노가리],신입생인데 궁금한게 있습니다 선배님들,예아 잘 부탁드립니노 선배님들 신입생 대표로 큰 절 올리겠소이다 반갑습니다 이기님들 지예아~ 나는 다채로운 랩핑과 라이밍 혹은 랩스킬로 혼을 쏙 빼놓는 청구고 최고의 청.붕.이,청붕이 (39.112) 2026.01.31 14:38:53 스크랩 조회 519 추천 0 댓글 3,0,519,2026.01.31 14:38:53,https://gall.dcinside.com/mgallery/board/view/?id=choenggu&no=2548&page=2
2,2547,[노가리],청구고 이준성,이 뭔데 ㅅㅂ,청붕이 (114.200) 2026.01.30 01:25:07 스크랩 조회 522 추천 1 댓글 2,1,522,2026.01.30 01:25:07,https://gall.dcinside.com/mgallery/board/view/?id=choenggu&no=2547&page=2
2,2546,[노가리],이준성 아는 사람?,니들 청구고등학교 올해 졸업한 이준성이라고 아냐? 못들어봤음 어디가서 청구고라고 하지마라,청붕이 (39.124) 2026.01.30 01:20:11 스크랩 조회 358 추천 0 댓글 1,0,358,2026.01.30 01:20:11,https://gall.dcinside.com/mgallery/board/view/?id=choenggu&no=2546&page=2
2,2545,[노가리],안심주변에사는데왜청구된거죠,"강동,동부 다 떨어지고 왜 이딴곳에 오게된거지",청붕이 (58.77) 2026.01.29 22:40:42 스크랩 조회 326 추천 0 댓글 5,0,326,2026.01.29 22:40:42,https://gall.dcinside.com/mgallery/board/view/?id=choenggu&no=2545&page=2
2,2544,[노가리],신입생 입니다,안녕하세여 저 청구고 신입생인데 ㅈ된건가요?,청붕이 (220.94) 2026.01.29 16:08:35 스크랩 조회 369 추천 1 댓글 8,1,369,2026.01.29 16:08:35,https://gall.dcinside.com/mgallery/board/view/?id=choenggu&no=2544&page=2
2,2543,[노가리],청구고 내신,내신,청붕이 (58.124) 2026.01.28 00:30:57 스크랩 조회 341 추천 0 댓글 2,0,341,2026.01.28 00:30:57,https://gall.dcinside.com/mgallery/board/view/?id=choenggu&no=2543&page=2
2,2538,[노가리],Dd,S,청붕이 (58.124) 2026.01.23 00:15:55 스크랩 조회 145 추천 0 댓글 1,0,145,2026.01.23 00:15:55,https://gall.dcinside.com/mgallery/board/view/?id=choenggu&no=2538&page=2
2,2537,[노가리],여기도 좆망했네,작년까지 그래도 괜찮았는데 신입생들 다 감이 없노 ㅜ,청붕이 (116.43) 2026.01.19 01:31:06 스크랩 조회 249 추천 0 댓글 0,0,249,2026.01.19 01:31:06,https://gall.dcinside.com/mgallery/board/view/?id=choenggu&no=2537&page=2
2,2536,[노가리],박ㅇ준이 누구냐?,되게 재밋어 보이는 친구 잇던데,청붕이 (211.180) 2026.01.13 14:23:24 스크랩 조회 348 추천 0 댓글 1,0,348,2026.01.13 14:23:24,https://gall.dcinside.com/mgallery/board/view/?id=choenggu&no=2536&page=2
2,2535,[노가리],틀딱인데 궁금한게 이 학교에는 수능 과탐치는애 거의없겠지,지금 고2까지는 사탐쳐도 의대말고는 다뚫린다매 허수들 다 사탐런한다던데 그럼 여기도 죄다 사탐할거고 그럼 고1 통합과학말고는 과학 슨상들 다 월루하냐?,ㅇㅇ (58.124) 2026.01.11 03:16:51 스크랩 조회 309 추천 0 댓글 1,0,309,2026.01.11 03:16:51,https://gall.dcinside.com/mgallery/board/view/?id=choenggu&no=2535&page=2
2,2534,[노가리],2학년에 잘생긴 사람 많나요,,청붕이 (175.121) 2025.12.31 19:53:05 스크랩 조회 400 추천 1 댓글 2,1,400,2025.12.31 19:53:05,https://gall.dcinside.com/mgallery/board/view/?id=choenggu&no=2534&page=2
2,2533,[노가리],학교급식에 대하여 -3학년이,"이제 학교올일없는 3학년이다…다만 1,2학년들을 위해 적어본다 급식 부실은 약 8월쯤부터 영양사 선생님이 바뀌고부터 슬슬 시작됐다. 난 아직도 잊지못한다 흰밥에 계란스크램블과 양념된 치킨얹어주는 덮밥이었는데 치킨이랑 소스가 부족해 말도안되는 비율로 배식된 그 날… 밥을 덜어가면서 비볏지만 너무나 싱거웟던 그 밥… 그 당일 바로 급식실 아주머니께 여쭈어봤고 ""영양사가 바뀌어서 이렇게 되었다. 새로운 영양사 선생님께 가서 말해라"" 라고 하시며 정말 미안하다.. 영양사쌤이 다 정하는거라 어쩔수가없다.. 라고 하셔서 바로 영양사쌤한테가서 물어봣더니 이미 많은 학생들이 불만을 표출했는지, 본인도 ""알고있다. 내가 초등학교에서 영양사를 하다 왔는데 고기양을 조금만 더 추가하면 될 줄 알았다. 이미 발주 다 넣어서 약 1달 간 이럴거다"" 이지랄을 쳐하는데 정작 미안하단 말은 꺼내지도않고 귀찮다는듯이 쳐다도 안보고 말하더라.. 분노한 3학년 중 두 학생은 곧장 교장실로 직행해서 엄청 따지고, 이후 교장이 직접 급식실에가는것까지 보았다. 그리고 부실급식은 계속되다가 영양사 이ㅆ벌련이 결국 탈주뛰었다. 그 이후 영양사에 관해 잘 모르겠지만 요즘 급식상태보면 말도 안되는건 맞다…… 장담컨데 수성구 학교엿으면 이미 엄마들이 진작에 뒤집고 난리낫을거다.. 3년내내 느꼇는데 동구랑 이쪽 학교는 학부모들이 딱히 학교에 관심이없는것다... 대놓고 3학년 수학여행취소햇을때도 당연히 수많은 학부모들의 반발로 번복될줄 알앗건만 그냥 취소됐다..ㅋㅋㅋㅋㅋㅋ 학생은 아무리 ㅈㄹ해봣자 의미없다. 그때 당시에도 학생회장이 발벗고 나섯는데 어림도없었다………… 결론은 그냥 학생들이 딱히 반발도 안 하니 학교도 병ㅅ호구로 알고 어디까지 참나~ 보는것같다.. 학부모들의 반발과 민원이 어느정도 필요한것같다. 어차피 난 이 학교 떠나서 상관없는데 1,2학년들이 ㅈㅎ이의 개같은 갑질에 놀아나지 않길 바라는 마음에 쓴다. 다들 행복한 연말보내라",청붕이 (118.41) 2025.12.28 01:53:58 스크랩 조회 513 추천 16 댓글 0,16,513,2025.12.28 01:53:58,https://gall.dcinside.com/mgallery/board/view/?id=choenggu&no=2533&page=2
2,2532,[노가리],이거 보는 새끼들,"아빠도 이제 한계다. 그냥 나가 살아라 유전자 탓 사회탓 환경 탓하지 마라. 아빠도 엄마도 충분히 기다려줬다. 니 엄마나 나나 어려운 환경에서 컸고 먹고살기만 해도 바쁘고 힘든 시절이라 부모의 사랑을 많이 못 받고 자랐다 그래서 결혼할때 우리 자식만은 행복하게 키우자고 약속했다. 너에게 언제나 최고는 아니더라도 최선을 다해주고 싶었다. 내가 먹고 입을거 참으며 네 옷, 먹는거, 교육 모두 좋은 조건을 누리게 해주고 싶었다 네가 방황하거나 철없이 굴때도 앞에선 혼냈지만 뒤 에서는 우리가 못해줘서 그런가보다 하며 네 엄마랑 많이 울었다 그래도 자식은 나보다 나은 삶을 살겠지 나보단 선택의 자유를 누릴 수 있겠지.이 생각만 하며 꼭 참으며 세월을 보냈다 그런데 이게 뭐냐? 너 나이가 몇인지알긴하냐? 도대체 그 나이에 혼자서 할 줄 아는게 뭐냐? 늘 불만은 많으면서 실천하는게 뭐난 말이다.오늘 문득 우리가 닐잘못 키웠다는 생각이 든다. 거울을 보니 늙은 내 모습에 눈물이 나더라. 그냥. 이제 나가라. 나를 원망하지도 말고 니 힘으로 알아서 살아라. 아빠도 지쳤다 당장 짐싸라.",청붕이 (39.116) 2025.12.23 13:57:15 스크랩 조회 360 추천 0 댓글 3,0,360,2025.12.23 13:57:15,https://gall.dcinside.com/mgallery/board/view/?id=choenggu&no=2532&page=2
2,2531,[노가리],2025년 4년제 대기업 취업률,,청붕이 (223.39) 2025.12.19 12:34:46 스크랩 조회 305 추천 0 댓글 1,0,305,2025.12.19 12:34:46,https://gall.dcinside.com/mgallery/board/view/?id=choenggu&no=2531&page=2
2,2530,[노가리],ㅈㅈㅅ 알고리즘,매불쇼ㅋㅋㅋㅋㅋㅋ 영피프티 행동 해버리기 - dc official App,ㅇㅇ (223.39) 2025.12.18 17:08:28 스크랩 조회 361 추천 3 댓글 0,3,361,2025.12.18 17:08:28,https://gall.dcinside.com/mgallery/board/view/?id=choenggu&no=2530&page=2
2,2529,[노가리],갤수준보니까 청구낸거 ㅈㄴ후회되노,씨발,청붕이 (39.116) 2025.12.18 10:29:59 스크랩 조회 425 추천 0 댓글 2,0,425,2025.12.18 10:29:59,https://gall.dcinside.com/mgallery/board/view/?id=choenggu&no=2529&page=2
2,2528,[노가리],좆좆식,병신 - dc official App,ㅇㅇ (39.116) 2025.12.17 11:36:01 스크랩 조회 308 추천 1 댓글 0,1,308,2025.12.17 11:36:01,https://gall.dcinside.com/mgallery/board/view/?id=choenggu&no=2528&page=2
2,2527,[노가리],수업하는 것도 없는데 학교 왜 나와야되냐,.,ㅇㅇ (49.168) 2025.12.17 01:08:57 스크랩 조회 261 추천 1 댓글 2,1,261,2025.12.17 01:08:57,https://gall.dcinside.com/mgallery/board/view/?id=choenggu&no=2527&page=2
2,2526,[노가리],06이 알려주는 참스승 명단,ㅅㅈㅁ ㅇㅎㅈ 동의하면 개추,청붕이 (220.122) 2025.12.13 22:24:48 스크랩 조회 550 추천 2 댓글 5,2,550,2025.12.13 22:24:48,https://gall.dcinside.com/mgallery/board/view/?id=choenggu&no=2526&page=2
2,2525,[노가리],예비 청붕인데,학교생활 ㅁㅌㅊ임?,청붕이 (175.127) 2025.12.13 12:58:44 스크랩 조회 243 추천 0 댓글 4,0,243,2025.12.13 12:58:44,https://gall.dcinside.com/mgallery/board/view/?id=choenggu&no=2525&page=2
2,2524,[노가리],이런 갤이있노? 궁금한거있음,나 졸업한지 오래된 청붕인데 거기 ㅈㅅㅁ 수학쌤 아직 있냐? 여자쌤인대 이제 50대나 60대 됬으려나,청붕이 (106.101) 2025.12.12 15:42:44 스크랩 조회 250 추천 2 댓글 1,2,250,2025.12.12 15:42:44,https://gall.dcinside.com/mgallery/board/view/?id=choenggu&no=2524&page=2
2,2523,[노가리],일본어 씹레전드네,문제 오류 4개ㅋㅋㅋㅋㅋㅋㅋ 오류율이 16퍼가 말이 되냐 오류 하나 더 있었으면 20펀데 누가 하나 더 찾아봐라 - dc official App,ㅇㅇ (118.45) 2025.12.10 14:43:31 스크랩 조회 397 추천 3 댓글 0,3,397,2025.12.10 14:43:31,https://gall.dcinside.com/mgallery/board/view/?id=choenggu&no=2523&page=2
2,2520,[노가리],슬슬 파딱 뽑아야할 것 같은데,내년에 세대교체도 해야 하고 - dc official App,하루히사랑해 2025.12.02 00:07:46 스크랩 조회 341 추천 1 댓글 2,1,341,2025.12.02 00:07:46,https://gall.dcinside.com/mgallery/board/view/?id=choenggu&no=2520&page=2
2,2518,[노가리],청구 내신 성향 어때요,제발 저좀 살려주세요 대륜 청구중에 고민중인데 - dc official App,청붕이 (222.104) 2025.11.30 16:46:49 스크랩 조회 618 추천 0 댓글 19,0,618,2025.11.30 16:46:49,https://gall.dcinside.com/mgallery/board/view/?id=choenggu&no=2518&page=2
2,2516,[노가리],급식 진짜 ㅇㅁ뒤짐?,식판 설거지는 제대로 안되있고 음식수 적은날은 메뉴4개에 급식 줄인 이유는 물어보는 선생마다 다르고 진짜 ㅇㅁ뒤졌냐?,청붕이 (104.28) 2025.11.27 12:56:04 스크랩 조회 448 추천 3 댓글 5,3,448,2025.11.27 12:56:04,https://gall.dcinside.com/mgallery/board/view/?id=choenggu&no=2516&page=2
2,2515,[노가리],ㅈㅈㅅ 왜곡 역사관 진짜,"1.'태평양 전쟁에서 오키나와가 미군과 일본 제국군 간의 육지전이 일어난 곳 중 유일한 곳이다' 2.'조선과 몽골이 연합해서 일본을 침공했다' 3.'일본의 중앙집권 정치가 에도 시대부터 시작되었다' 4.'우리나라의 중앙집권 정치가 통일신라때부터 시작되었다' 등등 말도 안되는 헛소리를 수업시간에 계속 하는데 진짜 이거 맞냐 1. 육지전이 고작 한 곳에서만 발생했으면 상식적으로 태평양 전쟁에서의 일본 제국 육군의 반자이 돌격이 지금까지 회자되고 있겠냐? 여러 전투에서 반자이 돌격술이 미군의 기관총에 의해 격퇴되었는데도 일본 군부가 끝까지 정신력만을 강조하면서 반자이 돌격을 반복해서 강조했으니까 그게 지금까지 회자되는거지, 한 지역에서의 전투에서 일어난 전술이었으면 애초에 지금까지 회자되지도 않았다 ㅇㅇ 2. 조선과 몽골이 연합해서 일본을 공격한건 무슨 타임머신도 아니고 말이되는 소리를 해야지 참고로 여몽 연합군이 가마쿠라 막부 시대의 일본을 침공한 적은 있어도 조선 몽골 연합군이 일본을 침공했다는 얘기는 들어본 적이 없고 말도 안되는 헛소리다 3,4. 이건 사람마다 역사를 보는 관점에 따라 어느정도 다를 순 있는건 아는데, '에도 시대에 와서야 중앙 집권화가 일어났다', '우리나라가 통일신라때 가서야 중앙집권이 이루어졌다'는 말도 안되는 소리임 ㅋㅋ 백제 고이왕이 6좌평제, 16관등제 정비한 시점부터 왕권 강화가 일어났고 그에 따라 중앙집권이 이루어졌다고 보는 입장이 대다수인데 자기 뇌피셜 역사관을 왜 학생들한테 주입시키는지 모르겠음",청붕이 (39.116) 2025.11.25 14:07:26 스크랩 조회 508 추천 3 댓글 6,3,508,2025.11.25 14:07:26,https://gall.dcinside.com/mgallery/board/view/?id=choenggu&no=2515&page=2
2,2514,[노가리],ㅇㅂㅎㅇㅁ,ㅇㅈㅎ ㄷㅈㄹ,청붕이 (106.101) 2025.11.23 15:18:40 스크랩 조회 301 추천 2 댓글 3,2,301,2025.11.23 15:18:40,https://gall.dcinside.com/mgallery/board/view/?id=choenggu&no=2514&page=2
2,2513,[노가리],내일 9시반까지 어디 가야되는데,지금 잘까 밤샐까,청붕이 (116.43) 2025.11.23 03:40:18 스크랩 조회 223 추천 2 댓글 0,2,223,2025.11.23 03:40:18,https://gall.dcinside.com/mgallery/board/view/?id=choenggu&no=2513&page=2
2,2512,[공지],청붕이 일동 주목 바랍니다,급식 이거 왜 똑바로 안나옵니까 아이스홍시 주스 막국수 급식표에 있어도 은근슬쩍 안나옵니다. 이쯤되면 뭔가 이상하다는걸 좀 느끼셨을겁니다. 관계자 말들은 다 다릅니다 교감: 주문 과정에서 실수가 있어서 급식표를 재배부 했다. 그.. 말이 됩니까 급식표 재배부 하면 우리는 뭐 아 그렇구나 하고 먹습니까? 양도 적어져 메뉴도 줄어들어.. 왜? 부실급식을 줍니까? 급식표 홈페이지 토스 이제야 슥슥 바꾸던데 이게 맞나요? 실수면 사과가 나와야하는거 아닙니까 모 관계자: 학교에 돈이 없다 급식비 지원은 어디다 내팽겨치고 돈이 없어요? 학생들이 세금으로 밥먹는데 이거 신경써야합니까? 제발 같이 들고 일어납시다 청구학생여러분 어디서 문제가 있는건지 밝히고 청산해야지 첫째도 건강 둘째도 건강이라 해놓고 급식이 문제가 있다…. 교육청 익명신고 많은 인원이 넣으면 문제가 심각하구나 하고 교육청에서 나올겁니다. 제발 민원 같이 넣어주세요 부모님한테 꼰지르세요 제발 추가: 3학년형님들 후배들 밥 좀 먹게 같이 해주세요 떠난다고 무시하지마시고.. 도와주세용,청붕이 (211.235) 2025.11.22 11:26:17 스크랩 조회 651 추천 12 댓글 12,12,651,2025.11.22 11:26:17,https://gall.dcinside.com/mgallery/board/view/?id=choenggu&no=2512&page=2
2,2511,[노가리],ㅇㅈㅎ,ㅇㅈㅎ 씨발년아 우리학교만 늦게 마치노 그냥 나가 뒤지쇼,청붕이 (14.45) 2025.11.22 00:45:15 스크랩 조회 188 추천 4 댓글 0,4,188,2025.11.22 00:45:15,https://gall.dcinside.com/mgallery/board/view/?id=choenggu&no=2511&page=2
2,2510,[노가리],희대의 개병신 ㅈㅈㅅ에 대해.araboja,안녕 청붕이들아? 나는 청마갤을 눈팅하던 페페야 오늘은 ㅈㅈㅅ의 말의 사실검증을 해볼 거야 ㅈㅈㅅ은 오사카의 글리코상에 대해 모델인 '카나쿠리 시조'가 마라톤 중 힘들어서 튀었다고 조롱하며 일본이 이를 부끄러워한다는 말을 했어 이게 사실일까? 그럼 왜 일본은 숨기고 싶은 사람을 모델로 만들었을까? 먼저 위키피디아 문서야 기사나 공식적인 자료를 찾으려했으나 수가 매우 적어서 오히려 객관성을 해친다고 판단했어 '힘들어서 도망갔다'기 보다는 일사병에 의한 불가피한 상황으로 묘사했어 이건 사건을 다룬 숏츠야 마찬가지로 '최선을 다했으나 불가피한 상황'을 말하고 있어 그럼 ㅈㅈㅅ은 왜 이런 유언비어를 퍼뜨렸을까? . . . . . . . . . . . . . . . . . . . . . . . . . . . 왜긴 왜야. 좆도 모르면서 반일감정으로 관심 끌려고하는 개병신 새끼니까지 후.... 착한 청붕이들은 국어시간에 배운 '비판적 수용'을 좆빠는 데만 쓰지 말고 실생활에 활용해보도록 하자 그럼 다음에 봐 안녕~~,ㅇㅇ (222.238) 2025.11.22 00:01:55 스크랩 조회 736 추천 9 댓글 6,9,736,2025.11.22 00:01:55,https://gall.dcinside.com/mgallery/board/view/?id=choenggu&no=2510&page=2
2,2509,[노가리],오늘 12시 학교장은 사퇴하라 레전드네 ㅋㅋㅋ,3학년인가? ㅋㅋㅋ 수업중에 복도에서 저 지랄로 소리지른게 레전드임 ㄹㅇ,ㅇㅇ (221.142) 2025.11.21 23:33:01 스크랩 조회 533 추천 24 댓글 1,24,533,2025.11.21 23:33:01,https://gall.dcinside.com/mgallery/board/view/?id=choenggu&no=2509&page=2
2,2508,[노가리],ㅇㅈㅎ ㅇㅁ,ㅇㅈㅎ ㅇㅁ ㄷㅈ,청붕이 (211.235) 2025.11.21 11:30:41 스크랩 조회 235 추천 2 댓글 2,2,235,2025.11.21 11:30:41,https://gall.dcinside.com/mgallery/board/view/?id=choenggu&no=2508&page=2
2,2507,[노가리],IB 있잖아,막상 IB 뭐시기 하면서 도입한다해도 입시제도 자체를 바꿀 수도 없는 상황에 형식상으로만 대충하고 학교 자체에서도 급하게 데코레이션이나 하고 있는데 이런식으로 하는 목적이 대체 뭐냐 어른들의 사정이냐,청붕이 (39.116) 2025.11.21 10:18:59 스크랩 조회 334 추천 0 댓글 1,0,334,2025.11.21 10:18:59,https://gall.dcinside.com/mgallery/board/view/?id=choenggu&no=2507&page=2
2,2503,[노가리],세계사 어떰?,난 좀 힘들어,IAMTHEBESTCHANGJUN 2025.11.20 12:16:44 스크랩 조회 251 추천 0 댓글 4,0,251,2025.11.20 12:16:44,https://gall.dcinside.com/mgallery/board/view/?id=choenggu&no=2503&page=2
2,2502,[노가리],유동 인구 늘릴 방법 없음?,내년 1학년들 기다려봐야 하나 - dc official App,하루히사랑해 2025.11.20 12:14:47 스크랩 조회 177 추천 1 댓글 0,1,177,2025.11.20 12:14:47,https://gall.dcinside.com/mgallery/board/view/?id=choenggu&no=2502&page=2
2,2501,[노가리],그래서 남저격글은왜쓰는거냐,"유동인구도 개병신같은 좆만한갤러리에다 ""청붕에몽 이새끼들 같이패줘 ㅜㅜ"" 하는 심리도 이해가안되네 엄마랑 얘기안하고사나봄",상처잘받아요 (39.116) 2025.11.20 11:57:39 스크랩 조회 214 추천 0 댓글 2,0,214,2025.11.20 11:57:39,https://gall.dcinside.com/mgallery/board/view/?id=choenggu&no=2501&page=2
2,2500,[노가리],유부녀 입 벌리고,,청붕이 (39.116) 2025.11.19 15:29:55 스크랩 조회 459 추천 0 댓글 2,0,459,2025.11.19 15:29:55,https://gall.dcinside.com/mgallery/board/view/?id=choenggu&no=2500&page=2
2,2499,[노가리],급식 ㅅㅂ,수능 끝나니깐 급식이 개같아졌네 변명으로 학교에 돈이 없다 ㅇㅈㄹ 축제도 안 하고 수학여행도 지리산이면서 사립인 주제에 뭔 돈 ㅅㅂ,청붕이 (59.25) 2025.11.18 20:36:15 스크랩 조회 212 추천 4 댓글 0,4,212,2025.11.18 20:36:15,https://gall.dcinside.com/mgallery/board/view/?id=choenggu&no=2499&page=2
2,2497,[노가리],특정된 놈은 이거 봐라,굿다이노ㅋㅋㅋㅋㅋㅋㅋ - dc official App,이오리의왼발 2025.11.16 19:26:55 스크랩 조회 437 추천 7 댓글 0,7,437,2025.11.16 19:26:55,https://gall.dcinside.com/mgallery/board/view/?id=choenggu&no=2497&page=2
3,2496,[노가리],3학년 과탐투과목 A 받기 난이도 어느정도,??,ㅇㅇ (210.223) 2025.11.16 00:15:10 스크랩 조회 227 추천 0 댓글 0,0,227,2025.11.16 00:15:10,https://gall.dcinside.com/mgallery/board/view/?id=choenggu&no=2496&page=3
3,2495,[노가리],지운거,원본 https://gall.dcinside.com/mgallery/board/view/?id=choenggu&no=2489&page=1,ㅇㅇ (5.45) 2025.11.15 01:51:31 스크랩 조회 533 추천 6 댓글 0,6,533,2025.11.15 01:51:31,https://gall.dcinside.com/mgallery/board/view/?id=choenggu&no=2495&page=3
3,2494,[노가리],5층 2학년 글 내렸네 ㅋㅋ,ㅋㅋ 지도 특정된 거 아노,청붕이 (116.43) 2025.11.15 01:50:52 스크랩 조회 406 추천 2 댓글 1,2,406,2025.11.15 01:50:52,https://gall.dcinside.com/mgallery/board/view/?id=choenggu&no=2494&page=3
3,2492,[노가리],혹시 저격한놈 우리반이노?,오늘 한명 반에서 크롬북으로 청구고갤 드가던데 너임? 보니까 글쓴건 폰으로 쓰고 케이티통피 댓글은 슼통피인데 학교에서 크롬북으로 쓰셨나 댓글 쓴 시간을 보아하니 얼추 맞는거 같은데 마침 우리반 수학쌤이 늦게 들어 오시기도 했고 그 시간대에 들어가는걸 봐서 ㅎㅎ 같은반 애를 저격하면 되나.. 친하게 지내,ㅇㅇ (58.124) 2025.11.14 17:18:07 스크랩 조회 590 추천 7 댓글 3,7,590,2025.11.14 17:18:07,https://gall.dcinside.com/mgallery/board/view/?id=choenggu&no=2492&page=3
3,2491,[노가리],5층 2학년 저격한놈,누군진 모르겠는데 키빼몸 10인 군대 면제 쳐당할 장애인 새끼 실제론 말못거니까 익명으로 뒤에서 욕하는게 가정교육을 못받은건지 받을 애미가 없는건지 나도 모르겠다. 초성으로 꾸역꾸역 쳐 적고 뿌듯한거마냥 훅훅거리면서 육수뽑을거 상상하니까 전형적인 좆찐따인건 잘알겠네ㅇㅇ,청붕이 (106.101) 2025.11.14 16:51:02 스크랩 조회 581 추천 7 댓글 1,7,581,2025.11.14 16:51:02,https://gall.dcinside.com/mgallery/board/view/?id=choenggu&no=2491&page=3
3,2490,[노가리],청갤 고닉 ㄱㅈㅍ 나왔네,축하한다 - dc official App,청붕이 (222.238) 2025.11.13 18:27:41 스크랩 조회 317 추천 3 댓글 1,3,317,2025.11.13 18:27:41,https://gall.dcinside.com/mgallery/board/view/?id=choenggu&no=2490&page=3
3,2488,[노가리],ㅈㅈㅅ,수업 중에 중국 혐오 금지법보고 '훌륭하다'라고 했다는데 진짜 이거 맞나 동아리 때는 역사 얘기하면서 '몽골과 조선이 일본을 침공했다'라고 하질 않나 ㅈㅅ ㄷㅇ ㅈㅎ 정동진 빨갱이 트리오 어떻게 족쳐야 하는데 에휴,청붕이 (39.116) 2025.11.11 14:44:24 스크랩 조회 333 추천 4 댓글 2,4,333,2025.11.11 14:44:24,https://gall.dcinside.com/mgallery/board/view/?id=choenggu&no=2488&page=3
3,2487,[노가리],둘이 현피나 떠라,차피 둘 다 청구고잖아? 갤에서 지랄하지 말고 약속 잡아라 - dc official App,청붕이 (222.238) 2025.11.10 23:12:11 스크랩 조회 380 추천 1 댓글 2,1,380,2025.11.10 23:12:11,https://gall.dcinside.com/mgallery/board/view/?id=choenggu&no=2487&page=3
3,2486,[노가리],1학년,1학년중에 중국인있던거 같던데 걔 어떰?,ㅇㅇ (180.229) 2025.11.09 15:57:53 스크랩 조회 292 추천 0 댓글 1,0,292,2025.11.09 15:57:53,https://gall.dcinside.com/mgallery/board/view/?id=choenggu&no=2486&page=3
3,2485,[노가리],수능,청구다니면 보통 어디서 봄?,청붕이 (39.124) 2025.11.08 18:20:23 스크랩 조회 217 추천 0 댓글 1,0,217,2025.11.08 18:20:23,https://gall.dcinside.com/mgallery/board/view/?id=choenggu&no=2485&page=3
3,2484,[노가리],이기이기 청붕이 아니노?,"https://youtu.be/1fN3UidR4O8?si=6AluMubf1PB7Edeg [자막뉴스] ＂주먹으로 까라고!＂ 퍽퍽…10대들 집단폭행에 대구 '발칵' | 이슈픽 대구에서 중학교 학생들과 고등학생이 난투극을 벌여 경찰이 수사에 나섰습니다.평소 사이가 좋지 않던 고등학생과 중학생이 이른바 맞짱을 뜨려고 만났다가, 난투극으로 번진 것으로 알려졌습니다. #10대#중학생#고등학생#대구#대구집단폭행#학교폭력#난투극#대구중학생#대구고등학생#자막뉴스#이... youtu.be 든든하노 이기 ㅋㅋ",ㅇㅇ 2025.11.08 15:19:05 스크랩 조회 461 추천 4 댓글 14,4,461,2025.11.08 15:19:05,https://gall.dcinside.com/mgallery/board/view/?id=choenggu&no=2484&page=3
3,2483,[노가리],ㅇㅈㅎ,ㅇㅈㅎ 죽어라 ㅇㅈㅎ 죽어라 ㅇㅈㅎ 죽어라 ㅇㅈㅎ 죽어라 ㅇㅈㅎ 죽어라 ㅇㅈㅎ 죽어라 ㅇㅈㅎ 죽어라 ㅇㅈㅎ 죽어라 ㅇㅈㅎ 죽어라 ㅇㅈㅎ 죽어라 ㅇㅈㅎ 죽어라 ㅇㅈㅎ 죽어라 ㅇㅈㅎ 죽어라 ㅇㅈㅎ 죽어라 ㅇㅈㅎ 죽어라 ㅇㅈㅎ 죽어라 ㅇㅈㅎ 죽어라 ㅇㅈㅎ 죽어라 ㅇㅈㅎ 죽어라 ㅇㅈㅎ 죽어라 ㅇㅈㅎ 죽어라 ㅇㅈㅎ 죽어라 ㅇㅈㅎ 죽어라 ㅇㅈㅎ 죽어라 ㅇㅈㅎ 죽어라 ㅇㅈㅎ 죽어라  ㅇㅈㅎ 죽어라 ㅇㅈㅎ 죽어라 ㅇㅈㅎ 죽어라 ㅇㅈㅎ 죽어라 ㅇㅈㅎ 죽어라 ㅇㅈㅎ 죽어라 ㅇㅈㅎ 죽어라 ㅇㅈㅎ 죽어라 ㅇㅈㅎ 죽어라 ㅇㅈㅎ 죽어라 ㅇㅈㅎ 죽어라 ㅇㅈㅎ 죽어라 ㅇㅈㅎ 죽어라 ㅇㅈㅎ 죽어라 ㅇㅈㅎ 죽어라 ㅇㅈㅎ 죽어라 ㅇㅈㅎ 죽어라 ㅇㅈㅎ 죽어라 ㅇㅈㅎ 죽어라 ㅇㅈㅎ 죽어라 ㅇㅈㅎ 죽어라 ㅇㅈㅎ 죽어라 ㅇㅈㅎ 죽어라 ㅇㅈㅎ 죽어라 ㅇㅈㅎ 죽어라 ㅇㅈㅎ 죽어라 ㅇㅈㅎ 죽어라 ㅇㅈㅎ 죽어라 ㅇㅈㅎ 죽어라 ㅇㅈㅎ 죽어라 ㅇㅈㅎ 죽어라 ㅇㅈㅎ 죽어라ㅇㅈㅎ 죽어라 ㅇㅈㅎ 죽어라 ㅇㅈㅎ 죽어라 ㅇㅈㅎ 죽어라 ㅇㅈㅎ 죽어라 ㅇㅈㅎ 죽어라 ㅇㅈㅎ 죽어라 ㅇㅈㅎ 죽어라 ㅇㅈㅎ 죽어라 ㅇㅈㅎ 죽어라 ㅇㅈㅎ 죽어라 ㅇㅈㅎ 죽어라 ㅇㅈㅎ 죽어라 ㅇㅈㅎ 죽어라 ㅇㅈㅎ 죽어라 ㅇㅈㅎ 죽어라,청붕이 (121.181) 2025.11.05 00:08:08 스크랩 조회 424 추천 27 댓글 1,27,424,2025.11.05 00:08:08,https://gall.dcinside.com/mgallery/board/view/?id=choenggu&no=2483&page=3
3,2482,[노가리],11월 7일,- dc official App,하루히사랑해 2025.11.02 00:00:04 스크랩 조회 302 추천 0 댓글 1,0,302,2025.11.02 00:00:04,https://gall.dcinside.com/mgallery/board/view/?id=choenggu&no=2482&page=3
3,2481,[노가리],레전드 상황 발생,AI 이미지가 생성되었습니다. 새로고침(F5) 해 주세요. ㄹㅈㄷ ㄹㅈㄷ ㄹㅈㄷ,청붕이 (39.116) 2025.10.31 12:06:15 스크랩 조회 404 추천 2 댓글 0,2,404,2025.10.31 12:06:15,https://gall.dcinside.com/mgallery/board/view/?id=choenggu&no=2481&page=3
3,2480,[노가리],오늘 자 ㅈㅈㅅ 레전드,또 나잇값 못하고 영피프티 행동 해버림,청붕이 (39.116) 2025.10.31 11:35:16 스크랩 조회 430 추천 2 댓글 0,2,430,2025.10.31 11:35:16,https://gall.dcinside.com/mgallery/board/view/?id=choenggu&no=2480&page=3
3,2479,[노가리],2022년에 수학 재시쳤던,06 틀딱들은 개추 ㅋㅋㅋㅋㅋㅋㅋ,청붕이 (121.182) 2025.10.30 23:15:48 스크랩 조회 297 추천 4 댓글 3,4,297,2025.10.30 23:15:48,https://gall.dcinside.com/mgallery/board/view/?id=choenggu&no=2479&page=3
3,2478,[노가리],"1,2 학년 뭔 일 남?",밖으로 나오지 말라하네;;,청붕이 (39.116) 2025.10.27 08:38:41 스크랩 조회 414 추천 0 댓글 1,0,414,2025.10.27 08:38:41,https://gall.dcinside.com/mgallery/board/view/?id=choenggu&no=2478&page=3
3,2477,[노가리],짱깨쌤들은 뭔가뭔가네,항상 느끼는거지만 짱깨는 위선이다,청붕이 (106.101) 2025.10.26 05:06:01 스크랩 조회 334 추천 0 댓글 2,0,334,2025.10.26 05:06:01,https://gall.dcinside.com/mgallery/board/view/?id=choenggu&no=2477&page=3
3,2476,[노가리],2000년대 학교다니던 할밴데 ㅇㅈㅅ샘 아직있냐,진짜 욕적을려다가 참는다 시대가 그렇다 쳐도 진짜 말을말자,ㅇㅇ (175.124) 2025.10.26 00:54:08 스크랩 조회 370 추천 1 댓글 4,1,370,2025.10.26 00:54:08,https://gall.dcinside.com/mgallery/board/view/?id=choenggu&no=2476&page=3
3,2475,[노가리],누가 더 유명함 아리아나 그란데 호나우지뉴,- dc official App,디바 (211.235) 2025.10.23 16:49:36 스크랩 조회 156 추천 0 댓글 4,0,156,2025.10.23 16:49:36,https://gall.dcinside.com/mgallery/board/view/?id=choenggu&no=2475&page=3
3,2474,[노가리],개처웃긴게,운동장금지시켜놓고 정작 중딩들 풀코트쓰면서 소리지르는중 ㅈㄴ시끄럽노,청붕이 (211.55) 2025.10.22 23:50:41 스크랩 조회 201 추천 0 댓글 0,0,201,2025.10.22 23:50:41,https://gall.dcinside.com/mgallery/board/view/?id=choenggu&no=2474&page=3
3,2473,[노가리],청구 쌤들 평가좀,안 좋은건 알겠고 좋은 선생님 있음??,청붕청붕 (221.168) 2025.10.22 16:24:54 스크랩 조회 853 추천 6 댓글 6,6,853,2025.10.22 16:24:54,https://gall.dcinside.com/mgallery/board/view/?id=choenggu&no=2473&page=3
3,2472,[노가리],주술회전 ㅈ같네,애니 짜집기를 돈 받고 파냐ㅋㅋ - dc official App,청붕이 (223.39) 2025.10.22 16:06:46 스크랩 조회 200 추천 0 댓글 1,0,200,2025.10.22 16:06:46,https://gall.dcinside.com/mgallery/board/view/?id=choenggu&no=2472&page=3
3,2471,[노가리],우리 학교 선배들은 여자들 불러다가 놀더라,,청붕이 (121.184) 2025.10.12 04:11:48 스크랩 조회 473 추천 2 댓글 1,2,473,2025.10.12 04:11:48,https://gall.dcinside.com/mgallery/board/view/?id=choenggu&no=2471&page=3
3,2470,[노가리],ㅇㅊㅈ 윤사나 생윤,현돌푸셈,청붕이 (211.235) 2025.10.11 19:57:39 스크랩 조회 367 추천 0 댓글 4,0,367,2025.10.11 19:57:39,https://gall.dcinside.com/mgallery/board/view/?id=choenggu&no=2470&page=3
3,2469,[노가리],올해 초 경찰,올해 초에 학교에 경찰 왔었던 거 같은데 왜 옴?,청붕이 (223.39) 2025.10.09 23:21:17 스크랩 조회 364 추천 2 댓글 7,2,364,2025.10.09 23:21:17,https://gall.dcinside.com/mgallery/board/view/?id=choenggu&no=2469&page=3
3,2466,[노가리],ㅇㅊㅈ 윤사,1등급 출신인데 이거 때문에 고통받는 애들 많은거같아서 글쓴다 일단 교과서 다외우고 기출 싹다외우는거 밖에 답이 없긴함 교과서 다외우면 서술형에서 무조건 35뜨고 객관식 많이 날려도 1뜨더라 참고로 교과서를 아예 통째로 외우긴해야함 이게 거의 시간이 한 달반 가까이 걸리긴한데 정 안되겠다 내가 1등급을 받아야 목표대학에 가는 의대지망생이다 이러면 이거밖에 답이없다 그리고 ㅇㅊㅈ쌤이 하는 방과후 가서 청강이라도 해라 거기서 좀 흘려주심 TEAM 08 ㅎㅇㅌ,청붕이 (211.235) 2025.10.06 17:19:38 스크랩 조회 270 추천 1 댓글 0,1,270,2025.10.06 17:19:38,https://gall.dcinside.com/mgallery/board/view/?id=choenggu&no=2466&page=3
3,2465,[노가리],윤사 어렵긴하더라,과탐보다 훨 빡센 거 같음 과탐은 문제집 몇 권 풀면 성적 나왔었는데 윤사는 다르네 수능 문제만 풀어야 하나,ㅇㅇ (49.168) 2025.10.06 03:32:35 스크랩 조회 184 추천 0 댓글 1,0,184,2025.10.06 03:32:35,https://gall.dcinside.com/mgallery/board/view/?id=choenggu&no=2465&page=3
3,2464,[노가리],ㅅㅅㅎ ㅂㅎㅁ 아는 게이있냐,ㅅㅅㅎ은 거의 개그맨이었고 ㅂㅎㅁ은 ㅆ새끼고 그랬는데,청붕이 (223.39) 2025.10.03 07:36:37 스크랩 조회 353 추천 1 댓글 6,1,353,2025.10.03 07:36:37,https://gall.dcinside.com/mgallery/board/view/?id=choenggu&no=2464&page=3
3,2463,[노가리],오른쪽 ㅈ가슴 노출하는 아리,스토텔레스,청붕이 (118.235) 2025.10.02 18:50:11 스크랩 조회 493 추천 0 댓글 2,0,493,2025.10.02 18:50:11,https://gall.dcinside.com/mgallery/board/view/?id=choenggu&no=2463&page=3
3,2462,[노가리],아오 징징대는 새끼들,수업시간에 안 한 게 시험에 나왔다 ㅇㅈㄹ 지들이 안들어서 모르는 걸 ㅇㅊㅈ 탓을 하네 ㅇㅊㅈ은 '수업을 안 들어도 되지만 책임은 우리가 져야한다'고 가르쳤는데 '수업 안 들어도 됨' 만 기억하는 말하는 감자새끼들이 ㅇㅊㅈ 욕하는 거 보면 걍 ㅈㄴ 한심함 - dc official App,하루히사랑해 2025.10.02 17:37:29 스크랩 조회 440 추천 6 댓글 5,6,440,2025.10.02 17:37:29,https://gall.dcinside.com/mgallery/board/view/?id=choenggu&no=2462&page=3
3,2461,[노가리],시험 다 잘 쳤냐?,다들 수능까지 열심히 하자,이창존 2025.10.02 12:26:48 스크랩 조회 198 추천 0 댓글 0,0,198,2025.10.02 12:26:48,https://gall.dcinside.com/mgallery/board/view/?id=choenggu&no=2461&page=3
3,2460,[노가리],이창준,이창준이창준이창준이창준이창준이창준이창준이창준이창준이창준이창준이창준이창준이창준이창준이창준이창준이창준이창준이창준이창준이창준이창준이창준이창준이창준이창준이창준이창준이창준이창준이창준이창준이창준이창준이창준이창준이창준이창준이창준이창준이창준이창준이창준이창준이창준이창준이창준이창준이창준이창준이창준이창준이창준이창준이창준이창준이창준이창준이창준이창준이창준이창준이창준이창준이창준이창준이창준이창준이창준이창준이창준이창준이창준이창준이창준이창준이창준이창준이창준이창준이창준이창준이창준이창준이창준이창준이창준이창준이창준이창준이창준이창준이창준이창준이창준이창준이창준이창준이창준이창준이창준이창준이창준이창준이창준이창준이창준이창준이창준이창준이창준이창준이창준이창준이창준이창준이창준이창준이창준이창준이창준이창준이창준이창준이창준이창준이창준이창준이창준이창준이창준이창준이창준이창준이창준이창준이창준이창준이창준이창준이창준이창준이창준이창준이창준이창준이창준이창준이창준이창준이창준이창준이창준이창준이창준이창준이창준이창준이창준이창준이창준이창준이창준이창준이창준이창준이창준이창준이창준이창준이창준이창준이창준이창준이창준이창준이창준이창준이창준이창준이창준이창준이창준이창준이창준이창준이창준이창준이창준이창준이창준이창준이창준이창준이창준이창준 이창준이창준이창준이창준이창준이창준이창준이창준이창준이창준이창준이창준이창준이창준이창준이창준이창준이창준이창준,청붕이 (118.45) 2025.10.01 18:34:53 스크랩 조회 339 추천 2 댓글 0,2,339,2025.10.01 18:34:53,https://gall.dcinside.com/mgallery/board/view/?id=choenggu&no=2460&page=3
3,2459,[노가리],ㅇㅊㅈ 대가리 깨러 갈 사람 구합니다,이 새끼는 걍 ㅈㄴ 맞아야 함 - dc official App,청붕이 (223.39) 2025.10.01 13:11:13 스크랩 조회 392 추천 2 댓글 2,2,392,2025.10.01 13:11:13,https://gall.dcinside.com/mgallery/board/view/?id=choenggu&no=2459&page=3
3,2458,[노가리],물어볼때가 여기밖에 없어서,청구고 3학년중에 지금 위탁교육받으러 가시는 선배분들 계신가요 - dc official App,청붕이 (49.168) 2025.09.28 14:21:21 스크랩 조회 265 추천 0 댓글 2,0,265,2025.09.28 14:21:21,https://gall.dcinside.com/mgallery/board/view/?id=choenggu&no=2458&page=3
3,2457,[노가리],그니까 요약하면,1. 어떤 새끼가 ㄱㅇㄱ 싫어하는 애들 욕하려고 글 씀 2. 네이트판 한녀처럼 댓글로 가면놀이 함 3. 댓글에 작성자로 떠서 ㅂㅅ같이 들킴 이거 맞냐? - dc official App,청붕이 (222.238) 2025.09.23 00:36:06 스크랩 조회 404 추천 3 댓글 5,3,404,2025.09.23 00:36:06,https://gall.dcinside.com/mgallery/board/view/?id=choenggu&no=2457&page=3
3,2456,[노가리],내 오랜 생각인데,한자랑 정신병이랑 관계 있는 듯ㅇㅇ 한자를 정확하고 알아보기 쉽도록 쓰는 건 상관없는데 꼭 필요하지 않은 상황에서 쓰거나 ㅈㄴ집중해서 이쁘게 쓰려고 하는 새끼들은 다 이상한 놈들이었음,청붕이 (39.116) 2025.09.17 14:15:56 스크랩 조회 650 추천 8 댓글 10,8,650,2025.09.17 14:15:56,https://gall.dcinside.com/mgallery/board/view/?id=choenggu&no=2456&page=3
3,2455,[노가리],최근에 본 어지러운 디시콘,이해되면 석당관에서 뛰어내려라 제발 - dc official App,하루히사랑해 2025.09.16 21:35:00 스크랩 조회 274 추천 1 댓글 2,1,274,2025.09.16 21:35:00,https://gall.dcinside.com/mgallery/board/view/?id=choenggu&no=2455&page=3
3,2453,[노가리],ㅇㅈㅎㄱㅈ과 친한 쌤들,ㅇㄷ열 ㄱㅎㅂ ㄱㅅㄱ ㄱㅇㄱ ㅇㅇㄱ(청구중) 다섯마리 다 개싫음.,청붕이 (223.32) 2025.09.14 13:54:56 스크랩 조회 800 추천 17 댓글 12,17,800,2025.09.14 13:54:56,https://gall.dcinside.com/mgallery/board/view/?id=choenggu&no=2453&page=3
3,2452,[노가리],ㄱㅇㄱ 좆같은 점,채식이 건강에 좋다 ㅇㅈㄹ하면서 우리는 고기 먹어서 피가 더럽고 잠 못 잔 닭고기 먹어서 피곤하다 함 너희는 사이비 유사과학 믿지 마라,청붕이 (222.238) 2025.09.13 22:17:37 스크랩 조회 363 추천 4 댓글 0,4,363,2025.09.13 22:17:37,https://gall.dcinside.com/mgallery/board/view/?id=choenggu&no=2452&page=3
3,2451,[노가리],글 왜 지우냐,뭐 쫄리는 거 있음? - dc official App,하루히사랑해 2025.09.12 20:12:28 스크랩 조회 228 추천 0 댓글 0,0,228,2025.09.12 20:12:28,https://gall.dcinside.com/mgallery/board/view/?id=choenggu&no=2451&page=3
3,2449,[노가리],청구고갈빠에 이세상떠난다는 각오로 공부중,ㅇ,청붕이 (182.217) 2025.09.11 21:56:17 스크랩 조회 383 추천 0 댓글 6,0,383,2025.09.11 21:56:17,https://gall.dcinside.com/mgallery/board/view/?id=choenggu&no=2449&page=3
3,2447,[노가리],94 틀딱 씹할밴데 안진원선생님 아직계신가요??,인생의 멘토이자 참스승님이였는데 갤러리가 있는걸 알고 들어와서 물어봅니다 이진학선생임은 고2때 담임이였는데 교장이 되어버렸네요,청붕이 (220.94) 2025.09.09 05:25:27 스크랩 조회 583 추천 4 댓글 12,4,583,2025.09.09 05:25:27,https://gall.dcinside.com/mgallery/board/view/?id=choenggu&no=2447&page=3
3,2445,[노가리],ㅈ구고,ㅇㅈㅎ 방사능 피폭된 박원순 닮은 움파룸파 같으면 개추,청붕이 (119.201) 2025.09.04 00:01:35 스크랩 조회 425 추천 7 댓글 0,7,425,2025.09.04 00:01:35,https://gall.dcinside.com/mgallery/board/view/?id=choenggu&no=2445&page=3
3,2444,[노가리],ㅇㅈㅎ,ㅇㅈㅎ사망 기원,청붕이 (14.45) 2025.09.02 14:36:46 스크랩 조회 250 추천 3 댓글 1,3,250,2025.09.02 14:36:46,https://gall.dcinside.com/mgallery/board/view/?id=choenggu&no=2444&page=3
3,2443,[노가리],화장실에서 담배 폈으면,양심적으로 침은 변기에라도 뱉어라 씨발롬들아,청붕이 (39.116) 2025.08.28 16:39:00 스크랩 조회 428 추천 4 댓글 0,4,428,2025.08.28 16:39:00,https://gall.dcinside.com/mgallery/board/view/?id=choenggu&no=2443&page=3
3,2442,[노가리],..,ㅇㅈㅎ이랑 야차 마렵노 ㅅㅂ ㅇㅈㅎ이랑 야차뜨고 싶으면 개추 ㄱ,청붕이 (14.45) 2025.08.26 02:01:43 스크랩 조회 256 추천 3 댓글 1,3,256,2025.08.26 02:01:43,https://gall.dcinside.com/mgallery/board/view/?id=choenggu&no=2442&page=3
3,2441,[노가리],ㅇㅈㅎ,.,청붕이 (14.45) 2025.08.26 01:57:13 스크랩 조회 352 추천 3 댓글 4,3,352,2025.08.26 01:57:13,https://gall.dcinside.com/mgallery/board/view/?id=choenggu&no=2441&page=3
3,2438,[노가리],ㅇㅊㅈ 윤사가 어려운 이유,2년전 윤리만 파던 학생이 중간기말100점맞고 다시는 자기 시험에서 100점이 안나오게 하겠다며 난이도를 올린것,청붕이 (119.201) 2025.08.23 23:19:21 스크랩 조회 386 추천 4 댓글 3,4,386,2025.08.23 23:19:21,https://gall.dcinside.com/mgallery/board/view/?id=choenggu&no=2438&page=3
3,2437,[노가리],방과후 오늘부터 신청임??? 왜 아무도 안 알려줌,맞음??,청붕이 (220.89) 2025.08.22 19:48:32 스크랩 조회 168 추천 0 댓글 1,0,168,2025.08.22 19:48:32,https://gall.dcinside.com/mgallery/board/view/?id=choenggu&no=2437&page=3
4,2436,[노가리],청아람 하는 거 어떰?,빡세다고 하는데 진짜임?,ㅇㅇ 2025.08.22 00:04:41 스크랩 조회 302 추천 0 댓글 0,0,302,2025.08.22 00:04:41,https://gall.dcinside.com/mgallery/board/view/?id=choenggu&no=2436&page=4
4,2432,[노가리],그네,,키따아아앙 2025.08.16 23:55:36 스크랩 조회 244 추천 1 댓글 1,1,244,2025.08.16 23:55:36,https://gall.dcinside.com/mgallery/board/view/?id=choenggu&no=2432&page=4
4,2431,[노가리],누가이김?,치마예프 ㄷ 뒤플레시 격잘알잇냐,키따아아앙 2025.08.16 02:29:32 스크랩 조회 336 추천 0 댓글 2,0,336,2025.08.16 02:29:32,https://gall.dcinside.com/mgallery/board/view/?id=choenggu&no=2431&page=4
4,2430,[노가리],니들 병신임?,ㅈㅈㅅ 쉴드를 왜 침? 조국이랑 강선우 옹호하는 미친새낀데? 쉴드치는 댓글은 찔렸는지 지웠더라?,청붕이 (39.116) 2025.08.14 16:13:13 스크랩 조회 540 추천 9 댓글 2,9,540,2025.08.14 16:13:13,https://gall.dcinside.com/mgallery/board/view/?id=choenggu&no=2430&page=4
4,2429,[노가리],ㅈㅈㅅ ㅈ같은 점,전자칠판 펜으로 머리 긁는 거 눈치 슥 보고 긁적대는데 진짜 존나 더러움 - dc official App,청붕이 (218.54) 2025.08.08 12:52:30 스크랩 조회 598 추천 9 댓글 2,9,598,2025.08.08 12:52:30,https://gall.dcinside.com/mgallery/board/view/?id=choenggu&no=2429&page=4
4,2428,[노가리],누가 더 유명함 톰 크루즈 호날두,- dc official App,디바 (211.235) 2025.08.07 17:51:56 스크랩 조회 166 추천 0 댓글 2,0,166,2025.08.07 17:51:56,https://gall.dcinside.com/mgallery/board/view/?id=choenggu&no=2428&page=4
4,2427,[노가리],창준쌤 수업 듣고 싶다 창준쌤 b반인가,.,ㅇㅇ (49.168) 2025.08.06 01:14:15 스크랩 조회 275 추천 0 댓글 1,0,275,2025.08.06 01:14:15,https://gall.dcinside.com/mgallery/board/view/?id=choenggu&no=2427&page=4
4,2426,[노가리],방학 13일이 말이냐 방구냐 시발,좆같노 - dc official App,ㅇㅇ (112.153) 2025.08.04 18:45:11 스크랩 조회 404 추천 6 댓글 4,6,404,2025.08.04 18:45:11,https://gall.dcinside.com/mgallery/board/view/?id=choenggu&no=2426&page=4
4,2425,[노가리],1학년있음?,학폭관련된거 아는분잇음?? 얼핏들엇는디 ㅋ - dc official App,포튭 (118.235) 2025.08.03 09:22:10 스크랩 조회 289 추천 0 댓글 2,0,289,2025.08.03 09:22:10,https://gall.dcinside.com/mgallery/board/view/?id=choenggu&no=2425&page=4
4,2424,[노가리],.,,청붕이 (221.142) 2025.08.02 21:54:27 스크랩 조회 195 추천 0 댓글 0,0,195,2025.08.02 21:54:27,https://gall.dcinside.com/mgallery/board/view/?id=choenggu&no=2424&page=4
4,2423,[노가리],이분들 사랑하면 ㄱㅊㅋㅋ,,청붕이 (211.235) 2025.07.29 16:53:10 스크랩 조회 416 추천 1 댓글 1,1,416,2025.07.29 16:53:10,https://gall.dcinside.com/mgallery/board/view/?id=choenggu&no=2423&page=4
4,2421,[노가리],자연 로가리슴,왜 클릭? - dc official App,청붕이 (222.238) 2025.07.23 23:55:46 스크랩 조회 436 추천 2 댓글 0,2,436,2025.07.23 23:55:46,https://gall.dcinside.com/mgallery/board/view/?id=choenggu&no=2421&page=4
4,2420,[노가리],3학년 그 새끼,ㅋㅋㅋㅋㅋㅋㅋ - dc official App,청붕이 (222.238) 2025.07.23 22:20:00 스크랩 조회 557 추천 3 댓글 3,3,557,2025.07.23 22:20:00,https://gall.dcinside.com/mgallery/board/view/?id=choenggu&no=2420&page=4
4,2418,[노가리],대구 경덕여자고등학교 학생들 만나지마세요 정말.......,타 학교 남자애들 몰래 사진 찍어서 본인들 휴대폰 sns로 희희덕 거리는 등 실실 비꼬고 욕설 및 비하발언 까지 일 삼음.... 정말 질이 안좋고 정신적 및 사고방식 등등 이상함....ㄹㅇ 경덕여자고등학교 애들은 만나지마라...ㄹㅇ AI 이미지가 생성되었습니다. 새로고침(F5) 해 주세요. 프롬프트 1234 네거티브 프롬프트 샘플링 DPM++ 2M,청붕이 (211.238) 2025.07.23 05:31:54 스크랩 조회 648 추천 0 댓글 2,0,648,2025.07.23 05:31:54,https://gall.dcinside.com/mgallery/board/view/?id=choenggu&no=2418&page=4
4,2417,[노가리],ㅇㄷ ㅅㅅ ㅈㅈ ㅂㅈ,,청붕이 (39.116) 2025.07.22 08:14:17 스크랩 조회 280 추천 3 댓글 0,3,280,2025.07.22 08:14:17,https://gall.dcinside.com/mgallery/board/view/?id=choenggu&no=2417&page=4
4,2416,[노가리],닮았다고 생각하면 개추 ㅋㅋ,안녕하시긔 킁킁,청붕이 (183.106) 2025.07.21 18:50:51 스크랩 조회 781 추천 14 댓글 2,14,781,2025.07.21 18:50:51,https://gall.dcinside.com/mgallery/board/view/?id=choenggu&no=2416&page=4
4,2415,[노가리],요즘따라 이분들 '팬덤' 싫으면 ㄱㅊ,이분들이 싫은건 아닌데 팬덤은 진짜 뭔가뭔가임,청붕이 (211.235) 2025.07.18 15:49:28 스크랩 조회 410 추천 5 댓글 1,5,410,2025.07.18 15:49:28,https://gall.dcinside.com/mgallery/board/view/?id=choenggu&no=2415&page=4
4,2414,[노가리],야 시발년들아,나 1학년 ㅇㅈㅎ인데 나랑 야차 뜰 놈 구한다,청붕이 (39.116) 2025.07.18 10:22:25 스크랩 조회 400 추천 0 댓글 1,0,400,2025.07.18 10:22:25,https://gall.dcinside.com/mgallery/board/view/?id=choenggu&no=2414&page=4
4,2413,[노가리],청구고 대신 전해드립니다 해볼까,아무도 안 할 거 같아서 불안한디 - dc official App,하루히사랑해 2025.07.18 02:04:48 스크랩 조회 384 추천 0 댓글 0,0,384,2025.07.18 02:04:48,https://gall.dcinside.com/mgallery/board/view/?id=choenggu&no=2413&page=4
4,2412,[노가리],나 러브송인데,,LoveSong♡ (39.116) 2025.07.17 14:09:16 스크랩 조회 262 추천 0 댓글 2,0,262,2025.07.17 14:09:16,https://gall.dcinside.com/mgallery/board/view/?id=choenggu&no=2412&page=4
4,2410,[노가리],ㅇㅎ) 권은비 다른 각도 뜸,응~,청붕이 (116.43) 2025.07.13 23:49:32 스크랩 조회 757 추천 3 댓글 4,3,757,2025.07.13 23:49:32,https://gall.dcinside.com/mgallery/board/view/?id=choenggu&no=2410&page=4
4,2409,[노가리],탐구 범위,2학기때 탐구 1학기때랑 범위 똑같나요?,청붕이 (58.231) 2025.07.12 21:57:13 스크랩 조회 229 추천 0 댓글 4,0,229,2025.07.12 21:57:13,https://gall.dcinside.com/mgallery/board/view/?id=choenggu&no=2409&page=4
4,2408,[노가리],ㅇㅈㅎ 뭐냐,어떻게 글이 10개 이상 나오노 ㅋㅋㅋㅋ,청붕이 (223.39) 2025.07.11 20:49:35 스크랩 조회 345 추천 0 댓글 2,0,345,2025.07.11 20:49:35,https://gall.dcinside.com/mgallery/board/view/?id=choenggu&no=2408&page=4
4,2407,[노가리],청구vs중앙,대륜10인데 10퍼정도고 국어 영어 약함 내신보니까 수학 과학 난이도는 ㅈ앙보다 여기가 훨빡세보이던데 국어 영어는 어떻습니까 선배님들,청붕이 (222.238) 2025.07.10 13:46:57 스크랩 조회 537 추천 0 댓글 7,0,537,2025.07.10 13:46:57,https://gall.dcinside.com/mgallery/board/view/?id=choenggu&no=2407&page=4
4,2406,[노가리],폭염,폭염 조심하자. ㅇㅈㅎ 제발 열사병걸려 ㄷㅈ면 좋겠다. ㅇㅈㅎ 때문에 아직도 ㅇㅈㅎ에 대한 원한이 많다. ㅇㅈㅎ에게 복수하고 싶다.,ㅇㅈㅎㅁㅎㄹ (220.94) 2025.06.29 21:11:12 스크랩 조회 800 추천 49 댓글 31,49,800,2025.06.29 21:11:12,https://gall.dcinside.com/mgallery/board/view/?id=choenggu&no=2406&page=4
4,2405,[노가리],쌤 중에 정치색 확실한 사람 누구 있지,ㅇㄷㅇ나 ㅈㅈㅅ은 확실해보이는데 따로 밝힌 쌤 있음? - dc official App,청붕이 (222.104) 2025.06.28 03:48:48 스크랩 조회 674 추천 0 댓글 4,0,674,2025.06.28 03:48:48,https://gall.dcinside.com/mgallery/board/view/?id=choenggu&no=2405&page=4
4,2404,[노가리],경제 작년 기출,"작년에 무슨일이 있었던겁니까.. 경제러 행님들 왜이렇게 어렵게 문제가 나온겁니까 .. 1,2컷 기억나시는분 대충이라도 답해주세요",청붕이 (58.231) 2025.06.27 01:38:15 스크랩 조회 172 추천 0 댓글 0,0,172,2025.06.27 01:38:15,https://gall.dcinside.com/mgallery/board/view/?id=choenggu&no=2404&page=4
4,2402,[노가리],신명여중 여학생들 거르고 만나지 마셈,돈 밝히는 년들 ㅈ나 많고 이상한 애들 많음 여자애들 지나가다 마주치면 얼굴 보고 실실 웃고 만만해 보이는 남자한테 의존적으로 다가가서 친목 다지기 및 순수 이익 챙길려고 염병을 떠냐 남한테 피해는 주지 말아야지 열등감 덩어리 새키들...,청붕이 (58.230) 2025.06.24 04:28:17 스크랩 조회 538 추천 0 댓글 5,0,538,2025.06.24 04:28:17,https://gall.dcinside.com/mgallery/board/view/?id=choenggu&no=2402&page=4
4,2401,[노가리],점심시간,3학년 화장실 ㅘ,청붕이 (211.235) 2025.06.20 16:25:00 스크랩 조회 240 추천 0 댓글 1,0,240,2025.06.20 16:25:00,https://gall.dcinside.com/mgallery/board/view/?id=choenggu&no=2401&page=4
4,2400,[노가리],청구중 ㅅㅂ 왜자꾸 시험기간에 애새끼들 축구시키냐,원숭이마냥 소리를 ㅈㄴ게지르노,ㅇㅇ (58.237) 2025.06.18 22:05:02 스크랩 조회 602 추천 8 댓글 2,8,602,2025.06.18 22:05:02,https://gall.dcinside.com/mgallery/board/view/?id=choenggu&no=2400&page=4
4,2399,[노가리],청구중 10인데,씨발 황동열 좆같네 좀 닥치라해 청구고에 이쁜쌤있나요? 조은주 조질사람,청붕이 (39.116) 2025.06.17 15:50:16 스크랩 조회 500 추천 0 댓글 5,0,500,2025.06.17 15:50:16,https://gall.dcinside.com/mgallery/board/view/?id=choenggu&no=2399&page=4
4,2398,[노가리],학사일정,1학년 남은 기간동안 수학여행이나 체육대회같은 일정있음?,청붕이 (58.124) 2025.06.09 22:24:37 스크랩 조회 286 추천 0 댓글 2,0,286,2025.06.09 22:24:37,https://gall.dcinside.com/mgallery/board/view/?id=choenggu&no=2398&page=4
4,2397,[노가리],오늘 개교기념일인거 알지?,다들 편히쉬라,이창존 2025.06.09 09:43:49 스크랩 조회 244 추천 1 댓글 0,1,244,2025.06.09 09:43:49,https://gall.dcinside.com/mgallery/board/view/?id=choenggu&no=2397&page=4
4,2396,[노가리],재수는 죄악이다,"제발 나는 중경외시가 어쩌고 수도권 대학이 어쩌고 이지랄 하지말고 경북대든 영남대든 계명대든 대구대든 어디든 붙으면 일단 들어가라 돌아갈 곳 없이 모험을 하는것과 돌아갈 곳이 명백한 상태에서 모험을 하는것은 하늘과 땅 차이다. 심리적인 안정감이 다르다. 그리고 혹시 모른다 학벌주의가 과거에 비해 점점 옅어져가는 요즘, 너가 들어간 그 대학이 너의 마음에 달어서 계속 다니게 될지 캠퍼스에서 이 세상 인구의 80억 분의 1인 네 인생을 맡겨도 괜찮을 그녀를 만나게 될지 아무도 모른다. 다시한번 강조한다. 재수는 미친짓이다. 수시는 인권이고 3학년 2학기 너의 신분상승의 증표가 되어준다. 의심하지 말아라 너가 3년동안 밤새워가며 좆빠지게 공부해서 니 머릿속에 채워넣은 너의 지식은 3학년 2학기때 배신하지 않는 너의 든든한 지원군이 되어줄것이다. 정시에 올인하는건 안대를 쓴채로 외줄타기를 하는것과 같다. 물론 성공할 가능성이 적은건 아니다 하지만 날고 기어도 외줄타기다. 네가 그 줄을 타는동안 감내해여할 스트레스는 매일 아침 7시에 일어나서 학원에 들어간다음 지정된 책상에서 지정된 공부를 하고 정해진 시간에 정해진 밥을 먹고 돌아와서 공부를 하고 저녁시간이 되면 다시한번 지정된 시간에 지정된 밥을먹고 돌아와서 자습을 하다가 10시 종이 치면 집에 가거나 상승의지가 있을경우 12시까지 자습하는 매일매일의 연속이다. 최소로 잡아도 8출 10퇴. 공장 2교대 근무보다 긴 시간이다. 이 시간동안 받게된다. 제발 발을 들이지 말아라. 나는 3년간 남들이 공부할때 놀아버린 벌을 받는 중이다 3년의 죗값을 1년에 압축하여 받는중이다. 나는 이제 내가 공부하는 이유도 모른채 펜을 잡고있다. 명문대를 왜 가야하는지도 모른다. 내가 왜 경북대를 마다하고 재수를 했는지조차 기억나지 않는다. 이 악물고 해라.",라이딩시로코땀냄새 2025.06.09 03:57:52 스크랩 조회 336 추천 0 댓글 5,0,336,2025.06.09 03:57:52,https://gall.dcinside.com/mgallery/board/view/?id=choenggu&no=2396&page=4
4,2395,[노가리],머리 펌 잡냐?,1학년인데 쉐도우펌 하고싳은데 혼 얼마나 남? 개씹 존나 볶는건 아님,청붕이 (116.44) 2025.06.06 21:31:18 스크랩 조회 293 추천 0 댓글 5,0,293,2025.06.06 21:31:18,https://gall.dcinside.com/mgallery/board/view/?id=choenggu&no=2395&page=4
4,2393,[노가리],이재명 대통령 님 만세~~,저희 청마갤 일동은 이재명 대통령 님을 지지합니다 ^^7 - dc official App,하루히사랑해 2025.06.05 21:45:00 스크랩 조회 439 추천 10 댓글 2,10,439,2025.06.05 21:45:00,https://gall.dcinside.com/mgallery/board/view/?id=choenggu&no=2393&page=4
4,2392,[노가리],ㅅㅂ,1학년 웰케 똥게아들이 많노,청붕이 (175.127) 2025.06.04 23:27:02 스크랩 조회 173 추천 4 댓글 0,4,173,2025.06.04 23:27:02,https://gall.dcinside.com/mgallery/board/view/?id=choenggu&no=2392&page=4
4,2391,[노가리],이재명의 호텔경제론,"이재명 더불어민주당 대선 후보가 제시한 ‘호텔경제론’은 경제 순환과 소비 활성화의 중요성을 단순하고 직관적으로 설명하려는 시도로 주목받았다. 이 비유는 ‘한 여행객이 호텔에 예약금을 내고, 이 돈이 가구점, 치킨집, 문방구를 거쳐 다시 호텔로 돌아오는 과정’을 통해, 돈이 경제 내에서 순환하면 경제가 활성화된다는 메시지를 담고 있다. 이러한 설명은 ‘돈이 돌아야 경제가 산다’는 케인즈 경제학의 승수효과 개념과 일맥상통한다. 케인즈 경제학에서 승수효과란, 정부나 민간이 지출한 돈이 여러 경제 주체를 거치며 반복적으로 소비를 촉진하여, 초기 지출 이상의 경제적 효과를 창출한다는 원리를 말한다. 이재명의 호텔경제론은 이러한 승수효과를 대중이 쉽게 이해할 수 있도록 풀어낸 비유적 설명으로 볼 수 있다. 돈이 계속 돌면 경제가 활성화된다는 기본 아이디어는 어느 정도 타당하며, 특히 지역화폐나 기본소득처럼 소비를 촉진하는 정책의 효과를 설명할 때 유용한 개념적 도구가 될 수 있다. 호텔경제론은 복잡한 경제 메커니즘을 단순화하여 설명하는 교육적 비유로서 가치가 있다. 일반 대중이 재정 지출과 소비 활성화의 중요성을 직관적으로 이해할 수 있도록 도우며, 케인즈 경제학의 추상적인 개념을 현실 사례에 적용함으로써 경제정책의 취지를 쉽게 전달한다. 특히 ‘돈이 한 바퀴 도는 것만으로도 경제적 활력이 생긴다’는 직관적 설명은 정책의 정당성을 대중에게 효과적으로 설명하는 데 도움이 된다. 그러나, ‘호텔경제론’은 현실 경제를 과도하게 단순화한 한계를 지닌다 첫째, 호텔경제론은 모든 거래가 외상으로 이루어지고, 중간에 돈이 ‘사라지지 않는’ 매우 이상적인 상황을 전제로 한다. 현실의 경제활동은 대부분 선불 결제로 이뤄지며, 저축, 세금, 해외 지출 등으로 인해 돈은 경제 시스템에서 빠져나가 순환이 끊기기 쉽다. 또한, 돈이 단순히 순환하기만 하고 실질적인 부가가치 창출이 동반되지 않는다면, 이는 일시적 착시에 불과할 수 있다. 둘째, 호텔경제론의 핵심 장면인 ‘여행객의 예약 취소와 환불’은 돈이 다시 출발점으로 돌아간다는 점을 강조하지만, 이는 곧 돈이 경제에서 빠져나가면서 순환 효과가 소멸됨을 의미한다. 순환만으로는 경제 성장이 보장되지 않으며, 이는 총수요 증가와 실질 생산 확대가 수반될 때 비로소 지속 가능한 경제 활성화를 기대할 수 있다. 셋째, 경제 정책은 소비자 심리, 시장 구조, 부채 수준, 신뢰도 등 수많은 변수의 영향을 받는다. 단지 돈의 순환만으로 소비가 자동적으로 늘고 경제가 살아난다는 주장은 복잡한 현실을 지나치게 단순화한 해석에 불과하다. 경제의 복잡성은 단순한 유통 모델로는 포착되기 어렵다. 일부 경제 전문가들은 호텔경제론을 비판적으로 바라본다. 정규재 전 주필은 이를 “현실을 반영하지 못한 단순한 마술”이라고 표현하며, 실제 경제에서는 저축, 세금, 투자 손실 등으로 인해 돈의 순환이 지속되기 어렵다는 점을 지적했다. 또한 이준석 전 대표는 호텔경제론을 “인터넷 밈 같은 얘기”로 평가절하하며, 이를 경제 정책의 기반으로 삼는 것은 위험하다고 보았다. 이런 비판들은 이 비유가 실제 정책 설계에는 부적합할 수 있음을 경고한다. 이재명의 ‘호텔경제론’은 경제 순환과 소비 촉진의 필요성을 직관적이고 쉬운 언어로 전달한 점에서 분명한 장점이 있다. 이는 케인즈 승수효과라는 경제학의 핵심 개념을 대중화하는 시도로 평가할 수 있다. 그러나 이러한 비유는 지나치게 단순화된 설명이며, 현실 경제의 복잡성과 다양한 변수들을 반영하지 못하는 한계를 지닌다. 따라서 호텔경제론은 정책 설계나 경제 진단의 핵심 이론이 아니라, 대중 교육용 보조 설명으로 활용될 때 그 가치가 있다. 실질적인 경제 정책은 다면적인 시각과 종합적 분석을 바탕으로 설계되어야 하며, 단순한 비유에 의존하는 태도는 경계해야 한다.",ㅇㅇ (121.182) 2025.06.04 01:38:45 스크랩 조회 329 추천 6 댓글 0,6,329,2025.06.04 01:38:45,https://gall.dcinside.com/mgallery/board/view/?id=choenggu&no=2391&page=4
4,2390,[노가리],그 2학년 누구임?,1학년한테 시비걸린 병신 이름 좀 알려주라 - dc official App,청붕이 (222.238) 2025.06.03 22:16:42 스크랩 조회 800 추천 11 댓글 6,11,800,2025.06.03 22:16:42,https://gall.dcinside.com/mgallery/board/view/?id=choenggu&no=2390&page=4
4,2389,[노가리],누가 더 유명함 아리아나 그란데 호날두,- dc official App,디바 (59.28) 2025.06.03 10:31:56 스크랩 조회 174 추천 0 댓글 1,0,174,2025.06.03 10:31:56,https://gall.dcinside.com/mgallery/board/view/?id=choenggu&no=2389&page=4
4,2388,[노가리],이분 청구고 GOAT면 개추,일단 난 개추 누른다,ㅇㅇ (211.36) 2025.06.02 19:20:52 스크랩 조회 516 추천 3 댓글 0,3,516,2025.06.02 19:20:52,https://gall.dcinside.com/mgallery/board/view/?id=choenggu&no=2388&page=4
4,2387,[노가리],오늘 2학년 1학년 시비 붙은거 총정리,"오늘 급식실에서 2학년이랑 1학년이 시비붙었노. 이야기 들은걸로 객관적으로 서술해 보겠노. 1. 2학년이 급식실에서 시끄럽게 떠들었음. (나가는중에 들릴정도로 시끄럽게 쪼개긴 하더라) 2. 1학년이 시끄럽다는 등의 말을 하고, 시리얼타임으로 이목을 끌어서 숙연하게 만든다는등의 이야기를함. (여기서 이 학생은 전에 청구마갤에 글 올라온 시리얼타임좌임. 시리얼타임밈은 직접찾아보삼) 3. 2학년이 그 말을 듣고서는 1학년 자리로 와서는 니들이 우리 욕했냐는둥 하며 말함. 4. 1학년은 욕한적은 없지, 그냥 시끄럽다만 말했다 했지만, 2학년이 1학년에게 니들이 씨발이라고 했니 어쩌니 하며 목소리가 커짐. -> 1학년이 시리얼타임이라고 말한걸 욕으로 잘못들은것같음. 5. 이로 인해서 2학년은 1학년 한명을 향해 'ㅈ만한 ㅅㄲ' 'ㅆㅂㄴ' 등의 욕설을 퍼부음. 다른 1학년들은 최대한 상황을 중재하려고함. 6. 2학년이 급식실 책상까지 밟아가며 쫓아오고, 1학년 교실까지 따라오면서 시비를 걸고 욕을 함. 7. 결국 반 앞에서 선생님들이 중재하며 상황이 흐지부지 끝남. 청붕이들이 봤을땐 누구 잘못인것같노?",청붕이 (23.106) 2025.06.02 15:51:58 스크랩 조회 928 추천 12 댓글 26,12,928,2025.06.02 15:51:58,https://gall.dcinside.com/mgallery/board/view/?id=choenggu&no=2387&page=4
4,2385,[노가리],윤석열이 진짜 문재인게,만났음,청붕이 (49.168) 2025.05.25 13:58:27 스크랩 조회 280 추천 2 댓글 0,2,280,2025.05.25 13:58:27,https://gall.dcinside.com/mgallery/board/view/?id=choenggu&no=2385&page=4
4,2383,[노가리],이딴것도 체육대회라 치나,하는것도없이 애들 걍 지할거 하고있고 밥도 도시락 ㅈㄴ작은거 주는데 이 개병신같은 학교에서 2년이나 더 썩어야 한다니 존나 슬프노ㅠㅠ - dc official App,ㅇㅇ 2025.05.21 13:06:20 스크랩 조회 610 추천 5 댓글 2,5,610,2025.05.21 13:06:20,https://gall.dcinside.com/mgallery/board/view/?id=choenggu&no=2383&page=4
4,2382,[노가리],어제 내 학교생활이 무너졌어,"어제 내 세상이 무너졌어 수학여행 계획 떴는데 온돌방이래 다른 학교는 호텔에서 2박 3일이라던데 우린 숨만 쉬다 온다더라 너무 힘들어 지금도 울고 있어 걱정된다... 가서 사라질 내 시간이 너무너무 아까워 내  목숨을 가져가도 좋아 제발, 누가 일정 좀 바꿔줘",청붕이 (39.116) 2025.05.16 10:59:59 스크랩 조회 628 추천 7 댓글 5,7,628,2025.05.16 10:59:59,https://gall.dcinside.com/mgallery/board/view/?id=choenggu&no=2382&page=4
4,2381,[노가리],어 그래그래 형이야,"음 그래그래 이것저것 삭제되긴 했디만 청갤에서 여러가지 념글들을 남겼던 시로코형이야 일단 청구고에 갔으면 무조건 수시를 챙기렴 수시가 만만하다는건 아니지만 청구고에서 정시로 인서울 뚫기보단 100배 쉬운 길에, 3학년 2학기가 되면 내신은 곧 인권이 된단다 참고로 청구고에서 정시로 인서울할 생각은 꿈도 꾸지마렴 형은 지금 MDS에서 재수를 좆빠지게 하는 중이야 사실상 잇올 MDS있는 이쪽 거리는 청구고4학년이나 다름이 없단다 요즘엔 폰도 걷어간다는 소문을 들었단다 난 06이 최악의 세대인줄 알았는데 더한 세대가 있는줄 몰랐는걸? 음 그래그래 06은 비록 경주따리긴 해도 수학여행을 갔었단다 그럼이만 ㅇㅈㅎ씨의 비호 아래서 열심히 좆뺑이 치도록",라이딩시로코땀냄새 2025.05.15 00:44:46 스크랩 조회 470 추천 9 댓글 1,9,470,2025.05.15 00:44:46,https://gall.dcinside.com/mgallery/board/view/?id=choenggu&no=2381&page=4
4,2380,[노가리],오늘자 급식실 시리얼타임 ㄹㅈㄷ,오늘 밥 다먹고 나가는데 1학년 어떤 애 하나 자빠지면서 급식 다 쏟음 ㅋㅋㅋ 진심 시리얼타임 밈 보는줄 알았네 ㅋㅋㅋㅋ 시리얼타임좌 개쩌누,청붕이 (39.7) 2025.05.14 16:27:11 스크랩 조회 628 추천 2 댓글 2,2,628,2025.05.14 16:27:11,https://gall.dcinside.com/mgallery/board/view/?id=choenggu&no=2380&page=4
4,2379,[노가리],걔 누구냐,급식실에서 급식판 쏟고 애들끼리 씨리얼타임 이ㅈㄹ하든데 누구냐,청붕이 (39.116) 2025.05.14 15:12:03 스크랩 조회 479 추천 2 댓글 1,2,479,2025.05.14 15:12:03,https://gall.dcinside.com/mgallery/board/view/?id=choenggu&no=2379&page=4
4,2377,[노가리],07인데,집 가까워서 수능은 여기서 치고 싶어요 오성은 제2외국어 선택하면 많이 간다던데 여기는 그런 거 없나요 - dc official App,청붕이 (222.103) 2025.05.11 01:17:51 스크랩 조회 567 추천 1 댓글 4,1,567,2025.05.11 01:17:51,https://gall.dcinside.com/mgallery/board/view/?id=choenggu&no=2377&page=4
4,2376,[노가리],공통수학1,세월 참 좋아졌다.. 걍 일등급 10퍼니까 교과서에서 막 긁어와버리노,이창존2 (211.235) 2025.05.10 22:40:01 스크랩 조회 406 추천 6 댓글 1,6,406,2025.05.10 22:40:01,https://gall.dcinside.com/mgallery/board/view/?id=choenggu&no=2376&page=4
5,2375,[노가리],창존이형 이번 윤사는 쉽게 냈어?,예전에 1컷 82점이랑 70점이상이 10프로도 안된건 심했잖아요,청붕이 (223.39) 2025.05.10 22:25:30 스크랩 조회 396 추천 5 댓글 0,5,396,2025.05.10 22:25:30,https://gall.dcinside.com/mgallery/board/view/?id=choenggu&no=2375&page=5
5,2374,[노가리],근데 등교할 때 빼고는 학교에서 사복 입어도 안 잡네요,교장새끼만 안 만나면 괜찮은 듯,청붕이 (221.142) 2025.05.05 01:10:17 스크랩 조회 370 추천 11 댓글 0,11,370,2025.05.05 01:10:17,https://gall.dcinside.com/mgallery/board/view/?id=choenggu&no=2374&page=5
5,2373,[노가리],고2 청붕이들은 윤사 걱정마라,어차피 창준쌤이 윤사는 수능이상으로 난이도 출제해서 어렵다 작년 평균 30점대 나왔었음 ㅇㅇ 이번 서술형도 빡세게 매기신다고 하니까 점수 낮게나와도 그리 걱정하지 마라 생윤도 그렇다고 보는데 난 모르겠다~,이창존 2025.05.03 22:15:45 스크랩 조회 303 추천 0 댓글 0,0,303,2025.05.03 22:15:45,https://gall.dcinside.com/mgallery/board/view/?id=choenggu&no=2373&page=5
5,2372,[노가리],우리 갤주는 하루히 이세돌 아니였노,대문 이미지 좀 큼직큼직하게 바꿨다 저거 보니까 21년도에 만들어두고 안바꾸고 있었길래 역시 하루히는 최고야 그리고 이번에 이세돌 4집 미스티 레인보우 나왔으니까 한번씩 시청 ㄱㄱㄱ,이창존 2025.05.03 22:13:51 스크랩 조회 218 추천 1 댓글 3,1,218,2025.05.03 22:13:51,https://gall.dcinside.com/mgallery/board/view/?id=choenggu&no=2372&page=5
5,2371,[노가리],지금 체육대회 떡밥 돌더라?,5월 중순에 한다고 하는데 저번처럼 육상경기장에서 하는거같음,이창존 2025.05.03 22:11:36 스크랩 조회 203 추천 0 댓글 0,0,203,2025.05.03 22:11:36,https://gall.dcinside.com/mgallery/board/view/?id=choenggu&no=2371&page=5
5,2370,[노가리],지금보니까 대통령 권한대행이랑 여기 교장이랑 이름 초성이 같노,교장 뭔일 있음? 다 욕하는 글이던데,청붕이 (175.120) 2025.05.02 00:34:55 스크랩 조회 208 추천 2 댓글 0,2,208,2025.05.02 00:34:55,https://gall.dcinside.com/mgallery/board/view/?id=choenggu&no=2370&page=5
5,2369,[노가리],대한민국 1짱 배출 고등학교,비록 한달밖에 안되지만 축하합니다,청붕이 (175.120) 2025.05.02 00:26:52 스크랩 조회 272 추천 4 댓글 0,4,272,2025.05.02 00:26:52,https://gall.dcinside.com/mgallery/board/view/?id=choenggu&no=2369&page=5
5,2368,[노가리],요새도 야자강제냐?,어차피 공부안하는데 야자 왜하냐고 모 교사가 물어봤는데 밤에 불켜져있어야 학교 위신이 선다고 교장인가 교감인가 그러던데 무슨 몇십년된 얘기도 아님 6년? 그쯤됐네 2019년이니까,ㅇㅇ (58.124) 2025.04.30 01:07:46 스크랩 조회 230 추천 0 댓글 1,0,230,2025.04.30 01:07:46,https://gall.dcinside.com/mgallery/board/view/?id=choenggu&no=2368&page=5
5,2366,[노가리],애미없는새끼야,누가자꾸 화장실에 똥처바르냐 반갈죽 마렵노,청붕이 (175.120) 2025.04.25 00:10:22 스크랩 조회 793 추천 11 댓글 5,11,793,2025.04.25 00:10:22,https://gall.dcinside.com/mgallery/board/view/?id=choenggu&no=2366&page=5
5,2365,[노가리],윤사 작년,작년 윤사 1학기 중간 등급 컷 대충 기억 나시는 꽃미남형님? 좀 알려주세요,청붕이 (39.116) 2025.04.21 20:14:27 스크랩 조회 288 추천 0 댓글 2,0,288,2025.04.21 20:14:27,https://gall.dcinside.com/mgallery/board/view/?id=choenggu&no=2365&page=5
5,2361,[노가리],오늘 교육감온다고 너네 40분에 탈주했다며?,고생이 많다 많아,이창존 2025.04.03 21:54:34 스크랩 조회 475 추천 5 댓글 0,5,475,2025.04.03 21:54:34,https://gall.dcinside.com/mgallery/board/view/?id=choenggu&no=2361&page=5
5,2360,[노가리],학쉥이 먼줘다,훠훠훠훠 - dc official App,청붕이 (39.116) 2025.04.02 14:37:47 스크랩 조회 472 추천 6 댓글 2,6,472,2025.04.02 14:37:47,https://gall.dcinside.com/mgallery/board/view/?id=choenggu&no=2360&page=5
5,2359,[노가리],자자 선수입장,자 드가자~ - dc official App,이오리의왼발 2025.04.02 14:33:22 스크랩 조회 314 추천 0 댓글 0,0,314,2025.04.02 14:33:22,https://gall.dcinside.com/mgallery/board/view/?id=choenggu&no=2359&page=5
5,2358,[노가리],급식 꼬라지ㅋㅋ,진짜 개병신학교네ㅋㅋ - dc official App,ㅇㅇ 2025.04.02 13:12:49 스크랩 조회 341 추천 3 댓글 0,3,341,2025.04.02 13:12:49,https://gall.dcinside.com/mgallery/board/view/?id=choenggu&no=2358&page=5
5,2357,[노가리],세계 최고의 학교면 개추 ㅋㅋ,일단나부터 ㅋㅋㅋ,청붕이 (118.45) 2025.04.01 21:17:51 스크랩 조회 404 추천 6 댓글 0,6,404,2025.04.01 21:17:51,https://gall.dcinside.com/mgallery/board/view/?id=choenggu&no=2357&page=5
5,2353,[노가리],졸업한지 10년됐네 앰씹 개 딸피 입갤ㅋㅋㅋ,15년도 2월달에 졸업했다. 410번타고 신천3 치안센터에 내려서 후문 계단타고 올라가던 죶같던 시절이여! 박주영 형님 아스날에서 벤치 달구던 시절 런던올림픽서 군대안가슛 때리던 시절,청붕이 (112.145) 2025.03.24 22:03:54 스크랩 조회 379 추천 2 댓글 3,2,379,2025.03.24 22:03:54,https://gall.dcinside.com/mgallery/board/view/?id=choenggu&no=2353&page=5
5,2352,[노가리],행사,청구고에 행사같은거 있음? 장기자랑 이런거,청붕이 (106.101) 2025.03.23 20:16:09 스크랩 조회 290 추천 0 댓글 4,0,290,2025.03.23 20:16:09,https://gall.dcinside.com/mgallery/board/view/?id=choenggu&no=2352&page=5
5,2351,[노가리],이런 거 좋아하냐?,개추 10개 넘으면 다음 거 간다 - dc official App,하루히사랑해 2025.03.22 20:57:29 스크랩 조회 902 추천 15 댓글 8,15,902,2025.03.22 20:57:29,https://gall.dcinside.com/mgallery/board/view/?id=choenggu&no=2351&page=5
5,2349,[노가리],2학년 수학여행,진짜 지리산임?,청붕이 (116.43) 2025.03.20 22:55:30 스크랩 조회 423 추천 0 댓글 2,0,423,2025.03.20 22:55:30,https://gall.dcinside.com/mgallery/board/view/?id=choenggu&no=2349&page=5
5,2347,[노가리],1학년 담임쌤들 어떰,다들 성격이나 등등 괜찮으심??? - dc official App,포튭 (106.245) 2025.03.20 12:51:53 스크랩 조회 654 추천 1 댓글 3,1,654,2025.03.20 12:51:53,https://gall.dcinside.com/mgallery/board/view/?id=choenggu&no=2347&page=5
5,2346,[노가리],누가 더 유명함 브리트니 스피어스 킬리안 음바페,- dc official App,디바 (211.235) 2025.03.20 11:23:24 스크랩 조회 170 추천 1 댓글 1,1,170,2025.03.20 11:23:24,https://gall.dcinside.com/mgallery/board/view/?id=choenggu&no=2346&page=5
5,2344,[노가리],친구 사촌누나,존나꼴리는데 한살 연상ㅇ이다,청붕이 (172.225) 2025.03.19 23:15:20 스크랩 조회 459 추천 0 댓글 2,0,459,2025.03.19 23:15:20,https://gall.dcinside.com/mgallery/board/view/?id=choenggu&no=2344&page=5
5,2343,[노가리],난 청구고 대가리다,빡대가리임 ㅇㅇ,청붕이 (58.237) 2025.03.19 23:14:09 스크랩 조회 383 추천 2 댓글 0,2,383,2025.03.19 23:14:09,https://gall.dcinside.com/mgallery/board/view/?id=choenggu&no=2343&page=5
5,2342,[노가리],화장실 벽에 똥칠하는 새끼 누구임?,벽에 누런거 묻어있던데 어떤 새끼임?,청붕이 (220.89) 2025.03.19 20:58:47 스크랩 조회 384 추천 0 댓글 2,0,384,2025.03.19 20:58:47,https://gall.dcinside.com/mgallery/board/view/?id=choenggu&no=2342&page=5
5,2341,[노가리],이번 청구고 09인데,형님들 학교 왜이렇게 구리죠..?,청붕이 (221.157) 2025.03.19 20:39:08 스크랩 조회 406 추천 0 댓글 0,0,406,2025.03.19 20:39:08,https://gall.dcinside.com/mgallery/board/view/?id=choenggu&no=2341&page=5
5,2339,[노가리],오랜만에 장작 좀 타네,올해 1학년들 화끈하구만 - dc official App,하루히사랑해 2025.03.19 20:18:35 스크랩 조회 408 추천 0 댓글 2,0,408,2025.03.19 20:18:35,https://gall.dcinside.com/mgallery/board/view/?id=choenggu&no=2339&page=5
5,2334,[노가리],잡히면 뒤진다,걸리기만해봐라,이X찬 (39.116) 2025.03.17 13:27:40 스크랩 조회 402 추천 0 댓글 3,0,402,2025.03.17 13:27:40,https://gall.dcinside.com/mgallery/board/view/?id=choenggu&no=2334&page=5
5,2333,[노가리],청구중 10년생인데,청구고말고 중앙고 가야되나요?,ㅇㅇ (58.237) 2025.03.16 22:16:40 스크랩 조회 503 추천 0 댓글 3,0,503,2025.03.16 22:16:40,https://gall.dcinside.com/mgallery/board/view/?id=choenggu&no=2333&page=5
5,2332,[노가리],.,,엔토닉 2025.03.15 21:37:19 스크랩 조회 265 추천 0 댓글 2,0,265,2025.03.15 21:37:19,https://gall.dcinside.com/mgallery/board/view/?id=choenggu&no=2332&page=5
5,2331,[노가리],장원영 vs 올리비아 로드리고,- dc official App,디바 (59.28) 2025.03.15 15:13:47 스크랩 조회 182 추천 1 댓글 0,1,182,2025.03.15 15:13:47,https://gall.dcinside.com/mgallery/board/view/?id=choenggu&no=2331&page=5
5,2330,[노가리],파딱 내놔라 ㅇㅇ,작년 졸업생임 ㅇㅇㅇㅇㅇ,ㅇㅇ 2025.03.14 20:39:58 스크랩 조회 186 추천 0 댓글 5,0,186,2025.03.14 20:39:58,https://gall.dcinside.com/mgallery/board/view/?id=choenggu&no=2330&page=5
5,2329,[정보],2학년들 윤사하는 사람들은 꼭 봐라,"2학년 윤사는 쥰내 어렵다! 진짜 빈말이 아니라 수능급이다! 왜냐고? 우리 대 창 준 선생님께서 수능을 치는 어린양들을 위해 어렵게 내주심 ???:ㅆㅂ 그럼 어케요 청붕아. 수업을 조온내 잘 들으면 50점은 간단다 50점은 5등급삘이라고? 평균 30점이다 청붕아 70점만 나와도 2등급이야 제발 창준쌤 수업중에 처자지말고 앞에서 수업들어라 +창준쌤은 시험기간 2주남았을때 서술형 1, 2번을 스포해준다 무조건 보고 암기 ㄱㄱ +윤사 교과서 꼭보고, 거기서 서술형 다 나오니까. 특히 별거 아닌 [사상가가 죽기전 했던말들] 여기서 나올 수도 있음",이창존 2025.03.13 22:32:32 스크랩 조회 599 추천 6 댓글 4,6,599,2025.03.13 22:32:32,https://gall.dcinside.com/mgallery/board/view/?id=choenggu&no=2329&page=5
5,2328,[정보],동ARI 팁,"동아리 사전신청서 꼭!! 내야한다 안하면 너가 하고싶은거 토욜날보면 이미 다 차있고 그럼 그리고 절대 ""수학"" ""국어""는 하지마라 왜냐고? 물론 세특은 다들 잘 써주시지 근데 자습 안주실 수도 있다. 특히 동아리 모집글에 두줄만 적혀있거나 대체 뭘 하는거지? 싶은건 이제 너희들이 일해라! 자료조사해라! 가 되기 때문에 절대로 하지 말고 존나 긴거 하삼 그리고 3학년들은 역사쌤거 무조건 해라 그게 정배임 아니면 영어",이창존 2025.03.13 22:26:54 스크랩 조회 278 추천 3 댓글 3,3,278,2025.03.13 22:26:54,https://gall.dcinside.com/mgallery/board/view/?id=choenggu&no=2328&page=5
5,2327,[노가리],수요일 급식 맛있제?,유일하게 맛있는게 급식이여,이창존 2025.03.13 22:24:10 스크랩 조회 188 추천 0 댓글 0,0,188,2025.03.13 22:24:10,https://gall.dcinside.com/mgallery/board/view/?id=choenggu&no=2327&page=5
5,2323,[노가리],뭐야 글 왜 짤렸어,야짤이라 짤렸나 - dc official App,하루히사랑해 2025.03.11 22:16:55 스크랩 조회 342 추천 0 댓글 7,0,342,2025.03.11 22:16:55,https://gall.dcinside.com/mgallery/board/view/?id=choenggu&no=2323&page=5
5,2322,[노가리],ㄱㅅㄱㅅㅂㄹㅁㅈㄱㄷ,ㅇ,ㅇㅇ (49.168) 2025.03.11 02:42:49 스크랩 조회 200 추천 2 댓글 1,2,200,2025.03.11 02:42:49,https://gall.dcinside.com/mgallery/board/view/?id=choenggu&no=2322&page=5
5,2320,[노가리],근데 체육복은 체육시간에만 잠깐 입고 벗어야되나요?,갈아입는건 어디서 갈아입나요?,청붕이 (211.235) 2025.03.09 21:14:02 스크랩 조회 301 추천 0 댓글 7,0,301,2025.03.09 21:14:02,https://gall.dcinside.com/mgallery/board/view/?id=choenggu&no=2320&page=5
5,2319,[노가리],입학 일주일째 뭔가 잘못된것 같으면 개추 ㅋㅋ,수고해라 게이들아 ㅋㅋㅋㅋ,청붕이 (118.45) 2025.03.09 08:50:44 스크랩 조회 417 추천 12 댓글 0,12,417,2025.03.09 08:50:44,https://gall.dcinside.com/mgallery/board/view/?id=choenggu&no=2319&page=5
5,2318,[노가리],전자기기 거두노 ㅅ발,청붕이들은 알텐데 이제는 패드도 거둔다고 한다 패드로 인강 보는 애들도 있고 패드는 거두는건 심했다고 생각하는 청붕이들은 국민신문고에 민원 ㄱ,청붕이 (222.103) 2025.03.08 15:45:21 스크랩 조회 363 추천 10 댓글 1,10,363,2025.03.08 15:45:21,https://gall.dcinside.com/mgallery/board/view/?id=choenggu&no=2318&page=5
5,2316,[노가리],입학을 축하한다 ㅋㅋㅋㅋㅋㅋㅋ,비응신련들 비응신학교에서 잘 살아봐라,청붕이 (39.116) 2025.03.05 12:32:47 스크랩 조회 218 추천 0 댓글 0,0,218,2025.03.05 12:32:47,https://gall.dcinside.com/mgallery/board/view/?id=choenggu&no=2316&page=5
5,2315,[노가리],09인데,쉬는시간에 폰 사용되나 폰 안거두고,청붕이 (106.101) 2025.03.04 12:34:17 스크랩 조회 296 추천 1 댓글 4,1,296,2025.03.04 12:34:17,https://gall.dcinside.com/mgallery/board/view/?id=choenggu&no=2315&page=5
5,2314,[노가리],09 부교재,1학년 영어 수학 부교재 정보좀 알려주시면 감사하겎음,청붕이 (211.235) 2025.03.04 07:18:51 스크랩 조회 242 추천 0 댓글 5,0,242,2025.03.04 07:18:51,https://gall.dcinside.com/mgallery/board/view/?id=choenggu&no=2314&page=5
5,2313,[노가리],09인데 야자 아이패드,"고1 야자때 아이패드 사용 가능한가요 그리고 와이파이 되나요 AI 이미지가 생성되었습니다. 새로고침(F5) 해 주세요. 프롬프트 no_humans, food, food_focus, bowl, still_life, cup, realistic, chopsticks, traditional_media 네거티브 프롬프트 0 샘플링 DPM++ 2M Karras 스타일 None",청붕이 (116.44) 2025.03.03 01:59:15 스크랩 조회 385 추천 0 댓글 5,0,385,2025.03.03 01:59:15,https://gall.dcinside.com/mgallery/board/view/?id=choenggu&no=2313&page=5
5,2312,[노가리],ㅇㅈㅎ,ㅇㅈㅎ이랑 야차 뜨고 싶은 청붕이면 개추,청붕이 (39.7) 2025.02.28 18:10:06 스크랩 조회 515 추천 21 댓글 17,21,515,2025.02.28 18:10:06,https://gall.dcinside.com/mgallery/board/view/?id=choenggu&no=2312&page=5
5,2311,[노가리],09인데,실내화 뭐 초딩때 신던 고무신 신어야 하나요?,안노 (118.235) 2025.02.28 09:03:47 스크랩 조회 215 추천 0 댓글 1,0,215,2025.02.28 09:03:47,https://gall.dcinside.com/mgallery/board/view/?id=choenggu&no=2311&page=5
5,2310,[노가리],누가 더 유명함,테일러 스위프트 호날두 - dc official App,디바 (59.28) 2025.02.26 18:58:46 스크랩 조회 361 추천 0 댓글 2,0,361,2025.02.26 18:58:46,https://gall.dcinside.com/mgallery/board/view/?id=choenggu&no=2310&page=5
5,2309,[노가리],청구에서 싫은 선생,,청붕이 (14.45) 2025.02.26 02:53:19 스크랩 조회 1122 추천 18 댓글 12,18,1122,2025.02.26 02:53:19,https://gall.dcinside.com/mgallery/board/view/?id=choenggu&no=2309&page=5
5,2308,[정보],여고 댄스부,갑자기 생각났는데 여고 댄스부 불러서 춤추는거 봤을때 영상 못찍게 하는건 이해가는데 ㅈㅈㅅ은 클로즈업해서 자세히 찍고 개인 소장하던데 혹시 다른 썜들 찍는거 본 청붕이 있냐?,청붕이 (14.45) 2025.02.25 23:30:49 스크랩 조회 1175 추천 3 댓글 1,3,1175,2025.02.25 23:30:49,https://gall.dcinside.com/mgallery/board/view/?id=choenggu&no=2308&page=5
5,2307,[노가리],파딱이나 뽑을까,좆만한 갤이라서 나 혼자 관리해도 괜찮긴 한데 하고 싶은 사람 있으면 고닉으로 댓 달아 - dc official App,하루히사랑해 2025.02.24 11:12:19 스크랩 조회 240 추천 1 댓글 5,1,240,2025.02.24 11:12:19,https://gall.dcinside.com/mgallery/board/view/?id=choenggu&no=2307&page=5
5,2306,[노가리],청구고 생기부 개병신인가요?,얼마나 병신이길래 내가 물어본 사람들 전부 다 병신이라고 대답하냐...중앙 갈 걸 그랬나...청구 수시로 경대도 빡세?,청붕이 (118.235) 2025.02.23 18:22:51 스크랩 조회 531 추천 1 댓글 8,1,531,2025.02.23 18:22:51,https://gall.dcinside.com/mgallery/board/view/?id=choenggu&no=2306&page=5
6,2302,[노가리],얘들아 진심으로 꼭 보자,https://youtube.com/watch?v=kmDl63UBqyo&si=HvjDNghhUU0wDs7_ 우리나라 마지막 기회일 수 있다,청붕이 (116.43) 2025.02.20 04:23:35 스크랩 조회 233 추천 0 댓글 0,0,233,2025.02.20 04:23:35,https://gall.dcinside.com/mgallery/board/view/?id=choenggu&no=2302&page=6
6,2301,[노가리],여기 글 보는 데,"완장 진짜 행동하는게 귀엽노 뭔가 할게 없어 혼자서 아무말하고 노는 미소녀같음  아 진짜 반응이 온다,,",청붕이 (58.237) 2025.02.19 00:39:52 스크랩 조회 247 추천 3 댓글 2,3,247,2025.02.19 00:39:52,https://gall.dcinside.com/mgallery/board/view/?id=choenggu&no=2301&page=6
6,2299,[노가리],전국 학교 졸업축하하는 영상인데 청구 찾아보자,https://youtu.be/eCHTC2MOZrc?si=qzRe_n2YYd0Q0sp0 7:34:39부터 고등학교임 나는 찾기 실패함 도와줘 청붕이들,청붕 (116.43) 2025.02.18 06:06:53 스크랩 조회 241 추천 0 댓글 0,0,241,2025.02.18 06:06:53,https://gall.dcinside.com/mgallery/board/view/?id=choenggu&no=2299&page=6
6,2298,[노가리],"""신""","""신"" . . . . . . . . . ""병"" . . . . . . . . . ""병신"" - dc official App",하루히사랑해 2025.02.17 20:56:14 스크랩 조회 702 추천 14 댓글 10,14,702,2025.02.17 20:56:14,https://gall.dcinside.com/mgallery/board/view/?id=choenggu&no=2298&page=6
6,2297,[노가리],교복관련,교내에서 사복이나 체육복 가능한가요?,청붕이 (58.237) 2025.02.16 11:49:25 스크랩 조회 268 추천 1 댓글 1,1,268,2025.02.16 11:49:25,https://gall.dcinside.com/mgallery/board/view/?id=choenggu&no=2297&page=6
6,2296,[노가리],딱풀자위,왜 들어옴? - dc official App,이오리의왼발 2025.02.16 10:04:30 스크랩 조회 455 추천 1 댓글 0,1,455,2025.02.16 10:04:30,https://gall.dcinside.com/mgallery/board/view/?id=choenggu&no=2296&page=6
6,2295,[노가리],"""두명이요.""","기사님이 의아한 표정으로 물었다. ""학생은 혼잔데 왜 두 명이야?"" 나는 당당히 가슴을 펴고 말했다. ""제 마음 속에는 항상 하루히가 함께 있기에 두 명 요금을 낸 거에요."" 그러자 기사님은 웃으며 말했다. ""학생, 우리 버스는 장애인에게는 돈을 받지 않아."" 추운 겨울이었지만 버스 안 승객 모두가 절로 따듯해지게 만드는 훈훈한 일화였다. - dc official App",하루히사랑해 2025.02.12 23:18:39 스크랩 조회 257 추천 2 댓글 0,2,257,2025.02.12 23:18:39,https://gall.dcinside.com/mgallery/board/view/?id=choenggu&no=2295&page=6
6,2294,[노가리],"청구고 07,08 형님들 교양과목 뭐가 좋아요??","생태와환경,보건,인간과심리,교육의 이해,창의융합과제연구 뭐가 젤 좆같고 뭐가 젤 좋음?? 댓글 한번씩만 ㅂㅌ",청붕이 (58.126) 2025.02.12 22:01:04 스크랩 조회 330 추천 0 댓글 6,0,330,2025.02.12 22:01:04,https://gall.dcinside.com/mgallery/board/view/?id=choenggu&no=2294&page=6
6,2293,[노가리],청붕이들아 희망 잃지 마라,니들 선배중에 경희대 의대 간 사람도 있더라 AI 이미지가 생성되었습니다. 새로고침(F5) 해 주세요.,청붕이 (172.225) 2025.02.07 21:12:25 스크랩 조회 256 추천 0 댓글 1,0,256,2025.02.07 21:12:25,https://gall.dcinside.com/mgallery/board/view/?id=choenggu&no=2293&page=6
6,2291,[노가리],07년생 문과 전교1등부터 5등까지 알려주샘,보면서 자극받게,ㅇㅇ (211.234) 2025.01.31 15:48:31 스크랩 조회 489 추천 0 댓글 3,0,489,2025.01.31 15:48:31,https://gall.dcinside.com/mgallery/board/view/?id=choenggu&no=2291&page=6
6,2290,[노가리],2학년 부교재 뭐임?,수특 사면 됨?,ㅇㅇ (118.235) 2025.01.30 20:00:42 스크랩 조회 211 추천 0 댓글 3,0,211,2025.01.30 20:00:42,https://gall.dcinside.com/mgallery/board/view/?id=choenggu&no=2290&page=6
6,2289,[노가리],형님들 학생증 있나요,ㅈㄱㄴ 왜 학생증 안나옴 tlqkf,청붕이 (175.122) 2025.01.30 17:00:08 스크랩 조회 229 추천 3 댓글 1,3,229,2025.01.30 17:00:08,https://gall.dcinside.com/mgallery/board/view/?id=choenggu&no=2289&page=6
6,2288,[정보],체육복,예비고1인데 교내에서 체육복만입어도되나요?,노붕이 (58.124) 2025.01.30 12:53:40 스크랩 조회 216 추천 0 댓글 3,0,216,2025.01.30 12:53:40,https://gall.dcinside.com/mgallery/board/view/?id=choenggu&no=2288&page=6
6,2287,[노가리],자 자 주목!,부대 열중쉬어 - dc official App,하루히사랑해 2025.01.20 22:53:28 스크랩 조회 489 추천 24 댓글 0,24,489,2025.01.20 22:53:28,https://gall.dcinside.com/mgallery/board/view/?id=choenggu&no=2287&page=6
6,2286,[노가리],"[돌발영상] ""탄핵소추안 29건"" 어쩌다 탄핵의 나라가 되었나",,청붕이 (117.111) 2025.01.16 21:17:48 스크랩 조회 367 추천 39 댓글 3,39,367,2025.01.16 21:17:48,https://gall.dcinside.com/mgallery/board/view/?id=choenggu&no=2286&page=6
6,2282,[노가리],법원 앞에서 뭔 시위하던데,똥게이 새끼들은 왜 나왔노 - dc official App,하루히사랑해 2025.01.11 19:51:58 스크랩 조회 226 추천 2 댓글 0,2,226,2025.01.11 19:51:58,https://gall.dcinside.com/mgallery/board/view/?id=choenggu&no=2282&page=6
6,2281,[노가리],내위대한이다,마 니들 내 눈줄아니?,청붕이 (58.124) 2025.01.09 23:44:22 스크랩 조회 164 추천 0 댓글 1,0,164,2025.01.09 23:44:22,https://gall.dcinside.com/mgallery/board/view/?id=choenggu&no=2281&page=6
6,2280,[노가리],저게 어떻게 개추 11개임?,무슨 단톡방에 링크라도 올리나? - dc official App,하루히사랑해 2025.01.05 02:20:44 스크랩 조회 382 추천 2 댓글 2,2,382,2025.01.05 02:20:44,https://gall.dcinside.com/mgallery/board/view/?id=choenggu&no=2280&page=6
6,2279,[노가리],ㅇㅈㅎ탄핵위원회,ㅇㅈㅎ ㅌㅎ 투표,ㅇㅈㅎㅁㅎㄹ (220.94) 2025.01.03 09:25:05 스크랩 조회 1183 추천 121 댓글 22,121,1183,2025.01.03 09:25:05,https://gall.dcinside.com/mgallery/board/view/?id=choenggu&no=2279&page=6
6,2277,[노가리],너무너무 심심하다,심심해서 뒤질 것 같음 뭐 재밌는 거 없나? - dc official App,하루히사랑해 2024.12.30 18:07:37 스크랩 조회 187 추천 0 댓글 0,0,187,2024.12.30 18:07:37,https://gall.dcinside.com/mgallery/board/view/?id=choenggu&no=2277&page=6
6,2275,[노가리],ㅂㅈ,병신 - dc official App,청붕이 (221.168) 2024.12.27 08:25:01 스크랩 조회 398 추천 1 댓글 5,1,398,2024.12.27 08:25:01,https://gall.dcinside.com/mgallery/board/view/?id=choenggu&no=2275&page=6
6,2274,[노가리],동문고갤과 자매관계를 선언합니다,그냥 그런줄 아세요ㅎㅎ - dc official App,하루히사랑해 2024.12.26 23:26:40 스크랩 조회 458 추천 1 댓글 0,1,458,2024.12.26 23:26:40,https://gall.dcinside.com/mgallery/board/view/?id=choenggu&no=2274&page=6
6,2273,[노가리],동문고갤과 형제관계를 선언합니다,그냥 그런줄 아세요,상어냠냠 2024.12.26 13:06:30 스크랩 조회 260 추천 0 댓글 1,0,260,2024.12.26 13:06:30,https://gall.dcinside.com/mgallery/board/view/?id=choenggu&no=2273&page=6
6,2272,[노가리],다들 개추 한번 눌러볼까?,ㅠㅠㅠㅠㅠㅠㅠ - dc official App,하루히사랑해 2024.12.25 02:08:24 스크랩 조회 290 추천 6 댓글 0,6,290,2024.12.25 02:08:24,https://gall.dcinside.com/mgallery/board/view/?id=choenggu&no=2272&page=6
6,2271,[노가리],갤ㅈ망햇네 그냥 부매니저도 답도없고,동문갤로 가야하나,청붕이 (118.41) 2024.12.24 23:44:53 스크랩 조회 166 추천 4 댓글 1,4,166,2024.12.24 23:44:53,https://gall.dcinside.com/mgallery/board/view/?id=choenggu&no=2271&page=6
6,2270,[노가리],"진ㅅㅁ, 박ㅈㅂ, 정ㄷㅎ, 김ㅅㅇ 아직 학교있나",십새끼들진짜,ㅇㅇ (211.246) 2024.12.23 12:16:29 스크랩 조회 860 추천 5 댓글 22,5,860,2024.12.23 12:16:29,https://gall.dcinside.com/mgallery/board/view/?id=choenggu&no=2270&page=6
6,2269,[노가리],ㅂㅈ,희대의 병신년,청붕이 (221.168) 2024.12.23 08:18:08 스크랩 조회 176 추천 1 댓글 0,1,176,2024.12.23 08:18:08,https://gall.dcinside.com/mgallery/board/view/?id=choenggu&no=2269&page=6
6,2268,[노가리],3학년 반배정 과목 뭔가요 선배님들,2학년은 교양 기준으로 반배정하던데 3학년은 무슨 과목 기준으로 하나요?,ㅇㅇ (180.224) 2024.12.23 01:57:05 스크랩 조회 282 추천 0 댓글 2,0,282,2024.12.23 01:57:05,https://gall.dcinside.com/mgallery/board/view/?id=choenggu&no=2268&page=6
6,2266,[노가리],임산부가 하는 말은?,배 부른 소리ㅋㅋㅋㅋㅋㅋㅋㅋㅋㅋㅋㅋㅋㅋ - dc official App,하루히사랑해 2024.12.22 00:37:54 스크랩 조회 249 추천 0 댓글 4,0,249,2024.12.22 00:37:54,https://gall.dcinside.com/mgallery/board/view/?id=choenggu&no=2266&page=6
6,2265,[노가리],김밥과 여자의 공통점은?,두 줄이면 배가 부른다 - dc official App,하루히사랑해 2024.12.21 16:57:22 스크랩 조회 279 추천 0 댓글 0,0,279,2024.12.21 16:57:22,https://gall.dcinside.com/mgallery/board/view/?id=choenggu&no=2265&page=6
6,2263,[노가리],3학년이 꼴보기 싫다고..?,어 마음껏 꼴보기 싫어해 ㅋㅋ 청구에서 수학여행도 못가고 좆뺑이쳐라 ㅋㅋㅋ 우린 자유다 ㅋㅋㅋㅋㅋ 이진학 맛좀 더 봐야겠지..? - dc official App,청붕이 (210.120) 2024.12.16 17:34:06 스크랩 조회 705 추천 16 댓글 5,16,705,2024.12.16 17:34:06,https://gall.dcinside.com/mgallery/board/view/?id=choenggu&no=2263&page=6
6,2262,[노가리],3학년들 가오 처잡는거 꼴보기싫네,껄렁껄렁하게 가오 처잡으면서 다니는 놈들 ㅈㄴ 싫네 왜 저러고 살지,청붕이 (211.235) 2024.12.16 00:01:03 스크랩 조회 345 추천 0 댓글 0,0,345,2024.12.16 00:01:03,https://gall.dcinside.com/mgallery/board/view/?id=choenggu&no=2262&page=6
6,2261,[노가리],소신) 이새끼들 ㅈ같지 않냐?,대학교 분캠 붙어놓고 본캠 붙은척 스토리 올리는 새끼들 ㅈ같으면 개추 ㅋㅋㅋㅋ,청붕이 (223.39) 2024.12.15 15:23:45 스크랩 조회 353 추천 2 댓글 0,2,353,2024.12.15 15:23:45,https://gall.dcinside.com/mgallery/board/view/?id=choenggu&no=2261&page=6
6,2260,[노가리],3학년 빨간머리,3학년 빨간머리새끼 가오 그만잡고 다녀라,청붕이 (1.251) 2024.12.15 14:33:42 스크랩 조회 620 추천 15 댓글 4,15,620,2024.12.15 14:33:42,https://gall.dcinside.com/mgallery/board/view/?id=choenggu&no=2260&page=6
6,2259,[노가리],본인 크리스마스 계획,여자 4명이랑 시그니엘 최상층에서 마이파 게임 할 거다 - dc official App,하루히사랑해 2024.12.14 21:27:30 스크랩 조회 222 추천 0 댓글 1,0,222,2024.12.14 21:27:30,https://gall.dcinside.com/mgallery/board/view/?id=choenggu&no=2259&page=6
6,2257,[노가리],부매니저님이나 매니저님. 안내드립니다.,"전 여기서 만일 특정인을 욕설하는것이 나오면 그 즉시 신고할것입니다. 따라서, propose8748(부매니저님)님께선 여기에 답장해주시길 바랍니다. 저의 활동을 허락해주십시오.",욕설신고위원회 2024.12.12 14:46:20 스크랩 조회 230 추천 1 댓글 6,1,230,2024.12.12 14:46:20,https://gall.dcinside.com/mgallery/board/view/?id=choenggu&no=2257&page=6
6,2256,[노가리],.,- dc official App,청붕이 (110.70) 2024.12.12 10:16:16 스크랩 조회 194 추천 1 댓글 1,1,194,2024.12.12 10:16:16,https://gall.dcinside.com/mgallery/board/view/?id=choenggu&no=2256&page=6
6,2255,[노가리],병신들이 뭐라노ㅋㅋㅋㅋ,진짜 병신은 2학년이다 1학년들은 꼭 기억해라 - dc official App,청붕이 (222.238) 2024.12.10 19:11:35 스크랩 조회 589 추천 11 댓글 4,11,589,2024.12.10 19:11:35,https://gall.dcinside.com/mgallery/board/view/?id=choenggu&no=2255&page=6
6,2254,[노가리],3학년 병신들아,학교도 늦게올거면 좀 ㄷㅊ고 다녀 시험치는데 존나시끄럽네 재수나해라 ㅂ신들,ㅇㅇ (223.39) 2024.12.10 14:17:02 스크랩 조회 517 추천 12 댓글 5,12,517,2024.12.10 14:17:02,https://gall.dcinside.com/mgallery/board/view/?id=choenggu&no=2254&page=6
6,2252,[노가리],ㅂㅈ에 대해 알아보자!,그만 알아보도록 하자...,청붕이 (221.168) 2024.12.09 12:23:01 스크랩 조회 441 추천 3 댓글 2,3,441,2024.12.09 12:23:01,https://gall.dcinside.com/mgallery/board/view/?id=choenggu&no=2252&page=6
6,2251,[노가리],영진VS청구 어디로 갈까요?,09입니다,청붕이 (221.139) 2024.12.08 19:28:43 스크랩 조회 287 추천 1 댓글 0,1,287,2024.12.08 19:28:43,https://gall.dcinside.com/mgallery/board/view/?id=choenggu&no=2251&page=6
6,2250,[노가리],소리지른놈,시험치는데 소리지른 씹새끼 들어라 대가리에 주먹모양으로 홈 파이기 싫으면 아가리 닫고 다녀라 꼬우면 2학년 문과반 찾아오든가,청붕이 (223.39) 2024.12.06 13:00:28 스크랩 조회 335 추천 2 댓글 4,2,335,2024.12.06 13:00:28,https://gall.dcinside.com/mgallery/board/view/?id=choenggu&no=2250&page=6
6,2249,[노가리],이 씨발아,이미 시험 망했다고 지금 응원하면 어떡하냐,청붕이 (221.168) 2024.12.06 12:56:35 스크랩 조회 259 추천 0 댓글 1,0,259,2024.12.06 12:56:35,https://gall.dcinside.com/mgallery/board/view/?id=choenggu&no=2249&page=6
6,2248,[노가리],ㄷ 틀림,학습지 좀 잘 보지 그랬냐 물론 나도 틀림 - dc official App,하루히사랑해 2024.12.06 11:53:45 스크랩 조회 221 추천 0 댓글 0,0,221,2024.12.06 11:53:45,https://gall.dcinside.com/mgallery/board/view/?id=choenggu&no=2248&page=6
6,2247,[노가리],ㄷ 맞는 거임?,지구 온난화가 자연적 요인도 포함인 헷갈려서 1번 했는데 - dc official App,청붕이 (221.168) 2024.12.06 11:49:04 스크랩 조회 200 추천 0 댓글 0,0,200,2024.12.06 11:49:04,https://gall.dcinside.com/mgallery/board/view/?id=choenggu&no=2247&page=6
6,2246,[노가리],학교 안가!,???????? AI 이미지가 생성되었습니다. 새로고침(F5) 해 주세요. - dc official App,흑인 2024.12.03 23:10:25 스크랩 조회 268 추천 7 댓글 1,7,268,2024.12.03 23:10:25,https://gall.dcinside.com/mgallery/board/view/?id=choenggu&no=2246&page=6
6,2244,[노가리],09 입학지망생,"오성 20퍼따리인데 •청구 시험 난이도가 어떤가요 •분위기는 어떤가요 •생기부같은거 ㅈㄴ 안써준다는데 맞나요? •사대,능인이랑 비교하면 어떤가요 부탁드립니다 형님들",청붕이 (59.25) 2024.11.30 10:59:08 스크랩 조회 410 추천 0 댓글 5,0,410,2024.11.30 10:59:08,https://gall.dcinside.com/mgallery/board/view/?id=choenggu&no=2244&page=6
6,2243,[노가리],사교육 크악 씨이빨,바로 공교육 정상화(OUT!) - dc official App,하루히사랑해 2024.11.28 15:17:48 스크랩 조회 260 추천 3 댓글 4,3,260,2024.11.28 15:17:48,https://gall.dcinside.com/mgallery/board/view/?id=choenggu&no=2243&page=6
6,2242,[노가리],목을 매고 싶다,- dc official App,하루히사랑해 2024.11.28 00:03:15 스크랩 조회 212 추천 3 댓글 0,3,212,2024.11.28 00:03:15,https://gall.dcinside.com/mgallery/board/view/?id=choenggu&no=2242&page=6
6,2241,[노가리],08게이들아,"자꾸 ㅂㅈ쌤 얘기가 많이 나오는데, 2학년 수학여행 못 간거 모르냐? 우리의 주적은 ㅇㅈㅎ이다 자꾸 딴길로 새지말고 명심하도록",청붕이 (118.41) 2024.11.26 10:11:47 스크랩 조회 565 추천 20 댓글 5,20,565,2024.11.26 10:11:47,https://gall.dcinside.com/mgallery/board/view/?id=choenggu&no=2241&page=6
7,2240,[노가리],ㅂㅈ쌤 욕이 많길래,07인데 작년에 존나착하시고 애들 잘 챙겨주셔서 1학년 때 존나 좋은 쌤들 중 한 분으로 거론됐었는데 여긴 왜이럼? 걍 08니들이 ㅂ신인거아님? ㅂㅈ쌤 반애들 점심시간에 칠판으로 노무현영상 쳐들고 히히덕 거린다는데 사실임?ㅋㅋㅋㅋㅋ,ㅇㅇ (221.168) 2024.11.22 14:39:29 스크랩 조회 770 추천 26 댓글 6,26,770,2024.11.22 14:39:29,https://gall.dcinside.com/mgallery/board/view/?id=choenggu&no=2240&page=7
7,2239,[노가리],슬슬 쿨 돌았지?,좀 맞자,상어냠냠 2024.11.19 17:10:58 스크랩 조회 285 추천 1 댓글 4,1,285,2024.11.19 17:10:58,https://gall.dcinside.com/mgallery/board/view/?id=choenggu&no=2239&page=7
7,1628,[노가리],2학년 씹새들 왜이러냐,화상수업 때문인지 싸가지 ㅈㄴ없노ㅋㅋ 중학교에서 예절같은건 안배우나 애미없는새끼들 개많은듯,상어냠냠 2024.03.27 14:36:42 스크랩 조회 1115 추천 29 댓글 3,29,1115,2024.03.27 14:36:42,https://gall.dcinside.com/mgallery/board/view/?id=choenggu&no=1628&page=7
7,2238,[노가리],청구고 편한가요?,청구고 내신 따기편한가요,청붕이 (58.124) 2024.11.18 23:08:42 스크랩 조회 408 추천 0 댓글 2,0,408,2024.11.18 23:08:42,https://gall.dcinside.com/mgallery/board/view/?id=choenggu&no=2238&page=7
7,2237,[노가리],걍 07 아래로 문제임,청구생활하면서 최근부터 뼈저리게 느끼는데 07부터가 개폐급세대가 맞음ㅇㅇ 08은 진짜 상상을 초월 더더욱 08들은 쌤들 욕하기전에 지들하는 꼬라지부터 좀 돌아보시길ㅋㅋㅋ,청붕이 (125.188) 2024.11.18 21:28:14 스크랩 조회 446 추천 9 댓글 4,9,446,2024.11.18 21:28:14,https://gall.dcinside.com/mgallery/board/view/?id=choenggu&no=2237&page=7
7,2236,[노가리],와 나 니네 학교에서 시험치네 ㅋㅋㅋ,제 2외국어 끝나고 쌤들이랑 노가리 까는거 가능할려나,ㅇㅇ (114.200) 2024.11.13 15:18:26 스크랩 조회 320 추천 0 댓글 4,0,320,2024.11.13 15:18:26,https://gall.dcinside.com/mgallery/board/view/?id=choenggu&no=2236&page=7
7,2235,[노가리],나는 1지망 합격,니들은 재수함 ㅅㄱ,청붕이 (221.168) 2024.11.13 10:16:29 스크랩 조회 209 추천 0 댓글 0,0,209,2024.11.13 10:16:29,https://gall.dcinside.com/mgallery/board/view/?id=choenggu&no=2235&page=7
7,2234,[노가리],내일 수능치는 청붕이들 있냐,다들 파이팅 ㅋㅋ,ㅇㅇ (114.200) 2024.11.13 00:13:51 스크랩 조회 139 추천 0 댓글 0,0,139,2024.11.13 00:13:51,https://gall.dcinside.com/mgallery/board/view/?id=choenggu&no=2234&page=7
7,2233,[노가리],"박재범, 진선미, 이상호 샘 아직도 계시냐",졸업생인데 한 번 만나뵙고 싶네,청붕이 (125.185) 2024.11.10 15:35:59 스크랩 조회 695 추천 8 댓글 6,8,695,2024.11.10 15:35:59,https://gall.dcinside.com/mgallery/board/view/?id=choenggu&no=2233&page=7
7,2232,[노가리],ㅂㅈ 왜 자꾸 우리 반에 와서 피 싸노,지나다니면서 개지랄하고 학생 면전에 대고 한숨쉬는 미친년임 걍 담임의 자질이 없음 진짜 이 새끼는 걸러라 - dc official App,청붕이 (221.168) 2024.11.04 13:32:48 스크랩 조회 708 추천 26 댓글 1,26,708,2024.11.04 13:32:48,https://gall.dcinside.com/mgallery/board/view/?id=choenggu&no=2232&page=7
7,2231,[노가리],배진을 거꾸로 하면?,진배ㅋㅋㅋㅋㅋㅋ - dc official App,청붕이 (221.168) 2024.11.01 16:10:41 스크랩 조회 346 추천 3 댓글 0,3,346,2024.11.01 16:10:41,https://gall.dcinside.com/mgallery/board/view/?id=choenggu&no=2231&page=7
7,2230,[노가리],유동 게이야...,요즘은 여초 카페도 글쓴이 표시된다...,ㅇㅇ (211.36) 2024.10.31 17:46:57 스크랩 조회 233 추천 1 댓글 1,1,233,2024.10.31 17:46:57,https://gall.dcinside.com/mgallery/board/view/?id=choenggu&no=2230&page=7
7,2229,[노가리],딴 학교 축제 정보 알려줄 수 있냐?,언제 어느 학교에서 하는 지랑 출입증 필요한지 - dc official App,하루히사랑해 2024.10.31 17:01:46 스크랩 조회 190 추천 0 댓글 0,0,190,2024.10.31 17:01:46,https://gall.dcinside.com/mgallery/board/view/?id=choenggu&no=2229&page=7
7,2228,[노가리],ㅇㄷㅇ 리즈 시절,이왜진,청붕이 (221.168) 2024.10.31 16:09:41 스크랩 조회 728 추천 10 댓글 1,10,728,2024.10.31 16:09:41,https://gall.dcinside.com/mgallery/board/view/?id=choenggu&no=2228&page=7
7,2227,[노가리],응디,노무현 AI 이미지가 생성되었습니다. 새로고침(F5) 해 주세요. 프롬프트 ass 네거티브 프롬프트 샘플링 DPM++ 2M Karras 스타일 None,청붕이 (221.168) 2024.10.31 10:12:29 스크랩 조회 210 추천 1 댓글 1,1,210,2024.10.31 10:12:29,https://gall.dcinside.com/mgallery/board/view/?id=choenggu&no=2227&page=7
7,2225,[노가리],영어 일 존나 안 하네,1학기에는 시험을 병신같이 내더니 수행평가는 전에 거 딸깍으로 복붙하다 걸렸노 - dc official App,청붕이 (221.168) 2024.10.29 12:19:52 스크랩 조회 316 추천 3 댓글 0,3,316,2024.10.29 12:19:52,https://gall.dcinside.com/mgallery/board/view/?id=choenggu&no=2225&page=7
7,2224,[노가리],여기 화학 지구과학 난이도 어떰,화학 선택 vs 지구과학 선택 뭐가 등급 따기 쉬움? 2등급 정도가 목표라고 하면,ㅇㅇ (221.168) 2024.10.28 08:30:30 스크랩 조회 397 추천 0 댓글 3,0,397,2024.10.28 08:30:30,https://gall.dcinside.com/mgallery/board/view/?id=choenggu&no=2224&page=7
7,2223,[노가리],한지,한지 몇명임?,청붕이 (182.212) 2024.10.27 11:13:18 스크랩 조회 123 추천 0 댓글 0,0,123,2024.10.27 11:13:18,https://gall.dcinside.com/mgallery/board/view/?id=choenggu&no=2223&page=7
7,2222,[노가리],썼다 개새끼야,이 씨발놈아 됐냐?,상어냠냠 2024.10.25 18:14:32 스크랩 조회 342 추천 0 댓글 2,0,342,2024.10.25 18:14:32,https://gall.dcinside.com/mgallery/board/view/?id=choenggu&no=2222&page=7
7,2221,[노가리],야이 개새끼들아,글쫌써라,청붕이 (221.168) 2024.10.25 17:23:59 스크랩 조회 180 추천 1 댓글 0,1,180,2024.10.25 17:23:59,https://gall.dcinside.com/mgallery/board/view/?id=choenggu&no=2221&page=7
7,2220,[노가리],왜 우리 학교는 축제 안 함?,딴 학교 축제라도 가고 싶은데 친구 없는데 갈 방법 없냐? ㅅㅂ 나도 좀 청춘을 엔조이 해보자고 - dc official App,하루히사랑해 2024.10.23 16:20:24 스크랩 조회 255 추천 0 댓글 0,0,255,2024.10.23 16:20:24,https://gall.dcinside.com/mgallery/board/view/?id=choenggu&no=2220&page=7
7,2219,[노가리],청붕아ㅋㅋㅋㅋㅋㅋ,ㄴㄱ? 거릴거면 다른 아이피라도 갖고 오던가 디시 한두번 한 티 존나 내네 - dc official App,하루히사랑해 2024.10.20 21:47:11 스크랩 조회 312 추천 0 댓글 3,0,312,2024.10.20 21:47:11,https://gall.dcinside.com/mgallery/board/view/?id=choenggu&no=2219&page=7
7,2218,[노가리],정민규정민규정민규정민규정민규정민규정민규정민규정민규정민규정민규정민규정민규정,정민규정민규정민규정민규정민규정민규정민규정민규정민규정민규정민규정민규정민규정민규정민규정민규정민규정민규정민규정민규정민규정민규정민규정민규정민규정민규정민규정민규정민규정민규정민규정민규정민규정민규정민규정민규정민규정민규정민규정민규정민규정민규정민규정민규정민규정민규정민규정민규정민규정민규정민규정민규정민규정민규정민규정민규정민규정민규정민규정민규정민규정민규정민규정민규정민규정민규정민규정민규정민규정민규정민규정민규정민규정민규정민규정민규정민규정민규정민규정민규정민규정민규정민규정민규정민규정민규정민규정민규정민규정민규정민규정민규정민규정민규정민규정민규정민규정민규정민규정민규정민규정민규정민규정민규정민규정민규정민규정민규정민규정민규정민규정민규정민규정민규정민규정민규정민규정민규정민규정민규정민규정민규정민규정민규정민규정민규정민규정민규정민규정민규정민규정민규정민규정민규정민규정민규정민규정민규정민규정민규정민규정민규정민규정민규정민규정민규정민규정민규정민규정민규정민규정민규정민규정민규정민규정민규정민규정민규정민규정민규정민규정민규정민규정민규정민규정민규정민규정민규정민규정민규정민규정민규정민규정민규정민규정민규정민규정민규정민규정민규정민규정민규정민규정민규정민규정민규정민규정민규정민규정민규정민규정민규정민규정민규정민규정민규정민규정민규정민규정민규정민규정민규정민규정민규정민규정민규정민규정민규정민규정민규정민규정민규정민규정민규정민규정민규정민규정민규정민규정민규정민규정민규정민규정민규정민규정민규정민규정민규정민규정민규정민규정민규정민규정민규정민규정민규정민규정민규정민규정민규정민규정민규정민규정민규정민규정민규정민규정민규정민규정민규정민규정민규정민규정민규정민규정민규정민규정민규정민규정민규정민규정민규정민규정민규정민규정민규정민규정민규정민규정민규정민규정민규정민규정민규정민규정민규정민규정민규정민규정민규정민규정민규정민규정민규정민규정민규정민규정민규정민규정민규정민규정민규정민규정민규정민규정민규정민규정민규정민규정민규정민규정민규정민규정민규정민규정민규정민규정민규정민규정민규정민규정민규정민규정민규정민규정민규정민규정민규정민규정민규정민규정민규정민규정민규정민규정민규정민규정민규정민규정민규정민규정민규정민규정민규정민규정민규정민규정민규정민규정민규정민규정민규정민규정민규정민규정민규정민규정민규정민규정민규정민규정민규정민규정민규정민규정민규정민규정민규정민규정민규정민규정민규정민규정민규정민규정민규정민규정민규정민규정민규정민규정민규정민규정민규정민규정민규정민규정민규정민규정민규정민규정민규정민규정민규정민규정민규정민규정민규정민규정민규정민규정민규정민규정민규정민규정민규정민규정민규정민규정민규정민규정민규정민규정민규정민규정민규정민규정민규정민규정민규정민규정민규정민규정민규정민규정민규정민규정민규정민규정민규정민규정민규정민규정민규정민규정민규정민규정민규정민규정민규정민규정민규정민규정민규정민규정민규정민규정민규정민규정민규정민규정민규정민규정민규정민규정민규정민규정민규정민규정민규정민규정민규정민규정민규정민규정민규정민규정민규정민규정민규정민규정민규정민규정민규정민규정민규정민규정민규정민규정민규정민규정민규정민규정민규정민규정민규정민규정민규정민규정민규정민규정민규정민규정민규정민규정민규정민규정민규정민규정민규정민규정민규정민규정민규정민규정민규정민규정민규정민규정민규정민규정민규정민규정민규정민규정민규정민규정민규정민규정민규정민규정민규정민규정민규정민규정민규정민규정민규정민규정민규정민규정민규정민규정민규정민규정민규정민규정민규정민규정민규정민규정민규정민규정민규정민규정민규정민규정민규정민규정민규정민규정민규정민규정민규정민규정민규정민규정민규정민규정민규정민규정민규정민규정민규정민규정민규정민규정민규정민규정민규정민규정민규정민규정민규정민규정민규정민규정민규정민규정민규정민규정민규정민규정민규정민규정민규정민규정민규정민규정민규정민규정민규정민규정민규정민규정민규정민규정민규정민규정민규정민규정민규정민규정민규정민규정민규정민규정민규정민규정민규정민규정민규정민규정민규정민규정민규정민규정민규정민규정민규정민규정민규정민규정민규정민규정민규정민규정민규정민규정민규정민규정민규정민규정민규정민규정민규정민규정민규정민규정민규정민규정민규정민규정민규정민규정민규정민규정민규정민규정민규정민규정민규정민규정민규정민규정민규정민규정민규정민규정민규정민규정민규정민규정민규정민규정민규정민규정민규정민규정민규정민규정민규정민규정민규정민규정민규정민규정민규정민규정민규정민규정민규정민규정민규정민규정민규정민규정민규정민규정민규정민규정민규정민규정민규정민규정민규정민규정민규정민규정민규정민규정민규정민규정민규정민규정민규정민규정민규정민규정민규정민규정민규정민규정민규정민규정민규정민규정민규정민규정민규정민규정민규정민규정민규정민규정민규정민규정민규정민규정민규정민규정민규정민규정민규정민규정민규정민규정민규정민규정민규정민규정민규정민규정민규정민규정민규정민규정민규정민규정민규정민규정민규정민규정민규정민규정민규정민규정민규정민규정민규정민규정민규정민규정민규정민규정민규정민규정민규정민규정민규정민규정민규정민규정민규정민규정민규정민규정민규정민규정민규정민규정민규정민규정민규정민규정민규정민규정민규정민규정민규정민규정민규정민규정민규정민규정민규정민규정민규정민규정민규정민규정민규정민규정민규정민규정민규정민규정민규정민규정민규정민규정민규정민규정민규정민규정민규정민규정민규정민규정민규정민규정민규정민규정민규정민규정민규정민규정민규정민규정민규정민규정민규정민규정민규정민규정민규정민규정민규정민규정민규정민규정민규정민규정민규정민규정민규정민규정민규정민규정민규정민규정민규정민규정민규정민규정민규정민규정민규정민규정민규정민규정민규정민규정민규정민규정민규정민규정민규정민규정민규정민규정민규정민규정민규정민규정민규정민규정민규정민규정민규정민규정민규정민규정민규정민규정민규정민규정민규정민규정민규정민규정민규정민규정민규정민규정민규정민규정민규정민규정민규정민규정민규정민규정민규정민규정민규정민규정민규정민규정민규정민규정민규정민규정민규정민규정민규정민규정민규정민규정민규정민규정민규정민규정민규정민규정민규정민규정민규,청붕이 (222.238) 2024.10.20 00:32:08 스크랩 조회 279 추천 0 댓글 2,0,279,2024.10.20 00:32:08,https://gall.dcinside.com/mgallery/board/view/?id=choenggu&no=2218&page=7
7,2216,[노가리],권형준권형준권형준권형준권형준권형준권형준권형준권형준권형준권형준권형준권형준권,권형준권형준권형준권형준권형준권형준권형준권형준권형준권형준권형준권형준권형준권형준권형준권형준권형준권형준권형준권형준권형준권형준권형준권형준권형준권형준권형준권형준권형준권형준권형준권형준권형준권형준권형준권형준권형준권형준권형준 권형준권형준권형준권형준권형준권형준권형준권형준권형준권형준권형준권형준권형준권형준권형준권형준권형준권형준권형준권형준권형준권형준권형준권형준권형준권형준권형준권형준권형준권형준권형준권형준권형준권형준권형준권형준권형준권형준권형준 권형준권형준권형준권형준권형준권형준권형준권형준권형준권형준권형준권형준권형준권형준권형준권형준권형준권형준권형준권형준권형준권형준권형준권형준권형준권형준권형준권형준권형준권형준권형준권형준권형준권형준권형준권형준권형준권형준권형준 권형준권형준권형준권형준권형준권형준권형준권형준권형준권형준권형준권형준권형준권형준권형준권형준권형준권형준권형준권형준권형준권형준권형준권형준권형준권형준권형준권형준권형준권형준권형준권형준권형준권형준권형준권형준권형준권형준권형준 권형준권형준권형준권형준권형준권형준권형준권형준권형준권형준권형준권형준권형준권형준권형준권형준권형준권형준권형준권형준권형준권형준권형준권형준권형준권형준권형준권형준권형준권형준권형준권형준권형준권형준권형준권형준권형준권형준권형준 권형준권형준권형준권형준권형준권형준권형준권형준권형준권형준권형준권형준권형준권형준권형준권형준권형준권형준권형준권형준권형준권형준권형준권형준권형준권형준권형준권형준권형준권형준권형준권형준권형준권형준권형준권형준권형준권형준권형준 권형준권형준권형준권형준권형준권형준권형준권형준권형준권형준권형준권형준권형준권형준권형준권형준권형준권형준권형준권형준권형준권형준권형준권형준권형준권형준권형준권형준권형준권형준권형준권형준권형준권형준권형준권형준권형준권형준권형준 권형준권형준권형준권형준권형준권형준권형준권형준권형준권형준권형준권형준권형준권형준권형준권형준권형준권형준권형준권형준권형준권형준권형준권형준권형준권형준권형준권형준권형준권형준권형준권형준권형준권형준권형준권형준권형준권형준권형준 권형준권형준권형준권형준권형준권형준권형준권형준권형준권형준권형준권형준권형준권형준권형준권형준권형준권형준권형준권형준권형준권형준권형준권형준권형준권형준권형준권형준권형준권형준권형준권형준권형준권형준권형준권형준권형준권형준권형준 권형준권형준권형준권형준권형준권형준권형준권형준권형준권형준권형준권형준권형준권형준권형준권형준권형준권형준권형준권형준권형준권형준권형준권형준권형준권형준권형준권형준권형준권형준권형준권형준권형준권형준권형준권형준권형준권형준권형준 권형준권형준권형준권형준권형준권형준권형준권형준권형준권형준권형준권형준권형준권형준권형준권형준권형준권형준권형준권형준권형준권형준권형준권형준권형준권형준권형준권형준권형준권형준권형준권형준권형준권형준권형준권형준권형준권형준권형준 권형준권형준권형준권형준권형준권형준권형준권형준권형준권형준권형준권형준권형준권형준권형준권형준권형준권형준권형준권형준권형준권형준권형준권형준권형준권형준권형준권형준권형준권형준권형준권형준권형준권형준권형준권형준권형준권형준권형준 권형준권형준권형준권형준권형준권형준권형준권형준권형준권형준권형준권형준권형준권형준권형준권형준권형준권형준권형준권형준권형준권형준권형준권형준권형준권형준권형준권형준권형준권형준권형준권형준권형준권형준권형준권형준권형준권형준권형준 권형준권형준권형준권형준권형준권형준권형준권형준권형준권형준권형준권형준권형준권형준권형준권형준권형준권형준권형준권형준권형준권형준권형준권형준권형준권형준권형준권형준권형준권형준권형준권형준권형준권형준권형준권형준권형준권형준권형준 권형준권형준권형준권형준권형준권형준권형준권형준권형준권형준권형준권형준권형준권형준권형준권형준권형준권형준권형준권형준권형준권형준권형준권형준권형준권형준권형준권형준권형준권형준권형준권형준권형준권형준권형준권형준권형준권형준권형준 권형준권형준권형준권형준권형준권형준권형준권형준권형준권형준권형준권형준권형준권형준권형준권형준권형준권형준권형준권형준권형준권형준권형준권형준권형준권형준권형준권형준권형준권형준권형준권형준권형준권형준권형준권형준권형준권형준권형준 권형준권형준권형준권형준권형준 권형준권형준권형준권형준권형준권형준권형준권형준권형준권형준권형준권형준권형준권형준권형준권형준권형준권형준권형준권형준권형준권형준권형준권형준 권형준권형준권형준권형준권형준권형준권형준권형준권형준권형준권형준권형준권형준권형준권형준권형준권형준권형준권형준권형준권형준권형준권형준권형준권형준권형준권형준권형준권형준권형준권형준권형준권형준권형준권형준권형준권형준권형준권형준 권형준권형준권형준권형준권형준권형준권형준권형준권형준권형준권형준권형준권형준권형준권형준권형준권형준권형준권형준권형준권형준권형준권형준권형준권형준권형준권형준권형준권형준권형준권형준권형준권형준권형준권형준권형준권형준권형준권형준 권형준권형준권형준권형준권형준권형준권형준권형준권형준권형준권형준권형준권형준권형준권형준권형준권형준권형준권형준권형준권형준권형준권형준권형준권형준권형준권형준권형준권형준권형준권형준권형준권형준권형준권형준권형준권형준권형준권형준 권형준권형준권형준권형준권형준권형준권형준권형준권형준권형준권형준권형준권형준권형준권형준권형준권형준권형준권형준권형준권형준권형준권형준권형준권형준권형준권형준권형준권형준권형준권형준권형준권형준권형준권형준권형준권형준권형준권형준 권형준권형준권형준권형준권형준권형준권형준권형준권형준권형준권형준권형준권형준권형준권형준권형준권형준권형준권형준권형준권형준권형준권형준권형준권형준권형준권형준권형준권형준권형준권형준권형준권형준권형준권형준권형준권형준권형준권형준 권형준권형준권형준권형준권형준권형준권형준권형준권형준권형준권형준권형준권형준권형준권형준권형준권형준권형준권형준권형준권형준권형준권형준권형준권형준권형준권형준권형준권형준권형준권형준권형준권형준권형준권형준권형준권형준권형준권형준,청붕이 (116.43) 2024.10.19 23:59:49 스크랩 조회 243 추천 1 댓글 0,1,243,2024.10.19 23:59:49,https://gall.dcinside.com/mgallery/board/view/?id=choenggu&no=2216&page=7
7,2215,[노가리],1학년 수련회떄,현피 있었다는데 무슨일이노?,청붕이 (121.151) 2024.10.19 09:31:18 스크랩 조회 343 추천 2 댓글 2,2,343,2024.10.19 09:31:18,https://gall.dcinside.com/mgallery/board/view/?id=choenggu&no=2215&page=7
7,2214,[노가리],공기계나 집안에 굴러다니는 고장난 폰 내는게 국룰아니냐,나도 이렇게 했었는데 ㅋㅋ,ㅇㅇ (211.186) 2024.10.17 11:40:38 스크랩 조회 148 추천 0 댓글 0,0,148,2024.10.17 11:40:38,https://gall.dcinside.com/mgallery/board/view/?id=choenggu&no=2214&page=7
7,2213,[노가리],폰 안 냈으면 개추ㅋㅋㅋㅋ,인단 나부터 - dc official App,청붕이 (223.39) 2024.10.17 07:14:20 스크랩 조회 147 추천 4 댓글 0,4,147,2024.10.17 07:14:20,https://gall.dcinside.com/mgallery/board/view/?id=choenggu&no=2213&page=7
7,2212,[노가리],ㅇㄷㅇ<<< ㅈ같으면 개추,- dc official App,청붕이 (124.59) 2024.10.14 23:54:05 스크랩 조회 560 추천 9 댓글 6,9,560,2024.10.14 23:54:05,https://gall.dcinside.com/mgallery/board/view/?id=choenggu&no=2212&page=7
7,2211,[노가리],ㅂㅈ은 뭐하는 새끼임?,뭐만 하면 착한 사람이 지능도 높다 원툴로 개지랄 하더니 오늘은 몸 잘 쓰는 사람은 지능도 높다고 지랄하네 왜 자기가 지능이 낮다는 걸 인증하고있냐? 진짜 개병신새끼같음,청붕이 (221.168) 2024.10.14 14:02:41 스크랩 조회 343 추천 2 댓글 2,2,343,2024.10.14 14:02:41,https://gall.dcinside.com/mgallery/board/view/?id=choenggu&no=2211&page=7
7,2210,[노가리],학교에서 재밌는 거 한다,또 뉴스 나오는 거임? - dc official App,하루히사랑해 2024.10.13 16:52:26 스크랩 조회 318 추천 4 댓글 3,4,318,2024.10.13 16:52:26,https://gall.dcinside.com/mgallery/board/view/?id=choenggu&no=2210&page=7
7,2209,[노가리],"「청붕쿤, 오늘 무슨 날인지 알아?」","당연히 알지 오늘은 하루히의 생일이잖아 어라 청붕쿤, 기억하고 있었네? 물론이지 생일 축하해 하루히! 오늘 하루히가 세상에서 두 번째로 행복했으면 좋겠어 왜 첫번째가 아닌 두 번째인거야? 후후...그거야... . . . . . . . ""하루히짱과 함께 있는 내가 지금 이 세상에서 첫 번째로 행복하니까."" (화아아아악) 정말이지...청붕쿤! 자꾸 그러면 나 칠 수 밖에 없어! 하루히짱 화난 거야? 미안해... 당연히 칠 수 밖에 없지 그야 . . . . . . 청붕쿤이 너무 좋아서 미'칠' 것 같으니까 하루히짱...! 청하하하하하하하하 - dc official App",하루히사랑해 2024.10.08 13:33:30 스크랩 조회 442 추천 8 댓글 4,8,442,2024.10.08 13:33:30,https://gall.dcinside.com/mgallery/board/view/?id=choenggu&no=2209&page=7
7,2208,[노가리],1학년 수련회 장기자랑 누구누구 나감?,나도 나가고 싶은뎅.. 애들 어떻게 나갈려낭..,청붕이 (116.43) 2024.10.07 22:07:10 스크랩 조회 255 추천 0 댓글 1,0,255,2024.10.07 22:07:10,https://gall.dcinside.com/mgallery/board/view/?id=choenggu&no=2208&page=7
7,2205,[노가리],내일 무슨 날인지 알지?,형 여친이 기대하고 있으니까 좀 축하해주라 - dc official App,하루히사랑해 2024.10.07 18:42:26 스크랩 조회 198 추천 0 댓글 0,0,198,2024.10.07 18:42:26,https://gall.dcinside.com/mgallery/board/view/?id=choenggu&no=2205&page=7
7,2204,[노가리],D-1,She is c​oming - dc official App,하루히사랑해 2024.10.07 13:34:24 스크랩 조회 135 추천 0 댓글 0,0,135,2024.10.07 13:34:24,https://gall.dcinside.com/mgallery/board/view/?id=choenggu&no=2204&page=7
7,2203,[노가리],청구고 학생 여러분 시험 못쳐도 괜찮습니다,​ 라이덴 정신<<이 5섯글자로 살아갑시다,상어냠냠 2024.10.07 13:03:58 스크랩 조회 271 추천 1 댓글 0,1,271,2024.10.07 13:03:58,https://gall.dcinside.com/mgallery/board/view/?id=choenggu&no=2203&page=7
7,2201,[노가리],오피셜) 청구고는 전국 상위 15프로 갓반고이다.,전국 고등학교 수 약 2500개 청구고 그 중에서 400위란다 - dc official App,ya.놀자 2024.10.07 01:37:59 스크랩 조회 718 추천 5 댓글 3,5,718,2024.10.07 01:37:59,https://gall.dcinside.com/mgallery/board/view/?id=choenggu&no=2201&page=7
7,2200,[노가리],본인이 내일 시험인데 1회독도 못했으면 개추,씨~발,ㅇㅇ (220.89) 2024.10.06 20:29:38 스크랩 조회 223 추천 7 댓글 2,7,223,2024.10.06 20:29:38,https://gall.dcinside.com/mgallery/board/view/?id=choenggu&no=2200&page=7
7,2199,[노가리],D-2,She is coming ​ - dc official App,하루히사랑해 2024.10.06 20:21:01 스크랩 조회 88 추천 0 댓글 0,0,88,2024.10.06 20:21:01,https://gall.dcinside.com/mgallery/board/view/?id=choenggu&no=2199&page=7
7,2198,[노가리],ㅇㅈㅎ<<이 씹새끼 지지마렵네,개새끼이긴 한데 어떤 병신때문에 반감에 반감생겨서 지지마려움 ㅋㅋ,ㅇㅇ (211.36) 2024.10.06 12:39:42 스크랩 조회 405 추천 5 댓글 1,5,405,2024.10.06 12:39:42,https://gall.dcinside.com/mgallery/board/view/?id=choenggu&no=2198&page=7
7,2196,[노가리],D-3,She is coming - dc official App,하루히사랑해 2024.10.05 14:11:30 스크랩 조회 115 추천 0 댓글 0,0,115,2024.10.05 14:11:30,https://gall.dcinside.com/mgallery/board/view/?id=choenggu&no=2196&page=7
7,2195,[노가리],네이버 카페 10만원 이상에,왜 사는거임 - dc official App,흑인 2024.10.02 22:01:51 스크랩 조회 118 추천 1 댓글 1,1,118,2024.10.02 22:01:51,https://gall.dcinside.com/mgallery/board/view/?id=choenggu&no=2195&page=7
7,2194,[노가리],씹덕새끼들은 조선태형령 부활해야함 ㅇㅇ,"그게제도의본목적임 AI 이미지가 생성되었습니다. 새로고침(F5) 해 주세요. 프롬프트 manchester united, Garnacho 네거티브 프롬프트 샘플링 DPM++ 2M Karras 스타일 None",청붕이 (221.168) 2024.10.02 08:27:48 스크랩 조회 215 추천 0 댓글 2,0,215,2024.10.02 08:27:48,https://gall.dcinside.com/mgallery/board/view/?id=choenggu&no=2194&page=7
7,2193,[노가리],화장실벽에 똥칠하는 년놈들은,"애미애비가 없는거임? 똥 처 싸고 처누르는 ""딸깍""이 그리 귀찮음? 그리고 똥싸고 화장실 벽에 똥칠하는건 무슨 심보임? 진심 고아새끼 아니냐? 똥 푸짐하게 처싸지르고 똥 누르는게 그리 귀찮으면 똥을 처싸지마 씨발 그리고 화장실 바닥에 가래좀 그만 뱉고 가끔 화장실 들어가면 밤꽃냄새 나던데 진짜 이게 정녕 ㅈ구고 수준이냐?",청붕이 (39.121) 2024.10.02 00:08:16 스크랩 조회 474 추천 7 댓글 2,7,474,2024.10.02 00:08:16,https://gall.dcinside.com/mgallery/board/view/?id=choenggu&no=2193&page=7
7,2191,[노가리],명작 시청,,상어냠냠 2024.09.29 18:16:08 스크랩 조회 310 추천 7 댓글 0,7,310,2024.09.29 18:16:08,https://gall.dcinside.com/mgallery/board/view/?id=choenggu&no=2191&page=7
7,2189,[노가리],디씨애들은 고양이도 싫어하는구나,왜 싫어하지 개귀여운데 - dc official App,흑인 2024.09.28 23:29:16 스크랩 조회 173 추천 0 댓글 5,0,173,2024.09.28 23:29:16,https://gall.dcinside.com/mgallery/board/view/?id=choenggu&no=2189&page=7
7,2188,[노가리],화장실,제발 물좀 똑바로 내리고 손좀 씻고다녀라,청붕이 (118.45) 2024.09.28 21:27:46 스크랩 조회 142 추천 1 댓글 0,1,142,2024.09.28 21:27:46,https://gall.dcinside.com/mgallery/board/view/?id=choenggu&no=2188&page=7
7,2187,[노가리],1학년들 공감,바제스.. 네게 말을 하지 못한 비밀이 하나 있다.. 선장! 우리 사이에 무슨 비밀이 있다는 거야 !? 이거 완전 흥분되서 몸이 떨린다고?!  위~하하하하~ 이젠 더 이상 감출 수도 없겠지.... 놀라지 말고 들어 바제스... 사실.... 너에게 줄 학생증 발급 예산은 없다!!! 뭐!?!   그치만 여태껏 그런 말은 없었잖아!! 날 속여왔던 거야? 티치 제독? 그럼 학생증 사진을 찍었던 이유는 뭐야!?! 모두 헛수고가 됐잖아!?! 학생증 예산은 누가 가져간 거야?!?! 설마.... 그렇다.. 학생증 예산은 모두 내가.. 설마 예산이 부족한데도 우리를 실망시키고 싶지 않아서 사진이라도 찍게 해주고 싶었던 거야?!?! ....... ..그...그렇다... 위~하하하하!! 역시 티치 제독 믿고 있었어 젠장 청구!!!  난 네가 좋다 !!! 제~하하하하~~!! 뷰지스!! 내 품으로 !!! - dc official App,ya.놀자 2024.09.28 01:06:51 스크랩 조회 629 추천 9 댓글 7,9,629,2024.09.28 01:06:51,https://gall.dcinside.com/mgallery/board/view/?id=choenggu&no=2187&page=7
7,2186,[노가리],생각해보니까,운동장 있고 펜스 있고 트랙있어야하는거 아님? - dc official App,하루에사과하나 2024.09.27 17:05:22 스크랩 조회 149 추천 0 댓글 0,0,149,2024.09.27 17:05:22,https://gall.dcinside.com/mgallery/board/view/?id=choenggu&no=2186&page=7
7,2185,[노가리],오늘 아침 방송 목소리 좀 귀여웠다,ㅇㅈ? *본인 아님 - dc official App,ya.놀자 2024.09.26 23:57:07 스크랩 조회 412 추천 1 댓글 5,1,412,2024.09.26 23:57:07,https://gall.dcinside.com/mgallery/board/view/?id=choenggu&no=2185&page=7
7,2184,[노가리],아질산 나트륨은 발암물질 맞음,아질산염으로 분리되는데 아질산염은 2A군 발암물질임 . . . . . . . . . . . . . . . . . 물론 65°C 이상의 물도 발암물질이므로 조미료 몸에 나쁘다는 새끼들은 애미애비 장례식에서 육개장도 먹지 마라 - dc official App,황올냠냠 2024.09.24 01:43:59 스크랩 조회 184 추천 3 댓글 0,3,184,2024.09.24 01:43:59,https://gall.dcinside.com/mgallery/board/view/?id=choenggu&no=2184&page=7
8,2183,[노가리],혐짤은 지워도 되냐?,개좆같네 - dc official App,하루히사랑해 2024.09.24 01:20:13 스크랩 조회 167 추천 0 댓글 0,0,167,2024.09.24 01:20:13,https://gall.dcinside.com/mgallery/board/view/?id=choenggu&no=2183&page=8
8,2181,[노가리],백인이랑 혼혈인 흑인되고 싶다,AI 이미지가 생성되었습니다. 새로고침(F5) 해 주세요. - dc official App,흑인 2024.09.23 23:03:29 스크랩 조회 222 추천 3 댓글 1,3,222,2024.09.23 23:03:29,https://gall.dcinside.com/mgallery/board/view/?id=choenggu&no=2181&page=8
8,2180,[노가리],요즘 학생들의 언어 문화,ㅇㄱㄹㅇㅋㅋㅋㅋㅋㅋ - dc official App,하루히사랑해 2024.09.23 12:09:39 스크랩 조회 226 추천 1 댓글 2,1,226,2024.09.23 12:09:39,https://gall.dcinside.com/mgallery/board/view/?id=choenggu&no=2180&page=8
8,2179,[노가리],1학년 실험 수행 어떻게 하냐?,msg 유해성을 말하라는데 ㅅㅂ 유해성이 있어야 적지 적정량 이상 먹으면 안좋다는데 애초에 msg는 적정량같은데 없다 who랑 fda에서 일반적으로 안전하다고 적정량 없앴음 과학을 종교로 아는 새끼들이 앉아있으니까 저딴 발상이 가능한거다 후쿠시마 오염수 선동이랑 똑같다고 보면 됨 - dc official App,청붕이 (222.238) 2024.09.22 20:40:46 스크랩 조회 374 추천 8 댓글 5,8,374,2024.09.22 20:40:46,https://gall.dcinside.com/mgallery/board/view/?id=choenggu&no=2179&page=8
8,2177,[노가리],추석 연휴동안 학교 문 안 여냐?,ㅅㅂ 역사 책 안 갖고 왔는데 - dc official App,황올냠냠 2024.09.16 15:43:44 스크랩 조회 157 추천 0 댓글 0,0,157,2024.09.16 15:43:44,https://gall.dcinside.com/mgallery/board/view/?id=choenggu&no=2177&page=8
8,2176,[노가리],야스를 자주하다보면 느끼는 건데,해보기 전에는 발이나 허벅지 좋아했는데 계속 하니까 뷰지에 박기만 하고 다른 곳은 잘 안 만지더라 심지어 가슴 빨기도 귀찮고 박으면서 키스나 하고싶어진다 짤은 내 여자친구니까 욕은 ㄴㄴ - dc official App,하루히사랑해 2024.09.15 21:20:50 스크랩 조회 547 추천 0 댓글 4,0,547,2024.09.15 21:20:50,https://gall.dcinside.com/mgallery/board/view/?id=choenggu&no=2176&page=8
8,2174,[노가리],니네 그거 아냐?,18세 미만은 비아그라랑 시알리스 처방 안 된다 ㅅㅂ 나도 알고 싶지 않았다 - dc official App,하루히사랑해 2024.09.12 19:02:43 스크랩 조회 296 추천 3 댓글 1,3,296,2024.09.12 19:02:43,https://gall.dcinside.com/mgallery/board/view/?id=choenggu&no=2174&page=8
8,2173,[노가리],디씨애들 뉴진스 왜케 싫어함,난 좋은데 - dc official App,흑인 2024.09.11 23:31:09 스크랩 조회 258 추천 2 댓글 2,2,258,2024.09.11 23:31:09,https://gall.dcinside.com/mgallery/board/view/?id=choenggu&no=2173&page=8
8,2172,[노가리],니네 목요일에 뭐 있음?,정정식쌤 보러갈건데 목요일에 큰 행사있다카던데 뭐꼬,ㅇㅇ (114.200) 2024.09.10 20:33:28 스크랩 조회 189 추천 0 댓글 3,0,189,2024.09.10 20:33:28,https://gall.dcinside.com/mgallery/board/view/?id=choenggu&no=2172&page=8
8,2171,[노가리],2학년 개씨발놈이 귀때가리 왜 달고 다니는거야,씨발놈이 문 닫지 말라고 4번을 쳐 말했는데 닫을려고 하네 병신같은 새끼가 씨발 진짜 하여간 좆폐급세대 진짜,상어냠냠 2024.09.09 08:34:45 스크랩 조회 572 추천 12 댓글 1,12,572,2024.09.09 08:34:45,https://gall.dcinside.com/mgallery/board/view/?id=choenggu&no=2171&page=8
8,2170,[노가리],홍명보 씨발새끼,.,청붕이 (221.168) 2024.09.06 14:04:39 스크랩 조회 212 추천 1 댓글 1,1,212,2024.09.06 14:04:39,https://gall.dcinside.com/mgallery/board/view/?id=choenggu&no=2170&page=8
8,2169,[노가리],청구고 좀 쓰레기인듯,- dc official App,흑인 2024.09.06 00:04:53 스크랩 조회 421 추천 3 댓글 1,3,421,2024.09.06 00:04:53,https://gall.dcinside.com/mgallery/board/view/?id=choenggu&no=2169&page=8
8,2168,[노가리],다들 9모 자이팅해라,저주 아님,상어냠냠 2024.09.04 08:09:09 스크랩 조회 169 추천 1 댓글 0,1,169,2024.09.04 08:09:09,https://gall.dcinside.com/mgallery/board/view/?id=choenggu&no=2168&page=8
8,2167,[노가리],모의고사 준비 안한사람?,일단 나부터 ㅋㅋㅋㅋ,청붕이 (210.221) 2024.09.03 18:35:01 스크랩 조회 219 추천 2 댓글 1,2,219,2024.09.03 18:35:01,https://gall.dcinside.com/mgallery/board/view/?id=choenggu&no=2167&page=8
8,2166,[노가리],청듣노,https://youtu.be/mEVC3prQz0Y ウマ娘  - うまぴょい伝説（32人mix） ウマ娘  - うまぴょい伝説（32人mix） youtu.be 1일 1곡,상어냠냠 2024.09.01 13:06:54 스크랩 조회 188 추천 0 댓글 0,0,188,2024.09.01 13:06:54,https://gall.dcinside.com/mgallery/board/view/?id=choenggu&no=2166&page=8
8,2165,[노가리],그냥 외워.,06-병신세대 07-최악의 세대 08-폐급 중 폐급 세대,상어냠냠 2024.09.01 10:46:35 스크랩 조회 349 추천 4 댓글 2,4,349,2024.09.01 10:46:35,https://gall.dcinside.com/mgallery/board/view/?id=choenggu&no=2165&page=8
8,2163,[노가리],아니 1학년들 ㅋㅋ,정신 못차렸네,청붕이 (210.221) 2024.09.01 00:03:24 스크랩 조회 543 추천 6 댓글 0,6,543,2024.09.01 00:03:24,https://gall.dcinside.com/mgallery/board/view/?id=choenggu&no=2163&page=8
8,2161,[노가리],지듣노)1일 1글도 해줬잖아,https://www.youtube.com/watch?v=DYbt8rmJT40 야짤 달리기도 해줬잖아 대회 개최도 해줬잖아 씨발 다 그냥 다 해줬잖아 - dc official App,하루히사랑해 2024.08.31 19:28:58 스크랩 조회 140 추천 1 댓글 0,1,140,2024.08.31 19:28:58,https://gall.dcinside.com/mgallery/board/view/?id=choenggu&no=2161&page=8
8,2159,[노가리],ㅅㅈㅁ쌤,22졸업생인데 ㅅㅈㅁ쌤이 73년생이라고?,청붕이 (58.227) 2024.08.28 23:10:59 스크랩 조회 341 추천 0 댓글 1,0,341,2024.08.28 23:10:59,https://gall.dcinside.com/mgallery/board/view/?id=choenggu&no=2159&page=8
8,2158,[노가리],안녕,니가가 돌아왔다 - dc official App,흑인 2024.08.28 21:33:22 스크랩 조회 130 추천 3 댓글 1,3,130,2024.08.28 21:33:22,https://gall.dcinside.com/mgallery/board/view/?id=choenggu&no=2158&page=8
8,2157,[노가리],오늘자 인생업적 하나 채웠다,호연<<<이 병신 개고기탕후루를 30분이나 버티면서 한것,상어냠냠 2024.08.28 12:20:05 스크랩 조회 307 추천 0 댓글 4,0,307,2024.08.28 12:20:05,https://gall.dcinside.com/mgallery/board/view/?id=choenggu&no=2157&page=8
8,2156,[노가리],지워지기 전에 봤으면 개추,일단 나부터ㅋㅋㅋㅋㅋ - dc official App,청붕이 (221.168) 2024.08.26 10:45:46 스크랩 조회 465 추천 7 댓글 0,7,465,2024.08.26 10:45:46,https://gall.dcinside.com/mgallery/board/view/?id=choenggu&no=2156&page=8
8,2154,[노가리],아잇 싯팔,별로 보이지도 않구만 고작 그거 올렸다고 지우네 ㅈ같은 새끼들 - dc official App,하루히사랑해 2024.08.25 14:05:27 스크랩 조회 196 추천 1 댓글 0,1,196,2024.08.25 14:05:27,https://gall.dcinside.com/mgallery/board/view/?id=choenggu&no=2154&page=8
8,2153,[노가리],교장 웰케 싫어함?,잘몰라서 이유좀,청붕이 (211.36) 2024.08.24 20:51:06 스크랩 조회 644 추천 9 댓글 9,9,644,2024.08.24 20:51:06,https://gall.dcinside.com/mgallery/board/view/?id=choenggu&no=2153&page=8
8,2152,[노가리],청구고 쌤들 출생년도,1967 ㄱㅇㄱ ㄱㅅㄱ ㄱㅎㄱ 1968 ㅂㅈㅂ ㅎㅅㅊ ㅈㅈㅅ 1969 ㅇㅈㅎ ㄱㅅㅇ 1972 ㅇㅅㅎ ㅅㄱㅎ 1973 ㅅㅈㅁ 1978 ㄱㅈㅅ 1980 ㅇㅎㅈ ㅇㅈㅇ 1982 ㅈㅈㅎ 1983 ㅎㅅㅈ 1991 ㅇㅎㅇ,청붕이 (223.39) 2024.08.24 11:35:00 스크랩 조회 1004 추천 10 댓글 0,10,1004,2024.08.24 11:35:00,https://gall.dcinside.com/mgallery/board/view/?id=choenggu&no=2152&page=8
8,2148,[노가리],본인 작품 ㅁㅌㅊ?,- dc official App,황올냠냠 2024.08.22 14:16:12 스크랩 조회 477 추천 6 댓글 1,6,477,2024.08.22 14:16:12,https://gall.dcinside.com/mgallery/board/view/?id=choenggu&no=2148&page=8
8,2147,[노가리],저런애들이 왜 좋냐?ㅋㅋ,mc무현이 있는데,황인 2024.08.21 17:30:20 스크랩 조회 485 추천 10 댓글 1,10,485,2024.08.21 17:30:20,https://gall.dcinside.com/mgallery/board/view/?id=choenggu&no=2147&page=8
8,2146,[노가리],니들 뭐빠는지 안궁금하니까 좆같은 글좀 쓰지마,"그리고 빠는것도 무슨 윤하 << 개씹 여초픽, 퇴물아지매 르세라핌 << 코첼라에서 라이브 개병신인거 다들킴 아이묭 << 자가복제 원툴 이런애들을 빠냐 뭐 뭘빨든지 상관은 없는데 갤이 일기장도 아니고 좆같은 홍보글좀 그만싸셈 ㅇㅇ",청붕이 (211.224) 2024.08.21 07:03:10 스크랩 조회 286 추천 3 댓글 7,3,286,2024.08.21 07:03:10,https://gall.dcinside.com/mgallery/board/view/?id=choenggu&no=2146&page=8
8,2143,[노가리],르세-라핌 좋아하는 애들아,EASY가 있던 앨범에 이어 르세-라핌 4집 앨범이 2024년 8월 30일 오후 1시에 발매돼. 알람맞춰놔. - dc official App,하루에사과하나 2024.08.20 22:21:32 스크랩 조회 165 추천 3 댓글 0,3,165,2024.08.20 22:21:32,https://gall.dcinside.com/mgallery/board/view/?id=choenggu&no=2143&page=8
8,2142,[노가리],윤-하 좋아하는 애들아,사건의 지평선이 있던 앨범에 이어 윤-하 7집 앨범이 2024년 9월 1일 오후 6시에 발매돼. 알람맞춰놔. - dc official App,윤하팬입니다 2024.08.20 11:24:42 스크랩 조회 153 추천 0 댓글 1,0,153,2024.08.20 11:24:42,https://gall.dcinside.com/mgallery/board/view/?id=choenggu&no=2142&page=8
8,2141,[노가리],오늘은...,,상어냠냠 2024.08.19 11:04:43 스크랩 조회 163 추천 4 댓글 0,4,163,2024.08.19 11:04:43,https://gall.dcinside.com/mgallery/board/view/?id=choenggu&no=2141&page=8
8,2140,[노가리],.,,상어냠냠 2024.08.17 21:41:33 스크랩 조회 300 추천 9 댓글 1,9,300,2024.08.17 21:41:33,https://gall.dcinside.com/mgallery/board/view/?id=choenggu&no=2140&page=8
8,2138,[노가리],안녕하십니까,섹스,황인 2024.08.14 17:18:00 스크랩 조회 359 추천 12 댓글 0,12,359,2024.08.14 17:18:00,https://gall.dcinside.com/mgallery/board/view/?id=choenggu&no=2138&page=8
8,2137,[노가리],1학년 2학기 영어 시험범위 나옴?,1학년 2학기 영어 시험범위 나옴?,청붕이 (222.104) 2024.08.13 12:33:46 스크랩 조회 179 추천 0 댓글 0,0,179,2024.08.13 12:33:46,https://gall.dcinside.com/mgallery/board/view/?id=choenggu&no=2137&page=8
8,2136,[노가리],사탐 인강,청구 내신할때 사탐 인강 들으심? 들으시면 추천이나 듣는 이유좀..,청붕이 (58.227) 2024.08.11 22:21:35 스크랩 조회 226 추천 0 댓글 4,0,226,2024.08.11 22:21:35,https://gall.dcinside.com/mgallery/board/view/?id=choenggu&no=2136&page=8
8,2135,[노가리],여기 기하랑 생명 화학 난이도 어느정도임?,- dc official App,청붕이 (49.168) 2024.08.11 13:01:25 스크랩 조회 288 추천 0 댓글 5,0,288,2024.08.11 13:01:25,https://gall.dcinside.com/mgallery/board/view/?id=choenggu&no=2135&page=8
8,2134,[노가리],졸업생 형들 여기 서성한중경외시 얼마나 보냄?,?? - dc official App,청붕이 (49.168) 2024.08.11 12:59:58 스크랩 조회 281 추천 0 댓글 1,0,281,2024.08.11 12:59:58,https://gall.dcinside.com/mgallery/board/view/?id=choenggu&no=2134&page=8
8,2133,[노가리],정법,정법 사람수 몇명인가요? 정법 쌤 어떻고 진로과목 사이에 시험치는 정법 고르는거 어떻게 생각하시나요?,청붕이 (58.227) 2024.08.10 14:50:48 스크랩 조회 209 추천 0 댓글 5,0,209,2024.08.10 14:50:48,https://gall.dcinside.com/mgallery/board/view/?id=choenggu&no=2133&page=8
8,2132,[노가리],아 섹스하고싶다,내일 해야지 - dc official App,하루히사랑해 2024.08.08 21:15:55 스크랩 조회 414 추천 1 댓글 3,1,414,2024.08.08 21:15:55,https://gall.dcinside.com/mgallery/board/view/?id=choenggu&no=2132&page=8
8,2131,[노가리],하루히 그림,다 그림 그리길래 재미없어서 지우고 기타 치는 거 올리려고 했는데 앰프가 고장 났더라고 ㅅ1ㅂ,EQWRRR장인 (58.77) 2024.08.07 23:07:22 스크랩 조회 160 추천 0 댓글 0,0,160,2024.08.07 23:07:22,https://gall.dcinside.com/mgallery/board/view/?id=choenggu&no=2131&page=8
8,2130,[노가리],장기자랑 결과 발표합니다(진짜),3등 선정 이유: 원래 하루히 그림 3등 주려고 했는데 지워서 얘로 함 2등 선정 이유: 다들 그림 그렸는데 혼자 요리해서 1등 선정 이유: 얘가 누군지 모르는데도 꼴림 - dc official App,하루히사랑해 2024.08.07 19:04:26 스크랩 조회 424 추천 0 댓글 6,0,424,2024.08.07 19:04:26,https://gall.dcinside.com/mgallery/board/view/?id=choenggu&no=2130&page=8
8,2129,[노가리],그 새끼 한시간 안에 안튀어올시 갱차,주딱에 권위에 도전하지말라 이거야,상어냠냠 2024.08.07 13:28:12 스크랩 조회 200 추천 1 댓글 3,1,200,2024.08.07 13:28:12,https://gall.dcinside.com/mgallery/board/view/?id=choenggu&no=2129&page=8
8,2128,[노가리],❗❗❗장기자랑 대회 결과 발표합니다❗❗❗,안녕하세요 청붕이 여러분! 최근에 날이 많이 더워져서 야외활동을 하기 힘든 상황입니다 오늘은 지난 2주간 진행되었던 장기자랑 대회의 결과를 발표하려고 하는데요 이번 장기자랑 대회는 자신이 잘하는 것이면 무엇이든 보여주고 그중 가장 잘한 것을 고르는 대회로 청구고 학생이라면 누구나 참여가능했습니다 게다가 1등 상품은 무려 황올! 그러나 그 과정이 예상대로만 흘러가는 건 아니었어요... 생각보다 적은 참여자에 저는 조금 실망하기도 했답니다 하지만 여러 금손 분들의 참여에 많은 청붕이들이 재밌는 시간을 보낼 수 있었답니다 오늘은 이렇게 청구고 갤러리의 장기자랑 대회에 대해 알아보았습니다 그럼 청붕이 여러분 수분 섭취 잘 하시고 실내에서 시원한 여름 보내세요~ - dc official App,하루히사랑해 2024.08.07 13:14:13 스크랩 조회 264 추천 0 댓글 3,0,264,2024.08.07 13:14:13,https://gall.dcinside.com/mgallery/board/view/?id=choenggu&no=2128&page=8
8,2125,[노가리],하루히 그림 어디감?,그거 3등 주려고 했는데 지웠네 - dc official App,하루히사랑해 2024.08.06 01:05:10 스크랩 조회 140 추천 0 댓글 0,0,140,2024.08.06 01:05:10,https://gall.dcinside.com/mgallery/board/view/?id=choenggu&no=2125&page=8
8,2124,[노가리],장기자랑 제출 마감합니다,사실 1시간 전에 올려야했는데 딸치다가 놓침 ㅈㅅ 내일이나 모레 쯤 결과 발표 함 - dc official App,하루히사랑해 2024.08.06 01:00:15 스크랩 조회 158 추천 0 댓글 0,0,158,2024.08.06 01:00:15,https://gall.dcinside.com/mgallery/board/view/?id=choenggu&no=2124&page=8
8,2122,[노가리],버저비터로 인정해주냐?,ㅅㅅㅅㅅㅅ,황올냠냠 2024.08.05 23:02:31 스크랩 조회 410 추천 5 댓글 4,5,410,2024.08.05 23:02:31,https://gall.dcinside.com/mgallery/board/view/?id=choenggu&no=2122&page=8
8,2118,[노가리],ㅅㅂ 이거 왜 안됨?,지금 학원인데 좀만 기다려주라 집 가서 올릴게 - dc official App,청붕이 (220.122) 2024.08.05 21:19:21 스크랩 조회 141 추천 0 댓글 0,0,141,2024.08.05 21:19:21,https://gall.dcinside.com/mgallery/board/view/?id=choenggu&no=2118&page=8
8,2117,[노가리],지금 다시 증3때로 돌아가면,,청붕이 (220.122) 2024.08.05 20:50:39 스크랩 조회 262 추천 0 댓글 2,0,262,2024.08.05 20:50:39,https://gall.dcinside.com/mgallery/board/view/?id=choenggu&no=2117&page=8
8,2113,[노가리],할게 없더라,반갑다 오늘은 디저트를 만들어볼거다. 재료를 준비한다. 투섬인지 뭐시기에서 볼수 있는 오레오 크림치즈 덩어리 무언가다. 오레오랑 크림을 분리하는 노가다를 거친다. 상당히 귀찮다. 그리고 크림치즈 한통을 다 부어서 크림과 섞는다. 그후 생크림을 만든다 휘핑기가 없는 문제로 15분 동안 풀파워로 저어준다. 진짜 개ㅁㅈㅎ 이 좆같은 과정을 거쳐서 크림이 나오면 먼저 만들어놨던 크림치즈랑 섞는다. 다 완성하면 크림->과자->크림->과자 순으로 층층이 쌓는다. 이후 냉동실에 5시간 보관한다. 완성. 낼 맛있게 먹기전에 한입 퍼먹었다. 달달하고 딱 좋다. 마지막으로 외쳐라 G.O.A.T,상어냠냠 2024.08.02 22:53:47 스크랩 조회 370 추천 6 댓글 5,6,370,2024.08.02 22:53:47,https://gall.dcinside.com/mgallery/board/view/?id=choenggu&no=2113&page=8
8,2112,[노가리],참가,선따기 귀찮고 채색도 귀찮은 청붕이 작품,청붕이 (118.216) 2024.08.02 15:20:26 스크랩 조회 181 추천 3 댓글 0,3,181,2024.08.02 15:20:26,https://gall.dcinside.com/mgallery/board/view/?id=choenggu&no=2112&page=8
9,2110,[노가리],실력은 부족하지만.. 참가해봅니다^^,다들 그림그리길래,청붕이 (39.112) 2024.08.02 03:39:25 스크랩 조회 240 추천 2 댓글 0,2,240,2024.08.02 03:39:25,https://gall.dcinside.com/mgallery/board/view/?id=choenggu&no=2110&page=9
9,2108,[노가리],여자 만난다고 했던 게이야,왜 글 지웠냐 그 여자한테 들켰냐?ㅋㅋㅋ - dc official App,하루히사랑해 2024.07.31 19:16:17 스크랩 조회 244 추천 0 댓글 2,0,244,2024.07.31 19:16:17,https://gall.dcinside.com/mgallery/board/view/?id=choenggu&no=2108&page=9
9,2103,[노가리],장기자랑 참가합니다,교과서에 그린 것입니다 - dc official App,유설아 2024.07.30 22:23:38 스크랩 조회 282 추천 5 댓글 1,5,282,2024.07.30 22:23:38,https://gall.dcinside.com/mgallery/board/view/?id=choenggu&no=2103&page=9
9,2101,[노가리],마음을 불태워라,다시 올림 - dc official App,하루에사과하나 2024.07.30 17:54:33 스크랩 조회 215 추천 5 댓글 0,5,215,2024.07.30 17:54:33,https://gall.dcinside.com/mgallery/board/view/?id=choenggu&no=2101&page=9
9,2099,[노가리],ai로 만든 작품은 허용 안 합니다,대신 장기자랑 대회 끝나고 ai 활용 가능한 대회 열어줄테니까 그거 기다려주세요 - dc official App,하루히사랑해 2024.07.29 19:33:50 스크랩 조회 149 추천 1 댓글 0,1,149,2024.07.29 19:33:50,https://gall.dcinside.com/mgallery/board/view/?id=choenggu&no=2099&page=9
9,2098,[노가리],이것도 장기자랑 인정해주냐,인트로 좀 김,청붕이 (211.224) 2024.07.29 15:10:39 스크랩 조회 334 추천 5 댓글 9,5,334,2024.07.29 15:10:39,https://gall.dcinside.com/mgallery/board/view/?id=choenggu&no=2098&page=9
9,2094,[노가리],로 진짜 개꼴리네,원피스 한번 볼까 푸릉 푸릉이 너무 좋아 - dc official App,하루히사랑해 2024.07.28 22:28:32 스크랩 조회 258 추천 0 댓글 1,0,258,2024.07.28 22:28:32,https://gall.dcinside.com/mgallery/board/view/?id=choenggu&no=2094&page=9
9,2092,[노가리],아니,아무도 안할줄 알았는데 ㅠ,청붕이 (221.142) 2024.07.28 20:21:47 스크랩 조회 95 추천 0 댓글 0,0,95,2024.07.28 20:21:47,https://gall.dcinside.com/mgallery/board/view/?id=choenggu&no=2092&page=9
9,2091,[노가리],주딱이 고로시하는 갤러리,주딱의 권위에 도전하지 마라. (그림 그린 게이야...니가 청구고의 보배다),상어냠냠 2024.07.28 17:49:10 스크랩 조회 137 추천 0 댓글 1,0,137,2024.07.28 17:49:10,https://gall.dcinside.com/mgallery/board/view/?id=choenggu&no=2091&page=9
9,2086,[노가리],06행님들 작년 독서 부교재 뭐였나요?,ㅈㄱㄴ 부교재 알려주시면 감사합니다!,청붕이 (211.235) 2024.07.23 10:33:27 스크랩 조회 206 추천 0 댓글 2,0,206,2024.07.23 10:33:27,https://gall.dcinside.com/mgallery/board/view/?id=choenggu&no=2086&page=9
9,2085,[노가리],솔직히 고닉들은 필수적으로 참여하자,타의 모범을 보이기 위해 참여해야함 - dc official App,하루히사랑해 2024.07.22 22:00:21 스크랩 조회 143 추천 1 댓글 3,1,143,2024.07.22 22:00:21,https://gall.dcinside.com/mgallery/board/view/?id=choenggu&no=2085&page=9
9,2084,[노가리],하루히 배 장기자랑 대회 개최합니다,"참여조건: 고닉, 반고닉, 유동 누구나 청구고 재학생이라면 참여 가능합니다 단, 중복 참여는 불가능합니다 말머리에 장기가랑 붙여야합니다 주제: 없습니다. 그림, 노래, 게임, 춤 등 뭐든지 가능합니다 제출기간: 7월 22일부터 8월 5일까지입니다 상품: 1등 황올 2,3등 싸이버거 (참여가 저조할 시 변경될 수 있습니다) 제출 완료 후 2~3일 간 심사 후 발표할 예정입니다 상품 수령: https://open.kakao.com/o/sg8wIkEg 청구고 상품 수령 청구고 상품 수령 open.kakao.com 여기 들어와서 청구고 학생인거 인증하고(학생증, 교복 등) 본인 인증하면 기프티콘으로 드리겠습니다 - dc official App",하루히사랑해 2024.07.22 16:38:42 스크랩 조회 405 추천 7 댓글 2,7,405,2024.07.22 16:38:42,https://gall.dcinside.com/mgallery/board/view/?id=choenggu&no=2084&page=9
9,2082,[노가리],08 졸업인데 선생님 근황 아는사람,이차현 이대원 선생님 근황 알고 있는사람? 이차현쌤은 나떄는 신입이였는데 이대원선생님은 말년이셨고 두분다 성격 좋으셨는데 궁금하네,청붕이 (210.101) 2024.07.22 14:43:05 스크랩 조회 381 추천 0 댓글 1,0,381,2024.07.22 14:43:05,https://gall.dcinside.com/mgallery/board/view/?id=choenggu&no=2082&page=9
9,2081,[노가리],뭘 하면 되는건데,주제가 있어야할거 아니야,상어냠냠 2024.07.22 11:59:34 스크랩 조회 123 추천 0 댓글 1,0,123,2024.07.22 11:59:34,https://gall.dcinside.com/mgallery/board/view/?id=choenggu&no=2081&page=9
9,2080,[노가리],대회 어떻게 하면 됨?,"상품은 1등 황올 2,3등 싸이버거로 할 생각이고 신청은 고닉만 받으면 되겠지? 나도 해본적이 없어서 잘 모르겠다 - dc official App",하루히사랑해 2024.07.22 00:11:07 스크랩 조회 159 추천 0 댓글 5,0,159,2024.07.22 00:11:07,https://gall.dcinside.com/mgallery/board/view/?id=choenggu&no=2080&page=9
9,2079,[노가리],장기자랑 대회 개최좀,자기 장기자랑 올리고 후보순으로 투표해서 1.2.3등 고르기ㄱㄱ,청붕이 (39.121) 2024.07.21 21:53:35 스크랩 조회 86 추천 1 댓글 1,1,86,2024.07.21 21:53:35,https://gall.dcinside.com/mgallery/board/view/?id=choenggu&no=2079&page=9
9,2078,[노가리],노래,https://www.youtube.com/watch?v=rmM8NACjxe8 오랜만이노 - dc official App,ya.놀자 2024.07.21 18:13:45 스크랩 조회 104 추천 0 댓글 1,0,104,2024.07.21 18:13:45,https://gall.dcinside.com/mgallery/board/view/?id=choenggu&no=2078&page=9
9,2076,[노가리],방학 되니까 ㅈㄴ 할게 없네,메이플이나 해볼까 어떤 새끼가 계속 약팔아가지고 좀 궁금한데 - dc official App,하루히사랑해 2024.07.20 23:01:56 스크랩 조회 147 추천 1 댓글 0,1,147,2024.07.20 23:01:56,https://gall.dcinside.com/mgallery/board/view/?id=choenggu&no=2076&page=9
9,2075,[노가리],방학 땐 외출도 좀 하고 그래라,형은 지금 여자친구랑 밥 먹으러 왔다 마음씨도 착하고 얼굴도 예쁘고 진짜 같이 있기만 해도 너무 행복하다. 너네도 고등학생 됐으면 맨날 공부만 하지말고 연애도 해보고 그래라 너무 아깝지 않ㄴ 안녕하세요!!  청붕이 여자친구에요~ 우리 자기 청마갤생활 잘 하고 있나요?? 주변에 다른 여자들이랑 눈 맞을까봐 항상 걱정이 되는거 있죠.... 부족하지만 우리 자기 잘 부탁드려요! ^^ 자기야! 내 폰 뺐어가지마!! 여튼 참 곤란하다니까~~ 감사합니다. - dc official App,하루히사랑해 2024.07.20 16:33:39 스크랩 조회 168 추천 3 댓글 1,3,168,2024.07.20 16:33:39,https://gall.dcinside.com/mgallery/board/view/?id=choenggu&no=2075&page=9
9,2074,[노가리],오늘 더워서 얼굴 흐르겠네,시발 개메좆 약물마냥 흐물흐물,상어냠냠 2024.07.20 15:09:21 스크랩 조회 111 추천 2 댓글 0,2,111,2024.07.20 15:09:21,https://gall.dcinside.com/mgallery/board/view/?id=choenggu&no=2074&page=9
9,2073,[노가리],오 재밌는 거 생김,방학동안 할 거 생겼다 - dc official App,하루히사랑해 2024.07.19 21:19:09 스크랩 조회 119 추천 1 댓글 0,1,119,2024.07.19 21:19:09,https://gall.dcinside.com/mgallery/board/view/?id=choenggu&no=2073&page=9
9,2072,[노가리],방학기념으로 대회나 하나 할까?,요리나 그림으로 하면 될 것 같은데 참가할 사람이 있을까 싶긴 하다 - dc official App,하루히사랑해 2024.07.19 21:06:29 스크랩 조회 111 추천 1 댓글 0,1,111,2024.07.19 21:06:29,https://gall.dcinside.com/mgallery/board/view/?id=choenggu&no=2072&page=9
9,2071,[노가리],여름방학,여어르으으으음 방학동안 정주행할 애니 추천 받아요 - dc official App,하루에사과하나 2024.07.19 17:12:27 스크랩 조회 126 추천 0 댓글 1,0,126,2024.07.19 17:12:27,https://gall.dcinside.com/mgallery/board/view/?id=choenggu&no=2071&page=9
9,2070,[노가리],ㅂㅈ이 안경 낀 남자쌤이신가?,담임쌤이었던 정정식쌤말곤 기억이 안난다,ㅇㅇ (114.200) 2024.07.18 21:52:14 스크랩 조회 325 추천 0 댓글 3,0,325,2024.07.18 21:52:14,https://gall.dcinside.com/mgallery/board/view/?id=choenggu&no=2070&page=9
9,2068,[노가리],오늘 영화 한줄 요약,안 보고 자서 몰라! - dc official App,하루히사랑해 2024.07.17 18:48:45 스크랩 조회 188 추천 2 댓글 0,2,188,2024.07.17 18:48:45,https://gall.dcinside.com/mgallery/board/view/?id=choenggu&no=2068&page=9
9,2067,[노가리],영화 고르는 센스 애미뒤졌으면 개추ㅋㅋ,진짜로 영화관 탈주 마려웠다,상어냠냠 2024.07.17 18:24:56 스크랩 조회 354 추천 6 댓글 2,6,354,2024.07.17 18:24:56,https://gall.dcinside.com/mgallery/board/view/?id=choenggu&no=2067&page=9
9,2066,[노가리],청구고면 생기부 많이 못써주는 편임?,생기부 써준다는 건 거의 다 참가하고 있긴한데 학종은 힘들까 중경외시~건동홍 라인 생각하고 있는데 이과임 - dc official App,청붕이 (49.168) 2024.07.16 02:35:09 스크랩 조회 404 추천 0 댓글 2,0,404,2024.07.16 02:35:09,https://gall.dcinside.com/mgallery/board/view/?id=choenggu&no=2066&page=9
9,2065,[노가리],ㅂㅈ어록 추가,타로는 과학이다,ㅇㅇ (221.168) 2024.07.15 16:13:21 스크랩 조회 377 추천 2 댓글 2,2,377,2024.07.15 16:13:21,https://gall.dcinside.com/mgallery/board/view/?id=choenggu&no=2065&page=9
9,2063,[노가리],수업량 유연화,생명과학 생물다양성 황동열 수업 내용이 뭐냐.. 씨발 눈 뜨니까 종 쳤다,청붕이 (221.168) 2024.07.15 15:28:43 스크랩 조회 182 추천 0 댓글 0,0,182,2024.07.15 15:28:43,https://gall.dcinside.com/mgallery/board/view/?id=choenggu&no=2063&page=9
9,2062,[노가리],진로 평등 짤 떴다ㅋㅋㅋ,진짜 개꿀잼임,ㅇㅇ (221.168) 2024.07.15 14:00:34 스크랩 조회 234 추천 1 댓글 1,1,234,2024.07.15 14:00:34,https://gall.dcinside.com/mgallery/board/view/?id=choenggu&no=2062&page=9
9,2061,[노가리],창의융합 레전드네 진짜,1시간 동안 개소리만 하고 있는 거 보니까 오히려 웃김 진짜 개병신같네,ㅇㅇ (221.168) 2024.07.15 13:58:32 스크랩 조회 217 추천 2 댓글 1,2,217,2024.07.15 13:58:32,https://gall.dcinside.com/mgallery/board/view/?id=choenggu&no=2061&page=9
9,2060,[노가리],오늘 급식 수박과 치킨...,뭔가 수상하다 - dc official App,하루히사랑해 2024.07.15 12:54:29 스크랩 조회 164 추천 0 댓글 0,0,164,2024.07.15 12:54:29,https://gall.dcinside.com/mgallery/board/view/?id=choenggu&no=2060&page=9
9,2057,[노가리],메이플 짤 중에 이런거 있던데,이거 인게임이서 할 수 있음? 가능하면 찍먹 해본다 - dc official App,하루히사랑해 2024.07.14 20:44:32 스크랩 조회 150 추천 0 댓글 1,0,150,2024.07.14 20:44:32,https://gall.dcinside.com/mgallery/board/view/?id=choenggu&no=2057&page=9
9,2055,[노가리],ㅇㅈㅎ 실종됨?,- dc official App,청붕이 (223.39) 2024.07.13 19:29:34 스크랩 조회 400 추천 4 댓글 17,4,400,2024.07.13 19:29:34,https://gall.dcinside.com/mgallery/board/view/?id=choenggu&no=2055&page=9
9,2053,[노가리],영화언제보러감,기대된다 - dc official App,ya.놀자 2024.07.13 17:14:24 스크랩 조회 131 추천 0 댓글 1,0,131,2024.07.13 17:14:24,https://gall.dcinside.com/mgallery/board/view/?id=choenggu&no=2053&page=9
9,2052,[노가리],ㅂㅈ이 1학년 영어 말하는 거임?,맞음?,ㅇㅇ (121.181) 2024.07.13 13:52:59 스크랩 조회 327 추천 1 댓글 2,1,327,2024.07.13 13:52:59,https://gall.dcinside.com/mgallery/board/view/?id=choenggu&no=2052&page=9
9,2051,[노가리],ㅂㅈ<<이 새끼는 병신새끼가 맞다,자기가 무슨 말을 하는지도 모르면서 ㅈ만한 도덕적 우월감으로 가득차서 학생을 자신보다 열등한 존재로 인식하고 자신이 전문적인 지식을 갖고 있지 않은 분야에 대해 가르치려드는 전형적인 전교조년이다 오늘부터 이 갤의 주적을 ㅂㅈ으로 부탁한다 아 참고로 내가 말하는 ㅂㅈ는 스트리머 박지를 의미하며 다른 특정인을 비방하거나 모욕하려는 의도가 전혀 없음을 밝힌다^^ - dc official App,청붕이 (222.238) 2024.07.12 22:42:11 스크랩 조회 522 추천 7 댓글 4,7,522,2024.07.12 22:42:11,https://gall.dcinside.com/mgallery/board/view/?id=choenggu&no=2051&page=9
9,2049,[노가리],d - 7,"방학 일주일 남았노 벌써 1학기가 끝나.. AI 이미지가 생성되었습니다. 새로고침(F5) 해 주세요. 프롬프트 christmas_cospre_play, santa_girl, present, naked_girl, fuck, sexy, 네거티브 프롬프트 샘플링 DPM++ 2M Karras 스타일 None - dc official App",하루에사과하나 2024.07.12 16:48:11 스크랩 조회 153 추천 3 댓글 2,3,153,2024.07.12 16:48:11,https://gall.dcinside.com/mgallery/board/view/?id=choenggu&no=2049&page=9
9,2045,[노가리],내가 듣는 노래,https://www.youtube.com/watch?v=eyUZPAIGcvc - dc official App,ya.놀자 2024.07.11 22:27:22 스크랩 조회 140 추천 0 댓글 2,0,140,2024.07.11 22:27:22,https://gall.dcinside.com/mgallery/board/view/?id=choenggu&no=2045&page=9
9,2044,[노가리],청구중에 뭔일남?,ㄱㅕㅇㅊㅏㄹ 오고 옥상에서 뭔일 생긴거 같던데 혹시 아는 청붕이?,청붕이 (211.235) 2024.07.11 19:33:20 스크랩 조회 348 추천 2 댓글 1,2,348,2024.07.11 19:33:20,https://gall.dcinside.com/mgallery/board/view/?id=choenggu&no=2044&page=9
9,2043,[노가리],청구고는 이게 문재인듯,노무노무 운지털,ㅇㅇ (117.111) 2024.07.11 18:19:43 스크랩 조회 363 추천 0 댓글 1,0,363,2024.07.11 18:19:43,https://gall.dcinside.com/mgallery/board/view/?id=choenggu&no=2043&page=9
9,2042,[노가리],ㅂㅈㅂㅅ,- dc official App,청붕이 (221.168) 2024.07.11 14:01:58 스크랩 조회 220 추천 0 댓글 0,0,220,2024.07.11 14:01:58,https://gall.dcinside.com/mgallery/board/view/?id=choenggu&no=2042&page=9
9,2038,[노가리],1학년 시험때 먼일 있었음?,ㅈㄱㄴ,청붕이 (123.214) 2024.07.10 01:44:36 스크랩 조회 318 추천 0 댓글 3,0,318,2024.07.10 01:44:36,https://gall.dcinside.com/mgallery/board/view/?id=choenggu&no=2038&page=9
9,2037,[노가리],나랑 이거 먹으러 갈 사람,내가 사줌ㅇㅇ - dc official App,하루히사랑해 2024.07.10 00:43:40 스크랩 조회 159 추천 1 댓글 0,1,159,2024.07.10 00:43:40,https://gall.dcinside.com/mgallery/board/view/?id=choenggu&no=2037&page=9
9,2035,[노가리],할게없어서 심심하네,심심하다,상어냠냠 2024.07.09 08:07:05 스크랩 조회 114 추천 1 댓글 0,1,114,2024.07.09 08:07:05,https://gall.dcinside.com/mgallery/board/view/?id=choenggu&no=2035&page=9
9,2034,[노가리],안녕하세요 경남 김해시에 사는 한 시민입니다,다름이 아니라 어제 한 반려동물샵에서 코알라를 52만3천원에 분양했는데요 근데 이녀석이 자꾸 제가 아껴쓰는 시계를 몰래 가져가고 인근 논두렁에 자꾸 버릴려고 하더라고요.. 그리고 밤만되면 우흥? 이런 부엉이 소리를 내고요 무엇보다도 자꾸 얘가 냉장고 위에 올라가서 으이야.. 기부우운 즈오오타? 이런 옹알이를 하면서 뛰어내리더라고요.. 정말 미치겠습니다ㅠㅠ - dc official App,ya.놀자 2024.07.08 19:27:44 스크랩 조회 662 추천 0 댓글 4,0,662,2024.07.08 19:27:44,https://gall.dcinside.com/mgallery/board/view/?id=choenggu&no=2034&page=9
9,2033,[노가리],1학기도 끝나가는구나,이제 내 비밀을 풀때도 얼마 남지 않았구나,상어냠냠 2024.07.07 15:53:55 스크랩 조회 191 추천 2 댓글 2,2,191,2024.07.07 15:53:55,https://gall.dcinside.com/mgallery/board/view/?id=choenggu&no=2033&page=9
9,2032,[노가리],청듣노,https://youtu.be/Wmd0_nNXhus #2. Pull up a Chair (Hearthstone Main Title) Pull up a Chair / Main Title (오리지널 BGM.) youtu.be 여관주인이 보고싶구나,상어냠냠 2024.07.07 15:53:21 스크랩 조회 98 추천 0 댓글 1,0,98,2024.07.07 15:53:21,https://gall.dcinside.com/mgallery/board/view/?id=choenggu&no=2032&page=9
9,2029,[노가리],하루히랑 섹스 하고싶다,현실엔 왜 이런 여자가 없는 거지? 3D 너무 역겨워 - dc official App,하루히사랑해 2024.07.04 20:28:12 스크랩 조회 250 추천 1 댓글 0,1,250,2024.07.04 20:28:12,https://gall.dcinside.com/mgallery/board/view/?id=choenggu&no=2029&page=9
9,2028,[노가리],청듣노,https://youtu.be/1X3gSf1YsRI 「사슴 아이 어슬렁어슬렁 호시탐탐」 오프닝 Intro 1시간 연속 재생? ㅤ2024년 7월 신작 애니메이션 「사슴 아이 어슬렁 어슬렁 호시탐탐」 오프닝곡 인트로 한 시간 연속 재생?한 번 들으면 머릿속에서 떠나지 않는 중독적인 인트로를 여러분께 선물합니다?제목이 너무 길어서 못 외우겠어...! 그래도 외우고 싶어...! 라고 생각하시는 분에게 효과적... youtu.be 시코노코노코 코시탄탄 다들 뇌를 녹이자,상어냠냠 2024.07.04 20:11:08 스크랩 조회 127 추천 1 댓글 1,1,127,2024.07.04 20:11:08,https://gall.dcinside.com/mgallery/board/view/?id=choenggu&no=2028&page=9
10,2026,[노가리],컨닝,오늘 컨닝한새끼 자수 - dc official App,흑인 2024.07.04 12:26:04 스크랩 조회 161 추천 2 댓글 1,2,161,2024.07.04 12:26:04,https://gall.dcinside.com/mgallery/board/view/?id=choenggu&no=2026&page=10
10,2025,[노가리],애미,개씨발시험개좆같네어짜피치지도않을꺼지만그냥하는게싫다고그냥개피곤해진다고이런씨발개미친호로개메좆같은 씨발 그리고 예전에 맨유갤에서 저격한새끼 누구냐,상어냠냠 2024.07.04 08:31:16 스크랩 조회 148 추천 1 댓글 1,1,148,2024.07.04 08:31:16,https://gall.dcinside.com/mgallery/board/view/?id=choenggu&no=2025&page=10
10,2024,[노가리],하루를 시작하는 노래,https://www.youtube.com/watch?v=HBfH-qQaoQY - dc official App,ya.놀자 2024.07.04 04:07:50 스크랩 조회 110 추천 0 댓글 2,0,110,2024.07.04 04:07:50,https://gall.dcinside.com/mgallery/board/view/?id=choenggu&no=2024&page=10
10,2023,[노가리],2학년 6-10반중에 안경쓰고 키 개 좆만해서 맥퀸 신는,새기 누구임 1학년한테 어깨빵 맞던데 좀 불쌍함 ㅋㅋㅋ,10120 (114.202) 2024.07.04 01:49:33 스크랩 조회 336 추천 3 댓글 2,3,336,2024.07.04 01:49:33,https://gall.dcinside.com/mgallery/board/view/?id=choenggu&no=2023&page=10
10,2022,[노가리],「사회 시험 준비는 잘 하고 있어?」,"잘 안되는 거 있으면 내가 도와줄까? 날 뭘로 보는 거야 완벽하게 공부했어 헤에~ 그럼 문제 하나 내볼까? 뭐든지 물어봐 그럼...한국은 몇 면이 바다로 둘러싸여 있게? 하아~? 청붕쿤, 나를 너무 무시하는 거 아니야? 삼면이 바다인게 당연하잖아 틀렸어 사면이 바다야 동해, 서해, 남해 그리고 . . . . . . . . . . . . . . . . . . . . . . . . . . '사랑해'니까 (화아아아악) 정말이지...바보 청붕쿤 청하하하하하하하 다들 남은 시험 파이팅! - dc official App",하루히사랑해 2024.07.03 16:43:21 스크랩 조회 480 추천 11 댓글 3,11,480,2024.07.03 16:43:21,https://gall.dcinside.com/mgallery/board/view/?id=choenggu&no=2022&page=10
10,2020,[노가리],아 씨발,왜 계속 짤리는데 - dc official App,하루히사랑해 2024.07.03 14:48:27 스크랩 조회 143 추천 0 댓글 0,0,143,2024.07.03 14:48:27,https://gall.dcinside.com/mgallery/board/view/?id=choenggu&no=2020&page=10
10,2018,[노가리],선생님들 근황좀 알려줄사람,기억나는 샘들 최은호 진선미 남기재 권영훈 김덕기 김상경 정수연 안진원 - dc official App,청붕이 (118.41) 2024.07.02 17:12:47 스크랩 조회 571 추천 4 댓글 4,4,571,2024.07.02 17:12:47,https://gall.dcinside.com/mgallery/board/view/?id=choenggu&no=2018&page=10
10,2017,[노가리],씨발,개씨발 - dc official App,하루히사랑해 2024.07.02 12:27:18 스크랩 조회 177 추천 1 댓글 0,1,177,2024.07.02 12:27:18,https://gall.dcinside.com/mgallery/board/view/?id=choenggu&no=2017&page=10
10,2016,[노가리],시험 대충 쳐야지,자기 전에 누구랑 개싸워서 아드레날린 ㅅㅂ 풀로 돌아서 잠을 못잤어,상어냠냠 2024.07.02 07:39:24 스크랩 조회 124 추천 4 댓글 0,4,124,2024.07.02 07:39:24,https://gall.dcinside.com/mgallery/board/view/?id=choenggu&no=2016&page=10
10,2014,[노가리],낼 시험치는거 ㅈ같으면 개추,ㅈㄱㄴ,청붕이 (211.251) 2024.07.02 00:00:10 스크랩 조회 140 추천 6 댓글 0,6,140,2024.07.02 00:00:10,https://gall.dcinside.com/mgallery/board/view/?id=choenggu&no=2014&page=10
10,2013,[노가리],08년 졸업생인데 박인규샘 계시나?,안녕하신지 궁금하네.. 건강하셔? 나도 교사가 되보니 제일 보고 싶은 선생님이네,ㅎ (58.227) 2024.07.01 22:01:36 스크랩 조회 318 추천 0 댓글 3,0,318,2024.07.01 22:01:36,https://gall.dcinside.com/mgallery/board/view/?id=choenggu&no=2013&page=10
10,2012,[노가리],수포자들이 하는 말?,피타고라스=피타고자스,청붕이 (223.32) 2024.07.01 17:10:55 스크랩 조회 187 추천 6 댓글 0,6,187,2024.07.01 17:10:55,https://gall.dcinside.com/mgallery/board/view/?id=choenggu&no=2012&page=10
10,2009,[노가리],수정본.,든든하다 청구고,상어냠냠 2024.07.01 14:43:53 스크랩 조회 185 추천 3 댓글 5,3,185,2024.07.01 14:43:53,https://gall.dcinside.com/mgallery/board/view/?id=choenggu&no=2009&page=10
10,2006,[노가리],진짜 모르는 게 아니라,이런 드립이라고 - dc official App,하루히사랑해 2024.07.01 12:54:42 스크랩 조회 218 추천 1 댓글 5,1,218,2024.07.01 12:54:42,https://gall.dcinside.com/mgallery/board/view/?id=choenggu&no=2006&page=10
10,2005,[노가리],파딱 한명 잠수준비 ㅅㅂ,일단 다시 뺏어가고,상어냠냠 2024.07.01 11:45:23 스크랩 조회 142 추천 0 댓글 1,0,142,2024.07.01 11:45:23,https://gall.dcinside.com/mgallery/board/view/?id=choenggu&no=2005&page=10
10,2003,[노가리],기말 진짜 이대로 가면...,라이다 - dc official App,청붕이 (223.39) 2024.07.01 10:54:32 스크랩 조회 153 추천 0 댓글 1,0,153,2024.07.01 10:54:32,https://gall.dcinside.com/mgallery/board/view/?id=choenggu&no=2003&page=10
10,2002,[노가리],작년 1학년 기가 누구였음?,되게 유쾌하시네,ㅇㅇ (223.39) 2024.07.01 10:42:34 스크랩 조회 195 추천 1 댓글 1,1,195,2024.07.01 10:42:34,https://gall.dcinside.com/mgallery/board/view/?id=choenggu&no=2002&page=10
10,2001,[노가리],청듣노,https://youtu.be/9vyIPWBeRes DECO*27×堀江晶太(kemu) - セカイ feat. 初音ミク 「飛び込んでいこう　僕らのセカイへ」7th Album「アンデッドアリス」配信中！https://zula.lnk.to/cvQK1YQF新作スマホゲーム『プロジェクトセカイ カラフルステージ！ feat. 初音ミク』へ書き下ろしたテーマソングの初音ミクver.です。【事前登録受付中】https://pjseka... youtu.be 기말 씨발것,상어냠냠 2024.07.01 09:08:50 스크랩 조회 135 추천 1 댓글 4,1,135,2024.07.01 09:08:50,https://gall.dcinside.com/mgallery/board/view/?id=choenggu&no=2001&page=10
10,2000,[노가리],하루만 기다리면 기말고사가 와요!,이 씨발! - dc official App,하루히사랑해 2024.07.01 09:00:03 스크랩 조회 117 추천 1 댓글 1,1,117,2024.07.01 09:00:03,https://gall.dcinside.com/mgallery/board/view/?id=choenggu&no=2000&page=10
10,1999,[노가리],하루를 시작하는 '노'래,https://www.youtube.com/watch?v=ypqQsfLQ2jI - dc official App,하루히사랑해 2024.07.01 08:34:10 스크랩 조회 77 추천 0 댓글 0,0,77,2024.07.01 08:34:10,https://gall.dcinside.com/mgallery/board/view/?id=choenggu&no=1999&page=10
10,1998,[노가리],븅신들아,싸우지말라고 - dc official App,하루에사과하나 2024.07.01 01:07:30 스크랩 조회 118 추천 1 댓글 0,1,118,2024.07.01 01:07:30,https://gall.dcinside.com/mgallery/board/view/?id=choenggu&no=1998&page=10
10,1997,[노가리],1학년 2학년은 안 싸웠으면 좋겠음,같이 전교조 년들 패기도 바쁜데 왜 우리끼리 싸움 - dc official App,하루히사랑해 2024.06.30 20:34:41 스크랩 조회 281 추천 3 댓글 3,3,281,2024.06.30 20:34:41,https://gall.dcinside.com/mgallery/board/view/?id=choenggu&no=1997&page=10
10,1996,[노가리],또 1학년 2학년 갈라치기 시간인가...,09새끼들 들어오면 어케될까...,상어냠냠 2024.06.30 20:05:21 스크랩 조회 205 추천 2 댓글 1,2,205,2024.06.30 20:05:21,https://gall.dcinside.com/mgallery/board/view/?id=choenggu&no=1996&page=10
10,1995,[노가리],어 ㅅㅂ,빛보다 빠르게 삭제되노 차단되는 건 아니겠지 - dc official App,하루히사랑해 2024.06.30 19:49:12 스크랩 조회 138 추천 0 댓글 2,0,138,2024.06.30 19:49:12,https://gall.dcinside.com/mgallery/board/view/?id=choenggu&no=1995&page=10
10,1993,[노가리],에효 시발,07년들은 다 장애인밖에 없냐 역시 그 세대가 낳은 자식들이라서 그런가 흠 - dc official App,흑인 2024.06.30 19:43:20 스크랩 조회 103 추천 3 댓글 1,3,103,2024.06.30 19:43:20,https://gall.dcinside.com/mgallery/board/view/?id=choenggu&no=1993&page=10
10,1991,[노가리],1학년 왤케 깝침 ㅋㅋ,꼬우면 어매아배한테 1년 더 빨리 저지르라고 하지,청붕이 (121.151) 2024.06.30 03:57:20 스크랩 조회 421 추천 7 댓글 3,7,421,2024.06.30 03:57:20,https://gall.dcinside.com/mgallery/board/view/?id=choenggu&no=1991&page=10
10,1989,[노가리],하루를 시작하는 노래,https://www.youtube.com/watch?v=qYDgNde9zMU - dc official App,ya.놀자 2024.06.30 00:49:49 스크랩 조회 105 추천 0 댓글 1,0,105,2024.06.30 00:49:49,https://gall.dcinside.com/mgallery/board/view/?id=choenggu&no=1989&page=10
10,1988,[노가리],2학년들 진짜 아오ㅋㅋㅋㅋㅋ,아카 무라사키 - dc official App,하루히사랑해 2024.06.29 22:45:03 스크랩 조회 238 추천 4 댓글 0,4,238,2024.06.29 22:45:03,https://gall.dcinside.com/mgallery/board/view/?id=choenggu&no=1988&page=10
10,1987,[노가리],3학년 내신 진짜 너무 힘들다 수시 정시 둘다 공부 하는데 영어 범위가ㅏ,모고2개 수특 21-30강 테스트3 수완 9강 까지는 너무 많은거 같다 진짜ㅏ 뭔 학교가 3학년이 되니까 시험범위가 더 늘어나노 수성구의 모 학교는 그냥 수특 독해연습 한권 전범위 들어간다는데 차라리 그렇게 내던가 내신 공부 할려나까 자료 구매하기도 귀찮고 자료 구하기도 힘들고 아아아아교7ㄱㄹㅎㄱㅈㅎㄱ죠ㅕ뉵8ㅕ홎8겨ㅗㅎ8724ㅛㅅㅎ24ㅗㅅㄹ87ㅛㄷㅂㅎㄹ7ㅛ8ㄷ쥴7ㅛ8ㄷ골7ㅛㅎㅈㄷㄹ79ㅛㅎㄱㅂ78ㅛ록7ㅛ8ㅅ봏79ㄷ봏 ㄷㄱ휴ㅓㄱㅈ햐ㅓ굿퍼ㅑㄱㅅ쥬ㅕ8ㅠ혀8ㅗㅅㄷㅎㅂ8ㅕㅠㅈㄷㅅ8ㅕㅎ겨8ㅈㅅ호8ㅈ겨호8겨져8ㅕㄷㅅ뱌ㅕㅂ도혀8ㅂㄱㅎ3고ㅠ3ㅑㅗ규 뉴궂ㄱ허ㅜㅑㅕ굿ㅈ갸ㅕㅠㅂ햐ㅕ듑혀ㅗㅈ4ㅅ8ㅗㄱㅈㅅ7ㅗㅎ9댯ㅎㄱㅅㅎ ㅈㄱ슞ㄱㅅㅎㄷ교ㅗㄷ쇼ㅗ쇼ㅗㄷ쇼ㅗㄴ쇼ㅠㄴ쇼ㅠㄹㄴ ㅎㅇㅎ ㅠㅑㄷ루퍄ㅓㅈ48ㅓㅎㅎ539ㅑㅎ93ㅑㅎ9ㅈㄴㄱ흊ㄱㅅ 교쥭수퍄31소8ㅎ15ㅕ8374387ㅅ8규ㅗㅈㅇ햐ㅜ ㅁ야ㅓㅎ ㅓㅑ덟 ㅑㅓㄷ루퍄ㅓㅂ둘퍄ㅓㅜㄱㅈㅎ8ㅑ호8845ㅕㅎ8747솧78ㅈ3ㅗㄹ8ㅕㄷ룩ㄹ쥬ㅓㅓㄱㅈ훟8ㅕㄱㅅ조ㅕ8ㅎ곶셯ㄱㅅ져8푸ㅕㄱ8훞8ㅕㄱ봃8ㅕㅜㄱㅈㅅㅅ겨8ㅠㅜㅎㅈ8ㅕㅕ품8ㅕ녀류7횾ㅍㅊㅇ7ㅛㅎ뷰 8ㅛㅎㄴㅇ. 8ㅕㅗㅠ8ㅛㅎㅍ5ㅊㄷㅌㅈㅁㅂㄸㅌㅎㄴㅇㅂㅍ ㅕㅎㄷㅂㅇ8 ㅍ8ㅛㄷㅂㅎ륲8ㅕㅛㄷ슢8ㅕㅗㄷㄹ뷰표8ㅛㅇㄹ뮬 68ㅛㅠㅂㄷㄹ78ㅛ 륟ㅂㄱ78ㅛㅛ퓯ㄱㅂ87ㅛㅛ퓨ㅛㄷ8굡퓨8ㄷ6ㅛㄱ븊ㄷ68ㅛ귳368교ㅠㅊ78ㅛㄷㄱ7ㄱ듗7ㅛ됵듀ㅕㅠ녀창아아댜ㅗㅂ루펴9돏 펴9ㅗㄷㄹㅂ 펴9ㅗ ㅂ펴ㅑㅗㄷ ㄹㅂ펴ㅑㅗㄹㄷ ㅂ펴ㅑㅗㄹ ㅕㅗ ㅕ9ㄷ롭ㅍ ㅕㄷ9ㅗㄹ1 ㅍㄷ려9ㅗ ㅍㄹㅂ뎌ㅗ9ㅠㄷㄱㅍ벼ㅗㅂㄷ규퍄ㅗ듀ㅑㅜㅑ녀ㅜㅍㄷ뱌ㅗ 패ㅑ돕234ㅓ 해3숴ㅐ3구차오ㅑㅠㄷㄱㅍ펴ㅠㄷㅂ갸ㅕㅠㅍ대ㅕㄱ뷰퍄ㅕㄷㄱ규패ㅕㅑㅜ여ㅜㅑㅕㄷㄹ부퍄ㅕㅂㄷ류퍄ㅕ뎝규ㅑㅕㅠ녀 ㅑㅓㄷ루퍄ㅕㅂㄷ류퍄볃루퍄ㅕㄷ룹ㄷ갸ㅕ푸녀 ㅑㅕㅜㅑㅕㅜ창 ㅑㅓㅠㅑㅕㅜ패ㅕㅠㄷㄹ퍄ㅕㅠ댜ㅕ규ㅑㅕㅠㅐㅕㅠㅐㅑㅜ창 ㅐㅓㅜㅐㅕㅜㅐㅕㅜㅜㅐㅑㅜㅐㅑㅗ녀ㅠㅑㅕㅠㅑㅕㅠㅐㅕㅠㅐㅕㅠㅐㅕㅠ교ㅠㅠㅑㅕㅠㅑㅕㅠㅑㅕㅠ듀ㅑㅕㅠㅑㅕㅠㅑㅕㅜ쳐 ㅑㅗㅠㅑㅕㅠㅑㅕㅠㅑㅕㅠㅑㅕㅠㅑㅕㅠㅑㅕㅠㅠㅕㅕㅐㅠㅐㅕㅠ요야ㅓㅠㅐㅕㅠㅑㅕㅠ쥬댜ㅛㅠㅇㅈ댜ㅛㅎㅇ8ㅕㄷ조야ㅕㅇ조여도ㅕ노챠도야더야더야덩92ㅑㄱ로9ㅑㅈㄱ로938ㄱ로ㅕㅈ8ㅠㄹ8ㅕㅠㅍ98죠퓨98ㅛ3퓨ㅕㅈㄱㄱ퓨댜ㅕㅕ류펴러ㅑㅓㅑㅓㅑㅓㅅ서ㅜ서ㅜ서수서ㅝㅜ러우야ㅜ어ㅜ너ㅜ너누ㅑ누냐ㅓ야ㅓ루랴ㅓㅎ49ㅑㅓ9ㅑㄱ허983소873ㄱㄹ8ㅇ7도98ㅍ고9ㅑㅑㅓ애아아아아아아아아아아앙아아ㅏ아아아아아아아아아아아아아아앙ㅇ아아아아아아아아아앙아아아ㅗㅗㅗㅗ어ㅓㅐㅓ루ㅐㅓㅜㄷ갸ㅐㅜㅐㅑㅑ구패ㅑㅗㄱㄹ9ㅕㅗ재ㅑㄷㅊ자ㅐㅇ푸8ㅕㄷ슈984섷9ㅑㅑ3서ㅑ9펒야9푸9ㅑㄴ우패ㅑㅈ궇9ㅕㅈ곺9ㅕㅈ곺8ㅕㅈ오ㅕ8ㅍ족8ㅕㄱ퐂ㅇ9ㅕ촞8겨ㅗㅊ8ㅕㅈ골87ㅗㄷ98ㅗ애니ㅜ내ㅓㅜㅐㅑ푸ㅐㅑ푸채ㅑㅇ푸ㅐㅓ애미ㅐㅓㅜㅐㅓㅍㄷ루패ㅓㅓㄷ루패ㅑ쟈궆9ㅑ3골9ㅑ3골9ㅑㄷ걸9ㅑㄷㄱ푸9ㅑㄷ곺98ㅈ귶9ㅕ죽ㅍ9ㅑ족려9ㅗㄱ29ㅑㅜㅊ9ㅑㅜ개개ㅜㅑ9ㅜㅐㅑㅜㅐㅑㅜㅜㅏ개냐ㅜ9ㅜㅑㅐㅜㅐㅑㅜㅑㅜ개니ㅑㅓㄹ 패ㅓㄷ뤂대ㅓ루패댤풔ㅐㄱㅍ 개니ㅓㄹㄷㅍㄹ ㅐ더루패ㅓㄷ룰패ㅓㄹㅍ ㅓㅐㅍ ㄱ페ㅏㄷ 파ㅣ서ㅠㅓㄷ거ㅏㅠ패ㅓㅓㄴ촟7햐ㅗㅑㅜㅑ갹갸굳거ㅜㅜㄹㄷ가ㅓ ㅍ자ㅓ웇ㅇㅇ재ㅕ유랴ㅕㅈ규래ㅓㅓㅈ국패ㅓㅇ즆9ㅕㄹ쥬 퍄9돕ㄹ 퍄ㅗㄷㄹ,청붕이 (220.122) 2024.06.29 22:22:24 스크랩 조회 714 추천 4 댓글 2,4,714,2024.06.29 22:22:24,https://gall.dcinside.com/mgallery/board/view/?id=choenggu&no=1987&page=10
10,1983,[노가리],남아계신 선생님 있으신가요?,37기(03년 졸업)입니다~ 잊히지 않는 은사님들이라 찾아뵙고 싶은데 정보가 없어 여쭤봅니다.. ㄱㅇㅇ(지학) ㄱㅈㅎ(언어) ㄱㅅㅇ(화학) ㅇㅅㅎ(미술) ㅈㅅㅁ(수학) 남아계신분 있으신가요??,청붕이 (222.238) 2024.06.28 16:55:21 스크랩 조회 333 추천 2 댓글 2,2,333,2024.06.28 16:55:21,https://gall.dcinside.com/mgallery/board/view/?id=choenggu&no=1983&page=10
10,1982,[노가리],청구 진로 진학,제가 가장 싫어하는 세 가지입니다 - dc official App,하루히사랑해 2024.06.28 16:13:06 스크랩 조회 206 추천 1 댓글 1,1,206,2024.06.28 16:13:06,https://gall.dcinside.com/mgallery/board/view/?id=choenggu&no=1982&page=10
10,1981,[노가리],오늘 급식 어땠음?,- dc official App,하루히사랑해 2024.06.28 13:03:47 스크랩 조회 172 추천 0 댓글 3,0,172,2024.06.28 13:03:47,https://gall.dcinside.com/mgallery/board/view/?id=choenggu&no=1981&page=10
10,1980,[노가리],어떤새끼가 내 글 글삭했냐,알바새끼냐? 누구냐,상어냠냠 2024.06.28 10:01:18 스크랩 조회 116 추천 1 댓글 0,1,116,2024.06.28 10:01:18,https://gall.dcinside.com/mgallery/board/view/?id=choenggu&no=1980&page=10
10,1979,[노가리],하루를 시작하는 노래,https://www.youtube.com/watch?v=OZayvn7iUmE - dc official App,ya.놀자 2024.06.28 01:14:19 스크랩 조회 112 추천 2 댓글 0,2,112,2024.06.28 01:14:19,https://gall.dcinside.com/mgallery/board/view/?id=choenggu&no=1979&page=10
10,1977,[노가리],작전명:붉은 두더지 사냥,붉은 두더지를 조심해 2024년 6월 27일 7시 99분 붉은 두더지를 사냥한다 - dc official App,흑인 2024.06.26 19:37:27 스크랩 조회 144 추천 2 댓글 1,2,144,2024.06.26 19:37:27,https://gall.dcinside.com/mgallery/board/view/?id=choenggu&no=1977&page=10
10,1976,[노가리],조두순이 되어버린 2학년,AI 이미지가 생성되었습니다. 새로고침(F5) 해 주세요. 두순조,청붕이 (221.168) 2024.06.26 17:45:13 스크랩 조회 287 추천 4 댓글 6,4,287,2024.06.26 17:45:13,https://gall.dcinside.com/mgallery/board/view/?id=choenggu&no=1976&page=10
10,1975,[노가리],에효 한숨만 나오는 2학년,AI 이미지가 생성되었습니다. 새로고침(F5) 해 주세요. ㅉㅉㅉㅉ 저지자지자지,청붕이 (221.168) 2024.06.26 17:41:12 스크랩 조회 198 추천 1 댓글 1,1,198,2024.06.26 17:41:12,https://gall.dcinside.com/mgallery/board/view/?id=choenggu&no=1975&page=10
10,1973,[노가리],몇몇 사람들때문에,왜자꼬 똥을 남기고 가세요 - dc official App,하루에사과하나 2024.06.26 16:35:51 스크랩 조회 157 추천 3 댓글 1,3,157,2024.06.26 16:35:51,https://gall.dcinside.com/mgallery/board/view/?id=choenggu&no=1973&page=10
10,1972,[노가리],2학년 이미지 왤케 안좋노,뭔 일이 있었던 거냐ㅋㅋㅋ - dc official App,하루히사랑해 2024.06.26 16:27:40 스크랩 조회 402 추천 5 댓글 1,5,402,2024.06.26 16:27:40,https://gall.dcinside.com/mgallery/board/view/?id=choenggu&no=1972&page=10
10,1971,[노가리],현재2학년,AI 이미지가 생성되었습니다. 새로고침(F5) 해 주세요. - dc official App,흑인 2024.06.26 16:21:37 스크랩 조회 180 추천 2 댓글 0,2,180,2024.06.26 16:21:37,https://gall.dcinside.com/mgallery/board/view/?id=choenggu&no=1971&page=10
10,1969,[노가리],원래 2학년 좋게 봤는데,이제야 왜 2학년들이 씹새라고 하는지 알겠다 동아리 하러 1학년 교실에 왔으면 물건 건드리지 말고 얌전히 있다가 가라 이 좆같은 새끼들은 답이 없다,ㅇㅇ (221.168) 2024.06.26 15:22:33 스크랩 조회 554 추천 28 댓글 7,28,554,2024.06.26 15:22:33,https://gall.dcinside.com/mgallery/board/view/?id=choenggu&no=1969&page=10
10,1968,[노가리],6/26 하루를 시작하는 노래,https://www.youtube.com/watch?v=YFEGjI2ra4k - dc official App,ya.놀자 2024.06.26 01:02:40 스크랩 조회 113 추천 2 댓글 0,2,113,2024.06.26 01:02:40,https://gall.dcinside.com/mgallery/board/view/?id=choenggu&no=1968&page=10
10,1959,[노가리],6/25 하루를 시작하는 노래,https://www.youtube.com/watch?v=mAzCRZ2HjNI - dc official App,ya.놀자 2024.06.25 03:17:48 스크랩 조회 135 추천 1 댓글 1,1,135,2024.06.25 03:17:48,https://gall.dcinside.com/mgallery/board/view/?id=choenggu&no=1959&page=10
10,1950,[노가리],ai 그림 너무 도배되는 것 같은데,"AI 이미지가 생성되었습니다. 새로고침(F5) 해 주세요. 프롬프트 female: tall_girl, tag: pubic_hair, female: white_skin, tag: nude 네거티브 프롬프트 샘플링 DPM++ 2M Karras 스타일 None 고닉만 사용할 수 있게 하든지 본문 내용이 있어야 한다든지 규재가 있어야하지 않을까? - dc official App",하루히사랑해 2024.06.23 22:20:05 스크랩 조회 155 추천 1 댓글 0,1,155,2024.06.23 22:20:05,https://gall.dcinside.com/mgallery/board/view/?id=choenggu&no=1950&page=10
10,1949,[노가리],하…,AI 이미지가 생성되었습니다. 새로고침(F5) 해 주세요. - dc official App,흑인 2024.06.23 21:33:26 스크랩 조회 127 추천 0 댓글 1,0,127,2024.06.23 21:33:26,https://gall.dcinside.com/mgallery/board/view/?id=choenggu&no=1949&page=10
10,1946,[노가리],음,AI 이미지가 생성되었습니다. 새로고침(F5) 해 주세요. AI 이미지가 생성되었습니다. 새로고침(F5) 해 주세요. AI 이미지가 생성되었습니다. 새로고침(F5) 해 주세요. - dc official App,흑인 2024.06.23 21:27:56 스크랩 조회 112 추천 0 댓글 1,0,112,2024.06.23 21:27:56,https://gall.dcinside.com/mgallery/board/view/?id=choenggu&no=1946&page=10
10,1942,[노가리],개패죽여버리고싶은 새끼들,,상어냠냠 2024.06.23 12:37:30 스크랩 조회 290 추천 4 댓글 1,4,290,2024.06.23 12:37:30,https://gall.dcinside.com/mgallery/board/view/?id=choenggu&no=1942&page=10
10,1940,[노가리],ㅗ89ㅇ ㄹㅗ& ₩>,"AI 이미지가 생성되었습니다. 새로고침(F5) 해 주세요. 프롬프트 multiple_girls, barefoot, sitting, black_hair, jacket, long_hair, breasts, shorts, 3girls, cleavage, open_clothes, plant, couch, phone_screen, underwear, open_jacket, letterman_jacket, smile, lips, bare_legs, looking_at_viewer, medium_breasts, feet, brown_eyes, ponytail, panties 네거티브 프롬프트 샘플링 DPM++ 2M Karras 스타일 None",청붕이 (220.122) 2024.06.23 01:02:59 스크랩 조회 121 추천 0 댓글 0,0,121,2024.06.23 01:02:59,https://gall.dcinside.com/mgallery/board/view/?id=choenggu&no=1940&page=10
10,1939,[노가리],.,"AI 이미지가 생성되었습니다. 새로고침(F5) 해 주세요. 프롬프트 1girl, swimsuit, bikini, black_hair, solo, chibi, breasts, holding, cleavage, ponytail, simple_background, large_breasts, veiny breasts, wet, sweat, wet bikini, (veins), perfect anatomy, looking at viewer, instagram, cowboy shot, phone screen, selfie, masterpiece, best quality, up scales, RAW, 8k_uhd, beautiful detailed, colourful, finely detailed, intricate details, instagram, (detailed skin:1.5), (clean skin), pornography, ray tracing, delicate, photography, realistic, highres, (photorealistic:1.4), spread legs, balanced facial features, hiqcgbody, 네거티브 프롬프트 worst_quality, low_quality:1.4), medium_quality, deleted, lowres, comic, bad_anatomy, (bad_hands), text, error, missing_fingers, extra_digit, fewer_digits, cropped, jpeg_artifacts, signature, watermark, username, blurry, (2d:1.3), (camera:1.3), (blurry:1.2), (blur:1.2), (mole:1.2), (monochrome:1.3), (2_navel:1.2), abs, muscle, yellow_skin, dark_skin, irish, (infant, childlish:1.3), (cowboy_hat:1.3), belt, buttons, denim_jean, denim_pants, anime, anime_style, painting, skecchiart, skech_(character), anime_eyes, animeclipart, (bad_arms), (bad_eyes), (multiple_view), small_breasts, medium_breasts, loli, shota 샘플링 DPM++ 2M Karras 스타일 None .",청붕이 (122.43) 2024.06.23 01:00:58 스크랩 조회 108 추천 0 댓글 0,0,108,2024.06.23 01:00:58,https://gall.dcinside.com/mgallery/board/view/?id=choenggu&no=1939&page=10
10,1938,[노가리],흠ㅋㅋㅋ,"AI 이미지가 생성되었습니다. 새로고침(F5) 해 주세요. 프롬프트 1girl, solo, computer, black_hair, laptop, looking_at_viewer, fake_screenshot, realistic, short_hair, bangs, brown_eyes, indoors, jacket, black_eyes, lips 네거티브 프롬프트 샘플링 DPM++ 2M Karras 스타일 None",청붕이 (220.122) 2024.06.23 01:00:28 스크랩 조회 102 추천 0 댓글 0,0,102,2024.06.23 01:00:28,https://gall.dcinside.com/mgallery/board/view/?id=choenggu&no=1938&page=10
11,1937,[노가리],.,"AI 이미지가 생성되었습니다. 새로고침(F5) 해 주세요. 프롬프트 round glasses, , (photorealistic:0.8), beautiful detailed, delicate, photography, intricate details, colourful, best quality, instagram , best quality, masterpiece, horse girl, horse tail, horse ears, brown hair, blue eyes, small breasts, streaked hair, 1girl, solo, ponytail hair ornaments, pink hair bow, black shirt, formal, tuxedo, black pants, black jacket, black necktie, open jacket, light smile, black gloves, cowboy shot, standing, walking, city street background, light smile, 네거티브 프롬프트 샘플링 DPM++ 2M Karras 스타일 None .",청붕이 (122.43) 2024.06.23 00:58:47 스크랩 조회 81 추천 0 댓글 0,0,81,2024.06.23 00:58:47,https://gall.dcinside.com/mgallery/board/view/?id=choenggu&no=1937&page=11
11,1936,[노가리],.,"AI 이미지가 생성되었습니다. 새로고침(F5) 해 주세요. 프롬프트 instagram, beautiful detailed, intricate details, (photorealistic:0.8), photography, highres, best quality, perfect anatomy, beautiful detailed, intricate details 네거티브 프롬프트 샘플링 DPM++ 2M Karras 스타일 None ㅋ",청붕이 (122.43) 2024.06.23 00:54:59 스크랩 조회 93 추천 0 댓글 0,0,93,2024.06.23 00:54:59,https://gall.dcinside.com/mgallery/board/view/?id=choenggu&no=1936&page=11
11,1935,[노가리],오 이거 기능 뭐냐,"AI 이미지가 생성되었습니다. 새로고침(F5) 해 주세요. 프롬프트 (ulzzang-6500:0.4), (PureErosFace_V1:0.4), realistic, delicate, masterpiece, (photorealistic:0.8), finely detailed, ray tracing, best quality, big breast, masterbation , creampie 네거티브 프롬프트 샘플링 DPM++ 2M Karras 스타일 None ㅋㅋ",청붕이 (122.43) 2024.06.23 00:51:13 스크랩 조회 109 추천 0 댓글 0,0,109,2024.06.23 00:51:13,https://gall.dcinside.com/mgallery/board/view/?id=choenggu&no=1935&page=11
11,1934,[노가리],사회 교과서 ㅈㄴ 역겹네,태평양 대서양도 표시 안하면서 꾸역꾸역 동해 쳐넣는 거 진짜 한심하다 - dc official App,하루히사랑해 2024.06.22 19:26:31 스크랩 조회 212 추천 0 댓글 1,0,212,2024.06.22 19:26:31,https://gall.dcinside.com/mgallery/board/view/?id=choenggu&no=1934&page=11
11,1933,[노가리],방금 고닉 하나 본 것 같은데,뭐였지 - dc official App,하루히사랑해 2024.06.22 14:02:17 스크랩 조회 120 추천 0 댓글 0,0,120,2024.06.22 14:02:17,https://gall.dcinside.com/mgallery/board/view/?id=choenggu&no=1933&page=11
11,1931,[노가리],ㄱㅈㅎ선생 ㅈ같은면 개추ㅋㅋㄱ,ㅇㄷㄴㅂㅌ ㅋㅋㅋ 그저 최악의 선생 개씨발 JOAT,상어냠냠 2024.06.21 23:51:57 스크랩 조회 466 추천 9 댓글 1,9,466,2024.06.21 23:51:57,https://gall.dcinside.com/mgallery/board/view/?id=choenggu&no=1931&page=11
11,1929,[노가리],가끔씩 터지노 흑섬이냐,- dc official App,흑인 2024.06.21 19:46:14 스크랩 조회 115 추천 0 댓글 0,0,115,2024.06.21 19:46:14,https://gall.dcinside.com/mgallery/board/view/?id=choenggu&no=1929&page=11
11,1924,[노가리],메이플 할만 하냐?,초딩 때 해보고 안 한 지 좀 됐는데 - dc official App,하루히사랑해 2024.06.20 22:26:57 스크랩 조회 91 추천 0 댓글 0,0,91,2024.06.20 22:26:57,https://gall.dcinside.com/mgallery/board/view/?id=choenggu&no=1924&page=11
11,1923,[노가리],시험 끝나고 할 게임 추천 좀,블아는 컨텐츠가 너무 적어 - dc official App,하루히사랑해 2024.06.20 21:30:58 스크랩 조회 180 추천 0 댓글 5,0,180,2024.06.20 21:30:58,https://gall.dcinside.com/mgallery/board/view/?id=choenggu&no=1923&page=11
11,1922,[노가리],내가 원했던 고등학교 생활은 이런게 아니야..,으아아 - dc official App,하루에사과하나 2024.06.20 18:57:19 스크랩 조회 231 추천 0 댓글 1,0,231,2024.06.20 18:57:19,https://gall.dcinside.com/mgallery/board/view/?id=choenggu&no=1922&page=11
11,1921,[노가리],너무 도배되는 느낌인데,상관없나? - dc official App,하루히사랑해 2024.06.20 18:01:25 스크랩 조회 108 추천 0 댓글 0,0,108,2024.06.20 18:01:25,https://gall.dcinside.com/mgallery/board/view/?id=choenggu&no=1921&page=11
11,1916,[노가리],진짜 찐찐막,AI 이미지가 생성되었습니다. 새로고침(F5) 해 주세요. - dc official App,흑인 2024.06.20 16:50:28 스크랩 조회 115 추천 0 댓글 0,0,115,2024.06.20 16:50:28,https://gall.dcinside.com/mgallery/board/view/?id=choenggu&no=1916&page=11
11,1915,[노가리],찐막,AI 이미지가 생성되었습니다. 새로고침(F5) 해 주세요. - dc official App,흑인 2024.06.20 16:47:02 스크랩 조회 91 추천 0 댓글 0,0,91,2024.06.20 16:47:02,https://gall.dcinside.com/mgallery/board/view/?id=choenggu&no=1915&page=11
11,1914,[노가리],마지막,AI 이미지가 생성되었습니다. 새로고침(F5) 해 주세요. - dc official App,흑인 2024.06.20 16:46:46 스크랩 조회 87 추천 0 댓글 0,0,87,2024.06.20 16:46:46,https://gall.dcinside.com/mgallery/board/view/?id=choenggu&no=1914&page=11
11,1913,[노가리],이게 젤 나은듯,"AI 이미지가 생성되었습니다. 새로고침(F5) 해 주세요. 프롬프트 NuDE, 네거티브 프롬프트 샘플링 DPM++ 2M Karras 스타일 None 간단한게 젤 잘나오노 - dc official App",흑인 2024.06.20 16:43:22 스크랩 조회 122 추천 0 댓글 0,0,122,2024.06.20 16:43:22,https://gall.dcinside.com/mgallery/board/view/?id=choenggu&no=1913&page=11
11,1912,[노가리],악,AI 이미지가 생성되었습니다. 새로고침(F5) 해 주세요. - dc official App,흑인 2024.06.20 16:42:38 스크랩 조회 79 추천 0 댓글 0,0,79,2024.06.20 16:42:38,https://gall.dcinside.com/mgallery/board/view/?id=choenggu&no=1912&page=11
11,1911,[노가리],음,AI 이미지가 생성되었습니다. 새로고침(F5) 해 주세요. - dc official App,흑인 2024.06.20 16:41:54 스크랩 조회 80 추천 0 댓글 0,0,80,2024.06.20 16:41:54,https://gall.dcinside.com/mgallery/board/view/?id=choenggu&no=1911&page=11
11,1910,[노가리],조개,AI 이미지가 생성되었습니다. 새로고침(F5) 해 주세요. - dc official App,흑인 2024.06.20 16:37:57 스크랩 조회 123 추천 0 댓글 0,0,123,2024.06.20 16:37:57,https://gall.dcinside.com/mgallery/board/view/?id=choenggu&no=1910&page=11
11,1909,[노가리],어케 하지,AI 이미지가 생성되었습니다. 새로고침(F5) 해 주세요. - dc official App,흑인 2024.06.20 16:35:21 스크랩 조회 95 추천 0 댓글 1,0,95,2024.06.20 16:35:21,https://gall.dcinside.com/mgallery/board/view/?id=choenggu&no=1909&page=11
11,1907,[노가리],음,"AI 이미지가 생성되었습니다. 새로고침(F5) 해 주세요. 프롬프트 NiPPLES AND PUSSY, 네거티브 프롬프트 샘플링 DPM++ 2M Karras 스타일 None - dc official App",흑인 2024.06.20 16:27:48 스크랩 조회 71 추천 0 댓글 0,0,71,2024.06.20 16:27:48,https://gall.dcinside.com/mgallery/board/view/?id=choenggu&no=1907&page=11
11,1906,[노가리],니플,"AI 이미지가 생성되었습니다. 새로고침(F5) 해 주세요. 프롬프트 NiPPLES, 네거티브 프롬프트 샘플링 DPM++ 2M Karras 스타일 None - dc official App",흑인 2024.06.20 16:27:25 스크랩 조회 107 추천 0 댓글 0,0,107,2024.06.20 16:27:25,https://gall.dcinside.com/mgallery/board/view/?id=choenggu&no=1906&page=11
11,1905,[노가리],앙,"AI 이미지가 생성되었습니다. 새로고침(F5) 해 주세요. 프롬프트 NuDE GiRL IN THE BEACH, 네거티브 프롬프트 샘플링 DPM++ 2M Karras 스타일 None - dc official App",흑인 2024.06.20 16:17:31 스크랩 조회 86 추천 0 댓글 0,0,86,2024.06.20 16:17:31,https://gall.dcinside.com/mgallery/board/view/?id=choenggu&no=1905&page=11
11,1903,[노가리],어떤 여자가 취향이냐?,"AI 이미지가 생성되었습니다. 새로고침(F5) 해 주세요. 프롬프트 female: tall_girl, female: muscle, female: big_ass 네거티브 프롬프트 샘플링 DPM++ 2M Karras 스타일 None 키와 엉덩이가 큰 여자가 좋습니다 - dc official App",하루히사랑해 2024.06.20 14:23:39 스크랩 조회 193 추천 0 댓글 0,0,193,2024.06.20 14:23:39,https://gall.dcinside.com/mgallery/board/view/?id=choenggu&no=1903&page=11
11,1900,[노가리],연습,"AI 이미지가 생성되었습니다. 새로고침(F5) 해 주세요. 프롬프트 character: suzumiya_haruhi, tag: high_quality , tag: school_uniform 네거티브 프롬프트 샘플링 DPM++ 2M Karras 스타일 None - dc official App",하루히사랑해 2024.06.20 00:24:32 스크랩 조회 104 추천 0 댓글 0,0,104,2024.06.20 00:24:32,https://gall.dcinside.com/mgallery/board/view/?id=choenggu&no=1900&page=11
11,1895,[노가리],ㄱㄱ,"AI 이미지가 생성되었습니다. 새로고침(F5) 해 주세요. 프롬프트 BoOBS, 네거티브 프롬프트 샘플링 DPM++ 2M Karras 스타일 None - dc official App",흑인 2024.06.19 14:07:40 스크랩 조회 124 추천 0 댓글 1,0,124,2024.06.19 14:07:40,https://gall.dcinside.com/mgallery/board/view/?id=choenggu&no=1895&page=11
11,1894,[노가리],오늘도,"AI 이미지가 생성되었습니다. 새로고침(F5) 해 주세요. 프롬프트 BiKINI GiRL, 네거티브 프롬프트 샘플링 DPM++ 2M Karras 스타일 None - dc official App",흑인 2024.06.18 22:57:40 스크랩 조회 128 추천 0 댓글 0,0,128,2024.06.18 22:57:40,https://gall.dcinside.com/mgallery/board/view/?id=choenggu&no=1894&page=11
11,1893,[노가리],정정식쌤 요즘 좀 많이 힘드신가보네....,ㅠㅠ,ㅇㅇ (114.200) 2024.06.18 20:53:15 스크랩 조회 403 추천 1 댓글 6,1,403,2024.06.18 20:53:15,https://gall.dcinside.com/mgallery/board/view/?id=choenggu&no=1893&page=11
11,1892,[노가리],안녕,"AI 이미지가 생성되었습니다. 새로고침(F5) 해 주세요. 프롬프트 Korean pretty woman, 네거티브 프롬프트 샘플링 DPM++ 2M Karras 스타일 None - dc official App",흑인 2024.06.17 23:42:27 스크랩 조회 126 추천 0 댓글 0,0,126,2024.06.17 23:42:27,https://gall.dcinside.com/mgallery/board/view/?id=choenggu&no=1892&page=11
11,1890,[노가리],학교가 ㅅㅂ 개 노잼이다,개병신같은 학교 처 망했으면,상어냠냠 2024.06.17 08:28:52 스크랩 조회 178 추천 4 댓글 1,4,178,2024.06.17 08:28:52,https://gall.dcinside.com/mgallery/board/view/?id=choenggu&no=1890&page=11
11,1886,[노가리],으아ㅏㅇ아ㅏ아아아아아아아아ㅏ아,다죽을거야 다죽을거야 다죽을거야 다죽을거야 다죽을거야 다죽을거야 다죽을거야 다죽을거야 다죽을거야 다죽을거야 다죽을거야 다죽을거야 다죽을거야 다죽을거야 다죽을거야 다죽을거야 다죽을거야 다죽을거야 다죽을거야 다죽을거야 다죽을거야 다죽을거야 다죽을거야 다죽을거야 다죽을거야 다죽을거야 다죽을거야 다죽을거야 다죽을거야 다죽을거야 지진이다아아ㅏ아아아아아아아아ㅏ아아ㅏ앙 - dc official App,하루에사과하나 2024.06.12 09:21:28 스크랩 조회 188 추천 2 댓글 0,2,188,2024.06.12 09:21:28,https://gall.dcinside.com/mgallery/board/view/?id=choenggu&no=1886&page=11
11,1885,[노가리],이번주부터 날씨 씨발 개매좆 같네,개씨발 JOAT,청붕이 (211.36) 2024.06.12 08:09:44 스크랩 조회 132 추천 3 댓글 0,3,132,2024.06.12 08:09:44,https://gall.dcinside.com/mgallery/board/view/?id=choenggu&no=1885&page=11
11,1884,[노가리],날씨 왜 이럼?,지구가 아픈거 같다.. 갑자기 이렇게 더워지는게 맞냐 - dc official App,하루에사과하나 2024.06.12 00:03:34 스크랩 조회 162 추천 2 댓글 1,2,162,2024.06.12 00:03:34,https://gall.dcinside.com/mgallery/board/view/?id=choenggu&no=1884&page=11
11,1883,[노가리],중앙갤 갔더니 글에서 여자 냄새나서 숨이 턱 막힘,ㄹㅇ 대학 가면 적응할 수 있을까 여자가 너무 힘들다,ㅇㅇ (49.168) 2024.06.11 23:57:06 스크랩 조회 258 추천 1 댓글 0,1,258,2024.06.11 23:57:06,https://gall.dcinside.com/mgallery/board/view/?id=choenggu&no=1883&page=11
11,1882,[노가리],1학년 영어 셤 범위 어디까지임?,ㅇㅇ,청붕이 (39.7) 2024.06.11 20:05:03 스크랩 조회 181 추천 0 댓글 3,0,181,2024.06.11 20:05:03,https://gall.dcinside.com/mgallery/board/view/?id=choenggu&no=1882&page=11
11,1881,[노가리],학교에서 배아파 뒤질것 같더라,ㅅㅂ 알고보니 장염 애미,상어냠냠 2024.06.11 17:28:38 스크랩 조회 121 추천 0 댓글 0,0,121,2024.06.11 17:28:38,https://gall.dcinside.com/mgallery/board/view/?id=choenggu&no=1881&page=11
11,1879,[노가리],내신등급이랑 모고등급이랑 차이 큰데 원래 이럼?,국영수 모고 등급이 2등급인데 내신 4등급임 원래 이래나옴? 고1임,ㅇㅇ (49.168) 2024.06.11 01:22:21 스크랩 조회 336 추천 2 댓글 4,2,336,2024.06.11 01:22:21,https://gall.dcinside.com/mgallery/board/view/?id=choenggu&no=1879&page=11
11,1878,[노가리],갤이 무슨 지 일기장이냐 ㅅㅂ,어쩌라고,청붕이 (211.36) 2024.06.09 21:08:08 스크랩 조회 396 추천 12 댓글 5,12,396,2024.06.09 21:08:08,https://gall.dcinside.com/mgallery/board/view/?id=choenggu&no=1878&page=11
11,1877,[노가리],금딸 1일차,이번엔 진짜다 - dc official App,하루히사랑해 2024.06.09 17:30:53 스크랩 조회 221 추천 0 댓글 0,0,221,2024.06.09 17:30:53,https://gall.dcinside.com/mgallery/board/view/?id=choenggu&no=1877&page=11
11,1876,[노가리],리셋,내일부터 다시 한다 - dc official App,하루히사랑해 2024.06.09 02:15:02 스크랩 조회 152 추천 0 댓글 0,0,152,2024.06.09 02:15:02,https://gall.dcinside.com/mgallery/board/view/?id=choenggu&no=1876&page=11
11,1874,[노가리],포니테일 섹시 니트 최고!!,꺄흥 - dc official App,하루히사랑해 2024.06.08 23:21:29 스크랩 조회 220 추천 1 댓글 0,1,220,2024.06.08 23:21:29,https://gall.dcinside.com/mgallery/board/view/?id=choenggu&no=1874&page=11
11,1873,[노가리],오늘 10시에 3초삭 함,기대하셈 - dc official App,하루히사랑해 2024.06.07 20:31:33 스크랩 조회 240 추천 0 댓글 3,0,240,2024.06.07 20:31:33,https://gall.dcinside.com/mgallery/board/view/?id=choenggu&no=1873&page=11
11,1872,[노가리],본인 지금 시내임,곧 호텔 들어갈 듯 - dc official App,하루히사랑해 2024.06.07 15:05:00 스크랩 조회 198 추천 1 댓글 0,1,198,2024.06.07 15:05:00,https://gall.dcinside.com/mgallery/board/view/?id=choenggu&no=1872&page=11
11,1871,[노가리],아 섹스하고싶다,내일 해야지ㅎㅎ - dc official App,하루히사랑해 2024.06.06 21:48:51 스크랩 조회 202 추천 2 댓글 0,2,202,2024.06.06 21:48:51,https://gall.dcinside.com/mgallery/board/view/?id=choenggu&no=1871&page=11
11,1870,[노가리],똥 자주 싸는 청붕인데 부탁 좀 한다,물 좀 내려라 ㅅㅂ 뚜껑 열기 두렵다.,청붕이 (116.43) 2024.06.05 00:39:20 스크랩 조회 219 추천 1 댓글 1,1,219,2024.06.05 00:39:20,https://gall.dcinside.com/mgallery/board/view/?id=choenggu&no=1870&page=11
11,1515,[노가리],안녕하세요 로갓주딱입니다 팬박스 후원자들에게 안내드립니다,"청갤주딱의 암컷일기 팬박스 후원해주시는 청붕쥬지님들께 안내말씀~♡♡ 이번 월 정기 후원자 분들이 100명에 도달하면서 팬미팅을 진행합니다~♡♡♡ 장소는 후원자 전용 글을 참고해주세요~♡ 먼저 참가해주신 후원자청붕쥬지님들께 저의 진심감사알몸도게자를 보여드리며 저를 반찬으로 써주시느라 고생하신 자지님께 하나하나 악수?회를 진행하고~ 최종적으로 1대100 코스프레 섹스팬미팅으로 마무리랍니다~♡♡ 음란암캐와의 섹스를 한 번으로 끝내시긴 아까우시겠죠? 그러니 오늘부터 2주간은 금.딸.♡ 콘돔은 No,No,No!! 질내사정 매우매우 OK!! 보지에 자지2개는 무리에요!! 보지가 망가져버려요..ㅠㅠ♡♡ 그래도 모두 만족할 수 있게 노력할테니 선착순 100명 참가하고 싶으신 분은 후원자 전용 글을 통해 신청해주세요~♡♡ 오늘도 즐거운 코코이! 오즐코! 되시며 그럼 다들 빠빠이~!",청붕이 (222.233) 2024.03.19 21:46:28 스크랩 조회 438 추천 7 댓글 5,7,438,2024.03.19 21:46:28,https://gall.dcinside.com/mgallery/board/view/?id=choenggu&no=1515&page=11
11,1868,[노가리],오 끝올 기능 모바일에서 가능해졌네,ㅆㅅㅌㅊ,상어냠냠 2024.06.03 11:47:23 스크랩 조회 143 추천 1 댓글 0,1,143,2024.06.03 11:47:23,https://gall.dcinside.com/mgallery/board/view/?id=choenggu&no=1868&page=11
11,1867,[노가리],수학여행,1박 2일 or 2박 3일 설문지줫다가 한 10분후에 설문조사 하지말라하더니 1박 2일로 확정했다하노,청붕이 (221.168) 2024.06.03 09:17:55 스크랩 조회 279 추천 2 댓글 4,2,279,2024.06.03 09:17:55,https://gall.dcinside.com/mgallery/board/view/?id=choenggu&no=1867&page=11
11,1866,[노가리],청붕이 야스 하는 중이다,굿즈 왔따리~ - dc official App,하루히사랑해 2024.06.02 19:57:16 스크랩 조회 316 추천 0 댓글 0,0,316,2024.06.02 19:57:16,https://gall.dcinside.com/mgallery/board/view/?id=choenggu&no=1866&page=11
11,1865,[노가리],주술회전 볼만하냐?,어떤 새끼가 계속 영엽해서 볼까 하는데 재밌음? - dc official App,하루히사랑해 2024.06.02 01:11:18 스크랩 조회 193 추천 2 댓글 5,2,193,2024.06.02 01:11:18,https://gall.dcinside.com/mgallery/board/view/?id=choenggu&no=1865&page=11
12,1864,[노가리],부끄러운 청구인,교육부 장관 두번째 하면서 물화생지도 모르는 자랑스런 청구인 이주호(13회 졸업생),청붕이 (221.168) 2024.05.31 16:48:06 스크랩 조회 281 추천 6 댓글 0,6,281,2024.05.31 16:48:06,https://gall.dcinside.com/mgallery/board/view/?id=choenggu&no=1864&page=12
12,1863,[노가리],내가 야스 공짜로 하는 법 알려준다,청붕아...야스는 원래 공짜야... - dc official App,하루히사랑해 2024.05.30 22:02:59 스크랩 조회 341 추천 2 댓글 0,2,341,2024.05.30 22:02:59,https://gall.dcinside.com/mgallery/board/view/?id=choenggu&no=1863&page=12
12,1862,[노가리],혹시 똥 좋아하세요?,ㅈㄱㄴ,하루히 (58.230) 2024.05.29 21:41:27 스크랩 조회 215 추천 2 댓글 1,2,215,2024.05.29 21:41:27,https://gall.dcinside.com/mgallery/board/view/?id=choenggu&no=1862&page=12
12,1861,[노가리],2차 블빵 강점기,,상어냠냠 2024.05.29 07:50:26 스크랩 조회 175 추천 1 댓글 0,1,175,2024.05.29 07:50:26,https://gall.dcinside.com/mgallery/board/view/?id=choenggu&no=1861&page=12
12,1858,[노가리],ㅅㅂ 뭐임?,밖에 구급차 뭔데 - dc official App,하루히사랑해 2024.05.27 12:02:30 스크랩 조회 298 추천 1 댓글 1,1,298,2024.05.27 12:02:30,https://gall.dcinside.com/mgallery/board/view/?id=choenggu&no=1858&page=12
12,1857,[노가리],어제 그린것,망함,상어냠냠 2024.05.26 18:22:51 스크랩 조회 228 추천 0 댓글 2,0,228,2024.05.26 18:22:51,https://gall.dcinside.com/mgallery/board/view/?id=choenggu&no=1857&page=12
12,1856,[노가리],어제 영화관 다녀왔다.,GGMU,상어냠냠 2024.05.26 18:21:25 스크랩 조회 183 추천 0 댓글 0,0,183,2024.05.26 18:21:25,https://gall.dcinside.com/mgallery/board/view/?id=choenggu&no=1856&page=12
12,1855,[노가리],3학년 공부 탑게이들 누구누구노,개명 좀 하게 시발,청붕이 (14.42) 2024.05.24 23:35:06 스크랩 조회 358 추천 0 댓글 1,0,358,2024.05.24 23:35:06,https://gall.dcinside.com/mgallery/board/view/?id=choenggu&no=1855&page=12
12,1854,[노가리],모두안녕,나 노무현 내년에 또 봅시다 - dc official App,청붕이 (222.235) 2024.05.24 00:02:27 스크랩 조회 179 추천 1 댓글 0,1,179,2024.05.24 00:02:27,https://gall.dcinside.com/mgallery/board/view/?id=choenggu&no=1854&page=12
12,1848,[노가리],✅+✅+✅+,너무 많은 사람들에게 신세를 졌다. 나로 말미암아 여러 사람이 받은 고통이 너무 크다. 앞으로 받을 고통도 헤아릴 수가 없다. 여생도 남에게 짐이 될 일밖에 없다. 건강이 좋지 않아서 아무것도 할 수가 없다. 책을 읽을 수도 글을 쓸 수도 없다. 너무 슬퍼하지 마라. 삶과 죽음이 모두 자연의 한 조각 아니겠는가? 미안해하지 마라. 누구도 원망하지 마라. 운명이다. 화장해라. 그리고 집 가까운 곳에 아주 작은 비석 하나만 남겨라. 오래된 생각이다.,상어냠냠 2024.05.23 08:03:09 스크랩 조회 189 추천 2 댓글 2,2,189,2024.05.23 08:03:09,https://gall.dcinside.com/mgallery/board/view/?id=choenggu&no=1848&page=12
12,1847,[노가리],D-1,,상어냠냠 2024.05.22 20:15:12 스크랩 조회 181 추천 2 댓글 1,2,181,2024.05.22 20:15:12,https://gall.dcinside.com/mgallery/board/view/?id=choenggu&no=1847&page=12
12,1846,[노가리],[당근 빌런] 실시간 청붕이 당황스럽다,3개월 지나서 온 연락임 내가 그렇게 찐따 같이 생겼냐 - dc official App,하루에사과하나 2024.05.20 23:54:25 스크랩 조회 448 추천 5 댓글 3,5,448,2024.05.20 23:54:25,https://gall.dcinside.com/mgallery/board/view/?id=choenggu&no=1846&page=12
12,1845,[노가리],올해 절반이 여름임,올해 대프리카 폭염이 심해질 거로 예상되고 한국 인구의 수도권 집중이 심해지듯이 지구온난화와 이상기후로 인해 앞으로 여름이 압도적으로 길어짐. 겨울(한파)이 그립네.,청붕이 (1.218) 2024.05.20 13:50:40 스크랩 조회 387 추천 74 댓글 2,74,387,2024.05.20 13:50:40,https://gall.dcinside.com/mgallery/board/view/?id=choenggu&no=1845&page=12
12,1842,[노가리],갤 개 노잼이네,ㅈㄱㄴ,청붕이 (221.142) 2024.05.19 18:30:18 스크랩 조회 167 추천 2 댓글 0,2,167,2024.05.19 18:30:18,https://gall.dcinside.com/mgallery/board/view/?id=choenggu&no=1842&page=12
12,1841,[노가리],어디든 있는 사람,박쥐같은 사람 조직에 대한 충성도가 낮고 자신의 이익에 따라 여기저기 붙기를 일삼는 사람 - dc official App,하루에사과하나 2024.05.18 20:37:47 스크랩 조회 352 추천 9 댓글 0,9,352,2024.05.18 20:37:47,https://gall.dcinside.com/mgallery/board/view/?id=choenggu&no=1841&page=12
12,1840,[노가리],주딱 형님 필요한 거 있으십니까,원하시는 거 하나 드리겠습니다 - dc official App,하루히사랑해 2024.05.18 19:28:36 스크랩 조회 205 추천 0 댓글 0,0,205,2024.05.18 19:28:36,https://gall.dcinside.com/mgallery/board/view/?id=choenggu&no=1840&page=12
12,1839,[노가리],블아빵 스티커,야 기분좋다,상어냠냠 2024.05.17 17:14:03 스크랩 조회 210 추천 3 댓글 2,3,210,2024.05.17 17:14:03,https://gall.dcinside.com/mgallery/board/view/?id=choenggu&no=1839&page=12
12,1838,[노가리],ㅇㅅ,,ㅇㅇ (223.38) 2024.05.17 16:07:53 스크랩 조회 144 추천 0 댓글 0,0,144,2024.05.17 16:07:53,https://gall.dcinside.com/mgallery/board/view/?id=choenggu&no=1838&page=12
12,1837,[노가리],아니 이새끼 누군지 아는사람,"본인 3학년 김도훈임. 친구가 브롤하다가 달려오길래 뭔데 하면서 봤는데 시발 상대방 닉네임이 ""청구고김도훈"" 1, 2학년 일 수도 있을거 같긴 한데 솔직히 말해서 ㅈㄴ 뭔가 꺼림찍함 ㅅㅂ ㅋㅋㅋ 나랑 같이 브롤한 애들 중에서도 저 닉네임 아무도 없었는데 저 닉네임 보니까 뭔가.. 뭔가임;; - dc official App",청붕이 (221.168) 2024.05.17 15:55:30 스크랩 조회 633 추천 8 댓글 3,8,633,2024.05.17 15:55:30,https://gall.dcinside.com/mgallery/board/view/?id=choenggu&no=1837&page=12
12,1835,[노가리],앙고된 발목,https://youtu.be/xDEPRsQHDLI 앙고를 돌리다 (feat. 해외축구 갤러리) #손흥민 #국뽕 #김민재  #epl 노래 불러서 보내주심 고퀄로 만들어드림zllnnuunnllz@gmail.com youtu.be ㅅㅂ...,상어냠냠 2024.05.17 07:26:21 스크랩 조회 210 추천 3 댓글 2,3,210,2024.05.17 07:26:21,https://gall.dcinside.com/mgallery/board/view/?id=choenggu&no=1835&page=12
12,1834,[노가리],쌤들 만날 생각에 도키도키 함,,221.168 2024.05.17 02:06:47 스크랩 조회 211 추천 0 댓글 0,0,211,2024.05.17 02:06:47,https://gall.dcinside.com/mgallery/board/view/?id=choenggu&no=1834&page=12
12,1833,[노가리],실시간 책 잃어버려서 학교 다시가는 병신이면 개추,씨발 ㅋㅋㅋ ㅇㄷㄴㅂㅌ,상어냠냠 2024.05.16 19:07:08 스크랩 조회 167 추천 2 댓글 0,2,167,2024.05.16 19:07:08,https://gall.dcinside.com/mgallery/board/view/?id=choenggu&no=1833&page=12
12,1832,[노가리],청붕이들아 나 내일 쌤들 찾아뵈러 학교간다,정식쿤한테 맞고있는 도야지 한마리를 본다면 나인줄 알도록,221.168 2024.05.16 17:43:36 스크랩 조회 208 추천 0 댓글 0,0,208,2024.05.16 17:43:36,https://gall.dcinside.com/mgallery/board/view/?id=choenggu&no=1832&page=12
12,1831,[노가리],D - 7,ㅈㄱㄴ,청붕이 (221.168) 2024.05.16 14:14:19 스크랩 조회 156 추천 3 댓글 0,3,156,2024.05.16 14:14:19,https://gall.dcinside.com/mgallery/board/view/?id=choenggu&no=1831&page=12
12,1830,[노가리],모두 잠1수 준비,잘 안들려요우~,상어냠냠 2024.05.16 06:26:09 스크랩 조회 152 추천 1 댓글 0,1,152,2024.05.16 06:26:09,https://gall.dcinside.com/mgallery/board/view/?id=choenggu&no=1830&page=12
12,1829,[노가리],츠루기랑 야스 하고싶다,왜 현실에는 이런 여자가 없는거지? 3D 너무 역겨워 - dc official App,하루히사랑해 2024.05.15 22:28:03 스크랩 조회 240 추천 0 댓글 1,0,240,2024.05.15 22:28:03,https://gall.dcinside.com/mgallery/board/view/?id=choenggu&no=1829&page=12
12,1828,[노가리],시내에서 재밌는거 한다,다들 집합 - dc official App,하루히사랑해 2024.05.15 16:26:22 스크랩 조회 238 추천 0 댓글 3,0,238,2024.05.15 16:26:22,https://gall.dcinside.com/mgallery/board/view/?id=choenggu&no=1828&page=12
12,1827,[노가리],그를ㄹ을릉ㅇ응 컹!!!!컹컹컹ㅋ컹!!!! 컼컹!!!!!!,크....컹컹렄ㅇ 컽컹컹오아우ㅍㅍ우펑우펍우펍우펍!!! - dc official App,하루히사랑해 2024.05.15 00:48:24 스크랩 조회 227 추천 0 댓글 0,0,227,2024.05.15 00:48:24,https://gall.dcinside.com/mgallery/board/view/?id=choenggu&no=1827&page=12
12,1826,[노가리],하루히 빨리 아무 글이나 써라,ㅈㄱㄴ,청붕이 (221.142) 2024.05.14 22:03:14 스크랩 조회 159 추천 1 댓글 2,1,159,2024.05.14 22:03:14,https://gall.dcinside.com/mgallery/board/view/?id=choenggu&no=1826&page=12
12,1825,[노가리],청붕이 야스 중이다,이게 야스지 - dc official App,하루히사랑해 2024.05.12 22:33:36 스크랩 조회 534 추천 5 댓글 0,5,534,2024.05.12 22:33:36,https://gall.dcinside.com/mgallery/board/view/?id=choenggu&no=1825&page=12
12,1823,[노가리],청구고 내신,나청붕이인데 난 생각보다 빡세다고 생각함.. 님들은 어떰?,청붕이 (39.7) 2024.05.12 17:17:28 스크랩 조회 791 추천 6 댓글 1,6,791,2024.05.12 17:17:28,https://gall.dcinside.com/mgallery/board/view/?id=choenggu&no=1823&page=12
12,1821,[노가리],동성로 축제 온 사람 있냐?,여기 은근 재밌네 특히 수유실이 마음에 듦 - dc official App,하루히사랑해 2024.05.11 12:56:53 스크랩 조회 279 추천 1 댓글 1,1,279,2024.05.11 12:56:53,https://gall.dcinside.com/mgallery/board/view/?id=choenggu&no=1821&page=12
12,1820,[노가리],[ㅇㅎ] 후방주의 - 터질듯한 우유통,빵 - dc official App,하루히사랑해 2024.05.10 22:46:37 스크랩 조회 681 추천 12 댓글 0,12,681,2024.05.10 22:46:37,https://gall.dcinside.com/mgallery/board/view/?id=choenggu&no=1820&page=12
12,1819,[노가리],키작고 여리여리한 남자애들 만나는방법 알려준다,"갤에 쇼타콘이 좀 보이길래 현실에서 만남하는방법 정리해준다ㅇㅇ 가끔 트윗이나 겜같은데 보면 우울증 심한 남자애들 여리여리한 애들 있단말임. 찾아보면 분명히있음 그런애들 친해지기도 쉽고 친해져서 여자같다 귀엽다 이런 말 계속하면 걍 진짜 정신나감 걔네 처음엔 하지마라고 싫어하다가 무덤덤해지는데 어쨌든 칭찬이니까 속으로 좋아하는거 보임 그러다 뇌 녹아서 나 여자같아요? 이렇게 묻는데 그냥 재밌음 너무 재밌음 또 강기분 교재쿠폰 같은걸로 꼬신담에 현실에서 만나서 이쁘다 이쁘다 해주면 눈 풀리는 거 보임.. 헤어지기 전에 좀 으슥한 곳 데려가서 키스해도 되냐 물어보는데 다들 ok함 오늘은 키스만 다음엔 가발 써볼래 화장 해보자 이쁘다 진짜 여자같아 텔에서 여장 시키고 펠라시키고 사랑해주면 보통 몸은 안줘도 펠라까진 쉽게 하는데 남자가 여자취급 받으면서 사랑받으면 그냥 진짜 흐물흐물 슬라임 되는 거 한순간임ㅇㅇ 다음엔 자기가 좋아서 대주고 싶어함.. 말이 이렇지 진짜 한 달? 두 달이면 이렇게 되는데 아무 성향도 없는 일반인 남자애 이렇게 마음 녹이면 걔 그거 평생 못잊음.. 헤어지고 나서도 여장판 계속 기웃거리더라 걔들.. 내가 이렇게 만든 남자애만 예닐곱은 됨 못할 짓인거 아는데 뭐 어쩌겠음.. 평범한 연애는 학생때 여자랑도, 남자랑도 많이 해봤음 근데 이런 식의 연애가 세상에서 젤 재밌더라 나는..",청붕이 (210.221) 2024.05.10 22:27:19 스크랩 조회 905 추천 11 댓글 3,11,905,2024.05.10 22:27:19,https://gall.dcinside.com/mgallery/board/view/?id=choenggu&no=1819&page=12
12,1817,[노가리],[ㅇㅎ] 후방주의 - 터질듯한 우유통,펑,청붕이 (221.168) 2024.05.10 16:22:22 스크랩 조회 561 추천 10 댓글 4,10,561,2024.05.10 16:22:22,https://gall.dcinside.com/mgallery/board/view/?id=choenggu&no=1817&page=12
12,1816,[노가리],내가 안지웠는데,응우옌 알바가 지운걸 나한테 찾아봤자 뭐 안나온다,상어냠냠 2024.05.10 10:33:38 스크랩 조회 226 추천 1 댓글 2,1,226,2024.05.10 10:33:38,https://gall.dcinside.com/mgallery/board/view/?id=choenggu&no=1816&page=12
12,1815,[노가리],꽃이 지고서야 봄인 줄 알았습니다...,LSB...오늘따라 그대가 보고 싶소... 가슴 사진 볼 때 마다 그대가 떠오릅니다... 생전에 좋아하셨던 가슴 사진 하나 올려봅니다... - dc official App,하루히사랑해 2024.05.09 21:58:57 스크랩 조회 441 추천 6 댓글 0,6,441,2024.05.09 21:58:57,https://gall.dcinside.com/mgallery/board/view/?id=choenggu&no=1815&page=12
12,1814,[노가리],내 글 왜 지워졌노?,주딱이 지움? - dc official App,하루히사랑해 2024.05.09 11:24:57 스크랩 조회 188 추천 2 댓글 0,2,188,2024.05.09 11:24:57,https://gall.dcinside.com/mgallery/board/view/?id=choenggu&no=1814&page=12
12,1813,[노가리],얘들아 내가 번호 추천해준다,2244777  <--1화 번호 2610623  <--2화 번호 진짜 씹명작이다 안보면 인생 절반 손해 봄 - dc official App,하루히사랑해 2024.05.08 22:13:53 스크랩 조회 295 추천 2 댓글 3,2,295,2024.05.08 22:13:53,https://gall.dcinside.com/mgallery/board/view/?id=choenggu&no=1813&page=12
12,1810,[노가리],아니 이 개새들아,비추 왤케 많아 - dc official App,하루히사랑해 2024.05.06 00:03:51 스크랩 조회 493 추천 0 댓글 16,0,493,2024.05.06 00:03:51,https://gall.dcinside.com/mgallery/board/view/?id=choenggu&no=1810&page=12
12,1808,[노가리],3d프린팅 불법 무기 다들 아냐?,"나 총 구조도 같은거 그리는거 좋아하고 예전에 프린팅으로 너프건 만들어서 가지고 논 경험도 있는데 오늘도 구조도 그리면서 문득 생각난게 활대없는 석궁정도면 3d프린터로 만들수 있지 않을까?라는 생각이 듬 총이야 화약이나 실탄 구하는게 문제고 만든다 한들 몇번 쏴버리면 발사장치가 약해서 고장나버리거든? 근데 석궁은 아니잖아 화살만 있음 되는거고 화살도 심하게 망가지는게 아니라면 재사용이 가능하니깐 활대야 탄성력 부여하려고 하는거니깐 무기 자체의 길이를 늘려버리면 활대없이도 충분히 탄성력 늘려서 살상력 높이고 정확도 올릴수있거든 그리고 진짜 만든다면야 스댕관 하고 스프링 정도면 충분할것 같음 너프건도 사실 좀만 다듬으면 불법무기가 되잖음 이런경우에 다들 어케 생각함? 난 개인적으로 법적으로 제제해야할것 같은데 프린팅은 모델링 다운받는것도 있지만 순전히 개인이 만드는 경우도 있거든 나만해도 마음만 먹음 한 일주일만 주면 구조도부터 프린팅, 조립까지 다 할수있을것 같은데? 프린터 있으면 사실상 불법무기 못막는다고 봐야하지 않나? 이러면 총같은 무기를 단속하면 오히려 시민 안전이 더 위험해지는거 아닌가? 미국이야 누가 총질해도 대응이 가능하지 한국에서 누가 원거리 무기로 쏴갈겨보셈 주위에 짱돌던지는거 말고 반격이 가능한가? 갑자기 궁금해져서 적어봄",청붕이 (39.121) 2024.05.05 02:35:13 스크랩 조회 230 추천 1 댓글 1,1,230,2024.05.05 02:35:13,https://gall.dcinside.com/mgallery/board/view/?id=choenggu&no=1808&page=12
12,1807,[노가리],5월 10일 디지스트 축제,,청붕이 (114.71) 2024.05.03 17:57:32 스크랩 조회 203 추천 1 댓글 0,1,203,2024.05.03 17:57:32,https://gall.dcinside.com/mgallery/board/view/?id=choenggu&no=1807&page=12
12,1806,[노가리],후루베,율하율하,ㅇㅇ (223.39) 2024.05.03 15:30:31 스크랩 조회 196 추천 0 댓글 0,0,196,2024.05.03 15:30:31,https://gall.dcinside.com/mgallery/board/view/?id=choenggu&no=1806&page=12
12,1805,[노가리],체육대회 요약,ㅋㅋ,청붕이 (118.235) 2024.05.03 13:43:22 스크랩 조회 310 추천 3 댓글 0,3,310,2024.05.03 13:43:22,https://gall.dcinside.com/mgallery/board/view/?id=choenggu&no=1805&page=12
12,1804,[노가리],작년 물리 ㄱㅇㅇ쌤 어디가심?,안보이시네 - dc official App,청붕이 (123.214) 2024.05.03 01:26:19 스크랩 조회 312 추천 0 댓글 1,0,312,2024.05.03 01:26:19,https://gall.dcinside.com/mgallery/board/view/?id=choenggu&no=1804&page=12
12,1803,[노가리],이창준이창준이창준이창준이창준이창준이창준이창준이창준이창준이창준이창준,이창준이창준이창준이창준이창준이창준이창준이창준이창준이창준이창준이창준이창준이창준이창준이창준이창준이창준이창준이창준이창준이창준이창준이창준이창준이창준이창준이창준이창준이창준이창준이창준이창준이창준이창준이창준이창준이창준이창준이창준이창준이창준이창준이창준이창준이창준이창준이창준이창준이창준이창준이창준이창준이창준이창준이창준이창준이창준이창준이창준이창준이창준이창준이창준이창준이창준이창준이창준이창준이창준이창준이창준이창준이창준이창준이창준이창준이창준이창준이창준이창준이창준이창준이창준이창준이창준이창준이창준이창준이창준이창준이창준이창준이창준이창준이창준이창준이창준이창준이창준이창준이창준이창준이창준이창준이창준이창준이창준이창준이창준이창준이창준이창준이창준이창준이창준이창준이창준이창준이창준이창준이창준이창준이창준이창준이창준이창준이창준이창준이창준이창준이창준이창준이창준이창준이창준이창준이창준이창준이창준이창준이창준이창준이창준이창준이창준이창준이창준이창준이창준이창준이창준이창준이창준이창준이창준이창준이창준이창준이창준이창준이창준이창준이창준이창준이창준이창준이창준이창준이창준이창준이창준이창준이창준이창준이창준이창준이창준이창준이창준이창준이창준이창준이창준이창준이창준이창준이창준이창준이창준이창준이창준이창준이창준이창준이창준이창준이창준이창준이창준이창준이창준이창준이창준이창준이창준이창준이창준이창준이창준이창준이창준이창준이창준이창준이창준이창준이창준이창준이창준이창준이창준이창준이창준이창준이창준이창준이창준이창준이창준이창준이창준이창준이창준이창준이창준이창준이창준이창준이창준이창준이창준이창준이창준이창준이창준이창준이창준이창준이창준이창준이창준이창준이창준이창준이창준이창준이창준이창준이창준이창준이창준이창준이창준이창준이창준이창준이창준이창준이창준이창준이창준이창준이창준이창준이창준이창준이창준이창준이창준이창준이창준이창준이창준이창준이창준이창준이창준이창준이창준이창준이창준이창준이창준이창준이창준이창준이창준이창준이창준이창준이창준이창준이창준이창준이창준이창준이창준이창준이창준이창준이창준이창준이창준이창준이창준이창준이창준이창준이창준이창준이창준이창준이창준이창준이창준이창준이창준이창준이창준이창준이창준이창준이창준이창준이창준이창준이창준이창준이창준이창준이창준이창준이창준이창준이창준이창준이창준이창준이창준이창준이창준이창준이창준이창준이창준이창준이창준이창준이창준이창준이창준이창준이창준이창준이창준이창준이창준이창준이창준이창준이창준이창준이창준이창준이창준이창준이창준이창준이창준이창준이창준이창준이창준이창준이창준이창준이창준이창준이창준이창준이창준이창준이창준이창준이창준이창준이창준이창준이창준이창준이창준이창준이창준이창준이창준이창준이창준이창준이창준이창준이창준이창준이창준이창준이창준이창준이창준이창준이창준이창준이창준이창준이창준이창준이창준이창준이창준이창준이창준이창준이창준이창준이창준이창준이창준이창준이창준이창준이창준이창준이창준이창준이창준이창준이창준이창준이창준이창준이창준이창준이창준이창준이창준이창준이창준이창준이창준이창준이창준이창준이창준이창준이창준이창준이창준이창준이창준이창준이창준이창준이창준이창준이창준이창준이창준이창준이창준이창준이창준이창준이창준이창준이창준이창준이창준이창준이창준이창준이창준이창준이창준이창준이창준이창준이창준이창준이창준이창준이창준이창준이창준이창준이창준이창준이창준이창준이창준이창준이창준이창준이창준이창준이창준이창준이창준이창준이창준이창준이창준이창준이창준이창준이창준이창준이창준이창준이창준이창준이창준이창준이창준이창준이창준이창준이창준이창준이창준이창준이창준이창준이창준이창준이창준이창준이창준이창준이창준이창준이창준이창준이창준이창준이창준이창준이창준이창준이창준이창준이창준이창준이창준이창준이창준이창준이창준이창준이창준이창준이창준이창준이창준이창준이창준이창준이창준이창준이창준이창준이창준이창준이창준이창준이창준이창준이창준이창준이창준이창준이창준이창준이창준이창준이창준이창준이창준이창준이창준이창준이창준이창준이창준이창준이창준이창준이창준이창준이창준이창준이창준이창준이창준이창준이창준이창준이창준이창준이창준이창준이창준이창준이창준이창준이창준이창준이창준이창준이창준이창준이창준이창준이창준이창준이창준이창준이창준이창준이창준이창준이창준이창준이창준이창준이창준이창준이창준이창준이창준이창준이창준이창준이창준이창준이창준이창준이창준이창준이창준이창준이창준이창준이창준이창준이창준이창준이창준이창준이창준이창준이창준이창준이창준이창준이창준이창준이창준이창준이창준이창준이창준이창준이창준이창준이창준이창준이창준이창준이창준이창준이창준이창준이창준이창준이창준이창준이창준이창준이창준이창준이창준이창준이창준이창준이창준이창준이창준이창준이창준이창준이창준이창준이창준이창준이창준이창준이창준이창준이창준이창준이창준,정신타격봉 2024.05.02 12:07:19 스크랩 조회 399 추천 4 댓글 0,4,399,2024.05.02 12:07:19,https://gall.dcinside.com/mgallery/board/view/?id=choenggu&no=1803&page=12
12,1801,[노가리],QNA,Q: 키 큼? A: 작아요 Q: 조건임? A: 아님 Q: 왜 글삭했노? A: 학교에서 제 정체를 찾으려는 애들이 좀 있더라고요. 다행히 아직 제 얘기는 안나왔는데 손모양 보고 찾는 거 보고 놀라서 지웠어요. Q: QNA 왜 함? A: 그야... - dc official App,하루히사랑해 2024.05.01 14:05:47 스크랩 조회 308 추천 0 댓글 0,0,308,2024.05.01 14:05:47,https://gall.dcinside.com/mgallery/board/view/?id=choenggu&no=1801&page=12
12,1797,[노가리],1학년 통사 1등급컷 100이라는데 맞음?,ㅈㄱㄴ,ㅇㅇ (220.89) 2024.04.30 18:18:32 스크랩 조회 511 추천 5 댓글 1,5,511,2024.04.30 18:18:32,https://gall.dcinside.com/mgallery/board/view/?id=choenggu&no=1797&page=12
12,1796,[노가리],하루히,,ㅇㅇ (211.235) 2024.04.30 17:00:34 스크랩 조회 238 추천 4 댓글 1,4,238,2024.04.30 17:00:34,https://gall.dcinside.com/mgallery/board/view/?id=choenggu&no=1796&page=12
13,1793,[노가리],보통 2학년 사탐 1등급 컷이 얼마나 됨?,한 90후반 나옴?,청붕이 (180.224) 2024.04.30 15:38:19 스크랩 조회 248 추천 0 댓글 2,0,248,2024.04.30 15:38:19,https://gall.dcinside.com/mgallery/board/view/?id=choenggu&no=1793&page=13
13,1792,[노가리],영어 시원하게 말아먹었다 ㅋㅋㅋㅋㅋㅋ,"41점이면 5,6등급 나오겠지?",ㅇㅇ (220.89) 2024.04.30 14:26:24 스크랩 조회 211 추천 0 댓글 2,0,211,2024.04.30 14:26:24,https://gall.dcinside.com/mgallery/board/view/?id=choenggu&no=1792&page=13
13,1791,[노가리],시험 소신발언한다 씨발련들아 ㅋ 전교회장...,"반갑다 씹탱년들아 오늘도 밥똥딸 밥똥딸 하며 살아가고 있는 너희들과 달리 고3인 나는 오늘 시험을 보게 되었다. 오늘은 영어시험 난이도에 대해서 소신발언과 마지막에는 전교회장의 문제에 대해서 언급하도록 하겠다. 먼저 영어다 이 시발 어마이 터진 과목은 하필 우리가 고3일때 지뢰를 설치할 목적으로 엄마없는 난이도로 문제를 내버렸다. 박ㅊ, 정ㅅㄱ, 신ㄱㅎ 이 적폐세력 개놈들이 그냥 수시충한테 문제로 칼을 들이밀었다 ""ㅋㅋ 서술형 문제를 보고도 아직!!도 운지를 안한 새끼가 있어? ㅋㅋ"" 급의 수시 죽이기가 들어가버렸는데 사실상 지ㅇㅅ >>>> 김ㅅㅇ 등등 몇몇의 바케모노들을 빼면 사실상 모두가 0점이기때문에 오히려 변별력이 사라져버렸다 그래서 어제 공부안하고 밥롤딸 조진 앰생 백수 (본인포함) 이 개 새끼들이 미친 효율을 뽑아 버렸다 박ㅊ, 정ㅅㄱ, 신ㄱㅎ 이 새끼들이.... 고맙다이기야 ㅋㅋ 다음은 설승환급의 1인 적폐세력 전교회장(이름모름) 에 대한 글이다 이 ㅅㄲ는... 사실 뭘 잘못한건잔 모르겠지만 아무튼 이진학에게 대들지 않았음으로 둘다 똑같은 좌파 ㅅㄲ다 사실 전교조회장 <------ 이진학의 사주를 받고 아이들을 꾀어내어 전교회장 자리에 앉은다음 마치 삼권중 입법부와 사법부가 손을 잡은것과 같이 그 누구도 대항을 하지 못하도록 해버린것이다. 정말 무섭지 않은가 마치 마이콜을 닮은 친근한 외모와 순진한듯한 이미지로 아무것도 모르는 청붕이들을 꾀어내어 정권을 먹어버렸다. 누누히 말하지만 만약 기호 1번이 당선됐다? 이미 이진학은 청구고 앞 대로변 전봇대에 발가벗겨진채로 대롱대롱 매달려 광주폭도들의 돌을 맞는 전두환처럼 몽둥이 찜질을 당하고 있었을 것이다. 모두 내가 사죄하겠다 전교회장 후보 투표를 잘못한 내 잘못이다. 대구도 무작정 2번이라고 찍지말고 다른 후보도 보는 넓은 시야를 가질 필요가 있다. 홍카콜라 화이팅 - dc official App",ㄹㅇㄷㅅㄹㅋㄸㄴㅅ (222.235) 2024.04.30 13:45:44 스크랩 조회 981 추천 16 댓글 27,16,981,2024.04.30 13:45:44,https://gall.dcinside.com/mgallery/board/view/?id=choenggu&no=1791&page=13
13,1790,[노가리],남은 시험도 화이팅,힘내봅시다,청붕이 (218.150) 2024.04.30 00:41:04 스크랩 조회 135 추천 2 댓글 0,2,135,2024.04.30 00:41:04,https://gall.dcinside.com/mgallery/board/view/?id=choenggu&no=1790&page=13
13,1789,[노가리],갤로그 방문자수가 늘어나는 이유,갤로그 방문자수는 한 번 올라가면 취소할 수 없음 이는 마치 한 번 뚫으면 사라지는 여성의 처녀막과 유사함 인간의 기본적인 욕구 중 하나인 정복욕을 충족시키기 위해서 나의 흔적을 남겨 그 사람을 더럽히고 내 것으로 만들고 싶다는 감정으로부터 유발되는 행위로 추측됨 한 마디로 갤로그 방문은 일종의 강간이라고 볼 수 있다,상어냠냠 2024.04.29 23:24:01 스크랩 조회 264 추천 2 댓글 0,2,264,2024.04.29 23:24:01,https://gall.dcinside.com/mgallery/board/view/?id=choenggu&no=1789&page=13
13,1788,[노가리],국어 80점 후반이면 몇등급임?,80점 중반은 몇등급임 ??,ㅇㅇ (49.168) 2024.04.29 22:44:40 스크랩 조회 658 추천 0 댓글 1,0,658,2024.04.29 22:44:40,https://gall.dcinside.com/mgallery/board/view/?id=choenggu&no=1788&page=13
13,1787,[노가리],하루히 QNA합니다,학교에서 내 얘기가 좀 나오길래 한번 해봅니다 답은 수요일에 올릴겠습니다 - dc official App,하루히사랑해 2024.04.29 22:42:43 스크랩 조회 268 추천 3 댓글 3,3,268,2024.04.29 22:42:43,https://gall.dcinside.com/mgallery/board/view/?id=choenggu&no=1787&page=13
13,1786,[노가리],ssul)오늘 비둘기 잡았음,급식실 앞에서 비둘기 들고있던 그새끼 맞다 발 양쪽에 실 엉켜서 발가락 하나는 괴사하고 나머지도 괴사 진행중이길래 점심때 나온 뿌셔뿌셔로 유인한다음에 위에서 덮쳐서 잡았음 비둘기 참새 직박구리 외가리 잡던 짬밥 어디안가죠? 다친 다리 때문에 밥도 재대로 못먹어서 배도 많이 고팠는지 경계심도 거의 없길래 손쉽게 잡았다 발에 엉킨 실 다 풀어줬는데 얼마나 꽉 묶여있던건지 푸는데 개고생했다 아 어떤 쌤인진 모르겠는데 다른반쌤이 비둘기 다리 잡아주셔서 그나마 쉽게 풀수있었음 묶인실 싹다 풀어서 다 잘라내고 풀어주니 뒤도 안돌아보고 도망치더라ㅋㅋ 그래도 집가면서 풀어준 구구새끼 봤는데 잘 걸어다니던데 잘살았음 좋겠음 나중에 박씨 물고오면 인증한다,청붕이 (223.39) 2024.04.29 22:04:55 스크랩 조회 266 추천 3 댓글 1,3,266,2024.04.29 22:04:55,https://gall.dcinside.com/mgallery/board/view/?id=choenggu&no=1786&page=13
13,1784,[노가리],이새끼 뭐냐????,https://m.dcinside.com/board/onepieceblood/2191230 시험지에 로순이 - 원피스 버닝블러드 마이너 갤러리 와정말요  - dc official App m.dcinside.com 이기이기 청구고 시험지아니노????,청붕이 (118.45) 2024.04.29 14:39:04 스크랩 조회 270 추천 3 댓글 2,3,270,2024.04.29 14:39:04,https://gall.dcinside.com/mgallery/board/view/?id=choenggu&no=1784&page=13
13,1782,[노가리],치타는 지금 웃고있다..,사진보면 뭐가 느껴지냐? 빠르다고 하는 경주견이라고 해봐야 야생의 치타에게는 고작 개일뿐이다. 몇초 늦게 출발하더라도 우월한 차이로 따돌릴 수 있는 아예 종자가 다른 놈이다. 치타는 그저 가만히 앉아서 고고하게 관망하고 있을뿐이다. 다른 놈들이 아무리 날뛰어봐야 치타앞의 경주견일뿐 .. 결국 최강자는 치타가 될게 뻔하다. 치타는 밸런스를 위해.. 경기의 흥을 위해.. 잠시 쉬어주는것뿐.. 이제 출발한다 경주장의 치타가... 다른 경주견들은 직감적으로 긴장하기 시작했다... 치ㅡ타 - dc official App,하루히사랑해 2024.04.28 17:35:34 스크랩 조회 259 추천 0 댓글 5,0,259,2024.04.28 17:35:34,https://gall.dcinside.com/mgallery/board/view/?id=choenggu&no=1782&page=13
13,1781,[노가리],전체 시험범위 어디서 봄?,홈페이지에도 없던데,청붕이 (211.58) 2024.04.27 02:00:56 스크랩 조회 159 추천 0 댓글 1,0,159,2024.04.27 02:00:56,https://gall.dcinside.com/mgallery/board/view/?id=choenggu&no=1781&page=13
13,1780,[노가리],한기대 소개합니다,한국기술교육대학교 추천합니다,ㅇㅇ (211.235) 2024.04.27 00:00:56 스크랩 조회 157 추천 1 댓글 0,1,157,2024.04.27 00:00:56,https://gall.dcinside.com/mgallery/board/view/?id=choenggu&no=1780&page=13
13,1779,[노가리],작년 1학년 중간고사 답지 어디서 볼 수 있음?,도서관가도 없던데,ㅇㅇ (220.89) 2024.04.26 18:25:28 스크랩 조회 363 추천 5 댓글 6,5,363,2024.04.26 18:25:28,https://gall.dcinside.com/mgallery/board/view/?id=choenggu&no=1779&page=13
13,1778,[노가리],총공격이다,레이드 ㄱ,청붕이 (223.39) 2024.04.26 18:23:56 스크랩 조회 213 추천 3 댓글 1,3,213,2024.04.26 18:23:56,https://gall.dcinside.com/mgallery/board/view/?id=choenggu&no=1778&page=13
13,1777,[노가리],애들아...,시험은 범죄다 시험 거부하자,상어냠냠 2024.04.25 20:21:33 스크랩 조회 167 추천 2 댓글 0,2,167,2024.04.25 20:21:33,https://gall.dcinside.com/mgallery/board/view/?id=choenggu&no=1777&page=13
13,1776,[노가리],으으..,노무노무 힘들다..,청붕이 (221.168) 2024.04.25 08:53:28 스크랩 조회 173 추천 1 댓글 1,1,173,2024.04.25 08:53:28,https://gall.dcinside.com/mgallery/board/view/?id=choenggu&no=1776&page=13
13,1775,[노가리],너무너무 무섭다..,창문 밖에 이거 뭐임??,청붕이 (221.168) 2024.04.25 08:04:43 스크랩 조회 291 추천 6 댓글 2,6,291,2024.04.25 08:04:43,https://gall.dcinside.com/mgallery/board/view/?id=choenggu&no=1775&page=13
13,1774,[노가리],시험 기간인데 이건 못참는다 ㄹㅇ,너무 재밌노,청붕이 (218.150) 2024.04.25 00:34:58 스크랩 조회 222 추천 3 댓글 1,3,222,2024.04.25 00:34:58,https://gall.dcinside.com/mgallery/board/view/?id=choenggu&no=1774&page=13
13,1773,[노가리],졸업한지 4년된 선배다,"그냥 예전생각나서 청구고 인터넷에 쳐보다가 여기까지왔다 생각나는 담임선생님이랑 교과선생님 계시는데 박인규쌤, 이해진쌤 , 이윤진쌤, 서지은쌤, 이철희쌤, 손주헌쌤 이분들 잘계시나? 4년지난 지금 바로 떠오르는 참선생님들 이시다.",ㅇㅇㅇ (218.150) 2024.04.24 23:30:23 스크랩 조회 581 추천 8 댓글 4,8,581,2024.04.24 23:30:23,https://gall.dcinside.com/mgallery/board/view/?id=choenggu&no=1773&page=13
13,1769,[노가리],ㅅㅂ 무슨일인교,이 미친놈들이 뭔 짓을 한거야,상어냠냠 2024.04.23 18:58:58 스크랩 조회 265 추천 2 댓글 0,2,265,2024.04.23 18:58:58,https://gall.dcinside.com/mgallery/board/view/?id=choenggu&no=1769&page=13
13,1767,[노가리],뭐야 왜 글 다 내렸어,하루히 어디감?,청붕이 (221.168) 2024.04.23 18:01:02 스크랩 조회 182 추천 0 댓글 0,0,182,2024.04.23 18:01:02,https://gall.dcinside.com/mgallery/board/view/?id=choenggu&no=1767&page=13
13,1766,[노가리],하루히<<<얘는 뭐하는 새끼임?,진짜 ㅈㄴ 궁금하네,청붕이 (221.168) 2024.04.23 17:53:31 스크랩 조회 270 추천 1 댓글 2,1,270,2024.04.23 17:53:31,https://gall.dcinside.com/mgallery/board/view/?id=choenggu&no=1766&page=13
13,1765,[노가리],ㅈ같다 시발 진짜..,오다가 어깨빵 당했다,청붕이 (221.168) 2024.04.23 17:48:12 스크랩 조회 268 추천 3 댓글 1,3,268,2024.04.23 17:48:12,https://gall.dcinside.com/mgallery/board/view/?id=choenggu&no=1765&page=13
13,1764,[노가리],담배,담배 좀 끊어라 왜 이렇게 많이 피노 그리고 담배 피고 왔으면 냄새 안나게 잘 좀 하자 제발 좀!,청붕이 (220.122) 2024.04.22 21:08:43 스크랩 조회 226 추천 1 댓글 1,1,226,2024.04.22 21:08:43,https://gall.dcinside.com/mgallery/board/view/?id=choenggu&no=1764&page=13
13,1763,[노가리],오랜만에 글쓴다,"이 씹탱년들아 지금 내가 봤을때 청구고는 좆망했다. 최근 있었던 전교회장 투표에서 기호1번과 기호2 번이 있었제? 으아따 대구사람은 역시 2찍이랑께요 메타로 2찍 했는데 전교회장<——— 이새끼 진지하게 하는게 없다 사실 1번 뽑혔으면 1번 임마는 할말 다 하고 사는 성격이니까 이진학한테 다이렉트로 민원 꽂았을거 같은데 지금 전교회장은 자기 귀찮아 질까봐 애들이 민원 꼽을라 하면 ""일단 좀 기다려 봐라"" 이 자세로 방관하고 있음 일단 전교회장 탄핵부터 실시해야한다고 생각한다. 민규형님도 가시고 나도 어언 3학년이 되었구나 공부하러 간다 씹탱년들아. 그리고 청구고 쓸 예정이면 절대 오지마라 약간 국권 박탈당해서 허겁지겁 구조물 쌓아올린 나라 보는거 같다. 수능 여기서 치는 게이 있으면 재수를 축하한다 여기 의자랑 책상에 수능 당일날 적응은 사실상 불가능하니 포기하고 재수를 선택해라. - dc official App",라이딩시로코땀냄새 2024.04.22 20:50:17 스크랩 조회 333 추천 2 댓글 2,2,333,2024.04.22 20:50:17,https://gall.dcinside.com/mgallery/board/view/?id=choenggu&no=1763&page=13
13,1755,[노가리],전에 로갓주딱 글이 진짜 개꼴렸는데,요즘은 이런 인재가 없나...글카1스 마렵네,상어냠냠 2024.04.17 08:03:15 스크랩 조회 249 추천 1 댓글 2,1,249,2024.04.17 08:03:15,https://gall.dcinside.com/mgallery/board/view/?id=choenggu&no=1755&page=13
13,1754,[노가리],아니 시발 요즘 운 왜이래,화장실 가는곳마다 막혀있냐 ㅅㅂ,상어냠냠 2024.04.17 08:02:12 스크랩 조회 140 추천 0 댓글 0,0,140,2024.04.17 08:02:12,https://gall.dcinside.com/mgallery/board/view/?id=choenggu&no=1754&page=13
13,1749,[노가리],진실을..인양하라.!!,윤정부. 대체 뭘 숨기고 있는ㅡ.거냐. 진실을. 인양 하라,노란리본 (211.235) 2024.04.16 07:57:39 스크랩 조회 158 추천 1 댓글 2,1,158,2024.04.16 07:57:39,https://gall.dcinside.com/mgallery/board/view/?id=choenggu&no=1749&page=13
13,1746,[노가리],주딱이 모쏠찐따노잼병신이라 죄송합니다,끼잉끼잉 학교가 떡밥이 없어 뭐 할수가 없었습니다요... 사죄의 알몸도게자 박습니다요(퍼온거),상어냠냠 2024.04.15 19:13:55 스크랩 조회 205 추천 0 댓글 1,0,205,2024.04.15 19:13:55,https://gall.dcinside.com/mgallery/board/view/?id=choenggu&no=1746&page=13
13,1743,[노가리],LSB사랑해 < 새삼 대단하면 개추ㅋㅋ,인마 나가니까 바로 갤뒤짐ㅋㅋ,청붕이 (223.39) 2024.04.15 01:29:49 스크랩 조회 276 추천 8 댓글 2,8,276,2024.04.15 01:29:49,https://gall.dcinside.com/mgallery/board/view/?id=choenggu&no=1743&page=13
13,1740,[노가리],눈팅은 함,근데 졸업한지 좀 돼서 쓸 글이 없는데요,ㅇㅇ (114.200) 2024.04.12 23:13:15 스크랩 조회 143 추천 0 댓글 0,0,143,2024.04.12 23:13:15,https://gall.dcinside.com/mgallery/board/view/?id=choenggu&no=1740&page=13
13,1736,[노가리],이미 여론만 봐도 끝났네,12명 투표 9대3으로 청구중이랑 통합은 기각하겠슨,상어냠냠 2024.04.12 13:27:41 스크랩 조회 188 추천 0 댓글 1,0,188,2024.04.12 13:27:41,https://gall.dcinside.com/mgallery/board/view/?id=choenggu&no=1736&page=13
13,1735,[노가리],청구중 통합 투표하겠습니다,,상어냠냠 2024.04.11 21:49:03 스크랩 조회 265 추천 1 댓글 1,1,265,2024.04.11 21:49:03,https://gall.dcinside.com/mgallery/board/view/?id=choenggu&no=1735&page=13
13,1729,[노가리],나라가 다시 돌아오고 있는건데 뭔 나라를 잃어,일베충들아 ㅉㅉㅉ 정신이들어?,청붕이 (221.168) 2024.04.11 08:27:27 스크랩 조회 126 추천 1 댓글 1,1,126,2024.04.11 08:27:27,https://gall.dcinside.com/mgallery/board/view/?id=choenggu&no=1729&page=13
13,1726,[노가리],야이 씨발놈들아,우린 나라를 잃었어 이제부터 여권챙기고 서울가라,상어냠냠 2024.04.10 20:01:51 스크랩 조회 216 추천 2 댓글 0,2,216,2024.04.10 20:01:51,https://gall.dcinside.com/mgallery/board/view/?id=choenggu&no=1726&page=13
13,1725,[노가리],느그들 이쁜거 보고가라,밀수 좃같네,청붕이 (39.121) 2024.04.10 19:42:16 스크랩 조회 338 추천 1 댓글 3,1,338,2024.04.10 19:42:16,https://gall.dcinside.com/mgallery/board/view/?id=choenggu&no=1725&page=13
13,1723,[노가리],내일 투표일이구나,투표 가능한 청붕이들은 소신껏 투표해라 당당하게 밖에서 나 일찍남이야 외치고 다녀라 지가 병신행동한걸 왜 부끄러워하노 할꺼면 당당하게 알겠지?,상어냠냠 2024.04.09 18:57:46 스크랩 조회 135 추천 3 댓글 2,3,135,2024.04.09 18:57:46,https://gall.dcinside.com/mgallery/board/view/?id=choenggu&no=1723&page=13
13,1721,[노가리],등교길에 발목나갔네,무관귀신의 저주가 또...시발,상어냠냠 2024.04.08 08:04:55 스크랩 조회 197 추천 1 댓글 1,1,197,2024.04.08 08:04:55,https://gall.dcinside.com/mgallery/board/view/?id=choenggu&no=1721&page=13
13,1720,[노가리],메디컬 스카이 몇명 보냄?,?,ㅇㅇ (49.168) 2024.04.08 02:09:44 스크랩 조회 244 추천 0 댓글 1,0,244,2024.04.08 02:09:44,https://gall.dcinside.com/mgallery/board/view/?id=choenggu&no=1720&page=13
13,1713,[노가리],학교 관심있는데 설명좀,학교어떰,청붕이 (211.235) 2024.04.05 19:53:09 스크랩 조회 230 추천 1 댓글 3,1,230,2024.04.05 19:53:09,https://gall.dcinside.com/mgallery/board/view/?id=choenggu&no=1713&page=13
13,1711,[노가리],학교 왜 오지 말라고 하는거임?,왜그럼?,청붕이 (211.235) 2024.04.05 15:19:48 스크랩 조회 160 추천 0 댓글 0,0,160,2024.04.05 15:19:48,https://gall.dcinside.com/mgallery/board/view/?id=choenggu&no=1711&page=13
13,1710,[노가리],1학년이랑 2학년이랑 먼일있냐?,다들 왤케 화났노,청붕이 (221.168) 2024.04.05 13:55:55 스크랩 조회 242 추천 0 댓글 0,0,242,2024.04.05 13:55:55,https://gall.dcinside.com/mgallery/board/view/?id=choenggu&no=1710&page=13
13,1709,[노가리],여기 학교 급식이랑 시설 어떠냐,궁금,청붕이 (211.235) 2024.04.05 11:49:09 스크랩 조회 218 추천 0 댓글 2,0,218,2024.04.05 11:49:09,https://gall.dcinside.com/mgallery/board/view/?id=choenggu&no=1709&page=13
13,1707,[노가리],공동교육과정하는 애들,다른 학교에서 하러오는 여자애들 이쁘냐? 여자애들 좀 있던데 누가 이쁘더냐 - dc official App,ㅋㄹ (223.39) 2024.04.04 21:04:00 스크랩 조회 240 추천 0 댓글 1,0,240,2024.04.04 21:04:00,https://gall.dcinside.com/mgallery/board/view/?id=choenggu&no=1707&page=13
13,1706,[노가리],파딱 안오노,,청붕이 (223.62) 2024.04.04 12:47:14 스크랩 조회 143 추천 0 댓글 2,0,143,2024.04.04 12:47:14,https://gall.dcinside.com/mgallery/board/view/?id=choenggu&no=1706&page=13
13,1703,[노가리],공사장 아재들 욕먹어서 글쓴다,공사장 아재들은 까라고 까서 하는거고 실상은 청구고랑 공사업체 대금 납부 문제로 공사 딜레이 걸려서 컨테이너 대여비 추가로 나가고 공사는 공사대로 마무리 못해서 그런거임 컨테이너 대여비 쓴다고 지금 청구고 돈없어서 청구재단에 돈 달라고 요청하고 승인받아서 스마트 칠판 단거 진짜 청구고는 레전드 고트임ㅋㅋㅋ,청붕이 (39.121) 2024.04.03 22:07:13 스크랩 조회 207 추천 2 댓글 0,2,207,2024.04.03 22:07:13,https://gall.dcinside.com/mgallery/board/view/?id=choenggu&no=1703&page=13
13,1702,[노가리],교장쌤한테 자율동 물어봤는데,동아리 담당쌤에게 물어보래 내일 가서 물어봐야지,청붕이 (39.121) 2024.04.03 22:02:02 스크랩 조회 204 추천 0 댓글 0,0,204,2024.04.03 22:02:02,https://gall.dcinside.com/mgallery/board/view/?id=choenggu&no=1702&page=13
13,1701,[노가리],코드할꺼면 댓글만하든가,ip차단하지 뭔글까지 코드여,ㅇㅇ (58.124) 2024.04.03 21:48:16 스크랩 조회 100 추천 0 댓글 1,0,100,2024.04.03 21:48:16,https://gall.dcinside.com/mgallery/board/view/?id=choenggu&no=1701&page=13
13,1700,[노가리],에휴 그냥 코드 해제한다,그냥 한명 어그로 끄는건데 놔둘거 그랬나 보다 그냥 재밌게 놀아라,상어냠냠 2024.04.03 21:32:07 스크랩 조회 152 추천 1 댓글 0,1,152,2024.04.03 21:32:07,https://gall.dcinside.com/mgallery/board/view/?id=choenggu&no=1700&page=13
13,1699,[노가리],갤망했노,코드뭐냐 탈갤한다,ㅇㅇ (58.124) 2024.04.03 21:25:02 스크랩 조회 109 추천 0 댓글 1,0,109,2024.04.03 21:25:02,https://gall.dcinside.com/mgallery/board/view/?id=choenggu&no=1699&page=13
14,1698,[노가리],노무현,노무현,ㅇㅇ (211.235) 2024.04.03 16:09:48 스크랩 조회 120 추천 3 댓글 0,3,120,2024.04.03 16:09:48,https://gall.dcinside.com/mgallery/board/view/?id=choenggu&no=1698&page=14
14,1689,[노가리],공사장 ㅇㅁㄷㅈ?,이 개 거지 버러지년들이 방학때 쳐 끝낼것이지 왜 지금까지 끌면서 공사하고 제대로 하지도 못함??? ㅈㅎ이 어마이 없나 이가루 뭔데 와서빨아먹어라 진학아 공사하는 개거지새끼들 가루 봐놓도도 그냥 가던데 ㅋㅋㅋ ㅈㅎ이 고추빨고싶네,청붕이 (118.235) 2024.04.03 13:01:36 스크랩 조회 384 추천 9 댓글 12,9,384,2024.04.03 13:01:36,https://gall.dcinside.com/mgallery/board/view/?id=choenggu&no=1689&page=14
14,1686,[노가리],망갤테스트,ㄷㄷㅊ,ㅇㅇ (223.39) 2024.04.03 07:50:51 스크랩 조회 127 추천 0 댓글 1,0,127,2024.04.03 07:50:51,https://gall.dcinside.com/mgallery/board/view/?id=choenggu&no=1686&page=14
14,1685,[노가리],기가쌤 왈 23학년도 2주이내 폰압수한다,1학년으로 테스트하고 23학년들은 1주나 2주뒤 거두는거 확정이라는데 물어보니까 걍 학교규정이라는 듯 지금까지 풀어준건 코로나 때문이라고 함 기가쌤도 폰압 찬성했고 교장쌤이 먼저 거두자고 한듯..,ㅇㅇ (180.71) 2024.04.03 02:11:46 스크랩 조회 215 추천 3 댓글 1,3,215,2024.04.03 02:11:46,https://gall.dcinside.com/mgallery/board/view/?id=choenggu&no=1685&page=14
14,1684,[노가리],점심시간에 논다고 욕먹음ㅋㅋ,어메뒤진 선생들이와서 시끄럽다고 쿠사리 존나줌.. 다른반 애들이 지랄하는건데 애미..,ㅇㅇ (180.71) 2024.04.03 02:07:20 스크랩 조회 209 추천 0 댓글 2,0,209,2024.04.03 02:07:20,https://gall.dcinside.com/mgallery/board/view/?id=choenggu&no=1684&page=14
14,1682,[노가리],씨발아,용과 씨발아 파인애플은 냉해먹고 씨발아 못하는듯,청붕이 (39.121) 2024.04.02 22:53:00 스크랩 조회 163 추천 0 댓글 0,0,163,2024.04.02 22:53:00,https://gall.dcinside.com/mgallery/board/view/?id=choenggu&no=1682&page=14
14,1679,[노가리],1학년은 폰압수다,이게다 어메뒤진 23학년 때문이다,ㅇㅇ (180.71) 2024.04.02 21:00:44 스크랩 조회 209 추천 1 댓글 2,1,209,2024.04.02 21:00:44,https://gall.dcinside.com/mgallery/board/view/?id=choenggu&no=1679&page=14
14,1678,[노가리],나도 뭐 떡밥 돌려서 갤 돌려야하는데,이...뭔 일이 안생긴다 아이가 떡밥이 없다 떡밥이. 핸드폰 압수 안해가냐,상어냠냠 2024.04.02 20:35:33 스크랩 조회 134 추천 0 댓글 3,0,134,2024.04.02 20:35:33,https://gall.dcinside.com/mgallery/board/view/?id=choenggu&no=1678&page=14
14,1677,[노가리],내가 뭘 해야하냐,전주딱이 하루히 파딱준거 부터가 힘좀 쓰라는건데 함 제대로 터뜨려봐라,상어냠냠 2024.04.02 19:41:44 스크랩 조회 129 추천 3 댓글 2,3,129,2024.04.02 19:41:44,https://gall.dcinside.com/mgallery/board/view/?id=choenggu&no=1677&page=14
14,1673,[노가리],갤 뒤졌네,- dc official App,청붕이 (223.39) 2024.04.02 17:03:43 스크랩 조회 89 추천 0 댓글 0,0,89,2024.04.02 17:03:43,https://gall.dcinside.com/mgallery/board/view/?id=choenggu&no=1673&page=14
14,1671,[노가리],한명 죽든 말든 알빠노 ㅋㅋ,어차피 망갤인데,ㅇㅇ (114.200) 2024.04.01 14:13:11 스크랩 조회 147 추천 3 댓글 0,3,147,2024.04.01 14:13:11,https://gall.dcinside.com/mgallery/board/view/?id=choenggu&no=1671&page=14
14,1669,[노가리],뒤진지 얼마나 됐다고 벌써 그리워해 ㅁㅊ놈들아,죽은 사람은 걍 잊어라,상어냠냠 2024.04.01 08:07:31 스크랩 조회 222 추천 3 댓글 0,3,222,2024.04.01 08:07:31,https://gall.dcinside.com/mgallery/board/view/?id=choenggu&no=1669&page=14
14,1667,[노가리],속보,lsb사라짐ㄷㄷ,청붕이 (223.39) 2024.04.01 03:55:29 스크랩 조회 132 추천 0 댓글 0,0,132,2024.04.01 03:55:29,https://gall.dcinside.com/mgallery/board/view/?id=choenggu&no=1667&page=14
14,1666,[노가리],실시간 학교 교장 바뀐다 공지떴다!!!,만우절 이야 애들아,상어냠냠 2024.04.01 00:01:00 스크랩 조회 331 추천 1 댓글 2,1,331,2024.04.01 00:01:00,https://gall.dcinside.com/mgallery/board/view/?id=choenggu&no=1666&page=14
14,1665,[노가리],망고키우는 파딱 봐라,"씨앗으로 레몬, 망고 키우기 씨앗으로 레몬과 망고 기르기 재료 아래의 재료가 필요합니다. 필요한 재료 : 레몬, 망고, 포트분, 과산화... m.blog.naver.com 말로 설명하면 너무 복잡해서 이거 보고 심으셈 이제 뿌리 났으면 저거 따라서 심고 부패 안하게 물관리 잘하셈",청붕이 (39.121) 2024.03.31 21:12:27 스크랩 조회 221 추천 0 댓글 0,0,221,2024.03.31 21:12:27,https://gall.dcinside.com/mgallery/board/view/?id=choenggu&no=1665&page=14
14,1661,[노가리],페북하는 청구고 쌤들,ㄱㅅㅇ쌤 ㄱㅅㄱ쌤 ㅂㅈㅇ쌤 ㅅㄱㅎ쌤 ㅇㅎㅇ쌤 ㅇㅎㅈ쌤 ㄱㅈㅅ쌤 ㅇㄷㅇ쌤 ㅇㅈㅎ쌤 ㄱㅁㅅ쌤,청구조커 (119.18) 2024.03.31 17:17:00 스크랩 조회 441 추천 4 댓글 0,4,441,2024.03.31 17:17:00,https://gall.dcinside.com/mgallery/board/view/?id=choenggu&no=1661&page=14
14,1659,[노가리],청구의 봄 시작합니다,싹다 진압시켜,상어냠냠 2024.03.31 01:21:57 스크랩 조회 186 추천 0 댓글 0,0,186,2024.03.31 01:21:57,https://gall.dcinside.com/mgallery/board/view/?id=choenggu&no=1659&page=14
14,1653,[노가리],2학년들한테 왤케 화낫노 다들,그정도임?,청붕이 (223.39) 2024.03.29 09:30:32 스크랩 조회 177 추천 1 댓글 0,1,177,2024.03.29 09:30:32,https://gall.dcinside.com/mgallery/board/view/?id=choenggu&no=1653&page=14
14,1652,[노가리],ㅅㅂ 정체불명의 먼지 ㅇㅈㄹㅋㅋㅋ,이게 학교냐,정신타격봉 2024.03.29 08:20:02 스크랩 조회 299 추천 8 댓글 0,8,299,2024.03.29 08:20:02,https://gall.dcinside.com/mgallery/board/view/?id=choenggu&no=1652&page=14
14,1651,[노가리],ㅅㅅㅎ쌤 닮은 배우,이 배우 내가 최근에 본 고려거란전쟁 이라는 kbs대하사극에 나온 소배압역의 김준배임.,장난농담쟁이 (119.18) 2024.03.28 23:19:42 스크랩 조회 368 추천 8 댓글 1,8,368,2024.03.28 23:19:42,https://gall.dcinside.com/mgallery/board/view/?id=choenggu&no=1651&page=14
14,1649,[노가리],청구파티시엘,지금 고3들이 고1때 올린 꿈빛파티시엘 챌린지영상있음.,청구짱아 (119.18) 2024.03.28 23:10:24 스크랩 조회 163 추천 4 댓글 2,4,163,2024.03.28 23:10:24,https://gall.dcinside.com/mgallery/board/view/?id=choenggu&no=1649&page=14
14,1645,[노가리],소신발언) 솔직히 2학년 별로 안 이상함,만나본 2학년이라고 해봤자 동아리에서 본 선배들밖에 없어서 내가 만난 2학년이 다 착했던 걸 수도 있지만 적어도 내가 만난 선배들은 다 나한테 잘해줬음 - dc official App,하루히사랑해 2024.03.28 19:01:27 스크랩 조회 227 추천 1 댓글 0,1,227,2024.03.28 19:01:27,https://gall.dcinside.com/mgallery/board/view/?id=choenggu&no=1645&page=14
14,1643,[노가리],기초반 과목별로 내는거냐 아니면 종합해서 내는거냐,ㅇㅇ,ㅇㅇ (193.148) 2024.03.28 18:32:06 스크랩 조회 112 추천 0 댓글 0,0,112,2024.03.28 18:32:06,https://gall.dcinside.com/mgallery/board/view/?id=choenggu&no=1643&page=14
14,1642,[노가리],인스타하는 쌤들,ㅇㅎㅇ쌤-수학수업(칠판필서) woo_hw ㄱㅁㅅ쌤-골프가 취미임. minseock_8 ㅇㅈㅅ쌤 ljs_ ㄱㅈㅅ쌤 bugi0411 ㅅㅈㅎ쌤 juheon_s,청구짱구 (1.218) 2024.03.28 16:58:32 스크랩 조회 837 추천 8 댓글 6,8,837,2024.03.28 16:58:32,https://gall.dcinside.com/mgallery/board/view/?id=choenggu&no=1642&page=14
14,1641,[노가리],3모 개좆같농,와 ㅆ발 공부좀 해야겠다 ㄹㅇ 대학 갈수는 있나,상어냠냠 2024.03.28 16:57:42 스크랩 조회 170 추천 1 댓글 2,1,170,2024.03.28 16:57:42,https://gall.dcinside.com/mgallery/board/view/?id=choenggu&no=1641&page=14
14,1638,[노가리],나 3학년인데 1학년들이 2학년까는거 합법이라 생각한다ㅋㅋ,19년간의 빅데이터에 의하면  황금돼지띠들 싸가지 존내없음ㅋㅋ - dc official App,ㅇㅇ (175.223) 2024.03.28 01:30:03 스크랩 조회 338 추천 7 댓글 3,7,338,2024.03.28 01:30:03,https://gall.dcinside.com/mgallery/board/view/?id=choenggu&no=1638&page=14
14,1637,[노가리],파딱 중에 3모 점수 내기할 사람 있음?,뜨자 - dc official App,하루히사랑해 2024.03.27 23:00:07 스크랩 조회 127 추천 0 댓글 0,0,127,2024.03.27 23:00:07,https://gall.dcinside.com/mgallery/board/view/?id=choenggu&no=1637&page=14
14,1634,[노가리],근데 파딱들 졸업하면 어케되냐,후배들한테 넘겨줘야겠노 주딱처럼 망령이 되고싶지는 않으니,상어냠냠 2024.03.27 22:46:26 스크랩 조회 158 추천 0 댓글 2,0,158,2024.03.27 22:46:26,https://gall.dcinside.com/mgallery/board/view/?id=choenggu&no=1634&page=14
14,1632,[노가리],다시 생각해도 2학년은 좆병신새끼들임,퍼센트 82까지 되서 공고갈 애미없는 새끼들이어서 그런지 싸가지 존나없음 그리고 시발 2학년 애네는 정박아만 모아둠? 밥먹을떄 존나흘려서 ㄹㅇ개씹더러움.. 흘렸으면 좀 치우고 가던가 애비도없어서 예의를 배우질 않았나,청붕이 (180.71) 2024.03.27 16:59:23 스크랩 조회 316 추천 9 댓글 0,9,316,2024.03.27 16:59:23,https://gall.dcinside.com/mgallery/board/view/?id=choenggu&no=1632&page=14
14,1631,[노가리],교무실 엎는다,담임 말로는 교장새끼가 먼저 폰 걷자고 말했고 선생새끼들이 폰걷는데 동의 많이했단다 원래 교장실 엎을려고 했는데 교무실로 바꾼다 일단 노무현 사진 존나뽑아서 뿌린다,청붕이 (180.71) 2024.03.27 16:43:46 스크랩 조회 451 추천 7 댓글 10,7,451,2024.03.27 16:43:46,https://gall.dcinside.com/mgallery/board/view/?id=choenggu&no=1631&page=14
14,1627,[노가리],2학년 새끼들 싸가지가없노,이새끼들 1학년한테 말하는꼬라지 뭐냐,청붕이 (211.234) 2024.03.27 14:23:36 스크랩 조회 189 추천 2 댓글 0,2,189,2024.03.27 14:23:36,https://gall.dcinside.com/mgallery/board/view/?id=choenggu&no=1627&page=14
14,1626,[노가리],청붕게이들 새로온 음악쌤 어떻노?,ㅇㅇ,청붕이 (221.168) 2024.03.27 14:18:12 스크랩 조회 257 추천 0 댓글 1,0,257,2024.03.27 14:18:12,https://gall.dcinside.com/mgallery/board/view/?id=choenggu&no=1626&page=14
14,1625,[노가리],119.18은 아이피좀 바꿔라,그냥 차단이 답인가,상어냠냠 2024.03.27 09:46:56 스크랩 조회 169 추천 0 댓글 1,0,169,2024.03.27 09:46:56,https://gall.dcinside.com/mgallery/board/view/?id=choenggu&no=1625&page=14
14,1623,[노가리],오자가 청구의 전통이노?,담임 진짜 애미없노,야갤러 (223.39) 2024.03.27 08:20:44 스크랩 조회 301 추천 5 댓글 2,5,301,2024.03.27 08:20:44,https://gall.dcinside.com/mgallery/board/view/?id=choenggu&no=1623&page=14
14,1622,[노가리],미쳐버린 청구고 학생,ㅇㅈㅎ때문에 미쳐버린 모습이다,상어냠냠 2024.03.27 07:29:46 스크랩 조회 614 추천 8 댓글 4,8,614,2024.03.27 07:29:46,https://gall.dcinside.com/mgallery/board/view/?id=choenggu&no=1622&page=14
14,1620,[노가리],교장쌤,교장쌤 탄핵시키고 싶다,청사리 (119.18) 2024.03.26 23:25:30 스크랩 조회 432 추천 12 댓글 24,12,432,2024.03.26 23:25:30,https://gall.dcinside.com/mgallery/board/view/?id=choenggu&no=1620&page=14
14,1619,[노가리],고3게이들 많냐?,학교에서 유빈 아카이브 이거 유명함? ㅋㅋㅋㅋ,ㅇㅇ (114.200) 2024.03.26 22:25:30 스크랩 조회 338 추천 0 댓글 3,0,338,2024.03.26 22:25:30,https://gall.dcinside.com/mgallery/board/view/?id=choenggu&no=1619&page=14
14,1614,[노가리],학교 화장실 왜자꾸 막히냐,이런 개씨발 장실 진짜,상어냠냠 2024.03.26 12:30:54 스크랩 조회 126 추천 0 댓글 0,0,126,2024.03.26 12:30:54,https://gall.dcinside.com/mgallery/board/view/?id=choenggu&no=1614&page=14
14,1613,[노가리],담 모의고사 언제냐,모두 운지준비~,상어냠냠 2024.03.26 10:13:10 스크랩 조회 137 추천 0 댓글 2,0,137,2024.03.26 10:13:10,https://gall.dcinside.com/mgallery/board/view/?id=choenggu&no=1613&page=14
14,1610,[노가리],금수저고 자시고 그지들만 버스타지,역시 갈라치기는 통구이가 제맛 ㅋㅋ,상어냠냠 2024.03.26 08:54:27 스크랩 조회 145 추천 0 댓글 1,0,145,2024.03.26 08:54:27,https://gall.dcinside.com/mgallery/board/view/?id=choenggu&no=1610&page=14
14,1605,[노가리],애초에 금수저가 버스를 탐??,진짜 모름,청붕이 (221.168) 2024.03.25 17:40:44 스크랩 조회 138 추천 0 댓글 1,0,138,2024.03.25 17:40:44,https://gall.dcinside.com/mgallery/board/view/?id=choenggu&no=1605&page=14
14,1604,[노가리],청구고 금수저 특,724탐ㅋㅋ,청붕이 (223.39) 2024.03.25 13:13:11 스크랩 조회 466 추천 6 댓글 1,6,466,2024.03.25 13:13:11,https://gall.dcinside.com/mgallery/board/view/?id=choenggu&no=1604&page=14
14,1601,[노가리],요즘 고딩들의 장점,나때는 문이과 구별이 너무 심해서 내같은 경우 이과라서 내가 좋아하는 한국지리를 수업시간에 듣지 못해서 ㄱ아쉬웠지만 요즘 고딩들은 문이과 구별 없이 탐구과목을 이과라도 문과과목을 들을 수 있어 부럽네.,청사리라 (119.18) 2024.03.25 01:14:51 스크랩 조회 166 추천 4 댓글 0,4,166,2024.03.25 01:14:51,https://gall.dcinside.com/mgallery/board/view/?id=choenggu&no=1601&page=14
14,1600,[노가리],중앙갤 눈팅 좀 재밌노,나도 여자 좀 보면 안되노?,ㅇㅇ (49.168) 2024.03.24 22:45:15 스크랩 조회 179 추천 1 댓글 1,1,179,2024.03.24 22:45:15,https://gall.dcinside.com/mgallery/board/view/?id=choenggu&no=1600&page=14
14,1598,[노가리],요즘 나도 명문고 부심 부리고 싶다,이미 늦었지만,ㅇㅇ (49.168) 2024.03.24 22:35:09 스크랩 조회 121 추천 0 댓글 0,0,121,2024.03.24 22:35:09,https://gall.dcinside.com/mgallery/board/view/?id=choenggu&no=1598&page=14
14,1597,[노가리],청구 수준 대구에서 몇프로 정도임?,또 명성은 어떰 혹시 좀 어른들은 청구 좀 괜찮은 학교라 생각할수도있지않을까,ㅇㅇ (49.168) 2024.03.24 22:33:36 스크랩 조회 318 추천 0 댓글 0,0,318,2024.03.24 22:33:36,https://gall.dcinside.com/mgallery/board/view/?id=choenggu&no=1597&page=14
14,1595,[노가리],만촌동은 수성구 아니더냐?,아오.,상어냠냠 2024.03.24 20:35:27 스크랩 조회 220 추천 0 댓글 2,0,220,2024.03.24 20:35:27,https://gall.dcinside.com/mgallery/board/view/?id=choenggu&no=1595&page=14
14,1594,[노가리],518이 왜 흙수저임 묻는애들 특ㅋㅋ,동구삼,청붕이 (27.176) 2024.03.24 20:34:24 스크랩 조회 194 추천 0 댓글 1,0,194,2024.03.24 20:34:24,https://gall.dcinside.com/mgallery/board/view/?id=choenggu&no=1594&page=14
14,1593,[노가리],518 타고다니는 병신새끼들 아닥해라,내버스 씨발 놓이면 23분 걸리는 경우도 있으니깐 아닥해라 쌍련들아,ㅇㅇ (39.121) 2024.03.24 20:00:52 스크랩 조회 182 추천 0 댓글 1,0,182,2024.03.24 20:00:52,https://gall.dcinside.com/mgallery/board/view/?id=choenggu&no=1593&page=14
14,1592,[노가리],기초반? 질문,3모 못보면 걸린다는데 기초반에 과학도 있냐 있으면 ㄹㅇ 잣되는데,청붕이 (118.45) 2024.03.24 18:30:39 스크랩 조회 125 추천 0 댓글 1,0,125,2024.03.24 18:30:39,https://gall.dcinside.com/mgallery/board/view/?id=choenggu&no=1592&page=14
15,1591,[노가리],하 벌써 일요일이누,내일이면 또 518타고 학교갈거 생각하니 개ㅁㅈㅎ네,상어냠냠 2024.03.24 13:40:52 스크랩 조회 140 추천 1 댓글 2,1,140,2024.03.24 13:40:52,https://gall.dcinside.com/mgallery/board/view/?id=choenggu&no=1591&page=15
15,1589,[노가리],쌤 질문,ㅂㅇㄱ쌤 ㅇㄸ,청붕이 (58.227) 2024.03.23 23:17:34 스크랩 조회 188 추천 0 댓글 0,0,188,2024.03.23 23:17:34,https://gall.dcinside.com/mgallery/board/view/?id=choenggu&no=1589&page=15
15,1588,[노가리],청구 영어,ㅇㅈㅇ쌤 시험 스타일 ㅇㄸ? 어려움?,청붕이 (58.227) 2024.03.23 22:33:12 스크랩 조회 234 추천 0 댓글 3,0,234,2024.03.23 22:33:12,https://gall.dcinside.com/mgallery/board/view/?id=choenggu&no=1588&page=15
15,1587,[노가리],심화반,심화반 선정기준 뭐임? 심화반 들어가면 뭐가 좋음? 청구1학년에 쌤들 누가 좋음? 다 알려주세용 형아들,청붕이 (58.227) 2024.03.23 22:32:08 스크랩 조회 274 추천 2 댓글 6,2,274,2024.03.23 22:32:08,https://gall.dcinside.com/mgallery/board/view/?id=choenggu&no=1587&page=15
15,1586,[노가리],518이 왜 흙수저임?,(진짜 모름),청붕이 (222.238) 2024.03.23 22:30:28 스크랩 조회 193 추천 0 댓글 2,0,193,2024.03.23 22:30:28,https://gall.dcinside.com/mgallery/board/view/?id=choenggu&no=1586&page=15
15,1585,[노가리],슬슬 부활 하고싶은데,차단해지요청 어떻게 함? 찾아봐도 모르겠네,청붕이 (210.183) 2024.03.23 19:06:34 스크랩 조회 122 추천 0 댓글 1,0,122,2024.03.23 19:06:34,https://gall.dcinside.com/mgallery/board/view/?id=choenggu&no=1585&page=15
15,1583,[노가리],청구고 흙수저 특징,518타고 등하교함ㅋㅋ,청붕이 (223.38) 2024.03.23 11:46:25 스크랩 조회 390 추천 5 댓글 1,5,390,2024.03.23 11:46:25,https://gall.dcinside.com/mgallery/board/view/?id=choenggu&no=1583&page=15
15,1582,[정보],지금 와파 비번 아는사람 있냐,ㅇㅇ - dc official App,ㅇㅇ (106.101) 2024.03.22 08:31:03 스크랩 조회 283 추천 0 댓글 4,0,283,2024.03.22 08:31:03,https://gall.dcinside.com/mgallery/board/view/?id=choenggu&no=1582&page=15
15,1579,[노가리],뭔 ㅈ목임?,1주일전까지만 해도 다망해가는거 글쓴거다,정신타격봉 2024.03.21 16:36:29 스크랩 조회 163 추천 0 댓글 1,0,163,2024.03.21 16:36:29,https://gall.dcinside.com/mgallery/board/view/?id=choenggu&no=1579&page=15
15,1578,[노가리],이파리고 자시고 좆목할 생각없다,시발 받자마자 갤 망하기 직전인데 좆목도킹은 게이도 아니고 왜하냐 이 갤 다시 살린다 힘내라 교장아 더 좆같은 정책을 내줘,상어냠냠 2024.03.21 16:28:46 스크랩 조회 118 추천 0 댓글 0,0,118,2024.03.21 16:28:46,https://gall.dcinside.com/mgallery/board/view/?id=choenggu&no=1578&page=15
15,1576,[노가리],화장실 왜 다 막혀있냐,ㅅㅂ 어디서 싸지 반에서 싸야겠노,상어냠냠 2024.03.21 13:41:54 스크랩 조회 126 추천 0 댓글 0,0,126,2024.03.21 13:41:54,https://gall.dcinside.com/mgallery/board/view/?id=choenggu&no=1576&page=15
15,1575,[노가리],이파리 ㅇㅈㄹ 할꺼면 3명이서 좆목해라,ㅇㅇ,ㅇㅇ (221.168) 2024.03.21 11:07:53 스크랩 조회 138 추천 0 댓글 2,0,138,2024.03.21 11:07:53,https://gall.dcinside.com/mgallery/board/view/?id=choenggu&no=1575&page=15
15,1573,[노가리],갤 망하기 직전이노,세돌이들 떡밥 그만돌리고 학교 재밌는 떡밥 안터지나 ㄹㅇ 마렵노 폰압수 같은거,상어냠냠 2024.03.21 09:40:56 스크랩 조회 121 추천 0 댓글 0,0,121,2024.03.21 09:40:56,https://gall.dcinside.com/mgallery/board/view/?id=choenggu&no=1573&page=15
15,1572,[노가리],기습버거짤,ㅈㄱㄴ,정신타격봉 2024.03.21 06:56:01 스크랩 조회 133 추천 1 댓글 1,1,133,2024.03.21 06:56:01,https://gall.dcinside.com/mgallery/board/view/?id=choenggu&no=1572&page=15
15,1571,[노가리],학교 가는 길에 누가 구토했노,길바닥에 무슨 메시팬 인증을 ㅗㅜㅑ,청붕이 (211.36) 2024.03.21 06:28:01 스크랩 조회 157 추천 0 댓글 0,0,157,2024.03.21 06:28:01,https://gall.dcinside.com/mgallery/board/view/?id=choenggu&no=1571&page=15
15,1570,[노가리],이곳은 이파리들이 정복한다,파딱이랑 주딱이랑 같이 이세돌보자,정신타격봉 2024.03.21 00:18:50 스크랩 조회 120 추천 0 댓글 1,0,120,2024.03.21 00:18:50,https://gall.dcinside.com/mgallery/board/view/?id=choenggu&no=1570&page=15
15,1569,[노가리],이파리들이 갤 먹었노,대.황 스/텔 달려야하나,상어냠냠 2024.03.20 22:59:09 스크랩 조회 94 추천 0 댓글 0,0,94,2024.03.20 22:59:09,https://gall.dcinside.com/mgallery/board/view/?id=choenggu&no=1569&page=15
15,1568,[노가리],귀여운 릴파땅 보고가시요,심장이 바운스 바운스 두군대,정신타격봉 2024.03.20 22:05:51 스크랩 조회 108 추천 2 댓글 0,2,108,2024.03.20 22:05:51,https://gall.dcinside.com/mgallery/board/view/?id=choenggu&no=1568&page=15
15,1567,[노가리],주딱아 개섹시커여운 배경화면 공유해,내가 조금 보정했어 내 현 배경화면 비챤은 ㄱㅇㅇ,정신타격봉 2024.03.20 22:01:10 스크랩 조회 134 추천 1 댓글 1,1,134,2024.03.20 22:01:10,https://gall.dcinside.com/mgallery/board/view/?id=choenggu&no=1567&page=15
15,1565,[노가리],개빡친 주딱 기분풀리는 영상,https://youtu.be/OrFyzG5yTC4 ?si=1qSGHyi8NEkhaNq5 Kissing You(키싱유) 이세계아이돌 COVERㅣ[소녀시대 - Kissing You(키싱유)] (ISEGYE IDOL) Kissing You(키싱유) 이세계아이돌 COVERㅣ[소녀시대 - Kissing You(키싱유)] (ISEGYE IDOL)[왁타버스 채널은]이세계아이돌과 우왁굳의 고정멤버 그리고 왁타버스 세계관의 영상들이올라오는 곳입니다.[서브채널]왁타버스 ZERO : https://www.yo... youtu.be ㅇㄱㄹㅇ ㅋㅋㅋ,상어냠냠 2024.03.20 16:00:33 스크랩 조회 155 추천 0 댓글 1,0,155,2024.03.20 16:00:33,https://gall.dcinside.com/mgallery/board/view/?id=choenggu&no=1565&page=15
15,1563,[노가리],주딱<<남고딩 사랑꾼ㅋㅋㅋ,ㅋㅋㅋ,ㅇㅇ (211.234) 2024.03.20 15:15:48 스크랩 조회 130 추천 0 댓글 2,0,130,2024.03.20 15:15:48,https://gall.dcinside.com/mgallery/board/view/?id=choenggu&no=1563&page=15
15,1562,[노가리],주딱 저새끼 졸업했는데 여기 왜있노 ㅋㅋ,저새끼는 저나이 처먹고도 고등학교 갤에 처박혀있노 ㅋㅋ 혹시 취향이 남고딩임?,ㅇㅇ (211.234) 2024.03.20 15:13:56 스크랩 조회 119 추천 0 댓글 1,0,119,2024.03.20 15:13:56,https://gall.dcinside.com/mgallery/board/view/?id=choenggu&no=1562&page=15
15,1560,[노가리],투표 안할거면 ㄱㅊㅋㅋ,ㅇㄷㄴㅂㅌ,ㅇㅇ (211.234) 2024.03.20 15:11:07 스크랩 조회 82 추천 1 댓글 0,1,82,2024.03.20 15:11:07,https://gall.dcinside.com/mgallery/board/view/?id=choenggu&no=1560&page=15
15,1559,[노가리],주딱<<< 대체 누구냐,ㄹㅇ궁금하노,ㅇㅇ (211.234) 2024.03.20 15:09:03 스크랩 조회 107 추천 0 댓글 1,0,107,2024.03.20 15:09:03,https://gall.dcinside.com/mgallery/board/view/?id=choenggu&no=1559&page=15
15,1557,[노가리],안되겠다 최종병기 '할',완장 기장좀 잡아야겠노,ㅇㅇ (211.234) 2024.03.20 15:04:06 스크랩 조회 107 추천 0 댓글 2,0,107,2024.03.20 15:04:06,https://gall.dcinside.com/mgallery/board/view/?id=choenggu&no=1557&page=15
15,1555,[노가리],주딱<<< 이새끼 뭐함?,이런 이벤트하는데 갤에 오지도 않노 ㅋㅋ,ㅇㅇ (211.234) 2024.03.20 15:01:34 스크랩 조회 98 추천 0 댓글 1,0,98,2024.03.20 15:01:34,https://gall.dcinside.com/mgallery/board/view/?id=choenggu&no=1555&page=15
15,1554,[노가리],ㅂㅂㅂㅂ,ㅇㅇ,ㅇㅇ (211.234) 2024.03.20 14:56:43 스크랩 조회 72 추천 0 댓글 0,0,72,2024.03.20 14:56:43,https://gall.dcinside.com/mgallery/board/view/?id=choenggu&no=1554&page=15
15,1553,[노가리],카이산 카이산,ㅇㅇ,ㅇㅇ (211.234) 2024.03.20 14:54:09 스크랩 조회 64 추천 0 댓글 0,0,64,2024.03.20 14:54:09,https://gall.dcinside.com/mgallery/board/view/?id=choenggu&no=1553&page=15
15,1552,[노가리],오늘만큼은 1번남 간다,111 가자,청붕이 (221.168) 2024.03.20 14:54:04 스크랩 조회 128 추천 0 댓글 0,0,128,2024.03.20 14:54:04,https://gall.dcinside.com/mgallery/board/view/?id=choenggu&no=1552&page=15
15,1551,[노가리],이제뭐함?,ㅇ,ㅇㅇ (211.234) 2024.03.20 14:52:52 스크랩 조회 63 추천 0 댓글 0,0,63,2024.03.20 14:52:52,https://gall.dcinside.com/mgallery/board/view/?id=choenggu&no=1551&page=15
15,1550,[노가리],완 ㅋㅋ,ㅋㅋㅋ,ㅇㅇ (211.234) 2024.03.20 14:52:00 스크랩 조회 55 추천 0 댓글 0,0,55,2024.03.20 14:52:00,https://gall.dcinside.com/mgallery/board/view/?id=choenggu&no=1550&page=15
15,1549,[노가리],응 투표안해 ㅋㅋㅋㅋㅋ,ㅋㅋㅋㅋ,ㅇㅇ (211.234) 2024.03.20 14:51:23 스크랩 조회 68 추천 0 댓글 0,0,68,2024.03.20 14:51:23,https://gall.dcinside.com/mgallery/board/view/?id=choenggu&no=1549&page=15
15,1548,[노가리],끝났노 ㅋㅋ,ㅋㅋ,ㅇㅇ (211.234) 2024.03.20 14:50:44 스크랩 조회 65 추천 0 댓글 0,0,65,2024.03.20 14:50:44,https://gall.dcinside.com/mgallery/board/view/?id=choenggu&no=1548&page=15
15,1546,[노가리],카나비 입갤ㅋㅋㅋ,ㅋㅋ,ㅇㅇ (211.234) 2024.03.20 14:50:00 스크랩 조회 97 추천 0 댓글 0,0,97,2024.03.20 14:50:00,https://gall.dcinside.com/mgallery/board/view/?id=choenggu&no=1546&page=15
15,1545,[노가리],또축대회,시발 꺼저,ㅇㅇ (211.234) 2024.03.20 14:49:30 스크랩 조회 68 추천 0 댓글 0,0,68,2024.03.20 14:49:30,https://gall.dcinside.com/mgallery/board/view/?id=choenggu&no=1545&page=15
15,1544,[노가리],뭐 없노 애는,나름 호감인듯 ㅋㅋ,ㅇㅇ (211.234) 2024.03.20 14:48:21 스크랩 조회 78 추천 0 댓글 0,0,78,2024.03.20 14:48:21,https://gall.dcinside.com/mgallery/board/view/?id=choenggu&no=1544&page=15
15,1543,[노가리],시발 30초 좆같네,ㅇ,ㅇㅇ (211.234) 2024.03.20 14:47:43 스크랩 조회 72 추천 0 댓글 0,0,72,2024.03.20 14:47:43,https://gall.dcinside.com/mgallery/board/view/?id=choenggu&no=1543&page=15
15,1542,[노가리],얘는 공약 외워왔네,앞에 애들이랑은 확싱히 다르다,청붕이 (221.168) 2024.03.20 14:47:36 스크랩 조회 94 추천 0 댓글 0,0,94,2024.03.20 14:47:36,https://gall.dcinside.com/mgallery/board/view/?id=choenggu&no=1542&page=15
15,1541,[노가리],애가 잔잔하노ㅋㅋ,ㅋㅋ,ㅇㅇ (211.234) 2024.03.20 14:47:04 스크랩 조회 68 추천 0 댓글 0,0,68,2024.03.20 14:47:04,https://gall.dcinside.com/mgallery/board/view/?id=choenggu&no=1541&page=15
15,1540,[노가리],급식실에서 시끄럽게 하는 새끼 누구임?,그 새끼는 안뽑는다,청붕이 (221.168) 2024.03.20 14:46:52 스크랩 조회 155 추천 0 댓글 3,0,155,2024.03.20 14:46:52,https://gall.dcinside.com/mgallery/board/view/?id=choenggu&no=1540&page=15
15,1539,[노가리],시발 폰압한다고?,애미,ㅇㅇ (211.234) 2024.03.20 14:45:24 스크랩 조회 109 추천 0 댓글 0,0,109,2024.03.20 14:45:24,https://gall.dcinside.com/mgallery/board/view/?id=choenggu&no=1539&page=15
15,1538,[노가리],니가 명함이노 ㅋㅋ,ㅋㅋ,ㅇㅇ (211.234) 2024.03.20 14:44:38 스크랩 조회 71 추천 0 댓글 0,0,71,2024.03.20 14:44:38,https://gall.dcinside.com/mgallery/board/view/?id=choenggu&no=1538&page=15
15,1537,[노가리],폰압수 반대 ㅋㅋ,ㅋㅋ,ㅇㅇ (221.168) 2024.03.20 14:43:47 스크랩 조회 79 추천 0 댓글 0,0,79,2024.03.20 14:43:47,https://gall.dcinside.com/mgallery/board/view/?id=choenggu&no=1537&page=15
15,1535,[노가리],게임은 뭐하노,카스있냐,ㅇㅇ (221.168) 2024.03.20 14:42:59 스크랩 조회 94 추천 0 댓글 3,0,94,2024.03.20 14:42:59,https://gall.dcinside.com/mgallery/board/view/?id=choenggu&no=1535&page=15
15,1534,[노가리],공략이 다 똑같노 ㅋㅋ,ㅋㅋ,ㅇㅇ (221.168) 2024.03.20 14:42:22 스크랩 조회 79 추천 0 댓글 0,0,79,2024.03.20 14:42:22,https://gall.dcinside.com/mgallery/board/view/?id=choenggu&no=1534&page=15
15,1533,[노가리],ㄱㅊ은데?,오,ㅇㅇ (221.168) 2024.03.20 14:41:34 스크랩 조회 72 추천 0 댓글 0,0,72,2024.03.20 14:41:34,https://gall.dcinside.com/mgallery/board/view/?id=choenggu&no=1533&page=15
15,1532,[노가리],말 존나 못하노ㅋㅋ,정박아노?,ㅇㅇ (221.168) 2024.03.20 14:40:57 스크랩 조회 74 추천 0 댓글 0,0,74,2024.03.20 14:40:57,https://gall.dcinside.com/mgallery/board/view/?id=choenggu&no=1532&page=15
15,1531,[노가리],3번입갤ㅋㅋ,ㅇ,ㅇㅇ (221.168) 2024.03.20 14:40:07 스크랩 조회 66 추천 0 댓글 0,0,66,2024.03.20 14:40:07,https://gall.dcinside.com/mgallery/board/view/?id=choenggu&no=1531&page=15
15,1529,[노가리],니들은 안뽑음,1학년 차별하노 ㄲㅈ,ㅇㅇ (221.168) 2024.03.20 14:38:24 스크랩 조회 61 추천 0 댓글 0,0,61,2024.03.20 14:38:24,https://gall.dcinside.com/mgallery/board/view/?id=choenggu&no=1529&page=15
15,1528,[노가리],시발 1학년 차별,응 꺼저 안뽑아,ㅇㅇ (221.168) 2024.03.20 14:37:48 스크랩 조회 100 추천 0 댓글 0,0,100,2024.03.20 14:37:48,https://gall.dcinside.com/mgallery/board/view/?id=choenggu&no=1528&page=15
16,1527,[노가리],영화비 주노?,오,ㅇㅇ (221.168) 2024.03.20 14:37:13 스크랩 조회 57 추천 0 댓글 0,0,57,2024.03.20 14:37:13,https://gall.dcinside.com/mgallery/board/view/?id=choenggu&no=1527&page=16
16,1526,[노가리],농구는 안하냐,축구만하노 안뽑아,ㅇㅇ (221.168) 2024.03.20 14:36:35 스크랩 조회 69 추천 0 댓글 0,0,69,2024.03.20 14:36:35,https://gall.dcinside.com/mgallery/board/view/?id=choenggu&no=1526&page=16
16,1525,[노가리],이새끼들이 급식실에서 소리치는 애들이노?,존나 시끄럽던데,ㅇㅇ (221.168) 2024.03.20 14:35:55 스크랩 조회 103 추천 0 댓글 0,0,103,2024.03.20 14:35:55,https://gall.dcinside.com/mgallery/board/view/?id=choenggu&no=1525&page=16
16,1524,[노가리],2번 세트 입갤ㅋㅋ,ㅋㅋㅋ,ㅇㅇ (221.168) 2024.03.20 14:35:08 스크랩 조회 60 추천 0 댓글 0,0,60,2024.03.20 14:35:08,https://gall.dcinside.com/mgallery/board/view/?id=choenggu&no=1524&page=16
16,1523,[노가리],근데 뭔 두명 동시에 나오냐,뭐지,ㅇㅇ (221.168) 2024.03.20 14:34:10 스크랩 조회 64 추천 0 댓글 0,0,64,2024.03.20 14:34:10,https://gall.dcinside.com/mgallery/board/view/?id=choenggu&no=1523&page=16
16,1522,[노가리],체육복은 ㄱㅊ은데?,오,ㅇㅇ (221.168) 2024.03.20 14:33:14 스크랩 조회 94 추천 0 댓글 0,0,94,2024.03.20 14:33:14,https://gall.dcinside.com/mgallery/board/view/?id=choenggu&no=1522&page=16
16,1521,[노가리],응 어차피 안돼,ㅇㅇ,ㅇㅇ (221.168) 2024.03.20 14:32:42 스크랩 조회 62 추천 0 댓글 0,0,62,2024.03.20 14:32:42,https://gall.dcinside.com/mgallery/board/view/?id=choenggu&no=1521&page=16
16,1520,[노가리],실시간 화장실 변기 막혔는데 어카냐,와 씨발 개좆됬노,청붕이 (211.36) 2024.03.20 11:54:34 스크랩 조회 106 추천 0 댓글 1,0,106,2024.03.20 11:54:34,https://gall.dcinside.com/mgallery/board/view/?id=choenggu&no=1520&page=16
16,1517,[노가리],211.36 이새끼는 지가 재밌는 줄 아나,적당히 디시 말 흉내내고 일베 말 흉내내면 재밌을 줄 아나보네,청붕이 (222.238) 2024.03.19 21:52:01 스크랩 조회 159 추천 1 댓글 2,1,159,2024.03.19 21:52:01,https://gall.dcinside.com/mgallery/board/view/?id=choenggu&no=1517&page=16
16,1516,[노가리],하...ㅅㅂ 왜 저딴 새끼는 차단 안먹고,선량한 나를 차단하는거지?,청붕이 (222.238) 2024.03.19 21:49:06 스크랩 조회 132 추천 0 댓글 3,0,132,2024.03.19 21:49:06,https://gall.dcinside.com/mgallery/board/view/?id=choenggu&no=1516&page=16
16,1514,[노가리],오늘 올만에 청구고쌤들 만나고 옴,정정식쌤한테 제발 니네들 폰금해달라고 빌고 왔음...,ㅇㅇ (211.186) 2024.03.19 18:44:08 스크랩 조회 373 추천 2 댓글 5,2,373,2024.03.19 18:44:08,https://gall.dcinside.com/mgallery/board/view/?id=choenggu&no=1514&page=16
16,1513,[노가리],누가 석식 사진 좀 올려봐라,ㅈㄴ궁금하네,청붕이 (223.39) 2024.03.19 18:10:50 스크랩 조회 108 추천 0 댓글 0,0,108,2024.03.19 18:10:50,https://gall.dcinside.com/mgallery/board/view/?id=choenggu&no=1513&page=16
16,1512,[노가리],하루히다,3일 뒤에 해지요청 한다 3일만 참아라 참고로 나는 이세돌보다 홀로라이브를 선호한다 그래서 지금 기분이 아주 ㅈ같다,청붕이 (223.39) 2024.03.19 17:56:55 스크랩 조회 156 추천 1 댓글 1,1,156,2024.03.19 17:56:55,https://gall.dcinside.com/mgallery/board/view/?id=choenggu&no=1512&page=16
16,1510,[노가리],하루히 뒤지니까 버천지가 갤 먹었노,하버지 그립습니다,ㅇㅇ (211.235) 2024.03.19 17:07:54 스크랩 조회 105 추천 0 댓글 1,0,105,2024.03.19 17:07:54,https://gall.dcinside.com/mgallery/board/view/?id=choenggu&no=1510&page=16
16,1509,[노가리],키싱유 썸네일은 사실 모방이다,무도는 전설이야,정신타격봉 2024.03.19 16:30:31 스크랩 조회 87 추천 1 댓글 1,1,87,2024.03.19 16:30:31,https://gall.dcinside.com/mgallery/board/view/?id=choenggu&no=1509&page=16
16,1508,[노가리],청구중 외관 개구려졌노 왜저러냐,예전에는 일제느낌나고 까리했는데 청구네거리 지나가면서 보니까 ㅈㄴ별로네,청붕이 (175.201) 2024.03.19 13:40:21 스크랩 조회 279 추천 6 댓글 0,6,279,2024.03.19 13:40:21,https://gall.dcinside.com/mgallery/board/view/?id=choenggu&no=1508&page=16
16,1507,[노가리],늦고뱅알~,하면서 징,정신타격봉 2024.03.19 12:15:52 스크랩 조회 102 추천 1 댓글 0,1,102,2024.03.19 12:15:52,https://gall.dcinside.com/mgallery/board/view/?id=choenggu&no=1507&page=16
16,1506,[노가리],청구고 1학년 니케하는 청붕이 찾는다,1학년 니케하는 게이는 댓글 쳐@달아라,청붕이 (211.36) 2024.03.19 12:11:26 스크랩 조회 208 추천 2 댓글 4,2,208,2024.03.19 12:11:26,https://gall.dcinside.com/mgallery/board/view/?id=choenggu&no=1506&page=16
16,1504,[노가리],1일 1글,,상어냠냠 2024.03.19 08:36:26 스크랩 조회 102 추천 0 댓글 1,0,102,2024.03.19 08:36:26,https://gall.dcinside.com/mgallery/board/view/?id=choenggu&no=1504&page=16
16,1503,[노가리],스시부가!!!,ㄱㅇㅇ,정신타격봉 2024.03.19 08:24:20 스크랩 조회 140 추천 2 댓글 0,2,140,2024.03.19 08:24:20,https://gall.dcinside.com/mgallery/board/view/?id=choenggu&no=1503&page=16
16,1502,[노가리],하루히가 갤러리 살렸다,- dc official App,청붕이 (123.214) 2024.03.19 00:03:58 스크랩 조회 114 추천 0 댓글 1,0,114,2024.03.19 00:03:58,https://gall.dcinside.com/mgallery/board/view/?id=choenggu&no=1502&page=16
16,1501,[노가리],조두순 출소 반대,조두순 무기징역형이 되는 날까지 조두순xㅅㄲ을 x혐오할 거다.,청살이프로 (119.18) 2024.03.18 22:44:23 스크랩 조회 197 추천 12 댓글 2,12,197,2024.03.18 22:44:23,https://gall.dcinside.com/mgallery/board/view/?id=choenggu&no=1501&page=16
16,1497,[노가리],오랜만에 망고 키우기(+식붕이한테 질문),콩이는 상태가 이상하고 팥이는 싹이 올라오는 것 같은데 식붕이 친구는 어떻게 생각함?,청붕이 (222.238) 2024.03.18 16:33:49 스크랩 조회 145 추천 0 댓글 1,0,145,2024.03.18 16:33:49,https://gall.dcinside.com/mgallery/board/view/?id=choenggu&no=1497&page=16
16,1496,[정보],폰뺏는거 추가정보,지금 폰 거둘데 없어서 대기중 아마 4-5월쯤 거둘거,정신타격봉 2024.03.18 16:11:40 스크랩 조회 171 추천 0 댓글 2,0,171,2024.03.18 16:11:40,https://gall.dcinside.com/mgallery/board/view/?id=choenggu&no=1496&page=16
16,1495,[노가리],점심 개노맛임,ㄹㅇ,정신타격봉 2024.03.18 12:26:50 스크랩 조회 122 추천 2 댓글 1,2,122,2024.03.18 12:26:50,https://gall.dcinside.com/mgallery/board/view/?id=choenggu&no=1495&page=16
16,1494,[노가리],폰 안뺏잖아,ㅅㅂ,청붕이 (211.234) 2024.03.18 08:37:38 스크랩 조회 120 추천 0 댓글 1,0,120,2024.03.18 08:37:38,https://gall.dcinside.com/mgallery/board/view/?id=choenggu&no=1494&page=16
16,1493,[노가리],뭔 디시에 경고고 자시고,실제로 뺏기면 아무말도 못하고 ㅂㄷㅂㄷ만 할거면서...,상어냠냠 2024.03.18 05:08:51 스크랩 조회 132 추천 0 댓글 0,0,132,2024.03.18 05:08:51,https://gall.dcinside.com/mgallery/board/view/?id=choenggu&no=1493&page=16
16,1491,[노가리],요즘 폰 아침에 안걷노?,24살인데 나도 개늙었구나 부럽당 ㅋㅋ 안걷는게맞지,ㅇㅇ (211.235) 2024.03.18 01:49:57 스크랩 조회 137 추천 0 댓글 2,0,137,2024.03.18 01:49:57,https://gall.dcinside.com/mgallery/board/view/?id=choenggu&no=1491&page=16
16,1490,[노가리],디시에 글쓴게 전부면서 난경고했다 이지랄ㅋㅋ,니가 뭐할수있는데ㅋㅋ,청붕이 (1.251) 2024.03.18 01:45:18 스크랩 조회 136 추천 0 댓글 2,0,136,2024.03.18 01:45:18,https://gall.dcinside.com/mgallery/board/view/?id=choenggu&no=1490&page=16
16,1489,[노가리],난 경고했다,폰압시 그동안 찍어놨던 학교 부실 실태 싹다 교육청에 고발한다 내일 보자 씨발,ㅇㅇ (223.62) 2024.03.18 00:08:49 스크랩 조회 140 추천 0 댓글 2,0,140,2024.03.18 00:08:49,https://gall.dcinside.com/mgallery/board/view/?id=choenggu&no=1489&page=16
16,1488,[노가리],이세돌 이번에 6인 커버곡 나온대,음..뭐 알기 싫었다고? 그..그래,정신타격봉 2024.03.17 22:45:31 스크랩 조회 145 추천 1 댓글 2,1,145,2024.03.17 22:45:31,https://gall.dcinside.com/mgallery/board/view/?id=choenggu&no=1488&page=16
16,1487,[노가리],대구 대장들을 알아보자(2),"20세 대구 주먹들..(왕년에 날린사람들) 순위없음 ★대구공고 이학교는 인물이 없다하나 축구부와 신암동 사람들이 있다고 한다 ★경상공고 내당동 출신 권혁민과 북구출신 이길재 등등이 있던 학교로 이사람들 친구들 역시 상당한 파워이다 주간 야간 모두 강하며 깡패출신들이 많다고 한다 연합도 상당햇으며 그주의의 학교를 많이 잡았다고 한다 ★영신고 국가대표로 뽑힌 유도부 강인호가 있으나 운동부외에는 다 별로잇듯 보이며 운동부만 쳐준다면 역시 최고학교도 가능하다 ★조일공고 이학교는 황성욱 홍두화 등등 이 있으나 주간 통합대장이라고 불리던 황성욱이 3학년때 1학년복학생(성명미상)에게 허무하게 무너졌다는 등 복잡하고 말이 많던 학교 하지만 인물이 상당히 있는학교이며 정동고 등 주의학교를 잡았다고 한다 이학교는 깡패학교답게 깡패근성들이 많다고 한다 ★경북기계공고 이학교도 뛰어난 인물은 없다 그러나 갑자기 터질지 모르는 학교였다고 한다 ★영남공고 태열이라는 인물이 있으나 이인물은 양아치라는 소문이 있으며 이학교는 20또래에서는 별로라고 한다 하지만 전통적으로 전력이 강한 학교이다 ★전자공고 칠곡막강파워 남정우라는 인물이 있다. 그외에 이학교는 복싱부가있지만, 별로 알려진 인물은 없음.. 대구 타이틀이라고 밝혀져있는 배모씨의 아들 모병훈 군이라는 막강한 인물이 있다고 알려져있음 지금은 지난날을 반성하며 조용히 살아가고있다함... ★달서공고 큰인물이 없으나 단합력으로 보강 큰인물은 없지만 머리큰 정형욱은 있음 ㅎㅎㅎ ★동부공고 반야월의 이정하등 몇몇인물이 복학햇었다고함 ★경북공고 현재 지산동 구동현이 복학하여 현재 3학년에 있다고 하며 레슬링부에 상당한 인물(성명미상) 이 있다고 한다 ★계성고 이학교는 유도부에 운동부사이에서 유명한 복학생(성명미상) 나이는 21세이며 동기가 아니라 처주지는 않고 유도부에 인재가 있었다고 한다 ★능인고 이학교 역시 시름부가 전통의 명문학교 운동부만 합친다면 학교 순위 3위안에 들수있다 ★서부공고 이학교는 조용히 있었으나 숨은인재들이 있다고 한다 ★성광고 북구출신 최정열이 있으나 위의 인물들과 볼때 턱없이부족하다 ★경상고 전혀인물없음 그밖의 인물들 박남규 신하동 김준우 안대현 등등 여럿잇지만 그외 인물 생략 21세 대구주먹들..(왕년에 날린 사람들) 순위없음 ★대구공고 그리 대단한 인물이 없고 인재없는학교라고 불리였지만 축구부등 복병들이 있어 무시는 못하는학교다 ★영남공고 이학교는 덩치가 크고 실력이 있는 주간의 윤경환과 이근성 야간의 이문석 등을 앞장으로 학교급으로 볼때 최강 학교라고 할만하다 유도를 잘하는 윤경환은 주의친구들도 상당하다고함 주 야간 할것없이 상당히 강한학교이다 이외에도 영남공고는 인물들이 모두 박살남 특히 수성구쪽의 상당한 인물이 많이있었던학교이며 각 중학교 대장급들이 많이 간 학교 이기도 하다 ★경상공고 이학교는 북구출신 정이혁과 김동수 수성구출신 이현창 등 덩치가 큰 인물이 많으며 막강한 파워를 지녔음 이학교 역시 무서운학교 그외의 인물들도 무시못할정도 영남공고와 비교해도 손색이 없을정도이며 야간도 대단한 힘을 지녔었다고 한다 ★전자공고 이학교는 안정욱과 신상훈 등 여려 인물이 있으며 달서구 출신 안정욱은 힘에서 거의 밀리지 않으나 주의의 친구들이 별로없다고 한다 이학교는 단합력으로 영남공고와 경상공고의 위일수도 있는학교다 복싱부 출신들이 있으면서 깡패출신들이 많고 조용히있는인재도 상당했다고 함 절대 밀리지 않는다고 함 이학교 역시 막강한학교 ★달서공고 이학교는 이름난 인재는 없으며 끗발 좀 날리던 여러 인물들이 있다고함 ★경북공고 백재창이라는 인물이 잇지만 이인물은 조금 유명할뿐 그리 큰인물은 아니었다고함 하지만 깡패근성이라고 한다 그외의 인물들도 몇몇잇으나 그리 막강하지는 않다고 한다 ★조일공고 이학교는 예전부터 깡패학교라고 불리나 확 실한 인재가 없다고 함 구지 이름을 말하면 김상휘 김지연등 있으나 인물이라고는 할수없다고 한다 둘다 양아치라고함 하지만 역시 무시하다가는 큰코 다친다 ★경북기계공고 이학교는 뚜렷한 인물이 없음 남구출신 팽병철 이 유력하나 튀는 인물이 아니며 그외에 연장을 잘쓰는 인물들이 있다고 한다 ★성광고 이학교는 거물학교 대장들 몇몇을 무너뜨리며 가히 최강이라고 불리며 실질적 대구통합대장까지 먹는 북구출신 송영석이 있으나 그외의 인물이 너무 없다 거의 다 모범생이나 양아치라고함 하지만 송영석이 있는것 만으로도 힘이 느껴지나 이학교는 인문계중에는 잘낫다고 들리지만 그외에 인물이 너무없다함 송영석의 주의친구들은 현역깡패가 몇몇있다고 한다 요즘은 조용히 지낸다는 애기가 들림 ★동국고 이기봉 이사람은 깡패를 일찍 했지만 실제실력은 수준이하라는등 말이많음 이기봉은 학교 내의 사람(성명미상)에게 허무하게 무너졌다는등 안좋은 소문이 나돌았음 이학교역시 그외에 인물이 많지 않다 이기봉은 이학교를 복학하여 졸업했다고함 이기봉은 친구 김영태라는 사람이 더잘났다는 애기가 있으나 이두사람은 징역도 갔다오며 깡패근성이라고 한다 ★대구상고 태권도를 배운 남구출신 조인경과 동구출신 럭비부 허태성이 잇던 학 교 그러나 이두사람은 그리 큰인물은 아닌듯 이두사람은 학교 내에서 승부를 냈다는 소문이 있으나 결과는 확실히 밝혀진바 없음 이학교에도 인물이 그리 많지는 않다고 함 ★계성고 유도부에 몇몇 인물가 많지만 그외는 별로라고 들림 ★영신고 운동부도 합치면 최고 학교도 할수있는학교다 이학교 역시 씨름부나 유도부(운동부)에 몇몇의 인물들이 있지만 운동부외는 별로라고 알려 짐 ★중앙상고 이 학교도 그리 큰인물은 없으며 이름은 그리 알려지지 않앗으나 이 역시 깡패출신이 많으며 칠곡사람 (성명미상) 남부사람(성명미상) 등 복병들이 있다고 한다 그밖의 인물들 서태용 최일순 김정기 차문규 등등 여럿잇지만 생략",청붕이 (218.54) 2024.03.17 22:06:24 스크랩 조회 37576 추천 43 댓글 12,43,37576,2024.03.17 22:06:24,https://gall.dcinside.com/mgallery/board/view/?id=choenggu&no=1487&page=16
16,1486,[노가리],대구 대장들을 알아보자(1),19세 대구주먹들.. 순위없음 ★대구공고 초반기 비산동출신 변현민이 강한듯 했으나 축구부의 복병등의 무리들의 도전으로 허무하게 무너지는 소문등이 들림 하지만 아직 건재함 그외 이창진이 유명하고 지금은 없지만 서석일과 태권도 천재 노현우의 친구등 신암동무리들이 다수 있고 그외에 드러나지않고 조용히있는 무리들도 상당하다고함 ★경상공고 초반기 감삼동출신 사공열과 중리동의 김기호가 치열한 각축을 벌이다 화끈한 한판으로 주인을 가렸지만 승리자 사공열의 은퇴로 김기호에게로 왕의자리가 넘어감 후반기와서 상인동출신의최두표가대장이라함 최성진 두표와 아주가까운 친구임 깔끔한외모에 깡패근성이 확연히 들어나는 인물이라고 함 ★경북기계공고 역시 침산동 출신 응혁이 유력자 하지만 자퇴로 다음자리는 알수 없음 그외 인물로 역시 침산동 출신의 김상현 등이 있다하나 워낙순하다함 그이상은 많아서 잘모름(사실임) ★대구상고 초반기 평리동출신 럭비부 김도현의 계속된왕자의 자리가 약속된듯했으나 상인동 막강파워 실질적 달서구 통합대장이라하는 박웅집의 복학으로 김도현과 대규모 충돌위기발생 하지만 결투도 없고 어정쩡하게 결말없이 끝났다함 그외인물은 별볼일 없다함(사실) ★서부공고 제갈황과 곽청유 쌍두마차의 위력은 과히 최강이라 할수있다 남구통합 대장이라 할수있는 제갈황과 칠곡 막강파워 곽청유의 융합은 엄청난 위력을과시한다 학교급으로 비교할때 단연 대구최강 이다 근데 위의 두인물의 대결은 제갈황이 이겼다하나 승부가 깨끗 하지 않았다는둥 말이많은 대결이었다한다 또 후반에는 비산동출신 (성명미상) 이 제갈황을 눌렀다느니 말도많은 학교라 한다 그외 인물들도 많음 ★달서공고 이진휘가 유명하다고함 그외 인물도 많음 ★동부공고 지산중 출신 강상욱이 전학을 오면서 전력이 강해졌다고 하나 그외 실력자들은 조용히 살고있다함 ★경북공고 전설적인인물로 불리는 구동현이있다하나 82년생의 복학생으로 우리동기가아니고 우리동기중에는 레스링부에 소문난인물이있었으나 자퇴했다고들림 그외의인물은없음 ★조일공고 깡패학교라고 불리는 조일공고 출신지미상의 정주호가 있으나 위의 인물만큼에는 턱없이 부족하다 ★영남공고 초반에 경상중출신 조상범이 강세를 보이다 자퇴함 그틈에 잘알려지지 않은 칠곡출신 김광명이 조상범과 보이지않는 기싸움을 벌이다 조상범의 자퇴후 장악함 그외에 오성중출신 인물들이 다수 있다하나 별볼일 없음 ★전자공고 아직밝혀진 인물없음 중앙상고 현재 변현민과 그외 몇몇 인물들이 복학해있음 ★대구농고 밝혀진인물은 없으나 김강현이 유명하다함 대중금속고 인물이전혀없다함 ★대건고 김상수 중학교때에 후반에 강세를 보이는 듯했으나 지금은 별 다른 성과 없이 나날을 보낸다고 밝혀짐 이경환 대장다운 면모를 다못하였다고 함 지금은 공부에 열중하는 것으로 밝혀짐 ★심인고 경상중출신의 효원이가 잇다가 전학갔다는 말도 많음 ★동국고 김긍록 조준범 이들둘이는 마찰이 있는것은 없으나 보이지않는신경전을한다고들음 ★경원고 최재영: 턱이나 싸움잘한다고소문이났으나 실제로는 별로라고함 지금은 공부 벌레가 됐다는 소문도 있음 서종범: 경원고 깡패 스타일 1인자 다혈질에 이름이 두개라고 함 곽동성: 중학교때 대장이었으나 현재 학구파로 조용히 생활한다고함 ★정동고 깡패학교라불리는 조일공고의밥이라고 불리는학교였으나 현재 동구와반야월출신이 잡고있다함 ★성광고 북중에서 온 이효석이가 잡고있다고 함 그리고 그는 성격도 이상하다고 하고 성격이 매우 쪼잔하다는 소문이 돌고있다 또 한명더있다고 함(같은 중학교 동기의 이성엽군으로 그는 성격은 매우좋으나 너무 양아치같고 쫍새이라고 전해짐-둘다 양아치다 고 함 ★경북고 대구명문고등학교답게 범생의집단이라고하나 지산중 출신의 박준영이 잡고 있다고 함 ★능인고 수성중대장이 이학교에 다닌다는 소문이 있음 ★대륜고 수성중대장이 이학교에 다닌다는 소문이 있으나 확실하지않음 ★계성고 유도인 이호상이 있음 대구공고학생들이 벼르고있다고들림 그밖에 인문계 학교 생략,청붕이 (218.54) 2024.03.17 22:06:14 스크랩 조회 3849 추천 1 댓글 1,1,3849,2024.03.17 22:06:14,https://gall.dcinside.com/mgallery/board/view/?id=choenggu&no=1486&page=16
16,1484,[노가리],모두 잠수준비~,네! 선장님 잘 안들려요~ 네! 선장님,청붕이 (122.43) 2024.03.17 17:17:49 스크랩 조회 184 추천 1 댓글 1,1,184,2024.03.17 17:17:49,https://gall.dcinside.com/mgallery/board/view/?id=choenggu&no=1484&page=16
16,1483,[노가리],✅+,,상어냠냠 2024.03.17 17:15:37 스크랩 조회 123 추천 0 댓글 1,0,123,2024.03.17 17:15:37,https://gall.dcinside.com/mgallery/board/view/?id=choenggu&no=1483&page=16
16,1482,[노가리],나조나조 미타이니~,지큐우키오 아키아타시타라,청붕이 (222.238) 2024.03.17 17:07:07 스크랩 조회 107 추천 0 댓글 0,0,107,2024.03.17 17:07:07,https://gall.dcinside.com/mgallery/board/view/?id=choenggu&no=1482&page=16
16,1481,[노가리],팩트 하루히고 자시고,'미쿠' ON ㅋㅋㅋ,청붕이 (122.43) 2024.03.17 16:56:48 스크랩 조회 160 추천 2 댓글 4,2,160,2024.03.17 16:56:48,https://gall.dcinside.com/mgallery/board/view/?id=choenggu&no=1481&page=16
16,1480,[노가리],개씹틀딱애니 아직까지빠노,ㅉㅉ,ㅇㅇ (218.54) 2024.03.17 14:16:29 스크랩 조회 118 추천 0 댓글 2,0,118,2024.03.17 14:16:29,https://gall.dcinside.com/mgallery/board/view/?id=choenggu&no=1480&page=16
16,1479,[노가리],이제부터 여긴 하루히가 지배한다,황-루-히,청붕이 (222.238) 2024.03.17 12:49:01 스크랩 조회 141 추천 1 댓글 0,1,141,2024.03.17 12:49:01,https://gall.dcinside.com/mgallery/board/view/?id=choenggu&no=1479&page=16
16,1478,[노가리],청마갤 갤주가 카나비라고?,어림도 없지 바로 테라포밍 간다,청붕이 (222.238) 2024.03.17 12:36:18 스크랩 조회 141 추천 0 댓글 0,0,141,2024.03.17 12:36:18,https://gall.dcinside.com/mgallery/board/view/?id=choenggu&no=1478&page=16
16,1477,[노가리],청구고 미쳤노,밤에 ㅅㅂ 불 다 켜 놓는건 뭔 심보냐,청붕이 (221.142) 2024.03.17 00:52:11 스크랩 조회 164 추천 0 댓글 0,0,164,2024.03.17 00:52:11,https://gall.dcinside.com/mgallery/board/view/?id=choenggu&no=1477&page=16
16,1475,[노가리],얘네는 누구임?,왼쪽은 이준석 닮았고 오른쪽은 모아요 닮았네,청붕이 (223.39) 2024.03.16 22:05:22 스크랩 조회 181 추천 1 댓글 2,1,181,2024.03.16 22:05:22,https://gall.dcinside.com/mgallery/board/view/?id=choenggu&no=1475&page=16
16,1474,[노가리],여기가 그 비틱갤인가요?,여기 맞죠?,청붕이 (222.238) 2024.03.16 21:43:23 스크랩 조회 153 추천 0 댓글 2,0,153,2024.03.16 21:43:23,https://gall.dcinside.com/mgallery/board/view/?id=choenggu&no=1474&page=16
16,1472,[노가리],오늘 우리집에서 한 잔 할 예쁜이 찾는다,주종은 버번이다,청붕이 (223.39) 2024.03.16 20:29:19 스크랩 조회 196 추천 0 댓글 4,0,196,2024.03.16 20:29:19,https://gall.dcinside.com/mgallery/board/view/?id=choenggu&no=1472&page=16
16,1471,[노가리],여성징병제 찬성하는 놈들은 뭐냐?,그럼 니들 여친도 군대가야 하는데 키 148센치에 체중 50키로짜리가 국방에 도움이 될 것 같냐? 걍 헬조선은 포기하고 기회의 땅 일본으로 떠나라,청붕이 (223.39) 2024.03.16 17:27:02 스크랩 조회 155 추천 1 댓글 2,1,155,2024.03.16 17:27:02,https://gall.dcinside.com/mgallery/board/view/?id=choenggu&no=1471&page=16
16,1470,[노가리],학교 앞 이디야 직원 ㅈㄴ귀여움,주문할 때 생글생글 웃어주고 컵에 글자도 써준다 안 가본 청붕이가 있다면 한번쯤 가보는 걸 추천한다,청붕이 (223.39) 2024.03.16 17:22:32 스크랩 조회 227 추천 0 댓글 4,0,227,2024.03.16 17:22:32,https://gall.dcinside.com/mgallery/board/view/?id=choenggu&no=1470&page=16
16,1469,[노가리],하루히 야스짤 못본 흑우없제?,ㅋ,청붕이 (211.235) 2024.03.16 14:27:22 스크랩 조회 214 추천 0 댓글 4,0,214,2024.03.16 14:27:22,https://gall.dcinside.com/mgallery/board/view/?id=choenggu&no=1469&page=16
16,1467,[노가리],파딱 신상 털어보셈,힌트임,청붕이 (223.39) 2024.03.16 11:18:05 스크랩 조회 183 추천 0 댓글 2,0,183,2024.03.16 11:18:05,https://gall.dcinside.com/mgallery/board/view/?id=choenggu&no=1467&page=16
16,1466,[노가리],시발 존나빠르네,뭐냐이거,청붕이 (218.54) 2024.03.16 09:06:31 스크랩 조회 150 추천 0 댓글 3,0,150,2024.03.16 09:06:31,https://gall.dcinside.com/mgallery/board/view/?id=choenggu&no=1466&page=16
16,1465,[노가리],여성징병제,이제 여자도 군신체검사 받고 군대가는 시대가 지금이라도 이루어지면 좋겠다.,청살이프로 (119.18) 2024.03.16 00:39:37 스크랩 조회 270 추천 15 댓글 10,15,270,2024.03.16 00:39:37,https://gall.dcinside.com/mgallery/board/view/?id=choenggu&no=1465&page=16
17,1463,[노가리],여친비틱은 좆같았지만 하루히는사랑해 그리우면 개추,솔직히 순수재미 GOAT였음 ㅋㅋ,청붕이 (222.233) 2024.03.16 00:34:13 스크랩 조회 275 추천 5 댓글 2,5,275,2024.03.16 00:34:13,https://gall.dcinside.com/mgallery/board/view/?id=choenggu&no=1463&page=17
17,1462,[노가리],갤보니까 답나오네,교장새끼가 문제였구만 어쩐지 담임쌤도 교장 욕하더니만 이떄까지 담탱만 존나 욕했는데 이제부터 교장욕한다 미안하다,청붕이 (218.54) 2024.03.15 22:49:16 스크랩 조회 200 추천 5 댓글 0,5,200,2024.03.15 22:49:16,https://gall.dcinside.com/mgallery/board/view/?id=choenggu&no=1462&page=17
17,1459,[노가리],아무리 그래도 개승환 곱게 봐줄 수 없는 이유,이새끼 수학여행 직무유기한건 아무리 그래도 너무 괘씸함,청붕이 (222.233) 2024.03.15 21:54:44 스크랩 조회 138 추천 1 댓글 0,1,138,2024.03.15 21:54:44,https://gall.dcinside.com/mgallery/board/view/?id=choenggu&no=1459&page=17
17,1458,[노가리],설버지 그립읍니다,이제 다시보니 아버지셨습니다 항상 아껴주신걸 이제야 깨달았네요 우매했습니다 아아 그립읍니다,정신타격봉 2024.03.15 21:45:38 스크랩 조회 168 추천 2 댓글 1,2,168,2024.03.15 21:45:38,https://gall.dcinside.com/mgallery/board/view/?id=choenggu&no=1458&page=17
17,1456,[노가리],어 씨발 폰압해봐 개새끼들아,씨발 해봐 이 좃같은 새끼들아 석면관련 사진찍은것들 학생 인권침해한거 싹다 모아서 교육청에 신고박을거야,청붕이 (211.234) 2024.03.15 21:37:49 스크랩 조회 204 추천 0 댓글 8,0,204,2024.03.15 21:37:49,https://gall.dcinside.com/mgallery/board/view/?id=choenggu&no=1456&page=17
17,1455,[노가리],기본권 침해 동의한다 우리학교 제정신 아님,석면 1급발암물질인데 석면 제거할때 창문도 똑바로 안닫고 석면 제거 공사함 그러면 컨테이너 교실 창문이라도 똑바로 닫았냐? 그것도 아님 다 열어놨음 그럼 애들 마스크라도 나눠줬나? 아님 나눠주지도 않고 학생 강제로 등교시킴 석면 공사할때 복도 창틀 손으로 쓱 쓸면 흰색 먼지 가루 나오던데 이중에 분명히 석면가루도 섞여있을거다 몇년뒤에 청구고 재학생들 석면 관련 소송 분명히 건다 내가 예언함 분명히 청구고 나온새끼들 중에 몇명은 폐 섬유화 걸리거나 폐암 100%나온다,청붕이 (211.234) 2024.03.15 21:34:59 스크랩 조회 152 추천 0 댓글 0,0,152,2024.03.15 21:34:59,https://gall.dcinside.com/mgallery/board/view/?id=choenggu&no=1455&page=17
17,1454,[노가리],생각해보니 그냥 폰을 안가져오면 되는거 아님?,학교에서 폰을 뺏기고 자시고 할빠에는 그냥 숨기거나 들고오지 않으면 되는거 아닌가? 흠...,청붕이 (211.36) 2024.03.15 21:33:48 스크랩 조회 108 추천 0 댓글 0,0,108,2024.03.15 21:33:48,https://gall.dcinside.com/mgallery/board/view/?id=choenggu&no=1454&page=17
17,1452,[노가리],씨발 설버지 그립읍니다,ㅈㄱㄴ,청붕이 (211.36) 2024.03.15 21:31:04 스크랩 조회 124 추천 0 댓글 1,0,124,2024.03.15 21:31:04,https://gall.dcinside.com/mgallery/board/view/?id=choenggu&no=1452&page=17
17,1451,[노가리],설승환쌤 좃같다고 말해도,있을때 진짜 ㅈ같은 경험 없었음 교복 안말라서 쩔수없이 월욜날 체육복 입고 등교했는데 담부터 교복 입고와라 넌지시 한마디 하시고 바로 보내주시고 훈화말씀도 학생들 아끼니깐 하는 말이지 이새끼들ㅋㅋ 씨발 어디 한번 좃같아봐라ㅋㅋㅋ 하면서 훈화말씀 하는게 아니잖음 말씀하시는 내용도 3년 열심히 공부하고 원하는 좋은대학 가서 꿈펼치기 바란다 이런 내용이고 승환쌤 퇴직 3일전에 교사들 ㅈ같아하는데 학생들 놀수있게 강제로 현장체험(수학여행)추진해주시고 진짜 고트 그자체였음 머리에 빛은 반사된 빛이 아니라 인자함에서 나오는 후광이였다는걸 왜 저는 지금 깨닫게 되었을까요 승환쌤,청붕이 (211.234) 2024.03.15 21:27:24 스크랩 조회 278 추천 3 댓글 3,3,278,2024.03.15 21:27:24,https://gall.dcinside.com/mgallery/board/view/?id=choenggu&no=1451&page=17
17,1448,[노가리],숭배..해야해,설승환쌤 그립읍니다,정신타격봉 2024.03.15 21:19:05 스크랩 조회 112 추천 0 댓글 1,0,112,2024.03.15 21:19:05,https://gall.dcinside.com/mgallery/board/view/?id=choenggu&no=1448&page=17
17,1446,[노가리],폰압때 공갈폰 낸다는 병신들 발상,그럼 공갈폰 없는 새끼들이 상식적으로 가만있겠냐? 쌤한테 안말한다고 해도 소문으로 다 퍼질건데 공갈폰 낸다는 병신발상 수준봐라 개병신 똥통고에 온 능지답다,청붕이 (211.234) 2024.03.15 21:10:54 스크랩 조회 157 추천 0 댓글 5,0,157,2024.03.15 21:10:54,https://gall.dcinside.com/mgallery/board/view/?id=choenggu&no=1446&page=17
17,1445,[노가리],청구고의 인심좋은 선생님,"그분은 바로 1학년 한국사/2학년 세계사 하시는 ㄴㅈㅅ선생님 이분은 학생을 위하시는 참스승이심 비록 노잼드립을 조금 치시기는 하시지만 마음만은 진짜 따뜻하신 분 1년전에는 학생 수업을 어케하면 집중하게 할 수 있을까 고민 되게 많이 하시고 표현은 잘 못하시지만 학생을 되게 좋아하시는분 만약 1학년중에 이분이 담임이다? 1년뒤에 빠빠이할때 울거임 ㄹㅇ 이분은 작년 수학여행겸 놀러갈때 학생한명이랑 노래도 불렀는데, 노래실력이 되게 좋음 유대감이 있는 시간에 비례하심 만약 복도에서 이분을 마주친다면 한번쯤 인사를 해보는것이 어떨까?",정신타격봉 2024.03.15 20:29:16 스크랩 조회 800 추천 11 댓글 1,11,800,2024.03.15 20:29:16,https://gall.dcinside.com/mgallery/board/view/?id=choenggu&no=1445&page=17
17,1444,[정보],다음주부터 점심시간 운동장 사용건에 대한 정보,"다음주 월요일부터 점심시간 강당 사용 가능 2학년은 월, 목 사용 3학년은 화 금 1학년은 수 강당 사용 시 1. 슬리퍼 금지 2. 음식물 반입 금지 고1들은 모르겠지만, 우리는 점심에 놀 수 있다 강당에서 예의만 지키면 언제든 올 수 있으니 참고",정신타격봉 2024.03.15 19:39:23 스크랩 조회 160 추천 1 댓글 0,1,160,2024.03.15 19:39:23,https://gall.dcinside.com/mgallery/board/view/?id=choenggu&no=1444&page=17
17,1443,[노가리],폰압이 아침시간에 폰내는거 맞음?,그거 그냥 집에 처박혀 있는 고장난 폰 내면 되는거 아니냐? 난 그렇게 했는데,ㅇㅇ (114.200) 2024.03.15 19:17:26 스크랩 조회 114 추천 0 댓글 0,0,114,2024.03.15 19:17:26,https://gall.dcinside.com/mgallery/board/view/?id=choenggu&no=1443&page=17
17,1442,[노가리],폰압,투폰써라 팁은 ESIM이다 - dc official App,청붕이 (211.246) 2024.03.15 18:42:26 스크랩 조회 102 추천 0 댓글 0,0,102,2024.03.15 18:42:26,https://gall.dcinside.com/mgallery/board/view/?id=choenggu&no=1442&page=17
17,1441,[노가리],본인이 폰압해도 상관없는 ‘패드 소유자’ 라면 개추 ㅋㅋ,일단 나부터 ㅋㅋ,청붕이 (222.233) 2024.03.15 18:36:25 스크랩 조회 159 추천 0 댓글 4,0,159,2024.03.15 18:36:25,https://gall.dcinside.com/mgallery/board/view/?id=choenggu&no=1441&page=17
17,1440,[노가리],아니 그래서 폰압 하는거임?,진짜로 하면 교장새끼 찾아간다 ㄹㅇ 안되면 교무실에서 드러눕고 땡강피울거임 ㅇㅇ,청붕이 (218.54) 2024.03.15 17:49:08 스크랩 조회 121 추천 0 댓글 1,0,121,2024.03.15 17:49:08,https://gall.dcinside.com/mgallery/board/view/?id=choenggu&no=1440&page=17
17,1439,[노가리],청구 쌤들 좋은사람 많다,특히 젊으신 사회쌤(ㅇㅊㅈ쌤) 깨어있으신 분임 통사 수업을 외우는게 아니라 재밌게 가르침 뭐 통사중에 어떤 사상가를 말하면 그 사람이 말한 가르침을 우리식으로 해석해줌 (대표적으로 우리가 좋아하는 주제로) 그럼 이해가 개잘됨 수업듣는 모두가 쌤을 좋아함 학생을 위하시는 분이니 본다면 인사 한번씩은 해주면 좋겠다. +내일 생일이시니 월요일날 생축이라고 해주자,정신타격봉 2024.03.15 17:24:03 스크랩 조회 583 추천 7 댓글 4,7,583,2024.03.15 17:24:03,https://gall.dcinside.com/mgallery/board/view/?id=choenggu&no=1439&page=17
17,1438,[노가리],내가 보기에는 이 학교 수뇌부들 다 밭갈이 해야함 ㅇㅇ,진짜 학교 안락사 GOAT,청붕이 (211.36) 2024.03.15 17:20:23 스크랩 조회 139 추천 3 댓글 0,3,139,2024.03.15 17:20:23,https://gall.dcinside.com/mgallery/board/view/?id=choenggu&no=1438&page=17
17,1437,[노가리],ㅇㅈㅎ차기 교장 후보,누가 좋을까? - dc official App,청붕이 (123.214) 2024.03.15 17:18:35 스크랩 조회 232 추천 0 댓글 5,0,232,2024.03.15 17:18:35,https://gall.dcinside.com/mgallery/board/view/?id=choenggu&no=1437&page=17
17,1436,[노가리],설승환 교장쌤 보고싶다,"퇴직 전까지 학생들이랑 많이 타협하시고 몰래 점심때 편의점 가다 들켜도 담부터 그러지마라 하고 보내주시고 학생들 와이파이 비번 뚫어서 쓰는거 알고도 와이파이 비번 바꾸는 일도 없으시고 오자,야자 강제하거나 강요 안하고 학교 예산이 없어서 현장체험학습은 많이 못갔지만 퇴직 3일전에 라스트댄스로 청붕이들 현장체험학습 보내주시고 빛나는 머리만큼이나 성품도 빛나셨는데 봄이가고나서야 봄인줄 알았읍니다..",청붕이 (211.234) 2024.03.15 17:17:08 스크랩 조회 190 추천 0 댓글 1,0,190,2024.03.15 17:17:08,https://gall.dcinside.com/mgallery/board/view/?id=choenggu&no=1436&page=17
17,1435,[노가리],다 닥처 쌍련들아,"씨발 나는 오자 강제,점심 외출 금지(외출증 절대 안끊어줌),폰압(예정)인데 어쩌라고 씨발 뛰어내려",청붕이 (211.234) 2024.03.15 17:08:57 스크랩 조회 157 추천 1 댓글 6,1,157,2024.03.15 17:08:57,https://gall.dcinside.com/mgallery/board/view/?id=choenggu&no=1435&page=17
17,1434,[노가리],혼란한 이시기 학교를 구원해줄 한명...,외쳐 '주멘',상어냠냠 2024.03.15 17:08:12 스크랩 조회 207 추천 1 댓글 2,1,207,2024.03.15 17:08:12,https://gall.dcinside.com/mgallery/board/view/?id=choenggu&no=1434&page=17
17,1433,[노가리],폰압 안한다는데,상식적으로 하겠냐 ㅂㅅ들아 ㅋㅋ,ㅇㅇ (211.235) 2024.03.15 16:59:21 스크랩 조회 130 추천 0 댓글 0,0,130,2024.03.15 16:59:21,https://gall.dcinside.com/mgallery/board/view/?id=choenggu&no=1433&page=17
17,1432,[노가리],폰압 한다는데 뭔 개솔이야,내가 물어봤을때는 한다는데...뭘 아니래,청붕이 (211.36) 2024.03.15 16:52:49 스크랩 조회 109 추천 0 댓글 0,0,109,2024.03.15 16:52:49,https://gall.dcinside.com/mgallery/board/view/?id=choenggu&no=1432&page=17
17,1431,[노가리],폰압 안한다는데?,1학년 게인데 방금 담임쌤한테 물어봤다 쌤이 처음듣고 말도안되는 소리라는데 뭐가 맞말이냐,ㅇㅇ (211.234) 2024.03.15 16:16:27 스크랩 조회 127 추천 0 댓글 1,0,127,2024.03.15 16:16:27,https://gall.dcinside.com/mgallery/board/view/?id=choenggu&no=1431&page=17
17,1430,[노가리],폰압수 하면 뛰어내린다,구라는 안침,ㅇㅇ (211.234) 2024.03.15 15:58:59 스크랩 조회 132 추천 0 댓글 3,0,132,2024.03.15 15:58:59,https://gall.dcinside.com/mgallery/board/view/?id=choenggu&no=1430&page=17
17,1429,[노가리],우리는 기본권을 침해당하고 있다,"3월 첫날에 학교오고 우리가 처음본게 공사판임 시바 학교 꼴이 말이 됨? 우리 TV도 없음 공사중 학생 다치면 학교가 책임짐? 다른학교는 온라인수업 돌렸다함(수업일수는 어쩔수 없음) 교무실도 이름표도 없어서 쌤들이 A4에 자기이름 그리고 붙이는 수준 맨날오면 공사때매 먼지 개많이 나옴 그래도 우리청구학생은 개착해서 봐주고 있음 어제 교무 회의했다는데 아우성 후 ""폰압""을 확정했다함 솔직히 폰압한다고 공부가 잘됨? 공부할애는 하고 아닌애는 그래도 안함. 이건 오히려 공부하는애도 개빡돌거임 쌤은 수업집중하는애들한테 포커싱하면 되고, 하는애들은 공부함 지금 뭐 아무것도 없는데 폰압이 말이 된다고 생각함? 이건 기본권 침해라 생각함 청붕이들은 이 정보를 꼭 알기 바람(폰압 맞음? 하는 애들 많더라) +",정신타격봉 2024.03.15 11:28:26 스크랩 조회 317 추천 8 댓글 7,8,317,2024.03.15 11:28:26,https://gall.dcinside.com/mgallery/board/view/?id=choenggu&no=1429&page=17
17,1427,[노가리],2003년 2월 18일 대구에서는 대한민국의 대축##대구를 제가 열렸다네,##대구를 불바다로!! 통구이로!! 파이아~~~익어라~~~##대구를 불바다로!! 통구이로!! 파이아~~~익어라~~~##대구를 불바다로!! 통구이로!! 파이아~~~익어라~~~,청붕이 (211.185) 2024.03.15 08:04:37 스크랩 조회 117 추천 0 댓글 1,0,117,2024.03.15 08:04:37,https://gall.dcinside.com/mgallery/board/view/?id=choenggu&no=1427&page=17
17,1424,[노가리],자러 간다,피곤해서 뒤지겠네,청붕이 (222.238) 2024.03.14 23:47:34 스크랩 조회 94 추천 0 댓글 0,0,94,2024.03.14 23:47:34,https://gall.dcinside.com/mgallery/board/view/?id=choenggu&no=1424&page=17
17,1423,[노가리],망고 키우기 6일차,옆에 있는 건 별거 아니고 그냥 여친한테 받은 초콜릿임,청붕이 (222.238) 2024.03.14 23:41:00 스크랩 조회 154 추천 1 댓글 3,1,154,2024.03.14 23:41:00,https://gall.dcinside.com/mgallery/board/view/?id=choenggu&no=1423&page=17
17,1421,[노가리],이의신청 가능한가,성기도 안보였도 유두도 안보였는게 왜 짤리는지 진짜 이해가 안된다 진짜 야한거 올리고 차단당하면 명예롭기라도 하지 너무 억울하네,청붕이 (220.122) 2024.03.14 21:19:30 스크랩 조회 171 추천 1 댓글 6,1,171,2024.03.14 21:19:30,https://gall.dcinside.com/mgallery/board/view/?id=choenggu&no=1421&page=17
17,1415,[노가리],비틱갤에 올린다,파딱은 이거 있냐ㅋ,청붕이 (218.54) 2024.03.14 18:45:44 스크랩 조회 331 추천 5 댓글 7,5,331,2024.03.14 18:45:44,https://gall.dcinside.com/mgallery/board/view/?id=choenggu&no=1415&page=17
17,1413,[노가리],실베 보면 더 심한 것도 많은데,진짜 어이가 없네,청붕이 (222.238) 2024.03.14 18:01:29 스크랩 조회 106 추천 0 댓글 0,0,106,2024.03.14 18:01:29,https://gall.dcinside.com/mgallery/board/view/?id=choenggu&no=1413&page=17
17,1412,[노가리],나 왜 차단됨?,ㅅㅂ 왜 차단됐냐고,청붕이 (222.238) 2024.03.14 17:59:59 스크랩 조회 113 추천 0 댓글 0,0,113,2024.03.14 17:59:59,https://gall.dcinside.com/mgallery/board/view/?id=choenggu&no=1412&page=17
17,1411,[노가리],언제부터 폰 풀린거임?,17년도까지만 해도 아침시간에 폰 다 거뒀었는데,ㅇㅇ (114.200) 2024.03.14 17:29:07 스크랩 조회 113 추천 1 댓글 0,1,113,2024.03.14 17:29:07,https://gall.dcinside.com/mgallery/board/view/?id=choenggu&no=1411&page=17
17,1409,[노가리],내일부터 전교생 폰금지래,ㄱㅈ이 수업시간 폰 개많이써서 전교생상대로 했다고함,ㅇㅇ (221.168) 2024.03.14 16:27:59 스크랩 조회 143 추천 0 댓글 0,0,143,2024.03.14 16:27:59,https://gall.dcinside.com/mgallery/board/view/?id=choenggu&no=1409&page=17
17,1408,[노가리],씨발 오늘 짬뽕국에서 이딴거 쳐나옴,밑에껀 홍합껍질같긴 한데 위에꺼는 ㅅㅂ 씹히지도 않고 색깔도 회색임 좆같아서 다버렸다,청붕이 (221.168) 2024.03.14 12:54:11 스크랩 조회 267 추천 0 댓글 5,0,267,2024.03.14 12:54:11,https://gall.dcinside.com/mgallery/board/view/?id=choenggu&no=1408&page=17
17,1397,[노가리],주딱 파딱 ㄹㅇ 합체하는거임?,두근두근,청붕이 (218.54) 2024.03.13 21:58:07 스크랩 조회 98 추천 0 댓글 1,0,98,2024.03.13 21:58:07,https://gall.dcinside.com/mgallery/board/view/?id=choenggu&no=1397&page=17
17,1393,[노가리],암튼 주작임,주작아니면 운지한다,청붕이 (218.54) 2024.03.13 21:55:13 스크랩 조회 96 추천 0 댓글 1,0,96,2024.03.13 21:55:13,https://gall.dcinside.com/mgallery/board/view/?id=choenggu&no=1393&page=17
17,1392,[노가리],아니 시발 좆목갤임?,저거다 모가지해야됨 ㅇㅇ,청붕이 (218.54) 2024.03.13 21:53:38 스크랩 조회 85 추천 0 댓글 0,0,85,2024.03.13 21:53:38,https://gall.dcinside.com/mgallery/board/view/?id=choenggu&no=1392&page=17
17,1390,[노가리],딱봐도 좆주작이구만,주딱 이새끼는 저나이 처먹고도 주작인지 구별못하노? 암튼 주작임 ㅇㅇ,청붕이 (218.54) 2024.03.13 21:51:34 스크랩 조회 116 추천 0 댓글 2,0,116,2024.03.13 21:51:34,https://gall.dcinside.com/mgallery/board/view/?id=choenggu&no=1390&page=17
17,1377,[노가리],교장쌤 ㅇㅈㅎ쌤,그 쌤 학생들한테 긍정적으로 인기있냐? 나때는 그쌤 인기없었는데 그쌤 내 고3때 영어쌤이었는데 수업스타일이 너무 딱딱하고 지루함. 그 쌤이 내 고3때 교무부장이었는데 시간표를 x떡같이 짜가지고 x노답이었음. 그 쌤이 내 고3 1학기 시간표와 고3 여름방학 방과후 시간표에 내가 좋아하는 여자 영어쌤을 포함시키지 않아서 ㄱ노답이었음.,청살 (1.218) 2024.03.12 18:14:46 스크랩 조회 448 추천 10 댓글 3,10,448,2024.03.12 18:14:46,https://gall.dcinside.com/mgallery/board/view/?id=choenggu&no=1377&page=17
17,1375,[노가리],오토바이 타고온 놈이 있다고?,ㅈㄴ부럽다 나도 허락만되면 타고싶은데,청붕이 (211.234) 2024.03.12 09:44:34 스크랩 조회 147 추천 0 댓글 0,0,147,2024.03.12 09:44:34,https://gall.dcinside.com/mgallery/board/view/?id=choenggu&no=1375&page=17
17,1373,[노가리],3학년인데 죽고싶다,"진짜 어이없네 담임 오자 강제로 시킴 학원 시간표 다 짜여져있고 3학년반 있는데 시간바꾸라고 지랄하네 시발 다른반 애들,다른 학교 애들은 학원 다 가는데 우리만 못가고 강제 오자해야함 각 학년마다 시간표 다짜여져 있는건데 그걸 바꾸라는건 뭔소리냐? 에초에 오자 강제가 병신인건데 오자 자습하는것보다 학원에서 수업듣는게 더 효과적인데 무논리로 지랄함 이게 맞냐? 다른반 애들은 학원갈놈 가고 몇명만 남았는데 우리반만 90%이상 남아서 오자함 교육청에 찔러도 되냐? 닥치고 오자하면 평타는 친다 닥오평치냐? 진짜 레전드 고트다",청붕이 (144.126) 2024.03.11 22:44:37 스크랩 조회 234 추천 0 댓글 6,0,234,2024.03.11 22:44:37,https://gall.dcinside.com/mgallery/board/view/?id=choenggu&no=1373&page=17
17,1370,[노가리],아직도 야자 거의 필수냐,17입학인데 아직도 방학때 자습하고 토요일 3학년들 오후5시까지 나오라고하나,ㅇㅇ (211.235) 2024.03.11 20:45:00 스크랩 조회 214 추천 0 댓글 5,0,214,2024.03.11 20:45:00,https://gall.dcinside.com/mgallery/board/view/?id=choenggu&no=1370&page=17
17,1369,[노가리],오늘 오토바이 타고 등교한 1학년,ㄴㄱ?,ㆍ (175.201) 2024.03.11 20:10:17 스크랩 조회 218 추천 0 댓글 1,0,218,2024.03.11 20:10:17,https://gall.dcinside.com/mgallery/board/view/?id=choenggu&no=1369&page=17
17,1368,[노가리],개시발 애미뒤진 좆구,시발 오자 안한다니까 뭔 좆같은 종이써오라네,청붕이 (211.234) 2024.03.11 15:31:17 스크랩 조회 149 추천 0 댓글 1,0,149,2024.03.11 15:31:17,https://gall.dcinside.com/mgallery/board/view/?id=choenggu&no=1368&page=17
17,1365,[노가리],요즘도 야갤 하는사람 있냐,중계나 새벽야갤 말고 있을 이유가 있노,청붕이 (211.234) 2024.03.11 10:28:53 스크랩 조회 93 추천 0 댓글 1,0,93,2024.03.11 10:28:53,https://gall.dcinside.com/mgallery/board/view/?id=choenggu&no=1365&page=17
17,1360,[노가리],우우청부이 우우래,주땍이 버거 안사줬어우 우ㅜ,청붕이 (211.234) 2024.03.08 14:11:22 스크랩 조회 127 추천 0 댓글 2,0,127,2024.03.08 14:11:22,https://gall.dcinside.com/mgallery/board/view/?id=choenggu&no=1360&page=17
18,1358,[정보],청구고 수학,1학년인데 청구 수학 어렵게 내나요? 보통어디서 내는지 아시나요? ㅈㅅㅁ쌤인데,청붕이 (58.227) 2024.03.07 22:13:43 스크랩 조회 340 추천 1 댓글 1,1,340,2024.03.07 22:13:43,https://gall.dcinside.com/mgallery/board/view/?id=choenggu&no=1358&page=18
18,1357,[노가리],고닉 파왔다,파딱 줘잉,NTR사랑해 2024.03.07 21:53:49 스크랩 조회 139 추천 0 댓글 1,0,139,2024.03.07 21:53:49,https://gall.dcinside.com/mgallery/board/view/?id=choenggu&no=1357&page=18
18,1356,[노가리],야붕이임,고닉 팔건데 추천 좀,야갤러 (223.39) 2024.03.07 16:18:38 스크랩 조회 137 추천 0 댓글 3,0,137,2024.03.07 16:18:38,https://gall.dcinside.com/mgallery/board/view/?id=choenggu&no=1356&page=18
18,1353,[노가리],1학년 꼬라지보소..,학교온지 얼마지났다고 벌써부터 저런글을..ㅉㅉ,청붕이 (223.62) 2024.03.07 12:14:44 스크랩 조회 202 추천 0 댓글 1,0,202,2024.03.07 12:14:44,https://gall.dcinside.com/mgallery/board/view/?id=choenggu&no=1353&page=18
18,1351,[노가리],ㅂㅈ쌤 어떰?,ㅇㅇ,야갤러 (223.39) 2024.03.07 09:25:51 스크랩 조회 244 추천 0 댓글 3,0,244,2024.03.07 09:25:51,https://gall.dcinside.com/mgallery/board/view/?id=choenggu&no=1351&page=18
18,1349,[노가리],갤 살아나고있노,망해라,청붕이 (1.251) 2024.03.06 20:21:46 스크랩 조회 101 추천 0 댓글 0,0,101,2024.03.06 20:21:46,https://gall.dcinside.com/mgallery/board/view/?id=choenggu&no=1349&page=18
18,1347,[노가리],이 쌤이 그 안경쓴 뚱뚱한 남자쌤이엿나?,"https://m.dcinside.com/board/choenggu/302 영어 O정O << 개병신꼰대새~ㄱㅣ - 대구청구고 마이너 갤러리 모고 영어 꾸준히 1,2등급뜨고 듣기 중딩때부터 틀린적이 없는데 좇병신년이 수능특강 로봇마냥 쳐 받아읽는 개븅신강의 안듣고 국어수학 공부한다고 한마디 했다가 그냥 생기부에 지 좆대로 평가질해놨네 개병신새끼 ㅋㅋ 이런애 m.dcinside.com",ㅇㅇ (114.200) 2024.03.06 18:49:04 스크랩 조회 308 추천 0 댓글 0,0,308,2024.03.06 18:49:04,https://gall.dcinside.com/mgallery/board/view/?id=choenggu&no=1347&page=18
18,1346,[정보],아이패드 수업시간,아이패드 수업시간에 못쓰지? 오자나 야자는 ㄱㄴ?,청붕이 (58.227) 2024.03.06 18:06:18 스크랩 조회 172 추천 0 댓글 0,0,172,2024.03.06 18:06:18,https://gall.dcinside.com/mgallery/board/view/?id=choenggu&no=1346&page=18
18,1345,[노가리],담탱 오자 존나 하라하냐,오자 하라고 오늘만 열번은 들은듯 이새끼들 애미없나 존나 시키네  니들 퇴근 늦는건 알빠아니고 수업마치고 난 갈꺼임 시험끝나고 법먹고 하교나 모임 있는거 기다리는것도 존나 짜지는데 시발 야자? 니미 시대가 언젠데 틀딱들 존나많노,청붕이 (211.234) 2024.03.06 15:37:26 스크랩 조회 181 추천 1 댓글 1,1,181,2024.03.06 15:37:26,https://gall.dcinside.com/mgallery/board/view/?id=choenggu&no=1345&page=18
18,1343,[노가리],오늘급식 ㅆㅅㅌㅊ,시발 이렇게 내오지 어제는 애미없었노 다먹었다이기,청붕이 (211.234) 2024.03.05 13:08:01 스크랩 조회 114 추천 0 댓글 0,0,114,2024.03.05 13:08:01,https://gall.dcinside.com/mgallery/board/view/?id=choenggu&no=1343&page=18
18,1342,[노가리],졸업생인데 학교 공사끝났노?,어떰,청붕이 (1.211) 2024.03.04 23:42:46 스크랩 조회 134 추천 0 댓글 1,0,134,2024.03.04 23:42:46,https://gall.dcinside.com/mgallery/board/view/?id=choenggu&no=1342&page=18
18,1341,[노가리],1학년 급식 먹음,진지하게 전학 생각 중 이다 급식 먹기 전 까지 학교가 하자있어도 나름 다닐만 했는데 급식 먹고 나서 전학 생각 중 임 일단 급식실 위생상태가 매우 안좋음 입구에 마스크 착용 대화금지 있던데 수저나눠 주는 쌤부터가 마스크는 개나줘버리고 말하고있음 또 급식 나눠주는 아줌마들도 말 너무 많이함 그리고 급식실 책상이 많이 더러움 그전에 급식 먹던사람이 흘린걸 안 닦고 다음 사람이 앉는걸 보고 좀 충격 먹음 내가 전에 다니던 학교에서는 아줌마들이 다 닦으러 다니는데 이거 좀 신경 써줬으면 좋겠다 두번째로 급식 맛이없음 오늘 밥만먹고 다 버렸다 급식 색깔도 이상해서 뭔 초록색 반찬 주던데 한입먹고 버렸다 반찬들 간도 좀 이상하고 나도 집에서 요리 좀 해서 먹는데 내가 더 잘할거 같음 매점이 없으면 급식이나 잘 해올것이지 급식도 맛없고 매점도 없고 참 내가 왜 이런데 넣었는지 참 후회되네..,청붕이 (211.234) 2024.03.04 13:24:06 스크랩 조회 236 추천 0 댓글 3,0,236,2024.03.04 13:24:06,https://gall.dcinside.com/mgallery/board/view/?id=choenggu&no=1341&page=18
18,1340,[노가리],???:청구고의 주인은 누굽니꽈!,청구고의 주인은 여러분입니다!,야갤러 (223.39) 2024.03.04 11:36:17 스크랩 조회 145 추천 0 댓글 0,0,145,2024.03.04 11:36:17,https://gall.dcinside.com/mgallery/board/view/?id=choenggu&no=1340&page=18
18,1337,[노가리],와파비번좀,- dc official App,청붕이 (223.39) 2024.03.04 08:48:31 스크랩 조회 115 추천 0 댓글 1,0,115,2024.03.04 08:48:31,https://gall.dcinside.com/mgallery/board/view/?id=choenggu&no=1337&page=18
18,1336,[노가리],개학 내일 맞냐?,시간표도 모르고 3학년 담임 누군지도 모르는데 담임은 왜 단톡방같은거 안만드냐,ㅇㅇ (175.118) 2024.03.03 10:02:54 스크랩 조회 103 추천 0 댓글 0,0,103,2024.03.03 10:02:54,https://gall.dcinside.com/mgallery/board/view/?id=choenggu&no=1336&page=18
18,1335,[노가리],여기가 1등급 어려움 중앙이 어려움,???,아갤러 (49.168) 2024.02.23 01:42:38 스크랩 조회 318 추천 0 댓글 2,0,318,2024.02.23 01:42:38,https://gall.dcinside.com/mgallery/board/view/?id=choenggu&no=1335&page=18
18,1334,[노가리],3학년 담임,작년에는 14일에 뿌려줬던데 올해는 언제 나오려나,청붕이 (110.11) 2024.02.22 03:29:36 스크랩 조회 258 추천 0 댓글 1,0,258,2024.02.22 03:29:36,https://gall.dcinside.com/mgallery/board/view/?id=choenggu&no=1334&page=18
18,1332,[노가리],변진아쌤도 청구고로 가셨노 ㅋㅋ,ㅇㅂ,ㅇㅇ (114.200) 2024.02.20 11:58:43 스크랩 조회 610 추천 7 댓글 3,7,610,2024.02.20 11:58:43,https://gall.dcinside.com/mgallery/board/view/?id=choenggu&no=1332&page=18
18,1331,[노가리],장학금,청구고 입학할때 장학금 주나요?,청붕이 (175.121) 2024.02.20 00:51:36 스크랩 조회 136 추천 0 댓글 0,0,136,2024.02.20 00:51:36,https://gall.dcinside.com/mgallery/board/view/?id=choenggu&no=1331&page=18
18,1330,[노가리],정정식쌤 아직도 현역이심? 퇴직 안하셨나?,1학년때 담임이였는데 실베글 보고 오랜만에 생각나서 와봄,ㅇㅇ (114.200) 2024.02.19 23:44:55 스크랩 조회 259 추천 0 댓글 1,0,259,2024.02.19 23:44:55,https://gall.dcinside.com/mgallery/board/view/?id=choenggu&no=1330&page=18
18,1328,[노가리],청구고는 체육복 없음?,교복바지 입고 체육함?,ㅇㅇ (220.89) 2024.02.13 16:58:47 스크랩 조회 361 추천 0 댓글 0,0,361,2024.02.13 16:58:47,https://gall.dcinside.com/mgallery/board/view/?id=choenggu&no=1328&page=18
18,1327,[노가리],재학중에 카나비 실제로 본게이 있음?,ㅈㄱㄴ,ㅇㅇ (211.186) 2024.02.10 18:57:01 스크랩 조회 279 추천 0 댓글 1,0,279,2024.02.10 18:57:01,https://gall.dcinside.com/mgallery/board/view/?id=choenggu&no=1327&page=18
18,1326,[노가리],고려거란전쟁,고려거란전쟁이라는 드라마 꿀잼임. 소배압역할 배우 김준배 완전 설ㅅㅎ쌤 닮았음.,청포도 (210.95) 2024.02.10 13:39:09 스크랩 조회 136 추천 6 댓글 0,6,136,2024.02.10 13:39:09,https://gall.dcinside.com/mgallery/board/view/?id=choenggu&no=1326&page=18
18,1325,[노가리],청구고1학년담임스포,박ㅈㅂ쌤 올해 1학년 담임 된다는 설도 있음.,청빛나리 (223.39) 2024.02.10 13:15:38 스크랩 조회 429 추천 8 댓글 8,8,429,2024.02.10 13:15:38,https://gall.dcinside.com/mgallery/board/view/?id=choenggu&no=1325&page=18
18,1323,[노가리],배치고사 중요함?,대충 찍고 잘껀데 못치면 따로 남는거 있나,청붕이 (218.54) 2024.02.07 20:23:56 스크랩 조회 194 추천 0 댓글 2,0,194,2024.02.07 20:23:56,https://gall.dcinside.com/mgallery/board/view/?id=choenggu&no=1323&page=18
18,1322,[노가리],10년도 더 전에 졸업했는데,아직도 디씨나 처하고잇는 내 인생 ㅁㅌㅊ임,ㅇㅇ (49.109) 2024.02.07 11:55:21 스크랩 조회 146 추천 0 댓글 0,0,146,2024.02.07 11:55:21,https://gall.dcinside.com/mgallery/board/view/?id=choenggu&no=1322&page=18
18,1320,[노가리],등교시간 언젠가요,- dc official App,청붕이 (58.237) 2024.02.07 01:17:00 스크랩 조회 173 추천 0 댓글 1,0,173,2024.02.07 01:17:00,https://gall.dcinside.com/mgallery/board/view/?id=choenggu&no=1320&page=18
18,1319,[노가리],정동 vs 청구,어디가 더 좋냐 - dc official App,정갤러 (218.236) 2024.02.06 16:36:10 스크랩 조회 181 추천 0 댓글 2,0,181,2024.02.06 16:36:10,https://gall.dcinside.com/mgallery/board/view/?id=choenggu&no=1319&page=18
18,1317,[노가리],청구고 비탈길 그렇게 심함?,체력소모 존나된다는데,ㅇㅇ (223.38) 2024.02.04 15:32:34 스크랩 조회 222 추천 1 댓글 0,1,222,2024.02.04 15:32:34,https://gall.dcinside.com/mgallery/board/view/?id=choenggu&no=1317&page=18
18,1316,[노가리],갤 보니까 개판이노,하 시발 좆같네,청붕이 (218.54) 2024.02.01 17:16:47 스크랩 조회 131 추천 2 댓글 0,2,131,2024.02.01 17:16:47,https://gall.dcinside.com/mgallery/board/view/?id=choenggu&no=1316&page=18
18,1315,[노가리],청구고 걸렸노,진지하게 다닐만하냐,청붕이 (218.54) 2024.02.01 16:55:56 스크랩 조회 230 추천 0 댓글 2,0,230,2024.02.01 16:55:56,https://gall.dcinside.com/mgallery/board/view/?id=choenggu&no=1315&page=18
18,1309,[노가리],청구고 특수반 있음?,?,아갤러 (49.168) 2024.01.17 23:51:22 스크랩 조회 303 추천 0 댓글 3,0,303,2024.01.17 23:51:22,https://gall.dcinside.com/mgallery/board/view/?id=choenggu&no=1309&page=18
18,1307,[노가리],우리학교 릴스쟁이,ㅈㄴ골때리네 이색기 이상한거만 처올리노ㅋㅋ,청붕이 (1.251) 2024.01.02 14:39:05 스크랩 조회 236 추천 1 댓글 1,1,236,2024.01.02 14:39:05,https://gall.dcinside.com/mgallery/board/view/?id=choenggu&no=1307&page=18
18,1305,[노가리],청구 짜장면 ㅁㅌㅊ?,일단 나는 ㅈ ㄴ 맛없든데 - dc official App,청붕이 (123.214) 2023.12.29 18:10:13 스크랩 조회 173 추천 0 댓글 1,0,173,2023.12.29 18:10:13,https://gall.dcinside.com/mgallery/board/view/?id=choenggu&no=1305&page=18
18,1304,[노가리],근데 진짜 학교 ㅈ같이 운영한다 축제하나없노ㅋㅋ,걍 졸업하고 동창회에서 여자빵디 흔드는거나 보자 게이들아ㅇㅇ,청붕이 (1.251) 2023.12.28 04:13:01 스크랩 조회 327 추천 6 댓글 0,6,327,2023.12.28 04:13:01,https://gall.dcinside.com/mgallery/board/view/?id=choenggu&no=1304&page=18
18,1303,[노가리],우리 학교에 했으면 하는 행사 뭐있음?,솔직히 행사 해도 노잼이고 학생 참여도 망인데 뭐 하면 흥행할것 같노 - dc official App,청붕이 (221.168) 2023.12.27 13:33:44 스크랩 조회 154 추천 0 댓글 1,0,154,2023.12.27 13:33:44,https://gall.dcinside.com/mgallery/board/view/?id=choenggu&no=1303&page=18
18,1302,[노가리],요즘 고등학교 12월에 졸업한다며,ㅈ구고는 그런거없냐,ㅇㅇ (211.186) 2023.12.26 04:18:21 스크랩 조회 200 추천 0 댓글 3,0,200,2023.12.26 04:18:21,https://gall.dcinside.com/mgallery/board/view/?id=choenggu&no=1302&page=18
18,1297,[노가리],ㅇㄷㅇ쌤 어떰?,- dc official App,청붕이 (123.214) 2023.12.13 00:01:31 스크랩 조회 350 추천 2 댓글 1,2,350,2023.12.13 00:01:31,https://gall.dcinside.com/mgallery/board/view/?id=choenggu&no=1297&page=18
18,1296,[노가리],노무현,노무현.,청붕이 (221.168) 2023.12.12 10:56:35 스크랩 조회 121 추천 0 댓글 0,0,121,2023.12.12 10:56:35,https://gall.dcinside.com/mgallery/board/view/?id=choenggu&no=1296&page=18
18,1295,[노가리],08인데,갤 보니깐 답 안나오는데 청구고 어떻나요,청붕이 (221.142) 2023.12.11 23:58:00 스크랩 조회 329 추천 0 댓글 2,0,329,2023.12.11 23:58:00,https://gall.dcinside.com/mgallery/board/view/?id=choenggu&no=1295&page=18
18,1291,[노가리],청구고 학교행사 많음?,ㅇㅇ,ㅇㅇ (116.41) 2023.12.04 17:01:20 스크랩 조회 213 추천 0 댓글 1,0,213,2023.12.04 17:01:20,https://gall.dcinside.com/mgallery/board/view/?id=choenggu&no=1291&page=18
18,1290,[노가리],작년 고1 수학쌤 누구 누구 였나요?,지금은 박찬b 쌤이랑 장성은 쌤인데 작년은 누구였나요,청붕이 (221.168) 2023.11.30 08:33:14 스크랩 조회 376 추천 0 댓글 1,0,376,2023.11.30 08:33:14,https://gall.dcinside.com/mgallery/board/view/?id=choenggu&no=1290&page=18
18,1289,[노가리],12~1월 급식표,- dc official App,Luckkey 2023.11.29 16:38:47 스크랩 조회 224 추천 0 댓글 0,0,224,2023.11.29 16:38:47,https://gall.dcinside.com/mgallery/board/view/?id=choenggu&no=1289&page=18
18,1288,[정보],양준혁 선수와 김병지 선수와 함께하는 ‘스포원’을 소개합니다!!,"안녕하세요~!! 🌟 스포츠와 즐거움이 만나는 곳, 양준혁 선수와 김병지 선수와 함께하는 ‘스포원’을 소개합니다! **입장권 구매시 전시기간 4일동안 전일 이용가능하시니 많은 관심 부탁드려요! ? 🎉 스포원, 첫 전시회 개최! 이번 스포원은 대구 EXCO에서 12월 7일(목)부터 10일(일)까지 열립니다! 이 특별한 순간, 여러분을 초대합니다. 🔥 첫 전시회 특별 혜택, 등록만해도 경품이! 사전등록시 500cc 맥주 교환권 증정! 사전 & 현장등록시, 아래 경품 중 하나를 랜덤으로 증정! 🎁 경품 목록 + 싸인볼 + 교촌치킨쿠폰 + 반려견 간식 + 골프공(볼빅) ⚾⚽ 양준혁 선수 김병지 선수와의 팬사인회! 및 원포인트 레쓴까지!! 더불어 양준혁 선수와 김병지 선수도 참여하여 팬사인회 및 원포인트 레쓴이 개최됩니다. 선수님들과의 소중한 만남을 놓치지 마세요! ? 🍔 모두를 위한 푸드존! 힐링 라운지, 치킨&비어, 스낵까지! 함께 즐거운 스포츠 체험과 푸드존을 통해 더욱 특별한 경험을 만들어보세요! ?+ 특별 게스트 출연! 이스타TV와 김병지 선수의 토크쇼 & 팬미팅도 기대해주세요. 놓치지 않고 참석하여 특별한 시간을 함께 나눠보세요! ?+ 현장에서는 다양한 스포츠 관련 상품도 판매 중! 패션, 용품, 장비 등 스포츠와 어울리는 다양한 최신 상품들을 직접 만나보세요! 🎫 입장료 안내(입장권 1매 소지시 4일동안 이용가능하십니다) 사전등록시 10,000원 현장등록시 20,000원 미취학 아동 입장료 무료 🌐 더 많은 정보와 사전 등록은 http://www.ksportsone.co.kr/ 를 확인하세요. 스포츠의 즐거움이 가득한 세계로 함께 떠나보아요! 문의사항이 있으면 언제든지 말씀해주세요. 여러분의 참여를 기대하겠습니다! 🏀🎾⚽ Instagram: @eco_mice_ 👇? 예매 바로가기 👇? https://www.onoffmix.com/event/289475",스포원 (106.241) 2023.11.29 15:57:48 스크랩 조회 124 추천 0 댓글 0,0,124,2023.11.29 15:57:48,https://gall.dcinside.com/mgallery/board/view/?id=choenggu&no=1288&page=18
18,1287,[노가리],망갤 테스트,굿,청붕이 (221.168) 2023.11.29 11:24:50 스크랩 조회 326 추천 14 댓글 1,14,326,2023.11.29 11:24:50,https://gall.dcinside.com/mgallery/board/view/?id=choenggu&no=1287&page=18
18,1286,[노가리],우리 학교에서 가장 잘생긴애가 누구냐,하 급하다.. 사진이나 인스타좀,청붕이 (1.251) 2023.11.28 22:22:36 스크랩 조회 375 추천 1 댓글 4,1,375,2023.11.28 22:22:36,https://gall.dcinside.com/mgallery/board/view/?id=choenggu&no=1286&page=18
18,1281,[노가리],이진학어떰?,- dc official App,청붕이 (221.168) 2023.11.17 10:16:22 스크랩 조회 317 추천 1 댓글 2,1,317,2023.11.17 10:16:22,https://gall.dcinside.com/mgallery/board/view/?id=choenggu&no=1281&page=18
18,1256,[노가리],청구고엔 이터널리턴 하는 사람 없나..,대회 참가해 보고 싶은데 하는놈이 없는듯 ㅋㅋ 후..,청붕이 (180.71) 2023.11.10 18:09:09 스크랩 조회 111 추천 0 댓글 0,0,111,2023.11.10 18:09:09,https://gall.dcinside.com/mgallery/board/view/?id=choenggu&no=1256&page=18
18,1254,[노가리],속보 와이파이 안되는 이유,학교 무선망은 수업용이라함 무선밍 사용자가 늘어서 수업때 렉이 걸린데 그래서 학생용 와이파이 아이디를 주기적으로 바꾼다넹,청붕이 (221.168) 2023.11.10 10:21:13 스크랩 조회 166 추천 1 댓글 0,1,166,2023.11.10 10:21:13,https://gall.dcinside.com/mgallery/board/view/?id=choenggu&no=1254&page=18
18,1253,[노가리],와이파이 비번 아는 겔붕이 도와달라,- dc official App,리젠 2023.11.09 09:28:53 스크랩 조회 378 추천 1 댓글 7,1,378,2023.11.09 09:28:53,https://gall.dcinside.com/mgallery/board/view/?id=choenggu&no=1253&page=18
19,1249,[노가리],고3이 공부한다는 환상은 누가심어둔거노,반에 80퍼가 놀고 처자는데ㅋㅋ,청붕이 (223.39) 2023.11.08 15:55:19 스크랩 조회 288 추천 6 댓글 1,6,288,2023.11.08 15:55:19,https://gall.dcinside.com/mgallery/board/view/?id=choenggu&no=1249&page=19
19,1247,[노가리],미래의 연애상대,난 예쁜누나가 최곤데. 집에서 장남이고 첫째고 여동생밖에 없어서 친누나 있는 분들이 부럽다 진짜,청빛나리 (116.122) 2023.11.06 16:02:12 스크랩 조회 236 추천 13 댓글 0,13,236,2023.11.06 16:02:12,https://gall.dcinside.com/mgallery/board/view/?id=choenggu&no=1247&page=19
19,1246,[노가리],청구고 서진혁 긴장해라,마포고 이상혁이 잡으러 간다,청붕이 (221.168) 2023.11.06 10:17:49 스크랩 조회 611 추천 0 댓글 0,0,611,2023.11.06 10:17:49,https://gall.dcinside.com/mgallery/board/view/?id=choenggu&no=1246&page=19
19,1245,[노가리],대구청구고 파이팅!,,ㄹㅇ굳ㅋㅋ 2023.11.06 03:30:00 스크랩 조회 198 추천 1 댓글 0,1,198,2023.11.06 03:30:00,https://gall.dcinside.com/mgallery/board/view/?id=choenggu&no=1245&page=19
19,1244,[노가리],수능 응원했을때 우리때는,간바레 간바레 센빠이 단체노래 춤췄는데 ㄹㅇㅋㅋ,청붕이 (1.251) 2023.11.05 21:15:07 스크랩 조회 108 추천 0 댓글 0,0,108,2023.11.05 21:15:07,https://gall.dcinside.com/mgallery/board/view/?id=choenggu&no=1244&page=19
19,1242,[노가리],이런 갤러리도 있네,김국환쌤이랑 정태진쌤 아직 계시나 음악이랑 수학 하셨던 쌤들인데,청붕이 (106.101) 2023.11.01 19:11:57 스크랩 조회 164 추천 0 댓글 1,0,164,2023.11.01 19:11:57,https://gall.dcinside.com/mgallery/board/view/?id=choenggu&no=1242&page=19
19,1240,[노가리],11월 중식 급식표,- dc official App,Luckkey 2023.10.30 13:52:37 스크랩 조회 184 추천 0 댓글 1,0,184,2023.10.30 13:52:37,https://gall.dcinside.com/mgallery/board/view/?id=choenggu&no=1240&page=19
19,1239,[노가리],전설민석 대단하다,진짜 청구고 앙민속은 전설이다.. 한국민속촌 민속놀이 앙민속,김근식 (221.168) 2023.10.30 11:06:06 스크랩 조회 113 추천 0 댓글 0,0,113,2023.10.30 11:06:06,https://gall.dcinside.com/mgallery/board/view/?id=choenggu&no=1239&page=19
19,1238,[노가리],전설주용 굉장하다,진짜 청구고 엄주용은 전설이다.. 엄박사님을 아세요? 엄 엄 엄@,청붕이 (221.168) 2023.10.30 11:03:41 스크랩 조회 101 추천 4 댓글 0,4,101,2023.10.30 11:03:41,https://gall.dcinside.com/mgallery/board/view/?id=choenggu&no=1238&page=19
19,1236,[노가리],선배님 왜 수성구로 출마 안하시고 ㅠㅠ,달서구로 빤스런 하십니까 ㅋㅋㅋ,ㅇㅇ (119.201) 2023.10.28 13:23:08 스크랩 조회 208 추천 0 댓글 1,0,208,2023.10.28 13:23:08,https://gall.dcinside.com/mgallery/board/view/?id=choenggu&no=1236&page=19
19,1235,[노가리],디지스트 축제에 이영지 옴,저기 사람 별루 없어서 코앞에서 직관 가능할듯,청붕이 (114.71) 2023.10.27 17:45:41 스크랩 조회 132 추천 0 댓글 0,0,132,2023.10.27 17:45:41,https://gall.dcinside.com/mgallery/board/view/?id=choenggu&no=1235&page=19
19,1234,[노가리],수행평가,2학년 물리수행  뭐하는거임?,청붕이 (121.151) 2023.10.26 22:43:40 스크랩 조회 126 추천 0 댓글 0,0,126,2023.10.26 22:43:40,https://gall.dcinside.com/mgallery/board/view/?id=choenggu&no=1234&page=19
19,1232,[노가리],석식지원금 부족 ㅇㅈㄹㅋㅋㅋㅋㅋ,"""석식비 전액지원에서 예산부족으로 인하여 자부담금 총 8천원으로 변동되었습니다.“ 그저 대단하다!",221.168 2023.10.24 15:30:02 스크랩 조회 191 추천 0 댓글 0,0,191,2023.10.24 15:30:02,https://gall.dcinside.com/mgallery/board/view/?id=choenggu&no=1232&page=19
19,1231,[노가리],니애미요,개념 ㅈㄴ없네 집에서 가정교육 안받음? 쳐 먹었으면 좀 버리던가 3학년이라 ㅈㄴ암말 안하노ㅋㅋ 가정교육부터 받고 학교 나와라,3학년시발년들아 (221.168) 2023.10.24 12:50:40 스크랩 조회 384 추천 8 댓글 2,8,384,2023.10.24 12:50:40,https://gall.dcinside.com/mgallery/board/view/?id=choenggu&no=1231&page=19
19,1227,[노가리],청구고도 크롬북 쓰냐?,제곧내,청붕이 (124.59) 2023.10.17 00:21:07 스크랩 조회 153 추천 0 댓글 0,0,153,2023.10.17 00:21:07,https://gall.dcinside.com/mgallery/board/view/?id=choenggu&no=1227&page=19
19,1226,[노가리],이진학쌤이 교장이네~,나떼 그냥 평교사였는데,청붕이 (221.142) 2023.10.13 01:35:53 스크랩 조회 371 추천 0 댓글 2,0,371,2023.10.13 01:35:53,https://gall.dcinside.com/mgallery/board/view/?id=choenggu&no=1226&page=19
19,1225,[노가리],오랜만이다,침대광고투표,별이다슷개 (211.228) 2023.10.11 14:35:13 스크랩 조회 328 추천 16 댓글 4,16,328,2023.10.11 14:35:13,https://gall.dcinside.com/mgallery/board/view/?id=choenggu&no=1225&page=19
19,1224,[노가리],청구가 부끄럽노,,221.168 2023.10.11 13:37:51 스크랩 조회 252 추천 0 댓글 1,0,252,2023.10.11 13:37:51,https://gall.dcinside.com/mgallery/board/view/?id=choenggu&no=1224&page=19
19,1221,[노가리],청구고에서 반에서 몇등해야 영남대가냐,꼴지 가까이하면 가냐... - dc official App,ㅇㅇ (223.39) 2023.10.10 18:16:14 스크랩 조회 386 추천 1 댓글 2,1,386,2023.10.10 18:16:14,https://gall.dcinside.com/mgallery/board/view/?id=choenggu&no=1221&page=19
19,1218,[노가리],99년생인데 반갑다,요즘도 막 강제야자시키고 때리고 그러냐 저때만해도 많이그랬음... 야자하기싫다고 맞고 결국 내가 억지로 하기싫다고해서 안하긴했다만 그 당시에는 공부하기가 싫었거든... 성인되어서 어찌저찌 군대갔다오고 수능처서 대학가긴했네 ㅋㅋ...,청붕이 (223.39) 2023.10.10 16:26:45 스크랩 조회 202 추천 3 댓글 2,3,202,2023.10.10 16:26:45,https://gall.dcinside.com/mgallery/board/view/?id=choenggu&no=1218&page=19
19,1217,[노가리],위대한 청구고,https://youtu.be/bWnMDN6Ex4U ?플라이 위드미 공연?2023년 청구고등학교 총동창회 체육대회/경북대학교 대운동장/2023-10-08 /촬영편집:올림픽왕건 (2) ?플라이 위드미 공연?2023년 청구고등학교 총동창회 체육대회/경북대학교 대운동장/2023-10-08 /촬영편집:올림픽왕건 (2) youtu.be,ㅇㅇ (117.111) 2023.10.10 10:28:34 스크랩 조회 735 추천 2 댓글 0,2,735,2023.10.10 10:28:34,https://gall.dcinside.com/mgallery/board/view/?id=choenggu&no=1217&page=19
19,1216,[노가리],10월 급식표,- dc official App,Luckkey 2023.10.01 23:03:24 스크랩 조회 293 추천 0 댓글 4,0,293,2023.10.01 23:03:24,https://gall.dcinside.com/mgallery/board/view/?id=choenggu&no=1216&page=19
19,1215,[노가리],작년 고1 수학 등급컷,고1 청붕이인데 작년 2022 2학기 중간 수학 1등급 몇 컷인지 아시는 선배 있을까요ㅠ 아니면 그런거 나와있는 곳 아시는 분 계시나요,청붕이 (61.41) 2023.09.30 23:26:59 스크랩 조회 309 추천 1 댓글 2,1,309,2023.09.30 23:26:59,https://gall.dcinside.com/mgallery/board/view/?id=choenggu&no=1215&page=19
19,1214,[노가리],서진혁(카나비)금메달 가즈아~~~!!!!,화이팅~~~!!!!!!!!!!!!!,청붕이 (223.39) 2023.09.29 14:40:47 스크랩 조회 334 추천 6 댓글 3,6,334,2023.09.29 14:40:47,https://gall.dcinside.com/mgallery/board/view/?id=choenggu&no=1214&page=19
19,1212,[노가리],청구고등학교 축구부,축구부애들 갑자기 다른학교로 다 같이 전학가던데 애들말로는 축구부 해체돼서 축구부있는학교로 전학가는거라는말도 있는데 그래서 우리 학교 축구부 없어진거임?,청붕이 (58.231) 2023.09.20 18:05:08 스크랩 조회 730 추천 0 댓글 2,0,730,2023.09.20 18:05:08,https://gall.dcinside.com/mgallery/board/view/?id=choenggu&no=1212&page=19
19,1211,[노가리],왕사슴 가이즈,7번 김준희,청붕이 (221.168) 2023.09.14 08:15:25 스크랩 조회 404 추천 1 댓글 1,1,404,2023.09.14 08:15:25,https://gall.dcinside.com/mgallery/board/view/?id=choenggu&no=1211&page=19
19,1210,[노가리],안대!!!! 청구고 고기수조 폐기 처분 예정임,흑흑 슬프다 내가 좃구고 온 이유가 수조때문인것도 있는데 ㅠㅠ,ㅇㅇ (221.168) 2023.09.13 16:23:21 스크랩 조회 311 추천 0 댓글 1,0,311,2023.09.13 16:23:21,https://gall.dcinside.com/mgallery/board/view/?id=choenggu&no=1210&page=19
19,1209,[노가리],초반에 갤 닉 대갤러<-ㄹㅇ 병신같았음,대걸래도 아니고 대갤러가 뭐냐 대갤러가,ㅇㅇ (61.111) 2023.09.13 16:01:30 스크랩 조회 142 추천 0 댓글 0,0,142,2023.09.13 16:01:30,https://gall.dcinside.com/mgallery/board/view/?id=choenggu&no=1209&page=19
19,1208,[노가리],청고기 없어진 이유 알려줌,컨테이너로 짐 옴겨야해서 기존에 계약하고 있던 수조관이랑 계약 해지해서 그럼 청고기들 원래 수조관 권속으로 묶여있어서 계약해지하면서 대리고 간듯? 수조는 청구꺼라 남아있는거고 승환게이 나가기전에 물어본거라 확실함.,ㅇㅇ (61.111) 2023.09.13 15:59:56 스크랩 조회 406 추천 8 댓글 1,8,406,2023.09.13 15:59:56,https://gall.dcinside.com/mgallery/board/view/?id=choenggu&no=1208&page=19
19,1207,[노가리],손으로 인증하라는 거 하지마,,ㅇㅇ (39.118) 2023.09.13 11:29:46 스크랩 조회 182 추천 0 댓글 1,0,182,2023.09.13 11:29:46,https://gall.dcinside.com/mgallery/board/view/?id=choenggu&no=1207&page=19
19,1206,[노가리],그 시절 청구고 선배 썰~,한 해 위 선배중에 모 선배가 있었는데 써클 ㅎㅁ(?) 장인가 그랬을거임 (아직 있는지는 모르겠음) 써클 모집 기간때 현란한 말빨로 애들 모으기 시작한거임 (써클 최초 면접 보는 써클이었음) 지원자도 장난아니었고~ 그 선배가 말빨 하나는 죽였었음 그 다음해 전교회장 출마했었는데 말빨로 애들 현혹 시켜서 압도적인 당선이 되었었다 아직도 그 선배 생각하면 레전드 중 레전드였던걸로 기억...,청붕이 (221.142) 2023.09.09 15:23:58 스크랩 조회 563 추천 12 댓글 1,12,563,2023.09.09 15:23:58,https://gall.dcinside.com/mgallery/board/view/?id=choenggu&no=1206&page=19
19,1204,[노가리],갑자기 떠나신 과학 박ㅂㅇ 쌤,"1년 계약이신데 6개월하고 왜 나가셨어요? 3학년들한텐 말 해줬다는데 아시는 선배님,,",청붕이 (61.41) 2023.09.08 04:03:29 스크랩 조회 454 추천 5 댓글 2,5,454,2023.09.08 04:03:29,https://gall.dcinside.com/mgallery/board/view/?id=choenggu&no=1204&page=19
19,1202,[노가리],내신 중앙이 어려움 청구가 어려움,중3입니다,ㅇㅇ (49.168) 2023.09.06 02:58:56 스크랩 조회 431 추천 0 댓글 5,0,431,2023.09.06 02:58:56,https://gall.dcinside.com/mgallery/board/view/?id=choenggu&no=1202&page=19
19,1200,[노가리],9월 급식표,- dc official App,Luckkey 2023.08.30 13:02:19 스크랩 조회 178 추천 1 댓글 1,1,178,2023.08.30 13:02:19,https://gall.dcinside.com/mgallery/board/view/?id=choenggu&no=1200&page=19
19,1195,[노가리],그분 우리때는 교감이셨는데,퇴임하셨구나 고생하셨습니다.,청붕이 (118.235) 2023.08.27 23:51:34 스크랩 조회 251 추천 0 댓글 0,0,251,2023.08.27 23:51:34,https://gall.dcinside.com/mgallery/board/view/?id=choenggu&no=1195&page=19
19,1189,[노가리],남기재(청구중교장)쌤,"예전에 화학 담당이셨는데 원소 주기율표 외우는법... 수헤리베비씨 엔오에프엔이 나마알씨인황염알 칼카~~!!! 그때 당시 남기재쌤 왈""너거 이거 20년이 지나도 안까먹을걸?"" 25년 지났어요 아직도 기억납니다 수소 리튬 나트륨 칼륨 루비듐 세슘 프란슘 베릴륨 마그네슘 칼슘 스트론튬 바륨 라듐~~! 와...남기재쌤 주입식 대단함!!!",청붕이 (221.142) 2023.08.24 18:43:03 스크랩 조회 605 추천 15 댓글 0,15,605,2023.08.24 18:43:03,https://gall.dcinside.com/mgallery/board/view/?id=choenggu&no=1189&page=19
19,1188,[노가리],설쌤(교장)과의 3년의 추억,"1998년~2001년까지 설쌤과의 추억 1998년 1학년2반 담임 1999년 2학년 4반 담임 2000년 3학년 1반담임 당시 그분을 처음 뵈었을때 충격을 잊지못함 aus aus aus~~~ 어디어디 에서~~~에서~~~ 독일어 카세트 홀로 재생하시다가 갑자기 끄시더니 ""무슨말인지 하나도 모르겠더라~"" was ist du da? (바티스투타..모르겠으면 검색해보셈 아르헨티나 전설의 축구선수) 자는 학생이 있을시 설쌤 반응 ""자는 사람 절대로 깨우지 마시오"" 혹시나 깨울시 깨운 놈 응징하심ㅋ 조는 사람은 이히~~!! 라는 추임새와 함께 마빡 강타를 당할것임 혹시나 잘못했을시 ""고향에 계신 부모님은 너를 보고 계시는데 너는 ~~~ 이러시며 타이르심 혹시나 야자감독할시 교실 창문으로 눈만 빼꼼하시면서 감독하시는데 당시 난 ""와 눈봐라 좆나 빠꼼하게 생겼다 ㅋㅋㅋㅋ 이러다가"" 눈마주쳐서 쌤한테 농담하면서 쪼갰다가 장난으로 쳐맞았는데 ㅋㅋㅋ 수학여행가면 사진담당은 설쌤담당ㅋ(포커스 지도선생) 두서없이 생각나는대로 썼는데 그때 쌤 나이를 넘었다 나도... 설쌤~ 보고싶습니다 다른쌤들 썰도 풀고싶은데 이제 아는 쌤들이 별로 없더만~",청붕이 (221.142) 2023.08.24 18:33:35 스크랩 조회 557 추천 11 댓글 6,11,557,2023.08.24 18:33:35,https://gall.dcinside.com/mgallery/board/view/?id=choenggu&no=1188&page=19
19,1185,[노가리],ㅋㅋ 생기부 몇타치?,10자임. - dc official App,라이딩시로코땀냄새 2023.08.21 09:24:45 스크랩 조회 760 추천 22 댓글 3,22,760,2023.08.21 09:24:45,https://gall.dcinside.com/mgallery/board/view/?id=choenggu&no=1185&page=19
19,1182,[노가리],열무비빔밥 <<< 왜있는거임?,온갖 야채들 다 때리넣은데다가 열무랑 고추장이랑 밥은 ㅈㄴ 따로논다 웬만하면 급식 딱히 불만없이 다먹는데 이건 진짜 용납이 안된다 나는,ㅇㅇ (218.236) 2023.08.19 00:59:56 스크랩 조회 154 추천 1 댓글 1,1,154,2023.08.19 00:59:56,https://gall.dcinside.com/mgallery/board/view/?id=choenggu&no=1182&page=19
19,1179,[노가리],이 학교 와이파이 관리하는 선생 누구냐,씨발 처죽일라 개새끼가 장난하자는 거냐 그새끼 ㅈ같으면 개추박아라,ㅇㅇ (223.39) 2023.08.18 12:23:56 스크랩 조회 205 추천 3 댓글 1,3,205,2023.08.18 12:23:56,https://gall.dcinside.com/mgallery/board/view/?id=choenggu&no=1179&page=19
19,1178,[노가리],청구고 와파 비번 진짜 올림 ㄹㅇ,익명 아이디는 필요없음 안적어도 됨,ㅇㅇ (221.168) 2023.08.17 10:23:35 스크랩 조회 268 추천 2 댓글 1,2,268,2023.08.17 10:23:35,https://gall.dcinside.com/mgallery/board/view/?id=choenggu&no=1178&page=19
19,1172,[노가리],초등학교 선생님 자살 사건을 보며 느낀점,"안타까운 사건을 보며 내가 내린 결론은 왜 학부모들이 선생님을 불신하고 괴롭힐까에 대한생각인데 지금의 부모가 학창시절에 교사들에게 당한 잔인한 폭력때문이라 생각한다 일관성있는 훈육보단 개인감정에 치우쳐 매질, 벽에 세워두고 뺨을 때리던 과거의 기억들이 20년 지난 시점에도 생생한 기억으로 남아 있다 그때 그 폭력교사들이 교장 교감을 하고 연금 잘 받아 먹고 살 모습에 치가 떨린다 신입교사들은 잘못이 없다 과거에 있던 일부 폭력 교사들의 잘못이다 개인의 양심이다. 평생 돌아보며 안고 가라",참교육 (50.122) 2023.07.26 14:30:30 스크랩 조회 596 추천 12 댓글 1,12,596,2023.07.26 14:30:30,https://gall.dcinside.com/mgallery/board/view/?id=choenggu&no=1172&page=19
19,1169,[노가리],방학식 몇시에 마치냐?,ㅅㅂ,ㅇㅇ (223.39) 2023.07.18 08:30:48 스크랩 조회 165 추천 0 댓글 0,0,165,2023.07.18 08:30:48,https://gall.dcinside.com/mgallery/board/view/?id=choenggu&no=1169&page=19
19,1165,[노가리],실시간 이거 뭐냐 ㅋㅋㅋㅋ,승환이 화이팅!! ㅋㅋㅋㅋㅋㅋㅋㅋㅋㅋㅋㅋㅋㅋㅋㅋ,221.168 2023.07.14 14:35:29 스크랩 조회 656 추천 9 댓글 1,9,656,2023.07.14 14:35:29,https://gall.dcinside.com/mgallery/board/view/?id=choenggu&no=1165&page=19
19,1164,[노가리],LSD사랑해 저격,마약을 즐겨하는거로 추정돼..,ㅇㅇ (223.39) 2023.07.11 23:19:06 스크랩 조회 188 추천 0 댓글 0,0,188,2023.07.11 23:19:06,https://gall.dcinside.com/mgallery/board/view/?id=choenggu&no=1164&page=19
19,1162,[노가리],청구호텔근황,요즘도 수업시간이나 자습시간에 학교에서 자는 학생있니? 나때는 그런 학생들 머리지압주거나 때려서 화장실 보냈음. 요즘은 그냥 그런 학생들 쌤들이 건들지 않니?,청구호텔 (27.173) 2023.07.10 15:17:12 스크랩 조회 260 추천 1 댓글 1,1,260,2023.07.10 15:17:12,https://gall.dcinside.com/mgallery/board/view/?id=choenggu&no=1162&page=19
19,1161,[노가리],졸업생 질문 좀 받아주라,1. 여름 방학 시작 며칠임?? 2. 운동장에 건물 중학교가 쓰는 거임??,ㅇㅇ (1.251) 2023.07.10 14:03:10 스크랩 조회 273 추천 1 댓글 4,1,273,2023.07.10 14:03:10,https://gall.dcinside.com/mgallery/board/view/?id=choenggu&no=1161&page=19
19,1160,[노가리],광역시 소속 군지역,대구광역시에 군위군이 올해 7월 1일에 흡수된 기념으로 투표,청구고지리 (119.18) 2023.07.09 05:28:48 스크랩 조회 205 추천 3 댓글 0,3,205,2023.07.09 05:28:48,https://gall.dcinside.com/mgallery/board/view/?id=choenggu&no=1160&page=19
19,1159,[노가리],3학년 화작 종합 87.7이면 3등급 나오냐,중간 잘쳤는데 기말 망쳐서 애매함 수행+중간+기말해서 87.7 이면 3등급 나오겠지?,ㅇㅇ (218.238) 2023.07.07 18:35:58 스크랩 조회 249 추천 0 댓글 0,0,249,2023.07.07 18:35:58,https://gall.dcinside.com/mgallery/board/view/?id=choenggu&no=1159&page=19
19,1158,[노가리],외모지상주의,요즘도 외모가 사람을 평가하는 데 중요한가?,청구고통 (223.32) 2023.07.07 17:52:50 스크랩 조회 329 추천 8 댓글 0,8,329,2023.07.07 17:52:50,https://gall.dcinside.com/mgallery/board/view/?id=choenggu&no=1158&page=19
20,1156,[노가리],군대,앞으로 군 인력 줄어들텐데 로봇이 대체하지 않은 이상 고생이 많을거야.,청구고인물 (121.181) 2023.07.07 12:05:23 스크랩 조회 195 추천 1 댓글 0,1,195,2023.07.07 12:05:23,https://gall.dcinside.com/mgallery/board/view/?id=choenggu&no=1156&page=20
20,1153,[노가리],청구갤 공식 마크 서버 뿌린다,자습할때 서버연다 들어와라 게이들아,ㅇㅇ (221.168) 2023.07.06 16:03:06 스크랩 조회 230 추천 1 댓글 0,1,230,2023.07.06 16:03:06,https://gall.dcinside.com/mgallery/board/view/?id=choenggu&no=1153&page=20
20,1151,[노가리],123학년 1학기 기말고사 답지,안올라옴?,ㅇㅇ (118.235) 2023.07.04 16:10:00 스크랩 조회 126 추천 0 댓글 0,0,126,2023.07.04 16:10:00,https://gall.dcinside.com/mgallery/board/view/?id=choenggu&no=1151&page=20
20,1148,[노가리],시험,생명과학진짜미쳤다,ㅇㅇ (121.151) 2023.06.29 17:46:54 스크랩 조회 173 추천 2 댓글 0,2,173,2023.06.29 17:46:54,https://gall.dcinside.com/mgallery/board/view/?id=choenggu&no=1148&page=20
20,1144,[노가리],7월 급식표,- dc official App,Luckkey 2023.06.27 08:08:20 스크랩 조회 218 추천 1 댓글 0,1,218,2023.06.27 08:08:20,https://gall.dcinside.com/mgallery/board/view/?id=choenggu&no=1144&page=20
20,1143,[노가리],자기가 과목선택 잘못했으면 참고하셈,그냥 참고 하라고 ㅋㅋㅋㅋㅋㅋㅋ 명단하고 새로 짜야해서 귀찮다고 안 해줄 가능성이 높긴 한데 진짜 간절하면 인터넷에서 된다고 했던 그거 오피셜 자료로 보여주면서 설득하면 바꿔줄수도 있음 고작 시발 이 수업에서 얘 하나 지우고 저 수업에 하나 더 끼우는건데 불가능할리는 없고 그냥 귀찮아서 그러는거임,221.168 2023.06.26 15:48:10 스크랩 조회 386 추천 6 댓글 1,6,386,2023.06.26 15:48:10,https://gall.dcinside.com/mgallery/board/view/?id=choenggu&no=1143&page=20
20,1142,[노가리],청구홈페이지 왜터졌냐,기출답지좀 볼라는데 박살이 나고 있으니까 - dc official App,ㅇㅇ (118.235) 2023.06.25 18:55:43 스크랩 조회 140 추천 0 댓글 0,0,140,2023.06.25 18:55:43,https://gall.dcinside.com/mgallery/board/view/?id=choenggu&no=1142&page=20
20,1137,[노가리],유리원님,막 옷벗고 그러지 마세요 - dc official App,ㅇㅇ 2023.06.22 16:14:21 스크랩 조회 121 추천 2 댓글 1,2,121,2023.06.22 16:14:21,https://gall.dcinside.com/mgallery/board/view/?id=choenggu&no=1137&page=20
20,1136,[노가리],공사장 asmr ㅋㅋㅋㅋㅋㅋㅋㅋ,진짜 청구답노 ㅋㅋㅋㅋ,221.168 2023.06.22 14:24:59 스크랩 조회 138 추천 2 댓글 0,2,138,2023.06.22 14:24:59,https://gall.dcinside.com/mgallery/board/view/?id=choenggu&no=1136&page=20
20,1135,[노가리],설순황 취익,이건 뭐냐 - dc official App,Luckkey 2023.06.21 22:14:45 스크랩 조회 243 추천 1 댓글 0,1,243,2023.06.21 22:14:45,https://gall.dcinside.com/mgallery/board/view/?id=choenggu&no=1135&page=20
20,1134,[노가리],ㅅㅂ,ㅅㅂ,2 (221.168) 2023.06.21 20:50:01 스크랩 조회 99 추천 0 댓글 0,0,99,2023.06.21 20:50:01,https://gall.dcinside.com/mgallery/board/view/?id=choenggu&no=1134&page=20
20,1133,[노가리],하.....옛날생각 나노,졸업하고 나니 돌아가고 싶노 ㅠㅠ - dc official App,ㅇㅇ (114.200) 2023.06.21 20:47:20 스크랩 조회 208 추천 3 댓글 2,3,208,2023.06.21 20:47:20,https://gall.dcinside.com/mgallery/board/view/?id=choenggu&no=1133&page=20
20,1132,[노가리],1998년 졸업생 왔다간다.,설사 쌤이 교장 선생님이 되었다니... ㄷㄷ 하네...,oo (14.52) 2023.06.20 18:27:14 스크랩 조회 387 추천 6 댓글 1,6,387,2023.06.20 18:27:14,https://gall.dcinside.com/mgallery/board/view/?id=choenggu&no=1132&page=20
20,1130,[노가리],싸움,싸우지 말고!!!!!!,ㅇㅇ (121.151) 2023.06.19 18:01:58 스크랩 조회 160 추천 0 댓글 0,0,160,2023.06.19 18:01:58,https://gall.dcinside.com/mgallery/board/view/?id=choenggu&no=1130&page=20
20,1129,[노가리],청구고 축제,딴 학교 애인데 니넨 축제 없음?? 진짜 몰라서 물어봄,ㅇㅇ (221.164) 2023.06.18 21:20:49 스크랩 조회 252 추천 2 댓글 1,2,252,2023.06.18 21:20:49,https://gall.dcinside.com/mgallery/board/view/?id=choenggu&no=1129&page=20
20,1125,[노가리],헉 …………,이거 뭐냐 시발아님?,ㅎㅎ (221.168) 2023.06.16 10:41:31 스크랩 조회 142 추천 2 댓글 0,2,142,2023.06.16 10:41:31,https://gall.dcinside.com/mgallery/board/view/?id=choenggu&no=1125&page=20
20,1123,[노가리],Lsb사랑해 발음 수준,이거 못함,ㅇㅇ (221.168) 2023.06.12 16:20:51 스크랩 조회 215 추천 5 댓글 0,5,215,2023.06.12 16:20:51,https://gall.dcinside.com/mgallery/board/view/?id=choenggu&no=1123&page=20
20,1122,[노가리],유리원님,어디갔나요? - dc official App,ㅇㅇ 2023.06.12 15:18:06 스크랩 조회 131 추천 4 댓글 1,4,131,2023.06.12 15:18:06,https://gall.dcinside.com/mgallery/board/view/?id=choenggu&no=1122&page=20
20,1120,[노가리],청구고 방학,청구고 방학 일주일 줄어드는거 사실임?,청구고폭파 (123.214) 2023.06.10 15:18:11 스크랩 조회 222 추천 1 댓글 1,1,222,2023.06.10 15:18:11,https://gall.dcinside.com/mgallery/board/view/?id=choenggu&no=1120&page=20
20,1118,[노가리],3학년 졸사 다음주 금요일로 밀림,특) 내일보다 훨씬 더울 예정이다.,221.168 2023.06.08 19:21:01 스크랩 조회 174 추천 0 댓글 1,0,174,2023.06.08 19:21:01,https://gall.dcinside.com/mgallery/board/view/?id=choenggu&no=1118&page=20
20,1117,[노가리],옥상에서 지금 ㅅㅂ 뭐하는거노,지이이이ㅣ이이이잉ㅋㅋ,ㅇㅇ (221.168) 2023.06.08 11:04:48 스크랩 조회 305 추천 2 댓글 3,2,305,2023.06.08 11:04:48,https://gall.dcinside.com/mgallery/board/view/?id=choenggu&no=1117&page=20
20,1116,[노가리],랄로 vs 가재맨,둘다 잘생기고 말하는거 재밌고 못고르겠다,ㅇㅇ (221.168) 2023.06.07 10:24:06 스크랩 조회 197 추천 2 댓글 1,2,197,2023.06.07 10:24:06,https://gall.dcinside.com/mgallery/board/view/?id=choenggu&no=1116&page=20
20,1115,[노가리],3학년 ㅈ됐다!,금요일 오후 동복 입고 사진 찍는데 구름 한점 없는 30도 설가놈 임기 끝나간다고 막 나가노 ㅋㅋㅋㅋㅋㅋ,221.168 2023.06.04 16:39:02 스크랩 조회 564 추천 9 댓글 2,9,564,2023.06.04 16:39:02,https://gall.dcinside.com/mgallery/board/view/?id=choenggu&no=1115&page=20
20,1114,[노가리],일본어 기말 서술형,있음?,ㅇㅇ (222.238) 2023.06.03 23:28:48 스크랩 조회 173 추천 1 댓글 0,1,173,2023.06.03 23:28:48,https://gall.dcinside.com/mgallery/board/view/?id=choenggu&no=1114&page=20
20,1111,[노가리],게이들아 6모 후기좀 말해봐라,궁금하노 - dc official App,청구상고 2023.06.01 18:25:57 스크랩 조회 200 추천 0 댓글 0,0,200,2023.06.01 18:25:57,https://gall.dcinside.com/mgallery/board/view/?id=choenggu&no=1111&page=20
20,1109,[노가리],야 고3이 떡정나면 어떡함?,내가 그럼 - dc official App,콩도리 2023.05.29 21:38:21 스크랩 조회 296 추천 0 댓글 1,0,296,2023.05.29 21:38:21,https://gall.dcinside.com/mgallery/board/view/?id=choenggu&no=1109&page=20
20,1108,[노가리],07학번 선배 왔다간다,현재 직장인이다 라떼는 싸대기맞고 쓰레기통에 박히고 엎드려뻗쳐서 궁디 각목으로 20대맞고 했는데 요즘엔 그런게 없다며,으ㅇ (211.105) 2023.05.29 17:49:48 스크랩 조회 411 추천 7 댓글 0,7,411,2023.05.29 17:49:48,https://gall.dcinside.com/mgallery/board/view/?id=choenggu&no=1108&page=20
20,1107,[노가리],아니 ㅆ발 수학여행안가냐?,당일치기로 갔다온다는데 이거 맞는거임?,ㅇㅇ (218.238) 2023.05.25 18:46:01 스크랩 조회 251 추천 1 댓글 1,1,251,2023.05.25 18:46:01,https://gall.dcinside.com/mgallery/board/view/?id=choenggu&no=1107&page=20
20,1106,[노가리],6월 급식표,- dc official App,Luckkey 2023.05.25 08:44:11 스크랩 조회 227 추천 1 댓글 3,1,227,2023.05.25 08:44:11,https://gall.dcinside.com/mgallery/board/view/?id=choenggu&no=1106&page=20
20,1105,[노가리],지난번에 급식먹고 나가는데 설승환이 내 엉덩이 때림,이거 성추행으로 신고 못하냐?,ㅇㅇ (222.233) 2023.05.24 17:17:35 스크랩 조회 517 추천 19 댓글 1,19,517,2023.05.24 17:17:35,https://gall.dcinside.com/mgallery/board/view/?id=choenggu&no=1105&page=20
20,1101,[노가리],필독)중력절 행동강령,"행동강령 5월 23일 해마다 다가오는 중력절엔 놀랄 정도로 기이한 현상이 포착됩니다. 이를 방심하고 아래의 내용을 지키지 않은 사람들은 전부 생사를 알 수도 없이 감쪽같이 사라졌습니다. 저희는 이런 불상사를 끊어내기 위해 수 많은 희생을 비롯한 연구를 꾸준히 이어와 이 중력절의 금기사항을 전부 알아냈습니다. 지금부터는 전부 실제로 당신의 곁에 충분히 일어날 수 있는 경우입니다. 부디 두려워하시지 마시고 아래의 내용을 잘 이행해주시길 바랍니다. 또한 만일의 경우를 대비하여 식량을 충분히 모아놓는것을 추천합니다. 이건 실제상황입니다, 부디 현명하고 침착하게 행동해주시길 바랍니다. 중력절 금기사항 1. 절대로 높은 곳에 올라가지마세요, 누군가랑 대동하여 간다면 더욱 더 위험해집니다. 중력절 행동강령 5월 23일 해마다 다가오는 중력절엔 놀랄 정도로 기이한 현상이 포착됩니다. 이를 방심하고 아래의 내용을 지키지 않은 사람들은 전부 생사를 알 수도 없이 감쪽같이 사라졌습",노무현 (221.168) 2023.05.23 12:27:14 스크랩 조회 299 추천 2 댓글 0,2,299,2023.05.23 12:27:14,https://gall.dcinside.com/mgallery/board/view/?id=choenggu&no=1101&page=20
20,1100,[노가리],중력....,500배 - dc official App,청구상고 2023.05.23 09:44:10 스크랩 조회 95 추천 2 댓글 0,2,95,2023.05.23 09:44:10,https://gall.dcinside.com/mgallery/board/view/?id=choenggu&no=1100&page=20
20,1097,[노가리],봉하콘 잊지않았겠지?,지금이라도 빨라 봐라,ㅇㅇ (115.136) 2023.05.22 22:59:04 스크랩 조회 104 추천 2 댓글 0,2,104,2023.05.22 22:59:04,https://gall.dcinside.com/mgallery/board/view/?id=choenggu&no=1097&page=20
20,1096,[노가리],수행 ㅈㄴ 많아 진짜,아 1학년생인데 화요일날 수행 ㅈㄴ 모아놓ㅇㅏ ㅆㅃ 무슨 수행이 5개여 국 영 과탐 과 음 미친거냐? 과탐이랑 과를 같이 두는건 무슨 생각으로 그랬는지는 모르겠지만 학생들 엿먹일려고 그런거같다 아니 어케 5개냐고 ㅆㅃㅃㅃㅃ 지금 원소기호 ㅈㄴ 외우는데 정신나갈거같다 영어는 ㅆㅃ 문단 4개를 3배해서 주노 이게 학교임? 명품청구 어디갔노,ㅂㄹㄹㅋ (220.122) 2023.05.22 20:23:49 스크랩 조회 312 추천 8 댓글 2,8,312,2023.05.22 20:23:49,https://gall.dcinside.com/mgallery/board/view/?id=choenggu&no=1096&page=20
20,1094,[노가리],근데 왜 청구고 출신인물에 카나비 사라짐?,카나비 학력에도 청구고 없던디 뭐노 - dc official App,청구상고 2023.05.21 23:13:43 스크랩 조회 342 추천 1 댓글 1,1,342,2023.05.21 23:13:43,https://gall.dcinside.com/mgallery/board/view/?id=choenggu&no=1094&page=20
20,1093,[노가리],짤녀 골반 ㅁㅌㅊ??,정신차려라.,햄빨 2023.05.21 15:49:46 스크랩 조회 314 추천 4 댓글 2,4,314,2023.05.21 15:49:46,https://gall.dcinside.com/mgallery/board/view/?id=choenggu&no=1093&page=20
20,1089,[노가리],나 슼갈인데 카나비 잘해서 열받는다ㅇㅇ,오너 ㅅㅂ..,ㅇㅇ (106.101) 2023.05.19 00:15:28 스크랩 조회 137 추천 1 댓글 0,1,137,2023.05.19 00:15:28,https://gall.dcinside.com/mgallery/board/view/?id=choenggu&no=1089&page=20
20,1088,[노가리],자랑스러운 명문대구청구고의 자랑 실물 영접한 썰 푼다 ㄷㄷ,이새끼 학교자랑만 하다감 ㅋㅋ,ㅇㅇ (112.155) 2023.05.18 20:23:33 스크랩 조회 658 추천 14 댓글 0,14,658,2023.05.18 20:23:33,https://gall.dcinside.com/mgallery/board/view/?id=choenggu&no=1088&page=20
20,1085,[노가리],배고파,배,ㅇㅇ (221.168) 2023.05.17 18:52:43 스크랩 조회 107 추천 0 댓글 0,0,107,2023.05.17 18:52:43,https://gall.dcinside.com/mgallery/board/view/?id=choenggu&no=1085&page=20
20,1083,[노가리],목요일자 청구구,똥싸지르고 감,221.168 2023.05.13 15:08:15 스크랩 조회 236 추천 1 댓글 1,1,236,2023.05.13 15:08:15,https://gall.dcinside.com/mgallery/board/view/?id=choenggu&no=1083&page=20
20,1080,[노가리],야이씨,발롬들아 모의고사 치는데 존나 시끄럽네 조용히 안하냐? 니들 2학기 기말칠때 책상 집어 던지기 전에 사려라,ㅇㅇ (58.124) 2023.05.11 00:51:25 스크랩 조회 246 추천 7 댓글 3,7,246,2023.05.11 00:51:25,https://gall.dcinside.com/mgallery/board/view/?id=choenggu&no=1080&page=20
20,1074,[노가리],아 시발,ㅈ같다,ㅇㅇ (221.168) 2023.05.02 11:38:20 스크랩 조회 153 추천 1 댓글 0,1,153,2023.05.02 11:38:20,https://gall.dcinside.com/mgallery/board/view/?id=choenggu&no=1074&page=20
20,1072,[노가리],운동장 노래자랑 진짜ㅋㅋ,걍 학교꼬라지ㅋㅋㅋㅋㅋㅋㅋㅋ,ㅇㅇ (221.168) 2023.04.28 12:11:15 스크랩 조회 306 추천 2 댓글 2,2,306,2023.04.28 12:11:15,https://gall.dcinside.com/mgallery/board/view/?id=choenggu&no=1072&page=20
20,1069,[노가리],시험언제끝남?,오랜만에 ㅇㅎㅈ쌤 ㅇㅈㅇ쌤 보러가려는데 시험언제끝남?,ㅇㅇ (121.151) 2023.04.27 11:49:35 스크랩 조회 235 추천 0 댓글 4,0,235,2023.04.27 11:49:35,https://gall.dcinside.com/mgallery/board/view/?id=choenggu&no=1069&page=20
20,1068,[노가리],5월 급식표,- dc official App,Luckkey 2023.04.26 14:52:00 스크랩 조회 185 추천 1 댓글 1,1,185,2023.04.26 14:52:00,https://gall.dcinside.com/mgallery/board/view/?id=choenggu&no=1068&page=20
20,1067,[노가리],윤석열 안티?,윤석’렬’,ㅇㅇ (221.168) 2023.04.26 09:52:17 스크랩 조회 347 추천 11 댓글 3,11,347,2023.04.26 09:52:17,https://gall.dcinside.com/mgallery/board/view/?id=choenggu&no=1067&page=20
20,1065,[노가리],실시간 청붕이 ㅈ된썰푼다,우리반애들 기침 존나하던데 다 슨배님들 따뜻한 사랑 덕분이었노ㅋㅋ 이정도면 반 단체로 조례 종례마다 선생님과 맞딸친거아니냐? 존나고맙다 시발놈들아,2-4김민ㅅ (118.235) 2023.04.26 08:00:53 스크랩 조회 655 추천 14 댓글 2,14,655,2023.04.26 08:00:53,https://gall.dcinside.com/mgallery/board/view/?id=choenggu&no=1065&page=20
20,1064,[노가리],본 파딱은 설까 지지합니노,"지는 뭐 잘한게 있다고 돌아다니면서 쌤들, 학생들 감시를 하노? 외부인은 볼일 없다고 청고기 관리 안 해서 병걸리게 만들고 학교 위생상태는 개판나서 에어컨에서 먼지 나오고 냄새 나고 하면 다 애들잘못에 다 애들한테 청소 시키고 학교 안에선 사복 입어도 아무 말 안 하면서 등하교 할 때 교복 입으라는건 진짜 딱 보여주기식 밖에 더 되노? 그냥 설가놈 임마한테는 학교랑 학생들이 지 이름 알리고 명성 드높이는 도구일 뿐임",221.168 2023.04.26 00:33:00 스크랩 조회 390 추천 9 댓글 15,9,390,2023.04.26 00:33:00,https://gall.dcinside.com/mgallery/board/view/?id=choenggu&no=1064&page=20
20,1063,[노가리],12년도 졸업생 들렀다 감,기억나는 쌤 ㄴㄱㅈ ㅂㅇㅅ ㄱㅇㅎ ㅅㅅㅎ ㅈㅊㅅ ㄱㅅㄱ ㅎㅊㅎ ㄱㅅㅇ ㄱㅈㅅ ㅊㅇㅎ ㅂㄱㅇ ㄴㅎ ㅅㅅㅂ ㄱㅎㅂ ㅈㅈㅅ ㅇㅈㅇ ㄴㄱㅇ ㅈㅅㅁ ㅈㅅㅇ  ㄱㅇㅇ ㄱㄷㄱ 이중에 아직도 청구고 계시는 쌤들 있음??,ㅇㅇ (118.41) 2023.04.25 11:55:32 스크랩 조회 698 추천 6 댓글 18,6,698,2023.04.25 11:55:32,https://gall.dcinside.com/mgallery/board/view/?id=choenggu&no=1063&page=20
20,1062,[노가리],이번주 석식 라인납,- dc official App,Luckkey 2023.04.24 18:51:01 스크랩 조회 190 추천 0 댓글 0,0,190,2023.04.24 18:51:01,https://gall.dcinside.com/mgallery/board/view/?id=choenggu&no=1062&page=20
