페이지,게시글번호,말머리,제목,내용,글쓴이,추천수,조회수,날짜,링크
1,2351,[졸업생],ㅋㅋ재밌노,탈광해놓고 보니까 08 새끼들 1학년때 대가리 총맞을 병신짓 다해놓고 좆반고 놈들을 까네ㅋㅋㅋ 무면허 오토바이 끌고오고 문신 질펀하게 하고 지랄도 따로 없었는데,대갤러 (118.235) 2026.05.30 10:46:13 스크랩 조회 40 추천 1 댓글 3,1,40,2026.05.30 10:46:13,https://gall.dcinside.com/mini/board/view/?id=dgh&no=2351&page=1
1,2350,[일반],대광고는,"타학교 학생인데 2,3학년은 자사고인데도 입결 ㅈ반고랑 비등한데 왜 일반고인 1학년 왤케까냐요? ㅋㅋ 재밌네요",대갤러 (118.235) 2026.05.29 22:24:08 스크랩 조회 99 추천 2 댓글 8,2,99,2026.05.29 22:24:08,https://gall.dcinside.com/mini/board/view/?id=dgh&no=2350&page=1
1,85,[일반],수정)물 들어온 김에 노나 저어봄,"'건의' 말머리 추가함 학생회도 자주 모니터링 하고 쌤들도 본다고 하니까 학교에 건의하고 싶은데 굳이 실명으로 했다 불이익 받을까봐 걱정되거나 익명으로 하고 싶은 내용을 이 말머리에 적어주면 좋을거 같음 그런데 아무나 적는게 아닌 대광고 학생이라는 인증이 있었으면 좋겠음 학생증에 얼굴, 이름, 바코드 부분에 포스트잇 같은걸 붙이고 포스트잇에 글 제목을 적어주면 좋을 거 같음 다른 갤러리는 기숙사 ip나 고정닉만 건의글을 쓸 수 있게 하던데 익명갤이라 불가능함 그래서 학생증 인증이 가장 확실한 방법라고 생각함 다른 고등학교갤은 이럴게 건의도 하던데 괜찮다 싶어서 가져와봤는데 어떻게 생각하냐? + 혹시라도 학생증 잃어버렸으면 교복 조끼나 마의 등 대광고 로고가 붙어있는 부분 옆에 포스트잇 붙이고 제목 쓴다음 로고랑 포스트잇이 같이 보이게 사진 찍어주면 괜찮을 것 같음",대광고학생 2022.03.08 00:44:41 스크랩 조회 5073 추천 21 댓글 14,21,5073,2022.03.08 00:44:41,https://gall.dcinside.com/mini/board/view/?id=dgh&no=85&page=1
1,2349,[일반],6모가 일주일 남은 이시점…,이거 받으면 ㄱㅊ 안받는다 ㅂㅊ,대갤러 (211.36) 2026.05.28 22:04:31 스크랩 조회 180 추천 15 댓글 1,15,180,2026.05.28 22:04:31,https://gall.dcinside.com/mini/board/view/?id=dgh&no=2349&page=1
1,2348,[일반],5/18이 얼마 안 지난 시점에서,급식에 탱크보이 나온거보고 실망 많이 했습니다…. 이재명 대통령에게 공식적으로 불매 당하고 싶지 않으시다면 얼른 사과 해주세요….,대갤러 (118.235) 2026.05.27 22:05:52 스크랩 조회 256 추천 17 댓글 2,17,256,2026.05.27 22:05:52,https://gall.dcinside.com/mini/board/view/?id=dgh&no=2348&page=1
1,2347,[일반],일반고10년생들 처돌았나,오늘 얘기다 들었음 박세웅인지 걔한테 다구리로 깝친 10들 뭐냐?ㅋㅋㅋ진짜 뒤질라고 작정했냐?겁도 없이 선배한테 깝치노 ㅋㅋ진짜 머가리 줘터지고 싶나 2학년한테 가서 사과해라 양심이 있으면,대갤러 (211.169) 2026.05.27 16:54:09 스크랩 조회 463 추천 26 댓글 5,26,463,2026.05.27 16:54:09,https://gall.dcinside.com/mini/board/view/?id=dgh&no=2347&page=1
1,2345,[일반],진지하게 편입,경기고 다니고있는데요 졸업 자사고에서 하고싶어요 대광에서 아직 받아주나요 졸사 찍었나요?,대갤러 (221.146) 2026.05.26 22:31:54 스크랩 조회 255 추천 0 댓글 4,0,255,2026.05.26 22:31:54,https://gall.dcinside.com/mini/board/view/?id=dgh&no=2345&page=1
1,2344,[3학년],빡치는거,3학년인데 수시 망해서 정시하는걸 선생님들은 왜 저주하거나 조리돌림하는거냐 ㄹㅇ 이해안되노 자기 수업 안듣는게 그렇게 화나는건가?,대갤러 (58.29) 2026.05.25 17:39:11 스크랩 조회 407 추천 4 댓글 13,4,407,2026.05.25 17:39:11,https://gall.dcinside.com/mini/board/view/?id=dgh&no=2344&page=1
1,2343,[일반],편입,세화고 08인데 졸업장은 역사깊은 명문 대광고로 찍고싶어서요.. 혹시 아직 받아줄까요?,대갤러 (118.235) 2026.05.24 17:29:00 스크랩 조회 264 추천 4 댓글 2,4,264,2026.05.24 17:29:00,https://gall.dcinside.com/mini/board/view/?id=dgh&no=2343&page=1
1,2342,[3학년],궁금한거,요즘 비호감 ㄴㄱㄴㄱ 있음?,대갤러 (1.240) 2026.05.23 22:16:56 스크랩 조회 304 추천 0 댓글 5,0,304,2026.05.23 22:16:56,https://gall.dcinside.com/mini/board/view/?id=dgh&no=2342&page=1
1,2341,[일반],대광고,화이팅!,대갤러 (211.235) 2026.05.22 18:57:52 스크랩 조회 264 추천 0 댓글 1,0,264,2026.05.22 18:57:52,https://gall.dcinside.com/mini/board/view/?id=dgh&no=2341&page=1
1,2340,[3학년],6모 파이팅!,모두 열심히 노력해서 꿈을 이루는 삶을 살면 좋겠다 파이팅!!,대갤러 (211.106) 2026.05.20 02:15:06 스크랩 조회 456 추천 22 댓글 3,22,456,2026.05.20 02:15:06,https://gall.dcinside.com/mini/board/view/?id=dgh&no=2340&page=1
1,2336,[졸업생],여러분 요즘 갑자기 더워진 이유가 뭔지 아세요?,대광 후배님들의 학구열 때문에 ㅋㅋㅋㅋㅋㅋㅋㅋㅋ - dc official App,Chloron 2026.05.18 10:40:26 스크랩 조회 437 추천 6 댓글 9,6,437,2026.05.18 10:40:26,https://gall.dcinside.com/mini/board/view/?id=dgh&no=2336&page=1
1,2335,[3학년],아니 평균 2등급대여도 성적 우하향곡선이면 답 없는거 모름?,"""알아 ㅅㅂ""",대갤러 (117.111) 2026.05.17 02:56:20 스크랩 조회 405 추천 1 댓글 3,1,405,2026.05.17 02:56:20,https://gall.dcinside.com/mini/board/view/?id=dgh&no=2335&page=1
1,2334,[일반],꿈좀깨라 제발,어떤여자가 니랑 만나주겠냐고 거울좀 봐 제발.. 대학가면 다 생기는줄 아나보네 드라마좀 그만보자,대갤러 (1.234) 2026.05.15 19:03:43 스크랩 조회 620 추천 15 댓글 6,15,620,2026.05.15 19:03:43,https://gall.dcinside.com/mini/board/view/?id=dgh&no=2334&page=1
1,2332,[일반],5등급 수시 챙긴다는 ㅅㄲ,ㅋㅋㅋㅋㅋㅋㅋㅋ 2등급새기들은 챙긴다고 대학 갈거같냐?? 니네도 걍 정시나해라 ㅋㅋ,대갤러 (118.235) 2026.05.15 17:08:58 스크랩 조회 481 추천 5 댓글 15,5,481,2026.05.15 17:08:58,https://gall.dcinside.com/mini/board/view/?id=dgh&no=2332&page=1
1,2331,[3학년],채플,언제까지 강당으로 가야됨? - dc official App,대갤러 (218.52) 2026.05.13 23:47:24 스크랩 조회 414 추천 1 댓글 1,1,414,2026.05.13 23:47:24,https://gall.dcinside.com/mini/board/view/?id=dgh&no=2331&page=1
1,2330,[3학년],대광고 최초,개추 300개 돌파하나요,대갤러 (211.234) 2026.05.13 22:07:51 스크랩 조회 385 추천 1 댓글 0,1,385,2026.05.13 22:07:51,https://gall.dcinside.com/mini/board/view/?id=dgh&no=2330&page=1
1,2329,[일반],성적까라,누구 말하는지 알지..? 성구야 나와,대갤러 (118.235) 2026.05.13 20:30:31 스크랩 조회 344 추천 4 댓글 1,4,344,2026.05.13 20:30:31,https://gall.dcinside.com/mini/board/view/?id=dgh&no=2329&page=1
1,2327,[일반],갤왜케노잼임,새로운게없노 - dc official App,대갤러 (211.169) 2026.05.12 16:39:34 스크랩 조회 366 추천 0 댓글 2,0,366,2026.05.12 16:39:34,https://gall.dcinside.com/mini/board/view/?id=dgh&no=2327&page=1
1,2326,[일반],실시간,자다가 깻는데 왜 책상위에 올려져있던 패드가 없어졌나..? 설마 또..?,대갤러 (211.169) 2026.05.11 12:26:41 스크랩 조회 407 추천 0 댓글 3,0,407,2026.05.11 12:26:41,https://gall.dcinside.com/mini/board/view/?id=dgh&no=2326&page=1
1,2325,[3학년],학교에서 자습 주면 자는 새끼들 이해가 안감,아침에 졸고 수업때 졸고 밥먹고 졸고 자습주면 졸고 야자 때 졸고 정작 밤에는 릴스랑 유튜브 보다가 새벽 2시에 자고 븅신같은 생활 계속하면 수능 날 때도 졸다가 조지는거임. 딱 주변에 공부 잘하는 애들 생각해보면 수업시간에 졸지를 않음. 12시엔 누워서 자라 븅신들아. 수능은 아침에 보는거임.,대갤러 (211.106) 2026.05.10 05:36:38 스크랩 조회 536 추천 21 댓글 5,21,536,2026.05.10 05:36:38,https://gall.dcinside.com/mini/board/view/?id=dgh&no=2325&page=1
1,2324,[일반],모고 볼때,농구장 왜 자꾸 쓰는거임? 6모 볼때는 괜찮으려나,대갤러 (106.101) 2026.05.09 01:10:23 스크랩 조회 401 추천 15 댓글 0,15,401,2026.05.09 01:10:23,https://gall.dcinside.com/mini/board/view/?id=dgh&no=2324&page=1
1,2322,[2학년],우린 교생 왜 안옴?,여자교생쌤 안오나,대갤러 (183.96) 2026.05.07 18:45:17 스크랩 조회 496 추천 1 댓글 2,1,496,2026.05.07 18:45:17,https://gall.dcinside.com/mini/board/view/?id=dgh&no=2322&page=1
1,2321,[3학년],시발 좀,사랑은 엄마한테 집에서 쳐받고 오라고 선생님한테 사랑받고 싶어할 생각을 하지 말고,대갤러 (211.169) 2026.05.06 21:44:32 스크랩 조회 669 추천 47 댓글 5,47,669,2026.05.06 21:44:32,https://gall.dcinside.com/mini/board/view/?id=dgh&no=2321&page=1
1,2319,[일반],3학년들 ㅋㅋ,공부나하지 글 싸지를 시간에 ㅋㅋ 1학년들은 사람취급받는거에 감사하고,대갤러 (211.169) 2026.05.06 11:41:14 스크랩 조회 558 추천 3 댓글 9,3,558,2026.05.06 11:41:14,https://gall.dcinside.com/mini/board/view/?id=dgh&no=2319&page=1
1,2318,[3학년],그냥 이해안가는 문화,1. 수시 4등급 이하한테 수시 계속 챙기라는 것 공립은 애들 대학 붙을 때마다 추가급여 받아서 알겠는데 사립도 그런거임? 2. 슬리퍼 신지마라는 것 도대체 어떤 병신이 반항하려고 슬리퍼 신는거임? 발에 땀나서 신지 - dc official App,대갤러 (211.234) 2026.05.06 07:22:37 스크랩 조회 491 추천 3 댓글 4,3,491,2026.05.06 07:22:37,https://gall.dcinside.com/mini/board/view/?id=dgh&no=2318&page=1
1,2316,[1학년],"학생회장,부회장",회)뒷문 좀 열어주고 석식먹을때 3학년들 좀 못 올라오게해주고 부회)시험도 끝났는데 런치리그? 그거 언제 할거임? 학생회 일 좀 잘해주세요,대갤러 (116.122) 2026.05.04 23:45:00 스크랩 조회 692 추천 2 댓글 17,2,692,2026.05.04 23:45:00,https://gall.dcinside.com/mini/board/view/?id=dgh&no=2316&page=1
1,2315,[일반],그래서 2학년 뭔일임,왜 내지말라한거?,대갤러 (218.152) 2026.05.04 21:47:07 스크랩 조회 609 추천 1 댓글 7,1,609,2026.05.04 21:47:07,https://gall.dcinside.com/mini/board/view/?id=dgh&no=2315&page=1
1,2314,[3학년],영어 컷 몇 예상,1컷 백임?,대갤러 (211.106) 2026.05.04 19:00:34 스크랩 조회 377 추천 0 댓글 2,0,377,2026.05.04 19:00:34,https://gall.dcinside.com/mini/board/view/?id=dgh&no=2314&page=1
1,2313,[일반],아까 개념글 후속,개념글 주인공의 스토리근황,ㅇㅇ (211.234) 2026.05.04 12:21:04 스크랩 조회 494 추천 5 댓글 3,5,494,2026.05.04 12:21:04,https://gall.dcinside.com/mini/board/view/?id=dgh&no=2313&page=1
1,2312,[3학년],영어,대황선영 그리우면 개추 박아라,대갤러 (134.195) 2026.05.04 11:30:10 스크랩 조회 686 추천 60 댓글 4,60,686,2026.05.04 11:30:10,https://gall.dcinside.com/mini/board/view/?id=dgh&no=2312&page=1
1,2311,[일반],오늘 2학년 무슨 일이있던거임?,왜 1교시 시험 끝나고 omr을 내지말고 기다리라고 한거임?,대갤러 (211.106) 2026.05.04 11:18:45 스크랩 조회 506 추천 3 댓글 4,3,506,2026.05.04 11:18:45,https://gall.dcinside.com/mini/board/view/?id=dgh&no=2311&page=1
1,2310,[일반],지금봤는데,‘그 글‘ 조회수 1272 개추 248 ㄷㄷ - dc official App,대갤러 (1.227) 2026.05.03 23:20:16 스크랩 조회 336 추천 5 댓글 0,5,336,2026.05.03 23:20:16,https://gall.dcinside.com/mini/board/view/?id=dgh&no=2310&page=1
1,2309,[일반],School knows,,빅나티 2026.05.03 20:20:43 스크랩 조회 988 추천 86 댓글 18,86,988,2026.05.03 20:20:43,https://gall.dcinside.com/mini/board/view/?id=dgh&no=2309&page=1
1,2307,[일반],솔직히,대경생활과고 >> 대광고 아닌가 대광이 그렇게 높았나 ㅋㅋ,대갤러 (221.146) 2026.05.02 09:58:03 스크랩 조회 496 추천 3 댓글 5,3,496,2026.05.02 09:58:03,https://gall.dcinside.com/mini/board/view/?id=dgh&no=2307&page=1
1,2306,[일반],이 새낀 또뭐냐,ㅈㅓㄹ대 못할거 같으면 개추ㅋㅋㅋ,대갤러 (211.235) 2026.05.01 20:09:14 스크랩 조회 604 추천 11 댓글 1,11,604,2026.05.01 20:09:14,https://gall.dcinside.com/mini/board/view/?id=dgh&no=2306&page=1
1,2304,[일반],어 그래 대경생활과학고에서 왔는데,정성구가 누구냐 ㅋㅋ 함 와라 싸지까자,대갤러 (118.235) 2026.05.01 17:37:42 스크랩 조회 428 추천 10 댓글 1,10,428,2026.05.01 17:37:42,https://gall.dcinside.com/mini/board/view/?id=dgh&no=2304&page=1
1,2303,[일반],2046년 메가스터디 사화탐구 영역 0타강사,대한민국 사회문화의 표준 안녕하세요 정성구입니다,정성구 2026.05.01 11:58:28 스크랩 조회 542 추천 30 댓글 5,30,542,2026.05.01 11:58:28,https://gall.dcinside.com/mini/board/view/?id=dgh&no=2303&page=1
1,2302,[일반],가면라이더 좀 꼴리지 않냐,오래된생각이다.,대갤러 (211.234) 2026.04.30 20:32:22 스크랩 조회 373 추천 1 댓글 3,1,373,2026.04.30 20:32:22,https://gall.dcinside.com/mini/board/view/?id=dgh&no=2302&page=1
1,2300,[3학년],아랫글-->핑프,,대갤러 (220.65) 2026.04.30 10:07:48 스크랩 조회 369 추천 0 댓글 1,0,369,2026.04.30 10:07:48,https://gall.dcinside.com/mini/board/view/?id=dgh&no=2300&page=1
1,2299,[3학년],대광홈피 왜 다운됐노,화작 답지 좀,대갤러 (118.235) 2026.04.30 09:26:36 스크랩 조회 282 추천 0 댓글 0,0,282,2026.04.30 09:26:36,https://gall.dcinside.com/mini/board/view/?id=dgh&no=2299&page=1
1,2298,[일반],가전렌탈 전문 렌탈어때?,가전 한 번에 사기 부담되냐? 렌탈로 가볍게 쓰고 필요 없으면 바꾸면 된다 초기비용 0원 수준 신용 낮아도 상담 가능 정수기·에어컨·공기청정기 전부 가능 현금 지원까지 챙겨가라 설치 + A/S 전부 포함 빠른 진행 가능 렌탈은 타이밍이다 지금 필요하면 그냥 쓰는 게 이득 렌탈어때? 이름 그대로 한 번 써봐라 https://gajeonrental.com/ Attention Required! | Cloudflare Attention Required! | Cloudflare gajeonrental.com,렌탈해라 2026.04.29 20:55:03 스크랩 조회 283 추천 1 댓글 4,1,283,2026.04.29 20:55:03,https://gall.dcinside.com/mini/board/view/?id=dgh&no=2298&page=1
1,2297,[일반],공부하기 싫을때,외쳐 갓 석 열,대갤러 (118.235) 2026.04.29 19:19:06 스크랩 조회 477 추천 16 댓글 5,16,477,2026.04.29 19:19:06,https://gall.dcinside.com/mini/board/view/?id=dgh&no=2297&page=1
1,2296,[3학년],화작,시험 범위 0.5 회독 미만 개추 - dc official App,대갤러 (211.234) 2026.04.29 16:24:30 스크랩 조회 384 추천 11 댓글 0,11,384,2026.04.29 16:24:30,https://gall.dcinside.com/mini/board/view/?id=dgh&no=2296&page=1
2,2290,[일반],사문,변별이 뭐죠?,대갤러 (172.225) 2026.04.29 11:07:28 스크랩 조회 376 추천 8 댓글 4,8,376,2026.04.29 11:07:28,https://gall.dcinside.com/mini/board/view/?id=dgh&no=2290&page=2
2,2287,[일반],고2때 5등급받고 수시챙기는건 뭔경우임?,웃음만나오네.. 3학년 수시챙기는 몇명 되지도않아서 3 4등급은 쉬운데 그거 따놓고 좋아하는거보면 넌 꼭 성공하겠다... 그치.. 그분들은 열심히 했는데 고2때 5등급나왔는데 등급오른거면 좋은거지...,대갤러 (61.98) 2026.04.29 00:11:40 스크랩 조회 460 추천 11 댓글 8,11,460,2026.04.29 00:11:40,https://gall.dcinside.com/mini/board/view/?id=dgh&no=2287&page=2
2,2286,[일반],일상 이야기가 모이는 네이버카피 지오스코,https://cafe.naver.com/central1995,지오스코 2026.04.28 20:12:22 스크랩 조회 176 추천 1 댓글 0,1,176,2026.04.28 20:12:22,https://gall.dcinside.com/mini/board/view/?id=dgh&no=2286&page=2
2,2285,[일반],정시러,한국사 100이다 같이 정시하자,대갤러 (223.39) 2026.04.28 14:26:54 스크랩 조회 239 추천 3 댓글 0,3,239,2026.04.28 14:26:54,https://gall.dcinside.com/mini/board/view/?id=dgh&no=2285&page=2
2,2283,[일반],국사 100점,10명 넘냐?,대갤러 (117.111) 2026.04.28 11:07:30 스크랩 조회 354 추천 0 댓글 1,0,354,2026.04.28 11:07:30,https://gall.dcinside.com/mini/board/view/?id=dgh&no=2283&page=2
2,2281,[일반],국사 10맞,5ㄱㄴ? - dc official App,대갤러 (220.117) 2026.04.28 09:55:04 스크랩 조회 245 추천 1 댓글 0,1,245,2026.04.28 09:55:04,https://gall.dcinside.com/mini/board/view/?id=dgh&no=2281&page=2
2,2280,[3학년],한국사,죽여줄게,대갤러 (121.130) 2026.04.27 23:08:26 스크랩 조회 314 추천 2 댓글 2,2,314,2026.04.27 23:08:26,https://gall.dcinside.com/mini/board/view/?id=dgh&no=2280&page=2
2,2279,[일반],휘문다니는 08인데,졸업장은 대광에서 받고싶어서.. 지금 가면 받아주냐?,대갤러 (118.235) 2026.04.27 19:35:23 스크랩 조회 345 추천 0 댓글 3,0,345,2026.04.27 19:35:23,https://gall.dcinside.com/mini/board/view/?id=dgh&no=2279&page=2
2,2278,[3학년],친구야,혹시 절대평가 과목 시험 챙기느라 상대평가 과목 공부 덜한건 아니지?,대갤러 (172.225) 2026.04.27 17:21:20 스크랩 조회 262 추천 5 댓글 1,5,262,2026.04.27 17:21:20,https://gall.dcinside.com/mini/board/view/?id=dgh&no=2278&page=2
2,2277,[일반],대광고,여전하노 ㅋㅋ,대갤러 (223.38) 2026.04.27 13:30:16 스크랩 조회 280 추천 1 댓글 1,1,280,2026.04.27 13:30:16,https://gall.dcinside.com/mini/board/view/?id=dgh&no=2277&page=2
2,2276,[일반],정시,정시러들아 내신 좀 놔봐라 ㅅㅂ 할 거 없냐?,대갤러 (1.231) 2026.04.26 14:45:49 스크랩 조회 499 추천 7 댓글 10,7,499,2026.04.26 14:45:49,https://gall.dcinside.com/mini/board/view/?id=dgh&no=2276&page=2
2,2274,[일반],여긴 뭐 틀딱들이 자위하는 곳인가,지들끼리 아는걸로 존나 자위질해대네 고3인데 저러는거 보면 3수는 기본이겠다,대갤러 (118.235) 2026.04.26 11:51:13 스크랩 조회 595 추천 24 댓글 8,24,595,2026.04.26 11:51:13,https://gall.dcinside.com/mini/board/view/?id=dgh&no=2274&page=2
2,2273,[일반],말놓고 딱 한마디만 하겠다,아니 계속 밑 게시물들 보면 도둑드립 ㅈㄴ 치는데 우리에겐 그걸 해결해줄 수 있는 유일한 사람이 있다… 08 대장 정 성 구,대갤러 (118.235) 2026.04.26 11:23:46 스크랩 조회 387 추천 4 댓글 2,4,387,2026.04.26 11:23:46,https://gall.dcinside.com/mini/board/view/?id=dgh&no=2273&page=2
2,2272,[일반],긴말안한다,개추 170개 - dc official App,대갤러 (1.227) 2026.04.25 23:19:08 스크랩 조회 272 추천 5 댓글 0,5,272,2026.04.25 23:19:08,https://gall.dcinside.com/mini/board/view/?id=dgh&no=2272&page=2
2,2271,[졸업생],78기다. 요즘 학교 어떠냐 고3 담임 누구임.,학교 근황 알려주세요. 작년 3 - 2 입니다.,대갤러 (59.5) 2026.04.25 16:11:46 스크랩 조회 433 추천 2 댓글 4,2,433,2026.04.25 16:11:46,https://gall.dcinside.com/mini/board/view/?id=dgh&no=2271&page=2
2,2270,[3학년],이하생략,,대갤러 (64.34) 2026.04.25 11:18:15 스크랩 조회 364 추천 10 댓글 0,10,364,2026.04.25 11:18:15,https://gall.dcinside.com/mini/board/view/?id=dgh&no=2270&page=2
2,2269,[3학년],사랑하는 대광아..,학교인지 고담시티인지 분간이 안된다 메인빌런만 3명인게 말이 된다고 생각하는거냐,대갤러 (211.169) 2026.04.24 18:28:47 스크랩 조회 567 추천 33 댓글 3,33,567,2026.04.24 18:28:47,https://gall.dcinside.com/mini/board/view/?id=dgh&no=2269&page=2
2,2268,[일반],개추 142개,,대갤러 (211.234) 2026.04.24 15:14:46 스크랩 조회 434 추천 21 댓글 0,21,434,2026.04.24 15:14:46,https://gall.dcinside.com/mini/board/view/?id=dgh&no=2268&page=2
2,2267,[일반],친구야,"수업시간에 올릴정도 배짱이면 올해 많이 해봤단 거지? 에어팟, 펜슬 2월부터 지금까지면 상습범 인정되는거 알지?",대갤러 (211.169) 2026.04.24 10:58:40 스크랩 조회 406 추천 5 댓글 2,5,406,2026.04.24 10:58:40,https://gall.dcinside.com/mini/board/view/?id=dgh&no=2267&page=2
2,2266,[일반],석식 정상화,도와줘요 일일향,대갤러 (211.169) 2026.04.24 09:27:30 스크랩 조회 380 추천 12 댓글 1,12,380,2026.04.24 09:27:30,https://gall.dcinside.com/mini/board/view/?id=dgh&no=2266&page=2
2,2265,[3학년],친구,아직 완벽한 물증은 없어서 특정은 안하겠는데 걸릴까봐 조마조마하면서 alt tab을 안쉬고 열심히 눌러가면서까지 이런 짓을 해야겠니 이번 일은 확실히 선 넘었고 남은 고3 생활 걍 얌전히 닥치고 살다 가라 폰 담당이라고 폰 안 내지 말고,대갤러 (222.232) 2026.04.23 22:51:48 스크랩 조회 496 추천 22 댓글 1,22,496,2026.04.23 22:51:48,https://gall.dcinside.com/mini/board/view/?id=dgh&no=2265&page=2
2,2264,[일반],개소리,짖는 소리 좀 제발 하.. 야자 시간은 좀 피해서 개 내놓으라고 말하는게 안되는건가 이 학교는,대갤러 (211.169) 2026.04.23 18:46:55 스크랩 조회 366 추천 5 댓글 2,5,366,2026.04.23 18:46:55,https://gall.dcinside.com/mini/board/view/?id=dgh&no=2264&page=2
2,2263,[일반],에어팟 맥스,ㄱㅇㅈ가 선택과목 때 40만원에 중고거래 올리는거 봤다는데 ㅇㄱㅈㅉㅇㅇ? - dc official App,대갤러 (211.235) 2026.04.23 18:12:12 스크랩 조회 544 추천 9 댓글 5,9,544,2026.04.23 18:12:12,https://gall.dcinside.com/mini/board/view/?id=dgh&no=2263&page=2
2,2262,[3학년],냄새 꾸준글,ㅈ같긴 한데 요즘엔 냄새로 욕하는 거 재미도 없고 애미도 없고 맨날 똑같은 레파토리 ㅈㄴ 질리노 - dc official App,대갤러 (211.169) 2026.04.23 17:01:54 스크랩 조회 305 추천 2 댓글 1,2,305,2026.04.23 17:01:54,https://gall.dcinside.com/mini/board/view/?id=dgh&no=2262&page=2
2,2261,[일반],에어팟,으로 듣고 있는데 진짜 명곡이노,대갤러 (211.169) 2026.04.23 16:17:55 스크랩 조회 344 추천 14 댓글 0,14,344,2026.04.23 16:17:55,https://gall.dcinside.com/mini/board/view/?id=dgh&no=2261&page=2
2,2258,[일반],에어팟들,올해만 3학년거 몇개나 쌔벼간거임? - dc official App,대갤러 (223.62) 2026.04.22 16:26:19 스크랩 조회 325 추천 2 댓글 0,2,325,2026.04.22 16:26:19,https://gall.dcinside.com/mini/board/view/?id=dgh&no=2258&page=2
2,2257,[일반],맥스 없어지는건 뭐냐 ㅋㅋㅋ,그지냐 - dc official App,ㅇㅇ (211.169) 2026.04.22 16:00:32 스크랩 조회 427 추천 1 댓글 6,1,427,2026.04.22 16:00:32,https://gall.dcinside.com/mini/board/view/?id=dgh&no=2257&page=2
2,2255,[일반],질투,그만 질투해라 잘어울린다,대갤러 (211.169) 2026.04.22 10:54:19 스크랩 조회 299 추천 1 댓글 0,1,299,2026.04.22 10:54:19,https://gall.dcinside.com/mini/board/view/?id=dgh&no=2255&page=2
2,2254,[3학년],몇가지 상식,1.등교하기 전에 씻고 오기 2.냄새나는 거 알면 향수라도 뿌리기 3.선생님을 연애 대상으로 보지 않기 4.노트에 역겨운 내용 적다 들키지 않기 5.소변기에 휴지 버리지 않기 6.소변기 옆 바닥에 오줌 싸지 않기 7.오줌싸고 변기 물 내리기 - dc official App,대갤러 (223.38) 2026.04.21 23:39:18 스크랩 조회 625 추천 25 댓글 7,25,625,2026.04.21 23:39:18,https://gall.dcinside.com/mini/board/view/?id=dgh&no=2254&page=2
2,2253,[일반],ㅋㅋㅋㅋㅋㅋ,대광갤에서 개추 100개 ㄷㄷ 이쯤되면 슬슬 사리는게 맞지 않을까 친구야 눈치 없는거 자랑 좀 그만 하고 ㅇㅇ,대갤러 (38.96) 2026.04.21 23:36:30 스크랩 조회 302 추천 9 댓글 0,9,302,2026.04.21 23:36:30,https://gall.dcinside.com/mini/board/view/?id=dgh&no=2253&page=2
2,2250,[3학년],하…,누가 내 종이 찍어서 올렸냐? 3학년 3반 김효원 찾아와라. 각오해라,김효원 (104.28) 2026.04.21 15:13:01 스크랩 조회 437 추천 9 댓글 2,9,437,2026.04.21 15:13:01,https://gall.dcinside.com/mini/board/view/?id=dgh&no=2250&page=2
2,2247,[일반],와진짜냄새 ㅈ되네,몰랐는데진짜 날이갈수록 심해지네 씹 적당히해야지 ㅋㅋㅋ - dc official App,대갤러 (211.169) 2026.04.21 09:48:51 스크랩 조회 416 추천 6 댓글 0,6,416,2026.04.21 09:48:51,https://gall.dcinside.com/mini/board/view/?id=dgh&no=2247&page=2
2,2246,[일반],정성구가 누구임,쌤임?,대갤러 (118.235) 2026.04.20 22:46:08 스크랩 조회 456 추천 4 댓글 5,4,456,2026.04.20 22:46:08,https://gall.dcinside.com/mini/board/view/?id=dgh&no=2246&page=2
2,2245,[일반],대광고등학교가 자사고중에 TOP 1인 이유.,정   성   구 이 이름 하나로 휘문 중동 세화 현대 중앙 선덕 배재 보인 한대부 경희 등..을 다닦아버릴수 있으면 개추를 벅벅 ㅋㅋ,대갤러 (118.235) 2026.04.20 17:19:33 스크랩 조회 540 추천 6 댓글 6,6,540,2026.04.20 17:19:33,https://gall.dcinside.com/mini/board/view/?id=dgh&no=2245&page=2
2,2244,[일반],09들아,포켓몬빵 띠부실 하나하나 보는거 볼 때 마다 ㅈ나 저능해보이는데 왜 그러는거냐 진짜 궁금하다,대갤러 (211.169) 2026.04.20 10:13:35 스크랩 조회 534 추천 17 댓글 6,17,534,2026.04.20 10:13:35,https://gall.dcinside.com/mini/board/view/?id=dgh&no=2244&page=2
2,2243,[일반],저 멀리있는 촌동네 중동고등학교에서 왔다,대광 >> 중동 개추를 벅벅 ㅋㅋ,대갤러 (118.235) 2026.04.19 22:26:37 스크랩 조회 407 추천 10 댓글 1,10,407,2026.04.19 22:26:37,https://gall.dcinside.com/mini/board/view/?id=dgh&no=2243&page=2
2,2241,[일반],아들~~,화학 물어볼게 그렇게 많으면 화학과 지원 한번 해봐~ 수시로,대갤러 (66.163) 2026.04.19 21:26:50 스크랩 조회 578 추천 28 댓글 7,28,578,2026.04.19 21:26:50,https://gall.dcinside.com/mini/board/view/?id=dgh&no=2241&page=2
2,2240,[2학년],누구시죠,쉬는시간때마다 오는 3학년 왜 계속 오는거죠 씨발 ㅈㄴ 불편하네요 쉬는시간에 같이 놀 친구가 없으신가,대갤러 (211.234) 2026.04.18 17:28:59 스크랩 조회 662 추천 55 댓글 5,55,662,2026.04.18 17:28:59,https://gall.dcinside.com/mini/board/view/?id=dgh&no=2240&page=2
2,2239,[일반],..,,대갤러 (124.194) 2026.04.18 10:50:42 스크랩 조회 463 추천 12 댓글 0,12,463,2026.04.18 10:50:42,https://gall.dcinside.com/mini/board/view/?id=dgh&no=2239&page=2
2,2238,[일반],학교와이파이 사우디에서 끌어오냐?,야자중인데 진자 존나 느려터져서 답답해 미치겠네 비올땐 아예 연결도안되던데 좀 바꿔라,대갤러 (211.169) 2026.04.17 20:28:27 스크랩 조회 362 추천 7 댓글 0,7,362,2026.04.17 20:28:27,https://gall.dcinside.com/mini/board/view/?id=dgh&no=2238&page=2
2,2237,[3학년],어우,- dc official App,대갤러 (123.142) 2026.04.17 19:24:31 스크랩 조회 420 추천 16 댓글 0,16,420,2026.04.17 19:24:31,https://gall.dcinside.com/mini/board/view/?id=dgh&no=2237&page=2
2,2236,[일반],경고문,못 참게 하면 다 뿌려버린다 친구~,대갤러 (211.169) 2026.04.17 13:55:33 스크랩 조회 649 추천 26 댓글 6,26,649,2026.04.17 13:55:33,https://gall.dcinside.com/mini/board/view/?id=dgh&no=2236&page=2
2,2235,[일반],노트2,체크표시? 향? 뭐냐 진짜,대갤러 (104.28) 2026.04.17 13:09:50 스크랩 조회 426 추천 13 댓글 0,13,426,2026.04.17 13:09:50,https://gall.dcinside.com/mini/board/view/?id=dgh&no=2235&page=2
2,2234,[일반],유튜브 애미 뒤졌냐,댓글 못쓰게 광고로 막어버리는 건 무슨 ㅇㅁ뒤진새끼가 낸 아이디어임? 씨발 ui 개좆같이 업데이트하면서 광고는 또 존나 많이 붙여. 심지어 전체화면으로 보면 화면도 가리는데 광고를 저따구로 뛰우는 건 뭔 ㅇㅁ디진새끼의 아이디어임 - dc official App,ㅇㅇ (118.235) 2026.04.17 12:11:23 스크랩 조회 407 추천 1 댓글 4,1,407,2026.04.17 12:11:23,https://gall.dcinside.com/mini/board/view/?id=dgh&no=2234&page=2
2,2233,[일반],개추,어째서 1일 1추천 제한인거죠?,대갤러 (222.232) 2026.04.16 23:33:46 스크랩 조회 357 추천 11 댓글 0,11,357,2026.04.16 23:33:46,https://gall.dcinside.com/mini/board/view/?id=dgh&no=2233&page=2
2,2232,[3학년],친구야,너가 지금 하고있는 행동들이 다 스토킹에 해당하는거 알고있지? 쌤들이 얼마나 불편하면 다른애들한테 말을 걸면서라도 피할려고 하겠니? 그니깐 너 너무 역겹고 조용히 싸닥치고 공부나 하렴 알겠지?,대갤러 (223.38) 2026.04.16 22:35:59 스크랩 조회 1609 추천 354 댓글 11,354,1609,2026.04.16 22:35:59,https://gall.dcinside.com/mini/board/view/?id=dgh&no=2232&page=2
2,2231,[일반],저 멀리있는 배재고 갤러리에서 왔다,배재 << 대광 인정합니노..,대갤러 (118.235) 2026.04.16 18:52:00 스크랩 조회 415 추천 11 댓글 2,11,415,2026.04.16 18:52:00,https://gall.dcinside.com/mini/board/view/?id=dgh&no=2231&page=2
3,2230,[3학년],하...,"진짜 참다가 얘기하는 건데 1, 2학년들 조심해라.. 내 눈에 띄면 장담 못 해.",김효원 (117.111) 2026.04.16 17:31:03 스크랩 조회 413 추천 17 댓글 2,17,413,2026.04.16 17:31:03,https://gall.dcinside.com/mini/board/view/?id=dgh&no=2230&page=3
3,2228,[일반],너만 바라볼게,그만 바라볼때도 되지 않았냐,대갤러 (211.234) 2026.04.15 17:23:57 스크랩 조회 512 추천 30 댓글 3,30,512,2026.04.15 17:23:57,https://gall.dcinside.com/mini/board/view/?id=dgh&no=2228&page=3
3,2229,[3학년],D-Day,정성구 생일 ㅊㅊㅊ + 내일 점심시간에 3학년 8반 앞으로 모여서 다들 생일빵 한대씩 때리는걸로,대갤러 (14.39) 2026.04.16 00:02:27 스크랩 조회 414 추천 10 댓글 1,10,414,2026.04.16 00:02:27,https://gall.dcinside.com/mini/board/view/?id=dgh&no=2229&page=3
3,2227,[3학년],D-1,두디어 그의 생일이 하루 남았다,대갤러 (1.240) 2026.04.15 00:48:01 스크랩 조회 309 추천 1 댓글 1,1,309,2026.04.15 00:48:01,https://gall.dcinside.com/mini/board/view/?id=dgh&no=2227&page=3
3,2226,[3학년],야자,야자할때 밖에서 농구좀 작작해라 시발련들아 ㅈㄴ 시끄럽네,대갤러 (211.169) 2026.04.14 19:16:29 스크랩 조회 367 추천 19 댓글 2,19,367,2026.04.14 19:16:29,https://gall.dcinside.com/mini/board/view/?id=dgh&no=2226&page=3
3,2225,[일반],D-2,정성구생신,대갤러 (211.169) 2026.04.14 08:07:42 스크랩 조회 301 추천 3 댓글 4,3,301,2026.04.14 08:07:42,https://gall.dcinside.com/mini/board/view/?id=dgh&no=2225&page=3
3,2224,[일반],이거 진짜에요?,여기가 남들 5등급제 할 때 혼자서 9등급제 하는 미달학교인가요?,대갤러 (211.171) 2026.04.13 09:00:43 스크랩 조회 433 추천 0 댓글 4,0,433,2026.04.13 09:00:43,https://gall.dcinside.com/mini/board/view/?id=dgh&no=2224&page=3
3,2223,[3학년],D-3,정성구 탄신일,대갤러 (1.240) 2026.04.13 00:30:04 스크랩 조회 283 추천 7 댓글 1,7,283,2026.04.13 00:30:04,https://gall.dcinside.com/mini/board/view/?id=dgh&no=2223&page=3
3,2222,[3학년],D-4,정성구 탄신일,대갤러 (1.240) 2026.04.12 01:49:08 스크랩 조회 427 추천 14 댓글 1,14,427,2026.04.12 01:49:08,https://gall.dcinside.com/mini/board/view/?id=dgh&no=2222&page=3
3,2221,[일반],Official) 대한민국 행정부 수반 및 국가 원수 직속 후배,어 그래 형이야,정성구 2026.04.10 22:59:26 스크랩 조회 707 추천 52 댓글 9,52,707,2026.04.10 22:59:26,https://gall.dcinside.com/mini/board/view/?id=dgh&no=2221&page=3
3,2220,[일반],세탁하는 법,그런 게 어딨어 씨발 엄마한테 해달라고 해,대갤러 (211.169) 2026.04.10 09:44:45 스크랩 조회 433 추천 15 댓글 2,15,433,2026.04.10 09:44:45,https://gall.dcinside.com/mini/board/view/?id=dgh&no=2220&page=3
3,2219,[3학년],샤워하는법,제발 제발 제발 제발 제발 제발 제발 제발 - dc official App,대갤러 (211.234) 2026.04.09 22:19:57 스크랩 조회 548 추천 28 댓글 6,28,548,2026.04.09 22:19:57,https://gall.dcinside.com/mini/board/view/?id=dgh&no=2219&page=3
3,2218,[일반],대광갤 이용자 조사,"'기타' 투표시, 댓글로 알려주시길 당부드립니다.",대갤러 (110.70) 2026.04.09 17:05:03 스크랩 조회 488 추천 0 댓글 7,0,488,2026.04.09 17:05:03,https://gall.dcinside.com/mini/board/view/?id=dgh&no=2218&page=3
3,2216,[일반],Official) JOAT,,대갤러 (211.169) 2026.04.08 15:44:29 스크랩 조회 541 추천 15 댓글 0,15,541,2026.04.08 15:44:29,https://gall.dcinside.com/mini/board/view/?id=dgh&no=2216&page=3
3,2215,[일반],과연,너‘만’ 바라볼게일까? 바라보는 사람이 한두명이 아닐텐데,대갤러 (134.195) 2026.04.08 06:32:23 스크랩 조회 497 추천 13 댓글 4,13,497,2026.04.08 06:32:23,https://gall.dcinside.com/mini/board/view/?id=dgh&no=2215&page=3
3,2213,[일반],???: 하이사랑페스티벌이 재미없다고?,나만 믿어,대갤러 (118.235) 2026.04.07 23:50:06 스크랩 조회 533 추천 7 댓글 2,7,533,2026.04.07 23:50:06,https://gall.dcinside.com/mini/board/view/?id=dgh&no=2213&page=3
3,2212,[일반],??? : 항상 너만 바라볼게,누군지 알거같으면 개추 ㅋㅋ - dc official App,대갤러 (104.28) 2026.04.07 15:41:03 스크랩 조회 702 추천 13 댓글 9,13,702,2026.04.07 15:41:03,https://gall.dcinside.com/mini/board/view/?id=dgh&no=2212&page=3
3,2211,[3학년],너만 바라볼게,ㅇㅈㄹ,대갤러 (211.169) 2026.04.07 14:56:47 스크랩 조회 497 추천 20 댓글 0,20,497,2026.04.07 14:56:47,https://gall.dcinside.com/mini/board/view/?id=dgh&no=2211&page=3
3,2210,[일반],고3이들은 꼭 봐라,"사설 국어 GOAT를 담당하고 있는 상상 이매진 시즌 2 모의고사 1,2회차를 포함한 월간지를 단돈 15000원에 팔겠다. 이건 말이 안되는 기회다. 우리 같이 성적 쭉쭉 올려보자꾸나. 물론 수요자가 많으면 가격도 상승하는 사실은 경제 상식이 있으면 당연히 알겠지?? 살 사람은 당장 정성구 인스타로 direct massage를 보내도록. 먼저 결정할수록 손해될건없다구^^^",정성구 2026.04.07 00:07:37 스크랩 조회 687 추천 7 댓글 5,7,687,2026.04.07 00:07:37,https://gall.dcinside.com/mini/board/view/?id=dgh&no=2210&page=3
3,2209,[일반],시험범위,언제 알려주냐,대갤러 (211.169) 2026.04.06 21:20:40 스크랩 조회 336 추천 2 댓글 1,2,336,2026.04.06 21:20:40,https://gall.dcinside.com/mini/board/view/?id=dgh&no=2209&page=3
3,2208,[일반],탐구,잘한다고 나대지 마라 좆밥같아 보인다,대갤러 (180.80) 2026.04.06 20:54:16 스크랩 조회 456 추천 9 댓글 9,9,456,2026.04.06 20:54:16,https://gall.dcinside.com/mini/board/view/?id=dgh&no=2208&page=3
3,2207,[졸업생],대광 78기다 요즘 재밌는거 없냐,요즘 학교에 재밌는 소식 뭐 없냐? 심심해서 놀러오는중임.,대갤러 (59.5) 2026.04.05 00:12:33 스크랩 조회 396 추천 1 댓글 1,1,396,2026.04.05 00:12:33,https://gall.dcinside.com/mini/board/view/?id=dgh&no=2207&page=3
3,2206,[일반],하이사랑페스티벌,아니 상식적으로 고3한테 6시간씩이나 쳐뺏으면서 자습도 안 시켜주고 이상한 공연 쳐보게 시키는게 맞냐 이게,대갤러 (211.169) 2026.04.03 13:41:20 스크랩 조회 678 추천 79 댓글 3,79,678,2026.04.03 13:41:20,https://gall.dcinside.com/mini/board/view/?id=dgh&no=2206&page=3
3,2205,[일반],석식 씨X발,참다참다 말하는데 8천원 처내고 먹는 석식 이게 맞냐 1학년 들어와서 돈도 많이 들어올텐데 퀄리티가 어떻게 점점 떨어지냐 - dc official App,대갤러 (223.38) 2026.04.02 16:54:57 스크랩 조회 485 추천 5 댓글 2,5,485,2026.04.02 16:54:57,https://gall.dcinside.com/mini/board/view/?id=dgh&no=2205&page=3
3,2204,[일반],너네 왜 전학 안가냐?,수요일마다 예배로 시간 뺏기는 그거 하나만 어필해도 성적에 관심있으시면 전학 할만할텐데,대갤러 (118.235) 2026.03.30 20:02:37 스크랩 조회 560 추천 0 댓글 3,0,560,2026.03.30 20:02:37,https://gall.dcinside.com/mini/board/view/?id=dgh&no=2204&page=3
3,2203,[일반],하 제발련아,좀 씻어라 씻어 제발 제발같은 련아 냄새 존나 나네 제발,대갤러 (211.169) 2026.03.30 10:25:21 스크랩 조회 698 추천 18 댓글 8,18,698,2026.03.30 10:25:21,https://gall.dcinside.com/mini/board/view/?id=dgh&no=2203&page=3
3,2201,[일반],81기 일평수준 어떠냐,후기부탁드립니다,대갤러 (223.38) 2026.03.29 12:01:16 스크랩 조회 360 추천 3 댓글 0,3,360,2026.03.29 12:01:16,https://gall.dcinside.com/mini/board/view/?id=dgh&no=2201&page=3
3,2200,[졸업생],대광 78기인데 일반고되고 학교 수준 어케됬냐,"말 그대로임. 26년 2월졸업생임. AI 이미지가 생성되었습니다. 새로고침(F5) 해 주세요. 프롬프트 no_humans, text_focus, white_background, simple_background, logo, monochrome, english_text, cover 네거티브 프롬프트 샘플링 Euler",대갤러 (223.38) 2026.03.29 02:43:42 스크랩 조회 589 추천 1 댓글 4,1,589,2026.03.29 02:43:42,https://gall.dcinside.com/mini/board/view/?id=dgh&no=2200&page=3
3,2199,[일반],1학년 가면라이더 아는사람,ㄹㅇ궁굼해서 물어봄 막 화장실 문 열고 볼일보고 그런다는데 뭐하는 놈임?,대갤러 (115.161) 2026.03.26 22:10:20 스크랩 조회 535 추천 0 댓글 2,0,535,2026.03.26 22:10:20,https://gall.dcinside.com/mini/board/view/?id=dgh&no=2199&page=3
3,2198,[일반],게이들아 오랜만이다.,오랜만이다. 나 재수 중이라 없어진거 아니냐고 누가 묻던데 난 걍 대학 잘 다니고 있다. 갑자기 나타나서 글 배설하는 이유는 정말 너희에게 해주고 싶은 말이 있었기 때문임. 그 신관 자습실에 들리는 개짖는 소리 루니가 내는거 아님 ㅇㅇ 옆집 아지매가 전봇대에 묶어둔 개 2마리가 서로 짖는거니까 우리 루니 음해하지 말아라 ㅠㅠ 루니 음해하는 글 보이길래 혹시 쥐약이라도 타서 루니 해칠까봐 자칭 루니 짱친으로써 글 배설해 본다 후배들아 화이팅해라 - dc official App,삼각산정기 2026.03.26 15:26:24 스크랩 조회 687 추천 15 댓글 9,15,687,2026.03.26 15:26:24,https://gall.dcinside.com/mini/board/view/?id=dgh&no=2198&page=3
3,2197,[일반],목소리 떽떽떽,떽떽떽 시이발 목소리 존나 듣기 싫네 악센트가 좆같고 걍 교사로서 최악의 목소리 존나 싫다 말투 화교같음;,대갤러 (211.169) 2026.03.26 15:18:07 스크랩 조회 524 추천 12 댓글 5,12,524,2026.03.26 15:18:07,https://gall.dcinside.com/mini/board/view/?id=dgh&no=2197&page=3
3,2196,[1학년],나 1학년 정진호인데 2 3 학년들 나대지마라 ㅈㄴ팬다,2 3학년 됐으면 공부나 쳐할것이지 가오 ㅈㄴ 잡고댕기네 이 글 ㅈ같으먼 싸지뜨자 ㅈ찐따 육수충놈들아 AI 이미지가 생성되었습니다. 새로고침(F5) 해 주세요. 프롬프트 fuck you 네거티브 프롬프트 샘플링 Euler,대갤러 (58.75) 2026.03.26 10:06:28 스크랩 조회 778 추천 4 댓글 9,4,778,2026.03.26 10:06:28,https://gall.dcinside.com/mini/board/view/?id=dgh&no=2196&page=3
3,2195,[3학년],3모 필적확인문구,"""누구의 삶인들 향기롭지 않으랴"" <<<----------- 이거 저격임? - dc official App",대갤러 (221.143) 2026.03.24 23:56:49 스크랩 조회 498 추천 18 댓글 3,18,498,2026.03.24 23:56:49,https://gall.dcinside.com/mini/board/view/?id=dgh&no=2195&page=3
3,2194,[3학년],이번 3모<<-- 평가원스럽지 않음,ㄹㅇ,대갤러 (211.106) 2026.03.24 18:56:07 스크랩 조회 426 추천 4 댓글 2,4,426,2026.03.24 18:56:07,https://gall.dcinside.com/mini/board/view/?id=dgh&no=2194&page=3
3,2193,[3학년],대광중,모고 볼때 중학생 ㅈㄴ 시끄럽게 하던데 선생도 관리 안하고 있던데 맞냐 이게 적당히 시끄러워야지,대갤러 (211.234) 2026.03.24 17:31:17 스크랩 조회 472 추천 23 댓글 0,23,472,2026.03.24 17:31:17,https://gall.dcinside.com/mini/board/view/?id=dgh&no=2193&page=3
3,2191,[일반],불만이 많은 중학생 ㄷㄷ,https://m.dcinside.com/board/j1o2a3tdgm/70 대광중 좆같은부분 3가지 - 대광중 마이너 갤러리 1.채플(매주목요일1교시)시간때 밴드들 와서 자 다들 자리에서 일어나주세요ㅇㅈㄹ하고 엠창30분동안 일어나서 노래부르고 심하면 춤춤 안그런반도 있는데 몇몇반은 안일어나면 일어나라함 진짜 애들 싫은티 다내는데 꾸역꾸역 일 m.dcinside.com,대갤러 (223.38) 2026.03.23 22:33:24 스크랩 조회 519 추천 11 댓글 0,11,519,2026.03.23 22:33:24,https://gall.dcinside.com/mini/board/view/?id=dgh&no=2191&page=3
3,2190,[일반],수학선생,"교사분 ㅅㅂ 제발 말 좀 똑바로 하면 안됨? 교사를 몇씹련을 쳐했는데 발음이나 전달력, 아니 그냥 말 자체를 못함 ㅅㅂ 떽떽 거리면서 듣기만 존나 싫고 화교 출신도 아니고 한국어를 20대 교생들보다 못하는 게 말이 되냐 존나 듣기 싫다 진짜 시발 좀 조곤조곤 말하든가 씨발",대갤러 (211.169) 2026.03.23 10:20:41 스크랩 조회 640 추천 19 댓글 7,19,640,2026.03.23 10:20:41,https://gall.dcinside.com/mini/board/view/?id=dgh&no=2190&page=3
3,2189,[3학년],친구 만드는 법,1. 매일 씻기 이하 생략,대갤러 (124.58) 2026.03.23 00:19:31 스크랩 조회 611 추천 31 댓글 9,31,611,2026.03.23 00:19:31,https://gall.dcinside.com/mini/board/view/?id=dgh&no=2189&page=3
3,2188,[일반],전교회장,누구나가냐? 부회장은 누구나가냐? 3학년이라 모르겠네 이번에 조항 개정되서 어쨌든 아무나 뒷문 좀 열어주라 이번 회장 부회장은 일 좀 잘하는 애들이하면 좋겠네,대갤러 (116.122) 2026.03.20 23:50:08 스크랩 조회 412 추천 2 댓글 0,2,412,2026.03.20 23:50:08,https://gall.dcinside.com/mini/board/view/?id=dgh&no=2188&page=3
3,2187,[일반],이동수업,제발 좀 씻고좀 다녀라 이동수업인데도 타반 자리에서도 날 정도면 좀 하...,대갤러 (39.125) 2026.03.20 02:36:44 스크랩 조회 500 추천 11 댓글 5,11,500,2026.03.20 02:36:44,https://gall.dcinside.com/mini/board/view/?id=dgh&no=2187&page=3
3,2192,[정보],ㄷㄷ,,대갤러 (220.65) 2026.03.23 23:31:37 스크랩 조회 318 추천 0 댓글 0,0,318,2026.03.23 23:31:37,https://gall.dcinside.com/mini/board/view/?id=dgh&no=2192&page=3
3,2186,[3학년],에어팟 도둑,"누군지는 모르지만 1학년 때 물갈이 후 도둑이 없었다는 점, 3학년 되자마자 귀신같이 다시 나타났다는 점을 볼 때 3학년 때 새로 합류한 사람일 가능성이 크다고 봄... 내가 상관할 바는 아니지만 당사자 게이들은 꼭 생교부에 알리고 cctv도 보자고 하면 좋겠다. 채플 직후 쯤 보면 누군지 알 테니까. 범인새끼 누군지 ㅈㄴ 궁금하노 - dc official App",대갤러 (1.217) 2026.03.19 23:11:56 스크랩 조회 611 추천 12 댓글 5,12,611,2026.03.19 23:11:56,https://gall.dcinside.com/mini/board/view/?id=dgh&no=2186&page=3
3,2185,[일반],에어팟 도둑 다시 등장했노..,생지부에서 못잡는거 알고 훔치는거면 고능아,대갤러 (220.117) 2026.03.19 21:58:17 스크랩 조회 383 추천 1 댓글 4,1,383,2026.03.19 21:58:17,https://gall.dcinside.com/mini/board/view/?id=dgh&no=2185&page=3
3,2184,[일반],멘탈 약한 애들 왜 이렇게 많냐 ㅋㅋㅋ,뭔 사설 모고 가지고 멘탈 흔들려가지고 공부 못한다 그래놓고 또 딴 데가 선 성적 물어보고 있네 그러고 뭐 준비 안됐다는 둥 3모아니니까 괜찮다 ㅇㅈㄹ 지지 말에 모순 있는 건 왜 모르냐 - dc official App,대갤러 (106.245) 2026.03.19 18:53:55 스크랩 조회 469 추천 1 댓글 7,1,469,2026.03.19 18:53:55,https://gall.dcinside.com/mini/board/view/?id=dgh&no=2184&page=3
3,2182,[일반],에어팟 훔쳐가는 새끼는 뭐냐?,예전에도 그런 일 있었던 것 같은데 애미애비가 남의 물건 훔치는 건 범죄라고 안 가르쳐주나? 그런 거 가르쳐줄 애미애비가 없어서 그런가? 이번에 잡히면 그냥 퇴학시켰으면 좋겠네 - dc official App,대갤러 (211.234) 2026.03.19 17:07:23 스크랩 조회 413 추천 24 댓글 1,24,413,2026.03.19 17:07:23,https://gall.dcinside.com/mini/board/view/?id=dgh&no=2182&page=3
3,2177,[3학년],인생이 망했어오ㅜㅜ,ㅜㅜ,대갤러 (211.106) 2026.03.19 00:57:58 스크랩 조회 350 추천 0 댓글 2,0,350,2026.03.19 00:57:58,https://gall.dcinside.com/mini/board/view/?id=dgh&no=2177&page=3
3,2175,[일반],3월 더프,애들 점수보니 열등감 폭발ㅋㅋ,대갤러 (117.111) 2026.03.18 23:10:04 스크랩 조회 425 추천 4 댓글 5,4,425,2026.03.18 23:10:04,https://gall.dcinside.com/mini/board/view/?id=dgh&no=2175&page=3
3,2168,[일반],아니 진지하게,나 진짜 궁금해서 물어보는데 김현G가 누구야?,대갤러 (1.240) 2026.03.11 21:27:12 스크랩 조회 629 추천 7 댓글 1,7,629,2026.03.11 21:27:12,https://gall.dcinside.com/mini/board/view/?id=dgh&no=2168&page=3
3,2172,[일반],이런 친구들 어케생각함?,별로 친하진 않는데 패드립 치는 애들,대갤러 (121.129) 2026.03.13 19:59:48 스크랩 조회 949 추천 10 댓글 8,10,949,2026.03.13 19:59:48,https://gall.dcinside.com/mini/board/view/?id=dgh&no=2172&page=3
3,2232,[3학년],친구야,너가 지금 하고있는 행동들이 다 스토킹에 해당하는거 알고있지? 쌤들이 얼마나 불편하면 다른애들한테 말을 걸면서라도 피할려고 하겠니? 그니깐 너 너무 역겹고 조용히 싸닥치고 공부나 하렴 알겠지?,대갤러 (223.38) 2026.04.16 22:35:59 스크랩 조회 1612 추천 354 댓글 11,354,1612,2026.04.16 22:35:59,https://gall.dcinside.com/mini/board/view/?id=dgh&no=2232&page=3
3,2231,[일반],저 멀리있는 배재고 갤러리에서 왔다,배재 << 대광 인정합니노..,대갤러 (118.235) 2026.04.16 18:52:00 스크랩 조회 416 추천 11 댓글 2,11,416,2026.04.16 18:52:00,https://gall.dcinside.com/mini/board/view/?id=dgh&no=2231&page=3
4,2171,[3학년],3학년 선생 goat,ㅊㅈㅎ 인정하면 개추,대갤러 (118.221) 2026.03.13 12:20:15 스크랩 조회 872 추천 25 댓글 5,25,872,2026.03.13 12:20:15,https://gall.dcinside.com/mini/board/view/?id=dgh&no=2171&page=4
4,2168,[일반],아니 진지하게,나 진짜 궁금해서 물어보는데 김현G가 누구야?,대갤러 (1.240) 2026.03.11 21:27:12 스크랩 조회 630 추천 7 댓글 1,7,630,2026.03.11 21:27:12,https://gall.dcinside.com/mini/board/view/?id=dgh&no=2168&page=4
4,2167,[일반],유급,그렇게 좋으면 더 자주 보게 유급을 하세요,대갤러 (211.234) 2026.03.11 17:11:42 스크랩 조회 953 추천 78 댓글 7,78,953,2026.03.11 17:11:42,https://gall.dcinside.com/mini/board/view/?id=dgh&no=2167&page=4
4,2166,[일반],자꾸 충주맨 제이크,재밌나 진짜 하나도 재미없는데 왜 자꾸 처 올리는 거임?,대갤러 (49.173) 2026.03.11 00:29:30 스크랩 조회 486 추천 3 댓글 1,3,486,2026.03.11 00:29:30,https://gall.dcinside.com/mini/board/view/?id=dgh&no=2166&page=4
4,2165,[3학년],나 제이큰데,나 제이큰데 이번에 맥심 표지 모델 됐다,대갤러 (1.216) 2026.03.10 23:59:09 스크랩 조회 552 추천 6 댓글 1,6,552,2026.03.10 23:59:09,https://gall.dcinside.com/mini/board/view/?id=dgh&no=2165&page=4
4,2163,[3학년],야자,루니도 ㅈ같고 감독도 ㅈ같고,대갤러 (172.224) 2026.03.10 18:02:19 스크랩 조회 428 추천 14 댓글 2,14,428,2026.03.10 18:02:19,https://gall.dcinside.com/mini/board/view/?id=dgh&no=2163&page=4
4,2162,[3학년],나 충주맨인데,"오늘부로 이재명에 대한 지지를 철회한다 오늘부터 지지관계에서 벗어나 이재명과 나는 한몸으로 일체가 된다 이재명에 대한 공격은 나에 대한 공격으로 간주한다 세상에 70 억 명의 이재명 팬이 있다면 , 나는 그들 중 한 명일 것이다 . 세상에 1 억 명의 이재명 팬이 있다면 , 나 또한 그들 중 한 명일 것이다 . 세상에 천만 명의 이재명 팬이 있다면 , 나는 여전히 그들 중 한 명일 것이다 . 세상에 백 명의 이재명 팬이 있다면 , 나는 아직도 그들 중 한 명일 것이다 . 세상에 한 명의 이재명 팬이 있다면 , 그 사람은 아마도 나일 것이다 . 세상에 단 한 명의 이재명 팬도 없다면 , 나는 그제서야 이 세상에 없는 것이다 . 이재명 , 나의 사랑 . 이재명 , 나의 빛 . 이재명 , 나의 삶 . 이재명, 나의 기쁨 . 이재명, 나의 영혼 . 이재명...그는 나",대갤러 (211.169) 2026.03.10 15:48:17 스크랩 조회 610 추천 20 댓글 1,20,610,2026.03.10 15:48:17,https://gall.dcinside.com/mini/board/view/?id=dgh&no=2162&page=4
4,2161,[3학년],야자,오늘 야자 감독련 존나 뽈뽈뽈 쳐돌아다니고 화장실 갈때마다 쿠사리 먹이는게 좆같네ㅋㅋㅋ,대갤러 (211.169) 2026.03.09 22:04:31 스크랩 조회 402 추천 15 댓글 2,15,402,2026.03.09 22:04:31,https://gall.dcinside.com/mini/board/view/?id=dgh&no=2161&page=4
4,2160,[2학년],생명학원,생명 학원 어디가 좋아  ??  학원 가는데 나은가?                        물리 화학도 뉴파인이 나아 ? 멘토스가 나아 ?,대갤러 (175.119) 2026.03.09 18:58:29 스크랩 조회 385 추천 0 댓글 5,0,385,2026.03.09 18:58:29,https://gall.dcinside.com/mini/board/view/?id=dgh&no=2160&page=4
4,2159,[일반],투표,그래서 선거 개정 어케됨?,대갤러 (211.169) 2026.03.09 13:41:32 스크랩 조회 197 추천 0 댓글 0,0,197,2026.03.09 13:41:32,https://gall.dcinside.com/mini/board/view/?id=dgh&no=2159&page=4
4,2157,[일반],2학년 담임,라인업좀,대갤러 (122.34) 2026.03.08 11:49:31 스크랩 조회 474 추천 0 댓글 2,0,474,2026.03.08 11:49:31,https://gall.dcinside.com/mini/board/view/?id=dgh&no=2157&page=4
4,2156,[일반],66대 학생회 출신인데 요즘 축제 머함?,갤러리 있는줄도 몰랐네 - dc official App,대갤러 (118.235) 2026.03.07 15:41:56 스크랩 조회 339 추천 0 댓글 2,0,339,2026.03.07 15:41:56,https://gall.dcinside.com/mini/board/view/?id=dgh&no=2156&page=4
4,2155,[일반],공대 가고싶으면 무슨 동아리 가야하나요?,ㅈㄱㄴ,대갤러 (118.235) 2026.03.07 09:56:20 스크랩 조회 416 추천 0 댓글 5,0,416,2026.03.07 09:56:20,https://gall.dcinside.com/mini/board/view/?id=dgh&no=2155&page=4
4,2154,[일반],수특 표지,마음에 안 들면 개추,대갤러 (223.39) 2026.03.06 23:47:59 스크랩 조회 289 추천 6 댓글 0,6,289,2026.03.06 23:47:59,https://gall.dcinside.com/mini/board/view/?id=dgh&no=2154&page=4
4,2153,[일반],깔개,깔개면서 자꾸 성적 부풀리고 잘하는 척하는 허언증 허수 새끼들 좆같으면 개추 ㅋㅋ 밥 처먹을 때 좆 같아서 못 참겠음,대갤러 (180.80) 2026.03.06 21:37:28 스크랩 조회 470 추천 23 댓글 2,23,470,2026.03.06 21:37:28,https://gall.dcinside.com/mini/board/view/?id=dgh&no=2153&page=4
4,2152,[일반],아니 이거,신입생은 학교에대해 뭘 아는데 투표에 참여시키는거임? 일단 난 반대,대갤러 (211.169) 2026.03.06 14:08:37 스크랩 조회 436 추천 10 댓글 2,10,436,2026.03.06 14:08:37,https://gall.dcinside.com/mini/board/view/?id=dgh&no=2152&page=4
4,2151,[3학년],야자,12시까지로 늘려줬으면 좋겠는데,대갤러 (211.234) 2026.03.06 00:31:47 스크랩 조회 295 추천 11 댓글 0,11,295,2026.03.06 00:31:47,https://gall.dcinside.com/mini/board/view/?id=dgh&no=2151&page=4
4,2150,[3학년],신관 자습러들,개 짖는 소리 ㅈ같지 않냐,대갤러 (172.224) 2026.03.04 12:30:05 스크랩 조회 565 추천 18 댓글 4,18,565,2026.03.04 12:30:05,https://gall.dcinside.com/mini/board/view/?id=dgh&no=2150&page=4
4,2149,[일반],보인다 보여,나만 보임? - dc official App,대갤러 (223.38) 2026.03.01 13:14:05 스크랩 조회 569 추천 3 댓글 2,3,569,2026.03.01 13:14:05,https://gall.dcinside.com/mini/board/view/?id=dgh&no=2149&page=4
4,2148,[일반],하 수특,학교 측에서 필요한 과목 모아서 한번에 말하던가 짤짤이로 던지니까 또 따로 사야 되네,대갤러 (220.72) 2026.02.28 19:32:40 스크랩 조회 301 추천 4 댓글 0,4,301,2026.02.28 19:32:40,https://gall.dcinside.com/mini/board/view/?id=dgh&no=2148&page=4
4,2147,[3학년],수특,pdf 되냐 돈 아까운데,대갤러 (211.234) 2026.02.28 19:21:48 스크랩 조회 311 추천 1 댓글 0,1,311,2026.02.28 19:21:48,https://gall.dcinside.com/mini/board/view/?id=dgh&no=2147&page=4
4,2145,[일반],생활과 과학,ㅅㅎㅅ쌤 어떰?,대갤러 (106.245) 2026.02.27 19:57:55 스크랩 조회 331 추천 0 댓글 1,0,331,2026.02.27 19:57:55,https://gall.dcinside.com/mini/board/view/?id=dgh&no=2145&page=4
4,2144,[일반],신관 야자실,와이파이 ㅅㅂ,대갤러 (211.169) 2026.02.27 17:21:22 스크랩 조회 291 추천 0 댓글 1,0,291,2026.02.27 17:21:22,https://gall.dcinside.com/mini/board/view/?id=dgh&no=2144&page=4
4,2143,[일반],전교부회장인가 머시기,후문 항상개방한다하지않았냐 언제함? - dc official App,대갤러 (118.235) 2026.02.26 22:16:01 스크랩 조회 407 추천 0 댓글 1,0,407,2026.02.26 22:16:01,https://gall.dcinside.com/mini/board/view/?id=dgh&no=2143&page=4
4,2141,[일반],3학년 담임,한명빼고 평타는치는듯 ㅋㅋ,대갤러 (211.235) 2026.02.26 20:42:38 스크랩 조회 445 추천 0 댓글 3,0,445,2026.02.26 20:42:38,https://gall.dcinside.com/mini/board/view/?id=dgh&no=2141&page=4
4,2140,[3학년],야자 11시까지 아니였나,왜 공지에 9시 50분까지로 돼있지,대갤러 (223.62) 2026.02.26 20:03:26 스크랩 조회 241 추천 1 댓글 1,1,241,2026.02.26 20:03:26,https://gall.dcinside.com/mini/board/view/?id=dgh&no=2140&page=4
4,2139,[3학년],하 시발 내 옆자리 새끼 냄새 존나나네 진짜,좀 씻고 다녀라 사람이면 진짜,대갤러 (211.169) 2026.02.26 14:23:45 스크랩 조회 466 추천 4 댓글 3,4,466,2026.02.26 14:23:45,https://gall.dcinside.com/mini/board/view/?id=dgh&no=2139&page=4
4,2138,[1학년],1학년인데 어떤 선생 걸리면 좆된거임?,ㅇㅇ,대갤러 (211.235) 2026.02.25 12:05:19 스크랩 조회 842 추천 0 댓글 12,0,842,2026.02.25 12:05:19,https://gall.dcinside.com/mini/board/view/?id=dgh&no=2138&page=4
4,2137,[3학년],심화 국어,준비 기간은 알빠노고 이거 선생 ㄴㄱ임,대갤러 (211.234) 2026.02.24 17:03:46 스크랩 조회 454 추천 0 댓글 3,0,454,2026.02.24 17:03:46,https://gall.dcinside.com/mini/board/view/?id=dgh&no=2137&page=4
4,2135,[정보],ㅂㅅ들.png,본인들이 강사 선택했으면 그냥 착실히 들으면 되는거 굳이 이 좆만한 갤러리에 타강사까지 끌고와서 까면서 본인이 승자인것마냥 자기 선택이 옳았음을 설파할 필요가 있음?,대갤러 (220.65) 2026.02.24 01:27:09 스크랩 조회 754 추천 11 댓글 8,11,754,2026.02.24 01:27:09,https://gall.dcinside.com/mini/board/view/?id=dgh&no=2135&page=4
4,2134,[일반],경비,언제 잘림,대갤러 (211.235) 2026.02.23 22:16:05 스크랩 조회 255 추천 0 댓글 0,0,255,2026.02.23 22:16:05,https://gall.dcinside.com/mini/board/view/?id=dgh&no=2134&page=4
4,2133,[일반],보통 준비기간이라면,개학을 하고선 그때부터 학교 재량것 하는거지 지들이 준비기간을 만드는건ㅋㅋㅋ - dc official App,ㅇㅇ (59.6) 2026.02.23 18:37:11 스크랩 조회 234 추천 0 댓글 0,0,234,2026.02.23 18:37:11,https://gall.dcinside.com/mini/board/view/?id=dgh&no=2133&page=4
4,2132,[일반],신관,엉따가 존나게 그리우면 개추..,대갤러 (211.169) 2026.02.23 13:54:43 스크랩 조회 300 추천 9 댓글 2,9,300,2026.02.23 13:54:43,https://gall.dcinside.com/mini/board/view/?id=dgh&no=2132&page=4
4,2131,[일반],담임 ㅊㅇㅅ인데,째꾸면 ㅈ되겠지? 그 뭐 안간다는 신청서 첫만남 때 아예 언급하시지도 않고 지금까지 메시지나 그런 것도 안보내셨긴함 - dc official App,대갤러 (220.117) 2026.02.22 22:25:05 스크랩 조회 579 추천 0 댓글 3,0,579,2026.02.22 22:25:05,https://gall.dcinside.com/mini/board/view/?id=dgh&no=2131&page=4
4,2130,[일반],범준견들 왤케 많냐,goat는 최지욱이다 ㅇㅇ - dc official App,대갤러 (223.38) 2026.02.22 18:59:09 스크랩 조회 288 추천 4 댓글 2,4,288,2026.02.22 18:59:09,https://gall.dcinside.com/mini/board/view/?id=dgh&no=2130&page=4
4,2129,[일반],내일 학교가는 거 좆같으면 개추,짤에 있는 형님 마냥 ㅈ같네 갑자기 - dc official App,대갤러 (211.234) 2026.02.22 18:38:36 스크랩 조회 345 추천 13 댓글 0,13,345,2026.02.22 18:38:36,https://gall.dcinside.com/mini/board/view/?id=dgh&no=2129&page=4
4,2128,[일반],학교에 아이브 와서 찍었다는게 이건가보네,,대갤러 (221.143) 2026.02.21 17:18:39 스크랩 조회 929 추천 8 댓글 8,8,929,2026.02.21 17:18:39,https://gall.dcinside.com/mini/board/view/?id=dgh&no=2128&page=4
4,2127,[일반],전학,지금 2학년 올라가는 학생인데요 이번 2학년 중간고사를 보고 전학가는데 어디가 좋을까요?? 동성고는 내신따기는 쉬운데 분위기가 씹창이라고 들어서요..,대갤러 (210.222) 2026.02.21 11:04:18 스크랩 조회 354 추천 0 댓글 3,0,354,2026.02.21 11:04:18,https://gall.dcinside.com/mini/board/view/?id=dgh&no=2127&page=4
4,2126,[일반],아니진짜,김범준 듣든 현우진 듣든 체화만 하면 되는거 아닌가 뭘 빨고 있음 다들 +강사 품평회는 도대체 왜 하는거임,대갤러 (211.234) 2026.02.20 20:15:22 스크랩 조회 633 추천 15 댓글 12,15,633,2026.02.20 20:15:22,https://gall.dcinside.com/mini/board/view/?id=dgh&no=2126&page=4
4,2125,[일반],지랄들을 해요,니넨 싹다 다음주에 학교나 가라,대갤러 (118.235) 2026.02.20 19:00:38 스크랩 조회 341 추천 2 댓글 2,2,341,2026.02.20 19:00:38,https://gall.dcinside.com/mini/board/view/?id=dgh&no=2125&page=4
4,2124,[일반],솔까 김범준,솔까 그냥 시발점 뉴런 열심히 들으면 평균 이상임. 그냥 김범준이 실전 개념에서 너무 따임.,대갤러 (220.117) 2026.02.20 18:14:57 스크랩 조회 407 추천 10 댓글 3,10,407,2026.02.20 18:14:57,https://gall.dcinside.com/mini/board/view/?id=dgh&no=2124&page=4
4,2123,[일반],밑에글,수학개념의 신 “이미지” 듣고 수학3 뜨고 ㅈㄴ고마워 할거 같노,대갤러 (211.36) 2026.02.20 18:13:16 스크랩 조회 214 추천 2 댓글 0,2,214,2026.02.20 18:13:16,https://gall.dcinside.com/mini/board/view/?id=dgh&no=2123&page=4
4,2122,[일반],밑에 김범준 빠는 새기,수능 수학 2등급 뜰 것 같으면 개추,대갤러 (211.234) 2026.02.20 17:00:30 스크랩 조회 308 추천 13 댓글 1,13,308,2026.02.20 17:00:30,https://gall.dcinside.com/mini/board/view/?id=dgh&no=2122&page=4
4,2121,[일반],김범준 학파,수능 수학100점 쟁취할거면 개추ㅋㅋ,대갤러 (211.169) 2026.02.20 13:47:49 스크랩 조회 358 추천 15 댓글 1,15,358,2026.02.20 13:47:49,https://gall.dcinside.com/mini/board/view/?id=dgh&no=2121&page=4
4,2120,[일반],학교 안갈듯 ㅇㅇ,,대갤러 (121.129) 2026.02.19 23:49:00 스크랩 조회 379 추천 9 댓글 3,9,379,2026.02.19 23:49:00,https://gall.dcinside.com/mini/board/view/?id=dgh&no=2120&page=4
4,2119,[일반],왕사슴가이즈 큰거 왔다,미리 바지 내린놈들 개추박고 나가라,대갤러 (121.129) 2026.02.19 23:44:38 스크랩 조회 402 추천 1 댓글 0,1,402,2026.02.19 23:44:38,https://gall.dcinside.com/mini/board/view/?id=dgh&no=2119&page=4
4,2118,[일반],게이들 공스타하는 애들 보면 어떤 생각 드냐,난 공스타만 보이면 꼴값 떠는 것 같아서 ㅈ같던데 게이들은 ㅇㄸ? - dc official App,대갤러 (211.234) 2026.02.19 19:28:36 스크랩 조회 352 추천 7 댓글 4,7,352,2026.02.19 19:28:36,https://gall.dcinside.com/mini/board/view/?id=dgh&no=2118&page=4
4,2117,[3학년],인생 망한 고3 개추ㅋㅋㅋ,2개월 방학동안 한게 단 하나도 없는거 같으면 개추...,대갤러 (211.106) 2026.02.18 21:10:01 스크랩 조회 288 추천 0 댓글 3,0,288,2026.02.18 21:10:01,https://gall.dcinside.com/mini/board/view/?id=dgh&no=2117&page=4
4,2116,[일반],기숙사 샤워기 조심해라,관장빌런있다 안에 넣더라..,대갤러 (223.39) 2026.02.17 11:29:32 스크랩 조회 387 추천 0 댓글 3,0,387,2026.02.17 11:29:32,https://gall.dcinside.com/mini/board/view/?id=dgh&no=2116&page=4
4,2115,[일반],"내신 ㅈ된 2,3학년들 봐라",ㅋㅋㅋㅋㅋㅋㅋㅋㅋㅋㅋㅋㅋㅋㅋㅋㅋㅋㅋㅋㅋㅋㅋㅋㅋㅋㅋㅋㅋㅋㅋㅋㅋㅋㅋㅋㅋㅋㅋㅋㅋㅋㅋㅋㅋㅋㅋㅋㅋㅋㅋㅋㅋㅋㅋㅋㅋㅋㅋㅋㅋㅋㅋㅋㅋㅋㅋㅋㅋㅋㅋㅋㅋㅋㅋㅋㅋㅋㅋㅋㅋㅋㅋㅋㅋㅋㅋㅋㅋㅋㅋㅋㅋㅋㅋㅋㅋㅋㅋㅋㅋㅋㅋㅋㅋㅋㅋㅋㅋㅋㅋㅋㅋㅋㅋㅋㅋㅋㅋㅋㅋㅋㅋ 병~~신 ㅋㅋㅋㅋㅋㅋㅋㅋㅋㅋㅋㅋㅋㅋㅋㅋㅋㅋㅋㅋㅋㅋㅋㅋㅋㅋㅋㅋㅋㅋㅋㅋㅋㅋㅋㅋㅋㅋㅋㅋㅋㅋㅋㅋㅋㅋㅋㅋㅋㅋㅋㅋㅋㅋㅋㅋㅋㅋ,대갤러 (121.129) 2026.02.17 11:26:44 스크랩 조회 509 추천 11 댓글 1,11,509,2026.02.17 11:26:44,https://gall.dcinside.com/mini/board/view/?id=dgh&no=2115&page=4
5,2114,[일반],삼각산,맨날 나대던 삼각산 병신 어디갔노,대갤러 (220.116) 2026.02.16 03:16:59 스크랩 조회 429 추천 11 댓글 3,11,429,2026.02.16 03:16:59,https://gall.dcinside.com/mini/board/view/?id=dgh&no=2114&page=5
5,2112,[3학년],이번에 08 의대 2명 이상 갈듯,전교1등 그분은 그냥 가는거고 내가 아는 코 큰 애 공부 ㅈㄴ 열심히 하고 또 ㅈㄴ 잘함,ㅇㅇ (211.106) 2026.02.14 08:48:39 스크랩 조회 707 추천 12 댓글 5,12,707,2026.02.14 08:48:39,https://gall.dcinside.com/mini/board/view/?id=dgh&no=2112&page=5
5,2111,[일반],학교 나오는거 난 다르게본다,3D로본다,대갤러 (121.129) 2026.02.13 08:37:25 스크랩 조회 552 추천 9 댓글 5,9,552,2026.02.13 08:37:25,https://gall.dcinside.com/mini/board/view/?id=dgh&no=2111&page=5
5,2110,[일반],정시파이터,이번 고3중에 정시로 서성한 이상 간 사람 얼마나됨?,대갤러 (117.111) 2026.02.13 07:39:20 스크랩 조회 315 추천 0 댓글 0,0,315,2026.02.13 07:39:20,https://gall.dcinside.com/mini/board/view/?id=dgh&no=2110&page=5
5,2109,[3학년],야자,3학년 땐 야자 11시나 12시까지로 늘려주면 안되나…,대갤러 (211.234) 2026.02.12 00:40:01 스크랩 조회 464 추천 15 댓글 2,15,464,2026.02.12 00:40:01,https://gall.dcinside.com/mini/board/view/?id=dgh&no=2109&page=5
5,2108,[3학년],탐구,수능 때 탐구 다들 뭐함 전교에 사문 안하는 애들 있나? 뭐 선택했는지랑 사문 안하는 애들 어느 정도 되는지 댓 좀,대갤러 (220.116) 2026.02.11 23:09:53 스크랩 조회 388 추천 1 댓글 7,1,388,2026.02.11 23:09:53,https://gall.dcinside.com/mini/board/view/?id=dgh&no=2108&page=5
5,2107,[3학년],07 선배님들,작년에 3점대 초중반이었던 사람들은 대부분 대학 어디 정도 갔나요? 대광고가 치사하게 그런 건 안 알려준 것 같아서 여쭙니다. 논술빼고요 - dc official App,대갤러 (211.235) 2026.02.11 22:38:44 스크랩 조회 439 추천 2 댓글 3,2,439,2026.02.11 22:38:44,https://gall.dcinside.com/mini/board/view/?id=dgh&no=2107&page=5
5,2106,[일반],이학교는 학생들을 가지고 놀고 있다.,"마지막 칸까지 채우기가 필수이며,학원 영수증같은 증빙자료를 제출하게 하는 행동을 하고있다.빽빽하게 과도한 분량을 작성해야만 준비기간을 뺄 수 있다는게 상식적으로 말이 되는 행동인가?학업 계획서가 아니라 반성문을 쓰는 기분이다.5일치 공부에 저렇게 많은 내용의 분량이 필요한가?전혀 아니다.마지막 줄까지 채우라고 강제하는 것은, 교육적 목적보다는 학교 안 나올 거면 몸이라도 고생해라 라는 소리로밖에 안들린다",대갤러 (117.111) 2026.02.11 21:21:27 스크랩 조회 624 추천 34 댓글 1,34,624,2026.02.11 21:21:27,https://gall.dcinside.com/mini/board/view/?id=dgh&no=2106&page=5
5,2105,[일반],결석증빙 제출 시간이 바뀌었다는 말이 있다,오늘 10시까지로 바뀌었다는 말이 있는데(확실하진 않음) 낼 애들은 빨리 내는게 나을것같음 나도 지들 ㅈ대로 정한 시간에 우리가 왜 쫓겨다녀야하는지는 모르겠음,대갤러 (210.92) 2026.02.11 09:31:33 스크랩 조회 285 추천 6 댓글 0,6,285,2026.02.11 09:31:33,https://gall.dcinside.com/mini/board/view/?id=dgh&no=2105&page=5
5,2104,[일반],진정한 승리자,작년에 자퇴한 08은 몇연승 중인거냐 도대체,대갤러 (149.88) 2026.02.11 00:53:27 스크랩 조회 461 추천 19 댓글 1,19,461,2026.02.11 00:53:27,https://gall.dcinside.com/mini/board/view/?id=dgh&no=2104&page=5
5,2103,[일반],선생님들 디시 보시는 거 알고 있습니다,"학생간담회같이 의견 낼 수 있는 공간 자체가 없어서 애들이 학교에서 ""3년 연속 정원미달 행동"" 할 때마다 디시와서 글 쓰는데 선생님들 욕하는 건 귀신같이 찾으시더만ㅋㅋ 정작 학생들이 진심으로 의견 표출하는 건 안보이시나요?ㅋㅋ (애들이 쓴 글 겉으로는 조리돌림하는 것처럼 보여도,장난스럽게 쓴 글 같아도 대부분 진심으로 쓴 글입니다) 읽고도 본인들이 맞다고 생각하는건가요? 교장쌤 입김이던 어머니회 입김이던 당사자는 학생이니까 제발 상식 밖 프로그램 진행하기 전에 학생들한테 설문 좀 돌리세요 공지도 제대로 안하고 내일 9시~11시까지 불참서 받는다는건 좀 많이 짜칩니다...ㅋㅋ glp도 내년에 꾸역꾸역 진행하시겠죠^^?",대갤러 (14.52) 2026.02.10 23:46:10 스크랩 조회 789 추천 47 댓글 9,47,789,2026.02.10 23:46:10,https://gall.dcinside.com/mini/board/view/?id=dgh&no=2103&page=5
5,2102,[3학년],학교 자습,07 선배님들 정시 준비할때 학교에서 쌤들이 얼마나 풀어주셨나요,대갤러 (5.181) 2026.02.10 23:16:03 스크랩 조회 386 추천 2 댓글 3,2,386,2026.02.10 23:16:03,https://gall.dcinside.com/mini/board/view/?id=dgh&no=2102&page=5
5,2101,[일반],조순묵,이제는 걍 무능하다고 생각함 8교시 ㅅㅂ 2월에 학교 나오는거 ㅅㅂ 단축 안 하는 거 ㅅㅂ 솔직히 학생들 입장에서 도움 되는게 있나…… 이제 그냥 은퇴해주십쇼..,대갤러 (124.194) 2026.02.10 22:46:38 스크랩 조회 577 추천 37 댓글 3,37,577,2026.02.10 22:46:38,https://gall.dcinside.com/mini/board/view/?id=dgh&no=2101&page=5
5,2100,[3학년],다같이 가지말자,,대갤러 (49.173) 2026.02.10 22:42:42 스크랩 조회 416 추천 26 댓글 0,26,416,2026.02.10 22:42:42,https://gall.dcinside.com/mini/board/view/?id=dgh&no=2100&page=5
5,2099,[일반],07인데 준비기간 & 대학라인 딱정리해줌,"갤 훑어보니까 출결로 개지랄 협박하는 것 같은데 개소리니까 ㅈ까셈. 나도 이제 탈광하지만 출결은 말도 안 되는 소리임. 법정 수업일수가 있고 대광은 그거 꽉 채워서 함. 교육부 고시에서 법정 수업일수 찾아본 다음 준비기간 포함해서 세보셈. 초과되면 개소리인거임. 무슨ㅋㅋ 불참 사유서 ㅇㅈㄹㅋㅋㅋ 지랄도 정도가 있지 이 학교는 그냥 그러려니 하고 아주 편안하게 좃 까 면 됨. 그냥 좃까면 할 수 있는 게 없음. 뭘할수있는데 ㅋㅋ 원래 대광은 좋소 마인드라 엉덩이 앉혀두기만 하면 성적이 저절로 오르는 줄 알아. 아무튼 08들은 이미 수시가 3.2 이하라면 좃빠지게 정시해야함. 국숭세단 못쓴다.. 이번에 수시도 큰빛반 애들만 딱 대학 잘 간 거임. 아닌애들은 그냥 생기부 일반고보다 못하고 (특히 ㅅㅈ 걸리면 답없음) 2점대 전멸했으니까 알아서 살아남아야 함 . 내 친구들 다 2점대였는데 국숭세단 다떨어지고 6광탈함. 2점대 애들 거진 열몇명인데 그 중 2~3명만 살아남음. 애초에 2점대라고 다들 건동홍만 써서 그런 것 같음. 올해기준 건대 컷은 2.2 정도임. 동홍은 그거보단 조금 낮음. 입결 홍보자료에 학생부종합이라 써져있는 애들 말곤 대부분 진짜 다 논술로 대학갔는데 훠훠 숟가락 얹어버리는 게 너무 괘씸해서 정 다 떨어짐.. 에휴 구라 아니고 진짜다. 현실 직시해서 정시 ㅈ빠지게 하고 좃깔건 좃까셈. 진짜 지금 와서 보면 아무것도 아님. 진짜 정시해라. 3.2 이하면. 국숭세단 다떨어진다. 국숭은 2.6~7이 마지노선임. 세단은 2.9.. 진짜임. 내가 3.3인데 광운대 겨우 붙었다. 너네들도 광운대 가고 싶진 않잖아? 그리고 하나 더 놀라운 사실은 서성한 // 중경외시 // 건동홍 // 국숭세단 사이에 엄청난 장벽이 있음. 예를 들어 너의 내신이 2.5다 하면 국숭세단이 적정임. 근데 그건 2.4도 마찬가지임. 근데 2.2가 되는 순간 건동홍이 갑자기 뚫림. 그러니까 대학별 등급 라인을 컨설팅 받아서 알아온다음 (대치동에 수시 컨설팅 받으러 가셈. 나도 이거 받으러 가서 교사들이 말하는 내신에 따른 라인과 실제 입결이 엄청 차이난단 걸 알았음. 교사들 사탕발림에 속지말고 대광고 내신별 대학 꼭 직시해야함) 자기가 윗 라인으로 올라갈 가망 없어보인다 하면 라인 유지할 등급으로만 타협보고 정시준비해야함. 근데 정시 성공률도 겁나 낮음. 내가 정시파이터로서 1년간 느낀 건 대광은 그냥 모두가 마법처럼 수시등급과 정시등급이 똑같이 나오게 되는 학교임. 정시를 수시보다 '유의미하게' 잘 본 애들은 3명 이내라 봐도 좋음. (유의미의 기준은 라인 1개 이상 상승) 그러니까 자기가 특히 국어 수학 중 하나가 고2 모의고사부터 벌써 낮3 이하다? 고3 3모인데도 수학/국어가, 특히 국어가 4등급이다? 수리/인문논술하자...",대갤러 (180.134) 2026.02.10 20:40:14 스크랩 조회 1043 추천 51 댓글 5,51,1043,2026.02.10 20:40:14,https://gall.dcinside.com/mini/board/view/?id=dgh&no=2099&page=5
5,2098,[3학년],1학년이나 2학년은 모르겠는데,같은 학교 3년째 다니는 애들한테 적응 ㅇㅈㄹ하는 건 개소리긴 함ㅋㅋ 수업이야 그냥 하면 되고 학교 생활만 8살부터 12년째 하고 있는데ㅋㅋ 겨울방학 특강이나 기숙가는 애들은 2월달까지는 스케줄 그렇게 짜놓았는데 갑자기 ㅈ도 안중요한데 필수니까 나오라고 그러고 빠지는 것도 개학하고 결석할 때보다 깐깐하게 하고 그러는 건 ㅅㅂ 그냥 개꼬장임. 쌤들은 애들이 정시로 대학가면 학교에서 잘해준 줄 아는데 팩트는 다 자기들이 노력해서 좋은 결과 얻은 거지 학교는 아무것도 해준 게 없다. 오히려 공부하고 있는 애들 방학 때 강제로 불러내는 꼬라지보면 방해만 주는 거지ㅋㅋ - dc official App,대갤러 (211.235) 2026.02.10 19:21:52 스크랩 조회 464 추천 38 댓글 1,38,464,2026.02.10 19:21:52,https://gall.dcinside.com/mini/board/view/?id=dgh&no=2098&page=5
5,2097,[일반],병신들,이시발새끼들은 불참할거면 손 들라고 이런말도 안하고 지들한테 찾아가야지 불참 서류나 주고 자빠져있고 뭐 퀘스트 깨는것도 아니고 이게 뭐냐 진지하게 교육청 찌를까?,대갤러 (1.240) 2026.02.10 18:08:10 스크랩 조회 416 추천 23 댓글 1,23,416,2026.02.10 18:08:10,https://gall.dcinside.com/mini/board/view/?id=dgh&no=2097&page=5
5,2094,[일반],아ㅋㅋ 오기싫으면 말을 하셨어야죠,"(필수라고 압박, 장거리 통학생 유기, 신청서 안내 유기, 불참신청사유서 선택과목변경사유서 양식으로 a4용지 꽉 채우게 하기, 패드 못쓰게함, 증빙서류 안내 유기해놓고 내일 오전에 몰래 마감시키기를 조지며) 내일 신청서 낸다고 그게 빠꾸 안먹는다는 보장도 없을듯",대갤러 (58.122) 2026.02.10 17:15:35 스크랩 조회 391 추천 20 댓글 0,20,391,2026.02.10 17:15:35,https://gall.dcinside.com/mini/board/view/?id=dgh&no=2094&page=5
5,2092,[3학년],불참 사유서,증빙서류 내라는거면 학교 안 올거면 딴데 가서 돈 써야 안 올수 있다는거임? ㅋㅋㅋㅋㅋㅋㅋㅋㅋㅋㅋㅋㅋㅋ 어이가 없네 걍,대갤러 (222.232) 2026.02.10 14:15:38 스크랩 조회 507 추천 19 댓글 10,19,507,2026.02.10 14:15:38,https://gall.dcinside.com/mini/board/view/?id=dgh&no=2092&page=5
5,2091,[일반],준비기간 올거임?,몇몇 선생님들은 필수로 오라고 하시는것같고 막 쨀수있는 분위기가 아닌것같아서 물어봄,대갤러 (121.160) 2026.02.10 13:58:07 스크랩 조회 280 추천 1 댓글 1,1,280,2026.02.10 13:58:07,https://gall.dcinside.com/mini/board/view/?id=dgh&no=2091&page=5
5,2090,[일반],3학년 반,좆된거 같으면 개추,대갤러 (211.234) 2026.02.10 10:25:40 스크랩 조회 320 추천 12 댓글 1,12,320,2026.02.10 10:25:40,https://gall.dcinside.com/mini/board/view/?id=dgh&no=2090&page=5
5,2089,[3학년],올해 병신반 어디노,ㅇㅇ,대갤러 (109.236) 2026.02.10 10:22:25 스크랩 조회 440 추천 0 댓글 4,0,440,2026.02.10 10:22:25,https://gall.dcinside.com/mini/board/view/?id=dgh&no=2089&page=5
5,2088,[일반],3학년 ㅈ된반,몇반이냐 - dc official App,대갤러 (211.234) 2026.02.10 10:17:11 스크랩 조회 326 추천 0 댓글 2,0,326,2026.02.10 10:17:11,https://gall.dcinside.com/mini/board/view/?id=dgh&no=2088&page=5
5,2087,[일반],이글루,ㅂ신들 ㅋㅋ - dc official App,대갤러 (211.234) 2026.02.10 09:55:24 스크랩 조회 218 추천 0 댓글 1,0,218,2026.02.10 09:55:24,https://gall.dcinside.com/mini/board/view/?id=dgh&no=2087&page=5
5,2086,[3학년],밑에 2월 준비기간 쓴 새긴데,일정 보니까 모의고사 보던데 그날만 갈까 생각중 모고가 사설이든 뭐든 간에 일단 다들 자기가 방학 동안 공부해서 대충 우리 학교에서 어느 정도인지 궁금하지 않노? - dc official App,대갤러 (221.143) 2026.02.09 00:37:58 스크랩 조회 368 추천 1 댓글 8,1,368,2026.02.09 00:37:58,https://gall.dcinside.com/mini/board/view/?id=dgh&no=2086&page=5
5,2083,[3학년],준비기간,"짜피 거의 정시라 쌤들한테 셰셰 할 애들도 없을텐데 윈터나,관독,방학특강 있는 애들은 무조건 째는 게 이득아님?",대갤러 (118.235) 2026.02.05 20:02:44 스크랩 조회 616 추천 11 댓글 5,11,616,2026.02.05 20:02:44,https://gall.dcinside.com/mini/board/view/?id=dgh&no=2083&page=5
5,2081,[일반],2월 준비기간,"내가 보기엔 출결에 안 들어간다 학사일정은 교육청 같은 곳에 보고를 해야할 텐데 교육청에서 2월 말에 갑자기 정상수업 하는 걸 허락해줄리도 없고 만약에 정식으로 학사일정에 등록?하고 하는 거면 가통에 써있는 것처럼 ""준비기간"" 이런 애매한 말 말고 걍 정식 개학이 2월 23일이라 했겠지 ㅇㅇ 그래도 출결 들어가는지 확실하진 않으니까 다들 여러 쌤들한테 좀 물어보고 다녀줘라 ㅇㅇ",대갤러 (115.93) 2026.02.05 00:13:40 스크랩 조회 508 추천 17 댓글 5,17,508,2026.02.05 00:13:40,https://gall.dcinside.com/mini/board/view/?id=dgh&no=2081&page=5
5,2080,[일반],냄새,Smell~~,대갤러 (211.169) 2026.02.03 17:52:40 스크랩 조회 515 추천 10 댓글 0,10,515,2026.02.03 17:52:40,https://gall.dcinside.com/mini/board/view/?id=dgh&no=2080&page=5
5,2079,[일반],운동장 이글루,. . . 부실 사람? 모집합니다.,대갤러 (211.169) 2026.02.03 14:06:00 스크랩 조회 840 추천 14 댓글 15,14,840,2026.02.03 14:06:00,https://gall.dcinside.com/mini/board/view/?id=dgh&no=2079&page=5
5,2078,[일반],물리 부교재 뭐야,뭐 보는게 나을까,대갤러 (175.119) 2026.02.02 14:55:27 스크랩 조회 347 추천 0 댓글 3,0,347,2026.02.02 14:55:27,https://gall.dcinside.com/mini/board/view/?id=dgh&no=2078&page=5
5,2077,[일반],매점,혹시 아침에 매점 몇시에 여는지 알려주실 수 있나요??,대갤러 (220.86) 2026.02.02 08:14:33 스크랩 조회 338 추천 0 댓글 1,0,338,2026.02.02 08:14:33,https://gall.dcinside.com/mini/board/view/?id=dgh&no=2077&page=5
5,2076,[일반],고3한테 방학때 적응기간이라고 나오라는 학교는 여기밖에없을거다,신학기를 준비한다고 나오라고? 무슨 리듬을 회복해 이미 ㅈ된애들은 대학 못 가 방학인데 학교 나오게 해서 시간 낭비만 존나하게 하네ㅋㅋㅋ 선택해서 나오고 싶은 애들만 나오게해야지 어이가 없다 진짜,대갤러 (211.178) 2026.02.01 16:52:13 스크랩 조회 698 추천 34 댓글 8,34,698,2026.02.01 16:52:13,https://gall.dcinside.com/mini/board/view/?id=dgh&no=2076&page=5
5,2075,[일반],정상수업 쓰으벌~,쓰으버얼~ - dc official App,대갤러 (211.234) 2026.01.30 13:44:48 스크랩 조회 396 추천 9 댓글 0,9,396,2026.01.30 13:44:48,https://gall.dcinside.com/mini/board/view/?id=dgh&no=2075&page=5
5,2073,[일반],3학년 담임 누구 올라오냐,ㅈㄱㄴ,대갤러 (211.234) 2026.01.25 15:18:07 스크랩 조회 460 추천 0 댓글 2,0,460,2026.01.25 15:18:07,https://gall.dcinside.com/mini/board/view/?id=dgh&no=2073&page=5
5,2072,[일반],3월 개학하는 날 몇일임?,2/10부터 다시 방학했다가 3월 몇일에 나오는거?,대갤러 (211.33) 2026.01.22 22:08:33 스크랩 조회 335 추천 0 댓글 2,0,335,2026.01.22 22:08:33,https://gall.dcinside.com/mini/board/view/?id=dgh&no=2072&page=5
5,2071,[일반],3학년 영어 수특 중간범위,어디까지임? - dc official App,대갤러 (211.234) 2026.01.14 22:37:48 스크랩 조회 379 추천 1 댓글 1,1,379,2026.01.14 22:37:48,https://gall.dcinside.com/mini/board/view/?id=dgh&no=2071&page=5
5,2069,[2학년],영어,2학년 내신 부교재 뭐 썼었음,대갤러 (211.169) 2026.01.14 16:35:20 스크랩 조회 429 추천 1 댓글 3,1,429,2026.01.14 16:35:20,https://gall.dcinside.com/mini/board/view/?id=dgh&no=2069&page=5
5,2068,[일반],수시입결 최종,,대갤러 (211.46) 2026.01.02 13:51:29 스크랩 조회 1075 추천 9 댓글 5,9,1075,2026.01.02 13:51:29,https://gall.dcinside.com/mini/board/view/?id=dgh&no=2068&page=5
5,2067,[일반],새해복 좆나 많이 받아라,ㅈㄱㄴ,대갤러 (218.51) 2026.01.01 00:29:38 스크랩 조회 446 추천 8 댓글 1,8,446,2026.01.01 00:29:38,https://gall.dcinside.com/mini/board/view/?id=dgh&no=2067&page=5
5,2066,[일반],3학년 담임쌤,현2학년 담임 중에선 누가 고정으로 올라오심 - dc official App,대갤러 (220.117) 2025.12.31 12:15:03 스크랩 조회 683 추천 0 댓글 3,0,683,2025.12.31 12:15:03,https://gall.dcinside.com/mini/board/view/?id=dgh&no=2066&page=5
5,2056,[일반],ㅈ게이새끼 또왔네,117.111 이거 LG 통피니깐 lg쓰는 놈이 범인이다,대갤러 (211.106) 2025.12.30 22:49:32 스크랩 조회 530 추천 0 댓글 1,0,530,2025.12.30 22:49:32,https://gall.dcinside.com/mini/board/view/?id=dgh&no=2056&page=5
5,2052,[일반],내일 학교에서 경도,진지하게 내일 학교 끝나고 경찰과 도둑 할 사람 2학년 2반으로 왕 ^^,정성구 2025.12.30 17:49:17 스크랩 조회 558 추천 3 댓글 3,3,558,2025.12.30 17:49:17,https://gall.dcinside.com/mini/board/view/?id=dgh&no=2052&page=5
5,2051,[일반],경비,퇴출시키는거 공약 걸면 전교회장 당선 아니냐,대갤러 (211.169) 2025.12.30 12:12:16 스크랩 조회 493 추천 15 댓글 1,15,493,2025.12.30 12:12:16,https://gall.dcinside.com/mini/board/view/?id=dgh&no=2051&page=5
5,2050,[일반],그래서,전교회장 어케 되는거노?,대갤러 (221.146) 2025.12.29 23:04:30 스크랩 조회 296 추천 0 댓글 0,0,296,2025.12.29 23:04:30,https://gall.dcinside.com/mini/board/view/?id=dgh&no=2050&page=5
5,2049,[일반],진짜,오늘 설문조사 하면서 느낀건데 8교시랑 GLP는 어떻게 못하나 GLP는 나름 담당 선생님께서도 학생들 재밌게 하려고 하시는게 느껴지는데 8교시는 너무 비효율적인거 같음 단축 안하는 것도 그렇고 ㅇㅇ,대갤러 (118.235) 2025.12.29 17:37:47 스크랩 조회 550 추천 35 댓글 1,35,550,2025.12.29 17:37:47,https://gall.dcinside.com/mini/board/view/?id=dgh&no=2049&page=5
5,2046,[일반],지금 파딱 누구냐?,저거 시발 왜 안자르냐?ㅋㅋㅋ,대갤러 (211.169) 2025.12.29 14:10:13 스크랩 조회 365 추천 0 댓글 0,0,365,2025.12.29 14:10:13,https://gall.dcinside.com/mini/board/view/?id=dgh&no=2046&page=5
5,2045,[일반],제발,아니 진짜 좀 씻으라고 집에 세탁기나 샴푸 없는거도 아니고 인간적으로는 살자 제발 하..,대갤러 (211.169) 2025.12.29 14:06:09 스크랩 조회 298 추천 2 댓글 0,2,298,2025.12.29 14:06:09,https://gall.dcinside.com/mini/board/view/?id=dgh&no=2045&page=5
5,2044,[일반],눈정화,,대갤러 (223.118) 2025.12.29 13:10:53 스크랩 조회 706 추천 10 댓글 3,10,706,2025.12.29 13:10:53,https://gall.dcinside.com/mini/board/view/?id=dgh&no=2044&page=5
5,2042,[일반],시발 성적 도대체 언제 올라옴,ㄹㅇ,대갤러 (211.169) 2025.12.29 12:50:25 스크랩 조회 300 추천 1 댓글 0,1,300,2025.12.29 12:50:25,https://gall.dcinside.com/mini/board/view/?id=dgh&no=2042&page=5
6,2040,[일반],V아래 이새끼도 정상은 아니노,Gay,대갤러 (211.169) 2025.12.29 12:43:51 스크랩 조회 273 추천 0 댓글 0,0,273,2025.12.29 12:43:51,https://gall.dcinside.com/mini/board/view/?id=dgh&no=2040&page=6
6,2038,[일반],밑글,Gay,대갤러 (211.169) 2025.12.29 12:37:26 스크랩 조회 283 추천 0 댓글 0,0,283,2025.12.29 12:37:26,https://gall.dcinside.com/mini/board/view/?id=dgh&no=2038&page=6
6,2037,[일반],특수상대성희롱,,ㅇㅇ (211.169) 2025.12.29 12:36:25 스크랩 조회 463 추천 0 댓글 0,0,463,2025.12.29 12:36:25,https://gall.dcinside.com/mini/board/view/?id=dgh&no=2037&page=6
6,2036,[일반],밑에 글 보지마라,씨 ㅂ,ㅇㅇ (211.169) 2025.12.29 12:35:21 스크랩 조회 360 추천 0 댓글 0,0,360,2025.12.29 12:35:21,https://gall.dcinside.com/mini/board/view/?id=dgh&no=2036&page=6
6,2035,[일반],밑글 통매음으로 고소한다,님 인생 ㅈ됨ㅅㄱ 고닉달고 저딴글을 쓰다니 ㅋㅋ,ㅇㅇ (14.40) 2025.12.29 12:15:11 스크랩 조회 455 추천 1 댓글 4,1,455,2025.12.29 12:15:11,https://gall.dcinside.com/mini/board/view/?id=dgh&no=2035&page=6
6,2032,[일반],그놈의아바타시발ㅋㅋㅋ,진짜로 영화보고 학교돌아와서 7교시까지 해야하냐 집좀 보내줘라,대갤러 (211.178) 2025.12.28 23:18:57 스크랩 조회 619 추천 13 댓글 2,13,619,2025.12.28 23:18:57,https://gall.dcinside.com/mini/board/view/?id=dgh&no=2032&page=6
6,2031,[일반],그래서대광입결,어케됨? 추합끝났잖아 누가정리해서한번올려봐,대갤러 (223.38) 2025.12.28 22:44:54 스크랩 조회 383 추천 0 댓글 1,0,383,2025.12.28 22:44:54,https://gall.dcinside.com/mini/board/view/?id=dgh&no=2031&page=6
6,2030,[1학년],2학년 선택과목,"이번에 2학년 올라가는 1학년입니다 선택과목을 5개 모두 사회로 해서 1학기가 현대사회와 윤리, 경제, 정치, 세계사, 기후변화와 지속가능한 세계 이렇게 다섯개인데요 감당 할 자신으로 선택하긴 했는데 인강을 어디서 들어야 할지 모르겠습니다. 메가스터디가 나름 유명하다고 해서 선생님들 찾아봤는데 한분한분 가격이 좀 나가서 신중하고 고민중인데 23학년 형님들 강사분들중 괜찮으신분 아시면 추천좀 부탁드립니다 ㅠㅠ",대갤러 (61.255) 2025.12.28 21:22:23 스크랩 조회 395 추천 0 댓글 5,0,395,2025.12.28 21:22:23,https://gall.dcinside.com/mini/board/view/?id=dgh&no=2030&page=6
6,2029,[2학년],문과 1등,문과 전교 1등 교체 맞냐? 진짜 1등이??..,대갤러 (220.72) 2025.12.28 20:31:26 스크랩 조회 388 추천 4 댓글 0,4,388,2025.12.28 20:31:26,https://gall.dcinside.com/mini/board/view/?id=dgh&no=2029&page=6
6,2028,[일반],성적,도대체 언제 올림,대갤러 (222.109) 2025.12.26 17:44:10 스크랩 조회 355 추천 2 댓글 1,2,355,2025.12.26 17:44:10,https://gall.dcinside.com/mini/board/view/?id=dgh&no=2028&page=6
6,2027,[일반],GLP,대상이랑 최우수상 헷갈린거죠?,대갤러 (211.169) 2025.12.26 17:18:34 스크랩 조회 495 추천 27 댓글 1,27,495,2025.12.26 17:18:34,https://gall.dcinside.com/mini/board/view/?id=dgh&no=2027&page=6
6,2026,[일반],청방사우나 여기 ㄱㅇ사우나임?,서울 천호에 있는 청방사우나 어떰,대갤러 (116.45) 2025.12.26 16:31:37 스크랩 조회 781 추천 1 댓글 2,1,781,2025.12.26 16:31:37,https://gall.dcinside.com/mini/board/view/?id=dgh&no=2026&page=6
6,2025,[일반],대 시 우 30만원 반에 기부,임솔 뭐하냐,대갤러 (211.169) 2025.12.26 15:11:57 스크랩 조회 558 추천 20 댓글 1,20,558,2025.12.26 15:11:57,https://gall.dcinside.com/mini/board/view/?id=dgh&no=2025&page=6
6,2024,[일반],단축,이븅신학교는 도대체 다른학교 다 단축해서 2시에 끝날때 애들 공부안한다 드립치면서 정상수업하는거임? 진짜 모름 8교시안하는거만으로도 감사하다 ㅅㅂㅋㅋ,대갤러 (211.169) 2025.12.26 11:48:50 스크랩 조회 325 추천 7 댓글 3,7,325,2025.12.26 11:48:50,https://gall.dcinside.com/mini/board/view/?id=dgh&no=2024&page=6
6,2023,[일반],호! 호! 호!,사랑하는 대광 학생 여러분 모 ​두 ​ ​메 ​ 리 ​크 리 순 ​마 스!!! - dc official App,대갤러 (223.38) 2025.12.25 22:12:18 스크랩 조회 423 추천 22 댓글 0,22,423,2025.12.25 22:12:18,https://gall.dcinside.com/mini/board/view/?id=dgh&no=2023&page=6
6,2022,[일반],크리스마스,스카가는 사람 개추.. ㅇㄷㄴㅂㅌ - dc official App,대갤러 (220.117) 2025.12.24 18:13:35 스크랩 조회 346 추천 11 댓글 1,11,346,2025.12.24 18:13:35,https://gall.dcinside.com/mini/board/view/?id=dgh&no=2022&page=6
6,2020,[일반],올해 그래서 수시 결과 어캐됨??,ㅈ망했다는 소리가 있는데 제대로 알려줄 선배님 구함,대갤러 (223.38) 2025.12.23 14:08:47 스크랩 조회 396 추천 2 댓글 1,2,396,2025.12.23 14:08:47,https://gall.dcinside.com/mini/board/view/?id=dgh&no=2020&page=6
6,2019,[일반],3년 공부해서 좋은 대학 가고 나면?,뭐?3년 좆빠지게 공부 시켜서 좋은 대학 나와도 Ai로 대체하고 걍 놀고먹다 기술 배운련들이 더 돈을 잘 번다고?????? - dc official App,ㅇㅇ (118.235) 2025.12.22 20:07:06 스크랩 조회 438 추천 1 댓글 6,1,438,2025.12.22 20:07:06,https://gall.dcinside.com/mini/board/view/?id=dgh&no=2019&page=6
6,2018,[2학년],턱 존나 긴새끼들 보면 신기함,턱이 그냥 존나 튀어나와이ㅣㅆ음 조진세 마냥 유전자가 따로 있는듯,대갤러 (211.169) 2025.12.22 13:59:03 스크랩 조회 707 추천 24 댓글 7,24,707,2025.12.22 13:59:03,https://gall.dcinside.com/mini/board/view/?id=dgh&no=2018&page=6
6,2017,[일반],쉬는시간,2시간에 한 번씩 주면 안되나,대갤러 (211.234) 2025.12.22 00:58:39 스크랩 조회 260 추천 3 댓글 0,3,260,2025.12.22 00:58:39,https://gall.dcinside.com/mini/board/view/?id=dgh&no=2017&page=6
6,2016,[일반],단축,우리 학교 왜 단축 안함? 그냥 좀 단축해주면 안됨?,대갤러 (39.125) 2025.12.22 00:53:48 스크랩 조회 279 추천 9 댓글 0,9,279,2025.12.22 00:53:48,https://gall.dcinside.com/mini/board/view/?id=dgh&no=2016&page=6
6,2014,[일반],딱.풀.자.위,,대갤러 (220.65) 2025.12.21 03:53:59 스크랩 조회 555 추천 0 댓글 2,0,555,2025.12.21 03:53:59,https://gall.dcinside.com/mini/board/view/?id=dgh&no=2014&page=6
6,2013,[일반],선생님의 자부심,선생님 의자 부심ㅋㅋ (진짜임),대갤러 (211.169) 2025.12.19 13:46:03 스크랩 조회 447 추천 1 댓글 1,1,447,2025.12.19 13:46:03,https://gall.dcinside.com/mini/board/view/?id=dgh&no=2013&page=6
6,2010,[일반],질문,현재 07 입결 정황이 궁금함,대갤러 (220.72) 2025.12.18 01:45:45 스크랩 조회 420 추천 1 댓글 4,1,420,2025.12.18 01:45:45,https://gall.dcinside.com/mini/board/view/?id=dgh&no=2010&page=6
6,2009,[일반],솔직히,정시 해야되나 고민되면 정시해라 걍,대갤러 (211.234) 2025.12.17 09:22:26 스크랩 조회 496 추천 17 댓글 0,17,496,2025.12.17 09:22:26,https://gall.dcinside.com/mini/board/view/?id=dgh&no=2009&page=6
6,2008,[일반],그래도,힘든 시험 치느라 고생많았다 하루만힘내자,대갤러 (121.130) 2025.12.17 00:32:05 스크랩 조회 289 추천 1 댓글 0,1,289,2025.12.17 00:32:05,https://gall.dcinside.com/mini/board/view/?id=dgh&no=2008&page=6
6,2007,[일반],대광고 총내신 3.3이면 어디가 정배냐,진짜로 - dc official App,대갤러 (220.73) 2025.12.16 23:40:56 스크랩 조회 623 추천 0 댓글 8,0,623,2025.12.16 23:40:56,https://gall.dcinside.com/mini/board/view/?id=dgh&no=2007&page=6
6,2006,[2학년],수시 하향곡선에 평균 2.0인데,아직 수시 붙잡는게 맞겠지 하 시발 내가 어쩌다 좆같다,대갤러 (125.128) 2025.12.16 22:43:32 스크랩 조회 408 추천 4 댓글 3,4,408,2025.12.16 22:43:32,https://gall.dcinside.com/mini/board/view/?id=dgh&no=2006&page=6
6,2005,[2학년],정시,1~2학년 종합3.0정도면 정시가 맞나,대갤러 (220.117) 2025.12.16 18:14:34 스크랩 조회 342 추천 0 댓글 2,0,342,2025.12.16 18:14:34,https://gall.dcinside.com/mini/board/view/?id=dgh&no=2005&page=6
6,2003,[일반],언매에 관하여,애들이 핀트를 잘못 잡는 게 어려운 게 문제가 아님 오히려 이렇게 존나 어려우면 원래였으면 못 봤을 애들이 찍맞으로 올라갈 확률이 올라가니까 유리하지. 진짜 문제는 ​ 수업 때 한 거를 쳐 안 낸 게 ​ ​ 씨발임. 평소에 수업 때 존나 짜증부리고 화내면서 수업 나온다고 진지 겁나 빨아놓고 엿 먹이는 것도 아니고 소학언해 의유당 독립신문창간사 중요하다며 니 수업이 그렇게 중요하면 니 수업에서 나온 걸 내라고. 처음 보는 문제 내고 싶으면 평가원을 가. - dc official App,대갤러 (223.38) 2025.12.16 14:27:08 스크랩 조회 746 추천 89 댓글 5,89,746,2025.12.16 14:27:08,https://gall.dcinside.com/mini/board/view/?id=dgh&no=2003&page=6
6,2002,[2학년],언매,진지하게 극상위권만 대학 잘 보내려고 작정한 거냐,대갤러 (211.234) 2025.12.16 09:30:32 스크랩 조회 655 추천 22 댓글 8,22,655,2025.12.16 09:30:32,https://gall.dcinside.com/mini/board/view/?id=dgh&no=2002&page=6
6,1999,[일반],"고2 화학 종합 3틀, 4틀 있냐?","고2 화학 종합 3틀, 4틀 있냐?",대갤러 (211.234) 2025.12.15 17:15:05 스크랩 조회 394 추천 0 댓글 3,0,394,2025.12.15 17:15:05,https://gall.dcinside.com/mini/board/view/?id=dgh&no=1999&page=6
6,1998,[일반],고1 국어 어땠어,나만 어려웠노   등급 작살날 것 같아 전학 고려중 ㅠㅠ 이제 원점수도  들어 가는데 어쩌란 말인가  불내신이었던 학교도 원점수 고려해서 90초반에 1컷 맞춰느라 갑자기 너무 쉬워져서 컴플레인 많이 들어 오는 상황이라는데 국어 불수능이었다고 맞춰서  불내신 만든건지 나만 못 본건지 당황스럽네   나만 못 본거면 다른데로 가던지 해야지 어쩌겠노 ㅠㅠ,대갤러 (117.111) 2025.12.15 17:03:58 스크랩 조회 465 추천 2 댓글 8,2,465,2025.12.15 17:03:58,https://gall.dcinside.com/mini/board/view/?id=dgh&no=1998&page=6
6,1996,[일반],냄시,아무리 시험 기간이어도 몸은 제발 씻던지 탈취제를 좀 뿌리던지 좀 해라 냄새 공해 진심 역하다;;,대갤러 (106.245) 2025.12.15 12:36:11 스크랩 조회 467 추천 20 댓글 1,20,467,2025.12.15 12:36:11,https://gall.dcinside.com/mini/board/view/?id=dgh&no=1996&page=6
6,1991,[일반],그래서 대광입결,어케됬노 등급대 별로 어케됬는지 궁금함,대갤러 (58.29) 2025.12.13 15:00:42 스크랩 조회 978 추천 17 댓글 16,17,978,2025.12.13 15:00:42,https://gall.dcinside.com/mini/board/view/?id=dgh&no=1991&page=6
6,1990,[3학년],하,하 우리의 3년은 대체 어디로 간거냐,대갤러 (220.65) 2025.12.13 12:56:58 스크랩 조회 264 추천 0 댓글 0,0,264,2025.12.13 12:56:58,https://gall.dcinside.com/mini/board/view/?id=dgh&no=1990&page=6
6,1989,[일반],밑에 글들보고 느낀점,정시해라ㅋㅋ,대갤러 (118.235) 2025.12.13 01:10:09 스크랩 조회 289 추천 3 댓글 0,3,289,2025.12.13 01:10:09,https://gall.dcinside.com/mini/board/view/?id=dgh&no=1989&page=6
6,1988,[2학년],고삼이들 올해 수시,입결 어케되노무현 함 올리봐라,대갤러 (1.231) 2025.12.12 22:29:59 스크랩 조회 473 추천 0 댓글 3,0,473,2025.12.12 22:29:59,https://gall.dcinside.com/mini/board/view/?id=dgh&no=1988&page=6
6,1987,[2학년],수학 ㅈㄴ 괘씸한 점,수특 ㅈㄴ 중요하다는 듯 말해놓고 시험 몇 주 전에 갑자기 레벨 3 시험범위에 넣고서는 시험에 내지도 않았음ㅋㅋㅋㅋㅋㅋㅋㅋㅋㅋㅋㅋㅋㅋ - dc official App,대갤러 (116.126) 2025.12.12 20:43:27 스크랩 조회 420 추천 6 댓글 2,6,420,2025.12.12 20:43:27,https://gall.dcinside.com/mini/board/view/?id=dgh&no=1987&page=6
6,1986,[일반],수학수특,연계 어디서 된거임,대갤러 (220.65) 2025.12.12 19:33:48 스크랩 조회 249 추천 1 댓글 0,1,249,2025.12.12 19:33:48,https://gall.dcinside.com/mini/board/view/?id=dgh&no=1986&page=6
6,1985,[2학년],생각해보니깐 존나 무섭네,3년동안 ㅈ빠지게 중간 기말 공부하고 수행 챙기면서 보고서 존나게 쓰고 쌤들한테 알랑방구 뀌어가며 생기부 챙겼는데 6광탈하고 교육과정 바뀌어서 재수도 못하는 상황이 된다면 존나 3년 허무하고 개좆같을거 같네 하 시발 좆같다,ㅇㅇ (118.235) 2025.12.12 19:03:36 스크랩 조회 494 추천 14 댓글 2,14,494,2025.12.12 19:03:36,https://gall.dcinside.com/mini/board/view/?id=dgh&no=1985&page=6
6,1984,[3학년],사랑하는 대광고 에게,"학생들도 이제 한계다. 그냥 일반고 해라. 학생 탓 운탓 환경 탓하지 마라. 학생도 학부모도 충분히 기다려줬다. 학생이나 학부모나 어려운 내신 챙겼고 내신공부만 해도 바쁘고 힘든 시절이라 정시공부를 많이 못하고 자랐다. 그래서 원서쓸때 교장쌤만큼은 행복하게 하자고 약속했다. 학교에게 언제나 최고는 아니더라도 최선을 다해주고 싶었다. 내가 6광탈 무서운거 참으며 서울대, 연세대, 고려대 모두 합격증을 주고 싶었다. 네가 생기부에 똥칠할 때에도 앞에선 짜증냈지만 뒤에서는 우리가 활동을 안해서 그런가보다 하며 엄마랑 많이 울었다. 그래도 학교의 입결은 올라가겠지 자사고 지위에 걸맞는 대접을 누릴 수 있겠지.이 생각만 하며 꼭 참으며 세월을 보냈다. 그런데 이게 뭐냐? 우리학교 애들 내신이 몇인지알긴하냐? 도대체 그 짬밥에 혼자서 생기부 쓸 줄 아는게 뭐냐? 늘 불만은 많으면서 실천하는게 뭐난 말이다.오늘 문득 우리가 수시를 잘못 챙겼다는 생각이 든다. 거울을 보니 떨어진 내 모습에 눈물이 나더라. 그냥. 이제 나가라. 학생을 원망하지도 말고 니 힘으로 알아서 살아라. 우리도 지쳤다 당장 일반고 전환해라.",대갤러 (211.234) 2025.12.12 18:49:39 스크랩 조회 644 추천 86 댓글 2,86,644,2025.12.12 18:49:39,https://gall.dcinside.com/mini/board/view/?id=dgh&no=1984&page=6
6,1980,[2학년],수학은 50분 안에 맞추라고 낸거냐?,이게 맞아?,대갤러 (211.169) 2025.12.12 10:00:48 스크랩 조회 603 추천 22 댓글 1,22,603,2025.12.12 10:00:48,https://gall.dcinside.com/mini/board/view/?id=dgh&no=1980&page=6
6,1979,[2학년],영어,ㅁㅌㅊ - dc official App,대갤러 (211.234) 2025.12.11 10:11:37 스크랩 조회 423 추천 0 댓글 2,0,423,2025.12.11 10:11:37,https://gall.dcinside.com/mini/board/view/?id=dgh&no=1979&page=6
6,1978,[1학년],오늘 채플듣다 궁금해진건데,예수가 하느님 아들인데 성모마리아는 사람이고 하느님은 신 아니냐? 어케낳은거임 신한테 생식기능이 있음? 글고 생식기능이 있다 해도 인간이랑 물리적 접촉이 불가능한 신이랑 교배가 됨? 현세에 강림할수있는 뭐 그런 능력이 있는거임?,대갤러 (103.216) 2025.12.10 17:45:51 스크랩 조회 540 추천 0 댓글 8,0,540,2025.12.10 17:45:51,https://gall.dcinside.com/mini/board/view/?id=dgh&no=1978&page=6
6,1977,[2학년],그만좀해라 진짜...,아 화날라고하네 친목질좀 그만해라 싫어하는거 딱 봐도 보이는데 연락도 작작좀 하고 혼자서 해결해라,대갤러 (211.217) 2025.12.09 23:35:25 스크랩 조회 536 추천 13 댓글 3,13,536,2025.12.09 23:35:25,https://gall.dcinside.com/mini/board/view/?id=dgh&no=1977&page=6
6,1976,[일반],개추 시 기말 올백,잼파파 - dc official App,대갤러 (116.126) 2025.12.09 19:52:40 스크랩 조회 380 추천 29 댓글 1,29,380,2025.12.09 19:52:40,https://gall.dcinside.com/mini/board/view/?id=dgh&no=1976&page=6
6,1975,[일반],기말 ㅅㅂ 쉬운게 없노,죄다 어렵대 씹,대갤러 (220.117) 2025.12.09 18:17:41 스크랩 조회 223 추천 0 댓글 1,0,223,2025.12.09 18:17:41,https://gall.dcinside.com/mini/board/view/?id=dgh&no=1975&page=6
6,1974,[일반],모 아이돌 꼭x 노출..,,대갤러 (106.101) 2025.12.08 21:42:53 스크랩 조회 450 추천 5 댓글 1,5,450,2025.12.08 21:42:53,https://gall.dcinside.com/mini/board/view/?id=dgh&no=1974&page=6
6,1973,[일반],이제는8교시빼는거도 지랄하네,븅신같은학교,대갤러 (211.178) 2025.12.08 18:42:49 스크랩 조회 295 추천 2 댓글 1,2,295,2025.12.08 18:42:49,https://gall.dcinside.com/mini/board/view/?id=dgh&no=1973&page=6
7,1972,[일반],전학,여기로 전학오고싶은데 어떤가요 09입니다,대갤러 (118.235) 2025.12.07 15:11:36 스크랩 조회 370 추천 0 댓글 8,0,370,2025.12.07 15:11:36,https://gall.dcinside.com/mini/board/view/?id=dgh&no=1972&page=7
7,1971,[일반],올해 최고의 명반,K-flip 추 Yaho 비추,대갤러 (221.146) 2025.12.06 01:45:12 스크랩 조회 510 추천 16 댓글 1,16,510,2025.12.06 01:45:12,https://gall.dcinside.com/mini/board/view/?id=dgh&no=1971&page=7
7,1970,[2학년],엉따  <<-- 최고의 정책이면 개추,고맙습니다 전전교부회장 GOAT,대갤러 (118.235) 2025.12.03 17:43:53 스크랩 조회 571 추천 21 댓글 7,21,571,2025.12.03 17:43:53,https://gall.dcinside.com/mini/board/view/?id=dgh&no=1970&page=7
7,1969,[2학년],좀….,씻고 좀 다녀라 시발련들아 홀애비 냄새 존나게 난다 냄새 나는것도 존나 피해주는거다 시발련들아 ㅋㅋ,대갤러 (211.169) 2025.12.02 09:06:13 스크랩 조회 737 추천 39 댓글 5,39,737,2025.12.02 09:06:13,https://gall.dcinside.com/mini/board/view/?id=dgh&no=1969&page=7
7,1967,[일반],누구든간에,찝쩍거리지좀마라 보일때마다ㅈ같네,대갤러 (211.235) 2025.11.29 22:26:47 스크랩 조회 646 추천 8 댓글 3,8,646,2025.11.29 22:26:47,https://gall.dcinside.com/mini/board/view/?id=dgh&no=1967&page=7
7,1964,[일반],학교 수업 어때요?,내년에 대광고에 가려고 해요 자사고에서 일반고로 바뀌는데 선생님들은 안 바뀐다고 들었어요 자사고 선생님이면 다른 일반고 선생님들보다 잘 가르치시나요? 1학년 선생님들 궁금해요,대갤러 (121.160) 2025.11.25 23:19:47 스크랩 조회 697 추천 0 댓글 11,0,697,2025.11.25 23:19:47,https://gall.dcinside.com/mini/board/view/?id=dgh&no=1964&page=7
7,1962,[일반],후문 제발,작작 좀 쳐 닫아라 ㅅㅂ 저녁에 후문으로 갈때마다 닫혀있네ㅅㅂㅅㅂㅅㅂ,대갤러 (223.38) 2025.11.24 21:13:59 스크랩 조회 505 추천 13 댓글 1,13,505,2025.11.24 21:13:59,https://gall.dcinside.com/mini/board/view/?id=dgh&no=1962&page=7
7,1961,[일반],공지좀 그만해라 시발련아,쓸데없는 얘기 ㅈㄴ하네,대갤러 (64.226) 2025.11.24 08:34:59 스크랩 조회 449 추천 5 댓글 1,5,449,2025.11.24 08:34:59,https://gall.dcinside.com/mini/board/view/?id=dgh&no=1961&page=7
7,1960,[2학년],3학년 담임 쌤,누가 젤 goat - dc official App,대갤러 (58.231) 2025.11.23 03:57:26 스크랩 조회 643 추천 0 댓글 5,0,643,2025.11.23 03:57:26,https://gall.dcinside.com/mini/board/view/?id=dgh&no=1960&page=7
7,1955,[3학년],짜피 곧 대학 합격할거 같은데,학교 꼭 나와야함?,대갤러 (106.101) 2025.11.19 17:11:57 스크랩 조회 634 추천 2 댓글 5,2,634,2025.11.19 17:11:57,https://gall.dcinside.com/mini/board/view/?id=dgh&no=1955&page=7
7,1954,[2학년],급식실,급식실에서 부모 이름좀 그만 불러라 특히 ㅊㅎㅅ ㅈㅇㄱ ㅎㅇㄱ 조용히 밥좀 먹자 새끼들아,대갤러 (104.28) 2025.11.17 00:11:30 스크랩 조회 712 추천 22 댓글 2,22,712,2025.11.17 00:11:30,https://gall.dcinside.com/mini/board/view/?id=dgh&no=1954&page=7
7,1953,[3학년],고생했다,이제놀자ㅏㅏㅏㅏㅏㅏㅏㅏㅏㅏㅏㅏㅏㅏㅏㅏㅏㅏㅏㅏㅏㅏㅏㅏㅏㅏㅏㅏㅏㅏㅏㅏㅏㅏㅏㅏㅏㅏㅏㅏㅏ,대갤러 (223.38) 2025.11.13 18:50:29 스크랩 조회 512 추천 5 댓글 1,5,512,2025.11.13 18:50:29,https://gall.dcinside.com/mini/board/view/?id=dgh&no=1953&page=7
7,1951,[일반],그래도 할 건 해야지,수능 대박 ㅎㅇㅌ,정성구 2025.11.12 00:19:07 스크랩 조회 1010 추천 66 댓글 4,66,1010,2025.11.12 00:19:07,https://gall.dcinside.com/mini/board/view/?id=dgh&no=1951&page=7
7,1950,[2학년],5반의 문제,ㅇㅇ - dc official App,대갤러 (223.38) 2025.11.11 22:18:12 스크랩 조회 1032 추천 55 댓글 3,55,1032,2025.11.11 22:18:12,https://gall.dcinside.com/mini/board/view/?id=dgh&no=1950&page=7
7,1949,[2학년],혹시,"쌤들 디시 보고 ""이런 식으로 하면 점심리그 안 한다"" 선언? 순묵햄도 은근 심각해 보이던데 - dc official App",대갤러 (221.143) 2025.11.11 22:16:39 스크랩 조회 457 추천 6 댓글 1,6,457,2025.11.11 22:16:39,https://gall.dcinside.com/mini/board/view/?id=dgh&no=1949&page=7
7,1948,[일반],뭐가 그렇게 당당한가?,원래 진행하던대로 했으면 아무 말도 없었을것이다. 불만이 있으면 와서 말하라고?,대갤러 (211.178) 2025.11.11 19:43:40 스크랩 조회 726 추천 26 댓글 0,26,726,2025.11.11 19:43:40,https://gall.dcinside.com/mini/board/view/?id=dgh&no=1948&page=7
7,1947,[일반],오늘 점심,개맛있었으면 개추 ㅋㅋ - dc official App,대갤러 (211.235) 2025.11.11 18:18:40 스크랩 조회 696 추천 27 댓글 2,27,696,2025.11.11 18:18:40,https://gall.dcinside.com/mini/board/view/?id=dgh&no=1947&page=7
7,1946,[2학년],솔직히,야야 심판보면서 그럴수도 있지 다들 왜 그르냐 솔직히 5반 이기는거 다 알고 있었잖아 ㅋㅋ,대갤러 (223.38) 2025.11.11 17:09:15 스크랩 조회 507 추천 5 댓글 1,5,507,2025.11.11 17:09:15,https://gall.dcinside.com/mini/board/view/?id=dgh&no=1946&page=7
7,1945,[일반],진짜 아득바득 이기게할려고 ㅋㅋㅋ,,대갤러 (211.169) 2025.11.11 15:45:23 스크랩 조회 620 추천 17 댓글 1,17,620,2025.11.11 15:45:23,https://gall.dcinside.com/mini/board/view/?id=dgh&no=1945&page=7
7,1943,[일반],FINAL SUMMARY,,대갤러 (211.169) 2025.11.11 13:28:22 스크랩 조회 535 추천 9 댓글 0,9,535,2025.11.11 13:28:22,https://gall.dcinside.com/mini/board/view/?id=dgh&no=1943&page=7
7,1942,[2학년],결승 요약,,대갤러 (211.169) 2025.11.11 13:23:26 스크랩 조회 503 추천 4 댓글 0,4,503,2025.11.11 13:23:26,https://gall.dcinside.com/mini/board/view/?id=dgh&no=1942&page=7
7,1941,[일반],그저,빛,대갤러 (211.169) 2025.11.11 13:22:28 스크랩 조회 476 추천 11 댓글 1,11,476,2025.11.11 13:22:28,https://gall.dcinside.com/mini/board/view/?id=dgh&no=1941&page=7
7,1940,[일반],누군가의 속마음,ㅁㅅㅈ ㅆ발!!!!!!!!!!!,대갤러 (211.169) 2025.11.11 13:21:20 스크랩 조회 648 추천 18 댓글 1,18,648,2025.11.11 13:21:20,https://gall.dcinside.com/mini/board/view/?id=dgh&no=1940&page=7
7,1939,[2학년],결승,"죽는 날까지 하늘을 우러러 한 점 부끄럼이 없기를, 잎새에 이는 바람에도 나는 괴로워했다.",대갤러 (211.169) 2025.11.11 13:20:19 스크랩 조회 444 추천 10 댓글 0,10,444,2025.11.11 13:20:19,https://gall.dcinside.com/mini/board/view/?id=dgh&no=1939&page=7
7,1938,[일반],어어????,"아아,,,,, ㅂㅇㄷㅂㅇ",대갤러 (211.169) 2025.11.11 13:16:59 스크랩 조회 343 추천 4 댓글 0,4,343,2025.11.11 13:16:59,https://gall.dcinside.com/mini/board/view/?id=dgh&no=1938&page=7
7,1937,[일반],4반 수고했다,,대갤러 (211.169) 2025.11.11 13:13:30 스크랩 조회 444 추천 4 댓글 0,4,444,2025.11.11 13:13:30,https://gall.dcinside.com/mini/board/view/?id=dgh&no=1937&page=7
7,1936,[일반],??? : ㅅㅈ님,휘슬을 불지 말아주세요!!! - dc official App,대갤러 (211.169) 2025.11.11 13:10:51 스크랩 조회 436 추천 6 댓글 0,6,436,2025.11.11 13:10:51,https://gall.dcinside.com/mini/board/view/?id=dgh&no=1936&page=7
7,1935,[일반],4반 ㅎㅇㅌ,.,대갤러 (211.169) 2025.11.11 13:10:22 스크랩 조회 285 추천 3 댓글 0,3,285,2025.11.11 13:10:22,https://gall.dcinside.com/mini/board/view/?id=dgh&no=1935&page=7
7,1934,[일반],점심시간 리그,5반 4강도 그렇고 1반이랑 4반 다 pk로 승부차기 갔는데 이거 뭐 있는거 아니냐 장담 못한다~~,대갤러 (211.169) 2025.11.11 13:10:10 스크랩 조회 330 추천 3 댓글 1,3,330,2025.11.11 13:10:10,https://gall.dcinside.com/mini/board/view/?id=dgh&no=1934&page=7
7,1933,[일반],진지하게 얼마 받았냐고 ㅋㅋ,개추 눌러라,대갤러 (211.169) 2025.11.11 13:10:05 스크랩 조회 340 추천 4 댓글 0,4,340,2025.11.11 13:10:05,https://gall.dcinside.com/mini/board/view/?id=dgh&no=1933&page=7
7,1932,[일반],경기종료,4반 우승,대갤러 (211.169) 2025.11.11 13:09:43 스크랩 조회 275 추천 3 댓글 0,3,275,2025.11.11 13:09:43,https://gall.dcinside.com/mini/board/view/?id=dgh&no=1932&page=7
7,1931,[일반],이거맞냐,점심리그 이거 맞냐 에바면 개추;;,대갤러 (211.169) 2025.11.11 13:08:33 스크랩 조회 250 추천 3 댓글 0,3,250,2025.11.11 13:08:33,https://gall.dcinside.com/mini/board/view/?id=dgh&no=1931&page=7
7,1930,[일반],오늘 점심 이거 맞냐,심판 매수 ㅈㅈ,대갤러 (211.169) 2025.11.11 13:08:22 스크랩 조회 284 추천 4 댓글 0,4,284,2025.11.11 13:08:22,https://gall.dcinside.com/mini/board/view/?id=dgh&no=1930&page=7
7,1929,[일반],고수 : 문어게인,얼마 받았냐? - dc official App,대갤러 (211.169) 2025.11.11 13:08:04 스크랩 조회 296 추천 3 댓글 0,3,296,2025.11.11 13:08:04,https://gall.dcinside.com/mini/board/view/?id=dgh&no=1929&page=7
7,1927,[일반],이거뭐노,대광 탁구가 이정도임? 확실히 다르긴 하시네 ㅇㅇ,대갤러 (221.146) 2025.11.07 00:20:55 스크랩 조회 563 추천 2 댓글 1,2,563,2025.11.07 00:20:55,https://gall.dcinside.com/mini/board/view/?id=dgh&no=1927&page=7
7,1926,[일반],담임 선생님으로 만난다면,,대갤러 (124.194) 2025.11.06 23:52:11 스크랩 조회 600 추천 0 댓글 1,0,600,2025.11.06 23:52:11,https://gall.dcinside.com/mini/board/view/?id=dgh&no=1926&page=7
7,1922,[일반],런치리그,2반 ㄷ 5반 ㅈㄴ 재밌을거 같으면 개추 ㅋㅋㅋㅋ 정성구 그냥 날라다닐듯 ㅋㅋ,대갤러 (124.194) 2025.11.03 23:30:47 스크랩 조회 594 추천 18 댓글 4,18,594,2025.11.03 23:30:47,https://gall.dcinside.com/mini/board/view/?id=dgh&no=1922&page=7
7,1921,[일반],정상수 근황,,대갤러 (220.65) 2025.11.01 21:39:55 스크랩 조회 658 추천 10 댓글 1,10,658,2025.11.01 21:39:55,https://gall.dcinside.com/mini/board/view/?id=dgh&no=1921&page=7
7,1916,[2학년],진짜 요즘,대 황 선 영 수행평가도 그렇고 나만 극호감이냐?,대갤러 (211.169) 2025.10.30 16:14:21 스크랩 조회 1149 추천 102 댓글 5,102,1149,2025.10.30 16:14:21,https://gall.dcinside.com/mini/board/view/?id=dgh&no=1916&page=7
7,1915,[일반],?,,대갤러 (118.235) 2025.10.28 20:00:49 스크랩 조회 806 추천 20 댓글 4,20,806,2025.10.28 20:00:49,https://gall.dcinside.com/mini/board/view/?id=dgh&no=1915&page=7
7,1914,[일반],어제 테이저건 입술게이,나만 개쳐웃겼노? 잘하긴 함 ㅇㅇ - dc official App,대갤러 (106.245) 2025.10.25 16:00:19 스크랩 조회 752 추천 10 댓글 1,10,752,2025.10.25 16:00:19,https://gall.dcinside.com/mini/board/view/?id=dgh&no=1914&page=7
7,1913,[일반],축제,재밌었으면 개추 ㅇㄷㄴㅂㅌ - dc official App,대갤러 (211.234) 2025.10.24 22:49:02 스크랩 조회 847 추천 37 댓글 3,37,847,2025.10.24 22:49:02,https://gall.dcinside.com/mini/board/view/?id=dgh&no=1913&page=7
7,1912,[일반],이분 왜안오심,준표쿤 왜안옴,ㅇㅇ (1.231) 2025.10.24 12:29:36 스크랩 조회 641 추천 0 댓글 0,0,641,2025.10.24 12:29:36,https://gall.dcinside.com/mini/board/view/?id=dgh&no=1912&page=7
7,1911,[일반],시발,.,대갤러 (211.169) 2025.10.24 07:59:41 스크랩 조회 407 추천 0 댓글 0,0,407,2025.10.24 07:59:41,https://gall.dcinside.com/mini/board/view/?id=dgh&no=1911&page=7
7,1909,[일반],맥스라이더 기억하는 놈 있냐,갑자기 떠올랐는데 개추억이노,ㅇㅇ (106.101) 2025.10.23 16:17:06 스크랩 조회 527 추천 0 댓글 1,0,527,2025.10.23 16:17:06,https://gall.dcinside.com/mini/board/view/?id=dgh&no=1909&page=7
7,1908,[일반],2025 대광축제,"이번 축제는 오전 김뭉먕, 언럭키빅뱅, 정상수가 다한다 (언럭키 빅뱅 공연 2번 한다는 말도 있음)",대갤러 (112.218) 2025.10.23 00:40:47 스크랩 조회 852 추천 7 댓글 2,7,852,2025.10.23 00:40:47,https://gall.dcinside.com/mini/board/view/?id=dgh&no=1908&page=7
7,1907,[일반],고급대수 뭐하는 과목일까,선택은 했는데 뭐하는 과목인지  대수심화로 생각하면 될까 아니면 완전 다른 과목일까,대갤러 (175.119) 2025.10.21 04:16:27 스크랩 조회 348 추천 0 댓글 0,0,348,2025.10.21 04:16:27,https://gall.dcinside.com/mini/board/view/?id=dgh&no=1907&page=7
7,1906,[일반],축제,찬조 누구 옴,대갤러 (211.234) 2025.10.17 19:04:01 스크랩 조회 766 추천 0 댓글 6,0,766,2025.10.17 19:04:01,https://gall.dcinside.com/mini/board/view/?id=dgh&no=1906&page=7
7,1905,[일반],실력을 뽐낼때가 왔다 jake,갑자기 핵쟁이가 나타나서 얼챔 1등찍었다 쟤한테 매운맛을 보여줘라 jake 대광고의 자랑 넌 할수있다,ㅇㅇ (106.101) 2025.10.17 16:34:45 스크랩 조회 579 추천 2 댓글 3,2,579,2025.10.17 16:34:45,https://gall.dcinside.com/mini/board/view/?id=dgh&no=1905&page=7
8,1901,[일반],난독증인 내가 서점에 가는 이유..,ㅋㅑ ㅋㅋ,대갤러 (106.101) 2025.10.10 23:28:16 스크랩 조회 706 추천 8 댓글 2,8,706,2025.10.10 23:28:16,https://gall.dcinside.com/mini/board/view/?id=dgh&no=1901&page=8
8,1900,[일반],갤주,,대갤러 (220.65) 2025.10.09 21:28:53 스크랩 조회 718 추천 36 댓글 3,36,718,2025.10.09 21:28:53,https://gall.dcinside.com/mini/board/view/?id=dgh&no=1900&page=8
8,1897,[일반],금요일,금요일 재량휴일 맞아 ??,대갤러 (175.119) 2025.10.09 01:11:25 스크랩 조회 397 추천 1 댓글 2,1,397,2025.10.09 01:11:25,https://gall.dcinside.com/mini/board/view/?id=dgh&no=1897&page=8
8,1896,[일반],추석.. 좀 늦었지만,대붕이들 새해 복 많이 받아라~,대갤러 (106.101) 2025.10.08 13:32:23 스크랩 조회 544 추천 14 댓글 2,14,544,2025.10.08 13:32:23,https://gall.dcinside.com/mini/board/view/?id=dgh&no=1896&page=8
8,1895,[2학년],ㅂㅅ이면 개추,ㅅㅂ,ㅇㅇ (211.106) 2025.10.07 04:07:55 스크랩 조회 560 추천 9 댓글 0,9,560,2025.10.07 04:07:55,https://gall.dcinside.com/mini/board/view/?id=dgh&no=1895&page=8
8,1893,[일반],확통,30점 5 ㄱㄴ? - dc official App,대갤러 (211.234) 2025.10.02 21:06:42 스크랩 조회 337 추천 0 댓글 0,0,337,2025.10.02 21:06:42,https://gall.dcinside.com/mini/board/view/?id=dgh&no=1893&page=8
8,1892,[일반],시험 조진거 다 안다.,걱정마라. 종로구 명문 가톨릭 사학 동성고등학교는 너희를 기다리고 있다.,ㅇㅇ (211.119) 2025.10.02 20:29:14 스크랩 조회 484 추천 15 댓글 1,15,484,2025.10.02 20:29:14,https://gall.dcinside.com/mini/board/view/?id=dgh&no=1892&page=8
8,1891,[2학년],지구 1컷 몇임,예상 몇?,대갤러 (211.106) 2025.10.02 11:31:38 스크랩 조회 326 추천 0 댓글 2,0,326,2025.10.02 11:31:38,https://gall.dcinside.com/mini/board/view/?id=dgh&no=1891&page=8
8,1890,[일반],영어,쉬웠음? - dc official App,대갤러 (125.128) 2025.10.01 10:55:50 스크랩 조회 368 추천 0 댓글 2,0,368,2025.10.01 10:55:50,https://gall.dcinside.com/mini/board/view/?id=dgh&no=1890&page=8
8,1889,[일반],수학 좆됐네,x-3 제곱이여서 121인줄 알았더니 아니였노,대갤러 (118.235) 2025.09.30 17:14:55 스크랩 조회 333 추천 0 댓글 0,0,333,2025.09.30 17:14:55,https://gall.dcinside.com/mini/board/view/?id=dgh&no=1889&page=8
8,1888,[일반],공부가 의미가 있냐?,좌파우파를 떠나서 누가봐도 나라 좆되고 있는걸 느끼는데.. 4성 장교 은퇴 북한 핵잠수함빌리고 트럼프 사드 배치 중국인 무지성 입국 납치 증가 실탄 발견 등등..다들 께어있어라..,대갤러 (106.101) 2025.09.30 16:16:58 스크랩 조회 566 추천 24 댓글 2,24,566,2025.09.30 16:16:58,https://gall.dcinside.com/mini/board/view/?id=dgh&no=1888&page=8
8,1887,[일반],한지1컷,2틀이면 1임?,대갤러 (117.111) 2025.09.30 12:10:56 스크랩 조회 402 추천 0 댓글 6,0,402,2025.09.30 12:10:56,https://gall.dcinside.com/mini/board/view/?id=dgh&no=1887&page=8
8,1886,[2학년],수학 나만어려웠냐,ㅇㅇ,야채히성 (106.101) 2025.09.30 11:58:16 스크랩 조회 382 추천 10 댓글 0,10,382,2025.09.30 11:58:16,https://gall.dcinside.com/mini/board/view/?id=dgh&no=1886&page=8
8,1884,[일반],언매 1컷 예상 몇,ㅇㅇ - dc official App,대갤러 (211.234) 2025.09.29 11:01:07 스크랩 조회 424 추천 0 댓글 2,0,424,2025.09.29 11:01:07,https://gall.dcinside.com/mini/board/view/?id=dgh&no=1884&page=8
8,1883,[2학년],언매,어려웠나 - dc official App,대갤러 (211.234) 2025.09.29 09:33:42 스크랩 조회 302 추천 0 댓글 1,0,302,2025.09.29 09:33:42,https://gall.dcinside.com/mini/board/view/?id=dgh&no=1883&page=8
8,1881,[3학년],히……,나도 ㅅㅂ 음악 할걸 존나 후회되노,대붕이 (223.38) 2025.09.28 17:33:17 스크랩 조회 527 추천 8 댓글 4,8,527,2025.09.28 17:33:17,https://gall.dcinside.com/mini/board/view/?id=dgh&no=1881&page=8
8,1880,[일반],카톡,엄마가 밥 안차려줘서 엄마폰 카톡 업데이트 시킴,대갤러 (211.36) 2025.09.28 17:23:47 스크랩 조회 383 추천 16 댓글 3,16,383,2025.09.28 17:23:47,https://gall.dcinside.com/mini/board/view/?id=dgh&no=1880&page=8
8,1878,[일반],나 제이큰데 ㄹㅇ 최강덱 만들었다,ㄹㅇ 나 이거로 트로피 9천 감,대갤러 (211.36) 2025.09.27 12:11:04 스크랩 조회 448 추천 13 댓글 1,13,448,2025.09.27 12:11:04,https://gall.dcinside.com/mini/board/view/?id=dgh&no=1878&page=8
8,1877,[졸업생],홍천크루,홍천크루 쇼미나가나요?,대갤러 (1.231) 2025.09.27 00:06:13 스크랩 조회 338 추천 1 댓글 1,1,338,2025.09.27 00:06:13,https://gall.dcinside.com/mini/board/view/?id=dgh&no=1877&page=8
8,1875,[일반],소변기에 휴지 좀 버리지마라,씨발 못 배운 거냐. 왜 소변기에 휴지를 쳐 버리냐 ㅈㄴ 더럽게 - dc official App,대갤러 (211.234) 2025.09.26 16:01:59 스크랩 조회 431 추천 16 댓글 2,16,431,2025.09.26 16:01:59,https://gall.dcinside.com/mini/board/view/?id=dgh&no=1875&page=8
8,1874,[일반],학폭위 열렸다는데 진짜냐,왜열림,대갤러 (106.101) 2025.09.26 14:25:08 스크랩 조회 614 추천 1 댓글 3,1,614,2025.09.26 14:25:08,https://gall.dcinside.com/mini/board/view/?id=dgh&no=1874&page=8
8,1873,[일반],오징어 명함,오늘 학교 앞에서 나눠준 오징어게임 명함 뭐냐 그거 들어가본 사람,대갤러 (211.169) 2025.09.26 14:10:07 스크랩 조회 305 추천 1 댓글 1,1,305,2025.09.26 14:10:07,https://gall.dcinside.com/mini/board/view/?id=dgh&no=1873&page=8
8,1872,[일반],학교에,저능아들이 ㅈㄴ많은거냐 아니면 선생들이 디시를 하는거냐 몇 달 전까지만 해도 마약 예방교육 ㅈㄴ해대던 학교에 ㅅㅂ마약사범이 와서 공연하는게 정상이냐? 왜 저런 글에 비추가 박히는건지 이해가 안되네,대갤러 (106.101) 2025.09.25 19:07:27 스크랩 조회 515 추천 24 댓글 2,24,515,2025.09.25 19:07:27,https://gall.dcinside.com/mini/board/view/?id=dgh&no=1872&page=8
8,1871,[일반],내가 진짜제이크다,짭제이크 ㅅㅂ아,대갤러 (104.28) 2025.09.25 17:06:11 스크랩 조회 473 추천 12 댓글 3,12,473,2025.09.25 17:06:11,https://gall.dcinside.com/mini/board/view/?id=dgh&no=1871&page=8
8,1870,[일반],나 제이큰데 새로운 덱 만들어왔다,형 믿고 함 써봐라 이덱 만들고 현재까지 승률 100%다,대갤러 (106.101) 2025.09.25 16:39:23 스크랩 조회 257 추천 3 댓글 0,3,257,2025.09.25 16:39:23,https://gall.dcinside.com/mini/board/view/?id=dgh&no=1870&page=8
8,1904,[1학년],09,진짜로 진지하게 쌤 목 꺾고 쌤 때리면 좋냐 09들아? 나 진짜로 이해가 안가네 아무리 쌤이 봐주고해도 지킬 선을 좀 지키자 ㅋㅋ,대갤러 (223.38) 2025.10.15 23:48:21 스크랩 조회 962 추천 30 댓글 5,30,962,2025.10.15 23:48:21,https://gall.dcinside.com/mini/board/view/?id=dgh&no=1904&page=8
8,1869,[일반],오늘 찬양 왔던 가수 과거,노래하다 안되면 범키처럼 약이나 팔래 ㅋㅋ 얘는 그냥 마약을 한게 아니라 딜러네 아주 이런 사람이 채플 나와도 되는거임? - dc official App,피쉬맨즈 2025.09.24 15:59:45 스크랩 조회 952 추천 20 댓글 11,20,952,2025.09.24 15:59:45,https://gall.dcinside.com/mini/board/view/?id=dgh&no=1869&page=8
8,1868,[일반],클로 최강덱 만들었다,진메나 잡덱 빼고는 다이긴다,대갤러 (106.101) 2025.09.23 19:43:03 스크랩 조회 405 추천 6 댓글 3,6,405,2025.09.23 19:43:03,https://gall.dcinside.com/mini/board/view/?id=dgh&no=1868&page=8
8,1865,[일반],제발..,제발 샤워 좀 하고 다녀라 적어도 탈취제라도 뿌리던가 진짜 몸에서 뭔 오랑우탄 사타구니같은 냄새가 쳐 나는거냐 아무리 수능이 얼마 안남아도 그렇지 뚱뚱하지를 말던가 냄새가 나지 말던가 청결 관리좀;;,대갤러 (211.169) 2025.09.23 10:21:27 스크랩 조회 527 추천 20 댓글 4,20,527,2025.09.23 10:21:27,https://gall.dcinside.com/mini/board/view/?id=dgh&no=1865&page=8
8,1863,[일반],이게 섹스지,,대갤러 (1.231) 2025.09.22 01:16:02 스크랩 조회 753 추천 13 댓글 2,13,753,2025.09.22 01:16:02,https://gall.dcinside.com/mini/board/view/?id=dgh&no=1863&page=8
8,1862,[정보],대광축제 카더라,1. (공식) 정상수 옴 2. 예산 800추정 3. 예산 가능 한도내에서 안유명한 아이돌 부를 가능성 있음 4.mc로 연예인 or 유튜버 섭외함 5.찬조단 2~3팀 온다함,정성9 (211.169) 2025.09.18 16:34:45 스크랩 조회 1124 추천 12 댓글 5,12,1124,2025.09.18 16:34:45,https://gall.dcinside.com/mini/board/view/?id=dgh&no=1862&page=8
8,1859,[일반],어디감,홍천크루 - dc official App,대갤러 (211.169) 2025.09.17 14:20:32 스크랩 조회 597 추천 8 댓글 4,8,597,2025.09.17 14:20:32,https://gall.dcinside.com/mini/board/view/?id=dgh&no=1859&page=8
8,1857,[일반],대광 하교 시간이 언제임,오랫동안 알고지내는 동생보러가는데 하교시간을 말을 안해줌,대갤러 (39.118) 2025.09.16 17:21:21 스크랩 조회 504 추천 1 댓글 4,1,504,2025.09.16 17:21:21,https://gall.dcinside.com/mini/board/view/?id=dgh&no=1857&page=8
8,1855,[일반],난 모르겠다,진짜 자기 생각대로 진행하면 축제가 재밌어질거라고 생각하는걸까 좀 현실을 깨달았으면 좋겠다. 구시대적인 발상으로 뭘 한다는건지  댄스팀마저 줄일려하네. 유튜브조회수 보면 답 나오는데ㅋㅋㅋ 학생의견은 들을려하지도 않고 놀랍습니다,대갤러 (211.178) 2025.09.13 16:20:51 스크랩 조회 1038 추천 25 댓글 7,25,1038,2025.09.13 16:20:51,https://gall.dcinside.com/mini/board/view/?id=dgh&no=1855&page=8
8,1854,[일반],조퇴,아침에 조퇴하고 학원독서실이나 스카가는애는 뭐임,대갤러 (115.93) 2025.09.12 10:44:37 스크랩 조회 646 추천 4 댓글 8,4,646,2025.09.12 10:44:37,https://gall.dcinside.com/mini/board/view/?id=dgh&no=1854&page=8
8,1853,[3학년],제발,상향 쓴것중 하나라도 붙여다오..,대갤러 (106.101) 2025.09.10 17:25:33 스크랩 조회 460 추천 3 댓글 0,3,460,2025.09.10 17:25:33,https://gall.dcinside.com/mini/board/view/?id=dgh&no=1853&page=8
8,1852,[3학년],원서접수하니까 실감이 안나냐,개쫄리는데 잘되겠지,대갤러 (211.169) 2025.09.10 16:44:15 스크랩 조회 535 추천 6 댓글 5,6,535,2025.09.10 16:44:15,https://gall.dcinside.com/mini/board/view/?id=dgh&no=1852&page=8
8,1851,[일반],후문 불켜지는거 알았음?,번쩍번쩍,대갤러 (211.234) 2025.09.10 09:34:42 스크랩 조회 353 추천 1 댓글 0,1,353,2025.09.10 09:34:42,https://gall.dcinside.com/mini/board/view/?id=dgh&no=1851&page=8
8,1849,[2학년],대광고 수업 중 수능 준비,고2 수업시간 때 쌤한테 부탁드리고 수능 공부해도 되나요? 자습은 얼마나 주나요? 야저 시간은 얼마나 있나요?,대갤러 (211.119) 2025.09.07 20:50:34 스크랩 조회 701 추천 3 댓글 8,3,701,2025.09.07 20:50:34,https://gall.dcinside.com/mini/board/view/?id=dgh&no=1849&page=8
8,1848,[일반],대광축제가 ㅈ망할이유가뭔지모르겠냐,앰프선좌보다 ‘그분‘이 더 답없는거같다ㅋㅋ,대갤러 (211.178) 2025.09.05 23:52:48 스크랩 조회 843 추천 7 댓글 5,7,843,2025.09.05 23:52:48,https://gall.dcinside.com/mini/board/view/?id=dgh&no=1848&page=8
8,1847,[일반],대광고 학년별 제일 장애반 어디임,ㅈㄱㄴ,대갤러 (211.234) 2025.09.05 17:07:08 스크랩 조회 1067 추천 7 댓글 6,7,1067,2025.09.05 17:07:08,https://gall.dcinside.com/mini/board/view/?id=dgh&no=1847&page=8
8,1846,[일반],학교 망조인듯,"학생회,동아리 인원 적어서 축제규모 키우고 싶어도 못하는데 그냥 악순환 반복임",대갤러 (118.235) 2025.09.05 16:51:22 스크랩 조회 621 추천 0 댓글 2,0,621,2025.09.05 16:51:22,https://gall.dcinside.com/mini/board/view/?id=dgh&no=1846&page=8
8,1845,[일반],2학년,생각이상으로 정상이 아닌 ㅅㄲ들이 많은걸 느껴버렸다,대갤러 (211.234) 2025.09.03 23:33:34 스크랩 조회 860 추천 29 댓글 3,29,860,2025.09.03 23:33:34,https://gall.dcinside.com/mini/board/view/?id=dgh&no=1845&page=8
8,1844,[일반],급식실,...?,대갤러 (104.28) 2025.09.03 21:02:19 스크랩 조회 523 추천 6 댓글 2,6,523,2025.09.03 21:02:19,https://gall.dcinside.com/mini/board/view/?id=dgh&no=1844&page=8
8,1843,[일반],음악,요즘 안보이던데 어디감? 인스타 보니까 프사도 내리고 애들 다 잘랐던데,대갤러 (58.122) 2025.09.03 17:47:42 스크랩 조회 703 추천 8 댓글 4,8,703,2025.09.03 17:47:42,https://gall.dcinside.com/mini/board/view/?id=dgh&no=1843&page=8
8,1842,[일반],이번 축제,전혀 기대 안 되면 개추 ㅋㅋㅋ 이 정도면 학교에서 거의 일부러 노잼 만들려고 하는 거 같음,대갤러 (211.169) 2025.09.02 16:05:28 스크랩 조회 662 추천 13 댓글 5,13,662,2025.09.02 16:05:28,https://gall.dcinside.com/mini/board/view/?id=dgh&no=1842&page=8
8,1841,[일반],대광 앞 편의점,신설동 주민인데 키 작고 안경 쓰신 분 책가방 메고 지에스에서 담배 사던데.. 이래도되나요? 몇살인지는 모르겠는데 대광고 이렇게 꼴통학교였나요??,대갤러 (211.169) 2025.09.01 17:20:12 스크랩 조회 934 추천 13 댓글 17,13,934,2025.09.01 17:20:12,https://gall.dcinside.com/mini/board/view/?id=dgh&no=1841&page=8
8,1840,[2학년],배구 결승 얘기는 아니긴 한데,4강 5반vs6반 존나 재밌었음 듀스만 2세트 감,대갤러 (106.101) 2025.08.30 22:10:30 스크랩 조회 617 추천 10 댓글 2,10,617,2025.08.30 22:10:30,https://gall.dcinside.com/mini/board/view/?id=dgh&no=1840&page=8
8,1839,[일반],추천은 1일 1회만 가능합니다.,아쉬우면 개추...,대갤러 (118.235) 2025.08.29 18:44:14 스크랩 조회 506 추천 21 댓글 1,21,506,2025.08.29 18:44:14,https://gall.dcinside.com/mini/board/view/?id=dgh&no=1839&page=8
8,1836,[일반],배구 결승,진짜 비호감 누군지 알 거 같으면 개추 ㅋㅋㅋㅋ,대갤러 (211.169) 2025.08.29 10:57:37 스크랩 조회 867 추천 70 댓글 2,70,867,2025.08.29 10:57:37,https://gall.dcinside.com/mini/board/view/?id=dgh&no=1836&page=8
9,1834,[일반],아 트럼프 개좆븅신자폐찐따 왜 사냐진짜 개재미없는데,관세 그렇게올리면좋냐?,대갤러 (211.169) 2025.08.29 09:11:50 스크랩 조회 1009 추천 35 댓글 10,35,1009,2025.08.29 09:11:50,https://gall.dcinside.com/mini/board/view/?id=dgh&no=1834&page=9
9,1831,[3학년],오늘 1~4교시,자습 프리해서 ㅆㅅㅌㅊ,대갤러 (125.128) 2025.08.28 22:21:48 스크랩 조회 509 추천 1 댓글 1,1,509,2025.08.28 22:21:48,https://gall.dcinside.com/mini/board/view/?id=dgh&no=1831&page=9
9,1830,[일반],배구,2반ㄷ7반 경기 역대인듯 ㅇㅇ,대갤러 (124.194) 2025.08.28 22:03:37 스크랩 조회 581 추천 16 댓글 1,16,581,2025.08.28 22:03:37,https://gall.dcinside.com/mini/board/view/?id=dgh&no=1830&page=9
9,1829,[일반],씨발 이건 누구 문제임,페인트를 수업하는데 칠하면 냄새난다는건 상식이잖아,대갤러 (211.169) 2025.08.28 08:57:33 스크랩 조회 648 추천 6 댓글 2,6,648,2025.08.28 08:57:33,https://gall.dcinside.com/mini/board/view/?id=dgh&no=1829&page=9
9,1828,[졸업생],지금도 그거 있나요?,"저희 때는 채플 때 주기도송 부를 때 일용할 양~식에서 학생들이 ""식!"" 하고 외치곤 했었는데 그러다가 목사님이 주기도송 끊으시고 처음부터 다시 부름 - dc official App",Chloron 2025.08.27 09:31:07 스크랩 조회 605 추천 1 댓글 4,1,605,2025.08.27 09:31:07,https://gall.dcinside.com/mini/board/view/?id=dgh&no=1828&page=9
9,1827,[일반],호에에엣... 전 경향성에 굴복한 암퇘지에욧......,칸트님....... 부디 제게 정언명령을 내려주세요옷 주인님의 명령이 없으면 살수 없는 몸이 되버렸어요... 아 아앗... 내 의지의 준칙이 보편적 입봅 원리가 되버렸!!! - dc official App,라라 2025.08.26 00:58:14 스크랩 조회 733 추천 7 댓글 3,7,733,2025.08.26 00:58:14,https://gall.dcinside.com/mini/board/view/?id=dgh&no=1827&page=9
9,1826,[일반],경축 대광고 일반고 전환 뉴스떴다,https://youtu.be/sWCRpMTUTM4?feature=shared 얘들아 신일고는 너네를 환영한단다,대갤러 (211.169) 2025.08.25 11:10:43 스크랩 조회 575 추천 3 댓글 0,3,575,2025.08.25 11:10:43,https://gall.dcinside.com/mini/board/view/?id=dgh&no=1826&page=9
9,1825,[일반],여고생이랑 섹스 하고 싶다,ㅈㄱㄴ - dc official App,라라 2025.08.23 18:30:54 스크랩 조회 1096 추천 25 댓글 3,25,1096,2025.08.23 18:30:54,https://gall.dcinside.com/mini/board/view/?id=dgh&no=1825&page=9
9,1824,[일반],ㅅㅂ,수능 80일 남았는데 중학생이 농구장에서 피구하고있다 3교시에 적당히 해야지 ㅋㅋ 좀 조용히 하던가,대갤러 (211.169) 2025.08.21 10:30:17 스크랩 조회 654 추천 11 댓글 5,11,654,2025.08.21 10:30:17,https://gall.dcinside.com/mini/board/view/?id=dgh&no=1824&page=9
9,1823,[일반],ㅅㅂ 아무리그래도 교사가 수업시간에 자기 정치색 밝히는게 맞냐?,ㅇㅇ.. - dc official App,옹팡이 (211.235) 2025.08.20 22:35:35 스크랩 조회 952 추천 15 댓글 6,15,952,2025.08.20 22:35:35,https://gall.dcinside.com/mini/board/view/?id=dgh&no=1823&page=9
9,1822,[일반],이제 강북에서 자사고 갈때,그나마 좀 치는 곳 가려면 중앙고나 선덕고 가야하나,대갤러 (211.212) 2025.08.20 12:21:25 스크랩 조회 587 추천 0 댓글 1,0,587,2025.08.20 12:21:25,https://gall.dcinside.com/mini/board/view/?id=dgh&no=1822&page=9
9,1821,[일반],대광갤 이용자 조사,대광갤은 수시러가 많을까 정시러가 많을까,대갤러 (211.106) 2025.08.19 21:43:49 스크랩 조회 600 추천 4 댓글 0,4,600,2025.08.19 21:43:49,https://gall.dcinside.com/mini/board/view/?id=dgh&no=1821&page=9
9,1818,[일반],솔직히 이제와서 말하는거지만,"2,3학년중에 도둑질한새끼들 존나많은거 감안하면 매점 가격비싸졌다고 까는건 좀아닌듯?",대갤러 (116.39) 2025.08.19 01:27:19 스크랩 조회 552 추천 1 댓글 3,1,552,2025.08.19 01:27:19,https://gall.dcinside.com/mini/board/view/?id=dgh&no=1818&page=9
9,1817,[일반],매점,언제 다시 여냐 배고푼뎅 - dc official App,대갤러 (118.235) 2025.08.18 22:25:52 스크랩 조회 404 추천 0 댓글 0,0,404,2025.08.18 22:25:52,https://gall.dcinside.com/mini/board/view/?id=dgh&no=1817&page=9
9,1815,[일반],전학기 등수 어케 확인함?,ㅈㄱㄴ,대갤러 (211.235) 2025.08.17 22:52:12 스크랩 조회 335 추천 0 댓글 1,0,335,2025.08.17 22:52:12,https://gall.dcinside.com/mini/board/view/?id=dgh&no=1815&page=9
9,1814,[일반],패드,이제 정시인데 수업때 맨 뒷자리에서 인강 들으면 안되나 애들 방해 안될거같은데,대갤러 (211.234) 2025.08.12 20:18:14 스크랩 조회 562 추천 6 댓글 3,6,562,2025.08.12 20:18:14,https://gall.dcinside.com/mini/board/view/?id=dgh&no=1814&page=9
9,1813,[일반],8교시자습 이참에 좀 없애면 안되는거냐,금요일도7교시인데 ㅅㅂ,대갤러 (211.178) 2025.08.12 15:08:23 스크랩 조회 585 추천 4 댓글 4,4,585,2025.08.12 15:08:23,https://gall.dcinside.com/mini/board/view/?id=dgh&no=1813&page=9
9,1811,[일반],대수심화 과제탐구 수업 어때,대수심화는 등급 잘 안 나오겠지 ?? 과제탐구 할까 하는데 어랴우려나 ?,대갤러 (211.36) 2025.08.11 20:18:04 스크랩 조회 381 추천 0 댓글 7,0,381,2025.08.11 20:18:04,https://gall.dcinside.com/mini/board/view/?id=dgh&no=1811&page=9
9,1810,[3학년],졸업사진 언제찍냐,증명사진 ㅇㅇ,대갤러 (221.146) 2025.08.11 11:50:13 스크랩 조회 328 추천 0 댓글 1,0,328,2025.08.11 11:50:13,https://gall.dcinside.com/mini/board/view/?id=dgh&no=1810&page=9
9,1809,[일반],이새끼 뭐노?,소신발언 ㄷㄷ - dc official App,삼각산정기 2025.08.09 22:03:50 스크랩 조회 1029 추천 16 댓글 2,16,1029,2025.08.09 22:03:50,https://gall.dcinside.com/mini/board/view/?id=dgh&no=1809&page=9
9,1808,[일반],축제,왜 아무것도 공지된게 없냐,대갤러 (221.146) 2025.08.09 07:15:37 스크랩 조회 370 추천 1 댓글 1,1,370,2025.08.09 07:15:37,https://gall.dcinside.com/mini/board/view/?id=dgh&no=1808&page=9
9,1807,[일반],대광 편입,대광 편입 생각 중인데요 어떨까요? 곧 일반고로 바뀐다고 신경 써준다는데 잘 이루어지고 있나요?,대갤러 (1.235) 2025.08.08 19:23:36 스크랩 조회 540 추천 1 댓글 8,1,540,2025.08.08 19:23:36,https://gall.dcinside.com/mini/board/view/?id=dgh&no=1807&page=9
9,1805,[일반],아 이재명 존나 짜증난다,진짜 이 좆같은 나라 망할수 있었는데 왜 하필 이 타이밍에 이재명 대통령님이 당선되서 나라가 성장할 일만 남게 된거냐??? 도대체 이유가 뭐냐? 왜 이렇게까지 국민들을 사랑하고 나라를 키울 생각만 하고 지지자가 아닌데도 받아주시고 국민밖에 모르는 바보... 차라리 무능했으면 어땠을까? 차라리 추진력이라도 없었으면 어땠을까?? 주변국들은 빌빌 기고 있고 국격 올라가는 소리가 너무 커서 밤에 잠 못들 지경이다 그래 내가 졌다 이재명 어디 한번 살려봐라 이 나라를 이 대한민국을 - dc official App,라라 2025.08.08 14:39:25 스크랩 조회 1117 추천 14 댓글 3,14,1117,2025.08.08 14:39:25,https://gall.dcinside.com/mini/board/view/?id=dgh&no=1805&page=9
9,1804,[일반],개학식 날 정상 수업임?,진짜로? - dc official App,대갤러 (211.235) 2025.08.08 11:47:07 스크랩 조회 339 추천 0 댓글 2,0,339,2025.08.08 11:47:07,https://gall.dcinside.com/mini/board/view/?id=dgh&no=1804&page=9
9,1803,[일반],개학,언제임???,대갤러 (218.238) 2025.08.04 14:31:34 스크랩 조회 385 추천 0 댓글 6,0,385,2025.08.04 14:31:34,https://gall.dcinside.com/mini/board/view/?id=dgh&no=1803&page=9
9,1802,[일반],화장실,제발 똥좀 쳐 싸고서 물좀 잘 내려라 ㅅㅂ 개새끼들 마냥 싸지르고서 그냥 쳐 두지 말고 제발 물 잘 좀 내려라 ㅈ같네 걍 ㅋㅋ,대갤러 (175.125) 2025.08.02 00:11:16 스크랩 조회 508 추천 14 댓글 1,14,508,2025.08.02 00:11:16,https://gall.dcinside.com/mini/board/view/?id=dgh&no=1802&page=9
9,1801,[일반],대광고 후문,후문 좀 제대로 관리할 순 없는거임? 당연히 열려있어야하는 시간에 안 열려있는건 좀 아니라고 보는데 진지하게,대갤러 (223.62) 2025.08.01 21:59:01 스크랩 조회 576 추천 23 댓글 1,23,576,2025.08.01 21:59:01,https://gall.dcinside.com/mini/board/view/?id=dgh&no=1801&page=9
9,1800,[일반],혹시 내년에 매점 사라지나요?,루머로 돌았던거같은데 - dc official App,대갤러 (222.109) 2025.07.31 17:40:25 스크랩 조회 508 추천 1 댓글 5,1,508,2025.07.31 17:40:25,https://gall.dcinside.com/mini/board/view/?id=dgh&no=1800&page=9
9,1799,[일반],국어랑 수학쌤이 바뀐다는 게,무슨 말이야?!? 나도 알려줘,대갤러 (121.160) 2025.07.28 22:16:32 스크랩 조회 606 추천 0 댓글 1,0,606,2025.07.28 22:16:32,https://gall.dcinside.com/mini/board/view/?id=dgh&no=1799&page=9
9,1797,[일반],작년에 쌤들끼리 싸움있었다는데 정확하게 뭔 내용임?,ㅈㄱㄴ,대갤러 (118.235) 2025.07.21 22:15:07 스크랩 조회 1363 추천 0 댓글 14,0,1363,2025.07.21 22:15:07,https://gall.dcinside.com/mini/board/view/?id=dgh&no=1797&page=9
9,1795,[일반],정보 수업,실습 파이선으로 하냐 ?? 지필도 있지 ??  프로그램 안 해 봤는데 걱정이네,대갤러 (175.119) 2025.07.20 08:26:52 스크랩 조회 595 추천 0 댓글 9,0,595,2025.07.20 08:26:52,https://gall.dcinside.com/mini/board/view/?id=dgh&no=1795&page=9
9,1794,[일반],국어도 가고 수학도 바뀌면,하 시발,대갤러 (118.235) 2025.07.18 18:10:00 스크랩 조회 654 추천 1 댓글 2,1,654,2025.07.18 18:10:00,https://gall.dcinside.com/mini/board/view/?id=dgh&no=1794&page=9
9,1793,[일반],개학날 정상수업 ㅅ발,하,대갤러 (211.178) 2025.07.18 16:18:59 스크랩 조회 342 추천 1 댓글 0,1,342,2025.07.18 16:18:59,https://gall.dcinside.com/mini/board/view/?id=dgh&no=1793&page=9
9,1792,[일반],국어,그럼 이제 우리반 누가 들어옴? 설마 아니지?,대갤러 (211.234) 2025.07.18 10:38:41 스크랩 조회 549 추천 1 댓글 4,1,549,2025.07.18 10:38:41,https://gall.dcinside.com/mini/board/view/?id=dgh&no=1792&page=9
9,1791,[일반],내신 학종,궁금한게 문과가 내신 따기는 더 쉬운데 왜 문과가 더 잘감?,대갤러 (58.29) 2025.07.17 00:22:00 스크랩 조회 548 추천 1 댓글 5,1,548,2025.07.17 00:22:00,https://gall.dcinside.com/mini/board/view/?id=dgh&no=1791&page=9
9,1790,[일반],대광 총 내신 3.9면,인서울은 가능함? - dc official App,대갤러 (219.100) 2025.07.16 23:36:12 스크랩 조회 865 추천 0 댓글 6,0,865,2025.07.16 23:36:12,https://gall.dcinside.com/mini/board/view/?id=dgh&no=1790&page=9
9,1789,[일반],고급대수 vs 수학과제탐구,수학 하나  추가해야 하는데 뭐가 등급따기 나을까 고급대수는 이름부터가 부담스럽긴하네 ㅋㅋ  수학과제탐구는 뭐 배우는 거야 ?? 등급따기 그나마 수월한 걸로 추천 부탁해,대갤러 (175.119) 2025.07.16 18:58:22 스크랩 조회 424 추천 0 댓글 5,0,424,2025.07.16 18:58:22,https://gall.dcinside.com/mini/board/view/?id=dgh&no=1789&page=9
9,1788,[일반],리로에 종합 올라옴,확인 ㄱㄱ,대갤러 (220.65) 2025.07.16 17:43:37 스크랩 조회 247 추천 0 댓글 0,0,247,2025.07.16 17:43:37,https://gall.dcinside.com/mini/board/view/?id=dgh&no=1788&page=9
9,1787,[2학년],성적 왜 안 올림??,도대체 언제 올려!!,대갤러 (106.245) 2025.07.16 16:21:35 스크랩 조회 256 추천 0 댓글 1,0,256,2025.07.16 16:21:35,https://gall.dcinside.com/mini/board/view/?id=dgh&no=1787&page=9
9,1786,[일반],리로 노알라 재학생 ㄷㄷ,- dc official App,cloudground 2025.07.16 12:08:53 스크랩 조회 650 추천 17 댓글 1,17,650,2025.07.16 12:08:53,https://gall.dcinside.com/mini/board/view/?id=dgh&no=1786&page=9
9,1783,[2학년],리로에 1학기 기말 성적,중간고사처럼 1학기 기말은 성적이 따로 등급이랑 등수 안나오는거? 1학년 때도 안나와서 - dc official App,대갤러 (220.117) 2025.07.15 23:12:32 스크랩 조회 302 추천 0 댓글 0,0,302,2025.07.15 23:12:32,https://gall.dcinside.com/mini/board/view/?id=dgh&no=1783&page=9
9,1782,[일반],좆같은 유연화는 왜 하는거임?,정시하는 애들은 공부시간 뺏기고 수시하는 애들도 주제 정해줘버리니까 진로랑 크게 연관 없는 주제로 쓰게 되는 경우도 많고 걍 마지막 주는 자습or자유보고서 제출기간으로 지정하면 안됨? 봉사시간 준다고? 이미 다른 곳에서 강제로 많이 채우게 했잖아ㅋㅋ,대갤러 (118.235) 2025.07.15 20:36:34 스크랩 조회 635 추천 21 댓글 11,21,635,2025.07.15 20:36:34,https://gall.dcinside.com/mini/board/view/?id=dgh&no=1782&page=9
9,1781,[일반],프로그래밍,2학년 프로그래밍 과목 할만해 ?? 컴 전혀 모르는데 수업 잘 따라가면 등급 딸만 하려나,대갤러 (175.119) 2025.07.15 17:48:44 스크랩 조회 228 추천 0 댓글 1,0,228,2025.07.15 17:48:44,https://gall.dcinside.com/mini/board/view/?id=dgh&no=1781&page=9
9,1779,[일반],수학여행 어땠음,ㅈㄱㄴ,대갤러 (106.101) 2025.07.11 22:24:18 스크랩 조회 510 추천 0 댓글 3,0,510,2025.07.11 22:24:18,https://gall.dcinside.com/mini/board/view/?id=dgh&no=1779&page=9
9,1776,[일반],수학여행 편의점,숙소 바로 앞에 편의점이 있는데 왜 못가게 하는거냐 이해 안되게,대갤러 (223.39) 2025.07.10 18:00:35 스크랩 조회 652 추천 18 댓글 4,18,652,2025.07.10 18:00:35,https://gall.dcinside.com/mini/board/view/?id=dgh&no=1776&page=9
9,1775,[일반],수학여행 밥,아니 우리가 돈내고 온 건데 왜 우리가 치움? 밥 먹는 간격도 개같은데 ㅅㅂ,대갤러 (211.234) 2025.07.09 18:59:04 스크랩 조회 615 추천 20 댓글 3,20,615,2025.07.09 18:59:04,https://gall.dcinside.com/mini/board/view/?id=dgh&no=1775&page=9
9,1774,[일반],오늘은 귀요미 ㅇㅅㅇ의 생일입니다,대광인들은 모두 한마음으로 축하해주시길 바랍니다,대갤러 (106.101) 2025.07.09 15:25:27 스크랩 조회 582 추천 3 댓글 3,3,582,2025.07.09 15:25:27,https://gall.dcinside.com/mini/board/view/?id=dgh&no=1774&page=9
9,1773,[일반],전학가려고 전화했는데,전학가고싶어서 어제부터 전화하니깐 안받더라 점심때 전화해서 그런가보다 하고 오늘 다시했음 근데 오늘도 안받아서 2시쯤했는데 드디어 받더라 그래서 전학가려면 어떻게해야되냐고 물었는데 대광고 재학중이냐고 물어보는거야 그래서 존나 물음표하고 아니요...? 이랬는데 갑자기 성별을 묻는거야 그래서 전학가는데 성별도 중요하나 별걸다보네 생각하고있는데 서울로 잘못건거였어..... - dc official App,대갤러 (211.235) 2025.07.08 16:12:53 스크랩 조회 567 추천 1 댓글 3,1,567,2025.07.08 16:12:53,https://gall.dcinside.com/mini/board/view/?id=dgh&no=1773&page=9
9,1772,[1학년],통사 한국사,통사 한국사 어땠어 ? 1컷 어느 정도일까,대갤러 (175.119) 2025.07.08 00:28:25 스크랩 조회 467 추천 0 댓글 3,0,467,2025.07.08 00:28:25,https://gall.dcinside.com/mini/board/view/?id=dgh&no=1772&page=9
9,1770,[2학년],알빠노가맞음,에초에 시험은 공정하게 치르는게 당연한거다. 누구는 시간이 남아돌아서 마킹 시간 계산하고 문제푸냐? 한 문제차이로 등급과 점수가 갈리고 다 대학걸고 보는 중요한 시험인데 이런 불공정한 상황이 일어났으면 화가 나겠지 안그러겠냐? 이건 그냥 넘어가기엔 진짜 큰 문제임.그냥 넘어가도 문제가 있는거고,대갤러 (211.178) 2025.07.05 22:46:15 스크랩 조회 704 추천 20 댓글 5,20,704,2025.07.05 22:46:15,https://gall.dcinside.com/mini/board/view/?id=dgh&no=1770&page=9
10,1769,[일반],알빠노긴함,니가 잘봤으면 됨 그때 말할 용기는 없었고 이제와서 디시에 글 쌀 용기는 있노,대갤러 (210.113) 2025.07.05 15:51:48 스크랩 조회 852 추천 24 댓글 14,24,852,2025.07.05 15:51:48,https://gall.dcinside.com/mini/board/view/?id=dgh&no=1769&page=10
10,1768,[2학년],국어 시험 때 마킹 시간 더 주는 게 맞냐,"국어 시험 때 종 치고도 마킹할 시간 줬다는데 이건 ㅈㄴ 불공평한거를 넘어서 그냥 규칙을 어긴 거 아니냐. 이거 때문에 등급이 떨어질 애들도 있고 억울할 애들도 차고 넘치는데, 단순히 감독선생님 재량에 따라서 갈리는 게 맞냐. 누구는 해주고 누구는 겁나 엄격하고 진짜. 짜증난다",대갤러 (211.234) 2025.07.04 21:07:23 스크랩 조회 1178 추천 32 댓글 23,32,1178,2025.07.04 21:07:23,https://gall.dcinside.com/mini/board/view/?id=dgh&no=1768&page=10
10,1767,[2학년],국어,하 시발 나도 먹고살려고 이러는건데.. 다신보지말자,대갤러 (211.178) 2025.07.04 20:16:11 스크랩 조회 568 추천 15 댓글 1,15,568,2025.07.04 20:16:11,https://gall.dcinside.com/mini/board/view/?id=dgh&no=1767&page=10
10,1766,[일반],물지에 확통남은 대붕이 개추ㅋㅋㅋ,일단 나부터 확통 씨발ㅋㅋㅋㅋㅋㅋㅋ,대갤러 (211.169) 2025.07.04 15:47:04 스크랩 조회 350 추천 4 댓글 3,4,350,2025.07.04 15:47:04,https://gall.dcinside.com/mini/board/view/?id=dgh&no=1766&page=10
10,1765,[3학년],고2들 개찡찡 존나 꼴보기 싫네,수학 여행 방으로 존나 찡찡거리네 방 바꿀 새끼는 가서 다 바꿀거 같은데 막상 몇명이 선동하니까 바로 너도 나도 디시에 글 싸지르면서 좆같네 시전 존나 하네 ㅋㅋㅋㅋㅋ 막상 가면 존나 재밌게 놀거면서 원하는건 뒤지게 많네,대갤러 (211.40) 2025.07.04 15:20:22 스크랩 조회 873 추천 7 댓글 13,7,873,2025.07.04 15:20:22,https://gall.dcinside.com/mini/board/view/?id=dgh&no=1765&page=10
10,1764,[일반],속보)사망ㅇㅇㅇㅇㅇㅇㅇㅇㅇㅇㅇㅇㅇㅇㅇㅇ,본인상이랍니다. 사인은 지구과학이구요. 그렇게 됐습니다.,대갤러 (220.65) 2025.07.04 14:41:24 스크랩 조회 487 추천 3 댓글 1,3,487,2025.07.04 14:41:24,https://gall.dcinside.com/mini/board/view/?id=dgh&no=1764&page=10
10,1763,[2학년],지구 11번 왜 5번임??,???,대갤러 (211.106) 2025.07.04 14:29:51 스크랩 조회 314 추천 2 댓글 1,2,314,2025.07.04 14:29:51,https://gall.dcinside.com/mini/board/view/?id=dgh&no=1763&page=10
10,1762,[일반],지구과학,모두 고르시오인데 왜 답이1~5개임? 있는데로 고르시오라고 바꿔야지 지능 ㅉ,대갤러 (223.62) 2025.07.04 12:48:14 스크랩 조회 326 추천 1 댓글 2,1,326,2025.07.04 12:48:14,https://gall.dcinside.com/mini/board/view/?id=dgh&no=1762&page=10
10,1761,[일반],국어,80점이면 2는 뜰려나 - dc official App,대갤러 (118.235) 2025.07.04 12:41:34 스크랩 조회 279 추천 3 댓글 0,3,279,2025.07.04 12:41:34,https://gall.dcinside.com/mini/board/view/?id=dgh&no=1761&page=10
10,1760,[일반],ㅈㅁㅎ 왜이렇게 꼴싸냐,모두고르시오 시발ㅋㅋ,대갤러 (211.36) 2025.07.04 12:08:13 스크랩 조회 597 추천 4 댓글 4,4,597,2025.07.04 12:08:13,https://gall.dcinside.com/mini/board/view/?id=dgh&no=1760&page=10
10,1759,[2학년],이번 지구 난이도 중간 물리 넘었다>>개추,그건 아니다 중간 물리 못이긴다 >>비추,대갤러 (118.235) 2025.07.04 12:01:15 스크랩 조회 416 추천 14 댓글 1,14,416,2025.07.04 12:01:15,https://gall.dcinside.com/mini/board/view/?id=dgh&no=1759&page=10
10,1758,[2학년],문학,ㅈ같으면 개추 - dc official App,대갤러 (106.245) 2025.07.04 09:23:52 스크랩 조회 362 추천 12 댓글 0,12,362,2025.07.04 09:23:52,https://gall.dcinside.com/mini/board/view/?id=dgh&no=1758&page=10
10,1756,[일반],3학년선배님들,물2화2생2 중에 어떤 두개가 가장 개꿀빠나요,대갤러 (211.235) 2025.07.02 16:46:21 스크랩 조회 639 추천 0 댓글 10,0,639,2025.07.02 16:46:21,https://gall.dcinside.com/mini/board/view/?id=dgh&no=1756&page=10
10,1755,[2학년],161718 답이 333인게 말이되냐?,뒤쪽 객관식은 시간부족으로 1줄로 미는 애들 많을텐데 3으로 찍은 애들이 꽁으로 3개 맞는거 아냐 시발 좆같네,대갤러 (211.106) 2025.07.02 10:16:56 스크랩 조회 674 추천 19 댓글 9,19,674,2025.07.02 10:16:56,https://gall.dcinside.com/mini/board/view/?id=dgh&no=1755&page=10
10,1753,[일반],전학,전학갈게 등급컷 더 빡세지게,대갤러 (211.235) 2025.07.01 21:32:28 스크랩 조회 396 추천 8 댓글 0,8,396,2025.07.01 21:32:28,https://gall.dcinside.com/mini/board/view/?id=dgh&no=1753&page=10
10,1752,[일반],영어 나만어러웠냐?,조졌네 ㅅㅂ,대갤러 (106.101) 2025.07.01 09:19:29 스크랩 조회 610 추천 13 댓글 3,13,610,2025.07.01 09:19:29,https://gall.dcinside.com/mini/board/view/?id=dgh&no=1752&page=10
10,1751,[일반],우리 학교의 수호신,그저 “수호”신,대갤러 (125.128) 2025.06.30 19:07:18 스크랩 조회 714 추천 51 댓글 4,51,714,2025.06.30 19:07:18,https://gall.dcinside.com/mini/board/view/?id=dgh&no=1751&page=10
10,1749,[일반],시험 개ㅈ됐으면 개추,훠훠 - dc official App,대갤러 (220.73) 2025.06.29 23:56:11 스크랩 조회 462 추천 14 댓글 0,14,462,2025.06.29 23:56:11,https://gall.dcinside.com/mini/board/view/?id=dgh&no=1749&page=10
10,1748,[일반],수학여행 2인실 배정 이대로 가면 큰일나는 이유.fact,말ㅈㄴ많고지밖에안중에없고눈치도없고싸가지도없고말은뒤지게안쳐듣고했던말또하고또하고또하고또하고행동도개박은폐급걸림PLEASE.걔도걔대로친한애있을거니까끼리끼리같은방쓰게하면개꾸르딱딱쓰나도좋고걔도좋고너무좋을탠데도대체왜작년까지맘대로하는걸로하다가이번에이육사황혼마냥스윗해졋는지는모르겠다제발!111111!1!1,대갤러 (220.65) 2025.06.29 05:42:35 스크랩 조회 904 추천 48 댓글 6,48,904,2025.06.29 05:42:35,https://gall.dcinside.com/mini/board/view/?id=dgh&no=1748&page=10
10,1746,[일반],수학여행,시간표 어떻게 생각하냐 난 80주고 가는건데 좀 아쉬움 - dc official App,대갤러 (118.235) 2025.06.27 22:10:37 스크랩 조회 576 추천 1 댓글 13,1,576,2025.06.27 22:10:37,https://gall.dcinside.com/mini/board/view/?id=dgh&no=1746&page=10
10,1744,[일반],진짜 방배정 꼬라지,1학년때는 같이 쓰고 싶은 사람이랑 갔는데 왜 지랄염병이냐 찐따통 존나오네 하,대갤러 (211.36) 2025.06.27 16:32:09 스크랩 조회 396 추천 9 댓글 0,9,396,2025.06.27 16:32:09,https://gall.dcinside.com/mini/board/view/?id=dgh&no=1744&page=10
10,1743,[2학년],수학여행 방배정,2인 1실 호텔 번호순 맞냐 이거?ㅋㅋ,대갤러 (211.169) 2025.06.26 16:18:25 스크랩 조회 667 추천 20 댓글 5,20,667,2025.06.26 16:18:25,https://gall.dcinside.com/mini/board/view/?id=dgh&no=1743&page=10
10,1742,[2학년],하루만 더 기다리면 수학여행을 갈 수있어요!!,왜냐면 이제부터 기다림이 24시간이 넘을 때마다 대가리를 앰씹존나 쎄게 쳐서 제 머릿속을 뒤죽박죽 엉망진창으로 만들 거거든요! 기다렸다는 것이 기억이 나지 않는다면 안 기다린 게 아닐까요? 그렇게 수학여행을 갈 때까지 하루가 지나기 전에 기억을 지운다면 하루만에 수학여행을 가는게 아닐까요??? 하룻밤만 기다리면 수학여행이라니 생각만 해도 너무 즐거워요~!!!,대갤러 (211.36) 2025.06.26 00:35:16 스크랩 조회 438 추천 6 댓글 3,6,438,2025.06.26 00:35:16,https://gall.dcinside.com/mini/board/view/?id=dgh&no=1742&page=10
10,1741,[일반],내신 5등급인데,"수시 열심히 하는건 무슨생각임? 3까지는 수시 하는게 맞는데 모고도 4,5뜨는 5등급들이 밤새 내신,생기부 챙기는건 무슨생각으로 하는건지 진짜 궁금함",대갤러 (106.245) 2025.06.24 22:17:04 스크랩 조회 1457 추천 4 댓글 14,4,1457,2025.06.24 22:17:04,https://gall.dcinside.com/mini/board/view/?id=dgh&no=1741&page=10
10,1738,[일반],농구공 누가 가져감?,윌슨 인도어 어쎈틱 시리즈임 이름이랑 전번 써있음 - dc official App,cloudground 2025.06.24 12:27:08 스크랩 조회 381 추천 0 댓글 0,0,381,2025.06.24 12:27:08,https://gall.dcinside.com/mini/board/view/?id=dgh&no=1738&page=10
10,1737,[일반],확통 답지 떴다,,대갤러 (211.169) 2025.06.24 11:22:44 스크랩 조회 375 추천 1 댓글 1,1,375,2025.06.24 11:22:44,https://gall.dcinside.com/mini/board/view/?id=dgh&no=1737&page=10
10,1735,[일반],2학년 수학여행,1 2 3/4 5 6 7 가는거는 대체 무슨 생각으로 짠거임?,대갤러 (211.235) 2025.06.23 17:25:26 스크랩 조회 663 추천 14 댓글 14,14,663,2025.06.23 17:25:26,https://gall.dcinside.com/mini/board/view/?id=dgh&no=1735&page=10
10,1732,[일반],실명언급,하지마라. 지능낮은거 티내는것도 아니고 ㅋㅋ 정 쓰고 싶으면 초성으로 써라 - dc official App,삼각산정기 2025.06.21 22:46:35 스크랩 조회 965 추천 10 댓글 5,10,965,2025.06.21 22:46:35,https://gall.dcinside.com/mini/board/view/?id=dgh&no=1732&page=10
10,1729,[2학년],원과목 세특,2학기때 1학기에 배운 내용을 심화탐구해서 제출해도 ㄱㅊ음?,ㅇㅇ (211.106) 2025.06.20 02:19:02 스크랩 조회 483 추천 0 댓글 2,0,483,2025.06.20 02:19:02,https://gall.dcinside.com/mini/board/view/?id=dgh&no=1729&page=10
10,1727,[일반],운동장,우리학교 운동장은 왤캐 공용임? 평일에는 중딩들 대회하고 주말에는 아재들 경기하고,대갤러 (220.72) 2025.06.19 00:09:43 스크랩 조회 556 추천 10 댓글 3,10,556,2025.06.19 00:09:43,https://gall.dcinside.com/mini/board/view/?id=dgh&no=1727&page=10
10,1725,[일반],대광중,시험기간이여서 다들 예민한데 4교시 수업 할 즈음에 1층 밖에서 중학교 애들 뛰어다니면서 소리 지르는거 진짜 w같다,대갤러 (62.133) 2025.06.18 00:51:37 스크랩 조회 727 추천 38 댓글 2,38,727,2025.06.18 00:51:37,https://gall.dcinside.com/mini/board/view/?id=dgh&no=1725&page=10
10,1724,[일반],화장실 휴지,그만 교실로 가져가라 좀 - dc official App,대갤러 (211.235) 2025.06.17 17:07:05 스크랩 조회 477 추천 6 댓글 1,6,477,2025.06.17 17:07:05,https://gall.dcinside.com/mini/board/view/?id=dgh&no=1724&page=10
10,1723,[일반],동성 와라,자리 많다,ㅇㅇ (106.101) 2025.06.17 13:52:16 스크랩 조회 496 추천 2 댓글 3,2,496,2025.06.17 13:52:16,https://gall.dcinside.com/mini/board/view/?id=dgh&no=1723&page=10
10,1721,[정보],놀라운 사실,시험 2주남음,대갤러 (211.106) 2025.06.17 01:37:43 스크랩 조회 375 추천 1 댓글 0,1,375,2025.06.17 01:37:43,https://gall.dcinside.com/mini/board/view/?id=dgh&no=1721&page=10
10,1720,[2학년],시험범위,고3은 수능준비한다 그렇다치고 고2는 도대체 뭐냐 국어 범위 진짜 레전드다 이번시험.. 그리고 영어는 맨날 진도도 똑바로 다 못나가면서 왜 이렇게 많이 내시는지 모르겠다,대갤러 (211.178) 2025.06.17 01:13:38 스크랩 조회 574 추천 15 댓글 11,15,574,2025.06.17 01:13:38,https://gall.dcinside.com/mini/board/view/?id=dgh&no=1720&page=10
10,1719,[졸업생],대광고 졸업생인데,여기 진짜 일반고임 이제?,ㅇㅇ (220.65) 2025.06.16 15:40:38 스크랩 조회 601 추천 0 댓글 3,0,601,2025.06.16 15:40:38,https://gall.dcinside.com/mini/board/view/?id=dgh&no=1719&page=10
10,1717,[일반],암만생각해도 이건 아니여서 전학가려는데,일반고로 전학갈때 선택이 가능합니까 주거지에서 거리순 배정이면 역대급 개똥통 한학년 70명 고등학교라 오히려 더 마이너스인데.. 가고싶은 학교에 빈자리가 있다면 거기로 갈 수 있는지 혹은 같은 구 내에서 뻉뻉이인지 아니면 처음 고등학교 원서쓸때처럼 주거지 구+인근 구 1개 에서 고르는건지.. 솔찍히 학교 쌤들한테 물어보기 쫄려서 요따 물어봅니다,대갤러 (112.154) 2025.06.15 19:29:48 스크랩 조회 720 추천 0 댓글 10,0,720,2025.06.15 19:29:48,https://gall.dcinside.com/mini/board/view/?id=dgh&no=1717&page=10
10,1716,[일반],대광 현상황.jpg,,대갤러 (106.101) 2025.06.15 01:15:00 스크랩 조회 780 추천 1 댓글 5,1,780,2025.06.15 01:15:00,https://gall.dcinside.com/mini/board/view/?id=dgh&no=1716&page=10
10,1714,[졸업생],전대붕이 미쿠 코스프레 ㅁㅌㅊ,,대갤러 (175.113) 2025.06.13 13:33:28 스크랩 조회 1130 추천 14 댓글 11,14,1130,2025.06.13 13:33:28,https://gall.dcinside.com/mini/board/view/?id=dgh&no=1714&page=10
10,1713,[2학년],지구과학실,책상낙서 그거 누구임 ㄹㅇ,대갤러 (211.169) 2025.06.13 11:02:53 스크랩 조회 662 추천 13 댓글 2,13,662,2025.06.13 11:02:53,https://gall.dcinside.com/mini/board/view/?id=dgh&no=1713&page=10
10,1707,[일반],ㅅㅈ같은 부류의인간이,우리 세대의 적이다 ㅇㅇ 월급루팡 선생으로 개꿀빨고 곧 은퇴해서 연금받아먹고 무지성 1찍 해서 나라망할때쯤 뒤질세대들,ㅇㅇ (104.28) 2025.06.12 22:06:44 스크랩 조회 911 추천 54 댓글 3,54,911,2025.06.12 22:06:44,https://gall.dcinside.com/mini/board/view/?id=dgh&no=1707&page=10
10,1706,[일반],도선와라,ㅇㅇ,대갤러 (211.235) 2025.06.11 17:53:34 스크랩 조회 632 추천 3 댓글 3,3,632,2025.06.11 17:53:34,https://gall.dcinside.com/mini/board/view/?id=dgh&no=1706&page=10
10,1704,[일반],대광고에 대한 불만을 적어주세요,대광고에 대항 불만과 개선방안에 대해 댓글로 적어주시면 감사하겠습니다,대갤러 (211.169) 2025.06.11 11:06:17 스크랩 조회 624 추천 1 댓글 3,1,624,2025.06.11 11:06:17,https://gall.dcinside.com/mini/board/view/?id=dgh&no=1704&page=10
10,1703,[일반],근데 수업 때 진도 나가지도 못하면서,시험에 출제하는 건 뭐임.. 나만 잘못됐다고 생각하나 - dc official App,대갤러 (211.234) 2025.06.10 23:27:20 스크랩 조회 662 추천 15 댓글 4,15,662,2025.06.10 23:27:20,https://gall.dcinside.com/mini/board/view/?id=dgh&no=1703&page=10
10,1702,[2학년],문학범위,터졌으면 개추ㅋㅋ,대갤러 (118.235) 2025.06.10 17:05:01 스크랩 조회 626 추천 52 댓글 1,52,626,2025.06.10 17:05:01,https://gall.dcinside.com/mini/board/view/?id=dgh&no=1702&page=10
10,1701,[일반],17년도 졸업생입니다,탈광은 과학이야 사립+자사고까지 왔는데 선생들 보고 한숨나올줄은 몰랐지... 본인이랑 정치적 견해가 다른 학생을 타 반 수업때 언급하는 선생 수업시간에 좌편향된 다큐 보여주는 선생 학교 안나왔다고 책상 빼는 선생 수위 쎈건 언급 하지도 않았음. 근데 어째 지금이 더 심각한것같냐 고생들하시고.. 탈광하시길 빕니다. 동창들 중에 애교심 있는사람 한명도 못봄,대갤러 (222.111) 2025.06.10 16:52:34 스크랩 조회 602 추천 17 댓글 4,17,602,2025.06.10 16:52:34,https://gall.dcinside.com/mini/board/view/?id=dgh&no=1701&page=10
10,1700,[일반],시간표 변동,어떻게 생각하냐? 변덕스러워서 적어도 이유는 알고싶음 - dc official App,대갤러 (59.5) 2025.06.09 17:24:59 스크랩 조회 351 추천 4 댓글 1,4,351,2025.06.09 17:24:59,https://gall.dcinside.com/mini/board/view/?id=dgh&no=1700&page=10
10,1699,[일반],학교 바퀴벌레 ㅈㄴ 많네,오늘만 세마리 봄 ㅅㅂ,윤카지원단 (211.169) 2025.06.09 13:24:34 스크랩 조회 364 추천 5 댓글 0,5,364,2025.06.09 13:24:34,https://gall.dcinside.com/mini/board/view/?id=dgh&no=1699&page=10
10,1697,[일반],위대한 수령님 만만세,경제성장 이루시겠다잖냐 ㅋㅋ - dc official App,삼각산정기 2025.06.07 13:22:43 스크랩 조회 562 추천 16 댓글 2,16,562,2025.06.07 13:22:43,https://gall.dcinside.com/mini/board/view/?id=dgh&no=1697&page=10
10,1696,[일반],교내에서 이재명 지지하는 학생들,다 어디 갔노? 투표 보니까 꽤 많더만. 실제로도 3학년이 다른 학년에 비해 특히 많은 걸로 알고 있는데. 근데 왜 지지하냐는 말에는 왜 대답 안 함? 본인들도 부끄러운 걸 스스로 아는 거임? 아님 저런 것들이랑은 대화도 하기 싫다는 선민의식? 왜 지지하는데 왜. 서로의 생각을 좀 알자.,대갤러 (211.169) 2025.06.05 11:43:47 스크랩 조회 944 추천 22 댓글 12,22,944,2025.06.05 11:43:47,https://gall.dcinside.com/mini/board/view/?id=dgh&no=1696&page=10
11,1695,[일반],수고하셧습니다여러분,이제부터 리짜이밍의시대입니다 - dc official App,옹팡이 (1.227) 2025.06.04 19:37:07 스크랩 조회 428 추천 2 댓글 0,2,428,2025.06.04 19:37:07,https://gall.dcinside.com/mini/board/view/?id=dgh&no=1695&page=11
11,1694,[일반],망갤테스트,6모 ㅈ됨을 감지,재매이햄 (211.169) 2025.06.04 12:21:47 스크랩 조회 440 추천 9 댓글 0,9,440,2025.06.04 12:21:47,https://gall.dcinside.com/mini/board/view/?id=dgh&no=1694&page=11
11,1692,[일반],정말,조온~나게 축하드립니다. 우리 대한중국을 새롭게 만들어주세요!!! - dc official App,대갤러 (118.235) 2025.06.03 23:33:38 스크랩 조회 467 추천 14 댓글 0,14,467,2025.06.03 23:33:38,https://gall.dcinside.com/mini/board/view/?id=dgh&no=1692&page=11
11,1690,[일반],정말 궁금한 점,대광에서 이재명을 지지하는 분들은 왜 이재명을 지지하시는 건지 이유가 궁금합니다. 찐으로 궁금해서 그럼 (이재명처럼 비꼬면서 질문에 질문으로 답하지 말고 진짜 이유 ㄱ) - dc official App,대갤러 (115.93) 2025.06.03 20:34:37 스크랩 조회 479 추천 11 댓글 9,11,479,2025.06.03 20:34:37,https://gall.dcinside.com/mini/board/view/?id=dgh&no=1690&page=11
11,1687,[일반],여론조사,대광의 여론은 어떠한가 궁금해 올려봅니다. 다들 한번씩만 해주시면 감사할 듯 합니다,대갤러 (115.93) 2025.06.01 00:32:34 스크랩 조회 800 추천 17 댓글 5,17,800,2025.06.01 00:32:34,https://gall.dcinside.com/mini/board/view/?id=dgh&no=1687&page=11
11,1682,[일반],.,나는 신나여,대갤러 (45.87) 2025.05.30 19:17:11 스크랩 조회 444 추천 7 댓글 0,7,444,2025.05.30 19:17:11,https://gall.dcinside.com/mini/board/view/?id=dgh&no=1682&page=11
11,1681,[일반],선생한테 갤질 말하는 새낀 누구냐,왜 여기 말들을 굳이 일러바침?,대갤러 (211.169) 2025.05.29 15:53:43 스크랩 조회 750 추천 2 댓글 4,2,750,2025.05.29 15:53:43,https://gall.dcinside.com/mini/board/view/?id=dgh&no=1681&page=11
11,1680,[일반],2,2학년들아 도서관에서 조용히 하는 법 모르냐? 도서관에 소풍 온 거마냥 오지게 떠들어 ㅈ같게,대갤러 (121.161) 2025.05.28 23:52:34 스크랩 조회 472 추천 4 댓글 2,4,472,2025.05.28 23:52:34,https://gall.dcinside.com/mini/board/view/?id=dgh&no=1680&page=11
11,1679,[2학년],수행평가,진지하게 심하게 불공평함 일찍 보는 반하고 늦게 보는 반하고의 정보차이 때문에 점수차가 벌어짐 이게 맞노?,대갤러 (175.193) 2025.05.28 22:48:35 스크랩 조회 489 추천 6 댓글 4,6,489,2025.05.28 22:48:35,https://gall.dcinside.com/mini/board/view/?id=dgh&no=1679&page=11
11,1678,[일반],진지하게 여론 조사 해보자,현재 대광고 만족한다 개추 불만족한다 비추 - dc official App,대갤러 (211.234) 2025.05.28 22:26:45 스크랩 조회 535 추천 11 댓글 0,11,535,2025.05.28 22:26:45,https://gall.dcinside.com/mini/board/view/?id=dgh&no=1678&page=11
11,1677,[일반],1학년 ㄱㅇㅂ 장@ㅐ련,지하철타다가 손잡이 뽑혀서 운지 - dc official App,cloudground 2025.05.26 20:54:47 스크랩 조회 992 추천 8 댓글 3,8,992,2025.05.26 20:54:47,https://gall.dcinside.com/mini/board/view/?id=dgh&no=1677&page=11
11,1675,[일반],누가 더 유명함 에미넴 지단,- dc official App,디바 (59.28) 2025.05.26 08:48:44 스크랩 조회 487 추천 0 댓글 3,0,487,2025.05.26 08:48:44,https://gall.dcinside.com/mini/board/view/?id=dgh&no=1675&page=11
11,1674,[일반],하 진짜 우리애미,듬----- 우리의 사랑----- - dc official App,대갤러 (222.101) 2025.05.25 14:21:39 스크랩 조회 806 추천 23 댓글 0,23,806,2025.05.25 14:21:39,https://gall.dcinside.com/mini/board/view/?id=dgh&no=1674&page=11
11,1671,[2학년],시험감독,"갑자기 생각나서 쓰는 글임. 물론 대부분의 선생님들은 시험 때 우리를 위해 최선을 다하시며 신경 써주심. 근데 몇몇 트롤들이 좀 일음. 예를 들면, 손을 든 한 사람한테만 조용히 가서 말하면 될 것을 문제 푸는데 흐름 끊기게 ㅈㄴ 크게 말한다던가, 작은 소리도 신경쓰이는데 소리 개 크게 나는 신발 신고 돌아다닌다든가, 시험 전에 심호흡하면서 마인드컨트롤하고 있는데 소풍 온 것 마냥 말 거는 것 등등. 좀 제대로 생각해보고 행동했으면 좋겠다. 참고로, glp 폐지 정말 찬성함 제발",대갤러 (220.72) 2025.05.24 23:02:25 스크랩 조회 668 추천 12 댓글 3,12,668,2025.05.24 23:02:25,https://gall.dcinside.com/mini/board/view/?id=dgh&no=1671&page=11
11,1670,[일반],장애,우리학교 애들은 잠재적범죄자가 맞다ㄹㅇ,대갤러 (211.235) 2025.05.24 00:41:51 스크랩 조회 635 추천 10 댓글 2,10,635,2025.05.24 00:41:51,https://gall.dcinside.com/mini/board/view/?id=dgh&no=1670&page=11
11,1669,[일반],모두 묵념,우리 대광인들 오늘만큼은 모두 묵념합시다 흥이 올라도 참읍시다 - dc official App,대갤러 (118.235) 2025.05.23 00:50:25 스크랩 조회 702 추천 20 댓글 4,20,702,2025.05.23 00:50:25,https://gall.dcinside.com/mini/board/view/?id=dgh&no=1669&page=11
11,1668,[일반],오늘 무슨날이길래,갑자기 중력이 쎄져서 싱크홀이 523개 생겼다는 뉴스가 뜨는거죠? - dc official App,대갤러 (211.234) 2025.05.23 00:08:55 스크랩 조회 533 추천 12 댓글 0,12,533,2025.05.23 00:08:55,https://gall.dcinside.com/mini/board/view/?id=dgh&no=1668&page=11
11,1667,[일반],빠례?<<—이게 뭔 추임새임,학교 여기저기서 애들이 빠례(맞게 들었는진 모르깄음) 이러는데 뭔뜻임? 구글링해도 안나옴,대갤러 (106.101) 2025.05.21 22:23:37 스크랩 조회 601 추천 0 댓글 4,0,601,2025.05.21 22:23:37,https://gall.dcinside.com/mini/board/view/?id=dgh&no=1667&page=11
11,1666,[일반],그 수학선생 출신,광주 ㅋㅋㅋ 역시 라도는 과학,대갤러 (211.169) 2025.05.21 09:56:20 스크랩 조회 941 추천 16 댓글 1,16,941,2025.05.21 09:56:20,https://gall.dcinside.com/mini/board/view/?id=dgh&no=1666&page=11
11,1665,[일반],대광 수학선생은 극단적임,"이재명같은 사상, 김문수같은 나이, 이준석같은 외모",대갤러 (118.235) 2025.05.21 00:15:22 스크랩 조회 965 추천 20 댓글 1,20,965,2025.05.21 00:15:22,https://gall.dcinside.com/mini/board/view/?id=dgh&no=1665&page=11
11,1664,[일반],모 수학선생 특,자기는 누구보다 합리적인 사람이라고 주장하지만 실상은 누구보다 감정적으로 행동함 요즘 MZ세대들 이해안된다고 수업시건에 열변을 토하지만 정작 자신이 애새끼 마인드인것은 모름,대갤러 (106.101) 2025.05.20 21:00:42 스크랩 조회 956 추천 27 댓글 4,27,956,2025.05.20 21:00:42,https://gall.dcinside.com/mini/board/view/?id=dgh&no=1664&page=11
11,1662,[일반],ㅅㅈ의 상식,지 기분 안좋다고 책상에 커피를 부우는것 >> 상식적 행동 컵을 두고 다니는것>> 비상식적 행동,대갤러 (104.28) 2025.05.20 17:09:54 스크랩 조회 921 추천 34 댓글 2,34,921,2025.05.20 17:09:54,https://gall.dcinside.com/mini/board/view/?id=dgh&no=1662&page=11
11,1660,[일반],누가 더 유명함 호날두 테일러 스위프트,- dc official App,디바 (59.28) 2025.05.20 17:07:39 스크랩 조회 294 추천 0 댓글 1,0,294,2025.05.20 17:07:39,https://gall.dcinside.com/mini/board/view/?id=dgh&no=1660&page=11
11,1659,[일반],내년 대광고 생각중인 중3 질문있습니다.,"1.일반고로 바뀐다는건 확정?인가요? 2.만약 바뀐다면 선생님들이나 교과 과목,내신같은거에 어떤영향,영향이 가나요? 3.바뀌면 게속 남고인가요?남녀공학 되는건가요? 4.큰빛반?같이 우등생 지원 프로그램 같은거는 다 사라지는건가요 이외에도 크고 작은 변경점같은거 써주시면 감사하겠습니다. - dc official App",대갤러 (222.109) 2025.05.20 16:54:39 스크랩 조회 631 추천 1 댓글 6,1,631,2025.05.20 16:54:39,https://gall.dcinside.com/mini/board/view/?id=dgh&no=1659&page=11
11,1658,[일반],전교권 이 학교 기준 몇등까지냐?,ㅈㄱㄴ - dc official App,대갤러 (211.234) 2025.05.19 21:15:58 스크랩 조회 599 추천 0 댓글 2,0,599,2025.05.19 21:15:58,https://gall.dcinside.com/mini/board/view/?id=dgh&no=1658&page=11
11,1657,[일반],만약 성인이라면 누구 찍음?,난 3번,대갤러 (221.140) 2025.05.19 17:34:10 스크랩 조회 408 추천 1 댓글 4,1,408,2025.05.19 17:34:10,https://gall.dcinside.com/mini/board/view/?id=dgh&no=1657&page=11
11,1655,[일반],하면할수록 열받는게,8교시 ㅆㅂ 왜하냐,대갤러 (218.238) 2025.05.18 22:39:53 스크랩 조회 469 추천 1 댓글 4,1,469,2025.05.18 22:39:53,https://gall.dcinside.com/mini/board/view/?id=dgh&no=1655&page=11
11,1654,[일반],생각해보니까,에어컨 냄새 언제 청소하냐 - dc official App,대갤러 (220.117) 2025.05.18 21:16:44 스크랩 조회 354 추천 6 댓글 2,6,354,2025.05.18 21:16:44,https://gall.dcinside.com/mini/board/view/?id=dgh&no=1654&page=11
11,1653,[일반],학교 돈 없다고 하는데,"glp,신앙수련회에 듣보 초청할 돈 아껴서 학교에 쓰라고 제발.. 애들 다 하기 싫어하는 거 꾸역꾸역 밀고나가지 말고 차라리 그 시간에 자습줘라 행사는 큰빛축제 한번 제대로 하는거로 족하다 큰빛축제나 망치지 말고 좆같은 행사에 쓰는 돈,시간 아껴서 진정으로 학생들을 위한 곳에 써주세요",대갤러 (118.235) 2025.05.18 15:55:17 스크랩 조회 803 추천 34 댓글 10,34,803,2025.05.18 15:55:17,https://gall.dcinside.com/mini/board/view/?id=dgh&no=1653&page=11
11,1652,[일반],1학년 심리 (장문ㅈㅅ),"졸업생이고 아는 동생들+선생님이 있음.얘기 들어보니가 1학년들 전학 솔직히 이해 안 가는건 아님 애초에 홍보할때 저희 명품 자사고 대광고는~ 이러고 시작하는데 갑자기 학교 온지 2개월? 3개월 됐는데 아무 얘기도 없이 갑자기 저희 일반고 전환합니다.이ㅈㄹ하면 지금 밑에 글쓴 2,3학년들 1학년이었으면 똑같은 반응 했을거라 생각함ㅋㅋㅋㅋ 착한 척 ㄴㄴ.그리고 애초에 지원률이 0.5임 군중심리 무조건 적용 됐을거임 난 이해함. 개인적으로는 그리고 우리 돈은 결국에 학교가 쓰는 거임.출처?교육청에 감사 나오겠지 근데 그 정도로 철저할까?ㅋㅋㅋㅋ 난 모르겠음.그리고 지원금?시설 개설?그거 짜피 1학년 있을 때 될리가 없음ㅋㅋㅋㅋ 경험상 그리고 학교 입장에서는 끝난 자사고에 투자할거 같음?아니면 전환되는 일반고에 투자할것같음? 그러니까 1학년 ㅂㅅ이라고만 생각하지 말고 생각 한번 해보셈.근데 강당인가?거기서 개시끄러웠다던데 안 그러겠냐ㅋㅋㅋㅋㅋ 애들이 장문 (ㅈㅅ) 참고로 본인 1.후~2.초였음 난 전학 갈듯ㅋㅋㅋㅋㅋ (본인 대학 결과 보고 이게 자사고냐 싶었음)",대갤러 (121.129) 2025.05.18 01:18:39 스크랩 조회 662 추천 4 댓글 7,4,662,2025.05.18 01:18:39,https://gall.dcinside.com/mini/board/view/?id=dgh&no=1652&page=11
11,1647,[일반],정시,학교쌤들이 내신질문 말고 정시질문도 받아주나?,대갤러 (211.235) 2025.05.13 21:32:52 스크랩 조회 747 추천 0 댓글 3,0,747,2025.05.13 21:32:52,https://gall.dcinside.com/mini/board/view/?id=dgh&no=1647&page=11
11,1646,[일반],전학 잘 안보내줌?,?? - dc official App,ㅇㅇ (39.7) 2025.05.13 21:23:16 스크랩 조회 683 추천 0 댓글 3,0,683,2025.05.13 21:23:16,https://gall.dcinside.com/mini/board/view/?id=dgh&no=1646&page=11
11,1645,[일반],신앙수련회 진짜왜하는거임,난 개신교가 아닌데 저걸 왜 해야 하지 하나님 믿습니다 할때마다 거부감만 더 심해지는데 내가 선택한 대광이라고? 아니 난 기껏해야 일주일에 두 번씩 종교 채플 끝인 줄 알았지 매년 꼬박꼬박 이렇게 시간 버려야 하는지는 몰랐음 자거나 조는 것도 1시간이면 족함 3시간은 ㄹㅇ 뭘하란건지... 그리고 내가 수능 180여일 남은 이 시점에 이틀 합쳐서 6시간씩이나 땅에 버려야 함? 6시간이면 뉴런 띰 1개는 족히 끝내겠다 강요된 신앙은 결국 공허하고 맹목적인 외침이자 억압이 아닌가 하는 생각이 듦 정말 기독교 선교가 목적이면 기독교 정신을 몸소 보여줘야지 행사 참여 등등을 강요하는 건 최악의 선택지임,대갤러 (115.90) 2025.05.13 20:31:47 스크랩 조회 1059 추천 53 댓글 9,53,1059,2025.05.13 20:31:47,https://gall.dcinside.com/mini/board/view/?id=dgh&no=1645&page=11
11,1641,[일반],1학년 일반고 되면,"어찌 되는걸까 동아리 프로그램은 유지되고  생기부는 신경 써 주려나 ??  3학년 되면 1,2 학년이 일반고로 뽑은거라 중요한 시기에 애매한데 ㅠㅠ  분위기가 일반고 분위기일텐데  죽 신경 써줄지 걱정이네  선생님들은 일반고 선생님들 오시는 건가 언제부터인지   대혼란이다",대갤러 (175.119) 2025.05.10 00:31:46 스크랩 조회 1326 추천 5 댓글 8,5,1326,2025.05.10 00:31:46,https://gall.dcinside.com/mini/board/view/?id=dgh&no=1641&page=11
11,1640,[일반],졸업생이다,그나마 몇없던 생기부 잘쓰는 감있는 선생들 내치고 고3에 전교조 무능력자들 몰어넣는 학교가 어떻게 자사고임 일반고 전환이라 생각하지말고 유지라고 생각해라 학비만 싸지고 오히려 좋겠네 ㅇㅇ,대갤러 (223.39) 2025.05.09 23:39:24 스크랩 조회 1134 추천 22 댓글 2,22,1134,2025.05.09 23:39:24,https://gall.dcinside.com/mini/board/view/?id=dgh&no=1640&page=11
11,1639,[2학년],대광고 MZ력 ㄷㄷ,,윤카지원단 (106.245) 2025.05.09 20:57:56 스크랩 조회 1163 추천 5 댓글 1,5,1163,2025.05.09 20:57:56,https://gall.dcinside.com/mini/board/view/?id=dgh&no=1639&page=11
11,1637,[일반],지능,"지금 뭐  ""현 1, 2, 3학년들은 자사고 그대로 유지되니까 상관없다""고 말하는 사람들이 있던데, 정말 그렇게 생각함? 학교에서 일반고 전환을 발표하면서 했던 말은 ""현 자사고 재학생들에겐 기존처럼 자사고 대우를 해주겠다""는 거였지. 근데 그게 자사고가 완전히 폐지될 때까지 제대로 유지될 수 있을 거라고 생각해? 한 번 생각해봐. 학교에 일반고 학생들이 같이 다니게 되는 순간, 그렇게 대놓고 자사고 학생들만 차별해서 대우할 수 있을까? 처음 1년 정도야 명목상 구분이 있을 수 있겠지. 하지만 일반고 학생 수가 자사고 학생보다 많아지는 순간부터는, 학교는 사실상 일반고로 바뀌는 거야. 왜냐고? 이제 교사들은 굳이 생기부 열심히 써서 입시 결과를 끌어올릴 필요가 없어. 예전처럼 우리가 내는 높은 학비로 교사들 월급을 주는 구조도 아니고. 그러다 일반고 측에서 ""왜 차별하냐""는 말이라도 나오면? 자사고 대우는 그 순간 그냥 끝나는 거지. 결국 지금 자사고 재학생들은 돈은 돈대로 내면서, 수업도 생기부도 전부 일반고 기준에 맞춰 받게 될 거야. 진짜 일반고 학생들이랑 똑같은 환경에서, 그저 돈만 내는 일반고를 다니는꼴 나는거지 ㅇㅇ",ㅇㅇ (106.101) 2025.05.09 20:06:52 스크랩 조회 1542 추천 62 댓글 8,62,1542,2025.05.09 20:06:52,https://gall.dcinside.com/mini/board/view/?id=dgh&no=1637&page=11
11,1636,[일반],나도 진짜 일반고 전환까지는 참겠는데,- dc official App,대갤러 (211.234) 2025.05.09 19:45:28 스크랩 조회 1400 추천 52 댓글 0,52,1400,2025.05.09 19:45:28,https://gall.dcinside.com/mini/board/view/?id=dgh&no=1636&page=11
11,1634,[일반],학교 전학가야되냐 ㄹㅇ,저희 신일고는 전학생을 환영합니다~,노무현노무잘해 2025.05.09 19:06:09 스크랩 조회 927 추천 3 댓글 2,3,927,2025.05.09 19:06:09,https://gall.dcinside.com/mini/board/view/?id=dgh&no=1634&page=11
11,1633,[일반],능지,병신들아 대광 들어올 10년생도 아닌데 뭘 그리 불평불만이냐 학교 뺑뺑이도 아니고 니들이 고른 학교인데 걍 쳐 다녀라,대갤러 (220.65) 2025.05.09 18:50:15 스크랩 조회 486 추천 3 댓글 0,3,486,2025.05.09 18:50:15,https://gall.dcinside.com/mini/board/view/?id=dgh&no=1633&page=11
11,1632,[일반],내가 일반고 되는건 참겠는데,,대갤러 (106.101) 2025.05.09 18:02:49 스크랩 조회 991 추천 8 댓글 2,8,991,2025.05.09 18:02:49,https://gall.dcinside.com/mini/board/view/?id=dgh&no=1632&page=11
11,1631,[일반],팩트 알려준다,자사고에는 두 부류의 학생이 있다 1. 좋은 분위기에서 열심히 해보려고 온 애들 2. 열심히 할 마음도 없고 노력도 안 하면서 그냥 다니는 애들 오늘 소식 듣고 웃으면서 탈광 탈광 거리는 애들은 걍 2다 1에 해당하는 애들은 심란해도 분위기 흐리면서 낄낄거리는 게 아니라 진지하게 고민한다 2에 해당하면 걍 분위기 흐리지 말고 빨리 떠라 남아 있을 사람은 귀 막고 자기 공부 열심히 하면 되는 거고,대갤러 (106.101) 2025.05.09 17:45:59 스크랩 조회 890 추천 12 댓글 2,12,890,2025.05.09 17:45:59,https://gall.dcinside.com/mini/board/view/?id=dgh&no=1631&page=11
11,1630,[2학년],전학을 왜 간다는거임?,09 08 07 은 일반고 전환 상관없이 졸업할 때까지 자사고라니깐 어차피 프로그램도 그대로고 선생님들이랑 학생도 그대론데,대갤러 (211.106) 2025.05.09 17:42:27 스크랩 조회 877 추천 6 댓글 3,6,877,2025.05.09 17:42:27,https://gall.dcinside.com/mini/board/view/?id=dgh&no=1630&page=11
11,1629,[일반],디시 1학년 새끼들,"아까 밑에 왜케 시끄럽냐는 글 댓글 보니까 가관이던데, 처음 한 2~3분은 그렇다 쳐도 설명을 하시고 사과까지 하시는데, 계속 떠드는 건 좀 아니지 그지랄로 분위기 파악 못하는 병신들이 점점 많아지니까 소문 안 좋아지고, 소문 안 좋아지니까 미달 나고 미달 나니까 돈 없어서 전환하는 거다. 결국은 맨날 학교 욕만 하고, 일반고 전환되는 순간까지도 쳐떠드는 년들 때문에 일반고 전환하는 거나 마찬가지니까, 너넨 입 닥치고 뜨든지 계속 다니든지 알아서 해라. 괜히 다른 착실한 애들까지 마음 흔들리게 하지 말고 - dc official App",대갤러 (106.245) 2025.05.09 16:50:13 스크랩 조회 1470 추천 68 댓글 11,68,1470,2025.05.09 16:50:13,https://gall.dcinside.com/mini/board/view/?id=dgh&no=1629&page=11
11,1628,[일반],전학 vs 버티기,전학 갈꺼면 2학기때 가는게 맞고 버티는 것도 맞는지 모르겠다 의견좀 내봐라,대갤러 (211.169) 2025.05.09 16:46:40 스크랩 조회 792 추천 2 댓글 5,2,792,2025.05.09 16:46:40,https://gall.dcinside.com/mini/board/view/?id=dgh&no=1628&page=11
11,1627,[일반],오늘의 뉴스,https://youtube.com/v/LyyWsQuWBtg?si=fAmQMzyIH1nlyRbd 1 자사고인 대광고는 일반고로 전환하지 않나요? 대광고는 자사고를 계속 합니다. 그 이유를 1가지만 들어볼께요. youtube.com,대갤러 (211.36) 2025.05.09 16:34:32 스크랩 조회 614 추천 5 댓글 1,5,614,2025.05.09 16:34:32,https://gall.dcinside.com/mini/board/view/?id=dgh&no=1627&page=11
11,1626,[2학년],개추 눌러라 걍,일반고 전환 일반고 전환 거리다가 막상 일반고 전환 되니까 서운하면 개추 ㅋㅋ,대갤러 (106.101) 2025.05.09 16:25:40 스크랩 조회 757 추천 41 댓글 1,41,757,2025.05.09 16:25:40,https://gall.dcinside.com/mini/board/view/?id=dgh&no=1626&page=11
11,1625,[일반],다 떠나서,오늘 1학년 교장 선생님 말씀중인데 왤캐 쳐 떠드냐? 쌤들까지 안 말리고 - dc official App,대갤러 (118.235) 2025.05.09 16:25:27 스크랩 조회 1319 추천 52 댓글 31,52,1319,2025.05.09 16:25:27,https://gall.dcinside.com/mini/board/view/?id=dgh&no=1625&page=11
11,1624,[2학년],2학년 ㄹㅇ 좆된점..fact,한국사 이수 안 해서 전학 못 감,대갤러 (106.101) 2025.05.09 16:19:08 스크랩 조회 888 추천 3 댓글 5,3,888,2025.05.09 16:19:08,https://gall.dcinside.com/mini/board/view/?id=dgh&no=1624&page=11
12,1623,[일반],명품 자율형 사립고?,ㅈ까라ㅋㅋㅋ,대갤러 (117.111) 2025.05.09 16:13:50 스크랩 조회 530 추천 5 댓글 0,5,530,2025.05.09 16:13:50,https://gall.dcinside.com/mini/board/view/?id=dgh&no=1623&page=12
12,1622,[일반],바로 자사고 정상화,역시 정상화는 신순묵 팩트는 대광고가 건강해지고 있다는 거임ㅇㅇ,ㅇㅇ (125.128) 2025.05.09 16:12:46 스크랩 조회 827 추천 14 댓글 1,14,827,2025.05.09 16:12:46,https://gall.dcinside.com/mini/board/view/?id=dgh&no=1622&page=12
12,1621,[일반],그냥 남녀공학 자사고면 되는거아니냐,인원부족도 되고 뭐 다되는데 - dc official App,옹팡이 (211.169) 2025.05.09 16:09:49 스크랩 조회 854 추천 6 댓글 4,6,854,2025.05.09 16:09:49,https://gall.dcinside.com/mini/board/view/?id=dgh&no=1621&page=12
12,1620,[일반],일반고,곧 시끄러워질 것 같아서 선빵친다 개추 눌러라 ㅋㅋㅋ,대갤러 (223.62) 2025.05.09 16:05:31 스크랩 조회 728 추천 35 댓글 1,35,728,2025.05.09 16:05:31,https://gall.dcinside.com/mini/board/view/?id=dgh&no=1620&page=12
12,1618,[일반],아빠에게 그만..그만해줘..(영일판),이해하면 고급짐,대갤러 (106.101) 2025.05.07 00:27:42 스크랩 조회 693 추천 7 댓글 1,7,693,2025.05.07 00:27:42,https://gall.dcinside.com/mini/board/view/?id=dgh&no=1618&page=12
12,1615,[일반],스승의날,대광 스승의날때 빨리 끝나나요? 다른학교는 중학교 가라고 빨리 끝내주던데,대갤러 (221.143) 2025.05.06 10:36:10 스크랩 조회 591 추천 0 댓글 4,0,591,2025.05.06 10:36:10,https://gall.dcinside.com/mini/board/view/?id=dgh&no=1615&page=12
12,1614,[2학년],국어 32번,그냥 넘어가는 분위긴가?,대갤러 (106.245) 2025.05.04 14:05:23 스크랩 조회 803 추천 2 댓글 11,2,803,2025.05.04 14:05:23,https://gall.dcinside.com/mini/board/view/?id=dgh&no=1614&page=12
12,1613,[정보],순대 초장에 찍어 먹는 사람이랑 겸상하기가 싫음,개인적으로 순대는 새우젖이 맞다 생각함,ㅇㅇ (211.224) 2025.05.01 23:03:31 스크랩 조회 600 추천 19 댓글 1,19,600,2025.05.01 23:03:31,https://gall.dcinside.com/mini/board/view/?id=dgh&no=1613&page=12
12,1612,[2학년],자퇴,진지하게 자퇴 어떻게 생각함?,대갤러 (123.254) 2025.05.01 21:28:46 스크랩 조회 793 추천 4 댓글 8,4,793,2025.05.01 21:28:46,https://gall.dcinside.com/mini/board/view/?id=dgh&no=1612&page=12
12,1610,[건의],순대 초장에 찍어 먹는 사람이랑 겸상하기가 싫음,개인적으로 순대는 새우젖이 맞다 생각함,ㅇㅇ (61.101) 2025.05.01 17:24:32 스크랩 조회 516 추천 18 댓글 1,18,516,2025.05.01 17:24:32,https://gall.dcinside.com/mini/board/view/?id=dgh&no=1610&page=12
12,1608,[2학년],확통 9번,왜 2번임? 3 아님?,대갤러 (220.117) 2025.05.01 13:15:25 스크랩 조회 534 추천 0 댓글 2,0,534,2025.05.01 13:15:25,https://gall.dcinside.com/mini/board/view/?id=dgh&no=1608&page=12
12,1607,[2학년],답지 왜 안 올라옴??,빨리 채점하고 쉬고 싶은데,대갤러 (211.106) 2025.05.01 11:17:57 스크랩 조회 301 추천 2 댓글 0,2,301,2025.05.01 11:17:57,https://gall.dcinside.com/mini/board/view/?id=dgh&no=1607&page=12
12,1606,[일반],시험끝,고생했어 다들,대갤러 (220.65) 2025.05.01 09:58:53 스크랩 조회 410 추천 11 댓글 0,11,410,2025.05.01 09:58:53,https://gall.dcinside.com/mini/board/view/?id=dgh&no=1606&page=12
12,1604,[일반],시험,전체적으로 평균 몇 점씩일까 - dc official App,대갤러 (1.229) 2025.04.30 21:32:47 스크랩 조회 495 추천 0 댓글 2,0,495,2025.04.30 21:32:47,https://gall.dcinside.com/mini/board/view/?id=dgh&no=1604&page=12
12,1603,[일반],.,,대갤러 (211.36) 2025.04.30 15:46:23 스크랩 조회 579 추천 8 댓글 0,8,579,2025.04.30 15:46:23,https://gall.dcinside.com/mini/board/view/?id=dgh&no=1603&page=12
12,1602,[2학년],확통<<<이새끼공부해야함??,ㄹㅇ 시험 다 끝났는데,대갤러 (210.92) 2025.04.30 14:26:27 스크랩 조회 562 추천 2 댓글 3,2,562,2025.04.30 14:26:27,https://gall.dcinside.com/mini/board/view/?id=dgh&no=1602&page=12
12,1601,[일반],한지,아 진짜 수업한 거랑 다르잖아 ㅋㅋㅋ 수업시간에 배운게 대체 어딨냐? - dc official App,대갤러 (118.235) 2025.04.30 14:06:20 스크랩 조회 538 추천 17 댓글 1,17,538,2025.04.30 14:06:20,https://gall.dcinside.com/mini/board/view/?id=dgh&no=1601&page=12
12,1600,[일반],국어,1컷이랑 2컷 어느정도?,대갤러 (211.234) 2025.04.30 13:06:24 스크랩 조회 478 추천 0 댓글 4,0,478,2025.04.30 13:06:24,https://gall.dcinside.com/mini/board/view/?id=dgh&no=1600&page=12
12,1599,[일반],생윤,44445 찐뺑이임? 답지 오류난거 아니냐 ㄹㅇ 말이 안되는데 - dc official App,삼각산정기 2025.04.30 12:48:46 스크랩 조회 456 추천 1 댓글 4,1,456,2025.04.30 12:48:46,https://gall.dcinside.com/mini/board/view/?id=dgh&no=1599&page=12
12,1597,[일반],이번 물리 보고,2학기때 선택과목 바꾸면 개추 ㅋㅋㅋㅋ 일단 나부터,대갤러 (125.128) 2025.04.30 12:02:10 스크랩 조회 469 추천 6 댓글 0,6,469,2025.04.30 12:02:10,https://gall.dcinside.com/mini/board/view/?id=dgh&no=1597&page=12
12,1595,[2학년],이게 정녕 9등급을 나누는 시험이 맞나?,그냥 물리를 잘하는 학생과 그저 그런 학생을 나누고싶었던게 아닐까?,대갤러 (211.36) 2025.04.30 11:36:02 스크랩 조회 746 추천 7 댓글 1,7,746,2025.04.30 11:36:02,https://gall.dcinside.com/mini/board/view/?id=dgh&no=1595&page=12
12,1594,[일반],물리,서술형은 손을 못대는 수준이고 객관식도 ㅈㄴ 찍었는데 진지하게 이거 맞냐 씨발,대갤러 (223.38) 2025.04.30 10:46:19 스크랩 조회 818 추천 19 댓글 7,19,818,2025.04.30 10:46:19,https://gall.dcinside.com/mini/board/view/?id=dgh&no=1594&page=12
12,1593,[2학년],국어 나만 어려웠냐?,시간이 ㅈㄴ 부족하던데 걍 실력부족인가,대갤러 (39.7) 2025.04.30 09:22:46 스크랩 조회 457 추천 4 댓글 4,4,457,2025.04.30 09:22:46,https://gall.dcinside.com/mini/board/view/?id=dgh&no=1593&page=12
12,1592,[일반],남신의주박시봉방전 ㅅㅂ,하 - dc official App,대갤러 (211.234) 2025.04.30 09:18:37 스크랩 조회 306 추천 0 댓글 0,0,306,2025.04.30 09:18:37,https://gall.dcinside.com/mini/board/view/?id=dgh&no=1592&page=12
12,1591,[1학년],1학년 셤 잘 보고 있냐,과목마다 어땠어 ?,대갤러 (211.36) 2025.04.29 21:58:14 스크랩 조회 453 추천 0 댓글 1,0,453,2025.04.29 21:58:14,https://gall.dcinside.com/mini/board/view/?id=dgh&no=1591&page=12
12,1589,[2학년],수학 1컷 얼마?,90점대냐 80점대냐,대갤러 (211.169) 2025.04.29 15:55:14 스크랩 조회 491 추천 0 댓글 4,0,491,2025.04.29 15:55:14,https://gall.dcinside.com/mini/board/view/?id=dgh&no=1589&page=12
12,1587,[2학년],화학 답지 언제 뜨냐?,왜 안 올라옴??,대갤러 (211.106) 2025.04.29 11:35:39 스크랩 조회 315 추천 0 댓글 2,0,315,2025.04.29 11:35:39,https://gall.dcinside.com/mini/board/view/?id=dgh&no=1587&page=12
12,1586,[2학년],영어 등급컷 떴다,1컷 2.9 1개 2컷 2틀 3컷 배점적은 4틀 or 3틀,대갤러 (211.234) 2025.04.28 16:29:44 스크랩 조회 615 추천 1 댓글 7,1,615,2025.04.28 16:29:44,https://gall.dcinside.com/mini/board/view/?id=dgh&no=1586&page=12
12,1585,[일반],영어,영어 컷 어케될거같냐 진짜 - dc official App,대갤러 (118.235) 2025.04.28 12:45:24 스크랩 조회 286 추천 0 댓글 0,0,286,2025.04.28 12:45:24,https://gall.dcinside.com/mini/board/view/?id=dgh&no=1585&page=12
12,1584,[일반],윤사,쉬웠냐 - dc official App,대갤러 (211.234) 2025.04.28 12:33:04 스크랩 조회 250 추천 0 댓글 0,0,250,2025.04.28 12:33:04,https://gall.dcinside.com/mini/board/view/?id=dgh&no=1584&page=12
12,1583,[2학년],이번 영어,2개 틀리면 몇등급 뜨냐 게이들아 일단 ㅈ됨,대갤러 (223.38) 2025.04.28 11:12:34 스크랩 조회 378 추천 0 댓글 1,0,378,2025.04.28 11:12:34,https://gall.dcinside.com/mini/board/view/?id=dgh&no=1583&page=12
12,1582,[일반],영어 벌써 기말이 걱정되면 개추ㅋㅋ,이게맞나,ㅇㅇ (211.36) 2025.04.28 10:02:09 스크랩 조회 436 추천 3 댓글 6,3,436,2025.04.28 10:02:09,https://gall.dcinside.com/mini/board/view/?id=dgh&no=1582&page=12
12,1581,[일반],2년산 로리;;2살인데 털이 벌써 있냐 ㅋㅋㅋ,,대갤러 (106.101) 2025.04.27 21:21:52 스크랩 조회 463 추천 7 댓글 2,7,463,2025.04.27 21:21:52,https://gall.dcinside.com/mini/board/view/?id=dgh&no=1581&page=12
12,1580,[일반],화장실 청소,1층 쓸때마다 특유의 악취 너무 심한데 물로라도 한번씩 청소하고 환기해주시면 안되나..,대갤러 (211.178) 2025.04.27 20:53:16 스크랩 조회 250 추천 3 댓글 0,3,250,2025.04.27 20:53:16,https://gall.dcinside.com/mini/board/view/?id=dgh&no=1580&page=12
12,1578,[일반],X랄 X스 X위 노모버전;;,이번주가 시험이니까 이거 보고 힘내라 다들,대갤러 (106.101) 2025.04.25 18:47:24 스크랩 조회 724 추천 22 댓글 2,22,724,2025.04.25 18:47:24,https://gall.dcinside.com/mini/board/view/?id=dgh&no=1578&page=12
12,1576,[일반],백석예대,?,대갤러 (118.235) 2025.04.25 02:00:49 스크랩 조회 607 추천 8 댓글 2,8,607,2025.04.25 02:00:49,https://gall.dcinside.com/mini/board/view/?id=dgh&no=1576&page=12
12,1572,[일반],수학 선택?,"2학년때 쭉 확통하면 3학년땐 기하, 미적 중에 고르는 거면 한 개는 못 듣는거임? 아님 한학기당 한개씩임?",대갤러 (211.234) 2025.04.23 02:26:35 스크랩 조회 474 추천 0 댓글 2,0,474,2025.04.23 02:26:35,https://gall.dcinside.com/mini/board/view/?id=dgh&no=1572&page=12
12,1571,[일반],이건아니지…,시험 일주일전에 시험범위 추가 이건 아니지……,대갤러 (211.169) 2025.04.22 11:12:11 스크랩 조회 479 추천 4 댓글 1,4,479,2025.04.22 11:12:11,https://gall.dcinside.com/mini/board/view/?id=dgh&no=1571&page=12
12,1570,[일반],문과 3.0 인서울 됨?,여기 3.0실력이면 정시 준비했을 때 3.0보다 더 잘 갈 것 같은데..,대갤러 (14.52) 2025.04.21 23:12:21 스크랩 조회 645 추천 0 댓글 6,0,645,2025.04.21 23:12:21,https://gall.dcinside.com/mini/board/view/?id=dgh&no=1570&page=12
12,1569,[일반],정시,정시할거면 등록금내고 여기 있는거 보단 일반고 가는게 낫지않나,대갤러 (14.40) 2025.04.20 22:32:56 스크랩 조회 491 추천 0 댓글 5,0,491,2025.04.20 22:32:56,https://gall.dcinside.com/mini/board/view/?id=dgh&no=1569&page=12
12,1568,[일반],수학,솔직히 부교제랑 연계 많이 될 거 같음? 작년엔 부교제 없었대서 암것도 모르겠노 - dc official App,대갤러 (118.235) 2025.04.20 13:29:53 스크랩 조회 425 추천 0 댓글 3,0,425,2025.04.20 13:29:53,https://gall.dcinside.com/mini/board/view/?id=dgh&no=1568&page=12
12,1567,[일반],야자,야자실 책상 독서실책상이나 나무 책상으로 좀…,대갤러 (211.234) 2025.04.20 02:01:04 스크랩 조회 352 추천 0 댓글 1,0,352,2025.04.20 02:01:04,https://gall.dcinside.com/mini/board/view/?id=dgh&no=1567&page=12
12,1566,[2학년],이런 시발!!!,"왜 벌써 시험이 한 주 밖에 안 남은거냐 영어,국어<<<----범위가 진짜 말도 안됨",대갤러 (118.235) 2025.04.20 01:57:02 스크랩 조회 673 추천 10 댓글 3,10,673,2025.04.20 01:57:02,https://gall.dcinside.com/mini/board/view/?id=dgh&no=1566&page=12
12,1565,[2학년],수학 어렵겠지?,기출 봐도 50분 안에 풀수있을것 같지가 않다,대갤러 (211.169) 2025.04.18 20:31:00 스크랩 조회 468 추천 5 댓글 1,5,468,2025.04.18 20:31:00,https://gall.dcinside.com/mini/board/view/?id=dgh&no=1565&page=12
12,1564,[일반],나가류,- dc official App,대갤러 (211.234) 2025.04.17 17:40:08 스크랩 조회 361 추천 0 댓글 0,0,361,2025.04.17 17:40:08,https://gall.dcinside.com/mini/board/view/?id=dgh&no=1564&page=12
12,1563,[졸업생],작년 419때 이재명 만났냐 ㅋㅋㅋㅋㅋ,실망이다,ㅇㅇ 2025.04.17 12:53:10 스크랩 조회 768 추천 2 댓글 4,2,768,2025.04.17 12:53:10,https://gall.dcinside.com/mini/board/view/?id=dgh&no=1563&page=12
12,1562,[일반],그래서 오늘 뭐임,그 꼴초 두명은 안걸렸는데 왜 폐쇄인거임 또 먹살은 왜 잡힌거임,대갤러 (106.101) 2025.04.15 22:43:39 스크랩 조회 569 추천 1 댓글 3,1,569,2025.04.15 22:43:39,https://gall.dcinside.com/mini/board/view/?id=dgh&no=1562&page=12
12,1559,[일반],이번 꿈넘꿈,선배님한테 인스타로 세특 질문했는데 다 알려주시네 goat..,대갤러 (147.47) 2025.04.13 11:05:03 스크랩 조회 624 추천 1 댓글 3,1,624,2025.04.13 11:05:03,https://gall.dcinside.com/mini/board/view/?id=dgh&no=1559&page=12
12,1557,[일반],점심새치기,점심 때 안그래도 배고파서 예민한데 더 짜증남 정도껏좀..,ㅇㅇ (175.193) 2025.04.11 03:20:49 스크랩 조회 895 추천 21 댓글 5,21,895,2025.04.11 03:20:49,https://gall.dcinside.com/mini/board/view/?id=dgh&no=1557&page=12
12,1554,[2학년],이동수업,제발 남의 자리 쓰면 지가 쓴 지우개가루나 쓰레기는 좀 치우고 가라 적당히 해야지 진짜,대갤러 (211.234) 2025.04.10 01:28:53 스크랩 조회 602 추천 31 댓글 0,31,602,2025.04.10 01:28:53,https://gall.dcinside.com/mini/board/view/?id=dgh&no=1554&page=12
13,1553,[2학년],솔직히,논란 많았지만 저격글 이후로 수업퀄 좋아진거같으면 개추 ㅋㅋ,대갤러 (124.194) 2025.04.10 01:22:49 스크랩 조회 545 추천 3 댓글 3,3,545,2025.04.10 01:22:49,https://gall.dcinside.com/mini/board/view/?id=dgh&no=1553&page=13
13,1552,[일반],오늘 대광고 뭐냐,급식도 ㅅㅌㅊ 채플도 ㅅㅌㅊ,대갤러 (211.178) 2025.04.09 23:52:12 스크랩 조회 612 추천 1 댓글 0,1,612,2025.04.09 23:52:12,https://gall.dcinside.com/mini/board/view/?id=dgh&no=1552&page=13
13,1551,[일반],백석예대,최고의 대학이라 생각하면 개추 ㅋㅋㅋ - dc official App,대갤러 (118.235) 2025.04.09 18:14:33 스크랩 조회 641 추천 16 댓글 0,16,641,2025.04.09 18:14:33,https://gall.dcinside.com/mini/board/view/?id=dgh&no=1551&page=13
13,1550,[일반],오늘 공연,자켓 입은 포니테일 인스타 ㅈㅂ,대갤러 (211.169) 2025.04.09 14:27:12 스크랩 조회 539 추천 2 댓글 4,2,539,2025.04.09 14:27:12,https://gall.dcinside.com/mini/board/view/?id=dgh&no=1550&page=13
13,1548,[일반],대광고 박X민,이새끼 병신이면 개추 ㅋㅋ,대갤러 (116.40) 2025.04.08 04:27:39 스크랩 조회 961 추천 23 댓글 2,23,961,2025.04.08 04:27:39,https://gall.dcinside.com/mini/board/view/?id=dgh&no=1548&page=13
13,1547,[2학년],1분도 안 걸린다??,존경하는 대광고 후배 선배님들 넓은 아량으로 저희 설문 한 번씩만 해주시길 부탁드리겠습니다. https://forms.gle/zAFnnVDk9nCcfVJ86https://forms.gle/zAFnnVDk9nCcfVJ86 - dc official App,대갤러 (223.38) 2025.04.07 01:42:40 스크랩 조회 552 추천 4 댓글 1,4,552,2025.04.07 01:42:40,https://gall.dcinside.com/mini/board/view/?id=dgh&no=1547&page=13
13,1546,[일반],패드,인강 보거나 pdf 문제들 풀려고 하는데 개인패드 왜 못 쓰게 하는 거임?,대갤러 (211.234) 2025.04.07 00:06:13 스크랩 조회 466 추천 1 댓글 4,1,466,2025.04.07 00:06:13,https://gall.dcinside.com/mini/board/view/?id=dgh&no=1546&page=13
13,1545,[2학년],딱 오늘부터 맘잡고 공부하려는데,영어국어 4등급따기 어려움? 4컷 어느정도임 난이도랑 - dc official App,대갤러 (220.117) 2025.04.06 20:19:04 스크랩 조회 498 추천 0 댓글 3,0,498,2025.04.06 20:19:04,https://gall.dcinside.com/mini/board/view/?id=dgh&no=1545&page=13
13,1543,[일반],대광기출 올라온거 사이트애서 볼수있나요,,대갤러 (220.117) 2025.04.06 11:54:21 스크랩 조회 316 추천 0 댓글 1,0,316,2025.04.06 11:54:21,https://gall.dcinside.com/mini/board/view/?id=dgh&no=1543&page=13
13,1542,[일반],체육대회,없나?,대갤러 (1.229) 2025.04.06 11:02:13 스크랩 조회 329 추천 0 댓글 1,0,329,2025.04.06 11:02:13,https://gall.dcinside.com/mini/board/view/?id=dgh&no=1542&page=13
13,1540,[일반],동아리,동아리는 1학년 때 한번 정해지면 3학년 때까지 가는거야  ? 아님 매년 새로 지원하고 뽑음?,대갤러 (1.216) 2025.04.05 21:21:30 스크랩 조회 377 추천 1 댓글 6,1,377,2025.04.05 21:21:30,https://gall.dcinside.com/mini/board/view/?id=dgh&no=1540&page=13
13,1539,[일반],아이피,아이피 사람마다 다른게 아니라 위치에 따라서 잡히냐? 다른 사람이랑 같을때가 좀 많은거 같은데,대갤러 (180.64) 2025.04.05 08:25:26 스크랩 조회 377 추천 0 댓글 4,0,377,2025.04.05 08:25:26,https://gall.dcinside.com/mini/board/view/?id=dgh&no=1539&page=13
13,1537,[2학년],방학때 기숙,방학때 기숙 왜 가는지 모르겠다 3모 영어 좆망할꺼면 기숙을 왜 가냐,대갤러 (211.169) 2025.04.04 11:36:06 스크랩 조회 532 추천 2 댓글 9,2,532,2025.04.04 11:36:06,https://gall.dcinside.com/mini/board/view/?id=dgh&no=1537&page=13
13,1536,[일반],내일 탄핵 판결,학교 감 다 살았으면 보여줘야 되는거 아니냐 - dc official App,대갤러 (118.235) 2025.04.03 21:42:28 스크랩 조회 605 추천 10 댓글 7,10,605,2025.04.03 21:42:28,https://gall.dcinside.com/mini/board/view/?id=dgh&no=1536&page=13
13,1535,[일반],윤카,탄핵 된다-개추 안된다-비추,대갤러 (106.101) 2025.04.03 20:52:00 스크랩 조회 457 추천 38 댓글 0,38,457,2025.04.03 20:52:00,https://gall.dcinside.com/mini/board/view/?id=dgh&no=1535&page=13
13,1534,[2학년],물리 중간 서술형 45퍼센트,말이안된다,대갤러 (220.117) 2025.04.02 17:55:13 스크랩 조회 550 추천 5 댓글 4,5,550,2025.04.02 17:55:13,https://gall.dcinside.com/mini/board/view/?id=dgh&no=1534&page=13
13,1532,[2학년],영) 시험범위보다 난 수업퀄리티가 의문이다,"이씨 두명중 한명은 그냥 맨날 마더텅 뒤에있는 답지 읽어주고 해설시켜서 수행평가 점수주고 단어만 맨날 쓰게함ㅋㅋㅋ 한명은 엑스트라 리딩 설명하지도,알려주려 하지도않고 발표할애들이 알아서 설명하게시킴ㅋㅋㅋㅋ 시험범위는 찡얼거린다고 달라질게없지만 수업의 질은 떨어지면 안된다 생각",대갤러 (121.130) 2025.03.31 20:55:17 스크랩 조회 1514 추천 54 댓글 12,54,1514,2025.03.31 20:55:17,https://gall.dcinside.com/mini/board/view/?id=dgh&no=1532&page=13
13,1530,[일반],근데 아이돌 딥페,계속 이렇게 써도 되는거냐?? 진짜 궁금해서 그럼ㅇㅇ - dc official App,대갤러 (45.87) 2025.03.29 00:48:43 스크랩 조회 2101 추천 5 댓글 5,5,2101,2025.03.29 00:48:43,https://gall.dcinside.com/mini/board/view/?id=dgh&no=1530&page=13
13,1529,[일반],멘국 저격 게이 박제ㅋㅋㅋ,글 내릴거면 왜 쳐올리노 ㅂㅅ - dc official App,대갤러 (211.234) 2025.03.29 00:36:06 스크랩 조회 840 추천 15 댓글 2,15,840,2025.03.29 00:36:06,https://gall.dcinside.com/mini/board/view/?id=dgh&no=1529&page=13
13,1524,[일반],후문 좀 빨리빨리 쳐 열어라,존나 스트레스 받게 하지말고,대갤러 (211.235) 2025.03.28 15:54:16 스크랩 조회 574 추천 22 댓글 0,22,574,2025.03.28 15:54:16,https://gall.dcinside.com/mini/board/view/?id=dgh&no=1524&page=13
13,1523,[일반],기출,학교 기출은 어디서 다운 받음 ? 찾을 수가 없네,대갤러 (211.36) 2025.03.28 07:35:32 스크랩 조회 444 추천 0 댓글 2,0,444,2025.03.28 07:35:32,https://gall.dcinside.com/mini/board/view/?id=dgh&no=1523&page=13
13,1521,[일반],3모,좆박았으면 ㅋㅋ 뭔 개추야 내신해야지 팬잡아,worry9759 (221.140) 2025.03.26 23:54:33 스크랩 조회 592 추천 22 댓글 0,22,592,2025.03.26 23:54:33,https://gall.dcinside.com/mini/board/view/?id=dgh&no=1521&page=13
13,1520,[일반],크*센 영어 어떰 ?,좀 과하지 않나 ?  영어셤만 보는 것만 아닌데 계속 불러 대고 다녀 본 사람 결과는 어떰 ?? 다른 과목 발란스 맞추려면 다른 곳 가는게 나음 ?,대갤러 (175.119) 2025.03.26 19:58:19 스크랩 조회 592 추천 2 댓글 5,2,592,2025.03.26 19:58:19,https://gall.dcinside.com/mini/board/view/?id=dgh&no=1520&page=13
13,1518,[2학년],하,고2인데 이제 탈광하기 좀 늦었냐,대갤러 (106.101) 2025.03.24 00:42:48 스크랩 조회 603 추천 0 댓글 6,0,603,2025.03.24 00:42:48,https://gall.dcinside.com/mini/board/view/?id=dgh&no=1518&page=13
13,1517,[일반],이쯤에서,사상검증 한번해야지 탄핵반대 개추 탄핵찬성 비추 - dc official App,대갤러 (118.235) 2025.03.21 22:16:02 스크랩 조회 924 추천 57 댓글 5,57,924,2025.03.21 22:16:02,https://gall.dcinside.com/mini/board/view/?id=dgh&no=1517&page=13
13,1516,[3학년],혁명이다 동지들!!,찐따 모두 일어나라 그 분이 당하셨다,대갤러 (106.101) 2025.03.21 12:57:34 스크랩 조회 870 추천 17 댓글 1,17,870,2025.03.21 12:57:34,https://gall.dcinside.com/mini/board/view/?id=dgh&no=1516&page=13
13,1515,[일반],학원 따라 내신 영향 있음?,아무래도 자료 많고 한 학원이 내신 일등급 많고 유리함 ? 아님 어디서는 자기 하기 나름 ?,대갤러 (175.119) 2025.03.21 02:07:38 스크랩 조회 596 추천 0 댓글 2,0,596,2025.03.21 02:07:38,https://gall.dcinside.com/mini/board/view/?id=dgh&no=1515&page=13
13,1511,[일반],급식,걍 계속 이걸로 하면 안되냐 파스타 말이 안되게 맛있던데,대갤러 (122.42) 2025.03.19 19:35:36 스크랩 조회 543 추천 4 댓글 6,4,543,2025.03.19 19:35:36,https://gall.dcinside.com/mini/board/view/?id=dgh&no=1511&page=13
13,1509,[3학년],체육,내가 운동하려고 학교 오는 것도 아닌데 이렇게까지 해야 하나 며칠 동안 근육통 때문에 이동수업 가기도 힘들었음 3학년 체육을 빼거나 선생님이 바뀌거나 했으면 좋겠다 진짜,대갤러 (196.240) 2025.03.18 23:16:07 스크랩 조회 852 추천 30 댓글 4,30,852,2025.03.18 23:16:07,https://gall.dcinside.com/mini/board/view/?id=dgh&no=1509&page=13
13,1507,[일반],VPN 막힘,ㅈㄱㄴ,대갤러 (121.130) 2025.03.18 21:31:01 스크랩 조회 407 추천 0 댓글 1,0,407,2025.03.18 21:31:01,https://gall.dcinside.com/mini/board/view/?id=dgh&no=1507&page=13
13,1505,[일반],밑에 특정한 애 욕하는 글,사라졌네ㅋㅋㅋㅋ 앞담 못하고 뒤에서 깠는데 학폭 갈까봐 무섭노?,대갤러 (14.52) 2025.03.16 19:22:31 스크랩 조회 1009 추천 42 댓글 5,42,1009,2025.03.16 19:22:31,https://gall.dcinside.com/mini/board/view/?id=dgh&no=1505&page=13
13,1503,[일반],우리가 작년에 입결로 배재고 땄다,ㅇㅇㅇ,ㅇㅇ (220.65) 2025.03.15 21:04:44 스크랩 조회 1210 추천 12 댓글 10,12,1210,2025.03.15 21:04:44,https://gall.dcinside.com/mini/board/view/?id=dgh&no=1503&page=13
13,1501,[3학년],영어 중간고사 이게 맞냐,수특 한권은 에바 아님? ㅋㅋ 한숨 밖에 안 나오네,대갤러 (1.231) 2025.03.15 12:49:48 스크랩 조회 898 추천 8 댓글 7,8,898,2025.03.15 12:49:48,https://gall.dcinside.com/mini/board/view/?id=dgh&no=1501&page=13
13,1498,[일반],특성화프로그램 언제함 ??,특성화프로그램 방과후에 하면 학원시간 조절해야 함 ?? 보통 몇 개정도 함 ??,대갤러 (117.111) 2025.03.12 21:40:46 스크랩 조회 391 추천 0 댓글 1,0,391,2025.03.12 21:40:46,https://gall.dcinside.com/mini/board/view/?id=dgh&no=1498&page=13
13,1497,[일반],지금 1학년 동아리,경쟁률 어디가 젤 빡셈?,대갤러 (106.245) 2025.03.12 17:55:17 스크랩 조회 535 추천 0 댓글 2,0,535,2025.03.12 17:55:17,https://gall.dcinside.com/mini/board/view/?id=dgh&no=1497&page=13
13,1496,[일반],BEM 면접,BEM면접질문 뭐나오나요,대갤러 (106.101) 2025.03.12 16:08:50 스크랩 조회 405 추천 0 댓글 1,0,405,2025.03.12 16:08:50,https://gall.dcinside.com/mini/board/view/?id=dgh&no=1496&page=13
13,1494,[1학년],Bem 면접,Bem 면접 어떤가요?? 많이빡센가요.. 확신문과라 bem지원랬는데 면접 떨어질까봐걱정입니다,대갤러 (38.91) 2025.03.11 23:44:11 스크랩 조회 435 추천 1 댓글 1,1,435,2025.03.11 23:44:11,https://gall.dcinside.com/mini/board/view/?id=dgh&no=1494&page=13
13,1492,[1학년],Mfm은 대충 무슨 활동함?,면접 빡센가?,대갤러 (222.109) 2025.03.10 22:56:31 스크랩 조회 610 추천 0 댓글 8,0,610,2025.03.10 22:56:31,https://gall.dcinside.com/mini/board/view/?id=dgh&no=1492&page=13
13,1491,[1학년],컴퓨터 동아리 뭐 괜찮은거 있음?,그리고 두 개던데 둘 중엔 뭐가 더 괜찮음?,대갤러 (222.109) 2025.03.10 17:28:26 스크랩 조회 470 추천 0 댓글 9,0,470,2025.03.10 17:28:26,https://gall.dcinside.com/mini/board/view/?id=dgh&no=1491&page=13
13,1490,[일반],국어 공부 어떻게 함??,외부지문 많이 나와 ??  수업 잘 듣고 자습서 문제집 풀면 부족하나?,대갤러 (106.102) 2025.03.09 17:04:13 스크랩 조회 576 추천 0 댓글 4,0,576,2025.03.09 17:04:13,https://gall.dcinside.com/mini/board/view/?id=dgh&no=1490&page=13
13,1489,[일반],대광,그뭐냐 기독교 관련 행사있음? 무조건 해야함? 우리 집안 기독교여서 내가 기독교 혐오 좀 있는데 참을만함? 아니면 심함? 대광 갈 생각인데 조금 걸리네,대갤러 (118.216) 2025.03.09 02:07:47 스크랩 조회 760 추천 3 댓글 19,3,760,2025.03.09 02:07:47,https://gall.dcinside.com/mini/board/view/?id=dgh&no=1489&page=13
13,1488,[일반],졸업사진,졸업사진 컨셉 추천 좀 해주세요 - dc official App,대갤러 (110.11) 2025.03.09 01:08:54 스크랩 조회 532 추천 0 댓글 3,0,532,2025.03.09 01:08:54,https://gall.dcinside.com/mini/board/view/?id=dgh&no=1488&page=13
13,1487,[2학년],영어범위 ㅈㄴ많네 ㅅㅂ,하 이똥년,대갤러 (211.178) 2025.03.08 21:41:22 스크랩 조회 525 추천 3 댓글 3,3,525,2025.03.08 21:41:22,https://gall.dcinside.com/mini/board/view/?id=dgh&no=1487&page=13
13,1486,[1학년],특성화 프로그램,특성화 프로그램도 모두 신청해야해 ??  신청할 것 많은데 이것도 하면 좋은거야 ? 아님 꼭 해야 하는거야 ?? 이과 예정인데 뭐가 괜찮아 ?,대갤러 (175.119) 2025.03.07 20:38:45 스크랩 조회 585 추천 1 댓글 12,1,585,2025.03.07 20:38:45,https://gall.dcinside.com/mini/board/view/?id=dgh&no=1486&page=13
13,1484,[일반],인강은 왜 막아놓음?,대성 인강 학교에서 안틀어지는데 나만 이러는거임? 자습주길래 인강듣겠다는데 ㅈ같네,굳센몸 (120.142) 2025.03.07 00:37:50 스크랩 조회 488 추천 1 댓글 1,1,488,2025.03.07 00:37:50,https://gall.dcinside.com/mini/board/view/?id=dgh&no=1484&page=13
13,1483,[일반],ㄴㅇ쌤 근황,메가스터디 들어가심,대갤러 (83.171) 2025.03.07 00:05:01 스크랩 조회 1392 추천 26 댓글 2,26,1392,2025.03.07 00:05:01,https://gall.dcinside.com/mini/board/view/?id=dgh&no=1483&page=13
13,1481,[일반],야자 신청 많이 해?,분위가는 어때 ?? 열공 분위기 아니면 집에 가려고 ㅎㅎ,대갤러 (175.119) 2025.03.06 20:24:02 스크랩 조회 430 추천 0 댓글 5,0,430,2025.03.06 20:24:02,https://gall.dcinside.com/mini/board/view/?id=dgh&no=1481&page=13
13,1480,[일반],작년 2학년 선배님들,교과서 책상서랍엔 국영수 넣고 사물함엔 부교재나 사탐과탐 교과서 넣으셨나요 어떤식으로 해야 가장 효율적 입니까 - dc official App,대갤러 (220.117) 2025.03.05 21:51:00 스크랩 조회 612 추천 1 댓글 4,1,612,2025.03.05 21:51:00,https://gall.dcinside.com/mini/board/view/?id=dgh&no=1480&page=13
13,1479,[일반],1학년,아니 1학년 이새끼들은 수학여행도 안가고 합창대회도 안하고 8교시 수업도 없어졌는데 대체 학교 왜 지원했냐 ㅋㅋ - dc official App,대갤러 (118.235) 2025.03.05 17:23:23 스크랩 조회 519 추천 3 댓글 7,3,519,2025.03.05 17:23:23,https://gall.dcinside.com/mini/board/view/?id=dgh&no=1479&page=13
13,1477,[일반],대광고 입결(최종),- dc official App,삼각산정기 2025.03.04 22:20:20 스크랩 조회 1332 추천 6 댓글 6,6,1332,2025.03.04 22:20:20,https://gall.dcinside.com/mini/board/view/?id=dgh&no=1477&page=13
14,1475,[2학년],2025 대평,"모든시간 패드 사용불가 8교시자습만 가능 8교시 자습 무조건 다 해야함,반에서함 교장 시발아",대갤러 (211.178) 2025.03.04 13:43:31 스크랩 조회 693 추천 8 댓글 2,8,693,2025.03.04 13:43:31,https://gall.dcinside.com/mini/board/view/?id=dgh&no=1475&page=14
14,1474,[졸업생],이 분 우리 학교 쌤 맞으시지?,인터넷에 돌아다니시던데,ㅇㅇ (211.106) 2025.03.04 13:36:16 스크랩 조회 938 추천 0 댓글 1,0,938,2025.03.04 13:36:16,https://gall.dcinside.com/mini/board/view/?id=dgh&no=1474&page=14
14,1473,[2학년],교과서 다 사라졌으면 개추ㅋㅋ,사물함에 넣어놨다가 분리수거 당해버림 ㅅㅂ,대갤러 (118.235) 2025.03.04 12:54:23 스크랩 조회 414 추천 5 댓글 2,5,414,2025.03.04 12:54:23,https://gall.dcinside.com/mini/board/view/?id=dgh&no=1473&page=14
14,1471,[일반],삼각산정기,얘 디시에 사는거아니냐 어떻게 보면 항상 있냐 대단하다 그냥,대갤러 (211.36) 2025.03.02 20:35:16 스크랩 조회 563 추천 7 댓글 2,7,563,2025.03.02 20:35:16,https://gall.dcinside.com/mini/board/view/?id=dgh&no=1471&page=14
14,1470,[일반],2학년 들어오는 쌤들,ㅅㅌㅊ같은데 어케생각함?,대갤러 (118.235) 2025.03.02 14:32:53 스크랩 조회 576 추천 2 댓글 2,2,576,2025.03.02 14:32:53,https://gall.dcinside.com/mini/board/view/?id=dgh&no=1470&page=14
14,1469,[일반],민심테스트,대 윤 카,겁없는투수노운현 2025.03.02 11:25:16 스크랩 조회 912 추천 29 댓글 8,29,912,2025.03.02 11:25:16,https://gall.dcinside.com/mini/board/view/?id=dgh&no=1469&page=14
14,1468,[일반],누가 더 유명함,즐라탄 마고로비 - dc official App,디바 (59.28) 2025.03.01 22:49:56 스크랩 조회 542 추천 1 댓글 1,1,542,2025.03.01 22:49:56,https://gall.dcinside.com/mini/board/view/?id=dgh&no=1468&page=14
14,1467,[일반],뒷북이긴 한데,밑에 발췌독 글 직접적인 ㅇㅅㅇ 언급은 없던데 댓글들은 왜 ㅇㅅㅇ 얘기임? ㅇㅅㅇ 수업때 뭔 일 있었음??,대갤러 (14.52) 2025.02.28 21:26:39 스크랩 조회 699 추천 1 댓글 8,1,699,2025.02.28 21:26:39,https://gall.dcinside.com/mini/board/view/?id=dgh&no=1467&page=14
14,1466,[일반],금요일7교시,시간표 보니깐 금요일 7교시 생긴거 같던데 누구 아이디어로 만든거냐 - dc official App,대갤러 (118.33) 2025.02.28 15:28:21 스크랩 조회 327 추천 1 댓글 1,1,327,2025.02.28 15:28:21,https://gall.dcinside.com/mini/board/view/?id=dgh&no=1466&page=14
14,1464,[일반],그거 앎 진짜 팩트,이거 쓴애 내가 아는앤데 그냥 멘토스 ㅈㄴ 빠는 컨셉충 친군데 한개 올렸다가 선생님이 욕먹는다고 힘들어하고 있음 쓸데없는 억측은 그만해달라고 함 ㅇㅇ,대갤러 (106.245) 2025.02.28 10:10:45 스크랩 조회 455 추천 3 댓글 5,3,455,2025.02.28 10:10:45,https://gall.dcinside.com/mini/board/view/?id=dgh&no=1464&page=14
14,1461,[일반],밑에 ㅁㅌㅅ 알바 '님들 그거 앎?' 글 존나 추하네,ㅁㅌㅅ 알바 느낌 내서 애들이 알바써서 선동하지 말라고 댓글다니깐 댓글 지우네 글쓴이가 댓글 지울수있는거 덕분에 배워간다 추천수 아무리 조작해봐라 더더욱 ㅈ같은거 애들이 알아서 비추누른다 ㅋㅋㅋㅋㅋㅋㅋ,대갤러 (5.104) 2025.02.27 14:02:52 스크랩 조회 826 추천 37 댓글 3,37,826,2025.02.27 14:02:52,https://gall.dcinside.com/mini/board/view/?id=dgh&no=1461&page=14
14,1459,[일반],8교시랑 금7교시 정리 좀,월화수목 8교시는 작년처럼 신청인거? 금7교시는 교과수업? - dc official App,대갤러 (220.117) 2025.02.27 00:34:35 스크랩 조회 388 추천 0 댓글 1,0,388,2025.02.27 00:34:35,https://gall.dcinside.com/mini/board/view/?id=dgh&no=1459&page=14
14,1458,[일반],금요일 7교시 개씨발,4일 8교시도 좆같은데 씨발ㅋㅋㅋ - dc official App,대갤러 (106.245) 2025.02.26 15:09:27 스크랩 조회 381 추천 5 댓글 1,5,381,2025.02.26 15:09:27,https://gall.dcinside.com/mini/board/view/?id=dgh&no=1458&page=14
14,1457,[졸업생],여러분들은 그러신 적 있나요?,저는 선생님들한테 관심받기 위해 수업 시간에 자는 척이나 몰폰하는 척 해 봄 ㅋㅋㅋ - dc official App,Chloron 2025.02.26 08:57:18 스크랩 조회 501 추천 0 댓글 3,0,501,2025.02.26 08:57:18,https://gall.dcinside.com/mini/board/view/?id=dgh&no=1457&page=14
14,1456,[일반],예전에 누가 여기에 학원 정리 해놨던데,그거보는게 여기서 학원 물어보는 거 보다 나음ㅇㅇ - dc official App,대갤러 (220.73) 2025.02.26 01:07:46 스크랩 조회 583 추천 6 댓글 2,6,583,2025.02.26 01:07:46,https://gall.dcinside.com/mini/board/view/?id=dgh&no=1456&page=14
14,1455,[일반],물리 개 씨발,기출 ㅈㄴ 어려운데 누가 쉽다했냐 아이씨 ㅈㄴ 화나네,대갤러 (106.245) 2025.02.25 20:56:46 스크랩 조회 460 추천 0 댓글 1,0,460,2025.02.25 20:56:46,https://gall.dcinside.com/mini/board/view/?id=dgh&no=1455&page=14
14,1454,[일반],과학 다닐거면 어디가좋노?,특강듣고와서 어디가 좋은자 모르겟는데 물화지임,대갤러 (220.117) 2025.02.25 11:41:35 스크랩 조회 507 추천 0 댓글 5,0,507,2025.02.25 11:41:35,https://gall.dcinside.com/mini/board/view/?id=dgh&no=1454&page=14
14,1453,[일반],영어다닐거면 어디가 좋냐,일단 멘토스 생각중인데,대갤러 (106.245) 2025.02.25 10:42:35 스크랩 조회 585 추천 2 댓글 11,2,585,2025.02.25 10:42:35,https://gall.dcinside.com/mini/board/view/?id=dgh&no=1453&page=14
14,1452,[일반],친구랑 5만원 걸고 내기함,누가 더 유명함 펠레 비틀즈 - dc official App,디바 (59.28) 2025.02.23 19:31:25 스크랩 조회 540 추천 0 댓글 4,0,540,2025.02.23 19:31:25,https://gall.dcinside.com/mini/board/view/?id=dgh&no=1452&page=14
14,1451,[일반],08인데 고2때도 8교시함?,의무야 아니면 선택사항이야,대갤러 (220.117) 2025.02.23 16:41:26 스크랩 조회 406 추천 0 댓글 4,0,406,2025.02.23 16:41:26,https://gall.dcinside.com/mini/board/view/?id=dgh&no=1451&page=14
14,1450,[일반],2학년 수학,부교재 있음?,대갤러 (183.96) 2025.02.23 13:38:31 스크랩 조회 335 추천 1 댓글 1,1,335,2025.02.23 13:38:31,https://gall.dcinside.com/mini/board/view/?id=dgh&no=1450&page=14
14,1449,[일반],다시는 파란국어를 무시하지마라,역대 국어 선생 G.O.A.T 대 상 지 와 함께라면 두려울 것이 없다… - dc official App,대갤러 (221.146) 2025.02.23 01:38:52 스크랩 조회 801 추천 41 댓글 2,41,801,2025.02.23 01:38:52,https://gall.dcinside.com/mini/board/view/?id=dgh&no=1449&page=14
14,1448,[일반],임시학교때,아무도 말을 안걸어줘요...복학생 늙다리라 그런가 - dc official App,대갤러 (175.114) 2025.02.22 23:52:19 스크랩 조회 515 추천 0 댓글 9,0,515,2025.02.22 23:52:19,https://gall.dcinside.com/mini/board/view/?id=dgh&no=1448&page=14
14,1446,[2학년],시발 금요일도 이제 7교시임ㅋㅋㅋ,하,대갤러 (211.178) 2025.02.22 13:39:01 스크랩 조회 383 추천 0 댓글 2,0,383,2025.02.22 13:39:01,https://gall.dcinside.com/mini/board/view/?id=dgh&no=1446&page=14
14,1442,[일반],이건 뭐냐,개학식날부터 교과수업한다는건 뭐냐,대갤러 (39.7) 2025.02.21 21:23:55 스크랩 조회 282 추천 4 댓글 1,4,282,2025.02.21 21:23:55,https://gall.dcinside.com/mini/board/view/?id=dgh&no=1442&page=14
14,1441,[일반],올해 금요일도 8교시하냐?,아니겠지? - dc official App,대갤러 (220.73) 2025.02.21 14:38:57 스크랩 조회 214 추천 0 댓글 0,0,214,2025.02.21 14:38:57,https://gall.dcinside.com/mini/board/view/?id=dgh&no=1441&page=14
14,1440,[일반],1학년들아,입학하면 학교근처에 아담사우나 꼭 가보길 - dc official App,대갤러 (211.234) 2025.02.20 17:21:21 스크랩 조회 877 추천 23 댓글 1,23,877,2025.02.20 17:21:21,https://gall.dcinside.com/mini/board/view/?id=dgh&no=1440&page=14
14,1438,[일반],고2 내신,고2 내신 국영수물화생지 난이도 어떻게 됨?,대갤러 (1.229) 2025.02.18 15:14:38 스크랩 조회 457 추천 0 댓글 2,0,457,2025.02.18 15:14:38,https://gall.dcinside.com/mini/board/view/?id=dgh&no=1438&page=14
14,1437,[일반],이번 입결 어느정도임?,중앙고 따냐? - dc official App,대갤러 (221.146) 2025.02.18 14:11:52 스크랩 조회 625 추천 0 댓글 3,0,625,2025.02.18 14:11:52,https://gall.dcinside.com/mini/board/view/?id=dgh&no=1437&page=14
14,1436,[일반],큰빛반 뭐로 뽑아 ??,국영수 라고 하다 영수라고 하다 뭐가 기준임 ? 반배치고사야 ? 아님 3모 ??   물어 보는 사람마다 다 다르노 ㅠㅠ,대갤러 (175.119) 2025.02.18 12:07:08 스크랩 조회 608 추천 0 댓글 10,0,608,2025.02.18 12:07:08,https://gall.dcinside.com/mini/board/view/?id=dgh&no=1436&page=14
14,1435,[일반],형들 과목별 학원 추천 좀,국영수과 학원 다 다녀야 하지 어디 많이 다녀 ??  통사 한국사는 혼공 가능 ??,대갤러 (175.119) 2025.02.17 15:59:05 스크랩 조회 934 추천 12 댓글 19,12,934,2025.02.17 15:59:05,https://gall.dcinside.com/mini/board/view/?id=dgh&no=1435&page=14
14,1434,[일반],고2 화학1,담당쌤은 누구노 부교재는 수특쓰노?,대갤러 (59.6) 2025.02.17 15:28:07 스크랩 조회 410 추천 0 댓글 4,0,410,2025.02.17 15:28:07,https://gall.dcinside.com/mini/board/view/?id=dgh&no=1434&page=14
14,1431,[정보],님들 그거 앎?,"24년도 1학년 2학기 종합기준 통과 1,2,3등이 전부 멘토스과학 다님ㄷㄷ 수학 1등급도 2명 배출 무려 1등도 있음 그리고 개쩌는게 2등급 1등도 1학기 2학기 연속 배출 진짜 잘한다 생각하면 멘토스 와라",ㅇㅇ (118.235) 2025.02.17 02:11:55 스크랩 조회 1415 추천 120 댓글 13,120,1415,2025.02.17 02:11:55,https://gall.dcinside.com/mini/board/view/?id=dgh&no=1431&page=14
14,1427,[일반],동아리,2학년 땐 동아리 바꾸고 싶은데 어떻게 바꿈?사랩이나 스템셀?가고싶은데,대갤러 (211.234) 2025.02.17 01:12:18 스크랩 조회 329 추천 0 댓글 1,0,329,2025.02.17 01:12:18,https://gall.dcinside.com/mini/board/view/?id=dgh&no=1427&page=14
14,1425,[일반],동아리,"나 일학년 확신에 문돌이임 그래서 진로도 법,정치쪽임 라면 동아리 어디들어가면 뭐좀 얻어갈수 있냐?",대갤러 (221.146) 2025.02.13 00:33:14 스크랩 조회 553 추천 0 댓글 5,0,553,2025.02.13 00:33:14,https://gall.dcinside.com/mini/board/view/?id=dgh&no=1425&page=14
14,1424,[1학년],동아리 추천 좀,메디컬 희망이면 (어디까지나 희망 ) 스템셀이랑 사이언스 랩 어떤게 좋아요 ? 이거 들어갈 때 셤도 보나요 ?? 다른 동아리도 괜찮은 거 있음 추천 좀 해주세요,대갤러 (106.102) 2025.02.12 19:30:18 스크랩 조회 743 추천 0 댓글 12,0,743,2025.02.12 19:30:18,https://gall.dcinside.com/mini/board/view/?id=dgh&no=1424&page=14
14,1422,[일반],발췌독,ㅋㅋㅋㅋㅋㅋㅋㅋㅋㅋㅋㅋㅋㅋㅋㅋㅋㅋㅋ,대갤러 (5.104) 2025.02.11 14:59:28 스크랩 조회 1262 추천 29 댓글 16,29,1262,2025.02.11 14:59:28,https://gall.dcinside.com/mini/board/view/?id=dgh&no=1422&page=14
14,1421,[1학년],1학년들아,디시글보고 벌써부터 ㅈ됐다는 생각이 들면 ㄹㅇ 도망가라 2학년들도 전학많이가고있고 면접도 안봐서 꼴통들 많이들어올거다 자사고라고 생각하고왔는데 실망할수도있음 안가놓고 학기내내 좆같다고 찡찡거리지마셈 친구들한테 자사고인데 경쟁률이 왜 0.5냐는 소리듣지? 0.5인덴 다 이유가 있음ㅋㅋㅋㅋ 난 애들 개좆바를거같다고 생각하면 와라 기독교 ㅈ같고 공부못하면 걍 일반고나 가라 응원한다,대갤러 (211.178) 2025.02.11 10:23:25 스크랩 조회 827 추천 9 댓글 3,9,827,2025.02.11 10:23:25,https://gall.dcinside.com/mini/board/view/?id=dgh&no=1421&page=14
14,1420,[일반],내일이면 탈광이노,좋은 친구들 얻엇지만 좆같은 선생들 때문에 고생한 나 자신 수고많앗노 ㅇㅇ,대갤러 (211.234) 2025.02.09 23:44:54 스크랩 조회 777 추천 12 댓글 3,12,777,2025.02.09 23:44:54,https://gall.dcinside.com/mini/board/view/?id=dgh&no=1420&page=14
14,1419,[일반],오늘자 대광고 졸업예배 레전드 떴냐?,하다하다 디시글을 퍼오네 ㅋㅋ,대갤러 (223.38) 2025.02.07 14:12:35 스크랩 조회 1151 추천 14 댓글 6,14,1151,2025.02.07 14:12:35,https://gall.dcinside.com/mini/board/view/?id=dgh&no=1419&page=14
14,1417,[일반],물리1 생기부,좆같으면 개추,대갤러 (220.65) 2025.02.05 00:21:17 스크랩 조회 560 추천 7 댓글 0,7,560,2025.02.05 00:21:17,https://gall.dcinside.com/mini/board/view/?id=dgh&no=1417&page=14
14,1415,[일반],급식,급식실 공사 중이라 업체 부른것 같은데 메뉴도 별거 없으면서 원래 급식보다 훨씬 ㅅㅌㅊ ㅋㅋ 짭조리하니 야무지노 - dc official App,삼각산정기 2025.02.04 07:15:14 스크랩 조회 559 추천 11 댓글 2,11,559,2025.02.04 07:15:14,https://gall.dcinside.com/mini/board/view/?id=dgh&no=1415&page=14
14,1413,[일반],단축수업때 뭐함?,생기부 최종 확인한다는건 들었는데 학기말처럼 자습이나 영화 보여주시나?,대갤러 (118.235) 2025.01.31 22:34:25 스크랩 조회 478 추천 0 댓글 2,0,478,2025.01.31 22:34:25,https://gall.dcinside.com/mini/board/view/?id=dgh&no=1413&page=14
14,1412,[일반],대광고 2025 입시 주요 대학 최종 입결 (업뎃예정),의대 수시 4명 (졸1) 정시 2명 (졸2) 한의대 수시 1명 정시 1명 (졸1) 약대 수시 3명 (졸2) 정시 2명 (졸1) 수의대 수시 1명 서울대 수시 1명 정시 미발표 고려대 수시 6명 (졸2) 정시 8명 (졸3) 연세대 수시 1명 정시 2명 (졸2) 중복합격 포함. 계속 업뎃 예정.,대갤러 (221.143) 2025.01.31 22:27:46 스크랩 조회 2293 추천 12 댓글 13,12,2293,2025.01.31 22:27:46,https://gall.dcinside.com/mini/board/view/?id=dgh&no=1412&page=14
14,1411,[1학년],수학,1학년 수학 중간 기말 다 서술형 있음 ?? 많이 깍이노 ??,대갤러 (222.106) 2025.01.31 19:02:17 스크랩 조회 529 추천 1 댓글 1,1,529,2025.01.31 19:02:17,https://gall.dcinside.com/mini/board/view/?id=dgh&no=1411&page=14
14,1410,[일반],단축수업,섹1스 - dc official App,대갤러 (220.73) 2025.01.31 12:20:52 스크랩 조회 372 추천 2 댓글 1,2,372,2025.01.31 12:20:52,https://gall.dcinside.com/mini/board/view/?id=dgh&no=1410&page=14
14,1409,[일반],전교회장,나 전교회장 나갈려고 하는데 공약 추천 좀 또 영상어떻게 만들지 추천해주면 좋겠다 대붕이들아!!!,대갤러 (221.146) 2025.01.31 03:20:50 스크랩 조회 575 추천 0 댓글 6,0,575,2025.01.31 03:20:50,https://gall.dcinside.com/mini/board/view/?id=dgh&no=1409&page=14
14,1408,[일반],교복,교복조끼 115 중고로 팔사람,대갤러 (223.39) 2025.01.27 22:57:40 스크랩 조회 331 추천 0 댓글 0,0,331,2025.01.27 22:57:40,https://gall.dcinside.com/mini/board/view/?id=dgh&no=1408&page=14
14,1407,[일반],대붕이들은 어디 지지하냐?,아직도 윤석열이 탄핵되는게 맞다고 보냐 - dc official App,대갤러 (118.235) 2025.01.26 20:40:34 스크랩 조회 581 추천 4 댓글 9,4,581,2025.01.26 20:40:34,https://gall.dcinside.com/mini/board/view/?id=dgh&no=1407&page=14
14,1406,[일반],대광 실적 올림,ㅅㄱ,대갤러 (211.234) 2025.01.25 17:31:00 스크랩 조회 1165 추천 21 댓글 10,21,1165,2025.01.25 17:31:00,https://gall.dcinside.com/mini/board/view/?id=dgh&no=1406&page=14
15,1405,[3학년],나 대학간다ㅅㅅㅅㅅ,ㅅㅅㅅㅅㅅ 정시 합격 성공,대갤러 (211.234) 2025.01.25 11:54:52 스크랩 조회 1201 추천 24 댓글 7,24,1201,2025.01.25 11:54:52,https://gall.dcinside.com/mini/board/view/?id=dgh&no=1405&page=15
15,1404,[일반],대광 교복규정 어케되나요,와이셔츠까지 입어야하는지 걍 야구잠바만 입어도되는지 사복입어도되는지 그런거,ㅇㅇ (211.234) 2025.01.25 08:02:39 스크랩 조회 489 추천 0 댓글 7,0,489,2025.01.25 08:02:39,https://gall.dcinside.com/mini/board/view/?id=dgh&no=1404&page=15
15,1403,[일반],나랑 비슷한사람 있음?,공부스트레스로 밤에 잘때 오줌싸서 기저귀차고잔다,대갤러 (211.234) 2025.01.23 23:05:18 스크랩 조회 440 추천 1 댓글 6,1,440,2025.01.23 23:05:18,https://gall.dcinside.com/mini/board/view/?id=dgh&no=1403&page=15
15,1401,[일반],2학년때부턴 7교시 없지?,제발,대갤러 (122.46) 2025.01.21 14:46:31 스크랩 조회 541 추천 0 댓글 8,0,541,2025.01.21 14:46:31,https://gall.dcinside.com/mini/board/view/?id=dgh&no=1401&page=15
15,1400,[일반],(소신발언) 입결,"입결, 대광이 대박 나 서울대 30명, 연고대 70명 들어가더라도 내가 천안권 예비 50번 받으면 아무 의미 없음.",대갤러 (119.69) 2025.01.19 22:52:34 스크랩 조회 821 추천 4 댓글 1,4,821,2025.01.19 22:52:34,https://gall.dcinside.com/mini/board/view/?id=dgh&no=1400&page=15
15,1398,[일반],대광 최종 입결 야케 됏나여,궁금합니다,대갤러 (122.46) 2025.01.18 16:44:57 스크랩 조회 659 추천 0 댓글 4,0,659,2025.01.18 16:44:57,https://gall.dcinside.com/mini/board/view/?id=dgh&no=1398&page=15
15,1397,[일반],5등급제 1등급,고대 ㄱㄴ인가요?,대갤러 (59.10) 2025.01.17 13:34:22 스크랩 조회 800 추천 0 댓글 4,0,800,2025.01.17 13:34:22,https://gall.dcinside.com/mini/board/view/?id=dgh&no=1397&page=15
15,1396,[1학년],2학년 선배님들,2월달 생기부 정정기간 때 usb로 정정할 내용 기록해서 쌤들한테 보여드리면 바꿔주시나요? - dc official App,대갤러 (211.234) 2025.01.16 22:09:01 스크랩 조회 505 추천 1 댓글 2,1,505,2025.01.16 22:09:01,https://gall.dcinside.com/mini/board/view/?id=dgh&no=1396&page=15
15,1395,[일반],2학년 수학은 난이도 어떰?,수학학원은 어디가 베스트임?,대갤러 (118.235) 2025.01.16 18:17:30 스크랩 조회 511 추천 0 댓글 6,0,511,2025.01.16 18:17:30,https://gall.dcinside.com/mini/board/view/?id=dgh&no=1395&page=15
15,1394,[일반],교복 어떻게 맞출까,생활복도 있고 기모 바지 있고 야구점퍼까지 복잡하던데  뭘 젤 잘 입을까 궁금 보통 어떻게 맞춤 ??,대갤러 (175.119) 2025.01.16 13:31:34 스크랩 조회 441 추천 0 댓글 6,0,441,2025.01.16 13:31:34,https://gall.dcinside.com/mini/board/view/?id=dgh&no=1394&page=15
15,1393,[2학년],생명1 1학기 시험범위 어디까지 나가나요,궁금합니다 선배님들,대갤러 (220.117) 2025.01.15 19:04:38 스크랩 조회 334 추천 0 댓글 2,0,334,2025.01.15 19:04:38,https://gall.dcinside.com/mini/board/view/?id=dgh&no=1393&page=15
15,1392,[3학년],물화생지 딱 정리해준다,"물리 : 재작년까지는 ㅈㄴ어려웠는데 올해 2학기 기준으로 중간기말 다 100점에 수행도 만점이어야 1이 뜨는 다른 뜻으로 개빡셌음. 화학 : 시험 자체는 무난하거나 조금 어려운데 몇몇 문제 개념 복수정답으로 조짐. 생명 : 그냥 말이안됨. 들리는 말로는 객관식 17~18문제 중에서 절반이 복수정답 문제였고, 개념에 매우매우 충실해야지 문제를 풀 수 있음 지구 : 수특, 수완이 부교재이자 주교재임 물화생지 과목 중에서 선생님 수업을 가장 열심히 들어야 시험을 잘 볼 수 있음. 시험 문제는 다 수특이나 수완 변형이거든. 의문사 많이 당함",대갤러 (223.38) 2025.01.14 23:33:05 스크랩 조회 1708 추천 4 댓글 3,4,1708,2025.01.14 23:33:05,https://gall.dcinside.com/mini/board/view/?id=dgh&no=1392&page=15
15,1391,[일반],물화생지 원과목 내신 어떻나요?,통과마냥 1컷 90후반 이렇진 않겠죠 선배님들?,대갤러 (211.106) 2025.01.13 04:40:42 스크랩 조회 533 추천 0 댓글 12,0,533,2025.01.13 04:40:42,https://gall.dcinside.com/mini/board/view/?id=dgh&no=1391&page=15
15,1390,[일반],방과후,째면 출결 미인정임?,대갤러 (211.178) 2025.01.12 04:42:36 스크랩 조회 367 추천 0 댓글 5,0,367,2025.01.12 04:42:36,https://gall.dcinside.com/mini/board/view/?id=dgh&no=1390&page=15
15,1387,[일반],대통령과 교장의 평행이론,"대통령 -의대증원이 필수라며 2000명 증원을 무작정 밀어붙임 -증원 확정되자 의대생들 다같이 휴학 때리고 의대 분위기 ㅆ창남 -의대 빼고 나머지 과(특히 이공계)는 너도나도 의대간다고 휴학, 자퇴하는바람에 SKY고 뭐고 다 ㅆ창남 ->의대와 이공계 양쪽 다 ㅆ창남 ㅈㅅㅁ -싸랩 직접 증원시킴(몇명 증원했는지는 나는 모름. 아는사람 댓글좀) -소수정예 느낌으로 돌아가던 싸랩이 갑자기 대규모 동아리가 됨 -갑자기 늘어난 인원수 때문에 싸랩 실험 퀄리티 ㅆ창남 -싸랩 제외한 나머지 동아리는 너도나도 싸랩가겠다고 하는 바람에 인원수 줄어서 ㅆ창남. 스템셀만 살아남음 ->스템셀 빼고 동아리 전부 다 ㅆ창남 결론: ㅈㅅㅁ은 의대증원을 무작정 밀어붙인 대통령과 다를게 없다..",대갤러 (49.171) 2025.01.08 19:20:41 스크랩 조회 900 추천 23 댓글 12,23,900,2025.01.08 19:20:41,https://gall.dcinside.com/mini/board/view/?id=dgh&no=1387&page=15
15,1386,[일반],영어셤 궁금해,영어 영문법 한 번 보고 다 잊어 버렸는데 많이 나옴 ??  학교 들가기 전에 한번 더 돌리고 가야 함?? 궁금해,대갤러 (117.111) 2025.01.01 16:53:30 스크랩 조회 709 추천 0 댓글 9,0,709,2025.01.01 16:53:30,https://gall.dcinside.com/mini/board/view/?id=dgh&no=1386&page=15
15,1385,[일반],대광의 병신 act모음,"-제2외국어를 3개로 가르는 인원 200명대 학교는 대광이 진짜 유일할듯 -지금은 바뀐걸로 알지만 작년까지만해도 정보를 물화생지랑 같이 넣어놔서 모두에게 손해를 끼침 -올해 3학년 예체능만 따로 영어를 보게해 알아서 깔아주는 30명을 없애버림 -“자사고“에 속하긴해서 공동교육과정 수강 불가+2과목 2개 및 고급과목 미개설로 유일한 메리트가 (물화생) 실험뿐 -창체를 자기 마음대로 작성하려는 일부 몰상식한 교사 존재. 담임 간 편차가 너무 커서 폭탄 담임 걸리면 대학이 하락함(이건 다른학교도 마찬가지지만 너무 심각한 몇명이 있어서 씀) -도대체 뭘 보고 영감받은건지 모르겟는 의무 8교시로 학기 초 정시수업을 가야하는 고3들의 발목을 잡음 -생명관련 부분이 너무 빈약함(자세한 얘기는 생략) -각종 쓰잘데기없는 교육, 아무 쓸모없는 glp, 생활관 교육등을 굳이 지필고사 근처에 배치해 많은 학생들의 원성을 삼 -계약직 강사의 테러를 컨트롤하지못함. 이번 3학년 한 과목 강사가 세특에 의문형 및 형식에 안맞는 문장을 복붙해놔서 세특 챙기는 수시러들만 수정햇다가 뒤늦게 발견후 원서마감 직전에 학생 전체가 수정하는 일반고도 비웃을 사건 발생. -비주류과목이면 알아서 기본점수 많이주고 수행을 쉽게해야하나 주제를 모르고 C를 도배해버리는등 생각없는 짓을 너무 많이함 09부턴 학교의 영향력이 더 커질텐데 대광은 미래가없다. 하루빨리 일반고 전환되서 학생들에게 피해그만끼치길",대갤러 (211.234) 2025.01.01 13:16:25 스크랩 조회 1688 추천 73 댓글 9,73,1688,2025.01.01 13:16:25,https://gall.dcinside.com/mini/board/view/?id=dgh&no=1385&page=15
15,1384,[일반],대광은 이제 알아야한다,"대광은 상위권 입결은 절대 좋은 편이 아님 물론 1.x 들은 좋은데 가는거 맞는데 애당초 모집인원이 박았는데 1.x 받는 사람이 절대적으로 적잖아 생기부 관리를 해야할건 상위권이 아니라 중위권임 등급으로 못갈걸 세특으로 챙겨서 보내라는게 종합인데 큰빛반을 내신으로 자르는건 오케이인데 모의고사 성적으로 자르는건 세특 챙기란건지 정시 준비하란건지 모르겠음. 모의고사로 들어간 놈들이 큰빛반 프로그램 듣기는 하냐? 선생 죄다 의욕이 없고 세특에 지뢰들이 몇 있음 주요과목 아니니까 무시하라는데 가오는 씨발 존나 잡아 가르치는 모습부터 극과 극인데 존중을 바라는게 병신 아닌가 학생은 니가 3등급대인데 서연고 가겠다는건 씨발 님 양심 뒤졌음? 고는 갈 수 있다 그러는데 하루종일 게임만 쳐해대잖아 물 흐리는 새끼들은 물론 걍 그새끼가 병신인건데 뭐 하나 있으면 갤 트윗 인스타 죄다 퍼나르니까 인식도 씹창남 학교가 한국을 너무 닮았어 안에선 살만한데? 그러고 밖에선 니들 좆된거 아님? 그게 살아져? 이러는데 0.65 0.44 나온건 인식 씹창에 너나 할거없이 병신이라 된거고, 막상 그렇게 인식은 좆박아놓고 상위권은 잘보냈다고 딸이나 침. 졸업하는데 씨발 내 모교가 좆되고 있는 꼬라지가 너무 한심해서 썼다. 선생도 못 짤라 애새끼들은 겜만 쳐하면서 서연고서성한 가겠대. 큰빛반 프로그램같이 생기부에 쓸 수 있는 활동을 가능성 있는 애한테 강제로라도 먹이고 세특 못쓰는 선생은 한직으로 보내던지 꺼지라하고 담임에 제정신 박힌 인간들만 박아놔도 이 학교는 살거다. 학원은 니 성적의 보조수단이지 대학교 보조수단이 아니니까 생기부 적힐걸 챙겨야된다. 중위권 대상 생기부 적힐 프로그램이 좀 많았으면 좋겠다 그걸 만들 선생들이 있기나 하면 씨발 난 졸업해서 인서울로 탈광한다 ㅂㅂ",대갤러 (221.144) 2025.01.01 10:56:00 스크랩 조회 1591 추천 33 댓글 10,33,1591,2025.01.01 10:56:00,https://gall.dcinside.com/mini/board/view/?id=dgh&no=1384&page=15
15,1383,[일반],궁금한 것 좀 알려 줘,1.  영어는 내신 잘 받으려면 수업중에 하는 문법가지고는 부족해 ?? 따로 하고 들어가야 함 ??  2. 수학은 어렵다고 난린데 서술형이 어려운 거임 ? 어느 정도 공부하고 가야 1 뜨남 ?? 3. 평소 체육복 입고 다녀도 ok ??  4. 등교시간은 언제까지이고 야자는 의무임 ?? 5 내신 잘 받으려면 겨울 방학 동안 준비할 것과 팁 있음 알려줘  6 스카이 수시로 가려면 내신 어디까지가 마지노선이고 샘들이 생기부 신경은 써 주는지   ㅠㅠ 질문이 많지만 아는 것만 답해 주면 많은 도움 될 것 같아,대갤러 (175.119) 2024.12.31 20:34:58 스크랩 조회 637 추천 0 댓글 8,0,637,2024.12.31 20:34:58,https://gall.dcinside.com/mini/board/view/?id=dgh&no=1383&page=15
15,1382,[일반],저희 나라,묵념 ㅋㅋ,대갤러 (106.101) 2024.12.31 09:06:00 스크랩 조회 462 추천 5 댓글 1,5,462,2024.12.31 09:06:00,https://gall.dcinside.com/mini/board/view/?id=dgh&no=1382&page=15
15,1381,[일반],이제 입학하는 신입생입니다.,"AI 이미지가 생성되었습니다. 새로고침(F5) 해 주세요. 프롬프트 no_humans, building, scenery, from_above, tree, sign, english_text, house, outdoors, grass 네거티브 프롬프트 샘플링 DPM++ 2M Karras 스타일 None 선배님들 저는 내년에 입학하는 신입생애송이 입니다 제가 입학하기전 궁금한거를 여쭈어볼려고 글을 씁니다 답변해주시면 감사하겠습니다 1.시험난이도 : 주변에서 어떤사람은 대광고는 자사고 중 시험나이도가 가장 ㅈ밥이라서 걱정할 필요ㄴㄴ라고 하고 또 어떤사람은 시험이 너가생각하는거 이상이다 넌 ㅈ됬어 라고 하는사람이있습니다 시험난이도가 궁금합니다 2. 축제 : 대광고는 축제가 재미있어서 간다 라고하는 말이있어서 축제가 얼마나 재미있는지 궁금합니다 3.선생님 : 대광고에는 훌륭한 선생님들이 많다고 들었어요 하지만 어느 학교든 무섭고 피해야하는 선생님이 있습니다 혹시 그런 선생님이 대광고에도 있을까요? 선배님들 새로들어오는 신입생들 귀엽게 봐주십셔 감사합니다",대갤러 (221.146) 2024.12.29 00:02:10 스크랩 조회 1203 추천 4 댓글 13,4,1203,2024.12.29 00:02:10,https://gall.dcinside.com/mini/board/view/?id=dgh&no=1381&page=15
15,1379,[일반],대광고 수시입결(최종),빨리 올려라 정기야,대갤러 (14.63) 2024.12.27 21:12:16 스크랩 조회 872 추천 1 댓글 0,1,872,2024.12.27 21:12:16,https://gall.dcinside.com/mini/board/view/?id=dgh&no=1379&page=15
15,1378,[1학년],몰폰 쫄리노,ㅇ,대갤러 (118.235) 2024.12.27 13:08:43 스크랩 조회 400 추천 0 댓글 0,0,400,2024.12.27 13:08:43,https://gall.dcinside.com/mini/board/view/?id=dgh&no=1378&page=15
15,1377,[1학년],진지하게 내신 2.2~3정도면 서성한도 못 가나요,밑 글에 중경외시가 정배라는데 만약에 생기부 잘 챙기면 어디까지 갈 수 있나요,대갤러 (223.38) 2024.12.26 23:38:48 스크랩 조회 894 추천 0 댓글 4,0,894,2024.12.26 23:38:48,https://gall.dcinside.com/mini/board/view/?id=dgh&no=1377&page=15
15,1376,[일반],"정보, 제 2외국어가 평균 다 깎아먹었으면 개추ㅋㅋ",ㅇㄷㄴㅂㅌ - dc official App,대갤러 (211.234) 2024.12.26 20:37:02 스크랩 조회 579 추천 9 댓글 3,9,579,2024.12.26 20:37:02,https://gall.dcinside.com/mini/board/view/?id=dgh&no=1376&page=15
15,1374,[1학년],진지하게 1후반이면 어디가냐,교과로는 어디까지 되고 학종은 어디까지 됨?,대갤러 (118.235) 2024.12.26 17:41:51 스크랩 조회 897 추천 1 댓글 17,1,897,2024.12.26 17:41:51,https://gall.dcinside.com/mini/board/view/?id=dgh&no=1374&page=15
15,1373,[일반],2후,는 희망없는거노? 제발 간절한데,대갤러 (211.36) 2024.12.26 16:18:03 스크랩 조회 415 추천 0 댓글 9,0,415,2024.12.26 16:18:03,https://gall.dcinside.com/mini/board/view/?id=dgh&no=1373&page=15
15,1372,[1학년],1점대 후반 대학 어디감?,34등급 밑은 대답하지말고,대갤러 (118.221) 2024.12.26 11:48:20 스크랩 조회 667 추천 0 댓글 7,0,667,2024.12.26 11:48:20,https://gall.dcinside.com/mini/board/view/?id=dgh&no=1372&page=15
15,1369,[일반],고3 한국사,고3 한국사 책 뭐임? 어디꺼 보면서 공부해야함,대갤러 (118.221) 2024.12.24 15:37:09 스크랩 조회 433 추천 0 댓글 2,0,433,2024.12.24 15:37:09,https://gall.dcinside.com/mini/board/view/?id=dgh&no=1369&page=15
15,1368,[일반],리로에 성적 언제 뜨냐,왜케 느림,대갤러 (118.235) 2024.12.24 14:06:44 스크랩 조회 253 추천 2 댓글 0,2,253,2024.12.24 14:06:44,https://gall.dcinside.com/mini/board/view/?id=dgh&no=1368&page=15
15,1367,[일반],자사고 2점대,초중이면 어디가노?,대갤러 (118.221) 2024.12.24 12:49:49 스크랩 조회 660 추천 0 댓글 8,0,660,2024.12.24 12:49:49,https://gall.dcinside.com/mini/board/view/?id=dgh&no=1367&page=15
15,1364,[일반],정시준비,정시학원 가려면 어디로 가야하냐 멘토스에 계속 있는건 어떻게 생각함,대갤러 (218.51) 2024.12.21 23:35:31 스크랩 조회 551 추천 1 댓글 7,1,551,2024.12.21 23:35:31,https://gall.dcinside.com/mini/board/view/?id=dgh&no=1364&page=15
15,1363,[일반],기숙사 좋냐?,기숙사 들어가려 하는데 가면 공부 못하려나,대갤러 (211.234) 2024.12.21 17:23:46 스크랩 조회 539 추천 1 댓글 5,1,539,2024.12.21 17:23:46,https://gall.dcinside.com/mini/board/view/?id=dgh&no=1363&page=15
15,1362,[일반],현재 대광고 수시 입결(오피셜임),"경북대 의예 1, 고신대 의예 2(졸1), 경희대 한의예 1, 중앙대 약학 1(졸), 경성대 약학 1(졸) - 서울대 : 1명 - 연세대 : 1명 - 고려대 : 5명(졸2) - 서강대 : 1명 - 성균관대 : 2명 - 한양대 : 1명(졸) - 중앙대 : 2명 - 경희대 : 2명(졸1) - 한국외국어대 : 1명 - 서울시립대 : 3명(졸2) - 건국대 : 5명(졸2) - 홍익대 : 4명(졸2) - DGIST : 3명 26일까지 봐야하긴 하는데 일단 오늘기준. - dc official App",삼각산정기 2024.12.20 23:37:03 스크랩 조회 2063 추천 15 댓글 20,15,2063,2024.12.20 23:37:03,https://gall.dcinside.com/mini/board/view/?id=dgh&no=1362&page=15
15,1361,[일반],06선배님들,고3때 수업안듣고 정시공부 한다는거 쌤들이 이해해주시나요? 안되면 전학이나 자퇴 생각중인데ㅜㅜ,대갤러 (211.234) 2024.12.20 18:46:59 스크랩 조회 587 추천 2 댓글 4,2,587,2024.12.20 18:46:59,https://gall.dcinside.com/mini/board/view/?id=dgh&no=1361&page=15
15,1360,[1학년],합창대회,5반 반주는 개같이 굴려놓고 상도 안줌?ㅋㅋ,대갤러 (223.38) 2024.12.20 15:31:54 스크랩 조회 507 추천 14 댓글 1,14,507,2024.12.20 15:31:54,https://gall.dcinside.com/mini/board/view/?id=dgh&no=1360&page=15
15,1359,[일반],1학년 합창 대회,이거 맞냐 ㅋㅋㅋ 5반 반주자 전체 합창때도 써먹고 심지어 지정곡/자유곡 둘다 반주되는애가 얘말고 없던데 반주상 딴애주는거랑 뭐 박자도 음도 다틀린 8반이 최우수 ㅋㅋㅋㅋㅋㅋㅋㅋㅋ 나이를 드셔서 귀가 안좋으신가 다들 ㅋㅋㅋ - dc official App,대갤러 (118.221) 2024.12.20 15:17:21 스크랩 조회 736 추천 18 댓글 11,18,736,2024.12.20 15:17:21,https://gall.dcinside.com/mini/board/view/?id=dgh&no=1359&page=15
15,1357,[일반],(19)카리나 도끼,아니면 망치 같은거 있어요?,대갤러 (220.65) 2024.12.20 08:12:05 스크랩 조회 944 추천 18 댓글 1,18,944,2024.12.20 08:12:05,https://gall.dcinside.com/mini/board/view/?id=dgh&no=1357&page=15
15,1356,[일반],자습시간 좀 자유롭게 해줘라,학기 말이라 대부분 수업이 자습인데 인강도 못보게 해놓고 지들은 폰 쳐 보고 있는게 맞는 건지 모르겠다...,대갤러 (220.72) 2024.12.18 16:46:49 스크랩 조회 604 추천 12 댓글 6,12,604,2024.12.18 16:46:49,https://gall.dcinside.com/mini/board/view/?id=dgh&no=1356&page=15
15,1355,[졸업생],작년 대광 졸업생인데 질문 받는다,궁금한 거 아무거나 다 물어봐라,대갤러 (175.211) 2024.12.18 15:48:58 스크랩 조회 751 추천 1 댓글 10,1,751,2024.12.18 15:48:58,https://gall.dcinside.com/mini/board/view/?id=dgh&no=1355&page=15
15,1354,[일반],대광고 학생들 96%가 모르는 사실,나도 96%라 모름.,호훈학파 2024.12.17 12:18:21 스크랩 조회 1094 추천 25 댓글 1,25,1094,2024.12.17 12:18:21,https://gall.dcinside.com/mini/board/view/?id=dgh&no=1354&page=15
15,1352,[일반],인원,이번에 인원 다 채우려나 심히 걱정되네 ㅠㅠ 작년엔 어땠노,대갤러 (222.106) 2024.12.17 00:24:24 스크랩 조회 477 추천 0 댓글 3,0,477,2024.12.17 00:24:24,https://gall.dcinside.com/mini/board/view/?id=dgh&no=1352&page=15
15,1351,[일반],1학년 2학기 기말고사,영어-재시험 수학-재시험 과학-문제오류 2개 +@ 사회-재시험 독일어-선지오류 정보-1컷이 100점 국어-38번 문제수정 대 단 하 다 ! - dc official App,대갤러 (118.235) 2024.12.16 23:14:41 스크랩 조회 683 추천 8 댓글 4,8,683,2024.12.16 23:14:41,https://gall.dcinside.com/mini/board/view/?id=dgh&no=1351&page=15
15,1350,[일반],디벗 솔직히,도움되는지 모르겠는데 더 방해될거같 - dc official App,대갤러 (211.234) 2024.12.16 12:12:51 스크랩 조회 629 추천 8 댓글 1,8,629,2024.12.16 12:12:51,https://gall.dcinside.com/mini/board/view/?id=dgh&no=1350&page=15
15,1349,[1학년],디벗 뚫는법 좀,ㅈㄱㄴ,대갤러 (118.221) 2024.12.16 08:44:21 스크랩 조회 1367 추천 0 댓글 0,0,1367,2024.12.16 08:44:21,https://gall.dcinside.com/mini/board/view/?id=dgh&no=1349&page=15
15,1348,[졸업생],04년생 졸업생인데 요새 학교 꼬라지가 말이 아닌갑네,내가 다니고 졸업할때까진 학교가 좀 많이 보수적인 편이어도 이것저것 나름 노력은 하긴 하는구나 싶었는데 어째 갈수록 꽉꽉 막혀가는거같냐 코로나 한창일때 입학해서 학교에서 해준거 뭣도없었고 내신도 딱히 열심히 챙긴 건 아니었어서 그런 쪽에서 엄청 세세하게 평가는 못하겠지만 8교시 얘기에다 축제때 ㄱㄱㅎ 선생님 사건도 그렇고 점점 학교가 이상해지는 것 같아서 안타깝다 - dc official App,대갤러 (218.238) 2024.12.16 04:35:01 스크랩 조회 764 추천 9 댓글 0,9,764,2024.12.16 04:35:01,https://gall.dcinside.com/mini/board/view/?id=dgh&no=1348&page=15
15,1347,[졸업생],To. 순묵이형,"순묵이 형 나야, ""졸업생."" 어차피 내 동생도 곧 졸업할 사람이라 솔직히 난 이제 대광에 관심 꺼도 되긴 하지만, 요즘 대광고 돌아가는 상황을 보니까 가만히 못 있겠더라. 내년 대광고 신입생 경쟁률 보니까 0.46대 1이던데 형 이게 얼마나 심각한 건지 알기는 해? 일단 모든 서울 자사고 중 압도적인 꼴찌 수준인 것도 문제지만 이 경쟁률로는 내년에 분명히 한 학년에 또 두 학급 줄이게 될 거고, 그렇게 학급 수 계속 줄어들다 보면 대광고 자체가 소멸하는 것도 먼 일은 아니야 순묵이형 제발 부탁인데, 지금부터라도 ㄱㄱㅎ 선생님처럼 논란 있는 사람 좀 배제해 좀.. 보여주기 식으로 배제했다가 슬쩍 복귀시키지도 말고. 진짜로 논란 있는 사람만 배제 시켜도 학교 이미지 더 떨어지지는 않아. 그리고 제발 젊은 선생님 좀 뽑아 2022년에 퇴직한 수학 교사 이ㅇㄱ은 도대체 무슨 생각으로 다시 부른 거야? 이ㅇㄱ 젊었을 때 나름 실력 있는 선생이었던 거는 맞는데, 지금은 그냥 무능한 노인이야 나도 고2 때 이ㅇㄱ 수업 들었는데 얻은 것도 전혀 없었고, 수행평가도 개판이었어. 명색이 수학 선생인데 교과서 문제는 일상적으로 틀렸고. 진짜 내년에도 데리고 있어봤자, 대광에 도움 되는 거 1도 없을 거야. 사실 하고 싶은 말은 ㅈㄴ 많은데 형이 디시 볼 일도 없을 거니까 이 정도로만 쓸게. 대광 역사상 최악의 교장으로 남고 싶지 않으면 정신 차려.. 형 임기도 내년이 아마 마지막 해일 테니까",대갤러 (165.194) 2024.12.15 21:25:45 스크랩 조회 920 추천 33 댓글 4,33,920,2024.12.15 21:25:45,https://gall.dcinside.com/mini/board/view/?id=dgh&no=1347&page=15
15,1346,[일반],좆잡,대광고 솔직히 무학한테 따잇 아니냐 ㅋㅋ,대갤러 (121.161) 2024.12.15 20:21:21 스크랩 조회 423 추천 5 댓글 2,5,423,2024.12.15 20:21:21,https://gall.dcinside.com/mini/board/view/?id=dgh&no=1346&page=15
15,1345,[일반],합창대회 왜함,열심히하라고 엄청뭐라하는데,대갤러 (211.241) 2024.12.15 15:13:06 스크랩 조회 334 추천 2 댓글 1,2,334,2024.12.15 15:13:06,https://gall.dcinside.com/mini/board/view/?id=dgh&no=1345&page=15
15,1344,[일반],대광 정시 대비 잘해줌?,여기선 다 정시 준비 ㄱㅊ게 해준다는데,대갤러 (211.241) 2024.12.15 08:20:45 스크랩 조회 545 추천 0 댓글 5,0,545,2024.12.15 08:20:45,https://gall.dcinside.com/mini/board/view/?id=dgh&no=1344&page=15
16,1341,[3학년],동아리추천,사이언스랩 들어라. 정말 좋다!,대갤러 (221.143) 2024.12.14 17:13:50 스크랩 조회 502 추천 3 댓글 6,3,502,2024.12.14 17:13:50,https://gall.dcinside.com/mini/board/view/?id=dgh&no=1341&page=16
16,1340,[일반],내신 평3 1학년 전학,어케생각하냐,대갤러 (211.178) 2024.12.13 22:29:27 스크랩 조회 595 추천 1 댓글 11,1,595,2024.12.13 22:29:27,https://gall.dcinside.com/mini/board/view/?id=dgh&no=1340&page=16
16,1339,[일반],얘들아 형 06인데,"수시러고 존나열심히 했거든 진짜 대광은 아닌거같다 나처럼 늦게깨닫지말고 기회있을때 탈광해라 08,09 인원도적어서 등급따기도 존나 힘들어",대갤러 (211.234) 2024.12.13 20:51:11 스크랩 조회 800 추천 10 댓글 15,10,800,2024.12.13 20:51:11,https://gall.dcinside.com/mini/board/view/?id=dgh&no=1339&page=16
16,1337,[일반],대자보를 떼네,미자는 인권도 없냐??이 학교는 도대체 멀쩡한게 뭐임????? 하고 생각해보니 아 맞다 0.51 꼴찌 가슴이 옹졸해짐 빨리 일반고 돼야 돈이라도 안 내고 다니지 하,대갤러 (106.101) 2024.12.12 14:41:36 스크랩 조회 643 추천 15 댓글 8,15,643,2024.12.12 14:41:36,https://gall.dcinside.com/mini/board/view/?id=dgh&no=1337&page=16
16,1336,[1학년],2학기 기말 끝나면 수업 뭐함?,중학교 때처럼 계속 영화 틀어주나?,대갤러 (211.106) 2024.12.12 03:29:25 스크랩 조회 327 추천 0 댓글 1,0,327,2024.12.12 03:29:25,https://gall.dcinside.com/mini/board/view/?id=dgh&no=1336&page=16
16,1334,[1학년],재시험 3번 보는데 엄마들 아무도 뭐라안하냐,8교시 퍼질나게 시키면서 문제 하나 똑바로 못내네 ㅅㅂㅋㅋㅋ,대갤러 (211.178) 2024.12.11 19:36:12 스크랩 조회 605 추천 8 댓글 1,8,605,2024.12.11 19:36:12,https://gall.dcinside.com/mini/board/view/?id=dgh&no=1334&page=16
16,1332,[일반],재시험3번 엄마없네,"수학,영어,사회 모두 재시험 시발. 시험보기전에 검토를 안하냐? 반성해라 사과하면 다냐? 학생등 받는 스트레스 ㅈ같이 생각안하고 ㅈㄹ 솔직이 책임지고 나가라",대갤러 (223.38) 2024.12.11 17:02:07 스크랩 조회 668 추천 44 댓글 1,44,668,2024.12.11 17:02:07,https://gall.dcinside.com/mini/board/view/?id=dgh&no=1332&page=16
16,1331,[일반],통사 재시험 뭐냐?,설마 멕시코는 남미가 아니라는 이유로 태클들어온 건가 - dc official App,대갤러 (220.73) 2024.12.11 16:48:25 스크랩 조회 465 추천 9 댓글 1,9,465,2024.12.11 16:48:25,https://gall.dcinside.com/mini/board/view/?id=dgh&no=1331&page=16
16,1330,[일반],진짜 문제 안풀어보고 내는거임?,"어떻게 깔끔하게 넘어가는게 정보,제2외국어가 끝이냐ㅋㅋ ""0.51""",대갤러 (14.52) 2024.12.10 17:19:35 스크랩 조회 603 추천 11 댓글 1,11,603,2024.12.10 17:19:35,https://gall.dcinside.com/mini/board/view/?id=dgh&no=1330&page=16
16,1329,[일반],"""0.51""",Q.E.D.,대갤러 (211.36) 2024.12.10 16:31:58 스크랩 조회 479 추천 1 댓글 2,1,479,2024.12.10 16:31:58,https://gall.dcinside.com/mini/board/view/?id=dgh&no=1329&page=16
16,1328,[일반],영어 4컷,중간 기말 70 70인데 4임 5임?,대갤러 (14.52) 2024.12.10 12:07:05 스크랩 조회 349 추천 0 댓글 1,0,349,2024.12.10 12:07:05,https://gall.dcinside.com/mini/board/view/?id=dgh&no=1328&page=16
16,1327,[1학년],국어 1컷 얼마 예상하냐,ㅇㅇ - dc official App,대갤러 (211.234) 2024.12.09 17:16:14 스크랩 조회 350 추천 0 댓글 1,0,350,2024.12.09 17:16:14,https://gall.dcinside.com/mini/board/view/?id=dgh&no=1327&page=16
16,1325,[일반],오류,정답 오류 좀 그만 나와라 뭔 씨발 시험 쳐 볼 때마다 나오냐? - dc official App,대갤러 (222.109) 2024.12.09 11:51:29 스크랩 조회 365 추천 3 댓글 4,3,365,2024.12.09 11:51:29,https://gall.dcinside.com/mini/board/view/?id=dgh&no=1325&page=16
16,1324,[1학년],국어 35번에 답 몇이냐,5번?,ㅇㅇ (118.235) 2024.12.09 10:01:07 스크랩 조회 276 추천 1 댓글 1,1,276,2024.12.09 10:01:07,https://gall.dcinside.com/mini/board/view/?id=dgh&no=1324&page=16
16,1323,[1학년],국어,쉬웠냐? - dc official App,대갤러 (211.234) 2024.12.09 09:41:10 스크랩 조회 194 추천 0 댓글 1,0,194,2024.12.09 09:41:10,https://gall.dcinside.com/mini/board/view/?id=dgh&no=1323&page=16
16,1322,[1학년],이번 국어 1컷 90초중일듯ㅋㅋ,ㅈㄱㄴ아님말고앨랠래,대갤러 (211.36) 2024.12.09 09:29:43 스크랩 조회 259 추천 0 댓글 0,0,259,2024.12.09 09:29:43,https://gall.dcinside.com/mini/board/view/?id=dgh&no=1322&page=16
16,1320,[일반],문과,이학교사탐은어캐공부함? 걍 혼자 하나 - dc official App,대갤러 (221.146) 2024.12.08 01:04:26 스크랩 조회 284 추천 0 댓글 1,0,284,2024.12.08 01:04:26,https://gall.dcinside.com/mini/board/view/?id=dgh&no=1320&page=16
16,1319,[일반],지구과학 과외,님들 지구과학 과외하는 사람있음?,대갤러 (211.234) 2024.12.07 20:06:24 스크랩 조회 459 추천 3 댓글 4,3,459,2024.12.07 20:06:24,https://gall.dcinside.com/mini/board/view/?id=dgh&no=1319&page=16
16,1318,[일반],(스압)현 대광고 총정리,"민심떡락, 지원율 떡락 이유: 축제 ㅈ 박음,  동아리 한군데에 몰아넣어서 동아리 활동 ㅈ박음.(세특에 영향), 근데 입결은 특출날만한 점이 없음.(잘 간 형들도 어느정도 있는데 기본적으로 같은 등급대에 기복이 너무 심해서 진짜 잘 챙긴 형들만 잘 감. 기본적으로 쏟아부어야 하는 노력에 대한 가성비가 다른 자사고에 비해 떨어짐.)+ 학부모들간의 악소문, 학교 자체의 단점도 민심에 다수 영향 학교의 장점: 진로 프로그램 다양함.(수시 잘 간 형들은 이거 ㅈㄴ 다 챙겨서 간거), 기본적으로 자습시설, 보충교육 프로그램이 다수 존재함, 정시대비 확실함, 좋은 선생님들 다수 존재 학교의 단점: 시설 노후화(일반고보다는 나음. 현재 개선 중이긴 함.), 급식 맛없음(작년에 비해 ㅈㄴ 발전하긴 했는데 아직 턱없이 부족함.), 이상한 선생님들 꽤나 존재(다른 학교랑 비슷한 정도로 존재하시긴 하는데 유독 한분한분 임팩트가 큼.),학부모 회의를 자주열어서 체제에 변화를 주는데 결과가 좋지 않을때가 꽤 있음.(ex단축수업 없애고 검토 줄였다가 출제 오류 다수 생김.), 특정 활동에 강제성이 어느정도 존재(GLP, 채플 등) 대충 직간접적인 내용은 이정도로 정리되는듯. 개인적인 생각을 덧붙이자면, 일단 우리학교는 뭔가 너무 정직한 느낌임. 경희고 같은데는 구라 조금씩 유도리있게 첨가하면서 애들 살살 구슬려서 데려오는데 우린 그딴거 없이 걍 이런건 우리가 잘 못함 이래버리니까 원래 메리트 없던 학교가 단점만 보이는거임. 현 재학생들도 지금 디씨 꼴 보면 다들 여기 오지마셈 이러는게 재학생들한테도 단점이 부각되어 보이는 구조니까 그런거 같음. 둘째는 일단 기본적으로 학생 의견반영이 상대적으로 어려운 느낌임. 기본적으로 의견을 내놓고 반영되는 구조이지만 의견을 낼 기회를 직접적으로 제공한다는 느낌이 아예 안듦. 걍 아예 건의함 같은거라도 설치하는게 어떨까 싶은 생각도 듦. 뭔가 하나씩 엇나간 의견을 수용하는 느낌임. 학부모 의견 같은것도 학생 입장에서 생각해주고 좀 걸러서 들어야 할 것 같음. 셋째는 시험임. 기본적으로 잘보내는 학교들은 킬러문제의 배점을 낮추고 변별력을 그 문제에 집중시키는 방향으로 표준점수를 올린다거나 하는 전략이 있는데 우린 그런게 너무 부족함. 그리고 기본적으로 문제 형식도 좀 ㅈ같은게 영어같은 경우는 변형이 많이 되어 나오는데 변형에 대한 대처가 안되게끔 나오는 문제가 많음. 어느정도 실력이 되지 않는 애들은 공부를 하더라도 내신 이외의 추가적인 부분을 신경써서 영어적 실력을 높이지 않는 이상 일단 단어에서부터 막혀버리거나 새롭게 추가된 내용에 대해 해석하는데에 시간이 오래 걸릴 수 밖에 없음. 근데 이런 사례들이 다른 과목에도 어느정도 포함되어 있어서 극상위권으로 올라가기 위해 뚫어야 하는 벽이 너무 견고하다고 느껴짐. 넷째는 애들이 좀 많이 병신임. 기본적으로 수동적인 새끼들이 ㅈㄴ 많은데, 선생 하나 설득 못해서 디시에서 징징대는 새끼들 보면 한심하기 짝이없음. 맨날 급식 맛없다고 뒤에서ㅈㄹ하면서 정작 교장이 급식 어떻냐고 물으면 맛있어요~ㅇㅈㄹ ㅋㅋ걍 지 의견 표출 하나 못하는 병신 찐따새끼들이 너무 많음. 게다가 학교가 미달나고 수준 ㅈ창나기 시작하면서 애들이 병신들만 모이는지 물타기나 헛소문이 ㅈㄴ 퍼짐. 기본적으로 비판적사고라는걸 못하는 새끼들이 대부분이고 일단 디시 상주하는 80퍼센트 가량의 재학생은 걍 개찐따 병신들인듯. 솔직히 학교 병신이라는것도 물타기 ㅈㄴ 된거임. 못 다닐 정도는 아닌데 애들 입 몇 개 타더니 어느새 걍 개병신학교 취급을 해버림. 뭐 할 말은 대충 이정도인거 같은데 어쨌든 기말 중간에 주말껴서 심심하길래 대충 글 끄적여봤다. 신입생들 원서접수도 끝났으니 입학만 남았는데 일단 환영하고, 잘 적응할 수 있었으면 좋겠다. 재학생들은 남은 시험 공부한만큼 다들 잘 보길 응원한다. 만수무강해라 새끼들아. - dc official App",삼각산정기 2024.12.07 00:45:12 스크랩 조회 3063 추천 37 댓글 18,37,3063,2024.12.07 00:45:12,https://gall.dcinside.com/mini/board/view/?id=dgh&no=1318&page=16
16,1317,[1학년],과학,나 과학 백점인데 좀 쉬웠노,대갤러 (106.245) 2024.12.06 21:33:53 스크랩 조회 474 추천 0 댓글 7,0,474,2024.12.06 21:33:53,https://gall.dcinside.com/mini/board/view/?id=dgh&no=1317&page=16
16,1316,[1학년],수학문제 하나 똑바로 못 내는게 선생이냐,ㅈㄴ맘에안드네,대갤러 (211.36) 2024.12.06 13:42:10 스크랩 조회 679 추천 10 댓글 1,10,679,2024.12.06 13:42:10,https://gall.dcinside.com/mini/board/view/?id=dgh&no=1316&page=16
16,1315,[일반],0.51 ㅋㅋㅋ,ㅋㅋㅋㅋ,대갤러 (220.72) 2024.12.06 13:02:34 스크랩 조회 705 추천 11 댓글 2,11,705,2024.12.06 13:02:34,https://gall.dcinside.com/mini/board/view/?id=dgh&no=1315&page=16
16,1314,[일반],시험 때만 기침 ㅈㄴ하는 새끼들은 뭐냐,시험만 끝나면 기침이 싹 사라지노ㅅㅂ,대갤러 (211.234) 2024.12.06 09:47:53 스크랩 조회 362 추천 1 댓글 1,1,362,2024.12.06 09:47:53,https://gall.dcinside.com/mini/board/view/?id=dgh&no=1314&page=16
16,1313,[일반],2학년 수학 1컷 몇 예상,ㅈㄱㄴ,대갤러 (106.101) 2024.12.06 09:40:24 스크랩 조회 359 추천 0 댓글 3,0,359,2024.12.06 09:40:24,https://gall.dcinside.com/mini/board/view/?id=dgh&no=1313&page=16
16,1312,[1학년],수학 1컷 80대 초중반일듯ㅋㅋ?,ㅈㄱㄴ,대갤러 (211.36) 2024.12.06 09:37:04 스크랩 조회 549 추천 7 댓글 4,7,549,2024.12.06 09:37:04,https://gall.dcinside.com/mini/board/view/?id=dgh&no=1312&page=16
16,1311,[일반],옆동네 경희고에서 왔는데,여기 소문 왜 안좋음?,대갤러 (221.138) 2024.12.05 22:37:44 스크랩 조회 552 추천 0 댓글 0,0,552,2024.12.05 22:37:44,https://gall.dcinside.com/mini/board/view/?id=dgh&no=1311&page=16
16,1310,[일반],지원고민하는 애들아,절대 지원하지말아라 장점이라곤 없는 학교다 제발,대갤러 (106.101) 2024.12.05 21:32:13 스크랩 조회 336 추천 3 댓글 1,3,336,2024.12.05 21:32:13,https://gall.dcinside.com/mini/board/view/?id=dgh&no=1310&page=16
16,1309,[일반],대광 통과 나만 ㅈ같냐?,아니 ㅅㅂ 물리 존나 쳐 나온다고 겁 존나 주고 막상 나온건 개장애인새끼도 푸는 문제내고 생명에서 개 좆 같 이 쳐내고 아 씨발 좆 같 다 - dc official App,대갤러 (118.235) 2024.12.05 20:25:58 스크랩 조회 751 추천 18 댓글 13,18,751,2024.12.05 20:25:58,https://gall.dcinside.com/mini/board/view/?id=dgh&no=1309&page=16
16,1308,[일반],자습,여기 자습 의무임 ?? 5시까지 하면 밥먹고 학원 빠듯한데 월요일부터 금요일까지 의무임 ??,대갤러 (175.119) 2024.12.05 17:54:39 스크랩 조회 280 추천 3 댓글 9,3,280,2024.12.05 17:54:39,https://gall.dcinside.com/mini/board/view/?id=dgh&no=1308&page=16
16,1307,[일반],1학년 정보 1컷 얼마냐,- dc official App,ㅇㅇ 2024.12.05 15:02:56 스크랩 조회 375 추천 2 댓글 3,2,375,2024.12.05 15:02:56,https://gall.dcinside.com/mini/board/view/?id=dgh&no=1307&page=16
16,1306,[정보],대광고 오면 안되는 이유 몇 가지와  다니면서 느낀점,"1.  8교시(5시 하교)를 월~목까지 한다.( 특별한 이유가 없다면 야간 자율 학습을 강제로 시키는 선생님도 있다.) 2. 급식이 맛없다 3. 학교 건물 노후화 4. 입결 문제 5.  ㄱㄱㅎ같은 매우 보수적인 선생님들이 많다. 6. 자습시간과 쉬는시간 패드,휴대폰 사용이 불가하다 (휴대폰은 뺏는다. 큰빛반이 아니라면 홈페이지 사진에 있는 자습실이 아닌 60주년 기념관이라는 곳에서 야자를 하게 된다 . 8교시 같은경우 시험 전날마저 자습 시켰다. 이제 09년생은 한국사 배울텐데 큰 메리트가 없다 진로 프로그램은 좋은거같다 .예를 들어 꿈넘꿈 2~3등급 까지는 비빌만하다 집이 멀다면 그냥 다른 학교 가는걸 추천한다.",대갤러 (77.111) 2024.12.05 00:30:20 스크랩 조회 1227 추천 11 댓글 2,11,1227,2024.12.05 00:30:20,https://gall.dcinside.com/mini/board/view/?id=dgh&no=1306&page=16
16,1305,[일반],0.46,ㅇㅇ - dc official App,대갤러 (220.73) 2024.12.04 20:47:34 스크랩 조회 655 추천 10 댓글 10,10,655,2024.12.04 20:47:34,https://gall.dcinside.com/mini/board/view/?id=dgh&no=1305&page=16
16,1304,[일반],오늘은 대광고 입학신청날~,이미 축제때 삐딱하게 입장문부터 시작해서 학교 안좋은 소문이란 소문은 전부 주변 동네 맘카페 쭉 돌았는데 몇프로 찍을지 궁금하네~ 0.5는 할 수 있으려나~,대갤러 (211.234) 2024.12.04 16:53:42 스크랩 조회 510 추천 11 댓글 2,11,510,2024.12.04 16:53:42,https://gall.dcinside.com/mini/board/view/?id=dgh&no=1304&page=16
16,1303,[일반],계엄선포!,내일 학교 쉬면 안되나 어짜피 시험 전 날이라 풀자습인데 - dc official App,삼각산정기 2024.12.03 23:18:00 스크랩 조회 488 추천 12 댓글 0,12,488,2024.12.03 23:18:00,https://gall.dcinside.com/mini/board/view/?id=dgh&no=1303&page=16
16,1301,[일반],수능,다들 잘봤냐 제일잘본사람 ㄴㄱ임,대갤러 (121.166) 2024.11.30 17:54:19 스크랩 조회 337 추천 0 댓글 3,0,337,2024.11.30 17:54:19,https://gall.dcinside.com/mini/board/view/?id=dgh&no=1301&page=16
16,1300,[1학년],1학년 과학 선생,시험 하루전날에 범위 끝내는게 맞다고 생각하냐 ?,대갤러 (211.178) 2024.11.30 13:17:16 스크랩 조회 557 추천 0 댓글 3,0,557,2024.11.30 13:17:16,https://gall.dcinside.com/mini/board/view/?id=dgh&no=1300&page=16
16,1299,[일반],국어 시이ㅣ이잉바ㅏㅏㅏㅏ,1학년 국어 시이리ㅣ이이이바ㅏ바바ㅏㅏ,대갤러 (211.234) 2024.11.29 15:50:31 스크랩 조회 285 추천 2 댓글 1,2,285,2024.11.29 15:50:31,https://gall.dcinside.com/mini/board/view/?id=dgh&no=1299&page=16
16,1298,[3학년],이런 애미뒤진 학교는 현체도 맘대로 못 쓰네ㅋㅋ,개씨발 학교에서 하는 게 뭔데ㅋㅋ 내가 내돈내고 사립고 다니는데 생기부 출결 가지고 협박하는 선생새끼들도 문제야 나중에 성공하면 상종도 안 할 새끼들 일생의 목표중 하나가 대광고에 복수하는 거다,ㅇㅇ (106.101) 2024.11.27 22:04:37 스크랩 조회 768 추천 18 댓글 6,18,768,2024.11.27 22:04:37,https://gall.dcinside.com/mini/board/view/?id=dgh&no=1298&page=16
16,1297,[일반],여기 내신 괜찮음 ??,갓반고 피해 여기  써 보려는데  내돈내고 내 무덤 내가 파는거 아니지 ?!   형들 실상을 자세히 파헤쳐줘 ^^ ㄹㅇ 궁금해,대갤러 (211.36) 2024.11.27 00:18:46 스크랩 조회 464 추천 0 댓글 3,0,464,2024.11.27 00:18:46,https://gall.dcinside.com/mini/board/view/?id=dgh&no=1297&page=16
16,1296,[일반],반갑습니다 정병훈 선생입니다.,대광고 학생들 기말고사 준비 화이팅하세요.,호훈학파 2024.11.26 19:18:21 스크랩 조회 882 추천 16 댓글 1,16,882,2024.11.26 19:18:21,https://gall.dcinside.com/mini/board/view/?id=dgh&no=1296&page=16
16,1294,[일반],수학셤 난이도 좀 알려줘 제발,형들 여기 지원할까 하는데 수학난이도 어떰 ??  궁금해  1등급 받으려면 극상 난이도 술술 풀어야 함 ??,대갤러 (175.119) 2024.11.25 11:17:13 스크랩 조회 478 추천 1 댓글 5,1,478,2024.11.25 11:17:13,https://gall.dcinside.com/mini/board/view/?id=dgh&no=1294&page=16
16,1292,[일반],대광지원 예정인데 내신 생기부 어떨까요,1등급은 빡센가요 아님 그래도 다른 학교 보다 할 만한가요  생기부는 잘 써줄까요  입결이 계속 별로던데  요즘은 어떤가요  당장 일주일 후 지원해야 하니 자세히 좀 알려 주세요  참 수학셤 난이도도 궁금해요,대갤러 (175.119) 2024.11.22 17:03:31 스크랩 조회 738 추천 2 댓글 16,2,738,2024.11.22 17:03:31,https://gall.dcinside.com/mini/board/view/?id=dgh&no=1292&page=16
16,1290,[일반],고1 기말끝나고 편입가려는데 어떰??,ㅈㄱㄴ 학교 괜찮음? 입결 어느정도임,대갤러 (118.221) 2024.11.20 14:43:31 스크랩 조회 511 추천 0 댓글 5,0,511,2024.11.20 14:43:31,https://gall.dcinside.com/mini/board/view/?id=dgh&no=1290&page=16
16,1289,[일반],우리 방학언제까지냐,ㅇㅇ,대갤러 (211.178) 2024.11.19 23:12:52 스크랩 조회 209 추천 0 댓글 0,0,209,2024.11.19 23:12:52,https://gall.dcinside.com/mini/board/view/?id=dgh&no=1289&page=16
16,1287,[일반],사회과제연구 설문지 좀 도와주세요,https://forms.gle/oFhWecGF1ZYAxFwSA 혐오표현 사회과제연구 혐오표현의 온오프라인 사용에 대한 소논문 작성에 사용될 예정입니다. forms.gle,대갤러 (118.221) 2024.11.18 17:01:09 스크랩 조회 293 추천 3 댓글 0,3,293,2024.11.18 17:01:09,https://gall.dcinside.com/mini/board/view/?id=dgh&no=1287&page=16
16,1286,[일반],엉덩이가 시려운데,슬슬 엉따 준비해라 ㅅㅂ 언제까지 설치 안하냐 대광고의 미루니노?,대갤러 (106.101) 2024.11.17 18:25:34 스크랩 조회 532 추천 12 댓글 2,12,532,2024.11.17 18:25:34,https://gall.dcinside.com/mini/board/view/?id=dgh&no=1286&page=16
16,1285,[일반],2학년인데 이번에 생윤 많이 어려웠음?,어케 1컷이 40이지,대갤러 (220.65) 2024.11.16 08:34:14 스크랩 조회 282 추천 0 댓글 0,0,282,2024.11.16 08:34:14,https://gall.dcinside.com/mini/board/view/?id=dgh&no=1285&page=16
16,1284,[일반],물1도 진짜 좆망했네,난이도가 저 지랄인데 어떻게 만점 표점이 67 ㅋㅋㅋㅋㅋ 물1 화1 선택 = 나 대학 안가요.,정병훈학파 (1.228) 2024.11.16 04:19:21 스크랩 조회 413 추천 1 댓글 2,1,413,2024.11.16 04:19:21,https://gall.dcinside.com/mini/board/view/?id=dgh&no=1284&page=16
17,1283,[일반],지듣노,https://www.youtube.com/watch?v=17c7kDMG_mU,대갤러 (220.65) 2024.11.15 15:59:32 스크랩 조회 223 추천 1 댓글 0,1,223,2024.11.15 15:59:32,https://gall.dcinside.com/mini/board/view/?id=dgh&no=1283&page=17
17,1282,[일반],공기가 생기면?,에어팟!ㅋㅋㅋㅋㅋ,대갤러 (121.128) 2024.11.15 13:34:43 스크랩 조회 525 추천 27 댓글 4,27,525,2024.11.15 13:34:43,https://gall.dcinside.com/mini/board/view/?id=dgh&no=1282&page=17
17,1281,[일반],형들,여기 기숙사 괜찮아요? 뽑는 인원수 되게 적던데 지원하면 걍 뽑혀요?,대갤러 (175.114) 2024.11.15 11:40:06 스크랩 조회 306 추천 0 댓글 1,0,306,2024.11.15 11:40:06,https://gall.dcinside.com/mini/board/view/?id=dgh&no=1281&page=17
17,1280,[일반],수능,"오늘(어제) 수능 보신 분들 모두 잘 봤길 기원하고, 3년간의 고생이 드디어 끝난 걸 진심으로 축하드립니다!! 근데 2년 뒤엔 나네 ㅅㅂ?",ㄴㅇㅁ (221.143) 2024.11.15 03:22:42 스크랩 조회 222 추천 1 댓글 2,1,222,2024.11.15 03:22:42,https://gall.dcinside.com/mini/board/view/?id=dgh&no=1280&page=17
17,1279,[일반],대광 생각중인 예비고1입니다,대광 내신 난이도 어떤가요 앙고랑 대광 고민중인데 앙고 내신이 많이 어렵다는 소문을 들어서 참 고민입니다,대갤러 (175.114) 2024.11.14 15:33:27 스크랩 조회 502 추천 0 댓글 2,0,502,2024.11.14 15:33:27,https://gall.dcinside.com/mini/board/view/?id=dgh&no=1279&page=17
17,1278,[일반],수능날에 비오는거 보면,지금 수능보는 분들 개ㅈ된거 같은데,대갤러 (223.38) 2024.11.14 12:44:32 스크랩 조회 232 추천 0 댓글 0,0,232,2024.11.14 12:44:32,https://gall.dcinside.com/mini/board/view/?id=dgh&no=1278&page=17
17,1276,[일반],셤 장소 이 학교 걸렸다,학교 화장실 어떰 - dc official App,대갤러 (211.234) 2024.11.13 10:35:25 스크랩 조회 455 추천 3 댓글 3,3,455,2024.11.13 10:35:25,https://gall.dcinside.com/mini/board/view/?id=dgh&no=1276&page=17
17,1273,[일반],오토바이타고 학교와도됨?,ㅇㅇ,대갤러 (211.36) 2024.11.11 16:18:17 스크랩 조회 485 추천 1 댓글 5,1,485,2024.11.11 16:18:17,https://gall.dcinside.com/mini/board/view/?id=dgh&no=1273&page=17
17,1270,[일반],대광고랑 중앙고 고민중인 중3인데,오늘 중앙고 입시설명회 다녀왔는데 중앙고는 작년에 서울대 12명 고대26명 연대21명 메디컬 10명 이라는데 대광고는 입결이 어떤가 해서요 대광고랑 중앙고중에 어디가 낫나요?,대갤러 (223.38) 2024.11.09 15:17:41 스크랩 조회 840 추천 0 댓글 8,0,840,2024.11.09 15:17:41,https://gall.dcinside.com/mini/board/view/?id=dgh&no=1270&page=17
17,1268,[일반],이분 귀엽죠ㅠㅠㅠㅠㅠㅠㅠㅠㅠㅠㅠㅠㅠㅠㅠ,비추ㄴㄴㄴㄴㄴㄴㄴㄴㄴㄴㄴㄴㄴㄴㄴㄴㄴㄴㄴㄴ,정병훈학파 (1.228) 2024.11.09 00:17:39 스크랩 조회 807 추천 16 댓글 0,16,807,2024.11.09 00:17:39,https://gall.dcinside.com/mini/board/view/?id=dgh&no=1268&page=17
17,1267,[일반],기부왜하냐,ㄹㅇ,대갤러 (118.221) 2024.11.08 13:13:20 스크랩 조회 311 추천 2 댓글 1,2,311,2024.11.08 13:13:20,https://gall.dcinside.com/mini/board/view/?id=dgh&no=1267&page=17
17,1266,[일반],그 분께 바칩니다,반박시 하늘궁사,대갤러 (106.101) 2024.11.07 14:50:06 스크랩 조회 626 추천 9 댓글 0,9,626,2024.11.07 14:50:06,https://gall.dcinside.com/mini/board/view/?id=dgh&no=1266&page=17
17,1265,[일반],09,여기 추가모집 으로 들어오려면 조건뭐임? 일반고 지원 안해야된다 그런거 있던데 떨어지면 ㅅㅂ 어케되는거임??? 외고 지원하고 떨어지면 추가모집으로 들어올 생각입니다.,대갤러 (125.191) 2024.11.07 00:37:56 스크랩 조회 461 추천 1 댓글 3,1,461,2024.11.07 00:37:56,https://gall.dcinside.com/mini/board/view/?id=dgh&no=1265&page=17
17,1264,[일반],야자실 와이파이 아는사람,ㅃㄹㅃㄹ - dc official App,대갤러 (211.234) 2024.11.06 18:36:07 스크랩 조회 380 추천 0 댓글 1,0,380,2024.11.06 18:36:07,https://gall.dcinside.com/mini/board/view/?id=dgh&no=1264&page=17
17,1263,[일반],개쫄리노,축제 만족도 조사 떠서 개쫄리는 ㄱㄱㅎ이면 개추 ㅋㅋ - dc official App,삼각산정기 2024.11.06 00:33:13 스크랩 조회 667 추천 11 댓글 1,11,667,2024.11.06 00:33:13,https://gall.dcinside.com/mini/board/view/?id=dgh&no=1263&page=17
17,1262,[일반],난 이 학교가 싫다,원래 세상 돌아가는게 다 이런건가,대갤러 (220.65) 2024.11.06 00:32:31 스크랩 조회 510 추천 8 댓글 2,8,510,2024.11.06 00:32:31,https://gall.dcinside.com/mini/board/view/?id=dgh&no=1262&page=17
17,1261,[일반],학생들한테 사과 왜 안하시냐,아직도 교사 대표로서 야동극장을 막기위해 용자하신거라 생각하시는거? 너무 쪽팔려서 부모님께 죄송하다 찐으로,대갤러 (183.96) 2024.11.03 00:35:05 스크랩 조회 752 추천 17 댓글 2,17,752,2024.11.03 00:35:05,https://gall.dcinside.com/mini/board/view/?id=dgh&no=1261&page=17
17,1260,[졸업생],예전에도 여고 댄스부 중단 시킨 적 있었음,그때도 ㄱㄱㅎ이엇는진 잘 기억 안남ㅎ,ㅇㅇ (125.176) 2024.11.02 02:53:58 스크랩 조회 902 추천 3 댓글 2,3,902,2024.11.02 02:53:58,https://gall.dcinside.com/mini/board/view/?id=dgh&no=1260&page=17
17,1259,[일반],지금 딱 학교측 스탠스가,학생들 입 막음 시켜서 일 덮으려는 스탠스 아니냐? - dc official App,대갤러 (211.234) 2024.11.01 22:13:30 스크랩 조회 855 추천 16 댓글 3,16,855,2024.11.01 22:13:30,https://gall.dcinside.com/mini/board/view/?id=dgh&no=1259&page=17
17,1257,[일반],후배들아,나 졸업생인데 올해 큰빛축제 찬조팀 얘기 뭐냐 ㄹㅇ 믿을수가없는데 누가 설명 좀 해줄래,대갤러 (61.98) 2024.10.31 18:42:07 스크랩 조회 829 추천 6 댓글 6,6,829,2024.10.31 18:42:07,https://gall.dcinside.com/mini/board/view/?id=dgh&no=1257&page=17
17,1256,[일반],주딱이든 파딱이든,승규 차단 좀. 저 병신련 우리 학교도 아닌데 왜 지랄이냐 가만히 좀 있자,대갤러 (118.221) 2024.10.31 16:57:28 스크랩 조회 718 추천 18 댓글 6,18,718,2024.10.31 16:57:28,https://gall.dcinside.com/mini/board/view/?id=dgh&no=1256&page=17
17,1251,[2학년],@김귀혁 (aka.하늘궁사),요약 1. 여학생들의 공연이 광란의 야동 같았다. 2. 불미스러운 일을 일으켰지만 이해좀 해줘라. 3. 신중하게 생각해서 나온 표현이 광란의 야동극장이다. ...이게 맞습니까? 아래는 사과문을 쓰시는 법을 모르시는 것 같아 손수 사과문을 쓰는 방법 찾아드렸습니다~ 기존 글에서 실수했던 부분들을 밑줄 쳐 뒀으니 참고하세요ㅎㅎ,대갤러 (218.236) 2024.10.30 23:45:49 스크랩 조회 2541 추천 38 댓글 3,38,2541,2024.10.30 23:45:49,https://gall.dcinside.com/mini/board/view/?id=dgh&no=1251&page=17
17,1249,[일반],ai영상 어디감,ㅈㄴ재밋던데,대갤러 (122.45) 2024.10.28 20:06:29 스크랩 조회 732 추천 4 댓글 2,4,732,2024.10.28 20:06:29,https://gall.dcinside.com/mini/board/view/?id=dgh&no=1249&page=17
17,1247,[일반],대광고 장점,5가지 정도 장난말고 진지하게 소개 가능? - dc official App,대갤러 (222.109) 2024.10.27 20:59:10 스크랩 조회 1395 추천 7 댓글 15,7,1395,2024.10.27 20:59:10,https://gall.dcinside.com/mini/board/view/?id=dgh&no=1247&page=17
17,1244,[일반],[대갤문학] '용기','어이' '김귀혁 어딜 그렇게 급하게 가는거야?' 우리 학생들의 미래를 지키려고한다. 너.. 그런짓을 했다간.. 제자들에게 욕을 먹을거야...! 나의 제자들이 나를 뭐라하는거 상관없어.. 그정도 용기쯤은.. 이미 충분하니까..! 학생 미래보장은? 대평ㅋㅋ,대갤러 (121.161) 2024.10.27 01:41:09 스크랩 조회 1739 추천 88 댓글 2,88,1739,2024.10.27 01:41:09,https://gall.dcinside.com/mini/board/view/?id=dgh&no=1244&page=17
17,1243,[일반],선생이 무능한 학교,의견을 들으려고 하지도 않고 자기맘대로임,대갤러 (77.111) 2024.10.27 01:38:01 스크랩 조회 944 추천 9 댓글 1,9,944,2024.10.27 01:38:01,https://gall.dcinside.com/mini/board/view/?id=dgh&no=1243&page=17
17,1242,[일반],진짜 ㅈ같네,나도 당신 수업들을때 ㅈ같으면 티비선 뽑아버릴까?,대갤러 (77.111) 2024.10.27 01:36:33 스크랩 조회 698 추천 17 댓글 0,17,698,2024.10.27 01:36:33,https://gall.dcinside.com/mini/board/view/?id=dgh&no=1242&page=17
17,1240,[일반],"학생회 폭행,찬조팀 비하",선생님들 이거는 그냥 넘어갈 문제가 아닙니다 . 솔직히 삐딱하게때부터 자신의 의견만 내세우다 질타를 받으셔놓고 열심히 학생회가 준비한 축제까지 다 망쳐버릴려고 하셨습니다 .이번 사건으로 인해서 내년에 찬조팀들 안 올려고 그러면 어떻게 하실건가요?,대갤러 (211.178) 2024.10.27 01:21:51 스크랩 조회 1113 추천 18 댓글 1,18,1113,2024.10.27 01:21:51,https://gall.dcinside.com/mini/board/view/?id=dgh&no=1240&page=17
17,1237,[일반],고등학교 걍 대광고 지원함,본인전적 중2시절 본인 인권유린한 한문선생 교육청 신고횟수4회 그 결과 선생 3개월 감봉까지 시켰던 본인 이라면 김귀혁? 족칠수있을거같다. 물론 청주에서 서울까지 이사까지하며 지원해야하지만 충분히 메리트있다본다 도전한다. - dc official App,나 한승규인데 (1.246) 2024.10.26 23:39:25 스크랩 조회 1084 추천 18 댓글 3,18,1084,2024.10.26 23:39:25,https://gall.dcinside.com/mini/board/view/?id=dgh&no=1237&page=17
17,1236,[일반],그래비티 롤러코스터,반갑다 그래비티 동아리 일원이다 분명 우리도 롤러코스터 기획만 했을때는 릴스처럼 책상가지고 하는 줄 알았다. 일단 선생님이 어떤 학생에게 도면을 요청해놨다고 하길래 우린 기다렸고 축제 준비 전 마지막 동아리 시간에 도면을 처음봤다.. 그래서 우리도 이것저것 물어보는데 다 된다고 2-3시간만 이면 되고 안전하다고 해서 믿고 갔다. 근데 일이 터짐 재료가 철근이어서 글라인더나 용접이 필요한걸 그 학생이 수요일 전날 쌤한테 말하고 학교에서는 그런거 안된다해서 수요일날 철근을 짜른 꼬라지가 난거다. 우리가 너무 믿고 간건 맞지만 우리는 수요일 만들 당시에 재료가 철근인걸 알았고 난 그거 하나때문에ㅜ9시까지 남았다.. 학생회 몇명도 끝까지 남아서 도와줄려해서 고맙다. 그 모든걸 계획한 학생.. 여기까지만 말할게?,대갤러 (61.74) 2024.10.26 20:45:42 스크랩 조회 869 추천 30 댓글 6,30,869,2024.10.26 20:45:42,https://gall.dcinside.com/mini/board/view/?id=dgh&no=1236&page=17
17,1234,[일반],이번 축제 사건 내가 진짜 다른 건 다 참겠는데,.,대갤러 (211.234) 2024.10.26 18:27:11 스크랩 조회 1140 추천 15 댓글 1,15,1140,2024.10.26 18:27:11,https://gall.dcinside.com/mini/board/view/?id=dgh&no=1234&page=17
17,1232,[일반],중력 동아리 철근 짤랐다는 거,ㅇㄱ ㅈㅉㅇㅇ?,ㅇㅇ (211.234) 2024.10.26 12:35:49 스크랩 조회 882 추천 10 댓글 6,10,882,2024.10.26 12:35:49,https://gall.dcinside.com/mini/board/view/?id=dgh&no=1232&page=17
17,1228,[일반],미달 좆창난 이유,"https://m.terms.naver.com/entry.naver?docId=941432&cid=47331&categoryId=47331 비합리적 사고 비합리적 사고 유형으로는 고정 관념, 흑백 논리, 편견, 아집, 왜곡과 은폐, 표리 부동 등을 꼽을 수 있다. 먼저, 고정 관념은 사실적 증거 없이 인습적 사고 방식을 무비판적으로 믿고 수용하는 태도를 말한다. '남녀 간에는 선천적으로 능력의 차이가 있다'든가 '한국 사회에서는 연줄이 있어야만 성공할 수 있다'라는 생각 등이 이에 해당한다. 흑백 논리는 문제를 해결할 때 선 · 악, 참 · 거짓, 찬성 · 반대와 같이 문제를 양극화하여 양자 중의 하나를 선택하도록 함으로써 중간 입장을 허용하지 않는 태도를 뜻한다. '시장 경제를 비판하는 사람은 공산주의자이다' 또는 '타협하는 것은 곧 굴복하는 것이다' 등이 이에 속한다. 사물을 이해하는 데 있어 어느 한 가지 입장에 치우쳐 전체를 균형 있게 보지 못하는 태도를 편견이라고 한다. '○○나라 사람들은 믿을 만한 사람이 못 된다'라는 사고가 이에 해당하며, 고정 관념이나 흑백 논리도 일종의 편견이라 할 수 있다. 아집은 생각하 m.terms.naver.com 벌어지는 사건들도 이거 하나로 설명되지 않노? 애시당초 미달도 선생들이 만드는거 아니노? 한심하다 이기야 퉤",대갤러 (183.96) 2024.10.26 03:32:01 스크랩 조회 760 추천 17 댓글 0,17,760,2024.10.26 03:32:01,https://gall.dcinside.com/mini/board/view/?id=dgh&no=1228&page=17
17,1226,[일반],상당히 궁금한 점,"귀혁이 이 정도로 개병신 꼰대년이었으면, 학교 내에서도 다 알고 있었을 텐데, 도대체 누가, 왜 축제 담당으로 한 거임? 우리 학교 인사는 어떻게 하는 거노? 아니면 귀혁이가 자진해서 한 건가",ㄴㅇㅁ (221.143) 2024.10.26 01:34:29 스크랩 조회 710 추천 16 댓글 1,16,710,2024.10.26 01:34:29,https://gall.dcinside.com/mini/board/view/?id=dgh&no=1226&page=17
17,1223,[일반],대광 축제못간 타학교 학생인데,김XX선생께서 공연중 전선을뽑아버린게 실화임??????,아야나미레이 (1.239) 2024.10.26 00:22:48 스크랩 조회 1193 추천 8 댓글 5,8,1193,2024.10.26 00:22:48,https://gall.dcinside.com/mini/board/view/?id=dgh&no=1223&page=17
17,1222,[일반],이딴게,이딴새끼가 우릴 가르치는 선생이란다... ㅈㄴ 자괴감드네,대갤러 (218.238) 2024.10.25 23:47:16 스크랩 조회 585 추천 13 댓글 0,13,585,2024.10.25 23:47:16,https://gall.dcinside.com/mini/board/view/?id=dgh&no=1222&page=17
17,1221,[일반],말씀 중에 죄송합니다.,"그리고 이건 하늘궁사5736님과는 직접 관련이 있긴 할 수 있지만, 축제 때 찬조 공연을 대하는 태도와 말투에 대해 하나 짚고 넘어가겠습니다. 앞에 하늘궁사님의 만행에 대해선데요. 음악을 끊어버린다는 행동은 보통 혼자 음악을 듣고 있을 때 하는 행동이지, 누가 됐든 찬조 공연을 하는 댄스부에게 하는 올바른 행동이 아니지요. 더구나 그 앞에는 ’삐딱하게‘라는 곡의 선정과 관해서 가수를 마음껏 폄하하고, 3학년 학생의 평소 행실이 이상하다는 식으로 말씀을 하셨는데, 잘 몰랐으면 그런 말씀을 하질 않으셨어야 합니다. 뭣도 모르고 마음대로 말하는 것은 듣는 이 입장에서는 상당히 불쾌한 태도입니다. 또한 구청에서 동아리 활동을 지원했다, 이 점을 염두하라는 식으로 말씀을 남기셨는데요. 지원과 기부는 목적에 있어서 매우 큰 차이가 있음을 말씀드립니다. 대부분의 학생이 기부할 생각이 없음을 참고하시길 바라고요. 앞으로 광란의 야동 극장에서 채플을 하고, 기도를 하고, 교육을 받아야 된다는 게 매우 안타깝고 우려된다는 말씀 남기고 이만, 정심정기하도록 하겠습니다. 앞으로 하늘궁사5736님의 남성미 넘치는 활동 기대하겠습니다.",대갤러 (211.234) 2024.10.25 23:31:27 스크랩 조회 1081 추천 19 댓글 1,19,1081,2024.10.25 23:31:27,https://gall.dcinside.com/mini/board/view/?id=dgh&no=1221&page=17
17,1220,[일반],제발 진지하게,교육청 신고 할 사람없나? 진짜 제발,대갤러 (218.238) 2024.10.25 23:30:29 스크랩 조회 645 추천 8 댓글 2,8,645,2024.10.25 23:30:29,https://gall.dcinside.com/mini/board/view/?id=dgh&no=1220&page=17
17,1219,[일반],근데 김귀혁 진짜 지금 잘려야하는게,"지금 애들 인스타 스토리 올라온거 보면 동아리 카톡방에서 막 ""어제 있었던 불미스러운 일에 대해...""  어쩌고 하다가 ""광란의 야동 극장이 되는 꼴을 못봐서 참지 못했다.."" 이지랄하던거 그거 까고보면 찬조팀들 성적 대상으로 봤다는건데 이거 찬조팀들이 충분히 성적으로 수치심 느낄수 있는거 아님? 이거 찬조팀들 대부분이 학생일텐데 ㅋㅋㅋㅋㅋㅋㅋㅋ 진짜 뭔생각인걸까 ㄹㅇ? 걔네가 신고하면 잘리는걸로 안끝날텐데 ㅋㅋㅋㅋㅋㅋ",대갤러 (218.51) 2024.10.25 23:19:33 스크랩 조회 1054 추천 28 댓글 0,28,1054,2024.10.25 23:19:33,https://gall.dcinside.com/mini/board/view/?id=dgh&no=1219&page=17
17,1218,[일반],그냥 ‘그 새끼‘ 존재 이유가 뭐임?,"축제 전부터 학생화한테 겐세이 ㅈㄴ넣고 뉴진스는 야하다 이러면서 선택의 폭 ㅈㄴ 좁히고 애들 회의시키고 자기는 배드민턴 치러가고 맘에안든다고 결과 엎고 찬조도 지 맘에 안들면 다 컷시킴 학생회애들 한번 들고 일어난후 학생회애들끼리 축제 생각보다 잘 준비해서 진행중이었는데 거기다 지 혼자 발작하면서 눈뒤집혀서 발작하며 선뽑고 나중에 이해부탁드립니다노~ 이지랄 ㅋㅋ 축제가 너무 잘 진행된 탓이었는지 축제 끝난 후에도 일은 학생이 하고 기부는 선생이 ㅋㅋㅋㅋ 그리고 축제 단톡방에서도 계속 지랄중 주변에서 말해주는 사람이 없나 왜 자기가 틀렸고 무능력하다는걸 인지 못하는거지 최소한의 양심이 있으면 학생회 자리에서 내려오던가 사과문 다시써라 “광란“, “이해부탁드립니다“같은 4과문말고 맨날 정심정기정심정기 ㅇㅈㄹ하는데 지금 본인부터가 정심이 아님 - dc official App",대갤러 (59.5) 2024.10.25 23:17:49 스크랩 조회 861 추천 16 댓글 1,16,861,2024.10.25 23:17:49,https://gall.dcinside.com/mini/board/view/?id=dgh&no=1218&page=17
17,1217,[일반],그래서 기부는 무슨 말이고,무조건 전체 기부임? 아니면 선택적 일부 기부임? 부스 좀 고생했는데 한푼도 못받으면 좀 아쉬울 것 같은데.. (물론 기부->무조건ㅈ같다 이건 아니긴 한데) 작년이나 재작년에도 부스로 번 돈 기부함?,ㅇㅇ (175.193) 2024.10.25 22:59:25 스크랩 조회 669 추천 17 댓글 3,17,669,2024.10.25 22:59:25,https://gall.dcinside.com/mini/board/view/?id=dgh&no=1217&page=17
17,1214,[일반],근데 맞은 애들이 김귀혁 신고하면 이 새끼 짤리는 거 아니냐?,2024년에 이 지랄한 것도 레전드인데 이건 진짜 엄중사항 아니냐 - dc official App,대갤러 (211.234) 2024.10.25 22:30:23 스크랩 조회 862 추천 19 댓글 1,19,862,2024.10.25 22:30:23,https://gall.dcinside.com/mini/board/view/?id=dgh&no=1214&page=17
17,1212,[일반],김귀혁 씨발새끼야,진짜 물건이네 이거 최소어제 그 깽판을 쳤으면 진심아닌 사과한줄이라도 써야되는거 아니냐? 니 신념이 뭐든 관심없고 왜  니 신념때문에 몇백명의 사람들이 피해를 봐야하는것이며 니새끼가 음악을 끄는 행동이 댄스팀에게는 큰 결레라는것은 모르겠니? 병신같은 학생은 처벌하면서 병신같은 선생은 편하게 이런 지랄글이나 싸지르면서 공무원으로 돈 받아쳐먹는게 역겹다. 자기는 학생들을 위한다는 명목아래 자신의 가치관과 일치하지 않으면 수단 방법 무관 주체하지 못하고 행동하는게 정신병이지 뭐가 정신병이냐? 애초에 말을 들었을거면 진작 바뀌었겠지 무식한새끼가 신념을 가졌으니 어떻게 막겠냐 에휴 나가뒤져라,헛헛 (218.238) 2024.10.25 21:58:20 스크랩 조회 1364 추천 57 댓글 2,57,1364,2024.10.25 21:58:20,https://gall.dcinside.com/mini/board/view/?id=dgh&no=1212&page=17
17,1211,[일반],아시발,도저히 못참겠네 몇명이든 상관 없으니까 월요일에 창의 인성부앞에서 단체로 개지랄 할 애들 없냐? 학생회애들 선 뽑는거 막다가 몇명 뺨 맞았다는데 시발 적당히 해야지 저런새끼는 선생 못하게 해야함 그리고 광란의 야동극장 ㅇㅈㄹ 시발 결혼하고 자식까지 있는 사람이 저게 할 소리냐?,대갤러 (211.178) 2024.10.25 20:50:38 스크랩 조회 759 추천 26 댓글 3,26,759,2024.10.25 20:50:38,https://gall.dcinside.com/mini/board/view/?id=dgh&no=1211&page=17
17,1210,[일반],귀혁 게이야...,광란의 야동극장이 뭔 소리니...? 나체로 춤 춘 것도 아니고 옷 고장나서 벗었다잖냐...ㅉㅉ 그리고 기부는 또 뭔 말도 안 되는 소리일까? 수익 전부 기부할거면 애들이 좆빠지게 열심히 일할 필요도 없던거 아냐?? 정신차려 제발ㅠㅠ,대갤러 (218.235) 2024.10.25 20:36:53 스크랩 조회 915 추천 16 댓글 0,16,915,2024.10.25 20:36:53,https://gall.dcinside.com/mini/board/view/?id=dgh&no=1210&page=17
17,1209,[일반],부스때 느낀점,롤러코스터~,대갤러 (211.36) 2024.10.25 19:01:06 스크랩 조회 593 추천 2 댓글 5,2,593,2024.10.25 19:01:06,https://gall.dcinside.com/mini/board/view/?id=dgh&no=1209&page=17
17,1207,[일반],너네학교 축제 ㅆㅅㅌㅊ엿음,최대한 빨리 갓는데 8시여서 부스도 못하고 공연도 별로 못보긴햇는데 푸드트럭도 잇고 공연도 무대연출시발고등학교맞냐 전체적으로 지리더라 그리고 딴학교들 시발 티켓도 챙겨가야하고 가도 공연만허용이고 개노잼인데 너네는 개방적이어서 좋앗는듯,ㅇㅇ (124.197) 2024.10.25 00:44:13 스크랩 조회 1083 추천 20 댓글 5,20,1083,2024.10.25 00:44:13,https://gall.dcinside.com/mini/board/view/?id=dgh&no=1207&page=17
17,1205,[일반],그냥 전 담당 쌤이 좋았노,대 ㅅ ㅇ,대갤러 (104.28) 2024.10.24 23:02:09 스크랩 조회 720 추천 9 댓글 1,9,720,2024.10.24 23:02:09,https://gall.dcinside.com/mini/board/view/?id=dgh&no=1205&page=17
17,1203,[일반],안경쓴 오징어 선생님 필독하십쇼,지금 2024년입니다 치마길이 단속하고 머리길이 단속하고 사회적으로 폐쇄적이고 님 국민하교다니던 1974년 아니라고요 김귀혁씨 머리에든게 없는 사람이 신념이 생기면 그만큼 무서운게 없다는 말이 있는데  이에 정확하게 부합하는 사례네요. 주변 선생님들이 오냐오냐 하니까 자신이 뭔가 정의러운것을 하고 있는것 같고 학생들을 위해 희생하는 인물같이 느껴지시는거 같은데 전혀 아닙니다. 아까도 엠프 강제로 끄시고 밖에서  다른 선생님과 함께 그 사건에 대해 이야기하시는 모습을 직접봤는데 그걸 듣는 선생님들도 당신과 같은 생각을 하고있을거라고 생각하지 마십쇼. 본인 제외 다른사람들이 모두 아니라고 하면 본인이 바뀌어야 하는것입니다. 솔직히 다른선생님 탓을 하는것은 아니지만 학교내에서도 바른소리를 내는 선생님이 있어야한다고 생각합니다. 마지막으로 정말 도저히 어떻게 당신같은사람이 선생님이라는 직업을 가질수 있었는지 모르겠고 21세기에 어떻게 휴대폰을 비롯한 현대문물에 적응할수 있었는지 존경스럽고 그저 우러러볼 뿐입니다. 장수하시고 썩어빠진 정신머리부터 고치시길 간곡히 부탁드립니다.,징징이 (218.238) 2024.10.24 22:10:09 스크랩 조회 926 추천 46 댓글 0,46,926,2024.10.24 22:10:09,https://gall.dcinside.com/mini/board/view/?id=dgh&no=1203&page=17
17,1120,[일반],"선생으로 ""김귀혁""이 적절지 못한 이유","1. 축제의 대미를 결정하는 자리에 전혀 적절하지 않음. 2. 김귀혁이라는 선생의 대가리 그런 취지와 전혀 어윤리지 않음. EX)정심정기. 그럴거면 학생회가 그만둬야지. 어차피 난 찐따였어.  등등 3. 그 선생의 정신세계가 그리 밝고 건강하지 않아 보임. EX) 자기의 잣대만 들이대고 다른의견은 개무시함(찌질함). 예전 한 라이브컨서트에서 라이브중에 앰프선을 뽑아버리는 폭력적이고 충동적인 퍼포먼스를 벌였음. . 어떤 뮤비에서는 배경에 활을두고 조준하는 공격적인 모습이나옴 (예수를 믿는것도 예사롭지 않음). 대광의 '토병호'라는 거의 쓰레기 수준의 인간과 한솥밥을 오래 먹은 것으로도 알고 있음(직접 범죄에 연관되진 않았더라도). 4. 선생는 교육이 전부는 아님. 모든 선생은 먼저 대가리 속에 들어있는 사상과 인성이 교육자의 정신과 감정이 표현되고 그것을 통해 공감을 주며 결국은 어떤 식 으로든 영향력을 미치는 법임. 한번 듣는다고 큰 영향이 있는 건 아니겠지만. 좋아하고 줄 기다보면 무의식적으로라도 영향을 받게 돼 있음. EX) 식물인간도 음악소리에 영향을 받음, 우 리 학교 3학년 학생 중에. 3월부터 웃는 표정을 한번도 못 본 한 친구는 국궁과 한국사를다 좋아한다고 함. 5. 잔치집에서 맞있는 불량식품 한 번 먹는다고 그 사람의 건강에 심각한 영향을 추진 않음. 하지만 사정을 알고 있는 잔치집 주인은 두고두고 마음에 걸릴 수 있음 6. 대광에 걸맞는 다른 선생들이 찾아보면 널려 있음",대갤러 (23.251) 2024.09.06 23:44:03 스크랩 조회 2734 추천 218 댓글 14,218,2734,2024.09.06 23:44:03,https://gall.dcinside.com/mini/board/view/?id=dgh&no=1120&page=17
18,1202,[일반],복면가왕이 제일 나았다,꼬라지가 이게 뭐노,대갤러 (118.235) 2024.10.24 21:38:23 스크랩 조회 730 추천 26 댓글 1,26,730,2024.10.24 21:38:23,https://gall.dcinside.com/mini/board/view/?id=dgh&no=1202&page=18
18,1201,[일반],이번축제,사람들 왤캐안온거임?,ㅇㅇ 2024.10.24 21:35:57 스크랩 조회 479 추천 2 댓글 1,2,479,2024.10.24 21:35:57,https://gall.dcinside.com/mini/board/view/?id=dgh&no=1201&page=18
18,1200,[일반],걍이번 축제 ㅈ망임,사람도 ㅈㄴ 없고 그나마 찬조볼만했는데 ㄱㄱㅎ이 다망침,대갤러 (106.101) 2024.10.24 19:42:41 스크랩 조회 939 추천 12 댓글 2,12,939,2024.10.24 19:42:41,https://gall.dcinside.com/mini/board/view/?id=dgh&no=1200&page=18
18,1199,[일반],언럭키 빅뱅,진짜 잘하네,대갤러 (118.221) 2024.10.24 19:11:03 스크랩 조회 785 추천 13 댓글 5,13,785,2024.10.24 19:11:03,https://gall.dcinside.com/mini/board/view/?id=dgh&no=1199&page=18
18,1198,[일반],야,지맘에 안든다고 애들 밀고 강제로 음악끄는게 상식적인 상황이냐? 찬조팀한테도 예의가 없는거 아님? 상식이 없으면 대가리로 생각이라도 해라 우리 모범소년 귀혁아,징징이 (118.221) 2024.10.24 19:09:53 스크랩 조회 699 추천 22 댓글 3,22,699,2024.10.24 19:09:53,https://gall.dcinside.com/mini/board/view/?id=dgh&no=1198&page=18
18,1197,[일반],김귀혁 ㅇㅁ,없냐?,ㄱㄱㅎ ㄴㄱ (118.221) 2024.10.24 18:49:01 스크랩 조회 917 추천 24 댓글 1,24,917,2024.10.24 18:49:01,https://gall.dcinside.com/mini/board/view/?id=dgh&no=1197&page=18
18,1196,[일반],축제 의상검열 미쳤나,저걸 점퍼를 씌운다고?,대갤러 (118.221) 2024.10.24 18:46:15 스크랩 조회 760 추천 4 댓글 1,4,760,2024.10.24 18:46:15,https://gall.dcinside.com/mini/board/view/?id=dgh&no=1196&page=18
18,1195,[일반],대광고 입학,여기 성적 아무리 좆박아도 다 들어오는 학교라던데 맞나요..? 제가 알던 모습이랑 너무다르네요…. - dc official App,나 한승규인데 (211.235) 2024.10.23 04:02:07 스크랩 조회 598 추천 5 댓글 8,5,598,2024.10.23 04:02:07,https://gall.dcinside.com/mini/board/view/?id=dgh&no=1195&page=18
18,1194,[일반],대광고 지망하는 타지역학생입니다,현중3이고 충북청주 거주중입니다 지역에 자사고 없는데 대광 지원 가능하나요? 합격하면 서울에서 어머니와 둘이 집구해 살 예정입니다. 타지에서 지원안되면 서울에 큰할아버지 집으로 전입해서라도 가고싶습니다 조언 바랍니다!,대갤러 (211.234) 2024.10.23 02:04:42 스크랩 조회 718 추천 0 댓글 14,0,718,2024.10.23 02:04:42,https://gall.dcinside.com/mini/board/view/?id=dgh&no=1194&page=18
18,1192,[일반],너네학교 축제 재밋냐,ㅇㅇ,ㅇㅇ (211.234) 2024.10.22 10:49:58 스크랩 조회 446 추천 0 댓글 2,0,446,2024.10.22 10:49:58,https://gall.dcinside.com/mini/board/view/?id=dgh&no=1192&page=18
18,1190,[일반],젠지 플퀘한테 지냐?,- dc official App,대갤러 (221.138) 2024.10.21 00:04:07 스크랩 조회 221 추천 2 댓글 0,2,221,2024.10.21 00:04:07,https://gall.dcinside.com/mini/board/view/?id=dgh&no=1190&page=18
18,1188,[일반],대광고 작년 졸업생인데 요즘 근황 어떰??,듣기로는 문신한 친구들도 입학하고 축제땜에 ㄱㄱㅎ이랑 갈등 생기고 그랬다던데 분위기 많이 안좋음??,대갤러 (218.51) 2024.10.20 03:58:38 스크랩 조회 510 추천 1 댓글 2,1,510,2024.10.20 03:58:38,https://gall.dcinside.com/mini/board/view/?id=dgh&no=1188&page=18
18,1187,[일반],성동 중3인데,성적은 10등 내진지하게 대광 ㄷ 중앙 중에 어디가 낫나요?,대갤러 (49.164) 2024.10.19 00:35:59 스크랩 조회 463 추천 0 댓글 9,0,463,2024.10.19 00:35:59,https://gall.dcinside.com/mini/board/view/?id=dgh&no=1187&page=18
18,1186,[일반],2024 고1 10모 38번 틀린 사람?,"고1들 이번 10모에서 38번 엄청 틀렸지? 왜 틀렸는지 알아ㅋㅋㅋㅋ 너네 글 읽으면서 대강 이해는 갔자너 기억 안나면 한번 다시 보고 밑에 내려봐 뭔가 과학은 확실 하고 사회는 불확실 하고 심리학 = 과학 이니깐 심리학은 증거를 기반으로 하는 확실한 것 이다 대강 이정도 잡으면서 읽었을거 아니야 그러고나서 제시문 을 딱 보니깐 Instead, they look for evidence 아 이거 심리학이구나 그러면 연결사가 Instead니깐 앞에는 뭔가 불확실한 사회 나오겠네? 하고서 찾을라는데 선지에서 안보여 ㅅㅂ 이게 머야 대체 ㅈ같은거 그래서 대강 읽어보다가 감대로 찍었지 그치? 근데 이게 답이 4번 이래 그러고나서 4번 앞을 보니깐 심리학 얘기인디? 머여 ㅅㅂ 왜 심리학 얘기 다음에 Instead 나오고나서 또 심리학 얘기가 나오는거야 이상하네 근데 그게 다 이유가 있음 이제 이 문장 잘 봐바 내가 글씨는 못씀 ㅈㅅ 좀 봐줘 위의 말 읽어보니깐 어떰? 일단 내용은 평범한 2,3학년 광붕이 얘기지? 말의 흐름은 어떰? 자연스럽지? 자 근데 조금만 생각해보면 이상한게 수시 정시 이렇게 수시는 빨강, 정시는 파랑으로 표시해보자 근데 정작 두 문장은 내용을 보면 빨강 이를 하지 않아 = 파랑 파랑 이를 시작했어 = 파랑 똑같이 정시를 한다는 내용임 근데 어떻게 연결사로 '대신에' 가 들어가냐 '대신에' 이거 들어가면 앞 뒤 바뀌는거 아니었냐 이제 정답이 나옴 원래 '대신에'라는 연결사는 부정어랑 같이 쓰일때 역접으로 쓰이지를 않음 '부정어 + 대신에' 조합은 역접이 아니라는 거지 위의 문장도 다시금 보면 이제 보이지? 앞문장에 부정어 '않아'가 들어가 있는게 이게 재밌는건 수능에서도 많이 쓰인다는 거임 수능까지 가기 전에 일단 이번 문제부터 따지면 이제는 답이 보일거임 제시문에 들어간 연결사는 'Instead' 인데 모든 선지 앞문장이 '심리학=과학' 이라는 얘기만 하고 '사회' 얘기는 안한다? 그러면 무조건 머가 답이겠음 그치 무조건 부정어 나온 문장 다음에 제시문 이 들어가야하겠지 그리고 부정어는 어디에 있지? 4번 선지 앞에 봐바 Psychologists 'don't depend on' opinions and hearsay 동사가 그냥 마 딱 don't depend on 오키? 쉽지? 이렇게 풀어야하는거임 모고는 그냥 영어 잘한다고 잘푸는게 아니라 논리를 잘써야함 영어는 도구로하는 논리학 시험 에 가까움 아직 고1일 때는 저런 문제가 많지 않은데 고3되면 그냥 ㅅㅂ 다 저런 문제임 그래서 고1때 1등급 나온다고 자랑하던 애들이 고3때는 2나 3 맞는게 그런 이유임 아 마지막으로 저거 Instead만 되는거 아니다? 다른 예시들도 있음 또 어떤 연결사가 되는지 알고 싶으면 개추 ㄱㄱ",대갤러 (182.222) 2024.10.18 15:51:58 스크랩 조회 982 추천 53 댓글 18,53,982,2024.10.18 15:51:58,https://gall.dcinside.com/mini/board/view/?id=dgh&no=1186&page=18
18,1183,[1학년],국어,쉬웠냐 - dc official App,대갤러 (220.73) 2024.10.11 11:30:26 스크랩 조회 401 추천 0 댓글 0,0,401,2024.10.11 11:30:26,https://gall.dcinside.com/mini/board/view/?id=dgh&no=1183&page=18
18,1182,[1학년],중간 등급 의미있냐?,어차피 합산이니깐 90점 1등급이랑 89점 2등급이랑 별 차이 없는거 아님?,대갤러 (211.106) 2024.10.11 11:06:49 스크랩 조회 464 추천 1 댓글 4,1,464,2024.10.11 11:06:49,https://gall.dcinside.com/mini/board/view/?id=dgh&no=1182&page=18
18,1181,[1학년],국어 7번,"3,5면 개추ㅋㅋ - dc official App",대갤러 (211.234) 2024.10.11 09:31:13 스크랩 조회 352 추천 2 댓글 2,2,352,2024.10.11 09:31:13,https://gall.dcinside.com/mini/board/view/?id=dgh&no=1181&page=18
18,1180,[일반],내신 영어 진짜 ㅈ같은 이유,"내신 영어 진짜 ㅈ같다 근데 왜 ㅈ같냐? 중학교때 생각하고 죽순 먹는 판다마냥 무지성으로 외워서 그럼 중학교나 ㅈ반고는 영어 내신이 쉽게 나온다 왼쪽이 내신시험지                                              오른쪽이 시험범위 원문이다 빈칸 보면 알겠지만 그냥 시험범위 달달 외우고 flexible 단어 보고 그냥 기억만 나면 맞춘다 이거는 못맞추면 판다 미만 이다 근데 대광고는? 이미 고2 고3형들은 잘 알듯이 박스 부분 보면 알겠지만 일단 글 길이부터 다르다 주제만 같지 그냥 다른 문장 다른 글임 암만 외워가봐야 내신에서 만나는건 본적 없는 새로운 문장임 나는 죽순만 ㅈㄴ게 처먹었는데 갑자기 내신 시험장에서 자 오늘의 시험과목은 '소고기 먹기' 에요 이 ㅈㄹ이 나는거임 심지어 변형이 적게 들어갔다고 쳐도 영어 선지 ㅅㅂ 변형이 없어서 죽순인줄 알고 헤헤.... 죽순이다 하는 판다였는데 한입 물고나니 ㅈ같은 기름이 흐른다 원문 외워가면 어느정도야 하겠지 근데 대광은 저런 문제가 태반인데 선생님 머릿속에만 있는 선지를 어떻게 외울건데 변형을 ㅅㅂ 어떻게 외울건데 그냥 외우기만 하는 애들은 본인이 열심히 안외워서 그런줄 아는데 그게 아니라 대광 시험은 외우는거만으로는 안되어서 그럼 계속 외우기만 하다가는 죽순 먹기만 하다가 나중에는 노오오오력이 부족했다보다 하고 똥까지 주워먹음 그냥 소고기 먹는 법을 배우고 죽순도 먹어라 3줄요약 1. 대광 내신은 변형, 영어선지 가 많음 2. 그런데 자꾸 반복반복 무지성 외우기 만함 3. 외우기 하기 전에 단어 + 해석 잡아야지만 의미가 있음",대갤러 (182.222) 2024.10.10 21:49:57 스크랩 조회 3979 추천 60 댓글 22,60,3979,2024.10.10 21:49:57,https://gall.dcinside.com/mini/board/view/?id=dgh&no=1180&page=18
18,1176,[일반],1학년 통과,이거 답 왜 자꾸 A라는거냐? - dc official App,대갤러 (118.235) 2024.10.09 13:37:57 스크랩 조회 627 추천 6 댓글 10,6,627,2024.10.09 13:37:57,https://gall.dcinside.com/mini/board/view/?id=dgh&no=1176&page=18
18,1175,[일반],대광고 신일고 어디가는게좋음?,중3이고 성신여대쪽 거주,ㅇㅇ (220.65) 2024.10.09 12:22:58 스크랩 조회 478 추천 1 댓글 4,1,478,2024.10.09 12:22:58,https://gall.dcinside.com/mini/board/view/?id=dgh&no=1175&page=18
18,1174,[일반],진지하게 대광고 등급별 대학 어떻게 됨?,교과로는 일반고랑 똑같이 봄? 생기부 잘 챙기면 어디까지 가능하냐?,대갤러 (211.106) 2024.10.08 19:34:45 스크랩 조회 615 추천 0 댓글 6,0,615,2024.10.08 19:34:45,https://gall.dcinside.com/mini/board/view/?id=dgh&no=1174&page=18
18,1172,[2학년],언매,1컷 몇예상?,대갤러 (1.229) 2024.10.08 12:39:22 스크랩 조회 241 추천 0 댓글 1,0,241,2024.10.08 12:39:22,https://gall.dcinside.com/mini/board/view/?id=dgh&no=1172&page=18
18,1171,[1학년],통합과학 하루 공부하고 64나왔는데,5ㄱㄴ?,대갤러 (118.235) 2024.10.08 10:56:24 스크랩 조회 440 추천 0 댓글 2,0,440,2024.10.08 10:56:24,https://gall.dcinside.com/mini/board/view/?id=dgh&no=1171&page=18
18,1170,[일반],2학년수학,작년보다 쉬운거 알겠고 몸으로 체감까지 했지만 좆망한 07이면 개추ㅋㅋ,대갤러 (106.101) 2024.10.07 13:29:11 스크랩 조회 548 추천 16 댓글 3,16,548,2024.10.07 13:29:11,https://gall.dcinside.com/mini/board/view/?id=dgh&no=1170&page=18
18,1169,[일반],게이들아 공부 열심히 해라 난 용접하러 갈게,ㅇㅇ,대갤러 (1.229) 2024.10.07 11:59:17 스크랩 조회 527 추천 11 댓글 1,11,527,2024.10.07 11:59:17,https://gall.dcinside.com/mini/board/view/?id=dgh&no=1169&page=18
18,1168,[일반],ㅋㅋㅋㅋㅋㅋㅋㅋㅋㅋㅋㅋㅋㅋㅋㅋㅋㅋㅋㅋㅋ,ㅋㅋㅋㅋㅋㅋㅋㅋㅋㅋㅋㅋㅋㅋㅋㅋㅋㅋㅋㅋㅋㅋㅋㅋㅋㅋㅋㅋㅋㅋㅋㅋㅋㅋㅋㅋㅋㅋㅋㅋㅋㅋㅋㅋㅋㅋㅋㅋㅋㅋㅋㅋㅋㅋㅋㅋㅋㅋㅋㅋㅋㅋㅋㅋㅋㅋㅋㅋㅌㅋㅋㅋㅋㅋㅋㅋㅌㅋㅋㅋㅋㅋㅋㅋㅋㅋㅋㅋㅋㅋㅋㅋㅋㅋ 정시가즈아,대갤러 (223.38) 2024.10.07 10:47:41 스크랩 조회 199 추천 0 댓글 0,0,199,2024.10.07 10:47:41,https://gall.dcinside.com/mini/board/view/?id=dgh&no=1168&page=18
18,1167,[일반],27 5 개추ㅋㅋ,ㅇㄷㄴㅂㅌ - dc official App,대갤러 (211.234) 2024.10.07 09:47:21 스크랩 조회 305 추천 5 댓글 0,5,305,2024.10.07 09:47:21,https://gall.dcinside.com/mini/board/view/?id=dgh&no=1167&page=18
18,1166,[1학년],27 27 아니냐?,ㄹㅇ,대갤러 (118.235) 2024.10.07 09:26:36 스크랩 조회 435 추천 7 댓글 2,7,435,2024.10.07 09:26:36,https://gall.dcinside.com/mini/board/view/?id=dgh&no=1166&page=18
18,1165,[일반],크록스빌런,아니 ㅅㅂ 갑자기 후문에서 왜 잡는거냐? 혼자 발작이네,대갤러 (211.178) 2024.10.04 01:56:03 스크랩 조회 514 추천 7 댓글 4,7,514,2024.10.04 01:56:03,https://gall.dcinside.com/mini/board/view/?id=dgh&no=1165&page=18
18,1164,[일반],중간 좆됐다,시발,대갤러 (1.229) 2024.10.02 16:45:36 스크랩 조회 353 추천 3 댓글 2,3,353,2024.10.02 16:45:36,https://gall.dcinside.com/mini/board/view/?id=dgh&no=1164&page=18
18,1162,[일반],현 중2인데 대광고 어떰?,"대충 주요 과목은 거의 다 상타치고 도덕,기술 같은것들은 거의 내다버린 수준인데.. 갈만 한가요? 또 입시 준비 같은 시기에도 대광중 마냥 수업 분위기로 예배 참여시키거나 막 절실한 선생들이 억지로 전파나 조회 끝났는데도 기도한다든지... 특이한 선생님도 계시는지.. 학생의 성적과 태도에 따라 다르겠지만 대학은 스카이까진 아니더라도 인서울은 대다수가 가는지 궁금하네요.. 대광 다니는데 고등학교 건물,체육관은 수업할때마다 너무 오래된 느낌 나는데..이것저것 복합적으로 돈 내고 다닐만한 학교인지 고민이 많이 들네요 (급식은 애당초 기대x)",ㅇㅇ (118.235) 2024.09.27 15:23:11 스크랩 조회 638 추천 1 댓글 2,1,638,2024.09.27 15:23:11,https://gall.dcinside.com/mini/board/view/?id=dgh&no=1162&page=18
18,1161,[일반],중3인데 질문있어요,"학교에서 전교 10등 안에는 드는데 자사고를 가고 싶어요 동대문쪽 살아서 대광고랑 경희고, 멀리까지는 중앙고 까지가 택사항인데 어디가 좋을까요??",대갤러 (223.38) 2024.09.24 15:06:15 스크랩 조회 860 추천 3 댓글 14,3,860,2024.09.24 15:06:15,https://gall.dcinside.com/mini/board/view/?id=dgh&no=1161&page=18
18,1160,[일반],자백 관련해서도 뭔 사건 있었나요?,ㅇㅇ - dc official App,Chloron 2024.09.24 00:14:31 스크랩 조회 638 추천 0 댓글 2,0,638,2024.09.24 00:14:31,https://gall.dcinside.com/mini/board/view/?id=dgh&no=1160&page=18
18,1156,[2학년],담배,금욜에 담배 걸린 이야기 들음? 한명은 오광순쌤이 심증으로 등교하던애 잡아서 가방검사해서 잡고 한명은 영락교회에서 화장실 가던 애 그냥 붙잡아서 몸수색 해서 잡았다는데 물론 담배를 가지고 있던 애들 잘못도 있지만 정확한 물증도 없이 가방검사하고 몸 더듬거리는게 맞나싶음.. 몸수색은 잘못하면 성적이 문제로까지 갈 수 있는데… 난 이번 일 잘 모르겠음,대갤러 (121.160) 2024.09.15 14:52:43 스크랩 조회 1344 추천 19 댓글 20,19,1344,2024.09.15 14:52:43,https://gall.dcinside.com/mini/board/view/?id=dgh&no=1156&page=18
18,1152,[1학년],후문 왜 잠군거냐??,돌아가기 ㅈ같노,대갤러 (118.235) 2024.09.13 12:09:51 스크랩 조회 672 추천 6 댓글 0,6,672,2024.09.13 12:09:51,https://gall.dcinside.com/mini/board/view/?id=dgh&no=1152&page=18
18,1151,[일반],후문,감옥철창마냥 만들어놨네 문만 좀 바꿔라 뭐냐 이게,대갤러 (211.178) 2024.09.12 23:24:21 스크랩 조회 708 추천 8 댓글 6,8,708,2024.09.12 23:24:21,https://gall.dcinside.com/mini/board/view/?id=dgh&no=1151&page=18
18,1150,[일반],신기방기 착시현상 ㄷㄷ,진짜신기하네,대갤러 (106.101) 2024.09.11 21:22:27 스크랩 조회 619 추천 3 댓글 2,3,619,2024.09.11 21:22:27,https://gall.dcinside.com/mini/board/view/?id=dgh&no=1150&page=18
18,1149,[일반],자백,이렇게 하면 자백하겠지?  라고 생각하며 고심 끝에 꺼낸 말이었을거라 생각하니 웃음이 안나올래야 안나올 수가 없노 ㅋㅋ - dc official App,삼각산정기 2024.09.11 17:41:58 스크랩 조회 668 추천 9 댓글 0,9,668,2024.09.11 17:41:58,https://gall.dcinside.com/mini/board/view/?id=dgh&no=1149&page=18
18,1148,[일반],야 이 무조건적 가해자들아,어서 가서 다들 자백해 너넨 일단 뭘 하든 가해자니까! 잘못한거 없어도 자백하러 가! 남자는 무조건 100% 가해자니까!,대갤러 (104.28) 2024.09.11 13:59:30 스크랩 조회 963 추천 25 댓글 3,25,963,2024.09.11 13:59:30,https://gall.dcinside.com/mini/board/view/?id=dgh&no=1148&page=18
18,1147,[일반],팩트체크,다 자르고 최종으로 찬조 3팀 온다는게 팩트임? 팩트면 해결이고 뭐고 걍 축제 후반부 다 나가리 난거 아닌가 - dc official App,삼각산정기 2024.09.10 23:14:07 스크랩 조회 575 추천 5 댓글 0,5,575,2024.09.10 23:14:07,https://gall.dcinside.com/mini/board/view/?id=dgh&no=1147&page=18
18,1146,[일반],해결됨,"내친구가 학생회는 아닌데 ㄱㄱㅎ선생님이랑 얘기했는데 삐딱하게로 하기로 결정하셨다고 하니까 그만 얘기하자 선생님이 아무리 좀 그런 선택을 하셨지만, 욕을 하는건 아니라고본다",대갤러 (118.221) 2024.09.10 08:08:11 스크랩 조회 861 추천 8 댓글 7,8,861,2024.09.10 08:08:11,https://gall.dcinside.com/mini/board/view/?id=dgh&no=1146&page=18
18,1145,[일반],혁명의 불씨,"학생회가 이 기나긴 싸움을 끝내고 큰빛 축제를 되찾기 위한 묘책을 꾸리고 있다는 소식이 이따금씩 들려옵니다. 뒤에서 우릴 위해 학업을 바치고 싸우며 가끔 넘어져도 다시 털고 일어나 큰빛을 이루기 위해  싸우고 있는 학생회에게 이 글을 바칩니다. ... 저는 너무나도 무력한 저의 마음을 이끌고 조용히 숨죽이며 살아가고 있던 도중, 급식실에 태연히 석식을 먹으러 와 자리에 착석하는 'ㄱㄱㅎ'을 보게 되었습니다. 너무나도 분해 손바닥이 파일 정도로 주먹을 꽉 쥐었지만, 제가 할 수 있는 것은 아무것도 없었습니다. 제 자신이 너무나도 무기력하게 느껴진 나머지 닭똥 같은 눈물이 주르륵 흘러내리더군요. 손을 벌벌 떨며 코코아 가루가 티셔츠에 흐르는것도 눈치채지 못한 채 울분을 삭이고만 있었습니다. 하지만 저는 그 순간, 우릴 위해 싸우고 있는 그들을 떠올렸습니다. 제 눈에는 혁명의 불씨가 맹렬히 타오르고 있었죠. 제 몸은 한결 가벼워졌고 그들을 따를 준비가 되어있음을 온 몸으로 느낄 수 있었습니다. 물론 쉽게 끝날 싸움은 아니겠지요. 하지만 저는 언제나 마음 속에 그들을 품고, 역적 ㄱㄱㅎ을 몰아내기 위해 최전방에 나선 그들의 싸움에 동참해 맹렬한 혁명의 불꽃을 불태울 것입니다. 저는 그들을, 학생회를 응원합니다. - dc official App",삼각산정기 2024.09.09 18:53:39 스크랩 조회 901 추천 31 댓글 3,31,901,2024.09.09 18:53:39,https://gall.dcinside.com/mini/board/view/?id=dgh&no=1145&page=18
18,1144,[일반],괜히 시비 걸어,동네 강아지처럼,대갤러 (118.221) 2024.09.09 14:13:24 스크랩 조회 546 추천 2 댓글 2,2,546,2024.09.09 14:13:24,https://gall.dcinside.com/mini/board/view/?id=dgh&no=1144&page=18
18,1143,[2학년],쌤들끼리도 잘 얘기가 안되는 것 같던데,ㄱㄱㅎ쌤의 반박문을 아예 모르시는 쌤들도 있던데 그럼 쌤들끼리도 얘기가 안 된 상황에서 개인이 마음대로 뿌린 거 아니노? 노답이다 이기야데스웅챠 탈광 기원 + 559,대갤러 (210.92) 2024.09.09 11:37:38 스크랩 조회 991 추천 11 댓글 1,11,991,2024.09.09 11:37:38,https://gall.dcinside.com/mini/board/view/?id=dgh&no=1143&page=18
18,1140,[일반],대붕이들아,ㄱㄱㅎ 선생님께 제대로 보여줘라 너희가 어느학교 학생인지 축제때 야스온더비치 틀고 놀아보자 -75회 졸업생이-,대갤러 (61.98) 2024.09.08 15:09:13 스크랩 조회 754 추천 13 댓글 2,13,754,2024.09.08 15:09:13,https://gall.dcinside.com/mini/board/view/?id=dgh&no=1140&page=18
18,1136,[일반],이번사건 요약좀,앙붕이인데 이번사건 요약좀 해주실 수 있나요?,앙붕이 (175.192) 2024.09.07 22:44:15 스크랩 조회 930 추천 2 댓글 4,2,930,2024.09.07 22:44:15,https://gall.dcinside.com/mini/board/view/?id=dgh&no=1136&page=18
18,1135,[일반],ㄱㄱㄱㄱㄱ,월요일 1교시 홈베에서 삐딱하게 틀 게이들 없노? - dc official App,대갤러 (118.235) 2024.09.07 18:01:26 스크랩 조회 738 추천 11 댓글 8,11,738,2024.09.07 18:01:26,https://gall.dcinside.com/mini/board/view/?id=dgh&no=1135&page=18
18,1134,[일반],안녕하세요,안녕하세요 이병호입니다. 귀혁쌤이 잘못하시긴하셨다 그죠? - dc official App,ㅇㅇ (104.28) 2024.09.07 17:29:23 스크랩 조회 885 추천 36 댓글 0,36,885,2024.09.07 17:29:23,https://gall.dcinside.com/mini/board/view/?id=dgh&no=1134&page=18
18,1132,[일반],큰빛축제,솔직히 이딴 개논리를 써가면서까지 삐딱하게를 반대하는 건 이해가 안됨 아마 음악 후보를 이미 몇개 정해놨고 학생회가 추천한게 후보 안에 있을때까지 빠꾸먹이는 거거나 귀혁이가 지디한테 악감정이라도 있는듯?,대갤러 (1.229) 2024.09.07 12:35:10 스크랩 조회 666 추천 9 댓글 0,9,666,2024.09.07 12:35:10,https://gall.dcinside.com/mini/board/view/?id=dgh&no=1132&page=18
18,1131,[일반],미쳤냐?,주장:지디의 정신세계는 멀쩡하지 않다 귀혁좌:어머어머 쓰레기 승리랑 같이 생활했던 지디노래를 튼다구??? 이건 안되징!! 범죄자랑 범죄사실을 몰랐을때 같이 생활했다는 이유만으로 지디를 승리랑 동급취급한다고? 대가리에 총 맞았냐? 그논리면 작년에 애들한테 돈뜯어서 도박한 ㅇㅂㅎ랑 님도 같이 일했으니 님도 쓰레기임 귀혁좌:어머어머 지디가 콘서트에서 침대를 가져다놓고 남녀가 포개지는 퍼포먼스를 했다고???제일 기독교신자인 나는 지디노래를 트는것을 허락할수 없당!!! 걍 사리분별이 안되는듯 퍼포먼스는 퍼포먼브일뿐 님 기적의 논리로 치면 이세상에 정신상태가 정상인 가수는 없어요 님아 노래튼다고요 ㅆㅂ 누가 강당에서 ㅅㅅ한댔냐? 귀혁좌:어허어허 지디는 무려 두 번이나 마약 혐의로 조사를 받았다고?? 멀라멀라 무혐의판결났어도 난 걔싫어!! 안됑!! ........할말이 없다 ㅆㅂ 제발  어떤사건을 본인 해석하고싶은대로만 해석하고 본인 유리하게만 앞뒤 다 쌩까고 이용 걍 머리밀고 산들어가서 장작패며 사셈ㅋ,귀리혁띠 (218.238) 2024.09.07 12:26:51 스크랩 조회 652 추천 23 댓글 0,23,652,2024.09.07 12:26:51,https://gall.dcinside.com/mini/board/view/?id=dgh&no=1131&page=18
19,1125,[일반],소신발언-김귀혁 이정도로 욕먹을 일이냐?,우선 제목 어그로 미안하고 탈광은 지능순이 맞다 신일의 문은 항상 열려 있으니 신일로 오도록 해라,신붕이 (58.233) 2024.09.07 01:37:25 스크랩 조회 1382 추천 28 댓글 4,28,1382,2024.09.07 01:37:25,https://gall.dcinside.com/mini/board/view/?id=dgh&no=1125&page=19
19,1124,[일반],갓생회,ㅇㅇ 이정도면 까고 다닌거 ㅈㄴ 미안해진다,대갤러 (106.101) 2024.09.07 00:45:44 스크랩 조회 654 추천 16 댓글 1,16,654,2024.09.07 00:45:44,https://gall.dcinside.com/mini/board/view/?id=dgh&no=1124&page=19
19,1123,[일반],다음 월요일 삐딱하게 기다하십쇼 스피커 들고 갑니다,같이 하실분 모집합니다,대갤러 (61.72) 2024.09.07 00:32:59 스크랩 조회 661 추천 17 댓글 1,17,661,2024.09.07 00:32:59,https://gall.dcinside.com/mini/board/view/?id=dgh&no=1123&page=19
19,1122,[3학년],적절치 못한 이유가 적절하지 않은 이유,"1. 당신이 이야기한 우리 학교 축제의 근본 취지와 의미 중 ‘자유’ 는 축제 준비과정에서 찾아볼 수 없다. 또한, 다양한 학교에서 온 친구들이 열심히 하던 학업을 잠시 잊고 다함께 노래를 부른다면 그것은 기쁨 안에서 하나되는 것이 아닌가? 2. 삐딱하게라는 곡은 위의 내용과 상당히 어울린다. (오늘은 모든 것을 잊고 즐기자!) ex) 오늘밤만 나를 위해 친구가 되어 줄래요 이 좋은 날 아름다운 날 오늘밤은 삐딱하게 등등 3. 당신이 도대체 누군데 다른 사람의 정신 상태를 판단하는가? 건방지고 모욕적인 발언이다. 당신의 발언이 유명해진다면 우리 학교의 명예는 크게 실추될 것이다. 뮤직비디오는 뮤직비디오일 뿐 해당 영상은 가수를 대변하지 않는다. 침대 퍼포먼스는 그저 안무였다. 영상 찾아 봐 보자 별거 없다. 지드래곤을 반기독교적 사상을 가진 사람이라고 억지 주장을 펼치는데, 지드래곤은 기독교 신자라고 알려져있다. 승리와 함께 활동을 했다고 지드래곤이 범죄자인가? 반박할 가치도 없는 발언이다. 4. 식물이 음악소리에 영향을 받는다는 유사과학은 이미 오래전에 반박되었다. 만약 대광고 학생이 범죄를 저지른다면, 그것은 대광고 때문인가? 성급한 일반화의 오류를 범하지 말자. 5. 축제를 계획한대로 진행하지 못 하더라도 타학교 참가자들은 그리 불만을 느끼지 않을 것이다. 그러나 독단적인 결정으로 계획이 파기되버린 사정을 알고 있는 대광고 학생들은 두고두고 마음에 걸릴 것이다. 6. 너가 찾아와 물론 학생들이 동의해야겠지만 학생회 아님 지드래곤 팬 아님 그냥 재수 확정 3학년의 화풀이 - dc official App",대갤러 (112.152) 2024.09.07 00:26:44 스크랩 조회 963 추천 34 댓글 2,34,963,2024.09.07 00:26:44,https://gall.dcinside.com/mini/board/view/?id=dgh&no=1122&page=19
19,1121,[일반],농민봉기,아 진짜 대광 학생으로써 이거 학생회 도와줘야하는거 아니냐;;; ㄹㅇ 걍 전교 학생들 다같이 ㄱㄱㅎ 사퇴 데모했으면;;;;….,대갤러 (218.51) 2024.09.07 00:16:40 스크랩 조회 465 추천 8 댓글 0,8,465,2024.09.07 00:16:40,https://gall.dcinside.com/mini/board/view/?id=dgh&no=1121&page=19
19,1118,[일반],학교 잘돌아간다... 이러니...ㅌㄱ을 하지...,학생회 인스타 보고 아무생각이 안든다,대갤러 (1.231) 2024.09.06 22:55:31 스크랩 조회 447 추천 3 댓글 0,3,447,2024.09.06 22:55:31,https://gall.dcinside.com/mini/board/view/?id=dgh&no=1118&page=19
19,1116,[일반],지금 제일 이해안가는거,”한번도 안웃던새끼가 삐딱하게 좋아해서“는 뭔 노루좃같은소리냐 이게 근거가 된다고 생각해서 처쓴건가…?,ㅇㅇ 2024.09.06 22:49:08 스크랩 조회 787 추천 17 댓글 5,17,787,2024.09.06 22:49:08,https://gall.dcinside.com/mini/board/view/?id=dgh&no=1116&page=19
19,1114,[일반],오늘도,연전연승 하시는 대 호 빈,대갤러 (220.65) 2024.09.06 19:56:11 스크랩 조회 526 추천 13 댓글 0,13,526,2024.09.06 19:56:11,https://gall.dcinside.com/mini/board/view/?id=dgh&no=1114&page=19
19,1113,[일반],큰빛축제,진짜 삐딱한게 뭔지 보여줘?,대갤러 (211.234) 2024.09.06 19:48:44 스크랩 조회 505 추천 7 댓글 0,7,505,2024.09.06 19:48:44,https://gall.dcinside.com/mini/board/view/?id=dgh&no=1113&page=19
19,1112,[일반],학생회 인스타 보고 달려옴,아니 이런 일이... - dc official App,Chloron 2024.09.06 19:20:52 스크랩 조회 531 추천 5 댓글 0,5,531,2024.09.06 19:20:52,https://gall.dcinside.com/mini/board/view/?id=dgh&no=1112&page=19
19,1110,[일반],아름답지 못한 피날레,"정녕 이것이 선생님께서 작성하신 글이라면 저는 고려장을 참을 수 없을 것 같습니다;; 삐딱하게 라는 제목에 어울리지 않는다는 가사로 '오늘밤은 삐딱하게'를 예시 드시는것 부터 병크 시작인데 기독교인인 지드래곤이 십자가를 드러내는 것을 수상쩍다고 까내리시고 십수년전에 유사과학으로 판명된 노래장르에 영향을 받는 식물 가설을 가져오시면서 18년 역사의 빅뱅팬덤을 우울증보유자들로 치부하시는 모습에서 선생님이 입에 물고 계신 홍삼캔디의 냄새가 진동해 숨을 쉬지 못할 지경입니다. 피날레에 걸맞는 다른 좋은 곡들이 널려 있다고 하셨는데, 그 중 하나가 고려장 도중 선생님께서 외마디로 지르시는 비명소리가 되지 않았으면 좋겠습니다. 신속히 재정정 해주시길 바라겠습니다. - dc official App",삼각산정기 2024.09.06 18:36:29 스크랩 조회 790 추천 33 댓글 0,33,790,2024.09.06 18:36:29,https://gall.dcinside.com/mini/board/view/?id=dgh&no=1110&page=19
19,1108,[일반],큰빛축제,그냥 피날레에 섹스온더비치 떼창하자 ㅅㅂ,대갤러 (223.38) 2024.09.06 18:24:43 스크랩 조회 582 추천 26 댓글 1,26,582,2024.09.06 18:24:43,https://gall.dcinside.com/mini/board/view/?id=dgh&no=1108&page=19
19,1107,[일반],축제 ‘그 선생님’,혹시 역사 가르치신다고 흥선대원군 빙의되셨나요?,대갤러 (223.38) 2024.09.06 17:42:53 스크랩 조회 817 추천 11 댓글 3,11,817,2024.09.06 17:42:53,https://gall.dcinside.com/mini/board/view/?id=dgh&no=1107&page=19
19,1106,[일반],김귀혁 선생님,김귀혁 선생님은 진심으로 선생님의 생각이 맞다고 느끼시나요. 아무리 보수적이셔도 그렇지 한 아티스트를 저렇게 대놓고 비하하시는게 선생님의 지위로써 맞는 행동인지 모르겠네요. 심지어 성범죄자와 같은 팀이였다는 이유로 사람을 쓰레기 취급하고 말도 안되는 억지 부리시는거같네요. 만약 이 글 보시면 저 찾아오셔도 됩니다. 진지하게 선생님께 항의하고싶네요. 축제를 즐기고 싶은 한 대광의 학생으로써 아티스트 지드래곤의 팬으로써 기분이 상당히 나빠서 이 글씁미다.,대갤러 (223.38) 2024.09.06 17:14:57 스크랩 조회 1723 추천 36 댓글 4,36,1723,2024.09.06 17:14:57,https://gall.dcinside.com/mini/board/view/?id=dgh&no=1106&page=19
19,1105,[일반],큰빛축제,고려장 2트,대갤러 (211.234) 2024.09.06 15:52:26 스크랩 조회 740 추천 11 댓글 3,11,740,2024.09.06 15:52:26,https://gall.dcinside.com/mini/board/view/?id=dgh&no=1105&page=19
19,1104,[1학년],1학년인디,"대광에서 내신 1후반~2극초면 어느 대학 정도 갈 수 있나요 참고로 문과고,",스워덕후 2024.09.06 00:10:08 스크랩 조회 466 추천 1 댓글 4,1,466,2024.09.06 00:10:08,https://gall.dcinside.com/mini/board/view/?id=dgh&no=1104&page=19
19,1103,[일반],수시 정시,1학년인데 내신 4에 모고가 평균 5가 뜨는데 이러면 정시 버리고 수시만 하는게 맞을까요?,삼각산졍기 2024.09.05 18:31:11 스크랩 조회 398 추천 3 댓글 4,3,398,2024.09.05 18:31:11,https://gall.dcinside.com/mini/board/view/?id=dgh&no=1103&page=19
19,1102,[일반],8교시 자습,하는중인데 창문 부수고 나가고 싶노 - dc official App,대갤러 (118.235) 2024.09.05 17:40:02 스크랩 조회 569 추천 8 댓글 18,8,569,2024.09.05 17:40:02,https://gall.dcinside.com/mini/board/view/?id=dgh&no=1102&page=19
19,1100,[일반],60주년 야자 핸드폰,야자 중에 인강들을려고 밖에 나와서 폰 사용했는데 폰 사용했다고 문자가 왔음. 이거 뭐 있는거임? 아니면 그냥 통보인거? - dc official App,삼각산정기 2024.09.03 23:03:12 스크랩 조회 455 추천 2 댓글 3,2,455,2024.09.03 23:03:12,https://gall.dcinside.com/mini/board/view/?id=dgh&no=1100&page=19
19,1099,[일반],아담사우나,ㅈ도 안궁금하면 ㄱㅊ,대갤러 (23.251) 2024.09.03 21:23:13 스크랩 조회 731 추천 7 댓글 2,7,731,2024.09.03 21:23:13,https://gall.dcinside.com/mini/board/view/?id=dgh&no=1099&page=19
19,1098,[일반],아담사우나 총정리 해드림,최근에 아담사우나 후기글 찾았다고 올라왔던데 심심해서  총정리 조져봄 아담사우나 카페글 이건 아담사우나 후기고 이 후기엔 대략6개 정도의 서울 유명 게이사우나에 대한 후기가 담겨 있음. 그리고 그 중 아담사우나는 꽤나 평가가 좋고 재방문이 잦은 업소로 소개됨. 외국인 블로그에서 더 조사해 본 결과 일단 아담사우나의 그렇고 그런 일들은 보통 수면실에서 일어나고 이용자들은 샤워기로 유사 관장을 한 후에 그렇고 그런일을 하게 된다고 함. 보통 샤워기로는 한계가 있기에 똥찌꺼기가 널려있다고 하더라. 괜한 호기심에 들어갔다간 성치 못한 몸을 이끌고 나와 건강하던 젊은 시절을 그리워하게 될테니 다들 조심하자. - dc official App,삼각산정기 2024.09.03 19:25:53 스크랩 조회 33178 추천 25 댓글 5,25,33178,2024.09.03 19:25:53,https://gall.dcinside.com/mini/board/view/?id=dgh&no=1098&page=19
19,1097,[일반],운지벌레,"운지벌레(학명: EyesteruUnomuhyuna Aibegasifan)는 동물계 절지동물문 운지벌레과에 속하는 곤충이다. 크기는 50~70mm 정도이며 고생대의 삼엽충을 닮았다. 베트남, 필리핀이나 인도네시아같이 비가 많이 내리는 열대 지역에서 주로 분포하던 곤충이었지만, 최근 기후변화로 우리나라에서는 전라남도에 주로 분포한다고 한다.운지벌레는 특히 두부보다 더 높은 단백질 함량으로 주목을 받고 있으며 체내 50% 이상이 외상단백질임을 감안한다면 이를 가공하여 높은 수준의 단백질 공급원 식품으로 만들 수 있다는 기대를 받고 있다.또한 한반도에서는 2003년부터 개체수가 급격히 증가했으며 5월에 교미를 시작하며 그 이후 잘 날지 못하고 추락한다. 5월 숲 속의 바위 절벽 아래에",ㅇㅇ (106.101) 2024.09.03 15:00:10 스크랩 조회 419 추천 4 댓글 1,4,419,2024.09.03 15:00:10,https://gall.dcinside.com/mini/board/view/?id=dgh&no=1097&page=19
19,1096,[일반],재즈,신난다~,ㅇㅇ 2024.09.02 20:10:32 스크랩 조회 321 추천 3 댓글 1,3,321,2024.09.02 20:10:32,https://gall.dcinside.com/mini/board/view/?id=dgh&no=1096&page=19
19,1095,[일반],후끈후끈 아담사우나 후기,찾았다 후기~,대갤러 (106.101) 2024.09.02 16:16:15 스크랩 조회 3361 추천 11 댓글 3,11,3361,2024.09.02 16:16:15,https://gall.dcinside.com/mini/board/view/?id=dgh&no=1095&page=19
19,1094,[일반],대광,대광고 가려는데 어떠냐 괜찮음?,대갤러 (118.216) 2024.09.01 22:17:31 스크랩 조회 1287 추천 1 댓글 5,1,1287,2024.09.01 22:17:31,https://gall.dcinside.com/mini/board/view/?id=dgh&no=1094&page=19
19,1093,[일반],여기서 5언더는 어디감?,1학년임,대갤러 (211.178) 2024.09.01 05:39:42 스크랩 조회 485 추천 0 댓글 9,0,485,2024.09.01 05:39:42,https://gall.dcinside.com/mini/board/view/?id=dgh&no=1093&page=19
19,1090,[일반],대광고에 경기도 거주자 있냐,난 구리시 살았었는데 학교 다녔을때,ㅇㅇ (106.101) 2024.08.27 10:00:43 스크랩 조회 556 추천 1 댓글 3,1,556,2024.08.27 10:00:43,https://gall.dcinside.com/mini/board/view/?id=dgh&no=1090&page=19
19,1088,[일반],워터밤 속살 노출 ㄹㅈㄷ…,ㅋㅋ,대갤러 (106.101) 2024.08.26 01:36:38 스크랩 조회 1598 추천 21 댓글 2,21,1598,2024.08.26 01:36:38,https://gall.dcinside.com/mini/board/view/?id=dgh&no=1088&page=19
19,1081,[1학년],"2,3학년 형들",선택과목별 수강자 수 작년엔 언제쯤 나왔어요,스워덕후 2024.08.25 15:26:52 스크랩 조회 679 추천 2 댓글 9,2,679,2024.08.25 15:26:52,https://gall.dcinside.com/mini/board/view/?id=dgh&no=1081&page=19
19,1080,[일반],축제 뭔 일났냐?,- dc official App,대갤러 (210.92) 2024.08.24 14:44:28 스크랩 조회 617 추천 0 댓글 0,0,617,2024.08.24 14:44:28,https://gall.dcinside.com/mini/board/view/?id=dgh&no=1080&page=19
19,1078,[1학년],1학년 문이과 비율 어떰?,작년보다 이과 줄려나,대갤러 (14.52) 2024.08.24 02:04:40 스크랩 조회 471 추천 0 댓글 1,0,471,2024.08.24 02:04:40,https://gall.dcinside.com/mini/board/view/?id=dgh&no=1078&page=19
19,1077,[일반],난 그냥 이 학교가 밉다,그냥 존나 불합리한 곳이야,대갤러 (220.65) 2024.08.23 21:32:25 스크랩 조회 783 추천 9 댓글 4,9,783,2024.08.23 21:32:25,https://gall.dcinside.com/mini/board/view/?id=dgh&no=1077&page=19
19,1076,[일반],어이 고닉,문재인콘 노잼이다. 멈춰라.,대갤러 (218.235) 2024.08.23 01:20:40 스크랩 조회 570 추천 8 댓글 1,8,570,2024.08.23 01:20:40,https://gall.dcinside.com/mini/board/view/?id=dgh&no=1076&page=19
19,1075,[일반],ㅂㅅ,갑자기 옹호하는 새끼들은 뭐임? 여론 ㅈ박고 이상한 소문들 퍼질 동안 아무 조치도 못하고 1주일간 학교 ㅂㅅ된거 개팩튼데 뭘 옹호하노 선동하는 새끼들이나 옹호하는 새끼들이나 걍 둘다 ㅂㅅ인거임. - dc official App,삼각산정기 2024.08.22 11:09:12 스크랩 조회 912 추천 25 댓글 7,25,912,2024.08.22 11:09:12,https://gall.dcinside.com/mini/board/view/?id=dgh&no=1075&page=19
19,1074,[일반],솔직히?,"대부분 애들 회의 참여 안 해서 상황 정확히 모름 심지어 디시나 학교에서도 학생회라는 애들 말 다 다름 제일 문제 되는 사물,풍물놀이 드립은 인스타나 디시에 올라온 몇몇 글 말고는 신뢰할 만한 출처가 없음 근데... 앞뒤 상황 다 자르고 존나 화만 애새끼들 마냥 화만 존나 낸다? 그게 맞나...? 게다가 상황 좀 신중히 보고 정확히 알고 말하자는 글들에는 ㄱㅎ이 갤 꺼라 ㅇㅈㄹ만 쳐하고 그게 현 상황에 도움이 되노? 나도 걸그룹 안 오면 개ㅈ같을 거 같고 축제도 재낄 거긴 함. 근데 최소한 상황 파악 제대로 해야 해결이 되지 인터넷에서 화내는 글만 싼다고 해결되는 게 없잖아 걍 존나 쪽팔리고 괜히 소란스럽게만 하는 거지 글고 학생회 게이들도 좀 신중히 글 올렸으면 좋겠음 뭐 ㅅㅂ 말이 다 달라",ㄴㅇㅁ (221.143) 2024.08.21 23:58:50 스크랩 조회 614 추천 7 댓글 5,7,614,2024.08.21 23:58:50,https://gall.dcinside.com/mini/board/view/?id=dgh&no=1074&page=19
19,1073,[일반],큰빛축제,쌤한테 들어보니 탈춤이나 풍물 놀이는 회의 중에 우스갯소리로 나왔다고 함 뭐 우리가 선동한거지,대갤러 (211.234) 2024.08.21 17:42:29 스크랩 조회 743 추천 9 댓글 2,9,743,2024.08.21 17:42:29,https://gall.dcinside.com/mini/board/view/?id=dgh&no=1073&page=19
19,1072,[일반],(나 학생회내막 잘 아는 사람인데) 개 좆밥도 몰르면서 막 씨부리지 마라,풍물 탈춤 하기로 한 거 없고 성악은 학부모 돈 아니고 구청에서 파견 보내준다 했다 담당쌤은 요즘 찬조다니는 걸그룹을 다 섹시댄스로 보니까 공연 올리는 거 반대하는 거다  본인 나름대로 다 이유도 있고. 길게 글로 써서 준 적도 있음 근데 내가 들어보니까 그리 틀린 얘긴 아니더라. 좀 유별나긴 해도...ㅋ 아래 어떤 선배가 쓰셨던데 대광 망하는거 아니니까 걱정 안 하셔도 됨니다 축제공연은 예전처럼 걸그룹 많이 안 올리고 진행하려는거 같은데 아직 다 정해지진 않았음. 학생회 안에 자기가 공연기획을 주도하고 싶은 녀석이 있어서 총괄 담당쌤이랑 좀 부딪힌거 같음. 다른 쌤들도 몇분 관여하고 있으니 그리 걱정 안해도 될거임,대갤러 (118.221) 2024.08.21 17:06:30 스크랩 조회 778 추천 4 댓글 9,4,778,2024.08.21 17:06:30,https://gall.dcinside.com/mini/board/view/?id=dgh&no=1072&page=19
19,1069,[건의],혹시 갤러리 보시는 선생님 계실까요~~?,ㅅ발뭔애미뒤진 풍물놀이야그런건사비로민속촌가서즐기세요제발매일그런거보자는것도아니고하루좀즐겁게구경하자는건데이걸처막냐;;;,대갤러 (211.234) 2024.08.20 23:29:16 스크랩 조회 1232 추천 31 댓글 5,31,1232,2024.08.20 23:29:16,https://gall.dcinside.com/mini/board/view/?id=dgh&no=1069&page=19
19,1067,[일반],소신발언,"솔직히 파업하는 것보다, 끝까지 남아서 어떻게든 찬조팀 데려오는 게 낫지 않을까... 아예 손 놔버리면 절대 안 될 거 같음.. 학생회 게이들 ㅈ같은 거 알지만 그래도 마지막 힘 내주면 안되노? 너네가 안 하면 누가 해...",대갤러 (223.38) 2024.08.20 18:00:51 스크랩 조회 724 추천 19 댓글 3,19,724,2024.08.20 18:00:51,https://gall.dcinside.com/mini/board/view/?id=dgh&no=1067&page=19
19,1066,[일반],대한민국 정치,대한민국 정부 마냥 학생회는 담당쌤 노예노 ㅋㅋㅋㅋㅋ 알아서 우두머리가 나가자~,대갤러 (118.221) 2024.08.20 13:05:14 스크랩 조회 437 추천 4 댓글 2,4,437,2024.08.20 13:05:14,https://gall.dcinside.com/mini/board/view/?id=dgh&no=1066&page=19
19,1064,[졸업생],모교가 망해가는 꼴이 매우 통탄스럽습니다,저희때도 망한다 망한다 소리는 장난삼아 서로 했었지만 진짜로 망하는 날이 올줄은 꿈에도 모르고 있었습니다 노망날대로 노망난 학교와 거기에 매여서 3년동안 부조리와 억압적인 정권속에 살아야하는 현재의 대광고등학교 학우 여러분께 위로의 말씀을 전하고 싶습니다,자일산림욕장 2024.08.20 10:14:27 스크랩 조회 804 추천 25 댓글 0,25,804,2024.08.20 10:14:27,https://gall.dcinside.com/mini/board/view/?id=dgh&no=1064&page=19
19,1062,[일반],좇반고 인싸 수시날먹 담요단새끼들 + 월급루팡 교새들 멸망 소식..,속이 다 시원하노 ㅋㅋㅋ,ㅇㅇ (106.101) 2024.08.20 10:11:01 스크랩 조회 682 추천 2 댓글 2,2,682,2024.08.20 10:11:01,https://gall.dcinside.com/mini/board/view/?id=dgh&no=1062&page=19
19,1061,[일반],큰빛 게이들아,지금 학생회 부장인데 조온나게 총대 싸두르고 전쟁하러 가고싶다 수능 전에 스트레스 좀 풀자,대갤러 (220.117) 2024.08.20 03:29:34 스크랩 조회 650 추천 7 댓글 1,7,650,2024.08.20 03:29:34,https://gall.dcinside.com/mini/board/view/?id=dgh&no=1061&page=19
19,1060,[일반],석전잔치,그냥 여기로 축제 원탑 타이틀 넘겨줘라 - dc official App,대갤러 (221.138) 2024.08.19 23:59:22 스크랩 조회 441 추천 6 댓글 1,6,441,2024.08.19 23:59:22,https://gall.dcinside.com/mini/board/view/?id=dgh&no=1060&page=19
19,1059,[일반],축구대회는 해야한다,제발,대갤러 (223.131) 2024.08.19 23:55:32 스크랩 조회 441 추천 8 댓글 0,8,441,2024.08.19 23:55:32,https://gall.dcinside.com/mini/board/view/?id=dgh&no=1059&page=19
19,1057,[일반],여기 글 처음쓰는데,진짜 이학교는 문제가 뭔지 모르는거냐ㅅㅂ 애초에 힘들게 방학동안 뽑아놓은 찬조팀 연습 영상만 쳐보고선정적이다 이지랄하면서 다 짜르고 학생 부모들이낸 학교 돈으로 탈춤성악하는게 애초에 말이 되냐? 안그래도 나락퀴즈쇼때부터 다른학교 소문 다 퍼져서 개병신으로 소문난 학교 주제에 입결 별로에 학생수도 적어서 1등급 9명인 유사자사고면 적어도 축제원툴이란 타이틀 달고 축제라도 제대로 해줘야하는거 아님?? 탈춤성악은 도대체 무슨 발상이냐 학생회 의견 다쌩까고 그말 한거면 이제 학생회 해체되고 학교 분위기 평판 다 개판되겠네 걍 빨리 2학기 끝나고 전학이나 갈란다 에휴...,대갤러 (211.241) 2024.08.19 22:58:46 스크랩 조회 859 추천 66 댓글 4,66,859,2024.08.19 22:58:46,https://gall.dcinside.com/mini/board/view/?id=dgh&no=1057&page=19
19,1056,[1학년],큰빛 축제,이건 각 잡고 다 같이 따지든지 해야하지 않나,대갤러 (211.234) 2024.08.19 22:51:06 스크랩 조회 536 추천 11 댓글 0,11,536,2024.08.19 22:51:06,https://gall.dcinside.com/mini/board/view/?id=dgh&no=1056&page=19
19,1055,[일반],ㄱㄱㅎ,. 인정하면 ㄱㅊ - dc official App,대갤러 (128.14) 2024.08.19 22:14:58 스크랩 조회 867 추천 21 댓글 4,21,867,2024.08.19 22:14:58,https://gall.dcinside.com/mini/board/view/?id=dgh&no=1055&page=19
19,1054,[일반],이 새끼 사랑하는 만큼 개추,대 광,대갤러 (220.73) 2024.08.19 22:09:12 스크랩 조회 540 추천 2 댓글 2,2,540,2024.08.19 22:09:12,https://gall.dcinside.com/mini/board/view/?id=dgh&no=1054&page=19
19,1051,[일반],이거 살리면,학생회들아 이거 살리면 ㄹㅇ 학생회 민심 떡상이다 ㅈㅂ;;해줘라,대갤러 (106.101) 2024.08.19 20:28:36 스크랩 조회 413 추천 11 댓글 0,11,413,2024.08.19 20:28:36,https://gall.dcinside.com/mini/board/view/?id=dgh&no=1051&page=19
20,1050,[일반],아..이래서 틀딱 학교는 다니면 안되는거구나,명심하겠습니다,77고1 (211.178) 2024.08.19 20:15:06 스크랩 조회 650 추천 12 댓글 2,12,650,2024.08.19 20:15:06,https://gall.dcinside.com/mini/board/view/?id=dgh&no=1050&page=20
20,1048,[일반],큰빛축제,본인 1학년인데 원래 큰빛축제 이럼? - dc official App,대갤러 (118.235) 2024.08.19 18:37:33 스크랩 조회 452 추천 1 댓글 2,1,452,2024.08.19 18:37:33,https://gall.dcinside.com/mini/board/view/?id=dgh&no=1048&page=20
20,1047,[일반],학생회..,학생회 파업했는데 선생님들 아무런 대처도안하려나 듣기로는 학생회가 어떤 선생님이 망치고있는 축제(사물놀이 ㅇㅈㄹ)재밌게 만들려고 노력했다던데 첨에 몇명빼고 다 찐따길래 기대안했는데 나락퀴즈쇼때부터 개호감임ㅇㅇ,대갤러 (118.221) 2024.08.19 17:19:35 스크랩 조회 483 추천 16 댓글 0,16,483,2024.08.19 17:19:35,https://gall.dcinside.com/mini/board/view/?id=dgh&no=1047&page=20
20,1046,[일반],77대 학생회 따잇!!!!,들어보니까 축제가 민속촌 풍물놀이가 되는걸 막다가 실패해서 전원 탈퇴 했다는데 스승의 날에 재밌는 추억을 만들었지만 끝까지 싸우다 전사한 77대 학생희에게 박수를,대갤러 (118.221) 2024.08.19 13:06:52 스크랩 조회 758 추천 32 댓글 3,32,758,2024.08.19 13:06:52,https://gall.dcinside.com/mini/board/view/?id=dgh&no=1046&page=20
20,1045,[일반],엄..,축제 소문 진짜임?,hsart 2024.08.19 13:02:06 스크랩 조회 267 추천 0 댓글 0,0,267,2024.08.19 13:02:06,https://gall.dcinside.com/mini/board/view/?id=dgh&no=1045&page=20
20,1044,[일반],시세.무의 성형 일기,이왜진?,송정 2024.08.19 11:28:19 스크랩 조회 359 추천 0 댓글 1,0,359,2024.08.19 11:28:19,https://gall.dcinside.com/mini/board/view/?id=dgh&no=1044&page=20
20,1042,[일반],시세 무의 성@형일기 올리는새끼 찐따임?,ㄹㅇ 넌 내가 123학년 찐따중에 특정한다 병신아,ㅇㅇ (211.234) 2024.08.18 21:58:17 스크랩 조회 443 추천 3 댓글 2,3,443,2024.08.18 21:58:17,https://gall.dcinside.com/mini/board/view/?id=dgh&no=1042&page=20
20,1039,[일반],어디가 나은 거 같음,"참고로 난 멘토스 가격 2배 차인데 학원 테스트, 강의 퀄리티도 멘토스가 꿀리지도 않고 오히려 더 좋은 점도 있는 거 같음",스워덕후 2024.08.18 18:00:35 스크랩 조회 475 추천 6 댓글 3,6,475,2024.08.18 18:00:35,https://gall.dcinside.com/mini/board/view/?id=dgh&no=1039&page=20
20,1034,[일반],교감쌤,그동안 감사했습니다 안녕히 가세요,대갤러 (118.221) 2024.08.16 14:28:22 스크랩 조회 635 추천 32 댓글 1,32,635,2024.08.16 14:28:22,https://gall.dcinside.com/mini/board/view/?id=dgh&no=1034&page=20
20,1032,[일반],ㅈㄴ덥네,강당 에어컨 안키냐,대갤러 (223.38) 2024.08.16 14:09:20 스크랩 조회 274 추천 4 댓글 2,4,274,2024.08.16 14:09:20,https://gall.dcinside.com/mini/board/view/?id=dgh&no=1032&page=20
20,1031,[일반],멘토스 독서실 다니는 애 있니?,2학기 출튀 ㄱㄴ해서 아침부터 갈 수 있는데 시설이랑 분위기 어떰?? 빌런도 있나,대갤러 (59.5) 2024.08.14 23:21:09 스크랩 조회 338 추천 0 댓글 0,0,338,2024.08.14 23:21:09,https://gall.dcinside.com/mini/board/view/?id=dgh&no=1031&page=20
20,1030,[일반],1970년대 대광고,그래도 공부 좀 했노,대갤러 (211.234) 2024.08.14 10:34:05 스크랩 조회 458 추천 2 댓글 1,2,458,2024.08.14 10:34:05,https://gall.dcinside.com/mini/board/view/?id=dgh&no=1030&page=20
20,1029,[일반],큰빛축제 관련,큰빛축제 나갈려고 하는데 작년엔 호응 좀 많이 나옴? - dc official App,대갤러 (221.146) 2024.08.13 23:51:55 스크랩 조회 437 추천 0 댓글 2,0,437,2024.08.13 23:51:55,https://gall.dcinside.com/mini/board/view/?id=dgh&no=1029&page=20
20,1026,[일반],하 씨발 첫날부터 정상수업,하 씨발 - dc official App,대갤러 (211.234) 2024.08.12 20:50:25 스크랩 조회 417 추천 4 댓글 3,4,417,2024.08.12 20:50:25,https://gall.dcinside.com/mini/board/view/?id=dgh&no=1026&page=20
20,1024,[일반],대광고 흥하기 바라면 개추,일단 본인부터 - dc official App,Chloron 2024.08.12 18:37:24 스크랩 조회 510 추천 8 댓글 5,8,510,2024.08.12 18:37:24,https://gall.dcinside.com/mini/board/view/?id=dgh&no=1024&page=20
20,1022,[일반],아 시발 왜그런가했는데,우리학교 찐따새끼가 중갤가서 또 분탕쳐놨네,ㅇㅇ (106.101) 2024.08.12 00:39:50 스크랩 조회 269 추천 3 댓글 0,3,269,2024.08.12 00:39:50,https://gall.dcinside.com/mini/board/view/?id=dgh&no=1022&page=20
20,1021,[일반],중앙고 병신들아 그만좀 쳐들어와서 시비털라고요,중앙고에서 찐따당하는거 여기다 풀지말고,ㅇㅇ (106.101) 2024.08.12 00:37:47 스크랩 조회 392 추천 3 댓글 3,3,392,2024.08.12 00:37:47,https://gall.dcinside.com/mini/board/view/?id=dgh&no=1021&page=20
20,1020,[일반],다들 방학 잘 보냈냐?,난 잘 못 보냈다 시발 영어 수행 존나 하기 싫노,대갤러 (218.235) 2024.08.11 23:10:51 스크랩 조회 261 추천 4 댓글 1,4,261,2024.08.11 23:10:51,https://gall.dcinside.com/mini/board/view/?id=dgh&no=1020&page=20
20,1019,[일반],이일권쌤이 누구임??,수학이던데 새로 오신거임?,대갤러 (14.52) 2024.08.11 20:18:44 스크랩 조회 366 추천 0 댓글 1,0,366,2024.08.11 20:18:44,https://gall.dcinside.com/mini/board/view/?id=dgh&no=1019&page=20
20,1018,[일반],방학 이틀남았노,시발,대갤러 (223.38) 2024.08.11 17:46:46 스크랩 조회 178 추천 0 댓글 0,0,178,2024.08.11 17:46:46,https://gall.dcinside.com/mini/board/view/?id=dgh&no=1018&page=20
20,1017,[일반],이거 진심이냐?,대광>한대>현대? ㅋㅋㅋㅋㅋㅋ,대갤러 (223.38) 2024.08.10 13:15:29 스크랩 조회 611 추천 8 댓글 15,8,611,2024.08.10 13:15:29,https://gall.dcinside.com/mini/board/view/?id=dgh&no=1017&page=20
20,1016,[1학년],2학기 내신 때 선행하는 거 어케 생각함??,나 이과 예정이고 물리 화학을 거의 못돌린 상태로 2학기 내신대비 들어갈 것 같은데 처음 한달동안 내신대비랑 물리1 화학1 병행하는 거 어케 생각하냐. 걍 내신에 몰두하는 게 나을려나,대갤러 (220.72) 2024.08.09 14:22:18 스크랩 조회 375 추천 1 댓글 3,1,375,2024.08.09 14:22:18,https://gall.dcinside.com/mini/board/view/?id=dgh&no=1016&page=20
20,1015,[일반],멘토스365 다니는 애 있냐? ㅋㅋㅋㅋㅋ,여기 엘베 2개있는 쪽말고 쪽문쪽 엘베라고 해야하나 여기 타고 가면 밖에서 자습하는 사람들 있는데 잘생긴 형?들이나 예쁜 여고딩들 왤케 많냐 ㄷㄷ 어떤 형 하나는 그냥 말뚝 쳐박고 있고 여자는 운 좋으면 예쁜 애들 많이 얻어걸림,대갤러 (59.5) 2024.08.07 01:28:35 스크랩 조회 631 추천 0 댓글 7,0,631,2024.08.07 01:28:35,https://gall.dcinside.com/mini/board/view/?id=dgh&no=1015&page=20
20,1014,[일반],개학,이제 개학이 일주일 밖에 남지 않았습니다. 개학이 다가오고 방학이 점차 멀어져갈 수록 아쉬움은 커져가겠죠... 하지만 전 사랑스러운 묵바오를 바라보며 이겨낼 것입니다. 묵바오 사랑해! - dc official App,삼각산정기 2024.08.06 18:32:00 스크랩 조회 576 추천 24 댓글 2,24,576,2024.08.06 18:32:00,https://gall.dcinside.com/mini/board/view/?id=dgh&no=1014&page=20
20,1013,[일반],겨울방학,우리겨울방학언제임? 학사일정에 왜 없냐,대갤러 (211.178) 2024.08.05 02:14:44 스크랩 조회 296 추천 0 댓글 1,0,296,2024.08.05 02:14:44,https://gall.dcinside.com/mini/board/view/?id=dgh&no=1013&page=20
20,1012,[일반],큰빛제,일인당 표몇장줌??,대갤러 (211.241) 2024.08.04 23:51:44 스크랩 조회 295 추천 0 댓글 2,0,295,2024.08.04 23:51:44,https://gall.dcinside.com/mini/board/view/?id=dgh&no=1012&page=20
20,1011,[일반],외부인이 보는 대광고에 대하여 araboza,"중앙 : 대광을 가장 많이깜 대광보다 어느정도 우위에 있는 학교라 대광에 대한 자신들만의 선민의식을 가짐 경희 : 대광의 근소우위 학교..나 근래들어 입결이 떡상하는데이지만 대광을 막 무시하지는 않고 그냥 저 변방의 사립 남학교1로 인식함 신일 : 대광한테 유사 자사고 드립을 치기도 하고, 대신전때 특히 많이 대광고를 까지만 막상 대광이랑 비슷한데라 걍 서로가 서로를 대신전때 물어뜯고 나머지 시기때는 걍 서로 관심이 없음 선덕 : 대광이 어디야? (서울대 배출 top10 띵문 대 선 덕)",ㅇㅇ (168.126) 2024.08.04 17:47:05 스크랩 조회 1072 추천 8 댓글 6,8,1072,2024.08.04 17:47:05,https://gall.dcinside.com/mini/board/view/?id=dgh&no=1011&page=20
20,1010,[일반],중앙고 애들,우리 갤 와서 깽판 치길래 중앙도 디시 활성화돼있는구나하고 들어가보니까 글 거의 없던데. 쟤네는 지들끼리 놀지 왜 우리 갤 와서 분탕 치는 거임?,ㄴㅇㅁ (221.143) 2024.08.04 16:39:28 스크랩 조회 345 추천 2 댓글 2,2,345,2024.08.04 16:39:28,https://gall.dcinside.com/mini/board/view/?id=dgh&no=1010&page=20
20,1009,[일반],큰빛축제,신청 오늘까지냐) - dc official App,대갤러 (221.146) 2024.08.04 09:46:18 스크랩 조회 274 추천 0 댓글 0,0,274,2024.08.04 09:46:18,https://gall.dcinside.com/mini/board/view/?id=dgh&no=1009&page=20
20,1008,[일반],ㅅㅅ,노원 나름 어려운 중학교 에서 전교30정도 여기서 몇등급예상 문과임;;;;;;;;;,대갤러 (14.56) 2024.08.03 21:01:08 스크랩 조회 506 추천 7 댓글 8,7,506,2024.08.03 21:01:08,https://gall.dcinside.com/mini/board/view/?id=dgh&no=1008&page=20
20,1007,[일반],우리학교,우리 표준편차 몇정도 나오냐?? - dc official App,대갤러 (92.38) 2024.08.01 22:16:21 스크랩 조회 393 추천 0 댓글 3,0,393,2024.08.01 22:16:21,https://gall.dcinside.com/mini/board/view/?id=dgh&no=1007&page=20
20,1006,[일반],효도하고 가라,공부도 안하는데 효도라도 해야지 - dc official App,대갤러 (146.70) 2024.07.31 20:42:51 스크랩 조회 573 추천 76 댓글 5,76,573,2024.07.31 20:42:51,https://gall.dcinside.com/mini/board/view/?id=dgh&no=1006&page=20
20,1004,[일반],근데 현재 대광고 애들 거주지가 어떻게 되냐,본인 졸업생이고 대학 방학이라 심심해서 놀러왔는데 문득 궁금해져서 물어봄 일단 난 성북구 살고 내 기수들은 동대문구>>성북구>성동구>중랑구>강북구>광진구>>중구>>기타 이랬음 종로구는 바로 옆인데 1명도 없더라,ㅇㅇ (106.101) 2024.07.29 22:26:03 스크랩 조회 655 추천 0 댓글 6,0,655,2024.07.29 22:26:03,https://gall.dcinside.com/mini/board/view/?id=dgh&no=1004&page=20
20,1002,[일반],나 아는 대광고애중에 ㅈㄴ잘하는애들 좀 있는데,걔네가 잘하는거지?,ㅇㅇ (218.234) 2024.07.29 21:30:44 스크랩 조회 706 추천 0 댓글 19,0,706,2024.07.29 21:30:44,https://gall.dcinside.com/mini/board/view/?id=dgh&no=1002&page=20
20,997,[일반],"대광, 중앙 게이들아","다른학교 갤러리까지 찾아가서 그학교를 까든, 그 글에 긁히든 그게 니랑 니 학교 수준이 낮다는걸 인증하는 거임 다른학교 갤러리까지 찾아가서 그학교를 까는 놈들은 현실에서는 수준이 낮은데 지 수준이 낮은걸 인정하긴 싫으니까 '그래도 난 수준 높은 학교를 다니니까 내 수준도 높다'라고 자기합리화를 하는거지. 근데 자기 학교가 수준 높기로 유명한 학교는 또 아니라서 현실에선 그거 가지고 다른사람이 부러워하거나 자기 수준이 높다고 생각하지 않으니까 자기학교보다 수준 낮은 다른 학교 갤러리 찾아가면서 그 학교를 까면서라도 어떻게든 우월감과 자부심을 느끼고 싶은거지. 하나고나 휘문고 애들이 다른학교 갤 가서 분탕치면서 지 학교 좋은거 자랑하진 않잖아? 걔네들은 그런거 안해도 지 학교랑 지 수준이 높은걸 사람들이 알아주거든. 그리고 그 글에 긁히면 결국 찔리는 부분이 있으니까 긁히는 거임. 학교를 까는 글을 읽어도 자기 수준이 높은거에 확신이 있으면 긁혀서 부들부들할 이유가 없지. 내가 위에서 말한거처럼 분탕치는 놈이 수준이 낮은걸 알고 있거나 자기 수준이 높은걸 자기도 알고 다른사람도 알아주면 그게 개소리인걸 알면 긁힐 이유가 전혀 없음 아인슈타인이나 폰 노이만같이 희대의 천재들이 지가 바보라는 소리를 들었다고 빡쳐서 패드립을 갈길 이유는 없잖아? 그런거임.",대갤러 (1.229) 2024.07.29 16:38:12 스크랩 조회 438 추천 2 댓글 5,2,438,2024.07.29 16:38:12,https://gall.dcinside.com/mini/board/view/?id=dgh&no=997&page=20
20,995,[일반],115.90 이미 30일 차단했어요.,분탕 유동이라 데이터 키고 오면 차단 회피가 가능해요. 디시 한계상 대광고 미인증시 글 금지 같은것도 불가능 그런글 올라오면 관심 1도 안가져주고 무시하는게 좋아요. 관심줄수록 계속 긁으러 오니까 ㅇㅇ 그리고 굳이 대붕이들도 중앙고 갤까지 가서 욕 ㄴㄴ 똑같은 학교뽕에 찌든 허수 될필요 없잖아요. 그래도 저런 글들 올라오면 빨리 지워지는게 좋을 것 같아 완장 더 뽑으려고 해요. ‘삼각산정기’님에게도 부매니저 요청 보냈으니까 컴디시로 와서 수락해주면 좋을것 같아요. + 주딱 내려놓는다면서 안내려놓음? ‘큰빛의 아이’님에게 넘기는 요청을 보내긴 했는데 갤 매니저는 성인인증 해야되서 아직 수락을 못하는 상태라 제가 계속 잡고있어요.,기독교안믿음 2024.07.28 23:29:18 스크랩 조회 466 추천 3 댓글 2,3,466,2024.07.28 23:29:18,https://gall.dcinside.com/mini/board/view/?id=dgh&no=995&page=20
20,994,[일반],완장아 갤 관리좀해라,중앙고 첩자 좇븅신년 갱신차단좀 ㄱㄱ,ㅇㅇ (222.232) 2024.07.28 21:46:29 스크랩 조회 300 추천 0 댓글 1,0,300,2024.07.28 21:46:29,https://gall.dcinside.com/mini/board/view/?id=dgh&no=994&page=20
20,993,[일반],확실한건 115.90 저 애미썰려나간놈은,재종에서 중앙고과잠입고 몇년간 가오잡을 천애의 고아년임,ㅇㅇ (222.232) 2024.07.28 21:45:39 스크랩 조회 245 추천 1 댓글 0,1,245,2024.07.28 21:45:39,https://gall.dcinside.com/mini/board/view/?id=dgh&no=993&page=20
20,992,[일반],대광고=성동고면,중앙고=대광고의 논리도 성립함 ㅂㅅ아,ㅇㅇ (222.232) 2024.07.28 21:43:02 스크랩 조회 455 추천 0 댓글 2,0,455,2024.07.28 21:43:02,https://gall.dcinside.com/mini/board/view/?id=dgh&no=992&page=20
20,990,[일반],지금 대광갤에서 분탕치는애들 까보면,졸업하고 대학도 방학해서 할거없는 찐따들임ㅇㅇ 일단 여기접속한 내가 그러니까 대체로 그럴듯,ㅇㅇ (106.101) 2024.07.28 16:43:50 스크랩 조회 315 추천 1 댓글 1,1,315,2024.07.28 16:43:50,https://gall.dcinside.com/mini/board/view/?id=dgh&no=990&page=20
20,988,[일반],115.90 애미도륙난 사생아새끼야,선덕 신일 중앙 갤러리 싹다 돌아다니면서 별 개지랄을 다하는구나 좇갈린 븅신이 대광고 깔시간에 니 애미 보짓물 밖으로 새는지와 니 중앙고에서 좇박은 6등급짜리 성적표나 잘챙겨라 뺑이치지말고,ㅇㅇ (211.234) 2024.07.28 15:44:18 스크랩 조회 494 추천 9 댓글 4,9,494,2024.07.28 15:44:18,https://gall.dcinside.com/mini/board/view/?id=dgh&no=988&page=20
20,987,[일반],중앙고 내 친구 꽤있는데,학교 부심 쳐부리는 현역 병신새끼들은 다 서울대 메디컬 별로 못가고 n수 쳐박아서 돈다발 깨지면서까지 입결 만드는 거더라,ㅇㅇ (220.70) 2024.07.28 14:53:56 스크랩 조회 377 추천 2 댓글 2,2,377,2024.07.28 14:53:56,https://gall.dcinside.com/mini/board/view/?id=dgh&no=987&page=20
20,985,[일반],중앙고 애미도륙난 씹년들아 우리갤 작작쳐들어오라고,개새끼들이 지들 학교 받침대 역할이나 충실히 할것이지,ㅇㅇ (211.234) 2024.07.28 14:41:42 스크랩 조회 309 추천 4 댓글 3,4,309,2024.07.28 14:41:42,https://gall.dcinside.com/mini/board/view/?id=dgh&no=985&page=20
20,981,[일반],방학 며칠 남았냐,ㅇㅇ?,대갤러 (211.106) 2024.07.25 17:31:49 스크랩 조회 333 추천 0 댓글 2,0,333,2024.07.25 17:31:49,https://gall.dcinside.com/mini/board/view/?id=dgh&no=981&page=20
20,980,[일반],1절만 해,갤 분위기 읽고 글쓰라고 7일 차단 먹였으니까 먹이 주지 말고 병먹금 글삭 안한건 욕받이 하라고 납둔거임,기독교안믿음 2024.07.25 13:47:26 스크랩 조회 419 추천 12 댓글 1,12,419,2024.07.25 13:47:26,https://gall.dcinside.com/mini/board/view/?id=dgh&no=980&page=20
20,978,[일반],파딱아,갤 관리 내역은 왜 비공이고 왜 옛날이랑 다르게 익명갤 안 되어있노?,대갤러 (218.235) 2024.07.25 02:10:41 스크랩 조회 235 추천 0 댓글 0,0,235,2024.07.25 02:10:41,https://gall.dcinside.com/mini/board/view/?id=dgh&no=978&page=20
20,977,[일반],솔직히 대광이 전국자사고나 강남 목동 중계같은 학군지에 밀리는거지,서울 전역에서는 상위권임 ㅇㅇ 당장 고2 모고 순위가 그걸 입증해줌,ㅇㅇ (211.234) 2024.07.24 21:11:06 스크랩 조회 665 추천 0 댓글 12,0,665,2024.07.24 21:11:06,https://gall.dcinside.com/mini/board/view/?id=dgh&no=977&page=20
20,975,[일반],짭정,넌 나가라,대갤러 (118.235) 2024.07.24 20:47:12 스크랩 조회 428 추천 4 댓글 3,4,428,2024.07.24 20:47:12,https://gall.dcinside.com/mini/board/view/?id=dgh&no=975&page=20
20,972,[일반],Chloron 저새끼는 대갤 초창기부터 있었던새끼인데,최소 02년생 이상이네 좇찐따새끼가 아직도 저러고있노,ㅇㅇ (106.101) 2024.07.24 10:40:35 스크랩 조회 489 추천 12 댓글 0,12,489,2024.07.24 10:40:35,https://gall.dcinside.com/mini/board/view/?id=dgh&no=972&page=20
20,970,[일반],저,https://m.dcinside.com/mini/dgh/916 여러분들 수업 시간에 몰폰 많이 하나요? - 대광고 미니 갤러리 저도 대광 수업 시간에 일부러 몰폰 했었음 근데 손에 아무것도 없는 채로 따닥따닥 했었죠 ㅋㅋㅋ 이거 이해하시는 분 천재이신 듯  - dc official App m.dcinside.com 이거 때문에 여기서 찍힌 건가요 - dc official App,Chloron 2024.07.24 01:08:46 스크랩 조회 477 추천 2 댓글 9,2,477,2024.07.24 01:08:46,https://gall.dcinside.com/mini/board/view/?id=dgh&no=970&page=20
