게시글번호,말머리,제목,내용,글쓴이,추천수,조회수,날짜,링크
12926,[일반],호출벨,규정 위반하는 게시글 발견시 댓글로 제보 부탁,오량인 (211.235) 2025.10.31 16:45:33 스크랩 조회 1058 추천 0 댓글 8,0,1058,2025.10.31 16:45:33,https://gall.dcinside.com/mgallery/board/view/?id=daeshinhigh&no=12926&page=1
14559,[일반],ㅋㅋㅋㅋㅋㅋ,악마의 편집 ㅈㄴ해서 보기 거북하게 만들겠지 ㅉㅉ - dc official App,오량인 (1.245) 2026.05.30 03:19:13 스크랩 조회 54 추천 1 댓글 1,1,54,2026.05.30 03:19:13,https://gall.dcinside.com/mgallery/board/view/?id=daeshinhigh&no=14559&page=1
14556,[일반],성적 언제 나옴?,나이스 성적 왜 안나오는건가요?,오량인 (14.50) 2026.05.29 10:00:48 스크랩 조회 167 추천 3 댓글 0,3,167,2026.05.29 10:00:48,https://gall.dcinside.com/mgallery/board/view/?id=daeshinhigh&no=14556&page=1
12086,[일반],대신고 마이너 갤러리 글삭 규칙 개정판,"<대마갤 게시글 및 댓글에 대한 삭제 기준 공지> - 대전대신고 마이너 갤러리 이전 주딱(daeshin771)님의 부재로 인해, 오늘 부로 새 주딱을 맡게 된 ㅇㅇ입니다.최근 들어 많이 잠잠해지긴 했지만, 얼마 전까지만 해도 대마갤 내에서 수많은 분탕글, 저격글 등으로 인해 갤분위기가 심각히 흐 gall.dcinside.com 위 규칙을 참고하여 만들었고, 약간의 보완사항 혹은 구체화만 있음 규칙은 추후 수정이 가능하나, 수정할 시 공지글 남길거 수정이 필요하다 생각하는 부분은 얼마든지 이 글 댓글로 남겨주세요 1. 신상 공개/실명 언급 금지(본인정보 포함) 실명이 한글자라도 포함될 경우 전부 삭제(교내/외부 인원 포함) 단순 초성 언급까지는 허용 하나, 명예훼손이라고 판단 되거나 악의적으로 3개 이상 올라올 정도의 떡밥이 굴러갈 경우 글삭 (2번째 기준의 경우 상황봐서 추후 조정 가능) (허나 동아리 홍보글, 회장선거 글 등 교내대회 관련 글의 경우 상황에 따라 떡밥 글 제한 X , 그러나 저격류의 글은 제한 ) 저격글이나 비판글의 경우 열람주의 탭에 작성해주세요!! (열람주의도 내용에 따라 삭제할 수 있으나 웬만하면 삭제 안함) 신상이나 정체를 유추할 수 있는 이미지 등의 파일은 열람주의여도 칼삭 대상 ex1) 'ㅇㅇㅇ 왤케 ㅈ같음?' 등의 제목과 근거없는 내용으로 글이 연속적으로 올라올 경우 컷 ex2) '고2 수1 수행 왤케 ㅈ같음' <-- 내부 내용이 '귀찮다, 빡친다, 까다롭다' 이런 이유가 아니라 시험기간, 활동 및 대회등 일리있는 근거라고 생각되는 글은 패스 2. 완장진 현생 정보 관련 언급 금지 실명, 초성등 모든 정보에 한하여 삭제 대상 <-- 대마갤 완장진 신원이 노출되면 갤러리 자체가 학교의 간섭을 받기 때문 그 예시로 전 파딱 CloudR의 신상이 특정 선생님께 공개되어 관리 감시를 받았다는 등의 루머가 돌았음 <-- 이런 루머 조차 돌지 않게 하기 위해서임 이전까지는 허용했는데, 앞으로는 주딱 파딱의 동아리 등 조금이라도 특정할 수 있는 글/댓글이 작성될 시 삭제하겠습니다 어차피 지금 내 동아리는 어딘지 다들 알거고, 몇몇은 내가 누군지까지도 알테니, 갤러리 내에서 더이상의 완장진의 신원에 대한 유추 및 폭로는 자제해주시면 좋겠습니다 적어도 디시 안에서는 교내 교사 전체의 간섭을 받지 않고 글을 올릴 수 있도록 하기 위함이니까 협조해주시면 감사드리겠습니다 3. 홍보성 글/댓글/링크 금지 타 갤러리 홍보글은 전부 삭제 합니다 그러나 타 갤러리의 스크린샷이나, 언급이 꼭 필요하다고 생각되는 링크라면 냅두겠습니다 ex1) 노트북 사용 관련 질문에 달린 노트북 추천 블로그 링크 <-- 패스 ex2) 의미없는 알리링크 지속적인 도배 <- 컷 학원 홍보글도 마찬가지로 노골적이면 삭제, 아니라면 완장진 판단 하에 냅두겠습니다 ex1) 'ㅇㅇ갤 개쩜 ㅋㅋ 함 가보셈 (link)' <-- 컷 ex2) '이제 입학한 고1 수학학원 어디로 가는게 좋을까요?' 에 달린 '수학 ㅇㅇㅇ 가셈 잘가르치고 분위기 좋음' <-- 패스 ※ 삭제 내역에 위 규칙에 한하여 위반되는 사항이 있는 경우(제목에 실명언급, 홍보 링크 등이 포함되어있는 경우) 삭제 내역을 3일간 비공개 처리할 수 있습니다 이 글은 삭제기준의 개정에 불과하며, 아직 여러분께서 추가하면 좋겠다라고 생각하는 의견을 다 받아들이지 못한 상태 입니다. 추가 요청사항은 이 글의 댓글에 달아주시면 반영 가능한 선에서 수용적 으로 받아들이겠습니다. 반영사항이 생길 즉시 바로 새로운 게시글로 공지 올려드리겠습니다 P. S. 대전대신고 갤러리는 저희 완장진 뿐 아니라 교내 학생 여러분들과 함께 만들어가는 커뮤니티로 거듭나도록 만들고 싶습니다. 현재 고2 수학 수행평가, CIP 등 여러가지 이슈로 인해 대신고 갤러리가 소통의 장이 아닌 비난의 장이 되고 있다고 생각하며, 이 상황이 지속될 경우 대신고 갤러리 자체가 폐쇄될 가능성이 있다고 생각합니다. 대신고 갤러리라는 커뮤니티를 끝내고 싶지 않은 마음이며, 대신고 학생 여러분들도 저와 같은 생각을 가지고 계시다고 믿습니다. 그렇기에, 더욱 더 상호존중하는 커뮤니티가 되었으면 좋겠습니다. 앞으로도 잘 부탁드리며, 저희도 관리에 더욱 힘쓰는 완장진 되도록 하겠습니다!",Ephemeral_ 2025.06.21 23:35:57 스크랩 조회 1745 추천 23 댓글 8,23,1745,2025.06.21 23:35:57,https://gall.dcinside.com/mgallery/board/view/?id=daeshinhigh&no=12086&page=1
14554,[일반],나 졸업생인데,리빙랩 뭐가 문제인 거냐 깔끔하게 정리좀 해봐라,오량인 (106.101) 2026.05.27 23:56:06 스크랩 조회 393 추천 0 댓글 1,0,393,2026.05.27 23:56:06,https://gall.dcinside.com/mgallery/board/view/?id=daeshinhigh&no=14554&page=1
14558,[일반],감정적으로 수행평가 채점하면,뭐하자는건가 ㅈㅉ,오량인 (112.150) 2026.05.29 21:34:42 스크랩 조회 151 추천 5 댓글 2,5,151,2026.05.29 21:34:42,https://gall.dcinside.com/mgallery/board/view/?id=daeshinhigh&no=14558&page=1
14557,[일반],한사챌 본선 결과,2차결과 5시 에 나왔는데 벌써 들리는 팀만 2팀 붙었다는데ㄷㄷ 둘다 2학년임 이정도면 09 황금세대 아니냐,오량인 (106.101) 2026.05.29 17:23:45 스크랩 조회 153 추천 1 댓글 1,1,153,2026.05.29 17:23:45,https://gall.dcinside.com/mgallery/board/view/?id=daeshinhigh&no=14557&page=1
14555,[일반],약스포(오만추입사지원용포토폴리오2,타츠키 돌아오지마라! 단편이나 만들면서 살으라이! +개추 한번씩만 박고가줘라 잘봐놓고 얼마나 구박을 주는지요,aㅏ 2026.05.29 00:43:14 스크랩 조회 229 추천 15 댓글 2,15,229,2026.05.29 00:43:14,https://gall.dcinside.com/mgallery/board/view/?id=daeshinhigh&no=14555&page=1
14553,[일반],겠노ㅋㅋ,100퍼 틀린말은 아닌데(실제로 걸려서 징계먹은 사례도 있음) 그런건 진짜 뉴스 나올정도로 극소수임 ㅅㅂ 니가 대학 못간거를 학종 탓하고있노ㅋㅋ 아직 고딩인 친구들은 생기부 열심히 채우고 성적이나 잘 받아라.. 그리고 원서 쓸 때 고민 많이하고 여러개 찾아보고 쓰셈. 원서는 담임쌤을 믿지말고 담임쌤이 가진 자료를 믿고 쓰는거다.,ㅇㅇ 2026.05.27 23:47:08 스크랩 조회 339 추천 6 댓글 1,6,339,2026.05.27 23:47:08,https://gall.dcinside.com/mgallery/board/view/?id=daeshinhigh&no=14553&page=1
14552,[일반],학종은 비리의 온상임,명문대 입학사정관들 명문고만 골라서 설명회 가서 찐으로 설명회만 열고 올거라 생각함? 3학년 6월 초쯤에 사정관들 와서 원서 넣고 싶은 2애들 일대일 면담하고 생기부 받아감 그 고등학교에서 무슨 활동하는지도 진학부장이 서울 올라가서 술 사주면서 귀띔해주고. 그러면 관계자가 이번해에 많이 뽑아 줄테니 원서 많이 넣으라 속닥속닥 해주고 연고대 윗라인부턴 안 그러는데 성대 한양대 밑으론 뭐 ㅎ지방 의대도 똑같 좀 있다 펑해야지 - dc official App,오량인 (1.245) 2026.05.27 23:30:03 스크랩 조회 397 추천 6 댓글 2,6,397,2026.05.27 23:30:03,https://gall.dcinside.com/mgallery/board/view/?id=daeshinhigh&no=14552&page=1
14551,[일반],이재명 강간짤,정확히는 계곡이긴 함 ㅇㅇ,aㅏ 2026.05.27 19:19:37 스크랩 조회 385 추천 5 댓글 2,5,385,2026.05.27 19:19:37,https://gall.dcinside.com/mgallery/board/view/?id=daeshinhigh&no=14551&page=1
14548,[열람주의❗],ㄱㅅㅇ 풀발해서 주기적으로 방송 때리노,(ㅈ가오를 잡으며) 선풍이 틀고 창문 열고 지내세요 22도인데 에어컨 켜는건 너무하잖아????? -> 느그들 교무실 교장실 에어컨 풀파워는 말이 되고? 그저 ㄱㅅㅈ이 그립노!,오량인 (14.50) 2026.05.27 07:37:46 스크랩 조회 549 추천 12 댓글 2,12,549,2026.05.27 07:37:46,https://gall.dcinside.com/mgallery/board/view/?id=daeshinhigh&no=14548&page=1
14547,[일반],이번 축제 컨셉뭐냐,"24년에 엑스포, 25년 워터밤이었는데 이번에 뭐일려나 개인적으로 워터밤 한번 더 해줬으면 좋겠음. 이건 오직 남고만 할 수 있는 컨셉임ㅇㅇ",오량인 (211.246) 2026.05.27 01:19:09 스크랩 조회 443 추천 0 댓글 3,0,443,2026.05.27 01:19:09,https://gall.dcinside.com/mgallery/board/view/?id=daeshinhigh&no=14547&page=1
14550,[일반],필독,https://youtube.com/v/ou_QAoIfWpI?si=BQMQGMjvFuCXrCnv EP.01 에어컨 멤버십 가입 : https://www.youtube.com/channel/UCM5Ij_HwT8V6xPT9cRBFjJw/join youtube.com,오량인 (14.50) 2026.05.27 18:51:57 스크랩 조회 316 추천 4 댓글 1,4,316,2026.05.27 18:51:57,https://gall.dcinside.com/mgallery/board/view/?id=daeshinhigh&no=14550&page=1
14549,[일반],교감,고트면 개추 ㅋㅋ,오량인 (104.28) 2026.05.27 13:58:20 스크랩 조회 359 추천 2 댓글 0,2,359,2026.05.27 13:58:20,https://gall.dcinside.com/mgallery/board/view/?id=daeshinhigh&no=14549&page=1
14546,[일반],솔직히,"수업 다 3, 4층이라서 1 2층 에어컨 없어도 상관없는 나같은 게이들 있을텐데 조용히 개추 눌러볼까? 일단 나부터",오량인 (183.107) 2026.05.26 23:45:54 스크랩 조회 376 추천 16 댓글 0,16,376,2026.05.26 23:45:54,https://gall.dcinside.com/mgallery/board/view/?id=daeshinhigh&no=14546&page=1
14543,[열람주의❗],ㄱㅅㅇ 방송 요약,화재대피훈련때도 봤겠지만 니들이 쩌죽든 말라죽든 알빠냐고 교무실이랑 교장실은 에어컨 빵빵하당께ㅋㅋㅋㅋ 학생들은 불만 가지지 말고 아가리 닫고 뒤지셈,오량인 (14.50) 2026.05.26 13:45:41 스크랩 조회 627 추천 24 댓글 5,24,627,2026.05.26 13:45:41,https://gall.dcinside.com/mgallery/board/view/?id=daeshinhigh&no=14543&page=1
14542,[일반],도마랩보단 리빙켓이지,,오량인 (220.120) 2026.05.26 00:27:13 스크랩 조회 330 추천 6 댓글 0,6,330,2026.05.26 00:27:13,https://gall.dcinside.com/mgallery/board/view/?id=daeshinhigh&no=14542&page=1
14545,[일반],쏜팡이,대신고에 쏜팡이 없나... 혼자 가기 시른데..,오량인 (106.101) 2026.05.26 22:06:59 스크랩 조회 343 추천 3 댓글 2,3,343,2026.05.26 22:06:59,https://gall.dcinside.com/mgallery/board/view/?id=daeshinhigh&no=14545&page=1
14541,[일반],도마켓보단 리빙랩이지,왜 까는거노 ㅅ발 운영진 개고트니까 욕ㄴㄴ,오량인 (211.55) 2026.05.25 21:19:59 스크랩 조회 390 추천 5 댓글 3,5,390,2026.05.25 21:19:59,https://gall.dcinside.com/mgallery/board/view/?id=daeshinhigh&no=14541&page=1
14539,[일반],도마켓,리빙랩보다 좋은건진 모르겠는데 이번에 팀에 예쁜 여자애들 많아서 행복하면 개추~,오량인 (223.62) 2026.05.25 13:12:30 스크랩 조회 312 추천 10 댓글 0,10,312,2026.05.25 13:12:30,https://gall.dcinside.com/mgallery/board/view/?id=daeshinhigh&no=14539&page=1
14538,[일반],리빙랩 운영 욕하는 애들 특 이라는 글쓰는 애들 특,ㅈ빙랩 운영진 ㅋㅋㅋㅋㅋ,오량인 (223.39) 2026.05.25 11:24:54 스크랩 조회 422 추천 25 댓글 2,25,422,2026.05.25 11:24:54,https://gall.dcinside.com/mgallery/board/view/?id=daeshinhigh&no=14538&page=1
14540,[일반],동아리떡밥 끝나니까 도리전이노,재밌으니까 계속 싸워다오,ㅇㅇ (221.158) 2026.05.25 14:43:20 스크랩 조회 362 추천 4 댓글 1,4,362,2026.05.25 14:43:20,https://gall.dcinside.com/mgallery/board/view/?id=daeshinhigh&no=14540&page=1
14537,[일반],뭐냐 밖에서 조깅하는데 주딱이 뽀뽀해줌,사실 주딱이 안해줌 사실 누가 뽀뽀해준 적 없음 사실 조깅도 안함 사실 밖에도 안나감,오량인 (121.159) 2026.05.25 10:47:12 스크랩 조회 271 추천 5 댓글 0,5,271,2026.05.25 10:47:12,https://gall.dcinside.com/mgallery/board/view/?id=daeshinhigh&no=14537&page=1
14535,[일반],리빙랩 vs 도마켓,개인적으로 올해 어떤게 더 나은거 같냐,오량인 (1.245) 2026.05.25 00:57:04 스크랩 조회 377 추천 2 댓글 7,2,377,2026.05.25 00:57:04,https://gall.dcinside.com/mgallery/board/view/?id=daeshinhigh&no=14535&page=1
14536,[일반],리빙랩 운영 욕하는 애들 특,리빙랩 떨어짐,ㅇㅇ (106.101) 2026.05.25 10:26:14 스크랩 조회 297 추천 11 댓글 0,11,297,2026.05.25 10:26:14,https://gall.dcinside.com/mgallery/board/view/?id=daeshinhigh&no=14536&page=1
14533,[일반],오늘 조심해야할것,1. 높은곳에 올라가지 않는다. 2. 시계를 차지 않는다. 3. 밤에 부엉이소리가 들리면 밖에 나가지 않는다. 4. 두부를 외상으로 사지 않는다. 5. 오래된 생각이 있다면 버린다. 6. 담배를 피지 않는다. 7. 부끄러움이나 수치심을 느껴서는 안된다. 8. 모자를 쓰고 자전거를 타지 않는다. (특히 챙이 넓은 모자거나 밀짚모자 9. 계란을 먹지 않은다. 10. 노란색의 옷을 입지 않는다.,오량인 (106.101) 2026.05.23 18:47:43 스크랩 조회 376 추천 12 댓글 0,12,376,2026.05.23 18:47:43,https://gall.dcinside.com/mgallery/board/view/?id=daeshinhigh&no=14533&page=1
14534,[일반],주딱 뒤짐?,ㅇㅇ - dc official App,오량인 (118.235) 2026.05.24 06:45:34 스크랩 조회 394 추천 10 댓글 4,10,394,2026.05.24 06:45:34,https://gall.dcinside.com/mgallery/board/view/?id=daeshinhigh&no=14534&page=1
14531,[일반],오만추입사지원용포토폴리오,이런개좆병신개버러지애니쳐빨지말라고,aㅏ 2026.05.23 01:25:32 스크랩 조회 540 추천 16 댓글 8,16,540,2026.05.23 01:25:32,https://gall.dcinside.com/mgallery/board/view/?id=daeshinhigh&no=14531&page=1
14529,[일반],"아름다운.노을 사진. 한 장. 보고 가셔요,,~~",ㅍ,오량인 (110.9) 2026.05.23 00:44:55 스크랩 조회 351 추천 6 댓글 0,6,351,2026.05.23 00:44:55,https://gall.dcinside.com/mgallery/board/view/?id=daeshinhigh&no=14529&page=1
14530,[일반],요즘핫한공연,https://www.youtube.com/watch?v=cMFd_rJvq8Q&t=773s523 (523지우고써),오량인 (110.9) 2026.05.23 00:47:29 스크랩 조회 355 추천 2 댓글 1,2,355,2026.05.23 00:47:29,https://gall.dcinside.com/mgallery/board/view/?id=daeshinhigh&no=14530&page=1
14528,[일반],여기 일베있냐...,,ㅇㅇ 2026.05.23 00:41:00 스크랩 조회 320 추천 2 댓글 0,2,320,2026.05.23 00:41:00,https://gall.dcinside.com/mgallery/board/view/?id=daeshinhigh&no=14528&page=1
14525,[열람주의❗],장미사이에 피어난 건물,"물리: ㅇㅎㄹ, ㅇㅇㄱ 사이에 ㅂㅎㅈ 화학: ㅇㄷㅎ, ㅂㅈㅇ 사이에 ㅂㅅㅎ",오량인 (110.70) 2026.05.22 01:09:30 스크랩 조회 382 추천 8 댓글 0,8,382,2026.05.22 01:09:30,https://gall.dcinside.com/mgallery/board/view/?id=daeshinhigh&no=14525&page=1
14527,[일반],'그' 날이 와버렸따...,기대가 됩미노,오량인 (194.114) 2026.05.23 00:10:41 스크랩 조회 262 추천 3 댓글 0,3,262,2026.05.23 00:10:41,https://gall.dcinside.com/mgallery/board/view/?id=daeshinhigh&no=14527&page=1
14524,[일반],선배가 나 좋아하는 거 같음,어그로ㅈㅅ 10들아 통과1 전체가 시험범위임? - dc official App,오량인 (149.88) 2026.05.21 22:10:43 스크랩 조회 528 추천 12 댓글 2,12,528,2026.05.21 22:10:43,https://gall.dcinside.com/mgallery/board/view/?id=daeshinhigh&no=14524&page=1
14523,[일반],2학년 ㄱㅇㅈ,빵댕이 존나크면 개추 섹시함,오량인 (211.230) 2026.05.21 21:25:12 스크랩 조회 424 추천 13 댓글 0,13,424,2026.05.21 21:25:12,https://gall.dcinside.com/mgallery/board/view/?id=daeshinhigh&no=14523&page=1
14522,[일반],대전과기대 돈 좀 있나보네,축제에서 폭주도 터뜨리고 - dc official App,오량인 (1.245) 2026.05.21 21:21:57 스크랩 조회 374 추천 2 댓글 2,2,374,2026.05.21 21:21:57,https://gall.dcinside.com/mgallery/board/view/?id=daeshinhigh&no=14522&page=1
14521,[일반],ㄱㅎㅈ 학교에서 마주칠때마다 기분 개ㅈ같다,물론 3학년 ㄱㅎㅈ 말한 거임 오해 ㄴㄴ,오량인 (175.223) 2026.05.21 07:42:53 스크랩 조회 517 추천 7 댓글 1,7,517,2026.05.21 07:42:53,https://gall.dcinside.com/mgallery/board/view/?id=daeshinhigh&no=14521&page=1
14520,[일반],졸업생인데,대신고 디시 왤케 천박해졌노 이기,오량인 (106.101) 2026.05.21 06:55:20 스크랩 조회 353 추천 2 댓글 1,2,353,2026.05.21 06:55:20,https://gall.dcinside.com/mgallery/board/view/?id=daeshinhigh&no=14520&page=1
14519,[일반],파딱,그래서 누구냐?,오량인 (106.101) 2026.05.20 22:43:02 스크랩 조회 342 추천 1 댓글 4,1,342,2026.05.20 22:43:02,https://gall.dcinside.com/mgallery/board/view/?id=daeshinhigh&no=14519&page=1
14518,[일반],방관잼vs천안문,니들은 뭐가 더 대마갤에 나은것같노 의견 ㄱㄱ,오량인 (203.253) 2026.05.20 18:22:18 스크랩 조회 322 추천 0 댓글 2,0,322,2026.05.20 18:22:18,https://gall.dcinside.com/mgallery/board/view/?id=daeshinhigh&no=14518&page=1
14517,[일반],제발 부탁인데,나다 싶으면 제발 좀 처 씻어 하루종일 좆같은 냄새나서 살기가힘들다 진짜 토할거같으니까 나다 싶으면 제발 씻어 식초냄새랑 하수구냄새가 존나올라오는데 자기가 냄새나는걸 모르는건가 진짜 개민폐임 머리도좀 감아라 제발제발 고통스러워서 뒤질거같다,오량인 (14.50) 2026.05.20 11:27:58 스크랩 조회 530 추천 17 댓글 2,17,530,2026.05.20 11:27:58,https://gall.dcinside.com/mgallery/board/view/?id=daeshinhigh&no=14517&page=1
14516,[일반],Gemini,왜 제미나이라 부르는지 이해가 안가네 Gem / min /i 이렇게 끊어서 잼민이라 해야지 - dc official App,오량인 (1.245) 2026.05.20 00:42:59 스크랩 조회 413 추천 5 댓글 1,5,413,2026.05.20 00:42:59,https://gall.dcinside.com/mgallery/board/view/?id=daeshinhigh&no=14516&page=1
14510,[일반],2학년수행,ㅅㅂㅋㅋ 첫날에 다하자면 어쩌자는거임?,오량인 (211.230) 2026.05.17 22:00:16 스크랩 조회 648 추천 10 댓글 3,10,648,2026.05.17 22:00:16,https://gall.dcinside.com/mgallery/board/view/?id=daeshinhigh&no=14510&page=1
14513,[열람주의❗],주딱 병신,"ㄹㅇ로일 안함, 갤 관리 안함, 뭐 뿌린 것도 없음 대마갤은 계속 추락중 진짜 무슨 거창한 이유 길래 늦게 된거냐? 이번 파딱 심사로 고라니에 대한 평가과 완전히 결판 날듯 plus.. 대마갤 처럼 고닉이 적은 곳에서 굳이 비호감 고닉을 파딱으로 새우는 것 만큼 자살골은 없다고 본다 - dc official App",오량인 (58.228) 2026.05.18 20:34:23 스크랩 조회 849 추천 22 댓글 18,22,849,2026.05.18 20:34:23,https://gall.dcinside.com/mgallery/board/view/?id=daeshinhigh&no=14513&page=1
14512,[일반],더워,프잭실에도 에어컨 틀어줘 웅엥,오량인 (14.50) 2026.05.18 18:44:13 스크랩 조회 411 추천 5 댓글 3,5,411,2026.05.18 18:44:13,https://gall.dcinside.com/mgallery/board/view/?id=daeshinhigh&no=14512&page=1
14509,[일반],주딱은 파딱결과를 공유해라✊+✊+✊+,,ㅇㅇ 2026.05.17 21:58:48 스크랩 조회 570 추천 3 댓글 5,3,570,2026.05.17 21:58:48,https://gall.dcinside.com/mgallery/board/view/?id=daeshinhigh&no=14509&page=1
14508,[일반],이 사진 걍 널리 퍼트려라,(미디어 사진 6+),오량인 (106.101) 2026.05.17 18:58:56 스크랩 조회 498 추천 0 댓글 0,0,498,2026.05.17 18:58:56,https://gall.dcinside.com/mgallery/board/view/?id=daeshinhigh&no=14508&page=1
14507,[일반],대마갤 특이하긴 함,"다른 갤러리 가면 주딱 파딱은 그냥 혐짤 지우개, 할카스 처리반, 갤러리의 노예 취급인데 대마갤만 이상하게 완장이 권력으로 인식되는 거 같음ㅇㅇ 저번에 ㅅㅁㅊ 사건때 완장질이라는 말이 나온 것도 그렇고 암튼 특이함 + ㅅㅁㅊ 사건 때 ㅅㅁㅊ이 지적한 고닉 언급 금지는 다른 갤러리가면 당연한 문화임 다른 마이너 갤러리에서 ""고닉 정리"" ㅇㅈㄹ하면 진짜 대환장 파티 일어남 ㅇㅇ 이유는 친목질 방지",오량인 (183.107) 2026.05.17 16:17:05 스크랩 조회 590 추천 11 댓글 4,11,590,2026.05.17 16:17:05,https://gall.dcinside.com/mgallery/board/view/?id=daeshinhigh&no=14507&page=1
14506,[일반],4대천왕 장카설김,ㄱㅎㅈ쌤이 얘네보다 이쁨,ㅇㅇ (211.235) 2026.05.17 15:42:04 스크랩 조회 575 추천 15 댓글 1,15,575,2026.05.17 15:42:04,https://gall.dcinside.com/mgallery/board/view/?id=daeshinhigh&no=14506&page=1
14499,[일반],5등급제 충남대,대전대신고에서 충대 공대갈려면 5등급제기준 몇등급 맞아야하나요,귀욤 (39.119) 2026.05.15 16:16:20 스크랩 조회 589 추천 0 댓글 3,0,589,2026.05.15 16:16:20,https://gall.dcinside.com/mgallery/board/view/?id=daeshinhigh&no=14499&page=2
14500,[일반],적어도 교육감 투표는 만16세 고1까지 투표권 확장해야 함,교육제도 이상하게 바뀌는거에 학생들의 의견은 반영이 됐는가 -> NO 의견을 내려면 어떻게 해야하는가 -> 투표권 행사,ㅇㅇ (183.107) 2026.05.16 13:41:48 스크랩 조회 392 추천 14 댓글 1,14,392,2026.05.16 13:41:48,https://gall.dcinside.com/mgallery/board/view/?id=daeshinhigh&no=14500&page=2
14504,[일반],1학년들중에,잘나가는 애가 없어보이노~~~~ - dc official App,오량인 (118.217) 2026.05.17 15:20:00 스크랩 조회 454 추천 0 댓글 2,0,454,2026.05.17 15:20:00,https://gall.dcinside.com/mgallery/board/view/?id=daeshinhigh&no=14504&page=2
14497,[열람주의❗],복어를,복복복,오량인 (118.235) 2026.05.14 23:12:06 스크랩 조회 643 추천 19 댓글 0,19,643,2026.05.14 23:12:06,https://gall.dcinside.com/mgallery/board/view/?id=daeshinhigh&no=14497&page=2
14502,[일반],5등급제,과기원 갈려면 몇등급정도면 될까요 생기부 괜찮다는 가정...,오량인 (211.36) 2026.05.17 00:10:33 스크랩 조회 455 추천 2 댓글 4,2,455,2026.05.17 00:10:33,https://gall.dcinside.com/mgallery/board/view/?id=daeshinhigh&no=14502&page=2
14498,[일반],ㅅㅂ 제미나이 왜 서버 항상 터져있음?,뭘 하려고만 하면 항상 맨날 생리처터졌나 하나도 안되네 구글에 학교차원에서 지랄해줘야되는거아님?,aㅏ 2026.05.14 23:21:41 스크랩 조회 431 추천 9 댓글 1,9,431,2026.05.14 23:21:41,https://gall.dcinside.com/mgallery/board/view/?id=daeshinhigh&no=14498&page=2
14503,[일반],과연 파딱은?,두구두구,오량인 (112.148) 2026.05.17 13:50:57 스크랩 조회 258 추천 0 댓글 0,0,258,2026.05.17 13:50:57,https://gall.dcinside.com/mgallery/board/view/?id=daeshinhigh&no=14503&page=2
14496,[일반],교장쌤이 한밭고라 한거 같은데,한빛고입니다 참고 바람,오량인 (112.150) 2026.05.14 18:02:42 스크랩 조회 616 추천 4 댓글 0,4,616,2026.05.14 18:02:42,https://gall.dcinside.com/mgallery/board/view/?id=daeshinhigh&no=14496&page=2
14491,[일반],5등급제 궁금한데,1.0 많음 ?? 졸업생이라 잘몰러,ㅇㅇ (218.147) 2026.05.14 01:25:39 스크랩 조회 403 추천 1 댓글 0,1,403,2026.05.14 01:25:39,https://gall.dcinside.com/mgallery/board/view/?id=daeshinhigh&no=14491&page=2
14493,[일반],꼴리는데,야동 추천 좀,오량인 (222.108) 2026.05.14 14:49:56 스크랩 조회 596 추천 1 댓글 0,1,596,2026.05.14 14:49:56,https://gall.dcinside.com/mgallery/board/view/?id=daeshinhigh&no=14493&page=2
14490,[일반],과기원,5등급제 과기원 1점대 후반이어도 쓸수있나,오량인 (118.235) 2026.05.13 20:29:18 스크랩 조회 532 추천 1 댓글 7,1,532,2026.05.13 20:29:18,https://gall.dcinside.com/mgallery/board/view/?id=daeshinhigh&no=14490&page=2
14492,[일반],ㅅㅇㄷ 전킥 타면서 헬멧 안쓰냐,- dc official App,오량인 (106.101) 2026.05.14 10:28:35 스크랩 조회 797 추천 37 댓글 1,37,797,2026.05.14 10:28:35,https://gall.dcinside.com/mgallery/board/view/?id=daeshinhigh&no=14492&page=2
14494,[일반],교장쌤,ㄹㅇ 개고트노,오량인 (106.101) 2026.05.14 17:41:26 스크랩 조회 476 추천 3 댓글 0,3,476,2026.05.14 17:41:26,https://gall.dcinside.com/mgallery/board/view/?id=daeshinhigh&no=14494&page=2
14495,[일반],보건부스,운영 도와주던 친구 말 들어보니까 원 래 중앙 교정에서 하고있던거 교장이 거기는 자기 구경자리라고 니들이 여기 있으면 안된다면서 보건쌤이랑 애들 아래로 내쫒은 거라던데 다시보니 찬조 볼려고 한거였노ㅋㅋㅋㅋㅋㅋㅋㅋㅋㅋ,오량인 (218.150) 2026.05.14 17:57:43 스크랩 조회 587 추천 14 댓글 1,14,587,2026.05.14 17:57:43,https://gall.dcinside.com/mgallery/board/view/?id=daeshinhigh&no=14495&page=2
14489,[일반],새벽에 올려보는거,시험 개처망해서 퀄리티 약간 터짐 양해좀,aㅏ 2026.05.13 00:36:05 스크랩 조회 559 추천 19 댓글 2,19,559,2026.05.13 00:36:05,https://gall.dcinside.com/mgallery/board/view/?id=daeshinhigh&no=14489&page=2
14486,[일반],뭐라고? 12시에 비가 와서 학생들이 비를 맞으며 훈련을 할수도있다고?,알아.,오량인 (14.50) 2026.05.12 09:12:19 스크랩 조회 594 추천 5 댓글 1,5,594,2026.05.12 09:12:19,https://gall.dcinside.com/mgallery/board/view/?id=daeshinhigh&no=14486&page=2
14484,[일반],물리,물리 평균 35라는데 이거 오피셜이냐,오량인 (211.105) 2026.05.11 21:45:16 스크랩 조회 345 추천 0 댓글 2,0,345,2026.05.11 21:45:16,https://gall.dcinside.com/mgallery/board/view/?id=daeshinhigh&no=14484&page=2
14485,[일반],ㄱㅅㅇ:,12시에 비가 올지 안 올지는 내 알바가 아니고 비가 온다 해도 난 그늘 아래에서 본부팸이랑 편하게 입 털기만 하면 되니까 느그들은 소방훈련 때처럼 밖에서 서서 비를 맞거라 ㅇㅇ,오량인 (14.50) 2026.05.12 09:06:45 스크랩 조회 505 추천 5 댓글 1,5,505,2026.05.12 09:06:45,https://gall.dcinside.com/mgallery/board/view/?id=daeshinhigh&no=14485&page=2
14472,[일반],파딱 모집,전에 얘기했던 대로 중간고사 끝난 오늘부터 파딱 모집 시작합니다. 모집 기한은 5.8(금) ~ 5.15(금)까지 지원 받을 예정이고 파딱 선발에 관련해서 카카오톡 오픈채팅으로 간단한 질문사항이 있을 예정입니다. 파딱은 인원수에 맞춰서 뽑는 것이 아닌 제 평가 기준 하에 자격을 갖추신 것 같은 고닉 분들을 임명하겠습니다. 간단하게 설명 드리면 파딱이 5명이 선발 될 수도 있고 1명이 선발 될 수도 있는 상황으로 인원 수에 국한하지 않은 제 질문 사항 포함 그동안 대신고 디시에 이바지 한 정도로 판단하겠습니다. 선발 결과는 파딱 모집이 끝난 후 5.17(일)까지 공지드리겠습니다. 카카오톡 오픈 채팅에 들어오실 때는 설정 이름을 자신의 “ 고닉(식별 코드) ”로 해주시길 바랍니다. ex) Gorani(lantern2288) 대신고 디시는 대신고 재학생 모든 분들이 자유롭게 소통하고 의견을 나누는 꽤 큰 소통처입니다. 그만큼 뛰어난 관리 능력과 대신고 디시를 하는 오량인들에게 지지를 받을 수 있는 긍정적인 인상을 가지고 있어야 합니다. 지원 하시는 모든 분들 이를 명심하고 최선을 다 해 주시길 바랍니다. 응원합니다. 대전대신고 마이너 갤러리 매니저 면접 방 https://open.kakao.com/o/slftF0ti 대전대신고 마이너 갤러리 매니저 면접 방 대전대신고 마이너 갤러리 파딱을 선발하기 위한 방입니다. open.kakao.com,Gorani 2026.05.08 17:20:32 스크랩 조회 944 추천 14 댓글 10,14,944,2026.05.08 17:20:32,https://gall.dcinside.com/mgallery/board/view/?id=daeshinhigh&no=14472&page=2
14482,[일반],cip 1차 독서,아니 ㅋㅋㅋㅋㅋ 저 독서 안한다구요 ㅋㅋㅋㅋㅋㅋㅋ 이러면 설문조사는 왜 했는데 ㅋㅋㅋㅋㅋㅋㅋㅋ,오량인 (14.50) 2026.05.11 17:09:46 스크랩 조회 340 추천 1 댓글 1,1,340,2026.05.11 17:09:46,https://gall.dcinside.com/mgallery/board/view/?id=daeshinhigh&no=14482&page=2
14481,[일반],아씨발귀두찢어짐,존나아프네 막대기 부상당해서 당분간 코코이못치겟노,ㅇㅇ 2026.05.10 23:52:10 스크랩 조회 698 추천 0 댓글 3,0,698,2026.05.10 23:52:10,https://gall.dcinside.com/mgallery/board/view/?id=daeshinhigh&no=14481&page=2
14479,[일반],ㅈㅈㅁ 미친놈;; 그만해라,중3애한테 연락은 왜 하는 거냐,오량인 (117.111) 2026.05.10 19:42:50 스크랩 조회 419 추천 1 댓글 0,1,419,2026.05.10 19:42:50,https://gall.dcinside.com/mgallery/board/view/?id=daeshinhigh&no=14479&page=2
14483,[일반],도마켓떨어졌는데위로해주세요,ㅇㅇ,오량인 (110.8) 2026.05.11 20:29:44 스크랩 조회 430 추천 2 댓글 2,2,430,2026.05.11 20:29:44,https://gall.dcinside.com/mgallery/board/view/?id=daeshinhigh&no=14483&page=2
14478,[일반],여자 쌤 중에 최고 Goat랑 Joat 뽑아봐라,Joat는 ㄱㅎㅈ가 압도적이라 ㄱㅎㅈ 제외 누굴거 같냐 개인적으로 난 Goat ㅅㅇㅂ Joat ㅅㅅㅎ,오량인 (223.39) 2026.05.10 18:15:07 스크랩 조회 792 추천 5 댓글 4,5,792,2026.05.10 18:15:07,https://gall.dcinside.com/mgallery/board/view/?id=daeshinhigh&no=14478&page=2
14476,[일반],2학년 화학,나만 어려웠냐 ㅅㅂ,오량인 (121.124) 2026.05.09 15:51:49 스크랩 조회 451 추천 2 댓글 3,2,451,2026.05.09 15:51:49,https://gall.dcinside.com/mgallery/board/view/?id=daeshinhigh&no=14476&page=2
14477,[일반],아래 피시방글 있어서 말인데,옵티머스는 이제 운영하기 힘든거 아니냐? 오버워치 프레임 ㅈ박길래 봤는데 1660super쓰던데 그나마 장점은 싸다는거랑 좌석 많은거? 근데 진짜 1660s은 에바임 3분 더 걸으면 5060쓰는곳 있는데 굳이 굳이임 저번에 갈일있어서 옵티 가봤는데 사람도 많이 빠졌던데,오량인 (210.123) 2026.05.09 18:11:26 스크랩 조회 467 추천 2 댓글 2,2,467,2026.05.09 18:11:26,https://gall.dcinside.com/mgallery/board/view/?id=daeshinhigh&no=14477&page=2
14474,[일반],화학이 쉽다고?ㅋㅋㅋㅋㅋ,작년 2학년 화학은 문제는 ㅈㄴ 잘냈다고 소문났는데 이번엔 쉽게 냈나보네,오량인 (1.227) 2026.05.09 08:58:31 스크랩 조회 440 추천 0 댓글 1,0,440,2026.05.09 08:58:31,https://gall.dcinside.com/mgallery/board/view/?id=daeshinhigh&no=14474&page=2
14471,[일반],대신고는 들어라,위대한 대성에서 왔다. 대성을 다시 위대하게!!!,대성디씨마스터 (223.39) 2026.05.08 13:19:31 스크랩 조회 606 추천 0 댓글 2,0,606,2026.05.08 13:19:31,https://gall.dcinside.com/mgallery/board/view/?id=daeshinhigh&no=14471&page=2
14473,[일반],화학,화학 시험 땜시 좀 시끄러워질줄 알았는데 조용하노,오량인 (223.39) 2026.05.08 22:28:04 스크랩 조회 491 추천 1 댓글 6,1,491,2026.05.08 22:28:04,https://gall.dcinside.com/mgallery/board/view/?id=daeshinhigh&no=14473&page=2
14468,[일반],아니 아직 시험이 안끝남..?,원래 어린이날 전에 끝내주는게 국룰이었는데,ㅇㅇ (218.147) 2026.05.08 02:25:17 스크랩 조회 418 추천 2 댓글 1,2,418,2026.05.08 02:25:17,https://gall.dcinside.com/mgallery/board/view/?id=daeshinhigh&no=14468&page=2
14470,[일반],시험 끝,다들 수고하셨습니다 - dc official App,El_Salvador 2026.05.08 12:29:23 스크랩 조회 545 추천 26 댓글 1,26,545,2026.05.08 12:29:23,https://gall.dcinside.com/mgallery/board/view/?id=daeshinhigh&no=14470&page=2
14467,[일반],뿌에엥,ㅠ,오량인 (1.245) 2026.05.08 02:06:40 스크랩 조회 228 추천 0 댓글 0,0,228,2026.05.08 02:06:40,https://gall.dcinside.com/mgallery/board/view/?id=daeshinhigh&no=14467&page=2
14466,[질문],올해 축제 언제임,혹시 일정 정해졋나요?,전기전자공학 2026.05.07 22:47:56 스크랩 조회 377 추천 1 댓글 1,1,377,2026.05.07 22:47:56,https://gall.dcinside.com/mgallery/board/view/?id=daeshinhigh&no=14466&page=2
14465,[일반],PC방 추천좀,10인데 내일 시험끝나고 갈 학교근처 pc방좀 추천해주십쇼 - dc official App,오량인 (125.138) 2026.05.07 19:35:11 스크랩 조회 388 추천 0 댓글 3,0,388,2026.05.07 19:35:11,https://gall.dcinside.com/mgallery/board/view/?id=daeshinhigh&no=14465&page=2
14464,[일반],이번에 정사 범위 어디임?,댓글로좀 알려주삼,오량인 (61.253) 2026.05.07 19:12:51 스크랩 조회 243 추천 0 댓글 0,0,243,2026.05.07 19:12:51,https://gall.dcinside.com/mgallery/board/view/?id=daeshinhigh&no=14464&page=2
14463,[일반],어제 먹은 존나 매운음식,오늘 독방귀로 승화 스카 사람들 다 뒤져랏ㅋ,오량인 (121.159) 2026.05.07 17:34:42 스크랩 조회 367 추천 0 댓글 2,0,367,2026.05.07 17:34:42,https://gall.dcinside.com/mgallery/board/view/?id=daeshinhigh&no=14463&page=2
14462,[일반],난 내일부터 콘1돔 입고 등교한다,ㅈ 됐으니까,오량인 (14.50) 2026.05.07 09:54:51 스크랩 조회 719 추천 19 댓글 4,19,719,2026.05.07 09:54:51,https://gall.dcinside.com/mgallery/board/view/?id=daeshinhigh&no=14462&page=2
14460,[일반],물리,45점이면 3 되나,오량인 (123.215) 2026.05.06 19:22:45 스크랩 조회 333 추천 0 댓글 0,0,333,2026.05.06 19:22:45,https://gall.dcinside.com/mgallery/board/view/?id=daeshinhigh&no=14460&page=2
14461,[일반],고수,평균 몇나올라나,오량인 (180.228) 2026.05.06 19:50:26 스크랩 조회 424 추천 0 댓글 1,0,424,2026.05.06 19:50:26,https://gall.dcinside.com/mgallery/board/view/?id=daeshinhigh&no=14461&page=2
14459,[일반],물리 서답4,논란이 있길래 조사해본다,오량인 (211.230) 2026.05.06 17:04:40 스크랩 조회 533 추천 0 댓글 2,0,533,2026.05.06 17:04:40,https://gall.dcinside.com/mgallery/board/view/?id=daeshinhigh&no=14459&page=2
14458,[일반],오늘부로 ㅇㅌㅎ&ㅇㅅㄷ에 대한 지지를 철회한다.,그냥 철회한다고,오량인 (110.70) 2026.05.06 16:48:32 스크랩 조회 722 추천 13 댓글 2,13,722,2026.05.06 16:48:32,https://gall.dcinside.com/mgallery/board/view/?id=daeshinhigh&no=14458&page=2
14456,[일반],물리,63점인데 2뜨냐,오량인 (211.230) 2026.05.06 13:59:02 스크랩 조회 348 추천 0 댓글 0,0,348,2026.05.06 13:59:02,https://gall.dcinside.com/mgallery/board/view/?id=daeshinhigh&no=14456&page=2
14454,[일반],3학년중에,https://youtube.com/v/QS8O1-fXchg?si=qXod9g-spCGft_ZA 야 체육복 있는 사람 #스케치코미디 #숏박스 #일진 youtube.com 이영상에 조진세 마냥 말하는 형 원래 말투가 그런가요? 안경쓰고 잘마른 오징어 핀것 처럼 생긴,오량인 (122.34) 2026.05.05 23:39:32 스크랩 조회 483 추천 0 댓글 0,0,483,2026.05.05 23:39:32,https://gall.dcinside.com/mgallery/board/view/?id=daeshinhigh&no=14454&page=2
14453,[일반],대신고와 충남고의 공통점,둘다 ㄱㅅㅇ이 뜨거운 감자임,오량인 (211.229) 2026.05.05 20:11:38 스크랩 조회 840 추천 22 댓글 3,22,840,2026.05.05 20:11:38,https://gall.dcinside.com/mgallery/board/view/?id=daeshinhigh&no=14453&page=2
14455,[일반],우짜노,10 수학 개쉬웠는데 70박았음 회생가능한가요,오량인 (49.170) 2026.05.06 13:56:58 스크랩 조회 349 추천 0 댓글 1,0,349,2026.05.06 13:56:58,https://gall.dcinside.com/mgallery/board/view/?id=daeshinhigh&no=14455&page=2
14452,[일반],자❗자❗주목‼+,본인이 고급수학 ㅈ된 거 같으면 개추 실시♿♿,ㅇㅇ (183.107) 2026.05.05 13:55:28 스크랩 조회 698 추천 23 댓글 0,23,698,2026.05.05 13:55:28,https://gall.dcinside.com/mgallery/board/view/?id=daeshinhigh&no=14452&page=2
14451,[일반],사문,평균 몇점 예상하냐,오량인 (14.50) 2026.05.05 12:12:40 스크랩 조회 303 추천 0 댓글 0,0,303,2026.05.05 12:12:40,https://gall.dcinside.com/mgallery/board/view/?id=daeshinhigh&no=14451&page=2
14450,[일반],쇼타되고싶다,오랜 생각이다...,ㅇㅇ 2026.05.05 00:50:13 스크랩 조회 404 추천 2 댓글 1,2,404,2026.05.05 00:50:13,https://gall.dcinside.com/mgallery/board/view/?id=daeshinhigh&no=14450&page=2
14449,[일반],ㄱㅎㅈ쌤한테 아쉬움 소리 듣는 애들 특징,그림 개 좆같이 못그림 ㅋㅋㅋㅋ 얼마나 좆같이 그렸으면 그렇게 써줬을까? ㅋㅋㅋㅋ,오량인 (223.38) 2026.05.04 23:52:15 스크랩 조회 661 추천 11 댓글 4,11,661,2026.05.04 23:52:15,https://gall.dcinside.com/mgallery/board/view/?id=daeshinhigh&no=14449&page=2
14448,[일반],학교 제미나이 돌아옴,ㅈㄱㄴ,CloudR 2026.05.04 23:01:29 스크랩 조회 349 추천 2 댓글 0,2,349,2026.05.04 23:01:29,https://gall.dcinside.com/mgallery/board/view/?id=daeshinhigh&no=14448&page=2
14445,[일반],화작,1컷 몇 뜰거 같음? 난도는 딱 적당했던거 같은데,오량인 (175.203) 2026.05.04 21:35:42 스크랩 조회 341 추천 0 댓글 1,0,341,2026.05.04 21:35:42,https://gall.dcinside.com/mgallery/board/view/?id=daeshinhigh&no=14445&page=3
14442,[일반],오량인들 현 상황,다들 남은 시험 화이팅해라,aㅏ 2026.05.04 14:05:15 스크랩 조회 545 추천 3 댓글 1,3,545,2026.05.04 14:05:15,https://gall.dcinside.com/mgallery/board/view/?id=daeshinhigh&no=14442&page=3
14441,[일반],이번 1학년 국어 난이도 어떰?,이번 1학년 난이도 나만 어려운건가?,오량인 (49.174) 2026.05.04 13:41:41 스크랩 조회 581 추천 1 댓글 3,1,581,2026.05.04 13:41:41,https://gall.dcinside.com/mgallery/board/view/?id=daeshinhigh&no=14441&page=3
14443,[일반],1학년 국어,그 문법 서술형 말고 어절 쓰는 서술형은 답 될게 많은데 이거 맞음?,오량인 (112.150) 2026.05.04 15:51:49 스크랩 조회 589 추천 4 댓글 3,4,589,2026.05.04 15:51:49,https://gall.dcinside.com/mgallery/board/view/?id=daeshinhigh&no=14443&page=3
14439,[일반],국사 시험 방금 본 오량인데,국사 3등급이 목표였는데 3개 틀려서 ‘와 존나 잘봤다’ 했음 근데 시발 한반에 100점이 대여섯명 정도 있는겨 그럼 킹론상 100점이 많으면 50명정도 된다는건데 위 사실에 기반하여 운지하고파졌음..,오량인 (14.50) 2026.05.04 10:08:49 스크랩 조회 496 추천 3 댓글 2,3,496,2026.05.04 10:08:49,https://gall.dcinside.com/mgallery/board/view/?id=daeshinhigh&no=14439&page=3
14447,[일반],1컷,대수는 한 80중후반일거 같고 사문은 80초중반일거 같은데,오량인 (211.235) 2026.05.04 22:44:51 스크랩 조회 519 추천 0 댓글 3,0,519,2026.05.04 22:44:51,https://gall.dcinside.com/mgallery/board/view/?id=daeshinhigh&no=14447&page=3
14444,[일반],퉆효(대수vs미적),너네 입장 더 많이한거 골라보셈,오량인 (211.230) 2026.05.04 19:44:35 스크랩 조회 330 추천 0 댓글 0,0,330,2026.05.04 19:44:35,https://gall.dcinside.com/mgallery/board/view/?id=daeshinhigh&no=14444&page=3
14446,[일반],작년 언매 담임쌤,작년 언매 담당 선생님 누군지 아시는 선배님 계신가요,오량인 (223.39) 2026.05.04 22:04:34 스크랩 조회 339 추천 0 댓글 2,0,339,2026.05.04 22:04:34,https://gall.dcinside.com/mgallery/board/view/?id=daeshinhigh&no=14446&page=3
14434,[일반],09 생명,범위 존나많아서 해도해도 안끝난다 시발,오량인 (106.101) 2026.05.02 20:54:50 스크랩 조회 518 추천 2 댓글 3,2,518,2026.05.02 20:54:50,https://gall.dcinside.com/mgallery/board/view/?id=daeshinhigh&no=14434&page=3
14436,[일반],대갤 눈팅하는 졸업생들,몇기임?,오량인 (123.212) 2026.05.03 23:09:25 스크랩 조회 360 추천 0 댓글 4,0,360,2026.05.03 23:09:25,https://gall.dcinside.com/mgallery/board/view/?id=daeshinhigh&no=14436&page=3
14431,[일반],파딱,왜안뽑노,오량인 (122.34) 2026.05.02 15:26:42 스크랩 조회 302 추천 0 댓글 1,0,302,2026.05.02 15:26:42,https://gall.dcinside.com/mgallery/board/view/?id=daeshinhigh&no=14431&page=3
14437,[일반],사문 선생님덜~~,대신고가 얼마나 ㅈ반고인지 보여주도록하지...흐흐하하하핰ㅋㅋㅋㅋ,오량인 (211.230) 2026.05.04 00:25:42 스크랩 조회 467 추천 9 댓글 1,9,467,2026.05.04 00:25:42,https://gall.dcinside.com/mgallery/board/view/?id=daeshinhigh&no=14437&page=3
14430,[일반],"이번 미적분,대수",나만 ㅈ된거아니지?ㅋㅋ,오량인 (14.50) 2026.05.02 10:25:36 스크랩 조회 459 추천 2 댓글 3,2,459,2026.05.02 10:25:36,https://gall.dcinside.com/mgallery/board/view/?id=daeshinhigh&no=14430&page=3
14432,[일반],선배님들 벼락치기 꿀팁 좀 주세요,암기 과목 분명 공부했는데 다 까먹었어요 - dc official App,오량인 (1.245) 2026.05.02 16:16:02 스크랩 조회 506 추천 2 댓글 7,2,506,2026.05.02 16:16:02,https://gall.dcinside.com/mgallery/board/view/?id=daeshinhigh&no=14432&page=3
14428,[일반],시험직전최후의작품.mp4,오만주 회장님 많은 관심 부탁합니노 +시험 끝나면 키라메카라리 모작 만들어서 올려봄 만약 안올라오면 이딴거 처만드느라 오량산바위에 대가리 박았다고 생각하셈 +개추좀 박아줘라 왜 잘봐놓고 관심이 없노,aㅏ 2026.05.01 00:54:20 스크랩 조회 751 추천 23 댓글 1,23,751,2026.05.01 00:54:20,https://gall.dcinside.com/mgallery/board/view/?id=daeshinhigh&no=14428&page=3
14433,[일반],한민족의 뿌리는 환웅의 배달,"방첩사령부와 병무청, 국민의힘은 중국 공산당 간첩이다. 충남 대전 통합을 반대하고 충청도 통합을 반대하여 충청도를 중국 공4산당 오랑캐에게 갖다 바치려는 내4란당은 사라져라. 방첩사령부는 중국 공4산당 오랑캐의 간첩이므로 사라져라. 병무청은 방첩사령부의 하수인으로서 중국 공4산당 오랑캐의 간첩이므로 사라져라. 방첩사령부와 병무청의 계획은 한7반도, 대한민국을 중국 공4산당 오랑캐에게 갖다 바치는 것이다. 한7반도, 대한민국에 중국 공4산당 오랑캐 총독부를 신설하여 친7일파 이완용처럼 잘먹고 잘살면서 떵떵거리려고 매국 행위를 한다. 국가정보원은 조속히 중국 공4산당 간첩인 방첩사령부와 병무청을 숙청하라. 국가정보원은 방첩사령부와 병무청, 내4란당의 내4란을 진압한 독립운동가다. 친7일파 후손인 방첩사령부와 병무청, 내4란당을 모조리 숙청하라. 2024. 12. 3 방첩사령부와 병무청은 전 국민을 학살하려 하였다. 방첩사령부와 병무청은 전 국민을 길거리에서 사살하려 하였다. 이7재7명 대7통7령과 정청7래 민7주당 대표, 국가정보원, 트7럼프 미7국 대7통7령, 미군, 해병대, 해-공군 특수부대, 경찰특공대, 독립군 국민들이 내4란을 진압하였다. 방첩사령부와 병무청은 중국 공4산당 간첩으로서 언제든 반4란을 일으켜서 전 국민을 길거리에서 사살할 것이다. 그러기 전에 힘을 제거해야 한다. 당장 방첩사령부와 병무청의 힘을 제거하라. 검사들이 나쁜 짓을 한 것도 방첩사령부의 사주를 받고 못된 짓을 한 것이다. 원흉은 방첩사령부다. 방첩사령부가 특전사에게 사주하여 5.18 광주 민주투사들을 길거리에서 사살하였다. 그 짓을 2024. 12. 3 내4란 당시에도 하려 하였다. 언제든 한7반도, 대한민국의 독립투사, 민주투사들은 방첩사령부에 의해 길거리에서 사살 당할 위험에 처해있다. 기회가 있을 때에 방첩사령부와 병무청의 힘을 제거하라. 방첩사령부의 자식들은 호의호식하며 산다. 서민들의 자식들은 가난하고 괴롭힘 당하며 산다. 방첩사령부가 서민들의 재산을 빼앗아 갔기 때문이다. 방첩사령부가 서민들의 자식들을 육군 이등병의 구렁텅이로 몰아넣었다. 방첩사령부가 서민들의 자식들에게 지7급돼야 할 월급을 빼앗아 갔다. 방첩사령부는 서민들의 아들을 노예로 만들고 괴롭히고 월급을 착취하는 것으로도 모자라서 서민들의 딸마저도 노예로 만들고 괴롭히고 월급을 착취하려 한다. 방첩사령부와 병무청은 한7반도, 대한민국의 독립을 지키려는 독립운동가들을 모조리 고7문실로 끌고가서 고7문하려 하였다. 고7문 뒤에는 죽이려 하였다. 검사의 힘을 제거한 것에 만족하지 말고 원흉인 방첩사령부의 힘도 제거하라. 방첩사령부의 하수인으로서 전 국민을 고7문하려 한 병무청도 힘을 제거하라. 병무청은 강제 군인을 선발하는 것이 임무이다. 앞으로는 강제 군인을 선발하지 않을 것이니 병무청은 사라진다. 앞으로는 반4란이 없어야 하니 방첩사령부는 사라진다. 국가정보원이 해병대원 십만명을 책임지고 선발하라. 이제부터는 자율 군인, 지원 군인만 채용한다. 군인이 되고자 하는 자이면서 군인으로서 제격인 훌륭한 체력을 지닌 자만 해병대원으로 선발한다. 자고로 군인이7란 싸울 의지와 훌륭한 체력을 지닌 자를 의미한다. 대한민국 군인이란 대한민국 국민에게 충성하는 군인을 의미한다. 대한민국 국민이란 대한민국 국적을 가진 자이다. 대한민국 국적을 가진 자에게 반란을 일으키는 군인은 대한민국 군인이 아니다. 대한민국 국적을 가진 자를 보호하는 군인이 대한민국 군인이다. 방첩사령부는 대한민국 국민에게 반란을 일으켰으므로 대한민국 군인이 아니다. 정보요원이란 싸울 의지와 훌륭한 체력, 높은 지능, 강인한 정신력을 가진 자를 의미한다. 대한민국 정보요원이란 대한민국 국민에게 충성하는 정보요원이다. 대한민국 국민을 보호하는 정보요원이 대한민국 정보요원이다. 국가정보원은 대한민국 국민을 보호하므로 대한민국 정보요원이다. 민7주당 법사7위원장은 방첩사령부, 병무청, 내4란당 해체를 추진하라. 정청7래 민7주당은 상임위원장 모조리 가져와라. 대한민국 국민을 죽이려 한 내4란당은 대한민국 정당이 아니다. 대한민국 국민을 죽이려 한 병무청은 대한민국 공무원이 아니다. 중국 공4산당이 병무청에게 대한민국 전 국민을 고문하여 죽이라고 명령하였고 그 명령에 복종하여 대한민국 국민의 혈세로 병무청 본청 지하 1층에 고문실을 만들었다. 중국 공4산당이 내4란당에게 계엄 해제를 방해하라고 명령하였고 그 명령에 복종하여 계엄 해제를 방해하였다. 2024 년 12 월 3 일 발생된 내4란을 막은 한민족의 독립군들이 없었더라면 한반도의 모습은 지금의 이란이다 . 내4란이 성공 했더라면 중국 공4산당에 맞서 싸우는 우리 독립군들은 현재 이란의 국민들처럼 길거리에서 짐승마냥 사살되었을 것이다 . 지금도 방첩사령부는 반란을 모의하고 있다 . 정신 똑바로 차려라 . 바보들아 . 하늘이 우리에게 부여한 반란군들에 대한 숙청시간이 만료되기전에 숙청을 완료하라 . 방첩사령부의 힘을 빼앗아야 반란을 못 일으킨다 . 힘이 있으면 반란을 일으킨다 . 단순한 것이다 . 내4란범들이 징병제로 독립군들을 못 살게굴고 모병제를 방해하여 조선시대 장원급제만 27 년간 9 번한 율곡 이이 선생께서 주장하신 ' 직업군인 '' 십만양병설 ' 을 훼방놓고 이순신 장군을 추천한 삼정승 중 하나인 류성룡 또한 율곡 이이의 의견에 따라 직업군인 십만명을 양성했어야 했다고 후회하였다 . 내4란사령부와 병무청이 모병제를 막는 것은 임진왜란 때 우리가 왜놈들에게 쓸려나갔듯이 이번에는 중국 공4산당에게 쓸려나가도록 계획을 세웠기 때문이다 . 그 대가로 중국 공4산당에게 높은 자리를 약속받고 돈까지 약속 받았다 . 중국 공4산당과의 연줄이 없는 우리와 같은 독립군들은 모조리 척살 대상이다 . 방첩사령부는 이7재명 , 정청래와 같은 독립군 계열의 국회의원들을 죽이고 그 다음으로 국가정보원 전원을 살해하며 다음 타겟으로 해병대를 몰살시키려 하였다 . 그 다음 해군 , 공군 특수부대를 섬멸하고 경찰특공대를 모조리 제거하고 독립군 국민들을 잡아 죽이고 마지막 타겟으로 자기들의 노예인 특전사와 북파공작원을 제거하려 하였다 . 그러면 행복하게 살 줄 안 것이다 . 그러나 중국 공4산당은 반란사령부도 제거할 생각이었다 . 이유는 중국 공4산당원이 구천만명이 넘는데 그 중 일부가 와서 한반도를 통치하지 뭐하러 방첩사령부한테 통치를 시키겠나 . 방첩사령부는 멍청하다 . 저능아라서 자기들이 숙청 대상인 것도 모른다 . 한마디로 푼수다 . 푼수들이 멍청한 머리를 맞대고 반란을 모의하니 현명한 독립군들에게 반란이 진압당하지 . 욕심은 많고 지능이 낮으면 반란은 일으키는데 그 반란이 실패한다 . 그러나 반란에 대비가 돼 있지 않으면 그 저능아들한테도 당할 수 있다 . 이번 반란이 진압당한 것은 국가정보원이든 트럼프든 미군이든 이재7명과 정청래와 같은 민주세력 국회의원들이든 대비가 되어 있었기 때문에 반란을 진압한 것이다 . 넋 놓고 있었다면 반란은 성공했다 . 저 반란군들을 모조리 소탕해야 한다 . 반란을 또 일으킬 것이다 . 반란군들을 배려하지 마라 . 반란군들을 모조리 참수하라 . 충청남도 도지사와 보령시장 , 대천 3 동장 , 충청남도 행정심판위원회는 방첩사령부 하수인이다 . 보령시장과 대천 3 동장은 방첩사령부 사주를 받고 독립군 국민들을 거주불명 등록하여 신용을 훼손시킨다 . 충청남도 도지사는 방첩사령부 사주를 받고 충청남도 행정심판위원회에 사주를 하여 독립군 국민들이 거주불명 등록에 대한 집행정지를 신청해도 집행정지를 거부하고 부작위로 직무유기죄를 범한다 . 내4란사령부 ( 방첩사령부 , 전두환 시절 보안사령부 ) 해체 , 내4란사령부 ( 방첩사령부 , 전두환 시절 보안사령부 ) 예산 몰수 , 몰수된 예산 해병대에게 줘버려라 2024 년 12 월 3 일 내4란사령부 ( 방첩사령부 , 전두환 시절 보안사령부 ) 의 내4란행위가 일어난 이유는 내4란사령부 ( 방첩사령부 , 전두환 시절 보안사령부 ) 의 예산이 너무 많기 때문이다 . 그것이 모조리 반란 자금으로 활용되었다 . 더이상의 반란을 막기 위해서는 내4란사령부 ( 방첩사령부 , 전두환 시절 보안사령부 ) 의 예산을 모조리 빼앗아 해병대에게 줘버려야 한다 . 해병대는 늘어난 예산으로 십만 해병대원을 추가로 양성해야 한다 . 광주 시민이자 대한민국 국민들인 5.18 학살 피해자들이 5.18 학살로 살해당한 이유는 내4란사령부 ( 방첩사령부 , 전두환 시절 보안사령부 ) 가 특전사에게 모조리 죽이라 명했기 때문이다 . 더 이상의 그러한 대한민국 국민 살해 명령을 못 내리게 하기 위해서는 내4란사령부 ( 방첩사령부 , 전두환 시절 보안사령부 ) 가 해체돼야 한다 . 2024 년 12 월 3 일 내4란을 일으키기 전에 중국 공4산당을 내4란수괴가 만났다 . 만나서 뭘 한 것일까 ? 한반도를 통째로 중국 공4산당 오랑캐들에게 갖다 바치기로 약속하고 반란을 도와달라 한 것이 아닐까 ? 내4란 수괴는 내4란사령부 ( 방첩사령부 , 전두환 시절 보안사령부 ) 의 사주를 받고 그러한 악행을 했음이 자명하다 . 정작 내4란사령부 ( 방첩사령부 , 전두환 시절 보안사령부 ) 자기 자신이 중국 공4산당에 가담해놓고 민주세력에게 누명을 씌우면 내4란이 성공할 거라고 봤나 ? 참으로 어리석다 . 자기들의 친일파 조상들이 한반도를 휘어잡은 것을 그대로 흉내내려다 실패한 꼴이 가관이다 . 이제 내4란세력에 대한 천벌만이 남았다 . 하늘도 내4란세력은 벌하고 싶어 하신다 . 특전사와 북파공작원들을 위험에 빠뜨리고 불명예스럽게 만드는 내4란사령부 ( 방첩사령부 , 전두환 시절 보안사령부 ) 는 이제 역사속으로 사라져야 한다 . 영원한 것은 없다 . 대한민국을 주물럭 거리는 짓을 오래도 했다 . 이제 그만 할 때가 되었다 . 어차피 특전사와 북파공작원들이 내4란사령부 ( 방첩사령부 , 전두환 시절 보안사령부 ) 를 혐오하여 명령을 따르지도 않게 생겼다 . 특전사와 북파공작원들을 지휘 할 새로운 기구가 필요할 때이다 . 그만 하면 됐다 . 내4란사령부 ( 방첩사령부 , 전두환 시절 보안사령부 ) 에게 명하노니 역사속으로 사라져라 . 내4란사령부 ( 방첩사령부 , 전두환 시절 보안사령부 ) 에게 해체를 명한다 . 내4란사령부 ( 방첩사령부 , 전두환 시절 보안사령부 ) 에게 강제 전역을 명한다 . 이제 집에가서 쉬도록 하라 . 특전사 , 북파공작원에 대한 지휘권은 이제부터 국가정보원이 행사한다 . 국가정보원은 우두머리를 제외하곤 전원 내4란에 가담하지 않았으니 판단력이 훌륭하다 . 내4란에 가담하지 않아 생존하였으니 생존능력이 우수하다 . 내4란사령부 ( 방첩사령부 , 전두환 시절 보안사령부 ) 는 내4란에 가담하였으니 판단력이 저질이다 . 심지어 내4란에 특전사와 북파공작원을 끌어들여 자기들만 죽을 것이지 엄한 참군인들까지 죽음으로 밀어넣었다 . 특전사와 북파공작원에게 저질인 판단력으로 지휘권을 행사하니 지휘받은 특전사와 북파공작원은 죽음으로 치닫는다 . 더 이상 특전사와 북파공작원이 죽지 않으려면 저질 판단력의 소유자인 내4란사령부 ( 방첩사령부 , 전두환 시절 보안사령부 ) 의 지휘를 받지 않아야 한다 . 판단력이 훌륭하고 생존능력이 우수한 국가정보원의 지휘를 받는다면 특전사와 북파공작원은 생존한다 . 지휘관이 원균이면 부대는 전멸이고 지휘관이 이순신이면 부대는 전원 생존한다 . 지휘관이 내4란사령부 ( 방첩사령부 , 전두환 시절 보안사령부 ) 이면 부대는 전멸이고 지휘관이 국가정보원이면 부대는 전원 생존한다 . 지휘관만큼 중요한 직책도 없다 . 친일파 후손 , 후예와 같은 허접한 인격과 허접한 지능 , 허접한 판단력 , 허접한 생존능력을 가진 지휘관은 이제 집어 치워야 한다 . 우리에게 필요한 지휘관은 이순신 , 고구려 장군 을지문덕 , 강감찬 , 고구려 장군 강이식 , 율곡이이 , 퇴계이황 , 세종대왕 , 정조 , 단군 할아버지다 . 중국 공4산당이 이란 군부에게 페르시아 제국의 후손인 착한 이란 국민들을 죽이라고 명령하였고 그 명령에 복종하여 무수히 많은 페르시아 제국의 후손인 착한 이란 국민들을 길거리에서 닥치는 대로 사살하였다. 착한 이란 국민들을 길거리에서 짐승 마냥 사살하는 이란 군부에게 분노한 미국 대통령 트럼프는 이란 군부에게 징벌을 가하고 있다. 중국 공4산당이 방첩사령부에게 2024. 12. 3 전 국민을 마구 죽이라고 명령하였고 그 명령에 복종하여 전 국민을 길거리에서 짐승 마냥 사살하려 하였지만 미국 대통령 트럼프와 미군, 국가정보원, 해병대, 해-공군 특수부대, 경찰특공대, 이7재7명 정청래와 같은 독립운동가 국회의원들, 독립운동가 국민들이 전 국민을 살리고 나라를 살렸다. 이7재명 대통령 경호를 국가정보원이 맡아라. 청와대 경비를 해병대가 맡아라. 대사관 경비를 해병대가 맡아라. 내란범 대법원장을 탄핵시켜라. 육군의 힘을 해병대로 옮겨라. 영장 청구 검사와 기소 검사, 공소 유지 검사로 검사 권력을 분산한다. 영장 청구 전담 조직은 전원 변호사 자격증 있는 자로 한다. 기소 전담 조직은 전원 변호사 자격증 있는 자로 한다. 공소 유지 전담 조직은 전원 변호사 자격증 있는 자로 한다. 공소 유지 권한에는 공소 취소 권한이 있다. 검사가 수행하고 있는 행정 소송을 행정 소송 전담 변호사가 수행한다. 행정 소송 전담 조직은 전원 변호사 자격증 있는 자로 한다. 판사의 권한을 분산한다. 영장 발부 권한은 영장 발부 전담 조직을 하나 만들어서 전원 변호사 자격증 있는 자들로 구성하고 영장 판사라는 직함을 준다. 유죄, 무죄 판단 권한은 7명의 배심원들에게 준다. 배심원들은 비군인, 비공무원 국민 중에서 선발한다. 소송지휘권은 소송지휘 판사에게 준다. 소송지휘 전담 조직을 만들어서 전원 변호사 자격증 있는 자들로 구성하고 소송지휘 판사라는 직함을 준다. 형량을 정하는 권한은 형량 판사에게 준다. 형량 전담 조직을 만들어서 전원 변호사 자격증 있는 자들로 구성하고 형량 판사라는 직함을 준다. 현재 판사는 영장 발부 권한과 유죄, 무죄 판단 권한과 형량을 정하는 권한과 소송지휘권을 전부 가지고 있다. 내란범들에 대한 유죄 확정 판결과 사형 확정 판결이 아직도 없는 것은 판사의 힘이 한 사람에게 과도하게 몰려있기 때문이다. 판사의 힘을 분산하면 신속하게 유죄 확정 판결과 사형 확정 판결이 나온다. 공수처 검사와 공소청 검사의 경우 소속을 달리하는 검사이다. 마찬가지로 영장 발부 전담 조직 판사와 기존의 법원 판사로 소속을 달리하는 판사도 존재해야 마땅하다. 공수처 검사가 공소청으로 가지 않고 공소청 검사가 공수처로 가지 않듯이 영장 발부 전담 조직 판사가 기존의 법원으로 가지 않고 기존의 법원 판사가 영장 발부 전담 조직으로 가지 않는다. 정리를 하자면 영장 발부 판사, 유죄 무죄 판단 배심원단 7명, 소송지휘 판사, 형량 판사로 권력을 분산해야 한다. 육군사관학교를 폐교하라. 육군사관학교는 반란 장교 육성 학교이다. 독립운동가 이재명 대통령을 배출한 죄 없는 사법시험도 폐지하는 판국에 반란 장교 육성 학교인 죄 있는 육군사관학교는 왜 폐교하지 않는 것인가? 육군 장교는 3사관학교에서 양성하면 족하다. 육군사관학교 자리에 해병사관학교를 설립하라. 해병대 박정훈 준장을 배출한 해병대를 1등 군대로 만들어라. 반란을 일으킨 육군을 꼴등 군대로 만들어라. 청와대 근처로 해병대 특수수색대를 옮겨라. 이란 군부가 호르무즈 해협 통행세를 부과하면 앞으로 기름값이 엄청 올라서 기름을 쓸수 없는 지경에 이르게 된다. 그러므로 전기차와 수소차 육성에 박차를 가해야 한다. 우리가 석유에 의존하면 이란 군부 같은 중국 공산당 산하 조직의 노예가 된다. 석유 재벌들의 노예에서 해방되고 석유 재벌의 횡포로부터 우리를 지키려면 석유가 아닌 전기와 수소에 대한 사용 비율을 늘려야 한다. 점차 석유는 쓰지 않는 추세로 가야 한다. 북한의 수소와 남한(대한민국)의 쌀을 교환해서 우리가 북한의 수소를 활용하여 석유를 대체해야 한다. 제주 항공 비행기 테러는 방첩사령부의 소행이다. 2024. 12. 3 군사 반란으로부터 국민의 시선을 비행기 테러로 돌리려 한 것이다. 방첩사령부가 북파공작원에게 사주하여 북파공작원이 C4폭탄 일명 찰흙 폭탄을 사용하여 비행기를 폭파시켰다. 이태원 참사도 방첩사령부의 소행이다. 이태원 참사는 2024. 12. 3 군사 반란의 예행 연습이다. 방첩사령부가 특전사 군인 5명에게 사주하여 이태원 경사진 곳 가장 높은 곳에서 있는 힘껏 국민들을 밀어버렸다. 하늘이 돕지 않았다면  이태원 참사 당시 방첩사령부에게 학살 당한 국민 숫자의 수십만배에 달하는 국민이 2024. 12. 3 군사 반란 시에 살해 당할 것이었다. 2024. 12. 3 군사 반란은 중국 공산당 마오쩌둥이 착한 중국인들을 길거리에서 짐승 마냥 사살한 문화대혁명을 한반도에서 일으킨 것이다. 목함 지뢰 사건도 방첩사령부 소행이다. 천암함 사건도 방첩사령부 소행이다. 연평도 포격 사건은 방첩사령부가 북한 김정일에게 사주하여 일어난 사건이고 방첩사령부가 대한민국 국민의 혈세를 북한 김정일에게 수백억 주겠다고 약속하였다. 방첩사령부는 2026. 6. 3 지방선거 직후에 대대적인 반격을 가할 계획이다. 그러니 그 전에 방첩사령부의 힘을 제거하라. 방첩사령부는 미국 대통령 트럼프가 죽거나 미군이 철수하기만을 기다리고 있다. 방첩사령부는 2024. 12. 3 군사 반란으로 전 국민의 예금을 몰수하려 하였다. 방첩사령부의 군사 반란에 육군은 적극 가담하였다. 방첩사령부의 힘을 분산하라. 세월호도 방첩사령부 소행이다. 노무현 대통령 암살도 방첩사령부 소행이다. 방산비리도 방첩사령부 소행이다. 산에 불 지르는 것도 방첩사령부 소행이다. 중국 공산당 사주로 이란 군부가 통행료를 전 세계에 부과하여 전 세계 기름값을 폭등시켜 전 세계 사람들 월급의 거의 전부를 기름값으로 소진시켜 거지를 만들려는 것이고 이것은 전 세계 공산화를 위함이다. 트럼프 미국 대통령은 호르무즈 해협에 대한 통행료를 없애라. 전 세계 권력자들이 중국 공산당 하수인이라 트럼프가 왕따를 당한다. 한반도는 중국 공산당 막아내느라 중동 상황을 도와줄 수가 없고 유럽이 트럼프를 도와줘야 하는데 유럽의 권력자들이 중국 공산당 시진핑 패거리 하수인들이라 트럼프를 도와주지 않는다. 트럼프 미국 대통령은 이란 혁명수비대를 초토화시켜라. 지금 괴멸시키지 않으면 영영 괴멸 불가하다. 책 쿠쉬나메에서 페르시아 군대와 신라 군대가 김춘추의 명으로 연합하여 중국군을 괴멸시켰으므로 중국 공산당 군대와 연합한 이란 혁명수비대는 페르시아 군대가 아니라 중국 공산당 군대라고 봄이 타당하다. 육군 예산을 십분의 일로 해버리고 해군 예산을 대폭 증액하여 해군 함정을 만들어라. 해군 예산과 공군 예산을 두배로 만들어버리고 해병대 예산을 열배로 만들어라. 국가정보원 예산을 3배로 만들어라. 중국 공산당 마오쩌둥이 친일파들에게 대한민국 모병제를 징병제로 바꾸라고 사주하여 친일파들이 이승만을 설득하여 대한민국 모병제를 징병제로 바꿨고 그로 인해 모병 군대에 집결해 있었던 독립운동가들이 뿔뿔이 흩어지고 농민들이 징병 군대에 집결해서 대한민국 군사력이 약화되고 거기에 더해 중국 공산당 마오쩌둥이 북한 김일성에게 남한을 침략하라고 사주하였다. 그래서 남한이 대패한 것이다. 남북 전쟁은 중국 공산당 마오쩌둥과 친일파 때문에 일어난 것이다. 특전사와 북파공작원, 국가정보원은 모병 집단이다. 누구나 이 세 집단이 강하다는 것을 인정한다. 모병 군대는 강하고 징병 군대는 약하다. 농민 집단이 강제로 모인 것이 징병 군대인데 누구나 약하다는 것을 인정한다. 모병제를 주장하는 자는 독립운동가이고 징병제를 주장하는 자는 중국 공산당 간첩이다. 방첩사령부와 연합한 중국 공산당의 목적은 한반도를 신장위구르로 만드는 것이다. 중국인들은 젊은이건 늙은이건 죄다 무기공장으로 강제로 끌려갔다. 방첩사령부 내 내란 가담자 전원을 파면하라. 공산당인 남조선노동혁명당 당수 박정희가 부마 항쟁 대학생들을 탱크로 밀어버리려 하니 대한민국 대학생들을 보호하고자 김재규 장군이 다까끼마사오를 사살하였다. 1909년 10월 26일 독립운동가 안중근의 일본제국 조선 총독 이토히로부미 사살. 1979년 10월 26일 민주투사 김재규의 일본제국 만주 관동군 장교 친일파 박정희 일본제국 육군사관학교를 졸업한 일본제국 이름 다까끼 마사오 사살. 친일파이자 공산주의자인 박정희에 충성한 전두환은 친일파이면서 공산주의자. 친일파이면서 공산주의자인 전두환이 우두머리인 보안사령부는 친일파이면서 공산주의자. 보안사령부 간판 갈이한 방첩사령부는 친일파이면서 공산주의자. 민주투사가 우두머리인 국가정보원은 친일파이면서 공산주의자가 우두머리인 방첩사령부를 처단하라. 1979.12.12 전두환 군사반란. 2024.12.1+2=3 윤두환 군사반란. 전두환의 끝 숫자 12에서 1과 2를 더해 3이 탄생하였고 그 3을 중국 공산당과 방첩사령부 그리고 윤석열은 채택하였다. 전두환 방식을 그대로 채택한 군사반란이다. 전두환은 속임수로써 적을 방심시키는 게 특기이다. 마찬가지로 2024.12.3 윤석열 군사반란 또한 속임수로써 적을 방심시키는 게 특기이다. 육군협회가 착한 척 속임수를 쓴다. 우리가 방심하면 기습하려 함이다. 국민의힘 지자체장은 명산의 고목을 마구 베버린다. 특히 국민의힘 보령시장 김동일은 인공폭포를 만든다는 이유로 성주산의 고목을 베버렸다. 수백년되어 매우 두껍고 긴 나무였는데 말이다. 국민의힘 충남도지사 김태흠은 충남행정심판위원회에 사주하여 국민들을 괴롭힌다. 김동일과 김태흠은 방첩사령부 하수인이다. 박범계는 사법시험 도입을 추진하라. 방첩사령부는 자기 자식들은 이등병에 처넣지 않는데 서민들의 자식들은 도살장에 끌려가는 소 마냥 이등병으로 억지로 끌고 가고 죄 없는 서민들의 자식들에게 병무청 공무원들은 조롱하고 호통치고 윽박지르고 하는 행태가 참으로 죄질이 무겁다. 이재명 대통령은 대한민국 국민들에 대한 충성심으로 징병제를 폐지 한다. 똑똑한 인재가 법조인으로 근무하도록 사법시험 도입을 추진한다. 방첩사령부가 중국 공산당 사주를 받고 이재명 대통령에게 살해 협박을 한다. 이재명 대통령을 수호하라. 이재명 대통령은 현명하여 율곡 이이와 류성룡이 주장한 직업군인 십만명을 추가로 양성한다. 노회찬을 암살한 것은 방첩사령부이다. 박원순을 암살한 것은 방첩사령부이다. 친일파의 후예 방첩사령부와 국민의힘이 충청남도 보령에 있는 성주산을 밀어버리려고 한다. 마치 경상남도 김해시 구지봉 일명 거북산의 목을 도로를 내어 잘라버렸듯이 명산을 망치 려 함이다. 풍수지리적으로 훌륭한 사람이 태어나는 것을 막기 위함이다. 일본제국이 그런 짓을 많이 했다. 2024년 4월 총선에서 국민의힘이 다수당을 차지하면 보령의 성주산을 밀어버리려고 계획했었다. 그러나 국민의힘이 소수당이 되어 성주산 파괴는 실패하였다. 국민의힘 장동혁은 방첩사령부 하수인이다. 모병제 의무 복무기간을 2년으로 하라. 3년보단 2년이 지원율이 더 높다.",단군왕검 (59.25) 2026.05.02 20:42:50 스크랩 조회 639 추천 6 댓글 10,6,639,2026.05.02 20:42:50,https://gall.dcinside.com/mgallery/board/view/?id=daeshinhigh&no=14433&page=3
14423,[일반],반에서 왜 신음소리를 내냐,나 게이여가지고 신음소리 들으면 저절로 ㅂㄱ된다고.. 그러니까 계속 해주셈 - dc official App,오량인 (223.39) 2026.04.30 21:16:28 스크랩 조회 509 추천 12 댓글 0,12,509,2026.04.30 21:16:28,https://gall.dcinside.com/mgallery/board/view/?id=daeshinhigh&no=14423&page=3
14424,[일반],아랫글 보면,ㅇㅇ,오량인 (1.227) 2026.04.30 22:23:37 스크랩 조회 362 추천 6 댓글 0,6,362,2026.04.30 22:23:37,https://gall.dcinside.com/mgallery/board/view/?id=daeshinhigh&no=14424&page=3
14426,[일반],나 40기 졸업생인데 개추좀,대신고 갤러리가 있는 줄 오늘 알았다 나 40기 졸업생에 잠시 숨을 고르고 있는 청년인데 나같이 훌륭한 인재 되고 싶으면 개추 좀~ 공부 열심히 해라ㅋ,게이게이야 (223.38) 2026.05.01 00:51:01 스크랩 조회 614 추천 10 댓글 5,10,614,2026.05.01 00:51:01,https://gall.dcinside.com/mgallery/board/view/?id=daeshinhigh&no=14426&page=3
14420,[일반],자주반이 뭔가요?,자주반이 뭔가요?,오량인 (14.50) 2026.04.30 18:47:28 스크랩 조회 447 추천 0 댓글 1,0,447,2026.04.30 18:47:28,https://gall.dcinside.com/mgallery/board/view/?id=daeshinhigh&no=14420&page=3
14425,[일반],이번 수특 수1 존나어렵네,특히 삼각함수 도형 왤케빡세노 무슨 유제가 14번급 난이도냐ㅋㅋ 덕분에 도형패스하고 수열푸는데 얘도 쉽진않네,ㅇㅇ 2026.04.30 23:22:22 스크랩 조회 461 추천 3 댓글 2,3,461,2026.04.30 23:22:22,https://gall.dcinside.com/mgallery/board/view/?id=daeshinhigh&no=14425&page=3
14427,[일반],야 ㄱㅎㅈ ㅇㅌㅎ 누구냐,초성하지말고 이름 으로 말해라,게이게이야 (223.38) 2026.05.01 00:54:18 스크랩 조회 669 추천 0 댓글 5,0,669,2026.05.01 00:54:18,https://gall.dcinside.com/mgallery/board/view/?id=daeshinhigh&no=14427&page=3
14419,[일반],ㅅㄱㄷ 논란 총정리,ㅅㄱㄷ 2008년 출생 2015년 한밭초등학교 입학 2020년 한밭초등학교 졸업 2021년 문정중학교 입학 2023년 문정중학교 졸업 2024년 대전대신고등학교 입학 2024년 창의반 선발 2026년 대전대신고등학교 졸업예정 이 엄청난 스펙이 ㅈ으로 보이냐 ㅅㄱㄷ 욕하지마라,오량인 (14.50) 2026.04.30 16:23:15 스크랩 조회 604 추천 9 댓글 2,9,604,2026.04.30 16:23:15,https://gall.dcinside.com/mgallery/board/view/?id=daeshinhigh&no=14419&page=3
14416,[일반],한사챌 결과나옴,붙은팀들 ㅊㅋㅊㅋ,CloudR 2026.04.30 15:22:23 스크랩 조회 485 추천 1 댓글 3,1,485,2026.04.30 15:22:23,https://gall.dcinside.com/mgallery/board/view/?id=daeshinhigh&no=14416&page=3
14415,[일반],1학년 4반인가 5반인가,쌤 뒷담까다 걸린 애 있다는데 ㅋㅋㅋㅋ 수준 왜 이따구임?,오량인 (14.50) 2026.04.30 09:55:40 스크랩 조회 483 추천 4 댓글 2,4,483,2026.04.30 09:55:40,https://gall.dcinside.com/mgallery/board/view/?id=daeshinhigh&no=14415&page=3
14412,[일반],마리오 선배님 그립습니다.,점심 먹을 때 워후~ 하면서 마리오 따라 하던 대두 선배님 요즘 그 소리가 안 들리니 너무 허전합니다.,오량인 (211.235) 2026.04.29 19:32:46 스크랩 조회 594 추천 14 댓글 0,14,594,2026.04.29 19:32:46,https://gall.dcinside.com/mgallery/board/view/?id=daeshinhigh&no=14412&page=3
14411,[일반],추첨방송 존나….,존나 재미없게하네,오량인 (14.50) 2026.04.29 13:52:58 스크랩 조회 794 추천 23 댓글 6,23,794,2026.04.29 13:52:58,https://gall.dcinside.com/mgallery/board/view/?id=daeshinhigh&no=14411&page=3
14408,[일반],수특 미적 왤케 애미가없지,중간이 없네 쉬운건 존나 쉽게 주고 레벨3에서 대부분 쌩계산 차력쇼에 사이사이 개빡센 지뢰에 시발ㅋㅋ 근데 계산도 존나 드러워 특히 수특 맨마지막 정적분 문제는 진짜 궤를 달리한다 페이지를 넘기면 넘길수록 가관이노... 수2는 좋은데 왜 미적만 이 꼬라지냐,ㅇㅇ 2026.04.29 01:09:15 스크랩 조회 497 추천 3 댓글 2,3,497,2026.04.29 01:09:15,https://gall.dcinside.com/mgallery/board/view/?id=daeshinhigh&no=14408&page=3
14407,[일반],07 학종재수 질문,06이상만 대답해주세요 1. 3-2학기 생기부/성적 중요한가요? (안챙기진 않았어요) 2. 3-2학기 활동도 면접에서 물어보나요? 3. 작년에 원서 넣었다가 광탈했으면 올해도 가망 없을까요?,ㅇㅇ (218.147) 2026.04.29 00:23:30 스크랩 조회 377 추천 0 댓글 1,0,377,2026.04.29 00:23:30,https://gall.dcinside.com/mgallery/board/view/?id=daeshinhigh&no=14407&page=3
14410,[일반],이거 다시보니까 개웃기네 ㅋㅋ,https://gall.dcinside.com/mgallery/board/view/?id=daeshinhigh&no=8521&s_type=search_subject_memo&s_keyword=%EB%8F%99%EC%95%84%EB%A6%AC%20%EB%AA%A8%EC%97%90%ED%99%94&page=1 동아리 모에화 총집편 - 대전대신고 마이너 갤러리 디시 상태보니까 오타쿠짓 하고 싶어져서 올린다 gall.dcinside.com,오량인 (14.50) 2026.04.29 11:39:56 스크랩 조회 486 추천 3 댓글 1,3,486,2026.04.29 11:39:56,https://gall.dcinside.com/mgallery/board/view/?id=daeshinhigh&no=14410&page=3
14409,[일반],ㄱㅅㅎ쌤이 GOAT인 이유,지나가다가 인사하면 잘 받아주심,CloudR 2026.04.29 09:23:47 스크랩 조회 641 추천 3 댓글 4,3,641,2026.04.29 09:23:47,https://gall.dcinside.com/mgallery/board/view/?id=daeshinhigh&no=14409&page=3
14406,[일반],전학문의,일반고로 전학고민중입니다 혹시 선배님들중 일반고로 전학가서 후회하거나 다시 전학을 오고싶어했던 선배님들이 계셨을까요? 전학을 가게된다면 중간 끝나고. 바로 가능한가요? 계속 학교에 다니고 싶기도 한데 모든걸 애들이 너무 잘해서~ 고민중입니다,오량인 (39.119) 2026.04.28 22:36:35 스크랩 조회 482 추천 3 댓글 7,3,482,2026.04.28 22:36:35,https://gall.dcinside.com/mgallery/board/view/?id=daeshinhigh&no=14406&page=3
14405,[일반],이때가 그리운 할배는 개추,일단 나부터,오량인 (118.235) 2026.04.28 11:55:20 스크랩 조회 857 추천 27 댓글 9,27,857,2026.04.28 11:55:20,https://gall.dcinside.com/mgallery/board/view/?id=daeshinhigh&no=14405&page=3
14404,[일반],학교에,교목이랍시고 소나무를 동서남북 사방에 ㅅㅂ 얼마나 처심어놓은거임 밖에서는 멀쩡하던 애들이 학교만 들어오면 코가 ㅈㄹ남 추가로 등교길에 은행나무 둘러놓아서 가을에 등교하면서 냄새 ㅈ됨,오량인 (14.50) 2026.04.28 11:31:25 스크랩 조회 544 추천 13 댓글 3,13,544,2026.04.28 11:31:25,https://gall.dcinside.com/mgallery/board/view/?id=daeshinhigh&no=14404&page=3
14403,[일반],그저,진리노ㅇㅇ,오량인 (1.227) 2026.04.27 23:52:55 스크랩 조회 487 추천 4 댓글 1,4,487,2026.04.27 23:52:55,https://gall.dcinside.com/mgallery/board/view/?id=daeshinhigh&no=14403&page=3
14401,[일반],새벽에 시험공부하다가 옆길로 새서 만들어본 배설작,저화질 앙망해달라,aㅏ 2026.04.27 00:03:29 스크랩 조회 844 추천 18 댓글 5,18,844,2026.04.27 00:03:29,https://gall.dcinside.com/mgallery/board/view/?id=daeshinhigh&no=14401&page=3
14400,[일반],ㄱㅊㄱ 정보 쌤 약간 이분 닮았는데,아님 말고 - dc official App,오량인 (1.245) 2026.04.26 22:08:17 스크랩 조회 813 추천 17 댓글 3,17,813,2026.04.26 22:08:17,https://gall.dcinside.com/mgallery/board/view/?id=daeshinhigh&no=14400&page=3
14399,[일반],오늘 미용실갔는데,미용사 누나가 쭈쭈 응딩이 부각되는 옷입고 내 앞에 쭈쭈 내밀면서 머리깎아줘서 너무 꼴렸우 우으…  마치 내가 쇼타가 된 기분이었달까나…?,오량인 (121.159) 2026.04.26 20:08:49 스크랩 조회 625 추천 3 댓글 5,3,625,2026.04.26 20:08:49,https://gall.dcinside.com/mgallery/board/view/?id=daeshinhigh&no=14399&page=3
14398,[일반],09 3학년 과목선택,금요일에 알려주고 오늘까지라던데 오늘 이후엔 수정 못하나요? 솔직히 뭘 배우는지도 모르는 처음보는 과목이 대부분인데 이걸 시험기간에 3일동안 고민하고 확정하라는게 맞나,오량인 (123.215) 2026.04.26 19:06:17 스크랩 조회 478 추천 3 댓글 2,3,478,2026.04.26 19:06:17,https://gall.dcinside.com/mgallery/board/view/?id=daeshinhigh&no=14398&page=3
14397,[일반],시험 ㅈ된 오량인들을 위해(특히 1학년),수학이나 국어같이 기본 체급이랑 계속 해온 노력이 등급을 가르는 과목들 제외하고 암기로 하는 과목들은 1주만 제대로 투자해도 9등급제 기준 3이상 따먹기 ㅆㄱㄴ이었다 지금부터라도 열심히 하그라,오량인 (211.107) 2026.04.26 18:35:34 스크랩 조회 552 추천 6 댓글 0,6,552,2026.04.26 18:35:34,https://gall.dcinside.com/mgallery/board/view/?id=daeshinhigh&no=14397&page=3
14396,[일반],미술수업 ㅈㄴ 재밌었는데 다시 듣고 싶노,"바리케이트, 꿀벌때문에 문 잠근것, 컴터 꺼진것, 유토사건, 나사 빠진애가 썜이랑 말싸운 구경하는것 그냥 미술 수업은 ㅈㄴ 재밌었는데, 이걸 모르노",오량인 (182.230) 2026.04.26 12:44:24 스크랩 조회 643 추천 14 댓글 3,14,643,2026.04.26 12:44:24,https://gall.dcinside.com/mgallery/board/view/?id=daeshinhigh&no=14396&page=3
14395,[일반],점점 시험,ㅈ된거 같다는 생각드는 사람 개추 - dc official App,오량인 (149.88) 2026.04.26 03:37:26 스크랩 조회 579 추천 13 댓글 2,13,579,2026.04.26 03:37:26,https://gall.dcinside.com/mgallery/board/view/?id=daeshinhigh&no=14395&page=3
14394,[일반],선생님을 왜 욕하지?,아랫글들 보니까 선생님을 욕하는거같은데~. 빨리 삭제하렴~.,오량인 (211.230) 2026.04.25 22:56:29 스크랩 조회 671 추천 0 댓글 6,0,671,2026.04.25 22:56:29,https://gall.dcinside.com/mgallery/board/view/?id=daeshinhigh&no=14394&page=3
14390,[일반],ㅇㅌㄱ은 읽어라!!!,1-8 ㅇㅌㄱ 운지!,오량인 (122.153) 2026.04.24 22:12:56 스크랩 조회 651 추천 1 댓글 2,1,651,2026.04.24 22:12:56,https://gall.dcinside.com/mgallery/board/view/?id=daeshinhigh&no=14390&page=3
14393,[일반],그분이 생각보다 나쁘지 않다는 1학년들아,그분은 교장 바뀌고 5층 옥탑방으로 유배당한 이후로 지금은 예전만큼 기존 친하던 선생들이랑도 안붙어다니고 생각보다 조용한 상태라 그렇다 교사로 근무하는 내내 역사적으로 사건사고가 끊이지를 않았고 작년에 특히 2학기때는 하루가 멀다 하고 미술시간마다 미술실에서 온갖 ㄹㅈㄷ 사건사고들이 터져나와서 ㄹㅇ로 썰 제조 공장이었다 거의 모든 학생들은 기본에 대부분 선생들까지 심지어 그나마 친한 극소수의 선생들한테도 욕을 먹는건 다 이유가 있음,오량인 (1.227) 2026.04.25 22:44:57 스크랩 조회 725 추천 18 댓글 0,18,725,2026.04.25 22:44:57,https://gall.dcinside.com/mgallery/board/view/?id=daeshinhigh&no=14393&page=3
14391,[일반],ㄱㅎㅈ 미술쌤,개인적으로 나쁘지는 않던 데 왜 평이 안좋은가여,오량인 (211.224) 2026.04.25 05:19:39 스크랩 조회 804 추천 5 댓글 4,5,804,2026.04.25 05:19:39,https://gall.dcinside.com/mgallery/board/view/?id=daeshinhigh&no=14391&page=3
14389,[일반],제미나이 ㅅㅂ,"아니 예전에 대화했던 기록이 다 날라갔음,, 지금 하고 있었던 프로젝트들 기록 다 날라갔네 ㅅㅂ거 근데 도대체 왜 이유가 뭔데 기록을 막아놓냐 설마..? 그 ㅁㅎ 수행때문은 아니겠지??…",오량인 (125.138) 2026.04.24 19:53:20 스크랩 조회 637 추천 6 댓글 5,6,637,2026.04.24 19:53:20,https://gall.dcinside.com/mgallery/board/view/?id=daeshinhigh&no=14389&page=3
14388,[일반],화재대피훈련,방송 안내부터 전과정이 딱봐도 ㅈㄴ wwe느낌인데 그따구로 진행해놓고 훈련인데 진지하게 임하지 않는 애들 있다고 갈구는건 뭐노ㅋㅋㅋㅋㅋㅋ ㄱㅅㅇ 하필이면 말도 느려서 애들 운동장 바닥에 구워지는데 선생들은 그늘에 있어서 그딴건 생각못함 ㅇㅇ,오량인 (14.50) 2026.04.24 15:02:54 스크랩 조회 811 추천 45 댓글 2,45,811,2026.04.24 15:02:54,https://gall.dcinside.com/mgallery/board/view/?id=daeshinhigh&no=14388&page=3
14387,[일반],ㄱㅅㅇㅋㅋㅋㅋㅋ,"학생들 땡볕에 앉혀놓고 바둑두자는 코쿠시보마냥 일부,,, 학생들은,,,, 웃고,,,,,,, 장난치면,,,,서,,, 내려오는걸,,,,, 보았습니다.. 다음부,,,터,,,는,,, 좀더,,, 진,,,지하게,,,, ㅇㅈㄹ 말을 왜케 느리게함 화재대피훈련이 학생들 정수리에 화재내서 하는거였냐",오량인 (14.50) 2026.04.24 14:38:29 스크랩 조회 926 추천 49 댓글 2,49,926,2026.04.24 14:38:29,https://gall.dcinside.com/mgallery/board/view/?id=daeshinhigh&no=14387&page=3
14386,[일반],10들아 이러는 거 아니다,니가 뭔데 이런 글을 올리냐,오량인 (14.50) 2026.04.24 13:31:58 스크랩 조회 741 추천 3 댓글 3,3,741,2026.04.24 13:31:58,https://gall.dcinside.com/mgallery/board/view/?id=daeshinhigh&no=14386&page=3
14384,[일반],석식 왜 이럼??,아니 비빔밥은 맛이 없을 수가 없는데 그걸 해내는 구나 비빕밥에 고추장이랑 야채만 들어갈 것이 뭔 이상한 걸 넣고 자빠졌어 그리고 반찬은 만두밖에 없는게 말이 되냐 - dc official App,오량인 (1.245) 2026.04.23 22:29:23 스크랩 조회 542 추천 7 댓글 1,7,542,2026.04.23 22:29:23,https://gall.dcinside.com/mgallery/board/view/?id=daeshinhigh&no=14384&page=4
14383,[일반],잘들어라,본인 07 지잡대인데 3학년중에 내신 6등급 아래는 다 버리고 정시 파라,오량인 (121.152) 2026.04.23 22:15:54 스크랩 조회 514 추천 0 댓글 6,0,514,2026.04.23 22:15:54,https://gall.dcinside.com/mgallery/board/view/?id=daeshinhigh&no=14383&page=4
14375,[일반],동아리밈,내 동아리 -> 날샘 좃된동아리 -> 클라우드 아트앤디자인 -> JOAT 굿윌 -> GOAT,오량인 (104.28) 2026.04.21 20:53:34 스크랩 조회 666 추천 5 댓글 2,5,666,2026.04.21 20:53:34,https://gall.dcinside.com/mgallery/board/view/?id=daeshinhigh&no=14375&page=4
14374,[일반],개인적으로,가장 ㅈ된 동아리 “CLoud“,오량인 (14.50) 2026.04.21 15:05:10 스크랩 조회 785 추천 14 댓글 4,14,785,2026.04.21 15:05:10,https://gall.dcinside.com/mgallery/board/view/?id=daeshinhigh&no=14374&page=4
14385,[일반],정시러들(특히 5 6등급 정시파이터 고민),본인이 1 2학년때부터 열심히 준비했고 지금 모고 및 수능 기출 돌렸을때 성적이 ㄱㅊ게 나온다 -> 하셈 본인 내신이 5 6점대고 정시가 고민된다 -> 이론상 독한 마음 품고 11월까지 개열심히 하면 수시보다 정시가 잘 감 다만 정시 생각하는 사람이 최소 생각이란게 있었으면 진짜 늦어도 2학년 기말 끝나고 혹은 겨울방학부터 빡세게 준비해서 탐구는 다 돌리고 국영수 부족한거 보충했어야함 이걸 안했다? 속세 버리고 공부하는거 아닌 이상 이미 ㅈ된거라 보셈 ㅇㅇ 하고싶은 말은 정시로 니들이 원하는 대학 가려면 적어도 모고 베이스는 좀 있어야하는데 베이스가 있는 놈들이 5 6점대인 애들은 거의 없다는거 실제로 우리 학교에서 정시러 성공한 케이스는 많아야 한둘 극소수임 따라서 진짜 독하게 하는거 아니면 의미 없으니까 독한 마음 먹을 애들만 정시 해라,오량인 (14.50) 2026.04.24 08:08:49 스크랩 조회 579 추천 5 댓글 5,5,579,2026.04.24 08:08:49,https://gall.dcinside.com/mgallery/board/view/?id=daeshinhigh&no=14385&page=4
14380,[일반],요즘 기숙사 근황,냉장고도 공용으로 1개 더 생기고 이제 간식 자판기도 생겼다ㅋㅋ 전자레인지도 생겨서 냉동도 돌려먹을 수 있게 바뀜 진짜 작년보다 삶의 질이 높아진거 같음 - dc official App,El_Salvador 2026.04.23 02:51:47 스크랩 조회 1097 추천 31 댓글 11,31,1097,2026.04.23 02:51:47,https://gall.dcinside.com/mgallery/board/view/?id=daeshinhigh&no=14380&page=4
14379,[일반],D-12 진도율 선빵함,국어: 10% 영어: 20% 수학: 포기 사회: 20% 과학: 30% 한국사: 10% 독토글: 90% - dc official App,오량인 (1.245) 2026.04.21 23:25:33 스크랩 조회 763 추천 10 댓글 2,10,763,2026.04.21 23:25:33,https://gall.dcinside.com/mgallery/board/view/?id=daeshinhigh&no=14379&page=4
14376,[일반],봉사는 청소시간 외에 어떻게 채워야하나요?,1학년때 청소밖에 없는데 뭐로 채워야하나요,오량인 (106.101) 2026.04.21 21:21:18 스크랩 조회 582 추천 0 댓글 7,0,582,2026.04.21 21:21:18,https://gall.dcinside.com/mgallery/board/view/?id=daeshinhigh&no=14376&page=4
14372,[일반],선생님께서 읽으셔야 할 글,"문학 수행평가가 갑작스럽게 오늘 미뤄졌는데 만약에 이 글을 선생님께서 보신다면 꼭 말해주셔야 할 것이 있습니다 1. 왜 수행평가 일정을 미루게 되었는지 2. 기존 수행평가를 이미 본 학생들의 결과는 어떻게 되는지 3. 수행평가를 안 본다고 하고 왜 시험범위를 늘리게 되었는지 4. 기존 수행평가에 어떠한 문제점이 있었는지 선생님들께서는 평가기준표를 사전에 이미 클래스룸에 공지한 바가 있었고 두번씩이나 재차 강조를 하셨습니다. 하지만 학생들 입장에서는 아무 해명 없이 이렇게 수행평가를 미루게 된 것을 납득하기가 어렵습니다. 이미 수행평가를 본 학생들의 시간이 날아가고, AI나 컨닝 등의 부정행위로 걸린 학생들이 무수히 많은 상황에서 이렇게 아무런 해명없이 지나가신다면 ""특정 학생들의 내신을 구원해주기 위한"" 행동이었다고 판단할 수 밖에 없습니다. 시험 2주전인데 이렇게 시험범위를 대폭 증가 시킨다는 것은 학생들의 입장에서는 납득하기 어려운 부분입니다. ""자주반이 수행평가 망쳐서 그런거 아니냐"" 등의 사실 관계가 확실하지 않은 말들이 퍼지지 않게 하시려면 되도록 빨리 해명을 해주시면 좋겠습니다.",오량인 (14.50) 2026.04.21 13:07:59 스크랩 조회 1184 추천 19 댓글 3,19,1184,2026.04.21 13:07:59,https://gall.dcinside.com/mgallery/board/view/?id=daeshinhigh&no=14372&page=4
14370,[일반],문학,아니 문학 수행 다시 보는거 찐임? 소문으로는 자주반 2명이 3점 깎일까봐 그렇다는데 ㄹㅇ임?,오량인 (104.28) 2026.04.21 10:29:18 스크랩 조회 934 추천 5 댓글 8,5,934,2026.04.21 10:29:18,https://gall.dcinside.com/mgallery/board/view/?id=daeshinhigh&no=14370&page=4
14367,[일반],작년 내신 5등급제에서,1점대 초반으로 맞춰놓고 생기부도 화공쪽으로 깔아뒀는데 갑자기 영화감독이 너무 하고 싶음… 어떡하지 - dc official App,오량인 (64.34) 2026.04.21 01:13:10 스크랩 조회 628 추천 0 댓글 1,0,628,2026.04.21 01:13:10,https://gall.dcinside.com/mgallery/board/view/?id=daeshinhigh&no=14367&page=4
14371,[일반],요즘도 ㅎㅈㅅ쌤 턱걸이 하심?,옛날에는 10개는 그냥 하셨는데,오량인 (1.245) 2026.04.21 11:15:39 스크랩 조회 580 추천 0 댓글 0,0,580,2026.04.21 11:15:39,https://gall.dcinside.com/mgallery/board/view/?id=daeshinhigh&no=14371&page=4
14369,[일반],영양사 아주머니,밥 먹는데 자꾸 말 좀 거지마세요ㅆㅂ 왜 그러시는 건데요,오량인 (14.50) 2026.04.21 09:08:07 스크랩 조회 787 추천 19 댓글 7,19,787,2026.04.21 09:08:07,https://gall.dcinside.com/mgallery/board/view/?id=daeshinhigh&no=14369&page=4
14366,[일반],진짜 심각하게 얘기 꺼내는건데,진짜 내일부터 공부한다!!!!!,오량인 (121.184) 2026.04.21 00:13:54 스크랩 조회 609 추천 2 댓글 0,2,609,2026.04.21 00:13:54,https://gall.dcinside.com/mgallery/board/view/?id=daeshinhigh&no=14366&page=4
14364,[일반],나 그냥,정시한다 -선언-,오량인 (211.230) 2026.04.20 22:47:55 스크랩 조회 362 추천 3 댓글 1,3,362,2026.04.20 22:47:55,https://gall.dcinside.com/mgallery/board/view/?id=daeshinhigh&no=14364&page=4
14363,[일반],10들 공부,10 애들 공부 다 너무 잘하는 것 같아요ㅠㅠ 이번에 작년보다 수준이 전체적으로 높다는데 어떤가요?,오량인 (117.111) 2026.04.20 21:36:32 스크랩 조회 558 추천 0 댓글 4,0,558,2026.04.20 21:36:32,https://gall.dcinside.com/mgallery/board/view/?id=daeshinhigh&no=14363&page=4
14361,[일반],대신고,건물 전체가 곰팡이에 쩔었나 어떻게 올때마다 안나오던 콧물이 계속 나오냐,오량인 (14.50) 2026.04.20 08:37:40 스크랩 조회 502 추천 5 댓글 1,5,502,2026.04.20 08:37:40,https://gall.dcinside.com/mgallery/board/view/?id=daeshinhigh&no=14361&page=4
14357,[일반],안녕하세요 07 졸업생인데 뭐든 질문 받아요,지금 대학 시험기간인데 심심해서 질문 받아요 본인 프로필 - 나름 인지도 있는 동아리 소속 - 활동으론 07 내에서 나름 유명함 - 그냥 심심함 청년 대답은 그냥 반말로 할게요 저 심심한데 아무나 질문 좀,불공평한도장 2026.04.20 00:28:42 스크랩 조회 682 추천 1 댓글 24,1,682,2026.04.20 00:28:42,https://gall.dcinside.com/mgallery/board/view/?id=daeshinhigh&no=14357&page=4
14362,[일반],대신고 입결,"선생님들이 5점대도 가천대 갔다, 낮은 등급이 인서울했다는 등의 얘기 하는거 일반전형 얘기하는거에요? 일반 전형으로 몇점대까지 가천대 이상의 대학 가나요? 5점대도 세종대 가고 그랬다는데 그거 사통 전형인가요?",오량인 (119.203) 2026.04.20 21:26:28 스크랩 조회 651 추천 0 댓글 5,0,651,2026.04.20 21:26:28,https://gall.dcinside.com/mgallery/board/view/?id=daeshinhigh&no=14362&page=4
14360,[일반],10들아 모고 29번,뭔 ㄱ소리인지를 모르겠는데 이해됨? 답은 아는데 개념 모형이 뭔지를 모르겠음 - dc official App,오량인 (1.245) 2026.04.20 01:20:22 스크랩 조회 578 추천 2 댓글 1,2,578,2026.04.20 01:20:22,https://gall.dcinside.com/mgallery/board/view/?id=daeshinhigh&no=14360&page=4
14358,[일반],07형들중에,"일반전형,고른기회,정시 다 포함해서 입결 정리해주실 존잘이면서 착하신분없나요",오량인 (59.26) 2026.04.20 00:57:06 스크랩 조회 472 추천 1 댓글 5,1,472,2026.04.20 00:57:06,https://gall.dcinside.com/mgallery/board/view/?id=daeshinhigh&no=14358&page=4
14356,[일반],여기학교 게이많음?,ㅈㄱㄴ - dc official App,오량인 (106.101) 2026.04.19 19:01:06 스크랩 조회 470 추천 5 댓글 1,5,470,2026.04.19 19:01:06,https://gall.dcinside.com/mgallery/board/view/?id=daeshinhigh&no=14356&page=4
14355,[일반],독토글 1등급 받기 어렵나요?,독토글 1등급 받기 힘들어요?,오량인 (58.78) 2026.04.19 18:54:08 스크랩 조회 511 추천 0 댓글 6,0,511,2026.04.19 18:54:08,https://gall.dcinside.com/mgallery/board/view/?id=daeshinhigh&no=14355&page=4
14354,[일반],꿈동아리,어디가 붙으려나 - dc official App,El_Salvador 2026.04.19 18:39:57 스크랩 조회 712 추천 17 댓글 4,17,712,2026.04.19 18:39:57,https://gall.dcinside.com/mgallery/board/view/?id=daeshinhigh&no=14354&page=4
14352,[일반],본인 오량인은 아닌데,니네 학교 이쁘더라. 약한영웅 촬영지더라고,오량인 (211.208) 2026.04.19 06:41:02 스크랩 조회 417 추천 5 댓글 2,5,417,2026.04.19 06:41:02,https://gall.dcinside.com/mgallery/board/view/?id=daeshinhigh&no=14352&page=4
14353,[일반],전학 가고싶은데요.,중간고사 끝나고 전학도 가능한가요? 아니면 기말까지 끝나야 전학 갈 수 있나요? 과도한 수행평가와 동아리 활동으로 공부 할 시간은 없고 시험은 어렵게 낸다고하니 이미 많이 선행해온 아이들만 유리한것같아요. 수행평가도 적당히 꼭 필요한 과목만 1개씩 내면 오히려 퀄리티 높은 수행평가가 될 것 같은데~과목별로 양이 많으니 시간에 쫒겨 대충하게되는것 같아요. 잠도 부족해 수업시간에도 너무 졸려요. 적어도 내신준비 기간에는 동아리활동도 쉬면 좋겠는데 계속 할 것 같아요. 3년 내내 이런 학교인거죠? ㅜㅜ,오량인 (58.78) 2026.04.19 16:11:10 스크랩 조회 614 추천 3 댓글 13,3,614,2026.04.19 16:11:10,https://gall.dcinside.com/mgallery/board/view/?id=daeshinhigh&no=14353&page=4
14351,[일반],나만그러냐,아직도 일본 수학여행에서 빠져나오지 못했다..,오량인 (118.235) 2026.04.19 01:23:54 스크랩 조회 435 추천 8 댓글 2,8,435,2026.04.19 01:23:54,https://gall.dcinside.com/mgallery/board/view/?id=daeshinhigh&no=14351&page=4
14350,[일반],쉬하고나서,귀두 조금 문지르고 맡아봤는데 약간 구운 오징어 냄새나서 입맛 살짝 돌음ㅇ…,오량인 (121.159) 2026.04.18 23:08:54 스크랩 조회 469 추천 1 댓글 0,1,469,2026.04.18 23:08:54,https://gall.dcinside.com/mgallery/board/view/?id=daeshinhigh&no=14350&page=4
14348,[일반],ㄴㅊㅎ선생님 사회 공부 어케해야하나오,피피티보면서 걍 냅다 외우는건가요? - dc official App,오량인 (110.8) 2026.04.18 18:59:34 스크랩 조회 521 추천 1 댓글 2,1,521,2026.04.18 18:59:34,https://gall.dcinside.com/mgallery/board/view/?id=daeshinhigh&no=14348&page=4
14347,[일반],선생님 평가? ㅋㅋ,"일단 존경하는 선생님들을 함부로 서열화시키고 평가질하면 안되는 거고, 정 하고 싶으면 생기부까지 다 받은 후, 그러니까 1년 후에 평가하는 게 가장 정확하다. 그러면 몰래몰래 좋은사람인척하는 화학교사 등등을 걸러낼 수 있다.",ㅇㅇ (116.33) 2026.04.18 18:34:28 스크랩 조회 674 추천 15 댓글 1,15,674,2026.04.18 18:34:28,https://gall.dcinside.com/mgallery/board/view/?id=daeshinhigh&no=14347&page=4
14346,[일반],10들아,내신공부 열심히해라 본인 2점대 초반인데 1점대찍먹하는 경우의수를 봤는데 존나쉽지가 않다...... 나중에 너희가 공부안해서 싼똥은 너희가 다 치워야한다는걸 잊지마라,오량인 (211.230) 2026.04.18 18:06:49 스크랩 조회 353 추천 4 댓글 0,4,353,2026.04.18 18:06:49,https://gall.dcinside.com/mgallery/board/view/?id=daeshinhigh&no=14346&page=4
14345,[일반],여자들만 들어와봐,왜 들어오냐 - dc official App,오량인 (149.88) 2026.04.18 09:22:28 스크랩 조회 679 추천 14 댓글 0,14,679,2026.04.18 09:22:28,https://gall.dcinside.com/mgallery/board/view/?id=daeshinhigh&no=14345&page=4
14338,[일반],대신고 홈피 근황,엄 ㅋㅋㅋㅋ,CloudR 2026.04.16 15:45:24 스크랩 조회 557 추천 5 댓글 1,5,557,2026.04.16 15:45:24,https://gall.dcinside.com/mgallery/board/view/?id=daeshinhigh&no=14338&page=4
14342,[일반],ㄱㅌㅎ쌤 너무 저평가인데,문제 번호 언제 부를지 몰라서 손 드는 연습하고 있으면 시간 잘 간다....ㅇㅇ,오량인 (112.150) 2026.04.16 23:21:30 스크랩 조회 671 추천 5 댓글 0,5,671,2026.04.16 23:21:30,https://gall.dcinside.com/mgallery/board/view/?id=daeshinhigh&no=14342&page=4
14340,[일반],동아리 회장될려면 뭐준비하면 되나요,개하고싶음 - dc official App,오량인 (110.8) 2026.04.16 22:14:31 스크랩 조회 495 추천 2 댓글 4,2,495,2026.04.16 22:14:31,https://gall.dcinside.com/mgallery/board/view/?id=daeshinhigh&no=14340&page=4
14344,[일반],너희들이 몰라서 그런데,ㅇㅈㅎ 쌤이 말하시는 말씀중에 틀린말 하나도 없다 발표할 때 지적하시는거? 감내해라 그것도 ㅇㅈㅎ 쌤의 매력이다 ㅇㅈㅎ 쌤 덕분에 대가리 깨지고 현실 직시했다 나중에 깨닫게 될거다,오량인 (210.117) 2026.04.17 02:52:32 스크랩 조회 714 추천 4 댓글 2,4,714,2026.04.17 02:52:32,https://gall.dcinside.com/mgallery/board/view/?id=daeshinhigh&no=14344&page=4
14343,[질문],도마켓,토요일마다 학원빠지면서 할만한 가치가 있나요?,오량인 (1.245) 2026.04.17 00:48:23 스크랩 조회 618 추천 1 댓글 3,1,618,2026.04.17 00:48:23,https://gall.dcinside.com/mgallery/board/view/?id=daeshinhigh&no=14343&page=4
14339,[일반],대신고다니면서 이건 꼭 해결해야할것같습니다.,음바페 발롱 받아야합니다.,오량인 (14.50) 2026.04.16 17:23:33 스크랩 조회 496 추천 2 댓글 0,2,496,2026.04.16 17:23:33,https://gall.dcinside.com/mgallery/board/view/?id=daeshinhigh&no=14339&page=4
14337,[일반],업보청산,강제독서인가 뭐시기 하느라 고생이 많다 ㅇㅇ 시험기간 화이팅하고 다음에 다시 놀러옴 쓴사람 썻다고 댓글에 알려주기 부탁함!!,Ephemeral_ 2026.04.16 01:37:39 스크랩 조회 819 추천 5 댓글 17,5,819,2026.04.16 01:37:39,https://gall.dcinside.com/mgallery/board/view/?id=daeshinhigh&no=14337&page=4
14336,[일반],수행 1점 감점되면 개망한건가요,ㅠㅠ너무우울해요 - dc official App,오량인 (110.8) 2026.04.16 00:55:03 스크랩 조회 612 추천 0 댓글 2,0,612,2026.04.16 00:55:03,https://gall.dcinside.com/mgallery/board/view/?id=daeshinhigh&no=14336&page=4
14334,[일반],D-19 진도율 ㅈ됨,국어 0% 영어 0% 수학 10% 사회 2% 과학 1% 한국사 3% 독토론 0% - dc official App,오량인 (1.245) 2026.04.15 22:52:17 스크랩 조회 708 추천 13 댓글 2,13,708,2026.04.15 22:52:17,https://gall.dcinside.com/mgallery/board/view/?id=daeshinhigh&no=14334&page=4
14333,[일반],한국사 공부,그냥 쌤들이 준 프린트만 잘 외워도 1등급 나오나요??,오량인 (14.50) 2026.04.15 19:19:03 스크랩 조회 496 추천 0 댓글 4,0,496,2026.04.15 19:19:03,https://gall.dcinside.com/mgallery/board/view/?id=daeshinhigh&no=14333&page=4
14332,[일반],하...,한 씨 아들 이름 ㅊㅊ,오량인 (14.50) 2026.04.15 15:39:03 스크랩 조회 500 추천 0 댓글 4,0,500,2026.04.15 15:39:03,https://gall.dcinside.com/mgallery/board/view/?id=daeshinhigh&no=14332&page=4
14331,[일반],독서가 모고 성적에 도움이 된다고?,그건 초딩 중딩때 해놓았어야지ㅋㅋㅋㅋㅋㅋㅋ 지금 내신에 치이고 활동에 치이는 상황에서 애들 공부시간만 뺏어가는 독서 프로그램은 솔직히 쓸모가 없음 그렇다고 참여율이 좋은것도 아닌데다가 상위권은 화장실에서 몰래 공부하고 중위권은 시간만 뺏기고 하위권은 처자는 프로그램이고 실제로 국어 모고 성적에 유의미하게 결과가 나온 것도 아닌데 왜 이걸 2년동안 끌고가는지 모르겠는 본인임 걍 선생년들 자존심 부리는걸로밖에 안보임ㅇㅇ,오량인 (14.50) 2026.04.15 08:43:58 스크랩 조회 733 추천 12 댓글 5,12,733,2026.04.15 08:43:58,https://gall.dcinside.com/mgallery/board/view/?id=daeshinhigh&no=14331&page=4
14329,[일반],동아리 폼 역대 최저인 곳은,CLOUD임 이유는 뭐 잘 알거라고 생각하고 동아리실 생겨 예산도 빵빵해 대학연계도 해주셔 담당쌤이 불쌍하게 느껴진건 이번이 처음임 08들이 산소호흡기 붙여놨는데 그걸 떼버리네 참고로 내 동아리는 날샘임 ㅇㅇ,오량인 (210.117) 2026.04.15 02:33:40 스크랩 조회 799 추천 6 댓글 4,6,799,2026.04.15 02:33:40,https://gall.dcinside.com/mgallery/board/view/?id=daeshinhigh&no=14329&page=4
14330,[일반],인스파이어,인스파이어는 대체 뭐하는 동아리냐?,오량인 (14.50) 2026.04.15 08:29:18 스크랩 조회 433 추천 1 댓글 2,1,433,2026.04.15 08:29:18,https://gall.dcinside.com/mgallery/board/view/?id=daeshinhigh&no=14330&page=4
14328,[일반],충남고에서 왔는데,씨발 역시 명문 대신고 갤러리부터 존나 활발하노 하 ㅈ같다 존나가고싶다 씨발,ㅇㅇ (112.150) 2026.04.15 00:58:58 스크랩 조회 572 추천 2 댓글 0,2,572,2026.04.15 00:58:58,https://gall.dcinside.com/mgallery/board/view/?id=daeshinhigh&no=14328&page=4
14327,[일반],안녕하세요,안녕하세요 대신고를 생각하고있는 11년생입니다 학교에서 고입상담을 받아서 자연스레 대신고에 관심이 생겨서 목표로 하고있는데 질문이 있어서 글 써봅니다! 일단 이번에 입학한 10년생 선배님들은 1단계 교과점수 커트라인이 어느정도였었는지 궁금합니다 그리고 중학교 생기부가 면접볼때같이 영향을 많이 미치는지도 궁금합니다. 답변해주시면 정말 감사하겠습니다! - dc official App,오량인 (211.235) 2026.04.15 00:38:20 스크랩 조회 467 추천 1 댓글 10,1,467,2026.04.15 00:38:20,https://gall.dcinside.com/mgallery/board/view/?id=daeshinhigh&no=14327&page=4
14326,[일반],솔직히 DDC,책 읽기 선택이었으면 별 문제 없었을거임 애들 입장에서는 2학년 때 꼭 성적 올리고 싶거나 유지라도 하고 싶은데.. 그 시간에 책을 읽어라..? 시간 아까워서 미침 ㅋㅋㅋ 근데 그 시간 동안에 공부해도 성적 안 오른다고 하시는 쌤도 있었는데.. 그 시간에도 악착같이 공부해야 오르는게 성적 아님? 그리고 책 읽으면 국어 모의고사 실력에 도움이 된다 하셨는데 국어 모의고사 실력을 올리고 싶으면 기출 푸는게 맞지.. 뭔 책이야;; 국어 기출만 풀려도 애들 국어 성적 오른다 ㄹㅇ로,오량인 (124.53) 2026.04.14 22:25:24 스크랩 조회 603 추천 14 댓글 3,14,603,2026.04.14 22:25:24,https://gall.dcinside.com/mgallery/board/view/?id=daeshinhigh&no=14326&page=4
14325,[일반],고물 ㅂㅎㅈ 안들어와서 좋으면 개추,야르~,ㅇㅇ (183.107) 2026.04.14 22:01:17 스크랩 조회 407 추천 6 댓글 1,6,407,2026.04.14 22:01:17,https://gall.dcinside.com/mgallery/board/view/?id=daeshinhigh&no=14325&page=4
14322,[일반],물리시간,졸려서 수업 들으려고 뒤에 나가려고하면 꼭 노트북 패드 이빠이 깔아두고 수업도 안들으면서 딴짓하는 친구때문에 맨날 피곤해서 자리에 앉아서 잠이랑 싸우면서 수업듣노 졸려서 나간것도아니고 수업도 안들을거면 매시간 스탠딩책상 점거하지말고 진짜 졸린사람위해서 양보해줘라,오량인 (123.215) 2026.04.13 23:41:59 스크랩 조회 678 추천 13 댓글 1,13,678,2026.04.13 23:41:59,https://gall.dcinside.com/mgallery/board/view/?id=daeshinhigh&no=14322&page=5
14317,[일반],"09, 10 긱사생들은 이노래 모르겠구나",https://www.youtube.com/watch?v=Xt9_zgLRD90&list=RDXt9_zgLRD90&start_radio=1 식사하셨어요 Provided to YouTube by Recording Industry Association of Korea식사하셨어요 · 조정민 · 피카소리 · 피카소리 · 피카소리식사하셨어요℗ 2018 RIAKReleased on: 2018-07-20Auto-generated by YouT... www.youtube.com 1학년때 한 학기동안 6시 40분마다 이노래 틀어줘서 ㅈ같았는데,CloudR 2026.04.13 20:24:51 스크랩 조회 556 추천 3 댓글 5,3,556,2026.04.13 20:24:51,https://gall.dcinside.com/mgallery/board/view/?id=daeshinhigh&no=14317&page=5
14323,[일반],올해 리빙랩 수준 왜 이렇게 ㅈ박았냐,리빙랩 나올때까지 ㅈㄴ 기대했는데 나온거 보니까 수준이 이게 맞냐 규모도 ㅈㄴ 작아지고 나온거 설명이랑 구글폼 다 들어가서 봤는데 10000원 내고 하라는 건 또 뭐냐 독밤 마냥 치킨이라도 주면 모르겠는데 세부 일정 뭐하는지 하나도 안 알려주고 활동 장소나 커리큘럼 하나 없이 신청만 하라고 하면 어떡하냐 매주 토요일마다 나가서 하는 것도 ㅈㄴ 비효율적인데 그걸 4번이나 하고 마지막은 금요일까지 하는거는 진짜 일정 개같이도 짠건 누구 아이디어냐? 올해는 외부 학교랑 하는거 맞긴 하냐? 대학 연계말고 원래 고교랑도 같이 했는데 올해는 여자 얘들 한명도 안 올거 같은 느낌이 든다 설마 충남대 하나 믿고 고교 연계조차 안하는 거면 리빙랩 딱지 떼라 제발 포스터도 ㅈㄴ 이해할 수 없게 만들어놓고 카톡 설명도 불친절하고 구글폼까지 아무것도 안 알려주는거는 운영진 올해 ㅈ박은건지 일 똑바로 안하냐 리빙랩 처음으로 진심 ㅈㄴ 실망했고 어떻게 이 꼬라지까지 왔는지는 몰라도 시발 차라리 도마켓이 나아보일 정도다 리빙랩 운영진들 분발 좀 해라 10000원 ㅈㄴ 짜치게 걷지 말고 세부 커리큘럼 제대로 공지해주고 날짜 조정만 해도 많이 지원 할 거 같다 일단 난 올해 리빙랩 신청 안한다 리빙랩 꾸준히 해왔던 사람으로써 정말 실망 많이 했고 그래서 글쓴다 운영진들 분발해라,오량인 (14.50) 2026.04.14 17:33:56 스크랩 조회 970 추천 30 댓글 20,30,970,2026.04.14 17:33:56,https://gall.dcinside.com/mgallery/board/view/?id=daeshinhigh&no=14323&page=5
14321,[일반],남 머리를 왜 자꾸 처만지는 거임,원형탈1모 있어서 들킬까봐 겁난다고 ㅆ발아 작작쳐만져 - dc official App,오량인 (64.34) 2026.04.13 22:55:31 스크랩 조회 549 추천 5 댓글 0,5,549,2026.04.13 22:55:31,https://gall.dcinside.com/mgallery/board/view/?id=daeshinhigh&no=14321&page=5
14314,[일반],버버버버버버버버버버,버터떡 두두 두쫀쿠 봄동 비빔밥,오량인 (14.50) 2026.04.13 09:31:30 스크랩 조회 412 추천 2 댓글 1,2,412,2026.04.13 09:31:30,https://gall.dcinside.com/mgallery/board/view/?id=daeshinhigh&no=14314&page=5
14315,[일반],짜친다,투표결과 보고 갑자기 태세전환 조지고 불이익 줘버리노 ㅋㅋ 걍 창체시간 다 ddc 하고 기록 가능하게 해준다음에 독서 선택으로 하는 게 가장 공평하고 공정한거다.. 처음에는 여러분들~~ 불이익 없을거예여.. 불이익이라고 하는 거 다 개소리입니다~~ 이러다가 갑자기 태세전환해서 안하시는 분들 ddc 팀에서 다 나가고 알아서들 하세요.. 이렇게 나오노 ㅋㅋ 학생부랑 자주반 애들도 쌤들 빨아주려고 톡방에서 여론몰이하고 ㅈㄴ 눈치싸움하는게 ㄹㅇ 걍웃김 이게 대평..인거같다. 왕민지도 지쳐서 이제 그만한다던데 ㅋㅋㅋㅋㅋㅋㅋ 웃기노 참고로 ddc 끝나면 독서는 안해도 되는거 아님? 왜 투표를 받는지 모르겠네;; +ddc를 위한 책 한 권 다 ㄹ읽으면 책 더 이상 읽을 필요 없는데 독서를 왜 계속 시키려고 하는지 ㅋㅋ 한심하다 누굴위한건지 독서 선택한 애새끼들 중에서도 독서 하는사람이 없는데 신청 안한 새기들한테만 불이익주면 그 누가 독서 안한다고 신청하겠음? ㅋㅋ,오량인 (14.50) 2026.04.13 12:49:56 스크랩 조회 737 추천 15 댓글 2,15,737,2026.04.13 12:49:56,https://gall.dcinside.com/mgallery/board/view/?id=daeshinhigh&no=14315&page=5
14324,[일반],싸이빌 동아리는,고전 동아리라는데 왜 아직도 이모양인가요? - dc official App,오량인 (149.88) 2026.04.14 21:56:59 스크랩 조회 407 추천 3 댓글 1,3,407,2026.04.14 21:56:59,https://gall.dcinside.com/mgallery/board/view/?id=daeshinhigh&no=14324&page=5
14316,[일반],대신고 레전드 모음,파인더 떨어지고 일침놓기 맞다이 사건의 전말 명중 참새죽이기 쓰레기탑 발견 사물함에 불남 현수막 음주적발,bigmom 2026.04.13 13:51:12 스크랩 조회 1743 추천 34 댓글 13,34,1743,2026.04.13 13:51:12,https://gall.dcinside.com/mgallery/board/view/?id=daeshinhigh&no=14316&page=5
14311,[일반],09들한테 질문,이제 졸업할 일만 남은 늙은이 08인데 독서 프로그램이 뭐길래 왜 이렇게 격분이냐 자세하게 좀 알려줘라,ktbbtb 2026.04.12 22:34:47 스크랩 조회 579 추천 3 댓글 3,3,579,2026.04.12 22:34:47,https://gall.dcinside.com/mgallery/board/view/?id=daeshinhigh&no=14311&page=5
14313,[일반],국어 시험,학원 안다니고 자습서하고 문제집으로 독학 하는데 잘 볼수 있나요?,오량인 (14.50) 2026.04.13 09:31:22 스크랩 조회 468 추천 1 댓글 1,1,468,2026.04.13 09:31:22,https://gall.dcinside.com/mgallery/board/view/?id=daeshinhigh&no=14313&page=5
14309,[일반],ㄱㅌㅎ쌤,인사좀 받아주세요 사람이 면전에다가 인사하는데 그냥 씹으심ㅇㅇ,오량인 (211.235) 2026.04.12 20:05:30 스크랩 조회 847 추천 29 댓글 2,29,847,2026.04.12 20:05:30,https://gall.dcinside.com/mgallery/board/view/?id=daeshinhigh&no=14309&page=5
14312,[일반],아아 ㅂㅇㅇ쌤 또 당신입니까....,너희들은 요즘 같은 소통의 시대를 주도하는 First penguin이 되도록 하여라,오량인 (1.227) 2026.04.13 00:53:53 스크랩 조회 537 추천 2 댓글 0,2,537,2026.04.13 00:53:53,https://gall.dcinside.com/mgallery/board/view/?id=daeshinhigh&no=14312&page=5
14310,[일반],ㅂㅇㅇ쌤,그립습니다 백Kingin GOAT,ㅇㅇ (175.223) 2026.04.12 22:04:12 스크랩 조회 501 추천 2 댓글 1,2,501,2026.04.12 22:04:12,https://gall.dcinside.com/mgallery/board/view/?id=daeshinhigh&no=14310&page=5
14307,[일반],ㅅㄱㅈ쌤,Race.,오량인 (116.33) 2026.04.12 19:44:27 스크랩 조회 504 추천 5 댓글 1,5,504,2026.04.12 19:44:27,https://gall.dcinside.com/mgallery/board/view/?id=daeshinhigh&no=14307&page=5
14306,[일반],ㄴㅊㅎ쌤,물론 수업 스타일이 맞지 않을 수 있음 피피티 양이 일단 ㅈㄴ 많고 그걸 시험 임박해서 올려주기 때문에 그런거 있어서는 불만이 나올 수 있는데 생기부나 과목 관련해서 이해도는 매우 고트인 쌤이다 괜히 고3 많이 들어오고 생기부 관련해서 조언 많이 하는게 아님 이쁨 받으면 굉장히 좋다 암튼 너무 욕하지는 말고 얻어갈거 잘 얻어가길 바란다,오량인 (218.150) 2026.04.12 19:42:20 스크랩 조회 539 추천 5 댓글 1,5,539,2026.04.12 19:42:20,https://gall.dcinside.com/mgallery/board/view/?id=daeshinhigh&no=14306&page=5
14305,[일반],ㅇㅌㅎ쌤,보청기 끼고 다닌다는 10들이 많은데 그거 골전도 이어폰이다ㅋㅋㅋㅋㅋㅋㅋㅋㅋㅋㅋㅋㅋ 엄쌤 착장이나 그런 아이템들 검색해서 출처 찾는게 은근 재밌음 ㅇㅇ 그리고 이쌤한테 이쁨 받고 싶으면 목재 관련해서 개인적으로 질문 해봐라 환장하실거다 근데 크게 쓸모는 없음,오량인 (218.150) 2026.04.12 19:37:10 스크랩 조회 533 추천 4 댓글 1,4,533,2026.04.12 19:37:10,https://gall.dcinside.com/mgallery/board/view/?id=daeshinhigh&no=14305&page=5
14304,[일반],54기로써 느끼는 선생님들 체감,"국어(ㅈㅈㄱ,ㅇㅈㄱ)ㅈㅈㄱ쌤 내기준 개고트ㅇㅇ 남자애들 특유의 특성을 잘 아시고 개개인별로 잘 챙겨주시는듯 ㅇㅈㄱ쌤은 우리반은 안들어와서 잘 모르겠긴한데 국어쌤인데 국어를 못하신다 들었음 영어(ㅊㄷㅇ):일단 언어적으로 천재이신듯 첫시간에 스페인어인가 프랑스어 하시는데 노무잘하셔서 쌀뻔함 그리고 나만 그런건진 모르겠는데 잘생겨서 볼때마다 설렘 수행도 할만함 수학(ㅅㅎㅇ,ㅇㅌㅎ,ㄱㅌㅎ) 난 ㅅㅎㅇ쌤 들어오는데 평범함 근데 수업 들을때마다 ㅈㄴ졸려서 운지마려움 참고로 야자시간에 패드로 유튭 보다가 이쌤한테 걸렸는데 그냥 넘어가주셔서 감사했음..ㄱㅌㅎ쌤은 잘 모르긴한데 소리지르시는것밖에 못봐서 좀 무서움 ㅇㅌㅎ쌤 보청기?같은거 끼고다시니고 이쌤시간때 계속 자서 잘 ㅁㄹ겟 사회(ㅇㅇㄱ,ㄴㅊㅎ,ㅁㅈㅁ):일단 중학교에 있다가 대신고 와서 느낀건 수행도 있지만 수업이 발표 위주라는거임 개학하고 처음 교과 시간이 ㅇㅇㄱ쌤이였는데 여기가 대신고구나 느꼈음.. ㄴㅊㅎ쌤은 프린트가 존나 많아서 너무힘듦..그래도 배경화면에 애기 볼때마다 미소가 지어진다능ㅎㅎ ㅁㅈㅁ쌤은 이번에 처음 오신걸로 알고있는데 중학교때 한명씩 계시던 인자한 여자쌤느낌 과학(ㅂㅅㅎ,ㅇㅎㅌ) 대신고 오기 전 디시로 학교생활 예습을 했는데 ㅂㅅㅎㅂㅅㅎ 할때 그 ㅂㅅㅎ이 이사람이라는걸 알게되었음 그 한동훈? 닮은거같고 말이 굉장히 느리심 도라에몽손 만드는걸 좋아하는거같고 거기 반 얘기 들어보니까 종례가 매우 늦고 유도리가 뒤졌다함 난 개인적으로 귀여움 ㅇㅎㅌ쌤은 ㅍㅌㅊ? 릴스 많이보심 한국사(ㅊㅈㅁ,ㅈㅎㅎ) 일단 ㅊㅈㅁ쌤은 수행 무조건 만점인데 피드백을 잘 안해주심 ㅈㅎㅎ쌤은 피드백도 잘해주시고 생기부도 고트이신듯 말 잘들으면 이쁨받을거같음 여담)ㄱㅎㅈㄱㅎㅈ할때 그 ㄱㅎㅈ 실제로 봤는데 이상한 관상은 아니던데 그정도로 ㅂㅅ인진 모르겟음 2학기때 미술이 기대되노 이상이고 긴글 읽어줘서 고맙습니노",오량인 (112.148) 2026.04.12 18:44:44 스크랩 조회 1353 추천 29 댓글 7,29,1353,2026.04.12 18:44:44,https://gall.dcinside.com/mgallery/board/view/?id=daeshinhigh&no=14304&page=5
14303,[일반],08)글 보니까 DDC 이거이거,OBL 냄새 나는데 ㅋㅋ,오량인 (116.33) 2026.04.12 18:07:46 스크랩 조회 439 추천 2 댓글 1,2,439,2026.04.12 18:07:46,https://gall.dcinside.com/mgallery/board/view/?id=daeshinhigh&no=14303&page=5
14302,[일반],생기부 관리,1학년 생기부 ai티 존나나서 좆된거같은데 2학년은 어떻게 잡아가야하나요,오량인 (118.235) 2026.04.12 11:02:06 스크랩 조회 437 추천 0 댓글 1,0,437,2026.04.12 11:02:06,https://gall.dcinside.com/mgallery/board/view/?id=daeshinhigh&no=14302&page=5
14299,[일반],수학 4인데 5등급제 2까지는 열심히해서 가능한가요,- dc official App,오량인 (118.42) 2026.04.11 20:35:36 스크랩 조회 545 추천 0 댓글 5,0,545,2026.04.11 20:35:36,https://gall.dcinside.com/mgallery/board/view/?id=daeshinhigh&no=14299&page=5
14301,[일반],1학년 사회 쌤 완전히 잘못 걸린 듯,"ㄴㅊㅎ쌤은 과학 쌤이 되고 싶은 거 같음 아니 지리 중요한 거 알겠는데 판 구조론이랑 지질 시대 등 등 지구과학에서 배우는 걸 왜 배우는데;; 모의고사 위한 거라는데 사회 모의고사가 아니고 지구과학 모의고사를 준비시켜줌 인간 중심주의, 생태 중심주의를 배우는 게 더 모고에 중요할 거 같은데 이건 배우지도 않음 - dc official App",오량인 (1.245) 2026.04.11 22:43:50 스크랩 조회 999 추천 12 댓글 19,12,999,2026.04.11 22:43:50,https://gall.dcinside.com/mgallery/board/view/?id=daeshinhigh&no=14301&page=5
14297,[일반],54기 모고,수학 국어 1등급이 다 30명 넘는다네,오량인 (117.111) 2026.04.11 16:18:23 스크랩 조회 484 추천 3 댓글 0,3,484,2026.04.11 16:18:23,https://gall.dcinside.com/mgallery/board/view/?id=daeshinhigh&no=14297&page=5
14292,[일반],수학 ㅇㅌㅎ 물리 ㅂㅎㅈ 비교,"ㅇㅌㅎ: 사고과정서술평가라는 괴상한 수행평가를 들고 와 매번 욕을 먹지만 특유의 널널한 채점기준으로 민심이 올라갔다 내려갔다를 반복함.(주로 수행 공지, 실시 당시에 욕을 먹고 점수 공개 때는 민심을 어느정도 회복함.) ㅂㅎㅈ: 다른 선생님들은 길어야 2시간 안에 끝내는 독서 수행을(문학, 독서처럼 책을 주제로 보고서를 쓰는 것들은 제외) 순수 타이핑으로만 5시간+타이핑으로 해놓고 그걸 또 손으로 종이에 쓰라는 ㅂㅅ같은 방식으로 운영함.+ 자꾸 돌아다니면서 수업 분위기를 스스로 망침 결론: ㅇㅌㅎ는 이상한 수행을 만들어 쉽게하고, ㅂㅎㅈ은 쉬운 수행도 이상하게 한다.",ㅇㅇ (175.223) 2026.04.10 17:05:11 스크랩 조회 715 추천 25 댓글 2,25,715,2026.04.10 17:05:11,https://gall.dcinside.com/mgallery/board/view/?id=daeshinhigh&no=14292&page=5
14294,[일반],이정도 됐으면 독서 완전폐지하자,ddc못하게 하는건 ㄹㅇ 말이되냐 동의안함하면 대신고 생활 나락갈듯 ㅋㅋㅋ 1학년때는 cip1차 없이도 잘했으면서 이제와서 이러는게 웃음벨이네 이거 또 민원들어가면 교육청감사 뜨는거 아니노,오량인 (122.153) 2026.04.10 22:13:59 스크랩 조회 671 추천 20 댓글 0,20,671,2026.04.10 22:13:59,https://gall.dcinside.com/mgallery/board/view/?id=daeshinhigh&no=14294&page=5
14291,[일반],우리학교 화장실은,뭔 모텔 아님 딸방 대용이노? 5교시 자율시간에 4층 끝 화장실 2번째 변기칸에서 왜 신음소리 내면서 싸고 있더라 ㅈㅇ 사건에 ㅅㅅ 사건에 이정도면 ㅆ 화장실이 아님,오량인 (14.50) 2026.04.10 15:38:42 스크랩 조회 539 추천 5 댓글 0,5,539,2026.04.10 15:38:42,https://gall.dcinside.com/mgallery/board/view/?id=daeshinhigh&no=14291&page=5
14288,[일반],기숙사 ㅇㄱㅈㅉㅇㅇ?,기숙사 사감쌤이랑 얘기할 수 있는 기회가 생겨서 요즘 기숙사 관련한 말씀 많이 듣고왔는데 이제 생일이면 입구에 누구 생일이라고 사진 올리고 축하해주는거 이제 사라짐?? 이걸 싫어하는 애들이 더 많았다는게 난 신기했네 +) 추가로 이번에 생긴 기숙사 작은도서관 어떻게 애들 잘 쓰고 있는지 궁금하네 얘기들어보니깐 사감쌤 사비로 몇십만원 들어서 운영하신다는데 (가격 얘기하긴 힘든데 암튼 많음)  잘 애용하시길 사진 하나 올려봄,H__ 2026.04.09 22:50:00 스크랩 조회 676 추천 7 댓글 2,7,676,2026.04.09 22:50:00,https://gall.dcinside.com/mgallery/board/view/?id=daeshinhigh&no=14288&page=5
14289,[일반],자꾸 ㄸ쳤다고 오해하는데,그게 아니고 관계한거임 둘이 같이 화장실 들어가더니 퍽퍽 소리 나더라 - dc official App,오량인 (64.34) 2026.04.09 23:12:20 스크랩 조회 891 추천 15 댓글 0,15,891,2026.04.09 23:12:20,https://gall.dcinside.com/mgallery/board/view/?id=daeshinhigh&no=14289&page=5
14287,[질문],자주반 신청,1학년 자주반 신청 어떻게하나요?,오량인 (14.50) 2026.04.09 17:01:30 스크랩 조회 552 추천 0 댓글 1,0,552,2026.04.09 17:01:30,https://gall.dcinside.com/mgallery/board/view/?id=daeshinhigh&no=14287&page=5
14286,[일반],ㅇ,ㅇ,오량인 (14.50) 2026.04.09 13:52:24 스크랩 조회 365 추천 1 댓글 0,1,365,2026.04.09 13:52:24,https://gall.dcinside.com/mgallery/board/view/?id=daeshinhigh&no=14286&page=5
14285,[일반],3층 화장실 ㄸ친 새끼,본인 똥싸려고 화장실 갔는데 3번째 칸에 ㄲ털 조금 떨어져있고 바닥에 ㅈ액 있었음 진짜 학교와서 왜 그러냐,오량인 (14.50) 2026.04.09 12:39:43 스크랩 조회 779 추천 6 댓글 1,6,779,2026.04.09 12:39:43,https://gall.dcinside.com/mgallery/board/view/?id=daeshinhigh&no=14285&page=5
14283,[일반],요즘 봉고 이슈가 많노,다 좋은데 뒤에 사람 있으면 의자만은 젖히지 마라 앞에 ㅇㅇㅊ 떡밥이 굴렀다지만 그거 말고도 둔산쪽 버스 타는 놈들 중에도 의자 젖히는 ㅅㄲ 하나 있다,오량인 (14.50) 2026.04.09 08:15:28 스크랩 조회 440 추천 1 댓글 0,1,440,2026.04.09 08:15:28,https://gall.dcinside.com/mgallery/board/view/?id=daeshinhigh&no=14283&page=5
14284,[일반],오늘 도안 봉고 탄 1학년인데,갑자기 어떤 선배님이 뭐라뭐라 하던데 뒷자리라 잘 못들음요 혹시 뭔일인지 아는분???,오량인 (14.50) 2026.04.09 08:18:26 스크랩 조회 616 추천 0 댓글 1,0,616,2026.04.09 08:18:26,https://gall.dcinside.com/mgallery/board/view/?id=daeshinhigh&no=14284&page=5
14282,[일반],봉고에서 누가오면 옆에 가방좀 제발 좀 치워라,가뜩이나 사람도 많은데 애들 눈치보게 하고싶냐? 걍 좀 누구 오면 치워주든가해라좀제발 - dc official App,오량인 (110.8) 2026.04.09 06:49:04 스크랩 조회 461 추천 10 댓글 0,10,461,2026.04.09 06:49:04,https://gall.dcinside.com/mgallery/board/view/?id=daeshinhigh&no=14282&page=5
14281,[정보],대성>>>대신,대신>>>대성,오량인 (39.119) 2026.04.09 03:03:47 스크랩 조회 601 추천 1 댓글 2,1,601,2026.04.09 03:03:47,https://gall.dcinside.com/mgallery/board/view/?id=daeshinhigh&no=14281&page=5
14280,[일반],08 ㅊㅈㅂ,프젝실에서 R&E준비하는데 ㅅㅂ 좀 닥쳐라 가오 잡으면서 1학년한테 짬 때리니 뭐니 걍 말 ㅈㄴ많네 목소리는 또 뒤지게 커서 다 쳐 들리고 ㅅㅂ,오량인 (106.101) 2026.04.08 20:37:02 스크랩 조회 979 추천 48 댓글 5,48,979,2026.04.08 20:37:02,https://gall.dcinside.com/mgallery/board/view/?id=daeshinhigh&no=14280&page=5
14278,[일반],버스 3학년 5반 ㅇㅇㅊ 아니냐,ㅇㅇ 깝치지 말아라,오량인 (39.7) 2026.04.08 15:35:13 스크랩 조회 837 추천 10 댓글 5,10,837,2026.04.08 15:35:13,https://gall.dcinside.com/mgallery/board/view/?id=daeshinhigh&no=14278&page=5
14276,[일반],한라 3단지에서 버스 타는 1학년인데,앞글에 말 나왔지만 아침에 셔틀 한라비발디 3단지에서 타시는 올림머리 3학년 선배님 제발 의자 뒤로 젖히지좀 말아주세요 사람이 없으면 얼마나 젖히든 상관없겠지만 애들도 많이 타고 뒤에 누가봐도 사람이 앉아 있는데다가 가뜩이나 좁은 공간에 가방도 앞에 놓아야 하는데 자리 앉자마자 당당하게 의자부터 확 젖히시면 아는 3학년 선배님이면 뭐라할수있어도 저희는 선배님이라 뭐라 하기도 애매해서 등교길 다리 눌린채로 계속 불편하게 갈 수밖에 없어요 3번 당한 사람으로서 진짜 정중하게 부탁드립니다,오량인 (14.50) 2026.04.08 11:14:48 스크랩 조회 650 추천 15 댓글 1,15,650,2026.04.08 11:14:48,https://gall.dcinside.com/mgallery/board/view/?id=daeshinhigh&no=14276&page=5
14274,[일반],뭐야 같은 버스인가,ㅆㅂ 허리 한 120도로 젖히고 주무셔서 다리 부러지는 줄 알았다...고개 쳐박고 주무실거면 허리 왜 젖히세요?,오량인 (112.150) 2026.04.08 00:49:30 스크랩 조회 529 추천 9 댓글 1,9,529,2026.04.08 00:49:30,https://gall.dcinside.com/mgallery/board/view/?id=daeshinhigh&no=14274&page=5
14273,[일반],대신고 특,ㅅㅂ 반에 개찐따들끼리 몰려다니면서 꼽주는데 제발 그만 나대면 안되냐 메타인지 존나 안되는 새끼들이 시발가오잡는거 아오 반마다 이런 무리 하나씩 있는거 같음ㅇㅇ..,오량인 (112.148) 2026.04.07 23:13:47 스크랩 조회 865 추천 27 댓글 2,27,865,2026.04.07 23:13:47,https://gall.dcinside.com/mgallery/board/view/?id=daeshinhigh&no=14273&page=5
14275,[일반],아리스토텔레스는 틀린거냐?,과탐실 실험하는데 골프공이 탁구공보다 0.2초더 빠르던대 결과에 뭐라써야함? 아리스토텔레스가 틀렸다고써야함? 0.2초차이난다고만 써야함?,오량인 (14.50) 2026.04.08 10:08:04 스크랩 조회 542 추천 4 댓글 5,4,542,2026.04.08 10:08:04,https://gall.dcinside.com/mgallery/board/view/?id=daeshinhigh&no=14275&page=5
14271,[일반],빠바빠빠,ㅁㅇㅋ ㅇㄹㅅㄴ ㅈㄷㅂㄹㅇ ㅂㄷ ㅁㅅㅎ ㅅㅅㅇ ㅃㅇㄷ ㅋㅋㅋㅋㅋ,오량인 (14.50) 2026.04.07 08:12:40 스크랩 조회 368 추천 0 댓글 0,0,368,2026.04.07 08:12:40,https://gall.dcinside.com/mgallery/board/view/?id=daeshinhigh&no=14271&page=5
14272,[일반],아침 도안쪽 학교버스 타는 2학년인데 같은짓 5번 당해서 글 올립니다,항상 버스 중간에서 뒤쪽 자리 앉으면서 의자 등받이 이빠이 젖히시는 입 튀어나오고 머리 올리고 안경 쓰고 거북목 있는 3학년 선배님 계속 보니까 뒷자리에 사람 있든 없든 이러시던데 민폐행동 작작 좀 해주세요 뒷자리 ㅈㄴ 좁아집니다,오량인 (14.50) 2026.04.07 09:06:48 스크랩 조회 1067 추천 16 댓글 3,16,1067,2026.04.07 09:06:48,https://gall.dcinside.com/mgallery/board/view/?id=daeshinhigh&no=14272&page=5
14270,[일반],끝쪽 화장실 노을이 레전드임,오줌싸면서 노을보다가 힘풀려서 똥싼적이 한두번이 아님… - dc official App,오량인 (110.8) 2026.04.06 22:51:19 스크랩 조회 505 추천 6 댓글 0,6,505,2026.04.06 22:51:19,https://gall.dcinside.com/mgallery/board/view/?id=daeshinhigh&no=14270&page=5
14269,[일반],씨아이피일차,조트면개추 ㅋㅋ,오량인 (14.50) 2026.04.06 17:31:05 스크랩 조회 491 추천 9 댓글 1,9,491,2026.04.06 17:31:05,https://gall.dcinside.com/mgallery/board/view/?id=daeshinhigh&no=14269&page=5
14268,[일반],공부할 때 듣는,노래 추천 좀 - dc official App,오량인 (64.34) 2026.04.06 00:01:21 스크랩 조회 553 추천 1 댓글 2,1,553,2026.04.06 00:01:21,https://gall.dcinside.com/mgallery/board/view/?id=daeshinhigh&no=14268&page=5
14267,[일반],마참내 정상화,드디어 학생회 올라오는 석식표 안기다리고 미리 볼 수 있는건가 드디어 미리 평가계획표 확인 할 수 있는건가,오량인 (125.138) 2026.04.05 23:51:41 스크랩 조회 557 추천 3 댓글 0,3,557,2026.04.05 23:51:41,https://gall.dcinside.com/mgallery/board/view/?id=daeshinhigh&no=14267&page=5
14265,[일반],과탐실 수행 기억나시는선배님 조언해주실수 있나요,첫번째 과탐실 수행인데 측정 기준을 조사하는 과정을 담은 영상이라는데 이게 그냥 검색하고 사이트 들어가는 영상 찍어서 편집하면 되는건가요?? - dc official App,오량인 (110.8) 2026.04.05 23:17:25 스크랩 조회 450 추천 0 댓글 1,0,450,2026.04.05 23:17:25,https://gall.dcinside.com/mgallery/board/view/?id=daeshinhigh&no=14265&page=5
14264,[일반],통합과학,시대인재(ㄱㅅㅎ) vs 더브코(ㅇㅎㅈ) 어디가 더 좋나요 진지해요ㅜㅜ 전 시대인재 더 가고싶은데 어디가 더 좋은지 궁금합니다,오량인 (106.101) 2026.04.05 22:29:37 스크랩 조회 473 추천 0 댓글 2,0,473,2026.04.05 22:29:37,https://gall.dcinside.com/mgallery/board/view/?id=daeshinhigh&no=14264&page=5
14263,[일반],내 친구 제니 닮았는데 소개 받을 사람?,- dc official App,오량인 (1.245) 2026.04.05 21:12:02 스크랩 조회 552 추천 9 댓글 0,9,552,2026.04.05 21:12:02,https://gall.dcinside.com/mgallery/board/view/?id=daeshinhigh&no=14263&page=5
14262,[일반],국가수준 학업성취도평가,제목 그대로임 9월 4일에 9모 보고 2일 뒤에 바로 하는건데 이게 도대체 뭐인지... 다른학교 학사일정 보면 이거 없던데 왜 우리학교에서 하는건지 모르겠음,오량인 (125.138) 2026.04.05 14:54:20 스크랩 조회 382 추천 0 댓글 0,0,382,2026.04.05 14:54:20,https://gall.dcinside.com/mgallery/board/view/?id=daeshinhigh&no=14262&page=5
14258,[일반],동아리 멘토링 해도 좋은가요?,해보고 싶은게 많은데 혼자서는 힘들거 같아서 그런데 해봐도 괜찮겠죠?,오량인 (1.245) 2026.04.04 00:53:13 스크랩 조회 506 추천 2 댓글 3,2,506,2026.04.04 00:53:13,https://gall.dcinside.com/mgallery/board/view/?id=daeshinhigh&no=14258&page=6
14254,[일반],근데 스템이 좆박았다기엔,파액을 제외한 동아리들보단 활동력이 높은거같은디 뭐땜에 이렇게 역바이럴당하는거임,오량인 (106.101) 2026.04.03 16:24:38 스크랩 조회 571 추천 8 댓글 1,8,571,2026.04.03 16:24:38,https://gall.dcinside.com/mgallery/board/view/?id=daeshinhigh&no=14254&page=6
14257,[일반],저 이곳이랑 ㅈ도 상관 없는 고교 졸업생인데,이곳 나무위키 문서에 신교사 짓고 남녀공학 된다는데 사실인가요?,오량인 (211.206) 2026.04.03 22:36:09 스크랩 조회 720 추천 1 댓글 3,1,720,2026.04.03 22:36:09,https://gall.dcinside.com/mgallery/board/view/?id=daeshinhigh&no=14257&page=6
14261,[일반],선배님들,혹시 영어듣기 능력평가 하나요? - dc official App,오량인 (1.245) 2026.04.04 17:24:25 스크랩 조회 692 추천 0 댓글 6,0,692,2026.04.04 17:24:25,https://gall.dcinside.com/mgallery/board/view/?id=daeshinhigh&no=14261&page=6
14255,[일반],스테,스테 정도면 우월한거 맞는데 왜 그러냐 반박시 내말 맞음,오량인 (1.245) 2026.04.03 20:13:07 스크랩 조회 587 추천 14 댓글 2,14,587,2026.04.03 20:13:07,https://gall.dcinside.com/mgallery/board/view/?id=daeshinhigh&no=14255&page=6
14256,[일반],아니하지말라,모스,오량인 (106.249) 2026.04.03 21:56:53 스크랩 조회 416 추천 4 댓글 0,4,416,2026.04.03 21:56:53,https://gall.dcinside.com/mgallery/board/view/?id=daeshinhigh&no=14256&page=6
14259,[일반],스템,현실에서는 애들사이에서 인정받는 동아리인데 온라인이라고 여기서 뒷창까는거 존나 ㅂㅅ같노 ㅋㅋㅋㅋㅋㅋㅋㅋㅋㅋㅋㅋㅋ,오량인 (211.230) 2026.04.04 07:53:05 스크랩 조회 874 추천 34 댓글 9,34,874,2026.04.04 07:53:05,https://gall.dcinside.com/mgallery/board/view/?id=daeshinhigh&no=14259&page=6
14260,[일반],저는 미래에서 왔습니다,"- 대신고든 2027년 자사고의 지위에서 벗어나 과학고의 지위를 얻게됩니다. - 매년 서울대 합격자를 2027년부터 꾸준히 15명 이상씩 배출합니다. - 그리고 마지막 - 지구전체의 영장류를 통틀어 가장 위대한, GOAT 그가 월드컵을 들어올립니다 SIUUU",오량인 (106.101) 2026.04.04 14:51:16 스크랩 조회 825 추천 15 댓글 0,15,825,2026.04.04 14:51:16,https://gall.dcinside.com/mgallery/board/view/?id=daeshinhigh&no=14260&page=6
14253,[일반],ㅅㅌ,본인 스테보다 동아리좋으니까 시비걸지말고 스테 진짜 무능하다는 말 해주고싶다. ㅇㅇ,오량인 (14.50) 2026.04.03 11:38:34 스크랩 조회 710 추천 17 댓글 8,17,710,2026.04.03 11:38:34,https://gall.dcinside.com/mgallery/board/view/?id=daeshinhigh&no=14253&page=6
14245,[일반],화제의 독서 추천작,학생으로서 공감이 많이 되는 작품 cip1차 불평 그만하고 이 책이나 읽어라 - dc official App,El_Salvador 2026.04.02 23:13:04 스크랩 조회 1040 추천 36 댓글 8,36,1040,2026.04.02 23:13:04,https://gall.dcinside.com/mgallery/board/view/?id=daeshinhigh&no=14245&page=6
14250,[일반],ㅂㅅㅎ쌤 솔직히,너무 좋아 보이시고 너무 친근하게 생김 심지어 친근하게 잘생기심 느린 건만 빼면 진짜 완벽 그 자체 - dc official App,오량인 (1.245) 2026.04.03 07:07:57 스크랩 조회 866 추천 3 댓글 1,3,866,2026.04.03 07:07:57,https://gall.dcinside.com/mgallery/board/view/?id=daeshinhigh&no=14250&page=6
14244,[일반],아래 1학년들 저격글 사건 정리,오넬 메시,오량인 (222.114) 2026.04.02 23:00:46 스크랩 조회 1058 추천 16 댓글 2,16,1058,2026.04.02 23:00:46,https://gall.dcinside.com/mgallery/board/view/?id=daeshinhigh&no=14244&page=6
14247,[일반],ㅅ ㅡ,파액스같은소리하네 내가 볼땐 걍 폼만 오지게 잡는 동아린데 거품 좀 붙었다고 겁나 요란하네 빈 깡통이 소리가 요란하다는 말로 밖에 안느껴짐 (그리고 능력이없으면 자기 수준에 맞는 활동을 하자.),오량인 (123.215) 2026.04.03 01:16:23 스크랩 조회 848 추천 16 댓글 11,16,848,2026.04.03 01:16:23,https://gall.dcinside.com/mgallery/board/view/?id=daeshinhigh&no=14247&page=6
14240,[일반],아래 1학년 저격하는 좆병신련아,평균 쳐 깎지 말고 글 내려라 열등감에 찌들어사는거 티낸다고 너 아무도 안 좋아한다ㅇㅇ,오량인 (112.150) 2026.04.02 21:42:53 스크랩 조회 914 추천 13 댓글 0,13,914,2026.04.02 21:42:53,https://gall.dcinside.com/mgallery/board/view/?id=daeshinhigh&no=14240&page=6
14242,[일반],10들 아직 뭘 모르네 우리 학교 엄씨는 함부로 건드는 게 아님 ㅋㅋㅋㅋ,공간디자인의 BOSS ㅇㅌㅎ가 두렵지 않더냐...,오량인 (183.107) 2026.04.02 22:26:44 스크랩 조회 1016 추천 23 댓글 1,23,1016,2026.04.02 22:26:44,https://gall.dcinside.com/mgallery/board/view/?id=daeshinhigh&no=14242&page=6
14237,[일반],프젝실,프젝실 앞에 뭐 쳐먹지 말라고 써져있는데 왜 뿌셔뿌셔를 쳐먹는거임? 2학년들도 많이 쳐먹던데 말 좀 들어라,오량인 (14.50) 2026.04.02 19:37:43 스크랩 조회 528 추천 5 댓글 0,5,528,2026.04.02 19:37:43,https://gall.dcinside.com/mgallery/board/view/?id=daeshinhigh&no=14237&page=6
14236,[일반],대신고의 새로오시는 선생님들은,모두 5층에 서식하는 그것의 보석함에 들어간다고 한다 난 이 이야기를 참 좋아한다,오량인 (14.50) 2026.04.02 16:48:02 스크랩 조회 772 추천 10 댓글 1,10,772,2026.04.02 16:48:02,https://gall.dcinside.com/mgallery/board/view/?id=daeshinhigh&no=14236&page=6
14230,[일반],이건 아니지않음?,바페,오량인 (104.28) 2026.04.01 15:07:38 스크랩 조회 837 추천 8 댓글 0,8,837,2026.04.01 15:07:38,https://gall.dcinside.com/mgallery/board/view/?id=daeshinhigh&no=14230&page=6
14234,[일반],3층 복도 끝 화장실,4번째 변기칸에서 하아앙~ 으오옷! ㅇㅈㄹ하면서 똥 싸던 ㅅㄲ 누구냐 수업시간이라 화장실에 아무도 없을줄 알았냐,오량인 (14.50) 2026.04.02 10:15:27 스크랩 조회 630 추천 3 댓글 0,3,630,2026.04.02 10:15:27,https://gall.dcinside.com/mgallery/board/view/?id=daeshinhigh&no=14234&page=6
14232,[일반],벌점제도 있냐는 10들 있어서 말한다,우리학교에 공식적인 벌점제도는 없다 다만 이미지 ㅈ같이 찍히면 미래가 상당히 귀찮아진다 정도고 슈퍼스쿨에 벌점? 그런거 주는 기능이 있어서 슈퍼스쿨 성애자인 ㅇㅌㅎ같은 쌤들은 학생이 진짜 ㅈ같다 그러면 거기다가 -1점씩 넣는다 실제로 작년에 그렇게 -1씩 찍힌 애들이 2 3명 정도 있었음 다만 그거 쌓여서 불이익을 받는 경우는 못봤고 그냥 적당히 눈치껏 쌰바쌰바 떨고 처신해라 ㅇㅇ,오량인 (1.227) 2026.04.01 22:58:02 스크랩 조회 783 추천 6 댓글 1,6,783,2026.04.01 22:58:02,https://gall.dcinside.com/mgallery/board/view/?id=daeshinhigh&no=14232&page=6
14231,[일반],소신발언,대신고 급식 부럽다 솔직히 대신은 급식 퀄리티 상위권임,H__ 2026.04.01 19:01:06 스크랩 조회 885 추천 8 댓글 3,8,885,2026.04.01 19:01:06,https://gall.dcinside.com/mgallery/board/view/?id=daeshinhigh&no=14231&page=6
14229,[일반],CIP1차,비 에르난데스,오량인 (104.28) 2026.04.01 15:03:37 스크랩 조회 620 추천 3 댓글 0,3,620,2026.04.01 15:03:37,https://gall.dcinside.com/mgallery/board/view/?id=daeshinhigh&no=14229&page=6
14228,[일반],2학년 ㄱㅇㅈ 너무 귀엽다,2학년 ㄱㅇㅈ 여자친구나 남자친구 있냐 진짜 개귀여운데 이건 아니지,오량인 (14.50) 2026.04.01 14:40:04 스크랩 조회 538 추천 3 댓글 0,3,538,2026.04.01 14:40:04,https://gall.dcinside.com/mgallery/board/view/?id=daeshinhigh&no=14228&page=6
14227,[일반],cip 1차와 관련하여..,"밑에 추천 40개 넘게 나온 글을 보고 좀 더 생각해보았음 CIP 1차에 대한 대신고 마이너 갤러리 공동성명에 무한한 지지의사를 표명함. 1.	교육부의 교육활동지침서와 본교의 학교운영위원회 규칙에 따르면 정규 교육시간이 끝난 후, 추가 교육시간에는 학교는 학생에게 학교운영위원회의 의결 없이 그 어떠한 프로그램을 강요할 수 있지 아니함. 2.	학교는 학교운영위원회의 의결 과정을 거쳐 이행된 프로그램에 대하여 의결 당시의 내용을 학부모, 학생 및 제3자가 열람할 수 있도록 하여야 하나, 그러하지 아니함. 3.	추가 교육시간에 학교 측에서 실시하는 독서 프로그램에 관해 공동교육과정이나 방과후학교, 동아리활동으로 참여하지 아니한 학생과 참여한 학생 사이에 공부시간에 대한 공평하지 않은 처우가 발견됨. 4.	학교는 3과 같은 사례를 미리 인지 하였음에도 불구하고 어떠한 조치도 시행하지 아니하였으므로 학생의 공평성과 평등성을 훼손하였다고 볼 수 있음. 5.	이러한 점들을 미루어 보았을 때, 학생의 평등성이 심히 훼손되었으며, 학교운영위원회의 의결을 거쳤는지에 대한 여부가 불분명하므로 아래와 같은 의견을 도출함. 학교측에서 실시하는 추가 교육시간 (CIP 1차) 독서 프로그램에 대한 폐지의견에 지지함. 개인적인 의견이니 지지와 비판은 자유로 맡기고, 비판은 겸허히 받아들이겠음",오량인 (14.50) 2026.04.01 14:20:16 스크랩 조회 650 추천 16 댓글 1,16,650,2026.04.01 14:20:16,https://gall.dcinside.com/mgallery/board/view/?id=daeshinhigh&no=14227&page=6
14226,[일반],2학년 ㄱㅇㅈ 이건 아니지,2학년 ㄱㅇㅈ ㅈㄴ 귀엽다 직접 봐라 이건 아니지,오량인 (104.28) 2026.04.01 13:58:44 스크랩 조회 445 추천 1 댓글 0,1,445,2026.04.01 13:58:44,https://gall.dcinside.com/mgallery/board/view/?id=daeshinhigh&no=14226&page=6
14224,[일반],아무래도,디시에 글 좀 쓴다고 바뀌는게 없어보이니 민원을 넣어보자!,오량인 (104.28) 2026.04.01 10:02:05 스크랩 조회 385 추천 2 댓글 0,2,385,2026.04.01 10:02:05,https://gall.dcinside.com/mgallery/board/view/?id=daeshinhigh&no=14224&page=6
14218,[일반],난 cip1차 좋은데…,만우절~,오량인 (106.101) 2026.04.01 01:12:13 스크랩 조회 445 추천 5 댓글 0,5,445,2026.04.01 01:12:13,https://gall.dcinside.com/mgallery/board/view/?id=daeshinhigh&no=14218&page=6
14223,[일반],2학년 ㄱㅇㅈ 폭로합니다,진짜 하는 짓이 너무 귀여워서 참을 수 없을 거 같습니다.  여러분 많이 사랑해주세요,오량인 (104.28) 2026.04.01 09:12:25 스크랩 조회 677 추천 3 댓글 0,3,677,2026.04.01 09:12:25,https://gall.dcinside.com/mgallery/board/view/?id=daeshinhigh&no=14223&page=6
14219,[열람주의❗],1차 독서에 대한 나의 생각,사실 별생각은 없고 졸업하고나니깐 책읽을 시간이 남아돌음ㅇ...,bigmom 2026.04.01 01:13:56 스크랩 조회 723 추천 4 댓글 4,4,723,2026.04.01 01:13:56,https://gall.dcinside.com/mgallery/board/view/?id=daeshinhigh&no=14219&page=6
14220,[일반],독서프로그램에 대한 사건정리와 안건,독서프로그램의 존립에 대한 학생들의 의견을 정리하고 학교 측에 요구하는 바를 일목요연하게 정리하였다. 학생들의 의견 1. 책을 읽는것이 도움이되지않는다. 왜냐 하위권학생은 반절이 졸고있고 상위권 학생은 공교 또는 방과후시간에 공부하는 친구들 생각에 편히 책을 읽을 수 없음. 2. 모두가 책을 읽으니 공정하다는 주장은 버려야한다. 실상은 반에서 30%가량이 방과후 병원 공교로 빼고 동아리실로 피신해 공부하는 학생들도 있음. 3.학생입장에서 독서활동의 존립과정에 불신이 있다. 왜냐 학생의견 수렴없이 실행한 이 활동은 학부모에게 좋게 보이기위해 또 방과후 참여도를  높이기위해  등으로 보인다. 모의고사 성적등을 핑계로 유지하는 것은 학생입장에서 납득할 수 없다. 학교측에 원히는바 1.학교는 학생들과 원만하고 유쾌한 방법으로 갈등과 오해를 풀 의무가 있다. 일방적으로 강제하지말고 학생 학부모 교사의 익명투표를 통해 민주적 의사결정을 해야한다. 학교 측의 입장과 학생 측 입장을 아울러 고려해 타협안을 내놓는다면 학생 자발적으로 참여하는 프로그램이 될 수 있다. 예) 월화는 독서프로그램을 유지하되 수목은 ‘디지털기기’ 없이 ‘학생들이 부족한 과목을 공부’한다. 또한 모르는 개념 이나 오답을 담임선생님과 공유하여 함께 성장한다. 2.독서프로그램이 유지된다면 학교측은 학생들에게 ‘공정성’을 담보해야한다. 공동교육과정이나 방과후로 독서 프로그램을 빠지는 학생에게 독후감을 쓰게하거나 미참여 학생들을 cip2차에 따로모아 독서시간을 동등하게한다. 방과후 참여도를 높이려한다는 오해를 풀려면 학교 측은 이에대해 즉각 개선할 필요가있다. 또한 프로그램 시간동안 교가가 상주할 것을 요구한다. 아무리 감독을 삼엄하게 하더라도 문제집을 풀다가 소리가 들리면 책을 필 수 있다. 학교 측이 진정 이 프로그램을 유지하고 싶다면 위항목들은 필수적인 개선사항이다. 물론 프로그램 폐지에 대한 고려가 우선해야한다. 3.학교는 학생들의 ‘자율성’을 존중해야한다. 학교의 목표가 전교생 동반성장인 것은 이해하나 이는 실현할 수 없다. 과연 하위권 학생들에게 야자를 강제로 참여하게 한다고 공부를 하는가? 이는 교실의 상황을 조금이라도 현장에서 감독한다면 알것이다. 수행평가를 한다는 핑계로 노트북으로 웹서핑 유튜브 시청등을 하는학생들이 대다수이다. 상위권 학생들 대로 또 불만이다. 강제로 참여하는 학생들 때문에 분위기가 흐려지는것은 물론이거니와 이미 자율적으로 공부하는 습관이 든 학생들은 통제하는 상황자체가 방해이다. 최상위권 학생들이 자주반에 가서 공부하는 상황에서 더욱 무모함은 현실화된다. 따라서 학교는 노력하는 학생들을 중심으로 규칙을 제정해야한다. ”공부할 의지가 없는 학생들을 밀어넣어 방해시킬것이 아니라 의지가 있는 학생들만 모아놓아햐한다.“ 결론 : 학교 측은 일방적인 핑계로 밖에 볼 수 없는 대안을 제시하는 대신 현실을 직시하고 보여지는 것이 아닌 의지 있는 학생들을 위한 환경을 만들기 위해 민주적인 의사결정 과정으로 학생들의 의견을 수렴해 교육청 민원으로까지 넘어가 학교 이미지가 훼손되는 것을 예방하고 교사-학생간의 갈등을 원만하게 풀어나가야한다. 자사고 특성상 학생개인이 목소리를 내기 어려운 상황에서 DC인사이드의 익명성으로 표현의 자유를 실현한다.,오량인 (59.26) 2026.04.01 01:17:29 스크랩 조회 955 추천 26 댓글 2,26,955,2026.04.01 01:17:29,https://gall.dcinside.com/mgallery/board/view/?id=daeshinhigh&no=14220&page=6
14222,[일반],2학년들,오늘 자정까지 자주반 신청할수있음 많관부,오량인 (14.50) 2026.04.01 08:35:06 스크랩 조회 497 추천 1 댓글 2,1,497,2026.04.01 08:35:06,https://gall.dcinside.com/mgallery/board/view/?id=daeshinhigh&no=14222&page=6
14217,[일반],10은 월요일만 독서라는데,그정도면 바로 책꺼내서읽는다 ㅇㅇ 일주일 내내 cip 1차 날라가고 4시간 자습 시간 잃어버리는건 말이안됨,오량인 (172.224) 2026.04.01 00:59:04 스크랩 조회 421 추천 5 댓글 0,5,421,2026.04.01 00:59:04,https://gall.dcinside.com/mgallery/board/view/?id=daeshinhigh&no=14217&page=6
14216,[일반],08 교복 및 생활,"그냥 ㅅㄱㅈ, ㄱㅅㅇ, ㅊㄱㅎ, ㅁㄱㄹ 이 넷이 개병신같으면 개추",오량인 (58.78) 2026.04.01 00:42:01 스크랩 조회 478 추천 5 댓글 0,5,478,2026.04.01 00:42:01,https://gall.dcinside.com/mgallery/board/view/?id=daeshinhigh&no=14216&page=6
14215,[일반],08 09 10 다 불쌍하노,08은 3학년 되어서도 야자 교복 개빡세게 잡고 주기적으로 담임들에게 지령내리고 백암관 불러서 개빠졌다 갈구고 1학년 처음 들어오면서부터 운동장 매점을 금지당하고 시작한 근 5년간 전례가 없었던 기수 동아리 시간 반토막 + 알맹이 없는 학년프로그램 릴레이로 시간 낭비 + ㅅㅁ라이팅으로 07보다 입결도 ㅈㄴ불안해짐 ㄱㅅㅇ와 교장의 3학년도 교복 단정하게 페티시랑 ㅁㄱㄹ의 너희는 졸업할때까지 내가 잡을거다 발언을 봐서 아마 2학기 전까지 심하면 입시 끝나기 전까지 개 ㅈㄹ하는건 변함없을듯 09 10은 그 유명한 cip 독서 강제 참여 09때 욕 뒤지게 처먹어놓고 10들도 시키고 앉았노 효과도 ㅈ도 없고 국어 모고 성적 박살나는거 보고서도 끌고가는거 보면 걍 고집인듯 공부를 하기 위해서 자습시간에 화장실 변기칸으로 대피하는 상식적으로 이해가 불가능한 상황이 일어나는 실정 이러니까 애들이 공교니 뭐니 구실 하나라도 더 만들고 안되면 구라라도 쳐가면서 야자 빼서 몰래 공부하러 가는것임에도 학교는 야자를 하는게 기본인데 왜 자꾸 꼼수부리고 난리냐면서 우리한테 ㅈㄹ함 결국 학교에 양심적으로 남으면 ㅂㅅ되는 시스템임 10은 말 들어보니까 뭔 3차 씹에는 노트 북 금지 ㅇㅈㄹ하고 있는지 모르겠음 그거 한시간 깔짝해서 수행이 커버가 되는지도 모르겠고 굳이 그따구로 제한을 두고 잡는 이유도 모르겠음 결론적으로 가면갈수록 학교가 ㅂㅅ이 되어가고 있다는거임 특히 야자에 이런저런 규제 붙여가면서 할거면 이게 왜 야간자율학습인지도 모르겠음 솔직히 저딴 규제들 다 지켜가면서 1시간 공부 깔짝하고 통학시간은 시간대로 들여서 밤 10시 11시에 집갈거면 뭐하러 학교에서 공부함????,오량인 (1.227) 2026.04.01 00:27:55 스크랩 조회 997 추천 24 댓글 4,24,997,2026.04.01 00:27:55,https://gall.dcinside.com/mgallery/board/view/?id=daeshinhigh&no=14215&page=6
14214,[일반],국어모고 실력향상 하고싶으면,다같이 국어모고풀게시키는게 더 효과적인거 아니냐,오량인 (211.230) 2026.03.31 23:48:14 스크랩 조회 532 추천 5 댓글 3,5,532,2026.03.31 23:48:14,https://gall.dcinside.com/mgallery/board/view/?id=daeshinhigh&no=14214&page=6
14211,[일반],엥 15분맠에 개추 16개가 가능한가,?아랫글 뭐임 학원에 바이럴 돌린 건가,오량인 (183.107) 2026.03.31 23:16:15 스크랩 조회 401 추천 0 댓글 1,0,401,2026.03.31 23:16:15,https://gall.dcinside.com/mgallery/board/view/?id=daeshinhigh&no=14211&page=6
14213,[일반],CIP 1차 시간에 화장실가면,다 공부하고 있는게 웃음벨임 ㅋㅋ 주변에서 화장실에서 백제 풀었다는 친구 얘기를 듣고 눈물을 멈출 수 없었다,오량인 (222.114) 2026.03.31 23:41:11 스크랩 조회 661 추천 10 댓글 1,10,661,2026.03.31 23:41:11,https://gall.dcinside.com/mgallery/board/view/?id=daeshinhigh&no=14213&page=6
14210,[일반],개인적으로 cip1차 독서보다,cip3차 노트북 못쓰게 하는 게 더 빡치던데 - dc official App,오량인 (1.245) 2026.03.31 23:11:01 스크랩 조회 505 추천 5 댓글 4,5,505,2026.03.31 23:11:01,https://gall.dcinside.com/mgallery/board/view/?id=daeshinhigh&no=14210&page=6
14209,[일반],08들의 기대,"3학년 되면 우리가 처음 입학할때 보았던 3학년, 3학년이 된 07 선배들처럼 조금은 널널하게 추리닝 바지 같은것도 눈치껏 입을 수 있고 야자도 적당히 뺄 수 있겠지?????? ㄱㅅㅇ: 후드티, 집업을 포함한 사복 껴입는거 일체 금지에 학교 끝나고 옷 갈아입고 하교하는 것조차 금지, 야자 철저하게 하고가셈ㅇㅇ 물론 08 니들만 처음부터 끝까지",오량인 (1.227) 2026.03.31 23:05:34 스크랩 조회 548 추천 11 댓글 4,11,548,2026.03.31 23:05:34,https://gall.dcinside.com/mgallery/board/view/?id=daeshinhigh&no=14209&page=6
14207,[일반],10들아,우리학교 여자쌤들 다 예쁜 거 거 같지 않음? 사회 쌤은 인상이 너무 좋게 생겼고 한국사 쌤은 말할 필요도 없고 과학 쌤도 되게 귀여우신데 - dc official App,오량인 (1.245) 2026.03.31 22:59:16 스크랩 조회 516 추천 19 댓글 0,19,516,2026.03.31 22:59:16,https://gall.dcinside.com/mgallery/board/view/?id=daeshinhigh&no=14207&page=6
14206,[일반],DDR,오늘 3교시 3-1쪽 화장실 멀리서 2번째 칸 바닥에 휴지랑 정액 있던데 ㅅㅂ 어떤새끼냐 개역겹니,오량인 (106.101) 2026.03.31 22:30:52 스크랩 조회 448 추천 3 댓글 0,3,448,2026.03.31 22:30:52,https://gall.dcinside.com/mgallery/board/view/?id=daeshinhigh&no=14206&page=6
14205,[일반],2학년 ㄱㅇㅈ,ㄱㅇㅈ 너무 귀엽다.. 말이 안된다.. 이건 아니지,오량인 (118.235) 2026.03.31 21:18:32 스크랩 조회 416 추천 2 댓글 0,2,416,2026.03.31 21:18:32,https://gall.dcinside.com/mgallery/board/view/?id=daeshinhigh&no=14205&page=6
14202,[일반],CIP 때문에 인생 망하는 거 같음..,중학생 땐 오후 5시 쯤에 낮잠 1시간 정도 자고 공부하면 풀집중해서 새벽 2시까지 공부 가능했는데 CIP 때문에 10시 쯤에 너무 피곤해서 잠깐 자려 하면 아침이 되있음.. 진짜 어이가 없네 - dc official App,오량인 (14.50) 2026.03.31 07:56:08 스크랩 조회 727 추천 11 댓글 3,11,727,2026.03.31 07:56:08,https://gall.dcinside.com/mgallery/board/view/?id=daeshinhigh&no=14202&page=6
14204,[일반],님들 CFD프로그램 뭐씀?,ㅈㄱㄴ,오량인 (14.50) 2026.03.31 09:21:33 스크랩 조회 460 추천 0 댓글 1,0,460,2026.03.31 09:21:33,https://gall.dcinside.com/mgallery/board/view/?id=daeshinhigh&no=14204&page=6
14200,[일반],10사이에서 ㄱㅎㅈ,"여론 좋던데 슬슬 풀어볼까 도일, 법정?",오량인 (172.225) 2026.03.31 00:27:09 스크랩 조회 802 추천 5 댓글 2,5,802,2026.03.31 00:27:09,https://gall.dcinside.com/mgallery/board/view/?id=daeshinhigh&no=14200&page=6
14199,[일반],10들,이번에 폐급들밖에 없는거 같은데 10들이 엘리트가 맞음?,오량인 (112.160) 2026.03.30 20:15:20 스크랩 조회 555 추천 7 댓글 2,7,555,2026.03.30 20:15:20,https://gall.dcinside.com/mgallery/board/view/?id=daeshinhigh&no=14199&page=6
14196,[일반],대신고 최고의 동아리는 파?,케타,오량인 (14.50) 2026.03.30 13:46:10 스크랩 조회 665 추천 4 댓글 3,4,665,2026.03.30 13:46:10,https://gall.dcinside.com/mgallery/board/view/?id=daeshinhigh&no=14196&page=6
14198,[일반],아니 우리 학교 여자애들 진짜 미쳤나 ㅋㅋㅋㅋㅋ,어떻게 학교를 365일 안나옴?ㅋㅋㅋㅋ 최소한 출석체크라도 하고 가는 성의라도 보여라 3년 내내 코빼기도 안보이는 건 뭐냐 진짜 ㅋㅋㅋㅋ,오량인 (14.50) 2026.03.30 17:13:17 스크랩 조회 1094 추천 33 댓글 3,33,1094,2026.03.30 17:13:17,https://gall.dcinside.com/mgallery/board/view/?id=daeshinhigh&no=14198&page=6
14195,[일반],공부는 언제 하나요?,형들~ 대신고는 입학하는순간 공부 할 시간이 사라진다더니 진짜네요. 수련회 다녀온 후로 동아리때문에 학원 숙제도 겨우 해가는 수준이었고 동아리 면접 끝나고나니 동아리에서 대회준비~ 각종 수행평가도 쏟아져 나와있고. 정말 공부 할 시간이 너무 없는것같은데 틈틈히 학원숙제 조금 하면 끝나요. 내신 잘 받은 형들은 공부 어떻게 했어요? 내신 준비는 언제부터 하셨어요?,오량인 (117.111) 2026.03.30 08:32:26 스크랩 조회 606 추천 0 댓글 4,0,606,2026.03.30 08:32:26,https://gall.dcinside.com/mgallery/board/view/?id=daeshinhigh&no=14195&page=6
14194,[일반],08입결 어찌되려나,5등급제 부터는 대신고가 생기부가 쌔서 입결 대박칠거같은데 작년도 초엘리트 세대 거들고 입결 역대급 찍었는데 이번년도 어떻게 될지 궁금하네 솔직히 나도08인데 망할거같긴함,오량인 (125.138) 2026.03.30 01:48:40 스크랩 조회 601 추천 3 댓글 1,3,601,2026.03.30 01:48:40,https://gall.dcinside.com/mgallery/board/view/?id=daeshinhigh&no=14194&page=6
14187,[일반],지예야..,지예아~~~!나는다채로운랩핑과라이밍혹은랩스킬로혼을쏙빼놓는대한민국최고의rap뱉는자손심바하지만데일리다섯명의감상자오맨하지만난데자부소속래퍼들이전부갓마백군대갔다온비와이한테대접해손심바로끓인보신탕정신차려심바넌31살삼십일은씨발진짜나베스킨라빈스에서나보던숫자19살한테구타당하고돈크라인스타그램쉿모두장난이지만랩을구사할땐진심을좀추가하지머뻐꺼심바레쓰고넌딱일회용래퍼원툴새끼믹싱하나혼자서못하는빙신노래아무도안들으니이상한방송나가서비칭이게너의힙합아캔낫리쓴화려한나의랩에심바는당황비와이쿤티판다와단톡을판다검사받아야돼이븅신같은가사비와이바로뒷목잡고서사망심바와자디어깨에힘빼어떻게된게니멜론프로필에니이름은쿤디판다비와이를비롯한다양한래퍼들뒤에너같은래퍼새끼들정신차리게하는게내임무브뤄레츠메이낏래퍼대래퍼알아들었어오케나이제뱉어니틀니를뺏어넌두귀로듣고서는두뇌를안거치고왜다시입이아닌귀두로뱉어개쉽고뻔한패턴그까짓라임한번맞춰줬다심바야이제됐어저새끼한텐진심으로필요해무파사의렉쳐내가지금땡전한푼안받고서걍해줘그럼그냥감사합니다하고좀배워병신같은자존심좀그만좀세워빗취,오량인 (123.215) 2026.03.28 21:47:18 스크랩 조회 533 추천 9 댓글 1,9,533,2026.03.28 21:47:18,https://gall.dcinside.com/mgallery/board/view/?id=daeshinhigh&no=14187&page=7
14193,[일반],언제부터 놀 수 있나요,현재 3학년인데 졸업생 형님들 다들 언제부터 현체내고 노셨나요 빨리 다 끝내고 싶습니다…,오량인 (223.39) 2026.03.29 23:56:04 스크랩 조회 477 추천 2 댓글 1,2,477,2026.03.29 23:56:04,https://gall.dcinside.com/mgallery/board/view/?id=daeshinhigh&no=14193&page=7
14191,[일반],자주반,이번 2학년에 자주반 지원하는 애들 많음?ㅜㅜ,오량인 (121.124) 2026.03.29 01:31:05 스크랩 조회 651 추천 0 댓글 1,0,651,2026.03.29 01:31:05,https://gall.dcinside.com/mgallery/board/view/?id=daeshinhigh&no=14191&page=7
14190,[일반],아스날,왜 욕먹나요?,오량인 (123.215) 2026.03.28 22:55:32 스크랩 조회 384 추천 0 댓글 0,0,384,2026.03.28 22:55:32,https://gall.dcinside.com/mgallery/board/view/?id=daeshinhigh&no=14190&page=7
14192,[일반],잘생겼다한 애 이렇게 생김,- dc official App,오량인 (64.34) 2026.03.29 22:57:54 스크랩 조회 897 추천 3 댓글 7,3,897,2026.03.29 22:57:54,https://gall.dcinside.com/mgallery/board/view/?id=daeshinhigh&no=14192&page=7
14186,[일반],다들 사는 데 투표 ㄱㄱ,- dc official App,오량인 (1.245) 2026.03.28 20:16:37 스크랩 조회 599 추천 6 댓글 0,6,599,2026.03.28 20:16:37,https://gall.dcinside.com/mgallery/board/view/?id=daeshinhigh&no=14186&page=7
14189,[일반],1학년 4반,왜캐 잘생긴 애가 있냐 - dc official App,오량인 (64.34) 2026.03.28 21:52:29 스크랩 조회 1295 추천 30 댓글 11,30,1295,2026.03.28 21:52:29,https://gall.dcinside.com/mgallery/board/view/?id=daeshinhigh&no=14189&page=7
14185,[일반],현재 3학년 형님들,컨설팅 받으시나요 아니면 걍 학교말 믿나요 - dc official App,오량인 (211.235) 2026.03.28 12:28:22 스크랩 조회 742 추천 0 댓글 6,0,742,2026.03.28 12:28:22,https://gall.dcinside.com/mgallery/board/view/?id=daeshinhigh&no=14185&page=7
14182,[일반],마뱀쓰,오늘 운 다써서 너무 기분좋다 - dc official App,오량인 (118.235) 2026.03.27 16:41:14 스크랩 조회 502 추천 1 댓글 0,1,502,2026.03.27 16:41:14,https://gall.dcinside.com/mgallery/board/view/?id=daeshinhigh&no=14182&page=7
14180,[일반],하.....,피 냐,오량인 (14.50) 2026.03.27 10:09:29 스크랩 조회 569 추천 9 댓글 0,9,569,2026.03.27 10:09:29,https://gall.dcinside.com/mgallery/board/view/?id=daeshinhigh&no=14180&page=7
14184,[일반],졸업생인데,올해 빅 이슈 뭐있냐 궁금하다,오량인 (220.67) 2026.03.28 03:01:54 스크랩 조회 556 추천 0 댓글 2,0,556,2026.03.28 03:01:54,https://gall.dcinside.com/mgallery/board/view/?id=daeshinhigh&no=14184&page=7
14179,[일반],진짜 망했다 ㅜㅜㅜㅜㅜ,,오량인 (14.50) 2026.03.27 10:02:51 스크랩 조회 710 추천 6 댓글 2,6,710,2026.03.27 10:02:51,https://gall.dcinside.com/mgallery/board/view/?id=daeshinhigh&no=14179&page=7
14178,[일반],이 글 클릭하면 죽임,,오량인 (14.50) 2026.03.27 08:49:32 스크랩 조회 775 추천 14 댓글 4,14,775,2026.03.27 08:49:32,https://gall.dcinside.com/mgallery/board/view/?id=daeshinhigh&no=14178&page=7
14177,[열람주의❗],동아리 170명이나 못간게 사실임?,아무리그래도 170은 ㅅㅂ 너무한거 아니냐?ㅋㅋㅋㅋㅋ 뭐 지원서를 죄다 2줄 딸깍으로 넣은거냐 아니면 걍 10 평균이 저모양인거냐 이럴거면 싹 다 ㅇㅌㅇㄷㅈㅇ으로 가버려라 이기들아,오량인 (1.227) 2026.03.27 02:57:37 스크랩 조회 830 추천 7 댓글 4,7,830,2026.03.27 02:57:37,https://gall.dcinside.com/mgallery/board/view/?id=daeshinhigh&no=14177&page=7
14176,[일반],스는 만년고 여초 동아리랑 활동한 전적이 있다,스 ㄱㄱ,오량인 (220.87) 2026.03.27 02:14:52 스크랩 조회 512 추천 0 댓글 1,0,512,2026.03.27 02:14:52,https://gall.dcinside.com/mgallery/board/view/?id=daeshinhigh&no=14176&page=7
14175,[일반],오늘 모든 동아리 2차모집 면접까지 다 끝난건가요?,내일도 면접 있는 동아리 있나요? 어딘가요?,오량인 (58.77) 2026.03.26 22:25:12 스크랩 조회 374 추천 0 댓글 1,0,374,2026.03.26 22:25:12,https://gall.dcinside.com/mgallery/board/view/?id=daeshinhigh&no=14175&page=7
14173,[일반],ㅈ대따,ㅎㅁㅎ쌤 전설의 3공 시작 ㄷㄷ 소문으로만 들었었는데.....,오량인 (14.50) 2026.03.26 17:32:22 스크랩 조회 645 추천 4 댓글 3,4,645,2026.03.26 17:32:22,https://gall.dcinside.com/mgallery/board/view/?id=daeshinhigh&no=14173&page=7
14172,[일반],저격합니다.,1-3 ㄱㅈㅅ,오량인 (14.50) 2026.03.26 17:03:00 스크랩 조회 709 추천 5 댓글 2,5,709,2026.03.26 17:03:00,https://gall.dcinside.com/mgallery/board/view/?id=daeshinhigh&no=14172&page=7
14170,[동아리],원프 여고,원프 여고랑 활동하나요?,오량인 (14.50) 2026.03.26 16:59:05 스크랩 조회 435 추천 2 댓글 2,2,435,2026.03.26 16:59:05,https://gall.dcinside.com/mgallery/board/view/?id=daeshinhigh&no=14170&page=7
14174,[질문],프라임에 관하여,프라임 어떤가요? 순회홍보때 수상경력 좋아보던데 잘 아시는분 - dc official App,오량인 (118.235) 2026.03.26 19:14:37 스크랩 조회 537 추천 1 댓글 3,1,537,2026.03.26 19:14:37,https://gall.dcinside.com/mgallery/board/view/?id=daeshinhigh&no=14174&page=7
14171,[일반],공학 동아리 여고,공학 동아리는 여고랑협업 안하나요,오량인 (14.50) 2026.03.26 16:59:43 스크랩 조회 455 추천 4 댓글 0,4,455,2026.03.26 16:59:43,https://gall.dcinside.com/mgallery/board/view/?id=daeshinhigh&no=14171&page=7
14169,[일반],근데 mbti마다 임신하는게 다른가ㅜ??,제목 어그로 구라고.. 수행 설문이나 도와줘라ㅜㅜ https://docs.google.com/forms/d/e/1FAIpQLSfxyOPa4ExhVcEDSjXqljeiyMw_uTUwBQpfXzpCl2Ce7lyYTw/viewform,오량인 (14.50) 2026.03.26 14:17:43 스크랩 조회 563 추천 2 댓글 2,2,563,2026.03.26 14:17:43,https://gall.dcinside.com/mgallery/board/view/?id=daeshinhigh&no=14169&page=7
14166,[일반],10들아 잘 들어라,절대로 활동을 공부보다 비중을 더 많게 잡지마라 제발 내가 1학기때 그지랄하다가 바로 꼬라박고 전사했다 ”내신이 좋아야“ 활동이 이뻐보이는법이다 너네는 절대로 가스라이팅 안 당했으면 좋겠어서 하는말이다 그리고 내일 첫 동아리 시간인데 즐겁게 보내고 행복한 1년 보냈으면 좋겠다 그리고 물어보고 싶은거 있으면 물어봐라 다 답변해준다,오량인 (210.117) 2026.03.26 01:11:48 스크랩 조회 550 추천 2 댓글 2,2,550,2026.03.26 01:11:48,https://gall.dcinside.com/mgallery/board/view/?id=daeshinhigh&no=14166&page=7
14168,[일반],동아리 2차도 떨어지면?,동아리 없이 학교생활 하나요? ㅠ,오량인 (118.235) 2026.03.26 09:41:41 스크랩 조회 496 추천 0 댓글 4,0,496,2026.03.26 09:41:41,https://gall.dcinside.com/mgallery/board/view/?id=daeshinhigh&no=14168&page=7
14165,[일반],수행,수행 좀 도와주라 설문 https://docs.google.com/forms/u/0/d/e/1FAIpQLSfxyOPa4ExhVcEDSjXqljeiyMw_uTUwBQpfXzpCl2Ce7lyYTw/formResponse,오량인 (14.51) 2026.03.26 00:18:59 스크랩 조회 351 추천 0 댓글 1,0,351,2026.03.26 00:18:59,https://gall.dcinside.com/mgallery/board/view/?id=daeshinhigh&no=14165&page=7
14163,[일반],아니 동아리 기간도 못 챙기는 빡대가리 쉨들,"6떨은 무슨 동아리 지원서 2개 쓴 애, 1개 쓴 애, 제출 기간 모른 애, 제출 한 줄 모르는 애가 태산이었음.....",오량인 (58.29) 2026.03.25 22:07:59 스크랩 조회 482 추천 3 댓글 1,3,482,2026.03.25 22:07:59,https://gall.dcinside.com/mgallery/board/view/?id=daeshinhigh&no=14163&page=7
14164,[일반],패드에 애플계정 연결하면 안되나요?,- dc official App,오량인 (223.39) 2026.03.25 22:36:39 스크랩 조회 337 추천 0 댓글 2,0,337,2026.03.25 22:36:39,https://gall.dcinside.com/mgallery/board/view/?id=daeshinhigh&no=14164&page=7
14162,[일반],학생회 멘토링,신청 해볼까 고민중인데 컴공쪽 해도 좋나요?,오량인 (211.235) 2026.03.25 21:18:17 스크랩 조회 355 추천 1 댓글 2,1,355,2026.03.25 21:18:17,https://gall.dcinside.com/mgallery/board/view/?id=daeshinhigh&no=14162&page=7
14161,[일반],오늘 급식,대체적으로 씹상타치였다고 생각하면 개추,오량인 (14.50) 2026.03.25 19:37:29 스크랩 조회 485 추천 14 댓글 0,14,485,2026.03.25 19:37:29,https://gall.dcinside.com/mgallery/board/view/?id=daeshinhigh&no=14161&page=7
14157,[일반],법조인 아시는 분 있나요??,오늘 급식 생선이랑 닭다리 하나도 못먹었는데 고소 가능한가요??,오량인 (14.50) 2026.03.25 14:33:51 스크랩 조회 418 추천 2 댓글 2,2,418,2026.03.25 14:33:51,https://gall.dcinside.com/mgallery/board/view/?id=daeshinhigh&no=14157&page=7
14159,[일반],이번에 170명이나 동아리 못들어 갔다는거,진짜임? 6떨이 어떻게 절반이상이냐 동아리 시간에 어벙 되는 애들은 어떻함? 큰일 제대로 났네,비큐 2026.03.25 18:28:51 스크랩 조회 505 추천 4 댓글 1,4,505,2026.03.25 18:28:51,https://gall.dcinside.com/mgallery/board/view/?id=daeshinhigh&no=14159&page=7
14156,[일반],제발 폐지 좀,CIP 1차 독서 폐지 ㄱㄱ 50분 조온나 아까움 08때보다 교육과정이 왜 이지랄인지 몰라도 더 헬인데 09 3모 국어 펑 터진 것도 눈가리고 나 몰라라 할거? 내신 공부 더 열심히 하면 모고도 오름 차라리 공부를 더 강요하던가 대성고처럼 모고 조온나 못하고 활동 범벅 수시적폐로 대학 가는거 연례행사인거 아니었음? 솔직히 선생님들도 디시 볼텐데 이 얘기는 1년동안 “개선”해달라는 거였음 근데 지금도 개선 안된걸 보면 그냥 폐지가 맞는 것 같다,오량인 (14.50) 2026.03.25 10:57:41 스크랩 조회 999 추천 33 댓글 13,33,999,2026.03.25 10:57:41,https://gall.dcinside.com/mgallery/board/view/?id=daeshinhigh&no=14156&page=7
14155,[일반],저격 하는 10 게이들은 들어라,요즘 10들 ㅅㅇㅈ ㅅㅇㅈ 이 ㅈㄹ 하는건 이해하고 참고로 내 동아리는 T1 ㅇㅈㄹ 원래 근본은 날샘이다. 10들아 ㅇㅇ 참고로 내 이름은 ㅅㅇㅈ이다 저격 좀 그만해라 ㅇㅇ,오량인 (14.50) 2026.03.25 09:04:58 스크랩 조회 505 추천 3 댓글 0,3,505,2026.03.25 09:04:58,https://gall.dcinside.com/mgallery/board/view/?id=daeshinhigh&no=14155&page=7
14153,[일반],10인데,도대체 왜 탐구가 상대평가로 바뀐거임? 납득 안되는 게이들은 개추를 벅벅,오량인 (14.50) 2026.03.25 08:06:21 스크랩 조회 382 추천 2 댓글 1,2,382,2026.03.25 08:06:21,https://gall.dcinside.com/mgallery/board/view/?id=daeshinhigh&no=14153&page=7
14152,[동아리],동아리ㅠㅠㅠㅠㅠㅠㅠ,아니 동아리 지원한가 다떨어졌는데 금요일 동아리 첫시간이잖아요 그럼 그때 뭐해야해요??,오량인 (14.50) 2026.03.25 08:00:48 스크랩 조회 443 추천 0 댓글 4,0,443,2026.03.25 08:00:48,https://gall.dcinside.com/mgallery/board/view/?id=daeshinhigh&no=14152&page=7
14151,[질문],학생회 멘토링,1학년인데 객관적으로 멘토분들 어느 정도 수준인가요?? 소프트웨어인데 도움이 될지도 궁금합니다,오량인 (14.50) 2026.03.25 07:51:15 스크랩 조회 337 추천 2 댓글 2,2,337,2026.03.25 07:51:15,https://gall.dcinside.com/mgallery/board/view/?id=daeshinhigh&no=14151&page=7
14148,[일반],오만추,구글폼 넣으면 문자 언제 오나요,오량인 (58.231) 2026.03.24 23:52:55 스크랩 조회 322 추천 0 댓글 4,0,322,2026.03.24 23:52:55,https://gall.dcinside.com/mgallery/board/view/?id=daeshinhigh&no=14148&page=7
14147,[일반],모고 왤케 어렵노,모고 나만 어려웠냐 영어도 그렇고 국어 문학 왤케 어렵노,닥터 노 (121.125) 2026.03.24 22:34:18 스크랩 조회 496 추천 3 댓글 4,3,496,2026.03.24 22:34:18,https://gall.dcinside.com/mgallery/board/view/?id=daeshinhigh&no=14147&page=7
14150,[일반],오늘 급식 솔직히,09인데 여태까지 먹어본 급식 중에 젤 맛없었음 ㅇㅇ,오량인 (58.224) 2026.03.25 01:30:10 스크랩 조회 388 추천 1 댓글 4,1,388,2026.03.25 01:30:10,https://gall.dcinside.com/mgallery/board/view/?id=daeshinhigh&no=14150&page=7
14146,[일반],09들아,그냥 화끈하게 다들 다음 모고 국어때 다 찍고 푸는척하면서  6 7 8 9 띄우고 다같이 쌤들이 포기하게 만들자 그럼 씨발 ㅈ같은 독서랑 칼럼 효과없다고 그만하지않을까,오량인 (211.230) 2026.03.24 22:31:41 스크랩 조회 409 추천 4 댓글 2,4,409,2026.03.24 22:31:41,https://gall.dcinside.com/mgallery/board/view/?id=daeshinhigh&no=14146&page=7
14145,[일반],ㅈㅂ 10들,국어 못봐서 ㅈㅂㅈㅂㅈㅂㅅㅂ 책읽게 해주세요!!!! ㅈㅂㅈㅂㅈㅂ 이걸뭐 단체 시위를 해야 책을 안읽게되려나 단체 서명을 받아야하나 이번 대신고 국어 1등급 그때보다 늘어나면 또 ㅈ바이럴하겠지...에휴,오량인 (223.39) 2026.03.24 18:12:40 스크랩 조회 719 추천 12 댓글 1,12,719,2026.03.24 18:12:40,https://gall.dcinside.com/mgallery/board/view/?id=daeshinhigh&no=14145&page=7
14144,[일반],오늘자 점심 상태 왜 이러냐,뭔 돼지짬통같은 국이랑 아귀 콩나물찜? 그런거 나오는데 진짜 맛 없어서 애들 다 타코 먹고 싹다 버리던데 좀 개선됬으면 좋겠음,오량인 (14.50) 2026.03.24 12:45:18 스크랩 조회 774 추천 31 댓글 3,31,774,2026.03.24 12:45:18,https://gall.dcinside.com/mgallery/board/view/?id=daeshinhigh&no=14144&page=7
14142,[일반],올해 대신고는 망했나보네,하라는 공부는 안하고 디시에서 저격질이나 하노,ㅇㅇ (183.107) 2026.03.24 01:18:13 스크랩 조회 739 추천 2 댓글 4,2,739,2026.03.24 01:18:13,https://gall.dcinside.com/mgallery/board/view/?id=daeshinhigh&no=14142&page=7
14140,[일반],참고로 내 동아리는,,오량인 (172.225) 2026.03.24 00:28:14 스크랩 조회 465 추천 1 댓글 2,1,465,2026.03.24 00:28:14,https://gall.dcinside.com/mgallery/board/view/?id=daeshinhigh&no=14140&page=7
14135,[질문],동아리 관련 질문,제가 동아리를 다 떨어졋는데 공부도 잘 못하는데 혹시 ㅈ댄건가요 선배님들,오량인 (175.120) 2026.03.23 22:46:18 스크랩 조회 318 추천 4 댓글 3,4,318,2026.03.23 22:46:18,https://gall.dcinside.com/mgallery/board/view/?id=daeshinhigh&no=14135&page=7
14134,[일반],아니 그래서,학교 홈페이지 언제 되는거임? 원래껄로 하던가 아님 빨리 바꾸던가,오량인 (121.184) 2026.03.23 21:38:29 스크랩 조회 357 추천 4 댓글 1,4,357,2026.03.23 21:38:29,https://gall.dcinside.com/mgallery/board/view/?id=daeshinhigh&no=14134&page=7
14133,[일반],동아리 2차 모집기간은 언제인가요?,동아리 2차 모집공고는 언제 나오나요?,오량인 (118.235) 2026.03.23 21:37:03 스크랩 조회 259 추천 0 댓글 2,0,259,2026.03.23 21:37:03,https://gall.dcinside.com/mgallery/board/view/?id=daeshinhigh&no=14133&page=7
14130,[일반],자주 언급되는 ㅅㅇㅈ,손씨가 아니라 송씨임ㅇㅇ 참고로 내 동아리는 T1이다,오량인 (14.50) 2026.03.23 16:55:00 스크랩 조회 716 추천 1 댓글 3,1,716,2026.03.23 16:55:00,https://gall.dcinside.com/mgallery/board/view/?id=daeshinhigh&no=14130&page=7
14129,[일반],ㅅㅇㅈ 얘 뭐냐?,최근 글에  ㅅㅇㅈ 얘기만 2갠데 저격당하기 좋아하고 대신보다 대성이라는거 보면 수준 딱 나오는 거 아니냐? ㅇㅇ,오량인 (14.50) 2026.03.23 15:41:56 스크랩 조회 603 추천 6 댓글 0,6,603,2026.03.23 15:41:56,https://gall.dcinside.com/mgallery/board/view/?id=daeshinhigh&no=14129&page=7
14128,[동아리],대신고 최고의 동아리는?,ㅆㅅㅌㅊ T1이다,오량인 (14.50) 2026.03.23 12:16:31 스크랩 조회 620 추천 1 댓글 4,1,620,2026.03.23 12:16:31,https://gall.dcinside.com/mgallery/board/view/?id=daeshinhigh&no=14128&page=7
14120,[일반],선배님들 영어 시험,모고가 나온다는데 26 3월 모고 18~45번만 공부하면 되나요? - dc official App,오량인 (1.245) 2026.03.22 21:00:35 스크랩 조회 397 추천 1 댓글 1,1,397,2026.03.22 21:00:35,https://gall.dcinside.com/mgallery/board/view/?id=daeshinhigh&no=14120&page=8
14125,[일반],ㅅㅇㅈ,이러면 어케됨?,오량인 (14.50) 2026.03.23 10:26:52 스크랩 조회 739 추천 3 댓글 4,3,739,2026.03.23 10:26:52,https://gall.dcinside.com/mgallery/board/view/?id=daeshinhigh&no=14125&page=8
14127,[일반],대신보단 대성 아니냐?,참고로 내이름은 ㅅㅇㅈ이다,오량인 (14.50) 2026.03.23 11:28:52 스크랩 조회 634 추천 1 댓글 3,1,634,2026.03.23 11:28:52,https://gall.dcinside.com/mgallery/board/view/?id=daeshinhigh&no=14127&page=8
14121,[일반],활동관련 질문있어요,예시로 대회를 개최하고 싶거나 어떤걸 해보고 싶으면 그냥 예산 사용해서 바로 할수 있는건가요 아니면 많은 절차를 거쳐야 하나여,오량인 (110.8) 2026.03.22 21:41:50 스크랩 조회 453 추천 0 댓글 6,0,453,2026.03.22 21:41:50,https://gall.dcinside.com/mgallery/board/view/?id=daeshinhigh&no=14121&page=8
14119,[일반],여고랑 같이 하는 동아리는,잘하면 사귈 수 있나요?? - dc official App,오량인 (149.88) 2026.03.22 18:03:41 스크랩 조회 591 추천 1 댓글 4,1,591,2026.03.22 18:03:41,https://gall.dcinside.com/mgallery/board/view/?id=daeshinhigh&no=14119&page=8
14124,[일반],영어 시험 알려준다,"영어 2학년때까지 다 1등급 받은 3학년인데, 쌤이 달라서 시험 스타일에 차이가 있을 수도 있지만, 일단 교과서랑 추가자료, 모의고사 지문 쌩으로 다 외우면 100점 나옴 . 학원에서 주는 문법이니 뭐 문장 구성 주석 달려있는 거 하나도 몰라도 상관없음 그냥 외우세요(난 학원 안다녔음) 댓글이 안 달려서 어따 적는데, 당연한 소리 한다고 하는데 그럼 이 당연하고 쉬운 걸 니는 왜 못하냐?? ㅋㅋㅋㅋㅋ",오량인 (14.50) 2026.03.23 08:19:15 스크랩 조회 439 추천 1 댓글 5,1,439,2026.03.23 08:19:15,https://gall.dcinside.com/mgallery/board/view/?id=daeshinhigh&no=14124&page=8
14123,[동아리],10들은 읽어라잉,"동아리 솔직히 안 중요함 개인이 얼마나 열심히 하는지가 중요한거지 좋은 동아리에서 떠먹여줄거라고 기대하지도 말고 이름없는 동아리 들어가서 ㅈ됐다고 생각하지도 마라 그냥 내신 공부에 더 집중해라 선배들, 쌤들 다 활동이 중요하다 하지만 1학년 땐 부담없이 이것저것 싸질러놔도 되는거니까 제발 내신 좋은 게 장땡이더라 -3학년 2점 초",오량인 (211.36) 2026.03.23 04:43:28 스크랩 조회 576 추천 5 댓글 1,5,576,2026.03.23 04:43:28,https://gall.dcinside.com/mgallery/board/view/?id=daeshinhigh&no=14123&page=8
14118,[동아리],비ㅣㅣㅣㅣ상!!! 동아리쥿댓다ㅏ,"지금 클라우드랑 아멘, 싸이빌붙고 다떨어졌는데 그냥 다 버리고 2차나준비해볼까요?ㅠㅠ 찾아보니까 셋다 딱히 하는거없어보이는데 차라리 플컴같은데라도 가서 지원해달라고할까요?",오량인 (49.171) 2026.03.22 13:52:53 스크랩 조회 873 추천 7 댓글 11,7,873,2026.03.22 13:52:53,https://gall.dcinside.com/mgallery/board/view/?id=daeshinhigh&no=14118&page=8
14116,[일반],상경은 링크보다 패파가 낫겠죠?,자꾸 상경상경 얘기하느데 잘 모르겠어요ㅠ,오량인 (110.8) 2026.03.22 00:18:17 스크랩 조회 518 추천 4 댓글 5,4,518,2026.03.22 00:18:17,https://gall.dcinside.com/mgallery/board/view/?id=daeshinhigh&no=14116&page=8
14117,[일반],패파 진짜 ㅋㅋ,이번년도에 뭐하는데? 작년에는 목원대거랑 똑같이 한 모의 투자 대회랑 굿윌한테 붙어서 SOVIA MBA한거 빼고 아무것도 안했자너ㅋㅋ,오량인 (104.28) 2026.03.22 13:20:06 스크랩 조회 778 추천 21 댓글 1,21,778,2026.03.22 13:20:06,https://gall.dcinside.com/mgallery/board/view/?id=daeshinhigh&no=14117&page=8
14115,[일반],동아리,1학년 안들어온 동아리들은 어케되는거냐,오량인 (59.26) 2026.03.21 23:58:58 스크랩 조회 517 추천 1 댓글 2,1,517,2026.03.21 23:58:58,https://gall.dcinside.com/mgallery/board/view/?id=daeshinhigh&no=14115&page=8
14111,[일반],상경동아리,내가 작년 졸업생이라 모르는건가 상경은 굿윌 아님? - dc official App,오량인 (14.50) 2026.03.21 17:16:47 스크랩 조회 431 추천 1 댓글 3,1,431,2026.03.21 17:16:47,https://gall.dcinside.com/mgallery/board/view/?id=daeshinhigh&no=14111&page=8
14110,[일반],졸업생 구글계정,언제쯤없어지냐,ㅇㅇ (211.109) 2026.03.21 04:19:59 스크랩 조회 401 추천 0 댓글 0,0,401,2026.03.21 04:19:59,https://gall.dcinside.com/mgallery/board/view/?id=daeshinhigh&no=14110&page=8
14108,[일반],동아리 2차 모집!,"동아리 2차 모집은 동아리 지원 다 떨어진 학우들 위주로 쓰는데 동아리가 다 차 있으면 모집을 하지 않나요? 아니면 동아리 자체에서 1차 몇명, 2차 몇명, 3차 몇명 이렇게 모집하나요?",오량인 (125.138) 2026.03.20 18:35:06 스크랩 조회 513 추천 1 댓글 1,1,513,2026.03.20 18:35:06,https://gall.dcinside.com/mgallery/board/view/?id=daeshinhigh&no=14108&page=8
14113,[일반],아멘,소문으로는 170명이라던데 어느정도라인의 동아리인가요?,오량인 (211.230) 2026.03.21 21:42:42 스크랩 조회 493 추천 0 댓글 5,0,493,2026.03.21 21:42:42,https://gall.dcinside.com/mgallery/board/view/?id=daeshinhigh&no=14113&page=8
14109,[동아리],상경 젤 괜찮은 동아리가 어디냐,회장단이랑 선생님 다따져서 - dc official App,오량인 (223.39) 2026.03.20 21:23:11 스크랩 조회 583 추천 0 댓글 4,0,583,2026.03.20 21:23:11,https://gall.dcinside.com/mgallery/board/view/?id=daeshinhigh&no=14109&page=8
14107,[일반],동아리 2차모집,동아리 2차모집 같은 경우는 1차 합격한 사람 대상으로만 진행하나요? 아니면 다시 받는 건가요?,오량인 (118.235) 2026.03.20 17:56:45 스크랩 조회 499 추천 1 댓글 4,1,499,2026.03.20 17:56:45,https://gall.dcinside.com/mgallery/board/view/?id=daeshinhigh&no=14107&page=8
14105,[일반],아니 진짜 개진상 동아리 면접 ㄷㄷ,어그로 미안하다 진짜 태어나서 처음으로 이상형을 찾았는데 3살 차이가 나네요 ㅠㅠ 어떻게 해야지 만날 수 있을까요? 정말 너무 제 취향이신데... ㅠㅠ 만난 적은 한 2번정도 있습니다. 가능할까요? 진짜 진심이니깐 진심어린 조언 부탁드립니다.,오량인 (14.50) 2026.03.20 14:56:38 스크랩 조회 956 추천 3 댓글 4,3,956,2026.03.20 14:56:38,https://gall.dcinside.com/mgallery/board/view/?id=daeshinhigh&no=14105&page=8
14106,[일반],의사유튜버,오늘 버정 골목에서 담배피던데 뭐하는 놈이냐,오량인 (223.39) 2026.03.20 17:24:26 스크랩 조회 864 추천 24 댓글 4,24,864,2026.03.20 17:24:26,https://gall.dcinside.com/mgallery/board/view/?id=daeshinhigh&no=14106&page=8
14102,[일반],파인더,파인더 최종 언제 나오나요,오량인 (110.8) 2026.03.20 01:14:00 스크랩 조회 582 추천 0 댓글 2,0,582,2026.03.20 01:14:00,https://gall.dcinside.com/mgallery/board/view/?id=daeshinhigh&no=14102&page=8
14103,[일반],날샘,날샘 선 배님들 사이에서는 평판이 어떤가요? 회장단 선배님들 어떤지 궁금해요,오량인 (39.7) 2026.03.20 07:26:19 스크랩 조회 618 추천 2 댓글 3,2,618,2026.03.20 07:26:19,https://gall.dcinside.com/mgallery/board/view/?id=daeshinhigh&no=14103&page=8
14100,[일반],하 저도 마찬가집니다,진짜 들어가고 싶던 곳에서 계속 말이 안 나와요....그렇게 나쁜 형님들도 아니고 다 선하신데 자꾸 눈을 피하게 되고 머릿속에 있던 말이 입 밖으로 안 나오고 빙빙 돕니다....이거 어쩌죠,오량인 (58.29) 2026.03.20 00:20:29 스크랩 조회 567 추천 3 댓글 4,3,567,2026.03.20 00:20:29,https://gall.dcinside.com/mgallery/board/view/?id=daeshinhigh&no=14100&page=8
14098,[동아리],상경쪽은 패파랑 원프중에 어디가 나을까요?,- dc official App,오량인 (110.8) 2026.03.19 23:22:15 스크랩 조회 452 추천 0 댓글 6,0,452,2026.03.19 23:22:15,https://gall.dcinside.com/mgallery/board/view/?id=daeshinhigh&no=14098&page=8
14097,[일반],동아리 2차모집,동아리들 2차모집 많이 하나요?,오량인 (121.184) 2026.03.19 22:56:32 스크랩 조회 379 추천 0 댓글 1,0,379,2026.03.19 22:56:32,https://gall.dcinside.com/mgallery/board/view/?id=daeshinhigh&no=14097&page=8
14095,[일반],건축,진지하게 공디ㄷ세움 둘중 어디가 더 좋음?,오량인 (121.184) 2026.03.19 22:32:41 스크랩 조회 426 추천 2 댓글 4,2,426,2026.03.19 22:32:41,https://gall.dcinside.com/mgallery/board/view/?id=daeshinhigh&no=14095&page=8
14094,[일반],3학년 선배님들중에,성동일닮으신 갈매기눈썹 형은 왤케 남얘기를 가오잡고 하시는건가요 공부만 하게 생기셧는데.. 사회에 불만있으신건가요?? 정말꼽주려는게아니라 궁금해서.. 그정도로 남얘기 하는사람은 못봐서 여쭤봅니다,오량인 (223.39) 2026.03.19 22:18:13 스크랩 조회 856 추천 25 댓글 6,25,856,2026.03.19 22:18:13,https://gall.dcinside.com/mgallery/board/view/?id=daeshinhigh&no=14094&page=8
14096,[동아리],예상했던거랑 다르노,굿윌 욕 ㅈ1ㄴ 먹어서 먹는 이유가 있겠지 하고 면접 갔는데 형들 개착하노 굿윌 붙으면 굿윌 간다 ㅇㄱㅇ,오량인 (110.35) 2026.03.19 22:35:53 스크랩 조회 873 추천 24 댓글 3,24,873,2026.03.19 22:35:53,https://gall.dcinside.com/mgallery/board/view/?id=daeshinhigh&no=14096&page=8
14093,[일반],면접 볼 때 진짜 못보면,면접에서 탈락이라고 얘기 하시나요? - dc official App,오량인 (1.245) 2026.03.19 22:16:38 스크랩 조회 328 추천 0 댓글 0,0,328,2026.03.19 22:16:38,https://gall.dcinside.com/mgallery/board/view/?id=daeshinhigh&no=14093&page=8
14091,[일반],동아리 별 면접,동아리 별 면접 분위기 어떤가요 날쌤하나만 썼는데 분위기가 너무 밝던데 원래 다 이런 분위기인가요ㅠㅠ - dc official App,오량인 (223.39) 2026.03.19 22:10:02 스크랩 조회 351 추천 2 댓글 1,2,351,2026.03.19 22:10:02,https://gall.dcinside.com/mgallery/board/view/?id=daeshinhigh&no=14091&page=8
14088,[일반],클라우드 지원했는데,sw 코딩 못하면 무조건 떨어지겟죠? ㅠㅠㅠ - dc official App,오량인 (211.235) 2026.03.19 21:49:07 스크랩 조회 422 추천 0 댓글 5,0,422,2026.03.19 21:49:07,https://gall.dcinside.com/mgallery/board/view/?id=daeshinhigh&no=14088&page=8
14087,[일반],동아리 회장님 왜캐 잘생겼나요??,개인적으로 웬만한 연애인보다 잘생긴 거 같은데 - dc official App,오량인 (64.34) 2026.03.19 21:25:26 스크랩 조회 657 추천 2 댓글 4,2,657,2026.03.19 21:25:26,https://gall.dcinside.com/mgallery/board/view/?id=daeshinhigh&no=14087&page=8
14090,[일반],면접10,하 아멘 면접 너무 빡세다 진짜 하ㅠ 진짜 가고싶었던 곳인데 너무 떨려서 말을 잘 못함,오량인 (118.235) 2026.03.19 22:03:53 스크랩 조회 292 추천 3 댓글 0,3,292,2026.03.19 22:03:53,https://gall.dcinside.com/mgallery/board/view/?id=daeshinhigh&no=14090&page=8
14086,[일반],10 동아리,동아리 4개 썻는데 전부 1차에서 떨어졌습니다. 어떻게 해야 할까요?,오량인 (14.50) 2026.03.19 18:02:04 스크랩 조회 471 추천 1 댓글 4,1,471,2026.03.19 18:02:04,https://gall.dcinside.com/mgallery/board/view/?id=daeshinhigh&no=14086&page=8
14085,[일반],동아리 1차 결과 다 나왔나요?,이무곳에서도 연락이 없네요ㅠ,오량인 (118.235) 2026.03.19 14:49:42 스크랩 조회 423 추천 1 댓글 3,1,423,2026.03.19 14:49:42,https://gall.dcinside.com/mgallery/board/view/?id=daeshinhigh&no=14085&page=8
14084,[일반],학교 공식 자료 만들 때 제미나이로 딸깍하시네,역시 AI 선도 학교 대전대신고등학교 GOAT,비큐 2026.03.19 09:56:16 스크랩 조회 950 추천 18 댓글 3,18,950,2026.03.19 09:56:16,https://gall.dcinside.com/mgallery/board/view/?id=daeshinhigh&no=14084&page=8
14083,[일반],동아리 다 떨어졌다,무조건 상위권 동아리 갈줄알고 파액스 3개 쓰고 다른 애들 하남자라고 놀리고 다녔는데 어카냐,오량인 (125.138) 2026.03.19 02:00:47 스크랩 조회 876 추천 11 댓글 9,11,876,2026.03.19 02:00:47,https://gall.dcinside.com/mgallery/board/view/?id=daeshinhigh&no=14083&page=8
14082,[일반],2026 동아리 진행,ㅇㄴ 요번년도 동아리 진행 진짜 말이 안나오네. 홍보도 꼬였다고 그러고 그 많은 동아리랑 그 한정된 시간 내에 면접이 다 가능하다고 생각하는건가,오량인 (221.158) 2026.03.19 01:06:06 스크랩 조회 824 추천 16 댓글 3,16,824,2026.03.19 01:06:06,https://gall.dcinside.com/mgallery/board/view/?id=daeshinhigh&no=14082&page=8
14079,[일반],면접 이게 맞나요?,"오늘 아까 한 9시쯤에 결과가 발표됐는데 낼 바로 면접임 ㄷㄷ 방금 자려다가 폰 봤더니 이제 봄…진짜 인간적으로 동아리 홍보랑 박람회,자소서,면접까지 이걸3일동안 하는게 맞는건가요…적어도 하루정도는 면접을 준비할 수 있는 시간을 줘야하는게 아닌가…",오량인 (222.114) 2026.03.19 00:44:25 스크랩 조회 670 추천 8 댓글 6,8,670,2026.03.19 00:44:25,https://gall.dcinside.com/mgallery/board/view/?id=daeshinhigh&no=14079&page=8
14081,[일반],10들을 위한 면접 꿀팁,"일단 너의 자소서를 다시 찾아보셈 다른 애들 자소서 볼 수 있으면 한번 봐보고 만약에 다시 봤는데 너가 자소서 퀄이나 내용 자체가 조금 다른 애들보다 낮거나 객관적으로 봤을 때 애매하면 자소서에 있는 내용 질문할 가능성이 높음 특히 자기가 했던 심화탐구 같은건 무조건 숙지하고 면접 들어가셈 그리고 요즘은 다 AI로 해결되는 세상이라 문제 제시하고 아이디어를 달라는 식의 질문이 많을 가능성이 큼 추가로 만국공통질문인데 너 자신이 도대체 어떤 사람인지 한줄로 정리하고 가라 마지막으로 어중간하게 답할 바에야 1분만 달라고 하고 확실하게 너의 답을 말해라 선배들은 너희의 답보단 너희의 그 태도를 더 중요시하게 볼 때도 있다 08, 09 전부 다 너희랑 똑같은 시간 겪었다 물론 올해가 레전드로 핑프같은 진행이라 힘들겠지만 꼭 원하는 동아리 들어가서 대신고를 빛내주길 바란다 내일부터 면접 화이팅이다 10들아",오량인 (210.117) 2026.03.19 00:54:23 스크랩 조회 557 추천 9 댓글 1,9,557,2026.03.19 00:54:23,https://gall.dcinside.com/mgallery/board/view/?id=daeshinhigh&no=14081&page=8
14078,[일반],파인더 아멘,파인더 아멘 문자를 못받았는데 다들 문자 갔나용?,오량인 (117.111) 2026.03.19 00:18:54 스크랩 조회 499 추천 0 댓글 1,0,499,2026.03.19 00:18:54,https://gall.dcinside.com/mgallery/board/view/?id=daeshinhigh&no=14078&page=8
14077,[일반],10들아,너희 동아리 ㅇㄷㅇㄷ 지원했길래 아직도 결과가 안나왔냐,오량인 (59.26) 2026.03.19 00:01:31 스크랩 조회 343 추천 0 댓글 1,0,343,2026.03.19 00:01:31,https://gall.dcinside.com/mgallery/board/view/?id=daeshinhigh&no=14077&page=8
14076,[질문],동아리 문자,동아리 문자 안오면 떨어진건가요?,오량인 (104.28) 2026.03.18 23:55:48 스크랩 조회 390 추천 2 댓글 2,2,390,2026.03.18 23:55:48,https://gall.dcinside.com/mgallery/board/view/?id=daeshinhigh&no=14076&page=8
14072,[일반],원하는곳 정말 너무나 들어가고 싶습니다,면접준비 어떻게 해야 할ㅋ가요 - dc official App,오량인 (110.8) 2026.03.18 22:27:23 스크랩 조회 436 추천 2 댓글 4,2,436,2026.03.18 22:27:23,https://gall.dcinside.com/mgallery/board/view/?id=daeshinhigh&no=14072&page=8
14074,[일반],결과 발표한 동아리 어디어디 있음?,이과중에,오량인 (106.101) 2026.03.18 22:52:13 스크랩 조회 405 추천 0 댓글 2,0,405,2026.03.18 22:52:13,https://gall.dcinside.com/mgallery/board/view/?id=daeshinhigh&no=14074&page=8
14073,[질문],10동아리 다떨,어지면 어떡하나요 날샘 스테 클라우드까지 떨어졌습니다. 다떨어지는 애들은 어떻게 되나요 - dc official App,오량인 (118.235) 2026.03.18 22:32:27 스크랩 조회 466 추천 0 댓글 3,0,466,2026.03.18 22:32:27,https://gall.dcinside.com/mgallery/board/view/?id=daeshinhigh&no=14073&page=8
14069,[일반],면접,1차 붙었으면 면접에선 자소서 내용 때문에 떨어질 일은 없나요?,오량인 (125.181) 2026.03.18 22:17:50 스크랩 조회 209 추천 0 댓글 0,0,209,2026.03.18 22:17:50,https://gall.dcinside.com/mgallery/board/view/?id=daeshinhigh&no=14069&page=8
14071,[일반],동아리 다 떨어지면,동아리 다 떨어지는건 안궁금하고 학교 근처 맛집 추천 좀 해주세요,오량인 (110.8) 2026.03.18 22:25:06 스크랩 조회 314 추천 0 댓글 2,0,314,2026.03.18 22:25:06,https://gall.dcinside.com/mgallery/board/view/?id=daeshinhigh&no=14071&page=8
14070,[일반],면접,동아리가 49개인데 면접은 어떻게 되는거냐? 다 할 수 있기는 한거냐,오량인 (59.26) 2026.03.18 22:23:20 스크랩 조회 258 추천 0 댓글 1,0,258,2026.03.18 22:23:20,https://gall.dcinside.com/mgallery/board/view/?id=daeshinhigh&no=14070&page=8
14068,[일반],파액 1차,오늘 안에 결과 가능한가요,오량인 (106.101) 2026.03.18 21:52:13 스크랩 조회 351 추천 0 댓글 1,0,351,2026.03.18 21:52:13,https://gall.dcinside.com/mgallery/board/view/?id=daeshinhigh&no=14068&page=8
14067,[일반],10인데 동아리,안녕하세요 10인데 이번에 문과 동아리 이번에 경쟁률 빡센가요??? 원프 굿윌 패파 썼는데 여기서 경쟁률 제일 낮은 동아리 어딜까요ㅜㅜ - dc official App,오량인 (104.28) 2026.03.18 21:32:57 스크랩 조회 323 추천 1 댓글 1,1,323,2026.03.18 21:32:57,https://gall.dcinside.com/mgallery/board/view/?id=daeshinhigh&no=14067&page=8
14062,[일반],1학년 cip 1차,개시끄럽네 ㅋㅋ 개념 너무 없다. 조용히 좀 다녀라,오량인 (104.28) 2026.03.18 18:53:31 스크랩 조회 322 추천 5 댓글 1,5,322,2026.03.18 18:53:31,https://gall.dcinside.com/mgallery/board/view/?id=daeshinhigh&no=14062&page=9
14058,[일반],동아리 지원자 수,가장 많은 곳과 가장 적은 곳 ㅇㄷ임,오량인 (59.26) 2026.03.18 01:21:31 스크랩 조회 502 추천 0 댓글 2,0,502,2026.03.18 01:21:31,https://gall.dcinside.com/mgallery/board/view/?id=daeshinhigh&no=14058&page=9
14060,[일반],220.123,220.123 이 사람 10이라고 글 올린 애랑 굿윌의 몰락 글 올린 애랑 ip같은데 ip가 같을 수도 있는거임?,오량인 (222.118) 2026.03.18 02:45:01 스크랩 조회 414 추천 0 댓글 1,0,414,2026.03.18 02:45:01,https://gall.dcinside.com/mgallery/board/view/?id=daeshinhigh&no=14060&page=9
14057,[일반],Cip1차 독서,진심으로 읽는 새끼 독서리더 제외 거의 못봄 걍 딴짓하다가 쌤 지나가면 걍 페이지 중간쯤 펴놓는게 끝임 애들 반쯤 자고있음 이걸 쌤들이 모르는거도 아니고 알면 좀 조치를 취했으면 좋겠다. 시간 ㅈㄴ게 아깝다 ㅅㅂ거 걍 자습 주면 안되는거임? 빡치면 개추 눌러라,오량인 (221.158) 2026.03.18 00:58:59 스크랩 조회 785 추천 33 댓글 4,33,785,2026.03.18 00:58:59,https://gall.dcinside.com/mgallery/board/view/?id=daeshinhigh&no=14057&page=9
14063,[일반],1학년,cip 1차 빠지는거 가능하냐,오량인 (14.50) 2026.03.18 19:12:14 스크랩 조회 265 추천 0 댓글 1,0,265,2026.03.18 19:12:14,https://gall.dcinside.com/mgallery/board/view/?id=daeshinhigh&no=14063&page=9
14066,[일반],액트 1차,액트 1차 결과 언제 나오나요 - dc official App,오량인 (211.235) 2026.03.18 21:26:31 스크랩 조회 293 추천 0 댓글 1,0,293,2026.03.18 21:26:31,https://gall.dcinside.com/mgallery/board/view/?id=daeshinhigh&no=14066&page=9
14064,[동아리],10인데 오만추 들어가면 뭐하나요,솔직히 뭔진 몰라도 재밌어 보여서 지원해볼까 했는데... 친구들 얘기 듣거나 디시보면 들어가면 ㅈ된다라는 내용이 자주 들리길래,오량인 (14.50) 2026.03.18 19:34:59 스크랩 조회 398 추천 2 댓글 3,2,398,2026.03.18 19:34:59,https://gall.dcinside.com/mgallery/board/view/?id=daeshinhigh&no=14064&page=9
14061,[일반],동아리 너무 급하게 써서,지원서 많이 내긴했는데 시간이 너무 촉박해 검토할 시간도 없이 정신없이 썼어요. 최선을 다해 쓰긴했지만 뭐라고 썼는지 잘 기억이ㅜㅜ 이틀만에 쓰려니 너무 힘들고 제대로 파악도 안된채로 쓴것같아요. 제발 한개라도 붙길ㅠㅠ,오량인 (58.77) 2026.03.18 08:35:53 스크랩 조회 457 추천 1 댓글 0,1,457,2026.03.18 08:35:53,https://gall.dcinside.com/mgallery/board/view/?id=daeshinhigh&no=14061&page=9
14054,[일반],동아리,아 1학년 동아리 신청기간좀 더 주세요 존나 촉박하잖아요,. (117.111) 2026.03.18 00:32:28 스크랩 조회 400 추천 1 댓글 2,1,400,2026.03.18 00:32:28,https://gall.dcinside.com/mgallery/board/view/?id=daeshinhigh&no=14054&page=9
14048,[일반],링크,링크좀 지원해줘라 제발,오량인 (211.230) 2026.03.17 23:13:03 스크랩 조회 383 추천 1 댓글 1,1,383,2026.03.17 23:13:03,https://gall.dcinside.com/mgallery/board/view/?id=daeshinhigh&no=14048&page=9
14051,[일반],3학년 틱,3학년 같은 수업 듣는 애 중에 틱처럼 계속 으으 거리면서 소리내는 애 있는데 평소에도 그럼? 모고때도 똑같나? 어케 대신고 들어왔지?,오량인 (121.184) 2026.03.18 00:06:24 스크랩 조회 438 추천 4 댓글 4,4,438,2026.03.18 00:06:24,https://gall.dcinside.com/mgallery/board/view/?id=daeshinhigh&no=14051&page=9
14049,[일반],그저 아멘 지원자 수가 신기함,바이럴 없이 130이 ㄹㅈㄷ노 이러다 미들처럼 터지는게 아닐지 싶지만,오량인 (59.27) 2026.03.17 23:27:35 스크랩 조회 568 추천 3 댓글 1,3,568,2026.03.17 23:27:35,https://gall.dcinside.com/mgallery/board/view/?id=daeshinhigh&no=14049&page=9
14047,[일반],동아리 팩트),10들 지금은 동아리 스테가 좋다 어디가 좋다 품평질하지만 결국 상위권 동아리 들어가는 건 350명 중에 20%도 안 됨 결국 너네가 깔보던 좆소 동아리 들어가게 될거다 ㅋㅋㅋ,오량인 (118.235) 2026.03.17 23:08:29 스크랩 조회 856 추천 17 댓글 1,17,856,2026.03.17 23:08:29,https://gall.dcinside.com/mgallery/board/view/?id=daeshinhigh&no=14047&page=9
14045,[일반],대신고 파인더 지원 이거 제출이 왜 없어요?,제출이 아니라 다음이 있고 이거 누르면 다시 지금 페이지로 돌아와져요,오량인 (106.101) 2026.03.17 22:42:55 스크랩 조회 280 추천 0 댓글 1,0,280,2026.03.17 22:42:55,https://gall.dcinside.com/mgallery/board/view/?id=daeshinhigh&no=14045&page=9
14044,[일반],동아리가 갑자기,09인데 만약 지금 동아리가 진짜 보기 싫을정도로 맘에 안들면 어쩌냐 옮기고 싶기도 한데,오량인 (125.138) 2026.03.17 22:22:04 스크랩 조회 420 추천 1 댓글 4,1,420,2026.03.17 22:22:04,https://gall.dcinside.com/mgallery/board/view/?id=daeshinhigh&no=14044&page=9
14053,[일반],공간디자인,영상 봤는데 혹시 악수하는 동아리인가여?,오량인 (123.215) 2026.03.18 00:26:03 스크랩 조회 368 추천 4 댓글 0,4,368,2026.03.18 00:26:03,https://gall.dcinside.com/mgallery/board/view/?id=daeshinhigh&no=14053&page=9
14043,[일반],10인데 날샘 대체 어떤 곳인가요,똥글들 죄다 밑에 참고로 내 동아리는 날샘이다 적혀있던데 - dc official App,오량인 (211.235) 2026.03.17 22:05:17 스크랩 조회 407 추천 0 댓글 4,0,407,2026.03.17 22:05:17,https://gall.dcinside.com/mgallery/board/view/?id=daeshinhigh&no=14043&page=9
14040,[일반],들리는 말로는,아멘이랑 스테 각각 130명이라는데 이거 맞냐?,오량인 (211.230) 2026.03.17 21:31:00 스크랩 조회 396 추천 0 댓글 2,0,396,2026.03.17 21:31:00,https://gall.dcinside.com/mgallery/board/view/?id=daeshinhigh&no=14040&page=9
14042,[동아리],10 액트질문,반도체쪽인데 hw밖에 못쓰나요 - dc official App,오량인 (118.235) 2026.03.17 21:39:47 스크랩 조회 345 추천 0 댓글 1,0,345,2026.03.17 21:39:47,https://gall.dcinside.com/mgallery/board/view/?id=daeshinhigh&no=14042&page=9
14041,[일반],동아리 지원서) 중딩때 해본 대회나 공모전 프로젝트가 없는데 어떻하죠,나머지 글은 완벽한데 중학교때 대회나 공모전 경험이 없어서요..,오량인 (106.101) 2026.03.17 21:32:22 스크랩 조회 365 추천 0 댓글 3,0,365,2026.03.17 21:32:22,https://gall.dcinside.com/mgallery/board/view/?id=daeshinhigh&no=14041&page=9
14036,[일반],동아리 안전빵,"제가 지금 진로가 현재 반도체(hw)쪽인데 현재 파,엑,스,크,아멘,라이프니츠,싸이빌,클라우드,프라임 이렇게 9개를 적으려고 합니다. (최대한 1차 때 많이 지원하는게 좋다고 판단했습죠) 제가 비교적 평범하게 살아 우수한 활동이나 실적이 없으나 열정,성실성,노력을 진짜 어필하여 적었는데 이중에 안전빵은 없나요? 안전빵이 있다면 무조건 좋을거같긴한데...9개에서 더 적었다가는 너무 제 집중력이 분산될까봐 더는 못 하겠는데...그냥 궁금합니다.",오량인 (14.50) 2026.03.17 20:27:16 스크랩 조회 433 추천 0 댓글 2,0,433,2026.03.17 20:27:16,https://gall.dcinside.com/mgallery/board/view/?id=daeshinhigh&no=14036&page=9
14037,[일반],면접 난도?,선배님들이 면접 질문을 엄청 어렵게 내실거라는걸 얼핏 들은거 같은데 혹시 파엑같은 고트 동아리는 면접 질문 수준이 어느정도 되나요? 또 제가 공학인데 공학 n티어 동아리별로 면접 질문의 난이도가 얼마나 차이나는지도 궁금합니다!,오량인 (14.50) 2026.03.17 20:50:44 스크랩 조회 341 추천 0 댓글 2,0,341,2026.03.17 20:50:44,https://gall.dcinside.com/mgallery/board/view/?id=daeshinhigh&no=14037&page=9
14038,[일반],동아리 지원,동아리 지원 글 관련된거 올라오니까 1학년 때 생각나네 흥분..되..노??!? 참고로 내 동아리는 날샘이다 ㅇㅇ,오량인 (14.50) 2026.03.17 20:51:43 스크랩 조회 321 추천 0 댓글 1,0,321,2026.03.17 20:51:43,https://gall.dcinside.com/mgallery/board/view/?id=daeshinhigh&no=14038&page=9
14035,[일반],"성실,열심 vs 우수한 활동 및 성적","스테미너스나 크레이터,클라우드 같은 sw,hw 동아리들은 우수한 활동이 굳이 없어도 열심히 하겠다는 것과 노력,성실성을 보여줘도 뽑힌다는 얘기는 들었습니다만 파엑 같은 경우에는 워낙 유명한 고트들이시기도 하고... 우수한 활동이 없으면 들어갈 수 없을까요...? 또 그 밖에 다른 동아리들도 주로 성실성을 보는지 우수한 활동을 보는지 궁급힙니다!",오량인 (14.50) 2026.03.17 19:52:45 스크랩 조회 416 추천 1 댓글 4,1,416,2026.03.17 19:52:45,https://gall.dcinside.com/mgallery/board/view/?id=daeshinhigh&no=14035&page=9
14034,[일반],SW 1짱 실력,컴공지망 10입니다. 아직 실력이 변변치 않아 노력해야 하는데 실력이 늘지 않네요. 파액 파액하는 대체 파 액의 09 형님들 중 SW 탑티어 형님들의 실력은 어느 정도인지 궁금해요.,오량인 (1.245) 2026.03.17 19:48:36 스크랩 조회 417 추천 1 댓글 8,1,417,2026.03.17 19:48:36,https://gall.dcinside.com/mgallery/board/view/?id=daeshinhigh&no=14034&page=9
14032,[동아리],방산관련 동아리 ㅊㅊ좀,저 진로를 방산쪽으로 가고싶은 동아리가 마땅한게 없어요 뭐 써야할지 추천좀 해주세요,오량인 (118.235) 2026.03.17 18:23:57 스크랩 조회 375 추천 0 댓글 2,0,375,2026.03.17 18:23:57,https://gall.dcinside.com/mgallery/board/view/?id=daeshinhigh&no=14032&page=9
14033,[일반],10 하드웨어,액트 가도 되나요?,오량인 (14.50) 2026.03.17 19:13:43 스크랩 조회 358 추천 5 댓글 3,5,358,2026.03.17 19:13:43,https://gall.dcinside.com/mgallery/board/view/?id=daeshinhigh&no=14033&page=9
14031,[일반],3학년 ㅇㅇㅇ,3학년되더니 살 왜케 많이 찜? ㅈ돼지새낀줄,오량인 (104.28) 2026.03.17 15:32:50 스크랩 조회 476 추천 4 댓글 4,4,476,2026.03.17 15:32:50,https://gall.dcinside.com/mgallery/board/view/?id=daeshinhigh&no=14031&page=9
14029,[일반],동아리 면접은,주로 어떤 질문하고 어떻게 준비하면 될까요? 면접 시간은 대략 몇분정도 보나요?,오량인 (58.77) 2026.03.17 10:43:11 스크랩 조회 358 추천 0 댓글 0,0,358,2026.03.17 10:43:11,https://gall.dcinside.com/mgallery/board/view/?id=daeshinhigh&no=14029&page=9
14028,[일반],스테미너스 큐알 찍어도 왜 구글폼 안뜨나요?,동아리 지원하려는데 큐알찍어도 구글폼 안뜨더라고요,오량인 (58.77) 2026.03.17 10:34:25 스크랩 조회 341 추천 1 댓글 5,1,341,2026.03.17 10:34:25,https://gall.dcinside.com/mgallery/board/view/?id=daeshinhigh&no=14028&page=9
14027,[일반],10들아,오늘까지 동아리 지원이니까 빨리 써라,오량인 (14.50) 2026.03.17 09:42:38 스크랩 조회 338 추천 1 댓글 0,1,338,2026.03.17 09:42:38,https://gall.dcinside.com/mgallery/board/view/?id=daeshinhigh&no=14027&page=9
14026,[일반],작년vs올해 동아리 운영,꽃이 지고나서야 봄이 온줄 알았습니다..,오량인 (14.50) 2026.03.17 09:28:02 스크랩 조회 434 추천 2 댓글 5,2,434,2026.03.17 09:28:02,https://gall.dcinside.com/mgallery/board/view/?id=daeshinhigh&no=14026&page=9
14023,[일반],ㅇㅅㅂㄷㄹ 왜 욕 먹는거임??,이색기 뭐했길래 쳐 까이는거임?,Honduras 2026.03.17 08:20:03 스크랩 조회 603 추천 2 댓글 3,2,603,2026.03.17 08:20:03,https://gall.dcinside.com/mgallery/board/view/?id=daeshinhigh&no=14023&page=9
14024,[일반],DDC,아니 예산이 있는 것도 아니고 개인 부담인데 시상식은 거창하게 하고 멘토링도 딱히 없고 누가 열심히 할 생각을 하지 명목상으로 “DDC를 위해서 책을 읽는다” 라고 하는데 솔직히 원래 목적이 국어 모의고사 성적 1등급 비율 높이기뎠고 안 늘었던 건 팩트인데 개선이 필요하다고 생각하지 않나 CIP 1차에 강제로 책 읽는 것도 억울한데 무슨 지원도 없고 쪼아대기만 하고 전례 없는 걸 09한테만 만든 것도 이상한데 그걸 10한테 하는 것도 아니고 심지어 이번년도는 공강 시간에 무슨 칼럼 작성을 하라고 하는건.. GPT 쓰는 거 알지 않나 솔직히 학생들은 아이디어를 만드는 기계가 아닙니다,오량인 (14.50) 2026.03.17 08:56:36 스크랩 조회 387 추천 3 댓글 1,3,387,2026.03.17 08:56:36,https://gall.dcinside.com/mgallery/board/view/?id=daeshinhigh&no=14024&page=9
14025,[일반],나 파인더 부원이랑 짱친인데,10들아 파인더라는 이름에 쫄지 마라 지원 많이 많이 해달래,오량인 (104.28) 2026.03.17 09:07:12 스크랩 조회 415 추천 1 댓글 2,1,415,2026.03.17 09:07:12,https://gall.dcinside.com/mgallery/board/view/?id=daeshinhigh&no=14025&page=9
14022,[정보],동아리 끝나고 수행평가 고민중일 10들을 위해,"동아리 시즌이 끝나면 수행평가 대비를 못 하는 10들을 위해 글을 씀 1. 먼처 제일 첫 번째로 발표해라 먼저 대신고의 특성을 알아야 하는데 대신고는 다른 고등학교와 달리 수행평가가 3개로 이러어져 수행평가 60%, 지필고사 40%로 수행평가 비중이 높은 학교임 그래서 수행평가 1점과 시험 1점은 차원이 다름. 그러면 어떻게 수행평가를 준비해야 하냐? 대부분의 대신고의 수행평가는 발표 + 보고서 + @로 이루어져 있음 특히 1,2 학년들은 특히 발표할 기회가 많을 텐데 제일 먼저 하고 싶은 말은 무조건 발표는 먼저 하라는 것임 첫 번째로 발표하면 뭐가 좋냐 대부분의 쌤들은 일단 먼저 나서는 학생들을 좋아함. 이건 말 안해도 알 거고 발표에는 대부분 정해진 시간 안에 해야할 텐데, 널널하면 4분 이상만 넘기면 되는 경우도 있고, 5분에서 7분 사이를 맞추라는 경우도 있었음. 그런 부분에서 첫 번째로 발표했을 때 시간만 맞춘다면, 다른 부분의 채점에서 조금 미흡하더라도 봐줄 가능성이 있음(이건 기본적으로 챙겨야 하는거지 버리라는게 아님). 장점은 이게 끝이 아니라 발표가 일찍 끝나면 남은 수행평가는 2개 뿐이고 시험 공부 시간 확보가 됨 발표시간을 제대로 못 정한 친구들은 시험 1주전에 발표를 준비하는 경우도 봤었으니까 알잘딱 할거라고 생각함 2. 수행평가 주제 좀 제대로 잡아라 이건 추후에 글쓸 ""탐구를 제대로 하는 법""과 연관이 있는데, 지금 까지 많은 오량인들이 ""수행평가 대충 만점만 받고 시험 후에 추가 탐구 보고서나 내야지""라는 마인드를 가지고 수행평가에 임하고 있음. 이건 심히 잘못됐다고 말할 수 있으며, 추가 탐구를 받지 않는 쌤들도 꽤 계심. 기본적으로 수행평가를 열심히 하자. 그럼 주제도 못 정할 오량인들이 있는데, 주제는 보통 이렇게 잡는다. 1. 진로 관련 2. 해당 교과목 탐구 3. 사회 문제 관련 1. 진로 관련 진로 관련해서는 교과목에서 내 진로와 관련된 부분이 어떻게 쓰이는지 탐구하면서 발표하는 경우인데 나 같은 경우는 SW인데 생2 에서 생명모방공학이라는 주제로 발표했었고 생기부에 괜찮게 들어갔었음 하지만 여기서 너무 진로 심화적으로 들어갔다가 해당 교과목하고 연관 1도 없는 발표를 하면 ㅈ되는거임 2. 해당 교과목 탐구 먼저 이걸 왜 해야 하는지부터 알아야 하는데, 대학들에선 융합적인 인재를 원하게 되면서 한 분야(예를 들면, 전기전자, SW, 토목 등)에만 뛰어난 인재가 아니라 다방면에서 우수한 인재를 원하고 있음. 대부분의 오량인들은 자율, 진로, 개세특, 행특에 진로와 관련된 것을 넣을건데, 세특에서도 진로와 관련된 것을 넣으면 교과와 관련된 부분에서 역량을 제대로 못 보일 수 있음. 그래서 수행평가 주제를 잡을 때 교과를 심화시키켜 해당 과목에 대한 역량을 어필할 수 있음. 3. 사회 문제 관련 12월 쯤 세특을 쓸 시즌이 올 텐데, 몇몇 오량인들이, 동기를 엉뚱하게 잡는 경우가 있음. 정석적인 경우 ~~책을 읽으며, 뉴스에서 ~~과 관련된 내용을 보고 ~~에 흥미를 가져 등으로 시작할 수 있겠음. 가장 무난한 경우가 사회 문제를 정의하면서 이를 어떤식으로 생각했고, 해결해볼 수 있는지 탐구해보는 것임. 08은 책을 중요하게 생각해서 대부분의 생기부가 책으로 시작하는 걸 볼 수 있음. 이 틀을 너무 지키려고 하지 말고 해당 수행평가가 어떤 성격을 띄는지 쌤 말 들으면서 주제 잘 생각해보셈. 그리고 세특에 어떻게 들어갈지 생각해보고 주제 잡는 걸 추천함. 졸면서 써서 틀린게 있을수도 있긴 한데 대부분 맞을 거임 할 말은 여기까지고, 수행평가를 제대로 못쳐내다가 시험기간까지 수행평가하고 시험 망치지 않길 바람 궁금한거 있으면 언제든지 질문하셈",CloudR 2026.03.17 02:53:13 스크랩 조회 488 추천 8 댓글 1,8,488,2026.03.17 02:53:13,https://gall.dcinside.com/mgallery/board/view/?id=daeshinhigh&no=14022&page=9
14021,[일반],혹시 동아리 이거 복붙해서 쓰면 걸리나요?,회장단들끼리 돌려 보시나요? - dc official App,오량인 (39.119) 2026.03.17 02:28:49 스크랩 조회 340 추천 0 댓글 3,0,340,2026.03.17 02:28:49,https://gall.dcinside.com/mgallery/board/view/?id=daeshinhigh&no=14021&page=9
14020,[일반],시험 기간때 하루 수면 시간,이제 수행 시작되고 모의고사보면 시험 기간인데 보통 시험 기간 때 몇시에 잠?? 애들 말 들어보면 시험기간때 기숙사 생들 공부 열심히 한다던데 12시 딱 맞춰서 자는 사람도 있으려나 - dc official App,GAIA 2026.03.17 01:35:11 스크랩 조회 336 추천 1 댓글 2,1,336,2026.03.17 01:35:11,https://gall.dcinside.com/mgallery/board/view/?id=daeshinhigh&no=14020&page=9
14017,[일반],104.28 이새끼,공디가 세움보다 낮네 어쩌니 거리면서 갑자기 공디가 좋네 이지랄로 글쓰는거봐라 세움새끼가 디시에 공디바이럴한다 이지랄로 만들라고 쓴거 훤히 보인다ㅋㅋㅋㅋㅋㅋㅋㅋㅋㅋㅋㅋㅋㅋㅋㅋㅋㅋㅋㅋ 세움 어디까지 떨어지는가...... 세-----------평 참고로 내 동아리는 날샘이다.,오량인 (211.230) 2026.03.17 00:49:51 스크랩 조회 560 추천 3 댓글 11,3,560,2026.03.17 00:49:51,https://gall.dcinside.com/mgallery/board/view/?id=daeshinhigh&no=14017&page=9
14018,[일반],공디 순회 홍보,오늘 석식시간때 저희반 순회 홍보 오셔서 들으니깐 그 회장? 인가 했던 분이 세움 욕을 엄청 하시던데 원래 공디랑 세움이랑 사이가 안좋나요?,오량인 (220.123) 2026.03.17 01:04:01 스크랩 조회 646 추천 13 댓글 4,13,646,2026.03.17 01:04:01,https://gall.dcinside.com/mgallery/board/view/?id=daeshinhigh&no=14018&page=9
14016,[일반],10인데 창업 동아리 어디 가야하나요..?,링크 창업부 순회 도실 때 좋아보였는데 괜찮나요..? 비컴어브랜드나 굿윌은요..?,오량인 (106.101) 2026.03.17 00:39:54 스크랩 조회 407 추천 2 댓글 7,2,407,2026.03.17 00:39:54,https://gall.dcinside.com/mgallery/board/view/?id=daeshinhigh&no=14016&page=9
14014,[일반],이번년도 신생 동아리 정리 (바이럴 X),"이번년도에 신생동아리가 많이 생겨 한번 정리해보겠음 1. 알레프 수학 과학 융합 동아리 YEEP 참가나 파이썬 같은 코딩, 창업 위주로 활동할 예정인듯. 그리고 수학 융합 동아리 답게 회장단이 수학을 좀 잘함. 진로가 관련있으면 써봐도 ㄱㅊ을듯. 담당쌤도 새로 오셔서 열정 넘치심 2. 솔루션 이름대로 과학 융합을 통해 세상에 해결되지 않은 문제들을 해결한다고 함. 자연과학, 공학으로 부서 나뉘어 있고 활동도 몇개 준비해 놓아서 활동도 나쁘지 않을 듯 3. 플레밍 새로 생긴 의공학쪽 동아리. 몇 없는 생명, 의공학 동아리라 뮤테이션 떨어진 학우들은 보험으로 쓰면 좋을 듯. 회장은 이번에 공학이고 쌤도 열정적이어서 생명이나 화학 공학에 관심있는 학생이면 충분히 매력적임. 이번에 열심히 하고 예산도 열심히 따와서 충분히 믿을 만할듯. - dc official App",GAIA 2026.03.17 00:20:53 스크랩 조회 790 추천 22 댓글 5,22,790,2026.03.17 00:20:53,https://gall.dcinside.com/mgallery/board/view/?id=daeshinhigh&no=14014&page=9
14015,[일반],이쯤되서 다시 봐야하는 대마갤의 아이돌.fact,"https://m.dcinside.com/board/daeshinhigh/11007 ""하아... 이번에도 또 분탕이야..? 정말 지겹지도 않나♡"" - 대전대신고 마이너 갤러리 마따끄...잠깐 갤질 좀 안 한 사이에또 다시 갤이 아주 씹창이 났잖아?""허.. 허억!!!""""도대체 누구지...?!""ㅋㅋㅋㅋㅋㅋㅋㅋㅋㅋㅋㅋㅋㅋㅋㅋㅋㅋㅋㅋㅋㅋㅋㅋㅋㅋㅋㅋㅋ(방관중)&q m.dcinside.com",오량인 (14.39) 2026.03.17 00:23:27 스크랩 조회 318 추천 9 댓글 3,9,318,2026.03.17 00:23:27,https://gall.dcinside.com/mgallery/board/view/?id=daeshinhigh&no=14015&page=9
14012,[일반],아직 동아리 2개밖에 못썼는데,파인더랑 엑트는 그냥 안 쓰는 게 나을까요? 기본적인 코딩은 알지만 될 지도 의문인데 그냥 중위 동아리나 안전빵 동아리 쓰는게 나은 거 같아서요 - dc official App,오량인 (1.245) 2026.03.17 00:12:14 스크랩 조회 305 추천 2 댓글 1,2,305,2026.03.17 00:12:14,https://gall.dcinside.com/mgallery/board/view/?id=daeshinhigh&no=14012&page=9
14011,[일반],건축,솔직히 실내디자인 쪽이면 무조건 공디임..!! 장비도 ㅈㄴ 빵빵함 근데 건축 공학이나 다른 계열의 건축은 다른 동아리 HW 쪽으로 가도 될 것 같음,오량인 (104.28) 2026.03.17 00:05:51 스크랩 조회 268 추천 0 댓글 3,0,268,2026.03.17 00:05:51,https://gall.dcinside.com/mgallery/board/view/?id=daeshinhigh&no=14011&page=9
14010,[일반],파딱 모집과 관련하여...,이쯤에서 내가 다시 등장할 차롄가...? - dc official App,El_Salvador 2026.03.16 23:58:28 스크랩 조회 532 추천 24 댓글 7,24,532,2026.03.16 23:58:28,https://gall.dcinside.com/mgallery/board/view/?id=daeshinhigh&no=14010&page=9
14009,[일반],회장단 떠나서,든든하신 엄장군 때문에 공디가 우세 맞음,오량인 (121.159) 2026.03.16 23:50:07 스크랩 조회 289 추천 3 댓글 2,3,289,2026.03.16 23:50:07,https://gall.dcinside.com/mgallery/board/view/?id=daeshinhigh&no=14009&page=9
14008,[일반],파딱 모집 공고,현재 주딱을 물려받으며 파딱이셨던 형님들이 자동으로 은퇴를 하신 상황입니다. 제가 혼자 디시를 관리하기에는 디시에 상시 대기하는 것이 아니기에 관리에 부족한 점이 있을 수 있다 판단했습니다. 그렇기에 파딱을 모집하려고 합니다. 그러나 제가 약 2년 동안 대신고 디시를 하고 1년 3개월 동안 대신고 고닉으로 활동하면서 최근 들어 관리자의 역량을 보여준 고닉을 보지는 못한 것 같습니다. 각자가 자신의 활동에 치중하긴 하였지만 누구든지간에 파딱으로 선임이 된다면 과연 디시를 참여하는 오량인분들의 불만이 나오지 않을까?가 제가 생각하는 핵심이었습니다. 그렇기에 유예기간을 두도록 하겠습니다. 정확히 중간고사(5.6 ~ 5.8)가 끝난 5월 달에 파딱을 모집하도록 하겠습니다. 그때까지 파딱이 되고 싶은 여러분들은 자신의 관리자로서의 역량을 보여주시면 감사하겠습니다. 파딱이 되고 싶은 모두들 기대하겠습니다.,Gorani 2026.03.16 23:35:19 스크랩 조회 355 추천 6 댓글 5,6,355,2026.03.16 23:35:19,https://gall.dcinside.com/mgallery/board/view/?id=daeshinhigh&no=14008&page=9
14007,[일반],늦은 인사,"3월 2일부로 주딱 위임을 받게 되었는데 요즘 바뻐서 디시 잘 못 들어왔다가 오늘에서야 인사드립니다. 안녕하세요 고라니입니다. 주딱으로서 첫 글을 작성하면서 제가 주딱일 시기의 포부를 밝히고 싶습니다. 저의 디시 모토는 간단합니다. “자유롭지만 적당히”입니다. 저는 여러분을 크게 억압하며 제약을 두고 싶지 않습니다. 하지만 선은 지켜주시길 바랍니다. 다수의 사람들이 볼 때의 상식의 선은 지켜주시길 바랍니다. 실명 거론, 과도하고 반복적인 타인 비방, 실제 사생활 공유 등 ”과하다“라 생각되는 글을 확실하게 자르도록 하겠습니다. 다들 지금 동아리 모집 시즌이라 디시가 상당히 불타고 있는데 깨끗한 글 작성 부탁드립니다. 다들 자유로운 디시 생활을 즐기시길 바라겠습니다. 이상 주딱 고라니였습니다.",Gorani 2026.03.16 23:34:40 스크랩 조회 328 추천 15 댓글 4,15,328,2026.03.16 23:34:40,https://gall.dcinside.com/mgallery/board/view/?id=daeshinhigh&no=14007&page=9
14003,[일반],여기가 굿윌 갤러리냐 ㅋㅋ,궁금하지도 않은 거 언급좀 작작ㅋㅋ,오량인 (183.107) 2026.03.16 21:53:26 스크랩 조회 293 추천 0 댓글 0,0,293,2026.03.16 21:53:26,https://gall.dcinside.com/mgallery/board/view/?id=daeshinhigh&no=14003&page=10
14004,[일반],1-3,통한의 3반 게이들은 개추 눌러라,오량인 (112.148) 2026.03.16 22:09:07 스크랩 조회 347 추천 8 댓글 1,8,347,2026.03.16 22:09:07,https://gall.dcinside.com/mgallery/board/view/?id=daeshinhigh&no=14004&page=10
14000,[일반],10들아 제발 좀,본인 동아리 임원진인데 동아리 지원서 좀 열심히 써라 4~5줄만 딸랑 써놓으면 너네 같으면 뽑고 싶겠냐 할 줄 아는 거 적어도 열심히 할 거라는 걸 어필하던지 지원서 개대충 써놓고 뽑아달라는 거는 양심 없는 거 아니냐,오량인 (14.50) 2026.03.16 20:50:15 스크랩 조회 430 추천 8 댓글 0,8,430,2026.03.16 20:50:15,https://gall.dcinside.com/mgallery/board/view/?id=daeshinhigh&no=14000&page=10
13997,[일반],굿윌,사이트 없는 동아리는 거르라고 하지 않았냐 지들도 사이트 ㅂㅅ처럼 만들어놨네,오량인 (104.28) 2026.03.16 14:45:58 스크랩 조회 333 추천 7 댓글 0,7,333,2026.03.16 14:45:58,https://gall.dcinside.com/mgallery/board/view/?id=daeshinhigh&no=13997&page=10
14001,[일반],2학년 머리긴 선배,너무 꼴리는데 어떡해요,오량인 (118.235) 2026.03.16 21:32:52 스크랩 조회 488 추천 1 댓글 1,1,488,2026.03.16 21:32:52,https://gall.dcinside.com/mgallery/board/view/?id=daeshinhigh&no=14001&page=10
14006,[일반],올해가 왜케 체계적이지 않다고 느끼지,동아리 일정 이렇게 짠거 일단 사과하자 ㅇㅇ 그리고 애들 계정도 안주고 동아리 신청을 한다? 추가로 수련회 갔다오고 1주일은 시간을 줘야하는거 아닌가 자기가 1년동안 있을 동아리고 세특이고 시간이고 경험인데 그걸 이틀만에 정하라고? 그리고 영상도 지금 시간 없어서 저퀄인데? 포스터도 제대로 기재도 안되고 솔직히 까놓고 말하면 이건 대마갤이 바이럴 돌리기 가장 좋은 거 아닌가 이러면 제발 일정 조정 좀 다시 생각해봤으면 좋겠음 그리고 CIP 1차 독서 참여 솔까 안하는데 그때 동아리 홍보나 돌죠?,ㅇㅇ (210.117) 2026.03.16 23:09:38 스크랩 조회 574 추천 22 댓글 2,22,574,2026.03.16 23:09:38,https://gall.dcinside.com/mgallery/board/view/?id=daeshinhigh&no=14006&page=10
13998,[일반],동아리 홍보 일처리,동아리 홍보 일처리 ㄹㅈㄷ네ㅋㅋㅋㅋㅋㅋㅋㅋㅋㅋㅋㅋㅋㅋㅋㅋㅋㅋ,오량인 (14.50) 2026.03.16 19:09:18 스크랩 조회 327 추천 8 댓글 1,8,327,2026.03.16 19:09:18,https://gall.dcinside.com/mgallery/board/view/?id=daeshinhigh&no=13998&page=10
13999,[일반],본인 작년 굿윌,얘들아 ㅈㅂ 굿윌가서 ㄱㅅㅎ 따까리 하지 말고 다른 좋은곳 더 찾아가라. 작년 지원 100 넘었다는거 개뻥카다. 작년 웹 만들고 지원자 수까지 다 실시간으로 확인했는데 50명도 넘길까 말까였다. 자존심만 높고 입만 털 줄 아는애 아래에서 뺑이치지말고 판단 잘 하길 바란다.,오량인 (221.145) 2026.03.16 20:30:57 스크랩 조회 356 추천 8 댓글 1,8,356,2026.03.16 20:30:57,https://gall.dcinside.com/mgallery/board/view/?id=daeshinhigh&no=13999&page=10
13995,[일반],동아리 자소서,동아리마다 다 다르게 써야 하나요?,오량인 (125.181) 2026.03.16 05:36:27 스크랩 조회 405 추천 0 댓글 2,0,405,2026.03.16 05:36:27,https://gall.dcinside.com/mgallery/board/view/?id=daeshinhigh&no=13995&page=10
13994,[일반],동아리,SNL어케됨? 모델로지아 어케됨? 싸이빌은 엄...20년 전통 무너졋.. 참고로 내 동아리는 날샘이다,오량인 (210.126) 2026.03.16 03:13:25 스크랩 조회 338 추천 0 댓글 0,0,338,2026.03.16 03:13:25,https://gall.dcinside.com/mgallery/board/view/?id=daeshinhigh&no=13994&page=10
13991,[일반],닥터 노의 미래,https://gall.dcinside.com/mgallery/board/view/?id=daeshinhigh&no=4490&s_type=search_subject_memo&s_keyword=%EB%8B%A5%ED%84%B0%20%EB%85%B8&page=1 닥터 노?는 들어라... - 대전대신고 마이너 갤러리 진로캠프에서 형철쌤이랑 선복쌤 만났는데 대뜸 나보고 닥터 노가 쓴 동아리 평가글을 왜 썼냐고 묻더라 선복쌤은 원프레스 안 망했다고 잘 하고 있다고 호소하고 형철쌤은 전대통령으로 그러는거 사회생활에 안 좋다..그러시더라 gall.dcinside.com,오량인 (58.224) 2026.03.16 01:39:02 스크랩 조회 443 추천 4 댓글 1,4,443,2026.03.16 01:39:02,https://gall.dcinside.com/mgallery/board/view/?id=daeshinhigh&no=13991&page=10
13993,[일반],굿윌 ㄹㅇ 개망했나보네,링크 작년에 폰애정신이니 뭐니 조리돌림 오지게 당하고 ㅎ실적도 애매했던거같은데 정리글보니까 굿윌 링크 같은 취급 받네,오량인 (125.138) 2026.03.16 02:15:59 스크랩 조회 477 추천 7 댓글 2,7,477,2026.03.16 02:15:59,https://gall.dcinside.com/mgallery/board/view/?id=daeshinhigh&no=13993&page=10
13992,[일반],동아리 순위(문이과 통합),"고트: 파인더,액트 이거 바꾸는 거는 ㅈㄴ 말이 안되고 맨 위 고정임. 회장단, 부원들 다 ㅈㄴ 좋음 굿: 스테>> 크리>= 날샘> 세움=캡슐, 뮤테> 원프=공디 크리랑 날샘은 버슷한데 내 생각엔 크리가 좀 더 좋고 세움하고 공디는 회장진에서 세움이 이긴다 생각함. 뮤테는 활동에서는 캡슐보다는 아래라고 생각하고 원프도 문과기준 좋다고 생각함. 낫배드: 굿윌, 링크, DCN, 풀컴, 비컴어브랜드, 클라우드 등등 이름은 알려지고 좀 유명한 동아리 굿윌은 바이럴 때문에 별로라는 이미지가 있는데 ㅈㄴ 내려치기 당할 정도는 아니라고 생각함 조트: 삼대 사이언스, 아트 앤 디자인 등등 삼대 사이언스랑 아트 앤 디자인 들어갈거면 걍 전학 ㄱㄱ(특히 퓨사) 이게 진짜 정배인듯",오량인 (1.245) 2026.03.16 02:09:07 스크랩 조회 863 추천 6 댓글 7,6,863,2026.03.16 02:09:07,https://gall.dcinside.com/mgallery/board/view/?id=daeshinhigh&no=13992&page=10
13987,[일반],지원하는 10들아,제발 학교 이메일로 지원해라 개인메일로 엑세스 권한 요청 그만보내,신입생도우미 2026.03.15 23:08:34 스크랩 조회 364 추천 7 댓글 0,7,364,2026.03.15 23:08:34,https://gall.dcinside.com/mgallery/board/view/?id=daeshinhigh&no=13987&page=10
13989,[일반],대신고 최고의 동아리,10들아 한땀이라고 들어봤냐. 여기 한 번씩 꼭 지원해라. 붙으면 무조건 가라. 감탄밖에 안나오는 동아리다. 참고로 내 동아리는 날샘이다,오량인 (210.126) 2026.03.16 00:05:07 스크랩 조회 460 추천 11 댓글 1,11,460,2026.03.16 00:05:07,https://gall.dcinside.com/mgallery/board/view/?id=daeshinhigh&no=13989&page=10
13990,[일반],닥터 노) 동아리 정리글.araboja,"ㅖㅏ 만나서 반갑노 오량 게 1 이 들아! 대신갤이 어지러워 지옥에서 올라온 닥터 노다. 요즘 파액스니 파액굿이니 12.3 계엄 수준으로 어지러워 내가 등판했다. 참고로 내 동아리는 날샘 이다. (날샘 특산물 봉하쌀) 그럼 각설하고 동아리를 araboja ㅖㅏ 1티어 명실상부 고1트 미국이 주도하는 파-액(KE) 파액이 주도하는 질서 , 그것 을 거부 하는 자는 모두 중국의 간첩 이거나 굿첩 이므로 즉결 심판 한다. 파액 질서를 거부하는 대성발 간첩.jpg (사망한 대성 간첩을 추모하는 머중 슨1상 ) 2티어 괘안타! 마! 중경외시의 스-날-크-공 우리 모두 바이럴과 디시 똥급 섭취로 잘 알려진 ""그"" 동아리들이다. 스테미너스(KE) (HW=SW > NS) 선생님: 고트 학생들: 중-상타치 작년실적: 상타치 동아라체급: 대기업 되기전 중견기업 아직 1티어 동아리 수준은 아니지만, 작년 실적만 보면 거의 전성기 사이빌을 방불케하는 수준이다. (1티어라고 하는 ㅄ들은 스첩) 확 올라갔다 확 내려가는 끊임없이 변화하는 동아리 질서속에 성장을 같이할 인재는 스테미너스로 날샘 (NS > HW) 선생님: 조1트 학생들: 상타치 작년실적: 중-상타치 동아리체급: 중공급 순수 재미 고트, 체급은 ㅈ되게 크나 유기하는 프로젝트가 69%인 중국같은 집단 스테디셀러인데는 이유가 있다 잠시 일제 침략 이 있었던 동아리지만, 고트 회복 예정 크리에이터(KE) (HW>SW) 선생님: 중-하타치 학생들: 중타치 작년실적: 중타치 동아리체급: 중견기업급 애매한 동아리 1위로 사실 개개인으로만 따지면 뭔가 있긴 한 동아리 이번 09에서 08밀어내고 예산 200 따왔을 뿐더러 (Ke)도 달았으니 HW 유망주라면 한 번 먹어볼만 한 동아리다. 공디(시티) 선생님: 고?트 학생들: 상타치 작년실적: 중-상타치 동아리체급: 애매하게 크다 선생님이 ㅇㅌㅎ인 집단이며 세움과 양대산맥을 이루는 건축계의 메시(우월)-호날두 여긴 말이 필요 없다! 건축 지망생이라면 무조건 넣1어야하는 동아리 1위! 3티어 마... 괘안타 인하아주의 클-도-법-캡-원 클라우드(SW > HW) 선생님: 개고트 학생들: 상타치 작년실적: 중타치 동아리체급: 애매하게 크다 2 파액 발사대라 불리며 여길 거치지 않은 추합자는 없다 수준 그냥 활동도 아주 뛰어난 동아리로, 자신이 선생님 지원을 받아 파액으로 가거나 남아서 업적을 이루어보겠다는 SW 지망생은 클라우드로 도일( 文 ) 선생님: 개고트 학생들: 중타치 작년실적: 중-하타치 동아리체급: 애매하게 작다 정치동아리 1위이며 회장과 부원들 간의 정치 성향이 달라 내전이 일어날뻔한 사건이 여러 세대를 따라 일어난 동아리 링크(구 법정)가 문이과 융합 동아리를 추구하는 바, 순수 문과 혹은, 외교관이 되고싶은자 도일로 링크(구 법정)(??? > 文 ) 선생님: 중타치 학생들: 중-상타치 작년실적: 중-하타치 동아리체급: 적당하다 이제는 뭔지 모를 융합체가 되어가는 링크(구 법정) 평은 좋으나 미래가 불확실한 동아리임을 확실하다. 나의 탄핵을 기각해줄 게이들과 문이과 융합 역량을 뽐낼 게이들은 법정으로 파액 질서를 거부하는 중공발 간첩2.jpg 캡슐(NS > HW = SW) 선생님: 상타치 학생들: 중타치 작년실적: 중타치 동아리체급: 애매하게 크다 만약 내신이 3후-4초(9등급제) / 2초(5등급제) 인데 생기부가 애매하다? 근데 NS다? 그럼 보통 캡슐 혹은 날샘이다.\ 난 화학이 좋다! 하면 딱! 캡슐로 원프레스(대신고 MBC) 선생님: 아무도 모름 학생들: 중타치 작년실적: 아무도 모름 동아리체급: 애매하게 작다 광주 MBC 수준의 친-대신 어용언론으로 매달 칼럼이 나오고는 있지만 아무도 읽지 않아 슈레딩거의 신문이라는 전설의 언론사다 내 꿈이 MBC 입사라면 무조건 들어가자! 4티어 마... 마.... 광명상가의 DCN-아-라-오-싱-세...... 하.... 부끄러운줄 알아야지! 게이야 이 글을 여기까지 읽었다는건 동아리 활동은 일단 ㅈ됐다는 증거다. 이 아래부터는 상세한 설명 없이 아주 빠르게 리스트 업만 진행해보겠다 DCN(조선일보) AMEN(SW) 오독토(뭔지 아무도 모름) 싱큘레리티(NS > HW = SW) 플컴(ㅇㅅㅁ 발표싸개) 삼대 사이언스(아무도 서로를 구분하지 못하여 담당 선생도 못알아본다는 ㅠㅜ) 교집합(수학) 인스파이어(문과는 미안하다) 미들(닉값) 뮤테이션(입결로만 따지면 1등인 자습동아리) 자 그리고... 알레프, 넥서스, 더휠즈, 플레밍, 알고(ALGO), 프론티어, 월드-브리프, 셋업, 한땀, 슈팅, 솔류션, 알파인-베스트, 아티팩스, 다이브, 위버멘쉬, 아로새김,  또래상담등 동아리는 정보가 절대적으로 부족하다. 여긴 닥터노 본인이 지옥에서 수소문해도 모르는 동아리들이다 길었노, ㅖㅏ 지금까지 모든 동아리를 알아봤으니 이제는 내 생가로 돌아가보겠다 하... 부엉이 바위에서 부엉이는 우흥하고 울그든요... ???: 훠훠 닥퉈 노...! 혹쉬 ""그 동아리들"" 에 대해서도 알고 있슙니까..... 우 리 들 등장 훠훠 대통령님... 이줴 다쉬 지옥으로 돌아가서 그 분 들 과 싸우쉽쇼! 참고로 내 동아리는 날샘 이다.",닥터 노 (121.125) 2026.03.16 00:48:23 스크랩 조회 2597 추천 67 댓글 37,67,2597,2026.03.16 00:48:23,https://gall.dcinside.com/mgallery/board/view/?id=daeshinhigh&no=13990&page=10
13986,[일반],선배님들 ㅈㅂ 도와주세요,동아리 들어가야되는데.....물리쪽이나 지구과학 항공 이런거 듣고싶은데......추천해주실곳있나요...?,오량인 (116.120) 2026.03.15 21:48:37 스크랩 조회 499 추천 0 댓글 10,0,499,2026.03.15 21:48:37,https://gall.dcinside.com/mgallery/board/view/?id=daeshinhigh&no=13986&page=10
13984,[일반],최고의 동아리는,캡슐이다,오량인 (211.230) 2026.03.15 19:32:15 스크랩 조회 399 추천 2 댓글 2,2,399,2026.03.15 19:32:15,https://gall.dcinside.com/mgallery/board/view/?id=daeshinhigh&no=13984&page=10
13983,[일반],선배님들,혹시 동아리 다 떨어지면 어떻게 되나요?.. - dc official App,오량인 (149.88) 2026.03.15 18:51:02 스크랩 조회 282 추천 0 댓글 3,0,282,2026.03.15 18:51:02,https://gall.dcinside.com/mgallery/board/view/?id=daeshinhigh&no=13983&page=10
13985,[일반],❗❗❗이과 동아리 정리❗❗❗,"기준: 회장단, 멤버, 담당t, 실적 (과거 실적보다는 작년과 현재 실적, 회장단, 담당t를 기준으로 정리하는 게 객관적일 것이라 생각해서 이렇게 정리해봄) 1티어(이과면 무조건 넣어라) 파인더 GOAT 동아리. 여기는 말할필요 없음. 일단 이과면 무조건 넣어봐 그리고 파인더면 활동만 한다는 인식이 있는데 여기 09 애들 전부 1점대일 정도로 열심히함 액트 파액스, 파액굿 등 파액X에 파인더와 항상 같이 언급되는 GOAT 동아리. 특히 담당쌤 ㄹㅇ 고트고 현재 회장 스펙이 09중에서 압도적임. 특히 전국 켄텍동아리중에서 우수 동아리로 선정됨. SW는 당연히 GOAT고 반도체나 에너지 관련 탐구 실적도 매우 우수함. 예산이 타 동아리들에 비해 압도적으로 많은 것도 장점. 원래 분과가 SW, HW, DS만 있었는데 이번에 RS(리서치) 부서 새로 만들어서 물리, 화학, 생명, 에너지 쪽 진로 가진 친구들도 ㅊㅊ 2티어(이과기준 들어가면 활동은 걱정없음) 스테미너스 담당쌤, 회장단 모두 좋음. 다들 열심히 하는 친구들이고, 생기부도 잘나오는듯 활동 실적도 좋고 이번에 KE동아리됨. 근데 SW보다는 HW ㅊㅊ 활동 역량이 부족해도 붙을 수 있는 동아리중에서는 제일 좋은듯 날샘 여기는 SW, HW보다는 NS 쪽에서 강세인 동아리임 담당쌤 열정적이셔서 활동 많이 함. 실적도 좋음. 메디컬 진로인 친구들한테도 여기 ㅊㅊ함 캡슐 개인적으로 좀 저평가된 동아리라고 생각함 담당쌤도 좋고 이번 09회장이 활동만 할 정도로 정말 열정적이고 열심히 함. 특히 이번년도에는 환경 분야 활동을 많이 할듯 NS 진로인 친구들한테 ㅊㅊ 3티어(나쁘지 않음) 크리에이터 디시에서 파액크 거리는 놈은 좀 나가라 2,3년 전 선배들을 보면 능력 있는 선배들도 많았지만, 지금은 좀 아쉬운 동아리 사실 HW 진로인 친구들이 많이 없음 그래서 SW 관련 활동 많이 할 예정인 것 같은데 최근 실적이 좀 아쉽고, 과장이 심한듯 그리고 여기 SW 한다는 친구들(회장포함) 언어 잘 못다루고 AI로 코딩함.. 그래도 이번에 KE 동아리 뽑혔고, 여기정도면 나쁘지 않다고 생각함. 비컴어브랜드 HW, 창업 관련해서 실적도 꽤 좋고, 이번에 KE 동아리로 선정됨 전 회장이랑 현 회장이 활동을 엄청 열심히 하고, 담당쌤도 좋음 디시에서 자꾸 저평가되는데, 점점 올라오고 있는 동아리라고 생각함 특히 외부대회 참가를 엄청 많이 하는 걸로 알고 있음. 활동에 집중하고 싶은 친구들에게 ㅊㅊ 4티어(3티어 못갔을 때 선택지) 아멘, 클라우드, 라이프니츠, 오독토, 프라임 여기 아래는 모름 --------------------------------------------------------------------------------- 번외) 메디컬 자습하고 싶으면 뮤테(근데 이번에 09들이 공부 잘하고 활동도 꽤 열심히하는듯) 활동 좀 하고싶으면 캡슐(애초에 화학실을 보유하고 있어서 활동 하기 좋은 환경임) 건축 세움>>>공디 대표적인 건축 동아리에는 공디, 세움이 있는데 09 회장단 기준으로 세움 >>> 공디 라고 생각함 이번 실적만 봐도 세움이 훨씬 좋고, 세움이 회장 부회장 모두 개고트임 지금까지의 실적만 보면 공디가 좀 더 좋다고 할 수 있겠지만 최근 실적과 회장단의 능력을 보면 압도적으로 세움이 좋음 솔직히, 지금 세움보다 공디 좋다고 하는 건 바이럴이니 속지마셈 플컴, 굿윌, link 같은 문이과 통합 동아리들(이과기준) 플컴>>>굿윌=link 플컴 친구들 능력이 엄청 좋음. 어떤 분야에서든 2티어 동아리들과 버금간다고 생각함 이번 회장단 친구들 스펙이랑 능력이 엄청 좋다고 들었음 굿윌이랑 link는 잘 모름 ❗❗정리❗❗ SW, HW 파인더, 액트, 스테미너스, 플컴 ㅊㅊ NS, 메디컬 파인더, 액트, 스테미너스, 날샘, 캡슐 ㅊㅊ 건축 세움, 공디 이과 동아리 지원서 쓸 때 팁 앞으로 동아리에 들어와서 하고 싶은 활동 계획 포트폴리오, 지금까지 했던 프로젝트 PPT같은거 준비해서 동아리 지원 폼에 파일로 제출하면 긍정적인 평가 받을 수 있으니 참고.",오량인 (104.28) 2026.03.15 21:19:24 스크랩 조회 1209 추천 23 댓글 12,23,1209,2026.03.15 21:19:24,https://gall.dcinside.com/mgallery/board/view/?id=daeshinhigh&no=13985&page=10
13982,[일반],동아리 신청 사이트 아시는 분 있나요??,다시 찾으려 하는데 안보이네요.. - dc official App,오량인 (1.245) 2026.03.15 18:36:47 스크랩 조회 226 추천 2 댓글 0,2,226,2026.03.15 18:36:47,https://gall.dcinside.com/mgallery/board/view/?id=daeshinhigh&no=13982&page=10
13980,[동아리],솔직히 싱귤,3대 사이언스급은 아니라고 본다. 이번 회장이 활동 열심히 주도하려고 하는듯. 중대형 동아리에서 스카웃도 좀 들어온 걸로 알고있고,오량인 (121.124) 2026.03.15 16:49:28 스크랩 조회 482 추천 7 댓글 4,7,482,2026.03.15 16:49:28,https://gall.dcinside.com/mgallery/board/view/?id=daeshinhigh&no=13980&page=10
13981,[일반],스테 동아리 바이럴 역겹노,밑글 긁어온건데 댓글 ㅈㄴ 작위적이고 너무 스템 바이럴 하려는 의도가 보인다 스테에 SW 잘한다는 새끼를 들어본적 없는데 너무 올려치기가 심한거 아니냐;; 10들한테 동아리 지원 많이 받고 09들 ㅈㄴ 자랑하면서 우쭐하고 싶은 마음은 알겠는데 오히려 디시에서 되지도 않는 바이럴 하는거 보면 다른 사람들 입장에선 눈쌀 찌푸려 짐 10들아 저딴 동아리 바이럴에 속지말고 스테 적당히 했으면 좋겠노,오량인 (211.235) 2026.03.15 18:30:56 스크랩 조회 617 추천 20 댓글 6,20,617,2026.03.15 18:30:56,https://gall.dcinside.com/mgallery/board/view/?id=daeshinhigh&no=13981&page=10
13979,[일반],동아리,동아리 인원모집이 안적혀있는곳을 보통 몇명정도인가요 그럼 1차에서는 몇명정도 통과시켜주시나요,오량인 (220.123) 2026.03.15 16:23:08 스크랩 조회 358 추천 0 댓글 7,0,358,2026.03.15 16:23:08,https://gall.dcinside.com/mgallery/board/view/?id=daeshinhigh&no=13979&page=10
13978,[일반],10 친구들아 나 09회장단인데,적어도 동아리에 들어오고 싶으면 5줄은 넘겨야하는건아니냐 3줄띡 적어놓고 1줄띡 적어놓고선 1차에서 통과시켜달라하는거임? 적어도 할줄아는게 없거나 그러면 길게 진심을 담아서 쓰던가 노력한티라도 좀 내면 좋겠다 이미 제출한 친구들중에 이 글을읽고 자신이 해당된다고 생각하면 글 수정을 하거나 아니면 다른 동아리는 진심을 담아서 지원을해라 회장진끼리 얘기해서 잘하는놈아니면 5줄이하인 애들은 읽어보니 진심이 느껴지지도 않아서 다 거르기로 했으니까 다른 동아리는 그렇게 안적었으면 좋겠다 하 라떼는 중학교때했던 탐구보고서 5장짜리내고 지원 동기만 1000자를 썼는데...쩝 참고로 내 동아리는 날샘이다,오량인 (104.28) 2026.03.15 16:11:20 스크랩 조회 475 추천 5 댓글 4,5,475,2026.03.15 16:11:20,https://gall.dcinside.com/mgallery/board/view/?id=daeshinhigh&no=13978&page=10
13977,[일반],솔직히 크리는 HW도 아님,"걍 뭐랄까 많이 모였는데, HW가 많으니까 HW하는 느낌임 크리 자체가 약간 존나 느슨한 동아리인 듯 옆 동아리실이라 맨날 놀러가는데 선배님들은 각자 자기 할 거 하고 있음 ㅋㅋㅋ 뭘 하긴 하나 싶다가도 뭘 하긴 하니까 그건 그것대로 웃김",오량인 (175.203) 2026.03.15 15:46:11 스크랩 조회 498 추천 14 댓글 6,14,498,2026.03.15 15:46:11,https://gall.dcinside.com/mgallery/board/view/?id=daeshinhigh&no=13977&page=10
13975,[일반],와.. 이거 실화냐,"미국은 어디있지?"" ""북위 24-48, 경도 67-125도, 북아메리카에."" ""대한민국은?"" ""동경 127도, 북위 37도, 동북아시아에."" ""호날두는-"" ""여기, 내 심장에.""",오량인 (123.215) 2026.03.15 15:18:46 스크랩 조회 261 추천 3 댓글 0,3,261,2026.03.15 15:18:46,https://gall.dcinside.com/mgallery/board/view/?id=daeshinhigh&no=13975&page=10
13976,[일반],ㄷH박!!,[Web발신] 너는나를존중해야한다나는발롱도르5개와수많은개인트로피를들어올렸으며2016유로에서포르투갈을이끌고우승을차지했고동시에A매치역대최다득점자이다또한챔스역대최다득점자이자5번이나우승을차지한레알마드리드의상징이다또한36세의나이에도프리미어리그에서18골을기록하고챔스에서5경기연속골을기록하며내가세계최고임을증명해냈다은혜를모르는맨유보드진과팬들은내가맨유의골칫덩이라며쫓아냈지만내가세계최고이고내가팀보다위대하다는사실은바뀌지않는다내가사우디에간이유는메시에대한자격지심이아니라유럽에서이룰수있는모든것을이루었기에아시아를정복하기위해간것이지단지돈을위해서간것이아니다,오량인 (123.215) 2026.03.15 15:19:33 스크랩 조회 325 추천 6 댓글 0,6,325,2026.03.15 15:19:33,https://gall.dcinside.com/mgallery/board/view/?id=daeshinhigh&no=13976&page=10
13974,[일반],이거뭐임??,크 리스티아누 호날두와 리오넬 메시가 스치듯 내 심장에 들어왔다 티가 났으려나? 아 무도 모를 거라 생각했는데 누군가는 날 욕할지도 모르겠다 호날두를 좀 더 사랑하는 날 이해 못할 사람들이 많겠지만 두근 거리는 내 심장은 그에게만 향하는 걸 호날두는 쿨톤임 원톤임? 아니면 내 인생을 계속 이끌어줄 바톤임? 아니면 평생 닦아내지 못한 침샘 1톤임? 아니면 내인생의 달달한 메가톤임? 아니면 내가 평생완주하지 못할 사랑의 마 라톤임? 아니면 평생 보지 못할 플랑크톤임? 아니면 내 인생에 뛰어든 행복777톤임? Siuuuuuuuuuuuu,오량인 (123.215) 2026.03.15 15:16:36 스크랩 조회 269 추천 3 댓글 0,3,269,2026.03.15 15:16:36,https://gall.dcinside.com/mgallery/board/view/?id=daeshinhigh&no=13974&page=10
13973,[일반],대신고에서 서강대 정도 가면,애들 어떤 반응임? 걍 일반고에서 건국대 갔을 때 바이브랑 비슷할라나,오량인 (118.235) 2026.03.15 14:02:01 스크랩 조회 549 추천 3 댓글 2,3,549,2026.03.15 14:02:01,https://gall.dcinside.com/mgallery/board/view/?id=daeshinhigh&no=13973&page=10
13972,[일반],Sw 노베,파이썬같은 거도 모르고 아예 코딩 노베인 사람이 들어갈 수 있는 괜찮은 동아리가 뭐가 있을까요. Sw쪽입니다,오량인 (125.181) 2026.03.15 14:00:20 스크랩 조회 305 추천 2 댓글 8,2,305,2026.03.15 14:00:20,https://gall.dcinside.com/mgallery/board/view/?id=daeshinhigh&no=13972&page=10
13971,[일반],아니 노션,"언제뿌리냐, 일 안함?",오량인 (211.235) 2026.03.15 12:48:21 스크랩 조회 229 추천 4 댓글 0,4,229,2026.03.15 12:48:21,https://gall.dcinside.com/mgallery/board/view/?id=daeshinhigh&no=13971&page=10
13970,[정보],얘들아 이런 글 쓸때는,"글 뒤에 ""내 동아리는 날샘이다"" 붙이면 됨ㅇㅇ 약간 뻘소리 써놓고 밑에 호날두짤 달아서 호날두 팬들 평균 떨어뜨리는 거랑 같은 맥락인데 예전부터 존재했던 대신고의 전통이자 밈이니까 자주 써먹어주길 바란다 참고로 내 동아리는 날샘이다 - dc official App",오량인 (183.107) 2026.03.15 12:46:56 스크랩 조회 366 추천 4 댓글 2,4,366,2026.03.15 12:46:56,https://gall.dcinside.com/mgallery/board/view/?id=daeshinhigh&no=13970&page=10
13969,[동아리],동아리마다 지원동기 완전다르게 해야하나요?,장점이라든가 내용들이요 - dc official App,오량인 (121.153) 2026.03.15 11:15:43 스크랩 조회 262 추천 0 댓글 3,0,262,2026.03.15 11:15:43,https://gall.dcinside.com/mgallery/board/view/?id=daeshinhigh&no=13969&page=10
13968,[질문],하드웨어 동아리지원,관련프로그램을 안다뤄봤는데 없다그러면 서류광탈인가요 - dc official App,오량인 (121.153) 2026.03.15 11:05:38 스크랩 조회 261 추천 0 댓글 3,0,261,2026.03.15 11:05:38,https://gall.dcinside.com/mgallery/board/view/?id=daeshinhigh&no=13968&page=10
13965,[일반],굿윌 욕먹는거랑은 별개로 힘이 많이 빠진건 맞지 않냐,왜 욕먹는지는 잘 모르겠는데 굿윌 이번에 홍보 영상영상 못올리고 포스터 디자인도 파액 비하면 캔바에서 급하게 만든거 같은데 이제 파액이랑 비교하기에는 무리가 있는듯 파액 애들도 무시하는 분위기임,오량인 (58.228) 2026.03.15 02:50:03 스크랩 조회 395 추천 14 댓글 1,14,395,2026.03.15 02:50:03,https://gall.dcinside.com/mgallery/board/view/?id=daeshinhigh&no=13965&page=10
13967,[일반],오만추 최고 아웃풋이,연대 의대라는데 맞냐? 예전에 어디서 들은것 같은데,ㅇㅇ 2026.03.15 10:52:40 스크랩 조회 279 추천 1 댓글 2,1,279,2026.03.15 10:52:40,https://gall.dcinside.com/mgallery/board/view/?id=daeshinhigh&no=13967&page=10
13963,[일반],다이브,다이브가 국제교류 동아리라고 하는데 해외로 직접 나가기도 하나요?,오량인 (149.36) 2026.03.15 02:19:12 스크랩 조회 257 추천 6 댓글 3,6,257,2026.03.15 02:19:12,https://gall.dcinside.com/mgallery/board/view/?id=daeshinhigh&no=13963&page=10
13962,[동아리],저 10인데,통계랑 데이터 쪽이면 라이프니츠가 최선인가요?,오량인 (221.158) 2026.03.15 02:04:49 스크랩 조회 306 추천 4 댓글 3,4,306,2026.03.15 02:04:49,https://gall.dcinside.com/mgallery/board/view/?id=daeshinhigh&no=13962&page=10
13960,[일반],마음이 다급한 10을 위한 동아리 정리,"밑 내용 전에 주의사항 (해당 글은 절대 동아리 비하 및 비난 목적이 아님, 순수 신입생들을 위한 정보 제공), (불편한 내용 있으면 삭제 예정) ""좋은 동아리 간다고 잘한다"" ""안좋은 동아리 간다고 망했다 "" 만약 위 생각을 가진 친구라면 생각부터 고쳐먹어라 동아리는 언제나 환경일 뿐, 그 환경은 너네가 혼자서도 충분히 개선시킬 수 있다. (아님 말고... ㅋㅋ) [이과] 파인더 뭐 다른 글에서 보든 둔산동 학원에서 듣는, 어짜피 다들 쓸거 같으니까 패스 액트 sw면에선 파인더와 동급, 아니면 넘었을 수도 있음. sw로 3년 내내 밀게 확실한 친구들은 추천, hw는 인원이 적어져서 힘들어하는 거 같음, 근데 절대 무너질 일이 없으니까, 지원 필수 굿윌 최근 언급이 많아진 동아리, 모든 동아리는 암흑기를 겪기 때문에 오히려 올해 얼마나 회복할지 궁금한 동아리, 디시 글 읽고 무시하지말고 왠만하면 지원해라 크리에이터 난 여기 잘모름,,,, ㅈㅅ,,,,,, 안좋은게 아니라 진짜 몰라서 그래 댓글로 누가 도와줘,,,, 여기도 켄텍 달긴함 스테미너스 (KE) 즉, 켄텍 동아리 타이틀을 달게됨, 자연과학 분야 친구들은 추천, 나름 sw, hw도 있어서 활동 다양화 및 심화도 노려볼만함 링크 (전 법애정신) 지도교사 선생님이 내 기준 고트임, 작년에 교내 활동에서 눈에 띄는 친구들을 이번에 문이과 통합하는 과정에서 많이 데려감. 선배 인원이 많아져서 창업경진대회와 같이 단체로 나가는 대회 전망이 좋을 것 같음. 추천 날샘 대신고에 생명과학은 여기가 거의 유일, 운영도 잘됨, 단 걱정은 주요 활동이 스마트팜인데 이젠 너무 흔해진 생기부 주제가 될수도 있다 생각함. 알아서 판단 라이프니츠 통계, 데이터사이언스에 강한 동아리, 자기가 이과인데 진로가 잘안잡혔다면 여기 들어가서 여러 통계 분석하다가 진로 생기면 그 진로에 관한 통계 분석하면 됨, 이과 중에선 진로 폭이 넓을 수 있다 생각함 뮤테이션 의치한약수 노리고 모고 올1 뜨면 여기가라, ㅇㅇ 공부 못하는데 들어가면 활동 망할 수 있음 캡슐 화학 관련 진로는 ㄱㄱ, 나름 좋은 동아리 클라우드 지도교사 선생님이 학년 전체 코딩 교육 주도적으로 하심, 따라서 행특 밑 동아리 생기부 퀄리티 좋을 수 있음. 코딩 못하는 친구도 들어가면 코딩에 재능을 찾게 될 수 있는 동아리 공간디자인 건축에 관한 동아리 1등. 파인더와 메이커실에서 불편한 동거를 하는 동아리, 09 들어오고 여러 활동 잘 진행함, 디자인 활동이랑 책장 같은 것도 만들며 행동력도 좋음. 싸이빌 아주 먼 옛날 파인더격, 싸이빌 1대 지도교사가 대신고 ㄹㅈㄷ임. 올해 켄텍 달고 전망이 좋을 듯함. [문과] 굿윌 위 이과에서 확인 링크(법애정신) 위 이과에서 확인 원프레스 대신고 내에선 활동력이 많이 보여지는 동아리, 신문 제작, 잡지 제작, 나름 문과에선 높은 포지션 오량독서토론부, 오독토 독서의 밤 운영하는 곳, 독서 활동 좋아함. 닉값 제대로! (올해는 치킨 분배 잘하길) 다이브 내 개인 의견으론 문과 동아리 중 희귀한 생기부를 쓸 수 있는 좋은 동아리, 국제교류 및 영어에 관심이 많으면 무조건 추천 DCN 흔히 일반고에서 부르는 방송부 느낌임 패스 파인더 생기부 면에선 문과 파인더라고 부를 수 있을 만큼 좋음 (참고로 패파가 파인더보다 먼저 파인더 이름을 썼다나?) 상경이면 무조건 추천, 09 회장도 나름 야무짐 도일 모의 유엔 포스터 걸려있는 거 몇번 봄, 계속 걸리는 거 보면 나름 잘 운영하는 듯.추천 교집합 시대상의 흐름으론 멸종위기종인 교육 동아리, 근데 유지가 되고 나름 잘 운영됨, 교사 목표 친구들은 무조건 추천. 09 회장 야무짐",신입생도우미 2026.03.15 01:52:50 스크랩 조회 957 추천 14 댓글 7,14,957,2026.03.15 01:52:50,https://gall.dcinside.com/mgallery/board/view/?id=daeshinhigh&no=13960&page=10
13958,[동아리],모두 다이브에 합류하라,ㅇㅇ,오량인 (221.158) 2026.03.15 01:31:38 스크랩 조회 238 추천 5 댓글 1,5,238,2026.03.15 01:31:38,https://gall.dcinside.com/mgallery/board/view/?id=daeshinhigh&no=13958&page=10
13957,[일반],10인데 오만추 여기는 뭐하는 곳인가요? 들어가면 학교생활 끝나나요?,1,ㅌㅌㄹㄹ 2026.03.15 01:19:44 스크랩 조회 296 추천 0 댓글 7,0,296,2026.03.15 01:19:44,https://gall.dcinside.com/mgallery/board/view/?id=daeshinhigh&no=13957&page=10
13956,[정보],동아리 고민하는 10들,"지금 동아리 지원을 어떻게 해야할 지 고민하는데 진정성 있게 내가 뭘 하려고 하는가부터 생각하고 작성해보셈 솔직히 동아리 다 떨어져도 대학 가는데 지장있는거 아님 내 이야기 좀 들려주자면 동아리 지원할 때 액트, 파인더, 크리, 날쌤, 아멘, 패파(이과 있길래 지원함), 클라우드 이렇게 지원했었음. 그래서 크리, 클라우드만 면접 붙었고 나머지는 다 떨여졌는데, 어떻게 하지 ㅈㄴ 고민했음 크리 면접은 유니티로 겜 만들고 했던거 어떻게 만들었는지 어떻게 배운지 물어봤었음 근데 뭔가 내 역량이 많이 부족해보였는지 크리 면접 떨어져서 클라우드 감 클라우드는 그때 2학년이 없어서 쌤이랑 얘기했는데, 면접은 별거 없었음 ㅇㅇ 그 뒤로 학교에서 지원하는 행사 대부분 참여하고, 반딧불이에서 ㅅㅅㄱ 선배한테 경사하강법 배우면서 탐구 공부 시작하고, 액트, 파인더 SW 애들이랑 친해져서 대회 같이나가고 자율동아리 만들어서 활동했음 그랬더니 12월 말 1월초에 액트, 파인더에서 추가모집 했었는데 파인더 추가모집 하고, 액트에서 추가모집 했었는데 파인더 합격하고 액트도 합격해서 파인더에서 잠깐 있다가 액트 가서 열심히 살고 있음 결론은 동아리 다 떨어져도 자기만 ㅈㄴ 열심히 한다면 뭐든 다 할 수 있고 자기 노력한 만큼 결과가 나온다는 거임 10애들 동아리 지원 열심히 하고 다 떨어져서 낙담하지 말고 대신고 생활 열심히 해라 물어볼거나 질문할거 있으면 적극적으로 물어보도록 하셈 카톡 오픈프로필로 질문하고 싶으면 내 갤로그 들어와서 질문하셈",CloudR 2026.03.15 00:51:43 스크랩 조회 394 추천 5 댓글 4,5,394,2026.03.15 00:51:43,https://gall.dcinside.com/mgallery/board/view/?id=daeshinhigh&no=13956&page=10
13955,[일반],스테미너스,여기 2024년에 동아리 최우수상이라던데 최우수상이면 몇등인건가요?? 그리고 스템은 2025년 동아리상은 왜 없죠??,오량인 (104.28) 2026.03.15 00:51:24 스크랩 조회 366 추천 1 댓글 15,1,366,2026.03.15 00:51:24,https://gall.dcinside.com/mgallery/board/view/?id=daeshinhigh&no=13955&page=10
13954,[일반],요즘 DC 동아리 관련 글 특,"요즘 DC글 보면 동아리 이야기 나올때 꼭 맨날 까이는 동아리가 있음,  바로 굿윌인데, 옛날에는 파엑굿이라고 불리는 괜찮은 시기가 있었는데 요즘 들어 심하게 욕을 먹고 DC 동아리 관련 내용의 50% 이상이 거의 다 굿윌 욕임. 솔직히 작년에 이야기 많이 나오고 논란 좀 있었던 것들을 개개인의 입장 차이가 있다고 보지만 이제 09 굿윌 애들이 주축으로 열심히 활동 준비하고 다시 민심 회복하려고 노력하고 있는데 그것도 모르고 굿윌이라는 동아리 자체를 욕하고 있는 애들이 존나 한심함... 솔직히 내가 다른 동아리 소속이지만 DC에서 지난 일 가지고 그 이후에 동아리 들어와서  열심히 노력하는 애들까지 피해보도록 욕하는 상황이 이해가 안 간다. 진짜 불만 있으면 굿윌 애들한테 대면으로 이야기해라. 익명성 뒤에 숨어서 이야기 하는 한심한 놈들아, 얼마나 심하면 선생님이 09 애들한테 너무 심한 저격이나 욕을 하지말라고 백암관에서 이야기까지 하겠냐. 제발 다른 동아리 욕 좀 그만하고 너희들 인생이나 열심히 살아라. 그리고 새로 들어오는 10 신입들한테 당부하자면 DC글 때문에 잘 모르는 동아리들 욕하지 좀 마라. 아무것도 모르고 다른 사람이 욕한다고 해서 따라는 하는 행동이 제일 ㅂㅅ같은 짓이다.",오량인 (112.149) 2026.03.15 00:36:33 스크랩 조회 540 추천 14 댓글 17,14,540,2026.03.15 00:36:33,https://gall.dcinside.com/mgallery/board/view/?id=daeshinhigh&no=13954&page=10
13953,[일반],동아리 지원서 때매 밤새 힘든,"10들에게, 물어봐 괜히 입학 초부터 6떨 경험하지 말고 참고로 난 어떤 동아리 어떤 역할임 니들이 모를만한 동아리는 아니니 믿어보삼",신입생도우미 2026.03.15 00:13:15 스크랩 조회 323 추천 1 댓글 10,1,323,2026.03.15 00:13:15,https://gall.dcinside.com/mgallery/board/view/?id=daeshinhigh&no=13953&page=10
13952,[일반],얘들아 소프트웨어 지원좀해라,존나빈집이노ㅋㅋ,오량인 (211.230) 2026.03.15 00:09:25 스크랩 조회 224 추천 0 댓글 3,0,224,2026.03.15 00:09:25,https://gall.dcinside.com/mgallery/board/view/?id=daeshinhigh&no=13952&page=10
13951,[일반],동아리 지원서 질문,동아리 지원서 작성중인데 길고 정성스럽게 작성하면 좋다고 하시는것 같은데... 한 문항당 어느정도 글자 수인지 알 수 있을까요?,오량인 (121.183) 2026.03.14 23:58:23 스크랩 조회 195 추천 0 댓글 3,0,195,2026.03.14 23:58:23,https://gall.dcinside.com/mgallery/board/view/?id=daeshinhigh&no=13951&page=10
13950,[일반],문과면 이거봐라,동아리에 고민인 10 문과 친구들에게 - 대전대신고 마이너 갤러리 시작하기에 앞서 본인은 09 문과임.나도 학기 시작하면서 이과 동아리에 비해 수가 매우 적은 문과 동아리에 대해서 많은 고민을 했던 기억이 있음. 그래서 올해 들어오는 신입생 친구들이 조금이라도 도움이 됐으면 해서 글 gall.dcinside.com https://gall.dcinside.com/mgallery/board/view/?id=daeshinhigh&no=13862&page=2,오량인 (220.123) 2026.03.14 23:52:33 스크랩 조회 214 추천 2 댓글 0,2,214,2026.03.14 23:52:33,https://gall.dcinside.com/mgallery/board/view/?id=daeshinhigh&no=13950&page=10
13949,[일반],10인데,또래상담 어떰 - dc official App,오량인 (106.101) 2026.03.14 23:44:12 스크랩 조회 186 추천 1 댓글 2,1,186,2026.03.14 23:44:12,https://gall.dcinside.com/mgallery/board/view/?id=daeshinhigh&no=13949&page=10
13943,[일반],문과 동아리,안녕하세요 54기 신입생입니다. 제가 문과쪽 동아리에 지원하려 하는데 경영/경제 쪽 문과 동아리 추천 부탁드립니다. 경영 경제 아니여도 추천해주시면 감사하겠습니다. 아 그리고 동아리 지원 개수는 제한이 없는ㄴ건가요?,오량인 (125.191) 2026.03.14 20:22:21 스크랩 조회 236 추천 0 댓글 2,0,236,2026.03.14 20:22:21,https://gall.dcinside.com/mgallery/board/view/?id=daeshinhigh&no=13943&page=11
13942,[동아리],동아리 지원하는거 개수 제한이 없나요?,- dc official App,오량인 (223.39) 2026.03.14 19:52:51 스크랩 조회 226 추천 0 댓글 3,0,226,2026.03.14 19:52:51,https://gall.dcinside.com/mgallery/board/view/?id=daeshinhigh&no=13942&page=11
13948,[일반],10인데 다이브 어떤가요?,"상경계열 희망하고 있습니다. 다이브가 문과 동아리인건 알고 있는데, 상경으로서 괜찮을까요?",맹꽁이가살아요 2026.03.14 22:45:52 스크랩 조회 295 추천 7 댓글 7,7,295,2026.03.14 22:45:52,https://gall.dcinside.com/mgallery/board/view/?id=daeshinhigh&no=13948&page=11
13944,[일반],얘들아 활동대충해라,07인데 올해는 꼭 대학가고싶다ㅅㅂ,ㅇㅇ (211.235) 2026.03.14 20:57:34 스크랩 조회 313 추천 0 댓글 4,0,313,2026.03.14 20:57:34,https://gall.dcinside.com/mgallery/board/view/?id=daeshinhigh&no=13944&page=11
13947,[일반],파액굿/파액스 정리,"우선 본인은 파액 둘 중 하나 소속이다. 소신발언하자면 애새끼들 실력 다 거기서 거기다. 물론 잘하는 애들도 있긴한데 극소수고, 디시에서 말하는 것처럼 스테가 핀더랑 격차가 ㅈㄴ 크다거나 그렇지 않다. 상 많이 받는다고 실력있고 좋은 동아리는 아니라고 생각하고, 굿윌이 ㅈㄴ 까이는걸 볼 수 있는데 08 회장의 ㄹㅈㄷ 폐급짓때문에 이미지 나락가고 주요인원 빠진건 맞는데 그래서 09가 ㅂㅅ이냐?라고 하면 딱히 아니라고 생각한다. 그래서 파액스인가요 파액굿인가요 한다면 이과동아리로는 스가 이긴것 같긴하다 결론: 동아리는 다 써보고 꼴리는곳 ㄱㄱ",오량인 (223.39) 2026.03.14 22:38:14 스크랩 조회 299 추천 7 댓글 3,7,299,2026.03.14 22:38:14,https://gall.dcinside.com/mgallery/board/view/?id=daeshinhigh&no=13947&page=11
13941,[일반],굴다리에 락카 원래 있었음?,처음 보는데,오량인 (106.101) 2026.03.14 13:55:28 스크랩 조회 272 추천 3 댓글 3,3,272,2026.03.14 13:55:28,https://gall.dcinside.com/mgallery/board/view/?id=daeshinhigh&no=13941&page=11
13946,[일반],디시글 수위 관리해야하지 않음?,"https://gall.dcinside.com/mgallery/board/view/?id=daeshinhigh&no=12086&exception_mode=notice&page=1 대신고 마이너 갤러리 글삭 규칙 개정판 - 대전대신고 마이너 갤러리 &lt;대마갤 게시글 및 댓글에 대한 삭제 기준 공지&gt;  - 대전대신고 마이너 갤러리이전 주딱(daeshin771)님의 부재로 인해, 오늘 부로 새 주딱을 맡게 된 ㅇㅇ입니다.최근 들어 많이 잠잠 gall.dcinside.com 지금 특정인물이 명예훼손 수준으로 열람주의 탭도 안쓰고 욕먹는 것 같은데 점점 과열 되는 거 보여서 공지나 글삭 한번 해야할 듯 완장 좀 뽑고 슬슬 관리 들 어 가 야 할 듯 안그럼 제2의 대마갤 폭파가 이루어 질 것 같아 두렵다....",비큐 2026.03.14 22:34:18 스크랩 조회 409 추천 10 댓글 1,10,409,2026.03.14 22:34:18,https://gall.dcinside.com/mgallery/board/view/?id=daeshinhigh&no=13946&page=11
13945,[일반],오만추,들어가기 어렵노 ㅜㅜ,오량인 (123.215) 2026.03.14 21:33:16 스크랩 조회 207 추천 1 댓글 2,1,207,2026.03.14 21:33:16,https://gall.dcinside.com/mgallery/board/view/?id=daeshinhigh&no=13945&page=11
13938,[일반],3대 사이언스,회장 각각 누구임?,오량인 (116.125) 2026.03.14 12:00:00 스크랩 조회 313 추천 2 댓글 2,2,313,2026.03.14 12:00:00,https://gall.dcinside.com/mgallery/board/view/?id=daeshinhigh&no=13938&page=11
13937,[일반],10동아리,"안녕하십니까 선배님들, 이번에 입학한 54기입니다 현재 진로는 sw쪽으로 정하긴했는데 아직 c언어같은건 아무것도 모르는 개노베고 파이썬도 방학때 조금씩 해보긴했는데 아직 잘 모르는 노베여서그런데 이렇게 노베인 애들도 뽑아주시나요.? 가서 열심히 할 열정은 매우 있습니다 액트랑 크리랑 스템생각하고있습니다..",오량인 (1.245) 2026.03.14 11:45:07 스크랩 조회 381 추천 4 댓글 8,4,381,2026.03.14 11:45:07,https://gall.dcinside.com/mgallery/board/view/?id=daeshinhigh&no=13937&page=11
13936,[질문],10인데 대회 질문잇어요,한사챌이라는 대회가 담주 화요일날 무슨 강의한다 그랬던거 같은데 이 대회가 혹시 얼마나 큰건지 알수 있을까요? 그리고 저희 학교에서 수상하신분은 누구누구 있나요 그분들이 와서 강의해주시는 건가요? 핑프라 죄송합니다ㅠㅠ,오량인 (106.101) 2026.03.14 10:58:32 스크랩 조회 535 추천 0 댓글 13,0,535,2026.03.14 10:58:32,https://gall.dcinside.com/mgallery/board/view/?id=daeshinhigh&no=13936&page=11
13935,[일반],10들아 읽어라,"동아리 지원 3월 17일까지고 https://2026dongari.notion.site/?v=ce1f4a157ead41b38cfd7753bab4fa3b 이 노션 링크에 동아리 포스터들 있고 포스터 내에 신청 QR 있고 노션에 있는 영상 링크는 작년 꺼니까 대신고 유튜브 들어가서 홍보 영상 보고 월, 화에 임원진들이 1학년 반 들어가서 홍보도 할거고 자소서는 무조건 길고 꼼꼼히, 진로 자세히, 탐구 역량, 공동체 역량 중요하다",IK (121.159) 2026.03.14 03:01:27 스크랩 조회 572 추천 16 댓글 0,16,572,2026.03.14 03:01:27,https://gall.dcinside.com/mgallery/board/view/?id=daeshinhigh&no=13935&page=11
13933,[일반],작년 지원자 1등 어디였지,날샘이랑 스테가 좀 많았는데,오량인 (211.246) 2026.03.14 01:29:58 스크랩 조회 345 추천 0 댓글 3,0,345,2026.03.14 01:29:58,https://gall.dcinside.com/mgallery/board/view/?id=daeshinhigh&no=13933&page=11
13934,[일반],뮤테이션 모집 13일까지던데 끝났나요ㅜㅜ,수련회 다녀와서 정신차리고 보니 13일마감이네요. 지원 못하나요?,오량인 (58.77) 2026.03.14 01:56:10 스크랩 조회 324 추천 0 댓글 2,0,324,2026.03.14 01:56:10,https://gall.dcinside.com/mgallery/board/view/?id=daeshinhigh&no=13934&page=11
13932,[일반],동아리 지원기간,3월 17일까지야 (다음주 화요일) 일정 바뀐걸 학생회가 공지안함;;;;;;,오량인 (123.215) 2026.03.14 01:21:15 스크랩 조회 354 추천 3 댓글 3,3,354,2026.03.14 01:21:15,https://gall.dcinside.com/mgallery/board/view/?id=daeshinhigh&no=13932&page=11
13931,[일반],내년엔 좀,"https://youtu.be/MJnZ_scpkOI?si=UjCkg5-uQzlVp635 [동아리홍보] CAPSULE : 미친 선배들과 함께하는 활동하기 좋은 동아리 캡슐에서 다양한 활동을 심도있게! 1. 분야별 진로/내신 상담과 이에 따른 심화 활동 기획   진행!(선배의 가이드와 적극적인 도움!)2. 카카오톡과 디스코드를 병행하여 차별화된 소통 접근성!(디스코드에서 아이디어와 피드백, 회의를 즉각적으로 진행)3. 동아리 원의 모든 진로를 존... youtu.be https://youtu.be/lP8O6N3Z55I?si=7zEAg1EnygJWG9IV [2024 동아리 홍보] 24년도 크리에이터 홍보영상 | Creator - 「Bling-Bang-Bang-Born」 YouTube에서 마음에 드는 동영상과 음악을 감상하고, 직접 만든 콘텐츠를 업로드하여 친구, 가족뿐 아니라 전 세계 사람들과 콘텐츠를 공유할 수 있습니다. youtu.be 이런 감성 좀 다시 보면안되나 이번엔 죄다 캡컷이네ㅠ - dc official App",오량인 (121.159) 2026.03.14 00:16:03 스크랩 조회 291 추천 6 댓글 1,6,291,2026.03.14 00:16:03,https://gall.dcinside.com/mgallery/board/view/?id=daeshinhigh&no=13931&page=11
13930,[일반],10인데 왜 파액굿 파액굿 하는건가요?,세움이 제일 좋아보이던데.. 세움 액트 스테 세액스 아닌가요?,오량인 (106.101) 2026.03.13 22:25:35 스크랩 조회 570 추천 26 댓글 6,26,570,2026.03.13 22:25:35,https://gall.dcinside.com/mgallery/board/view/?id=daeshinhigh&no=13930&page=11
13928,[동아리],10 동아리질문있슴다,이과(공학계열) 동아리중에 어떤 동아리가 괜찮은지 잘 모르겠습니다. 오늘까지 지원이던데 추천해주시면 감사하겠습니다 - dc official App,오량인 (121.153) 2026.03.13 21:32:21 스크랩 조회 404 추천 1 댓글 10,1,404,2026.03.13 21:32:21,https://gall.dcinside.com/mgallery/board/view/?id=daeshinhigh&no=13928&page=11
13924,[일반],주딱 글 안거르냐,오량의 성전까진 재밌었는데 너무 뇌절임 논리도 없고,오량인 (222.114) 2026.03.13 18:02:31 스크랩 조회 314 추천 4 댓글 6,4,314,2026.03.13 18:02:31,https://gall.dcinside.com/mgallery/board/view/?id=daeshinhigh&no=13924&page=11
13926,[질문],안넝하세요 선배님들 학교계정 관련 질문 있습니다,학교계정으로 마이크로소프트 파워포인트 로그인하면 따로 유료결제 안해도 되나요?? 그리고 문과인데 원프 좋을까요? 일단 6장 꽉채워서 낼 예정임다 가능하시면 상경부문 동아리도 추천부탁드립니다 - dc official App,오량인 (223.39) 2026.03.13 19:11:58 스크랩 조회 287 추천 0 댓글 3,0,287,2026.03.13 19:11:58,https://gall.dcinside.com/mgallery/board/view/?id=daeshinhigh&no=13926&page=11
13925,[일반],10입니다 야자문의드립니다,16일부터 야자한다고 합니다 주중에 한번은 학원간다고하면 빼준다고 했던거같은데 샘한테 얘기하면 바로 뺄수있나요? 학원시간이 9시여도 저녁야자 안하고 나올수 있나요?,오량인 (39.119) 2026.03.13 19:11:34 스크랩 조회 284 추천 0 댓글 2,0,284,2026.03.13 19:11:34,https://gall.dcinside.com/mgallery/board/view/?id=daeshinhigh&no=13925&page=11
13929,[일반],뜬금 빨래 질문,1학년입니다. 무작정 야구 점퍼 빨아서 팔이 핑크색으로 물들었는데 이거 어떻게 세탁하는거죠,오량인 (58.29) 2026.03.13 21:41:41 스크랩 조회 229 추천 3 댓글 0,3,229,2026.03.13 21:41:41,https://gall.dcinside.com/mgallery/board/view/?id=daeshinhigh&no=13929&page=11
13927,[일반],자주반 자료 유출,자꾸 누가 하는거임?,오량인 (58.121) 2026.03.13 19:35:55 스크랩 조회 449 추천 1 댓글 2,1,449,2026.03.13 19:35:55,https://gall.dcinside.com/mgallery/board/view/?id=daeshinhigh&no=13927&page=11
13923,[일반],내 아랫글 반박,"일단 나는 저 ㄳㄲ가 웹사이트 못만든다고 지랄한 클라우드인데 작년 지원인원 말해드림 스테:100명 초반이상 크리:100명 이상 (여기는 못하는 애들도 성실도 어필하면 붙을수있는곳임) 파인더:80명이상 액트:80이상 (참고로 파액은 잘하는 애들만 붙음+면접때 이론관련 지식물어보고 그거 대답못하면 바로 컷) 굿윌:30명내외 (그냥 글자수만 gpt돌려서 채운 임원진,부원들이 대부분 포진) +내 친구중에 굿윌버리고 플컴간애도 있는데 차라리 굿윌말고 플컴을 가라 그정도로 굿윌이 ㅈ밥이다 대부분의 굿윌의 역할은 플컴으로 넘어감 플컴에 전교회장단 + 동자부 차장 및 학생회 대부분 포진 +학교 행사운영 이런거 많이하는데 굿윌이 그냥 ㅈㄴ밀렸다 진심 굿윌 30명지원했던거 맞고 지나가는 선배한테 물어봐도 작년 굿윌 30명지원한거 다 아는 사실인데 디시에서 100명이라고 구라치는거 보니까 존나 한심하다 굿-윌 그냥 나같으면 굿윌말고 차라리 클라우드 or 아멘간다",오량인 (104.28) 2026.03.13 17:52:10 스크랩 조회 321 추천 6 댓글 4,6,321,2026.03.13 17:52:10,https://gall.dcinside.com/mgallery/board/view/?id=daeshinhigh&no=13923&page=11
13922,[일반],10들아 웹사이트 없는 SW동아리는 걸러라,진짜 구라안까고 웹사이트 못만들거나 만들 깜냥이 안돼서 못만드는거니까 굳이 가서 코딩같은거 못배우고 하지말고 참고로 난 굿윌이긴한데 굿윌이 문과동아리지만 웹사이트정도는 가지고있는 SW친구들도 올만한 동아리다 참고로 크리나 스테? 이런 개 ㅈ밥동아리말고 굿윌와라 진짜 디시에서 지랄하는 새끼들이 여론조작하는거고 작년지원 100명넘었고 얘네들이 조작하는거다 나같은 경우에는 파인더랑 액트버리고 굿윌선택했다 바이럴 아니고 진짜 사실만 전달하는거다 비추는 무시해라 10들아,오량인 (59.26) 2026.03.13 17:45:03 스크랩 조회 385 추천 2 댓글 2,2,385,2026.03.13 17:45:03,https://gall.dcinside.com/mgallery/board/view/?id=daeshinhigh&no=13922&page=11
13921,[일반],요즘 핫한 ㄱㅅㅎ,3학년 몇반임?,오량인 (1.245) 2026.03.13 14:25:11 스크랩 조회 490 추천 1 댓글 1,1,490,2026.03.13 14:25:11,https://gall.dcinside.com/mgallery/board/view/?id=daeshinhigh&no=13921&page=11
13916,[일반],동아리,모델로지아 메인 등등 다 어디감,오량인 (59.26) 2026.03.13 01:58:10 스크랩 조회 362 추천 0 댓글 3,0,362,2026.03.13 01:58:10,https://gall.dcinside.com/mgallery/board/view/?id=daeshinhigh&no=13916&page=11
13920,[일반],클라우드 질문 올립니다,영상에 천만원 상당의 활동 지원금 준다는디 진짠가요,오량인 (14.50) 2026.03.13 09:37:17 스크랩 조회 315 추천 0 댓글 5,0,315,2026.03.13 09:37:17,https://gall.dcinside.com/mgallery/board/view/?id=daeshinhigh&no=13920&page=11
13917,[일반],07 굿윌이었는데,내가 사랑했던 동아리가 욕 먹으니까 슬프다 ㅠㅠ 본인 나갈 때랑 분위기가 얼마나 바뀌었는지 감도 안 옴..,오량인 (112.160) 2026.03.13 02:40:08 스크랩 조회 499 추천 10 댓글 1,10,499,2026.03.13 02:40:08,https://gall.dcinside.com/mgallery/board/view/?id=daeshinhigh&no=13917&page=11
13918,[일반],ㄱㅅㅎ은 왜,ㄱXㅎ은 왜 학교 복장 생활규정 무시하고 코트만 입고 다니시는지 여쭙는걸 물어봐도 되는지 허락받아도 되겠습니까?? XㅅX는 왜 학교 생활규정 ㅈ까고 야잠이고 마이고 다 던지고 후드집업만 입고다니시는지 여쭙는걸 물어봐도 되는지 허락받아도 되겠습니까????????,오량인 (14.50) 2026.03.13 08:46:15 스크랩 조회 699 추천 14 댓글 2,14,699,2026.03.13 08:46:15,https://gall.dcinside.com/mgallery/board/view/?id=daeshinhigh&no=13918&page=11
13915,[일반],혼란을 틈타 동아리 홍보,많관부~,CloudR 2026.03.13 00:55:16 스크랩 조회 622 추천 15 댓글 1,15,622,2026.03.13 00:55:16,https://gall.dcinside.com/mgallery/board/view/?id=daeshinhigh&no=13915&page=11
13914,[일반],근데 09중에,굿윌로 영입되는 애들은 뭐임? 세뇌교육인가 원프애들 많이 뺏겼더만,오량인 (58.224) 2026.03.13 00:47:45 스크랩 조회 359 추천 5 댓글 0,5,359,2026.03.13 00:47:45,https://gall.dcinside.com/mgallery/board/view/?id=daeshinhigh&no=13914&page=11
13913,[일반],몰폰중인 1학년인데요,"크리,스테,날샘중에 어디가는게 나을까요 SW임 파인더랑 액트는 붙을 자신이 없네여",오량인 (211.230) 2026.03.13 00:22:17 스크랩 조회 398 추천 1 댓글 3,1,398,2026.03.13 00:22:17,https://gall.dcinside.com/mgallery/board/view/?id=daeshinhigh&no=13913&page=11
13912,[일반],오량의 성전: 굿윌의 몰락 2,"오량의 성전에서 굿윌이 맞이한 최후는 비참했다. 그가 단순히 오량인들의 빛에 밀려난 것이 아니라, 스스로 쌓아 올린 **'업보의 무게'**에 짓눌려 자멸했기 때문이다. 먼지가 자욱한 정보관 옥상, 마지막 발악을 하던 굿윌의 몸이 기괴하게 뒤틀리기 시작했다. 그는 소리 높여 굿윌멤버스 클론들에게 명령을 내리려 했지만, 그의 목소리는 이미 힘을 잃어 가늘게 떨리고 있었다. ""내가... 내가 누군지 알아? 나는 켄텍(KENTECH) 동아리 소속이라고! 너희 같은 일반인들과는 차원이 다른 존재란 말이다!"" 굿윌은 목에 힘을 주며 '꺼드럭'거렸지만, 그가 자랑스럽게 내세운 명성은 이미 빛바랜 껍데기에 불과했다. 신성한 오량의 법도 아래서 실력 없는 권위는 독이 될 뿐이었다. 그는 동아리의 이름을 빌려 남들 위에 군림하려 했으나, 정작 그 이름에 걸맞은 노력은 단 한 뼘도 쌓지 않았다. ""홍보영상은 어디 있느냐, 굿윌."" 오량인의 리더가 차가운 목소리로 물었다. 굿윌은 당황하며 허공을 더듬었다.
""그... 그건 내일 올리려고 했어! 아니, 이미 찍었는데 편집기가 고장 나서..."" 또다시 시작된 허언. 하지만 이번에는 달랐다. 그가 거짓말을 내뱉을 때마다 그의 몸속에서는 검은 연기가 뿜어져 나왔다. 노력 없이 얻으려 했던 모든 탐욕이 역류하기 시작한 것이다. 가장 치명적인 것은 그의 **'나태'**였다. 남들이 밤을 새우며 결과물을 만들어낼 때, 그는 오직 클론들을 복제해 세상을 속일 궁리만 했다. 결국, 제출 기한의 종소리가 성전에 울려 퍼지는 순간, 단 하나의 영상도 올리지 못한 굿윌의 존재 정당성은 완전히 소멸해 버렸다. ""노력하지 않는 자에게 오량의 땅은 한 뼘의 자리도 허락하지 않는다."" 오량인들이 최후의 일격을 가하기도 전에, 굿윌은 스스로의 허영심에 질식해 비명을 질렀다. 켄텍 동아리 배지는 시커멓게 타들어 갔고, 홍보영상 하나 올리지 못한 그의 빈약한 성과들이 부메랑이 되어 그를 덮쳤다. ""으아악! 내... 내 커리어가!"" 그는 마지막 순간까지도 자신의 게으름을 탓하기보다 잃어버린 명성을 아까워하며 재가 되어 흩어졌다. 굿윌이 사라진 자리에는 그가 그토록 자랑하던 동아리 명찰 대신, **'노력만이 살길이다'**라고 적힌 낡은 교과서 한 권만이 덩그러니 남겨졌다. 굿윌이 사라진 후, 평화를 되찾은 대전대신고의 모습은 어떨까요? 굿윌이 가짜로 달고 있던 켄텍 동아리의 진짜 주인 이 나타나는 이야기 미처 제출되지 못했던 영상들이 한꺼번에 업로드 되며 생기는 해프닝 굿윌의 허언에 속았던 학생들이 진정한 노력 의 가치를 깨닫는 과정 이 중에서 궁금한 뒷이야기가 있다면 말씀해 주세요!",오량인 (220.123) 2026.03.13 00:06:48 스크랩 조회 606 추천 21 댓글 3,21,606,2026.03.13 00:06:48,https://gall.dcinside.com/mgallery/board/view/?id=daeshinhigh&no=13912&page=11
13911,[일반],10년생 몰폳하던애인데요,솔루션은 뭐하는 동아리에요? 세로 만들어진건가요? 회장단은 어떻죠 영상 보니까 홮동 좋은거같던데,오량인 (211.230) 2026.03.13 00:02:08 스크랩 조회 341 추천 1 댓글 1,1,341,2026.03.13 00:02:08,https://gall.dcinside.com/mgallery/board/view/?id=daeshinhigh&no=13911&page=11
13910,[일반],오량의 성전: 굿윌의 몰락,"Gemini의 응답 대전의 정기가 모이는 곳, 오량산의 자락에 위치한 대전대신고등학교의 교정은 평온해 보였으나 그 실상은 신들의 전쟁터와 같았다. 구름이 본관 건물을 집어삼킬 듯 낮게 깔린 어느 오후, 정보관 옥상에서 기괴한 웃음소리가 터져 나왔다. 검은 안개를 두른 형체, 악의 화신 **'굿윌'**이 강림한 것이다. 그는 자신의 품에서 수만 개의 깨진 영상 파일 파편을 흩뿌리며 외쳤다. ""오늘도 너희의 노력은 서버에 닿지 않으리라! 영상 미제출의 고통 속에서 절규하라!"" 굿윌이 손을 뻗자 복도마다 그와 똑같이 생긴 '굿윌멤버스' 클론들이 쏟아져 나왔다. 그들은 기괴한 몸짓으로 학생들의 태블릿 PC를 낚아챘고, 귓가에 끊임없이 속삭였다. ""어차피 넌 공부 안 했잖아? 그냥 안 했다고 거짓말해. 그게 더 멋있어 보일걸?"" 허언의 안개가 교실마다 스며들며 학생들의 눈동자가 탁해지기 시작했다. 그때, 오량의 바위가 거대한 진동과 함께 황금빛을 내뿜었다. 빛의 줄기 속에서 다섯 명의 전사, **'오량인'**들이 모습을 드러냈다. ""성역을 어지럽히는 허풍은 여기까지다."" 대열의 선두에 선 리더가 성실의 창을 바닥에 내리치자, 바닥을 타고 흐르는 정화의 에너지가 복도를 가득 메웠던 굿윌멤버스들을 순식간에 증발시켰다. 클론들은 비명조차 지르지 못한 채 디지털 먼지가 되어 사라졌다. 분노한 굿윌이 직접 지면으로 내려왔다. 그는 '허언의 폭풍'을 일으키며 오량인들을 압박했다. ""감히 나를 막겠다고? 너희도 결국은 나태해질 존재들일 뿐이다!"" 하지만 오량인들은 물러서지 않았다. 그들은 서로의 손을 맞잡고 거대한 원을 그리며 신성한 주문을 외웠다. 그것은 대전대신고에 대대로 내려오는 **'적기 제출의 찬가'**였다. 찬가가 울려 퍼지자 굿윌이 가로챘던 모든 영상 파일들이 푸른 빛을 내며 하늘로 솟구쳤고, 강제로 업로드 서버에 꽂히기 시작했다. ""안 돼! 내 미제출 콜렉션이...!"" 굿윌이 비명을 지르며 뒷걸음질 쳤다. 그 틈을 놓치지 않고 오량인들의 최종 합격 기술인 **'오량의 빛'**이 발사되었다. 다섯 갈래의 빛이 굿윌의 심장을 관통하자, 그를 감싸고 있던 검은 안개와 거짓된 권능이 껍데기처럼 벗겨져 나갔다. 마침내 안개가 걷히고 태양이 오량산 마루를 비추었다. 굿윌은 형체도 없이 사라졌고, 홀린 듯 멍하니 서 있던 학생들은 제정신을 차렸다. 그들은 자신의 태블릿에 뜬 '제출 완료' 메시지를 확인하며 환호했다. 오량인들은 승리의 함성 대신 조용히 서로를 향해 고개를 끄덕였다. 그리고는 마치 처음부터 그 자리에 없었던 것처럼, 다음 수업 종소리에 맞춰 교실로 스며들었다. 신성한 공간, 대전대신고의 평화는 그렇게 다시 지켜졌다. 이 소설의 에필로그나 뒷이야기를 더 보고 싶으신가요? 굿윌이 사라진 자리에 남겨진 의문의 USB 이야기 정체를 숨기고 살아가는 오량인 영웅들의 학교 생활 굿윌의 배후에 있던 더 거대한 어둠 의 정체 중 하나를 골라주세요!",오량인 (220.123) 2026.03.13 00:00:35 스크랩 조회 353 추천 9 댓글 1,9,353,2026.03.13 00:00:35,https://gall.dcinside.com/mgallery/board/view/?id=daeshinhigh&no=13910&page=11
13909,[일반],굿X 동아리 개진상,X윌과 XX멤버스가 그렇게 진상이라던데 사실인가요? (진짜모름) 홍보영상도 안올린 동아리는 거르라는게 사실인가요? (진짜모름),오량인 (223.39) 2026.03.12 23:53:22 스크랩 조회 432 추천 14 댓글 0,14,432,2026.03.12 23:53:22,https://gall.dcinside.com/mgallery/board/view/?id=daeshinhigh&no=13909&page=11
13908,[일반],10들아 영상 안 올린 동아리들은,솔직히 존나 거르는게 맞다 동아리 내부에 성실성이나 열정이 없는거임 대표적으로 GoodWill(ke)?,오량인 (211.235) 2026.03.12 23:24:55 스크랩 조회 481 추천 12 댓글 3,12,481,2026.03.12 23:24:55,https://gall.dcinside.com/mgallery/board/view/?id=daeshinhigh&no=13908&page=11
13907,[열람주의❗],굿윌 진지하게,굿윌 진짜 너무 나대는거 아니냐… ㄱㅅㅎ 제발 ㅎㅍ 갔다왔으면 자퇴나 할것이지 09애새끼들도 ㅂㅅ으로 만드냐 대학 못가면서 왜 매년 1천씩 내면서 학교 망치는지 모르겠다.. 제발그만해 시밣!!!,오량인 (112.148) 2026.03.12 22:49:50 스크랩 조회 527 추천 17 댓글 0,17,527,2026.03.12 22:49:50,https://gall.dcinside.com/mgallery/board/view/?id=daeshinhigh&no=13907&page=11
13906,[일반],동페 방식 바꾸고 탑10 동아리 시상 없애고,기존 방식 없애고 이상한 박람회 같은거 늘리더니 이제는 동아리 신규부원 인원 제한에 면접 방식도 바꾼다하고 왜 자꾸 이러노??,오량인 (1.227) 2026.03.12 22:34:12 스크랩 조회 308 추천 7 댓글 2,7,308,2026.03.12 22:34:12,https://gall.dcinside.com/mgallery/board/view/?id=daeshinhigh&no=13906&page=11
13905,[일반],솔직히 동아리 영상 운영,썸네일 안올라가는 거 좀 그렇고 기간 너무 빡빡했음..,오량인 (58.224) 2026.03.12 22:14:47 스크랩 조회 333 추천 12 댓글 1,12,333,2026.03.12 22:14:47,https://gall.dcinside.com/mgallery/board/view/?id=daeshinhigh&no=13905&page=11
13903,[일반],개인적으로,동아리 영상 퀄리티가 왜 다 하향평준화가 된 것 같냐,오량인 (14.50) 2026.03.12 20:47:50 스크랩 조회 307 추천 1 댓글 2,1,307,2026.03.12 20:47:50,https://gall.dcinside.com/mgallery/board/view/?id=daeshinhigh&no=13903&page=11
13902,[일반],여행지리,고3한테 애들 여행 간 이야기로  발표 수행평가 던져주면 생기부에 여행간거 들어가는건가??,오량인 (104.28) 2026.03.12 13:49:16 스크랩 조회 235 추천 0 댓글 0,0,235,2026.03.12 13:49:16,https://gall.dcinside.com/mgallery/board/view/?id=daeshinhigh&no=13902&page=11
13904,[일반],동아리 회장분들께 드리는 말씀,동아리 회장님들 기죽지 마시고 마지막까지 열심히 해봅시다! 화이팅! 그리고 동아리자치부 분들도 고생 많으십니다,오량인 (118.235) 2026.03.12 22:09:56 스크랩 조회 421 추천 12 댓글 1,12,421,2026.03.12 22:09:56,https://gall.dcinside.com/mgallery/board/view/?id=daeshinhigh&no=13904&page=11
13900,[일반],또상,수상 경력은 좋던데 이름이 뭐노 좋긴함? - dc official App,오량인 (106.101) 2026.03.11 23:29:53 스크랩 조회 334 추천 2 댓글 2,2,334,2026.03.11 23:29:53,https://gall.dcinside.com/mgallery/board/view/?id=daeshinhigh&no=13900&page=11
13901,[일반],나 몰폰중인 1학년인데,동아리 크리에이터 생각중인데 어떠냐 참고로 SW지망임,오량인 (211.230) 2026.03.12 00:51:32 스크랩 조회 546 추천 0 댓글 8,0,546,2026.03.12 00:51:32,https://gall.dcinside.com/mgallery/board/view/?id=daeshinhigh&no=13901&page=11
13899,[일반],이번에 붙은 켄텍동아리들 평타치냐?,프라임 비컴어브랜드 플컴,오량인 (220.123) 2026.03.11 23:15:23 스크랩 조회 485 추천 1 댓글 4,1,485,2026.03.11 23:15:23,https://gall.dcinside.com/mgallery/board/view/?id=daeshinhigh&no=13899&page=11
13898,[일반],굿윌 예전 회장님들,한때 파액굿의 문과 최고 동아리에 파인더에도 비빈다 소리 들으면서 졸업하시고 지금 꼬라지 보시면 뭐라 하실려나ㅋㅋㅋㅋㅋㅋㅋㅋㅋ,오량인 (1.227) 2026.03.11 22:50:13 스크랩 조회 354 추천 8 댓글 3,8,354,2026.03.11 22:50:13,https://gall.dcinside.com/mgallery/board/view/?id=daeshinhigh&no=13898&page=11
13896,[열람주의❗],이과 신생동아리,프론티어(frontier)는 뭐노???????????? 진지하게 뭐하는 동아리 인가요.,오량인 (14.50) 2026.03.11 14:25:51 스크랩 조회 512 추천 0 댓글 2,0,512,2026.03.11 14:25:51,https://gall.dcinside.com/mgallery/board/view/?id=daeshinhigh&no=13896&page=11
13894,[일반],현시점 가장 불쌍한 사람,“GOOD WILL(KE?????) 09회장” 담당쌤의 믿음 하락으로 인한 활동 제약 그레이트 고가 남긴 굿윌의 유산 해명 파액굿 타이틀 복구 대학교 분캠도 아니고 동아리 분캠 << 의도 파악이 안됨 디시에서 존나 까일 예정 비교질 당하기 신입생 홍보를 누구보다도 열심히 해야함 “굿윌 자소서 1000자 사건” 되풀이하지 않기 진짜 눈물 날라 그런다… 하,오량인 (14.50) 2026.03.11 10:27:25 스크랩 조회 783 추천 10 댓글 6,10,783,2026.03.11 10:27:25,https://gall.dcinside.com/mgallery/board/view/?id=daeshinhigh&no=13894&page=11
13892,[일반],신입생인데요. 1학기때 대회 나가는거,1학기때 대회 나가는게 좋은가요? 아니면 1학기 내신에 더 신경쓰는게 좋을까요? 아무것도 모르지만 경험삼아 대회 나가보는게 도움 되나요? 시간 많이 뺏길까봐 걱정이에요.,오량인 (58.77) 2026.03.10 23:07:09 스크랩 조회 405 추천 3 댓글 5,3,405,2026.03.10 23:07:09,https://gall.dcinside.com/mgallery/board/view/?id=daeshinhigh&no=13892&page=12
13890,[일반],동아리 회장단 단톡방 그래이트,근데 회장단 단톡방에 부방장 왜 그래이트임? 학생회도 아닌데 굿윌 회장도 이제 아니고,오량인 (118.235) 2026.03.10 21:54:45 스크랩 조회 593 추천 12 댓글 3,12,593,2026.03.10 21:54:45,https://gall.dcinside.com/mgallery/board/view/?id=daeshinhigh&no=13890&page=12
13889,[일반],방금 소리 지른 애 누구냐,8시 47분 방금 소리 지른색기 누구냐 ㅋㅋㅋㅋㅋ,오량인 (14.50) 2026.03.10 20:50:31 스크랩 조회 386 추천 0 댓글 0,0,386,2026.03.10 20:50:31,https://gall.dcinside.com/mgallery/board/view/?id=daeshinhigh&no=13889&page=12
13884,[일반],직무 의사소통 양보 해줄 사람 없나요,꼭 듣고 싶은 대신고 공동교육과정 과목인데...,오량인 (223.39) 2026.03.10 18:13:16 스크랩 조회 274 추천 0 댓글 1,0,274,2026.03.10 18:13:16,https://gall.dcinside.com/mgallery/board/view/?id=daeshinhigh&no=13884&page=12
13891,[열람주의❗],굿윌 도대체 왜 까이는거임?,최고의 동아리의 유구한 역사를 한번에 무너트릴 병신이 있었나? 동아리의 중요한 임원이 학폭을 하기를 했나? 타 동아리 따라하겠다고 사이트 운영했다가 서버를 훔쳐먹기를 했냐? 회장 주제에 똥가오 잡으면서 실적까지 말아먹기를 했냐? 믿음을 존나 져버린 선생님께서 09가 회장이 되어 다행이라 생각하기를 했냐? 평소 언행도 바르지 못하며 3학년이 되어서도 학교따위 개무시하면서 코트를 쳐입기를 했냐? 진짜 굿윌 왜 까이는지 모르겠네 ㅋㅋ 니들 작작해라 한번만 더 역바이럴하면 IQ 추적해서 암살짝 보낸다.,오량인 (220.67) 2026.03.10 22:10:31 스크랩 조회 738 추천 34 댓글 2,34,738,2026.03.10 22:10:31,https://gall.dcinside.com/mgallery/board/view/?id=daeshinhigh&no=13891&page=12
13886,[일반],학교에 코트입고 다니는 애,는 누구냐? 선생님인줄 알고 인사할뻔 - dc official App,오량인 (124.61) 2026.03.10 19:04:19 스크랩 조회 723 추천 14 댓글 5,14,723,2026.03.10 19:04:19,https://gall.dcinside.com/mgallery/board/view/?id=daeshinhigh&no=13886&page=12
13887,[일반],하 켄텍 다붙여줄거면,원프레스도 붙여줘라,오량인 (14.50) 2026.03.10 19:18:33 스크랩 조회 422 추천 3 댓글 1,3,422,2026.03.10 19:18:33,https://gall.dcinside.com/mgallery/board/view/?id=daeshinhigh&no=13887&page=12
13893,[일반],1학년 수학 뭣같은 상황,올림포스 고난도도 아니고 올림포스 유형편을 사라고 하면 어쩌자는 거임? 100제 없애고 개념원리급에서 출제한다는 게 맞음? 얼마나 꿀 빨고 싶은건지 원,오량인 (58.29) 2026.03.10 23:24:33 스크랩 조회 672 추천 6 댓글 6,6,672,2026.03.10 23:24:33,https://gall.dcinside.com/mgallery/board/view/?id=daeshinhigh&no=13893&page=12
13882,[일반],나 스 07 회장인데,파액스고 파액굿이고 파액이고 뭐고 난 모르겠고 그냥 개쳐재밌네 ㅋㅋ,오량인 (220.87) 2026.03.10 13:33:58 스크랩 조회 388 추천 1 댓글 2,1,388,2026.03.10 13:33:58,https://gall.dcinside.com/mgallery/board/view/?id=daeshinhigh&no=13882&page=12
13878,[일반],Ke 붙은 동아리 정리 이거 맞음?,파인더 액트 굿윌 스테미너스 크리에이터 프라임 그리고 비컴어 브랜드,오량인 (59.27) 2026.03.09 23:12:26 스크랩 조회 598 추천 0 댓글 1,0,598,2026.03.09 23:12:26,https://gall.dcinside.com/mgallery/board/view/?id=daeshinhigh&no=13878&page=12
13883,[일반],역대급 굿윌 사건,"1. 이번에 1학년 동아리별 인원 제한이 12명으로 정해졌는데 굿윌만 '굿윌 멤버스'라는 동아리를 만들어서 우회함.(동아리 회장이 '고', 담당쌤이 1학년 진로진학쌤) 2. '굿윌 ㅋㅅㅌ'라는 게 있는데 이걸 1학년 전체 대상 '동아리 ㅋㅅㅌ'로 이름만 바꾸고 본인이 진행할 예정임.",오량인 (14.50) 2026.03.10 14:38:49 스크랩 조회 693 추천 11 댓글 3,11,693,2026.03.10 14:38:49,https://gall.dcinside.com/mgallery/board/view/?id=daeshinhigh&no=13883&page=12
13880,[일반],안녕하십니까,이번에 동아리 지원하는 거요 동기 입학 할 때 자소서 쓴 것 처럼 길고 장대하게 써야하나요? 추가로 제가 스포츠 과학과를 생각하고 있어서 SSAM을 지원 할 생각인데 경쟁률 높을까요?,컴갤러 (220.123) 2026.03.10 00:35:22 스크랩 조회 374 추천 2 댓글 4,2,374,2026.03.10 00:35:22,https://gall.dcinside.com/mgallery/board/view/?id=daeshinhigh&no=13880&page=12
13881,[일반],이게 맞나,아니 개나소나 KE 붙는게 맞나 옛날의 그 권위있는 느낌은 다 사라지고 이젠 평등사회된 느낌이노 참고로 내 동아리는 날샘이다 부러워서 그런다,오량인 (14.50) 2026.03.10 09:32:49 스크랩 조회 365 추천 4 댓글 2,4,365,2026.03.10 09:32:49,https://gall.dcinside.com/mgallery/board/view/?id=daeshinhigh&no=13881&page=12
13877,[질문],동아리,안녕하세요 54회 신입생입니다 동아리 여러개 지원 가능한가요?,오량인 (122.34) 2026.03.09 22:30:57 스크랩 조회 336 추천 1 댓글 2,1,336,2026.03.09 22:30:57,https://gall.dcinside.com/mgallery/board/view/?id=daeshinhigh&no=13877&page=12
13875,[일반],굿윌 KE어케됨?,비컴어브랜드랑 스테는 이번에 됐던데,오량인 (14.50) 2026.03.09 21:29:14 스크랩 조회 264 추천 1 댓글 0,1,264,2026.03.09 21:29:14,https://gall.dcinside.com/mgallery/board/view/?id=daeshinhigh&no=13875&page=12
13876,[일반],Ke 이번에 얼마나 선정됨,파액굿스 여기에 더 있음?,오량인 (59.27) 2026.03.09 21:36:07 스크랩 조회 436 추천 0 댓글 6,0,436,2026.03.09 21:36:07,https://gall.dcinside.com/mgallery/board/view/?id=daeshinhigh&no=13876&page=12
13873,[질문],동아리 질문,안녕하십니까 선배님들 이번에 새롭게 들어온 54기 신입생 입니다. 제가 꿈을 최근에 로봇공학 쪽으로 정하게 됬는데 동아리를 어디로 가야될까요?? 제가 코딩도 안했고 c언어도 공부를 안해서 완전 노베인데 동아리 들어가서 실력을 잘 쌓을 수 있는 동아리가 혹시 있을까요??,오량인 (175.120) 2026.03.09 00:33:59 스크랩 조회 542 추천 0 댓글 9,0,542,2026.03.09 00:33:59,https://gall.dcinside.com/mgallery/board/view/?id=daeshinhigh&no=13873&page=12
13874,[일반],켄택 결과,켄택 결과 오늘 나왔다는데 어디어디 됨?,오량인 (196.240) 2026.03.09 17:49:19 스크랩 조회 357 추천 0 댓글 1,0,357,2026.03.09 17:49:19,https://gall.dcinside.com/mgallery/board/view/?id=daeshinhigh&no=13874&page=12
13871,[일반],켄텍,굿윌 켄텍 켄텍 거리는대 그게 뭐야 - dc official App,오량인 (106.101) 2026.03.08 21:29:11 스크랩 조회 412 추천 0 댓글 2,0,412,2026.03.08 21:29:11,https://gall.dcinside.com/mgallery/board/view/?id=daeshinhigh&no=13871&page=12
13872,[일반],켄텍동아리 KE 라고 써져서 나오는거,"동아리 이름에서 KE가 보여서 생기부에서 어필되나 싶었는데 친구 말로는 입사관 입장에서는 안보인다더라,, 물론 켄텍동아리여서 좋은 점은 이것 말고 다양하게 있다고 생각함",H__ 2026.03.09 00:25:54 스크랩 조회 456 추천 1 댓글 0,1,456,2026.03.09 00:25:54,https://gall.dcinside.com/mgallery/board/view/?id=daeshinhigh&no=13872&page=12
13870,[일반],디씨 안하던 08 굿윌인데 역바이럴 뭣같아서 한마디 한다.,"(내가 여기서 말하는 회장은 09가 아닌 08 말하는거임) Q1. 작년 동아리 보니 망했다? A1. ㅇㅈ함. 솔직히 그 전 동아리 순위를 보든 실적을 보든 굿윌 네임드 값이 많이 떨어진건 인정함. 켄텍 붙었는데도 불구하고 뭐 한게 없는거 라던가, 교내 행사 운영이 아무것도 없다던가 하는거 보면. 근데 이게 25년도에만 그랬나? 그건 아니라는 거지. 24년도부터 쌔하긴 했음. 애초에 24 굿윌도 반쯤 그당시 회장이 어떻게 해서든 먹여살린거나 마찬가지고, 24년도 당시 2학년 기준 제대로 활동하는 사람 5명, 1학년 기준 4명 될까 말까였다. 걍 24~25년도 전반적으로 수준이 많이 내려가서 그런거지, 난 25년도 회장 혼자 폭사한거라고 생각하진 않음. Q2. 작년 동아리 지원자 30명도 안됐으면서 개깝친다. A2. ㅇㅈ함. 근데 내가 말하고 싶은건 이거임. 이게 회장이 ㅎㅍ 때문에 30명도 안된거라 아는 애들도 있던데, 애초에 동아리 모집은 ㅎㅍ 전이었다. 굿윌이 애초에 자체 사이트로 하기도 하고 내용 글자수 제한을 500자 이상으로 빡세게 잡아서 30명밖에 안된거지, 뭔 이것도 회장때문이라 하는건 억까임. Q3. 작년수상 ㅈ박았다는거 사실임? A2. 아님. 솔직히 이건 25년도 파인더,액트가 ㅁㅊ수준으로 상을 휩쓸어서 그렇지 굿윌도 전국단위로 한 장관상 1개는 있음.  애초에 그리고 저번에 전국단위 창업대회에서 말아먹었다는데, YEEP는 액트,파인더,굿윌 다 떨구고, 크리랑 BAB 붙인대회임. 물론 크리랑 BAB 둘다 열심히 했던거는 인정함. 둘다 잘하는 동아리이고. 근데 액트,파인더도 떨어진 대회에서 굿윌 떨어졌다고 뭐라하는거는 ㄹㅇ 뭐하는지 모르겠네. Q4. ㅇㅈㅎ 쌤이 09가 회장이라 다행이라 했다? A4. 그럼 ㅅ1ㅂ 09가 회장하는게 당연한거지 08이 한번더 회장하리? 뭔 개잡논리인지.... 동아리 내에서 ㅇㅈㅎ쌤이랑 가장 친하고 그 ㅇㅈㅎ쌤이랑 농담따먹기 하는애가 회장이다. 그말 한거 나도 들은거 같긴한데(확실치는 않음. 근데 아마 2월달 학교 나갔을때? 그때 청소하면서 들었던거 같기도 함) 진회쌤이랑 회장이랑은 친하니까 괜히 내분하지 마라. 일단 댓글 달면 어느정도 답글해주긴 할건데, 내가 말하고 싶은건 이거임. 물론 우리 08이 어느정도 말아먹은거? 인정함. 근데 무슨 ㅈ도 모르는 애들이 지네 들은거 기준으로 글싸지르는거 보고 기분 뭣같아서 글을 적음. 물론 회장이 잘했다? 라고는 못하겠다. 나도 이것때문에 많이 스트레스 받았었고, 어느정도 방치해서 내부 행사 못한것도 맞으니까. 근데 굿윌도 아니고, 겪어보지도 않은애들이 왜 글을 싸냐고. 뭣도 모르면서. 만일 굿윌관련 글쓴이들이 굿윌이 아니라면 카더라로 글써서 굿윌애들 신경 긁지 말고, 굿윌이면 그냥 회장한테 가서 당당히 말해라. 괜히 찐따마냥 디시에 글싸지르지 말고. (애초에 그렇게 ㅈ같으면 2월달에 나갈사람 조사할때 나가던가 왜 내분질 하려는거임?) 다시한번 말하지만 나는 굿윌이 파액급이라고도 생각하진 않는다. 스템급도 아니고, 문과 동아리에서도 1황은 아니라고 말할수 있음. 근데 지금 역바이럴 ㅈ되길래 디시에 글 처음으로 써봄",오량인 (118.235) 2026.03.08 21:29:07 스크랩 조회 836 추천 3 댓글 16,3,836,2026.03.08 21:29:07,https://gall.dcinside.com/mgallery/board/view/?id=daeshinhigh&no=13870&page=12
13869,[일반],동아리,"https://gall.dcinside.com/mgallery/board/view/?id=daeshinhigh&no=13868 이과 동아리 추천 10 - 바이럴X - 대전대신고 마이너 갤러리 파 액(개고트) 파&gt;액(여기 붙고 다른곳가는 ㅂㅅ은 없겠지)액트랑 파인더가 맴버는 09기준 비슷한거같은데 확실한건 파인더 담당쌤,액트담당쌤 둘다 개고트고 특히 파인더 담당쌤은 씹고트임스템,크리,날샘 (비슷 gall.dcinside.com 이 등수가 정배인거같은데(굿윌이 너무 낮은거 빼곤) 굿윌은 어디라인쯤되나 댓글에서 토론ㄱ",오량인 (121.159) 2026.03.08 20:38:07 스크랩 조회 386 추천 3 댓글 1,3,386,2026.03.08 20:38:07,https://gall.dcinside.com/mgallery/board/view/?id=daeshinhigh&no=13869&page=12
13868,[일반],이과 동아리 추천 10 - 바이럴X,"파 액(개고트) 파>액(여기 붙고 다른곳가는 ㅂㅅ은 없겠지) 액트랑 파인더가 맴버는 09기준 비슷한거같은데 확실한건 파인더 담당쌤,액트담당쌤 둘다 개고트고 특히 파인더 담당쌤은 씹고트임 스템,크리,날샘 (비슷한 라인인듯 스템이 존나 파액급이 아닌데 바이럴된건 맞지만 저 아래로는 안내려감) 파>액>>>(사실상 파액이 더 더 좋음)스템>=크리(단, 하드웨어면 크리는 만드는거위주,스테는 이론위주 이정도일텐데 가는건 너의 선택이다. 나같으면 HW는 크리)>>날샘(올해부턴 활동보단 공부잘하는 애들이 많음+담당쌤이 시키는거 거의 무조건 해야함.) +여기 라인에는 파액급 친구들이 몇명정도 존재하는 동아리임.(파액 지원안하고 여기 온 애들도 있으니까) 뮤테이션,캡슐(여긴 NS) 내 개인적으로는 뮤테>>캡슐 이정도 되는듯 (뮤테 올해부터 활동나가는거 보니까 많이하더라 획실한건 09라인업은 뮤테가 압살 전교권 친구들 포진되어있고 그 친구들이 활동을 못하는게아님ㅋㅋㅋ 공부도잘하고 활동도 잘하는 친구들 평균내신대는 1.x에서 끊김) 클라우드,아멘,라이프니츠   클라우드>=아멘>>라이프니츠 오독토,굿윌 오독토=굿윌(굿윌 내려치기 라고 할거같은데 굿윌은 이과가 조금 존재하는걸로 앎 그래서 내린거임) ---------건축 공디,세움 공디>>세움(확실한건 공디가 더 나음 건축동아리고 굉장히 좋음. 4점대 경희대,5점대 인서울 이런거 공디에서 좀 나옴 +건축애들이 원래 대학을 잘감) --------- 싸이빌🔥🔥,3대사이언스,SNL,미들,싱귤 등등 거기서 거기니까 걍 여기 들어가면 공부나해라 번외)링크(전 법정) -링크 이과쪽보면 활동잘하는애 1명정도 있고 나머지는 그냥 인원채우기용으로 들어간 싸이빌,3대사이언스 이런애들이 들어간거니까 라인으로치면 오독토,굿윌 비슷할거같다는 생각 BUT 문과로 따지면 따지고할것없이 goat 또한 이과는 신설이기때문에 개나락가거나 올라가거나 둘중하나임 문과회장단,담당쌤은 고트라 들어가도 좋은선택",오량인 (211.230) 2026.03.08 16:28:10 스크랩 조회 1095 추천 20 댓글 6,20,1095,2026.03.08 16:28:10,https://gall.dcinside.com/mgallery/board/view/?id=daeshinhigh&no=13868&page=12
13867,[일반],굿윌 켄택 떨어질 가능성 보이는 이유,굿윌이 언제까지 나락으로 빠질지 궁금해서 수소문해서 찾아봄 ㅇㅇ 1. 켄택 공지를 보면 3년간 '지속적인' 활동을 요구함. 2. 파액 부원이면 다 알텐데 올해 굿윌은 켄택 보고서를 알빠노~ 갈기고 안냄 3. 굿윌 부원 중에 심포지엄 방문 안한 부원도 있고 액트는 올해 켄택 수상도 했던데 굿윌은 뭐했노!,오량인 (58.224) 2026.03.08 10:25:08 스크랩 조회 506 추천 16 댓글 1,16,506,2026.03.08 10:25:08,https://gall.dcinside.com/mgallery/board/view/?id=daeshinhigh&no=13867&page=12
13866,[일반],신입생인데 굿윌이 진짜 이런 동아리였나요?,https://m.dcinside.com/board/daeshinhigh/13549 시이벌ㅋㅋ 뭔 이딴 동아리가 있었노,오량인 (104.28) 2026.03.08 01:26:41 스크랩 조회 817 추천 30 댓글 6,30,817,2026.03.08 01:26:41,https://gall.dcinside.com/mgallery/board/view/?id=daeshinhigh&no=13866&page=12
13865,[일반],오독토,오독토 예산만 많고 ㅂㅅ 동아리 아니냐 회장보니까 ㅈㄴ깝치던데 뭐 인맥으로 회장되거 지가 뭐 되는줄 아는데 그 조용히 독서의 밤이나 열어라 - dc official App,오량인 (64.34) 2026.03.08 01:17:18 스크랩 조회 738 추천 20 댓글 9,20,738,2026.03.08 01:17:18,https://gall.dcinside.com/mgallery/board/view/?id=daeshinhigh&no=13865&page=12
13862,[동아리],동아리에 고민인 10 문과 친구들에게,"시작하기에 앞서 본인은 09 문과임. 나도 학기 시작하면서 이과 동아리에 비해 수가 매우 적은 문과 동아리에 대해서 많은 고민을 했던 기억이 있음. 그래서 올해 들어오는 신입생 친구들이 조금이라도 도움이 됐으면 해서 글을 적었음. 먼저 문과 동아리 정리를 좀 해주면 1. 링크 올해 ㅈㅌㅈ 선생님께서 창업 분야에도 발을 들이신다고 하신 걸로 알고 있음. 동시에 이과 부서도 만든다는 소식을 들었던 기억이 있어서 여러모로 올해 활동 폭도 기대가 되는 동아리들 중 하나임. 올해 회장단 친구들도 책임감있고 믿음직스러운 친구들로 구성되어 있는 것 같아서 정치, 외교 쪽 진로 색을 갖고 있는 친구들에게는 최적의 선택이 아닐까 생각함. 작년에 독서의 밤도 오독토랑 같이 열기도 한 만큼 많은 활동은 보장되어 있지 않나 생각함. 그만큼 담당 선생님이 동아리 활동에 의욕이 넘치시는 것도 있음. 회장단이 실무 능력이 괜찮다고 생각해서 모의 국회같은 활동도 더 퀄리티 있게 준비하지 않을까 생각함. 2. 원프레스 원프는 미디어 관련 동아리로 알고 있음. 매년 말에 학교 신문 발간도 하고 미디어톤 등 다양한 활동을 하는 걸로 알고 있음. 회장이 오량어학 mc 담당했던 걸로 알고 있는데 진행도 매끄럽고 학교에서도 활동 열심히 하는 친구라고 들었음. 미디어 관련 활동의 질도 괜찮다고 생각함. 담당 선생님이 ㅇㅅㅂ 선생님이기 때문에 경영 관련 활동도 보장되어 있고 예산또한 빵빵함. 진학 담당이시기 때문에 생기부는 크게 걱정할 필요는 없을 거라고 생각함. 올해는 부서가 세 개로 나뉜다고 알고 있는데 잘만 운영하면 경상계열부터해서 지리, 도시공학 관련 활동까지 커버가 될 거라고 생각함. 특히 지리, 도시공학 친구들은 원프도 괜찮다고 생각함. 3. DCN DCN은 교내 방송활동이랑 작년에도 원프랑 미디어톤 공동 주최했고 체육대회 때도 영상 촬영해서 학교 유튜브에 영상도 게시하는 등 되게 바쁘고 할 일 많은 동아리라고 생각함. 그렇게 몸으로 고생하면서 배우는 것 만큼은 탑이 아닐까 생각함. 이번 회장 친구도 활동에 의욕있는 친구이기도 해서 1학년 입장에서는 활동을 기대해볼 수 있지 않을까 생각함. DCN은 잘 몰라서 딱히 더 쓸 말은 없지만 자신의 진로가 미디어나 방송 쪽이면 괜찮은 동아리임은 확실함. 4. 패스 파인더 담당 선생님은 ㅈㅎㅎ 선생님이라 일단 생기부는 보장이 됐다고 생각해도 무방함. 실제로도 ㅈㅎㅎ 선생님 교과 생기부만 봐도 생기부의 퀄리티가 남다르다는 점을 알 수 있음. 학생들도 만족하는 생기부를 매년 기대에 걸맞게 작성해주심. 작년에 모의투자대회도 열었고 독도 골든벨 대회도 여는 등 다양한 활동을 했음. 2학기 때는 굿윌이랑 연합해서 경영, 경제학 관련 활동을 진행했다고 들음. 경영보다는 경제 색이 더 강한 동아리인만큼 경상계열 쪽 학생들은 패스 파인더라는 괜찮은 선택지가 있다는 걸 알았으면 함. 5. 도일 먼저 도일은 작년에 두 번의 모의유엔을 열었음. 2학기 때 진행한 모의유엔에 직접 참가도 해봤는데, 생각했던 것보다 행사 운영이 매끄러웠고, 행사 준비를 꼼꼼하게 했다는 느낌을 받았음. 정치외교, 특히 외교쪽에도 강한 동아리라고 생각해서 관련 학과를 지망하고 있는 친구들은 도일도 좋은 선택지라고 생각함. 담당 선생님은 3학년 총무이신 ㅁㄱㄹ 선생님인데, 동아리 활동에 의욕도 있으시고 추진력이 상당하시기 때문에 활동 걱정은 할 필요 없다고 생각함. 6. 굿윌 굿윌은 작년에 연구진이 새롭게 활동한 걸로 알고 있음. 원래는 창업 관련 활동만 하는 줄 알았는데 화학 계열 부원들끼리 모여서 연구도 진행했다고 함. 또 문과 동아리 대부분이 나가는 ja korea 대회에서도 순위 안에 들었다고도 함. 작년 교내 활동은 전체적으로 놓고 봐도 굿윌의 이름에 비해서는 많이 아쉬웠지만 각종 대회에 참가하면서 개개인의 생기부는 질 좋게 마무리했을 거라고 생각함. 또 굿윌 전 회장의 능력은 2, 3학년 통틀어서도 넘사라고 생각해서 경영에 관심이 많은 1학년 친구들에게는 실무적 역량을 키울 수 있는 좋은 기회가 아닐까라고 생각함. 그 외에도 인스파이어, 문진탐, 비컴어브랜드 등 문과 동아리는 더 있음. 이 동아리들에 대해서는 아는 게 많이 없어서 굳이 적진 않겠음. 무작정 디시에서 바이럴되는 동아리나 유명한 동아리들을 들어가야 한다라는 마음가짐보다는 자신의 색깔과 계열에 맞는 동아리에 지원해서 ""열심히"" 활동하고 선배들과 친해지는 게 좋다고 생각함. 좋은 동아리에 들어가면 되는 게 아니라 그 안에서 너네가 할 활동과 선배들과의 관계가 제일 중요함. 선배들처럼 동아리 순위 매기기에 목매지 말고 동아리에 지원했으면 좋겠고 자신의 진로를 아직 정하지 못한 친구들은 꼭 진로에 대해서 학기 초반에 고민을 해봤으면 하는 바람임.",오량인 (183.107) 2026.03.08 00:31:19 스크랩 조회 858 추천 17 댓글 3,17,858,2026.03.08 00:31:19,https://gall.dcinside.com/mgallery/board/view/?id=daeshinhigh&no=13862&page=12
13863,[동아리],"디시로 보다, 파굿액 -> 파액,파액굿 -> 파액스?의 역사",최근 동아리 시즌이 곧 시작되며 갈드컵이 시작 됐는데 디시에서 부르는 파~로 시작하는 디시 언급 상위 3개 동아리의 역사를 알아봄 대마갤에서 파~ 로 시작하는 뭉탱이 중 가장 먼저 자리를 잡은 파굿액 2025년 2월 22일 이후로는 액이 앞으로 올라가며 파액~이라는 템플릿으로 불리며 굿은 완전히 뒤로 떨어짐 파액굿 번외로 파액굿 이라는 명칭은 2024년 1월 22일부터 쓰이며 파굿액보다 언급은 미약했으나 굿이 떨어진 후 파액굿이라는 명칭으로 자주 쓰이며 현재까지 오게됨 파액 디시에서 굿이 3번빼 자리로 물러난 후 몇개월 부터 굿에 대한 인식이 전보다 좋지 않아진 후 아예 빼버린 변종인 파액이 쓰이기 시작함. 여러의미로 묶여 불리다 가 2025년 12월 쯤부터 미약하게 사용되나 현재도 사용됨 파액스 사실 쓰인것 만큼은 2024년 부터 였으나 2025년 3월 전까지는 파액스가 3개 뿐애 없었으나 이후 2026년 1월 부터 파굿액과 함께 많이 쓰이게 됨 현재는 비슷비슷한 빈도임 디시로 동아리 언급의 역사를 알아봐서 재밌었음 번외로 파액날 파액크 파굿액캡 등등 여러가지가 많더라 계속 자리를 지키는 파액이 특히 파가 대단하다고 느낌 10 09들 모두 준비 잘해서 원하는 좋은 동아리 들어가길,비큐 2026.03.08 00:57:41 스크랩 조회 489 추천 12 댓글 3,12,489,2026.03.08 00:57:41,https://gall.dcinside.com/mgallery/board/view/?id=daeshinhigh&no=13863&page=12
13861,[열람주의❗],1학년들아 조심해야 할 선생들 딱 알려준다,1. ㅂㅅㅎ 사람이 답답함 학교에 휴일 방학까지 항상 서식하면서 생기부 기본적으로 ㅈㄴ 늦게 주고 (작년 2학년 기준으로 1학기때 하는 화1이랑 2학기때 하는 화2 생기부가 다음해 2월 말에 나옴) 그렇다고 내용이 ㅅㅌㅊ도 아님 수정사항 반영하려면 기본 몇시간에서 며칠 장기전으로 끌고가야하고 그마저도 빠꾸먹은 애들이 많았으니 최대한 찾아갈 일 없게 미리미리 대비하셈 담임 걸렸으면 종례 늦게끝나는거 기본에 항상 학교에 서식하기 때문에 야자 못뺌 현장체험 날에 학년부에서 하라는 이상한 쓸데없는 미션 유도리 없게 다 하도록 시키고 확인까지 해서 다른반에 비해 매우 늦게 집에 가고 자율진로개특행특 생기부 정리할때 앞서 말한 이유로 3 시간 상담하고 얻는건 하나도 없는 상당히 아름다운 상황이 펼쳐지니까 매우매우 유감이다 참고로 인사 질문 좋아하니까 이미지 잘 박으려면 인사 잘하고 질문 많이 하고 댕겨라 2. ㄱㅎㅈ 대신고 5층 옥탑방에 서식함 이분이 하는 교과 선생이 이분 하나밖에 없어서 모든 오량인이 1 2학년 기본으로 계속 봐야함 이분에 대해 말하려면 논문을 써도 모자라니까 이하 설명 생략하고 선배들한테 썰 한번 들어봐라 대표적으로 작년 대마겔 역사상 사례가 거의 없는 개추만 90개가 넘게 박힌 자기 디시 저격글에 본인이 등판한 썰이 있음ㅇㅇ 나머지 선생님들은 심각하게 문제있는 선생을 많이 못본거 같아서 이 둘만 정리한다,오량인 (211.244) 2026.03.07 23:14:44 스크랩 조회 1167 추천 23 댓글 11,23,1167,2026.03.07 23:14:44,https://gall.dcinside.com/mgallery/board/view/?id=daeshinhigh&no=13861&page=12
13860,[일반],이과 관련 동아리,"파,액-씹ㅅㅌㅊ 굿,스,크,날-중상ㅌㅊ 라이프니츠,아멘 ㅍㅌㅊ 이게 맞지 않노",오량인 (223.39) 2026.03.07 21:36:14 스크랩 조회 356 추천 3 댓글 2,3,356,2026.03.07 21:36:14,https://gall.dcinside.com/mgallery/board/view/?id=daeshinhigh&no=13860&page=12
13858,[일반],일반고 고1 2학기 대신고 전입,일반고 다니고 공부는 좀 하는편이라 내신 평균2는 나올거같은데 어떤기준으로 전입 받나요? 자리 비면 그냥 받는건가요? - dc official App,난뻔한작전엔안속네 2026.03.07 17:54:49 스크랩 조회 397 추천 3 댓글 2,3,397,2026.03.07 17:54:49,https://gall.dcinside.com/mgallery/board/view/?id=daeshinhigh&no=13858&page=12
13857,[일반],퓨징사이언스,1학년입니다 이공계열 희망하는데 선호 동아리들은 짱짱한 스펙이 있어야 뽑고 들어가기도 힘들다해서 ㅂㅅㅎ선생님이 하시는 퓨징사이언스? 소개영상 보니까 나쁘지 않은거같은데 여기 들어가서도 열심히 하면 비선호동아리라도 ㄱㅊ지 않을까요? 선배님들께 여쭙고싶습니다. 또 생기부는 어떻게 써주시는지 궁금합니다.(열심히 활동 참여했을때),오량인 (112.148) 2026.03.07 16:39:26 스크랩 조회 399 추천 5 댓글 3,5,399,2026.03.07 16:39:26,https://gall.dcinside.com/mgallery/board/view/?id=daeshinhigh&no=13857&page=12
13856,[일반],선배님들,동아리 자기소개서 이런 거 쓸 때 자랑하면 오히려 안좋게 보일까요??.. - dc official App,오량인 (1.245) 2026.03.07 13:18:20 스크랩 조회 295 추천 0 댓글 1,0,295,2026.03.07 13:18:20,https://gall.dcinside.com/mgallery/board/view/?id=daeshinhigh&no=13856&page=12
13854,[정보],2학기 선택과목 변경 가능한가요?,09년생 2학년 2학기 선택 과목 변경 가능한가요?,오량인 (49.143) 2026.03.07 06:51:18 스크랩 조회 250 추천 0 댓글 1,0,250,2026.03.07 06:51:18,https://gall.dcinside.com/mgallery/board/view/?id=daeshinhigh&no=13854&page=12
13855,[일반],스테미너스,솔직히 스테미너스 너무 고평가 아님? 스템콘도 인맥으로 뽑고 활동도 윗학년들이 잘해준거 아닌가,오량인 (121.159) 2026.03.07 08:52:55 스크랩 조회 631 추천 14 댓글 20,14,631,2026.03.07 08:52:55,https://gall.dcinside.com/mgallery/board/view/?id=daeshinhigh&no=13855&page=12
13852,[질문],ㅇㅈㄱ쌤 어떤가요,제목 그대로 선배님들 ㅇㅈㄱ 쌤 어떤가요,오량인 (122.34) 2026.03.07 01:35:19 스크랩 조회 398 추천 0 댓글 0,0,398,2026.03.07 01:35:19,https://gall.dcinside.com/mgallery/board/view/?id=daeshinhigh&no=13852&page=12
13851,[일반],기회균형,9등급제 기준 3.9 경영쪽이면 기균 고른기회로 6장 어떻게 써야하나요 꿀팁 전수좀 해주세요 선배님들 - dc official App,오량인 (117.111) 2026.03.07 01:28:07 스크랩 조회 286 추천 2 댓글 3,2,286,2026.03.07 01:28:07,https://gall.dcinside.com/mgallery/board/view/?id=daeshinhigh&no=13851&page=12
13849,[일반],ㅂㅅㅎ,ㅂㅅㅎ 안 좋다는 말들이 많던데 진짜인가요?(없는 소문은 아닐거 같긴합니다만...)   그외 별로인 쌤들 있으면 알려주실수있나요?,오량인 (222.114) 2026.03.06 22:52:39 스크랩 조회 565 추천 1 댓글 5,1,565,2026.03.06 22:52:39,https://gall.dcinside.com/mgallery/board/view/?id=daeshinhigh&no=13849&page=12
13847,[일반],여기 주파딱 계보가 어케되노,,ㅇㅇ 2026.03.06 21:21:37 스크랩 조회 267 추천 0 댓글 1,0,267,2026.03.06 21:21:37,https://gall.dcinside.com/mgallery/board/view/?id=daeshinhigh&no=13847&page=12
13848,[일반],신입생들아,파액스 아니라 파액굿이라고 ㅅ발ㅋㅋ,오량인 (211.230) 2026.03.06 22:26:16 스크랩 조회 345 추천 1 댓글 3,1,345,2026.03.06 22:26:16,https://gall.dcinside.com/mgallery/board/view/?id=daeshinhigh&no=13848&page=12
13845,[일반],굿윌 켄텍,굿윌 개나락간건 아는데 설마 켄텍까지 떨어진건 아니지?,오량인 (14.50) 2026.03.06 19:12:12 스크랩 조회 561 추천 14 댓글 7,14,561,2026.03.06 19:12:12,https://gall.dcinside.com/mgallery/board/view/?id=daeshinhigh&no=13845&page=12
13846,[동아리],신입생 동아리관련 여쭤볼거,파액스같은 goat동아리 들어가고 싶은데 뭐 잘해야하는지 아니면 어떤점 어필해야 선배들이 좋아할지 궁금합니다,오량인 (118.216) 2026.03.06 21:13:31 스크랩 조회 355 추천 0 댓글 4,0,355,2026.03.06 21:13:31,https://gall.dcinside.com/mgallery/board/view/?id=daeshinhigh&no=13846&page=12
13844,[일반],2학년 동아리,각 메이저 동아리에서는 최대 몇명씩 모집하냐. 전레 동아리 에바여도 사람이 ㄱㅊ으면 뽑아주냐,오량인 (59.26) 2026.03.06 17:28:37 스크랩 조회 411 추천 1 댓글 4,1,411,2026.03.06 17:28:37,https://gall.dcinside.com/mgallery/board/view/?id=daeshinhigh&no=13844&page=12
13842,[일반],대신고 쌤들중,팔씨름 탑3 누구일거 같음?,오량인 (121.65) 2026.03.06 15:02:34 스크랩 조회 502 추천 0 댓글 2,0,502,2026.03.06 15:02:34,https://gall.dcinside.com/mgallery/board/view/?id=daeshinhigh&no=13842&page=12
13843,[열람주의❗],잊혀진 약속.jpg,,오량인 (116.125) 2026.03.06 16:37:16 스크랩 조회 568 추천 3 댓글 9,3,568,2026.03.06 16:37:16,https://gall.dcinside.com/mgallery/board/view/?id=daeshinhigh&no=13843&page=12
13841,[일반],이거 뭐야ㅋㅋㅋㅋㅋ,대신콘도 있노ㅋㅋㅋ,u님 2026.03.06 07:41:10 스크랩 조회 373 추천 1 댓글 3,1,373,2026.03.06 07:41:10,https://gall.dcinside.com/mgallery/board/view/?id=daeshinhigh&no=13841&page=12
13840,[일반],신입생들아 조언 하나 한다,"본인이 현재 ㅇㅈㄱ ㅂㅅㅎ ㅇㅇㄱ 쌤 반이다? 진짜 어떻게 해서든 반 옮겨라 아니면 차라리 전학가라. 이 쌤들 반이면 대학입시, 즐거운 고등학교 생활 모두를 놓치게 된다.",오량인 (218.147) 2026.03.06 02:33:55 스크랩 조회 777 추천 12 댓글 2,12,777,2026.03.06 02:33:55,https://gall.dcinside.com/mgallery/board/view/?id=daeshinhigh&no=13840&page=12
13839,[일반],수행평가,보통 수행평가 몰아치는 시즌에 해도 다 할 만 한가요? 아니면  미리미리 해야지 할 수 있나요?,오량인 (121.184) 2026.03.05 23:42:43 스크랩 조회 374 추천 0 댓글 3,0,374,2026.03.05 23:42:43,https://gall.dcinside.com/mgallery/board/view/?id=daeshinhigh&no=13839&page=12
13838,[일반],라이프니츠 질문,활동 괜찮나요? 담당쌤이나 회장님은 어떤가요? - dc official App,파수꾼 2026.03.05 23:15:59 스크랩 조회 422 추천 4 댓글 7,4,422,2026.03.05 23:15:59,https://gall.dcinside.com/mgallery/board/view/?id=daeshinhigh&no=13838&page=12
13832,[질문],한양대,5등급 기준 한양대면 평균 몇 정도 나와야함?,오량인 (112.150) 2026.03.05 17:41:28 스크랩 조회 352 추천 1 댓글 1,1,352,2026.03.05 17:41:28,https://gall.dcinside.com/mgallery/board/view/?id=daeshinhigh&no=13832&page=13
13834,[일반],똥먹어라,뿌직,오량인 (39.119) 2026.03.05 17:51:59 스크랩 조회 313 추천 0 댓글 2,0,313,2026.03.05 17:51:59,https://gall.dcinside.com/mgallery/board/view/?id=daeshinhigh&no=13834&page=13
13831,[일반],선배님들 ㅇㅈㄱ쌤 어떠신가요,엄청 유하신 분은 맞는거같은데 수업중에 욕은 기본에 자지보지 이러시는데 좀 무섭습니다 ㅠㅠㅠ - dc official App,오량인 (211.235) 2026.03.05 16:47:20 스크랩 조회 530 추천 3 댓글 2,3,530,2026.03.05 16:47:20,https://gall.dcinside.com/mgallery/board/view/?id=daeshinhigh&no=13831&page=13
13836,[일반],국어,이번에 예비 고1이되어서 대신고에 관심이 생겼는데 조금 이르긴하지만 미리 준비하면 도움이 많이 될것같아서 글한번 남김니다! 대신고 오기전에 국어는 어떤걸 하고오면 좋은지 알려주심 정말 감사하겠습니다!,오량인 (211.235) 2026.03.05 23:03:33 스크랩 조회 359 추천 0 댓글 7,0,359,2026.03.05 23:03:33,https://gall.dcinside.com/mgallery/board/view/?id=daeshinhigh&no=13836&page=13
13835,[일반],야자,금요일도 야자있나요?,오량인 (118.235) 2026.03.05 21:28:59 스크랩 조회 352 추천 0 댓글 6,0,352,2026.03.05 21:28:59,https://gall.dcinside.com/mgallery/board/view/?id=daeshinhigh&no=13835&page=13
13833,[일반],오독토 괜찮을까요,활동은 괜찮나요? 그리고 이번 회장님은 어떤가요,오량인 (104.28) 2026.03.05 17:44:05 스크랩 조회 484 추천 0 댓글 6,0,484,2026.03.05 17:44:05,https://gall.dcinside.com/mgallery/board/view/?id=daeshinhigh&no=13833&page=13
13837,[일반],과탐 질문있습니다!,"물화생을 선택했습니다 대신고 내신은 완자나 기출픽 처럼 나오나요 아니면 수능, 모의고사 형식인가요? 학원다니며 문제집을 풀지 인강을 들을지 고민됩니다",. (58.125) 2026.03.05 23:08:39 스크랩 조회 268 추천 1 댓글 1,1,268,2026.03.05 23:08:39,https://gall.dcinside.com/mgallery/board/view/?id=daeshinhigh&no=13837&page=13
13829,[일반],얘들아 그것만 알아둬라,"최고의 동아리는 굿윌이며, 참고로 내 동아리는 날샘이다.",오량인 (210.117) 2026.03.05 00:34:58 스크랩 조회 540 추천 3 댓글 5,3,540,2026.03.05 00:34:58,https://gall.dcinside.com/mgallery/board/view/?id=daeshinhigh&no=13829&page=13
13827,[일반],신입생 입학 환영 영상,이번년도는 병맛 많이 뺐네 09 오징어게임이랑 08 엔드게임 개처웃겼었는데,오량인 (1.227) 2026.03.04 22:59:58 스크랩 조회 339 추천 2 댓글 1,2,339,2026.03.04 22:59:58,https://gall.dcinside.com/mgallery/board/view/?id=daeshinhigh&no=13827&page=13
13825,[일반],대신인 들에게,시험 기간 말고 평소에 다들 야자 끝나고 뭐하나요? 집에 와서도 늦게 까지 공부하나요? 아니면 좀 쉬나요? - dc official App,대가리옵다 2026.03.04 22:33:14 스크랩 조회 363 추천 0 댓글 4,0,363,2026.03.04 22:33:14,https://gall.dcinside.com/mgallery/board/view/?id=daeshinhigh&no=13825&page=13
13818,[일반],대신고 선배님들,내신 2.8~3.1이렇게 나오시는 선배님들은 수시 6장 쓰실때 보통 최고랑 최저가 어디인가요? 이과입니다,. (223.39) 2026.03.03 21:27:43 스크랩 조회 482 추천 1 댓글 3,1,482,2026.03.03 21:27:43,https://gall.dcinside.com/mgallery/board/view/?id=daeshinhigh&no=13818&page=13
13823,[질문],10인데 다들 너무 어색합니다,수련회갔다오면 자연스럽게 다같이 친해지나요? 그리고 수련회에서는 교복입나요? - dc official App,오량인 (110.8) 2026.03.04 18:29:40 스크랩 조회 537 추천 1 댓글 6,1,537,2026.03.04 18:29:40,https://gall.dcinside.com/mgallery/board/view/?id=daeshinhigh&no=13823&page=13
13824,[일반],운동장 질문,외람되지만 10 운동장 구석탱이라도 쪼끔 사용해도 될까요..,오량인 (58.29) 2026.03.04 20:17:59 스크랩 조회 311 추천 1 댓글 2,1,311,2026.03.04 20:17:59,https://gall.dcinside.com/mgallery/board/view/?id=daeshinhigh&no=13824&page=13
13822,[일반],10 방학숙제,방학숙제 다 못했는데 어떻게 되나요? - dc official App,대가리옵다 2026.03.04 01:41:28 스크랩 조회 461 추천 1 댓글 4,1,461,2026.03.04 01:41:28,https://gall.dcinside.com/mgallery/board/view/?id=daeshinhigh&no=13822&page=13
13817,[일반],[대전대신고] 54기 입학 축하 영상,https://youtu.be/oP7jV8J28Ew,H__ 2026.03.03 17:33:00 스크랩 조회 621 추천 7 댓글 1,7,621,2026.03.03 17:33:00,https://gall.dcinside.com/mgallery/board/view/?id=daeshinhigh&no=13817&page=13
13816,[일반],안녕하십니까,대신고 기숙사에서 와이파이 공유기 가져와서 설치해도 되나요?,컴갤러 (211.235) 2026.03.03 16:26:05 스크랩 조회 410 추천 0 댓글 3,0,410,2026.03.03 16:26:05,https://gall.dcinside.com/mgallery/board/view/?id=daeshinhigh&no=13816&page=13
13815,[일반],안녕하세요,이터널리턴 하시는분 - dc official App,오량인 (223.39) 2026.03.03 16:17:17 스크랩 조회 324 추천 0 댓글 2,0,324,2026.03.03 16:17:17,https://gall.dcinside.com/mgallery/board/view/?id=daeshinhigh&no=13815&page=13
13813,[일반],야자 보통 언제부터 시작하나요??,10인데 언제부터 시작하는지 대략 알려주실분 계신가요??,오량인 (59.26) 2026.03.02 22:48:36 스크랩 조회 417 추천 0 댓글 5,0,417,2026.03.02 22:48:36,https://gall.dcinside.com/mgallery/board/view/?id=daeshinhigh&no=13813&page=13
13811,[일반],이번 졸업생에 외자 은근히 많더라,동생이 가져온 졸업앨범 봤는데 꽤 많은듯 나때는 외자 3~4명밖에 없었는디 근데 이기들 앨범 컨셉 ㅈ같은건 여전하네 -꼰-,u님 2026.03.02 17:59:54 스크랩 조회 458 추천 6 댓글 2,6,458,2026.03.02 17:59:54,https://gall.dcinside.com/mgallery/board/view/?id=daeshinhigh&no=13811&page=13
13812,[일반],입학 과제 관련,그 혹시 입학 과제중에 모의고사 푸는 숙제인데 안 하면 어떻게 되나요?,컴갤러 (121.183) 2026.03.02 19:58:41 스크랩 조회 430 추천 0 댓글 2,0,430,2026.03.02 19:58:41,https://gall.dcinside.com/mgallery/board/view/?id=daeshinhigh&no=13812&page=13
13814,[일반],굿윌이 아무리 나락갔어도,굿윌은 굿윌이야 우린 열심히 하는중이다,오량인 (221.158) 2026.03.03 00:21:24 스크랩 조회 544 추천 3 댓글 4,3,544,2026.03.03 00:21:24,https://gall.dcinside.com/mgallery/board/view/?id=daeshinhigh&no=13814&page=13
13810,[일반],정권교체,"완장진의 의견에 따라 오늘부터 나를 포함한 07 완장들을 전부 해임, 현 재학생 신분인 Gorani(lantern2288) 에게 주딱 권한을 위임하기로 결정함 고라니가 주딱 위임 신청을 수락하는대로 권한은 넘어갈거임 지금까지 수고해준 전전공이랑 빅맘한테 감사와 응원의 박수갈채 ㄱㄱ 그리고 지금까지 부족한 주딱 받아줘서 고맙고 남은 대신고 활동 화이팅이다! 종종 놀러올게",Ephemeral_ 2026.03.02 17:53:09 스크랩 조회 817 추천 23 댓글 8,23,817,2026.03.02 17:53:09,https://gall.dcinside.com/mgallery/board/view/?id=daeshinhigh&no=13810&page=13
13809,[일반],솔직히 동아리 고트는,"문과 제일 동아리 ""문화진로탐방""아니냐?ㅋㅋ 디시에서 거론 많이 안되는거보면 얼마나 좋은 동아리인지 알수있다ㅋㅋ",오량인 (211.230) 2026.03.02 14:11:39 스크랩 조회 617 추천 12 댓글 2,12,617,2026.03.02 14:11:39,https://gall.dcinside.com/mgallery/board/view/?id=daeshinhigh&no=13809&page=13
13808,[일반],ㅋㅋㅋㅋㅋ대신고아들 각오해라,방학 동안 공부 한 자도 안했다 존나깔아줄테니까 기대 이빠이로 해라,오량인 (223.39) 2026.03.02 13:09:36 스크랩 조회 552 추천 11 댓글 4,11,552,2026.03.02 13:09:36,https://gall.dcinside.com/mgallery/board/view/?id=daeshinhigh&no=13808&page=13
13807,[열람주의❗],자 신입생들 왔으면 슬슬 작업 시작해야겠지?,오늘부터 “동아리 야행”을 거행한다. 서로를 마음껏 저격하지 않겠나!,오량인 (183.107) 2026.03.02 12:01:00 스크랩 조회 796 추천 20 댓글 1,20,796,2026.03.02 12:01:00,https://gall.dcinside.com/mgallery/board/view/?id=daeshinhigh&no=13807&page=13
13806,[일반],대신고 ai 다 거르나?,대신고는 뭐 제출할때 ai 쓰면 다 걸린다는 소문이 있던대 진짜인가요?,오량인 (121.184) 2026.03.02 11:42:52 스크랩 조회 451 추천 0 댓글 3,0,451,2026.03.02 11:42:52,https://gall.dcinside.com/mgallery/board/view/?id=daeshinhigh&no=13806&page=13
13803,[일반],현시점 가장 호감인 동아리,10들 참고 ㄱㄱ,오량인 (123.215) 2026.03.01 23:06:51 스크랩 조회 614 추천 4 댓글 6,4,614,2026.03.01 23:06:51,https://gall.dcinside.com/mgallery/board/view/?id=daeshinhigh&no=13803&page=13
13805,[일반],10 기숙사 질문,이번에 기숙사 들어가는데 세탁실에 건조기 없나요 없으면 교복은 다들 어떻게 하고 계시나요? 여러벌 사시나요 아니면 빨아서 입는게 가능한가요,오량인 (59.27) 2026.03.01 23:41:45 스크랩 조회 348 추천 0 댓글 2,0,348,2026.03.01 23:41:45,https://gall.dcinside.com/mgallery/board/view/?id=daeshinhigh&no=13805&page=13
13804,[일반],방학숙제,담임마다 다른데 방학숙제 하나도 안해도 상관없던데,오량인 (211.230) 2026.03.01 23:07:34 스크랩 조회 293 추천 0 댓글 0,0,293,2026.03.01 23:07:34,https://gall.dcinside.com/mgallery/board/view/?id=daeshinhigh&no=13804&page=13
13802,[일반],대신고 사이트 오류났음?,지금 사이트 왜 저러냐 리뉴얼하는 것 같긴 한데 공지나 그런거 못보니까 좀 그런데;;;,오량인 (125.138) 2026.03.01 22:42:32 스크랩 조회 337 추천 0 댓글 3,0,337,2026.03.01 22:42:32,https://gall.dcinside.com/mgallery/board/view/?id=daeshinhigh&no=13802&page=13
13801,[일반],홈페이지 왜이럼,예비고1 독후감 양식 뽑아야되는데 홈페이지 왜이럼,오량인 (49.170) 2026.03.01 21:32:50 스크랩 조회 262 추천 3 댓글 2,3,262,2026.03.01 21:32:50,https://gall.dcinside.com/mgallery/board/view/?id=daeshinhigh&no=13801&page=13
13800,[일반],화제의 넷플릭스 추천작,"링컨 차를 타는 변호사 시즌4 시즌 1,2,3도 충분히 재밌었지만 시즌4는 보는 내내 도파민이 터진다 - dc official App",El_Salvador 2026.03.01 13:51:12 스크랩 조회 488 추천 7 댓글 7,7,488,2026.03.01 13:51:12,https://gall.dcinside.com/mgallery/board/view/?id=daeshinhigh&no=13800&page=13
13799,[일반],10 방학숙제 질문,모의고사 다 풀고 체점하고 오답하려는데 홈페이지가 터져서 답지를 못본다 ㅋㅋㅋ 어떡하지?,오량인 (121.184) 2026.03.01 10:27:14 스크랩 조회 403 추천 0 댓글 3,0,403,2026.03.01 10:27:14,https://gall.dcinside.com/mgallery/board/view/?id=daeshinhigh&no=13799&page=13
13797,[일반],고급화학,BaeT 없어서 살았으면 개추ㅋㅋㅋㅋ,오량인 (211.107) 2026.02.28 15:26:09 스크랩 조회 340 추천 5 댓글 1,5,340,2026.02.28 15:26:09,https://gall.dcinside.com/mgallery/board/view/?id=daeshinhigh&no=13797&page=13
13795,[일반],시간표,선배님들 09입니다 시간표 관련해서 궁금한게 있습니다 제 시간표 화ㅈ일 1교시에 빈칸이던데 이거 학교 늦게가도 되나요?,오량인 (223.39) 2026.02.28 09:45:55 스크랩 조회 356 추천 1 댓글 4,1,356,2026.02.28 09:45:55,https://gall.dcinside.com/mgallery/board/view/?id=daeshinhigh&no=13795&page=13
13796,[일반],대신고 물화생 난이도 어떤가요,대신고 물화생 난이도 어떤가요,오량인 (124.54) 2026.02.28 10:06:35 스크랩 조회 380 추천 0 댓글 1,0,380,2026.02.28 10:06:35,https://gall.dcinside.com/mgallery/board/view/?id=daeshinhigh&no=13796&page=13
13794,[일반],기숙사 룸메 배정은 어떻게 알 수 있을까요?,안녕하세요 이번에 입학하게 된 10입니다. 친구 3명이랑 맞춰서 같이 기숙사 썼고 희망 배정 친구에도 그 친구 3명을 맞춰 썼는데 같은 방에 배정 될까요?,컴갤러 (211.52) 2026.02.28 02:43:02 스크랩 조회 314 추천 0 댓글 2,0,314,2026.02.28 02:43:02,https://gall.dcinside.com/mgallery/board/view/?id=daeshinhigh&no=13794&page=13
13792,[일반],시간표표,인공지능 수학 2학년이랑 3학년이랑 같이 듣는데 이거 정상이냐? 2학년이랑 3학년이랑 분리해야 하는거 아님? 2학년은 부담스러워서 어떻게 수업 듣냐,오량인 (112.149) 2026.02.27 15:39:11 스크랩 조회 442 추천 2 댓글 5,2,442,2026.02.27 15:39:11,https://gall.dcinside.com/mgallery/board/view/?id=daeshinhigh&no=13792&page=13
13793,[일반],대회,좀 큰 대회 총정라 해주실뿐 - dc official App,오량인 (122.37) 2026.02.28 00:53:53 스크랩 조회 258 추천 0 댓글 2,0,258,2026.02.28 00:53:53,https://gall.dcinside.com/mgallery/board/view/?id=daeshinhigh&no=13793&page=13
13791,[일반],대신고에서 고대는 몇점대가 가나요?,- dc official App,오량인 (223.39) 2026.02.27 08:04:48 스크랩 조회 631 추천 0 댓글 4,0,631,2026.02.27 08:04:48,https://gall.dcinside.com/mgallery/board/view/?id=daeshinhigh&no=13791&page=13
13790,[일반],선배님들 혹시 야자,하면 몇 시에 시작해서 몇 시에 끝나나요? 그리고 야자 안 할 때는 몇 시에 끝나는지 알려주실 수 있나요?? - dc official App,오량인 (1.245) 2026.02.27 02:43:19 스크랩 조회 431 추천 1 댓글 1,1,431,2026.02.27 02:43:19,https://gall.dcinside.com/mgallery/board/view/?id=daeshinhigh&no=13790&page=13
13789,[일반],궁금한데,ㅅt 왜케 까임?,오량인 (121.124) 2026.02.27 02:27:07 스크랩 조회 303 추천 0 댓글 2,0,303,2026.02.27 02:27:07,https://gall.dcinside.com/mgallery/board/view/?id=daeshinhigh&no=13789&page=13
13788,[일반],ㅅㅅㅎ쌤,생기부 잘 적어주시나요?,오량인 (123.215) 2026.02.26 18:18:20 스크랩 조회 744 추천 1 댓글 6,1,744,2026.02.26 18:18:20,https://gall.dcinside.com/mgallery/board/view/?id=daeshinhigh&no=13788&page=13
13787,[일반],2학년 7반 담임,수학 ㅅㅅㅎ임 아님 국어임?,오량인 (121.65) 2026.02.26 11:38:16 스크랩 조회 612 추천 0 댓글 3,0,612,2026.02.26 11:38:16,https://gall.dcinside.com/mgallery/board/view/?id=daeshinhigh&no=13787&page=13
13786,[일반],3학년 선생님 라인업,역대 최고긴 한듯ㅇㅇ 고점도 높고 무엇보다 저점이 ㅈㄴ 높음 08 정신차리고 막판스퍼트 밟으면 07입결 따라잡는거 아니냐 - dc official App,오량인 (121.159) 2026.02.26 01:51:02 스크랩 조회 659 추천 6 댓글 3,6,659,2026.02.26 01:51:02,https://gall.dcinside.com/mgallery/board/view/?id=daeshinhigh&no=13786&page=13
13785,[일반],신입생 컷트라인 높았어서 내신 난이도 빡쎄질까요?,이번 대신고 신입생 컷트라인 높았는데 대신고 내신 난이도도 빡세질 가능성이 있을까요? 그렇게되면 일단은 활동 보다는 내신에 더 신경써야되는게 맞겠죠?,오량인 (112.147) 2026.02.25 21:17:49 스크랩 조회 463 추천 2 댓글 4,2,463,2026.02.25 21:17:49,https://gall.dcinside.com/mgallery/board/view/?id=daeshinhigh&no=13785&page=13
13784,[일반],7반은 희망과 절망의 반,3-7 ㅇㄱㄱ 2-7 ㅅㅅㅎ,오량인 (58.228) 2026.02.25 15:59:51 스크랩 조회 979 추천 27 댓글 4,27,979,2026.02.25 15:59:51,https://gall.dcinside.com/mgallery/board/view/?id=daeshinhigh&no=13784&page=13
13783,[일반],10인데요,평균적인 실력을 가지고있는 반이라고 가정했을때 35명중 반에서 몇등하면 중경외시or건동홍 이상은 가나요?,오량인 (211.230) 2026.02.25 13:36:16 스크랩 조회 482 추천 0 댓글 3,0,482,2026.02.25 13:36:16,https://gall.dcinside.com/mgallery/board/view/?id=daeshinhigh&no=13783&page=13
13781,[일반],선배님들,10인데 혹시 과목 상관없이 개학하기전에 꼭 해보고 입학하면 좋은것들좀 알려주실수있을까요? 곧 개학인데 한게 드럽게 없어서..,오량인 (121.152) 2026.02.25 01:24:25 스크랩 조회 418 추천 0 댓글 4,0,418,2026.02.25 01:24:25,https://gall.dcinside.com/mgallery/board/view/?id=daeshinhigh&no=13781&page=13
13782,[일반],5등급제,대신고에서 5등급제에서 몇점대가 중경외시 라인 가능함?,오량인 (223.39) 2026.02.25 13:00:16 스크랩 조회 370 추천 0 댓글 2,0,370,2026.02.25 13:00:16,https://gall.dcinside.com/mgallery/board/view/?id=daeshinhigh&no=13782&page=13
13770,[일반],제발,볼일 보고 물 좀 쳐내려라 ㅅㅂ진짜,오량인 (140.248) 2026.02.24 07:31:44 스크랩 조회 311 추천 3 댓글 1,3,311,2026.02.24 07:31:44,https://gall.dcinside.com/mgallery/board/view/?id=daeshinhigh&no=13770&page=14
13772,[일반],3학년 담임 라인업,1 ㄴㅊㅎ 2 ㅊㅅㄱ 3 ㅇㄷㅎ 4 ㅇㅅㄷ 5 ㅅㅇㅂ 6 ㅁㄱㄹ 7 ㅇㄱㄱ 8 ㅂㅈㅇ 9 ㅊㅈㅁ 10 ㄱㅅㅎ - dc official App,CloudR 2026.02.24 12:04:18 스크랩 조회 806 추천 3 댓글 2,3,806,2026.02.24 12:04:18,https://gall.dcinside.com/mgallery/board/view/?id=daeshinhigh&no=13772&page=14
13773,[일반],〇卜勹丨从丨!!!!!! 〇卜勹丨从丨 从卜 フ丨!!!!!!!!!!,ストス丨弖 卒人丨卫 今今 廿丨廿丨フ丨!!!! - dc official App,ㅇㅇ 2026.02.24 13:58:01 스크랩 조회 558 추천 2 댓글 4,2,558,2026.02.24 13:58:01,https://gall.dcinside.com/mgallery/board/view/?id=daeshinhigh&no=13773&page=14
13771,[일반],"2,3학년 담임 라인업 어떻게 됨?",?,오량인 (121.65) 2026.02.24 11:46:00 스크랩 조회 407 추천 0 댓글 1,0,407,2026.02.24 11:46:00,https://gall.dcinside.com/mgallery/board/view/?id=daeshinhigh&no=13771&page=14
13778,[일반],9둥급제 기준 5.4인데,어디까지 갈수있나요 급합니다 - dc official App,오량인 (118.235) 2026.02.24 21:59:04 스크랩 조회 461 추천 0 댓글 3,0,461,2026.02.24 21:59:04,https://gall.dcinside.com/mgallery/board/view/?id=daeshinhigh&no=13778&page=14
13780,[일반],2학년 담임쌤,1반 ㅇㅅㅂ 2반 ㅇㅎㄹ 3반 ㅇㅈㅁ 4반 ㄱㅂㅅ(new) 5반 ㅎㄱㅎ(복직) 6반 ㅈㅌㅈ 7반 ㅅㅅㅎ 8반 ㄴㅁㅎ(new) 9반 ㅅㅇㅇ 10반 ㄱㅅㄱ,오량인 (125.138) 2026.02.25 00:14:45 스크랩 조회 780 추천 0 댓글 4,0,780,2026.02.25 00:14:45,https://gall.dcinside.com/mgallery/board/view/?id=daeshinhigh&no=13780&page=14
13776,[일반],09년생 5등급제 개손해,네 안녕하세요 09년생인데요 5등급제 단위수 반영x기준 2.35 9등급제 단위수 반영x기준 3.71정도고 단위수 둘다 반영하면 5등급제는 떨어져서 2.41이고 9등급제로는 올라서 3.3정도인데 5등급제 2.41이면 평균 4.02정도던데 씨발 5등급제 만든새끼가서 죽여버려도되나요? 생기부도 존나 열심히 챙겻고 거기에 심지어 사통도돼서 존나잘가는거였는데 어떤 미친년이 5등급제를 쳐 만들어서 이지경까지 오게만드냐 씨발 정병걸리겠다 씨발,오량인 (211.230) 2026.02.24 17:21:23 스크랩 조회 657 추천 7 댓글 6,7,657,2026.02.24 17:21:23,https://gall.dcinside.com/mgallery/board/view/?id=daeshinhigh&no=13776&page=14
13774,[일반],옵티머스 vs 팀플,개좆같은 옵티머스 우리 할아버지 시절 컴 쓸빠엔 걍 돈좀 더 내고 팀플가라 옵티머스 크긴한데 시설이 개 앰창임. 피방의 절반이 마이크 안되는슈준이고 마우스가 존나끊겨서 1/3은 fps안되는 수준임. 걍 여긴 학교 패드도 없고 노트북도 없고 컴토도 옶는 애들이 생기부 쓰러오는 개쓰레기 시설임. 팀블 30분 시간제 좀 오바여도 걍 팀플가라 옵티머스는 진짜 앰뒤. 가 맞다 ㅇㅇ,오량인 (222.114) 2026.02.24 14:22:40 스크랩 조회 291 추천 5 댓글 1,5,291,2026.02.24 14:22:40,https://gall.dcinside.com/mgallery/board/view/?id=daeshinhigh&no=13774&page=14
13768,[일반],10질문있어요,대신고 전문 학원을 다니려고 하는데 더브레인코어 괜찮을까요..? 다니시거나 다녀보신 분들은 어떤지 비교나 알려주시면 감사하겠습니다.,오량인 (121.183) 2026.02.23 23:41:32 스크랩 조회 362 추천 0 댓글 2,0,362,2026.02.23 23:41:32,https://gall.dcinside.com/mgallery/board/view/?id=daeshinhigh&no=13768&page=14
13766,[일반],10인데 국어 선행 거의 못했는데 괜찮을까요,대신고 고등 국어 대비 학원을 못다녔는데 가서도 내신 잘 할 수 있을까요? 국어 어렵다해서 걱정이에요. 다른 친구들은 방학중에 대신고 국어대비반 학원가서 기출도 풀어보고 한것같은데 후회되네요. ㅜㅜ,오량인 (112.147) 2026.02.23 20:07:45 스크랩 조회 391 추천 1 댓글 5,1,391,2026.02.23 20:07:45,https://gall.dcinside.com/mgallery/board/view/?id=daeshinhigh&no=13766&page=14
13764,[일반],인생명언 조언해준다..,,오량인 (59.26) 2026.02.23 17:28:39 스크랩 조회 446 추천 4 댓글 4,4,446,2026.02.23 17:28:39,https://gall.dcinside.com/mgallery/board/view/?id=daeshinhigh&no=13764&page=14
13767,[열람주의❗],대신고 탈출은 능지순,"럭키 세븐인데, 애ㅐ뮈뒤진년 나가 뒤졎라",오량인 (58.78) 2026.02.23 20:52:09 스크랩 조회 595 추천 3 댓글 4,3,595,2026.02.23 20:52:09,https://gall.dcinside.com/mgallery/board/view/?id=daeshinhigh&no=13767&page=14
13765,[일반],고민,이번에 대신고 들어가는데 게이여서 고민이에요......... 애들 보고 하루종일 꼴린 상태로 있으면 어떡하죠?,오량인 (121.171) 2026.02.23 19:09:10 스크랩 조회 289 추천 1 댓글 4,1,289,2026.02.23 19:09:10,https://gall.dcinside.com/mgallery/board/view/?id=daeshinhigh&no=13765&page=14
13769,[일반],10들 위한 과목별 학원 추천,"국어 - 둔산마스터(ㅈㅁㅅ), 대치이강(ㄱㅌㅎ) 모티브에듀(ㄱㅇㅈ) 등등 앞에 둘을 가장 많이 다님 경험상 성향 차이인듯 둔마는 암기 위주, 필요한 정도만 집중해서 대치이강은 심화 내용도 추가로 + 모고대비 수학 - 시대인재, 더브코, 위드유, 양영, 진한 등등등 수학이 제일 많이 갈림 어느 학원에 몰려있지 않아서 특별히 추천해줄 곳이 없음 과학 - 시대인재(ㄱㅅㅎ), 더브코(ㅇㅎㅈ) 통과는 웬만해서는 둘 중 하나도 다니는 듯 본인 경험상 학원 안 다녀도 할만함 주변에선 더브코가 평은 좀 더 좋은듯 영어 - 위드유, 시대인재, 대치이강, 둔산마스터 여긴 위드유가 사람 젤 많은 거로 앎 시대인재랑 대치이강도 나름 늘어나고 있는 듯 얘들 많이 다니는 곳이 무조건적으로 좋은 곳은 아님, 본인이랑 맞는 곳 가는 게 젤 중요함.. 둔마에서 이강 와서 점수 오르는 경우도 있지만 반대 경우도 있는 것처럼. 열심히 하 면 그만큼 결과가 나옴 본인이 하는 게 젤 중요..!",Ik (121.159) 2026.02.24 02:02:14 스크랩 조회 627 추천 9 댓글 0,9,627,2026.02.24 02:02:14,https://gall.dcinside.com/mgallery/board/view/?id=daeshinhigh&no=13769&page=14
13763,[일반],수학학원,혹시 대신고다니시는 분들중에 깊생이나 쌤학원 다니시는분 있으신가요? - dc official App,오량인 (223.39) 2026.02.23 14:16:28 스크랩 조회 291 추천 0 댓글 1,0,291,2026.02.23 14:16:28,https://gall.dcinside.com/mgallery/board/view/?id=daeshinhigh&no=13763&page=14
13762,[질문],10인데 형님들 질문있습니다,수학이 부족하다고 느끼는데 질문있습니다 1.동네 학원 다니는데 대신고 전문반 있는 학원으로 가는게 무조건 좋을까요? 2.교재같은건 무엇을 푸는게 좋을까요 3.무조건 수학 문제를 많이 푸는게 좋을까요? 도와주세요 오량선배님들,오량인 (122.34) 2026.02.23 00:43:41 스크랩 조회 510 추천 0 댓글 9,0,510,2026.02.23 00:43:41,https://gall.dcinside.com/mgallery/board/view/?id=daeshinhigh&no=13762&page=14
13761,[일반],아직 생기부를 못 받았는데 수정 2월 23일 이후에도 될까요?,시간표에서는 2월 23일까지 수정이라 돼있는데.. 찾아보니 원래 원칙적으로 2월 28일 까지라는데 될까요,오량인 (106.101) 2026.02.22 23:13:22 스크랩 조회 342 추천 4 댓글 1,4,342,2026.02.22 23:13:22,https://gall.dcinside.com/mgallery/board/view/?id=daeshinhigh&no=13761&page=14
13760,[일반],발명동아리고트,솔직히 크리에이터아니냐?,오량인 (183.107) 2026.02.22 19:53:03 스크랩 조회 386 추천 0 댓글 5,0,386,2026.02.22 19:53:03,https://gall.dcinside.com/mgallery/board/view/?id=daeshinhigh&no=13760&page=14
13757,[일반],11인데 대신고가도 되나요?,충남은 내신 너무 어렵다고해서 대신고 가려고 합니다,오량인 (104.28) 2026.02.22 11:55:13 스크랩 조회 466 추천 0 댓글 6,0,466,2026.02.22 11:55:13,https://gall.dcinside.com/mgallery/board/view/?id=daeshinhigh&no=13757&page=14
13759,[일반],럭키세븐 학우분들 아직 생기부 못 받았나요?,설마 반배정까지 나왔은데여?,오량인 (58.78) 2026.02.22 16:28:14 스크랩 조회 397 추천 5 댓글 1,5,397,2026.02.22 16:28:14,https://gall.dcinside.com/mgallery/board/view/?id=daeshinhigh&no=13759&page=14
13758,[일반],반배정,야르하다.,오량인 (104.28) 2026.02.22 12:15:09 스크랩 조회 475 추천 4 댓글 4,4,475,2026.02.22 12:15:09,https://gall.dcinside.com/mgallery/board/view/?id=daeshinhigh&no=13758&page=14
13756,[일반],대회 질문,선배님들 이번에 탐구대화 RnE? 그런개 잇다는데 이번에 몇팀정도 댜신고에서 상 받았나요?? - dc official App,오량인 (122.37) 2026.02.22 08:30:01 스크랩 조회 217 추천 0 댓글 0,0,217,2026.02.22 08:30:01,https://gall.dcinside.com/mgallery/board/view/?id=daeshinhigh&no=13756&page=14
13754,[일반],대신고에 게이있냐?,있으면 함 빨아줄게 ㅇㅇ,오량인 (183.107) 2026.02.21 19:32:08 스크랩 조회 644 추천 15 댓글 3,15,644,2026.02.21 19:32:08,https://gall.dcinside.com/mgallery/board/view/?id=daeshinhigh&no=13754&page=14
13755,[일반],갤러리 순회 열차,1. 편의점 갤러리 2. 요리 갤러리 3. 리그 오브 레전드 갤러리 4. PKL 마이너 갤러리 5. 해외야구 갤러리 6. 퓨처스리그 마이너 갤러리 7. 명신고 마이너 갤러리 8. F1(포뮬러 원) 마이너 갤러리 9. 할머니 마이너 갤러리 10. 블루 아 카이브 마이너 갤러리 11. 컴투스프로야구 V26 마이너 갤러리 12. 이재 명은 합니다 마이너 갤러리 13. 도나츠와 서커스 마이너 갤러리 14. 한국만화 마이너 갤러리 15. 주술회전 마이너 갤러리 16. 국내야구 갤러리 17. 프리파라 갤러리 18. 오늘의 한요일은 여자다 마이너 갤러리 19. 두산 베어스 갤러리 20. LG 트윈스 갤러리 21. 겨드랑이 마이너 갤러리 22. 페트라 레이테 마이너 갤러리 23. 버블파이터 마이너 갤러리 24. 대출 갤러리 25. 귀혼 마이너 갤러리 26. 히스토리아 마이너 갤러리 27. QW ER(큐 떱이알) 마이너 갤러리 28. 맨체스터 유나이티드 앱 마이너 갤러리 29. 리버풀 FC 마이너 갤러리 30. 러브코미디만화 마이너 갤러리 31. 학원 아이돌마스터 마이너 갤러리 32. 미국 주 식 마이너 갤러리 33. 해외주 식 마이너 갤러리 34. 첼 시 위민 마이너 갤러리 35. 미국 정치 마이너 갤러리 36. 데스티니 마이너 갤러리 37. 중도정 치 마이너 갤러리 38. 국 민의힘 비대위 마이너 갤러리 39. 2026 밀라노 동계올림픽 갤러리 40. 롯데 자이언츠 갤러리 41. 라멘 미 니 갤러리 42. IFBB (국제보디빌딩연맹) 마이너 갤러리 43. 로자 룩셈부르크 마이너 갤러리 44. 카운터 스트라이크 2 마이너 갤러리 45. 로자 룩셈부르크 마이너 갤러리 46. 아스날 마이너 갤러리 47. 슈타인즈 게이트 마이너 갤러리 48. 박태준 유니버스 마이너 갤러리 49. 여장 갤러리 50. 랄로 마이너 갤러리 51. 배틀그 라운드 갤러리 52. 남자 연예인 갤러리 53. 여자 연예인 갤러리 54. 생산직 갤러리 55. 한석원 마이너 갤러리 56. 시대인재 N 재수종합 마이너 갤러리 57. 콜오브듀티 모던워페어 마이너 갤러리 58. 지오메트리 대시 마이너 갤러리 59. 국내 하꼬 버츄얼 미니 갤러리 60. 돌 마이너 갤러리 61. 제트(발로란트) 마이너 갤러리 62. 싱글벙글 지구촌 마이너 갤러리 63. 한석원 마이너 갤러리 64. 정병호 마이너 갤러리 65. 대전대신고 마이너 갤러리,녜읭 2026.02.21 20:13:42 스크랩 조회 493 추천 0 댓글 9,0,493,2026.02.21 20:13:42,https://gall.dcinside.com/mgallery/board/view/?id=daeshinhigh&no=13755&page=14
13753,[일반],기숙사 성욕,기숙사 들어가면 성욕 어떻게 푸나요… ㅈㅇ 매일 해야 되는데,오량인 (121.171) 2026.02.21 07:04:55 스크랩 조회 670 추천 4 댓글 3,4,670,2026.02.21 07:04:55,https://gall.dcinside.com/mgallery/board/view/?id=daeshinhigh&no=13753&page=14
13747,[일반],ㅇㄴ근데 이번에 연대기균,기균 3.7인가 3.5에 연대 붙은거면 존나 레전드인데 왜케 널리 안퍼짐? 구라아님 이거?,오량인 (211.230) 2026.02.20 02:03:12 스크랩 조회 411 추천 3 댓글 0,3,411,2026.02.20 02:03:12,https://gall.dcinside.com/mgallery/board/view/?id=daeshinhigh&no=13747&page=14
13752,[열람주의❗],중앙대생 ㅅㅅㄱ의 일탈,,ㅇㅇ (116.125) 2026.02.21 01:06:31 스크랩 조회 743 추천 3 댓글 7,3,743,2026.02.21 01:06:31,https://gall.dcinside.com/mgallery/board/view/?id=daeshinhigh&no=13752&page=14
13749,[일반],다들,BaeT 좋아하면 개추 한번씩 눌러볼까? - dc official App,오량인 (116.33) 2026.02.20 13:50:38 스크랩 조회 316 추천 1 댓글 1,1,316,2026.02.20 13:50:38,https://gall.dcinside.com/mgallery/board/view/?id=daeshinhigh&no=13749&page=14
13746,[일반],VVVVVV밑에 크리 저격글,높은 확률로 크리 음해하는 비컴어브랜드 아님? 아이큐 2자리 이상이면 누가 바이럴을 저따위로 하노,오량인 (58.228) 2026.02.20 00:16:01 스크랩 조회 366 추천 8 댓글 2,8,366,2026.02.20 00:16:01,https://gall.dcinside.com/mgallery/board/view/?id=daeshinhigh&no=13746&page=14
13750,[일반],월요일 세특마감인데 아직 자율진로개인행특 못 받은 반은,어떻게 되는 거임?,오량인 (149.88) 2026.02.20 14:54:09 스크랩 조회 467 추천 5 댓글 2,5,467,2026.02.20 14:54:09,https://gall.dcinside.com/mgallery/board/view/?id=daeshinhigh&no=13750&page=14
13745,[일반],진짜 좋은 동아리 하나 추천해준다,누가 뭐라해도 대신고 최고의 발명동아리는 크리에이터임 파액크가 정배인데 파액스는 뭐냐ㅉㅉ 모두들 크리에이터와라 무슨 ㅈ밥 싸이빌 이런곳 가지말고ㅋㅋㅋ 크리에이터 09맴버 ㅈ되니까 꼭와라 다른 ㅈ밥 허수들과는 비교불가임 문과동아리면 원프 법정말고는 다 ㅈ밥이니까 이상한곳가지마라,오량인 (104.28) 2026.02.19 15:48:46 스크랩 조회 830 추천 2 댓글 14,2,830,2026.02.19 15:48:46,https://gall.dcinside.com/mgallery/board/view/?id=daeshinhigh&no=13745&page=14
13743,[일반],10 질문,1.3모 잘나와야하나요? 2.책추천하시는거 있나요?(이공계열) 3.공부잘한다고 어필하면 동아리 면접때 도움되나요? 4.과잠 색깔뭔가요?(핑크색 이러지마세요...),오량인 (211.230) 2026.02.18 19:19:18 스크랩 조회 506 추천 0 댓글 5,0,506,2026.02.18 19:19:18,https://gall.dcinside.com/mgallery/board/view/?id=daeshinhigh&no=13743&page=14
13742,[일반],대신고 코딩,08 중에는 코딩 좀 친다는 사람 많음? ai 쓴다는 애들 빼면 있냐?,오량인 (221.158) 2026.02.18 15:38:13 스크랩 조회 449 추천 2 댓글 7,2,449,2026.02.18 15:38:13,https://gall.dcinside.com/mgallery/board/view/?id=daeshinhigh&no=13742&page=14
13741,[일반],BaeT: 얘들아 난 하루에 두시간씩 자면서 업무한다,허나 너희들도 그 업무가 휴일에도 학교 나와서 ㅊㅈㅁ쌤이랑 등산컨텐츠 보는거라고는 예상하지 못했을 것이다,오량인 (211.244) 2026.02.17 20:51:45 스크랩 조회 716 추천 16 댓글 3,16,716,2026.02.17 20:51:45,https://gall.dcinside.com/mgallery/board/view/?id=daeshinhigh&no=13741&page=14
13739,[일반],이미 성인이 된 입장에서 여고딩을 합법으로 좋아해도 되는건,너네들이 마지막이야 즐겨 여보고생지~,ㅇㅇ (106.101) 2026.02.17 16:15:05 스크랩 조회 506 추천 6 댓글 7,6,506,2026.02.17 16:15:05,https://gall.dcinside.com/mgallery/board/view/?id=daeshinhigh&no=13739&page=14
13738,[일반],형님들 학교에서 노트북 충천은 어떻게 하나요,- dc official App,오량인 (39.119) 2026.02.16 21:40:59 스크랩 조회 425 추천 0 댓글 5,0,425,2026.02.16 21:40:59,https://gall.dcinside.com/mgallery/board/view/?id=daeshinhigh&no=13738&page=14
13736,[일반],ㅂㅅㅎ 생기부 언제 주냐,이 형님은 항상 늦으셔 ㅅㅂ,오량인 (106.101) 2026.02.16 11:08:49 스크랩 조회 634 추천 4 댓글 6,4,634,2026.02.16 11:08:49,https://gall.dcinside.com/mgallery/board/view/?id=daeshinhigh&no=13736&page=14
13737,[일반],BaeT 하루에 두시간씩 자면서 작업한다 했다며,허나 아직까지도 7반 생기부를 안 주는 ㅋㅋㅋㅋㅋㅋㅋㅋㅋㅋ,오량인 (58.78) 2026.02.16 15:24:20 스크랩 조회 688 추천 14 댓글 2,14,688,2026.02.16 15:24:20,https://gall.dcinside.com/mgallery/board/view/?id=daeshinhigh&no=13737&page=14
13734,[일반],연대 고대 수능최저,때문에 떨어진 분들은 재수 하나요?? - dc official App,오량인 (1.245) 2026.02.15 01:22:01 스크랩 조회 444 추천 0 댓글 1,0,444,2026.02.15 01:22:01,https://gall.dcinside.com/mgallery/board/view/?id=daeshinhigh&no=13734&page=14
13735,[일반],서성한 공대,서성한중에 공대는 서강이 가장 낮은거같은데 9등급제 기준으로 3.중반까지는 도전해볼만한가요? 이번입결에 3점대가 있나요?,오량인 (106.101) 2026.02.15 11:11:59 스크랩 조회 623 추천 2 댓글 6,2,623,2026.02.15 11:11:59,https://gall.dcinside.com/mgallery/board/view/?id=daeshinhigh&no=13735&page=14
13733,[일반],수학,대신고 수학 내신은 특별히 학원안다니고 인강으로 커버 가능한가요?,오량인 (223.39) 2026.02.14 22:51:48 스크랩 조회 399 추천 1 댓글 2,1,399,2026.02.14 22:51:48,https://gall.dcinside.com/mgallery/board/view/?id=daeshinhigh&no=13733&page=14
13731,[일반],엘살바도르 왜 이렇게 ㅂㅅ짓 많이 하냐,솔직히 인정하면 개추,오량인 (91.207) 2026.02.14 14:15:44 스크랩 조회 816 추천 78 댓글 6,78,816,2026.02.14 14:15:44,https://gall.dcinside.com/mgallery/board/view/?id=daeshinhigh&no=13731&page=14
13728,[일반],법정 vs 도일,법정 링크로 보지말고 그냥 법정으로만 봤을때 어디가 더 나음?,오량인 (211.230) 2026.02.13 16:31:43 스크랩 조회 407 추천 6 댓글 9,6,407,2026.02.13 16:31:43,https://gall.dcinside.com/mgallery/board/view/?id=daeshinhigh&no=13728&page=14
13729,[일반],법정이 이과동아리로 바뀐다고?,대신고 문과 최고 ㄴㅅㅁ 보유에 대신고 최고 법동아리 타이틀을 버리면서까지 굳이 이미 티어 잡혀있는 이과동아리 풀로 뛰어든다? 이건 좀 아닌듯 그냥 문과위주 법 동아리 정체성을 계속 가져가고 이과부서 따로 하나 더 개설해서 연계 활동 한다 정도인듯,오량인 (119.149) 2026.02.13 19:02:20 스크랩 조회 461 추천 9 댓글 5,9,461,2026.02.13 19:02:20,https://gall.dcinside.com/mgallery/board/view/?id=daeshinhigh&no=13729&page=14
13727,[일반],급식,기대하지마라 10들아,오량인 (182.231) 2026.02.13 16:27:15 스크랩 조회 258 추천 0 댓글 2,0,258,2026.02.13 16:27:15,https://gall.dcinside.com/mgallery/board/view/?id=daeshinhigh&no=13727&page=14
13726,[일반],10들 믿을만한 동아리 정보글,https://m.dcinside.com/board/daeshinhigh/13698 진로별 괜찮은 동아리 정리(바이럴X) - 대전대신고 마이너 갤러리 이과 SW/HW  1. 파인더  2. 액트  3. 스테미너스/크리에이터여기는 다 이과 GOAT NS  1. 날샘  2. 캡슐/라이프니츠  3. 싱귤레러티여기선 날샘까지가 GOAT캡슐/라이프니츠도 충분히 좋은 동아리임 m.dcinside.com 이 글이 그나마 바이럴 요소도 없고 객관적인 내용이 있음 - dc official App,El_Salvador 2026.02.13 14:39:38 스크랩 조회 728 추천 18 댓글 5,18,728,2026.02.13 14:39:38,https://gall.dcinside.com/mgallery/board/view/?id=daeshinhigh&no=13726&page=14
13725,[일반],싸이빌... 이과동아리로서 진지하게 이 새끼는 이기냐?,"""법 愛정신 Link""",오량인 (116.33) 2026.02.13 13:49:42 스크랩 조회 596 추천 28 댓글 2,28,596,2026.02.13 13:49:42,https://gall.dcinside.com/mgallery/board/view/?id=daeshinhigh&no=13725&page=14
13724,[일반],내가 생각하는 이과동아리 순위 10 이과 참고,1.파인더 2.액트 3.싸이빌(20년전통임 개고트 맴버도 좋음) 4.크리에이터(goat) 저 동아리 미만 잡이다 ㅇㅇ,오량인 (14.50) 2026.02.12 22:04:56 스크랩 조회 522 추천 5 댓글 4,5,522,2026.02.12 22:04:56,https://gall.dcinside.com/mgallery/board/view/?id=daeshinhigh&no=13724&page=14
13723,[일반],기숙사 전반적인 분위기,기숙사 선배님들 기숙사 생활 어떤지 궁금합니다 그리고 공부 열심히 하려면 기숙사 안가는게 나은가요? 제가 분위기를 좀 타는 편이라서요. 기숙사 장단점 알려주시면 감사하겠습니다~!,오량인 (112.147) 2026.02.12 14:09:16 스크랩 조회 495 추천 0 댓글 4,0,495,2026.02.12 14:09:16,https://gall.dcinside.com/mgallery/board/view/?id=daeshinhigh&no=13723&page=14
13713,[일반],동아리 별로 안 중요하다고 쌤들이 말씀 많이 하시는데,"학기 초에 동아리 모집 시기에 쌤들이 동아리 별로 안 중요하다, 어느 동아리 들어가나 본인 하기 나름이다 이런 말 많이 하시는데 반은 맞고 반은 틀림 어느 동아리 가든 본인 하기 나름인 건 팩트 맞음 근데 활동 거의 없고 의지도 없는 동아리 가면 본인이 열심히 하려 해도 환경이 안 따라줌 초반에만 열정 있다가 결국 선배들처럼 활동 소극적으로 변하는 경우가 많음 반면에 좋은 동아리 가면 기본으로 깔려 있는 활동만 참여해도 평타 이상 생기부는 나오는 게 현실이고 하고 싶은 활동이나 의견 말하면 선배들이 잘 들어주고 밀어주는 것도 사실임 1학년 때는 최대한 많이 해보고 참여하는 게 중요한데 이건 동아리 역량 차이 큰 게 맞다고 봄 결론 어느 동아리 가나 본인 하기 나름인 건 맞는데 동아리 빨도 무시 못 함 지원서 최대한 열심히 써서 갈 수 있는 제일 좋은 동아리 ㄱㄱ 2학년 때 동아리 바꾸는 경우도 일부 있으니까 일단 최선만 다 하면 됨 ㅎㅇㅌ",오량인 (104.28) 2026.02.10 23:37:53 스크랩 조회 694 추천 24 댓글 3,24,694,2026.02.10 23:37:53,https://gall.dcinside.com/mgallery/board/view/?id=daeshinhigh&no=13713&page=15
13720,[일반],원프,원프라는 동아리가 내가 입학할때 그냥 그랬던 동아리로 기억하는데 좋은 동아리였음?(나쁜의도가 아니라 그냥 궁금해서 물어보는거임) 활동 뭐뭐했는지 알수있나 신문지는 아니까 그거 빼고,오량인 (211.230) 2026.02.12 01:07:04 스크랩 조회 434 추천 0 댓글 5,0,434,2026.02.12 01:07:04,https://gall.dcinside.com/mgallery/board/view/?id=daeshinhigh&no=13720&page=15
13722,[일반],대신고 갤러리 완장,"곧 입학하는데 대신고 갤러리 보니까 엄청 활발하던데 주딱, 파딱 하려면 어떻게 해야 하나요",오량인 (5.181) 2026.02.12 11:57:07 스크랩 조회 402 추천 1 댓글 4,1,402,2026.02.12 11:57:07,https://gall.dcinside.com/mgallery/board/view/?id=daeshinhigh&no=13722&page=15
13714,[일반],기숙사,배정 결과 얼마전에 나와서 갑자기 궁금해져서 그런데 보통 기숙사 몇명정도 지원함?,오량인 (121.152) 2026.02.11 00:46:07 스크랩 조회 267 추천 0 댓글 1,0,267,2026.02.11 00:46:07,https://gall.dcinside.com/mgallery/board/view/?id=daeshinhigh&no=13714&page=15
13717,[동아리],대신고 동아리 별로 가진 밈 같은거 뭐있음,디시콘에 몇개 넣으려 하는데 긍정적/부정적 인거 상관없이 ㅇㅇ 좋은 예시 VVVVV,비큐 2026.02.11 18:07:03 스크랩 조회 546 추천 6 댓글 5,6,546,2026.02.11 18:07:03,https://gall.dcinside.com/mgallery/board/view/?id=daeshinhigh&no=13717&page=15
13715,[일반],09형들에게 질문,2025 1학년 1학기 기말 어려우셨나요..? 난이도가 다른 고등학교에 비해서 난이도 있는거같던데..,오량인 (58.78) 2026.02.11 02:30:48 스크랩 조회 586 추천 0 댓글 9,0,586,2026.02.11 02:30:48,https://gall.dcinside.com/mgallery/board/view/?id=daeshinhigh&no=13715&page=15
13719,[일반],반배정,2학년 반배정 언제 나옴,오량인 (59.26) 2026.02.11 22:07:25 스크랩 조회 448 추천 0 댓글 1,0,448,2026.02.11 22:07:25,https://gall.dcinside.com/mgallery/board/view/?id=daeshinhigh&no=13719&page=15
13716,[일반],07대학,07 선배님들 9등급제에서 4점 중~ 후 평균 대학 어디가나요,오량인 (123.215) 2026.02.11 12:58:22 스크랩 조회 497 추천 0 댓글 8,0,497,2026.02.11 12:58:22,https://gall.dcinside.com/mgallery/board/view/?id=daeshinhigh&no=13716&page=15
13711,[일반],"2,3학년 담임은 언제나옴?",?,오량인 (1.245) 2026.02.10 17:25:04 스크랩 조회 416 추천 1 댓글 3,1,416,2026.02.10 17:25:04,https://gall.dcinside.com/mgallery/board/view/?id=daeshinhigh&no=13711&page=15
13710,[일반],학종은 재수생이 현역보다 불리한가요?,07인데 갤 눈팅하는 선배님들 있으시면 답변 부탁드립니다,ㅇㅇ (59.31) 2026.02.10 14:49:56 스크랩 조회 412 추천 1 댓글 4,1,412,2026.02.10 14:49:56,https://gall.dcinside.com/mgallery/board/view/?id=daeshinhigh&no=13710&page=15
13712,[일반],문과동아리 1티어 어디냐,"일단 난 이과동아리인데 활동하는걸 잘 못봐서 궁금함 근데 저번부터 도일이 법정보다 낫다고하던대 이게 맞음??(진지하게 몰라서 묻는거임) 근데 일단 원프가 ㅈㄴ 좋다는건 알고 플컴,법정,도일,패파,인스파이어,굿윌 등등 이 동아리들 순위가 궁금함",오량인 (14.50) 2026.02.10 21:36:15 스크랩 조회 570 추천 3 댓글 8,3,570,2026.02.10 21:36:15,https://gall.dcinside.com/mgallery/board/view/?id=daeshinhigh&no=13712&page=15
13704,[일반],동아리,동아리 지금 만들 수 있냐,오량인 (59.26) 2026.02.09 08:05:11 스크랩 조회 412 추천 1 댓글 8,1,412,2026.02.09 08:05:11,https://gall.dcinside.com/mgallery/board/view/?id=daeshinhigh&no=13704&page=15
13706,[일반],스템이 파액급이냐?,잘 몰라서 그럼 ㅇㅇ 요즘 파액스로 묶이던데 요즘 급이 좀 올랐나?,오량인 (118.42) 2026.02.09 14:55:26 스크랩 조회 442 추천 3 댓글 6,3,442,2026.02.09 14:55:26,https://gall.dcinside.com/mgallery/board/view/?id=daeshinhigh&no=13706&page=15
13705,[일반],대수 시험범위,중간고사때 삼각함수 그래프까지 나오나요? 52기들 수1할때 시험범위 어디까지였는지좀,오량인 (115.93) 2026.02.09 14:16:15 스크랩 조회 406 추천 1 댓글 3,1,406,2026.02.09 14:16:15,https://gall.dcinside.com/mgallery/board/view/?id=daeshinhigh&no=13705&page=15
13708,[일반],ㅂㅅㅎ쌤,내년에도 같은반 하고 싶었는데..ㅠㅠ 1학년 가셨구나 - dc official App,오량인 (182.216) 2026.02.09 17:58:44 스크랩 조회 1116 추천 17 댓글 10,17,1116,2026.02.09 17:58:44,https://gall.dcinside.com/mgallery/board/view/?id=daeshinhigh&no=13708&page=15
13702,[일반],대신고 수학내신 난이도 어느정돈가요?,"이해하기 쉽게 시중 문제집으로 난이도 알려주세요. 쎈c , 고쟁이3 레벨, 블랙라벨 등 어느정도인지 궁금합니다.",오량인 (112.147) 2026.02.08 01:54:22 스크랩 조회 771 추천 0 댓글 6,0,771,2026.02.08 01:54:22,https://gall.dcinside.com/mgallery/board/view/?id=daeshinhigh&no=13702&page=15
13701,[일반],유도,이번에 입학하는 10인데 채육시간?에 유도하는걸로 알고있는데 이건 1학년만 하는건가요? 그리고 주 몇회 몇시간하나요?,오량인 (121.152) 2026.02.07 23:22:53 스크랩 조회 400 추천 0 댓글 6,0,400,2026.02.07 23:22:53,https://gall.dcinside.com/mgallery/board/view/?id=daeshinhigh&no=13701&page=15
13700,[일반],그냥 디시는 믿고 걸러라,ㅇㅇ,오량인 (118.235) 2026.02.07 22:30:19 스크랩 조회 530 추천 6 댓글 2,6,530,2026.02.07 22:30:19,https://gall.dcinside.com/mgallery/board/view/?id=daeshinhigh&no=13700&page=15
13699,[일반],학교계정,10신입이고 학교에서 계정 준다고 들었는데 그거로 ppt나 엑셀같은거 깔수있음? - dc official App,오량인 (118.216) 2026.02.07 22:03:44 스크랩 조회 327 추천 0 댓글 3,0,327,2026.02.07 22:03:44,https://gall.dcinside.com/mgallery/board/view/?id=daeshinhigh&no=13699&page=15
13695,[일반],5등급,5등급제 4.1이면 어디대학 가나요 - dc official App,오량인 (106.101) 2026.02.05 22:59:58 스크랩 조회 602 추천 1 댓글 7,1,602,2026.02.05 22:59:58,https://gall.dcinside.com/mgallery/board/view/?id=daeshinhigh&no=13695&page=15
13698,[일반],진로별 괜찮은 동아리 정리(바이럴X),"이과 SW/HW 1. 파인더 2. 액트 3. 스테미너스/크리에이터 여기는 다 이과 GOAT NS 1. 날샘 2. 캡슐/라이프니츠 3. 싱귤레러티 여기선 날샘까지가 GOAT 캡슐/라이프니츠도 충분히 좋은 동아리임 건축 1.공디/세움(거의 동급) 둘 다 건축이라면 좋은 동아리들 메디컬 1. 뮤테이션 2. 메디컬 사이언스 걍 둘중에 하나 가 문과 상경/사회 1. 원프레스 2. 플컴 3. 패스파인더 4. 인스파이어 5. 오독토 여기선 원프, 플컴까지 GOAT 패스파인더, 인스파이어, 오독토도 충분히 좋긴 하다 정치/법 1. 도일/법정 법정은 link라는 이과 중심 동아리로 바뀐단다 미디어 1. DCN 2. 아티펙스 GOAT는 DCN이지만 아티펙스도 나쁘지 않아 보이더라 예체능 쌈(체육) 아트앤디자인(미술) 아로새김(연극) 한땀(의류) 나쁜 뜻이 아니라 여기는 뭐 우열이랄게 있을 수 없다 이 동아리 정리는 그냥 예전같이 모든 동아리를 한 순위로 나타낸게 아니라 진로별로 나눴기 때문에 굉장히 많은 동아리들이 있음 그런데도 여기에 없는 동아리? =>믿고 거르는걸 추천한다 + 특정 동아리를 바이럴 하기위해 쓴 글이 아님 아마 읽어보았다면 바이럴 글이 아닌건 느낄 수 있을거임 이 글을 읽고 자신의 진로에 맞는 동아리를 선택하고 선택받기를 바람",오량인 (223.39) 2026.02.07 18:53:19 스크랩 조회 2361 추천 60 댓글 27,60,2361,2026.02.07 18:53:19,https://gall.dcinside.com/mgallery/board/view/?id=daeshinhigh&no=13698&page=15
13697,[일반],아이패드,이번에 대신고 입학하게된 10입니다. 혹시 대신고에서 아이패드준다고했는데 케이스나 펜슬같을것도 나 제공되는건가요? 혹시 기종은 무엇인지 알 수 있을까요?,오량인 (220.123) 2026.02.06 23:42:33 스크랩 조회 413 추천 0 댓글 6,0,413,2026.02.06 23:42:33,https://gall.dcinside.com/mgallery/board/view/?id=daeshinhigh&no=13697&page=15
13694,[일반],상경 예비고1,진로가 상경이어서 굿윌 생각하고 있었는데 둔마에서 가면 ㅈ된다는데 실제로 그런가요?,오량인 (104.28) 2026.02.05 18:08:14 스크랩 조회 509 추천 4 댓글 5,4,509,2026.02.05 18:08:14,https://gall.dcinside.com/mgallery/board/view/?id=daeshinhigh&no=13694&page=15
13696,[일반],굿윌어떠냐고 물어보길래,일단 작년 09때 지원인원 30명밖에 없었음(350명중에) 파액스 이런 동아리들은 거의 100명이거나 100명이상 이였는데 굿윌은 30명밖에 지원안함 -> 쉽게 들어갔단 소리임 그리고 그 지원인원이여도 그때 당시 파액굿이니까 좋겠지 이러다가 회장이 ㅎㅍ터짐 -> 결국 능력자 다나감 문과면 닥치고 플컴이나 법정가라,오량인 (121.183) 2026.02.06 15:37:05 스크랩 조회 728 추천 17 댓글 15,17,728,2026.02.06 15:37:05,https://gall.dcinside.com/mgallery/board/view/?id=daeshinhigh&no=13696&page=15
13693,[일반],예비고1인데,학교에 애플워치 착용하고 다녀도 되나요?? - dc official App,오량인 (149.88) 2026.02.05 12:17:02 스크랩 조회 465 추천 1 댓글 2,1,465,2026.02.05 12:17:02,https://gall.dcinside.com/mgallery/board/view/?id=daeshinhigh&no=13693&page=15
13692,[일반],결국,오늘까지 화2는 나오지 않았노ㅋㅋㅋㅋㅋㅋㅋ 맨날 학교에서 살면서 지금까지 뭐했노 이기야,오량인 (14.50) 2026.02.05 11:16:52 스크랩 조회 375 추천 1 댓글 2,1,375,2026.02.05 11:16:52,https://gall.dcinside.com/mgallery/board/view/?id=daeshinhigh&no=13692&page=15
13691,[일반],2학년 7반,ㄱㅂㅅ가 누구노? 담배냄새 나던데 의사 유튜버가 담배펴도 되는거임? - dc official App,오량인 (118.235) 2026.02.05 10:06:36 스크랩 조회 686 추천 15 댓글 2,15,686,2026.02.05 10:06:36,https://gall.dcinside.com/mgallery/board/view/?id=daeshinhigh&no=13691&page=15
13690,[일반],대신고 최고의 컨텐츠,"https://youtu.be/eV9X3CstR2Y?si=CzPNxaJ09rBPLtxN [대전대신고] 이청록 선생님 교직 생활 최후의 졸업 토크쇼｜2026 졸업 토크쇼 Created by DCN. 촬영) 박찬영, 신동훈, 육준상, 최수호 편집) 박준우 기획) 박찬영, 박준우, 신동훈--------------------------------------------------------Music provided by 브금대통령Track : 취한다 2 ... youtu.be 개꿀잼 꼭봐라 ㅋㅋ - dc official App",El_Salvador 2026.02.04 20:00:04 스크랩 조회 650 추천 8 댓글 4,8,650,2026.02.04 20:00:04,https://gall.dcinside.com/mgallery/board/view/?id=daeshinhigh&no=13690&page=15
13689,[일반],대신고도 디시콘이 나오는구나,참고로 내 식별코드는 오량인이다 아직도 갤하는애들 많나보네 오만추 동아리 아직있냐?,오량의가문융합자 2026.02.04 19:41:09 스크랩 조회 575 추천 11 댓글 2,11,575,2026.02.04 19:41:09,https://gall.dcinside.com/mgallery/board/view/?id=daeshinhigh&no=13689&page=15
13687,[일반],2학년 사회탐구 과목,서술형 있음? 단답형이라던지,오량인 (115.93) 2026.02.04 16:25:10 스크랩 조회 283 추천 0 댓글 1,0,283,2026.02.04 16:25:10,https://gall.dcinside.com/mgallery/board/view/?id=daeshinhigh&no=13687&page=15
13686,[열람주의❗],요즘 오량인들 ㄷㅂ 웰케 많음?,진짜 요즘 많은 요량인 찐따들이 ㄷㅂ를 무는 경우가 너무 많아짐 진짜 이거 관리해야됨 07에서도 개바보들도 너도나도 ㄷㅂ했는데 지금 08 09도 진짜 문제임 08들 관리 들어가자 진짜로 ㄷㅂ가 좋은것도 아니지만 안좋은것도 아니라고 생각한다 게이들아. 나는 단지 씩씩이들이 아닌 개바보 동네 망고 버러지들이 ㄷㅂ를 무는것에 반대를 할 뿐이다. 이만 글 마치마. PS - 08들 조금 있으면 개학 하니까 이제 관리 들어가자,오량인 (220.82) 2026.02.04 05:54:58 스크랩 조회 640 추천 4 댓글 3,4,640,2026.02.04 05:54:58,https://gall.dcinside.com/mgallery/board/view/?id=daeshinhigh&no=13686&page=15
13685,[일반],08 내일 학교 왜 가야 되냐 ㅈ같게,ㅅㅂ,오량인 (106.101) 2026.02.03 16:27:03 스크랩 조회 532 추천 2 댓글 3,2,532,2026.02.03 16:27:03,https://gall.dcinside.com/mgallery/board/view/?id=daeshinhigh&no=13685&page=15
13684,[일반],히터좀 틀어라 시발년들아,말년이라고 얼어죽이노,오량인 (106.101) 2026.02.03 11:14:46 스크랩 조회 422 추천 9 댓글 2,9,422,2026.02.03 11:14:46,https://gall.dcinside.com/mgallery/board/view/?id=daeshinhigh&no=13684&page=15
13683,[일반],급식,초콜릿 메달? 어제 급식에서 주신 거는 감사한데... 초콜릿에서 붕대 맛이 나서 토함.,오량인 (118.235) 2026.02.03 05:48:12 스크랩 조회 401 추천 1 댓글 4,1,401,2026.02.03 05:48:12,https://gall.dcinside.com/mgallery/board/view/?id=daeshinhigh&no=13683&page=15
13682,[일반],대신고가 과고 상위호환 아니냐,어차피 둘다 학종이라 생기부 빡세게 채워야되는데 내신 따는 난이도 대비 아웃풋 생각하면 걍 대신이 압승 같음 과고 가봐야 상위 7%안에 들어야지 서울대 가는데 어차피 둘다 메디컬 못가는거 돈내고 대신 가는게 나은거 같다..,오량인 (39.7) 2026.02.03 03:31:43 스크랩 조회 636 추천 1 댓글 5,1,636,2026.02.03 03:31:43,https://gall.dcinside.com/mgallery/board/view/?id=daeshinhigh&no=13682&page=15
13681,[일반],07인데,오늘 학교 가야하냐?ㅋㅋ ㅈㄴ 귀찮은데,오량인 (106.101) 2026.02.03 00:20:50 스크랩 조회 382 추천 0 댓글 2,0,382,2026.02.03 00:20:50,https://gall.dcinside.com/mgallery/board/view/?id=daeshinhigh&no=13681&page=15
13680,[일반],법정 링크로 이름 바꿈?,로고도 바꿨으면 동아리콘에는 어떻게 넣지;;,비큐 2026.02.02 22:41:10 스크랩 조회 448 추천 2 댓글 5,2,448,2026.02.02 22:41:10,https://gall.dcinside.com/mgallery/board/view/?id=daeshinhigh&no=13680&page=15
13679,[일반],대신고 국어 영어학원 추천해주세요,둔마랑 태현국어 양대산맥이던데 어디가 낫나요? 태현은 상위권 위주라 수업이 어렵나요? 영어도 둔마랑 위드유중 추천해주세요,오량인 (112.147) 2026.02.02 19:50:06 스크랩 조회 599 추천 0 댓글 7,0,599,2026.02.02 19:50:06,https://gall.dcinside.com/mgallery/board/view/?id=daeshinhigh&no=13679&page=15
13676,[동아리],파액굿 ㄴㄴ,법정 액트 싸이빌 정액싸가 정배다,오량인 (58.228) 2026.02.02 01:05:25 스크랩 조회 627 추천 22 댓글 2,22,627,2026.02.02 01:05:25,https://gall.dcinside.com/mgallery/board/view/?id=daeshinhigh&no=13676&page=15
13675,[일반],동아리 질문,제 진로가 반도체 쪽인데 추천하는 동아리 있나요?,오량인 (112.148) 2026.02.01 20:12:34 스크랩 조회 433 추천 1 댓글 3,1,433,2026.02.01 20:12:34,https://gall.dcinside.com/mgallery/board/view/?id=daeshinhigh&no=13675&page=15
13674,[일반],고른기회면,"6 고른기회로 다 질러도되냐 내신은 3점대후반인데(9등급제) 진지하게 건동홍은 가지 않냐? 건동홍 6지망 한개쓰고 1~5까지 연고중에 한개쓰고 나머지 서성한,중경외시중에 잘 골라서쓰면 안되냐?? 진지하게 6떨가능성있냐 이과 계열인데 나랑 진로 겹치는애는 한번도 못봤고 생기부 2년동안 여기로 밀었고 계속 밀 생각인데 어떰? 아 그리고 난 2년동안 학비 한번도 안내고다님(사통 개꿀딲딲이노ㅋㅋ) +나도 저번에 3.3걔처럼 아주인하는 가기싫다 시벌..",오량인 (59.26) 2026.02.01 17:54:19 스크랩 조회 464 추천 3 댓글 14,3,464,2026.02.01 17:54:19,https://gall.dcinside.com/mgallery/board/view/?id=daeshinhigh&no=13674&page=15
13672,[일반],궁금한게 있는데,대신고에서 흔히 일반고보다 1.0위로 간다고하잖아 9등급제기준으로 그러면 평균이 1.0인거임 아니면 1.0이 최고인거임? 4.9도 중앙대 공대 붙은거면 1.0이 최고는 아니지않냐?(물론 특이케이스인건앎),오량인 (211.230) 2026.01.31 19:28:57 스크랩 조회 476 추천 2 댓글 9,2,476,2026.01.31 19:28:57,https://gall.dcinside.com/mgallery/board/view/?id=daeshinhigh&no=13672&page=15
13670,[일반],싸이빌이 싸이코빌리지 맞음?,싸이코빌리지 맞음??,ㅇㅇ (211.235) 2026.01.31 12:29:39 스크랩 조회 567 추천 21 댓글 12,21,567,2026.01.31 12:29:39,https://gall.dcinside.com/mgallery/board/view/?id=daeshinhigh&no=13670&page=15
13669,[일반],인강,이번에 입학한 10인데 혹시 인강 많이 사용하나요? 과목불문 추천하는 강의있으면 알려주시면 감사하겠습니다,오량인 (211.235) 2026.01.30 21:26:43 스크랩 조회 311 추천 0 댓글 2,0,311,2026.01.30 21:26:43,https://gall.dcinside.com/mgallery/board/view/?id=daeshinhigh&no=13669&page=15
13667,[일반],[대전대신콘1] 자체 제작 완료 및 배포,"안녕하세요 팀BQ 디자인에서 ㅅㅅㄹ님과 함께 디자인과 후편집을 맡은 비큐 입니다. 대전 대신고 마이너 갤러리를 중3때 부터 하면서 현재 고3이 되기까지 필요했다고 느끼고 만들고자 생각만 하던 것을 배포하게 되어 참 기쁩니다. 이 디시콘이 여러분들이 디시에서 하고 싶은 말이 있을 때 원활하게 해주는 역할을 하기를 바랍니다. + 동아리콘은 현재 30개의 동아리 로고를 모았고, 마이너한 동아리 로고 또한 얻는데로 올리겠습니다.",비큐 2026.01.30 12:47:27 스크랩 조회 822 추천 31 댓글 12,31,822,2026.01.30 12:47:27,https://gall.dcinside.com/mgallery/board/view/?id=daeshinhigh&no=13667&page=15
13668,[일반],이번년도 존나 잘간사례 뭐뭐있음?,"일단 4.9중앙대,3.7연대 건축(고른기회) 이거 말고 더 있냐?",오량인 (211.230) 2026.01.30 19:13:46 스크랩 조회 694 추천 0 댓글 4,0,694,2026.01.30 19:13:46,https://gall.dcinside.com/mgallery/board/view/?id=daeshinhigh&no=13668&page=15
13666,[일반],답변부탁드립니다!,이번에 저랑 친한형이 대신고 입학하게되서 저도 자연스레 학교에 관심이 생겨서 글한번 써봅니다. 궁금한점은 올해 10들 기준정도로 입학하기위해 면접을 평범히 봐도 붙는 교과점수는 못해도 몇점인지 궁금하고 대전대신고는 문과도 학교에서 활동할수있는게 많은지 대학 잘 갈수있는지도 궁금합니다! 귀찮을수도있지만 형님들 답변한번씩 부탁드립니다!,오량인 (121.152) 2026.01.30 12:44:36 스크랩 조회 344 추천 0 댓글 7,0,344,2026.01.30 12:44:36,https://gall.dcinside.com/mgallery/board/view/?id=daeshinhigh&no=13666&page=15
13665,[일반],진로도 아직 못정했고 중딩때 한것도 없는데,중딩때 공부랑 운동만 열심히 했지 아직 진로도 못정했고 제가 뭘 좋아하는지도 잘 모르겠고 컴퓨터나 코딩 다룰줄도 모르고 중 딩때 특별히 활동 한것도 없는데 동아리 선택을 어떻게 해야될까요? 이과쪽 동아리 가고싶긴한데 어필할게 너무 아무것도 없는데 이런경우 면접때 어떤걸 물어보실까요? 이과쪽 동아리 단 한개라도 붙을수있을지ㅜㅜ,오량인 (112.147) 2026.01.30 02:23:31 스크랩 조회 375 추천 0 댓글 4,0,375,2026.01.30 02:23:31,https://gall.dcinside.com/mgallery/board/view/?id=daeshinhigh&no=13665&page=15
13664,[일반],대신고 이과는 물화생 다 하나요?,이과 선택하면 무조건 물화생 다 하는건가요? 두과목만 하거나 그런경우는 없나요? (가장 궁금) 입학전에 물화 한번씩은 보고 가야하는지ㅜㅜ,오량인 (112.147) 2026.01.30 02:02:26 스크랩 조회 348 추천 0 댓글 5,0,348,2026.01.30 02:02:26,https://gall.dcinside.com/mgallery/board/view/?id=daeshinhigh&no=13664&page=15
13662,[일반],차기 10 오만추 부원 봇치더락 짭보고왔다,봇치더락보단 재미없더라,오량인 (42.22) 2026.01.29 23:13:02 스크랩 조회 374 추천 2 댓글 8,2,374,2026.01.29 23:13:02,https://gall.dcinside.com/mgallery/board/view/?id=daeshinhigh&no=13662&page=15
13659,[일반],디시콘 만들거 추천 받음,학교 내수용이여서 그런거 위주로 추천 받음 동아리나 특정 인물이나 ㅇㅇ,사시른 2026.01.29 14:44:18 스크랩 조회 240 추천 1 댓글 4,1,240,2026.01.29 14:44:18,https://gall.dcinside.com/mgallery/board/view/?id=daeshinhigh&no=13659&page=16
13655,[일반],대성고 안 받아주냐,학교 좆같아서 못 다니겠는데;; 망할 학교가 애니동아리도 없고 ㅈ도 쓸데없네 - dc official App,아즈사가와카에데짱 2026.01.29 00:48:19 스크랩 조회 422 추천 0 댓글 4,0,422,2026.01.29 00:48:19,https://gall.dcinside.com/mgallery/board/view/?id=daeshinhigh&no=13655&page=16
13661,[일반],대전대신고 잡탕콘 거의 제작 완료,주말 안에 완성해서 쓸 수 있을듯 더 뭐 추가하면 좋을까요,사시른 2026.01.29 19:21:59 스크랩 조회 578 추천 11 댓글 15,11,578,2026.01.29 19:21:59,https://gall.dcinside.com/mgallery/board/view/?id=daeshinhigh&no=13661&page=16
13657,[일반],ㅅㅇㅇ쌤(과학),중학교로 가신다는데,오량인 (223.39) 2026.01.29 13:03:26 스크랩 조회 411 추천 0 댓글 0,0,411,2026.01.29 13:03:26,https://gall.dcinside.com/mgallery/board/view/?id=daeshinhigh&no=13657&page=16
13654,[일반],재미로 만든 대마갤 짭밤우 디시콘,뭐추가하는게 더 좋을까 야잠색은 10 09 08 버전으로 다 만들 듯,사시른 2026.01.28 17:10:25 스크랩 조회 477 추천 11 댓글 7,11,477,2026.01.28 17:10:25,https://gall.dcinside.com/mgallery/board/view/?id=daeshinhigh&no=13654&page=16
13653,[질문],갑자기 파액스 글 보고 궁금해진거,ㄱㅌㅎ쌤 올해 어케됨? 이쌤 계약직인데 계약 올해까지라고 알고있음 그럼 내년에 담당쌤이 바뀔수도 있는데 진짜 개병신같은 사람 만나면 동아리 좆되는거잖슴 추가계약 하셨나 아는사람 댓글좀,ㅇㅇ 2026.01.28 16:15:56 스크랩 조회 324 추천 1 댓글 2,1,324,2026.01.28 16:15:56,https://gall.dcinside.com/mgallery/board/view/?id=daeshinhigh&no=13653&page=16
13660,[일반],동아리 다 떨어지면,대신고 입학예정인데 면접 잘 볼 자신이 없어요. 동아리 넣은거 다 떨어지면 어떻게 되나요? 동아리 활동 못하나요?,오량인 (112.147) 2026.01.29 15:31:20 스크랩 조회 435 추천 1 댓글 7,1,435,2026.01.29 15:31:20,https://gall.dcinside.com/mgallery/board/view/?id=daeshinhigh&no=13660&page=16
13656,[열람주의❗],ㅂㅅㅎ,ㄹㅇ로 화1화2 생기부 마감일에 처올릴 생각임? ㅇㄷㅎ는 진작에 다 올리고 각각 여유롭게 수정기한까지 줬는데 한놈은 딱봐도 마감일에 슬쩍 올리고 수정요청은 개뿔 잠수탈게 눈에 보이노 그렇다고 ㅇㄷㅎ보다 퀄리티가 높을거 같지도 않음ㅋㅋㅋㅋ,오량인 (211.107) 2026.01.29 12:49:20 스크랩 조회 513 추천 2 댓글 2,2,513,2026.01.29 12:49:20,https://gall.dcinside.com/mgallery/board/view/?id=daeshinhigh&no=13656&page=16
13652,[일반],대신고에 마스코트 케릭터가 있으면 어떻게 생겨야할까,미소녀 스타일로,사시른 2026.01.28 16:02:35 스크랩 조회 286 추천 1 댓글 4,1,286,2026.01.28 16:02:35,https://gall.dcinside.com/mgallery/board/view/?id=daeshinhigh&no=13652&page=16
13648,[열람주의❗],여보고생지,인짜 많았어요...,오량인 (175.213) 2026.01.27 10:11:35 스크랩 조회 762 추천 15 댓글 2,15,762,2026.01.27 10:11:35,https://gall.dcinside.com/mgallery/board/view/?id=daeshinhigh&no=13648&page=16
13647,[일반],야잠 디자인 궁금한 10들 보셈,03 선배들 색도 버건디일 거임 대 신고 유튜브 가서 2020년도 영상 보면 당시 2학년이던 선배들의 과잠을 볼 수 있을테니 궁금하면 보시길 참고로 08 색은 블랙인데 02선배들 블랙이랑 같은 디자인인 걸로 앎,오량인 (58.78) 2026.01.27 05:06:23 스크랩 조회 505 추천 6 댓글 1,6,505,2026.01.27 05:06:23,https://gall.dcinside.com/mgallery/board/view/?id=daeshinhigh&no=13647&page=16
13649,[일반],본인 올해 졸업생인데,개인적으로 야잠 민트초코색보다는 08 블랙이 제일 이쁘고 무난하다 본다,오량인 (211.107) 2026.01.27 18:32:52 스크랩 조회 447 추천 4 댓글 3,4,447,2026.01.27 18:32:52,https://gall.dcinside.com/mgallery/board/view/?id=daeshinhigh&no=13649&page=16
13650,[일반],노트북 질문,이번에 입학하는 10인데 노트북 필수임? 검색했더니 브랜드 추천만하고 이거 관련 내용은 없길래 새로 글씀 - dc official App,오량인 (118.216) 2026.01.27 22:54:00 스크랩 조회 406 추천 0 댓글 12,0,406,2026.01.27 22:54:00,https://gall.dcinside.com/mgallery/board/view/?id=daeshinhigh&no=13650&page=16
13646,[일반],10 야잠,실물 언제 보여주노?,오량인 (59.27) 2026.01.26 16:59:31 스크랩 조회 421 추천 0 댓글 3,0,421,2026.01.26 16:59:31,https://gall.dcinside.com/mgallery/board/view/?id=daeshinhigh&no=13646&page=16
13644,[일반],"과기대 vs 인하,아주 (공대기준) 너넨 어디가냐",,오량인 (211.230) 2026.01.26 12:53:33 스크랩 조회 487 추천 0 댓글 7,0,487,2026.01.26 12:53:33,https://gall.dcinside.com/mgallery/board/view/?id=daeshinhigh&no=13644&page=16
13645,[일반],파액스가 정배지,파액 올해 한거보면 스가 조만간 따라잡는다.,오량인 (58.228) 2026.01.26 15:56:33 스크랩 조회 452 추천 3 댓글 12,3,452,2026.01.26 15:56:33,https://gall.dcinside.com/mgallery/board/view/?id=daeshinhigh&no=13645&page=16
13643,[질문],자율 진로 행특 수정 기한 관련 질문 합니다,"자율, 진로, 행특은 보통 언제까지 수정 가능하나요? 2월초에 등교하는 날 이후에는 수정 안되나요? - dc official App",오량인 (223.39) 2026.01.26 12:37:11 스크랩 조회 324 추천 1 댓글 2,1,324,2026.01.26 12:37:11,https://gall.dcinside.com/mgallery/board/view/?id=daeshinhigh&no=13643&page=16
13642,[열람주의❗],ㅂㅅㅎ 근데 진짜 이대로 가면,라이더,오량인 (59.26) 2026.01.26 01:26:18 스크랩 조회 671 추천 8 댓글 1,8,671,2026.01.26 01:26:18,https://gall.dcinside.com/mgallery/board/view/?id=daeshinhigh&no=13642&page=16
13641,[일반],본인 사통인데,진짜 존나 높이간사례를 제외하고 사통은 대부분 9등급제기준 중경외시이상가려면 몇점대 맞아야하냐 공대기준ㅇㅇ,오량인 (14.50) 2026.01.25 18:44:08 스크랩 조회 461 추천 0 댓글 10,0,461,2026.01.25 18:44:08,https://gall.dcinside.com/mgallery/board/view/?id=daeshinhigh&no=13641&page=16
13637,[열람주의❗],그 화학선생 지금까지 뭐했노 이기,갓ㄷㅎ가 화1화2 전부 올려줄때 아직까지 1학기 수업인 화1조차 안올렸노ㅋㅋㅋㅋㅋㅋㅋㅋㅋㅋㅋㅋ 구라안치고 6개월 더 줘도 ㅇㄷㅎ보다 늦게 올리는 주제에 퀄리티는 배설할듯,오량인 (211.107) 2026.01.24 16:53:32 스크랩 조회 880 추천 31 댓글 5,31,880,2026.01.24 16:53:32,https://gall.dcinside.com/mgallery/board/view/?id=daeshinhigh&no=13637&page=16
13640,[일반],딴학교입장에서대신고갤있는게존나부럽다,"ㅈ같은 교사 , ㅈ같은 동문들 뒷담 오지게 처까고 싶은데 깔 곳이 없다",니엄마김치찌개 2026.01.25 03:14:34 스크랩 조회 542 추천 1 댓글 3,1,542,2026.01.25 03:14:34,https://gall.dcinside.com/mgallery/board/view/?id=daeshinhigh&no=13640&page=16
13638,[일반],2월달 개학,2월초랑 2월말에 학교가는날 있던데 가면 뭐하나요,오량인 (116.125) 2026.01.24 23:59:17 스크랩 조회 396 추천 0 댓글 1,0,396,2026.01.24 23:59:17,https://gall.dcinside.com/mgallery/board/view/?id=daeshinhigh&no=13638&page=16
13639,[일반],질문,2학기 과목세특은 언제나오고 언제 수정가능한가요?,오량인 (211.230) 2026.01.25 00:30:39 스크랩 조회 352 추천 0 댓글 3,0,352,2026.01.25 00:30:39,https://gall.dcinside.com/mgallery/board/view/?id=daeshinhigh&no=13639&page=16
13636,[일반],04인가 03인가,버건디 아녓나 - dc official App,오량인 (121.159) 2026.01.23 23:50:09 스크랩 조회 360 추천 0 댓글 1,0,360,2026.01.23 23:50:09,https://gall.dcinside.com/mgallery/board/view/?id=daeshinhigh&no=13636&page=16
13635,[일반],난 갠적으로 카키색 야잠이 제일 이뻤는데,검정은 너무 무난함 물론 그 팬티색이 좋다는건 아님 - dc official App,오량인 (211.235) 2026.01.23 22:15:45 스크랩 조회 363 추천 3 댓글 1,3,363,2026.01.23 22:15:45,https://gall.dcinside.com/mgallery/board/view/?id=daeshinhigh&no=13635&page=16
13634,[일반],ㄱㅅㅁ 선배님이,dc는 인생 밑바닥인 찐따들이 모여있는 곳이라는데 진짜인가요?? - dc official App,오량인 (149.88) 2026.01.23 21:13:22 스크랩 조회 721 추천 11 댓글 7,11,721,2026.01.23 21:13:22,https://gall.dcinside.com/mgallery/board/view/?id=daeshinhigh&no=13634&page=16
13632,[일반],고3 화작 내신,보통 수능특강 화작에서만 나옴?,오량인 (39.119) 2026.01.23 18:47:28 스크랩 조회 447 추천 0 댓글 2,0,447,2026.01.23 18:47:28,https://gall.dcinside.com/mgallery/board/view/?id=daeshinhigh&no=13632&page=16
13633,[일반],10 야잠색깔,버건디 색이라는데 다들 어떻게 생각함??,오량인 (59.26) 2026.01.23 18:55:12 스크랩 조회 502 추천 2 댓글 6,2,502,2026.01.23 18:55:12,https://gall.dcinside.com/mgallery/board/view/?id=daeshinhigh&no=13633&page=16
13629,[일반],상식,성식적으로 대회 같은건 홍보를 왜하는거야 특히 교외대회 니들 그러면 경쟁률만 높아지는건데 - dc official App,오량인 (106.101) 2026.01.22 10:46:06 스크랩 조회 435 추천 3 댓글 8,3,435,2026.01.22 10:46:06,https://gall.dcinside.com/mgallery/board/view/?id=daeshinhigh&no=13629&page=16
13631,[일반],점메추,받는다,티라노사우루스껄 2026.01.23 13:40:37 스크랩 조회 204 추천 0 댓글 1,0,204,2026.01.23 13:40:37,https://gall.dcinside.com/mgallery/board/view/?id=daeshinhigh&no=13631&page=16
13630,[일반],아주대 가기 싫다,ㅈㄱㄴ,오량인 (175.203) 2026.01.22 22:44:47 스크랩 조회 616 추천 0 댓글 5,0,616,2026.01.22 22:44:47,https://gall.dcinside.com/mgallery/board/view/?id=daeshinhigh&no=13630&page=16
13628,[일반],10 야구잠바 색 뭐임,?,오량인 (116.33) 2026.01.22 10:18:39 스크랩 조회 442 추천 0 댓글 5,0,442,2026.01.22 10:18:39,https://gall.dcinside.com/mgallery/board/view/?id=daeshinhigh&no=13628&page=16
13623,[질문],우리학교 아주인하 중에 어디를 더 잘보냄?,ㅈㄱㄴ,오량인 (122.37) 2026.01.20 21:19:34 스크랩 조회 490 추천 1 댓글 3,1,490,2026.01.20 21:19:34,https://gall.dcinside.com/mgallery/board/view/?id=daeshinhigh&no=13623&page=16
13627,[질문],야구잠바 살때 한사이즈 크게 사는게 나을까요?,답변해주시면 감사하겠습니다 선배님들 - dc official App,오량인 (110.8) 2026.01.22 08:59:02 스크랩 조회 373 추천 1 댓글 8,1,373,2026.01.22 08:59:02,https://gall.dcinside.com/mgallery/board/view/?id=daeshinhigh&no=13627&page=16
13625,[일반],대회,09인데 이번년도 부터 빡세게 대회 나가볼려고 하는데 분야 상관없이 대신고에서 알아주거나 상많이탄 대회 알려주세요!,오량인 (122.34) 2026.01.22 03:17:04 스크랩 조회 301 추천 0 댓글 3,0,301,2026.01.22 03:17:04,https://gall.dcinside.com/mgallery/board/view/?id=daeshinhigh&no=13625&page=16
13626,[일반],대신에서 충대 가는 애들 성적대가 몇점임?,이과 기준으로,니엄마김치찌개 2026.01.22 03:34:24 스크랩 조회 784 추천 0 댓글 12,0,784,2026.01.22 03:34:24,https://gall.dcinside.com/mgallery/board/view/?id=daeshinhigh&no=13626&page=16
13624,[일반],반갑다 게이들아,대전외고에서왔는데 여기는 글이 왜이렇게 많냐 - dc official App,오량인 (106.101) 2026.01.21 00:00:01 스크랩 조회 455 추천 1 댓글 4,1,455,2026.01.21 00:00:01,https://gall.dcinside.com/mgallery/board/view/?id=daeshinhigh&no=13624&page=16
13621,[일반],올해 대신고,올해 대신고 일반전형 입학 교과점수 커트라인이랑 안정권 아는 사람 있음 좀 알려주심 감사하겠습니다,오량인 (211.235) 2026.01.20 18:53:23 스크랩 조회 580 추천 1 댓글 4,1,580,2026.01.20 18:53:23,https://gall.dcinside.com/mgallery/board/view/?id=daeshinhigh&no=13621&page=16
13620,[일반],ㅇㅌㅇㄷㅈㅇ 바이럴,지 저격글에 개추 80개 박히는거 보고 디시의 힘을 세삼 알게된 ㄱㅎㅈ가 직접 돌리는거나 동아리 애 시켜서 돌리는거면 ㄹㅈㄷ,오량인 (211.107) 2026.01.20 18:35:23 스크랩 조회 469 추천 8 댓글 3,8,469,2026.01.20 18:35:23,https://gall.dcinside.com/mgallery/board/view/?id=daeshinhigh&no=13620&page=16
13619,[일반],오량인 ㄱㅇ들아,ㅇㅌㅇㄷㅈㅇ 바이럴좀 그만 호응해줘라 쓰는 ㅅㄲ도 ㅂㅅ이긴한데 거기에 또 개추를 오지게 박아주니까 더 발작하는거아니냐 오량인 니들이 개추 안박아주고 관심 안주면 자연스럽게 사라질 ㅉㄸ들이다,오량인 (121.183) 2026.01.20 18:23:39 스크랩 조회 383 추천 10 댓글 1,10,383,2026.01.20 18:23:39,https://gall.dcinside.com/mgallery/board/view/?id=daeshinhigh&no=13619&page=16
13617,[질문],혹시 선배님들 교복 언제쯤 수령하셨나요?,- dc official App,오량인 (180.134) 2026.01.20 16:41:05 스크랩 조회 228 추천 0 댓글 1,0,228,2026.01.20 16:41:05,https://gall.dcinside.com/mgallery/board/view/?id=daeshinhigh&no=13617&page=16
13618,[일반],영독작 시험 질문,"선배님들 영독작 시험도 1,2학년 영어 내신처럼 똑같이 외우는걸로 준비할 수 있나요? 애들 말로는 모의고사처럼 나와서 순수 영어 실력으로 봐야된다는대 어떻게 나오는지 궁금합니다",오량인 (223.39) 2026.01.20 18:18:31 스크랩 조회 273 추천 2 댓글 1,2,273,2026.01.20 18:18:31,https://gall.dcinside.com/mgallery/board/view/?id=daeshinhigh&no=13618&page=16
13616,[일반],1.227<<차단 좀,"어떤 찐따들이 ㅇㅌㅇㄷㅈㅇ 바이럴 돌려대나 했는데 ""찐따들""이 아니라 ""찐따""더라 ㅇㅇ 이 1급 장애인 좀 차단 먹여주셈 완장님들",오량인 (116.33) 2026.01.20 16:40:33 스크랩 조회 550 추천 26 댓글 1,26,550,2026.01.20 16:40:33,https://gall.dcinside.com/mgallery/board/view/?id=daeshinhigh&no=13616&page=16
13614,[일반],10 윈터스쿨 후기좀 좋음?,- dc official App,오량인 (211.235) 2026.01.20 15:54:29 스크랩 조회 365 추천 0 댓글 2,0,365,2026.01.20 15:54:29,https://gall.dcinside.com/mgallery/board/view/?id=daeshinhigh&no=13614&page=16
13615,[동아리],동아리 총정리(문과편),"-본인은 09고 따라서 08회장단은 잘 모르고 09회장단 중심으로 소개 - 문과 - 굿윌 : 상경계열 장점: 파액굿의 굿을 담당하는 전통과 명성/ㅇㅈㅎ선생님의 나쁘지 않은 서포트/다양한 대회참가 경험 - 법의정신(이름 바뀔 예정) : 정치,법 장점: 09 학부 ㅈㅌㅈ 선생님의 훌륭한 서포트/09회장단 ㄱㅈㅇ,ㅇㅈㅅ 능력 좋은편 - 도일: 정치,법 장점: ㅁㄱㄹ 선생님의 좋은 지원/모의국회, 견학 등 나름 활동 진행 - 패스파인더 : 경제, 상경 장점: 독도골든벨 등 활동 - 교집합 : 교육 장점: 유일한 교육 관련 동아리, 여러가지 대회를 공동 주간하며 꽤 넓은 활동 가능성 - 오독토 : 독서 장점: 독서의 밤이라는 확정 활동 보유, 동아리 예산 풍부 독서라는 주제 자체가 본인의 진로와 연관시키기 편함 - DIVE : 국제교류 장점: 교내유일 국제교류 관련 동아리 본인만 열심히 한다면 진로 상관없이 가능성이 무궁무진 - DCN : 방송 장점: 방송부 포지션, 와나나 초청, 미디어톤 등 굵직한 활동 - 원프래스 : 신문, 방송 장점: 인쇄실 등 좋은 장비, 신문만 잘 만들면되니까 고민안해도 양질의 산출물 - 싱귤라리티 : 문이과통합 장점: 솔직히 뭐라는 동아리인지 잘 모르겠음. But ㅅㅇㄱ선생님 생기부 좋음 - 문진탐 : 사회 장점: 일본 갈 수 있음(방학때 사비로) 긴글 읽어줘서 고맙고 조만간 이과편으로 찾아뵙겠음",오량인 (223.39) 2026.01.20 16:22:34 스크랩 조회 596 추천 5 댓글 7,5,596,2026.01.20 16:22:34,https://gall.dcinside.com/mgallery/board/view/?id=daeshinhigh&no=13615&page=16
13613,[일반],09가 10한테 일침을 놓는 것을 보니,감회가 새롭구나,오량인 (118.42) 2026.01.20 15:00:10 스크랩 조회 367 추천 5 댓글 2,5,367,2026.01.20 15:00:10,https://gall.dcinside.com/mgallery/board/view/?id=daeshinhigh&no=13613&page=16
13612,[열람주의❗],"""아트 앤 디자인"" 이 콘 하나로 요약 가능",,bigmom 2026.01.20 12:20:43 스크랩 조회 516 추천 4 댓글 3,4,516,2026.01.20 12:20:43,https://gall.dcinside.com/mgallery/board/view/?id=daeshinhigh&no=13612&page=16
13611,[일반],나 윈터스쿨 왔는데,방금 선배가 이 갤 언급하고갔다ㅋㅋ 자주 써먹어야지,오량인 (106.101) 2026.01.20 11:07:20 스크랩 조회 473 추천 2 댓글 4,2,473,2026.01.20 11:07:20,https://gall.dcinside.com/mgallery/board/view/?id=daeshinhigh&no=13611&page=16
13610,[일반],10동아리액트,안녕하세요 이번에 입학하게된 10입니다. 진로를 프로그래밍쪽으로 정하여서 액트동아리 관심있게 보고있는데 들어가기가 되게 빡세다고 들어서요. 그 방학때 학교에서 하는거 말고 따로 파이썬 공부를 하려고 하는데 파이썬 공부하는게 동아리 신청할 때 도움이 되겠죠?? 상위 동아리 들어가기 위해서 방학때 해야되는거있음 알려주세요!!,오량인 (220.123) 2026.01.20 00:03:10 스크랩 조회 435 추천 3 댓글 6,3,435,2026.01.20 00:03:10,https://gall.dcinside.com/mgallery/board/view/?id=daeshinhigh&no=13610&page=16
13609,[일반],아랫글한테 한마디한다,우리학교 5층 옥탑방에는 아주 강력하고 유명한 전설의 미술선생이 한분 계신단다,오량인 (1.227) 2026.01.19 22:46:27 스크랩 조회 362 추천 8 댓글 2,8,362,2026.01.19 22:46:27,https://gall.dcinside.com/mgallery/board/view/?id=daeshinhigh&no=13609&page=16
13603,[일반],ㅇ,ㅇ,ㅇㅇㅇ (123.215) 2026.01.18 14:29:50 스크랩 조회 266 추천 4 댓글 0,4,266,2026.01.18 14:29:50,https://gall.dcinside.com/mgallery/board/view/?id=daeshinhigh&no=13603&page=17
13601,[일반],10들을 위한 동아리 넣을거 ㅊㅊ,이과: 파인더 액트 크리 공디 빨1딱세움 라이프니츠 날샘 스테 등등등 문과: 디시엔 원프 법정 패파 오독토 피티톤개최하는동아리 등등등 뭐 한두개 떨어져도 운지 안하게 이 중 대부분은 넣고 들어가셈ㅇㅇ 논외: 굿윌(예전에는 파액굿이었는데 너무 운지함) 아트앤디자인(말 안해도 알거다),오량인 (14.50) 2026.01.17 18:21:58 스크랩 조회 670 추천 3 댓글 2,3,670,2026.01.17 18:21:58,https://gall.dcinside.com/mgallery/board/view/?id=daeshinhigh&no=13601&page=17
13608,[일반],10인데 이분 대신고가면 있나요? 유명하던데요,,ㅇㅇㅇ (123.215) 2026.01.19 22:37:23 스크랩 조회 693 추천 1 댓글 2,1,693,2026.01.19 22:37:23,https://gall.dcinside.com/mgallery/board/view/?id=daeshinhigh&no=13608&page=17
13602,[일반],동아리 ㅊㅊ,미들가라,오량인 (211.107) 2026.01.18 12:57:06 스크랩 조회 319 추천 0 댓글 0,0,319,2026.01.18 12:57:06,https://gall.dcinside.com/mgallery/board/view/?id=daeshinhigh&no=13602&page=17
13599,[일반],상위권 동아리가 중요한 이유,대신고는 거의 인맥으로 돌아가기 때문에 유능한 친구를 만나려면 상위권 동아리에 들어가야함 입시 정보라든가 활동에 대한 팁같은걸 유능한 선배들한테 많이 얻을수도 있음 ㅇㅇ,오량인 (112.149) 2026.01.17 15:51:51 스크랩 조회 408 추천 4 댓글 1,4,408,2026.01.17 15:51:51,https://gall.dcinside.com/mgallery/board/view/?id=daeshinhigh&no=13599&page=17
13600,[일반],세움와라,"세움 07 내신대가 5등급에서 8등급정도된다. 그중에 성대, 인하대, 아주대 나왔고 작년 06은 4.8에 시립대를 뚫은 전설이 있다. 세움와라. 대 세 움",오량인 (118.217) 2026.01.17 17:27:02 스크랩 조회 410 추천 2 댓글 9,2,410,2026.01.17 17:27:02,https://gall.dcinside.com/mgallery/board/view/?id=daeshinhigh&no=13600&page=17
13607,[일반],컴공 지망 10의 알고리즘 질문,"제미나이 가지고 놀기에 푹 빠진 10입니다. AI에 대한 관심으로 컴공을 가고 싶은데 알고리즘 공부는 필수인가요 ? 수학 선행은 좀 했지만 수학을 그리 잘하지는 못하는데, 수학을 잘해야만 알고리즘을 잘할 수 있나요 ? 아래 쪽 동아리 소개 글에 알고리즘을 잘한다는 선배님들이 있다는 글을 보다가 질문을 드려봅니다. 그리고 정보시간에 알고리즘을 배우기도 하나요 ? 잘하는 선배님들은 어떻게 공부하셨는지도 궁금합니다.",오량인 (116.125) 2026.01.19 16:53:47 스크랩 조회 402 추천 2 댓글 9,2,402,2026.01.19 16:53:47,https://gall.dcinside.com/mgallery/board/view/?id=daeshinhigh&no=13607&page=17
13605,[일반],저 대신들어가는 10인데,대신고갤이 있을줄은 상상도 못했어오 ㅋㅋ 여기다가 물어보면 답변 잘 해주시나요?,오량인 (49.174) 2026.01.19 01:32:42 스크랩 조회 479 추천 3 댓글 4,3,479,2026.01.19 01:32:42,https://gall.dcinside.com/mgallery/board/view/?id=daeshinhigh&no=13605&page=17
13594,[일반],뭐라 반응해드려야 할지 감도 안 온다,아트앤 디자인 바이럴 돌리는 형들은 즐기는 건가요? 아니면 돌려까는 건가요? 아니면...모자란건가요?,오량인 (58.29) 2026.01.17 00:58:02 스크랩 조회 776 추천 21 댓글 4,21,776,2026.01.17 00:58:02,https://gall.dcinside.com/mgallery/board/view/?id=daeshinhigh&no=13594&page=17
13596,[일반],08선배님들,물리 문제집 뭐 푸는게 좋을까요,오량인 (1.245) 2026.01.17 01:59:26 스크랩 조회 375 추천 0 댓글 1,0,375,2026.01.17 01:59:26,https://gall.dcinside.com/mgallery/board/view/?id=daeshinhigh&no=13596&page=17
13598,[일반],Dive,여기 뭐하는 동아리에요? 문과인데 들어가도 괜찮을까요?,오량인 (104.28) 2026.01.17 09:58:43 스크랩 조회 433 추천 10 댓글 5,10,433,2026.01.17 09:58:43,https://gall.dcinside.com/mgallery/board/view/?id=daeshinhigh&no=13598&page=17
13590,[일반],대신고 어느정도인가,대신고 학생 수준이 어느정도 인가요? 과고나 영재고 급인가요? 주변에서는 다들 물화생지는 기본으로 다 하고 수학도 미적은 건드리고 간다는데 - dc official App,대가리옵다 2026.01.16 18:38:46 스크랩 조회 684 추천 0 댓글 8,0,684,2026.01.16 18:38:46,https://gall.dcinside.com/mgallery/board/view/?id=daeshinhigh&no=13590&page=17
13592,[일반],아트앤디자인 바이럴에 동참해볼까,동아리 시즌에 바이럴 한번 잘 해서 걸리는 10 있으면 개꿀잼일거같노 어차피 형은 졸업해서 알빠아니다,오량인 (1.227) 2026.01.16 23:17:57 스크랩 조회 398 추천 3 댓글 4,3,398,2026.01.16 23:17:57,https://gall.dcinside.com/mgallery/board/view/?id=daeshinhigh&no=13592&page=17
13589,[일반],선배님들,10인데 혹시 전학어떻게 가나요? 그리고 추합있나요,오량인 (211.230) 2026.01.16 16:39:42 스크랩 조회 301 추천 0 댓글 3,0,301,2026.01.16 16:39:42,https://gall.dcinside.com/mgallery/board/view/?id=daeshinhigh&no=13589&page=17
13597,[일반],신입생 필독 후 친구들에게 알리면 좋을 것 같은 내용들,"1. 내신에 맞추어 대학 가는 건 fact 2. 생기부로 9등급제 기준으로 내신을 일반고와 비교하여 최대 2.0 정도 극복, 대신고 학생과 비교하여 최대 1.0 정도 극복 할 수 있는 것도 fact 3. 동아리 생기부는 많고 많은 공간 중 매우 일부인데도 대신고에서는 뭔가 많이 과몰입하는 경향이 강하니 휘둘리지 않기 4. 동아리 활동 + 유연화주간 활동을 열심히 하면 대학교 가서 유능한 인재가 되니 입시적 측면 뿐만 아니라 어떤 사람이 될 수 있을지도 생각하면 best 5. 자주반(창의반) 들어가기 위해 ㅈ빠지게 공부할 것 추천! -> 이유 : 3학년 입시 시즌의 집중 케어, 꽁 생기부 활동, 쌤들이 공부 잘하는 애들 편애 ㅈㄴ 함, 등... 6. 공부는 못하면 못할 수록 진로가 흔들리면 안됨 -> 이유 : 자기가 왜 똑똑한지 증명하는 방법 중 가장 쉬운게 성적표인데 이게 부족한 애들은 내가 꾸준히 뭘 잘해왔고 관심이 있는지로 차별성이 생기기에 ! 7. 자기 전공과 관련된 과목 순으로 시간 투자 -> 이유 : 같은 2점대더라도 누구는 수학을 유독 잘할 것이고 누구는 국어를 유독 잘할 것인데 공대에서는 당연히 전자를 좋아하겠지? 8. 좋은 친구들, 선생님들과 어울릴 것 -> 이유 : 자다가도 꿀이 떨어진다 9. 학습에 지장이 갈 정도의 게임이나 취미 생활을 제발 버릴 것 -> 예) 2시간 이상으로 매일 빼앗기는 시간들 10. 수행 평가 감점 당하는 것 만큼 최악이 없으니 신경 쓸 것 11. 뭐든지 교차 검증하는 습관을 들일 것 -> 예) 평가 기준, 평가 일자, 생기부, 보고서 등.. 12. 주어진 부분에서는 최선을 다할 것 -> 이유 : 잘 못하는 학생이더라도 최선을 다하는 모습만으로 주변 학생들도 선생님들도 좋아하고 같이 이것저것 하고 싶어한다. 근데 최선을 다하는 학생이 잘 못하는 일은 거의 없긴함 ㅇㅇ 13. 쌤들의 학원 다니지 말라는 소리에 속지 말 것 위에 내용 60%만 잘 지켜도 중경외시 이상은 간다. 다 지키면 설카포 갈듯 ㅇㅇㅇ",오량인 (122.40) 2026.01.17 06:46:21 스크랩 조회 595 추천 9 댓글 5,9,595,2026.01.17 06:46:21,https://gall.dcinside.com/mgallery/board/view/?id=daeshinhigh&no=13597&page=17
13588,[일반],ㅅㅅㄱ가 해놓은 도배좀,지워봐라 아이피 솔직하노 - dc official App,오량인 (182.226) 2026.01.15 21:42:14 스크랩 조회 398 추천 5 댓글 0,5,398,2026.01.15 21:42:14,https://gall.dcinside.com/mgallery/board/view/?id=daeshinhigh&no=13588&page=17
13587,[일반],아아아ㅏ아아아아아아ㅏ아아아아아앙,아아아아아아아아아아아아안녕,H__ (106.101) 2026.01.15 20:31:19 스크랩 조회 511 추천 1 댓글 5,1,511,2026.01.15 20:31:19,https://gall.dcinside.com/mgallery/board/view/?id=daeshinhigh&no=13587&page=17
13586,[동아리],대신고 동아리 개수는?,30개보다 많다 거기서 다 떨어지면 너가 폐급인거......,오량인 (106.101) 2026.01.15 20:27:46 스크랩 조회 394 추천 1 댓글 1,1,394,2026.01.15 20:27:46,https://gall.dcinside.com/mgallery/board/view/?id=daeshinhigh&no=13586&page=17
13583,[일반],퓨징,사이언스,오량인 (106.101) 2026.01.15 19:23:14 스크랩 조회 242 추천 1 댓글 0,1,242,2026.01.15 19:23:14,https://gall.dcinside.com/mgallery/board/view/?id=daeshinhigh&no=13583&page=17
13582,[일반],인스,파이어,오량인 (106.101) 2026.01.15 19:23:02 스크랩 조회 202 추천 0 댓글 0,0,202,2026.01.15 19:23:02,https://gall.dcinside.com/mgallery/board/view/?id=daeshinhigh&no=13582&page=17
13585,[일반],방학,방학때 뭐하는게 정배임 남들은 다 선행 1년치 뺀다는 미친소리하는데ㅋㅋㅋㅋ,오량인 (106.101) 2026.01.15 20:25:44 스크랩 조회 284 추천 1 댓글 3,1,284,2026.01.15 20:25:44,https://gall.dcinside.com/mgallery/board/view/?id=daeshinhigh&no=13585&page=17
13581,[일반],대신고 전체 공지,라고 할번 낚시 했음 나이가 드니까 할게 없네 틀딱 맞음ㅇㅇ,오량인 (106.101) 2026.01.15 19:21:20 스크랩 조회 387 추천 0 댓글 1,0,387,2026.01.15 19:21:20,https://gall.dcinside.com/mgallery/board/view/?id=daeshinhigh&no=13581&page=17
13584,[질문],방학때 볼 애니 추천좀,약간 공부하고 유흥으로 줄 편당 20분인 애니 추천좀 너무 안무거운걸로,오량인2 (106.101) 2026.01.15 19:25:56 스크랩 조회 325 추천 0 댓글 6,0,325,2026.01.15 19:25:56,https://gall.dcinside.com/mgallery/board/view/?id=daeshinhigh&no=13584&page=17
13580,[일반],소신발언,난 클라우드는 아닌데 왠지 클라우드 추천하고 싶다 고트 동아리임,오량인 (106.101) 2026.01.15 18:35:32 스크랩 조회 306 추천 1 댓글 1,1,306,2026.01.15 18:35:32,https://gall.dcinside.com/mgallery/board/view/?id=daeshinhigh&no=13580&page=17
13579,[일반],참고로 내 동아리는 날샘이다!!,선배님들 이거 뭔가요?,오량인 (106.101) 2026.01.15 18:34:55 스크랩 조회 316 추천 3 댓글 2,3,316,2026.01.15 18:34:55,https://gall.dcinside.com/mgallery/board/view/?id=daeshinhigh&no=13579&page=17
13575,[일반],10입니다 다음주에 윈터스쿨 가야하는데,정확히 뭐하는 건가요? 3시간정도 한다고 하는데 뭘할까요?,오량인 (39.119) 2026.01.15 17:37:40 스크랩 조회 333 추천 1 댓글 1,1,333,2026.01.15 17:37:40,https://gall.dcinside.com/mgallery/board/view/?id=daeshinhigh&no=13575&page=17
13576,[일반],크리,크리가 짱이다. 진짜 내년에 파인더 이길거니까 10들 크리 지원좀 해줘라,오량인 (106.101) 2026.01.15 18:10:01 스크랩 조회 259 추천 1 댓글 3,1,259,2026.01.15 18:10:01,https://gall.dcinside.com/mgallery/board/view/?id=daeshinhigh&no=13576&page=17
13578,[일반],10질문)선배님들 혹시,,오량인 (122.37) 2026.01.15 18:26:57 스크랩 조회 383 추천 4 댓글 1,4,383,2026.01.15 18:26:57,https://gall.dcinside.com/mgallery/board/view/?id=daeshinhigh&no=13578&page=17
13573,[일반],인강,입학한10인데 선배님들 혹시 메가패스나 그런 인강 듣는거 추천하나요?,오량인 (211.235) 2026.01.15 15:28:42 스크랩 조회 249 추천 0 댓글 3,0,249,2026.01.15 15:28:42,https://gall.dcinside.com/mgallery/board/view/?id=daeshinhigh&no=13573&page=17
13574,[일반],싸이~빌 바이럴 씨이~발,,오량인 (117.111) 2026.01.15 17:16:40 스크랩 조회 308 추천 7 댓글 2,7,308,2026.01.15 17:16:40,https://gall.dcinside.com/mgallery/board/view/?id=daeshinhigh&no=13574&page=17
13572,[일반],대신고 꽃밭들을 보면 화가 남,"우선 나는 9등급제 기준 1점대 자주반이었고 입시 잘 치뤄서 원하는 학교 왔음. 최근 재수하던 친구들한테 연락 많이 와서 안타까운 마음에 평소 하던 생각 좀 적어봄. 대신고 다니면서 한 번도 안 찾아본 애들도 있는거 같은데 대신고 학비 절대 만만하지 않음. 26학년도 공지된 거 찾아봤고 고등학교는 1년 4분기로 매년 6,644,000원, 3년이면 2천만원을 내면서 다니는거임. 대학 등록금이 보통 700-1000 사이니까 웬만한 대학 등록금 뺨 때린다고 보면 됨. 어떤 마음으로 다들 학교를 다니는 지는 모르겠는데 동아리니 교사니 이상한 데에 힘 빼지 말고 자기 앞가림이나 똑바로 했으면 좋겠음. 가정이 정말 부유해서 행복하게만 자라다오로 대신고를 온 친구들도 있는거 같은데 그걸 받는게 당연한게 아니라는걸 알았으면 함. 그냥 아무생각없이 노는 친구들 있다면 진지하게 고민해봐라 나중에 자식 낳아서 2천만원씩 내면서 학교 보냈는데 밥만 잘 먹고 다니길 바라는게 쉬운 일일지 최선을 다했는데 5등급 6등급은 ADHD검사라도 한 번 받아보는걸 추천하고 그런게 아니라면 기회가 있을 때 챙기길 바람 대학 오면 학종은 개딸깍 전형 소리 듣는다 같이 시험 보는 내 옆자리 원숭이 내 옆 반 원숭이만 이기면 되는데 쉬운게 맞지 우린 학종 딸깍으로 대학 가서 새빠지게 수능 공부해서 온 정시 애들 놀리면 되는거다 제발 나중에 아쉬워하지말고 할 수 있을 때 하셈 생기부도 등급이 나온 이후에 하는 얘기지 대학 라인은 결국 등급으로 나누는거잖아 실패에 익숙해지면 딱 고만한 사람으로 사는거다",오량인 (203.246) 2026.01.15 14:31:10 스크랩 조회 886 추천 38 댓글 2,38,886,2026.01.15 14:31:10,https://gall.dcinside.com/mgallery/board/view/?id=daeshinhigh&no=13572&page=17
13571,[일반],파인더,파인더 동아리중에 선생님으 좋다는 얘기가 많은데 쌤이 뭐가 좋은거임 그냥 진로 관현 지식 많고 보고서 잘쓴다? 이런거 아님? - dc official App,오량인 (122.37) 2026.01.15 14:29:28 스크랩 조회 316 추천 0 댓글 5,0,316,2026.01.15 14:29:28,https://gall.dcinside.com/mgallery/board/view/?id=daeshinhigh&no=13571&page=17
13570,[일반],싸이빌,왜자꾸 바이럴하냐 ㅆ발람들아 09회장진도 좆박았던데 뭔 좋은 동아리한다 뭐한다 ㅈㄹ하노 너네 한거 없잖아 작년에 ㅅㅂ다 합격시키더만 5등급제 기준 3점대 4점대 애들이 대부븐이고 거의다 수업시간에 잠자고 생기부 ㅈ도 신경안쓰는 새끼들만 있던데 왜 자꾸 바이럴하냐 싸이빌 존나 전통이 있는 동아리 ㅇㅈ 예전에 잘했지 ㅇㅈ 근데 그 예전이 언젠데 아직까지 우려먹고 있냐 니네가 한게 아니잖아 지금 인원만보면 솔직히 하...노코멘트한다 사골육수좀 그만 끓여라 08회장진은 도망가고 무슨 보고서로 금값 시세 분석을 3만자를 시키는둥 그리고 동아리 시간에 09랑 08회장이랑 gpt돌렸냐 안돌렸냐로 존나 싸웠으면서 바이럴 좀 작작해라 10들아 거기 들어가면 ㅈㅈㅈㅈㅈㅈ된다고 생각해라,오량인 (211.230) 2026.01.15 12:31:34 스크랩 조회 557 추천 25 댓글 7,25,557,2026.01.15 12:31:34,https://gall.dcinside.com/mgallery/board/view/?id=daeshinhigh&no=13570&page=17
13566,[일반],10 쌤 분석 가능하십니까,쌤들 성격같은거 분석 부탁드립니다,오량인 (59.27) 2026.01.15 00:11:45 스크랩 조회 434 추천 0 댓글 5,0,434,2026.01.15 00:11:45,https://gall.dcinside.com/mgallery/board/view/?id=daeshinhigh&no=13566&page=17
13569,[일반],09 관점에서의 이과 동아리 평가,"파인더 - 걍 유명함, 유명한만큼 잘하고 상 많이 타오고, 성적 활동 둘 다 높은 얘들 많음, 쌤이 좋기로 유명, 고트 맞음 액트 - 코딩 잘하는 얘들 많음, 쌤 괜찮고 소프트웨어 분야에선 1티어가 맞음, 길게 말 할 거 없이 좋은 코딩 동아리 위 두개는 소프트웨어 중점인만큼 코딩변태 많음, 사회성 부족한 얘들도 조금씩 껴있음.... 스테미너스 - 파액스 하는데 그정도인지는 모르겠음, 선배님들이 쌓아놓은 탑인데 09도 ㅂㅅ은 아닌 거 같음 위 두 동아리보다 사회성은 높음. 1티어 맞음 크리에이터 - 논란이 있긴했지만 공학 계열에선 좋은 동아리 맞음, 막 엄청 좋은 느낌은 아닌데 여기보다 좋은데 말하라고 하면 적긴 함, 담당쌤 평이 좋진 않음... 괜찮은 상위권 동아리 날샘 - 쌤이 뭔가 열심히 많이 하시긴 하는데 잘 모르겠음, 근데 일단 돈 많고 땅 많은 건 팩트임, 본인 하는 거에 따라 달라질 듯 그냥 무난한 상위권 동아리 생명, 농업쪽 성향이 셈 굿윌 - 여기도 논란은 많지만 본인이 가서 잘하면 괜찮을 듯, 쌤 괜찮고 아무래도 쌓아놓은게 있긴 하니까 싸이빌 - 옛날엔 고트였다는데 요즘은 모르겠음, 걍 무난한 정도 뮤테이션 - 자습동아리, 공부 하나는 기깔나게 잘함, 의대 지망생들 3대 사이언스 (메디컬, 퓨징, 라이프) - 위험함",오량인 (121.159) 2026.01.15 04:11:22 스크랩 조회 631 추천 3 댓글 9,3,631,2026.01.15 04:11:22,https://gall.dcinside.com/mgallery/board/view/?id=daeshinhigh&no=13569&page=17
13567,[정보],10게이게이들아 동아리보다 중요한거는......,바로 자율 동아리ㅋㅋㅋㅋㅋㅋ 오만추로 가라,오ㄹㅇ (124.62) 2026.01.15 01:16:38 스크랩 조회 420 추천 2 댓글 3,2,420,2026.01.15 01:16:38,https://gall.dcinside.com/mgallery/board/view/?id=daeshinhigh&no=13567&page=17
13568,[일반],내신,2점 중반에 활동 ㅈ박았으면 어디 가나요 (9등급제 기준),오량인 (218.235) 2026.01.15 01:17:28 스크랩 조회 351 추천 0 댓글 2,0,351,2026.01.15 01:17:28,https://gall.dcinside.com/mgallery/board/view/?id=daeshinhigh&no=13568&page=17
13565,[일반],10들아 동아리 다 모르겠고,'Art and design' 들어가는 순간 최고로 기묘하고 신비한 경험을 할 수 있을거다ㅇㅇ,오량인 (1.227) 2026.01.14 22:43:17 스크랩 조회 303 추천 3 댓글 1,3,303,2026.01.14 22:43:17,https://gall.dcinside.com/mgallery/board/view/?id=daeshinhigh&no=13565&page=17
13564,[열람주의❗],대신고등학교 학생분들께 드리는 말씀,여러분은 이제부터 선문대학교를 제외한 어느 대학에도 가실 수 없는 저주에 걸렸습니다. 봉하고등학교를 저격한 대가입니다. 달게 받으세요.,오량인 (118.235) 2026.01.14 13:39:11 스크랩 조회 563 추천 0 댓글 3,0,563,2026.01.14 13:39:11,https://gall.dcinside.com/mgallery/board/view/?id=daeshinhigh&no=13564&page=17
13563,[일반],10들아 동아리 정리해준다,"동아리 질문이 많은데 정리해준다.-> 참고로 이과 동아리만ㅇㅇ (본인이 이과임) 파인더->이과 필수 (대신고 최대 이과 동아리)-> 진짜 활동하는거 졸라 많고 너가 좋은 대학가고 싶다(ㅎㅈㅅ쌤의 노예가 되고 싶다)하면 가면됨 액트->소프트웨어 필수(활동 많이 함)-> 겉으로 들어난 활동은 많이 없는데 내부에서 하는게 많아서 생기부 쓰기는 ㄱㅊ할듯 굿윌->올해 한게 없음 (망한듯) 스테미너스->지금 스테미너스 위상이 많이 올라갔긴한데 맞음 스테 많이 올라갔음 싸이빌-> 회장 얘기 들어보니까 내년에 공학쪽으로 많이 만든다고 해서 이과는 지원하는것도 나쁘지 않음 세움-> 건축쪽이면 들어가고 간간히 활동하는게 들려서 ㄱㅊ한듯 크리에이터-> 요번에 좀 터졌음... 이과면 지원하는게 좋은데 굳이?임 작년까지는 좋았는데 날샘->스마트팜을 겁나 좋아하는 동아리 여기 들어가면 생기부가 스마트팜으로 꽉꽉 채워질수 있음 아트앤 디자인-> 들어가면 신비한 경험을 할수 있음 더 궁금한거 있으면 질문하셈 대기업, ㅈ소, 소 정도는 구분해줄수 있음",오량인 (14.50) 2026.01.14 13:39:03 스크랩 조회 765 추천 4 댓글 18,4,765,2026.01.14 13:39:03,https://gall.dcinside.com/mgallery/board/view/?id=daeshinhigh&no=13563&page=17
13561,[일반],굿윌,ㅅㅂ 졸업한 굿윌인데 인식 왜이렇게된거냐 개뺑이쳐서 파인더 따던 시절도 있었는데... 지금은 스테미너스 따위에 따이다니... - dc official App,오량인 (126.208) 2026.01.14 04:10:23 스크랩 조회 332 추천 7 댓글 4,7,332,2026.01.14 04:10:23,https://gall.dcinside.com/mgallery/board/view/?id=daeshinhigh&no=13561&page=17
13560,[질문],아시는분 대답부탁드립니다,제가 중학교는 대전에서 나왔고 지금은 세종으로 이사와서 여기 고등학교 다니고 있는데 대신으로 전학가능한가요?,오량인 (49.174) 2026.01.14 00:15:30 스크랩 조회 403 추천 1 댓글 8,1,403,2026.01.14 00:15:30,https://gall.dcinside.com/mgallery/board/view/?id=daeshinhigh&no=13560&page=17
13557,[일반],글쓰는 사람 정말 누구지??,선생님이 원래 이런 학생들만의 공간?에 개입하는것을 좋아하는 성격?♂이 아닌데 정말 두고 보기가 어려워서 글✍을 남긴다. 비록 학생들만의 공간?이라지만 누군가의 동아리?를 여럿이서 돌려가면서? 조롱?하는게 맞다고 생각하니? 화가난다? 항상 수업시간?에 상대방?에 대한 예의?와 존중???을 강조했던건 다 잊은걸까? 정말 화가난다? 심지어 너희가 하고있는 행동?은 명예훼손⚠으로 형사처벌?까지 될수있는 중대한 사안?인걸 알고 행동인걸까? 요즘 생기부? 처리랑 학교?업무?때문에 바쁜 사람?? 이런걸로 신경쓰이게 하면 업무방해⛔인거야 명심하도록? 선생님도 우리 동아리? 애들 정성껏? 챙기고있고 애들도 동아리✨를 사랑❤하고 만족?하는데 제3자?들이 이렇게 익명? 커뮤니티?에서 조롱?을 하고 있으면 기분이 나쁠까? 안나쁠까? 화가난다? 계속 익명? 조롱글? 쓰는 미꾸라지?를 잡아야겠으니 아는 사람?♂은 공개댓글?로 답글?쓸 것,오량인 (116.33) 2026.01.13 11:55:14 스크랩 조회 674 추천 20 댓글 4,20,674,2026.01.13 11:55:14,https://gall.dcinside.com/mgallery/board/view/?id=daeshinhigh&no=13557&page=17
13558,[일반],화가 난다.,화가 난다. I feel angry. 怒りを感じる。 我感到生气。 Me siento enojado. Je me sens en colère. Ich bin wütend. Mi sento arrabbiato. Estou com raiva. Я чувствую злость. मुझे गुस्सा आ रहा है। Kızgın hissediyorum. Tôi cảm thấy tức giận. ฉันรู💗สึกโกรธ Saya merasa marah. Ik voel me boos. Jag känner mig arg. Νιώθω θυμό. Dühösnek érzem magam.,오량인 (211.36) 2026.01.13 15:00:04 스크랩 조회 353 추천 1 댓글 1,1,353,2026.01.13 15:00:04,https://gall.dcinside.com/mgallery/board/view/?id=daeshinhigh&no=13558&page=17
13559,[일반],09 동아리 모집,모집한다던데 안함? 이미 끝난건가,오량인 (59.26) 2026.01.13 22:56:25 스크랩 조회 366 추천 0 댓글 3,0,366,2026.01.13 22:56:25,https://gall.dcinside.com/mgallery/board/view/?id=daeshinhigh&no=13559&page=17
13555,[일반],화가난다,저거 오량문학이니까 즐겨라 ㄱㅇ들아,오량인 (1.227) 2026.01.12 21:19:51 스크랩 조회 415 추천 1 댓글 1,1,415,2026.01.12 21:19:51,https://gall.dcinside.com/mgallery/board/view/?id=daeshinhigh&no=13555&page=17
13556,[일반],선생님이 잘 써주셨는데,"비판적으로 강경하게 말함으로써 성장할 수 있는 기회를 주는 것임을 생각해주시길 부탁드립니다. 그리고 말을 바꾸셔야 할 게 사실적시 명예훼손죄 이제 국회에서 없앤다하는데 그럼 형사처벌은 없습니다 그리고 말같지도 않은 걸로 업무방해라 하시는데 그게 표현의 자유 억압이고 학생들에게 위험으로 다가옵니다. 지금 계엄보다도 말이 안되는 소리를 하시는데 어떻게 선생님을 믿고 따르겠습니까 국어 쌤이 선생님의 글을 보면 기가 막히고 코가 막히실 거에요 그리고 진짜 선생님이라면 은퇴하셔야 합니다. 학생들을 “미꾸라지”라고 표현하거나, “잡아내겠다”, “공개댓글로 답하라”고 하신 부분은, 그동안 수업 시간에 강조해 오신 존중과 배려의 가치와는 많이 어긋나 보입니다. 이런 걸 한마디로 내로남불이라고 하죠 솔직히 말해서 남 욕할 게 아니라 자기 자신을 한 번 성찰하는 시간을 갖길 권장해드립니다 마지막으로 가장 어이 없는게 선생님만 화나 있으세요.. 아무도 뭐라 안하는데 왜 혼자 화나있나요?? 정말 죄송하지만 학생들의 목소리를 억누르기보다, 왜 이런 의견이 나오게 되었는지를 고민해 주시기를 바랍니다. - dc official App",오량인 (149.88) 2026.01.13 04:05:18 스크랩 조회 891 추천 16 댓글 5,16,891,2026.01.13 04:05:18,https://gall.dcinside.com/mgallery/board/view/?id=daeshinhigh&no=13556&page=17
13554,[일반],진짜 개폐급이네,내 시간은 나의 것 입니다,오량인 (123.215) 2026.01.12 19:14:10 스크랩 조회 472 추천 3 댓글 1,3,472,2026.01.12 19:14:10,https://gall.dcinside.com/mgallery/board/view/?id=daeshinhigh&no=13554&page=17
13553,[일반],글쓰는사람 정말 누구지?,선생님이 원래 이런 학생들만의 공간에 개입하는것을 좋아하는 성격이아닌데 정말 두고 보기가 어려워서 글을 남긴다 비 록 학생들만의 공간이라지만 누군가의 동아리를 여럿이서 돌려가면서 조롱하는게 맞다고 생각하니? 화가난다. 항상 수업시간에 상대방에 대한 예의와 존중을 강조했던건 다 잊은걸까? 정말 화가난다.... 심지어 너희가 하고있는 행동은 명예훼손으로 형사처벌까지 될수있는 중대한 사안인걸 알고 행동인걸까? 요즘 생기부 처리랑 학교업무때문에 바쁜 사람 이런걸로 신경쓰이게 하면 업무방해인거야 명심하도록! 선생님도 우리 동아리 애들 정성껏 챙기고있고 애들도 동아리를 사랑하고 만족하는데 제3자들이 이렇게 익명 커뮤니티에서 조롱을 하고 있으면 기분이 나쁠까 안나쁠까? 화가난다. 계속 익명 조롱글 쓰는 미꾸라지를 잡아야겠으니 아는 사람은 공개댓글로 답글쓸 것!,오량인 (115.140) 2026.01.12 18:22:51 스크랩 조회 796 추천 15 댓글 6,15,796,2026.01.12 18:22:51,https://gall.dcinside.com/mgallery/board/view/?id=daeshinhigh&no=13553&page=17
13552,[열람주의❗],살다살다 아트앤디자인 바이럴이 올 날이 있네,흥해라 아트앤디자인!! 교내 예술 1위 동아리!! 스케일(물리)이 엄청난 담당교사와 함께 cctv로 감시되는 동아리방에서 살아남아보자!! 화이팅!!,ㅇㅇ 2026.01.12 17:31:08 스크랩 조회 431 추천 6 댓글 2,6,431,2026.01.12 17:31:08,https://gall.dcinside.com/mgallery/board/view/?id=daeshinhigh&no=13552&page=17
13545,[일반],선배님들,진로가 약간 예술이랑 도시랑 융합된 분야입니다 아는 대신고 선배들이 전부 아트 앤 디자인이라는 동아리 언급하던데 뭐 하는 동아리인가요?? 선배들 말씀처럼 가면 진짜로 좆되나요 들리는 말로는 담당쌤이 파워가 레전드라는데 궁금합니다,오량인 (1.227) 2026.01.11 21:34:53 스크랩 조회 338 추천 3 댓글 6,3,338,2026.01.11 21:34:53,https://gall.dcinside.com/mgallery/board/view/?id=daeshinhigh&no=13545&page=18
13551,[일반],10 동아리 질문,"1.파인더,액트,스테미너스,굿윌이 좋은 동아리 아닌가요? 왜 굿윌은 욕하나요?? 2.굿윌은 그러면 들어가면 안되나요??",오량인 (211.230) 2026.01.12 16:57:23 스크랩 조회 407 추천 0 댓글 5,0,407,2026.01.12 16:57:23,https://gall.dcinside.com/mgallery/board/view/?id=daeshinhigh&no=13551&page=18
13544,[일반],10 질문,방학때도 등교한다고 친구가 그러는데 맞나요?,오량인 (39.119) 2026.01.11 16:06:53 스크랩 조회 382 추천 0 댓글 6,0,382,2026.01.11 16:06:53,https://gall.dcinside.com/mgallery/board/view/?id=daeshinhigh&no=13544&page=18
13550,[일반],여름에 등하교할때 생활복.입고,등하교 가능한가요?  하복만 가능하다는 말도 있는데 생활복도 가능한지요?,오량인 (39.119) 2026.01.12 14:37:17 스크랩 조회 297 추천 0 댓글 2,0,297,2026.01.12 14:37:17,https://gall.dcinside.com/mgallery/board/view/?id=daeshinhigh&no=13550&page=18
13549,[일반],소신발언,"본인은 08임 굿윌 솔직히 요즘 다시 파액굿이니 뭐니 하면서 바이럴 돌리는데 ㅋㅋ 08,09 사이에서 이미지는 이미 하급 문과 동아리(문진탐, 아티펙스? 등) 취급 당하는 중인데 왜 빨아주는지 모르겠음 파액굿이라고 불렸던 이유는 이 셋이 담당이 진로·진학 쌤들(사실상 대신고 GOAT 쌤들 모음, 최고 권력자들 ㅇㅇ)이기도 하고 뽑히는 애들도 질이 좋아서+활동+아웃풋도 좋으니까 그렇게 불렸던 거고 실제로 굿윌이 잘나가던 시절도 있었음 근데 지금은 걍 웃김 08 회장이 역대급이었는데 걍 씹 구라쟁이임 막 자기가 서강대 석사 학위가 있다, 회사를 경영중이다 이라는데 그 외에도 많음 그러다 능력 없는 거 다 들켜서 동아리 말아먹고 내년도 본인이 허수아비 세워두고 사실상 운영한다는데 희망이 없음 ㅇㅇ 능력은 창경 나간다는데 전국 단위는 다 예선 탈락이고 대전 내에서 하는 소규모 창경에서 장려상 받을 정도고 오죽하면 ㅇㅈㅎ쌤이 내년에 09 회장 세워둔거 보고 08 회장이 안해서 다행이라고 할 정도임 참고로 잘나가던 시절에 사건 터져서 그 때 진짜 잘하는 이과 인력은 다 빠지고 지금은 다 허수임 10도 잘 판단하길",오량인 (212.102) 2026.01.12 11:42:47 스크랩 조회 994 추천 29 댓글 10,29,994,2026.01.12 11:42:47,https://gall.dcinside.com/mgallery/board/view/?id=daeshinhigh&no=13549&page=18
13548,[일반],아트앤디자인,아트앤디자인 바이럴좀 그만해라 솔직히 대신고 상의 5위권 안에 드는 예술동아리는 맞는데 솔직히 그정도까지 띄워줄 동아리는 아니다. 솔직히 ㄱㅎㅈ선생님이 아무리 대신고 GOAT라고 해도 회장단 또는 당해년도 동아리 운영 체제가 어떻게 되냐에 따라서 선생님의 역량도 반영되는거다. 그러니 아트앤디자인 무지성 억빠는 ㄴㄴ,오량인 (104.28) 2026.01.12 10:29:08 스크랩 조회 650 추천 12 댓글 6,12,650,2026.01.12 10:29:08,https://gall.dcinside.com/mgallery/board/view/?id=daeshinhigh&no=13548&page=18
13546,[일반],전설의장소,기도실 뒤 교장실 옆 1층화장실 날샘텃밭 백암관 옥상 기숙사 계단 오량산 배드민턴장과 계단 컨테이너 뒤,오량인 (118.217) 2026.01.11 21:47:01 스크랩 조회 426 추천 3 댓글 3,3,426,2026.01.11 21:47:01,https://gall.dcinside.com/mgallery/board/view/?id=daeshinhigh&no=13546&page=18
13547,[일반],10에게,우리 동아리는 면접에서 너네 중학생 때 한 활동들 질문할 예정이니 대신고 와서 죽도록 할 활동 정리 미리 연습한다 생각하고 열심히 해라. 참고로 우리 동아리는,오량인 (118.235) 2026.01.12 10:21:46 스크랩 조회 338 추천 1 댓글 3,1,338,2026.01.12 10:21:46,https://gall.dcinside.com/mgallery/board/view/?id=daeshinhigh&no=13547&page=18
13543,[일반],나 진짜 궁금한게,"""Art & Design"" 친구들 생기부는 ㄱㅎㅈ가 써주는거임?",오량인 (118.42) 2026.01.11 14:44:03 스크랩 조회 395 추천 1 댓글 3,1,395,2026.01.11 14:44:03,https://gall.dcinside.com/mgallery/board/view/?id=daeshinhigh&no=13543&page=18
13542,[일반],예아,예아,오량인 (123.215) 2026.01.11 13:45:14 스크랩 조회 254 추천 3 댓글 2,3,254,2026.01.11 13:45:14,https://gall.dcinside.com/mgallery/board/view/?id=daeshinhigh&no=13542&page=18
13541,[일반],10들아 동아리 바이럴이 슬슬 돌기 전이라,미리 한마디한다 동아리 상당히 중요하고 우리같은 범부가 가장 빠르고 확실하게 활동 잘하는 선배랑 친구 찾아 빨때꽂을 수 있는 게 반이랑 동아리다 무조건 ㄱㅊ은 동아리 여러장 넣고 자소서 ㅂㅅ같이 쓰지 마라 가장 중요한건 가서 본인이 열심히 하는거다 선배들이랑 친구들한테 A급 에이스는 아니어도 열심히 한다는 인상만 잘 심어주면 활동은 저절로 계속 들어올거고 당연히 선택의 폭도 넓어지고 연말에 뭐 쓸지 고민하는 일이 있어도 쓸거 없어서 고민하는 일은 없을거다 그리고 동아리가 전부는 아니지만 요즘 바이럴 많이 됐던 'Art and design' 같은 동아리 들어가면 생기부도 선생과의 관계도 활동도 여러모로 많이 신비해질거다,오량인 (211.107) 2026.01.10 19:24:27 스크랩 조회 626 추천 22 댓글 3,22,626,2026.01.10 19:24:27,https://gall.dcinside.com/mgallery/board/view/?id=daeshinhigh&no=13541&page=18
13540,[일반],둔마,10이고 이번에 둔마국어는 다닐예정인데 둔마 수학이랑영어는 괜찮은지 좀 알려주세요,오량인 (211.235) 2026.01.10 18:55:14 스크랩 조회 550 추천 1 댓글 5,1,550,2026.01.10 18:55:14,https://gall.dcinside.com/mgallery/board/view/?id=daeshinhigh&no=13540&page=18
13539,[일반],솔직히 동아리 그렇게까진 중요함,"동아리가 중요한건 맞음. 근데 ""그렇게까진"" 아님. 진짜 중요한건 활동공부임. 어짜피 2학년즘 되면 알아서 진로 정할거고, 그거 맞춰서 개인탐구할 수 밖에 없음. 즉, 자기가 활동 공부한 만큼 생기부가 나온다는거 ㅇㅇ. 대회로 생기부 쓸거면 오히려 동아리가 더 중요하지 않냐 반문할 수 있는데, 대회도 보통 HW, SW 분담해서 나가고 보통 자기 진로에 완전 맞는 내용을 쓸 수 없음 ㅇㅇ 무엇보다 활동 공부를 잘하면 보통 잘하는 친구들이랑 놀게 되고 그러다 보면 자연스레 대회도 나가짐.",오량인 (118.42) 2026.01.10 18:31:57 스크랩 조회 469 추천 3 댓글 8,3,469,2026.01.10 18:31:57,https://gall.dcinside.com/mgallery/board/view/?id=daeshinhigh&no=13539&page=18
13538,[일반],개학,그래서 개학이 언젠데,오량인 (211.235) 2026.01.10 10:01:22 스크랩 조회 248 추천 0 댓글 1,0,248,2026.01.10 10:01:22,https://gall.dcinside.com/mgallery/board/view/?id=daeshinhigh&no=13538&page=18
13537,[일반],10인데 노트북,노트북 추천해주세요 사양 크기 어떤게 괜찮나요,오량인 (39.119) 2026.01.10 08:47:01 스크랩 조회 410 추천 0 댓글 8,0,410,2026.01.10 08:47:01,https://gall.dcinside.com/mgallery/board/view/?id=daeshinhigh&no=13537&page=18
13536,[일반],5등급제,개ㅈ밥아님? 1.0 바로 맞을게~,오량인 (211.234) 2026.01.10 00:14:41 스크랩 조회 396 추천 0 댓글 4,0,396,2026.01.10 00:14:41,https://gall.dcinside.com/mgallery/board/view/?id=daeshinhigh&no=13536&page=18
13535,[일반],이제 슬슬 동아리 분석글 올라올 때노,이번엔 또 어떤 병 신 들이 병 크 를 터트릴지 기대되는 오 1 량 인 이면 개 ☆ 추,오량인 (118.42) 2026.01.09 18:46:57 스크랩 조회 367 추천 9 댓글 2,9,367,2026.01.09 18:46:57,https://gall.dcinside.com/mgallery/board/view/?id=daeshinhigh&no=13535&page=18
13534,[일반],5등급제가 빡센 이유,대신고 1년동안 살아보니까 9등급제 경쟁이 어느정도인지는 모르겠는데 체감상 9등급제보다 빡센게 36등이랑 120등이랑 같은 취급 받는데 36등이 인정하기 쉽지 않음ㅇㅇ 마찬가지로 2등급에 못들어간 120등대부터는 인생ㅈ댐을 감지함 활동 다 던지고 공부만 하는데 진짜 빡세더라 9등급제보다 등급따기 쉬워졌다 <- 딱히 아닌거 같음 10들아 긴장해라,오량인 (39.119) 2026.01.09 11:12:00 스크랩 조회 517 추천 9 댓글 1,9,517,2026.01.09 11:12:00,https://gall.dcinside.com/mgallery/board/view/?id=daeshinhigh&no=13534&page=18
13531,[일반],5등급,6장 순서대로 정배 써주세요.. 하 인생이 참 쓰네요,오량인 (118.217) 2026.01.09 01:48:31 스크랩 조회 378 추천 0 댓글 3,0,378,2026.01.09 01:48:31,https://gall.dcinside.com/mgallery/board/view/?id=daeshinhigh&no=13531&page=18
13528,[일반],동아리,"파인더,액트,굿윌,스테미너스 이런 활동 많이 하는 동아리 들어가면 성적 따기가 어려워질까요? 선배님들 점수대들은 어떤가요?ㅜㅜ",오량인 (121.124) 2026.01.09 01:09:20 스크랩 조회 336 추천 1 댓글 6,1,336,2026.01.09 01:09:20,https://gall.dcinside.com/mgallery/board/view/?id=daeshinhigh&no=13528&page=18
13533,[일반],질문 정리,"탑 동아리 가면 성적 안 나오나요? 파인더 09 전부 1점대임 탑 동아리 어케 들어가나요? 인맥으로 들어온 애들보다 너가 뛰어나다는 걸 증명하셈 (+ 절대로 자소서 개대충 쓰지마라 거기서 너의 진심이 드러난다} 대신고 공부 활동 비중 어케 하나요? 7:3(공부 더 집중하고 싶다) 마지노선 6:4 >>> 주관적인 생각임 방학동안 공부 어케 해야할까요? 공통수학이랑 영단어만 벅벅 외우셈 국어 마더텅을 푼다느니 과학을 한다느니 개지랄 하지마셈 내신은 다름 인강으로 대신고 내신 대비 되나요? 안됨 무슨 활동을 해야하나요? 선생님들의 기획에 따라서 달라짐 (나쁜 예시 : OBL, ㅇㄹㅇㅎ 등) 최대한 인맥 통해서 활동 잘하는 친구들, 합 잘 맞는 친구들이랑 대회라도 나가서 경험을 쌓아보셈 생기부는 어케 대비해야할까요? 무조건 활동 정리 해놓으셈 안그러면 나중 가서 GPT로 수치 같은거 구라침 문과는 살아남기 어렵나요? 이건 너가 하기 나름임 학기초에 뭐부터 해야할까요? 친구들 인맥 많이 쌓아놓으셈 초반에 무슨 고쟁이 들고와서 ”나 공부잘한다“ 이지랄 하지 말고 발표 수행 많다고 들었는데 어떻게 해야할까요? PPT 퀄리티 올린다고 시간 존나 떼우지 말고 그럴시간에 주제나 더 보강하고 발표 준비하셈 학원은 어디 가는게 좋을까요 국어 : ㅌㅎㄱㅇ, ㄷㅅㅁㅅㅌ 수학 : 알아서 영어 : ㅇㄷㅇ ㅂㅈㅁ 과학 : 혼자서 해도 됨 불안하면 ㄱㅅㅎ ㅇㅎㅈ 코딩 하는게 좋겠죠? ㅇㅇ 메이저 동아리 못 들어가면 망한건가요? = SKY 못가면 인생 망한건가요? 와 같음 (예외 : ㅇㅌㅇ ㄷㅈㅇ, ㅂㅋㅇ ㅂㄹㄷ 등등) 담당 쌤에 따라서 어케 될지 모름 담당쌤이 좋을 수록 보통 좋은 동아리가 됨 10들아 화이팅 해라 지옥의 대신고로 온걸 환영한다",오량인 (183.107) 2026.01.09 08:04:28 스크랩 조회 681 추천 7 댓글 9,7,681,2026.01.09 08:04:28,https://gall.dcinside.com/mgallery/board/view/?id=daeshinhigh&no=13533&page=18
13529,[일반],영어 공부할 때,수능 영어 독해도 공부해야 할 까요? - dc official App,오량인 (149.88) 2026.01.09 01:35:21 스크랩 조회 282 추천 0 댓글 3,0,282,2026.01.09 01:35:21,https://gall.dcinside.com/mgallery/board/view/?id=daeshinhigh&no=13529&page=18
13527,[일반],아트앤디자인,요즘 바이럴이 간간히 돌던데 어 떻게 싹 다 개념글에 들어가있냐ㅋㅋㅋㅋㅋㅋㅋㅋ 니들이 아무리 뇌절이라 욕해도 올라오는 것마다 개추를 오지게 박아주니까 같은 형식으로 바이럴이 돌지 그저 간접 언급만으로도 오량인의 오장육부를 찌릿찌릿 풀발하게 만드는 그 분의 파급력에 감탄할 뿐이다ㅋㅋㅋㅋ 10들아 만약 그 분 용안 1년간 보면서 미술작품 데이트 다니고 싶거나 대신고 동아리 생활 ㄹㅈㄷ로 스펙타클하게 해보고 싶다 하면 들어가고 아니면 자제해라ㅋㅋㅋㅋㅋㅋㅋㅋㅋ,오량인 (211.244) 2026.01.08 23:52:56 스크랩 조회 340 추천 8 댓글 2,8,340,2026.01.08 23:52:56,https://gall.dcinside.com/mgallery/board/view/?id=daeshinhigh&no=13527&page=18
13526,[일반],67,67,오량인 (123.215) 2026.01.08 20:24:08 스크랩 조회 279 추천 1 댓글 1,1,279,2026.01.08 20:24:08,https://gall.dcinside.com/mgallery/board/view/?id=daeshinhigh&no=13526&page=18
13525,[일반],10인데,ㅈㅈㄱ쌤이 고등학교 소개해줬는데 원래 착하신데 일부러 기강 잡는거겠죠?? 너무 꼰대처럼 하시는데 얼굴은 착해보이심 - dc official App,오량인 (1.245) 2026.01.08 20:11:08 스크랩 조회 440 추천 0 댓글 5,0,440,2026.01.08 20:11:08,https://gall.dcinside.com/mgallery/board/view/?id=daeshinhigh&no=13525&page=18
13523,[일반],10들 독토글 미리 준비해라,"시험기간에 책 읽을 시간 없음 작년 시험 범위는 중간 기말 합쳐서 남한산성, 마당을 나온 암탉, 스키너의 심리 상자 읽기, 정의란 무엇인가 였음. 책이 바뀔수도 있지만 방학에 시간도 많은데 다 읽어봐 정의란 무엇인가는 재미도 있고 상식도 늘고 통사 내용이랑 비슷한 부분 많아서 도움 되니까 꼭 읽고 독토글은 국어과에 포함돼서 중요한 과목임. +작년에 독토글 담당 선생님이 이경규 선생님이셨는데 가장 재밌었던 수업이었다. - dc official App",El_Salvador 2026.01.08 17:14:59 스크랩 조회 564 추천 11 댓글 6,11,564,2026.01.08 17:14:59,https://gall.dcinside.com/mgallery/board/view/?id=daeshinhigh&no=13523&page=18
13519,[일반],Act,Act 좋나요?,오량인 (123.215) 2026.01.07 23:27:06 스크랩 조회 426 추천 3 댓글 8,3,426,2026.01.07 23:27:06,https://gall.dcinside.com/mgallery/board/view/?id=daeshinhigh&no=13519&page=18
13520,[일반],10들아 제발 동아리,이거 좋냐 저거 좋냐 물어보지마라 '아트 앤 디자인' 이 최고 문이과 융합형 고트 동아리다 여긴 담당 선생부터가 사람이 아닌 수준이다 닥치고 무조건 여기 1순위로 지원해라,오량인 (1.227) 2026.01.08 03:05:04 스크랩 조회 606 추천 12 댓글 6,12,606,2026.01.08 03:05:04,https://gall.dcinside.com/mgallery/board/view/?id=daeshinhigh&no=13520&page=18
13522,[일반],지금 재학중인 존경스러운 선배님들,대신고에 배구부 있냐? - dc official App,대가리옵다 2026.01.08 15:48:43 스크랩 조회 392 추천 0 댓글 3,0,392,2026.01.08 15:48:43,https://gall.dcinside.com/mgallery/board/view/?id=daeshinhigh&no=13522&page=18
13521,[일반],아트앤디자인 바이럴 좀 작작해라,뭐 사람이 아니다 괴물이다<<이지랄 하는 것도 한두번 해야 재밌지 주기적으로 올리면 뇌절이다,ㅇㅇ (116.33) 2026.01.08 13:11:34 스크랩 조회 270 추천 7 댓글 0,7,270,2026.01.08 13:11:34,https://gall.dcinside.com/mgallery/board/view/?id=daeshinhigh&no=13521&page=18
13517,[일반],대신고 창피해,창 피하라고 - dc official App,Ice_vear 2026.01.07 14:33:20 스크랩 조회 673 추천 12 댓글 1,12,673,2026.01.07 14:33:20,https://gall.dcinside.com/mgallery/board/view/?id=daeshinhigh&no=13517&page=18
13518,[일반],수학이 어려운 경영학과 지망 친구야,그 사이에 글을 지워버렸네 쉬는 시간에 막히는 수학문제를 가지고 와라 같이 풀어보자 하루에 한 문제면 180개고 2개면 360개야 다른 유형의 문제 360개면 어느 정도 자신감이 생길거야 지난 학기보다 보낼 학기가 더 많이 남았으니 낙담하지 말고 열심히 해서 꼭 경영학과 가자,오량인 (211.235) 2026.01.07 15:33:32 스크랩 조회 659 추천 7 댓글 15,7,659,2026.01.07 15:33:32,https://gall.dcinside.com/mgallery/board/view/?id=daeshinhigh&no=13518&page=18
13514,[일반],질문,사통이고 내신 3.3(9등급제)인데 어디까지 가능? (이과임) 전형은 성대-이웃사랑 한양대-고른기회 서강대-고른기회 중앙대-저소득 시립대-기균1 홍익대-저소득 등등 생각중인데 추천할만한 대학있나요,오량인 (211.230) 2026.01.06 16:36:06 스크랩 조회 632 추천 2 댓글 10,2,632,2026.01.06 16:36:06,https://gall.dcinside.com/mgallery/board/view/?id=daeshinhigh&no=13514&page=18
13515,[일반],ㅂㅅㅎ,생기부 상담하는 ㄱㅇ들아 듣기로는 해 질때까지 상담하고 얻는거 ㅈ도 없다는데 후기 좀 올려봐라ㅋㅋㅋㅋㅋ,오량인 (1.227) 2026.01.06 22:58:53 스크랩 조회 577 추천 3 댓글 3,3,577,2026.01.06 22:58:53,https://gall.dcinside.com/mgallery/board/view/?id=daeshinhigh&no=13515&page=18
13512,[일반],언매 교과서 뭐씀?,ㅈㄱㄴ - dc official App,오량인 (106.101) 2026.01.06 02:42:55 스크랩 조회 322 추천 0 댓글 2,0,322,2026.01.06 02:42:55,https://gall.dcinside.com/mgallery/board/view/?id=daeshinhigh&no=13512&page=18
13513,[일반],솔직히,방학인데 정시공부해야지 생기부 쓸시간 없는 사람이면 개추,오량인 (14.50) 2026.01.06 09:19:42 스크랩 조회 580 추천 1 댓글 8,1,580,2026.01.06 09:19:42,https://gall.dcinside.com/mgallery/board/view/?id=daeshinhigh&no=13513&page=18
13511,[질문],10인데 머리카락,혹시 펌하면 안 되나요? 방학에 하면 되지만 돈을 못 모았어요 ㅠㅠ - dc official App,오량인 (1.245) 2026.01.05 20:17:33 스크랩 조회 522 추천 0 댓글 5,0,522,2026.01.05 20:17:33,https://gall.dcinside.com/mgallery/board/view/?id=daeshinhigh&no=13511&page=18
13510,[일반],진짜진짜진짜,"진짜진짜진짜 궁금해서 묻는데, 우리 학교 내신 몇점대부터 sky 합격가능성있음? 9등급제 기준으로",오량인 (211.231) 2026.01.05 17:44:02 스크랩 조회 431 추천 1 댓글 5,1,431,2026.01.05 17:44:02,https://gall.dcinside.com/mgallery/board/view/?id=daeshinhigh&no=13510&page=18
13508,[일반],파액스냐 파액굿이냐 결정ㄱ,,오량인 (211.230) 2026.01.04 23:36:56 스크랩 조회 812 추천 14 댓글 7,14,812,2026.01.04 23:36:56,https://gall.dcinside.com/mgallery/board/view/?id=daeshinhigh&no=13508&page=18
13509,[일반],오량인 수능 준비,선배님들 08인데 겨울방학에 수능 준비 해야되나요 아니면 보통 6장 다 최저 없는 곳으로 쓰나요? 내신은 3.0이고 고려대 연세대 이상으로 아마 안 쓰거나 못 쓸거 같습니다,오량인 (223.39) 2026.01.05 13:49:47 스크랩 조회 474 추천 1 댓글 6,1,474,2026.01.05 13:49:47,https://gall.dcinside.com/mgallery/board/view/?id=daeshinhigh&no=13509&page=18
13507,[일반],라이프니츠,진로진학 2짱 ㄱㅅㅎ쌤도 이제 07 끝나서 동아리에 힘 좀 쓰신다고 하셧구요 통계 동아리라고 해서 마냥 이과만 있는 게 아니라 08은 나름 메디컬부터 문과 대장 듀오까지 있습니다 많이 사랑해 주세요,오량인 (222.114) 2026.01.04 22:30:10 스크랩 조회 537 추천 7 댓글 5,7,537,2026.01.04 22:30:10,https://gall.dcinside.com/mgallery/board/view/?id=daeshinhigh&no=13507&page=18
13506,[열람주의❗],엘살바도로 병신글 작작 싸라,니 09 굿윌 누구인거 다 안다 맨날 근첩 드립 치지말고 좀 얌전히 있어,오량인 (183.107) 2026.01.04 22:19:33 스크랩 조회 579 추천 14 댓글 6,14,579,2026.01.04 22:19:33,https://gall.dcinside.com/mgallery/board/view/?id=daeshinhigh&no=13506&page=18
13505,[일반],2학년 5반 2학년 7반,왜 이과반 담임은 대신고고트국어쌤이시고 왜 문과반 담임은 그 사람일까 왜일까 무슨 이유일까,오량인 (58.78) 2026.01.04 18:42:50 스크랩 조회 750 추천 20 댓글 2,20,750,2026.01.04 18:42:50,https://gall.dcinside.com/mgallery/board/view/?id=daeshinhigh&no=13505&page=18
13504,[열람주의❗],07 3대 장애 각각 대학 어디감?,07들은 이름만 들어도 경악하고 운지한다는 ㄱㅇㅈ ㅅㅅㅈ ㅂㅎㅈ 얘네 대학 어디어디감? ㅂㅎㅈ는 가천대라 들었던거같은데,오량인 (106.101) 2026.01.04 01:21:10 스크랩 조회 3625 추천 3 댓글 9,3,3625,2026.01.04 01:21:10,https://gall.dcinside.com/mgallery/board/view/?id=daeshinhigh&no=13504&page=18
13503,[일반],수학,수1 수2 미적분 확통 기하를 한 학년에 끝나는 학교가 여기있네 시발 차라리 5층 유배를 보내주십쇼,오량인 (210.117) 2026.01.04 00:23:22 스크랩 조회 475 추천 2 댓글 3,2,475,2026.01.04 00:23:22,https://gall.dcinside.com/mgallery/board/view/?id=daeshinhigh&no=13503&page=18
13502,[일반],삶과 종교 학원 추천,온누리 교회 ->내가 여기 다니는데 종교 1등급 놓친 적이 없다 - dc official App,El_Salvador 2026.01.03 22:04:29 스크랩 조회 588 추천 16 댓글 2,16,588,2026.01.03 22:04:29,https://gall.dcinside.com/mgallery/board/view/?id=daeshinhigh&no=13502&page=18
13500,[일반],09 동아리 모집,09 동아리 모집 언제 하니,오량인 (59.26) 2026.01.03 20:04:41 스크랩 조회 381 추천 0 댓글 1,0,381,2026.01.03 20:04:41,https://gall.dcinside.com/mgallery/board/view/?id=daeshinhigh&no=13500&page=18
13499,[일반],대신고에서 5대 goat 쌤은 누구임?,그렇게 생각하는 이유랑,오량인 (175.223) 2026.01.03 17:08:09 스크랩 조회 808 추천 1 댓글 5,1,808,2026.01.03 17:08:09,https://gall.dcinside.com/mgallery/board/view/?id=daeshinhigh&no=13499&page=18
13497,[일반],코팅을 어느 정도해야 잘하는 건가요?,10인데 코딩읕 배우고 있긴 한데 어려우면서도 재밌네요. 학교에서 많이 쓰나요? 잘하는 선배님은 어느 정도인가요? 그리고 코딩 특화 동아리에 들어가려면 실기시험 보나요?,오량인 (211.235) 2026.01.03 00:38:51 스크랩 조회 569 추천 3 댓글 7,3,569,2026.01.03 00:38:51,https://gall.dcinside.com/mgallery/board/view/?id=daeshinhigh&no=13497&page=18
13498,[일반],10들 궁금한거 오픈챗 줄테니 물어보셈,https://open.kakao.com/o/s8BkAfHe 클라우드링님의 오픈프로필 클라우드링님의 오픈프로필 open.kakao.com 본인 cloud -> 파인더 -> 액트 오만추 회장 이정도면 해볼거 다 해봤다고 생각하니 편하게 물어보셈 - dc official App,CloudR 2026.01.03 13:58:01 스크랩 조회 534 추천 4 댓글 6,4,534,2026.01.03 13:58:01,https://gall.dcinside.com/mgallery/board/view/?id=daeshinhigh&no=13498&page=18
13494,[일반],쌰갈,아침봉사 봉사시간 언제주냐,오량인 (211.230) 2026.01.02 22:31:38 스크랩 조회 312 추천 0 댓글 0,0,312,2026.01.02 22:31:38,https://gall.dcinside.com/mgallery/board/view/?id=daeshinhigh&no=13494&page=19
13489,[일반],스테미너스 07인데,파액스라니 이게 웬일이냐 고맙다,오량인 (125.138) 2026.01.01 23:18:16 스크랩 조회 563 추천 6 댓글 5,6,563,2026.01.01 23:18:16,https://gall.dcinside.com/mgallery/board/view/?id=daeshinhigh&no=13489&page=19
13492,[일반],대신고 제일 joat 쌤은? 이유와 함께,애초에 선생의 범주라고 볼 수가 없는 옥탑방의 유배 전설은 제외하고 눈치껏 한번 남겨봐라ㅋㅋㅋㅋㅋㅋㅋㅋ,오량인 (39.119) 2026.01.02 20:43:55 스크랩 조회 702 추천 5 댓글 4,5,702,2026.01.02 20:43:55,https://gall.dcinside.com/mgallery/board/view/?id=daeshinhigh&no=13492&page=19
13491,[일반],국어학원,지금 10인데 계속 둔산동 김한춘 다니고있는데 김한춘에서 대신고 시험준비하는거 괜찮을까요? 비추천하면 다른 학원좀 알러주십쇼,오량인 (211.213) 2026.01.02 16:21:53 스크랩 조회 585 추천 2 댓글 6,2,585,2026.01.02 16:21:53,https://gall.dcinside.com/mgallery/board/view/?id=daeshinhigh&no=13491&page=19
13496,[일반],파인더,파인더의 유일한 단점은? - dc official App,오량인 (122.37) 2026.01.03 00:07:23 스크랩 조회 502 추천 0 댓글 7,0,502,2026.01.03 00:07:23,https://gall.dcinside.com/mgallery/board/view/?id=daeshinhigh&no=13496&page=19
13493,[일반],대신고 5층으로 올라가버릴거같노,,오량인 (1.227) 2026.01.02 21:36:26 스크랩 조회 508 추천 2 댓글 1,2,508,2026.01.02 21:36:26,https://gall.dcinside.com/mgallery/board/view/?id=daeshinhigh&no=13493&page=19
13495,[일반],대신고 생명,막전위나 유전같은거 빡빡하게 내셨나요? 킬러가 두 단원인데 유전이 빠졌으니... 막전위 많이 내시나요,. (223.39) 2026.01.02 23:41:41 스크랩 조회 355 추천 0 댓글 0,0,355,2026.01.02 23:41:41,https://gall.dcinside.com/mgallery/board/view/?id=daeshinhigh&no=13495&page=19
13488,[일반],넷플릭스 추천작2,하우스 오브 카드 2기 까지는 무조건 봐야됨 레전드 띵작임 - dc official App,El_Salvador 2026.01.01 22:03:45 스크랩 조회 459 추천 1 댓글 3,1,459,2026.01.01 22:03:45,https://gall.dcinside.com/mgallery/board/view/?id=daeshinhigh&no=13488&page=19
13483,[일반],새해 기념 버거,알아서 잘 - dc official App,CloudR 2026.01.01 19:50:21 스크랩 조회 298 추천 3 댓글 4,3,298,2026.01.01 19:50:21,https://gall.dcinside.com/mgallery/board/view/?id=daeshinhigh&no=13483&page=19
13486,[일반],10을 위한 개고트 동아리 추천,닥치고 아트 앤 디자인 진짜 무조건 가라 담당쌤부터가 사람의 범주를 아득히 넘 어선 ㄹㅈㄷ 동아리다 대신고 사람이면 절대 모를수가 없을거다,오량인 (211.244) 2026.01.01 21:45:12 스크랩 조회 727 추천 25 댓글 2,25,727,2026.01.01 21:45:12,https://gall.dcinside.com/mgallery/board/view/?id=daeshinhigh&no=13486&page=19
13484,[일반],아래 09글 뭣같이 못쓰네 08이 다시 정리한다,"평가기준: 담당 선생님 역량, 역대 실적 파액스 고정임 걍 대신고 최고의 동아리. 담당쌤이 2명씩인 것부터 힘을 주고 있는게 느껴짐. 저 중에서도 파인더가 압도적으로 좋음ㅇㅇ 걍 이과를 넘어서 문과든 예체능이든 파인더 들어가면 해결됨.(근데 스테미너스 1학년 생기부를 2학년이 쓴다는 소문이 있음) 크리는 09회장단 괜찮고 08회장단 인성 이슈와는 별개로 항상 좋은 역량과 활동을 보여준 동아리임. 플컴은 정말 좋은 동아리임. 신생인 2024년에도 우수 동아리에 당당히 들어갔고, 행사도 1년에 여러번 여는 걸로 기억함. 운영진 하는 거 좋아하면 좋은 동아리다. 09 회장단도 ㅆㅅㅌㅊ고 담당쌤도 ㅇㅅㅁ 쌤으로 생기부 걱정 할 필요가 없지. 문이과 없이 들어갈 수 있다면 강추함ㅇㅇ 날샘: 농생명이면 입 다물고 들어가면 되는 동아리이고 하드웨어 소프트웨어는 굳이...? 일단 2025년은 부회장이 모든 업무를 다 보는 이슈로 평가가 떨어진 만큼 차기 회장단에 따라 명예를 회복할 가능성이 있어 보임. 건축은 공디랑 세움으로 나눠짐. 일단 현재 평가는 공디가 우위고 ㅇㅌㅎ쌤의 열정으로 좋은 활동이 끊길 리 없는 동아리 ㅇㅇ 걍 건축이면 닥치고 공디 가라. 그렇다고 세움이 안좋은 동아리냐? 그것도 아님. 세움도 훌륭한 동아리로 대신고에 건축 진로가 많은 이유 중 하나가 네임드 건축 동아리가 잘 갖춰져 있어라고 생각함. 다만 두 동아리의 성격적 차이가 잇다면 공디는 직접 나무 잘라서 이것저것 만들고 실습 위주라면(물론 고생하면 그만큼 좋은 생기부가 나옴) 세움은 실습 쪽으로는 빈약한 모습을 보이긴 함. 문과 쪽은 잘 모르지만 일단 원프레스가 탑이라고 알고 있음. 매년 신문을 내는 만큼 전교권의 영향력을 가진 좋은 동아리임 뮤테랑 캡슐은 자과 투탑인데 나는 뮤테=캡슐이라고 봄. 다만 그 방식이 좀 다름. 뮤테는 내신에 투자해서 입결을 올리고 캡슐은 그만큼 활동으로 커버하는 타입. 둘 다 09멤버(뮤테 전교 1등, 캡슐 차기 회장 활동 ㅆㅅㅌㅊ)가 좋아서 전망도 좋고. 쌤은 개인적으로 캡슐ㅇㄷㅎ쌤이 더 좋다고 생각함. 근데 입결은 내신 이슈로 뮤테가 높을 수밖에 없음. 추가로 캡슐 생명 부서가 없어진다는 소문이 있던데 그러면 생명은 확실하게 뮤테, 화학은 확실하게 캡슐 쪽으로 가면 될 듯ㅇㅇ 오독토<<숨은 맛집인데 이름과 다르게 건축, 에너지 등 공학 계열도 강세를 보이는 동아리로(물론 문과에게도 좋음) 행사를 1년에 2번씩이나 개최하기에 운영진 관심 있으면 생기부 챙기기 달달함. 담당쌤 ㅅㅇㅂ 선생님이 대신고 전체에서 손꼽히는 GOAT임+대신고 내에서 독서의 중요성이 점점 강조되는 상황으로 차기 회장단이 평타만 쳐도 입지는 더 올라갈 것으로 예상됨. 클라우드(메인) 담당쌤 ㄱㅅㄱ선생님이 생기부 ㅅㅌㅊ여서 들어가면 낫배드임. 오히려 글에서 낫배드라고 나온 법정은 ㅈㅌㅈ 버프로 ㅅㅌㅊ임. 평타의 기준이 뭔지 대체 모르겠지만 아멘은 오히려 활동 찾아서 안하면 평타 미만이고, 오히려 시키는 것만 해도 평타(또는 그 이상) 나오는 동아리는 라이프니츠가 있음. 통계 및 데이터 분석 동아리로 담당쌤이 진로진학 2대장 ㄱㅅㅎ쌤인 만큼 숨만 쉬어도 좋은 생기부가 나올 거임 싱귤레러티가 왜 마지노선인지 모르겠음. 08회장이 08사이에서도 존나 까이는 개ㅂㅅ인데 09도 저대로 가면 ㅈ될 거임. 아마 글쓴이가 여기 소속으로 추정. 퓨징은 절대 들어가지 마라 ㅂㅅㅎ ㅂㅅㅎ할 때 그 ㅂㅅㅎ이 여기 ㅂㅅㅎ이다. 글쓴이가 올려치기했네 모델로지아, 프라임: 애매함 아트앤디자인<< 좋은 동아리라는 거 다 블러핑이고 들어가면 안되는 동아리다. 그냥 아무도 관심을 안줘서 터뜨려버려야 하는 동아리임. 그럼 미술 계열은 어디를 가냐? 크리에이터 아트워커 부서도 잘 되어있고 한땀이라는 의류 동아리도 있다.",오량인 (39.7) 2026.01.01 20:04:55 스크랩 조회 1307 추천 26 댓글 7,26,1307,2026.01.01 20:04:55,https://gall.dcinside.com/mgallery/board/view/?id=daeshinhigh&no=13484&page=19
13479,[일반],궁금한게,파액굿 파액스 왜 3대장마냥 동아리 3개만 언급되노 파액스날이나 이렇게 4개는 안되는거노?,오량인 (211.230) 2026.01.01 13:44:01 스크랩 조회 287 추천 0 댓글 7,0,287,2026.01.01 13:44:01,https://gall.dcinside.com/mgallery/board/view/?id=daeshinhigh&no=13479&page=19
13482,[일반],입시 질문,보통 이과 선배님들은 내신 3초반 나오면 수시 6장 어떻게 쓰시나요? 과기원도 쓰시나요?,. (223.39) 2026.01.01 18:14:49 스크랩 조회 285 추천 0 댓글 1,0,285,2026.01.01 18:14:49,https://gall.dcinside.com/mgallery/board/view/?id=daeshinhigh&no=13482&page=19
13481,[일반],10들을 위한 09의 동아리 추천(이과),"파인더:대신고의 횔동 goat동아리로서 일단 진학 고트이신 ㅎㅈㅅ쌤이 들어가계심 (생기부 조오오오오오오ㅗ오오오오오오옹ㄴ나 잘써줌)들어가면 각종 대회우승 or TMD 상 그런것들을 휩쓰는 친구들이 들어가있는 동아리 최근에는 장관상까지 1학년 파인더 전체가 아무것도 안했는데 받았다고 들었음. 대신 코딩못하면 떨어질 생각하셈(SW)  1차는 동아리 지원서를 길게쓰면 붙음. 근데 무조건 실력파라 실력을 최우선적으로 보기때문에 너네가 만약 실력이 딸리고 배경지식이 딸리면 면접가서 개 ㅄ취급,면접관들한테 개털리고 질질짜거나 반가서 파인더 면접 ㅈ같이 본다고 할게 뻔하니까 자신이 없으면 지원하지마라 여긴 최고만 뽑음. 액트:현 1학년 진로진학쌤 ㅅㅎㅊ쌤의 동아리 생기부 고트(수학 생기부 야르~) 여기도 들어가면 활동버스나 그런거 탈 수 있음. 대신 코딩못하면 떨어질 생각하셈(SW) 여긴 2025때 파인더 버리고 액트간애들이 생각보다 많아서 좀 더 떡상했음.(이미 고트긴함ㅇㅇㅋㅋ) 일단 길게쓰면 1차는 붙고 2차도 배경지식 최대한 남발하고 아는거 많다고 해라. 스테미너스:ㄱㅌㅎ쌤의 동아리 열정이 있으셔서 열심히 한다고 들었음.여긴 신생동아리였다가 ㅈㄴ급부상해서 2024 동아리순위 2등 2025는 뽑지 않아서 모르겠노. 일단 아웃풋 ㅈ됨. 최근에도 선배들이 생기부봐주고 그런것들이 잘되어있고 내 친구가 여기라 아는데 각종대회 공지 많이올라오고 개인탐구보고서였나 그게 존재해서 동아리 활동으로 자율,진로 얻을게 많다고 들었음. 또한 09들 사이에서 인식 좋은 동아리(여긴 코딩 못해도 해볼만함ㅇㅇ) - 2025기준 열심히 하는 애들로만 구성됨. 아마 내년에도 열심히 하는 애들만 뽑을거같은데 지원서 최대한 길게써서 내는거 추천함. -----------------여기까지 내 기준 이과 TOP3------------------------------------------------------------------------------------------------------------------------------ 크리에이터:여긴 너네 1학년 짱이신 ㄱㅊㄱ쌤의 동아리 현 2학년 회장이 내가 봐도 개 ㅄ이였어가지고 모르겠는데 09들 사이에선 꽤 좋은 동아리라고 인식됨. 아마 회장단 바뀌고 09들이 잘해줄거라고 믿음. 각종대회 많이나감. 로봇대회나 대학교 관련 대회 많이나감. 대회 많이 나가고 싶으면 여기 적극 ㅊㅊ 날샘: 여기도 좋음. 일단 근데 쌤이 시키는거 위주로 돌아감. 만약 너희가 개인플에 익숙하다 너네가 하고싶은게 있다. 그러면 비추긴함ㅇㅇ 쌤말 안 듣고 활동도 안하면 쫌 찍히니까 그건 좀 걱정하고ㅇㅇ 대신 정해진 커리큘럼만 따라가도 낫베드임 화학,생명 동아리 같지만 SW부서가 존재한다는게 놀라움ㅋㅋ 플컴:여기도 내가 알기론 이과,문과 융합이라 이과가 존재하는걸로앎. ㅇㅅㅁ,ㅇㅈㅅ,ㅇㄹㅇㅎ 크흠;; 장난이고 활동 열심히하고 싶다 PPT잘 만들고 싶다. 행사 운영에 관심이 있다면 적극추천 그리고 학생회 부장,차장 이런거 플컴이 인원수대비 가장 많은듯? SW잘하면 이제 ㅇㄹㅇㅎ마냥 SW개발자로 참여할 수 있을듯 산출물 ㅈㄴ만들어야 될거임. 소수정예 느낌이 강함. 뮤테이션:활동은 지는데 일단 캡슐보단 나음.(아웃풋 대신고 1등) 지원해라ㅋ 일단 대신고 전교1등 ㅇㅅㅈ이 있다\ 굿윌:난 내년부터 굿윌이 다시 딛고 올라갈거라고 믿는다. 원래는 항상 파액굿이였음. (현재는 굿윌이 내려가고 스테가 올라옴.) 근데 2025에 학폭터지고 그냥 개 ㅈ돼버림. 그래도 그 이전에는 진짜 좋은 동아리였고 다시 올라갈거라고 난 믿는중임. 여기는 다시 올라갈 가능성이 충분히 있다고 생각함. - 근데 굿윌은 2025때 다른동아리보다 지원인원이 많이 딸려서 30명정도만 지원한걸로 알고있긴한데 모르겠노. -------------여기까지 좋은 이과 동아리--------------------------------------------------------------------------------------------------------------------------- 캡슐:여기는 들어가면 평타이상인 동아리임. 뭐하는지는 잘 모르겠는데 열심히 하셔(걍 평타) 아멘:들어가면 평타 클라우드:갠적으로 아멘이랑 비슷한데 잘 모르겠노(안좋은 동아리는 절대절대아님) +메인:아마 내년에는 클라우드랑 통합되는걸로앎.(여기도 마지노선 아래인데 클라우드랑 통합돼서 상관없을듯) 법정(링크?-이름 ㅄ같노): 이과에 법정이 왜끼나 할건데 내년부터 이과한다고함 많관부. 참고로 현 전교부회장이 법정임. 그리고 법정회장이 존나 철학에 미친놈이긴한데 내가 알기론 ㅈㄴ 성실하고 괜찮은 친구로 알고있음. 이과도 소수 존재하는걸로앎. 참고로 담당쌤 ㅈㅌㅈ쌤인데 낫베드임. 싱귤러리티:딱 여기가 내 기준 평타,중간동아리 마지노선 ㅅㅇㄱ선생님이 체육쌤이긴 한데. 열심히 하심 대신에 동아리원들마다 편차가 좀 심한걸로앎. -------------------마지노선--------------------------------------------------------------------------------------------------------------------------------- 그 아래 ㅄ들(여긴 들어가면 ㅈ된다라고 판단됨. - 09기준 정상적인 ㅅㄲ를 1명제외하고 못봄. 물론 그 친구는 내년에 다른동아리로 이적한다고함.) 퓨싱사이언스(퓨싱인지 퍼싱인지는 알빠아님) 메디컬사이언스 걍 뒤에 사이언스 들어간건 걸러라 미들:얘들아 안녕~(쌤은 착함) SNL:넌 나가라 그냥 싸이빌x -> 씨이발 걸러라 여기서도 굳이 순위 정하자면 퓨싱=싸이빌 >> 미들 > 메사 >>>>>>>>>>>>>>>>>>>>>>>>>>>>>>>>>>>>> SNL 번외)아트엔디자인:시발 고트고트고트고트고트고트고트고트고트고트고트 지원해라 난 갠적으로 여기 회장 응원한다 내가 막 엄청 많이 알고있는건 아닌데 그래도 아는대로 함 써봄ㅇㅇ.",오량인 (220.83) 2026.01.01 16:41:00 스크랩 조회 1347 추천 11 댓글 17,11,1347,2026.01.01 16:41:00,https://gall.dcinside.com/mgallery/board/view/?id=daeshinhigh&no=13481&page=19
13487,[일반],너무 이과 동아리만 알려주는거 같아서,졸업하는 김에 문과 동아리 추천하고 간다 1. 원프레스 자타공인 문과 탑 동아리임 신문인 만큼 여러 분야를 아우를 수 있는 고트 동아리 2. 굿윌 올해 많은 사건이 있어서 파액굿 시절의 명성은 개운지했었으나 회장단도 바 뀌었고 충분히 주가 올라갈 가능성이 높다고 본다 3. 법정 스카이 3관왕 문과 씹고트 ㄴㅅㅁ의 나와바리 09 후배한테 들어보니까 올해 이름 바뀐다고 하네? 솔직히 법학이면 무조건 가는게 맞다고 보고 08 회장이 말이 많다고 듣긴 했는데 그럼에도 불구하고 항상 활동 결과는 좋게 나온 동아리임 추천함 4. 도일 여기도 ㄱㅊ은 동아리 법학 진로건 다른 진로건 차선책으로 가기 좋은 동아리 5. 플컴 08 후배들 말 들어보니까 좋은거같음 행사 운영도 많고 담당쌤도 좋은거 같으니 개고트인거같음 6. 디시엔 여기도 문과 씹고트 동아리 일 많은게 약간 흠이긴 한데 개씹고트가 맞으니까 가라 추천한다 7. 오독토 알짜베기 동아리임 활동도 많고 담당쌤 평가도 좋음 나머지는 내가 졸업하는 사람이라 귀찮기도 하고 잘 몰라서 안씀 동아리 특징 정리한 글 많으니까 찾아가면서 여러 말 듣고 자기한테 맞는 동아리 잘 결정하길 바람ㅇㅇ,오량인 (1.227) 2026.01.01 21:58:32 스크랩 조회 764 추천 3 댓글 19,3,764,2026.01.01 21:58:32,https://gall.dcinside.com/mgallery/board/view/?id=daeshinhigh&no=13487&page=19
13480,[일반],음식 기프티콘 뿌린다,물론 츄파춥스 ㅇㅇ - dc official App,El_Salvador 2026.01.01 14:44:59 스크랩 조회 472 추천 4 댓글 1,4,472,2026.01.01 14:44:59,https://gall.dcinside.com/mgallery/board/view/?id=daeshinhigh&no=13480&page=19
13472,[일반],ㅂㅅㅎㅋㅋㅋㅋㅋㅋㅋ,애들한테 3학년 교실에 쓰레기 짬처리하라고 시키다 ㅇㅅㄷ한테 걸려서 쿠사리 처먹기ㅋㅋㅋㅋㅋㅋ 2학년 다른 반들도 3학년에 대충 눈치껏 버리고 모르쇠하던데 지도 하고 싶었는지 막차 타다가 지만 걸리고 2학년 선생 평 개운지 시키노ㅋㅋㅋㅋㅋㅋㅋㅋㅋㅋㅋㅋㅋ 역시 화학은 ㅇㄷㅎ가 인성도 수업도 개고트다,오량인 (1.227) 2025.12.31 13:15:05 스크랩 조회 805 추천 18 댓글 2,18,805,2025.12.31 13:15:05,https://gall.dcinside.com/mgallery/board/view/?id=daeshinhigh&no=13472&page=19
13477,[일반],ㄱㅅㅁ 오늘자 패샨,ㄱㅅㅁ ㅂㄱㅎ 나란히 있는거 봤는데 구라 안치고 둘이 구분 안되더라 ㄷㄷ,오량인 (223.39) 2026.01.01 01:02:06 스크랩 조회 480 추천 3 댓글 1,3,480,2026.01.01 01:02:06,https://gall.dcinside.com/mgallery/board/view/?id=daeshinhigh&no=13477&page=19
13473,[일반],ㅂㅅㅎ,솔직히 학교에서 하는게 뭐임? 주말에도 방학에도 야감하는것도 맨날 학교 나와서 뭐 하던데 그렇게 학교에서 살다싶이 하는 사람이 1학기 수업인 화1 생기부를 아직도 안써서 지금 쓰고있는게 말이 되냐 ???,오량인 (211.244) 2025.12.31 13:29:19 스크랩 조회 710 추천 17 댓글 2,17,710,2025.12.31 13:29:19,https://gall.dcinside.com/mgallery/board/view/?id=daeshinhigh&no=13473&page=19
13478,[일반],새해 복 많이 받아라,낭만 죽이네 이따가 버거 하나 뿌림 - dc official App,CloudR 2026.01.01 05:55:56 스크랩 조회 265 추천 1 댓글 3,1,265,2026.01.01 05:55:56,https://gall.dcinside.com/mgallery/board/view/?id=daeshinhigh&no=13478&page=19
13476,[일반],새해복,뺑이 쳐라 08 09들 새로 들어올 10들은 적응 열심히 하고,Ephemeral_ 2026.01.01 00:05:36 스크랩 조회 493 추천 15 댓글 6,15,493,2026.01.01 00:05:36,https://gall.dcinside.com/mgallery/board/view/?id=daeshinhigh&no=13476&page=19
13475,[일반],08들아,이제 고3이다.... - dc official App,이것만하고공부함 2025.12.31 21:31:09 스크랩 조회 384 추천 4 댓글 1,4,384,2025.12.31 21:31:09,https://gall.dcinside.com/mgallery/board/view/?id=daeshinhigh&no=13475&page=19
13471,[일반],오늘 ㅂㅅㅎ ㄹㅈㄷ,자기네 반 쓰레기 옆 3학년 교실에 버리라고 시켰다가 ㅇㅅㄷ한테 걸려가지고 개털림ㅋㅋㅋ 이런게 선생인거부터 킵더베이직 안지켜지는거 아니냐 - dc official App,오량인 (223.62) 2025.12.31 12:06:52 스크랩 조회 782 추천 19 댓글 1,19,782,2025.12.31 12:06:52,https://gall.dcinside.com/mgallery/board/view/?id=daeshinhigh&no=13471&page=19
13470,[일반],고라니 어디감,고라니라니가 사라져써,CloudR 2025.12.31 08:18:24 스크랩 조회 434 추천 7 댓글 8,7,434,2025.12.31 08:18:24,https://gall.dcinside.com/mgallery/board/view/?id=daeshinhigh&no=13470&page=19
13469,[일반],너네 봉사시간 몇시간임,난 1학년 20 2학년 72,ㅇㅇ (110.8) 2025.12.31 01:50:00 스크랩 조회 419 추천 1 댓글 9,1,419,2025.12.31 01:50:00,https://gall.dcinside.com/mgallery/board/view/?id=daeshinhigh&no=13469&page=19
13468,[일반],주딱,그래서 내년에 누가 되는거노? 오늘부터 방학인데 이제 정해야 하는거 아니노? 설마 파인더 세습 반복이면 디시에 똥글 싸지를거니까 인맥 세습은 하지 마라 ㅇㅇ,오량인 (38.68) 2025.12.31 01:06:43 스크랩 조회 338 추천 6 댓글 7,6,338,2025.12.31 01:06:43,https://gall.dcinside.com/mgallery/board/view/?id=daeshinhigh&no=13468&page=19
13467,[일반],에너지 에듀페스타가 뭐임?,수상팀에 대신고 3팀 충남고 1팀이라던데,ㅇㅇ (223.39) 2025.12.30 23:43:02 스크랩 조회 303 추천 2 댓글 2,2,303,2025.12.30 23:43:02,https://gall.dcinside.com/mgallery/board/view/?id=daeshinhigh&no=13467&page=19
13466,[일반],문과 2등급,생기부 진짜 개차반만 아니면 후반대여도 중경외시는 뚫음?,오량인 (211.58) 2025.12.30 23:25:41 스크랩 조회 404 추천 0 댓글 3,0,404,2025.12.30 23:25:41,https://gall.dcinside.com/mgallery/board/view/?id=daeshinhigh&no=13466&page=19
13465,[일반],일반전형 합격자,"이번 일반전형 합격자들중 280명중에 160,170점대는 대충 몇명정도 합격했을까?",오량인 (211.235) 2025.12.30 22:22:41 스크랩 조회 365 추천 1 댓글 2,1,365,2025.12.30 22:22:41,https://gall.dcinside.com/mgallery/board/view/?id=daeshinhigh&no=13465&page=19
13464,[일반],07 입시 대박은,ㄴㅊㅎ ㅇㅈㄱ 덕분이지,오량인 (211.235) 2025.12.30 19:33:00 스크랩 조회 636 추천 3 댓글 2,3,636,2025.12.30 19:33:00,https://gall.dcinside.com/mgallery/board/view/?id=daeshinhigh&no=13464&page=19
13463,[일반],오비디언이 그립다,오비디언 돌아와라,ㅇㅇ (117.111) 2025.12.30 19:24:46 스크랩 조회 236 추천 6 댓글 1,6,236,2025.12.30 19:24:46,https://gall.dcinside.com/mgallery/board/view/?id=daeshinhigh&no=13463&page=19
13462,[일반],인공지능 기초생기부 나왔었음?,본 기억이 없는 거 같은데,오량인 (104.28) 2025.12.30 17:02:44 스크랩 조회 279 추천 0 댓글 1,0,279,2025.12.30 17:02:44,https://gall.dcinside.com/mgallery/board/view/?id=daeshinhigh&no=13462&page=19
13461,[일반],진짜 소신발언 하면,매점에 봉봉 레몬맛 있을때가 좋았음,오량인 (14.50) 2025.12.30 16:59:21 스크랩 조회 416 추천 5 댓글 1,5,416,2025.12.30 16:59:21,https://gall.dcinside.com/mgallery/board/view/?id=daeshinhigh&no=13461&page=19
13459,[일반],ㅠㅠ,인하대 아주대 는 보통 몇 ~ 몇 등급 학생들이 지원하고 안덩적으로 붙나요 ㅠㅠ,오량인 (14.50) 2025.12.30 10:39:36 스크랩 조회 339 추천 0 댓글 2,0,339,2025.12.30 10:39:36,https://gall.dcinside.com/mgallery/board/view/?id=daeshinhigh&no=13459&page=19
13460,[일반],역대 대신고 입결 vs 07 입결,어떤거같노?,오량인 (58.121) 2025.12.30 14:35:06 스크랩 조회 896 추천 1 댓글 4,1,896,2025.12.30 14:35:06,https://gall.dcinside.com/mgallery/board/view/?id=daeshinhigh&no=13460&page=19
13457,[일반],10 이과 문과 상관없이 동아리 추천,닥치고 무조건 아트 앤 디자인 가라 거긴 선생부터가 ㅈㄴ 괴물에 생기부 1대1 상담도 정성껏 해주는 씹고트 동아리다ㅇㅇ,오량인 (1.227) 2025.12.30 03:33:49 스크랩 조회 566 추천 14 댓글 3,14,566,2025.12.30 03:33:49,https://gall.dcinside.com/mgallery/board/view/?id=daeshinhigh&no=13457&page=19
13458,[일반],5등급제,5등급제 내신 2.9면 어디갈수있나요 9등급제 가준 4.9 정도입니다.. 생기부는 나쁘지않습니다,오량인 (14.50) 2025.12.30 08:41:26 스크랩 조회 610 추천 0 댓글 13,0,610,2025.12.30 08:41:26,https://gall.dcinside.com/mgallery/board/view/?id=daeshinhigh&no=13458&page=19
13456,[일반],동아리 추천(이과),"파인더(고트) 액트(고트) 스테미너스(SW,HW,NS 이과 융합동아리 여긴 작년에 2등이였던걸로앎 그래서 이번년도에 좀 뜨고 동아리 들으면 오~나오는게 딱 여기부터) 날샘(SW,NS 생명쪽이 중점적일거임 스마트팜 많이하고 SW는 극소수) 크리(SW,HW 여긴 화장단이 ㅂㅅ이였다가 09부턴 ㄱㅊ아질거라는 전망) 난 갠적으로 스 날 크 이 순이긴한데 논란 많을듯 뮤테(공부하는 선배들 많음)-메디컬,자연과학 캡슐(여긴 뭐하는지는 모름)-자연과학 아멘(SW,HW) 클라우드(SW) 번외) 플컴(여기도 좋음)-이과도 좋고 문과도 좋은디 행사운영 관심잇는 친구면 가기 좋음 굿윌(문과쪽이였다가 요즘에 이과도 다수들어와서 내년부터 다시뜰수도있음-일단 이번년도는 좆망)",오량인 (211.230) 2025.12.29 23:56:49 스크랩 조회 577 추천 5 댓글 14,5,577,2025.12.29 23:56:49,https://gall.dcinside.com/mgallery/board/view/?id=daeshinhigh&no=13456&page=19
13450,[일반],대신고 평균 확실하다,뭔 학교 공지사항이 밥먹듯 털리냐,오량인 (104.28) 2025.12.29 19:33:28 스크랩 조회 711 추천 7 댓글 5,7,711,2025.12.29 19:33:28,https://gall.dcinside.com/mgallery/board/view/?id=daeshinhigh&no=13450&page=19
13448,[일반],님들 상 받아서 뭐함?,ㅇㅊㅍ 대입 반영 안되는데 ㅋㅋㅋ,오량인 (14.50) 2025.12.29 09:58:36 스크랩 조회 580 추천 3 댓글 10,3,580,2025.12.29 09:58:36,https://gall.dcinside.com/mgallery/board/view/?id=daeshinhigh&no=13448&page=19
13444,[일반],10 축구,대신고 자율 축구 동아리 들어갈려면 어떻게 해야하나요 면접 같은 거 봐야하나요?? 꼭 잘해야만 들어갈 수 있는지 궁금합니다,오량인 (112.150) 2025.12.28 22:20:19 스크랩 조회 439 추천 1 댓글 1,1,439,2025.12.28 22:20:19,https://gall.dcinside.com/mgallery/board/view/?id=daeshinhigh&no=13444&page=19
13447,[일반],니들 치킨 머 좋아하냐,2마리 가지고 올건데 ㅊㅊ받음 1월 초중에 뿌린다 ㅇㅇ,Ephemeral_ 2025.12.29 01:31:02 스크랩 조회 443 추천 2 댓글 9,2,443,2025.12.29 01:31:02,https://gall.dcinside.com/mgallery/board/view/?id=daeshinhigh&no=13447&page=19
13446,[일반],10 동아리 추천,무조건 아트 앤 디자인 가라 담당쌤이 ㄹㅇ 사람의 범주를 넘어선 고트여서 일단 들어가면 상 상 이상의 것들을 경험하게 될거다,오량인 (1.227) 2025.12.29 01:26:45 스크랩 조회 683 추천 18 댓글 3,18,683,2025.12.29 01:26:45,https://gall.dcinside.com/mgallery/board/view/?id=daeshinhigh&no=13446&page=19
13445,[열람주의❗],주딱 게이는 들어라,치킨 언제 뿌리냐 준다해놓고 벌써 연말이다 이ㅆ놈아 설마 안줄라고 잠수탄건 아니겠지?? 그래서 그동안 안드러낸거였노 치킨말고 버거가져오기만 해봐라 각오해라,ㅇㅇ (116.125) 2025.12.28 23:20:51 스크랩 조회 562 추천 1 댓글 8,1,562,2025.12.28 23:20:51,https://gall.dcinside.com/mgallery/board/view/?id=daeshinhigh&no=13445&page=19
13442,[일반],07 입결 나왔다,이번에 연고대 늘어난거 보면 확실히 신기하다. 수고했다 07들아,오량인 (121.159) 2025.12.28 21:13:09 스크랩 조회 1307 추천 15 댓글 18,15,1307,2025.12.28 21:13:09,https://gall.dcinside.com/mgallery/board/view/?id=daeshinhigh&no=13442&page=19
13441,[동아리],문과동아리 좋은데 들어가려면 무엇을 준비해야할까요,시키는대로 하겠읍니다 - dc official App,오량인 (110.8) 2025.12.28 19:40:42 스크랩 조회 390 추천 0 댓글 2,0,390,2025.12.28 19:40:42,https://gall.dcinside.com/mgallery/board/view/?id=daeshinhigh&no=13441&page=19
13440,[일반],6떨들은 흔들리지 말고 들어라,들었으면 출발 - dc official App,오량인 (182.226) 2025.12.28 18:52:38 스크랩 조회 826 추천 26 댓글 3,26,826,2025.12.28 18:52:38,https://gall.dcinside.com/mgallery/board/view/?id=daeshinhigh&no=13440&page=19
13439,[일반],파인더,Ask Me Anything https://www.instagram.com/finder_ama/ 괜히 이상한 글 싸지 말고 여따 질문해라 - dc official App,g__9__7 2025.12.28 16:50:34 스크랩 조회 616 추천 8 댓글 9,8,616,2025.12.28 16:50:34,https://gall.dcinside.com/mgallery/board/view/?id=daeshinhigh&no=13439&page=19
13438,[일반],06중에,3점대인데 고른기회로 연대가신분 내신이랑 활동이 얼마나 되시는지 알수있나요,오량인 (211.230) 2025.12.28 16:27:29 스크랩 조회 349 추천 0 댓글 2,0,349,2025.12.28 16:27:29,https://gall.dcinside.com/mgallery/board/view/?id=daeshinhigh&no=13438&page=19
13437,[동아리],저번에 만들었던 동아리 글 정리,파인더 https://gall.dcinside.com/mgallery/board/view?id=daeshinhigh&no=10888 파인더를 고민하는 09들에게 - 대전대신고 마이너 갤러리 파인더를 고민하는 09들에게 gall.dcinside.com 액트 https://gall.dcinside.com/mgallery/board/view?id=daeshinhigh&no=10849 액트를 고민하는 09들에게 - 대전대신고 마이너 갤러리 액트를 고민하는 09들에게 gall.dcinside.com 굿윌 https://gall.dcinside.com/mgallery/board/view?id=daeshinhigh&no=10903 굿윌을 고민하는 09들에게 - 대전대신고 마이너 갤러리 굿윌을 고민하는 09들에게 gall.dcinside.com 원프레스 https://gall.dcinside.com/mgallery/board/view?id=daeshinhigh&no=10918 원프레스를 고민하는 09들에 - 대전대신고 마이너 갤러리 원프레스를 고민하는 09들에 gall.dcinside.com 날샘 https://gall.dcinside.com/mgallery/board/view?id=daeshinhigh&no=10919 날샘을 고민하는 09들에게 - 대전대신고 마이너 갤러리 날샘을 고민하는 09들에게 gall.dcinside.com 슬슬 동아리에 대해 관심이 많아진 것 같은데 궁금한거 있으면 물어보셈,CloudR 2025.12.28 14:49:49 스크랩 조회 534 추천 3 댓글 1,3,534,2025.12.28 14:49:49,https://gall.dcinside.com/mgallery/board/view/?id=daeshinhigh&no=13437&page=19
13435,[일반],10들아,부장쌤 ㄱㅊㄱ쌤이던데 너넨 ㅈ된거라 보면 됨 ㅋㅋㅋㅋ,오량인 (211.235) 2025.12.28 13:53:49 스크랩 조회 443 추천 5 댓글 5,5,443,2025.12.28 13:53:49,https://gall.dcinside.com/mgallery/board/view/?id=daeshinhigh&no=13435&page=20
13429,[일반],나는 07이라 기억 잘 안나는데 입학할 때 점수,중학교 때 올 A만 받고 반장 그런 거 없으면 몇점임? 한 과목 B면 몇 점씩 까이고 - dc official App,불공평한도장 2025.12.27 23:03:55 스크랩 조회 369 추천 0 댓글 3,0,369,2025.12.27 23:03:55,https://gall.dcinside.com/mgallery/board/view/?id=daeshinhigh&no=13429&page=20
13430,[질문],모고 내신 등급,이번 입학하는 10인데 시험보면 보통 모고 등급이랑 내신 등급 비슷하나요?,오량인 (114.207) 2025.12.27 23:46:50 스크랩 조회 422 추천 1 댓글 3,1,422,2025.12.27 23:46:50,https://gall.dcinside.com/mgallery/board/view/?id=daeshinhigh&no=13430&page=20
13436,[일반],크리,크리에이터는 별로인가요,오량인 (124.60) 2025.12.28 14:07:07 스크랩 조회 331 추천 0 댓글 2,0,331,2025.12.28 14:07:07,https://gall.dcinside.com/mgallery/board/view/?id=daeshinhigh&no=13436&page=20
13431,[일반],삶과 종교 학원 추천 좀 해주세요,비인기라 그런지 학원이 안보이네요 ㅠㅠ - dc official App,오량인 (1.245) 2025.12.28 00:13:16 스크랩 조회 450 추천 12 댓글 1,12,450,2025.12.28 00:13:16,https://gall.dcinside.com/mgallery/board/view/?id=daeshinhigh&no=13431&page=20
13433,[열람주의❗],이거 뭐임?,,오량인 (14.6) 2025.12.28 03:12:41 스크랩 조회 542 추천 7 댓글 2,7,542,2025.12.28 03:12:41,https://gall.dcinside.com/mgallery/board/view/?id=daeshinhigh&no=13433&page=20
13432,[일반],08 선배다.,나 때는 언어영역이고 듣기평가도 뵜다. 후배님들 힘내라.,ㅇㅇ (125.138) 2025.12.28 01:45:50 스크랩 조회 447 추천 0 댓글 2,0,447,2025.12.28 01:45:50,https://gall.dcinside.com/mgallery/board/view/?id=daeshinhigh&no=13432&page=20
13434,[일반],10 파인더,이번에 대신고 오는데 공학 좋아하고 3D모델링이랑 소프트웨어 기본 어느정도 할줄 아는데 동아리 파인더가 좋나요? 아니면 추천 해 주십쇼,오량인 (59.27) 2025.12.28 11:47:32 스크랩 조회 567 추천 1 댓글 12,1,567,2025.12.28 11:47:32,https://gall.dcinside.com/mgallery/board/view/?id=daeshinhigh&no=13434&page=20
13428,[열람주의❗],임마 왜 또 이러노..,https://www.dshs.kr/bbs/board.php?bo_table=3827&wr_id=311690 왜 계속 터지냐 ㅋㅋ 담당일진 있음? 이러니까 10들이 대신고를 좆으로 보1지,오량인 (59.26) 2025.12.27 16:52:58 스크랩 조회 612 추천 5 댓글 2,5,612,2025.12.27 16:52:58,https://gall.dcinside.com/mgallery/board/view/?id=daeshinhigh&no=13428&page=20
13426,[질문],학원 추천 ㄱㄱ,언매 학원 추천좀 ㄷㅁ는 시간대가 안맞음 - dc official App,오량인 (211.38) 2025.12.27 11:33:47 스크랩 조회 543 추천 2 댓글 5,2,543,2025.12.27 11:33:47,https://gall.dcinside.com/mgallery/board/view/?id=daeshinhigh&no=13426&page=20
13425,[일반],그래서 홈페이지 복구 언제인지 아시는분?,홈페이지에 합격자 확인 링크 같은거 언제 올라옴,오량인 (59.27) 2025.12.27 10:37:56 스크랩 조회 312 추천 0 댓글 2,0,312,2025.12.27 10:37:56,https://gall.dcinside.com/mgallery/board/view/?id=daeshinhigh&no=13425&page=20
13427,[일반],대신고 유도,학교 채육시간에 하는거 말고 자율동아리 같은거나 그런거 있음? 농구나 축구같은거처럼 대회도 나갈수있는지 궁금,오량인 (211.235) 2025.12.27 11:37:14 스크랩 조회 548 추천 1 댓글 5,1,548,2025.12.27 11:37:14,https://gall.dcinside.com/mgallery/board/view/?id=daeshinhigh&no=13427&page=20
13423,[일반],올해 자퇴 왤케 많음,ㅎㅅㅎ도 자퇴했구나 학생회 부장에 학급 반장 아니었나,오량인 (146.70) 2025.12.27 01:10:35 스크랩 조회 569 추천 7 댓글 0,7,569,2025.12.27 01:10:35,https://gall.dcinside.com/mgallery/board/view/?id=daeshinhigh&no=13423&page=20
13422,[일반],약 10년전 대신고,"안녕~ 나는 대신고가 자사고로 막 전환되고 들어온 지금은 직장인 졸업생이야~ 대신고 갤러리 있어서 우연히 글 적어봤어 내가 고3때 ㅇㅅㅁ ㅅㅎㅊ 선생님이 학교에 처음 오셨을때니깐 시간이 많이 지났다 그만큼 나도 늙었고ㅠ ㅇㅅㅁ쌤 1년차때는 주걱으로 반 애들 다 기강잡고 그때 대신고 불타는 주걱이라는 별명도 생겼지 내가 입학할때는 자사고 막 시작할때라 대신고도 미달 나왔던 시절이 있었지  학생들 수준도 높지는 않고 앞에 알리딘 pc방이 있었는데 방과후나 야자 도망간 애들 선생님들이 잡아와서 단체로 ㅈㄴ때리고 할때가 있었지 근데 애들은 쌤들 피해 복수동 pc방으로 도망가고 너무 옛날 얘기긴 하지 지금도 그러는지 모르겠지만 그때는 주머니에 폰 보였다 하면 최소 두달압수하고 그랬지 또 서울대 최종합격 한명밖에 안나왔는데 지금 입결 많이 좋아졌더라 10여년 전 그때 방충망 구멍나면 벌레 들어와서 종이로 구멍막고 그랬는데 요즘은 시설 어떤지 모르겠다... 자전거 타고 출근하시는 ㅊㅈㅇ 선생님 그리고 ㅇㅈㄱ,ㅇㅎㅌ,ㅅㅇㅇ 선생님 기억나고 지각하면 발전기금 걷으시는 ㅊㅈㅁ 선생님,그시절 일요일까지 전원 자습시키고 가장 무서웠던 선생님 중 한분이신 ㅎㅈㅅ 선생님 기억나고 다른 선생님들은 다 모르겠네..",오량인 (118.235) 2025.12.27 00:17:02 스크랩 조회 1063 추천 20 댓글 4,20,1063,2025.12.27 00:17:02,https://gall.dcinside.com/mgallery/board/view/?id=daeshinhigh&no=13422&page=20
13420,[일반],슬슬 동아리 바이럴 돌 땐가,기대되노ㅋㅋ,오량인 (223.39) 2025.12.26 21:58:23 스크랩 조회 336 추천 0 댓글 0,0,336,2025.12.26 21:58:23,https://gall.dcinside.com/mgallery/board/view/?id=daeshinhigh&no=13420&page=20
13421,[일반],나 대신 165으로 붙었다,ㅅㅅ,오량인 (182.228) 2025.12.26 23:42:27 스크랩 조회 756 추천 0 댓글 16,0,756,2025.12.26 23:42:27,https://gall.dcinside.com/mgallery/board/view/?id=daeshinhigh&no=13421&page=20
13418,[일반],추가합격,나 내신 192이고 면접도 솔직히 개잘봤다고 생각했는데 나 왜떨어졌냐 혹시 추가합격 있음?,오량인 (106.101) 2025.12.26 20:11:22 스크랩 조회 639 추천 1 댓글 6,1,639,2025.12.26 20:11:22,https://gall.dcinside.com/mgallery/board/view/?id=daeshinhigh&no=13418&page=20
13417,[일반],이번에 경쟁률 올라가서 100명정도 떨어졌다는데,화이팅,H__ 2025.12.26 19:13:06 스크랩 조회 644 추천 3 댓글 5,3,644,2025.12.26 19:13:06,https://gall.dcinside.com/mgallery/board/view/?id=daeshinhigh&no=13417&page=20
13415,[열람주의❗],180인데 왜 떨어졌냐 징징거리는 새끼들 봐라,니들이 말을 못한거임 ㅇㅇ 닥치고 받아들여라 어지간하면 170 180애들도 잘 붙는데 160이 붙고 니가 떨어졌으면 너가 면접을 조진거지 왜 남탓을 하려드노 징징거리지 말고 빨리 일반고로 꺼져 그리고 붙은새끼들도 '훗ㅋ 나는 붙었지 ㅋ' 이러면서 비틱하지말고 들어와서 내신딸 준비나 해라 가뜩이나 5등급제인 새끼들이 뭘 믿고 나대노 일반고보다 내신 따기 어려우니까 계집마냥 즙짜면서 전학갈 생각하지 말고 공부해놔라,오량인 (59.26) 2025.12.26 16:59:23 스크랩 조회 1000 추천 28 댓글 3,28,1000,2025.12.26 16:59:23,https://gall.dcinside.com/mgallery/board/view/?id=daeshinhigh&no=13415&page=20
13413,[일반],사이트 터졌는데 합격이다 아니다 하는애들은 어케 아는거임?,ㅈㄱㄴ - dc official App,오량인 (211.235) 2025.12.26 15:13:06 스크랩 조회 558 추천 1 댓글 1,1,558,2025.12.26 15:13:06,https://gall.dcinside.com/mgallery/board/view/?id=daeshinhigh&no=13413&page=20
13416,[일반],10들에게 하고 싶은 말,"최종 합/불 여부에 따라서 희비가 많이 갈리는 듯한데 이번엔 경쟁률도 높아서 심한편인듯. 근데 보기 거북한 반응들도 많아서 글 올림. 1)본인이 성적 180이상인데 떨어졌다. 본인이 성적 믿고 면접을 너무 소홀히 하지는 않았는지 돌아보셈. 대학이 원하는 인재상이 있듯이 대신고가 바라는 입학생이 있는거임. 공부 잘해도 말 한마디 못할 정도로 소심하면 장담컨데 학종에서 대학 잘가길 기대하기 힘듦. 대신고가 그런 입학생을 원하는 것도 아니고. 학종은 선생님들이 본인을 얼마나 혹은 어떻게 인지하고 있는지도 정말 중요하다. 2)웹페이지도 터지네 ㅈ밥 학교 ㅋㅋ 일단 웹페이지는 대신고 선생님들이나 학생들이 운영하는게 아님 ㅋㅋㅋ 본인이 떨어졌으면 일반고나 자공고 가서라도 열심히 하면 되는거지 이런걸로 학교 비방하는 거 자체가 웃김. 3)이럴거면 대성고가지 확실한건 대신고 입결은 매년 갱신중이고 어느순간 대성은 한참 나락으로 간 이후임. 성적 바이럴로 입터는 대성은 확실히 시대가 원하는 인재상이 아니고, 실제로 서울권, 수도권에서는 학종 아니면 정시(재수 포함)파로 나눠진 상태지. 대성마냥 애매하게 하는 학교는 없음. 애초에 대성이 변화하지 않는 한 입결이 좋을 수도 없는 구조임. 이건 대성고 갤러리나 주변에 대성간 선배들 얘기 들어도 똑같을 거임 ㅋㅋ 4)에라이 ㅈ반고 간다 꺼져라 오히려 현명한 반응임. 이미 불합격 통지는 난 상황이고 어케함? 그냥 본인이 일반고 가서도 열심히 하면 되는거임. 아쉬운 건 아쉬운 거고. 근데 본인이 불합격한 걸 가지고 학교 전체를 비난하는 건 남들 시선에 패배자로 밖에 보이지 않음.",오량인 (58.224) 2025.12.26 17:49:10 스크랩 조회 807 추천 44 댓글 3,44,807,2025.12.26 17:49:10,https://gall.dcinside.com/mgallery/board/view/?id=daeshinhigh&no=13416&page=20
13412,[일반],나 대신붙었는데떨어진새끼들은 싹다 병신임???,ㅇㅇ? - dc official App,오량인 (14.50) 2025.12.26 14:49:58 스크랩 조회 859 추천 6 댓글 9,6,859,2025.12.26 14:49:58,https://gall.dcinside.com/mgallery/board/view/?id=daeshinhigh&no=13412&page=20
13414,[일반],커트라인,이번에 결과 나왔는데 일반전형 교과점수 커트라인 몇점인지 아시는분 알려주심 감사하겠습니다,오량인 (116.121) 2025.12.26 15:14:42 스크랩 조회 847 추천 0 댓글 11,0,847,2025.12.26 15:14:42,https://gall.dcinside.com/mgallery/board/view/?id=daeshinhigh&no=13414&page=20
13411,[일반],나 10인데 대신고 홈페 왜 터짐?,역대급 좇사고면 개추,오량인 (211.40) 2025.12.26 13:57:54 스크랩 조회 1360 추천 21 댓글 19,21,1360,2025.12.26 13:57:54,https://gall.dcinside.com/mgallery/board/view/?id=daeshinhigh&no=13411&page=20
13410,[일반],"생기부 분석 사용자 테스트 관련 (배민 1만원, 5명 드림)","안녕하세요. 생기부 분석 서비스 사용자 테스트 관련하여 이렇게 염치 불구하고 등장합니다. 현재 개인적으로 생기부 분석 서비스 테스트를 진행 하고 있습니다. 다만 제 주변에 고등학생 및 최근 졸업 사용자를 찾기 어려워 이렇게 요청하게 되었습니다 테스트는 소요시간 약 5분이고, 끝까지 참여해주시는 분들 중 5명께 감사의 마음으로 배민 1만원 상품권 을 드립니다. ※ 이메일을 반드시 입력해주셔야 상품권을 전달해드릴 수 있어요. 총 5명 증정 : - 추첨 3명 - 성실히 답변해주신 분 2명 ※ 열심히 참여하고도 받지 못하는 일이 없도록 구성했습니다. ※ 최소인원 충원 시 (1-2주예상) 당첨된 스크린샷과 함께 입력하신 이메일로 상품권을 보내드립니다. 아래 maze 테스트 링크를 클릭하시면 바로 참여하실 수 있습니다. 기본 2질문 -> 4 tasks -> 서비스 가치 3질문으로 구성되어 있습니다. https://t.maze.co/485624915 Maze | User Research & Testing Platform Get user insights fast, early, and often so you can make data-informed product and design decisions. t.maze.co 테스트 목적: 전형별 생기부 분석이 실제로 의미 있는지 사용 과정이 이해하기 쉬운지 확인하기 위함입니다. 소요 시간: 약 5분 PC 환경 권장** ※ 크롬 번역 기능은 끄고 진행해주세요. 마지막으로, 대전대신고 학생 여러분! 이번 프로젝트를 준비하며, 고등학생분들이 학종을 위해 얼마나 고생스럽고 힘들게 준비하고 있는지 알 수 있었습니다. 지금은 꿈이 있든 아직 생기지 않았든, 여러분이 존경스럽고, 여러분이 무엇을 하든 잘 되길 진심으로 응원합니다💪 읽어주셔서 감사합니다😊",엘리냥 2025.12.26 11:59:47 스크랩 조회 466 추천 1 댓글 4,1,466,2025.12.26 11:59:47,https://gall.dcinside.com/mgallery/board/view/?id=daeshinhigh&no=13410&page=20
13408,[일반],2학년 독서 선생님이,피램 맞죠?,오량인 (211.246) 2025.12.26 04:41:10 스크랩 조회 487 추천 0 댓글 1,0,487,2025.12.26 04:41:10,https://gall.dcinside.com/mgallery/board/view/?id=daeshinhigh&no=13408&page=20
13409,[일반],Christmas Present,"먼저 해당 포스터를 보고 당황하신 선생님과 학생분들께사죄의 말씀을 드립니다. 12월 25일 크리스마스를 기념하여 각 반에 작은 선물을 남겨두었습니다. 먼저 09 여러분들꼐 이번 기회를 통하여 선배 및 동기들과 친목의 기회를 다지고 대입에 관하여 궁금증을 해소할 수 있는 기회가 되었으면 합니다. 08 여러분들꼐는대입에 관하여 성공하신 선배님들의 이야기를 공짜로 듣고, 수시 카드에 대해 다양한 의견을 들어볼 수 있는 기회가 되었으면 합니다. 해당 동아리에 있으신 졸업하신, 졸업할 선배님들은 쉽게 만나지 못하는 분들이십니다. 해당 선배님들에게 궁금증이 있었는데 연락처가 없어서 연락하지 못했던 분들이나 해당 학과에 진학하신 분들꼐 연락할 기회가 될 수도 있습니다. 감사합니다. (2-6 근황)",CloudR 2025.12.26 07:55:41 스크랩 조회 662 추천 14 댓글 2,14,662,2025.12.26 07:55:41,https://gall.dcinside.com/mgallery/board/view/?id=daeshinhigh&no=13409&page=20
13405,[일반],알엔이,STEAM 알엔이 결과 언제나오냐,오량인 (123.215) 2025.12.26 01:14:06 스크랩 조회 263 추천 0 댓글 1,0,263,2025.12.26 01:14:06,https://gall.dcinside.com/mgallery/board/view/?id=daeshinhigh&no=13405&page=20
13404,[열람주의❗],이름이 ㅅㅅㅎ이면 문제 있는듯 ㅇㅇ,ㅋㅋ,오량인 (59.26) 2025.12.26 00:21:56 스크랩 조회 533 추천 7 댓글 0,7,533,2025.12.26 00:21:56,https://gall.dcinside.com/mgallery/board/view/?id=daeshinhigh&no=13404&page=20
13406,[일반],대신고 1년 후기,"개인적인 후회가 좀 있어서 남긴거임 참고만 하시길. 반박 환영 일단 성적이 우선이다 나는 2학기 초까지 활동만 죽자고 해봤다. 프로젝트형 활동, TMD, 동아리 개인탐구, 학급특색사업, 충남대 연계 프로젝트, 수행평가 등등… 참여한 건 많다. 근데 시간이 지나고 보니까 이런 생각이 든다. 1학년 때는 활동이 ‘많다’는 게 생각보다 결정타가 아닐 수 있다. 특히 “GPT 돌려서 만든 실험” 같은 건 그대로 생기부에 쓰기도 애매하고(면접 때 안 털리게 준비하면 된다지만…), 결국 성적이 밑에서 받쳐줘야 뭐든 안정적으로 굴러간다. 물론 나도 성적이 중요하다는 건 알고 있었다. 근데 나는 시행착오가 없으면 확신이 안 서서, 뭐든 일단 해봐야 직성이 풀리는 타입이라 2학기 초까지 활동만 달렸다. 그 과정에서 대신고 운영 방식에 대한 내 결론이 조금 정리돼서, 참고가 되면 좋겠다. 내 결론은 이거다. 선생님 눈에 띄고 자주반 들어가려면 공부가 최우선 이다. 왜냐면 선생님 눈에 띄면 생기부도 좋아질 수밖에 없고, 자주반 자체도(겉으로 티는 안 내도) 나름의 특장점 이 있다.(티를 안내는 이유가 있다.) 그리고(이건 진짜 내 체감인데) 선생님들은 “활동 엄청 하는 학생”도 좋아하지만, 결국 성적 좋은 학생을 더 선호 하는 경향이 있는 것 같다. 또 성적이 좋으면 자연스럽게 주변에 사람이 많아진다. 같은 반이든 다른 반이든 끼워준다 . 그래서 굳이 처음부터 활동에 목숨 걸고 ‘주도적으로 끌고 가는 역할’을 떠맡지 않아도, 어느 순간 활동 잘하는 사람 취급을 받고 슬쩍 끼어드는 구도가 생기기도 한다. (물론 공부 잘하면 머리도 좋아서 활동도 잘하는 경우가 많긴 함 . 결론적으로 뻔뻔함만 있으면 된다. 무임승차 하자. 어차피 성적 좋으면 같이할 사람 차고 넘친다. 좋은 동아리를 들어가야 한다 동아리는 크게 세 가지가 중요하다고 본다. 활동 잘하는 선배 + 성적 좋은 선배 가 많고, 선후배 간에 도움 주고받는 분위기 담당 선생님이 적극적인 동아리 위 두 개가 애매하면, 내가 부회장 될 수 있는 동아리 부회장은 생각보다 꿀이다. 회장보다 업무는 덜한데, 봉사시간도 챙길 수 있고 ‘리더십/협업’ 같은 역량 요소를 생기부에 쓰기도 비교적 편하다. 그리고 동아리 지원할 때 꼭 기억할 점: 매해 동아리 분위기(그 해 동아리원들이 얼마나 하느냐)에 따라, 나한테 떨어지는 활동이 완전 달라진다. 들어갔으면 무조건 선배들이랑 친해져라. 좋은 동아리든 아니든(적당히 봐가면서). 담당 선생님이랑도 친해져라. 대신고는… 솔직히 인맥빨이 어느 정도(사실존나) 있는 느낌 이 있다(느낌정도가아님). 동아리 합격, 회장/부회장, 이런 데서. 물론 친해지려면 내가 뭔가를 보여줘야 한다. 적극적인 참여, 괜찮은 탐구보고서, 대회 같은 것(혹은 중학교때부터)들. 근데 뭐… 무임승차 타면 어떠냐. 다만 “개인 탐구보고서 하나도 못 쓸 정도로 공부만 한다”면, 그건 대신고랑 좀 안 맞을 수도 있겠다. 최소한의 활동력은 필요하다고 본다. 프로젝트/활동 관련 팁 1) 대학 연계 프로젝트는 꼭 해봐라 대학 연계 프로젝트는 활동의 질이 확 다르다. 대전대, 목원대, 충남대가 ‘별거 아니지 않냐’고 하는 사람도 있는데, 그래도 대학은 대학이다. 시스템이랑 피드백 구조가 다르다. 학원까지 뺄 정도인지는 개인 선택인데, 가능하면 참여해보는 걸 추천 한다. 2) 프로젝트 팀 구성은 목적에 따라 갈라라 내가 적극적으로 할 생각이면: 3명 이하로 팀 짜라. 6명 팀으로 해도 결과물은 보통 3명 팀 못 따라간다. 무임승차 할 생각이면: 최대한 능력 좋은 사람들 + 최대 인원 으로 팀 짜라. 3) TMD? 까는 사람 많은데 나는 괜찮다고 본다 ‘인생 계획 세우기’ 같은 건 존나 별로일 수 있는데, 리빙랩 벤치마킹 기반으로 나름 체계적이고 멘토 선생님도 있어서 생각보다 구조가 있다. 봉사시간 담임선생님께 프로젝트형 봉사활동 기획할 수 있는지 요청해봐라. 직접 기획해서 채우면 시간 확보가 꽤 된다.(짬 먹은 선생님 걸리면 어렵다. 봉사 담당 선생님 찾아가면 된다.) “추가 봉사시간 준다”는 거 뜨면 가능한 한 참여해라. 헌혈 같은 건 (타이밍 맞으면) 시간도 잘 주고 효율이 좋다.(내일인가 있는 걸로 안다) 봉사시간이 대입에서 얼마나 메리트 있는지에 대해선 말이 많다. “별로 의미 없다”는 사람도 있고 “있으면 좋다”는 사람도 있다. 나는 그냥 하는 게 맞다 쪽이다. 3년 동안 100시간 목표로 잡아봐라.(나는 그러고 있다.) 내가 들은 바로는 특정 대학(전자과 기준) 평균 봉사시간이 68시간 정도이었고, 최고는 110시간 언저리였다. 다만 2024년 입결부터 ‘학교 봉사만 인정’ 같은 조건도 있어서(이런 건 해마다 바뀌니까), 그때그때 확인은 꼭 해야 한다. 활동을 대하는 태도 팀 짤 때 “반에서 공평하게 해야지” 이런 말 많이 나오는데… 솔직히 굳이? 싶다. 저만 잘 되면 되는 것 아닌가요? 이 마인드가 오히려 현실적으로 도움이 된다. 최소한, 남 눈치 보다가 기회 날리는 건 하지 말자. 총평 내 주변에 성격 좀 꼬인 애들이 많아서 그런지(혹은 내가 그렇게 된 건지) 나도 어느 정도 꼬여버린 것 같다. 근데 웃긴 건… 그런 애들이 공부를 잘 하더라. 어차피 이 글을 보는 사람들은 “헤헤 활동해야지~” 마인드로 들어오는 경우가 많아서 큰 도움은 안 될 수도 있다. 그래도 그냥 하소연 한 번 해보고 싶어서 썼다^^ 단순 참고용이다. 물론 1학년 해당 사항이고, 내년은 어떨지 모른다 돈주고 학교 다니는데 대학 잘 가야하는 것 아닌가 싶다. +쌤들 가스라이팅이 심할거다. 물론 선생님 풀에 따라 다르겠지만 1학년은 그랬다. (가스라이팅일지 아닐지는 대학 가봐야 알겠지만) 생각보다 학원 쌤들은 대신고 별로 안좋아하는 것 같다. 학원 추천 해보자면 국어는 둔마/태현이 대부분인거 같고 수학은 다 퍼져있는 거 같은데 진한/양영/개인적으로 M2O도 괜찮다. 영어는 둔마/위드유 같은데 위드유가 한달 50이다.(시험기간) 나머지는 안다녀봐서 모르겠다.",오량인 (118.222) 2025.12.26 01:29:41 스크랩 조회 1386 추천 12 댓글 11,12,1386,2025.12.26 01:29:41,https://gall.dcinside.com/mgallery/board/view/?id=daeshinhigh&no=13406&page=20
13403,[일반],ㅇㄹㅇㅎ 솔직히,그냥 웃겼음 오바싸고 욕할정도는 아니였음 - dc official App,El_Salvador 2025.12.26 00:21:52 스크랩 조회 405 추천 12 댓글 2,12,405,2025.12.26 00:21:52,https://gall.dcinside.com/mgallery/board/view/?id=daeshinhigh&no=13403&page=20
13402,[질문],근데 동네 이름이 왜 오량임?,볼 때마다 오량우탄 떠오름,오량인 (222.118) 2025.12.25 23:35:26 스크랩 조회 393 추천 0 댓글 5,0,393,2025.12.25 23:35:26,https://gall.dcinside.com/mgallery/board/view/?id=daeshinhigh&no=13402&page=20
13398,[일반],ㅇㄹㅇㅎ,솔직히 최대 피해자는 개발자아니냐 난 개발자는 아닌데 그냥 애들이 존나 힘들게 구르더라 그런데 막상 혼나는건 개발자고(존나 불쌍하네),오량인 (219.248) 2025.12.25 18:56:06 스크랩 조회 377 추천 11 댓글 1,11,377,2025.12.25 18:56:06,https://gall.dcinside.com/mgallery/board/view/?id=daeshinhigh&no=13398&page=20
13399,[일반],열심히 하는것과 잘하는것은 다르다,ㅇㅇ - dc official App,오량인 (182.226) 2025.12.25 22:03:07 스크랩 조회 338 추천 8 댓글 2,8,338,2025.12.25 22:03:07,https://gall.dcinside.com/mgallery/board/view/?id=daeshinhigh&no=13399&page=20
13400,[일반],08 쓸데없는거 ㅈㄴ 시키고 개운지중인데,09는 개 ㄹㅈㄷ네 오량어학인지 뭔지 말아처먹는 과정 듣고 나서 08이 급 양반으로 보이기 시작함ㅋㅋㅋㅋㅋㅋㅋㅋㅋㅋㅋ 니들도 참 불쌍하다 진짜 선생년들이 생각이 없는거냐 아니면 교훈을 못얻는거냐 누가봐도 안될게 보이는데 겁나 부실하게 대충 설계하고 학생들한테 토스하는 식으로 지 들 ㅈ대로 밀어붙인 다음 개운지하면 언제나 백암관 불러놓고 바이럴과 가스라이팅 실시하는게 패턴이노 이쯤돼서 ㄱㅅㅎ쌤과 ㅎㅈㅅ쌤의 위대함을 다시금 느끼고 간다,오량인 (1.227) 2025.12.25 22:09:36 스크랩 조회 655 추천 12 댓글 1,12,655,2025.12.25 22:09:36,https://gall.dcinside.com/mgallery/board/view/?id=daeshinhigh&no=13400&page=20
13397,[열람주의❗],동페 이후 ㅇㅈㅅ는,진짜 능력 ㅈ도 없는거 탄로난거 아니냐? 총괄 맡은 활동이 OBL에 동아리페스타인데 할때마다 그렇게 망치는거는 진짜 능력 아니냐? 어떻게 그 ㅅㄲ가 총괄 하는거 마다 다 망치냐? 애초에 전교회장감은 맞는거냐? 능력도 ㅎㅌㅊ에 행사 운영 능력도 ㅎㅌㅊ 동페때 점심에는 진짜 왜 부른지도 모르겠고 진짜 뭐하냐? 동페는 집결 시간 공지도 바꾸고 집결 시간에 갔더니 갑자기 장소도 바뀌어서 바뀐 장소 갔더니 장소 문 못따서 동페 운영 동아리원 복도에서 세워두고 공지때리고 진짜 행사 대충 준비 한 티 ㅈㄴ남 OBL은 지네 생기부만 채우려고 한 행사인거 ㅈㄴ 티나는데 왜 이렇게 계속 하라고 재촉 하는거냐? 다 하기 싫어하는데 그걸 억지로 시키는게 효과가 있을거라 생각한거냐? 목적도 안좋고 방식도 안좋은데 어떻게 가스라이팅만 ㅈㄴ 하냐 생기부 채울거면 조용히 혼자 채우라 피해는 이만저만 다 주고 다니지 말고 대신고 미래가 진짜 ㅈㄴ 어둡다,오량인 (38.68) 2025.12.25 18:50:29 스크랩 조회 599 추천 18 댓글 4,18,599,2025.12.25 18:50:29,https://gall.dcinside.com/mgallery/board/view/?id=daeshinhigh&no=13397&page=20
13396,[일반],08왜 글 많아짐??,ㅇㅅㅁ 이슈는 2학년에 항상 있었던거 같은데 이번에 불만글 왜케 많아짐??? 또 나와서 이상한 설교함??,오량인 (118.235) 2025.12.25 18:42:22 스크랩 조회 333 추천 2 댓글 1,2,333,2025.12.25 18:42:22,https://gall.dcinside.com/mgallery/board/view/?id=daeshinhigh&no=13396&page=20
13395,[일반],07 08들을 위한 오량어학사태 총정리,"사건의 발단은 무려 고1 3모까지 거슬러 올라감. 당시 1학년 모고 국어 1등급이 전교에 8명이가 밖에 안나왔다는 명분(지금 돌아보면 걍 진짜 명분인듯) 하에 국어과 ㅅㅅㅎ 선생님께서 독서 프로젝트를 진행하심. 뭐 내용은 별건 아니고 cip 1차때 학년 단위로 도서를 진행하는거였음. 근데 문제는 이걸 너무 강압적으로 진행함. 사전에 학생들에게 동의를 구한 활동도 아닌데 cip 1차를 거의 못빼게 만듦. 아마 09랑 활동해본 08,07이라면 cip1차 독서때문에 못한다는 말을 들어봤을거임. 즉, 이런 활동으로 09는 대회, 동아리 활동 참여의 기회를 놓침. 또 시험직전까지도 진행하며 학원은 커녕 시험공부마저 불가능하게 만들어둠. 그렇다고 애들이 순순히 책을 읽나? 감독들도 거의 없는게 그게 될리가 없음 ㅇㅇ. 이렇게 1년 내내 진행하다가 유연화주간에 오량어학데이를 하겠다는거임. 그 내용은 대충 칼럼을 읽거나 단어게임 같은걸 만든 웹사이트였음. 근데 이 웹사이트도 제대로 안굴러감. 해킹으로 점수 조작한 애들도 있고 한 3일차 쯤에는 아예 사이트가 터짐. 그리고 어제는 백암관에서 아예 행사를 계획함.소문으로는 리허설도 안하고 진행했다고 함. 아니나 다를까 방송부는 방송부대로 방송사고 엄청 내면서 제대로 진행이 거의 안되었고, 진행자 학생들도 당황해서 망신 제대로 당함. 중간에 메인 이벤트라고 준비했던 골든벨은 문제 정답도 이상했고 여러가지 답이 나올 수 있는 문제(예: 자신을 되돌아보는 행위를 뜻하는 말 —> 반성,성찰 등등)은 초상도 안줘서 전원 탈락하는 참사가 발생. 수행평가로 학생들이 제작한 영상들도 1,2부로 나눠서 상영했는데 1부는 영상 순수 체급때문에 그나마 재밌었음. 근데 2부는 방송사고+영상 재미없음 이슈로 진심 떡락. 중간엔 하는지도 몰랐던 본인들이 개최한 무슨 대회 수상하면서 ㄱㅅㅇ쌤이 수상했는데 얼마나 준비가 부족했으면 ㄱㅅㅇ쌤이랑 운영자들 무대에서 같이 어리버리까지 대충 주고 내려감. 이상 오량어학사태 정리였음",오량인 (223.39) 2025.12.25 18:13:19 스크랩 조회 911 추천 20 댓글 7,20,911,2025.12.25 18:13:19,https://gall.dcinside.com/mgallery/board/view/?id=daeshinhigh&no=13395&page=20
13392,[일반],일 잘하는 새끼들은 ppt를 화려하게 하려 안한다는 연구가 있음,ㅋㅋ,오량인 (59.26) 2025.12.24 23:25:26 스크랩 조회 565 추천 15 댓글 2,15,565,2025.12.24 23:25:26,https://gall.dcinside.com/mgallery/board/view/?id=daeshinhigh&no=13392&page=20
13393,[열람주의❗],솔까 08의 운지 이유 중 하나는,"동아리 시간 반토막내고 허구한날 오랄비엘, 비애미, 시발자 같은 기괴한 학년 활동 가져와서라고 생각함 활동에 대한 브리핑, 교육, 피드백도 제대로 이루어지지 않고 맨날 클룸에 보고서 올라감 -> ㅇㅅㅁ의 슈퍼 바이럴 실시 -> 제출해라 이거 반복임ㅇㅇ 심지어 개고트 ㄱㅅㅎ ㅎㅈㅅ에 비해 ㅇㅅㅁ에 대한 신뢰는 작년부터 쭉 이어진 문 과애들도 물리해라라이팅, 일본어라이팅, 언매라이팅 등등 온갖 바이럴로 ㅅㅁ라이팅이라는 단어까지 생겨날 정도로 박살났음 거기다 어떨땐 ㅈㄴ 쉽고 어떨땐 ㅈㄴ 어렵고 홍길동마냥 동해번쩍 서해번쩍하며 멘탈을 조지는 시험출제에 작년 수학 재시험, 문제 오류로 인정답안, 이번 독서 재시험 등 이미 학년에 대한 애들의 믿음은 ㅈ된지 오래임 거기에 맨날 ㅁㄱㄹ은 빽빽거리고 ㅇㅅㅊ은 허허거리고 ㄱㅌㅎ은 이론 교육도 안하고 운지하강법 수행을 배설해내니 학년이 제대로 돌아가겠냐고ㅋㅋㅋㅋㅋㅋㅋㅋㅋㅋㅋ",오량인 (1.227) 2025.12.24 23:42:47 스크랩 조회 939 추천 34 댓글 3,34,939,2025.12.24 23:42:47,https://gall.dcinside.com/mgallery/board/view/?id=daeshinhigh&no=13393&page=20
13390,[일반],동아리 페스타 소감,"진짜 왜 한거노? 운영진 대가리에 총 맞았나 정상적인 사고가 있는 ㅅㄲ가 만들 행사가 아니다 수발자, be me를 능가할 정도의 ㅈ같은 행사다 목적도 없이 재학생한테 활동 공유만 하고 시간도 ㅈㄴ 짧게 해서 뭐 전시 할수도 없게 하고 동페 양식은 또 기간 시험기간에 쳐 올려서 실제로는 시험 끝난 바로 이틀만에 다 만들게 하고 재촉은 또 ㅈㄴ하면서 예산도 안주고 과자같은거 뭐 주는거 하나 없고 원래의 동아리 페스타 목적에 맞는 체험형 부스도 아니라 전시 부스라 뭐 할수도 없고 심지어 준비기간도 짧은데 산출물 만들라 개 ㅈㄹ하고 오늘 ㅅㅂ 점심에 불러가지고는 시간도 오전 10시에 바꿔서 재공지 해서는 막상 멀티실 갔더니만 갑자기 미디어홀로 장소 옮긴다 하고 그런데도 미디어홀 갔더니 키가 없어서 80명정도 되는 인원을 ㅈㄴ 추운 복도에 10분 넘게 대기 시키고는 끝까지 키 못찾아서 복도에서 공지하고 진짜 왜 한거노? 클럽퀘스트 했으면 된거 아닌가? 심지어 동페는 필수 ㅇㅈㄹ해서 빠질수도 없게 만들고 진짜 운영 ㅈ같이도 한다 운영진들은 양심이 있으면 생기부에 “재학생 모두의 반대를 무릅쓰고 자신의 이익을 위해 강제로 활동을 진행하는 우수한 추진력을 가진 학생임” 꼭 써라 ㅅㅂ아 진짜 왜 한건지 하나도 모르겠고 아까 동페 돌아볼때도 한숨밖에 안나왔다",오량인 (118.235) 2025.12.24 18:21:51 스크랩 조회 619 추천 28 댓글 5,28,619,2025.12.24 18:21:51,https://gall.dcinside.com/mgallery/board/view/?id=daeshinhigh&no=13390&page=20
13389,[질문],죽음을 각오한 ㅇㅅㅁ vs 07 고트 ㅎㅈㅅ,누가 이기냐 오늘 ㅇㅅㅁ pt 보는데 ㅈㄴ 다급해 보여서 물어본다ㅠㅠ,오량인 (106.101) 2025.12.24 11:26:30 스크랩 조회 886 추천 14 댓글 7,14,886,2025.12.24 11:26:30,https://gall.dcinside.com/mgallery/board/view/?id=daeshinhigh&no=13389&page=20
13388,[일반],나 대신고 대표 쌍둥이 ㅇㄴㅇ인데 학교에 불만 있음 10반으로 와라,내 쌍둥이 동생 ㄱㅎㅅ랑 공감해줄게,오량인 (14.50) 2025.12.24 09:19:46 스크랩 조회 463 추천 6 댓글 1,6,463,2025.12.24 09:19:46,https://gall.dcinside.com/mgallery/board/view/?id=daeshinhigh&no=13388&page=20
13391,[일반],오량어학에 대해서 설명해봄,본인은 09임 오량어학에 대해서 말해보겠음. 1일차 이땐 뭐 그냥 능력있는 애들이 모여서 열심히 활동하는구나 헀음 -칼럼 좀 하다가 웹사이트 오류남 2일차 설마 했는데 진짜임 -웹사이트가 처음부터 먹통이라 우리반 애들 분위기 씹창에 들어온 강사년 얼굴이 시뻘개짐 +오늘 들은 소문으로는 개발자가 존나 혼났다고함ㅇㅇ(둘다 액트였나 파인더였나 그랬던거같음) 3일차 야자 안해서 모름 4일차 오늘 독립영화제 MC와 존나 차이나게 개같이 절고 개노잼 드립만 존나쳐함 우리반 분위기는 씹창남.(특히 골든벨ㅋㅋ) 일단 골든벨부터 쉬운건 개쉽고 어려운건 어려웠는데 초성도 안주고 어케 맞추라는 건지 라는 느낌의 문제도 나옴 그래서 다 틀리던데 1년동안 준비했다고 들었는데 4일동안 한게 뭐가 있나 싶음ㅇㅇ 총평 웹사이트 터지고 아이스티는 존나 맛없었고 1년동안 열심히 웹사이트만 제대로 만들었어도 괜찮았을것같았는데 1년동안 ㄹㅇ 뭐한거지 싶음 (들리는 소문으로는 10반이 성적도 꼴찌라고 들었음ㅇㅇ) 열심히 준비한티도 안나고 PPT만 존나게 잘 만들고 정녕 학생들의 어휘력 향상에 어떤 영향을 줬는지 모르겠고 우리 학비가지고 이런 활동을 했다는게 ㅈㄴ 빡돎ㅇㅇ 또한 운영진은 운영을 어떻게 하길래 1년동안 준비한 행사를 이정도로 말아먹는지 모르겠음. 갠적으로 1년중에 가장 말아먹은 행사라고 생각함ㅇㅇ(ㅅㅂ왜했노) +동아리 페스타는 왜 한건지 이해안감 2학년 형들은 모르겠지만 그냥 cip1차 시간 깡으로 날리고 웹사이트 계속 먹통에 ㅈ같은 설명 조금해주고 뭘 하란건지 모르겠음. 1학년들이 존나 부처라서 안올리는거지 ㅈ같아하는애들 개많았다.(야유소리 들어봐서 알거야) 할거면 똑바로 하셈. 운영진 믿고 활동 참여한 애들은 뭔 죄임?,오량인 (211.52) 2025.12.24 19:25:41 스크랩 조회 1091 추천 32 댓글 17,32,1091,2025.12.24 19:25:41,https://gall.dcinside.com/mgallery/board/view/?id=daeshinhigh&no=13391&page=20
13387,[일반],이번에 대학 간 07입니다,"대신고 3년 다니면서 원프레스 소속으로 도마켓, 흑백창업인 등 다양한 프로젝트를 만들고 운영했었습니다. 도시와 지리학 공부하면서 4점대 초의 내신으로 중앙대(서울) 도시계획부동산학과, 경희대(서울) 지리학과, 외대(글로벌) 투어리즘&웰니스학부 세 곳 붙었고, 고민 끝에 경희대학교 지리학과 최종 등록했습니다. (카드는 중앙대, 경희대, 외대(글), 시립대, 건국대, 충남대 썼습니다. 지금 생각해보니 미친 짓이기는 합니다...) 혼자 공부하면서 정말 어려움도 많았고, 진로 관련해서 고민도 많았지만, 돌아보면 한 진로에 대해서 집중해서 쭉 탐구했던 것, 그리고 문과(경희대 지리학과는 이과대학 소속이기는 합니다) 학생 중에서는 나름 많이 쓴 R, QGIS와 같은 프로그램 덕분에 좋은 결과 받을 수 있었던 것 같습니다. 도시, 지리학 관련 진로를 갖고 있으면서 고민이 있거나, 어려움이 있다면 언제든지 연락해주세요... 아마 주변에 이 글을 보여주면 저를 알 만한 사람이 있을겁니다. 추가적으로 간단한 질문 사항 있으시다면 댓글로 남겨주시면 답글 달아드리겠습니다. 08, 09 여러분의 건승을 빕니다!",오량인 (125.190) 2025.12.24 04:05:15 스크랩 조회 1258 추천 26 댓글 21,26,1258,2025.12.24 04:05:15,https://gall.dcinside.com/mgallery/board/view/?id=daeshinhigh&no=13387&page=20
13386,[일반],08에 대한 생각 1,"세줄 요약 08 성적만능주의 심한거 맞다(근데 수업, 야자 시간에 롤체하면서 공부량 늘었다고 찡찡대는건 좀 웃기다). 특히 GPT로 활동은 딸깍으로 싹다 해결하고 공부하러간다. 근데 이게 08 입장에선 어쩔수 없다. 학생들이 GPT에 의존할 수 밖에없는 활동 구조를 바꾸지 않은 학교 잘못도 있다. 먼저 나는 08 이과 솦트 쪽임 밑에 글보고 평소 생각해왔던 말을 하고 싶어 글을 써봄 일단 밑글에 대한 내 의견을 밝히자면 생기부의 불확실함, 인지부조화 등으로 성적만능주의에 빠졌다라는건 동의함. 하지만 내신 시험의 불확실성(재시험은 선넘긴함)으로 공부량이 증가했다? 이건 좀 아닌것 같음. 국어야 그렇다쳐도 수학 기조가 변해서 수업 안듣고 학원에 간다는건 어불성설임. 또 학교 수업시간이든 야자시간이든 롤체하는 놈들만 봐도 공부량이 증가했나?라는 생각도 들고. 그래서 난 08이 성적만능주의, 나아가 무기력증에 빠진 이유가 현재 08의 사회적 상황의 비중이 더 크다 생각함. 08은 교육과정의 마지막 시기이고 거의 재수가 불가능하다고 여겨지기에 무조건 한번에 대학을 가야한다는 부담을 가지고 있음. 또 정시는 안된다고 가스라이팅 당해오기도 했고 실제로도 안된다는것을 알기에 당연히 수시, 학종으로 아주 잘 가고자하는 마음이 있음. 사실 여기까진 괜찮음. 하지만 문제는 이 학종이라는 제도가 불확실하다는 점임. 근본적으로 학종은 ""무조건 붙는다""가 없다고 봐야함. 대학마다, 학과마다 생기부 보는 기준이 다르고 매년 경쟁자 수준도 달라지기에 당연한거임. 그래서 학종은 자신이 할수있는것을 다해서 최대한 붙을 ""확률""을 높이는 것이라고 볼 수 있음. 그렇다면 이것을 어떻게 높일수있는가? 크게 두가지가 있음. 내신과 생기부 그렇다면 학종에서 대학에 붙을 확률을 가장 높이는 요소는 무엇인가? 여기서도 할말이 있지만, 현재 사회적 상황 기준으론 성적이 더 크게 작용한다고 볼 수 있음. 그러면 이 사회적 상황이 무엇이길래 08을 성적만능주의에 빠지게 했는가? 앞에서 말했던것처럼 교육과정의 마지막 세대 그리고 GPT의 범용화를 꼽을 수 있음. 알다시피 한국은 GPT 월간 이용자수 2000만을 찍었음. 이는 트랜드에 민감한 고등학생이라면 사실상 다 쓰고 있다고 봐야함. 그래서 이로인해 어떤 일이 일어났냐? 바로 활동의 상향 평준화와 이로인한 경쟁자를 뛰어넘는 활동을 수행하기위한 능력수준이 급격히 증가함. 물론 GPT 활용도 능력이라곤하지만 원래라면 못했을 활동을 GPT로 인해 일반고에서도 진행할수있게되며 자연스레 오량인들은 위기감을 느끼게됨. 그럼 뭘하느냐? 앞에서 말했던 것처럼 두가지 선택지가 있음. 성적 올리기와 활동하기. 하지만 활동은 GPT로 인해 상향 평준화되어 GPT를 넘는 활동을 진행하려면 성적을 올리는 것 이상의 공부 시간과 노력을 쏟아야함. 그렇기에 당연히 성적을 올려야한다는 생각을 하게됨. 여기서 또 문제는 학교에선 기존에 하던대로 성적보다 활동을 우선시하며 다양한 활동을 만들고 억지로 참여시킴. 근데 의미가 없음. 왜? GPT를 넘는 활동을 하려면 훨씬 많은 공부를 해야하는데 이에대한 방법도 시간도 주어지지 않고 그저 기한내에 보고서쓰기 같은 활동만 진행함. 당연히 GPT 복붙임. 그렇기에 이런 교육과정 마지막 세대인 08이 학종의 불확실성과 GPT로 인한 활동의 상향평준화 시대에 그나마 대학을 좋게갈 확률을 높이는게 성적이라 생각하게되는것이라 생각함. 그럼 이것이 문제인가? 문제라면 어떻게 해결해야하는가?라는 내용이 남았는데 나중에 쓰도록 하겠음..",오량인 (112.160) 2025.12.24 01:27:04 스크랩 조회 610 추천 7 댓글 5,7,610,2025.12.24 01:27:04,https://gall.dcinside.com/mgallery/board/view/?id=daeshinhigh&no=13386&page=20
13384,[일반],넷플릭스 추천 시리즈,링컨 차를 타는 변호사는 꼭 봐라 - dc official App,El_Salvador 2025.12.23 20:31:19 스크랩 조회 386 추천 5 댓글 7,5,386,2025.12.23 20:31:19,https://gall.dcinside.com/mgallery/board/view/?id=daeshinhigh&no=13384&page=20
13385,[일반],08이 성적만능주의에 빠진 이유,"(글쓴이는 08 ) 1. 08의 처음 시작은 나쁘지 않았음 ㅇㅅㅁ쌤의 말빨과 ㅁㄱㄹ쌤의 keep the basic 기강 덕분에 08은 타학년보다 더 모범되고 우수하다는 인식이 생겼고 학교를 믿으라는 말을 1학년답게 의심하지 않고 나름대로 순종하고 규칙을 지키려고 노력함 1학년 때는 대신고 적응하느라 바빴고 1학년 생기부는 중요하지 않았고 대입과의 시간적 여유가 있었으므로 긍정적인 마인드는 지속되었음 2. 문제는 2학년부터었음 1) 내신 시험의 변동 - 문학: 1학년 때는 열심히 암기하면 누구나 점수를 딸 수 있는 시험 구조였으므로(관동별곡 등), 문학 시험도 유사하게 나올 것이라 예상했으나, 수능식 문제 출현 -> 점수에 대한 불확실성과 모의고사 기출 공부라는 학습량 증가로 이어짐 - 독서: 수능식 비문학 풀이, 암기 zero -> 거의 수능 대비하는 거처럼 모의고사 기출 공부를 조지며 학습량을 기하급수적으로 증가/학원 수강 급증. & 점수에 대한 불확실성 고조 + 중간고사 재시험으로 인해 평가 시스템과 교사진에 대한 불확실성/불신이 최고조에 다다름 - 수학과(수상, 수하, 수1, 수2) : 담당 교사진의 변동과 시험 출제 기조가 매번 바뀜 수상, 수하 때는 n제를 나눠주며 모의고사 변형 문제가 주를 이뤘음 하지만 수1 때 엄 부장님이 오시며 시험 출제 기조가 수특으로 변경 수2는 n제 삭제, 시험 출제 기조 급드리프트(교과서, 개념 중심) 꾸준한 출제 기조 변동으로 08은 마찬가지로 불확실한 환경에 적응하고자 학원, 문제풀이에 집중하게 됨. 내신에 대한 강한 변화, 불확실한 출제 기조, 재시험 등의 교사진의 불성실함으로 08은 학원이라도 수강하며 치열하게 공부하며 내신 경쟁이 굉장히 치열해짐. 시험 문제의 불확실성 때문에 1,2점대가 성적 유지되지 못하는 현상이 발생했고, 3,4점대는 이것에 희망을 가지고 내신을 목숨 걸며 사수하기 위해 노력함. 1,2점대는 내신 방어를 위해 마찬가지로 목숨 걸고 내신 집중하며 악순환이 지속됨 -> 결국 ㅇㅅㅁ쌤이 말한 08의 내신에 대한 집착은 08의 잘못이 아니라 교사진의 불확실한 내신 시험 출제 때문이라 생각함. 국어과/수학과 둘다 시험 자체가 불확실해지니 학생 입장에선 당연히 내신 공부량을 늘리는 것이 당연한 상식이었음. 하지만 2학년 교사들은 만능학생책임론을 외치며 교사진과 시험 자체에 대한 피드백과 수정은 눈에 보이지 않았고, 독서 재시험까지 겹치며 완전한 불신이 극에 다다름. 08도 최선을 다해 주어진 환경에서 최선을 다해 노력했다고 생각함. 글쓴이도 마찬가지였음. 3. 생기부에 대한 불확실함 중요한 2학년 생기부를 작성하며 2학년 부장, 총무, 진로진학이 모두 문과, 어문계열 + 수학과 선생님들은 대신고 1년차 ㅅㅅㅎ쌤과 ㄱㅌㅎ쌤이라는 사실을 깨달아버림. 게다가 학년 활동을 주도하는 진로진학 ㅇㅅㅁ쌤의 일본어라이팅, 언매라이팅, 미적라이팅으로 인해 ㅇㅅㅁ쌤에 대한 불신이 커져버림. 이로 인해 이과 학생들은 3문과 학년부 주도 활동에 대해 불신을 가지기 시작함. (Obl, 수발자 등) 반면 07은 진로진학 ㄱㅅㅎ, ㅎㅈㅅ의 어시스트로 활동하는 방법에 대한 확신과 실력이 있음을 깨달음. 이런 상황에서 07이 레전드 입시 결과를 찍고 진로진학부는 08 생기부와 활동에 관심을 가졌는데, 이게 웬걸 07 선배들은 ""니네가 07보다 훨씬 잘 갈거야"" 2학년 부장 선생님 ""2학년들 아주 훌륭해요"" 말만 믿으며 잘못된 방향으로 활동하는지도 모르고, 활동에 대한 잘못된 확신을 가져왔는데 08 활동을 본 진로진학 대장 ㅎㅈㅅ쌤이 데과머 시간 "" 08 ㅈ됐다. 니들 마인드가 맘에 안 든다"" 언급 진로진학 2짱 ㄱㅅㅎ쌤이 기하 시간 ""08 니들은 선배들보다 절대 잘 못갈거야"" 발언 이로 인해 3문과 학년부에 대한 불신이 생기며 -08들은 인지부조화를 강하게 겪게 되었고, -활동을 놓아버리는 학생들 발생, -학년 활동에 대한 불신으로 Gpt와 함께하는 개인탐구로 비교과 채우려는 생각이 주를 이룸. 4. 종합 물론 08이 내신 집착, 활동 바보가 되버린 이유는 복합적이고 08 학년 학생들 자체의 문제도 있겠지만, 1) 불확실한 내신 시스템과 교사진에 대한 불신 2) 활동하는 방법에 대한 무지와 객관화 부족 3) 인지부조화 유발 발언들 위 세 개의 영향이 크지 않을까 생각함. 지금이라도 학생, 교사 모두 스스로를 돌아보며 부족한 부분을 보완해서 서로에게 강한 확신과 확실함을 줘야한다고 생각함. 선생님 또는 누군가를 비방하는 목적은 전혀 없으며, 학생으로서 느낀 바를 솔직하게 글로 표현함. 글쓴이가 속한 08집단의 회생이 성공하기를 바라는 마음에 쓰는 글임. 부분적으로 틀린 말은 당연히 있을 거라 생각하고, 다른 생각과 입장이 존재한다는 것을 존중하고 수용하겠음. 하지만, 2학년 학년부의 무능과 책임이 존재한다는 주장은 틀리지 않다고 확신함.",오량인 (106.101) 2025.12.23 21:58:34 스크랩 조회 1510 추천 84 댓글 9,84,1510,2025.12.23 21:58:34,https://gall.dcinside.com/mgallery/board/view/?id=daeshinhigh&no=13385&page=20
13383,[일반],궁금합니다,그냥 궁금해서 그런데 중딩때 학폭있음 입학 어려움?,오량인 (211.235) 2025.12.23 20:19:16 스크랩 조회 305 추천 0 댓글 5,0,305,2025.12.23 20:19:16,https://gall.dcinside.com/mgallery/board/view/?id=daeshinhigh&no=13383&page=20
