페이지,게시글번호,말머리,제목,내용,글쓴이,추천수,조회수,날짜,링크
1,1997,[일반],봉명고 갤러 여러분들,좀 늦었지만 새해복 많이 받아!! - dc official App,비호감곤약 2025.01.07 01:00:48 스크랩 조회 262 추천 2 댓글 1,2,262,2025.01.07 01:00:48,https://gall.dcinside.com/mini/board/view/?id=bmhs&no=1997&page=1
1,1688,[일반],졸업함,응애 나 아직 아기 어른 싫어 맘마줘 시발,계란밥된장국 2023.02.09 11:01:12 스크랩 조회 816 추천 5 댓글 8,5,816,2023.02.09 11:01:12,https://gall.dcinside.com/mini/board/view/?id=bmhs&no=1688&page=1
1,1690,[일반],분탕글은 진압하도록 하겠습니다,파딱이기 때문에 진압하지 않을 수 없잖아? - dc official App,비호감곤약 2023.02.13 21:21:57 스크랩 조회 632 추천 1 댓글 2,1,632,2023.02.13 21:21:57,https://gall.dcinside.com/mini/board/view/?id=bmhs&no=1690&page=1
1,1713,[일반],학사일정,ㅈㄱㄴ - dc official App,비호감곤약 2023.03.14 10:24:04 스크랩 조회 635 추천 2 댓글 1,2,635,2023.03.14 10:24:04,https://gall.dcinside.com/mini/board/view/?id=bmhs&no=1713&page=1
1,2016,[일반],씨발,봄에 놀면 인서울 못한다.,봉갤러 (115.92) 2026.03.17 13:03:47 스크랩 조회 78 추천 0 댓글 2,0,78,2026.03.17 13:03:47,https://gall.dcinside.com/mini/board/view/?id=bmhs&no=2016&page=1
1,2015,[일반],청주 봉명중학교 3학년 동창을 찾습니다,23년도 9월부터 무슨 일이 있었는지 학교에 나오지도 않고 졸업을 했습니다 번호를 바꿧는지 지금도 연락이 안됩니다 아시는 분.. 이름은 장X연 이에요 여자애입니다 - dc official App,멩지 (118.235) 2026.03.07 14:26:41 스크랩 조회 74 추천 0 댓글 0,0,74,2026.03.07 14:26:41,https://gall.dcinside.com/mini/board/view/?id=bmhs&no=2015&page=1
1,2014,[공지],중학교 동창 찾습니다,여자아이고 이름은 장X연 인데 아니  청주 봉명중학교 3학년 때 23년도 9월에 무슨 일이있었는지 학교에 안나오더라구요 고등학교는 어딜갔는지도 연락이 안됩니다 지금도  보고싶습니다 가장친한 짱친이였습니다.,봉갤러 (118.235) 2026.03.07 14:12:52 스크랩 조회 45 추천 0 댓글 0,0,45,2026.03.07 14:12:52,https://gall.dcinside.com/mini/board/view/?id=bmhs&no=2014&page=1
1,2013,[일반],갤주님 저 궁금한 거 생김ㅇㅇ,토종갤주(04년생 그친구) 잘 지내는지 아심?? 내가 아는 토종갤주가 그 학사 다니던 걔인데 걔 맞나 졸업하고 군복입고 모고본 거 빼곤 봉명고에 더 갈 일이 없네 어째...,봉갤러 (211.36) 2026.02.18 18:47:11 스크랩 조회 76 추천 0 댓글 2,0,76,2026.02.18 18:47:11,https://gall.dcinside.com/mini/board/view/?id=bmhs&no=2013&page=1
1,2012,[일반],봉갤도 이제,죽은건가 - dc official App,나는야토마토 2026.01.05 22:54:54 스크랩 조회 124 추천 0 댓글 3,0,124,2026.01.05 22:54:54,https://gall.dcinside.com/mini/board/view/?id=bmhs&no=2012&page=1
1,2009,[일반],봉명고 ㅇㄸ염,외고 갈려다가 빡쵸서 여기 올까 하는데 어때요 ? 그리고 교복은어떰여 ㄱㅊ해요 ? 교복 줄여도 ㄱㅊ아요 ? 배구방과후 있던데 그거 계속 쭉 있는거 아니면 올해만 잇는거에요 ? 전에껏들 보니까 네트형 스포츠로 좀 있던데 다 배구에요? 배구 하는거면 거기에 여자 있어요 ?,ㅇㅇ (61.108) 2025.10.28 19:06:51 스크랩 조회 231 추천 0 댓글 3,0,231,2025.10.28 19:06:51,https://gall.dcinside.com/mini/board/view/?id=bmhs&no=2009&page=1
1,2007,[일반],중간고사 일정 중에 모의고사 감다뒤 인정이면 개추 ㅋㅋ,모의고사 씹에바임,봉갤러 (211.119) 2025.08.31 23:44:04 스크랩 조회 149 추천 1 댓글 1,1,149,2025.08.31 23:44:04,https://gall.dcinside.com/mini/board/view/?id=bmhs&no=2007&page=1
1,2005,[일반],너넨 개학이지,ㅋㅋ - dc official App,호시노남편 2025.08.19 03:57:35 스크랩 조회 117 추천 0 댓글 0,0,117,2025.08.19 03:57:35,https://gall.dcinside.com/mini/board/view/?id=bmhs&no=2005&page=1
1,2004,[일반],비 ㅈㄴ많이 온다,날씨의 아이 찍나 - dc official App,호시노남편 2025.07.17 12:43:37 스크랩 조회 105 추천 0 댓글 0,0,105,2025.07.17 12:43:37,https://gall.dcinside.com/mini/board/view/?id=bmhs&no=2004&page=1
1,2003,[일반],연휴 끝나고 바로 수련회 수학여행?,좋겠노 - dc official App,호시노남편 2025.05.05 01:26:08 스크랩 조회 240 추천 0 댓글 2,0,240,2025.05.05 01:26:08,https://gall.dcinside.com/mini/board/view/?id=bmhs&no=2003&page=1
1,2002,[급식],요즘 급식 폼 오른듯,ㅇㅇ - dc official App,봉갤러 (175.205) 2025.04.11 02:07:24 스크랩 조회 246 추천 0 댓글 2,0,246,2025.04.11 02:07:24,https://gall.dcinside.com/mini/board/view/?id=bmhs&no=2002&page=1
1,2001,[일반],다 똥먹어라,멍청이들아 - dc official App,봉갤러 (1.246) 2025.03.19 19:49:49 스크랩 조회 206 추천 0 댓글 1,0,206,2025.03.19 19:49:49,https://gall.dcinside.com/mini/board/view/?id=bmhs&no=2001&page=1
1,2000,[일반],개학이노,,봉갤러 (39.7) 2025.03.04 02:28:38 스크랩 조회 234 추천 1 댓글 1,1,234,2025.03.04 02:28:38,https://gall.dcinside.com/mini/board/view/?id=bmhs&no=2000&page=1
1,1999,[일반],선배들,학교 홈페이지에서 포토갤러리 사진이 보고 싶어서 로그인을 했는데 안되길래 한 번 여쭤봅니다.,봉갤러 (112.186) 2025.02.28 01:47:49 스크랩 조회 280 추천 0 댓글 2,0,280,2025.02.28 01:47:49,https://gall.dcinside.com/mini/board/view/?id=bmhs&no=1999&page=1
1,1998,[일반],졸업 축하축하,- dc official App,호시노남편 2025.02.06 17:33:05 스크랩 조회 324 추천 0 댓글 3,0,324,2025.02.06 17:33:05,https://gall.dcinside.com/mini/board/view/?id=bmhs&no=1998&page=1
1,1996,[일반],햄버거 하나 먹고싶노,민수게이 잘살고있냐? 졸업하고 오랜만에 갤와보는데 망갤다됐네,ㅇㅇ (106.102) 2025.01.05 18:13:28 스크랩 조회 287 추천 0 댓글 1,0,287,2025.01.05 18:13:28,https://gall.dcinside.com/mini/board/view/?id=bmhs&no=1996&page=1
1,1995,[일반],호시노게이님 운영 잘 하고 계시나요,제작년에 군복입고 모고도 보고 결국 학교 서울로 왔음(높진 않음) 봉갤하는 게이들 중에서 졸업하고 심심한 친구들 있으면 밥이나 사줄라니까 다들 방학 잘 보내라 후배님들!! tmi)아는 애들은 알지만 선생님들도 봉갤을 종종 탐방하신다. 새해 인사를 못 드려서 내일이나 다시 드려야겠다...,봉갤러 (59.31) 2025.01.04 18:37:45 스크랩 조회 300 추천 0 댓글 7,0,300,2025.01.04 18:37:45,https://gall.dcinside.com/mini/board/view/?id=bmhs&no=1995&page=1
1,1994,[일반],나라 좆망했네 ㅅㅂ,더듬어만진당 시발새끼들이 국회 다쳐먹고 있어서 대석열이 대차게 한번 뒤집으려 하는데 ㅅㅂ 계엄령 쳐때리는 저능아 대가리ㅋㅋ 석열이 탄핵되면 ㅈ재명이 나라먹은다 간첩 빨치산 ㅈ재명이 목에 칼 쑤셔도 안뒤지노.. 정은이가 걍 핵폭탄 쐈음 좋겠다 다 뒤져서 리셋하게 - dc official App,봉겔러 (58.232) 2024.12.04 22:53:55 스크랩 조회 363 추천 0 댓글 1,0,363,2024.12.04 22:53:55,https://gall.dcinside.com/mini/board/view/?id=bmhs&no=1994&page=1
1,1992,[일반],수능후기,,봉갤러 (211.246) 2024.11.24 00:53:13 스크랩 조회 324 추천 3 댓글 0,3,324,2024.11.24 00:53:13,https://gall.dcinside.com/mini/board/view/?id=bmhs&no=1992&page=1
1,1991,[일반],수능 잘봐라,찍기라도 해라 - dc official App,호시노남편 2024.11.14 07:32:24 스크랩 조회 229 추천 2 댓글 0,2,229,2024.11.14 07:32:24,https://gall.dcinside.com/mini/board/view/?id=bmhs&no=1991&page=1
1,1989,[일반],기숙사,봉명고 기숙사 ㅇㄸ ??,ㅇㅇ (211.119) 2024.10.30 22:41:25 스크랩 조회 313 추천 0 댓글 0,0,313,2024.10.30 22:41:25,https://gall.dcinside.com/mini/board/view/?id=bmhs&no=1989&page=1
1,1988,[일반],제 여친임,,봉갤러 (106.102) 2024.10.13 18:20:09 스크랩 조회 463 추천 0 댓글 1,0,463,2024.10.13 18:20:09,https://gall.dcinside.com/mini/board/view/?id=bmhs&no=1988&page=1
1,1986,[일반],누오오오옹ㅋㅋㅋ,,봉갤러 (221.160) 2024.10.08 10:40:09 스크랩 조회 295 추천 2 댓글 1,2,295,2024.10.08 10:40:09,https://gall.dcinside.com/mini/board/view/?id=bmhs&no=1986&page=1
1,1983,[일반],아트쿡 망했나요?,졸업생인데 아트쿡 망했다는 소문을 들었읍니다... 아트쿡 근황이 궁금합니다.... - dc official App,봉갤러 (118.235) 2024.08.25 19:12:34 스크랩 조회 327 추천 0 댓글 3,0,327,2024.08.25 19:12:34,https://gall.dcinside.com/mini/board/view/?id=bmhs&no=1983&page=1
1,1982,[일반],나는 봉명고 3학년 허수들의 대표,롤하고 노래하는걸 좋아하는 허수 나를 보면 재수하라고 건내줘 슬프게 재수학원에 등록해 어른들이 자꾸 물어봐 공부 안하고 뭐하냐고 물어봐 정말 쉬운 질문이야 답이 금방 나와,봉갤러 (61.108) 2024.08.21 16:57:46 스크랩 조회 393 추천 2 댓글 1,2,393,2024.08.21 16:57:46,https://gall.dcinside.com/mini/board/view/?id=bmhs&no=1982&page=1
1,1981,[일반],윤-하 좋아하는 애들아,사건의 지평선이 있던 앨범에 이어 윤-하 7집 앨범이 2024년 9월 1일 오후 6시에 발매돼. 알람맞춰놔. - dc official App,윤하팬입니다 2024.08.20 11:17:01 스크랩 조회 258 추천 0 댓글 3,0,258,2024.08.20 11:17:01,https://gall.dcinside.com/mini/board/view/?id=bmhs&no=1981&page=1
1,1980,[급식],자~ 화요일 점심입니다,3학년 때부터 생긴 마라부대볶음... 완전 맛있음 매우 기대되는 내일. 아 참고로 3학년 되어서 5교시가 무려 3번!!!이나 있음~,나는야토마토 2024.08.12 22:40:46 스크랩 조회 268 추천 1 댓글 3,1,268,2024.08.12 22:40:46,https://gall.dcinside.com/mini/board/view/?id=bmhs&no=1980&page=1
1,1977,[일반],한기대 소개합니다,한국기술교육대학교 추천합니다,오붕이 (211.235) 2024.07.21 11:24:30 스크랩 조회 388 추천 0 댓글 3,0,388,2024.07.21 11:24:30,https://gall.dcinside.com/mini/board/view/?id=bmhs&no=1977&page=1
1,1976,[일반],속보)내일 서코,- dc official App,봉갤러 (106.102) 2024.07.20 15:45:26 스크랩 조회 309 추천 1 댓글 1,1,309,2024.07.20 15:45:26,https://gall.dcinside.com/mini/board/view/?id=bmhs&no=1976&page=1
1,1975,[일반],다들 시험 잘봤냐?,젤어려웠던게 뭐였냐 - dc official App,호시노남편 2024.07.06 04:56:21 스크랩 조회 298 추천 0 댓글 2,0,298,2024.07.06 04:56:21,https://gall.dcinside.com/mini/board/view/?id=bmhs&no=1975&page=1
1,1974,[일반],봉갤 살아있었네,싱글봉글 갤러리 내 친구가 만들었었는데 살아있구나 형은 2주뒤에 전역인데 너희도 곧 가야지?ㅋㅋㅋ 시험기간일텐데 공부 조금만 더 열심히 해봐 대학가니까 후회가 남더라고...ㅎㅎ 요즘도 봉황히스토리메이커 이러고있나보네 징하다ㅋㅋ 이건 학교에서 종합전형 면접준비하다 쓰러진 사진이야ㅋㅋㅋ 이제그만 틀은 갈게 ㅂㅂ 후배들 파이팅!,ㅇㅇ 2024.06.26 05:33:54 스크랩 조회 305 추천 4 댓글 1,4,305,2024.06.26 05:33:54,https://gall.dcinside.com/mini/board/view/?id=bmhs&no=1974&page=1
1,1973,[일반],아니 무슨 활동도 많이없는갤에 도박광고가 올라오노,어이가 없노 - dc official App,호시노남편 2024.06.02 20:09:59 스크랩 조회 250 추천 0 댓글 0,0,250,2024.06.02 20:09:59,https://gall.dcinside.com/mini/board/view/?id=bmhs&no=1973&page=1
1,1970,[일반],인싸 레전드...jpg,,daybreakfrontline 2024.05.09 15:32:00 스크랩 조회 491 추천 0 댓글 1,0,491,2024.05.09 15:32:00,https://gall.dcinside.com/mini/board/view/?id=bmhs&no=1970&page=1
1,1969,[일반],GOAT,,봉갤러 (113.198) 2024.05.09 15:21:46 스크랩 조회 307 추천 3 댓글 1,3,307,2024.05.09 15:21:46,https://gall.dcinside.com/mini/board/view/?id=bmhs&no=1969&page=1
1,1968,[일반],엿먹어라,ㅗㅗㅗㅗㅗㅗ,봉갤러 (182.214) 2024.05.03 20:07:48 스크랩 조회 256 추천 0 댓글 2,0,256,2024.05.03 20:07:48,https://gall.dcinside.com/mini/board/view/?id=bmhs&no=1968&page=1
1,1966,[급식],봉명고 애들 금일 4월 19일 금요일,대략 종례하고 몇시에 끝나냐?? - dc official App,응애나아기1에오 2024.04.19 01:31:21 스크랩 조회 295 추천 0 댓글 0,0,295,2024.04.19 01:31:21,https://gall.dcinside.com/mini/board/view/?id=bmhs&no=1966&page=1
1,1965,[일반],중간고사 D-6,공부는 내일부터 ><,나는야토마토 2024.04.17 21:13:11 스크랩 조회 273 추천 0 댓글 2,0,273,2024.04.17 21:13:11,https://gall.dcinside.com/mini/board/view/?id=bmhs&no=1965&page=1
1,1963,[일반],현재까지 학교생활 요약,,daybreakfrontline 2024.04.09 16:34:39 스크랩 조회 653 추천 7 댓글 1,7,653,2024.04.09 16:34:39,https://gall.dcinside.com/mini/board/view/?id=bmhs&no=1963&page=1
1,1962,[급식],오늘자 급식,- dc official App,나는야토마토 2024.04.08 07:33:09 스크랩 조회 228 추천 0 댓글 0,0,228,2024.04.08 07:33:09,https://gall.dcinside.com/mini/board/view/?id=bmhs&no=1962&page=1
1,1960,[급식],화요일 급식,오늘 기대되노 ㅇㅇ,daybreakfrontline 2024.04.02 05:13:57 스크랩 조회 219 추천 0 댓글 0,0,219,2024.04.02 05:13:57,https://gall.dcinside.com/mini/board/view/?id=bmhs&no=1960&page=1
1,1959,[급식],월요일 급식,오늘 맛도리네 ㅋㅋ ㄹㅇ...ㅇㅇ,daybreakfrontline 2024.04.01 01:24:45 스크랩 조회 226 추천 0 댓글 1,0,226,2024.04.01 01:24:45,https://gall.dcinside.com/mini/board/view/?id=bmhs&no=1959&page=1
1,1958,[일반],오늘 학교가야되면 개추 ㅋㅋ,ㅇㄷㄴㅂㅌ~ ㅋㅋ 사실 졸업함...,daybreakfrontline 2024.04.01 01:19:07 스크랩 조회 244 추천 2 댓글 0,2,244,2024.04.01 01:19:07,https://gall.dcinside.com/mini/board/view/?id=bmhs&no=1958&page=1
1,1957,[급식],목요일 급식<3,돼지갈비떡찜 양념에 밥 쓱싹 벌써 맛있다. 미역비빔국수는 맛있을까..?,나는야토마토 2024.03.27 22:05:11 스크랩 조회 214 추천 0 댓글 0,0,214,2024.03.27 22:05:11,https://gall.dcinside.com/mini/board/view/?id=bmhs&no=1957&page=1
1,1956,[일반],수능 D-232,"졸리다. 오므라이스가 나왔는데 계란이 부실했다. 하지만 맛있었다. 특히, 소세지 굿 수시 붙고, 수능을 행복하게 보고싶다.",나는야토마토 2024.03.27 22:01:06 스크랩 조회 204 추천 0 댓글 0,0,204,2024.03.27 22:01:06,https://gall.dcinside.com/mini/board/view/?id=bmhs&no=1956&page=1
1,1955,[일반],완장위임,"봉붕이들아 주딱 및 파딱을 후배 게이들한테 위임하고싶다... 혹시라도 봉갤하는 고닉, 반고닉 있으면 댓글 부탁한다... 대학가서 캠퍼스라이프 즐기지도 못하는데 봉갤이라도 눈팅하고싶다. 오래된 생각이다. - dc official App",비호감곤약 2024.03.16 00:24:39 스크랩 조회 276 추천 1 댓글 6,1,276,2024.03.16 00:24:39,https://gall.dcinside.com/mini/board/view/?id=bmhs&no=1955&page=1
2,1953,[일반],.,,daybreakfrontline 2024.03.04 01:48:58 스크랩 조회 266 추천 2 댓글 2,2,266,2024.03.04 01:48:58,https://gall.dcinside.com/mini/board/view/?id=bmhs&no=1953&page=2
2,1952,[일반],내신,1학년 내신 3인데 이정도면 대학 어디감?,봉갤러1 (51.158) 2024.02.29 12:51:30 스크랩 조회 348 추천 0 댓글 2,0,348,2024.02.29 12:51:30,https://gall.dcinside.com/mini/board/view/?id=bmhs&no=1952&page=2
2,1951,[일반],봉명고 애들 개학이 언제임?,3월 2일?? 그리고 뭐냐 그 신입생 반편성에 예를 들어서 202227 이면 2핫년 2반 27번이냐? 앞에 20은 뭐임? - dc official App,응애나아기1에오 2024.02.26 20:52:10 스크랩 조회 277 추천 0 댓글 1,0,277,2024.02.26 20:52:10,https://gall.dcinside.com/mini/board/view/?id=bmhs&no=1951&page=2
2,1950,[일반],나 올해 들어가는 1학년 신입생이다 꼬우면 알제?,"어 형 들어가니깐 조심하고 나 들어가면 알아서 찾아와라 나의 ""봉황권""으로 상대해주마!!!!!!!!!!!!!!!!!!!!",봉봉황황 (218.53) 2024.02.14 22:21:05 스크랩 조회 351 추천 0 댓글 4,0,351,2024.02.14 22:21:05,https://gall.dcinside.com/mini/board/view/?id=bmhs&no=1950&page=2
2,1949,[일반],졸업함,,daybreakfrontline 2024.02.07 11:46:33 스크랩 조회 299 추천 2 댓글 2,2,299,2024.02.07 11:46:33,https://gall.dcinside.com/mini/board/view/?id=bmhs&no=1949&page=2
2,1946,[급식],월요일 급식,,daybreakfrontline 2024.02.05 12:25:54 스크랩 조회 183 추천 0 댓글 0,0,183,2024.02.05 12:25:54,https://gall.dcinside.com/mini/board/view/?id=bmhs&no=1946&page=2
2,1945,[일반],작년 대학 진학 결과,생각보다 충북대 많지않음,daybreakfrontline 2024.02.04 11:18:11 스크랩 조회 342 추천 0 댓글 0,0,342,2024.02.04 11:18:11,https://gall.dcinside.com/mini/board/view/?id=bmhs&no=1945&page=2
2,1944,[공지],"2024, 3학년 졸업식",,daybreakfrontline 2024.02.04 11:15:25 스크랩 조회 221 추천 1 댓글 0,1,221,2024.02.04 11:15:25,https://gall.dcinside.com/mini/board/view/?id=bmhs&no=1944&page=2
2,1943,[일반],2024년이 1/12 지남,,daybreakfrontline 2024.02.01 07:03:18 스크랩 조회 151 추천 0 댓글 0,0,151,2024.02.01 07:03:18,https://gall.dcinside.com/mini/board/view/?id=bmhs&no=1943&page=2
2,1942,[일반],개학 2월 5일,,daybreakfrontline 2024.02.01 06:53:47 스크랩 조회 139 추천 1 댓글 0,1,139,2024.02.01 06:53:47,https://gall.dcinside.com/mini/board/view/?id=bmhs&no=1942&page=2
2,1941,[일반],청주시 내 모의고사 꼴찌똥통ㅈ반고 메가패스 입결ㅋㅋㅋ,,ㅇㅇ (223.38) 2024.01.29 21:24:47 스크랩 조회 398 추천 3 댓글 1,3,398,2024.01.29 21:24:47,https://gall.dcinside.com/mini/board/view/?id=bmhs&no=1941&page=2
2,1936,[일반],.,,daybreakfrontline 2024.01.11 05:44:35 스크랩 조회 104 추천 1 댓글 1,1,104,2024.01.11 05:44:35,https://gall.dcinside.com/mini/board/view/?id=bmhs&no=1936&page=2
2,1931,[일반],끌올 그만하고 대답하라거,https://m.dcinside.com/mini/bmhs/1928,ㅇㅇ (61.108) 2023.12.29 10:21:37 스크랩 조회 132 추천 0 댓글 2,0,132,2023.12.29 10:21:37,https://gall.dcinside.com/mini/board/view/?id=bmhs&no=1931&page=2
2,260,[일반],시험 끝났으니까 바로 홀로라이브 조진다,,ㄴㄷㅆ (222.116) 2021.07.15 11:38:02 스크랩 조회 453 추천 7 댓글 10,7,453,2021.07.15 11:38:02,https://gall.dcinside.com/mini/board/view/?id=bmhs&no=260&page=2
2,128,[일반],1. 아무 캬루짤이나 올린다,2. 이 글이 념글을 가면 이 갤은 망갤이다.,ㅇㅇ (176.113) 2021.06.30 20:34:13 스크랩 조회 348 추천 8 댓글 5,8,348,2021.06.30 20:34:13,https://gall.dcinside.com/mini/board/view/?id=bmhs&no=128&page=2
2,4,[일반],우리 학교 꼴통같으면 개추 ㅋㅋㅋㅋㅋㅋㅋ,일단 나부터 ㅋㅋ,ㅇㅇ (222.116) 2021.06.11 18:47:32 스크랩 조회 667 추천 21 댓글 2,21,667,2021.06.11 18:47:32,https://gall.dcinside.com/mini/board/view/?id=bmhs&no=4&page=2
2,1928,[일반],여긴 졸업식 언제에요?,,ㅇㅇ (118.235) 2023.12.29 07:46:58 스크랩 조회 123 추천 0 댓글 1,0,123,2023.12.29 07:46:58,https://gall.dcinside.com/mini/board/view/?id=bmhs&no=1928&page=2
2,1927,[일반],재학생 만족도 94% 대학,goat충 통 대,daybreakfrontline 2023.12.27 22:39:43 스크랩 조회 119 추천 0 댓글 0,0,119,2023.12.27 22:39:43,https://gall.dcinside.com/mini/board/view/?id=bmhs&no=1927&page=2
2,1926,[일반],국내 방패 대학 연합,고려대 연세대 배재대 충 통 대,daybreakfrontline 2023.12.27 22:36:15 스크랩 조회 96 추천 0 댓글 0,0,96,2023.12.27 22:36:15,https://gall.dcinside.com/mini/board/view/?id=bmhs&no=1926&page=2
2,1925,[일반],연세대와 같은 로고를 쓰는 형제대학...jpg,GOAT배제​ 대학 ​교,daybreakfrontline 2023.12.27 22:33:40 스크랩 조회 144 추천 0 댓글 0,0,144,2023.12.27 22:33:40,https://gall.dcinside.com/mini/board/view/?id=bmhs&no=1925&page=2
2,1924,[일반],하버드를 잇는 국내 4대 대학,국내 4대 방패 대학 연세대 국립한국교통대학교 고려대 충북대학교 GOAT 충 통 대 ​,daybreakfrontline 2023.12.27 22:23:19 스크랩 조회 116 추천 1 댓글 0,1,116,2023.12.27 22:23:19,https://gall.dcinside.com/mini/board/view/?id=bmhs&no=1924&page=2
2,1923,[일반],청주시 1위 대학교,충​ 통​ ​대 ​,daybreakfrontline 2023.12.24 04:23:21 스크랩 조회 211 추천 0 댓글 2,0,211,2023.12.24 04:23:21,https://gall.dcinside.com/mini/board/view/?id=bmhs&no=1923&page=2
2,1922,[일반],전국 6위 대학교,the king 충 남 대,daybreakfrontline 2023.12.09 01:53:47 스크랩 조회 118 추천 2 댓글 0,2,118,2023.12.09 01:53:47,https://gall.dcinside.com/mini/board/view/?id=bmhs&no=1922&page=2
2,1921,[일반],충청북도 GOAT 대학교,갓주대,daybreakfrontline 2023.12.09 01:49:40 스크랩 조회 132 추천 0 댓글 0,0,132,2023.12.09 01:49:40,https://gall.dcinside.com/mini/board/view/?id=bmhs&no=1921&page=2
2,1920,[일반],..,하..,daybreakfrontline 2023.12.09 01:47:41 스크랩 조회 77 추천 0 댓글 0,0,77,2023.12.09 01:47:41,https://gall.dcinside.com/mini/board/view/?id=bmhs&no=1920&page=2
2,1919,[일반],대학 취업 및 창업 종합평가,,daybreakfrontline 2023.11.27 08:51:53 스크랩 조회 97 추천 0 댓글 0,0,97,2023.11.27 08:51:53,https://gall.dcinside.com/mini/board/view/?id=bmhs&no=1919&page=2
2,1918,[일반],전국 대학 재학생 만족도 순위,,daybreakfrontline 2023.11.27 08:48:11 스크랩 조회 99 추천 0 댓글 0,0,99,2023.11.27 08:48:11,https://gall.dcinside.com/mini/board/view/?id=bmhs&no=1918&page=2
2,1917,[일반],전국 1위 대학,한 기 대 ㄷㄷ,daybreakfrontline 2023.11.27 08:46:24 스크랩 조회 114 추천 0 댓글 0,0,114,2023.11.27 08:46:24,https://gall.dcinside.com/mini/board/view/?id=bmhs&no=1917&page=2
2,1916,[일반],충청도 1위 대학,ㄹㅇ ㄷㄷㄷㄷ,daybreakfrontline 2023.11.27 00:22:28 스크랩 조회 147 추천 0 댓글 0,0,147,2023.11.27 00:22:28,https://gall.dcinside.com/mini/board/view/?id=bmhs&no=1916&page=2
2,1915,[일반],아침에 일어나는거 힘들면 개추,늦잠자서 3일째 택시탐 하...,daybreakfrontline 2023.11.24 08:21:52 스크랩 조회 121 추천 1 댓글 1,1,121,2023.11.24 08:21:52,https://gall.dcinside.com/mini/board/view/?id=bmhs&no=1915&page=2
2,1914,[일반],내일 봉명고 상황,어 안가 시발,ㅇㅇ (125.186) 2023.11.17 00:08:55 스크랩 조회 266 추천 0 댓글 0,0,266,2023.11.17 00:08:55,https://gall.dcinside.com/mini/board/view/?id=bmhs&no=1914&page=2
2,1912,[일반],우리학교.jpg,,ㅇㅇ (125.186) 2023.11.15 23:42:50 스크랩 조회 185 추천 1 댓글 2,1,185,2023.11.15 23:42:50,https://gall.dcinside.com/mini/board/view/?id=bmhs&no=1912&page=2
2,1911,[일반],2023 봉명고 수능 화이팅,,daybreakfrontline 2023.11.14 20:37:46 스크랩 조회 160 추천 1 댓글 1,1,160,2023.11.14 20:37:46,https://gall.dcinside.com/mini/board/view/?id=bmhs&no=1911&page=2
2,1908,[일반],원,원신 하는사람 손,아닌데 (175.205) 2023.11.09 19:42:05 스크랩 조회 189 추천 0 댓글 2,0,189,2023.11.09 19:42:05,https://gall.dcinside.com/mini/board/view/?id=bmhs&no=1908&page=2
2,1906,[급식],월요일 급식~,- dc official App,나는야토마토 2023.10.23 00:03:20 스크랩 조회 82 추천 0 댓글 0,0,82,2023.10.23 00:03:20,https://gall.dcinside.com/mini/board/view/?id=bmhs&no=1906&page=2
2,1905,[급식],아으 동동다리,- dc official App,봉갤러 (61.108) 2023.10.10 08:18:28 스크랩 조회 126 추천 0 댓글 0,0,126,2023.10.10 08:18:28,https://gall.dcinside.com/mini/board/view/?id=bmhs&no=1905&page=2
2,1904,[일반],ㅅㅂ 지금 이정호 방송보는새끼 누구냐,이름이 봉명고노 ㅅㅂ련아 - dc official App,ㅇㅇ (49.143) 2023.10.08 20:40:22 스크랩 조회 194 추천 0 댓글 3,0,194,2023.10.08 20:40:22,https://gall.dcinside.com/mini/board/view/?id=bmhs&no=1904&page=2
2,1903,[급식],급씩,ㅆㅃ - dc official App,봉갤러 (61.255) 2023.10.05 07:54:24 스크랩 조회 89 추천 0 댓글 1,0,89,2023.10.05 07:54:24,https://gall.dcinside.com/mini/board/view/?id=bmhs&no=1903&page=2
2,1902,[급식],수요일 급식,죹같네 - dc official App,봉갤러 (61.255) 2023.10.04 00:17:56 스크랩 조회 112 추천 1 댓글 3,1,112,2023.10.04 00:17:56,https://gall.dcinside.com/mini/board/view/?id=bmhs&no=1902&page=2
2,1901,[일반],연휴 어디감,3일만 학교가면 됨 ㄷㄷ,daybreakfrontline 2023.10.03 23:03:15 스크랩 조회 71 추천 1 댓글 0,1,71,2023.10.03 23:03:15,https://gall.dcinside.com/mini/board/view/?id=bmhs&no=1901&page=2
2,1900,[급식],수요일 급식!,추석 잘 보내 봉붕아 - dc official App,봉갤러 (61.108) 2023.09.26 19:43:10 스크랩 조회 80 추천 2 댓글 2,2,80,2023.09.26 19:43:10,https://gall.dcinside.com/mini/board/view/?id=bmhs&no=1900&page=2
2,1899,[급식],화요일 급식,- dc official App,봉갤러 (61.108) 2023.09.25 20:44:22 스크랩 조회 56 추천 0 댓글 0,0,56,2023.09.25 20:44:22,https://gall.dcinside.com/mini/board/view/?id=bmhs&no=1899&page=2
2,1898,[급식],화요일 급식^오^,식혜^오^ - dc official App,나는야토마토 2023.09.25 16:38:07 스크랩 조회 51 추천 0 댓글 0,0,51,2023.09.25 16:38:07,https://gall.dcinside.com/mini/board/view/?id=bmhs&no=1898&page=2
2,1897,[급식],월요일 급식,마보 맛있겠다 - dc official App,봉갤러 (61.255) 2023.09.25 07:36:45 스크랩 조회 57 추천 1 댓글 0,1,57,2023.09.25 07:36:45,https://gall.dcinside.com/mini/board/view/?id=bmhs&no=1897&page=2
2,1896,[급식],금요일 급식!!,중식에 중식이 나오네 껄껄 - dc official App,나는야토마토 2023.09.21 17:20:02 스크랩 조회 79 추천 2 댓글 1,2,79,2023.09.21 17:20:02,https://gall.dcinside.com/mini/board/view/?id=bmhs&no=1896&page=2
2,1895,[급식],목요일 급식~,돈까스! - dc official App,나는야토마토 2023.09.20 17:33:36 스크랩 조회 73 추천 0 댓글 1,0,73,2023.09.20 17:33:36,https://gall.dcinside.com/mini/board/view/?id=bmhs&no=1895&page=2
2,1894,[급식],수요일 급식,무려 돼지국밥 - dc official App,나는야토마토 2023.09.19 22:49:47 스크랩 조회 61 추천 1 댓글 1,1,61,2023.09.19 22:49:47,https://gall.dcinside.com/mini/board/view/?id=bmhs&no=1894&page=2
2,1893,[급식],화요일 급식,돈육제육 - dc official App,나는야토마토 2023.09.18 23:28:55 스크랩 조회 63 추천 0 댓글 2,0,63,2023.09.18 23:28:55,https://gall.dcinside.com/mini/board/view/?id=bmhs&no=1893&page=2
2,1892,[급식],월요일 급식,떡볶이. - dc official App,나는야토마토 2023.09.18 07:52:08 스크랩 조회 66 추천 1 댓글 1,1,66,2023.09.18 07:52:08,https://gall.dcinside.com/mini/board/view/?id=bmhs&no=1892&page=2
2,1890,[급식],금요일 급식,츄베릅 - dc official App,나는야토마토 2023.09.14 18:37:03 스크랩 조회 74 추천 1 댓글 4,1,74,2023.09.14 18:37:03,https://gall.dcinside.com/mini/board/view/?id=bmhs&no=1890&page=2
3,1889,[급식],목요일 급식,제육. - dc official App,나는야토마토 2023.09.13 20:30:14 스크랩 조회 63 추천 0 댓글 1,0,63,2023.09.13 20:30:14,https://gall.dcinside.com/mini/board/view/?id=bmhs&no=1889&page=3
3,1888,[급식],수요일 밥,기대된다 - dc official App,나는야토마토 2023.09.12 16:57:06 스크랩 조회 53 추천 0 댓글 0,0,53,2023.09.12 16:57:06,https://gall.dcinside.com/mini/board/view/?id=bmhs&no=1888&page=3
3,1887,[일반],원하는 곳에서 원하는 결과 나오시길 바라겠습니다.,봉명고 수시 화이팅,daybreakfrontline 2023.09.11 23:58:46 스크랩 조회 127 추천 1 댓글 1,1,127,2023.09.11 23:58:46,https://gall.dcinside.com/mini/board/view/?id=bmhs&no=1887&page=3
3,1886,[급식],화요일 밥,계란말이 맛있겠당 - dc official App,나는야토마토 2023.09.11 22:10:37 스크랩 조회 57 추천 2 댓글 2,2,57,2023.09.11 22:10:37,https://gall.dcinside.com/mini/board/view/?id=bmhs&no=1886&page=3
3,1885,[급식],월요일 밥,미역국에 밥 말아 먹어야징 - dc official App,나는야토마토 2023.09.11 01:18:09 스크랩 조회 68 추천 1 댓글 5,1,68,2023.09.11 01:18:09,https://gall.dcinside.com/mini/board/view/?id=bmhs&no=1885&page=3
3,1884,[일반],수시카드 6장,배재대 목원대 우송대 중원대 청주대 나사렛대,ㅇㅇ (211.36) 2023.09.10 20:17:54 스크랩 조회 167 추천 0 댓글 1,0,167,2023.09.10 20:17:54,https://gall.dcinside.com/mini/board/view/?id=bmhs&no=1884&page=3
3,1883,[급식],목요일 급식,뭐야 밥은 없고 양념장만 있어,나는야토마토 2023.09.06 18:40:13 스크랩 조회 82 추천 3 댓글 3,3,82,2023.09.06 18:40:13,https://gall.dcinside.com/mini/board/view/?id=bmhs&no=1883&page=3
3,1882,[일반],환절기 감기 조심해라,ㅅㅂ 창문열고 선풍기 켜고 잤다가 바로 코감기 입갤했다.. - dc official App,호시노남편 2023.08.29 21:12:14 스크랩 조회 80 추천 1 댓글 1,1,80,2023.08.29 21:12:14,https://gall.dcinside.com/mini/board/view/?id=bmhs&no=1882&page=3
3,1881,[일반],좋노,https://m.dcinside.com/board/cartoon/674269 K-로컬 여고생.manwha 4화(수학여행 in 한라산) - 카툰 -연재 갤러리 https://gall.dcinside.com/board/view/?id=cartoon&no=656315 1화 K- 로컬여고생 manhwa - 카툰 -연재 갤러리국내 최대 커뮤니티 포털 디시인사 m.dcinside.com - dc official App,호시노남편 2023.08.14 08:33:10 스크랩 조회 172 추천 0 댓글 1,0,172,2023.08.14 08:33:10,https://gall.dcinside.com/mini/board/view/?id=bmhs&no=1881&page=3
3,1880,[일반],개학이다,,daybreakfrontline 2023.08.13 16:47:24 스크랩 조회 118 추천 0 댓글 2,0,118,2023.08.13 16:47:24,https://gall.dcinside.com/mini/board/view/?id=bmhs&no=1880&page=3
3,1879,[일반],14일 개학이면 방학 일주일도 안남은거냐,하...,daybreakfrontline 2023.08.09 00:25:08 스크랩 조회 119 추천 0 댓글 2,0,119,2023.08.09 00:25:08,https://gall.dcinside.com/mini/board/view/?id=bmhs&no=1879&page=3
3,1878,[공지],2학기 학사일정,- dc official App,비호감곤약 2023.08.06 13:46:10 스크랩 조회 230 추천 2 댓글 3,2,230,2023.08.06 13:46:10,https://gall.dcinside.com/mini/board/view/?id=bmhs&no=1878&page=3
3,1877,[일반],방학인데 할거 겁나 없노,심심하다,rocketGG 2023.08.05 10:00:50 스크랩 조회 133 추천 1 댓글 4,1,133,2023.08.05 10:00:50,https://gall.dcinside.com/mini/board/view/?id=bmhs&no=1877&page=3
3,1874,[일반],졸업생 경찰대 시험장 입갤,봉명 티셔츠 보니 정겹노...,ㅇㅇ (106.102) 2023.07.29 08:21:53 스크랩 조회 172 추천 1 댓글 1,1,172,2023.07.29 08:21:53,https://gall.dcinside.com/mini/board/view/?id=bmhs&no=1874&page=3
3,1873,[일반],3학년분들,지금 언매 화작 각각 쌤이 누구심? 성함좀 부탁두립니다,ㅇㅇ (211.36) 2023.07.25 22:26:54 스크랩 조회 175 추천 0 댓글 2,0,175,2023.07.25 22:26:54,https://gall.dcinside.com/mini/board/view/?id=bmhs&no=1873&page=3
3,1872,[일반],실시간 우리아파트 불남,불났는데 대피 안하고 디씨질 하는거 ㅁㅌㅊ? - dc official App,비호감곤약 2023.07.22 19:52:47 스크랩 조회 198 추천 3 댓글 3,3,198,2023.07.22 19:52:47,https://gall.dcinside.com/mini/board/view/?id=bmhs&no=1872&page=3
3,1871,[일반],여기는 방학 언제인가요,대답 - dc official App,ㅇㅇ (156.146) 2023.07.19 23:10:31 스크랩 조회 125 추천 0 댓글 1,0,125,2023.07.19 23:10:31,https://gall.dcinside.com/mini/board/view/?id=bmhs&no=1871&page=3
3,1870,[일반],청주의 한강 근황,,daybreakfrontline 2023.07.15 09:28:49 스크랩 조회 270 추천 0 댓글 1,0,270,2023.07.15 09:28:49,https://gall.dcinside.com/mini/board/view/?id=bmhs&no=1870&page=3
3,1868,[일반],저격하지 말라니깐 이기들,마따끄.. - dc official App,호시노남편 2023.07.10 21:16:20 스크랩 조회 195 추천 0 댓글 2,0,195,2023.07.10 21:16:20,https://gall.dcinside.com/mini/board/view/?id=bmhs&no=1868&page=3
3,1864,[급식],망갤,ㅇㅇ - dc official App,ㅇㅇ (61.108) 2023.07.04 18:37:20 스크랩 조회 164 추천 1 댓글 1,1,164,2023.07.04 18:37:20,https://gall.dcinside.com/mini/board/view/?id=bmhs&no=1864&page=3
3,1862,[일반],고등학교와서 이렇게 행복한적은 첨이다,자고싶을때 자고 깨고싶을때 깨고.. 이게 완벽한삶이지 - dc official App,호시노남편 2023.07.01 14:15:38 스크랩 조회 198 추천 2 댓글 0,2,198,2023.07.01 14:15:38,https://gall.dcinside.com/mini/board/view/?id=bmhs&no=1862&page=3
3,1861,[일반],생2는 공부 안한다,- dc official App,호시노남편 2023.06.27 06:32:23 스크랩 조회 185 추천 0 댓글 1,0,185,2023.06.27 06:32:23,https://gall.dcinside.com/mini/board/view/?id=bmhs&no=1861&page=3
3,1860,[일반],월요일만에 국영수 끝났음,시간표 ㅆㅅㅌㅊ노,daybreakfrontline 2023.06.26 23:26:38 스크랩 조회 174 추천 0 댓글 1,0,174,2023.06.26 23:26:38,https://gall.dcinside.com/mini/board/view/?id=bmhs&no=1860&page=3
3,1858,[일반],학생들 6.25전쟁 행사 불려다니는 참전용사 할배들의 비참한 현실 보구가,https://youtu.be/HuJTq19NzBk,ㅇㅇ (106.102) 2023.06.26 15:37:42 스크랩 조회 199 추천 3 댓글 4,3,199,2023.06.26 15:37:42,https://gall.dcinside.com/mini/board/view/?id=bmhs&no=1858&page=3
3,1857,[일반],에이에이 대참사난건 마찬가지지만,긍정적으로 생각하자고 인간실격이 아니라 짐승합격인걸로 - dc official App,호시노남편 2023.06.26 15:17:54 스크랩 조회 138 추천 3 댓글 0,3,138,2023.06.26 15:17:54,https://gall.dcinside.com/mini/board/view/?id=bmhs&no=1857&page=3
3,1856,[일반],ㄹㅇ 대참사났노,ㅜㅜ,daybreakfrontline 2023.06.26 14:50:34 스크랩 조회 174 추천 0 댓글 0,0,174,2023.06.26 14:50:34,https://gall.dcinside.com/mini/board/view/?id=bmhs&no=1856&page=3
3,1855,[일반],씨발,총기난사 - dc official App,노지털 2023.06.26 04:41:07 스크랩 조회 171 추천 0 댓글 2,0,171,2023.06.26 04:41:07,https://gall.dcinside.com/mini/board/view/?id=bmhs&no=1855&page=3
3,1854,[일반],시험 당일 현재 상황,하..,daybreakfrontline 2023.06.26 00:16:17 스크랩 조회 148 추천 0 댓글 2,0,148,2023.06.26 00:16:17,https://gall.dcinside.com/mini/board/view/?id=bmhs&no=1854&page=3
3,1853,[일반],공부 슬슬 시작해야되는데,어카냐,daybreakfrontline 2023.06.25 23:44:20 스크랩 조회 89 추천 0 댓글 0,0,89,2023.06.25 23:44:20,https://gall.dcinside.com/mini/board/view/?id=bmhs&no=1853&page=3
3,1852,[일반],3학년 올라가서 미쳤는지 공부더안함,ㅈ됨 - dc official App,호시노남편 2023.06.25 21:10:57 스크랩 조회 137 추천 0 댓글 2,0,137,2023.06.25 21:10:57,https://gall.dcinside.com/mini/board/view/?id=bmhs&no=1852&page=3
3,1851,[일반],6.25,지금의 대한민국을 만들게해주신 희생된 참전용사분들에게 깊은 감사를 표합니다. 북괴와 종북좌파세력의 폐망을 기도합니다.,daybreakfrontline 2023.06.25 17:33:37 스크랩 조회 77 추천 1 댓글 0,1,77,2023.06.25 17:33:37,https://gall.dcinside.com/mini/board/view/?id=bmhs&no=1851&page=3
3,1850,[일반],이번 시험 대참사,과탐<-얘가 등급으로 안나옴;; all 6등급 드가자~,daybreakfrontline 2023.06.25 12:43:21 스크랩 조회 81 추천 0 댓글 0,0,81,2023.06.25 12:43:21,https://gall.dcinside.com/mini/board/view/?id=bmhs&no=1850&page=3
3,1849,[일반],시험 D-1 ㅇㅇ,,daybreakfrontline 2023.06.24 23:31:10 스크랩 조회 62 추천 0 댓글 0,0,62,2023.06.24 23:31:10,https://gall.dcinside.com/mini/board/view/?id=bmhs&no=1849&page=3
3,1848,[일반],진짜 좆됐다,"아니 그냥 그렇다고,,,",시험 2틀남은사람 (223.62) 2023.06.24 22:01:05 스크랩 조회 82 추천 1 댓글 1,1,82,2023.06.24 22:01:05,https://gall.dcinside.com/mini/board/view/?id=bmhs&no=1848&page=3
3,1847,[일반],시험 D-3,,daybreakfrontline 2023.06.24 14:37:40 스크랩 조회 69 추천 0 댓글 1,0,69,2023.06.24 14:37:40,https://gall.dcinside.com/mini/board/view/?id=bmhs&no=1847&page=3
3,1846,[일반],오늘 청소시간에 1층 엘베보니까 문에 딸기잼발라져있던데,도데체 뭔 생각으로 그러는거냐? 부모가 치매걸려서 벽에 똥칠하는거만 보고자라서 그런거임? 이해할수가없네 제발 자퇴해라 - dc official App,ㅇㅇ (114.207) 2023.06.23 22:51:11 스크랩 조회 143 추천 1 댓글 3,1,143,2023.06.23 22:51:11,https://gall.dcinside.com/mini/board/view/?id=bmhs&no=1846&page=3
3,1590,[일반],시험공부 <--- 안했으면 개추한번 눌러볼까?,ㄹㅇㅋㅋ,ㅇㅇ (182.211) 2022.12.03 01:03:50 스크랩 조회 265 추천 11 댓글 2,11,265,2022.12.03 01:03:50,https://gall.dcinside.com/mini/board/view/?id=bmhs&no=1590&page=3
3,1845,[급식],군지 입갤,하...,daybreakfrontline 2023.06.22 21:28:11 스크랩 조회 89 추천 2 댓글 1,2,89,2023.06.22 21:28:11,https://gall.dcinside.com/mini/board/view/?id=bmhs&no=1845&page=3
3,1844,[급식],목요일밥 ㄷㄷ,,daybreakfrontline 2023.06.21 17:47:10 스크랩 조회 94 추천 1 댓글 3,1,94,2023.06.21 17:47:10,https://gall.dcinside.com/mini/board/view/?id=bmhs&no=1844&page=3
3,1843,[급식],참치밥 ㄷㄷㄷㄷ,,daybreakfrontline 2023.06.20 22:18:41 스크랩 조회 67 추천 2 댓글 0,2,67,2023.06.20 22:18:41,https://gall.dcinside.com/mini/board/view/?id=bmhs&no=1843&page=3
3,1842,[공지],급식표 관련 공지드립니다.,기말보고 하면 끝나는 시기기도 하고 해서 곧 급식표 올리는거 유기할 예정 예아,daybreakfrontline 2023.06.19 21:15:56 스크랩 조회 103 추천 1 댓글 2,1,103,2023.06.19 21:15:56,https://gall.dcinside.com/mini/board/view/?id=bmhs&no=1842&page=3
3,1841,[급식],6.20,,daybreakfrontline 2023.06.19 21:13:07 스크랩 조회 58 추천 0 댓글 0,0,58,2023.06.19 21:13:07,https://gall.dcinside.com/mini/board/view/?id=bmhs&no=1841&page=3
3,1839,[급식],ㄷㄷㄷㄷ,,daybreakfrontline 2023.06.18 20:17:21 스크랩 조회 69 추천 0 댓글 2,0,69,2023.06.18 20:17:21,https://gall.dcinside.com/mini/board/view/?id=bmhs&no=1839&page=3
3,1838,[급식],나물밥 ㄷㄷ,고기없는데 밥 어케먹음 ㄷㄷ - dc official App,daybreakfrontline 2023.06.16 14:09:38 스크랩 조회 76 추천 0 댓글 1,0,76,2023.06.16 14:09:38,https://gall.dcinside.com/mini/board/view/?id=bmhs&no=1838&page=3
3,224,[일반],우루하 루시아 직캠,공부나 해라 게이야,潤羽るしあ (58.148) 2021.07.11 15:42:13 스크랩 조회 431 추천 8 댓글 4,8,431,2021.07.11 15:42:13,https://gall.dcinside.com/mini/board/view/?id=bmhs&no=224&page=3
3,33,[일반],우리학교 '성적 처리실' ← 이름 ㅈㄴ 야하지않냐,성적 처리....... '성' 적인 처리 해준다는거 아니노? ㄹㅇ 존나꼴림 ㅋㅋㅋㅋ 앞에 지나가다가 갑자기 생각들었다,ㅇㅇ (211.36) 2021.06.20 21:21:20 스크랩 조회 607 추천 12 댓글 5,12,607,2021.06.20 21:21:20,https://gall.dcinside.com/mini/board/view/?id=bmhs&no=33&page=3
3,1837,[급식],약간맛이간 금요일 급식,,daybreakfrontline 2023.06.15 19:26:50 스크랩 조회 74 추천 0 댓글 0,0,74,2023.06.15 19:26:50,https://gall.dcinside.com/mini/board/view/?id=bmhs&no=1837&page=3
3,1836,[급식],게이야..,엘리게이야..,daybreakfrontline 2023.06.14 18:38:05 스크랩 조회 76 추천 0 댓글 2,0,76,2023.06.14 18:38:05,https://gall.dcinside.com/mini/board/view/?id=bmhs&no=1836&page=3
3,1833,[급식],현무 ㄷㄷ,찰현무밥,daybreakfrontline 2023.06.13 22:09:37 스크랩 조회 89 추천 1 댓글 1,1,89,2023.06.13 22:09:37,https://gall.dcinside.com/mini/board/view/?id=bmhs&no=1833&page=3
3,1832,[일반],등교 5시간전,,daybreakfrontline 2023.06.13 03:27:35 스크랩 조회 78 추천 0 댓글 1,0,78,2023.06.13 03:27:35,https://gall.dcinside.com/mini/board/view/?id=bmhs&no=1832&page=3
4,1831,[급식],주먹을 꺼내기전에,미역줄기볶음 ㄷㄷ,daybreakfrontline 2023.06.12 17:56:36 스크랩 조회 72 추천 0 댓글 2,0,72,2023.06.12 17:56:36,https://gall.dcinside.com/mini/board/view/?id=bmhs&no=1831&page=4
4,1830,[급식],월요일 ㄷㄷㄷㄷㄷ,,daybreakfrontline 2023.06.11 22:39:23 스크랩 조회 54 추천 0 댓글 0,0,54,2023.06.11 22:39:23,https://gall.dcinside.com/mini/board/view/?id=bmhs&no=1830&page=4
4,1829,[일반],화학보고서 쓰기 2시간 전,,daybreakfrontline 2023.06.09 21:30:26 스크랩 조회 74 추천 0 댓글 0,0,74,2023.06.09 21:30:26,https://gall.dcinside.com/mini/board/view/?id=bmhs&no=1829&page=4
4,1828,[급식],ㄱ ㅈㅅ..,,daybreakfrontline 2023.06.09 01:06:20 스크랩 조회 55 추천 0 댓글 0,0,55,2023.06.09 01:06:20,https://gall.dcinside.com/mini/board/view/?id=bmhs&no=1828&page=4
4,1827,[급식],목요일 급식 ㅇㅇ...,여긴 봉황시티,daybreakfrontline 2023.06.07 19:23:10 스크랩 조회 77 추천 0 댓글 1,0,77,2023.06.07 19:23:10,https://gall.dcinside.com/mini/board/view/?id=bmhs&no=1827&page=4
4,1826,[일반],수행준비하느라 밤샛다 ㅅㅂ,ㅈㄴ졸리네 - dc official App,호시노남편 2023.06.07 07:41:08 스크랩 조회 94 추천 0 댓글 1,0,94,2023.06.07 07:41:08,https://gall.dcinside.com/mini/board/view/?id=bmhs&no=1826&page=4
4,1825,[급식],수요일 급식,,daybreakfrontline 2023.06.06 19:31:49 스크랩 조회 70 추천 0 댓글 1,0,70,2023.06.06 19:31:49,https://gall.dcinside.com/mini/board/view/?id=bmhs&no=1825&page=4
4,1824,[일반],연휴 끝 시발,ㅜㅜ,daybreakfrontline 2023.06.06 19:30:14 스크랩 조회 60 추천 0 댓글 1,0,60,2023.06.06 19:30:14,https://gall.dcinside.com/mini/board/view/?id=bmhs&no=1824&page=4
4,1823,[공지],오늘은 제68회 현충일입니다.,순국선열·호국영령의 희생에 예를 표합니다. 지금의 대한민국을 있게 해주신 민족 영웅 분들에게 진심으로 감사드립니다. -디시인사이드 봉명고등학교 미니갤러리 파딱 irys 올림,daybreakfrontline 2023.06.06 11:47:12 스크랩 조회 79 추천 2 댓글 2,2,79,2023.06.06 11:47:12,https://gall.dcinside.com/mini/board/view/?id=bmhs&no=1823&page=4
4,1822,[일반],봉붕이들은 성실하게 살아가자!,이런삶 말고 - dc official App,호시노남편 2023.06.06 01:10:42 스크랩 조회 75 추천 0 댓글 1,0,75,2023.06.06 01:10:42,https://gall.dcinside.com/mini/board/view/?id=bmhs&no=1822&page=4
4,1821,[일반],봉명동 외모는 평균 이상이다,잘생기거나 예쁜 사람 왜케 많음? 개꼴리네  대부분 평타 이상인듯 가경동이랑 차원이 다르노,ㅇㅇ (154.47) 2023.06.05 18:42:28 스크랩 조회 187 추천 0 댓글 2,0,187,2023.06.05 18:42:28,https://gall.dcinside.com/mini/board/view/?id=bmhs&no=1821&page=4
4,1820,[일반],4일 연휴 절반이 지났음,,daybreakfrontline 2023.06.05 01:27:48 스크랩 조회 57 추천 0 댓글 1,0,57,2023.06.05 01:27:48,https://gall.dcinside.com/mini/board/view/?id=bmhs&no=1820&page=4
4,1819,[공지],4일 연휴 개꿀이면 개추,,Irys 2023.06.03 01:02:55 스크랩 조회 73 추천 3 댓글 1,3,73,2023.06.03 01:02:55,https://gall.dcinside.com/mini/board/view/?id=bmhs&no=1819&page=4
4,1818,[일반],ㅅㅂ 접자,- dc official App,호시노남편 2023.06.02 02:35:20 스크랩 조회 103 추천 1 댓글 2,1,103,2023.06.02 02:35:20,https://gall.dcinside.com/mini/board/view/?id=bmhs&no=1818&page=4
4,1817,[급식],4일 연휴 전 급식...jpg,운지,Irys 2023.06.01 22:35:28 스크랩 조회 67 추천 0 댓글 0,0,67,2023.06.01 22:35:28,https://gall.dcinside.com/mini/board/view/?id=bmhs&no=1817&page=4
4,1816,[일반],두고보자,- dc official App,호시노남편 2023.06.01 17:27:26 스크랩 조회 60 추천 1 댓글 0,1,60,2023.06.01 17:27:26,https://gall.dcinside.com/mini/board/view/?id=bmhs&no=1816&page=4
4,1815,[일반],봉명 ㅎㅇ,답사차 왔다 존경하는 마음으로 개추 누르면 교목 이종석 게이사마가 예수님의 은총으로 기말고사 점수가 잘나오게 해줌 ㅇㅇ,ㅇㅇ (61.108) 2023.05.31 22:13:03 스크랩 조회 105 추천 4 댓글 2,4,105,2023.05.31 22:13:03,https://gall.dcinside.com/mini/board/view/?id=bmhs&no=1815&page=4
4,1814,[급식],모의고사 급식,,Irys 2023.05.31 18:31:14 스크랩 조회 73 추천 0 댓글 1,0,73,2023.05.31 18:31:14,https://gall.dcinside.com/mini/board/view/?id=bmhs&no=1814&page=4
4,1813,[급식],오늘 급식,,Irys 2023.05.30 19:38:35 스크랩 조회 64 추천 0 댓글 0,0,64,2023.05.30 19:38:35,https://gall.dcinside.com/mini/board/view/?id=bmhs&no=1813&page=4
4,1812,[급식],오늘 급식,우흥 청붕이 다녀감,ㅇㅇ (61.108) 2023.05.30 12:11:44 스크랩 조회 79 추천 0 댓글 3,0,79,2023.05.30 12:11:44,https://gall.dcinside.com/mini/board/view/?id=bmhs&no=1812&page=4
4,1811,[일반],군붕이 아쩌씨께 아는척 하겠습니다,https://m.dcinside.com/mini/bmhs/1789 군인 아저씨인데 모교에서 모고좀 볼게요 ㅠㅠ - 봉명고등학교 미니 갤러리 6월 1일에 군복입고 갈 듯아는척하면 먹을거 드림(이래놓고 까먹을 듯)봉명고 파이팅ㅠㅠ m.dcinside.com 먹을꺼 주세용 - dc official App,호시노남편 2023.05.30 08:23:24 스크랩 조회 95 추천 2 댓글 0,2,95,2023.05.30 08:23:24,https://gall.dcinside.com/mini/board/view/?id=bmhs&no=1811&page=4
4,1810,[일반],갑자기 미래에 대한 불안감이 덮쳐옴,가고싶은 대학 과 갈수 있을거같아도 취업 안될까봐 불안함 그래서 가고싶은 대학에 괜찮아보이는 과 가려해도 뭔가 불안함 근데 당장에 할게 너무 급함 앞으로 뭐하면서 살지 - dc official App,호시노남편 2023.05.30 05:42:34 스크랩 조회 100 추천 0 댓글 2,0,100,2023.05.30 05:42:34,https://gall.dcinside.com/mini/board/view/?id=bmhs&no=1810&page=4
4,1809,[일반],2023년의 절반이 지났음,,Irys 2023.05.30 00:41:36 스크랩 조회 63 추천 0 댓글 1,0,63,2023.05.30 00:41:36,https://gall.dcinside.com/mini/board/view/?id=bmhs&no=1809&page=4
4,1808,[급식],고추장찜닭,내 연휴 어디감,Irys 2023.05.29 21:40:54 스크랩 조회 63 추천 0 댓글 0,0,63,2023.05.29 21:40:54,https://gall.dcinside.com/mini/board/view/?id=bmhs&no=1808&page=4
4,1807,[일반],월요일 학교 안간다,잠이나 자자 - dc official App,호시노남편 2023.05.28 14:30:28 스크랩 조회 66 추천 0 댓글 1,0,66,2023.05.28 14:30:28,https://gall.dcinside.com/mini/board/view/?id=bmhs&no=1807&page=4
4,1806,[급식],금요일 밥..,단축수업 ㄷㄷ,Irys 2023.05.25 20:21:08 스크랩 조회 63 추천 0 댓글 1,0,63,2023.05.25 20:21:08,https://gall.dcinside.com/mini/board/view/?id=bmhs&no=1806&page=4
4,1805,[급식],좋은 중국문화 받아드리자,,Irys 2023.05.24 21:34:40 스크랩 조회 81 추천 0 댓글 1,0,81,2023.05.24 21:34:40,https://gall.dcinside.com/mini/board/view/?id=bmhs&no=1805&page=4
4,1804,[급식],5.24,,Irys 2023.05.24 00:39:52 스크랩 조회 56 추천 1 댓글 1,1,56,2023.05.24 00:39:52,https://gall.dcinside.com/mini/board/view/?id=bmhs&no=1804&page=4
4,1803,[일반],上早ㅤ夞巳ㅤ仆玷巨矵刊ㅤ仏州茥ㅤ怼匚卜.,[令芏]上早註 瓧 卬害珸 仆呫. 上早ㅤ夞巳ㅤ仆玷巨矵刊ㅤ仏州茥ㅤ怼匚卜. 乚卜弖ㅤ吃叿呫卟ㅤ呌计ㅤ仆玷叿ㅤ址巳ㅤ卫害叿ㅤ上早ㅤ彐匚卜. 啮旦弖ㅤ址呈ㅤ卫害丂ㅤ訆卟弘ㅤ仐了卜ㅤ欱匚卜. 呌怊丂ㅤ乚占矵刊ㅤ名叿ㅤ乮ㅤ仐屿州ㅤ欱匚卜. 孔丆占叿ㅤ歪久丨ㅤ夞卟ㅤ卟早攻丂ㅤ証ㅤ仐了卜ㅤ欱匚卜. 祃呈ㅤ吲呈ㅤ仐丂ㅤ乏呈ㅤ耸仐丂ㅤ欱匚卜. 上早ㅤ会竍訃久丨ㅤ卟讣. 昰咭叿匚卜. 訨久占訆讣. 二引卫ㅤ刭ㅤ了卜刀卜昰ㅤ买州ㅤ卟平ㅤ歺昙ㅤ甘丨仱ㅤ訃乚卜吐 乚占了丬讣. 彑玔玒ㅤ怊丐叿匚卜. - dc official App,노지털 2023.05.23 22:52:29 스크랩 조회 86 추천 3 댓글 2,3,86,2023.05.23 22:52:29,https://gall.dcinside.com/mini/board/view/?id=bmhs&no=1803&page=4
4,1802,[일반],ㅈㄹㅈ,,Irys 2023.05.23 00:00:42 스크랩 조회 72 추천 0 댓글 1,0,72,2023.05.23 00:00:42,https://gall.dcinside.com/mini/board/view/?id=bmhs&no=1802&page=4
4,1801,[급식],너무 많은 사람들에게 신세를 졌다.,너무 많은 사람들에게 신세를 졌다. 나로 말미암아 여러 사람이 받은 고통이 너무 크다. 앞으로 받을 고통도 헤아릴 수가 없다. 여생도 남에게 짐이 될 일 밖에 없다. 건강이 좋지 않아서 아무 것도 할 수가 없다. 책을 읽을 수도 글을 쓸 수도 없다. 너무 슬퍼하지 마라. 삶과 죽음이 모두 자연의 한 조각 아니겠는가? 미안해하지 마라. 누구도 원망하지 마라. 운명이다. 화장해라. 그리고 집 가까운 곳에 아주 작은 비석 하나만 남겨라. 오래된 생각이다.,Irys 2023.05.22 19:25:13 스크랩 조회 68 추천 2 댓글 0,2,68,2023.05.22 19:25:13,https://gall.dcinside.com/mini/board/view/?id=bmhs&no=1801&page=4
4,1800,[급식],슬슬 중력이 강해지는 듯..,,Irys 2023.05.21 22:32:55 스크랩 조회 75 추천 1 댓글 1,1,75,2023.05.21 22:32:55,https://gall.dcinside.com/mini/board/view/?id=bmhs&no=1800&page=4
4,1799,[급식],약후) 19금 주의,19일 금요일 ㄷㄷ,Irys 2023.05.18 18:39:40 스크랩 조회 165 추천 1 댓글 5,1,165,2023.05.18 18:39:40,https://gall.dcinside.com/mini/board/view/?id=bmhs&no=1799&page=4
4,1798,[급식],5.18 광주민주화혁명 기념일을 맞이하여,5.18 민주화 혁명을 이끈 민주민족항쟁투사 분들에게 진심으로 감사드립니다.,Irys 2023.05.17 21:04:22 스크랩 조회 109 추천 2 댓글 4,2,109,2023.05.17 21:04:22,https://gall.dcinside.com/mini/board/view/?id=bmhs&no=1798&page=4
4,1797,[급식],수요일 밥,,Irys 2023.05.16 19:46:06 스크랩 조회 75 추천 2 댓글 2,2,75,2023.05.16 19:46:06,https://gall.dcinside.com/mini/board/view/?id=bmhs&no=1797&page=4
4,1796,[일반],저거 급식표 어디서보는건가요?,ㅈㄱㄴ - dc official App,ㅇㅇ (121.191) 2023.05.15 22:29:38 스크랩 조회 87 추천 1 댓글 2,1,87,2023.05.15 22:29:38,https://gall.dcinside.com/mini/board/view/?id=bmhs&no=1796&page=4
4,1795,[급식],여자는 집에서 제육이나 볶아야한다,낚시 ㅈㅅ ㅎㅎ - dc official App,비호감곤약 2023.05.15 22:17:53 스크랩 조회 139 추천 1 댓글 2,1,139,2023.05.15 22:17:53,https://gall.dcinside.com/mini/board/view/?id=bmhs&no=1795&page=4
4,1794,[급식],월 밥,ㅖㅏ,Irys 2023.05.15 10:14:50 스크랩 조회 69 추천 0 댓글 0,0,69,2023.05.15 10:14:50,https://gall.dcinside.com/mini/board/view/?id=bmhs&no=1794&page=4
4,1793,[일반],파딱 왜 점심 안올리노?,이거이거 오래쉰다고 잊어먹은거냐 맛좀 보여야지 - dc official App,호시노남편 2023.05.15 09:02:47 스크랩 조회 73 추천 1 댓글 1,1,73,2023.05.15 09:02:47,https://gall.dcinside.com/mini/board/view/?id=bmhs&no=1793&page=4
4,1792,[급식],내일 밥,,Irys 2023.05.09 18:44:16 스크랩 조회 71 추천 0 댓글 1,0,71,2023.05.09 18:44:16,https://gall.dcinside.com/mini/board/view/?id=bmhs&no=1792&page=4
4,1791,[일반],연휴 벌써 끝났노 시발,,Irys 2023.05.08 22:50:14 스크랩 조회 62 추천 0 댓글 0,0,62,2023.05.08 22:50:14,https://gall.dcinside.com/mini/board/view/?id=bmhs&no=1791&page=4
4,1790,[급식],화 밥,,Irys 2023.05.08 14:20:16 스크랩 조회 66 추천 1 댓글 5,1,66,2023.05.08 14:20:16,https://gall.dcinside.com/mini/board/view/?id=bmhs&no=1790&page=4
4,1789,[일반],군인 아저씨인데 모교에서 모고좀 볼게요 ㅠㅠ,6월 1일에 군복입고 갈 듯 아는척하면 먹을거 드림(이래놓고 까먹을 듯) 봉명고 파이팅ㅠㅠ,ㅇㅇ (106.102) 2023.05.06 16:34:54 스크랩 조회 193 추천 3 댓글 8,3,193,2023.05.06 16:34:54,https://gall.dcinside.com/mini/board/view/?id=bmhs&no=1789&page=4
4,1788,[일반],사실상 5일 연휴 시작,뭐 할지 추천좀,Irys 2023.05.03 22:39:04 스크랩 조회 92 추천 0 댓글 4,0,92,2023.05.03 22:39:04,https://gall.dcinside.com/mini/board/view/?id=bmhs&no=1788&page=4
4,1787,[급식],목 밥..,,Irys 2023.05.03 20:49:09 스크랩 조회 53 추천 0 댓글 0,0,53,2023.05.03 20:49:09,https://gall.dcinside.com/mini/board/view/?id=bmhs&no=1787&page=4
4,1786,[급식],수 밥,,Irys 2023.05.02 15:26:29 스크랩 조회 60 추천 0 댓글 0,0,60,2023.05.02 15:26:29,https://gall.dcinside.com/mini/board/view/?id=bmhs&no=1786&page=4
4,1785,[급식],화요일 밥,사먹자,Irys 2023.05.01 18:09:42 스크랩 조회 63 추천 0 댓글 4,0,63,2023.05.01 18:09:42,https://gall.dcinside.com/mini/board/view/?id=bmhs&no=1785&page=4
4,1784,[급식],월요일 밥,,Irys 2023.04.30 14:15:38 스크랩 조회 71 추천 0 댓글 1,0,71,2023.04.30 14:15:38,https://gall.dcinside.com/mini/board/view/?id=bmhs&no=1784&page=4
4,1783,[일반],언매 찍을 번호 추천받음,ㅈㄱㄴ - dc official App,ㅇㅇ (58.125) 2023.04.28 05:39:22 스크랩 조회 94 추천 0 댓글 1,0,94,2023.04.28 05:39:22,https://gall.dcinside.com/mini/board/view/?id=bmhs&no=1783&page=4
4,1782,[일반],시험 끝났으면 개추,ㅇㄷㄴㅂㅌ,Irys 2023.04.27 19:47:14 스크랩 조회 89 추천 4 댓글 5,4,89,2023.04.27 19:47:14,https://gall.dcinside.com/mini/board/view/?id=bmhs&no=1782&page=4
5,1781,[일반],곧 시험이 끝난다,오예 신난당,나는야토마토 2023.04.26 20:48:06 스크랩 조회 76 추천 0 댓글 1,0,76,2023.04.26 20:48:06,https://gall.dcinside.com/mini/board/view/?id=bmhs&no=1781&page=5
5,1780,[급식],목요일 밥,,Irys 2023.04.26 13:41:32 스크랩 조회 60 추천 0 댓글 1,0,60,2023.04.26 13:41:32,https://gall.dcinside.com/mini/board/view/?id=bmhs&no=1780&page=5
5,1779,[일반],시험기간 꿀팁,결속밴드 노래 듣기,Irys 2023.04.25 18:55:13 스크랩 조회 114 추천 0 댓글 4,0,114,2023.04.25 18:55:13,https://gall.dcinside.com/mini/board/view/?id=bmhs&no=1779&page=5
5,1778,[급식],수요일 점심!,잔치국수랑 치킨 맛있겠당,나는야토마토 2023.04.25 15:02:04 스크랩 조회 79 추천 0 댓글 2,0,79,2023.04.25 15:02:04,https://gall.dcinside.com/mini/board/view/?id=bmhs&no=1778&page=5
5,1777,[급식],화요일 밥,,Irys 2023.04.24 13:39:49 스크랩 조회 77 추천 0 댓글 4,0,77,2023.04.24 13:39:49,https://gall.dcinside.com/mini/board/view/?id=bmhs&no=1777&page=5
5,1776,[일반],중고 D-day,3번으로 간다,Irys 2023.04.24 00:05:43 스크랩 조회 60 추천 0 댓글 0,0,60,2023.04.24 00:05:43,https://gall.dcinside.com/mini/board/view/?id=bmhs&no=1776&page=5
5,1775,[급식],월 점심..,,Irys 2023.04.23 16:30:38 스크랩 조회 69 추천 0 댓글 1,0,69,2023.04.23 16:30:38,https://gall.dcinside.com/mini/board/view/?id=bmhs&no=1775&page=5
5,1774,[공지],중고 D-1,,Irys 2023.04.23 15:36:39 스크랩 조회 54 추천 1 댓글 1,1,54,2023.04.23 15:36:39,https://gall.dcinside.com/mini/board/view/?id=bmhs&no=1774&page=5
5,1773,[일반],중간고사 D-2,,Irys 2023.04.22 19:30:43 스크랩 조회 58 추천 0 댓글 0,0,58,2023.04.22 19:30:43,https://gall.dcinside.com/mini/board/view/?id=bmhs&no=1773&page=5
5,1772,[일반],ㅅㅅ,로블록스 100시간 찍었다 ㅋ ez,shangus (1.246) 2023.04.21 21:14:40 스크랩 조회 107 추천 0 댓글 3,0,107,2023.04.21 21:14:40,https://gall.dcinside.com/mini/board/view/?id=bmhs&no=1772&page=5
5,1771,[일반],중간고사 D-3,오케이 오늘부터 시작한다 모두 열공!,나는야토마토 2023.04.21 21:14:33 스크랩 조회 68 추천 0 댓글 2,0,68,2023.04.21 21:14:33,https://gall.dcinside.com/mini/board/view/?id=bmhs&no=1771&page=5
5,1770,[급식],후방)교미 중 색 변하는 카멜레온 성기 근접촬영.gif,예아,Irys 2023.04.20 21:22:29 스크랩 조회 137 추천 1 댓글 5,1,137,2023.04.20 21:22:29,https://gall.dcinside.com/mini/board/view/?id=bmhs&no=1770&page=5
5,1769,[급식],오늘 석식 ㅈㄴ 맛있노,거를게 없이 하나같이 다 맛있다 - dc official App,호시노남편 2023.04.20 18:50:36 스크랩 조회 84 추천 0 댓글 1,0,84,2023.04.20 18:50:36,https://gall.dcinside.com/mini/board/view/?id=bmhs&no=1769&page=5
5,1768,[일반],시험 ㅎㅇㅌ,지구과학<< 애 어디감 ㅜㅜ,Irys 2023.04.19 23:11:02 스크랩 조회 62 추천 0 댓글 2,0,62,2023.04.19 23:11:02,https://gall.dcinside.com/mini/board/view/?id=bmhs&no=1768&page=5
5,1767,[일반],시발,아 시발 영어공부하다가 기분 개잡쳤다 문자이크 안하냐? - dc official App,노지털 2023.04.19 20:12:12 스크랩 조회 89 추천 0 댓글 2,0,89,2023.04.19 20:12:12,https://gall.dcinside.com/mini/board/view/?id=bmhs&no=1767&page=5
5,1766,[급식],목 점심,,Irys 2023.04.19 17:01:17 스크랩 조회 63 추천 0 댓글 2,0,63,2023.04.19 17:01:17,https://gall.dcinside.com/mini/board/view/?id=bmhs&no=1766&page=5
5,1764,[급식],수 점심,,Irys 2023.04.18 17:03:17 스크랩 조회 72 추천 1 댓글 2,1,72,2023.04.18 17:03:17,https://gall.dcinside.com/mini/board/view/?id=bmhs&no=1764&page=5
5,1763,[급식],화 점심,,Irys 2023.04.17 17:11:10 스크랩 조회 62 추천 0 댓글 5,0,62,2023.04.17 17:11:10,https://gall.dcinside.com/mini/board/view/?id=bmhs&no=1763&page=5
5,1762,[급식],월 점심,,Irys 2023.04.16 10:52:50 스크랩 조회 61 추천 0 댓글 1,0,61,2023.04.16 10:52:50,https://gall.dcinside.com/mini/board/view/?id=bmhs&no=1762&page=5
5,1761,[급식],금 점심,,Irys 2023.04.13 17:15:29 스크랩 조회 58 추천 0 댓글 0,0,58,2023.04.13 17:15:29,https://gall.dcinside.com/mini/board/view/?id=bmhs&no=1761&page=5
5,1760,[일반],급식<<재탕하는것같으면 개추ㅋㅋ,ㅈㄱㄴ - dc official App,비호감곤약 2023.04.12 23:38:35 스크랩 조회 183 추천 6 댓글 3,6,183,2023.04.12 23:38:35,https://gall.dcinside.com/mini/board/view/?id=bmhs&no=1760&page=5
5,1759,[급식],목 점심,킹콩 재탕 ㄷㄷ,Irys 2023.04.12 17:22:17 스크랩 조회 71 추천 0 댓글 1,0,71,2023.04.12 17:22:17,https://gall.dcinside.com/mini/board/view/?id=bmhs&no=1759&page=5
5,1758,[급식],수요일 ....,쫄면 외케좋아함;;;;;;;;;;;;,Irys 2023.04.11 19:46:26 스크랩 조회 76 추천 0 댓글 3,0,76,2023.04.11 19:46:26,https://gall.dcinside.com/mini/board/view/?id=bmhs&no=1758&page=5
5,1757,[급식],화요일 ㄷㄷ,,Irys 2023.04.10 19:37:40 스크랩 조회 87 추천 1 댓글 3,1,87,2023.04.10 19:37:40,https://gall.dcinside.com/mini/board/view/?id=bmhs&no=1757&page=5
5,1756,[급식],월요일 점심..ㅇㅇ,,Irys 2023.04.09 14:49:14 스크랩 조회 81 추천 0 댓글 1,0,81,2023.04.09 14:49:14,https://gall.dcinside.com/mini/board/view/?id=bmhs&no=1756&page=5
5,1755,[공지],공부<< 주말부터 시작 ㅇㅇ,,Irys 2023.04.07 17:26:18 스크랩 조회 104 추천 0 댓글 1,0,104,2023.04.07 17:26:18,https://gall.dcinside.com/mini/board/view/?id=bmhs&no=1755&page=5
5,1753,[급식],동파육+생선까스....,무난함 ㅇㅇ,Irys 2023.04.06 18:22:51 스크랩 조회 77 추천 0 댓글 0,0,77,2023.04.06 18:22:51,https://gall.dcinside.com/mini/board/view/?id=bmhs&no=1753&page=5
5,1751,[일반],졸사 찍는게 왜케힘듬,사진만 찍는건데도 개힘드노 - dc official App,호시노남편 2023.04.05 22:36:20 스크랩 조회 165 추천 0 댓글 2,0,165,2023.04.05 22:36:20,https://gall.dcinside.com/mini/board/view/?id=bmhs&no=1751&page=5
5,1750,[급식],"""근""",근 된장국,Irys 2023.04.05 20:16:10 스크랩 조회 114 추천 0 댓글 1,0,114,2023.04.05 20:16:10,https://gall.dcinside.com/mini/board/view/?id=bmhs&no=1750&page=5
5,1748,[급식],수요일...,,Irys 2023.04.05 07:41:50 스크랩 조회 99 추천 1 댓글 3,1,99,2023.04.05 07:41:50,https://gall.dcinside.com/mini/board/view/?id=bmhs&no=1748&page=5
5,1747,[공지],시험공부<< 내일부터 하면됨,ㄹㅇ 임,Irys 2023.04.03 23:35:12 스크랩 조회 91 추천 0 댓글 1,0,91,2023.04.03 23:35:12,https://gall.dcinside.com/mini/board/view/?id=bmhs&no=1747&page=5
5,1746,[급식],화요일 불고기,,Irys 2023.04.03 20:09:17 스크랩 조회 77 추천 0 댓글 0,0,77,2023.04.03 20:09:17,https://gall.dcinside.com/mini/board/view/?id=bmhs&no=1746&page=5
5,1745,[급식],월요일 닭갈비,,Irys 2023.04.02 12:00:42 스크랩 조회 81 추천 0 댓글 1,0,81,2023.04.02 12:00:42,https://gall.dcinside.com/mini/board/view/?id=bmhs&no=1745&page=5
5,1744,[일반],청주 일반고 中 봉명고 성적 순위,뒤에서 2등ㅋㅋㅋㅋㅋㅋㅋㅋ 개꼴통버러지학교 - dc official App,ㅇㅇ (154.47) 2023.04.01 12:31:10 스크랩 조회 319 추천 2 댓글 1,2,319,2023.04.01 12:31:10,https://gall.dcinside.com/mini/board/view/?id=bmhs&no=1744&page=5
5,1743,[공지],4월 입갤,예아,Irys 2023.04.01 00:06:45 스크랩 조회 109 추천 0 댓글 1,0,109,2023.04.01 00:06:45,https://gall.dcinside.com/mini/board/view/?id=bmhs&no=1743&page=5
5,1742,[급식],"""금요일 급식 버거""",,Irys 2023.03.30 22:58:57 스크랩 조회 103 추천 0 댓글 1,0,103,2023.03.30 22:58:57,https://gall.dcinside.com/mini/board/view/?id=bmhs&no=1742&page=5
5,1741,[급식],목요일 급식,,Irys 2023.03.30 09:42:51 스크랩 조회 99 추천 0 댓글 2,0,99,2023.03.30 09:42:51,https://gall.dcinside.com/mini/board/view/?id=bmhs&no=1741&page=5
5,1740,[급식],"3/29 수요일 ""LA갈비 구이""",최근에 급식 잘나오는듯,Irys 2023.03.28 19:03:35 스크랩 조회 102 추천 0 댓글 2,0,102,2023.03.28 19:03:35,https://gall.dcinside.com/mini/board/view/?id=bmhs&no=1740&page=5
5,1739,[일반],코스프레는 죄다 해외배송..,그냥 간단한거 해야겠노 - dc official App,호시노남편 2023.03.28 17:28:23 스크랩 조회 101 추천 0 댓글 0,0,101,2023.03.28 17:28:23,https://gall.dcinside.com/mini/board/view/?id=bmhs&no=1739&page=5
5,1738,[급식],3/28 화 점심....닭갈비,,Irys 2023.03.27 20:33:29 스크랩 조회 106 추천 0 댓글 2,0,106,2023.03.27 20:33:29,https://gall.dcinside.com/mini/board/view/?id=bmhs&no=1738&page=5
5,1737,[일반],졸업했는데,이거 왜 오냐? 교복입고 학교 함 가?,계란밥된장국 2023.03.27 19:05:08 스크랩 조회 167 추천 0 댓글 4,0,167,2023.03.27 19:05:08,https://gall.dcinside.com/mini/board/view/?id=bmhs&no=1737&page=5
5,1736,[일반],3학년 시작하고 하는일,"""청주대 갈 준비""",Irys 2023.03.27 01:17:18 스크랩 조회 140 추천 1 댓글 2,1,140,2023.03.27 01:17:18,https://gall.dcinside.com/mini/board/view/?id=bmhs&no=1736&page=5
5,1735,[급식],3/27 미리 보는 월요일 급식,학사일정보니까 3달만 지나면 수시끝남..ㅇㅇ ㅎㅇㅌ,Irys 2023.03.25 13:35:16 스크랩 조회 143 추천 0 댓글 1,0,143,2023.03.25 13:35:16,https://gall.dcinside.com/mini/board/view/?id=bmhs&no=1735&page=5
5,1734,[일반],오글거려서 못보겠노 시발,ㅇㅇ...,Irys 2023.03.24 08:39:45 스크랩 조회 172 추천 0 댓글 3,0,172,2023.03.24 08:39:45,https://gall.dcinside.com/mini/board/view/?id=bmhs&no=1734&page=5
5,1733,[급식],금요일 급식,,Irys 2023.03.23 20:05:00 스크랩 조회 70 추천 0 댓글 0,0,70,2023.03.23 20:05:00,https://gall.dcinside.com/mini/board/view/?id=bmhs&no=1733&page=5
5,1732,[일반],3주전 목요일 점심,"""あなたの新しい出発を応援する..""",Irys 2023.03.23 01:07:04 스크랩 조회 71 추천 0 댓글 0,0,71,2023.03.23 01:07:04,https://gall.dcinside.com/mini/board/view/?id=bmhs&no=1732&page=5
5,1731,[급식],3/23 모의고사 점심..,,Irys 2023.03.23 00:04:20 스크랩 조회 95 추천 2 댓글 2,2,95,2023.03.23 00:04:20,https://gall.dcinside.com/mini/board/view/?id=bmhs&no=1731&page=5
5,1730,[일반],"1,2학년들아",수학여행 재밌냐? 부럽다 ㅅㅂ - dc official App,호시노남편 2023.03.21 22:13:44 스크랩 조회 240 추천 5 댓글 0,5,240,2023.03.21 22:13:44,https://gall.dcinside.com/mini/board/view/?id=bmhs&no=1730&page=5
5,1729,[급식],3/22 수요일 김치볶은밥,,Irys 2023.03.21 18:37:26 스크랩 조회 86 추천 1 댓글 1,1,86,2023.03.21 18:37:26,https://gall.dcinside.com/mini/board/view/?id=bmhs&no=1729&page=5
5,1728,[급식],"3/21 화요일 점심 ""봄나물 비빔밥""",혹시 또 까먹으면 댓글좀 부탁,Irys 2023.03.20 19:31:05 스크랩 조회 120 추천 0 댓글 1,0,120,2023.03.20 19:31:05,https://gall.dcinside.com/mini/board/view/?id=bmhs&no=1728&page=5
6,1727,[일반],"""파딱 왜 직무유기함?""",그..파딱 직무유기 수준이.. 전문가 수준입니다..,Irys 2023.03.20 19:27:46 스크랩 조회 112 추천 0 댓글 1,0,112,2023.03.20 19:27:46,https://gall.dcinside.com/mini/board/view/?id=bmhs&no=1727&page=6
6,1726,[일반],얘네 뭐냐,진짜 왜저러는거냐 ㄹㅇ 풀악셀마렵노…,rocketGG 2023.03.19 14:19:11 스크랩 조회 140 추천 1 댓글 3,1,140,2023.03.19 14:19:11,https://gall.dcinside.com/mini/board/view/?id=bmhs&no=1726&page=6
6,1725,[일반],그 03 할배인데 입시컨설팅 절대 받지마라,입시컨설팅 잘못받아서 두번 재수하고 삼수째다 뭐가문젠가 싶었는데 컨설턴트 믿고 하라는대로 하면서 거의 몇백날리고 부모님께 너무 죄송한 마음뿐이다 지금이라도 너네 비싼돈주고 뭐 받고있으면 빨리 그만둬라 걔네는 너네보다 학벌이 낮을수도 있다 좋은 컨설턴트도 있을 수 있지 근데 대부분 학교 쌤들이 해주는 조언이랑 비슷하거나 조금 더 높게 잡을 뿐 이제 자소서도 없잖아? 면접준비 컨설턴트가 해주는 것보다 선생님이나 아는 선배가 해주는 게 훨씬 낫다고 자부한다 진짜 돈 쓸모없는 데 버리지 마 입시 컨설팅 하는애들 학력이 좋겠냐고 애초에 학교선생들 일하는 거 5%를 자기들 사업영역으로 넓혀서 몇십몇백 떼먹고 자료분석된 거 들고 말만 잘 하면 돈 참 편하게 버는데 당장 수만휘만 가봐도 알 수 있겠지만 현역인 애들 말 믿어. 제발. 04가 봉갤 관리할때 학사에서 자주 얘기했었는데 이제 05가 고3인 세계구나... 진짜 개틀딱같아서 슬프다 ㅠㅠ 여기선 막낸데 삼수까지 해서 부모 등골빨아먹는다 그러면 어쩔 수 없고 군대라서 그렇게 욕하진 말아줘 그렇게해도 대학 좋은데 못간다 하는데 경찰대 준비하느라 그런거다. 차라리 내가 전역하고 컨설팅 해주는게 나을 것 같다 2년간 수시 교과 종합 다 준비해봤고 올해는 정시로 가려고 하는데 생각있으면 6모or9모때 군복입고 있는 재수생한테 서슴지 말고 말 걸어봐 또 알아? + 최o우쌤한테 도움 많이 받은 학생임.,병838 (112.165) 2023.03.18 20:45:38 스크랩 조회 367 추천 4 댓글 2,4,367,2023.03.18 20:45:38,https://gall.dcinside.com/mini/board/view/?id=bmhs&no=1725&page=6
6,1724,[일반],정치글 삭제,"""특정""정치글은 삭제하겠습니다^^ - dc official App",비호감곤약 2023.03.17 20:19:52 스크랩 조회 117 추천 0 댓글 5,0,117,2023.03.17 20:19:52,https://gall.dcinside.com/mini/board/view/?id=bmhs&no=1724&page=6
6,1722,[일반],"3.17 금요일 ""대파육개장""",,Irys 2023.03.16 23:47:23 스크랩 조회 134 추천 2 댓글 2,2,134,2023.03.16 23:47:23,https://gall.dcinside.com/mini/board/view/?id=bmhs&no=1722&page=6
6,1721,[일반],3.16 불고기,,Irys 2023.03.16 07:07:27 스크랩 조회 79 추천 1 댓글 2,1,79,2023.03.16 07:07:27,https://gall.dcinside.com/mini/board/view/?id=bmhs&no=1721&page=6
6,1720,[일반],아 좇같노,화장실에서 폰보다 떨궈서 깨짐;;; 진짜 개조같ㅌ네,ㅇㅇ (182.211) 2023.03.16 01:20:51 스크랩 조회 123 추천 0 댓글 2,0,123,2023.03.16 01:20:51,https://gall.dcinside.com/mini/board/view/?id=bmhs&no=1720&page=6
6,1718,[일반],"""진압 완료""",파딱이기 때문에 진압하지 않을 수 없잖아? - dc official App,비호감곤약 2023.03.14 22:15:49 스크랩 조회 134 추천 0 댓글 5,0,134,2023.03.14 22:15:49,https://gall.dcinside.com/mini/board/view/?id=bmhs&no=1718&page=6
6,1717,[일반],수요일 인절미,,Irys 2023.03.14 20:42:04 스크랩 조회 84 추천 4 댓글 2,4,84,2023.03.14 20:42:04,https://gall.dcinside.com/mini/board/view/?id=bmhs&no=1717&page=6
6,1716,[일반],뭐노,- dc official App,호시노남편 2023.03.14 19:40:48 스크랩 조회 81 추천 0 댓글 0,0,81,2023.03.14 19:40:48,https://gall.dcinside.com/mini/board/view/?id=bmhs&no=1716&page=6
6,1519,[일반],삭제 요청 접수소,사칭글 제때 못지운건 미안합니다 알림 안오는거 모르고있었음 댓에 삭제요청글 링크 첨부부탁,봉명고2021화이팅 2022.11.08 13:34:20 스크랩 조회 336 추천 0 댓글 1,0,336,2022.11.08 13:34:20,https://gall.dcinside.com/mini/board/view/?id=bmhs&no=1519&page=6
6,1712,[일반],"화요일 점심 ""오삼불고기""",- dc official App,비호감곤약 2023.03.13 22:14:23 스크랩 조회 82 추천 1 댓글 6,1,82,2023.03.13 22:14:23,https://gall.dcinside.com/mini/board/view/?id=bmhs&no=1712&page=6
6,1711,[일반],월요일 점심 순대국,직무유기할뻔 ㄷㄷ,Irys 2023.03.13 01:51:11 스크랩 조회 65 추천 1 댓글 0,1,65,2023.03.13 01:51:11,https://gall.dcinside.com/mini/board/view/?id=bmhs&no=1711&page=6
6,1710,[일반],봉명중학교에서 왔습니다,그냥 그렇다구요,ㅇㅇ (182.215) 2023.03.11 23:49:32 스크랩 조회 154 추천 0 댓글 2,0,154,2023.03.11 23:49:32,https://gall.dcinside.com/mini/board/view/?id=bmhs&no=1710&page=6
6,1709,[일반],토요일 석식 삼겹살,+맥콜,Irys 2023.03.11 20:04:11 스크랩 조회 236 추천 1 댓글 3,1,236,2023.03.11 20:04:11,https://gall.dcinside.com/mini/board/view/?id=bmhs&no=1709&page=6
6,1708,[일반],우리학교 와이파이 비밀번호 좀,까먹음,ㅇㅇ (115.20) 2023.03.10 20:14:53 스크랩 조회 143 추천 0 댓글 2,0,143,2023.03.10 20:14:53,https://gall.dcinside.com/mini/board/view/?id=bmhs&no=1708&page=6
6,1707,[일반],반갑습니다,1학년 신입 봉붕이 입니다 잘부탁드립니다,지나가던나근혜 2023.03.10 17:14:33 스크랩 조회 99 추천 3 댓글 2,3,99,2023.03.10 17:14:33,https://gall.dcinside.com/mini/board/view/?id=bmhs&no=1707&page=6
6,1706,[일반],"금요일 급식 ""작은밥""",,Irys 2023.03.10 00:22:43 스크랩 조회 136 추천 0 댓글 2,0,136,2023.03.10 00:22:43,https://gall.dcinside.com/mini/board/view/?id=bmhs&no=1706&page=6
6,1703,[일반],목요일 치토스 순살치킨..ㄷㄷ,,Irys 2023.03.08 21:48:07 스크랩 조회 129 추천 1 댓글 2,1,129,2023.03.08 21:48:07,https://gall.dcinside.com/mini/board/view/?id=bmhs&no=1703&page=6
6,1701,[일반],3학년 확통 미적 내신 시험 난이도,어떰?,ㅇㅇ (211.36) 2023.03.07 17:12:08 스크랩 조회 129 추천 0 댓글 0,0,129,2023.03.07 17:12:08,https://gall.dcinside.com/mini/board/view/?id=bmhs&no=1701&page=6
6,1700,[일반],수요일 점심,,Irys 2023.03.07 16:49:19 스크랩 조회 87 추천 1 댓글 2,1,87,2023.03.07 16:49:19,https://gall.dcinside.com/mini/board/view/?id=bmhs&no=1700&page=6
6,1699,[일반],화요일 점심 비엔나 떡갈비,직무유기 ㅈㅅ;;,Irys 2023.03.06 18:45:17 스크랩 조회 89 추천 2 댓글 2,2,89,2023.03.06 18:45:17,https://gall.dcinside.com/mini/board/view/?id=bmhs&no=1699&page=6
6,1698,[일반],금요일 급식 삼겹살+목살 구이,,Irys 2023.03.03 00:44:48 스크랩 조회 128 추천 0 댓글 2,0,128,2023.03.03 00:44:48,https://gall.dcinside.com/mini/board/view/?id=bmhs&no=1698&page=6
6,1697,[일반],시발 화재경보기,이정도면 진짜 아니냐? - dc official App,호시노남편 2023.03.02 08:24:22 스크랩 조회 119 추천 0 댓글 0,0,119,2023.03.02 08:24:22,https://gall.dcinside.com/mini/board/view/?id=bmhs&no=1697&page=6
6,1696,[일반],목요일 급식,개학 첫날부터 석식 제공,Irys 2023.03.01 21:35:56 스크랩 조회 155 추천 2 댓글 4,2,155,2023.03.01 21:35:56,https://gall.dcinside.com/mini/board/view/?id=bmhs&no=1696&page=6
6,1695,[일반],왜 개학임?,내가 할일은 시작도 안했는데 - dc official App,호시노남편 2023.02.28 08:04:06 스크랩 조회 125 추천 0 댓글 1,0,125,2023.02.28 08:04:06,https://gall.dcinside.com/mini/board/view/?id=bmhs&no=1695&page=6
6,1694,[일반],이번주 목욜 개학,ㅈ같다… - dc official App,ㅇㅇ (118.235) 2023.02.27 22:37:30 스크랩 조회 95 추천 0 댓글 0,0,95,2023.02.27 22:37:30,https://gall.dcinside.com/mini/board/view/?id=bmhs&no=1694&page=6
6,1691,[일반],개학 2주 남았노,딱 내일부터 공부 시작함,ㅇㅇ (122.37) 2023.02.14 18:50:52 스크랩 조회 140 추천 0 댓글 1,0,140,2023.02.14 18:50:52,https://gall.dcinside.com/mini/board/view/?id=bmhs&no=1691&page=6
6,1689,[일반],파딱 입갤,빨리 파딱을 내놓지 못할까 - dc official App,비호감곤약 2023.02.10 10:26:28 스크랩 조회 154 추천 0 댓글 3,0,154,2023.02.10 10:26:28,https://gall.dcinside.com/mini/board/view/?id=bmhs&no=1689&page=6
6,1687,[일반],2/8일 급식,,Irys 2023.02.07 19:50:17 스크랩 조회 129 추천 2 댓글 2,2,129,2023.02.07 19:50:17,https://gall.dcinside.com/mini/board/view/?id=bmhs&no=1687&page=6
6,1686,[일반],2/7 화요일 급식,정상수업임?,Irys 2023.02.06 20:07:29 스크랩 조회 99 추천 1 댓글 0,1,99,2023.02.06 20:07:29,https://gall.dcinside.com/mini/board/view/?id=bmhs&no=1686&page=6
6,1685,[일반],졸업식 안가면 어케되냐,대학못가고 중졸됨?,계란밥된장국 2023.02.05 19:58:11 스크랩 조회 227 추천 1 댓글 3,1,227,2023.02.05 19:58:11,https://gall.dcinside.com/mini/board/view/?id=bmhs&no=1685&page=6
6,1684,[일반],공부<<<봄방학부터 시작하면됨,ㄹㅇ..,ㅇㅇ (122.37) 2023.02.05 16:27:09 스크랩 조회 211 추천 6 댓글 3,6,211,2023.02.05 16:27:09,https://gall.dcinside.com/mini/board/view/?id=bmhs&no=1684&page=6
6,1683,[일반],봉고 졸업식,몇시부터 몇시까지임? - dc official App,ㅇㅇ (223.39) 2023.02.05 11:56:08 스크랩 조회 121 추천 1 댓글 1,1,121,2023.02.05 11:56:08,https://gall.dcinside.com/mini/board/view/?id=bmhs&no=1683&page=6
6,1682,[일반],오늘부터 공부시작한다,ㅁㅌㅊ?,ㅇㅇ (106.252) 2023.02.04 17:54:30 스크랩 조회 91 추천 1 댓글 1,1,91,2023.02.04 17:54:30,https://gall.dcinside.com/mini/board/view/?id=bmhs&no=1682&page=6
6,1681,[일반],개학언제하나요,개학은 언제하고 방학은 다시 언제하나요 친구가 없어서 여기 물어봅니다,ㅇㅇ (112.150) 2023.02.01 22:41:19 스크랩 조회 126 추천 2 댓글 2,2,126,2023.02.01 22:41:19,https://gall.dcinside.com/mini/board/view/?id=bmhs&no=1681&page=6
6,1680,[일반],봉명고 졸업생인데 선생님누구남아계시냐,제목이곧 내용 봉명고 졸업생인데 남아계신 선생님들궁금하네 김x종 오탁x 등 연락드리고싶은데 연락처있는분 공유좀,벅지왕 (211.234) 2023.01.23 18:50:24 스크랩 조회 230 추천 1 댓글 2,1,230,2023.01.23 18:50:24,https://gall.dcinside.com/mini/board/view/?id=bmhs&no=1680&page=6
6,1679,[일반],즐거운 설날연휴 돼라,난 할무이집 왔어 - dc official App,호시노남편 2023.01.21 13:05:06 스크랩 조회 87 추천 3 댓글 0,3,87,2023.01.21 13:05:06,https://gall.dcinside.com/mini/board/view/?id=bmhs&no=1679&page=6
6,1678,[일반],내일부터 공부시작함,ㅁㅌㅊ,ㅇㅇ (211.36) 2023.01.17 18:07:14 스크랩 조회 106 추천 2 댓글 1,2,106,2023.01.17 18:07:14,https://gall.dcinside.com/mini/board/view/?id=bmhs&no=1678&page=6
6,1677,[일반],생존신고,수능때까지 잘 잠 지금 다자는듯한 느낌 - dc official App,호시노남편 2023.01.15 15:26:21 스크랩 조회 105 추천 2 댓글 1,2,105,2023.01.15 15:26:21,https://gall.dcinside.com/mini/board/view/?id=bmhs&no=1677&page=6
6,1676,[일반],방학동안 공부 아직 시작안했으면 개추 ㅋㅋ,,Irys 2023.01.11 00:33:42 스크랩 조회 162 추천 6 댓글 2,6,162,2023.01.11 00:33:42,https://gall.dcinside.com/mini/board/view/?id=bmhs&no=1676&page=6
6,1675,[일반],하 고3이라니,막막합니다 … - dc official App,ㅇㅇ (175.212) 2023.01.09 22:25:26 스크랩 조회 139 추천 3 댓글 3,3,139,2023.01.09 22:25:26,https://gall.dcinside.com/mini/board/view/?id=bmhs&no=1675&page=6
6,1673,[일반],다들 뭐하면서 사노,난 엠생과 갓생을 넘나드는중인데 - dc official App,호시노남편 2023.01.03 21:25:44 스크랩 조회 117 추천 3 댓글 2,3,117,2023.01.03 21:25:44,https://gall.dcinside.com/mini/board/view/?id=bmhs&no=1673&page=6
6,1669,[일반],새해첫글,새복많,Irys 2023.01.01 00:13:44 스크랩 조회 126 추천 4 댓글 3,4,126,2023.01.01 00:13:44,https://gall.dcinside.com/mini/board/view/?id=bmhs&no=1669&page=6
6,1662,[일반],봉붕이들아 새해복 많이 받아라,앞으로 고3들은 화이팅하고 고2들도 앞을위해 노력하길 바라고 신입생은 마음다잡길 바란다 - dc official App,호시노남편 2023.01.01 00:00:40 스크랩 조회 98 추천 4 댓글 0,4,98,2023.01.01 00:00:40,https://gall.dcinside.com/mini/board/view/?id=bmhs&no=1662&page=6
6,1661,[일반],겨울방학 공부 특,1월1일부터 함 오늘까지만 쉬고...ㅇㅇ ㄹㅇ,Irys 2022.12.31 14:53:45 스크랩 조회 112 추천 2 댓글 0,2,112,2022.12.31 14:53:45,https://gall.dcinside.com/mini/board/view/?id=bmhs&no=1661&page=6
6,1660,[일반],예비고3 질문,내년에 영어 내신 시험 수특으로 보는거임 ? 그게 국룰임 ? - dc official App,ㅇㅇ (211.36) 2022.12.29 23:42:09 스크랩 조회 131 추천 0 댓글 2,0,131,2022.12.29 23:42:09,https://gall.dcinside.com/mini/board/view/?id=bmhs&no=1660&page=6
6,1659,[일반],봉명 the rock!,예아..,Irys 2022.12.29 12:33:04 스크랩 조회 163 추천 3 댓글 4,3,163,2022.12.29 12:33:04,https://gall.dcinside.com/mini/board/view/?id=bmhs&no=1659&page=6
6,1658,[일반],드디어 방학이다 퓨퓨,이제 뒤졌다 ㅅㅂ - dc official App,호시노남편 2022.12.28 19:19:40 스크랩 조회 85 추천 3 댓글 0,3,85,2022.12.28 19:19:40,https://gall.dcinside.com/mini/board/view/?id=bmhs&no=1658&page=6
6,1657,[일반],오늘 봉명가왕은 좋았다,잘부르네들 - dc official App,호시노남편 2022.12.27 18:06:02 스크랩 조회 131 추천 0 댓글 0,0,131,2022.12.27 18:06:02,https://gall.dcinside.com/mini/board/view/?id=bmhs&no=1657&page=6
7,1655,[일반],12/27 마지막 급식,겨울방학 개꿀,Irys 2022.12.26 21:46:55 스크랩 조회 101 추천 0 댓글 1,0,101,2022.12.26 21:46:55,https://gall.dcinside.com/mini/board/view/?id=bmhs&no=1655&page=7
7,1654,[일반],"12/26 사천짜장,꿔바로우",이제 학교 물 나옴..?,Irys 2022.12.25 18:24:22 스크랩 조회 95 추천 2 댓글 1,2,95,2022.12.25 18:24:22,https://gall.dcinside.com/mini/board/view/?id=bmhs&no=1654&page=7
7,1653,[일반],어제자 청주고 급식....jpg,어제자 청주고 급식이다 먹고싶으면 청주고 오라고 ㅋㅋ,킹 주 고 (211.36) 2022.12.24 10:10:22 스크랩 조회 235 추천 3 댓글 2,3,235,2022.12.24 10:10:22,https://gall.dcinside.com/mini/board/view/?id=bmhs&no=1653&page=7
7,1652,[일반],세상에 이런 학교도 있을까...?,갑자기 든 생각인데 한파때문에 단수되는 학교가 있을까...? 단수됬는데 학교오라는 학교가 있을까...? 정수기도 고장나서 뜨거운 차를 급식실에서 주는 학교가 있을까...? 이딴걸 학교라고 부를수있을까...?,ㅇㅇ (61.108) 2022.12.23 14:47:11 스크랩 조회 204 추천 4 댓글 4,4,204,2022.12.23 14:47:11,https://gall.dcinside.com/mini/board/view/?id=bmhs&no=1652&page=7
7,1651,[일반],동아리 부스 근황,손님없어서 애니보는중,Irys 2022.12.23 11:52:30 스크랩 조회 173 추천 1 댓글 3,1,173,2022.12.23 11:52:30,https://gall.dcinside.com/mini/board/view/?id=bmhs&no=1651&page=7
7,1649,[일반],눈 뒤지게 오는데 학교를 쳐오라하네,그냥 병원이나 갈란다 시팔,ㅇㅇ (125.186) 2022.12.23 10:29:42 스크랩 조회 110 추천 2 댓글 0,2,110,2022.12.23 10:29:42,https://gall.dcinside.com/mini/board/view/?id=bmhs&no=1649&page=7
7,1648,[일반],그래서 학교 물은 언제 나오노..,물리쌤말로는 고치면 다른데 터지고 고치면 또 다른데 터지고 해서 그런거같다는데 이러면 ㅈ된거 아니노 - dc official App,호시노남편 2022.12.23 00:16:30 스크랩 조회 120 추천 1 댓글 1,1,120,2022.12.23 00:16:30,https://gall.dcinside.com/mini/board/view/?id=bmhs&no=1648&page=7
7,1647,[일반],봉명고 -> 폴리텍 가면 ㅁㅌㅊ임?,봉명고 졸업생 상위 10% ㄱㄴ?,Irys 2022.12.22 22:26:47 스크랩 조회 193 추천 2 댓글 2,2,193,2022.12.22 22:26:47,https://gall.dcinside.com/mini/board/view/?id=bmhs&no=1647&page=7
7,1645,[일반],12/22 치즈불닭,예아,Irys 2022.12.21 21:12:42 스크랩 조회 101 추천 1 댓글 2,1,101,2022.12.21 21:12:42,https://gall.dcinside.com/mini/board/view/?id=bmhs&no=1645&page=7
7,1644,[일반],근데 급식은 어떻게 함?,단수 됐는데 물 떠와서 하나 - dc official App,비호감곤약 2022.12.21 00:04:01 스크랩 조회 133 추천 1 댓글 2,1,133,2022.12.21 00:04:01,https://gall.dcinside.com/mini/board/view/?id=bmhs&no=1644&page=7
7,1643,[일반],12/21 자장밥,ㅇㅇ,Irys 2022.12.20 21:26:01 스크랩 조회 84 추천 0 댓글 1,0,84,2022.12.20 21:26:01,https://gall.dcinside.com/mini/board/view/?id=bmhs&no=1643&page=7
7,1642,[일반],학교 동파로 단수ㅋㅋㅋㅋ,화장실 다 안되고 기숙사도 안돼서 다 집감ㅋㅋ - dc official App,호시노남편 2022.12.20 20:43:55 스크랩 조회 119 추천 2 댓글 0,2,119,2022.12.20 20:43:55,https://gall.dcinside.com/mini/board/view/?id=bmhs&no=1642&page=7
7,1641,[일반],오늘 저녁 goat,바로 레몬 쌀국수먹은 사람은 알거다 - dc official App,호시노남편 2022.12.20 20:31:57 스크랩 조회 86 추천 2 댓글 0,2,86,2022.12.20 20:31:57,https://gall.dcinside.com/mini/board/view/?id=bmhs&no=1641&page=7
7,1638,[일반],학교에서 불꽃놀이 성공했냐?,했으니까 올리지ㅋㅋㅋㅋㅋ - dc official App,호시노남편 2022.12.19 19:50:07 스크랩 조회 258 추천 6 댓글 3,6,258,2022.12.19 19:50:07,https://gall.dcinside.com/mini/board/view/?id=bmhs&no=1638&page=7
7,1637,[일반],12/20 지파이,줄여서 지구과학파이,Irys 2022.12.19 19:34:58 스크랩 조회 85 추천 1 댓글 1,1,85,2022.12.19 19:34:58,https://gall.dcinside.com/mini/board/view/?id=bmhs&no=1637&page=7
7,1636,[일반],철야의 노래 1화 후기,남주 고자노?,Irys 2022.12.19 13:05:39 스크랩 조회 80 추천 0 댓글 0,0,80,2022.12.19 13:05:39,https://gall.dcinside.com/mini/board/view/?id=bmhs&no=1636&page=7
7,1635,[일반],12/19 국수,늦어서  ㅈㅅ;; - dc official App,Irys 2022.12.19 11:21:38 스크랩 조회 69 추천 0 댓글 0,0,69,2022.12.19 11:21:38,https://gall.dcinside.com/mini/board/view/?id=bmhs&no=1635&page=7
7,1634,[일반],봉갤은 월드컵 중계 안달리네,다 친구들이랑 떠들고있겠지 나만 친구 없지...,ㅇㅇ (211.59) 2022.12.19 03:08:10 스크랩 조회 126 추천 0 댓글 3,0,126,2022.12.19 03:08:10,https://gall.dcinside.com/mini/board/view/?id=bmhs&no=1634&page=7
7,1633,[일반],체인소맨 나온거 다봄,이제 철야의노래 보러감,Irys 2022.12.17 22:48:34 스크랩 조회 111 추천 0 댓글 2,0,111,2022.12.17 22:48:34,https://gall.dcinside.com/mini/board/view/?id=bmhs&no=1633&page=7
7,1632,[일반],날카로운 재수각,수시 6광탈,ㅇㅇ (211.36) 2022.12.17 13:26:37 스크랩 조회 126 추천 4 댓글 2,4,126,2022.12.17 13:26:37,https://gall.dcinside.com/mini/board/view/?id=bmhs&no=1632&page=7
7,1631,[일반],실시간 봉붕이 눈뚫고 학원왔는데 잠겨있다,분명 11시까진데 왜? - dc official App,호시노남편 2022.12.17 10:32:42 스크랩 조회 135 추천 1 댓글 3,1,135,2022.12.17 10:32:42,https://gall.dcinside.com/mini/board/view/?id=bmhs&no=1631&page=7
7,1630,[일반],근데 이제 뭐함?,뭐하고 놀아야 잘놀았다고 소문이 날까 - dc official App,호시노남편 2022.12.17 00:01:18 스크랩 조회 122 추천 0 댓글 3,0,122,2022.12.17 00:01:18,https://gall.dcinside.com/mini/board/view/?id=bmhs&no=1630&page=7
7,1629,[일반],실시간 시험 끝,애니 추천좀 ;;,Irys 2022.12.16 14:27:22 스크랩 조회 106 추천 0 댓글 1,0,106,2022.12.16 14:27:22,https://gall.dcinside.com/mini/board/view/?id=bmhs&no=1629&page=7
7,1628,[일반],실시간 지구과학 시작,ㄹㅇ..,Irys 2022.12.15 19:57:35 스크랩 조회 128 추천 0 댓글 4,0,128,2022.12.15 19:57:35,https://gall.dcinside.com/mini/board/view/?id=bmhs&no=1628&page=7
7,1627,[일반],12/15 연유토스트,물리학 씹 1등급 유지실패함..,Irys 2022.12.15 13:44:52 스크랩 조회 87 추천 0 댓글 2,0,87,2022.12.15 13:44:52,https://gall.dcinside.com/mini/board/view/?id=bmhs&no=1627&page=7
7,1626,[일반],오랜만에 갤왔는데 완장 다 씹덕이 먹엇노,어휴 씹덕들 나도씹덕임 ㅎㅇ,ㅇㅇ (211.59) 2022.12.14 22:46:01 스크랩 조회 129 추천 2 댓글 2,2,129,2022.12.14 22:46:01,https://gall.dcinside.com/mini/board/view/?id=bmhs&no=1626&page=7
7,1625,[일반],아 현타오노..,내일 시험 일본어밖에 안봐서 여유롭게 낮잠 때렸는데 일어나니까 10시 15분이어서 개같이 일어나서 등교준비 할뻔했다ㅅㅂ 창문 안봤으면 옷 다입었다.. - dc official App,호시노남편 2022.12.14 22:33:21 스크랩 조회 122 추천 0 댓글 1,0,122,2022.12.14 22:33:21,https://gall.dcinside.com/mini/board/view/?id=bmhs&no=1625&page=7
7,1624,[일반],12/15 싸이버거,파딱...... 기열! 급식표가 늦는 찐빠를 두번이나 저지르다니! - dc official App,비호감곤약 2022.12.14 20:47:23 스크랩 조회 123 추천 0 댓글 4,0,123,2022.12.14 20:47:23,https://gall.dcinside.com/mini/board/view/?id=bmhs&no=1624&page=7
7,1623,[일반],무심천 차갑더라,징검다리 건너다 빠짐 ㅅㅂ,ㅇㅇ (182.211) 2022.12.14 20:06:32 스크랩 조회 127 추천 0 댓글 4,0,127,2022.12.14 20:06:32,https://gall.dcinside.com/mini/board/view/?id=bmhs&no=1623&page=7
7,1622,[일반],개 조졌다 시발 하..,자살마렵노,Irys 2022.12.14 13:05:15 스크랩 조회 123 추천 0 댓글 2,0,123,2022.12.14 13:05:15,https://gall.dcinside.com/mini/board/view/?id=bmhs&no=1622&page=7
7,1621,[일반],물리 지금끝났노,,Irys 2022.12.14 05:11:34 스크랩 조회 101 추천 1 댓글 0,1,101,2022.12.14 05:11:34,https://gall.dcinside.com/mini/board/view/?id=bmhs&no=1621&page=7
7,1620,[일반],이번 물리 등급컷 예상,저번이랑 비슷하게 나오면 백점까지만 1등급나올듯 ㄹㅇ,Irys 2022.12.13 21:29:16 스크랩 조회 134 추천 0 댓글 1,0,134,2022.12.13 21:29:16,https://gall.dcinside.com/mini/board/view/?id=bmhs&no=1620&page=7
7,1619,[일반],12/14 ㅁㅁㅂㅁ 샌드위치,실시간 물리 시작..,Irys 2022.12.13 19:09:08 스크랩 조회 121 추천 0 댓글 1,0,121,2022.12.13 19:09:08,https://gall.dcinside.com/mini/board/view/?id=bmhs&no=1619&page=7
7,1618,[일반],화학 망했다,화학 1등급지키기는 물건너 갔고 독서도 위험하다 ㅅㅂ - dc official App,호시노남편 2022.12.13 13:51:08 스크랩 조회 109 추천 3 댓글 0,3,109,2022.12.13 13:51:08,https://gall.dcinside.com/mini/board/view/?id=bmhs&no=1618&page=7
7,1617,[일반],실시간 독서 시작,,Irys 2022.12.12 23:03:39 스크랩 조회 106 추천 0 댓글 2,0,106,2022.12.12 23:03:39,https://gall.dcinside.com/mini/board/view/?id=bmhs&no=1617&page=7
7,1616,[일반],오늘급식,대한민국 영양사들 지금까지 뭐했습니까 ? 자기들이직무유기한거아니냐 ? 별들달고뭔메뉴를그따구로짜놓노흔들어라이기 - dc official App,노지털 2022.12.12 22:30:09 스크랩 조회 106 추천 0 댓글 3,0,106,2022.12.12 22:30:09,https://gall.dcinside.com/mini/board/view/?id=bmhs&no=1616&page=7
7,1615,[일반],12/13 오리훈제구이,파딱.... 기열! - dc official App,비호감곤약 2022.12.12 20:05:29 스크랩 조회 88 추천 1 댓글 3,1,88,2022.12.12 20:05:29,https://gall.dcinside.com/mini/board/view/?id=bmhs&no=1615&page=7
7,1614,[일반],시간표 십ㅏ,시험 시간표 누가짠건지 아주 개같이 짜놨노ㅠ - dc official App,호시노남편 2022.12.12 16:44:39 스크랩 조회 94 추천 2 댓글 1,2,94,2022.12.12 16:44:39,https://gall.dcinside.com/mini/board/view/?id=bmhs&no=1614&page=7
7,1613,[일반],개조졌노,ㅜㅜ,Irys 2022.12.12 08:14:31 스크랩 조회 83 추천 0 댓글 0,0,83,2022.12.12 08:14:31,https://gall.dcinside.com/mini/board/view/?id=bmhs&no=1613&page=7
7,1612,[일반],기말고사 특,당일치기함,Irys 2022.12.11 18:05:38 스크랩 조회 119 추천 0 댓글 1,0,119,2022.12.11 18:05:38,https://gall.dcinside.com/mini/board/view/?id=bmhs&no=1612&page=7
7,1611,[일반],봉명고 허수,봉명동 거지동네답게 위넌만 와도 ㅈㄴ 허수가 널렸네ㅋㅋ 기피해야할 인문계 고등학교 1순위다,콩ㄱ (210.217) 2022.12.11 16:23:37 스크랩 조회 185 추천 2 댓글 2,2,185,2022.12.11 16:23:37,https://gall.dcinside.com/mini/board/view/?id=bmhs&no=1611&page=7
7,1610,[일반],12/12 바질 치아바타샌드위치,,Irys 2022.12.11 14:49:40 스크랩 조회 89 추천 0 댓글 0,0,89,2022.12.11 14:49:40,https://gall.dcinside.com/mini/board/view/?id=bmhs&no=1610&page=7
7,1609,[일반],영어 시작함,월요일까지 정독 ㄱㄴ ㄹㅇ...,Irys 2022.12.10 23:41:21 스크랩 조회 95 추천 1 댓글 1,1,95,2022.12.10 23:41:21,https://gall.dcinside.com/mini/board/view/?id=bmhs&no=1609&page=7
7,1608,[일반],다 끝냈다,"""공부할 준비"" ㅇㅇ 진짜 시작한다 ㅋㅋ",ㅇㅇ (122.37) 2022.12.10 19:18:05 스크랩 조회 114 추천 2 댓글 1,2,114,2022.12.10 19:18:05,https://gall.dcinside.com/mini/board/view/?id=bmhs&no=1608&page=7
7,1607,[일반],좋아 밸러스는 다 맞춰줬다,이제 공부를 시작해볼까 - dc official App,호시노남편 2022.12.10 18:05:50 스크랩 조회 99 추천 1 댓글 0,1,99,2022.12.10 18:05:50,https://gall.dcinside.com/mini/board/view/?id=bmhs&no=1607&page=7
7,1606,[일반],실시간 헤어갤 념글먹음,ㄹㅇ임,Irys 2022.12.09 16:45:11 스크랩 조회 129 추천 1 댓글 1,1,129,2022.12.09 16:45:11,https://gall.dcinside.com/mini/board/view/?id=bmhs&no=1606&page=7
7,1604,[일반],12/9 짬짜면,기말 D-3 오늘 1교시 부터 ㄹㅇ 시작한다,Irys 2022.12.09 01:56:23 스크랩 조회 93 추천 0 댓글 0,0,93,2022.12.09 01:56:23,https://gall.dcinside.com/mini/board/view/?id=bmhs&no=1604&page=7
7,1603,[일반],자진입대를 환영한다 아쎄이!,우리 포항 오도해병들은 너희들의 자진입대를 환영한다! - dc official App,비호감곤약 2022.12.07 21:19:26 스크랩 조회 139 추천 0 댓글 1,0,139,2022.12.07 21:19:26,https://gall.dcinside.com/mini/board/view/?id=bmhs&no=1603&page=7
7,1602,[일반],12/8목 개꿀맛 ㄹㅇ,성능좋은 마파두부덮밥까지 ㄷㄷ,Irys 2022.12.07 18:12:37 스크랩 조회 124 추천 0 댓글 1,0,124,2022.12.07 18:12:37,https://gall.dcinside.com/mini/board/view/?id=bmhs&no=1602&page=7
7,1601,[일반],서코티켓 아직도 못구했으면 개추 ㅋㅋ,ㅅㅂ - dc official App,Irys 2022.12.07 12:16:03 스크랩 조회 122 추천 1 댓글 2,1,122,2022.12.07 12:16:03,https://gall.dcinside.com/mini/board/view/?id=bmhs&no=1601&page=7
8,1600,[일반],12/7 작은밥 +함박스테이크,점심만 먹고 시험공부 시작함 ㅅㄱ,Irys 2022.12.07 01:11:51 스크랩 조회 83 추천 1 댓글 0,1,83,2022.12.07 01:11:51,https://gall.dcinside.com/mini/board/view/?id=bmhs&no=1600&page=8
8,1599,[일반],버스가 안움직인다 시발,1교시 끝났겠네 시발,ㅇㅇ (182.211) 2022.12.06 09:39:52 스크랩 조회 124 추천 2 댓글 0,2,124,2022.12.06 09:39:52,https://gall.dcinside.com/mini/board/view/?id=bmhs&no=1599&page=8
8,1598,[일반],개같이 지각예정,ㄹㅇ,Irys 2022.12.06 08:39:33 스크랩 조회 128 추천 1 댓글 0,1,128,2022.12.06 08:39:33,https://gall.dcinside.com/mini/board/view/?id=bmhs&no=1598&page=8
8,1597,[일반],실시간 봉붕이 등굣길에 사고,목격 - dc official App,호시노남편 2022.12.06 08:26:58 스크랩 조회 176 추천 1 댓글 2,1,176,2022.12.06 08:26:58,https://gall.dcinside.com/mini/board/view/?id=bmhs&no=1597&page=8
8,1596,[일반],4시까지 공부하고 축구봐야징,올라갈수있을까 - dc official App,호시노남편 2022.12.05 22:21:33 스크랩 조회 128 추천 0 댓글 4,0,128,2022.12.05 22:21:33,https://gall.dcinside.com/mini/board/view/?id=bmhs&no=1596&page=8
8,1595,[일반],기말고사 D-7 오늘부터 시작함,ㄹㅇ,Irys 2022.12.05 20:01:47 스크랩 조회 114 추천 2 댓글 1,2,114,2022.12.05 20:01:47,https://gall.dcinside.com/mini/board/view/?id=bmhs&no=1595&page=8
8,1594,[일반],"12/6 곤드레콩나물밥,애호박느타리볶음",개꿀맛ㄹㅇ,Irys 2022.12.05 19:59:40 스크랩 조회 94 추천 0 댓글 1,0,94,2022.12.05 19:59:40,https://gall.dcinside.com/mini/board/view/?id=bmhs&no=1594&page=8
8,1593,[일반],앙 기모띠,앙 섹스 기모찌 나는 꼬치가 없다~,ㅇㅇ (61.108) 2022.12.05 13:20:42 스크랩 조회 124 추천 0 댓글 2,0,124,2022.12.05 13:20:42,https://gall.dcinside.com/mini/board/view/?id=bmhs&no=1593&page=8
8,1592,[일반],12/5 코렁탕,,Irys 2022.12.05 08:36:29 스크랩 조회 85 추천 1 댓글 0,1,85,2022.12.05 08:36:29,https://gall.dcinside.com/mini/board/view/?id=bmhs&no=1592&page=8
8,1591,[일반],아니 디시 차단 뭐냐,음란물은 고사하고 게시물도 안올리는데 음란물로 5일까지 차단먹음;; - dc official App,ㅇㅇ (114.207) 2022.12.03 18:56:14 스크랩 조회 138 추천 0 댓글 1,0,138,2022.12.03 18:56:14,https://gall.dcinside.com/mini/board/view/?id=bmhs&no=1591&page=8
8,1589,[일반],시험공부 <--- 안했으면 개추한번 눌러볼까?,ㄹㅇㅋㅋ,ㅇㅇ (182.211) 2022.12.03 01:02:19 스크랩 조회 95 추천 3 댓글 0,3,95,2022.12.03 01:02:19,https://gall.dcinside.com/mini/board/view/?id=bmhs&no=1589&page=8
8,1588,[일반],기말 D-9 오늘부터 시작할거면 개추,ㄹㅇ,Irys 2022.12.02 23:07:41 스크랩 조회 121 추천 4 댓글 2,4,121,2022.12.02 23:07:41,https://gall.dcinside.com/mini/board/view/?id=bmhs&no=1588&page=8
8,1587,[일반],이 좇병신잼민이새끼는 뭐냐,모고한번도안본거 존나티내노 ㅋㅋ,ㅇㅇ (211.36) 2022.12.02 17:00:00 스크랩 조회 171 추천 0 댓글 1,0,171,2022.12.02 17:00:00,https://gall.dcinside.com/mini/board/view/?id=bmhs&no=1587&page=8
8,1586,[일반],12/2 비프덮밥,,Irys 2022.12.01 17:20:33 스크랩 조회 154 추천 0 댓글 3,0,154,2022.12.01 17:20:33,https://gall.dcinside.com/mini/board/view/?id=bmhs&no=1586&page=8
8,1585,[일반],밥반찬 어디?,단무지랑 싸악 - dc official App,호시노남편 2022.11.30 18:38:27 스크랩 조회 145 추천 2 댓글 2,2,145,2022.11.30 18:38:27,https://gall.dcinside.com/mini/board/view/?id=bmhs&no=1585&page=8
8,1584,[일반],12/1 목요일,,Irys 2022.11.30 00:49:48 스크랩 조회 144 추천 2 댓글 3,2,144,2022.11.30 00:49:48,https://gall.dcinside.com/mini/board/view/?id=bmhs&no=1584&page=8
8,1583,[일반],성능좋은 봉명고식 마파두부덮밥,예아 - dc official App,호시노남편 2022.11.29 18:36:42 스크랩 조회 154 추천 4 댓글 1,4,154,2022.11.29 18:36:42,https://gall.dcinside.com/mini/board/view/?id=bmhs&no=1583&page=8
8,1582,[일반],11/30 오물렛,저녁 잘린건 매콤한해물 곤약칼국수 봉붕이들아 이제 새로운 파딱이가 급식표 올려줄거야 다들 급식 맛있게 먹고 건강해라,Eo25 2022.11.29 12:07:13 스크랩 조회 145 추천 1 댓글 3,1,145,2022.11.29 12:07:13,https://gall.dcinside.com/mini/board/view/?id=bmhs&no=1582&page=8
8,1581,[일반],화가납니다,스쳐도 넘어지는 우리 목화밭친구들 허수아비 우리나라 수비수 슛때리기전에 수비수 다 올때까지 기다려주는 우리나라 공격수들 막장드라마보다 더 기가막히게 끊는 테일러의 휘슬 벤투 퇴장까지 아니 이게 맞아? 지는게 맞아? - dc official App,호시노남편 2022.11.29 00:16:02 스크랩 조회 168 추천 3 댓글 2,3,168,2022.11.29 00:16:02,https://gall.dcinside.com/mini/board/view/?id=bmhs&no=1581&page=8
8,1580,[일반],"11/29 ㅂ,ㅋ,ㅍㅌ ㅎㄹㅊ",,Eo25 2022.11.28 10:58:47 스크랩 조회 157 추천 0 댓글 2,0,157,2022.11.28 10:58:47,https://gall.dcinside.com/mini/board/view/?id=bmhs&no=1580&page=8
8,1579,[일반],11/28 ㄱㄹㅎㄹㅇ,집밥세트네,Eo25 2022.11.27 09:16:25 스크랩 조회 166 추천 0 댓글 4,0,166,2022.11.27 09:16:25,https://gall.dcinside.com/mini/board/view/?id=bmhs&no=1579&page=8
8,1578,[일반],재수각인가,학종 5개 광탈함 교과 1개 넣은거 좇망시 재수각이다 시발,ㅇㅇ (118.235) 2022.11.25 15:28:38 스크랩 조회 199 추천 1 댓글 2,1,199,2022.11.25 15:28:38,https://gall.dcinside.com/mini/board/view/?id=bmhs&no=1578&page=8
8,1577,[일반],무승부 나쁘지 않은듯,굿굿 골대도 수고했다 - dc official App,호시노남편 2022.11.25 00:04:19 스크랩 조회 160 추천 1 댓글 1,1,160,2022.11.25 00:04:19,https://gall.dcinside.com/mini/board/view/?id=bmhs&no=1577&page=8
8,1575,[일반],왜 월드컵은 시험기간에만 할까,제대로 보지도 못하게 - dc official App,호시노남편 2022.11.24 18:44:51 스크랩 조회 176 추천 2 댓글 1,2,176,2022.11.24 18:44:51,https://gall.dcinside.com/mini/board/view/?id=bmhs&no=1575&page=8
8,1573,[일반],11/25 ㄷㅇㅇㅇㄷ,얘들아 급식 맛있니?,Eo25 2022.11.24 12:09:48 스크랩 조회 147 추천 1 댓글 2,1,147,2022.11.24 12:09:48,https://gall.dcinside.com/mini/board/view/?id=bmhs&no=1573&page=8
8,1572,[일반],사실 독일이 ㅈ밥이였던게 아닐까,ㄹㅇ 아시아 좇집이농ㅋㅋ,ㅇㅇ (211.36) 2022.11.24 00:55:53 스크랩 조회 141 추천 1 댓글 1,1,141,2022.11.24 00:55:53,https://gall.dcinside.com/mini/board/view/?id=bmhs&no=1572&page=8
8,1571,[일반],아니 일본 미쳤네 진짜,어제 사우디도 그렇고 똑같은 내용으로 일본도 승리.. 우리나라도 진짜 가능? 할수있지? - dc official App,호시노남편 2022.11.24 00:20:37 스크랩 조회 135 추천 0 댓글 0,0,135,2022.11.24 00:20:37,https://gall.dcinside.com/mini/board/view/?id=bmhs&no=1571&page=8
8,1570,[일반],11/24 ㅅㅋㄹㅊㅈㅂㅇㄱ,저번달부턴가 어느순간 급식퀄이 높아지는게 보인다 아니면 내가 세뇌당해서 눈이 낮아졌던가,Eo25 2022.11.23 12:46:48 스크랩 조회 131 추천 1 댓글 2,1,131,2022.11.23 12:46:48,https://gall.dcinside.com/mini/board/view/?id=bmhs&no=1570&page=8
8,1569,[일반],안녕하세요 새로운 갤매니저입니다,안녕하세요 새로운 봉명고 갤매니저입니다. 다음달부터 급식을 올려줄 파딱을 뽑았습니다. 열심히 하겠다고 하여 뽑게 되었습니다. 다른 좋은 역할이 있다면 얘기해주세요 괜찮으면 추가로 뽑겠습니다. 곧다가올 새로운 1년 재밌게 보냅시다. - dc official App,호시노남편 2022.11.22 19:29:31 스크랩 조회 250 추천 5 댓글 4,5,250,2022.11.22 19:29:31,https://gall.dcinside.com/mini/board/view/?id=bmhs&no=1569&page=8
8,1568,[일반],11/23 ㅈㄴㅊㅌㅅㅌ,남친이 있던적이 없는데 어케만든거지,Eo25 2022.11.22 12:47:01 스크랩 조회 143 추천 0 댓글 7,0,143,2022.11.22 12:47:01,https://gall.dcinside.com/mini/board/view/?id=bmhs&no=1568&page=8
8,1566,[일반],갤러리 매니저를 위임했습니다,어짜피 졸업하고 학교 소식도 못 듣게될테니 제가 본 유저 중 가장 갤러리에서 활동을 오래 했던 유저에게 갤매를 넘기기로 결정했습니다 자유로운 갤러리 이용을 지향하되 분란은 없었으면 좋겠습니다. Eo25 갤러리 부매니저가 하던 급식표 올리기 활동을 대신할 의향이 있는 유저들은 후임 갤매니저에게 신청 부탁드립니다. 꾸준한 활동 가능한 분들만 신청ㄱㄱ + 추신 계속 저보고 앰생새끼라는데 앰생새끼 아닙니다 과기대 1차 붙었고 면접준비중입니다,봉명고2021화이팅 2022.11.22 01:24:22 스크랩 조회 258 추천 4 댓글 11,4,258,2022.11.22 01:24:22,https://gall.dcinside.com/mini/board/view/?id=bmhs&no=1566&page=8
8,1565,[일반],11/22 ㅇㄱ ㅌㅊㅎ ㅅㅂㅇ,요번달까지만 하고 급식표 퇴직해야지,Eo25 2022.11.21 11:10:46 스크랩 조회 144 추천 0 댓글 1,0,144,2022.11.21 11:10:46,https://gall.dcinside.com/mini/board/view/?id=bmhs&no=1565&page=8
8,1564,[일반],11/21 암튼 맛있음,다시 고기가 존재하는 식단이 됐네,Eo25 2022.11.20 11:01:23 스크랩 조회 125 추천 0 댓글 1,0,125,2022.11.20 11:01:23,https://gall.dcinside.com/mini/board/view/?id=bmhs&no=1564&page=8
8,1563,[일반],버튜버 추천함,라티오 유아리스 https://youtu.be/rVQCXCU0ZTI?feature=share,Zakozako 2022.11.18 21:49:46 스크랩 조회 176 추천 4 댓글 1,4,176,2022.11.18 21:49:46,https://gall.dcinside.com/mini/board/view/?id=bmhs&no=1563&page=8
8,1562,[일반],봉갤 터질때 됐지,너네 곧 졸업이잖아 이녀석들아 후배들에게 위임하고 나가구 꼭,ㅇㅇ (106.102) 2022.11.18 18:29:10 스크랩 조회 210 추천 0 댓글 3,0,210,2022.11.18 18:29:10,https://gall.dcinside.com/mini/board/view/?id=bmhs&no=1562&page=8
8,1561,[일반],11/18 다시 채식주의자 식단으로 돌아옴,슈발ㅋㅋ 잘린거 로제떡볶이,Eo25 2022.11.17 17:14:17 스크랩 조회 152 추천 0 댓글 3,0,152,2022.11.17 17:14:17,https://gall.dcinside.com/mini/board/view/?id=bmhs&no=1561&page=8
8,1560,[일반],수능장 왔는데 컴싸 안나온다,이거 어카농,계란밥된장국 2022.11.17 07:45:21 스크랩 조회 205 추천 1 댓글 1,1,205,2022.11.17 07:45:21,https://gall.dcinside.com/mini/board/view/?id=bmhs&no=1560&page=8
8,1559,[일반],수능에서 다들 좋은성적받아라,원하는대학가자 다들,봉명고2021화이팅 2022.11.16 22:44:05 스크랩 조회 176 추천 0 댓글 3,0,176,2022.11.16 22:44:05,https://gall.dcinside.com/mini/board/view/?id=bmhs&no=1559&page=8
8,1558,[일반],여태까지 고생 많았습니다ㅏ,내일 잘보시고 만약 찍은게 있어도 다 맞으세용 - dc official App,호시노남편 2022.11.16 21:56:26 스크랩 조회 172 추천 4 댓글 10,4,172,2022.11.16 21:56:26,https://gall.dcinside.com/mini/board/view/?id=bmhs&no=1558&page=8
8,1557,[일반],봉갤 고닉으로써 한마디,길게 말 안할게 수능 1등이 아닌 완주를 목표로 해라 고3 봉붕이들아 여태까지 고생많았다 - dc official App,분위기감별사 2022.11.16 20:41:14 스크랩 조회 156 추천 2 댓글 0,2,156,2022.11.16 20:41:14,https://gall.dcinside.com/mini/board/view/?id=bmhs&no=1557&page=8
8,1556,[일반],청주고호로말좇양봉섹스~,가까운데걸렸노 ㅋㅋ딱좋다,ㅇㅇ (182.211) 2022.11.16 11:58:16 스크랩 조회 200 추천 0 댓글 3,0,200,2022.11.16 11:58:16,https://gall.dcinside.com/mini/board/view/?id=bmhs&no=1556&page=8
8,1555,[일반],주성고 걸린 흑우업제??,에라이 시팔~ 뭔 근성고여,ㅇㅇ (211.36) 2022.11.16 10:14:44 스크랩 조회 180 추천 0 댓글 1,0,180,2022.11.16 10:14:44,https://gall.dcinside.com/mini/board/view/?id=bmhs&no=1555&page=8
8,1554,[일반],온클 개꿀,ㄹㅇ,Zakozako 2022.11.16 00:32:42 스크랩 조회 123 추천 1 댓글 0,1,123,2022.11.16 00:32:42,https://gall.dcinside.com/mini/board/view/?id=bmhs&no=1554&page=8
8,1553,[일반],수능 보는 봉붕이들아,수능은 그냥 다른학교에서 보는 모의고사다 그렇게 생각해,Eo25 2022.11.15 18:31:30 스크랩 조회 139 추천 0 댓글 2,0,139,2022.11.15 18:31:30,https://gall.dcinside.com/mini/board/view/?id=bmhs&no=1553&page=8
8,1552,[일반],시발 급식 양조절좀 잘해주면 안되냐,"1학년이고 맨날 정시간에 가는데도 마지막이란 이유로 자율 김은 물론, 치킨이나 고기같은 주요 메뉴도 못 받음 한두 번이 아니네 진짜..;;",ㅇㅇ (124.63) 2022.11.12 01:46:59 스크랩 조회 206 추천 0 댓글 2,0,206,2022.11.12 01:46:59,https://gall.dcinside.com/mini/board/view/?id=bmhs&no=1552&page=8
8,1551,[일반],자기 돈으로 빼빼로사고 먹은 봉게이는 개추,시발 좆같네 . - dc official App,PHILIPS 2022.11.11 19:21:13 스크랩 조회 195 추천 2 댓글 3,2,195,2022.11.11 19:21:13,https://gall.dcinside.com/mini/board/view/?id=bmhs&no=1551&page=8
8,1550,[일반],빼빼로 받은새끼들은 봉갤하지마라,ㄹㅇ,ㅇㅇ (182.211) 2022.11.11 18:56:13 스크랩 조회 306 추천 11 댓글 2,11,306,2022.11.11 18:56:13,https://gall.dcinside.com/mini/board/view/?id=bmhs&no=1550&page=8
8,1549,[일반],다들,빼빼로 못받은 흑우 없제?ㅋㅋㅋ,Eo25 2022.11.11 08:44:19 스크랩 조회 224 추천 0 댓글 4,0,224,2022.11.11 08:44:19,https://gall.dcinside.com/mini/board/view/?id=bmhs&no=1549&page=8
8,1548,[일반],11/11 넌 행운의 금메달이야,가 어떻게 급식이름? 뭘 준다는거지 금메달 초콜릿인가 - dc official App,Eo25 2022.11.10 15:22:18 스크랩 조회 203 추천 0 댓글 2,0,203,2022.11.10 15:22:18,https://gall.dcinside.com/mini/board/view/?id=bmhs&no=1548&page=8
8,1547,[일반],내일 평소에 꼬왔던 사람한테 빼빼로로 고백공격해야지,뒤졌다 ㅋㅋㅋ 조별과제할때 직무유기했던련들 다 고백공격당할준비해라,ㅇㅇ (61.108) 2022.11.10 10:36:29 스크랩 조회 214 추천 1 댓글 5,1,214,2022.11.10 10:36:29,https://gall.dcinside.com/mini/board/view/?id=bmhs&no=1547&page=8
9,1546,[일반],내일 빼빼로데이인데 어캄,하나도 못받으면 어캄 울면서 집가야함?,ㅇㅇ (61.108) 2022.11.10 10:19:24 스크랩 조회 162 추천 1 댓글 3,1,162,2022.11.10 10:19:24,https://gall.dcinside.com/mini/board/view/?id=bmhs&no=1546&page=9
9,1543,[일반],학교 스터디룸에서 노짱강의 듣던새끼 있냐 ㅋㅋㅋ,ㅋㅋ,ㅇㅇ (182.211) 2022.11.09 18:28:21 스크랩 조회 247 추천 2 댓글 5,2,247,2022.11.09 18:28:21,https://gall.dcinside.com/mini/board/view/?id=bmhs&no=1543&page=9
9,1542,[일반],오늘 봉명고노래방에서 '첫눈' 부르신분,'첫눈'에 반했습니다 결혼해주세요 - dc official App,호시노남편 2022.11.09 13:34:22 스크랩 조회 319 추천 3 댓글 2,3,319,2022.11.09 13:34:22,https://gall.dcinside.com/mini/board/view/?id=bmhs&no=1542&page=9
9,1541,[일반],11/10 ㅂㅅㅁㄱ ㅎㄹㅊ,잘린거 까르보나라떡볶이 시발 오늘 깔조네에서 털나와서 바로 버렸다 스파게티 소스랑 따로 줄려면 점도를 높여서 내던가 - dc official App,Eo25 2022.11.09 12:59:04 스크랩 조회 177 추천 0 댓글 1,0,177,2022.11.09 12:59:04,https://gall.dcinside.com/mini/board/view/?id=bmhs&no=1541&page=9
9,1540,[일반],나랑 무심천 뛸사람,음료수사줌,ㅇㅇ (182.211) 2022.11.08 23:58:13 스크랩 조회 222 추천 0 댓글 3,0,222,2022.11.08 23:58:13,https://gall.dcinside.com/mini/board/view/?id=bmhs&no=1540&page=9
9,1539,[일반],봉명고 깡패,봉명고는 이 무시무시한 형님께서 접수하셧다 으하하하,칼잽이슉슉 (14.4) 2022.11.08 22:35:43 스크랩 조회 307 추천 1 댓글 6,1,307,2022.11.08 22:35:43,https://gall.dcinside.com/mini/board/view/?id=bmhs&no=1539&page=9
9,1537,[일반],석식먹고 반들어갔는데 이런 상황이면 어캄,ㄹㅇ;;,Nakadashi 2022.11.08 22:02:34 스크랩 조회 261 추천 2 댓글 5,2,261,2022.11.08 22:02:34,https://gall.dcinside.com/mini/board/view/?id=bmhs&no=1537&page=9
9,1516,[일반],지울거면 사칭글도 지워라,보기안좋다 - dc official App,ㅇㅇ (61.108) 2022.11.08 13:32:49 스크랩 조회 311 추천 0 댓글 7,0,311,2022.11.08 13:32:49,https://gall.dcinside.com/mini/board/view/?id=bmhs&no=1516&page=9
9,1522,[일반],버튜버 추천함,나키리 아야메,Nakadashi 2022.11.08 13:54:46 스크랩 조회 255 추천 3 댓글 3,3,255,2022.11.08 13:54:46,https://gall.dcinside.com/mini/board/view/?id=bmhs&no=1522&page=9
9,1518,[일반],11/9 반짝반짝 작은,밥 잘린건 핫깔쪼네 로제 파스타 - dc official App,Eo25 2022.11.08 13:33:41 스크랩 조회 205 추천 0 댓글 2,0,205,2022.11.08 13:33:41,https://gall.dcinside.com/mini/board/view/?id=bmhs&no=1518&page=9
9,1517,[일반],혼란한 갤에 올리는,윤석열차,ㅇㅇ (61.108) 2022.11.08 13:33:05 스크랩 조회 213 추천 0 댓글 3,0,213,2022.11.08 13:33:05,https://gall.dcinside.com/mini/board/view/?id=bmhs&no=1517&page=9
9,1458,[일반],11/8 ㄷㄱㄹㅁ,잘린건 햄버거 - dc official App,Eo25 2022.11.08 07:01:20 스크랩 조회 160 추천 0 댓글 0,0,160,2022.11.08 07:01:20,https://gall.dcinside.com/mini/board/view/?id=bmhs&no=1458&page=9
9,1450,[일반],11/7 ㅎㅂㅈ ㅅㄷㄱ,- dc official App,Eo25 2022.11.07 06:55:08 스크랩 조회 177 추천 0 댓글 3,0,177,2022.11.07 06:55:08,https://gall.dcinside.com/mini/board/view/?id=bmhs&no=1450&page=9
9,1449,[일반],버튜버 추천함,셀리나 아이즈펠트,ㅇㅇ (122.37) 2022.11.05 19:15:26 스크랩 조회 252 추천 4 댓글 4,4,252,2022.11.05 19:15:26,https://gall.dcinside.com/mini/board/view/?id=bmhs&no=1449&page=9
9,1446,[일반],11/5 ㅇㄴㄹ,호로록 - dc official App,Eo25 2022.11.04 14:06:43 스크랩 조회 160 추천 0 댓글 0,0,160,2022.11.04 14:06:43,https://gall.dcinside.com/mini/board/view/?id=bmhs&no=1446&page=9
9,1437,[일반],11/4 ㅇㅈㅁ ㄲㅂㄹㅇ,인절미...? - dc official App,Eo25 2022.11.04 07:40:28 스크랩 조회 148 추천 0 댓글 0,0,148,2022.11.04 07:40:28,https://gall.dcinside.com/mini/board/view/?id=bmhs&no=1437&page=9
9,1430,[일반],11/3 ㅎㄹㅊ ㅋㅇ,냠 - dc official App,Eo25 2022.11.03 08:05:53 스크랩 조회 156 추천 0 댓글 0,0,156,2022.11.03 08:05:53,https://gall.dcinside.com/mini/board/view/?id=bmhs&no=1430&page=9
9,1429,[일반],봉명고 2학년,예쁜애나 잘생긴애있냐?,ㅇㅇ (58.121) 2022.11.01 21:03:39 스크랩 조회 460 추천 0 댓글 6,0,460,2022.11.01 21:03:39,https://gall.dcinside.com/mini/board/view/?id=bmhs&no=1429&page=9
9,1428,[일반],11/2 ㅈㄱㄷㄹㅇ ㅍㄹㅇㅅㅇㄹ,잘린건 돈까스 볶음우동 - dc official App,Eo25 2022.11.01 14:40:05 스크랩 조회 134 추천 0 댓글 0,0,134,2022.11.01 14:40:05,https://gall.dcinside.com/mini/board/view/?id=bmhs&no=1428&page=9
9,1427,[일반],11/1 ㅇㄹㅎㅇㅅㅈㄹ ㄸㄱㅈㅅ,오늘의 상식) 딸기주스는 땅에서 자란다 그러니 딸기와 딸기주스는 연관이 없다! - dc official App,Eo25 2022.10.31 19:21:23 스크랩 조회 147 추천 0 댓글 3,0,147,2022.10.31 19:21:23,https://gall.dcinside.com/mini/board/view/?id=bmhs&no=1427&page=9
9,1426,[일반],10/31 ㅅㅈㅇㄹㅇㅋㅇ,요번달은 케잌의 달이였네 - dc official App,Eo25 2022.10.30 20:52:11 스크랩 조회 126 추천 0 댓글 1,0,126,2022.10.30 20:52:11,https://gall.dcinside.com/mini/board/view/?id=bmhs&no=1426&page=9
9,1423,[일반],유동닉 졸업자 등장,봉고 앞 편의점가는 대학생한테 시비털었던 1학년들 잘좀 합시다 니네가 그렇게 하면 1학년이 다 욕먹고 학교가 욕먹는거야 그냥 남한테 그랬다간 경찰서 갔을 것 같은데 깡은 대단하다 친구들이랑 얘기하는데 봉갤 살아있나 궁금해서 보러옴ㅋㅋㅋ 참고로 본인 입대함ㅋㅋㅋㅋㅋㅋㅋㅋ f35에 기대어 기다리고 있을게,ㅇㅇ (106.102) 2022.10.28 01:23:26 스크랩 조회 228 추천 0 댓글 4,0,228,2022.10.28 01:23:26,https://gall.dcinside.com/mini/board/view/?id=bmhs&no=1423&page=9
9,1422,[일반],3학년은 복장자율임?,사복입고돌아니길래 슨상인줄알고 인사박을뻔,ㅇㅇ (211.36) 2022.10.27 23:43:28 스크랩 조회 286 추천 0 댓글 2,0,286,2022.10.27 23:43:28,https://gall.dcinside.com/mini/board/view/?id=bmhs&no=1422&page=9
9,1421,[일반],어그로랑 바이럴은 좀 꺼져라,- dc official App,ㅇㅇ (61.108) 2022.10.27 16:15:21 스크랩 조회 190 추천 1 댓글 3,1,190,2022.10.27 16:15:21,https://gall.dcinside.com/mini/board/view/?id=bmhs&no=1421&page=9
9,1420,[일반],10/28 짬봉,짬뽕 아니고 짬봉 - dc official App,Eo25 2022.10.27 14:09:50 스크랩 조회 99 추천 0 댓글 0,0,99,2022.10.27 14:09:50,https://gall.dcinside.com/mini/board/view/?id=bmhs&no=1420&page=9
9,1419,[일반],F35는 언제봐도 멋져,히히 암람발사,ㅇㅇ (182.211) 2022.10.26 16:26:57 스크랩 조회 174 추천 0 댓글 1,0,174,2022.10.26 16:26:57,https://gall.dcinside.com/mini/board/view/?id=bmhs&no=1419&page=9
9,1418,[일반],여러분들께 정말 실망입니다.,안녕하세요 봉명고 디시인 통 ㅇㅇ입니다. 저는 요즘 여러분께 정말 실망입니다. 어떻게 이렇게 활동을 안 하시죠? 여러분이 활동해야 밑바닥 인생도 친구없는 사람도 여기서 활동을 하면서 유대감을 형성할텐데 여러분들이 활동 안 하면 어떻게 학교 찐따들이 생활하며 살겠습니까 급식표를 항상 올리시던 찐따분은 자기 역할을 잘 수행해주시면 합니다. 그리고 항상 남들을 까내리던 여러분은 다시 열심히 깔수있는 본인이 되어주시기 바랍니다. 전 항상 이 디시인 봉명고 갤러리 여러분은 사랑합니다! 애미애비좆뒤진 씨발 장애인새끼들,ㅇㅇ (61.108) 2022.10.26 16:09:13 스크랩 조회 294 추천 1 댓글 4,1,294,2022.10.26 16:09:13,https://gall.dcinside.com/mini/board/view/?id=bmhs&no=1418&page=9
9,1417,[일반],10/27 ㅅㅅ ㅇㅇㅅㅌㄱ,임연수씨를 튀기다니;; 뭔가 사람이름같네 - dc official App,Eo25 2022.10.26 14:31:13 스크랩 조회 108 추천 0 댓글 1,0,108,2022.10.26 14:31:13,https://gall.dcinside.com/mini/board/view/?id=bmhs&no=1417&page=9
9,1416,[일반],10/26 ㅅㅂㅎㅅㄷㅂㅇ,냠냠냠 - dc official App,Eo25 2022.10.25 16:37:01 스크랩 조회 119 추천 0 댓글 1,0,119,2022.10.25 16:37:01,https://gall.dcinside.com/mini/board/view/?id=bmhs&no=1416&page=9
9,1414,[일반],10/25 ㄷㄷㅅㅎㄱㅁㄱ ㅋㅇ,오 - dc official App,Eo25 2022.10.24 15:07:38 스크랩 조회 98 추천 0 댓글 0,0,98,2022.10.24 15:07:38,https://gall.dcinside.com/mini/board/view/?id=bmhs&no=1414&page=9
9,1413,[일반],1/2학년들 에버랜드가는거 부러우면 개추ㅋㅋ,시발.,ㅇㅇ (182.211) 2022.10.24 00:18:58 스크랩 조회 250 추천 4 댓글 2,4,250,2022.10.24 00:18:58,https://gall.dcinside.com/mini/board/view/?id=bmhs&no=1413&page=9
9,1412,[일반],10/24 ㄹㄸㄷㅇ ㅁㅌㅂ,급식실에 쥐가 산다고합니다... - dc official App,Eo25 2022.10.23 10:30:06 스크랩 조회 112 추천 0 댓글 0,0,112,2022.10.23 10:30:06,https://gall.dcinside.com/mini/board/view/?id=bmhs&no=1412&page=9
9,1411,[일반],실시간 노붕이,이거 뭐냐 ? - dc official App,노지털 2022.10.23 01:12:04 스크랩 조회 156 추천 0 댓글 0,0,156,2022.10.23 01:12:04,https://gall.dcinside.com/mini/board/view/?id=bmhs&no=1411&page=9
9,1410,[일반],힛갤에 러브라이브 일본어 길에서 따라하다가,어떤 여자가 역겹다는듯이 쳐다봐서 너무 슬픔 - dc official App,PHILIPS 2022.10.22 00:52:35 스크랩 조회 149 추천 0 댓글 0,0,149,2022.10.22 00:52:35,https://gall.dcinside.com/mini/board/view/?id=bmhs&no=1410&page=9
9,1409,[일반],시험 망했으면 개추ㅋㅋ,일단 나부터ㅋㅋ - dc official App,비호감곤약 2022.10.21 21:32:18 스크랩 조회 270 추천 8 댓글 3,8,270,2022.10.21 21:32:18,https://gall.dcinside.com/mini/board/view/?id=bmhs&no=1409&page=9
9,1408,[일반],성적처리실 봉사?,이거 너무 야한데?,ㅇㅇ (61.108) 2022.10.21 12:33:42 스크랩 조회 185 추천 1 댓글 1,1,185,2022.10.21 12:33:42,https://gall.dcinside.com/mini/board/view/?id=bmhs&no=1408&page=9
9,1407,[일반],2학년인데 생윤 사문 수능으로 선택할예정인데 어떰,ㅇㅇ ;; 문과과목은 다 좆밥이라고 말하긴하는데 그래도 쉬운게 저거 둘인가 ?? - dc official App,ㅇㅇ (1.246) 2022.10.20 17:40:54 스크랩 조회 173 추천 0 댓글 2,0,173,2022.10.20 17:40:54,https://gall.dcinside.com/mini/board/view/?id=bmhs&no=1407&page=9
9,1406,[일반],10/21 ㅉㅉㄱㅊ,이름 다 병맛으로 짓는 컨셉인가...? - dc official App,Eo25 2022.10.20 16:57:09 스크랩 조회 112 추천 0 댓글 0,0,112,2022.10.20 16:57:09,https://gall.dcinside.com/mini/board/view/?id=bmhs&no=1406&page=9
9,1405,[일반],10/20 ㅁㅇㅍㅁㅋㅍㅇ,저격ㄱㅅ - dc official App,Eo25 2022.10.20 08:00:43 스크랩 조회 113 추천 0 댓글 0,0,113,2022.10.20 08:00:43,https://gall.dcinside.com/mini/board/view/?id=bmhs&no=1405&page=9
9,1404,[일반],Eo25 일안하냐?,이거 빠졌네아주 ㅋㅋ,ㅇㅇ (182.211) 2022.10.20 07:44:03 스크랩 조회 155 추천 0 댓글 1,0,155,2022.10.20 07:44:03,https://gall.dcinside.com/mini/board/view/?id=bmhs&no=1404&page=9
9,1403,[일반],10/19 Tofu,두부마요덮밥...? 잘린건 쫄면+잡채군만두 - dc official App,Eo25 2022.10.18 13:28:41 스크랩 조회 130 추천 1 댓글 0,1,130,2022.10.18 13:28:41,https://gall.dcinside.com/mini/board/view/?id=bmhs&no=1403&page=9
9,1402,[일반],ㅋㅋㅋ,내가 2학년 3반 최영빈인데 어느 할짓없는놈이 댓글로 나 사칭하냐 ㅋㅋ,최영빈 (118.235) 2022.10.18 08:06:54 스크랩 조회 353 추천 11 댓글 4,11,353,2022.10.18 08:06:54,https://gall.dcinside.com/mini/board/view/?id=bmhs&no=1402&page=9
9,1401,[일반],10/18 ㅂㄷㄹㅈㅍㅊ,배도라지펀치는 파이어펀치보다 강하다 - dc official App,Eo25 2022.10.17 21:53:52 스크랩 조회 109 추천 0 댓글 0,0,109,2022.10.17 21:53:52,https://gall.dcinside.com/mini/board/view/?id=bmhs&no=1401&page=9
9,1400,[일반],"10/17 ㄴ, ㅉ ㅇㅍㅌ",냠 - dc official App,Eo25 2022.10.17 07:17:01 스크랩 조회 109 추천 0 댓글 0,0,109,2022.10.17 07:17:01,https://gall.dcinside.com/mini/board/view/?id=bmhs&no=1400&page=9
9,1399,[일반],속보)월요일 시험,,ㅇㅇ (122.37) 2022.10.15 23:42:08 스크랩 조회 162 추천 0 댓글 1,0,162,2022.10.15 23:42:08,https://gall.dcinside.com/mini/board/view/?id=bmhs&no=1399&page=9
9,1398,[일반],주말에 에반게리온 보러가는 봉게이 있냐,만나면 김밥천국 풀코스 제공,ㅇㅇ (211.36) 2022.10.13 18:17:45 스크랩 조회 209 추천 0 댓글 5,0,209,2022.10.13 18:17:45,https://gall.dcinside.com/mini/board/view/?id=bmhs&no=1398&page=9
9,1397,[일반],10/14 ㅁㅋㅋㄴㅁㅁㅊ,냠냠 - dc official App,Eo25 2022.10.13 16:05:40 스크랩 조회 128 추천 1 댓글 1,1,128,2022.10.13 16:05:40,https://gall.dcinside.com/mini/board/view/?id=bmhs&no=1397&page=9
9,1396,[일반],후리스,업체랑뭔문제가생겼길래시킨지얼마나됐는데아직도안쳐오고있노밖에가노무노무춥구나. - dc official App,노지털 2022.10.13 10:45:15 스크랩 조회 220 추천 2 댓글 1,2,220,2022.10.13 10:45:15,https://gall.dcinside.com/mini/board/view/?id=bmhs&no=1396&page=9
9,1395,[일반],10/13 ㄱ,냠 - dc official App,Eo25 2022.10.12 18:21:35 스크랩 조회 119 추천 0 댓글 1,0,119,2022.10.12 18:21:35,https://gall.dcinside.com/mini/board/view/?id=bmhs&no=1395&page=9
9,1393,[일반],봉명고의 미래는 밝다,그죠? - dc official App,호시노남편 2022.10.11 21:15:22 스크랩 조회 338 추천 1 댓글 5,1,338,2022.10.11 21:15:22,https://gall.dcinside.com/mini/board/view/?id=bmhs&no=1393&page=9
10,1391,[일반],내일 고3 모고라며?,3학년들 기대해라 ㅋㅋㅋ,ㅇㅇ (61.108) 2022.10.11 18:03:45 스크랩 조회 215 추천 0 댓글 2,0,215,2022.10.11 18:03:45,https://gall.dcinside.com/mini/board/view/?id=bmhs&no=1391&page=10
10,1390,[일반],10/12 냠,냠냠 - dc official App,Eo25 2022.10.11 15:45:36 스크랩 조회 121 추천 0 댓글 1,0,121,2022.10.11 15:45:36,https://gall.dcinside.com/mini/board/view/?id=bmhs&no=1390&page=10
10,1389,[일반],우리학교 1학년...,1학년에 아이비리그컷 하고 안경낀애 오토바이타고 다니던데...,ㅇㅇ (61.108) 2022.10.11 14:29:35 스크랩 조회 275 추천 0 댓글 4,0,275,2022.10.11 14:29:35,https://gall.dcinside.com/mini/board/view/?id=bmhs&no=1389&page=10
10,1388,[일반],10/11 국밥,짤린건 치즈해봉이밥버거 - dc official App,Eo25 2022.10.10 13:24:49 스크랩 조회 116 추천 1 댓글 3,1,116,2022.10.10 13:24:49,https://gall.dcinside.com/mini/board/view/?id=bmhs&no=1388&page=10
10,1387,[일반],섹스기모띠,봉명고는 꼴통학교 인가요 원서 넣으려고 하는데,꼴통학교 (58.121) 2022.10.09 19:38:22 스크랩 조회 298 추천 0 댓글 5,0,298,2022.10.09 19:38:22,https://gall.dcinside.com/mini/board/view/?id=bmhs&no=1387&page=10
10,1383,[일반],10/8 이제는 의외가 아닌 토요일 급식,양념류 - dc official App,Eo25 2022.10.07 14:26:46 스크랩 조회 126 추천 0 댓글 1,0,126,2022.10.07 14:26:46,https://gall.dcinside.com/mini/board/view/?id=bmhs&no=1383&page=10
10,1382,[일반],실시간 봉붕이,,기무형섭 (61.108) 2022.10.07 12:42:42 스크랩 조회 148 추천 1 댓글 2,1,148,2022.10.07 12:42:42,https://gall.dcinside.com/mini/board/view/?id=bmhs&no=1382&page=10
10,1381,[일반],버튜버 추천함,아마네 카나타,ㅇㅇ (122.37) 2022.10.06 19:53:40 스크랩 조회 134 추천 3 댓글 3,3,134,2022.10.06 19:53:40,https://gall.dcinside.com/mini/board/view/?id=bmhs&no=1381&page=10
10,1380,[일반],10/7 ㄱㄱㄱㅅ,짤린건 파채 국물떡볶이 - dc official App,Eo25 2022.10.06 17:12:48 스크랩 조회 94 추천 0 댓글 1,0,94,2022.10.06 17:12:48,https://gall.dcinside.com/mini/board/view/?id=bmhs&no=1380&page=10
10,1379,[일반],완장 일 안함?,밑에 바이럴 글 안지우고 뭐하냐 - dc official App,ㅇㅇ (61.108) 2022.10.06 16:55:46 스크랩 조회 127 추천 0 댓글 1,0,127,2022.10.06 16:55:46,https://gall.dcinside.com/mini/board/view/?id=bmhs&no=1379&page=10
10,1377,[일반],실시간 봉붕이,엄마 잃어버린 학년 1학년,ㅇㅇ (121.188) 2022.10.06 00:21:17 스크랩 조회 149 추천 0 댓글 3,0,149,2022.10.06 00:21:17,https://gall.dcinside.com/mini/board/view/?id=bmhs&no=1377&page=10
10,1376,[일반],10/6 탄수화물의 습격,Vege? 비게스테이크? - dc official App,Eo25 2022.10.05 12:51:11 스크랩 조회 116 추천 1 댓글 4,1,116,2022.10.05 12:51:11,https://gall.dcinside.com/mini/board/view/?id=bmhs&no=1376&page=10
10,1375,[일반],10/5 ㅊㅊ,춘천세트 - dc official App,Eo25 2022.10.04 16:36:24 스크랩 조회 129 추천 0 댓글 2,0,129,2022.10.04 16:36:24,https://gall.dcinside.com/mini/board/view/?id=bmhs&no=1375&page=10
10,1374,[일반],실시간 봉명고 실체,"봉명고 1학년이 제일 무섭고 강하다, 2,3학년 개찐따 개꼴통 모아놓고 이게 뭐하는거냐 ㅋㅋ 개좆밥ㅅ끼들 모아놓고 2학년 어떤애는 1학년한테 와서 너 뭐 되냐? 라고 묻는 학교 ㅋㅋㅋㅋㅋㅋㅋ",늑억맘 (61.108) 2022.10.04 15:29:17 스크랩 조회 514 추천 4 댓글 27,4,514,2022.10.04 15:29:17,https://gall.dcinside.com/mini/board/view/?id=bmhs&no=1374&page=10
10,1373,[일반],10/4 닭강정!!!닭강정!!!닭강정!!!닭강정!!!닭강정!!!닭강정!!,- dc official App,Eo25 2022.10.03 17:13:56 스크랩 조회 114 추천 0 댓글 2,0,114,2022.10.03 17:13:56,https://gall.dcinside.com/mini/board/view/?id=bmhs&no=1373&page=10
10,1372,[일반],10월 5일날 학교 째야하는 이유,에반게리온이 개봉하기 때문,계란밥된장국 2022.10.02 18:39:53 스크랩 조회 158 추천 0 댓글 2,0,158,2022.10.02 18:39:53,https://gall.dcinside.com/mini/board/view/?id=bmhs&no=1372&page=10
10,1371,[일반],자소서 쓰는법,좋다,ㅇㅇ (125.186) 2022.10.01 19:07:30 스크랩 조회 122 추천 0 댓글 0,0,122,2022.10.01 19:07:30,https://gall.dcinside.com/mini/board/view/?id=bmhs&no=1371&page=10
10,1370,[일반],봉명고에 원신하는 사람들 많네요,전 같이 원신할 친구가 없어요 있으면 같이 합시다ㅠ...,ㅇㅇ (125.186) 2022.10.01 15:31:22 스크랩 조회 204 추천 1 댓글 5,1,204,2022.10.01 15:31:22,https://gall.dcinside.com/mini/board/view/?id=bmhs&no=1370&page=10
10,1369,[일반],봉명고 급식,급식 상태 실화냐 ㅋㅋ,ㅇㅇ (223.38) 2022.09.30 16:51:16 스크랩 조회 170 추천 1 댓글 2,1,170,2022.09.30 16:51:16,https://gall.dcinside.com/mini/board/view/?id=bmhs&no=1369&page=10
10,1368,[일반],"9/30 짜장면, 깐쇼새우",,계란밥된장국 2022.09.29 16:59:32 스크랩 조회 114 추천 0 댓글 1,0,114,2022.09.29 16:59:32,https://gall.dcinside.com/mini/board/view/?id=bmhs&no=1368&page=10
10,1366,[일반],ㅈㄴ 꼬시네 이 새끼들 ㅋㅋㅋㅋ,막 니들 저녁 무료로 쳐먹을때는 존나 좋았지? 응 병신들아 니네 싹다 나가리야 ㅋㅋ,마금느 (122.37) 2022.09.29 02:53:07 스크랩 조회 228 추천 2 댓글 5,2,228,2022.09.29 02:53:07,https://gall.dcinside.com/mini/board/view/?id=bmhs&no=1366&page=10
10,1365,[일반],ㅋㅋㅋㅋ ㅅㅂ 석식때 절반이 나가리되네,저녁에 몸에안좋은거 편의점에서 많이 먹어라 게이들아 ~ - dc official App,PHILIPS 2022.09.28 23:19:24 스크랩 조회 174 추천 4 댓글 2,4,174,2022.09.28 23:19:24,https://gall.dcinside.com/mini/board/view/?id=bmhs&no=1365&page=10
10,1364,[일반],석식 검사함?,학원가서 못봤는데 잘했나 - dc official App,호시노남편 2022.09.28 18:50:41 스크랩 조회 127 추천 0 댓글 3,0,127,2022.09.28 18:50:41,https://gall.dcinside.com/mini/board/view/?id=bmhs&no=1364&page=10
10,1363,[일반],9/29 ㅇㄱㅈㅂㅌㄱㅇ,회오리감자 ㅁㅅㄲㄸ - dc official App,Eo25 2022.09.28 15:29:42 스크랩 조회 88 추천 0 댓글 0,0,88,2022.09.28 15:29:42,https://gall.dcinside.com/mini/board/view/?id=bmhs&no=1363&page=10
10,1362,[일반],(속보) 내일부터 석식 검사 한댄다,급식실 아주머니 피셜임 그지새끼들아 이제 많이 쳐먹었잖아 ㅇㅇ 편의점에서 몸에 존나 안좋은거 쳐먹어라 이제 - dc official App,PHILIPS 2022.09.27 23:25:16 스크랩 조회 117 추천 1 댓글 0,1,117,2022.09.27 23:25:16,https://gall.dcinside.com/mini/board/view/?id=bmhs&no=1362&page=10
10,1361,[일반],오 오랜만에 밑에 투기장 열렸네,도키도키 하네용 - dc official App,분위기감별사 2022.09.27 20:54:17 스크랩 조회 148 추천 0 댓글 2,0,148,2022.09.27 20:54:17,https://gall.dcinside.com/mini/board/view/?id=bmhs&no=1361&page=10
10,1360,[일반],9/28 ㄸㅂㄹㄸ,"잘린건 파채 국물떡볶이, 맥시칸샐러드+모닝빵 - dc official App",Eo25 2022.09.27 16:21:54 스크랩 조회 98 추천 0 댓글 0,0,98,2022.09.27 16:21:54,https://gall.dcinside.com/mini/board/view/?id=bmhs&no=1360&page=10
10,1359,[일반],원신 야짤 뿌림,,ㅇㅇ (61.108) 2022.09.27 13:23:22 스크랩 조회 166 추천 1 댓글 1,1,166,2022.09.27 13:23:22,https://gall.dcinside.com/mini/board/view/?id=bmhs&no=1359&page=10
10,1358,[일반],오늘도 석식 못먹겠네 ㅋㅋ,양심 ㅈ팔아버린 쓰레기 새끼들이 또 와서 지 미@ㅐ 등쳐먹듯이 석식 먹을 생각하니까 벌써부터 ㅈㄴ 짜증나네 ㅋㅋ 그냥 집가서 먹어 고아년들아 ㅋㅋ 싹 다 죽이고 싶으니까 아 이거 미리 경고문임 ㅋㅋ 보고 경각심좀 느끼라고 - dc official App,마금느 (106.101) 2022.09.27 11:52:34 스크랩 조회 220 추천 2 댓글 8,2,220,2022.09.27 11:52:34,https://gall.dcinside.com/mini/board/view/?id=bmhs&no=1358&page=10
10,1357,[일반],교무실에 출입금지 붙은거 보면,시험이 진짜 다가왔구나 실감됨 - dc official App,호시노남편 2022.09.27 00:44:44 스크랩 조회 181 추천 1 댓글 0,1,181,2022.09.27 00:44:44,https://gall.dcinside.com/mini/board/view/?id=bmhs&no=1357&page=10
10,1356,[일반],9/27 ㅇㅈㅇㅌㄱㅅㄹㄷ,메뉴가 또 많아졌다 잘린건 눈꽃치즈 - dc official App,Eo25 2022.09.26 14:41:16 스크랩 조회 81 추천 0 댓글 1,0,81,2022.09.26 14:41:16,https://gall.dcinside.com/mini/board/view/?id=bmhs&no=1356&page=10
10,1355,[일반],최저랑 면접없으면,걍 놀아도되는거임? 수능도 안봐도됨?,ㅇㅇ (125.186) 2022.09.25 21:27:42 스크랩 조회 128 추천 0 댓글 1,0,128,2022.09.25 21:27:42,https://gall.dcinside.com/mini/board/view/?id=bmhs&no=1355&page=10
10,1354,[일반],9/26 ㅊㅈㄷㄱㅁㅇ,원상복귀 속도 미쳤냐 - dc official App,Eo25 2022.09.25 16:24:36 스크랩 조회 74 추천 0 댓글 0,0,74,2022.09.25 16:24:36,https://gall.dcinside.com/mini/board/view/?id=bmhs&no=1354&page=10
10,1353,[일반],9/23 ㅁㅌㅅㅍㄱㅌ,오 - dc official App,Eo25 2022.09.22 20:43:31 스크랩 조회 85 추천 0 댓글 0,0,85,2022.09.22 20:43:31,https://gall.dcinside.com/mini/board/view/?id=bmhs&no=1353&page=10
10,1352,[일반],"냄새나는 ""그새끼""",밥먹을때 옆에 좀 안앉으면 안돼냐? 좀 씻고 오던가,ㅇㅇ (61.108) 2022.09.22 12:50:45 스크랩 조회 474 추천 7 댓글 8,7,474,2022.09.22 12:50:45,https://gall.dcinside.com/mini/board/view/?id=bmhs&no=1352&page=10
10,1351,[일반],"'braincell, melting pot'",https://www.youtube.com/watch?v=AeydkZeHh6Y 노래 ㄹㅇ좋음 시온최고,ㅇㅇ (182.211) 2022.09.22 00:07:03 스크랩 조회 118 추천 0 댓글 0,0,118,2022.09.22 00:07:03,https://gall.dcinside.com/mini/board/view/?id=bmhs&no=1351&page=10
10,1350,[일반],9/22 ㄷㅂㅇㅌ,잘린건 멕시칸샐러드+모닝빵 - dc official App,Eo25 2022.09.21 14:37:06 스크랩 조회 107 추천 0 댓글 0,0,107,2022.09.21 14:37:06,https://gall.dcinside.com/mini/board/view/?id=bmhs&no=1350&page=10
10,1349,[일반],오늘 프린터하러 3층갔는데 19금 책 뭐냐?,봉명고 미쳤냐? - dc official App,PHILIPS 2022.09.20 22:37:41 스크랩 조회 242 추천 2 댓글 3,2,242,2022.09.20 22:37:41,https://gall.dcinside.com/mini/board/view/?id=bmhs&no=1349&page=10
10,1348,[일반],9/21 ㅊㅋ,오늘 나온 어묵은 솔직히 에바였음 - dc official App,Eo25 2022.09.20 16:29:57 스크랩 조회 77 추천 0 댓글 0,0,77,2022.09.20 16:29:57,https://gall.dcinside.com/mini/board/view/?id=bmhs&no=1348&page=10
10,1347,[일반],9/20 ㅂ,- dc official App,Eo25 2022.09.19 15:47:57 스크랩 조회 77 추천 0 댓글 0,0,77,2022.09.19 15:47:57,https://gall.dcinside.com/mini/board/view/?id=bmhs&no=1347&page=10
10,1346,[일반],수능 언재 끝나냐,시발 2달 ㅈㄴ길어;;,ㅇㅇ (61.108) 2022.09.19 11:39:36 스크랩 조회 129 추천 0 댓글 4,0,129,2022.09.19 11:39:36,https://gall.dcinside.com/mini/board/view/?id=bmhs&no=1346&page=10
10,1345,[일반],9/19 ㄷㅅㄹㄱ,잘린건 로제떡볶이 - dc official App,Eo25 2022.09.19 00:51:57 스크랩 조회 86 추천 1 댓글 1,1,86,2022.09.19 00:51:57,https://gall.dcinside.com/mini/board/view/?id=bmhs&no=1345&page=10
10,1343,[일반],서울대 합격했다,너희들도 힘내라,계란밥된장국 2022.09.16 01:23:13 스크랩 조회 242 추천 0 댓글 2,0,242,2022.09.16 01:23:13,https://gall.dcinside.com/mini/board/view/?id=bmhs&no=1343&page=10
10,1342,[일반],9/16 까만베르나르베르베르,- dc official App,Eo25 2022.09.15 14:34:33 스크랩 조회 86 추천 0 댓글 0,0,86,2022.09.15 14:34:33,https://gall.dcinside.com/mini/board/view/?id=bmhs&no=1342&page=10
10,1341,[일반],9/15 연근칩,잘린건 '오므라이스' - dc official App,Eo25 2022.09.14 20:16:42 스크랩 조회 77 추천 0 댓글 0,0,77,2022.09.14 20:16:42,https://gall.dcinside.com/mini/board/view/?id=bmhs&no=1341&page=10
10,1340,[일반],면접 일정이 2일걸쳐하는거면,2일중 1일을 골라서봐도되나,ㅇㅇ (61.108) 2022.09.14 13:26:43 스크랩 조회 106 추천 1 댓글 1,1,106,2022.09.14 13:26:43,https://gall.dcinside.com/mini/board/view/?id=bmhs&no=1340&page=10
10,1339,[일반],9/14 매겐치주러키버킫뽈,잘린건 '+경양식소스' - dc official App,Eo25 2022.09.13 14:09:59 스크랩 조회 88 추천 0 댓글 2,0,88,2022.09.13 14:09:59,https://gall.dcinside.com/mini/board/view/?id=bmhs&no=1339&page=10
10,1338,[일반],봉명고->청주대,흔한 루트이다,ㅇㅇ (217.138) 2022.09.12 16:21:07 스크랩 조회 269 추천 1 댓글 1,1,269,2022.09.12 16:21:07,https://gall.dcinside.com/mini/board/view/?id=bmhs&no=1338&page=10
10,1337,[일반],9/13 구고마이파,- dc official App,Eo25 2022.09.12 14:50:54 스크랩 조회 78 추천 0 댓글 0,0,78,2022.09.12 14:50:54,https://gall.dcinside.com/mini/board/view/?id=bmhs&no=1337&page=10
10,1335,[일반],9/9 급식회의 실존,대체 이게 뭐지 - dc official App,Eo25 2022.09.08 15:26:36 스크랩 조회 110 추천 1 댓글 0,1,110,2022.09.08 15:26:36,https://gall.dcinside.com/mini/board/view/?id=bmhs&no=1335&page=10
11,1334,[일반],단축수업한다면서 다시 아니라는 경우는 처음보네ㅋㅋ,이게 머선일이고,계란밥된장국 2022.09.08 10:25:06 스크랩 조회 155 추천 1 댓글 1,1,155,2022.09.08 10:25:06,https://gall.dcinside.com/mini/board/view/?id=bmhs&no=1334&page=11
11,1332,[일반],9/8 한식,오... - dc official App,Eo25 2022.09.07 15:29:54 스크랩 조회 89 추천 0 댓글 0,0,89,2022.09.07 15:29:54,https://gall.dcinside.com/mini/board/view/?id=bmhs&no=1332&page=11
11,1331,[일반],군대가기싫어서 울었어,성전환받을까,ㅇㅇ (61.108) 2022.09.07 11:27:09 스크랩 조회 145 추천 0 댓글 1,0,145,2022.09.07 11:27:09,https://gall.dcinside.com/mini/board/view/?id=bmhs&no=1331&page=11
11,1330,[일반],9/7 짧고 길다,또 뭔가 많이 써있네 저녁에 잘린건 소스 - dc official App,Eo25 2022.09.06 16:34:48 스크랩 조회 99 추천 0 댓글 0,0,99,2022.09.06 16:34:48,https://gall.dcinside.com/mini/board/view/?id=bmhs&no=1330&page=11
11,1329,[일반],결국...,등교시간 변경이다 ㅋㅋ 아득바득 학교는 끌고 올려고 하네 내일 아침에 일어나서 밖에 못나갈 정도로 강하게 비바람 치길 기도하자구~ - dc official App,분위기감별사 2022.09.05 16:42:54 스크랩 조회 141 추천 0 댓글 0,0,141,2022.09.05 16:42:54,https://gall.dcinside.com/mini/board/view/?id=bmhs&no=1329&page=11
11,1327,[일반],9/6 뭐가 또 많네,잘린건 '블루베리드레' 라고함 어떻게 음식이름이 블루베리 드래곤ㅋㅋ - dc official App,Eo25 2022.09.05 14:05:49 스크랩 조회 104 추천 0 댓글 0,0,104,2022.09.05 14:05:49,https://gall.dcinside.com/mini/board/view/?id=bmhs&no=1327&page=11
11,1326,[일반],친구없어서 수학여행 걱정했는데,태풍때문에 취소됐음....,ㅇㅇ (61.108) 2022.09.05 09:47:09 스크랩 조회 213 추천 1 댓글 1,1,213,2022.09.05 09:47:09,https://gall.dcinside.com/mini/board/view/?id=bmhs&no=1326&page=11
11,1325,[일반],그나저나 태풍 경로보니 우리 쪽에도 영향 끼칠거 같은데,오늘은 학교가도 내일은 X발 진짜 안가겠지? 집에서 편하게 자고 싶다 제발 - dc official App,분위기감별사 2022.09.05 08:18:23 스크랩 조회 191 추천 6 댓글 1,6,191,2022.09.05 08:18:23,https://gall.dcinside.com/mini/board/view/?id=bmhs&no=1325&page=11
11,1324,[일반],122.37 이새끼 가정교육 독학함?,"1,2학년 수학여행 취소된거에 저딴식으로 반응하는게 맞냐 씨발 학생들은 이미 낸 돈도 못돌려받고 위약금 내야할 수 있는 상황이고 학교도 이번에 손해 ㅈㄴ 봤을텐데 애들 가뜩이나 예민한 상황인데 왜 사회성 결여된 행동을 하냐 나중에 혹여나 비슷한 생각이 들어도 속으로만 생각해라 겉으로 표현하지 말고 그게 너한테도 도움될테니까",뭐 씨발아 (223.62) 2022.09.04 19:51:48 스크랩 조회 394 추천 6 댓글 4,6,394,2022.09.04 19:51:48,https://gall.dcinside.com/mini/board/view/?id=bmhs&no=1324&page=11
11,1323,[일반],크루미 야스,학교 컴퓨터로 야동보는 돼지본사람 개추 ㅋㅋ,ㅇ (58.148) 2022.09.04 13:38:33 스크랩 조회 187 추천 2 댓글 2,2,187,2022.09.04 13:38:33,https://gall.dcinside.com/mini/board/view/?id=bmhs&no=1323&page=11
11,1321,[일반],9/5 뭐가 많이 나옴,잘린건 함박스테이크 - dc official App,Eo25 2022.09.04 11:16:48 스크랩 조회 121 추천 0 댓글 0,0,121,2022.09.04 11:16:48,https://gall.dcinside.com/mini/board/view/?id=bmhs&no=1321&page=11
11,1320,[일반],9/2 니가 가라 칼국수,하와이는 못보내주고 - dc official App,Eo25 2022.09.01 13:37:28 스크랩 조회 102 추천 0 댓글 0,0,102,2022.09.01 13:37:28,https://gall.dcinside.com/mini/board/view/?id=bmhs&no=1320&page=11
11,1319,[일반],9/1 스팸,김치덮밥 - dc official App,Eo25 2022.08.31 17:28:35 스크랩 조회 116 추천 0 댓글 1,0,116,2022.08.31 17:28:35,https://gall.dcinside.com/mini/board/view/?id=bmhs&no=1319&page=11
11,1318,[일반],8/31 지파이,가 뭐임? - dc official App,Eo25 2022.08.30 16:27:30 스크랩 조회 128 추천 0 댓글 1,0,128,2022.08.30 16:27:30,https://gall.dcinside.com/mini/board/view/?id=bmhs&no=1318&page=11
11,1317,[일반],석식 돈좀 쳐 내고 밥먹어 그지새끼들아 ㅋㅋ,석식 돈 안내고 먹는 병신들아 ㅋㅋ 애미가 저녁에 밥을 안주냐? 석식시간에 맛있는거만 나오면 존나 북적북적해서 거의 한 70퍼센트는 석식인원 체크 하는척만하고 체크도 안하고 쳐먹고 ㅋㅋ 진짜 그런거 볼때마다 마음속으로 느그들 부모새끼가 어떻게 가르쳤는지 보임 ㅇㅇ 걍 돈안내고 밥쳐먹는 무전취식 버러지새끼들 봉대전에 올라온거보니까 욕을 안할수가없네 어휴 걍 나중에 성인되서도 그렇게 살아라 ㅇㅇ 불쌍한새끼들 - dc official App,PHILIPS 2022.08.29 23:17:38 스크랩 조회 451 추천 12 댓글 7,12,451,2022.08.29 23:17:38,https://gall.dcinside.com/mini/board/view/?id=bmhs&no=1317&page=11
11,1316,[일반],아니 ㅋㅋ 뭔,우리 학교에는 뭐 땅거지 새끼들 밖에 없음? 저녁에 맛있는거 나오면 ㅅㅂ 먹을거 동나서 밥도 못먹겠네 ㅋㅋㅋㅋ 돈 없으면 밥을 쳐 드시질 마세요 제발... 급식 아주머니들도 어이없어 하더라 막 그분들이 말 못해서 뭐라 못하는거 같음? 봐줄때 그만 양심 팔아 상도덕도 없는 새끼들아 ㅋㅋㅋ 그냥 돈 안내고 쳐먹는게 꼭 라면거지 새끼들 보는거 같음 니네 초상화 여기에 있네 병신 거지 새끼들 - dc official App,ㅇㅇ (106.101) 2022.08.29 19:44:26 스크랩 조회 266 추천 10 댓글 4,10,266,2022.08.29 19:44:26,https://gall.dcinside.com/mini/board/view/?id=bmhs&no=1316&page=11
11,1315,[일반],8/30 오쭈,오징어 쭈꾸미? - dc official App,Eo25 2022.08.29 14:31:26 스크랩 조회 95 추천 0 댓글 0,0,95,2022.08.29 14:31:26,https://gall.dcinside.com/mini/board/view/?id=bmhs&no=1315&page=11
11,1314,[일반],요즘 게임도 공부도 하기싫다,친구랑 놀기도 귀찮고 학교에서도 집에서도 핸드폰으로 뭐하지...하면서 잠이나 쳐자고 있음 3주동안 이 모양인데 뭐가 문제냐...,ㅇㅇ (125.186) 2022.08.28 15:33:34 스크랩 조회 135 추천 0 댓글 1,0,135,2022.08.28 15:33:34,https://gall.dcinside.com/mini/board/view/?id=bmhs&no=1314&page=11
11,1313,[일반],8/29 치킨,짤린건 어니언소스 - dc official App,Eo25 2022.08.28 00:02:45 스크랩 조회 86 추천 0 댓글 0,0,86,2022.08.28 00:02:45,https://gall.dcinside.com/mini/board/view/?id=bmhs&no=1313&page=11
11,1312,[일반],내가 돌아왔다,I will be back... - dc official App,분위기감별사 2022.08.26 15:48:40 스크랩 조회 141 추천 2 댓글 6,2,141,2022.08.26 15:48:40,https://gall.dcinside.com/mini/board/view/?id=bmhs&no=1312&page=11
11,1311,[일반],병역판정검사(신검)갤 개설했습니다...jpg,https://gall.dcinside.com/singeom ㄱㄱ놀러오세요 - dc official App,ㅇㅇ 2022.08.25 22:12:53 스크랩 조회 124 추천 0 댓글 0,0,124,2022.08.25 22:12:53,https://gall.dcinside.com/mini/board/view/?id=bmhs&no=1311&page=11
11,1310,[일반],8/26 아니 소떡소떡,왜 저녁이냐고ㅡㅡ - dc official App,Eo25 2022.08.25 15:30:47 스크랩 조회 121 추천 0 댓글 0,0,121,2022.08.25 15:30:47,https://gall.dcinside.com/mini/board/view/?id=bmhs&no=1310&page=11
11,1309,[일반],8/25 밥,ㅍㅌㅊ - dc official App,Eo25 2022.08.24 16:41:32 스크랩 조회 80 추천 0 댓글 0,0,80,2022.08.24 16:41:32,https://gall.dcinside.com/mini/board/view/?id=bmhs&no=1309&page=11
11,1308,[일반],발 긁고 남의 물건 만지는 사람이 있다고?,참ㅋㅋ멋지네ㅋㅋ,ㅇㅇ (125.186) 2022.08.24 05:48:50 스크랩 조회 166 추천 1 댓글 0,1,166,2022.08.24 05:48:50,https://gall.dcinside.com/mini/board/view/?id=bmhs&no=1308&page=11
11,1307,[일반],핫 깔조네가 뭔지 보니까,만두 속을 피자처럼 채운 이탈리아 요리네,봉명고2021화이팅 2022.08.24 00:53:12 스크랩 조회 135 추천 2 댓글 1,2,135,2022.08.24 00:53:12,https://gall.dcinside.com/mini/board/view/?id=bmhs&no=1307&page=11
11,1306,[일반],8/24 ㅎ ㄲㅈㄴ,어떻게 음식이름이... - dc official App,Eo25 2022.08.23 22:42:11 스크랩 조회 106 추천 0 댓글 0,0,106,2022.08.23 22:42:11,https://gall.dcinside.com/mini/board/view/?id=bmhs&no=1306&page=11
11,1305,[일반],씨발 개 보지같은 년들아,발을 긁든 말든 그게 기분이 나빴으면 직접 말하지 왜 뒤에 숨어서 저격하냐,ㅇㅇ (61.108) 2022.08.23 18:12:24 스크랩 조회 512 추천 9 댓글 1,9,512,2022.08.23 18:12:24,https://gall.dcinside.com/mini/board/view/?id=bmhs&no=1305&page=11
11,1304,[일반],아니 누군데,지구과학 안들어서 이게 뭔일인지도 모르고 도대체 발기남이 누군데,ㅇㅇ (61.108) 2022.08.23 09:07:34 스크랩 조회 181 추천 0 댓글 1,0,181,2022.08.23 09:07:34,https://gall.dcinside.com/mini/board/view/?id=bmhs&no=1304&page=11
11,1303,[일반],WANTED,김구안경+검은마스크 - dc official App,ㅇㅇ (169.150) 2022.08.22 20:37:39 스크랩 조회 189 추천 2 댓글 0,2,189,2022.08.22 20:37:39,https://gall.dcinside.com/mini/board/view/?id=bmhs&no=1303&page=11
11,1302,[일반],sinx 가 0극한 상황서 x에 근사하는 이유,"테일러 급수 이름은 들어봤을거라고 생각함. 테일러 급수는 대충 말하자면 지수함수, 로그함수, 삼각함수와 같은 초월함수들을 x을 이용한 다항함수 꼴로 변형시키는 기법이야. 근데 테일러 급수는 좀 복잡해서, 단순히 x가 0으로 수렴할때 한정으로 정리한 급수를 '매클로린 급수' 라고 해. 이 매클로린 급수로 sinx 를 변형해주면 x꼴로 변형이 가능하고, 따라서 sinx는 x가 0에 수렴하는 상황서 x에 근사, 즉 x와 거의 비슷하게 작용한다는 사실을 알 수 있음. 같은방법으로 e^x - 1 함수에 대해서도 정리해서 근사를 증명가능함",봉명고2021화이팅 2022.08.22 20:16:12 스크랩 조회 217 추천 3 댓글 2,3,217,2022.08.22 20:16:12,https://gall.dcinside.com/mini/board/view/?id=bmhs&no=1302&page=11
11,1301,[일반],발긁은게이 밝혀졌노,오늘맨앞 그놈 맞지? 내학원 여자들 사이에서도 결론난분위기ㅋㅋㅋ - dc official App,햇반라기 (79.110) 2022.08.22 19:11:09 스크랩 조회 271 추천 0 댓글 2,0,271,2022.08.22 19:11:09,https://gall.dcinside.com/mini/board/view/?id=bmhs&no=1301&page=11
11,1299,[일반],치즈 먹고 장염걸린 게이있냐?,배가 저번 금요일에 치즈먹고 그때부터 배가 오늘까지 아픈데 어카노? 병원 가야함...?,ㅇㅇ (104.28) 2022.08.22 15:29:49 스크랩 조회 129 추천 0 댓글 2,0,129,2022.08.22 15:29:49,https://gall.dcinside.com/mini/board/view/?id=bmhs&no=1299&page=11
11,1298,[일반],봉게이들아 충북교육회복지원카드 안쓴놈 있냐?,이번년도 12월 31일까지니까 책 사라,ㅇㅇ (106.102) 2022.08.22 15:13:29 스크랩 조회 127 추천 0 댓글 0,0,127,2022.08.22 15:13:29,https://gall.dcinside.com/mini/board/view/?id=bmhs&no=1298&page=11
11,1297,[일반],8/23 고무,고등어무조림 - dc official App,Eo25 2022.08.22 14:40:18 스크랩 조회 77 추천 0 댓글 0,0,77,2022.08.22 14:40:18,https://gall.dcinside.com/mini/board/view/?id=bmhs&no=1297&page=11
11,1296,[일반],8/22 중국세트,짤린건 밥버거 - dc official App,Eo25 2022.08.21 17:00:01 스크랩 조회 96 추천 0 댓글 1,0,96,2022.08.21 17:00:01,https://gall.dcinside.com/mini/board/view/?id=bmhs&no=1296&page=11
11,1295,[일반],이번주 봉명고 수업시간에 발기한 학생..,발 (긁)기한 학생... 이왜진ㄷㄷ - dc official App,배달의민족 (106.101) 2022.08.20 19:39:50 스크랩 조회 571 추천 9 댓글 4,9,571,2022.08.20 19:39:50,https://gall.dcinside.com/mini/board/view/?id=bmhs&no=1295&page=11
11,1292,[일반],ㅎㅇ 18년 졸업생임,해마다 sky 몇명감? 기숙사도 살았었는데 요새도 고3들은 한달에 한번집감?,ㅇㅇ (61.72) 2022.08.20 19:27:16 스크랩 조회 127 추천 0 댓글 1,0,127,2022.08.20 19:27:16,https://gall.dcinside.com/mini/board/view/?id=bmhs&no=1292&page=11
11,1291,[일반],국좀 차갑게 안 나왔으면 좋겠다,국물충인데 차가우니까 뭔가 먹기 싫음 - dc official App,ㅇㅇ (223.38) 2022.08.18 18:59:22 스크랩 조회 116 추천 3 댓글 2,3,116,2022.08.18 18:59:22,https://gall.dcinside.com/mini/board/view/?id=bmhs&no=1291&page=11
11,1290,[일반],8/19 레파,갑자기 ㅅㅌㅊ? 짤린건 스팸마요덮밥 - dc official App,Eo25 2022.08.18 14:42:50 스크랩 조회 85 추천 0 댓글 0,0,85,2022.08.18 14:42:50,https://gall.dcinside.com/mini/board/view/?id=bmhs&no=1290&page=11
11,1289,[일반],8/18 흑밥,저녁에 짤린건 '블루베리드레' 라고하는 뭔지모를 음식 - dc official App,Eo25 2022.08.17 19:48:09 스크랩 조회 76 추천 0 댓글 1,0,76,2022.08.17 19:48:09,https://gall.dcinside.com/mini/board/view/?id=bmhs&no=1289&page=11
11,1287,[일반],3학년인데 시간표 질문 좀,이따구로 변했는데 뭐 어떡하라는거임? 알파벳도 없는데 어떻게 구분하냐? 내가 이상한건가? 설명좀...,ㅇㅇ (125.186) 2022.08.15 01:38:28 스크랩 조회 121 추천 1 댓글 2,1,121,2022.08.15 01:38:28,https://gall.dcinside.com/mini/board/view/?id=bmhs&no=1287&page=11
11,1286,[일반],지금 비오는 하늘=담주 화요일에 학교가야하는 내 심정,다행히 안잠겼다 - dc official App,호시노남편 2022.08.10 22:11:42 스크랩 조회 102 추천 0 댓글 1,0,102,2022.08.10 22:11:42,https://gall.dcinside.com/mini/board/view/?id=bmhs&no=1286&page=11
11,1285,[일반],매미,- dc official App,호시노남편 2022.08.01 00:13:51 스크랩 조회 111 추천 1 댓글 1,1,111,2022.08.01 00:13:51,https://gall.dcinside.com/mini/board/view/?id=bmhs&no=1285&page=11
11,1284,[일반],키타산 나오고 말딸 시작하는분,같이 힘내죠 - dc official App,ㅇㅇ (1.246) 2022.07.27 01:16:06 스크랩 조회 123 추천 1 댓글 0,1,123,2022.07.27 01:16:06,https://gall.dcinside.com/mini/board/view/?id=bmhs&no=1284&page=11
11,1283,[일반],"휴가나온 2003년생 (전)봉붕이 등장,,","전적 -작년입시 개같이 멸망하고 군수하러 온 2003년생 -눈치빠르면 봉붕이 일부는 이미 누군지 파악할만큼 쬐끔 알려진 -후배들에겐 불편한 선배일지도? 봉붕이들은 군대를 ㅈ같고 꼭 와야하는 곳이라고 생각하겠지만 사회에서 살다가 인생이 좀 힘든 것 같고 ㅈ같을 때 입대신청 해서 오는 건 꽤 괜찮은 것 같다 육해군은 몰라도 공군은 솔까 봉명고때보다 마음은 편하다(아직 신병이라 그럴지도 모르겠는데 훈련소때도 마음은 자대생각 뿐이었으니까...) 각종 다양한 간부에, 선임분들에 나중에는 새로운 후임 그리고 각종 행사, 훈련, 업무, 특이사항 더군다나 주말근무까지. 근데 그게 고등학교 3년 준비했던 내신, 수능 때 받은 스트레스랑 비교하면 차라리 나은 것 같더라 얼마나 힘든지 잘 알기에 다들 올해 좋은 결과 꼭 냈으면 좋겠다 질문 있으면 받아드림!",ㅇㅇ (112.72) 2022.07.25 02:04:00 스크랩 조회 226 추천 0 댓글 5,0,226,2022.07.25 02:04:00,https://gall.dcinside.com/mini/board/view/?id=bmhs&no=1283&page=11
11,1282,[일반],방학인데 다들뭐함,,ㅇㅇ (125.186) 2022.07.24 22:38:58 스크랩 조회 140 추천 0 댓글 4,0,140,2022.07.24 22:38:58,https://gall.dcinside.com/mini/board/view/?id=bmhs&no=1282&page=11
11,1281,[일반],"내일 학교가는 인생""승리자""들 개추 ㅋㅋ",엄준식 - dc official App,PHILIPS 2022.07.24 21:46:37 스크랩 조회 135 추천 0 댓글 2,0,135,2022.07.24 21:46:37,https://gall.dcinside.com/mini/board/view/?id=bmhs&no=1281&page=11
11,1280,[일반],1학년때 수학 계속 6등급나왔는데,2학년 이번 기말에 수학 3등급받음 칭찬좀,ㅇㅇ (122.37) 2022.07.21 22:52:30 스크랩 조회 212 추천 0 댓글 3,0,212,2022.07.21 22:52:30,https://gall.dcinside.com/mini/board/view/?id=bmhs&no=1280&page=11
11,1279,[일반],교장 훈화 듣기싫네,공부해서 남주는 뭔 나만 공부할꺼야 시발들아~,ㅇㅇ (61.108) 2022.07.21 09:43:46 스크랩 조회 134 추천 2 댓글 0,2,134,2022.07.21 09:43:46,https://gall.dcinside.com/mini/board/view/?id=bmhs&no=1279&page=11
11,1278,[일반],고등학생을 위한 라플라스 변환 1편,"일단 글 읽기 전에 '최소' 지수함수 적분법, 부분적분법 등 미적분 내용을 어느 정도 숙지한 뒤 세특 등에 활용하길 바람. 절대 2학년 수2 정적분 찔끔 듣고 세특쓸생각 처하지 마라. 미적분 교과과정 마스터하고 봐도 어려운게 라플라스 변환이다.... 애초에 대학과정이기도 하고 ㅇㅇ 1. 일단 라플라스 변환이 대체 뭐냐? 라플라스 변환은 t에 대해 푼다면 매우 복잡할 f(t)라는 함수 내지 방정식을, 정적분을 이용해 s에 관한 식으로 변환해 푸는 수학적 풀이법이야. 이때, 단순히 t = s + a 등으로 치환하는 것이 아닌, 함수 f 자체를 t 공간서 s 공간으로 이동시키는 풀이법임을 유의하자. 괜히 보고서에 잘못 쓰지 말고... 2. 라플라스 변환의 기본식 위 식은 라플라스 변환식으로, f(t)를 s에 대해 라플라스 변환한다는 뜻이야. 즉, 라플라스 변환은 원함수 f(t)에 e^-st를 곱한 후 그걸 0부터 무한대 구간까지 정적분한다는 의미지. 이떄, f(t)를 한번 적분했으니 한 차수 더 높은 함수인 F(s)로 표현되는거야. 라플라스 변환식을 일일이 저렇게 쓰면 귀찮으니, f(t)를 라플라스 변환한다는 기호는 L[f(t)]로 표현할 수 있어. 3. 선형성 함수 f(x)와 임의의 수 x, y, 상수 a에 대해, f(x+y) = f(x) + f(y), f(ax) = af(x)가 성립한다면 함수 f(x)는 선형성을 가진다고 할 수 있어. 적분에 대해 배운 사람들이라면 대부분 알겠지만, integral 식 내부는 쪼갤 수 있으며, 또한 내부 식의 계수를 integral 기호 밖으로 꺼낼 수도 있으므로, 적분식은 선형성을 가지며, 따라서 정적분 형태인 라플라스 변환 또한 선형성을 가진다 할 수 있어. 일단 오늘은 여기까지...... 다음글에 계산법 다룰예정",봉명고2021화이팅 2022.07.20 21:50:50 스크랩 조회 1067 추천 3 댓글 6,3,1067,2022.07.20 21:50:50,https://gall.dcinside.com/mini/board/view/?id=bmhs&no=1278&page=11
12,1275,[일반],미적세특용) 라플라스 변환,이번주중으로 라플라스 변 올해 2학년 친구들 내년 미적세특 도움되라고 정리싹해서 올림,봉명고2021화이팅 2022.07.18 16:29:48 스크랩 조회 351 추천 2 댓글 5,2,351,2022.07.18 16:29:48,https://gall.dcinside.com/mini/board/view/?id=bmhs&no=1275&page=12
12,1274,[일반],하루 명곡 chapter. 1,https://youtu.be/DPEtmqvaKqY 가사듣고 울음 - dc official App,PHILIPS 2022.07.18 15:59:47 스크랩 조회 138 추천 0 댓글 1,0,138,2022.07.18 15:59:47,https://gall.dcinside.com/mini/board/view/?id=bmhs&no=1274&page=12
12,1273,[일반],이거 뭐노...?,뭐냐고 이 참피는!,ㅇㅇ (61.108) 2022.07.18 11:38:22 스크랩 조회 151 추천 1 댓글 1,1,151,2022.07.18 11:38:22,https://gall.dcinside.com/mini/board/view/?id=bmhs&no=1273&page=12
12,1272,[일반],선배들하이,봉명고 학사반 들어가고싶은데 많이 빡세요? - dc official App,ㄱㅅㄱ (39.7) 2022.07.17 17:43:44 스크랩 조회 236 추천 0 댓글 9,0,236,2022.07.17 17:43:44,https://gall.dcinside.com/mini/board/view/?id=bmhs&no=1272&page=12
12,1270,[일반],trap 외삼촌 데리고 왔지 미래~,좀더!!!!!!!!!,ㅇㅇ (115.20) 2022.07.15 21:18:03 스크랩 조회 153 추천 1 댓글 1,1,153,2022.07.15 21:18:03,https://gall.dcinside.com/mini/board/view/?id=bmhs&no=1270&page=12
12,1265,[일반],2학년 토론 못봐서 아쉽다,했으면 꿀잼 뵤장인데 - dc official App,호시노남편 2022.07.13 11:33:42 스크랩 조회 142 추천 2 댓글 0,2,142,2022.07.13 11:33:42,https://gall.dcinside.com/mini/board/view/?id=bmhs&no=1265&page=12
12,1264,[일반],남자들도 생리결석같은거 만들어줘 ㅅㅂ,몽정결석같은거,ㅇㅇ (182.211) 2022.07.13 07:29:49 스크랩 조회 259 추천 4 댓글 1,4,259,2022.07.13 07:29:49,https://gall.dcinside.com/mini/board/view/?id=bmhs&no=1264&page=12
12,1262,[일반],내신 7등급 이하는 개추 ㅋㅋ,개추. - dc official App,PHILIPS 2022.07.12 15:20:51 스크랩 조회 351 추천 12 댓글 4,12,351,2022.07.12 15:20:51,https://gall.dcinside.com/mini/board/view/?id=bmhs&no=1262&page=12
12,1261,[일반],고3 배경사진 근황.jpg,,계란밥된장국 2022.07.12 10:37:57 스크랩 조회 261 추천 1 댓글 2,1,261,2022.07.12 10:37:57,https://gall.dcinside.com/mini/board/view/?id=bmhs&no=1261&page=12
12,1260,[일반],누군진 몰라도 감사합니다...!,당신이 놓고간 똥휴지로 제 엉덩이를 닦을수있습니다... 압도적으로 감사....!,ㅇㅇ (61.108) 2022.07.12 08:57:15 스크랩 조회 160 추천 2 댓글 1,2,160,2022.07.12 08:57:15,https://gall.dcinside.com/mini/board/view/?id=bmhs&no=1260&page=12
12,1257,[일반],3학년 모여다니는 얘들,3학년에 가오잡으면서 한 3~4명이서 모여다니는 얘들 걔내 ㅇㄸ? 솔직히 패고싶음 ㄹㅇ ㅋㅋ 학교도 잘 안오면서 가오는 너무함 ㄹㅇ,ㅇㅇ (175.205) 2022.07.11 17:26:30 스크랩 조회 365 추천 1 댓글 6,1,365,2022.07.11 17:26:30,https://gall.dcinside.com/mini/board/view/?id=bmhs&no=1257&page=12
12,1255,[일반],학교가도 수업도 안하고 자습이나 하는데,그냥 조퇴 마렵네,ㅇㅇ (125.186) 2022.07.11 03:22:23 스크랩 조회 145 추천 1 댓글 0,1,145,2022.07.11 03:22:23,https://gall.dcinside.com/mini/board/view/?id=bmhs&no=1255&page=12
12,1253,[일반],급식 생각해보면 너무 적은것 같음...,급식량 좀 늘려주셈... 1학년때는 늦게와서 계속 먹었는데 2학년되니까 먹기힘듬...,ㅇㅇ (106.102) 2022.07.09 19:57:00 스크랩 조회 139 추천 0 댓글 0,0,139,2022.07.09 19:57:00,https://gall.dcinside.com/mini/board/view/?id=bmhs&no=1253&page=12
12,1252,[일반],오늘 하루 사진으로 요약,,PHILIPS 2022.07.08 23:16:38 스크랩 조회 158 추천 0 댓글 0,0,158,2022.07.08 23:16:38,https://gall.dcinside.com/mini/board/view/?id=bmhs&no=1252&page=12
12,1250,[일반],급식줄 말이 많은데,이건 학생들 잘못이라기 보다는 우리 학교가 문제임 지금 급식실이 작아서 들어갈때 나눠서 들어가고 있는 상태인데 각 반에 30명이라고 치면 한 학년이 240명인데 240명이 어떻게 10분안에 급식실에 다들어가냐 서로서로 남탓할게 아니라 급식시간을 늘려달라하는게 맞음,ㅇㅇ (61.108) 2022.07.08 14:08:49 스크랩 조회 224 추천 2 댓글 3,2,224,2022.07.08 14:08:49,https://gall.dcinside.com/mini/board/view/?id=bmhs&no=1250&page=12
12,1249,[일반],1학년인데,오늘 50분에 내려갔는데 20분 기다려서 정확히 1시 12분에 먹기 시작함 아무리그래도 이건 너무한거아니녀고;;,ㅇㅇ (124.63) 2022.07.08 00:54:11 스크랩 조회 194 추천 0 댓글 3,0,194,2022.07.08 00:54:11,https://gall.dcinside.com/mini/board/view/?id=bmhs&no=1249&page=12
12,1247,[일반],학교 와이파이 뚫는 VPN 추천,"Tor Brower, Orbot 딥웹도 들어갈수있음 어디든 들어갈수있지만 느림 확실히 된다는것이 장점 히토미도 들어가짐 1.1.1.1 딥웹은 못들가지만 히토미나 각종 게임사이트 들어가기 쌉가능 위에 토르나 오르봇보단 떨어지는데 빠름 참고로 깔고서 옆에 설정 들어간후에 WARP로 바꿔야함 Intra 병신, 하지만 학교에서 공부안하고 만화만 보는 인생망한 봉붕이라면 그냥 마나토끼나 일일툰 들어가기 좋은 VPN 히토미 안들어가짐 그래도 이중에서 가장 속도가 빠르다",계란밥된장국 2022.07.07 12:13:33 스크랩 조회 25442 추천 7 댓글 11,7,25442,2022.07.07 12:13:33,https://gall.dcinside.com/mini/board/view/?id=bmhs&no=1247&page=12
12,1246,[일반],학교와파로 겜 뚫는법 아는사람,라이엇 등 일부 겜 안드가짐 참고로 아이패드 노트북 vpn도 안되더라,ㅇㅇ (124.63) 2022.07.07 00:56:55 스크랩 조회 769 추천 0 댓글 2,0,769,2022.07.07 00:56:55,https://gall.dcinside.com/mini/board/view/?id=bmhs&no=1246&page=12
12,1245,[일반],봉붕이 인최업 하나 달성함,마갤완장받음 시험끝낫다고 갤질좀 열심히 햇다가 강제징용당햇다 이기,ㅇㅇ (211.59) 2022.07.07 00:53:07 스크랩 조회 125 추천 0 댓글 0,0,125,2022.07.07 00:53:07,https://gall.dcinside.com/mini/board/view/?id=bmhs&no=1245&page=12
12,1243,[일반],나랑 재미있는 1계선형 상미분방정식 공부할사람???,재밌습니다.,LSM (115.20) 2022.07.06 19:45:20 스크랩 조회 120 추천 0 댓글 0,0,120,2022.07.06 19:45:20,https://gall.dcinside.com/mini/board/view/?id=bmhs&no=1243&page=12
12,1242,[일반],1학년 필독,뒷북인건 아는데 진짜 1학년인지는 몰라도 2학년 급식 40분에 내려가라고 해서 40분에 내려가면 1학년 남자는 줄서있거나 줄 옆에서 노가리 까고 있고 1학년 여자줄은 계단까지 와있는데 1학년 니들은 시계 볼 능지가 딸리냐? 코로나 직격탄으로 맞은 학년이라 그런가 능지가 바닥수준이네 시발롬들이 꼬우면 2학년 4반으로오셈 ㅋㅋ,ㅇㅇ (115.20) 2022.07.05 20:55:02 스크랩 조회 530 추천 15 댓글 9,15,530,2022.07.05 20:55:02,https://gall.dcinside.com/mini/board/view/?id=bmhs&no=1242&page=12
12,1238,[일반],오늘 러브딜리버리 다했다,단돈 15500원에 사랑을 알았다. 야스 - dc official App,PHILIPS 2022.07.03 00:51:09 스크랩 조회 138 추천 0 댓글 2,0,138,2022.07.03 00:51:09,https://gall.dcinside.com/mini/board/view/?id=bmhs&no=1238&page=12
12,1237,[일반],정시 fighter,its me,ㅇㅇ (182.211) 2022.07.02 21:36:10 스크랩 조회 116 추천 0 댓글 0,0,116,2022.07.02 21:36:10,https://gall.dcinside.com/mini/board/view/?id=bmhs&no=1237&page=12
12,1236,[일반],정시로 급하게 돌리는 인생승리자들 개추 ㅋㅋ,개 시발. - dc official App,PHILIPS 2022.07.01 17:39:00 스크랩 조회 148 추천 4 댓글 2,4,148,2022.07.01 17:39:00,https://gall.dcinside.com/mini/board/view/?id=bmhs&no=1236&page=12
12,1235,[일반],드디어,3학년은 이제 학교시험은 모두 종료됐다 5일동안 지랄발광한거 생각하니 너무 ㅈ같지만 이짓거리도 이제 4시간 후면 끝이다 ㅖㅏ 이제 생기부 채울거 남았다 시발 - dc official App,ㅇㅇ (1.248) 2022.07.01 04:23:12 스크랩 조회 98 추천 0 댓글 1,0,98,2022.07.01 04:23:12,https://gall.dcinside.com/mini/board/view/?id=bmhs&no=1235&page=12
12,1234,[일반],내일드디어집간다,드디어 탑건매버릭 볼수있다......,봉명고2021화이팅 2022.06.30 23:11:53 스크랩 조회 106 추천 0 댓글 0,0,106,2022.06.30 23:11:53,https://gall.dcinside.com/mini/board/view/?id=bmhs&no=1234&page=12
12,1230,[일반],미적분 씨발 개씨발 애미 좆좆보지다,찍기 싸움 가자!,ㅇㅇ (61.108) 2022.06.28 12:39:50 스크랩 조회 170 추천 0 댓글 3,0,170,2022.06.28 12:39:50,https://gall.dcinside.com/mini/board/view/?id=bmhs&no=1230&page=12
12,1228,[일반],시발 시험공부 좆망했네 진짜,시험공부하다 꼴려서 1딸 마음다잡고 공부하는데 아까 봤던 야동 생각나서 집중 안됨 2딸 시작 다시 진짜 공부해야지 하면서 책폈는데 예전에 봤던 개씹명작 야동이 생각남 그거 찾느라 4시간 소비 3딸 이쯤되니 현자타임이 옴 내가 이렇게 공부를 하는게 맞나 싶고 내 진로와 우주의 신비 우리는 어디서 오고 어디로 가나에 대한 깊은 생각에 빠짐 그러다 밥먹을 시간이라 배가 부르니 성욕이 생겨 4딸 오늘 공부 좆망했네라고 생각하며 침대에 누웠더니 수면욕과 성욕이 합쳐져서 5딸 이쯤부터 요도가 아프기 시작함 진짜 누가 옆에서 공부 안하고 있으면 죽빵 때려줬음 좋겠다,ㅇㅇ (125.186) 2022.06.27 03:59:15 스크랩 조회 154 추천 0 댓글 2,0,154,2022.06.27 03:59:15,https://gall.dcinside.com/mini/board/view/?id=bmhs&no=1228&page=12
12,1227,[일반],정신과 다녀본사람 있음?,돈 얼마나 빠짐 꾸준히 다니면서 상담만이라도 받아야될까 싶은데 물어볼데가 여기밖에 없음 미안,ㅇㅇ (211.59) 2022.06.26 21:17:02 스크랩 조회 192 추천 0 댓글 10,0,192,2022.06.26 21:17:02,https://gall.dcinside.com/mini/board/view/?id=bmhs&no=1227&page=12
12,1226,[일반],오늘은 컨디션 조절을 위해,공부는 내일로 - dc official App,ㅇㅇ (58.125) 2022.06.26 15:49:12 스크랩 조회 113 추천 0 댓글 2,0,113,2022.06.26 15:49:12,https://gall.dcinside.com/mini/board/view/?id=bmhs&no=1226&page=12
12,1224,[일반],힘들다,ㅇㅇ 그냥 다 하기싫다,ㅇㅇ (61.108) 2022.06.25 21:48:52 스크랩 조회 100 추천 0 댓글 2,0,100,2022.06.25 21:48:52,https://gall.dcinside.com/mini/board/view/?id=bmhs&no=1224&page=12
12,1223,[일반],오늘은 날이 더우니,공부는 내일로 - dc official App,ㅇㅇ (58.125) 2022.06.25 18:42:14 스크랩 조회 105 추천 0 댓글 1,0,105,2022.06.25 18:42:14,https://gall.dcinside.com/mini/board/view/?id=bmhs&no=1223&page=12
12,1222,[일반],오늘은 6.25전쟁 발발 72주기입니다,"봉명고 학생 여러분도 오늘은 자유 대한민국 수호를 위해 기꺼이 전쟁에 참전하신 국군 장병분들, 다국적 연합군 장병분들, 여러 비전투 요원분들께 감사드리는 짧은 시간을 가져보는건 어떨까요. 현재 대한민국은 여전히 휴전 중인 국가이며, 북한이 최근 단거리 잠수함발사탄도탄을 동시 투발하는 훈련을 하고, 추가 핵실험의 징후가 포착되기도 하는 등 굉장히 안보위기적 상황에 놓여있습니다. 봉명고 학생들이 군에 입대하게 될 날도 얼마 남지 않았으며, 군 생활 도중 북한과의 국지적, 전 국토적 범위의 무력 충돌을 해결하기 위해 투입될 수도 있습니다. 무조건적으로 북한에 우호적인 태도를 가지며, 원조를 마구 퍼줘도 괜찮다는 안보관은 대한민국의 안녕에 매우 나쯘 영향을 미치게 됩니다. 제2의 우크라이나가 되지 않기 위해서, 우리는 늘 깨어있고 과거를 돌아볼 줄 알아야 합니다. 시험 화이팅입니다. 고3학생들은 곧 군대가겠네요......파이팅.....",봉명고2021화이팅 2022.06.25 01:04:26 스크랩 조회 171 추천 3 댓글 2,3,171,2022.06.25 01:04:26,https://gall.dcinside.com/mini/board/view/?id=bmhs&no=1222&page=12
12,1221,[일반],여친만드는법좀 알려주세요,너무 힘들고 외로워요,ㅇㅇ (211.36) 2022.06.25 00:32:48 스크랩 조회 170 추천 0 댓글 0,0,170,2022.06.25 00:32:48,https://gall.dcinside.com/mini/board/view/?id=bmhs&no=1221&page=12
12,1220,[일반],1학년 손현민 입니다 봉명고등학교 학생이시면 꼭 봐주세요..,요즘 제가 주짓수를 배우고 있는데 제 06 친구들은 다 정리 한거 같습니다 이제 더 실력을 늘리고자 합니다. 자신 있으신 분들은 1학년 층에서 손현민을 찾아주십쇼 만약 저를 보시면 동남지구 손현민 한판 하자 해주시면 바로 자세 잡겠습니다 봉명!!,봉명고 일짱 (61.108) 2022.06.24 20:35:23 스크랩 조회 411 추천 1 댓글 8,1,411,2022.06.24 20:35:23,https://gall.dcinside.com/mini/board/view/?id=bmhs&no=1220&page=12
12,1218,[일반],수위높은 사진.jpg,감 ​ 사 ​ 합 ​ 니 ​ 다 ​,계란밥된장국 2022.06.24 16:24:57 스크랩 조회 184 추천 0 댓글 3,0,184,2022.06.24 16:24:57,https://gall.dcinside.com/mini/board/view/?id=bmhs&no=1218&page=12
12,1217,[일반],집 가고싶다,학사는 즐거워 내년에도 들어와야지,ㅇㅇ (61.108) 2022.06.23 23:04:20 스크랩 조회 99 추천 0 댓글 3,0,99,2022.06.23 23:04:20,https://gall.dcinside.com/mini/board/view/?id=bmhs&no=1217&page=12
12,1213,[일반],북한의 도발 수위가 점점 거세지고 있음.,군대가기 싫다 몇년 남지도 않았네,ㅇㅇ (61.108) 2022.06.21 08:26:29 스크랩 조회 109 추천 0 댓글 1,0,109,2022.06.21 08:26:29,https://gall.dcinside.com/mini/board/view/?id=bmhs&no=1213&page=12
12,1211,[일반],데챠아아앗,노란참피인데수웅,계란밥된장국 2022.06.20 12:45:36 스크랩 조회 106 추천 0 댓글 1,0,106,2022.06.20 12:45:36,https://gall.dcinside.com/mini/board/view/?id=bmhs&no=1211&page=12
12,1210,[일반],에어컨 바뀐거 ㄹㅇ좋다,,계란밥된장국 2022.06.20 09:24:02 스크랩 조회 157 추천 0 댓글 7,0,157,2022.06.20 09:24:02,https://gall.dcinside.com/mini/board/view/?id=bmhs&no=1210&page=12
12,1209,[일반],주딱이되면,어떤일을 하는거지? 그냥 대빵되는건가? - dc official App,호시노남편 2022.06.19 21:33:59 스크랩 조회 105 추천 0 댓글 2,0,105,2022.06.19 21:33:59,https://gall.dcinside.com/mini/board/view/?id=bmhs&no=1209&page=12
12,1207,[일반],봉대전 저거 ㄹㅇ개미친거 아니냐;;,지금까지 쭉 그래왔다는거 아니야 이거 ;; 참 가지가지한다 ㅋㅋㅋㅋ 남자라서 당했다 - dc official App,ㅇㅇ (106.101) 2022.06.19 11:07:44 스크랩 조회 282 추천 2 댓글 5,2,282,2022.06.19 11:07:44,https://gall.dcinside.com/mini/board/view/?id=bmhs&no=1207&page=12
12,1206,[일반],갑자기 생각나는데,자신이 다른사람보다 잘하는거 일찍 깨달으면 인생 진짜 존나행복할듯 ㅇㅇ - dc official App,PHILIPS 2022.06.19 00:46:57 스크랩 조회 123 추천 0 댓글 2,0,123,2022.06.19 00:46:57,https://gall.dcinside.com/mini/board/view/?id=bmhs&no=1206&page=12
12,1205,[일반],2학년 필독,ㅋ맨날 급식 개늦게 쳐내려오는건 뭔 심보인가요 우리가 45분부터 먹는건대 맨날 40~41분쯤에 쳐내려와서 6~7분동안 줄서있으면 저흰 굶어죽으라는건가요~~??? ㅋㅋ ㄹㅇ선배가 선배다워야 선배지 맨날 이런 꼰대문화로 1학년 차별하고 1학년만 늦게먹게하고 솔직히 싸우면 제가 1ㄷ5까진 이길거같은댘ㅋㅋ 대놓고 1학년 앞질러가는건 뭔지 ㅋㅋㅋ - dc official App,ㅇㅇ (128.1) 2022.06.17 22:11:05 스크랩 조회 295 추천 0 댓글 11,0,295,2022.06.17 22:11:05,https://gall.dcinside.com/mini/board/view/?id=bmhs&no=1205&page=12
12,1204,[일반],주딱,한다고하는 게이가 없농... - dc official App,ㅇㅇ (175.205) 2022.06.17 18:45:14 스크랩 조회 112 추천 1 댓글 1,1,112,2022.06.17 18:45:14,https://gall.dcinside.com/mini/board/view/?id=bmhs&no=1204&page=12
12,1203,[일반],난 남성으로써 가치가 없는 생명체인가봐,공부는 좀 하긴 하는데 알파메일이 줄수있는 듬직함도 없고 얼굴이 잘생기지도 않았으며 심지어 운동을 잘하는거도 아님 30살까지 여친 안생기면 편하게 혈관에 염화칼륨 주사 놓고 자살할련다.... 인생이 힘들다,ㅇㅇ (61.108) 2022.06.17 08:27:45 스크랩 조회 176 추천 2 댓글 2,2,176,2022.06.17 08:27:45,https://gall.dcinside.com/mini/board/view/?id=bmhs&no=1203&page=12
12,1202,[일반],6/17 급식,- dc official App,ㅇㅇ (223.39) 2022.06.16 22:53:27 스크랩 조회 86 추천 0 댓글 0,0,86,2022.06.16 22:53:27,https://gall.dcinside.com/mini/board/view/?id=bmhs&no=1202&page=12
12,1201,[일반],내년에 주딱 위임받을 1/2학년 구합니다,댓에 하고싶다 쓰면 학교인증후 나 졸업할때 위임드림,봉명고2021화이팅 2022.06.15 20:50:37 스크랩 조회 227 추천 0 댓글 11,0,227,2022.06.15 20:50:37,https://gall.dcinside.com/mini/board/view/?id=bmhs&no=1201&page=12
12,1197,[일반],에어컨 좀 쳐끄지마 씨발년놈들아,씨발 옷을 껴입던가 아니면 구석탱이 자리에 앉던가 왜 에어컨을 쳐꺼놓는거임?? 한번만 더끄면 360도 회전제트킥 날릴거임,ㅇㅇ (61.108) 2022.06.13 11:41:10 스크랩 조회 147 추천 1 댓글 1,1,147,2022.06.13 11:41:10,https://gall.dcinside.com/mini/board/view/?id=bmhs&no=1197&page=12
12,1196,[일반],벌써 주말이 갔네,씨발,ㅇㅇ (125.186) 2022.06.13 00:40:19 스크랩 조회 95 추천 0 댓글 1,0,95,2022.06.13 00:40:19,https://gall.dcinside.com/mini/board/view/?id=bmhs&no=1196&page=12
13,1193,[일반],곧 있음 석식이네요,- dc official App,현미잣밥 2022.06.10 18:07:36 스크랩 조회 102 추천 0 댓글 2,0,102,2022.06.10 18:07:36,https://gall.dcinside.com/mini/board/view/?id=bmhs&no=1193&page=13
13,1192,[일반],어째서 지금 눈이 떠지는거지?,생활패턴이 곱창나버린wwww,계란밥된장국 2022.06.10 03:57:13 스크랩 조회 104 추천 0 댓글 0,0,104,2022.06.10 03:57:13,https://gall.dcinside.com/mini/board/view/?id=bmhs&no=1192&page=13
13,1190,[일반],난 왜 여친이 없음?,대학가면 생김 ??,렌탈정수기 (61.108) 2022.06.08 16:18:27 스크랩 조회 148 추천 0 댓글 3,0,148,2022.06.08 16:18:27,https://gall.dcinside.com/mini/board/view/?id=bmhs&no=1190&page=13
13,1189,[일반],봉붕이 인생 좆망했다,자살하면 됨?,ㅇㅇ (61.108) 2022.06.08 14:59:45 스크랩 조회 179 추천 1 댓글 9,1,179,2022.06.08 14:59:45,https://gall.dcinside.com/mini/board/view/?id=bmhs&no=1189&page=13
13,1186,[일반],6/7 급식,ㅅㅌㅊ - dc official App,ㅇㅇ (223.39) 2022.06.07 02:19:02 스크랩 조회 76 추천 0 댓글 0,0,76,2022.06.07 02:19:02,https://gall.dcinside.com/mini/board/view/?id=bmhs&no=1186&page=13
13,1185,[일반],"오늘은 ""자유""다",기분좋은 기념으로 투척 - dc official App,PHILIPS 2022.06.06 02:02:03 스크랩 조회 111 추천 1 댓글 3,1,111,2022.06.06 02:02:03,https://gall.dcinside.com/mini/board/view/?id=bmhs&no=1185&page=13
13,1184,[일반],월요일 쉰다,"「기분」   ""최고""",계란밥된장국 2022.06.05 22:29:52 스크랩 조회 97 추천 0 댓글 2,0,97,2022.06.05 22:29:52,https://gall.dcinside.com/mini/board/view/?id=bmhs&no=1184&page=13
13,1180,[일반],봉명동 스카에서 망가보는 새끼야,같이 보자,ㅇㅇ (125.186) 2022.06.01 18:14:50 스크랩 조회 200 추천 0 댓글 1,0,200,2022.06.01 18:14:50,https://gall.dcinside.com/mini/board/view/?id=bmhs&no=1180&page=13
13,1177,[일반],5/30 급식,이번에도 유동이 올립니다 - dc official App,ㅇㅇ (223.39) 2022.05.30 00:27:54 스크랩 조회 86 추천 1 댓글 0,1,86,2022.05.30 00:27:54,https://gall.dcinside.com/mini/board/view/?id=bmhs&no=1177&page=13
13,1176,[일반],우리급식 어디갔어,올려줘요 - dc official App,호시노남편 2022.05.30 00:20:37 스크랩 조회 99 추천 0 댓글 0,0,99,2022.05.30 00:20:37,https://gall.dcinside.com/mini/board/view/?id=bmhs&no=1176&page=13
13,1175,[일반],나 돼지임?,짬뽕 곱빼기에 탕수육 다먹고 밥도 3공기 말아먹음.... 반찬도 다먹었는데 돼지임?,ㅇㅇ (211.36) 2022.05.28 13:56:06 스크랩 조회 131 추천 0 댓글 2,0,131,2022.05.28 13:56:06,https://gall.dcinside.com/mini/board/view/?id=bmhs&no=1175&page=13
13,1174,[일반],내일 석식메뉴가 참으로 기합차구나!,해병짜장 왕포신또띠아 해병김치 해병-쌀밥 얼큰부추 올챙이국 해병수박 새끼.....기합!!!,ㅇㅇ (61.108) 2022.05.26 16:51:47 스크랩 조회 120 추천 0 댓글 2,0,120,2022.05.26 16:51:47,https://gall.dcinside.com/mini/board/view/?id=bmhs&no=1174&page=13
13,1172,[일반],화장실에서 치는 딸이 최고임ㅇㅇ,반박시 고추없음,ㅇㅇ (61.108) 2022.05.25 14:34:24 스크랩 조회 244 추천 0 댓글 1,0,244,2022.05.25 14:34:24,https://gall.dcinside.com/mini/board/view/?id=bmhs&no=1172&page=13
13,1170,[일반],5/25 급식 공지,파딱이 죽은 관계로 대신 올립니다. - dc official App,ㅇㅇ (39.124) 2022.05.24 21:07:33 스크랩 조회 111 추천 0 댓글 1,0,111,2022.05.24 21:07:33,https://gall.dcinside.com/mini/board/view/?id=bmhs&no=1170&page=13
13,1168,[일반],고 노무현 대통령님 서거 13주기입니다,엉엉,ㅇㅇ (211.36) 2022.05.23 01:24:06 스크랩 조회 119 추천 0 댓글 0,0,119,2022.05.23 01:24:06,https://gall.dcinside.com/mini/board/view/?id=bmhs&no=1168&page=13
13,1167,[일반],봉하콘서트 데뷔 13주년,봉명고등학교 화이팅!,ㅇㅇ (125.186) 2022.05.23 00:59:05 스크랩 조회 158 추천 0 댓글 1,0,158,2022.05.23 00:59:05,https://gall.dcinside.com/mini/board/view/?id=bmhs&no=1167&page=13
13,1165,[일반],봉붕이 ㅁㅌㅊ?,딱 50개 맞춰서 봄 뒤로 갈 수 록 학교에서나 봄 ㅋㅋ - dc official App,ㅇㅇ (223.39) 2022.05.22 00:47:47 스크랩 조회 133 추천 0 댓글 2,0,133,2022.05.22 00:47:47,https://gall.dcinside.com/mini/board/view/?id=bmhs&no=1165&page=13
13,1160,[일반],학교앞에 선거차량 가져다놓고 지랄하는새끼들 다 족치고싶다,ㄹㅇ 개빡침 야자하는데 노래틀고 지랄이야,ㅇㅇ (61.108) 2022.05.18 20:01:35 스크랩 조회 181 추천 0 댓글 3,0,181,2022.05.18 20:01:35,https://gall.dcinside.com/mini/board/view/?id=bmhs&no=1160&page=13
13,1158,[일반],봉붕이 야식ㅁㅌㅊ,엄마가 사논거 학원갔다와서 허버허버하는중 콜라얼음다녹았노,ㅇㅇ (211.36) 2022.05.17 23:47:40 스크랩 조회 120 추천 0 댓글 1,0,120,2022.05.17 23:47:40,https://gall.dcinside.com/mini/board/view/?id=bmhs&no=1158&page=13
13,1154,[일반],수업때 화장실 가면 특...,4분만에 똥싸고 10분 동안 고독을 즐김...,ㅇㅇ (125.186) 2022.05.15 23:38:41 스크랩 조회 196 추천 1 댓글 2,1,196,2022.05.15 23:38:41,https://gall.dcinside.com/mini/board/view/?id=bmhs&no=1154&page=13
13,1153,[일반],분위기감별사 <--- 이새끼 언제옴,ㄹㅇ이 시험끝나고 올린다던새끼가 탈주? 고로시 드가자,ㅇㅇ (211.36) 2022.05.15 19:34:31 스크랩 조회 180 추천 0 댓글 3,0,180,2022.05.15 19:34:31,https://gall.dcinside.com/mini/board/view/?id=bmhs&no=1153&page=13
13,1152,[일반],율량동 위넌 스카에서 피파하는 미친넘아,ㅋㅋㅋㅋ 시발 어이가없네 샷건은 왜쳐 개시발아 - dc official App,PHILIPS 2022.05.15 16:29:48 스크랩 조회 295 추천 1 댓글 2,1,295,2022.05.15 16:29:48,https://gall.dcinside.com/mini/board/view/?id=bmhs&no=1152&page=13
13,1150,[일반],올해 졸업생인데 반수한다,잘부탁드려욧 후배님들,ㅇㅇ (210.124) 2022.05.14 23:12:31 스크랩 조회 150 추천 1 댓글 2,1,150,2022.05.14 23:12:31,https://gall.dcinside.com/mini/board/view/?id=bmhs&no=1150&page=13
13,1149,[일반],너넨 이런거 하지마라,자신이 재능없다 <----- 공부나 하셈.....3등급만 대충 맞춰도 지거국공대가서 평타는 치고 살수있음,ㅇㅇ (61.108) 2022.05.12 22:47:35 스크랩 조회 168 추천 0 댓글 1,0,168,2022.05.12 22:47:35,https://gall.dcinside.com/mini/board/view/?id=bmhs&no=1149&page=13
13,1147,[일반],https 차단해제,야동을 VPN없이 볼수있다는 뜻,ㅇㅇ (125.186) 2022.05.12 07:22:49 스크랩 조회 281 추천 0 댓글 3,0,281,2022.05.12 07:22:49,https://gall.dcinside.com/mini/board/view/?id=bmhs&no=1147&page=13
13,1145,[일반],할거뒤지게없네심심해서뒤질듯,사실할거존나많은데아무것도안하고있다봉붕이어카냐...살려줘,ㅇㅇ (125.186) 2022.05.10 23:28:51 스크랩 조회 132 추천 1 댓글 2,1,132,2022.05.10 23:28:51,https://gall.dcinside.com/mini/board/view/?id=bmhs&no=1145&page=13
13,1143,[일반],옛날에 어디서 본 일본인이 한 일침,한국 문화를 즐기는 일본인은 인싸들이지만 일본 문화를 즐기는 한국인은 아싸들이다 이말듣고 ㄹㅇ벙찜,ㅇㅇ (211.36) 2022.05.09 18:52:42 스크랩 조회 136 추천 0 댓글 2,0,136,2022.05.09 18:52:42,https://gall.dcinside.com/mini/board/view/?id=bmhs&no=1143&page=13
13,1142,[일반],수시로 문과 서성한 갈려면,최저 내신 몇이어야함? - dc official App,ㅇㅇ (1.223) 2022.05.09 17:57:46 스크랩 조회 191 추천 0 댓글 3,0,191,2022.05.09 17:57:46,https://gall.dcinside.com/mini/board/view/?id=bmhs&no=1142&page=13
13,1140,[일반],이번 주말동안한거,에반게리온 모든 시리즈 시청했다 질문받음,ㅇㅇ (125.186) 2022.05.08 22:08:12 스크랩 조회 130 추천 3 댓글 3,3,130,2022.05.08 22:08:12,https://gall.dcinside.com/mini/board/view/?id=bmhs&no=1140&page=13
13,1139,[일반],그냥 평화롭게 지내자,찐따들의 모임이잖니ㅜ 껄껄 - dc official App,PHILIPS 2022.05.07 19:00:33 스크랩 조회 127 추천 0 댓글 2,0,127,2022.05.07 19:00:33,https://gall.dcinside.com/mini/board/view/?id=bmhs&no=1139&page=13
13,1138,[일반],유동 저격은 신경쓰지마셈,"그리고 완장은 유동 저격 삭제바람 여긴 사람도 적고 학교 갤러리라 저렇게 사칭하는 새끼들도 있어서 30일 차단하셈 ""이게 디시 문화야 근첩새끼야"" 라고 생각한다면 갤마다 문화가 다르니까 자기가 안맞으면 꺼져",ㅇㅇ (125.186) 2022.05.07 12:55:48 스크랩 조회 117 추천 1 댓글 0,1,117,2022.05.07 12:55:48,https://gall.dcinside.com/mini/board/view/?id=bmhs&no=1138&page=13
13,1137,[일반],이상철 저격한놈은 봐라,2학년인데 너가 3반에 12번 아니고 자리도 너 자리아닌거 확인했다 뭔 이유땜에 구라를 까면서 맞짱신청하는지 몰라도 2학년 이미지 망치지 마라 씨발년아,ㅇㅇ (49.143) 2022.05.07 10:06:55 스크랩 조회 430 추천 9 댓글 3,9,430,2022.05.07 10:06:55,https://gall.dcinside.com/mini/board/view/?id=bmhs&no=1137&page=13
13,1135,[일반],분감사 이거,셤이 끝난지가 언제인데 아직도 연재시작을 안하노 이번에는 탈주 안한다며 - dc official App,ㅇㅇ (1.246) 2022.05.06 14:44:50 스크랩 조회 129 추천 2 댓글 2,2,129,2022.05.06 14:44:50,https://gall.dcinside.com/mini/board/view/?id=bmhs&no=1135&page=13
13,1133,[일반],봉망호 달리면 오냐??,오래된 생각이다,계란밥된장국 2022.05.05 17:29:04 스크랩 조회 127 추천 1 댓글 1,1,127,2022.05.05 17:29:04,https://gall.dcinside.com/mini/board/view/?id=bmhs&no=1133&page=13
13,1132,[일반],내일 친구들이랑 할 것 ㅎ ㅎ,시 발 것. - dc official App,PHILIPS 2022.05.05 01:16:44 스크랩 조회 140 추천 0 댓글 2,0,140,2022.05.05 01:16:44,https://gall.dcinside.com/mini/board/view/?id=bmhs&no=1132&page=13
13,1131,[일반],우리학교에 펜타닐? 하는 놈 있다던데,앵간하면 그거 하지 마셈... 좀만 과다복용해도 심정지로 뒤진다,ㅇㅇ (115.20) 2022.05.04 21:34:36 스크랩 조회 416 추천 3 댓글 4,3,416,2022.05.04 21:34:36,https://gall.dcinside.com/mini/board/view/?id=bmhs&no=1131&page=13
13,1130,[일반],즐거운연휴 보내라,쭉쉬고 열심히하자 - dc official App,호시노남편 2022.05.04 18:20:09 스크랩 조회 149 추천 6 댓글 1,6,149,2022.05.04 18:20:09,https://gall.dcinside.com/mini/board/view/?id=bmhs&no=1130&page=13
13,1129,[일반],봉붕이 스위치 미니 샀다,ㅆㅅㅌㅊ,ㅇㅇ (182.211) 2022.05.03 23:26:27 스크랩 조회 108 추천 0 댓글 2,0,108,2022.05.03 23:26:27,https://gall.dcinside.com/mini/board/view/?id=bmhs&no=1129&page=13
13,1127,[일반],시발 잉스타보니까 충대,갔다가 다들 놀러갔네 같이 밥먹거나.. ㅅㅂ 부럽네 누군 열라면 2개 푸파했는데.. - dc official App,ㅇㅇ (1.223) 2022.05.02 18:18:53 스크랩 조회 200 추천 0 댓글 2,0,200,2022.05.02 18:18:53,https://gall.dcinside.com/mini/board/view/?id=bmhs&no=1127&page=13
13,1123,[일반],봉명고 다니는 씹덕들 봐라,이번시험 결과가 어찌됐든 각자 최선을 다했으리라 믿고 혹시나 실수한게 있다고 해도 너무 낙담하지 말고 다음 시험에 더 나아진 자신을 기대하자 마지막으로 짤하나만 올리고 갈게 공부해라,ㅇㅇ (175.223) 2022.04.29 13:33:38 스크랩 조회 275 추천 2 댓글 6,2,275,2022.04.29 13:33:38,https://gall.dcinside.com/mini/board/view/?id=bmhs&no=1123&page=13
13,1120,[일반],영독작을 벅벅,지문 50개가 말이되나 ㅅㅂ,ㅇㅇ (61.108) 2022.04.28 23:26:31 스크랩 조회 115 추천 0 댓글 1,0,115,2022.04.28 23:26:31,https://gall.dcinside.com/mini/board/view/?id=bmhs&no=1120&page=13
13,1119,[일반],시험 개병신 같이 봤다 씹덕짤 달림,화나서 짤달린다 날 막지마,ㅇㅇ (125.186) 2022.04.28 21:02:14 스크랩 조회 214 추천 2 댓글 5,2,214,2022.04.28 21:02:14,https://gall.dcinside.com/mini/board/view/?id=bmhs&no=1119&page=13
13,1118,[일반],내일 밥 안주는구나,급식표보러왔는데 없길래 순간 흠짓했다.. ㅇㅇ;; - dc official App,PHILIPS 2022.04.28 20:54:43 스크랩 조회 105 추천 0 댓글 1,0,105,2022.04.28 20:54:43,https://gall.dcinside.com/mini/board/view/?id=bmhs&no=1118&page=13
13,1117,[일반],족보닷컴 써본사람 질문좀...,시험범위 설정 제대로 하고 기출예상문제 뽑아도 안배운내용 나오던데 이거 출판사 이슈임? 우리학교거로 뽑은거긴한데,ㅇㅇ (1.223) 2022.04.28 17:01:19 스크랩 조회 494 추천 0 댓글 1,0,494,2022.04.28 17:01:19,https://gall.dcinside.com/mini/board/view/?id=bmhs&no=1117&page=13
13,1116,[일반],봉붕이들아,내일까지 힘내자 나중에 잘벌어 먹고 살면 돼 스트레스 받지 말자 - dc official App,ㅇㅇ (223.39) 2022.04.28 14:57:44 스크랩 조회 104 추천 0 댓글 0,0,104,2022.04.28 14:57:44,https://gall.dcinside.com/mini/board/view/?id=bmhs&no=1116&page=13
13,1115,[일반],확통 4개,맞음 ㅠ 흑 흑 - dc official App,PHILIPS 2022.04.28 14:32:02 스크랩 조회 144 추천 0 댓글 4,0,144,2022.04.28 14:32:02,https://gall.dcinside.com/mini/board/view/?id=bmhs&no=1115&page=13
13,1114,[일반],생윤 앞장부터 5개 틀렸는데 좆됬냐???,에라이,계란밥된장국 2022.04.28 13:01:54 스크랩 조회 142 추천 0 댓글 1,0,142,2022.04.28 13:01:54,https://gall.dcinside.com/mini/board/view/?id=bmhs&no=1114&page=13
13,1112,[일반],국어 22점 맞음 ㅠㅠ,야발... 존나 어렵던데... - dc official App,PHILIPS 2022.04.26 20:16:14 스크랩 조회 151 추천 3 댓글 3,3,151,2022.04.26 20:16:14,https://gall.dcinside.com/mini/board/view/?id=bmhs&no=1112&page=13
13,1111,[일반],아니 비행기 존나날라댕기네,몇시간전부터 계속 날라댕겨 낼 시험 못 보면 비행기탓임,ㅇㅇ (58.121) 2022.04.26 20:08:07 스크랩 조회 110 추천 0 댓글 1,0,110,2022.04.26 20:08:07,https://gall.dcinside.com/mini/board/view/?id=bmhs&no=1111&page=13
13,1109,[일반],봉명공고 갤러리는 우리 상당고가 먹는다,꼬우면 상당고 갤러리로 와라 그리고 봉명고 1학년중에 성범죄 전과자 손현민 이라고 있는데 조심 하도록 - dc official App,명숙기 2022.04.26 14:21:26 스크랩 조회 365 추천 1 댓글 5,1,365,2022.04.26 14:21:26,https://gall.dcinside.com/mini/board/view/?id=bmhs&no=1109&page=13
14,1108,[일반],국어 <----- 4개 이상 틀렸으면 개추 ㅋㅋ,일단 나부터 ㅋㅋ,ㅇㅇ (61.108) 2022.04.25 19:56:55 스크랩 조회 210 추천 7 댓글 0,7,210,2022.04.25 19:56:55,https://gall.dcinside.com/mini/board/view/?id=bmhs&no=1108&page=14
14,1107,[일반],내일 찍을 번호 추천좀,수학보는데 반쯤 포기함 ㅎ; - dc official App,ㅇㅇ (58.121) 2022.04.25 19:12:52 스크랩 조회 99 추천 0 댓글 2,0,99,2022.04.25 19:12:52,https://gall.dcinside.com/mini/board/view/?id=bmhs&no=1107&page=14
14,1105,[일반],내일 시험 조져도 상관없는 이유,자살하면 그만이기 때문,계란밥된장국 2022.04.24 23:09:19 스크랩 조회 153 추천 1 댓글 2,1,153,2022.04.24 23:09:19,https://gall.dcinside.com/mini/board/view/?id=bmhs&no=1105&page=14
14,1103,[일반],이게맞냐,ㅋㅋ,ㅇㅇ (61.108) 2022.04.24 01:06:55 스크랩 조회 114 추천 0 댓글 2,0,114,2022.04.24 01:06:55,https://gall.dcinside.com/mini/board/view/?id=bmhs&no=1103&page=14
14,1102,[일반],다들 중간고사 시험 잘봐라,나만 망하고 니들은 잘봐라 간바레 - dc official App,PHILIPS 2022.04.23 22:00:51 스크랩 조회 118 추천 3 댓글 2,3,118,2022.04.23 22:00:51,https://gall.dcinside.com/mini/board/view/?id=bmhs&no=1102&page=14
14,1101,[일반],고독한 유동가,모두들 좋은 금요일 밤이다. 새로운 음료수가 나왔길레 어쩔 수 없이 사버렸다 가격은 1900원 가격이 씹창이지만 신제품이니 샀다. 맛은 존나 별로다 사먹지마라 향도 겁나 애매모호하고 특색이 없음 ㅅㅂ 결론: 원뿔 중인 펩제나 마시자 - dc official App,ㅇㅇ (223.39) 2022.04.22 20:16:02 스크랩 조회 111 추천 2 댓글 5,2,111,2022.04.22 20:16:02,https://gall.dcinside.com/mini/board/view/?id=bmhs&no=1101&page=14
14,1099,[일반],시발 좆기새끼 컽!,어딜깝쳐,계란밥된장국 2022.04.21 15:08:53 스크랩 조회 147 추천 1 댓글 4,1,147,2022.04.21 15:08:53,https://gall.dcinside.com/mini/board/view/?id=bmhs&no=1099&page=14
14,1098,[일반],정신나갈거같애,영어지문 봐도봐도 끝이안나 ㅅㅂ,봉명고2021화이팅 2022.04.21 00:25:53 스크랩 조회 125 추천 0 댓글 2,0,125,2022.04.21 00:25:53,https://gall.dcinside.com/mini/board/view/?id=bmhs&no=1098&page=14
14,1097,[일반],분감사 이 새끼 이거,연재 하루전에 휴재 공지 올리는거 괘씸하거든요 - dc official App,ㅇㅇ (175.205) 2022.04.20 20:25:50 스크랩 조회 150 추천 0 댓글 4,0,150,2022.04.20 20:25:50,https://gall.dcinside.com/mini/board/view/?id=bmhs&no=1097&page=14
14,1096,[일반],이번주 목요일부터 담주 목요일까지 쉽니다,셤 공부해야됨 ㅇㅇ 이해해줘 - dc official App,분위기감별사 2022.04.20 19:50:20 스크랩 조회 132 추천 3 댓글 4,3,132,2022.04.20 19:50:20,https://gall.dcinside.com/mini/board/view/?id=bmhs&no=1096&page=14
14,1093,[일반],Eo25 이거 뭐노...?,통살안심돈강정 짜르고 올리는거 괘씸하거든요?,계란밥된장국 2022.04.19 09:43:01 스크랩 조회 147 추천 0 댓글 3,0,147,2022.04.19 09:43:01,https://gall.dcinside.com/mini/board/view/?id=bmhs&no=1093&page=14
14,1088,[일반],3학년 5월 사진,그때도 코스프레임? - dc official App,ㅇㅇ (39.124) 2022.04.18 00:11:35 스크랩 조회 142 추천 0 댓글 1,0,142,2022.04.18 00:11:35,https://gall.dcinside.com/mini/board/view/?id=bmhs&no=1088&page=14
14,1087,[일반],집밥 문학 4화,오늘도 시험공부를 하며 배나 벅벅긁어댈 오후 9시즈음 우리 감별사 게이는 뭐하고 있을까? 상큼하게 운동 조지고 얻은 영광의 상처 잡아 뜯고 싶은게 아주 매력적이다 각설하고 오늘 먹은 음식은 뭐냐? 바로 옛날 통닭이다. 본인은 5월 2일에 졸업사진을 찍기 위해 오늘만 치팅을 해볼까 한다. 입에서 질질 새는게 콧물인지 침인지 모를때쯤 엉덩 이를 벌리며 유혹하는 옛날통닭을 두고 참을수 있는가? ​ 해 체 시 작​ 하지만 ㅈ같은 삼각손의 도움으로 개같이 짤린 닭다리... 아주 씹ㅈ버러지 아쎄이같은 행동이 아닐 수 없다 암튼 ㅈㄴ 맛있게 싹싹 발라먹었다 내가 봐도 이건 하나의 생물을 무참하게 찢어발겼다 라고 표현 할 수 있겠다. 후식은 더블 비얀코 아쎄이 봉명인들 시험 1주일 남았다 다들 힘내고 좋은 결과 있길 바란다. 힘들어도 버텨라 - dc official App,분위기감별사 2022.04.17 21:57:08 스크랩 조회 197 추천 6 댓글 7,6,197,2022.04.17 21:57:08,https://gall.dcinside.com/mini/board/view/?id=bmhs&no=1087&page=14
14,1085,[일반],근데 봉갤은 내년되면 완장 어케되는거임,2학년중에 갤관리 똑바로할것같은애 없던데,BanGoNickk 2022.04.17 10:32:33 스크랩 조회 140 추천 1 댓글 3,1,140,2022.04.17 10:32:33,https://gall.dcinside.com/mini/board/view/?id=bmhs&no=1085&page=14
14,1084,[일반],"수시 ""0개"" 정시 ""올인""인 기적의 사나이면 개추",어... 나만 해당되나?.. - dc official App,PHILIPS 2022.04.16 23:27:38 스크랩 조회 151 추천 0 댓글 2,0,151,2022.04.16 23:27:38,https://gall.dcinside.com/mini/board/view/?id=bmhs&no=1084&page=14
14,1083,[일반],이번 중간고사 좆망하면 정시로 갈아탈 새끼들 개추ㅋㅋ,아,계란밥된장국 2022.04.16 17:32:55 스크랩 조회 142 추천 1 댓글 3,1,142,2022.04.16 17:32:55,https://gall.dcinside.com/mini/board/view/?id=bmhs&no=1083&page=14
14,1081,[일반],집밥 문학 3화,오늘 걍 집가서 잘라 했더니 문득 떠오르는 약속 원래 프리랜서로 대충 꼴릴때 올리려고 했지만 정기 연재 약속 지키기 위해 등장 또 도망갈까봐 미리 못박아버리는 봉붕아 고맙다..!! 주접 그만떨고 오늘 먹을 음식을 알아보자 육거리 쪽 미니족발인듯하다 저거 기준 1만원 따리임 일단 비주얼은 이렇게 생겼다 한번 먹어보면? 시간이 좀 많이 지나서 그런지 간장 베이스가 별로 느껴지지 않았고 뭣보다 껍데기 덜렁 붙어있는거라 배달족발보다는 퀄이 많이 떨어진다. 게다가 빨리 느끼해져서 난 많이 물리는편이였다. (취향차이 일수도 있음) 그러므로 난 다음부터 1~2만원 더쓰고 배달 족발 시켜먹을거다 결론 : 취향차이니까 내 평가 신경끄고 먹어볼 사람은 먹어라 깔끔하게 비웠다 후식으로는 코카콜라 원샷 때렸다 내일 지나면 주말이다 힘내라 봉붕이들 - dc official App,분위기감별사 2022.04.14 23:47:07 스크랩 조회 182 추천 5 댓글 6,5,182,2022.04.14 23:47:07,https://gall.dcinside.com/mini/board/view/?id=bmhs&no=1081&page=14
14,1080,[일반],분감사 이새끼,월/목 연재라면서 작심삼일이노 - dc official App,ㅇㅇ (116.127) 2022.04.14 23:31:56 스크랩 조회 141 추천 0 댓글 4,0,141,2022.04.14 23:31:56,https://gall.dcinside.com/mini/board/view/?id=bmhs&no=1080&page=14
14,1078,[일반],게이들아..,왜 홍어신흥고는 뜨는데 청주는 안뜨노? - dc official App,ㅇㅇ (112.147) 2022.04.14 01:07:40 스크랩 조회 166 추천 0 댓글 2,0,166,2022.04.14 01:07:40,https://gall.dcinside.com/mini/board/view/?id=bmhs&no=1078&page=14
14,1077,[일반],한심하다,지금 2학년인데 중학교때는 친구들 다 가는 인문계 가려고 학원 다니면서 공부 꽤 열심히 했는데 막상 오고나서는  내 진로도 모르겠고 어디 대학 가야될지도 무슨 과 가야될지도 모르겠고 학원도 안다니고 공부도 안해서 지금 내신 개판일거고 학교도 가기싫고 그냥 집에만 있고싶어 내 자신이 한심해,ㅇㅇ (58.121) 2022.04.13 20:39:50 스크랩 조회 162 추천 1 댓글 3,1,162,2022.04.13 20:39:50,https://gall.dcinside.com/mini/board/view/?id=bmhs&no=1077&page=14
14,1076,[일반],영어 클래스카드,중학생도 아니고 이딴걸 왜 수행으로 내는거임? 무슨 영단어를 뜻을 보고 외우고 있네;; 수능 쳐볼때 서술형평가 보나? - dc official App,간장계란밥 2022.04.13 20:06:15 스크랩 조회 193 추천 1 댓글 2,1,193,2022.04.13 20:06:15,https://gall.dcinside.com/mini/board/view/?id=bmhs&no=1076&page=14
14,1074,[일반],소리 지르고 나발이고,찍고 자느라 몰랐다면 개추,계란밥된장국 2022.04.13 17:25:03 스크랩 조회 160 추천 3 댓글 2,3,160,2022.04.13 17:25:03,https://gall.dcinside.com/mini/board/view/?id=bmhs&no=1074&page=14
14,1073,[일반],3학년,왤케 화났어,ㅇㅇ (61.108) 2022.04.13 16:58:37 스크랩 조회 245 추천 5 댓글 1,5,245,2022.04.13 16:58:37,https://gall.dcinside.com/mini/board/view/?id=bmhs&no=1073&page=14
14,1072,[일반],모의고사때 소리지르는 ㅂ신들 봐라,진지하게 3학년층에서 마짱깔래? 진지하게 니새끼 애미 보지안에 커터칼넣은다음에 보댕 피혈 만들고싶음 - dc official App,ㅇㅇ (61.108) 2022.04.13 14:39:57 스크랩 조회 183 추천 1 댓글 2,1,183,2022.04.13 14:39:57,https://gall.dcinside.com/mini/board/view/?id=bmhs&no=1072&page=14
14,1071,[일반],"1,2학년 분들 조용히 해주세요",3학년 모의고사 보는중입니다. 소리 지르지 마세요,봉명고2021화이팅 2022.04.13 12:50:39 스크랩 조회 203 추천 0 댓글 2,0,203,2022.04.13 12:50:39,https://gall.dcinside.com/mini/board/view/?id=bmhs&no=1071&page=14
14,1070,[일반],"1,2학년새끼들 아가리좀 닥쳐라",4모보는데 소리지르고 지랄이야 ㅂㅅ들,ㅇㅇ (61.108) 2022.04.13 12:40:48 스크랩 조회 229 추천 0 댓글 7,0,229,2022.04.13 12:40:48,https://gall.dcinside.com/mini/board/view/?id=bmhs&no=1070&page=14
14,1069,[일반],딱 봉명고인 이유가 있다,3학년 모고인거 알면서 지1랄 하는거야 아니면 관심을 받고 싶은거야... ㅈㄴ 감 다 뒤져서 되도 않는 방해를 하고 있너 - dc official App,분위기감별사 2022.04.13 12:38:01 스크랩 조회 257 추천 0 댓글 2,0,257,2022.04.13 12:38:01,https://gall.dcinside.com/mini/board/view/?id=bmhs&no=1069&page=14
14,1067,[일반],호시노 켄 신곡 들은사람,존나좋음 ㅋㅋ 거기에 스파이 패밀리 엔딩곡까지 캬 그저... 최고다 JPOP!! - dc official App,PHILIPS 2022.04.11 22:04:15 스크랩 조회 114 추천 0 댓글 1,0,114,2022.04.11 22:04:15,https://gall.dcinside.com/mini/board/view/?id=bmhs&no=1067&page=14
14,1066,[일반],음식닉 파딱 좀 꼴리네요ㅇㅇ..,한번 해주지 않으려나 흠..,ㅇㅇ (116.45) 2022.04.11 18:25:19 스크랩 조회 102 추천 2 댓글 0,2,102,2022.04.11 18:25:19,https://gall.dcinside.com/mini/board/view/?id=bmhs&no=1066&page=14
14,1065,[일반],씹덕 새끼들아,씹덕콘 좀 그만달아,ㅇㅇ (125.186) 2022.04.11 17:45:07 스크랩 조회 180 추천 1 댓글 6,1,180,2022.04.11 17:45:07,https://gall.dcinside.com/mini/board/view/?id=bmhs&no=1065&page=14
14,1063,[일반],집밥 문학 2화,"꽤나 빨리 돌아온 우리 분감게이는 오늘 도대체 뭘 쳐먹었냐? 우리의 집밥 밥상에 놓인다면 저절로 손이가는 '그 음식' 바로 ""소세지"" 원래라면 칼집도 안내고 대충 먹겠지만 연재 퀄좀 보인답시고 칼집좀 내봤다 www 소세지에 다들 어떻게 뿌려먹는지는 모르겠으나 나는 케챂 + 머쓱타드 둘다 뿌려먹는 편 +) 머쓱타드로 싸인 기행부려봄 이 구성에 김치종류 하나 딱 올라가면 밥 한공기 뚝딲 ㅇㅈ? 주모 여기 밥 맛있네 밥 한공기 추가요~~ 밥 한공기... 어째 밥 한톨도 없노... ㅅ벌 어쨌든 후식으로는 야무지다 야무져~ 우리 봉붕이들 이번 일주일도 힘내라 - dc official App",분위기감별사 2022.04.11 01:36:46 스크랩 조회 167 추천 9 댓글 6,9,167,2022.04.11 01:36:46,https://gall.dcinside.com/mini/board/view/?id=bmhs&no=1063&page=14
14,1061,[일반],확통이 문과과목인 이유.moonjae,ㅋㅋㄹㅇ,ㅇㅇ (115.20) 2022.04.10 15:16:12 스크랩 조회 132 추천 1 댓글 0,1,132,2022.04.10 15:16:12,https://gall.dcinside.com/mini/board/view/?id=bmhs&no=1061&page=14
14,1060,[일반],오랜만에 여기 와보네,올해 졸업하고 처음 들려보네 대학 가고 나니깐 고딩때가 약간 그립긴 하다 물론 다시 돌아가고 싶지는 않음 - dc official App,ㅇㅇ (211.57) 2022.04.10 04:00:07 스크랩 조회 115 추천 1 댓글 4,1,115,2022.04.10 04:00:07,https://gall.dcinside.com/mini/board/view/?id=bmhs&no=1060&page=14
14,1059,[일반],장독대 vs 장안대(지잡대),착한 봉붕이들은 지잡대 갈 바엔 걍 취직이나 하자 ㅇㅇ,ㅇㅇ (182.211) 2022.04.09 23:21:49 스크랩 조회 180 추천 0 댓글 0,0,180,2022.04.09 23:21:49,https://gall.dcinside.com/mini/board/view/?id=bmhs&no=1059&page=14
14,1058,[일반],'야스와 가장 유사한 행위',밤에먹는 치킨,봉명고2021화이팅 2022.04.09 22:07:26 스크랩 조회 170 추천 0 댓글 2,0,170,2022.04.09 22:07:26,https://gall.dcinside.com/mini/board/view/?id=bmhs&no=1058&page=14
14,1057,[일반],집밥 문학 1화,"우리 봉붕게이들은 집밥 얼마만큼 먹어봤노? 오늘 소개해줄 집밥 레시피는 무엇이냐. 바로 밥 + 고추참치 조합이다 이 조합으로 말할거 같으면 밥에다가 고추참치 넣어서 슥슥 비비고 기호에 따라 참기름, 김가루 등등 넣으면 아주 맛있는 레시피이다. 집에서도 쉽게쉽게 할 수 있고, 뭣보다 설거지도 안나오고 맛도 보장한다 Cex 후식은 집에 굴러다니는 아이스크림 하나 먹었다 ' 기울어진 보석바 ' 이번 연재는 열심히 해보겠습니다 형님들 미안하다... 고맙다! - dc official App",분위기감별사 2022.04.09 00:56:19 스크랩 조회 244 추천 9 댓글 14,9,244,2022.04.09 00:56:19,https://gall.dcinside.com/mini/board/view/?id=bmhs&no=1057&page=14
14,1056,[일반],"논란때문애 봉갤 놀러온 ""인싸""쉑들 개추 ㅋㅋ","한마디만 한다. ""꺼져라."" - dc official App",PHILIPS 2022.04.08 15:36:31 스크랩 조회 238 추천 0 댓글 3,0,238,2022.04.08 15:36:31,https://gall.dcinside.com/mini/board/view/?id=bmhs&no=1056&page=14
14,1055,[일반],이거 뭐냐....?,하늘에 뭐가 날라다니는데 이거 뭐임...? 새같진 않은데,봉명고2021화이팅 2022.04.08 14:30:52 스크랩 조회 168 추천 0 댓글 2,0,168,2022.04.08 14:30:52,https://gall.dcinside.com/mini/board/view/?id=bmhs&no=1055&page=14
14,1054,[일반],메이드복 입은 형 엉덩이 조심하세요,진짜 방심하고 있을때 화장실로 끌고갈꺼니까,ㅇㅇ (61.108) 2022.04.08 14:07:49 스크랩 조회 194 추천 0 댓글 1,0,194,2022.04.08 14:07:49,https://gall.dcinside.com/mini/board/view/?id=bmhs&no=1054&page=14
14,1052,[일반],코스프레하고 밥먹고 싶은데,교복드립이노 시ㅡ발 진짜,ㅇㅇ (61.108) 2022.04.08 12:26:14 스크랩 조회 122 추천 0 댓글 1,0,122,2022.04.08 12:26:14,https://gall.dcinside.com/mini/board/view/?id=bmhs&no=1052&page=14
14,1051,[일반],3학년 내일 몇시에 끝나나연,궁금합니다 - dc official App,PHILIPS 2022.04.07 23:19:25 스크랩 조회 117 추천 0 댓글 0,0,117,2022.04.07 23:19:25,https://gall.dcinside.com/mini/board/view/?id=bmhs&no=1051&page=14
14,1050,[일반],급식 교장쌤한테 건의했다,선생님들도 다 먹는데 왜 너네가 난리냐 식으로 말하신다 석식은 샹 돈낸 값이라도해야지 오히려 학교에서 석식비 3000원 내준다고 생색도 내신다 - dc official App,호시노남편 2022.04.07 22:54:23 스크랩 조회 157 추천 1 댓글 2,1,157,2022.04.07 22:54:23,https://gall.dcinside.com/mini/board/view/?id=bmhs&no=1050&page=14
14,1049,[일반],코스프레복 안왔는데 시발,코스프레 해야되는데 뭐해야하냐 그냥 칼이나 들고 중2병할까,ㅇㅇ (125.186) 2022.04.07 18:59:20 스크랩 조회 123 추천 0 댓글 1,0,123,2022.04.07 18:59:20,https://gall.dcinside.com/mini/board/view/?id=bmhs&no=1049&page=14
14,1048,[일반],급식 꼬라지봐라 ㅅㅂ,며칠전 채식의날 급식인데 두부 ㅅㅂ 다 타서 국에서 쓴맛이 나더라 이딴게....급식?,ㅇㅇ (61.108) 2022.04.07 16:38:50 스크랩 조회 215 추천 0 댓글 11,0,215,2022.04.07 16:38:50,https://gall.dcinside.com/mini/board/view/?id=bmhs&no=1048&page=14
14,1043,[일반],국영수 선생님이 없는데 무슨 수업을 하냐고ㅋㅋ,"근데 왜 ""그 쌤""은 안걸리냐고!!!!",ㅇㅇ (61.108) 2022.04.04 08:22:43 스크랩 조회 185 추천 0 댓글 3,0,185,2022.04.04 08:22:43,https://gall.dcinside.com/mini/board/view/?id=bmhs&no=1043&page=14
14,1042,[일반],봉고에 동명이인 많냐,자꾸 우리보고올러달래 에효 - dc official App,ㅇㅇ (106.101) 2022.04.03 15:09:41 스크랩 조회 205 추천 0 댓글 2,0,205,2022.04.03 15:09:41,https://gall.dcinside.com/mini/board/view/?id=bmhs&no=1042&page=14
14,1039,[일반],2022 카타르 월드컵 조편성 jpg.,일본 개같이 멸망 wwwwwww - dc official App,PHILIPS 2022.04.02 02:53:55 스크랩 조회 151 추천 0 댓글 1,0,151,2022.04.02 02:53:55,https://gall.dcinside.com/mini/board/view/?id=bmhs&no=1039&page=14
14,1038,[일반],오늘 디시 컴백한 기념으로,품격 안올려야지 wwwww - dc official App,분위기감별사 2022.04.01 11:07:03 스크랩 조회 116 추천 0 댓글 1,0,116,2022.04.01 11:07:03,https://gall.dcinside.com/mini/board/view/?id=bmhs&no=1038&page=14
14,1036,[일반],4 / 1  만우절 급식,,계란밥된장국 2022.04.01 04:22:48 스크랩 조회 133 추천 0 댓글 0,0,133,2022.04.01 04:22:48,https://gall.dcinside.com/mini/board/view/?id=bmhs&no=1036&page=14
14,1035,[일반],파딱 Eo25는 보아라,당장 내일의 급식표를 올리지 않는다면 3대가 평생 요로결석에 시달릴 것이다,급딱딱 (61.108) 2022.03.31 20:55:47 스크랩 조회 129 추천 2 댓글 1,2,129,2022.03.31 20:55:47,https://gall.dcinside.com/mini/board/view/?id=bmhs&no=1035&page=14
15,1034,[일반],졸사 코스프레 예상도. jpg,REAL...,ㅇㅇ (61.108) 2022.03.31 17:43:32 스크랩 조회 170 추천 3 댓글 1,3,170,2022.03.31 17:43:32,https://gall.dcinside.com/mini/board/view/?id=bmhs&no=1034&page=15
15,1032,[일반],3학년 게이들 졸업사진 컨셉,뭐로 할거노 - dc official App,PHILIPS 2022.03.30 17:34:04 스크랩 조회 314 추천 1 댓글 5,1,314,2022.03.30 17:34:04,https://gall.dcinside.com/mini/board/view/?id=bmhs&no=1032&page=15
15,1031,[일반],우리 학교 운동장,오래달리기 한 바퀴에 한 200메다 되냐? 다들 몇 분 뛰었냐,ㅇㅇ (211.36) 2022.03.30 17:20:31 스크랩 조회 168 추천 1 댓글 3,1,168,2022.03.30 17:20:31,https://gall.dcinside.com/mini/board/view/?id=bmhs&no=1031&page=15
15,1029,[일반],화장실에서 딸 좀 그만쳐라,아침에 기분좋게 모닝똥 싸는데 옆에서 야동보는 소리랑 챱챱소리 나길래 좆같아서 문 발로 까고왔다 딸은 집에서 쳐라,ㅇㅇ (125.186) 2022.03.29 17:15:24 스크랩 조회 294 추천 2 댓글 3,2,294,2022.03.29 17:15:24,https://gall.dcinside.com/mini/board/view/?id=bmhs&no=1029&page=15
15,1027,[일반],맛나네,프링글스밥 먹을만한듯,ㅇㅇ (61.108) 2022.03.28 18:03:14 스크랩 조회 124 추천 2 댓글 2,2,124,2022.03.28 18:03:14,https://gall.dcinside.com/mini/board/view/?id=bmhs&no=1027&page=15
15,1025,[일반],실시간...이명학...이거 뭐냐..?,이게 뭐노...? 애미리스...? 5명의 딸...? 자식유기애비...? 뭐냐고 이명학!!!!!!!!!!,계란밥된장국 2022.03.28 14:03:30 스크랩 조회 233 추천 0 댓글 2,0,233,2022.03.28 14:03:30,https://gall.dcinside.com/mini/board/view/?id=bmhs&no=1025&page=15
15,1024,[일반],1학년용 테블릿 초기화해도 되냐?,교육청 프로그램 싹 날려버리려는데,ㅇㅇ (182.211) 2022.03.27 20:58:13 스크랩 조회 212 추천 0 댓글 1,0,212,2022.03.27 20:58:13,https://gall.dcinside.com/mini/board/view/?id=bmhs&no=1024&page=15
15,1023,[일반],내가 볼려고 올린 학사일정,- dc official App,ㅇㅇ (39.124) 2022.03.27 16:06:56 스크랩 조회 427 추천 9 댓글 4,9,427,2022.03.27 16:06:56,https://gall.dcinside.com/mini/board/view/?id=bmhs&no=1023&page=15
15,1022,[일반],책 잃어버린 이기현님,2학년 1반에 책놓고갔던데 가지러오십셔,ㅇㅇ (115.20) 2022.03.27 11:38:22 스크랩 조회 224 추천 0 댓글 1,0,224,2022.03.27 11:38:22,https://gall.dcinside.com/mini/board/view/?id=bmhs&no=1022&page=15
15,1020,[일반],나 1학년짱이다,알아서 기어라 ㅈㅂ들아,ㅇㅇ (182.211) 2022.03.27 03:26:19 스크랩 조회 153 추천 0 댓글 1,0,153,2022.03.27 03:26:19,https://gall.dcinside.com/mini/board/view/?id=bmhs&no=1020&page=15
15,1019,[일반],1학년 권혁수는 들어라,대한민국 해병대는 망했다 일베 좀 그만해라 - dc official App,ㅇㅇ (118.44) 2022.03.27 01:01:27 스크랩 조회 223 추천 3 댓글 3,3,223,2022.03.27 01:01:27,https://gall.dcinside.com/mini/board/view/?id=bmhs&no=1019&page=15
15,1018,[일반],드디어 학교간다,기쁘다 - dc official App,호시노남편 2022.03.26 22:48:47 스크랩 조회 129 추천 0 댓글 3,0,129,2022.03.26 22:48:47,https://gall.dcinside.com/mini/board/view/?id=bmhs&no=1018&page=15
15,1015,[일반],정시 뒤지게 어렵구나,난 오늘부터 수시파이터다,ㅇㅇ (61.108) 2022.03.25 17:43:35 스크랩 조회 129 추천 0 댓글 0,0,129,2022.03.25 17:43:35,https://gall.dcinside.com/mini/board/view/?id=bmhs&no=1015&page=15
15,1014,[일반],이번 3월 모고로 하나 확신할수 있는건,난 죽었다 깨어나도 수시다 시발ㅋㅋㅋㅋㅋ 정시로 가는 상상 잠깐 했는데 어림도 없지ㅋㅋㅋㅋㅋ - dc official App,ㅇㅇ (1.246) 2022.03.24 21:03:27 스크랩 조회 156 추천 1 댓글 1,1,156,2022.03.24 21:03:27,https://gall.dcinside.com/mini/board/view/?id=bmhs&no=1014&page=15
15,1012,[일반],3차 맞은사람?,오늘 맞고 왔는데 많이 아프냐 - dc official App,ㅇㅇ 2022.03.24 18:37:52 스크랩 조회 92 추천 0 댓글 2,0,92,2022.03.24 18:37:52,https://gall.dcinside.com/mini/board/view/?id=bmhs&no=1012&page=15
15,1011,[일반],나는 오늘 깨달았다,평범한 사람보다 못한다는것을... - dc official App,PHILIPS 2022.03.24 17:54:19 스크랩 조회 128 추천 0 댓글 1,0,128,2022.03.24 17:54:19,https://gall.dcinside.com/mini/board/view/?id=bmhs&no=1011&page=15
15,1009,[일반],걔는 어케 된거임,등신짓하다가 자기는 다크나이트라고 했었던애,ㅇㅇ (223.39) 2022.03.23 21:52:30 스크랩 조회 191 추천 0 댓글 3,0,191,2022.03.23 21:52:30,https://gall.dcinside.com/mini/board/view/?id=bmhs&no=1009&page=15
15,1007,[일반],오늘 6교시에 끝나네,,계란밥된장국 2022.03.23 09:37:25 스크랩 조회 101 추천 0 댓글 0,0,101,2022.03.23 09:37:25,https://gall.dcinside.com/mini/board/view/?id=bmhs&no=1007&page=15
15,1005,[일반],나도 온클시켜줘 응애,아침일찍 일어나기 싫어 수업들으면서 밥먹을레후,ㅇㅇ (125.186) 2022.03.22 23:36:18 스크랩 조회 109 추천 1 댓글 1,1,109,2022.03.22 23:36:18,https://gall.dcinside.com/mini/board/view/?id=bmhs&no=1005&page=15
15,1003,[일반],내년에 군대가게생겼네 ㅅㅂ,통일될줄알았는데,ㅇㅇㅇ (211.36) 2022.03.21 17:59:38 스크랩 조회 128 추천 3 댓글 1,3,128,2022.03.21 17:59:38,https://gall.dcinside.com/mini/board/view/?id=bmhs&no=1003&page=15
15,1002,[일반],마라 여왕님을 좋아하시다니,저도 마라 여왕님 좋아합니다 같은 각성자끼리 친하게 지내봅시다,ㅇㅇ (125.186) 2022.03.21 17:58:22 스크랩 조회 129 추천 0 댓글 2,0,129,2022.03.21 17:58:22,https://gall.dcinside.com/mini/board/view/?id=bmhs&no=1002&page=15
15,1001,[일반],야동 보지 마라,셋다 내가 좋아하는거임 ㅇㅇ,ㅇㅇ (61.108) 2022.03.21 17:52:40 스크랩 조회 205 추천 4 댓글 2,4,205,2022.03.21 17:52:40,https://gall.dcinside.com/mini/board/view/?id=bmhs&no=1001&page=15
15,998,[일반],플랜 A를 시행한다,"코로나 보균자는 모두 등교하여 노마스크로 코로나를 퍼뜨리도록. ​"" Rememder , No Russian.""",ㅇㅇ (125.186) 2022.03.21 02:11:52 스크랩 조회 122 추천 0 댓글 2,0,122,2022.03.21 02:11:52,https://gall.dcinside.com/mini/board/view/?id=bmhs&no=998&page=15
15,997,[일반],학교가기 싫다.,오래된 생각이다,ㅇㅇ (61.108) 2022.03.20 20:22:39 스크랩 조회 171 추천 0 댓글 2,0,171,2022.03.20 20:22:39,https://gall.dcinside.com/mini/board/view/?id=bmhs&no=997&page=15
15,994,[일반],백신 맞아씁니다..,봉명고 급식안먹고 맥도날드 먹으니까 좋노 ㅋㅋ - dc official App,PHILIPS 2022.03.17 23:49:39 스크랩 조회 136 추천 1 댓글 2,1,136,2022.03.17 23:49:39,https://gall.dcinside.com/mini/board/view/?id=bmhs&no=994&page=15
15,992,[일반],코로나 바이러스 60만대 입갤ㅋㅋ,온클 언제냐고,계란밥된장국 2022.03.17 11:38:24 스크랩 조회 126 추천 0 댓글 1,0,126,2022.03.17 11:38:24,https://gall.dcinside.com/mini/board/view/?id=bmhs&no=992&page=15
15,991,[일반],지금 본인이 확진자 존나 나와서 온클하길 기다리면 개추ㅋㅋ,일단 나부터,ㅇㅇ (125.186) 2022.03.17 07:08:44 스크랩 조회 188 추천 9 댓글 1,9,188,2022.03.17 07:08:44,https://gall.dcinside.com/mini/board/view/?id=bmhs&no=991&page=15
15,990,[일반],이 친구랑손절해야될까요..,올해 같이 입학한친구랑 같은반은 됬는데.. 이 친구가 너무 짜증나요 17년 모쏠이면서 무슨 여자랑 접점하나 생기면 은근슬쩍 계속 자랑하고 계속 급식줄 설때에도 뭔 포켓몬이니 마인크래프트니 유희왕이니 수준낮은것만 말해서 쪽팔리고 반에서 좀 노는 여자애얘기가 나오면 쟤 옛날에 지랑 친했다고 자랑?하고 같은학년 여자들반 근처 지나가면 막 친하지도 않은 잘나가는 남자애들 이름 말하면서 너무... 짜증나는데 손절해야될까요.. 일..-4... - dc official App,ㅇㅇ (106.101) 2022.03.16 19:59:47 스크랩 조회 399 추천 6 댓글 6,6,399,2022.03.16 19:59:47,https://gall.dcinside.com/mini/board/view/?id=bmhs&no=990&page=15
15,989,[일반],동아리부원들 ㅈㄴ 어색하면 개추,일단 나부터 ㅅㅂ 아는사람 한명도 없어,ㅇㅇ (61.108) 2022.03.16 15:11:41 스크랩 조회 246 추천 8 댓글 1,8,246,2022.03.16 15:11:41,https://gall.dcinside.com/mini/board/view/?id=bmhs&no=989&page=15
15,987,[일반],반갑습니다 최고의 물리만점전문가,이자 커뮤 분탕충인 배기범입니다 물2는 돈이 안되서 실모 안할거에요,ㅇㅇ (182.211) 2022.03.15 20:09:36 스크랩 조회 124 추천 1 댓글 1,1,124,2022.03.15 20:09:36,https://gall.dcinside.com/mini/board/view/?id=bmhs&no=987&page=15
15,984,[일반],봉붕이 pcr줄 이거 맞나??,5시에 샷다 내린다는데 어캄,계란밥된장국 2022.03.13 15:52:01 스크랩 조회 175 추천 0 댓글 4,0,175,2022.03.13 15:52:01,https://gall.dcinside.com/mini/board/view/?id=bmhs&no=984&page=15
15,983,[일반],게이야,,계란밥된장국 2022.03.13 14:11:16 스크랩 조회 118 추천 0 댓글 1,0,118,2022.03.13 14:11:16,https://gall.dcinside.com/mini/board/view/?id=bmhs&no=983&page=15
15,980,[일반],"1,2학년은 왜 온클안함",ㄹㅇ,fdzz (211.36) 2022.03.12 09:54:04 스크랩 조회 137 추천 0 댓글 2,0,137,2022.03.12 09:54:04,https://gall.dcinside.com/mini/board/view/?id=bmhs&no=980&page=15
15,979,[일반],지금 기상하는 고3이면 개추 ㅋㅋ,CEX - dc official App,PHILIPS 2022.03.11 12:39:20 스크랩 조회 116 추천 2 댓글 1,2,116,2022.03.11 12:39:20,https://gall.dcinside.com/mini/board/view/?id=bmhs&no=979&page=15
15,978,[일반],파딱님 만화 그려주세요,뒤지기 싫으면,계란밥된장국 2022.03.10 19:26:17 스크랩 조회 101 추천 1 댓글 0,1,101,2022.03.10 19:26:17,https://gall.dcinside.com/mini/board/view/?id=bmhs&no=978&page=15
15,975,[일반],온클하는 봉갤 게이들에게 윤석렬 각하의 당선을 축하하며,니들 군대갈 땐 돈 낭낭하게 받으면서 선진병영에서 국방의 의무를 지게 될거다 게이들아 어둠의 국힘 심상정 만세~,ㅇㅇ (112.72) 2022.03.10 17:15:59 스크랩 조회 111 추천 1 댓글 1,1,111,2022.03.10 17:15:59,https://gall.dcinside.com/mini/board/view/?id=bmhs&no=975&page=15
15,973,[일반],와...사전투표 주작질 ㄹㅇ 끔찍하네,하지만 해병대에 입대하지 않은 당신의 인생보다 끔찍하지는 않겠죠 여기 해병대 홈페이지 링크를 표시해 드리겠습니다. 라이라이 차차차! https://www.rokmc.mil.kr:10005/m/index.do https://youtu.be/1WYl8bYZj2E 귀신잡는 용사 해병 바다의 사나이 젊은 피가 끓는 정열 어느 누가 막으랴 라이 라이 라이 라이 차 차 차 라이 라이 라이 라이 차 차 차 ​ 사랑에는 약한 해병 바다의 사나이 꿈속에서 보는 처녀 나는 너를 좋아해 오늘은 어느 곳에 훈련을 받고 휴가는 어느날짜 기다려보나 우리는 해병대 ROKMC(republic of korea marine corps) 헤이 빠빠리빠 헤이 빠빠리빠 싸워서 이기고 지면은 죽어라 헤이 빠빠리빠 헤이 빠빠리빠,ㅇㅇ (182.211) 2022.03.08 23:20:38 스크랩 조회 165 추천 0 댓글 4,0,165,2022.03.08 23:20:38,https://gall.dcinside.com/mini/board/view/?id=bmhs&no=973&page=15
15,972,[일반],내일부터 생활패턴 다시 망가질 예정 ㅋ,시발 - dc official App,PHILIPS 2022.03.08 21:54:38 스크랩 조회 108 추천 0 댓글 2,0,108,2022.03.08 21:54:38,https://gall.dcinside.com/mini/board/view/?id=bmhs&no=972&page=15
15,971,[일반],지1특,풀땐 싱글벙글 채점할땐 엉엉,ㅇㅇ (182.211) 2022.03.08 18:29:35 스크랩 조회 117 추천 0 댓글 1,0,117,2022.03.08 18:29:35,https://gall.dcinside.com/mini/board/view/?id=bmhs&no=971&page=15
15,970,[일반],진짜 온클 왜함,이미 코로나 걸려서 집에서 쉬는데 온클하면 수업들어야되네;; 진작에 온클로 전환하던가 애매하게 바꿔서 확진자 더 만들었누 싯팔 - dc official App,간장계란밥 2022.03.08 15:31:45 스크랩 조회 136 추천 0 댓글 2,0,136,2022.03.08 15:31:45,https://gall.dcinside.com/mini/board/view/?id=bmhs&no=970&page=15
15,969,[일반],칼로 니 친정 엄마 씹구멍 찢으면 이 씨발련아 칼로 쑤셔가지고.. 칼로,칼로 니 친정 엄마 씹구멍 찢으면 이 씨발련아 칼로 쑤셔가지고.. 칼로 니 친정 엄마 씹구멍 찢으면 이 씨발련아 칼로 쑤셔가지고.. 칼로 니 친정 엄마 씹구멍 찢으면 이 씨발련아 칼로 쑤셔가지고.. 칼로 니 친정 엄마 씹구멍 찢으면 이 씨발련아 칼로 쑤셔가지고.. 칼로 니 친정 엄마 씹구멍 찢으면 이 씨발련아 칼로 쑤셔가지고.. 칼로 니 친정 엄마 씹구멍,ㅇㅇ (61.108) 2022.03.08 10:19:07 스크랩 조회 450 추천 4 댓글 3,4,450,2022.03.08 10:19:07,https://gall.dcinside.com/mini/board/view/?id=bmhs&no=969&page=15
15,967,[일반],반에 3/1이 없는데 온클 안하냐ㅋㅋㅋ,난 모르겠다~,ㅇㅇ (61.108) 2022.03.08 08:24:15 스크랩 조회 114 추천 0 댓글 0,0,114,2022.03.08 08:24:15,https://gall.dcinside.com/mini/board/view/?id=bmhs&no=967&page=15
15,966,[일반],온클 안하냐?,확진자 존나많은거같은데,ㅇㅇ (211.36) 2022.03.08 08:10:35 스크랩 조회 94 추천 0 댓글 0,0,94,2022.03.08 08:10:35,https://gall.dcinside.com/mini/board/view/?id=bmhs&no=966&page=15
15,965,[일반],covid19 걸렸읍니다,열이 안내리네요,봉명고2021화이팅 2022.03.08 07:44:54 스크랩 조회 122 추천 0 댓글 1,0,122,2022.03.08 07:44:54,https://gall.dcinside.com/mini/board/view/?id=bmhs&no=965&page=15
15,962,[일반],인강 조금만 들어도 눈아프고 머리 지끈거리는데,ㅅㅂ 인강 1시간들으면 책으로 5시간 공부한 느낌인데 머지 내 몸뚱아리가 병신인건가 ㅠㅠ 해결책좀 봉붕이들아 고3이라서 인강 안들을수도없고 애미 하 - dc official App,PHILIPS 2022.03.06 21:16:33 스크랩 조회 126 추천 0 댓글 6,0,126,2022.03.06 21:16:33,https://gall.dcinside.com/mini/board/view/?id=bmhs&no=962&page=15
15,961,[일반],1붕이 학사입갤 ㅋㅋ,학교입학전부터 갤러리 정독했음 ㄹㅇ 파딱님들 안아줘요,ㅇㅇ (61.108) 2022.03.06 19:40:40 스크랩 조회 141 추천 0 댓글 3,0,141,2022.03.06 19:40:40,https://gall.dcinside.com/mini/board/view/?id=bmhs&no=961&page=15
15,958,[일반],확진자 존나많더라,우리학교 내가아는사람중에 4명 확진이래 ㅋㅋㅋㅋㅋㅋㅋㅋㅋ 수학여행 가고싶은데,ㅇㅇ (61.108) 2022.03.02 19:55:08 스크랩 조회 139 추천 1 댓글 2,1,139,2022.03.02 19:55:08,https://gall.dcinside.com/mini/board/view/?id=bmhs&no=958&page=15
15,957,[일반],봉붕이 이거 코로나냐.....?,열이 안내려가......키트는 음성인데,ㅇㅇ (211.36) 2022.03.02 17:08:32 스크랩 조회 121 추천 0 댓글 1,0,121,2022.03.02 17:08:32,https://gall.dcinside.com/mini/board/view/?id=bmhs&no=957&page=15
15,955,[일반],이번에 대학 들어가는데,안녕 얘들아 이번에 컴공과 입학하는 찐따인데 공부 겸 어플좀 만들어봤어 시간내서 한번씩 좀 해봐주겠니.. 개선점같은거 댓글로 말해주면 더 좋고 고마워..ㅠ https://play.google.com/store/apps/details?id=kim.dae1212.imagegame0216,익명 (77.111) 2022.03.02 00:28:26 스크랩 조회 165 추천 2 댓글 5,2,165,2022.03.02 00:28:26,https://gall.dcinside.com/mini/board/view/?id=bmhs&no=955&page=15
15,953,[일반],우리 학교는 왜 아무말도 없냐,단축인가? 아니면 격주? 흥덕고처럼 오전수업하고 집가서 온클은 아니겠지?,ㅇㅇ (125.186) 2022.03.01 02:57:40 스크랩 조회 160 추천 0 댓글 3,0,160,2022.03.01 02:57:40,https://gall.dcinside.com/mini/board/view/?id=bmhs&no=953&page=15
16,952,[일반],단축함?,ㅈㄱㄴ,ㅇㅇ (122.37) 2022.02.27 04:50:29 스크랩 조회 90 추천 0 댓글 0,0,90,2022.02.27 04:50:29,https://gall.dcinside.com/mini/board/view/?id=bmhs&no=952&page=16
16,951,[일반],좆좆소 시즌4 마지막화네,빠니보틀 감독으로 다시 돌아와라 근데 시즌5는 좀 잘만들어라 ㅅㅂ 감독바뀌니까 ㅈ노잼으로 만드네 - dc official App,PHILIPS 2022.02.24 23:30:17 스크랩 조회 138 추천 1 댓글 1,1,138,2022.02.24 23:30:17,https://gall.dcinside.com/mini/board/view/?id=bmhs&no=951&page=16
16,950,[일반],당신이 하는 타르코프 러시아의 미사일로 대체되었다,빨리 스토커를 사서 우크라이나 독립에 도움이되도록,ㅇㅇ (125.186) 2022.02.24 21:04:25 스크랩 조회 99 추천 0 댓글 0,0,99,2022.02.24 21:04:25,https://gall.dcinside.com/mini/board/view/?id=bmhs&no=950&page=16
16,949,[일반],우크라이나-러시아 전쟁 꿀잼이면 개추 ㅋㅋㅋㅋㅋ,ㅋㅋ 나만아니면돼~,ㅇㅇ (61.108) 2022.02.24 14:47:41 스크랩 조회 120 추천 0 댓글 4,0,120,2022.02.24 14:47:41,https://gall.dcinside.com/mini/board/view/?id=bmhs&no=949&page=16
16,948,[일반],학사도시락이 급식보다 오조오억배 나은거같음,ㄹㅇ,ㅇㅇ (61.108) 2022.02.21 17:33:14 스크랩 조회 156 추천 2 댓글 3,2,156,2022.02.21 17:33:14,https://gall.dcinside.com/mini/board/view/?id=bmhs&no=948&page=16
16,946,[일반],내일 주술회전0 입갤 ㅋㅋ,ㅋㅋ cex~ - dc official App,PHILIPS 2022.02.16 20:12:10 스크랩 조회 120 추천 0 댓글 1,0,120,2022.02.16 20:12:10,https://gall.dcinside.com/mini/board/view/?id=bmhs&no=946&page=16
16,945,[일반],이 표지면 수능때 물2선택하냐?,난 ㅆㄱㄴ,ㅇㅇ (211.36) 2022.02.16 19:46:27 스크랩 조회 132 추천 2 댓글 2,2,132,2022.02.16 19:46:27,https://gall.dcinside.com/mini/board/view/?id=bmhs&no=945&page=16
16,944,[일반],의외로 목욕탕에서 하면 안 되는 것,코딩,ㅇㅇ (182.211) 2022.02.16 19:25:58 스크랩 조회 144 추천 0 댓글 1,0,144,2022.02.16 19:25:58,https://gall.dcinside.com/mini/board/view/?id=bmhs&no=944&page=16
16,943,[일반],반배정 개망했으면 개추 ㅋㅋ,개시발 좆같네 애미뒤진 반배정 - dc official App,PHILIPS 2022.02.16 01:54:42 스크랩 조회 185 추천 3 댓글 3,3,185,2022.02.16 01:54:42,https://gall.dcinside.com/mini/board/view/?id=bmhs&no=943&page=16
16,942,[일반],스크린샷,이왜진?,ㅇㅇ (115.20) 2022.02.13 14:08:12 스크랩 조회 122 추천 1 댓글 1,1,122,2022.02.13 14:08:12,https://gall.dcinside.com/mini/board/view/?id=bmhs&no=942&page=16
16,941,[일반],물2 필수본 샀다.,내가 누구? '봉명고 씹실수 물2러' 물2 3월모고 2등급 안쪽 나오도록 개추 벅벅 눌러줘라,ㅇㅇ (61.108) 2022.02.10 23:33:49 스크랩 조회 137 추천 3 댓글 1,3,137,2022.02.10 23:33:49,https://gall.dcinside.com/mini/board/view/?id=bmhs&no=941&page=16
16,940,[일반],뱅기견들 다죽이고 싶으면 개추 ㅋㅋㅋ,일단 나부터,ㅇㅇ (125.186) 2022.02.10 23:04:19 스크랩 조회 113 추천 0 댓글 2,0,113,2022.02.10 23:04:19,https://gall.dcinside.com/mini/board/view/?id=bmhs&no=940&page=16
16,939,[일반],별풍선 쏜새끼 누구냐ㅋㄲㅋㅋㅋㅋ,진짜 미친놈이네ㅋㅋㅋㅋ,ㅇㅇ (61.108) 2022.02.09 11:29:18 스크랩 조회 228 추천 2 댓글 2,2,228,2022.02.09 11:29:18,https://gall.dcinside.com/mini/board/view/?id=bmhs&no=939&page=16
16,938,[일반],2월 7일 급식,,계란밥된장국 2022.02.06 19:11:19 스크랩 조회 130 추천 1 댓글 2,1,130,2022.02.06 19:11:19,https://gall.dcinside.com/mini/board/view/?id=bmhs&no=938&page=16
16,937,[일반],2월 7일 등교 2월 9일 등교 모두 정상수업,수업안하니 핸드폰 충전기 or 보조 배터리 챙길것,ㅇㅇ (125.186) 2022.02.06 19:08:25 스크랩 조회 122 추천 0 댓글 2,0,122,2022.02.06 19:08:25,https://gall.dcinside.com/mini/board/view/?id=bmhs&no=937&page=16
16,935,[일반],봉명고 게이클럽있나요?,제발,ㅇㅇ (106.102) 2022.02.04 16:05:48 스크랩 조회 221 추천 2 댓글 2,2,221,2022.02.04 16:05:48,https://gall.dcinside.com/mini/board/view/?id=bmhs&no=935&page=16
16,932,[일반],봉명고 매점 있나요>,봉명고 매점 있나요?,봉붕게이 (112.150) 2022.02.02 23:42:59 스크랩 조회 279 추천 0 댓글 2,0,279,2022.02.02 23:42:59,https://gall.dcinside.com/mini/board/view/?id=bmhs&no=932&page=16
16,931,[일반],봉명고 합반인가요?,봉명고 합반임?,봉붕게이 (112.150) 2022.02.02 23:36:34 스크랩 조회 857 추천 1 댓글 3,1,857,2022.02.02 23:36:34,https://gall.dcinside.com/mini/board/view/?id=bmhs&no=931&page=16
16,929,[일반],Eo25님 내일 학교가세요~,,ㅇㅇ (106.102) 2022.02.02 09:43:18 스크랩 조회 152 추천 2 댓글 3,2,152,2022.02.02 09:43:18,https://gall.dcinside.com/mini/board/view/?id=bmhs&no=929&page=16
16,926,[일반],개학 해봐 병신들아,자살 하면 그만이야~,ㅇㅇ (182.211) 2022.01.30 12:05:26 스크랩 조회 274 추천 5 댓글 1,5,274,2022.01.30 12:05:26,https://gall.dcinside.com/mini/board/view/?id=bmhs&no=926&page=16
16,925,[일반],개학이 언제노?,ㅈㄱㄴ - dc official App,ㅇㅇ 2022.01.30 04:38:09 스크랩 조회 133 추천 1 댓글 1,1,133,2022.01.30 04:38:09,https://gall.dcinside.com/mini/board/view/?id=bmhs&no=925&page=16
16,923,[일반],ㅋㅋㅋㅋㅋㅋㅋㅋㅋㅋ앸ㅋㅋㅋㅋㅋ밐ㅋㅋㅋㅋㅋㅋ,개학ㅋㅋㅋㅋㅋㅋㅋㅋㅋㅋ1주돜ㅋㅋㅋㅋㅋㅋㅌ안남아ㅛ닼ㅋㅋㅋㅌㅋ,ㅇㅇ (182.211) 2022.01.29 13:41:15 스크랩 조회 111 추천 0 댓글 1,0,111,2022.01.29 13:41:15,https://gall.dcinside.com/mini/board/view/?id=bmhs&no=923&page=16
16,921,[일반],야자시간에,폰 못해여? 패드는요??,ㅇㅇ (124.63) 2022.01.26 12:01:39 스크랩 조회 135 추천 0 댓글 6,0,135,2022.01.26 12:01:39,https://gall.dcinside.com/mini/board/view/?id=bmhs&no=921&page=16
16,920,[일반],신입생들 어서오고,웰컴투더 뭉탱이월드 - dc official App,PHILIPS 2022.01.24 23:39:11 스크랩 조회 178 추천 1 댓글 3,1,178,2022.01.24 23:39:11,https://gall.dcinside.com/mini/board/view/?id=bmhs&no=920&page=16
16,919,[일반],지옥안가는 법 알려줄게 (매우 쉬움),"성경은 사실이며 성경의 수많은 예언은 성취되었습니다. 성경에 따르면 모든 인간은 죄인(시기, 거짓말, 음욕 등등)이며 지옥에 갈 운명입니다. 지옥에 가면 영원의 시간동안 고통스러워 하며 불에 타야합니다.하나님께서 인간의 몸으로 오신 주 예수 그리스도는 인간의 모든 죄의 죄값을 대신하여 십자가에 못박혀 피흘리며 돌아가셨고 땅에 묻히셨다가 3일 만에 여호와 하나님께서 부활시키셨습니다. 이러한 사실을 마음 속으로 '진심으로' 믿으면 즉시 구원을 받고 천국을 갑니다. 구원은 취소되지 않으며 구원을 받고 죄를 지어도 지옥에 가지 않습니다. 왜냐하면 예수님께서는 인류가 앞으로 지을 죄도 짊어지셨기 때문이죠. 다만 구원받은 후 죄악 속에 빠져 살면 하나님께서 현생에 징계를 내리십니다. 요한복음 3:16 하나님께서 세상을 이처럼 사랑하셔서 그의 독생자를 주셨으니, 이는 그를 믿는 사람은 누구든지 멸망하지 않고 영생을 얻게 하려 하심이니라. 로마서 10:9 네가 네 입으로 주 예수를 시인하고 또 하나님께서 그를 죽은 자들로부터 살리신 것을 네 마음에 믿으면 구원을 받으리라. 로마서 4:5 행함이 없어도 불경건한 자를 의롭다 하시는 그분을 믿는 사람에게는 그의 믿음이 의로 여겨지느니라. 지금 당장 기도문의 내용을 '진심으로' 믿고 기도문대로 기도해 구원받아 천국가세요. 위대하시고 거룩하신 하나님 아버지, 예수님께서 인간을 구원하기 위해 육신의 몸으로 오신 하나님이신 사실을 믿습니다. 저는 죄인이며 죽은 뒤 지옥에 가야 할 운명이지만 주 예수 그리스도께서 저의 모든 죄를 대신해 십자가에 못박혀 피흘리시며 돌아가시고 땅에 묻히시고 3일 만에 하나님께서 부활시키신 사실을 믿습니다. 저의 모든 죄를 용서하여 주시옵고 저를 구원해주세요. 저를 구원해주셔서 정말 감사드립니다. 주 예수 그리스도의 이름으로 기도드립니다. 아멘. 목사님은 유튜브에 김경환 목사님 검색하세요.(수익 창출 안하십니다.) - dc official App",ㅇㅇ (106.101) 2022.01.22 06:14:44 스크랩 조회 180 추천 0 댓글 4,0,180,2022.01.22 06:14:44,https://gall.dcinside.com/mini/board/view/?id=bmhs&no=919&page=16
16,918,[일반],어이 봉명고 아쎄이들,흘러빠진티 내지말고 원위치! 참고로 아쎄이는 아싸 쎅시한 이번년도 신입생이라는 뜻이다 아쎄이!,ㅇㅇ (211.36) 2022.01.20 21:31:28 스크랩 조회 311 추천 8 댓글 2,8,311,2022.01.20 21:31:28,https://gall.dcinside.com/mini/board/view/?id=bmhs&no=918&page=16
16,917,[일반],봉명고 신입생,봉명고 신입생인데 메신저백 되나요? 크로스로 매는 가방이요,봉고갤 (58.121) 2022.01.20 16:25:07 스크랩 조회 230 추천 1 댓글 2,1,230,2022.01.20 16:25:07,https://gall.dcinside.com/mini/board/view/?id=bmhs&no=917&page=16
16,916,[일반],나랑 맞짱 뜨자,.,봉명준우 2022.01.20 16:05:58 스크랩 조회 246 추천 0 댓글 2,0,246,2022.01.20 16:05:58,https://gall.dcinside.com/mini/board/view/?id=bmhs&no=916&page=16
16,915,[일반],준우 조심하세요 우리학교 짱입니다,;;,봉명사랑해요 2022.01.20 15:57:09 스크랩 조회 507 추천 10 댓글 7,10,507,2022.01.20 15:57:09,https://gall.dcinside.com/mini/board/view/?id=bmhs&no=915&page=16
16,913,[일반],봉명애들아 사랑해,봉명!봉명,봉명사랑해요 2022.01.20 15:55:52 스크랩 조회 133 추천 1 댓글 1,1,133,2022.01.20 15:55:52,https://gall.dcinside.com/mini/board/view/?id=bmhs&no=913&page=16
16,912,[일반],봉명고 신입생인데,여기 합반인가요? 그리고 제가 좀 멀리살아서 그러는데 봉고처 있나요?,ㅇㅇ (124.63) 2022.01.20 14:15:03 스크랩 조회 290 추천 0 댓글 7,0,290,2022.01.20 14:15:03,https://gall.dcinside.com/mini/board/view/?id=bmhs&no=912&page=16
16,911,[일반],전남대 지거국 아닙니다,해외명문대입니다,ㅇㅇ (115.20) 2022.01.14 20:47:57 스크랩 조회 159 추천 1 댓글 1,1,159,2022.01.14 20:47:57,https://gall.dcinside.com/mini/board/view/?id=bmhs&no=911&page=16
16,910,[일반],야옹한봉지),봉지에 담았데,계란밥된장국 2022.01.14 05:25:11 스크랩 조회 169 추천 2 댓글 4,2,169,2022.01.14 05:25:11,https://gall.dcinside.com/mini/board/view/?id=bmhs&no=910&page=16
16,909,[일반],봉붕이 안경작살,비싼거라 그런지 나사만 빠지네 - dc official App,ㅇㅇ (39.124) 2022.01.12 23:33:20 스크랩 조회 154 추천 0 댓글 3,0,154,2022.01.12 23:33:20,https://gall.dcinside.com/mini/board/view/?id=bmhs&no=909&page=16
16,908,[일반],우진이 옛날엔 사진빨 존나못받았었음 ㄹㅇ,요샌좀낫긴한데 ㅋㅋ,ㅇㅇ (182.211) 2022.01.11 12:29:44 스크랩 조회 182 추천 1 댓글 2,1,182,2022.01.11 12:29:44,https://gall.dcinside.com/mini/board/view/?id=bmhs&no=908&page=16
16,907,[일반],여기 글젠 왜 안됨,방학이라고 현생을 살러간건가 - dc official App,간장계란밥 2022.01.10 15:39:42 스크랩 조회 131 추천 0 댓글 5,0,131,2022.01.10 15:39:42,https://gall.dcinside.com/mini/board/view/?id=bmhs&no=907&page=16
16,906,[일반],문과특) 국어 이과보다 못봄,이미 명백히 증명된 팩트,ㅇㅇ (211.36) 2022.01.08 15:12:34 스크랩 조회 181 추천 0 댓글 3,0,181,2022.01.08 15:12:34,https://gall.dcinside.com/mini/board/view/?id=bmhs&no=906&page=16
16,904,[일반],봉붕이들아 도와줘,"이제 2학연 되는 봉붕인데 2 학년때 국어 뭐배움? 국어1,2 이런거 배우냐? - dc official App",봉붕1 (58.77) 2022.01.06 22:30:17 스크랩 조회 165 추천 0 댓글 4,0,165,2022.01.06 22:30:17,https://gall.dcinside.com/mini/board/view/?id=bmhs&no=904&page=16
16,903,[일반],아아! 개씹썅똥꾸릉내 나던 봉명 급식의 아련한 추억이여!!,이제 더이상 먹을일 없네 .......ㅎㅎ,ㅇㅇ (115.20) 2022.01.05 15:34:11 스크랩 조회 168 추천 2 댓글 3,2,168,2022.01.05 15:34:11,https://gall.dcinside.com/mini/board/view/?id=bmhs&no=903&page=16
16,900,[일반],1년 더 열심히해~,우리는 탈겔할께~ 열심히 살어가 - dc official App,ㅇㅇ (61.108) 2022.01.03 09:27:15 스크랩 조회 166 추천 2 댓글 10,2,166,2022.01.03 09:27:15,https://gall.dcinside.com/mini/board/view/?id=bmhs&no=900&page=16
16,898,[일반],1/3일 월요일,몇시에 끝나냐,ㅇㅇ (58.77) 2022.01.02 23:52:49 스크랩 조회 103 추천 1 댓글 1,1,103,2022.01.02 23:52:49,https://gall.dcinside.com/mini/board/view/?id=bmhs&no=898&page=16
16,896,[일반],"봉명고 1,2,3지망에 쓸 의향이 있는분들에게","""어이...어이... 자넨 자기손으로 지옥에 가고싶나??ㅋㅋ"" ""여기는 80퍼센트가 강제로 온 사람들이다.."" - dc official App",PHILIPS 2022.01.01 21:19:07 스크랩 조회 292 추천 4 댓글 4,4,292,2022.01.01 21:19:07,https://gall.dcinside.com/mini/board/view/?id=bmhs&no=896&page=16
16,894,[일반],2021 수고 했고 2022 힘내라,- dc official App,ㅇㅇ (39.124) 2022.01.01 01:12:55 스크랩 조회 108 추천 1 댓글 0,1,108,2022.01.01 01:12:55,https://gall.dcinside.com/mini/board/view/?id=bmhs&no=894&page=16
16,893,[일반],봉붕이들 새해복많이받아라,ㅇㅇ,ㅇㅇ (182.211) 2022.01.01 00:09:00 스크랩 조회 103 추천 3 댓글 1,3,103,2022.01.01 00:09:00,https://gall.dcinside.com/mini/board/view/?id=bmhs&no=893&page=16
16,892,[일반],재수해서 한의대 가고싶은데 개같이 멸망해서,포기했다 난 쫄보다(설득당함) 게이들아 너넨 끝까지 꿈을 쟁취하기 위해 노력해라,ㅇㅇ (112.72) 2021.12.31 17:51:10 스크랩 조회 160 추천 1 댓글 3,1,160,2021.12.31 17:51:10,https://gall.dcinside.com/mini/board/view/?id=bmhs&no=892&page=16
16,890,[일반],구강성교수간장면,ㅋㅋ,ㅇㅇ (61.108) 2021.12.30 07:08:09 스크랩 조회 151 추천 0 댓글 1,0,151,2021.12.30 07:08:09,https://gall.dcinside.com/mini/board/view/?id=bmhs&no=890&page=16
16,886,[일반],오늘 한일,반에서 쳐잠 점심 먹음 반에서 쳐잠,ㅇㅇ (125.186) 2021.12.28 16:55:11 스크랩 조회 122 추천 2 댓글 2,2,122,2021.12.28 16:55:11,https://gall.dcinside.com/mini/board/view/?id=bmhs&no=886&page=16
16,882,[일반],예비 고2 기하 수1 물리 신청했는데,문제집or개념서 뭐사야 할까요 수학 고자라 쉬운걸로 추천부탁드립니다..,ㅇㅇ (211.36) 2021.12.25 15:36:37 스크랩 조회 173 추천 0 댓글 8,0,173,2021.12.25 15:36:37,https://gall.dcinside.com/mini/board/view/?id=bmhs&no=882&page=16
16,881,[일반],봉붕이들 메리크리스마스,여자는 못만나도 좋은하루보내,ㅇㅇ (182.211) 2021.12.25 06:05:04 스크랩 조회 112 추천 1 댓글 1,1,112,2021.12.25 06:05:04,https://gall.dcinside.com/mini/board/view/?id=bmhs&no=881&page=16
16,880,[일반],봉갤 3학년 귀하다,ㅇㅇ 할 게 존나없어서 한번 들와봄,ㅇㅇ (112.72) 2021.12.24 15:13:45 스크랩 조회 151 추천 1 댓글 3,1,151,2021.12.24 15:13:45,https://gall.dcinside.com/mini/board/view/?id=bmhs&no=880&page=16
17,878,[일반],시험,오늘만 수고하자 봉붕이들 힘내라 - dc official App,ㅇㅇ (39.124) 2021.12.24 03:05:48 스크랩 조회 175 추천 5 댓글 0,5,175,2021.12.24 03:05:48,https://gall.dcinside.com/mini/board/view/?id=bmhs&no=878&page=17
17,876,[일반],시험 이틀남았다,원래 지금쯤 생기부쓰고있어야하는데 선생하나때문에 무슨짓이냐 이게,ㅇㅇ (61.108) 2021.12.23 01:00:32 스크랩 조회 117 추천 1 댓글 2,1,117,2021.12.23 01:00:32,https://gall.dcinside.com/mini/board/view/?id=bmhs&no=876&page=17
17,875,[일반],봉갤은,이제 2학년 찐따들 놀이터 다 됐네 아님말고,ㅇㅇ (223.39) 2021.12.22 23:38:05 스크랩 조회 278 추천 9 댓글 12,9,278,2021.12.22 23:38:05,https://gall.dcinside.com/mini/board/view/?id=bmhs&no=875&page=17
17,873,[일반],이번 언매 정답,아,계란밥된장국 2021.12.22 12:48:05 스크랩 조회 142 추천 0 댓글 2,0,142,2021.12.22 12:48:05,https://gall.dcinside.com/mini/board/view/?id=bmhs&no=873&page=17
17,872,[일반],수학문제 ㅇㅁ없다고 생각하면 개추 ㅋㅋ,시발 - dc official App,PHILIPS 2021.12.21 13:44:40 스크랩 조회 259 추천 5 댓글 2,5,259,2021.12.21 13:44:40,https://gall.dcinside.com/mini/board/view/?id=bmhs&no=872&page=17
17,869,[일반],오늘 영어 뒤지게어렵더라,풀라고낸거맞냐;; 첫장 2개틀림,영어시발 (211.36) 2021.12.20 20:23:36 스크랩 조회 136 추천 0 댓글 1,0,136,2021.12.20 20:23:36,https://gall.dcinside.com/mini/board/view/?id=bmhs&no=869&page=17
17,866,[일반],어,느새부터힙합은안멋져,ㅇㅇ (61.108) 2021.12.19 10:35:00 스크랩 조회 113 추천 1 댓글 2,1,113,2021.12.19 10:35:00,https://gall.dcinside.com/mini/board/view/?id=bmhs&no=866&page=17
17,865,[일반],애플펜슬 필요하나,요즘 씹게이들이 에어4에 애플펜슬쓰고 다녀서 나도 맘먹고 에어4는 아니고 9세대 샀는데 애플펜슬도 필요하나? ㅈ같은 버러지 펜슬이 10만원이나하네 - dc official App,PHILIPS 2021.12.18 22:58:36 스크랩 조회 153 추천 0 댓글 2,0,153,2021.12.18 22:58:36,https://gall.dcinside.com/mini/board/view/?id=bmhs&no=865&page=17
17,864,[일반],아니 수능문제에 욕나와도 되노?,대놓고 욕나오는건 첨보노 ㄷㄷ 그것도 현대시에서 - dc official App,ㅇㅇ (223.39) 2021.12.18 17:20:22 스크랩 조회 166 추천 0 댓글 2,0,166,2021.12.18 17:20:22,https://gall.dcinside.com/mini/board/view/?id=bmhs&no=864&page=17
17,863,[일반],원소들의 산화수 <- 너무 꼴리지않냐?,"수소 & 금속 이 새끼들은 원자가 전자가 1~3개뿐인 좇그지흙수저 원소들임 ㅋㅋ 전기 음성도도 다들 존나 낮은편이라서 공유결합, 이온결합 시 무조건 전자 뺏기는, 산소&할로젠 원소한테 전자 다 퍼주는 퐁퐁원소임 ㅋㅋㅋㅋㅋㅋㅋㅋ 반응 시 무조건 산화수 증가하는 퐁퐁원소들..... 물론 금이나 은같은 도도한 금속년들은 전자 잘 안주려고 하지만, 과산화물로 잘 비비면 결국 항복하고 금 이온이 되어버림 ㅋㅋㅋㅋㅋㅋㅋㅋ 하여튼 플루오린 이새끼는 원자가 전자도 8개고 원자핵의 유효 핵전하도 커서 전기음성도 4.0으로 제일 큼. 반응 시 전자 다 뺏어가는게 삥뜯는 일진누나생각남 ㅋㅋ 근데 존나 얄짤없어서 반응하는 족족 무조건 1개 뜯어감... 씨발련 ㅠ tmi 좀 추가하자면, 연소의 3요소가 산소 발화점이상온도 탈물질이지? 산소가 포함되는 이유는 산소가 반응성이 좋아서인데, 산소 대신 플루오린과 발화점이상온도, 탈 물질 있어도 불 난다 ㅋㅋ 플루오린 반응성은 진짜미쳤음.... 산소 이새끼는 일진팸에서 2인자노릇해먹는 원소임 ㅋㅋ 앵간해선 전자 2개만 삥뜯어가는데, 플루오린한텐 차마 못이기고 1개 상납함.... 그리고 가끔씩 산소 2명이 모이면 기분좋은건지 1개만 뜯어가서 기분좋음 ㅋㅋ 아 오늘도 플루오린누나 생각하면서 화학진도 한발짝 더 뺄생각하니까 기분좋네 ㅋㅋ 씨발",봉명고2021화이팅 2021.12.16 23:25:38 스크랩 조회 275 추천 7 댓글 1,7,275,2021.12.16 23:25:38,https://gall.dcinside.com/mini/board/view/?id=bmhs&no=863&page=17
17,862,[일반],믹스커피 개꿀팁 하나준다,1. 믹스커피 컵에 담은다음 딱 믹스 잠길정도로만 뜨건물 붓기 2. 존나저어서 다 녹이기 3. 얼음 8개 추가해서 처먹으셈 ㄹㅇ 여름에 해먹으면 질질싼다 ㅋㅋ,ㅇㅇ (115.20) 2021.12.16 20:57:33 스크랩 조회 162 추천 2 댓글 3,2,162,2021.12.16 20:57:33,https://gall.dcinside.com/mini/board/view/?id=bmhs&no=862&page=17
17,860,[일반],봉명사일런트힐입니다,「삼각두와 간호사를 조심하세요」,계란밥된장국 2021.12.16 08:03:02 스크랩 조회 138 추천 0 댓글 1,0,138,2021.12.16 08:03:02,https://gall.dcinside.com/mini/board/view/?id=bmhs&no=860&page=17
17,859,[일반],좋은 말 할때 아래글 보1지 마라,내가 다참아도 마블영화 스포는 못참는다 씨발아,ㅇㅇ (112.72) 2021.12.16 00:32:07 스크랩 조회 166 추천 2 댓글 3,2,166,2021.12.16 00:32:07,https://gall.dcinside.com/mini/board/view/?id=bmhs&no=859&page=17
17,855,[일반],2학년 정보 기말 범위,감사인사는 넣어둬라이기,ㅇㅇ (182.211) 2021.12.14 17:05:10 스크랩 조회 159 추천 4 댓글 1,4,159,2021.12.14 17:05:10,https://gall.dcinside.com/mini/board/view/?id=bmhs&no=855&page=17
17,853,[일반],해병대 오세요,대한민국 해병대는 당신의 자원입대를 환영합니다,ㅇㅇ (115.20) 2021.12.13 23:43:40 스크랩 조회 111 추천 0 댓글 1,0,111,2021.12.13 23:43:40,https://gall.dcinside.com/mini/board/view/?id=bmhs&no=853&page=17
17,850,[일반],새끼.....기하!,따흐흑 유클리드 해병님..... 이딴거 왜처만들어ㅛ어요,ㅇㅇ (115.20) 2021.12.10 22:33:44 스크랩 조회 151 추천 2 댓글 1,2,151,2021.12.10 22:33:44,https://gall.dcinside.com/mini/board/view/?id=bmhs&no=850&page=17
17,849,[일반],나만 온클 수업떄 공부 안함?,나 어제는 집에서 잉여처럼 누워만 있었고 오늘은 인강한개 본게 다임..... 님들은 어떰?,ㅇㅇ (106.252) 2021.12.10 22:24:45 스크랩 조회 179 추천 4 댓글 7,4,179,2021.12.10 22:24:45,https://gall.dcinside.com/mini/board/view/?id=bmhs&no=849&page=17
17,847,[일반],그래도 1주일만 연기라 크리스마스 있는 주말에는 놀수있다,난 그걸로 만족해야지 - dc official App,BAHL영원히 2021.12.09 22:01:04 스크랩 조회 131 추천 2 댓글 2,2,131,2021.12.09 22:01:04,https://gall.dcinside.com/mini/board/view/?id=bmhs&no=847&page=17
17,845,[일반],개신동 메가커피 봉붕이,셤공부 카페에서 교복입고 하는 것 같은데 맞나?ㄷㄷ,ㅇㅇ (211.36) 2021.12.09 14:54:10 스크랩 조회 179 추천 1 댓글 3,1,179,2021.12.09 14:54:10,https://gall.dcinside.com/mini/board/view/?id=bmhs&no=845&page=17
17,844,[일반],야로나 관련 팩트/썰 체크,1. 교직원 확진 (다들 알거임 그렇게 문자가 왔고) -->>교직원 징계먹을 수도 있단다 2. 시험엔 지장이 없을 것 같으니 공부는 열심히들 해라 3. 고3들은 학교 왜 오게하는거냐 이참에 온라인으로 바뀔수도 있다,ㅇㅇ (112.72) 2021.12.09 09:21:49 스크랩 조회 146 추천 0 댓글 1,0,146,2021.12.09 09:21:49,https://gall.dcinside.com/mini/board/view/?id=bmhs&no=844&page=17
17,842,[일반],아니 1년내내 시험이 연기된 학교가 있다니까?,어르신 또 그러시네... 밥이나... 어?,ㅇㅇ (211.59) 2021.12.09 08:59:46 스크랩 조회 152 추천 1 댓글 2,1,152,2021.12.09 08:59:46,https://gall.dcinside.com/mini/board/view/?id=bmhs&no=842&page=17
17,841,[일반],원격?  원격?  원격?  왜? 시?험?전?주?에 원격?,,계란밥된장국 2021.12.09 07:52:01 스크랩 조회 199 추천 3 댓글 4,3,199,2021.12.09 07:52:01,https://gall.dcinside.com/mini/board/view/?id=bmhs&no=841&page=17
17,840,[일반],2학년 게이들아 긴급이다 코로나,확진자나옴 ㅇㅇ 오늘 집에서 신나게 있어보자 섹s,ㅇㅇ (223.39) 2021.12.09 07:51:17 스크랩 조회 150 추천 2 댓글 1,2,150,2021.12.09 07:51:17,https://gall.dcinside.com/mini/board/view/?id=bmhs&no=840&page=17
17,838,[일반],ㅋㅋㅋ 오늘 마짱 본 승리의 2학년들 입갤하자,오우 오우 난 복도에서 봤는데 오줌 지릴뻔 ㅇㅇ;;,ㅇㅇ (223.39) 2021.12.08 17:10:38 스크랩 조회 185 추천 1 댓글 3,1,185,2021.12.08 17:10:38,https://gall.dcinside.com/mini/board/view/?id=bmhs&no=838&page=17
17,836,[일반],시발 물1문제집에 물2존나많이나오고지랄이여,근데풀만함ㅎ,ㅇㅇ (61.108) 2021.12.07 23:57:31 스크랩 조회 152 추천 1 댓글 4,1,152,2021.12.07 23:57:31,https://gall.dcinside.com/mini/board/view/?id=bmhs&no=836&page=17
17,833,[일반],1학년 학사생인데 학사나가고 독서실다니는거 어떻게생각함?,공부하려고 학사드갔는데 학교에서 야자할때 분위기 ㅈㄴ 어수선해서 그냥 7교시 끝나자마자 독서실갈까 생각중인데 어떰?? 여름방학때 3주정도 독서실 다니면서 공부해본적 있긴한데 앞으로 2년동안 독서실다니게되면 잘 할지 모르겠음,ㅇㅇ (61.108) 2021.12.06 19:02:17 스크랩 조회 205 추천 1 댓글 8,1,205,2021.12.06 19:02:17,https://gall.dcinside.com/mini/board/view/?id=bmhs&no=833&page=17
17,831,[일반],CBE_T_DASAN 비번 뭔지아냐,제발,계란밥된장국 2021.12.06 16:20:02 스크랩 조회 195 추천 0 댓글 1,0,195,2021.12.06 16:20:02,https://gall.dcinside.com/mini/board/view/?id=bmhs&no=831&page=17
17,830,[일반],이름 옆에 딱지 신기하면 개추,,계란밥된장국 2021.12.06 16:10:06 스크랩 조회 141 추천 1 댓글 1,1,141,2021.12.06 16:10:06,https://gall.dcinside.com/mini/board/view/?id=bmhs&no=830&page=17
17,829,[일반],봉붕이들 특징.jpg,아ㅋㅋ 암튼 난 아니라고 - dc official App,ㅇㅇ (211.36) 2021.12.05 21:44:28 스크랩 조회 165 추천 3 댓글 5,3,165,2021.12.05 21:44:28,https://gall.dcinside.com/mini/board/view/?id=bmhs&no=829&page=17
17,827,[일반],봉명고 학생이....말대꾸?!,,ㅇㅇ (211.36) 2021.12.05 12:04:09 스크랩 조회 161 추천 2 댓글 2,2,161,2021.12.05 12:04:09,https://gall.dcinside.com/mini/board/view/?id=bmhs&no=827&page=17
17,826,[일반],봉명고등학교 똥통인가요 ㅜㅜ,여기 가고싶은데 부모님이 극구반대하심..,ㅇㅇ (124.63) 2021.12.04 21:52:55 스크랩 조회 238 추천 1 댓글 6,1,238,2021.12.04 21:52:55,https://gall.dcinside.com/mini/board/view/?id=bmhs&no=826&page=17
17,825,[일반],이거 베놈아니냐????,ㅅㅂㅋㅋㅋㅋㅋㅋㅋㅋ,ㅇㅇ (211.36) 2021.12.04 21:42:15 스크랩 조회 138 추천 1 댓글 2,1,138,2021.12.04 21:42:15,https://gall.dcinside.com/mini/board/view/?id=bmhs&no=825&page=17
17,824,[일반],이악물고 모든글에 비추박는 비추충 ㅎㅇ,ㅋㅋ아니꼬운 게 뭐이리 많노 게이야,ㅇㅇ (112.72) 2021.12.04 20:24:11 스크랩 조회 104 추천 1 댓글 1,1,104,2021.12.04 20:24:11,https://gall.dcinside.com/mini/board/view/?id=bmhs&no=824&page=17
17,822,[일반],어이 관리자 이젠 누가 빌런이지..?,나는 2개월 전에 애미좌로 불렸던 몸이다 당시 저격글로 상처입은 사람도 있겠지만봉갤에 활기는 책임졌다고 생각한다 하지만 지금은 어떻게 되었나 관리자가 괜한 선민의식에 사로잡혀서 지 줏대로 글삭이나 하고있으니 ㅈ 노잼 갤이 되어버렸다.. 앞으로 활기넘치는 봉갤이 될지 ㅈ 노잼 급식표갤이 될지는 너희들에게 달렸다 - dc official App,ㅇㅇ (118.235) 2021.12.04 16:22:29 스크랩 조회 176 추천 3 댓글 7,3,176,2021.12.04 16:22:29,https://gall.dcinside.com/mini/board/view/?id=bmhs&no=822&page=17
17,821,[일반],화학1하는 봉붕이--->>광클은 참여하셈,"http://www.mimacstudy.com/ex/t1016/2021/1201/108471_indexfull.ds ' target=""_blank""> http://www.mimacstudy.com/ex/t1016/2021/1201/108471_indexfull.ds ' target=""_blank""> http://www.mimacstudy.com/ex/t1016/2021/1201/108471_indexfull.ds ' target=""_blank""> http://www.mimacstudy.com/ex/t1016/2021/1201/108471_indexfull.ds http://www.mimacstudy.com/ex/t1016/2021/1201/108471_indexfull.ds ' target=""_blank""> http://www.mimacstudy.com/ex/t1016/2021/1201/108471_indexfull.ds ' target=""_blank""> http://www.mimacstudy.com/ex/t1016/2021/1201/108471_indexfull.ds ' target=""_blank""> http://www.mimacstudy.com/ex/t1016/2021/1201/108471_indexfull.ds http://www.mimacstudy.com/ex/t1016/2021/1201/108471_indexfull.ds ' target=""_blank""> http://www.mimacstudy.com/ex/t1016/2021/1201/108471_indexfull.ds ' target=""_blank""> http://www.mimacstudy.com/ex/t1016/2021/1201/108471_indexfull.ds ' target=""_blank""> http://www.mimacstudy.com/ex/t1016/2021/1201/108471_indexfull.ds 구라안치고 이건 받아놔ㄹㅇ",ㅇㅇ (112.72) 2021.12.04 00:41:14 스크랩 조회 136 추천 0 댓글 0,0,136,2021.12.04 00:41:14,https://gall.dcinside.com/mini/board/view/?id=bmhs&no=821&page=17
17,820,[일반],이런거 왜쓰게하는거임;;,ㅋㅋ 수업좀 잘하던가 이딴거쓰게할거면,ㅇㅇ (61.108) 2021.12.03 23:14:56 스크랩 조회 167 추천 0 댓글 8,0,167,2021.12.03 23:14:56,https://gall.dcinside.com/mini/board/view/?id=bmhs&no=820&page=17
17,818,[일반],고3 왜 학교온거냐,ㅅㅂ할 것도 없는데 밥이나 쳐먹고 갑니다~,ㅇㅇ (61.108) 2021.12.03 10:40:49 스크랩 조회 157 추천 0 댓글 3,0,157,2021.12.03 10:40:49,https://gall.dcinside.com/mini/board/view/?id=bmhs&no=818&page=17
17,813,[일반],1 2학년들 불쌍하다 ㅋㅋ,고등학교 3년간 수학여행한번을 못가보네 ㅋㅋ,ㅇㅇ (182.211) 2021.11.28 19:46:50 스크랩 조회 169 추천 1 댓글 2,1,169,2021.11.28 19:46:50,https://gall.dcinside.com/mini/board/view/?id=bmhs&no=813&page=17
17,811,[일반],봉명고 가려는데,기숙사 시설 어때요? 자습실 조용하죠?,ㅇㅇ (124.63) 2021.11.25 23:39:57 스크랩 조회 299 추천 0 댓글 12,0,299,2021.11.25 23:39:57,https://gall.dcinside.com/mini/board/view/?id=bmhs&no=811&page=17
17,810,[일반],본인이 백신맞고 집에서 시험공부 안하고 놀고있으면 개추,아,계란밥된장국 2021.11.25 19:19:39 스크랩 조회 136 추천 3 댓글 2,3,136,2021.11.25 19:19:39,https://gall.dcinside.com/mini/board/view/?id=bmhs&no=810&page=17
17,808,[일반],작년 졸업생 입갤,왜 재밌는 글이 안 올라오냐,. (211.104) 2021.11.25 16:41:07 스크랩 조회 144 추천 1 댓글 1,1,144,2021.11.25 16:41:07,https://gall.dcinside.com/mini/board/view/?id=bmhs&no=808&page=17
17,807,[일반],니미시발 중앙대,경쟁률도 좆같은데 떨어지기까지해? 씨발련들 안가 개새끼들아,ㅇㅇ (210.218) 2021.11.25 14:47:34 스크랩 조회 156 추천 1 댓글 1,1,156,2021.11.25 14:47:34,https://gall.dcinside.com/mini/board/view/?id=bmhs&no=807&page=17
17,805,[일반],전두환,지옥 입갤~ - dc official App,ㅇㅇ (218.151) 2021.11.23 22:55:52 스크랩 조회 130 추천 3 댓글 1,3,130,2021.11.23 22:55:52,https://gall.dcinside.com/mini/board/view/?id=bmhs&no=805&page=17
17,803,[일반],이거완전 훈트규칙 아니냐?,홀전자 수가 가장 큰 배치를 하는,봉명고2021화이팅 2021.11.22 19:25:04 스크랩 조회 149 추천 3 댓글 0,3,149,2021.11.22 19:25:04,https://gall.dcinside.com/mini/board/view/?id=bmhs&no=803&page=17
17,801,[일반],내일 수업듣기싫다,수행 왤케많냐.....다 싫다 그냥,ㅇㅇ (222.116) 2021.11.22 03:30:44 스크랩 조회 119 추천 1 댓글 1,1,119,2021.11.22 03:30:44,https://gall.dcinside.com/mini/board/view/?id=bmhs&no=801&page=17
17,799,[일반],수능끝났는데 질받,"수시라인은 중경외시, 정시라인은 동홍~국숭 적정예상(사실 잘 모르겠음) 예비고2인지 예비고3인지 같이 해주면 저녁에 디시할때 답달아줌ㅇㅅㅇ(잠시 나갔다가 국밥먹고오게씀)",의대못가는고양이 (112.72) 2021.11.20 08:42:22 스크랩 조회 166 추천 0 댓글 7,0,166,2021.11.20 08:42:22,https://gall.dcinside.com/mini/board/view/?id=bmhs&no=799&page=17
17,797,[일반],03년생들 다들 수고했다~,"나는 가려했던 충북대 무난히 들어갈듯? 원하는 등급대 나왔다 ㅎㅎ 03년생들 수고했고 04년생들, 재수생들한테 바톤 넘긴다 ㅋㅋㅋㅋㅋㅋㅋㅋ",ㅇㅇ (115.20) 2021.11.19 16:13:44 스크랩 조회 187 추천 3 댓글 4,3,187,2021.11.19 16:13:44,https://gall.dcinside.com/mini/board/view/?id=bmhs&no=797&page=17
17,795,[일반],수능 다들 잘봐라,물론 이글을 보고있다면 니수능은 망한거다 ㅇㅇ,ㅇㅇ (182.211) 2021.11.18 07:59:12 스크랩 조회 120 추천 2 댓글 2,2,120,2021.11.18 07:59:12,https://gall.dcinside.com/mini/board/view/?id=bmhs&no=795&page=17
17,794,[일반],수능 D-3 치타는 웃고있다.....,우리엄마는 울고있음 ㅇㅇ,ㅇㅇ (115.20) 2021.11.15 21:40:18 스크랩 조회 139 추천 1 댓글 1,1,139,2021.11.15 21:40:18,https://gall.dcinside.com/mini/board/view/?id=bmhs&no=794&page=17
17,791,[일반],무심천 산책와라,할거없을때 좋음,ㅇㅇ (182.211) 2021.11.14 14:10:47 스크랩 조회 109 추천 2 댓글 0,2,109,2021.11.14 14:10:47,https://gall.dcinside.com/mini/board/view/?id=bmhs&no=791&page=17
18,789,[일반],실베 올라온건데 이거 나만 좆같냐?,"솔직히 맞말일 순 있음 솔직히 여초는 여자들도 서로 꺼려하는 게 여초인 것 같아 한번 절친도 몇몇 일로 손절치고, 손절당하고, 멀어지고 고추련들은 한번 멀어져도 다시 돌아오게 되더라 내가 정신적으로 싸움을 많이 했는데 결국 다들 다시 친해지고 실컷 놀게 되더라 뭐랄까 항상 하는 말 있잖아 남초는 서로 x신인 걸 알고 니가 x추한남이니까 그런거지 x신아~ 이러고 여초는 서로.. 언냐ㅠㅠ많이 힘들었겠다 ㅠㅠㅠ 이러면서 x신들끼리도 으쌰으쌰 해주는 거 사실 언제부턴가 학교 여자쌤들이 본인 택배 본인이 들고가는 게 눈에 보였음. 너무나도 당연한거지만 무거운 게 있으면 남선생을 시키는 그런 여선생도 '그럴 수 있지'라고 혼자 망상해오던 과거를 생각해보면 차별에도 쓸데없이 관대했던 내 과거를 돌이키게 된다. 그래서 결론은 투표해라. 오래된 생각이다. 시발 투표도 안올라가네 걍 댓 ㄱ",ㅇㅇ (112.72) 2021.11.13 21:43:11 스크랩 조회 168 추천 1 댓글 2,1,168,2021.11.13 21:43:11,https://gall.dcinside.com/mini/board/view/?id=bmhs&no=789&page=18
18,788,[일반],아가맘마젖우유밀크보관박스탱크통,자르지 마세요,ㅇㅇ (125.186) 2021.11.13 20:37:42 스크랩 조회 161 추천 4 댓글 2,4,161,2021.11.13 20:37:42,https://gall.dcinside.com/mini/board/view/?id=bmhs&no=788&page=18
18,787,[일반],눈팅하던 봉붕인데,요즘 글이 왤케 안올라오냐 무슨 이유가 있나 봉갤글 다 봐버렸네,ㅇㅇ (223.62) 2021.11.12 22:19:25 스크랩 조회 173 추천 0 댓글 7,0,173,2021.11.12 22:19:25,https://gall.dcinside.com/mini/board/view/?id=bmhs&no=787&page=18
18,786,[일반],당근에 팔까,고민되네,ㅇㅇ (115.20) 2021.11.11 16:41:30 스크랩 조회 162 추천 0 댓글 4,0,162,2021.11.11 16:41:30,https://gall.dcinside.com/mini/board/view/?id=bmhs&no=786&page=18
18,784,[일반],즐겁다,,계란밥된장국 2021.11.11 02:06:01 스크랩 조회 165 추천 1 댓글 3,1,165,2021.11.11 02:06:01,https://gall.dcinside.com/mini/board/view/?id=bmhs&no=784&page=18
18,782,[일반],"전설의 ""그"" 스트리머 굿즈나옴",대 ㅡ재 ㅡ석 참고로 나는 그립톡삼 ㅇㅇ 2개월정도 기달렸는데 이쁘게나와서 다행,PHILIPS 2021.11.10 13:46:58 스크랩 조회 198 추천 1 댓글 4,1,198,2021.11.10 13:46:58,https://gall.dcinside.com/mini/board/view/?id=bmhs&no=782&page=18
18,781,[일반],현수막 ㅅㅂ이거머냐,학교앞인데 523세대 뭐냐?ㅋㅋ,ㅇㅇ (222.116) 2021.11.09 18:24:47 스크랩 조회 176 추천 0 댓글 2,0,176,2021.11.09 18:24:47,https://gall.dcinside.com/mini/board/view/?id=bmhs&no=781&page=18
18,779,[일반],오늘 왜,핑크레몬에이드 안나옴 ㅅㅂ 기대하고있었는디,ㅇㅇ (211.36) 2021.11.08 17:08:04 스크랩 조회 131 추천 1 댓글 1,1,131,2021.11.08 17:08:04,https://gall.dcinside.com/mini/board/view/?id=bmhs&no=779&page=18
18,777,[일반],충북교육회복지원금 근황 ㅋㅋ,밥도 못사먹는데 현금이 낫지 참고로 걸리면 카드정지임 학교징계도 먹고,계란밥된장국 2021.11.07 12:19:28 스크랩 조회 221 추천 2 댓글 2,2,221,2021.11.07 12:19:28,https://gall.dcinside.com/mini/board/view/?id=bmhs&no=777&page=18
18,773,[일반],봉갤 일동은 봉명고 학생들의 수능 대박을 기원합니다~,수능과 싸워서 이기고 지면은 재수해라 헤이빠빠리빠 헤이빠빠리빠,ㅇㅇ (211.36) 2021.11.05 07:30:51 스크랩 조회 143 추천 2 댓글 2,2,143,2021.11.05 07:30:51,https://gall.dcinside.com/mini/board/view/?id=bmhs&no=773&page=18
18,770,[일반],응애 수능준비 좇같아,잘봐야하는데 ㅅㅂ,ㅇㅇ (222.116) 2021.11.02 23:46:57 스크랩 조회 144 추천 1 댓글 1,1,144,2021.11.02 23:46:57,https://gall.dcinside.com/mini/board/view/?id=bmhs&no=770&page=18
18,769,[일반],3학년이 주시하던 1or2학년 학생,"하나 있는데, 여기 갤러리애들은 누군지 알라나 다른건 몰라도 세월만 믿고 안일하게 학창생활 보내진 않았으면 좋겠다 아오 시발 개틀딱같네 나도 좆같으니까 비추좀 박아둬라 시발",ㅇㅇ (14.51) 2021.11.02 23:01:31 스크랩 조회 193 추천 1 댓글 2,1,193,2021.11.02 23:01:31,https://gall.dcinside.com/mini/board/view/?id=bmhs&no=769&page=18
18,766,[일반],강민수인데,"나 갤러리에서 욕먹고 있다는 얘기 듣고 계정 다시 만들어서 글쓰는데 짧게 하고싶은말은 저격글 나 아님 싸운거 이후로 갤러리 접속이 오늘이랑 나 저격글 올라왔을때 이렇게 2번인데 나 정지먹은거는 저격글에다 댓달려고 했을때 알았다 내가 한거라고는 그때 친구들한테 나 왜 정지먹었냐는 말 밖에 안했다 마지막으로 제발 내이름 언급안했으면 좋겠음 관종짓하느라 이름걸은건 내 잘못맞는데 뭐만 하면 강민수저격, 강민수 병신 등 10101강민수 이 계정은 이참에 탈퇴할꺼니까 언급 좀 그만해주라 지겹다 이제",강민수인데그만해라 2021.11.02 07:08:13 스크랩 조회 274 추천 1 댓글 4,1,274,2021.11.02 07:08:13,https://gall.dcinside.com/mini/board/view/?id=bmhs&no=766&page=18
18,765,[일반],개지랄 떨지마라,1. 개념글 주작 및 갤러리 내 분란조장 사유로 정지 2. 댓글로 욕처박고 분탕치는게 자랑임? Eo25가 30일밴때린거 과해보여서 내가 4번에 7일밴으로 줄여줬고 현재 차단 해제된 상태 3. Eo25가 저격글 지우다가 통신사 IP(데이터 껏다키는것만으로 밴 해제가능) 실수로 밴 해서 걍 밴 풀음 4. 2번에 설명 현재 정지중인 놈은 10101 강민수 한놈이라 나 저격한새끼 딱봐도 10101강민수인데 주작기&갤 분란조장으로 병신짓하던새끼가 말이많다? 청주고 갤러리처럼 갤러리 내 분란으로 갤터트리기 싫어서 적당히 수위조절중인데 저격좀 적당히처하자 심지어 저격글 학교IP로 써서 내가 밴하면 다른 학생들 갤러리 이용못하도록 가불기써놓고 밴해봐 ㅇㅈㄹ wwww,봉명고2021화이팅 2021.11.02 01:02:20 스크랩 조회 210 추천 1 댓글 2,1,210,2021.11.02 01:02:20,https://gall.dcinside.com/mini/board/view/?id=bmhs&no=765&page=18
18,764,[일반],야 니들 갤러리 망했다며?,지금부터 여긴 맨체스터 유나이티드 갤러리다,ㅇㅇ (223.33) 2021.11.01 22:16:29 스크랩 조회 157 추천 1 댓글 1,1,157,2021.11.01 22:16:29,https://gall.dcinside.com/mini/board/view/?id=bmhs&no=764&page=18
18,761,[일반],봉갤에 요즘 글 안올라오는 이유를 알았다,뭐긴 뭐야 주딱년이 애들 정지먹이니까 그렇지 ㅋㅋ 념글 몇개 갔다고 주작기라 판단하고 정지를 먹이냐 나포함 정지먹은애들이 ㅈ만한 갤러리에서 주작기 돌려서 뭘 얻는다고 주작기를 돌리냐 주딱아 생각잘해라 내가 이 글 쓰면 정지 먹을까봐 학교에서 쓴다ㅋㅋㅋ 이것도 정지먹여봐라 주딱아,ㅇㅇ (222.116) 2021.11.01 18:03:35 스크랩 조회 342 추천 7 댓글 9,7,342,2021.11.01 18:03:35,https://gall.dcinside.com/mini/board/view/?id=bmhs&no=761&page=18
18,758,[일반],강민수 저격합니다,어제 엄청 보이더라 노란명찰에 마이에 써져있었고 급식시간이랑 수업에도 보였음 생각했던 이미지는 대충 사나울줄 알았는데 잘생기고 인싸더라 - dc official App,ㅇㅇ (223.38) 2021.10.30 12:32:27 스크랩 조회 556 추천 7 댓글 3,7,556,2021.10.30 12:32:27,https://gall.dcinside.com/mini/board/view/?id=bmhs&no=758&page=18
18,757,[일반],이거 완전 퓰리처상 아니냐,ㄹㅇㅋㅋ,ㅇㅇ (182.211) 2021.10.29 22:17:10 스크랩 조회 143 추천 1 댓글 1,1,143,2021.10.29 22:17:10,https://gall.dcinside.com/mini/board/view/?id=bmhs&no=757&page=18
18,756,[일반],광주는...,"광주는, 어,, 그거는 총기를 들고 일어나는 하나의 그 폭동 이야. 근데, 그러니까 계엄군이기 때문에 계엄군이 진압하지 않을 수 없잖아? 변형 받는다. 좆같다.",. (112.72) 2021.10.29 15:37:34 스크랩 조회 176 추천 0 댓글 3,0,176,2021.10.29 15:37:34,https://gall.dcinside.com/mini/board/view/?id=bmhs&no=756&page=18
18,754,[일반],신입생들 개꿀빠네 ㅅㅂ,"지금 미적분이 미적분 2로 바뀌어서 진로선택 되고 현재 수2가 미적분1로 편성됨 ㅈㄴ꿀빠네 ㅅㅂ 공통수학 1,2는 수학 상 하고 대수는 수1내용임 ㅇㅇ",ㅇㅇ (115.20) 2021.10.29 10:06:53 스크랩 조회 198 추천 0 댓글 2,0,198,2021.10.29 10:06:53,https://gall.dcinside.com/mini/board/view/?id=bmhs&no=754&page=18
18,753,[일반],논쟁거리를 만들어서 어그로 좀 끌자,이대로 가면 봉명고갤러리 망할듯,ㅇㅇ (223.39) 2021.10.28 23:41:50 스크랩 조회 135 추천 3 댓글 2,3,135,2021.10.28 23:41:50,https://gall.dcinside.com/mini/board/view/?id=bmhs&no=753&page=18
18,752,[일반],근데ㅅㅂ 뭐 글 올려도 반응도 없는데,뭐 올라온 글들이 재미도 없긴하다만 반응이 없으면 걍 야갤가서 정공수준으로 댓달면서 놀지,ㅇㅇ (14.51) 2021.10.28 22:35:58 스크랩 조회 149 추천 2 댓글 3,2,149,2021.10.28 22:35:58,https://gall.dcinside.com/mini/board/view/?id=bmhs&no=752&page=18
18,750,[일반],성적 지랄났다!,다음주는 수행지옥 온클 끝나면 시험기간 지랄났다!,계란밥된장국 2021.10.28 17:05:30 스크랩 조회 187 추천 0 댓글 3,0,187,2021.10.28 17:05:30,https://gall.dcinside.com/mini/board/view/?id=bmhs&no=750&page=18
18,747,[일반],아직 사지마~,"메가패스 대성패스? 혜택이 젤 좋을때가 과연 지금일까? 좀 더 지켜보고 사라 올해 이적상태 어떤지, 내가 누구 들어야 잘 따라갈 수 있을지 생각하고 결정해라~~~~~ +이투스는 이지영+정승제를 듣겠다! 아니면 ㄹㅇ비추 제발 사지 말라는덴 이유가 있어 스듀는 올해 사라지구 조언은 많이 듣되 그 조언에 너무 치우쳐지지 말았으면 좋겠어서 남기는 뻘글 킬캠 재밌네ㅅㅂ",ㅇㅇ (14.51) 2021.10.27 23:06:03 스크랩 조회 199 추천 0 댓글 1,0,199,2021.10.27 23:06:03,https://gall.dcinside.com/mini/board/view/?id=bmhs&no=747&page=18
18,746,[일반],패러글라이딩 재밌겠다,나도할래 무심천근처에서 찌금,ㅇㅇ (211.36) 2021.10.27 20:33:55 스크랩 조회 128 추천 4 댓글 2,4,128,2021.10.27 20:33:55,https://gall.dcinside.com/mini/board/view/?id=bmhs&no=746&page=18
18,745,[일반],봉붕이들아 부탁이 있다...,시험끝나고 나서 봉붕이들 많이 운지한건지는 몰라도 요즘에 봉갤에 활동량이 너무 줄은것같다... 똥글이라도 괜찮으니까 글 좀 올려주면 안되냐...?,ㅇㅇ (223.39) 2021.10.27 20:19:56 스크랩 조회 219 추천 5 댓글 2,5,219,2021.10.27 20:19:56,https://gall.dcinside.com/mini/board/view/?id=bmhs&no=745&page=18
18,744,[일반],"박근혜, 문재인 솔직히 잘했다고 본다",똥사는 중인데 휴지 갖다주실분 없나요...?,ㅇㅇ (222.116) 2021.10.27 20:13:31 스크랩 조회 266 추천 5 댓글 4,5,266,2021.10.27 20:13:31,https://gall.dcinside.com/mini/board/view/?id=bmhs&no=744&page=18
18,743,[일반],요즘 디시인사이드에서 거론되는,설거지론 봉붕이들은 어케 생각함? - dc official App,ㅇㅇ (222.116) 2021.10.27 19:36:50 스크랩 조회 149 추천 0 댓글 5,0,149,2021.10.27 19:36:50,https://gall.dcinside.com/mini/board/view/?id=bmhs&no=743&page=18
18,742,[일반],이거 오징어게임,이왜진....? - dc official App,ㅇㅇ (222.116) 2021.10.27 19:22:32 스크랩 조회 151 추천 3 댓글 3,3,151,2021.10.27 19:22:32,https://gall.dcinside.com/mini/board/view/?id=bmhs&no=742&page=18
18,741,[일반],나 이거 푸는거좀 도와주셈,.....존나어렵네 ㅠㅠ,ㅇㅇ (182.211) 2021.10.27 17:15:32 스크랩 조회 163 추천 1 댓글 6,1,163,2021.10.27 17:15:32,https://gall.dcinside.com/mini/board/view/?id=bmhs&no=741&page=18
18,739,[일반],대중교통,ㅋㅋㅋㅋㅋㅋㅋㅋㅋㅋㅋㅋㅋㅋㅋㅋㅋㅋㅋㅋㅋㅋㅋㅋ,ㅇㅇ (222.116) 2021.10.26 21:25:14 스크랩 조회 166 추천 6 댓글 2,6,166,2021.10.26 21:25:14,https://gall.dcinside.com/mini/board/view/?id=bmhs&no=739&page=18
18,736,[일반],봉명고 독서실 근황,3권은 숨겨놈,계란밥된장국 2021.10.25 16:46:07 스크랩 조회 244 추천 2 댓글 5,2,244,2021.10.25 16:46:07,https://gall.dcinside.com/mini/board/view/?id=bmhs&no=736&page=18
18,735,[일반],오래달리기 쥰내힘드노,헥헥 - dc official App,ㅇㅇ 2021.10.25 11:54:50 스크랩 조회 154 추천 4 댓글 3,4,154,2021.10.25 11:54:50,https://gall.dcinside.com/mini/board/view/?id=bmhs&no=735&page=18
18,734,[일반],내일 왜 월요일?,내일 왜 월요일?내일 왜 월요일?내일 왜 월요일?내일 왜 월요일?내일 왜 월요일?내일 왜 월요일?내일 왜 월요일?내일 왜 월요일?내일 왜 월요일?내일 왜 월요일?내일 왜 월요일?내일 왜 월요일?내일 왜 월요일?내일 왜 월요일?내일 왜 월요일?내일 왜 월요일?내일 왜 월요일?내일 왜 월요일?내일 왜 월요일?내일 왜 월요일?내일 왜 월요일?내일 왜 월요일?내일 왜 월요일?내일 왜 월요일?내일 왜 월요일?내일 왜 월요일?내일 왜 월요일?내일 왜 월요일?내일 왜 월요일?내일 왜 월요일?내일 왜 월요일?내일 왜 월요일?내일 왜 월요일?내일 왜 월요일?내일 왜 월요일?내일 왜 월요일?내일 왜 월요일?내일 왜 월요일?내일 왜 월요일?내일 왜 월요일?내일 왜 월요일?내일 왜 월요일? 내일 왜 월요일?,ㅇㅇ (58.121) 2021.10.25 02:13:10 스크랩 조회 108 추천 1 댓글 1,1,108,2021.10.25 02:13:10,https://gall.dcinside.com/mini/board/view/?id=bmhs&no=734&page=18
18,733,[일반],우정잉을 보다가 그만... 의 품격 (1),그래 반갑다 난 유동이니(말이 유동이지 이 아이피가 뭔진 다들 알겠지) 지난번 라면이니 뭐니 올린다면서 안 올린녀석을 대신해 (또 다른) 유동의 품격을 준비해보았다 근데 카구리가 나왔던가? 어 카구리 먹었거든 국물까지 다 안 먹을 수가 없다 그냥 사진은 차례대로 봐 폰으로 쓰는거라 사이사이 글을 못 넣겠다야 요약 세 줄 1. 카레맛이 ㅈㄴ세진 않고 매력적임 2. 국물까지 다 먹고싶은 놈임 ㄹㅇ루 3. 건더기도 개인적으로 다 좋아하는 애들임,잉친쓰 (222.116) 2021.10.24 22:30:45 스크랩 조회 169 추천 3 댓글 5,3,169,2021.10.24 22:30:45,https://gall.dcinside.com/mini/board/view/?id=bmhs&no=733&page=18
18,731,[일반],시험 끝났다고 조용한 거 보소,25일 남았네 ㅅㅂ,. (112.72) 2021.10.24 00:22:10 스크랩 조회 137 추천 2 댓글 2,2,137,2021.10.24 00:22:10,https://gall.dcinside.com/mini/board/view/?id=bmhs&no=731&page=18
18,729,[일반],봉붕이 취미 2,3d 프린팅 프린터기 쓰던거 고장나서 시험끝난김에 공방와서 3d 프린팅 중 ㅋㅋ 3d 설계도 일주일이면 배울 수 있으니 한번씩 해봐도 좋을듯,봉명고2021화이팅 2021.10.22 17:40:23 스크랩 조회 167 추천 3 댓글 6,3,167,2021.10.22 17:40:23,https://gall.dcinside.com/mini/board/view/?id=bmhs&no=729&page=18
18,726,[일반],이제 마지막날이네요,여러분 힘내세요! - dc official App,슬픈냐옹 2021.10.22 00:15:23 스크랩 조회 180 추천 6 댓글 1,6,180,2021.10.22 00:15:23,https://gall.dcinside.com/mini/board/view/?id=bmhs&no=726&page=18
18,725,[일반],수정) 뒷북이긴 하지만 221.160 얘 좀 추한거 같은데,어제 일찍 자서 뭔 사건이 요약문으로만 봐서 틀릴수도있음 일단 221.160 얘가 패드립을 그 175.205한테 한거는 부인한거잖아? 이부분 저것만 보면 175.205한테 패드립한게 아닌데 175.205가 급발진 했다는거 잖아 그럼 175.205 잘못이 맞는데 저 글 찾아보니까 175.205가 쓴 글이더만 이 글인데 저 글에 올린 저 사진만 따오고 난 175.205한테 안했다라고 주장하는거잖아 저 글은 아직 존재하니까 내가 주작하는건 아니고 또 추가적으로 만약 저게 맞는말이면 222.160 념글 주작을 한거고 175.205한테 주작을 안한 니가 병신이다라고 하는거 아닌가 결론은 이미 175.205이 왜인지는 모르지만 사과한걸로 끝난 것같고 175.205든 222.160든 둘 다 병신같은데 221.160얘 마지막 글은 너무 추한거 같음 청주고 다닌다는 애가 봉명고에다 시비 터는것도 좀 그렇고 175.205글은 다 삭제되서 뭔 일이 있는지는 잘몰라서 내가 잘못이해한거 있으면 댓남겨주셈 - dc official App,ㅇㅇ (223.62) 2021.10.21 09:46:22 스크랩 조회 362 추천 5 댓글 5,5,362,2021.10.21 09:46:22,https://gall.dcinside.com/mini/board/view/?id=bmhs&no=725&page=18
18,724,[일반],시험끝나면,봉명콘이나 만들어 볼까,계란밥된장국 2021.10.21 00:45:53 스크랩 조회 161 추천 1 댓글 3,1,161,2021.10.21 00:45:53,https://gall.dcinside.com/mini/board/view/?id=bmhs&no=724&page=18
18,722,[일반],무..무슨일?,무슨일인가용? - dc official App,슬픈냐옹 2021.10.20 21:03:29 스크랩 조회 183 추천 3 댓글 4,3,183,2021.10.20 21:03:29,https://gall.dcinside.com/mini/board/view/?id=bmhs&no=722&page=18
18,721,[일반],저의 모든 행동들에 대해 봉명고게시판이용자분들께 사과드립니다,저는 현재 봉갤에서 반갈죽좌라고 불리는 학생입니다. 저는 10월19일 오전 11시 쯤에 19일 기준 최근 개념글(저 포함) 댓글에다가 ㄴㅇㅁ라는 분을 대상으로 저격글을 올렸습니다. 그때는 패드립을 들은 직후여서 제가 입에 걸래를 물은 것처럼 글을 썼습니다. 그 글로 인해서 봉갤의 물을 흐린 점 사과드립니다. 저격글 이후 맞저격글이 올라올줄 생각도 못했습니다. 저는 예상 밖에 일이라 맞저격글을 제대로 대응하지 못했고 그 결과 병먹금을 해버렸습니다. 지금 현재 봉갤 상태를 어지립힌건 모두 저의 탓입니다. 고개 숙여 사과 드립니다. 제가 그 청주고에 다니는 친구를 경고로만 끝내고 제가 올린 모든 글을 삭제하고 이 사과문을 작성하려고 했지만 예상밖으로 해결하는 과정이 꼬여서 사과문을 먼저 올리게 됩니다. 이 사과문이 올린 이후 저는 제 글을 삭제할 예정입니다. 마지막으로 현재 이 사태를 일으킨 장본인으로서 고개 숙여 사과드립니다. 제가 지금 화가 난 상태여서 사과문을 잘 못썼을수도 있습니다. 저는 이 사과문이후로 글과 댓글을 남기지 않을 예정이고 이번 사건은 제가 최대한 조용히 끝내겠습니다. 시험기간에 이런 병신같은 일에 신경쓰게 한점 죄송합니다. - dc official App,ㅇㅇ (175.205) 2021.10.20 20:59:37 스크랩 조회 365 추천 10 댓글 9,10,365,2021.10.20 20:59:37,https://gall.dcinside.com/mini/board/view/?id=bmhs&no=721&page=18
18,720,[일반],낼름~,- dc official App,낼름이 (211.36) 2021.10.20 20:57:05 스크랩 조회 207 추천 3 댓글 5,3,207,2021.10.20 20:57:05,https://gall.dcinside.com/mini/board/view/?id=bmhs&no=720&page=18
18,719,[일반],사건 요약!!!사건 요약!!!사건 요약!!!사건 요약!!!,"1. A가 봉갤 념글에 ""ㄴㅇㅁ"" 라며 댓글을 무자비로 달기 시작함 2. B가 똑같이 패드립 달며 애들 노는데서 그러지 말라고 찢어버린다 선언하며 저격 3. A가 B의 니도 패드립 똑같이 박았다며 문재인식 내로남불이다. 라고 맞저격 이 과정에서 ""찢어봐~~"" 선언 4. B가 니가 먼저 박은거 맞지 않냐며 자신은 질 생각 없다고 맞짱뜨자 함 5. 중간에 C가 ""싸움 멈춰"" 선언 (후에 글 삭제) 6. A가 C를 제목에다 넣음으로 어그로 끌고 글의 내용은 ""니 글 ㅈ노잼 쿨찐 ㅉㅉ "" 이런 뉘앙스의 내용 7. (댓글로도 패드립하며 서로 싸운듯) 8. B는 더 이상 싸우기 싫었는지 자신은 찐따라고 말하고 자신이 즐기던 봉갤에 패드립을 단 것은 너 니까 사과는 하라고 함 9. 시간이 지나 한 사람이 추론이 나옴 ""그냥 어그로 끌어서 인기 높일려고 1인 2역 하면서 그런거 아님?"" 이라는 음모론이 제기됨 10. B가 A의 역할을 자처하며 자신이 2역 한 것이 맞다며 사건이 종결 11. 되는 줄 알았으나, A 본인이 등장하며 A인 것을 인증하라 함 12. B는 더 이상 참지 못하고, A가 청주고라는 정보를 얻어와서 더 이상 알아내지 않을 테니 꺼지라 함 13. 현재 서로 논쟁중에 여러 봉갤러들이 관심을 보이는 중 14. B는 A와 결판을 내고 싶어하는 듯",ㅇㅇ (125.186) 2021.10.20 20:52:28 스크랩 조회 321 추천 9 댓글 4,9,321,2021.10.20 20:52:28,https://gall.dcinside.com/mini/board/view/?id=bmhs&no=719&page=18
18,718,[일반],175.205죄송합니다...,사과글은 뇌절같으니까 못쓰고 이젠 역공이냐..? 그래 내가 좋하는 반박 타임~! ㅇㅇ 제발 해줘~ . . . . . . . . . . . . . . . . . . . . . . . . . . . . . . . 일단 이걸로 동일인물 아닌거 지가 지입으로 인증한거 축해해 ^~^ 그리고 난 수정버튼이라도 인증하라고 했단다~ 1.일단 저게 맞다고 쳐도 자신은 이용할 친구가 없다고 인증한 셈이다 2.적어도 난 너보다 대단한 새끼가 맞다 3.찐따 컵셉을 ㅈ같이 잡은건 너다 4.제발 알아내 주세요 ㅆㅂ련아 니 친구가 누군진 모르겠는데 ㅈ같은글을 쓴 너를 누가 친구라고 생각하겠니..속으로 ㅂㅅ련이라고 생각만 안하면 다행이다 나는 답글로 ㄴㅇㅁ를 치지 않았다 니가 말했던것처럼 무작위로 ㄴㅇㅁ친거에 맨 마지막에 쓴 니가 걸려서 그런거지.. 글쓴사람이 화낸거면 이해라도 하지 너는 왜 풀발임? 그리고 ㄴㅇㅁ를 왜 패드립으로 단정 하노? 설마 니애미라고 생각 한거임? 삼성전자 sda를 한글타자로 쓴걸수도있잖아.. 다시 반박 Q~ - dc official App,ㅇㅇ (221.160) 2021.10.20 20:46:19 스크랩 조회 292 추천 6 댓글 6,6,292,2021.10.20 20:46:19,https://gall.dcinside.com/mini/board/view/?id=bmhs&no=718&page=18
18,716,[일반],노력하는 자에게 불가능은 없다!,게이들아 적당히 싸우고 공부하자 그렇게 싸워봤자 스트레스 받는 건 나더라 +스타크래프트 하면 패드립 많이 먹을 수 있음 혹시 먹고싶으면 거기가서 놀아라 좀 봐줄만이라도 하면 걍 닥치고 구경하고 낄낄대기라도 하지 좆도 재미도 없는 고딩들 디시말투. 이러면 저격당하냐? 아니 그냥 그만좀 싸우라고ㅋㅋ 혹시 싸우고 싶으면 시비걸어주셈 ㄱㄱ,한석원선생님 (14.51) 2021.10.20 20:16:57 스크랩 조회 134 추천 2 댓글 2,2,134,2021.10.20 20:16:57,https://gall.dcinside.com/mini/board/view/?id=bmhs&no=716&page=18
18,714,[일반],나보다 쎈 사람,솔직히 없지!,ㅇㅇ (115.20) 2021.10.20 20:15:21 스크랩 조회 146 추천 4 댓글 1,4,146,2021.10.20 20:15:21,https://gall.dcinside.com/mini/board/view/?id=bmhs&no=714&page=18
18,713,[일반],시험기간에 참 하는 꼬라지봐라,전 호감고닉으로써 한마디만 남김 그러고 있을 시간에 둘이서 라면 치얼스나 해라. 마음이 아프구나... 기열 치얼스!,분위기감별사 2021.10.20 20:09:34 스크랩 조회 218 추천 6 댓글 4,6,218,2021.10.20 20:09:34,https://gall.dcinside.com/mini/board/view/?id=bmhs&no=713&page=18
18,711,[일반],얘들아 그만싸워라,우리 이러다 다 죽어~ - dc official App,ㅇㅇ (222.116) 2021.10.20 20:03:48 스크랩 조회 130 추천 3 댓글 1,3,130,2021.10.20 20:03:48,https://gall.dcinside.com/mini/board/view/?id=bmhs&no=711&page=18
18,710,[일반],찐따년들 둘이서 아주 그냥 물고 빨고 난리가 났노,아니 씨~발 좀 걍 좋게좋게 넘겨라 이렇게 질질 끌면서 싸워봤자 보는 입장에서도 처음이나 재밌지 ㅈ나 재미가 없고 니들 때문에 여기 분위기 씹창난거 알면 좀 그만하지 ㅋㅋ 한줄 요약 : 여기서 지랄말고 걍 니네둘이 맞짱까서 후기나 쳐 올리라고 ㅋㅋ,병신 ㅋㅋ (222.116) 2021.10.20 20:01:20 스크랩 조회 192 추천 3 댓글 2,3,192,2021.10.20 20:01:20,https://gall.dcinside.com/mini/board/view/?id=bmhs&no=710&page=18
19,706,[일반],(근첩 저격)진짜 조용히 나가주려했는데...,175.205... 이새끼는 지가 패드립하고 지가 패드립 먹었다고 주장하는거냐..? 없는건 알았는데 교육정도는 해주고 간줄알았지.... 내가 처음에 이 글보고 그냥 음모론이 그렇지 뭐 하고 넘어가니까 이 새끼 옳타구니 하고 이 글 싸는거보고 경악을 금치 못했다ㅋㅋㅋ 인증 들어 가보자 가보자~ . . . . . . . . . . 내가 지난번에 쓴 글이다 만약에 쟤랑 나랑 동일인물이면 본인이 쓴 글 수정은 할 수 있겠지..? 아 념글 가서 못한다고..? 일단 저 수정 버튼 있는거부터 인증하고 비번 친거까지 인증해라 아 못하겠다고? 맞아야겠지? 애미 자궁 구룡터널 근첩새끼  주작글 컷! 언론조작까지 하는 봉갤! 진짜 지랄났다! 이새끼 인증못하고 사과글 올라오면 시원하게 패드립 박아주자! - dc official App,ㅇㅇ (221.160) 2021.10.20 19:23:43 스크랩 조회 286 추천 7 댓글 1,7,286,2021.10.20 19:23:43,https://gall.dcinside.com/mini/board/view/?id=bmhs&no=706&page=19
19,702,[일반],???: 살색 색연필 좀 전달해줄래?,.,ㅇㅇ (203.226) 2021.10.20 15:12:54 스크랩 조회 226 추천 11 댓글 2,11,226,2021.10.20 15:12:54,https://gall.dcinside.com/mini/board/view/?id=bmhs&no=702&page=19
19,700,[일반],봉명고갤러리 근본이 청주고갤러리임?,ㅈㄱㄴ,ㅇㅇ (223.39) 2021.10.20 14:35:39 스크랩 조회 382 추천 2 댓글 7,2,382,2021.10.20 14:35:39,https://gall.dcinside.com/mini/board/view/?id=bmhs&no=700&page=19
19,699,[일반],이번 사건의 의문점,그냥 쉽게 애미좌와 반갈죽좌라고 부르겠음 사건요약하면 먼저 애미좌가 댓으로 패드립을 날렸는데 반갈죽좌가 그거 보고 혼자 급발진하다가 ㅈ발린거잖아 근데 반갈죽좌가 발진한거에 비하면 너무 빨리 꼬리내린 것같음 솔직히 반갈죽좌 마지막 글도 지가 쓴 글들이랑 모순도 많이 됨 억지일수도 있는데 디시에 산다는 놈이 디시앱을 안쓴다는 점도 이상함 그리고 애미좌는 저격이랍시고 반갈죽좌가 쓴 글을 언급해주질 않나 내가 보기엔 저격보다 약간 홍보같은 느낌? 그래서 내 주장은 애미좌와 반갈죽좌가 동일인물이 아닐까라는 생각을 해봄 이상 1학년ㄱㅇ가 공부하기 싫어서 ㅈ문가인척 하는 글을 마치겠습니다,ㅇㅇ (223.62) 2021.10.20 09:43:37 스크랩 조회 243 추천 6 댓글 5,6,243,2021.10.20 09:43:37,https://gall.dcinside.com/mini/board/view/?id=bmhs&no=699&page=19
19,698,[일반],요즘 봉갤에 쓰여지는 글 특징,저격투성이임,ㅇㅇ (223.39) 2021.10.20 01:01:23 스크랩 조회 231 추천 5 댓글 4,5,231,2021.10.20 01:01:23,https://gall.dcinside.com/mini/board/view/?id=bmhs&no=698&page=19
19,697,[일반],시험 2일차인데 갤이 이 지랄난건을 돌아보며,오늘의 갤을 둘러본 후기 꼬리 내릴거면 걍 야추를 떼라 진짜로 반으로 찢어버리고 싶노 ㅋㅋ,병신 ㅋㅋ (222.116) 2021.10.20 00:36:00 스크랩 조회 185 추천 4 댓글 2,4,185,2021.10.20 00:36:00,https://gall.dcinside.com/mini/board/view/?id=bmhs&no=697&page=19
19,696,[일반],오늘 글이 많아서 즐겁네요,,ㅇㅇ (125.186) 2021.10.19 23:51:49 스크랩 조회 149 추천 2 댓글 4,2,149,2021.10.19 23:51:49,https://gall.dcinside.com/mini/board/view/?id=bmhs&no=696&page=19
19,695,[일반],봉명고 갤러리 일동 이재명 지지선언,봉명고 갤러리 일동은 이재명 대통령을 지지합니다. 이재명 한다면 합니다 여러분...! - dc official App,ㅇㅇ (107.155) 2021.10.19 23:31:23 스크랩 조회 177 추천 1 댓글 2,1,177,2021.10.19 23:31:23,https://gall.dcinside.com/mini/board/view/?id=bmhs&no=695&page=19
19,694,[일반],제 1화) 고독한 미식가 - 장수복갈비,평화롭게 갤질하는 도중 이런 댓글을 발견하게된다... 맛있다...?  개씹파오후인 내가 처음 들어본 단어 '장수복' 일단 식당인거 같으니 검색 해보기로 했다... 식당이름은 장수복갈비.. 흠...그저 그런 식당으로 보인다... 사진을 보니 현기증이 나는군.... 그래서 한번 가보기로 했다... (사진을 못찍어 퍼온사진을 사용합니다) 제 1화) 장수복갈비 ​ ​ 일단 갈비집인 만큼 갈비만 판다... 간단히 배만 채우기 위해 4인분을 주문한다... 흠... 내가 생각한 4인분이 아니군 너무 많잖아...? 이 고기와 같이 나온 스끼들을 봐라 이 얼마나 아름다운가? 특히 이 선지해장국 너무 맛있다... 갈비가 익기 전 밥을 한그릇 해치워버렸군... 저 잘익은 속살을 봐라... 사진만 봐도 배가 고파지는군... 자 드가자~ 배가 고파서 맛있는건지 아님 진짜로 맛있는건지 눈물이 나오는군...(실제로는 안나옴) . . . . 자.. 이제 어느정도 배를 채웠으니 그걸 먹어볼까...? 자 드가자 ~ (후기) 일단 돼지갈비가 진짜 맛있었고 선지해장국이 예상 밖으로 맛있었음 사장님도 친절하시고 스끼들도 다 맛있더라 봉붕이들도 한번 가보는거 추천한다 (글은 처음이라 이상할 수도 있음 그리고 내돈내산이다) 그럼... ㅂㅂㅇ - dc official App,봉명고등학교화이팅 2021.10.19 23:00:24 스크랩 조회 366 추천 13 댓글 9,13,366,2021.10.19 23:00:24,https://gall.dcinside.com/mini/board/view/?id=bmhs&no=694&page=19
19,692,[일반],념글 주작질좀 처하지마세요,갤에서 싸우든 말든 상관없는데 주작으로 념글좀 씹창내지마세요 시험기간이라 예민한거아는데 좀만 서로 배려합시다,봉명고2021화이팅 2021.10.19 21:42:20 스크랩 조회 218 추천 6 댓글 3,6,218,2021.10.19 21:42:20,https://gall.dcinside.com/mini/board/view/?id=bmhs&no=692&page=19
19,689,[일반],강민수 이 씨발련아,일단 사과부터 하겠습니다 강민수씨 죄송합니다 악감정은 없습니다 이렇게라도 어그로 끌어서 175.205의 진상을 밝혀야 겠습니다 우리 175.205씨가 내 댓글보고 갑자기 풀발하길래 그가 쓴 글을 몇개 찾아보았다 어디 얼마나 재밌나 한번보자 . . . . . . . . ..? 그래..솔직히 노잼이긴한데 다른건 좀 볼만 하겠지.. . . . . . . . 하... +내로남불식 어투까지 이새낀 근첩이 확실함 지랄났다! 봉갤! 참고로 저 ㅆ련이 입 안터는 이상 민수친구 중재글을 봐서라도 이제 뇌절글 안쓸게 할짓 없어서 싸지른 글에 어떤애가 풀발하는게 너무 재밌어서 계속쓴다ㅋㅋㅋ 저새끼 이제 쿨찐 컨샙잡아서 입도 못털고 속으로 ㅂㄷㅂㄷ거리면서 한편으로 정신승리 할거 생각 하니까 후련하네 - dc official App,ㅇㅇ (118.235) 2021.10.19 20:16:53 스크랩 조회 572 추천 9 댓글 7,9,572,2021.10.19 20:16:53,https://gall.dcinside.com/mini/board/view/?id=bmhs&no=689&page=19
19,685,[일반],ㄴㅇㅁ 박은 유입이다ㅋㅋㅋㅋㅋㅋ,아니 이새끼는 진짜 없는것 같넼ㅋㅋㅋ 지도 똑같이 패드립 박으면서 모순되는건 못느끼는건가..? 또 다른 애가 ㄴㅇㅁ 한거는 그냥 넘어가는거봐ㅋㅋㅋㅋ 딱 문재인식 내로남불 내가 없는것 같으면 그냥 넘어가면 되지ㅋㅋㅋ ㅂㅅ 찐따같이 하나하나 토달면 ㅈㄴ 쌔보일것 같음? 찢는다고? 찢려봐~ 짲려봐~ 응 그래봤자 짖어대기 밖에 못하죠~ - dc official App,ㅇㅇ (118.46) 2021.10.19 18:05:54 스크랩 조회 377 추천 7 댓글 6,7,377,2021.10.19 18:05:54,https://gall.dcinside.com/mini/board/view/?id=bmhs&no=685&page=19
19,682,[일반],오늘 시험도 힘니ㅏ자,에스예스,ㅇㅇ (222.116) 2021.10.19 08:10:13 스크랩 조회 135 추천 2 댓글 5,2,135,2021.10.19 08:10:13,https://gall.dcinside.com/mini/board/view/?id=bmhs&no=682&page=19
19,681,[일반],ㅈ댓다,밀려서 마킹한거같은데 아,ㅇㅇ (222.116) 2021.10.18 19:50:51 스크랩 조회 166 추천 1 댓글 4,1,166,2021.10.18 19:50:51,https://gall.dcinside.com/mini/board/view/?id=bmhs&no=681&page=19
19,680,[일반],1학년 봉붕이 들아,오늘 역사 시험 어려웠냐 다들 점수 대략 말해줄 수 있노? - dc official App,봉붕1 (58.77) 2021.10.18 19:41:42 스크랩 조회 196 추천 2 댓글 6,2,196,2021.10.18 19:41:42,https://gall.dcinside.com/mini/board/view/?id=bmhs&no=680&page=19
19,679,[일반],운지하러간다,ㅂㅂㅇ,ㅇㅇ (175.205) 2021.10.18 15:18:04 스크랩 조회 155 추천 2 댓글 2,2,155,2021.10.18 15:18:04,https://gall.dcinside.com/mini/board/view/?id=bmhs&no=679&page=19
19,675,[일반],"자, 봉붕이들 시험 파이팅!",제발 좆대로 찍거나 던지지 말고 힘내라 파잍잉!,V (112.72) 2021.10.18 01:19:24 스크랩 조회 128 추천 4 댓글 2,4,128,2021.10.18 01:19:24,https://gall.dcinside.com/mini/board/view/?id=bmhs&no=675&page=19
19,674,[일반],내일 시험,공부안함...,계란밥된장국 2021.10.17 06:15:01 스크랩 조회 145 추천 1 댓글 2,1,145,2021.10.17 06:15:01,https://gall.dcinside.com/mini/board/view/?id=bmhs&no=674&page=19
19,673,[일반],본인 학사게이인데,아 시발 유튜브 보다가 레드스톤에게 걸려버렸다 나의 학교 생활은 ㅈ된것일까,꽃됐다 (222.116) 2021.10.17 01:56:26 스크랩 조회 221 추천 0 댓글 6,0,221,2021.10.17 01:56:26,https://gall.dcinside.com/mini/board/view/?id=bmhs&no=673&page=19
19,672,[일반],봉붕이의 맛집 리뷰 - 처음이자 마지막,"오늘 필자는 저녁으로 돼지갈비를 먹고왔다. 흔히 생각하는 양념갈비가 아닌 생갈비다. 오랜만에 방문하는지라 더욱 맛있게 먹고 왔다. 필자는 인스타충이 아니기에 사진따위는 찍지 않았다. 궁금하면 가서 직접 먹어봐라. 내덕동에 있는 갈빗집이다. 가게이름은 '대박 생갈비'다. 골목에 위치하여 생각보다 찾기 힘들다. 그래도 골목 바깥쪽에 있어 생각보다 찾기는 쉽다. 내부는 일반 가정집이다. 필자는 초6때 처음 가봤는데, 그 당시에는 테이블 수도 적었다. 현재는 인테리어 확장 공사를 하여, 1층뿐만 아니라 2층에도 테이블이 많이 생겼다. 메뉴는 간단하다. 생갈비와 참갈비, 그외에 된장찌개나 소면류같은 식사류가 있다. 묵은지등갈비 전골도 있지만, 필자는 안먹어봤기에 패스한다. 숯으로 고기를 굽는다. 그리고 불판도 특이하다. 다른 고깃집처럼 일자불판이 아니라 원형으로 되어있다. 테두리는 한칸 내려가있어서 마늘이나 김치를 고기기름에 굽기에 편하다. 이후에 등장하는 계란말이에 대해 설명할때 다시 등장한다. 고기 종류는 위에서 말했듯 생갈비와 참갈비가 있다. 글을 쓰는 날 기준으로, 생갈비는 200g에 14,000원, 참갈비는 250g에 15,000원이다. 역시나 필자는 생갈비밖에 안쳐먹어 봤기에 생갈비만 서술하겠다. 고기는 사장님이 직접 구워주신다. 우리는 신경쓸 필요없이 다 구워지면 먹으면된다. 소금, 쌈장, 파절이가 기본으로 나오는데, 필자는 소금과 파절이를 추천한다. 고기를 소금에 조금 찍은뒤에 파절이와 함께 먹으면 ㅈㄴ 맛있다. 그냥 ㅈㄴ 맛있다. 쌈장은 역시 국룰로 구운 마늘을 찍어먹으면 된다. 고기를 다먹어 갈때쯤, 사장님께서 계란 말이를 해주신다. 위에서 서술했던것처럼 기름빠지는 테두리에 만들어주신다. 계란 말이는 그냥 먹어도 맛있지만, 파절이를 넣으면 더 맛있다. 특히 소금과 파절이를 같이 먹었다면, 파절이에 소금이 묻으면서 간이 되는데, 그 파절이를 넣으면 더욱 맛있다. 사장님께서 인원수에 맞게 말아 주시기에 싸울 필요는 없다. 다만 양보는 하지말자. 고기를 다먹고 나서 식사류를 주문한다. 온/냉/비빔 국수와 공깃밥과 된장찌개가 있다. 필자의 추천은 된장찌개와 공깃밥이다. 이 집의 된장찌개는 현재까지 필자가 가본 모든 고깃집중 원탑이다. 꼭 먹어보길 추천한다. 거기에 남아있는 숯의 열기를 이용하여 마늘과 계란 말이를 구웠던 테두리에 김치를 굽는다. 김치를 구울 경우 양념이 남기 때문에 고기를 먹으면서 굽지말고 다 먹은후에 굽도록 하자. 고기 기름에 김치를 굽고, 구운 김치와 밥을 같이 먹으면 이게 야스다. 국수류는 일반 소면이다. 필자가 방문한지 얼마 안되었을때는 국수를 먹었지만, 된장찌개의 맛을 본 이후로 된장찌개만 먹었기에 기억이 나지않아 궁금하면 직접 먹어보길 바란다. 맛이 없지 않다. 상타정도는 치는걸로 기억한다. 이 가게가 닉값을 해버리는 바람에 저녁시간에 가면 미어터진다. 예약이 가능하기에 예약을 하는것을 추천한다. 또한 매주 일요일은 휴무이기에 일요일에 갔다가 헛걸음질은 하지말자. 나만의 작은 고깃집이 머기업이 된것에 또락스가 웅장해져 이 글을 쓰게 된다. - dc official App",간장계란밥 2021.10.16 22:14:44 스크랩 조회 232 추천 3 댓글 7,3,232,2021.10.16 22:14:44,https://gall.dcinside.com/mini/board/view/?id=bmhs&no=672&page=19
19,670,[일반],10월 18일....,"*시^^험...ㄷ,.,ㅗ중.. ..,코로ㄴ....^나,^,...?가!~나,..,..;``옴^""",ㅇㅇ (125.186) 2021.10.16 19:51:42 스크랩 조회 120 추천 0 댓글 2,0,120,2021.10.16 19:51:42,https://gall.dcinside.com/mini/board/view/?id=bmhs&no=670&page=19
19,669,[일반],그래서 파딱게이 비추 왜이리 박히는건데,ㄹㅇㅋㅋ,ㅇㅇ (112.72) 2021.10.15 23:20:37 스크랩 조회 161 추천 0 댓글 2,0,161,2021.10.15 23:20:37,https://gall.dcinside.com/mini/board/view/?id=bmhs&no=669&page=19
19,667,[일반],와 시험 ㅈ댓다,격리 2주간 아무거도안함 시험은 4일전인데 실감도안나서 공부 손에안잡힘....... 미치겠다,ㅇㅇ (222.116) 2021.10.15 02:28:07 스크랩 조회 141 추천 3 댓글 2,3,141,2021.10.15 02:28:07,https://gall.dcinside.com/mini/board/view/?id=bmhs&no=667&page=19
19,664,[일반],와 치킨 다리만 쌓아두고먹네,ㅈㄴ부럽다 대기업 회장되면 저런짓 매일할수있겠지?,ㅇㅇ (115.20) 2021.10.13 14:16:26 스크랩 조회 176 추천 1 댓글 2,1,176,2021.10.13 14:16:26,https://gall.dcinside.com/mini/board/view/?id=bmhs&no=664&page=19
19,662,[일반],니들 학교 언제부터 가냐?,형아도 너네처럼 학교못가고 집에 있는데 너네 공부는 어떻게 하고있는거냐...?? 중간고사? 수능? 모르겠고 우선 얼불춤 샀는데 재밌더라 한시간만에 6스테이지를 오긴 왔는데 손이 자꾸 떨리네 그냥 하던 스타나 할까 같이 스타나 할 사람?,ㅇㅇ (112.72) 2021.10.12 22:22:15 스크랩 조회 156 추천 2 댓글 7,2,156,2021.10.12 22:22:15,https://gall.dcinside.com/mini/board/view/?id=bmhs&no=662&page=19
19,661,[일반],시험기간이라 그런가,글도 잘 안올라오고 가끔 올라오는 글도 ㅈ노잼이네,ㅇㅇ (175.205) 2021.10.12 21:52:29 스크랩 조회 280 추천 6 댓글 7,6,280,2021.10.12 21:52:29,https://gall.dcinside.com/mini/board/view/?id=bmhs&no=661&page=19
19,658,[일반],박근혜 대통령을 다시 청와대로,꽃이 지고 나서야 봄이였는줄 알았읍니다 ㅠㅠ,ㅇㅇ (211.36) 2021.10.12 13:27:32 스크랩 조회 142 추천 2 댓글 3,2,142,2021.10.12 13:27:32,https://gall.dcinside.com/mini/board/view/?id=bmhs&no=658&page=19
19,657,[일반],요즘 lck 씹호감임,ㄹㅇ,ㅇㅇ (182.211) 2021.10.12 09:29:30 스크랩 조회 134 추천 1 댓글 1,1,134,2021.10.12 09:29:30,https://gall.dcinside.com/mini/board/view/?id=bmhs&no=657&page=19
19,655,[일반],등교,"안녕하세요. 봉명고등학교 입니다. [Web발신] 안녕하세요. 봉명고등학교입니다. 우리학교에서 코로나19 확진학생이 발생함에 따라 9월 30일(목) ~ 10월 13일(수)까지 2학년 수업을 원격수업으로 전환하게 됨을 안내드립니다. 원격수업 기간동안 가정에서는 항상 방역 수칙(자가진단, 마스크, 손씻기, 거리두기 등)을 잘 지켜 안전한 학교가 되도록 적극 협조 해주시기 드립니다. - 봉명고등학교 - 목금 등교잖아 구라핑 ㄴ - dc official App",ㅇㅇ (39.124) 2021.10.10 23:37:57 스크랩 조회 159 추천 0 댓글 1,0,159,2021.10.10 23:37:57,https://gall.dcinside.com/mini/board/view/?id=bmhs&no=655&page=19
19,654,[일반],봉붕이의 망상,우리가 수 목 금 등교하잖아 근데 만약에 저 삼일중에 코로나 확진자가 만약에 나온다? 그러면 극적인 시험 연기각 아니냐?,ㅇㅇ (115.20) 2021.10.10 17:42:46 스크랩 조회 228 추천 7 댓글 7,7,228,2021.10.10 17:42:46,https://gall.dcinside.com/mini/board/view/?id=bmhs&no=654&page=19
19,653,[일반],물리학자 3명이 탄 차,"하이덴베르크의 불확정성 원리 : 우리는 사물의 이동속도와 위치 둘 중 하나만을 알 수 있고, 하나를 알게 된다면 다른 하나는 알수 없는 상태가 된다. 슈뢰딩거의 고양이 : 독극물, 방사선 발생 장치, 쥐덫, 먹이, 빵 등이 담긴 상자 안에 고양이를 넣은 후, 그 상자를 열어 내부에 있는 고양이의 상태를 확인하기 전까진 고양이의 생사 여부를 알 수 없다. 옴 : 전기 저항의 단위.",봉명고2021화이팅 2021.10.10 16:36:26 스크랩 조회 199 추천 0 댓글 1,0,199,2021.10.10 16:36:26,https://gall.dcinside.com/mini/board/view/?id=bmhs&no=653&page=19
19,652,[일반],이게 나라냐,ㅅㅂ,ㅅㅂㅅㅂ (211.36) 2021.10.08 09:42:34 스크랩 조회 152 추천 3 댓글 3,3,152,2021.10.08 09:42:34,https://gall.dcinside.com/mini/board/view/?id=bmhs&no=652&page=19
19,651,[일반],다들 백신 신청함?,신청하는데 시간이 남아도네,계란밥된장국 2021.10.07 22:20:38 스크랩 조회 152 추천 1 댓글 3,1,152,2021.10.07 22:20:38,https://gall.dcinside.com/mini/board/view/?id=bmhs&no=651&page=19
19,648,[일반],여러분 이것 좀 해주세요,http://naver.me/5nc8ytpP 혹시 가능하면 공유도 해주세요~,환경투표 (175.205) 2021.10.07 11:45:45 스크랩 조회 173 추천 1 댓글 8,1,173,2021.10.07 11:45:45,https://gall.dcinside.com/mini/board/view/?id=bmhs&no=648&page=19
19,647,[일반],슬픈냐옹 입갤,- dc official App,슬픈냐옹 2021.10.07 00:14:38 스크랩 조회 164 추천 1 댓글 4,1,164,2021.10.07 00:14:38,https://gall.dcinside.com/mini/board/view/?id=bmhs&no=647&page=19
19,646,[일반],이거 어떻게 생각하냐 봉붕이들아?,https://www.insight.co.kr/news/361662?fbclid=IwAR36QvHtyHx70Ogq6VGypM0i03ovHlMoTE_mN0FHwrlgjGmsc2aleW2OKC4 ㅈ싸이트긴 한데 이런 건의나 하는 회장이니까 ㅈ반고 소리듣는 것 아니냐 상대적 박탈감을 느끼는 것도 사람마다 다른건데 저정도에 상대적 박탈감? 아니다 난 니네 의견이 듣고싶어 얘기좀 해주세여,수제깐풍기 (14.51) 2021.10.06 23:37:39 스크랩 조회 167 추천 0 댓글 3,0,167,2021.10.06 23:37:39,https://gall.dcinside.com/mini/board/view/?id=bmhs&no=646&page=19
19,645,[일반],님들 그거앎?,백신이 영어래 난 한자단어인줄알았음 영어로도 vaccine 이라는데 ㅈㄴ신기하네,ㅇㅇ (211.36) 2021.10.06 23:20:55 스크랩 조회 166 추천 1 댓글 2,1,166,2021.10.06 23:20:55,https://gall.dcinside.com/mini/board/view/?id=bmhs&no=645&page=19
19,643,[일반],봉명고 음모론,2학년에 테러리스트가 있는게 분명함 2학년 1학기 중간고사:코로나 터져서 시험 3~5일 뒤로밀림 2학년 1학기 기말고사:씨발 아직도 기억남 시험 전날에 서술형대비 조지고 있었는데 새벽2:30분 즈음에 문자와서 2주 뒤로 밀림 2학년 2학기 중간고사:지금도 코로나 확진자 떠서 시험 5일 뒤로 밀림 이쯤돼  누군가 바이러스를 보관하고 있다가 시험전에 터트리는게 맞는듯,ㅇㅇ (223.33) 2021.10.06 17:47:45 스크랩 조회 247 추천 2 댓글 4,2,247,2021.10.06 17:47:45,https://gall.dcinside.com/mini/board/view/?id=bmhs&no=643&page=19
19,642,[일반],매운맛의 정체.jpg,어렸을때 매운음식먹으면서 매운게 아니라 뜨거워서 찬 물 마시는가라고 허세부리던게 일리있는거였노 ㅋㅋ,ㅇㅇ (182.211) 2021.10.06 13:02:32 스크랩 조회 176 추천 2 댓글 5,2,176,2021.10.06 13:02:32,https://gall.dcinside.com/mini/board/view/?id=bmhs&no=642&page=19
19,635,[일반],호감고닉 EO25 저격합니다,이게 짜좡면이지 훠훠 - dc official App,코로나비엔 2021.10.03 17:38:55 스크랩 조회 146 추천 3 댓글 2,3,146,2021.10.03 17:38:55,https://gall.dcinside.com/mini/board/view/?id=bmhs&no=635&page=19
19,633,[일반],요즘엔 고등학교 갤러리도 있구나.,"형은 학생 때 집이 가난해서 공부를 못했다. 공부에 흥미가 없기도 했지만...... 그래서 지금 일용직 노가다꾼으로 일하고 있다. 일하면서 느낀 게 좀 있다. 노가다꾼이 그렇게 못할 만한 일은 아니라는 점, 학생 시절에 공부를 좀 더 했으면 더 편한 직업을 가졌을 거라는 점. 아침대기시간에 카페 엔 시가렛 하면서 주저리주저리 글 한번 써본다. 니들은 공부 열심히해서 노가다꾼 하지마라. 하지만 낭만 느껴보고싶으면 노가다 한번 뛰어보는거는 괜찮다고 생각한다 또.",ㅇㅇ (146.70) 2021.10.03 09:40:15 스크랩 조회 211 추천 1 댓글 5,1,211,2021.10.03 09:40:15,https://gall.dcinside.com/mini/board/view/?id=bmhs&no=633&page=19
19,631,[일반],본인도 보급품 받았다,ㅇㅇ,봉명고2021화이팅 2021.10.02 16:42:07 스크랩 조회 158 추천 1 댓글 1,1,158,2021.10.02 16:42:07,https://gall.dcinside.com/mini/board/view/?id=bmhs&no=631&page=19
19,629,[일반],야 3학년 게이인데,너네 없으니까 오늘 존나 한적하더라 학교가 되게 조용해 고3애들 수능 쳐 보고 학교 제대로 안나올 시점되면 어떤 느낌인지 알 듯 아 근데 3학년은 야자인원도 되게 없어서 더 심해 석식먹는데 그래 너네도 고생이지만 우리는 담주부터 석식 안나온다 게이들아ㅋㅋㅋ아 8000원 주고 누가먹냐고 신청자 거의 없어서 삭-제 쭵쭵 좌장면이나 먹으러 가야지 +그래서 본인들은 자가격리는 아니고 그냥 온클들인거지? 즐겁게 보내라 부럽다,피자떡볶이 (14.51) 2021.10.02 00:35:11 스크랩 조회 341 추천 5 댓글 5,5,341,2021.10.02 00:35:11,https://gall.dcinside.com/mini/board/view/?id=bmhs&no=629&page=19
19,628,[일반],ㅈ됐다,10시에 자서 지금일어남 담임 부재중 3통 수학 부재중 2통 경제 부재중 2통 ㅈ됐다 ㅈ됐다,PHILIPS 2021.10.01 23:41:40 스크랩 조회 155 추천 3 댓글 3,3,155,2021.10.01 23:41:40,https://gall.dcinside.com/mini/board/view/?id=bmhs&no=628&page=19
19,626,[일반],뭔가 오해가 있는 것 같슙뉘다.,"여러분이 지지해서 당선된 대통령이고, 대가리가 깨져도 지지한다고 했던 건 여러분입니다. 훠훠...... 내년 대선에서도 또 저 뽑으시면 문재인 게임의 본편을 체험하실 수 있슐궙니다........ 본게임에는 삼성등 대기업 해체, 북한에 한국 중요 기술 넘겨주기, 한남충들의 거세가 있을 예정입니다....훠훠",ㅇㅇ (182.211) 2021.10.01 18:56:44 스크랩 조회 151 추천 0 댓글 1,0,151,2021.10.01 18:56:44,https://gall.dcinside.com/mini/board/view/?id=bmhs&no=626&page=19
19,625,[일반],코로나 검사 후다형님들 도와줘,지금 코로나 선별 아다 때려는데 많이 아프냐? ㅈㄴ 무섭다 ㅠㅠ - dc official App,봉붕1 (211.36) 2021.10.01 11:01:58 스크랩 조회 187 추천 2 댓글 3,2,187,2021.10.01 11:01:58,https://gall.dcinside.com/mini/board/view/?id=bmhs&no=625&page=19
19,624,[일반],1학년 확진자 입갤함?,거 좆됬구만,계란밥된장국 2021.10.01 09:36:08 스크랩 조회 220 추천 0 댓글 4,0,220,2021.10.01 09:36:08,https://gall.dcinside.com/mini/board/view/?id=bmhs&no=624&page=19
19,623,[일반],그만해~~ 우리 이러다가 다 죽어~~,진짜 죽는다고 씻팔,10101강민수 2021.10.01 08:15:54 스크랩 조회 487 추천 25 댓글 6,25,487,2021.10.01 08:15:54,https://gall.dcinside.com/mini/board/view/?id=bmhs&no=623&page=19
19,622,[일반],잇 싓팔,2학년도 확진자 나오고 1학년도 나왔는데 오늘 가면 3학년 빼박 걸리는거 아니냐?,ㅇㅇ (58.121) 2021.10.01 07:35:43 스크랩 조회 166 추천 1 댓글 3,1,166,2021.10.01 07:35:43,https://gall.dcinside.com/mini/board/view/?id=bmhs&no=622&page=19
19,621,[일반],이게 맞냐?,이틀연속 확진자 - dc official App,봉붕1 (58.77) 2021.10.01 07:32:10 스크랩 조회 141 추천 3 댓글 1,3,141,2021.10.01 07:32:10,https://gall.dcinside.com/mini/board/view/?id=bmhs&no=621&page=19
20,618,[일반],코로나 걸린년,8반이라는데 개 시@발련때문에 나도 밀접접촉자네 개 족같은 ㅅ발련 주말에 약속있는데 개 족같은년 시발 개 시발 내가 뒤질때까지 저주한다 개 시발련 어딜 싸돌아다니다가 코로나가 쳐걸리노? ㅣ발 개 ㅈ같은 년 마스크좀 똑바로 쓰고있지 개 시@밞낭ㅁ낭ㅂㅈㅇ잠암ㄴ앜ㅌㅊ키답잗,ㅇㅇ (1.246) 2021.09.30 17:37:28 스크랩 조회 219 추천 3 댓글 3,3,219,2021.09.30 17:37:28,https://gall.dcinside.com/mini/board/view/?id=bmhs&no=618&page=20
20,617,[일반],자가격리 입갤,박아버렸네 - dc official App,코로나비엔 2021.09.30 17:21:23 스크랩 조회 134 추천 0 댓글 0,0,134,2021.09.30 17:21:23,https://gall.dcinside.com/mini/board/view/?id=bmhs&no=617&page=20
20,616,[일반],그래서 코 찌르러가는거냐?,담임도 아무말없노,ㅇㅇ (1.246) 2021.09.30 10:09:25 스크랩 조회 131 추천 1 댓글 2,1,131,2021.09.30 10:09:25,https://gall.dcinside.com/mini/board/view/?id=bmhs&no=616&page=20
20,615,[일반],뭐하지,시발 할거없는데 뭐하지,ㅇㅇ (1.246) 2021.09.30 09:02:18 스크랩 조회 131 추천 1 댓글 1,1,131,2021.09.30 09:02:18,https://gall.dcinside.com/mini/board/view/?id=bmhs&no=615&page=20
20,613,[일반],우리 학교에서 확진자 나온건데,2학년 중에 나온거라 2학년만 집 가는거라고? 에바임 - dc official App,봉붕1 (211.36) 2021.09.30 07:58:54 스크랩 조회 149 추천 2 댓글 1,2,149,2021.09.30 07:58:54,https://gall.dcinside.com/mini/board/view/?id=bmhs&no=613&page=20
20,612,[일반],집가고싶다,"확진자 나온건 학교 인데 2학년만 집가는거 좀 부럽농,,,",ㅇㅇ (222.116) 2021.09.30 07:57:40 스크랩 조회 120 추천 1 댓글 1,1,120,2021.09.30 07:57:40,https://gall.dcinside.com/mini/board/view/?id=bmhs&no=612&page=20
20,611,[일반],등교중지?등교중지?등교중지?등교중지?등교중지?,씨빨 시험 어뜩함 책은 어떻게 가져가지,계란밥된장국 2021.09.30 07:43:25 스크랩 조회 177 추천 0 댓글 6,0,177,2021.09.30 07:43:25,https://gall.dcinside.com/mini/board/view/?id=bmhs&no=611&page=20
20,608,[일반],개념없는 놈들 개싫음,어제 누가 내 발 밟고 갔는데 미안하다는 말 한마디도 안하고 가네 다시 내눈에 띄면 죽빵갈긴다,ㅇㅇ (222.116) 2021.09.28 20:33:01 스크랩 조회 316 추천 7 댓글 9,7,316,2021.09.28 20:33:01,https://gall.dcinside.com/mini/board/view/?id=bmhs&no=608&page=20
20,605,[일반],고닉 '분위기감별사' 저격한다,왜 라면의정석 안올리냐? 넌 호감고닉 탈락이다 ㅉㅉ,가나다라마바사 (222.116) 2021.09.28 00:30:58 스크랩 조회 166 추천 4 댓글 3,4,166,2021.09.28 00:30:58,https://gall.dcinside.com/mini/board/view/?id=bmhs&no=605&page=20
20,604,[일반],오늘의 피아노 추천곡,https://www.youtube.com/watch?v=S27lTdYA1QI 마녀 딸배 키키 ost - 바다가 보이는 마을,봉명고2021화이팅 2021.09.27 22:39:26 스크랩 조회 151 추천 2 댓글 1,2,151,2021.09.27 22:39:26,https://gall.dcinside.com/mini/board/view/?id=bmhs&no=604&page=20
20,603,[일반],개 ㅈ같은 학교,시발 개족같은 학교 시발 시발 시발 시밠 ㅣㅂ자앙ㅁ낭ㅁㄴ암ㄴ압징ㅈ망;남암낭;ㅣㅏㅋ탗;ㅋ티ㅏㅇ마낭ㅁㄴ;ㅏㄷㅂㅈㄷ,ㅇㅇ (1.246) 2021.09.27 01:23:26 스크랩 조회 179 추천 2 댓글 3,2,179,2021.09.27 01:23:26,https://gall.dcinside.com/mini/board/view/?id=bmhs&no=603&page=20
20,602,[일반],랄부친구,이거 컨셉이겠지 실제로 저렇게 싸고 다니면 길가다가 스피어 꽂고 싶노 - dc official App,코로나비엔 2021.09.26 14:25:11 스크랩 조회 176 추천 4 댓글 3,4,176,2021.09.26 14:25:11,https://gall.dcinside.com/mini/board/view/?id=bmhs&no=602&page=20
20,601,[일반],이거보니까 튀김못먹겠다....,편의점 튀김기 사진이래 ㅈㄴ더럽다 진짜,ㅇㅇ (182.211) 2021.09.26 00:46:35 스크랩 조회 202 추천 0 댓글 4,0,202,2021.09.26 00:46:35,https://gall.dcinside.com/mini/board/view/?id=bmhs&no=601&page=20
20,600,[일반],이 강사 아는 봉붕이 있냐?,이창무 과거 대치동 미적분을 쓸어먹던 시절을 가진 강사 한석원보다 나이 많아보이는데 나이차이 좀 남(적음) 대표문제집은 문해전이 있는데 문제가 노답이라 무뇌전이라고 ㅈㄴ불리는데 문제집 거의 최상위 수준임 (근데 올해는 그정도는 아니라더라) 인강을 모르거나 유명강사만 듣는애들은 모르는 숨겨진 노장(그 분 아님) 우리학교에 수강생이 있긴할까? 참고로 올해 기하 안하심ㅋㅋㅋㅋㅋㅋ,토요일은쉴래 (112.72) 2021.09.25 15:09:58 스크랩 조회 181 추천 0 댓글 2,0,181,2021.09.25 15:09:58,https://gall.dcinside.com/mini/board/view/?id=bmhs&no=600&page=20
20,599,[일반],아 마블 앰뒤련들,씨발 캡틴아메리카 게이만들더니 아주 다 게이에 레즈로 만들려고환장하노 ㅆㅂ,ㅇㅇ (115.20) 2021.09.25 15:04:36 스크랩 조회 131 추천 0 댓글 1,0,131,2021.09.25 15:04:36,https://gall.dcinside.com/mini/board/view/?id=bmhs&no=599&page=20
20,598,[일반],헬기 조종하는 게임,.,ㅇㅇ (222.116) 2021.09.24 20:31:38 스크랩 조회 220 추천 8 댓글 6,8,220,2021.09.24 20:31:38,https://gall.dcinside.com/mini/board/view/?id=bmhs&no=598&page=20
20,596,[일반],함부로 좌절하지마,"대통령은 문재인이고 180여석의 의석이 있는 것이고 또, 내가 있잖아 그저 좇됐다......대 한 민 국!",ㅇㅇ (222.116) 2021.09.24 07:43:53 스크랩 조회 206 추천 5 댓글 1,5,206,2021.09.24 07:43:53,https://gall.dcinside.com/mini/board/view/?id=bmhs&no=596&page=20
20,595,[일반],응애 졸려,응애 통합과학 진도빼기싫어 응애..........,가나다라마바사 (222.116) 2021.09.24 00:10:34 스크랩 조회 116 추천 1 댓글 1,1,116,2021.09.24 00:10:34,https://gall.dcinside.com/mini/board/view/?id=bmhs&no=595&page=20
20,594,[일반],임티 이거 ㅈㄴ귀엽네 ㅋㅋㅋㅋ,바로샀다,ㅇㅇ (222.116) 2021.09.23 21:18:36 스크랩 조회 168 추천 0 댓글 3,0,168,2021.09.23 21:18:36,https://gall.dcinside.com/mini/board/view/?id=bmhs&no=594&page=20
20,592,[일반],중간 얼마안남았다,다들 열공하자,ㅇㅇ (222.116) 2021.09.23 01:26:20 스크랩 조회 149 추천 2 댓글 4,2,149,2021.09.23 01:26:20,https://gall.dcinside.com/mini/board/view/?id=bmhs&no=592&page=20
20,590,[일반],내일 학교감,숙제해야함;;,계란밥된장국 2021.09.22 22:47:28 스크랩 조회 136 추천 1 댓글 2,1,136,2021.09.22 22:47:28,https://gall.dcinside.com/mini/board/view/?id=bmhs&no=590&page=20
20,589,[일반],남자 인스타충 특징 ㄹㅇ,다 맞는말인가같은데 ㅋㅋㅋㅋㅋ,ㅇㅇ (211.36) 2021.09.22 19:50:30 스크랩 조회 796 추천 0 댓글 1,0,796,2021.09.22 19:50:30,https://gall.dcinside.com/mini/board/view/?id=bmhs&no=589&page=20
20,588,[일반],방사성 붕괴하는 우라늄,두꺼운 선은 알파 입자(헬륨 원자핵) 거미줄정도의 아주 얇은 선은 베타 입자(양전자) 감마선은 전자기파라 관찰안된다 핵물리학과 가는놈 있냐?,봉명고2021화이팅 2021.09.22 18:46:40 스크랩 조회 147 추천 0 댓글 2,0,147,2021.09.22 18:46:40,https://gall.dcinside.com/mini/board/view/?id=bmhs&no=588&page=20
20,587,[일반],봉붕이 겜하다 미친놈만났다 ㅋㅋㅋㅋㅋ,위에가 닉 아래가 곡 이름인데 ㅅㅂㅋㅋㅋㅋㅋㅋㅋㅋㅋㅋㅋㅋ,ㅇㅇ (182.211) 2021.09.22 13:32:22 스크랩 조회 168 추천 2 댓글 6,2,168,2021.09.22 13:32:22,https://gall.dcinside.com/mini/board/view/?id=bmhs&no=587&page=20
20,586,[일반],봉붕이 '선생' 발언,친척들 다 있는데서 학생 뒷담이나 까는 개념 말아먹은 선생때문에 학교에서 공부하기 좆같아요~ 이얘기 하다가 그 선생이 저보고 ~  발언 와중에 생각해보니 이 자리에 선생님이 두 분이 계셨구나 현직 중등교사 한 분에 현직 교감 한 분 ... 조카가 선생이라는 단어를 쓰는 걸 보고 되게 놀라시고... 음 제가 잘못해써요 당연히 쌤들 앞에선 안 그러죠 근데 그 선생은 좆같아요~ 하면서 두 분도 '거 이상한 선생이네'라고 해주시며 사건은 일단락 되고 ... 후ㅋㅋㅋㅋ 그래도 그 선생ㅅㄲ보다는 훨씬 좋은 분들이다 진짜 내 주변엔 그 선생새끼같은 사람이 없어서 다행이다 진짜 아 대부분의 봉붕이들은 누굴 얘기하는지 잘 모르겠구나,ㅇㅇ (112.72) 2021.09.22 01:05:12 스크랩 조회 188 추천 1 댓글 4,1,188,2021.09.22 01:05:12,https://gall.dcinside.com/mini/board/view/?id=bmhs&no=586&page=20
20,585,[일반],죽을뻔,1차로 몸에 전률 와서 뒤질뻔한거 현재 다시 39.3으로 오른다 열이 나는 경우 귀가 존나 아프다 몸에 전률과 힘이 빠지고 허리가 수시는 정도 왠지 다시 아프진 않다 대신 귀가 뜨겁다 학교 인원 수 줄면 나다 충격 39.6입갤… 쭵 찍어부렸네 - dc official App,코로나비엔 2021.09.21 23:11:27 스크랩 조회 169 추천 2 댓글 2,2,169,2021.09.21 23:11:27,https://gall.dcinside.com/mini/board/view/?id=bmhs&no=585&page=20
20,584,[일반],아프진 않다,적응한건가 어젠 뒤지게 아팠는데 - dc official App,코로나비엔 2021.09.21 22:59:17 스크랩 조회 157 추천 0 댓글 3,0,157,2021.09.21 22:59:17,https://gall.dcinside.com/mini/board/view/?id=bmhs&no=584&page=20
20,583,[일반],파딱의 품격 11화 저격,필자는 봉갤 구경도중 파딱의 품격 11화와 마주쳤고 짜파게티의 모양새에 너무 빡친 나머지 스트 형님급 천지창조 샷건을 칠뻔하다 올리는 글이다. 자고로 짜파게티의 모양새란... 요고디 요고디 챠르릅 Eo25 게이는 ㅈ잡고 반성해라!!!!!!!!!!!!!,분위기감별사 2021.09.21 22:57:28 스크랩 조회 235 추천 7 댓글 5,7,235,2021.09.21 22:57:28,https://gall.dcinside.com/mini/board/view/?id=bmhs&no=583&page=20
20,580,[일반],봉봉이 브랜드 행,씁 너넨 이러지마라 - dc official App,코로나비엔 2021.09.21 00:29:47 스크랩 조회 165 추천 2 댓글 4,2,165,2021.09.21 00:29:47,https://gall.dcinside.com/mini/board/view/?id=bmhs&no=580&page=20
20,579,[일반],봉붕이 방금 미친놈봤다 ㅋㅋㅋㅋㅋ,"ㅁ친놈이 내 앞에서 전동킥보드 위에 타더니, 담배 하나를 꼬나물고 불을 딱 붙히더니, 그대로 킥보드를 타더라 ㅋㅋㅋㅋㅋㅋㅋ 근데 담배 연기가 어디로가겠냐? 한 10m쯤 가서 눈이 매운지 내려서 눈존나비비더라 ㅋㅋㅋㅋㅋㅋㅋ 진짜 개병신새낀가 싶었더 ㅋㅋㅋㅋㅋ 존나웃엇다 진짜 ㅋㅋㅋㅋㅋㅋㅋㅋ",성공한봉붕이 (173.205) 2021.09.20 15:20:57 스크랩 조회 180 추천 1 댓글 1,1,180,2021.09.20 15:20:57,https://gall.dcinside.com/mini/board/view/?id=bmhs&no=579&page=20
20,578,[일반],요즘 빡빡이들 많이보인다,기분이 좋다 앞으로 빡빡이가 더 늘었으면 좋겠다. 봉띵고 선배가.. - dc official App,봉명고등학교디시연합회 (110.70) 2021.09.20 14:04:16 스크랩 조회 178 추천 3 댓글 4,3,178,2021.09.20 14:04:16,https://gall.dcinside.com/mini/board/view/?id=bmhs&no=578&page=20
20,576,[일반],실시간 봉붕이......씨발.,집안에서 엄마랑 할매년 전부치는거 도와주는데 뒤에서 도와주지도 않는 틀딱 한.남년들이 열심히 홍준표 까내리는중 아까 나보고 어느당 지지하냐 물어봤을때 국힘이라할려다가 걍 정치잘모른다고 했는데 ㅆㅂ 30분동안 존나 3명이 나 설교하더라 홍준표가 안돼는이유 집값오르는게 전정권 똥이라느니 이명박 욕 등등........ 어휴 씨발 답답해서 다 때려치고 나가고싶다,ㅇㅇ (211.36) 2021.09.20 11:08:42 스크랩 조회 216 추천 5 댓글 2,5,216,2021.09.20 11:08:42,https://gall.dcinside.com/mini/board/view/?id=bmhs&no=576&page=20
20,575,[일반],라면의 정석 <육.개.장>,"오늘도 추석연휴라 엉덩이를 흔들고 있을 모든 봉띵고의 회원들은 다들 즐겁게 쉬고 있는가? 오늘은 아주 기깔나고 훌륭한 가성비를 보유하고 있는 육개장을 리뷰하도록 하겠다. 왜 대중적으로 알려진 라면을 먹느냐고 물어본다면 "" 내 맘. "" 말이 길었다 바로 영롱하고 빛깔나는 육개장 형님을 영접해보자. 주방에서 라면 하나 찾을려고 기웃기웃 거리다 발견한 육개장 쏴발면. 이건 못참치. 기깔나쥬? 샤라웃 투 마이 부모님 "" 가뭄 "" 총평 : 봉붕이들도 알겠지만은 이 작고 요망한 육개장은 깔 요소가 없다. 만약 있다한들 나트륨 함량이 전부이며 더 깔시에는 필자가 야마야마 상태가 되어 3대에 걸친 부모님의 안부를 물어볼 수 있으니 조심하길 바란다. 맛 ★ ★ ★ ★ ★ 가성비 ★ ★ ★ ★ ★ 오늘의 결론 : 오늘도 좋은 하루 되길 바란다 봉붕이들이여. '라면은 위대하다.' P.S : 필자의 건강을 고려하여 라면의 정석은 일주일에 2~3번 올라갈거 같다.   양해바란다",분위기감별사 2021.09.20 00:52:26 스크랩 조회 244 추천 9 댓글 12,9,244,2021.09.20 00:52:26,https://gall.dcinside.com/mini/board/view/?id=bmhs&no=575&page=20
20,574,[일반],봉붕이들아 이거 오징어게임,"오징어,게 임 ㅋㅋ",ㅇㅇ (175.205) 2021.09.19 21:44:15 스크랩 조회 250 추천 11 댓글 4,11,250,2021.09.19 21:44:15,https://gall.dcinside.com/mini/board/view/?id=bmhs&no=574&page=20
20,573,[일반],이새끼들은 밥만 처먹나 ㅋㅋㅋㅋㅋㅋ,다 먹는얘기야 아주,ㅇㅇ (182.211) 2021.09.19 20:57:00 스크랩 조회 146 추천 3 댓글 5,3,146,2021.09.19 20:57:00,https://gall.dcinside.com/mini/board/view/?id=bmhs&no=573&page=20
20,572,[일반],여기 짜장하나 배달 괜찮겠습니까?,예아 대신에 하나만 시키면 배달팁 붙습니다 가고나서 하나 더 시키지 마세요잉 그럼 지금출발합니다.....,ㅇㅇ (115.20) 2021.09.19 16:19:06 스크랩 조회 185 추천 4 댓글 3,4,185,2021.09.19 16:19:06,https://gall.dcinside.com/mini/board/view/?id=bmhs&no=572&page=20
20,571,[일반],라면의 정석 <신라면볶음면>,"반갑다 친구들 다들 추석 연휴 2일차를 즐겁게 보내고 있는가? 오늘 알아볼 라면은 바로 신라면볶음면이다. 라면의 정석은 우리 봉붕이들이 쉽게 접하지 못한 라면들을 리뷰하는 방향으로 정했으니 참고 바란다. 설명이 길었으니 닥치고 오늘의 라면을 알아보자 봉붕이들의 다음화를 내놓으라는 협박에 신성한 위로행위를 하던 필자는 황급히 편의점에 달려가 경건한 마음으로 라면을 구매하였다. 옆에 삼각김밥과 핫도그는 가볍게 무시해도 좋다 ""맛있겠지?"" 우흥~ 후루ㅜㅜㅜㅜㅜㅜㅜㅜㅜㅜㅜㅜㅜㅜㅜㅜㅜㅜㅜㅜ룩 ""Orgasm"" 총평 : 이 라면은 후춧가루로 인해 상당히 매콤하다. 맵찔이 봉붕이는 이 점 참고하길 바란다. 의외로 맛있긴 했다 또한, 이 라면은 기존 신라면보다 더 느끼하고 짠 맛이 좀 맛을 떨어뜨리는 매개체가 된 것 같았다. 맛 ★ ★ ★ ☆ ☆ 가성비 ★ ★ ★ ☆ ☆ 오늘의 결론 : 무지성으로 먹을 봉붕이에게는 신라면볶음면 한 번 먹어볼것을 권유한다. '라면은 위대하다.' P.S : 라면의 정석을 정기구독한 우리 봉붕이들에게 죄송함을 표한다. 내일 하나 더 올릴테니 노여움을 풀어주었음 좋겠다. 사랑한다 ♥",분위기감별사 2021.09.18 21:47:53 스크랩 조회 239 추천 8 댓글 12,8,239,2021.09.18 21:47:53,https://gall.dcinside.com/mini/board/view/?id=bmhs&no=571&page=20
20,570,[일반],요즘 디시하는사람들 많구나,독서실왔는데 옆에 여자분 공무원시험 갤러리 보시네,ㅇㅇ (115.20) 2021.09.18 15:28:39 스크랩 조회 179 추천 1 댓글 2,1,179,2021.09.18 15:28:39,https://gall.dcinside.com/mini/board/view/?id=bmhs&no=570&page=20
20,568,[일반],실시간 사설모의고사...... 미투운동 입갤 ㄷㄷ,ㅅㅂ,봉명고2021화이팅 2021.09.18 11:14:09 스크랩 조회 181 추천 3 댓글 3,3,181,2021.09.18 11:14:09,https://gall.dcinside.com/mini/board/view/?id=bmhs&no=568&page=20
20,567,[일반],붕붕이들 6일동안 어떻게보낼꺼?,나는 트위치보면서 디시하기,PHILIPS 2021.09.17 21:41:15 스크랩 조회 142 추천 1 댓글 5,1,142,2021.09.17 21:41:15,https://gall.dcinside.com/mini/board/view/?id=bmhs&no=567&page=20
20,566,[일반],쭵쭵이 식비......jpg,짜장면을 대체 얼마나처먹는거노,문크예거 (115.20) 2021.09.17 19:26:30 스크랩 조회 156 추천 3 댓글 2,3,156,2021.09.17 19:26:30,https://gall.dcinside.com/mini/board/view/?id=bmhs&no=566&page=20
20,565,[일반],남고 졸업사진,우리도 2학년에 머리긴 남자 한 명 있지 않냐?,ㅇㅇ (8.37) 2021.09.17 06:56:31 스크랩 조회 286 추천 0 댓글 3,0,286,2021.09.17 06:56:31,https://gall.dcinside.com/mini/board/view/?id=bmhs&no=565&page=20
20,564,[일반],라면의 품격 <케챂볶음면>,"반갑다 친구들 오늘도 봉명공고의 충실한 노예생활을 하느라 고생이 많았다. 오늘은 다름이 아닌 케챂볶음면에 대한 분석을 진행해보려고 한다. 왜 괜찮은 라면들 다 냅두고 케챂볶음면이나 쳐먹는지 궁금할 수도 있다. 하지만 내 맘이다. 꼬우면 필자에게 먹이고 싶은 라면 레시피를 댓글에 남겨두어라. 각설하고 바로 시작하자. 호기심에 사버린 케챂볶음면 군침이 싹 돌아 내 입이 침으로 침식당하기 전에 라면을 조리해보자. ""위꼴"" 우흥~ 한번 먹어보았다. ""Insert."" 총평을 하자면 먼저 방부제 맛이 겉돌아서 ㅈ같다는 필자의 결론이다. 라면 자체의 맛은 제 값을 하나, 방부제 맛 때문에 항상 고생하는 봉명의 노예들에게는 그닥 추천하고 싶지 않은 라면이었다. 맛 ★ ★ ★ ☆ ☆ 값어치 ★ ★ ☆ ☆ ☆ 오늘의 결론 : 이거 쳐먹을바에 콕콕콕 스파게티를 먹자. '라면은 위대하다.' P.S : Eo25의 의지를 이어 가업을 이어나가자고 결심을 한 필자는 열심히 기획을 하였지만 정작 Eo25 본인이 돌아와서 파딱의 품격을 쳐하고 있다. 10련.",분위기감별사 2021.09.16 23:11:56 스크랩 조회 333 추천 7 댓글 16,7,333,2021.09.16 23:11:56,https://gall.dcinside.com/mini/board/view/?id=bmhs&no=564&page=20
20,562,[일반],석식 ㅋㅋ,아니 ^ㅣ발 메뉴 좋은거 알겠는데 평소에 쳐오지도 않으면서 ㅈ같이도 많이 온다 ㅋㅋㅋㅋㅋ 돈 안내고 먹는 썅것들은 부1랄 비틀어 잡고 반성이나 하셈,양심 운-지 (222.116) 2021.09.16 19:49:56 스크랩 조회 204 추천 5 댓글 9,5,204,2021.09.16 19:49:56,https://gall.dcinside.com/mini/board/view/?id=bmhs&no=562&page=20
20,560,[일반],치킨뽑기 성공 ㅅㅅ,존나크다 진짜 이게야스지 ㅋㅋㅋㅋㅋㅋㅋ,치-킨 (222.116) 2021.09.16 17:10:43 스크랩 조회 170 추천 1 댓글 4,1,170,2021.09.16 17:10:43,https://gall.dcinside.com/mini/board/view/?id=bmhs&no=560&page=20
20,558,[일반],라면의 정석 (0),EO25의 의지를 이어서 라면의 정석 시작한다. 이의 따윈 받지 않는다.,분위기감별사 2021.09.15 22:57:15 스크랩 조회 213 추천 7 댓글 11,7,213,2021.09.15 22:57:15,https://gall.dcinside.com/mini/board/view/?id=bmhs&no=558&page=20
20,557,[일반],똥글,우히히히,ㅇㅇ (121.125) 2021.09.15 22:24:51 스크랩 조회 129 추천 1 댓글 2,1,129,2021.09.15 22:24:51,https://gall.dcinside.com/mini/board/view/?id=bmhs&no=557&page=20
20,556,[일반],봉붕이들에게 피임도구 하나 추천한다.,씨발!!!!!!!!!!!!!,ㅇㅇㅇ (222.116) 2021.09.15 19:02:35 스크랩 조회 190 추천 3 댓글 5,3,190,2021.09.15 19:02:35,https://gall.dcinside.com/mini/board/view/?id=bmhs&no=556&page=20
20,554,[일반],다들 동아리,어디임 동아리 추천좀 - dc official App,봉붕1 (211.36) 2021.09.15 16:56:47 스크랩 조회 177 추천 0 댓글 9,0,177,2021.09.15 16:56:47,https://gall.dcinside.com/mini/board/view/?id=bmhs&no=554&page=20
20,553,[일반],학교 끝,야자시작 - dc official App,현미잣밥 2021.09.15 16:43:21 스크랩 조회 112 추천 2 댓글 1,2,112,2021.09.15 16:43:21,https://gall.dcinside.com/mini/board/view/?id=bmhs&no=553&page=20
