페이지,게시글번호,말머리,제목,내용,글쓴이,추천수,조회수,날짜,링크
,6404,[일반],우리 학교 출신인물 꽤 익숙한 편이네,"나무위키에 눈꽃, 배칠수, 오진승. 나머진 모르겠다",ㅇㅇ (59.186) 2026.04.29 21:14:41 스크랩 조회 149 추천 1 댓글 0,1,149,2026.04.29 21:14:41,https://gall.dcinside.com/mini/board/view/?id=seilhs&no=6404&page=1
,6408,[일반],운동회 하는거 구경가야하는데,산책할겸 뭐하는지 보고싶네,이재빈 (106.101) 2026.05.16 23:11:33 스크랩 조회 84 추천 3 댓글 0,3,84,2026.05.16 23:11:33,https://gall.dcinside.com/mini/board/view/?id=seilhs&no=6408&page=1
,6405,[일반],06년도 21회 졸업생이다 질문 받는다,닉 이재빈 씹ㅋㅋㅋㅋㅋㅋㅋㅋ,이재빈 (61.101) 2026.05.04 16:28:18 스크랩 조회 142 추천 1 댓글 1,1,142,2026.05.04 16:28:18,https://gall.dcinside.com/mini/board/view/?id=seilhs&no=6405&page=1
,6402,[일반],내일 물리 화언 찍기 특강,물리 화학 2찍 ㄱㄱ,이재빈 (106.101) 2026.04.26 22:22:36 스크랩 조회 130 추천 3 댓글 2,3,130,2026.04.26 22:22:36,https://gall.dcinside.com/mini/board/view/?id=seilhs&no=6402&page=1
,6406,[일반],경천수는 노무현에게 감사해야 한다,2005년에 사립학교법을 개정하지 않았더라면 경천수가 교장될 일도 없었다. 오늘에서야 배바지 경천수 교장 탄생 소식 듣고 깜놀 ㅎㅎ 교장 돼서도 닭대가리 타령하실 건가 아무튼 인생은 오래 살고 볼 일이구나 좋은 일 있으면 술이나 사시지,경천수 (118.37) 2026.05.11 00:17:07 스크랩 조회 187 추천 19 댓글 2,19,187,2026.05.11 00:17:07,https://gall.dcinside.com/mini/board/view/?id=seilhs&no=6406&page=1
,6403,[일반],영어 몇번으로 찍을까요,ㅈㄱㄴ,ㅇㅇ (211.36) 2026.04.27 22:15:59 스크랩 조회 99 추천 1 댓글 1,1,99,2026.04.27 22:15:59,https://gall.dcinside.com/mini/board/view/?id=seilhs&no=6403&page=1
,6407,[일반],12년도 졸업생이다,"12학번 친구들아 잘사냐 나는 결혼도하고 애기도 생겼다. 아내가 임신했다. 시험끝날때마다 참새노래방 갔던거생각난다. 별반 큰 변곡점없이 살아온것같은데 이제 애기가 생긴다니 뭔가 큰 인생의 챕터가 하나 시작되는 것 같다. 졸업하고 대학생 때 인천 붙어있을 땐 부평 곰팅이피시방 구락부당구장가면 세일고놈들 많이봤는데 이제 10년이 지나고 부모님도 타지로 이사가시고 친구들 중 인천에 남아있는 사람도 없다. 니네도 세이헬로부터시작해서 감옥, 별밤까지 재미있게 놀았었냐 ? 나는 가요톱텐까진 안갔다. 학교처음 입학했을때 강당에모여 세일 경례소리에 압도됐던게 생각난다. 세일고 간다고 반삭하고 ,, 그렇게 학교생활 시작하고 했던 기억들이 이제 순간의 기억으로만 남았다. 점심시간에 축구농구, 주말에와서 축구했던 기억들이 아련하다. 올해 여름이 다가오고 햇살을 맞으니 그때가 가끔 생각난다. 지금 교장선생님이 되신 경천수선생님 달리기가 매우 빨랐었다. 그 스퍼트하시는 장면은 머리에 박혀있다. 경천수 선생님이 교장선생님이 됐다니 이거도 신기하다. 그 선생님께서 1학년때모의고사성적이 수능성적이다 했던게 생각나네 ㅋㅋㅋㅋ 지금은 그렇게 발언하면 민원 받는 시대가 된 것 같다. 지금도 제일 친한친구들은 세일고놈들이다. 다 잘됐다. 남고에서 머리말고 공부만 했는데 대학가더니 각자 다 알아서 여자도 잘만나고 세일고에서 너무 사람을 붙잡아 놨더니 애들이 미쳐 날뛰고 대학생활부터 날라다니더라. 나는 세일고 교육방식을 아직도 반대하는사람이다. 이제는 어디에서도 그렇게 하지 않겠지만 하여간 술한잔하고 집에서 맥주한잔하면서 추억에 잠긴다. 바람의나라 옛날버젼으로 나왔다해서 깔짝깔짝 해보는데 이제 이것도 못하겠다. 재학생들은 열심히 공부해라. 지금은 공부해 놔야 나중에 더 재미있게 놀 수 있다. 졸업하고 대학가면 무슨말이지 알거다. 명신여고 친구들이랑 친하게 지내라. 대학가면 가지치기 해야한다. 하여간 한잔했는데 10시도안됐다. 다들 열심히 살고 모두 화이팅하자 ! 바람하러간다.",이재빈 (221.143) 2026.05.14 21:46:59 스크랩 조회 167 추천 14 댓글 2,14,167,2026.05.14 21:46:59,https://gall.dcinside.com/mini/board/view/?id=seilhs&no=6407&page=1
,6401,[일반],각변환,,ㅇㅇ (211.36) 2026.04.22 19:43:10 스크랩 조회 150 추천 3 댓글 1,3,150,2026.04.22 19:43:10,https://gall.dcinside.com/mini/board/view/?id=seilhs&no=6401&page=1
,6400,[일반],19년졸업생 왔다,정한아쌤 계시냐,ㅇㅇ (106.101) 2026.04.13 23:15:45 스크랩 조회 173 추천 2 댓글 1,2,173,2026.04.13 23:15:45,https://gall.dcinside.com/mini/board/view/?id=seilhs&no=6400&page=1
,6398,[일반],요즘 세일고 쌤들 어떠냐?,ㄹㅇ 궁금함,이재빈 (115.138) 2026.04.05 12:17:47 스크랩 조회 248 추천 2 댓글 0,2,248,2026.04.05 12:17:47,https://gall.dcinside.com/mini/board/view/?id=seilhs&no=6398&page=1
,6397,[일반],영어권문화 시험 난이도 어떰?,선배님들 도와줘 !,이재빈 (58.238) 2026.04.05 00:36:46 스크랩 조회 138 추천 2 댓글 1,2,138,2026.04.05 00:36:46,https://gall.dcinside.com/mini/board/view/?id=seilhs&no=6397&page=1
,6399,[일반],실시간 2학년 화장실,1학년 인데 이거뭐노?,이재빈 (223.38) 2026.04.06 17:42:19 스크랩 조회 280 추천 0 댓글 0,0,280,2026.04.06 17:42:19,https://gall.dcinside.com/mini/board/view/?id=seilhs&no=6399&page=1
,6396,[일반],세일고 2026 입결 어케 됨??,ㅈㄱㄴ,ㅇㅇ (118.235) 2026.04.04 17:17:27 스크랩 조회 193 추천 1 댓글 0,1,193,2026.04.04 17:17:27,https://gall.dcinside.com/mini/board/view/?id=seilhs&no=6396&page=1
,6395,[일반],권현아 ㅇㄸ,- dc official App,이재빈 (39.122) 2026.04.01 08:11:01 스크랩 조회 162 추천 0 댓글 1,0,162,2026.04.01 08:11:01,https://gall.dcinside.com/mini/board/view/?id=seilhs&no=6395&page=1
,6393,[일반],지듣노,에어팟나가서사실지듣노같은건없어미안해그대신내가노래불러중게 요루니우칸데이타쿠라게노요나스키가하제타바스테노세오노좃케바아노나츠노키미가아타마니이루 킷토진세사이고노히오마에니오모우노다로젠부젠부무다쟈나캇테유카라아아킷토진세사이고노히키미가이나이코토가마다신지라레나이케도 아와이츠키니미토레테시마우카라우와이아시모토모미에즈니지분가타다노시미니미에루호도키즈카나이후리오스루노다카타치노나이우타데아사오에가이노다 츠즈쿠지킨노카케라오아츠메테이루타다스기루노오토노요하쿠니가쿠코타에와이츠혼노리치사나칸쵸에아이오히토츠마타네마타네요루니사쿠온도토토모루마데,8106번버스 (211.235) 2026.03.26 20:36:06 스크랩 조회 146 추천 0 댓글 1,0,146,2026.03.26 20:36:06,https://gall.dcinside.com/mini/board/view/?id=seilhs&no=6393&page=1
,6392,[일반],3모,역사 13점 인데 죽고싶다.,이재빈 (58.228) 2026.03.24 19:31:54 스크랩 조회 189 추천 1 댓글 2,1,189,2026.03.24 19:31:54,https://gall.dcinside.com/mini/board/view/?id=seilhs&no=6392&page=1
,6389,[일반],영어 에세이 쓸 책 추천해주세요,아무분야,ㅇㅇ (118.37) 2026.03.11 19:38:05 스크랩 조회 230 추천 3 댓글 4,3,230,2026.03.11 19:38:05,https://gall.dcinside.com/mini/board/view/?id=seilhs&no=6389&page=1
,6390,[일반],박영찬 암?,1학년인데 존잘임,이재빈 (118.235) 2026.03.22 16:58:42 스크랩 조회 218 추천 4 댓글 1,4,218,2026.03.22 16:58:42,https://gall.dcinside.com/mini/board/view/?id=seilhs&no=6390&page=1
,6388,[급식],급식 너무 맛있어요!!,감사합니다,&gt;&lt; (117.111) 2026.03.06 18:14:11 스크랩 조회 178 추천 1 댓글 1,1,178,2026.03.06 18:14:11,https://gall.dcinside.com/mini/board/view/?id=seilhs&no=6388&page=1
,6382,,,,익명,,,,https://gall.dcinside.com/mini/board/view/?id=seilhs&no=6382&page=1
,6370,,,,익명,,,,https://gall.dcinside.com/mini/board/view/?id=seilhs&no=6370&page=1
,6373,,,,익명,,,,https://gall.dcinside.com/mini/board/view/?id=seilhs&no=6373&page=1
,6376,,,,익명,,,,https://gall.dcinside.com/mini/board/view/?id=seilhs&no=6376&page=1
,6367,,,,익명,,,,https://gall.dcinside.com/mini/board/view/?id=seilhs&no=6367&page=1
,6366,,,,익명,,,,https://gall.dcinside.com/mini/board/view/?id=seilhs&no=6366&page=1
,6363,,,,익명,,,,https://gall.dcinside.com/mini/board/view/?id=seilhs&no=6363&page=1
,6362,,,,익명,,,,https://gall.dcinside.com/mini/board/view/?id=seilhs&no=6362&page=1
,6361,,,,익명,,,,https://gall.dcinside.com/mini/board/view/?id=seilhs&no=6361&page=1
,6360,,,,익명,,,,https://gall.dcinside.com/mini/board/view/?id=seilhs&no=6360&page=1
,6359,,,,익명,,,,https://gall.dcinside.com/mini/board/view/?id=seilhs&no=6359&page=1
,6358,,,,익명,,,,https://gall.dcinside.com/mini/board/view/?id=seilhs&no=6358&page=1
,6355,,,,익명,,,,https://gall.dcinside.com/mini/board/view/?id=seilhs&no=6355&page=1
,6357,,,,익명,,,,https://gall.dcinside.com/mini/board/view/?id=seilhs&no=6357&page=1
,6348,,,,익명,,,,https://gall.dcinside.com/mini/board/view/?id=seilhs&no=6348&page=1
,6347,,,,익명,,,,https://gall.dcinside.com/mini/board/view/?id=seilhs&no=6347&page=1
,6345,,,,익명,,,,https://gall.dcinside.com/mini/board/view/?id=seilhs&no=6345&page=1
,6344,,,,익명,,,,https://gall.dcinside.com/mini/board/view/?id=seilhs&no=6344&page=1
,6338,,,,익명,,,,https://gall.dcinside.com/mini/board/view/?id=seilhs&no=6338&page=1
,6337,,,,익명,,,,https://gall.dcinside.com/mini/board/view/?id=seilhs&no=6337&page=1
,6385,[일반],10년생야붕이 재배정결과나옴ㅋㅋ...,응붙었어 10명중6명붙었다는데 수고요~ 4명은 화이팅~!,이재빈 (39.124) 2026.03.01 20:32:47 스크랩 조회 258 추천 4 댓글 1,4,258,2026.03.01 20:32:47,https://gall.dcinside.com/mini/board/view/?id=seilhs&no=6385&page=1
,6331,,,,익명,,,,https://gall.dcinside.com/mini/board/view/?id=seilhs&no=6331&page=1
,6329,,,,익명,,,,https://gall.dcinside.com/mini/board/view/?id=seilhs&no=6329&page=1
,6320,,,,익명,,,,https://gall.dcinside.com/mini/board/view/?id=seilhs&no=6320&page=1
,6311,,,,익명,,,,https://gall.dcinside.com/mini/board/view/?id=seilhs&no=6311&page=1
,6318,,,,익명,,,,https://gall.dcinside.com/mini/board/view/?id=seilhs&no=6318&page=1
,6387,[일반],10 짬찌인데 세일 생각보다 좋노,진실로다가 좋노 아니면 처음이라 연막술이노?.,이재빈 (211.203) 2026.03.04 23:44:58 스크랩 조회 373 추천 7 댓글 3,7,373,2026.03.04 23:44:58,https://gall.dcinside.com/mini/board/view/?id=seilhs&no=6387&page=1
,6310,,,,익명,,,,https://gall.dcinside.com/mini/board/view/?id=seilhs&no=6310&page=1
,6384,[일반],수시 문과,진지하게 이 학교에서 준비 가능한가요??? 정시로 빠르게 트는게 유리하겠죠...,이재빈 (116.45) 2026.02.14 10:12:37 스크랩 조회 306 추천 1 댓글 5,1,306,2026.02.14 10:12:37,https://gall.dcinside.com/mini/board/view/?id=seilhs&no=6384&page=1
,6386,[일반],형왔다,강점현 샘 아직 계시나?,갤붕이 (211.36) 2026.03.02 18:00:24 스크랩 조회 173 추천 1 댓글 2,1,173,2026.03.02 18:00:24,https://gall.dcinside.com/mini/board/view/?id=seilhs&no=6386&page=1
,6383,[일반],08반,담임쌤 나온거 있냐 떡밥같은거라도,이재빈 (58.238) 2026.02.13 23:12:03 스크랩 조회 176 추천 1 댓글 0,1,176,2026.02.13 23:12:03,https://gall.dcinside.com/mini/board/view/?id=seilhs&no=6383&page=1
2,6293,[일반],JOAT,,ㅇㅇ (211.46) 2025.09.05 10:44:04 스크랩 조회 869 추천 41 댓글 2,41,869,2025.09.05 10:44:04,https://gall.dcinside.com/mini/board/view/?id=seilhs&no=6293&page=2
2,6292,[일반],이두희 빵집은 어디임?,ㄹㅇ?,이재빈 (121.125) 2025.09.04 20:04:01 스크랩 조회 661 추천 0 댓글 4,0,661,2025.09.04 20:04:01,https://gall.dcinside.com/mini/board/view/?id=seilhs&no=6292&page=2
2,6290,[일반],세일고 문과들은 들어라,들었으면 출발하라고 ㅋㅋ,레드멍돌 (1.243) 2025.09.03 21:47:09 스크랩 조회 1022 추천 17 댓글 2,17,1022,2025.09.03 21:47:09,https://gall.dcinside.com/mini/board/view/?id=seilhs&no=6290&page=2
2,6289,[일반],세번보면 죽는 사진.........jpg,,ㅇㅇ (211.46) 2025.09.03 10:14:52 스크랩 조회 631 추천 9 댓글 1,9,631,2025.09.03 10:14:52,https://gall.dcinside.com/mini/board/view/?id=seilhs&no=6289&page=2
2,6288,[일반],수학여행,가서 수영ㄱㄴ함?,이재빈 (211.46) 2025.09.02 21:56:28 스크랩 조회 315 추천 0 댓글 1,0,315,2025.09.02 21:56:28,https://gall.dcinside.com/mini/board/view/?id=seilhs&no=6288&page=2
2,6286,[질문],세붕이 이거 도서관에 기증 가능하노?,예아,ㅇㅇ (211.46) 2025.08.28 17:27:23 스크랩 조회 699 추천 13 댓글 8,13,699,2025.08.28 17:27:23,https://gall.dcinside.com/mini/board/view/?id=seilhs&no=6286&page=2
2,6279,[일반],학교에서 만난 얘랑 섹스했는데 왤케 힘드냐,똥꼬 아파..,ㅇㅇ (106.101) 2025.08.24 02:17:59 스크랩 조회 1087 추천 32 댓글 8,32,1087,2025.08.24 02:17:59,https://gall.dcinside.com/mini/board/view/?id=seilhs&no=6279&page=2
2,6276,[일반],00년생인데 이런 갤러리 있는거 처음 알아서 썰좀 끄적여봄,"2016년도에 입학함. 1학년썰만 풀 생각이고 2학년 3학년썰은 나중에 생각나면 품. 1. 김현민 1학년 담임 국어 김현민 선생님 프레임만 1600만원정도 하는 산악자전거로 출퇴근, 심지어 그리 멀지 않은 현장학습까지 자전거타고 오셨던 유쾌한 선생님이셨음. 엄하실 때도 있었지만 그때당시 선생님들 기준으로 정말 참교육자이셨음. 졸업할때 즈음에 당신이 담임맡으셨던 제자들 모아놓은 단톡방 있는데 채팅은 올라오는게 없지만 최대한 학생들 위해 힘써주시는 분이셨음. 2. KGB(김화성) 요즘 애들이 알지는 모르겠지만 KGB 김화성(화학)선생님이 계셨는데 1학년 학년부장? 그거 했었음. KGB는 얼굴을 안봐도 대충 오는지 안오는지 구분이 됐는데, 한 5미터 반경에서는 커피냄새가 진동을 하고 2미터 반경에서는 담배쩐내가 진동을 했음. 참고로 학년초때는 1학년 교무실(당시 5층)에서 운동장쪽 창문열어놓고 실내흡연하던 사람이다. 심화반이라고 해서 성적 상위권애들 독서실에 강제로 모아놓고 공부경쟁시키던 풍습이 있었는데 그해 여름방학때 애들 자습시키다가 밥먹으러 가라했는데 아래 롯데마트쪽에 애들이 싹다몰렸음. 지금도 그럴지 모르겠는데 거기 학생몰리면 물량처리가 안돼서 밥 ㅈㄴ늦게나와서 그거 먹고 2분 늦었나? 그때 2초 이상 지각한 애들 싹다 모아놓고 엎드려뻗쳐시킨다음에 알루미늄 빠따로 한대씩 팼었다. 진짜 지금생각해도 저때가 2016년이 맞나? 싶음 분명히 야만의 시대는 다 지났는데 걍 ㅄ학교가 맞는듯 ㅇㅇ 3. 은갈치(최ㅈㅅ) 필자 1학년때는 영어1 영어2라는 과목이 따로 있었음. 영어1은 뭐 일반 영어수업이랑 똑같고, 영어2는 다른 영어선생님 오셔서 영화틀어주거나 뭐 노래틀어주거나 노는 분위기였는데 우리반은 달랐음. 은갈치가 뭐 교육열에 불타올라서 1학년때부터 이런건 기본적으로 알아야 한다 하고 첫 컨텐츠로 암기시킨게 있는데 https://youtu.be/qp1E6GPBlug 게티스버그 연설문 암기시킴. ㅋㅋㅋㅋㅋㅋ 한 반에 28명 하던 시절인데 1트로 외운애들 아무도 없고 못외우니까 은갈치 개빡쳐서 니들 공부하려는 노력이 없다고 영어수업실? 거기서 플라스틱 빗자루로 애들 ㅈㄴ팼다. 그러고 통과 못한애들 그때 은갈치가 3학년 담임할땐데 3학년 교무실 앞에 일렬로 세워놓고 통과할때까지 자습도 못하게했음. 그래서 그때 그거 외운새끼들 어지간하면 지금도 외울걸? 일단 난 외움. 그러고나서 버틀러라는 최초 대통령 흑인집사영화 있는데 그거로 감상문쓰게하고 거진 1달반동안(일주일에 한번수업함) 28명 전원 발표시킴. 그래놓고 내용 맘에 안들면 앞에서 아령 대충 5kg짜리인가? 기억은 안나는데 이거 니네한테 던져버린다 이지랄하면서 빠꾸시킴. 그 다음에 뭐 영화는 니들이 이렇게 노력을 안하니까 그냥 책이나 읽자고 애들한테 영어 원문으로 된 책 한권씩 추천하라고했는데 부반장 ㅅㅂ새끼가 당시 아마존 판매 1등이라는 책 이거 쳐들고와서 바이럴해서 애들 이거 싹다 영어 원문으로 강매하고 읽음. 근데 ㅋㅋ 이게 의사가 암걸려서 죽을때까지 든 생각? 그런거 하면서 자기가 살아온 과정, 이런거 쓴 일대기인데 의사라서 의학용어 ㅈㄴ튀어나오는데 이거 영어사전 찾아봐도 안나오고 페이지도 무슨 3-400페이지 이지랄이라 진짜 부반장 찢어버린다 이지랄하면서 꾸역꾸역 읽음. 그런데 은갈치는 본인은 한페이지도 안읽고 애들한테 한문단씩 낭독-해설 반복시켰는데 이때 낭독이 시원찮거나 해설 제대로 못하면 욕 존나했음. 진짜 최악의 선생임. 뭐 그거말고 기억나는 선생님은 윤ㅇㄱ, 안영근쌤, 정수진선생님(당시 음악),전혜연선생님(당시 생명, 과학)강ㅅㅈ, 김구식선생님(지구과학), 이인경쌤정도 있는데 선생님썰은 뭐 위에가 압도적이라 생략함. 3. SINO부 Seil International Novel Organization 부 라는 자율동아리를 1학년애들끼리 만든적이 있음. 얘네 톡방이 2개로 나뉘었는데 하나는 라노벨 텍본공유방이랑 나머지 하나가 야ㅉ방이였는데 여기 동아리원애중 한명이 부모님한테 야ㅉ방을 걸림. 그래서 학교에 전화오고 김현민선생님 김ㅎㅅ, 강ㅅㅈ, 윤ㅇㄱ이랑 5자대면이였나? 윤ㅇㄱ없이 4자대면이였나? 해서 핸드폰 실시간검열당할 위기에 처했는데 거기 동아리부장애였나가 걸리기 1분?전인가에 야ㅉ방 폭파시켜서 살아남은 적 있다. 4. 딸재빈 딸재빈이 나 1학년때 나왔던걸로 기억함. 기억은 잘 안나는데 생명과학실에서 야동보다가 고3선배중 한명이 그거 보고 들어와서 어? 선생님 저랑 같은 사이트 쓰시네요? ㅇㅈㄹ해서 그걸로 소문 쫙퍼졌었음. 그러고 나 고3때 교장하는데 진짜 세상 부조리해보이더라 ㅋㅋ 5. 9반 소화기 폭파사건 그때 9반 담임이 강ㅅㅈ이였는데, 뭐 9반애 누구랑 강ㅅㅈ이랑 싸우다가였나? 뭐 하다가 9반 옆에 붙어있던 소화기를 어떤새기가 ㅈㄴ쎄게 던져서 터진적 있음. 그래서 앞에 10반까지 피해입고 강ㅅㅈ이 개지랄해서 쓸고 닦고 지랄한 적 있음. 이거 터진거랑 강ㅅㅈ이 지랄해서 쓸고 닦는건 직관했는데 뭐하다가 터진건지가 기억이 모호함. 아는놈 있으면 댓글써줘 일단 당장 기억나고 썰풀거리정도는 이정도 되는듯? 나머지 질문할거 있으면 댓 ㄱ",이재빈 (155.230) 2025.08.15 12:08:03 스크랩 조회 1050 추천 20 댓글 4,20,1050,2025.08.15 12:08:03,https://gall.dcinside.com/mini/board/view/?id=seilhs&no=6276&page=2
2,6275,[일반],두발자율화 되기 전에 머리 몇미리로 밀어야 됐었음?,ㅈㄱㄴ 선배님들 알려줘,이재빈 (211.226) 2025.08.13 13:48:29 스크랩 조회 264 추천 1 댓글 4,1,264,2025.08.13 13:48:29,https://gall.dcinside.com/mini/board/view/?id=seilhs&no=6275&page=2
2,6274,[일반],1학년 1학기 후기,시발 전학가고싶다ㅠㅠㅠㅠㅠㅠ,이재빈 (1.216) 2025.08.10 14:57:13 스크랩 조회 670 추천 12 댓글 3,12,670,2025.08.10 14:57:13,https://gall.dcinside.com/mini/board/view/?id=seilhs&no=6274&page=2
2,6273,[일반],사탐런 질문,"응애 사탐런 준비하려고 하는데 추천좀 하나는 사문을 확정했는데, 다른거 뭐 할지 모르겠음. 그래서 다른거 뭐 할지 추천좀 글고 사문.. 찾아보니까 윤성훈이 좋다 임정환이 좋다 그러는데 뭐가 더 좋아요?",이재빈 (58.238) 2025.08.10 10:55:04 스크랩 조회 268 추천 1 댓글 2,1,268,2025.08.10 10:55:04,https://gall.dcinside.com/mini/board/view/?id=seilhs&no=6273&page=2
2,6268,[일반],이재은 목욕탕에서 마주치면 뭐라 할지 궁금하다,이재은이 알아보면 그 뒤에 멘트들 ㅈㄴ 자극적일 듯,ㅇㅇ (175.118) 2025.08.05 22:26:34 스크랩 조회 574 추천 3 댓글 3,3,574,2025.08.05 22:26:34,https://gall.dcinside.com/mini/board/view/?id=seilhs&no=6268&page=2
2,6262,[일반],듀ㅓㅓ,.ㅌㅌ,이재빈 (182.209) 2025.08.05 17:20:16 스크랩 조회 116 추천 0 댓글 0,0,116,2025.08.05 17:20:16,https://gall.dcinside.com/mini/board/view/?id=seilhs&no=6262&page=2
2,6254,[일반],세일고 학생들아 아직도 선생들이 뒤통수 때리냐?,10년이 지나도 시발 트라우마인데 그 새끼 잘 지내냐? 불행했음 좋겠다,ㅇㅇ (121.125) 2025.08.03 00:10:11 스크랩 조회 764 추천 10 댓글 2,10,764,2025.08.03 00:10:11,https://gall.dcinside.com/mini/board/view/?id=seilhs&no=6254&page=2
2,6252,[일반],나 만약 학교가서 멘토어쩌고할때 아는척해주면,먹을거사줄게,ㅇㅇ (39.127) 2025.07.30 01:59:38 스크랩 조회 309 추천 0 댓글 1,0,309,2025.07.30 01:59:38,https://gall.dcinside.com/mini/board/view/?id=seilhs&no=6252&page=2
2,6249,[일반],ㅎㅇㅎㅇ,ㅎㅇ,ㅇㅇ (211.234) 2025.07.27 22:14:37 스크랩 조회 192 추천 1 댓글 1,1,192,2025.07.27 22:14:37,https://gall.dcinside.com/mini/board/view/?id=seilhs&no=6249&page=2
2,6246,[일반],졸업한지 20년된 졸업생인데,요즘에는 몽둥이로 패고 그런건 없죠? 불알잡고 흔들던 선생님 마대자루로 허벅지 찜질하던 선생님 승질난다고 학생물건 창밖으로 던지고 나가서 찾아오라고 하던 여선생님 잘들 계실까 모르겠네요.,이재빈 (125.180) 2025.07.19 18:02:34 스크랩 조회 448 추천 5 댓글 2,5,448,2025.07.19 18:02:34,https://gall.dcinside.com/mini/board/view/?id=seilhs&no=6246&page=2
2,6244,[일반],밑에뭐야,궁금해,이재빈 (211.235) 2025.07.17 18:41:04 스크랩 조회 225 추천 0 댓글 1,0,225,2025.07.17 18:41:04,https://gall.dcinside.com/mini/board/view/?id=seilhs&no=6244&page=2
2,6242,[일반],주딱!,,이재빈 (106.101) 2025.07.17 08:47:29 조회 239 추천 0 댓글 1,0,239,2025.07.17 08:47:29,https://gall.dcinside.com/mini/board/view/?id=seilhs&no=6242&page=2
2,6240,[일반],[스샷] 4대천왕 관련 정확한 썰. 소름 돋았다,이거 누가 썼음? 소름 돋았다 나랑 비슷한 시기에 다녔네 ㄹㅇ 저 새끼들 지금이면 다 깜빵갔음 4대천왕 말고도 정신병자들 많았음 참고로 글에 나온 꼭지 꼬집던 여자가 싸대기도 때렸던 여자임 교탁부터 사물함까지 싸대기 때리면서 밀쳐내는걸 자랑이랍시고 떠들고 다녔음 시대를 감안해도 유일하게 년놈들 갖다 붙일 수 있는 선생들임 초중고 생활 중 유일하게 세일고만 저 지랄 났었음,ㅇㅇ (180.70) 2025.07.16 16:17:15 스크랩 조회 1301 추천 46 댓글 1,46,1301,2025.07.16 16:17:15,https://gall.dcinside.com/mini/board/view/?id=seilhs&no=6240&page=2
2,6238,[일반],우왓...,"동성애자는 아닙니다만, 항문자위를 즐기는 편인데 절정 직전에 장액이 쏟아져 나왔네요. 신호도 없이.. 더욱이, 계란탕의 계란같은 희고 누런 건더기들이.. ㅡㅅㅡa; 몽글몽글. 아무 맛 없이 미끌거릴 뿐인 걸 보면 분명 배설물은 아닙니다만.. 뭐어, 각설. 벌써 해가 중천입니다. 식사는 하셨는지요.",이재빈 (211.200) 2025.07.14 13:38:51 스크랩 조회 510 추천 46 댓글 1,46,510,2025.07.14 13:38:51,https://gall.dcinside.com/mini/board/view/?id=seilhs&no=6238&page=2
2,6225,[일반],황인수쌤,진짜 존나 사랑한다 이분덕에 1학년 알차게보냄,루거 2025.07.04 23:08:32 스크랩 조회 548 추천 1 댓글 4,1,548,2025.07.04 23:08:32,https://gall.dcinside.com/mini/board/view/?id=seilhs&no=6225&page=2
2,6223,[일반],개명성형하는건 애들에게 말하지말고 오히려 비밀로해야하는거 아닌가?,나07년에 세일고졸업하고 심심할때 여기 가끔오는 선배인데 개명하고성형할려는목적이 과거 세탁할려는거라면 왜 여기에 지랄하는거임? 아니 애들한테 말하지말고 조용히 아무도모르게 해야하는거아님?,이재빈 (125.133) 2025.07.04 21:00:11 스크랩 조회 267 추천 0 댓글 2,0,267,2025.07.04 21:00:11,https://gall.dcinside.com/mini/board/view/?id=seilhs&no=6223&page=2
2,6209,[일반],오늘의 자장가,https://youtu.be/vjVkXlxsO8Q,이재빈 (106.101) 2025.07.01 00:11:31 스크랩 조회 143 추천 0 댓글 0,0,143,2025.07.01 00:11:31,https://gall.dcinside.com/mini/board/view/?id=seilhs&no=6209&page=2
2,6202,[일반],베텔기우스 듣다 자야지,https://youtu.be/bkVp-B-wDH4,이재빈 (106.101) 2025.06.28 23:32:30 스크랩 조회 194 추천 3 댓글 1,3,194,2025.06.28 23:32:30,https://gall.dcinside.com/mini/board/view/?id=seilhs&no=6202&page=2
2,6184,[일반],부평고 vs 세일고,누가 더 한남스럽노? 누가 더 공부 잘하노?,이재빈 (211.200) 2025.06.25 13:14:17 스크랩 조회 671 추천 1 댓글 2,1,671,2025.06.25 13:14:17,https://gall.dcinside.com/mini/board/view/?id=seilhs&no=6184&page=2
2,6183,[일반],개추 8월안에 100개되면 우리반 맘스터치 세트뿌린다 ㄹㅇ로,아 어느반인지는 100개되고 알려준다고 ㅋㅋㅋㅋㅋㅋ,이재빈 (182.220) 2025.06.23 17:33:02 스크랩 조회 468 추천 105 댓글 1,105,468,2025.06.23 17:33:02,https://gall.dcinside.com/mini/board/view/?id=seilhs&no=6183&page=2
2,6179,[일반],오늘부터 정부에서 카카오톡 검열 시작한덴다,하......... 세붕이들은 카톡 조심히써,이재빈 (182.209) 2025.06.16 00:46:42 스크랩 조회 395 추천 8 댓글 2,8,395,2025.06.16 00:46:42,https://gall.dcinside.com/mini/board/view/?id=seilhs&no=6179&page=2
2,6176,[일반],공부 안해도 된다,"우리는 이미 ""인생""이라는 과목을 공부하는 학생이다.",이재빈 (106.101) 2025.06.12 20:08:51 스크랩 조회 318 추천 1 댓글 0,1,318,2025.06.12 20:08:51,https://gall.dcinside.com/mini/board/view/?id=seilhs&no=6176&page=2
2,6175,[일반],공부하자,공부해라,Goinwater (222.112) 2025.06.10 14:11:46 스크랩 조회 414 추천 2 댓글 5,2,414,2025.06.10 14:11:46,https://gall.dcinside.com/mini/board/view/?id=seilhs&no=6175&page=2
2,6173,[일반],졸업생인데 질문 좀,"생윤 이ㅇ름, 국어 정ㅂ남, 수학 박ㅈ민, 영어 정ㅎ아(헷갈리는데 여자쌤), 사회 이ㄷ희, 역사 윤ㅇ경 쌤 아직도 계시냐 - dc official App",이재빈 (38.91) 2025.06.06 20:01:18 스크랩 조회 471 추천 2 댓글 4,2,471,2025.06.06 20:01:18,https://gall.dcinside.com/mini/board/view/?id=seilhs&no=6173&page=2
2,6172,[일반],[긴급공지]세일고 실시간 2학년 시험범위 좆된거같으면 개추,남고니까 당연히 좆이지!!,이재빈 (211.46) 2025.06.05 14:17:28 스크랩 조회 502 추천 4 댓글 1,4,502,2025.06.05 14:17:28,https://gall.dcinside.com/mini/board/view/?id=seilhs&no=6172&page=2
2,6171,[일반],아.............................,,이재빈 (210.101) 2025.06.04 13:59:28 스크랩 조회 309 추천 2 댓글 2,2,309,2025.06.04 13:59:28,https://gall.dcinside.com/mini/board/view/?id=seilhs&no=6171&page=2
2,6168,[일반],아니 다른걸 몰라도,최소 보건실이라도 깨끗하면 안되나? 기구 녹슬고 기구 소독기는 페인트 다 벗겨져있던데 그런걸로 치료하다가 오히려 역효과 일어날거 같음,이재빈 (121.171) 2025.05.30 15:33:32 스크랩 조회 375 추천 0 댓글 2,0,375,2025.05.30 15:33:32,https://gall.dcinside.com/mini/board/view/?id=seilhs&no=6168&page=2
2,6167,[일반],세붕이들아 이건 꼭 한번만 봐줘라,https://youtu.be/t8h1uWv4jQw,이재빈 (210.101) 2025.05.30 14:24:31 스크랩 조회 317 추천 0 댓글 0,0,317,2025.05.30 14:24:31,https://gall.dcinside.com/mini/board/view/?id=seilhs&no=6167&page=2
2,6145,[일반],쉬이팔,배울점이 좆도없는 이 거지같은 학교 반드시 자퇴할꺼다 쒸이팔,이재빈 (180.83) 2025.05.10 13:00:57 스크랩 조회 475 추천 8 댓글 0,8,475,2025.05.10 13:00:57,https://gall.dcinside.com/mini/board/view/?id=seilhs&no=6145&page=2
2,6135,[일반],홈베이스 ㅅㅂ,전기세 아까워서 쓰지도 못하게 할거면 왜 쳐 만들었냐,이재빈 (115.138) 2025.05.07 23:01:12 스크랩 조회 529 추천 3 댓글 3,3,529,2025.05.07 23:01:12,https://gall.dcinside.com/mini/board/view/?id=seilhs&no=6135&page=2
2,6115,[급식],부산에도 올리브영이 있네?,나처럼 부산이 매우 낯선 입장에서는 진짜 신기했음 솔직히 방콕 같이 해외 가도 한국 브랜드 있네? 이런 생각 하잖아,ㅇㅇ (59.27) 2025.05.03 22:19:56 스크랩 조회 342 추천 1 댓글 1,1,342,2025.05.03 22:19:56,https://gall.dcinside.com/mini/board/view/?id=seilhs&no=6115&page=2
2,6114,[질문],순대 초장에 찍어 먹는 사람이랑 겸상하기가 싫음,개인적으로 순대는 새우젖이 맞다 생각함,ㅇㅇ (210.105) 2025.05.03 09:26:30 스크랩 조회 331 추천 1 댓글 1,1,331,2025.05.03 09:26:30,https://gall.dcinside.com/mini/board/view/?id=seilhs&no=6114&page=2
2,6099,[일반],세상을 바꿀수는 없지만,내 세상은 바꿀수있다,이재빈 (182.209) 2025.05.01 02:21:35 스크랩 조회 324 추천 1 댓글 2,1,324,2025.05.01 02:21:35,https://gall.dcinside.com/mini/board/view/?id=seilhs&no=6099&page=2
2,6094,[일반],고2 영어,오늘 고2 영어 시험 다들 어땠냐… 고1때랑왜케달라진거같지 ;;,이재빈 (222.111) 2025.04.30 16:47:54 스크랩 조회 564 추천 2 댓글 6,2,564,2025.04.30 16:47:54,https://gall.dcinside.com/mini/board/view/?id=seilhs&no=6094&page=2
2,6082,[일반],오래된 졸업생입니다  썰좀 풀어줄게요,선생님들썰 말만해요 국어 수학 영어 과학 사회,이재빈 (118.235) 2025.04.27 11:42:28 스크랩 조회 833 추천 0 댓글 5,0,833,2025.04.27 11:42:28,https://gall.dcinside.com/mini/board/view/?id=seilhs&no=6082&page=2
2,6076,[일반],피바다 kgb 이런 선생들 아직있냐?,이진 정병남 이런선생도 있나 글고 요즘도 애들공부잘함? 나땐 바로앞 인천외고였나 거기랑 비벼보는 수준이었다고 알고있었는데,ㅇㅇ (119.197) 2025.04.20 00:27:35 스크랩 조회 795 추천 2 댓글 6,2,795,2025.04.20 00:27:35,https://gall.dcinside.com/mini/board/view/?id=seilhs&no=6076&page=2
2,6072,[일반],요즘도 이 선생님들 남아있냐,한국사 - 윤ㅇㄱ 선생님 국어 - 박ㅎㅂ  선생님 수학 - 안ㅇㄱ  선생님 과학 - 이ㄱㄷ 선생님 영어 - 되게 여성스러운 남자선생님 안경쓰고 이름 기억안남,이재빈 (211.234) 2025.04.18 14:41:25 스크랩 조회 874 추천 3 댓글 4,3,874,2025.04.18 14:41:25,https://gall.dcinside.com/mini/board/view/?id=seilhs&no=6072&page=2
2,6071,[일반],망갤테스트,,ㅇㅇ (114.202) 2025.04.18 01:59:15 스크랩 조회 630 추천 20 댓글 0,20,630,2025.04.18 01:59:15,https://gall.dcinside.com/mini/board/view/?id=seilhs&no=6071&page=2
2,6067,[일반],자퇴하자,이딴 학교 처다니느니 차라리 빡공해서 검정고시 보는게 나을듯,이재빈 (175.207) 2025.04.15 12:06:49 스크랩 조회 522 추천 3 댓글 2,3,522,2025.04.15 12:06:49,https://gall.dcinside.com/mini/board/view/?id=seilhs&no=6067&page=2
2,6066,[일반],학교 정수기에 종이컵좀 배치하면 안되냐,목말른데 자판기에서 쓸 현금은 없음,이재빈 (175.207) 2025.04.15 11:55:27 스크랩 조회 463 추천 2 댓글 1,2,463,2025.04.15 11:55:27,https://gall.dcinside.com/mini/board/view/?id=seilhs&no=6066&page=2
2,6061,[일반],2학년인데 벌써 자퇴하고싶습니다,교장선생님이랑 상담해야 할까요 학교가 아무리 봐도 저랑 안 맞는거같습니다. 이 학교에서 마음에 맞는 친구가 없고 그리고 중학교때 까지만 해도 일찍 끝나서 좋았는데 고등학교 들어가서 4시 30분에 끝나는게 너무 지루하기도 하고 전 별로 대학교에 가고싶은 생각이 없는데 자퇴하고 검정고시 보는게 나을까요,이재빈 (211.234) 2025.04.08 08:37:32 스크랩 조회 710 추천 3 댓글 4,3,710,2025.04.08 08:37:32,https://gall.dcinside.com/mini/board/view/?id=seilhs&no=6061&page=2
2,6056,[일반],갤 망헸다는게 느껴짐,예전에는 아무렇게 글써도 일주일안에 조회수 최소 300은 갔고 뎃글도 많이 나오고 개추도 많이 나왔는데 요즘은 잘써도 조회수도 안나옴,이재빈 (106.101) 2025.04.05 00:24:56 스크랩 조회 455 추천 1 댓글 3,1,455,2025.04.05 00:24:56,https://gall.dcinside.com/mini/board/view/?id=seilhs&no=6056&page=2
2,6047,[일반],세일고 남녀공학 전환되는 거 내년부터라는데,?,ㅇㅇ (203.229) 2025.04.01 12:34:16 스크랩 조회 1066 추천 0 댓글 2,0,1066,2025.04.01 12:34:16,https://gall.dcinside.com/mini/board/view/?id=seilhs&no=6047&page=2
3,6036,[일반],이미 하고계신다고,문맹이냐,아케비의세일러복 2025.03.22 21:09:31 스크랩 조회 717 추천 0 댓글 1,0,717,2025.03.22 21:09:31,https://gall.dcinside.com/mini/board/view/?id=seilhs&no=6036&page=3
3,6032,[정보],2025 세일고 입결,"메디컬 10명 의대 6명(가관대 1, 경상국립대 1, 한림대 1), 치대 1명, 한의대 1명, 약대 2명 나머지는 중복 포함임 +분교, n수생 실적 포함 설포카연고 28명 (연고대는 분교 포함) 서울대 3명, 포항공대 0명, 카이스트 1명, 연세대 9명, 고려대 15명 +TMI: 서울대의 과가 너무 별로여서 샤대 붙었는데 고대 간 애 있음, 서울대 현역 2명임 서성한 14명 (에리카 포함) 서강대 1명, 성균관대 8명, 한양대 5명 +TMI: 제작년엔 한양대 30명씩 보냈는데 올해 정시러들은 한양대 잘 안 썼나 봄, 한양대 수시는 세일고와 맞지 않기 때문에 한양대는 수시로 잘 못 보냄 중경외시 26명 중앙대 8명, 경희대 11명 , 한국외대 3명, 시립대 4명 건동홍 25명 건국대 8명, 동국대 11명, 홍익대 6명 국숭세단아인 27명 국민대 0명, 숭실대, 3명, 세종대 5명, 단국대 6명, 아주대 1명, 인하대 12명 광명상가+서울과기대 12명 광운대 1명, 명지대 2명, 상명대 2명, 가톨릭대 4명 , 서울과기대 3명 +TMI: 가톨릭대는 원래 우리 학교에서 잘 안 갔는데 이번에 좀 많이 감 인가경 25명 인천대 17명 , 가천대 4명, 경기대 4명 한국항공대 1명 교대 2명 사관학교 4명 지거국도 꽤 간 거 같은데 플래카드에 안 써 줌",이재빈 (175.118) 2025.03.19 22:33:24 스크랩 조회 2955 추천 5 댓글 10,5,2955,2025.03.19 22:33:24,https://gall.dcinside.com/mini/board/view/?id=seilhs&no=6032&page=3
3,6031,[일반],여기가 세일하는디 맞죠?,근데 세일고 인데 매점은 왜 sale을 안하죠?,ㅇㅇ (106.101) 2025.03.19 09:16:04 스크랩 조회 412 추천 0 댓글 2,0,412,2025.03.19 09:16:04,https://gall.dcinside.com/mini/board/view/?id=seilhs&no=6031&page=3
3,6029,[일반],이번 메디컬 입결에 +1명해줬다,내년도 보여줄게,ㅇㅇ (106.101) 2025.03.16 16:16:48 스크랩 조회 528 추천 0 댓글 2,0,528,2025.03.16 16:16:48,https://gall.dcinside.com/mini/board/view/?id=seilhs&no=6029&page=3
3,6028,[일반],후배들아 세일고 대학 입시결과 플래카드 붙였니,도통 그쪽에 갈일이 없어서 못봤는데 플래카드 걸어놓음?,ㅇㅇ (220.85) 2025.03.16 16:11:03 스크랩 조회 652 추천 0 댓글 4,0,652,2025.03.16 16:11:03,https://gall.dcinside.com/mini/board/view/?id=seilhs&no=6028&page=3
3,6027,[일반],세일고 선생님들,이 갤러리 모니터링좀 해주시면 안될까요?,이재빈 (180.83) 2025.03.15 13:10:09 스크랩 조회 840 추천 1 댓글 2,1,840,2025.03.15 13:10:09,https://gall.dcinside.com/mini/board/view/?id=seilhs&no=6027&page=3
3,6025,[일반],ㅋㅋㅋㅋㅋㅋㅋㅋㅋㅋㅋㅋㅋㅋㅋㅋㅋ,ㅋ아직 시작도 안함 이제 중고등학교의 문제가 될거임ㅋㅋㅋㅋㅋㅋㅋㅋㅋㅋㅋㅋㅋㅋㅋㅋㅋㅋㅋㅋㅋㅋㅋㅋㅋㅋㅋㅋㅋㅋ,이재빈 (211.234) 2025.03.14 10:14:02 스크랩 조회 525 추천 11 댓글 0,11,525,2025.03.14 10:14:02,https://gall.dcinside.com/mini/board/view/?id=seilhs&no=6025&page=3
3,6023,[일반],더..더.이상은..♡가...가기..♡..싫...싫어..요오오..♡♡,학교가기 싫다고,이재빈 (121.171) 2025.03.12 14:15:46 스크랩 조회 972 추천 32 댓글 0,32,972,2025.03.12 14:15:46,https://gall.dcinside.com/mini/board/view/?id=seilhs&no=6023&page=3
3,6021,[일반],경천수쌤  제자였는데 교장된거 보고 놀람ㅋㅋ 이재빈은 왜,교장 그만둠?? 이병희옹은 아직 살아계심?? 내가 학교 다닐 때도 70대였던거 같은데,00 (211.234) 2025.03.11 20:24:06 스크랩 조회 1012 추천 1 댓글 1,1,1012,2025.03.11 20:24:06,https://gall.dcinside.com/mini/board/view/?id=seilhs&no=6021&page=3
3,6020,[일반],갤주야,갤 관리좀해라,이재빈 (223.38) 2025.03.08 14:03:40 스크랩 조회 344 추천 1 댓글 1,1,344,2025.03.08 14:03:40,https://gall.dcinside.com/mini/board/view/?id=seilhs&no=6020&page=3
3,6019,[일반],작년 졸업생인데 질문 하나만,국어 ㅇㅎㄴ쌤 탈세일 성공하셨냐,이재빈 (175.127) 2025.03.08 00:47:56 스크랩 조회 960 추천 2 댓글 3,2,960,2025.03.08 00:47:56,https://gall.dcinside.com/mini/board/view/?id=seilhs&no=6019&page=3
3,6012,[일반],새학기를 위한 생기부 미세팁,"곧 있으면 학교 쌤들이 수행평가 시간에 자기 진로랑 엮어서 뭐 쓰라고 할거야. 여기서 무지성 직업 연결 하면 안됨. 애초에 요즘 대학들이 전공 적합성 보다도 계열이나 학업 역량을 더 중요시 하는 추세이기도 하고, 직업으로만 엮으려고 하면 내용이 너무 얕아짐. 직업으로 엮어서 실용적인 해결방법 제시하지 말고 관심 분야와 해당 과목의 이론을 파고 들어서 원론적인 내용을 담는게 더 깊이 있음. 직업이나 진로로 방향 잡는건 3학년때 수시 상담하고 과 확정한 뒤에 해도 늦지않음. 수행평가에 동기랑 결론 쓰는 칸도 있을 건데 여기 무시하면 안됨. 니들 세특 주제 찾는데 힘이랑 시간 다쓰고 겨우겨우 유레카 하면서 주제 잡는거 아는데 동기랑 결론에서 힘빼고 내용만 주구장창 쓰면 흔한 나열식 생기부 되는거임. 왜인지 쌤들이 내 생기부를 못써주는 것 같다? 그럼 니가 동기에 '평소에 ~ 분야에 관심이 있어서 찾아봤다' 라고 썼거나 결론에 '내용~이라는 사실을 알게 됐다' , '~라는 사실이 놀라웠다' , '우리 모두가 함께 해결해야할 문제인 것 같다' 라고 쓰지 않았는지 반성해보자. 가끔 활동 열심히 하는 친구들이 자율이나 진로 활동에 자기가 한거 아까워서 다 넣고 싶어하는 경우가 있는데 그러면 안됨. 양보다는 나만의 탐구 과정이 잘 드러나는게 더 중요함. 잘 모르겠으면 그냥 이것만 기억해라. 탐구동기-탐구내용-나만의(중요)결론 이 구성으로 최대 2개 활동만 쓰자. 생기부를 어떻게 내가 쓰냐고? 자율이나 진로는 너가 낸 활동 보고서를 참고해서 쓰이는 경우가 많음. 너가 추가로 보고서를 내거나 애초에 쌤들이 보고서를 내라고 할때 요약본을 만들던가 밑줄이나 하이라이트를 긋던가 해서 어필을 해야됨. 너가 수업도 열심히 들었고 생기부에서 간절함을 보인다면 누군가는 꼭 도와주실거임. 위에 있는 내용들이 전반적인 생기부 구조나 스토리를 짜는데 는 큰 도움이 안되겠지만 그래도 놓칠 수 있을 만한 디테일들이니 유의하면 좋음. 생기부를 더 큰그림으로 보고 방향을 잡아가는거는 니들이 스스로 연구해보고 부딛혀봐야 알 수 있는거니까 수고하도록. 잊지 마라 생기부 챙겨서 애들 수능 공부할때 최저 딸깍으로 원하는 대학 가는 애들이 진정한 승자다",ㅇㅇ (211.235) 2025.03.05 02:54:21 스크랩 조회 2103 추천 10 댓글 2,10,2103,2025.03.05 02:54:21,https://gall.dcinside.com/mini/board/view/?id=seilhs&no=6012&page=3
3,6011,[일반],재빈이 어디로갔나요,재빈이 1학년 선생님으로 재꼈다는데 ㅈㅉㅇㅇ?,이재빈 (122.203) 2025.03.04 22:34:51 스크랩 조회 767 추천 1 댓글 3,1,767,2025.03.04 22:34:51,https://gall.dcinside.com/mini/board/view/?id=seilhs&no=6011&page=3
3,6010,[일반],ㅇㅇ,ㅇㅇ,이재빈 (122.203) 2025.03.04 22:33:11 스크랩 조회 209 추천 0 댓글 0,0,209,2025.03.04 22:33:11,https://gall.dcinside.com/mini/board/view/?id=seilhs&no=6010&page=3
3,6009,[일반],좆같노,벌써 집 가고싶어짐,이재빈 (121.171) 2025.03.04 09:55:27 스크랩 조회 292 추천 0 댓글 0,0,292,2025.03.04 09:55:27,https://gall.dcinside.com/mini/board/view/?id=seilhs&no=6009&page=3
3,6008,[일반],모두들 개학 화이팅!!,간바레 간바레~,아케비의세일러복 2025.03.04 06:02:00 스크랩 조회 457 추천 0 댓글 3,0,457,2025.03.04 06:02:00,https://gall.dcinside.com/mini/board/view/?id=seilhs&no=6008&page=3
3,6005,[일반],학교 디자인이 깔끔해졌노,교실들도 좋아졌고 - dc official App,이재빈 (58.232) 2025.02.28 00:00:40 스크랩 조회 407 추천 2 댓글 0,2,407,2025.02.28 00:00:40,https://gall.dcinside.com/mini/board/view/?id=seilhs&no=6005&page=3
3,6000,[일반],08들을 위한 세일고에서 살아남는 법 (마지막에 요약 있),"반갑다 세일고에서 1년을 버티고 고2가 된 08들아 이번에 고2들을 위해 친히 필자(07)가 세일고에서 살아보고 느낀 점들을 기반으로 팁을 주겠다. 1. 세일고 수시에 대해 세일고 내신의 가장 큰 문제점은 뭘까? 학생들의 높은 수준? 아니다. 이 좆같은 학교는 사람이 존나적어서 1등급 인원이 ㅈ만하다. 즉 등급 나눠먹기가 심하고, 선택과목이 생긴 2학년부턴 1등급을 받기가 존나게 어려워질거다. 따라서 1학년 내신이 4점대 이하로 나온 친구들은 빠르게 정시로 전환하자. 1학년 내신을 개쳐박았는데 인원 줄어든 2학년에선 살아남을 수 있을까? 절대 아니라고 장담할 수 있다. (근데 1학년 모고 5등급이하들은 걍 수시가 맞다) 솔직히 모고5등급 이하는 걍 공부를 안한건데 2학년 때 한다고 되겠냐? 2. 그럼에도 수시를 한다면 세일고 수시의 핵심은 정시와 양각을 잡는 것이다. 내신을 대비할 때 마더텅 같은 수능/모고기출 문제집으로 대비하는 것을 강력히 추천한다. 등급 따기 졷같이 어려운 세일고로 등급 쌀먹하는 ㅈ반고 친구들과 비빌수 있는 점은 정시 성적, 즉 ""최저""다. 최저가 최대한 높은 대학들 위주로 공략하는 것이 세일고 내신의 핵심. 이 점을 기억하자. (고려대 학종 최저 4합8, 학추는 4합7) <- 세일고가 유독 고려대를 많이 보내는 이유. 좋은 생기부와 2점초반 내신이라면 뚫는 것이 무리는 아니다. (그 외 대부분은 3합7 정도) 아마 이 친구들은 1학년 내신이 3점대 이상일텐데 이러면 희망이 있다. 필자는 과탐을 골라서 문과는 ㅈ도 모르므로 이과 내신에 대해서만 설명해주겠다. 과탐 내신의 핵심은 선택한 3과목 중에 하나는 과감히 버리는 것이다. 필자는 물리or화학을 추천한다. 이과라고 다 공부를 열심히 하진 않는다. 특히 물리<< 그냥 애들 ㅈ도 공부안한다. 수업 때만 열심히 듣고 전날 벼락치기하면 개같이 3등급 확보 쌉가능이다. 물리에 아낀 시간을 화학/생or지 에 투자하자. 그리고 세일고 수시를 써도 최저가 최대한 높은 곳을 찔러야만 하기에 과탐 중에 하나는 열심히파서 3학년가서 개고생하는 일이 없도록 하자. (절대 수능에서 물리1과 화학1을 선택하지마) -국어- 필자는 1학기에 언매, 2학기에 문학을 했는데 아마 유지되겠지? 언매는 당장 서점가서 수특사고 모든 언어변동을 외운다는 마인드로 하면 편하다. 언매는 수능에서도 고를 중요한 과목이기에 열심히 공부하자. 문학은 수업을 열심히 듣고(중요) 교과서 작품을 무한반복해서 읽어라(이걸로 1주일 공부하고 2등급 쌀먹함) -수학- 아마 수학1,2와 확통을 할텐데 확통이 존나꿀통이다. 확통 그냥 개쳐쉬워서 공부 조금만하면 2등급, 열심히하면 1등급이다. 확통은 반드시 챙기도록하자. (단 수1 수2보다 열심히 하진 말고) -영어 1학년과 거의 유사함. 걍 문제 변형이 없는 세일고에선 반복학습을 통한 암기가 답 (필자는 과감히버림) -그외 생윤 일본어 등인데 공부할 필요 없다 하루 전에 벼락치기 ㄱ 5등급 이하만 받지 말자 3. 정시는? 고1 모의고사에서 유의미한 지표는 뭘까? 사실 없다. 그나마 국영수? 과탐/사탐 20퍼가 1등급을 맞는 고1모고 탐구는 ㅈ도 의미가 없다. 이말은 고1모고 성적이 낮아도 너무 불안해하지 않아도 된다. (사실 고2 3모도 별로 안중요함) 고2 모의고사의 가장 큰 변화점은 바로 탐구다. 개쳐쉬운 통과통사가 아닌 물화생지 중 두과목을 골라야 하는데 내신 3개 듣는 거 중에서 맘에 드는거 2개 골라라. - 공부법에 대해 사실 공부 안해도 됨. 고2 모고 어따 쓸건데 ㅋㅋ 그냥 맘편하게 봐라 정시파이터들은 고2모고 성적으로 스트레스 받지 말고 멀리 바라보며 달려라. 수능은 국어수학 싸움이다. 국어와 수학을 열심히 공부하자. (고1~2 모고 국어/수학 성적 1~2등급 유지되면 ㅆㅅㅌㅊ) - 수능 탐구 선택 그냥 외우자 0순위. 과탐 2등급이상 받을 자신 없으면 사탐런. 1순위. 깝치지말고 내신에서 한거나 해라.(사탐런 제외) 2순위. 화학1을 고르지 말 것. 3순위. 물리1을 고르지 말 것. 4순위. 생지하자 5순위. 생지 안할거면 투과목 추천 필자가 생각하는 탐구 선택하면 ㅈ되는 과목 화1 >> 물1 >>>>>>>>>>>>>>>>> 생지 + 투과목 >>사탐런 4. 마무리 너가 정말 수시로 높은 대학에 욕심이 있다면, 학교 활동에 열심히 참여하고 학기말에 보통 발표?기회를 주는데 반드시 해라. 보고서도 잊지말고 열심히 쓰고. 그리고 학종 쓸거면 반드시 자주반을 해라. 제발. 자주반 그냥 하라면 해. 필자가 느낀 내신의 핵심은 수업시간에 집중해서 듣는 것이다. 괜히 쓰레기같은 동네학원 다니다가 잠 못자서 수업시간에 sleep하지(자1지를 왜 못 쓰노) 말고 수업 열심히 들어봐라. 선생님들한테 좋은 인상도 남길 수 있고 솔직히 시험 출제자들의 현강 듣는 건데 안듣는게 ㅂㅅ이다. 구라안치고 수업만 열심히 들어도 4등급은 보장이고 공부 좀만해도 3등급 존나쉽다. (그래서 필자는 5등급 이하는 인간쓰레기로 봄) - 5줄 요약 - 1. 1학년 내신 4점대 이하는 정시로 도망 2. 모고도 5등급이하면 걍 수시쓰셈 답없음 3. 과탐 하나는 버리고 하나는 존나 열심히(정시 양각) 4. 수업 열심히 들어라 5. 학종할거면 제발 자주반 해주세요 질문있으면 최대한 열심히 답변해드림",이재빈 (180.224) 2025.02.27 01:04:20 스크랩 조회 1601 추천 1 댓글 21,1,1601,2025.02.27 01:04:20,https://gall.dcinside.com/mini/board/view/?id=seilhs&no=6000&page=3
3,5998,[일반],세일고 선생님들,세일고 선생님들중 위험하신분들은 누가 있나요?,이재빈 (211.236) 2025.02.24 09:09:07 스크랩 조회 865 추천 0 댓글 1,0,865,2025.02.24 09:09:07,https://gall.dcinside.com/mini/board/view/?id=seilhs&no=5998&page=3
3,5997,[일반],......,,이재빈 (61.101) 2025.02.23 22:47:11 스크랩 조회 722 추천 8 댓글 3,8,722,2025.02.23 22:47:11,https://gall.dcinside.com/mini/board/view/?id=seilhs&no=5997&page=3
3,5995,[일반],안녕하세요 어쩌면 이 학교 입학할예정인 09년생입니다.,여기 갤러리 보니깐 이상한글밖에 없어서 그런데 여기 13지망으로 썻는데 이 학교 괜찮은 곳인가요? 그래도 자살율 높은 서인천고보단 나을거 같아서 여기 13지망으로 찍었는데 여기 다닐만한가요?,이재빈 (115.137) 2025.02.20 14:10:06 스크랩 조회 740 추천 1 댓글 5,1,740,2025.02.20 14:10:06,https://gall.dcinside.com/mini/board/view/?id=seilhs&no=5995&page=3
3,5993,[일반],본인 부평고인데,세일고 졸개들은 앞으로 부평고 교복입은사람 보이면 엎드려 절해라 안그럼 갤러리끼리 전쟁 일으킬줄 알아라,이재빈 (223.38) 2025.02.19 23:27:35 스크랩 조회 643 추천 2 댓글 4,2,643,2025.02.19 23:27:35,https://gall.dcinside.com/mini/board/view/?id=seilhs&no=5993&page=3
3,5992,[일반],괴담) 키우던 소가 죽었는데 어떻게 처리해?,,이재빈 (107.181) 2025.02.19 02:23:24 스크랩 조회 511 추천 1 댓글 1,1,511,2025.02.19 02:23:24,https://gall.dcinside.com/mini/board/view/?id=seilhs&no=5992&page=3
3,5991,[일반],학교 개학 언제냐?,알려줘,이재빈 (211.60) 2025.02.19 00:55:23 스크랩 조회 807 추천 1 댓글 1,1,807,2025.02.19 00:55:23,https://gall.dcinside.com/mini/board/view/?id=seilhs&no=5991&page=3
3,5987,[질문],작년에 사탐런하신분들 결과 어땠노?,그리고 몇명정도가 하셨음? - dc official App,이재빈 (61.84) 2025.02.17 17:22:55 스크랩 조회 264 추천 4 댓글 0,4,264,2025.02.17 17:22:55,https://gall.dcinside.com/mini/board/view/?id=seilhs&no=5987&page=3
3,5986,[일반],갤 망해가는 와중에 할 건 해야하지 않겠나,"그래서 돌아온 신입생 환영 글 이미 다 알 지도 모르겠지만, 세일고는 몇 년 전까지만 해도 평준화였다. 말 그대로, 전에 세일고로 왔던 애들은 원해서 온 게 아니라 강제징용 당했다는 뜻. 하지만, 학교 수준이 날이 갈수록 떨어져서 그런 것인지, 자퇴생 수가 한 반에 기본 2~3명 될 정도여서 그런진 모르겠지만, 현재 고3인 애들부터는 세일고에 원해서 자진 입학 을 했고, 지금의 신입생 또한 그럴것이다. 그래서 말 하는데 니들은 원해서 자진입학 했으니까 학교가 좋든 나쁘든 불평불만 하지 말고 악깡버 누칼협 당할 준비해라. 아무튼, 세일고에 관한 정보글은 이미 2년 전에 써 놨으니까 그거 참고하고. 3년간 무탈하게 지내길 바란다. 그럼 마지막으로. 세일고등학교의 이재빈 교장님 만세.",세일고암흑의5대천왕 2025.02.16 19:55:02 스크랩 조회 889 추천 27 댓글 1,27,889,2025.02.16 19:55:02,https://gall.dcinside.com/mini/board/view/?id=seilhs&no=5986&page=3
3,5985,[일반],솔직히 학교 장점을 모르겠는데,내신따기는 주변학교들보다 어렵고 시설은 씹창났고 공부분위기도 좋은거같지않고 - dc official App,이재빈 (58.232) 2025.02.16 19:13:08 스크랩 조회 728 추천 8 댓글 1,8,728,2025.02.16 19:13:08,https://gall.dcinside.com/mini/board/view/?id=seilhs&no=5985&page=3
3,5981,[일반],맥도날드,https://mlbpark.donga.com/mlbpark/b.php?&b=bullpen2&id=3266667 맥도날드 교복.jpg : MLBPARK 맥도날드 교복.jpg : MLBPARK mlbpark.donga.com,이재빈 (92.38) 2025.02.16 02:19:54 스크랩 조회 542 추천 1 댓글 1,1,542,2025.02.16 02:19:54,https://gall.dcinside.com/mini/board/view/?id=seilhs&no=5981&page=3
3,5972,[일반],세붕이 초코 받았다ㅎㅎ,히로짱 아리가또~~ ♥ ♥ ♥,이재빈 (112.171) 2025.02.14 12:00:59 스크랩 조회 532 추천 30 댓글 1,30,532,2025.02.14 12:00:59,https://gall.dcinside.com/mini/board/view/?id=seilhs&no=5972&page=3
3,5969,[일반],06년생들 여기서 좆목할꺼면,세일고 06년생 갤러리를 따로 만드셈ㅇㅇㅇ,이재빈 (223.38) 2025.02.13 19:29:21 스크랩 조회 371 추천 2 댓글 1,2,371,2025.02.13 19:29:21,https://gall.dcinside.com/mini/board/view/?id=seilhs&no=5969&page=3
3,5966,[정보],강점현,명예퇴직 ㄷ,이재빈 (115.138) 2025.02.13 00:05:01 스크랩 조회 468 추천 1 댓글 2,1,468,2025.02.13 00:05:01,https://gall.dcinside.com/mini/board/view/?id=seilhs&no=5966&page=3
3,5965,[일반],갤 너무 노잼 된 거 같음,2020년 말에 개설돼서 한창 세일고 욕하던 초창기 때가 제일 전성기였지 2023년까지만 해도 갤 활발했는데(예를 들면 학생회 떡밥 등) 지금 세일고 재학생+입학예정자들이 갤질을 안해서 갤을 노잼으로 만듦,ㅇㅇ (175.118) 2025.02.12 02:13:14 스크랩 조회 300 추천 2 댓글 2,2,300,2025.02.12 02:13:14,https://gall.dcinside.com/mini/board/view/?id=seilhs&no=5965&page=3
3,5964,[일반],질문탭 신설,많은 이용 바람,아케비의세일러복 2025.02.05 16:10:11 스크랩 조회 303 추천 0 댓글 2,0,303,2025.02.05 16:10:11,https://gall.dcinside.com/mini/board/view/?id=seilhs&no=5964&page=3
3,5963,[질문],생윤,"저 올해 2학년 올라가는 학생입니다. 생윤 공부하려고 딱 책 피자마자 갑자기 든 궁금증인데, 세일고 생윤 등급제인가요? 아니면 abcd로 절대평가인가요? 아 그리고 문학도 궁금해요. 알려주실 천사분 구해요~",세붕이 (61.101) 2025.02.03 18:00:06 스크랩 조회 343 추천 2 댓글 2,2,343,2025.02.03 18:00:06,https://gall.dcinside.com/mini/board/view/?id=seilhs&no=5963&page=3
3,5962,[일반],아니 교과서,받으러 언제 감? 왜 공지 안뜨노,이재빈 (58.238) 2025.02.03 00:36:50 스크랩 조회 235 추천 2 댓글 0,2,235,2025.02.03 00:36:50,https://gall.dcinside.com/mini/board/view/?id=seilhs&no=5962&page=3
3,5961,[일반],..,..,이재빈 (223.38) 2025.02.02 22:38:00 스크랩 조회 205 추천 1 댓글 1,1,205,2025.02.02 22:38:00,https://gall.dcinside.com/mini/board/view/?id=seilhs&no=5961&page=3
3,5959,[일반],으흠,이 학교 이제 완전히 망한듯,깻잎 (210.183) 2025.01.29 21:12:26 스크랩 조회 314 추천 5 댓글 2,5,314,2025.01.29 21:12:26,https://gall.dcinside.com/mini/board/view/?id=seilhs&no=5959&page=3
3,5953,[일반],세일고 이상성욕 학교인거는 아는데,로리글 6일만에 개추 16개는 좀 심하지않냐,이재빈 (223.38) 2025.01.25 12:03:06 스크랩 조회 965 추천 10 댓글 4,10,965,2025.01.25 12:03:06,https://gall.dcinside.com/mini/board/view/?id=seilhs&no=5953&page=3
3,5945,[일반],전교회장 공약,"거 프린터 설치였나 전에 대의원회 갔을 때, 무슨 공약 빠꾸먹었다고 들었던 것 같은데 되는거임 안되는거임?",이재빈 (58.238) 2025.01.20 22:03:33 스크랩 조회 550 추천 5 댓글 0,5,550,2025.01.20 22:03:33,https://gall.dcinside.com/mini/board/view/?id=seilhs&no=5945&page=3
3,5938,[일반],세붕이중에,나 말고 로리콘 또 없냐?,이재빈 (223.38) 2025.01.19 13:24:14 스크랩 조회 864 추천 33 댓글 4,33,864,2025.01.19 13:24:14,https://gall.dcinside.com/mini/board/view/?id=seilhs&no=5938&page=3
3,5928,[일반],속보,사실 노무현은 세일고에 살아있다,노무현 (118.235) 2025.01.15 21:55:07 스크랩 조회 378 추천 7 댓글 1,7,378,2025.01.15 21:55:07,https://gall.dcinside.com/mini/board/view/?id=seilhs&no=5928&page=3
3,5900,[일반],ㅇㄱㄹㅇ,이ㅈㅂ육덕비치련,이재빈 (14.5) 2025.01.08 01:16:46 스크랩 조회 383 추천 9 댓글 1,9,383,2025.01.08 01:16:46,https://gall.dcinside.com/mini/board/view/?id=seilhs&no=5900&page=3
3,5899,[일반],이새끼 대체 뭐하는 놈이에요?,뭐 하는 새끼임?,이재빈 (146.70) 2025.01.07 17:26:46 스크랩 조회 1549 추천 40 댓글 5,40,1549,2025.01.07 17:26:46,https://gall.dcinside.com/mini/board/view/?id=seilhs&no=5899&page=3
3,5883,[일반],23년 졸업생입니다,우리들의 신 손용우 선생님께서는 잘 계십니까?,이재빈 (218.52) 2025.01.05 16:50:25 스크랩 조회 608 추천 3 댓글 2,3,608,2025.01.05 16:50:25,https://gall.dcinside.com/mini/board/view/?id=seilhs&no=5883&page=3
3,5879,[일반],생윤,방학에 예습 해야됨?,이재빈 (58.238) 2025.01.03 16:24:30 스크랩 조회 420 추천 0 댓글 1,0,420,2025.01.03 16:24:30,https://gall.dcinside.com/mini/board/view/?id=seilhs&no=5879&page=3
3,5860,[일반],1빠,ㅇ,이재빈 (119.195) 2025.01.01 00:28:34 스크랩 조회 207 추천 0 댓글 0,0,207,2025.01.01 00:28:34,https://gall.dcinside.com/mini/board/view/?id=seilhs&no=5860&page=3
3,5849,[일반],미친찐1따(crazywls) 선배님 세일고 다시 다녀줘요ㅜ,그리워요ㅠㅠ,이재빈 (175.118) 2024.12.29 19:48:59 스크랩 조회 421 추천 0 댓글 0,0,421,2024.12.29 19:48:59,https://gall.dcinside.com/mini/board/view/?id=seilhs&no=5849&page=3
3,5847,[일반],망갤테스트,ㅇㅇ,세일고암흑의5대천왕 2024.12.29 02:58:34 스크랩 조회 568 추천 3 댓글 2,3,568,2024.12.29 02:58:34,https://gall.dcinside.com/mini/board/view/?id=seilhs&no=5847&page=3
3,5845,[일반],ㅈㅣㄹ문있노,과탐 공부 어케해야됨? 선배님들알려줭,이재빈 (58.238) 2024.12.28 22:43:04 스크랩 조회 481 추천 1 댓글 5,1,481,2024.12.28 22:43:04,https://gall.dcinside.com/mini/board/view/?id=seilhs&no=5845&page=3
3,5840,[일반],지우지마라 ㄹ발련아,개념글이였다고 ㅋㅋ,이재빈 (180.83) 2024.12.28 14:45:35 스크랩 조회 412 추천 1 댓글 2,1,412,2024.12.28 14:45:35,https://gall.dcinside.com/mini/board/view/?id=seilhs&no=5840&page=3
4,5833,[일반],2025학년도 예상 시나리오,"차기 교장은 경천수가 될 것 같음 미술교사 고건은 서운중(2020년)->정명고(2021년)->인천대건고(2022년)->어떤 중학교(2023년)->세일고(2024년)까지 매 해마다 학교를 옮기는 것으로 보아 내년에 탈세일할 확률 99.99% +TMI: 정명고는 2024년 현재 2022년에 세일고 수학교사였던 김명정T, 인천대건고는 2022~2023년에 세일고 국어교사였던 김성문T의 소속 학교임(사립 에서 ㅈㄴ 돌고 돎) 젊은 여자쌤들도 탈세일각 재고 있어서 나갈 수도 있음 작년에 한 쌤이 탈세일각 재다 결국 탈세일 실패함 3학년 5반인 친구 말에 의하면 강수진쌤 내년부터 담임 안 맡는다고 함 대공사한다고 했지만 2023년에 크게 바뀐다 해놓고 막상 바뀐 건 엘베밖에 없는 걸로 봤을 때 시설은 내년이나 올해나 비슷할 듯 갤 지금보다 더 ㅈ망함",ㅇㅇ (175.118) 2024.12.24 01:46:27 스크랩 조회 1676 추천 15 댓글 10,15,1676,2024.12.24 01:46:27,https://gall.dcinside.com/mini/board/view/?id=seilhs&no=5833&page=4
4,5832,[일반],22졸업생인데,조승연쌤 아직 계시냐,이재빈 (182.230) 2024.12.23 22:01:52 스크랩 조회 615 추천 1 댓글 5,1,615,2024.12.23 22:01:52,https://gall.dcinside.com/mini/board/view/?id=seilhs&no=5832&page=4
4,5793,[일반],우애앵,학기말인데 할거 왤케 많노? ㅇㅇ...(우울),이재빈 (58.238) 2024.12.18 01:31:49 스크랩 조회 450 추천 4 댓글 2,4,450,2024.12.18 01:31:49,https://gall.dcinside.com/mini/board/view/?id=seilhs&no=5793&page=4
4,5667,[일반],학교 축제,째는 법 있음?,이재빈 (58.238) 2024.12.10 23:50:54 스크랩 조회 1952 추천 114 댓글 6,114,1952,2024.12.10 23:50:54,https://gall.dcinside.com/mini/board/view/?id=seilhs&no=5667&page=4
4,5666,[일반],1학년) 질문이떠염,"2학년 내신 공부 해야되는게 언매, 문학, 영어1, 2, 수학1, 2, 확통, 과탐 3개, 일본어1, 생윤 이렇게만 있는거 맞음?",이재빈 (58.238) 2024.12.09 19:24:24 스크랩 조회 760 추천 17 댓글 2,17,760,2024.12.09 19:24:24,https://gall.dcinside.com/mini/board/view/?id=seilhs&no=5666&page=4
4,5642,[일반],너네 학교 옛날썰들,1. 사립이라 교장 안바뀌잖아 한번 법개정으로 몇세 이상이면 월급못받게 하니까 바로 교장 관두시더라 2. 교내 대회 때 교내 책상 이런거 쓰면서 한번 교무실에서 대회에 사용된 금액내역? 봤는데 교내 비품 사용료 50만원(책상도 다 학생들이 옮김) 심사위원 20만원(심사위원=국어쌤들) 책정 돼있더라 3. 교생쌤한테 찝적대다가 퇴학당한놈 있었음 형하쌤인가? 아직도 수학 문제 풀게 시키고 뒤에서 골프연습하노?,ㅇㅇ (58.29) 2024.12.08 00:56:06 스크랩 조회 608 추천 1 댓글 2,1,608,2024.12.08 00:56:06,https://gall.dcinside.com/mini/board/view/?id=seilhs&no=5642&page=4
4,5641,[일반],너네 생활복썰,"원래 생활복은 학생회 공약이었음 전부 긍정적인 분위기 실제로 디자인 시안들 갖고와서 급식실에서 투표함 1등 디자인으로 컨펌 받고 쌤들 도장받는데, '교장만'반대함(재빈이 아빠) 그 후 다음년도에 학교에서 멋대로 디자인 정하고 추진함 맨날 삼거리쪽 스카이 교복인가? 거기ㅋㅋ 뭔가있는게 분명함",ㅇㅇ (58.29) 2024.12.08 00:52:55 스크랩 조회 431 추천 1 댓글 0,1,431,2024.12.08 00:52:55,https://gall.dcinside.com/mini/board/view/?id=seilhs&no=5641&page=4
4,5639,[일반],올해 내가 서울대 입결+1 보탠다ㅇㅇ,학교로 전화 소식 알리겠음,ㅇㅇ (106.101) 2024.12.07 10:26:46 스크랩 조회 837 추천 1 댓글 7,1,837,2024.12.07 10:26:46,https://gall.dcinside.com/mini/board/view/?id=seilhs&no=5639&page=4
4,5634,[일반],고3들아,수능 잘 본 친구들 있냐?,이재빈 (115.138) 2024.12.06 13:57:45 스크랩 조회 348 추천 0 댓글 0,0,348,2024.12.06 13:57:45,https://gall.dcinside.com/mini/board/view/?id=seilhs&no=5634&page=4
4,5632,[일반],부평고등학교 마이너 갤러리에서 전파한다.,앞으로 부평고등학교 교복이 보이면 그 즉시 바닥에 엎드려 정수리를 보이고 싹싹 빌어라 안 그러면 부평고등학교 마이너 갤러리와 전쟁이다.,부갤러 (185.220) 2024.12.05 21:32:35 스크랩 조회 838 추천 14 댓글 3,14,838,2024.12.05 21:32:35,https://gall.dcinside.com/mini/board/view/?id=seilhs&no=5632&page=4
4,5631,[일반],버스안 패딩 잠바 뒤집어쓰고,..,이재빈 (118.235) 2024.12.05 08:07:14 스크랩 조회 672 추천 9 댓글 3,9,672,2024.12.05 08:07:14,https://gall.dcinside.com/mini/board/view/?id=seilhs&no=5631&page=4
4,5628,[일반],계엄령 뭐임??,누가 설명좀,이재빈 (61.101) 2024.12.04 00:26:03 스크랩 조회 301 추천 1 댓글 0,1,301,2024.12.04 00:26:03,https://gall.dcinside.com/mini/board/view/?id=seilhs&no=5628&page=4
4,5625,[일반],세갤 왜 이지랄남 ㅋㅋㅋㅋ,몇년전까지만 해도 꽤 괜찮았는데,ㅇㅇ (1.224) 2024.12.03 13:37:58 스크랩 조회 620 추천 0 댓글 3,0,620,2024.12.03 13:37:58,https://gall.dcinside.com/mini/board/view/?id=seilhs&no=5625&page=4
4,5621,[일반],맨날 드러운거 도배하는 모자란새끼 1학년이었냐? ㅋㅋㅋ,누군지 아는놈 적어봐라 찾아가게,아케비의세일러복 2024.12.02 19:33:27 스크랩 조회 506 추천 4 댓글 2,4,506,2024.12.02 19:33:27,https://gall.dcinside.com/mini/board/view/?id=seilhs&no=5621&page=4
4,5575,[일반],아니 출산율 0.5가 말이 되냐고요,ㄹㅇ 무슨 포스트 아포칼립스야?,이재빈 (223.38) 2024.11.27 20:48:29 스크랩 조회 381 추천 0 댓글 2,0,381,2024.11.27 20:48:29,https://gall.dcinside.com/mini/board/view/?id=seilhs&no=5575&page=4
4,5574,[일반],이재은 <- 예 원레 욕 많이먹음?,???,이재빈 (59.17) 2024.11.27 13:17:38 스크랩 조회 879 추천 0 댓글 3,0,879,2024.11.27 13:17:38,https://gall.dcinside.com/mini/board/view/?id=seilhs&no=5574&page=4
4,5573,[일반],지금 09들이 세일고를 1지망으로 써야 하는 이유,"1. 내신 따기 매우 좋음 2. 면학 분위기가 매우 좋음 3. 쌤들이 공부를 못하거나, 문과반인 학생들도 잘 챙겨줌 4. 세특을 매우 잘 써 줌 5. 선생님들이 매우 친절하고 너그러우심 6. 교장선생님이 학생들과 소통하려 함 7. 학급별 수준 차이가 미미함 8. 학교가 학생들에게 적극적으로 투자함 9. 학교 분위기가 권위주의와는 매우 거리가 멂 10. 학교가 매우 청렴하여 사립학교에서 흔하다는 비리 사건이 일어나지 않음",ㅇㅇ (175.118) 2024.11.27 00:41:40 스크랩 조회 1069 추천 23 댓글 2,23,1069,2024.11.27 00:41:40,https://gall.dcinside.com/mini/board/view/?id=seilhs&no=5573&page=4
4,5572,[일반],세일고 좋나요,다음주까지 원서 접수인데 세일고 1지망 써도 될까요,rkarb123 2024.11.26 22:25:44 스크랩 조회 629 추천 4 댓글 4,4,629,2024.11.26 22:25:44,https://gall.dcinside.com/mini/board/view/?id=seilhs&no=5572&page=4
4,5551,[일반],형들 부탁해!,형들 의료 윤리에 대한 모둠을 만들어서 발표를 해야하는데 주제 추천 해주면 게추!!!!!!,이재빈 (211.46) 2024.11.26 15:05:46 스크랩 조회 342 추천 1 댓글 0,1,342,2024.11.26 15:05:46,https://gall.dcinside.com/mini/board/view/?id=seilhs&no=5551&page=4
4,5503,[일반],세일고 열품타,세일고 열품타에 1학년인데 오후 9시 46분 기준 8시간 공부하는 새낀 뭐하는 새끼냐 학교에서도 켜둠?,이재빈 (115.90) 2024.11.25 21:47:07 스크랩 조회 308 추천 2 댓글 0,2,308,2024.11.25 21:47:07,https://gall.dcinside.com/mini/board/view/?id=seilhs&no=5503&page=4
4,5499,[일반],야한거 올려도됨?,ㅇㅇ,이재빈 (211.117) 2024.11.24 13:15:49 스크랩 조회 527 추천 0 댓글 0,0,527,2024.11.24 13:15:49,https://gall.dcinside.com/mini/board/view/?id=seilhs&no=5499&page=4
4,5498,[일반],크리스마스 한달전,아무튼 한달전,이재빈 (211.117) 2024.11.24 13:14:56 스크랩 조회 188 추천 0 댓글 0,0,188,2024.11.24 13:14:56,https://gall.dcinside.com/mini/board/view/?id=seilhs&no=5498&page=4
4,5468,[일반],나 오늘은 학교 안같어.....,아파서,이재빈 (122.38) 2024.11.20 13:08:36 스크랩 조회 368 추천 0 댓글 2,0,368,2024.11.20 13:08:36,https://gall.dcinside.com/mini/board/view/?id=seilhs&no=5468&page=4
4,5467,[일반],앵 세일고 좋은학교 아닌강,씹덕 많고 보추도 있고 유튜버도 있으면 좋은학교아니냐,세일고보추 (122.38) 2024.11.20 13:05:31 스크랩 조회 367 추천 0 댓글 0,0,367,2024.11.20 13:05:31,https://gall.dcinside.com/mini/board/view/?id=seilhs&no=5467&page=4
4,5466,[일반],세일고가 안 좋다고 말하는 사람 특,"이런 좋은 학교를 비하하고 자신들만 부귀영화 누리려고 하는 이기적인 사람들이다. 나는 세일고를 와서 너무나도 이득을 많이 보고 있는데, 안 좋다고 하는 사람들 다 거짓말이다. 그러니 안심하고 세일고 1지망으로 써라. 너의 큰 꿈을 펼쳐라.",세일고암흑의은둔고수 2024.11.20 12:28:32 스크랩 조회 611 추천 3 댓글 2,3,611,2024.11.20 12:28:32,https://gall.dcinside.com/mini/board/view/?id=seilhs&no=5466&page=4
4,5464,[일반],세일고 지원하려는 중3인데요,글들 읽어보니까 사립고라 선생님들 좋다고 들었는데 아닌 것 같네요 학교도 잘써주고 선생님들도 사립이라 열정적으로 가르친다고 알고 있었는데 다른가봐요 단점밖에 못봤는데 진짜 이 학교 괜찮나요?? 고민되네요,이재빈 (1.227) 2024.11.20 01:26:08 스크랩 조회 578 추천 0 댓글 5,0,578,2024.11.20 01:26:08,https://gall.dcinside.com/mini/board/view/?id=seilhs&no=5464&page=4
4,5463,[일반],아오 씨111발 재빈아,좀 닥쳐라 지 혼자 신나가지고 그냥,ㅇㅇ (211.46) 2024.11.19 10:51:25 스크랩 조회 331 추천 1 댓글 0,1,331,2024.11.19 10:51:25,https://gall.dcinside.com/mini/board/view/?id=seilhs&no=5463&page=4
4,5462,[일반],보추 the 1학년,1학년에 오토코노코 보추 있다는게 사실임?,이재빈 (223.38) 2024.11.19 07:49:11 스크랩 조회 318 추천 1 댓글 0,1,318,2024.11.19 07:49:11,https://gall.dcinside.com/mini/board/view/?id=seilhs&no=5462&page=4
4,5461,[일반],노무현,노무햔,이재빈 (223.38) 2024.11.18 16:53:48 스크랩 조회 201 추천 0 댓글 0,0,201,2024.11.18 16:53:48,https://gall.dcinside.com/mini/board/view/?id=seilhs&no=5461&page=4
4,5459,[일반],수능 안 본 새끼들은 뭐 할꺼임?,뭐하고 살꺼임,이재빈 (223.62) 2024.11.17 19:59:31 스크랩 조회 192 추천 1 댓글 0,1,192,2024.11.17 19:59:31,https://gall.dcinside.com/mini/board/view/?id=seilhs&no=5459&page=4
4,5455,[일반],보건실 기구들이랑 기구 보관하는 거좀 어떻게 해줘요,녹슬고 난리났던데 좀 그런걸로 치료하다가 뒤질거같은데,이재빈 (180.83) 2024.11.17 12:07:50 스크랩 조회 196 추천 1 댓글 0,1,196,2024.11.17 12:07:50,https://gall.dcinside.com/mini/board/view/?id=seilhs&no=5455&page=4
4,5449,[일반],수능,잘본새기있냐 - dc official App,이재빈 (58.238) 2024.11.16 00:15:57 스크랩 조회 175 추천 1 댓글 0,1,175,2024.11.16 00:15:57,https://gall.dcinside.com/mini/board/view/?id=seilhs&no=5449&page=4
4,5441,[일반],눈꽃이라고 앎?,저번에 치지직 채팅에서 눈꽃님 저도 세일고 출신이에요 하는놈 있었는데,이재빈 (180.83) 2024.11.14 12:14:47 스크랩 조회 346 추천 0 댓글 0,0,346,2024.11.14 12:14:47,https://gall.dcinside.com/mini/board/view/?id=seilhs&no=5441&page=4
4,5440,[일반],뀽뀽,뀽뀽,이재빈 (180.83) 2024.11.14 12:00:17 스크랩 조회 136 추천 0 댓글 0,0,136,2024.11.14 12:00:17,https://gall.dcinside.com/mini/board/view/?id=seilhs&no=5440&page=4
4,5439,[일반],시험화이팅,응원합니다~,아케비의세일러복 2024.11.14 07:23:18 스크랩 조회 174 추천 1 댓글 0,1,174,2024.11.14 07:23:18,https://gall.dcinside.com/mini/board/view/?id=seilhs&no=5439&page=4
4,5429,[일반],자 지금 2학년인데 내년까지 전학갈수 있나요???,제발 밑에 글도 이상하고 학교도 이상하고,이재빈 (223.38) 2024.11.11 08:19:08 스크랩 조회 389 추천 1 댓글 2,1,389,2024.11.11 08:19:08,https://gall.dcinside.com/mini/board/view/?id=seilhs&no=5429&page=4
4,5408,[일반],야짤 함부러 그리지마라,진짜로 ㅈ된다.,이재빈 (220.87) 2024.11.06 19:15:29 스크랩 조회 345 추천 1 댓글 0,1,345,2024.11.06 19:15:29,https://gall.dcinside.com/mini/board/view/?id=seilhs&no=5408&page=4
4,5394,[일반],버튜버랑 그새끼 떡밥 이제 그만~,여기가 버튜버 연습생 갤러리 뭐 그런거냐 한달 내내 질리지도 않고 지들얘기만 하네 xx님~ 채널 어디에요?? xx 얘 채널 알아냈다~ㅋㅋ xx야 이글봐라~ 친목질은 니네 단톡에서 해라 좀 버튜버나 그새끼 언급하는글은 더올라오면 짜름 이제 재미없으니까 ㅇㅇ 글쓸라면 학교얘기 하든가 다른 재밌는 떡밥 들고오도록~,아케비의세일러복 2024.11.02 12:01:44 스크랩 조회 514 추천 20 댓글 0,20,514,2024.11.02 12:01:44,https://gall.dcinside.com/mini/board/view/?id=seilhs&no=5394&page=4
4,5392,[일반],요즘 세일고 어떰?,졸업한지 10년 좀 넘었는데 무슨 갤러리가 있었넼ㅋㅋㅋ 요즘도 학교 잘 보냄? 라떼는 괜찮게 보냈는데 보닌은 약사임 대선배님 오셨으니 인사들 하도록. 공부 열심히 잘 하고! 교가 뭐더라 계양산 정기뻗은 ~ 뭐 이랬던것같은데,틀딱대선배 (223.39) 2024.11.01 20:22:50 스크랩 조회 577 추천 0 댓글 2,0,577,2024.11.01 20:22:50,https://gall.dcinside.com/mini/board/view/?id=seilhs&no=5392&page=4
4,5390,[일반],나도 버튜버,나도 버튜버 해보려는데 도와줄 수 있냐?,으으웅 (106.101) 2024.10.31 15:17:19 스크랩 조회 296 추천 0 댓글 0,0,296,2024.10.31 15:17:19,https://gall.dcinside.com/mini/board/view/?id=seilhs&no=5390&page=4
4,5389,[일반],ㅋㅋ,ㅋㅋㅋ 나 여잔데,으으웅 (106.101) 2024.10.31 15:05:34 스크랩 조회 130 추천 0 댓글 0,0,130,2024.10.31 15:05:34,https://gall.dcinside.com/mini/board/view/?id=seilhs&no=5389&page=4
4,5388,[일반],지금 계속 올리는 글쓴이,너 위탁 다니지 이놈아 다 알아 난 ㅋㅋ,으으웅 (106.101) 2024.10.31 14:50:05 스크랩 조회 323 추천 1 댓글 6,1,323,2024.10.31 14:50:05,https://gall.dcinside.com/mini/board/view/?id=seilhs&no=5388&page=4
4,5384,[정보],눈이 즐거운 과학 체험반,눈이 즐거운 과학 체험반 동아리원 2학년 누구누구 잇노?ㅋㅋ,이재빈 (211.46) 2024.10.31 09:51:33 스크랩 조회 427 추천 1 댓글 2,1,427,2024.10.31 09:51:33,https://gall.dcinside.com/mini/board/view/?id=seilhs&no=5384&page=4
4,5378,[일반],세일고버튜버 야짤그린다는 새끼들 존나 유치해죽겠네,아오 그냥 히토미나 켜 병신좆걸래년들아 니네가 야짤그린다고만 안헸어도 순애가 벌써 여기에 채널링크 남겨놨을꺼다.니네들때문에 나까지 못보잖아 딱봐도 재밌어 보이는걸,버스와이파이는5G 2024.10.29 08:27:18 스크랩 조회 279 추천 3 댓글 0,3,279,2024.10.29 08:27:18,https://gall.dcinside.com/mini/board/view/?id=seilhs&no=5378&page=4
4,5376,[일반],아니 근데,다른학교들 다 학교 내부에 스카 있는데 우리학교만 왜 스카없음?? 이거 보는 선생님들 스카 만들어주세요,이재빈 (58.238) 2024.10.27 23:14:11 스크랩 조회 313 추천 4 댓글 3,4,313,2024.10.27 23:14:11,https://gall.dcinside.com/mini/board/view/?id=seilhs&no=5376&page=4
4,5375,[일반],세일고 1지망 써서 온 애들은 징징대지 좀 마라,"세일고 ㅈ같다고 이미 인천에 소문이 자자한데 그럼에도 이 학교를 왔다는 것은, 너는 호구력으로는 1등급이라는 뜻이다 세일고 선택한 너 를 탓해야지 왜 니가 선택한 세일고 를 탓하고 있노? 그러면서 ㅈ반고 특목고 욕하는 게 이해가 안 되노 꼬우면 너도 갔어야지 ㅉㅉ",ㅇㅇ (175.118) 2024.10.27 22:13:10 스크랩 조회 671 추천 20 댓글 1,20,671,2024.10.27 22:13:10,https://gall.dcinside.com/mini/board/view/?id=seilhs&no=5375&page=4
4,5372,[일반],축하드립니다,축하합니다! 당신은 세일고로부터 초대장을 받았습니다. 이 초대장을 타 세일고 신규 입학생 5명에게 보내지 않으면 이재빈의 불시 교복검사에 당첨되게 됩니다.,이재빈 (211.234) 2024.10.27 15:30:06 스크랩 조회 267 추천 1 댓글 1,1,267,2024.10.27 15:30:06,https://gall.dcinside.com/mini/board/view/?id=seilhs&no=5372&page=4
4,5369,[일반],작년 졸업했는데,방학 동안 공사 하다가 칠판 뒤에 tv 공간 마련해뒀던 거 이제 씀? - dc official App,세일고의네임드가될테야 2024.10.27 04:04:26 스크랩 조회 359 추천 0 댓글 3,0,359,2024.10.27 04:04:26,https://gall.dcinside.com/mini/board/view/?id=seilhs&no=5369&page=4
4,5337,[일반],지금 인천사는 중3 남자들은 반드시 볼지어다,"제발 공부할꺼 아니면 세일고 오지마라 진짜 공부하는애들만 빼면 나머지는 전부 정신병자같은애들,나이값 못하는애들투성이고 앞건물은 쓰지도 않고 방치하는 낚시미끼같은 존재야. 공부 안할꺼면 그냥 특성화고가라",깻잎담배 (210.183) 2024.10.21 19:23:48 스크랩 조회 704 추천 16 댓글 1,16,704,2024.10.21 19:23:48,https://gall.dcinside.com/mini/board/view/?id=seilhs&no=5337&page=4
4,5335,[일반],세일고의 유일한 장점,타 학교에 비해 정시하기가 비교적 쉬움 즉 사회부적응자들이 잘 버틸 수 있는 학교임,ㅇㅇ (175.118) 2024.10.19 19:20:47 스크랩 조회 508 추천 2 댓글 0,2,508,2024.10.19 19:20:47,https://gall.dcinside.com/mini/board/view/?id=seilhs&no=5335&page=4
5,5330,[일반],09들아,오지 말라고 할때 오지마라. 진심으로 경고하는데 오지마라. 이미 온 사람들은 전학가라.,이재빈 (61.101) 2024.10.19 09:55:37 스크랩 조회 531 추천 6 댓글 2,6,531,2024.10.19 09:55:37,https://gall.dcinside.com/mini/board/view/?id=seilhs&no=5330&page=5
5,5329,[일반],갤 왈케 노잼됨,갤 망헸노,이재빈 (61.101) 2024.10.19 08:54:47 스크랩 조회 293 추천 0 댓글 2,0,293,2024.10.19 08:54:47,https://gall.dcinside.com/mini/board/view/?id=seilhs&no=5329&page=5
5,5327,[일반],1학년때 전학못간게 개아쉽네,ㄹㅇ 지금 2학년인데,메갈로마니악 2024.10.18 17:28:38 스크랩 조회 298 추천 1 댓글 1,1,298,2024.10.18 17:28:38,https://gall.dcinside.com/mini/board/view/?id=seilhs&no=5327&page=5
5,5326,[일반],근데나 궁금한거,왜 데이터는 글 안써져요 점심시간에 몰폰으로 볼때마다 불편한데,데이터왜글안써져요 2024.10.17 20:03:26 스크랩 조회 315 추천 0 댓글 2,0,315,2024.10.17 20:03:26,https://gall.dcinside.com/mini/board/view/?id=seilhs&no=5326&page=5
5,5313,[일반],우리 학교 급식,한사람다 투표는 한번만,이재빈 (112.160) 2024.10.15 18:04:31 스크랩 조회 288 추천 1 댓글 0,1,288,2024.10.15 18:04:31,https://gall.dcinside.com/mini/board/view/?id=seilhs&no=5313&page=5
5,5312,[일반],순애가 제발 이 글 읽어주길 바란다.,"순애야 아무리 관리가 잘되는 펨코라도 거기는 언제까지나 기분나쁜 아저씨육수들 이 넘처나는건 여기와 다를게 없어 그리고 왼만한 이세돌같은 스트분들은 자신이 집적 운영하는 네이버 팬카페를 운영해서 팬들이랑 소통하는게 네이버가 오히려 더 쉬울껄? 그리고 네이버카페는 스트본인,매니저분들이 집적 관리하는곳이잖아. 왼만한 다른 커뮤보다 더 안전할꺼야. 그리고 네가 버튜버 한다는 플렛폼도 치지직이잖아? 치지직도 네이버 소속이고 그러니깐 결론은 커뮤니티 같은거 얼씬도 하지말고 니 고향인 네이버로 돌아가.",깻잎담배 (210.183) 2024.10.14 18:55:42 스크랩 조회 511 추천 8 댓글 6,8,511,2024.10.14 18:55:42,https://gall.dcinside.com/mini/board/view/?id=seilhs&no=5312&page=5
5,5309,[일반],다시 태어난다며,근데 왜 간다는 곳이 펨코 나무위키임? 개명 성형 할 필요 있노,ㅇㅇ (175.118) 2024.10.13 23:19:48 스크랩 조회 593 추천 18 댓글 31,18,593,2024.10.13 23:19:48,https://gall.dcinside.com/mini/board/view/?id=seilhs&no=5309&page=5
5,5294,[일반],지금 본인이 수능때문에 죽고싶은 3학년이면 개추,ㅇㄷㄴㅂㅌ,이재빈 (180.83) 2024.10.12 11:40:01 스크랩 조회 290 추천 9 댓글 0,9,290,2024.10.12 11:40:01,https://gall.dcinside.com/mini/board/view/?id=seilhs&no=5294&page=5
5,5293,[일반],너 이제 어떻게 사는지 관심도 없어,"우리 수능때문에 죽을거같아 그리고 디시 오기전엔 네이버블로그,카페 유저였으니 네이버로 돌아가",이재빈 (180.83) 2024.10.12 11:39:12 스크랩 조회 207 추천 5 댓글 0,5,207,2024.10.12 11:39:12,https://gall.dcinside.com/mini/board/view/?id=seilhs&no=5293&page=5
5,5279,[일반],2학년때,1반 2반 3반 선택과목 조합이 어케됨,이재빈 (115.138) 2024.10.09 14:28:10 스크랩 조회 247 추천 5 댓글 1,5,247,2024.10.09 14:28:10,https://gall.dcinside.com/mini/board/view/?id=seilhs&no=5279&page=5
5,5267,[일반],UwU,나는 귀여운 1학년(≧ω≦),왜그래또 2024.10.08 15:05:39 스크랩 조회 308 추천 7 댓글 2,7,308,2024.10.08 15:05:39,https://gall.dcinside.com/mini/board/view/?id=seilhs&no=5267&page=5
5,5265,[일반],1학년인데 전학가고싶음,학교 욀케 구려요,왜그래또 2024.10.07 19:24:18 스크랩 조회 485 추천 7 댓글 4,7,485,2024.10.07 19:24:18,https://gall.dcinside.com/mini/board/view/?id=seilhs&no=5265&page=5
5,5255,[일반],세일고에 기숙사가 생긴다면?,어떨 거 같음? 물론 석식 인원부터 ㅈ박아서 애들이 기숙사 들어올지는 의문이지만 구 한일초 건물 쪽을 기숙사로 만들어서 인천외고처럼 기숙사 신청하면 쓸 수 있게 하는 거지,ㅇㅇ (175.118) 2024.10.05 20:56:30 스크랩 조회 329 추천 4 댓글 0,4,329,2024.10.05 20:56:30,https://gall.dcinside.com/mini/board/view/?id=seilhs&no=5255&page=5
5,5248,[일반],지금일어났다,어짜피학교안감ㅋ,이재빈 (221.141) 2024.10.04 13:21:50 스크랩 조회 178 추천 2 댓글 0,2,178,2024.10.04 13:21:50,https://gall.dcinside.com/mini/board/view/?id=seilhs&no=5248&page=5
5,5231,[일반],FACTOS,한 가지 명확한 사실이 뭔지 알려줄까? 그냥 학교가 병신임 아니 정시로 서울대 연세대 고려대 뚫을 애들이면 그새끼들 수시로는 도대체 왜 서울대 연세대 고려대 못 보내냐? 전국 단위에서 경쟁력이 있는 애들이면 지역 단위에서도 당연히 경쟁력 잠재력이 있는 게 정상이고 정시로 갈 대가리인 애들을 가지고 수시로 못 보내는 게 이상한 거 아님? 내신 2 3점대인 애들 붙잡고 고려대 쓰게 시킬 게 아니라 내신 2 3점대인 애들이 SKY 붙을 수 있게 할 학종을 만들어 주면 되는 일 아니냐? 뭐 밑에 있는 자공고 새끼들은 진짜 그러면 자공고라서 80명 정원에 10명씩 보내는 거임? 그게 블라인드 시대에 세특이랑 학종 차이 말고 더 설명할 방법이 있음? 걔네가 세특이랑 학종이 뛰어나니까 잘 가는거지 입학처 측에서 학교 이름 알아서 잘 가는 거임? 내신 4점대 애가 정시 박고 서울대 가고 내신 3점대 애가 정시 박고 성균관대 가고 내신 2점대 애가 정시 박고 고려대 가고 그러면 그 새끼들 대체 왜 수시로는 못 보내냐고요 그 똑똑한 새끼들을,이재빈 (49.142) 2024.10.01 23:26:05 스크랩 조회 353 추천 15 댓글 0,15,353,2024.10.01 23:26:05,https://gall.dcinside.com/mini/board/view/?id=seilhs&no=5231&page=5
5,5227,[일반],내쫗아야 하는 사람,굳이 잘하는것도 없이 머릿수만 채울려고 있는 사람 갈등의 원인이고 사람들 사이의 관계를 찢어놓는 사람 있어봤자 어색하기만 한 사람 그런 사 람들은 그냥 밖으로 내쫗아야 한다,카멜롯 2024.09.30 14:11:07 스크랩 조회 494 추천 4 댓글 1,4,494,2024.09.30 14:11:07,https://gall.dcinside.com/mini/board/view/?id=seilhs&no=5227&page=5
5,5226,[일반],희봉이 아직 있음?,졸업생임 - dc official App,이재빈 (211.36) 2024.09.30 01:30:16 스크랩 조회 261 추천 0 댓글 0,0,261,2024.09.30 01:30:16,https://gall.dcinside.com/mini/board/view/?id=seilhs&no=5226&page=5
5,5221,[일반],아,전현무현전 현무암무현,이재빈 (1.211) 2024.09.28 17:32:06 스크랩 조회 221 추천 1 댓글 0,1,221,2024.09.28 17:32:06,https://gall.dcinside.com/mini/board/view/?id=seilhs&no=5221&page=5
5,5220,[일반],지금 탈세일 하고 싶으면 개추,세붕이들 개추 박아야지,이재빈 (1.211) 2024.09.28 17:28:31 스크랩 조회 564 추천 33 댓글 0,33,564,2024.09.28 17:28:31,https://gall.dcinside.com/mini/board/view/?id=seilhs&no=5220&page=5
5,5211,[일반],졸업식 안가고 졸업장 집에 태갭로 보낼수있음?,???,이재빈 (122.38) 2024.09.27 09:13:29 스크랩 조회 326 추천 0 댓글 1,0,326,2024.09.27 09:13:29,https://gall.dcinside.com/mini/board/view/?id=seilhs&no=5211&page=5
5,5206,[일반],도와줘,요새 꼬추가 안서,세일고발기부전환자 2024.09.25 17:27:44 스크랩 조회 292 추천 0 댓글 0,0,292,2024.09.25 17:27:44,https://gall.dcinside.com/mini/board/view/?id=seilhs&no=5206&page=5
5,5189,[일반],전담,여기는 쉬는시간 점심시간에 전담 안 피냐 산 보면서 전담피면 개 야무지게 빨릴꺼 같은데,00 (220.87) 2024.09.20 01:19:55 스크랩 조회 362 추천 2 댓글 1,2,362,2024.09.20 01:19:55,https://gall.dcinside.com/mini/board/view/?id=seilhs&no=5189&page=5
5,5177,[일반],그래 개명과 성형수술은 정말좋은  갱생 방법이지,3학년중 한명이 실행에 옮기려한다.,이재빈 (122.38) 2024.09.19 10:30:38 스크랩 조회 392 추천 10 댓글 1,10,392,2024.09.19 10:30:38,https://gall.dcinside.com/mini/board/view/?id=seilhs&no=5177&page=5
5,5176,[일반],본인 우등생인데,졸업하면 정치과가서 담배값 존나 올리겠음ㅇㅇㅇ,이재빈 (122.38) 2024.09.19 09:26:17 스크랩 조회 290 추천 2 댓글 0,2,290,2024.09.19 09:26:17,https://gall.dcinside.com/mini/board/view/?id=seilhs&no=5176&page=5
5,5165,[일반],북한이 또 오물풍선날리네,이첨에 전쟁으로 이어졌으면 좋겠음 ㄹㅇ,이재빈 (175.237) 2024.09.18 19:59:17 스크랩 조회 245 추천 17 댓글 0,17,245,2024.09.18 19:59:17,https://gall.dcinside.com/mini/board/view/?id=seilhs&no=5165&page=5
5,5164,[일반],내일 학교감?,ㅇㅇ,이재빈 (124.56) 2024.09.18 16:07:53 스크랩 조회 362 추천 0 댓글 3,0,362,2024.09.18 16:07:53,https://gall.dcinside.com/mini/board/view/?id=seilhs&no=5164&page=5
5,5162,[일반],나 위탁간놈인데,나는 호텔요리 배우는거함 탈세일 못한 2학년 애들아 제발 마지막 기회다. 돼지사료같은 밥 주는 북한같은 세일고에서 인생 낭비하지 말고 이탈리아같은 명품 음식 만드는 위탁교육으로 와라,릴사 (61.101) 2024.09.18 03:14:46 스크랩 조회 442 추천 6 댓글 1,6,442,2024.09.18 03:14:46,https://gall.dcinside.com/mini/board/view/?id=seilhs&no=5162&page=5
5,5156,[일반],세일고 제일고,"저 09년생이어서 좀 있으면 원서 써야하는데 저희때는 교육과정 바뀌어서 수시 정시 둘다 챙겨야 할것같네요 저는 세일/제일 을 1,2지망으로 쓰려고 하는데 어딜 1지망으로 쓸까요? (빡센 중학교는 아니지만 닥 전교권입니다) 글들 보니 학교생활이 많이.. 안좋은것같긴한데 제가 맘만 단단하게 먹으면 공부하기는 좋을까요?",이재빈 (116.45) 2024.09.16 20:29:10 스크랩 조회 564 추천 0 댓글 3,0,564,2024.09.16 20:29:10,https://gall.dcinside.com/mini/board/view/?id=seilhs&no=5156&page=5
5,5155,[일반],계속 분탕치는 것 같아서 쓴다,"계속 세일고 안 좋다, 안 좋다들 하는데, 세일고 만큼 좋은 학교가 인천중에 또 있다고 생각하는거냐? 다들 지들만 꿀 빨려고 악을쓰며 오지 말라는 이런 비인륜적 태도를 우리 후배가 보면 무얼 배운다고 그러는 것이느냐? 내 파딱의 자리로서 말 하건데, 세일고 좋다. 최고의 학교로 손색없다. 그러니 당장, 1지망에 세일고를 자랑스리 적어서 내거라.",세일고암흑의은둔고수 2024.09.16 19:56:04 스크랩 조회 351 추천 4 댓글 1,4,351,2024.09.16 19:56:04,https://gall.dcinside.com/mini/board/view/?id=seilhs&no=5155&page=5
5,5154,[일반],3년전 내가 1지망 학교에 갔으면 내 인생이 달라졌을까?,뭐 3지망이나 4지망도 아니고 10지망 아래로 떨어진건 그땐 좀 충격이였음,이재빈 (211.36) 2024.09.16 16:37:56 스크랩 조회 387 추천 3 댓글 2,3,387,2024.09.16 16:37:56,https://gall.dcinside.com/mini/board/view/?id=seilhs&no=5154&page=5
5,5153,[일반],예들아,나도 지금부터 돈모으고 있고 너희들도 졸업하면 개명+성형수술 꼭해라 그리고 세일고 출신인거 티내지마라 안그럼 무시받는다 씨발,냥털이 (58.228) 2024.09.16 15:31:28 스크랩 조회 242 추천 2 댓글 2,2,242,2024.09.16 15:31:28,https://gall.dcinside.com/mini/board/view/?id=seilhs&no=5153&page=5
5,5149,[일반],세일고에 복수하는방법,그냥 구글리뷰에 별 한개만 남기면 됩니다. 고소 먹을수도 있으니깐 글은 아무글도 쓰지말고 간단하게 뱔 한개만 남겨주시요,릴파사랑 (61.101) 2024.09.15 23:18:12 스크랩 조회 295 추천 5 댓글 0,5,295,2024.09.15 23:18:12,https://gall.dcinside.com/mini/board/view/?id=seilhs&no=5149&page=5
5,5148,[일반],상남자 특,귀여운거좋아함,릴파사랑 (61.101) 2024.09.15 22:29:42 스크랩 조회 255 추천 3 댓글 0,3,255,2024.09.15 22:29:42,https://gall.dcinside.com/mini/board/view/?id=seilhs&no=5148&page=5
5,5145,[일반],단순하게 이름만 바꾸는줄 알면 큰 오산이다.,"나는 세일고의 한 학생이였고 과거를 완전히 지워버리기 위해 다른사람으로 탈바꿈하겠다. 단순히 이름만 바꾸는 것이 아니라 얼굴도, 성격도 , 머리색도 , 목소리도 , 얼굴톤도 , 안경도 , 기타등등 다 바꾸겠다. 즉 완전히 다른사람으로 바뀔것",DELETE 2024.09.15 01:21:19 스크랩 조회 304 추천 4 댓글 2,4,304,2024.09.15 01:21:19,https://gall.dcinside.com/mini/board/view/?id=seilhs&no=5145&page=5
5,5143,[일반],나도 이런,https://www.youtube.com/watch?v=8a_CBIt3juA https://www.youtube.com/watch?v=8a_CBIt3juA 귀여워서 미안해(可愛くてごめん) 한국어 남자커버 / 검정나비 cover #버튜버 #honeyworks #귀여워서미안해 노래 : 검정나비개사 : 검정나비Mix : 김준태썸네일 : 아트머그 neil 작가님원곡 : https://www.youtube.com/watch?v=K4xLi8IF1FM&t=0s가사나자신이 나자신을 사랑한다는게뭐가 나쁜 걸까? 질투 하... www.youtube.com 귀여워서 미안해(可愛くてごめん) 한국어 남자커버 / 검정나비 cover #버튜버 #honeyworks #귀여워서미안해 노래 : 검정나비개사 : 검정나비Mix : 김준태썸네일 : 아트머그 neil 작가님원곡 : https://www.youtube.com/watch?v=K4xLi8IF1FM&t=0s가사나자신이 나자신을 사랑한다는게뭐가 나쁜 걸까? 질투 하... www.youtube.com 귀여운 목소리갖고싶다,릴파님사랑해요2 (61.101) 2024.09.14 20:07:56 스크랩 조회 348 추천 1 댓글 0,1,348,2024.09.14 20:07:56,https://gall.dcinside.com/mini/board/view/?id=seilhs&no=5143&page=5
5,5142,[일반],세일고 1지망 쓰는 애들 너무 없잖아,그럼 역설적으로 뺑뺑이 돌리게 되니 타 학교들이랑 애들 수준 별 차이 없어지는 거 아님? 이로써 일반고끼리는 진정한 고교평준화가 이루어지는 거지 블라인드 처리 돼서 학교 유형밖에 모를 테니 굳이 특목자사고 대신 갓반고를 올 필요가 전혀 없어짐 학교 대입 실적만 봐도 대부분 정시 ㅋ,ㅇㅇ (121.65) 2024.09.14 13:48:16 스크랩 조회 423 추천 3 댓글 1,3,423,2024.09.14 13:48:16,https://gall.dcinside.com/mini/board/view/?id=seilhs&no=5142&page=5
5,5140,[일반],이학교는 지옥이다 오지마라,오죽헸음 애들 최소 절반이상이 슬립낫 팬임,냥보이 2024.09.14 00:09:28 스크랩 조회 234 추천 1 댓글 0,1,234,2024.09.14 00:09:28,https://gall.dcinside.com/mini/board/view/?id=seilhs&no=5140&page=5
5,5136,[일반],담배 좆같음,"초딩때 제주도여행같다가 새벽 4시에 호텔에서 비상벨 울린이유가 왠 미친놈이 호텔방안에서 피운게 화재경보기가 인식함ㅅㅂ 그 호텔에 외국인,어린아이들도 많았는데 ㅅㅂ 새벽 4시에 다깨서 짐들고 대피헸던거 아직도 기억나네 씨발 담배 값좀 올려라 한갑당 7만원, 시가같은 독립적인건 한개피당 5만원으로",릴파님사랑해요2 (61.101) 2024.09.12 23:14:02 스크랩 조회 421 추천 12 댓글 2,12,421,2024.09.12 23:14:02,https://gall.dcinside.com/mini/board/view/?id=seilhs&no=5136&page=5
5,5135,[일반],세일고와 세일러복,초저출산으러 세일고는 결국 울며 겨지먹기로 여자를 도입하기로 결정헸다. 결국 세일러복을 교복으로 지정헸다. 응 남자들은 여전히 싸구려 맥도날드 직원복임,개찐따 (182.226) 2024.09.12 19:20:37 스크랩 조회 333 추천 1 댓글 1,1,333,2024.09.12 19:20:37,https://gall.dcinside.com/mini/board/view/?id=seilhs&no=5135&page=5
5,5130,[일반],얼마 전까지 정시파이터 외치고 다녔던 새끼들이 ㅋㅋ,수시철 되니까 담임 옷가랑이 붙잡고 수시 쓰겠다는 거 보기 추하노 정시로도 본인들 지잡대밖에 못 가는 걸 아는 거지,ㅇㅇ (175.118) 2024.09.11 20:59:30 스크랩 조회 425 추천 0 댓글 1,0,425,2024.09.11 20:59:30,https://gall.dcinside.com/mini/board/view/?id=seilhs&no=5130&page=5
5,5128,[일반],16살 중3이면,많은 투표 부탁드립니다.,릴파님사랑해요 2024.09.10 21:06:31 스크랩 조회 271 추천 2 댓글 0,2,271,2024.09.10 21:06:31,https://gall.dcinside.com/mini/board/view/?id=seilhs&no=5128&page=5
5,5127,[급식],요즘 석식 메뉴 왜 이럼??,전에는 이정도까지로 메뉴가 나락가지 않았는데 왜 이러냐,이재빈 (211.46) 2024.09.10 16:40:53 스크랩 조회 430 추천 5 댓글 4,5,430,2024.09.10 16:40:53,https://gall.dcinside.com/mini/board/view/?id=seilhs&no=5127&page=5
5,5123,[일반],고소합니다.,땅콩은 고소합니다.,이재빈 (61.101) 2024.09.09 18:25:56 스크랩 조회 331 추천 6 댓글 0,6,331,2024.09.09 18:25:56,https://gall.dcinside.com/mini/board/view/?id=seilhs&no=5123&page=5
5,5122,[급식],세일고 올려는 사람들은 이거 읽어주시길,https://m.dcinside.com/mini/seilhs/4379?recommend=1 스압)지혜로운 세일인이 되기 위한 지침서 08년생용 - 세일고 미니 갤러리 세일고에 대해 궁금한 게 많은 08들을 위해서 세일고에 대해 궁금한 것들을 낱낱이 알려주려고 함1. 학교 운영세일고는 사립 일반고에 2대 세습 독재(현재 이사장 아들이 교장임)를 하는 학교로 매우 비민주적이고 수직적인 m.dcinside.com,이재빈 (221.141) 2024.09.09 13:24:48 스크랩 조회 443 추천 1 댓글 0,1,443,2024.09.09 13:24:48,https://gall.dcinside.com/mini/board/view/?id=seilhs&no=5122&page=5
5,5121,[일반],고전 수업 도대체 언제까지 하려는건데,도움 안된다고 필요없다고 제발,이재빈 (1.224) 2024.09.08 23:39:58 스크랩 조회 323 추천 5 댓글 2,5,323,2024.09.08 23:39:58,https://gall.dcinside.com/mini/board/view/?id=seilhs&no=5121&page=5
5,5119,[일반],파오후 유튜버 니코카도 아보카도 근황,https://m.youtube.com/watch?v=HkGjoRPpWqA&pp=ygUZ64uI7L2U7Lm064-EIOyVhOuztOy5tOuPhA%3D%3D Two Steps Ahead Part 2: https://www.youtube.com/watch?v=WMTb_g6rsxYNew Instagram: https://instagram.com/real_nikocadoNew Twitter: https://twitter.com/real_nikocadoBusiness I... m.youtube.com 감동,이재빈 (183.102) 2024.09.07 18:52:29 스크랩 조회 583 추천 3 댓글 1,3,583,2024.09.07 18:52:29,https://gall.dcinside.com/mini/board/view/?id=seilhs&no=5119&page=5
5,5118,[일반],어쩌다 독립투사,"https://m.youtube.com/shorts/B-VrPhFV7VI 어쩌다 독립투사 #웃긴썰  #썰 #사연 #웃긴사연 #shorts재미있고 웃기고 신나는 하루를 드리고 싶어요문의, 시청자 투고junki4516@gmail.com m.youtube.com ㅋㅋㅋㅋㅋㅋㅋㅌ",이재빈 (183.102) 2024.09.07 18:48:23 스크랩 조회 171 추천 1 댓글 0,1,171,2024.09.07 18:48:23,https://gall.dcinside.com/mini/board/view/?id=seilhs&no=5118&page=5
5,5116,[일반],린짱렌쿤,말 그대로,이재빈 (211.117) 2024.09.07 13:45:23 스크랩 조회 128 추천 2 댓글 0,2,128,2024.09.07 13:45:23,https://gall.dcinside.com/mini/board/view/?id=seilhs&no=5116&page=5
5,5112,[일반],중삐리년들 세갤 들어오기만 해 봐,머리에 피도 안 마른 것들이 ㅉ,ㅇㅇ (175.118) 2024.09.06 23:41:37 스크랩 조회 160 추천 3 댓글 0,3,160,2024.09.06 23:41:37,https://gall.dcinside.com/mini/board/view/?id=seilhs&no=5112&page=5
5,5108,[일반],세일고 갤러리 8개월 유저인데,여기 그냥 ㅈㄴ 딥웹같음,세일고자퇴한년 2024.09.05 11:03:03 스크랩 조회 390 추천 6 댓글 1,6,390,2024.09.05 11:03:03,https://gall.dcinside.com/mini/board/view/?id=seilhs&no=5108&page=5
6,5107,[일반],고세구의 숨겨진,자매들 (사실 고세구 아바타는 원레 부스에서 파는 아바타였다),세일고자퇴한년 2024.09.05 10:22:02 스크랩 조회 194 추천 3 댓글 0,3,194,2024.09.05 10:22:02,https://gall.dcinside.com/mini/board/view/?id=seilhs&no=5107&page=6
6,5103,[일반],아케비짱 규칙 하나만 더 추가해요,실명 언급,이재빈 (118.235) 2024.09.05 08:30:30 스크랩 조회 115 추천 2 댓글 0,2,115,2024.09.05 08:30:30,https://gall.dcinside.com/mini/board/view/?id=seilhs&no=5103&page=6
6,5102,[일반],담배값 올려야한다,한갑당 5만원으로 올려서 세붕이들 못피우게,이재빈 (118.235) 2024.09.05 08:25:54 스크랩 조회 134 추천 5 댓글 0,5,134,2024.09.05 08:25:54,https://gall.dcinside.com/mini/board/view/?id=seilhs&no=5102&page=6
6,5099,[일반],세일초 친구들 이건 꼭 지켜주세요~,1. 특정 ​ 반이나 학생 한명 찍고 욕박지 말기!​ 내일 학교가서 다시 얼굴보고 웃어야할 친구들인데 인터넷이라고 나쁜말을 사용해선 안되겠죠? ​ ♡♡ ​ 2. 선생님 욕은 일기장에! 오늘 선생님한테 혼나서 우울해도 게시판에 화내면 안돼요! 자신이 당한 부당행위 폭로나 건설적인 건의가 아니라면 선생님에 대한 마음은 교무실에가서 직접 전해요~ 3. 고어짤 올리지 말기! 게시판에 잔혹한 사진을 마구 올리면 본인이 어둠의 다크나이트라도 된것 같나요? 중이병이 덜나아서 잔인한거 보고 낄낄대는건 자랑이 아니에요~ 세일초 학생들도 댓글이나 게시글에 수상한 링크 있으면 클릭하지 말기! 4. 범죄예고 하지 않기!☆☆ 강력한 무기로 싫어하는 친구를 슥삭슥삭~ 멋진 상상은 본인 스케치북에만 표현해주세요! 제가 전에 나쁜말하지 말라고 했는데 확인하지 못한 친구들이 있었는지 재미없는 글만 잔뜩 쓰길래 한번 적어봤습니다~ 위 사항들은 꼭 지키면서 세일초 커뮤니티 이용해주세요@@ 아참 그리고 안적었는데 조선인이 어쩌고~ 세일고 개돼지들이 어쩌고~ 하는 글들도 지울거임 별로 재미없으니깐~,아케비의세일러복 2024.09.03 00:19:21 스크랩 조회 519 추천 2 댓글 4,2,519,2024.09.03 00:19:21,https://gall.dcinside.com/mini/board/view/?id=seilhs&no=5099&page=6
6,5087,[일반],오와,드디어,찹쌀떡1 2024.09.02 07:43:41 스크랩 조회 196 추천 3 댓글 0,3,196,2024.09.02 07:43:41,https://gall.dcinside.com/mini/board/view/?id=seilhs&no=5087&page=6
6,5086,[일반],세일고 실시간 ㄷㄷ 몰래보셈,"오조오억 세일동포들은 보아라. 이재빈의 침탈과 독재에 맞써려 한다. 나의 모교, 나의 세일... 우리의 세일 세일이라는 단어가 끌려 1지망을 썼다. 무기력하게 반항조차 못하고 1학년을 보냈다. 나는 내가 싫어서 아무것도 하지 않았다. 나는 이재빈이 싫어도 아무것도 안했다. 무능한 나였다. 교장 이재빈은 골프채를 잡고 골프를 친다. 우리 세일 학우들은 펜을잡고 반항의 글씨를 끄적인다. 단순한 글씨가 아니다. 이것은 혁명의 불씨이다. 바람에 무능한 과거와 현재를 태워 날려보내고 들어오는 바람에 희망이 있기만을, 세일고의 교표가 이재빈의 초상화보다 더 높이 걸리는 미래를, 아니 현재를 그리려 한다. 함깨해 주겠는가?",이재빈 (14.5) 2024.09.01 23:41:01 스크랩 조회 604 추천 2 댓글 2,2,604,2024.09.01 23:41:01,https://gall.dcinside.com/mini/board/view/?id=seilhs&no=5086&page=6
6,5082,[일반],데이터 사진 왜 막혔어요,카가미네 린렌 짤 올리고싶은데,찹쌀떡1 2024.09.01 17:13:29 스크랩 조회 219 추천 1 댓글 1,1,219,2024.09.01 17:13:29,https://gall.dcinside.com/mini/board/view/?id=seilhs&no=5082&page=6
6,5080,[일반],후배들에게,열심히 공부해라,2012년졸업생 (115.21) 2024.09.01 12:54:01 스크랩 조회 187 추천 0 댓글 0,0,187,2024.09.01 12:54:01,https://gall.dcinside.com/mini/board/view/?id=seilhs&no=5080&page=6
6,5079,[일반],글을 쓸거면,차라리 한 번에 써라 띄엄띄엄 쓰지 말고,세일고암흑의은둔고수 2024.09.01 02:20:38 스크랩 조회 264 추천 1 댓글 2,1,264,2024.09.01 02:20:38,https://gall.dcinside.com/mini/board/view/?id=seilhs&no=5079&page=6
6,5077,[일반],경문실용전문학교 학생인데 세일고 출신인놈 인성 폭로힌다,윌리스 브린 지구를 콤바인에 팔아먹음 16살때 한국와서 세일고 졸업함,리쿠 (119.197) 2024.08.31 20:38:46 스크랩 조회 372 추천 3 댓글 0,3,372,2024.08.31 20:38:46,https://gall.dcinside.com/mini/board/view/?id=seilhs&no=5077&page=6
6,5070,[일반],졸업 후 개명하겠음,안그러면 새 이름이 졸업앨범에 그대로 박힘 본인들이 내 인생 대산 살아줄거 아니니깐 불만있는사함 없죠?,말랑달콤찹쌀떡 2024.08.31 12:09:39 스크랩 조회 286 추천 6 댓글 0,6,286,2024.08.31 12:09:39,https://gall.dcinside.com/mini/board/view/?id=seilhs&no=5070&page=6
6,5069,[일반],축제이름 추천,ㅅㅂ 추천 세붕이들아,이재빈 (211.46) 2024.08.30 14:03:40 스크랩 조회 169 추천 0 댓글 0,0,169,2024.08.30 14:03:40,https://gall.dcinside.com/mini/board/view/?id=seilhs&no=5069&page=6
6,5068,[일반],찐따갤 그분들 차단했습니다~,우리 학생 아닌건 알았지만 놀러왔길래 그냥 보고있었는데 자꾸 반이랑 이름 찍으면서 분탕치고 친구들 드글드글 데리고와서 역할놀이 하는게 보기 안좋네요~ 상황극은 너네 본진가서 해라~~!!,아케비의세일러복 2024.08.30 01:10:34 스크랩 조회 342 추천 4 댓글 0,4,342,2024.08.30 01:10:34,https://gall.dcinside.com/mini/board/view/?id=seilhs&no=5068&page=6
6,5067,[일반],박xx,그만나대라 꼬우면 야차룰ㄱㄱ,세일붕 (211.46) 2024.08.29 13:29:53 스크랩 조회 358 추천 10 댓글 0,10,358,2024.08.29 13:29:53,https://gall.dcinside.com/mini/board/view/?id=seilhs&no=5067&page=6
6,5064,[일반],전담 = 찐따 그 자체,일반담배는 태우면서 간지라도 나지 전담피우는애들은 뭐냐?,이재빈 (112.145) 2024.08.27 11:48:32 스크랩 조회 297 추천 7 댓글 0,7,297,2024.08.27 11:48:32,https://gall.dcinside.com/mini/board/view/?id=seilhs&no=5064&page=6
6,5063,[일반],아즈텍 정체 폭로함,3-2 박xx 어제 tomoko글에 쌍욕날리는거보고 확증됨,이재빈 (112.145) 2024.08.27 11:12:30 스크랩 조회 217 추천 1 댓글 0,1,217,2024.08.27 11:12:30,https://gall.dcinside.com/mini/board/view/?id=seilhs&no=5063&page=6
6,5061,[일반],ㅋㅋㅋ,ㅋㅋㅋㅋㅋ,세일고대물 2024.08.27 07:24:49 스크랩 조회 161 추천 0 댓글 0,0,161,2024.08.27 07:24:49,https://gall.dcinside.com/mini/board/view/?id=seilhs&no=5061&page=6
6,5054,[일반],찐따갤러리에서 활동하는 세일고 출신 고정닉 목록,ㅁㅣ오 TOMOKO,세일고대물 2024.08.25 19:20:50 스크랩 조회 446 추천 2 댓글 2,2,446,2024.08.25 19:20:50,https://gall.dcinside.com/mini/board/view/?id=seilhs&no=5054&page=6
6,5048,[일반],흡연교육 이해 안되는게,"그냥 영국,뉴질랜드처럼 못피게 막거나 가격을 올리면 되지 않나? 그럼 알아서 안피울텐데",귀여워서미안해 (221.141) 2024.08.22 13:33:31 스크랩 조회 268 추천 9 댓글 0,9,268,2024.08.22 13:33:31,https://gall.dcinside.com/mini/board/view/?id=seilhs&no=5048&page=6
6,5047,[일반],영국은 2009년생 이후로는 담배 못사는데,한국도 이 법 도입해야한다.,귀여워서미안해 (221.141) 2024.08.22 13:13:32 스크랩 조회 196 추천 12 댓글 0,12,196,2024.08.22 13:13:32,https://gall.dcinside.com/mini/board/view/?id=seilhs&no=5047&page=6
6,5046,[일반],담배가격 올려야한다,진짜로 한갑당 5만원 학교인데 담배꽁초 버리는거보고충격먹음,귀여워서미안해 (221.141) 2024.08.22 13:10:27 스크랩 조회 483 추천 27 댓글 0,27,483,2024.08.22 13:10:27,https://gall.dcinside.com/mini/board/view/?id=seilhs&no=5046&page=6
6,5034,[일반],주딱님,컴퓨터 아니면 글 못쓰게 하면 안될까요? 이상한글쓰는애들이 너무믾아요 pc방 컴으로 이상한글 쓰면 된다고 하는애들있는데 pc방 컴퓨터ip도 밴하면 되죠. 그리고 고작 디시 글쓰려고 천원씩 쓰는건 글쓴이 입장에서도 손해,까루보나으리 (14.7) 2024.08.20 19:53:29 스크랩 조회 298 추천 6 댓글 4,6,298,2024.08.20 19:53:29,https://gall.dcinside.com/mini/board/view/?id=seilhs&no=5034&page=6
6,4992,[일반],중3인데 세일고 학교좋나요,,ㅁㅣ오 2024.08.14 14:06:17 스크랩 조회 902 추천 9 댓글 14,9,902,2024.08.14 14:06:17,https://gall.dcinside.com/mini/board/view/?id=seilhs&no=4992&page=6
6,4991,[일반],세일고 내신,세일 내신 2점 중반대면 어디가나요?,이재빈 (222.237) 2024.08.13 00:36:39 스크랩 조회 499 추천 2 댓글 3,2,499,2024.08.13 00:36:39,https://gall.dcinside.com/mini/board/view/?id=seilhs&no=4991&page=6
6,4989,[일반],선배님들 논술 괜찮나요,작년 입결 보니까 논술로 많이 붙었던데 내신 모의고사 등급 둘 다 답없으면 논술도 괜찮은 선택지인가요?,ㅇㅇ (175.118) 2024.08.11 18:40:16 스크랩 조회 381 추천 1 댓글 2,1,381,2024.08.11 18:40:16,https://gall.dcinside.com/mini/board/view/?id=seilhs&no=4989&page=6
6,4979,[일반],ㅋㅋ 니가 카리나 팬이라서 화나면 어쩔건데,ㅋㅋ?,이재빈 (211.36) 2024.08.09 14:09:51 스크랩 조회 289 추천 16 댓글 0,16,289,2024.08.09 14:09:51,https://gall.dcinside.com/mini/board/view/?id=seilhs&no=4979&page=6
6,4976,[일반],이상한 새끼 박제,카리나랑 뭘 하겠다는 거임?카리나 팬으로써 화나는데 이새끼 신고 ㄱㄴ?,안싱글벙글 (61.101) 2024.08.08 23:18:43 스크랩 조회 791 추천 13 댓글 4,13,791,2024.08.08 23:18:43,https://gall.dcinside.com/mini/board/view/?id=seilhs&no=4976&page=6
6,4974,[일반],""" 61.101 """,https://m.dcinside.com/board/elsword_new1/2326299 자주 보이는 61.101에 대해 알아보자 - 엘소드 갤러리 그만 알아보자  - dc official App m.dcinside.com,안싱글벙글 (223.38) 2024.08.07 22:28:03 스크랩 조회 265 추천 1 댓글 0,1,265,2024.08.07 22:28:03,https://gall.dcinside.com/mini/board/view/?id=seilhs&no=4974&page=6
6,4973,[일반],하 씨발 4개월만 참으면 세일고 탈출이다,다들 힘내자,애플이 (61.101) 2024.08.07 21:35:31 스크랩 조회 428 추천 4 댓글 2,4,428,2024.08.07 21:35:31,https://gall.dcinside.com/mini/board/view/?id=seilhs&no=4973&page=6
6,4959,[일반],선배들 수능 볼 때 주로 어느 학교 많이 갔나요?,집이랑 가까운 곳으로 많이 배정받나요 아니면 학교랑 가까운 곳으로 많이 배정받나요?,ㅇㅇ (175.118) 2024.08.03 15:20:27 스크랩 조회 235 추천 0 댓글 0,0,235,2024.08.03 15:20:27,https://gall.dcinside.com/mini/board/view/?id=seilhs&no=4959&page=6
6,4956,[일반],"챗 gpt 사용하기 좋은 것, 그렇지 않은 것 알려준다","사용하기 좋은 것: 자유주제 과제, 느낀 점 쓰기 사용하기 좋지 않은 것: 독후감상문, 구체적인 활동을 서술해야 하는 과제",이재빈 (175.118) 2024.07.31 19:43:47 스크랩 조회 263 추천 0 댓글 0,0,263,2024.07.31 19:43:47,https://gall.dcinside.com/mini/board/view/?id=seilhs&no=4956&page=6
6,4953,[일반],학교 잘갔다와라ㅋ,난 집에서 늦잠이나 때려야지 - dc official App,ㅇㅇ (14.37) 2024.07.29 02:42:50 스크랩 조회 351 추천 0 댓글 4,0,351,2024.07.29 02:42:50,https://gall.dcinside.com/mini/board/view/?id=seilhs&no=4953&page=6
6,4950,[일반],학교 자체가 그냥 하나의 북한임,"학교 떠났거나 떠나려는 애들 계속 붙잡아서 욕하고 나 초딩,중딩때 필수였던 tv는 없고 앞 건물은 선전,선동용 가짜 건물 (평양류경호 텔) 선생들 사고방식이 너무 옛날 수준임, 잘사는 척 선동,현실은 시궁창, 입시제도가 존나 빡세서 문과애들은 다 나가떨어짐 최고지도자가 돼지인것도 역시 북한이랑 다를게 없음",바나나대장 2024.07.26 09:31:16 스크랩 조회 1564 추천 66 댓글 4,66,1564,2024.07.26 09:31:16,https://gall.dcinside.com/mini/board/view/?id=seilhs&no=4950&page=6
6,4947,[일반],선배형아들아 질문좀,2학년 1학기 수1/ 2학기 수2 하고 3학년에 미적분  배우나요? 아님 2학년 2학기때 미적분 배우나요?,이재빈 (58.29) 2024.07.23 07:55:19 스크랩 조회 433 추천 0 댓글 3,0,433,2024.07.23 07:55:19,https://gall.dcinside.com/mini/board/view/?id=seilhs&no=4947&page=6
6,4946,[일반],이 갤은 할카스 없어서 좋네,ㅇㅇ,이재빈 (58.120) 2024.07.21 22:09:03 스크랩 조회 253 추천 0 댓글 1,0,253,2024.07.21 22:09:03,https://gall.dcinside.com/mini/board/view/?id=seilhs&no=4946&page=6
6,4945,[일반],노무현은 살아있다,흔들어라 이기야,이재빈 (211.46) 2024.07.18 13:31:22 스크랩 조회 293 추천 5 댓글 1,5,293,2024.07.18 13:31:22,https://gall.dcinside.com/mini/board/view/?id=seilhs&no=4945&page=6
6,4943,[일반],22년 졸업생이다 질문 받는다,여기 나때는 갤 활발하던데 왜 다 뒤졌냐? 아무튼 질문 받는다,ㅇㅇ 2024.07.16 23:17:42 스크랩 조회 595 추천 0 댓글 3,0,595,2024.07.16 23:17:42,https://gall.dcinside.com/mini/board/view/?id=seilhs&no=4943&page=6
6,4942,[일반],홈페이지 왜 이러냐,이거 왜 이러냐 회원가입하려는데 학교명에 글이 안써진다,이재빈 (125.180) 2024.07.14 22:23:50 스크랩 조회 238 추천 0 댓글 0,0,238,2024.07.14 22:23:50,https://gall.dcinside.com/mini/board/view/?id=seilhs&no=4942&page=6
6,4938,[일반],지금부터 여기는 맨체스터 유나이티드 갤러리다,.,이재빈 (221.168) 2024.07.05 13:00:25 스크랩 조회 572 추천 26 댓글 0,26,572,2024.07.05 13:00:25,https://gall.dcinside.com/mini/board/view/?id=seilhs&no=4938&page=6
6,4937,[일반],team반수 얼마나있냐,가보자잇,이재빈 (106.101) 2024.07.04 17:48:05 스크랩 조회 312 추천 0 댓글 0,0,312,2024.07.04 17:48:05,https://gall.dcinside.com/mini/board/view/?id=seilhs&no=4937&page=6
6,4936,[일반],세갤 관리자야..,너 그거 아냐.. 예전에 뭐 분탕친새끼 아이피밴한것같은디 그거 우리학교 통피차단해서 학교에선 글이랑 댓글 다 안써진다 ㅇㅇ… - dc official App,이재빈 (124.57) 2024.07.03 22:40:38 스크랩 조회 500 추천 3 댓글 3,3,500,2024.07.03 22:40:38,https://gall.dcinside.com/mini/board/view/?id=seilhs&no=4936&page=6
6,4935,[일반],우리방학언제냐?,우리 방학 언제냐?,이재빈 (106.101) 2024.07.03 07:20:27 스크랩 조회 375 추천 0 댓글 2,0,375,2024.07.03 07:20:27,https://gall.dcinside.com/mini/board/view/?id=seilhs&no=4935&page=6
6,4933,[일반],고건,진짜 고건선생님 수업 들어와서 인스타 밖에 안하시고 그림에 대한 기준은 왤케 높으신지 이유라도 알려줘야 고치는데 알려주지도 않고 참 고건 나가라 뭐만하면  “너 학생부 갈래?” 참 멋있다 고건,이재빈 (211.46) 2024.06.25 12:44:08 스크랩 조회 1682 추천 56 댓글 4,56,1682,2024.06.25 12:44:08,https://gall.dcinside.com/mini/board/view/?id=seilhs&no=4933&page=6
6,4932,[일반],2학년대호감선생님목록,이민우 김영호 자랑스러운세일의선배님들,이재빈 (218.148) 2024.06.25 01:02:51 스크랩 조회 1250 추천 4 댓글 0,4,1250,2024.06.25 01:02:51,https://gall.dcinside.com/mini/board/view/?id=seilhs&no=4932&page=6
6,4927,[일반],ㅎㅇ,ㅎㅇㅎㅇ - dc official App,이재빈 (223.38) 2024.06.20 18:05:11 스크랩 조회 575 추천 0 댓글 0,0,575,2024.06.20 18:05:11,https://gall.dcinside.com/mini/board/view/?id=seilhs&no=4927&page=6
6,4925,[일반],칼부림 범인 잡혔냐?,잡힘?,이재빈 (106.101) 2024.06.20 07:52:20 스크랩 조회 2008 추천 2 댓글 4,2,2008,2024.06.20 07:52:20,https://gall.dcinside.com/mini/board/view/?id=seilhs&no=4925&page=6
6,4923,[일반],예들아 사랑한다 몸조심해라,그 미친놈은 공용와이파이 아닌이상 언젠가 잡힐거야. 너희들모두 몸조심하고 호신술 같은거 배워나 그리고 아무 증거없이 누구누구다 서로 의심하지 말고. 너희들 모두 안전하길 진심으로 바란다.,이재빈 (118.235) 2024.06.18 17:06:54 스크랩 조회 1342 추천 4 댓글 3,4,1342,2024.06.18 17:06:54,https://gall.dcinside.com/mini/board/view/?id=seilhs&no=4923&page=6
6,4918,[일반],어제 뭐라고 썼길래,경찰뜸?,ㅇㅇ (223.38) 2024.06.17 19:37:39 스크랩 조회 2286 추천 2 댓글 4,2,2286,2024.06.17 19:37:39,https://gall.dcinside.com/mini/board/view/?id=seilhs&no=4918&page=6
6,4917,[일반],세미갤임? 세일고 마갤임?,어디서 썻음,이재빈 (211.234) 2024.06.17 19:34:34 스크랩 조회 991 추천 2 댓글 0,2,991,2024.06.17 19:34:34,https://gall.dcinside.com/mini/board/view/?id=seilhs&no=4917&page=6
6,4914,[일반],무슨일인가여,허걱,이재빈 (211.36) 2024.06.17 17:44:14 스크랩 조회 1065 추천 3 댓글 0,3,1065,2024.06.17 17:44:14,https://gall.dcinside.com/mini/board/view/?id=seilhs&no=4914&page=6
7,4912,[일반],경찰왜옴,뭐땨문이냐 ㄹㅇ - dc official App,쿠터커브 (104.28) 2024.06.17 15:33:45 스크랩 조회 1725 추천 3 댓글 1,3,1725,2024.06.17 15:33:45,https://gall.dcinside.com/mini/board/view/?id=seilhs&no=4912&page=7
7,4881,[일반],세일고 게임을 만들겠음,좀 망겜임 그래도 스토린느 보장함 이재빈이 주인공임,올버버버 2024.06.13 14:14:51 스크랩 조회 791 추천 7 댓글 0,7,791,2024.06.13 14:14:51,https://gall.dcinside.com/mini/board/view/?id=seilhs&no=4881&page=7
7,4878,[일반],옵챗이나 디코링크로 좆목도킹은 ㄴㄴ,해서 좋을거없음,아케비의세일러복 2024.06.13 00:16:26 스크랩 조회 654 추천 2 댓글 2,2,654,2024.06.13 00:16:26,https://gall.dcinside.com/mini/board/view/?id=seilhs&no=4878&page=7
7,4860,[일반],와 몸매,dd,이재빈 (61.101) 2024.06.10 19:08:23 스크랩 조회 1328 추천 0 댓글 0,0,1328,2024.06.10 19:08:23,https://gall.dcinside.com/mini/board/view/?id=seilhs&no=4860&page=7
7,4857,[일반],실례지만 혹시 세일고 좌파학교인가요?,우리학교 존나 좌파같은디,이재빈 (118.235) 2024.06.10 07:41:22 스크랩 조회 1069 추천 1 댓글 4,1,1069,2024.06.10 07:41:22,https://gall.dcinside.com/mini/board/view/?id=seilhs&no=4857&page=7
7,4856,[일반],내일 진로 그거 하는거 전학년 다 하는거임?,ㅇㅇ,이재빈 (58.238) 2024.06.09 21:05:29 스크랩 조회 424 추천 0 댓글 1,0,424,2024.06.09 21:05:29,https://gall.dcinside.com/mini/board/view/?id=seilhs&no=4856&page=7
7,4854,[일반],오늘의 노래,"https://youtube.com/v/rU65uyGzDJw?si=dlNdJbKMuiQaGUSs ""타루 - chocolate"" (커버송, Cover)[PrettyHerb 쁘띠허브] ◈ 쁘허 커버곡은 출처를 남겨주시면 사용하셔두 됩니다. ◈(밑에있는 출처와 닉네임 모두 적어주세요)●원곡: 타루 - chocolate●그림, 영상, 보컬: 쁘허 ●믹싱,mr: 초록물꼬기 #chocolate #쁘허 #커버송 ---------------------------------... youtube.com",이재빈 (59.17) 2024.06.09 12:44:02 스크랩 조회 224 추천 1 댓글 0,1,224,2024.06.09 12:44:02,https://gall.dcinside.com/mini/board/view/?id=seilhs&no=4854&page=7
7,4851,[일반],오늘의 노래,https://m.youtube.com/watch?v=QcH0QS7A3fM&pp=ygUYZHJ5IHlvdXIgdGVhcnMgd2l0aCBsb3Zl X-Japan Tears (가사 한글 자막) X-Japan Tears (가사 한글 자막) m.youtube.com,드라이 (118.235) 2024.06.07 07:32:23 스크랩 조회 207 추천 1 댓글 0,1,207,2024.06.07 07:32:23,https://gall.dcinside.com/mini/board/view/?id=seilhs&no=4851&page=7
7,4850,[일반],세일고 신입생 인데요,씨발 뭐헸다고 벌써 자퇴하고싶어지냐? 그와중에 앞건물은 선전용 페이크임 음친한 뒷건물에서 수업하는거 개좆같네 그리고 보건실 기구들은 욀케 녹슬음?,뭉탱기우스 2024.06.07 02:47:02 스크랩 조회 1003 추천 7 댓글 5,7,1003,2024.06.07 02:47:02,https://gall.dcinside.com/mini/board/view/?id=seilhs&no=4850&page=7
7,4837,[일반],대한민국 OECD 자살률 1위 출산율은 전세계 꼴찌,대체 왜그렇게 된고임?,이재빈 (118.235) 2024.06.03 07:41:45 스크랩 조회 263 추천 0 댓글 0,0,263,2024.06.03 07:41:45,https://gall.dcinside.com/mini/board/view/?id=seilhs&no=4837&page=7
7,4835,[일반],이슬람새끼들 다시는 세갤와바라,아흣♡무함마드쿤♡삼겹살 and 소주로♡가버려어엇♡♡,치지직갈껄 (223.38) 2024.06.02 21:57:53 스크랩 조회 279 추천 3 댓글 0,3,279,2024.06.02 21:57:53,https://gall.dcinside.com/mini/board/view/?id=seilhs&no=4835&page=7
7,4834,[일반],세계 3차 대전 직전이다,헬기 추락으로 이란 대통령 등 탑승자 전원 사망 / YTN 로이터 www.youtube.com,ALL HOPE IS DEAD (107.181) 2024.06.02 20:15:46 스크랩 조회 482 추천 0 댓글 2,0,482,2024.06.02 20:15:46,https://gall.dcinside.com/mini/board/view/?id=seilhs&no=4834&page=7
7,4831,[일반],세일고 <<<< 한일초 만도 못함,이건 쌉ㄹㅇ,이재빈 (223.38) 2024.06.01 17:32:06 스크랩 조회 776 추천 3 댓글 3,3,776,2024.06.01 17:32:06,https://gall.dcinside.com/mini/board/view/?id=seilhs&no=4831&page=7
7,4830,[일반],지금 대한민국 꼬라지수준,자살률은 세계 5위 츌산율은 전세계 꼴등 왜이럼?,이재빈 (223.38) 2024.06.01 12:46:16 스크랩 조회 252 추천 1 댓글 0,1,252,2024.06.01 12:46:16,https://gall.dcinside.com/mini/board/view/?id=seilhs&no=4830&page=7
7,4829,[일반],1학년들은 무조건 화작선택해라,지금 화작 1등이 70점초고 문과애들 대부분이 화작선택하고 인원도 언매랑 비슷해서 화작하는게 이득임,이재빈 (58.232) 2024.06.01 11:34:14 스크랩 조회 506 추천 1 댓글 0,1,506,2024.06.01 11:34:14,https://gall.dcinside.com/mini/board/view/?id=seilhs&no=4829&page=7
7,4815,[일반],이런 갤이 있네 ㅋㅋㅋ,졸업한지도 어언 14년째 세일고에서 참 많은 일이 있었지 정말 많은 일이 있었다.............,이재빈 (1.243) 2024.05.25 15:50:48 스크랩 조회 498 추천 2 댓글 1,2,498,2024.05.25 15:50:48,https://gall.dcinside.com/mini/board/view/?id=seilhs&no=4815&page=7
7,4806,[일반],어떤 싸움을 해오신겁니까..,123학년 27개반 미술수업을 모두 혼자 커버하시며 매일 복도에서 무거운 색연필더미를 끌고 동분서주하시고 20명 규모 동아리 지도까지 하셨던 김휘동선생님.. 수업과 수행평가도 유튜브 시청이 아닌 민화 수채화 점묘화 회화 이론 등 진짜 미술수업다운 수업이었습니다 그림을 ㅈ같이 그려온 학생에게 초딩이냐고 매운 일침을 가하시던 인자하신 그모습이 오늘따라 더 그립습니다. ..아아 꽃이 지고서야 봄인줄을 알았습니다 영원한 미술교사계의 Goat이시여...,아케비의세일러복 2024.05.22 21:12:45 스크랩 조회 1873 추천 70 댓글 5,70,1873,2024.05.22 21:12:45,https://gall.dcinside.com/mini/board/view/?id=seilhs&no=4806&page=7
7,4805,[일반],'고'발합니다,아니 고건쌤 하는게 뭐임 반에 들어와서 일어나라 한번 조진다음에 유튜브 띡 틀어놓고 본인은 인스타 보면서 실실 웃고계심 ㅋㅋㅋ 이럴거면 선생말고 유튜버를 하는걸 추천드립니다. 이렇게 일하면서 월급 받는다는게 참 작년 미술쌤이랑은 너무나도 다른..,이재빈 (210.92) 2024.05.22 18:52:04 스크랩 조회 1848 추천 94 댓글 2,94,1848,2024.05.22 18:52:04,https://gall.dcinside.com/mini/board/view/?id=seilhs&no=4805&page=7
7,4804,[일반],3학년 미술 감상과 비평 ..,몇 달 동안 수업 들어봤는데 선생님은 맨날 학습지 한 장 나눠주고 유튜브 보고 느낀 점 쓰는 건 수업이 너무 날먹이 아닌가.. 개인적으로 생각해 봄.. 소문으로는 뒤에서 인스타 보고 있다는데 수업이 진짜 이게 맞다고 생각하냐,이재빈 (211.234) 2024.05.22 17:43:30 스크랩 조회 1452 추천 52 댓글 3,52,1452,2024.05.22 17:43:30,https://gall.dcinside.com/mini/board/view/?id=seilhs&no=4804&page=7
7,4793,[일반],학원ㅊㅊ,국영수 단과라도 좋으니까 추천좀 해줘요 게이게이 친구들,이재빈 (58.238) 2024.05.21 00:26:40 스크랩 조회 486 추천 0 댓글 3,0,486,2024.05.21 00:26:40,https://gall.dcinside.com/mini/board/view/?id=seilhs&no=4793&page=7
7,4792,[일반],일본어 수행,너무 빡센디...,이재빈 (58.232) 2024.05.20 17:59:19 스크랩 조회 493 추천 4 댓글 1,4,493,2024.05.20 17:59:19,https://gall.dcinside.com/mini/board/view/?id=seilhs&no=4792&page=7
7,4788,[일반],엄마가갤러리그만하래요ㅡㅜㅜㅜㅜ,추천 5개안찍히면갤러리접으래요ㅜㅜㅜㅜㅜ마라탕탕후루챌린지찍으러갈께여 ㅜㅜㅜㅜ,이재빈 (14.5) 2024.05.19 23:09:32 스크랩 조회 483 추천 9 댓글 0,9,483,2024.05.19 23:09:32,https://gall.dcinside.com/mini/board/view/?id=seilhs&no=4788&page=7
7,4776,[일반],세일고,못생김,ㅇㅇ (223.38) 2024.05.15 12:21:47 스크랩 조회 412 추천 4 댓글 0,4,412,2024.05.15 12:21:47,https://gall.dcinside.com/mini/board/view/?id=seilhs&no=4776&page=7
7,4774,[일반],마라탕 ㄹㅇ굿,하...,이재빈 (104.28) 2024.05.14 00:40:44 스크랩 조회 246 추천 0 댓글 0,0,246,2024.05.14 00:40:44,https://gall.dcinside.com/mini/board/view/?id=seilhs&no=4774&page=7
7,4772,[일반],목요일 마라탕 기대된다노,,이재빈 (211.46) 2024.05.13 11:48:23 스크랩 조회 219 추천 0 댓글 0,0,219,2024.05.13 11:48:23,https://gall.dcinside.com/mini/board/view/?id=seilhs&no=4772&page=7
7,4762,[일반],은갈치 요즘 잘지내나,은갈치 처음 담임 잡을때 반이었던걸로 기억하는데 ㄷㄷ - dc official App,이재빈 (175.124) 2024.05.09 02:11:16 스크랩 조회 875 추천 0 댓글 3,0,875,2024.05.09 02:11:16,https://gall.dcinside.com/mini/board/view/?id=seilhs&no=4762&page=7
7,4759,[일반],1학년 000 선생님....,수업시간에 옆 학교 학생들 똥꼬치마 끙끙한다는 발언..... 군대간 놈들은 할머니만 봐도 힘이 난다... 라는 발언... 메모...,대세일 2024.05.08 15:30:09 스크랩 조회 1058 추천 5 댓글 6,5,1058,2024.05.08 15:30:09,https://gall.dcinside.com/mini/board/view/?id=seilhs&no=4759&page=7
7,4755,[일반],한기대 소개합니다,한국기술교육대학교 추천합니다,빛갤러 (223.39) 2024.05.08 09:41:03 스크랩 조회 470 추천 0 댓글 1,0,470,2024.05.08 09:41:03,https://gall.dcinside.com/mini/board/view/?id=seilhs&no=4755&page=7
7,4753,[일반],작년 세일고에서 제일 잘간사람 어디감,ㅇㅇ,ㅇㅇ (118.235) 2024.05.07 20:24:31 스크랩 조회 880 추천 0 댓글 5,0,880,2024.05.07 20:24:31,https://gall.dcinside.com/mini/board/view/?id=seilhs&no=4753&page=7
7,4752,[일반],세일고 디시콘을 만들까?,ㅇ,이재빈 (175.210) 2024.05.05 20:24:11 스크랩 조회 306 추천 1 댓글 2,1,306,2024.05.05 20:24:11,https://gall.dcinside.com/mini/board/view/?id=seilhs&no=4752&page=7
7,4751,[일반],세일고 갤러리의 영원한 안식을 위하여,새로운 세일고의 군주가 너희를 이롭게 하리라,세일고암흑의은둔고수 2024.05.04 21:18:20 스크랩 조회 309 추천 0 댓글 0,0,309,2024.05.04 21:18:20,https://gall.dcinside.com/mini/board/view/?id=seilhs&no=4751&page=7
7,4750,[일반],갤에 정신병자 한마리가 기어들어왔네,세일고가 그렇게 싫으면 세일고 갤러리도 처 하지 말지 왜 그토록 싫어하는 세일고랑 엮일려함?,릴파700 (61.101) 2024.05.04 20:46:43 스크랩 조회 375 추천 1 댓글 0,1,375,2024.05.04 20:46:43,https://gall.dcinside.com/mini/board/view/?id=seilhs&no=4750&page=7
7,4749,[일반],1학년 첫내신,221347이면 ㄱㅊ? 수학이 딸리는데 기말때 3까지만 올려야지,이재빈 (121.125) 2024.05.04 19:21:10 스크랩 조회 633 추천 0 댓글 6,0,633,2024.05.04 19:21:10,https://gall.dcinside.com/mini/board/view/?id=seilhs&no=4749&page=7
7,4742,[일반],씨발 표현의자유 어디감,다 삭제하고 막아버리네,어둠속에떨어진용사 2024.05.03 23:42:38 스크랩 조회 446 추천 0 댓글 3,0,446,2024.05.03 23:42:38,https://gall.dcinside.com/mini/board/view/?id=seilhs&no=4742&page=7
7,4734,[일반],중간고사 후기,정시만이 답,이재빈 (118.235) 2024.05.02 14:05:38 스크랩 조회 636 추천 2 댓글 1,2,636,2024.05.02 14:05:38,https://gall.dcinside.com/mini/board/view/?id=seilhs&no=4734&page=7
7,4728,[일반],❗❗ 파딱 상시모집함 ❗❗,"하는일 1. 맘에 안드는글 삭제하기 2. 맘에 안드는애 차단하기 적성 야자시간을 갤질하며 태우고싶으신 분 남의글을 지우며 우월감을 느끼고 싶으신 분 키배를 잘뜨시는 분 멘탈이 강하신 분 우대사항 세일고갤 이용 경력자 맨날 디시보는 앰생(글댓 많으면 우대) 1,2학년 하고싶은사람 댓 or 내 방명록 ㄱㄱ 많은 신청 바랍니다~",아케비의세일러복 2024.05.02 01:00:35 스크랩 조회 501 추천 3 댓글 9,3,501,2024.05.02 01:00:35,https://gall.dcinside.com/mini/board/view/?id=seilhs&no=4728&page=7
7,4721,[일반],환견문제 해결 방법,좆간이 없으면 됨,오렌지쥬스 2024.05.01 13:25:28 스크랩 조회 226 추천 0 댓글 2,0,226,2024.05.01 13:25:28,https://gall.dcinside.com/mini/board/view/?id=seilhs&no=4721&page=7
7,4714,[일반],야옹,우옹우우우옹오오옹,이재빈 (223.38) 2024.05.01 07:51:08 스크랩 조회 138 추천 0 댓글 0,0,138,2024.05.01 07:51:08,https://gall.dcinside.com/mini/board/view/?id=seilhs&no=4714&page=7
7,4712,[일반],오늘의 노래,https://youtu.be/5fw_5-FKX2M,이재빈 (61.101) 2024.05.01 02:35:36 스크랩 조회 111 추천 0 댓글 0,0,111,2024.05.01 02:35:36,https://gall.dcinside.com/mini/board/view/?id=seilhs&no=4712&page=7
7,4709,[일반],현시간부로 세일고 갤러리 전역에 《계엄령》을 선포한다,"모자라보이는 친구들이 너무너무 많아서 조금 혼내줬어요~ 내 맘에 안드는 게시물 66개 광역 30일차단 + 삭제 했습니당 삭제내역+차단내역 열어뒀으니까 그쪽 참고 사랑과 관심이 필요한 친구들, 사칭글, 실명언급글, 저격글, 도배글 외엔 삭제하지 않았으니! 차단당했다고 억울해하기 없기~? 앞으로도 세일고 갤러리에서 바르고 고운말! 그리고 내 맘에 드는 게시물 작성 부탁드립니다@@",아케비의세일러복 2024.04.29 19:49:32 스크랩 조회 759 추천 11 댓글 4,11,759,2024.04.29 19:49:32,https://gall.dcinside.com/mini/board/view/?id=seilhs&no=4709&page=7
7,4708,[일반],세붕이들아 좀 봐주라,https://youtu.be/JCnvVaXEh3Y 한글자막 있으니깐 좀 봐줘,오렌지쥬스 2024.04.29 18:55:14 스크랩 조회 196 추천 1 댓글 0,1,196,2024.04.29 18:55:14,https://gall.dcinside.com/mini/board/view/?id=seilhs&no=4708&page=7
7,4694,[일반],쩝,울학교 망한듯,릴파700 (61.101) 2024.04.28 20:43:17 스크랩 조회 126 추천 0 댓글 0,0,126,2024.04.28 20:43:17,https://gall.dcinside.com/mini/board/view/?id=seilhs&no=4694&page=7
7,4691,[일반],세면대 물냄세 이상한데 이거 언제고치는거임?,ㅈㄱㄴ,이재빈 (211.36) 2024.04.27 10:47:00 스크랩 조회 221 추천 0 댓글 0,0,221,2024.04.27 10:47:00,https://gall.dcinside.com/mini/board/view/?id=seilhs&no=4691&page=7
7,4688,[일반],10년전 졸업생인데,국사 여자 선생님 김지현인가 이지현인가 그분이랑 음악 여자선생님 이효진인가? 아직도 있냐?,ㅇㅇ (211.43) 2024.04.26 00:15:58 스크랩 조회 587 추천 1 댓글 2,1,587,2024.04.26 00:15:58,https://gall.dcinside.com/mini/board/view/?id=seilhs&no=4688&page=7
7,4681,[일반],명신. 부평여고에,이쁜애좀 누구있냐? 남녀공학은 거름,이재빈 (219.241) 2024.04.23 19:04:30 스크랩 조회 875 추천 0 댓글 2,0,875,2024.04.23 19:04:30,https://gall.dcinside.com/mini/board/view/?id=seilhs&no=4681&page=7
7,4673,[일반],"찐따갤러리에 ""세일고아싸"" 이새끼 누군지 아는사람 있나요?",개쪽필려서 잡아 족치고 싶은데,징버거세트 (211.105) 2024.04.22 18:47:03 스크랩 조회 666 추천 4 댓글 1,4,666,2024.04.22 18:47:03,https://gall.dcinside.com/mini/board/view/?id=seilhs&no=4673&page=7
7,4672,[일반],울학교에 슬립낫팬 존나많네,얼마나 스트레스가 심했으면,이재빈 (5.181) 2024.04.22 12:32:01 스크랩 조회 256 추천 1 댓글 1,1,256,2024.04.22 12:32:01,https://gall.dcinside.com/mini/board/view/?id=seilhs&no=4672&page=7
7,4671,[일반],좆일고 다니느라 스트레스 개처받았을 세붕이들읋 위한 노래g,https://youtu.be/z-IPTqCk3vg 슬립낫 세일고에 공연왔으면,이재빈 (185.253) 2024.04.22 09:33:01 스크랩 조회 218 추천 1 댓글 0,1,218,2024.04.22 09:33:01,https://gall.dcinside.com/mini/board/view/?id=seilhs&no=4671&page=7
7,4667,[일반],북괴랑 전쟁나럭 같은데,정으니 빡침,이재빈 (1.216) 2024.04.20 21:04:07 스크랩 조회 196 추천 0 댓글 0,0,196,2024.04.20 21:04:07,https://gall.dcinside.com/mini/board/view/?id=seilhs&no=4667&page=7
7,4664,[정보],세붕이들아 그거 알고있니?,재빈이는 게이다 조심해라,이재빈 (211.46) 2024.04.19 15:04:00 스크랩 조회 358 추천 2 댓글 1,2,358,2024.04.19 15:04:00,https://gall.dcinside.com/mini/board/view/?id=seilhs&no=4664&page=7
8,4661,[일반],상정고는 들어라,상정고아원은 씨발 남창생성기냐? 2~3학년 싹다 공부 ㅄ같이 못해서 대학 떨어지고 자살할거같은 쓰레기새끼들이 왜자꾸 좆같은 글 싸지르는거야 관심도 없는데 ㅋㅋ 좀 꺼져라 너네학교로 ㅇㅇ,이재빈 (211.46) 2024.04.18 12:09:41 스크랩 조회 576 추천 3 댓글 1,3,576,2024.04.18 12:09:41,https://gall.dcinside.com/mini/board/view/?id=seilhs&no=4661&page=8
8,4660,[일반],누가 이겼으면 좋겠음 (투표),ㅇㅇㅇㅇㅇㅇㅇㅇ,이재빈 (61.101) 2024.04.17 19:19:50 스크랩 조회 504 추천 2 댓글 2,2,504,2024.04.17 19:19:50,https://gall.dcinside.com/mini/board/view/?id=seilhs&no=4660&page=8
8,4655,[일반],나도 진심으로 궁금한거 있다,왜이렇게 서로 못잡아먹어서 안달났음? 그리고 울학교에 디시충 욀케 많음? 세일고 라고 검색만 해도 찐따갤러리에 바퀴벌레마냥 모여있음,이재빈 (61.101) 2024.04.15 23:41:34 스크랩 조회 278 추천 3 댓글 0,3,278,2024.04.15 23:41:34,https://gall.dcinside.com/mini/board/view/?id=seilhs&no=4655&page=8
8,4654,[일반],진지함,세일고가 그렇게 처 싫으면 세일고 갤러리도 처 하지를 마 글부터 댓글까지 애미애비 개처뒤진글밖에 없네,이재빈 (210.183) 2024.04.15 17:14:35 스크랩 조회 301 추천 3 댓글 1,3,301,2024.04.15 17:14:35,https://gall.dcinside.com/mini/board/view/?id=seilhs&no=4654&page=8
8,4653,[일반],본인 자살할까요?,,자살5분전 (46.165) 2024.04.15 08:49:39 스크랩 조회 399 추천 0 댓글 0,0,399,2024.04.15 08:49:39,https://gall.dcinside.com/mini/board/view/?id=seilhs&no=4653&page=8
8,4651,[일반],세계 3차대전 멀지 않았다,https://youtu.be/O4tDp9XnVR0 2명 남았다,이재빈 (61.101) 2024.04.14 22:55:50 스크랩 조회 282 추천 7 댓글 1,7,282,2024.04.14 22:55:50,https://gall.dcinside.com/mini/board/view/?id=seilhs&no=4651&page=8
8,4648,[일반],2010~2012 다니고 2013 졸업생의 tmi,"대략 저때가 세일고 루머가 사실이던 막차였는듯. 20대 여샘들 많았음. 지금 나보다도 당시 쌤들이 어렸을 정도니 체감 가네. 나무위키에 있는대로 보건실에 25살 연대 간호 나온 쌤 보러 줄 섰음. 이 이후에 2012년에 남자쌤으로 바뀌고 난 후 그동안 쭉 계약직이던 게 저 쌤이 지금도 계속 계시던데, 아마 나무위키 적힌 대로 면학분위기 때문일 듯. 저때는 sns가 싸이만 유행했고 스마트폰도 잘 안 보급됐는데다 폰 쓰는게 지금보다도 더 힘들었었고 ㄹㅇ 집 다녀올수있는 군대 그 자체였어서 2030여자 볼 수있는 경로가 교무실 여자 쌤들 뿐이었음. 눈즐과 담당이고 과학분야인 ㄱㅅㅈ 쌤도 저때 미인으로 인기 많던 28살 초임교사였고(지금도 40 초반이니 젊으시겠다) 재활용 할때 유독 깐깐히 보시던 분. 글구 정부 지원사업 잘 따줘서 이과 수시생들이 생기부 풍성해진다 좋아했음. 송점석쌤 ebs현역 한창이던 시절이라 인강 보고 질문생기면 교무실로 다이렉트 가능. 현 교장의 아버지이자 현 이사장님이신 분이 당시 언론 인터뷰도 많이 하신 ㄹㅇ 건강의 비결이 궁금한 분이었는데, 살아서 교장이 바뀔줄은 몰랐음. (1933년생이라 이미 저때 70후반이었음) 근데 너무 오래있는바람에 저분 의사대로 돼서 학교가 2015년 경부터야 제대로 바뀐거라는건 함정. 실제로 인건비 지급중단 떨어지고, 과거 저 교장이 입 털어댔던 인터뷰 싹 지워진 시점 직후에 교장이 바뀜. 이분 상위호환이 아마 가천대의 그분일거같음. 기타: 은갈치쌤은 막상 수업은 이학교 영어 교사중에 젤 잘했음. 나름 홍대 영교 00에 나이가 독보적으로 젊은 정교사인 것도 이유일듯. ㅂㅇㅅ는 99학번(학교 불명)인데 특유의 정색때문에 비문학 수업마다 초긴장이었음. 근데 문학 과목 하나만 단독으로 하면 ㄹㅇ 수업 객관적으로 잘함. (물론 경ㅊㅅ선생님에 비할 바는 아님)",이재빈94 (222.100) 2024.04.14 14:01:41 스크랩 조회 861 추천 6 댓글 0,6,861,2024.04.14 14:01:41,https://gall.dcinside.com/mini/board/view/?id=seilhs&no=4648&page=8
8,4640,[일반],세일고 학생들 수준이 영...,"역전개.... ""복마어주자"" 伏 ふく 魔 ま 御廚子 みづし 작중 최초로 등장한 영역 전개. 본디 영역 전개는 이름에서 알 수 있듯 결계를 형성해 술식을 부여하는 것 을 기본 골조로 삼지만, 스쿠나는 신기에 달한 결계술을 통해 공간을 나누지 않고 현실 그 자체에 영역을 구현한다. [63] [64] 의미는 마를 가두어 다스리는 사찰 . 다만 어주자는 궁궐의 부엌 내지는 거기서 일하는 요리사라는 뜻도 있는데, 먹는 것에 집착하는 스쿠나의 성격상 후자에 가깝다는 의견이 많다(…). 사찰 사방에 소의 머리뼈가 잔뜩 널려있기도 하다. 후자의 의견이 맞다면 악마가 깃든 부엌 이라는 의미를 가진다. 발음은 후쿠마 미즈시 . 이름의 '주자'라는 단어가 '불상을 놔두는 곳'이라는 뜻인지라 영문판에서는 Malevolent shrine(악의 사찰)로 번역되었다. [65] 이 영역 내에서는 주력을 띈 존재에게는 '팔', 주력이 없는 존재에게는 '해'가 복마어주자가 유지되는 동안 무한히 쏟아진다. 보통 일반적인 영역 전개의 범위는 많아도 10M 내외지만, 스쿠나는 상술한 대로 '공간을 닫지 않는다', 즉 상대에게 도망칠 기회를 준다 는 속박을 걸었기에 영역의 필중효과가 미치는 범위는 무려 최대 200M에 이른다. 이때 영역의 중심이 되는 것은 스쿠나가 아니라 구현화된 사찰이다. 이 효과범위 내부에서는 그야말로 무한한 수의 '해'와 '팔'이 쏟아지기에 사실상 200m 이상을 순식간에 주파할 수 있는 공간이동 능력이라도 없다면 빠져나가는 것은 불가능에 가깝다. [66] 다만 저건 최대 사정권이고, 고죠와의 전투에서 밝힌 바에 의하면 범위를 좁히면 그것이 추가적인 제약으로 적용되어 참격의 위력이 강해진다고 한다. 시부야 사변에서는 후시구로 메구미가 휘말리지 않게 140m로 반경을 제한하기도 했다. 일반적으로 영역에서 성립하는 필중 효과는 영역이 구현된 결계를 기반으로 하므로, 그 결계가 인식할 수 없는 주력을 품지 않은 존재는 필중 술식으로도 공격할 수 없다. 그러므로 후시구로 토우지 나 젠인 마키 등 천여주박으로 인해 주력이 한 톨도 없는 피지컬 기프티드들에겐 영역전개조차 무의미하지만, 복마어주자는 현실 그 자체에 현현하여 결계라는 전제에서 자유롭기에 피지컬 기프티드도 영역의 범위에 포함시킬 수 있고, 다른 영역과 달리 필중효과 중 하나인 ‘해’가 주력이 없는 것을 타겟팅하기 때문에 피지컬 기프티드조차 가리지 않고 공격할 수 있다. 또한 결계가 존재하지 않기 때문에 영역 사용자와의 전투에서 압도적으로 유리하다. 물론 애초에 스쿠나와 영역 싸움을 해서 밀리지 않을 사람이 고죠 말곤 없기야 하지만, 설령 밀려나지 않더라도 복마어주자는 반경 200m 가량을 영역으로 삼기에 상대방의 영역을 외부 에서 공격해 파괴할 수 있다. 어떤 영역이든 외부에서 날아든 공격에는 매우 취약한지라 복마어주자의 무한한 참격을 버틸 수 있는 영역은 고죠를 포함해도 아예 존재하지 않는다. 게다가 통상적인 영역 간의 밀어내기 싸움은 서로 상대방의 결계를 자신의 것으로 갱신하고자 하는, 일종의 소유권 싸움인데 복마어주자에는 애초에 결계 자체가 존재하지도 않으니 밀어내기가 발생하지 않고, 영역의 필중효과도 상쇄되어 결계 내부에서는 발동하지 않는다. 따라서 스쿠나의 영역은 서로의 완성도와는 무관하게 결계를 만드는 영역에 절대적, 일방적인 우위를 가지게 된다. [67] 물론 단점이 없는 것은 아니다. 애초에 스쿠나와 영역 승부를 할 수 있다면 상대는 거의 스쿠나에 필적하는 강자일진데 복마어주자의 '팔' 공격은 상대와의 우열에 따라 위력이 변동하므로 필살 이 아니게 된다는 것. 실제로 고죠 사토루는 영역이 붕괴해 무하한도 사용할 수 없는 절체절명의 상황에서 간이 영역이 족족 해제되는 빈틈을 반전 술식과 몸빵으로 버텼다. 물론 온몸이 갈려나가는 와중에 피를 철철 흘리면서 간신히 버티고 있는 것이긴 했지만. 만약 복마어주자가 무량공처처럼 동격의 상대에게도 통하는 필살이었다면 간이 영역을 사용하기도 전에 승패가 갈렸을 것이다. [68] 즉, 참격을 어떻게든 버틸 수 있는 상대라면 저항이 가능하다는 것. [69] [70] 발동 수인은 염마천인, 중지와 약지는 펴고 검지와 새끼는 접은 뒤 얼굴 앞에서 서로 맞대는 것. 얼굴 앞에서 양손을 맞대는 모습과 식사와 연관성이 짙은 스쿠나의 설정 때문에 일본에서 식사 전후로 합장하는 것을 연상 시킨다는 감상도 있다. 225화에서 복마어주자를 시전, 무량공처를 외부에서 공격해 격파했다. 또한 226화에서 자세한 정보가 드러나기 시작했는데, 보통 영역 안의 상징물은 특별한 의미를 가지지 않고, 평범한 영역의 심볼일 경우 애초부터 부술 수 없다. 하지만 이타도리의 발언으로 인해 복마어주자 중심부의 사찰을 파괴해 영역을 해제할 수 있을 가능성 또한 제기되었다. 이 추측이 맞다면 스쿠나의 영역은 결계가 없다기보단 안팎이 뒤집힌 영역인 셈이다. [71] 그러나 육안을 가진 고죠가 파괴라는 방법을 택하지 않은 이상 가능성은 높지 않다는 것이 중론. [72] 또한 당연히 결계를 닫고 영역을 전개하는 것도 가능하지만 뇌가 망가져버린 고죠를 마무리하기 위해 시전하려 했을 때는 본인도 무량공처의 대미지 때문에 영역을 쓸 수 없게 되면서 불발되었다.",이재빈 (112.171) 2024.04.13 21:16:19 스크랩 조회 657 추천 3 댓글 0,3,657,2024.04.13 21:16:19,https://gall.dcinside.com/mini/board/view/?id=seilhs&no=4640&page=8
8,4639,[일반],부처님 명언.jpg,ㅇㅇ,이재빈 (1.216) 2024.04.13 19:11:51 스크랩 조회 316 추천 3 댓글 0,3,316,2024.04.13 19:11:51,https://gall.dcinside.com/mini/board/view/?id=seilhs&no=4639&page=8
8,4638,[일반],여기 글쓰는애들,세일고 아닌새끼 왜케많냐,이재빈 (14.5) 2024.04.13 15:51:58 스크랩 조회 300 추천 2 댓글 1,2,300,2024.04.13 15:51:58,https://gall.dcinside.com/mini/board/view/?id=seilhs&no=4638&page=8
8,4637,[일반],근데 밑에글보고 푸바오 뉴스봤는데 진짜 사람들 재정신 아닌거 같음,한국과 같은 팀인 대만에 지진나서 사람들 죽고다친건 나몰라라하고 곰탱이 한마리 짱개로 꺼졌다고 질질짜는거보고 우리나라 국민성 수준을 알게됨,릴파700 (61.101) 2024.04.13 15:46:15 스크랩 조회 180 추천 2 댓글 0,2,180,2024.04.13 15:46:15,https://gall.dcinside.com/mini/board/view/?id=seilhs&no=4637&page=8
8,4636,[일반],여러분 제발 우니라나 여행할떄 신안 만큼은 가지마십쇼,그 범죄집단으로 유명한 조선족들도 포기한곳이 전라도 신안이다.,릴파700 (61.101) 2024.04.13 15:32:20 스크랩 조회 168 추천 1 댓글 0,1,168,2024.04.13 15:32:20,https://gall.dcinside.com/mini/board/view/?id=seilhs&no=4636&page=8
8,4635,[일반],밑에 콘스탄티노플 말이 맞음 세일고는 군대만도 못함,"군대 갔다오면 살빠지고 정신력 강해짐 세일고는 갔다오면 멘탈 털리고 스트레스 처받아서 폭식해서 파오후됨 군대는 이등병 최소 20만원 월급줌 세일고는 오히려 돈이 나감 (버스비,문제집,기타등등) 군대는 갖다오면 나라에 도움이 됨 세일고는 나라 망침 군대는 시간 대충보내도 ""전역""하면 그냥 끝 세일고는 공부하는데 시간 다잡아먹",푸바오사망 (223.38) 2024.04.13 13:02:31 스크랩 조회 258 추천 8 댓글 0,8,258,2024.04.13 13:02:31,https://gall.dcinside.com/mini/board/view/?id=seilhs&no=4635&page=8
8,4634,[일반],대한민국 망함,우리나라 좆됨,이재빈 (61.101) 2024.04.12 22:16:19 스크랩 조회 208 추천 4 댓글 0,4,208,2024.04.12 22:16:19,https://gall.dcinside.com/mini/board/view/?id=seilhs&no=4634&page=8
8,4630,[일반],푸바오 가지마ㅠㅠㅠㅠㅠㅠㅠㅠㅠㅜ,에이스 죽지마ㅠㅠㅠㅠㅠㅠㅠ,푸바오 (1.216) 2024.04.12 20:41:14 스크랩 조회 328 추천 3 댓글 1,3,328,2024.04.12 20:41:14,https://gall.dcinside.com/mini/board/view/?id=seilhs&no=4630&page=8
8,4629,[일반],푸바오 돌아와줘ㅠㅠㅠㅠㅠㅠㅠㅠㅠㅠㅠㅠ,푸바오 없이 오또케 살아ㅠㅠㅠㅠㅠㅠㅠㅠㅠㅠㅠㅠㅠㅠㅠㅠㅠㅠㅠㅠㅠㅠㅠㅠㅠㅠㅠㅠㅠ,푸바오 (1.216) 2024.04.12 20:28:58 스크랩 조회 300 추천 1 댓글 1,1,300,2024.04.12 20:28:58,https://gall.dcinside.com/mini/board/view/?id=seilhs&no=4629&page=8
8,4628,[일반],곰탱이 한마리 꺼졌다고 질질짜는게 정상이냐?,푸바오ㅠㅠㅠㅠㅠㅠㅠㅠㅠㅠㅠㅠㅠㅠㅠㅠㅠㅠㅠㅠ 가지마ㅠㅠㅠㅠㅠㅠㅠㅠㅠㅠㅠㅠㅠㅠㅠㅠㅠㅠㅠㅠㅠ ??,이재빈 (1.216) 2024.04.12 20:27:34 스크랩 조회 146 추천 1 댓글 0,1,146,2024.04.12 20:27:34,https://gall.dcinside.com/mini/board/view/?id=seilhs&no=4628&page=8
8,4627,[일반],여기 급식 왜이따구임?,명신여고는 잘나오는데,이재빈 (46.165) 2024.04.12 16:36:23 스크랩 조회 263 추천 2 댓글 0,2,263,2024.04.12 16:36:23,https://gall.dcinside.com/mini/board/view/?id=seilhs&no=4627&page=8
8,4623,[일반],명준게이야,본인도 마이클 팬임ㅎㅎ,릴파700 (61.101) 2024.04.11 20:50:39 스크랩 조회 370 추천 5 댓글 1,5,370,2024.04.11 20:50:39,https://gall.dcinside.com/mini/board/view/?id=seilhs&no=4623&page=8
8,4616,[일반],오늘의 좆같은 노래,https://youtu.be/Sv5oE1Mftj8,매듭 (122.38) 2024.04.11 08:48:31 스크랩 조회 146 추천 1 댓글 0,1,146,2024.04.11 08:48:31,https://gall.dcinside.com/mini/board/view/?id=seilhs&no=4616&page=8
8,4598,[일반],여기에 자기 누구라고 실명올리는 애 전부 가짜,어떤 미친놈이 자기 실명을 디시인사이드에 올림?,이재빈 (122.38) 2024.04.09 14:14:20 스크랩 조회 230 추천 2 댓글 1,2,230,2024.04.09 14:14:20,https://gall.dcinside.com/mini/board/view/?id=seilhs&no=4598&page=8
8,4596,[일반],안녕하세요^^,처음뵙네요^^ 유지성이라고 해요~~,유지성 (211.46) 2024.04.09 14:04:15 스크랩 조회 198 추천 1 댓글 1,1,198,2024.04.09 14:04:15,https://gall.dcinside.com/mini/board/view/?id=seilhs&no=4596&page=8
8,4584,[일반],무정,"“ 나는 대학 가기를 중지할라네 .” “ 응 ?” 하고 과외선생님도 놀라며 , “ 어째 ?” “ 대학 가기를 중지할 테여 ...... 그것이 옳은 일이지 ...... 응 , 그리할라네 .” 하면서 과외선생의 손을 놓고 컴퓨터를 키려고 한다 . 선생은 손을 잡아 학생을 끌어당기며 . “ 자네 미쳤단 말인가 . 이리 좀 오게 .” 학생은 멀거니 섰다 . “ 자네 지금 정신이 산란하였네 . 대학 가기를 중지한다는 것이 무슨 소리여 .” “ 아니 ! 저편은 나를 위해서 목숨까지 버리려고 하는데 나는 이게무슨 일인가 . 나는 담임한테 이 뜻을 말하고 원서접수를 파하겠네 . 그것이 옳은 일이지 .” “ 그러면 고졸이 된단 말이지 ?” “ 응 . 그렇지 . 그것이 옳지 .” “ 부모님은 허락을 하시던가 ?” “ 그런 말은 없어 .” “ 만일 부모가 허락하지 않는다면 어쩔 텐가 .” “ 그러면 어쩔 순 없지 ...... 절에 가서 중이 되든지 .” 과외선생은 마침내 낄낄 웃으며 , “ 지금 자네가 좀 노보세 했네 . 참 자네는 어린아이일세 . 세상이 무엇인지를 모르네그려 . 행여 꿈에라도 그런 생각 내지 말고 어서 대학이나 가게 .” “ 그러면 내 꿈을 버리고 ?” “ 버리는 것이 아니지 . 일이 이미 그렇게 되었으니까 . 이제 그런 생각을 하면 무엇 하나 . 또 부모님 사업다 잘 되었고 하니까 피차에 공부나 잘하고 취업이나 하게그려 . 그런 어림없는 미친 소리는 다 집어치고 ......” 하면서 학생의 등을 툭 친다 .",암흑 (58.120) 2024.04.07 02:27:48 스크랩 조회 170 추천 1 댓글 0,1,170,2024.04.07 02:27:48,https://gall.dcinside.com/mini/board/view/?id=seilhs&no=4584&page=8
8,4581,[일반],2분기 애니 추천좀 ㅇㅇ,ㅇㅅㅇ,이재빈 (115.138) 2024.04.06 05:08:50 스크랩 조회 139 추천 0 댓글 1,0,139,2024.04.06 05:08:50,https://gall.dcinside.com/mini/board/view/?id=seilhs&no=4581&page=8
8,4579,[일반],이재빈,요즘 재빈이 착하냐? 애들막 붙잡진 않던데 예전에는 등교시간때도 애들잡고 그랬음 신입생들아 만약 그런 날이온다면 걸리지말고 존나 튀어라,이재빈 (211.36) 2024.04.05 19:08:01 스크랩 조회 469 추천 0 댓글 0,0,469,2024.04.05 19:08:01,https://gall.dcinside.com/mini/board/view/?id=seilhs&no=4579&page=8
8,4577,[일반],중간고사 질문,까먹었노 ㅃㅇ,이재빈 (211.46) 2024.04.04 12:39:30 스크랩 조회 209 추천 0 댓글 0,0,209,2024.04.04 12:39:30,https://gall.dcinside.com/mini/board/view/?id=seilhs&no=4577&page=8
8,4576,[일반],야!이치니산야!아리가똥~,https://www.instagram.com/reel/C4NyNcso0MX/?utm_source=ig_web_copy_link&igsh=MzRlODBiNWFlZA==,이재빈 (211.46) 2024.04.04 12:34:19 스크랩 조회 133 추천 0 댓글 0,0,133,2024.04.04 12:34:19,https://gall.dcinside.com/mini/board/view/?id=seilhs&no=4576&page=8
8,4573,[일반],들을만힌 메탈밴드,한국: 휘모리 백두산밴드 고구려밴드 피해의식 일본: X japan 갈네리우스 영어: 메가데스 매노워 슬립낫 랩소디 오브 파이어 헬로윈,이재빈 (61.101) 2024.04.01 22:12:53 스크랩 조회 142 추천 0 댓글 1,0,142,2024.04.01 22:12:53,https://gall.dcinside.com/mini/board/view/?id=seilhs&no=4573&page=8
8,4570,[일반],25수능 화이팅,옛날 얘기한다고 신난 2021년 2학년 4반이면 개추!,Team04 (39.7) 2024.03.31 23:54:48 스크랩 조회 355 추천 12 댓글 4,12,355,2024.03.31 23:54:48,https://gall.dcinside.com/mini/board/view/?id=seilhs&no=4570&page=8
8,4569,[일반],비현실적인 생활,"하던가ㅋ힘 쌔지는식단이니까 해봐라 힘ㅈㄴ쌔진다ㅋㅋ 남자는힘이쌔져야 여자들이좋아하고 남자는 차가좋아야 여자들이좋다고한다 그리고 여자들은 격투기배우는남자를좋아하니까 격투기10년 20년 배우삼 후비고!짱개많이먹어라 탕수육,깐풍기많이먹고 그리고 이온음료,탄산음료 먹지마라힘빠진다 그리고 탄산음료중에 콜라가힘ㅈㄴ빠진다그리고 사이다,환타가덜빠지고 이온음료는 2%랑 밀키스먹어라 그리고 물이최고로 힘쌔진다 음식먹고 음료수먹지말고 물먹어라 물먹어야힘쌔진다 음료수는 음식을먹다가 ㅈㄴ먹고싶을때 음식먹을때 중간에먹는거다으묘수는 목마를때먹는게아니라 목이막힐때먹는거다 그리고 물이ㅈㄴ중요하다 그리고 일할때 음료수먹지말고 물먹어라그래야힘쌔진다 그리고 햄버거,피자,빵 많이먹지마라 힘빠진다 밀가루음십많이믹으면 몸이무거워지고 힘빠진다 절대먹지마라 그리고 이온음료,탄산음료 먹지마라 그렇게해야힘쌔진다 그리고 특히 라면은 체질이라는게바뀌는데 동물로비유하자면 초식동물이잇고 육식동물이잇는데초식동물처럼 힘이약해지고싶으몃 라면을먹고 육식도물처럼 힘이쌔지고싶으면 라면을먹지말아야된다 그리고 음료수,과자,아스크림.초콜렛 먹지마라 그리고 아스크림은 쭈쭈바만먹어라 아스크림 중에 유일하게 힘안빠지는 아스크림은 쭈쭈바다 콘먹지마라 힘빠진다 아스크림은 쭈쭈바가 유일하게힘이안빠진다 그리고 체육관에서 그리고 잴 중요한게 초밥많이드삼요 특히 초밥은 바닷가쪽이신선하고맛잇고 포항,울산,부산,여수,목포 이지역들이 해산물이신선하고맛잇음^^그리고 성장기에는 골고루먹어줘야됨 그리고 특히 어릴때부터 짠음식먹는습관 기르면 얼굴이어릴때부터커서 좋을게없음격투기많이배우삼 그리고 과자는전부다힘빠짐ㅅㄱㅇ 그리고 과일이란음식자체가다 힝빠지고 그리고 사과많이먹으면 소화만잘되는게아니라 주먹도약해진다 사과,자두,포도,배 다 주먹약해지고 과일이란음식자체가 근육이다빠지고 다주먹이약해지는음식이다 그나마낳은게 딸기다 딸기가그나마 근육이안빠지고 맛잇다 특히 백설탕에 딸기찍어먹으면 진짜 맛잇다 딸기먹을때 백설탕 찍어먹어라 그리고 라면을먹으면 체질이바껴서 힘이빠지는데 라면을게되면 절대라면에 밥말아먹지마라 라면이랑 밥같이먹으면 주먹ㅈㄴ약해진다 라면이란음식자체가 힘이빠지는 음식이라서 좋을게없다",아케비의세일러복 2024.03.31 19:17:38 스크랩 조회 309 추천 2 댓글 1,2,309,2024.03.31 19:17:38,https://gall.dcinside.com/mini/board/view/?id=seilhs&no=4569&page=8
8,4567,[일반],주말,"잘사는거임. 돈을벌어서 은행에 자기통장에 입금된돈 너무 막쓰지말고 저축많이하고 돈을막쓰면안됨.돈이잇다고 막쓰면안되고돈을벌수잇을때 최대한많이벌어놓아야나중에 나이들어서 행복한거임. 돈이 잇어야 마누라도먹여살리고 애들도먹고살리는거임 절대 법에어긋나지않게 살아야 행복한거임그리고 남한테 최대한피해안주고살면서돈많이벌어서 저축많이하셈 그리고 격투기,유도 배워서 단증따놓고 길에서싸워서 이빨부러트리면ㅈ됨 절대 단증따놓고싸우지마셈 격투기,유도 배웟다고해서 무조건단증 딸필요없음그리고 길에서 싸우지말고 체육관에잇는 링안에서 싸우셈 링안에서 헤드기어끼고 글러브끼고싸우면 깽값안나감 절대길에서 주먹함부러쓰면안됨 깽값 ㅈㄴ나가고 돈번거전부다 깽값에나감 이빨한개에 200~300임 그돈벌려면 죽어라 일해**달동안 벌까말까임.그리고 일 열심히해서 돈많이벌면 은행에저축많이하세요 술,담배값아끼면 돈을많이저축할수잇고 그리고 법에어긋나지않게 법은지키면서착하게살아야되고 그리고 격투기,유도 10년씩 20년씩 배워놧다고해서 길에서함부로싸우지마세요 병원비엄청깨집니다 그리고 시멘트바닥에 유도식업어치기하면 사람불구가될수도잇습니다 절대 업어치기함부로쓰지마세요 불구되면 병원비장난아닙니다 그리고 술은 적당히마셔야되고 술을마셔도 개처럼마시면안됨 술마셧다고싸우면 돈이많이깨지고 빡치면 술집에서 시비붙으면 죄송합니다라고하고 체육관가서 샌드백 ㅈㄴ치셈 끝. 그리고 민경훈-슬픈바보들어보삼 하 요즘 상태안좋은애들많네 상태안좋은새기들은 다 격투기를배워야 정신을차리지 격투기10년20년배우면 사람이된다 길에서 싸우고싶은애들은다 격투기배워라 그래야 깽값이적게드간다 그리고 식단을알려드릴게요 찜닭을시키면 밥을먹지말아야힘이쌔지고 이온음료,탄산음료른먹지말아야되고 찜닭을 찜닭 고기부터먼저먹고 배가좀부르다싶으면 그때당면을먹어야힘이쌔지고 그리고 찜닭안에잇는 떡복이먹으면 힘빠지고 찜닭먹을때 밥먹으면 힘다빠짐 그리고 음료수먹으면힘빠지고 먹는도중에일어나면힘빠지고 먹는도중에 화장실가면힘빠지고 그리고 찜닭다먹고나서 물컵에물한잔따른후 반컵씩나눠서마셔야힘이쌔지고 반컵먼저마시고 5초후 나머지반컵마시고 20분동안 앉아잇어야 힘이쌔지고 먹고나서 절대군것질하면안되고 물빼고아무것도먹으면안되고 식사후 2시간동안은 운동하면안됨 힘빠짐 그리고 식사후 20분동안 앉아잇다가일어나야되고 그리고 2시간동안은 똥싸면안됨 못믿겟으면 직접 해보시던지 진짜면 대박인거고",아케비의세일러복 2024.03.30 19:36:52 스크랩 조회 221 추천 3 댓글 0,3,221,2024.03.30 19:36:52,https://gall.dcinside.com/mini/board/view/?id=seilhs&no=4567&page=8
8,4566,[일반],1학년 동아리,이거 1 년만 하는거에요 ? 아님 1 학년 때 합격한거 3 학년 때까지 쭉 하는거에요 ? - dc official App,이재빈 (58.238) 2024.03.30 18:46:42 스크랩 조회 348 추천 0 댓글 2,0,348,2024.03.30 18:46:42,https://gall.dcinside.com/mini/board/view/?id=seilhs&no=4566&page=8
8,4565,[급식],급식평가,중식 뭐였더라 석식 치킨 김치볶음밥 5/5 이대로만 갑시다 를많이먹고 술을많이먹어야됨 안주를 고기를 ㅈㄴ게먹고 배불러디질때까지먹고 그때부터술을마셔야되고 그상태에서 힘쌔질려면 고기를먹어야됨 그리고나서 술마실때 화장실가서 똥싸면 절대안되고 그리고 술다마시고 똥2시간동안누면안됨 힘빠짐ㅋ 그리고 술마실때 고기를많이먹잔아 고기랑술이랑같이먹을때 쌈을싸먹지않아야되고 음료수마시면힘빠지니까 절대 술마실때 쌈이랑 음료수먹으면안되고 술다마신후 물한잔 물컵에따른후 절반씩5초간격으로 나눠서마셔야됨 그리고 술마시고 물한잔마시고 20분동안 앉아잇다가일어나야힘이쌔지고 그리고 술마시고나서 집에가서 안피곤하면 자면안됨 얼굴커짐 술마시고 디질꺼같으면 퍼질러자는거임 그리고 아침에일어나서 물2잔마시고 해장하면됨 꼭 술마신다음날 물2잔마시고 해장하고 출근하면됨ㅎ 그리고 나서 몸이좀 뻐근하다싶으면 격투기체육관에서 운동후 운동끝나고 물빼고아무것도먹으면안되고 길에서싸울때 그냥 들이박고보는거임ㅋ 격투기에서배우는기술은 전부다실전이라서 좋음ㅎ그리고 라면절대먹으면안됨 라면먹으면 체육관에서운동해서 힘쌔신거다날라가는거임 라면 먹으면 손목이람정강이에힘다빠지니까 절대라면먹으면안되고 고기를많이먹어야됨ㅎ 그리고 땅콩이랑 아몬드를많이억으면 힘이쌔진다는이유가 땅콩이랑아몬드많이먹으면 주먹이딴딴해지고 그리고 고기를많이먹어야됨 주먹으로 치고받을때 사람얼굴이전부다 급소이니까 얼굴을때리는거임 눈이랑코사이에다가 라이트를ㅈㄴ쌔개치면 맞은사람이당황하게되는데 그순간에계속때리는거임ㅋ 그게 실전격투기 실전에서유용한것만알려주는게 격투기이고 사람급소를다알려줌 그리고 길에서 싸울때 ufc선수처럼 싸울필요없음 뒷통수ㅈㄴ쌔게치고 맞은애가 내얼굴보면바로 레프티를 눈이랑코사이에 때리는거임ㅋ 실전격투기ㅎ 격투기가실전이고 유도는 무조건업어치기임 유도는 업어치기빼고 다별볼일없는기술뿐임ㅎ 유도식 업어치기를 시멘트바닥에다가써먹으면 불구가될수도잇음ㅎ 유도 배운사람이랑 복싱배운사람이랑싸우면 복싱배운사람이 라이트를치면그걸피하면서 시멘트바닥에업어치기꽃는거임 그래서 복싱은별볼일없다는거임ㅎ그리고격투기배운애랑 유도배운애랑싸우면 유도는무조건업어치기고 격투기배운애는 주먹으로 치고박다가 가까이붙엇을때레슬링기술을쓰는거임ㅎ 결론은 유도배운애는가까이붙으면격투기배운애한테짐. 세상은 그렇게 호락호락하지않다 자기자신이강해지지안으면 살아남지못하는세상에살고잇고 집에돈이많지안는이상 돈벌어야된다 서울강남 아파트100평에 람보르기니몰고댕길정도가안되면 무조건돈벌어야된다 집에서 먹고논다고누가 1년에2~3천만원주는사람없다. 결론은 돈을벌어라 그리고 돈이이서야 옷도사고 밥도먹고 영화도보고술도마시고 차도탈수잇고 집도잇고 차도잇고 여자도잇고 보험도요즘 다 보험료가올라서비싼데 먹고놀면안되고 보험비+전기세+세금+기름값+식비+회비+술값+담배값+휴대폰요금+방값+보일러값 돈 내고나면 돈 남는게얼마없다 절대 격투기배웟다고 함부로주먹쓰디마셈 돈많이깨지고 돈버는거다 깽값에드감 돈,아케비의세일러복 2024.03.29 20:26:20 스크랩 조회 272 추천 1 댓글 0,1,272,2024.03.29 20:26:20,https://gall.dcinside.com/mini/board/view/?id=seilhs&no=4565&page=8
8,4564,[일반],굽식평가,"햄버그 2/5 그냥그래 힘쌔진다 그리고 음료수먹지마라 힘빠진다 그리고 이온음료,탄산음료는 목축이는용도로먹는게아니라 목막힐때만 먹는거다. 그리고 힘이쌔질려면 격투기를배워야되고 상체 이두,삼두,전완근,갑빠,어깨,등 주먹이쌔질려면 팔운동많이해야된다 팔굽혀펴기,아령,바벨컬,벤치프레스,턱걸이많이해라 턱걸이많이하면 힘쌔진다 그리고 운동할때 단백질보충재 먹어라 힘쌔진다 프로틴먹으면서 운동하면힘 엄청쌔진다 그리고 상체만너무키우면하체가 부실해보이니까 하체도같이키워줘야되고 복싱만배우면 하체가약해서 격투기배운사람이 로우킥한대차면 무릎꿇음 그래서 복싱은 아무짜기쓸모없는운동이라는거임.그리고 주먹이쌔질려면 고기를많이먹어야되고 라면을먹지않는것이 가장 중요한거임 그리고 길거리싸움하고싶으면 격투기체육관에서 링안에서 헤드기어,글러브,신가드 착용하고 링에서 스파링하세요 그리고 제아는형중에 격투기3년유도7년배운형이 잇는데 싸움스타일이 주먹으로치고박다가 엎어치기하는게 그 형 싸움스타일인데 엄청주먹이쌔고 몸이날렵하고 발차기가일품이라고함. 즉 한마디로말하자면 격투기를배우는것도 중요하지만 유도를배우는것도 중요합니다 싸움을잘할려면 격투기+유도 다 배워놓아야됨ㅎ 그리고 단백질을 많이보충해줘야됨 삼겹살,보쌈,족발 많이먹고 그리고 쌈절때 싸먹지말고 음료수절대먹지마라 그리고 담배는피지마라 키안큰다 키가180까지클려면 골고루먹어야됨잠을 저녁10시에서~2시까지 꼭 자야됨 주먹이쌔질려면 손가락발가락에 뼈소리나지안아아 주먹이쌔짐 격투기를배워야되고 격투기가 주먹이많이쌔짐 그리고 떡복이,순대,튀김 다 힘빠지니까 먹지말아야됨 그리고 밥을먹을때 꼭 국이잇어야되고 꼭 국부터먹어야됨 그리고 힘이쌔질려면 라면은먹으면안되고 밥,국,찌개,고기 많이먹어야되고 채소를먹지않아야 힘이쌔짐 키클려면 채소랑 우유 음료수 라면먹어야되고 절대 담배피면안됨 키안큼 어릴때 담배피면 키도안크고 건강에안좋고 힘빠짐 그리고 술도마시면안됨 키크는데 도움이안됨 술은 커서드삼 그리고 술마실때 술은 소주만먹어야됨 그렇게해야안빠짐 맥주는 마시면 힘다빠지니까 먹지말고 막걸리는 맛***없고 와인은비싸고 양주도비싸니까 소주드삼. 그리고 술마실때 고기를많이먹어야됨ㅎ 그리고 힘이쌔질려면 ㅎ채소를먹지않아야되고 이온음료,탄산음료를 먹지않아야 힘쌔짐 그리고 술마실때 술이약한",아케비의세일러복 2024.03.28 17:27:46 스크랩 조회 177 추천 0 댓글 0,0,177,2024.03.28 17:27:46,https://gall.dcinside.com/mini/board/view/?id=seilhs&no=4564&page=8
8,4563,[일반],긎긱쳥가,"중식 감튀 떡볶이 (2/5) 다 고기를 많이먹어주면 라면먹고싶지가않을거다 고기:삼겹살,대패삼겹살,오겁살,가부리살,꼬리살,돼지살,뒷다리살,항정살,막창,곱창 많이먹어라 고기많이먹을때 절때 쌈싸먹지마라 힘빠진다그리고 고기먹을때 목마르면 음료수먹지말고 물마셔라 그렇게해야힘쌔진다 그리고 고기먹을때 밥먹지말고 고기만먹고 그리고 음료수절대먹지말고 고기먹을때는 고기만 많이먹고 다른건 먹지마라 그렇게해야힘쌔진다 그리고 국밥먹을때 국부터2번먹고 밥1한번먹고 국1한번먹고 국밥을계속먹는거다 그리고 국밥먹을때 밥을 국밥에다가말지말고 먹어야되고 보쌈이랑 족발시켜서같이먹어야 힘쌔진다 그리고 이온음료 탄산음료 먹지말아야되고 그리고 매운**양파먹지말아야힘이쌔진다 그리고 재일중요한게 격투기를배우는것이다 격투기가 한마디로말하자면 길에서싸울때 많이도움이되고 그리고 싸우고싶은놈이 잇으면 싸우기한달전부터 고기만계속먹고 밥이랑국많이먹고 채소먹지말고 음료수먹지말고 손이랑발에 뼈소리나지않게해야 주먹이쌔진다 주먹이쌔질려면 격투기를배워야된다 예를들어 싸우고싶은 놈이잇으면 수단과방법을가리지말고 싸워야되고 그리고 호신술에도좋다 그리고 학교에서 일진이랑싸울때는 오른손으로 뒷통수를ㅈㄴ쌔게치고 왼손으로 레프트를 쳐라 그다음에오른손으로 라이트를친후 태클을드간후 테이크다운을시키고 풀마운트로올라타서 파운딩을 치는거다 그게 길거리싸움이다 그러니까 한마디로 말하자만 격투기를배워라. 학교폭력당하기싫으면 경찰에 꼰지르는것보다 격투기를배우고 격투기르 10년 20년씩 배워놓으면 학교뿐만아니라 직장에서도왕따 당할일이없다 그리고 초등학교,중학교,고등학교,대학교 에서 왕따 당하는사람들은 전부다 격투기를배우면 왕따당할일이없고 일진들한테 삥안뜯김 일진들이배우는운동이 격투기이니까 격투기를많이배우삼 그리고 평소에 고기를많이먹어야 주먹이쌔지고 라면을먹지말아야되고 음료수를많이먹어야 주먹이쌔진다 손이랑발에 뼈소리나는거하지마라 힘빠진다 그리고 삶은계란 많이먹으면 시력좋아진다 그리고 근육이많이생기고힘쌔진다삶은계란 흰자는 힘이쌔지고 노른자는 시력이좋아진다 삶은계란많이먹어라 이온음료,탄산음료 먹지말 고 힘빠지니까 목마르면 물먹어라. 그",아케비의세일러복 2024.03.27 14:54:57 스크랩 조회 152 추천 0 댓글 0,0,152,2024.03.27 14:54:57,https://gall.dcinside.com/mini/board/view/?id=seilhs&no=4563&page=8
8,4562,[급식],급식평가,"중식 국수 3.5/5 깔끔함 석식 제육 3.5/5 약한친구는괴롭히지마라 일진을괴롭혀야지 그리고진짜 싸움잘하는사람들은 길거리싸움할때라면안먹는다 그 이유가 아무짜기쓸모없는음식이고 길거리싸움할때 힘이안드간다 길에서싸울때 라면은 아무짜기쓸모없는음식이니까 라면먹지말고 고기먹고 싸우기전에 1한달전부터 고기계속먹고 쌈먹지말고 이온음료,탄산음료 먹지마라 쓸모없다 그리고 싸우고싶은새기잇으면 장소정해서 1:1로 ufc선수처럼 정정당당하게 싸워라 그게싸움의 노하우다 격투기가 싸움의노하우를알려준다 배워둬라 그리고 과일은 사과,포도,배먹지마라 그리고 딸기많이먹어라 백설탕에 딸기찍어먹으면 맛잇다 그리고 나이먹고 길에서 다치기도쉽고 깽깞많이나가니까 어지간하면 길에서 싸우지말고 격투기체육관에잇는 링 안에서 헤드기어착용하고 글러기착용하고 신가드착용하고 링안에서싸워라 그리고 라면은 신라면먹지마라 라면중에 재일 힘빠진다 절대먹지마라 삼연라면 너구리라면 먹어라 먹을거면 그리고 이온음료,탄산음료 먹지마라 힘빠진다 그리고 우유중에 흰우유많이마시면 키가크는데 흰우유가 힘빠짐 여자들은 딸기우유많이먹으면좋고 남자들은 초코우유많이먹으면좋음ㅎ 그리고 햄버거 먹지마삼햄버거먹을때 콜라를먹게되는데 햄버거먹으면힘빠진다는이유가 콜라를먹기때문이다 햄버거많이먹지말고 밀가루음식많이먹지말고 건강에 안좋으니까 그리고 음료수는다 힘빠지니까 먹지마라. 그리고 김밥,유부초밥,돈까스 힘빠진다 돈까스가힘이빠지는이유가정강이가 말랑해진다 돈까스먹으면 로우킥쌔지고싶으면 돈까스먹지말고 떡볶이,순대,튀김,어묵 멀지말고 그리고 면종류먹지마라 짜장면,짬봉,우동,라면,쫄면,국수 다힘빠지니까 먹지마라 면이먹고싶으면 짬뽕이랑국수많이먹어라 그리고 라면먹고싶으면 너구리라면많이먹고 아니면 짬봉이랑국수많이먹으면 라면먹고싶은생각안드니까 라면먹지말고 짬봉이랑 국수많이먹고 짱개집에서 짜장면,짬뽕 잡채밥많이먹어라 1분동앉아잇다가일어나라 그렇게해야힘이쌔진다 밥 다먹고나서 똥 2시간동안 싸지먀라 그렇게해야 힘쌔진다 그리고 고속도로 휴게소가서 음식부터 먹지말고 화장실간후 그다음에 니가 좋아하는 음식 먹는거다 그리고 휴게소에서 떡복이먹지말고 핫도그도먹지마라 라면,우동,쫄면 먹지마라 그리고 고속도로휴게소에서 제육볶음밥많이먹어라 그리고 음식다먹고 물한잔마시고 절반씩마셔라 그리고 1분동안 앉아잇다가 일어나야되고 밥다먹고 군것질하지마라 힘빠진다 그리고 음료수도먹으면힘빠지고 또 똥싸지말고 목 마르면 물마셔라 그리고 치킨많이먹어라 후라이드치킨,양념치킨,간장치킨,찜닭 페리카나,bhc,교촌,kfc 를 많이먹어라 그리고 호식이두마리치킨은 맛은없는데 양이많으니까 많이먹고싶으면 호식이꺼먹어라 그리고 치킨먹을때 밥 먹지말고 치킨무를 먹고 치킨무물을 먹지마라 그리고 이온음료,탄산음료먹지마라 치킨많이먹으면힘쌔진다 그 이유가 치킨속안에 흰색살코기가 닭가슴살이니까 닭가슴살 따로시켜먹지말고 치킨많이먹어라 그렇게하면 힘쌔진다 그리고 치킨다먹고 물컵에 한잔따른후 절반씩마시고 5초간격으로 마시고나서 20분동안 앉아잇다가 일어나야되고 다먹고나서 2시간동안 절대 똥 싸지마라 힘빠진다 그리고 로우킥이쌔지고싶으면 격투기 체육관 다녀라 격투기10년씩 20년씩 배우면 로우킥엄청쌔지고 그리고 엄청 싸움잘해지고 호신술에도좋다 요즘 경찰,검찰관들이 배우는운동이 유도,격투기 이니까 많이배우삼. 그리고 교도관들도 격투기,유도 많이배우니까 많이배우고 힘많이쌔지삼. 그리고 손이랑발 자주 씻으면 힘빠지고 팔다리짧아지니까 손이랑발자주씻지말고 라면먹고싶",아케비의세일러복 2024.03.26 18:18:37 스크랩 조회 271 추천 0 댓글 0,0,271,2024.03.26 18:18:37,https://gall.dcinside.com/mini/board/view/?id=seilhs&no=4562&page=8
8,4561,[일반],21년 졸업생인데 정퇴한 선생있냐,기억하는건 윤ㅇㄱ 안ㅇㄱ 이ㄱㄷ 강ㅅㅈ 김ㅎㅁ 등등?,이재빈 (211.234) 2024.03.26 15:27:16 스크랩 조회 460 추천 0 댓글 1,0,460,2024.03.26 15:27:16,https://gall.dcinside.com/mini/board/view/?id=seilhs&no=4561&page=8
8,4560,[일반],이번에 재수하는 게이다,잘있어라 븅신들아 내일 기숙학원 들어가는 게이다 꿀팁좀 주면 1.야자 안해도 ㅈ도 상관없다 걍 학원가라 2.이재빈이 아침에 신발 잡을 때있는데 만약 잡히면 바로 계단으로 뛰어라 이년 못 뛰어서 소리만 지른다 3.8교시도 안해도 된다 그 시간에 저녁먹고 학원 가라 4.쓰레기장 옆에 산으로 올라가는 길 있는데 거기로 쭉 올라가면 원적산 공원 나온다 학교 재낄때 ㄱㄱ 5.급식 ㅈ같은 날엔 걍 앞에 편의점 가라 6.너넨 재수하지마라,이재빈 (223.38) 2024.03.25 20:02:09 스크랩 조회 549 추천 4 댓글 4,4,549,2024.03.25 20:02:09,https://gall.dcinside.com/mini/board/view/?id=seilhs&no=4560&page=8
8,4559,[급식],급식평가,"중식 닭갈비 3.5/5 그럭저럭 좋음 석식 카레 4/5 맛있어서 두번먹음 면안되고물도먹으면안되고치킨먹을때목마르면치킨무를먹어야됨그리고치킨먹을때밥절대먹으면안되고 치킨다먹은후 물컵에물한잔80%정도따른후 절반마시고5초잇다가물마져마시고물마실때천천히마셔야폰만감이오래감그리고나서20분동안앉아잇다가일어나야힘이쌔짐ㅎㅎ그럼이만ㅅㄱㅇ그리고진짜싸움잘사는사람들은소주를마시고 맥주는안마심그이유가힘이빠지는거때문거때문이다 그리고 힘이쌔질려면 밥먹고2시간동안 화장실가면안되고 그리고 밥먹을때 국이잇어야되고 밥이랑국반찬엄청배부를정도로먹고나서 절대 이온음료,탄산음료먹지말아야되고 우유먹으면힘빠짐 그리고 2시간동안 화장실가면안되고 군것질하면힘빠지고 밀가루음식먹으면 몸은무거워지고 힘이빠지니까 밀가루음식먹으연안됨 피자힘은빠지고 몸은무거워짐 그리고 피자먹을때 이온음료,탄산음료 먹지말고 목마르면 물마셔야힘이쌔지고 피자먹지말고 삼겹살,치킨을많이먹어야 힘이쌔짐 그리고 음식을먹고나서 물한잔마시고 20분동안앉아잇다가 일어나야 힘이쌔짐 그리고 격투기랑 유도 배우삼 호신술로좋고 사람재압하기좋음ㅎ 격투기가 사람을만드는운동임ㅋ 그리고 우유는 키가크는데도움이되지 힘쌔지는데도움이안됨 그리고 고기를많이먹으면 힘이쌔지고 뼈가딴딴해지고 그리고 쌈을안싸먹어야 힘이쌔지고 채소를전혀먹지말고 고기만먹어야힘이쌔지고 이온음료,탄산음료 를 먹지앉아야힘이쌔짐 그리고 밥먹고 2시간동안절대 똥싸면안되고 술은 소주만마셔야힘쌔짐 맥주는힘빠지니까 맥주먹지말고 소주드삼ㅋ 그리고 남자는 어깨랑등판이넓어야 얼굴이작아보임 그리고 주먹이쌔질려면 손이랑발에 뼈소리나는거하면안되고 그리고 격투기를배워야 주먹이쌔짐 격투기20년배워놓은사람들은 밥먹고 물한잔마시고20분동안 앉아잇고 그리고 고기먹을때 밥을안먹고 채소를안먹고 음료수를안마심 그렇게해야힘이쌔지고 식사후 아스크림,과자,초콜렛 먹으면 힘빠지니까 먹으면안되고 그리고 밥먹고나서 화장실가면 안됨 똥싸면 힘다빠짐 그리고 떡복이,순대,어묵 다힘빠지고 돈까스,쫄면,우동,라면,김밥,다 힘빠짐 그리고 껌도힘삐짐 껌절대 먹으면안되고 힘이 쌔질려면 꼭 그렇게해야되고 그리고 주먹이쌔질려면 격투기를배워야되고 복싱은 파퀴아오정도로 잘하지앉는이상 쓸모없음ㅋ 복싱은 주먹은 ㅈ되는데 하체가ㅂㅅ임 무에타이 로우킥맞으면 무릅꿇음 타격기:킥복싱,가라데,무에타이,우슈 ㅈ됨 그리고 킥복싱+레슬링+주짓수+크로스핏 합쳐놓은게=격투기이니까 격투기많이배우삼",아케비의세일러복 2024.03.25 18:45:29 스크랩 조회 279 추천 0 댓글 1,0,279,2024.03.25 18:45:29,https://gall.dcinside.com/mini/board/view/?id=seilhs&no=4559&page=8
8,4558,[일반],오늘의 메탈,"https://youtu.be/--Qqx0vEeGA Sunday morning I want to leave this painful life Yesterday's evening it was glorious The king of the dancefloor The man with the irresistible eyes They could not deny it, I was glorious But if they saw those eyes today They should have screamed and walked away probably called 911 I am falling into the darkness Once again I'm the joke, I am the clown I am falling And now I pay for my sins again Friday evening I'm out to take back the throne again I warmed up my engine I am glorious The queen of the dancefloor She aims and shoots straight for my heart I could not deny her, she was glorious But if you saw her face today You'd probably screamed and run away I surely called 911 I am falling into the darkness Once again I'm the joke, I am the clown I am falling And now I pay for my sins again Though I'm awake I'm still dreaming Everything's fake all around When should I learn to not crash and burn Though I'm awake I'm still dreaming I am falling into the darkness Once again I'm the joke, I am the clown I am falling and now I pay for my sins again I pay for my sins again",느그메탈 (2.58) 2024.03.25 11:12:31 스크랩 조회 165 추천 1 댓글 0,1,165,2024.03.25 11:12:31,https://gall.dcinside.com/mini/board/view/?id=seilhs&no=4558&page=8
8,4556,[일반],ebs 인강 들어본사람 있나? 질문좀,"인강 ebs로도 됨? 아니면 무조건 사설이 나음? 게하면 이두,삼두,어깨,등,전완근 상체전체운동상체전체운동되는게 턱걸이니까 철봉에매달려서맨날턱걸이를하세요그리고힘쌔질려면 웨이트트레이닝을해야됨 한마디로말하자면팔굽혀펴기 많이하면힘쌔지고 아령을들어야힘이쌔짐 아령은 처음에 0.5kg 시작해서 1년동안하다가1kg로들고또2년2kg를들고또후3kg3년동안들다가또4kg들다가또5년동안5kg들다가또10년동안6kg들다가또10년동안7kg들다가또10kg동안 한후8kg들고나서 5kg~8kg를 10년에한번씩 8kg에서10년동안아령을들고나너7kg아령을들고또10년동안운동후6kg를들고또10년동안5kg들다가이번에는또 다시아령을kg수를올려야힘이쌔짐5kg에서 10년동안운동후다시6kg를 10년동안들고또7kg를10년동안들고8kg를들어야힘이쌔짐 그리고 헬스장에서운동을하게되면 요일별로부위를운동하는거임 월요일:이두,삼두 화요일:전완근 수요일:어깨목요일:하체금요일:등 그리고 복근운동은님***대로하고 복근운동은헬스장에서운동할때맨마지막에하는거임ㅋ토,일은 쉬고 물빼고 음료수적당히마시고 면종류많이먹지말고 고기를많이먹고쌈싸먹지말고고기만드세요 무슨음식을먹든간에 음식먹을때이온음료,탄산음료먹으면힘빠짐 무슨음식이든간에먹은후무조건 물한잔마시고 20분동앉아잇다가일어나야힘이쌔짐 밥먹고나서쓰잘때기없이군것질하지마삼ㅎㅎ끝.그리고 아령을들어올릴때숨을들이마시고내릴때숨을내뱉어야됨그리고 아령들어올릴때도숨을천천히들이마셔야되고 내뱉을때숨을 내뱉을때도천천히내뱉으면서아령을내려야되고그리고 아령을들어올릴때도천천히숨을들이마쉬면서들어올려야되고 내릴때도 숨을천천히내뱉어야되고아령을천천히내려야됨ㅋ 그리고 벤치프레스도 내렷을때숨을 들이마시고천천히내려야되고올릴때숨을내뱉어야되고그리고천천히들어올려야됨그리고 운동할때승분하면안되고 운동후 단백질보충재를먹으면힘이훨씬쌔짐그리고 닭가슴살은따로안시켜먹어도됨 그이유가치킨안속에보면닭가슴살이잇어서싸움잘하는사람들이 닭가슴살을따로안시켜먹고치킨을많이먹는거임ㅎ그리고치킨먹을때목마르면치킨무를먹어야되고치킨무물을먹으면안됨그리고이온음료,탄산음료를먹",아케비의세일러복 2024.03.24 17:51:30 스크랩 조회 382 추천 0 댓글 1,0,382,2024.03.24 17:51:30,https://gall.dcinside.com/mini/board/view/?id=seilhs&no=4556&page=8
8,4555,[일반],세일고 4대천왕 아시는분,"KGB, 정권, 피바다, 울트라 졸업생님들 이분들에 대해 자세히 설명좀해줘요",이재빈 (180.228) 2024.03.24 11:59:01 스크랩 조회 1978 추천 0 댓글 8,0,1978,2024.03.24 11:59:01,https://gall.dcinside.com/mini/board/view/?id=seilhs&no=4555&page=8
8,4554,[일반],선배님들 때도 선택과목에 따라 반 분위기 많이 달랐나요?,지금 세대는 선택과목에 따라서 반 분위기가 천차만별이에요 문과랑 과탐 선택 ㅄ인 반은 장애련들밖에 없어요 그 외 이과반 애들은 GOAT들밖에 없고요,이재빈 (218.52) 2024.03.24 00:11:39 스크랩 조회 297 추천 0 댓글 0,0,297,2024.03.24 00:11:39,https://gall.dcinside.com/mini/board/view/?id=seilhs&no=4554&page=8
8,4552,[일반],세일고 학생들 개웃긴거,"겉으론 학교 욕 ㅈㄴ허면서 속으론 은근 부심있고 타일반고학생들 깔봄 점심,저녁 다드시고 밥먹을때꼭 국드세요 그리고나서 초코파이도먹으면힘빠짐 그리고 과일은전부다힘빠지는음식이예요 무조건딸기만먹어야되고 아침사과가몸에좋고 사과먹으면소화가잘되니까 사과많이먹으면안됨그리고 싸움잘하는사람들이치킨을많이먹으면 힘쌔진다고하는이유가치킨안에닭가슴살이잇음ㅎ그래서싸움잘하는사람들이치킨을많이먹고닭가슴살을따로안시키는이유가치킨안에닭가슴살이잇음그리고 이온음료,탄산음료,우유 전부다힘빠지는음료수이니까많이먹으면안되고그리고상추,깻잎,쌈무,배추싸드세요 그리고 싸움잘하는사람들이 고기먹을때 쌈을안싸먹는이유가힘이빠져서안싸먹는거니까 쌈싸먹지말고쌈싸먹고싶으면 싸드삼ㅋ그리고 고기먹을때고기만먹어야힘이쌔짐ㅎㅎ 그건님***데로하삼 그리고 밀가루음식먹으면몸이무거워지니까 밀가루음식드시지마시고 소고기,돼지고기,닭고기많이드세요 그리고격투기가 싸움잘하는사람들이많이배우는이유가 길거리싸움할때도움되고 호신술에좋음ㅎ 킥복싱,레슬링,주짓수,크로스핏다합쳐놓은게=격투기예요ㅎ그리고 격투기가싸움을잘해지는운동이니까 격투기배우삼 그럼이만 ㅅㄱㅇ 그리고싸움잘하는사람들이 볶음밥을많이먹습니다ㅋ 그리고 중국집 볶음밥을많이먹고 짬뽕국물이랑같이먹고 먹을때 짬뽕국물2번먹고볶음밥먹는거임ㅎ 그리고 운동후 물빼고 다른음식먹으면 다힘빠지니까 물만먹어야됨운동후2시간동안은물만먹어야됨그렇게해야힘이쌔집니다ㅎ그리고무슨음식이든간에먹고 무조건물한잔마시고 20분동안앉아잇다가일어나야힘이쌔짐그리고 식사후2시간동안은운동하면안되고 운동후2시간동안물빼고음식자체를먹으면안됨ㅋ그리고 손가락발가락에뼈소리나는것도 힘빠지니까 주먹이쌔지고싶으면그거하면안됨ㅋ그리고 면종류먹는거자체가 힘빠짐라면이엄청먹고싶으면짬뽕이랑,칼국수먹으면 라면먹고싶지가않음 탕수육,깐풍기많이드삼그리고 밥먹을때꼭 국이잇어야되고 국부터먼저먹어야됨ㅎ 그렇게해야힘이쌔짐 국없이밥먹으면힘이엄청빠지고좋을게없음 국없이밥먹으연힘빠지니까절대국없이밥먹지마세요그리고 찌개랑밥이랑만먹게되면 찌개부터드삼그리고 고기먹을때절대밥먹지마시고 고기만드세요그렇게해야힘쌔짐ㅎ그리고 유도가엄청사람재압하기좋고싸움잘해지는운동이고그리고 여성분들의경우 호신술에좋습니다 예를들어이상한사람이따라오게되면그럴때필요한게유도,격투기입니다ㅎ떡복이,순대,어묵다힘빠지는음식이예요 그리고 똥그랑땡도힘빠지는음식이고튀김음식다체가힘이빠짐그리고 진짜싸움잘하고힘쌘사람들은 벤치프레스를많",아케비의세일러복 2024.03.23 23:38:19 스크랩 조회 643 추천 1 댓글 3,1,643,2024.03.23 23:38:19,https://gall.dcinside.com/mini/board/view/?id=seilhs&no=4552&page=8
8,4549,[일반],24 공부 질문,통사 공부법 좀 알려주십쇼 진지합니다 - dc official App,이재빈 (223.38) 2024.03.23 21:01:34 스크랩 조회 497 추천 0 댓글 8,0,497,2024.03.23 21:01:34,https://gall.dcinside.com/mini/board/view/?id=seilhs&no=4549&page=8
8,4548,[일반],니네 인생 이현승,경제 돼지,ㅇㅇ (106.102) 2024.03.23 04:13:06 스크랩 조회 176 추천 0 댓글 0,0,176,2024.03.23 04:13:06,https://gall.dcinside.com/mini/board/view/?id=seilhs&no=4548&page=8
8,4547,[급식],급식평가,"중식 하이라이스 4/5 후식도 맛있고 다좋았음 석식 텐동 3/5 간장밥 & 튀김이었음 리시켜먹은거 힘다빠지는거다 그리고 치킨먹을때 절대 화장실가서 똥누면힘다빠진다 그리고 치킨먹을때목마를때만 치킨무먹는거다 목마르면 음료수나물을마시는것보다 치킨무먹어라 그렇게해야힘쌔진다 그리고 치킨다먹고 손에 뼈소리나는거하지마라 주먹은약해지고 몸만뚱뚱해지는거다 그리고 주먹이엄청약해진다 혹시 대구박00형 아냐? 대구주먹임 정태수형님과의싸움에서 유도기술로졋음 유도7년 격투기13년 정태수찜많이드세요 닭갈비찜많으드시면 힘쌔집니다손실제로보면만굶음ㅋ그리고 손굶어질라믄 골고루먹고손시랑발에뼈소리많이나면손발커지고손목발목굶어짐태권도는 발차기만배우잔슴 격투기는 주먹,발차기,태클,풀마운트,파운딩 유도,업어치기,후리기,조르기,굳히기,꺽기,누르기 배움 유도지랫대의원리를사용하여 상대방의힘을 역이용하여넘기는운동 유도의전설 김재범,이원히,왕기춘 등등 ㄱㄱ요즘 세상이험하다보니까 격투기랑,유도배워서 호신용으로 5년이상배워두세요 손해보는거없습니다 꼭 배우세요 그리고 힘쌔지고싶으면 고기,국,찌개 많이먹고 채소,음료수는적당히먹는게좋고 무슨음식이든간에먹고 물한잔컵에따른후 절반씩 천천히마시고 남은절반마시고나서 1분동안 앉아잇다가일어나야힘이쌔짐 그리고 요즘세상이험하니까 절때 혼자길에돌아다니지마세요 요즘 밤에 혼자돌아다니면 위험합니다 꼭 호신용으로 격투기,유도 꼭배우시고 단증딸정도로오래배우시고 위험한일잇으면 꼭 운동배워서 호신술 꼭쓰세요 루머러스하시네요학교폭력 당하기싫은사람보세요힘이쌔질려면아침,점심,저녁 꼭 다쨍겨 먹고 이온음료,탄산음료 적당히마시고 고기랑채소 국찌개많이먹어라 그리고 카레많이먹어라 아침에일어나서 물2잔마시고 20분동안앉아잇다가아침식사를해야힘이쌔짐그리고 아침먹을때국2번먹고나서밥1한번먹고국1한번먹고나서반찬을먹고밥이랑국이랑반찬다먹고나서물1한잔마시고 절반씩마시세요 5초잇다가요그리고 간식먹지마세요그리고 과자,아스크림,초콜렛,다힘빠지는음식이고 떡복이,돈가스,쫄면,라면,우동,야끼우동,짜파게티,라면,비빔면,짜장면,짬뽕먹지마세요다힘빠짐 그리고 라면이란음식이육식동물처럼힘쌔지고싶으면라면먹지말고초식동물처럼힘이약해",아케비의세일러복 2024.03.22 18:18:00 스크랩 조회 224 추천 0 댓글 0,0,224,2024.03.22 18:18:00,https://gall.dcinside.com/mini/board/view/?id=seilhs&no=4547&page=8
8,4544,[일반],급식평가,"중식 보쌈 4.5/5 석식 육개장 3/5 배우면 주먹으로치고박다가 업어치기가 가능함 그리고 태권도는 뒤돌려차기하면 한쪽다리뜨니까 로우킥차거나 아니면 태클드가면바로 테이크다운성공임 음식은 라면먹지말고 체질이바뀌니까 고기많이먹고 탄산음료마시지말고 이온음료마시고 과자먹지말고 아스크림먹지말고초콜릿먹지말고 손가락에뼈소리나는거하지마라 힘빠진다 ㅅㄱ딸기배걸탕에찍어먹으면맛남 그리고 사과,자두,배,포도 다힘빠짐 과일좋아하는사람은 딸기 백설탕에찍어드삼 주먹이쌔짐너를사랑해 현이지성루비준이재영지은 서든어택링컨클랜2040년까지 격투기0년가자너를사랑해 현이지성루비준이재영지은 서든어택링컨클랜2040년까지 격투기2년가자너를사랑해 현이지성루비준이재영지은 서든어택링컨클랜2040년까지 격투기2년가자나빼궁ㅋ너를사랑해 현이지성루비준이재영지은 서든어택링컨클랜2040년까지 격투기20년가자나빼궁ㅋ매일감사해눈물이난이유안친해질려는사람 굳이인생망한거밖엔더되나?ㅋ 다 인생망하자고친해실려고햇나치킨만 많이먹어도힘쌔지고치킨무만먹어야되고 라면절대먹으면안됨 체질이바뀜 그리고 라면은먹을따만좋고 먹고난후 진짜 죽을만큼후회가될정도로힘이빠지는음식임 라면절때먹으면안됨 그리고 식단은이만하면됏고 운동이중요함 최소격투기10년 유도10년배우는게좋아 합쳐서 20년치킨매상올리거라 주먹쌔진다 치킨무만먹자치킨먹을때만친구들아정태수 싸움스타일 주먹으로치고박다가 업어치기 싸움이시작되기전 니가우리애를건드려서 닌좀밎아야겟다라고 멋진 멘트를따날리고 주먹으로얼굴을치는스타일 정태수랑싸울려면 라면절대먹으면안되고 고기많이먹어야디고 치킨많이먹어야 길에서싸울때 많은도움이된다 그리고 손이랑발에뼈소리나면주먹이약해진다 그리고 치킨먹을때 치킨무빼고아무것도먹으면안된다 치킨먹을때 밥먹으면 힘빠지고 탄산음료도힘빠지고 이온음료도힘빠지고 물도힘빠진다 치킨먹을때는 치킨무만먹어야 힘쌔지고 치킨무물을먹으면안된다 그리고 다먹고20분동안 앉아잇다가일어나야되고 주먹이쌔진다 주먹이쌔질려면 치킨1인1닭해야되고 최소1한달에 치킨60~70마리이상먹으면힘쌔진다 그리고 치킨먹을때60~70번먹을때 1~3번 이라도 밥이나 탄산음료,이온으료먹으면주먹약해진다 그리그 치킨먹을때100번을먹던200번을먹던주먹이강해질려면 치키을많이먹어야되고 치킨먹을때 치킨무만먹어야되고치킨무물을먹으면안된다 그리고 이온음료,탄산음료마시면 힘다빠진다 치킨먹을때",아케비의세일러복 2024.03.21 18:44:39 스크랩 조회 209 추천 0 댓글 0,0,209,2024.03.21 18:44:39,https://gall.dcinside.com/mini/board/view/?id=seilhs&no=4544&page=8
8,4539,[일반],재밌네,신입생들 글 더 올려봐라,세일고암흑의은둔고수 2024.03.21 00:12:25 스크랩 조회 358 추천 0 댓글 0,0,358,2024.03.21 00:12:25,https://gall.dcinside.com/mini/board/view/?id=seilhs&no=4539&page=8
8,4535,[급식],급식평가,"중식 가츠동 소스? 국물?이 너무 많아서 국밥인줄 2/5 석식 참치김치찌개 튀김 무난 & 후식 좋았음 3.5/5 래는가봐면서 덤비고 그리고 아 그렇게된거엿네 막아줄사람들한테 아 그렇게된거엿네 저도 라면 먹지마라 그리고 고생끝에 낙이온다 오픈핑거글러브 끼고 손가락으로싸우는상대 눈찌르지마라 반칙이다 규칙은지켜라너를사랑해 현이지성루비준이재영지은 서든어택링컨클랜2040년까지 격투기20년가자나빼궁ㅋ 나늕스트리트파이터라서 헬스,체육관안다녀도싸움잘한다.그리고 격투기20년배우고 유도20년씩 배워놓으면 주먹으로치고박다가 업어치기 가능하니까 싸울때 주먹으로치고박다가 가까이붙으면 레슬링기술써도됨그리고 유도기술써도됨 업어치기ㄱㄱ유도",아케비의세일러복 2024.03.20 19:44:16 스크랩 조회 225 추천 0 댓글 0,0,225,2024.03.20 19:44:16,https://gall.dcinside.com/mini/board/view/?id=seilhs&no=4535&page=8
9,4529,[급식],급식 평가,"점심 - 순대국 ★ ★ ★ ★☆ 저녁 - 돼지고기 ★ ★ ★ ★ ★ 2번받음 ㅎ 배만나온다 그리고 야식먹을때 라면절대말고 치킨먹어라 라면먹고싶으면 치킨,족발,보쌈.닭발많이먹고 국물잇는음식만 먹어라 그리고 라면먹고싶으면 집에 비빔면이나 불닭 먹고싶으면 먹지마라 힘빠진다 그리고 짬뽕,우동 많이먹어라 그리고 면종류는먹으면 힘빠진다는이유가 면이전부다밀가루음식이라서 라면 밀가루 ㅇㅋ? 라면먹지마라 먹을때만좋다 힘 모조리빠진다 그리고 짜장면먹으면 힘쌔진다는이유가 짜장면먹을때 탕수육먹기때문이다 탕수욱 속안에 돼지고기가들어잇고 돼지고기에 튀긴걸 탕수육이라고한다 그래서 탕수육많이먹으라는거다 힘이쌔진다는거다 그리고 탕수육이랑깐풍기많이먹어라 그리고 짜장면,짬뽕 많이먹어라 그리고 짜장면먹을때 탕수육이랑 맨날같이먹고 탕수육이먼저나오면 탕수육부터먹고 짜장면부터나오면 탕수육나올때까지 기다리다가 짜장면 나온후 탕수육먹어야힘쌔진다 탕수육먹을때 소스에먼저 찍어먹지말고 찍지말고먹어라 그리고 탕수육은 찍어먹어라 부어먹지말고 부억보다 찍먹이더맛잇다 그리고 잡채밥 좋아하는사람은 잡채밥많이먹어라 그리고 야끼우동많이먹어라 맛있다 그리고 먹나가 목마르면 단무지먹고 목마르면 물,이온음료,탄산음료도 먹지말고 그리고 사람으로 태어낫으면 위아래는 가리고 예의잇게 최",아케비의세일러복 2024.03.20 00:20:53 스크랩 조회 298 추천 2 댓글 1,2,298,2024.03.20 00:20:53,https://gall.dcinside.com/mini/board/view/?id=seilhs&no=4529&page=9
9,4526,[일반],야자 시작 15분 전..,"어떡하지 우리는 나이가 많든 적든 자신의 행동에 대해 창조주 앞에서 책임을 져야 합니다. 또한 하느님께서 약속하신 대로 하느님과 부모에게 순종하는 자녀들은 오래도록, 아니 영원히 살게 될 것입니다. 그리고 남자는 덩치가클려면 어깨,등을 넓게만들어야되고 라면먹지말아야된다 힘모조리빠진다 그리고 회는 많이먹어라 회 많이먹고 생선 많이먹고 그리고 운동은 요즘뜨는운동 킥복싱 또는가라데배워라 아니면 님꼴리는데로 배우삼 아니면 복싱+킥복싱+무에타이+레슬링+주짓수+크로스핏=격투기?다 배웟네....그리고 과자 이스크림 초콜릿 초코파이 먹지마라 힘빠진다 짠거는 적당히 먹어라 매운음식은너무 먹지마라 얼굴이화끈거려서 얼굴이커진다 그리고 단음식은 많이먹으면안좋다 그리고 술은 마시지마라 힘빠진다 소주는 힘안빠진다 맥주는 힘ㅈㄴ빠진다 맥주는 치킨3마리먹은게빠지는거다 치킨많이먹으면 힘쌔진다 그리고 치킨먹을때 맥주먹지마라 힘빠진다 치킨먹을때 맥주먹으면 힘ㅈㄴ빠지고 그리고 술마시지말고 술 좋아하는사람은 복싱,킥복싱,무에타이,레슬링,주짓수,가라데,유도,태권도,합기도,씨름,특공무술,헬스 많이배워라 그리고 운동많이하고 술은마시지마라 마셔봐야술배만나온다 그리고 야식은 운동은 저녁에만하고 운동한날은 야식먹지마라 그리고 야식은먹어봣자",아케비의세일러복 2024.03.18 18:25:46 스크랩 조회 346 추천 1 댓글 0,1,346,2024.03.18 18:25:46,https://gall.dcinside.com/mini/board/view/?id=seilhs&no=4526&page=9
9,4525,[일반],세일고의 장점,있겠냐? 걍 부광이나 오지 떨어진애들은 몰라도 1지망 세일은 진짜뭐임?ㅋㅋㅋㅋㅋㅋ - dc official App,ㅇㅇ (14.37) 2024.03.17 22:53:52 스크랩 조회 431 추천 4 댓글 0,4,431,2024.03.17 22:53:52,https://gall.dcinside.com/mini/board/view/?id=seilhs&no=4525&page=9
9,4524,[일반],빨개벗은 남자가 나만 쳐다보면?,전라남도 나주시 하지만 부모를 공경하는 것과 관련하여 생각해 봐야 할 점이 있습니다. 부모가 하느님의 말씀에 어긋나는 일을 시킨다면 어떻게 해야 합니까? 이스라엘의 자녀들은 부모나 다른 사람들의 말이 아니라 하느님의 말씀에 순종해야 했습니다.,아케비의세일러복 2024.03.17 15:48:17 스크랩 조회 250 추천 0 댓글 0,0,250,2024.03.17 15:48:17,https://gall.dcinside.com/mini/board/view/?id=seilhs&no=4524&page=9
9,4523,[일반],경제돼지 이현승,ㅇㅇㅇㅇㅇㅇ,ㅇㅇ (106.102) 2024.03.17 02:42:05 스크랩 조회 202 추천 0 댓글 0,0,202,2024.03.17 02:42:05,https://gall.dcinside.com/mini/board/view/?id=seilhs&no=4523&page=9
9,4522,[일반],세일고 학폭,"ㅠㅠ 자녀는 나이가 많든 적든 아버지와 어머니를 존중하고 그들의 말에 순종함으로 부모를 공경할 수 있습니다. ( 레위기 19:3; 잠언 1:8 ) 자녀가 성인이 되어 자신의 가정을 이루었더라도 계속해서 부모에게 사랑과 관심을 나타내야 합니다. 예를 들어 연로해진 부모가 잘 돌봄을 받을 수 있도록 마련해 주어야 하며, 필요하다면 경제적인 지원도 해 주어야 합니다.— 마태복음 15:4-6; 디모데 전서 5:4, 8 .",아케비의세일러복 2024.03.16 21:07:29 스크랩 조회 784 추천 5 댓글 1,5,784,2024.03.16 21:07:29,https://gall.dcinside.com/mini/board/view/?id=seilhs&no=4522&page=9
9,4521,[일반],1학년들한테 강추하는 동아리,여기 동아리 선생님들은 성격도 좋으시고 이것저것 재밌는 활동들도 많이 해서 재미와 생기부 두 마리 토끼를 다 잡을 수 있음 세일스팀 눈이즐거운과학반 HopeRCY,ㅇㅇ (218.52) 2024.03.16 00:28:55 스크랩 조회 594 추천 2 댓글 3,2,594,2024.03.16 00:28:55,https://gall.dcinside.com/mini/board/view/?id=seilhs&no=4521&page=9
9,4518,[일반],안영근선생님 결혼하셨냐,틀딱인데 궁금해서 물어보러 왔따,이재빈 (218.153) 2024.03.15 10:45:29 스크랩 조회 517 추천 0 댓글 1,0,517,2024.03.15 10:45:29,https://gall.dcinside.com/mini/board/view/?id=seilhs&no=4518&page=9
9,4517,[일반],1학년인데,점심시간에 선배들이랑 축구해도 됨?,이재빈 (182.218) 2024.03.14 19:56:51 스크랩 조회 361 추천 1 댓글 2,1,361,2024.03.14 19:56:51,https://gall.dcinside.com/mini/board/view/?id=seilhs&no=4517&page=9
9,4516,[일반],동아리 어디가 좋냐?,ㅈㄱㄴ 하느님께서는 고대 이스라엘 백성에게 부모를 공경하라고 명령하셨습니다. 그렇게 할 때 어떤 축복이 따를 것인지도 말씀해 주심으로 하느님께서는 이스라엘 백성이 그 명령에 순종하도록 격려하셨습니다. 그리스도인에게는 하느님께서 이스라엘 백성에게 주신 법인 모세 율법을 따라야 할 의무가 없습니다. 하지만 그분의 표준은 변하지 않았기 때문에 율법의 기초가 되는 원칙들은 여전히 유효하며 그리스도인들에게 중요한 의미가 있습니다,아케비의세일러복 2024.03.14 19:33:25 스크랩 조회 440 추천 1 댓글 2,1,440,2024.03.14 19:33:25,https://gall.dcinside.com/mini/board/view/?id=seilhs&no=4516&page=9
9,4515,[일반],신입생들한테 경고한다,씨발 수시 하지마 제발정시로가제발진짜로내가부탁할게,세일고암흑의은둔고수 2024.03.14 00:03:32 스크랩 조회 526 추천 4 댓글 2,4,526,2024.03.14 00:03:32,https://gall.dcinside.com/mini/board/view/?id=seilhs&no=4515&page=9
9,4514,[일반],생활복 생긴거 왜케 그지같음?,무슨 생각으로 저렇게 만든건지 도무지 이해가 안된다,이재빈 (106.101) 2024.03.13 17:33:52 스크랩 조회 325 추천 0 댓글 2,0,325,2024.03.13 17:33:52,https://gall.dcinside.com/mini/board/view/?id=seilhs&no=4514&page=9
9,4513,[일반],올해 세일고 현역 정시 입결 어케됨,내가 알기론 4반에 고대 2명 연대 1명 있었던 걸로 아는데 또 있음?,이재빈 (118.235) 2024.03.13 14:04:22 스크랩 조회 529 추천 0 댓글 3,0,529,2024.03.13 14:04:22,https://gall.dcinside.com/mini/board/view/?id=seilhs&no=4513&page=9
9,4510,[일반],학교가기 존나싫은데,팁좀 - dc official App,이재빈 (121.125) 2024.03.11 22:53:09 스크랩 조회 325 추천 1 댓글 3,1,325,2024.03.11 22:53:09,https://gall.dcinside.com/mini/board/view/?id=seilhs&no=4510&page=9
9,4509,[일반],그래서 작년 학생회 비리 사건 어케됨?,흐지부지 끝났나? - dc official App,ㅇㅇ (223.38) 2024.03.11 07:40:40 스크랩 조회 517 추천 1 댓글 4,1,517,2024.03.11 07:40:40,https://gall.dcinside.com/mini/board/view/?id=seilhs&no=4509&page=9
9,4508,[일반],세일고에 뉴비 쌤들 개많아진 듯,특히 여자쌤들이 많아짐 원래 세일고 교사는 완전 남초였는데,ㅇㅇ (218.52) 2024.03.09 20:12:40 스크랩 조회 562 추천 2 댓글 1,2,562,2024.03.09 20:12:40,https://gall.dcinside.com/mini/board/view/?id=seilhs&no=4508&page=9
9,4507,[일반],우리학교 서울대7명갔다는데,명문 아님? - dc official App,이재빈 (121.125) 2024.03.09 12:12:22 스크랩 조회 623 추천 0 댓글 2,0,623,2024.03.09 12:12:22,https://gall.dcinside.com/mini/board/view/?id=seilhs&no=4507&page=9
9,4506,[일반],신입생들한테 해주고싶은말,니선세악깡버 니:니가 선:선택한 세:세일고 악:악으로 깡:깡으로 버:버텨라,이재빈 (118.235) 2024.03.08 08:27:47 스크랩 조회 488 추천 0 댓글 4,0,488,2024.03.08 08:27:47,https://gall.dcinside.com/mini/board/view/?id=seilhs&no=4506&page=9
9,4505,[일반],반갑다 게이들아,나 정치권에 개입한번 스근하게 해볼라는데 기호 69번 노상정 어떤것같노,호감고닉심상정 2024.03.08 01:30:13 스크랩 조회 252 추천 1 댓글 0,1,252,2024.03.08 01:30:13,https://gall.dcinside.com/mini/board/view/?id=seilhs&no=4505&page=9
9,4504,[일반],반장하면 생기부 잘써줌?,ㅇ? - dc official App,이재빈 (121.125) 2024.03.07 23:19:59 스크랩 조회 872 추천 0 댓글 9,0,872,2024.03.07 23:19:59,https://gall.dcinside.com/mini/board/view/?id=seilhs&no=4504&page=9
9,4501,[정보],1학년인데 질문있다,곧 수련회 가는데 팁 좀 줘라 - dc official App,이재빈 (115.138) 2024.03.07 01:51:51 스크랩 조회 535 추천 1 댓글 7,1,535,2024.03.07 01:51:51,https://gall.dcinside.com/mini/board/view/?id=seilhs&no=4501&page=9
9,4500,[일반],신입생인데 선배중에 잘생긴 형아들 왤케 만음,헤헤,ㅇㅇ (119.198) 2024.03.06 13:24:43 스크랩 조회 541 추천 0 댓글 3,0,541,2024.03.06 13:24:43,https://gall.dcinside.com/mini/board/view/?id=seilhs&no=4500&page=9
9,4499,[일반],신입생인데 종소리 왜 이따구임?,가사 좀 - dc official App,이재빈 (211.36) 2024.03.05 20:47:29 스크랩 조회 426 추천 2 댓글 4,2,426,2024.03.05 20:47:29,https://gall.dcinside.com/mini/board/view/?id=seilhs&no=4499&page=9
9,4498,[일반],이재빈이 누군가요?,24학년도 신입생인데 기본 닉에 이재빈이 누군지 모르겠는데 실례지만 학생 이름인가요?,이재빈 (61.101) 2024.03.05 01:22:01 스크랩 조회 680 추천 0 댓글 3,0,680,2024.03.05 01:22:01,https://gall.dcinside.com/mini/board/view/?id=seilhs&no=4498&page=9
9,4497,[일반],이번 년도 3학년 엘리트 반 순위,4반>5반>>>>>>>>>8반>9반>>>>>>>>6반>7반>>>3반>>1반>>>>>>>>2반,ㅇㅇ (223.38) 2024.03.04 21:00:33 스크랩 조회 719 추천 3 댓글 9,3,719,2024.03.04 21:00:33,https://gall.dcinside.com/mini/board/view/?id=seilhs&no=4497&page=9
9,4496,[일반],세일고,1학년4반 담임 ㄱㅊ?,이재빈 (106.101) 2024.03.04 00:38:05 스크랩 조회 415 추천 0 댓글 1,0,415,2024.03.04 00:38:05,https://gall.dcinside.com/mini/board/view/?id=seilhs&no=4496&page=9
9,4494,[일반],1학년 4반 시간표,아는사람,이재빈 (182.218) 2024.03.03 19:40:27 스크랩 조회 383 추천 0 댓글 1,0,383,2024.03.03 19:40:27,https://gall.dcinside.com/mini/board/view/?id=seilhs&no=4494&page=9
9,4493,[일반],김도현쌤 어떠심?,"AI 이미지가 생성되었습니다. 새로고침(F5) 해 주세요. 프롬프트 car, motor_vehicle, ground_vehicle, no_humans, scenery, cloud, sky, traffic_light, road, outdoors, road_sign, lamppost, crosswalk, building, city, sunset, vehicle_focus, sign, street, cloudy_sky, cityscape 네거티브 프롬프트 샘플링 DPM++ 2M Karras 스타일 None ㅇㅇㅇ",이재빈 (222.237) 2024.03.03 16:08:19 스크랩 조회 719 추천 6 댓글 4,6,719,2024.03.03 16:08:19,https://gall.dcinside.com/mini/board/view/?id=seilhs&no=4493&page=9
9,4492,[일반],오데메3,https://youtu.be/IaJ2UHiTa0o 가사적기 귀찮다 네들이 알아서 봐 사우스파크에 나온 노래임,이재빈 (5.181) 2024.03.03 04:08:00 스크랩 조회 138 추천 0 댓글 0,0,138,2024.03.03 04:08:00,https://gall.dcinside.com/mini/board/view/?id=seilhs&no=4492&page=9
9,4491,[일반],오늘의 데스메탈2,"https://youtu.be/zyZp2ksMY_Y Behold the signs of the never-ending war The furious screams of the gods As the nightfall sets to the distance The blood f the warriors lights the sky This moment is ready to be ruined By those who dishonor the blade As he looks into their eyes he sees fear The bleeding wounds are no excuse No excuse! Even those who lead the way Show fear in their hearts Time has come for the One to rise To show where courage is, when it can't be found The birth of the child of war The one who will define the way For those who shall be carrying the blade till the end of days Fate only smiles to the wise Who put themselves aside Who are ready to die, embrace the form Of honor in it's purest form The honor of dying As you're holding the sword Fight! Like the last man in the night Holding the front alone, and the Fear! Shall be no more if the one's prepared To hold the sword Hold the sword! Fight! Like the last man in the night Holding the front alone, and the Fear! Shall be no more if the one's prepared To hold the sword Hold the sword! Tales shall be written in his honor, his Cause will define a man. The strongest of all Will bow to him, the child of the god of war 한국어로 번역",이재빈 (185.232) 2024.03.03 04:05:35 스크랩 조회 86 추천 0 댓글 0,0,86,2024.03.03 04:05:35,https://gall.dcinside.com/mini/board/view/?id=seilhs&no=4491&page=9
9,4490,[일반],오늘의 데스메탈1,"https://youtu.be/GGe6-xzbISw Something inside me 나오고 있어요 It is coming out 널 죽이고 싶은 기분이야 I feel like killing you 모든 분노를 풀어주세요 Let loose all the anger 너무 오랫동안 보류됨 Held back too long 내 피가 차갑게 식어가네 My blood runs cold 나의 해부학적 구조를 통해 또 다른 존재가 살고 있다 Through my anatomy dwells another being 내 피질에 뿌리를 두고, 그 명령을 따르는 하인 Rooted in my cortex, a servant to its bidding 잔인함은 이제 내 식욕이 되었어요 Brutality now becomes my appetite 폭력은 이제 삶의 방식이다 Violence is now a way of life 썰매는 내 고문 도구야 The sledge's my tool of torture 이마를 두드리면서 As it pounds down on your forehead 눈구멍에서 튀어나온 눈 Eyes bulging from their sockets 망치를 휘두를 때마다 With every swing of my mallet 뇌가 스며들 때까지 그 빌어먹을 머리를 박살내세요 Smash your fucking head in until brains seep in 갈라진 틈으로 피가 새어나온다 Through the cracks blood does leak 왜곡된 아름다움, 재앙 Distorted beauty, catastrophe 김이 나는 슬로프가 내 온몸에 튀었습니다. Steaming slop splattered all over me 생명이 없는 몸, 구부정한 시체 Lifeless body, slouching dead 한때 머리가 있었던 곳에 음란한 농양이 생겼습니다. Lecherous abscess where you once had a head 새롭게 발견한 욕망에 대한 예언을 피하며 Avoiding the prophecy of my new found lust 당신은 다시는 살 수 없을 것이며 곧 당신의 인생은 끝날 것입니다 You will never live again, soon your life will end 네가 내 발 앞에서 죽는 걸 보게 될 거야, 영원히 네 얼굴을 박살낼 거야 I'll see you die at my feet, eternally I smash your face 내가 네 두개골을 반으로 쪼개자 얼굴 뼈가 무너져내려 Facial bones collapse as I crack your skull in half 눌러 터뜨리는 Crushing 두개골 Cranial 내용물 Contents 콧물 빼다가 눈알 뽑는다 Draining the snot, I rip out the eyes 손에 쥐어짜면 신경이 베인다 Squeezing them in my hands, nerves are incised 내 무기 바닥의 살을 벗겨내고 있어 Peeling the flesh off the bottom of my weapon 무의식적으로 얼굴 부위를 펄프화함 Involuntarily pulpifying facial regions 고생하다가 죽는다 Suffer and then you die 고문, 고문을 분쇄하다 Torture, torture pulverized 내 육감과 하나가 되어 At one with my sixth sense 내 마음대로 죽여도 좋아 I feel free to kill as I please 누구도 날 막을 수 없어 No one can stop me 죽이기 위해 창조된 대학살은 계속된다 Created to kill, carnage continues 인간의 얼굴 조직을 폭력적으로 재형성 Violently re-shaping human facial tissue 잔인함이 나의 식욕이 되다 Brutality becomes my appetite 폭력은 이제 삶의 방식이다 Violence is now a way of life 썰매는 고문을 위한 도구야 The sledge's my tool to torture 이마를 두드리면서 As it pounds down on your forehead",이재빈 (78.159) 2024.03.03 03:09:14 스크랩 조회 128 추천 1 댓글 0,1,128,2024.03.03 03:09:14,https://gall.dcinside.com/mini/board/view/?id=seilhs&no=4490&page=9
9,4489,[일반],박종민 어떻냐,담임인데 예비소집 가 보니 좀 ㅈ된 거 같음,ㅇㅇ (223.38) 2024.03.02 18:26:32 스크랩 조회 459 추천 0 댓글 1,0,459,2024.03.02 18:26:32,https://gall.dcinside.com/mini/board/view/?id=seilhs&no=4489&page=9
9,4488,[일반],이아람 ㅇㄸ?,ㅇ?,이재빈 (104.28) 2024.03.02 13:08:01 스크랩 조회 594 추천 0 댓글 2,0,594,2024.03.02 13:08:01,https://gall.dcinside.com/mini/board/view/?id=seilhs&no=4488&page=9
9,4487,[일반],1학년 수련활동 ㄱㅊ?,가도 ㄱㅊ냐?,이재빈 (121.125) 2024.03.01 18:11:56 스크랩 조회 378 추천 0 댓글 4,0,378,2024.03.01 18:11:56,https://gall.dcinside.com/mini/board/view/?id=seilhs&no=4487&page=9
9,4485,[일반],씨발년들아 아무히 디시여도 그렇지,학교 갤러리인대 별의 별 좆같은것만 올려놨네,은평구 (61.101) 2024.02.29 20:50:59 스크랩 조회 475 추천 1 댓글 0,1,475,2024.02.29 20:50:59,https://gall.dcinside.com/mini/board/view/?id=seilhs&no=4485&page=9
9,4484,[일반],3학년 5반 애들 진짜 불쌍하다,어떻게 담임이 카이스트 갱스터 마녀 ㅋㅋ,ㅇㅇ (218.52) 2024.02.29 20:03:54 스크랩 조회 500 추천 1 댓글 0,1,500,2024.02.29 20:03:54,https://gall.dcinside.com/mini/board/view/?id=seilhs&no=4484&page=9
9,4483,[일반],뭔놈의 투과목이 일주일에 8번이나 들었냐,어차피 소수만 수업 듣고 수능에서 선택하는데 ㅋ 그냥 투과목 시간엔 다 자습 주면 안 되냐 ㅈ같으니깐,ㅇㅇ (223.38) 2024.02.29 17:19:55 스크랩 조회 366 추천 2 댓글 2,2,366,2024.02.29 17:19:55,https://gall.dcinside.com/mini/board/view/?id=seilhs&no=4483&page=9
9,4482,[일반],오늘의노래,"https://youtube.com/v/O-waMIVqShg?si=ANOm15AnvLslzcvz Men's Tear(맨스티어) - AK47 [AK47]ㅣLyrics/가사 ✅ 본 영상은 가사 자막 영상입니다, 수익 창출은 되지 않습니다.► 광고 재생시 광고에 대한 수익은 저작권자에게 돌아갑니다✅ #Mens_Tear, #맨스티어, #AK47Men's Tear(맨스티어) - AK47 [AK47]ㅣLyrics/가사✅ 타임스탬프00:00 타임라인 : K$A... youtube.com Ak47맞고 사망한 외할머니~",ㅇㅇ (14.5) 2024.02.29 15:10:43 스크랩 조회 104 추천 0 댓글 0,0,104,2024.02.29 15:10:43,https://gall.dcinside.com/mini/board/view/?id=seilhs&no=4482&page=9
9,4481,[일반],신입생중에 예쁜애있더라,ㄹㅇ,ㅇㅇ (14.5) 2024.02.29 15:06:34 스크랩 조회 660 추천 0 댓글 2,0,660,2024.02.29 15:06:34,https://gall.dcinside.com/mini/board/view/?id=seilhs&no=4481&page=9
9,4478,[일반],오늘의 노래애애애애애ㅐㅇ,https://youtu.be/gZ6RV86bVJM,이재빈 (61.101) 2024.02.28 21:00:06 스크랩 조회 147 추천 1 댓글 0,1,147,2024.02.28 21:00:06,https://gall.dcinside.com/mini/board/view/?id=seilhs&no=4478&page=9
9,4474,[일반],누군진 모르겠지만,밑에 씨발 좆같은 거 그만 올려라,세일고암흑의은둔고수 2024.02.28 02:50:05 스크랩 조회 354 추천 6 댓글 1,6,354,2024.02.28 02:50:05,https://gall.dcinside.com/mini/board/view/?id=seilhs&no=4474&page=9
9,4473,[일반],의외로 남자들이 좋아하는거.JIP,https://youtu.be/FTkwOmzI_Xc?si=S9uIwQdqoUEDt https://youtu.be/FTkwOmzI_Xc?si=S9uIwQdqoUEDt-D9 [짱구는 못말려] 짱구의 얼음 먹방 짱구는 못말려 15기 눈사람이 한이 맺혔데요 youtu.be [짱구는 못말려] 짱구의 얼음 먹방 짱구는 못말려 15기 눈사람이 한이 맺혔데요 youtu.be 아님말고......,이재빈 (112.171) 2024.02.27 23:04:59 스크랩 조회 276 추천 2 댓글 0,2,276,2024.02.27 23:04:59,https://gall.dcinside.com/mini/board/view/?id=seilhs&no=4473&page=9
9,4472,[일반],꿀팁)) 잠 바로깨는 스트레칭법 알려준다,https://www.youtube.com/shorts/bibqYOvplEE 남스머의 스트레칭  #트위치 #BL #스트리머 남스머의 스트레칭  #트위치 #BL #스트리머 www.youtube.com,이재빈 (125.180) 2024.02.27 22:48:43 스크랩 조회 342 추천 5 댓글 3,5,342,2024.02.27 22:48:43,https://gall.dcinside.com/mini/board/view/?id=seilhs&no=4472&page=9
9,4471,[일반],세일고 신입생 필수시청영상 개중요함 X100,https://youtu.be/lkHfeWCgxos?si=M9nwCOwb6Hxo_G5i 돌핀을 입은 남자 스트리머의 룰렛 합방 #트위치 #스트리머 #BL 트위치에서 방송하고 있어요. 놀러오세용!트위치 : https://www.twitch.tv/kangha23디스코드 : https://discord.com/invite/pH92gXX5yE youtu.be,이재빈 (14.5) 2024.02.27 17:05:20 스크랩 조회 403 추천 3 댓글 0,3,403,2024.02.27 17:05:20,https://gall.dcinside.com/mini/board/view/?id=seilhs&no=4471&page=9
9,4470,[일반],축구 선수 우레이 레전드,https://www.youtube.com/watch?v=xgzxpVxAQZk [DDR] Rabbit Hole (feat. Hatsune Miku) - @channelcaststation This video is sped uphttps://linktr.ee/coweyeTitle : Rabbit Hole (feat. Hatsune Miku)Artist : @DECO27 Animator : @channelcaststation Source : https://twitter... www.youtube.com ㄷㄷ,이재빈 (125.180) 2024.02.27 17:00:51 스크랩 조회 221 추천 6 댓글 2,6,221,2024.02.27 17:00:51,https://gall.dcinside.com/mini/board/view/?id=seilhs&no=4470&page=9
9,4466,[일반],오늘 노래,https://youtu.be/FW2Fdun5CXg ?si=voM8oB6O1d9YQX0l [한국어 자막] 러시아의 봄(Русская весна) · 데데테(ДДТ) 오역 및 의견은 댓글로 달아주세요. 감사합니다!러시아의 봄(Русская весна)앨범 Галя ходи(2018) 수록 youtu.be 요즘 유튜브서 장수퀴즈 보는데 잼씀 우리 학우들도 보셈,방과후티타임 2024.02.26 06:25:18 스크랩 조회 119 추천 1 댓글 0,1,119,2024.02.26 06:25:18,https://gall.dcinside.com/mini/board/view/?id=seilhs&no=4466&page=9
9,4465,[일반],오늘의노래,https://youtu.be/VCl_CWhvW1U?si=NYqZZpv97GwmY1e 캔(Can) 내 생에 봄날은 (가사 첨부) 발매 2001.12비릿내 나는 부둣가를 내 세상처럼 누벼가며두 주먹으로 또 하루를 겁없이 살아간다희망도 없고 꿈도 없이 사랑에 속고 돈에 울고기막힌 세상 돌아보면 서러움에 눈물이나비겁하다 욕하지마 더러운 뒷골목을 해메고 다녀도내상처를 끌어 안은 그대가 곁에 있어 행복했다촛불처럼 짧... youtu.be 낭만뒤짐,방과후티타임 2024.02.25 15:48:33 스크랩 조회 112 추천 1 댓글 2,1,112,2024.02.25 15:48:33,https://gall.dcinside.com/mini/board/view/?id=seilhs&no=4465&page=9
9,4463,[일반],저 08년생 신입생인데,예비 소집일 날 갔는데 남자 밖에 없던데 남고 였나요??,이재빈 (125.180) 2024.02.24 23:19:17 스크랩 조회 478 추천 4 댓글 1,4,478,2024.02.24 23:19:17,https://gall.dcinside.com/mini/board/view/?id=seilhs&no=4463&page=9
9,4462,[일반],오늘의 노래,https://youtu.be/mbwxzFY0RI0?si=veRRnZmaz7NonoiU TVアニメ「アキバ冥途戦争」第1話挿入歌／『純情メイドぶっころ主KISS』 TVアニメ「アキバ冥途戦争」Blu-ray第3巻の発売を記念して、第1話挿入歌として放送された『純情メイドぶっころ主KISS』の映像を期間限定で公開！&#x1f53d; アキバ冥途戦争 Blu-ray 第3巻 &#x1f53d;【初回生産限定特典】&#x1f311;舞台「アキバ冥途戦争」チケット最速抽選販売申込券・公演日程：2023年9月6日(水)&#x27b0;9月10日... youtu.be 큥★큥♡~!!!!!!!!!!!!!!!!!!,이재빈 (112.171) 2024.02.24 23:16:05 스크랩 조회 130 추천 5 댓글 1,5,130,2024.02.24 23:16:05,https://gall.dcinside.com/mini/board/view/?id=seilhs&no=4462&page=9
9,4461,[일반],지듣,https://youtu.be/TrGxxK-SuT8?si=ITf_iikPL42iLGfc 요네즈 켄시 「도넛 홀」 M/V 한글자막 originalMV:ハチ MV「ドーナツホール」HACHI / DONUT HOLEhttps://youtu.be/qnX2CdOBcDI youtu.be 굿모닝입니다 다들~!,방과후티타임 2024.02.24 05:48:42 스크랩 조회 85 추천 0 댓글 0,0,85,2024.02.24 05:48:42,https://gall.dcinside.com/mini/board/view/?id=seilhs&no=4461&page=9
10,4460,[일반],오늘의 사자성어,"https://youtu.be/q7eGxBNtdlY?si=DH 이탈리아 가요 - 폰타나 광장(Piazza Fontana, 1976) 작사/작곡/노래: 유 쿵(Yu Kung)오역이 있을 수도 있습니다.- 가사 전문 -Il pomeriggio del dodici Dicembre12월 12일 오후,(폰타나 광장 폭탄테러 발생일)in piazza del Duomo c'è l'abete illuminato두오모 광장에는... youtu.be 사실 오늘의 노래야!",방과후티타임 2024.02.23 03:28:26 스크랩 조회 80 추천 1 댓글 0,1,80,2024.02.23 03:28:26,https://gall.dcinside.com/mini/board/view/?id=seilhs&no=4460&page=10
10,4459,[일반],24학년도 입학생인데 좆된거냐?,뭘 기대하고 들어온거임 세일고라곤 안했다 병신들아 ㅋㅋㅋ - dc official App,이재빈 (58.234) 2024.02.23 01:52:18 스크랩 조회 438 추천 0 댓글 2,0,438,2024.02.23 01:52:18,https://gall.dcinside.com/mini/board/view/?id=seilhs&no=4459&page=10
10,4458,[일반],24학년도 입학생 축하한다,ㅋㅋㅋㅋㅋㅋㅋㅋㅋㅋㅋㅋㅋㅋㅋㅋㅋㅋㅋㅋㅋㅋㅋㅋㅋㅋㅋㅋㅋㅋㅋㅋㅋㅋㅋㅋㅋㅋㅋㅋㅋㅋㅋㅋㅋㅋㅋㅋㅋㅋㅋㅋㅋㅋㅋㅋㅋㅋㅋㅋㅋㅋㅋㅋㅋㅋㅋㅋㅋㅋㅋㅋㅋㅋㅋㅋㅋㅋㅋㅋㅋㅋㅋㅋㅋㅋㅋㅋㅋㅋㅋㅋㅋㅋㅋㅋㅋㅋㅋㅋㅋㅋㅋㅋㅋㅋㅋㅋㅋㅋㅋㅋㅋㅋㅋㅋㅋㅋㅋㅋㅋㅋㅋㅋㅋㅋㅋㅋㅋㅋㅋㅋㅋㅋㅋㅋㅋㅋㅋㅋㅋㅋㅋㅋㅋㅋㅋㅋㅋㅋㅋㅋㅋㅋㅋㅋㅋㅋㅋㅋㅋㅋㅋㅋㅋㅋㅋㅋㅋㅋㅋㅋㅋㅋㅋㅋㅋㅋ,이재빈 (14.5) 2024.02.22 23:03:19 스크랩 조회 189 추천 1 댓글 0,1,189,2024.02.22 23:03:19,https://gall.dcinside.com/mini/board/view/?id=seilhs&no=4458&page=10
10,4457,[일반],오댕힐 오댕랜드 오댕마운틴,오뎅 입안에 재데로쏴,메탈헤드 (210.183) 2024.02.22 16:40:50 스크랩 조회 140 추천 0 댓글 2,0,140,2024.02.22 16:40:50,https://gall.dcinside.com/mini/board/view/?id=seilhs&no=4457&page=10
10,4455,[일반],오늘의 음악,https://youtu.be/rZnw6xKmAmI ?si=jaucOIQoSYnv8WqW 이미 슬픈 사랑 Provided to YouTube by CONSALAD이미 슬픈 사랑 · 야다Wear To Healing℗ 쿠킹뮤직Released on: 1999-04-27Auto-generated by YouTube. youtu.be,방과후티타임 2024.02.22 03:37:56 스크랩 조회 106 추천 0 댓글 0,0,106,2024.02.22 03:37:56,https://gall.dcinside.com/mini/board/view/?id=seilhs&no=4455&page=10
10,4454,[일반],2학년 4반인사람,ㅊㅊ,이재빈 (219.241) 2024.02.22 00:22:27 스크랩 조회 266 추천 0 댓글 2,0,266,2024.02.22 00:22:27,https://gall.dcinside.com/mini/board/view/?id=seilhs&no=4454&page=10
10,4453,[일반],요즘 다른학교애들도 세일고 내려치기 ㅈㄴ심하네 ㅋㅋ,씨발 ㅋㅋ 인천 ㅈ반고한테도 까이는건 서럽노,이재빈 (223.38) 2024.02.21 22:22:32 스크랩 조회 398 추천 0 댓글 1,0,398,2024.02.21 22:22:32,https://gall.dcinside.com/mini/board/view/?id=seilhs&no=4453&page=10
10,4452,[일반],졸업생 틀딱이다,나 현역때는 갤 ㅈㄴ 잘 돌아갔는데 좆망했노,이재빈 (125.180) 2024.02.21 18:42:48 스크랩 조회 236 추천 0 댓글 2,0,236,2024.02.21 18:42:48,https://gall.dcinside.com/mini/board/view/?id=seilhs&no=4452&page=10
10,4451,[일반],SONG OF TODAY,"[4k,한글] 아이돌마스터 극장판 OST - M@STERPIECE (빛의저편으로 아이마스 마스터피스) THE IDOLM@STER - M@STERPIECEthe idolmaster - masterpiece youtu.be [4k,한글] 아이돌마스터 극장판 OST - M@STERPIECE (빛의저편으로 아이마스 마스터피스) THE IDOLM@STER - M@STERPIECEthe idolmaster - masterpiece youtu.be https://youtu.be/bsbNFhdNiac?si=p6C5yGusS7TerN_9 감사합니다",방과후티타임 2024.02.21 02:44:55 스크랩 조회 109 추천 0 댓글 0,0,109,2024.02.21 02:44:55,https://gall.dcinside.com/mini/board/view/?id=seilhs&no=4451&page=10
10,4450,[급식],예비고1질문,세일고 체육복으로 등하교 됨?,ㅇㅇ (121.125) 2024.02.21 02:02:19 스크랩 조회 274 추천 0 댓글 4,0,274,2024.02.21 02:02:19,https://gall.dcinside.com/mini/board/view/?id=seilhs&no=4450&page=10
10,4449,[일반],오늘의 노래,https://youtu.be/avAfAZ6d-Rg?si=KqHI9tF0iQPlsK4k EZ DO DANCE (THUNDER STORM ver.) 더빙 이지 두 댄스알렉타이가 더빙 youtu.be 시끄러워!!!!!!!!!!!!!!!!!!!!!!!!!!!!!! 니시무라카즈키 당장나와!!!!!!!!!!!!!!!!!!!,이재빈 (112.171) 2024.02.20 23:31:17 스크랩 조회 118 추천 11 댓글 0,11,118,2024.02.20 23:31:17,https://gall.dcinside.com/mini/board/view/?id=seilhs&no=4449&page=10
10,4447,[일반],진짜 개같네,왜 지들이 반부장 되놓고 왜 처 안나오냐 장애들 진짜ㅋㅋ 하질 말던가 다 뒤졌냐?,이재빈 (121.125) 2024.02.19 18:27:40 스크랩 조회 288 추천 7 댓글 3,7,288,2024.02.19 18:27:40,https://gall.dcinside.com/mini/board/view/?id=seilhs&no=4447&page=10
10,4446,[일반],학교 왜이러냐,예비소집도 사이트로만 공지하고 한번 더 부른다더니 아직도 올라온게 없네,이재빈 (218.148) 2024.02.19 08:42:34 스크랩 조회 421 추천 0 댓글 3,0,421,2024.02.19 08:42:34,https://gall.dcinside.com/mini/board/view/?id=seilhs&no=4446&page=10
10,4445,[일반],오늘의 노래,https://youtu.be/A12Y0QGv0bo,바나나주스 2024.02.19 01:00:05 스크랩 조회 85 추천 0 댓글 0,0,85,2024.02.19 01:00:05,https://gall.dcinside.com/mini/board/view/?id=seilhs&no=4445&page=10
10,4444,[일반],오늘의 노래,https://youtu.be/3pYqVj-FyBk?si=O535nxrbzXV8476S Can't Take My Eyes off You Provided to YouTube by Warner RecordsCan't Take My Eyes off You · Morten HarketConeheads℗ 1993 Warner Records Inc.Producer: Stephen HagueComposer: Bob Gaudio... youtu.be 영업 재개 하겠습니다~,방과후티타임 2024.02.18 23:50:13 스크랩 조회 60 추천 0 댓글 0,0,60,2024.02.18 23:50:13,https://gall.dcinside.com/mini/board/view/?id=seilhs&no=4444&page=10
10,4442,[일반],좆같은 학교,뭔 학교가 이리 좆같음,이재빈 (223.38) 2024.02.18 12:19:12 스크랩 조회 198 추천 1 댓글 1,1,198,2024.02.18 12:19:12,https://gall.dcinside.com/mini/board/view/?id=seilhs&no=4442&page=10
10,4436,[일반],선배님들 강수진 지금까지 몇학년 몇 반 맡았는지 알 수 있나요?,이 게시물을 보셨다면 몇년도에 몇헉년 몇 반 담임 맡았는지 좀 써 주세요3학년 4반이라 작년에 3학년 5반 맡은 강수진이 담임이 아닐 거 같긴 한데 혹시 몰라서요 참고로 고물이 올해부로 사라져서 3학년은 4반 5반 모두 물2화2 선택자들입니다,ㅇㅇ (218.52) 2024.02.13 13:40:27 스크랩 조회 624 추천 0 댓글 2,0,624,2024.02.13 13:40:27,https://gall.dcinside.com/mini/board/view/?id=seilhs&no=4436&page=10
10,4435,[일반],3학년 1반은 선생이 누구더냐,어서 답변을 내오지 못할까,앤갤러 (58.120) 2024.02.12 21:51:41 스크랩 조회 358 추천 0 댓글 2,0,358,2024.02.12 21:51:41,https://gall.dcinside.com/mini/board/view/?id=seilhs&no=4435&page=10
10,4434,[일반],오늘의 노래~,https://youtu.be/3_wFF9joFU0?si=judnmBfVJVSDk3qv パぺピプ☆ロマンチック Provided to YouTube by Marvelous Inc.パぺピプ☆ロマンチック · Chihaya Yoshitake「スター☆トゥインクルプリキュア」主題歌シングル【通常盤】OP：キラリ&#x1f320;スター☆トゥインクルプリキュア／ED：パぺピプ☆ロマンチック℗ Marvelous Inc.Releas... youtu.be 귀엽고 상큼한 노래입니다~,방과후티타임 2024.02.11 01:23:55 스크랩 조회 92 추천 0 댓글 0,0,92,2024.02.11 01:23:55,https://gall.dcinside.com/mini/board/view/?id=seilhs&no=4434&page=10
10,4433,[일반],하다,심심,이재빈 (223.39) 2024.02.10 12:34:22 스크랩 조회 122 추천 0 댓글 0,0,122,2024.02.10 12:34:22,https://gall.dcinside.com/mini/board/view/?id=seilhs&no=4433&page=10
10,4432,[일반],강수진은 3학년 5반 담임 고정이냐?,난 4반이라 다행이다,ㅇㅇ (218.52) 2024.02.09 18:38:33 스크랩 조회 486 추천 1 댓글 2,1,486,2024.02.09 18:38:33,https://gall.dcinside.com/mini/board/view/?id=seilhs&no=4432&page=10
10,4431,[일반],유전자와 시스템생물학에 대한 생각,"생명활동을 제어하는것은 유전자냐 유기체시스템이냐를 따지는건 오래된 논쟁이었다. 전자의 주장은 '이기적 유전자'라는 책에 나오는 주장으로 대중들이 널리 알고있고 후자는 시스템생물학이라는 분야에서 주장하는 내용이다. 나는 이 둘중 유전자보다는 유기체시스템의 손을 들어주고 싶다. 이기적유전자로 대변되는 유전자중심주의에서 나타나는 문제와 모순의 지적은 이미 여러가지가 나와있다. (환경에 따라 달라지는 근성장, 생물의 혈육간 유전자 유사성과 사회성 사이 상관관계 적음, 실제 단백질로 발현되는 유전자 비율은 매우적다는 점 등) 나는 생물학에 대해 전문적인 지식도 지니고있지 않은 방구석 중졸이지만 위의 근거 외에도 유전자만이 생물의 행동을 결정하는것이 아니라는 근거가 있다고 생각한다. 그건 바로 우리의 자의식과 생각이다. 우리는 우리의 유전자 외에도 환경이 사람의 성격과 가치관형성에 많은 영향을 미치는것을 알고 있다. 똑같은 유전자를 가진 일란성 쌍둥이라도 유복하고 건강한 환경에서 자라면 이타적이고 따뜻한 성품을 가지게 되고, 열악하고 어두운 환경에서 자란 사람은 배타적이고 이기적인 성품을 가지게 될것이다. 이 둘은 같은 유전자를 가지고 있음에도 같은 상황에서 다르게 행동할 것이다. 이기적 유전자에는 이런 내용이 나온다. 생물이 자신의 혈육을 위해 희생하는것은 유전적 유사도가 높은 혈육을 살리는것이 유전자 존속에 유리하기 때문이라는 내용이다. 그렇다면 위의 두 사람을 타인을 위한 희생을 선택할수 있는 상황에 놓으면 어떻게 될까 이타적인 성품으로 자란 아이는 자신의 혈육은 물론이고 심지어는 자신과 유전자가 전혀 유사하다고 판단할수 없는 미물을 위해서도 희생할지도 모른다. 반면 배타적이고 이기적인 성품의 아이는 유전자 유사도가 매우 높은 혈육을 위해서도 희생하지 않으려 할것이다. 만약 유전자가 자신의 존속만을 위해 생물의 행동을 조종한다면 절대 있을수 없는 결과다. 단순히 이런 상황 외에도, 유전자가 모든것을 결정하는게 아니라는 사례는 많이 찾아볼 수 있다. 그럼에도 이 '이기적 유전자' 사상에 심취해 유전자를 신격화하는 유전자 쿨찐들은 상당히 무식하고 단순한 생각을 가졌다고 생각한다. 지난번에 사회과학 한타임 했으니까 이번엔 자연과학 다음시간에 봐요~",방과후티타임 2024.02.09 15:57:35 스크랩 조회 207 추천 0 댓글 2,0,207,2024.02.09 15:57:35,https://gall.dcinside.com/mini/board/view/?id=seilhs&no=4431&page=10
10,4430,[일반],세일고 부럽노,전설의 명교장 이재빈을 만날 수 있고 시험도 어려워서 좋은 대학 갈 수 있다면서 그리고 남고라 여친 사귈일도 없고 얼마나 좋노 최고의 학교에 다니는 세붕이들 부럽습니노 역시 인천의 자랑 세일고 ㄷㄷ - dc official App,이재빈 (61.84) 2024.02.08 19:18:34 스크랩 조회 431 추천 2 댓글 2,2,431,2024.02.08 19:18:34,https://gall.dcinside.com/mini/board/view/?id=seilhs&no=4430&page=10
10,4429,[일반],세일고 탐구과목 몇 개 하나용,- dc official App,이재빈 (58.238) 2024.02.08 13:32:37 스크랩 조회 257 추천 0 댓글 3,0,257,2024.02.08 13:32:37,https://gall.dcinside.com/mini/board/view/?id=seilhs&no=4429&page=10
10,4428,[일반],새벽의 지듣노,"https://youtu.be/v_Z60ahrb6Q?si= 박완규 - 천년의 사랑 [가사/Lyrics] 박완규 - 천년의 사랑 [가사/Lyrics]#박완규 #천년의사랑발매 : 1999.09.08아티스트 : 박완규앨범 : 천년지애작곡 : 유해준작사 : 이현규편곡 : 유해준해당 영상은 수익 창출이 되지 않으며, 광고와 같은 수익은 저작권 소유자에게 갑니다.저작권 소유자에 의해 해당 영상... youtu.be 오늘은 발라드",방과후티타임 2024.02.08 03:18:24 스크랩 조회 89 추천 0 댓글 0,0,89,2024.02.08 03:18:24,https://gall.dcinside.com/mini/board/view/?id=seilhs&no=4428&page=10
10,4427,[일반],반배정 ㅈ같네,ㅅㅂ,ㅇㅇ (218.52) 2024.02.07 13:07:25 스크랩 조회 259 추천 0 댓글 0,0,259,2024.02.07 13:07:25,https://gall.dcinside.com/mini/board/view/?id=seilhs&no=4427&page=10
10,4426,[일반],재빈이 오늘봤는데,머리 더 벗겨진거같은데?,이재빈 (58.127) 2024.02.07 12:57:07 스크랩 조회 288 추천 0 댓글 0,0,288,2024.02.07 12:57:07,https://gall.dcinside.com/mini/board/view/?id=seilhs&no=4426&page=10
10,4425,[일반],3학년 1반인새끼들,댓글에 이름 적어라,ㅇㅇ (223.39) 2024.02.07 11:42:51 스크랩 조회 210 추천 0 댓글 0,0,210,2024.02.07 11:42:51,https://gall.dcinside.com/mini/board/view/?id=seilhs&no=4425&page=10
10,4424,[일반],오늘의 지듣노,"https://youtu.be/eGXJs7zOHC4?si=dg1xWLpFCtFx1xIH Secret Garden (비밀의 화원) Provided to YouTube by Kakao EntertainmentSecret Garden (비밀의 화원) · IUA flower bookmark℗ 2017 Fave Entertainment,under license to Kakao EntertainmentReleased ... youtu.be 개근 실패가 아쉽지만 새마음 새출발",방과후티타임 2024.02.07 03:47:05 스크랩 조회 69 추천 0 댓글 0,0,69,2024.02.07 03:47:05,https://gall.dcinside.com/mini/board/view/?id=seilhs&no=4424&page=10
10,4423,[일반],저출산과 이민에 대한 생각,"대한민국의 사회문제라고 했을때 가장 먼저 떠오를 단어중 하나는 바로 저출산일 것이다. 저출산 문제는 20년전부터 꾸준히 제기되어온 문제였고, 최근에는 출산율이 점점 줄어들며 0.7명 선이 붕괴되냐 안되냐를 논하는 지경에 이르렀다. 정치권에서도 저출산 해결에 대한 논쟁이 끊이지 않고 학교에서는 저출산시대에 대해 교육한다. 이렇듯 저출산은 대한민국의 국민이라면 모두가 인지하고 있는 문제이다. 그렇다고 알기만 하고 손놓고 있는 문제는 아니다. 저출산 문제가 제기된 이후 저출산 해결을 위한 정책적 시도는 끊임없이 이루어졌다. 그럼에도 해결의 기미는 전혀 보이지 않고 출산율은 바닥을 모르고 떨어지는 이유는 무엇일까. 정치인들의 무능? 극에달한 남녀갈등? 사회의 개인주의화? 전통적 가족 시스템의 붕괴? 어느것도 이유가 될 수 있다. 하지만 저출산은 우리나라에서만 문제가 되는건 아니다. 21세기 들어 유럽의 많은 선진국들, 옆나라 중국과 일본, 동남아 중진국들, 남미, 중동 국가들까지 크고작음의 차이는 있지만 전부 저출산을 겪고 있다. 그리고 이들 국가중 효과적으로 저출산을 해결해낸 국가는 아직까지 없다. 한마디로, 저출산은 우리나라만의 문제가 아니라 전세계적 흐름이라고 보아야한다. 앞으로도 수십년간 저출산을 해결해내기는 어려울것이고, 우리나라는 꾸준한 인구감소를 겪어야 할것이다. 저출산 해결을 위한 방안으로는 많은 논의가 있었고 수도권 밀집을 해결해야한다느니 집값을 잡아야한다느니 결혼출산시 혜택을 늘려야 한다느니 하는 많은 주장들이 있다. 하지만 이것들은 내가 이번에 다룰 내용들은 아니다. 이런 해결책들은 계속 제시되었고 수십조의 예산이 사용되었으나 감소세를 전혀 멈추지 못했다. 저출산의 수렁에서 빠져나오기 위해 이제 우리나라는 이민정책의 확대가 필요하다. 저출산이 위기인 이유는 단순 인구감소가 아닌 생산가능인구의 감소에 있다. 저출산과 고령화 현상이 발생하면서 전체인구 대비 생산가능인구의 수가 줄어들게되어 청년층의 부양부담이 늘어나고 성장은 정체되고 점점 죽어가는 사회로 변하게 된다. 지금의 출산율 추이로 봤을때 수십년 내로 이루어질 생산인구의 감소는 필연적이고, 이때 생산가능인구를 효과적으로 충당할 수 있는 방법으론 이민이 있다. 전세계의 많은 국가들이 출산율 2.0 미만의 저출산 상태에 있다고 해도, 여전히 세계의 인구는 늘어나고 있는데 이는 일부 개발도상국의 출산율이 2.0~4.0 수준에 머무르고 있기 때문이다. 높은 출산율의 개발도상국에는 젊은 인력이 많고, 이들의 이민을 수용한다면 생산가능인구를 충당하면서 동시에 출산율을 일시적으로 올릴 수 있다. 적극적인 이민정책을 편 선진국국가중 미국과 프랑스는 1.7 1.8 정도의 출산율로 저출산을 어느정도 극복한 모습을 보이고 있고 많은 유럽 선진국들이 이민의 문을 열고 있다. 이미 수많은 국가들이 저출산으로 골머리를 썩고 있고, 머지않아 많은 선진국들이 개도국출신 이민자 유치를 위해 경쟁할 것이다. 우리나라는 지금까지 매우 까다롭고 배타적인 이민정책을 유지하고 있고 이민장벽이 높은 편이다. 이러한 이민정책이 유지된다면 앞으로 있을 이민경쟁에서 경쟁력을 가질 수 없을것이고 저출산문제는 더욱 해결하기 어려울 것이다. 뭏혼 수백년간 단일민족국가로만 살아온 우리나라의 국민들이 외국인 이민을 받아들이기는 쉽지 않을것이다. 그러나 우리나라는 현재 전세계에서 가장 낮은 출산율을 가지고 있고, 이민경쟁에서 앞서나가도 모자라는 상황이다. 앞으로 우리나라가 이민정책에 적극적으로 임하느냐 소극적으로 임하느냐는 대한민국이 존속하는가와 직결된 문제가 된다. 우리나라는 국가의 존속을 위해서라도 한민족의 국가라는 자존심을 내려놓고 적극적으로 해외이민자를 받아야 할것이다. 요새 너무 뻘글만 쓴거같아서 정성글을 써보아요~",방과후티타임 2024.02.05 22:15:28 스크랩 조회 788 추천 1 댓글 1,1,788,2024.02.05 22:15:28,https://gall.dcinside.com/mini/board/view/?id=seilhs&no=4423&page=10
10,4422,[일반],오늘의 상식,방과후티타임 = 세일고에선찐따였던내가세일고갤에선호감고닉 이다.,ㅇㅇ (223.39) 2024.02.05 08:03:13 스크랩 조회 146 추천 1 댓글 2,1,146,2024.02.05 08:03:13,https://gall.dcinside.com/mini/board/view/?id=seilhs&no=4422&page=10
10,4421,[일반],오늘의,https://youtu.be/0TAY6q_L5Iw?si=x7bn8UgJtqY9I2S1 너의 의미 Provided to YouTube by Collab Asia Music너의 의미 · 산울림산울림 제10집 - 너의 의미℗ 에꼴드고래Auto-generated by YouTube. youtu.be 가슴을 울리는 명곡입니다,방과후티타임 2024.02.04 22:51:58 스크랩 조회 76 추천 0 댓글 0,0,76,2024.02.04 22:51:58,https://gall.dcinside.com/mini/board/view/?id=seilhs&no=4421&page=10
10,4420,[일반],오늘의상식,세일고엔 27개 학급이 있다,방과후티타임 2024.02.03 04:54:42 스크랩 조회 98 추천 0 댓글 0,0,98,2024.02.03 04:54:42,https://gall.dcinside.com/mini/board/view/?id=seilhs&no=4420&page=10
10,4419,[일반],오늘의지,https://youtu.be/f3G0_ZQsDZo ?si=GXTdqj7UEc0PUuJ8 노래방 애창곡,방과후티타임 2024.02.02 07:40:27 스크랩 조회 108 추천 0 댓글 0,0,108,2024.02.02 07:40:27,https://gall.dcinside.com/mini/board/view/?id=seilhs&no=4419&page=10
10,4418,[일반],2024년 여름방학 10일이라는데 이게 맞냐?,올해 겨울에 무슨 대공사를 하는 것도 아닌데 왜 여름방학이 10일밖에 안 되냐? 여름에도 좀 쉬게 해 주면 안 됨? 가뜩이나 고3은 겨울방학 긴 거 ㅈ도 의미 없는데 교장 씨발새끼 학교에서 공부 하나도 안 된다고,ㅇㅇ (223.38) 2024.02.01 20:30:50 스크랩 조회 378 추천 0 댓글 6,0,378,2024.02.01 20:30:50,https://gall.dcinside.com/mini/board/view/?id=seilhs&no=4418&page=10
10,4417,[일반],오늘의지듣,https://youtu.be/4N3N1MlvVc4 ?si=utSPR4wKZWcd8l7S 시대를 타지 않는 명곡이네요,방과후티타임 2024.02.01 04:08:21 스크랩 조회 82 추천 0 댓글 0,0,82,2024.02.01 04:08:21,https://gall.dcinside.com/mini/board/view/?id=seilhs&no=4417&page=10
10,4416,[일반],오늘의 상식 01.31,학교가기 ㅈㄴ싫다,방과후티타임 2024.01.31 04:06:33 스크랩 조회 115 추천 0 댓글 1,0,115,2024.01.31 04:06:33,https://gall.dcinside.com/mini/board/view/?id=seilhs&no=4416&page=10
10,4415,[일반],옹늘읭 징듣농,https://youtu.be/UjLnvXpkq68 ?si=8Vev-GwNyfrwvD9a AI 이미지가 생성되었습니다. 새로고침(F5) 해 주세요. 프롬프트 judedno 네거티브 프롬프트 샘플링 DPM++ 2M Karras 스타일 None 그렇네요,방과후티타임 2024.01.30 04:34:58 스크랩 조회 156 추천 1 댓글 1,1,156,2024.01.30 04:34:58,https://gall.dcinside.com/mini/board/view/?id=seilhs&no=4415&page=10
10,4414,[일반],오늘의 상식 01.29,"한국어의 단어 '맞다'는 형용사가 아닌 동사이기 때문에 현제시제 서술형으로 사용될 때 '맞다' 그대로 사용될 수 없다 그 대신, 현재시제 선어말어미 -는-을 넣어 써야한다. 예) 네 말이 맞다 (X) 네 말이 맞는다(O) 오랜만에 유익했네요 다음시간에 봐요 안녕~",방과후티타임 2024.01.29 08:23:13 스크랩 조회 127 추천 0 댓글 0,0,127,2024.01.29 08:23:13,https://gall.dcinside.com/mini/board/view/?id=seilhs&no=4414&page=10
10,4413,[일반],오늘의 지듣노,https://youtu.be/EhDHVDBW_xQ ?si=qSX3QgKcad07Hn8c Angel’s Dream - Aakash Gandhi You're free to use this song and monetize your video.   Free Download: http://swifttopia.com/BqGX youtu.be 이른아침 분위기와 어울리는 곡입니다 감미로운 멜로디가 인상적입니다,방과후티타임 2024.01.28 07:44:24 스크랩 조회 105 추천 2 댓글 0,2,105,2024.01.28 07:44:24,https://gall.dcinside.com/mini/board/view/?id=seilhs&no=4413&page=10
10,4412,[일반],담배,겨울담배 추천,이재빈 (118.223) 2024.01.28 07:14:05 스크랩 조회 280 추천 0 댓글 1,0,280,2024.01.28 07:14:05,https://gall.dcinside.com/mini/board/view/?id=seilhs&no=4412&page=10
10,4411,[일반],오늘의상식 01.27,북반구와 남반구의 계절은 반대다,방과후티타임 2024.01.27 02:37:36 스크랩 조회 93 추천 0 댓글 0,0,93,2024.01.27 02:37:36,https://gall.dcinside.com/mini/board/view/?id=seilhs&no=4411&page=10
10,4410,[일반],오늘의 노래추천,https://youtu.be/5CSNv9MNEC4?si=o Don't say Provided to YouTube by ポニーキャニオンDon't say youtu.be 고거슨 바로 케이온 노래 goat 돈세레,방과후티타임 2024.01.26 02:30:15 스크랩 조회 102 추천 0 댓글 0,0,102,2024.01.26 02:30:15,https://gall.dcinside.com/mini/board/view/?id=seilhs&no=4410&page=10
10,4409,[일반],오늘의 상식 01.25,덴마크의 수도는 코펜하겐이다,방과후티타임 2024.01.25 02:30:18 스크랩 조회 137 추천 0 댓글 2,0,137,2024.01.25 02:30:18,https://gall.dcinside.com/mini/board/view/?id=seilhs&no=4409&page=10
10,4408,[일반],오늘의 한자성어 - 과유불급,"과한것은 부족한것보다 못하다 라는 뜻이다. 문장 ㄱ 1. 뭐든지 과유불급이니 욕심을 부리지 말자. 세일고 학우들은 지나ㅣ지도, 부족하지도 않은 중용의 덕을 지키며 살아가기 바랍니다 안녕 ! ! !       !!",방과후티타임 2024.01.24 02:40:43 스크랩 조회 176 추천 0 댓글 2,0,176,2024.01.24 02:40:43,https://gall.dcinside.com/mini/board/view/?id=seilhs&no=4408&page=10
10,4407,[일반],제발 담임 잘 만나야 되는데,ㅈㅂ,ㅇㅇ (218.52) 2024.01.23 14:43:31 스크랩 조회 287 추천 0 댓글 0,0,287,2024.01.23 14:43:31,https://gall.dcinside.com/mini/board/view/?id=seilhs&no=4407&page=10
10,4406,[일반],오늘의 한자성어- 기우,"기인지우 라고도 불리며, 가능성이 희박한 일을 쓸데없이 걱정할떄 쓰는 말입니다. 오랜만에 문장을 만들어볼까요? 1. 기우러진 운동장 감사합니다.",방과후티타임 2024.01.23 02:29:14 스크랩 조회 115 추천 0 댓글 0,0,115,2024.01.23 02:29:14,https://gall.dcinside.com/mini/board/view/?id=seilhs&no=4406&page=10
10,4405,[일반],12년도 졸업생이다,은갈치한테 진짜 뒤지게 맞고 깜지쓰고 했었는데 요새는 괜찮냐? 일하다가 갑자기 열받아서 글쓴다,ㄴㄴ (118.235) 2024.01.22 15:16:19 스크랩 조회 406 추천 1 댓글 3,1,406,2024.01.22 15:16:19,https://gall.dcinside.com/mini/board/view/?id=seilhs&no=4405&page=10
10,4404,[일반],앙기모딱,커억..컥..형먼저..간다..,08일짱 (210.92) 2024.01.22 13:54:24 스크랩 조회 148 추천 1 댓글 1,1,148,2024.01.22 13:54:24,https://gall.dcinside.com/mini/board/view/?id=seilhs&no=4404&page=10
10,4403,[일반],오늘의 한자성어- 거자필반,지난시간에 배운 회자정리의 반대말로 헤어짐이 있으면 만남이 있다는 뜻입니다. 이제 곧 새학기가 시작되고 같은반 학우들과 헤어지게 될텐데요 그래도 다음에 다시 있을 만남을 생각하며 아쉬워하지 않았으면 좋겠습니다. 그럼 다으시간에 만나요 안녕~,방과후티타임 2024.01.22 02:56:16 스크랩 조회 387 추천 0 댓글 0,0,387,2024.01.22 02:56:16,https://gall.dcinside.com/mini/board/view/?id=seilhs&no=4403&page=10
11,4402,[일반],세일고로 떨어져옴,수시는 망한거같고 정시로 가려는데 수업만 잘 따라가도 모고등급 괜찮게 나오나요?,이재빈 (125.180) 2024.01.21 16:19:41 스크랩 조회 375 추천 1 댓글 1,1,375,2024.01.21 16:19:41,https://gall.dcinside.com/mini/board/view/?id=seilhs&no=4402&page=11
11,4401,[일반],오늘의 한자성어 - 회자정리,만남이 잇으면 반드시 헤어짐이 있다는 뜻입니다. 불교에서 유래된 말이라고 하네요 세일고 학우들도 만남이 있으면 헤어짐이 있다는걸 이해하고 헤어지더라도 후회가 없도록 평소 가족과 친구들과 잘지내도록 해요 오늘은 졸려서 짧게하고 자겠습니다 그럼 다음시간에 만나요 안녕~~!!,방과후티타임 2024.01.21 05:54:56 스크랩 조회 93 추천 0 댓글 0,0,93,2024.01.21 05:54:56,https://gall.dcinside.com/mini/board/view/?id=seilhs&no=4401&page=11
11,4399,[일반],남중남고루트,밟고싶 진 않음 재붕이련들 나~가 ㅋㅋㅋㅋㅋㅋㅋㅋㅋㅋㅋㅋㅋㅋㅋㅋㅋㅋㅋㅋㅋㅋㅋㅋㅋㅋㅋㅋㅋㅋㅋㅋㅋㅋㅋㅋㅋㅋㅋㅋㅋㅋㅋㅋㅋㅋㅋㅋㅋㅋㅋㅋㅋㅋㅋㅋㅋㅋㅋㅋㅋㅋㅋㅋㅋㅋㅋㅋㅋㅋㅋㅋㅋㅋㅋㅋㅋㅋㅋㅋㅋㅋㅋ,이재빈 (58.127) 2024.01.20 02:45:26 스크랩 조회 207 추천 1 댓글 0,1,207,2024.01.20 02:45:26,https://gall.dcinside.com/mini/board/view/?id=seilhs&no=4399&page=11
11,4398,[일반],1지망 여기썼는데 좆된거임?,개구라임 ㅄ들아 떨어져서 세일온 재붕이 개추 ㅋㅋ,이재빈 (58.127) 2024.01.20 02:43:15 스크랩 조회 405 추천 10 댓글 1,10,405,2024.01.20 02:43:15,https://gall.dcinside.com/mini/board/view/?id=seilhs&no=4398&page=11
11,4397,[일반],오늘의 한자성어 - 미봉책,일시적인 눈가림으로 꾸며 대는 계책이라는 뜻이다 상황을 모면하기위해 대충 지어낸 말이나 실속없는 행동을 이야기한다. 오늘 배운 표현으로 문장을 만들어보자. 1. 그런 미봉책으로는 문제를 해결할 수 없다. 2. 그래봤자 그건 미봉책에 불과하다. 세일고 친구들은 살아가면서 임기응변을 잘 하되 미봉책으로 상황을 악화시키는 실수는 저지르지 않도록 해요~ 그럼 다음시간에. 안녕~!!,방과후티타임 2024.01.20 02:19:22 스크랩 조회 92 추천 0 댓글 0,0,92,2024.01.20 02:19:22,https://gall.dcinside.com/mini/board/view/?id=seilhs&no=4397&page=11
11,4396,[일반],16지망으로 입학하는 08게이다,이재빈이 누구냐 - dc official App,이재빈 (58.127) 2024.01.20 00:36:42 스크랩 조회 443 추천 2 댓글 6,2,443,2024.01.20 00:36:42,https://gall.dcinside.com/mini/board/view/?id=seilhs&no=4396&page=11
11,4395,[일반],곧 2지망으로 세일고 입학하는 세붕인데 질문 좀,나 좆된거임?,복노복노 2024.01.19 14:45:54 스크랩 조회 371 추천 1 댓글 5,1,371,2024.01.19 14:45:54,https://gall.dcinside.com/mini/board/view/?id=seilhs&no=4395&page=11
11,4394,[일반],반갑다 동양중학교에서온 윤남경 이다 시발아,잘부탁한다 선배 게이들아 https://youtu.be/3uQNYPMVF0Q,이재빈 (59.16) 2024.01.19 14:42:06 스크랩 조회 475 추천 9 댓글 5,9,475,2024.01.19 14:42:06,https://gall.dcinside.com/mini/board/view/?id=seilhs&no=4394&page=11
11,4393,[일반],세일고 폰 내냐,문제점 좀 알려줘,이재빈 (211.234) 2024.01.19 14:36:25 스크랩 조회 428 추천 0 댓글 2,0,428,2024.01.19 14:36:25,https://gall.dcinside.com/mini/board/view/?id=seilhs&no=4393&page=11
11,4392,[일반],오늘의 한자성어 - 서자서아자아,'글은 글대로 나는 나대로'라는 뜻으로 글을 보고는 있지만 정신은 딴데 가있어 눈에 글이 안들어오는 상황을 가리킵니다. 오늘배운 한자성어를 이용해 문장을 만들어볼까요? 1. 하루종일 교과서를 봤지만 서자서아자아라 집중하지 못했다. 공부를 하다가 집중이 안돼 서자서아자아라면 잠깐 쉬었다 하도록 해요~ 그럼 다음시간에 만나요~,방과후티타임 2024.01.19 02:10:37 스크랩 조회 141 추천 0 댓글 0,0,141,2024.01.19 02:10:37,https://gall.dcinside.com/mini/board/view/?id=seilhs&no=4392&page=11
11,4391,[일반],제일고 서울대 8명 보냈대,이제 제 > 세냐 ?,ㅇㅇ (118.235) 2024.01.18 10:25:18 스크랩 조회 405 추천 0 댓글 0,0,405,2024.01.18 10:25:18,https://gall.dcinside.com/mini/board/view/?id=seilhs&no=4391&page=11
11,4390,[일반],오늘의 한자성어 - 중구난방,衆口難防. '막기 어려울 정도로 여럿이 마구 지껄임'이라는 뜻입니다~ 의견이 모아지지 않을때나 난잡한 상황에서도 사용되네요 배운 표현을 사용해 문장을 만들어볼까요? 1) 친구들과 중구난방으로 떠들다가 교장선생님께 쓴소리를 들었다. 2) 학급회의 안건이 중구난방이라 결국 아무것도 정하지 못했다. 오늘 배운 한자성어 '중구난방' 꼭 기억하기~ 그럼 다음시간에. 안녕~@!!,방과후티타임 2024.01.18 02:25:59 스크랩 조회 114 추천 0 댓글 0,0,114,2024.01.18 02:25:59,https://gall.dcinside.com/mini/board/view/?id=seilhs&no=4390&page=11
11,4389,[일반],틀딱 졸업생 등판,이제는 대학교도 졸업해버렷으 오랜만에 세일고 근처 들렀다가 생각나서 방문한다 아무 질문이나 환영한다,이재빈 (125.180) 2024.01.17 09:45:44 스크랩 조회 246 추천 0 댓글 2,0,246,2024.01.17 09:45:44,https://gall.dcinside.com/mini/board/view/?id=seilhs&no=4389&page=11
11,4388,[일반],세일고 전학,나 이제 고2되는데 부평으로 이사가서  세일고로 전학 갈 생각인데 세일고 그렇게 안좋음? (문과임),이재빈 (182.214) 2024.01.15 22:29:42 스크랩 조회 417 추천 3 댓글 7,3,417,2024.01.15 22:29:42,https://gall.dcinside.com/mini/board/view/?id=seilhs&no=4388&page=11
11,4386,[일반],이거 좆된거냐?,시끄러워니시나카즈키내가최고란걸확실히보여주마잘봐둬라(이지두댄스이지두댄스)고투헬(쓰리투원브레이크다운)어리석은자들이여이시시한프리즘쇼는모두끝났다이제부터내가이썩어빠진프리즘쇼세계를숙청하고통치할것을이자리에서선언한다(이지두댄스)더크게노래해XTCofKOP아캔히어마보이스겟다운바로지금쏟아지는리듬속에잇츠프리즘보이즈이지두댄스아캔히어마보이스바로지금여기석양의끝에서시작된쇼한배를탄우리한곳을향해서거짓따윈모두벗어던져아무것도없는캄캄한길에서춤추는그대를알고싶어도망치는거야이대로끝이야이상할정도로눈이부셔서로의미래꿈이야기하며아픈상처달래주는나의천사이야아아아아(꺄아아악)이지고이지고웃는얼굴만이시간속을연결하고있네흐압시시한프리즘쇼는전면금지한다트리플식스의묵시록(꺄아아악)내노예로만들어주마앙골모아의감옥록(꺄아아아악)이것이스트리트의힘이다니시나카즈키당장나와라안나오면여기있는녀석들을모두끝장내주마,이재빈 (112.171) 2024.01.14 23:05:28 스크랩 조회 483 추천 6 댓글 6,6,483,2024.01.14 23:05:28,https://gall.dcinside.com/mini/board/view/?id=seilhs&no=4386&page=11
11,4385,[일반],출석,xx,이재빈 (112.171) 2024.01.14 23:02:19 스크랩 조회 78 추천 0 댓글 0,0,78,2024.01.14 23:02:19,https://gall.dcinside.com/mini/board/view/?id=seilhs&no=4385&page=11
11,4383,[일반],지금 1학년들은 전교권 성적 어케되냐,ㅇㅇ,이재빈 (1.224) 2024.01.12 09:58:02 스크랩 조회 305 추천 0 댓글 0,0,305,2024.01.12 09:58:02,https://gall.dcinside.com/mini/board/view/?id=seilhs&no=4383&page=11
11,4381,[일반],지하철에서 한남군인 신고한 썰,"지하철 탔는데 어떤 냄새나는 한남군인이 있는 거야;; 봊나 짜증나서 베레모 똑바로 안 쓰고 있길래 사진 찍어서 부대에 신고 넣으려 했거든?? 근데 애가 갑자기 지 엄마랑 전화하더니 ""웅 엄마 나 지금 가고 있는 중야 헤헿"" 이러면서 웃는데 진짜 너무 순수하고 무해하고 사랑스러운 햇살같은 미소인 거야. 그래서 신고할 생각 접었긔윤 근데 사실 이거 군인이 나임ㅋㅋ 왜냐면 내가 웃을 때 진짜 사랑스럽거든ㅋㅋ 약간 다른 사람들이 내 웃음 볼 때 저렇게 생각할 것 같아서ㅋㅋ",ㅇㅇ (125.133) 2024.01.07 15:16:17 스크랩 조회 255 추천 3 댓글 1,3,255,2024.01.07 15:16:17,https://gall.dcinside.com/mini/board/view/?id=seilhs&no=4381&page=11
11,4380,[일반],출석,1,이재빈 (112.171) 2024.01.07 02:01:56 스크랩 조회 90 추천 0 댓글 0,0,90,2024.01.07 02:01:56,https://gall.dcinside.com/mini/board/view/?id=seilhs&no=4380&page=11
11,4379,[일반],스압)지혜로운 세일인이 되기 위한 지침서 08년생용,"세일고에 대해 궁금한 게 많은 08들을 위해서 세일고에 대해 궁금한 것들을 낱낱이 알려주려고 함 1. 학교 운영 세일고는 사립 일반고에 2대 세습 독재 (현재 이사장 아들이 교장임)를 하는 학교로 매우 비민주적이고 수직적인 조직 문화를 갖고 있음 그래서 짬밥 많이 먹은 쌤들과 앞뒤 꽉 막힌 교장의 파워가 절대적이고 이들의 맘에 들지 않으면 그 어떤 것도 바꿀 수 없음 학교 시설이 너무 낡아 예산이 교장 뒷주머니에 들어간다는 등 비리 의혹도 있는데 사실인지는 모름 그야말로 청렴과는 거리가 있고 옛날 조직문화와 부조리가 아직도 남아 있는 학교라고 할 수 있음 2. 학업&내신관리 탈세일 충동을 일으키는 가장 큰 요인으로 꼽히는데, 세일고 자체가 내신 따기 빡세다는 인식 때문에 미달이 많이 나서 특목고나 자사고, 영재학교 떨어져서 온 애들로 정원을 채우고 얘네들이 상위권을 차지함 심지어 영떨과떨세일도 꽤 있어 미리미리 공부를 해 놓지 않는다면 너의 등급은 개박살이 나 있게 될 거임 이런 학교다 보니 내신 난이도는 악랄해서 다른 인천 지역 학교들은 모의고사를 더 어려워하는데 우리는 반대로 내신을 더 어려워 하고 1학년 때부터 내신을 던지는 애들이 종종 있다 세일고에서는 산곡고 등지에서 최상위권 취급을 받는 수학 2등급이 평범한 수준이고 모고 수학에서 하나만 틀리는 애들도 매우 많음 그런데 반대로 그냥 ㅈ반고 떨어져서 세일 오는 경우도 많아 하위권들은 진짜 공부 ㅈ도 안 해서 잘하는 애들은 모고 백분위 99 찍을 정도로 잘하는데 못하는 애들은 진짜 내신이건 모고건 다 찍는 애들도 있다 즉, 양극화가 매우 심하다고 보면 된다 수행 같은 경우 애들은 수행 많다고 징징대나 사실 타 학교에 비해 많은 편은 아님 문제는 잘하는 애들이 많아 수행도 난이도가 있어서 점수 따기가 좀 힘듦 3. 분위기 반마다 조금씩 다르기 때문에 일반화하긴 어렵지만 ㅄ도 있고 엘리트도 있어서 1학년 때는 총체적 난국임 그런데 2학년 때는 문이과 그리고 그중에서도 과목 선택에 따라 애들이 갈리기 때문에 2학년 때 어떤 과목을 선택하냐에 따라 반 분위기가 많이 달라짐 공부만 할 것 같지만 사실 중학교 시절 공부 지지리도 안 하다가 뺑뺑이 떨어져서 온 애들도 꽤 돼서 서울 지역 일반고 수준이라 보면 된다 문과는 1,2,3반으로 알다시피 답도 없는 게 공부 못하는 애들이 공부량 적다고 몰려서 소수의 몇 명만 빼면 버러지들 투성이라 교실해서 공부하기란 힘들다 이과는 정말 과탐 선택과목으로 분위기가 많이 다른데 물화를 같이 선택한 반은 분위기가 양호하나 물생지(8반) , 화생지(9반) 는 문과마냥 폐급 모임이기 때문에 본인이 면학 분위기를 중시한다면 유의하도록 하자 4. 학교 시설 학교 시설은 말죽거리 잔혹사를 연상케 할 정도의 쓰레기 같은 시설 을 자랑함 학교 건물이 크게 성실관(학생들이 생활하는 곳), 사랑관(교사들이 생활하는 곳)으로 나뉘는데 사랑관 시설은 ㄱㅊ으나  성실관 일반교실은 답도 없음 엘리베이터가 작년에 처음 생겨서 엘리베이터가 생기기 전까지 지체장애인 학생은 세일고에 입학할 수 없었음 교실 TV도 이제서야 도입됐으며 심지어 3학년층은 올해 2학기 때 TV가 들어옴 의외로 화장실은 깨끗한데 소변기에 칸막이가 없어서 종종 야추를 보게 될 때가 있음 5. 대입 상당수가 정시로 진학하는 학교로, 일부 선생들은 수시를 고집하나 수시 블라인드가 생긴 이후 세일고의 수시 성과가 땅으로 떨어짐 2020년대부터는 세일고 학생들의 70% 가 정시 로 대학 진학을 하고, 애들이 대학 보는 눈이 높아서 대입 결과에 재수생 비율도 높음 수시 하긴 어려워도 정시하기 이만큼 좋은 학교 마계인천에 없음 올해는 샤대 수시로 2명 정시로 1명 갔더라 6. 수업시간과 선생님 특징 학생들 대부분이 정시파이터 라서 수업 시간에 수업 안 듣고 자습하는 애들이 학년이 올라갈수록 많아짐 그래서 세일에서 호평 받는 쌤의 기준 중 하나가 수업시간에 자습해도 뭐라 안하는 쌤임 반대로 수업시간에 자습하는 걸로 뭐라 하는 선생님들은 ㅈㄴ 욕먹음 세일고 교사들은 전통적으로 남초라서 나이 든 쌤들은 대부분이 남자임 여자쌤들은 원래 손에 꼽을 정도였으나 작년에 좀 많이 들어왔는데, 옛날에 여교사들 우르르 들어왔다가 1년만에 다 이적해버란 전적이 있어서 올해 많이 빠져나갈 수도 있음 사립이라 그런진 모르겠지만 선생님들의 나이가 spectacle함 20대 후반부터 60대까지 있음 7. 교칙 원래는 셔츠를 바지 밖으로 빼놓는 것도 안 되고, 겨울철엔 마이를 무조건 입어야 하며, 여름철엔 무조건 롯데리아 직원룩스러운 하복 을 강제했었고 교장이 매일 아침 학생들의 교복 착용 상태를 점검했음 그러나 2023년을 기점으로 교복 가지고 트집 잡는 일은 사라짐 학교 건물에 들어가기 전 실내화로 갈아 신는 게 원칙이나 안 지켜지고 실내화를 갈아 신어도 교실에서 갈아 신는다 염색은 안 되지만 파마는 괜찮음 세일고 하복의 모습 세일고 동복의 모습 8. 급식 급식의 경우 1학기 때는 맛없다가 2학기 때 맛있어지는 경향을 보임 그리고 세일고는 설렁탕 맛집으로 찬사받음 종종 이상한 급식 메뉴들이 나오기도 함 9. 방과 후 활동 야간자율학습을 개인의 선택에 따라 할 수 있고 석식도 있어 달마다 돈 내고 신청하면 됨 야자는 기본적으로 9시까지이나 자주반 이라고 특별히 독서실 같은 교실에서 공부할 학생들을 따로 30명 정도 선착순으로 모집하는데 얘네들은 10시까지 의무적으로 야자를 해야 함 물론 학원, 병원 등으로 뺄 수는 있음 간혹 열정적이고 엄격한 쌤들은 야자 안 하면 ㅈㄴ 꼽주기도 해서 담임 잘 만나야 함 불과 2021년까지만 해도 8교시가 의무였으나 이젠 아님 방과 후 학교는 수업이다 끝난 8교시에 진행되며 괜찮은 수업도 있는 반면 대부분은 별로라 시간낭비일 가능성이 큼 2학년 때 수학 방과후 같은 건 도움 되니 학원 안 다니면 신청하는 것도 나쁘지 않음 Global Pro School(GPS) 이라는 프로그램을 1학년 대상으로 하는데, 원어민 강사가 와서 특정 주제에 관해 영어로 수업을 듣고 이야기하여 영어 회화에 능력과 세계 시민의식을 기르는 게 목적이다 한국의 명소에 관한 영상 만들기, 환경보호 포스터 만들기 등 숙제들도 있어서 귀찮을 수 있음 그래도 생기부 빵빵하게 채워 주고 꽤 값진 경험이니 추천함 10. 동아리 교장의 지침대로 올해부터 재밌는 동아리와 진로 동아리 이렇게 크게 두 부류로 나눌 거라 함 우선선발 동아리=진로 동아리 일반선택 동아리=재밌는 동아리 동아리 선택은 될 수 있다면 우선선발 동아리로 해라 우선선발 동아리가 활동들도 영양가 있고 좋다 우선선발 동아리는 뽑을 때부터 면접 등으로 정말 들어가고 싶어하는 애들이 들어가게 하는 구조이나 일반선택 동아리는 선착순이라 원치 않는 동아리에 들어갈 확률이 큼 물론 우선선발 동아리는 생기부를 잘 써 주는 대신 활동이 빡세다(ex: STEAM, RCY, 눈즐과 등) 그러나 일반선택 동아리는 그냥 도서관 가서 시간 때우기나 하는 게 대부분이라 그냥 시간낭비이다 이렇게 병신 동아리들인 만큼 동아리원들도 폐급들로 구성돼 있음 더 궁금한 거 있으면 댓글로 물어봐라 그리고 가장 하고 싶은 조언 니선세 악깡버하지 말고 ㅈ같으면 제발 자퇴, 전학 가라",블랙잭플레이어21 2024.01.05 15:18:07 스크랩 조회 3368 추천 45 댓글 14,45,3368,2024.01.05 15:18:07,https://gall.dcinside.com/mini/board/view/?id=seilhs&no=4379&page=11
11,4378,[일반],세일고 애들 특,대가리에 뇌수대신 정액으로 가득참 지 꼴리는거 보면 일단 ㅈㅈ를 비비고 봄,야이리 (223.38) 2024.01.05 15:09:08 스크랩 조회 328 추천 3 댓글 0,3,328,2024.01.05 15:09:08,https://gall.dcinside.com/mini/board/view/?id=seilhs&no=4378&page=11
11,4377,[일반],갤에 정신병자 하나 기어들어왔네,세일고 자퇴했으면 세일갤에서도 꺼져 병신장애인년아 ㅈ같은소리만 ㅈㄴ싸네,방과후티타임 2024.01.05 13:16:19 스크랩 조회 300 추천 1 댓글 2,1,300,2024.01.05 13:16:19,https://gall.dcinside.com/mini/board/view/?id=seilhs&no=4377&page=11
11,4375,[일반],좆일고 자퇴했다 씨발,하도 좆같아서,이재빈 (223.38) 2024.01.05 12:20:04 스크랩 조회 343 추천 2 댓글 0,2,343,2024.01.05 12:20:04,https://gall.dcinside.com/mini/board/view/?id=seilhs&no=4375&page=11
11,4374,[일반],아니 여러분 그러지 마시고,세일고 ㅈㄴ 좋다니까요? 왜이렇게 못까서 안달이여? 세일고 오려는 예비고1들한테 걱정 말고 무조건 오라고 말씀 드리고 싶습니다. 나 참 안 좋다 하는 사람들은 다들 걍 억까하는 거에요.,세일고암흑의은둔고수 2024.01.05 01:05:43 스크랩 조회 244 추천 1 댓글 2,1,244,2024.01.05 01:05:43,https://gall.dcinside.com/mini/board/view/?id=seilhs&no=4374&page=11
11,4372,[일반],좆일고 오고나서 없던 인간혐오가 생김,오지마 제발,이재빈 (223.38) 2024.01.04 22:47:00 스크랩 조회 245 추천 2 댓글 0,2,245,2024.01.04 22:47:00,https://gall.dcinside.com/mini/board/view/?id=seilhs&no=4372&page=11
11,4370,[일반],세일고 진학하려는 예비고 1 입니다 형들,진짜 진지하게 솔직히 말해서 세일고 설명좀요 형들 내신이랑 분위기 그런거,이재빈 (115.126) 2024.01.01 22:18:54 스크랩 조회 491 추천 0 댓글 6,0,491,2024.01.01 22:18:54,https://gall.dcinside.com/mini/board/view/?id=seilhs&no=4370&page=11
11,4369,[일반],2024,첫글,이재빈 (112.171) 2024.01.01 00:03:25 스크랩 조회 146 추천 0 댓글 0,0,146,2024.01.01 00:03:25,https://gall.dcinside.com/mini/board/view/?id=seilhs&no=4369&page=11
11,4368,[일반],볼만한 듀라한 스트리머 추천해줘,ㅇㅇ,떡씹 (223.38) 2023.12.30 22:50:29 스크랩 조회 146 추천 0 댓글 3,0,146,2023.12.30 22:50:29,https://gall.dcinside.com/mini/board/view/?id=seilhs&no=4368&page=11
11,4367,[일반],재빈이,닮았으면 개추,ㅇㅇ (211.46) 2023.12.29 11:20:25 스크랩 조회 427 추천 17 댓글 2,17,427,2023.12.29 11:20:25,https://gall.dcinside.com/mini/board/view/?id=seilhs&no=4367&page=11
11,4366,[일반],성공하면,ㅇㅇ,세일고암흑의은둔고수 2023.12.29 01:05:08 스크랩 조회 237 추천 0 댓글 1,0,237,2023.12.29 01:05:08,https://gall.dcinside.com/mini/board/view/?id=seilhs&no=4366&page=11
11,4365,[일반],안영근 선생님 결혼하심??,오늘 동창회 하는데 가서 이야기해줄라고,졸업생 (1.239) 2023.12.28 10:15:54 스크랩 조회 383 추천 0 댓글 1,0,383,2023.12.28 10:15:54,https://gall.dcinside.com/mini/board/view/?id=seilhs&no=4365&page=11
11,4364,[일반],강수진 선생님 존경해요,열정적이시고 성실하시고 이성적이고 학벌도 정말 좋으시고 매우 지적이고 우유부단하지 않고 카리스마 넘치며 학생들을 잘 인도해주시는 교사로서 모든 덕목과 자질을 다 갖춘 참스승입니다,ㅇㅇ (223.38) 2023.12.26 20:11:37 스크랩 조회 477 추천 4 댓글 0,4,477,2023.12.26 20:11:37,https://gall.dcinside.com/mini/board/view/?id=seilhs&no=4364&page=11
11,4363,[일반],이쪽 갤러리는 존나 부럽네,씨발 부개고는 신입생 존나 들어와도 아무도 글 안싸던데 여긴 학생도 몇 없는 데 글 존나 자주 쓰네 부럽다 게이들아 공학이라지만 아무도 글 안쓰니 존나 슬프노 - dc official App,폭풍간지겐지 2023.12.26 00:06:08 스크랩 조회 377 추천 0 댓글 2,0,377,2023.12.26 00:06:08,https://gall.dcinside.com/mini/board/view/?id=seilhs&no=4363&page=11
11,4362,[일반],섹스,ㅇㅇ,이재빈 (211.46) 2023.12.22 13:29:38 스크랩 조회 198 추천 0 댓글 1,0,198,2023.12.22 13:29:38,https://gall.dcinside.com/mini/board/view/?id=seilhs&no=4362&page=11
11,4361,[일반],3학년 게이들은 합격증 좀 인증해봐라,거 없나,이재빈 (1.224) 2023.12.21 21:07:49 스크랩 조회 261 추천 0 댓글 0,0,261,2023.12.21 21:07:49,https://gall.dcinside.com/mini/board/view/?id=seilhs&no=4361&page=11
11,4360,[일반],세일고 씨발 너무 좆같다 ㄹㅇ 진심,전학가고싶은데 방법 없?,이재빈 (210.183) 2023.12.20 20:48:33 스크랩 조회 298 추천 2 댓글 0,2,298,2023.12.20 20:48:33,https://gall.dcinside.com/mini/board/view/?id=seilhs&no=4360&page=11
11,4358,[일반],03이 ㄹㅇ로 병신들인 듯,수시로 서울대 한 명도 못 가고 겨우겨우 정시로 한 명 감 ㅋ 그리고 세일갤에 제일 분탕 많이 침,ㅇㅇ (223.38) 2023.12.18 17:08:23 스크랩 조회 375 추천 2 댓글 1,2,375,2023.12.18 17:08:23,https://gall.dcinside.com/mini/board/view/?id=seilhs&no=4358&page=11
11,4357,[일반],04인데,너네 수시 서울대 몇 명 나왔냐 올해?,ㅇㅇ (1.243) 2023.12.17 23:01:42 스크랩 조회 337 추천 0 댓글 3,0,337,2023.12.17 23:01:42,https://gall.dcinside.com/mini/board/view/?id=seilhs&no=4357&page=11
11,4356,[일반],아 쎽쓰하고싶다,dd,김수X (1.243) 2023.12.17 20:33:12 스크랩 조회 209 추천 1 댓글 1,1,209,2023.12.17 20:33:12,https://gall.dcinside.com/mini/board/view/?id=seilhs&no=4356&page=11
11,4355,[일반],세일고 통학,세일고 셔틀버스 있다는데 맞음 ? - dc official App,이재빈 (223.38) 2023.12.15 11:43:42 스크랩 조회 461 추천 0 댓글 3,0,461,2023.12.15 11:43:42,https://gall.dcinside.com/mini/board/view/?id=seilhs&no=4355&page=11
11,4354,[일반],현시점 세일고 4대천왕은?,의견 좀 줘,ㅇㅇ (218.52) 2023.12.14 19:22:15 스크랩 조회 762 추천 0 댓글 2,0,762,2023.12.14 19:22:15,https://gall.dcinside.com/mini/board/view/?id=seilhs&no=4354&page=11
11,4352,[일반],1학년들아 탈세일 마려워?,니선세 누칼협 악깡버,ㅇㅇ (223.38) 2023.12.12 16:45:07 스크랩 조회 316 추천 1 댓글 2,1,316,2023.12.12 16:45:07,https://gall.dcinside.com/mini/board/view/?id=seilhs&no=4352&page=11
11,4351,[일반],1학년들아 지금 수학시험 때문에 탈세일 하고 싶으면 개추 누르거라,ㅅㅂ,1학년대변인 (115.138) 2023.12.12 13:36:10 스크랩 조회 385 추천 7 댓글 3,7,385,2023.12.12 13:36:10,https://gall.dcinside.com/mini/board/view/?id=seilhs&no=4351&page=11
11,4347,[일반],진짜 세일고는 학교가 아니라 발정난 짐승들 수용소인듯,ㄹㅇ,이재빈 (223.38) 2023.12.09 20:35:15 스크랩 조회 292 추천 5 댓글 0,5,292,2023.12.09 20:35:15,https://gall.dcinside.com/mini/board/view/?id=seilhs&no=4347&page=11
11,4346,[일반],본인이 지금 탈세일 마려우면 개추,ㅇㅇㅇ,이재빈 (146.70) 2023.12.09 20:07:17 스크랩 조회 257 추천 13 댓글 2,13,257,2023.12.09 20:07:17,https://gall.dcinside.com/mini/board/view/?id=seilhs&no=4346&page=11
11,4345,[일반],우리학교 남자애들 둘이서 X스 하는거 봄 ㅆ발,X스좀 하지마라.. - dc official App,이재빈 (211.46) 2023.12.08 14:30:31 스크랩 조회 608 추천 11 댓글 0,11,608,2023.12.08 14:30:31,https://gall.dcinside.com/mini/board/view/?id=seilhs&no=4345&page=11
11,4344,[일반],이재빈 뱃살 진국이면 개츄 눌러라,ㅋ,탈세일기원자 (211.234) 2023.12.07 16:54:43 스크랩 조회 225 추천 7 댓글 0,7,225,2023.12.07 16:54:43,https://gall.dcinside.com/mini/board/view/?id=seilhs&no=4344&page=11
11,4341,[일반],니네 인생 경제 이현승,돼지 꿀꿀,세일고 (77.111) 2023.12.05 20:50:56 스크랩 조회 183 추천 0 댓글 1,0,183,2023.12.05 20:50:56,https://gall.dcinside.com/mini/board/view/?id=seilhs&no=4341&page=11
11,4340,[일반],세일고 진학하려는 중3친구들에게,마지막 기회다.. 오지말라고 할때 오지마라.. 다시한번 경고한다.. 오 지 마 라. - dc official App,이재빈 (223.39) 2023.12.05 20:16:53 스크랩 조회 396 추천 7 댓글 0,7,396,2023.12.05 20:16:53,https://gall.dcinside.com/mini/board/view/?id=seilhs&no=4340&page=11
11,4339,[일반],이재빈 때문에 탈세일 기원하면 개추,ㅋㅋ,탈세일기원자 (211.234) 2023.12.05 17:03:00 스크랩 조회 177 추천 5 댓글 0,5,177,2023.12.05 17:03:00,https://gall.dcinside.com/mini/board/view/?id=seilhs&no=4339&page=11
12,4338,[일반],갤닉이 이X빈 ㅋㅋㅋㅋ,새삼 세일고 모든 교원생들에게 존경을 한 몸에 받고있는 이재빈 교장선생님이 문득 대단하다고 느껴지네 ..,이재빈 (125.133) 2023.12.04 18:19:18 스크랩 조회 294 추천 3 댓글 0,3,294,2023.12.04 18:19:18,https://gall.dcinside.com/mini/board/view/?id=seilhs&no=4338&page=12
12,4336,[일반],내년에 세일고에 들어오는 예비고1들아 걱정하지 마라,여기 갤에 학교 욕 하는 게시물이나 댓글은 다아아 그짓말이다. 지들끼리만 부귀영화 누릴려고 어떻게든 애들 지원 못 하게 하는 거니까 나만 믿고 무조건 이 학교로 와라. 진짜로 이 학교 안 오면 인생의 20%를 손해본다. 세일고에 오고나서부터 나의 인생이 달라졌다. 마지막으로 경고하는데 이 학교 와라 .,세일고암흑의은둔고수 2023.12.03 22:56:02 스크랩 조회 533 추천 12 댓글 1,12,533,2023.12.03 22:56:02,https://gall.dcinside.com/mini/board/view/?id=seilhs&no=4336&page=12
12,4335,[일반],졸업생인데,세일고 갤러리도있고 신기하네요 날이 추운데 요즘 패딩입고 수업은 들을수 있는지 머리는 정말 자유롭게 기르고다니는지 궁금하기도 하구요,14년도졸업 (223.38) 2023.12.03 22:26:33 스크랩 조회 285 추천 0 댓글 3,0,285,2023.12.03 22:26:33,https://gall.dcinside.com/mini/board/view/?id=seilhs&no=4335&page=12
12,4334,[일반],3학년 진로과목인 기하랑 투과목 쉬움?,내신에서 그냥 개념만 알고 있어도 A 나오는 수준임?,블랙잭플레이어21 2023.12.03 17:38:04 스크랩 조회 259 추천 0 댓글 3,0,259,2023.12.03 17:38:04,https://gall.dcinside.com/mini/board/view/?id=seilhs&no=4334&page=12
12,4333,[일반],3년다닌사람이 말하는 세일고가 개 좆같은 이유,"교장이 지좆대로 학교관리함 이재빈 교장년이 앞건물 수리할생각은 안하고 음침한 뒷건물에서 수업하게함 양호실이 좆같음 양호실 기구 소독기,도구가 씨발 녹슬고 난리남 급식 질이 좆같음",몽키 (223.38) 2023.12.03 11:14:53 스크랩 조회 385 추천 4 댓글 0,4,385,2023.12.03 11:14:53,https://gall.dcinside.com/mini/board/view/?id=seilhs&no=4333&page=12
12,4332,[일반],좆일고 초심잃음,ㄹㅇ,이재빈 (223.38) 2023.12.02 15:58:05 스크랩 조회 230 추천 0 댓글 0,0,230,2023.12.02 15:58:05,https://gall.dcinside.com/mini/board/view/?id=seilhs&no=4332&page=12
12,4330,[일반],좆일고 자퇴한 기념으로 글 한마디 올린다,세일고 씨발 애미애비 개쳐뒤진 좆병신 저능아고아년들이 항문섹스하기위해서 처모이는 게이클럽,이재빈 (45.84) 2023.11.30 13:10:46 스크랩 조회 372 추천 5 댓글 1,5,372,2023.11.30 13:10:46,https://gall.dcinside.com/mini/board/view/?id=seilhs&no=4330&page=12
12,4329,[일반],형들 머리 어디서 자르나여,싸고 잘 자르는데 추천좀 3년동안 빡빡이 하다 머리 자르러감,이재빈 (182.213) 2023.11.30 12:23:42 스크랩 조회 214 추천 0 댓글 2,0,214,2023.11.30 12:23:42,https://gall.dcinside.com/mini/board/view/?id=seilhs&no=4329&page=12
12,4327,[일반],1학기 수1 수행 문제중에 이해원n제있었네ㅋㅋㅋ,이거 맞냐 ㅋㅋ,이재빈 (1.224) 2023.11.28 17:38:32 스크랩 조회 310 추천 0 댓글 1,0,310,2023.11.28 17:38:32,https://gall.dcinside.com/mini/board/view/?id=seilhs&no=4327&page=12
12,4325,[일반],세일고 자퇴한 게이다,존나 행복하다 씨발 인생의 의미 자체가 달라진다. 니들도 자퇴해라,이재빈 (92.38) 2023.11.28 15:46:30 스크랩 조회 325 추천 7 댓글 0,7,325,2023.11.28 15:46:30,https://gall.dcinside.com/mini/board/view/?id=seilhs&no=4325&page=12
12,4323,[일반],세일고 05 선배님들 궁금한 게 있는데,반에서 수시 쓰는 애들 비율 얼마 정도 되나요 고3 되면 정파 외치던 애들도 다 변절자 돼서 수시 쓴다는데,ㅇㅇ (218.52) 2023.11.27 22:16:11 스크랩 조회 411 추천 0 댓글 5,0,411,2023.11.27 22:16:11,https://gall.dcinside.com/mini/board/view/?id=seilhs&no=4323&page=12
12,4322,[일반],스포츠 몬스터는 도대체 뭐냐?,아오 - dc official App,이재빈 (211.36) 2023.11.27 19:33:34 스크랩 조회 377 추천 2 댓글 2,2,377,2023.11.27 19:33:34,https://gall.dcinside.com/mini/board/view/?id=seilhs&no=4322&page=12
12,4321,[일반],이시발 이재빈닉 단새끼들 왜이리많나했네,기본갤닉이 이재빈이노 ㅋㅋㅋㅋ,이재빈 (211.234) 2023.11.27 19:31:32 스크랩 조회 272 추천 4 댓글 0,4,272,2023.11.27 19:31:32,https://gall.dcinside.com/mini/board/view/?id=seilhs&no=4321&page=12
12,4320,[일반],꼭 세일고가 아니더라도 학교는 안가는게 좋음,다들 학교에서 공부 안할꺼잖아? 그럴꺼면 그냥 자퇴하고 딱 한번만 공부하는 검정고시 보는게 낫지,이재빈 (223.38) 2023.11.27 11:45:46 스크랩 조회 293 추천 6 댓글 3,6,293,2023.11.27 11:45:46,https://gall.dcinside.com/mini/board/view/?id=seilhs&no=4320&page=12
12,4319,[일반],세일고 1지망 쓰려는 중3인데 세일고에 대해서 설명좀 해줄사람,- dc official App,이재빈 (223.39) 2023.11.26 18:12:31 스크랩 조회 553 추천 0 댓글 10,0,553,2023.11.26 18:12:31,https://gall.dcinside.com/mini/board/view/?id=seilhs&no=4319&page=12
12,4318,[일반],세일고 바퀴벌레들아,찐따 갤러리에서 세일고 출신인거 티좀내지 말아라 쪽팔린다 ㅆㅂ,방았간참새 (59.17) 2023.11.26 12:54:31 스크랩 조회 199 추천 2 댓글 2,2,199,2023.11.26 12:54:31,https://gall.dcinside.com/mini/board/view/?id=seilhs&no=4318&page=12
12,4317,[일반],2학년,울 학년중에 리틀정병남쌤 있다는거 사실임? 실제라면 개웃기겠네ㅋㅋㅋ,ㅇㅇ1 (211.234) 2023.11.24 22:14:51 스크랩 조회 411 추천 15 댓글 6,15,411,2023.11.24 22:14:51,https://gall.dcinside.com/mini/board/view/?id=seilhs&no=4317&page=12
12,4315,[일반],세일고 갤러리 언제 폐쇄함?,ㅂㅅ같은학교 ㅂㅅ같은갤러리,그렇습니다 (223.38) 2023.11.22 10:21:58 스크랩 조회 196 추천 3 댓글 0,3,196,2023.11.22 10:21:58,https://gall.dcinside.com/mini/board/view/?id=seilhs&no=4315&page=12
12,4313,[일반],고3 반분위기 ㅇㄸ,이제 고3 올라가는 정시러인데 수업 하는 쌤 많음? 아니면 자습 주는 쌤이 많음 그리고 수업시간에 다른 공부 하는 것도 허용인지 ㄱ,ㅇㅇ (182.214) 2023.11.21 23:51:09 스크랩 조회 794 추천 0 댓글 1,0,794,2023.11.21 23:51:09,https://gall.dcinside.com/mini/board/view/?id=seilhs&no=4313&page=12
12,4312,[일반],지금 탈세일 하고 싶으면 개추,ㅋㅋ,탈세일기원자 (211.46) 2023.11.21 14:06:31 스크랩 조회 1012 추천 60 댓글 8,60,1012,2023.11.21 14:06:31,https://gall.dcinside.com/mini/board/view/?id=seilhs&no=4312&page=12
12,4309,[일반],여기 장애학교인가요?,병신들이 욀케 많음?,33333 (2.58) 2023.11.20 18:17:58 스크랩 조회 336 추천 11 댓글 1,11,336,2023.11.20 18:17:58,https://gall.dcinside.com/mini/board/view/?id=seilhs&no=4309&page=12
12,4308,[일반],씨발 티원우승 좆같노,ㅇㅇ,조센징민나코로스 (1.243) 2023.11.19 20:18:41 스크랩 조회 299 추천 0 댓글 2,0,299,2023.11.19 20:18:41,https://gall.dcinside.com/mini/board/view/?id=seilhs&no=4308&page=12
12,4307,[일반],ㅅㄴㅅㄱㅎㄷ,ㅂㅅㄷㅇ - dc official App,ㅇㅇ (211.36) 2023.11.17 06:48:17 스크랩 조회 232 추천 0 댓글 0,0,232,2023.11.17 06:48:17,https://gall.dcinside.com/mini/board/view/?id=seilhs&no=4307&page=12
12,4306,[일반],세일고 갤러리=앰창병신들이 딸치려고 들어오는 폰허브,ㅇㅇ,냥이 (223.38) 2023.11.16 19:06:10 스크랩 조회 244 추천 5 댓글 0,5,244,2023.11.16 19:06:10,https://gall.dcinside.com/mini/board/view/?id=seilhs&no=4306&page=12
12,4305,[일반],제가 지은 시여요,이른 아침 새들이 모여 재멋대로 날아와서 빈항아리 쌀없나 보자하니 개가 짖으니 새들이 무서워 끼룩끼룩 날아가도다,ㅅㅂ (223.38) 2023.11.15 21:39:29 스크랩 조회 225 추천 6 댓글 1,6,225,2023.11.15 21:39:29,https://gall.dcinside.com/mini/board/view/?id=seilhs&no=4305&page=12
12,4303,[일반],이제 급식실 가림막좀 떼자,ㅈㄴ 불편하다,ㅇㅇ (1.224) 2023.11.13 23:03:35 스크랩 조회 285 추천 8 댓글 2,8,285,2023.11.13 23:03:35,https://gall.dcinside.com/mini/board/view/?id=seilhs&no=4303&page=12
12,4301,[일반],병신들 존나많네,그냥 디시를 처 하지마 병신들아,ㅇㅇ (223.38) 2023.11.11 21:13:35 스크랩 조회 298 추천 6 댓글 1,6,298,2023.11.11 21:13:35,https://gall.dcinside.com/mini/board/view/?id=seilhs&no=4301&page=12
12,4298,[일반],롤 잘 하는사람,고등 롤 리그 나가실분들 구합니다 현티어 에메랄드 이상 탑레 다이아 마스터 이상 찍으신분들 중에 같이 해보실 생각 있읗신분 구해요,ㅇㅇ (223.38) 2023.11.09 17:12:38 스크랩 조회 281 추천 0 댓글 1,0,281,2023.11.09 17:12:38,https://gall.dcinside.com/mini/board/view/?id=seilhs&no=4298&page=12
12,4297,[일반],D-7 세일고화이팅,ㅎㅇㅌ,목시대표 2023.11.09 00:27:34 스크랩 조회 266 추천 0 댓글 0,0,266,2023.11.09 00:27:34,https://gall.dcinside.com/mini/board/view/?id=seilhs&no=4297&page=12
12,4296,[일반],울학교에 ISTP인 새끼들 다 뒤졌으면,한다,ㅇㅇㅇㅇㅇㅇㅇㅇㅇㅇㅇㅇㅇㅇㅇ (210.183) 2023.11.08 14:43:41 스크랩 조회 356 추천 3 댓글 1,3,356,2023.11.08 14:43:41,https://gall.dcinside.com/mini/board/view/?id=seilhs&no=4296&page=12
12,4295,[일반],2학년 에이스반 순위,5 7 4 6 9 2 3 1 8,ㅇㅇ (223.38) 2023.11.07 17:20:36 스크랩 조회 502 추천 4 댓글 7,4,502,2023.11.07 17:20:36,https://gall.dcinside.com/mini/board/view/?id=seilhs&no=4295&page=12
12,4294,[일반],마라탕 << ㄹㅇ굿임뇨,굿,ㅇㅇ (211.46) 2023.11.06 14:40:15 스크랩 조회 233 추천 0 댓글 1,0,233,2023.11.06 14:40:15,https://gall.dcinside.com/mini/board/view/?id=seilhs&no=4294&page=12
12,4292,[일반],그대들 어떻게 살 것인가 <- 제목에 담긴 비밀,여기 들어온 너한테 하는 경고 - dc official App,ㅇㅇ (211.36) 2023.11.05 15:48:52 스크랩 조회 245 추천 3 댓글 0,3,245,2023.11.05 15:48:52,https://gall.dcinside.com/mini/board/view/?id=seilhs&no=4292&page=12
12,4291,[일반],ai로 ppt를 만들었더니...,ai게이야...,세일고암흑의은둔고수 2023.11.04 21:27:30 스크랩 조회 517 추천 12 댓글 0,12,517,2023.11.04 21:27:30,https://gall.dcinside.com/mini/board/view/?id=seilhs&no=4291&page=12
12,4289,[일반],시간을 달리는 소녀 후기,"https://youtu.be/nFG3l5zxLdM?si=lRfrPEWLayAOkrIQ 시간을 달리는 소녀OST (변하지 않는것) 자막, 번역, 가사 영상에서 잘못된 점 1.영상 프로그램 다룬지 한 달도 안 돼서 일본어가 다 깨졌습니다. 그래서 일본어 자막이 이상합니다.2. 원래 반말인데 저는 존댓말로 해석했습니다. 그러나 의미는 같습니다.저는 유리멘탈이니까 이 두 가지 언급 그만 해주세요. 수익 하나도 없고 제가 보려고 만든 ... youtu.be 흥미로운 서사에 메시지도 뚜렷하고 ost도 좋고 보고나서 여운도 많이남고 ㄹㅇ 명작 결말부에 ost 딱 나와주면서 하이라이트 부분이 진짜 기가 막힘",방과후비밀클럽 2023.11.03 03:54:15 스크랩 조회 341 추천 0 댓글 1,0,341,2023.11.03 03:54:15,https://gall.dcinside.com/mini/board/view/?id=seilhs&no=4289&page=12
12,4287,[일반],부광고갤은 학생회가 갤을 먹을라카네 ㅋㅋㅋ,논란터지고 지랄나서 교무회의 대의원회의에서 세갤보던 시절같노 ㅋㅋ,미친찐따 2023.10.31 23:56:08 스크랩 조회 592 추천 5 댓글 2,5,592,2023.10.31 23:56:08,https://gall.dcinside.com/mini/board/view/?id=seilhs&no=4287&page=12
12,4286,[일반],할로윈 기념,개추 50개 넘으면 짤녀 코스프레하고 셀카찍어서 올린다.,ㅇㅇ (223.38) 2023.10.31 23:48:48 스크랩 조회 1275 추천 68 댓글 5,68,1275,2023.10.31 23:48:48,https://gall.dcinside.com/mini/board/view/?id=seilhs&no=4286&page=12
12,4285,[일반],북끄러운줄알아야지,여드름많은일게이들 북끄러운줄알아라 ㅇ제ㅎ,갓본 (211.210) 2023.10.31 19:36:08 스크랩 조회 294 추천 6 댓글 1,6,294,2023.10.31 19:36:08,https://gall.dcinside.com/mini/board/view/?id=seilhs&no=4285&page=12
12,4284,[일반],영붕이 입갤,안녕 세붕이들 난 영붕이야 영게이를 찾아봐,영붕이 (211.46) 2023.10.30 13:29:18 스크랩 조회 197 추천 1 댓글 0,1,197,2023.10.30 13:29:18,https://gall.dcinside.com/mini/board/view/?id=seilhs&no=4284&page=12
12,4283,[일반],ㅇㅈㅎ,ㅇㅈㅎ씨 욕하는분 혹시 열등감있나 아니면 짝녀를 뺏겼나..너무 흥분했는데 남고에서 흥분하면 곤란햐요~,세붕이 (223.62) 2023.10.29 22:51:02 스크랩 조회 263 추천 2 댓글 1,2,263,2023.10.29 22:51:02,https://gall.dcinside.com/mini/board/view/?id=seilhs&no=4283&page=12
12,4275,[일반],학술제 나온 탄소제로ㅋㅋ,애미 터졌으면 개추ㅋㅋ 개구리 도롱뇽 학대범이노,ㅇㅇ (211.46) 2023.10.23 10:50:14 스크랩 조회 419 추천 7 댓글 1,7,419,2023.10.23 10:50:14,https://gall.dcinside.com/mini/board/view/?id=seilhs&no=4275&page=12
12,4274,[일반],세일고생,세일고생들은 얼굴이 기름진애들이 왜이렇게 많냐 여드름 존나많고 나대는애들 볼때마다 한방씩 주고싶은데 참고있다 특히 이ㅈ훈,기름남 (211.210) 2023.10.23 05:55:05 스크랩 조회 448 추천 17 댓글 0,17,448,2023.10.23 05:55:05,https://gall.dcinside.com/mini/board/view/?id=seilhs&no=4274&page=12
12,4273,[일반],이재은의 선견지명,"작년 2학년인데 러우 전쟁 초반쯤 우리반에서 혼자 우크라이나 욕 존나했었음... 그리고 한 얘기.. ""자 그럼 이번에 러우전쟁이 터진 여파가 과연 다른 나라에는 영향을 어느정도 미칠것인가?"" ""으이 제일 위험한건 중동이여 중동""",ㄷㅅㅇ (211.63) 2023.10.22 18:33:29 스크랩 조회 619 추천 14 댓글 1,14,619,2023.10.22 18:33:29,https://gall.dcinside.com/mini/board/view/?id=seilhs&no=4273&page=12
12,4270,[일반],수능까지 32일,지금부터 달리면 서울대 ㄱㄴ? - dc official App,ㅇㅇ (143.198) 2023.10.15 19:20:46 스크랩 조회 425 추천 2 댓글 2,2,425,2023.10.15 19:20:46,https://gall.dcinside.com/mini/board/view/?id=seilhs&no=4270&page=12
12,4269,[일반],석식 맛있농,야자할 맛이 난다 - dc official App,ㅇㅇ (211.36) 2023.10.14 20:59:48 스크랩 조회 388 추천 2 댓글 1,2,388,2023.10.14 20:59:48,https://gall.dcinside.com/mini/board/view/?id=seilhs&no=4269&page=12
12,4268,[일반],9반 교실 개더럽네,청소좀하고살자 - dc official App,ㅇㅇ (211.46) 2023.10.13 18:19:42 스크랩 조회 423 추천 3 댓글 2,3,423,2023.10.13 18:19:42,https://gall.dcinside.com/mini/board/view/?id=seilhs&no=4268&page=12
12,4267,[일반],학생회 욕하는애들,솔직히 익명으로 만 욕하고 앞에서는 아무말도 못하는게 몇배는 추하다 당당하면 앞에서 말하지,세붕이 (223.62) 2023.10.13 15:07:01 스크랩 조회 395 추천 1 댓글 2,1,395,2023.10.13 15:07:01,https://gall.dcinside.com/mini/board/view/?id=seilhs&no=4267&page=12
12,4266,[일반],학생회,이제 글 안올라오니깐 이제 끝인거 같지? 곧 큰거 터진다ㅋㅋ,ㅇㅇ1 (211.234) 2023.10.10 00:22:57 스크랩 조회 379 추천 11 댓글 1,11,379,2023.10.10 00:22:57,https://gall.dcinside.com/mini/board/view/?id=seilhs&no=4266&page=12
12,4265,[일반],니네 미래 아내 경제 이현승,ㅋㅋㅋㅋㅋ,ㅇㅇ (223.62) 2023.10.08 22:45:07 스크랩 조회 197 추천 0 댓글 0,0,197,2023.10.08 22:45:07,https://gall.dcinside.com/mini/board/view/?id=seilhs&no=4265&page=12
12,4264,[일반],이재은이링 대화 하지마라,ㄹㅇ 북한사람이랑 대화하는거같음,ㅇㅇ (223.38) 2023.10.08 11:19:27 스크랩 조회 607 추천 8 댓글 1,8,607,2023.10.08 11:19:27,https://gall.dcinside.com/mini/board/view/?id=seilhs&no=4264&page=12
13,4263,[일반],햄스터 오래 키우는방법,"1.새끼때 대려오셈 2.집에 대려오고 1달동안은 아무리 귀여워도  절대로 만지지마셈 집에 적응을 먼저해야함 3.집에 큰소리 내지마셈 어쩔수 없으면 햄스터집을 소리나는 반대쪽에 두고 문을 닫으셈 4.햄스터한테 물목욕 절대ㄴㄴㄴ 정작 하고싶음 면봉이나 안경수건에 뜨뚯한물 묻혀서 오염부위만 닦기 5.가능하면 넓은집에 최소 우리학교 책상 크기 6.물줄때 생수만 7.푸딩,골든이 오래삼 8.암컷이 수보다 오래삼 9. 햄쥐는 독립적인 동물이라 한 케이지당 한마리 10. 쳇바퀴 필수 11.이갈이는 필수 휴지심이나 쿠팡에 이갈이 치면 나온는거 사셈 나무젓가락은 ㄴㄴㄴㄴ 12.화장실 모래는 자주 3일에 한번씩 갈아 13.베딩은 최소 2만원 하는 고급진걸로 14.가능하면 집밖에 네놓지마셈 15.자주 만지면 안되지만 만지고 싶다면 반드시손씻고 만지셈",아이고난 (220.78) 2023.10.07 20:53:46 스크랩 조회 324 추천 8 댓글 1,8,324,2023.10.07 20:53:46,https://gall.dcinside.com/mini/board/view/?id=seilhs&no=4263&page=13
13,4261,[일반],학생회 입장문,뭐라 써있냐 다른 학교 학생이라 모름 - dc official App,ㅇㅇ (115.41) 2023.09.28 16:13:04 스크랩 조회 526 추천 1 댓글 1,1,526,2023.09.28 16:13:04,https://gall.dcinside.com/mini/board/view/?id=seilhs&no=4261&page=13
13,4259,[일반],학생회 변명은 어제 잘 봤다,추하게 학생회 입장이랍시고 변명 늘어놓지 말고 이거나 해라,ㅇㅇ (218.52) 2023.09.27 22:29:02 스크랩 조회 739 추천 5 댓글 3,5,739,2023.09.27 22:29:02,https://gall.dcinside.com/mini/board/view/?id=seilhs&no=4259&page=13
13,4255,[일반],그래서 대자보 붙인게 누구임?,학생회 입장문에 대자보 붙인게 3학년 사칭한 12학년이라 써있던데,ㅇㅇ (118.235) 2023.09.26 22:35:42 스크랩 조회 495 추천 2 댓글 2,2,495,2023.09.26 22:35:42,https://gall.dcinside.com/mini/board/view/?id=seilhs&no=4255&page=13
13,4254,[일반],저는 기호 1번을 지지합니다,저는 기호 1번님을 지지합니다. 아무리 면접을 안 보고 뽑았더라도 그건 잘못이 없습니다만? 그것이 잘못 됐다고 하는자는 빨갱이 입니다. 그 누가 뭐라해도 나는 1번 지지자다! 라고 자랑스럽게 외칠 수 있습니다. 힘내십시오 각하!,광깨 (211.235) 2023.09.26 21:35:01 스크랩 조회 353 추천 2 댓글 2,2,353,2023.09.26 21:35:01,https://gall.dcinside.com/mini/board/view/?id=seilhs&no=4254&page=13
13,4253,[일반],학생회 입장문,"오늘 학생회장과 학생회가 붙인 것을 봤는데 입장이랍시고 핀트를 어딜잡고 얘기하는지 모르겠다ㅋㅋ 추후에 학생회 쪽 의견에 대한 반박 다 달거긴 하지만 하나의 의견 중 일부분 달아보자면 임시로 지 마음대로 처 정했다고 나와있던데 그 부분에 대해서 논해보고자 한다 자 여기서 임시로란 것은 추후에 다시 뽑을 생각의 유,무가 있단 것인데 거기서 학생회에서 그건 말씀드릴 수 없다 ㅇㅈㄹ나오면 그냥 지 친구들 다이렉트로 처 꽃아버린거지 ㅋㅋㅋ 진짜 학생회장단 이것만 봐도 개러지들이다ㅋㅋ",ㅇㅇ1 (223.38) 2023.09.26 18:58:34 스크랩 조회 1166 추천 35 댓글 0,35,1166,2023.09.26 18:58:34,https://gall.dcinside.com/mini/board/view/?id=seilhs&no=4253&page=13
13,4252,[일반],조센징들이 너무 역겹다,"강요,단체주의 아니면 못삼?",조센징대학살 (146.70) 2023.09.26 16:14:41 스크랩 조회 244 추천 3 댓글 0,3,244,2023.09.26 16:14:41,https://gall.dcinside.com/mini/board/view/?id=seilhs&no=4252&page=13
13,4251,[일반],지금까지 학교에 있었던 시간이 너무 아깝고 무의미하다,꼭 세일고에 있는 게 아니더라도 그냥 k-고등학교 다니는 것만큼 시간 개아까운 짓은 없는 듯 https://youtu.be/qBv9iKR5oHc?si=6KytPdREk6tC0D9j,ㅇㅇ (218.52) 2023.09.23 00:42:11 스크랩 조회 887 추천 13 댓글 2,13,887,2023.09.23 00:42:11,https://gall.dcinside.com/mini/board/view/?id=seilhs&no=4251&page=13
13,4250,[일반],6월에 자퇴한 게이다,탈세일은 지능순 ㅋㅋ,성성성 2023.09.21 22:14:40 스크랩 조회 430 추천 8 댓글 0,8,430,2023.09.21 22:14:40,https://gall.dcinside.com/mini/board/view/?id=seilhs&no=4250&page=13
13,4249,[일반],본인이 좆될까봐 무서워서 벌벌 떨고있는 이재빈이면 개추,님 이제 좆됨 ㅅㄱㅋㅋㅋㅋㅋㅋㅋㅋㅋㅋ,ㅇㅇ (42.25) 2023.09.21 16:39:10 스크랩 조회 1848 추천 50 댓글 0,50,1848,2023.09.21 16:39:10,https://gall.dcinside.com/mini/board/view/?id=seilhs&no=4249&page=13
13,4248,[일반],근데 끽해봐야 고등학교면서 비리다 어쩐다 하는게,좀 어이없지않음? ㅇㅈ하면 개추 ㄱㄱㄱㄱ,메갓 (1.243) 2023.09.20 21:46:17 스크랩 조회 713 추천 6 댓글 4,6,713,2023.09.20 21:46:17,https://gall.dcinside.com/mini/board/view/?id=seilhs&no=4248&page=13
13,4246,[일반],학생회 비리 폭로글 올린 게이야,나도 글 하나 쓸라는데 네 글좀 인용해도 되겠냐 저 아카이브 된걸로,ㅇㅇ (119.201) 2023.09.20 03:53:31 스크랩 조회 612 추천 4 댓글 2,4,612,2023.09.20 03:53:31,https://gall.dcinside.com/mini/board/view/?id=seilhs&no=4246&page=13
13,4245,[일반],조센징들 도와줄것도 아니면서 오지랖부리는거 너무 역겨움,ㅇㅇ,야아아 (193.32) 2023.09.20 00:52:34 스크랩 조회 309 추천 7 댓글 0,7,309,2023.09.20 00:52:34,https://gall.dcinside.com/mini/board/view/?id=seilhs&no=4245&page=13
13,4244,[일반],"역사상 최고, GOAT",ㄹㅇ,메갓 (1.243) 2023.09.19 23:57:29 스크랩 조회 506 추천 2 댓글 1,2,506,2023.09.19 23:57:29,https://gall.dcinside.com/mini/board/view/?id=seilhs&no=4244&page=13
13,4243,[일반],세일고 자퇴한 게이다,천국,1111 (103.216) 2023.09.19 19:51:20 스크랩 조회 664 추천 8 댓글 2,8,664,2023.09.19 19:51:20,https://gall.dcinside.com/mini/board/view/?id=seilhs&no=4243&page=13
13,4242,[일반],슈퍼샤이,https://m.youtube.com/watch?v=ZLs13uVZhrQ&pp=ygUM7J2R65SU7IOk7J20,ㅓ처러더ㅓ야쟈뉴 (223.38) 2023.09.19 16:46:09 스크랩 조회 213 추천 4 댓글 0,4,213,2023.09.19 16:46:09,https://gall.dcinside.com/mini/board/view/?id=seilhs&no=4242&page=13
13,4241,[일반],밑에 위탁교육 개부럽다,나도가고싶다,햄스터 (173.205) 2023.09.19 00:33:53 스크랩 조회 331 추천 1 댓글 5,1,331,2023.09.19 00:33:53,https://gall.dcinside.com/mini/board/view/?id=seilhs&no=4241&page=13
13,4238,[일반],세일고 좆같아서 위탁교육 간다,굿바이,구피 (125.243) 2023.09.18 19:09:34 스크랩 조회 493 추천 2 댓글 3,2,493,2023.09.18 19:09:34,https://gall.dcinside.com/mini/board/view/?id=seilhs&no=4238&page=13
13,4237,[일반],얘들아 걍 깝치지 말자,니들이 뭔데 감히 대황제세일고님께 반기를 들어? 그냥 시키는 대로 공부 조용히 하면서 내신 관리 하면 된단다~ 걍 규정집이 그렇다는데 니가 뭘 할 수 있는데? 원래 사회가 그런거야 지금까지 박정희 전두환 이승만 문재인 보면 모름? 걍 자연의 섭리 같은건데 받아들이자 우리 위대하신 대황제폐하킹갓엠페럴마제스티충무공 세일고 교!!.....ㅈ님 하에 주도되는 큰 계획이시다. 세일고 만세!!,세일고암흑의은둔고수 2023.09.18 08:28:40 스크랩 조회 603 추천 9 댓글 2,9,603,2023.09.18 08:28:40,https://gall.dcinside.com/mini/board/view/?id=seilhs&no=4237&page=13
13,4236,[일반],글 내린 이유 분석(요약잇음),"폭로글 글쓴색기가 글삭했는데 징계협박이 주작인가 아님 진짜 징계가 되나 싶어서 직접 교칙 찾아봄 일단 세일고 학칙을 존나 수소문해서 홈피를 뒤진 결과 http://seilhs.icehs.kr/boardCnts/updateCnt.do?m=04&s=seilhs&boardID=229012&viewBoardID=229012&boardSeq=28679052&lev=0&action=view&searchType=&statusYN=W&page=1 ""+title+"" ""+title+"" seilhs.icehs.kr 여기 생활 제반 규정이 나와있다 학생회 구성 관련 부분은 1쪽의 Ⅰ . 학생회 회칙 부분부터 보면 나온다. 그렇다. 학생회장단이 지들 좇대로 결정해서 지도위원장에게 승인을 얻으면 되는 것이다. 그러면 지도위원장은? 교감이다. 즉 학생회 부,차장은 교장교감 묵인만 있으면 지들 좇대로 뽑아도 규정상 문제가 안 된다. 학생회 좇대로 지들끼리 나눠먹어도 어쩔건데? 너가 뭘 할 수 있는데 이 좃밥 새끼야 ㅋㅋ 존나 화내거나 세갤 에 욕이나 패드립 하는거 말고 뭘 할 수있냐고 이 씨발좆밥같은새끼야 ㅋㅋ 이런 상황임 그렇다면 저 인사비리 폭로글은? Ⅲ . 학생 선도 규정 13, 17, 19, 20번에 걸린다고 우길 수 있다. 13번에 자세한 사항은? 응아무튼무슨무슨법위반(사실적시명예회손도포함헷슴)임~~~~~~~ 이런 상황이다. 추가로 여기 IV. 선도 처분 전 생활교육 규정 3조 2항에도 끼워맞출 수 있다. 4줄요약) 1.학생회 구성은 학생회장단이 좇대로 교장교감 묵인만 있어도 규정 상 문제없음 2.글쓴색기는 규정에도 걸리고, 면접도 보고 항의도 해서 누군지 밝혀졌기에 징계를 받을 수 있었 음 학교 교칙하고 생활 제반 규정 개정은 학생회하고 교장이 한다. 이런 식이라면 지들끼리 물고빨아주고 하는 거 세일고 망할 때까지 절대 안 끝난다. 규정 상 문제없다고 하는데 제 13 조 ( 실내화 착용 ) 1. 모든 학생은 실내화를 착용하여야 한다 . 실내화를 신고 운동장이나 학교 밖으 로 출입해서는 안 된다 . 제 16 조 ( 금기 사항 ) 1. 학교 내에서는 껌을 씹지 않는다 . 2. 유해 매체물을 보거나 소지 및 공유하지 않는다 . 3. 교우 간에는 어떤 일이 있어도 폭력적 행동을 하지 않는다 . 9. 지나치게 유행을 따르지 않는다 . 11. 무단 외출을 하지 않는다 . 12. 속어 , 비어 , 은어 사용을 금한다 . 이런 규정은 학교가 제대로 신경이나 씀? 이런 건 대충 편리주의대로 넘어가면서 지들 불리할 때만 꼭 규정에서 취사선택해서 갖다붙이는 일관성없는 일처리는 정당함? 그리고 식으로 규정에 끼워맞출 거 같으면 여기엔 저 선출 방식이 부합함? 면접한다면서 지 측근들 하겠다고 한 절차도 좇대로 제대로 안 걸치고 면접한다고 준비하고 노력한 학생들 기망하고 잘못됐다고 고발하는 글 검열하고 탄압하는 건 성품이 바르고 건전하며 타의 모범이 되는 거임? 모든 학생이 우리 사회의 시민이자 교육의 주체로서 당연한 자기결정권을 행사할 수 있는 거임? 민주적 의사결정이 이런 거임? 다시 한 번 말하자면 우리 학교 교칙은 저런 학생회들하고 교장하고 합의해서 고치는 거임. 3.규정에 맞다고 옳은 거면 북한도 북한 법률상 고문치사 강제노역 합법임 4.이번 기회에 제대로 갈아엎어야지 이 상황대로 냅두면 독재정권처럼 지 혼자 고쳐질 가망도 없음 물론 우리가 학교에 피켓 들고가고 서명운동 하면 학교에서 어떻게든 저 글쓴색기처럼 규정에 어긋날 부분 아득바득 찾아서 징계 먹일라고 하겠지만 어떻게든 이 사태를 오프라인에서든 온라인에서든 알려본다면 썩어빠진 느그 세일고가 그나마 덜 좇같은 우리 세일고가 될 수 있지 않을까 한다. 저 글쓴색기 징계먹이려고 하면서까지 학생 글내려^^ 한 이유가 뭐겠음 알려지면 알려질수록, 학교 밖에까지 알려진다면 좇되니까 그러는 거 아니겠노 어디 한 번 좇되게 해보자",세붕이 (1.243) 2023.09.18 00:55:14 스크랩 조회 1281 추천 32 댓글 2,32,1281,2023.09.18 00:55:14,https://gall.dcinside.com/mini/board/view/?id=seilhs&no=4236&page=13
13,4235,[일반],학생회 비리폭로글 아카이브,https://archive.md/ZMhrj 삭제된다만다 할 당시에 혹시몰라 아카이빙 해뒀었음 오늘 들어와보니까 원글은 진짜 삭제돼있네 ㅇㅇ 볼사람은 봐라,ㅇㅇ (39.7) 2023.09.17 18:33:34 스크랩 조회 1273 추천 31 댓글 0,31,1273,2023.09.17 18:33:34,https://gall.dcinside.com/mini/board/view/?id=seilhs&no=4235&page=13
13,4234,[일반],신고,귀찮다고 신고 안 하는 새끼들아 잘 들어라 너네가 귀찮다고 신고 안 하는건 너네 자신들이 개돼지 라는걸 인증하는거다 난 이 ㅈ같은 조금이라도 바꾸고 싶다 또한 학교 윤영 ㅈ같이 하는 새끼들 엿 멕여보고 싶다 협조 부탁한다 - dc official App,ㅇㅇ (180.80) 2023.09.17 17:05:39 스크랩 조회 295 추천 10 댓글 3,10,295,2023.09.17 17:05:39,https://gall.dcinside.com/mini/board/view/?id=seilhs&no=4234&page=13
13,4233,[일반],뽑는것부터 비리였는데 무슨근거로 징계를먹인다고 협박하는거임?,절차를 지키지 않은 명백한 비리인데 무슨 근거로 그 구성절차를 옹호할 수 있는거고 이를 알린 행위에 대해서 징계를 먹일 수 있는거임? 규정이 어디있는지조차 알 수 없지만 그 어떤 학교 규정이 절차 어기고 자기 친구들 꽂아주는 게 정당하다고 해석됨? 실제로 그렇다면 학교 규정이 잘못된거고 더더욱 어떤 방법으로든 해결해야지 그저 학교 내부 일 밖으로 더 못퍼지게 하려고 교사가 학생에게 공포를 조장하고 억압하려는 것으로밖에 보이지 않는다,ㅇㅇ (211.234) 2023.09.17 11:27:03 스크랩 조회 504 추천 13 댓글 4,13,504,2023.09.17 11:27:03,https://gall.dcinside.com/mini/board/view/?id=seilhs&no=4233&page=13
13,4232,[일반],요즘 은행 직원이 정맥 인증 시킬려고 난리임,하지마 ㅎ,ㅇㅇ (39.118) 2023.09.17 10:22:39 스크랩 조회 274 추천 2 댓글 1,2,274,2023.09.17 10:22:39,https://gall.dcinside.com/mini/board/view/?id=seilhs&no=4232&page=13
13,4230,[일반],오랜만에 세갤 들어왔는데 ㅅㅂ 뭐냐,세일고 좆된거같으면 개추,ㅇㅇ (124.53) 2023.09.16 01:36:43 스크랩 조회 968 추천 32 댓글 2,32,968,2023.09.16 01:36:43,https://gall.dcinside.com/mini/board/view/?id=seilhs&no=4230&page=13
13,4229,[일반],보여주자,애들아 우리 이렇게 살거냐? 이번 기회에 우리가 바꿔보자 이번건은 일이 커서 신고하면 어떤 식으로든 조사 나올거다 지 친구들을 면접 없이 학생회 임원에 앉히고 글 안 내리면 징계 처분이란게 말이 되냐 어떻게 학교에서 비리를 방임하고 피해자에게 뭐라하냐 ㅋㅋㅋ 학생들에게 좋은거 가르쳐 준다 ㅋㅋㅋㅋㅋㅋㅋㅋ 우리도 입만 나불 거리지 말고 신고 하므로서 우리의 단결력을 보여주는 것이다. 100건씩 신고가 들어온다? 아무리 사립이어도 조사 들어온다 이렇게 패배자 마인드로 살거야? 애들아 우리 달라지자 학교에서 학생들을 개호구 병신으로 보는데 이거 나 못 참는다. 학교에서 비리를 눈감아 주고 피해자 찾아서 징계 내린다는걸 보면 진짜 ㅋㅋㅋㅋㅋ 학교 운영 어떻게 했는지 눈에 선하다 - dc official App,ㅇㅇ (223.38) 2023.09.15 19:08:02 스크랩 조회 414 추천 17 댓글 3,17,414,2023.09.15 19:08:02,https://gall.dcinside.com/mini/board/view/?id=seilhs&no=4229&page=13
13,4228,[일반],학생회,"학생회 비리 알리던 글 지우라는게 말이 되는거냐?ㅋㅋ 진짜 안내리면 징계라는게 진짜 어이가 없다. 학생회장 공약 중 장학금 어쩌고 하는거 있는데 그거부터 좀 별로라고 생각하고 있었는데 기어코 일 터지고 제대로 된 자기 입장이나 그런것도 없고 자연스럽게 묻어가려고 하는거 같은데 참 그 학교에 그 학생회장 답다. 공약 별로인것도 있는데 거기에 학생회 비리까지? 아주 잘 한다 잘해. 저런 놈이 학생회장 되니 이런 비리를 저지르고 가만히 있지 ㅉㅉ 이번 학생회장 학생회는 개판일거 같다. 학생회장한테 비리 무슨냐고 다들 물어보는거 들었는데 돌아오는 답변이 가관 허위사실 유포 ㅇㅈㄹㅋㅋ 대가리에 총 맞았냐? 아 그리고 4,5,6반 새끼들아 작작 빨아줘ㅋㅋ 비리 사실 증거도 있는데 ㅈㄴ 빨아주냐 ㅋㅋ 어거지로 커버 치려 하지마",ㅇㅇ1 (223.38) 2023.09.15 18:57:50 스크랩 조회 332 추천 17 댓글 1,17,332,2023.09.15 18:57:50,https://gall.dcinside.com/mini/board/view/?id=seilhs&no=4228&page=13
13,4224,[일반],비리를 저질렀는데도 옹호하는 애들도 있던데 뭐냐,낙하산으로 학생회 선발한 북괴들 수준의 후진적인 막장 정치를 보여주는데 오히려 정당한 절차를 밟은 학생을 탓하면서 무지성 똥꼬빨기 ㅋㅋ 너네 같은 부류들 때문에 정상적인 대통령이 안 나오는 거다 윤읍읍 욕하기 전에 니들부터 돌아봐라 너네 같은 시민의식을 가진 사람들이 커서 투표한 결과가 현재 정치판이니까,ㅇㅇ (223.39) 2023.09.14 18:47:08 스크랩 조회 480 추천 13 댓글 4,13,480,2023.09.14 18:47:08,https://gall.dcinside.com/mini/board/view/?id=seilhs&no=4224&page=13
13,4223,[일반],"살면서 이름에 ""이재""들어가는 사람은 걸러라",ㅇㅇ,야 (211.46) 2023.09.14 15:00:13 스크랩 조회 580 추천 10 댓글 4,10,580,2023.09.14 15:00:13,https://gall.dcinside.com/mini/board/view/?id=seilhs&no=4223&page=13
13,4221,[일반],학생회,비리 사실인가요...??,ㅇㅇ (211.46) 2023.09.14 11:45:10 스크랩 조회 359 추천 7 댓글 2,7,359,2023.09.14 11:45:10,https://gall.dcinside.com/mini/board/view/?id=seilhs&no=4221&page=13
13,4220,[일반],지금 세갤 보면서 진짜 교육청 찌를까봐 덜덜 떨고있는 학생회면 개추,일단 눌러~,ㅇㅇ (211.215) 2023.09.14 02:16:59 스크랩 조회 1000 추천 37 댓글 3,37,1000,2023.09.14 02:16:59,https://gall.dcinside.com/mini/board/view/?id=seilhs&no=4220&page=13
13,4219,[일반],그걸 왜 내리냐,에휴,ㅇㅇ (1.224) 2023.09.13 22:43:57 스크랩 조회 364 추천 9 댓글 2,9,364,2023.09.13 22:43:57,https://gall.dcinside.com/mini/board/view/?id=seilhs&no=4219&page=13
13,4216,[일반],학생회 고발한놈아,나도 비슷한 글 써서 대충 무슨 기분인지 안다 ㅇㅇ 근데 막말로 손해볼게 뭐있냐? 징계? 오히려 밖에서 봤을때 비리숨기려는 행동 그 이상 이하도 아닌 걸로 보일텐데? 수시 챙기느라 똥꼬빨아야하는 처지여도 따로 제보해서 공론화하면 그만이고 ㅋㅋ 너가 잘못한게 없는데 글을 왜 내리냐 너만 죄지은거같아보이게 ㅋㅋ - dc official App,외붕이 (180.80) 2023.09.13 21:36:27 스크랩 조회 633 추천 7 댓글 0,7,633,2023.09.13 21:36:27,https://gall.dcinside.com/mini/board/view/?id=seilhs&no=4216&page=13
13,4215,[일반],힘내라,세일고 친구들아 다른 학교 학생이지만 응원한다 너희들의 단합력을 보여 줌으로서 이뤄 내야한다 일단 교육청 같은 데 찌르면 전화는 당연히 오고 이 정도 사이즈면 직접 직원이 방문 할 수도 있을것 같다. 너희들의 정의를 지지한다. 학생회장을 탄핵 시킬 수 있을 지 모르겠지만 응원 하겠다 - dc official App,ㅇㅇ (223.38) 2023.09.13 20:12:46 스크랩 조회 285 추천 10 댓글 0,10,285,2023.09.13 20:12:46,https://gall.dcinside.com/mini/board/view/?id=seilhs&no=4215&page=13
13,4214,[일반],도와주는 방법,"단체로 민원 넣고 불이익 당하면 민사 넣으셈 같이 분개해줄거면 국민신문고 들어가서 민원 넣어두는게 도와주는거임 나도 비슷한잉 있었는데 개지랄딸어서 결국 쟁취했다 https://www.epeople.go.kr/index.jsp 국민신문고 국민권익위원회가 운영하는 온라인 국민참여포털로 민원신청, 국민제안, 정책참여 창구 www.epeople.go.kr",ㅇㅇ (180.80) 2023.09.13 19:29:26 스크랩 조회 276 추천 3 댓글 1,3,276,2023.09.13 19:29:26,https://gall.dcinside.com/mini/board/view/?id=seilhs&no=4214&page=13
13,4213,[일반],결국 글을 삭제하네,진짜 뉴스나 인터넷에서 봤던 7080식 정치를 학교에서 다 보네 오래 살고 볼 일이다,ㅇㅇ 2023.09.13 08:21:41 스크랩 조회 401 추천 9 댓글 2,9,401,2023.09.13 08:21:41,https://gall.dcinside.com/mini/board/view/?id=seilhs&no=4213&page=13
13,4212,[일반],학생회장이 비리 저지른 게 잘못인데,왜 폭로한 학생이 글 안 지우면 징계 먹이겠다고 협박당하고 글삭하는 일이 발생하냐 조회수라 해 봤자 아직 전교생이 모두 볼 수준 정도로는 안 나왔음,ㅇㅇ (223.39) 2023.09.13 08:02:31 스크랩 조회 559 추천 11 댓글 0,11,559,2023.09.13 08:02:31,https://gall.dcinside.com/mini/board/view/?id=seilhs&no=4212&page=13
13,4211,[일반],학생회 비리 폭로한 친구야 여기서 이럴게 아니라,교육청에 신고를 하든 해야지 전교 2등에 전교회장이고 쌤들도 좋아하는데 학교가 걔 대신 너를 챙겨줄거 같음? 학교는 이악물고 쉬쉬할테니까 적당히 묻을 생각아니면 학교 내에서 해결할 생각은 접는게 좋음,ㅇㅇ (211.234) 2023.09.12 17:34:27 스크랩 조회 1041 추천 20 댓글 1,20,1041,2023.09.12 17:34:27,https://gall.dcinside.com/mini/board/view/?id=seilhs&no=4211&page=13
13,4210,[일반],고민중,세일고 고민중인 중3인데 세일고 좋나요?,ㅇㅇ (121.50) 2023.09.12 16:55:55 스크랩 조회 402 추천 0 댓글 4,0,402,2023.09.12 16:55:55,https://gall.dcinside.com/mini/board/view/?id=seilhs&no=4210&page=13
13,4209,[일반],세일고 어디까지 추락하나,학생회의 실체를 밝힌 글에대고 지우지 않으면 글을 쓴 사람에게 징계를 내리겠다 협박하고있다.,ㅇㅇ (211.234) 2023.09.12 16:37:25 스크랩 조회 630 추천 16 댓글 2,16,630,2023.09.12 16:37:25,https://gall.dcinside.com/mini/board/view/?id=seilhs&no=4209&page=13
13,4208,[일반],학생회 비리,교장부터 인맥빨로 교장된건데 애들이라고 다르겠음? 그냥 그러려니 하셈 원래 이런 학교임,ㅇㅇ (118.223) 2023.09.11 22:55:44 스크랩 조회 645 추천 13 댓글 2,13,645,2023.09.11 22:55:44,https://gall.dcinside.com/mini/board/view/?id=seilhs&no=4208&page=13
13,4207,[일반],영원킴 퇴직한 거 개꼬우면 개추,새로 들어온 쌤이 애들이랑 소통도 잘 되고 훨씬 재밌다 ㄹㅇ,ㅇㅇ (211.215) 2023.09.11 22:11:14 스크랩 조회 468 추천 2 댓글 3,2,468,2023.09.11 22:11:14,https://gall.dcinside.com/mini/board/view/?id=seilhs&no=4207&page=13
13,4206,[일반],사실 지금 학생회장,부정선거 인거 아님? 한 반에서 투표 사이트 로그인 안 된다고 선생한테 말 했는데 아이~그냥 하지마~ 이런식으로 했다는데 이거 설마? 선생과의 모종의 거래가~??,ㅇㅇ (211.215) 2023.09.11 22:07:22 스크랩 조회 568 추천 12 댓글 1,12,568,2023.09.11 22:07:22,https://gall.dcinside.com/mini/board/view/?id=seilhs&no=4206&page=13
13,4205,[일반],나는 쟤네 공약으로 장학금 걸때부터 이상했다,학교돈이 소모품 사두고 시설물 교체하고 학교 학생들 복지에 쓰라고 있는 돈인데 그걸 왜 공부 잘하는 애들 한두명이 나눠가지냐 학생회장이 2학년 전교1등이니까 더더욱 합리적 의심이 듬,ㅇㅇ (211.46) 2023.09.11 21:57:59 스크랩 조회 929 추천 24 댓글 5,24,929,2023.09.11 21:57:59,https://gall.dcinside.com/mini/board/view/?id=seilhs&no=4205&page=13
13,4204,[일반],세일고vs삼겹살,ㅈㄱㄴ,ㅇㅇ (211.46) 2023.09.11 21:10:16 스크랩 조회 353 추천 7 댓글 2,7,353,2023.09.11 21:10:16,https://gall.dcinside.com/mini/board/view/?id=seilhs&no=4204&page=13
13,4203,[일반],이학교는 교칙에 학생회 구성 규정같은것도 없냐,진짜 저렇게 대놓고 비리로 뽑는게 가능하다고?,불멸의 세붕이 (211.46) 2023.09.11 19:50:42 스크랩 조회 327 추천 8 댓글 0,8,327,2023.09.11 19:50:42,https://gall.dcinside.com/mini/board/view/?id=seilhs&no=4203&page=13
13,4202,[일반],수학 교과서 나눠줄 3학년 형들 없나,2학기니깐 자습만 시킬거잖음 똥싸면서 볼게 필요한데 주실분?,ㅇㅇ (211.46) 2023.09.11 08:57:27 스크랩 조회 331 추천 0 댓글 1,0,331,2023.09.11 08:57:27,https://gall.dcinside.com/mini/board/view/?id=seilhs&no=4202&page=13
13,4200,[일반],세일고 갤러리 선생님들 톡방에 뿌린다,하도 병신같은글 많아서,유교보이 (211.46) 2023.09.07 14:49:07 스크랩 조회 683 추천 2 댓글 3,2,683,2023.09.07 14:49:07,https://gall.dcinside.com/mini/board/view/?id=seilhs&no=4200&page=13
13,4198,[일반],로블 세일고 그룹 만들었누,SE일고 - Roblox,비번호호 (116.38) 2023.09.05 18:17:26 스크랩 조회 302 추천 0 댓글 1,0,302,2023.09.05 18:17:26,https://gall.dcinside.com/mini/board/view/?id=seilhs&no=4198&page=13
13,4197,[일반],강수진 반은 야자 강제 참여냐?,야자 안하면 ㅈㄴ 꼽주고 강제로 시키려 함?,ㅇㅇ (223.39) 2023.09.04 22:27:04 스크랩 조회 645 추천 1 댓글 3,1,645,2023.09.04 22:27:04,https://gall.dcinside.com/mini/board/view/?id=seilhs&no=4197&page=13
14,4196,[일반],9평연계,고전시가-일동장유가 현대시-능금 고전소설-김원전 현대소설-비연계,ㅇㅇ (1.233) 2023.09.04 00:10:09 스크랩 조회 205 추천 0 댓글 0,0,205,2023.09.04 00:10:09,https://gall.dcinside.com/mini/board/view/?id=seilhs&no=4196&page=14
14,4195,[일반],금딸 한달째다,와아ㅜ,금딸리우스 (1.211) 2023.09.01 07:39:13 스크랩 조회 389 추천 4 댓글 4,4,389,2023.09.01 07:39:13,https://gall.dcinside.com/mini/board/view/?id=seilhs&no=4195&page=14
14,4192,[일반],2학년 방과후 수강하는 사람 필독,2학년중에 2학기 방과후 수강하는 사람은 무조건 화/목 방과후를 이두희 선생님께서 하시는 '정치이슈토론발표' 신청하도록. - dc official App,방과후차한잔 2023.08.28 17:11:08 스크랩 조회 406 추천 0 댓글 2,0,406,2023.08.28 17:11:08,https://gall.dcinside.com/mini/board/view/?id=seilhs&no=4192&page=14
14,4185,[일반],대입에 세일고가 ㅈ같긴 하네,ㅈ반고는 ㅈ반고대로 내신 따고 대학가고 특목고는 특목고대로 생기부 채우고 대학가는데 세일고는 내신으로 대학 내신컷당하고 생기부로 딱히 커버도 안되니까 인원수까지 적어서 관짝에 못박아버린게 ㄹㅈㄷ,ㅇㅇ (1.224) 2023.08.27 14:58:13 스크랩 조회 676 추천 20 댓글 1,20,676,2023.08.27 14:58:13,https://gall.dcinside.com/mini/board/view/?id=seilhs&no=4185&page=14
14,4184,[일반],조센징 특징:도와불것도 아니면서 오지랖부림,ㅇㅇ,노무현의응디제국 (121.173) 2023.08.27 13:19:25 스크랩 조회 164 추천 4 댓글 0,4,164,2023.08.27 13:19:25,https://gall.dcinside.com/mini/board/view/?id=seilhs&no=4184&page=14
14,4183,[일반],세일고 2등급대는 어디가냐,ㅈㄱㄴ - dc official App,찐따 (116.39) 2023.08.22 07:18:25 스크랩 조회 818 추천 0 댓글 6,0,818,2023.08.22 07:18:25,https://gall.dcinside.com/mini/board/view/?id=seilhs&no=4183&page=14
14,4182,[일반],세일고찐따어쩌고<<이새끼 아직도 활동함?,내신 ㅈ박은 븅신인갑네,ㅇㅇ (223.38) 2023.08.21 20:36:46 스크랩 조회 406 추천 0 댓글 2,0,406,2023.08.21 20:36:46,https://gall.dcinside.com/mini/board/view/?id=seilhs&no=4182&page=14
14,4180,[일반],박종민,왤케 띠껍냐?  조울증걸림?,기하혐오자 (182.209) 2023.08.19 20:59:43 스크랩 조회 1487 추천 87 댓글 7,87,1487,2023.08.19 20:59:43,https://gall.dcinside.com/mini/board/view/?id=seilhs&no=4180&page=14
14,4179,[일반],03 선배님들,선배님들 학년 중 카이스트 간 졸업생 있다는데 그 선배 학교생활이나 특성 등등 어땠나요,ㅇㅇ (218.52) 2023.08.18 21:13:32 스크랩 조회 442 추천 1 댓글 8,1,442,2023.08.18 21:13:32,https://gall.dcinside.com/mini/board/view/?id=seilhs&no=4179&page=14
14,4172,[일반],요즘 세일고 감이 개쳐뒤진 이유,현 2학년까진 대부분이 자사고나 특목고 떨어져서 세일고 오거나 1차 떨어져서 오는 애들이 대부분이었는데 지금은 세일고가 비평준화 돼서 현 1학년들은 지가 가고 싶어서 쓴 애들이 많아서 그렇다. 원치도 않는 학교 와서 반발심이 들어야 세갤에 와서 누구누구 뒷담도 까고 세일고 욕하는 분위기 때문에 많이 하는데 지들이 원해서 온 거면 탓 할 게 없으니까 세갤을 잘 안 하는거임 ㅇㅇ,ㅇㅇ (211.215) 2023.08.11 19:57:52 스크랩 조회 1579 추천 31 댓글 4,31,1579,2023.08.11 19:57:52,https://gall.dcinside.com/mini/board/view/?id=seilhs&no=4172&page=14
14,4167,[일반],상온상압 초전도체 lk-99가 진짜라면 할수있는 것,2톤무게의 읍읍읍을 공중에 띄우는 것이 가능 누구라곤 말 안 함 ㅇㅇ,세일고암흑의은둔고수 2023.08.04 23:56:22 스크랩 조회 726 추천 31 댓글 1,31,726,2023.08.04 23:56:22,https://gall.dcinside.com/mini/board/view/?id=seilhs&no=4167&page=14
14,4166,[일반],어떻게 학교 이름이 Sale goㅋㅋㅋㅋㅋㅋㅋㅋ,십ㅋㅋㅋㅋㅋㅋㅋㅋㅋㅋ 이름으로 웃기는 학교는 여기가 세계제일이노ㅋㅋㅋㅋㅋ,ㅇㅇ (125.191) 2023.08.01 20:31:04 스크랩 조회 504 추천 1 댓글 2,1,504,2023.08.01 20:31:04,https://gall.dcinside.com/mini/board/view/?id=seilhs&no=4166&page=14
14,4165,[일반],경제돼지 이현승,ㅇㅇ,ㅇㅇ (77.111) 2023.07.29 04:11:13 스크랩 조회 213 추천 0 댓글 0,0,213,2023.07.29 04:11:13,https://gall.dcinside.com/mini/board/view/?id=seilhs&no=4165&page=14
14,4164,[일반],윤인경은 늘 똑같은 루트만 반복함,그냥 알고리즘이 정해져 있음 늘 1학년 한국사만 가르치고 늘 1학년 1반 담임만 맡음,블랙잭플레이어21 2023.07.26 18:30:42 스크랩 조회 563 추천 4 댓글 0,4,563,2023.07.26 18:30:42,https://gall.dcinside.com/mini/board/view/?id=seilhs&no=4164&page=14
14,4160,[일반],느그들 아직 방학 안했냐?,학원에서 병신같은 세일고 교복 입고다니던 새끼 이번주 월요일에 봤는데 방학 안한거임? 아니면 했는데 입고 다니는거면 뭐하는 새끼인거냐,ㅇㅇ (118.222) 2023.07.25 01:27:22 스크랩 조회 321 추천 1 댓글 1,1,321,2023.07.25 01:27:22,https://gall.dcinside.com/mini/board/view/?id=seilhs&no=4160&page=14
14,4159,[일반],스카 옆자리 여중딩 자는거 찍어봤는데 어떰?,제자야.,ㅇㅇ (118.235) 2023.07.23 22:24:23 스크랩 조회 967 추천 4 댓글 3,4,967,2023.07.23 22:24:23,https://gall.dcinside.com/mini/board/view/?id=seilhs&no=4159&page=14
14,4158,[일반],조센징벌레년들아 오지랖좀 박작 처부려라,센징벌레들아 너 자신이나 잘 신경써 씨발 오지랖 작작 처부리고 조센징벌레들은 오지랖과 강요 없이는 못사노?,깃깃 (223.38) 2023.07.22 23:57:08 스크랩 조회 298 추천 0 댓글 1,0,298,2023.07.22 23:57:08,https://gall.dcinside.com/mini/board/view/?id=seilhs&no=4158&page=14
14,4157,[일반],딥키스짤,,전생했더니엄준식이였던건에대해 2023.07.22 20:52:25 스크랩 조회 421 추천 1 댓글 0,1,421,2023.07.22 20:52:25,https://gall.dcinside.com/mini/board/view/?id=seilhs&no=4157&page=14
14,4156,[일반],교명 아무리 생각해도 ㄱㅇㄱㄴ,학교 이름이 어떻게 Sale고 ㅋㅋㅋ 교명변경 하고 싶다,BLACKJACK21 2023.07.21 08:05:46 스크랩 조회 439 추천 0 댓글 3,0,439,2023.07.21 08:05:46,https://gall.dcinside.com/mini/board/view/?id=seilhs&no=4156&page=14
14,4155,[일반],JEIL,제일고다. 축구하자 삭발빵,ㅇㅇ (110.8) 2023.07.21 00:17:05 스크랩 조회 294 추천 0 댓글 1,0,294,2023.07.21 00:17:05,https://gall.dcinside.com/mini/board/view/?id=seilhs&no=4155&page=14
14,4154,[일반],자지❤+,,전생했더니엄준식이였던건에대해 2023.07.20 23:22:11 스크랩 조회 581 추천 0 댓글 2,0,581,2023.07.20 23:22:11,https://gall.dcinside.com/mini/board/view/?id=seilhs&no=4154&page=14
14,4153,[일반],어형이야 ㅋㅋㅋ,군적금 형이야 ㅋㅋ,전생했더니엄준식이였던건에대해 2023.07.19 18:35:18 스크랩 조회 274 추천 0 댓글 0,0,274,2023.07.19 18:35:18,https://gall.dcinside.com/mini/board/view/?id=seilhs&no=4153&page=14
14,4152,[일반],최성묵 장1애,ㅇㅈ,ㅇㅇ (125.180) 2023.07.18 22:44:05 스크랩 조회 193 추천 0 댓글 0,0,193,2023.07.18 22:44:05,https://gall.dcinside.com/mini/board/view/?id=seilhs&no=4152&page=14
14,4150,[일반],이 좆찐따 갤은 뭐냐???,계양고 갤에서왓다 주딱 파딱끼리 갤삭제빵 함 뜨자,전생했더니엄준식이였던건에대해 2023.07.18 00:06:47 스크랩 조회 604 추천 4 댓글 5,4,604,2023.07.18 00:06:47,https://gall.dcinside.com/mini/board/view/?id=seilhs&no=4150&page=14
14,4149,[일반],우리 학교에는 빡뿡이없냐?,,외접원 (118.235) 2023.07.17 23:35:29 스크랩 조회 293 추천 0 댓글 1,0,293,2023.07.17 23:35:29,https://gall.dcinside.com/mini/board/view/?id=seilhs&no=4149&page=14
14,4148,[일반],학교에서 뭐 쌔벼가는사건 있으면 민규<<무조건 이새끼임,점심시간에 남들 다 나갈때 내가 뭐 쌔비는거 봄,ㅇㅇ (175.210) 2023.07.17 23:32:41 스크랩 조회 337 추천 0 댓글 2,0,337,2023.07.17 23:32:41,https://gall.dcinside.com/mini/board/view/?id=seilhs&no=4148&page=14
14,4147,[일반],인생사 새옹지마라,세상만사에 호재가 있으면 악재가 있고 악재가 있으면 반드시 호재가 있으므로 원하는 것에 집착과 미련을 갖지 않고 일이 생각대로 안되도 담담히 받아들이며 넘어져도 다시 앞을 주시할 수 있는 자세야말로 사는데 가장 필수적이고 또 중요한 자세가 아닐까 한다.,세일고에서찐따였던내가세일갤에선호감고닉 2023.07.17 21:34:20 스크랩 조회 320 추천 5 댓글 4,5,320,2023.07.17 21:34:20,https://gall.dcinside.com/mini/board/view/?id=seilhs&no=4147&page=14
14,4146,[일반],이번에 새로 만든 인천여고 갤러리 놀러오세요~,https://m.dcinside.com/board/ingh 세일고 오빠들 환영해요*^○^*,윤카레 2023.07.17 11:53:22 스크랩 조회 400 추천 0 댓글 3,0,400,2023.07.17 11:53:22,https://gall.dcinside.com/mini/board/view/?id=seilhs&no=4146&page=14
14,4145,[일반],수시 끝내고 정시 준비하는 게이게이,본인 피셜 상정고 일짱은 나다 - dc official App,니뒷구멍파괴자 2023.07.16 16:02:01 스크랩 조회 452 추천 1 댓글 3,1,452,2023.07.16 16:02:01,https://gall.dcinside.com/mini/board/view/?id=seilhs&no=4145&page=14
14,4144,[일반],솔직히 세일고에서 정파 외치고 다닐 거면,모고 올1 정도는 나와야 하는 거 아닌가 서울 주요 16개 대학 빼면 오히려 수시 비중을 늘리고 있는데 실력도 없으면서 정시하겠다고 나대다가는 지잡대도 가기 힘듦 니가 저 16개 대학 들어갈 수 있는 자신 없으면 걍 수시로 지잡대라도 가라,ㅇㅇ (223.38) 2023.07.15 18:00:24 스크랩 조회 487 추천 0 댓글 3,0,487,2023.07.15 18:00:24,https://gall.dcinside.com/mini/board/view/?id=seilhs&no=4144&page=14
14,4143,[일반],솔직히 2번은 좀 ㅋㅋㅋ,아 참고로 윤석열 얘기입니다 ^^,ㅇㅇ (211.215) 2023.07.13 23:30:53 스크랩 조회 452 추천 3 댓글 3,3,452,2023.07.13 23:30:53,https://gall.dcinside.com/mini/board/view/?id=seilhs&no=4143&page=14
14,4142,[일반],솔직히 지금 학교에서 하는 활동하는거보다,걍 집에 가는게 나으면 개추 일단나부터,백자흑미 (211.215) 2023.07.12 01:11:51 스크랩 조회 792 추천 29 댓글 0,29,792,2023.07.12 01:11:51,https://gall.dcinside.com/mini/board/view/?id=seilhs&no=4142&page=14
14,4141,[일반],니네 그런다고 인서울 할 수 있을것 같냐?????,빨리 자퇴하고 정시봐라. 뇌만 박혔으면 정시 인서울 된다.,ㅇㅇ (126.157) 2023.07.09 22:00:37 스크랩 조회 403 추천 4 댓글 1,4,403,2023.07.09 22:00:37,https://gall.dcinside.com/mini/board/view/?id=seilhs&no=4141&page=14
14,4140,[일반],할1717카스 떴냐??,떴다 이 개 씨발련들아,ㅇㅇ (126.157) 2023.07.09 21:59:03 스크랩 조회 331 추천 0 댓글 2,0,331,2023.07.09 21:59:03,https://gall.dcinside.com/mini/board/view/?id=seilhs&no=4140&page=14
14,4139,[일반],ㅈㄱ,ㄱㅅㅎ ㅂㅅㅋㅋㅋ,ㅇㅇ1 (1.243) 2023.07.09 21:07:45 스크랩 조회 159 추천 0 댓글 0,0,159,2023.07.09 21:07:45,https://gall.dcinside.com/mini/board/view/?id=seilhs&no=4139&page=14
14,4138,[일반],국어 ㅇㄴㅇ 선생님 혹시 세일고에 계시나요?,부평에 있는 남고로 발령 받으셨다고 들었는데 혹시 세일고에 계실까요? (국어 기간제 ㅇㄴㅇ 선생님입니다.),ㅇㅇ (115.93) 2023.07.08 18:51:43 스크랩 조회 596 추천 2 댓글 4,2,596,2023.07.08 18:51:43,https://gall.dcinside.com/mini/board/view/?id=seilhs&no=4138&page=14
14,4136,[일반],이재은 선생님 참선생 코스프레 다하더니,정작 생윤에서 서술형 나온다는 거 문과반에서만 알려줬다네요^^ 안그래도 문과 살려주려고 전학년 듣게하는 생윤에서 이게 뭐하는 겁니까,ㅇㅇ (1.224) 2023.07.06 16:57:59 스크랩 조회 1825 추천 37 댓글 6,37,1825,2023.07.06 16:57:59,https://gall.dcinside.com/mini/board/view/?id=seilhs&no=4136&page=14
14,4135,[일반],김인수 선생님,단답 1번을 등차중항이 아니라 걍 내셨더라고요 정말 풀고나서 자살충동 들었으니까 교육부에 신고할게요,백자흑미 (211.234) 2023.07.06 12:56:49 스크랩 조회 457 추천 0 댓글 1,0,457,2023.07.06 12:56:49,https://gall.dcinside.com/mini/board/view/?id=seilhs&no=4135&page=14
14,4133,[일반],세일고 엘리베이터,매점 옆에서 생선 썩은 냄새 나던데 이거 맞냐?,ㅇㅇ (122.38) 2023.07.05 20:15:44 스크랩 조회 350 추천 4 댓글 1,4,350,2023.07.05 20:15:44,https://gall.dcinside.com/mini/board/view/?id=seilhs&no=4133&page=14
14,4131,[급식],내일급식,구슬아이스크림 개맛있겠노,ㅇㅇ (211.46) 2023.07.03 13:21:44 스크랩 조회 228 추천 0 댓글 0,0,228,2023.07.03 13:21:44,https://gall.dcinside.com/mini/board/view/?id=seilhs&no=4131&page=14
14,4129,[일반],동아시아사 시험 준비 ㅁㅌㅊ?,중국대륙의 기운을 받기 위해 중국 진시황 고르고 만리장성 ㅈㄴ짓는중 이정도면 내일 시험 100점 가능하냐,세일고에서찐따였던내가세일갤에선호감고닉 2023.07.03 00:08:28 스크랩 조회 444 추천 14 댓글 2,14,444,2023.07.03 00:08:28,https://gall.dcinside.com/mini/board/view/?id=seilhs&no=4129&page=14
14,4127,[일반],야 기분좋다,하아 언조비카이,노무현의응디제국 (223.38) 2023.07.02 12:41:02 스크랩 조회 185 추천 0 댓글 0,0,185,2023.07.02 12:41:02,https://gall.dcinside.com/mini/board/view/?id=seilhs&no=4127&page=14
14,4126,[일반],오늘 학교에 누가 토했음?,옆에서 직접 봤으면 비위 상해서 오늘 하루 밥맛 없었을 거 같네,ㅇㅇ (218.52) 2023.07.01 00:38:49 스크랩 조회 394 추천 0 댓글 1,0,394,2023.07.01 00:38:49,https://gall.dcinside.com/mini/board/view/?id=seilhs&no=4126&page=14
14,4125,[일반],ㅅㅂ 학교에 토 좀 하지마라,토할거 같으면 변기에다가 하던가 토를 했으면 치우던가 ㅅㅂ  계단에도 있던데 사람이 밟으면 어쩌려고 더럽게 ㅅㅂ - dc official App,ㅇㅇ (58.232) 2023.06.30 22:53:45 스크랩 조회 404 추천 2 댓글 2,2,404,2023.06.30 22:53:45,https://gall.dcinside.com/mini/board/view/?id=seilhs&no=4125&page=14
14,4123,[일반],1학년 세붕이인데,우리반 보면 거의 실명고닉디시나 다름이 없던데 우리반만 이런거임? - dc official App,ㅇㅇ (106.101) 2023.06.30 00:21:47 스크랩 조회 421 추천 1 댓글 1,1,421,2023.06.30 00:21:47,https://gall.dcinside.com/mini/board/view/?id=seilhs&no=4123&page=14
14,4122,[일반],2학년 8반 ㄱㅇ들아,너네들은 앞으로 뭐 해 먹고 살 거길래 수업시간에 자습 줬는데 마라탕 사업 얘기만 주구장창 했냐,ㅇㅇ (218.52) 2023.06.29 17:35:21 스크랩 조회 431 추천 3 댓글 6,3,431,2023.06.29 17:35:21,https://gall.dcinside.com/mini/board/view/?id=seilhs&no=4122&page=14
14,4119,[일반],이렇게 해가면 화작선생 극대노하냐?,아니 진짜 풀이랑 투명테이프가 없다고,ㅇㅇ (211.215) 2023.06.25 23:06:20 스크랩 조회 725 추천 4 댓글 4,4,725,2023.06.25 23:06:20,https://gall.dcinside.com/mini/board/view/?id=seilhs&no=4119&page=14
14,4118,[일반],2015년 졸업생인데 트라우마 때문에몸 존나만듬ㅋㅋ,으허허 - dc official App,ㅇㅇ (58.78) 2023.06.25 20:12:13 스크랩 조회 768 추천 1 댓글 11,1,768,2023.06.25 20:12:13,https://gall.dcinside.com/mini/board/view/?id=seilhs&no=4118&page=14
14,4117,[일반],2015년 졸업생인데 고등학교 지옥같았지만,그립기도하네 ㅎㅎ.. - dc official App,ㅇㅇ (58.78) 2023.06.25 19:56:43 스크랩 조회 332 추천 1 댓글 1,1,332,2023.06.25 19:56:43,https://gall.dcinside.com/mini/board/view/?id=seilhs&no=4117&page=14
14,4116,[일반],은갈치 선생님 졸업생들에게 미안하다해주셔서,감사합니다.. - dc official App,ㅇㅇ (223.62) 2023.06.25 19:52:24 스크랩 조회 767 추천 0 댓글 3,0,767,2023.06.25 19:52:24,https://gall.dcinside.com/mini/board/view/?id=seilhs&no=4116&page=14
15,4115,[일반],2015년 졸업생인데 이재빈 선생님 나땐 되게,온순하셨고 조용하셨었음 온화하셨는데 많이 변하셨나보네 - dc official App,ㅇㅇ (114.201) 2023.06.25 19:30:22 스크랩 조회 617 추천 0 댓글 1,0,617,2023.06.25 19:30:22,https://gall.dcinside.com/mini/board/view/?id=seilhs&no=4115&page=15
15,4112,[일반],ㅇㅇ,ㅇ,ㅇㅇ (45.87) 2023.06.25 17:48:56 스크랩 조회 154 추천 0 댓글 0,0,154,2023.06.25 17:48:56,https://gall.dcinside.com/mini/board/view/?id=seilhs&no=4112&page=15
15,4109,[일반],세릴고의 뤼대하신 교장 리재빈 수령동지,나가 뒤지세요,롤좀 (61.33) 2023.06.25 13:18:09 스크랩 조회 308 추천 5 댓글 0,5,308,2023.06.25 13:18:09,https://gall.dcinside.com/mini/board/view/?id=seilhs&no=4109&page=15
15,4108,[일반],이 글을 보는 사람들은,어서 네이버웹툰 호랑이형님을 봐라.,홍운기 옹의 전설 (115.138) 2023.06.23 23:52:25 스크랩 조회 318 추천 1 댓글 2,1,318,2023.06.23 23:52:25,https://gall.dcinside.com/mini/board/view/?id=seilhs&no=4108&page=15
15,4107,[일반],1학년들아 글 좀 올려라,너네들 어차피 다 폐급이잖냐 그러니까 세갤 황량하게 만들지 말고 나대도 좋으니까 글 좀 써라,ㅇㅇ (223.38) 2023.06.22 17:43:41 스크랩 조회 331 추천 3 댓글 1,3,331,2023.06.22 17:43:41,https://gall.dcinside.com/mini/board/view/?id=seilhs&no=4107&page=15
15,4105,[일반],여기 갤도 ㅈㄴ 식었네ㅋㅋㅋㅋㅋ,부광고 화이팅!!! - dc official App,ㅇㅇ (218.52) 2023.06.21 22:10:37 스크랩 조회 352 추천 0 댓글 2,0,352,2023.06.21 22:10:37,https://gall.dcinside.com/mini/board/view/?id=seilhs&no=4105&page=15
15,4104,[일반],1학년,2m는 될 거 같은 애 하나 있네 ㅇㅇ; 좀 무서움 ㅋㅋ,ㅇㅇ (211.46) 2023.06.20 13:56:14 스크랩 조회 273 추천 4 댓글 0,4,273,2023.06.20 13:56:14,https://gall.dcinside.com/mini/board/view/?id=seilhs&no=4104&page=15
15,4103,[일반],어제 버스타는데 세갤하던 여중생봄,어제 학원 끝나고 집가려고 버스 기다리면서 념글이나 보려고 폰 보고있는데 옆에서 시선이 느껴져서 보니까 어떤 귀여운 중학생쯤 되보이는 여자애가 쳐다보고 있더라 그래서 걍 시선 돌리면서 손에 폰 들고 있길애 뭐하나 봤는데 ㄹㅇ 아침에 봤던 념글이 바로 보이더라 ㅋㅋㅋㅋㅋㅋ 바로 다시 얼굴을 놀란 표정으로 쳐다봤는데 맙소사 거울에 비친 와따시 였던 거시에요 하와와 ㅠㅁㅠ 얼마나 놀랬던지 본인쟝은 밖에서 보니 더 귀여웠던 걸까나~ 자기 얼굴도 몰라본거시에요 엣큥  (´ლ`)ﾌﾌ♡,ㅇㅇ (122.34) 2023.06.17 21:11:52 스크랩 조회 646 추천 15 댓글 3,15,646,2023.06.17 21:11:52,https://gall.dcinside.com/mini/board/view/?id=seilhs&no=4103&page=15
15,4102,[일반],조센징새끼들아,내자지 발기헸다 빨아줘,롤좀 (116.38) 2023.06.15 21:16:47 스크랩 조회 196 추천 2 댓글 0,2,196,2023.06.15 21:16:47,https://gall.dcinside.com/mini/board/view/?id=seilhs&no=4102&page=15
15,4099,[일반],조센조센조센징,바퀴벌레 조센징,우흥하고울어요 (223.38) 2023.06.15 17:46:05 스크랩 조회 159 추천 1 댓글 0,1,159,2023.06.15 17:46:05,https://gall.dcinside.com/mini/board/view/?id=seilhs&no=4099&page=15
15,4094,[일반],정보) 오늘 중식은 3학년 1반이 정한 메뉴였다,브로콜리 칠리새우 베추김치 아욱국 3학년 1반 학생들 덕분에 맛있는 중식 먹을 수 있었네요~ 학생들의 건강을 고려해 열심히 메뉴를 고안헤준 3학년 1반 친구들에게 따뜻한 응원의 댓글 한마디씩 부탁드립니다!!,세일고에서찐따였던내가세일갤에선호감고닉 2023.06.13 19:24:46 스크랩 조회 441 추천 4 댓글 0,4,441,2023.06.13 19:24:46,https://gall.dcinside.com/mini/board/view/?id=seilhs&no=4094&page=15
15,4092,[일반],세일고 1학년 빡빡이 존나 잘생겼....,존나 잘생겼네 - dc official App,ㅇㅇ (106.101) 2023.06.12 18:37:53 스크랩 조회 542 추천 0 댓글 1,0,542,2023.06.12 18:37:53,https://gall.dcinside.com/mini/board/view/?id=seilhs&no=4092&page=15
15,4091,[일반],세일고 1학년 3반 빡빡이 뒤진다,.....잘생기지마라 - dc official App,ㅇㅇ (106.101) 2023.06.12 18:37:17 스크랩 조회 357 추천 0 댓글 0,0,357,2023.06.12 18:37:17,https://gall.dcinside.com/mini/board/view/?id=seilhs&no=4091&page=15
15,4090,[일반],페도마스 U149 9화까지 후기,https://youtu.be/7hOZPtgp6_A 볼거 찾아보다가 유명하길래 한번 봤다 아이마스 전작 하나도 본거 없고 이게 첫번째로 본건데 볼만했음 내용은 여초딩들 나오는 일상물 반 아이돌물 반 스토리에 딱히 줄기가 있는건 아니고 매화마다 에피소드 하나씩으로 끊김 구성이 이래서 호불호 조금 있을듯 귀여운 여아들이 꺄르륵 거리는걸 보고있으면 힐링됨 의외로 페도요소는 전혀 없었다 얘 귀엽죠 ㅠㅠㅠㅠㅠㅠ ㄹㅇ 코하루 보는 맛에 봄 담주가 기대된다,세일고에서찐따였던내가세일갤에선호감고닉 2023.06.10 03:18:39 스크랩 조회 308 추천 3 댓글 5,3,308,2023.06.10 03:18:39,https://gall.dcinside.com/mini/board/view/?id=seilhs&no=4090&page=15
15,4089,[일반],세갤 리즈시절,미갤 실북 4위 찍었었음 ㄹㅇ임,미친찐따 2023.06.10 01:57:47 스크랩 조회 679 추천 7 댓글 6,7,679,2023.06.10 01:57:47,https://gall.dcinside.com/mini/board/view/?id=seilhs&no=4089&page=15
15,4088,[일반],ㅆㄷㅉ,ㅇ,우흥하고울어요 (223.38) 2023.06.09 18:38:40 스크랩 조회 282 추천 2 댓글 1,2,282,2023.06.09 18:38:40,https://gall.dcinside.com/mini/board/view/?id=seilhs&no=4088&page=15
15,4086,[일반],아니 시발 시험시간표 짠 새끼 누구냐,물리+확통/화학+수학 진짜 악마새끼가 따로 없노,ㅇㅇ (223.38) 2023.06.09 17:33:57 스크랩 조회 498 추천 9 댓글 1,9,498,2023.06.09 17:33:57,https://gall.dcinside.com/mini/board/view/?id=seilhs&no=4086&page=15
15,4085,[일반],세붕이들아 우리 시험 언제 보냐,ㅈㄱㄴ - dc official App,ㅇㅇ (124.50) 2023.06.08 00:47:18 스크랩 조회 227 추천 0 댓글 1,0,227,2023.06.08 00:47:18,https://gall.dcinside.com/mini/board/view/?id=seilhs&no=4085&page=15
15,4084,[일반],야 씨빌 구글에,귀얍게 해줘 라고 검색하면 야짤 존니많이 나온다 ㄷㄷ,ㅇ (175.210) 2023.06.07 18:07:03 스크랩 조회 439 추천 1 댓글 5,1,439,2023.06.07 18:07:03,https://gall.dcinside.com/mini/board/view/?id=seilhs&no=4084&page=15
15,4083,[일반],예아,ㅇ,분탕맨 (223.38) 2023.06.07 06:35:52 스크랩 조회 257 추천 7 댓글 1,7,257,2023.06.07 06:35:52,https://gall.dcinside.com/mini/board/view/?id=seilhs&no=4083&page=15
15,4081,[일반],세일갤은 내학교 아니여도 불쌍해서 글써주고 싶음,ㅠㅠ 망갤 다되가노 - dc official App,ㅇㅇ (223.38) 2023.06.07 01:12:43 스크랩 조회 370 추천 1 댓글 3,1,370,2023.06.07 01:12:43,https://gall.dcinside.com/mini/board/view/?id=seilhs&no=4081&page=15
15,4080,[일반],ㅇ,ㅇ,분탕맨 (223.38) 2023.06.06 21:43:51 스크랩 조회 184 추천 2 댓글 0,2,184,2023.06.06 21:43:51,https://gall.dcinside.com/mini/board/view/?id=seilhs&no=4080&page=15
15,4079,[일반],ㅇ,ㅇ,분탕맨 (223.38) 2023.06.06 21:43:17 스크랩 조회 134 추천 1 댓글 0,1,134,2023.06.06 21:43:17,https://gall.dcinside.com/mini/board/view/?id=seilhs&no=4079&page=15
15,4078,[일반],메이드,예아,분탕맨 (223.38) 2023.06.06 21:42:10 스크랩 조회 202 추천 4 댓글 0,4,202,2023.06.06 21:42:10,https://gall.dcinside.com/mini/board/view/?id=seilhs&no=4078&page=15
15,4077,[일반],미친찐따 선배님,몇 년도 졸업이신가요,블랙잭플레이어21 2023.06.06 20:31:55 스크랩 조회 418 추천 2 댓글 2,2,418,2023.06.06 20:31:55,https://gall.dcinside.com/mini/board/view/?id=seilhs&no=4077&page=15
15,4076,[일반],물화생특,다들 수능때 지구과학봄,ㅇㅇ (118.46) 2023.06.06 18:29:59 스크랩 조회 208 추천 1 댓글 0,1,208,2023.06.06 18:29:59,https://gall.dcinside.com/mini/board/view/?id=seilhs&no=4076&page=15
15,4075,[일반],갤 개쳐망했네 ㅅㅂ 내가 살려야겠다,작년 이맘때엔 하루에 글 5개씩도 올라오고 그랬는데 지금은 5일에 하나 올라오는 수준이노 글 조회수는 200~300 유지되는걸 보면 갤 보는사람이 많이 적어진건 아니다 글쓰는사람이 적어졌을뿐 따라서 세일고 대표 앰생백수인 내가 총대메고 갤 활성화를 위해 글을 열심히 써야겠다 나와 뜻을 같이하는 학우들은 학교글이든 일상글이든 많이 작성해주도록.,세일고에서찐따였던내가세일갤에선호감고닉 2023.06.05 03:06:20 스크랩 조회 425 추천 15 댓글 6,15,425,2023.06.05 03:06:20,https://gall.dcinside.com/mini/board/view/?id=seilhs&no=4075&page=15
15,4073,[일반],세일고 씹덕고 아니었노?,왜 다들 부정하듯이 말해.. ​ 사실은... 좋.잖.아 - dc official App,ㅇㅇ (58.234) 2023.06.01 00:46:18 스크랩 조회 1240 추천 46 댓글 4,46,1240,2023.06.01 00:46:18,https://gall.dcinside.com/mini/board/view/?id=seilhs&no=4073&page=15
15,4072,[일반],어어,https://m.youtube.com/watch?v=UlTgw66bjJE&pp=ygUT7Jil7Iqs7JWEIOyCrOueke2VtA%3D%3D 옥슬아 사랑해(2010.12.21) #브베옥슬이사랑해#사랑해#착해#띵 m.youtube.com,징쿠 (223.38) 2023.05.31 22:26:21 스크랩 조회 158 추천 0 댓글 0,0,158,2023.05.31 22:26:21,https://gall.dcinside.com/mini/board/view/?id=seilhs&no=4072&page=15
15,4071,[일반],최애의 아이 재밌네,https://youtu.be/ZRtdQ81jPUQ YOASOBI「アイドル」 Official Music Video Streaming & Download : https://orcd.co/yoasobi_idolMusic : Ayase (https://twitter.com/ayase_0404)Vocal : ikura (https://twitter.com/ikutalilas)Background Cho... youtu.be 노래부터 들어봤는데 좋길래 애니까지 봄 재밌어서 오늘 7화까지 쭉달렸다 쿨찐 주인공 ㅈ간지노,세일고에서찐따였던내가세일갤에선호감고닉 2023.05.31 02:12:51 스크랩 조회 386 추천 2 댓글 6,2,386,2023.05.31 02:12:51,https://gall.dcinside.com/mini/board/view/?id=seilhs&no=4071&page=15
15,4070,[일반],헤으으으으응,눈ㄴ나 나 뒤져,징쿠 (116.38) 2023.05.30 19:26:33 스크랩 조회 214 추천 0 댓글 2,0,214,2023.05.30 19:26:33,https://gall.dcinside.com/mini/board/view/?id=seilhs&no=4070&page=15
15,4066,[일반],딸치고 싶은 사람들은 보아라,딸을 폭행하는건 아동학대로 감옥간다,야옹이 (116.38) 2023.05.26 22:03:00 스크랩 조회 358 추천 0 댓글 0,0,358,2023.05.26 22:03:00,https://gall.dcinside.com/mini/board/view/?id=seilhs&no=4066&page=15
15,4065,[일반],체육대회 재밌누,축구 족구 농구 다 재밌었다 보는 맛이 있네 작년엔 필드도 안좋았고 애들 의지도 없던데,ㅇㅇ1 2023.05.26 20:02:36 스크랩 조회 244 추천 0 댓글 0,0,244,2023.05.26 20:02:36,https://gall.dcinside.com/mini/board/view/?id=seilhs&no=4065&page=15
15,4062,[일반],통일골든벨 지랄한다,https://m.youtube.com/shorts/4J-HhqYtwys 무조건 통일에 반대합니다 통일을 반대할 수밖에 없는 이유#통일 #한국 #북한 #독일 #민족 #shorts m.youtube.com,이스라엘코리아 (223.38) 2023.05.24 15:14:08 스크랩 조회 470 추천 0 댓글 3,0,470,2023.05.24 15:14:08,https://gall.dcinside.com/mini/board/view/?id=seilhs&no=4062&page=15
15,4061,[일반],찾아와라 좆밥들아,반갑다 난 2학년 1반 대표다,니엄마 (211.46) 2023.05.23 14:15:32 스크랩 조회 282 추천 2 댓글 1,2,282,2023.05.23 14:15:32,https://gall.dcinside.com/mini/board/view/?id=seilhs&no=4061&page=15
15,4060,[일반],2학년 8반 ㄱㅇ들은 물생지로 어느 학과 쓰려고 그러노?,대학을 어케 가려고 ㅋㅋ 대학원을 생물물리학과로 갈 거노?,ㅇㅇ (218.52) 2023.05.22 22:11:53 스크랩 조회 813 추천 1 댓글 20,1,813,2023.05.22 22:11:53,https://gall.dcinside.com/mini/board/view/?id=seilhs&no=4060&page=15
15,4059,[일반],여기가 내 놀이터,???: 짖어봐 다들 ???: 월월 ???: 그래그래 잘한다. ???: 헤헤,ㅇㅇ (211.46) 2023.05.22 11:32:13 스크랩 조회 199 추천 1 댓글 1,1,199,2023.05.22 11:32:13,https://gall.dcinside.com/mini/board/view/?id=seilhs&no=4059&page=15
15,4057,[일반],돼지경제 이현승,ㅇㅇ,ㅇㅇ (89.117) 2023.05.20 20:47:27 스크랩 조회 186 추천 0 댓글 0,0,186,2023.05.20 20:47:27,https://gall.dcinside.com/mini/board/view/?id=seilhs&no=4057&page=15
15,4056,[일반],3반 개못,3반 축구 개못함 4반인 우리가 제일 잘함 ㅋㅋ,.. (211.46) 2023.05.19 12:29:59 스크랩 조회 313 추천 3 댓글 1,3,313,2023.05.19 12:29:59,https://gall.dcinside.com/mini/board/view/?id=seilhs&no=4056&page=15
15,4055,[일반],큰엉동이 좋아♡,ㅇㅇ,노무현의응디제국 (112.133) 2023.05.18 08:17:11 스크랩 조회 407 추천 0 댓글 0,0,407,2023.05.18 08:17:11,https://gall.dcinside.com/mini/board/view/?id=seilhs&no=4055&page=15
15,4054,[일반],2학년 수학여행 1일차 후기,후기라기보단 일기느낌으로 써봄 비행기 출발이 10시 40분인데 공항에 8시 반에 오라고 해서 공항에서 좀 오래 기다렸다. 국내선이라 그런지 수속밟는건 진짜 빨리끝났음. 눈감았다가 뜨니까 제주도 도착 12시쯤 됬나 도착하자마자 중식으로 탐라향이라는 한식뷔페를 갔는데 뷔페라기엔 음식 가짓수도 적고 음식이 다 차가웠다. 맛도 맛있진 않았다. 난 뭐든 먹긴 하는편이라 먹긴 먹었는데 애들은 다버리더라 이걸 돈내고 먹어야 하나 싶었음. 다음으로간 서프라이즈 테마파크 라는곳은 정크아트 중심의 여러가지 작품들을 볼 수 있었다. 딱히 활동이라고 할것도 없고 그녕 돌아다니면서 감상한게 다라 별 감흥은 없었다. 마지막으로 간 곳은 제주의 명물 성산일출봉. 솔직히 난 개인적으로 여기가 제일 나았다. 걍 올라가서 사진찍고 내려온거밖에 없긴한데 경치가 지림 석식은 숙소에서 제공하는 저녁 먹었는데 맛있었다 사람많아서 다시한번 못받은게 아쉬울정도 후기 쓸 생각을 못했어서 사진을 많이 안찍어놨는데 내일부턴 많이 찍도록 하겠음,세일고에서찐따였던내가세일갤에선호감고닉 2023.05.18 02:01:35 스크랩 조회 648 추천 1 댓글 4,1,648,2023.05.18 02:01:35,https://gall.dcinside.com/mini/board/view/?id=seilhs&no=4054&page=15
15,4053,[일반],남친구함,셀고 잘생긴 사람 많다구 들어서 놀러왔긔 남친자리앉을새키구하긔윤 ㅋㅋㅋ 댓에 인스타 아이디 남겨종❤+,ㅇ (117.111) 2023.05.17 15:01:04 스크랩 조회 378 추천 2 댓글 3,2,378,2023.05.17 15:01:04,https://gall.dcinside.com/mini/board/view/?id=seilhs&no=4053&page=15
15,4051,[일반],글리젠 좆됐노,뭐라도 좀 올려봐 씨발,ㅇㅇ (211.215) 2023.05.16 00:55:01 스크랩 조회 222 추천 0 댓글 0,0,222,2023.05.16 00:55:01,https://gall.dcinside.com/mini/board/view/?id=seilhs&no=4051&page=15
15,4050,[일반],산곡고 이번 5모 수학 100 있다는거 사실임??,친구한테 들었는데 - dc official App,ㅇㅇ (106.101) 2023.05.13 21:16:40 스크랩 조회 625 추천 0 댓글 2,0,625,2023.05.13 21:16:40,https://gall.dcinside.com/mini/board/view/?id=seilhs&no=4050&page=15
15,4049,[일반],안영근 결혼했냐,궁금,뚠뚠이 (211.234) 2023.05.13 19:09:01 스크랩 조회 311 추천 0 댓글 0,0,311,2023.05.13 19:09:01,https://gall.dcinside.com/mini/board/view/?id=seilhs&no=4049&page=15
15,4048,[일반],웃음이 넘치는 계절이 다가온다,기분이 우울할땐 생활복 세붕이를 보라,ㅇㅇ (110.8) 2023.05.12 22:59:00 스크랩 조회 243 추천 3 댓글 0,3,243,2023.05.12 22:59:00,https://gall.dcinside.com/mini/board/view/?id=seilhs&no=4048&page=15
15,4047,[일반],어케 학교 이름이 Saleㅋㅋㅋ,참으로 어이없는일이 아닐수 없습니다 - dc official App,운봉공고 (211.46) 2023.05.12 15:13:55 스크랩 조회 456 추천 4 댓글 2,4,456,2023.05.12 15:13:55,https://gall.dcinside.com/mini/board/view/?id=seilhs&no=4047&page=15
15,4045,[일반],3층 이랑 4층 사이 화장실에..,오른쪽 네 번째 칸에 자위도구 납뒀으니깐 쓸거면 써라 진동긴 아니고 고무 고추모양임 ㅌㅌ,ㅇㅇ (223.38) 2023.05.08 19:33:29 스크랩 조회 564 추천 0 댓글 4,0,564,2023.05.08 19:33:29,https://gall.dcinside.com/mini/board/view/?id=seilhs&no=4045&page=15
15,4044,[일반],수학 74.7,3등급 가능????????????????,수학 (223.38) 2023.05.08 17:19:40 스크랩 조회 469 추천 2 댓글 2,2,469,2023.05.08 17:19:40,https://gall.dcinside.com/mini/board/view/?id=seilhs&no=4044&page=15
15,4043,[일반],수우려어어언회애애에에에엥에에에,술갖고오면 꼰지를꼬야😭,호오어어오어오엉 (121.125) 2023.05.05 15:36:59 스크랩 조회 386 추천 4 댓글 1,4,386,2023.05.05 15:36:59,https://gall.dcinside.com/mini/board/view/?id=seilhs&no=4043&page=15
16,4041,[일반],수학여행,나 2학년인데 술 가지고 가면 들키냐? 지금 3학년은 수학여행 안갔으니깐 모르겠지만 ㅋㅋ 졸업한 엉아들 아직 세갤 보고 있으면 좀 알려줘,ㅇㅇ (1.243) 2023.05.04 00:54:15 스크랩 조회 495 추천 1 댓글 3,1,495,2023.05.04 00:54:15,https://gall.dcinside.com/mini/board/view/?id=seilhs&no=4041&page=16
16,4040,[일반],세일고 삼행시,응 안해 ㅋ - dc official App,ㅇㅇ (175.210) 2023.05.04 00:09:56 스크랩 조회 327 추천 0 댓글 1,0,327,2023.05.04 00:09:56,https://gall.dcinside.com/mini/board/view/?id=seilhs&no=4040&page=16
16,4039,[일반],오늘 스피커 상태 왜 그런거냐,오늘 시험에서 스피커 상태 씨발 뭐냐 우리 패왕색 패기에 당한거냐 귀 겁나 아파 뒤지는 줄 알았다. 재빈아 니 쳐먹는데 돈 쓰지 말고 낡은 스피커 좀 고쳐줘 씨발새끼야 좀,고딕랗아 (180.224) 2023.05.03 21:01:40 스크랩 조회 330 추천 5 댓글 1,5,330,2023.05.03 21:01:40,https://gall.dcinside.com/mini/board/view/?id=seilhs&no=4039&page=16
16,4037,[일반],조센징해충,ㄹㅇ 오지랖벌레,비번고고 (223.38) 2023.05.03 12:39:41 스크랩 조회 243 추천 0 댓글 2,0,243,2023.05.03 12:39:41,https://gall.dcinside.com/mini/board/view/?id=seilhs&no=4037&page=16
16,4036,[일반],나 5대천왕인데 오늘 시험때,씨발 스피커는 계속 삐이이이이이이이읶 이지랄 하고 뒤에서 방귀를 3번이나 처 뀌고 지랄났다,5대천왕 (211.46) 2023.05.03 12:11:00 스크랩 조회 510 추천 1 댓글 5,1,510,2023.05.03 12:11:00,https://gall.dcinside.com/mini/board/view/?id=seilhs&no=4036&page=16
16,4035,[일반],한국사 54점,몇등급임,ㅇㅇ (211.36) 2023.05.02 20:07:14 스크랩 조회 502 추천 0 댓글 6,0,502,2023.05.02 20:07:14,https://gall.dcinside.com/mini/board/view/?id=seilhs&no=4035&page=16
16,4033,[일반],화작 72점,3등급 가능? 가능하면 개추,세일고암흑의은둔고수 2023.05.01 14:18:19 스크랩 조회 559 추천 3 댓글 2,3,559,2023.05.01 14:18:19,https://gall.dcinside.com/mini/board/view/?id=seilhs&no=4033&page=16
16,4031,[일반],작년 물1 중간고사,엥,ㅇㅇ (106.101) 2023.04.29 18:59:05 스크랩 조회 347 추천 0 댓글 0,0,347,2023.04.29 18:59:05,https://gall.dcinside.com/mini/board/view/?id=seilhs&no=4031&page=16
16,4030,[일반],이현승 병신,이현승,ㅇㅇ (211.244) 2023.04.29 01:41:01 스크랩 조회 303 추천 0 댓글 1,0,303,2023.04.29 01:41:01,https://gall.dcinside.com/mini/board/view/?id=seilhs&no=4030&page=16
16,4029,[일반],작년 중간고사,지금 1학년 세붕이인데 작년 1학년 중간고사때 모의고사 얼마나 나옴?? 친구들 말로는 많이 나왔다던데,. (223.38) 2023.04.27 22:59:15 스크랩 조회 405 추천 0 댓글 1,0,405,2023.04.27 22:59:15,https://gall.dcinside.com/mini/board/view/?id=seilhs&no=4029&page=16
16,4026,[일반],설마 시험볼 때도 공사한답시고 드릴소리 ㅈㄹ하진 않겠지?,그럼 창문열고 벽돌던져야겠다,ㅇㅇ (211.208) 2023.04.26 23:15:06 스크랩 조회 363 추천 3 댓글 2,3,363,2023.04.26 23:15:06,https://gall.dcinside.com/mini/board/view/?id=seilhs&no=4026&page=16
16,4025,[일반],이제빈 교장 선생님께,이제빈 교장 선생님 안녕하세요 세일 고등학교 재학생이였던 사람입니다. 처음 학교 왔을 땐 강압적인 분위기와 교복 단속으로 빈번하게 불만이 있었는데요 그러나 이런 생각을 바꾸게된 시발점은 교장 선생님 덕분이였습니다 선생님의 아껴주시는 마음과 학생다움을 바라는 모습은 과하다며 싫어 했던 저는 반성하게 만듭니다 제가 이학교에 발을 들였을 때 저는 이미 세일인이였던 것을 관과했습니다 저는 이러한 저를 반성하고 더 좋은 어른으로 성장하기위해 새로운 시도를 하였습니다 그결과 목표한 대학교는 못갔습니다 그래서 세상에 세일고에서 배운 내용으로 제 끼를 발산하는 사람이 되겠습니다 감사합니다.,고딕랗아 (180.224) 2023.04.26 23:11:12 스크랩 조회 901 추천 4 댓글 3,4,901,2023.04.26 23:11:12,https://gall.dcinside.com/mini/board/view/?id=seilhs&no=4025&page=16
16,4023,[일반],좆센징새끼들 오지랖 존나많네,공부하는거 도와불것도 아니면서 오지랖부리는 조센징은 그냥 태어난게 문제,바퀴벌레조센징 (223.38) 2023.04.26 07:48:32 스크랩 조회 339 추천 0 댓글 1,0,339,2023.04.26 07:48:32,https://gall.dcinside.com/mini/board/view/?id=seilhs&no=4023&page=16
16,4019,[일반],돼지경제 이현승,그렇다,ㅇㅇ (185.209) 2023.04.25 01:36:09 스크랩 조회 258 추천 0 댓글 0,0,258,2023.04.25 01:36:09,https://gall.dcinside.com/mini/board/view/?id=seilhs&no=4019&page=16
16,4017,[일반],인천외고 학생입니다,이새끼 그만 깝치게 훈육 좀 부탁드립니다 - dc official App,ㅇㅇ (1.243) 2023.04.24 00:54:17 스크랩 조회 1104 추천 8 댓글 5,8,1104,2023.04.24 00:54:17,https://gall.dcinside.com/mini/board/view/?id=seilhs&no=4017&page=16
16,4016,[일반],여기가 그 조선족 양아치 집합소냐?,"어떤 병신이 우리학교갤에 홍보글올려서와봄. 부평이면 조선족,양아치 ㅈㄴ많은동넬텐데 너희도....?",ㅇㅇ (1.241) 2023.04.23 16:32:25 스크랩 조회 470 추천 0 댓글 2,0,470,2023.04.23 16:32:25,https://gall.dcinside.com/mini/board/view/?id=seilhs&no=4016&page=16
16,4015,[일반],마지막 주엔 자습 줘야지,무슨 기말 진도를 나가,ㅇㅇ (211.208) 2023.04.23 14:56:20 스크랩 조회 256 추천 4 댓글 0,4,256,2023.04.23 14:56:20,https://gall.dcinside.com/mini/board/view/?id=seilhs&no=4015&page=16
16,4013,[일반],갤러리 순회열차,1.종착역 마이너 갤러리 2.수인 갤러리 3.명일방주 갤러리 4.체인소맨 마이너 갤러리 5.모기 마이너 갤러리 6.로블록스 마이너 갤러리 7.플레닛 페이퍼 마이너 갤러리 8.테라리아 마이너 갤러리 9.디제이맥스 리스펙트 V 마이너 갤러리 10.점퍼 갤러리 11.라이브 어 히어로 마이너 갤러리 12.스도리카 마이너 갤러리 13.도이치 그라모폰 마이너 갤러리 14.가면 라이더 마이너 갤러리 15.슈퍼전대 마이너 갤러리 16.우마무스메 프리티더비 갤러리 17.기상캐스터 마이너 갤러리 18.사이버트론 마이너 갤러리 19.LG트윈스 갤러리 20.토이 갤러리 21.모노트리 마이너 갤러리 22.프린세스 커넥트 마이너 갤러리 23.공군 갤러리 24.누벨바그 마이너 갤러리 25.세일고 미니 갤러리 ··· 100.종착역 마이너 갤러리 다음 갤러리를 선택해주세요.,ㅇㅇ (1.249) 2023.04.21 21:50:29 스크랩 조회 431 추천 0 댓글 4,0,431,2023.04.21 21:50:29,https://gall.dcinside.com/mini/board/view/?id=seilhs&no=4013&page=16
16,4012,[일반],수학여행때 술담배 갖고오지마라,ㄹㅇ 쌤한테 꼰지를꺼임,하얀쥐 (210.183) 2023.04.21 18:45:39 스크랩 조회 909 추천 3 댓글 4,3,909,2023.04.21 18:45:39,https://gall.dcinside.com/mini/board/view/?id=seilhs&no=4012&page=16
16,4011,[일반],착한 적은 조센징은 죽은 조센징뿐,ㄹㅇ,딸치면서똥꼬발아라 (125.243) 2023.04.20 20:21:36 스크랩 조회 318 추천 0 댓글 3,0,318,2023.04.20 20:21:36,https://gall.dcinside.com/mini/board/view/?id=seilhs&no=4011&page=16
16,4010,[일반],세붕이 새끼들 다 뒤졌으면 한다,착한 세붕이는 죽은 세붕이뿐 세붕이년들 다 강제로 항문벌려서 물구나무서기한다음 끓는쇳물 항문부터 부어서 녹여죽여버리고 싶네 해충같은년들,딸치면서똥꼬발아라 (125.243) 2023.04.20 20:17:02 스크랩 조회 364 추천 1 댓글 2,1,364,2023.04.20 20:17:02,https://gall.dcinside.com/mini/board/view/?id=seilhs&no=4010&page=16
16,4009,[일반],2학년 수학여행 때,섹스 할 새끼 2층 화장실로 와라 씨발아,ㅇㅇ (223.62) 2023.04.20 14:25:13 스크랩 조회 591 추천 11 댓글 2,11,591,2023.04.20 14:25:13,https://gall.dcinside.com/mini/board/view/?id=seilhs&no=4009&page=16
16,4008,[일반],약간 아이비리그컷한 학생 개 잘생겼던데 등교길에 자꾸 보는데 너무 잘생겨,서 번호 따고 싶어요 - dc official App,ㅇㅇ (211.46) 2023.04.18 19:06:54 스크랩 조회 736 추천 1 댓글 4,1,736,2023.04.18 19:06:54,https://gall.dcinside.com/mini/board/view/?id=seilhs&no=4008&page=16
16,4007,[일반],인천사는 남자 세일고 오지마라,학교에 흔하다는 TV도 없어 빔프로젝트로 수업하고 교실에서 염소똥냄새나고 분리수거는 학생이하고 교육은 존나 어렵고 입시도 존나빡세고 애새끼들은 다 담배 아니면 술한다 인천사는 예비중은 세일고 저얼때 오지마라,조센징징이 (125.243) 2023.04.17 18:38:48 스크랩 조회 838 추천 11 댓글 7,11,838,2023.04.17 18:38:48,https://gall.dcinside.com/mini/board/view/?id=seilhs&no=4007&page=16
16,4006,[일반],현 세붕이들한테 물어볼거 있음,19년 졸업생인데그 선생님중에 끙끙이 별명있으신 선생님 성함 혹시 아는사람 있냐 수학이였는데 맨날 끙끙.. 끙끙.. 하시면서 문제푸는 선생님이셨는데 연배도 있으셔서 정년퇴직하셨을 수도 있긴 한데 궁금해서 물어봄 동창친구랑 얘기하다가 둘다 끙끙이 이름 뭐였지?하는데 이름이 생각 안남 ㅋㅋ,ㅇㅇ (223.39) 2023.04.16 23:21:20 스크랩 조회 543 추천 0 댓글 5,0,543,2023.04.16 23:21:20,https://gall.dcinside.com/mini/board/view/?id=seilhs&no=4006&page=16
16,4005,[일반],세갤 씨발아,좆같은 광고충 쳐내 씨발,세일고암흑의은둔고수 2023.04.16 16:20:29 스크랩 조회 514 추천 1 댓글 3,1,514,2023.04.16 16:20:29,https://gall.dcinside.com/mini/board/view/?id=seilhs&no=4005&page=16
16,4002,[일반],신성한 세일고에 언제부터 전라도 새끼들이 기어들어온거냐,출신지 광주전남이면 입학전에 광주는 폭동인지 물어봐서 사상검증해야함,ㅇㅇ (118.235) 2023.04.16 03:05:09 스크랩 조회 337 추천 3 댓글 0,3,337,2023.04.16 03:05:09,https://gall.dcinside.com/mini/board/view/?id=seilhs&no=4002&page=16
16,4001,[일반],세일게이들 특징,학교가 ㅈ같다며 그렇게 까내리고 애교심 없는 척 하지만 작년 11모 기준 인천 고등학교 랭킹에서 4위 한 걸로 학교 부심 부리면서 타 학교 내려치기함,ㅇㅇ (175.198) 2023.04.15 16:36:17 스크랩 조회 827 추천 13 댓글 7,13,827,2023.04.15 16:36:17,https://gall.dcinside.com/mini/board/view/?id=seilhs&no=4001&page=16
16,4000,[일반],"1,2학년이 금요일 석식 먹을수 있는 방법 없나?","행정실에 문의하니깐 1,2학년은 금요일 석식 못먹는다고 - dc official App",ㅇㅇ (211.46) 2023.04.14 12:26:27 스크랩 조회 498 추천 0 댓글 4,0,498,2023.04.14 12:26:27,https://gall.dcinside.com/mini/board/view/?id=seilhs&no=4000&page=16
16,3999,[일반],착한 세붕이는 죽은 세붕이,ㄹㅇ,조센징해충 (121.143) 2023.04.13 07:47:25 스크랩 조회 284 추천 5 댓글 0,5,284,2023.04.13 07:47:25,https://gall.dcinside.com/mini/board/view/?id=seilhs&no=3999&page=16
16,3997,[일반],졸업사진 교복 vs 컨셉,졸업사진 그냥 교복 입고 찍을까 아니면 컨셉 잡아서 할까,ㅇㅇ (223.38) 2023.04.12 00:13:40 스크랩 조회 700 추천 0 댓글 2,0,700,2023.04.12 00:13:40,https://gall.dcinside.com/mini/board/view/?id=seilhs&no=3997&page=16
16,3994,[일반],뻘글 좀 그만 올려라,1학년들아,세일고암흑의은둔고수 2023.04.11 08:37:13 스크랩 조회 547 추천 1 댓글 4,1,547,2023.04.11 08:37:13,https://gall.dcinside.com/mini/board/view/?id=seilhs&no=3994&page=16
16,3993,[일반],착한,착한 세붕이는 죽은 세붕이뿐,ㅈㅈ (223.38) 2023.04.11 08:13:41 스크랩 조회 300 추천 5 댓글 0,5,300,2023.04.11 08:13:41,https://gall.dcinside.com/mini/board/view/?id=seilhs&no=3993&page=16
16,3989,[일반],포에버 킴 수업 똥똥못함,영어 좀 재미있게 가르쳐주세요.....,똥싫은 세일학생 (211.46) 2023.04.10 14:31:59 스크랩 조회 518 추천 3 댓글 1,3,518,2023.04.10 14:31:59,https://gall.dcinside.com/mini/board/view/?id=seilhs&no=3989&page=16
16,3988,[일반],편돌이다,자랑스런 세일고 ㅇㅇ - dc official App,ㅇㅇ (223.38) 2023.04.10 05:24:35 스크랩 조회 371 추천 2 댓글 1,2,371,2023.04.10 05:24:35,https://gall.dcinside.com/mini/board/view/?id=seilhs&no=3988&page=16
16,3987,[일반],1학년 중간고사 무슨 요일임?,? - dc official App,ㅇㅇ (223.38) 2023.04.09 23:04:05 스크랩 조회 363 추천 0 댓글 1,0,363,2023.04.09 23:04:05,https://gall.dcinside.com/mini/board/view/?id=seilhs&no=3987&page=16
16,3985,[일반],이제부터 평가문항 공개 안하겠단게 이해 안되는 이유,"결국 전년도 평가문항 공개 안하면 이득보는건 학원이나 사교육에서 족보 제공받을수 있는 학생들인데 학원 다니지말고 자습 많이 하라는거 그렇게나 강조하는 학교에서 왜 이렇게 나오는건지 의문. 거기다 학생들 보라고 전년도 기출문제 올려놓으면 학생들이 공부를 더하면 더했지 덜하진 않을텐데 지금까지 하던, 할수있었던 학습자료 제공을 굳이 멈추는 이유도 모르겠음. 실은 없고 득밖에 없는 제도였는데 굳이 다른학교도 다 그런다면서 폐지하겠다는건 1. 내신시험 문제 작년거 재탕하고싶은데 평가문항 공개되면 대놓고 재탕하기 쉽지 않아서 2. 평가문항 올려놓는 담당자가 바뀌었거나 매년 올려놓는게 슬슬 귀찮아져서 둘중 하나같음. 어느 이유에서건간에 학생들의 학습 증진을 도와야할 학교가 이러는건 비교육적인 처사라고 생각함.",세일고에서찐따였던내가세일갤에선호감고닉 2023.04.09 19:09:17 스크랩 조회 672 추천 16 댓글 3,16,672,2023.04.09 19:09:17,https://gall.dcinside.com/mini/board/view/?id=seilhs&no=3985&page=16
16,3984,[일반],늦었지만 세일고,가고싶었는데 떨어져서 너무 슬프다 ㅠ,ㅇㅇ (58.127) 2023.04.09 14:52:58 스크랩 조회 473 추천 0 댓글 3,0,473,2023.04.09 14:52:58,https://gall.dcinside.com/mini/board/view/?id=seilhs&no=3984&page=16
16,3983,[일반],아니 다른 학교가 기출 공개안한다고 이제부터 지들도 안한다면서,다른 학교 다하는 시험범위 공지는 왜 안함?,ㅇㅇ (211.208) 2023.04.09 11:43:12 스크랩 조회 504 추천 0 댓글 5,0,504,2023.04.09 11:43:12,https://gall.dcinside.com/mini/board/view/?id=seilhs&no=3983&page=16
16,3982,[일반],졸업식 사진 질문,원적산 가서 찍는 졸업사진 있잖아 그 때 뭐 코스프레 같은거 할까 생각중인데 그거 나중에 졸업식할 때 부모님 올 때 그 사진들 다 틀어주나?,ㅇㅇ (223.38) 2023.04.08 23:49:12 스크랩 조회 346 추천 0 댓글 1,0,346,2023.04.08 23:49:12,https://gall.dcinside.com/mini/board/view/?id=seilhs&no=3982&page=16
16,3980,[일반],세일고는 지상최고의 낙원이지,물론 난 세일고 아님 ㅋㅋㅋ 알빠노 ㅋㅋㅋ - dc official App,ㅇㅇ (58.234) 2023.04.08 20:50:47 스크랩 조회 369 추천 1 댓글 0,1,369,2023.04.08 20:50:47,https://gall.dcinside.com/mini/board/view/?id=seilhs&no=3980&page=16
16,3979,[일반],수학여행 어떨거 같음?,이리와라 저리가라 이거해라 저거해라 이런짓만 안시켰음 좋겠는데 - dc official App,ㅇㅇ (182.218) 2023.04.08 13:18:25 스크랩 조회 498 추천 1 댓글 4,1,498,2023.04.08 13:18:25,https://gall.dcinside.com/mini/board/view/?id=seilhs&no=3979&page=16
16,3976,[일반],급식인증,감귤즙이 가장 맛있었다,세일고암흑의은둔고수 2023.04.07 13:01:36 스크랩 조회 574 추천 0 댓글 2,0,574,2023.04.07 13:01:36,https://gall.dcinside.com/mini/board/view/?id=seilhs&no=3976&page=16
16,3975,[일반],이 학교 벗어나는 방법 없냐,세일고에서 다른 학교로 갈 수 있는 방법 없냐?,ㅇㅇ 2023.04.07 09:19:57 스크랩 조회 378 추천 0 댓글 1,0,378,2023.04.07 09:19:57,https://gall.dcinside.com/mini/board/view/?id=seilhs&no=3975&page=16
16,3974,[일반],수련회 가기싫다,수학여행 씨발 비행기 버뮤다 삼각지대나 식인상어 득실거리는 곳에 추락해서 세붕이들 다 뒤져라,카코데몬 (223.38) 2023.04.07 08:19:44 스크랩 조회 458 추천 4 댓글 2,4,458,2023.04.07 08:19:44,https://gall.dcinside.com/mini/board/view/?id=seilhs&no=3974&page=16
16,3973,[일반],세일고 갤러리 87위,이왜진,니애미보지내꺼 (223.38) 2023.04.06 22:53:54 스크랩 조회 497 추천 1 댓글 1,1,497,2023.04.06 22:53:54,https://gall.dcinside.com/mini/board/view/?id=seilhs&no=3973&page=16
16,3972,[일반],세붕이들아,ㅇ,조센징 (223.38) 2023.04.06 22:02:12 스크랩 조회 311 추천 0 댓글 1,0,311,2023.04.06 22:02:12,https://gall.dcinside.com/mini/board/view/?id=seilhs&no=3972&page=16
16,3971,[일반],세일고 너무 미개해,세상에서 제일 미개한 학교,조센징 (223.38) 2023.04.06 18:45:03 스크랩 조회 423 추천 5 댓글 2,5,423,2023.04.06 18:45:03,https://gall.dcinside.com/mini/board/view/?id=seilhs&no=3971&page=16
16,3969,[일반],눈팅하는데 센세들 욕 많이 보이노,너네는 센세들이 고소 안해서 다행이다 생각해라 명훼나 모욕 걸릴만한거 많노,ㅇㅇ (218.235) 2023.04.06 15:42:59 스크랩 조회 419 추천 2 댓글 3,2,419,2023.04.06 15:42:59,https://gall.dcinside.com/mini/board/view/?id=seilhs&no=3969&page=16
16,3968,[일반],국사한테 찍혔다 어카냐,한국사시간에 국어 수행 책 읽다가 쫒겨났다 앞으로 자기 수업 들어오지 말라는데 어카냐 세특 6글자 써준다는데,ㅇㅇ 2023.04.06 15:41:37 스크랩 조회 738 추천 8 댓글 13,8,738,2023.04.06 15:41:37,https://gall.dcinside.com/mini/board/view/?id=seilhs&no=3968&page=16
17,3967,[일반],두 달 뒤면 6모 보네,대학원생인 나도 두 달 뒤에 6모 본다 이기,ㅇㅇ (106.101) 2023.04.06 15:25:35 스크랩 조회 307 추천 0 댓글 1,0,307,2023.04.06 15:25:35,https://gall.dcinside.com/mini/board/view/?id=seilhs&no=3967&page=17
17,3966,[일반],임종석 수업 ㅈㄴ못함,개노잼,ㅇㅇ (211.46) 2023.04.06 10:49:47 스크랩 조회 530 추천 8 댓글 3,8,530,2023.04.06 10:49:47,https://gall.dcinside.com/mini/board/view/?id=seilhs&no=3966&page=17
17,3965,[일반],딩동댕 유치원,https://m.youtube.com/watch?v=__79LC3XNas 딩동댕 유치원 합리적 의심 바쁜 게이는 0:20 부터모여라 딩동댕합리적의심노무현MC무현야 기분좋다 m.youtube.com,앙 (223.38) 2023.04.06 03:16:34 스크랩 조회 295 추천 3 댓글 2,3,295,2023.04.06 03:16:34,https://gall.dcinside.com/mini/board/view/?id=seilhs&no=3965&page=17
17,3964,[일반],19년 졸업생 질문 받음,뭐든 상관x,ㅇㅇ (223.62) 2023.04.05 10:52:14 스크랩 조회 432 추천 0 댓글 5,0,432,2023.04.05 10:52:14,https://gall.dcinside.com/mini/board/view/?id=seilhs&no=3964&page=17
17,3963,[일반],새벽 1시에 감성차올라?,ㅈ,비번해흐 (116.38) 2023.04.04 00:37:43 스크랩 조회 234 추천 0 댓글 0,0,234,2023.04.04 00:37:43,https://gall.dcinside.com/mini/board/view/?id=seilhs&no=3963&page=17
17,3961,[일반],세일고는 한일초부속고등학교임,ㅇㅇ,ㅇㅇ (125.180) 2023.04.01 22:51:26 스크랩 조회 409 추천 3 댓글 0,3,409,2023.04.01 22:51:26,https://gall.dcinside.com/mini/board/view/?id=seilhs&no=3961&page=17
17,3960,[일반],세일고vs한일초,어디가 더 근본이라고 생각하냐,ㅇㅇ (223.38) 2023.04.01 10:40:28 스크랩 조회 670 추천 1 댓글 3,1,670,2023.04.01 10:40:28,https://gall.dcinside.com/mini/board/view/?id=seilhs&no=3960&page=17
17,3959,[일반],방금 보고온 스즈메의 문단속 후기,재밌음 너의이름은이랑 날씨의아이 때처럼 감독 특유의 웅장함과 아련한 느낌을 잘 살린 것 같다.,세일고에서찐따였던내가세일갤에선호감고닉 2023.03.31 23:48:57 스크랩 조회 490 추천 0 댓글 3,0,490,2023.03.31 23:48:57,https://gall.dcinside.com/mini/board/view/?id=seilhs&no=3959&page=17
17,3957,[일반],아니 무슨 죄다 정시네 ㅋㅋㅋㅋㅋㅋㅋㅋ,이게 맞나,ㅇㅇ (211.208) 2023.03.31 18:30:43 스크랩 조회 521 추천 0 댓글 3,0,521,2023.03.31 18:30:43,https://gall.dcinside.com/mini/board/view/?id=seilhs&no=3957&page=17
17,3956,[일반],국영수 학원 어디 다니냐? 추천,국영수 학원 추천 좀 근처면 더 좋고,ㅇㅇ (39.7) 2023.03.31 12:21:04 스크랩 조회 567 추천 0 댓글 6,0,567,2023.03.31 12:21:04,https://gall.dcinside.com/mini/board/view/?id=seilhs&no=3956&page=17
17,3955,[급식],내일 급식 빵이냐?,ㅈㄱㄴ - dc official App,ㅇㅇ (124.50) 2023.03.31 01:02:32 스크랩 조회 350 추천 0 댓글 2,0,350,2023.03.31 01:02:32,https://gall.dcinside.com/mini/board/view/?id=seilhs&no=3955&page=17
17,3954,[일반],부평고 대 세일고,부평고 압승,ㅇㅇ (211.215) 2023.03.30 23:41:05 스크랩 조회 589 추천 14 댓글 1,14,589,2023.03.30 23:41:05,https://gall.dcinside.com/mini/board/view/?id=seilhs&no=3954&page=17
17,3953,[일반],본인 세일고 가려하는 중3인데 갈만함?,갈만하면 개추 ㅋㅋㅋ,ㅇㅇ (175.210) 2023.03.30 23:39:27 스크랩 조회 1230 추천 36 댓글 9,36,1230,2023.03.30 23:39:27,https://gall.dcinside.com/mini/board/view/?id=seilhs&no=3953&page=17
17,3952,[일반],일본노래 추천좀,네일 일본어 시간에 불러야해 부르기 쉬운걸로 추천좀,요한 (223.38) 2023.03.30 17:03:01 스크랩 조회 352 추천 1 댓글 6,1,352,2023.03.30 17:03:01,https://gall.dcinside.com/mini/board/view/?id=seilhs&no=3952&page=17
17,3951,[일반],안녕,씨발아,세일고암흑의고은둔고수 2023.03.29 20:11:04 스크랩 조회 333 추천 0 댓글 3,0,333,2023.03.29 20:11:04,https://gall.dcinside.com/mini/board/view/?id=seilhs&no=3951&page=17
17,3950,[일반],동아리 AI알파 지원자 50명,ㄷㄷ - dc official App,Seil 2023.03.28 22:31:50 스크랩 조회 472 추천 3 댓글 2,3,472,2023.03.28 22:31:50,https://gall.dcinside.com/mini/board/view/?id=seilhs&no=3950&page=17
17,3948,[일반],dd,바퀴벌래 조센징 다 뒤져라,ㅇㅇ (211.46) 2023.03.28 10:46:51 스크랩 조회 327 추천 0 댓글 2,0,327,2023.03.28 10:46:51,https://gall.dcinside.com/mini/board/view/?id=seilhs&no=3948&page=17
17,3946,[일반],경제경영리더십 게이들아,면접 예상 질문좀 알려줘라,암흑 (211.234) 2023.03.27 12:15:15 스크랩 조회 521 추천 1 댓글 7,1,521,2023.03.27 12:15:15,https://gall.dcinside.com/mini/board/view/?id=seilhs&no=3946&page=17
17,3945,[일반],개 ㅆㅂ럼들아,제발 씨발 똥좀 쳐 싸면 물 쳐 내리고 가라 진짜 이해가 안된다 왜 씨발 똥을 쳐 싸고 물을 안내리냐? 그래 씨발새끼들아 소변기에 꼬추털 버리는것까진 이해할게 진짜 아침에 씨발 똥조지러 가는데 모든변기칸에 안내린 똥이 차있는거보고 어이가없어서 글쓴다 니네가 초딩이냐? 요즘 초딩새끼들도 똥싸고 물은 내린다 고등학생인 새끼들이 진짜 왜그러냐? 이거본새끼들은 진짜 똥싸고 물 쳐 내려라,ㅇㅇ (211.46) 2023.03.27 09:03:40 스크랩 조회 680 추천 13 댓글 2,13,680,2023.03.27 09:03:40,https://gall.dcinside.com/mini/board/view/?id=seilhs&no=3945&page=17
17,3941,[일반],조려대랑 원세대를 씨발 고려랑 연세라고 구라쳐놨노 ㅋㅋ,장하다 재빈아! 브라보!,ㅇㅇ (118.235) 2023.03.26 16:05:57 스크랩 조회 668 추천 3 댓글 2,3,668,2023.03.26 16:05:57,https://gall.dcinside.com/mini/board/view/?id=seilhs&no=3941&page=17
17,3940,[정보],음다모아,음다모아에 지원서 넣은사람들중에 1차합격통보 받은사람있음??,키드 (112.159) 2023.03.25 08:03:09 스크랩 조회 549 추천 0 댓글 4,0,549,2023.03.25 08:03:09,https://gall.dcinside.com/mini/board/view/?id=seilhs&no=3940&page=17
17,3938,[일반],대세일고 진학실적 고려대 21명 중 10명이 조려대 ㄷㄷ,연대도 마찬가지고 하다하다 지방대를 본캠인 거 마냥 써놨노 ㅋㅋㅋ 선생들 ㅈㄴ 추하네,ㅇㅇ (211.208) 2023.03.24 22:48:46 스크랩 조회 645 추천 4 댓글 2,4,645,2023.03.24 22:48:46,https://gall.dcinside.com/mini/board/view/?id=seilhs&no=3938&page=17
17,3937,[일반],이억진 쌤 좋음??,선배님들 알려주세요,ㅇㅇ (218.156) 2023.03.24 19:56:34 스크랩 조회 673 추천 0 댓글 8,0,673,2023.03.24 19:56:34,https://gall.dcinside.com/mini/board/view/?id=seilhs&no=3937&page=17
17,3936,[일반],아니 왜 고3이 체육하는거야,이해가 안 되는 게 고3인데 왜 체육을 굳이굳이 밖에 나가서 수업을 한다는 거지 그 시간에 다른 공부를 하지도 못하게 하고 체육 하라는 게 이해가 안 되네 그냥 교실에서 자습이나 하지,ㅇㅇ (223.38) 2023.03.21 18:42:00 스크랩 조회 1290 추천 37 댓글 8,37,1290,2023.03.21 18:42:00,https://gall.dcinside.com/mini/board/view/?id=seilhs&no=3936&page=17
17,3935,[일반],ㅅㅅ,제일 vs 세일 누가 더 좋냐,ㅇㅇ (110.8) 2023.03.20 21:23:09 스크랩 조회 472 추천 0 댓글 6,0,472,2023.03.20 21:23:09,https://gall.dcinside.com/mini/board/view/?id=seilhs&no=3935&page=17
17,3934,[일반],나 지금 컴퓨터실인데 들어오와,들어와 나 지금 미래메이커실이다 ㅋ,ㅇㅇ (211.46) 2023.03.20 11:38:06 스크랩 조회 270 추천 0 댓글 1,0,270,2023.03.20 11:38:06,https://gall.dcinside.com/mini/board/view/?id=seilhs&no=3934&page=17
17,3933,[일반],방과후 신청속도 뭐냐,이정도로 느렸음?,ㅇㅇ (182.218) 2023.03.18 16:18:15 스크랩 조회 323 추천 1 댓글 0,1,323,2023.03.18 16:18:15,https://gall.dcinside.com/mini/board/view/?id=seilhs&no=3933&page=17
17,3932,[일반],"방과후신청 아이디,비번 학번으로 쳐도 이렇게 뜨는데 어떡함?",ㅅㅂ - dc official App,ㅇㅇ (223.38) 2023.03.18 11:07:05 스크랩 조회 286 추천 3 댓글 0,3,286,2023.03.18 11:07:05,https://gall.dcinside.com/mini/board/view/?id=seilhs&no=3932&page=17
17,3931,[일반],이 학교 존나 무능함,2023 세일고 수시 서울대 0명 정시 서울대 4명....? 나온 서울대가 싹 다 정시면 애초에 서울대 갈 만한 애들도 상당수 서울대 못 보낸다는 건데 걍 인적 자원 받아다가 유기하는 수준 아님? 상식적으로 수시 서울대가 훨씬 쉬울 텐데?,ㅇㅇ (61.82) 2023.03.18 00:55:15 스크랩 조회 807 추천 8 댓글 5,8,807,2023.03.18 00:55:15,https://gall.dcinside.com/mini/board/view/?id=seilhs&no=3931&page=17
17,3930,[일반],작년에 문과 떴는데 또 욕 먹네,개꿀 이 학교 문과는 욕 더 쳐먹어도 쌈 병신들 공고에서 쳐 기어올라왔으면서 3년 내내 인천외고 내리까던 거 존나 웃겼는데 결국 다 조지고 전문대 간 게 코미디 ㅋㅋㅋㅋㅋㅋㅋㅋ 코미디가 한 두 개가 아냐 반에 2등급 3등급대가 단 한 명도 없어ㅋㅋㅋㅋㅋㅋ 반 3개 다 1점대 맞는 애만 딱 한 명 있고 나머지는 4.5 4.8 이지랄이면서 목표대는 연고대 이하로 내려가질 않음ㅋㅋㅋㅋ 다시 돌이켜 봐도 진짜 문과 분위기는 JOAT였다 선린고가 그거보다 나았을 거임,이상한나라의일반사회 (211.235) 2023.03.17 00:53:18 스크랩 조회 540 추천 10 댓글 5,10,540,2023.03.17 00:53:18,https://gall.dcinside.com/mini/board/view/?id=seilhs&no=3930&page=17
17,3929,[일반],씨발 문과새끼들 ㅈㄴ 들락날락거리네,지들 반분위기 ㅈ박은거 다른반까지 지 반 드나들듯이 들어와서 ㅈㄹ임,ㅇㅇ (223.38) 2023.03.16 17:46:51 스크랩 조회 1176 추천 43 댓글 9,43,1176,2023.03.16 17:46:51,https://gall.dcinside.com/mini/board/view/?id=seilhs&no=3929&page=17
17,3928,[일반],세일고 레전드 졸업생 여동현,내신 6등급 고1때부터 정시파이터 선언 2023수능 11111 정시전형 한양대학교 의예과 최초합격 - dc official App,ㅇㅇ (123.142) 2023.03.16 15:53:10 스크랩 조회 920 추천 9 댓글 4,9,920,2023.03.16 15:53:10,https://gall.dcinside.com/mini/board/view/?id=seilhs&no=3928&page=17
17,3927,[일반],한자 쓰기 교본 출판사 알 수 있을까요?,2010년 졸업생입니다.. 한문 선생님께서 숙제로 내주시는 한자 쓰기 교본 출판사 좀 알 수 있을까요?,ㅇㅇ (112.172) 2023.03.16 12:47:48 스크랩 조회 305 추천 0 댓글 1,0,305,2023.03.16 12:47:48,https://gall.dcinside.com/mini/board/view/?id=seilhs&no=3927&page=17
17,3926,[일반],일반사회 이현승,,ㅇㅇ (185.209) 2023.03.16 11:17:08 스크랩 조회 330 추천 0 댓글 1,0,330,2023.03.16 11:17:08,https://gall.dcinside.com/mini/board/view/?id=seilhs&no=3926&page=17
17,3925,[일반],세일고 탈출할수있으면 탈출할거임 ?,나 인천 계양구쪽 살아서 아마도 전학갈수있나봐 근데 이번에 대학교 잘보냈다길래 지금 조금 고민되긴해 형님들은 만약 전학갈수있다면 전학갈거야 ?,ㅇㅇ (211.46) 2023.03.16 09:51:43 스크랩 조회 476 추천 2 댓글 8,2,476,2023.03.16 09:51:43,https://gall.dcinside.com/mini/board/view/?id=seilhs&no=3925&page=17
17,3923,[일반],세일고찐따어쩌고 << 이새끼 엄마없는거 같으면 개추 ㅋㅋ,일단 나부터,ㅇㅇ (223.39) 2023.03.15 02:43:44 스크랩 조회 1035 추천 52 댓글 9,52,1035,2023.03.15 02:43:44,https://gall.dcinside.com/mini/board/view/?id=seilhs&no=3923&page=17
17,3922,[일반],세일고 학우분들의 열렬한 지지 감사드립니다.,씨발련들,세일고에서찐따였던내가세일갤에선호감고닉 2023.03.14 20:52:37 스크랩 조회 500 추천 0 댓글 6,0,500,2023.03.14 20:52:37,https://gall.dcinside.com/mini/board/view/?id=seilhs&no=3922&page=17
17,3921,[일반],탈퇴합니다,ㅈ같아서 걍 고닉 접으련다 ㅆㅂ 수정) 디시에서 욕 먹어서 탈퇴하는거 아니다,암흑 (211.215) 2023.03.14 20:42:09 스크랩 조회 300 추천 0 댓글 3,0,300,2023.03.14 20:42:09,https://gall.dcinside.com/mini/board/view/?id=seilhs&no=3921&page=17
17,3920,[일반],미친찐따 선배님 그립읍니다...,선배님 현생 너무 열심히 사시느라 세일갤에 소홀해지신 거 같아요 예전처럼 열심히 활동해주세요,ㅇㅇ (175.198) 2023.03.14 18:57:05 스크랩 조회 319 추천 1 댓글 1,1,319,2023.03.14 18:57:05,https://gall.dcinside.com/mini/board/view/?id=seilhs&no=3920&page=17
17,3917,[일반],세일고 미니갤러리의 매니저 위임을 신청합니다.,"현재 세일고갤러리는 1년정도 매니저가 부재중인 상태로 공석이기 때문에 원활한 갤러리 관리를 위해 매니저 위임을 신청합니다. 매니저가 된다면 과도한 교사 비방글이나 학생 신상유포글, 저격글, 사칭글을 제재할 것이고 작년에 세일고갤러리 학생 사칭글 관련해서 일이 좀 커졌던걸로 아는데 그런 경우에도 피해학생, 학교 측에 적극 협조하겠습니다. 이 글을 보시는 세일고 학우여러분 동의하시면 개추와 동의합니다 댓글을 부탁드립니다.",세일고에서찐따였던내가세일갤에선호감고닉 2023.03.13 20:57:20 스크랩 조회 834 추천 15 댓글 25,15,834,2023.03.13 20:57:20,https://gall.dcinside.com/mini/board/view/?id=seilhs&no=3917&page=17
17,3916,[일반],내일 축구 같이 할래요,- dc official App,빡빡이세붕이 (106.101) 2023.03.13 18:33:11 스크랩 조회 266 추천 1 댓글 3,1,266,2023.03.13 18:33:11,https://gall.dcinside.com/mini/board/view/?id=seilhs&no=3916&page=17
17,3915,[일반],이현승,.,ㅇㅇ (117.111) 2023.03.13 18:22:34 스크랩 조회 350 추천 1 댓글 1,1,350,2023.03.13 18:22:34,https://gall.dcinside.com/mini/board/view/?id=seilhs&no=3915&page=17
17,3914,[일반],in a science 동아리 어떤가요?,ㅈㄱㄴ,ㅇㅇ (106.102) 2023.03.13 18:15:45 스크랩 조회 289 추천 4 댓글 0,4,289,2023.03.13 18:15:45,https://gall.dcinside.com/mini/board/view/?id=seilhs&no=3914&page=17
17,3913,[일반],포레버 김? 영어쌤 어떰,수업시간에 뭐 질문 한다는데 뭘 질문하는 거임 영어 해석 시키는 거?,ㅇ (182.214) 2023.03.12 23:22:54 스크랩 조회 441 추천 0 댓글 1,0,441,2023.03.12 23:22:54,https://gall.dcinside.com/mini/board/view/?id=seilhs&no=3913&page=17
17,3912,[일반],한가로운 일요일 오후의 지듣노,노래를 찾는사람들 -  일요일이 다 가는 소리 노래를 찿는사람들 -  일요일이 다 가는 소리 youtu.be 주말이 진짜 순식간에 지나갔네,세일고에서찐따였던내가세일갤에선호감고닉 2023.03.12 17:30:24 스크랩 조회 288 추천 0 댓글 4,0,288,2023.03.12 17:30:24,https://gall.dcinside.com/mini/board/view/?id=seilhs&no=3912&page=17
17,3911,[일반],그냥 형들 내쫓고 하라니깐,지금 3학년들 다 개좆밥이다,ㅇㅇ (106.101) 2023.03.12 13:56:13 스크랩 조회 257 추천 0 댓글 1,0,257,2023.03.12 13:56:13,https://gall.dcinside.com/mini/board/view/?id=seilhs&no=3911&page=17
17,3910,[일반],1학년인데 체육썜이 축구 하지 말라는데 형들하는데 껴도 되는거냐 ?,했다가 형들꼽도 먹고 체육썜한데 잘못보이면 ㅈ되는거 아님 ? 근데 점심시간에 형들 축구하는거 보면 ㅈㄴ 하고싶음,17지망세붕군 (124.53) 2023.03.12 00:37:18 스크랩 조회 413 추천 1 댓글 2,1,413,2023.03.12 00:37:18,https://gall.dcinside.com/mini/board/view/?id=seilhs&no=3910&page=17
17,3909,[일반],3학년에 롤체 그마인 사람 있다는데 진짜인가요?,개인적으로 과외 좀 받고 싶은데요,ㅇㅇ (211.177) 2023.03.11 18:17:29 스크랩 조회 363 추천 1 댓글 1,1,363,2023.03.11 18:17:29,https://gall.dcinside.com/mini/board/view/?id=seilhs&no=3909&page=17
17,3908,[일반],나 졸업생인데 선배들한테 운동장 1학년꺼니까 꺼지라고해라,고3이 무슨 축구임 걍 고2 고3은 찌끄려서 공부나 하는게 맞다 1학년은 좀 놀아도 된다 그게 세일고 전통이다,ㅇㅇ (106.101) 2023.03.11 15:30:09 스크랩 조회 375 추천 2 댓글 3,2,375,2023.03.11 15:30:09,https://gall.dcinside.com/mini/board/view/?id=seilhs&no=3908&page=17
17,3907,[일반],2학년에 이름 6글자인 애가 있다는데,어느 나라 사람임?,ㅇㅇ (175.198) 2023.03.11 15:00:50 스크랩 조회 521 추천 0 댓글 7,0,521,2023.03.11 15:00:50,https://gall.dcinside.com/mini/board/view/?id=seilhs&no=3907&page=17
18,3906,[일반],점심시간에 축구하는 세붕선배님들 축구같이해두될까여?,- dc official App,빡빡이세붕이 (106.101) 2023.03.11 12:21:22 스크랩 조회 320 추천 0 댓글 4,0,320,2023.03.11 12:21:22,https://gall.dcinside.com/mini/board/view/?id=seilhs&no=3906&page=18
18,3905,[일반],"2,3 학년 형님들 팔씨름 대결 가능할까요.",다들어와 ㅋㅋ - dc official App,ㅇㅇ (118.217) 2023.03.10 21:53:22 스크랩 조회 337 추천 1 댓글 3,1,337,2023.03.10 21:53:22,https://gall.dcinside.com/mini/board/view/?id=seilhs&no=3905&page=18
18,3904,[일반],책가위 동아리 괜찮나요?,수경관에서 뭐 하는 동아리인걸로만 알고있는데 어떤활동 하나요 생기부는 잘적히나요 할만한가요? 선배님들의 지혜 부탁드리겠습니다.,세일고에서찐따였던내가세일갤에선호감고닉 2023.03.10 20:13:33 스크랩 조회 423 추천 0 댓글 7,0,423,2023.03.10 20:13:33,https://gall.dcinside.com/mini/board/view/?id=seilhs&no=3904&page=18
18,3902,[일반],작년2학년 손기선 이재은 이기동빼고 다나갔네,숲성호랑 MTS도 나갔노,ㅇㅇ (220.79) 2023.03.09 21:31:58 스크랩 조회 797 추천 2 댓글 4,2,797,2023.03.09 21:31:58,https://gall.dcinside.com/mini/board/view/?id=seilhs&no=3902&page=18
18,3901,[일반],2학년 확통 진도를 2학기 중간에 다 빼겠단 건 뭔 미친소리지,2학기 기말엔 뭐하려고? 대부분 수능 확통 볼 것도 아닌데 이렇게 진도 빼고 복습이랍시고 어렵게 낼텐데 그럴 필요가 있나,ㅇㅇ (211.208) 2023.03.09 20:07:52 스크랩 조회 343 추천 4 댓글 1,4,343,2023.03.09 20:07:52,https://gall.dcinside.com/mini/board/view/?id=seilhs&no=3901&page=18
18,3900,[일반],비추ㄴㄴㄴㄴㄴㄴㄴㄴㄴㄴ,세일고 동문 여러분 비추폭격을 멈춰주세요 젭라~ ㅠㅠㅠㅠㅠㅠㅠㅠㅠㅠㅠㅠㅠㅠ 2주동안 멀쩡한 글 4개 올렸는데 비추 74개라니 나한테 자꾸 이러면 매일같이 뻘글 똥글만 싸재끼는 진짜 비추수집기 호감고닉이 되어버릴지도 몰라,세일고에서찐따였던내가세일갤에선호감고닉 2023.03.09 18:40:22 스크랩 조회 343 추천 1 댓글 2,1,343,2023.03.09 18:40:22,https://gall.dcinside.com/mini/board/view/?id=seilhs&no=3900&page=18
18,3899,[일반],오늘 하교길에 우산 같이쓴 비니쓰고 크록스 신은 1학년게이야,내가 살면서 니처럼 붙임성 좋은애는 처음봤다 ㅋㅋㅋㅋ 네 덕에 오늘 진짜 많이 웃었다 고맙다,세일고에서찐따였던내가세일갤에선호감고닉 2023.03.08 17:43:21 스크랩 조회 560 추천 3 댓글 7,3,560,2023.03.08 17:43:21,https://gall.dcinside.com/mini/board/view/?id=seilhs&no=3899&page=18
18,3898,[일반],나 궁금한게,세일고 입시 실적에서 연대 고대 한양대처럼 지방캠있는 최상위권 대학 합격자가 20~30명 되던데 . . . . . 설마 지방캠 포함인걸까~? 솔직히 학교의 입장에선 포함시키긴 할듯 - dc official App,ㅇㅇ (211.36) 2023.03.08 00:08:20 스크랩 조회 451 추천 0 댓글 4,0,451,2023.03.08 00:08:20,https://gall.dcinside.com/mini/board/view/?id=seilhs&no=3898&page=18
18,3897,[일반],[낚시 아님] 20년전 고대의 세일고 커뮤니티 발견 ㄷㄷ,https://m.cafe.daum.net/seilhakseng https://m.cafe.daum.net/seilhakseng 세일고학생회 세계 제일....세일고학생회 카페입니다^^ m.cafe.daum.net 친구가 보내줘서 찾음 세일고 갤러리 개설이 2020년인데 2003년이면 세일고갤보다 17년 먼저 개설됬던거네 2005년까지 쓰다가 버려진듯 글 보려면 카페가입해야함,세일고에서찐따였던내가세일갤에선호감고닉 2023.03.07 23:15:54 스크랩 조회 531 추천 3 댓글 0,3,531,2023.03.07 23:15:54,https://gall.dcinside.com/mini/board/view/?id=seilhs&no=3897&page=18
18,3896,[일반],에이추,ㅇㅇ,ㅇㅇ (211.36) 2023.03.07 17:53:52 스크랩 조회 402 추천 4 댓글 3,4,402,2023.03.07 17:53:52,https://gall.dcinside.com/mini/board/view/?id=seilhs&no=3896&page=18
18,3895,[일반],형하보고싶다,마쎄이찍어버린다~~,ㅇㅇ (220.79) 2023.03.06 20:23:28 스크랩 조회 262 추천 1 댓글 0,1,262,2023.03.06 20:23:28,https://gall.dcinside.com/mini/board/view/?id=seilhs&no=3895&page=18
18,3894,[일반],이인경쌤 어떠심?,담임은 아닌데 체육 수업은 어떻게 하는지 성격은 어떠신지 궁금하네,ㅇㅇ (223.38) 2023.03.06 17:51:32 스크랩 조회 749 추천 0 댓글 5,0,749,2023.03.06 17:51:32,https://gall.dcinside.com/mini/board/view/?id=seilhs&no=3894&page=18
18,3893,[일반],아니 시간표는 알려줘야지,시발,ㅇㅇ (211.208) 2023.03.06 17:34:39 스크랩 조회 264 추천 0 댓글 0,0,264,2023.03.06 17:34:39,https://gall.dcinside.com/mini/board/view/?id=seilhs&no=3893&page=18
18,3892,[일반],석식 언제부터줌?,ㅈㄱㄴ,세일고에서찐따였던내가세일갤에선호감고닉 2023.03.06 17:07:16 스크랩 조회 337 추천 1 댓글 3,1,337,2023.03.06 17:07:16,https://gall.dcinside.com/mini/board/view/?id=seilhs&no=3892&page=18
18,3891,[일반],어떻게 학교 이름이 SALE고등학교 ㅋㅋㅋㅋㅋㅋㅋㅋㅋㅋㅋ,ㅋㅋㅋㅋㅋㅋㅋㅋㅋㅋㅋㅋㅋㅋㅋㅋ,ㅇㅇ (123.140) 2023.03.06 15:16:08 스크랩 조회 424 추천 1 댓글 2,1,424,2023.03.06 15:16:08,https://gall.dcinside.com/mini/board/view/?id=seilhs&no=3891&page=18
18,3890,[일반],신입생인데 질문있음,없음 ㅋ,ㅔㅔ (211.36) 2023.03.06 08:14:30 스크랩 조회 361 추천 0 댓글 1,0,361,2023.03.06 08:14:30,https://gall.dcinside.com/mini/board/view/?id=seilhs&no=3890&page=18
18,3889,[일반],후배들아,졸업생인데 학교에 대학진학현황 붙은 거 있음 올려줘라 올해는 공개 안하려나?..,ㅇㅇ (211.36) 2023.03.05 14:24:21 스크랩 조회 423 추천 0 댓글 2,0,423,2023.03.05 14:24:21,https://gall.dcinside.com/mini/board/view/?id=seilhs&no=3889&page=18
18,3888,[일반],와이셔츠 가디건 위에 후드 입어도 됨?,후드 위에 마이까지 입으면 태클 못 걸지 않냐? - dc official App,허하허 2023.03.04 09:15:12 스크랩 조회 516 추천 0 댓글 4,0,516,2023.03.04 09:15:12,https://gall.dcinside.com/mini/board/view/?id=seilhs&no=3888&page=18
18,3886,[일반],농구 좀 하냐,신입생이나 2학년 중에 농구좋아하는 사람있어? 점심시간에 ㄱ,고삼 (119.197) 2023.03.02 18:23:46 스크랩 조회 408 추천 2 댓글 3,2,408,2023.03.02 18:23:46,https://gall.dcinside.com/mini/board/view/?id=seilhs&no=3886&page=18
18,3885,[일반],20살 이후 남여 인생차이.jpg,- dc official App,ㅇㅇ (223.62) 2023.03.01 17:47:56 스크랩 조회 713 추천 10 댓글 2,10,713,2023.03.01 17:47:56,https://gall.dcinside.com/mini/board/view/?id=seilhs&no=3885&page=18
18,3884,[일반],개학,그래서 개학 6일로 가는거임? - dc official App,ㅇㅇ (175.198) 2023.03.01 17:19:05 스크랩 조회 328 추천 1 댓글 0,1,328,2023.03.01 17:19:05,https://gall.dcinside.com/mini/board/view/?id=seilhs&no=3884&page=18
18,3883,[일반],ㅈ됐네,2학년 인원수 150명 언저리일텐데 그럼 입결은 훨씬 나쁘겠네,ㅇㅇ (211.208) 2023.03.01 00:08:06 스크랩 조회 440 추천 0 댓글 2,0,440,2023.03.01 00:08:06,https://gall.dcinside.com/mini/board/view/?id=seilhs&no=3883&page=18
18,3882,[일반],씁쓸한 현실은,패션의 완성만 얼굴이냐? 학벌의 완성도 얼굴이다,ㅇㅇ (61.82) 2023.02.28 01:22:48 스크랩 조회 429 추천 0 댓글 1,0,429,2023.02.28 01:22:48,https://gall.dcinside.com/mini/board/view/?id=seilhs&no=3882&page=18
18,3880,[정보],[안보면 인절손] 신입생을 위한 세일고 학교생활 메뉴얼,"https://youtu.be/CaJuQo2UzkQ 좀 기니까 브금 들으면서 보면 굿 길고 긴 겨울방학이 끝나간다. 드디어 끝나네 싶기도 하고 아쉽기도 하지만 세붕이들은 이번 방학 즐겁게 보냈길 바란다. 어제 예비소집일이라고 많은 신입생들이 질문 남기는걸 보고 내달 6일 개학을 앞두고 신입생들이 세일고 학교생활에 잘 적응하도록 도움을 주는 글을 쓰기로 했다. 일단 본인은 작년에 인생최대의 실수로 세일고 1지망넣어서 오게된 올해 2학년 올라가는 재학생이고 작년에 학원을 안다녔어서 교내에서 하는 활동은 대부분 참여해봄. 그래서 이 글에서는 학교생활 팁 외에도 하기 좋은/안좋은 교내활동들도 소개할 예정 읽기 귀찮으면 맨밑에 엑기스 있음. 1. 등교 세일고는 8시 30분까지 등교가 원칙임. 세일고가 학군이 넓어서 그런지 학생들 대부분이 대중교통(특히 버스)을 이용해 등교를 하는데 등교시간대에 버스를 탈 경우 명신여고, 인천외고 학생들과 등교시간이 겹쳐서 매우 혼잡한 버스를 탈 가능성이 높음 따라서 이번 예비소집일에 자기 집에서 학교까지 얼마나 걸리는지 재봤을텐데, 개학해서 등교할때는 그거보다 살짝 일찍 등교하는걸 추천함 2. 교복검사 세일고는 등교시간대에 가끔 선생님들이 나오셔서 교복검사를 하실 때가 있음. 작년엔 이두희선생님이 하셨고 가끔 교장선생님도 나오실때가 있다. 나와계시는 곳은 보통 두 곳인데, 정문하고 성실관 중앙현관임. 대부분의 경우에 성실관 중앙현관에 계시고 가끔 정문에서 잡으실때도 있다. 사복은 당연히 안되고, 체육복도 하교할때만 가능하기때문에 잡힘. 무조건 교복이어야 한다. 주의해야하는 경우는 교장선생님이 나와계시는 경운데, 교장선생님 심기가 안좋으신날에 잘못걸리게 되면 세일고의 우수함부터 시작해서 그럴거면 자퇴해라까지 온갖 훈화말씀을 들으며 20분이상 잡혀있을 수 있다. 나도 체육복 입고갔다가 교장한테 잡혀서 1교시 끝나고서야 교실들어간 기억이 있다. 피치못할 사정으로 교복을 입지 못하고 등교할 경우 8시 이전에 등교하거나 후문 - 사랑관 - 구름다리 - 성실관 루트로 학교에 들어오면 교복검사를 회피할수 있다. 3. 실내화 밑에 실내화 뭐신으면 되냐는 질문이 있던데 삼선슬리퍼 아디다스 흰색 실내화 다됨 또한 실수로 실내화주머니를 놓고왔다거나 했을경우 교무실에 가서 말하면 실내화를 빌릴 수 있다. 작년엔 교무실에서 마스크도 줬었음. 지금은 실내마스크 해제됬으니까 어떻게될지 모르겠네. 4. 전자기기 일단 휴대폰은 등교하고 아침조회시간에 내야함. 그러고 7교시 끝나고 종례시간에 다시 받는다. 근데 노트북, 태블릿은 이 규칙의 적용대상이 아니라서 가지고와서 쉬는시간/수업시간에 사용할 수 있다. 우리반도 한명이 가져온 노트북으로 점심시간에 돌아가면서 철권을 했었다. 5. 동아리 동아리는 무조건 우선선발 동아리로 해야 좋다. 니가 공부를 하든 안하든 생기부를 챙기든 안 챙기든 일단 우선선발 동아리가 훨씬 재밌고 활동도 여러가지 한다. 우선선발 아닌 일반동아리들은 그냥 도서관보내서 책읽히는 경우가 수두룩빽빽하고 융통성있는 우선선발 동아리가 시험기간에 학생들 공부하라고 집보내줄때 일반동아리들은 교실에서 자습시킨다. 대신 우선선발동아리들은 동아리날 뭘 준비해오라고 시키거나 외부활동이 많아서 귀찮을순 있음. 6. 방과후 세일고 8교시와 야자는 일단 강제가 아님. 강제로 시킨다는 반도 있었는데 한두달도 안가서 풀리더라. 8교시에는 자기가 신청한 방과후 수업을 수강하거나 자습을 할 수 있는데 방과후는 수강료같은것도 없고 그냥 원하는 과목 수업 한시간 더 듣는거기 때문에 학원을 다니든 안다니든 들을수있으면 듣는걸 추천함. 근데 신청할때 잘 골라야 하는게 골랐다가 수업이 재미없으면 매일 학교끝나고 지옥같은 1시간을 더보내야해서 학교다닐 의욕이 사라진다. 따라서 일단 수업이 재밌고 나하고 잘맞는 선생님이 하시는 방과후로 골라듣는게 좋음. 개인적으로 추천하는 과목은 영어고 뭔과목이든 모의고사 문제풀이 수업을 듣는걸 추천 함. 내신대비 방과후는 어차피 형평성문제때문에 실질적인 내신시험 도움을 받기 힘들고 재미가 없다. 영어는 내가 들은 수업에선 매 수업마다 단어를 외우게 시키셨는데 꽤 도움이 됐던 것 같다. 7. 매점 하루중 가장 먼저 품절되는 품목은 바 아이스크림이다. 배고프면 과자는 가성비 씹구리니까 먹지말고 빵이나 구운란 을 사먹어라. 반박 안받음. 음료는 1200원짜리 랜덤은 누르지 마라. 잘못하면 탐스제로 나옴 8. 청소구역 학기초에 아마 청소구역을 정할텐데 추천/비 추천하는 청소구역 알려줌 추천 특별구역(교과실, 교무실 제외) : 대부분 선생님이 안보시니까 대충대충하는데 봉사시간까지 받음. 이거하는애들은 진짜 개꿀빨더라. 복도 : 대충해도 티가 안남. 분리수거 : 알빠노 하면서 일주일버티다가 쓰레기통 넘치면 그제서야 버리러 가도 충분함. 그러면 다른애들 청소할때 놀수있고 봉사시간까지받음. 비 추천 특별구역(교과실, 교무실) : 깐깐한선생님들이 담당하시는 곳이면 맨날 늦게 하교하게 될수도 있음. 칠판 : 매시간 칠판지우는 특별구역 당번 못지않은 귀찮은 일을 해야하는데 봉사시간도 안받음. 창틀, 사물함 닦기 : 대걸레하는 애들은 빨아와서 대충 쓱쓱 밀면 끝나는데 얘넨 겨울에 손시려워가며 손걸레 빨아와서 손으로 문질러 닦아야함 이제 내가 해본 교내활동중에 추천/비 추천하는거 써봄 신입생들 학기초에 역할분담 정할때, 학교행사 참여할때 참고하길 바란다. 관심없으면 안읽어도 무관 -------교내활동-------- 1. 석식도우미 - 중간 4명뽑아서 2명씩 격주로 시키는데 애들 학생증 찍는거 감시랑 자리안내 도와주면 됨. 석식도우미들은 석식을 자기학년시간이 아닐때도 먹을수 있는데 2,3학년은 일찍먹어서 무조건 친구들 다 먹고 마지막으로 먹어야하지만 1학년은 석식시간 종 땡치자마자 내려가면 빨리 다 먹고 도우미 일을 할 수 있음. 하다보면 귀찮긴한데 석식 일찍먹을수 있는거랑 봉사시간이 있기때문에 중립 . 꼴리면 하셈. 2. 글로벌프로스쿨 - 비 추천 일주일에 2번인가? 석식먹고 야자시간에 외국인 선생님 오셔서 수업해주시는건데 학원 안다니거나 빡빡하지 않은 학생들은 해볼만 함. 특히 문과계열 가려는 학생들. 환경오염, 공정무역 뭐 그런내용의 수업이라 관심있으면 재밌을지도 난 재밌었는데 다른애들은 재미 없다더라 그래도 생기부 야무지게 써주는건 모두가 인정함 베트남애들이랑 교류하고 화상통화같은것도 했었던것같다. 근데 교육청에서 각학교에 이 활동 하는 학생들중에 학생기자단이라고 뽑아가는게 있는데 이건 절대 하지마라 내가 이거 멋모르고 했다가 종업식하고 방학했는데도 기사써라 월례회의나와라 너무 귀찮음. 3. 창체도우미 - 추천 한달에 한번씩 종이 한장 2층교무실에서 받아와서 게시하는게 일이고 가끔 인문사회부에서 행사할때 그거 학생들한테 공지만 하면 됨. 봉사시간도 받음. 4. 멀티도우미 - 추천 빔프로젝터 껐다키고 컴퓨터 껐다키고 소리 껐다키고 등등 수업시간에 미디어기기들 관리하면됨. 봉사시간받음. 수업시간에 많이 잘 예정이라면 비 추천 5. 자주반 - 추천 이거 신청하면 야자시간에 독서실같은데서 공부할수 있음 야자 자주할 학생이라면 무조건 하는게 이득 근데 좀 책임이 따르는 자리라서 이거 신청하면 야자도 맘대로 안할수 없고 허락맡고 집가야하고 암튼 그럼. 6. 교과부장 - 비 추천 이건 교과마다 다르긴 한데 수업전에 교과부장 교무실 들르라고 하시는 선생님이 있음. 그러면 그 교과 수업 전 쉬는시간마다 사랑관 교무실까지 왔다갔다 해야하는데 1년동안 하면 이게 보통 귀찮은게 아니다 그래도 하면 과세특 잘써주시니까 저런거 시키시는 과목만 피해서 ㄱㄱ --------교내행사----------- 7. 무슨무슨 경시대회, 논술대회 등 교내대회 - 추천 이런거 있으면 무조건 참가하는거 추천함. 일단 이런게 있을때는 시험이 다 끝나고 한가할때인데다가 수업시간에 하는경우도 있어서 신청자는 시험보러가고 안한사람은 걍 교실남아서 자습함 부담없이 그냥 필기구만 들고가서 대충보고와도 되니까 잃을게 없음 나도 지금 문관데 과학경시대횐가 그런거 있을때마다 참가했었다. 8. 인문사회콘서트 - 비 추천 인문사회에 관련된 책 여러권중에 골라서 한권 받아간다음 그거 읽고 독후감 내는 학교행사임. 알다시피 학생이 학기중에 책 한권 읽을 시간 내는게 생각보다 쉬운일이 아님. 아싸 공짜책이다 하면서 많은 학생들이 참여했지만 대부분 그냥 대충 목차만 보고 써내더라. 자신없으면 걍 참여안하는게 나음 9. 진로 기사 작성 - 추천 인문사회부에서 했던 행사같은데 정확한 이름은 잘 기억이 안나네 자기 장래희망과 관련된 분야에 대해 자유주제 기사를 쓰면 됨. 예를들어 관심분야가 의료면 뇌전증에 대해 설명하는 기사 써도 되고 그냥 자기가 평소에 관심있던거 기사로 쭉 쓰면 되니까 어렵지않음. 쓴거 게시판에도 게시됨. 일단 생각나는건 이정도네 이거 말고 알고있는 학교행사/활동 있으면 댓글로 알려줘 추가함 그외에 질문있으면 댓 엑기스 1. 동아리는 우선선발 2. 방과후 해 3. 청소는 분리수거 or 특별구역 4. 휴대폰X 노트북,태블릿O 5. 실내화 대여 교무실에서 6. 교복검사 조심",세일고에서찐따였던내가세일갤에선호감고닉 2023.02.25 10:52:38 스크랩 조회 2988 추천 17 댓글 9,17,2988,2023.02.25 10:52:38,https://gall.dcinside.com/mini/board/view/?id=seilhs&no=3880&page=18
18,3879,[일반],신입생 재학생분들 질문받습니다,저는 2000년대 중반 졸업한 선배입니다 궁금하신거 있으시면 알려드립니다,ㅇ (118.235) 2023.02.24 20:39:43 스크랩 조회 614 추천 0 댓글 7,0,614,2023.02.24 20:39:43,https://gall.dcinside.com/mini/board/view/?id=seilhs&no=3879&page=18
18,3878,[일반],실내화 어떤거  신나요,"하얀색에바  만 사용하나요, 어두운 색 곤색이나 혹은 슬리퍼도 가능한가요.",ㄱㄱ (59.16) 2023.02.24 18:40:23 스크랩 조회 512 추천 0 댓글 1,0,512,2023.02.24 18:40:23,https://gall.dcinside.com/mini/board/view/?id=seilhs&no=3878&page=18
18,3877,[일반],누구누구 선생 어떠세요? 라고 좀 물어보1지 마라,니가 1년간 살면서 알아내라 좀 사회성 결여련들아,ㅇㅇ (58.120) 2023.02.24 17:50:33 스크랩 조회 634 추천 10 댓글 6,10,634,2023.02.24 17:50:33,https://gall.dcinside.com/mini/board/view/?id=seilhs&no=3877&page=18
18,3876,[일반],김성규쌤 어떠신가요?,제곧내,ㅇㅇ (211.36) 2023.02.24 17:47:52 스크랩 조회 421 추천 0 댓글 1,0,421,2023.02.24 17:47:52,https://gall.dcinside.com/mini/board/view/?id=seilhs&no=3876&page=18
18,3875,[일반],세일고 체육복입고 등교 ㄱㄴ?,ㅈㄱㄴ,ㅇㅇ (106.102) 2023.02.24 17:16:18 스크랩 조회 550 추천 1 댓글 4,1,550,2023.02.24 17:16:18,https://gall.dcinside.com/mini/board/view/?id=seilhs&no=3875&page=18
18,3874,[일반],졸업생 형들,강수진 선생님 어떠심?? ㅠ,ㅇㅇ (125.180) 2023.02.24 13:53:24 스크랩 조회 556 추천 0 댓글 6,0,556,2023.02.24 13:53:24,https://gall.dcinside.com/mini/board/view/?id=seilhs&no=3874&page=18
18,3873,[일반],오늘 귀걸이 복도에서 걸려서 불린 학생이면 개추,어이 거기...귀걸이,ㅇㅇ (211.215) 2023.02.24 13:21:28 스크랩 조회 519 추천 4 댓글 5,4,519,2023.02.24 13:21:28,https://gall.dcinside.com/mini/board/view/?id=seilhs&no=3873&page=18
18,3872,[일반],1학년들,ㄷㅎ게이 조심해라 ㄷㅎㄱㅇ가 세일고 모니터링 하면서 이상한 글 쓰는 애들 잡아다 지하감옥에 넣는다. 내가 봤다 지하감옥 있는거. 피로 낙서 돼 있더라 ㄹㅇ임,ㅇㅇ (211.215) 2023.02.24 13:13:59 스크랩 조회 334 추천 0 댓글 1,0,334,2023.02.24 13:13:59,https://gall.dcinside.com/mini/board/view/?id=seilhs&no=3872&page=18
18,3871,[일반],김기연쌤 어떠심?,ㅈㄱㄴ - dc official App,ㅇㅇ (58.232) 2023.02.24 12:37:13 스크랩 조회 506 추천 0 댓글 7,0,506,2023.02.24 12:37:13,https://gall.dcinside.com/mini/board/view/?id=seilhs&no=3871&page=18
18,3870,[일반],김성문쌤 어떠심?,.,ㅇㅇ (223.38) 2023.02.24 12:24:49 스크랩 조회 551 추천 2 댓글 14,2,551,2023.02.24 12:24:49,https://gall.dcinside.com/mini/board/view/?id=seilhs&no=3870&page=18
18,3869,[일반],졸업생인데 요즘도 세일고좋나요,졸업생인데 한참전에 졸업했을땐 남학교중에서 세일고가 인천에서는 제일 잘나갓거든요 요즘도 그런가요?,ㅇ (118.235) 2023.02.24 12:04:39 스크랩 조회 455 추천 0 댓글 6,0,455,2023.02.24 12:04:39,https://gall.dcinside.com/mini/board/view/?id=seilhs&no=3869&page=18
18,3867,[일반],우리반 마이 나만입었노,하여간 2학년 올라왔다고 빠져가지고,세일고에서찐따였던내가세일갤에선호감고닉 2023.02.24 09:57:49 스크랩 조회 328 추천 2 댓글 2,2,328,2023.02.24 09:57:49,https://gall.dcinside.com/mini/board/view/?id=seilhs&no=3867&page=18
18,3865,[일반],이런 개좆븅신학교를 다봤나,뭔 씨발 예비소집일날 교복을 처입고 오라하노,ㅇㅇ (211.189) 2023.02.23 23:02:19 스크랩 조회 482 추천 0 댓글 1,0,482,2023.02.23 23:02:19,https://gall.dcinside.com/mini/board/view/?id=seilhs&no=3865&page=18
18,3864,[일반],이인경쌤 어떠심??,담임임;;,ㅇㅇ (223.38) 2023.02.23 22:23:53 스크랩 조회 635 추천 0 댓글 7,0,635,2023.02.23 22:23:53,https://gall.dcinside.com/mini/board/view/?id=seilhs&no=3864&page=18
18,3863,[일반],[필독] 위기의 세일고를 구원할 단 하나의 존재....jpg,대 세 구,허구헌날 트러플찾기 (220.126) 2023.02.23 21:22:13 스크랩 조회 1443 추천 29 댓글 12,29,1443,2023.02.23 21:22:13,https://gall.dcinside.com/mini/board/view/?id=seilhs&no=3863&page=18
18,3862,[일반],예비소집일,내일 예비소집일날 책 나눠주고 끝? - dc official App,ㅇㅇ (59.17) 2023.02.23 14:12:51 스크랩 조회 301 추천 0 댓글 1,0,301,2023.02.23 14:12:51,https://gall.dcinside.com/mini/board/view/?id=seilhs&no=3862&page=18
18,3861,[일반],이번에 의치한 입결 어떻게 되냐,지금 치과의사하고있는 선배인데 세일고 출신 대학 후배가 한명도 없다 ㅠㅠ 나오기만 하면 내가 업어서 키운다 진짜로,ㅇㄹㅇ (61.97) 2023.02.23 12:42:24 스크랩 조회 583 추천 1 댓글 5,1,583,2023.02.23 12:42:24,https://gall.dcinside.com/mini/board/view/?id=seilhs&no=3861&page=18
18,3857,[일반],벌써 자기 담탱이 이름 아는 애들은 어떻게 알게 된 거냐,입소문으로?,ㅇㅇ (223.38) 2023.02.21 23:11:55 스크랩 조회 388 추천 0 댓글 1,0,388,2023.02.21 23:11:55,https://gall.dcinside.com/mini/board/view/?id=seilhs&no=3857&page=18
18,3856,[일반],2.3학년들 예비소집일 옷 뭐입음,사복?교복?,ㅇ (182.214) 2023.02.21 20:13:33 스크랩 조회 542 추천 0 댓글 3,0,542,2023.02.21 20:13:33,https://gall.dcinside.com/mini/board/view/?id=seilhs&no=3856&page=18
18,3855,[일반],이재은 선생님 중앙대 출신 아니였음?,왠 성균관대,ㅇㅇ (211.36) 2023.02.21 17:52:39 스크랩 조회 666 추천 0 댓글 2,0,666,2023.02.21 17:52:39,https://gall.dcinside.com/mini/board/view/?id=seilhs&no=3855&page=18
18,3854,[일반],이재은 쌤이 누구임,이재은 쌤 배정 당했는데 견제 해야하노?,ㅇㅇ (61.4) 2023.02.21 12:22:38 스크랩 조회 709 추천 2 댓글 8,2,709,2023.02.21 12:22:38,https://gall.dcinside.com/mini/board/view/?id=seilhs&no=3854&page=18
18,3853,[일반],뭔 고2 모고 성적으로 어느 학교가 공부를 잘하네 마네를 하고 있냐 ㅋㅋ,그 지랄 할 시간에 수특펴라 ㅋㅋㅋ,ㅇㅇ (106.101) 2023.02.21 05:58:04 스크랩 조회 669 추천 2 댓글 6,2,669,2023.02.21 05:58:04,https://gall.dcinside.com/mini/board/view/?id=seilhs&no=3853&page=18
18,3850,[일반],산곡고 ㄹㅇ 최상위권애들 잘하나,ㅅㅂ 인천 탑 100에서도 5위가 산곡고노 - dc official App,ㅇㅇ (182.215) 2023.02.20 00:44:29 스크랩 조회 916 추천 0 댓글 5,0,916,2023.02.20 00:44:29,https://gall.dcinside.com/mini/board/view/?id=seilhs&no=3850&page=18
18,3849,[일반],세일고 수학점수보다 국어점수가 더 높네,수학 높은거 아니였음?,ㅇㅇ (14.5) 2023.02.19 23:02:06 스크랩 조회 512 추천 0 댓글 1,0,512,2023.02.19 23:02:06,https://gall.dcinside.com/mini/board/view/?id=seilhs&no=3849&page=18
18,3848,[일반],세일고 모고수학 1등이 산곡고 오면 3등이리는게 존나 웃음벨이네ㅋㅋ,평균 높은건 알겠는데 뭔가 존나 웃기노ㅋㅋㅋㅋ - dc official App,ㅇㅇ (211.36) 2023.02.19 21:59:50 스크랩 조회 603 추천 0 댓글 2,0,603,2023.02.19 21:59:50,https://gall.dcinside.com/mini/board/view/?id=seilhs&no=3848&page=18
18,3847,[일반],휘문고 의외로 서열이 낮네,하늘고 10위 휘문고 22위 인천 포스코 고등학교 25위,ㅇㅇ (14.5) 2023.02.19 21:07:55 스크랩 조회 604 추천 0 댓글 5,0,604,2023.02.19 21:07:55,https://gall.dcinside.com/mini/board/view/?id=seilhs&no=3847&page=18
19,3846,[일반],하늘고 전국 10위,근데 인천 포스코 고등학교 이거 인천 과고임?,ㅇㅇ (14.5) 2023.02.19 20:30:30 스크랩 조회 751 추천 0 댓글 1,0,751,2023.02.19 20:30:30,https://gall.dcinside.com/mini/board/view/?id=seilhs&no=3846&page=19
19,3844,[일반],광주는 모고 성적 3위네,의외로 높네,ㅇㅇ (14.5) 2023.02.19 19:41:08 스크랩 조회 221 추천 0 댓글 0,0,221,2023.02.19 19:41:08,https://gall.dcinside.com/mini/board/view/?id=seilhs&no=3844&page=19
19,3843,[일반],상위권 집단 수준은 정통적으로 제주나 경기도가 제일 높음?,신기하네,ㅇㅇ (14.5) 2023.02.19 19:37:04 스크랩 조회 258 추천 0 댓글 3,0,258,2023.02.19 19:37:04,https://gall.dcinside.com/mini/board/view/?id=seilhs&no=3843&page=19
19,3842,[일반],모고 성적 높은대학은 경기도나 대전에 있더라,서울에서 모고성적 1등인 학교가 전국에선 7위인거 보고 신기했음 보통 사교육은 서울쪽에서 더 많이 하지 않나?,ㅇㅇ (14.5) 2023.02.19 19:27:24 스크랩 조회 257 추천 0 댓글 2,0,257,2023.02.19 19:27:24,https://gall.dcinside.com/mini/board/view/?id=seilhs&no=3842&page=19
19,3841,[일반],앙 해민띠,- dc official App,ㅇㅇ (223.38) 2023.02.19 15:23:56 스크랩 조회 171 추천 0 댓글 0,0,171,2023.02.19 15:23:56,https://gall.dcinside.com/mini/board/view/?id=seilhs&no=3841&page=19
19,3840,[일반],송도고가 우리 학교보다 위상이 더 높지 않나?,모고성적이 왜 우리학교보다 낮음?,ㅇㅇ (14.5) 2023.02.19 15:18:41 스크랩 조회 394 추천 0 댓글 1,0,394,2023.02.19 15:18:41,https://gall.dcinside.com/mini/board/view/?id=seilhs&no=3840&page=19
19,3839,[일반],세일고 4위,,ㅇㅇ (14.5) 2023.02.19 15:15:14 스크랩 조회 1557 추천 4 댓글 11,4,1557,2023.02.19 15:15:14,https://gall.dcinside.com/mini/board/view/?id=seilhs&no=3839&page=19
19,3836,[일반],인천에 고2 11모 수학 100 7명ㅋㅋㅋ,포스코고 3명 송도고 1명 신송고 1명 산곡고 1명 연송고 1명 세일고 정시도 이번년도는 좆망했노ㅋㅋㅋ 세일고 보니깐 수학 1등이 92점이던데 - dc official App,ㅇㅇ (211.36) 2023.02.19 13:21:32 스크랩 조회 927 추천 0 댓글 4,0,927,2023.02.19 13:21:32,https://gall.dcinside.com/mini/board/view/?id=seilhs&no=3836&page=19
19,3835,[일반],세일고 수학 좆된거 아님??,세일고는 고2 11모 1등이 92점인데 산곡고는 1등 100점이고 2등이 96점이노 - dc official App,ㅇㅇ (211.36) 2023.02.19 01:43:30 스크랩 조회 612 추천 0 댓글 2,0,612,2023.02.19 01:43:30,https://gall.dcinside.com/mini/board/view/?id=seilhs&no=3835&page=19
19,3834,[일반],야성호 2학년 물리 담당임?,수업 재밌게 하냐,ㅇㅇ (223.38) 2023.02.18 19:13:23 스크랩 조회 356 추천 0 댓글 3,0,356,2023.02.18 19:13:23,https://gall.dcinside.com/mini/board/view/?id=seilhs&no=3834&page=19
19,3833,[일반],세일고가 답없는 게,애들은 특목고 자사고 떨어져서 온 애들이 많아서 내신 따기 난이도는 지옥인데 학교 유형은 일반고라서 생기부에 메리트가 별로 없음 그나마 세특은 좀 잘 적어주는 것 정도가 차별화된 점임,ㅇㅇ (175.198) 2023.02.18 18:52:55 스크랩 조회 615 추천 3 댓글 6,3,615,2023.02.18 18:52:55,https://gall.dcinside.com/mini/board/view/?id=seilhs&no=3833&page=19
19,3832,[일반],학교밖에 컨테이너 말인데,그거 학교안에 들어오지 말고 교과서 가져오라고 설치한거임?,ㅇㅇ (14.5) 2023.02.18 10:19:14 스크랩 조회 268 추천 0 댓글 1,0,268,2023.02.18 10:19:14,https://gall.dcinside.com/mini/board/view/?id=seilhs&no=3832&page=19
19,3831,[일반],신입생인데,교복이랑 예비소집은 도대체 언제주고 언제하는거임? - dc official App,ㅇㅇ (223.38) 2023.02.17 21:22:18 스크랩 조회 479 추천 3 댓글 5,3,479,2023.02.17 21:22:18,https://gall.dcinside.com/mini/board/view/?id=seilhs&no=3831&page=19
19,3830,[일반],아니 이제 세일고는 그냥 ㅈ된거아님?,내신 ㅈㄴ 나눠먹어서 교과는 더 안되고 생기부가 좋으면 서성한 입결은 좋아야 하는데 서성한 라인도 ㅈ박은거 보면 이 학교는 교과도 안되고 학종도 안되는 ㅈ반고만도 못한 ㅂㅅ인거임?,ㅇㅇ (180.69) 2023.02.16 22:59:12 스크랩 조회 764 추천 13 댓글 7,13,764,2023.02.16 22:59:12,https://gall.dcinside.com/mini/board/view/?id=seilhs&no=3830&page=19
19,3829,[일반],세일고 석면 공사 잘 하고있는지 궁금하면 이거 봐라,더 자세한건 세일고 홈피에 - dc official App,암흑에너지 (211.215) 2023.02.16 22:55:30 스크랩 조회 448 추천 1 댓글 0,1,448,2023.02.16 22:55:30,https://gall.dcinside.com/mini/board/view/?id=seilhs&no=3829&page=19
19,3828,[일반],세일고 물갈이,"작년 2학년 문학,일본어,음악,환경 쌤 다 나가셨는데 새로 들어오실 선생님들 존예 여자쌤일 확률 몇프로일 것 같음?",ㅇㅇ (112.221) 2023.02.16 17:30:23 스크랩 조회 481 추천 2 댓글 1,2,481,2023.02.16 17:30:23,https://gall.dcinside.com/mini/board/view/?id=seilhs&no=3828&page=19
19,3827,[일반],우리 학교 공사 안 끝나면 온라인 개학 함?,예비소집 때 직접 학교 가니까 그딴 거 안 하려나 하긴 작년 학기 초에 코로나 심한데도 끝까지 온라인 수업 안 하고 대면수업 했으니,ㅇㅇ (218.52) 2023.02.16 14:26:30 스크랩 조회 308 추천 0 댓글 1,0,308,2023.02.16 14:26:30,https://gall.dcinside.com/mini/board/view/?id=seilhs&no=3827&page=19
19,3826,[일반],아니 예비소집일 공지를 하라고,일안하냐,ㅇㅇ (180.69) 2023.02.16 09:58:25 스크랩 조회 305 추천 3 댓글 2,3,305,2023.02.16 09:58:25,https://gall.dcinside.com/mini/board/view/?id=seilhs&no=3826&page=19
19,3825,[일반],올해 세일고 입결 아는 사람 있음?,갤에 제대로 나와 있는 글이 없어서 정시 수시 다 알려주셈,ㅇㅇ (175.198) 2023.02.14 19:08:46 스크랩 조회 709 추천 1 댓글 9,1,709,2023.02.14 19:08:46,https://gall.dcinside.com/mini/board/view/?id=seilhs&no=3825&page=19
19,3824,[일반],[[[세일고 내신등급별 수시 지원가능대학기준선]]],"학종 기준이다. 그리고 ""비교과 잘 채워져있다는 가정 하"" 이다. [이과] 1.0~1.5 : G.O.A.T -> 의치한약수 서울대 카이스트 포항공대 1.5~1.8 : 전교권, 서울대 낮은과 소신지원 가능, 지방메디컬, 연고대 1.8~2.3 : 연고대, 한양대 성균관대 서강대 2.3~2.6 : 중앙대 서울시립대 경희대 2.6~2.9 : 건국대 동국대 홍익대 2.9~3.1 : 인하대 아주대 과기대 숭실대 3.1 이하 : 정시해라 [문과] 1.0~1.5: 서연고 1.5~2.0: 서성한 2.0~2.5: 중경외시 2.5~2.7: 건동홍 2.7~3.0: 국숭세단 인하아주 3.0이하: 정시해라 간혹가다 나오는 무슨 고려대 3.0합격이거나 이런건 최저 빡센거 맞춰서 들어가거나 논술이니까 현혹되지 말고 내신 아니다 싶으면 바로 정시로 돌입해라. 행운을 빈다. -21년도 졸업생- (짤은 그냥 묻방용이다. 외대생 아님)",ㅇㅇ (180.70) 2023.02.12 03:59:16 스크랩 조회 1776 추천 4 댓글 7,4,1776,2023.02.12 03:59:16,https://gall.dcinside.com/mini/board/view/?id=seilhs&no=3824&page=19
19,3823,[일반],고3들 다들 인강  누구 들음?,.,ㅇㅇ (210.223) 2023.02.11 19:45:02 스크랩 조회 315 추천 1 댓글 1,1,315,2023.02.11 19:45:02,https://gall.dcinside.com/mini/board/view/?id=seilhs&no=3823&page=19
19,3822,[일반],강기원 수업 듣는데 복테 8점 산곡고에서 나왔던데 뭐냐??,왜 시발 저 학교에서 나오지 - dc official App,ㅇㅇ (182.215) 2023.02.11 00:07:48 스크랩 조회 592 추천 0 댓글 7,0,592,2023.02.11 00:07:48,https://gall.dcinside.com/mini/board/view/?id=seilhs&no=3822&page=19
19,3820,[일반],세일고 수시,"일단 올해 졸업생임. 나보다 공부 못하던 중학교 친구들 전부 다 나보다 좋은 대학 수시로 꿀빨고 들어간 거에 대한 열등감으로 글 씀 ㅋㅋㅋㅋ 우리학교 대부분이 정시임. 어느정도냐면 반에 수시로 대학 가는 애들이 3명 내외임. 심지어 교과, 학종이 대다수를 이루는 게 아니라 논술이 안 그래도 별로 없는 수시 합격생 꽤 많은 비중을 차지함. 보통 반3,4등(2점대 중후반) 밑부터는 6논술 or 씹상향 학종+논술임. 최저 없거나 낮은 연세대, 한양대는 지원할 수 있는 풀도 없음. 그나마 고려대는 조금 붙은 거 같다. 현역이 수능에서 목표하는 대학, 과에 들어갈 점수를 받는 게 얼마나 어려운지는 수능을 본 사람만 알 거임. 개나 소나 볼 수 있는 수능이지만 거기서 좋은 결과 얻기는 정말 힘들다. 실력=점수라기에는 외부요인도 많고 암튼. 그 결과, 나를 포함해서 주변 친구들 재수하고 있거나 준비하는 친구들이 그렇지 않은 친구들보다 많음. 정시로 대학 붙은 애들도 성에 안 차서 재수 혹은 반수 준비 중임. 올해 3학년 되는 애들은 '나는 내신 조금 낮아도 대학 붙겠지', '수시 6장 중에 하나는 붙겠지'라는 생각을 버려라. 올해도 2점대애들 수시로 고려대, 성서 중시경 쓴 애들 대부분이 결국 정시로 대학 감. 그렇다고 수시를 버리라는 건 아님. 아무리 그래도 정시보단 수시가 편하다. 다른학교 애들 2달전에 결과 다 나왔는데 우리 학교 애들은 저저번주 쯤부터 한 두명씩 합격소식 들리고 그런다 ㅋㅋㅋㅋ 너네는 수시로 대학 가길 바란다.",ㅇㅇ (220.88) 2023.02.09 22:34:33 스크랩 조회 722 추천 4 댓글 3,4,722,2023.02.09 22:34:33,https://gall.dcinside.com/mini/board/view/?id=seilhs&no=3820&page=19
19,3819,[일반],2 3 학년 예비소집일 언제노,ㅈㄱㄴ,ㅇㅇ (211.36) 2023.02.08 22:09:50 스크랩 조회 316 추천 0 댓글 3,0,316,2023.02.08 22:09:50,https://gall.dcinside.com/mini/board/view/?id=seilhs&no=3819&page=19
19,3818,[일반],씨발 갤 망했노,이새끼들 뭐함?,ㅇㅇ (220.79) 2023.02.08 17:34:00 스크랩 조회 359 추천 0 댓글 2,0,359,2023.02.08 17:34:00,https://gall.dcinside.com/mini/board/view/?id=seilhs&no=3818&page=19
19,3817,[일반],올해 입학하는데 질문좀,폰 쓸 수 있음? 마스크 써야함? - dc official App,ㅇㅇ (210.223) 2023.02.08 09:46:37 스크랩 조회 358 추천 0 댓글 4,0,358,2023.02.08 09:46:37,https://gall.dcinside.com/mini/board/view/?id=seilhs&no=3817&page=19
19,3815,[일반],이진쌤 학창시절,- dc official App,ㅇㅇ (210.223) 2023.02.04 18:40:25 스크랩 조회 681 추천 6 댓글 2,6,681,2023.02.04 18:40:25,https://gall.dcinside.com/mini/board/view/?id=seilhs&no=3815&page=19
19,3814,[일반],님들 여기 두발 어디까지 잡음?,파마? 염색? - dc official App,허하허 2023.02.03 18:01:13 스크랩 조회 460 추천 0 댓글 5,0,460,2023.02.03 18:01:13,https://gall.dcinside.com/mini/board/view/?id=seilhs&no=3814&page=19
19,3812,[일반],15년도 졸업 세붕이형이다,세일고는 어떻냐 선생님들은 잘 계시냐,15세붕 (112.152) 2023.02.02 11:54:02 스크랩 조회 427 추천 1 댓글 3,1,427,2023.02.02 11:54:02,https://gall.dcinside.com/mini/board/view/?id=seilhs&no=3812&page=19
19,3811,[일반],신입 세붕이들을 위한 글,"아래 글 보니까 생각나서 세일고 수준 점점 떨어지고 있고 몇년 전 세일고랑 또 많이 다를거임. 물론 다른 학교 내신 경험 해본 적도 없고 인원수도 적어서  사람마다 체감도 많이 다르겠지만 내가 경험한 세일고는 그정도는 아니란 거임. 전과목 다 어느정도 공부만 하면 3등급은 나올 거임.(재수 없으면 4등급 문을 연다거나) 2등급컷에서부터 조금씩 어려워지는데 2등급도 한번 넘으면 별거 아니라고 생각할 거고 1등급도 마찬가지일거임. 수학이 유독 내신 따기가 어려운 것도 맞긴 한데 모의고사 잘봐도 그 등수대로 내신등수가 되진 않더라;; (내신 시험 특유의 타임어택 때문인 거같음. 물론 고정 극상위권은 변동없는데 1등급이면 되지, 굳이 1,2등 할 필욘 없잖아?) 그리고 수학 좀 못봐도 1점대도 충분히 가능할 거임 수학만 버리고 나머지 1등급 가져가는 좀 꼴뵈기 싫지만 그런 애들도 있음. 전교권은 특목고 수준인 애들이긴 한데 암튼 열심히 하면 너가 원하는 성적 얻을 수 있을거임 + 중학교 내신 좋았다고 자만하지도 말고 내신 별로였다고 기죽을 필요 없음 인천 중학교 수준 워낙 천차만별이고 중학교 내신식 무지성 암기충은 살아남을 수 없는 학교임. +그리고 너무 걱정할 필요 없음 성적 안나오면 정시하면 그만이야~ 이런 마인드가 차라리 나음 나도 못하니 세갤하는 너도 못하겠지라는 마인드의 모고 백분위 10퍼, 내신 3.0 미만 재학생의 반박은 안받음",ㅇㅇ (223.38) 2023.02.01 16:37:58 스크랩 조회 451 추천 0 댓글 0,0,451,2023.02.01 16:37:58,https://gall.dcinside.com/mini/board/view/?id=seilhs&no=3811&page=19
19,3808,[일반],올해 세일고 입결 어케됨,수시 서울대 몇?명,ㅇㅇ (180.69) 2023.01.29 23:16:04 스크랩 조회 649 추천 0 댓글 3,0,649,2023.01.29 23:16:04,https://gall.dcinside.com/mini/board/view/?id=seilhs&no=3808&page=19
19,3807,[일반],세일고,세일고,라이카 (14.39) 2023.01.29 15:32:31 스크랩 조회 199 추천 0 댓글 0,0,199,2023.01.29 15:32:31,https://gall.dcinside.com/mini/board/view/?id=seilhs&no=3807&page=19
19,3806,[일반],님들아 흰색으로 탈색하고 학교가면 어케됨?,ㅈㄱㄴ,ㅇㅇ (211.189) 2023.01.28 10:58:35 스크랩 조회 427 추천 0 댓글 5,0,427,2023.01.28 10:58:35,https://gall.dcinside.com/mini/board/view/?id=seilhs&no=3806&page=19
19,3805,[일반],반배정 언제나오는데,시이발,ㅇㅇ (61.4) 2023.01.28 00:24:29 스크랩 조회 274 추천 0 댓글 2,0,274,2023.01.28 00:24:29,https://gall.dcinside.com/mini/board/view/?id=seilhs&no=3805&page=19
19,3804,[일반],이 학교는 공부 잘하면 무조건 좋아하긴 해,"뭐 안그런 학교가 있겠냐만, 세일고는 여타 일반고에 비해 특히 심햇음 내신 좇창(4점대 후반)이다가 고3 올라가면서 3모부터 쭉 모의고사 계열 내 다섯 손가락 안에 드는 성적 받음. 성적 오르니까 대충 4월에 보는 사설부터 선생들이 존나 케어해준 기억이 여자친구랑 이야기하다 최근에 났는데 그 당시에는 내가 아는 세일고 교사가 맞나 싶었다 근데 너네 아직 사설 모의고사 보냐?",ㅇㅇ (106.101) 2023.01.27 23:01:11 스크랩 조회 469 추천 0 댓글 1,0,469,2023.01.27 23:01:11,https://gall.dcinside.com/mini/board/view/?id=seilhs&no=3804&page=19
19,3803,[일반],실시간 15년 졸업 세붕이형아다,실시간 15졸업생 세붕이다 세일고 미니갤러리 있다고 해서 세일고 동창들이랑 구경 중인데 존나 재밌다 세붕이들 파이팅이다,15세일졸업 (211.36) 2023.01.27 20:55:05 스크랩 조회 449 추천 6 댓글 5,6,449,2023.01.27 20:55:05,https://gall.dcinside.com/mini/board/view/?id=seilhs&no=3803&page=19
19,3801,[일반],시설 공사한다며 얼마나 달라지려나,세일고 근처에 사는 사람 있나?,ㅇㅇ (14.5) 2023.01.24 14:23:26 스크랩 조회 321 추천 0 댓글 2,0,321,2023.01.24 14:23:26,https://gall.dcinside.com/mini/board/view/?id=seilhs&no=3801&page=19
19,3800,[일반],예비 입학생을 위한 세일고 생존 메뉴얼(필독),"세일고에 입학 한 것을 진심으로 유감을 표한다. 일단 나의 신변의 안전을 위해 유동으로 쓰겠다. 이렇게 해도 어차피 알 애들은 누군지 알거라 믿는다. nigga 선택했든 선택 당했든 넌 세일고를 n지망에 써서 '자진입학' 한거다. 아무튼 본격적으로 세일고 생존 메뉴얼을 알려주겠다. 첫째로 교칙에 관한거다. 기본적으로 바지, 셔츠, 가디건, 넥타이는 필수에 셔츠는 바지 안에 넣어야 한다. 바지에 셔츠를 넣지 않더라도 선생님들이 뭐라 하진 않는데 가끔 언급하는 선생님들이 있다. 그리고 여기서 알아야 할 사실이 선생님들 중에 유독 교칙을 중요시 하시는 분이 한 명 계신다. 그 분 앞에서 가디건을 벗는거까진 되지만 만약 셔츠, 바지, 넥타이 중 하나만 입지 않아도 까인다. 그리고 특히 마스크를 벗으면 안 된다. 근데 뭐 1월 30일부터 실내마스크가 해제돼서 마스크 부분은 상관 없다. 둘째로 시설에 관한거다. 세일고는 일단 엘레베이터가 없다. 그거 때문에 장애인이 잘 입학하지는 않는다. 그리고 건물이 크게 세가지로 나뉘어져 있는데 대충 설명하자면 강당, 수업하는 교실, 그리고 대망의 최종보스 이재빈이 있는 건물로 이루어져 있다. 참고로 이재빈을 만날려면 교장실 앞에있는 버튼을 누르면 이재빈이 치지 않고 있다면 문이 스르륵 열린다. 이건 직접 보진 않아서 잘 모르겠다. 화장실은 반에서 반층 위, 아래에 있는데 소변기에 누가 넣는진 모르겠는데 씨발 꼬털이 ㅈㄴ 있다. 그리고 대망의 세일고 지하감옥이 있는데 급식실 들어가는 문쪽에서 화분 있는 쪽 길로 계속 가면 파란색 문이 있다. 거길 열어서 들어가면 계단이 있는데 내려가면 이상한 도자기랑 벽에 무엇인가가 빨간색 스프레이로 써져있다. 셋째로 선생님에 관한거다. 선생님들의 실명을 쓰면 나의 신변이 위험하니 두 글자만 초성으로 쓰겠다. ㅂㄴ: 이 분은 학생의 대학 진학에 있어서 매우 진심이신 분이다. 가끔 교과서에 써진 대사를 성대모사 하시거나 몸으로 역동적인 연기를 하시는데 이것 때문에 수업이 지루하진 않다. ㄷㅎ: 솔직히 처음 보고 ㅈ됐다는 생각이 들었다. 아 이 분은 잘못 걸리면 뒤지겠구나 생각했는데 알고보니 여기중 가장 친하게 지낼 수 있는 선생님이시다. 애들이 수업에 지루해 하면 섹드립도 치시고 이 분이 세일고 갤을 가끔씩 보셔서 수업중 언급하시기도 한다. 그리고 이 분이 푸시는 썰을 보면 만만치 않은 인생을 사셨다. 그 중 하나가 다단계에 끌려가서 일한 썰인데 이건 끝까지 듣진 못해서 나중에 풀어달라하고 갤에 써줘라. ㅈㅅ: 은갈치라고 불리는 세일고의 유명인사시다. 세갤에 적힌 은갈치 해병님의 위엄은 보고 이건 진짜로 좆됐다. 세일고 가면 안되겠다 생각했는데 은근 인생에 도움되는 말과 자존감을 키우는 조언을 해주신다. 이 분은 수업시간에 무조건 대답 크게하고 자면 안되고 끝까지 눈을 마주쳐야하고 턱을 괴거나 팔짱을 끼거나 손가락을 꺾으면 안 된다. 사소한 부분에서 굉장히 신경쓸게 많지만 난 이 분을 존경한다. 그리고 매일 바뀌는 특이한 패션이 기대되는 재미도 있다. ㅅㅁ: 이 선생님께서는 최신 mz프로그램이 장착되어 있어서 흔히 말하는 꼰대나 틀딱과는 거리가 매우 머시다. 교과서에 써있는 유행어나 줄임말이 한글을 파괴한다는 부분을 '오히려 유행어나 줄임말이 한글을 더 발전시키고 있는거다. 은어를 쓰는것이 대화에 효율적이라면 그것은 나쁜것이 아니다. 교육청 사람들이 다 꼰대라서 그렇다.' 라는 비판을 하신 적이 있다. 그리고 최근 떴었던 ai 그림에 관한 수업이나 이상형 월드컵 등을 함으로써 수업에 재미를 부추기고 계신다. 사회: 성함이 기억 안 나서 걍 과목으로 하겠다. 난 이 선생을 처음 보고 앞에 설명했던 그 어떤 분보다 세일고의 위엄을 느낄 수 있었다. 대나무 비스무리 한 것으로 되어있는 막대기를 들고 목에 힘을 줘서 특이한 발성을 내시는 것을 보고 그 때 우리 반 전체는 얼어있었다. 특히 그 목소리가 굉장히 특이했는데 이것을 성대모사 하는 학생들도 있을만큼 특이했다. 그렇게 아무도 말을 안 하자 들고있던 막대기를 치켜들며 '안 때려 이 ㅅㅂ놈들아' 라는 명언을 남기셨다. 선생님 얘기는 여기까지 하겠다. 나의 신변이 위험해서. 넷째로 8교시나 야자에 관한거다. 일단 선생님들이 8교시와 야자를 하기를 적극적으로 권유하신다. 여기서 학원 때문에 못 한다는 가불기를 내세워도 그럼 학원 시간을 바꾸라는 가불기를 가불해버리는데 걍 철판깔고 안 하면 된다. 근데 사실 야자때 공부 할 애들만 하고 대부분은 놀고있어서 효과는 모르겠다. 진짜로 공부할거면 자주반을 신청해라. 참고로 야자때 순찰이 도는데 선생님이 왔을때 공부를 안 하고 딴 짓 하고 있으면 ㅈㄴ털리니까 조심해라. 나는 오는지 안오는지 신세대적인 방법으로 알아냈지만 신변의 위험때문에 방법은 못 말한다. 마지막으로 신입생 과제물인데 이건걍 안 해도 된다. 잘 해가면 상 주니까 알아서 하셈. 너희는 세일고를 '자진입학' 해서 온거다. 어떤 불이익이 있던간에 버텨라. 위대한 이재빈교장님 만세.",ㅇㅇ (223.38) 2023.01.23 17:22:27 스크랩 조회 2674 추천 23 댓글 4,23,2674,2023.01.23 17:22:27,https://gall.dcinside.com/mini/board/view/?id=seilhs&no=3800&page=19
19,3799,[일반],이번에 올라가는 07번생인데 폰사용 가능하냐 ?,다른 까다로운 교칙같은거 있음 ?,ㅇㅇ (124.53) 2023.01.22 20:18:03 스크랩 조회 541 추천 0 댓글 12,0,541,2023.01.22 20:18:03,https://gall.dcinside.com/mini/board/view/?id=seilhs&no=3799&page=19
19,3798,[일반],솔직히 여긴 악마의 소굴이 맞다,"념글이 그대로 맞으면 과거에 악명이 있었어도 초과가 되도 함참되어서 부개고나 부흥고 그 이상으로 경쟁률이 미쳤어야 하는 게 맞다 주변에 ㅈㄹ하는 세일고 형들 말고 ㄹㅇ 진심으로 해주는 형들은 웬만한 개같은 고등학교보다도 구리다고함 안가는덴 다 이유가 있는 거지 물론 이글을 보는 니가 올해로 중3이하고 정시 파이터가 되어서 인서울이나 의대를 갈 자신이 있거나 실력이 된다면 다른 일반고 말고 무조건 세일고를 가라 미친 개추천함 근데 이 이외에 경우는 미치지 않고서야 세일고를 안가는게 맞다 세일고가 사립고 중에서도 명문이라 선생들이 다 스펙도 쩔고 케어도 잘해주는데 그 이외에 다른 이유는 더 좋은 선택지가 많다(급식,시설,내신 난이도 등등) 어쨋든 디시에서 이런글 보고있는 너가 미친 정시파이터가 될건 아니니까 그냥 다른 일반고 가라 - dc official App",ㅇㅇ (58.234) 2023.01.22 01:38:51 스크랩 조회 1147 추천 39 댓글 1,39,1147,2023.01.22 01:38:51,https://gall.dcinside.com/mini/board/view/?id=seilhs&no=3798&page=19
19,3797,[일반],님들아 저 예비세일고생인데 이재빈이 누구에요,딸재빈은 또 뭐고,ㅇㅇ (211.189) 2023.01.20 23:27:18 스크랩 조회 598 추천 0 댓글 3,0,598,2023.01.20 23:27:18,https://gall.dcinside.com/mini/board/view/?id=seilhs&no=3797&page=19
19,3796,[일반],세일에 관한 악명이 높은거 같은데,솔직히 다 옛말이고 단점은 시설 구린거랑 인원적은 거밖에 없음,ㅇㅇ (180.69) 2023.01.20 22:34:00 스크랩 조회 294 추천 0 댓글 0,0,294,2023.01.20 22:34:00,https://gall.dcinside.com/mini/board/view/?id=seilhs&no=3796&page=19
19,3795,[일반],04들아,올해는 우리 차례다.,ㅇㅇ (220.88) 2023.01.20 22:00:13 스크랩 조회 356 추천 3 댓글 0,3,356,2023.01.20 22:00:13,https://gall.dcinside.com/mini/board/view/?id=seilhs&no=3795&page=19
19,3794,[일반],신입 세붕이들아 반갑다,자 이제 자퇴신청서 써서 그대로 담탱이한테 가지고 가라. 자퇴때리고 검고준비하는게 답이다,하마 2023.01.20 20:52:35 스크랩 조회 239 추천 0 댓글 0,0,239,2023.01.20 20:52:35,https://gall.dcinside.com/mini/board/view/?id=seilhs&no=3794&page=19
19,3793,[일반],개시발,뻉뻉이 개 시발 7지망이 걸리네 개좆같게 내신 경쟁 빡셈 ??,ㅇㅇ (124.53) 2023.01.20 16:49:14 스크랩 조회 287 추천 0 댓글 2,0,287,2023.01.20 16:49:14,https://gall.dcinside.com/mini/board/view/?id=seilhs&no=3793&page=19
19,3792,[일반],3지망 세일 시발,줫같네,ㅇㅇ (211.189) 2023.01.20 15:10:20 스크랩 조회 378 추천 0 댓글 1,0,378,2023.01.20 15:10:20,https://gall.dcinside.com/mini/board/view/?id=seilhs&no=3792&page=19
19,3791,[일반],3지망으로 세일고 떨어짐,이제 어떡하냐 - dc official App,ㅇㅇ (58.232) 2023.01.20 14:32:52 스크랩 조회 373 추천 0 댓글 2,0,373,2023.01.20 14:32:52,https://gall.dcinside.com/mini/board/view/?id=seilhs&no=3791&page=19
19,3790,[일반],1지망 떨어진 게이 2지망 세일고 붙다,친구중에 부평고 가는 애가 있는 데 걔가 보내준 거임 ㅋㅋ 부개고 떨어져서 세일고 간 게이 우리 세일고 가버렸노~~ 내 친구의 친구 잘 돌봐줘 세일고 선배짱들~,ㅇㅇ (2.58) 2023.01.20 14:29:00 스크랩 조회 367 추천 1 댓글 1,1,367,2023.01.20 14:29:00,https://gall.dcinside.com/mini/board/view/?id=seilhs&no=3790&page=19
19,3788,[일반],세일고 간다했던 사람이다 바꿨다,체크무니 교복 죽어도 못입는다 떨어질거 같았던 미추홀외고도 붙고 응 세일고 안가 병신들아~~ - dc official App,ㅇㅇ (223.38) 2023.01.18 11:30:07 스크랩 조회 402 추천 0 댓글 5,0,402,2023.01.18 11:30:07,https://gall.dcinside.com/mini/board/view/?id=seilhs&no=3788&page=19
19,3787,[일반],07년도 졸업생 구경왔다,이재빈이 담임이었음 아직 사대천왕 샘들 계시나? 은퇴하셨겠지? 야자시간에 졸다 울트라한테 빠따 존나맞았었는데,옥수수 (118.235) 2023.01.17 17:40:41 스크랩 조회 494 추천 0 댓글 1,0,494,2023.01.17 17:40:41,https://gall.dcinside.com/mini/board/view/?id=seilhs&no=3787&page=19
20,3786,[일반],여기 입결 어떰??,청라고랑 비교하면 ㅇㅇ,ㅇㅇ (1.243) 2023.01.17 00:22:35 스크랩 조회 607 추천 0 댓글 3,0,607,2023.01.17 00:22:35,https://gall.dcinside.com/mini/board/view/?id=seilhs&no=3786&page=20
20,3785,[일반],NTR취향이 있는데,히토미 태그좀 아님 픽시브나,청소부 (223.38) 2023.01.15 17:55:09 스크랩 조회 264 추천 1 댓글 1,1,264,2023.01.15 17:55:09,https://gall.dcinside.com/mini/board/view/?id=seilhs&no=3785&page=20
20,3784,[일반],확실히 세일고를 오고나서 내 인생이 달라졌다.,"원래는 중딩때 일진 눈도 못마주치고 쓰레기 아무데나 버리고 침 찍찍 뱉고 했는데, 세일고 학생이 되고나니깐 품위유지 할려고 스스로 노력할려고한다. 방금도 길바닥에 포스틱봉지 버려져있길래 주워서 쓰레기통에 버리고왔다. 학생때는 일진은 커녕 같은 찐따 눈도 못마주쳤는데 이제는 배달음식 주문할때도 큰 소리로 또박또박말하고, 편의점 피시방에서도 알바생이랑 눈마주치기 가능해졋다 아무리 기분 좆같은 일이 생겨도 샤워하면서 혼자 나는 누구? ""세붕이"" 하면서 웃으니깐 기분도 좋아지네 이래서 자리가 사람을 만든다는말이 나온거같다.",ㅇㅇ (175.210) 2023.01.11 17:51:20 스크랩 조회 730 추천 19 댓글 3,19,730,2023.01.11 17:51:20,https://gall.dcinside.com/mini/board/view/?id=seilhs&no=3784&page=20
20,3783,[일반],딸재빈이 치다 걸린 연도,08년 여름 09년 가을 2연타의 미친놈 ㅋㅋㅋ 서른살 아재들은 생각한다 딸재빈 과연 교장실에서는... ㅋ,ㅇㅇ (106.240) 2023.01.11 10:30:12 스크랩 조회 681 추천 6 댓글 0,6,681,2023.01.11 10:30:12,https://gall.dcinside.com/mini/board/view/?id=seilhs&no=3783&page=20
20,3782,[일반],예비 고2들을 위한 글,1학년 때 2.5도 안나왔으면 꾸역꾸역 내신 챙기지말고 정시나 하셈 그 점수로 만족하는 대학 갈 순 있겠음?,ㅇㅇ (223.38) 2023.01.10 22:58:35 스크랩 조회 393 추천 0 댓글 6,0,393,2023.01.10 22:58:35,https://gall.dcinside.com/mini/board/view/?id=seilhs&no=3782&page=20
20,3781,[일반],세일고 쓴 예비고1들아,여기 갤에 써져있는 거 신경쓰지 말고 그냥 무조건 세일고 와야된다. 오지 말라는거 다 분탕충이니까 세일고 와서 꿈을 펼치렴,세일고암흑의5대천왕 2023.01.05 20:03:08 스크랩 조회 541 추천 4 댓글 3,4,541,2023.01.05 20:03:08,https://gall.dcinside.com/mini/board/view/?id=seilhs&no=3781&page=20
20,3780,[일반],세일 친구들아,작년에 입학하기 전에 봤던글 그대로 적는다. 세일고 탈출은 지능순이다 어디든 좋으니 여자많고 시설좋은데로 전학가라,ㅇㅇ (118.235) 2023.01.04 12:39:45 스크랩 조회 360 추천 0 댓글 1,0,360,2023.01.04 12:39:45,https://gall.dcinside.com/mini/board/view/?id=seilhs&no=3780&page=20
20,3779,[일반],ㅂㅅ 세일고 왜가노 ㅋㅋㅋㅋㅋㅋㅋ,"""ISHS 30 기 "" - dc official App",ㅇㅇ (115.138) 2023.01.04 12:32:07 스크랩 조회 330 추천 0 댓글 0,0,330,2023.01.04 12:32:07,https://gall.dcinside.com/mini/board/view/?id=seilhs&no=3779&page=20
20,3777,[일반],안영근샘 결혼햇냐??,애들이랑 망년회하다 궁금해짐,졸업생 (1.239) 2023.01.02 12:22:08 스크랩 조회 400 추천 0 댓글 0,0,400,2023.01.02 12:22:08,https://gall.dcinside.com/mini/board/view/?id=seilhs&no=3777&page=20
20,3774,[일반],논술 질문받는다,건동홍 아래로만 질문해라 - dc official App,ㅇㅇ (39.120) 2022.12.28 02:45:11 스크랩 조회 373 추천 1 댓글 1,1,373,2022.12.28 02:45:11,https://gall.dcinside.com/mini/board/view/?id=seilhs&no=3774&page=20
20,3773,[일반],여엉꼬비싶,여자 엉덩이에 꼬추 비벼서 싸고싶다,청소부 (116.38) 2022.12.26 23:01:37 스크랩 조회 288 추천 0 댓글 0,0,288,2022.12.26 23:01:37,https://gall.dcinside.com/mini/board/view/?id=seilhs&no=3773&page=20
20,3772,[일반],곧 세일고 갈 중3입니다,잘부탁드립니다,ㅇㅇ (222.235) 2022.12.19 18:34:28 스크랩 조회 684 추천 0 댓글 7,0,684,2022.12.19 18:34:28,https://gall.dcinside.com/mini/board/view/?id=seilhs&no=3772&page=20
20,3770,[일반],영구 없~다,영구 졸업했다,ㅇㅇ (112.155) 2022.12.18 21:22:46 스크랩 조회 295 추천 0 댓글 1,0,295,2022.12.18 21:22:46,https://gall.dcinside.com/mini/board/view/?id=seilhs&no=3770&page=20
20,3769,[일반],세일고 하복으로 이 라인에 비비기 가능?,,ㅇㅇ (210.223) 2022.12.18 19:06:43 스크랩 조회 749 추천 0 댓글 2,0,749,2022.12.18 19:06:43,https://gall.dcinside.com/mini/board/view/?id=seilhs&no=3769&page=20
20,3768,[일반],이재빈이 누구임?,밑에 세일고 1차쓴 예비고1인데 재빈이가 누구임? 나보다 나이는 많은 거 같은 데 이재빈 교장은 누구고 4반 이재빈은 또 누구고 알려줄 친절한 세일고 선배님 안계신가요? - dc official App,ㅇㅇ (58.234) 2022.12.18 00:13:07 스크랩 조회 748 추천 0 댓글 2,0,748,2022.12.18 00:13:07,https://gall.dcinside.com/mini/board/view/?id=seilhs&no=3768&page=20
20,3767,[일반],세일고 인천 꼴지 고등학교,정시로 의대한명 못가는 개좇반고 - dc official App,ㅇㅇ (223.38) 2022.12.17 13:20:04 스크랩 조회 874 추천 3 댓글 4,3,874,2022.12.17 13:20:04,https://gall.dcinside.com/mini/board/view/?id=seilhs&no=3767&page=20
20,3766,[일반],지금 예비고1들이 세일고를 와야하는 이유,1. 선생님들이 매우 좋으시다. 선생님들께서 학생들에게 진심이고 고학력자 출신에 교육의 질도 높다. 2. 시설이 매우 좋다. 학교는 지어진지 꽤 됐지만 그럼에도 불구하고 시설이 좋다. 이번에 하는 공사로 인해 시설이 더욱 좋아질 전망이다. 3. 급식이 맛있다. 4. 내신 받기가 수월하다. 누구나 열심히 하기만 하면 1등급 받을 수 있다. 5. 문과의 지원이 탄탄하다. 몇 명 없는 문과 학생들마저 챙기는 것이 세일고가 좋은 이유이다. 세일고 이재빈 교장님 만세,세일고암흑의5대천왕 2022.12.15 23:37:55 스크랩 조회 2252 추천 70 댓글 4,70,2252,2022.12.15 23:37:55,https://gall.dcinside.com/mini/board/view/?id=seilhs&no=3766&page=20
20,3764,[일반],우리 1학년 때 필살기 자퇴펀치라고 있었다,더불어서 이진의 깽값펀치 - dc official App,ㅇㅇ (112.145) 2022.12.14 06:22:03 스크랩 조회 515 추천 2 댓글 0,2,515,2022.12.14 06:22:03,https://gall.dcinside.com/mini/board/view/?id=seilhs&no=3764&page=20
20,3763,[일반],세일고 1지망 넣었다,무조건 붙겠지만 왜 안붙을 거 같냐 - dc official App,ㅇㅇ (58.234) 2022.12.13 23:18:54 스크랩 조회 668 추천 7 댓글 6,7,668,2022.12.13 23:18:54,https://gall.dcinside.com/mini/board/view/?id=seilhs&no=3763&page=20
20,3757,[일반],자습시간에 관리좀 하자,ㅈㄴ 떠드는 거 다 알텐데,ㅇㅇ (223.38) 2022.12.04 21:12:07 스크랩 조회 619 추천 8 댓글 2,8,619,2022.12.04 21:12:07,https://gall.dcinside.com/mini/board/view/?id=seilhs&no=3757&page=20
20,3755,[일반],작년 졸업생인데,"강점현 쌤은 올해도 좋으시냐 작년 담임쌤인데,,, 한번 찾아가야겠네 지금 2학년은 3학년 수업 열심히 들어라 지금 라인업 어떤진 모르겠는데 일단 다들 열정 오지심 손용우 쌤 이과쌤이셔서 1주일에 한번 오셨지만 애들이 정말 좋아했음 시대 자료 어디서 구해서 가져오시고 ㅋㅋ 다른 쌤 많았지만 생각안나네 물어보면 아는데로 알려줌",ㅇㅇ (211.36) 2022.12.03 18:02:17 스크랩 조회 856 추천 0 댓글 4,0,856,2022.12.03 18:02:17,https://gall.dcinside.com/mini/board/view/?id=seilhs&no=3755&page=20
20,3754,[일반],나 이번에 입학할 예정인데,여기 학교짱이 여동현이냐?,이재원 (112.155) 2022.12.02 17:41:10 스크랩 조회 543 추천 0 댓글 1,0,543,2022.12.02 17:41:10,https://gall.dcinside.com/mini/board/view/?id=seilhs&no=3754&page=20
20,3752,[일반],세일고 내신 등급컷 질문,예비 고1인데 고1 과목별 내신 등급컷 알려주세요~,오오 (58.232) 2022.11.29 11:55:45 스크랩 조회 1107 추천 1 댓글 9,1,1107,2022.11.29 11:55:45,https://gall.dcinside.com/mini/board/view/?id=seilhs&no=3752&page=20
20,3751,[일반],고1들은 ㄹㅇ 탈출해라,나도 탈출한 사람인데 진짜로 나처럼 너네 인생 낭떠러지에서 살아날 수 있다 ㄹㅇ 고1들은 지금이라도,ㅇㅇ (211.179) 2022.11.29 05:38:39 스크랩 조회 537 추천 4 댓글 1,4,537,2022.11.29 05:38:39,https://gall.dcinside.com/mini/board/view/?id=seilhs&no=3751&page=20
20,3749,[일반],생윤 공부하는데 이거 뭐노,민태게이야..,ㅇㅇ (125.190) 2022.11.27 17:36:20 스크랩 조회 602 추천 4 댓글 3,4,602,2022.11.27 17:36:20,https://gall.dcinside.com/mini/board/view/?id=seilhs&no=3749&page=20
20,3748,[일반],고졸 취업 되냐,c,빅빅 (116.38) 2022.11.27 16:19:44 스크랩 조회 292 추천 0 댓글 1,0,292,2022.11.27 16:19:44,https://gall.dcinside.com/mini/board/view/?id=seilhs&no=3748&page=20
20,3747,[일반],염소,낑낑,01233 (116.38) 2022.11.25 21:41:22 스크랩 조회 346 추천 1 댓글 1,1,346,2022.11.25 21:41:22,https://gall.dcinside.com/mini/board/view/?id=seilhs&no=3747&page=20
20,3745,[일반],젭 미니게임,느려져서 좆같으니까 키지 좀 마라 장애련들아 - dc official App,세일고의네임드가될테야 2022.11.25 10:19:10 스크랩 조회 283 추천 0 댓글 1,0,283,2022.11.25 10:19:10,https://gall.dcinside.com/mini/board/view/?id=seilhs&no=3745&page=20
20,3744,[일반],고2 모고 수학 100점 있음?,.,ㅇㅇ (210.223) 2022.11.24 20:08:25 스크랩 조회 615 추천 4 댓글 1,4,615,2022.11.24 20:08:25,https://gall.dcinside.com/mini/board/view/?id=seilhs&no=3744&page=20
20,3743,[일반],여기가 그 4년제 고등학교 맞음?,명문 4년제로 유명하던데,ㅇㅇ (118.222) 2022.11.23 18:28:12 스크랩 조회 751 추천 6 댓글 2,6,751,2022.11.23 18:28:12,https://gall.dcinside.com/mini/board/view/?id=seilhs&no=3743&page=20
20,3742,[일반],대학,표준점수 380점이면 어디 갈수 있음? 공대로,. (220.87) 2022.11.19 17:04:39 스크랩 조회 433 추천 0 댓글 1,0,433,2022.11.19 17:04:39,https://gall.dcinside.com/mini/board/view/?id=seilhs&no=3742&page=20
20,3741,[일반],3학년 잘봤나?,분위기 어떠냐,ㅇㅇ (58.236) 2022.11.19 09:35:35 스크랩 조회 545 추천 0 댓글 2,0,545,2022.11.19 09:35:35,https://gall.dcinside.com/mini/board/view/?id=seilhs&no=3741&page=20
20,3740,[일반],레잇버드 취침,온라인때문에 밤낮 바뀌었노 ㅅㅂ,세일고에서찐따였던내가세일갤에선호감고닉 2022.11.19 06:10:28 스크랩 조회 233 추천 0 댓글 0,0,233,2022.11.19 06:10:28,https://gall.dcinside.com/mini/board/view/?id=seilhs&no=3740&page=20
20,3739,[일반],ㅋㅋ,아 - dc official App,ㅇㅇ (211.36) 2022.11.18 08:37:09 스크랩 조회 408 추천 0 댓글 4,0,408,2022.11.18 08:37:09,https://gall.dcinside.com/mini/board/view/?id=seilhs&no=3739&page=20
20,3738,[일반],강점현샘 아직 계시냐?,궁금하네. 윤찬석 샘도....,ㅇㅇ (220.75) 2022.11.15 18:47:51 스크랩 조회 594 추천 0 댓글 2,0,594,2022.11.15 18:47:51,https://gall.dcinside.com/mini/board/view/?id=seilhs&no=3738&page=20
20,3734,[일반],얼리버드 기상,어제는 일요일이라 쉼,얼리버드 (39.120) 2022.11.14 03:50:43 스크랩 조회 237 추천 1 댓글 1,1,237,2022.11.14 03:50:43,https://gall.dcinside.com/mini/board/view/?id=seilhs&no=3734&page=20
20,3733,[일반],얼리버드 기상,내일도 간다,얼리버드 (39.120) 2022.11.12 04:12:18 스크랩 조회 259 추천 2 댓글 2,2,259,2022.11.12 04:12:18,https://gall.dcinside.com/mini/board/view/?id=seilhs&no=3733&page=20
20,3732,[일반],갤 망했노,1 2학년 게이들은 텔레그램이나 다운받아라,ㅇㅇ (220.126) 2022.11.11 20:02:55 스크랩 조회 270 추천 1 댓글 0,1,270,2022.11.11 20:02:55,https://gall.dcinside.com/mini/board/view/?id=seilhs&no=3732&page=20
20,3731,[일반],얼리버드 기상,내일도 인증간다,얼리버드 (39.120) 2022.11.11 05:18:10 스크랩 조회 244 추천 0 댓글 2,0,244,2022.11.11 05:18:10,https://gall.dcinside.com/mini/board/view/?id=seilhs&no=3731&page=20
20,3730,[일반],얼리버드 취침,내일 아침에 기상인증간다,얼리버드 (39.120) 2022.11.10 21:17:23 스크랩 조회 165 추천 0 댓글 0,0,165,2022.11.10 21:17:23,https://gall.dcinside.com/mini/board/view/?id=seilhs&no=3730&page=20
20,3729,[일반],문과 병신련들은,확통에 사탐들고 징징거리는 이유가 뭐냐?,ㅇㅇ (1.243) 2022.11.08 23:58:56 스크랩 조회 527 추천 1 댓글 2,1,527,2022.11.08 23:58:56,https://gall.dcinside.com/mini/board/view/?id=seilhs&no=3729&page=20
20,3728,[일반],문과는,인천외고 가야함? - dc official App,ㅇㅇ (121.125) 2022.11.08 17:31:42 스크랩 조회 409 추천 0 댓글 3,0,409,2022.11.08 17:31:42,https://gall.dcinside.com/mini/board/view/?id=seilhs&no=3728&page=20
20,3727,[일반],올해도 수험표 뒤에 가채점표 붙여서 주려나,작년에 떼느라ㅜ개고생햇는데 걍 안 붙이면 안되나 칸도 좆만하고 재질도 ㅂㅅ이라 안 써지겟던데 - dc official App,ㅇㅇ (222.237) 2022.11.08 02:19:57 스크랩 조회 360 추천 0 댓글 1,0,360,2022.11.08 02:19:57,https://gall.dcinside.com/mini/board/view/?id=seilhs&no=3727&page=20
20,3726,[일반],세일고 4대천왕 실존함,ㅇ? - dc official App,ㅇㅇ (223.38) 2022.11.07 20:06:26 스크랩 조회 1028 추천 0 댓글 3,0,1028,2022.11.07 20:06:26,https://gall.dcinside.com/mini/board/view/?id=seilhs&no=3726&page=20
20,3725,[일반],산남 중2인데,세일고 가도 됌?,ㅇㅇ (223.38) 2022.11.07 19:46:25 스크랩 조회 535 추천 0 댓글 4,0,535,2022.11.07 19:46:25,https://gall.dcinside.com/mini/board/view/?id=seilhs&no=3725&page=20
20,3724,[일반],솔직히 세갤,내신 7등급 앰생들이 글 싸지르는 공간인데 왜 유명해진지 모르겠음 별로 도움되는 내용도 없고 그냥 학교에서 아무말도 못하는 찐따들이 의견표출하는 불쌍한 공간임,이재빈 아들 (211.46) 2022.11.02 12:57:50 스크랩 조회 564 추천 13 댓글 2,13,564,2022.11.02 12:57:50,https://gall.dcinside.com/mini/board/view/?id=seilhs&no=3724&page=20
20,3723,[일반],여기 이태원 놀러갔던 세붕이 있나?,다들 조심하고 몸 건강해라,ㅇㅇ 2022.11.01 19:14:10 스크랩 조회 457 추천 1 댓글 1,1,457,2022.11.01 19:14:10,https://gall.dcinside.com/mini/board/view/?id=seilhs&no=3723&page=20
20,3721,[일반],80년대 세일고,ㄷㄷㄷㄷ,ㅇㅇ (211.226) 2022.10.31 22:57:41 스크랩 조회 800 추천 15 댓글 2,15,800,2022.10.31 22:57:41,https://gall.dcinside.com/mini/board/view/?id=seilhs&no=3721&page=20
20,3717,[일반],솔직히 욱일승천기 교표가 근본 아니냐,"大 世 ""日"" 高",ㅇㅇ (223.62) 2022.10.22 08:09:44 스크랩 조회 518 추천 15 댓글 0,15,518,2022.10.22 08:09:44,https://gall.dcinside.com/mini/board/view/?id=seilhs&no=3717&page=20
20,3716,[일반],수능끝나면 노래방갈사람 구함,조건 : 일본노래 불러야됨,ㅇㅇ (218.239) 2022.10.20 22:58:43 스크랩 조회 369 추천 0 댓글 0,0,369,2022.10.20 22:58:43,https://gall.dcinside.com/mini/board/view/?id=seilhs&no=3716&page=20
