페이지,게시글번호,말머리,제목,내용,글쓴이,추천수,조회수,날짜,링크
,6726,[일반],내 마나토끼가 !!!,내 생구멍 발사대가 사라졌어,dasiima 2026.04.28 18:23:44 스크랩 조회 186 추천 0 댓글 4,0,186,2026.04.28 18:23:44,https://gall.dcinside.com/mgallery/board/view/?id=pths&no=6726&page=1
,6732,[일반],학생회 어떻게 들어가나요?,동아리 잘못들어갔는데 어떻게하나요 - dc official App,평붕이 (221.163) 2026.05.16 19:52:59 스크랩 조회 111 추천 1 댓글 1,1,111,2026.05.16 19:52:59,https://gall.dcinside.com/mgallery/board/view/?id=pths&no=6732&page=1
,6733,[일반],릴스보는데 주딱게이 뜨놐ㅋㅋ,고등학생 때랑 왤케 변했농ㅋㅋㅋ,평붕이 (106.101) 2026.05.22 16:13:44 스크랩 조회 108 추천 0 댓글 3,0,108,2026.05.22 16:13:44,https://gall.dcinside.com/mgallery/board/view/?id=pths&no=6733&page=1
,6730,[일반],평택고 2학년 축구 티어표,그런건 없다 게이야 - dc official App,ㅇㅇ 2026.05.13 00:20:21 스크랩 조회 171 추천 1 댓글 1,1,171,2026.05.13 00:20:21,https://gall.dcinside.com/mgallery/board/view/?id=pths&no=6730&page=1
,6727,[일반],평고 6학년 올해는 꼭 대학가자,,ㅇㅇ 2026.04.29 14:28:51 스크랩 조회 242 추천 1 댓글 4,1,242,2026.04.29 14:28:51,https://gall.dcinside.com/mgallery/board/view/?id=pths&no=6727&page=1
,6731,[일반],ㄷㄷ,ㄷㄷㄷㄷㄷㄷㄷㄷㄷㄷㄷㄷㄷㄷㄷㄷㄷㄷㄷㄷㄷㄷㄷㄷㄷㄷㄷㄷㄷㄷㄷㄷㄷㄷㄷㄷㄷㄷㄷㄷㄷㄷㄷㄷㄷㄷㄷㄷㄷㄷㄷㄷㄷㄷㄷㄷㄷㄷㄷㄷㄷㄷㄷㄷㄷㄷㄷㄷㄷㄷㄷㄷㄷㄷㄷㄷㄷㄷㄷㄷㄷㄷㄷㄷㄷㄷㄷㄷㄷㄷ,평붕이 (112.146) 2026.05.15 23:08:00 스크랩 조회 107 추천 0 댓글 1,0,107,2026.05.15 23:08:00,https://gall.dcinside.com/mgallery/board/view/?id=pths&no=6731&page=1
,6729,[일반],...,~~~,6o5 (211.234) 2026.05.12 13:08:16 스크랩 조회 126 추천 1 댓글 0,1,126,2026.05.12 13:08:16,https://gall.dcinside.com/mgallery/board/view/?id=pths&no=6729&page=1
,6728,[일반],오늘무슨날이지…,,ㅇㅇ 2026.05.03 03:35:22 스크랩 조회 194 추천 0 댓글 1,0,194,2026.05.03 03:35:22,https://gall.dcinside.com/mgallery/board/view/?id=pths&no=6728&page=1
,6721,[일반],야 근데,우리 학교에 담배피는 애들 생각보다 ㅈㄴ 많냐 왜?,평붕이 (211.241) 2026.04.23 00:11:47 스크랩 조회 203 추천 0 댓글 3,0,203,2026.04.23 00:11:47,https://gall.dcinside.com/mgallery/board/view/?id=pths&no=6721&page=1
,6722,[일반],야,구르트 ㅋ - dc official App,평붕이 (175.114) 2026.04.23 02:03:53 스크랩 조회 173 추천 0 댓글 1,0,173,2026.04.23 02:03:53,https://gall.dcinside.com/mgallery/board/view/?id=pths&no=6722&page=1
,6715,,,,익명,,,,https://gall.dcinside.com/mgallery/board/view/?id=pths&no=6715&page=1
,6725,[일반],1학년인데,한국사 10점에 과학 32점인데 공부 진짜 얼만큼 디지게 열심히하면 인서울 가나요,평붕이 (118.235) 2026.04.27 16:20:36 스크랩 조회 253 추천 1 댓글 4,1,253,2026.04.27 16:20:36,https://gall.dcinside.com/mgallery/board/view/?id=pths&no=6725&page=1
,6723,[일반],경기남부 주름잡기는 대 평 고,캬 - dc official App,평붕이 (211.234) 2026.04.26 14:07:36 스크랩 조회 350 추천 9 댓글 3,9,350,2026.04.26 14:07:36,https://gall.dcinside.com/mgallery/board/view/?id=pths&no=6723&page=1
,6713,,,,익명,,,,https://gall.dcinside.com/mgallery/board/view/?id=pths&no=6713&page=1
,6711,,,,익명,,,,https://gall.dcinside.com/mgallery/board/view/?id=pths&no=6711&page=1
,6719,[일반],개웃기넹,하 나 서울사는 10여고생인데 여기글들 볼때마다 웃겨디지겟당,평붕이 (210.182) 2026.04.15 10:45:09 스크랩 조회 242 추천 0 댓글 4,0,242,2026.04.15 10:45:09,https://gall.dcinside.com/mgallery/board/view/?id=pths&no=6719&page=1
,6718,[일반],요즘...,1학년 액면가 살벌하다... 최소30대..,평붕이 (121.67) 2026.04.14 15:55:26 스크랩 조회 160 추천 1 댓글 0,1,160,2026.04.14 15:55:26,https://gall.dcinside.com/mgallery/board/view/?id=pths&no=6718&page=1
,6720,[일반],평고 17입학생이다,"어제 회사에서 딴짓하다 평고갤 발견함 나 궁금한게 있음 1.급식 맛 우리땐 제육볶음은 지우개같고 식초맛 많이 나는 치즈불닭이라 메뉴가 있었는데 매점 미어터졌었다 2. 가스라이팅 유무 평고는 평택의 인재들이 모인학교다 평고는 다른 학교랑은 다르다 3. 기숙사 사용여부 나 졸업하고 기숙사 지었던데 지금 학교 이전상태로 알고 있는데 사용하고 있니 다들 공부 열심히 하시고 평고 온거 후회하지 않도록 최선을 다해 좋은 대학 가세요 -2017입학,66회 졸업생이-",평붕이 (14.35) 2026.04.18 12:29:58 스크랩 조회 320 추천 0 댓글 7,0,320,2026.04.18 12:29:58,https://gall.dcinside.com/mgallery/board/view/?id=pths&no=6720&page=1
,6707,,,,익명,,,,https://gall.dcinside.com/mgallery/board/view/?id=pths&no=6707&page=1
,6705,,,,익명,,,,https://gall.dcinside.com/mgallery/board/view/?id=pths&no=6705&page=1
,6703,,,,익명,,,,https://gall.dcinside.com/mgallery/board/view/?id=pths&no=6703&page=1
,6701,,,,익명,,,,https://gall.dcinside.com/mgallery/board/view/?id=pths&no=6701&page=1
,6706,,,,익명,,,,https://gall.dcinside.com/mgallery/board/view/?id=pths&no=6706&page=1
,6700,,,,익명,,,,https://gall.dcinside.com/mgallery/board/view/?id=pths&no=6700&page=1
,6699,,,,익명,,,,https://gall.dcinside.com/mgallery/board/view/?id=pths&no=6699&page=1
,6717,[일반],학교에서 두쫀쿠만듦,학교화장실에서 두쫀쿠설사에디션 제조하고있었는데 제조과정중에 구수한 냄새를 맡앗나벼. 두놈이엿는데 즈그들끼리 막 얘기를 하는데 가위바위보하더라고 그러더니 한놈이 졋는지 우렁차게 냄새 ㅈ같네라고햇어 그래서 내가 똥칸에서 튀어나와서 우사인볼트빙의해서 쫒아가서 만든 두쫀쿠를 그 뚫린 입에 넣어줬지 그러더니 맛잇게먹더라고 끝 99.9%실화야 0.01%은 msg,ㅇㅇ (210.220) 2026.04.13 22:16:52 스크랩 조회 290 추천 1 댓글 6,1,290,2026.04.13 22:16:52,https://gall.dcinside.com/mgallery/board/view/?id=pths&no=6717&page=1
,6697,,,,익명,,,,https://gall.dcinside.com/mgallery/board/view/?id=pths&no=6697&page=1
,6693,,,,익명,,,,https://gall.dcinside.com/mgallery/board/view/?id=pths&no=6693&page=1
,6691,,,,익명,,,,https://gall.dcinside.com/mgallery/board/view/?id=pths&no=6691&page=1
,6690,,,,익명,,,,https://gall.dcinside.com/mgallery/board/view/?id=pths&no=6690&page=1
,6687,,,,익명,,,,https://gall.dcinside.com/mgallery/board/view/?id=pths&no=6687&page=1
,6686,,,,익명,,,,https://gall.dcinside.com/mgallery/board/view/?id=pths&no=6686&page=1
,6685,,,,익명,,,,https://gall.dcinside.com/mgallery/board/view/?id=pths&no=6685&page=1
,6684,,,,익명,,,,https://gall.dcinside.com/mgallery/board/view/?id=pths&no=6684&page=1
,6683,,,,익명,,,,https://gall.dcinside.com/mgallery/board/view/?id=pths&no=6683&page=1
,6682,,,,익명,,,,https://gall.dcinside.com/mgallery/board/view/?id=pths&no=6682&page=1
,6681,,,,익명,,,,https://gall.dcinside.com/mgallery/board/view/?id=pths&no=6681&page=1
,6716,[일반],이 병신갤은 또 뭐냐 시발,ㅈㄴ웃기네 아무관련없는 새낀데 가끔 놀러온다 고삐리들 화이팅하라노,평붕이 (39.118) 2026.04.09 10:10:20 스크랩 조회 294 추천 1 댓글 2,1,294,2026.04.09 10:10:20,https://gall.dcinside.com/mgallery/board/view/?id=pths&no=6716&page=1
,6714,[일반],야자때 태블릿 왜 못쓰나요?,입학설명회때는 가능하다했는데 - dc official App,평붕이 (93.118) 2026.04.05 10:15:06 스크랩 조회 328 추천 0 댓글 5,0,328,2026.04.05 10:15:06,https://gall.dcinside.com/mgallery/board/view/?id=pths&no=6714&page=1
,6708,[일반],아니 시발 평고 전학 이사해야 가능이네,다른데는 자리가 없고 평고로 전학가고 싶은데 온 가족이 이사온 경우만 가능이라네 좆됐음,평붕이 (211.36) 2026.03.30 19:22:20 스크랩 조회 270 추천 0 댓글 3,0,270,2026.03.30 19:22:20,https://gall.dcinside.com/mgallery/board/view/?id=pths&no=6708&page=1
,6712,[일반],평택고 장점은 평고뽕 차오르는거ㅇㅇ,단점은 평고뽕‘만’ 차오름ㅋㅋ,평붕이 (118.235) 2026.04.03 20:41:56 스크랩 조회 326 추천 0 댓글 3,0,326,2026.04.03 20:41:56,https://gall.dcinside.com/mgallery/board/view/?id=pths&no=6712&page=1
,6710,[일반],평택에서 학원,"평고에서 졸업한 선배입니다. 졸업한지 10년 딱 지났네요. 평촌, 대치에서 강사로 일하다가 지인 소개로 평택에서 학원 강사를 했고, 지금은 퇴사했습니다. 평택에서 학원을 다닐 생각이라면 한 번 더 고민해보세요. 전반적으로 수준이 많이 낮고, 입지가 좋은 곳에 자리 잡아 학부모들의 욕심을 채워주거나 사실상 탁아소 역할을 하는 곳이 대부분입니다. 자율학습을 열심히 하고 인강을 듣는 것이 훨씬 낫습니다. 특히 국·영·수를 종합으로 가르치는 학원은 피하는 것을 추천합니다. 강사를 알바몬 등에서 급하게 뽑거나 면접을 대충 진행하고, 학생들을 기계 부품처럼 넣어 수익이 날 때까지 운영하다가 그만두면 바로 내보내는 구조인 경우가 많습니다. 만약 꼭 학원을 다니고 싶다면, 관리형 수업이 잘 되어 있고 강사가 담당하는 과목이 최소 1~2개로 제한된 곳을 선택하세요. 실제로 학군지를 보면 국·영·수 종합 학원은 대형 브랜드를 제외하면 거의 없습니다. 공부를 제대로 하고 싶다면 차라리 과외를 하거나, 인강과 자율학습 시간을 늘리면서 공부 잘하는 선배에게 조언을 구하는 것이 더 효과적입니다. 학원을 옮겨 다니며 한 달에 100만 원씩 쓰기보다는, 스스로 방향을 잡고 꾸준히 노력하는 것이 중요합니다. 병신처럼 엄마말 따라서 왔다 갔다 밍기적거리면서 공부하는 시늉, 척 하지 말고 정신 차리자! 만약 지금 방식으로는 어렵다고 느껴진다면, 다른 길을 선택하는 것도 현실적인 판단입니다. 앞으로 5~8년 뒤에는 학령인구 감소로 인해 서울에 있는 대학도 미달이 발생할 가능성이 있으며, 졸업장의 의미도 점점 줄어들 수 있습니다. 옛날에는 자율학습만 잘해서 대학 가고 싶은데 갔습니다. 평고 화이팅 !",평붕이 (49.236) 2026.04.01 16:23:16 스크랩 조회 425 추천 13 댓글 3,13,425,2026.04.01 16:23:16,https://gall.dcinside.com/mgallery/board/view/?id=pths&no=6710&page=1
,6695,[일반],선배님들 의견이 궁금합니다,방과후 중요하나요? - dc official App,평붕이 (121.67) 2026.03.12 16:11:59 스크랩 조회 278 추천 0 댓글 7,0,278,2026.03.12 16:11:59,https://gall.dcinside.com/mgallery/board/view/?id=pths&no=6695&page=1
,6698,[일반],1학년 8반 우유던진새끼 누구냐,아주신선한 우유를 내게 던졌어.,평붕이 (175.114) 2026.03.15 03:27:04 스크랩 조회 374 추천 2 댓글 1,2,374,2026.03.15 03:27:04,https://gall.dcinside.com/mgallery/board/view/?id=pths&no=6698&page=1
1,6724,[일반],패션이과들,자꾸 꺼드럭대지 마라,평붕이 (211.241) 2026.04.26 23:07:14 스크랩 조회 151 추천 1 댓글 0,1,151,2026.04.26 23:07:14,https://gall.dcinside.com/mgallery/board/view/?id=pths&no=6724&page=1
2,6680,[일반],내 방도리가 !!!,내 키라도키가 !!! - dc official App,dasiima 2026.01.12 20:47:21 스크랩 조회 291 추천 3 댓글 0,3,291,2026.01.12 20:47:21,https://gall.dcinside.com/mgallery/board/view/?id=pths&no=6680&page=2
2,6679,[일반],망갤 테스트,개추 실시 - dc official App,평붕이 (121.135) 2026.01.12 01:57:51 스크랩 조회 545 추천 46 댓글 1,46,545,2026.01.12 01:57:51,https://gall.dcinside.com/mgallery/board/view/?id=pths&no=6679&page=2
2,6678,[일반],신입생인데,2학년 빡센사람 있냐?,평붕이 (59.13) 2026.01.05 00:59:04 스크랩 조회 362 추천 1 댓글 1,1,362,2026.01.05 00:59:04,https://gall.dcinside.com/mgallery/board/view/?id=pths&no=6678&page=2
2,6677,[일반],평고<<<<< ㅈ같은 동문부심 지리는 학교,한자 명찰 <<<< 딱봐도 동문회에서 난리난리 쌍난리 피워서 그러는거아님? 애초에 한자는 쓰는사람도 별로 없고 이름 보려고 하는게 명찰인데 굳이굳이 좃도모르겠는 한자를 왜 써야하는지 의문이면? 개추 ㅇ,평붕이 (112.156) 2026.01.04 02:56:55 스크랩 조회 832 추천 21 댓글 4,21,832,2026.01.04 02:56:55,https://gall.dcinside.com/mgallery/board/view/?id=pths&no=6677&page=2
2,6676,[일반],새해 복 많이 받으세요,- dc official App,dasiima 2026.01.01 09:26:33 스크랩 조회 234 추천 2 댓글 2,2,234,2026.01.01 09:26:33,https://gall.dcinside.com/mgallery/board/view/?id=pths&no=6676&page=2
2,6675,[일반],평고에서 블카스말고 니케하는사람있음?,ㅈㄱㄴ,평붕이 (59.8) 2025.12.30 01:48:39 스크랩 조회 218 추천 0 댓글 1,0,218,2025.12.30 01:48:39,https://gall.dcinside.com/mgallery/board/view/?id=pths&no=6675&page=2
2,6671,[일반],10이 벌써 고등학교를 입학했다고…??,거짓말하지마… 나.. 인생을.. 얼마나 낭비한거야…..,ㅇㅇ 2025.12.28 12:39:56 스크랩 조회 425 추천 1 댓글 1,1,425,2025.12.28 12:39:56,https://gall.dcinside.com/mgallery/board/view/?id=pths&no=6671&page=2
2,6670,[일반],지금내상황,,ㅇㅇ 2025.12.28 12:26:44 스크랩 조회 310 추천 1 댓글 2,1,310,2025.12.28 12:26:44,https://gall.dcinside.com/mgallery/board/view/?id=pths&no=6670&page=2
2,6669,[일반],오늘 처음으로 평택고 가봤는데,왜이렇게 학교가 부실하냐 - dc official App,평붕이 (211.241) 2025.12.25 15:38:16 스크랩 조회 569 추천 0 댓글 2,0,569,2025.12.25 15:38:16,https://gall.dcinside.com/mgallery/board/view/?id=pths&no=6669&page=2
2,6668,[일반],메리크리스마스입니다,- dc official App,dasiima 2025.12.25 14:52:17 스크랩 조회 204 추천 0 댓글 2,0,204,2025.12.25 14:52:17,https://gall.dcinside.com/mgallery/board/view/?id=pths&no=6668&page=2
2,6667,[일반],오늘 무슨 날인지 알고 갤질하냐,오늘은 토라도라 보는날이다,어두운파인애플 2025.12.25 00:27:08 스크랩 조회 285 추천 2 댓글 1,2,285,2025.12.25 00:27:08,https://gall.dcinside.com/mgallery/board/view/?id=pths&no=6667&page=2
2,6665,[일반],무쌩겨써~,- dc official App,dasiima 2025.12.20 15:27:42 스크랩 조회 319 추천 1 댓글 4,1,319,2025.12.20 15:27:42,https://gall.dcinside.com/mgallery/board/view/?id=pths&no=6665&page=2
2,6664,[일반],평고 괜찮은거 맞나요,블븽이들 존나 많은것같은데 - dc official App,유우카남편 2025.12.17 22:32:53 스크랩 조회 530 추천 0 댓글 9,0,530,2025.12.17 22:32:53,https://gall.dcinside.com/mgallery/board/view/?id=pths&no=6664&page=2
2,6663,[일반],평고게이들아,왜 여기에는 체육복이 없노 - dc official App,평붕이 (211.241) 2025.12.17 18:48:06 스크랩 조회 390 추천 0 댓글 8,0,390,2025.12.17 18:48:06,https://gall.dcinside.com/mgallery/board/view/?id=pths&no=6663&page=2
2,6662,[질문],평붕이들아,친구가 평고 학교 좋다해서 지원했는데 무너지기 직전이냐 - dc official App,평붕이 (86.48) 2025.12.16 22:14:35 스크랩 조회 328 추천 1 댓글 3,1,328,2025.12.16 22:14:35,https://gall.dcinside.com/mgallery/board/view/?id=pths&no=6662&page=2
2,6660,[일반],이런건 무슨 취향임,- dc official App,dasiima 2025.12.15 19:43:19 스크랩 조회 386 추천 1 댓글 4,1,386,2025.12.15 19:43:19,https://gall.dcinside.com/mgallery/board/view/?id=pths&no=6660&page=2
2,6659,[일반],형님들인사드립니다,,평붕이 (118.235) 2025.12.15 17:41:48 스크랩 조회 314 추천 1 댓글 5,1,314,2025.12.15 17:41:48,https://gall.dcinside.com/mgallery/board/view/?id=pths&no=6659&page=2
2,6658,[일반],나 10년생인데,평고 커트라인 140정도라는데 꼴통힉교냐? - dc official App,평붕이 (106.101) 2025.12.13 17:01:17 스크랩 조회 436 추천 0 댓글 6,0,436,2025.12.13 17:01:17,https://gall.dcinside.com/mgallery/board/view/?id=pths&no=6658&page=2
2,6657,[일반],평고 원래 평고로 언제 돌아가냐?,모교가 그립구나,평붕이 (180.69) 2025.12.13 01:41:26 스크랩 조회 360 추천 0 댓글 1,0,360,2025.12.13 01:41:26,https://gall.dcinside.com/mgallery/board/view/?id=pths&no=6657&page=2
2,6656,[일반],:),,6o5 (211.234) 2025.12.04 08:26:54 스크랩 조회 334 추천 3 댓글 2,3,334,2025.12.04 08:26:54,https://gall.dcinside.com/mgallery/board/view/?id=pths&no=6656&page=2
2,6655,[일반],평게이들아 방송부에서 올린 ‘평택고에서’ 노래 내려감?ㅋㅋㅋ,유튜브 평택고 방송부에서 올린 ‘평택고에서‘ 이거 노래 듣고 평고 지원했는데 왜 영상 내려갔노......... 장범준 노래방에서 이 노래를 평택고에서로 바꿔서 방송부에서 올렸더만... 어디갔노....... 다시 올려줘 씨발,평붕이 (115.23) 2025.11.28 19:23:48 스크랩 조회 453 추천 0 댓글 1,0,453,2025.11.28 19:23:48,https://gall.dcinside.com/mgallery/board/view/?id=pths&no=6655&page=2
2,6654,[일반],평고 기숙사,커트라인은 194면 들어간다는사람도 있고 197이면 못들어간다는 의견이 있고 기숙사 하다가 힘들어서 나가는애들 많다는말도있고 경쟁률때문에 유지하기 빡세다는말도있고 대체 뭐가 맞말임???,평붕이 (39.7) 2025.11.22 15:32:42 스크랩 조회 625 추천 0 댓글 4,0,625,2025.11.22 15:32:42,https://gall.dcinside.com/mgallery/board/view/?id=pths&no=6654&page=2
2,6653,[일반],수능끝났으니까 달린다 ㅋㅋ,짤남 존나 사랑하면 개추 ㅋㅋ,ㅇㅇ (220.120) 2025.11.20 02:01:42 스크랩 조회 847 추천 23 댓글 5,23,847,2025.11.20 02:01:42,https://gall.dcinside.com/mgallery/board/view/?id=pths&no=6653&page=2
2,6652,[일반],수능 잘보세요 다들,현역이든 N수든 모두들 좋은 결과 받으시길 - dc official App,dasiima 2025.11.12 22:48:27 스크랩 조회 248 추천 2 댓글 2,2,248,2025.11.12 22:48:27,https://gall.dcinside.com/mgallery/board/view/?id=pths&no=6652&page=2
2,6651,[질문],형님들 평고 기숙사갈려는 중3입니다 답변부탁드립니다,"아직 기말 안보긴했는데 가내신 197초반이면 들어갈 수 있나요? (197초반이 못들어간적도 있나요?) 신입생도 반배치고사, 기숙사 시험 그런거 보나요? 기숙사 들어가서 계속 기숙사다니는거 유지하기 힘든가요?",평붕이 (180.229) 2025.11.10 00:19:40 스크랩 조회 576 추천 1 댓글 5,1,576,2025.11.10 00:19:40,https://gall.dcinside.com/mgallery/board/view/?id=pths&no=6651&page=2
2,6648,[일반],수능 2주 남았네요,날도 추운데 감기 조심하시고 공부 마무리 잘 하시길 - dc official App,dasiima 2025.10.30 19:59:05 스크랩 조회 266 추천 0 댓글 3,0,266,2025.10.30 19:59:05,https://gall.dcinside.com/mgallery/board/view/?id=pths&no=6648&page=2
2,6647,[일반],어나군생활100일남은평고6학년 진급예정자인데,질문받음.,ㅇㅇ 2025.10.27 19:27:52 스크랩 조회 477 추천 0 댓글 2,0,477,2025.10.27 19:27:52,https://gall.dcinside.com/mgallery/board/view/?id=pths&no=6647&page=2
2,6646,[일반],그런데 왜,담임 교체됨?,평붕이 (118.235) 2025.10.25 18:53:46 스크랩 조회 620 추천 0 댓글 8,0,620,2025.10.25 18:53:46,https://gall.dcinside.com/mgallery/board/view/?id=pths&no=6646&page=2
2,6644,[일반],건강검진 병원 어디임,안내지 받았는데 잃어버림 ㅅㅂ,ㅇㅇ (211.243) 2025.10.24 22:41:59 스크랩 조회 265 추천 0 댓글 0,0,265,2025.10.24 22:41:59,https://gall.dcinside.com/mgallery/board/view/?id=pths&no=6644&page=2
2,6637,[일반],김*근쌤…,사랑합니다❤ - dc official App,평붕이 (14.33) 2025.10.21 19:16:57 스크랩 조회 1433 추천 38 댓글 2,38,1433,2025.10.21 19:16:57,https://gall.dcinside.com/mgallery/board/view/?id=pths&no=6637&page=2
2,6636,[일반],나 신한고 다니는데,근육맛 쿠키같은 남자가 취향이다ㅎㅎ,ㅇㅇ (117.111) 2025.10.17 12:30:29 스크랩 조회 659 추천 0 댓글 1,0,659,2025.10.17 12:30:29,https://gall.dcinside.com/mgallery/board/view/?id=pths&no=6636&page=2
2,6635,[일반],안법고 그 ㅅㄲ,는 안부러우면 ㄱㅊ 줌마는 쉽지않노,평붕이 (122.40) 2025.10.13 22:00:35 스크랩 조회 1393 추천 13 댓글 4,13,1393,2025.10.13 22:00:35,https://gall.dcinside.com/mgallery/board/view/?id=pths&no=6635&page=2
2,6634,[일반],평중 내년 졸업하는데.,평고 내신 컷 어떤가요? 선생님들은 가고도 남는다는데 - dc official App,유우카남편 2025.10.08 23:10:51 스크랩 조회 447 추천 0 댓글 2,0,447,2025.10.08 23:10:51,https://gall.dcinside.com/mgallery/board/view/?id=pths&no=6634&page=2
2,6633,[일반],신한고 첩자인데,남친구하러옴 참고로 본인은 남자임ㅇㅇ,ㅇㅇ (117.111) 2025.10.08 20:36:48 스크랩 조회 356 추천 4 댓글 0,4,356,2025.10.08 20:36:48,https://gall.dcinside.com/mgallery/board/view/?id=pths&no=6633&page=2
2,6632,[질문],평고 VS 비전고,본인 남중다녀서 남녀공학 가고싶은데 부모님이 평고 동문회시기도 하고 평고가면 좋을거 같긴한데 남고기도 하고 내신 따기 뒤지게어려워서 정시로 가야한다는데 어캄? 참고로 집은 비전이랑 평고 둘다 가까움 평고 괜찮음? 학교도 새로 짓는다는데 그리고 평중도 이번에 이사하고 나서 공학됬다는데 평고는 그럴 가능성 아예없음?,한붕이 (112.156) 2025.10.04 17:21:38 스크랩 조회 1282 추천 13 댓글 8,13,1282,2025.10.04 17:21:38,https://gall.dcinside.com/mgallery/board/view/?id=pths&no=6632&page=2
2,6631,[일반],요즘,소문이 심상치 않다,평붕이 (211.234) 2025.10.03 19:29:51 스크랩 조회 591 추천 10 댓글 0,10,591,2025.10.03 19:29:51,https://gall.dcinside.com/mgallery/board/view/?id=pths&no=6631&page=2
2,6630,[일반],평고 공부 분위기 좋음?,ㄹㅇ 서울에 있는 공부잘하는 고등학교처럼 다 공부 열심히하는 그런 분위기임? 아니면 그냥 평범하게 노는애들도 있고 그런편임?,평붕이 (118.235) 2025.10.02 19:46:52 스크랩 조회 830 추천 3 댓글 1,3,830,2025.10.02 19:46:52,https://gall.dcinside.com/mgallery/board/view/?id=pths&no=6630&page=2
2,6629,[일반],1학년 그 ㅅㄲ,부러우면 ㄱㅊ ㅇㄷㄴㅂㅌ,평붕이 (122.40) 2025.09.29 22:03:49 스크랩 조회 1597 추천 27 댓글 8,27,1597,2025.09.29 22:03:49,https://gall.dcinside.com/mgallery/board/view/?id=pths&no=6629&page=2
2,6628,[일반],아는 동생 평고간다는데,자기가 평고 수학 기출 풀어보니까 절반도 못맞았다고 하는데 이친구 평고가면 잘 지낼수 있나요 영어랑 국어는 거의 노베인듯요 내신 198정도 돼서 기숙사 간다는데... 공부못하면 기숙사 퇴출되거나 그런것도 있으려나요,평붕이 (180.229) 2025.09.27 17:05:50 스크랩 조회 664 추천 3 댓글 3,3,664,2025.09.27 17:05:50,https://gall.dcinside.com/mgallery/board/view/?id=pths&no=6628&page=2
2,6623,[일반],평택고등학교를 꼭 다녀야하는 이유,안녕하세요 71기 현재 대전 카이스트 재학중인 학생입니다. 저는 1학년떄부터 빠짐 없이 야자를 했습니다. 그 결과가 빛을 내어 저는 현재 대전 카이스트 합격에 성공했습니다. 우리 자랑스러운 평택고등학교 후배분들 꼭 야자신청하시고 야자시간 잘 쪼개서 공부하시고 학교 선생님들 그리고 부모님 말씀 귀담아 들으며 열심히 3년 좆뺑이 치시길 바랍니다. 저의 수시성적은 2점 후반이었으나 저의 내신으로는 절대 카이스트를 갈 수 없었기에 수능파이터로 발을 돌렸습니다. 정확히 2학년 겨울방학부터 수능 준비했으며 기본기가 있어서 그런지 단 1년만에등급이 올랐습니다. 사교육을 받았으나 학교의 힘이 컸습니다. 자신이 평택에 사는 남자다. 그렇다면 묻고 따지지도 말고 평택고 입학해서 열심히 공부합시다. 평붕이 올림.,평붕이 (211.171) 2025.09.10 15:43:48 스크랩 조회 1556 추천 8 댓글 6,8,1556,2025.09.10 15:43:48,https://gall.dcinside.com/mgallery/board/view/?id=pths&no=6623&page=2
2,6622,[일반],평고 1학년,중학교 때 못쳐잡은 가오남 지금 다 잡는거냐? 걍 존나 한심하다는 생각밖에 안드는데,평붕이 (106.101) 2025.09.08 22:40:46 스크랩 조회 1248 추천 12 댓글 7,12,1248,2025.09.08 22:40:46,https://gall.dcinside.com/mgallery/board/view/?id=pths&no=6622&page=2
2,6621,[일반],야이 시발,가르쳐 주지도 않은 걸 수행으로 띄워놓으면 어케 하라는 거냐?,평붕이 (211.241) 2025.09.08 00:39:46 스크랩 조회 514 추천 4 댓글 0,4,514,2025.09.08 00:39:46,https://gall.dcinside.com/mgallery/board/view/?id=pths&no=6621&page=2
2,6619,[일반],평택고불합-남녀합반 전교 1등급-스카이 수석 ㅁㅌㅊ?,ㅁㅌㅊ?,ㅇㅇ (1.247) 2025.09.04 03:56:04 스크랩 조회 500 추천 4 댓글 0,4,500,2025.09.04 03:56:04,https://gall.dcinside.com/mgallery/board/view/?id=pths&no=6619&page=2
2,6618,[일반],내녀에 형간다,전교1등 간다 한쪽 귓방맹이 씻고 기다리고들 있어라 - dc official App,내신킹 2025.09.03 11:39:50 스크랩 조회 329 추천 0 댓글 0,0,329,2025.09.03 11:39:50,https://gall.dcinside.com/mgallery/board/view/?id=pths&no=6618&page=2
2,6617,[일반],'나 참.. 평고 급식에 먹을게 뭐가있다고...',"​""쨍그랑 ---!!!"" - dc official App",키사리메 2025.09.02 16:12:08 스크랩 조회 713 추천 3 댓글 1,3,713,2025.09.02 16:12:08,https://gall.dcinside.com/mgallery/board/view/?id=pths&no=6617&page=2
2,6615,[일반],엉아 간다!!!!!!!!!!!!!!!!!,"느끼한 글 따위가 아니라 진심을 남기고 간다. 형은 이제 평고를 떠난다. 흥신소 아니고 신의주 아니다. 42회인 나랑 딱 30년 차이나는 72회, 졸업하는 것 못 보고 떠난 것, 수능 끝난 후 3학년 모두를 대항해시대 온라인에 가입시켜, 세계 정복을 하려 했던 나의 꿈을 이룰 수 없게 되어 무척 서운해. 더불어 74회 1~2반 친구들, 통합사회2를 마무리하고 갔어야 하는데 너무 미안타. 하지만 후임으로 오시는 분은 대한민국 레전드 지리 선생님이니 말씀 잘 듣고, 무엇보다 삭막한 평고에서 힘들다고 투덜, 불평불만, 포기하지 말고, 열심히 야자해 성공해 나가길 바란다. (물론, 성공의 기준은 명문대가 아니라 미래의 자기 자신임!) 그동안 형한테 서운했던 후배들, 너희가 더 큰 사람들이니 너그럽게 이해해주길 바라고, 디씨따위에 글 남기고 떠나는 형을 용서해 주길바란다. 평고 생활 함께 했던 재학생, 졸업생, 후배들, 모두 진짜 고맙다~ ㅂㅂ 성실!!!!!!!!!",지리오타쿠 (39.117) 2025.08.31 10:13:59 스크랩 조회 1814 추천 131 댓글 27,131,1814,2025.08.31 10:13:59,https://gall.dcinside.com/mgallery/board/view/?id=pths&no=6615&page=2
2,6614,[일반],9모 꿀팁 알려준다,그딴거 없고 ㅈ박아서 9모 임신시킬거 같으면 개추,평붕이 (211.241) 2025.08.25 23:41:56 스크랩 조회 540 추천 7 댓글 1,7,540,2025.08.25 23:41:56,https://gall.dcinside.com/mgallery/board/view/?id=pths&no=6614&page=2
2,6613,[일반],비붕이질문받음,미리답변: 비전고에 예쁜여자많음 - dc official App,ㅇㅇ (121.169) 2025.08.23 09:33:34 스크랩 조회 452 추천 0 댓글 6,0,452,2025.08.23 09:33:34,https://gall.dcinside.com/mgallery/board/view/?id=pths&no=6613&page=2
2,6612,[일반],범,고대 세종 진1짜야?,평붕이 (222.98) 2025.08.22 00:02:41 스크랩 조회 760 추천 58 댓글 4,58,760,2025.08.22 00:02:41,https://gall.dcinside.com/mgallery/board/view/?id=pths&no=6612&page=2
2,6610,[일반],좋은 대학 가야하는 이유,로젤이 학교로 내한 공연 해줌 - dc official App,dasiima 2025.08.15 13:47:35 스크랩 조회 588 추천 0 댓글 2,0,588,2025.08.15 13:47:35,https://gall.dcinside.com/mgallery/board/view/?id=pths&no=6610&page=2
3,6609,[일반],흠... 우리반 진짜 모르겠다,"담임이 투표 결과를 자기 마음대로 바꿨음 특정 학생 몰아가기 식으로 자리 정함 투표용지에 적힌 표를 제대로 읽지 않음 있던 표를 빼버리고, 막표에 적힌 내용과 다르게 발표 이거는 그냥 학생들 말 무시하는거 아니냐? ㅈㄴ 무시하고 담임 좋은데 착한데 하... 흠.... 나는 잘 모르겠다",평붕이 (182.211) 2025.08.15 10:39:11 스크랩 조회 620 추천 0 댓글 3,0,620,2025.08.15 10:39:11,https://gall.dcinside.com/mgallery/board/view/?id=pths&no=6609&page=3
3,6608,[일반],대학별 입결 가져옴,윤도영 코핌,ㅇㅇ (125.128) 2025.08.12 21:17:05 스크랩 조회 567 추천 2 댓글 1,2,567,2025.08.12 21:17:05,https://gall.dcinside.com/mgallery/board/view/?id=pths&no=6608&page=3
3,6607,[일반],비전고 입결 아는 게이 있냐,우리 형 경희대 다닌다 하니까 비전고 다니는 오크련이 경희대가 대학이냐 ㅇㅈㄹ한다,평붕이 (175.113) 2025.08.12 19:31:37 스크랩 조회 455 추천 0 댓글 1,0,455,2025.08.12 19:31:37,https://gall.dcinside.com/mgallery/board/view/?id=pths&no=6607&page=3
3,6606,[일반],밥좀 어케 못하냐?,진짜 살면서 먹는 급식중에 제일 맛없는듯함 양도 좆만큼주고 밥만 존나주네 진짜 이정도면 횡령 아닌가 존나게 의심간다 석식도 가격 싼거 제외하면 걍 맛이 존나없음,평붕이 (211.243) 2025.08.12 03:31:33 스크랩 조회 473 추천 6 댓글 1,6,473,2025.08.12 03:31:33,https://gall.dcinside.com/mgallery/board/view/?id=pths&no=6606&page=3
3,6604,[질문],학생회 질문,"안녕하세요, 내일 모레 학생회 면접을 볼 학생입니다. 제가 학생회 면접은 처음이라 그러는데 학생회 면접은 보통 몇명이서 보고 어떤 질문을 많이 하는지 면접에 대해 아시는분이 계시다면 답변 부탁드리겠습니다!",평붕이 (211.49) 2025.08.12 01:42:15 스크랩 조회 318 추천 0 댓글 0,0,318,2025.08.12 01:42:15,https://gall.dcinside.com/mgallery/board/view/?id=pths&no=6604&page=3
3,6602,[일반],개학언제?,ㅇㅇ,평붕이 (175.113) 2025.07.27 03:01:24 스크랩 조회 250 추천 0 댓글 2,0,250,2025.07.27 03:01:24,https://gall.dcinside.com/mgallery/board/view/?id=pths&no=6602&page=3
3,6601,[일반],질문) 평중 평고 졸업자,평중 73회 평고 70회 기수 3개 차이나는 이유가 뭐임? 설립인가는 5년 차이던데..,평붕이 (39.7) 2025.07.24 18:49:44 스크랩 조회 322 추천 0 댓글 0,0,322,2025.07.24 18:49:44,https://gall.dcinside.com/mgallery/board/view/?id=pths&no=6601&page=3
3,6600,[일반],군대도 안가놓고 뭔 같잖은걸로 똥군기 잡을라는 ㅅㄲ들,7~80년대 군대로 보내고싶으면 ㄱㅊ,평붕이 (122.40) 2025.07.16 22:50:14 스크랩 조회 418 추천 6 댓글 0,6,418,2025.07.16 22:50:14,https://gall.dcinside.com/mgallery/board/view/?id=pths&no=6600&page=3
3,6598,[일반],음,마음이 텅 빈 기분,평붕이 (122.40) 2025.07.11 00:02:40 스크랩 조회 204 추천 4 댓글 0,4,204,2025.07.11 00:02:40,https://gall.dcinside.com/mgallery/board/view/?id=pths&no=6598&page=3
3,6597,[일반],기말망했으면 개추,ㅋㅋ,평붕이 (211.209) 2025.07.03 01:54:31 스크랩 조회 447 추천 15 댓글 0,15,447,2025.07.03 01:54:31,https://gall.dcinside.com/mgallery/board/view/?id=pths&no=6597&page=3
3,6596,[일반],나 신한고 첩자인데ㅇㅇ,게이남친찾는다 이기,평붕이 (117.111) 2025.06.29 00:03:49 스크랩 조회 524 추천 1 댓글 3,1,524,2025.06.29 00:03:49,https://gall.dcinside.com/mgallery/board/view/?id=pths&no=6596&page=3
3,6595,[일반],존예를 발견했다,ㅇㅇ,평붕이 (14.6) 2025.06.26 00:33:24 스크랩 조회 659 추천 0 댓글 0,0,659,2025.06.26 00:33:24,https://gall.dcinside.com/mgallery/board/view/?id=pths&no=6595&page=3
3,6594,[질문],최신 고등학교 티어표,1티어 : 검정고시 2티어 : 남녀합반 일반고 + 2.5티어 : 남녀분반 일반고 3티어 : 남녀공학 특성화고 4티어 : 남고여고 일반고 5티어 : 남고여고 특성화고나 공고나 여상 특징 1티어 : 전략짜기도 유리하고 요즘은 검고시스템 좋아서 다양한길으로 갈수있음 2티어 : 이왕 학교갈꺼면 남녀공학가는게 베스트(학교가고싶다면) + 2.5티어 : 합반보다는 못하지만....그래도 정상같음? 3티어 : 특성화고라 별로인데 그래도 남녀공학이면 남녀비율 안맞는곳이나 남초인거보다 훨나음 4티어 : 왜 거기가는지 모르겠음 ㅋㅋㅋ 5티어 : 엠생중 엠생 결론 1티어는 열심히하면 진짜 베스트이고 공부 못해도 바로 다른길가면 ㅇㅋ임 2티어는 구지 학교갈꺼면 좋긴함 (이왕갈꺼면 남녀공학가야지 연애는 못해도되니) 3티어는 4~5티어랑 비슷하거나 모자라도 남고여고비하면 정상같음 4티어는 5티어랑 좀 또이또이하지만 특성화보다는 정상이긴한데...차리리 검고추천 5티어는 절대가지마라 그나마 고등학교 우선순위 1) 근거리(집이랑 가까운곳) 2) 남녀공학인곳(전망으로는 남고여고는 비추한다) 3) 내신관리쉬운곳(어차피 아무데나 가라) 남고여고나 공고같은데는 걸리자,... 2025.06.24 00:10:41 스크랩 조회 965 추천 3 댓글 1,3,965,2025.06.24 00:10:41,https://gall.dcinside.com/mgallery/board/view/?id=pths&no=6594&page=3
3,6593,[일반],평고 샘들 중 가장 그리운 사람 누구임?,많이 바꼇더만,평붕이 (61.79) 2025.06.23 14:22:18 스크랩 조회 647 추천 0 댓글 3,0,647,2025.06.23 14:22:18,https://gall.dcinside.com/mgallery/board/view/?id=pths&no=6593&page=3
3,6592,[일반],흔한 평택고 학생의 등굣길.gif,- dc official App,천원주면키스해주는놈 2025.06.17 23:45:33 스크랩 조회 981 추천 2 댓글 3,2,981,2025.06.17 23:45:33,https://gall.dcinside.com/mgallery/board/view/?id=pths&no=6592&page=3
3,6591,[일반],이학교는 왜이리 담배가지고 개지랄함?,뭔 걸리면 퇴학 이지랄 존나해놓고 3학년은 걍 대놓고 펴도 안잡던데 선생들도 맨날 지랄하는게 개빡침,ㅈ평고 (160.238) 2025.06.09 01:23:28 스크랩 조회 817 추천 1 댓글 4,1,817,2025.06.09 01:23:28,https://gall.dcinside.com/mgallery/board/view/?id=pths&no=6591&page=3
3,6590,[일반],평붕이들아 반갑다,오랜만에 구경와봤다 18-19년도에 애들이랑 평고갤하면서 재밌게 놀았던 것 같은데 너무 놀아서 그런지 대학 이상한데 가서 후회 중이다 군대 전역도 마친지 오래다 항상 화이팅이다 - dc official App,Pecorine 2025.06.04 15:04:26 스크랩 조회 369 추천 1 댓글 3,1,369,2025.06.04 15:04:26,https://gall.dcinside.com/mgallery/board/view/?id=pths&no=6590&page=3
3,6582,[일반],대학어디가 발표 기준 인문계 입시 결과(누적백분위),,ㅇㅇ (14.39) 2025.05.28 19:58:51 스크랩 조회 438 추천 0 댓글 0,0,438,2025.05.28 19:58:51,https://gall.dcinside.com/mgallery/board/view/?id=pths&no=6582&page=3
3,6578,[일반],수료했다노,- dc official App,dasiima 2025.05.21 12:15:20 스크랩 조회 535 추천 4 댓글 2,4,535,2025.05.21 12:15:20,https://gall.dcinside.com/mgallery/board/view/?id=pths&no=6578&page=3
3,6577,[일반],평택 평준화됨?,ㅈㄱㄴ - dc official App,평붕이 (211.235) 2025.05.20 13:14:11 스크랩 조회 364 추천 0 댓글 0,0,364,2025.05.20 13:14:11,https://gall.dcinside.com/mgallery/board/view/?id=pths&no=6577&page=3
3,6575,[일반],평고 기숙사 질문잇음,내년에 고등학교가는 중3인데 내신 몇나와야 기숙사 턱걸이 가능? 1-1기숙사 떨어져도 1-2신청해놓으면 가끔 될 때도잇다는데 이런 경우가 빈번한건지? 1-2때 들어가는 기숙사는 1-1내신으로 판가름나는건지? 답변 좀 주시면 꾸벅꾸벅,평붕이 (106.102) 2025.05.16 20:22:50 스크랩 조회 631 추천 0 댓글 6,0,631,2025.05.16 20:22:50,https://gall.dcinside.com/mgallery/board/view/?id=pths&no=6575&page=3
3,6571,[일반],오노추,https://youtu.be/Q5X556DOvvE?si=a5atx3WmctiLLfJd&t=108 かげろう (Live) Provided to YouTube by TuneCore Japanかげろう (Live) · CHARZICCA PICKER 2016 vol.5 live in Oita℗ 2016 ZICCA RECORDSReleased on: 2016-03-12Lyricist: Shigeru Amano... youtu.be - dc official App,ㅇㅇ (125.240) 2025.05.08 22:14:00 스크랩 조회 289 추천 1 댓글 0,1,289,2025.05.08 22:14:00,https://gall.dcinside.com/mgallery/board/view/?id=pths&no=6571&page=3
3,6570,[일반],안녕하세요 신입생 평붕이 질문합니다,가끔 2학년층갈때마다 어떤 다운증후군같이 생긴 장애인새기가 복도에서 자꾸 저만보면 말걸고 스킨쉽하고 친한척하는데 이 씨발년 뭐임? 이새끼 집안에선 수돗세도 다달이 안내서 물도 끊겼는지 애미 개뒤진 꾸릉내가 솟구치는데 뭐만하면 씨발 ㅈ같은 단풍손으로 툭툭 건드려대니깐 제 옷 곳곳에 아스팔트에 깔려뒤져서 그대로 2주동안 썩어버린 비둘기 시체냄새가 나요 애미씨발; 이새끼 대처방법 있나요 선배 형님들 급합니다 정말로 - dc official App,평붕이 (14.33) 2025.05.05 15:06:40 스크랩 조회 1140 추천 9 댓글 5,9,1140,2025.05.05 15:06:40,https://gall.dcinside.com/mgallery/board/view/?id=pths&no=6570&page=3
3,6569,[일반],훌쩍훌쩍 평고근황 ㅠㅠ,ㅜㅜ - dc official App,개추미애 2025.05.03 21:52:11 스크랩 조회 929 추천 3 댓글 3,3,929,2025.05.03 21:52:11,https://gall.dcinside.com/mgallery/board/view/?id=pths&no=6569&page=3
3,6567,[일반],오늘이무슨날이냐면..,,ㅇㅇ 2025.05.03 09:33:55 스크랩 조회 472 추천 0 댓글 2,0,472,2025.05.03 09:33:55,https://gall.dcinside.com/mgallery/board/view/?id=pths&no=6567&page=3
3,6565,[일반],평고 영어쌤 잘 가르치나?,평고 영어 쌤들 잘 가르침?,ㅋㅋ (211.235) 2025.04.21 22:40:57 스크랩 조회 989 추천 1 댓글 4,1,989,2025.04.21 22:40:57,https://gall.dcinside.com/mgallery/board/view/?id=pths&no=6565&page=3
3,6563,[일반],나 3학년 이유찬인데,나랑 같이 로블록스 하자 애어쳐는 망했으니까 다른거 찾아와,평붕이 (39.121) 2025.04.18 23:37:24 스크랩 조회 702 추천 3 댓글 3,3,702,2025.04.18 23:37:24,https://gall.dcinside.com/mgallery/board/view/?id=pths&no=6563&page=3
3,6561,[일반],1371버스타는 평붕이들아 제발...,"너네 학교에서 사회성 없는 말 하는 거 아무도 뭐라 안 하고 오히려 좋아하니깐 공공장소에서도 그래도 되는 줄 아는 애들 있는데, 진짜 한 부모 가정 티 내는 것도 아니고 버스에서 다른 학우들이나 어르신들도 있는데 계집 드립이랑 욕이랑 커뮤 드립을 왜 이렇게 해대는 거야? 그것도 목소리는 ㅈㄴ게 커요.. 제발 그만 좀 해라 같은 학교인 거 부끄러우니깐...",평붕이 (122.40) 2025.04.14 16:55:02 스크랩 조회 1000 추천 31 댓글 0,31,1000,2025.04.14 16:55:02,https://gall.dcinside.com/mgallery/board/view/?id=pths&no=6561&page=3
3,6560,[일반],지지합니다,21대 대통령 이재명 당선 축하드립니다!!!! 평택고는 이재명 열사님 지지의지를 밝힙니다,평붕이 (121.67) 2025.04.14 15:49:36 스크랩 조회 393 추천 2 댓글 2,2,393,2025.04.14 15:49:36,https://gall.dcinside.com/mgallery/board/view/?id=pths&no=6560&page=3
3,6559,[일반],이 갤러리는 대석열에게 점령당했음을 선포합니다.,반국가세력 일거에 척결 대석열,평붕이 (121.67) 2025.04.14 15:48:14 스크랩 조회 576 추천 18 댓글 0,18,576,2025.04.14 15:48:14,https://gall.dcinside.com/mgallery/board/view/?id=pths&no=6559&page=3
3,6558,[일반],아.,인생망했노 - dc official App,dasiima 2025.04.14 01:51:14 스크랩 조회 364 추천 2 댓글 2,2,364,2025.04.14 01:51:14,https://gall.dcinside.com/mgallery/board/view/?id=pths&no=6558&page=3
3,6556,[질문],2학년 영어 주관식 보나요?,올해 입학한 신입생입니다 1학년은 수능 맞춤으로 주관식 안본다고 해서 주관식 답 작성 관련해서는 공부를 안하고 있는데 2학년 영어 시험 때는 영어 주관식 답이 필요한지 궁금합니다,평붕이 (49.161) 2025.04.09 00:17:12 스크랩 조회 266 추천 0 댓글 0,0,266,2025.04.09 00:17:12,https://gall.dcinside.com/mgallery/board/view/?id=pths&no=6556&page=3
3,6555,[일반],평고 어떤샘이 젤 좋냐,ㄴㄱ,평붕이 (14.6) 2025.03.27 00:33:58 스크랩 조회 1158 추천 0 댓글 2,0,1158,2025.03.27 00:33:58,https://gall.dcinside.com/mgallery/board/view/?id=pths&no=6555&page=3
3,6554,[일반],디시하는게 죄인가,애들이 자꾸 디시한다고 뭐라하는데 죄냐,평붕이 (223.38) 2025.03.24 20:48:54 스크랩 조회 660 추천 0 댓글 7,0,660,2025.03.24 20:48:54,https://gall.dcinside.com/mgallery/board/view/?id=pths&no=6554&page=3
3,6553,[일반],작년에 2학년이셨던 선배님들,수련회 50만원의 돈값은 했었는지 궁금합니니 아니면 체험학습 내고 다른곳 가는게 나을까요?,평붕이 (121.67) 2025.03.24 10:35:38 스크랩 조회 577 추천 0 댓글 3,0,577,2025.03.24 10:35:38,https://gall.dcinside.com/mgallery/board/view/?id=pths&no=6553&page=3
3,6551,[질문],비평준화때 평택고 불합격해서 정말 다행이다,중학교때 부모님께서 무족건 평고가라강요하셨음 근데 내가 싫다했는데 부모님이 무족건 지원하라고 했는데 나는 떨어지길 바랬다 근데 다행히 예상대로 평고불합격떠서 나는 좋았다 그리고 불합하고 남녀합반일반고가서 1등급먹고 여사친도 건전하게 사귀면서 현재는 잘난인생은 아니더라도 평탄탄인생사는중이다,. (223.39) 2025.03.19 11:06:21 스크랩 조회 1091 추천 3 댓글 10,3,1091,2025.03.19 11:06:21,https://gall.dcinside.com/mgallery/board/view/?id=pths&no=6551&page=3
3,6550,[일반],동아리 뭐하지,1학년이고 동아리 아직 안골랐는데 뭐하지 래디컬인가 그거 면접보라고 하길래 귀찮아서 안했음,ㅇㅇ (211.243) 2025.03.19 01:43:00 스크랩 조회 291 추천 0 댓글 0,0,291,2025.03.19 01:43:00,https://gall.dcinside.com/mgallery/board/view/?id=pths&no=6550&page=3
3,6549,[일반],지금 쓰고있는 좆쓰레기 건물,언제까지 씀? 애들마다 말 다른데 누구는 1년이고 누구는 2년인데 정확히 아는사람?,라이엇은중국회사 2025.03.16 20:54:38 스크랩 조회 659 추천 0 댓글 2,0,659,2025.03.16 20:54:38,https://gall.dcinside.com/mgallery/board/view/?id=pths&no=6549&page=3
3,6548,[일반],졸업한지 2년째,집에서 쉬고싶다 - dc official App,chiyi 2025.03.16 17:40:00 스크랩 조회 309 추천 0 댓글 0,0,309,2025.03.16 17:40:00,https://gall.dcinside.com/mgallery/board/view/?id=pths&no=6548&page=3
3,6547,[일반],여기 왜이리,왜이리 씹덕들이 많음? 디시 원래그런가 자꾸 ㅈ같은 캐릭터 이모티콘 왜씀?,ㅇㅇ (223.38) 2025.03.15 14:56:14 스크랩 조회 406 추천 0 댓글 4,0,406,2025.03.15 14:56:14,https://gall.dcinside.com/mgallery/board/view/?id=pths&no=6547&page=3
3,6546,[일반],평고졸업생인데,평고옮김? 몰랐네지나갈일이없어서,ㅇㅇ (121.169) 2025.03.15 13:26:41 스크랩 조회 694 추천 1 댓글 2,1,694,2025.03.15 13:26:41,https://gall.dcinside.com/mgallery/board/view/?id=pths&no=6546&page=3
3,6545,[일반],신입생인데,야자 10시 매우 ㅈ같습니다. 중학교때 공부를 1도 안해서 자습시간에 뭔가를 해보려고 하지만 힘드네요,ㅇㅇ (211.243) 2025.03.14 00:17:11 스크랩 조회 366 추천 2 댓글 3,2,366,2025.03.14 00:17:11,https://gall.dcinside.com/mgallery/board/view/?id=pths&no=6545&page=3
3,6542,[일반],기숙사 몇시에 집에 보내주노?,기숙사 몇시에 집에 보내주노? 기숙사돌이들 답좀,평붕이 (1.238) 2025.03.09 11:50:46 스크랩 조회 491 추천 0 댓글 2,0,491,2025.03.09 11:50:46,https://gall.dcinside.com/mgallery/board/view/?id=pths&no=6542&page=3
3,6541,[일반],과제,"반갑습니다 비정규직 교사로 곧 들어올 노무현입니다. 5월 23일 제가 이학교에 들어오는데 당장 1,2,3학년 모두 쥐꼬리 10개씩 5.23일날 1인당 챙겨오십쇼",노무현 (211.58) 2025.03.06 00:05:45 스크랩 조회 809 추천 10 댓글 0,10,809,2025.03.06 00:05:45,https://gall.dcinside.com/mgallery/board/view/?id=pths&no=6541&page=3
3,6536,[질문],기숙사 자진퇴소가능한가요,제발요,평붕이 (118.235) 2025.03.05 22:06:13 스크랩 조회 595 추천 0 댓글 7,0,595,2025.03.05 22:06:13,https://gall.dcinside.com/mgallery/board/view/?id=pths&no=6536&page=3
3,6532,[질문],신입생 기숙사 관련하여 질문합니다,1.기숙사 방 배정은 어떤 방식으로 진행되나요? 2.샤워실은 각 방마다 있나요 아니면 큰 샤워실에서 같이 씻는건가요 만약 각 방마다 있다면 크기는 어느정돈가요? 3.기숙사 내 인터넷 사용가능한가요? 추가로 기숙사 관련해서 팁같은것들 알려주시면 감사하겠습니다.,평붕이 (118.235) 2025.03.01 20:22:09 스크랩 조회 379 추천 1 댓글 3,1,379,2025.03.01 20:22:09,https://gall.dcinside.com/mgallery/board/view/?id=pths&no=6532&page=3
3,6526,[일반],안녕하세요,반갑습니다,해변은영어로비취 2025.02.16 23:23:24 스크랩 조회 320 추천 0 댓글 1,0,320,2025.02.16 23:23:24,https://gall.dcinside.com/mgallery/board/view/?id=pths&no=6526&page=3
3,6525,[일반],안넝하세요 신입생입니다,라고할뻔,어두운파인애플 2025.02.16 21:26:13 스크랩 조회 472 추천 2 댓글 1,2,472,2025.02.16 21:26:13,https://gall.dcinside.com/mgallery/board/view/?id=pths&no=6525&page=3
3,6524,[일반],속보) 네이버 지도에서 평고 위치 정정됨,옛 평택중 자리로 옮김 그럼 평택중 다니다가 평택고 온 애는 또 평택중으로 등교하는거임?,평붕이 (112.72) 2025.02.05 23:40:10 스크랩 조회 582 추천 0 댓글 2,0,582,2025.02.05 23:40:10,https://gall.dcinside.com/mgallery/board/view/?id=pths&no=6524&page=3
3,6523,[질문],비전고로 전학갈려는데 애들 착함?,서울에서 학교다니다가 비전고로 전학갈라하는데 비전고 애들은 착함? 공부 못하는 건 신경 딱히 안쓰이는데 분위기는 어떰?,평붕이 (106.101) 2025.02.04 04:04:33 스크랩 조회 881 추천 0 댓글 8,0,881,2025.02.04 04:04:33,https://gall.dcinside.com/mgallery/board/view/?id=pths&no=6523&page=3
4,6522,[일반],민족대명절설날입니다.,모두 새해복 많이받으세요,ㅇㅇ 2025.01.29 20:41:50 스크랩 조회 311 추천 0 댓글 2,0,311,2025.01.29 20:41:50,https://gall.dcinside.com/mgallery/board/view/?id=pths&no=6522&page=4
4,6517,[일반],본인 신한고 첩자임 남친 만들려고 옴,나는 호날두 좋아한다,신붕이 (146.70) 2025.01.18 19:40:31 스크랩 조회 749 추천 1 댓글 2,1,749,2025.01.18 19:40:31,https://gall.dcinside.com/mgallery/board/view/?id=pths&no=6517&page=4
4,6516,[일반],교직원 장학금인지 뭐시기 언제주는거임,대학 붙어야 주나 받았는데 뭔 상장같은거 주고 온것도 없고 홈페이지에도 없노 정시 뜰때까지 존버타야되냐? - dc official App,히히탄젠트발싼 2025.01.18 15:50:06 스크랩 조회 305 추천 0 댓글 0,0,305,2025.01.18 15:50:06,https://gall.dcinside.com/mgallery/board/view/?id=pths&no=6516&page=4
4,6514,[일반],평고뿌숨?,지금뿌섯음?,ㅇㅇ 2025.01.12 16:29:58 스크랩 조회 542 추천 0 댓글 3,0,542,2025.01.12 16:29:58,https://gall.dcinside.com/mgallery/board/view/?id=pths&no=6514&page=4
4,6513,[일반],나 니네랑 가까운 딴 고등학교다니는데,여긴 왤케 건전함? 똥통은 아니였노,ㅇㅇ (218.155) 2025.01.12 14:01:15 스크랩 조회 492 추천 0 댓글 1,0,492,2025.01.12 14:01:15,https://gall.dcinside.com/mgallery/board/view/?id=pths&no=6513&page=4
4,6509,[일반],대학붙었다,평고 빠이,평붕이 (172.226) 2025.01.06 11:37:37 스크랩 조회 568 추천 0 댓글 3,0,568,2025.01.06 11:37:37,https://gall.dcinside.com/mgallery/board/view/?id=pths&no=6509&page=4
4,6508,[일반],평택고 아웃풋,일단 나,평붕이 (172.226) 2025.01.06 11:35:24 스크랩 조회 649 추천 0 댓글 1,0,649,2025.01.06 11:35:24,https://gall.dcinside.com/mgallery/board/view/?id=pths&no=6508&page=4
4,6505,[일반],새해 복 많이 받으새요,- dc official App,dasiima 2025.01.01 01:16:35 스크랩 조회 262 추천 2 댓글 4,2,262,2025.01.01 01:16:35,https://gall.dcinside.com/mgallery/board/view/?id=pths&no=6505&page=4
4,6504,[일반],"고1입학예정인데, 과학에서 서술형문제 나오나요?",따로 대비도해야할까요.,ㅁㄴㅇㄹ (118.235) 2024.12.21 17:03:17 스크랩 조회 349 추천 0 댓글 1,0,349,2024.12.21 17:03:17,https://gall.dcinside.com/mgallery/board/view/?id=pths&no=6504&page=4
4,6502,[질문],김다경선생님,연락처 아는사람,평붕이 (211.248) 2024.12.14 03:59:41 스크랩 조회 697 추천 0 댓글 0,0,697,2024.12.14 03:59:41,https://gall.dcinside.com/mgallery/board/view/?id=pths&no=6502&page=4
4,6501,[일반],비전고 운동장에서 시위한다,명문평택인으로서 지원사격좀 해줘 좆전은 자판기 설치한다는 게 작년초였던 것 같은데 도대체 언제 설치하는거임,평붕이 (49.169) 2024.12.11 20:30:19 스크랩 조회 557 추천 1 댓글 1,1,557,2024.12.11 20:30:19,https://gall.dcinside.com/mgallery/board/view/?id=pths&no=6501&page=4
4,6497,[일반],ㅇ,AI 이미지가 생성되었습니다. 새로고침(F5) 해 주세요. 프롬프트 chest 네거티브 프롬프트 샘플링 DPM++ 2M Karras 스타일 None - dc official App,평붕이 (58.127) 2024.11.28 19:01:03 스크랩 조회 361 추천 0 댓글 2,0,361,2024.11.28 19:01:03,https://gall.dcinside.com/mgallery/board/view/?id=pths&no=6497&page=4
4,6496,[일반],평택여고 vs 한광여고,ㅇㅇ,ㅇㅇ (180.65) 2024.11.25 09:04:19 스크랩 조회 687 추천 0 댓글 4,0,687,2024.11.25 09:04:19,https://gall.dcinside.com/mgallery/board/view/?id=pths&no=6496&page=4
4,6495,[일반],나 송윤인데,8반으로 와서 덤벼라 ㅋ,평붕이 (220.149) 2024.11.18 18:00:50 스크랩 조회 258 추천 0 댓글 0,0,258,2024.11.18 18:00:50,https://gall.dcinside.com/mgallery/board/view/?id=pths&no=6495&page=4
4,6494,[일반],나 숭실대 다니는 평붕이인데,많이 와줘라 게이들아,평붕이 (220.149) 2024.11.18 18:00:29 스크랩 조회 524 추천 0 댓글 1,0,524,2024.11.18 18:00:29,https://gall.dcinside.com/mgallery/board/view/?id=pths&no=6494&page=4
4,6493,[일반],수능고생하셨읍니다,- dc official App,ㅇㅇ 2024.11.14 19:02:09 스크랩 조회 279 추천 1 댓글 0,1,279,2024.11.14 19:02:09,https://gall.dcinside.com/mgallery/board/view/?id=pths&no=6493&page=4
4,6492,[일반],수능 고생 많았노,좋은 결과 있었길 바라며 다들 수고했음 - dc official App,dasiima 2024.11.14 16:38:46 스크랩 조회 333 추천 0 댓글 2,0,333,2024.11.14 16:38:46,https://gall.dcinside.com/mgallery/board/view/?id=pths&no=6492&page=4
4,6491,[일반],이쁜 사람이 가르치면 수업 집중 더 잘된다,개추 아니다 비추 이쁜사람이 평고에 없다 댓글,평붕이 (218.55) 2024.11.13 00:42:10 스크랩 조회 663 추천 2 댓글 3,2,663,2024.11.13 00:42:10,https://gall.dcinside.com/mgallery/board/view/?id=pths&no=6491&page=4
4,6490,[일반],중3인데,비전vs평고vs신한vs한광vs효명 어디가 내신 따먹기 좋나요,평붕이 (125.243) 2024.11.12 21:20:19 스크랩 조회 447 추천 0 댓글 4,0,447,2024.11.12 21:20:19,https://gall.dcinside.com/mgallery/board/view/?id=pths&no=6490&page=4
4,6489,[일반],치카사랑해,라네요 - dc official App,ㅇㅇ 2024.11.09 11:08:44 스크랩 조회 288 추천 0 댓글 2,0,288,2024.11.09 11:08:44,https://gall.dcinside.com/mgallery/board/view/?id=pths&no=6489&page=4
4,6488,[일반],이제 평고 부수면 몇기부터 다시오냐?,부수면 이제는 구 평고냐? 지금 2학년부터는 평중가니까 우리가 마지막 졸업인데 한 2년 반 걸린다했으니 지금 재학생은 못오겠네 우리때부터 부순댔는데 학부모들 개빡쳐서 1년 미룬게 참 좋노 - dc official App,히히탄젠트발싼 2024.11.05 23:56:17 스크랩 조회 451 추천 0 댓글 5,0,451,2024.11.05 23:56:17,https://gall.dcinside.com/mgallery/board/view/?id=pths&no=6488&page=4
4,6486,[일반],https://skribbl.io/?r8C1cEDc,https://skribbl.io/?r8C1cEDc skribbl - Free Multiplayer Drawing & Guessing Game skribbl io is a free multiplayer drawing and guessing game. Draw and guess words with your friends and people all around the world! Score the most points and be the winner! skribbl.io,평붕이 (59.13) 2024.10.21 11:25:31 스크랩 조회 307 추천 0 댓글 2,0,307,2024.10.21 11:25:31,https://gall.dcinside.com/mgallery/board/view/?id=pths&no=6486&page=4
4,6485,[일반],평고 영어 어렵냐,비전고는 영어황들이랑 담요단들이 12등급 장악중ㅜㅜ 이과충 비붕이: 운지마려움 게다가 시험 난이도가 이상함 어렵다기보단 이걸왜문제화하지? 이딴게정답이라고? 이것도복수정답인정을안해줌? 임 ㄹㅇ 운으로 12등급가름,비붕이 (49.169) 2024.10.19 19:26:18 스크랩 조회 552 추천 0 댓글 2,0,552,2024.10.19 19:26:18,https://gall.dcinside.com/mgallery/board/view/?id=pths&no=6485&page=4
4,6484,[일반],비전고 2학년이다 질문받는다,수학여행:찐따지만간다 성적:좋다(좆반고개꿀ㅋㅋ),비붕이 (49.169) 2024.10.19 19:17:44 스크랩 조회 516 추천 1 댓글 2,1,516,2024.10.19 19:17:44,https://gall.dcinside.com/mgallery/board/view/?id=pths&no=6484&page=4
4,6483,[일반],선배 받아라 ㅋㅋ,질문 받음 64기임,평붕이 (61.72) 2024.10.17 00:13:33 스크랩 조회 332 추천 0 댓글 3,0,332,2024.10.17 00:13:33,https://gall.dcinside.com/mgallery/board/view/?id=pths&no=6483&page=4
4,6482,[일반],2024 평택고등학교 수련회 장소 리뷰상태.jpg,"요약: 위생상태가 안좋다 요약: 더럽고 조교도 이상하니까 오지마라 요약: 프로그램 좇박음, 더러움 오지마라 요약: 더럽고 이상하니까 오지마라 요약: 조교 태도불량, 매너없음, 더러움 의자안줘서 허리아픔 오지마라 요약: 조교 저능아 매너없음 시설 개좇박음 프로그램 노잼 오지마라 요약: 오지마라 하루만 가도 좋으니까 에버랜드 롯데월드 같은 적어도 정상적인 곳으로 현장체험학습 가고싶다 vs 그래도 고등학교 한번밖에 없는 수련회인데 저런 곳이라도 가서 추억만들고 싶다 당신의 선택은 ?? - dc official App",키사리메 2024.10.11 13:49:25 스크랩 조회 1801 추천 7 댓글 5,7,1801,2024.10.11 13:49:25,https://gall.dcinside.com/mgallery/board/view/?id=pths&no=6482&page=4
4,6481,[일반],수련원 ㅈ된거아니냐,제천이 나은거같다 개추 ​ 꺼져라 난 ​ 금산청소년수련원​ 간다 비추 ​ - dc official App,ㅇㅇ (59.13) 2024.10.11 13:46:41 스크랩 조회 930 추천 11 댓글 3,11,930,2024.10.11 13:46:41,https://gall.dcinside.com/mgallery/board/view/?id=pths&no=6481&page=4
4,6480,[일반],평고 내신컷 얼마임?,평고 내신컷 얼마임?,평붕이 (222.99) 2024.10.07 16:46:40 스크랩 조회 549 추천 0 댓글 1,0,549,2024.10.07 16:46:40,https://gall.dcinside.com/mgallery/board/view/?id=pths&no=6480&page=4
4,6478,[일반],요즘 평고는 어떻노,념글 보니까 ㅈ같은 운영방식은 똑같더만 - dc official App,허셜 2024.10.06 08:53:27 스크랩 조회 450 추천 0 댓글 0,0,450,2024.10.06 08:53:27,https://gall.dcinside.com/mgallery/board/view/?id=pths&no=6478&page=4
4,6477,[질문],평택고 불합격하고 남녀공학 일반고 가면 ㅁㅌㅊ?,ㅁㅌㅊ?,평붕이 (1.247) 2024.10.05 11:51:11 스크랩 조회 584 추천 0 댓글 6,0,584,2024.10.05 11:51:11,https://gall.dcinside.com/mgallery/board/view/?id=pths&no=6477&page=4
4,6476,[일반],평붕이들아 제천수련원에 잘가라,이 몸 「신붕님」께서는 부산에 갈 예정이다,신붕이 (223.38) 2024.09.30 11:00:18 스크랩 조회 336 추천 0 댓글 4,0,336,2024.09.30 11:00:18,https://gall.dcinside.com/mgallery/board/view/?id=pths&no=6476&page=4
4,6474,[일반],청옥중 3학년입니다.,가내신 180받고 평택고 고민중입니다. 집주변 청북고를 포기하고 평택고로 가도 될까요? 간다면 내년 초에 이사할 계획입니다.,ㅇㅇ (183.99) 2024.09.23 02:42:51 스크랩 조회 492 추천 1 댓글 3,1,492,2024.09.23 02:42:51,https://gall.dcinside.com/mgallery/board/view/?id=pths&no=6474&page=4
4,6471,[일반],어 평붕이~ ㅋㅋ쉬벨럼ㅋㅋ,쉬벨럼 ㅋㅋ 렛츠 고 투 떡클뤕 스토어~ 쉬벨롬 ㅋㅋㅋ 오케이? 어 나이스~ 야야뚜레~ 평붕이면 다들 한번씩 떡클럽은 가야하는거여 ㅋㅋ 알았냐 쉬벨럼들아 ㅋㅋㅋ쉬벨럼 ㅋㅋ 렛츠 고 투 떡클뤕 스토어~ 쉬벨롬 ㅋㅋㅋ 오케이? 이야~ 평붕아 너가 진짜 OG다 OG 어? 쉬벨럼 ㅋㅋㅋokane 존내 벌거다 ㅋㅋ쉬벨럼~;;ㅋㅋ너가 진짜 THUG다 떠그 ㅋㅋㅋ어 너 재능있어 어 나이스야 인마 야야뚜레 쉬벨럼ㅋㅋㅋ - dc official App,개추미애 2024.08.31 14:47:44 스크랩 조회 648 추천 0 댓글 6,0,648,2024.08.31 14:47:44,https://gall.dcinside.com/mgallery/board/view/?id=pths&no=6471&page=4
4,6470,[일반],코로나에게 감사한 졸업생 평붕이면 개추,코로나 덕분에 ^제천수련원^ 안갔노 ㅋㅋㅋ - dc official App,dasiima 2024.08.27 16:49:11 스크랩 조회 514 추천 3 댓글 6,3,514,2024.08.27 16:49:11,https://gall.dcinside.com/mgallery/board/view/?id=pths&no=6470&page=4
4,6469,[일반],페미들이 생리하는거 너무 귀엽지 않음?,겉으론 흐응~ 난 애기가질생각없어 한남죽어 이러면서 속으론 우우.... 난 사실 애기 갖고싶어서 생리하는거야 우웅... 이러는거잖아 ㄹㅇ 갭모에 미쳤네...,ㅇㅇ (223.38) 2024.08.26 00:13:11 스크랩 조회 689 추천 4 댓글 3,4,689,2024.08.26 00:13:11,https://gall.dcinside.com/mgallery/board/view/?id=pths&no=6469&page=4
4,6468,[일반],[평고문학]- 개추요청) 평고는 어떻게 제천수련원에 가게 되었나,"보기만 해도 피가 거꾸로 솟아서 공부할 의욕이 넘치는 대 평 고. 그러던 중 어느 날 들리는 다른 학교 의 ""수학여행 소식"" (웅성웅성) 학생1 : 야 이거 우리도 가능성 있는거아냐? 학생2 : 설마 평고도 가나? 학생3 : 내가 듣기로는 정부에서 50만원 지원도 해준다는데? 어 형 평고형인데 우리도 정부에서 지원 받아서 가기로 했어 걱정마 학생들 오랜만에 신나게 놀아보자고 ~~~~ 똑똑한 평고 학생 : 흠? 솔직히 못 믿겠는걸? 평고가 수학여행을 가다니 아직 의심스러워.. 이대로는 안되겠다 다른 학교가 간곳을 보면 우리도 기대할만해.!!! 물어봐야겠어 나의 "" 친구들 ""에게 성실한 평고 학생 : 저기.. 한광 여고 얘들아.. 너희는 수학여행 어디갔어? 한광 여고 : 우리는 1학기에 부산 한화리조트 2박3일로 갔다 왔엉 야자 하는 평고 학생 : 오잉? 잠깐 이거 기대해볼 만한가? 아냐 혹시 몰라 다른 곳에도 물어봐야겠어! 가까운 평고의 동생 평중에게... 저기 평중 동생들아.. 너희는 어디 갔다 왔어? 평중 동생들 : 어 형들 우리는 곧 부산 신라스테이 갈 예정이야! 지능적인 평고 학생 : 흠.. 평중 평고는 같은 곳으로 갈 수도 있다는 생각인데.. 이정도면 믿을 만 할지도 모르겠는 걸, 안되겠어 표본이 더 필요해. 같은 남고인 신한 남고에 물어보면 되지 않을까? 소심한 평고인 : 저기... 신한고 친구들? 너희 수학여행 갔다 왔어? 안갔으면 혹시 어디로 갈 예정이야..?? 어? 우리는 이번에 부산에 있는 ~~리조트 확정이야! 감격한 평고인 :크읍.... ㅠㅠㅠ 그렇다면 평고도 최소한 리조트는 확정이구만ㅠㅠㅠㅠ 후 진정하고 이번에는 동일공고랑 비전고한테 물어봐야겠구먼!! 행복은 나눌수록 커지는 거라고 배웠으니!!! 어이! 비전고 너희는 어디로 가는거야?!! 비전고: 엉? 우리? 우리는 제주도 가는 거 확정났어! ㅎㅎ 실실 미소가 나오는 평고인: 제주도까지? 캬 이거 진짜구만. 여태까지 평고에서 야자 하면서 열심히 공부한 보람을 벌써 느낄 수 있는 건가! 3학년때부턴 빡세게 공부해야 하니 이번에 실컷 놀아야겠어. 한광여고, 한광고, 비전고, 평중 ,신한남고: 근데 평고는 어디감? 기분 좋은 평고인: 엉? 아 우리는 아직 모르겠어 ㅎㅎ 우리는 내일 장소가 나왕!!! 진짜 넘 기대중!!! 휴... 오늘은 꿀잠을 잘 수 있겠구만.. ㅎㅎ 야자까지 하고 10시 넘어서 집에 와도 힘들지 않아! 왜냐고? 최소 리조트가 기다리고 있으니 말이야!!!! 하하하하하 일단 자야겠구만 내일이 기대돼... 기대돼... 감이 좋은 평고인 : 어라...? 어째서 눈물이? 되게 좋지 않은 기분인걸... 야자하고 나니 피곤해서 그런가..? 일단 자야겠어 내일이 기대돼... 그래... 내일...!!! ------- 수학여행 목적지 공개날 ----- 드디어 오늘 평고의 수학여행 목적지가 정해지는 날. 감좋은 평고인 : 우리는 어디가요 !!!!! 평고 대답해줘!!!!!!!!!!!!!!!!!!!!!!! ㅠㅠㅠ 음? 당연하지 간다고 말했잖아 감이 좋은 감격스러운 평고인: 그래!! 어딥니까! 어디에요!?!! 리조트 일본 제주도 어디든 좋아!!!!!!  드가자!!!!!!!!!!!!! 어디에요?! ㅠㅠㅠ ""어~ 그래 우리는 제천청소년수련원 이다."" ? 하.. 그래 수련원? 오케이 알겠어 어디야 사진 좀 보자. 사진 알아서 찾아보셈. 이미지 파일 따운이슈 ? 후... 진정해. 나는 이런 걸로 화내지 않아. 나는 지성적인 평고인이니. 겉만 보고 판단하는 건 나같은 지성인이 하는 짓이 아니지. 어디 한 번 볼까? 일단 급식부터. 제천 청소년 수련원의 아침 점심 저녁. 백미밥 북어국 조기구이 계란찜 명엽채볶음 오이부추무침 야채콘샐러드 &키위드레싱 김치 백미밥 두부된장찌개 비빔밥/양념장 돈장조림 도토리묵무침 양념고추지 과일샐러드 김치 흑미밥 닭곰탕 제육볶음 상추쌈/된장 마파두부 파김치 감자샐러드 깍두기 평고에서 먹던거랑 똑같잖아 XX 후.. 진정해.. 괜찮아.. 아직 방이 남았잖아 희망을 가지자. 어디 한 번 볼까? 대충 방 사진 + 8인실 + 레전드 화장실 제천수련원 홈페이지에 가면 볼 수 있음 ? 아ㅠㅠㅠㅠㅠㅠㅠㅠㅠㅠㅠㅠㅠㅠㅠㅠㅠㅠㅠㅠㅠㅠㅠㅠㅠㅠㅠㅠ 그래 그래도 괜찮아!ㅠㅠ 엄청난 스케줄이 우리를 기다리고 있을꺼야!ㅠㅠ 혹시 정부에서 지원받은 돈으로 공연 오는거 아냐??ㅠㅠ 공연 있겠노? 바로 무한 일정이제 이것도 홈페이지가면 나온다 ? ? 후.. 걍 방에서 휴대폰으로 게임이나 해야겠네.. 아 맞다. 그리고 우리 휴대폰은 걷을 예정임. ㅇㅇ 안가면 도서관에서 공부시킬 예정이니 알아서 선택하셈. To Be Continued ------------",평붕이 (118.128) 2024.08.24 19:05:59 스크랩 조회 3863 추천 70 댓글 22,70,3863,2024.08.24 19:05:59,https://gall.dcinside.com/mgallery/board/view/?id=pths&no=6468&page=4
4,6467,[일반],여기는 생결없노,없노 게이들아?,ㅇㅇ (58.224) 2024.08.23 16:01:00 스크랩 조회 341 추천 1 댓글 2,1,341,2024.08.23 16:01:00,https://gall.dcinside.com/mgallery/board/view/?id=pths&no=6467&page=4
4,6466,[일반],여기가 평택에서 생기부 제일 잘써주지?,고교학점제 하면 생기부랑 학종으로 대학 잘보낸 학교가 중요 하다는데 딱 평택고 아니냐 아님말고 - dc official App,평붕이 (49.164) 2024.08.23 00:23:08 스크랩 조회 782 추천 0 댓글 4,0,782,2024.08.23 00:23:08,https://gall.dcinside.com/mgallery/board/view/?id=pths&no=6466&page=4
4,6465,[일반],여기 고입선발고사 봄?,봄?,ㅇㅇ (59.13) 2024.08.20 20:16:09 스크랩 조회 284 추천 0 댓글 4,0,284,2024.08.20 20:16:09,https://gall.dcinside.com/mgallery/board/view/?id=pths&no=6465&page=4
4,6464,[일반],윤-하 좋아하는 애들아,사건의 지평선이 있던 앨범에 이어 윤-하 7집 앨범이 2024년 9월 1일 오후 6시에 발매돼. 알람맞춰놔. - dc official App,윤하팬입니다 2024.08.20 11:35:01 스크랩 조회 229 추천 0 댓글 4,0,229,2024.08.20 11:35:01,https://gall.dcinside.com/mgallery/board/view/?id=pths&no=6464&page=4
4,6463,[일반],보닌 아직 중학생이라 잘 모르는데,고교학점제 도입돼서 3등급 까지 1등급으로 묶여도 등수 같은거 대학에서 볼수 있음? - dc official App,평붕이 (49.164) 2024.08.18 23:44:13 스크랩 조회 293 추천 0 댓글 1,0,293,2024.08.18 23:44:13,https://gall.dcinside.com/mgallery/board/view/?id=pths&no=6463&page=4
4,6462,[일반],센세불륜,평고 기사는 언제날건가?,평붕이 (211.241) 2024.08.15 00:29:13 스크랩 조회 653 추천 0 댓글 5,0,653,2024.08.15 00:29:13,https://gall.dcinside.com/mgallery/board/view/?id=pths&no=6462&page=4
4,6461,[일반],나 오늘 버스에서 끔찍하게 살해당할뻔 했다.,미친짓이었지 버스에서 다리가 아파서 나도 모르게 살짝 점프를 한거야 버스는 달리는데 점프를 했으니 당연히 버스 뒷좌석으로 휙 날아가서 뒹굴었지 버스가 30km로 달리고 있었기에 망정이지 80km였다면 난 죽었을거야 니들도 조심해라 끔찍하게 살해당하고싶지않으면 - dc official App,개추미애 2024.08.14 16:34:48 스크랩 조회 560 추천 0 댓글 4,0,560,2024.08.14 16:34:48,https://gall.dcinside.com/mgallery/board/view/?id=pths&no=6461&page=4
4,6459,[일반],피파 유튜브에 평붕이 뭐냐?,뭐노 ㅋㅋ - dc official App,dasiima 2024.08.08 23:41:07 스크랩 조회 474 추천 2 댓글 2,2,474,2024.08.08 23:41:07,https://gall.dcinside.com/mgallery/board/view/?id=pths&no=6459&page=4
4,6458,[일반],평고가 개거품 학교인 이유,"평고 입결 나무위키 펌 2024년 대입 결과는 다음과 같다. 서울대 9명, 의예, 한 의예과 3명, 카이스트 2명, 포스텍 2명, 유니스트 1명, 디지스트 1명, 지스트 1명, 켄택 2명, 연세대 12명, 고려대 15명, 서강대 2명, 성균관대 9명, 사관학교 6명, 한양대 9명, 중 앙대 15명, 경희대 15명... 연세대 12명(원주캠 포함) 고려대 15명(세종캠 포함) 한양대 9명(에리카 포함) 중앙대 15명(안성캠 포함) 이마저도 70%이상은 재수생 입결 ㅋㅋㅋ 평고올바엔 그냥 집 가깝고 내신 따기 고등학고 가라",평붕이 (175.119) 2024.08.08 20:02:29 스크랩 조회 1017 추천 0 댓글 2,0,1017,2024.08.08 20:02:29,https://gall.dcinside.com/mgallery/board/view/?id=pths&no=6458&page=4
4,6457,[일반],평고간거 후회함?,ㅈㄱㄴ - dc official App,평붕이 (58.225) 2024.08.08 02:54:58 스크랩 조회 488 추천 1 댓글 2,1,488,2024.08.08 02:54:58,https://gall.dcinside.com/mgallery/board/view/?id=pths&no=6457&page=4
4,6456,[일반],평고 시험,모고보다 어려움? 국영수 중에는 뭐가 젤 빡세나요 - dc official App,평붕이 (58.225) 2024.08.07 03:03:46 스크랩 조회 242 추천 0 댓글 0,0,242,2024.08.07 03:03:46,https://gall.dcinside.com/mgallery/board/view/?id=pths&no=6456&page=4
4,6455,[일반],내일 개학,개에바긴하다 째고 집에서 잔다 걍 - dc official App,ㅇㅇ (14.34) 2024.08.04 15:39:36 스크랩 조회 211 추천 1 댓글 2,1,211,2024.08.04 15:39:36,https://gall.dcinside.com/mgallery/board/view/?id=pths&no=6455&page=4
4,6454,[일반],평택고에서 누가 제일 이쁘심?,알려줘!,평붕이 (1.241) 2024.08.02 23:42:57 스크랩 조회 961 추천 0 댓글 3,0,961,2024.08.02 23:42:57,https://gall.dcinside.com/mgallery/board/view/?id=pths&no=6454&page=4
4,6453,[일반],히히 오줌발싸,뿡,평붕이 (183.100) 2024.07.30 00:37:21 스크랩 조회 261 추천 0 댓글 2,0,261,2024.07.30 00:37:21,https://gall.dcinside.com/mgallery/board/view/?id=pths&no=6453&page=4
5,6452,[일반],실시간 병진이형,https://youtu.be/CRalvvlgQ7I?si=x618XeCLqI5nKOwD,ㅇㅇ (106.101) 2024.07.26 00:48:36 스크랩 조회 533 추천 0 댓글 3,0,533,2024.07.26 00:48:36,https://gall.dcinside.com/mgallery/board/view/?id=pths&no=6452&page=5
5,6451,[일반],평고갤호감고닉아닌주딱아닌평붕이왔다,형 모르지?,평붕이 (59.13) 2024.07.25 12:29:53 스크랩 조회 206 추천 0 댓글 1,0,206,2024.07.25 12:29:53,https://gall.dcinside.com/mgallery/board/view/?id=pths&no=6451&page=5
5,6450,[질문],전동킥보드 타다 걸리면 징계가나요?,ㅇ,JAP 2024.07.23 15:54:46 스크랩 조회 239 추천 0 댓글 1,0,239,2024.07.23 15:54:46,https://gall.dcinside.com/mgallery/board/view/?id=pths&no=6450&page=5
5,6449,[일반],비전중 3학년입니다,가내신은 160.7이고요 2학기때 더 올리려고 합니다. 평고 가면은 바닥 깔려구요. 혹시 이번에 평고 미달 날까요? 궁금합니다,09년 2024.07.20 00:17:22 스크랩 조회 836 추천 0 댓글 13,0,836,2024.07.20 00:17:22,https://gall.dcinside.com/mgallery/board/view/?id=pths&no=6449&page=5
5,6448,[일반],평고 일년에 한 번씩 학교 와파로 사이트 들어간 거 검사하나요,ㅈㄱㄴ - dc official App,평붕이 (221.163) 2024.07.18 15:37:24 스크랩 조회 487 추천 1 댓글 11,1,487,2024.07.18 15:37:24,https://gall.dcinside.com/mgallery/board/view/?id=pths&no=6448&page=5
5,6446,[질문],신한고 vs 평택고,분위기 좋은곳 가고싶은데 어디가야됨? 지금 반 분위기 좆같아서 고등학교는 좋은데 가고싶어 - dc official App,평붕이 (58.225) 2024.07.11 20:41:14 스크랩 조회 1104 추천 0 댓글 6,0,1104,2024.07.11 20:41:14,https://gall.dcinside.com/mgallery/board/view/?id=pths&no=6446&page=5
5,6445,[일반],"국방, 루저아니니 공부 열심히해서 좋은대학가기를 바램",,평붕이 (222.112) 2024.07.10 03:49:38 스크랩 조회 236 추천 0 댓글 1,0,236,2024.07.10 03:49:38,https://gall.dcinside.com/mgallery/board/view/?id=pths&no=6445&page=5
5,6444,[일반],셤,셤볼때 재밌는 일 없었냐?,평붕이 (211.241) 2024.07.10 00:37:07 스크랩 조회 127 추천 0 댓글 1,0,127,2024.07.10 00:37:07,https://gall.dcinside.com/mgallery/board/view/?id=pths&no=6444&page=5
5,6443,[일반],수능 D-128일,현역이들 4개월만 더 맨탈붙잡고 화잇팅 노는건 수능끝나고 확실하게 놀아도댐 지금 애매하게 놀면서 공부 유기하면 성적 진짜 미친듯이 추락해요,ㅇㅇ 2024.07.09 15:21:00 스크랩 조회 213 추천 0 댓글 2,0,213,2024.07.09 15:21:00,https://gall.dcinside.com/mgallery/board/view/?id=pths&no=6443&page=5
5,6442,[질문],평고 급식 아직도 맛없냐??,12년전에도 맛없었거든 레드타이<<이거 아직도있음??,평붕이 (211.189) 2024.07.09 10:58:37 스크랩 조회 384 추천 0 댓글 3,0,384,2024.07.09 10:58:37,https://gall.dcinside.com/mgallery/board/view/?id=pths&no=6442&page=5
5,6441,[일반],국전가서 여울 피규어 샀다,ㅇㅇ,평붕이 (59.13) 2024.07.08 13:45:21 스크랩 조회 318 추천 0 댓글 2,0,318,2024.07.08 13:45:21,https://gall.dcinside.com/mgallery/board/view/?id=pths&no=6441&page=5
5,6439,[질문],비전 어떰?,분위기 ㅈ같은거 감내하고 전교 5등 안에 들면 어디감? - dc official App,평붕이 (211.234) 2024.07.07 12:55:19 스크랩 조회 484 추천 0 댓글 1,0,484,2024.07.07 12:55:19,https://gall.dcinside.com/mgallery/board/view/?id=pths&no=6439&page=5
5,6438,[일반],3~4등급으로 인경기 대강 맞춰가고싶다 > 비전고로,비전고 특 애들 공부 하는애들만하고 유기하는애들만 한트럭이라 수업만 제대로 들어도 3~4등급받음 보통 1컷이랑 2컷 차이는 5점?ㅋㅋ정도 되는데 3컷 4컷 차이는 천문학적수치를 자랑함 - dc official App,ㅇㅇ (222.99) 2024.07.06 11:05:39 스크랩 조회 522 추천 0 댓글 4,0,522,2024.07.06 11:05:39,https://gall.dcinside.com/mgallery/board/view/?id=pths&no=6438&page=5
5,6437,[일반],주딱 입갤 ㅋㅋ,열심히할게요 - dc official App,dasiima 2024.07.05 14:28:10 스크랩 조회 254 추천 0 댓글 8,0,254,2024.07.05 14:28:10,https://gall.dcinside.com/mgallery/board/view/?id=pths&no=6437&page=5
5,6435,[일반],주딱님 우리를 버리지 마세요 ㅜㅜ,어짜피 ㅈ망갤 된거 그냥 갤폭 ㄱ,평붕이 (183.100) 2024.07.05 02:01:08 스크랩 조회 143 추천 0 댓글 3,0,143,2024.07.05 02:01:08,https://gall.dcinside.com/mgallery/board/view/?id=pths&no=6435&page=5
5,6434,[일반],주딱 양도합니다,파딱/전파딱 우대 갤로그에 아이디 주셈,올매 2024.07.04 20:18:05 스크랩 조회 170 추천 0 댓글 3,0,170,2024.07.04 20:18:05,https://gall.dcinside.com/mgallery/board/view/?id=pths&no=6434&page=5
5,6433,[일반],시험기간인가보네,다들 잘보셈요 - dc official App,dasiima 2024.07.03 13:26:02 스크랩 조회 192 추천 0 댓글 7,0,192,2024.07.03 13:26:02,https://gall.dcinside.com/mgallery/board/view/?id=pths&no=6433&page=5
5,6432,[일반],God bless SEOUL KOREA 쏘련군 군가부른 정치인들과대통령?,,평붕이 (222.112) 2024.07.03 11:32:00 스크랩 조회 82 추천 0 댓글 0,0,82,2024.07.03 11:32:00,https://gall.dcinside.com/mgallery/board/view/?id=pths&no=6432&page=5
5,6431,[질문],내신 190 정도 될거 같은데,평고가는거 나쁘지 않음? 존나 비위 맞춰주고 선생님들 한테 잘보여서 생기부 이쁘게 할수 있음 - dc official App,평붕이 (49.164) 2024.06.26 22:27:09 스크랩 조회 599 추천 2 댓글 17,2,599,2024.06.26 22:27:09,https://gall.dcinside.com/mgallery/board/view/?id=pths&no=6431&page=5
5,6430,[일반],국전가서 귀비 피규어 샀다,- dc official App,개추미애 2024.06.24 22:16:45 스크랩 조회 1581 추천 1 댓글 10,1,1581,2024.06.24 22:16:45,https://gall.dcinside.com/mgallery/board/view/?id=pths&no=6430&page=5
5,6429,[일반],같은 평고인게 부끄럽다,아니 도대체 이딴건 왜 적는거냐 이렇게 살면 안 부끄러워?,평붕이 (14.38) 2024.06.23 18:50:28 스크랩 조회 682 추천 0 댓글 6,0,682,2024.06.23 18:50:28,https://gall.dcinside.com/mgallery/board/view/?id=pths&no=6429&page=5
5,6427,[질문],평고 vs 한광,ㅈㄱㄴ - dc official App,평붕이 (58.225) 2024.06.18 01:31:45 스크랩 조회 476 추천 0 댓글 1,0,476,2024.06.18 01:31:45,https://gall.dcinside.com/mgallery/board/view/?id=pths&no=6427&page=5
5,6426,[일반],우울하면 개추,ㅇㅇ,ㅇㅇ (106.101) 2024.06.17 02:42:14 스크랩 조회 251 추천 2 댓글 2,2,251,2024.06.17 02:42:14,https://gall.dcinside.com/mgallery/board/view/?id=pths&no=6426&page=5
5,6425,[질문],1학년 보추 이름 뭐냐,ㅈㄱㄴ,ㅇㅇ (223.38) 2024.06.16 12:33:11 스크랩 조회 624 추천 0 댓글 2,0,624,2024.06.16 12:33:11,https://gall.dcinside.com/mgallery/board/view/?id=pths&no=6425&page=5
5,6424,[질문],평택고 팔씨름 일짱 누구냐,깨러간다,평붕이 (106.101) 2024.06.15 14:29:18 스크랩 조회 416 추천 0 댓글 2,0,416,2024.06.15 14:29:18,https://gall.dcinside.com/mgallery/board/view/?id=pths&no=6424&page=5
5,6422,[일반],야이싸가지없는새끼야니네부모님한테그렇게말해봐라이개새,반갑뇨이 :),평붕이 (49.165) 2024.06.12 17:55:31 스크랩 조회 305 추천 2 댓글 1,2,305,2024.06.12 17:55:31,https://gall.dcinside.com/mgallery/board/view/?id=pths&no=6422&page=5
5,6421,[질문],여기 그래도 아직 평택 쪽 1짱이지?,곧 고등학교 가는데 여기로 오려고 내신이 막 좋은 편은 아님 - dc official App,평붕이 (49.164) 2024.06.10 22:12:01 스크랩 조회 575 추천 0 댓글 5,0,575,2024.06.10 22:12:01,https://gall.dcinside.com/mgallery/board/view/?id=pths&no=6421&page=5
5,6418,[일반],게이들아 오빠가 왓노,국민대나 숭실대도 많이 ㄱ?,평붕이 (211.171) 2024.05.29 23:54:02 스크랩 조회 246 추천 0 댓글 2,0,246,2024.05.29 23:54:02,https://gall.dcinside.com/mgallery/board/view/?id=pths&no=6418&page=5
5,6416,[일반],God bless SEOUL KOREA a spy 김,,평붕이 (222.112) 2024.05.18 05:58:07 스크랩 조회 231 추천 0 댓글 1,0,231,2024.05.18 05:58:07,https://gall.dcinside.com/mgallery/board/view/?id=pths&no=6416&page=5
5,6414,[일반],68회 졸업생인데 오랜만이노,전역 1년깨졌다 드디어 쓰발 - dc official App,평붕이 (223.39) 2024.05.15 18:07:58 스크랩 조회 297 추천 0 댓글 1,0,297,2024.05.15 18:07:58,https://gall.dcinside.com/mgallery/board/view/?id=pths&no=6414&page=5
5,6411,[일반],평택고 아직 셀퍼자인 있음?,지금 생각해보면 걍 안하고 뻐팅기면 되는거였는데 그땐 왜 그렇게 무서웠을까,ㅇㅇ (211.234) 2024.05.15 10:59:00 스크랩 조회 269 추천 0 댓글 1,0,269,2024.05.15 10:59:00,https://gall.dcinside.com/mgallery/board/view/?id=pths&no=6411&page=5
5,6410,[일반],형 왔다. 햄 알지?,개추 15개만 찍어봐라.,ㅇㅇ (49.165) 2024.05.14 12:04:07 스크랩 조회 893 추천 16 댓글 5,16,893,2024.05.14 12:04:07,https://gall.dcinside.com/mgallery/board/view/?id=pths&no=6410&page=5
5,6409,[일반],요새 평고 서울대랑 의대 몇명씩 감?,ㅈ반고 다 됨?,평붕이 (223.38) 2024.05.11 12:22:41 스크랩 조회 763 추천 0 댓글 5,0,763,2024.05.11 12:22:41,https://gall.dcinside.com/mgallery/board/view/?id=pths&no=6409&page=5
5,6408,[일반],평고갤 화력 왜이럼,갤러들이 없는거가틈 - dc official App,히히탄젠트발싼 2024.05.10 23:20:49 스크랩 조회 381 추천 0 댓글 4,0,381,2024.05.10 23:20:49,https://gall.dcinside.com/mgallery/board/view/?id=pths&no=6408&page=5
5,6406,[일반],누군지는 모르겠지만 오늘 생일이신 평붕이분들 축하,드립니다,ㅇㅇ (106.101) 2024.05.03 02:49:33 스크랩 조회 217 추천 0 댓글 5,0,217,2024.05.03 02:49:33,https://gall.dcinside.com/mgallery/board/view/?id=pths&no=6406&page=5
5,6404,[일반],졸업생인데 학교 언제 허문대냐,곧 가보려 하는데 - dc official App,평붕이 (175.124) 2024.05.01 18:36:04 스크랩 조회 274 추천 0 댓글 1,0,274,2024.05.01 18:36:04,https://gall.dcinside.com/mgallery/board/view/?id=pths&no=6404&page=5
5,6403,[일반],나 08이XX인데 맞다이 뜨자 1학년한테발린 3학녕들아,오후 3시까지 스타필드 앞으로나와라,ㅇㅇ (39.7) 2024.05.01 12:43:18 스크랩 조회 1332 추천 13 댓글 10,13,1332,2024.05.01 12:43:18,https://gall.dcinside.com/mgallery/board/view/?id=pths&no=6403&page=5
5,6402,[일반],평고면 갓반고 맞지?,"요즘 07 08들 다 미달로 2,3지망도 많이 붙었다던데 예전보다 명성이 떨어진건 맞는듯 ㅠㅠ",평붕이 (115.136) 2024.04.27 11:33:57 스크랩 조회 810 추천 1 댓글 4,1,810,2024.04.27 11:33:57,https://gall.dcinside.com/mgallery/board/view/?id=pths&no=6402&page=5
5,6400,[일반],평고 언제 이사감?,이사간다고는 들었는데 언제 가는지 모르겠음 이사 평중으로 감? 근데 만약 간다해도 거기 교통편 개박살인데 평중은 비전으로 이사 다시 안 옴? - dc official App,평붕이 (180.231) 2024.04.26 04:03:29 스크랩 조회 287 추천 0 댓글 0,0,287,2024.04.26 04:03:29,https://gall.dcinside.com/mgallery/board/view/?id=pths&no=6400&page=5
5,6399,[일반],스마트인재관 학사 분위기 어떰?,통학중인데 통학 도무지 못할 거 같아서 학사 가려고 하는데 그리고 분위기도 알려주면 좋겠음 - dc official App,평붕이 (180.231) 2024.04.26 03:58:59 스크랩 조회 413 추천 1 댓글 4,1,413,2024.04.26 03:58:59,https://gall.dcinside.com/mgallery/board/view/?id=pths&no=6399&page=5
5,6398,[일반],평고 등급컷 이번 중간 끝나면 언제나옴?,ㅇㅇ - dc official App,평붕이 (180.231) 2024.04.26 03:55:45 스크랩 조회 261 추천 0 댓글 1,0,261,2024.04.26 03:55:45,https://gall.dcinside.com/mgallery/board/view/?id=pths&no=6398&page=5
5,6396,[일반],누가 요약좀,다른학교 여학우가 본인 평남충인척하고 평갤에 희롱하는 글쓰고 인스타에 저격해서 자작극한거?,ㅇㅇ 2024.04.25 18:31:52 스크랩 조회 545 추천 0 댓글 4,0,545,2024.04.25 18:31:52,https://gall.dcinside.com/mgallery/board/view/?id=pths&no=6396&page=5
5,6395,[일반],아니이런 개꿀잼떡밥을 놓치다니,아,ㅇㅇ 2024.04.25 18:26:52 스크랩 조회 344 추천 0 댓글 2,0,344,2024.04.25 18:26:52,https://gall.dcinside.com/mgallery/board/view/?id=pths&no=6395&page=5
5,6391,[일반],해명부탁드려요,방금 글 삭제하셨는데 사과글 작성하자마자 글썼던 장본인 106.101 씨 나타나셔서 사태를 모르는척 글쓰신 다음에 댓글로 두분이서 제 글 왜 쓰셨나요? - 죄송합니다 이러시던데 두 분 지인아니신지..ㅋㅋ,평붕이 (175.203) 2024.04.25 15:12:06 스크랩 조회 272 추천 0 댓글 2,0,272,2024.04.25 15:12:06,https://gall.dcinside.com/mgallery/board/view/?id=pths&no=6391&page=5
5,6386,[일반],오랜만에 평고갤 재밌노 ㅋㅋㅋㅋ,- dc official App,dasiima 2024.04.25 14:41:08 스크랩 조회 430 추천 1 댓글 2,1,430,2024.04.25 14:41:08,https://gall.dcinside.com/mgallery/board/view/?id=pths&no=6386&page=5
5,6383,[일반],씨1발 좆같은 면상갈린새끼야 평고 욕하려고 주작하지마 ㅋㅋ,본인이 스토리에 15시간전에 평고 욕하는 글 올려놓고 1시간전에 지가 디시에 글싸고 인스타로 저격하노 ㅋㅋㅋㅋㅋㅋㅋㅋ 심지어 캡쳐는 1분전이노? 주작좀 티 안나게 해라 그쪽 학교는 내신 110따리 아니냐?,ㅇㅇ (202.136) 2024.04.25 14:04:05 스크랩 조회 1062 추천 11 댓글 5,11,1062,2024.04.25 14:04:05,https://gall.dcinside.com/mgallery/board/view/?id=pths&no=6383&page=5
5,6380,[일반],들키고 글삭튀한거,추하면 개추 ㅋㅋ,평붕이 (112.157) 2024.04.25 13:59:03 스크랩 조회 261 추천 2 댓글 3,2,261,2024.04.25 13:59:03,https://gall.dcinside.com/mgallery/board/view/?id=pths&no=6380&page=5
5,6379,[일반],본인인거,ㅈㄴ 티납니다 후후,평붕이 (112.157) 2024.04.25 13:50:04 스크랩 조회 221 추천 4 댓글 2,4,221,2024.04.25 13:50:04,https://gall.dcinside.com/mgallery/board/view/?id=pths&no=6379&page=5
5,6375,[일반],평고 생각중인데,아이패드 못 씀? 인강이랑 교재 다 아이패드에 들어있는데 그리고 등교 몇시까지임? 평고 빡샘? ㅆㅂ ㅈㄴ 고민인데,평붕이 (125.178) 2024.04.20 06:42:28 스크랩 조회 427 추천 0 댓글 5,0,427,2024.04.20 06:42:28,https://gall.dcinside.com/mgallery/board/view/?id=pths&no=6375&page=5
5,6374,[일반],평중 이제 남녀공학임?,이사하면서 바꼈음??? - dc official App,dasiima 2024.04.19 17:46:56 스크랩 조회 518 추천 0 댓글 4,0,518,2024.04.19 17:46:56,https://gall.dcinside.com/mgallery/board/view/?id=pths&no=6374&page=5
6,6372,[일반],꿈이현실되냐?,보통 재건축하면 공학되는데 평고도이제 분내맡으면서 수업하는거냐??,평붕이 (59.13) 2024.04.15 09:25:30 스크랩 조회 252 추천 0 댓글 5,0,252,2024.04.15 09:25:30,https://gall.dcinside.com/mgallery/board/view/?id=pths&no=6372&page=6
6,6371,[일반],나도 오랜만에 학교 갔음,군복 입고 가니까 좀 쪽팔렸음 ㅇㅇ,천원주면키스해주는놈 2024.04.13 01:40:39 스크랩 조회 386 추천 0 댓글 8,0,386,2024.04.13 01:40:39,https://gall.dcinside.com/mgallery/board/view/?id=pths&no=6371&page=6
6,6370,[일반],God bless SEOUL KOREA 자유민주좋으면 미국라인에 있자.,,평붕이 (222.112) 2024.04.09 17:15:36 스크랩 조회 114 추천 0 댓글 0,0,114,2024.04.09 17:15:36,https://gall.dcinside.com/mgallery/board/view/?id=pths&no=6370&page=6
6,6369,[일반],오랜만에 학교 가봤음,- dc official App,dasiima 2024.04.08 16:02:20 스크랩 조회 405 추천 1 댓글 6,1,405,2024.04.08 16:02:20,https://gall.dcinside.com/mgallery/board/view/?id=pths&no=6369&page=6
6,6368,[일반],국방과 자유민주  토론하냐,,평붕이 (222.112) 2024.04.06 09:18:58 스크랩 조회 138 추천 0 댓글 0,0,138,2024.04.06 09:18:58,https://gall.dcinside.com/mgallery/board/view/?id=pths&no=6368&page=6
6,6367,[일반],6모 신청을 대면으로만 받네,대면 접수 할테니깐 시험 환경은 쾌적하게 해줘라,평붕이 (59.13) 2024.04.05 21:35:45 스크랩 조회 263 추천 0 댓글 0,0,263,2024.04.05 21:35:45,https://gall.dcinside.com/mgallery/board/view/?id=pths&no=6367&page=6
6,6366,[일반],넌 곰이야.,,ㅇㅇ 2024.03.28 01:45:56 스크랩 조회 403 추천 0 댓글 12,0,403,2024.03.28 01:45:56,https://gall.dcinside.com/mgallery/board/view/?id=pths&no=6366&page=6
6,6365,[질문],현수막 궁금증,현역만 포함인거야 아니면 현역+n수생 합친거임?,평붕이 (211.36) 2024.03.18 15:04:23 스크랩 조회 481 추천 0 댓글 2,0,481,2024.03.18 15:04:23,https://gall.dcinside.com/mgallery/board/view/?id=pths&no=6365&page=6
6,6364,[일반],평고 문과,평고 문과 안챙겨줌?,ㅇㅇ (106.101) 2024.03.17 19:46:22 스크랩 조회 364 추천 0 댓글 2,0,364,2024.03.17 19:46:22,https://gall.dcinside.com/mgallery/board/view/?id=pths&no=6364&page=6
6,6363,[일반],주위에 사탐 공대 노리는 애들 많음?,ㅇㅇ,평붕이 (116.43) 2024.03.16 16:13:43 스크랩 조회 209 추천 0 댓글 0,0,209,2024.03.16 16:13:43,https://gall.dcinside.com/mgallery/board/view/?id=pths&no=6363&page=6
6,6362,[일반],얘들아 쉬엄쉬엄해,나처럼 재수하진 말고..,ㅇㅇ (222.232) 2024.03.14 00:57:44 스크랩 조회 247 추천 0 댓글 2,0,247,2024.03.14 00:57:44,https://gall.dcinside.com/mgallery/board/view/?id=pths&no=6362&page=6
6,6361,[일반],대마초,- dc official App,개추미애 2024.03.12 00:08:42 스크랩 조회 416 추천 2 댓글 2,2,416,2024.03.12 00:08:42,https://gall.dcinside.com/mgallery/board/view/?id=pths&no=6361&page=6
6,6360,[일반],이번08 싸가지없냐,3학년이랑싸지박을려함,ㅇㅇ (59.13) 2024.03.06 12:06:56 스크랩 조회 645 추천 0 댓글 2,0,645,2024.03.06 12:06:56,https://gall.dcinside.com/mgallery/board/view/?id=pths&no=6360&page=6
6,6359,[일반],소변기 위에다가,꼬털좀올려놓지마라 ^ㅣ발럼들아,ㅇㅇ (59.13) 2024.03.06 11:59:40 스크랩 조회 345 추천 0 댓글 0,0,345,2024.03.06 11:59:40,https://gall.dcinside.com/mgallery/board/view/?id=pths&no=6359&page=6
6,6358,[일반],2023 평고 대학진학 현수막,평고 현수막,평붕이 (180.231) 2024.03.06 07:48:19 스크랩 조회 769 추천 0 댓글 4,0,769,2024.03.06 07:48:19,https://gall.dcinside.com/mgallery/board/view/?id=pths&no=6358&page=6
6,6357,[일반],게이들아 학교 입결좀 올려봐라,지방대 와서 못보니까 올려봐라 ​지방대 욕하지 마세요 - dc official App,평붕이 (39.127) 2024.03.04 17:03:37 스크랩 조회 246 추천 0 댓글 0,0,246,2024.03.04 17:03:37,https://gall.dcinside.com/mgallery/board/view/?id=pths&no=6357&page=6
6,6355,[일반],평택고 2등급,어디 갈 수 있노? - dc official App,평붕이 (58.225) 2024.03.01 15:23:25 스크랩 조회 637 추천 0 댓글 3,0,637,2024.03.01 15:23:25,https://gall.dcinside.com/mgallery/board/view/?id=pths&no=6355&page=6
6,6354,[일반],입학 첫주에 학원으로 야자 뺄수 있나요?,.,평붕이 (112.149) 2024.02.29 21:12:30 스크랩 조회 228 추천 0 댓글 1,0,228,2024.02.29 21:12:30,https://gall.dcinside.com/mgallery/board/view/?id=pths&no=6354&page=6
6,6353,[일반],이투스 247 다니는 사람 중에,재수 성공한 사람 얼마나됨? 대략적인 비율이 어느정도인지,평붕이 (116.43) 2024.02.23 10:34:04 스크랩 조회 518 추천 0 댓글 1,0,518,2024.02.23 10:34:04,https://gall.dcinside.com/mgallery/board/view/?id=pths&no=6353&page=6
6,6352,[일반],벌써부터 학교나가기 좇같으면 개추 ㅋㅋ,ㅇㄷㄴㅂㅌ ㅋㅋㅋㅋ - dc official App,키사리메 2024.02.22 18:08:40 스크랩 조회 992 추천 12 댓글 25,12,992,2024.02.22 18:08:40,https://gall.dcinside.com/mgallery/board/view/?id=pths&no=6352&page=6
6,6351,[일반],07년생 2학년 애들 상태 어떠냐?,곧 만날것 같은데 분위기 어떠냐? 조온나 막막하노,평붕이 (183.100) 2024.02.21 22:57:49 스크랩 조회 539 추천 0 댓글 6,0,539,2024.02.21 22:57:49,https://gall.dcinside.com/mgallery/board/view/?id=pths&no=6351&page=6
6,6350,[일반],고1 3모보나요?,ㅈㄱㄴ,평붕이 (14.34) 2024.02.19 20:30:00 스크랩 조회 289 추천 0 댓글 4,0,289,2024.02.19 20:30:00,https://gall.dcinside.com/mgallery/board/view/?id=pths&no=6350&page=6
6,6349,[일반],여친 그날이면,어떻게해줘야됨,평붕이 (39.7) 2024.02.19 05:48:12 스크랩 조회 292 추천 0 댓글 1,0,292,2024.02.19 05:48:12,https://gall.dcinside.com/mgallery/board/view/?id=pths&no=6349&page=6
6,6348,[일반],왜요즘 분탕글 안올라옴?,똥얘기 적는갤아니었음??? - dc official App,개추미애 2024.02.18 19:57:07 스크랩 조회 156 추천 0 댓글 1,0,156,2024.02.18 19:57:07,https://gall.dcinside.com/mgallery/board/view/?id=pths&no=6348&page=6
6,6347,[일반],1점대 받기 얼마나 힘드냐?,ㅈㄱㄴ,평붕이 (39.7) 2024.02.18 12:17:57 스크랩 조회 405 추천 0 댓글 2,0,405,2024.02.18 12:17:57,https://gall.dcinside.com/mgallery/board/view/?id=pths&no=6347&page=6
6,6346,[일반],야자때 폰 내나요?,입학식때부터 폰 내나요? 아님 자율인가요,JAP 2024.02.14 23:18:38 스크랩 조회 397 추천 0 댓글 5,0,397,2024.02.14 23:18:38,https://gall.dcinside.com/mgallery/board/view/?id=pths&no=6346&page=6
6,6345,[일반],입학생인데 내신 많이 어려움뇨?,어렵다고 듣긴 했는데 어느정도임?,평붕이 (220.94) 2024.02.13 19:55:39 스크랩 조회 355 추천 0 댓글 1,0,355,2024.02.13 19:55:39,https://gall.dcinside.com/mgallery/board/view/?id=pths&no=6345&page=6
6,6344,[일반],입학생인데 평고 장단점좀 알려주십쇼,남중 남고 좆같네 - dc official App,ㅇㅇ (124.50) 2024.02.13 16:01:33 스크랩 조회 465 추천 0 댓글 8,0,465,2024.02.13 16:01:33,https://gall.dcinside.com/mgallery/board/view/?id=pths&no=6344&page=6
6,6343,[질문],가방,캐리어처럼 끌고다니는 가방 들고다녀도 괜찮나요?,JAP 2024.02.12 15:50:15 스크랩 조회 180 추천 0 댓글 3,0,180,2024.02.12 15:50:15,https://gall.dcinside.com/mgallery/board/view/?id=pths&no=6343&page=6
6,6342,[일반],여긴 생결없노?,대답해 게이들아,평붕이 (219.254) 2024.02.10 08:49:27 스크랩 조회 241 추천 0 댓글 1,0,241,2024.02.10 08:49:27,https://gall.dcinside.com/mgallery/board/view/?id=pths&no=6342&page=6
6,6340,[질문],08 교복질문,막 셔츠에다 조끼까지 다 안껴입으면 찍히거나 별점이나 그런거 있나요? 조끼는 좀 불편해서 안입으려고 햤는데 그럼 ㅈ되나요?,JAP 2024.02.04 13:04:29 스크랩 조회 348 추천 0 댓글 3,0,348,2024.02.04 13:04:29,https://gall.dcinside.com/mgallery/board/view/?id=pths&no=6340&page=6
6,6339,[일반],이젠 이 풍경도 못 보겠네,"ㅎㅇ 틀딱 졸업생임 평고 옮긴다길래 이제 못 볼 풍경들 사진 좀 올림 대충 2004 ~ 2005년 사진임 혹시 모르지 나중에 동문회에서 사진 필요하다고 할지도 아카이브처럼 올려봄 모두가 잘 아는 학교 진입로 나 학교 다닐 때는 저 낙엽 청소시키고 봉사시간 줬었는데 낙엽 청소 = 비 와서 다 떨어진 뒤에 하다보니까 겁나 무겁고 힘들고.. 그랬던 기억이 있음 당시 교실 0교시(07:30 ~ 08:20)가 끝난 뒤의 모습이다. 당시에는 0교시가 있어서, 그 때 EBS를 틀어줬음. 방송부에서 찐빠내가지고 EBS 안 나오면 개좋아했었음. 저 때도 학년부 선생님들이 돌아다니면서 감독했었음. 당연히 졸고 있으면 엉덩이 맞고 돌아왔었지 당시 학교 컴퓨터실 기술가정 선생님이 여기 교무실 쓰셨었고, 당시에 곽##선생님(국어)도 이 교무실 쓰셨던것 같은데.. 지금도 평택고에 계실라나 모르겠네 수시 시즌에 여기서 원서 쓰고 했던게 기억남 물론 나는 내신 박아가지고 광탈했음 당시 복도 지금이랑 크게 다르지 않을듯 학교 외부 지금이 좀 더 깔끔함 저 멀리 청운관 보이네 당시에는 도서관이 청운관에 없었고, 급식실 위층에 있었음 2층: 급식실 / 3층: 도서관 / 4층: 시청각실 이랬었지 시청각실에서 저녁 먹기 전에 GIED 예배도 하고 했었는데 홍##선생님(과학)은 거기 열심히 참여하셨던 거로 기억함 그리고 청운관 1층에서는 희망자들 대상으로 22시 이후 02시까지 자습도 시켜줬음 당시 최신식 기숙사였던 붕정관 물론 나는 성적이 겁나 낮았기 때문에 쳐다보기만 했었음 겨울의 진입로 딱히 뭐 없네 지금도 하는지 모르겠는데, 교탁에서 테니스공 + 정석 가지고 정탁 했던 사진 그 때는 왜케 재미있었는지 모름 나는 찐따라서 별로 못 해봄.. 이건 체육대회때 콜라 빨리 마시기 부스 사진 별별 부스들 엄청 많았었음 위닝일레븐 부스, 철권 부스도 있었고 저녁에는 옆에 공설운동장 빌려서 스타 2:2 대회도 하고 했었지 지금은 어떨라나 모르겠네 일단 내가 갖고 있는 사진은 이 정도.. 나머지는 내 신상 밝혀질까봐 못 올리겠네 참고로 이거 찍은 사람은 내가 아님 이거 찍은 애는 지금 초등학교 선생임 문제시 삭제함",평붕이 (112.72) 2024.01.29 02:14:21 스크랩 조회 1309 추천 17 댓글 8,17,1309,2024.01.29 02:14:21,https://gall.dcinside.com/mgallery/board/view/?id=pths&no=6339&page=6
6,6338,[일반],평택고 근황,ㄹㅇ 근황..,평붕이 (112.72) 2024.01.28 23:02:23 스크랩 조회 703 추천 0 댓글 0,0,703,2024.01.28 23:02:23,https://gall.dcinside.com/mgallery/board/view/?id=pths&no=6338&page=6
6,6337,[일반],집 가고 싶다,근데 보닌은 평고 기숙사 들어갔을 적보다 집 더 자주 가는 듯 ㅇ 붕좆관 << 어케 버텼노 시발련ㄴ아,천원주면키스해주는놈 2024.01.26 00:02:13 스크랩 조회 319 추천 3 댓글 5,3,319,2024.01.26 00:02:13,https://gall.dcinside.com/mgallery/board/view/?id=pths&no=6337&page=6
6,6336,[일반],평고 올해도 미달날것같아요,이사이슈때문에,ㅇㅇ 2024.01.24 00:53:21 스크랩 조회 632 추천 0 댓글 2,0,632,2024.01.24 00:53:21,https://gall.dcinside.com/mgallery/board/view/?id=pths&no=6336&page=6
6,6335,[일반],평택고등학교가 올해부로 이사를 가게되었습니다,06 07 08님들 수고하세욘 ㅋ,ㅇㅇ 2024.01.24 00:50:23 스크랩 조회 1102 추천 0 댓글 4,0,1102,2024.01.24 00:50:23,https://gall.dcinside.com/mgallery/board/view/?id=pths&no=6335&page=6
6,6334,[일반],갤 좀 살려줘,살려조,올매 2024.01.23 22:49:40 스크랩 조회 194 추천 0 댓글 2,0,194,2024.01.23 22:49:40,https://gall.dcinside.com/mgallery/board/view/?id=pths&no=6334&page=6
6,6333,[일반],주딱 확 먹어버려?,아오 확 그냥 ... - dc official App,dasiima 2024.01.23 18:59:18 스크랩 조회 193 추천 0 댓글 1,0,193,2024.01.23 18:59:18,https://gall.dcinside.com/mgallery/board/view/?id=pths&no=6333&page=6
6,6332,[일반],평붕이 오늘도 착한일 했다 ㅋㅋ,화장실에서 똥싸고 변기막아서 청소아주머니 일하시는데 심심하지 않게 해드림 ㅎㅎ ㅁㅌㅊ? - dc official App,키사리메 2024.01.23 01:57:39 스크랩 조회 775 추천 9 댓글 3,9,775,2024.01.23 01:57:39,https://gall.dcinside.com/mgallery/board/view/?id=pths&no=6332&page=6
6,6331,[일반],곰탱이같은 애들 존나 꼴림,냄새나는 파오후새끼들 말고 인싸들중에 포동하고 볼 빵빵한 햄스터같은 친구들 가끔있는데 젖꼭지 만지면서 소추 부딪히고싶다 책상에 엎드려 잘때 ㄹㅇ 못참겠음 바로 가슴 만지고싶더라,평붕이 (106.101) 2024.01.21 10:23:24 스크랩 조회 522 추천 2 댓글 5,2,522,2024.01.21 10:23:24,https://gall.dcinside.com/mgallery/board/view/?id=pths&no=6331&page=6
6,6330,[일반],주딱 뭐하냐,씨발 - dc official App,평붕이 (126.194) 2024.01.20 11:30:15 스크랩 조회 149 추천 0 댓글 4,0,149,2024.01.20 11:30:15,https://gall.dcinside.com/mgallery/board/view/?id=pths&no=6330&page=6
6,6327,[일반],평택고 북일고,평택고 >>>>>>>>천안북일고,평붕이 (1.209) 2024.01.17 21:02:33 스크랩 조회 401 추천 1 댓글 2,1,401,2024.01.17 21:02:33,https://gall.dcinside.com/mgallery/board/view/?id=pths&no=6327&page=6
6,6323,[질문],"2023한기대취업률80%(대겹22%,공겹15%,중견이상61%)전국최고","https://www.joongang.co.kr/article/25218566#home 한국기술교육대 취업률 80.3% 전국 최상위권 | 중앙일보 교육부 ‘고등교육기관 취업조사’.졸업생 500명 이상 4년제 대학 중 2위    충남 천안의 한국기술교육대학교(총장 유길상)가 12월 28일(목) 교육부와 한국교육개발원의 ‘2022년 고등교육기관 졸업자 취업통계조사’ 결과 취업률 80.3%로 최상위권 성적의 기염을 토해냈다. 한국기술교육대의 이번 취업률은 졸업생 500명 이상 4년제 대학 기준, 지난해 5위에서 2위로 등극한 성과이며, ‘전국 취업률 1위 대학’ 명성에 다시 한발짝 다가섰다. 한국기술교육대는 교육부의 취업률 공시 이후 매년 80% 안팎의 취업률로 전국 최상위권의 취업률을 나타내고 있으며, 이번에 발표된 취업률은 4년제 대학 평균 취업률 66.3%보다 무려 14% 높은 수치다. www.joongang.co.kr /data/user/0/com.samsung.android.app.notes/files/clipdata/clipdata_bodytext_231231_211805_598.sdocx",평붕이 (114.207) 2023.12.31 21:18:12 스크랩 조회 286 추천 4 댓글 1,4,286,2023.12.31 21:18:12,https://gall.dcinside.com/mgallery/board/view/?id=pths&no=6323&page=6
6,6321,[일반],나롤좀치냐,다이아2임,ㅇㅇ (124.199) 2023.12.25 21:38:23 스크랩 조회 260 추천 0 댓글 2,0,260,2023.12.25 21:38:23,https://gall.dcinside.com/mgallery/board/view/?id=pths&no=6321&page=6
6,6319,[일반],갤진짜망했냐?,지금인가 - dc official App,개추미애 2023.12.19 01:10:59 스크랩 조회 607 추천 7 댓글 1,7,607,2023.12.19 01:10:59,https://gall.dcinside.com/mgallery/board/view/?id=pths&no=6319&page=6
6,6318,[일반],대 상 혁,,평붕이 (182.222) 2023.11.19 17:46:19 스크랩 조회 332 추천 2 댓글 1,2,332,2023.11.19 17:46:19,https://gall.dcinside.com/mgallery/board/view/?id=pths&no=6318&page=6
6,6317,[일반],수능조졌으면개추,- dc official App,개추미애 2023.11.17 01:04:47 스크랩 조회 618 추천 13 댓글 0,13,618,2023.11.17 01:04:47,https://gall.dcinside.com/mgallery/board/view/?id=pths&no=6317&page=6
6,6316,[일반],씨발,,ㅇㅇ (106.101) 2023.11.16 17:52:12 스크랩 조회 206 추천 0 댓글 0,0,206,2023.11.16 17:52:12,https://gall.dcinside.com/mgallery/board/view/?id=pths&no=6316&page=6
6,6315,[일반],수능 수고했다,잘 봤든 못 봤든 공부하느라 수고많았다,올매 2023.11.16 16:31:45 스크랩 조회 278 추천 4 댓글 0,4,278,2023.11.16 16:31:45,https://gall.dcinside.com/mgallery/board/view/?id=pths&no=6315&page=6
6,6314,[일반],다들 수능 잘봐요잉~,- dc official App,dasiima 2023.11.15 17:26:43 스크랩 조회 208 추천 1 댓글 2,1,208,2023.11.15 17:26:43,https://gall.dcinside.com/mgallery/board/view/?id=pths&no=6314&page=6
7,6312,[일반],나만큼 남자 테크트리 탄 사람 없을 듯,"초딩 때부터 남학생 전용 학습터에서 기숙 중딩 때는 한 번 전학갔는데 첫번째 학교, 두번째 학교 다 남자중학교 그리고 둘 다 기숙사 생활함 고딩 때는 전학 두번 가서 첫번째 학교도 남고 두번째 학교도 남고 세번째 학교도 남고, 세 학교 다 기숙사 생활함 남학생 전용 기숙학원에서 재수 1년 공대 진학(학과성비 9:1 남초 학과) & 기숙사 군대 알바도 남자 전용 기숙학원, 남자 전용 고시원에서 함 취업도 남초 직업 가질 예정.. 내 인생에 인간이란 생명체는 꼬1추 달리고 딸딸이나 치는 남자 밖에 못 봄 이제 어디가서 퀴퀴한 쉰내 안 나면 오히려 어색하다 ㅅㅂ....",평붕이 (122.32) 2023.11.12 13:58:30 스크랩 조회 514 추천 3 댓글 2,3,514,2023.11.12 13:58:30,https://gall.dcinside.com/mgallery/board/view/?id=pths&no=6312&page=7
7,6311,[일반],아까 누가 실명까고 올리던데,지워졌나,ㅇㅇ (223.62) 2023.11.05 23:46:16 스크랩 조회 434 추천 0 댓글 3,0,434,2023.11.05 23:46:16,https://gall.dcinside.com/mgallery/board/view/?id=pths&no=6311&page=7
7,6310,[일반],평택고 화장실 낙서 1티어,ㅇㅇ,ㅇㅇ (210.204) 2023.11.05 21:34:26 스크랩 조회 1719 추천 14 댓글 0,14,1719,2023.11.05 21:34:26,https://gall.dcinside.com/mgallery/board/view/?id=pths&no=6310&page=7
7,6309,[일반],GOAT,망해버린 평택고를 구원해주소서..,평붕이 (182.222) 2023.11.05 21:02:53 스크랩 조회 688 추천 8 댓글 0,8,688,2023.11.05 21:02:53,https://gall.dcinside.com/mgallery/board/view/?id=pths&no=6309&page=7
7,6306,[일반],평고갤이 망했다고?,"""올려"" - dc official App",dasiima 2023.11.03 22:53:15 스크랩 조회 740 추천 16 댓글 0,16,740,2023.11.03 22:53:15,https://gall.dcinside.com/mgallery/board/view/?id=pths&no=6306&page=7
7,6305,[일반],학교랑 같이 갤도 망했네,그건그렇고 나 오백원벌음,평붕이 (211.241) 2023.11.03 09:11:58 스크랩 조회 288 추천 0 댓글 0,0,288,2023.11.03 09:11:58,https://gall.dcinside.com/mgallery/board/view/?id=pths&no=6305&page=7
7,6304,[일반],제가 좋아하는 연예인들 ㅁㅌㅊ임?,제가 좋아하는 연예인들 ㅁㅌㅊ임?,손발이시립니다 2023.11.03 01:29:03 스크랩 조회 373 추천 0 댓글 6,0,373,2023.11.03 01:29:03,https://gall.dcinside.com/mgallery/board/view/?id=pths&no=6304&page=7
7,6303,[일반],갤에 장X인하나 오네요,이미 망갤이라 상관은 없지만말이죠,평붕이 (39.127) 2023.11.02 17:14:15 스크랩 조회 234 추천 1 댓글 0,1,234,2023.11.02 17:14:15,https://gall.dcinside.com/mgallery/board/view/?id=pths&no=6303&page=7
7,6301,[일반],"학교에 있는 새끼들이 나한테 말해, 항상 이발소에 있다고","학교에 있는 새끼들이 나한테 말해, 항상 이발소에 있다고 ""Chief Keef는 이것에 관심이 없어, Chief는 그것에 관심이 없어"" 내 친구는 Lamron이랑 걔네랑 섹스하는 BD를 갖고 있어 그, 그, 그 새끼는 일도 안 한다고 하던데 닥쳐, 너네들은 아무것도 모르잖아 너네 새끼들 얘기하는 거 다 알잖아 ""Chief Keef는 타자가 아니야, Chief Keef는 이게 아니야, Chief Keef는 가짜야"" 닥쳐, 너네들은 그 새끼랑 같이 안 살아 그 새끼가 톱니바퀴에 걸렸다는 거 다들 알지 경찰을 향해 총을 쏴대네 새끼는 엿먹은 이후로 보호관찰을 받았어, 언제인지는 모르겠어 개자식아, 그 사람한테 그런 식으로 장난치는 건 그만둬 저 밖에 있는 놈들은 야만인들이야 만약 내가 Chief Keef에 대해 다정하게 말하는 다른 새끼를 만난다면 난 쟤네 엉덩이를 때리고 있어, 더 이상 장난은 안 쳐 그 새끼들이 Lil Reese랑 같이 노는 걸 알아 (Young Chop on the beat) Sosa를 좋아해, 여자들은 Sosa를 좋아해, 응? 그럼 알려줘 'Raris와 Rovers (huh) Ayy, 꼬마 코브라, ayy, ayy 빵야 빵야 빵야 맙소사, 너희들 전부 가난한 놈들이야, 맙소사, 너네들 전부 가난한 놈들이야 이 년들은 Sosa를 좋아해, O end 아니면 no end 쟤네랑 장난치면 넌 완전 망할 거야 Raris와 Rovers, 이 년들은 Sosa 추장을 사랑해 그 코브라로 그를 때려, 이제 그 소년은 넘어졌지 그들은 Sosa를 위해 모든 걸 해, 너희들은 아무 소리도 내지 않아 내가 다 컸다는 거 알잖아, 너희 팀은 가난한 소년들로 가득 차 있어 맙소사, 너희들 전부 가난한 놈들이야, 맙소사, 너네들 전부 가난한 놈들이야 우린 GBE 멋진 놈들, 돈이 많아, 얘야 이 년들은 Sosa를 좋아하고 Glo Boys도 좋아해 우리가 'Go boy' 출신이라는 걸 알아, 하지만 우린 갈 수 없어, boy 아니, 난 그 늙은이를 몰라, 그 사람이 가난한 소년이라는 건 알아 Raris와 Rovers, 컨버터블 Lambo야, 얘야 나한테 밴드가 있는 거 알잖아, 그리고 그건 내 바지 안에 있어, 친구 그들을 무시해라 오 얘들아, 다시는 말 안 할 거야, 얘야 내가 장난치고 있다고 생각하지 마, 아냐, 우린 손을 안 써, 얘야 아니, 우린 친구 안 해, 친구, 밴드를 모아, 난 집주인이야 난 쉼표가 많아, 네 엄마랑 섹스할 수 있어 난 드라마에 관심 없어, 내 라마를 만나면 돼 Ridin' with 3hunna, 300명의 외국인들과 함께 이 년들은 Sosa 추장을 보네, 신께 맹세코, 영광을 이 년들은 Sosa를 좋아해, O end 아니면 O end 쟤네랑 장난치면 넌 완전 망할 거야 Raris와 Rovers, 이 년들은 Sosa 추장을 사랑해 그 코브라로 그를 때려, 이제 그 소년은 넘어졌지 그들은 Sosa를 위해 모든 걸 해, 너희들은 아무 소리도 내지 않아 내가 다 컸다는 거 알잖아, 너희 팀은 가난한 소년들로 가득 차 있어 맙소사, 너희들 전부 가난한 놈들이야, 맙소사, 너네들 전부 가난한 놈들이야 우린 GBE 멋진 놈들, 돈이 많아, 얘야 내가 D. Rose에게 전화하게 만들지 마, 얘야, 그는 6개의 Double-O야, 얘야 그리고 그 사람이 그 막대기를 갖고 있어, 넌 완전 망할 거야 개년아, 난 소다도 팔았고 코카도 팔았지 그녀는 Sosa를 위해 박수를 칠 것이고, 그는 Sosa를 위해 박수를 칠 것이다 그들은 Sosa를 위해 하는 거야, 그 년들은 Sosa 출신이야 그 몰리 워터를 타도해, 그러니 넌 물처럼 쿨하게 굴어 '이 용암에 맞기 전에, 개년아, 내가 화제야 가격은 상관없어, 내가 사줄게, B, 네 여자는 계속 나랑 놀아 이 년들은 Sosa를 좋아해, O end 아니면 no end 쟤네랑 장난치면 넌 완전 망할 거야 Raris와 Rovers, 이 년들은 Sosa 추장을 사랑해 그 코브라로 그를 때려, 이제 그 소년은 넘어졌지 그들은 Sosa를 위해 모든 걸 해, 너희들은 아무 소리도 내지 않아 내가 다 컸다는 거 알잖아, 너희 팀은 가난한 소년들로 가득 차 있어 맙소사, 너희들 전부 가난한 놈들이야, 맙소사, 너네들 전부 가난한 놈들이야 우린 GBE 멋진 놈들, 돈이 많아, 얘야, 하",릴민주 2023.10.28 12:54:49 스크랩 조회 389 추천 3 댓글 3,3,389,2023.10.28 12:54:49,https://gall.dcinside.com/mgallery/board/view/?id=pths&no=6301&page=7
7,6300,[일반],학교에 아이돌 좀 부르자,얘들아 우리도 학교에 아이돌 좀 불러보자 https://x.com/NMIXX_official/status/1717836064893853732?s=20 이거 가장 많이 참여한 학교에 엔믹스 온대 믿는다,평붕이 (112.157) 2023.10.27 18:53:59 스크랩 조회 229 추천 3 댓글 0,3,229,2023.10.27 18:53:59,https://gall.dcinside.com/mgallery/board/view/?id=pths&no=6300&page=7
7,6299,[일반],졸업생인데 요즘 평고 어떰?,비전고한테 따잇 당했다는 말을 들었는데 진짜임? 좆망함?,평붕이 (123.214) 2023.10.25 22:39:49 스크랩 조회 679 추천 1 댓글 3,1,679,2023.10.25 22:39:49,https://gall.dcinside.com/mgallery/board/view/?id=pths&no=6299&page=7
7,6298,[일반],평택고 문제는 이거아님?,개썩은 평중건물로 빽섭예정 교통편 한방에 씹창남 요즘시대에 별필요없는 동문부심 아웃풋은 자사고 발끝에도 못미치면서 내부경쟁은 개같이 치열함 애매한새끼들은 다조져지고 정시당함 양극화 존나심함 맞냐?,ㅇㅇㅇㅇ (220.120) 2023.10.25 00:14:07 스크랩 조회 1024 추천 10 댓글 1,10,1024,2023.10.25 00:14:07,https://gall.dcinside.com/mgallery/board/view/?id=pths&no=6298&page=7
7,6297,[일반],개장애인같은 갤러리노 ㅋㅋㅋ,평고 학생은 애초에 안오고 졸업한 앰생새끼들이나 와서 자폐아글 싸지름 ㅋㅋㅋㅋ - dc official App,평붕이 (112.151) 2023.10.22 19:17:12 스크랩 조회 722 추천 10 댓글 4,10,722,2023.10.22 19:17:12,https://gall.dcinside.com/mgallery/board/view/?id=pths&no=6297&page=7
7,6296,[일반],똥 누다가 갑자기 똥이 너무 불쌍해서 껴안고 울었어..,얘도 나의 신체 일부분이잖아. 내가 낳은 아가인데. 애도 못생기고 냄새난다는 이유로 버림받고 슬퍼. 그래서 똥이 부서지지 않도록 양손으로 건져올렸어. 못생긴 줄만 알았던 똥의 따뜻한 온기가 느껴졌어. 나 무시하는 사회 사람들보다 나은 것 같은 거야. 그래서 똥을 껴안고 펑펑 울었어 5분 후 똥은 차갑게 식어서 죽었어 나는 똥을 놓아줄 수 밖에 없었어 옷에 묻은 똥을 닦아내고 양치하고 나왔어 마음이 찝찜해…. 왜 모두 버림받는걸까…….,릴민주 2023.10.21 19:28:56 스크랩 조회 617 추천 11 댓글 2,11,617,2023.10.21 19:28:56,https://gall.dcinside.com/mgallery/board/view/?id=pths&no=6296&page=7
7,6294,[일반],일더하기일은귀요미이더하기이도귀요미삼더하기삼도귀요미사더하기사도귀요미,오더하기오도귀요미육더하기육도쫍쫍쫍쫍쫍귀요미,릴민주 2023.10.20 08:41:54 스크랩 조회 122 추천 0 댓글 1,0,122,2023.10.20 08:41:54,https://gall.dcinside.com/mgallery/board/view/?id=pths&no=6294&page=7
7,6293,[일반],내신 198로 평고오긴 아깝나?,ㅈㄱㄴ,평붕이 (39.125) 2023.10.19 20:45:14 스크랩 조회 814 추천 0 댓글 5,0,814,2023.10.19 20:45:14,https://gall.dcinside.com/mgallery/board/view/?id=pths&no=6293&page=7
7,6290,[일반],섹스,섹스,천원주면키스해주는놈 2023.10.18 22:21:37 스크랩 조회 338 추천 0 댓글 5,0,338,2023.10.18 22:21:37,https://gall.dcinside.com/mgallery/board/view/?id=pths&no=6290&page=7
7,6288,[일반],친구구함 조건 100개있음,1.내가 죽으면 내 시체 먹어줘야함 적어도 내 시체의 일부분 떼가서 기념품으로 삼아야함 2.믿는 종교는 없어도 신과 영혼의 존재는 믿거나 느끼고있어야함 3.조센징스럽지않아야함 4.나랑 같이 개좆같이 재미없는 야구 직관하면서 치킨먹어줘야함 5.여행갈때 개씨발병신개같은씨발년처럼 1박2일 2박3일 이딴식으로개씨발스럽게 좆같이 짧게짧게 가면 안되고 1주일이상 머무는거 선호하는스타일이어야함 6.조기처럼 좆같이 좆만해서 먹을것도없는데 잔뼈는존나많은 씨발쓰레기생선 사주면안됨 개씨발 그딴 먹을것도없는데잔뼈는존나많은개씨발생선은 쳐먹다가 생선 양손으로 잡아뜯어찢어발겨버린다음 바닥에 패대기쳐버리고싶음 7.범법저질렀다는이유로 어떤 사람 그 사람이 만든 음악이나 영화같은 작품 저평가하면안됨 8.재즈이론 재즈역사 말하면서 잘난척 지랄떠는 애미뒤진씨발재즈애호가병신창년이면 안됨 직접 연주하는사람이면 용서가능함 9.음주운전 잘했으면좋겠음 나는 술을별로안좋아하는데 과속음주운전차량타는건좋아함 10.돈빌려달라고하면안됨 돈이야기자체를안했으면좋겠음 11.남의집에서 담배피는 개씨발못배운씨발년이면안됨 12.맑고순수한영혼이어야함 마음이순수하고착해야함 마치 나처럼 13.쿨찐안됨 진지함에대한두려움을가지고있으면안됨 14.안경렌즈쓰면안됨 시력이안좋으면안좋은대로살아야함 수술로시력개선하는건됨 15.사람피곤하게 소규모정치질하는 애미뒤진년이면안됨 16.카톡 읽씹해도 지랄하면안됨 답장왜안해 이지랄하면안됨 17.나방 바퀴 모기 똥파리 곱등이 그리마 지네 나왔을때 나 대신 죽여줘야함 그리고 잡은다음 나한테 시체 들이밀면서 겁주면안됨 18.내가 장애인놀이나 싸대기놀이(둘다내가만든놀이임 장애인놀이는 길에서 장애인흉내내는놀이고 싸대기놀이는 서로싸대기때리는놀이임)랑 쪽팔려놀이 하자고할때 빼면안됨 19.조그마한 범법행위 혹은 사회적으로 지탄받을만한 어떤행동 같이하자고 제안할때 동참해줬으면함 20.때때로 진지충이되어서 날 꾸짖어줬으면함 내가 부끄러움을느낄수있도록 이러이러해서 그건아닌것같아 그건니가잘못되었어라고 해줬으면함 21.내 목조르면서 엉덩이때려줬으면좋겠음 22.쭵쭵대면서 밥쳐먹으면안됨 23.내가 하는 모든 개소리들을 전부 받아쳐주면안됨 때로는 한 열번중에 세번정도는 못들은척해야함 24.눈빛이 내 마음에 들어야함 25.산울림 김창완 음악 이게무슨좆같은틀딱노래야하고 싫어하면안됨 26.서태지 잔나비 넬 볼빨간사춘기 검정치마 눈뜨고코베인 이딴 이름만봐도 딱 개역겨운조센징냄새나는애들음악들으면안되고 무조건 싫어해야함 아 씨발 이름만봐도좆같네라는 말이 튀어나와야함 27.나랑 비슷해야함 근데 많이 달라야함 28.마음이 차가우면 안됨 29.남 험담 자주하면 안됨 30.내가 싫어하는인간 싫어하는단체 내앞에서 편들어주면안됨 31.내가 똥을싸도 무조건 칭찬해줘야함 너는참똥을잘싸 똥도곱게싼다 니똥은악취도안나고향긋해라고 내가 수줍게 진짜?라고 되물으면 뻥이지씨발년아라고하면안되고 응 진짜라고 해줘야함 32.채식주의자여도 상관은없는데 나한테 풀때기만 주면 안됨 나는 고기가좋음 근데 머리나 발에 붙어있는 고기는 별로안좋아함 근데 가끔은 풀때기도괜찮음 33.내입맛을 기억하고있어야함 나는 간 센거 별로 안좋아하고 재료본연의 맛을 살린 음식 좋아함 그리고 나는 쌀밥 별로안좋아함 밥자체를 별로 안좋아하고 진밥도 안좋아함 조금 설익은게좋음 밥을 굳이 먹는다면 콩잔뜩들어간 죄수잡곡밥이좋음 그리고 과일은 신거 좋아하고 개같이 구멍뻥뻥뚫린 무농약채소는 별로안좋아함 차라리 농약팍팍 노구멍채소가나음 채소는그럼 계란이나 고기먹을때 동물복지에 신경쓴 그런곳에서 나온거 먹고싶음 왜냐면 가끔씩 마음이 불편함 근데 병신같은 생선새끼들은 어떻게다루든 상관없음 생선은 그냥 아무렇게나 죽여도됨 생선한테는 감정이없으니까 근데 그렇다고해서 내가 키우는 생선 쳐먹거나 그러진않을거임 생선한테는 감정이없어도 내가 그 생선한테 감정이 있으니까 34.상에 먹을게없는데(씨발 말그대로 먹을게없는데) 괜히 더먹어라고 말해서 내가 마음에도없는소리(괜찮아) 말하게하면안됨 35.과하게 불쌍한척하면 안됨 36.밤이나 견과류 들어간 빵 싫어해야함 37.내 생각 조종하려고하면 안됨 가스라이팅하지말란소리임 38.모순을 받아들일줄 알아야함 더러운방식으로 말고 현명한 방식으로 더러운방식이뭐냐면 좆같은짓저질러놓고 사람은원래모순적이야 이지랄하면서 스스로자기잘못쉴드칠때만받아들이는이딴거면안됨 39.모든것들을 여러면에서 바라볼줄알아야함 40.내가 존경하고 우러러볼수있는 면모를 하나쯤은 가지고있어야함 41.화성테라포밍에대한 확신을 가지고있어야함 42.파충류나 곤충키우면안됨 43.사물이나 지칭할때 이 아이는~ 이지랄떨면안됨 44.꿨던 꿈 이야기하는거 좋아해야함 45.일본 추리미스터리스릴러소설 좋아하면안됨 46.자기개발서 읽으면안됨 근데 고전반열에드는 몇몇책들은 괜찮음 47.사람이많은곳 싫어해야함 근데 스케이트장 스키장 영화관 놀이공원은 좋아해도됨 48.모르는사람들이랑 뒤섞여있는거 싫어해야함 49.치킨먹을때 나만내버려두고 가면안됨 50.내가 뭐할때 집중안되게 뒤에서 바라보고있거나 멍청한질문하면안됨 51.내가 하라는대로 하면안됨 내 말은 들어줘야하는데 내 말 곧이곧대로 들으면안됨 근데 어쩔땐 곧이곧대로 들어야함 52.나랑 같이 단 둘이서 눈사람 만들어줘야함 세명되는순간 기분좆같아져서 눈사람박살낼지도모름 특히 모르는사람 나는 모르는사람이랑 같이있는거 존나싫어함 근데 눈빛이 마음에드는사람은 괜찮음 근데 그럴확률은 굉장히낮으니까 그냥 눈사람만들때 모르는사람안꼈으면좋겠음 53.이 항목들을 읽으면서 존나많네 혹은 존나주절대네라고 생각하면안됨 그딴생각이들었다? 그럼 그건 니가 개조센징이라는뜻임 이 말에 반발감이든다? 그럼 니가 개씹조센징이라는뜻임 54.대부분의 인간 삶의 대부분이 역할놀이로 구성되어있는걸 스스로 느끼고있어야함 55.닌텐도감성 싫어해야함 근데 포켓몬스터는 좋아해도됨 56.디지몬어드벤처를 본적이있어야하고 모든것이담겨져있는 위대한작품이라고 생각하고있어야함 57.홍상수의 좆같은씨발영화(내가볼땐씨발좆같이과대평가됨) 좋아하는것까지는되는데 찬양하는건안됨 아니다 사실됨 근데 안그랬으면좋겠음 아니다 오히려좋을수도있을것같음 내가싫어하는짓거리할때 가끔 난 그게좋음 근데그냥싫을때도있음 58.좋아하는것보다 싫어하는것이 많은사람이어야함 59.성적 매력이 있어야함 60.개새끼 유모차에 태워다니는 미친년이면 안됨 내가 납득할만한 사정이있거나 개가 늙거나 병들어서 그러는건 됨 61.공무원이면안됨 내가공무원들을싫어함 62.경찰 군인 싫어해야함 63.예체능에 소질이 있어야함 조금있는건안됨 충만해야함 64.길가에 핀 꽃의 아름다움을 볼 줄 알아야함 65.자연스러운 만남을 추구하는 사람이어야함 66.도둑고양이를 길고양이라고 쳐바꿔부르면안됨 닭도리탕을 닭볶음탕이라고 쳐바꿔부르면안됨 불편한감정든다고 어떤단어못쓰게만드는 그런짓거리 싫어해야함 순화되고 검열된언어 사용하면안되고 강요하면안됨 67.표현의자유 억압하려드는 개병신애미뒤진씹조센징씹호로씹창년이면안됨 68.노란색좋아하면안됨 69.중국좋아하면안됨 70.반골기질이 강해야함 71.돌고래싫어하면안됨 72.골반이넓고어깨가넓어야함 73.계속주변정리존나하는스타일에나한테물건정리하고청소하라고시도때도없이잔소리하는인간이면안됨 74.청소할때기계사용하지말고손으로하라고지랄떠는씨발년이면안됨 나는기계안쓰고손으로하면화딱지나고씨발야구빠따로화분다깨부순다음그깨진조각으로내얼굴찍찍그으면서 존나소리지르고싶어짐 75.음악들을때남눈치안보고소리빵빵트는씨발년이어야함 76.콘돔은사탄의계략이라고생각하고있어야함 77.반일교육에세뇌된개돼지면안됨 반일교육에세뇌된게아니라 어떤이유가생겨서스스로싫어하게된거면상관없음 78.할이야기없을때 게임 스포츠 군대이야기하는 씨발년이면안됨 아주아주가끔은됨 나는군대괴담은좋아함 79.또 엉덩이에 관련된 항목 쓰려다가 나 스스로 엉덩이에 집착하고있음을 발견함 이런 나의 엉덩이집착을 이해해야함 나는 엉덩이맞는게좋고 엉덩이때리는게좋고 엉덩이에얼굴파묻는게좋고 엉덩이가큰게좋음 80.내가무슨과일이먹고싶다고말하면구해와야함 81.내가 한 모든 말들을 기억하고있으면 안됨 왜냐면 그럼 내가 마음놓고 아무소리나 못하게됨 적당히 흘려듣고 적당히 까먹어야지 근데 내가하는모든말들을들어줬으면좋겠음 82.감수성이매우풍부해야하고 느낌충만해야함 진짜애미뒤진씨발년마냥 존나과하면과할수록좋음 니스스로그렇게느끼는거말고 내가인정할수있어야함 진짜씨발내가어디가서감수성으로무조건누구한테안진다 이런인간만 이항목에해당되는거임 83.명상하는거좋아해야함 84.장난끼많아야함 85.개좆같은 음모론들 존나잘알고있어야하고 재미있어하고 좋아해야함 그리고 나한테 진짜로그런거믿고있는거아니지? 라고 물어보면안됨 나는진짜로믿고있는데 개씨발년아 86.성교시 내 성기와 성능력에 대해 무한한 찬사와 감탄을 표해야함 87.애미뒤진창놈창년이면안됨 88.나를내버려둬야함 근데내버려두면안됨 89.동물을인간보다사랑해야하고(물론개같이생긴씨발동물들은구두뒷굽으로밟아죽여버려도됨 예를들면 뱀이나 시궁쥐나 비둘기나 치와와) 동물권리보장과권리증진을지지해야함 90.스스로를발가벗겨내보일줄알아야함 하지만 부끄러움을잊어서그러는것이아니라 부끄럽지만발가벗고내보이는것이어야함 91.공연볼때 개씨발 최대한 자기눈이랑 자기귀에담고 최대한으로 느끼려고해야지 카메라로 계속촬영하고있는 씹병신년이면안됨 92.미술관가는거 좋아하는 애미뒤진년이면안됨 93.잎이 커다란 꽃을 무서워해야하고 작은꽃을 좋아해야함 나처럼 94.노래방에서 발라드안불렀으면좋겠음 진짜로 95.탈영해본적있거나 병역거부로감옥다녀온 혹은 그 비스무리한경험이있는사람은 나랑무조건친구될수있음 나는탈영병이세상에서제일아름다워보임 96.나한테 절대로 자기개발서나 애미뒤진 보댕이소설(참신한것없이 왠개씨발련이나와서 감정묘사만주구장창늘어놓는 개씨발씹똥씹쓰레기소설) 선물해주면안됨 그런거읽다보면 너무빡쳐서 피토해버릴것같음 97.호기심천국 98.티비 잘 안봐야하고 연예인들한테 무관심하거나 싫어해야함 99.무식한씨발년이면안됨 무식한짓거리하는건괜찮음 100.내가 잘때 자장가불러줘야함 내가 닥치라고해도 꿋꿋하게불러야함,릴민주 2023.10.18 12:59:04 스크랩 조회 391 추천 3 댓글 11,3,391,2023.10.18 12:59:04,https://gall.dcinside.com/mgallery/board/view/?id=pths&no=6288&page=7
7,6284,[일반],내가진짜로좋아한다고말한브록햄튼있지,내가진짜로좋아한다고말한브록햄튼있지 걔네가실제로활동한건6년남짓이야 여러나쁜일들도겹치고예상치못한일들때문에결국해체됐어 굳이따지고보면나쁜사람도있었고이기적이었던사람도있었지 근데내가그걸진짜팬입장으로서원망스럽게느낄까? 그때그사람만없었다면.. 그때그사건만일어나지않았더라면.. 이렇게생각할까? 아니나는전혀아니야 내가좋아하는건브록햄튼그자체고 그들이걸어온길전부야 실제로그런일들이없었다면내가지금좋아하는브록햄튼은그모습그대로일까? 그건아무도모르는일이겠지 내가무언갈사랑한다고말하는건 그것의모든부분을사랑한다는거야 그들이후회하고괴로워하는부분들이 나한테는없어서는안될그들의사랑스러운모습중에하나라고 난내앞에있는브록햄튼을사랑하고 그뒤에있는그림자까지사랑한다는거야,릴민주 2023.10.17 21:15:58 스크랩 조회 169 추천 0 댓글 4,0,169,2023.10.17 21:15:58,https://gall.dcinside.com/mgallery/board/view/?id=pths&no=6284&page=7
7,6283,[일반],본인이 현역때와 점수차이가 없는 재수/반수생이면 개추,일단 나부터 왜 백분위 라인까지 똑같냐 ㅋㅋㅋ,평붕이 (112.150) 2023.10.12 19:54:36 스크랩 조회 248 추천 2 댓글 2,2,248,2023.10.12 19:54:36,https://gall.dcinside.com/mgallery/board/view/?id=pths&no=6283&page=7
7,6281,[질문],안녕하세요,중3 내신 196정도 되는데 이정도면 기숙사 들어갈수있나요?,평붕이 (211.216) 2023.10.12 01:41:10 스크랩 조회 205 추천 0 댓글 2,0,205,2023.10.12 01:41:10,https://gall.dcinside.com/mgallery/board/view/?id=pths&no=6281&page=7
7,6279,[일반],등교한다,평택고로 등교한다 꼬1추들아,평붕이 (122.32) 2023.10.07 11:13:33 스크랩 조회 432 추천 1 댓글 2,1,432,2023.10.07 11:13:33,https://gall.dcinside.com/mgallery/board/view/?id=pths&no=6279&page=7
7,6276,[일반],엄마 저 지2 반타작 했어요ㅜㅜ,근데 2등급 뭐지다노ㅋㅋ?,솩솩 2023.10.05 02:41:46 스크랩 조회 527 추천 0 댓글 12,0,527,2023.10.05 02:41:46,https://gall.dcinside.com/mgallery/board/view/?id=pths&no=6276&page=7
7,6275,[일반],엄마 저 지구1 40점이에요❗+❗+❗+,근데 4등급머지다노… 충격실화,솩솩 2023.10.05 02:39:29 스크랩 조회 334 추천 0 댓글 0,0,334,2023.10.05 02:39:29,https://gall.dcinside.com/mgallery/board/view/?id=pths&no=6275&page=7
7,6273,[일반],공부하기가 너무 싫어요,공부하기 너무 싫음.. 의욕이 없음 성적은 처참한데 그냥 너므 하기가 싫음,평붕이 (39.117) 2023.10.02 21:14:46 스크랩 조회 211 추천 0 댓글 3,0,211,2023.10.02 21:14:46,https://gall.dcinside.com/mgallery/board/view/?id=pths&no=6273&page=7
7,6261,[일반],본인 중2인데 고등학교 어디갈지 추천좀,내신 194는 나올듯,ㅋㅋ 2023.10.01 11:36:31 스크랩 조회 438 추천 2 댓글 4,2,438,2023.10.01 11:36:31,https://gall.dcinside.com/mgallery/board/view/?id=pths&no=6261&page=7
7,6260,[일반],평고 기숙사 내신 몇이면 감?,ㅇ,ㅋㅋ 2023.10.01 11:17:01 스크랩 조회 825 추천 1 댓글 3,1,825,2023.10.01 11:17:01,https://gall.dcinside.com/mgallery/board/view/?id=pths&no=6260&page=7
7,6257,[일반],내년 반장 공약 핑까점..,1.학급비로 단합대회 명분으로 현금화 가능한 재화 구입후 3명정도 뽑아서 몰빵 2.학습 자료 제공(텔레 피뎊방 링크 공유) 3.페브리즈 구비,평붕이 (124.199) 2023.09.25 21:21:55 스크랩 조회 303 추천 0 댓글 3,0,303,2023.09.25 21:21:55,https://gall.dcinside.com/mgallery/board/view/?id=pths&no=6257&page=7
7,6256,[일반],수능D-57… 우리학교 주면 가냐?,평택의 자랑 대 평 고 개같이 기어간다 개추 아니다 신한고도 써주는 가정학습도 안써주는 학교를 왜가냐 비추,솩솩 2023.09.20 14:41:55 스크랩 조회 475 추천 3 댓글 2,3,475,2023.09.20 14:41:55,https://gall.dcinside.com/mgallery/board/view/?id=pths&no=6256&page=7
7,6250,[일반],맞짱뜰사람,내일 점심시간에 2학년 8반으로 와라,솩솩 2023.09.15 22:18:14 스크랩 조회 360 추천 0 댓글 4,0,360,2023.09.15 22:18:14,https://gall.dcinside.com/mgallery/board/view/?id=pths&no=6250&page=7
7,6246,[일반],몸 좋은 애들 존나 많네 ㅎ,교실에서 조용히 쳐자는 뚱땡이찐따도 뱃살 말랑할거같아서 꼴리공 ㅎㅋ 좀 쳐나대는 날라리 친구도 쎄끈하게 빠져서 꼴리네 남고오길잘한거같당 - dc official App,평붕이 (112.152) 2023.09.10 21:46:38 스크랩 조회 546 추천 0 댓글 3,0,546,2023.09.10 21:46:38,https://gall.dcinside.com/mgallery/board/view/?id=pths&no=6246&page=7
7,6245,[일반],평고 탑 비쥬얼,평고 비쥬얼탑 누구냐,ㅇㅇ (218.55) 2023.09.07 23:19:01 스크랩 조회 525 추천 0 댓글 1,0,525,2023.09.07 23:19:01,https://gall.dcinside.com/mgallery/board/view/?id=pths&no=6245&page=7
7,6244,[일반],낼모레거 9몬데 하루종일메이플만함,ㅜㅜ,솩솩 2023.09.04 00:52:26 스크랩 조회 297 추천 0 댓글 5,0,297,2023.09.04 00:52:26,https://gall.dcinside.com/mgallery/board/view/?id=pths&no=6244&page=7
7,6242,[일반],에구구,,ㅇㅇ (211.178) 2023.08.31 21:42:29 스크랩 조회 216 추천 0 댓글 2,0,216,2023.08.31 21:42:29,https://gall.dcinside.com/mgallery/board/view/?id=pths&no=6242&page=7
7,6239,[일반],주딱어디감,자판기형님 ㅇㄷ,ㅇㅇ (223.62) 2023.08.31 21:35:47 스크랩 조회 167 추천 0 댓글 2,0,167,2023.08.31 21:35:47,https://gall.dcinside.com/mgallery/board/view/?id=pths&no=6239&page=7
7,6238,[일반],내가 다시 주딱먹을까?,개백수새끼라 할거 없는데 - 개백수새끼,평고6학년 2023.08.31 21:35:39 스크랩 조회 188 추천 0 댓글 4,0,188,2023.08.31 21:35:39,https://gall.dcinside.com/mgallery/board/view/?id=pths&no=6238&page=7
7,6236,[질문],평고에 보추 많냐?,ㅇㅇ,ㅇㅇ (223.62) 2023.08.31 21:34:38 스크랩 조회 368 추천 0 댓글 0,0,368,2023.08.31 21:34:38,https://gall.dcinside.com/mgallery/board/view/?id=pths&no=6236&page=7
7,6235,[일반],4년만에 다시 옴 나도 짬 핑까점,밑에는 ㄹㅇ좆됬노ㅋㅋㅋㅋㅋ 어...어? - 개백수새끼,평고6학년 2023.08.31 21:33:21 스크랩 조회 221 추천 0 댓글 3,0,221,2023.08.31 21:33:21,https://gall.dcinside.com/mgallery/board/view/?id=pths&no=6235&page=7
7,6234,[일반],주딱님 갤닉네임 평갤러->평붕이 어떤가요,ㄹㅇ,솩솩 2023.08.29 16:34:33 스크랩 조회 193 추천 0 댓글 4,0,193,2023.08.29 16:34:33,https://gall.dcinside.com/mgallery/board/view/?id=pths&no=6234&page=7
7,6233,[일반],지구과학<~왜안함?,,솩솩 2023.08.28 16:39:20 스크랩 조회 273 추천 0 댓글 4,0,273,2023.08.28 16:39:20,https://gall.dcinside.com/mgallery/board/view/?id=pths&no=6233&page=7
7,6232,[일반],평갤은,현역보다 졸업한 틀딱들이 더 많은거 같애 - dc official App,평갤러 (124.58) 2023.08.26 22:04:34 스크랩 조회 183 추천 0 댓글 1,0,183,2023.08.26 22:04:34,https://gall.dcinside.com/mgallery/board/view/?id=pths&no=6232&page=7
7,6231,[일반],⚠+수시따윈 겁쟁이나 쓰는거라노⚠+,본인이 수시따윈 안쓰는 용맹한 80일의 전사면 개추,솩솩 2023.08.26 18:21:47 스크랩 조회 258 추천 0 댓글 0,0,258,2023.08.26 18:21:47,https://gall.dcinside.com/mgallery/board/view/?id=pths&no=6231&page=7
7,6230,[일반],평택고 수준.jpg,성인지 감수성이 부족하네요????,ㅇㅇ (59.13) 2023.08.25 13:18:14 스크랩 조회 1773 추천 12 댓글 5,12,1773,2023.08.25 13:18:14,https://gall.dcinside.com/mgallery/board/view/?id=pths&no=6230&page=7
7,6229,[질문],간.첩 구함,"학교일로 ㄹㅇ 진지하게 물어볼게 있는데 오픈톡으로 대답 해줄수 있는 사람 구함 2,3학년 평붕이만",평갤러 (112.150) 2023.08.25 00:47:24 스크랩 조회 200 추천 2 댓글 5,2,200,2023.08.25 00:47:24,https://gall.dcinside.com/mgallery/board/view/?id=pths&no=6229&page=7
7,6228,[일반],400일의 전사면 개추,D-400일부터 달린다,솩솩 2023.08.23 08:18:44 스크랩 조회 458 추천 7 댓글 1,7,458,2023.08.23 08:18:44,https://gall.dcinside.com/mgallery/board/view/?id=pths&no=6228&page=7
7,6227,[일반],짬 평가 좀,ㅁㅌㅊ,천원주면키스해주는놈 2023.08.21 18:20:38 스크랩 조회 264 추천 1 댓글 1,1,264,2023.08.21 18:20:38,https://gall.dcinside.com/mgallery/board/view/?id=pths&no=6227&page=7
7,6226,[일반],평택고 3학년 4반,칠판에 르세라핌 포스터 아직 있냐?,ㅇㅇ (223.38) 2023.08.20 12:40:48 스크랩 조회 613 추천 0 댓글 6,0,613,2023.08.20 12:40:48,https://gall.dcinside.com/mgallery/board/view/?id=pths&no=6226&page=7
7,6225,[일반],SMART인재관 이용x 사감 아직 계심?,냉장고 서리낀 곳에다 야스 낙서해놓은 거 나였는데 ㅈㅅ ㅋㅋ,천원주면키스해주는놈 2023.08.20 01:54:21 스크랩 조회 331 추천 1 댓글 1,1,331,2023.08.20 01:54:21,https://gall.dcinside.com/mgallery/board/view/?id=pths&no=6225&page=7
7,6224,[일반],사관학교,합격자 있음?,평갤러 (223.62) 2023.08.16 01:02:17 스크랩 조회 252 추천 0 댓글 1,0,252,2023.08.16 01:02:17,https://gall.dcinside.com/mgallery/board/view/?id=pths&no=6224&page=7
7,6223,[일반],파딱2기들중에 내가 제일 관리 안한듯ㅋㅋㅋ,,솩솩 2023.08.15 03:15:02 스크랩 조회 246 추천 0 댓글 5,0,246,2023.08.15 03:15:02,https://gall.dcinside.com/mgallery/board/view/?id=pths&no=6223&page=7
8,6221,[일반],ㅅ..솔직히 새 주딱이 버거 뿌려야한다고 생각해요...,,dasiima 2023.08.15 00:59:22 스크랩 조회 173 추천 0 댓글 6,0,173,2023.08.15 00:59:22,https://gall.dcinside.com/mgallery/board/view/?id=pths&no=6221&page=8
8,6220,[일반],전주딱님 공지도 내리셨네,잘쓰셧엇는데 남겨두시지ㅜㅜ,솩솩 2023.08.14 19:47:26 스크랩 조회 138 추천 0 댓글 0,0,138,2023.08.14 19:47:26,https://gall.dcinside.com/mgallery/board/view/?id=pths&no=6220&page=8
8,6219,[일반],걍 인생이 망함ㅋㅋㅋ,평마갤 파딱할때만 해도 인생 이정도로 꼬일줄은 몰랐는데 ㅋㅋㅋㅋㅋㅋ 인간관계도 개꼬이고 ㅋㅋㅋㅋ 공부도 그냥 놔버림ㅋㅋㅋㅋㅋㅋ,솩솩 2023.08.14 19:42:06 스크랩 조회 215 추천 0 댓글 2,0,215,2023.08.14 19:42:06,https://gall.dcinside.com/mgallery/board/view/?id=pths&no=6219&page=8
8,6218,[일반],주딱 주목 ✊+✊+✊+✊+✊+,전술핵 들고 옴 ㄱㄷ,ㅇㅇ (39.7) 2023.08.14 17:28:12 스크랩 조회 138 추천 0 댓글 2,0,138,2023.08.14 17:28:12,https://gall.dcinside.com/mgallery/board/view/?id=pths&no=6218&page=8
8,6217,[일반],새로운 주딱의 탄생 ㄷㄷ,축하드립니다,dasiima 2023.08.14 15:58:58 스크랩 조회 173 추천 1 댓글 4,1,173,2023.08.14 15:58:58,https://gall.dcinside.com/mgallery/board/view/?id=pths&no=6217&page=8
8,6216,[일반],“음.. 저기 평붕쿤!!”,짜장면 한 그릇 어때?? 끄응~❤+ 푸드드ㅡ드드드드득 븃.,솩솩 2023.08.14 07:37:09 스크랩 조회 620 추천 6 댓글 5,6,620,2023.08.14 07:37:09,https://gall.dcinside.com/mgallery/board/view/?id=pths&no=6216&page=8
8,6215,[일반],90일부터 진짜 달릴거면 개추,두번의 실수 는 없다,솩솩 2023.08.14 07:24:06 스크랩 조회 108 추천 0 댓글 0,0,108,2023.08.14 07:24:06,https://gall.dcinside.com/mgallery/board/view/?id=pths&no=6215&page=8
8,6214,[일반],방학동안 이룬거정리,잠자기 신기록 달성(16시간) 메이플 계정 새로파서 라라 248까지 키우고 200렙 4마리만듬 웹툰 매주 70여개 작품 소화중( 재미없는거 몇개 정리함) 밤낮 바뀜 웹소설 하루에 2시간 이상 봄 디씨 하루에 4시간 이상 소화 영어공부 아직 시작도안함 데일리유대종 19권밀림 드릴4유기함 수학 수완 아직도 다 못품ㅋㅋ 국어수완 건들지도않음 실모하나도안품 과탐 한 2주 달리다가 유기함,솩솩 2023.08.14 07:22:36 스크랩 조회 279 추천 1 댓글 8,1,279,2023.08.14 07:22:36,https://gall.dcinside.com/mgallery/board/view/?id=pths&no=6214&page=8
8,6213,[일반],어우 평고갤 너무 오랜만이네여,올해 이런저런 일들이 많아서 평고갤은 신경도 못 썼네여 학교도 옮기고 새로 맡은 업무에 적응하다보니 학기가 훅 지나고 방학때는 또 내내 보충에 상담에 세특 작성에 어휴.. 이런 상태라면 파딱분들께 주딱을 넘기는게 맞다고 봅니다 파딱분들 중 임의로 한 분께 넘길테니 잘 부탁드립니다 그 동안 잘 관리해주셔서 감사해요 앞으로도 잘 관리해주시길 부탁드려요,ㅇㅇ 2023.08.13 22:37:54 스크랩 조회 329 추천 1 댓글 5,1,329,2023.08.13 22:37:54,https://gall.dcinside.com/mgallery/board/view/?id=pths&no=6213&page=8
8,6212,[질문],"정시 성대, 한양대 공부량","성대, 한양대 공대 가려면 공부 얼마마 해야함? 대가리는 그냥 딱 중간정도",평갤러 (39.117) 2023.08.12 20:29:17 스크랩 조회 329 추천 0 댓글 2,0,329,2023.08.12 20:29:17,https://gall.dcinside.com/mgallery/board/view/?id=pths&no=6212&page=8
8,6211,[일반],“이봐 평마갤………하나만 물어보지”,"""나의 글이 쓰여진 이래, 120시간동안 새로운 글이 올라오지 않고 있어······."" ""변화도 없고, 창조도 없어. 하다못해 파괴조차."" ""그 누구도 새로운 글을 쓰지 않는다."" ""유일하게 똥글을 배설하는 나만 빼고 말이지······."" ""근데, 이 상황이 뜻하는 바가 뭐지······?"" ""모두가 침묵한다······."" ""모두가 소통하지 않는다······."" ""모두가 평고에 대한 이야기를 하지 않는다······."" ""혹시······나 빼고 모두 필요한만큼의 글을 쓰도록 설계된 AI라면······?"" ""오직 나만이 실재하며 나를 뺀 모든 것이 허상이라면······?"" ""평택고 갤러리를 개설한 것도 단순히 나를 낚기 위한 미끼였던거라면······?"" ""이런게 아니라면······어떻게 너희가 가상AI 가 아니라고 증명할 수 있지······?"" ""그래······이제야 알겠어······."" ""너흰 노베이스현역인 나를 상대로 사회실험을 하고있었던거야······."" 대답해!!!!!!! 날 이용 해서 알고싶은게 도대체 뭐야!!!",솩솩 2023.08.12 19:16:46 스크랩 조회 755 추천 13 댓글 10,13,755,2023.08.12 19:16:46,https://gall.dcinside.com/mgallery/board/view/?id=pths&no=6211&page=8
8,6209,[일반],100일부터 달릴 치타면 개추,한낱 “경주견”따리들은 순식간에 추월할 100일의 치타면 개추 ㅋㅋㅋㅋㅋ,솩솩 2023.08.07 01:04:10 스크랩 조회 378 추천 6 댓글 6,6,378,2023.08.07 01:04:10,https://gall.dcinside.com/mgallery/board/view/?id=pths&no=6209&page=8
8,6208,[일반],평붕이 드디어 여자랑 디엠했다,저 이후 연락이 없다.,ㅇㅇ (39.117) 2023.08.04 12:29:10 스크랩 조회 515 추천 1 댓글 5,1,515,2023.08.04 12:29:10,https://gall.dcinside.com/mgallery/board/view/?id=pths&no=6208&page=8
8,6200,[일반],평고 졸업생인데 나때 쌤들 다 바뀌었겠지?,93년생 졸업생임,ㅇㅇ (106.102) 2023.07.08 16:49:59 스크랩 조회 589 추천 0 댓글 2,0,589,2023.07.08 16:49:59,https://gall.dcinside.com/mgallery/board/view/?id=pths&no=6200&page=8
8,6199,[일반],선택과목 인공지능기초,3학년 선택과목 중에서 인공지능기초 절대평가예요? 아니묜 상대평가예요?,ㅇㅇㅇㅇ (183.100) 2023.07.08 01:12:14 스크랩 조회 429 추천 0 댓글 1,0,429,2023.07.08 01:12:14,https://gall.dcinside.com/mgallery/board/view/?id=pths&no=6199&page=8
8,6198,[일반],놀러오면 맛난거 사줄게,어딘지는 비밀이야 비전동임,dasiima 2023.07.03 23:55:41 스크랩 조회 441 추천 1 댓글 12,1,441,2023.07.03 23:55:41,https://gall.dcinside.com/mgallery/board/view/?id=pths&no=6198&page=8
8,6197,[일반],고세구,- dc official App,ㅇㅇ (211.36) 2023.07.03 18:00:26 스크랩 조회 669 추천 7 댓글 10,7,669,2023.07.03 18:00:26,https://gall.dcinside.com/mgallery/board/view/?id=pths&no=6197&page=8
8,6196,[일반],평고 졸업생인데 맨날 여기 파딱중,주딱이 갤 안오는거같아서 먹을까 생각중,올매 2023.07.02 18:34:46 스크랩 조회 434 추천 1 댓글 3,1,434,2023.07.02 18:34:46,https://gall.dcinside.com/mgallery/board/view/?id=pths&no=6196&page=8
8,6195,[일반],평고 졸업생인데 맨날 여기 눈팅중,9라임. - dc official App,솩솩 2023.07.02 14:46:40 스크랩 조회 200 추천 1 댓글 0,1,200,2023.07.02 14:46:40,https://gall.dcinside.com/mgallery/board/view/?id=pths&no=6195&page=8
8,6192,[일반],ㄹㅇ 공부가 다가 아니다,진심임 - dc official App,롱보이A. 2023.06.29 00:11:48 스크랩 조회 385 추천 0 댓글 8,0,385,2023.06.29 00:11:48,https://gall.dcinside.com/mgallery/board/view/?id=pths&no=6192&page=8
8,6191,[일반],아오,https://m.dcinside.com/board/pths/4397 에코 동아리 개호감이네 - 평택고 마이너 갤러리 쌤 예쁘시고 형들 다 잘생김 m.dcinside.com 추억의 에코 - dc official App,솩솩 2023.06.28 22:39:04 스크랩 조회 157 추천 0 댓글 0,0,157,2023.06.28 22:39:04,https://gall.dcinside.com/mgallery/board/view/?id=pths&no=6191&page=8
8,6190,[일반],지금 셤기간이구나,언제 끝나냐,dasiima 2023.06.28 15:44:54 스크랩 조회 203 추천 0 댓글 2,0,203,2023.06.28 15:44:54,https://gall.dcinside.com/mgallery/board/view/?id=pths&no=6190&page=8
8,6189,[일반],"본인이 지금 ""2학기때 잘하면되지"" 인 1학년이면 개추 ㅋㅋㅋ",- dc official App,개추미애 2023.06.28 14:55:10 스크랩 조회 361 추천 6 댓글 0,6,361,2023.06.28 14:55:10,https://gall.dcinside.com/mgallery/board/view/?id=pths&no=6189&page=8
8,6188,[일반],평고 돌아가고싶네 ㅋㅋ,몇년전이냐..,ㅇㅇ (45.112) 2023.06.28 05:53:30 스크랩 조회 263 추천 0 댓글 1,0,263,2023.06.28 05:53:30,https://gall.dcinside.com/mgallery/board/view/?id=pths&no=6188&page=8
8,6187,[일반],한문 90점이면 1등급 가능이냐..,하 씨발 한문 수행 지필 90점이면 1등급 가능이냐...................,ㄴ (183.100) 2023.06.28 03:01:14 스크랩 조회 324 추천 1 댓글 1,1,324,2023.06.28 03:01:14,https://gall.dcinside.com/mgallery/board/view/?id=pths&no=6187&page=8
8,6186,[일반],이게벌써 2년전,WoW다노 - dc official App,솩솩 2023.06.27 18:37:19 스크랩 조회 300 추천 0 댓글 5,0,300,2023.06.27 18:37:19,https://gall.dcinside.com/mgallery/board/view/?id=pths&no=6186&page=8
8,6185,[일반],심심하농,ㅠㅠ,dasiima 2023.06.27 04:47:15 스크랩 조회 120 추천 0 댓글 2,0,120,2023.06.27 04:47:15,https://gall.dcinside.com/mgallery/board/view/?id=pths&no=6185&page=8
8,6184,[일반],ㅋ,"'4세대 나이스' 오류 속출…다른 학교 시험 정답까지 유출(종합) - https://v.daum.net/v/20230623150509687 '4세대 나이스' 오류 속출…다른 학교 시험 정답까지 유출(종합) (서울·세종=연합뉴스) 김수현 서혜림 기자 = 학교 등 교육기관에서 쓰는 교육행정 정보 시스템인 4세대 나이스(NEIS)가 개통 첫날부터 접속 오류가 발견돼 논란이 된 가운데, 다른 학교의 시험 정답까지 인쇄되는 오류가 발생해 현장의 불만이 커지고 있다. 23일 교육계에 따르면 서울시교육청, 경기도교육청 등 시도교육청에서는 각 학교에 시험문제 유출에 대비, v.daum.net",oo (112.150) 2023.06.25 02:22:52 스크랩 조회 144 추천 0 댓글 0,0,144,2023.06.25 02:22:52,https://gall.dcinside.com/mgallery/board/view/?id=pths&no=6184&page=8
8,6183,[일반],아오 고닉하나 새로팠는데,일주일만에 글1000개 댓글3000개네 - dc official App,솩솩 2023.06.24 00:11:27 스크랩 조회 198 추천 0 댓글 4,0,198,2023.06.24 00:11:27,https://gall.dcinside.com/mgallery/board/view/?id=pths&no=6183&page=8
8,6182,[일반],안녕.,틀딱임.,ㅇㅇ (163.152) 2023.06.23 17:26:16 스크랩 조회 170 추천 0 댓글 6,0,170,2023.06.23 17:26:16,https://gall.dcinside.com/mgallery/board/view/?id=pths&no=6182&page=8
8,6181,[일반],종강시즌 되니까,틀딱들 슬슬 보이네,어두운파인애플 2023.06.23 15:43:42 스크랩 조회 190 추천 1 댓글 3,1,190,2023.06.23 15:43:42,https://gall.dcinside.com/mgallery/board/view/?id=pths&no=6181&page=8
8,6180,[일반],주딱 먹어볼까?,ㄱㄱ혓?,dasiima 2023.06.23 13:05:20 스크랩 조회 171 추천 0 댓글 4,0,171,2023.06.23 13:05:20,https://gall.dcinside.com/mgallery/board/view/?id=pths&no=6180&page=8
8,6178,[일반],평고에 미모의 수학쌤이 있다는데 사실임?,친구한테 들었는데 수학 기간제 교사 ㅁㅇㅈ쌤(이 분은 지금도 계시는지는 모름)이랑 또 다른 수학쌤이 되게 미인이시라던데 사실인가요?,ㅇㅇ (39.7) 2023.06.22 00:35:02 스크랩 조회 811 추천 4 댓글 9,4,811,2023.06.22 00:35:02,https://gall.dcinside.com/mgallery/board/view/?id=pths&no=6178&page=8
8,6176,[일반],초딩도아니고 디시에서 학우저격을하냐,쯧쯧 - dc official App,솩솩 2023.06.20 23:22:59 스크랩 조회 297 추천 0 댓글 2,0,297,2023.06.20 23:22:59,https://gall.dcinside.com/mgallery/board/view/?id=pths&no=6176&page=8
8,6175,[일반],“평붕씨 혹시 여기있던 내 똥 못봤어?”,못봤는데요 - dc official App,솩솩 2023.06.20 23:21:08 스크랩 조회 554 추천 11 댓글 1,11,554,2023.06.20 23:21:08,https://gall.dcinside.com/mgallery/board/view/?id=pths&no=6175&page=8
8,6173,[일반],경기도는 내신 석차 상위 30퍼면 내신 몇점이냐?,내 사촌동생 중딩인데 경기도 살거든 얘 집은 안산인데 삼촌이 평택 쪽에서 일하셔서 학교 평택으로도 알아봐야 될 것 같은데 그나마 우리 집에서 이런 거 알 만 한 사람이 나밖에 없음(사촌동생 하나는 아직 열살이고 난 외동) 충청남도는 내신 석차 30퍼면 200점 만점에 150점대 후반이었는데 경기도는 몇 점임? 200점 만점인 건 똑같은데 충남이랑은 내신 산출방식이 다른 것 같던데 - dc official App,ㅇㅇ (223.62) 2023.06.20 20:02:17 스크랩 조회 389 추천 0 댓글 2,0,389,2023.06.20 20:02:17,https://gall.dcinside.com/mgallery/board/view/?id=pths&no=6173&page=8
8,6171,[일반],반년만이농ㅋㅋ,안무너지냐 여기,dasiima 2023.06.20 18:26:54 스크랩 조회 190 추천 0 댓글 6,0,190,2023.06.20 18:26:54,https://gall.dcinside.com/mgallery/board/view/?id=pths&no=6171&page=8
8,6170,[일반],평고 투과목 선생들 죄다 머리에 오함마 찍힘?,왜 어렵게 낸다고 계속 가스라이팅 하냐 불안하게 ;; - dc official App,ㅇㅇ (59.13) 2023.06.20 10:47:33 스크랩 조회 441 추천 0 댓글 3,0,441,2023.06.20 10:47:33,https://gall.dcinside.com/mgallery/board/view/?id=pths&no=6170&page=8
8,6167,[일반],평고는 자퇴 많이함?,ㅇㅇ,ㅇㅇ (14.38) 2023.06.18 18:50:07 스크랩 조회 411 추천 0 댓글 0,0,411,2023.06.18 18:50:07,https://gall.dcinside.com/mgallery/board/view/?id=pths&no=6167&page=8
8,6165,[일반],디시니까 조금 슬며시 말하는데 게이 있?...,남고 오면 개꼴릴줄 알았는데 그런 시츄는 없더라 ㅋㅋㅋ 다 내 망상이였음... 니네 학교에서 꼴리는 상황이라던가 없었냐 텔레로 얘기 가눙?? 아이디 남겨주셈 학교 아이피로 글쓸려다가 그냥 집와서 글 씀 학교 아이피는 먼가 불안함 ㅋㅋㅋ,ㅇㅇ (211.36) 2023.06.16 01:09:52 스크랩 조회 395 추천 1 댓글 9,1,395,2023.06.16 01:09:52,https://gall.dcinside.com/mgallery/board/view/?id=pths&no=6165&page=8
8,6164,[일반],설마 여기 찢재명 지지하는 1찍남들 잇음?,- dc official App,ㅇㅇ (223.39) 2023.06.13 00:44:30 스크랩 조회 159 추천 0 댓글 0,0,159,2023.06.13 00:44:30,https://gall.dcinside.com/mgallery/board/view/?id=pths&no=6164&page=8
8,6162,[일반],재수<~이3끼 필수인거같으면 개추,설의 무한n수가 답이다 - dc official App,솩솩 2023.06.11 14:36:55 스크랩 조회 409 추천 10 댓글 1,10,409,2023.06.11 14:36:55,https://gall.dcinside.com/mgallery/board/view/?id=pths&no=6162&page=8
8,6161,[일반],과탐실 몇점부터 a임?,그리거 과탐실 a만 되면 만점이나 a턱걸이나 내신에 똑같이 들어가는거 맞지?,ㅇㅇ (183.100) 2023.06.11 03:45:00 스크랩 조회 738 추천 0 댓글 4,0,738,2023.06.11 03:45:00,https://gall.dcinside.com/mgallery/board/view/?id=pths&no=6161&page=8
8,6160,[일반],평택고 명성과 근본 잃은 것 같은 69회 이하 틀딱이면 개추 ㅋㅋㅋㅋ,일단 나부터 ㅋㅋㅋ - dc official App,허셜 2023.06.09 23:49:32 스크랩 조회 773 추천 36 댓글 3,36,773,2023.06.09 23:49:32,https://gall.dcinside.com/mgallery/board/view/?id=pths&no=6160&page=8
8,6158,[일반],본인 현 비전고3인데 ㅋㅋㅋㅋㅋ,자습시간에 한반 30명 기준 10명 쳐자고 12~13명 아이패드로 유튜브나 넷플 쳐보고 공부하는 새끼들은 5명도 안되는 듯 ㅋㅋㅋㅋㅋㅋ 아 참고로 이번 6평 수학 1등급 한명도 없다 ㅋㅋㅋㅋㅋㅋㅋㅋㅋㅋㅋㅋㅋㅋㅋㅋㅋ - dc official App,ㅇㅇ (211.251) 2023.06.04 20:52:11 스크랩 조회 806 추천 1 댓글 1,1,806,2023.06.04 20:52:11,https://gall.dcinside.com/mgallery/board/view/?id=pths&no=6158&page=8
8,6157,[일반],평택고 친구들아 재수하지마  6평보고 1년 더하면 됌 ㅋㅋ 이런 생각하지,? 그냥 나대지말고 하지말라면 하지 마 너네마인드면 재수 절대 성공 못 해 재수는 수능 전날까지 부랄털 잡아뜯어가며 공부하다가 순순히 실수로 미끄러졌을 때 혹은 니가 여태까지 공부를 한 시점에서 공부하기로 마음먹고 치타마냥 하루도 헛되이 보내지 않고 달렸을 때 순수하게 물리적인 공부량을 극복 못했을 때 하는거야 그러니깐 깝치지 말고 6평 못보고 재수드립치지 말고 9평 전까지 개같이 열심히 하렴 ㅇㅋ? - dc official App,ㅇㅇ (211.234) 2023.06.02 21:27:28 스크랩 조회 783 추천 17 댓글 0,17,783,2023.06.02 21:27:28,https://gall.dcinside.com/mgallery/board/view/?id=pths&no=6157&page=8
8,6155,[일반],본인이 오늘 시험보러가는 졸업생이면 개추,시발,어두운파인애플 2023.06.01 07:30:07 스크랩 조회 224 추천 2 댓글 1,2,224,2023.06.01 07:30:07,https://gall.dcinside.com/mgallery/board/view/?id=pths&no=6155&page=8
8,6152,[일반],내일 6월 1일 모고날 올라올 글 예측한다,게이들@@@@@@@@@@@@@ 화작 70점인데 아슬아슬하게 1등급 될 수 있는거 아니노!!!! 그래도 내가 명문 평.택.고 다니는데 의대정도는 가줘야 하지 않겠노?!?!?! ( 야갤을 켜며 ),ㅇㅇ (59.13) 2023.05.31 14:43:53 스크랩 조회 265 추천 0 댓글 2,0,265,2023.05.31 14:43:53,https://gall.dcinside.com/mgallery/board/view/?id=pths&no=6152&page=8
8,6149,[일반],아니 평고 ip달고 이상한 글싸지르지마라,그만해라,ㅇㅇ (59.13) 2023.05.31 14:36:23 스크랩 조회 249 추천 0 댓글 2,0,249,2023.05.31 14:36:23,https://gall.dcinside.com/mgallery/board/view/?id=pths&no=6149&page=8
8,6145,[일반],나 졸업한 학교들 ㅁㅌㅊ냐?,문기초 공도중 한광고 강동대 졸업했다 지금은 사무직으로 일하는중 - dc official App,ㅇㅇ (106.102) 2023.05.27 21:14:12 스크랩 조회 407 추천 0 댓글 4,0,407,2023.05.27 21:14:12,https://gall.dcinside.com/mgallery/board/view/?id=pths&no=6145&page=8
9,6144,[일반],평고 의대 몇명보내냐,- dc official App,ㅇㅇ (223.62) 2023.05.26 19:57:24 스크랩 조회 536 추천 0 댓글 1,0,536,2023.05.26 19:57:24,https://gall.dcinside.com/mgallery/board/view/?id=pths&no=6144&page=9
9,6143,[일반],로켓 개나소나 다 쏠 수 있는거 아니냐,KSP나 하러가야지,ㅇㅇ (183.100) 2023.05.25 18:26:20 스크랩 조회 171 추천 0 댓글 1,0,171,2023.05.25 18:26:20,https://gall.dcinside.com/mgallery/board/view/?id=pths&no=6143&page=9
9,6142,[일반],선생 폭행,"https://n.news.naver.com/mnews/article/002/0002287066?sid=102 [단독] 평택서 학생에 폭행 당한 교사, '전치 12주' 입원 치료 중 학교 측, 폭행사건 발생 5일 지나도록 교육청 신고 안해… ""보고할 사안 아니라고 판단"" 경기 평택시의 한 고등학교에서 학생에 의한 교사 폭행사건이 발생한 사실이 뒤늦게 확인됐다. 특히 해당 학교는 폭행사건이 발생한 n.news.naver.com 이거 어느 학교냐?",oo (115.92) 2023.05.25 01:28:26 스크랩 조회 749 추천 0 댓글 6,0,749,2023.05.25 01:28:26,https://gall.dcinside.com/mgallery/board/view/?id=pths&no=6142&page=9
9,6141,[일반],유우카가 여친인 평붕이는 개추ㅋㅋㅋ,솔직히 여신임...,ㅇㅇ (211.36) 2023.05.24 20:51:47 스크랩 조회 503 추천 10 댓글 2,10,503,2023.05.24 20:51:47,https://gall.dcinside.com/mgallery/board/view/?id=pths&no=6141&page=9
9,6138,[일반],평고의 비쥬얼 탑을 찾는다,ㅇㅇ,ㅇㅇ (117.111) 2023.05.20 23:37:30 스크랩 조회 548 추천 2 댓글 3,2,548,2023.05.20 23:37:30,https://gall.dcinside.com/mgallery/board/view/?id=pths&no=6138&page=9
9,6137,[일반],평고 쌤들 어때,평고 쌤들 어떰,ㅇㅇ (211.234) 2023.05.19 14:04:32 스크랩 조회 655 추천 0 댓글 5,0,655,2023.05.19 14:04:32,https://gall.dcinside.com/mgallery/board/view/?id=pths&no=6137&page=9
9,6136,[질문],이 사람은 어떻게 선생일까?,(진짜 모름),ㅇㅇ (113.60) 2023.05.17 00:55:50 스크랩 조회 1170 추천 7 댓글 3,7,1170,2023.05.17 00:55:50,https://gall.dcinside.com/mgallery/board/view/?id=pths&no=6136&page=9
9,6131,[일반],고등학교때로 돌아가고 싶다.,"근데 야자는 안 할란다 고삼때 기억이 다시는 하고싶지 않은 끔찍한 기억인데 돌아보면 그렇게까지 해야 했을 이유가 있었나 싶다. 그때로 돌아간다면 공부는 열심히 하지만 야자도 안 하고 기숙사도 안 들어가고 조금만 더 행복하게 살래. 그 때 기억이랑 그 때 만들어진 지금의 내 모습이 대학 온 지금까지도 나를 너무 힘들고 지치게 만들어… 근데 이럼에도 불구하고 돌아가고 싶은 이유가 지금 와서 미래는 고딩때보다 더 많이 걱정되고 수능공부는 좋은학교 오는데 성공했음에도 위에서 말한 고딩때의 기억 때문에 만족하질 못해서 똑같이 다시 하고 있고 학과랑 교양 공부 추가에 돈은 고딩때의 네배 다섯배 깨져서 돈걱정까지 생겼다. 집에서 멀리 떨어지니까 우리 집도 그립고 ㅈ같았어서 다시는 안 찾아갈 줄 알았던 평고도 그리워지네 ㅋㅋㅋㅋ 단 하나 좋아진건 여자랑 말하는 법도 모르는 개찐따였던 내가 대학 오자마자 거짓말처럼 성별 안 가리고 좋은 친구들이 여럿 생겨서 나름 인싸 체험하고 있는 정도? 친구들, 선배들이랑 맨날 술쳐마시고 놀러다니면서 산다는 것 정도임 ㅇㅇ 이것도 근데 찐따였던 태생적 한계때문에 슬슬 힘들어진다 ㅠ 체력이 딸리고 돈도 부족하고 밤새서 달리다보면 현타도 오고 울적해짐 시발 모르겄다 니들은 나처럼 살지 마라",ㅇㅇ (118.221) 2023.05.10 01:26:47 스크랩 조회 445 추천 2 댓글 2,2,445,2023.05.10 01:26:47,https://gall.dcinside.com/mgallery/board/view/?id=pths&no=6131&page=9
9,6130,[일반],와 진짜 ㄷㄷ,,엄 (59.13) 2023.05.09 10:23:32 스크랩 조회 495 추천 0 댓글 4,0,495,2023.05.09 10:23:32,https://gall.dcinside.com/mgallery/board/view/?id=pths&no=6130&page=9
9,6129,[일반],나만 3학년 이땡모 호감이냐??,근데 마스크 벗은거 빼고 ㅋㅋㅋ,ㄴㄴ (49.173) 2023.05.06 22:54:25 스크랩 조회 516 추천 3 댓글 0,3,516,2023.05.06 22:54:25,https://gall.dcinside.com/mgallery/board/view/?id=pths&no=6129&page=9
9,6128,[일반],다음 1학년이 두려운 이유,비평준화 되면 결국 평고도 개같이 멸망,응우옌 평고 (112.149) 2023.05.06 22:38:09 스크랩 조회 642 추천 1 댓글 3,1,642,2023.05.06 22:38:09,https://gall.dcinside.com/mgallery/board/view/?id=pths&no=6128&page=9
9,6127,[일반],평고 1학년 국룰),첫 중간 보고나면 교실 분위기 ㅈㄴ달라짐.,천원주면키스해주는놈 2023.05.05 11:54:39 스크랩 조회 559 추천 1 댓글 1,1,559,2023.05.05 11:54:39,https://gall.dcinside.com/mgallery/board/view/?id=pths&no=6127&page=9
9,6126,[일반],내 짬 평가 좀요 ㅋㅋ,ㅅㅂ,천원주면키스해주는놈 2023.05.04 20:58:10 스크랩 조회 923 추천 14 댓글 6,14,923,2023.05.04 20:58:10,https://gall.dcinside.com/mgallery/board/view/?id=pths&no=6126&page=9
9,6124,[일반],오산에 있는 와이솔 지원하자,오산서 넘버원,ㄹ (175.223) 2023.05.04 14:11:55 스크랩 조회 271 추천 0 댓글 0,0,271,2023.05.04 14:11:55,https://gall.dcinside.com/mgallery/board/view/?id=pths&no=6124&page=9
9,6123,[일반],오 뭐임 요즘 사람 많네 ㅋㅋ,뉴스도 나오고 신기,천원주면키스해주는놈 2023.05.04 10:46:36 스크랩 조회 218 추천 0 댓글 0,0,218,2023.05.04 10:46:36,https://gall.dcinside.com/mgallery/board/view/?id=pths&no=6123&page=9
9,6120,[일반],싸우지마ㅜㅜ,둘이 현목하고 인증 ㄱㄱ,솩솩 2023.05.04 00:44:51 스크랩 조회 244 추천 0 댓글 0,0,244,2023.05.04 00:44:51,https://gall.dcinside.com/mgallery/board/view/?id=pths&no=6120&page=9
9,6118,[일반],평고05빡통설은,작년 고2 11학평 111위를 거두며 사실이 아님이 밝혀졌삼ㅋㅋ,솩솩 2023.05.03 16:21:39 스크랩 조회 967 추천 9 댓글 0,9,967,2023.05.03 16:21:39,https://gall.dcinside.com/mgallery/board/view/?id=pths&no=6118&page=9
9,6117,[일반],호감고닉 dasiima님 생신축하드립니다,옛날글들 보고잇는대 생일오늘이시내,솩솩 2023.05.03 00:55:39 스크랩 조회 265 추천 4 댓글 2,4,265,2023.05.03 00:55:39,https://gall.dcinside.com/mgallery/board/view/?id=pths&no=6117&page=9
9,6114,[일반],졸업생인데,내가 너네였으면 1학년때부터 수시 버리고 정시 올인한다,ㅇㅇ (211.36) 2023.04.29 11:26:19 스크랩 조회 313 추천 1 댓글 1,1,313,2023.04.29 11:26:19,https://gall.dcinside.com/mgallery/board/view/?id=pths&no=6114&page=9
9,6113,[일반],2학년 1학기 중간 망해도 되는 이유,이미 1학년 때 다 망쳐서 (강제)정시,ㅇㅇ (59.8) 2023.04.28 19:14:53 스크랩 조회 521 추천 5 댓글 1,5,521,2023.04.28 19:14:53,https://gall.dcinside.com/mgallery/board/view/?id=pths&no=6113&page=9
9,6111,[일반],이러나저러나 시험 끝나서 좋으면 개추 ㅋㅋㅋㅋ,ㅇㄷㄴㅂㅌ ㅋㅋㅋㅋ,ㅇㅇ (221.147) 2023.04.28 13:13:17 스크랩 조회 190 추천 3 댓글 1,3,190,2023.04.28 13:13:17,https://gall.dcinside.com/mgallery/board/view/?id=pths&no=6111&page=9
9,6110,[일반],1학년 1학기 중간 망해도 되는 이유,열심히 하면 2학기부터 1등급 따기 가능함 보닌 1-1 3등급 1-2 1등급 수1 2등급 수2 1등급 미적 1등급 수시 버리지 마라 1학년 게이들아 화이팅 ! - dc official App,ㅇㅇ (119.69) 2023.04.27 22:36:46 스크랩 조회 376 추천 2 댓글 1,2,376,2023.04.27 22:36:46,https://gall.dcinside.com/mgallery/board/view/?id=pths&no=6110&page=9
9,6109,[일반],수학중간 좆망했으면 개추,하.. - dc official App,대깨예 2023.04.27 14:21:51 스크랩 조회 312 추천 3 댓글 2,3,312,2023.04.27 14:21:51,https://gall.dcinside.com/mgallery/board/view/?id=pths&no=6109&page=9
9,6108,[일반],1학년 1학기 수학 중간고사는,대대로 내려져오는 어려운 시험,ㅇㅇ (223.38) 2023.04.27 12:51:10 스크랩 조회 287 추천 0 댓글 2,0,287,2023.04.27 12:51:10,https://gall.dcinside.com/mgallery/board/view/?id=pths&no=6108&page=9
9,6107,[일반],2학년 학폭했던 친구야 이거 봐봐,"2025학년도 대입 수능 위주 전형에서 건국대, 고려대, 서울대, 서울시립대, 한양대 등 21개교가 학폭 조치를 반영  2023학년도 대비 16개교 추가 학생부 종합의 경우 서울 주요 대학 16개교 모두 포함 112개교가 학폭 반영 체육특기자인 경우 전국 모든 대학에서 학폭 반영 니 대학못가 - dc official App",ㅇㅇ (211.36) 2023.04.26 12:46:24 스크랩 조회 1129 추천 11 댓글 7,11,1129,2023.04.26 12:46:24,https://gall.dcinside.com/mgallery/board/view/?id=pths&no=6107&page=9
9,6105,[일반],본인이 화장실에서 몰폰하고 있는 평붕이면 개추 ㅋㅋㅋ,ㅇㄷㄴㅂㅌ,ㅇㅇ (39.7) 2023.04.26 09:48:20 스크랩 조회 254 추천 1 댓글 1,1,254,2023.04.26 09:48:20,https://gall.dcinside.com/mgallery/board/view/?id=pths&no=6105&page=9
9,6104,[일반],어차피 ㅋㅋㅋ,어차피 수시 쓰려고 온거 아니잖음 일주일 단축 개꿀,ㅇㅇ (218.147) 2023.04.25 16:20:05 스크랩 조회 220 추천 2 댓글 1,2,220,2023.04.25 16:20:05,https://gall.dcinside.com/mgallery/board/view/?id=pths&no=6104&page=9
9,6103,[일반],시험날도 야자함?,ㅈㄱㄴ,ㅇㅇ (59.8) 2023.04.24 02:29:26 스크랩 조회 331 추천 0 댓글 3,0,331,2023.04.24 02:29:26,https://gall.dcinside.com/mgallery/board/view/?id=pths&no=6103&page=9
9,6102,[일반],솔직히 쉬는시간에 나가서 공차는거 해봤으면 개추 ㅋㅋ,ㅇㄷㄴㅂㅌㅋㅋㅋㅋ - dc official App,ㅇㅇ (39.117) 2023.04.24 02:23:09 스크랩 조회 547 추천 16 댓글 2,16,547,2023.04.24 02:23:09,https://gall.dcinside.com/mgallery/board/view/?id=pths&no=6102&page=9
9,6100,[일반],시험공부 끝냈다,시작이 반이다 + 가만히 있으면 반이라도 간다 방금 끝냄 ㅅㄱ,ㅇㅇ (183.100) 2023.04.21 20:35:22 스크랩 조회 224 추천 0 댓글 1,0,224,2023.04.21 20:35:22,https://gall.dcinside.com/mgallery/board/view/?id=pths&no=6100&page=9
9,6098,[일반],니넨 분리수거도 못하냐,운동장에 캔 막 버리고 아이스크림 비닐 막대 버리고 초등학교도 안나온거 같은데 고등학교는 어떻게 왔냐 - dc official App,ㅇㅇ (125.178) 2023.04.20 02:32:44 스크랩 조회 287 추천 4 댓글 1,4,287,2023.04.20 02:32:44,https://gall.dcinside.com/mgallery/board/view/?id=pths&no=6098&page=9
9,6097,[일반],1학년들 쉬는시간마다 나가서 공차는거 안 쳐하면 안되냐,시험기간인데 정신못차려? 아니 뭐 정신못차렸다고 쳐 존나 이해해서 그리고 쉬는시간마다 나가 놀 수 있어 ㅇㅇ 근데 종례끝나고 방과후 자습전에 쳐 나가서 노는거랑 야자 쉬는시간에 나가서 공차고 쳐 노는거는 뭐하는거냐? ㅋㅋ 조용히 하는것도 아니고 교실에 소리 다들림 걍 쉬는시간 10분 교실에 있으면 안되나?,ㅇㅇ (14.34) 2023.04.20 00:52:51 스크랩 조회 935 추천 8 댓글 10,8,935,2023.04.20 00:52:51,https://gall.dcinside.com/mgallery/board/view/?id=pths&no=6097&page=9
9,6095,[일반],페르마실에서 민트색 버즈 주운사람,제발..,ㅇㅇ (104.28) 2023.04.17 18:40:08 스크랩 조회 253 추천 0 댓글 1,0,253,2023.04.17 18:40:08,https://gall.dcinside.com/mgallery/board/view/?id=pths&no=6095&page=9
9,6094,[일반],나보다 먼데서 통학하는 사람있냐?,안성 양성면에서 통학함 8번 버스타고 기숙사 안들어가는 이유 : 단체 생활 ㅈ같음,ㅇㅇ (219.250) 2023.04.16 23:19:22 스크랩 조회 375 추천 0 댓글 2,0,375,2023.04.16 23:19:22,https://gall.dcinside.com/mgallery/board/view/?id=pths&no=6094&page=9
9,6093,[일반],이거 평고임?ㅋㅋㅋㅋㅋ,"https://youtu.be/Vh6mKLc-RFI ""멍 빠지면 얘기해""...7개월간 이어진 학폭에 '출석정지 5일' / YTN [앵커]경기 평택시에 있는 고등학교에서 남학생이 같은 반 학생 2명에게 7개월에 걸쳐 학교 폭력을 당했다는 제보가 들어왔습니다.가해 학생들은 피해 학생에게 ""멍이 빠지면 얘기하라""며 반복적으로 폭행했는데, 이들에게 내려진 처분은 '출석정지 5일'에 그쳤습니다.황보혜경 기자가 보도합... youtu.be ㅋㅋㅋㅋㅋㅋㅋㅋㅋㅋㅋㅋㅋㅋㅋㅋㅋ",ㅇㅇ (223.62) 2023.04.16 18:09:07 스크랩 조회 1134 추천 9 댓글 2,9,1134,2023.04.16 18:09:07,https://gall.dcinside.com/mgallery/board/view/?id=pths&no=6093&page=9
9,6092,[일반],평고68인데 학교 왜 이렇게 됐노,ㅋㅋㅋ,ㅇㅇ (118.40) 2023.04.15 19:42:06 스크랩 조회 651 추천 5 댓글 1,5,651,2023.04.15 19:42:06,https://gall.dcinside.com/mgallery/board/view/?id=pths&no=6092&page=9
9,6091,[일반],체육대회 왜 기대가 안될까..,ㅈㄱㄴ,ㅇㅇ (14.34) 2023.04.15 11:18:41 스크랩 조회 287 추천 0 댓글 1,0,287,2023.04.15 11:18:41,https://gall.dcinside.com/mgallery/board/view/?id=pths&no=6091&page=9
9,6088,[일반],그냥 주딱 내가 확 먹어버려?,하극상 함 일으켜 봐? ㅋㅋ,솩솩 2023.04.13 00:37:07 스크랩 조회 416 추천 1 댓글 5,1,416,2023.04.13 00:37:07,https://gall.dcinside.com/mgallery/board/view/?id=pths&no=6088&page=9
9,6087,[일반],질문,영재고 준비하다 정신과의사 되고싶어서 자사고나 태광고나 평택고 갈라는데 어디가 젤 나음?,ㅇㅇ (61.79) 2023.04.11 00:53:27 스크랩 조회 374 추천 0 댓글 3,0,374,2023.04.11 00:53:27,https://gall.dcinside.com/mgallery/board/view/?id=pths&no=6087&page=9
9,6086,[일반],지리쌤 호감이면 개추,대체불가 1타강사면 개추,솩솩 2023.04.10 08:15:24 스크랩 조회 1199 추천 51 댓글 7,51,1199,2023.04.10 08:15:24,https://gall.dcinside.com/mgallery/board/view/?id=pths&no=6086&page=9
9,6085,[일반],2학년 테블릿,ㄱㅂㅅㅂ,섹택고 (59.13) 2023.04.06 13:15:36 스크랩 조회 353 추천 0 댓글 2,0,353,2023.04.06 13:15:36,https://gall.dcinside.com/mgallery/board/view/?id=pths&no=6085&page=9
9,6084,[일반],평택 고딩 칼침 어디고임,ㅇㅇ,ㅇㅇ (119.194) 2023.04.05 14:16:44 스크랩 조회 775 추천 0 댓글 5,0,775,2023.04.05 14:16:44,https://gall.dcinside.com/mgallery/board/view/?id=pths&no=6084&page=9
9,6083,[일반],2학년 테블릿 기원 n일차,ㅅㅂ 좀 되라,병고 (14.35) 2023.04.04 21:57:36 스크랩 조회 279 추천 1 댓글 1,1,279,2023.04.04 21:57:36,https://gall.dcinside.com/mgallery/board/view/?id=pths&no=6083&page=9
9,6082,[일반],1618학원 애들 많이 다님?,알랴줘,ㅇㅇ (1.237) 2023.04.02 10:13:08 스크랩 조회 492 추천 0 댓글 1,0,492,2023.04.02 10:13:08,https://gall.dcinside.com/mgallery/board/view/?id=pths&no=6082&page=9
9,6081,[일반],전교조의 실체,ㆍ,ㅇㅇ (118.235) 2023.04.01 22:05:44 스크랩 조회 450 추천 3 댓글 0,3,450,2023.04.01 22:05:44,https://gall.dcinside.com/mgallery/board/view/?id=pths&no=6081&page=9
9,6080,[일반],밑글 보고 나도함 써본다,"현 2학년이고, 뭐만 하면 ㅈㄹ이다 특히 그 선생은 진짜 복도에서 걸어다녀도 ㅈㄹ 숨만 쉬어도 ㅈㄹ하는 수준이라 봐야함",ㅇㅇ (221.153) 2023.04.01 18:10:31 스크랩 조회 531 추천 3 댓글 2,3,531,2023.04.01 18:10:31,https://gall.dcinside.com/mgallery/board/view/?id=pths&no=6080&page=9
9,6079,[일반],아니 근데,ㄹㅇ 2학년만 못쓰고 1학년은 패드 탭 다 쓰더만 뭐하자는거지,ㅇㅇ (14.34) 2023.04.01 00:12:36 스크랩 조회 579 추천 3 댓글 3,3,579,2023.04.01 00:12:36,https://gall.dcinside.com/mgallery/board/view/?id=pths&no=6079&page=9
9,6078,[일반],시발 난 내 학교가 그래도 명문인줄 알았다,삼년을 갈아넣었다보니까 학교를 사랑하게 될 정도였고 지금도 평고 출신이라는 데에 자부심 있는데 ㅋㅋㅋㅋ 사람새끼냐 학폭하는 새끼들이? 우리 학년에선 싸움도 거의 없고 학폭은 들어본 적도 없어서 먼 얘기인줄 알았더니…정 뚝떨어진다 나쁜 새끼들아 적당히 살다 뒤져라 제발,ㅇㅇ (223.39) 2023.03.31 23:06:00 스크랩 조회 1411 추천 14 댓글 1,14,1411,2023.03.31 23:06:00,https://gall.dcinside.com/mgallery/board/view/?id=pths&no=6078&page=9
9,6077,[일반],평고특,사건사고 아득바득 학교내에서 덮어버리려 함 ㅋㅌ - dc official App,ㅇㅇ (119.69) 2023.03.31 21:44:43 스크랩 조회 1090 추천 25 댓글 0,25,1090,2023.03.31 21:44:43,https://gall.dcinside.com/mgallery/board/view/?id=pths&no=6077&page=9
9,6076,[일반],학폭 ㅇ한 병신년 뒤지면 좋겄다,06들 입학부터 말 많았는데 일 터졌노 ㅋㅋㅋㅋ 교장 오열할 것 같은데 학폭 한새끼는 대체 뭔 생각으로 한거노? 무조건 가해자 잘못일텐데 18살 처먹고 5개월동안 학폭하는 꼬라지보면 어매가 평택역에서 노숙자들한테 돌림빵 당하다 에이즈로 죽고 교육을 못받은거냐 솜방망이 처벌한 새끼도 ㅈㄴ병신같노,duruwar (59.13) 2023.03.31 10:37:17 스크랩 조회 1286 추천 15 댓글 3,15,1286,2023.03.31 10:37:17,https://gall.dcinside.com/mgallery/board/view/?id=pths&no=6076&page=9
10,6075,[일반],충격적인 2학년 실태 ㄷㄷ,학교에서 전자기기르 모두 재출한다? 테블릿도 못쓰다니 너무하다 ㄷㄷ,평고=오줌 (59.13) 2023.03.30 13:55:31 스크랩 조회 1222 추천 5 댓글 2,5,1222,2023.03.30 13:55:31,https://gall.dcinside.com/mgallery/board/view/?id=pths&no=6075&page=10
10,6074,[일반],솔직히 말해서,폰까지 안주더라도 탭이랑 패드 가져가고 에어팟 가져가는건 좀 아니지않냐 뭐 야자때도 2텀만이라도 쓰게해주면 안되냐,ㅇㅇ (59.13) 2023.03.30 13:48:22 스크랩 조회 720 추천 9 댓글 2,9,720,2023.03.30 13:48:22,https://gall.dcinside.com/mgallery/board/view/?id=pths&no=6074&page=10
10,6073,[일반],2학년 인권,왜 2학년만 패드를 못쓰는것이냐!!!!!,평고똥이다 (59.13) 2023.03.30 13:45:44 스크랩 조회 606 추천 6 댓글 1,6,606,2023.03.30 13:45:44,https://gall.dcinside.com/mgallery/board/view/?id=pths&no=6073&page=10
10,6072,[일반],2학년도 패드 쓰게해줘람¡¡¡¡¡¡¡¡¡¡¡,제곧내,평고꼳 (59.13) 2023.03.30 13:42:34 스크랩 조회 319 추천 3 댓글 0,3,319,2023.03.30 13:42:34,https://gall.dcinside.com/mgallery/board/view/?id=pths&no=6072&page=10
10,6071,[일반],올해 졸업한 정시파이터(였던)평붕이다,씨발 니들은 정시 하지마라 주변 친구들 다 ㅈ되고 나도 수능날에 국어는 밀려쓰고 수학은 자빠지고 해서 백분위 90에서 70으로 20 떨궜다…지금 반수 준비중인데 4개월 놀고 나니까 기억이 하나도 안나네 술쳐먹고 공부해서 그런가,ㅇㅇ (118.221) 2023.03.21 00:50:04 스크랩 조회 535 추천 4 댓글 1,4,535,2023.03.21 00:50:04,https://gall.dcinside.com/mgallery/board/view/?id=pths&no=6071&page=10
10,6070,[질문],평고는 수학여행없음?,제목 그대로. 왠지 느낌이 쎄한데 설마 진짜 없는거임?,ㅇㅇ (112.151) 2023.03.19 15:37:40 스크랩 조회 681 추천 0 댓글 6,0,681,2023.03.19 15:37:40,https://gall.dcinside.com/mgallery/board/view/?id=pths&no=6070&page=10
10,6069,[일반],근데 파딱 바꿔야하는거 아니냐,아닌가? 아닌가?,ㅇㅇ (106.101) 2023.03.18 19:54:07 스크랩 조회 291 추천 0 댓글 1,0,291,2023.03.18 19:54:07,https://gall.dcinside.com/mgallery/board/view/?id=pths&no=6069&page=10
10,6068,[일반],오늘 야자 안했냐?,길가에 평고 애들 많이 보이네,ㅇㅇ (175.223) 2023.03.17 16:17:46 스크랩 조회 328 추천 0 댓글 0,0,328,2023.03.17 16:17:46,https://gall.dcinside.com/mgallery/board/view/?id=pths&no=6068&page=10
10,6067,[일반],고2 키 존나작은 가오충 남자애 이름 아는분?,ㅈㄱㄴ,ㅇㅇ (39.7) 2023.03.13 12:28:03 스크랩 조회 1645 추천 5 댓글 15,5,1645,2023.03.13 12:28:03,https://gall.dcinside.com/mgallery/board/view/?id=pths&no=6067&page=10
10,6064,[일반],아니 씨발 버스 지하철라이브빌런 맨날 내옆에앉아,좆같네 - dc official App,ㅇㅇ 2023.03.10 08:27:40 스크랩 조회 386 추천 1 댓글 2,1,386,2023.03.10 08:27:40,https://gall.dcinside.com/mgallery/board/view/?id=pths&no=6064&page=10
10,6063,[일반],사관갤이도 썻다 공사 오지 마라,라고 말하면 대가리 깨져도 공사인 새끼들은 암 ㅋㅋ 난 미래의 파일럿이 될 몸이라고 육사나 해사랑 다르다고 ㅋㅋ ㅇㅇ ㅎ무슨 말을 해도 귀가 닫히고 시야가 좁아져서 사관 옴 ㅇㅇ 난 공사 출신이고 비행과정도 고등까지 갔었음 믿거나 말거나 안믿어도됨 오히려 뻘글이라 생각하고 안믿고 조언 무시하고 공사가서 후회해줬으면 좋겠음 뭐? 파일럿이 꿈이라고? 그럼 제발 깝치지 말고 항공대를 가 아 물론 공.군.이 꿈이면 와도 됨 ㅋㅋ 근데 난 파일럿이 될 거고 15년차면 전역해서 민항사 제발 지랄육갑떠는 소리 하지 말고 분명히 말하는데 기장이 되고 싶으면 항공대를 가라. - dc official App,ㅇㅇ (59.23) 2023.03.06 21:26:24 스크랩 조회 358 추천 1 댓글 0,1,358,2023.03.06 21:26:24,https://gall.dcinside.com/mgallery/board/view/?id=pths&no=6063&page=10
10,6059,[일반],오늘 평고입갤한 평붕이인데,태블릿 원래 다 걷어감?? 야자때 인강듣고 복습위주로 할랬더니,ㅇㅇ (49.164) 2023.03.02 23:15:21 스크랩 조회 506 추천 0 댓글 2,0,506,2023.03.02 23:15:21,https://gall.dcinside.com/mgallery/board/view/?id=pths&no=6059&page=10
10,6058,[일반],평붕이들 화이팅,,솩솩 2023.03.02 11:35:20 스크랩 조회 238 추천 0 댓글 0,0,238,2023.03.02 11:35:20,https://gall.dcinside.com/mgallery/board/view/?id=pths&no=6058&page=10
10,6056,[일반],고3 정시파이터 평붕이 내신 ..,수고 ㅋㅋ - dc official App,ㅇㅇ (112.168) 2023.02.27 09:29:01 스크랩 조회 644 추천 1 댓글 3,1,644,2023.02.27 09:29:01,https://gall.dcinside.com/mgallery/board/view/?id=pths&no=6056&page=10
10,6055,[일반],07년생인데,증사 찍어서 가져가야돼요??,ㅐㅐ (211.234) 2023.02.26 13:52:19 스크랩 조회 582 추천 3 댓글 2,3,582,2023.02.26 13:52:19,https://gall.dcinside.com/mgallery/board/view/?id=pths&no=6055&page=10
10,6054,[일반],올해 입결,카이스트 1/ DGIST 2 의치한 6/ 약대 3 서울대 7/ 연세대 8/ 고려대 19 성균관대 12/ 한양대 14/ 서강대 2 중앙대 11/ 경희대 7/ 한국외대 3/ 서울시립대 4 건국대 7/ 동국대 7/ 홍익대 3 서울과기대 2/ 단국대 9/ 세종대 3/ 국민대 6/ 숭실대 5 광운대 1/ 아주대 2/ 강원대 3/ 인하대 5/ 상명대 4/ 가천대 12/ 한동대 1 해군사관학교 4/ 공군사관학교 1/ 육군사관학교 2 인천대 2/ 명지대 1/ 경북대 1/ 한국해양대 1/ 한국공대 1 충북대 7/ 충남대 5/ 전북대 4/ 전남대 4/ 교통대 1/ 순천향대 10 공주대 3/ 가톨릭대 3/ 한경대 1/ 한국기술교대 4/ 경기대 5 - dc official App,ㅇㅇ (125.178) 2023.02.26 11:40:18 스크랩 조회 1475 추천 0 댓글 6,0,1475,2023.02.26 11:40:18,https://gall.dcinside.com/mgallery/board/view/?id=pths&no=6054&page=10
10,6053,[일반],올해 입결 어케됨?,ㅇㅇ,ㅇㅇ (210.205) 2023.02.24 22:40:23 스크랩 조회 468 추천 0 댓글 1,0,468,2023.02.24 22:40:23,https://gall.dcinside.com/mgallery/board/view/?id=pths&no=6053&page=10
10,6052,[일반],명찰 어디서 담??,박음질로 달아오라고 들었는데 - dc official App,ㅇㅇ (116.121) 2023.02.24 13:22:51 스크랩 조회 301 추천 0 댓글 4,0,301,2023.02.24 13:22:51,https://gall.dcinside.com/mgallery/board/view/?id=pths&no=6052&page=10
10,6051,[일반],기숙사 무조건 3시 나와야해??,토요일 ㅈ같네 ㅋㅋ,dd (223.62) 2023.02.24 10:49:20 스크랩 조회 245 추천 0 댓글 0,0,245,2023.02.24 10:49:20,https://gall.dcinside.com/mgallery/board/view/?id=pths&no=6051&page=10
10,6050,[일반],클래스가다른학원 어떰??,평고나온 아는형이 추천해줬는데 이름이 뭔가 이상한데 ㅋㅋ 여기 고려대 나온 수학선생님이 수학 개잘가르친다고 하는데 다녀본사람있음??,ㅇㅇ (59.8) 2023.02.24 10:40:20 스크랩 조회 616 추천 0 댓글 3,0,616,2023.02.24 10:40:20,https://gall.dcinside.com/mgallery/board/view/?id=pths&no=6050&page=10
10,6049,[일반],정시파이터 고3들,제발 자기 수준을 파악해서 인강을 듣자 개나소나 뭔 노베까지 현우진선생님 뉴런듣고있는거보면 한숨나옴 1타만쫓아가지말고 자기가 직접 오티들어보고 맛보기강의도 들어보자 자기한테 맞는쌤이 1타임 근데 탐구는 1타들어도 상관없는듯(내경험상) 그리고 디시 오르비같은 사이트에서 추천해주는거 참고만하고 맹신하지말자 - dc official App,ㅇㅇ (49.166) 2023.02.23 18:58:26 스크랩 조회 611 추천 6 댓글 0,6,611,2023.02.23 18:58:26,https://gall.dcinside.com/mgallery/board/view/?id=pths&no=6049&page=10
10,6047,[일반],기숙사 질문,3학년 때 기숙사는 2주에 1번 퇴사하는 게 밎나요?,. (116.37) 2023.02.13 10:36:01 스크랩 조회 446 추천 0 댓글 1,0,446,2023.02.13 10:36:01,https://gall.dcinside.com/mgallery/board/view/?id=pths&no=6047&page=10
10,6046,[일반],3학년 수업 어떰?,2학년이랑 별 차이 없음? 자습 별로 안 주고 방과후도 도움 안되고? 방과후 째는 게 낫나,ㅇㅇ (182.218) 2023.02.11 22:09:07 스크랩 조회 581 추천 0 댓글 3,0,581,2023.02.11 22:09:07,https://gall.dcinside.com/mgallery/board/view/?id=pths&no=6046&page=10
10,6045,[일반],질문,안상에서 중학교 전교5등안에 드는데 평고랑 신한고중에  어디갈까요?,ㅇㅇ (118.235) 2023.02.06 17:09:25 스크랩 조회 395 추천 0 댓글 3,0,395,2023.02.06 17:09:25,https://gall.dcinside.com/mgallery/board/view/?id=pths&no=6045&page=10
10,6043,[일반],입대 9일 전이누,혼노코 - dc official App,천원주면키스해주는놈 2023.02.04 21:49:33 스크랩 조회 415 추천 1 댓글 5,1,415,2023.02.04 21:49:33,https://gall.dcinside.com/mgallery/board/view/?id=pths&no=6043&page=10
10,6042,[일반],니들 올해는 평중에 수업받냐?,ㅈㄱㄴ - dc official App,ㅇㅇ (210.217) 2023.02.01 14:19:51 스크랩 조회 372 추천 0 댓글 0,0,372,2023.02.01 14:19:51,https://gall.dcinside.com/mgallery/board/view/?id=pths&no=6042&page=10
10,6041,[질문],평고 시험수준,2023년도 입학생입니다. 과목별로 시험수준이 어떤지 알려주시는 분있으면 감사하겠습니다. - dc official App,ㅇㅇ (112.151) 2023.01.31 21:10:50 스크랩 조회 834 추천 0 댓글 1,0,834,2023.01.31 21:10:50,https://gall.dcinside.com/mgallery/board/view/?id=pths&no=6041&page=10
10,6039,[일반],오늘 싱가포르 가는 평붕이만 개추,- dc official App,ㅇㅇ (106.101) 2023.01.30 11:34:10 스크랩 조회 486 추천 3 댓글 1,3,486,2023.01.30 11:34:10,https://gall.dcinside.com/mgallery/board/view/?id=pths&no=6039&page=10
10,6037,[일반],졸업사진 어지러운거 많네,ㄹㅇ..,ㅇㅇ (211.36) 2023.01.27 11:32:52 스크랩 조회 647 추천 1 댓글 4,1,647,2023.01.27 11:32:52,https://gall.dcinside.com/mgallery/board/view/?id=pths&no=6037&page=10
10,6036,[일반],이투스 기묘한 이야기,"이투스에 이쁜애 있다는 댓글에 공감하는 106.245... 그런데 작년얘기에 공감하는걸 보면 작년에 다녔다는건데,.. 나도 106.245다... 뭔가 이상하지 않은가... 그렇다... 106.245는 이투스 와이파이다... 본인은 평고 졸업 후 평고4학년을 여기서 보내고 있다... 점마는 그렇다면 이투스에서 2년째 보내고 있다는 것인가... 아니면 선생인걸까...? 혹여나 윈터를 다녔던 재수생인걸까? 진실은 저 너머에... 전자라면 빨리 이투스를 탈출해야겠다...",ㅇㅇ (106.245) 2023.01.27 11:32:20 스크랩 조회 951 추천 8 댓글 6,8,951,2023.01.27 11:32:20,https://gall.dcinside.com/mgallery/board/view/?id=pths&no=6036&page=10
10,6035,[일반],졸업식에 국회의원도 옴?,틀딱 학교답누,ㅇㅇ (106.101) 2023.01.27 10:50:45 스크랩 조회 517 추천 1 댓글 4,1,517,2023.01.27 10:50:45,https://gall.dcinside.com/mgallery/board/view/?id=pths&no=6035&page=10
10,6033,[질문],이투스 윈터다닌다 질문받는다 ㅇㅇ,이거 이투스아이피임,ㅇㅇ (106.245) 2023.01.26 12:21:55 스크랩 조회 562 추천 0 댓글 9,0,562,2023.01.26 12:21:55,https://gall.dcinside.com/mgallery/board/view/?id=pths&no=6033&page=10
10,6031,[일반],씨~~발 이런날 학교를 왜 가냐고,얼어 죽겠노 시발 진짜로,dasiima 2023.01.25 08:04:48 스크랩 조회 513 추천 0 댓글 1,0,513,2023.01.25 08:04:48,https://gall.dcinside.com/mgallery/board/view/?id=pths&no=6031&page=10
10,6030,[일반],이투스vs잇올,어디가 급식 더 맛있음?,ㅠㅠ (180.231) 2023.01.24 01:00:34 스크랩 조회 500 추천 0 댓글 3,0,500,2023.01.24 01:00:34,https://gall.dcinside.com/mgallery/board/view/?id=pths&no=6030&page=10
10,6029,[일반],개씨발ㅋㅋㅋ,삼촌새끼가 평고뽕 오지게 쳐집어넣어놔서 입학예정인데 좆됐노 갤보면 재수사관학교에 평중까지 버스도 업슨ㄴ데 씨발ㅋㅋㅋ 송탄가는거나 통학시간 똑같노,ㅁㅁ (210.204) 2023.01.23 01:33:43 스크랩 조회 452 추천 1 댓글 3,1,452,2023.01.23 01:33:43,https://gall.dcinside.com/mgallery/board/view/?id=pths&no=6029&page=10
10,6028,[일반],뭘찍던 의미없다는데,다른 학교는 왜 컨테이너 씀? 그리고 컨테이너가 솔직히 평중보단 나을텐데 ㅅㅂ,ㅁㅁ (210.204) 2023.01.23 01:25:58 스크랩 조회 313 추천 1 댓글 1,1,313,2023.01.23 01:25:58,https://gall.dcinside.com/mgallery/board/view/?id=pths&no=6028&page=10
10,6026,[일반],입학예정) 평중건물쓴다는데,ㄹㅇ입니까? 선배님들이 투표하신 결과래는데?,ㅁㅁ (221.163) 2023.01.22 11:24:24 스크랩 조회 650 추천 1 댓글 6,1,650,2023.01.22 11:24:24,https://gall.dcinside.com/mgallery/board/view/?id=pths&no=6026&page=10
10,6025,[일반],야투스247어떠냐,05 헌터 준비완료인데 - dc official App,병호메테우스 2023.01.21 21:05:38 스크랩 조회 307 추천 0 댓글 5,0,307,2023.01.21 21:05:38,https://gall.dcinside.com/mgallery/board/view/?id=pths&no=6025&page=10
10,6024,[일반],좆,같다씨발진짜,ㅇㅇ (175.223) 2023.01.18 09:16:00 스크랩 조회 227 추천 0 댓글 1,0,227,2023.01.18 09:16:00,https://gall.dcinside.com/mgallery/board/view/?id=pths&no=6024&page=10
10,6023,[일반],졸업했으니까 말하는건데 학교에서 디씨하는거좀 티내지망ㅋㅎ,졸업한지 1년되긴 했는데 갑자기 생각나서‘쓴다• 진짜 좆ㅂㅅㅓㅠㅠ 김현서 너말이야 친구한테 물어보니까 외대갔다능디 에타에 올려도 되나물라~ㅎ,ㅇㅇ (223.38) 2023.01.17 22:16:38 스크랩 조회 496 추천 0 댓글 0,0,496,2023.01.17 22:16:38,https://gall.dcinside.com/mgallery/board/view/?id=pths&no=6023&page=10
10,6022,[일반],07년생이다 질문받는다,ㅇㅇ - dc official App,김용명 2023.01.17 20:27:56 스크랩 조회 536 추천 0 댓글 7,0,536,2023.01.17 20:27:56,https://gall.dcinside.com/mgallery/board/view/?id=pths&no=6022&page=10
10,6021,[일반],기숙사에서 치킨 먹는 법 좀 ㅃㄹ,급함 노끈으로 치킨 매달아서 창문으로 땡겨오는 거 생각중인데 ㄱㄴ?,ㅇㅇ (61.77) 2023.01.17 18:06:03 스크랩 조회 663 추천 0 댓글 35,0,663,2023.01.17 18:06:03,https://gall.dcinside.com/mgallery/board/view/?id=pths&no=6021&page=10
10,6019,[일반],신한고 급식 별로임?,전에 랍스터 나왔다는데 좋은거 아니냐?,ㅇㅇ (210.223) 2023.01.14 16:41:47 스크랩 조회 484 추천 0 댓글 0,0,484,2023.01.14 16:41:47,https://gall.dcinside.com/mgallery/board/view/?id=pths&no=6019&page=10
10,6018,[일반],새벽피시방 졸업장 지참 ㄹㅇ임?,아직 졸업식 안한 평1붕이는 못함?,dasiima 2023.01.13 17:27:48 스크랩 조회 395 추천 0 댓글 2,0,395,2023.01.13 17:27:48,https://gall.dcinside.com/mgallery/board/view/?id=pths&no=6018&page=10
10,6017,[일반],오늘 성대 발표,했는데 내가 작년에 안좋아했던애 붙었다더라 기분이 ㅈ같음,ㅇㅇ (182.220) 2023.01.06 21:02:29 스크랩 조회 468 추천 3 댓글 2,3,468,2023.01.06 21:02:29,https://gall.dcinside.com/mgallery/board/view/?id=pths&no=6017&page=10
10,6016,[일반],04평붕이중에 외대오는애있냐,반갑다이기,대한통운 2023.01.06 19:10:39 스크랩 조회 487 추천 1 댓글 2,1,487,2023.01.06 19:10:39,https://gall.dcinside.com/mgallery/board/view/?id=pths&no=6016&page=10
10,6015,[일반],후배들아 안녕?,얼릉 졸업하고 고덕 와서 같이 와서 돈 벌자 ㅋㅋ 힘 많이 기르고,노가다 (39.7) 2023.01.05 21:13:15 스크랩 조회 412 추천 0 댓글 5,0,412,2023.01.05 21:13:15,https://gall.dcinside.com/mgallery/board/view/?id=pths&no=6015&page=10
10,6014,[일반],다들 어디갔냐,재수생들 여기여기 붙어라,ㅇㅇ (110.70) 2023.01.04 22:45:27 스크랩 조회 178 추천 2 댓글 0,2,178,2023.01.04 22:45:27,https://gall.dcinside.com/mgallery/board/view/?id=pths&no=6014&page=10
10,6012,[일반],새해 복 많이 받으라에요,난 흉이래 평붕이들도 해봐 https://mobile.twitter.com/twit_kon/status/1609322344677507077?t=SSCJ7Wh52_cSaAUXzLyaNQ&s=19 - dc official App,dasiima 2023.01.01 14:11:38 스크랩 조회 128 추천 0 댓글 1,0,128,2023.01.01 14:11:38,https://gall.dcinside.com/mgallery/board/view/?id=pths&no=6012&page=10
10,6011,[일반],첫글내가먹음.,캬캬,천원주면키스해주는놈 2023.01.01 00:38:17 스크랩 조회 239 추천 0 댓글 7,0,239,2023.01.01 00:38:17,https://gall.dcinside.com/mgallery/board/view/?id=pths&no=6011&page=10
11,6010,[일반],평고갤 다 죽었노...,"2019,2020이 ㄹㅇ 전성기였다 - dc official App",ㅇㅇ (223.38) 2022.12.30 19:55:13 스크랩 조회 346 추천 0 댓글 1,0,346,2022.12.30 19:55:13,https://gall.dcinside.com/mgallery/board/view/?id=pths&no=6010&page=11
11,6007,[일반],수능 끝나고 오랜만에 복귀,"대학도 붙었겠다 디씨도 지워버렸는데 오랜만에 보니까 재밌네ㅋㅋ 이젠 디씨보다 에타지ㅋㅋㄹ 이제 고3 되는 후배들도 시간 진짜 빨리 가니까 꾸준히 해봐, 최선을 다하고 2024년에 서울에서 봅시다",카구야장 2022.12.29 03:00:26 스크랩 조회 337 추천 0 댓글 5,0,337,2022.12.29 03:00:26,https://gall.dcinside.com/mgallery/board/view/?id=pths&no=6007&page=11
11,6006,[질문],잇올,잇올 쉬는시간마다 나와서 담배피기 ㄱㄴ?,ㅇㅇ (122.40) 2022.12.28 17:49:56 스크랩 조회 237 추천 0 댓글 1,0,237,2022.12.28 17:49:56,https://gall.dcinside.com/mgallery/board/view/?id=pths&no=6006&page=11
11,6005,[일반],공대갈꺼면 전전가자,취업짱,ㅇㅇ (221.153) 2022.12.27 01:30:51 스크랩 조회 231 추천 0 댓글 0,0,231,2022.12.27 01:30:51,https://gall.dcinside.com/mgallery/board/view/?id=pths&no=6005&page=11
11,6004,[일반],평고 수학시험 등급컷 어느정도 나와요?,고1 시험,ㅇㅇ (116.121) 2022.12.25 10:34:55 스크랩 조회 703 추천 1 댓글 6,1,703,2022.12.25 10:34:55,https://gall.dcinside.com/mgallery/board/view/?id=pths&no=6004&page=11
11,6003,[일반],1학년들 나만귀엽냐,커여움,ㅇㅇ (104.28) 2022.12.23 20:59:26 스크랩 조회 389 추천 0 댓글 0,0,389,2022.12.23 20:59:26,https://gall.dcinside.com/mgallery/board/view/?id=pths&no=6003&page=11
11,6002,[일반],선배님둘제2외국어 선착순임?,나 애기 신한 ㅠ - dc official App,ㅇㅇ (182.225) 2022.12.21 21:07:03 스크랩 조회 234 추천 1 댓글 1,1,234,2022.12.21 21:07:03,https://gall.dcinside.com/mgallery/board/view/?id=pths&no=6002&page=11
11,6001,[일반],독재학원 추천점,잇올이낳냐 이투스가낳냐. 이튜스는 친구들 많이 다니는디,ㅇㅇ (223.62) 2022.12.21 08:02:20 스크랩 조회 456 추천 0 댓글 7,0,456,2022.12.21 08:02:20,https://gall.dcinside.com/mgallery/board/view/?id=pths&no=6001&page=11
11,6000,[일반],요즘도 코핌 씀?,메일 보내면 추합 분석도 해줬었는데,ㅇㅇ (163.152) 2022.12.20 08:48:19 스크랩 조회 281 추천 0 댓글 2,0,281,2022.12.20 08:48:19,https://gall.dcinside.com/mgallery/board/view/?id=pths&no=6000&page=11
11,5998,[일반],평고 제2 외국어,중국어 일본어중에 뭐 선택하는게 좋은건가요,ㅅㅎ (58.79) 2022.12.18 00:05:43 스크랩 조회 475 추천 1 댓글 8,1,475,2022.12.18 00:05:43,https://gall.dcinside.com/mgallery/board/view/?id=pths&no=5998&page=11
11,5997,[일반],본인이 이미 대학생이면 개추 ㅋㅋ,ㅇㄷㄴㅂㅌ,ㅇㅇ (210.205) 2022.12.16 23:16:01 스크랩 조회 613 추천 19 댓글 1,19,613,2022.12.16 23:16:01,https://gall.dcinside.com/mgallery/board/view/?id=pths&no=5997&page=11
11,5996,[일반],속보) 내년 신입생 내신컷,평택고 내신컷 대략 160정도,ㅇㅇ (110.70) 2022.12.16 16:17:01 스크랩 조회 726 추천 0 댓글 4,0,726,2022.12.16 16:17:01,https://gall.dcinside.com/mgallery/board/view/?id=pths&no=5996&page=11
11,5995,[일반],1618학원 정보,니가 직접 상담해보렴.,ㅇㅇ (106.101) 2022.12.15 21:50:18 스크랩 조회 510 추천 0 댓글 3,0,510,2022.12.15 21:50:18,https://gall.dcinside.com/mgallery/board/view/?id=pths&no=5995&page=11
11,5994,[일반],야 1618학원 아는 사람 정보좀,수업시간 어케 이루어짐?,ㅇㅇ (1.237) 2022.12.15 20:44:46 스크랩 조회 287 추천 0 댓글 0,0,287,2022.12.15 20:44:46,https://gall.dcinside.com/mgallery/board/view/?id=pths&no=5994&page=11
11,5993,[일반],본인이 이미 붙은 수시충이면 개추ㅋㅋㅋ,일단 나부터 ㅋㅋ,ㅇㅇ (183.100) 2022.12.15 18:54:56 스크랩 조회 197 추천 4 댓글 0,4,197,2022.12.15 18:54:56,https://gall.dcinside.com/mgallery/board/view/?id=pths&no=5993&page=11
11,5992,[일반],본인이 작년 추합 번호 찾아보며 기도중인 수시충이라면 개추 ㅋㅋㅋㅋ,ㅇㄷㄴㅂㅌ,관심주세요 (112.150) 2022.12.15 16:37:07 스크랩 조회 184 추천 2 댓글 1,2,184,2022.12.15 16:37:07,https://gall.dcinside.com/mgallery/board/view/?id=pths&no=5992&page=11
11,5991,[일반],1618학원 수업 시간이 어케됨?,평일하고 주말 수업시간 답변 좀... 그리고 거기 좋음?,ㅇㅇ (1.237) 2022.12.14 13:25:27 스크랩 조회 229 추천 0 댓글 0,0,229,2022.12.14 13:25:27,https://gall.dcinside.com/mgallery/board/view/?id=pths&no=5991&page=11
11,5990,[일반],평고에서도 지잡대 가냐?,레알?,ㅇㅇ (1.237) 2022.12.14 12:49:07 스크랩 조회 692 추천 0 댓글 4,0,692,2022.12.14 12:49:07,https://gall.dcinside.com/mgallery/board/view/?id=pths&no=5990&page=11
11,5989,[일반],3학년들 요즘 뭐하냐,겜만하니까 현타 왔음 - dc official App,dasiima 2022.12.12 21:15:49 스크랩 조회 409 추천 0 댓글 5,0,409,2022.12.12 21:15:49,https://gall.dcinside.com/mgallery/board/view/?id=pths&no=5989&page=11
11,5988,[질문],평고 뭔 학잠같은거 생김?,어떤놈이 뒤에 평고 써져있는 잠바 입고 다니는거 본거같은데,다이아이아 2022.12.12 12:49:17 스크랩 조회 509 추천 1 댓글 2,1,509,2022.12.12 12:49:17,https://gall.dcinside.com/mgallery/board/view/?id=pths&no=5988&page=11
11,5987,[일반],이투스다니는 평갤럼임 질문하셈 고3인데 재수확정이라다닌다,ㅇㅇ,ㅇㅇ (223.62) 2022.12.11 11:13:49 스크랩 조회 440 추천 0 댓글 3,0,440,2022.12.11 11:13:49,https://gall.dcinside.com/mgallery/board/view/?id=pths&no=5987&page=11
11,5986,[일반],이투스 얼마임?,다니는사람 알려줘봐,ㅇㅇ (106.101) 2022.12.10 14:01:48 스크랩 조회 471 추천 0 댓글 6,0,471,2022.12.10 14:01:48,https://gall.dcinside.com/mgallery/board/view/?id=pths&no=5986&page=11
11,5985,[일반],브라질 개같이멸망 ㅋㅋ,꺼억,ㅇㅇ (112.154) 2022.12.10 02:47:15 스크랩 조회 113 추천 0 댓글 0,0,113,2022.12.10 02:47:15,https://gall.dcinside.com/mgallery/board/view/?id=pths&no=5985&page=11
11,5984,[일반],이투스나 다니자 ㅅㅂ,조졋네,ㅇㅇ (223.62) 2022.12.09 21:22:07 스크랩 조회 198 추천 0 댓글 0,0,198,2022.12.09 21:22:07,https://gall.dcinside.com/mgallery/board/view/?id=pths&no=5984&page=11
11,5983,[일반],국어 뭐냐 아 ㅋㅋ,왜 등급 내려가냐고 ㅋㅋ - dc official App,dasiima 2022.12.09 12:21:25 스크랩 조회 346 추천 0 댓글 5,0,346,2022.12.09 12:21:25,https://gall.dcinside.com/mgallery/board/view/?id=pths&no=5983&page=11
11,5982,[일반],성균관대 오빠 미안해,내가 수능 망쳐서 괜히 시비걸고싶었어ㅜㅜ 용서해주길 바라,ㅇㅇ (106.101) 2022.12.09 11:41:26 스크랩 조회 260 추천 1 댓글 1,1,260,2022.12.09 11:41:26,https://gall.dcinside.com/mgallery/board/view/?id=pths&no=5982&page=11
11,5980,[일반],성균관대 전전 붙은사람,본인이나 주변에 붙은사람 댓글다셈 잘챙겨줌,ㅇㅇ (221.153) 2022.12.09 09:43:08 스크랩 조회 378 추천 1 댓글 4,1,378,2022.12.09 09:43:08,https://gall.dcinside.com/mgallery/board/view/?id=pths&no=5980&page=11
11,5979,[일반],본인 이투스 재수생관 다니는데(윈터스쿨),이쁜누나 한명잇고 머리ㅈㄴ작은형 한명잇음 글고 평고애들 좀있고 신한애들 좀 있고 비전빡통들은 공부 안해서 없음,ㅇㅇ (223.33) 2022.12.09 06:41:03 스크랩 조회 352 추천 1 댓글 6,1,352,2022.12.09 06:41:03,https://gall.dcinside.com/mgallery/board/view/?id=pths&no=5979&page=11
11,5978,[일반],이투스 다니는애들 잇냐,몇명 다니길래 조음?,ㅇㅇ (223.62) 2022.12.08 23:49:41 스크랩 조회 208 추천 0 댓글 1,0,208,2022.12.08 23:49:41,https://gall.dcinside.com/mgallery/board/view/?id=pths&no=5978&page=11
11,5977,[일반],공군 가는 평붕이 있음?,.,ㅇㅇ (110.70) 2022.12.07 10:10:14 스크랩 조회 388 추천 2 댓글 5,2,388,2022.12.07 10:10:14,https://gall.dcinside.com/mgallery/board/view/?id=pths&no=5977&page=11
11,5976,[일반],규성 게이야...,밖에서는 그러지 말랬잖아!,ㅇㅇ (110.70) 2022.12.06 23:57:50 스크랩 조회 206 추천 0 댓글 0,0,206,2022.12.06 23:57:50,https://gall.dcinside.com/mgallery/board/view/?id=pths&no=5976&page=11
11,5975,[일반],대 한 민 국,대 희 찬 - dc official App,dasiima 2022.12.03 02:11:23 스크랩 조회 157 추천 2 댓글 0,2,157,2022.12.03 02:11:23,https://gall.dcinside.com/mgallery/board/view/?id=pths&no=5975&page=11
11,5974,[일반],갔다 ㅋㅋㅋㅋ,벤투 갓동님 믿고 있었읍니다....,ㅇㅇ (124.80) 2022.12.03 02:10:13 스크랩 조회 139 추천 0 댓글 0,0,139,2022.12.03 02:10:13,https://gall.dcinside.com/mgallery/board/view/?id=pths&no=5974&page=11
11,5973,[일반],믿습니다 goat,대 젖 닌 - dc official App,dasiima 2022.12.02 23:58:47 스크랩 조회 253 추천 1 댓글 3,1,253,2022.12.02 23:58:47,https://gall.dcinside.com/mgallery/board/view/?id=pths&no=5973&page=11
11,5972,[일반],어쩌면 마지막이 될지도 모르는 공약 걸어봅니다..,한국이 극적으로 16강 진출시 학교에서 방구 뀌면서 프리티지 노래에 춤을 추겠습니다.. 힘을 주십쇼..,ㅇㅇ (106.101) 2022.12.02 23:19:09 스크랩 조회 786 추천 19 댓글 5,19,786,2022.12.02 23:19:09,https://gall.dcinside.com/mgallery/board/view/?id=pths&no=5972&page=11
11,5970,[일반],경서가 본인한테 귀엽다고 했으면 개추 ㅋㅋ,아 근데 평고쪽은 안보더라 ㅋㅋㅋㅋ,ㅇㅇ (211.234) 2022.12.02 11:52:05 스크랩 조회 315 추천 1 댓글 1,1,315,2022.12.02 11:52:05,https://gall.dcinside.com/mgallery/board/view/?id=pths&no=5970&page=11
11,5969,[일반],남자는 빼라 ㅋㅋ,눈나들좀 보자 좀 ㅋㅋ - dc official App,dasiima 2022.12.02 11:07:31 스크랩 조회 271 추천 2 댓글 5,2,271,2022.12.02 11:07:31,https://gall.dcinside.com/mgallery/board/view/?id=pths&no=5969&page=11
11,5968,[일반],왜 우리학교는 댄스부 밴드부 없음?,개간지나는ㄷ데,올매 2022.12.02 10:40:27 스크랩 조회 362 추천 0 댓글 5,0,362,2022.12.02 10:40:27,https://gall.dcinside.com/mgallery/board/view/?id=pths&no=5968&page=11
11,5967,[일반],평택고 폼 실화냐? 가슴이 웅장해진다...,역 시 평택최 고명문고 등학교 평 택고 ㄷ ㄷ,ㅇㅇ (211.234) 2022.12.02 10:22:06 스크랩 조회 489 추천 1 댓글 0,1,489,2022.12.02 10:22:06,https://gall.dcinside.com/mgallery/board/view/?id=pths&no=5967&page=11
11,5966,[일반],우리학교 부끄러운 3학년은 개추 ㅋㅋ,.,ㅇㅇ (211.250) 2022.12.02 10:06:59 스크랩 조회 264 추천 1 댓글 0,1,264,2022.12.02 10:06:59,https://gall.dcinside.com/mgallery/board/view/?id=pths&no=5966&page=11
11,5965,[일반],내일 중간에 째끼면 안되냐,뭔 근서트여~~~ 집이나 갈래 - dc official App,dasiima 2022.12.01 21:04:28 스크랩 조회 153 추천 0 댓글 0,0,153,2022.12.01 21:04:28,https://gall.dcinside.com/mgallery/board/view/?id=pths&no=5965&page=11
11,5964,[일반],고1 과목,"평택고 진학 지망하는 중3인데요. 고1 교육과정 보니까 일본어1,중국어1,한문1이 있더라고요. 세 과목 모두 배우는건가요 아니면 선택인가요",ㅇㅇ (116.121) 2022.12.01 18:12:57 스크랩 조회 293 추천 0 댓글 3,0,293,2022.12.01 18:12:57,https://gall.dcinside.com/mgallery/board/view/?id=pths&no=5964&page=11
11,5962,[일반],여러분 희망을 잃지 마십쇼,일단 포르투갈이 우루과이한테 지지만 않고 우루과이랑 가나랑 비비고 우리나라가 포르투갈은 2대떡으로 바르면됩니다 ㄹㅇ,ㅇㅇ (106.101) 2022.11.29 00:40:52 스크랩 조회 167 추천 1 댓글 0,1,167,2022.11.29 00:40:52,https://gall.dcinside.com/mgallery/board/view/?id=pths&no=5962&page=11
11,5961,[일반],포르투갈을 이기자 걍,오늘 경기 보고 할만하다고 느낀다 ㅇ,올매 2022.11.29 00:28:18 스크랩 조회 102 추천 1 댓글 0,1,102,2022.11.29 00:28:18,https://gall.dcinside.com/mgallery/board/view/?id=pths&no=5961&page=11
11,5960,[일반],1학년은 잘들어라,월드컵 조별경기 3차전 경우의 수 조사해서 세특써라 ㅇㅇ;; - dc official App,ㅇㅇ (112.152) 2022.11.29 00:26:40 스크랩 조회 776 추천 10 댓글 0,10,776,2022.11.29 00:26:40,https://gall.dcinside.com/mgallery/board/view/?id=pths&no=5960&page=11
11,5959,[일반],오늘 한국이 이기면 내일 학교에서 방구끼고 다니겠습니다,만약 두 골 이상 차이로 이기면 3학년 교실가서 젤 센 형 앞에서 트월킹추면서 똥방구 갈기겠습니다 진짜입니다,ㅇㅇ (106.101) 2022.11.28 14:12:44 스크랩 조회 219 추천 0 댓글 5,0,219,2022.11.28 14:12:44,https://gall.dcinside.com/mgallery/board/view/?id=pths&no=5959&page=11
11,5958,[일반],학교가기싫어,성적확인도 다했잖아 왜오라는거야 - dc official App,dasiima 2022.11.28 00:20:00 스크랩 조회 172 추천 0 댓글 2,0,172,2022.11.28 00:20:00,https://gall.dcinside.com/mgallery/board/view/?id=pths&no=5958&page=11
11,5956,[일반],오늘 일본이 지면 학교에서 신지드마냥 방구끼고 다닙니다,진짜입니다 ㄹㅇ 반은 물론이고 급식실이나 다른 학년 교실 가서도 방구끼고 다닙니다 기대해주세요  뿌우웅,ㅇㅇ (106.101) 2022.11.27 19:00:56 스크랩 조회 92 추천 1 댓글 0,1,92,2022.11.27 19:00:56,https://gall.dcinside.com/mgallery/board/view/?id=pths&no=5956&page=11
11,5955,[일반],어 나 평택고 다니는 박민식인데 반갑다,어,씹섭추 2022.11.27 09:13:22 스크랩 조회 255 추천 1 댓글 1,1,255,2022.11.27 09:13:22,https://gall.dcinside.com/mgallery/board/view/?id=pths&no=5955&page=11
11,5954,[일반],사탐 사문경제 ㄱㄱ,시너지 좆됨 암기 거의 없음,ㅇㅇ (163.152) 2022.11.25 15:11:13 스크랩 조회 243 추천 0 댓글 1,0,243,2022.11.25 15:11:13,https://gall.dcinside.com/mgallery/board/view/?id=pths&no=5954&page=11
12,5953,[일반],월드컵은모르겠고,치킨먹어서 기분좋으면 개추 ㅋㅋ 집오니까 치킨있네 - dc official App,ㅇㅇㅇ (106.101) 2022.11.24 23:59:19 스크랩 조회 126 추천 0 댓글 0,0,126,2022.11.24 23:59:19,https://gall.dcinside.com/mgallery/board/view/?id=pths&no=5953&page=12
12,5952,[일반],우루과이vs한국에서 한국이 지면 내일 학교에서 방구낍니다,ㄹㅇ,ㅇㅇ (106.101) 2022.11.24 19:38:30 스크랩 조회 196 추천 0 댓글 3,0,196,2022.11.24 19:38:30,https://gall.dcinside.com/mgallery/board/view/?id=pths&no=5952&page=12
12,5951,[일반],밥먹으면서 휴대폰보지 마세요,- dc official App,Oo (104.28) 2022.11.22 12:50:40 스크랩 조회 296 추천 0 댓글 1,0,296,2022.11.22 12:50:40,https://gall.dcinside.com/mgallery/board/view/?id=pths&no=5951&page=12
12,5950,[일반],3학년 축구대회안해요옹??,왜안해요옹??,ㅇㅇ (106.101) 2022.11.21 19:00:50 스크랩 조회 319 추천 0 댓글 8,0,319,2022.11.21 19:00:50,https://gall.dcinside.com/mgallery/board/view/?id=pths&no=5950&page=12
12,5949,[일반],예비고삼 필독) 수학 고정 1등급 받는법,- dc official App,솩솩 2022.11.20 03:37:49 스크랩 조회 446 추천 0 댓글 2,0,446,2022.11.20 03:37:49,https://gall.dcinside.com/mgallery/board/view/?id=pths&no=5949&page=12
12,5948,[일반],평고1학년 이번에 미달이면 안받음?,미달안받는다는 소문있던데 제발 지랄이었으면 - dc official App,개추미애 2022.11.18 22:20:00 스크랩 조회 422 추천 1 댓글 2,1,422,2022.11.18 22:20:00,https://gall.dcinside.com/mgallery/board/view/?id=pths&no=5948&page=12
12,5946,[일반],선택과목 못정한 고2 평붕이들을 위한 과목 추천,주관 100퍼임 1. 국어 자신이 올해 언매 수업 조금이라도 들어봤다. -> 무조건 언매 해라 언매 한두달정도 조금씩만 공부해도 많이 틀려봤자 두문제임 두개틀려도 화작은 닦고도 남음 학교에서 잠만 잘거면 화작하고 언매 오래걸린다 하는데 언매 잘 닦으면 10분 안에도 가능함 2. 수학 사바사 수학은 선택 상관없이 재능이 없거나 1년정도 깔짝이는걸로는 1등급 못받는다 3. 탐구 문과는 모르겠고 이과는 닥치고 물리 지구 물리는 개념 떼고 문제집 한권만 해도 웬만한건 다 풀수있음 실수 안하고 시간안에 푸는 연습만 하면 될정도 지구는 처음 개념떼는게 어렵지 개념 완숙하면 국밥이 따로없음 안하면 병신인 과목 화학 -> MD 생명은 안해봐서 모름 추가로 탐구 개념 아직 안했으면 무조건 인강으로 해라 시중 개념서로 하면 진짜 생고생한다 (경험담임) - dc official App,ㅇㅇ (182.210) 2022.11.17 23:12:00 스크랩 조회 426 추천 2 댓글 3,2,426,2022.11.17 23:12:00,https://gall.dcinside.com/mgallery/board/view/?id=pths&no=5946&page=12
12,5945,[일반],진지하게 구기숙사에 4학년관 만들어라,이거 만들면 평고 입학내신 다시 떡상함 ㅇㅇ - dc official App,dasiima 2022.11.17 22:12:48 스크랩 조회 671 추천 11 댓글 1,11,671,2022.11.17 22:12:48,https://gall.dcinside.com/mgallery/board/view/?id=pths&no=5945&page=12
12,5944,[일반],Team 2024,탑승 예정이면 개추 ㅋㅋㅋㅋㅋㅋㅋㅋㅋㅋㅋ ㅇㄷㄴㅂㅌ - dc official App,ㅇㅇ (106.101) 2022.11.17 20:45:14 스크랩 조회 162 추천 4 댓글 0,4,162,2022.11.17 20:45:14,https://gall.dcinside.com/mgallery/board/view/?id=pths&no=5944&page=12
12,5943,[일반],아ㅏㅏㅏㅏㅏㅏㅏㅏ,물리 존나 쉬운거 두개 틀렸네 씨ㅣㅣ발 - dc official App,ㅇㅇ (182.210) 2022.11.17 20:34:26 스크랩 조회 144 추천 0 댓글 1,0,144,2022.11.17 20:34:26,https://gall.dcinside.com/mgallery/board/view/?id=pths&no=5943&page=12
12,5942,[일반],후배들아 화학하지마 진짜,진짜 뼈지리게 느낀건데 화학 출제진 이새끼들은 너네를 대학 떨구려고 문제만든다 진짜 6 9 수능 다 좆같이냄ㄹㅇ로 - dc official App,dasiima 2022.11.17 17:36:44 스크랩 조회 436 추천 0 댓글 3,0,436,2022.11.17 17:36:44,https://gall.dcinside.com/mgallery/board/view/?id=pths&no=5942&page=12
12,5941,[일반],보닌이 +1이면 개추 ㅋㅋ,ㅇㄷㄴㅂㅌ - dc official App,ㅇㅇ (59.13) 2022.11.17 17:10:22 스크랩 조회 130 추천 1 댓글 0,1,130,2022.11.17 17:10:22,https://gall.dcinside.com/mgallery/board/view/?id=pths&no=5941&page=12
12,5940,[일반],화학 씨발 미친새끼야 ㅋㅋㅋㅋ,애미 존나 패줄까 ???? - dc official App,dasiima 2022.11.17 17:06:11 스크랩 조회 368 추천 0 댓글 2,0,368,2022.11.17 17:06:11,https://gall.dcinside.com/mgallery/board/view/?id=pths&no=5940&page=12
12,5939,[일반],수고하셨습니다~,- dc official App,솩솩 2022.11.17 17:00:35 스크랩 조회 137 추천 1 댓글 0,1,137,2022.11.17 17:00:35,https://gall.dcinside.com/mgallery/board/view/?id=pths&no=5939&page=12
12,5938,[일반],본인은 재수라는 추가 기회를 택할 예정이면 개추,ㅇㄷㄴㅂㅌ ㅋㅋ,ㅇㅇ (106.101) 2022.11.17 16:51:04 스크랩 조회 295 추천 7 댓글 0,7,295,2022.11.17 16:51:04,https://gall.dcinside.com/mgallery/board/view/?id=pths&no=5938&page=12
12,5937,[일반],D - Day,- dc official App,ㅇㅇ (182.210) 2022.11.17 07:16:18 스크랩 조회 109 추천 1 댓글 0,1,109,2022.11.17 07:16:18,https://gall.dcinside.com/mgallery/board/view/?id=pths&no=5937&page=12
12,5936,[일반],1주밀만 더 있었으면,일주일만 더있었으면 진짜 만점 ㅆ가능인데 ㄲㅂ,ㅇㅇ (183.100) 2022.11.16 22:44:46 스크랩 조회 121 추천 1 댓글 0,1,121,2022.11.16 22:44:46,https://gall.dcinside.com/mgallery/board/view/?id=pths&no=5936&page=12
12,5935,[일반],70일 남았던 때로 돌아간다 vs 걍 내일 보고 끝낸다,닥후임???,올매 2022.11.16 21:53:00 스크랩 조회 214 추천 3 댓글 1,3,214,2022.11.16 21:53:00,https://gall.dcinside.com/mgallery/board/view/?id=pths&no=5935&page=12
12,5934,[일반],씨발씨발씨발씨발,씨발개씨발 - dc official App,ㅇㅇ (182.210) 2022.11.16 21:49:06 스크랩 조회 120 추천 0 댓글 0,0,120,2022.11.16 21:49:06,https://gall.dcinside.com/mgallery/board/view/?id=pths&no=5934&page=12
12,5933,[일반],시발 진짜 내일이네 씨발씨발씨발,씨발 살려줘요 제발 - dc official App,dasiima 2022.11.16 21:34:04 스크랩 조회 139 추천 1 댓글 0,1,139,2022.11.16 21:34:04,https://gall.dcinside.com/mgallery/board/view/?id=pths&no=5933&page=12
12,5932,[일반],수능..,수시러는 내일 취미로 보러간다고 전해주세요,수시충 (175.223) 2022.11.16 19:48:58 스크랩 조회 189 추천 4 댓글 1,4,189,2022.11.16 19:48:58,https://gall.dcinside.com/mgallery/board/view/?id=pths&no=5932&page=12
12,5931,[일반],최강평고,수능ㅎㅇㅌ - dc official App,ㅇㅇ (112.152) 2022.11.16 19:47:04 스크랩 조회 160 추천 1 댓글 0,1,160,2022.11.16 19:47:04,https://gall.dcinside.com/mgallery/board/view/?id=pths&no=5931&page=12
12,5929,[일반],자신이 승리의 “홀수”형 이라면 개추,ㅇㄷㄴㅂㅌ ㅋㅋㅋㅋㅋㅋㅋ,ㅇㅇ (218.239) 2022.11.16 12:03:56 스크랩 조회 339 추천 11 댓글 0,11,339,2022.11.16 12:03:56,https://gall.dcinside.com/mgallery/board/view/?id=pths&no=5929&page=12
12,5928,[일반],재수생입니다,책상 정리 감사드려요,ㅇㅇ (210.217) 2022.11.16 11:40:31 스크랩 조회 148 추천 0 댓글 0,0,148,2022.11.16 11:40:31,https://gall.dcinside.com/mgallery/board/view/?id=pths&no=5928&page=12
12,5926,[질문],왜 신한고 갤러리는 없음?,ㅇㅇ,ㅇㅇ (180.70) 2022.11.16 01:28:16 스크랩 조회 390 추천 0 댓글 1,0,390,2022.11.16 01:28:16,https://gall.dcinside.com/mgallery/board/view/?id=pths&no=5926&page=12
12,5925,[일반],아니 고사장 3시 이후 출입가능 실화냐???,시간 졸라애매하잖아 10시에 예비소집인데 3시는 ㅅㅂㅋㅋ - dc official App,dasiima 2022.11.15 22:49:11 스크랩 조회 208 추천 0 댓글 4,0,208,2022.11.15 22:49:11,https://gall.dcinside.com/mgallery/board/view/?id=pths&no=5925&page=12
12,5923,[일반],로갓하고 소신발언한다(선생님 절대 클릭 금지),3학년 선생님들 사랑해요~♡,ㅇㅇ (110.70) 2022.11.15 15:16:05 스크랩 조회 239 추천 1 댓글 0,1,239,2022.11.15 15:16:05,https://gall.dcinside.com/mgallery/board/view/?id=pths&no=5923&page=12
12,5921,[일반],졸업생 질문 받는다,ㅇㅇ - dc official App,ㅇㅇ (118.235) 2022.11.14 01:48:17 스크랩 조회 286 추천 1 댓글 9,1,286,2022.11.14 01:48:17,https://gall.dcinside.com/mgallery/board/view/?id=pths&no=5921&page=12
12,5920,[일반],종소리 시간 조정돼서 ㄹㅇ 좋은점,1교시부터 2교시까지 안깨고 쭉 잘 수 있음 ㅋㅋ 학생의 수면질을 올려주려고 종소리 시간까지 조정해주는 평고는 ㄹㅇ GOAT 그 자체다..,ㅇㅇ (106.101) 2022.11.12 15:04:55 스크랩 조회 487 추천 10 댓글 1,10,487,2022.11.12 15:04:55,https://gall.dcinside.com/mgallery/board/view/?id=pths&no=5920&page=12
12,5919,[일반],종소리 변경에관한 FACTOS,어짜피 종 안쳐도 쉬는시간되면 존나떠들어서 소용이 없다 ㅋㅋㅋㅋㅋㅋㅋㅋ,ㅇㅇ (115.94) 2022.11.12 14:27:32 스크랩 조회 246 추천 2 댓글 2,2,246,2022.11.12 14:27:32,https://gall.dcinside.com/mgallery/board/view/?id=pths&no=5919&page=12
12,5918,[일반],니네 평여고 갤러리 있는거 아냐,이제알았노 ㅋㅋ,ㅇㅇ (39.117) 2022.11.12 13:33:11 스크랩 조회 346 추천 2 댓글 0,2,346,2022.11.12 13:33:11,https://gall.dcinside.com/mgallery/board/view/?id=pths&no=5918&page=12
12,5916,[질문],평고 선배님들 평고 갈만한가요?,디시하는 나도 정상은 아니지만 한광 비전 평고 고민하는데 남녀공학 망상이 있어서 비전 고민했는데 비전은 학교 수준이 좀 그렇다고 해서 주변 사람들이 한광이나 평고 추천하는데 한광보다는 평고가 매점도 있고 학교 수준도 높아서 괜찮아보이는데 지금 중학교에서 180~190명 정도에서 내신 석차  30~40등하는데 평고가면 살아남을 수 있을까요? 평고가 학교수준이 높고 빡세다보니 고민이 되네요... - dc official App,ㅇㅇ (211.214) 2022.11.12 02:56:32 스크랩 조회 951 추천 1 댓글 11,1,951,2022.11.12 02:56:32,https://gall.dcinside.com/mgallery/board/view/?id=pths&no=5916&page=12
12,5915,[일반],감사합니다,"진짜 우리 69기는 쌤들한테 감사해야함. 우리 학교만큼 학생들 생각해주는 학교도 없고 쌤들도 없음. 모의고사 나눠서 풀라고 복사기도 설치해주시고, 종소리 체계도 바꿔주심. 10시까지 남으셔서 야자 감독도 해주시고 진짜 정말 학생을 위한 학교를 만들어주심. 돌이켜 생각해보면 3년전에 이 학교 원서 넣은 게 내 인생 최고의 선택이 아닐까 싶음. 대학을 잘 가든 못 가든, 정말 평고 덕분에, 그리고 평고 위해 힘써주시는 선생님들 덕분에 알차고 찬란하게 고등학교 생활 보낸 거 같음. 3학년 쌤들께서 이 글을 보실지는 모르겠지만, 평택고 3학년 모두가 다 이와 같은 생각이고, 정말 감사드린다는 말 전해드리고 싶다ㅠㅠ 남은 5일 컨디션 관리 잘해서 우리 69기 모두 원하는 대학 합격하자! 화이팅!!!!",ㅇㅇ (112.154) 2022.11.11 22:27:07 스크랩 조회 471 추천 16 댓글 8,16,471,2022.11.11 22:27:07,https://gall.dcinside.com/mgallery/board/view/?id=pths&no=5915&page=12
12,5914,[일반],고3 필독 수능끝난후 해야할일,"1.미친듯이 놀기 인생에서 수능끝난 직후처럼 아무생각없이 놀수있는기간이 흔치 않음 수능을 잘봤건 못봤건 미친듯이 놀아 피시방만 다니지 말고 평소 배우고싶었던거 배우는것도 나쁘지않음 2.운전면허 남고라 보통 1종보통따라고 권유많이 할텐데 1종따서 나쁠건없다ㅋㅋㅋ 특히 군대갈때 도움많이 되니까 꼭 1종따 학원추천은 중앙도 괜찮고, 대동도 괜찮음 무조건 도로주행코스 쉬운곳으로 가라 참고로 면허학원은 수능끝나자마자 바로 등록해 좀만 늦으면 사람많아서 면허따는데 2달걸림ㅋㅋㅋ 3.교차지원 할애들만 문과인데 공대갈 애들은 다른건몰라도 미적분은 꼭 공부해서가자 미적분모르고 공대가면 1학기마치고 군지할수도있으니까 꼭 미적분공부해서 공대가자 4.친구랑 알바는 한번 꼭 해보자 이미 알바해본애들도 있고 안해본애들도 있을텐데 단기일용직이라도 좋으니까 알바해봐 가서 작업반장년한테 욕도 먹어보고ㅋㅋㅋ 이때 알바했던게 작은 추억이되서 좋은거같다 5.원하는대학 꼭 합격해라 사실 이게 제일 중요하지 않을까 싶다 그동안 공부했던거 잘풀어내서 지금3학년들 꼭 원하는 대학,가고싶었던 대학합격하길 바란다 적어도 니들인생에서 입시공부에 대한 미련없이 10대 잘 마무리하길바란다 이상 곧 군지하는 68회졸업생 - dc official App",ㅇㅇ (223.39) 2022.11.11 01:13:31 스크랩 조회 1324 추천 8 댓글 3,8,1324,2022.11.11 01:13:31,https://gall.dcinside.com/mgallery/board/view/?id=pths&no=5914&page=12
12,5913,[일반],기분이 묘하네,야자할땐 좆같았는데 끝나니까 뭔가 허무함,dasiima 2022.11.10 23:28:24 스크랩 조회 183 추천 0 댓글 1,0,183,2022.11.10 23:28:24,https://gall.dcinside.com/mgallery/board/view/?id=pths&no=5913&page=12
12,5912,[일반],D-7,결전의 날,ㅇㅇ (59.13) 2022.11.10 20:24:04 스크랩 조회 151 추천 0 댓글 1,0,151,2022.11.10 20:24:04,https://gall.dcinside.com/mgallery/board/view/?id=pths&no=5912&page=12
12,5911,[일반],아 ㅋㅋ 왜 조기졸업에 다들 발악이냐고,느긋~하게 정상졸업 - dc official App,ㅇㅇ (112.157) 2022.11.10 00:33:06 스크랩 조회 265 추천 1 댓글 0,1,265,2022.11.10 00:33:06,https://gall.dcinside.com/mgallery/board/view/?id=pths&no=5911&page=12
12,5910,[일반],중경외시 수시로가면잘간거임뇨?,아는 형들이 갔길래 전 일학년임뇨 서열은 저대로맞져??,ㅇㅇ (223.62) 2022.11.09 07:55:29 스크랩 조회 358 추천 1 댓글 3,1,358,2022.11.09 07:55:29,https://gall.dcinside.com/mgallery/board/view/?id=pths&no=5910&page=12
12,5907,[일반],응원 고맙다에요,,dasiima 2022.11.05 08:52:22 스크랩 조회 342 추천 7 댓글 3,7,342,2022.11.05 08:52:22,https://gall.dcinside.com/mgallery/board/view/?id=pths&no=5907&page=12
12,5906,[일반],보추 좋아하는 사람 많냐,본인은 고등학교 안 간 중졸 앰생임. 중학교때 친구 중에서 1명이 평고가고 3명이 안성고갔음. 나는 앰생답게 검정고시 생각도 없고 고등학교에 대해서 아무것도 모르고 집에만 처 박혀있다가 걔네 시험끝나면 같이 놀러다니기만함. 전에 같이 노래방가서 남고가니까 어떠냐고 물어봤는데 내가 좀 보추기질이 있어서 남고오면 바로 후장따인다던데 시발 상식적으로 게이 아닌 이상 아무리 보추라해도 후장을 딸 생각은 안하지않음? 아니면 걍 그정도로 남고에 게이가 많은거임?,ㅇㅇ 2022.11.03 00:10:12 스크랩 조회 872 추천 11 댓글 12,11,872,2022.11.03 00:10:12,https://gall.dcinside.com/mgallery/board/view/?id=pths&no=5906&page=12
12,5905,[일반],자신의 수능이 D-380이라면 개추,시발,ㅇㅇ (218.239) 2022.11.02 22:37:57 스크랩 조회 182 추천 4 댓글 1,4,182,2022.11.02 22:37:57,https://gall.dcinside.com/mgallery/board/view/?id=pths&no=5905&page=12
12,5904,[일반],오랜만 입니다,힘내세요,502 2022.11.02 22:13:01 스크랩 조회 277 추천 5 댓글 3,5,277,2022.11.02 22:13:01,https://gall.dcinside.com/mgallery/board/view/?id=pths&no=5904&page=12
12,5902,[일반],11월 실화냐 ㅋㅋ,시간 줫나빠르노 진짜 ㅋㅋㅋ 조금만 더 힘내자 얘들아 ㅇㅇ - dc official App,dasiima 2022.11.01 00:18:33 스크랩 조회 183 추천 1 댓글 0,1,183,2022.11.01 00:18:33,https://gall.dcinside.com/mgallery/board/view/?id=pths&no=5902&page=12
12,5901,[일반],3학년들 재수없네,수능화이팅 재수없이 수능대박 - dc official App,솩솩 2022.10.31 17:59:09 스크랩 조회 357 추천 3 댓글 1,3,357,2022.10.31 17:59:09,https://gall.dcinside.com/mgallery/board/view/?id=pths&no=5901&page=12
12,5900,[일반],질문,사진 왜 내리냐?,ㅇㅇ (106.101) 2022.10.31 00:00:24 스크랩 조회 215 추천 0 댓글 3,0,215,2022.10.31 00:00:24,https://gall.dcinside.com/mgallery/board/view/?id=pths&no=5900&page=12
12,5898,[일반],압사 ㄷㄷ 평고졸업자는 피해자 없지??,없을듯??,ㅇㅇ (211.36) 2022.10.30 13:51:33 스크랩 조회 545 추천 4 댓글 6,4,545,2022.10.30 13:51:33,https://gall.dcinside.com/mgallery/board/view/?id=pths&no=5898&page=12
12,5897,[일반],작년 졸업생인데,수능 잘보고 평고매점 옆에 야호 만두인가 생겼던데 먹지마라 김치만두 ㅆㅎㅌㅊ고 고기만두 ㅎㅌㅊ다 ㅅㅂ,ㅇㅇ (110.70) 2022.10.28 14:53:07 스크랩 조회 300 추천 1 댓글 5,1,300,2022.10.28 14:53:07,https://gall.dcinside.com/mgallery/board/view/?id=pths&no=5897&page=12
12,5896,[일반],척,찌르지도 못하면서 개념있는척하기는,ㅇㅇ (106.101) 2022.10.28 11:32:32 스크랩 조회 117 추천 0 댓글 0,0,117,2022.10.28 11:32:32,https://gall.dcinside.com/mgallery/board/view/?id=pths&no=5896&page=12
12,5895,[일반],밖에 시위 언제까지하냐 ㅆㅂ,그만좀해라 노조야 - dc official App,dasiima 2022.10.27 10:40:21 스크랩 조회 223 추천 0 댓글 1,0,223,2022.10.27 10:40:21,https://gall.dcinside.com/mgallery/board/view/?id=pths&no=5895&page=12
12,5894,[일반],나 어제 완장봄 ㅋㅋㅋㅋㅋㅋㅋ,ㅋㅋㅋㅋㅋㅋㅋㅋ,ㅇㅇ (106.101) 2022.10.27 08:06:30 스크랩 조회 208 추천 0 댓글 1,0,208,2022.10.27 08:06:30,https://gall.dcinside.com/mgallery/board/view/?id=pths&no=5894&page=12
13,5893,[일반],수능 D-3주 기념 설문조사,3년전 이맘때로 돌아가면 평고 온다 vs 안온다,윤통시 (49.163) 2022.10.27 00:42:20 스크랩 조회 306 추천 8 댓글 2,8,306,2022.10.27 00:42:20,https://gall.dcinside.com/mgallery/board/view/?id=pths&no=5893&page=13
13,5892,[일반],시험 하루 전날 학붕이,낭만 혼코노 ㅁㅌㅊ ㅋㅋ,천원주면키스해주는놈 2022.10.23 21:38:07 스크랩 조회 409 추천 7 댓글 4,7,409,2022.10.23 21:38:07,https://gall.dcinside.com/mgallery/board/view/?id=pths&no=5892&page=13
13,5890,[질문],예비고1인데 주문형 고급과학 잘 열리나요?,주문형과목중에 고급 물화생지 중 택1 있던데요 선배님들 이거 신청하기만 해도 잘 열리나요? 아니면 너무 신청안해서 폐강되는일 많나요? 보통 몇명이 신청하면 열리나요?,ㅇㅇ (211.248) 2022.10.22 23:29:57 스크랩 조회 307 추천 0 댓글 3,0,307,2022.10.22 23:29:57,https://gall.dcinside.com/mgallery/board/view/?id=pths&no=5890&page=13
13,5889,[일반],아;; 댓글 못봤는데 뭐였냐,댓글단놈아 뭐라고했냐 누가쓴지도 모르겠네,ㅇㅇ (106.101) 2022.10.21 22:34:17 스크랩 조회 193 추천 0 댓글 0,0,193,2022.10.21 22:34:17,https://gall.dcinside.com/mgallery/board/view/?id=pths&no=5889&page=13
13,5885,[일반],"2, 3 학년 또싸웟노,,?",이번엔 또 뭐노 - dc official App,평택고 (104.28) 2022.10.21 18:04:24 스크랩 조회 445 추천 0 댓글 1,0,445,2022.10.21 18:04:24,https://gall.dcinside.com/mgallery/board/view/?id=pths&no=5885&page=13
13,5884,[일반],자기가 sky 정도는 올 거 같은 애 있니,셋 중에 하나 잘 찍어서 오먼 나름 챙겨줄게,ㅇㅇ (210.205) 2022.10.21 02:48:10 스크랩 조회 377 추천 0 댓글 3,0,377,2022.10.21 02:48:10,https://gall.dcinside.com/mgallery/board/view/?id=pths&no=5884&page=13
13,5883,[일반],수능이 눈앞인데,아직도 2텀때 폰 하는 평택고 4학년 예정인 칭구들 ㅋ,ㅇㅇ (59.8) 2022.10.20 21:11:29 스크랩 조회 258 추천 1 댓글 4,1,258,2022.10.20 21:11:29,https://gall.dcinside.com/mgallery/board/view/?id=pths&no=5883&page=13
13,5882,[일반],(혐) 님들 이거 우리반 요즘 핫 토픽인데 의견좀,똥쌀때 언제가 가장 기분이 좋음 ? 처음 나올 때 중간에 안끊기고 쭉 나올 때 다 쌌을 때 댓글점 ㅎㅎ - dc official App,ㅇㅇ (59.13) 2022.10.20 18:57:33 스크랩 조회 329 추천 1 댓글 3,1,329,2022.10.20 18:57:33,https://gall.dcinside.com/mgallery/board/view/?id=pths&no=5882&page=13
13,5881,[일반],벌써 23수능 얼마 안남았군요,작년 이맘때쯤 69기 후배님박수를 받으며 정문을 나섰던게 어제같은데 벌써 69기 후배님들이 수능을 보는군요 남은 29일 화이팅해서 모두 본인이 원하는 대학 합격하시길 바랍니다. - dc official App,ㅇㅇ (183.105) 2022.10.19 22:56:14 스크랩 조회 241 추천 7 댓글 4,7,241,2022.10.19 22:56:14,https://gall.dcinside.com/mgallery/board/view/?id=pths&no=5881&page=13
13,5880,[일반],현역 고3 응원받고 가라,"작년 졸업생입니다. 평붕이들 다들 수능 잘봐서 나보단 좋은 대학교 가길 바랍니다. 올바른 평붕이라면 내신 던져놓고 지금을 기다려왔을거라 생각합니다. 내 얘기 같으면 개추 ㅋㅋㅋ 1년동안 점심,저녁시간 줄어서 밥 빨리 먹느라 식도염 생긴 사람도 있을거고, 하고싶은 축구도 마음껏 못한 후배님들도 있을겁니다. 그 서러운 마음을 가지고 독하게, 독하게 공부하십쇼. 이제와서 생각해보니 평고 고3은 1000만원을 주고 다시 하라그래도 절대 안 할 끔찍한 1년입니다. 지금까지 10개월 잘 버텨왔고 1달 남았습니다 1달. 11월엔 학교에서 놔준다고 롤 랭크나 옵치 2 돌리면 절대 안됩니다. 저는 그 1달을 날려서 인서울 겨우 했지만 여러분은 저와 같은 실수 안 하기를 바랍니다. 말이 너무 길었나요. 응원합니다. 얼굴도 모르는 선배가 훈수두는거같아 '니 알빠노' 같은 반응이 나올거 같네요 ㅋㅋ 그래도 응원합니다. 모든 평붕 후배님들이 절 뛰어넘길 진심으로 바랍니다. 긴글 읽어주셔서 감사하고 마음잡고 공부하십쇼. 한 달 뒤에 웃으며 갤에서 봅시다. - dc official App",허셜 2022.10.17 17:11:54 스크랩 조회 443 추천 15 댓글 7,15,443,2022.10.17 17:11:54,https://gall.dcinside.com/mgallery/board/view/?id=pths&no=5880&page=13
13,5879,[일반],온라인 전환 수능 일주일 전이 유력,기숙사 사감쌤 피셜 ㅇㅇ 확정난건 아니긴 한데 그렇대,ㅇㅇ (61.77) 2022.10.16 22:03:38 스크랩 조회 259 추천 0 댓글 3,0,259,2022.10.16 22:03:38,https://gall.dcinside.com/mgallery/board/view/?id=pths&no=5879&page=13
13,5876,[일반],학교 와이파이 루리웹 막았네 ㅠㅠㅠ,루리웹하게 해줘,ㅇㅇ (59.13) 2022.10.13 21:59:05 스크랩 조회 483 추천 0 댓글 6,0,483,2022.10.13 21:59:05,https://gall.dcinside.com/mgallery/board/view/?id=pths&no=5876&page=13
13,5875,[일반],1교시에 외국인이였으면 개추 ㅋㅋ,ㅇㄷㄴㅂㅌ ㅋㅋ - dc official App,dasiima 2022.10.12 20:23:48 스크랩 조회 296 추천 0 댓글 6,0,296,2022.10.12 20:23:48,https://gall.dcinside.com/mgallery/board/view/?id=pths&no=5875&page=13
13,5873,[일반],비전고등학교같은 개잡좆반고 수능에서 바른다<--개추,ㄱㅊ,ㅇㅇ (223.38) 2022.10.12 11:57:00 스크랩 조회 862 추천 21 댓글 1,21,862,2022.10.12 11:57:00,https://gall.dcinside.com/mgallery/board/view/?id=pths&no=5873&page=13
13,5871,[일반],금딸 스타트,목표 20시간,ㅇㅇ (175.223) 2022.10.11 01:42:04 스크랩 조회 165 추천 0 댓글 0,0,165,2022.10.11 01:42:04,https://gall.dcinside.com/mgallery/board/view/?id=pths&no=5871&page=13
13,5870,[일반],평고 체대 15일 맞냐?,우리 그때 현체가는데 점심시간에 나와서 구경갈거,평여고 (112.168) 2022.10.10 11:27:27 스크랩 조회 200 추천 0 댓글 1,0,200,2022.10.10 11:27:27,https://gall.dcinside.com/mgallery/board/view/?id=pths&no=5870&page=13
13,5866,[일반],논란의 고2 내신 미적분 5번 문제,"삼각형 ABC 에서 tanAtanBtanC = 5 가 성립할 때 , tanA + tanB + tanC 의 값은 ? 물론 교과서 내용이고 시험 볼 때 즉석 증명 가능하긴 하지만 5 번에서 툭 튀어나온게 문제 .. ㅋㅋ 시험지 받고 첫장 볼때 애들 표정이 .. ㅠㅠ - dc official App",ㅇㅇ (119.69) 2022.10.07 22:49:55 스크랩 조회 564 추천 1 댓글 5,1,564,2022.10.07 22:49:55,https://gall.dcinside.com/mgallery/board/view/?id=pths&no=5866&page=13
13,5865,[일반],66기 졸업생 오랜만에 놀러왓슴,갤러리 망함? 우리때는 활발했었는데...,ㅇㅇ (49.161) 2022.10.07 21:45:26 스크랩 조회 202 추천 0 댓글 1,0,202,2022.10.07 21:45:26,https://gall.dcinside.com/mgallery/board/view/?id=pths&no=5865&page=13
13,5864,[일반],고3게이들은 피방에 왜있노? ㅋㅋㅋ,수능 준비 안하노 ㅅㅂㅋㅋ,ㅇㅇ (183.100) 2022.10.07 12:21:22 스크랩 조회 338 추천 1 댓글 4,1,338,2022.10.07 12:21:22,https://gall.dcinside.com/mgallery/board/view/?id=pths&no=5864&page=13
13,5863,[일반],이제부터 여긴 맨체스터 유나이티드 갤러리다,,ㅇㅇ (59.13) 2022.10.06 21:18:57 스크랩 조회 234 추천 2 댓글 12,2,234,2022.10.06 21:18:57,https://gall.dcinside.com/mgallery/board/view/?id=pths&no=5863&page=13
13,5859,[일반],시험범위도 모르는 정시파이터 게이면 개추 ㅋㅋㅋ,ㅇㄷㄴㅂㅌ ㅋㅋㅋ,ㅇㅇ (49.163) 2022.10.05 07:23:30 스크랩 조회 219 추천 3 댓글 2,3,219,2022.10.05 07:23:30,https://gall.dcinside.com/mgallery/board/view/?id=pths&no=5859&page=13
13,5858,[일반],ㄷㅅㅁ 게이야 독서실에서 피뎁 그만 뽑아라,얼마나 뽑는거노 ㅋㅋㅋㅋㅋㅋㅋㅋㅋ,ㅇㅇ (183.100) 2022.10.03 21:22:19 스크랩 조회 330 추천 1 댓글 3,1,330,2022.10.03 21:22:19,https://gall.dcinside.com/mgallery/board/view/?id=pths&no=5858&page=13
13,5857,[일반],수능 D-45 여기 보내주면 간다 안간다,세종머 ㅇㅇ 간다 추 안간다 비추,ㅇㅇ (39.117) 2022.10.03 02:54:05 스크랩 조회 438 추천 8 댓글 1,8,438,2022.10.03 02:54:05,https://gall.dcinside.com/mgallery/board/view/?id=pths&no=5857&page=13
13,5856,[일반],중딩들 시험 언제 끝나냐,독서실 강점기 괴로워요 - dc official App,dasiima 2022.10.02 00:30:32 스크랩 조회 238 추천 0 댓글 2,0,238,2022.10.02 00:30:32,https://gall.dcinside.com/mgallery/board/view/?id=pths&no=5856&page=13
13,5855,[일반],게이들아 나 중3인데,평고 들어갈려하는데 니네 국어 출판사 어디 다음학기에 국어 출판사 그대로겠지? 평고에 전화해서 물어볼려했는데 주말이라 참았다. 내신 지금 195인데 충분하지? 이번 중간 기말 평균80만 맞고 고등꺼 공부간다. 내신 180컷 맞춰서 평고 들어가지겠지?,11111 (223.38) 2022.10.01 16:41:01 스크랩 조회 444 추천 0 댓글 8,0,444,2022.10.01 16:41:01,https://gall.dcinside.com/mgallery/board/view/?id=pths&no=5855&page=13
13,5854,[일반],버스 운행한다 ㅋㅋ,어림도 없지 극적타결 정상등교 ㅋㅋ,■■ㅇㅇ (116.36) 2022.09.30 04:57:25 스크랩 조회 131 추천 0 댓글 0,0,131,2022.09.30 04:57:25,https://gall.dcinside.com/mgallery/board/view/?id=pths&no=5854&page=13
13,5853,[일반],게이들아 가정학습 쓸거냐,ㅈㄴ고민이네 - dc official App,dasiima 2022.09.30 00:39:53 스크랩 조회 260 추천 0 댓글 2,0,260,2022.09.30 00:39:53,https://gall.dcinside.com/mgallery/board/view/?id=pths&no=5853&page=13
13,5852,[일반],버스 파업 어케됐냐,내일 버스 없으면 학교 안가도 됨?,ㅇㅇ (110.70) 2022.09.29 22:23:50 스크랩 조회 158 추천 0 댓글 1,0,158,2022.09.29 22:23:50,https://gall.dcinside.com/mgallery/board/view/?id=pths&no=5852&page=13
13,5851,[일반],본인이 고3인데 50일이 아니라 415일 남은거같으면 개추,ㅇㄷㄴㅂㅌ ㅋㅋ,ㅇㅇ (106.101) 2022.09.28 16:11:46 스크랩 조회 268 추천 9 댓글 0,9,268,2022.09.28 16:11:46,https://gall.dcinside.com/mgallery/board/view/?id=pths&no=5851&page=13
13,5850,[일반],고3대상 50일 기념 설문조사,광운대 << 주면 가냐?​ ​간다 개추 안간다 비추 - dc official App,유대종 (49.161) 2022.09.28 07:20:43 스크랩 조회 263 추천 6 댓글 1,6,263,2022.09.28 07:20:43,https://gall.dcinside.com/mgallery/board/view/?id=pths&no=5850&page=13
13,5849,[일반],50일 입갤 ㅋㅋ,씨발 시간 너무 빠른거 아니냐고 ㅋㅋ - dc official App,dasiima 2022.09.28 01:07:37 스크랩 조회 149 추천 1 댓글 1,1,149,2022.09.28 01:07:37,https://gall.dcinside.com/mgallery/board/view/?id=pths&no=5849&page=13
13,5842,[일반],씨발 위탁급식 뭐임 ??,김밥에 들어갈만한 햄 세조각에 브로콜리 하나 존나 밍밍한 쓰레기 새우국물 그나마 맛있는 고기 조금 <— 더 달라고 하니까 딱 두점 더 주더라 산 같은 밥덩이 아직 위탁급식 많이 남았는데 이런 식이면 나도 공부 못하지,올매 2022.09.20 19:53:44 스크랩 조회 794 추천 20 댓글 5,20,794,2022.09.20 19:53:44,https://gall.dcinside.com/mgallery/board/view/?id=pths&no=5842&page=13
13,5840,[일반],배정혁 재수한다는데?,아님말고 ㅋㅋㅋ,정혁ㄱ (59.13) 2022.09.20 13:48:37 스크랩 조회 580 추천 7 댓글 1,7,580,2022.09.20 13:48:37,https://gall.dcinside.com/mgallery/board/view/?id=pths&no=5840&page=13
13,5838,[일반],아무래도 수능 조진거같다,https://youtu.be/f7uiBuGN1no 10월 5일 어케참는데,ㅇㅇ (183.100) 2022.09.15 23:11:49 스크랩 조회 294 추천 0 댓글 0,0,294,2022.09.15 23:11:49,https://gall.dcinside.com/mgallery/board/view/?id=pths&no=5838&page=13
13,5837,[일반],방송듣고 화난새끼 = 축구본새끼,까놓고말해서 방송 내용에 틀린말이 어딨냐? ㅋㅋㅋ 닥치고 공부했으면 해당사항 1도 없는데,윤통시 (106.101) 2022.09.15 21:02:02 스크랩 조회 443 추천 6 댓글 1,6,443,2022.09.15 21:02:02,https://gall.dcinside.com/mgallery/board/view/?id=pths&no=5837&page=13
13,5833,[일반],근데 왜 국 안주냐,화가납니다 - dc official App,dasiima 2022.09.14 22:26:36 스크랩 조회 412 추천 8 댓글 1,8,412,2022.09.14 22:26:36,https://gall.dcinside.com/mgallery/board/view/?id=pths&no=5833&page=13
13,5830,[일반],한밤중에 너무 배고파서,초코파이 하나 한입에 넣고 울었다,ㅇㅇ (175.223) 2022.09.13 01:48:03 스크랩 조회 234 추천 0 댓글 1,0,234,2022.09.13 01:48:03,https://gall.dcinside.com/mgallery/board/view/?id=pths&no=5830&page=13
13,5828,[일반],완장 탄핵 기원 5일차,예아,ㅇㅇ (110.70) 2022.09.10 08:37:31 스크랩 조회 234 추천 2 댓글 1,2,234,2022.09.10 08:37:31,https://gall.dcinside.com/mgallery/board/view/?id=pths&no=5828&page=13
13,5827,[일반],평붕이들은 몇딸?,난 1일1딸인데,ㅇㅇ (110.70) 2022.09.09 16:27:09 스크랩 조회 351 추천 0 댓글 1,0,351,2022.09.09 16:27:09,https://gall.dcinside.com/mgallery/board/view/?id=pths&no=5827&page=13
13,5826,[일반],우흥,학교가 서울쪽이라 당일치기 ㅆㄱㄴ... 평고 얘기)ㅅㅈㅇ쌤 잘 계시냐? 한번 인사 드리러 가야하는디 시간이 안나노...,다이아이아 2022.09.08 17:21:53 스크랩 조회 231 추천 0 댓글 2,0,231,2022.09.08 17:21:53,https://gall.dcinside.com/mgallery/board/view/?id=pths&no=5826&page=13
13,5825,[일반],무이파 화이팅!,훈련 취소 기원 1일차 - dc official App,롱보이A. 2022.09.08 16:59:37 스크랩 조회 113 추천 0 댓글 0,0,113,2022.09.08 16:59:37,https://gall.dcinside.com/mgallery/board/view/?id=pths&no=5825&page=13
13,5824,[일반],본인이 추석 연휴때도 기숙사에 박혀있어야 하는 평붕이만 개추,ㅇㅇ,ㅇㅇ (124.58) 2022.09.07 22:00:14 스크랩 조회 234 추천 1 댓글 1,1,234,2022.09.07 22:00:14,https://gall.dcinside.com/mgallery/board/view/?id=pths&no=5824&page=13
13,5823,[일반],완장 탄핵 기원 4일차,3일차엿나,ㅇㅇ (59.13) 2022.09.07 22:00:01 스크랩 조회 277 추천 7 댓글 2,7,277,2022.09.07 22:00:01,https://gall.dcinside.com/mgallery/board/view/?id=pths&no=5823&page=13
13,5822,[일반],언매붕이들 언매 몇분걸리냐?,ㅇㅇ - dc official App,ㅇㅇ (112.157) 2022.09.06 22:26:29 스크랩 조회 263 추천 2 댓글 3,2,263,2022.09.06 22:26:29,https://gall.dcinside.com/mgallery/board/view/?id=pths&no=5822&page=13
13,5820,[일반],한남노 화이팅!!!,힘내!!!!,올매 2022.09.05 22:14:01 스크랩 조회 183 추천 1 댓글 0,1,183,2022.09.05 22:14:01,https://gall.dcinside.com/mgallery/board/view/?id=pths&no=5820&page=13
13,5819,[질문],07) 평고 재학생/졸업생 분들 중학교 내신 어느정도 나오심?,중3 1학기까지 가내신 195 나오는데 평고 가면 어느정도 위치임?,ㅇㅇ (175.113) 2022.09.04 19:32:09 스크랩 조회 1124 추천 0 댓글 12,0,1124,2022.09.04 19:32:09,https://gall.dcinside.com/mgallery/board/view/?id=pths&no=5819&page=13
13,5818,[일반],태풍 뉴스에서 말하는 수준으로 오면 휴교하겠지?,기숙사는 가둬서 자습시킬테고 ㅅㅂ,ㅇㅇ (39.117) 2022.09.04 10:28:49 스크랩 조회 219 추천 0 댓글 0,0,219,2022.09.04 10:28:49,https://gall.dcinside.com/mgallery/board/view/?id=pths&no=5818&page=13
13,5817,[일반],현역장병으로 갈바에는,ROTC나 민간부사관으로 입대해서 간부 깔짝이다가 전역해라 ㄹㅇ 기간은 별로 차이 안나는데 월급 약 3배 차이나고 몸도 편하고 여친 만들기도 좋음 - dc official App,롱보이A. 2022.09.03 15:54:24 스크랩 조회 331 추천 0 댓글 21,0,331,2022.09.03 15:54:24,https://gall.dcinside.com/mgallery/board/view/?id=pths&no=5817&page=13
13,5816,[일반],완장 탄핵 기원 2일차,ㅎㅇㅌ,ㅇㅇ (59.13) 2022.09.03 13:34:11 스크랩 조회 138 추천 3 댓글 0,3,138,2022.09.03 13:34:11,https://gall.dcinside.com/mgallery/board/view/?id=pths&no=5816&page=13
13,5814,[일반],재수각 보이면 개추 ㅋㅋ,ㅇㄷㄴㅂㅌ ㅋㅋ,유대종 (49.163) 2022.08.31 18:43:16 스크랩 조회 394 추천 12 댓글 1,12,394,2022.08.31 18:43:16,https://gall.dcinside.com/mgallery/board/view/?id=pths&no=5814&page=13
14,5813,[일반],모의고사 본다고 해서,폰이랑 패드 낸 쫄보 없지?ㅋㅋ,ㅇㅇ (110.70) 2022.08.31 14:29:13 스크랩 조회 172 추천 0 댓글 0,0,172,2022.08.31 14:29:13,https://gall.dcinside.com/mgallery/board/view/?id=pths&no=5813&page=14
14,5812,[일반],9모 파이팅,노노재수 - dc official App,dasiima 2022.08.31 00:08:09 스크랩 조회 254 추천 6 댓글 1,6,254,2022.08.31 00:08:09,https://gall.dcinside.com/mgallery/board/view/?id=pths&no=5812&page=14
14,5809,[일반],고3들 투표좀,그냥 궁금해서,유대종 (106.101) 2022.08.27 22:23:26 스크랩 조회 333 추천 0 댓글 3,0,333,2022.08.27 22:23:26,https://gall.dcinside.com/mgallery/board/view/?id=pths&no=5809&page=14
14,5807,[일반],평마갤 아직도 있노,.,ㅇㅇ (223.38) 2022.08.26 16:13:07 스크랩 조회 205 추천 0 댓글 1,0,205,2022.08.26 16:13:07,https://gall.dcinside.com/mgallery/board/view/?id=pths&no=5807&page=14
14,5806,[일반],무서운이야기),고3 평붕이들의 시간은 약 3배 더 빠르게 흐른다 .. 진짜임 ㄹㅇ - dc official App,dasiima 2022.08.26 00:52:24 스크랩 조회 256 추천 0 댓글 2,0,256,2022.08.26 00:52:24,https://gall.dcinside.com/mgallery/board/view/?id=pths&no=5806&page=14
14,5804,[일반],3학년 담임쌤들 어떻노,"1,2학년때랑은 확실히 다른가여 왠지 멀리서 봐도 무서움",ㅋㅋ (59.13) 2022.08.25 20:09:29 스크랩 조회 724 추천 3 댓글 8,3,724,2022.08.25 20:09:29,https://gall.dcinside.com/mgallery/board/view/?id=pths&no=5804&page=14
14,5801,[일반],완장 탄핵 기원 1일차,.,ㅇㅇ (110.70) 2022.08.24 18:21:09 스크랩 조회 193 추천 0 댓글 1,0,193,2022.08.24 18:21:09,https://gall.dcinside.com/mgallery/board/view/?id=pths&no=5801&page=14
14,5799,[일반],메이플 갤 야짤 1시간 째 안 짤리네,오우.. - dc official App,ㅇㅇ (59.13) 2022.08.21 16:47:08 스크랩 조회 189 추천 0 댓글 0,0,189,2022.08.21 16:47:08,https://gall.dcinside.com/mgallery/board/view/?id=pths&no=5799&page=14
14,5797,[일반],N수는 존나 힘들다 ㅅㅂ,직종에 관계없이 단순히 학벌만 높이려는 시도라면..... 하지 않는게 좋은 듯 하다 수시로 ㄱㄱ,ㅇㅇ (61.254) 2022.08.19 19:22:29 스크랩 조회 337 추천 1 댓글 2,1,337,2022.08.19 19:22:29,https://gall.dcinside.com/mgallery/board/view/?id=pths&no=5797&page=14
14,5793,[일반],대학을가도 학교가기 싫은건 똑같네,진짜 ㅈ같다ㅋㅋㅋㅋㅋ - dc official App,ㅇㅇ (211.207) 2022.08.16 16:50:31 스크랩 조회 376 추천 0 댓글 5,0,376,2022.08.16 16:50:31,https://gall.dcinside.com/mgallery/board/view/?id=pths&no=5793&page=14
14,5791,[일반],아,개강하기싫다,ㅇㅇ (210.205) 2022.08.16 15:35:44 스크랩 조회 113 추천 0 댓글 0,0,113,2022.08.16 15:35:44,https://gall.dcinside.com/mgallery/board/view/?id=pths&no=5791&page=14
14,5790,[일반],아,개학하기싫다,502 2022.08.16 14:51:38 스크랩 조회 104 추천 0 댓글 0,0,104,2022.08.16 14:51:38,https://gall.dcinside.com/mgallery/board/view/?id=pths&no=5790&page=14
14,5789,[일반],개학 ㅈ같으면 개추 ㅋㅋ,ㅇㄷㄴㅂㅌ ㅋㅋ,유대종 (106.101) 2022.08.16 12:36:01 스크랩 조회 350 추천 13 댓글 3,13,350,2022.08.16 12:36:01,https://gall.dcinside.com/mgallery/board/view/?id=pths&no=5789&page=14
14,5788,[일반],이거뭐냐?,주작이지,ㅇㅇ (106.101) 2022.08.15 20:43:13 스크랩 조회 527 추천 24 댓글 6,24,527,2022.08.15 20:43:13,https://gall.dcinside.com/mgallery/board/view/?id=pths&no=5788&page=14
14,5787,[일반],지금 3학년은 2층한번도 못쓰고 졸업이냐?,2층 솔직히 ㅈㄴ 좋은데 - dc official App,ㅇㅇ (223.38) 2022.08.14 10:24:42 스크랩 조회 374 추천 0 댓글 2,0,374,2022.08.14 10:24:42,https://gall.dcinside.com/mgallery/board/view/?id=pths&no=5787&page=14
14,5786,[일반],68기 센빠이들 질문점,3학년 2학기 수업함? 대충 할거같은 과목은 2개?정도 보이는데 나머진 거의 자습줌??? - dc official App,dasiima 2022.08.14 00:37:22 스크랩 조회 299 추천 0 댓글 6,0,299,2022.08.14 00:37:22,https://gall.dcinside.com/mgallery/board/view/?id=pths&no=5786&page=14
14,5785,[일반],수학 기출문제집 5 6장 정도 푸는 데 몇시강 걸림?,ㅇㅇㅇㅇㅇㅇ - dc official App,ㅇㅇ (112.157) 2022.08.12 02:13:13 스크랩 조회 292 추천 0 댓글 2,0,292,2022.08.12 02:13:13,https://gall.dcinside.com/mgallery/board/view/?id=pths&no=5785&page=14
14,5784,[일반],수능 100일 남은 시점 ...,팡운대 주면 가냐?,윤도영 (222.99) 2022.08.09 23:18:13 스크랩 조회 269 추천 0 댓글 2,0,269,2022.08.09 23:18:13,https://gall.dcinside.com/mgallery/board/view/?id=pths&no=5784&page=14
14,5783,[일반],완장 직무유기 괘심하거든요?,그죠!,ㅇㅇ (123.215) 2022.08.09 11:42:05 스크랩 조회 296 추천 0 댓글 2,0,296,2022.08.09 11:42:05,https://gall.dcinside.com/mgallery/board/view/?id=pths&no=5783&page=14
14,5781,[일반],평붕이 실시간 큰 일 났다,구라다 나가라,ㅇㅇ (106.101) 2022.08.09 00:06:31 스크랩 조회 535 추천 9 댓글 0,9,535,2022.08.09 00:06:31,https://gall.dcinside.com/mgallery/board/view/?id=pths&no=5781&page=14
14,5777,[일반],느그들은 커서 편의점 야간 알바 뉴코아 근처에서 하지말거라...,"커플들(나이 특정 불가능,광범위)이 콘돔 ㅈㄴ사가고 회전률 높아서 최저시급 먹는건 다른데랑 같은디 고생은 2배로 함 어으 힘들어 - dc official App",허셜 2022.08.06 04:10:12 스크랩 조회 467 추천 3 댓글 4,3,467,2022.08.06 04:10:12,https://gall.dcinside.com/mgallery/board/view/?id=pths&no=5777&page=14
14,5776,[일반],드디어 떳노 ㅋㅋㅋㅋ,https://www.youtube.com/watch?v=jk7QSGwupPA 승리의 톱스퍼거 ㅋㅋㅋ - dc official App,dasiima 2022.08.05 21:24:05 스크랩 조회 257 추천 0 댓글 0,0,257,2022.08.05 21:24:05,https://gall.dcinside.com/mgallery/board/view/?id=pths&no=5776&page=14
14,5775,[일반],평고에서 안중이머냐? 안성시내가머냐?,80번 98번 타고 안중읍내 가는거랑 50번타고 안성시내 가는거랑 어떤게 더 오래 걸리냐?,ㅇㅇ (124.199) 2022.08.05 01:39:46 스크랩 조회 316 추천 0 댓글 2,0,316,2022.08.05 01:39:46,https://gall.dcinside.com/mgallery/board/view/?id=pths&no=5775&page=14
14,5773,[일반],인서울 오면 하는 짓..,심야버스 타고 새벽에 원순 축제 줄서러 가기..,ㅇㅇ (223.38) 2022.08.02 03:07:59 스크랩 조회 454 추천 4 댓글 3,4,454,2022.08.02 03:07:59,https://gall.dcinside.com/mgallery/board/view/?id=pths&no=5773&page=14
14,5771,[일반],본인이 오늘부로 군인의 꿈을 접게된 평붕이면 개추,ㅇㄷㄴㅂㅌ,ㅇㅇ (106.101) 2022.07.30 14:04:41 스크랩 조회 585 추천 12 댓글 6,12,585,2022.07.30 14:04:41,https://gall.dcinside.com/mgallery/board/view/?id=pths&no=5771&page=14
14,5770,[일반],D-Day,사관학교 힘내라 - dc official App,ㅇㅇ (182.210) 2022.07.30 00:55:55 스크랩 조회 240 추천 2 댓글 1,2,240,2022.07.30 00:55:55,https://gall.dcinside.com/mgallery/board/view/?id=pths&no=5770&page=14
14,5769,[일반],치카사랑해 보고싶다,ㅈㄱㄴ - dc official App,ㅇㅇ (223.38) 2022.07.29 21:06:23 스크랩 조회 313 추천 6 댓글 1,6,313,2022.07.29 21:06:23,https://gall.dcinside.com/mgallery/board/view/?id=pths&no=5769&page=14
14,5766,[질문],"서평택권(안중,포승,청북) 물내신 197 중붕이인데 평고 가는게 낫나요?",지금 읍에서 6년동안 거주중이라 농어촌도 가능한데 평고가 메리트가 있을까요??,ㅇㅇ (124.58) 2022.07.26 23:26:51 스크랩 조회 650 추천 0 댓글 11,0,650,2022.07.26 23:26:51,https://gall.dcinside.com/mgallery/board/view/?id=pths&no=5766&page=14
14,5765,[일반],평택에 괜찮은 영어나 국어학원 없냐,지문 암기 안 시키는 곳 엊ㅅ나,ㅇㅇ (112.168) 2022.07.25 13:15:05 스크랩 조회 522 추천 0 댓글 5,0,522,2022.07.25 13:15:05,https://gall.dcinside.com/mgallery/board/view/?id=pths&no=5765&page=14
14,5764,[일반],220724 애니메 추천,원더 에그 프라이오리티,502 2022.07.24 02:47:17 스크랩 조회 138 추천 0 댓글 1,0,138,2022.07.24 02:47:17,https://gall.dcinside.com/mgallery/board/view/?id=pths&no=5764&page=14
14,5763,[일반],오늘 합정가서 얻은것들,우흥~,다이아이아 2022.07.23 16:43:55 스크랩 조회 351 추천 0 댓글 6,0,351,2022.07.23 16:43:55,https://gall.dcinside.com/mgallery/board/view/?id=pths&no=5763&page=14
14,5762,[일반],합정왔다ㅋㅋ,사람 존~~~나많아ㅋㅋ,다이아이아 2022.07.23 07:06:57 스크랩 조회 234 추천 1 댓글 3,1,234,2022.07.23 07:06:57,https://gall.dcinside.com/mgallery/board/view/?id=pths&no=5762&page=14
14,5761,[일반],220722 보카로 노래 추천,https://www.youtube.com/watch?v=AS4q9yaWJkI 어제 11번째로 신화입성한 하치(요네즈 켄시)의 砂の惑星(모래의 행성),ㅇㅇ (175.223) 2022.07.22 10:38:31 스크랩 조회 124 추천 0 댓글 0,0,124,2022.07.22 10:38:31,https://gall.dcinside.com/mgallery/board/view/?id=pths&no=5761&page=14
14,5759,[일반],평고 기숙사 유일한 추억,그건 바로 베란다에서 몰래 배달음식 시켜먹기 캬캬 4명이서 그 좁은 공간에 존나 낑겨서 며칠 굶은 금수새끼마냥 허버허버 먹을 때가 ㄹㅇ 행복사였는데 ㅋㅋ 컵라면은 옆방 애들한테 텀블러 2개정도 빌려서 사감 점호 전에 미리 뜨거운 물 받아놓고 점호 끝나면 바로 뚝딱하곤 했지 ㅇㅇ.. 요즘은 이렇게 안함?,천원주면키스해주는놈 2022.07.19 02:42:52 스크랩 조회 1095 추천 16 댓글 2,16,1095,2022.07.19 02:42:52,https://gall.dcinside.com/mgallery/board/view/?id=pths&no=5759&page=14
14,5758,[일반],3학년 수학 김ㅅㅅ샘 잘 계시나,그 외 몇몇 친한 쌤들 잇엇는데 그렇다고 보러 가긴 좀 쪽팔림,천원주면키스해주는놈 2022.07.19 02:30:10 스크랩 조회 802 추천 5 댓글 7,5,802,2022.07.19 02:30:10,https://gall.dcinside.com/mgallery/board/view/?id=pths&no=5758&page=14
14,5757,[일반],시발련,졸업했지만 다시 생각해도 ㅈ같네 어떤애가 과학 연구 어쩌구 같이할꺼냐고 물어봐서 한다고 했는데 며칠뒤 물어보니 이미 팀 짰다고 시발련이 17살 나이에 ㅈㄴ 상처였다,ㅇㅇ (175.223) 2022.07.19 00:11:28 스크랩 조회 392 추천 0 댓글 3,0,392,2022.07.19 00:11:28,https://gall.dcinside.com/mgallery/board/view/?id=pths&no=5757&page=14
14,5755,[일반],news,슈퍼스타 2기,dasiima 2022.07.17 22:11:41 스크랩 조회 240 추천 0 댓글 5,0,240,2022.07.17 22:11:41,https://gall.dcinside.com/mgallery/board/view/?id=pths&no=5755&page=14
14,5754,[일반],220715,S2,502 2022.07.15 08:07:17 스크랩 조회 182 추천 0 댓글 3,0,182,2022.07.15 08:07:17,https://gall.dcinside.com/mgallery/board/view/?id=pths&no=5754&page=14
14,5753,[일반],220715 애니메 추천,Serial Experiments Lain,502 2022.07.15 08:00:21 스크랩 조회 122 추천 0 댓글 0,0,122,2022.07.15 08:00:21,https://gall.dcinside.com/mgallery/board/view/?id=pths&no=5753&page=14
14,5751,[일반],2학년 화장실에 똥싸러 갔는데,도대체 왜 문을 안잠구고 똥을싸는거냐,ㅇㅇ (59.13) 2022.07.14 07:54:31 스크랩 조회 533 추천 0 댓글 3,0,533,2022.07.14 07:54:31,https://gall.dcinside.com/mgallery/board/view/?id=pths&no=5751&page=14
14,5749,[일반],3학년 화장실,여기 쥐나오누.. 볼일보다 발작했네,ㅇㅇ (106.101) 2022.07.11 10:18:52 스크랩 조회 546 추천 3 댓글 6,3,546,2022.07.11 10:18:52,https://gall.dcinside.com/mgallery/board/view/?id=pths&no=5749&page=14
14,5747,[일반],선거글에 대한 강압적인 탄압에 관하여 사과드립니다,죄송합니다 다음부터는 과격하다 싶을 정도의 비방 및타인의 언급을 원치 않은 피해자의 의사에 반하는 것만 지우겠습니다 정말 죄송합니다 - dc official App,Recovery_2010 2022.07.09 21:48:08 스크랩 조회 640 추천 7 댓글 4,7,640,2022.07.09 21:48:08,https://gall.dcinside.com/mgallery/board/view/?id=pths&no=5747&page=14
14,5746,[일반],쌀.. 형거같아..,이왜진?,ㅇㅇ (117.111) 2022.07.09 20:24:14 스크랩 조회 591 추천 11 댓글 0,11,591,2022.07.09 20:24:14,https://gall.dcinside.com/mgallery/board/view/?id=pths&no=5746&page=14
14,5745,[일반],속보))) 3학년들아 이거 뭐냐?,어그로니까 나가라 ㅇㅇ,ㅇㅇ (106.101) 2022.07.09 17:48:35 스크랩 조회 1016 추천 13 댓글 1,13,1016,2022.07.09 17:48:35,https://gall.dcinside.com/mgallery/board/view/?id=pths&no=5745&page=14
14,5743,[일반],아니 근데,선거 관련 문제가 뭐가 있음? 늦게 와서 못 봄,ㅇㅇ (211.243) 2022.07.09 08:29:46 스크랩 조회 325 추천 1 댓글 1,1,325,2022.07.09 08:29:46,https://gall.dcinside.com/mgallery/board/view/?id=pths&no=5743&page=14
14,5742,[일반],학생회 얘기가 나와서 말인데,솔직히 평고내 세대갈등 ㅈㄴ 심하지 않냐? 이것 좀 해결해줬으면 좋겠는데,ㅇㅇ (14.5) 2022.07.09 00:44:25 스크랩 조회 595 추천 3 댓글 3,3,595,2022.07.09 00:44:25,https://gall.dcinside.com/mgallery/board/view/?id=pths&no=5742&page=14
14,5738,[일반],파딱 일 안하냐,차단한다면서 잠수타네,ㅇㅇ (182.209) 2022.07.08 23:15:17 스크랩 조회 233 추천 2 댓글 0,2,233,2022.07.08 23:15:17,https://gall.dcinside.com/mgallery/board/view/?id=pths&no=5738&page=14
14,5733,[일반],후보자 비난은 삭제됩니다,비난과 비평은 다른거에요,올매 2022.07.08 22:08:18 스크랩 조회 330 추천 3 댓글 0,3,330,2022.07.08 22:08:18,https://gall.dcinside.com/mgallery/board/view/?id=pths&no=5733&page=14
14,5719,[일반],7모로 show and prove 실패했으면 개추 ㅋㅋ,야단코부터 ㅋㅋㅋ - dc official App,dasiima 2022.07.06 22:19:28 스크랩 조회 313 추천 1 댓글 6,1,313,2022.07.06 22:19:28,https://gall.dcinside.com/mgallery/board/view/?id=pths&no=5719&page=14
14,5717,[일반],7모 하루전 마음가짐,정시파이터지만 9모때 증명하기!,ㅇㅈㅁ (59.13) 2022.07.05 07:56:46 스크랩 조회 195 추천 0 댓글 1,0,195,2022.07.05 07:56:46,https://gall.dcinside.com/mgallery/board/view/?id=pths&no=5717&page=14
15,5716,[일반],넥슨이 제 인생을 바꿔줬습니다,고3에서 해방이 되어버려,올매 2022.07.04 01:21:21 스크랩 조회 251 추천 0 댓글 2,0,251,2022.07.04 01:21:21,https://gall.dcinside.com/mgallery/board/view/?id=pths&no=5716&page=15
15,5715,[일반],라때는 8시 등교였는데 요즘애들은어떠냐,그때는 ㄹㅇ 10시까지 야자하고그러면 살자마려웠다,ㅇㅇ (223.38) 2022.07.01 22:21:32 스크랩 조회 370 추천 0 댓글 3,0,370,2022.07.01 22:21:32,https://gall.dcinside.com/mgallery/board/view/?id=pths&no=5715&page=15
15,5714,[일반],정시파이터들아 기말 끝났다고 좋아하면 안되는 이유 떴다,6일 후 7모에서 진정한 정시파이터임을 ''증명'' 해야 되기 때문이다..,ㅇㅇ (106.101) 2022.06.30 21:17:47 스크랩 조회 619 추천 14 댓글 1,14,619,2022.06.30 21:17:47,https://gall.dcinside.com/mgallery/board/view/?id=pths&no=5714&page=15
15,5713,[일반],복귀를 축하합니다,삶의 낙이시여 - dc official App,Recovery_2010 2022.06.30 19:57:31 스크랩 조회 254 추천 2 댓글 0,2,254,2022.06.30 19:57:31,https://gall.dcinside.com/mgallery/board/view/?id=pths&no=5713&page=15
15,5712,[일반],"내일 피시방 갈 ""정시파이터""는 개추 ㅋㅋㅋ",ㅇㄷㄴㅂㅌ ㅋㅋㅋ,ㅇㅇ (222.99) 2022.06.30 19:29:38 스크랩 조회 219 추천 3 댓글 1,3,219,2022.06.30 19:29:38,https://gall.dcinside.com/mgallery/board/view/?id=pths&no=5712&page=15
15,5711,[일반],3학년 전담이 그렇게 많냐,진짜 담배는 많이 봤어도 오히려 전담은 한번도 못봤는데,ㅇㅇ (223.62) 2022.06.30 18:11:49 스크랩 조회 359 추천 0 댓글 1,0,359,2022.06.30 18:11:49,https://gall.dcinside.com/mgallery/board/view/?id=pths&no=5711&page=15
15,5710,[일반],내일 거하게 놀거면 개추,시험 조졌어도 노는건 독립시행이면 개추,ㅇㅈㅁ (118.131) 2022.06.30 17:54:02 스크랩 조회 120 추천 2 댓글 0,2,120,2022.06.30 17:54:02,https://gall.dcinside.com/mgallery/board/view/?id=pths&no=5710&page=15
15,5708,[질문],여기가 그 유우우명한 사람 다니는 곳 맞나요?,Aplp인가,ㅇㅇ (222.233) 2022.06.29 00:58:37 스크랩 조회 444 추천 4 댓글 1,4,444,2022.06.29 00:58:37,https://gall.dcinside.com/mgallery/board/view/?id=pths&no=5708&page=15
15,5707,[일반],좋은말할때 나와라,나말고 나머지 누구냐 - dc official App,dasiima 2022.06.28 17:47:03 스크랩 조회 348 추천 0 댓글 3,0,348,2022.06.28 17:47:03,https://gall.dcinside.com/mgallery/board/view/?id=pths&no=5707&page=15
15,5706,[일반],오늘 3학년 만나는데,깝치면 패야지 아이 캔 두!,ㅇㅇ (59.13) 2022.06.28 08:19:53 스크랩 조회 323 추천 0 댓글 3,0,323,2022.06.28 08:19:53,https://gall.dcinside.com/mgallery/board/view/?id=pths&no=5706&page=15
15,5705,[일반],3학년 화장실 말딸하는놈  누구냐,목소리 테이오인거같던데 ㅋㅋㅋㅋㅋ - dc official App,dasiima 2022.06.27 22:09:33 스크랩 조회 564 추천 1 댓글 4,1,564,2022.06.27 22:09:33,https://gall.dcinside.com/mgallery/board/view/?id=pths&no=5705&page=15
15,5703,[일반],기말 D-2 낮잠자느라 오후를 다날렸다....,이거 ㅈ된거냐?,ㅇㅇ (210.223) 2022.06.26 15:23:22 스크랩 조회 155 추천 1 댓글 0,1,155,2022.06.26 15:23:22,https://gall.dcinside.com/mgallery/board/view/?id=pths&no=5703&page=15
15,5701,[일반],이투스 얼마임??,말 다다르길래,ㅇㅇ (106.101) 2022.06.22 22:10:51 스크랩 조회 337 추천 0 댓글 1,0,337,2022.06.22 22:10:51,https://gall.dcinside.com/mgallery/board/view/?id=pths&no=5701&page=15
15,5700,[일반],중학생들한테 평고오지말고 다른학교 가라는 평붕이들 특징,막상 지는 절대 다른학교 안감 (특목고 제외 일반 평택시내 학교들),앨설리 (112.152) 2022.06.22 13:11:13 스크랩 조회 860 추천 13 댓글 1,13,860,2022.06.22 13:11:13,https://gall.dcinside.com/mgallery/board/view/?id=pths&no=5700&page=15
15,5699,[일반],평붕이 특,산 속에서 살다와서 화장실 변기 물내리는거 모름.,ㅇㅇ (223.62) 2022.06.22 07:40:59 스크랩 조회 277 추천 0 댓글 1,0,277,2022.06.22 07:40:59,https://gall.dcinside.com/mgallery/board/view/?id=pths&no=5699&page=15
15,5698,[일반],아싸 평붕이... 혼밥 탈출각 떴냐..?,격식 갖추신 것들 보니 이번 생은 글러먹었나부다.,천원주면키스해주는놈 2022.06.22 03:03:18 스크랩 조회 577 추천 9 댓글 2,9,577,2022.06.22 03:03:18,https://gall.dcinside.com/mgallery/board/view/?id=pths&no=5698&page=15
15,5697,[일반],NEW 평고괴담 2022,가끔 블럭수업시간중에 4층 화장실가면 변기있는곳 한칸에 두명 들어가있음 ㅅㅂ 옆에서 조용히 똥싸고있었는데 옆칸 갑자기 두명 들어오고 서로 뭐라뭐라 하더니 슥삭슥삭 하 습 괜찮아괜찮아 이런 개 ㅈ같은 소리남 15분을 그지랄 실사 해병문학을 평고 화장실에서 경험하니까 신기하더라 목격담 가끔 올려줘라 ㅋㅋ 아 근데 굳이 학교에서 즐겨야되냐 ㅅㅂ놈들아,ㅇㅇ (220.78) 2022.06.22 01:47:52 스크랩 조회 486 추천 2 댓글 3,2,486,2022.06.22 01:47:52,https://gall.dcinside.com/mgallery/board/view/?id=pths&no=5697&page=15
15,5695,[일반],기말고사 일주일쯤 남았는데 공부안한 1학년들은 개추,2학기에 더 잘하면된다고 합리화하는 나부터 개추누른다,ㅇㅇ (210.223) 2022.06.19 12:28:41 스크랩 조회 324 추천 12 댓글 0,12,324,2022.06.19 12:28:41,https://gall.dcinside.com/mgallery/board/view/?id=pths&no=5695&page=15
15,5694,[일반],3학년들아,이번 기말도 ㅈ된거 같으면 개추 ㅇㄷㄴㅂㅌ..,ㅇㅇ (106.101) 2022.06.18 22:25:05 스크랩 조회 506 추천 11 댓글 3,11,506,2022.06.18 22:25:05,https://gall.dcinside.com/mgallery/board/view/?id=pths&no=5694&page=15
15,5693,[일반],평중 가내신 190 중3인데 평고 가도 되나요? 아니면 마이스터고 갈까요,인도좀,ㅇㅇ (116.126) 2022.06.18 22:08:17 스크랩 조회 658 추천 3 댓글 7,3,658,2022.06.18 22:08:17,https://gall.dcinside.com/mgallery/board/view/?id=pths&no=5693&page=15
15,5691,[일반],3학년들아,"3학년들아 나 여기에 글 처음 써본다 6모 끝나고 지치고 힘들어 하는 친구들 너무 많더라. 사관학교 시험도 별로 안 남았구ㅠㅠ 수능도 진짜 코앞이다.ㅠㅠ 우리 조급해하지 말고, 지금까지 한 것 이상으로 더 열심히 해서  진짜 평고인의 품격을 보여주자. 역사에 남을 69회가 되어보자. 서로 독려하고 격려하자 포기하지말고 끝까지 달리자!!진짜 화이팅!",ㅇㅇ (211.250) 2022.06.18 17:42:28 스크랩 조회 522 추천 14 댓글 4,14,522,2022.06.18 17:42:28,https://gall.dcinside.com/mgallery/board/view/?id=pths&no=5691&page=15
15,5689,[일반],졸업생인데 고딩때가 그립다,대학 온지도 꽤 됐는데 사는게 별로 재미가 없다 별 생각없이 수업듣고 야자하고 했던게 그땐 진짜 싫었는데 오히려 가장 정신적으로 행복했었나 싶다 기숙사 살 때는 애들하고 사감 몰래 잠옷에 패딩껴입고 롯데마트 편의점 갔다오고 뭐 내신 시험 쳐보겠다고 다같이 밤새다가 망치고 뭐 이랬던게 생각나네 이 친구들은 어디서 뭘 하고 있을까 살면서 또 그런 감성을 느껴볼 수 있을까 싶네,ㅇㅇ (1.237) 2022.06.16 23:59:09 스크랩 조회 425 추천 4 댓글 3,4,425,2022.06.16 23:59:09,https://gall.dcinside.com/mgallery/board/view/?id=pths&no=5689&page=15
15,5688,[일반],4층 변기좀 빨리 고쳐,똥좀 편하게 싸자 ㅅㅂ,ㅇㅇ (39.7) 2022.06.16 07:43:53 스크랩 조회 238 추천 1 댓글 1,1,238,2022.06.16 07:43:53,https://gall.dcinside.com/mgallery/board/view/?id=pths&no=5688&page=15
15,5687,[일반],씨발 똥냄새 ㅈ되네,뭘 쳐먹고 왔길래,ㅇㅇ (175.223) 2022.06.15 08:30:18 스크랩 조회 300 추천 1 댓글 0,1,300,2022.06.15 08:30:18,https://gall.dcinside.com/mgallery/board/view/?id=pths&no=5687&page=15
15,5686,[일반],성환읍에 사는 중학생인데 평택고 진학 불가능한가요?,경기도에 안살면 입학이 불가능하다던데 아쉽네요...,ㅇㅇ (121.135) 2022.06.13 18:31:49 스크랩 조회 373 추천 0 댓글 2,0,373,2022.06.13 18:31:49,https://gall.dcinside.com/mgallery/board/view/?id=pths&no=5686&page=15
15,5685,[일반],220610,큐엔에이 받습니다,502 2022.06.10 22:12:42 스크랩 조회 381 추천 0 댓글 10,0,381,2022.06.10 22:12:42,https://gall.dcinside.com/mgallery/board/view/?id=pths&no=5685&page=15
15,5684,[일반],형아들한텐 졌지만,니들한텐 안 진다. 7월 딱대라. - dc official App,ㅇㅇ (223.38) 2022.06.09 22:27:03 스크랩 조회 329 추천 0 댓글 1,0,329,2022.06.09 22:27:03,https://gall.dcinside.com/mgallery/board/view/?id=pths&no=5684&page=15
15,5683,[일반],재수는,이투스 247 + 잇올 골라라 서민들아,ㅇㅇ (59.13) 2022.06.09 21:22:22 스크랩 조회 440 추천 0 댓글 3,0,440,2022.06.09 21:22:22,https://gall.dcinside.com/mgallery/board/view/?id=pths&no=5683&page=15
15,5682,[일반],본인이 오늘 8시 40분부터 10시까지 잠깐 외국인이었으면 개추,ㅇㄷㄴㅂㅌ,ㅇㅇ (106.101) 2022.06.09 17:14:52 스크랩 조회 538 추천 8 댓글 1,8,538,2022.06.09 17:14:52,https://gall.dcinside.com/mgallery/board/view/?id=pths&no=5682&page=15
15,5681,[일반],본인이 내일 학교에서 퍼질러 잘거라 오늘 밤새서 놀거면 개추,ㅇㄷㄴㅂㅌ,ㅇㅇ (106.101) 2022.06.08 17:41:11 스크랩 조회 444 추천 10 댓글 2,10,444,2022.06.08 17:41:11,https://gall.dcinside.com/mgallery/board/view/?id=pths&no=5681&page=15
15,5680,[일반],내일 자는 날 아님?,애들 좀 시끄럽네,ㅇㅇ (223.62) 2022.06.08 07:41:20 스크랩 조회 224 추천 0 댓글 1,0,224,2022.06.08 07:41:20,https://gall.dcinside.com/mgallery/board/view/?id=pths&no=5680&page=15
15,5679,[일반],츄니즘,즐겁다!,awwwa 2022.06.05 21:25:05 스크랩 조회 228 추천 1 댓글 2,1,228,2022.06.05 21:25:05,https://gall.dcinside.com/mgallery/board/view/?id=pths&no=5679&page=15
15,5678,[일반],대학에 오니 고등학교시절이 매우 그리워진다.,ㅈㄱㄴ,ㅇㅇ (223.39) 2022.06.03 07:09:23 스크랩 조회 587 추천 6 댓글 3,6,587,2022.06.03 07:09:23,https://gall.dcinside.com/mgallery/board/view/?id=pths&no=5678&page=15
15,5677,[일반],오늘 영어듣기 노래 ㅋㅋ,몰루게이야..,dasiima 2022.06.02 22:55:05 스크랩 조회 318 추천 0 댓글 1,0,318,2022.06.02 22:55:05,https://gall.dcinside.com/mgallery/board/view/?id=pths&no=5677&page=15
15,5676,[일반],220602 애니메 추천,초겨울의 따뜻한 날씨,502 2022.06.02 07:48:47 스크랩 조회 188 추천 0 댓글 3,0,188,2022.06.02 07:48:47,https://gall.dcinside.com/mgallery/board/view/?id=pths&no=5676&page=15
15,5675,[일반],220602 애니메 추천,러키스타,502 2022.06.02 07:48:04 스크랩 조회 140 추천 1 댓글 3,1,140,2022.06.02 07:48:04,https://gall.dcinside.com/mgallery/board/view/?id=pths&no=5675&page=15
15,5674,[일반],자신이 휴일에도 자습하는 불쌍한 기숙사생이라면 개추,ㅇㄷㄴㅂㅌ ㅠㅠ,ㅇㅇ (61.77) 2022.06.01 00:40:00 스크랩 조회 249 추천 4 댓글 0,4,249,2022.06.01 00:40:00,https://gall.dcinside.com/mgallery/board/view/?id=pths&no=5674&page=15
15,5669,[일반],6모 10일 남았는데 공부안하고 여유부리다 망한 평붕이는 개추,내일부터 빡세게 할거라고 다짐한 평붕이도 개추 ㅇㄷㄴㅂㅌ,ㅇㅇ (106.101) 2022.05.29 22:43:58 스크랩 조회 535 추천 29 댓글 5,29,535,2022.05.29 22:43:58,https://gall.dcinside.com/mgallery/board/view/?id=pths&no=5669&page=15
15,5668,[일반],걍 어이가 없네 RNG,공식 대회에서 캠도 안키고 프로필 사진만띄워놓는건 뭐노ㅋㅋ,ㅇㅇ (182.219) 2022.05.29 20:02:05 스크랩 조회 247 추천 0 댓글 1,0,247,2022.05.29 20:02:05,https://gall.dcinside.com/mgallery/board/view/?id=pths&no=5668&page=15
15,5667,[일반],씨발 주말인데 공부 하나도 안함,하아 언조비카이,ㅇㅇ (8.37) 2022.05.29 19:08:49 스크랩 조회 214 추천 0 댓글 1,0,214,2022.05.29 19:08:49,https://gall.dcinside.com/mgallery/board/view/?id=pths&no=5667&page=15
15,5666,[일반],"[평고문학]서기 6974년, 평택고의 자진입학 문화의 시작이랴! (상편)","주의: 여기에 나오는 인물은 가상의 인물이며, 절대 현실의 평택고와 관계가 없다고는 할 수 없으나 있다고하면 신고먹으니 재밌게 봐주십쇼. 앞으로 해병문학의 여러 그로테스크한 내용을 오마주할테니 비위가 약하시면 악으로 깡으로 버텨라 아쎄이! 서기 6974년, 평택고등학교의 내신컷이 약 169가 되어갈 무렵, 제 74대 평근출 교장님께서는 깊은 걱정에 빠지셨다! ""우리 오도짜세 기합 평택고의 입학인원이 갈 수록 줄어들고 있다... 이렇게 가다간 평택고등학교가 없어질 수도 있겠군!"" 평택고의 소멸. 그것은 우리가 간절히 바라고 바라던 단 하나의 소망이랴. 이대로만 간다면 평택고의 소멸은 평택고 아쎄이들이 야자를 하듯이 당연한 수순이었다. 그런데 그때, 아 침노을을보는것은즐거워 전 교장님께서 호랑이처럼 달려와 평근출 병장님의 가슴팍을 걷어차는 것이 아니겠는가! ""새끼... 기열!(평택고도 기수 은근 따진다) 한 학교의 교장, 그것도 평택고의 교장이 기열찐빠같은 걱정을 하다니!"" 아 침노을을보는것은즐거워 교장님께서는 마치 평근출 교장님에 뇌에 한 번 들어갔다 나온 듯 그의 생각을 이미 꿰고 있었다! ""아니, 그러면 어쩌자는 겁니까... 옆에 있는 기열 한광놈들에게 계속 입시결과가 밀리고 있단 말입니다!"" 평근출 교장님은 이미 모든 걸 포기한 듯 매일 급식에 나오던 평고수육마저 입에 대지 않았던 것이다! 아, 아 침노을을보는것은즐거워 교장이 보기에 얼마나 기열 찐빠같은 후임이랴! 아 침노을을보는것은즐거워 교장님은 그래도 후임이라고 한 가지 비책을 알려주는데... ""자진입학"" ""네?"" ""자진입학이다 근출."" ""자진입학이 도대체 뭡니까?"" ""해병대. 해병대의 우수한 입대문화에서 차용을 해왔다."" 해병대. 그 한 단어가 평근출의 마음을 두드렸다. 해병대 제 6974기였던 그는 2000년대 해병대의 전설, 황근출의 이름을 본따 개명을 한 것이었다. 그로부터 30년이지나 평근출 교장은 자진입대를 벌써 까맣게 잊고 있었던 것이다! 그는 즉시 그 말을 듣는 순간 아 침노을을보는것은즐거워 교장을 평고수육으로 만들고 교사들에게 나누어주며 6974초동안 마라톤회의를 진행했다! ""버스... 버스가 필요하다... 그리고 나를 따라 자진입학을 도울 두 명이 필요하다!"" 그러더니, 1학년 일본어 담당인 無 もちる교사와 영어 담당인 Tonny t. Jung 이 기세좋게 자원했다! 그렇게, 서기 6974년...역사상 전무후무한 자원입학 작전이 시작되었다! 다음 편에 계속... - dc official App",허셜 2022.05.27 19:56:08 스크랩 조회 663 추천 9 댓글 5,9,663,2022.05.27 19:56:08,https://gall.dcinside.com/mgallery/board/view/?id=pths&no=5666&page=15
15,5665,[일반],ㅁㅌㅊ누,- dc official App,ㅇㅇ (211.252) 2022.05.26 10:08:09 스크랩 조회 322 추천 0 댓글 2,0,322,2022.05.26 10:08:09,https://gall.dcinside.com/mgallery/board/view/?id=pths&no=5665&page=15
15,5662,[일반],관리내역 공개좀 해줘,왜 님만봄 같이봐,ㅇㅇ (223.39) 2022.05.24 23:27:27 스크랩 조회 284 추천 0 댓글 1,0,284,2022.05.24 23:27:27,https://gall.dcinside.com/mgallery/board/view/?id=pths&no=5662&page=15
15,5661,[일반],나 1학년인데 학교에 일간베스트 왜캐 많냐,맨날 뭐 이상한 해병거리고 있고 그냥 ㅉㅉ 친구가 알려줘서 왔는데 디시 평고도 일베 많을듯,ㅇㅇ (58.78) 2022.05.24 22:36:14 스크랩 조회 433 추천 2 댓글 1,2,433,2022.05.24 22:36:14,https://gall.dcinside.com/mgallery/board/view/?id=pths&no=5661&page=15
15,5658,[일반],프세카,- dc official App,ㅇㅇ (59.13) 2022.05.24 18:56:57 스크랩 조회 183 추천 1 댓글 1,1,183,2022.05.24 18:56:57,https://gall.dcinside.com/mgallery/board/view/?id=pths&no=5658&page=15
15,5653,[일반],2학년 화장실에서 뱅드림 하지마라,소리 끄고 하등가 .. - dc official App,ㅇㅇ (59.13) 2022.05.23 20:20:19 스크랩 조회 326 추천 0 댓글 0,0,326,2022.05.23 20:20:19,https://gall.dcinside.com/mgallery/board/view/?id=pths&no=5653&page=15
15,5648,[일반],220522,,502 2022.05.22 04:22:03 스크랩 조회 185 추천 1 댓글 4,1,185,2022.05.22 04:22:03,https://gall.dcinside.com/mgallery/board/view/?id=pths&no=5648&page=15
15,5647,[일반],220520 news,프로세카 한국 출시,ㅇㅇ (183.100) 2022.05.20 21:23:52 스크랩 조회 210 추천 0 댓글 4,0,210,2022.05.20 21:23:52,https://gall.dcinside.com/mgallery/board/view/?id=pths&no=5647&page=15
15,5645,[일반],교무실에서 평마갤 염탐하는거 다 안다,빨리 뱅드림 막은거 풀어줘,ㅇㅇ (39.7) 2022.05.19 19:04:06 스크랩 조회 622 추천 0 댓글 4,0,622,2022.05.19 19:04:06,https://gall.dcinside.com/mgallery/board/view/?id=pths&no=5645&page=15
15,5641,[일반],공부 관련 질문 받음,작년 졸업생임,ㅇㅇ (175.121) 2022.05.15 01:15:59 스크랩 조회 549 추천 0 댓글 7,0,549,2022.05.15 01:15:59,https://gall.dcinside.com/mgallery/board/view/?id=pths&no=5641&page=15
16,5638,[일반],진짜 ㅈㄴ 충격적인 사실 딱 말해준다,진짜 ㅈㄴ 충격적인 사실,ㅇㅇ (106.101) 2022.05.13 17:57:15 스크랩 조회 1070 추천 13 댓글 1,13,1070,2022.05.13 17:57:15,https://gall.dcinside.com/mgallery/board/view/?id=pths&no=5638&page=16
16,5637,[일반],방도리 28 fc,- dc official App,ㅇㅇ (59.13) 2022.05.09 16:22:29 스크랩 조회 280 추천 1 댓글 4,1,280,2022.05.09 16:22:29,https://gall.dcinside.com/mgallery/board/view/?id=pths&no=5637&page=16
16,5636,[일반],공도에 사는 학생들중에 특성화고는 두원공고를 많이감? 동일공고를 많이감?,일반고는 창조고 있으니깐 창조고 많이갈거 같은데 특성화고 진학 희망하는애들은 안성 두원공고랑 평택 동일공고중에 어디를 더 많이갈까? 두원공고랑 동일공고랑 학과가 좀 다르던데,ㅇㅇ (124.199) 2022.05.07 23:39:49 스크랩 조회 672 추천 0 댓글 3,0,672,2022.05.07 23:39:49,https://gall.dcinside.com/mgallery/board/view/?id=pths&no=5636&page=16
16,5633,[일반],올해 고3,제발 올해 열심히 해서 현역으로 대학 갔으면 좋겠다 재수하는 나는 울고 있다,ㅇㅇㅇㅇ (210.125) 2022.05.04 22:22:24 스크랩 조회 464 추천 3 댓글 4,3,464,2022.05.04 22:22:24,https://gall.dcinside.com/mgallery/board/view/?id=pths&no=5633&page=16
16,5632,[일반],공도중이나 만정중 졸업한 사람 있음?,ㅇㅇ,ㅇㅇ (106.102) 2022.05.04 21:58:05 스크랩 조회 448 추천 0 댓글 1,0,448,2022.05.04 21:58:05,https://gall.dcinside.com/mgallery/board/view/?id=pths&no=5632&page=16
16,5631,[일반],3학년에서 공부 제일 잘하는 애가 누구냐,답해라,ㅇㅇ (106.101) 2022.05.03 22:02:29 스크랩 조회 1407 추천 14 댓글 14,14,1407,2022.05.03 22:02:29,https://gall.dcinside.com/mgallery/board/view/?id=pths&no=5631&page=16
16,5630,[일반],호감고닉 dasima님의 생신을 축하드립니다,,솩솩 2022.05.03 00:02:11 스크랩 조회 526 추천 6 댓글 9,6,526,2022.05.03 00:02:11,https://gall.dcinside.com/mgallery/board/view/?id=pths&no=5630&page=16
16,5629,[일반],방도리!!,,dasiima 2022.05.02 13:36:23 스크랩 조회 245 추천 1 댓글 4,1,245,2022.05.02 13:36:23,https://gall.dcinside.com/mgallery/board/view/?id=pths&no=5629&page=16
16,5628,[일반],D-199,2층 깨졌다 - dc official App,ㅇㅇ (182.210) 2022.05.01 18:14:43 스크랩 조회 242 추천 0 댓글 2,0,242,2022.05.01 18:14:43,https://gall.dcinside.com/mgallery/board/view/?id=pths&no=5628&page=16
16,5627,[일반],시험 전날 애니보는데,확통 문제가 나오네;;,어두운파인애플 2022.05.01 17:59:48 스크랩 조회 260 추천 1 댓글 2,1,260,2022.05.01 17:59:48,https://gall.dcinside.com/mgallery/board/view/?id=pths&no=5627&page=16
16,5626,[일반],시험기간에 뱅드림하던 평붕이의 최후,수2 한 자릿수 - dc official App,ㅇㅇ (119.69) 2022.05.01 09:42:15 스크랩 조회 320 추천 0 댓글 1,0,320,2022.05.01 09:42:15,https://gall.dcinside.com/mgallery/board/view/?id=pths&no=5626&page=16
16,5625,[일반],오늘 여친 생일인데 축하좀,- dc official App,평zero붕 2022.05.01 07:57:20 스크랩 조회 338 추천 1 댓글 6,1,338,2022.05.01 07:57:20,https://gall.dcinside.com/mgallery/board/view/?id=pths&no=5625&page=16
16,5624,[일반],ㅋㅋ 해뜨노,지학 불태웠다 - dc official App,ㅇㅇ (112.157) 2022.05.01 06:06:28 스크랩 조회 176 추천 0 댓글 1,0,176,2022.05.01 06:06:28,https://gall.dcinside.com/mgallery/board/view/?id=pths&no=5624&page=16
16,5623,[일반],우리 평택고 갤러리 일동은 파딱님의 무사수술과 쾌유를 빕니다,아무쪼록 후유증 안남고 잘 되시길~~!,ㅇㅇ (123.142) 2022.04.29 22:19:02 스크랩 조회 313 추천 2 댓글 3,2,313,2022.04.29 22:19:02,https://gall.dcinside.com/mgallery/board/view/?id=pths&no=5623&page=16
16,5620,[일반],220428 news,리엘라 신규멤버가 떴어요 전 파랑이가 이쁜듯 ㅇㅇ,dasiima 2022.04.28 00:32:16 스크랩 조회 216 추천 0 댓글 3,0,216,2022.04.28 00:32:16,https://gall.dcinside.com/mgallery/board/view/?id=pths&no=5620&page=16
16,5619,[일반],검수완박 입갤 ㅋㅋㅋㅋ,ㅋㅋㅋㅋㅋㅋㅋㅋㅋㅋㅋㅋㅋㅋ,ㅇㅇ (106.101) 2022.04.27 00:56:46 스크랩 조회 282 추천 1 댓글 6,1,282,2022.04.27 00:56:46,https://gall.dcinside.com/mgallery/board/view/?id=pths&no=5619&page=16
16,5618,[일반],뱅드림 뉴비,밑에 헬오헬 AP 사람인가 - dc official App,ㅇㅇ (59.13) 2022.04.26 18:53:35 스크랩 조회 208 추천 0 댓글 2,0,208,2022.04.26 18:53:35,https://gall.dcinside.com/mgallery/board/view/?id=pths&no=5618&page=16
16,5616,[질문],고3 이었던 선배님들에게 질문하는 졸업사진,1. 졸업사진 찍는 시간이 단체/개인 포함해서 1교시만 쓰는거임? 2. 저 1교시 안에 의상스왑. 다른 반 친구랑 사진등등도 다 해야하는거 ?? 3. 짝꿍 사진이라는 것도 있돈데 친구가 없으면 어캄,올매 2022.04.25 22:47:25 스크랩 조회 544 추천 0 댓글 3,0,544,2022.04.25 22:47:25,https://gall.dcinside.com/mgallery/board/view/?id=pths&no=5616&page=16
16,5614,[일반],지금부터 정시공부하면 서울대 쌉가능이다,수학은 상 하 탐구는 통합 과/사회 하느라 어려울진 몰라도 국/영언 고1이나 고3이나 큰 틀은 차이 없다 2년 반동안 시험 10개 공부하는거보단 3년을 갈고닦아 시험 1개에 올인하자,ㅇㅇ (223.38) 2022.04.25 18:20:59 스크랩 조회 311 추천 0 댓글 0,0,311,2022.04.25 18:20:59,https://gall.dcinside.com/mgallery/board/view/?id=pths&no=5614&page=16
16,5613,[일반],아래 앰뒤수시충 얘기 듣지마라,저게 가능하다해도 니얘기는 절대아니니까 무조건 수업시간에 정시공부나 해라,ㅇㅇ (106.102) 2022.04.25 16:43:51 스크랩 조회 329 추천 0 댓글 3,0,329,2022.04.25 16:43:51,https://gall.dcinside.com/mgallery/board/view/?id=pths&no=5613&page=16
16,5612,[일반],고1한테 고3 수시러가 주는 내신 공부 팁,"일단 고2, 고3과 다르게 정시파이터가 없으니까 내신 등급 따기 존나 빡셀거임. 또 고1 첫 시험 중간고사 어렵게 내는건 모든 고등학교 국룰임 그니까 첫 중간고사 망쳤다고 정시파이터 ㅇㅈㄹ하지 말고 고2 1학기까진 무조건 내신에 올인해라 수학은 부교재 쉽다고 넘기지 말고 부교재 최소 2회독은 돌려라 교과서도 은근 까다로운 문제 있으니까 한번은 풀어보고 개념원리+쎈(마플)+일품 (+블랙라벨) 완벽하게 풀고 계산 실수만 안하면 최소 2등급은 받을 수 있고 시험때 풀 수 있는 킬러 나오면 1등급도 무조건 가능 영어 내신은 그냥 지문만 외우면 된다. 따로 외부 지문 내는거 아니면 다 교과서에 있는 지문에서 변형해서 내다보니까 지문만 달달 외워라 그렇다고 눈 감고 처음부터 끝까지 말할 수 있게 하라는게 아니라 모든 지문의 주장과 세부 내용 정확히 파악하고 글 특정 부분을 가렸을때 그 부분에 어떤 뉘앙스의 단어가 들어가는지 알 수 있을 정도로 지문을 너꺼로 만들면 된다 통합 과학은 어려운게 정상이다. 특히 물리가 어려울텐데 물리는 모든 공식 꼭 암기하고 완자나 오투에 있는 문제 많이 풀어보면서 어떤 상황에서 어떤 공식 적용해야 하는지 익혀라. 지구과학 같이 암기해야 하는 부분은 교과서 날개 부분 세부적인 디테일까지 꼭 보고 넘어가야 ㅈ같은 시험 문제 나와도 1등급 받을 수 있다 통합 사회랑 한국사는 그냥 닥치고 외워라 개인적으로 백지 공부법이 좋다고 생각하는데 완전 백지로 하기보단 단원별로 핵심 키워드만 적어놓고 거기에 해당하는 내용들을 써보는게 좋다. 한국사는 과학과는 다르게 너무 디테일한 내용보다는 굵직 굵직한 사건들 위주로 암기하는게 공부 시간 분배에 훨 도움될거다. 그리고 친구끼리 서로 한국사 물어보는거 국룰인거 알지? 아마 고등학교 첫시험이라 존나 떨릴텐데 시험볼때 긴장만 하지 말고 상대평가니까 내가 어려우면 남들도 다 어렵다는 마인드로 편하게 보는데 중요한거 같다. 궁금한거 있으면 댓글 ㄱㄱ",ㅇㅇ (182.210) 2022.04.24 23:09:01 스크랩 조회 975 추천 3 댓글 6,3,975,2022.04.24 23:09:01,https://gall.dcinside.com/mgallery/board/view/?id=pths&no=5612&page=16
16,5611,[일반],본인 2학년인데 1학년 때 공부 안하고 2등급 나온 방법 알려줄게,이야.. 그딴건 없다..,ㅇㅇ (106.101) 2022.04.24 21:50:01 스크랩 조회 563 추천 20 댓글 0,20,563,2022.04.24 21:50:01,https://gall.dcinside.com/mgallery/board/view/?id=pths&no=5611&page=16
16,5610,[일반],중간고사 D-5 슬슬 떨리는 1학년은 개추 ㅋㅋ,국어 수학 사회 과학 영어 한국사 보는데 수학 빼고 전과목 손도안댐 ㅈ된듯?,ㅇㅇ (210.223) 2022.04.24 17:06:54 스크랩 조회 435 추천 11 댓글 2,11,435,2022.04.24 17:06:54,https://gall.dcinside.com/mgallery/board/view/?id=pths&no=5610&page=16
16,5609,[일반],3학년들아 졸사 뭐로할거노?,할건없는데 평범한건 싫농,ㅇㅇ (220.78) 2022.04.24 15:29:47 스크랩 조회 290 추천 0 댓글 3,0,290,2022.04.24 15:29:47,https://gall.dcinside.com/mgallery/board/view/?id=pths&no=5609&page=16
16,5608,[일반],평택고 3학년이여 단결하라,4월 29일부터 수업시간이 50분으로 늘어난다는건 다들 알고있을거다 문제는 3-4교시 수업이 90분으로 늘어나면서 점심시간이 12:30 ~ 13:00으로 10분 줄어든다는 것인데 지금도 밥먹으면 딱 10분남는데 10분 줄어든다면 앞으로는 매점 갈 시간도 없다 하지만 희망은 있다 (선생님들 말에 따르면) 점심시간이 너무 짧은 것 같으면 조정할 가능성이 있다고 한다 우리가 해야 할 일은 별거 없다 그냥 느긋하게 점심먹고 매점 갔다가 1시 10분쯤에 교실 들어가면 된다 잃어버릴 10분을 위해 다함께 싸우자 ​,ㅇㅇ (175.223) 2022.04.24 14:47:29 스크랩 조회 359 추천 2 댓글 1,2,359,2022.04.24 14:47:29,https://gall.dcinside.com/mgallery/board/view/?id=pths&no=5608&page=16
16,5607,[일반],3학년 자습 많은가요?,ㅇㅇ - dc official App,ㅇㅇ (112.157) 2022.04.24 14:24:09 스크랩 조회 299 추천 0 댓글 3,0,299,2022.04.24 14:24:09,https://gall.dcinside.com/mgallery/board/view/?id=pths&no=5607&page=16
16,5605,[일반],방도리!!!!!,,awwwa 2022.04.23 03:56:34 스크랩 조회 327 추천 0 댓글 10,0,327,2022.04.23 03:56:34,https://gall.dcinside.com/mgallery/board/view/?id=pths&no=5605&page=16
16,5604,[일반],방도리,,awwwa 2022.04.23 03:05:00 스크랩 조회 189 추천 2 댓글 5,2,189,2022.04.23 03:05:00,https://gall.dcinside.com/mgallery/board/view/?id=pths&no=5604&page=16
16,5603,[일반],평고가 해냈다,캬,ㅇㅇ (117.123) 2022.04.22 19:43:09 스크랩 조회 448 추천 1 댓글 2,1,448,2022.04.22 19:43:09,https://gall.dcinside.com/mgallery/board/view/?id=pths&no=5603&page=16
16,5602,[일반],내년에 평택시 장학관 생각있는 사람,꼭 오셈 나 혼자라 외로움,천원주면키스해주는놈 2022.04.22 09:43:57 스크랩 조회 397 추천 0 댓글 3,0,397,2022.04.22 09:43:57,https://gall.dcinside.com/mgallery/board/view/?id=pths&no=5602&page=16
16,5598,[일반],지학1 평균,22점 ㅋㅋ - dc official App,ㅇㅇ (59.13) 2022.04.21 07:34:39 스크랩 조회 258 추천 2 댓글 0,2,258,2022.04.21 07:34:39,https://gall.dcinside.com/mgallery/board/view/?id=pths&no=5598&page=16
16,5597,[일반],고3 애들아,다른건 모르겠는데 수능 커뮤는 절대 하지마라 피방 가고 자습시간에 잠도 자고 해도 되는데 수능 커뮤는 수능 끝나고 하셈,ㅇㅇ (218.51) 2022.04.21 02:20:31 스크랩 조회 337 추천 0 댓글 1,0,337,2022.04.21 02:20:31,https://gall.dcinside.com/mgallery/board/view/?id=pths&no=5597&page=16
16,5596,[일반],5등급이 서울대 간 방법 알려준다 일단 기본적으로 학교에 가면,라이더!!,ㅇㅇ (106.101) 2022.04.21 00:21:40 스크랩 조회 855 추천 27 댓글 2,27,855,2022.04.21 00:21:40,https://gall.dcinside.com/mgallery/board/view/?id=pths&no=5596&page=16
16,5595,[일반],난 방과후나 이동수업 다른반 갈때 책상에 짐 쌓여있으면,가지런하게 서랍에 넣어놓거나 아니면 옆에 바닥에 잠깐 내려놓고 수업 끝나면 다시 원래대로 올려놓고 갔는데 언제 한번 실수로 원위치 안해놨다가 다음에 갈 때 책상위에 메모로 (정리해놓고 가라 ㅅㅂ)이렇게 적혀있고 그반 친구한테 내 욕 존나 했다더라... 무서워서 병신같이 아무말도 못했는데 밑에 글 보고 나니까  좆같더라... 님들은 나처럼 병신마냥 있지말고 할말은 했음 좋겠음 인생 시발,천원주면키스해주는놈 2022.04.20 23:32:05 스크랩 조회 828 추천 22 댓글 12,22,828,2022.04.20 23:32:05,https://gall.dcinside.com/mgallery/board/view/?id=pths&no=5595&page=16
16,5594,[일반],ㄷㄷㄷㄷ 드디어 떳다..,떳다 비행기 저 푸른 하늘에 노옾게 비행기가 떳다..,ㅇㅇ (106.101) 2022.04.20 22:21:12 스크랩 조회 314 추천 3 댓글 0,3,314,2022.04.20 22:21:12,https://gall.dcinside.com/mgallery/board/view/?id=pths&no=5594&page=16
16,5591,[일반],방도리,- dc official App,ㅇㅇ (59.13) 2022.04.20 18:36:13 스크랩 조회 335 추천 6 댓글 3,6,335,2022.04.20 18:36:13,https://gall.dcinside.com/mgallery/board/view/?id=pths&no=5591&page=16
16,5590,[일반],NO.4 와이리 시끄럽노,조용히 합시다,ㅇㅇ (59.13) 2022.04.20 15:42:24 스크랩 조회 215 추천 0 댓글 0,0,215,2022.04.20 15:42:24,https://gall.dcinside.com/mgallery/board/view/?id=pths&no=5590&page=16
16,5589,[일반],와 평고 갤이 있었네,65회 졸업생이다 왜 나 졸업하고 만들었음 ㅠㅠ 그 지구과학 동아리 TLU 아직 있는지 근황좀... 나름 거기 창립 멤버라 - dc official App,타임라인빌런 2022.04.20 02:24:37 스크랩 조회 370 추천 0 댓글 4,0,370,2022.04.20 02:24:37,https://gall.dcinside.com/mgallery/board/view/?id=pths&no=5589&page=16
16,5586,[일반],개새끼들아 물 안내리냐,이제 나도 똥싸고 안내릴거임 ㅅㄱ,ㅇㅇ (175.223) 2022.04.19 22:56:27 스크랩 조회 407 추천 3 댓글 2,3,407,2022.04.19 22:56:27,https://gall.dcinside.com/mgallery/board/view/?id=pths&no=5586&page=16
16,5585,[질문],성실,근데 인사 성실로 하는거 언제부터 시작한거임??,ㅇㅇ (58.231) 2022.04.19 20:02:39 스크랩 조회 187 추천 0 댓글 0,0,187,2022.04.19 20:02:39,https://gall.dcinside.com/mgallery/board/view/?id=pths&no=5585&page=16
16,5584,[일반],오늘자 2차 x사건,x  역류해서 바닥이 스프레드화됨 반대쪽  x 안내림 - dc official App,Recovery_2010 2022.04.19 16:25:23 스크랩 조회 562 추천 1 댓글 3,1,562,2022.04.19 16:25:23,https://gall.dcinside.com/mgallery/board/view/?id=pths&no=5584&page=16
16,5583,[일반],평붕이들 알면 좋은 개꿀팁,무슨 근팁이여 새끼... 기열!,천원주면키스해주는놈 2022.04.19 15:15:23 스크랩 조회 317 추천 4 댓글 0,4,317,2022.04.19 15:15:23,https://gall.dcinside.com/mgallery/board/view/?id=pths&no=5583&page=16
16,5582,[일반],1학년필독)국사한문중.일어전부하루1시간1등급받는법,없음 - dc official App,ㅇㅇ (112.157) 2022.04.18 23:15:49 스크랩 조회 328 추천 0 댓글 2,0,328,2022.04.18 23:15:49,https://gall.dcinside.com/mgallery/board/view/?id=pths&no=5582&page=16
16,5581,[일반],"※고3 필독   수시,정시 동시에 챙기는 효율적인 방법",수시 정시를 둘다 열심히 공부하면됨 ㄷㄷ 나 천재인듯,ㅇㅇ (106.101) 2022.04.18 21:03:39 스크랩 조회 866 추천 31 댓글 2,31,866,2022.04.18 21:03:39,https://gall.dcinside.com/mgallery/board/view/?id=pths&no=5581&page=16
16,5580,[일반],요즘은 똥글 안올라오내...,울학교 04는 공부만함?,천원주면키스해주는놈 2022.04.18 19:17:41 스크랩 조회 270 추천 0 댓글 3,0,270,2022.04.18 19:17:41,https://gall.dcinside.com/mgallery/board/view/?id=pths&no=5580&page=16
16,5579,[일반],저 고려대 다닙니다!,구라임.,천원주면키스해주는놈 2022.04.18 13:53:00 스크랩 조회 573 추천 0 댓글 8,0,573,2022.04.18 13:53:00,https://gall.dcinside.com/mgallery/board/view/?id=pths&no=5579&page=16
16,5577,[일반],안아줘요,,천원주면키스해주는놈 2022.04.17 15:42:27 스크랩 조회 262 추천 0 댓글 5,0,262,2022.04.17 15:42:27,https://gall.dcinside.com/mgallery/board/view/?id=pths&no=5577&page=16
16,5576,[일반],엄마 미안해,5월부터는 진짜 열심히 공부할게,ㅇㅇ (183.100) 2022.04.17 09:09:46 스크랩 조회 225 추천 0 댓글 0,0,225,2022.04.17 09:09:46,https://gall.dcinside.com/mgallery/board/view/?id=pths&no=5576&page=16
16,5575,[일반],노랑리본,,ㅇㅇ (175.121) 2022.04.16 16:38:53 스크랩 조회 233 추천 4 댓글 1,4,233,2022.04.16 16:38:53,https://gall.dcinside.com/mgallery/board/view/?id=pths&no=5575&page=16
16,5574,[일반],.,ㅅ1ㅂ 화장실 세면대에  똥 묻힌새끼  누구냐 - dc official App,Recovery_2010 2022.04.15 18:45:00 스크랩 조회 311 추천 0 댓글 4,0,311,2022.04.15 18:45:00,https://gall.dcinside.com/mgallery/board/view/?id=pths&no=5574&page=16
17,5573,[일반],협진여객 이새끼들 막나가네,버스 앞에도 옆에도 뒤에도 번호가 안써져있는데 뭘 보고 타라는거냐,ㅇㅇ (39.7) 2022.04.15 07:20:17 스크랩 조회 418 추천 0 댓글 2,0,418,2022.04.15 07:20:17,https://gall.dcinside.com/mgallery/board/view/?id=pths&no=5573&page=17
17,5572,[일반],4층 변기 언제고치냐,맨날 꽉 차있는데,ㅇㅇ (110.70) 2022.04.14 07:43:02 스크랩 조회 298 추천 0 댓글 1,0,298,2022.04.14 07:43:02,https://gall.dcinside.com/mgallery/board/view/?id=pths&no=5572&page=17
17,5571,[일반],방도리,- dc official App,ㅇㅇ (59.13) 2022.04.13 10:00:07 스크랩 조회 267 추천 1 댓글 6,1,267,2022.04.13 10:00:07,https://gall.dcinside.com/mgallery/board/view/?id=pths&no=5571&page=17
17,5570,[일반],수능 때려치고 싶은 애들 꿀팁,사관 보셈 5개월 공부 안해도 됨,ㅇㅇ (218.51) 2022.04.13 01:03:11 스크랩 조회 394 추천 0 댓글 2,0,394,2022.04.13 01:03:11,https://gall.dcinside.com/mgallery/board/view/?id=pths&no=5570&page=17
17,5569,[일반],4월의 치타 죽었다,6월의 치타로 돌아온다 아,ㅇㅇ (39.117) 2022.04.13 00:36:28 스크랩 조회 193 추천 1 댓글 0,1,193,2022.04.13 00:36:28,https://gall.dcinside.com/mgallery/board/view/?id=pths&no=5569&page=17
17,5568,[일반],D-219 슬슬 부모님께 미안해지면 개추,일단 나부터 ㅋㅋㅋㅋㅋㅋㅋㅋㅋㅋㅋㅋㅋㅋㅋㅋㅋㅋㅋㅋㅋ,이재명 (180.83) 2022.04.12 19:54:42 스크랩 조회 501 추천 12 댓글 5,12,501,2022.04.12 19:54:42,https://gall.dcinside.com/mgallery/board/view/?id=pths&no=5568&page=17
17,5567,[일반],ㅈㄴ덥네,에어컨좀 제대로 틀어줘라 좀,ㅇㅇ (175.223) 2022.04.12 13:24:30 스크랩 조회 169 추천 2 댓글 1,2,169,2022.04.12 13:24:30,https://gall.dcinside.com/mgallery/board/view/?id=pths&no=5567&page=17
17,5566,[일반],니들은 공부 열심히 해라...,아니면 20살 되자마자 역에서 노숙한다...,awwwa 2022.04.09 23:50:20 스크랩 조회 837 추천 9 댓글 19,9,837,2022.04.09 23:50:20,https://gall.dcinside.com/mgallery/board/view/?id=pths&no=5566&page=17
17,5564,[일반],평택고 사랑해,영어못하면 감점 덜한다고 외대오지마라. 지금쯤 뉴런 조지고있을려나 6모 잘보라노 6모전까지 평가원 기출1번돌리면  국밥임,대한통운 2022.04.09 22:56:26 스크랩 조회 392 추천 0 댓글 3,0,392,2022.04.09 22:56:26,https://gall.dcinside.com/mgallery/board/view/?id=pths&no=5564&page=17
17,5563,[일반],220409 애니메 추천,클라나드 (1기),502 2022.04.09 13:22:13 스크랩 조회 167 추천 0 댓글 1,0,167,2022.04.09 13:22:13,https://gall.dcinside.com/mgallery/board/view/?id=pths&no=5563&page=17
17,5562,[일반],꿀?팁,학교에서 ㅈ같은 일 있으면 바로 민원 박아라 가장 확실한 해결법임 ㅇㅇ,ㅇㅇ (210.204) 2022.04.07 23:58:40 스크랩 조회 253 추천 2 댓글 1,2,253,2022.04.07 23:58:40,https://gall.dcinside.com/mgallery/board/view/?id=pths&no=5562&page=17
17,5561,[일반],님들 하루에 몇시간 잠?,나 6시간자는데 많이자는건가,ㅇㅇ (182.231) 2022.04.07 22:22:25 스크랩 조회 414 추천 0 댓글 5,0,414,2022.04.07 22:22:25,https://gall.dcinside.com/mgallery/board/view/?id=pths&no=5561&page=17
17,5559,[일반],220407 애니추천,애니좀 그만봐 씹덕새끼들아,502 (59.13) 2022.04.07 10:06:01 스크랩 조회 259 추천 10 댓글 0,10,259,2022.04.07 10:06:01,https://gall.dcinside.com/mgallery/board/view/?id=pths&no=5559&page=17
17,5558,[일반],헤으응,컴퓨터 쓰는 시간인데 크롬 검색기록에 dc 평택고 갤러리 있길래 놀랬다,ㅇㅇ (59.13) 2022.04.06 16:09:18 스크랩 조회 253 추천 0 댓글 3,0,253,2022.04.06 16:09:18,https://gall.dcinside.com/mgallery/board/view/?id=pths&no=5558&page=17
17,5555,[일반],본인 평고문학쓰다가 선생님께 전화왔다,"평고에서 워낙 디시인사이드를 하는 걸로 동기들 사이에서 유명해졌지만, 선생님이 직접 전화하실 줄은 몰랐다. 지난 3월쯤, 나는 평고문학 이라는 제목으로 해병문학을 패러디하여 재미있는 글을 평마갤에 싸질러 버렸다. 아무래도 해병문학은 학생들이 접할만한 재미있는 유형의 글이었고, 그날따라 과제가 잘 안되던 나는 그런 생각을 해버린 것이다. 글을 싸지르고 한 1일 뒤, 그 글은 개념글에 갔으며, 주변 친구에게서도 연락이 오기 시작했다. ""너 이거 걸리면 무조건 경찰에 신고먹는다 ㅋㅋ"" ""에이 그래도 쌤들이 평마갤을 보겠냐 ㅋㅋㅋ"" 이때는 정말로 전화가 올 줄은 꿈에도 몰랐다... 한 일주일 뒤, 나는 한 통의 전화를 받았다. ""허셜(본명) 학생? 혹시 디시인사이드에 그 평고문학? 글 쓴거 혹시 너니?"" 목소리가 구별하긴 어려웠으나 남자라는 것만 어렴풋이 알 수 있었다. ""아닌데요"" 나는 한 치의 망설임도 없이 거짓말을 했다. ""이런 거 쓸만한 학생이 허셜 학생 밖에 없다고 들었는데, 너 맞잖아. 그치?"" ""제가 왜 그런 글을 쓰겠어요... 저 아니라니까요"" ""그런데, 누구시죠?"" 나는 일단 당황해서 전화기 너머의 사람이 누군지 물어보았다. ""이번에 전근 온 ~부장인데, 신고가 들어와서 말이야"" ""아무래도 이건 만나서 얘기해야겠다. 너 졸업생 맞아? 이런 글로 평고 명예가 떨어지면 어떡할거야?"" ""(ㅈ됐음을 감지하며) 죄송합니다..."" ""너 금요일에 평택으로 와. 선생님들하고 면담 좀 하자."" 그렇게 난 ㅈ됐다를 연발하면서 금요일날 평택역에 도착했다. ""그... 선생님저 평택입니다 어디계십니까?"" ""평택터미널쪽에 빨간 버스쪽으로 와"" 그렇게 난 아무 의심 없이 빨간 버스의 앞으로 천천히 걸어갔다... 잠시 후, 누군가 빨간 버스에서 내렸다. 한 명은 건장한 한국인이었고, 한 명은 그보다 더 건장한 흑인이었다. ""네가 허셜(가명) 이지? 일단 이 버스에 타. 그러면 알게 될 거야..."" ""뭘 알게 되ㄴ"" 갑자기 난 두 명의 건장한 사람들에게 집어던져져 빨간 버스 안으로 넘어졌다. 그 순간 나는 기절했고, 얼마가 지났을까. 나는어렴풋이 노래가 들리는 것만 인지했다. ""팔~각모 팔각모! 팔각모 사나이!!!!"" 아니, 이 음성은? 해병의 영혼의 노래, 팔각모 사나이가 아닌가! 정신을 차리고보니, 내 앞에 빨간색 반바지와 빨간 각모자를 쓴 근육질의 남자가 보였다. ""아쎄이... 평마갤에서 그 글을 읽었다... 아주 기합이 아닐 수가 없더군!"" ""예?"" ""좋다 기합이다! 지금부터 아쎄이를 해병대 미디어홍보병으로 임명한다! 반항하면 해병수육이 될 수도 있으니 희망을 버려라 아쎄이!"" 그러더니 이름 모를 그 해병님은 자신의 얼굴을 들어 일개 아쎄이인 나에게 용안을 인식하게 해주셨다... ""기합 중의 기합 황근출 병장님...? 설마...!"" 그렇다! 나는 해병대에 자원입대당한 것이다! ""이제부터 아쎄이의 이름은 [손 으로쓰는글은뭐든지잘써] 해병이다! 대답은 악으로 한다 실시!!!"" ""악!!!!"" 그렇게 나는 해병대 미디어홍보병으로서 무모칠, 톤톤정 해병님의 든든한 지원을 받으며 생활하고 있다. ... 아쎄이. 이 글을 읽으니 자네도 해병이 되고 싶지 않은가? 사실 우리는 미리 출발했다. 이 글을 읽은 순간부터 희망을 버려라 아쎄이 ! 곧 무모칠 해병님과 톤톤정 해병님이 갈 테니 현관문을 활짝 열고 기다리도록! 아아... 위대한 해병의 자원입대 문화란! 라이라이 차차차 헤이빠빠리빠 헤이빠빠리빠! 이 글은 실제와는 무방하며, 저는 잘 지내고 있습니다. 본 내용은 그저 재미만을 추구하는 글이며, 평고에 먹칠할 생각은 조금 있을 수도 있습니다. - dc official App",허셜 2022.04.04 21:43:53 스크랩 조회 1507 추천 17 댓글 13,17,1507,2022.04.04 21:43:53,https://gall.dcinside.com/mgallery/board/view/?id=pths&no=5555&page=17
17,5554,[일반],뭐냐,이젠  하다하다 담배갑을  숨겨놓기까지 하냐,Recovery_2010 2022.04.04 18:47:16 스크랩 조회 314 추천 0 댓글 2,0,314,2022.04.04 18:47:16,https://gall.dcinside.com/mgallery/board/view/?id=pths&no=5554&page=17
17,5552,[일반],여기 효명 다니는 애들 봐라,우리도 갤 있다고 갤질하라고 ㅋㅋ 효명학교 갤러리 오라고 - dc official App,ㅇㅇ (211.36) 2022.04.04 09:58:27 스크랩 조회 420 추천 1 댓글 1,1,420,2022.04.04 09:58:27,https://gall.dcinside.com/mgallery/board/view/?id=pths&no=5552&page=17
17,5551,[일반],우흥,흥우,ㅇㅇ (163.152) 2022.04.03 13:58:41 스크랩 조회 192 추천 1 댓글 0,1,192,2022.04.03 13:58:41,https://gall.dcinside.com/mgallery/board/view/?id=pths&no=5551&page=17
17,5547,[일반],제발 옆반이랑 반 바꾸는것만 하지 마라,선생님들은 벌써 몇년째 겪고 있으실거다 ㅋㅋㅋㅋ,ㅇㅇ (39.117) 2022.04.01 00:54:50 스크랩 조회 554 추천 3 댓글 1,3,554,2022.04.01 00:54:50,https://gall.dcinside.com/mgallery/board/view/?id=pths&no=5547&page=17
17,5546,[일반],울반 전학생 옴,진짜 인간이냐고 할정도록 못생긴 여고생이 온다고 함,ㅇㅇ (223.38) 2022.03.31 23:51:51 스크랩 조회 461 추천 0 댓글 2,0,461,2022.03.31 23:51:51,https://gall.dcinside.com/mgallery/board/view/?id=pths&no=5546&page=17
17,5545,[질문],숭실대 있냐??,학교 온지 한달이 다됐는데 친구없어서 맨날 혼자 맥도날드간다 혹시 숭실대 있으면 친구좀 해줘라,ㅇㅇ (49.142) 2022.03.31 23:03:47 스크랩 조회 441 추천 1 댓글 4,1,441,2022.03.31 23:03:47,https://gall.dcinside.com/mgallery/board/view/?id=pths&no=5545&page=17
17,5544,[일반],요즘 동아리 홍보 안하냐,학교 홈페이지 동아리홍보 게시판 가봤는데 왜 세팀밖에 안해놨대,ㅇㅇ (220.78) 2022.03.31 14:04:05 스크랩 조회 334 추천 0 댓글 2,0,334,2022.03.31 14:04:05,https://gall.dcinside.com/mgallery/board/view/?id=pths&no=5544&page=17
17,5543,[일반],친구가 나보고 한소희 닮았다는데 뭔 뜻임?,나 남자임,ㅇㅇ (175.120) 2022.03.31 00:46:50 스크랩 조회 404 추천 0 댓글 4,0,404,2022.03.31 00:46:50,https://gall.dcinside.com/mgallery/board/view/?id=pths&no=5543&page=17
17,5542,[일반],220330 공지,저는 유동닉을 사용하지 않습니다,502 2022.03.30 07:48:22 스크랩 조회 245 추천 0 댓글 2,0,245,2022.03.30 07:48:22,https://gall.dcinside.com/mgallery/board/view/?id=pths&no=5542&page=17
17,5541,[질문],왜 내글지움?,난 그냥 한남유충 ㅎㅇ라했을 뿐인데 ㅋㅋ,ㅇㅇ (39.7) 2022.03.29 17:56:49 스크랩 조회 355 추천 0 댓글 4,0,355,2022.03.29 17:56:49,https://gall.dcinside.com/mgallery/board/view/?id=pths&no=5541&page=17
17,5539,[일반],나사동,아직 있나,ㄹㄹ (223.62) 2022.03.28 22:48:01 스크랩 조회 264 추천 0 댓글 1,0,264,2022.03.28 22:48:01,https://gall.dcinside.com/mgallery/board/view/?id=pths&no=5539&page=17
17,5538,[일반],올해는 고3만 피해보는거 같음,"교실 4층으로 옮긴것도 그렇고 기숙사에서도 작년에 비하면 대우가 ㅈ같아짐 작년엔 2층 온라인실 출입조차 못했는데 올해는 무슨 1/2/3학년 자리 각각 배치해서 인강도 자리싸움해가며 들어야함 다음 고3들은 그나마 괜찮아지겠지만 지금까지 고3들한테 ""양보""하면서 학교생활했는데 이제는 고3이니까 ""양보""하라네 그냥 04만 피해보는구나.... 이게 내리갈굼도 아니고 고3대우는 물려줘야되는거 아닌가? 걍 찡찡대는거니까 신경쓰지 말기를",ㅇㅇ (61.77) 2022.03.28 22:47:56 스크랩 조회 988 추천 5 댓글 13,5,988,2022.03.28 22:47:56,https://gall.dcinside.com/mgallery/board/view/?id=pths&no=5538&page=17
17,5537,[일반],내 여친임,아 ㅋㅋ,502 (59.13) 2022.03.28 15:11:04 스크랩 조회 354 추천 1 댓글 2,1,354,2022.03.28 15:11:04,https://gall.dcinside.com/mgallery/board/view/?id=pths&no=5537&page=17
17,5536,[일반],학교 컴실에서 이 글 읽는 게이들 개추,일단 나부터,ㅇㅇ (59.13) 2022.03.28 15:06:17 스크랩 조회 315 추천 3 댓글 3,3,315,2022.03.28 15:06:17,https://gall.dcinside.com/mgallery/board/view/?id=pths&no=5536&page=17
17,5534,[일반],님들 시험 잘봤음??,난 오랜만에 수학풀어보니까 56점 나오더라,천원주면키스해주는놈 2022.03.27 04:29:45 스크랩 조회 365 추천 0 댓글 3,0,365,2022.03.27 04:29:45,https://gall.dcinside.com/mgallery/board/view/?id=pths&no=5534&page=17
17,5533,[일반],220325 test1,입갤,502 (59.13) 2022.03.25 14:05:24 스크랩 조회 238 추천 0 댓글 0,0,238,2022.03.25 14:05:24,https://gall.dcinside.com/mgallery/board/view/?id=pths&no=5533&page=17
17,5532,[일반],3학년들,다들 기숙사에서 모고 등급컷만 존나 보던데 잘 보심 ? - dc official App,ㅇㅇ (211.36) 2022.03.25 12:00:54 스크랩 조회 405 추천 0 댓글 2,0,405,2022.03.25 12:00:54,https://gall.dcinside.com/mgallery/board/view/?id=pths&no=5532&page=17
17,5530,[일반],담배좀 그만 펴라,ㄹㅇ - dc official App,ㅇㅇ (112.157) 2022.03.24 23:01:13 스크랩 조회 831 추천 8 댓글 1,8,831,2022.03.24 23:01:13,https://gall.dcinside.com/mgallery/board/view/?id=pths&no=5530&page=17
17,5529,[일반],물리 평균 19점,이거 뭐노 ㅋㅋㅋ - dc official App,ㅇㅇ (223.38) 2022.03.24 22:19:04 스크랩 조회 379 추천 2 댓글 0,2,379,2022.03.24 22:19:04,https://gall.dcinside.com/mgallery/board/view/?id=pths&no=5529&page=17
17,5528,[일반],본인이 4모를 준비하는 고독한 치타라면 개추,니들이 3모를 달릴동안 내가 앉아있었던건 다 추진력을 위해서였다고 아 ㅋㅋ,ㅇㅇ (39.117) 2022.03.23 23:35:18 스크랩 조회 410 추천 12 댓글 3,12,410,2022.03.23 23:35:18,https://gall.dcinside.com/mgallery/board/view/?id=pths&no=5528&page=17
17,5524,[일반],안성 대림동산에서 두원공고랑 동일공고중에 어디가 더 통학하기 편하냐?,대림동산에 사는 중3인데 특성화고가서 기술배워가지고 일찍 취업할 생각임 기계공고는 전원 기숙사 생활한다길래 안가려고,ㅇㅇ (124.199) 2022.03.22 23:42:55 스크랩 조회 447 추천 0 댓글 1,0,447,2022.03.22 23:42:55,https://gall.dcinside.com/mgallery/board/view/?id=pths&no=5524&page=17
17,5522,[일반],여기 동아리 DTA아직도 있냐,ㅋㅋㅋㅋㅋ - dc official App,ㅇㅇ (223.38) 2022.03.22 19:55:17 스크랩 조회 313 추천 0 댓글 2,0,313,2022.03.22 19:55:17,https://gall.dcinside.com/mgallery/board/view/?id=pths&no=5522&page=17
17,5521,[일반],3학년 선배님들,3학년 되면 쌤들이 자습시간 많이 주시나요?,ㅇㅇ (112.157) 2022.03.21 22:39:55 스크랩 조회 441 추천 0 댓글 3,0,441,2022.03.21 22:39:55,https://gall.dcinside.com/mgallery/board/view/?id=pths&no=5521&page=17
17,5520,[일반],백설기 나만 괜찮냐,근데 옥수수 넣은건 선넘음 ㅅㅂ,ㅇㅇ (39.117) 2022.03.21 21:40:49 스크랩 조회 306 추천 0 댓글 3,0,306,2022.03.21 21:40:49,https://gall.dcinside.com/mgallery/board/view/?id=pths&no=5520&page=17
17,5519,[일반],[평고문학] 아아... 오도짜세 68기들의 찬란한 급식시간!!!!,"(주의)이 모든 것은 픽션이며, 평고에서는 전우애 행위가 일절 일어나지 않을 것이라고 믿습니다 ----------------------------------------------------------------------------------------------------------------------- 아아... 이 글을 읽고있는 68기 이하 기열찐빠 아쎄이들은 혹시 급식시간에 대한 좋은 기억이 있는가...? 때는 2019년... 아직 젖비린내도 탈출하지 못한 1학년 아쎄이였던 나는 급식 시간만을 손꼽아 기다리는 기열찐빠가 되어있었다... 아아... 어느 무더운 여름날... 그날은 작년의 기열찐빠후달쓰 급식과는 차원이 다른 오도기합급식이 나오던 휘황찬란한 날이었다... ""아쎄이... 오늘의 급식은 뭐지...?"" 3학년 정 시준비는뭐든지잘해 선배님은 우리반에 느닷없이 들어와 포신을 세우시며 말씀하셨다... ""악! 오늘의 급식은 버섯탕수육입니다!"" 이런... 같은 반의 기열찐빠후달쓰게이자식이 감히 선배님에게 직접 말하게 되어있나...? ""새끼... 기열!"" 정 시준비는뭐든지잘해 선배님은 크고 우람한 포신을 재정비한 뒤, 일순간에 기열찐빠의 뒤로 순간이동을 하는 것이었다! ""따흐흑!"" 오호 통재라! 기열찐빠는 결국 선배의 포신 케이스가 되어버렸다... '이대로 가다간 우리 반 모두가 기열 찐빠가 된다...' 라고 생각하던 그때...! ""악! 오늘의 급식은 버섯탕수육이라고 간언드려도 되는지에 관해 질문해도 되는지를 감히 물어봐도 되는지 여쭈어보고싶습니다!"" 오호라... 갑자기 반에서 일언을 하지 아니하던 평고식 각개빤쓰(생활복) 아쎄이가 기세좋게 질문하는 것이 아닌가? ""음... 1학년에 이런 인재가 있었나... 새끼 기합이다! 오늘 야자시간에 3학년 교실로 오도록! 10시까지 전우애를 나누도록 하자꾸나!"" ""따흐흑... 감사합니다..."" 교실은 순식간에 안도의 한숨으로 가득차 모든 것이 순조로울것만 같았다... ""잠깐... 버섯탕수육이라고 하였나...?"" ""아쎄이...우리 고3기합 오도짜세 평고인이 버섯탕수육을 먹어야겠나?"" 정 시준비는뭐든지잘해 선배님은 한달음에 급식실로 달려가 버섯 탕수육위에 마치 박격포처럼 짙은 백탁액 소스를 뿌리는것이 아니겠는가! ""아쎄이... 버섯은 머리에 좋다! 그러므로 아쎄이들이 전부 취식하도록!"" 아아... 아무리 하늘같은 선배의 은혜라고는 하지만 버섯 탕수육은 선을 넘지 않았는가...? ""네가 선택한 평택고의 급식이다. 악으로 깡으로 먹어라."" ""악! 알겠습니다!"" 그렇게 68기 동기생들은 진득한 소스의 버섯 탕수육을 먹으며 평고정신을 머리에 새겼다고 하더라! 라이라이 아침노을 차차차!!! ------------------------------------------------------------------------------------------------ 쓰다가 뇌절치긴 했는데 대학교 과제하다 멘탈나가서 그런거니까 이해 부탁... 평고 그립다",허셜 2022.03.21 17:37:03 스크랩 조회 818 추천 16 댓글 6,16,818,2022.03.21 17:37:03,https://gall.dcinside.com/mgallery/board/view/?id=pths&no=5519&page=17
17,5518,[일반],오늘 급식 이게 맞음??,상태 너무 심각한데 이건 하다못해 다 빼고 햄버거나 토스트만 넣어줘도 이거 보단 나았을 듯,올매 2022.03.21 16:40:47 스크랩 조회 354 추천 0 댓글 0,0,354,2022.03.21 16:40:47,https://gall.dcinside.com/mgallery/board/view/?id=pths&no=5518&page=17
17,5515,[일반],여친 생일인데 축하좀,오늘은 로젤리아의 기타리스트 히카와 사요의 생일입니다,dasiima 2022.03.20 00:00:38 스크랩 조회 575 추천 15 댓글 10,15,575,2022.03.20 00:00:38,https://gall.dcinside.com/mgallery/board/view/?id=pths&no=5515&page=17
17,5512,[일반],간편식 정리 드갑니다,,dasiima 2022.03.18 00:14:49 스크랩 조회 553 추천 9 댓글 2,9,553,2022.03.18 00:14:49,https://gall.dcinside.com/mgallery/board/view/?id=pths&no=5512&page=17
17,5511,[일반],이 새끼 ㅈ같으면 개추,백 설 기,ㅇㅇ (182.210) 2022.03.17 22:46:57 스크랩 조회 735 추천 17 댓글 3,17,735,2022.03.17 22:46:57,https://gall.dcinside.com/mgallery/board/view/?id=pths&no=5511&page=17
17,5510,[일반],220316,,502 2022.03.16 18:18:41 스크랩 조회 231 추천 1 댓글 2,1,231,2022.03.16 18:18:41,https://gall.dcinside.com/mgallery/board/view/?id=pths&no=5510&page=17
17,5508,[일반],220314,ㅋㅋㅋ,ㅇㅇ (183.100) 2022.03.14 23:17:27 스크랩 조회 190 추천 2 댓글 0,2,190,2022.03.14 23:17:27,https://gall.dcinside.com/mgallery/board/view/?id=pths&no=5508&page=17
17,5506,[일반],220314 애니추천,4월은 너의 거짓말 #4구라 #카오리 그날 본 꽃의 이름을 우리는 아직 모른다 #아노하나 #멘마 틀딱감성 ㅈㅅ,천원주면키스해주는놈 2022.03.14 22:55:57 스크랩 조회 259 추천 0 댓글 3,0,259,2022.03.14 22:55:57,https://gall.dcinside.com/mgallery/board/view/?id=pths&no=5506&page=17
17,5503,[일반],210313 애니메 추천,세인트 세이야,502 2022.03.13 21:18:20 스크랩 조회 148 추천 0 댓글 1,0,148,2022.03.13 21:18:20,https://gall.dcinside.com/mgallery/board/view/?id=pths&no=5503&page=17
17,5502,[일반],애들아 나 1학년인데,방금 코로나 검사 해봤는데 희미하게 두줄 보이더라 내일 등교하고 싶은데 어떻게 해야함?,ㅇㅇ (223.131) 2022.03.13 20:32:45 스크랩 조회 550 추천 0 댓글 2,0,550,2022.03.13 20:32:45,https://gall.dcinside.com/mgallery/board/view/?id=pths&no=5502&page=17
17,5500,[일반],220312 news,,502 2022.03.12 17:21:51 스크랩 조회 216 추천 0 댓글 1,0,216,2022.03.12 17:21:51,https://gall.dcinside.com/mgallery/board/view/?id=pths&no=5500&page=17
18,5499,[일반],220312 애니메 추천,아라카와 언더 더 브릿지,502 2022.03.12 17:21:00 스크랩 조회 140 추천 0 댓글 2,0,140,2022.03.12 17:21:00,https://gall.dcinside.com/mgallery/board/view/?id=pths&no=5499&page=18
18,5495,[일반],양진중 다니는 07인데 평고갈까 안성고갈까 고민임,내신 커트라인은 비슷한거 같고 평고가 거리는 가까운데 평고는 타지 학교고 안성고는 같은 지역이라 관내 학교 다니는게 더 나을듯 싶고 참고로 기숙사는 절대 안들어감,ㅇㅇ (106.102) 2022.03.10 22:45:58 스크랩 조회 782 추천 0 댓글 6,0,782,2022.03.10 22:45:58,https://gall.dcinside.com/mgallery/board/view/?id=pths&no=5495&page=18
18,5494,[일반],평택고 일동은 20대 대통령 윤석열님의 당선을 축하합니다,The President 윤석열,ㅇㅇ (49.163) 2022.03.10 07:01:00 스크랩 조회 683 추천 30 댓글 2,30,683,2022.03.10 07:01:00,https://gall.dcinside.com/mgallery/board/view/?id=pths&no=5494&page=18
18,5493,[일반],온라인 안하냐?,하고싶어잉,ㅇㅇ (112.157) 2022.03.09 23:36:59 스크랩 조회 300 추천 1 댓글 1,1,300,2022.03.09 23:36:59,https://gall.dcinside.com/mgallery/board/view/?id=pths&no=5493&page=18
18,5490,[일반],성대정시재수생인데,올해입결레전드네 교차지원빨인가,skyblue73 (222.99) 2022.03.07 23:28:50 스크랩 조회 451 추천 1 댓글 2,1,451,2022.03.07 23:28:50,https://gall.dcinside.com/mgallery/board/view/?id=pths&no=5490&page=18
18,5489,[일반],"""윤프"" 평택 입갤",,솩솩 2022.03.07 20:48:24 스크랩 조회 614 추천 12 댓글 2,12,614,2022.03.07 20:48:24,https://gall.dcinside.com/mgallery/board/view/?id=pths&no=5489&page=18
18,5487,[일반],입갤,떨어진다,ㅇㅇ (223.62) 2022.03.07 18:49:32 스크랩 조회 178 추천 0 댓글 0,0,178,2022.03.07 18:49:32,https://gall.dcinside.com/mgallery/board/view/?id=pths&no=5487&page=18
18,5485,[일반],"1학년들 ""이 새끼"" 좀 버려라..",형도 풀어봤지만... 부교재 n회독이 답이다 - dc official App,ㅇㅇ (112.157) 2022.03.07 00:36:18 스크랩 조회 804 추천 5 댓글 4,5,804,2022.03.07 00:36:18,https://gall.dcinside.com/mgallery/board/view/?id=pths&no=5485&page=18
18,5481,[일반],원곡면에 사는 학생있음?,원곡면에는 중학교랑 고등학교 언제 생기려나...,ㅇㅇ (124.199) 2022.03.06 03:27:30 스크랩 조회 220 추천 0 댓글 0,0,220,2022.03.06 03:27:30,https://gall.dcinside.com/mgallery/board/view/?id=pths&no=5481&page=18
18,5479,[일반],평고 신병입니당,파딱 내놩 - dc official App,롱보이A. 2022.03.05 17:26:17 스크랩 조회 374 추천 1 댓글 3,1,374,2022.03.05 17:26:17,https://gall.dcinside.com/mgallery/board/view/?id=pths&no=5479&page=18
18,5477,[일반],220305 애니메 추천,어나더,502 2022.03.05 17:21:52 스크랩 조회 107 추천 0 댓글 0,0,107,2022.03.05 17:21:52,https://gall.dcinside.com/mgallery/board/view/?id=pths&no=5477&page=18
18,5476,[일반],220305,,502 2022.03.05 17:16:37 스크랩 조회 129 추천 0 댓글 2,0,129,2022.03.05 17:16:37,https://gall.dcinside.com/mgallery/board/view/?id=pths&no=5476&page=18
18,5472,[일반],같이먹을 친구없는데 지정석 생겨서 기분좋은 평붕이는 개추,일단 나부터 ㅋㅋ,이재명 (119.71) 2022.03.04 00:41:48 스크랩 조회 757 추천 21 댓글 6,21,757,2022.03.04 00:41:48,https://gall.dcinside.com/mgallery/board/view/?id=pths&no=5472&page=18
18,5471,[일반],과탐 문제집 뭐가 좋음?,ㅇㅇㅇㅇㅇㅇㅇㅇㅇㅇㅇㅇㅇㅇㅇㅇㅇㅇ,ㅇㅇ (112.157) 2022.03.03 22:45:06 스크랩 조회 278 추천 1 댓글 1,1,278,2022.03.03 22:45:06,https://gall.dcinside.com/mgallery/board/view/?id=pths&no=5471&page=18
18,5470,[일반],나 파딱 언제쯤 압수당함.,ㅠ,천원주면키스해주는놈 2022.03.03 16:39:05 스크랩 조회 287 추천 0 댓글 3,0,287,2022.03.03 16:39:05,https://gall.dcinside.com/mgallery/board/view/?id=pths&no=5470&page=18
18,5469,[일반],이 갤 선생들 모르지?,- dc official App,ㅇㅇ (59.5) 2022.03.03 15:58:15 스크랩 조회 590 추천 0 댓글 9,0,590,2022.03.03 15:58:15,https://gall.dcinside.com/mgallery/board/view/?id=pths&no=5469&page=18
18,5467,[일반],급식실 지정좌석 <<< 이거 왜함?,할많하않 ㅋㅋ,ㅇㅇ (49.163) 2022.03.02 23:22:51 스크랩 조회 556 추천 5 댓글 3,5,556,2022.03.02 23:22:51,https://gall.dcinside.com/mgallery/board/view/?id=pths&no=5467&page=18
18,5466,[일반],벌써 개강이라니,내가 왜 학식,ㅇㅇ (223.38) 2022.03.02 13:53:22 스크랩 조회 175 추천 0 댓글 0,0,175,2022.03.02 13:53:22,https://gall.dcinside.com/mgallery/board/view/?id=pths&no=5466&page=18
18,5465,[일반],야자할 생각하니 숨이 턱 막힌다,시발ㅋㅋ,어두운파인애플 2022.03.02 08:38:58 스크랩 조회 380 추천 0 댓글 3,0,380,2022.03.02 08:38:58,https://gall.dcinside.com/mgallery/board/view/?id=pths&no=5465&page=18
18,5464,[일반],3학년 파이팅해라 ㅋ,작년에 3학년 생활 하면서 존나 괴롭고 죽고 싶은 적도 많았지만 끝나고 보니 진짜 후련하더라 내일 개학인데 다들 뭐 나름대로 열심히 하겠지만 더더 열심히 해보자 담임 라인업 훑어보니까 좋은 쌤들 많이 계시더라 1년 동안 엄청 예민할텐데 선생님들도 너네들 잘되는 걸 바랄 뿐이니 너무들 미워하지 말고 서로서로 조금만 배려하는 게 좋을것 같다 암튼 재수 염두하지 말고 끝까지 열심히 달려라 ㅋㅋ 나는 그럼 이제 탈갤하고 현생 살러 간다 P.S 10반도 생겼다고 들었는데 어디에다 만든거임?,ㅇㅇ (223.38) 2022.03.01 21:35:57 스크랩 조회 724 추천 15 댓글 5,15,724,2022.03.01 21:35:57,https://gall.dcinside.com/mgallery/board/view/?id=pths&no=5464&page=18
18,5463,[일반],내일 야자하냐?,씹 - dc official App,ㅇㅇ (112.157) 2022.03.01 21:33:07 스크랩 조회 235 추천 0 댓글 0,0,235,2022.03.01 21:33:07,https://gall.dcinside.com/mgallery/board/view/?id=pths&no=5463&page=18
18,5462,[일반],내일이면 생기부 볼 수 있음?,2월 끝나면 세특 볼 수 있는거 맞나,ㅇㅇ (182.210) 2022.02.28 10:08:26 스크랩 조회 356 추천 0 댓글 1,0,356,2022.02.28 10:08:26,https://gall.dcinside.com/mgallery/board/view/?id=pths&no=5462&page=18
18,5461,[일반],현강다니는새끼 있냐?,다닐만 하냐 넘 멀어서 고민중,조재혁 (124.57) 2022.02.26 17:22:14 스크랩 조회 395 추천 0 댓글 1,0,395,2022.02.26 17:22:14,https://gall.dcinside.com/mgallery/board/view/?id=pths&no=5461&page=18
18,5460,[일반],ㅅㅂ 4 5 6반 기하쌤 누구임,doggey임? 작년에 휴대폰 연결해서 학교에서 온라인 강의마냥 수업하던 그 쌤임? ㅅㅂ?,ㅇㅇ (223.38) 2022.02.26 08:16:58 스크랩 조회 610 추천 1 댓글 3,1,610,2022.02.26 08:16:58,https://gall.dcinside.com/mgallery/board/view/?id=pths&no=5460&page=18
18,5459,[일반],평고 입결,평고 입결 이정도면 역대 최고 아님? 현역 서울대 6에 연의 ㄷㄷ 연의는 지린다..,ㅇㅇ (116.121) 2022.02.25 23:21:26 스크랩 조회 1607 추천 14 댓글 9,14,1607,2022.02.25 23:21:26,https://gall.dcinside.com/mgallery/board/view/?id=pths&no=5459&page=18
18,5458,[질문],올해 중3인데 송탄에서 여기 다닐만큼 평고가 매리트 있음?,내신 된다는 가정하에 집 근처 타 고등학교에 비교해서 여기가 더 나은 무언가가 있음? 타 일반고에 비하면 공부 분위기 같은건 다 잘 잡혀있으니까 정시 하나만 본다면 괜찮을거같긴 한데,... (175.113) 2022.02.25 22:45:12 스크랩 조회 716 추천 0 댓글 4,0,716,2022.02.25 22:45:12,https://gall.dcinside.com/mgallery/board/view/?id=pths&no=5458&page=18
18,5456,[일반],2학년 담임은,등교 해야지 알수 있음? 1학년때 어땠는지 기억이 안나네,평붕이 (106.245) 2022.02.25 15:53:54 스크랩 조회 602 추천 0 댓글 3,0,602,2022.02.25 15:53:54,https://gall.dcinside.com/mgallery/board/view/?id=pths&no=5456&page=18
18,5453,[일반],담임쌤 개나이스 ㅋㅋㅋ,해피해피 3학년,dasiima 2022.02.25 11:08:16 스크랩 조회 767 추천 0 댓글 4,0,767,2022.02.25 11:08:16,https://gall.dcinside.com/mgallery/board/view/?id=pths&no=5453&page=18
18,5452,[질문],2학년 사탐과목,2학년 사회 탐구는 과목에 따라서 빈 이동함??,없는데… (180.70) 2022.02.25 10:49:43 스크랩 조회 293 추천 0 댓글 0,0,293,2022.02.25 10:49:43,https://gall.dcinside.com/mgallery/board/view/?id=pths&no=5452&page=18
18,5451,[일반],반배정떴다,ㅅㅂ 실화냐 친구 다 어디감,ㅇㅇ (116.123) 2022.02.25 10:37:34 스크랩 조회 400 추천 0 댓글 3,0,400,2022.02.25 10:37:34,https://gall.dcinside.com/mgallery/board/view/?id=pths&no=5451&page=18
18,5450,[일반],킹전고는 이미 나왔던데,입학컷도 따였는데 이런것도 따이냐?,ㅇㅇ (39.117) 2022.02.25 01:57:49 스크랩 조회 455 추천 0 댓글 5,0,455,2022.02.25 01:57:49,https://gall.dcinside.com/mgallery/board/view/?id=pths&no=5450&page=18
18,5449,[일반],시간표뜸,컴시간앱에 다음주 시간표뜸. 담당샘 이름 두글자떳는데 누군지 감ㅈ이안잡힘. 샘들 다 바뀐듯.,곧고3 (59.8) 2022.02.24 22:21:01 스크랩 조회 450 추천 0 댓글 7,0,450,2022.02.24 22:21:01,https://gall.dcinside.com/mgallery/board/view/?id=pths&no=5449&page=18
18,5447,[일반],220224 애니메 추천,돌아가는 펭귄드럼,502 2022.02.24 12:18:19 스크랩 조회 156 추천 0 댓글 0,0,156,2022.02.24 12:18:19,https://gall.dcinside.com/mgallery/board/view/?id=pths&no=5447&page=18
18,5446,[일반],싱글벙글 평고,ㅋㅋㅋㅋㅋㅋㅋㅋㅋㅋㅋㅋㅋㅋㅋㅋ,ㅇㅇ (180.83) 2022.02.23 17:21:11 스크랩 조회 564 추천 2 댓글 6,2,564,2022.02.23 17:21:11,https://gall.dcinside.com/mgallery/board/view/?id=pths&no=5446&page=18
18,5444,[일반],담임 떳다,시로시로,ㅇㅇ (106.101) 2022.02.23 11:58:39 스크랩 조회 575 추천 0 댓글 3,0,575,2022.02.23 11:58:39,https://gall.dcinside.com/mgallery/board/view/?id=pths&no=5444&page=18
18,5442,[일반],궁금한게 있는데,ㅇㅈㅈ이 누구임?,개교기념일 (116.123) 2022.02.23 01:40:49 스크랩 조회 420 추천 0 댓글 4,0,420,2022.02.23 01:40:49,https://gall.dcinside.com/mgallery/board/view/?id=pths&no=5442&page=18
18,5441,[일반],질문,궁금한게 있는데 ㅇㅈㅈ쌤 욕먹는 이유가 뭐임? ㅈㄴ 궁금해서그럼 ㅇㅇ,TmXPEN 2022.02.23 00:24:58 스크랩 조회 469 추천 0 댓글 7,0,469,2022.02.23 00:24:58,https://gall.dcinside.com/mgallery/board/view/?id=pths&no=5441&page=18
18,5440,[일반],2학년 본인 수시는 글렀고,모고 1 3 1 1 1 (화작 세계사 동아시아사) 나오는데 수능까지 수학만 올리면 고대 ㅆㄱㄴ?,평붕이 (106.245) 2022.02.22 19:59:53 스크랩 조회 429 추천 4 댓글 1,4,429,2022.02.22 19:59:53,https://gall.dcinside.com/mgallery/board/view/?id=pths&no=5440&page=18
18,5439,[일반],긱사 첨가보는 평붕이 질문,데스크패드 색상이랑 사이즈 안맞아도 ㄱㅊ? 집에있는게 파란색에 사이즈도 안맞아서 약간 쫄림,ㅇㅇ (49.171) 2022.02.22 19:54:08 스크랩 조회 300 추천 0 댓글 1,0,300,2022.02.22 19:54:08,https://gall.dcinside.com/mgallery/board/view/?id=pths&no=5439&page=18
18,5438,[일반],대체 담임은 언제 나올까,궁금해요,dasiima 2022.02.22 19:25:52 스크랩 조회 481 추천 0 댓글 9,0,481,2022.02.22 19:25:52,https://gall.dcinside.com/mgallery/board/view/?id=pths&no=5438&page=18
18,5437,[일반],2022년 2월 22일 2시 22분 22초가 멀지 않았내.,,천원주면키스해주는놈 2022.02.21 22:09:09 스크랩 조회 304 추천 6 댓글 0,6,304,2022.02.21 22:09:09,https://gall.dcinside.com/mgallery/board/view/?id=pths&no=5437&page=18
18,5436,[일반],기숙사 반배정,"기숙사 방 1,2,3학년 따로 쓰나요 아니면 그냥 랜덤인가요?",. (124.55) 2022.02.21 21:28:43 스크랩 조회 337 추천 0 댓글 1,0,337,2022.02.21 21:28:43,https://gall.dcinside.com/mgallery/board/view/?id=pths&no=5436&page=18
18,5435,[일반],3학년,3학년 되면 자습시간 많냐? 많으면 하루에 몇시간 정도 함? 그리고 방과후 해?,ㅇㅇ (223.39) 2022.02.21 20:43:00 스크랩 조회 217 추천 0 댓글 0,0,217,2022.02.21 20:43:00,https://gall.dcinside.com/mgallery/board/view/?id=pths&no=5435&page=18
18,5434,[일반],나 평고 졸업생인데 현재 딸배한다 질문받는다 ㅋ,ㅇㅇ,ㅇㅇ (210.183) 2022.02.21 20:14:32 스크랩 조회 540 추천 0 댓글 4,0,540,2022.02.21 20:14:32,https://gall.dcinside.com/mgallery/board/view/?id=pths&no=5434&page=18
18,5433,[일반],수시?정시?,1학년 내신1.9 2학년 내신 1.3이고 생기부텅이면 수시로 어디갈수있남?이과임. 정시로 돌려야되남? 목표는 연대의대임.,곧고3 (59.8) 2022.02.21 18:46:24 스크랩 조회 386 추천 0 댓글 5,0,386,2022.02.21 18:46:24,https://gall.dcinside.com/mgallery/board/view/?id=pths&no=5433&page=18
18,5432,[일반],평고 신규 홈페이지 왜 오류나는 거임,?,ㅇㅇ (14.34) 2022.02.21 11:33:00 스크랩 조회 197 추천 0 댓글 0,0,197,2022.02.21 11:33:00,https://gall.dcinside.com/mgallery/board/view/?id=pths&no=5432&page=18
18,5431,[일반],신입생인데 체육복 어케해?,체육복을 알아서 맞추는건 첨이라 어케 할지 모르겠어 도와줘,ㅇㅇ (183.100) 2022.02.20 17:58:26 스크랩 조회 485 추천 0 댓글 12,0,485,2022.02.20 17:58:26,https://gall.dcinside.com/mgallery/board/view/?id=pths&no=5431&page=18
18,5430,[일반],하 이거 친구 손절해야되냐,방금 뺌 ㅁㅌㅊ?,ㅇㅇ (59.13) 2022.02.20 11:32:25 스크랩 조회 440 추천 0 댓글 4,0,440,2022.02.20 11:32:25,https://gall.dcinside.com/mgallery/board/view/?id=pths&no=5430&page=18
18,5429,[일반],3학년 어떻게 한다는거임,반배치는 2/25에 나오는데 담임쌤 상담은 그 전에 하는건 뭐노..,ㅇㅇ (182.210) 2022.02.20 09:42:53 스크랩 조회 420 추천 0 댓글 6,0,420,2022.02.20 09:42:53,https://gall.dcinside.com/mgallery/board/view/?id=pths&no=5429&page=18
18,5427,[일반],남녀공학,평택고 이번에 남녀공학으로 변경하면서 반 하나씩 추가 개설했다는데 기대되네요!!,ㅇㅇ (116.121) 2022.02.19 19:37:19 스크랩 조회 476 추천 0 댓글 6,0,476,2022.02.19 19:37:19,https://gall.dcinside.com/mgallery/board/view/?id=pths&no=5427&page=18
19,5425,[일반],야 너희 서울대 7명 보냈다며??,부럽다...?,은혜고 은붕이 (122.43) 2022.02.17 23:33:30 스크랩 조회 774 추천 1 댓글 5,1,774,2022.02.17 23:33:30,https://gall.dcinside.com/mgallery/board/view/?id=pths&no=5425&page=19
19,5423,[일반],마스크가 ㅈ사기인게,얼굴 살찐거 가려지니까 굳이 살 빼려고 하지 않음,ㅇㅇ (223.38) 2022.02.16 13:30:57 스크랩 조회 386 추천 0 댓글 1,0,386,2022.02.16 13:30:57,https://gall.dcinside.com/mgallery/board/view/?id=pths&no=5423&page=19
19,5419,[일반],선배님들 이 교칙 바뀌었나요,2017년 교칙에 따르면 전자기기 소지는 가능하다 적혀 있는데 아직 동일한가요?,ㅇㅇ (211.243) 2022.02.15 08:22:00 스크랩 조회 479 추천 0 댓글 9,0,479,2022.02.15 08:22:00,https://gall.dcinside.com/mgallery/board/view/?id=pths&no=5419&page=19
19,5417,[일반],중앙대 경영학과 갔으면 나름 잘간 편이냐?,밑에 양성중학교 나온 사람 있냐고 물은 사람인데 중앙대 경영학과 갔으면 나름 잘 간 편이냐?,ㅇㅇ (124.199) 2022.02.14 22:33:05 스크랩 조회 1274 추천 4 댓글 2,4,1274,2022.02.14 22:33:05,https://gall.dcinside.com/mgallery/board/view/?id=pths&no=5417&page=19
19,5416,[일반],평고갤 하는 평고생중에 양성중학교 졸업한 사람 있냐?,나말곤 없나?,ㅇㅇ (124.199) 2022.02.14 22:31:42 스크랩 조회 204 추천 0 댓글 0,0,204,2022.02.14 22:31:42,https://gall.dcinside.com/mgallery/board/view/?id=pths&no=5416&page=19
19,5413,[일반],지방대 최초합 했다..,갑자기 평고갤 생각나서 오랜만에 들어옴.. 다들 스카이 가도록 열심히 해라 ㅠㅠ,ㅇㅇ (58.124) 2022.02.13 10:32:33 스크랩 조회 798 추천 13 댓글 3,13,798,2022.02.13 10:32:33,https://gall.dcinside.com/mgallery/board/view/?id=pths&no=5413&page=19
19,5412,[일반],나이스발,나이스 생기부 보려고 학부모 로그인했는데 아직도 무슨 법령~이지랄하면서 해당학년은 못본다는데 언제 뜸?? - dc official App,ㅇㅇ (116.39) 2022.02.12 21:10:58 스크랩 조회 287 추천 0 댓글 1,0,287,2022.02.12 21:10:58,https://gall.dcinside.com/mgallery/board/view/?id=pths&no=5412&page=19
19,5409,[일반],신입생인데 평택고 기숙사 입실 퇴실,평택고 기숙사 입실 퇴실 각각 몇시인가여,노우현 2022.02.12 14:33:46 스크랩 조회 649 추천 0 댓글 5,0,649,2022.02.12 14:33:46,https://gall.dcinside.com/mgallery/board/view/?id=pths&no=5409&page=19
19,5408,[일반],고려대 합격함,평고 3년 동안 나름 즐거웠다 쌤들도 ㅇㅈㅈ 같은 병신 빼면 나름 괜찮았고,ㅇㅇ (175.121) 2022.02.12 02:00:47 스크랩 조회 1181 추천 26 댓글 7,26,1181,2022.02.12 02:00:47,https://gall.dcinside.com/mgallery/board/view/?id=pths&no=5408&page=19
19,5407,[일반],요즘 누가 평고가냐,내신 포기하고 정시 당하려고 평고갈빠엔 내신 챙기고 선생님들 좋은 효명 감 ㅋㅋ,ㅇㅇ (211.36) 2022.02.11 19:54:42 스크랩 조회 511 추천 4 댓글 2,4,511,2022.02.11 19:54:42,https://gall.dcinside.com/mgallery/board/view/?id=pths&no=5407&page=19
19,5404,[일반],신입생 받아라 틀딱들아~,니애미,최우진 (118.39) 2022.02.11 02:53:38 스크랩 조회 299 추천 1 댓글 0,1,299,2022.02.11 02:53:38,https://gall.dcinside.com/mgallery/board/view/?id=pths&no=5404&page=19
19,5401,[일반],입결 질문,졸업하신 3학년분들 대학 어떻게 됨???? ㄹㅇ로 설대 7명임? 밑에글 안믿겨서 다시 물어봄,ㅇㅇ (211.198) 2022.02.10 23:27:10 스크랩 조회 448 추천 0 댓글 1,0,448,2022.02.10 23:27:10,https://gall.dcinside.com/mgallery/board/view/?id=pths&no=5401&page=19
19,5398,[일반],파딱 교체 슬슬 하죠,틀딱은 쳐낼 때가 됐다,ㅇㅇ (223.38) 2022.02.09 18:31:23 스크랩 조회 285 추천 1 댓글 4,1,285,2022.02.09 18:31:23,https://gall.dcinside.com/mgallery/board/view/?id=pths&no=5398&page=19
19,5397,[질문],기숙사 들어가는 신입생 평붕이 질문,"촤대한 간결하게 쓰겠습니다. 1. 1학년은 야자시간에 인강을 잘 못보는거 같은데, 그러면 기숙사생은 아예 인강 못보나요? 2. 기숙사 쉬는시간•자유시간(학교•야자시간을 뺀 모든 시간)에 핸드폰•태블릿 사용 가능한가요? 가능하다면 언제언제 되는지도 알려주시면 감사하겠습니다. 3. 체력단련실이 있는걸로 아는데, 기숙사생들 사용 가능한지, 또 사용하시는 기숙사생분들 계신지 궁금합니다. 아무래도 주변에 아는 평고 선배가 없어서 질문이 많습니다. 이해해주시면 감사하겠습니다.",ㅇㅇ (61.255) 2022.02.08 21:44:08 스크랩 조회 559 추천 0 댓글 6,0,559,2022.02.08 21:44:08,https://gall.dcinside.com/mgallery/board/view/?id=pths&no=5397&page=19
19,5395,[일반],우리 이제 공학이냐,여자가 왜있노 ㅋㅋㅋㅋ,dasiima 2022.02.07 15:01:02 스크랩 조회 518 추천 0 댓글 7,0,518,2022.02.07 15:01:02,https://gall.dcinside.com/mgallery/board/view/?id=pths&no=5395&page=19
19,5394,[일반],평붕이 도대체 반배정 언제 나오냐?,- dc official App,평택고등학교62기곽철모 2022.02.07 14:49:20 스크랩 조회 262 추천 0 댓글 0,0,262,2022.02.07 14:49:20,https://gall.dcinside.com/mgallery/board/view/?id=pths&no=5394&page=19
19,5393,[일반],평택고등학교 공식홈페이지가 리뉴얼되었습니다,http://www.pyeongtaek.hs.kr/ (이전주소) ⬇+⬇+⬇+⬇+⬇+⬇+⬇+⬇+⬇+⬇+⬇+ https://pyeongtaek-h.goept.kr/pyeongtaek-h/main.do ㅇ현재주소,솩솩 2022.02.07 14:41:33 스크랩 조회 454 추천 1 댓글 0,1,454,2022.02.07 14:41:33,https://gall.dcinside.com/mgallery/board/view/?id=pths&no=5393&page=19
19,5387,[일반],생각할수록 치사하네,반편성 11월달에 이미 다 짜놨으면서 왜 우리한텐 안알려줌?,ㅇㅇ (183.100) 2022.02.05 00:08:49 스크랩 조회 475 추천 0 댓글 5,0,475,2022.02.05 00:08:49,https://gall.dcinside.com/mgallery/board/view/?id=pths&no=5387&page=19
19,5385,[일반],광고글 컷 ㅋㅋㅋㅋㅋ,비밀번호를 1234로 하면 삭제 당해야지~,ㅇㅇ (211.36) 2022.02.04 19:48:16 스크랩 조회 209 추천 0 댓글 1,0,209,2022.02.04 19:48:16,https://gall.dcinside.com/mgallery/board/view/?id=pths&no=5385&page=19
19,5383,[일반],고3 입시 대박났다노,들리는 소문은 정시 현역으로 설대 7명 붙었다는데 왜 시발 난 지거국에 인서울 하위권이냐 ㅅㅂ,ㅇㅇ (223.38) 2022.02.04 10:35:24 스크랩 조회 905 추천 0 댓글 3,0,905,2022.02.04 10:35:24,https://gall.dcinside.com/mgallery/board/view/?id=pths&no=5383&page=19
19,5381,[일반],망갤,3학년 졸업하더니 갤 사망,ㅇㅇ (112.148) 2022.02.04 00:40:17 스크랩 조회 438 추천 7 댓글 4,7,438,2022.02.04 00:40:17,https://gall.dcinside.com/mgallery/board/view/?id=pths&no=5381&page=19
19,5378,[일반],ㅅㅂ 플립 3번 떨궈서 힌지 망가짐,제설 쉬바 - dc official App,롱보이A. 2022.02.01 14:54:10 스크랩 조회 279 추천 2 댓글 1,2,279,2022.02.01 14:54:10,https://gall.dcinside.com/mgallery/board/view/?id=pths&no=5378&page=19
19,5376,[일반],평택고 졸업생이다,개줮같은 학교 애들 공부 존나잘해서 내신 ㅈ박고 수능이나 쳐봤는데 니들도 아직도 그러냐? - dc official App,ㅇㅇ (59.8) 2022.02.01 00:10:33 스크랩 조회 555 추천 2 댓글 3,2,555,2022.02.01 00:10:33,https://gall.dcinside.com/mgallery/board/view/?id=pths&no=5376&page=19
19,5374,[일반],저 광고글 왜 계속 올라오냐,지치지도 않네,dasiima 2022.01.31 01:00:22 스크랩 조회 221 추천 0 댓글 2,0,221,2022.01.31 01:00:22,https://gall.dcinside.com/mgallery/board/view/?id=pths&no=5374&page=19
19,5371,[일반],???,평고 홈피 어디감? 개학 언제인지 까먹었는데 좆됐너 ;;,ㅇㅇ (121.200) 2022.01.30 16:29:25 스크랩 조회 193 추천 0 댓글 1,0,193,2022.01.30 16:29:25,https://gall.dcinside.com/mgallery/board/view/?id=pths&no=5371&page=19
19,5368,[일반],설날 군머 행사,1. E-sport 대회 (1/29) 2. 풋살 (1/29) 3. 연날리기 (1/30) 4. 피구 (1/31 예정) 설날 패키지 야무지노 - dc official App,롱보이A. 2022.01.30 15:29:47 스크랩 조회 178 추천 0 댓글 3,0,178,2022.01.30 15:29:47,https://gall.dcinside.com/mgallery/board/view/?id=pths&no=5368&page=19
19,5365,[일반],생기부 마감,언제임? - dc official App,평zero붕 2022.01.28 13:26:56 스크랩 조회 274 추천 0 댓글 1,0,274,2022.01.28 13:26:56,https://gall.dcinside.com/mgallery/board/view/?id=pths&no=5365&page=19
19,5363,[일반],실시간 평택역,아아... - dc official App,ㅇㅇ (110.70) 2022.01.27 17:34:32 스크랩 조회 475 추천 4 댓글 3,4,475,2022.01.27 17:34:32,https://gall.dcinside.com/mgallery/board/view/?id=pths&no=5363&page=19
19,5362,[일반],1학년 생기부,생기부 뽑아서 보고싶은데 언제 볼수있늠? 나이스 들어가보니 아직 안올렸던데 - dc official App,ㅇㅇ (211.36) 2022.01.25 17:09:16 스크랩 조회 439 추천 0 댓글 2,0,439,2022.01.25 17:09:16,https://gall.dcinside.com/mgallery/board/view/?id=pths&no=5362&page=19
19,5357,[일반],1학년 내신 3.9,1학년 내신 3.9 평붕이 가망있냐? 저것도 심지어 특정과목빨임 국영수는 4-5 이것저것 활동은 나름 열심히 햇음 ㅇㅇ 2학년때 성적 올리면 학종으로 어디까지 갈 수 있을까,ㅇㅇ (182.218) 2022.01.24 19:05:35 스크랩 조회 700 추천 0 댓글 6,0,700,2022.01.24 19:05:35,https://gall.dcinside.com/mgallery/board/view/?id=pths&no=5357&page=19
19,5356,[일반],평택고등학교 일동은 문재인 대통령님의 생신을 축하드립니다,대통령 몇달 안남았는데 마지막까지 열심히 하시길 바랍니다.,ㅇㅇ (223.62) 2022.01.24 01:05:37 스크랩 조회 349 추천 1 댓글 6,1,349,2022.01.24 01:05:37,https://gall.dcinside.com/mgallery/board/view/?id=pths&no=5356&page=19
19,5354,[일반],이재명 평택 입갤,ㄷㄷ,ㅇㅇ (106.101) 2022.01.23 14:35:19 스크랩 조회 426 추천 2 댓글 4,2,426,2022.01.23 14:35:19,https://gall.dcinside.com/mgallery/board/view/?id=pths&no=5354&page=19
19,5351,[일반],긱사 합격자 뜸,1년동안 사감짱 볼 생각에 행복하다 - dc official App,카구야장 2022.01.21 11:08:55 스크랩 조회 432 추천 1 댓글 2,1,432,2022.01.21 11:08:55,https://gall.dcinside.com/mgallery/board/view/?id=pths&no=5351&page=19
19,5350,[일반],농어촌 버린거 급현타오네,농어촌 12년 버리고 킹택갓 온 3학년 올라가는 평붕이임 지금 모고 13211 나오는데 많이 손해냐,ㅇㅇ (223.39) 2022.01.18 20:13:02 스크랩 조회 393 추천 0 댓글 1,0,393,2022.01.18 20:13:02,https://gall.dcinside.com/mgallery/board/view/?id=pths&no=5350&page=19
19,5349,[질문],평택고에서 인강,예비고1인데 평택고에서 인강 들을 때는 어떤 방식으로 듣는지 궁금합니다. 직접 노트북을 가져와서 듣나요?,ㅇㅇ (180.68) 2022.01.17 20:46:14 스크랩 조회 684 추천 0 댓글 8,0,684,2022.01.17 20:46:14,https://gall.dcinside.com/mgallery/board/view/?id=pths&no=5349&page=19
19,5348,[일반],평고 반배정 언제나오냐??,이힝 - dc official App,평택고등학교62기곽철모 2022.01.17 20:04:51 스크랩 조회 393 추천 0 댓글 3,0,393,2022.01.17 20:04:51,https://gall.dcinside.com/mgallery/board/view/?id=pths&no=5348&page=19
19,5345,[일반],이새끼뭐냐???,유튜브에 ㅈㄴ 뜨네,ㅇㅇ (223.62) 2022.01.15 21:06:37 스크랩 조회 395 추천 0 댓글 1,0,395,2022.01.15 21:06:37,https://gall.dcinside.com/mgallery/board/view/?id=pths&no=5345&page=19
19,5344,[질문],성적에 비해 목표가 너무 높아서 현타옴,의대가고싶은데 모고 성적이 11322나오니까 현타온다....수학은 가끔 2나오기도 함,ㅇㅇ (223.38) 2022.01.14 03:42:43 스크랩 조회 558 추천 1 댓글 4,1,558,2022.01.14 03:42:43,https://gall.dcinside.com/mgallery/board/view/?id=pths&no=5344&page=19
19,5343,[일반],3학년 반배정,3학년 반배정 과학과목따라가나? 국어과목따라가나?,ㅇㅇ (49.165) 2022.01.13 15:05:49 스크랩 조회 449 추천 0 댓글 4,0,449,2022.01.13 15:05:49,https://gall.dcinside.com/mgallery/board/view/?id=pths&no=5343&page=19
19,5342,[질문],연애질문좀,평소에 자주 연락하는 누나가 오늘 평택 왔다고 나오라고해서 만나서 밥먹고 놀다가 헤어짐 그리고 집에 와서 잘 들어갔냐고 연락하던도중에 누나가 사귀자고 하는데 이거 받는게 맞음? 누나는 서울쪽이라 평소에는 잘 못봄,ㅇㅇ (175.120) 2022.01.13 01:08:53 스크랩 조회 463 추천 0 댓글 4,0,463,2022.01.13 01:08:53,https://gall.dcinside.com/mgallery/board/view/?id=pths&no=5342&page=19
19,5341,[일반],확진자 수 꼬라지 왜이러냐,매일매일이 레전드네 - dc official App,ㅇㅇ (211.36) 2022.01.12 19:44:09 스크랩 조회 181 추천 0 댓글 0,0,181,2022.01.12 19:44:09,https://gall.dcinside.com/mgallery/board/view/?id=pths&no=5341&page=19
19,5340,[일반],오늘은 평택고의 자랑 ㅈㅇㅇ님의 생일입니다,무려 현역으로 수능 올1 띄웠고 고려대 정문 뚫으실 예정인 ㅈㅇㅇ님의 생일입니다 모두 축하해줍시다!!!,ㅇㅇ (223.62) 2022.01.12 06:57:47 스크랩 조회 933 추천 10 댓글 5,10,933,2022.01.12 06:57:47,https://gall.dcinside.com/mgallery/board/view/?id=pths&no=5340&page=19
19,5339,[일반],갑자기 평고가 생각나서 들러봤는데 마갤도 있었네,근데 SEC이 아직도 살아있냐ㅋㅋㅋㅋㅋㅋㅋ 원래 이름 토킹 프리였다가 차기 부장 아무도 지원 안 하고 하기에 CBM이라고 개좆망 동아리에서 넘어와서 내가 부장 먹고 이름 섹으로 바꿔서 동아리 홍보때 그거로 약 팔고 전일제때 미국문화라며 클럽노래 틀고 도박칩 사서 카지노 열고 별짓 다했었는데 생각해보면 그때만큼 다른 뭔가에 그렇게 애정 갖고 열정적으로 시간 노력 투자했던 게 없었던 거 같음 지금은 찾아보니까 SEC이 아직도 그 이름 그대로 잘 살아있는 거에서 그치지 않고 능력있는 후배들이 유튜버도 초빙하고 전일제 때 롯데월드도 가보고 나보다 훨씬 건설적으로 잘 운영하는 것 같아서 내심 기분이 좋다,ㅇㅇ (121.125) 2022.01.09 19:24:50 스크랩 조회 716 추천 14 댓글 5,14,716,2022.01.09 19:24:50,https://gall.dcinside.com/mgallery/board/view/?id=pths&no=5339&page=19
19,5335,[일반],군대는 15사단 신교대로 가라,입영할때 한명한명 인사해줄께 - dc official App,롱보이A. 2022.01.09 17:06:53 스크랩 조회 283 추천 3 댓글 0,3,283,2022.01.09 17:06:53,https://gall.dcinside.com/mgallery/board/view/?id=pths&no=5335&page=19
19,5334,[일반],평택관 갈사람?,붕정관 시즌2?,대한통운 2022.01.08 01:53:57 스크랩 조회 364 추천 0 댓글 4,0,364,2022.01.08 01:53:57,https://gall.dcinside.com/mgallery/board/view/?id=pths&no=5334&page=19
19,5333,[일반],우리 학교에서 대학 괜찮게 갔다의 기준이 어디 정도임?,중경외시?,ㅇㅇ (1.242) 2022.01.05 12:39:36 스크랩 조회 746 추천 0 댓글 3,0,746,2022.01.05 12:39:36,https://gall.dcinside.com/mgallery/board/view/?id=pths&no=5333&page=19
19,5332,[일반],평붕이 이거 뭐냐 씨발,이 씨발,다이아이아 2022.01.05 12:15:40 스크랩 조회 627 추천 0 댓글 10,0,627,2022.01.05 12:15:40,https://gall.dcinside.com/mgallery/board/view/?id=pths&no=5332&page=19
19,5330,[일반],현역 충북대 삼수 성대 전전갔다..,평고에 삼수 사수생 ㅈㄴ많다 나처럼 되기전에 현역 때 잘가라..,ㅇㅇ (117.111) 2022.01.04 20:30:41 스크랩 조회 561 추천 3 댓글 8,3,561,2022.01.04 20:30:41,https://gall.dcinside.com/mgallery/board/view/?id=pths&no=5330&page=19
19,5329,[일반],점공 나온 오늘 경북대 주면 가냐?,?,ㅇㅇ (115.136) 2022.01.04 17:36:17 스크랩 조회 302 추천 3 댓글 6,3,302,2022.01.04 17:36:17,https://gall.dcinside.com/mgallery/board/view/?id=pths&no=5329&page=19
19,5328,[일반],응애,애응,ㅇㅇ (59.13) 2022.01.04 12:44:42 스크랩 조회 185 추천 0 댓글 0,0,185,2022.01.04 12:44:42,https://gall.dcinside.com/mgallery/board/view/?id=pths&no=5328&page=19
20,5327,[일반],졸업식 안가면 어케되냐,나 친구도 없어서 가기 좆같은데 집도 1시간 거리임 ㅅㅂ,낙인이론의표본 2022.01.04 12:42:44 스크랩 조회 279 추천 0 댓글 0,0,279,2022.01.04 12:42:44,https://gall.dcinside.com/mgallery/board/view/?id=pths&no=5327&page=20
20,5325,[일반],지금 컴퓨터실에 있는 게이면 개추,일단 나부터 ㅋㅋ,ㅇㅇ (59.13) 2022.01.03 14:59:09 스크랩 조회 267 추천 2 댓글 1,2,267,2022.01.03 14:59:09,https://gall.dcinside.com/mgallery/board/view/?id=pths&no=5325&page=20
20,5323,[일반],새해 원서 대박 기원,예비고3들은 호랑이해 기념 고대 가길 기원,ㅇㅇ (223.62) 2022.01.01 03:15:27 스크랩 조회 149 추천 0 댓글 0,0,149,2022.01.01 03:15:27,https://gall.dcinside.com/mgallery/board/view/?id=pths&no=5323&page=20
20,5321,[일반],새해 복 많이 받으세요,대학 잘가게 해주세요,dasiima 2022.01.01 00:38:04 스크랩 조회 133 추천 2 댓글 0,2,133,2022.01.01 00:38:04,https://gall.dcinside.com/mgallery/board/view/?id=pths&no=5321&page=20
20,5320,[일반],새해에 군대에 있는 흑우 없졔?ㅋㅋ,아... - dc official App,롱보이A. 2021.12.31 19:33:47 스크랩 조회 178 추천 0 댓글 1,0,178,2021.12.31 19:33:47,https://gall.dcinside.com/mgallery/board/view/?id=pths&no=5320&page=20
20,5319,[일반],게이들아 원서나 써라,6칸 이상 쓰면 씹게이,ㅇㅇ (223.62) 2021.12.31 01:53:43 스크랩 조회 183 추천 0 댓글 0,0,183,2021.12.31 01:53:43,https://gall.dcinside.com/mgallery/board/view/?id=pths&no=5319&page=20
20,5318,[일반],211230 애니메 추천,처형 소녀의 살아가는 길 1기 - dc official App,502 2021.12.30 16:59:55 스크랩 조회 106 추천 0 댓글 0,0,106,2021.12.30 16:59:55,https://gall.dcinside.com/mgallery/board/view/?id=pths&no=5318&page=20
20,5316,[일반],효명학교 갤러리 오픈함,https://m.dcinside.com/board/hyomyeong,ㅇㅇ (223.38) 2021.12.30 11:54:26 스크랩 조회 546 추천 2 댓글 2,2,546,2021.12.30 11:54:26,https://gall.dcinside.com/mgallery/board/view/?id=pths&no=5316&page=20
20,5315,[일반],ㅋㅋ 너만 여친 만나냐?,나도 만나고 왔다ㅋㅋ,ㅇㅇ (223.57) 2021.12.29 17:16:57 스크랩 조회 633 추천 8 댓글 4,8,633,2021.12.29 17:16:57,https://gall.dcinside.com/mgallery/board/view/?id=pths&no=5315&page=20
20,5312,[일반],여친 만났다,이게 크리스마스다,dasiima 2021.12.25 13:28:46 스크랩 조회 1004 추천 15 댓글 12,15,1004,2021.12.25 13:28:46,https://gall.dcinside.com/mgallery/board/view/?id=pths&no=5312&page=20
20,5311,[일반],면허 붙었노ㅋㅋ,우흥ㅋㅋ,다이아이아 2021.12.25 12:06:41 스크랩 조회 319 추천 0 댓글 1,0,319,2021.12.25 12:06:41,https://gall.dcinside.com/mgallery/board/view/?id=pths&no=5311&page=20
20,5310,[일반],크리스마스에도 시험기간인 학교가 있다??,크리스마스에도 지금 남들 다 모닝떡 점심떡 저녁떡칠 시간에 하이하이랑 리딩파워 벅벅 풀고있는 1학년은 개추 ㅋㅋㅋㅋㅋㅋㅋ ㅇㄷㄴㅂㅌ - dc official App,ㅇㅇ (112.157) 2021.12.25 01:01:39 스크랩 조회 453 추천 1 댓글 4,1,453,2021.12.25 01:01:39,https://gall.dcinside.com/mgallery/board/view/?id=pths&no=5310&page=20
20,5309,[일반],211225,메리 크리스마스,ㅇㅇ (223.62) 2021.12.25 00:50:45 스크랩 조회 213 추천 1 댓글 2,1,213,2021.12.25 00:50:45,https://gall.dcinside.com/mgallery/board/view/?id=pths&no=5309&page=20
20,5308,[일반],이새끼들 다 인싸였노?,크리스마스라고 다 모텔갔노? 글이 없노,ㅇㅇ (223.62) 2021.12.24 19:46:21 스크랩 조회 390 추천 0 댓글 1,0,390,2021.12.24 19:46:21,https://gall.dcinside.com/mgallery/board/view/?id=pths&no=5308&page=20
20,5307,[일반],내일 뭐하는 거임,하루종일 성적 체크 하는거? - dc official App,ㅇㅇ (182.210) 2021.12.23 22:33:13 스크랩 조회 274 추천 0 댓글 2,0,274,2021.12.23 22:33:13,https://gall.dcinside.com/mgallery/board/view/?id=pths&no=5307&page=20
20,5306,[일반],진학사를 믿어야 하냐 담임이랑 상담한걸 믿어야하냐,서로 달라서 어딜보고 쓸지 모르겠노,ㅇㅇ (223.62) 2021.12.23 16:06:44 스크랩 조회 611 추천 1 댓글 1,1,611,2021.12.23 16:06:44,https://gall.dcinside.com/mgallery/board/view/?id=pths&no=5306&page=20
20,5305,[일반],너네 대단하다 시험 얘기도 하고,왜케 진심임,ㅇㅇ (223.38) 2021.12.22 18:55:29 스크랩 조회 367 추천 2 댓글 3,2,367,2021.12.22 18:55:29,https://gall.dcinside.com/mgallery/board/view/?id=pths&no=5305&page=20
20,5304,[일반],오늘 국어 난이도,국어 만점자 많음??,ㅇㅇ (123.212) 2021.12.22 12:09:57 스크랩 조회 484 추천 1 댓글 3,1,484,2021.12.22 12:09:57,https://gall.dcinside.com/mgallery/board/view/?id=pths&no=5304&page=20
20,5303,[일반],211222 애니메 추천,콥스파티 -포악해진 영혼의 주문- - dc official App,502 2021.12.22 09:47:51 스크랩 조회 109 추천 0 댓글 0,0,109,2021.12.22 09:47:51,https://gall.dcinside.com/mgallery/board/view/?id=pths&no=5303&page=20
20,5302,[일반],갤 있는 거 신기해서 공부 관련 얘기나 하고 감,"졸업한 지 꽤 된 틀딱인데 학교 다닐 때 좀 안타까웠던 친구들 생각도 나서 글 써 봄, 1. 정시파이터라고 깝치지 말고 수시 챙겨라 내신 안 나와서 정시파이터라고 자위질 하면서 수시 안 챙기는 애들 많이 봤는데 그런 애들 다 망했다. 유일하게 안 망한 한 명이 나고 정시만 올인하려면 모의고사 그동안 봤을 때 변동이 굉장히 적고, 그 중 최저점 기준으로 지원해도 원하는 대학, 학과에 진학할 수 있는 경우에만 그렇게 해라 애초에 정시와 수시 뽑는 인원 차이가 정말 다르고, 원서접수 시즌 됐을 때 수시라는 심리적 저항선이 있다는 게 상당히 크다. 수시와 정시가 추구하는 방향성이 조금 차이는 나긴 하지만 비슷한 방향 상이고 수시 공부 안 하는 대신 너가 정시 공부를 그 시간에 효율 높게 할 수 있을 확률은 낮다. 2. 너무 인강만 듣지 말아라 인강 물론 좋고 나도 도움 많이 받았는데 주변에 보면 인강 소믈리에마냥 좋다는 인강만 다 듣는답시고 자기가 문제는 안 풀고 자습시간에 인강만 보고 있는 놈들 있었다. 인강강사 말 들으면서 같이 문제 풀 때는 잘 풀리던 것도 직접 풀면은 느낌이 확 다르다. 결국 실력은 자기가 직접 문제를 풀 때 가장 잘 오른다. 인강은 처음 개념 잡을 때랑 잘 안 풀렸던 or 아무리 생각해도 모르겠는 문제 해설 들을 때 위주로만 사용하는 게 가장 도움이 된다고 개인적으론 생각한다. 3. 모의고사로 행복회로 돌리지 마셈 주변 봤을 때 8-90%의 표본이 수능 때 성적이 제일 안 나왔다. 나도 그 표본 중 하나고 너는 다를 거라고 생각하지 말고 모의고사 한 번 잘 나왔다고 그걸 너가 갈 만한 대학 점수대로 생각하지 않는 게 중요함 그렇게 행복회로 돌리지 말고 너의 평균적인 점수 분포를 알고 비관적으로 생각해 너 자신의 정확한 수준을 아는 게 중요하다 그리고 이건 실수니까 수능 땐 제대로 볼 거니깐, 하면서 맞았다고 채점하지 마라 제발 주변에 그런 놈들 있으면 머가리 깨주고 싶었다;; 4. 굳세게 공부해라 일년 내내, 길게는 고등학교 3년 동안 슬럼프 없을 수는 없을 테고 슬럼프 해답은 최소한 수험생활 동안은 그냥 하던 대로 흔들리지 않고 공부하는 거인 것 같다. 나에게 적합한 효율적인 공부방법에 대한 고찰 같은 건 물론 필요하지만 갈대마냥 흔들리지 말라는 거임 성적 안 오르는 것 같아도 공부를 했다면 전날의 나에 비해서는 성장해 있을 테니 이제 고3 올라오는 애들도 있고 재수하는 애들도 있을 텐데 화이팅이다. 궁금한 거 있으면 물어보셈",ㅇㅇ (223.38) 2021.12.22 01:26:04 스크랩 조회 888 추천 9 댓글 4,9,888,2021.12.22 01:26:04,https://gall.dcinside.com/mgallery/board/view/?id=pths&no=5302&page=20
20,5301,[일반],진짜 ㅈ같은거,영독작 <--이게 ㄹㅇ ㅈ같음,ㅇㅇ (182.220) 2021.12.21 23:55:17 스크랩 조회 656 추천 10 댓글 2,10,656,2021.12.21 23:55:17,https://gall.dcinside.com/mgallery/board/view/?id=pths&no=5301&page=20
20,5300,[일반],오늘 영어 난이도 어땠음,100점 많으려나 - dc official App,ㅇㅇ (211.36) 2021.12.21 20:33:29 스크랩 조회 389 추천 1 댓글 1,1,389,2021.12.21 20:33:29,https://gall.dcinside.com/mgallery/board/view/?id=pths&no=5300&page=20
20,5299,[일반],211221,2학년 분들 노력한만큼 좋은 성적 나오시길 바랍니다 화이팅 - dc official App,502 2021.12.21 10:02:24 스크랩 조회 142 추천 0 댓글 1,0,142,2021.12.21 10:02:24,https://gall.dcinside.com/mgallery/board/view/?id=pths&no=5299&page=20
20,5298,[일반],211221 애니메 추천,https://www.youtube.com/watch?v=LxsQZNTFfxc 체인소 맨 - dc official App,502 2021.12.21 10:01:39 스크랩 조회 139 추천 0 댓글 1,0,139,2021.12.21 10:01:39,https://gall.dcinside.com/mgallery/board/view/?id=pths&no=5298&page=20
20,5293,[일반],왜 맨날 시험기간만 되면,깔아놓고 몇달동안 방치하던 스팀게임이 ㅈㄴ 재밌어지는걸까,어두운파인애플 2021.12.20 09:23:48 스크랩 조회 330 추천 0 댓글 3,0,330,2021.12.20 09:23:48,https://gall.dcinside.com/mgallery/board/view/?id=pths&no=5293&page=20
20,5290,[일반],방학은 연기 안되는거지?,ㅇㅇ? - dc official App,ㅇㅇ (182.210) 2021.12.20 02:25:00 스크랩 조회 174 추천 0 댓글 1,0,174,2021.12.20 02:25:00,https://gall.dcinside.com/mgallery/board/view/?id=pths&no=5290&page=20
20,5289,[일반],평마갤은 초과수요 상태.,글의 조회수는 높지만 글리젠이 없는. 정부가 나서서 공급을 끌어올려야 됨.,ㅇㅇ (223.38) 2021.12.19 21:16:08 스크랩 조회 264 추천 1 댓글 2,1,264,2021.12.19 21:16:08,https://gall.dcinside.com/mgallery/board/view/?id=pths&no=5289&page=20
20,5288,[일반],누가 자꾸 통피로 차단먿냐 ㅋㅋㅋ,ㅋㅋㅋ,솩솩 2021.12.19 12:26:48 스크랩 조회 143 추천 0 댓글 0,0,143,2021.12.19 12:26:48,https://gall.dcinside.com/mgallery/board/view/?id=pths&no=5288&page=20
20,5285,[일반],ㅋㅋ 평붕이 홍머 갔다옴,ㅁㅌㅊ?,ㅇㅇ (223.62) 2021.12.17 12:21:56 스크랩 조회 402 추천 3 댓글 3,3,402,2021.12.17 12:21:56,https://gall.dcinside.com/mgallery/board/view/?id=pths&no=5285&page=20
20,5284,[일반],이 게임 왜케 어렵냐,겨우겨우 풀콤했네,어두운파인애플 2021.12.17 12:01:15 스크랩 조회 290 추천 0 댓글 1,0,290,2021.12.17 12:01:15,https://gall.dcinside.com/mgallery/board/view/?id=pths&no=5284&page=20
20,5283,[일반],2학년 평붕이들 학생부 기초 조사자료 이거 다들함? 이거 언제 알려준거?,ㅇㅇ?,ㅇㅇ (218.50) 2021.12.17 09:56:07 스크랩 조회 388 추천 0 댓글 3,0,388,2021.12.17 09:56:07,https://gall.dcinside.com/mgallery/board/view/?id=pths&no=5283&page=20
20,5281,[일반],글 좀 많이 싸줘,나 심심해,ㅇㅇ (223.38) 2021.12.17 03:54:28 스크랩 조회 149 추천 0 댓글 0,0,149,2021.12.17 03:54:28,https://gall.dcinside.com/mgallery/board/view/?id=pths&no=5281&page=20
20,5277,[일반],맥심가렌게이의 정체를 알았다,ㅋㅋ,ㅇㅇ (119.71) 2021.12.15 20:55:45 스크랩 조회 413 추천 2 댓글 1,2,413,2021.12.15 20:55:45,https://gall.dcinside.com/mgallery/board/view/?id=pths&no=5277&page=20
20,5276,[일반],다시마게이의 정체를 알았다,ㅊㅎ게이야 딱대라 ㅋㅋㅋ,ㅇㅇ (115.94) 2021.12.15 20:37:00 스크랩 조회 357 추천 3 댓글 4,3,357,2021.12.15 20:37:00,https://gall.dcinside.com/mgallery/board/view/?id=pths&no=5276&page=20
20,5275,[일반],평고갤 뱅드림 은든고수는 봐라,협라할사람 없노?,ㅇㅇ (223.62) 2021.12.15 17:33:05 스크랩 조회 273 추천 0 댓글 1,0,273,2021.12.15 17:33:05,https://gall.dcinside.com/mgallery/board/view/?id=pths&no=5275&page=20
20,5272,[일반],3학년 때 방과후.,3학년 때도 야자하려면 방과후 필수냐 ??? 싸발 ??,원두재로투 (211.36) 2021.12.14 18:28:05 스크랩 조회 774 추천 9 댓글 3,9,774,2021.12.14 18:28:05,https://gall.dcinside.com/mgallery/board/view/?id=pths&no=5272&page=20
20,5271,[일반],211214 애니메 추천,팬티 & 스타킹 with 가터벨트 - dc official App,502 2021.12.14 10:21:01 스크랩 조회 154 추천 1 댓글 2,1,154,2021.12.14 10:21:01,https://gall.dcinside.com/mgallery/board/view/?id=pths&no=5271&page=20
20,5269,[일반],이제 세대교체 당하노...,3학년은 한달 뒤에 합격후기글이나 싸고 떠날 때가 됐나보네...,ㅇㅇ (8.38) 2021.12.14 04:09:09 스크랩 조회 351 추천 1 댓글 0,1,351,2021.12.14 04:09:09,https://gall.dcinside.com/mgallery/board/view/?id=pths&no=5269&page=20
20,5268,[일반],시험 연기 체감 1도 안되면 개추,왜 또 일주일 남았는데 아 ㅋㅋㅋㅋㅋ - dc official App,ㅇㅇ (182.210) 2021.12.14 01:34:59 스크랩 조회 259 추천 0 댓글 2,0,259,2021.12.14 01:34:59,https://gall.dcinside.com/mgallery/board/view/?id=pths&no=5268&page=20
20,5267,[질문],2학년 확진자 있음?,ㅇㅇ - dc official App,ㅇㅇ (124.60) 2021.12.13 19:37:20 스크랩 조회 344 추천 0 댓글 1,0,344,2021.12.13 19:37:20,https://gall.dcinside.com/mgallery/board/view/?id=pths&no=5267&page=20
20,5266,[일반],211213 애니메 추천,빙과 - dc official App,502 2021.12.13 09:57:39 스크랩 조회 100 추천 2 댓글 1,2,100,2021.12.13 09:57:39,https://gall.dcinside.com/mgallery/board/view/?id=pths&no=5266&page=20
20,5265,[일반],오늘부터 ㄹㅇ 정신차리고 빡세게 공부,vs 딱 오늘까지만 놀고 내일부터 공부 시작,ㅇㅇ (183.100) 2021.12.13 08:23:21 스크랩 조회 347 추천 0 댓글 3,0,347,2021.12.13 08:23:21,https://gall.dcinside.com/mgallery/board/view/?id=pths&no=5265&page=20
20,5264,[일반],이거 평고 아니냐?,https://youtu.be/Khzggx4iv3g,dasiima 2021.12.12 23:00:00 스크랩 조회 751 추천 0 댓글 6,0,751,2021.12.12 23:00:00,https://gall.dcinside.com/mgallery/board/view/?id=pths&no=5264&page=20
20,5262,[일반],평고에 수능 올1 없음?,ㅋㅋ,ㅇㅇ (112.153) 2021.12.12 21:48:14 스크랩 조회 737 추천 0 댓글 4,0,737,2021.12.12 21:48:14,https://gall.dcinside.com/mgallery/board/view/?id=pths&no=5262&page=20
20,5261,[일반],자신이 일주일의 치타면 개추,일주일 남은 이번 기말고사..... 경주견 따위 단숨에 제칠 치타라면 개추 일단 나부터 ㅋㅋㅋ,ㅇㅇ (116.127) 2021.12.12 19:20:26 스크랩 조회 410 추천 9 댓글 4,9,410,2021.12.12 19:20:26,https://gall.dcinside.com/mgallery/board/view/?id=pths&no=5261&page=20
20,5260,[일반],또 미달이래,공신력 있는 출처,dasiima 2021.12.12 12:01:54 스크랩 조회 539 추천 2 댓글 4,2,539,2021.12.12 12:01:54,https://gall.dcinside.com/mgallery/board/view/?id=pths&no=5260&page=20
20,5259,[일반],.,https://www.youtube.com/watch?v=7pr7DtpLDGg,ㅇㅇ (223.38) 2021.12.12 03:23:26 스크랩 조회 210 추천 1 댓글 2,1,210,2021.12.12 03:23:26,https://gall.dcinside.com/mgallery/board/view/?id=pths&no=5259&page=20
20,5257,[일반],올해 3학년 정시 어케 됨?,좆망함? 스카이 몇명 가능?,ㅇㅇ (8.37) 2021.12.11 16:21:54 스크랩 조회 632 추천 0 댓글 6,0,632,2021.12.11 16:21:54,https://gall.dcinside.com/mgallery/board/view/?id=pths&no=5257&page=20
20,5256,[일반],우흥,ㅖㅏ,ㅇㅇ (223.38) 2021.12.11 01:57:18 스크랩 조회 203 추천 0 댓글 0,0,203,2021.12.11 01:57:18,https://gall.dcinside.com/mgallery/board/view/?id=pths&no=5256&page=20
20,5254,[일반],3학년,3학년 정말로 다 망했나요? 다 재수라고 하고 있어서요.. 형님들 잘봤으면 했는데... 가채점보다 점수 높길!!!,ㅇㅇ (1.237) 2021.12.10 16:07:11 스크랩 조회 401 추천 0 댓글 3,0,401,2021.12.10 16:07:11,https://gall.dcinside.com/mgallery/board/view/?id=pths&no=5254&page=20
