페이지,게시글번호,말머리,제목,내용,글쓴이,추천수,조회수,날짜,링크
1,2045,,섹스,섹스,학갤러 (1.253) 2026.04.04 20:41:55 스크랩 조회 128 추천 0 댓글 1,0,128,2026.04.04 20:41:55,https://gall.dcinside.com/mgallery/board/view/?id=hshs&no=2045&page=1
1,2043,,노무현,나 노무현인데 학성고 연못에서 잉어 잡았다,학갤러 (106.101) 2026.03.27 19:58:56 스크랩 조회 103 추천 3 댓글 0,3,103,2026.03.27 19:58:56,https://gall.dcinside.com/mgallery/board/view/?id=hshs&no=2043&page=1
1,2042,,인사박습니다,신입생인데 블라 스텝3까지 풀어야 수학에서 1 뜨나요?,학갤러 (210.219) 2026.02.22 23:48:32 스크랩 조회 129 추천 0 댓글 0,0,129,2026.02.22 23:48:32,https://gall.dcinside.com/mgallery/board/view/?id=hshs&no=2042&page=1
1,2040,,신입생 질문,국영수 난이도 어떰?,학갤러 (122.43) 2026.01.28 01:06:10 스크랩 조회 182 추천 0 댓글 0,0,182,2026.01.28 01:06:10,https://gall.dcinside.com/mgallery/board/view/?id=hshs&no=2040&page=1
1,2035,,ㅇㅁㅈ,"지구를 빛낸 100명의 로리들 아름다운 이땅에 로리 강산에 사-쿠라 사마가 터잡으시고 지크로리 뜻으로 로리제국세우니 대대손손 카와이한 로리도 많아 로리지온 미네바 무적 마호로 외계에서온 데지코 자매파워 보여라 푸치캐럿 쨩 로리대좌 텟사 쨩 백결로리 리오 쨩 절대존명 화우경 [1] 로리머신 멀티 ! 맞서싸운 챠챠 ! 로리는 법이다. 돈독오른 링링 쨩 리본 아리아 치카게 쨩 오컬트 섹시 사쿠야 극렬로리 히나코 병약 마리에 스포츠걸 마모루 체키 요츠바 불법무기 하루카 치어 카호 쨩 로리칠현 나나 쨩 청순가련 카렌 쨩 검사 마이 쨩 붕어소녀 아유 쨩 일편단심 나유키 고기만두 마코토 해동로리 솔이 ! 로리교사 미샤 ! 로리는 법이다. 고-기 보기를 돌같이 하라. 나디아 사마의 말씀 받들자 도촬소녀 토모요 과학 카즈나 [2] 우사다 와 삐요코 조연은 안다. 로리마녀 도레미 과묵 바닐라 아유무 쨩 오사카 잘싸운다 모토코 울보 시노부 버그잡는 스쿨드 화약눈물 리제르 [3] 츠바사 와 히카루 몸바쳐서 레이 ! 음침로리 레인 ! 로리는 법이다. 신출귀몰 쟌느 쨩 의적 네티 쨩 대쪽수녀 세인트 목동 하이디 6년정체 이치고 구루 쿠쿠리 방랑로리 라나 쨩 해커 에드 쨩 왕녀 스우 메카닉 사서 코코로 팔방로리 밍키 쨩 로리장교 치세 쨩 순교 플 자매 주점알바 유미 쨩 끝장낸다 퀘스쨩 삼일로리 토모미 시오리 는 병약! 아오이 는 열혈! 로리는 법이다. 작다는 건 편리해 꼬마 베르단디 꿈 잘꾼다 카나미 눈술사 슈가 마법기사 히카루 메이드 메이 정의신봉 아멜 쨩 쵸비츠 치이 쨩 별의 왕녀 샤크티 의녀 파이 [4] 쨩 제국화격 사쿠라 [5] 바카바카 루리쨩 파산 히메 [6] 쨩 꼬마 컴터 스모모 미사키 와 하토코 함장의 딸 밀레느 날자꾸나 치요 ! 네꼬 그림 아마네 ! 로리는 법이다. 로리는 법이다. 로리는 법이다! 1차(?) 선언문. 현재 시각으로는 1990년대 ~ 2000년대 초중반 당시 인기를 누린 로리 캐릭터들이 집약되어 있는 훌륭한 1차 사료이기도 하다(...). 제군, 나는 로리가 좋다. 제군, 나는 로리를 좋아한다. 제군, 나는 로리를 아주 좋아한다. 교복로리가 좋다 빈유로리가 좋다 고스로리가 좋다. [7] 히메로리가 좋다. 안경로리가 좋다. 천연로리가 좋다. 거유로리가 좋다. 데레로리가 좋다. 합법로리가 좋다. 애니에서, 만화에서 오비에서, 노벨에서, 티비플에서, 니코동에서, 방영판에서, 미연시에서, 피규어에서, 일러스트에서... 이 세상에서 사랑할 수 있는 모든 종류의 로리를 아주 좋아한다. 천연로리의 직설적이고 묘하게 핵심을 꿰뚫는 도짓코에 당황하는 것이 좋다. 어린애였던 로리가 성장한 모습으로 나타나 원본의 모에 요소가 재확인될 때 마음이 춤을 춘다! 구형 스쿨미즈 차림에 물놀이 튜브를 끼고 일렬로 줄지어 있는 모습이 좋다. 리코더가 꽂힌 분홍색 란도셀을 매고 있는 로리를 불렀을 때, 뒤돌아 보며 짓는 미소에 가슴이 구원받는 듯한 기분이였다. 보쿠도 우치도 아닌 자신의 이름을 일인칭으로 사용하는 게 좋다. 혀 짧은 말투로 오니짱이라 부르는 로리가 소매를 잡아 당기며 떼를 쓸때 감동조차 느낀다! 어려 보이는 합법로리가 반말로 잔소리를 하는 것은 정말 참을 수 없어. 편식하는 로리를 어르고 달래어 억지로 채소를 먹일때에, 요리에 당근이 들어갔다고 투정 부리는 것도 최고다. 귀여운 겉모습에 주변인물들이 로리를 어린애 취급을 할 때, 자존심이 상한 로리가 엉망으로 화장을 하고 나타나, 놀림 받고 시무룩한 얼굴을 지을 때는 절정조차 느낀다! 츤데레 로리들의 하렘에 둘러싸이는 게 좋다. 필사적으로 지키려고 한 히로인 자리에서, 호라 모 젠젠, 로리에게 남주를 빼앗긴 지방덩어리들에게는 매우 매우 슬플지도 모르지. 거유캐들이 사이즈로 로리를 압사시키는 게 좋다. 원작의 로리가 픽시브에 들어가 가슴이 달려 나오는 꼴은 정말 굴욕중의 굴욕이지. 제군, 나는 로리를, 작고 귀여운 로리를 원한다. 제군, 로리를 좋아하는 대대 전우 제군, 제군은 도대체 무엇을 바라고 있나? 그대들도 로리를 갈구하는가? 아름답고 귀여운, 일러스트의 로리를 원하는가? 동급생과 친구, 선배, 누님을, 모조리 밀어내고서 공기로 만드는, 애니속의 로리를 제군은 원하는가? (로리! 로리!) 좋다, 지금 바로 덕질을 시작하자! 십여년 전의 치욕스런 패배 후에, 우리는 전 세계에 로리의 모에를 보일 날 만을 기다려 왔다. 허나, 십년 넘게 포돌이에 숨어서, 로리에 대한 갈증을 참아온 우리에게! 평범한 짤 따위가,우리들의 갈증을 해결해 줄 수 있을까? 로리, 아주 아청한 로리가 필요하다! 비록 로리콘은 일반인들에게는 고작 변태 덕후들, 은발찌가 필요한 오타쿠들에 불과할지도 모른다. 허나 제군, 로리콘이, 그것이 병이 아님을 나는 믿어 의심치 않는다! 그러므로 제군은, 그리고 이 나는! 덕력으로 치면 백만 명과 한 명의, 하나의 로리콘이 되는 것이다! 우리를 아청법의 세계로 쫒아내고서 잠에 빠져 있던 놈들을 깨워, 악몽이 시작되었음을 알려라. 머리채를 붙잡아 깨워서, 로리의 모에함을 똑똑히 각인시켜 줘라. 놈들에게 로리의 몸짓을 다시 생각나게 해 주자. 놈들에게 로리의 목소리를 다시 기억나게 해 주자! 인터넷의 깊은 곳에는, 놈들의 철학으로는 생각할 수도 없는 것들이 있다는 것을 기억나게 해주자. 이곳의 로리콘 연대대로 전 세계를 로리로 모에하게 하자! 그렇다. 저것이야말로, 우리가 그토록 꿈에 그려왔던 로리의 본질인 것이다. 나는 제군을 데리고 돌아오겠다는 약속을 지켰다고? 꿈에 그리던 소꿉로리로, 꿈에 그리던 로리터로! (로리콘에 로리, 로리에 로리콘, 우리들에게 로리를! 로리콘에 로리, 로리에 로리콘, 우리들에게 로리를!) 그리고 내일이면, 아청법을 씹고 야짤을 게시한다. 로리지온 모든 로리콘들에게 전달! 이는 대대장의 명령이다. 자-아, 제군, 모에를 구현하도록.",학갤러 (58.239) 2025.12.22 09:42:34 스크랩 조회 345 추천 1 댓글 2,1,345,2025.12.22 09:42:34,https://gall.dcinside.com/mgallery/board/view/?id=hshs&no=2035&page=1
1,2034,,녀녀녀녀녀,- dc official App,박순길 (211.234) 2025.12.19 19:52:12 스크랩 조회 176 추천 0 댓글 1,0,176,2025.12.19 19:52:12,https://gall.dcinside.com/mgallery/board/view/?id=hshs&no=2034&page=1
1,2033,,점점점점점,- dc official App,박순길 (211.234) 2025.12.19 19:52:04 스크랩 조회 120 추천 0 댓글 0,0,120,2025.12.19 19:52:04,https://gall.dcinside.com/mgallery/board/view/?id=hshs&no=2033&page=1
1,2032,,진짜 학교 가기가 무섭다..,2학년 1반에 아프리카 자이언트 애벌레 있다는데 진짜노? - dc official App,학갤러 (211.234) 2025.12.19 19:50:52 스크랩 조회 219 추천 0 댓글 0,0,219,2025.12.19 19:50:52,https://gall.dcinside.com/mgallery/board/view/?id=hshs&no=2032&page=1
1,2027,,그거어딨음 신정고 노무현포스텈ㅋㅋㅋㅋㅋ,빨리 ㅋㅋㅋㅋㅋㅋㅋ - dc official App,학붕이 (58.239) 2025.12.19 14:46:37 스크랩 조회 292 추천 0 댓글 0,0,292,2025.12.19 14:46:37,https://gall.dcinside.com/mgallery/board/view/?id=hshs&no=2027&page=1
1,2022,,2학년 1반 개빌런,뚱땡이면 개추,학갤러 (58.239) 2025.11.17 13:22:40 스크랩 조회 308 추천 2 댓글 1,2,308,2025.11.17 13:22:40,https://gall.dcinside.com/mgallery/board/view/?id=hshs&no=2022&page=1
1,2021,,수험표 배부 몇시냐?,ㅈㄱㄴ - dc official App,학갤러 (1.253) 2025.11.12 08:21:47 스크랩 조회 116 추천 0 댓글 0,0,116,2025.11.12 08:21:47,https://gall.dcinside.com/mgallery/board/view/?id=hshs&no=2021&page=1
1,2015,,학성고 95년생 이채석,개쓰레기임 상종하면 안됨 중구사는 치킨돼지년 절대 상종하지마라 손익존나따지는놈임,ㅇㅇ (39.7) 2025.09.08 16:37:20 스크랩 조회 214 추천 1 댓글 0,1,214,2025.09.08 16:37:20,https://gall.dcinside.com/mgallery/board/view/?id=hshs&no=2015&page=1
1,2014,,교장 목 비틀어버리고싶노,땡볕에 앉혀높고 꼰대질만 존나하네 노인들은 좀 빨리 은퇴해줬으면,PierreGasly 2025.09.05 15:00:00 스크랩 조회 428 추천 4 댓글 1,4,428,2025.09.05 15:00:00,https://gall.dcinside.com/mgallery/board/view/?id=hshs&no=2014&page=1
1,2011,,내목소리어떰,,학갤러 (223.39) 2025.07.22 23:31:25 스크랩 조회 458 추천 4 댓글 2,4,458,2025.07.22 23:31:25,https://gall.dcinside.com/mgallery/board/view/?id=hshs&no=2011&page=1
1,2010,,내 여친 얼공함,내 여친,학갤러 (58.239) 2025.07.09 08:27:55 스크랩 조회 360 추천 0 댓글 0,0,360,2025.07.09 08:27:55,https://gall.dcinside.com/mgallery/board/view/?id=hshs&no=2010&page=1
1,2009,,울산시 인권증진 기본계획 설문조사(600명 추첨 쿠폰),"<제3차 울산광역시 인권증진 기본계획 수립을 위한 시민 설문조사 참여 안내> * 5년 주기로 실시되는 '울산광역시 인권증진 기본계획'이 금년(2025년) 종료되어 향후 5년간 지속될 새로운 인권증진 기본계획 수립에 앞서 시민여러분의 직장 또는 학교, 일상에서의 인권침해나 차별경험 및 울산시 차원에서 필요한 지원정책 등에 대해 여쭙고자 하오니 시민분들의 의견이 적극 반영된 실효성 있는 인권정책 수립을 위해 부디 귀한 시간 잠시만 내어주셔서 참여 부탁드립니다 * - 대상 : 17세 이상(고등학생 이상) 울산시민 누구나 600명 이상 - 기간 : 2025.7.31까지 - 혜택 : 추첨을 통해 600명 한정 음료쿠폰 증정(9월 중) - 문의 : 070-****-7707 - 참여방법 : 아래 QR코드를 휴대폰 카메라 어플에서 실행 후 접속하여 참여 또는 댓글의 링크 클릭 중요한 사안이니 반드시 1인 1회만 참여 부탁드립니다. (여러 휴대전화번호로 중복참여 불가) 무더운 여름 건강 유의하시고 늘 행복한 하루하루 보내시길 바랍니다. 감사합니다. ^^",ㅇㅇ (110.15) 2025.07.08 07:42:52 스크랩 조회 213 추천 0 댓글 1,0,213,2025.07.08 07:42:52,https://gall.dcinside.com/mgallery/board/view/?id=hshs&no=2009&page=1
1,2008,,손흥민 3행시,손 치워..!!! 흥으응.. 흥분되잖아..거기 민감하다고.... . . . . . .,ㅇㅇ (223.39) 2025.06.17 23:58:50 스크랩 조회 275 추천 3 댓글 2,3,275,2025.06.17 23:58:50,https://gall.dcinside.com/mgallery/board/view/?id=hshs&no=2008&page=1
1,2007,,누구고름? 테일러 스위프트 vs 윈터,- dc official App,디바 (59.28) 2025.06.03 12:02:00 스크랩 조회 224 추천 0 댓글 1,0,224,2025.06.03 12:02:00,https://gall.dcinside.com/mgallery/board/view/?id=hshs&no=2007&page=1
1,2006,,주짓수가 대단한게 키작남이 알파메일 이기는 무술임,못생기고 운동신경 없는 163 56 모솔찐따가 1년 배워서 잘생기고 운동신경 좋아서 축구 농구 피구 다 잘하고 친구 많고 연애 경험 많은 183 80 알파메일을 이기게 해준다는 거임 ㄷ 우선 알파메일이 코웃음 치면서 찐따를 밀치면서 넘어뜨림. 그럼 찐따는 바로 싱글엑스 가드 잡아서 넘어뜨리고 레그락 잡고 앵클락으로 전환 알파메일 비명 지르면서 살려달라고 고래고래 소리침. 찐따는 아랑곳하지 않고 발목 아작냄. 알파메일이 일어서지 못하는 상태에서 파운딩 마무리 항복 엔딩 또는 찐따가 넘어졌을 때 엑스 가드 잡고 컨트롤 바로 스윕해서 사이드포지션or마운트로 넘어가거나 백으로 전환할 수도 있음. 마운트에서는 키락 or 암바로 팔 아작내기 또는 에제키엘 초크 잡아서 알파메일 켁켁 살려주세요 가능 사이드포지션에선 키락 or 기무라로 팔 아작내기 가능 또는 암트라이앵글로 기절시키기 또는 백으로 전환 백에서는 리어네어키드 초크로 기절시키기 또는 바디락 잠구고 알파메일 가지고 놀듯이 할 수도 있다 백에서 파운딩 치면서,늡붕이 (39.127) 2025.06.02 01:28:54 스크랩 조회 156 추천 1 댓글 1,1,156,2025.06.02 01:28:54,https://gall.dcinside.com/mgallery/board/view/?id=hshs&no=2006&page=1
1,2001,,학고는 좆반고아님?,울산에서만 알아봐주잖아,학갤러 (223.39) 2025.03.04 00:08:09 스크랩 조회 930 추천 9 댓글 4,9,930,2025.03.04 00:08:09,https://gall.dcinside.com/mgallery/board/view/?id=hshs&no=2001&page=1
1,1997,,교장쌤 비하,교장쌤 비하하시는 이유가 뭔가요? 진짜 ㄹㅇ 궁금해서 그렇습니다.,인생... 2024.12.20 11:54:31 스크랩 조회 604 추천 0 댓글 3,0,604,2024.12.20 11:54:31,https://gall.dcinside.com/mgallery/board/view/?id=hshs&no=1997&page=1
1,1995,,좋아하는 쌤 누구임,ㅇㅇ,학갤러 (223.39) 2024.12.06 00:59:50 스크랩 조회 570 추천 1 댓글 1,1,570,2024.12.06 00:59:50,https://gall.dcinside.com/mgallery/board/view/?id=hshs&no=1995&page=1
1,1994,,대현고에서 왔습니다.,여기 학생들 수준 어떤가요?,학갤러 (118.235) 2024.11.28 22:58:18 스크랩 조회 482 추천 4 댓글 1,4,482,2024.11.28 22:58:18,https://gall.dcinside.com/mgallery/board/view/?id=hshs&no=1994&page=1
1,1993,,ㅈㄱ탁 아직 있음?,국어 선생인데,학갤러 (1.227) 2024.11.13 20:23:24 스크랩 조회 556 추천 1 댓글 3,1,556,2024.11.13 20:23:24,https://gall.dcinside.com/mgallery/board/view/?id=hshs&no=1993&page=1
1,1992,,재수없어라,ㅇ,벨튀 2024.11.13 10:08:22 스크랩 조회 329 추천 0 댓글 0,0,329,2024.11.13 10:08:22,https://gall.dcinside.com/mgallery/board/view/?id=hshs&no=1992&page=1
1,1990,,수능 화이팅하자,ㅂㅅㄱ은 나가고,학성고 2024.11.13 09:47:39 스크랩 조회 204 추천 1 댓글 1,1,204,2024.11.13 09:47:39,https://gall.dcinside.com/mgallery/board/view/?id=hshs&no=1990&page=1
1,1989,,ㅂㅅㄱ 교장 퇴직 기원 19일차,학생들한테 막말하고 교사들한테도 갑질하는 교장은 나가라,학성고 2024.11.11 06:47:11 스크랩 조회 217 추천 1 댓글 0,1,217,2024.11.11 06:47:11,https://gall.dcinside.com/mgallery/board/view/?id=hshs&no=1989&page=1
1,1988,,ㅂㅅㄱ 교장 퇴직 기원 18일차,학생들한테 막말하고 교사들한테도 갑질하는 교장은 나가라,학성고 2024.11.10 08:33:36 스크랩 조회 101 추천 2 댓글 0,2,101,2024.11.10 08:33:36,https://gall.dcinside.com/mgallery/board/view/?id=hshs&no=1988&page=1
1,1986,,ㅂㅅㄱ 교장 퇴직 기원 17일차,학생들한테 막말하고 교사들한테도 갑질하는 교장은 나가라,학성고 2024.11.09 20:23:24 스크랩 조회 86 추천 1 댓글 0,1,86,2024.11.09 20:23:24,https://gall.dcinside.com/mgallery/board/view/?id=hshs&no=1986&page=1
1,1985,,대현고에서 구제 왔습니다,교장이 얼마나 막장인지 모르겠지만 퇴직 기원하겠습니다.,ㅇㅇ (223.39) 2024.11.09 19:18:49 스크랩 조회 284 추천 3 댓글 1,3,284,2024.11.09 19:18:49,https://gall.dcinside.com/mgallery/board/view/?id=hshs&no=1985&page=1
1,1984,,ㅂㅅㄱ 교장 퇴직 기원 16일차,학생들한테 막말하고 교사들한테도 갑질하는 교장은 나가라,학성고 2024.11.08 15:36:34 스크랩 조회 78 추천 1 댓글 0,1,78,2024.11.08 15:36:34,https://gall.dcinside.com/mgallery/board/view/?id=hshs&no=1984&page=1
1,1983,,ㅂㅅㄱ 교장 퇴직 기원 15일차,학생들한테 막말하고 교사들한테도 갑질하는 교장은 나가라,학성고 2024.11.07 06:39:01 스크랩 조회 61 추천 3 댓글 0,3,61,2024.11.07 06:39:01,https://gall.dcinside.com/mgallery/board/view/?id=hshs&no=1983&page=1
1,1981,,ㅂㅅㄱ 교장 퇴직 기원 14일차,학생들한테 막말하고 교사들한테도 갑질하는 교장은 나가라,학성고 2024.11.06 06:38:18 스크랩 조회 218 추천 5 댓글 1,5,218,2024.11.06 06:38:18,https://gall.dcinside.com/mgallery/board/view/?id=hshs&no=1981&page=1
1,1980,,수능까지 9일,"이제 수능까지 9일 남았네 그동안 진짜 고생 많았고, 수능까지 마무리 잘하길 바람 남은 기간엔 딱 필요한 것만 챙기면서 무리하지 말고 페이스 잘 유지하자고. 시험 날엔 긴장하지 말고 여유 있게 풀다 보면 평소 실력 다 나올 거임. 끝까지 화이팅하고, 좋은 결과 있길",학성고 2024.11.05 08:35:20 스크랩 조회 185 추천 4 댓글 1,4,185,2024.11.05 08:35:20,https://gall.dcinside.com/mgallery/board/view/?id=hshs&no=1980&page=1
1,1979,,ㅂㅅㄱ 교장 퇴직 기원 13일차,학생들한테 막말하고 교사들한테도 갑질하는 교장은 나가라,학성고 2024.11.05 08:28:33 스크랩 조회 96 추천 5 댓글 0,5,96,2024.11.05 08:28:33,https://gall.dcinside.com/mgallery/board/view/?id=hshs&no=1979&page=1
1,1978,,ㅂㅅㄱ 교장 퇴직 기원 12일차,학생들한테 막말하고 교사들한테도 갑질하는 교장은 나가라,학성고 2024.11.03 12:05:21 스크랩 조회 73 추천 5 댓글 0,5,73,2024.11.03 12:05:21,https://gall.dcinside.com/mgallery/board/view/?id=hshs&no=1978&page=1
1,1977,,ㅂㅅㄱ 교장 퇴직 기원 11일차,학생들한테 막말하고 교사들한테도 갑질하는 교장은 나가라,학성고 2024.10.31 17:02:12 스크랩 조회 69 추천 5 댓글 0,5,69,2024.10.31 17:02:12,https://gall.dcinside.com/mgallery/board/view/?id=hshs&no=1977&page=1
1,1976,,ㅂㅅㄱ 교장 퇴직 기원 10일차,학생들한테 막말하고 교사들한테도 갑질하는 교장은 나가라,학성고 2024.10.30 06:45:24 스크랩 조회 73 추천 6 댓글 0,6,73,2024.10.30 06:45:24,https://gall.dcinside.com/mgallery/board/view/?id=hshs&no=1976&page=1
1,1974,,ㅂㅅㄱ 교장 퇴직 기원 9일차,학생들한테 막말하고 교사들한테도 갑질하는 교장은 나가라,학성고 2024.10.29 10:45:11 스크랩 조회 66 추천 5 댓글 0,5,66,2024.10.29 10:45:11,https://gall.dcinside.com/mgallery/board/view/?id=hshs&no=1974&page=1
1,1972,,ㅂㅅㄱ 교장 퇴직 기원 8일차,학생들한테 막말하고 교사들한테도 갑질하는 교장은 나가라,학성고 2024.10.28 06:40:48 스크랩 조회 86 추천 7 댓글 0,7,86,2024.10.28 06:40:48,https://gall.dcinside.com/mgallery/board/view/?id=hshs&no=1972&page=1
1,1971,,ㅂㅅㄱ 교장 퇴직 기원 7일차,학생들한테 막말하고 교사들한테도 갑질하는 교장은 나가라,학성고 2024.10.27 08:30:26 스크랩 조회 64 추천 7 댓글 0,7,64,2024.10.27 08:30:26,https://gall.dcinside.com/mgallery/board/view/?id=hshs&no=1971&page=1
1,1970,,ㅂㅅㄱ 교장 퇴직 기원 6일차,학생들한테 막말하고 교사들한테도 갑질하는 교장은 나가라,학성고 2024.10.26 08:05:22 스크랩 조회 56 추천 7 댓글 0,7,56,2024.10.26 08:05:22,https://gall.dcinside.com/mgallery/board/view/?id=hshs&no=1970&page=1
1,1969,,ㅂㅅㄱ 교장 퇴직 기원 5일차,학생들한테 막말하고 교사들한테도 갑질하는 교장은 나가라,학성고 2024.10.25 06:59:53 스크랩 조회 76 추천 7 댓글 0,7,76,2024.10.25 06:59:53,https://gall.dcinside.com/mgallery/board/view/?id=hshs&no=1969&page=1
1,1967,,ㅂㅅㄱ 교장 퇴직 기원 4일차,학생들한테 막말하고 교사들한테도 갑질하는 교장은 나가라,학성고 2024.10.24 06:43:22 스크랩 조회 78 추천 7 댓글 0,7,78,2024.10.24 06:43:22,https://gall.dcinside.com/mgallery/board/view/?id=hshs&no=1967&page=1
1,1965,,ㅂㅅㄱ 교장 퇴직 기원 3일차,학생들한테 막말하고 교사들한테도 갑질하는 교장은 나가라,학성고 2024.10.23 06:40:07 스크랩 조회 70 추천 7 댓글 0,7,70,2024.10.23 06:40:07,https://gall.dcinside.com/mgallery/board/view/?id=hshs&no=1965&page=1
1,1964,,ㅂㅅㄱ 교장 퇴직 기원 2일차,학생들한테 막말하고 교사들한테도 갑질하는 교장은 나가라,학성고 2024.10.22 06:36:38 스크랩 조회 100 추천 10 댓글 0,10,100,2024.10.22 06:36:38,https://gall.dcinside.com/mgallery/board/view/?id=hshs&no=1964&page=1
1,1963,,ㅂㅅㄱ 교장 퇴직 기원 1일차,학생들한테 막말하고 교사들한테도 갑질하는 교장은 나가라,학성고 2024.10.21 15:14:33 스크랩 조회 181 추천 11 댓글 0,11,181,2024.10.21 15:14:33,https://gall.dcinside.com/mgallery/board/view/?id=hshs&no=1963&page=1
2,1961,,ㅅㅎㅅ,ㅗ,학갤러 (211.219) 2024.10.07 13:30:15 스크랩 조회 259 추천 3 댓글 1,3,259,2024.10.07 13:30:15,https://gall.dcinside.com/mgallery/board/view/?id=hshs&no=1961&page=2
2,1959,,집가고싶다,유격싫어,ㅇㅇ (223.38) 2024.09.24 20:11:05 스크랩 조회 105 추천 0 댓글 0,0,105,2024.09.24 20:11:05,https://gall.dcinside.com/mgallery/board/view/?id=hshs&no=1959&page=2
2,1958,,ㅅㅁ아 보고싶다...,너가 없는 하루는 너무 외로워... 너가 없는 하루는 너무 힘들어... 너가 없는 하루는 버티지 못하겠어... 너가 보고싶다 ㅅㅁ아....,학갤러 (14.43) 2024.09.19 12:19:02 스크랩 조회 355 추천 3 댓글 0,3,355,2024.09.19 12:19:02,https://gall.dcinside.com/mgallery/board/view/?id=hshs&no=1958&page=2
2,1957,,윤-하 좋아하는 애들아,사건의 지평선이 있던 앨범에 이어 윤-하 7집 앨범이 2024년 9월 1일 오후 6시에 발매돼. 알람맞춰놔. - dc official App,윤하팬입니다 2024.08.20 11:36:18 스크랩 조회 313 추천 0 댓글 1,0,313,2024.08.20 11:36:18,https://gall.dcinside.com/mgallery/board/view/?id=hshs&no=1957&page=2
2,1954,,농 ㅋㅋ,누오오옹,ㅇㅇ (211.205) 2024.07.17 21:59:12 스크랩 조회 598 추천 8 댓글 1,8,598,2024.07.17 21:59:12,https://gall.dcinside.com/mgallery/board/view/?id=hshs&no=1954&page=2
2,1953,,완장 뺏어볼까,몇달쨰 부재중인데 고닉 하나파서 주딱뺏기 가능?,학갤러 (14.43) 2024.07.17 14:15:08 스크랩 조회 225 추천 2 댓글 0,2,225,2024.07.17 14:15:08,https://gall.dcinside.com/mgallery/board/view/?id=hshs&no=1953&page=2
2,1952,,시험끝나서 싱글벙글한 학붕이면 개추ㅋㅋ,근데 시험조져서 ㅈ된 학붕이면 비추...,학갤러 (211.203) 2024.07.05 22:56:55 스크랩 조회 208 추천 3 댓글 0,3,208,2024.07.05 22:56:55,https://gall.dcinside.com/mgallery/board/view/?id=hshs&no=1952&page=2
2,1951,,국어 시험 어려웠던 이유가,“어떤 얘”가 2등급이라서 그럼 ㅇㅇ 누군지는 안 말해도 알거라 생각함,학갤러 (211.219) 2024.07.05 14:26:08 스크랩 조회 492 추천 6 댓글 1,6,492,2024.07.05 14:26:08,https://gall.dcinside.com/mgallery/board/view/?id=hshs&no=1951&page=2
2,1950,,이 시대의 참된 애국자,석열이가문재인걸이재명확히안철수,민식이 (118.47) 2024.07.04 23:57:43 스크랩 조회 463 추천 6 댓글 2,6,463,2024.07.04 23:57:43,https://gall.dcinside.com/mgallery/board/view/?id=hshs&no=1950&page=2
2,1949,,6월 30일자 필독),님아 시험전날에 디씨질 쳐하지 말고 이런글 클릭할 시간에 앉아서 공부나 하세요,학갤러 (211.203) 2024.06.30 17:51:33 스크랩 조회 165 추천 1 댓글 0,1,165,2024.06.30 17:51:33,https://gall.dcinside.com/mgallery/board/view/?id=hshs&no=1949&page=2
2,1948,,1학년 정보시간,솔직히 ㅈ도 쓸모 없는거 씹 줌마련이 ㅈ같이 수업하는걸 주 3시간이나 들어야 되는게 이해 안됨;; 정보 수행평가 평균 50점대인게 ㅅㅂㅋㅋ,학갤러 (14.43) 2024.06.26 08:54:03 스크랩 조회 738 추천 18 댓글 7,18,738,2024.06.26 08:54:03,https://gall.dcinside.com/mgallery/board/view/?id=hshs&no=1948&page=2
2,1947,,대현고에서 왔습니다.,한 번씩 놀러 와주세요,대현고 2024.06.21 14:52:09 스크랩 조회 318 추천 2 댓글 0,2,318,2024.06.21 14:52:09,https://gall.dcinside.com/mgallery/board/view/?id=hshs&no=1947&page=2
2,1946,,학성고 갤러리 부흥운동,모두가 하루에 한번씩 교장욕을 하면 갤이 활발해지지 않을까?,학갤러 (211.203) 2024.06.21 00:33:14 스크랩 조회 322 추천 7 댓글 1,7,322,2024.06.21 00:33:14,https://gall.dcinside.com/mgallery/board/view/?id=hshs&no=1946&page=2
2,1945,,나 순길인데,디시에 내 욕 좀 하지마라,학갤러 (14.43) 2024.06.20 14:41:08 스크랩 조회 251 추천 1 댓글 2,1,251,2024.06.20 14:41:08,https://gall.dcinside.com/mgallery/board/view/?id=hshs&no=1945&page=2
2,1944,,본인 울산 최고명문고 대현고인데,학갤 수준 개떨어지네 ㅋㅋ,학갤러 (14.43) 2024.06.20 13:23:12 스크랩 조회 511 추천 3 댓글 3,3,511,2024.06.20 13:23:12,https://gall.dcinside.com/mgallery/board/view/?id=hshs&no=1944&page=2
2,1943,,학성공고 교장새끼 근황,새로온 새끼마저 선택과목들 선택 제한하려고 지랄하는거 보면 ㄹㅇ 학성공고다.,학갤러 (14.43) 2024.05.31 11:49:48 스크랩 조회 689 추천 7 댓글 1,7,689,2024.05.31 11:49:48,https://gall.dcinside.com/mgallery/board/view/?id=hshs&no=1943&page=2
2,1941,,니지카,ㅇㅇ,ㅇㅇ (211.203) 2024.05.27 22:22:27 스크랩 조회 428 추천 16 댓글 3,16,428,2024.05.27 22:22:27,https://gall.dcinside.com/mgallery/board/view/?id=hshs&no=1941&page=2
2,1939,,학평 어질어질하다.,죄다 ㅅㅂ 엄마 당근마켓에 택포 가능으로 올려도 안팔릴듯?,학갤러 (118.235) 2024.05.21 10:36:51 스크랩 조회 295 추천 0 댓글 2,0,295,2024.05.21 10:36:51,https://gall.dcinside.com/mgallery/board/view/?id=hshs&no=1939&page=2
2,1937,,벤치에 나무있던거 다 잘라놓고 거기에 쳐 앉혀놓네,꼴에 그늘 만들어보겠다고 장애인같은 비닐조각 위에다가 매달아두고 지들은 그늘 아래서 놀고있고 진짜 싹 잡아다 패버리고싶네 나무 왜 쳐 자른거야 교장 그냥 고려장마렵네,극악무도한할머니사랑꾼 2024.05.14 09:25:42 스크랩 조회 417 추천 5 댓글 3,5,417,2024.05.14 09:25:42,https://gall.dcinside.com/mgallery/board/view/?id=hshs&no=1937&page=2
2,1936,,❗++❗+이분 가정교육 못받았나요❗++❗+,하는짓 보니 가정교욱 못받은 고아가 노망난느낌⁉+⁉+⁉+,학갤러 (211.36) 2024.05.13 16:19:13 스크랩 조회 729 추천 20 댓글 2,20,729,2024.05.13 16:19:13,https://gall.dcinside.com/mgallery/board/view/?id=hshs&no=1936&page=2
2,1935,,교장 틀딱새끼 고려장 마려우면 개추 ㅋㅋㅋㅋ,ㅇㄷㄴㅂㅌ,극악무도한할머니사랑꾼 2024.05.09 13:41:09 스크랩 조회 454 추천 7 댓글 1,7,454,2024.05.09 13:41:09,https://gall.dcinside.com/mgallery/board/view/?id=hshs&no=1935&page=2
2,1934,,충격)현대공고 집단학폭 터짐 ㄷㄷㄷㄷ,현공갤 가보면 다 있음,ㅇㅇ (125.135) 2024.05.03 16:35:57 스크랩 조회 747 추천 4 댓글 0,4,747,2024.05.03 16:35:57,https://gall.dcinside.com/mgallery/board/view/?id=hshs&no=1934&page=2
2,1933,,학고 표준편차 어케봄,",, - dc official App",학갤러 (223.39) 2024.04.30 01:13:02 스크랩 조회 182 추천 0 댓글 0,0,182,2024.04.30 01:13:02,https://gall.dcinside.com/mgallery/board/view/?id=hshs&no=1933&page=2
2,1932,,학성고최대빌런 SSB누구냐 ㄹㅇ,' & 모르면 개개추.,학갤러 (14.43) 2024.04.25 15:25:17 스크랩 조회 858 추천 10 댓글 2,10,858,2024.04.25 15:25:17,https://gall.dcinside.com/mgallery/board/view/?id=hshs&no=1932&page=2
2,1931,,미친놈이네 ㅋㅋㅋ,전번까고 개소리하는데 라이브중에 전화오는거 반음 ㅈㄴ 꿀잼임,응애 (119.195) 2024.04.21 06:12:11 스크랩 조회 342 추천 0 댓글 0,0,342,2024.04.21 06:12:11,https://gall.dcinside.com/mgallery/board/view/?id=hshs&no=1931&page=2
2,1930,,학성고 최대빌런,JSHOON DKM SSB 맞으면 개추,학갤러 (211.36) 2024.04.20 00:13:38 스크랩 조회 966 추천 55 댓글 3,55,966,2024.04.20 00:13:38,https://gall.dcinside.com/mgallery/board/view/?id=hshs&no=1930&page=2
2,1928,,학성고 디시충 3학년 정X규,디시 그만해,학갤러 (182.221) 2024.04.02 18:54:12 스크랩 조회 723 추천 20 댓글 0,20,723,2024.04.02 18:54:12,https://gall.dcinside.com/mgallery/board/view/?id=hshs&no=1928&page=2
2,1927,,현재 학성고 다니고있는사람 있나요,", - dc official App",학갤러 (223.39) 2024.03.31 22:13:33 스크랩 조회 299 추천 0 댓글 1,0,299,2024.03.31 22:13:33,https://gall.dcinside.com/mgallery/board/view/?id=hshs&no=1927&page=2
2,1926,,공업탑 사고 얼마나 크게 났길래 길이 그만큼 막히노?,중간에 골목길로 우회해서 사고 못봤는데 소화제였냐?,극악무도한할머니사랑꾼 2024.03.27 08:46:51 스크랩 조회 275 추천 0 댓글 0,0,275,2024.03.27 08:46:51,https://gall.dcinside.com/mgallery/board/view/?id=hshs&no=1926&page=2
2,1925,,학성고 요즘 분위기 어떰?,우리아빠가 80년대 초에 여기다녔는데 전국에서 들어가기힘들기로 손꼽히는 초명문고 였다는데 물론 현재는 많이 다르겠지만 그래도 명문대 진학 다른학교에비해 많이 하지않음? 2000년도 초반에 나 아는사람도 여기 출신인데 자기말로는 중학생때 전교1등하고 연합고사였나? 그거 200점 만점에 190점받아서 갔다던데 ㄹㅇ 궁금해서 물어보는거임,학갤러 (117.111) 2024.03.24 02:46:07 스크랩 조회 823 추천 1 댓글 4,1,823,2024.03.24 02:46:07,https://gall.dcinside.com/mgallery/board/view/?id=hshs&no=1925&page=2
2,1924,,내 여친,ㅇ,학갤러 (14.43) 2024.03.19 12:29:18 스크랩 조회 650 추천 10 댓글 3,10,650,2024.03.19 12:29:18,https://gall.dcinside.com/mgallery/board/view/?id=hshs&no=1924&page=2
2,1923,,학성고 요새도 유명함?,공부잘해야 가는 학교임? 뺑뺑이냐?,ㅇㅇ (211.235) 2024.03.07 16:47:51 스크랩 조회 413 추천 2 댓글 3,2,413,2024.03.07 16:47:51,https://gall.dcinside.com/mgallery/board/view/?id=hshs&no=1923&page=2
2,1922,,나처럼 1월 달 논 새끼 있냐?,음력 1월 1일 부터 공부할 사람이면 개추,학갤러 (211.219) 2024.02.10 22:31:24 스크랩 조회 231 추천 4 댓글 0,4,231,2024.02.10 22:31:24,https://gall.dcinside.com/mgallery/board/view/?id=hshs&no=1922&page=2
2,1921,,설날동안 놀거라 기쁘면 개추,ㅇㅇ,ㅇㅇ (211.219) 2024.02.09 08:49:02 스크랩 조회 189 추천 5 댓글 1,5,189,2024.02.09 08:49:02,https://gall.dcinside.com/mgallery/board/view/?id=hshs&no=1921&page=2
2,1920,,작년 대학 결과 아는 사람?,좀,학갤러 (211.219) 2024.02.09 08:45:02 스크랩 조회 409 추천 7 댓글 1,7,409,2024.02.09 08:45:02,https://gall.dcinside.com/mgallery/board/view/?id=hshs&no=1920&page=2
2,1919,,학성고는 화장실에 진심임ㅇㅇ,화장실마다 하나씩 설치됨 ㅋㅋㅋ,학갤러 (211.219) 2024.02.08 15:12:14 스크랩 조회 664 추천 8 댓글 0,8,664,2024.02.08 15:12:14,https://gall.dcinside.com/mgallery/board/view/?id=hshs&no=1919&page=2
2,1918,,탈갤,ㅈㄱㄴ,학갤러 (14.43) 2024.02.07 11:05:50 스크랩 조회 255 추천 3 댓글 3,3,255,2024.02.07 11:05:50,https://gall.dcinside.com/mgallery/board/view/?id=hshs&no=1918&page=2
2,1917,,퇴갤한다,잘 있어라 게이들아,ㅇㅇ (14.43) 2024.02.07 11:04:23 스크랩 조회 207 추천 4 댓글 2,4,207,2024.02.07 11:04:23,https://gall.dcinside.com/mgallery/board/view/?id=hshs&no=1917&page=2
2,1916,,바병슼,ㅈㄱㄴ,학갤러 (104.28) 2024.02.05 21:03:07 스크랩 조회 126 추천 0 댓글 0,0,126,2024.02.05 21:03:07,https://gall.dcinside.com/mgallery/board/view/?id=hshs&no=1916&page=2
2,1915,,오늘 학교 가기 싫으면 개추,아아아앙,학갤러 (211.219) 2024.02.05 03:27:51 스크랩 조회 87 추천 0 댓글 0,0,87,2024.02.05 03:27:51,https://gall.dcinside.com/mgallery/board/view/?id=hshs&no=1915&page=2
2,1914,,새해 복 많이 받으십쇼,좀 늦긴 했지만 많이 받으셈 - dc official App,노베 2024.01.19 06:58:39 스크랩 조회 94 추천 0 댓글 0,0,94,2024.01.19 06:58:39,https://gall.dcinside.com/mgallery/board/view/?id=hshs&no=1914&page=2
2,1912,,징벌새 귀여움,ㅇㅇ,ㅇㅇ (104.28) 2024.01.10 10:43:54 스크랩 조회 185 추천 1 댓글 2,1,185,2024.01.10 10:43:54,https://gall.dcinside.com/mgallery/board/view/?id=hshs&no=1912&page=2
2,1911,,머꼴 주작 카나데,,학성고 2024.01.09 22:24:23 스크랩 조회 179 추천 1 댓글 0,1,179,2024.01.09 22:24:23,https://gall.dcinside.com/mgallery/board/view/?id=hshs&no=1911&page=2
2,1910,,그립읍니다,77777777777777722277777777777777 77777777728888888888888777777777 77777777888888888888888887777777 77777778888805449408888888777777 77777778887777727720888888777777 77777778887188474548888888777777 77777777807248274852548888777777 77777777722724272881758887777777 77777777772205254888208887777777 77777777777772229888888888077777 77777777772085215088888888888802 77775888888887754527788888888888 79888888888887227777888888888888 58888888888887488078888888888888 88888888888827889788888888888888 88888888888881880888888888888888 88888888888887288888888888888888 88888888888888272888888888888888 88888888888888778888888888888888,ㅇㅇ (118.235) 2024.01.09 18:04:50 스크랩 조회 116 추천 4 댓글 0,4,116,2024.01.09 18:04:50,https://gall.dcinside.com/mgallery/board/view/?id=hshs&no=1910&page=2
2,1909,,2023 한기대 취업률 80프로(중견이상 61프로) 전국 최상위,https://www.joongang.co.kr/article/25218566#home,ㅇㅇ (114.207) 2024.01.09 00:36:47 스크랩 조회 134 추천 0 댓글 0,0,134,2024.01.09 00:36:47,https://gall.dcinside.com/mgallery/board/view/?id=hshs&no=1909&page=2
2,1908,,머꼴 유우미즈,,학성고 2024.01.07 13:47:03 스크랩 조회 155 추천 0 댓글 0,0,155,2024.01.07 13:47:03,https://gall.dcinside.com/mgallery/board/view/?id=hshs&no=1908&page=2
2,1906,,새해 복 많이 받아라,,학성고 2024.01.01 01:49:11 스크랩 조회 190 추천 6 댓글 1,6,190,2024.01.01 01:49:11,https://gall.dcinside.com/mgallery/board/view/?id=hshs&no=1906&page=2
2,1905,,머꼴 니고 메이루카,,학성고 2024.01.01 01:46:57 스크랩 조회 275 추천 7 댓글 1,7,275,2024.01.01 01:46:57,https://gall.dcinside.com/mgallery/board/view/?id=hshs&no=1905&page=2
2,1904,,머꼴 마후유,,학성고 2024.01.01 01:46:31 스크랩 조회 254 추천 8 댓글 1,8,254,2024.01.01 01:46:31,https://gall.dcinside.com/mgallery/board/view/?id=hshs&no=1904&page=2
2,1903,,학고갤 부흥을 위해서,내년에는 디시 운영 동아리를 만듭시다,학갤러 (180.71) 2023.12.21 08:14:20 스크랩 조회 164 추천 3 댓글 1,3,164,2023.12.21 08:14:20,https://gall.dcinside.com/mgallery/board/view/?id=hshs&no=1903&page=2
3,1902,,당근,ㅇㅇ,ㅇㅇ (118.35) 2023.12.19 17:08:27 스크랩 조회 219 추천 6 댓글 3,6,219,2023.12.19 17:08:27,https://gall.dcinside.com/mgallery/board/view/?id=hshs&no=1902&page=3
3,1901,,불심으로 대동단결,ㅇㅇ,ㅇㅇ (223.39) 2023.12.14 19:19:53 스크랩 조회 160 추천 2 댓글 2,2,160,2023.12.14 19:19:53,https://gall.dcinside.com/mgallery/board/view/?id=hshs&no=1901&page=3
3,1900,,형냐들 ㅠ 이거 나만 이상해??,일본어 교과선데 이거 맞아? - dc official App,학갤러 (106.101) 2023.12.01 15:30:36 스크랩 조회 258 추천 5 댓글 0,5,258,2023.12.01 15:30:36,https://gall.dcinside.com/mgallery/board/view/?id=hshs&no=1900&page=3
3,1899,,타는냄새 나만 남?,ㅈㄱㄴ - dc official App,학갤러 (106.101) 2023.11.29 14:45:00 스크랩 조회 122 추천 0 댓글 0,0,122,2023.11.29 14:45:00,https://gall.dcinside.com/mgallery/board/view/?id=hshs&no=1899&page=3
3,1898,,ㄱㅈㄱ 그는 신이야!,ㄱㅈㄱ 그는 신이야ㄱㅈㄱ 그는 신이야ㄱㅈㄱ 그는 신이야ㄱㅈㄱ 그는 신이야ㄱㅈㄱ 그는 신이야ㄱㅈㄱ 그는 신이야ㄱㅈㄱ 그는 신이야ㄱㅈㄱ 그는 신이야ㄱㅈㄱ 그는 신이야ㄱㅈㄱ 그는 신이야ㄱㅈㄱ 그는 신이야ㄱㅈㄱ 그는 신이야ㄱㅈㄱ 그는 신이야ㄱㅈㄱ 그는 신이야ㄱㅈㄱ 그는 신이야ㄱㅈㄱ 그는 신이야ㄱㅈㄱ 그는 신이야ㄱㅈㄱ 그는 신이야ㄱㅈㄱ 그는 신이야ㄱㅈㄱ 그는 신이야ㄱㅈㄱ 그는 신이야ㄱㅈㄱ 그는 신이야ㄱㅈㄱ 그는 신이야ㄱㅈㄱ 그는 신이야ㄱㅈㄱ 그는 신이야ㄱㅈㄱ 그는 신이야ㄱㅈㄱ 그는 신이야ㄱㅈㄱ 그는 신이야ㄱㅈㄱ 그는 신이야ㄱㅈㄱ 그는 신이야ㄱㅈㄱ 그는 신이야,빅재진 (118.235) 2023.11.29 13:56:32 스크랩 조회 177 추천 4 댓글 3,4,177,2023.11.29 13:56:32,https://gall.dcinside.com/mgallery/board/view/?id=hshs&no=1898&page=3
3,1896,,학성고에 혹시'다크호스' 라는 농구부 아직 있음?,아빠가 친구들이랑 만들었다던데,학갤러 (223.39) 2023.11.24 02:55:34 스크랩 조회 242 추천 0 댓글 2,0,242,2023.11.24 02:55:34,https://gall.dcinside.com/mgallery/board/view/?id=hshs&no=1896&page=3
3,1893,,ㅇ,,PierreGasly 2023.11.16 19:13:41 스크랩 조회 145 추천 1 댓글 0,1,145,2023.11.16 19:13:41,https://gall.dcinside.com/mgallery/board/view/?id=hshs&no=1893&page=3
3,1892,,Team 06 이제 우리 차례다,개추시 수능 국어영역 ‘만점’,학갤러 (203.228) 2023.11.16 16:27:36 스크랩 조회 477 추천 17 댓글 2,17,477,2023.11.16 16:27:36,https://gall.dcinside.com/mgallery/board/view/?id=hshs&no=1892&page=3
3,1891,,고3 학붕이 형아들 수능 잘 침?,ㅇㅇ,ㅇㅇ (203.228) 2023.11.16 15:34:21 스크랩 조회 145 추천 1 댓글 0,1,145,2023.11.16 15:34:21,https://gall.dcinside.com/mgallery/board/view/?id=hshs&no=1891&page=3
3,1890,,내일 수능보는 고3들 봐라,go go jea siuuuuu 축구는 역시 호날두 - dc official App,Withcoffee 2023.11.15 19:55:56 스크랩 조회 258 추천 3 댓글 2,3,258,2023.11.15 19:55:56,https://gall.dcinside.com/mgallery/board/view/?id=hshs&no=1890&page=3
3,1889,,바병푸,귀여워,학갤러 (114.207) 2023.11.15 19:55:02 스크랩 조회 137 추천 2 댓글 3,2,137,2023.11.15 19:55:02,https://gall.dcinside.com/mgallery/board/view/?id=hshs&no=1889&page=3
3,1888,,노베 부재중인데 갤 한번 뺏어볼까,주딱 부재중일때 유식이한테 주딱 탄핵신청 보내면 갤 뺏을수 있을텐데,PierreGasly 2023.11.15 13:19:39 스크랩 조회 153 추천 0 댓글 1,0,153,2023.11.15 13:19:39,https://gall.dcinside.com/mgallery/board/view/?id=hshs&no=1888&page=3
3,1887,,백업본왜지움,다시올릴까,학갤러 (211.36) 2023.11.15 12:04:11 스크랩 조회 140 추천 0 댓글 1,0,140,2023.11.15 12:04:11,https://gall.dcinside.com/mgallery/board/view/?id=hshs&no=1887&page=3
3,1886,,.,,PierreGasly 2023.11.15 10:13:18 스크랩 조회 125 추천 1 댓글 1,1,125,2023.11.15 10:13:18,https://gall.dcinside.com/mgallery/board/view/?id=hshs&no=1886&page=3
3,1885,,수능잘치십쇼,울산 최고명문학성 선배님들의 건승을 기원합니다 - dc official App,학갤러 (14.43) 2023.11.15 10:09:50 스크랩 조회 74 추천 2 댓글 0,2,74,2023.11.15 10:09:50,https://gall.dcinside.com/mgallery/board/view/?id=hshs&no=1885&page=3
3,1882,,학갤 관리자 누구임? ㅈㅂ,알려줭 현역으로 학교 다님?,능이백숙 (118.235) 2023.11.14 15:58:47 스크랩 조회 203 추천 0 댓글 1,0,203,2023.11.14 15:58:47,https://gall.dcinside.com/mgallery/board/view/?id=hshs&no=1882&page=3
3,1879,,학고 요새 좀 어떰,나 2천년대까지는 그래도 울산 고등학교중에 특성화고 제외 1등이였는데 요샌 교사 관리를 안해가 그런가 중하위권이라는 소리 들리는데 ㄹㅇ팩트임?,학갤러 (220.119) 2023.11.13 16:24:40 스크랩 조회 236 추천 0 댓글 2,0,236,2023.11.13 16:24:40,https://gall.dcinside.com/mgallery/board/view/?id=hshs&no=1879&page=3
3,1878,,푸리나 절대 애호해,"폰타인 5막보고 즙짰다 시발,,,",학갤러 (104.28) 2023.11.13 12:44:57 스크랩 조회 297 추천 9 댓글 3,9,297,2023.11.13 12:44:57,https://gall.dcinside.com/mgallery/board/view/?id=hshs&no=1878&page=3
3,1876,,울산고vs학성고,어디가 명문고 같음? 쌤들 ㅈ수준도 포함,학갤러 (14.43) 2023.11.09 07:31:01 스크랩 조회 420 추천 1 댓글 2,1,420,2023.11.09 07:31:01,https://gall.dcinside.com/mgallery/board/view/?id=hshs&no=1876&page=3
3,1875,,나랑 뜰 학고 ㅅㄲ 홈플 롯데리아 앞에서 오후 7시에 기다려라,쳐부서주마,대현고4학년 (14.43) 2023.10.31 13:23:13 스크랩 조회 426 추천 8 댓글 3,8,426,2023.10.31 13:23:13,https://gall.dcinside.com/mgallery/board/view/?id=hshs&no=1875&page=3
3,1874,,앙카 버프좀,궁 고정 롤백해야됨,학갤러 (61.75) 2023.10.28 22:18:52 스크랩 조회 131 추천 0 댓글 2,0,131,2023.10.28 22:18:52,https://gall.dcinside.com/mgallery/board/view/?id=hshs&no=1874&page=3
3,1873,,애미애비 기초수급자 투성이인 명문고 ㅠㅠㅠㅠ,집안이 가난한 거렁뱅이들 섞여있어서 그런지 손버릇도 안좋네 에어팟하고 애플 펜슬 존나 훔치고 다니는게 진짜 학교 수준 나오노...,PierreGasly 2023.10.11 14:18:58 스크랩 조회 317 추천 1 댓글 1,1,317,2023.10.11 14:18:58,https://gall.dcinside.com/mgallery/board/view/?id=hshs&no=1873&page=3
3,1871,,2020년 고2때 학고갤 했는데 지금 군대와있다,시간 빠르다 쉽헐...,ㅇㅇ (223.39) 2023.09.24 20:22:15 스크랩 조회 163 추천 0 댓글 1,0,163,2023.09.24 20:22:15,https://gall.dcinside.com/mgallery/board/view/?id=hshs&no=1871&page=3
3,1869,,학갤 왜,학갤 왜 다 뒤짐?,학갤러 (180.71) 2023.09.07 03:41:21 스크랩 조회 148 추천 0 댓글 0,0,148,2023.09.07 03:41:21,https://gall.dcinside.com/mgallery/board/view/?id=hshs&no=1869&page=3
3,1868,,좆됐으면 개추 ㅋㅋ,,ㅇㅇ (211.235) 2023.09.06 20:09:23 스크랩 조회 169 추천 2 댓글 0,2,169,2023.09.06 20:09:23,https://gall.dcinside.com/mgallery/board/view/?id=hshs&no=1868&page=3
3,1867,,소신발언,서울과고보다 학고가 더 낫다,학갤러 (223.62) 2023.08.20 17:40:51 스크랩 조회 187 추천 1 댓글 0,1,187,2023.08.20 17:40:51,https://gall.dcinside.com/mgallery/board/view/?id=hshs&no=1867&page=3
3,1866,,수업시간에 좌파정치색 드러내고 세뇌시도하는쌤들 너무많네,온세상이 좌빨대깨문 찢갈이다,PierreGasly 2023.08.18 15:46:54 스크랩 조회 566 추천 2 댓글 2,2,566,2023.08.18 15:46:54,https://gall.dcinside.com/mgallery/board/view/?id=hshs&no=1866&page=3
3,1865,,대참사가 일어난 교실,ㄷㄷ,학갤러 (14.43) 2023.08.18 10:48:54 스크랩 조회 401 추천 4 댓글 1,4,401,2023.08.18 10:48:54,https://gall.dcinside.com/mgallery/board/view/?id=hshs&no=1865&page=3
3,1864,,똥글,싸지마라 - dc official App,노베 2023.08.17 19:15:34 스크랩 조회 171 추천 0 댓글 0,0,171,2023.08.17 19:15:34,https://gall.dcinside.com/mgallery/board/view/?id=hshs&no=1864&page=3
3,1861,,흐지 덴짱 언제 풀리냐,재판 언제하노,학갤러 (61.75) 2023.08.11 21:41:42 스크랩 조회 143 추천 0 댓글 1,0,143,2023.08.11 21:41:42,https://gall.dcinside.com/mgallery/board/view/?id=hshs&no=1861&page=3
3,1859,,아무나 시발좀 와봐,엄마없노 - dc official App,Ngm 2023.08.07 15:17:39 스크랩 조회 221 추천 1 댓글 1,1,221,2023.08.07 15:17:39,https://gall.dcinside.com/mgallery/board/view/?id=hshs&no=1859&page=3
3,1852,,이 갤러리 망함?,슬프노,ㅇㅇ (211.219) 2023.07.31 19:05:32 스크랩 조회 104 추천 0 댓글 0,0,104,2023.07.31 19:05:32,https://gall.dcinside.com/mgallery/board/view/?id=hshs&no=1852&page=3
3,1848,,옥동에서 담배피는애들 사진찍어올리니까,잘라버리노 ㅋㅋ - dc official App,ㅇㅇ (180.66) 2023.07.21 12:05:52 스크랩 조회 417 추천 0 댓글 0,0,417,2023.07.21 12:05:52,https://gall.dcinside.com/mgallery/board/view/?id=hshs&no=1848&page=3
3,1846,,내일 방학식하면 몇시에 마치냐,ㅋㅋ,ㅇㅇ 2023.07.20 20:35:06 스크랩 조회 170 추천 0 댓글 0,0,170,2023.07.20 20:35:06,https://gall.dcinside.com/mgallery/board/view/?id=hshs&no=1846&page=3
3,1845,,2023 학고 조졌네 다들 공부 존나 잘하노 07게이들아,- dc official App,ㅇㅇ (217.148) 2023.07.20 20:34:33 스크랩 조회 263 추천 0 댓글 0,0,263,2023.07.20 20:34:33,https://gall.dcinside.com/mgallery/board/view/?id=hshs&no=1845&page=3
3,1844,,학대전 관리자 알아서 뭐하냐,?,ㅇㅇ 2023.07.20 20:33:43 스크랩 조회 121 추천 0 댓글 0,0,121,2023.07.20 20:33:43,https://gall.dcinside.com/mgallery/board/view/?id=hshs&no=1844&page=3
3,1843,,학성고 방학 내일이냐,?,ㅇㅇ 2023.07.20 20:33:02 스크랩 조회 81 추천 0 댓글 0,0,81,2023.07.20 20:33:02,https://gall.dcinside.com/mgallery/board/view/?id=hshs&no=1843&page=3
3,1842,,학대전 관리자 누군지 내가 어떻게 아냐 글쓴이 진짜 뇌없ㄴㅋㅋㅋㅋ,- dc official App,ㅇㅇ (217.148) 2023.07.20 20:32:48 스크랩 조회 133 추천 0 댓글 0,0,133,2023.07.20 20:32:48,https://gall.dcinside.com/mgallery/board/view/?id=hshs&no=1842&page=3
3,1841,,하,ㅋㅋ,ㅇㅇ 2023.07.20 20:32:41 스크랩 조회 62 추천 0 댓글 0,0,62,2023.07.20 20:32:41,https://gall.dcinside.com/mgallery/board/view/?id=hshs&no=1841&page=3
3,1839,,졸업하면 뭐함,딱히 하고싶은게 없음,교ㅕ (200.25) 2023.07.20 20:27:39 스크랩 조회 81 추천 0 댓글 0,0,81,2023.07.20 20:27:39,https://gall.dcinside.com/mgallery/board/view/?id=hshs&no=1839&page=3
3,1838,,공부하기싫다,내신 왤케 학성고 어려워,ㅅㄷ (216.238) 2023.07.20 20:25:26 스크랩 조회 85 추천 0 댓글 0,0,85,2023.07.20 20:25:26,https://gall.dcinside.com/mgallery/board/view/?id=hshs&no=1838&page=3
3,1837,,왤케 더워,축구하기가 싫다,ㅇㅇㅇㅇ (217.148) 2023.07.20 20:20:18 스크랩 조회 50 추천 0 댓글 0,0,50,2023.07.20 20:20:18,https://gall.dcinside.com/mgallery/board/view/?id=hshs&no=1837&page=3
3,1836,,학성고 리그전 2학기 때는 안하냐 내가 다 제끼는데 ㅋㅋ,- dc official App,ㄱㅁㄸ (118.235) 2023.07.20 20:14:43 스크랩 조회 89 추천 0 댓글 0,0,89,2023.07.20 20:14:43,https://gall.dcinside.com/mgallery/board/view/?id=hshs&no=1836&page=3
3,1835,,방학언제야,ㅇㅇ,ㅇㅇ (223.39) 2023.07.20 20:14:37 스크랩 조회 53 추천 0 댓글 0,0,53,2023.07.20 20:14:37,https://gall.dcinside.com/mgallery/board/view/?id=hshs&no=1835&page=3
3,1834,,요즘 학성고 급식 왤케 맛없노,- dc official App,ㄱㅁㄸ (118.235) 2023.07.20 20:13:37 스크랩 조회 87 추천 0 댓글 0,0,87,2023.07.20 20:13:37,https://gall.dcinside.com/mgallery/board/view/?id=hshs&no=1834&page=3
3,1833,,지나가던 졸업생인데,몇년전에 졸업한 졸업생임 틀딱이라하면 할말없고 우리때도 학교밖 골목에서 담배피다가 민원걸려서 봉사하던 애들은 있긴했지만 울산 전체에서 네임드였던 애들조차도 교내에선 피지말자는 암묵적인 선이 있었는데 교내에서 쳐피는거보니까 학교 기강 망했나보네 학주 뭐하냐 ㅋㅋ,ㅇㅇ (118.38) 2023.07.19 19:17:21 스크랩 조회 164 추천 0 댓글 0,0,164,2023.07.19 19:17:21,https://gall.dcinside.com/mgallery/board/view/?id=hshs&no=1833&page=3
3,1831,,학성고 일찐 뭐임 ㄷㄷ,무섭농 ㄷㄷ,ㅇㅇ (14.43) 2023.07.19 08:46:55 스크랩 조회 978 추천 11 댓글 5,11,978,2023.07.19 08:46:55,https://gall.dcinside.com/mgallery/board/view/?id=hshs&no=1831&page=3
3,1830,,학성고갤 망한것 같으면 개추,ㅈㄱㄴ,ㅇㅇ (14.43) 2023.07.19 08:44:54 스크랩 조회 99 추천 1 댓글 0,1,99,2023.07.19 08:44:54,https://gall.dcinside.com/mgallery/board/view/?id=hshs&no=1830&page=3
3,1829,,학성고 청소시간때 노래 신청 어케하냐,ㅈㄱㄴ - dc official App,ㅇㅇ 2023.07.16 09:26:03 스크랩 조회 140 추천 0 댓글 1,0,140,2023.07.16 09:26:03,https://gall.dcinside.com/mgallery/board/view/?id=hshs&no=1829&page=3
3,1828,,소신발언,ㅇㅇ,ㅇㅇ (211.205) 2023.07.10 22:24:44 스크랩 조회 242 추천 2 댓글 2,2,242,2023.07.10 22:24:44,https://gall.dcinside.com/mgallery/board/view/?id=hshs&no=1828&page=3
4,1827,,요즘 너무 덥다,놀러가고 싶다,ㅇㅇ (14.43) 2023.07.10 17:42:53 스크랩 조회 248 추천 7 댓글 0,7,248,2023.07.10 17:42:53,https://gall.dcinside.com/mgallery/board/view/?id=hshs&no=1827&page=4
4,1825,,여긴 이제 삼남이 처리한다,- dc official App,알빠농 2023.07.06 18:55:40 스크랩 조회 93 추천 1 댓글 0,1,93,2023.07.06 18:55:40,https://gall.dcinside.com/mgallery/board/view/?id=hshs&no=1825&page=4
4,1816,,대현고가고싶다,ㅗ,ㅇㅇ (175.124) 2023.06.15 01:06:29 스크랩 조회 144 추천 0 댓글 0,0,144,2023.06.15 01:06:29,https://gall.dcinside.com/mgallery/board/view/?id=hshs&no=1816&page=4
4,1815,,페미교육 입갤 17분 전 ㅋㅋㅋㅋㅋㅋㅋㅋ,애미쳐뒤진새끼들 이번에는 또 뭔 신박한 헛소리 하는지 함 보자,일간베이스 2023.06.13 14:23:55 스크랩 조회 396 추천 0 댓글 12,0,396,2023.06.13 14:23:55,https://gall.dcinside.com/mgallery/board/view/?id=hshs&no=1815&page=4
4,1814,,보,지 - dc official App,ㅇㅇ (14.43) 2023.06.12 15:36:52 스크랩 조회 144 추천 2 댓글 4,2,144,2023.06.12 15:36:52,https://gall.dcinside.com/mgallery/board/view/?id=hshs&no=1814&page=4
4,1811,,야쓰,ㅅ,ㅇㅇ (223.39) 2023.06.07 08:08:58 스크랩 조회 499 추천 22 댓글 2,22,499,2023.06.07 08:08:58,https://gall.dcinside.com/mgallery/board/view/?id=hshs&no=1811&page=4
4,1810,,오늘 오후에 옥동 하삼동 커피에서 커피 사준 학성고 쌤 누구냐,너네가 12잔 시켜서 20분 넘게 기다렸다 ㅅㅂ,ㅇㅇ (211.210) 2023.06.02 21:26:55 스크랩 조회 304 추천 2 댓글 0,2,304,2023.06.02 21:26:55,https://gall.dcinside.com/mgallery/board/view/?id=hshs&no=1810&page=4
4,1809,,님들 6모 공부중?,정시파이터 파이팅~,3학년 3반 ㅇㅇㅂ (180.230) 2023.05.29 02:11:15 스크랩 조회 139 추천 0 댓글 0,0,139,2023.05.29 02:11:15,https://gall.dcinside.com/mgallery/board/view/?id=hshs&no=1809&page=4
4,1808,,공부할때는 공부해야하지만 봉콘만은 지성인으로서 시청하자,https://youtu.be/ipXAmloULPU,PierreGasly 2023.05.22 22:38:25 스크랩 조회 215 추천 0 댓글 4,0,215,2023.05.22 22:38:25,https://gall.dcinside.com/mgallery/board/view/?id=hshs&no=1808&page=4
4,1806,,실시간 정독실 관리 뭐냐,모여봐라노 - dc official App,ㅇㅇ (118.235) 2023.05.18 10:32:38 스크랩 조회 174 추천 0 댓글 0,0,174,2023.05.18 10:32:38,https://gall.dcinside.com/mgallery/board/view/?id=hshs&no=1806&page=4
4,1805,,오 도서관 밑 정독실 열렸노 ㅋㅋ,개꿀,ㅇㅇ (140.248) 2023.05.18 10:18:37 스크랩 조회 92 추천 0 댓글 0,0,92,2023.05.18 10:18:37,https://gall.dcinside.com/mgallery/board/view/?id=hshs&no=1805&page=4
4,1804,,댄스부 게이게이야...,미쳤노 그냥ㅋㅋㅋㅋㅋㅋㅋㅋ 치마는 니미ㅋㅋㅋㅋㅋㅋㅋ 감 다~살았네,PierreGasly 2023.05.18 09:14:28 스크랩 조회 332 추천 0 댓글 0,0,332,2023.05.18 09:14:28,https://gall.dcinside.com/mgallery/board/view/?id=hshs&no=1804&page=4
4,1803,,대좆교회 신정고 앞에서 뭐 나눠줌,학성고 학생이지만 지나가니까 주더라 ㅋ,ㅇㅇ (14.43) 2023.05.17 08:14:17 스크랩 조회 172 추천 0 댓글 0,0,172,2023.05.17 08:14:17,https://gall.dcinside.com/mgallery/board/view/?id=hshs&no=1803&page=4
4,1800,,걍 갤 망했노 ㅋㅋ,ㄹㅇ 2020년이 전성기였네,ㅇㅇ (223.62) 2023.05.15 23:32:24 스크랩 조회 176 추천 0 댓글 2,0,176,2023.05.15 23:32:24,https://gall.dcinside.com/mgallery/board/view/?id=hshs&no=1800&page=4
4,1799,,자신 몸집만한 멸치를 잡아서 신난 게,ㅈㄱㄴ,ㅇㅇ (39.7) 2023.05.05 16:35:31 스크랩 조회 352 추천 8 댓글 1,8,352,2023.05.05 16:35:31,https://gall.dcinside.com/mgallery/board/view/?id=hshs&no=1799&page=4
4,1798,,1학년들 추모식 강제동원 개좆같노,06에 돌아가신분 추모를 07년생들한테 시키고 옷에 좆같은 검은리본 쳐달게하는거 의도가 너무 뻔함 애들 많아보이게 세워두고 맨앞에 정치인사들 서있는 사진찍어서 인터넷신문사 이곳저곳 다퍼나르며 이미지 관리하려는 정치적인 의도로 학생을 사용하려는거 다보인다 그냥 심지어 교장도 애들이 존나 반발하면서 쨀거 아는지 창체수업시간으로 쳐집어넣어서 째지도 못하게함 내년 1학년한테도 또 이지랄 시킬텐데 언제까지 이럴건지 존나 궁금하다 진짜로 17년째면 그만둘때 안됌? 그냥 지랄났다 시험 끝난날은 바로 집에 보내줘야지 개씨발 염병을한다,ㅇㅇ (45.92) 2023.05.04 14:58:07 스크랩 조회 306 추천 0 댓글 1,0,306,2023.05.04 14:58:07,https://gall.dcinside.com/mgallery/board/view/?id=hshs&no=1798&page=4
4,1797,,학성고 2학년 축구리그 언제 하냐,ㅇㅇ,김민재 (220.119) 2023.05.03 20:52:17 스크랩 조회 120 추천 0 댓글 0,0,120,2023.05.03 20:52:17,https://gall.dcinside.com/mgallery/board/view/?id=hshs&no=1797&page=4
4,1796,,가야겟지??,,PierreGasly 2023.05.01 21:13:47 스크랩 조회 322 추천 6 댓글 1,6,322,2023.05.01 21:13:47,https://gall.dcinside.com/mgallery/board/view/?id=hshs&no=1796&page=4
4,1795,,와 쩐다,와 쩐다,ㅇㅇ (39.7) 2023.04.30 20:51:24 스크랩 조회 280 추천 12 댓글 0,12,280,2023.04.30 20:51:24,https://gall.dcinside.com/mgallery/board/view/?id=hshs&no=1795&page=4
4,1791,,ㅅㅂ 다이깰 06 05 밥먹고 우리반에 와라,아 쫄리면 오지말라고 ㄹㅇㅋㅋ,1학년7반8번김승현 (118.235) 2023.04.24 12:43:39 스크랩 조회 245 추천 0 댓글 3,0,245,2023.04.24 12:43:39,https://gall.dcinside.com/mgallery/board/view/?id=hshs&no=1791&page=4
4,1788,,07년생 ㅈㄴ 무섭ㄴㅔ ㄹㅇ,아니  요즘 애들 웰케 무섭냐,3반김동현 (14.43) 2023.04.18 13:27:34 스크랩 조회 318 추천 0 댓글 1,0,318,2023.04.18 13:27:34,https://gall.dcinside.com/mgallery/board/view/?id=hshs&no=1788&page=4
4,1787,,삼산고는씨발국어3등급이 반2등 전교29등하는데 울학교왜이럼,학교진짜씨발 잘못걸렸네 같은 평준화 일반고인데 왜 중학교때 나보다 공부못했던애가 나보다 더 좋은 내신받아가야함? 왜???????????? 평준화는 개 니미씨발 지랄하네 교육청 애미토막살인당한새끼들이 이럴거면 그냥 비평준화 쳐때리던가,PierreGasly 2023.04.17 17:31:11 스크랩 조회 468 추천 3 댓글 3,3,468,2023.04.17 17:31:11,https://gall.dcinside.com/mgallery/board/view/?id=hshs&no=1787&page=4
4,1783,,오늘 급식소 줄 개씨발이네,중학교 다닐때보다 줄 줄어드는 속도가 더 느린거같은데 이게 맞음?,PierreGasly 2023.04.12 13:08:56 스크랩 조회 264 추천 0 댓글 4,0,264,2023.04.12 13:08:56,https://gall.dcinside.com/mgallery/board/view/?id=hshs&no=1783&page=4
4,1782,,누가 민원 넣엇냐...,ㄷㄷ,ㅇㅇ (14.43) 2023.04.12 08:56:59 스크랩 조회 190 추천 0 댓글 3,0,190,2023.04.12 08:56:59,https://gall.dcinside.com/mgallery/board/view/?id=hshs&no=1782&page=4
4,1781,,국어교과실 급훈 뭐냐,웃기네 ㅋㅋ,ㅇㅇ (14.43) 2023.04.07 14:42:57 스크랩 조회 218 추천 0 댓글 2,0,218,2023.04.07 14:42:57,https://gall.dcinside.com/mgallery/board/view/?id=hshs&no=1781&page=4
4,1780,,니지카,내여친임 ㅇㅇ,ㅇㅇ (118.235) 2023.04.06 18:44:50 스크랩 조회 166 추천 1 댓글 4,1,166,2023.04.06 18:44:50,https://gall.dcinside.com/mgallery/board/view/?id=hshs&no=1780&page=4
4,1779,,학고 사진,,PierreGasly 2023.04.06 17:57:46 스크랩 조회 282 추천 2 댓글 3,2,282,2023.04.06 17:57:46,https://gall.dcinside.com/mgallery/board/view/?id=hshs&no=1779&page=4
4,1778,,천창수 교육감님의 당선을 축하드립니다!,노옥희 교육 중단없이 한 발 더! 교육을 교육답게!,ㅇㅇ (14.43) 2023.04.06 08:06:54 스크랩 조회 278 추천 12 댓글 2,12,278,2023.04.06 08:06:54,https://gall.dcinside.com/mgallery/board/view/?id=hshs&no=1778&page=4
4,1777,,크로니,그만올려. - dc official App,노베 2023.04.05 15:12:22 스크랩 조회 140 추천 1 댓글 3,1,140,2023.04.05 15:12:22,https://gall.dcinside.com/mgallery/board/view/?id=hshs&no=1777&page=4
4,1773,,흥갤테스트,ㄴㅁㅊ,ㅇㅇ (39.7) 2023.04.01 10:49:56 스크랩 조회 235 추천 22 댓글 2,22,235,2023.04.01 10:49:56,https://gall.dcinside.com/mgallery/board/view/?id=hshs&no=1773&page=4
4,1772,,Jms통일대흥동산신천지야,잘먹었다,ㅇㅇ (14.43) 2023.03.30 11:40:12 스크랩 조회 87 추천 0 댓글 1,0,87,2023.03.30 11:40:12,https://gall.dcinside.com/mgallery/board/view/?id=hshs&no=1772&page=4
4,1771,,복숭아티 어디감?,뭐야 내 500원의 행복 돌려줘요 ㅅㅂ,ㅇㅇ (116.40) 2023.03.29 19:16:25 스크랩 조회 81 추천 0 댓글 1,0,81,2023.03.29 19:16:25,https://gall.dcinside.com/mgallery/board/view/?id=hshs&no=1771&page=4
4,1770,,지듣노,ㅁㅌㅊ?,ㅇㅇ (118.235) 2023.03.29 18:34:58 스크랩 조회 66 추천 0 댓글 0,0,66,2023.03.29 18:34:58,https://gall.dcinside.com/mgallery/board/view/?id=hshs&no=1770&page=4
4,1769,,대흥교회사이비이단새끼들아,잘 먹을게,ㅇㅇ (14.43) 2023.03.29 08:29:47 스크랩 조회 223 추천 0 댓글 0,0,223,2023.03.29 08:29:47,https://gall.dcinside.com/mgallery/board/view/?id=hshs&no=1769&page=4
4,1768,,통매음교육 입갤 ㅋㅋㅋㅋㅋㅋㅋㅋㅋ,,PierreGasly 2023.03.28 11:47:08 스크랩 조회 137 추천 0 댓글 0,0,137,2023.03.28 11:47:08,https://gall.dcinside.com/mgallery/board/view/?id=hshs&no=1768&page=4
4,1767,,실시간 페미교육 좆같으면 개추,ㅇㄷㄴㅂㅌ ㅋㅋㅋㅋㅋㅋㅋㅋㅋㅋㅋㅋㅋㅋ,PierreGasly 2023.03.28 11:01:06 스크랩 조회 254 추천 7 댓글 0,7,254,2023.03.28 11:01:06,https://gall.dcinside.com/mgallery/board/view/?id=hshs&no=1767&page=4
4,1766,,념글에 있는 좆튜버 념글 내려라,올만에 와봤더니 저딴게있네,ㅇㅇ (175.200) 2023.03.27 18:59:27 스크랩 조회 146 추천 1 댓글 2,1,146,2023.03.27 18:59:27,https://gall.dcinside.com/mgallery/board/view/?id=hshs&no=1766&page=4
4,1765,,오랜만에 학고교복 보니깐 감회가 새롭노,나는왜 군복입고있냐 시발,ㅇㅇ (39.7) 2023.03.27 18:03:51 스크랩 조회 110 추천 0 댓글 0,0,110,2023.03.27 18:03:51,https://gall.dcinside.com/mgallery/board/view/?id=hshs&no=1765&page=4
4,1763,,학성고 최고 아웃풋,https://m.dcinside.com/board/dcbest/124934 실베 입갤 ㅋㅋㅋㅋㅋㅋㅋㅋ,PierreGasly 2023.03.25 13:18:26 스크랩 조회 346 추천 1 댓글 3,1,346,2023.03.25 13:18:26,https://gall.dcinside.com/mgallery/board/view/?id=hshs&no=1763&page=4
4,1762,,오늘 손뻗으면 닿이는 거리서 이재명 봤다 질문받음,,PierreGasly 2023.03.24 22:40:38 스크랩 조회 196 추천 5 댓글 8,5,196,2023.03.24 22:40:38,https://gall.dcinside.com/mgallery/board/view/?id=hshs&no=1762&page=4
4,1761,,본인이 수학망한 학붕이면 개추 ㅋㅋ,ㅇㄷㄴㅂㅌ,PierreGasly 2023.03.23 17:09:13 스크랩 조회 197 추천 1 댓글 3,1,197,2023.03.23 17:09:13,https://gall.dcinside.com/mgallery/board/view/?id=hshs&no=1761&page=4
4,1760,,대현고에서 왔습니다.,ㅈㄱㄴ,ㅇㅇ (182.209) 2023.03.22 16:15:56 스크랩 조회 137 추천 2 댓글 0,2,137,2023.03.22 16:15:56,https://gall.dcinside.com/mgallery/board/view/?id=hshs&no=1760&page=4
4,1759,,대현고>>>>>>>>>학성고>>>>>>>>>>>>>>>신정고,ㅇㅇ,ㅇㅇ (14.43) 2023.03.22 10:22:20 스크랩 조회 474 추천 7 댓글 2,7,474,2023.03.22 10:22:20,https://gall.dcinside.com/mgallery/board/view/?id=hshs&no=1759&page=4
4,1758,,노무현,ㅇ,ㅇㅇ (14.43) 2023.03.20 13:02:46 스크랩 조회 171 추천 1 댓글 2,1,171,2023.03.20 13:02:46,https://gall.dcinside.com/mgallery/board/view/?id=hshs&no=1758&page=4
4,1754,,뷰지,- dc official App,ㅇㅇ (14.43) 2023.03.16 14:59:17 스크랩 조회 197 추천 0 댓글 1,0,197,2023.03.16 14:59:17,https://gall.dcinside.com/mgallery/board/view/?id=hshs&no=1754&page=4
4,1753,,학교폭력 예방교육은 들을수록 어이없는거같음,"처벌이 병신이니까 학폭을 하는건데 처벌을 더 세게줄 생각은 안하고 ""우덜은 잘못없당깨 제보안하고 구경한 방관자 탓이라노"" 하면서 가스라이팅은 존나하고 그래서 방관안하고 신고하면 제대로 조사도 안하고 대충 넘기고 쉬쉬하고 학폭하던새끼들 입장으로보면 신고한새끼도 좆같으니까 신고자까지 같이 괴롭힐텐데 그건또 ""누가 신고하라고 칼들고 협박함?"" 이딴식으로 대응할게 뻔히보임 ​그저... ​ 지랄났다 ​ ​남탓민국​ !!!! ​",PierreGasly 2023.03.15 16:30:59 스크랩 조회 158 추천 1 댓글 1,1,158,2023.03.15 16:30:59,https://gall.dcinside.com/mgallery/board/view/?id=hshs&no=1753&page=4
4,1752,,이새끼 차갤하는놈 아니냐?,이런놈들 보통 차갤이나 바갤이나 코코갤 무조건 하던데,PierreGasly 2023.03.15 13:05:40 스크랩 조회 222 추천 1 댓글 3,1,222,2023.03.15 13:05:40,https://gall.dcinside.com/mgallery/board/view/?id=hshs&no=1752&page=4
4,1751,,ㅋㅋㅋㅋㅋㅋㅋㅋㅋㅋ,미친놈이네 ㅋㅋㅋㅋㅋ - dc official App,디시콘쓴다 2023.03.15 12:38:26 스크랩 조회 132 추천 0 댓글 1,0,132,2023.03.15 12:38:26,https://gall.dcinside.com/mgallery/board/view/?id=hshs&no=1751&page=4
4,1750,,5월 수학여행 기대된다,수학여행을 한라산으로가네 신난다 - dc official App,디시콘쓴다 2023.03.14 22:40:28 스크랩 조회 141 추천 0 댓글 1,0,141,2023.03.14 22:40:28,https://gall.dcinside.com/mgallery/board/view/?id=hshs&no=1750&page=4
4,1749,,갤주할사람?,ㅇㅇ - dc official App,노베 2023.03.13 14:22:45 스크랩 조회 197 추천 0 댓글 7,0,197,2023.03.13 14:22:45,https://gall.dcinside.com/mgallery/board/view/?id=hshs&no=1749&page=4
5,1747,,학고뉴비 길을 못찾겠는데 어캄?,대체 탁구장이 어디읾....,2007 (175.119) 2023.03.09 17:25:25 스크랩 조회 221 추천 1 댓글 3,1,221,2023.03.09 17:25:25,https://gall.dcinside.com/mgallery/board/view/?id=hshs&no=1747&page=5
5,1746,,목요일 수업 6교시까지밖에 없으면 보내달라고~,교육부 정말 이해가 안돼는놈들이네,ㅇㅇ (223.38) 2023.03.09 15:41:04 스크랩 조회 91 추천 0 댓글 0,0,91,2023.03.09 15:41:04,https://gall.dcinside.com/mgallery/board/view/?id=hshs&no=1746&page=5
5,1744,,매점 자판기 씨발 마운틴듀 왜 못뽑음?,마운틴듀가 1300원이여서 1000원 2장넣으니까 한장만 쳐받고 두장째부터는 안들어가던데 그냥 안파는거냐?,PierreGasly 2023.03.08 22:18:25 스크랩 조회 158 추천 0 댓글 0,0,158,2023.03.08 22:18:25,https://gall.dcinside.com/mgallery/board/view/?id=hshs&no=1744&page=5
5,1743,,07게이들아 힘내라,나처럼 공부안했다가 울산대 가지 말고,ㅇㅇ (223.39) 2023.03.08 20:07:09 스크랩 조회 164 추천 0 댓글 0,0,164,2023.03.08 20:07:09,https://gall.dcinside.com/mgallery/board/view/?id=hshs&no=1743&page=5
5,1742,,부끄러운 자화상,,ㅇㅇ (223.38) 2023.03.07 12:23:08 스크랩 조회 123 추천 1 댓글 0,1,123,2023.03.07 12:23:08,https://gall.dcinside.com/mgallery/board/view/?id=hshs&no=1742&page=5
5,1741,,ㅇㅂ,,ㅇㅇ (223.38) 2023.03.07 10:33:31 스크랩 조회 91 추천 0 댓글 0,0,91,2023.03.07 10:33:31,https://gall.dcinside.com/mgallery/board/view/?id=hshs&no=1741&page=5
5,1740,,1학년게이 실시간 학교 입갤,학교 존나크네 이거 길 언제다외우노 2017 ~ 2018   Scuderia Toro Rosso 2019 ~ 2019/8   Aston Martin RedBull Racing 2019/8 ~ 2022   Scuderia Alphatauri now competeing in BWT Alpine F1 team,PierreGasly 2023.03.07 08:28:01 스크랩 조회 218 추천 1 댓글 0,1,218,2023.03.07 08:28:01,https://gall.dcinside.com/mgallery/board/view/?id=hshs&no=1740&page=5
5,1739,,주딱 졸업도 했는데 완장 넘겨주자,클린학갤 만들어보겠습니다 훠훠훠 - dc official App,ㅇㅇ (223.39) 2023.03.06 18:26:18 스크랩 조회 106 추천 0 댓글 1,0,106,2023.03.06 18:26:18,https://gall.dcinside.com/mgallery/board/view/?id=hshs&no=1739&page=5
5,1737,,학고 공사 어느정도 진행됨?,졸업해서 학고 근황을 모르겠노,ㅇㅇ (223.62) 2023.02.23 02:43:54 스크랩 조회 105 추천 0 댓글 1,0,105,2023.02.23 02:43:54,https://gall.dcinside.com/mgallery/board/view/?id=hshs&no=1737&page=5
5,1734,,씨발 애미뒤진 교육청새끼 학교배정 지좆대로 하노,1지망 대현 2지망 신정했는데 왜 학성이 쳐걸리냐 앰창 내신망했노,PierreGasly 2023.02.09 23:08:59 스크랩 조회 242 추천 0 댓글 2,0,242,2023.02.09 23:08:59,https://gall.dcinside.com/mgallery/board/view/?id=hshs&no=1734&page=5
5,1729,,경상도권 4년제 대학순위,부산대 경북대 (부산/대구/진주교대) ㅡㅡㅡ 1티어 부경대 해양대 한동대ㅡㅡㅡㅡㅡㅡㅡㅡㅡㅡ 2티어 영남대 동아대 금오공대 경상대 창원대 ㅡㅡ 3티어 계명대 동의대 울산대 안동대 ㅡㅡㅡㅡㅡㅡ 4티어 경성대 동국대 경주캠 대구대 ㅡㅡㅡㅡㅡㅡ 5티어 대가대 부가대 부산외대 동서대ㅡㅡㅡㅡㅡ 6티어 인제대 신라대 경남대ㅡㅡㅡㅡㅡㅡㅡㅡㅡㅡ 7티어 고신대 경일대 대구한의대 ㅡㅡㅡㅡㅡㅡㅡㅡ8티어 영산대 동명대 가야대 경운대 ㅡㅡㅡㅡㅡㅡ 9티어 한국국제대 창신대 김천대 경주대 ㅡㅡㅡㅡ10티어,ㅇㅇ (118.235) 2023.01.10 23:42:09 스크랩 조회 213 추천 0 댓글 0,0,213,2023.01.10 23:42:09,https://gall.dcinside.com/mgallery/board/view/?id=hshs&no=1729&page=5
5,1727,,메 리크리 스마 스,공부해 - dc official App,ㅇㅇ (223.39) 2022.12.25 22:46:43 스크랩 조회 56 추천 0 댓글 0,0,56,2022.12.25 22:46:43,https://gall.dcinside.com/mgallery/board/view/?id=hshs&no=1727&page=5
5,1725,,야자 언제끝남?,학붕이들아 야자 언제 끝남?,ㅇㅇ (115.90) 2022.12.14 03:47:19 스크랩 조회 87 추천 0 댓글 0,0,87,2022.12.14 03:47:19,https://gall.dcinside.com/mgallery/board/view/?id=hshs&no=1725&page=5
5,1724,,Show and Prove 했으면 개추 ㅋ,개추,장의사 (14.43) 2022.12.13 15:32:39 스크랩 조회 199 추천 3 댓글 2,3,199,2022.12.13 15:32:39,https://gall.dcinside.com/mgallery/board/view/?id=hshs&no=1724&page=5
5,1722,,갤에 이상한거 묻었네,완장 뭐하나 - dc official App,ㅇㅇ (223.39) 2022.12.10 23:39:38 스크랩 조회 176 추천 0 댓글 2,0,176,2022.12.10 23:39:38,https://gall.dcinside.com/mgallery/board/view/?id=hshs&no=1722&page=5
5,1713,,원더호이~!,학고에 프로세카 하는 게이있냐? 있으면 학번 이름 좀,ㅇㅇ (14.43) 2022.12.07 15:06:44 스크랩 조회 109 추천 0 댓글 1,0,109,2022.12.07 15:06:44,https://gall.dcinside.com/mgallery/board/view/?id=hshs&no=1713&page=5
5,1712,,어 나 학성고 다니는 박민식인데 반갑다,어,씹섭추 2022.11.27 09:13:45 스크랩 조회 187 추천 1 댓글 0,1,187,2022.11.27 09:13:45,https://gall.dcinside.com/mgallery/board/view/?id=hshs&no=1712&page=5
5,1711,,ㅁㄴㅇㄹ,ㅁㄴㅇㄹ,ㅇㅇ (14.43) 2022.11.22 13:34:41 스크랩 조회 81 추천 0 댓글 0,0,81,2022.11.22 13:34:41,https://gall.dcinside.com/mgallery/board/view/?id=hshs&no=1711&page=5
5,1710,,정보,응디,ㅇㅇ (14.43) 2022.11.22 13:34:24 스크랩 조회 90 추천 0 댓글 0,0,90,2022.11.22 13:34:24,https://gall.dcinside.com/mgallery/board/view/?id=hshs&no=1710&page=5
5,1709,,비평준화 울산의 자랑이었는데,그립읍니다 김상조 선생님,ㅇㅇ (27.124) 2022.10.28 20:05:53 스크랩 조회 518 추천 0 댓글 0,0,518,2022.10.28 20:05:53,https://gall.dcinside.com/mgallery/board/view/?id=hshs&no=1709&page=5
5,1708,,작년 실적 어떰,작년 실적 어떰 오피셜로 나온거있냐,야동찾아주세요 (116.124) 2022.10.19 23:10:20 스크랩 조회 150 추천 0 댓글 0,0,150,2022.10.19 23:10:20,https://gall.dcinside.com/mgallery/board/view/?id=hshs&no=1708&page=5
5,1707,,학고 시험 쉬움?,어렵다 들었는데 어느정도임?,ㅇㅇ (123.111) 2022.10.17 23:54:52 스크랩 조회 163 추천 1 댓글 0,1,163,2022.10.17 23:54:52,https://gall.dcinside.com/mgallery/board/view/?id=hshs&no=1707&page=5
5,1705,,학고의 장점을 적어주세요... 제발요,폰 제출함?,Nqslla 2022.10.07 18:23:07 스크랩 조회 316 추천 0 댓글 2,0,316,2022.10.07 18:23:07,https://gall.dcinside.com/mgallery/board/view/?id=hshs&no=1705&page=5
5,1704,,내신성적 병신이라 정시 올인했는데 정시까지 망한 고3들은 개추ㅋㅋㅋㅋ,찾았다 범인!! 씨이발 3년동안 부모등골 빨아먹고 이제와서 정신차린 너! 너가 바로 범인이야 이 씹년 - dc official App,ㅇㅇ (125.135) 2022.10.01 11:37:36 스크랩 조회 278 추천 1 댓글 0,1,278,2022.10.01 11:37:36,https://gall.dcinside.com/mgallery/board/view/?id=hshs&no=1704&page=5
5,1703,,학고 요즘도 야자있노,맨날 야자째고 겜사에 오락하러가다 선생한테 쳐맞았는데,ㅇㅇ (39.7) 2022.09.22 14:11:16 스크랩 조회 124 추천 0 댓글 0,0,124,2022.09.22 14:11:16,https://gall.dcinside.com/mgallery/board/view/?id=hshs&no=1703&page=5
5,1702,,학성고 특,약사공고한테 발림,ㅇㅇ (110.70) 2022.09.22 08:13:47 스크랩 조회 343 추천 0 댓글 0,0,343,2022.09.22 08:13:47,https://gall.dcinside.com/mgallery/board/view/?id=hshs&no=1702&page=5
5,1701,,즐추,D-69 - dc official App,노베 2022.09.09 17:17:24 스크랩 조회 100 추천 0 댓글 0,0,100,2022.09.09 17:17:24,https://gall.dcinside.com/mgallery/board/view/?id=hshs&no=1701&page=5
5,1700,,학성고는 근처 아이파크에 기숙사 만들어야함,멀리살면 등교하기귀찮음 - dc official App,디시콘쓴다 2022.09.07 19:56:42 스크랩 조회 253 추천 0 댓글 0,0,253,2022.09.07 19:56:42,https://gall.dcinside.com/mgallery/board/view/?id=hshs&no=1700&page=5
5,1699,,학성고 전학가는데,구라임,ㅇㅇ (114.202) 2022.09.06 14:52:42 스크랩 조회 171 추천 0 댓글 0,0,171,2022.09.06 14:52:42,https://gall.dcinside.com/mgallery/board/view/?id=hshs&no=1699&page=5
5,1698,,고2 ㅂㄷㅂㄷ,한남노 컷,ㅇㄴㄴ (218.146) 2022.09.05 03:15:29 스크랩 조회 107 추천 0 댓글 0,0,107,2022.09.05 03:15:29,https://gall.dcinside.com/mgallery/board/view/?id=hshs&no=1698&page=5
5,1697,,씨발 힌남노,사라져줘 제발 - dc official App,디시콘쓴다 2022.09.02 10:30:41 스크랩 조회 127 추천 0 댓글 0,0,127,2022.09.02 10:30:41,https://gall.dcinside.com/mgallery/board/view/?id=hshs&no=1697&page=5
5,1696,,자신이 3학년 80반이면 개추 ㅋㅋ,ㅇㄷㄴㅂㅌ,ㅇㅇ (223.33) 2022.08.31 17:15:00 스크랩 조회 315 추천 6 댓글 0,6,315,2022.08.31 17:15:00,https://gall.dcinside.com/mgallery/board/view/?id=hshs&no=1696&page=5
5,1695,,수학여행 때 공부할 새끼 있냐,내가 죽이게,가글레옹 2022.08.24 01:08:40 스크랩 조회 267 추천 0 댓글 2,0,267,2022.08.24 01:08:40,https://gall.dcinside.com/mgallery/board/view/?id=hshs&no=1695&page=5
5,1694,,10년전에 학교 다녔었는데,후배님들 더운날 공부하시느라 고생 많습니다 요즘도 학고 뱃지가 아직 있나요?,ㅇㅇ (175.223) 2022.08.14 23:18:26 스크랩 조회 199 추천 1 댓글 1,1,199,2022.08.14 23:18:26,https://gall.dcinside.com/mgallery/board/view/?id=hshs&no=1694&page=5
5,1690,,급식게이 작심삼일,인간의 실수는 끝이 없고,두루미별 2022.08.05 20:45:12 스크랩 조회 102 추천 0 댓글 0,0,102,2022.08.05 20:45:12,https://gall.dcinside.com/mgallery/board/view/?id=hshs&no=1690&page=5
5,1689,,20220802 화요일,ㅆㅅㅌㅊ - dc official App,급식충아일해라 (124.216) 2022.08.02 23:17:49 스크랩 조회 195 추천 0 댓글 1,0,195,2022.08.02 23:17:49,https://gall.dcinside.com/mgallery/board/view/?id=hshs&no=1689&page=5
5,1688,,오늘 급식 어디감,벌써 땡땡이 치네 - dc official App,ㅇㅇ (182.221) 2022.08.02 19:05:50 스크랩 조회 69 추천 0 댓글 0,0,69,2022.08.02 19:05:50,https://gall.dcinside.com/mgallery/board/view/?id=hshs&no=1688&page=5
5,1687,,20220729 금요일 급식,식욕억제사진 - dc official App,ㅇㅇ (14.43) 2022.08.01 11:03:04 스크랩 조회 138 추천 0 댓글 0,0,138,2022.08.01 11:03:04,https://gall.dcinside.com/mgallery/board/view/?id=hshs&no=1687&page=5
5,1686,,8월 입갤 ㅋㅋ,8월에는 모의고사가 있습니다,두루미별 2022.08.01 00:10:21 스크랩 조회 109 추천 0 댓글 3,0,109,2022.08.01 00:10:21,https://gall.dcinside.com/mgallery/board/view/?id=hshs&no=1686&page=5
5,1684,,우리반 1학기 끝났다고 신났노,애들끼리 폰하고 떠든다고 공부 ㅈ도 안하네 ㅋㅋㅋ 이럴 거면 차라리 방학이나 한달주지 - dc official App,ㅇㅇ (14.43) 2022.07.28 11:25:05 스크랩 조회 149 추천 0 댓글 1,0,149,2022.07.28 11:25:05,https://gall.dcinside.com/mgallery/board/view/?id=hshs&no=1684&page=5
5,1682,,디시 전쟁선포글 내렸냐,쫄았누,주혁이 어디갔누 (218.146) 2022.07.27 00:32:19 스크랩 조회 89 추천 0 댓글 0,0,89,2022.07.27 00:32:19,https://gall.dcinside.com/mgallery/board/view/?id=hshs&no=1682&page=5
5,1680,,야 주딱,완장내놔,두루미별 2022.07.26 18:01:42 스크랩 조회 106 추천 0 댓글 1,0,106,2022.07.26 18:01:42,https://gall.dcinside.com/mgallery/board/view/?id=hshs&no=1680&page=5
5,1679,,왜 벌써 2학기,내 반년,ㅇㅇ (223.39) 2022.07.26 16:47:22 스크랩 조회 50 추천 0 댓글 0,0,50,2022.07.26 16:47:22,https://gall.dcinside.com/mgallery/board/view/?id=hshs&no=1679&page=5
5,1678,,야이 핏덩이들아,선배가 우습냐?,ㅇㅇ (211.208) 2022.07.25 01:04:49 스크랩 조회 160 추천 0 댓글 1,0,160,2022.07.25 01:04:49,https://gall.dcinside.com/mgallery/board/view/?id=hshs&no=1678&page=5
5,1677,,둘이 싸우면 누가 이김?,같은 8반인데 싸워서 인증해라 - dc official App,신민규vs이주혁 (104.28) 2022.07.21 13:31:01 스크랩 조회 367 추천 2 댓글 2,2,367,2022.07.21 13:31:01,https://gall.dcinside.com/mgallery/board/view/?id=hshs&no=1677&page=5
5,1676,,이거 이해하는 게이 있냐?,세특 쓰는데 ㅈㄴ 쉽다 ㅋ,장의사 (14.43) 2022.07.20 11:02:24 스크랩 조회 264 추천 0 댓글 1,0,264,2022.07.20 11:02:24,https://gall.dcinside.com/mgallery/board/view/?id=hshs&no=1676&page=5
5,1675,,ㅋ ㅂㅅ들,게이들아 이거 받음? ㅋㅋㅋ,장의사 (14.43) 2022.07.20 11:00:08 스크랩 조회 144 추천 0 댓글 0,0,144,2022.07.20 11:00:08,https://gall.dcinside.com/mgallery/board/view/?id=hshs&no=1675&page=5
5,1674,,2020년 여름때 학고갤 했었으면 개추 ㅋㅋㅋ,그때 ㄹㅇ 꿀잼이였는데,ㅇㅇ (219.241) 2022.07.18 16:15:13 스크랩 조회 122 추천 1 댓글 1,1,122,2022.07.18 16:15:13,https://gall.dcinside.com/mgallery/board/view/?id=hshs&no=1674&page=5
5,1673,,2학년 8반 21번 이주혁이다. 다이치자,고3 고2 고1 신청받는다. 글러브 끼고 오면 쇠몽둥이로 느그 대가리 뿌사뿐다.,학성고 이주혁 (14.43) 2022.07.14 15:28:19 스크랩 조회 255 추천 0 댓글 1,0,255,2022.07.14 15:28:19,https://gall.dcinside.com/mgallery/board/view/?id=hshs&no=1673&page=5
5,1672,,오 여기 울산 학고 갤임?,신기하노 재수충 50졸업생 왔다간다,ㅇㅇ (112.185) 2022.07.12 22:09:57 스크랩 조회 225 추천 0 댓글 1,0,225,2022.07.12 22:09:57,https://gall.dcinside.com/mgallery/board/view/?id=hshs&no=1672&page=5
6,1671,,아 시발,세특 챙길 거 존나 많네,ㅇㅇ (14.43) 2022.07.12 11:53:29 스크랩 조회 57 추천 0 댓글 0,0,57,2022.07.12 11:53:29,https://gall.dcinside.com/mgallery/board/view/?id=hshs&no=1671&page=6
6,1670,,""" 저 사진.. 원래 저렇게까지 웃고 있었나...?? """,""" 무,무슨 소리야.. 기분 나쁘니까 빨리 나가자.. "" "" 어...? "" ​ "" 문이 안열려... """,ㅇㅇ (203.226) 2022.07.08 03:24:57 스크랩 조회 315 추천 2 댓글 1,2,315,2022.07.08 03:24:57,https://gall.dcinside.com/mgallery/board/view/?id=hshs&no=1670&page=6
6,1667,,여기 갤 망함?,ㅋㅋ - dc official App,ㅇㅇ (1.253) 2022.07.08 01:27:43 스크랩 조회 80 추천 0 댓글 1,0,80,2022.07.08 01:27:43,https://gall.dcinside.com/mgallery/board/view/?id=hshs&no=1667&page=6
6,1666,,지구과학 나보다 낮으면 정시해라,본인 60점임,Sonny (14.43) 2022.07.04 13:41:48 스크랩 조회 202 추천 0 댓글 1,0,202,2022.07.04 13:41:48,https://gall.dcinside.com/mgallery/board/view/?id=hshs&no=1666&page=6
6,1665,,수시좆됐으면 개1추,수학 성적 떨어졌어 - dc official App,디시콘쓴다 2022.07.04 13:06:37 스크랩 조회 89 추천 0 댓글 0,0,89,2022.07.04 13:06:37,https://gall.dcinside.com/mgallery/board/view/?id=hshs&no=1665&page=6
6,1664,,시험준비잘했음?,학고선배님들의 수시를 응원합니다 - dc official App,디시콘쓴다 2022.07.03 17:28:50 스크랩 조회 53 추천 0 댓글 0,0,53,2022.07.03 17:28:50,https://gall.dcinside.com/mgallery/board/view/?id=hshs&no=1664&page=6
6,1663,,시험 좆됐으면 개추,하 시발,ㅇㅇ (118.35) 2022.07.02 03:32:21 스크랩 조회 83 추천 2 댓글 1,2,83,2022.07.02 03:32:21,https://gall.dcinside.com/mgallery/board/view/?id=hshs&no=1663&page=6
6,1662,,우산챙기자,ㅇ - dc official App,ㅇㅇ (223.39) 2022.06.27 07:25:56 스크랩 조회 63 추천 0 댓글 0,0,63,2022.06.27 07:25:56,https://gall.dcinside.com/mgallery/board/view/?id=hshs&no=1662&page=6
6,1660,,미트스파게티에 김치왜처넣음,애미가누구야 - dc official App,디시콘쓴다 2022.06.22 18:42:19 스크랩 조회 104 추천 0 댓글 0,0,104,2022.06.22 18:42:19,https://gall.dcinside.com/mgallery/board/view/?id=hshs&no=1660&page=6
6,1659,,울산고에서 왔습니다,반갑습니다,ㅇㅇ (1.255) 2022.06.21 21:17:17 스크랩 조회 207 추천 0 댓글 1,0,207,2022.06.21 21:17:17,https://gall.dcinside.com/mgallery/board/view/?id=hshs&no=1659&page=6
6,1657,,입학부터 2022까지 개빡치는 점,어케 고3 때까지 수학여행을 못가본 ㅋㅋㅋㅋㅋㅋㅋㅋㅋㅋㅋ - dc official App,ㅇㅇ (182.221) 2022.06.21 20:35:48 스크랩 조회 136 추천 0 댓글 0,0,136,2022.06.21 20:35:48,https://gall.dcinside.com/mgallery/board/view/?id=hshs&no=1657&page=6
6,1656,,2022년 제일 꼴받는점,별로 대단한걸 한게없는데 2022년의 반이 지나갔음 좃댄듯? - dc official App,디시콘쓴다 2022.06.18 23:46:34 스크랩 조회 119 추천 0 댓글 0,0,119,2022.06.18 23:46:34,https://gall.dcinside.com/mgallery/board/view/?id=hshs&no=1656&page=6
6,1655,,야 파딱 나와라,나오라고 ㅋㅋ,ㅇㅇ (121.146) 2022.06.15 23:36:38 스크랩 조회 101 추천 0 댓글 2,0,101,2022.06.15 23:36:38,https://gall.dcinside.com/mgallery/board/view/?id=hshs&no=1655&page=6
6,1653,,아그들아 내일 형님보면 인사해라,알긋냐??,ㅇㅇ (223.39) 2022.06.08 22:50:37 스크랩 조회 130 추천 0 댓글 1,0,130,2022.06.08 22:50:37,https://gall.dcinside.com/mgallery/board/view/?id=hshs&no=1653&page=6
6,1652,,동아리하기싫엉,내취침시간날아감 - dc official App,디시콘쓴다 2022.06.08 14:41:52 스크랩 조회 85 추천 0 댓글 0,0,85,2022.06.08 14:41:52,https://gall.dcinside.com/mgallery/board/view/?id=hshs&no=1652&page=6
6,1651,,모고도 세특에들어감?,‽?????‽?????? - dc official App,디시콘쓴다 2022.06.07 20:08:24 스크랩 조회 154 추천 0 댓글 1,0,154,2022.06.07 20:08:24,https://gall.dcinside.com/mgallery/board/view/?id=hshs&no=1651&page=6
6,1650,,3층 교과교실1이 어디에있냐?,동쪽임 서쪽임 중앙임?,ㅇㅇ (121.146) 2022.06.06 00:31:42 스크랩 조회 71 추천 0 댓글 0,0,71,2022.06.06 00:31:42,https://gall.dcinside.com/mgallery/board/view/?id=hshs&no=1650&page=6
6,1649,,그러고보니까생각난건데 왜 여기는 스파게티에 김치를처넣음?,저번에 스파게티나왔을때 분명 김치스파게티 아니었는데  내용물을 김치스파게티였씀 조리사는 김대중인듯 - dc official App,디시콘쓴다 2022.06.05 18:13:15 스크랩 조회 87 추천 0 댓글 0,0,87,2022.06.05 18:13:15,https://gall.dcinside.com/mgallery/board/view/?id=hshs&no=1649&page=6
6,1648,,학고급식 맛없다는새끼들 <- 19년도 급식 안먹어봐서그럼,랍스타도 나오고 그때가 씹레전드였는데 그때 학고를 안다녔노 ㅋㅋ,ㅇㅇ (121.146) 2022.06.05 00:26:01 스크랩 조회 201 추천 0 댓글 4,0,201,2022.06.05 00:26:01,https://gall.dcinside.com/mgallery/board/view/?id=hshs&no=1648&page=6
6,1647,,오늘 돈코츠라멘나온거 무넣고끓인 사리곰탕맛이었따,맛이업었따 - dc official App,디시콘쓴다 2022.06.03 22:38:46 스크랩 조회 106 추천 0 댓글 3,0,106,2022.06.03 22:38:46,https://gall.dcinside.com/mgallery/board/view/?id=hshs&no=1647&page=6
6,1646,,학고급식은왜맛없음,이건 매점아주매이가 교장과 결탁해서  학교급식 맛없게하고 매점매출늘리려는 아주매이의 큰그림이다 - dc official App,디시콘쓴다 2022.06.01 14:42:32 스크랩 조회 113 추천 0 댓글 2,0,113,2022.06.01 14:42:32,https://gall.dcinside.com/mgallery/board/view/?id=hshs&no=1646&page=6
6,1645,,게이들 이제 시험 한달남았는데 준비잘하고있노?,내신잘챙기자 - dc official App,디시콘쓴다 2022.06.01 14:29:52 스크랩 조회 72 추천 0 댓글 0,0,72,2022.06.01 14:29:52,https://gall.dcinside.com/mgallery/board/view/?id=hshs&no=1645&page=6
6,1644,,파래져서 갑자기 이재명 지지하게됐다,어떡함?,디시콘쓴다 2022.05.27 16:08:58 스크랩 조회 102 추천 0 댓글 0,0,102,2022.05.27 16:08:58,https://gall.dcinside.com/mgallery/board/view/?id=hshs&no=1644&page=6
6,1643,,6모에서 수학 2등급가능할거같은데,요즘공부잘됨 - dc official App,디시콘쓴다 2022.05.27 16:05:15 스크랩 조회 128 추천 0 댓글 0,0,128,2022.05.27 16:05:15,https://gall.dcinside.com/mgallery/board/view/?id=hshs&no=1643&page=6
6,1642,,본인쟝 압수 4주만에 돌려받았다,3등급했다고압수는 너무한거아니노? - dc official App,디시콘쓴다 2022.05.27 16:03:27 스크랩 조회 112 추천 0 댓글 2,0,112,2022.05.27 16:03:27,https://gall.dcinside.com/mgallery/board/view/?id=hshs&no=1642&page=6
6,1640,,게시물이 안 올라오노,ㅈㄱㄴ,ㅇㅇ (118.35) 2022.05.19 00:06:52 스크랩 조회 64 추천 0 댓글 0,0,64,2022.05.19 00:06:52,https://gall.dcinside.com/mgallery/board/view/?id=hshs&no=1640&page=6
6,1639,,파딱줬는데,왜 안 받냐 - dc official App,노베 2022.05.08 19:28:48 스크랩 조회 148 추천 0 댓글 2,0,148,2022.05.08 19:28:48,https://gall.dcinside.com/mgallery/board/view/?id=hshs&no=1639&page=6
6,1638,,아잉 춘계체험학습 조와용,아이잉 - dc official App,디시콘쓴다 2022.05.04 11:10:20 스크랩 조회 122 추천 0 댓글 2,0,122,2022.05.04 11:10:20,https://gall.dcinside.com/mgallery/board/view/?id=hshs&no=1638&page=6
6,1637,,이런갤이있다니,왜 있는거야 ㅋㅋㅋ,키메라 (121.176) 2022.05.03 19:22:27 스크랩 조회 88 추천 0 댓글 0,0,88,2022.05.03 19:22:27,https://gall.dcinside.com/mgallery/board/view/?id=hshs&no=1637&page=6
6,1636,,수시 ㅈ망한 사람만 봐라,정시로 대학 갈 게이는 개추 ㅋㅋ 일단 나부터 ㅋㅋ,ㅇㅇ (14.43) 2022.05.03 10:08:19 스크랩 조회 176 추천 3 댓글 1,3,176,2022.05.03 10:08:19,https://gall.dcinside.com/mgallery/board/view/?id=hshs&no=1636&page=6
6,1634,,초심찾은1일학갤,중간고사때 터진멘탈 복구하고왓슴 - dc official App,디시콘쓴다 2022.05.02 15:38:16 스크랩 조회 101 추천 0 댓글 4,0,101,2022.05.02 15:38:16,https://gall.dcinside.com/mgallery/board/view/?id=hshs&no=1634&page=6
6,1633,,1일...1..학..갤,시험보고 멘탈터져버렸음 아 좆망했네 - dc official App,디시콘쓴다 2022.04.29 20:14:10 스크랩 조회 66 추천 0 댓글 1,0,66,2022.04.29 20:14:10,https://gall.dcinside.com/mgallery/board/view/?id=hshs&no=1633&page=6
6,1631,,한국사의외로 할만한듯,책13번읽고 프린트8번 읽었는데 책내용 외워버렷슴 - dc official App,디시콘쓴다 2022.04.26 17:16:21 스크랩 조회 119 추천 1 댓글 1,1,119,2022.04.26 17:16:21,https://gall.dcinside.com/mgallery/board/view/?id=hshs&no=1631&page=6
6,1630,,우리 학성고 일동은 대통령님을 그리워 합니다,어째서 이렇게 일찍 떠나셨나이까,ㅇㅇ (14.43) 2022.04.26 15:56:33 스크랩 조회 388 추천 9 댓글 1,9,388,2022.04.26 15:56:33,https://gall.dcinside.com/mgallery/board/view/?id=hshs&no=1630&page=6
6,1629,,사랑합니다 대통령님,그저 빛.......!,ㅇㅇ (14.43) 2022.04.26 15:49:55 스크랩 조회 153 추천 3 댓글 1,3,153,2022.04.26 15:49:55,https://gall.dcinside.com/mgallery/board/view/?id=hshs&no=1629&page=6
6,1628,,1일1학갤,중간고사 수학 좀 충격이었슴 국어할때도 시간안부족했었는데 수학은 부족해서 서술형 마지막 답 못적음.. 충격임 - dc official App,디시콘쓴다 2022.04.26 15:05:58 스크랩 조회 58 추천 0 댓글 1,0,58,2022.04.26 15:05:58,https://gall.dcinside.com/mgallery/board/view/?id=hshs&no=1628&page=6
6,1627,,1일1학갤,1등급 가능할거같았는데 쳐보니까 간신히 3등급 나올거같노.... - dc official App,디시콘쓴다 2022.04.25 19:36:20 스크랩 조회 70 추천 1 댓글 1,1,70,2022.04.25 19:36:20,https://gall.dcinside.com/mgallery/board/view/?id=hshs&no=1627&page=6
6,1625,,걍 중간고사 니미 개씹좆됐으면 개추 ㅋㅋ,일단나부터 ㅋㅋ,ㅇㅇ (180.68) 2022.04.24 00:10:10 스크랩 조회 263 추천 9 댓글 1,9,263,2022.04.24 00:10:10,https://gall.dcinside.com/mgallery/board/view/?id=hshs&no=1625&page=6
6,1624,,1일1학갤,중간 무조건 1등급도배간다 - dc official App,디시콘쓴다 2022.04.23 11:35:22 스크랩 조회 66 추천 0 댓글 0,0,66,2022.04.23 11:35:22,https://gall.dcinside.com/mgallery/board/view/?id=hshs&no=1624&page=6
6,1623,,비평준화 선배인데 틀딱아니지??,- dc official App,ㅇㅇ (211.109) 2022.04.23 07:39:35 스크랩 조회 133 추천 1 댓글 1,1,133,2022.04.23 07:39:35,https://gall.dcinside.com/mgallery/board/view/?id=hshs&no=1623&page=6
6,1622,,지금 3학년 담임 라인업 어떠냐?,ㅈㄱㄴ,ㅇㅇ (223.39) 2022.04.23 00:13:50 스크랩 조회 238 추천 0 댓글 1,0,238,2022.04.23 00:13:50,https://gall.dcinside.com/mgallery/board/view/?id=hshs&no=1622&page=6
6,1621,,1일1학갤운동,중간고사가 얼마 안남아서 남부도서관에왔다 국어와 한국사를 할 예정이다 한국사는 분명 중3때 했던거라 쉬울줄 알았는데 1년에 걸쳐 배운것을 2개월만에 외우라하니 좀 충격이었다 역시 고등학교는 어려운것 같다 - dc official App,디시콘쓴다 2022.04.22 16:13:52 스크랩 조회 55 추천 3 댓글 0,3,55,2022.04.22 16:13:52,https://gall.dcinside.com/mgallery/board/view/?id=hshs&no=1621&page=6
6,1620,,모고 점수 달달하다,국수탐 누벡 0.4% 달달하누,ㅇㅇ (118.35) 2022.04.21 00:53:31 스크랩 조회 149 추천 0 댓글 1,0,149,2022.04.21 00:53:31,https://gall.dcinside.com/mgallery/board/view/?id=hshs&no=1620&page=6
6,1619,,1일 1학갤 운동,오늘 급식 그저그랬다. 급식에 대한 기대는 다 사라졌다. 무료급식인데 그냥 주는거 받아먹자. - dc official App,노베 2022.04.20 18:04:17 스크랩 조회 80 추천 2 댓글 1,2,80,2022.04.20 18:04:17,https://gall.dcinside.com/mgallery/board/view/?id=hshs&no=1619&page=6
6,1618,,1일1학갤,오늘 동아리했는데 자습하라해서 한국사공부했다 역사는 재밌다 - dc official App,디시콘쓴다 2022.04.20 15:31:47 스크랩 조회 71 추천 3 댓글 2,3,71,2022.04.20 15:31:47,https://gall.dcinside.com/mgallery/board/view/?id=hshs&no=1618&page=6
6,1617,,학성고 53회 갤은 뭐냐 ㅋㅋ,2학년인가 - dc official App,ㅇㅇ (118.235) 2022.04.19 21:09:15 스크랩 조회 125 추천 0 댓글 0,0,125,2022.04.19 21:09:15,https://gall.dcinside.com/mgallery/board/view/?id=hshs&no=1617&page=6
6,1616,,학갤 생기가없노,대명문의  클라스가있지.. - dc official App,디시콘쓴다 2022.04.19 20:09:55 스크랩 조회 53 추천 0 댓글 0,0,53,2022.04.19 20:09:55,https://gall.dcinside.com/mgallery/board/view/?id=hshs&no=1616&page=6
6,1615,,정보시간에하는 학고갤,ㅋㅋ,ㅇㅇ (14.43) 2022.04.19 13:33:16 스크랩 조회 64 추천 0 댓글 0,0,64,2022.04.19 13:33:16,https://gall.dcinside.com/mgallery/board/view/?id=hshs&no=1615&page=6
6,1614,,학갤부흥운동해야함,이딴게 '명문'? - dc official App,디시콘쓴다 2022.04.16 19:23:28 스크랩 조회 91 추천 1 댓글 2,1,91,2022.04.16 19:23:28,https://gall.dcinside.com/mgallery/board/view/?id=hshs&no=1614&page=6
6,1613,,나좀 재능있는듯,학고는 나라는 존재를 감당하기엔 너무  좁다 - dc official App,디시콘쓴다 2022.04.15 19:00:16 스크랩 조회 87 추천 1 댓글 1,1,87,2022.04.15 19:00:16,https://gall.dcinside.com/mgallery/board/view/?id=hshs&no=1613&page=6
7,1612,,후우꾸꾸우후오오후우꾸꾸우후오오후우꾸꾸우후오오후우꾸꾸우후오오후우꾸꾸우후오오,후우꾸꾸우후오오후우꾸꾸우후오오후우꾸꾸우후오오후우꾸꾸우후오오후우꾸꾸우후오오후우꾸꾸우후오오후우꾸꾸우후오오후우꾸꾸우후오오후우꾸꾸우후오오후우꾸꾸우후오오후우꾸꾸우후오오후우꾸꾸우후오오후우꾸꾸우후오오후우꾸꾸우후오오후우꾸꾸우후오오후우꾸꾸우후오오후우꾸꾸우후오오후우꾸꾸우후오오후우꾸꾸우후오오후우꾸꾸우후오오후우꾸꾸우후오오후우꾸꾸우후오오후우꾸꾸우후오오후우꾸꾸우후오오후우꾸꾸우후,ㅇㅇ (223.39) 2022.04.15 13:39:18 스크랩 조회 71 추천 0 댓글 0,0,71,2022.04.15 13:39:18,https://gall.dcinside.com/mgallery/board/view/?id=hshs&no=1612&page=7
7,1611,,급식 진짜 못 먹겠다,오늘 너무 심각하네 비건스테이크 샐러드파스타 걍ㅋㅋ 한 입 이라도 먹어보고 우리한테 주는건가? 오늘 밥이랑 김치 옥수수스프만 먹고 다 버렸으면 개추 - dc official App,ㅇㅇ (115.95) 2022.04.11 16:54:23 스크랩 조회 97 추천 1 댓글 0,1,97,2022.04.11 16:54:23,https://gall.dcinside.com/mgallery/board/view/?id=hshs&no=1611&page=7
7,1610,,안녕,ㅎㅇ,ㅇㅇ (14.43) 2022.04.11 12:33:09 스크랩 조회 61 추천 0 댓글 0,0,61,2022.04.11 12:33:09,https://gall.dcinside.com/mgallery/board/view/?id=hshs&no=1610&page=7
7,1609,,학고 고2 왤케 허벌임?,ㅇㅇ - dc official App,ㅇㅇ (14.43) 2022.04.06 16:02:55 스크랩 조회 201 추천 0 댓글 0,0,201,2022.04.06 16:02:55,https://gall.dcinside.com/mgallery/board/view/?id=hshs&no=1609&page=7
7,1608,,주딱내놔라,이번1학년이다 - dc official App,디시콘쓴다 2022.04.06 14:49:39 스크랩 조회 74 추천 0 댓글 0,0,74,2022.04.06 14:49:39,https://gall.dcinside.com/mgallery/board/view/?id=hshs&no=1608&page=7
7,1607,,탈갤함,아무도 갤짓 안 하는거 같아서 나중에 활동 많이 하면 돌아옴,노베 (115.95) 2022.03.25 16:32:39 스크랩 조회 104 추천 0 댓글 0,0,104,2022.03.25 16:32:39,https://gall.dcinside.com/mgallery/board/view/?id=hshs&no=1607&page=7
7,1601,,ㅎㅇ,오늘 입학한 신입생임ㅋ,ㅇㅇ (14.43) 2022.03.02 09:00:37 스크랩 조회 106 추천 2 댓글 1,2,106,2022.03.02 09:00:37,https://gall.dcinside.com/mgallery/board/view/?id=hshs&no=1601&page=7
7,1600,,벌써 학성고가 그립네,졸업한지 몇주 안지났는데 벌써 학성고가 그립네,문과 학붕이 (119.67) 2022.02.20 17:37:40 스크랩 조회 228 추천 0 댓글 2,0,228,2022.02.20 17:37:40,https://gall.dcinside.com/mgallery/board/view/?id=hshs&no=1600&page=7
7,1598,,전) 학고대장 박명진이다,졸업했으니 학고를 잘부탁한다 게이들아,ㅇㅇ (211.220) 2022.02.15 03:09:11 스크랩 조회 189 추천 0 댓글 0,0,189,2022.02.15 03:09:11,https://gall.dcinside.com/mgallery/board/view/?id=hshs&no=1598&page=7
7,1594,,앙 1학년 마지막날 학교 컴실에서 디씨 조져버리기,달달하구연,ㅋㅋㅋ (14.43) 2022.01.04 08:42:09 스크랩 조회 239 추천 1 댓글 3,1,239,2022.01.04 08:42:09,https://gall.dcinside.com/mgallery/board/view/?id=hshs&no=1594&page=7
7,1593,,학성중에서 왔습니노,반갑노 게이야,소나기 (14.43) 2022.01.03 11:20:31 스크랩 조회 196 추천 1 댓글 1,1,196,2022.01.03 11:20:31,https://gall.dcinside.com/mgallery/board/view/?id=hshs&no=1593&page=7
7,1592,,전교회장 누가됨,?,ㅇㅇ (14.43) 2021.12.31 11:59:38 스크랩 조회 322 추천 1 댓글 2,1,322,2021.12.31 11:59:38,https://gall.dcinside.com/mgallery/board/view/?id=hshs&no=1592&page=7
7,1591,,아 내신 시발,1.7 개빡치누 얼마나 열심히 했는데,학고1 (118.35) 2021.12.30 21:17:04 스크랩 조회 216 추천 0 댓글 1,0,216,2021.12.30 21:17:04,https://gall.dcinside.com/mgallery/board/view/?id=hshs&no=1591&page=7
7,1590,,주딱,몇학년?? - dc official App,ㅇㅇ (220.84) 2021.12.29 22:11:15 스크랩 조회 131 추천 0 댓글 2,0,131,2021.12.29 22:11:15,https://gall.dcinside.com/mgallery/board/view/?id=hshs&no=1590&page=7
7,1586,,학중에서 왔다 야짤 뿌린다,이걸 들어오네 꼴통새끼들 ㅋㅋ - dc official App,ㅇㅇ (14.43) 2021.12.28 12:51:16 스크랩 조회 470 추천 3 댓글 1,3,470,2021.12.28 12:51:16,https://gall.dcinside.com/mgallery/board/view/?id=hshs&no=1586&page=7
7,1585,,망갤수준,ㅉㅉ,ㅇㅇ (14.43) 2021.12.28 11:43:54 스크랩 조회 87 추천 0 댓글 2,0,87,2021.12.28 11:43:54,https://gall.dcinside.com/mgallery/board/view/?id=hshs&no=1585&page=7
7,1582,,이시발 ㅇㅈㅎ,앙섹스,ㅇㅇ (118.35) 2021.12.23 17:58:12 스크랩 조회 154 추천 0 댓글 1,0,154,2021.12.23 17:58:12,https://gall.dcinside.com/mgallery/board/view/?id=hshs&no=1582&page=7
7,1581,,기말 조져서 정시 갈 거면 개추 ㅋㅋㅋㅋ,2.5등급 밑으로는 다 정시가라 - dc official App,ㅇㅇ (203.226) 2021.12.23 14:03:15 스크랩 조회 182 추천 2 댓글 2,2,182,2021.12.23 14:03:15,https://gall.dcinside.com/mgallery/board/view/?id=hshs&no=1581&page=7
7,1580,,ㅇㅇ,ㅇㅇ,ㅇㅇ (14.43) 2021.12.23 09:56:15 스크랩 조회 60 추천 0 댓글 1,0,60,2021.12.23 09:56:15,https://gall.dcinside.com/mgallery/board/view/?id=hshs&no=1580&page=7
7,1579,,그래서 저격글,누가쓴거임?,ㅇㅇ (124.216) 2021.12.18 02:37:00 스크랩 조회 184 추천 0 댓글 1,0,184,2021.12.18 02:37:00,https://gall.dcinside.com/mgallery/board/view/?id=hshs&no=1579&page=7
7,1575,,223.39 저거 저격당한 쌤이냐?,ㅈㄱㄴ,ㅇㅇ (123.213) 2021.12.16 21:27:12 스크랩 조회 371 추천 0 댓글 3,0,371,2021.12.16 21:27:12,https://gall.dcinside.com/mgallery/board/view/?id=hshs&no=1575&page=7
7,1570,,스파이 : the man,네드는 마법사되고 mj는 스파이더맨과 키스하고 헤어짐,rexter (122.32) 2021.12.16 18:43:29 스크랩 조회 151 추천 0 댓글 0,0,151,2021.12.16 18:43:29,https://gall.dcinside.com/mgallery/board/view/?id=hshs&no=1570&page=7
7,1568,,정시러들의 반란,내년에 수시러들 1~2명 빼고 전부 망하고 정시러들만 살아남을 거임 ㅅㄱ,첵스 (14.43) 2021.12.16 13:28:24 스크랩 조회 179 추천 0 댓글 0,0,179,2021.12.16 13:28:24,https://gall.dcinside.com/mgallery/board/view/?id=hshs&no=1568&page=7
7,1567,,학생들...,안녕하세요 .... 학성고 학생 여러분.... 여기 미술관인가.. 갤러리인가 ;; 요즘 하는 학생들이 점점 늘어나는거 같은데요 ... 여기서 선생님들을 비방하면 큰일이 날수가 있어요.... 우리 명문 학성고등학교 학생들은 안 그럴꺼라 믿음니다.... ^^ 다들 시험 준비 잘 하시길 바랍니다... ^^,ㅇㅇ (223.39) 2021.12.16 12:29:50 스크랩 조회 786 추천 22 댓글 2,22,786,2021.12.16 12:29:50,https://gall.dcinside.com/mgallery/board/view/?id=hshs&no=1567&page=7
7,1566,,내가 내년 모의고사 전부 1등 먹을거니까 기대하삼,캬캬,첵스 (14.43) 2021.12.16 12:14:03 스크랩 조회 198 추천 0 댓글 1,0,198,2021.12.16 12:14:03,https://gall.dcinside.com/mgallery/board/view/?id=hshs&no=1566&page=7
7,1565,,2반 허경영님의,한박자 반 빠른 '카운팅스타' 다시 듣고 싶어요ㅜㅜ,허경영열혈팬 (14.43) 2021.12.16 09:26:05 스크랩 조회 188 추천 0 댓글 1,0,188,2021.12.16 09:26:05,https://gall.dcinside.com/mgallery/board/view/?id=hshs&no=1565&page=7
7,1564,,본인이 지금 존나게 똥줄 타는 ㅇㅇ(45.66)이면 개추ㅋㅋㅋㅋㅋ,ㅋ,ㅇㅇ (112.218) 2021.12.15 21:09:42 스크랩 조회 419 추천 6 댓글 0,6,419,2021.12.15 21:09:42,https://gall.dcinside.com/mgallery/board/view/?id=hshs&no=1564&page=7
7,1563,,갤볼 시간에 공부나 쳐하자,ㅇㅇ - dc official App,ㅇㅇ (223.62) 2021.12.15 16:50:50 스크랩 조회 109 추천 0 댓글 0,0,109,2021.12.15 16:50:50,https://gall.dcinside.com/mgallery/board/view/?id=hshs&no=1563&page=7
7,1562,,물지가 답이다,화생하는 ㅄ 여기 없지?,허경영 (14.43) 2021.12.15 11:08:06 스크랩 조회 155 추천 0 댓글 0,0,155,2021.12.15 11:08:06,https://gall.dcinside.com/mgallery/board/view/?id=hshs&no=1562&page=7
7,1561,,수학 선생 배ㅅㅎ 좆같으면 개추 ㅋㅋ,씨발아 니가 뭔데 정시공부를 못하게 하냐고,ㅇㅇ (45.66) 2021.12.11 17:15:58 스크랩 조회 1770 추천 29 댓글 10,29,1770,2021.12.11 17:15:58,https://gall.dcinside.com/mgallery/board/view/?id=hshs&no=1561&page=7
7,1560,,ㅅㅂ,ㅅㅂ,ㅇㅇ (14.43) 2021.12.10 11:55:11 스크랩 조회 97 추천 0 댓글 0,0,97,2021.12.10 11:55:11,https://gall.dcinside.com/mgallery/board/view/?id=hshs&no=1560&page=7
7,1556,,이 병신학교 갤러리도 있었네,졸업 후 몇년뒤면 다 군지하겠노 ㅋㅋㅋㅋㅋ - dc official App,ㅇㅇ (112.155) 2021.12.03 06:15:38 스크랩 조회 213 추천 0 댓글 0,0,213,2021.12.03 06:15:38,https://gall.dcinside.com/mgallery/board/view/?id=hshs&no=1556&page=7
7,1555,,문과 학붕이 돌아왔다,수능치고 돌아왔다 수능치고 엄청 게을러졌다 벌써 수능친게 일주일 전이네 - dc official App,문과 학붕이 (119.67) 2021.11.25 14:14:53 스크랩 조회 138 추천 1 댓글 1,1,138,2021.11.25 14:14:53,https://gall.dcinside.com/mgallery/board/view/?id=hshs&no=1555&page=7
7,1554,,수능이 끝나서 갤이 조용한 것,놀아야하는데 학고갤할 시간이 어딨음 ㅋㅋ,북진결사대 2021.11.21 17:02:51 스크랩 조회 169 추천 0 댓글 1,0,169,2021.11.21 17:02:51,https://gall.dcinside.com/mgallery/board/view/?id=hshs&no=1554&page=7
7,1553,,아니 왜 나밖에 글 안 쓰는데 아무나 댓글로 생존 신고 좀,여기 아무도 없어요?,ㅇㅇ (118.35) 2021.11.20 01:21:47 스크랩 조회 123 추천 3 댓글 2,3,123,2021.11.20 01:21:47,https://gall.dcinside.com/mgallery/board/view/?id=hshs&no=1553&page=7
7,1552,,모두들 수고많이하셨습니다,"좋은 결과가 있든, 좋지 않은 결과가 있든 대학이 인생의 전부는 아닙니다! 성적이 좋게 나오셨으면 남은 시간 맘껏 즐기시고 비록 원하지 않는 성적이 나오셨다하더라도 너무 우울해있지 말고 힘내서 다음을 기약해보셨으면 좋겠습니다 수능 치시느라 모두들 고생 많이 하셨습니다 익명의 학고 1학년 올림 삼수하셔서 2년 후에 저와 함께 수능장에서 뵙지 않았으면 좋겠네요 꼭 다들 원하는 대학 붙으시길!",학고1 (118.35) 2021.11.19 00:27:00 스크랩 조회 89 추천 0 댓글 0,0,89,2021.11.19 00:27:00,https://gall.dcinside.com/mgallery/board/view/?id=hshs&no=1552&page=7
7,1551,,공부하십쇼,고3 형님들 수능 하루 남았는데 갤질 하지 마시고 하루라도 좀 개빡세게 공부하십쇼,공부해라 (118.35) 2021.11.17 15:51:38 스크랩 조회 67 추천 0 댓글 0,0,67,2021.11.17 15:51:38,https://gall.dcinside.com/mgallery/board/view/?id=hshs&no=1551&page=7
7,1550,,오늘부터 한국사공부 시작한다,한국사 내신 6등급인데 지금부터 공부해서 수능 1~3등급 가능?,ㅇㅇ (223.39) 2021.11.17 09:49:10 스크랩 조회 118 추천 1 댓글 1,1,118,2021.11.17 09:49:10,https://gall.dcinside.com/mgallery/board/view/?id=hshs&no=1550&page=7
7,1549,,킹재성 골...gif,대 재 성,ㅇㅇ (223.39) 2021.11.17 00:57:15 스크랩 조회 131 추천 0 댓글 0,0,131,2021.11.17 00:57:15,https://gall.dcinside.com/mgallery/board/view/?id=hshs&no=1549&page=7
7,1548,,안녕하십니까,학고 1학년인데 학고갤 있는 거 보고 한 번 구경 차 와봤습니다,ㅇㅇㅇㅇㅇ (118.35) 2021.11.15 09:40:07 스크랩 조회 73 추천 0 댓글 0,0,73,2021.11.15 09:40:07,https://gall.dcinside.com/mgallery/board/view/?id=hshs&no=1548&page=7
7,1547,,수능,수능 최저 3합 13인데 수학 포함시 이론상 3합 14라서 계속 노네 ㅋㅋ 너무 쉽다 쉬워,ㅇㅇ (118.47) 2021.11.14 22:21:09 스크랩 조회 69 추천 0 댓글 0,0,69,2021.11.14 22:21:09,https://gall.dcinside.com/mgallery/board/view/?id=hshs&no=1547&page=7
7,1546,,D-5,수능 오일남 았다 - dc official App,ㅇㅇ (1.253) 2021.11.14 08:33:44 스크랩 조회 45 추천 0 댓글 0,0,45,2021.11.14 08:33:44,https://gall.dcinside.com/mgallery/board/view/?id=hshs&no=1546&page=7
7,1545,,수능 6일남았는데 디시보고 뭐하냐,화이팅해,ㅇㅇ (122.32) 2021.11.14 02:38:33 스크랩 조회 65 추천 0 댓글 0,0,65,2021.11.14 02:38:33,https://gall.dcinside.com/mgallery/board/view/?id=hshs&no=1545&page=7
7,1544,,수능,나 빼고 다 망했으면 좋겠는 사람 개추 ㅇㄷㄴㅂㅌ - dc official App,ㅇㅇ (14.43) 2021.11.09 08:03:18 스크랩 조회 56 추천 0 댓글 0,0,56,2021.11.09 08:03:18,https://gall.dcinside.com/mgallery/board/view/?id=hshs&no=1544&page=7
7,1543,,백신 맞고 쉬는거,보통 백신 맞고 담날 쉬고 학교 다시 가던데 담날 쉬고 담날 또 쉬는넘들은 없냐?,ㅇㅇ (1.253) 2021.10.28 17:35:28 스크랩 조회 129 추천 0 댓글 3,0,129,2021.10.28 17:35:28,https://gall.dcinside.com/mgallery/board/view/?id=hshs&no=1543&page=7
7,1542,,노옥희온다고 ㅈㄹ이노,누가 옥희나와 해뵌,ㅇㅇ (223.33) 2021.10.28 07:55:44 스크랩 조회 178 추천 0 댓글 0,0,178,2021.10.28 07:55:44,https://gall.dcinside.com/mgallery/board/view/?id=hshs&no=1542&page=7
7,1541,,울산고 갤러리에서 왔습니다,인사 드리겠습니다 - dc official App,ㅇㅇ (104.149) 2021.10.26 22:06:00 스크랩 조회 320 추천 1 댓글 0,1,320,2021.10.26 22:06:00,https://gall.dcinside.com/mgallery/board/view/?id=hshs&no=1541&page=7
7,1540,,백신맞고 학교 쉬는 학붕이면 개추 ㅋㅋ,일단 나부터 ㅋㅋ - dc official App,ㅇㅇ (1.227) 2021.10.26 10:53:09 스크랩 조회 99 추천 3 댓글 1,3,99,2021.10.26 10:53:09,https://gall.dcinside.com/mgallery/board/view/?id=hshs&no=1540&page=7
7,1539,,벌써 수능응원 현수막 달았노,하ㅅㅂ진짜,ㅇㅇ (14.43) 2021.10.26 08:16:58 스크랩 조회 78 추천 0 댓글 0,0,78,2021.10.26 08:16:58,https://gall.dcinside.com/mgallery/board/view/?id=hshs&no=1539&page=7
7,1538,,D.P. 보다가 울었다,그 씹덕 오타쿠 맨 마지막 화에 자살해서 죽거든,ㅇㅇ (1.215) 2021.10.25 23:12:24 스크랩 조회 105 추천 0 댓글 0,0,105,2021.10.25 23:12:24,https://gall.dcinside.com/mgallery/board/view/?id=hshs&no=1538&page=7
8,1537,,오징어게임..,할배가 개임 주최자임 ㅅㄱ,ㅇㅇ (1.215) 2021.10.25 23:11:12 스크랩 조회 47 추천 0 댓글 0,0,47,2021.10.25 23:11:12,https://gall.dcinside.com/mgallery/board/view/?id=hshs&no=1537&page=8
8,1536,,인생,예비 죄수생들 하이,ㅇㅇ (1.215) 2021.10.25 23:10:38 스크랩 조회 65 추천 0 댓글 0,0,65,2021.10.25 23:10:38,https://gall.dcinside.com/mgallery/board/view/?id=hshs&no=1536&page=8
8,1534,,이젠 망했으면 개추도 안올라오노,ㅈ망햇내,ㅇㅇ (223.39) 2021.10.20 08:10:21 스크랩 조회 60 추천 0 댓글 0,0,60,2021.10.20 08:10:21,https://gall.dcinside.com/mgallery/board/view/?id=hshs&no=1534&page=8
8,1532,,ㅇㅇ,ㅇㅇ,ㅇㅇ (14.43) 2021.10.07 08:07:07 스크랩 조회 54 추천 0 댓글 0,0,54,2021.10.07 08:07:07,https://gall.dcinside.com/mgallery/board/view/?id=hshs&no=1532&page=8
8,1531,,45일의 기적 ㄱㄴ?,치타는 웃고있다.,ㅇㅇ (218.154) 2021.10.04 04:27:35 스크랩 조회 198 추천 0 댓글 1,0,198,2021.10.04 04:27:35,https://gall.dcinside.com/mgallery/board/view/?id=hshs&no=1531&page=8
8,1530,,이게 명문이지,딴학교 다 학교가는데 나만안간다? 기분딱좋노,ㅇㅇ (58.228) 2021.10.01 16:23:21 스크랩 조회 181 추천 0 댓글 0,0,181,2021.10.01 16:23:21,https://gall.dcinside.com/mgallery/board/view/?id=hshs&no=1530&page=8
8,1529,,예아,학성고등학교 마이너 갤러리는 파주 한빛고등학교 미니갤러리의 식민지임을 공식 선포합니다. 반박시 울산 폭파,Pride127 2021.09.25 23:36:06 스크랩 조회 158 추천 0 댓글 3,0,158,2021.09.25 23:36:06,https://gall.dcinside.com/mgallery/board/view/?id=hshs&no=1529&page=8
8,1528,,3천명떳는데 학교가냐?,ㅈㄱㄴ,ㅇㅇ (58.228) 2021.09.25 17:14:25 스크랩 조회 63 추천 0 댓글 0,0,63,2021.09.25 17:14:25,https://gall.dcinside.com/mgallery/board/view/?id=hshs&no=1528&page=8
8,1527,,씨발 머현고는 왜 확진이 안뜨노,나도 등교대기 할래 씨발,ㅇㅇ (14.43) 2021.09.24 13:21:13 스크랩 조회 104 추천 0 댓글 0,0,104,2021.09.24 13:21:13,https://gall.dcinside.com/mgallery/board/view/?id=hshs&no=1527&page=8
8,1526,,3학년 졸업전에,얼공ㄱ?,ㅇㅇ (223.33) 2021.09.19 00:30:09 스크랩 조회 126 추천 1 댓글 1,1,126,2021.09.19 00:30:09,https://gall.dcinside.com/mgallery/board/view/?id=hshs&no=1526&page=8
8,1525,,병신,병신,ㅇㅇ (58.228) 2021.09.18 21:27:38 스크랩 조회 62 추천 0 댓글 0,0,62,2021.09.18 21:27:38,https://gall.dcinside.com/mgallery/board/view/?id=hshs&no=1525&page=8
8,1524,,추석잘보내라,수능두달남았다 시발,ㅇㅇ (223.39) 2021.09.18 18:58:38 스크랩 조회 57 추천 0 댓글 0,0,57,2021.09.18 18:58:38,https://gall.dcinside.com/mgallery/board/view/?id=hshs&no=1524&page=8
8,1522,,오늘은 뭔일 안터지노?,신이시여.....,ㅇㅇ (223.39) 2021.09.08 08:24:51 스크랩 조회 135 추천 0 댓글 1,0,135,2021.09.08 08:24:51,https://gall.dcinside.com/mgallery/board/view/?id=hshs&no=1522&page=8
8,1521,,싱글벙글 신정고 졸업앨범 떴다....jpg,예아~,ㅇㅇ (218.154) 2021.09.07 00:00:13 스크랩 조회 1579 추천 22 댓글 1,22,1579,2021.09.07 00:00:13,https://gall.dcinside.com/mgallery/board/view/?id=hshs&no=1521&page=8
8,1520,,윈터스쿨,잇올 신청한 게이 있냐?,ㅇㅇ (1.253) 2021.09.06 22:58:31 스크랩 조회 143 추천 0 댓글 1,0,143,2021.09.06 22:58:31,https://gall.dcinside.com/mgallery/board/view/?id=hshs&no=1520&page=8
8,1519,,*** 집중을 위한 빗소리 + 뇌파소리 (바이노럴비트),https://youtu.be/oFPiKwt3A10 - dc official App,Jamjali (66.30) 2021.09.06 10:48:22 스크랩 조회 69 추천 0 댓글 0,0,69,2021.09.06 10:48:22,https://gall.dcinside.com/mgallery/board/view/?id=hshs&no=1519&page=8
8,1518,,검사대상 아닌 4층은 개추 ㅋㅋ,ㅋㅋㅋㅋㅋㅋㅋㅋㅋㅋㅋㅋ,ㅇㅇ (121.146) 2021.09.06 10:40:40 스크랩 조회 322 추천 7 댓글 1,7,322,2021.09.06 10:40:40,https://gall.dcinside.com/mgallery/board/view/?id=hshs&no=1518&page=8
8,1517,,울학교 레전드네,확진자 떴으면 등교중지지 뭔 등교대기야 ㅅㅂ - dc official App,ㅇㅇ (114.200) 2021.09.06 07:48:38 스크랩 조회 189 추천 1 댓글 0,1,189,2021.09.06 07:48:38,https://gall.dcinside.com/mgallery/board/view/?id=hshs&no=1517&page=8
8,1516,,신정고가 이갤 먹어도 되지?,나는 졸업생쟝이야,ㅇㅇ (223.39) 2021.09.03 19:31:44 스크랩 조회 232 추천 0 댓글 2,0,232,2021.09.03 19:31:44,https://gall.dcinside.com/mgallery/board/view/?id=hshs&no=1516&page=8
8,1515,,9평보고 수시각떴으면 개추박아라,나부터,ㅇㅇ (58.228) 2021.09.01 22:00:47 스크랩 조회 304 추천 5 댓글 1,5,304,2021.09.01 22:00:47,https://gall.dcinside.com/mgallery/board/view/?id=hshs&no=1515&page=8
8,1514,,9모조이고,gay joygo,ㅇㅇ (14.43) 2021.08.31 13:15:01 스크랩 조회 80 추천 0 댓글 0,0,80,2021.08.31 13:15:01,https://gall.dcinside.com/mgallery/board/view/?id=hshs&no=1514&page=8
8,1504,,정전갤입갤,병신들ㅋㅋ,ㅇㅇ (223.39) 2021.08.27 08:22:08 스크랩 조회 49 추천 0 댓글 0,0,49,2021.08.27 08:22:08,https://gall.dcinside.com/mgallery/board/view/?id=hshs&no=1504&page=8
8,1503,,울산 학교 ip는 다 14.43임?,ㅈㄱㄴ,ㅇㅇ (58.228) 2021.08.21 11:36:45 스크랩 조회 186 추천 0 댓글 0,0,186,2021.08.21 11:36:45,https://gall.dcinside.com/mgallery/board/view/?id=hshs&no=1503&page=8
8,1502,,대현고에서 왔습니다,홈플공고 도서실에서 인사 올립니노,ㅇㅇ (14.43) 2021.08.20 13:23:23 스크랩 조회 166 추천 2 댓글 0,2,166,2021.08.20 13:23:23,https://gall.dcinside.com/mgallery/board/view/?id=hshs&no=1502&page=8
8,1500,,ㅂㅅ갤,ㅂㅅ,ㅇㅇ (210.181) 2021.08.14 20:51:19 스크랩 조회 80 추천 0 댓글 0,0,80,2021.08.14 20:51:19,https://gall.dcinside.com/mgallery/board/view/?id=hshs&no=1500&page=8
8,1498,,와이파이가 같아서 개추도 못누르노,ㅋㅋㅋ,ㅇㅇ (14.43) 2021.08.09 10:35:57 스크랩 조회 92 추천 4 댓글 0,4,92,2021.08.09 10:35:57,https://gall.dcinside.com/mgallery/board/view/?id=hshs&no=1498&page=8
8,1497,,병신갤,방학이라고 공부랑 게임만하지말고 글도 싸라,ㅇㅇ (14.43) 2021.08.09 10:34:28 스크랩 조회 114 추천 3 댓글 0,3,114,2021.08.09 10:34:28,https://gall.dcinside.com/mgallery/board/view/?id=hshs&no=1497&page=8
8,1496,,"자신이 학교와서 자습하는 ""모범생""이면 개추 ㅋㅋ",일단 나부터,ㅇㅇ (14.43) 2021.08.09 10:30:52 스크랩 조회 377 추천 8 댓글 1,8,377,2021.08.09 10:30:52,https://gall.dcinside.com/mgallery/board/view/?id=hshs&no=1496&page=8
8,1495,,개소름돋는사실,3학년 2반에 어떤미친놈이 노트에 쌤들 욕 존나적고 차마 글로쓸수도없는것들도 노트에썻단다 ㄷㄷ,ㅇㅇ (122.34) 2021.08.06 01:46:34 스크랩 조회 210 추천 1 댓글 4,1,210,2021.08.06 01:46:34,https://gall.dcinside.com/mgallery/board/view/?id=hshs&no=1495&page=8
8,1494,,학고 대장박명진인데 글쓰지마라,알겠제 - dc official App,ㅇㅇ (121.176) 2021.08.06 01:46:19 스크랩 조회 275 추천 2 댓글 8,2,275,2021.08.06 01:46:19,https://gall.dcinside.com/mgallery/board/view/?id=hshs&no=1494&page=8
8,1493,,Don't read my post,Don't click this link https://youtube.com/channel/UCFod3BWeZwhg2W1kBi15-pA,ㅇㅇ (14.43) 2021.07.30 10:38:21 스크랩 조회 96 추천 0 댓글 0,0,96,2021.07.30 10:38:21,https://gall.dcinside.com/mgallery/board/view/?id=hshs&no=1493&page=8
8,1491,,제목,내용,ㅇㅇ (14.43) 2021.07.26 10:26:08 스크랩 조회 58 추천 0 댓글 0,0,58,2021.07.26 10:26:08,https://gall.dcinside.com/mgallery/board/view/?id=hshs&no=1491&page=8
8,1485,,방학이라고 글 리젠이안되노,ㅈ망갤,ㅇㅇ (211.63) 2021.07.22 19:35:11 스크랩 조회 96 추천 0 댓글 1,0,96,2021.07.22 19:35:11,https://gall.dcinside.com/mgallery/board/view/?id=hshs&no=1485&page=8
8,1481,,밑글 제목 존나웃기네,ㅋㅋ,ㅇㅇ (223.39) 2021.07.15 08:21:54 스크랩 조회 101 추천 0 댓글 1,0,101,2021.07.15 08:21:54,https://gall.dcinside.com/mgallery/board/view/?id=hshs&no=1481&page=8
8,1480,,ㅇㅎ)ㅗㅜㅑ.......대학교.......수학과........ㅍㅇㅈㄹ,ㅇㅇ,ㅇㅇ (211.63) 2021.07.15 01:33:21 스크랩 조회 805 추천 7 댓글 1,7,805,2021.07.15 01:33:21,https://gall.dcinside.com/mgallery/board/view/?id=hshs&no=1480&page=8
8,1478,,2인치 플라스틱 포화를 퍼붓는,가스건 ..?,북진결사대 2021.07.11 14:34:04 스크랩 조회 121 추천 0 댓글 0,0,121,2021.07.11 14:34:04,https://gall.dcinside.com/mgallery/board/view/?id=hshs&no=1478&page=8
8,1477,,야발,수능사진이랑 원서사진 찍는다고 미용실에서 30분을 기다리고 앉아있네 ㅎㅏ...,ㅇㅇ (223.39) 2021.07.11 14:02:02 스크랩 조회 93 추천 1 댓글 1,1,93,2021.07.11 14:02:02,https://gall.dcinside.com/mgallery/board/view/?id=hshs&no=1477&page=8
8,1475,,ㅈ같다,장마씨벌,ㅇㅇ (14.43) 2021.07.06 08:18:14 스크랩 조회 71 추천 0 댓글 0,0,71,2021.07.06 08:18:14,https://gall.dcinside.com/mgallery/board/view/?id=hshs&no=1475&page=8
8,1474,,학고갤 ㅈ망한거보소,"1년전 라떼는 30분에 글 하나씩 올라오고 그랬는데,,,응 ㅉㅉㅉ",ㅇㅇ (219.241) 2021.07.06 05:40:56 스크랩 조회 135 추천 1 댓글 0,1,135,2021.07.06 05:40:56,https://gall.dcinside.com/mgallery/board/view/?id=hshs&no=1474&page=8
8,1472,,미드 훌륭하고 하체 육덕진 과외쌤한테 화생 과외 받으실 학붕이?,47회 졸업생 누나야~^^,ㅇㅇ (223.39) 2021.06.22 22:30:28 스크랩 조회 349 추천 1 댓글 4,1,349,2021.06.22 22:30:28,https://gall.dcinside.com/mgallery/board/view/?id=hshs&no=1472&page=8
8,1471,,얘들아 신정고 정시파이터들 학교 안간다던데 ㄹㅇ이냐?,코로나 감염 걱정되면 뭐 학교 안올수 있어서 지금 신정고 정시파이터들 학교 안오고 집에서 정시 공부 한다는게 진짜냐? 이게 체험학습 내고 안가는거인지는 모르겠는데 안가는데 예를들어 2주정도 해서 제한 기간이 있으면 몰라 만약에 계속 쭉 안가면 우리 학교 정시파이터들은 되게 억울한거 아냐? 바로 옆에 있는 학교인데 누구는 되고 누구는 안되면 억울할거같은데 ㅋㅋㅋ 우리학교에도 정시생 많은걸로 알고 있는데 우리 학교는 그런거 못하냐? 이거 우리 학교도 되는지 아는 학붕이 있냐??,ㅇㅇ (203.226) 2021.06.18 16:08:51 스크랩 조회 422 추천 0 댓글 3,0,422,2021.06.18 16:08:51,https://gall.dcinside.com/mgallery/board/view/?id=hshs&no=1471&page=8
8,1470,,보지,노무현,ㅇㅇ (58.228) 2021.06.16 23:54:16 스크랩 조회 618 추천 5 댓글 4,5,618,2021.06.16 23:54:16,https://gall.dcinside.com/mgallery/board/view/?id=hshs&no=1470&page=8
8,1468,,3학년때 동아리를 안했는데,어케 적노,ㅇㅇ (223.39) 2021.06.15 00:27:57 스크랩 조회 122 추천 0 댓글 0,0,122,2021.06.15 00:27:57,https://gall.dcinside.com/mgallery/board/view/?id=hshs&no=1468&page=8
8,1467,,3학년 게이들 필독,오늘 1~4교시에 출결로 뭐 제출해야돼? 아는사람 있냐?,ㅇㅇ (223.39) 2021.06.14 15:22:57 스크랩 조회 144 추천 0 댓글 0,0,144,2021.06.14 15:22:57,https://gall.dcinside.com/mgallery/board/view/?id=hshs&no=1467&page=8
8,1466,,윤소희쌤 아직있냐?,학주 음악선생님,ㅇㅇ (219.249) 2021.06.14 04:09:34 스크랩 조회 322 추천 0 댓글 2,0,322,2021.06.14 04:09:34,https://gall.dcinside.com/mgallery/board/view/?id=hshs&no=1466&page=8
8,1465,,학고 고2 이과 생1,범위 어디까진지 아는 사람,ㅇㅇ (1.226) 2021.06.12 02:40:49 스크랩 조회 122 추천 0 댓글 0,0,122,2021.06.12 02:40:49,https://gall.dcinside.com/mgallery/board/view/?id=hshs&no=1465&page=8
8,1464,,갤왜죽,?,ㅇㅇ (223.33) 2021.06.11 16:53:59 스크랩 조회 80 추천 0 댓글 1,0,80,2021.06.11 16:53:59,https://gall.dcinside.com/mgallery/board/view/?id=hshs&no=1464&page=8
8,1463,,학성고생 일동은 노무현 대통령이 세계 최고 가수임을 인정합니다,예아 - dc official App,ㅇㅇ (223.39) 2021.06.11 16:38:15 스크랩 조회 147 추천 4 댓글 0,4,147,2021.06.11 16:38:15,https://gall.dcinside.com/mgallery/board/view/?id=hshs&no=1463&page=8
8,1460,,6평보고 수시각떴으면 개추,야단 코부터 ㅋㅋ,ㅇㅇ (210.181) 2021.06.05 20:42:09 스크랩 조회 318 추천 7 댓글 0,7,318,2021.06.05 20:42:09,https://gall.dcinside.com/mgallery/board/view/?id=hshs&no=1460&page=8
8,1459,,모고섹스,ㅅㅅ,ㅇㅇ (223.62) 2021.06.02 16:55:02 스크랩 조회 148 추천 0 댓글 0,0,148,2021.06.02 16:55:02,https://gall.dcinside.com/mgallery/board/view/?id=hshs&no=1459&page=8
9,1457,,얼버기,우흥,ㅇㅇ (219.241) 2021.06.02 06:29:47 스크랩 조회 90 추천 0 댓글 0,0,90,2021.06.02 06:29:47,https://gall.dcinside.com/mgallery/board/view/?id=hshs&no=1457&page=9
9,1456,,하아,수행평가 왜시키노,Oo (210.181) 2021.06.01 21:44:40 스크랩 조회 57 추천 0 댓글 0,0,57,2021.06.01 21:44:40,https://gall.dcinside.com/mgallery/board/view/?id=hshs&no=1456&page=9
9,1455,,진심 수행 ㅈ같노,지필로만 내신 가리면 좋겠노,ㅇㅇ (1.226) 2021.05.31 00:30:31 스크랩 조회 135 추천 0 댓글 1,0,135,2021.05.31 00:30:31,https://gall.dcinside.com/mgallery/board/view/?id=hshs&no=1455&page=9
9,1454,,이재성 소속 홀슈타인 킬 승격 PO에서 패배.. 1부 승격 실패,동점골 넣었는데 아쉽다 ㅠㅠ,ㅇㅇ (219.241) 2021.05.30 03:05:49 스크랩 조회 116 추천 1 댓글 0,1,116,2021.05.30 03:05:49,https://gall.dcinside.com/mgallery/board/view/?id=hshs&no=1454&page=9
9,1453,,학교 와이파이특,인벤 못들어감 주식시장 못들어감 디시인사이드 : 가능.,ㅇㅇ (14.43) 2021.05.26 08:07:33 스크랩 조회 168 추천 0 댓글 0,0,168,2021.05.26 08:07:33,https://gall.dcinside.com/mgallery/board/view/?id=hshs&no=1453&page=9
9,1452,,갤 다뒤졌노,ㅇㅇ,ㅇㅇ (14.43) 2021.05.25 08:18:20 스크랩 조회 64 추천 0 댓글 0,0,64,2021.05.25 08:18:20,https://gall.dcinside.com/mgallery/board/view/?id=hshs&no=1452&page=9
9,1451,,학교 와이파이 딱좋노,헤으응,ㅇㅇ (14.43) 2021.05.20 08:06:27 스크랩 조회 141 추천 1 댓글 1,1,141,2021.05.20 08:06:27,https://gall.dcinside.com/mgallery/board/view/?id=hshs&no=1451&page=9
9,1450,,"야, 기분좋다!",우흥~,ㅇㅇ (203.226) 2021.05.14 14:55:14 스크랩 조회 93 추천 0 댓글 0,0,93,2021.05.14 14:55:14,https://gall.dcinside.com/mgallery/board/view/?id=hshs&no=1450&page=9
9,1449,,공성전 실패 입갤 ㅋㅋ,결국 뚫렸노,ㅇㅇ (121.146) 2021.05.14 12:26:36 스크랩 조회 73 추천 1 댓글 0,1,73,2021.05.14 12:26:36,https://gall.dcinside.com/mgallery/board/view/?id=hshs&no=1449&page=9
9,1448,,학고 확진자 발생!,학붕이들 폰 받았노 ㅋㅋ,북진결사대 2021.05.14 11:51:38 스크랩 조회 237 추천 2 댓글 0,2,237,2021.05.14 11:51:38,https://gall.dcinside.com/mgallery/board/view/?id=hshs&no=1448&page=9
9,1447,,hakgo <- 이 와이파이 비번 뭐임,왜 나만모름 가르쳐주셈 ㅠ,ㅇㅇ (223.39) 2021.05.14 08:16:23 스크랩 조회 179 추천 1 댓글 0,1,179,2021.05.14 08:16:23,https://gall.dcinside.com/mgallery/board/view/?id=hshs&no=1447&page=9
9,1445,,신정고 학성중 서여중 다 확진자 생겼는데,우리 학교만 멀쩡하노 ㅋㅋㅋ,ㅇㅇ (223.39) 2021.05.10 07:36:32 스크랩 조회 290 추천 1 댓글 1,1,290,2021.05.10 07:36:32,https://gall.dcinside.com/mgallery/board/view/?id=hshs&no=1445&page=9
9,1444,,이 갤 뭔데 ㅋㅋㅋㅋㅋ,나 2학년이라서 모르는 2학년애 없는데 여기 아는애들도 있겠네 - dc official App,ㅇㅇ (116.126) 2021.05.09 17:41:16 스크랩 조회 178 추천 1 댓글 4,1,178,2021.05.09 17:41:16,https://gall.dcinside.com/mgallery/board/view/?id=hshs&no=1444&page=9
9,1443,,중국 로켓 잔해물 인도양에 떨어졌다네,인명 피해 없어서 다행이다,북진결사대 2021.05.09 15:41:45 스크랩 조회 95 추천 0 댓글 1,0,95,2021.05.09 15:41:45,https://gall.dcinside.com/mgallery/board/view/?id=hshs&no=1443&page=9
9,1442,,갤왜죽?,?,ㅇㅇ (223.39) 2021.05.09 10:54:11 스크랩 조회 55 추천 1 댓글 0,1,55,2021.05.09 10:54:11,https://gall.dcinside.com/mgallery/board/view/?id=hshs&no=1442&page=9
9,1441,,개노답 좆반고 왜다님?,내신도 안나와 정시 치고 스나이핑해서 대학 잘만감 내신 8임 ㅇㅇ,ㅇㅇ (125.134) 2021.05.05 21:58:21 스크랩 조회 253 추천 2 댓글 2,2,253,2021.05.05 21:58:21,https://gall.dcinside.com/mgallery/board/view/?id=hshs&no=1441&page=9
9,1440,,학성중 짬찌입니다.,애미 씨발 신정고에서 확진자 12명 나왔는데 학교를 쳐가라하는 장애인새끼들이 정말 존재하나요??,ㅇㅇ (114.200) 2021.05.05 21:13:59 스크랩 조회 189 추천 1 댓글 1,1,189,2021.05.05 21:13:59,https://gall.dcinside.com/mgallery/board/view/?id=hshs&no=1440&page=9
9,1439,,울산고에서 왔습니다,여기 남자분들이 잘생기셨다면서요 - dc official App,ㅇㅇ (211.36) 2021.05.05 19:23:43 스크랩 조회 629 추천 6 댓글 2,6,629,2021.05.05 19:23:43,https://gall.dcinside.com/mgallery/board/view/?id=hshs&no=1439&page=9
9,1438,,우리학교 레전드네,교육청에 내일 학교 가는 거 맞는 판단이냐고 물어보니까 학교에 물어보라 하고 학교에 물어보니까 교육청에 물어보라 하네 ㅋㅋㅋㅋ - dc official App,ㅇㅇ (114.200) 2021.05.05 18:13:57 스크랩 조회 589 추천 7 댓글 2,7,589,2021.05.05 18:13:57,https://gall.dcinside.com/mgallery/board/view/?id=hshs&no=1438&page=9
9,1437,,야이 개짬지들아,"본인 49회, 아버지 15회 ㅁㅌㅊ?",럼주통 도둑 (182.219) 2021.05.04 16:39:14 스크랩 조회 512 추천 11 댓글 2,11,512,2021.05.04 16:39:14,https://gall.dcinside.com/mgallery/board/view/?id=hshs&no=1437&page=9
9,1436,,야이 개짬찌년들아,대가리 박아.,럼주통 도둑 (182.219) 2021.05.04 16:35:11 스크랩 조회 105 추천 0 댓글 0,0,105,2021.05.04 16:35:11,https://gall.dcinside.com/mgallery/board/view/?id=hshs&no=1436&page=9
9,1435,,학고에 관심있는 게이들 필독,급식 맛없음 ㄹㅇ임,북진결사대 2021.05.04 08:24:22 스크랩 조회 193 추천 2 댓글 0,2,193,2021.05.04 08:24:22,https://gall.dcinside.com/mgallery/board/view/?id=hshs&no=1435&page=9
9,1434,,밑에글이 신정고 프락치같으면 개추,똑같은 아이피 들고와서 저격해봤자 뭐하노 니가 뭐라해도 우린 학 성 고 학생이다,ㅇㅇ (223.62) 2021.05.04 08:07:19 스크랩 조회 307 추천 9 댓글 1,9,307,2021.05.04 08:07:19,https://gall.dcinside.com/mgallery/board/view/?id=hshs&no=1434&page=9
9,1433,,ㅋㅋ 학성고 갤 수준만 봐도 학교 수준 나오노 ㅋㅋ,전부다 자기들 좆반고 아니라하노 ㅋㅋ 이게 자위질 아니면 뭐죠? 절대 학고가면 안되겠노,ㅇㅇ (14.43) 2021.05.03 22:14:11 스크랩 조회 573 추천 11 댓글 2,11,573,2021.05.03 22:14:11,https://gall.dcinside.com/mgallery/board/view/?id=hshs&no=1433&page=9
9,1432,,반갑습니다 현 중3입니다,집이 학고 근처인데 학고 좋나요?,ㅇㅇ (14.43) 2021.05.03 22:12:05 스크랩 조회 121 추천 3 댓글 1,3,121,2021.05.03 22:12:05,https://gall.dcinside.com/mgallery/board/view/?id=hshs&no=1432&page=9
9,1431,,학성고 새끼들 꼭 봐라,니네들 학성고 동문이 밥 먹여줄 거 같지 ? 인서울 할 것 같지 ? 좇 까 씨 발 과거의 영광은 끝났다. 너희도 이제 좇반고 반열에 올랐다 . 이제 울산 고등학교 1등은 청운고가 접수한다,ㅇㅇ (39.7) 2021.05.03 22:12:02 스크랩 조회 711 추천 10 댓글 2,10,711,2021.05.03 22:12:02,https://gall.dcinside.com/mgallery/board/view/?id=hshs&no=1431&page=9
9,1430,,약사고에서 왔습니다.,올해 학성고 3학년들이 수준이 떨어진다는데 진짠가요?,ㅇㅇ (14.43) 2021.05.03 22:08:23 스크랩 조회 175 추천 2 댓글 2,2,175,2021.05.03 22:08:23,https://gall.dcinside.com/mgallery/board/view/?id=hshs&no=1430&page=9
9,1429,,이 학교 왜옴 ㅋㅋ,옆 동네 울산고보다 아웃풋 안 좋고 서울대 ? 사실상 과거의 망령이야 ㅋㅋ 학성고 좋은거 버거킹밖에 없죠 ㅋㅋ,ㅇㅇ (39.7) 2021.05.03 22:07:29 스크랩 조회 172 추천 1 댓글 1,1,172,2021.05.03 22:07:29,https://gall.dcinside.com/mgallery/board/view/?id=hshs&no=1429&page=9
9,1428,,와이파이 왜않됌?,왜 줬다뺏냐 와이파이 쓰게해주세요 응애,ㅇㅇ (223.39) 2021.05.03 08:07:07 스크랩 조회 229 추천 7 댓글 1,7,229,2021.05.03 08:07:07,https://gall.dcinside.com/mgallery/board/view/?id=hshs&no=1428&page=9
9,1427,,왜 와이파이 안되냐?,?,ㅇㅇ (223.39) 2021.05.03 08:04:14 스크랩 조회 70 추천 1 댓글 0,1,70,2021.05.03 08:04:14,https://gall.dcinside.com/mgallery/board/view/?id=hshs&no=1427&page=9
9,1425,,학성고 문제 어려운편아니냐?,딴 좆반고 문제보다 훨배 어려운거같은데,ㅇㅇ (180.68) 2021.04.30 19:51:29 스크랩 조회 314 추천 2 댓글 5,2,314,2021.04.30 19:51:29,https://gall.dcinside.com/mgallery/board/view/?id=hshs&no=1425&page=9
9,1423,,졸업앨범 사복은 선넘네,나같은 찐따쉑은 뭐 입을지 모르겠는데 걍 교복 입고 찍지 ㄹㅇ...,ㅇㅇ (219.241) 2021.04.29 20:02:26 스크랩 조회 417 추천 1 댓글 2,1,417,2021.04.29 20:02:26,https://gall.dcinside.com/mgallery/board/view/?id=hshs&no=1423&page=9
9,1422,,시험 지옥에서 돌아온 학붕이 나와라,야~ 기분좋다~,ㅇㅇ (211.197) 2021.04.29 17:22:04 스크랩 조회 70 추천 1 댓글 0,1,70,2021.04.29 17:22:04,https://gall.dcinside.com/mgallery/board/view/?id=hshs&no=1422&page=9
9,1421,,나때는 말이야,1학년 1학기 중간고사 마지막날엔 현충탑가서 추모식하는게 전통이였는데 요즘애들은 그런거 모르제??? ㄹㅇ,ㅇㅇ (219.241) 2021.04.29 14:30:45 스크랩 조회 291 추천 11 댓글 2,11,291,2021.04.29 14:30:45,https://gall.dcinside.com/mgallery/board/view/?id=hshs&no=1421&page=9
9,1419,,"너, 쌓여있잖아",학급 쓰레기통에 쓰레기 쌓여서 넘치면 개추 ㅋㅋ,ㅇㅇ (223.62) 2021.04.29 08:08:55 스크랩 조회 206 추천 5 댓글 1,5,206,2021.04.29 08:08:55,https://gall.dcinside.com/mgallery/board/view/?id=hshs&no=1419&page=9
9,1418,,영어 망했으면 개추 ㅋㅋ,나부터 ㅋㅋ,ㅇㅇ (223.62) 2021.04.28 12:29:03 스크랩 조회 169 추천 11 댓글 1,11,169,2021.04.28 12:29:03,https://gall.dcinside.com/mgallery/board/view/?id=hshs&no=1418&page=9
9,1417,,수학 망했으면 개추 ㅋㅋㅋ,일단 나부터 ㅋㅋㅋ,ㅇㅇ (211.193) 2021.04.27 21:18:08 스크랩 조회 205 추천 10 댓글 2,10,205,2021.04.27 21:18:08,https://gall.dcinside.com/mgallery/board/view/?id=hshs&no=1417&page=9
9,1416,,수학 중간고사가 모고보다 어렵누.....,ㄹㅇ......,ㅇㅇ (219.241) 2021.04.27 15:43:53 스크랩 조회 99 추천 0 댓글 0,0,99,2021.04.27 15:43:53,https://gall.dcinside.com/mgallery/board/view/?id=hshs&no=1416&page=9
9,1415,,3학년들아 조언 좀,화1치는 고2데 신해균쌤 셤 어떰? 혹시 신해균쌤 셤지 구할 방법없노?,ㅇㅇ (211.117) 2021.04.26 17:38:42 스크랩 조회 149 추천 0 댓글 1,0,149,2021.04.26 17:38:42,https://gall.dcinside.com/mgallery/board/view/?id=hshs&no=1415&page=9
9,1414,,국어 망했으면 개추 ㅋㅋ,애들 왜이리잘하노,ㅇㅇ (223.39) 2021.04.26 12:29:19 스크랩 조회 86 추천 2 댓글 0,2,86,2021.04.26 12:29:19,https://gall.dcinside.com/mgallery/board/view/?id=hshs&no=1414&page=9
9,1413,,역시 명문,맛있겠네,ㅇㅇ (1.226) 2021.04.26 12:28:06 스크랩 조회 137 추천 0 댓글 0,0,137,2021.04.26 12:28:06,https://gall.dcinside.com/mgallery/board/view/?id=hshs&no=1413&page=9
9,1412,,본인 이 시간에 재획 달리는 중 ㅁㅌㅊ?,아 70분 남았어,럼주통 도둑 (210.223) 2021.04.26 04:56:33 스크랩 조회 120 추천 0 댓글 0,0,120,2021.04.26 04:56:33,https://gall.dcinside.com/mgallery/board/view/?id=hshs&no=1412&page=9
9,1411,,와 이거 뭐냐,공부가 제일 어려운거같은데요 ㅇㅇ 이지은 정말로 사랑해♡,화학사랑해 2021.04.26 00:28:27 스크랩 조회 128 추천 2 댓글 0,2,128,2021.04.26 00:28:27,https://gall.dcinside.com/mgallery/board/view/?id=hshs&no=1411&page=9
9,1410,,화학사랑해가 알려주는 화학II,"공부가 제일 어려운거같은데요 화투가 화원보다 쉽다 이건 알아두고 수시파는 화투챙겨라 참고로 난 투트랙이라 일단 공부함 1. 이상기체상태방정식 이용한 양적관계 문제 PV=nRT 이거만 외워라 R값은 시험지에 아마도 줄거다 (압력 부피) 곱 = (몰수 온도 R) 곱 이건 걍 계산이다. 2. 기체 분압 계산 기체 분압 계산은 기체 압력 부피 곱을 전체부피로 나누면 된다 3. 물의 수소결합 특성 끓는점 오름 / 고체에서 밀도 작고 부피 커짐 / 육각형구조됨 4. 수소결합 특징 쌍극자ㆍ쌍극자 힘 분산력을 압.도. 하는게 수소결합이다 H와 F N O랑 연결됨 분자간인력 커서 끓는점이 높음 5. 증기압력곡선 끓는점 -> 증기압력=외부압력 분자간인력 커지면 증기압력 내려가고 끓는점이 오름 6. 물 밀도 그래프 해석 섭씨4도에서 밀도 가장 큼 영하에서는 온도 낮을수록 밀도 커짐 7. 결정구조 단순입방 : 1개 체심입방 : 2개 면심입방 : 4개 8. 평행이동 (르샤틀리에 로) 변화 줄이려는 방향으로 평형을 이룬다는거만 알면된다 ㅇㅇ 9. 11. 평형상수 크면 생성물많고, 작으면 반응물많음 10. 상평형 물은 고체-액체간 기울기 마이너스(수소결합) 이산화탄소는 플러스 그래프 해석을 못하지는 않겠지 시험잘봐라 이지은 정말로 사랑해♡",화학사랑해 2021.04.25 23:12:15 스크랩 조회 373 추천 6 댓글 2,6,373,2021.04.25 23:12:15,https://gall.dcinside.com/mgallery/board/view/?id=hshs&no=1410&page=9
9,1408,,내일 시험,정시파이터들아 부디 잘 깔아주렴 부탁한다^^,ㅇㅇ (118.47) 2021.04.25 15:56:42 스크랩 조회 86 추천 3 댓글 0,3,86,2021.04.25 15:56:42,https://gall.dcinside.com/mgallery/board/view/?id=hshs&no=1408&page=9
9,1405,,지옥에서 살아돌아온 화학사랑해다,공부가 제일 어려운거같은데요 주딱을 내가 받고 갤질은 안하겠다 p.s. 소신발언한 유동은 누구길래 나를 이렇게 잘알고있노 이지은 정말로 사랑해♡,화학사랑해 2021.04.24 13:09:28 스크랩 조회 243 추천 8 댓글 2,8,243,2021.04.24 13:09:28,https://gall.dcinside.com/mgallery/board/view/?id=hshs&no=1405&page=9
9,1404,,주딱 지원자 받는다네,공지 확인 ㅇㅇ,북진결사대 2021.04.24 12:51:17 스크랩 조회 90 추천 0 댓글 0,0,90,2021.04.24 12:51:17,https://gall.dcinside.com/mgallery/board/view/?id=hshs&no=1404&page=9
9,1401,,팩트,1. 학갤 오픈 채팅은 2020년 1월에도 잠깐 있었다 2. 내가 만듬 3. 뭘봐 씨발,럼주통 도둑 (221.164) 2021.04.24 10:39:25 스크랩 조회 88 추천 2 댓글 0,2,88,2021.04.24 10:39:25,https://gall.dcinside.com/mgallery/board/view/?id=hshs&no=1401&page=9
9,1400,,해명 드감,나의 한 행동에 의해 갤이 개판이 나있어서 일단 사실규명을 해보려 함. 1. 나는 왜 완장이 되었는가? 학갤 초창기에 있었던 완장라인이 계속 하고 있었는데 자신들도 졸업생이다 보니 관리하기에 바쁘고 힘든 점이 많아 당시 왕성하게 활동 중이던 고닉들에게 완장을 채우려던 참이었음 그중에 하나인 내가 완장을 차게 된것임. 그런데 '국내 화학사랑해 마이너 갤러리'로 불릴 만큼 갤주 유망주였던 화학사랑해가 완장을 차지 못한 이유는 별 다른게 아님. 그저 화학사랑해에게 파딱 신청 넣었는데 그 당시 화학사랑해가 아이디비번 까먹어서 접속을 못했고 수락도 받지 못하였던 것임. 그리고 당장 그 당시에 주딱 받는 것에대한 거부의사도 있어서 결국 내가 먹게 된것이고. 2. 나는 왜 노베에게 완장을 넘겼는가? 나도 이제 고3이기도 해서 갤주 딱지를 달긴 했으나 접속도 거의 안하고 관리할 자신이 없어서 주딱을 넘기고 싶었음. 그래서 아무나 달라하면 줄 생각이었는데 마침 옾챗에 누가 완장을 달라길래 아무 생각없이 줘버림. 그때 처음 옾챗의 존재를 알게 됨. 옾챗은 누가 왜 만들었는지 모름. 이 부분은 내가 잘못한게 맞음 당장 학갤 여론도 무시한채 그냥 신규 유입된 유저한테 주딱을 줘버린건 다시 생각해보니 잘못된 짓이었다. 대가리박는다. 에전만큼 학갤 활동이 왕성하지도 않고 잠잠하길래 그냥 주딱 바껴도 누가 신경쓰겠냐는 마인드였는데 추후에 올라오는 글들 보니까 그게 아니었음을 크게 깨달았다.. 노베는 사실 큰 잘못이 없다. 내가 생각없이 넘겨버린게 잘못이지.. 3. 앞으로의 방향 일단 내가 모르고 넘겨버린 주딱과 좆목라인과 상의해서 그냥 다 갈아엎고 새로운 주딱을 투표하는것임. 솔직히 이 조그만 일개 학교 마이너갤러리에서 웬 투표?라지만 그래도 공평성을 위해선 이 방법밖에 없는거같음. 좆목방은 내가 거기 관리자도 아니라서 어떻게 할 수는 없는데 일단 새 주딱 뽑고 나면 어떻게 할 생각임. 투표 진행 하기 전까지는 원활한 진행을 위해 주딱은 다시 맛없는양파로 환원시킬 예정임. 그래서 학붕이들의 의견을 들어 봤으면 함. 주딱 환원시키고 투표 진행해서 새로운 주딱 뽑는 것에 대해 어떻게 생각해?,맛없는양파 2021.04.24 10:07:03 스크랩 조회 287 추천 5 댓글 4,5,287,2021.04.24 10:07:03,https://gall.dcinside.com/mgallery/board/view/?id=hshs&no=1400&page=9
9,1399,,장문) 소신발언함,"1. 현 완장 내각은 어떻게 형성되었나?​ 본래 학고갤의 주딱은 현 졸업생이었고 학생회 소속 재학생에게 주딱을 승계하여주겠다는 지침이 있었다. 그러나 당시 활동하던 학붕이들중에선 학생회 소속은 없었고 주딱은 계속해서 잠수를 타고있던 상태라 사실상 아나키스트들이 꿈꾸는 이상 사회의 모습이나 다름없었다. 그런 주딱 자리가 지금은 돌림빵당하는 신세가 되었다. 필자는 크게 세 가지 가능성으로 분류해보았다. - 학생회 소속 학붕이가 초대 주딱에게 접촉해왔다 - 주딱이 공석이라 갤러리 위임 신청으로 받았다 - 아는 사이였다 ​학생회 소속 학붕이가 초대 주딱에게 접촉해왔다​ 일단 첫 번째 가능성으로 보기엔 어려운 부분이 많다고 본다. 학생회 임원이 초대 주딱에게 관리자 자리를 승계받았다면 그 과정과 흔적이 분명 갤에 남아있었을 것이다. 초대 주딱이 누군줄 알고 갤러리 이외의 루트로 접촉했을 가능성은 전무하다는 것이다. 물론 갤로그를 통하여 접촉했을 가능성도 있다. 그러나 자신이 주인인 갤러리에서 활동이 활발해졌다는 것을 몇달동안이나 모르고 살았을정도로 접속률이 낮은 초대 주딱이 따로 알림도 뜨지 않는 갤로그 방명록을 확인할까? 이건 학붕이들의 판단에 맡기도록 하겠다. ​주딱이 공석이라 갤러리 위임 신청으로 받았다​ 주딱이 공석인 마이너 갤러리에서 주딱자리를 뺏어오려면 거쳐야할 절차는 다음으로 정리된다. ​1. 고닉,반고닉 등으로 최근 꾸준한 활동기록 2. 갤러리 매니저 위임에 대한 글을 작성하고 많은 갤럼들이 동의해야함 (개추 수라던가 댓글이라던가) 3. 유식이 산하 알바에게 문의 ​ 이런 거대하다면 거대하고 눈에 안띌래야 띄지 않을수가 없는 과정을 거쳐야 주딱을 위임받을 수 있다. 그래서 갤질하면서 저 절차를 목격한 학붕이 있는지..? ​아는 사이였다​ 물론 아직 명확한 증거나 해명이 나오지 않은 상태에서 섣불리 제기되는 음모론으로 치부될 수 있으나 필자는 가능성을 넘어 킹능성이 있다고 생각한다. 현 학고갤의 개념글 목록 중에는 이런 글이 있다. 필자도 학고갤에서 활동하는 학붕이들이 이렇게나 많았나 싶을 정도로 압도적이며 기록적인 추천수를 자랑한다. 고닉 '화학사랑해'는 비록 자신의 두뇌로는 화학이라는 학문을 받아들이는데에 있어 한계를 느꼈고 지구과학으로 선회하여 잠적하였다는 소문이 돌았지만 그럼에도 불구하고 그가 남긴 유산에 학붕이들의 여론이 들끓고 있다. 그는 비록 욕을 들어먹어도 갤러리의 정의를 위해 수많은 뻘글을 남겼는데, 그 숫자가 어마무시하여 우스갯소리로 국내 고닉 화학사랑해 갤러리라는 말이 생겨났을 정도이다. 누구보다 활동량이 많았고 툭하면 주딱을 달라고 징징대던 고닉 화학사랑해는 왜 완장을 받지 못했을까? 필자는 그때까지만 해도 고닉 화학사랑해가 학생회가 아닌 일반 재학생이라 그러리라 생각하였다. 실제로 초대 주딱이 잠시 학고갤에 나타났던 적이 있는데 그는 '오랜만에 와봤더니 병신밖에 없네' 라는 글을 남기곤 다시 사라졌다. 고닉 화학사랑해의 존재를 모를리 없다는 것이다. 그런데 갑자기 주딱이 바뀌었다. 왜? 그러게, 이유가 뭘까? 새로 부임한 주딱의 정통성에 의문을 가질 수밖에 없었지만 학고갤엔 활동을 하는 완장이 필요했다. 그러한 점에서 필자는 더 이상의 의구심은 접어둔 상태였다. 그런데 갑자기 49기 졸업생이라는 선배님들께서 출두하시더니 주딱이 또 바뀌고 새로운 완장 내각이 완성되어있는게 아니겠는가? 이걸 어떤 시선으로 바라봐야할까? ​ 2. 왠 카톡방? ​ 새로운 완장 내각의 출범과 거의 같은 시기에 모습을 드러낸 학고갤 오픈톡방. 필자는 그 카톡방의 존재 의의를 잘 모르겠다. 통상적으로 커뮤니티에서, 특히 디시인사이드의 경우에는 본 갤러리,게시판 이외에 부가적으로 파생된 디스코드,카톡 등은 금기시된다. 그 이유는 이점보다 문제점이 더 많기 때문인데, 대표적인 몇가지만 언급해보도록 하겠다. ​ - 커뮤니티의 비활성화 ​ 필자나 이 글을 읽고 있는 수많은 학붕이들이나 다를 바 없이 일과 도중에 짬을 내서, 또는 일과 이후에 갤질을 할 것이다. 갤러리에서 새로 올라온 글을 읽고 댓글을 달아보거나, 조용히 개추를 누르거나, 직접 글을 작성하는 등으로 학붕이들은 재밌는 경험을 공유한다. 그러나 카톡방이라던지 디스코드 채널이라던지 생기면 갤럼들은 자연스레 분산되어 글리젠이 줄어드는 현상으로 직결된다. 이는 필자가 어느 게임 갤러리에서 실제로 경험해본 현상이다. 카톡방의 규모가 커질수록 정작 본 갤러리는 죽어가는것이다. ​ - 친목질 문제 ​ 기본적으로 어느 커뮤니티든간에 흔히 좆목질이라 불리는 친목질은 문제의 소지가 크다. 아마 대부분의 학붕이들도 암묵적으로 동의하고 있을 것이다. 고교 갤러리라고 예외는 아니다. 카톡방은 갤에서 고닉 몇명이 서로 좆비비고 앉아있는것보다 훨씬 중대한 사항이다. 갤에서 고닉끼리의 좆목질은 힘의 균형에 의해 해결된다. 칼자루는 유동과 완장이 쥐고 있기 때문이다. 하지만 카톡방은? 카톡방에서 누군가를 제재하려면 흔히 말하는 즉, 방장이 움직여야한다. 상식적으로 생각해보라, 카톡방을 개설한 놈이 방장일텐데 좆목질한다고 킥을 때릴까 갤에 박제를 할까? 카톡방을 견제할 수단으로서는 완장이 카톡방과 관련된 갤떡을 규칙으로 일절 금지시키고 카톡방 자체도 금기시되어야한다. 그러나 현 학고갤 완장 내각은 그럴 생각은 일절도 없어보인다. 오히려 카톡방 들어오라고 공지까지 올려놨던데.. 위에서 언급했듯이 완장 내각 출범과 카톡방이 거의 같은 시기에 나타났다는 점, 이를 지적하는 학붕이들을 현 정부에 반대하는 입장을 내밀면 토착왜구와 일베에 세뇌당한 한심한 세대라 내몰듯이 찐, 정공 취급을 하는 점 등에서 완장 내각은 그 정통성과 신뢰성, 능률성 등에 의문이 제기된다. 학붕이들이 고닉 화학사랑해에게 열렬한 지지를 표하는 것도 같은 맥락이라 생각한다. 좆목으로 형성된 완장 내각보다는 항상 보던 병신이 낫다는 생각에서 비롯된 것으로 보인다. 물론 내 뇌피셜일 뿐이니 학붕이들의 의견도 들어보고싶다. 많은 의견 남겨줘잉 아 그리고 고닉 ㄹㅇ여고생은 정보통에서 흘려들은 소식에 의하면 좆목질에 희생됐다고 한다. 720시간 차단에 사유는 완장 친구랑 등진죄라나 뭐라나 ​ 3줄요약 1. 현 완장들 좆목질로 완장 달았을거라 의심됨 2. 학고갤 카톡방의 의의가 뭘까 3. 고닉 ㄹㅇ여고생은 좆목질에 희생되었다 ​",ㅇㅇ (118.235) 2021.04.24 03:23:26 스크랩 조회 425 추천 11 댓글 1,11,425,2021.04.24 03:23:26,https://gall.dcinside.com/mgallery/board/view/?id=hshs&no=1399&page=9
10,1398,,나왜파딱?,공부가 제일 어려운거같은데요 ? 이지은 정말로 사랑해♡,화학사랑해 2021.04.24 02:53:19 스크랩 조회 91 추천 0 댓글 1,0,91,2021.04.24 02:53:19,https://gall.dcinside.com/mgallery/board/view/?id=hshs&no=1398&page=10
10,1397,,ㄹㅇ여고생 왜 차단 당한 거임?,ㅇㅇ,ㅇㅇ (182.231) 2021.04.24 01:25:18 스크랩 조회 126 추천 0 댓글 0,0,126,2021.04.24 01:25:18,https://gall.dcinside.com/mgallery/board/view/?id=hshs&no=1397&page=10
10,1396,,살려줘,,느금누골 2021.04.24 01:02:42 스크랩 조회 143 추천 6 댓글 2,6,143,2021.04.24 01:02:42,https://gall.dcinside.com/mgallery/board/view/?id=hshs&no=1396&page=10
10,1395,,파딱도 귀찮다,파딱 만 줄수없음?,느금누골 2021.04.24 00:52:31 스크랩 조회 73 추천 0 댓글 0,0,73,2021.04.24 00:52:31,https://gall.dcinside.com/mgallery/board/view/?id=hshs&no=1395&page=10
10,1372,,들어와라,카카오톡 오픈채팅을 시작해 보세요. 링크를 선택하면 카카오톡이 실행됩니다. 학성고 갤러리 https://open.kakao.com/o/gZizf18c,흐엉 (164.125) 2021.04.20 13:29:52 스크랩 조회 172 추천 5 댓글 2,5,172,2021.04.20 13:29:52,https://gall.dcinside.com/mgallery/board/view/?id=hshs&no=1372&page=10
10,1394,,오랜만에 들어와봤는데 갤 개판이네,아니 '학고갤 오픈채팅방' 이딴게 있는것도 놀라운데 ㅆㅂ 그걸 주딱이랑 파딱이란놈들이 좌시하는걸 넘어서 홍보하고있노ㅋㅋㅋㅋㅋㅋㅋ 여기가 무슨 네캎인줄아냐? 미친놈들이네,ㅇㅇ (175.223) 2021.04.24 00:45:50 스크랩 조회 150 추천 5 댓글 1,5,150,2021.04.24 00:45:50,https://gall.dcinside.com/mgallery/board/view/?id=hshs&no=1394&page=10
10,1393,,아잇싯팔 유동이 이리많노,고닉/반고닉으로 와라,느금누골 2021.04.24 00:42:20 스크랩 조회 111 추천 0 댓글 3,0,111,2021.04.24 00:42:20,https://gall.dcinside.com/mgallery/board/view/?id=hshs&no=1393&page=10
10,1392,,화랑해로 주딱바꿔라,갤 개판이노 시발,물리사랑해 (223.39) 2021.04.23 16:02:39 스크랩 조회 226 추천 25 댓글 4,25,226,2021.04.23 16:02:39,https://gall.dcinside.com/mgallery/board/view/?id=hshs&no=1392&page=10
10,1391,,ㄹㅇ여고생을 석방하라,ㄹㅇ여고생을 석방하라,ㅇㅇ (223.39) 2021.04.23 15:55:15 스크랩 조회 237 추천 12 댓글 0,12,237,2021.04.23 15:55:15,https://gall.dcinside.com/mgallery/board/view/?id=hshs&no=1391&page=10
10,1390,,ㅇㅎ)고등학생 집단 ×스,ㅈㄱㄴ - dc official App,ㅇㅇ (39.7) 2021.04.23 13:01:54 스크랩 조회 380 추천 2 댓글 2,2,380,2021.04.23 13:01:54,https://gall.dcinside.com/mgallery/board/view/?id=hshs&no=1390&page=10
10,1389,,휴지 좀 갖다줘,변비임 질문 받는다,ㅇㅇ (223.39) 2021.04.23 11:59:27 스크랩 조회 109 추천 0 댓글 0,0,109,2021.04.23 11:59:27,https://gall.dcinside.com/mgallery/board/view/?id=hshs&no=1389&page=10
10,1388,,갤 언제 처음 생김?,ㅈㄱㄴ,ㅇㅇ (112.147) 2021.04.22 22:18:37 스크랩 조회 89 추천 0 댓글 2,0,89,2021.04.22 22:18:37,https://gall.dcinside.com/mgallery/board/view/?id=hshs&no=1388&page=10
10,1387,,??? : 존경하는 시진핑 주숵님,https://www.youtube.com/watch?v=_4bBbcauMZI 이왜진?,북진결사대 2021.04.22 20:56:07 스크랩 조회 86 추천 1 댓글 0,1,86,2021.04.22 20:56:07,https://gall.dcinside.com/mgallery/board/view/?id=hshs&no=1387&page=10
10,1386,,념글 왜짤림?,마지막으로 본게 념글 100개였는데 오늘보니까 99개노 ㄷㄷ,ㅇㅇ (118.47) 2021.04.22 18:12:30 스크랩 조회 52 추천 0 댓글 1,0,52,2021.04.22 18:12:30,https://gall.dcinside.com/mgallery/board/view/?id=hshs&no=1386&page=10
10,1385,,채식의날 ㅅㅂ,1학년들 부럽노 매점만 대박남 ㅋㅋ,ㅇㅇ (118.47) 2021.04.22 18:08:56 스크랩 조회 194 추천 5 댓글 0,5,194,2021.04.22 18:08:56,https://gall.dcinside.com/mgallery/board/view/?id=hshs&no=1385&page=10
10,1384,,노베 뮌데 주딱이냐,옛날부터 있었음? 친목?,ㅇㅇ (211.117) 2021.04.22 16:57:42 스크랩 조회 155 추천 6 댓글 1,6,155,2021.04.22 16:57:42,https://gall.dcinside.com/mgallery/board/view/?id=hshs&no=1384&page=10
10,1383,,ㅈ목은 선넘네,ㄹㅇ루다가,ㅇㅇ (121.146) 2021.04.22 07:41:18 스크랩 조회 228 추천 10 댓글 2,10,228,2021.04.22 07:41:18,https://gall.dcinside.com/mgallery/board/view/?id=hshs&no=1383&page=10
10,1382,,1학년 입갤,퇴갤,ㅇㅇ (112.147) 2021.04.21 22:39:30 스크랩 조회 97 추천 0 댓글 1,0,97,2021.04.21 22:39:30,https://gall.dcinside.com/mgallery/board/view/?id=hshs&no=1382&page=10
10,1379,,완장 좆목라인임?,이게머선129~,북진결사대 2021.04.21 20:18:59 스크랩 조회 210 추천 5 댓글 1,5,210,2021.04.21 20:18:59,https://gall.dcinside.com/mgallery/board/view/?id=hshs&no=1379&page=10
10,1376,,학고 카톡챗방 만들었노,49회면 몇살이지?,느금누골 2021.04.21 17:33:36 스크랩 조회 117 추천 0 댓글 2,0,117,2021.04.21 17:33:36,https://gall.dcinside.com/mgallery/board/view/?id=hshs&no=1376&page=10
10,1375,,본인 실시간 안자는 중,9시 전공 시험 12시 전공 시험 4시 30분 교양 시험 인 생 망 했 다 !,흐엉 (210.223) 2021.04.21 04:43:53 스크랩 조회 56 추천 1 댓글 0,1,56,2021.04.21 04:43:53,https://gall.dcinside.com/mgallery/board/view/?id=hshs&no=1375&page=10
10,1374,,근데 학교 와이파이 비번 뭐임?,왜 나만 안알려줘 ㅠ,ㅇㅇ (219.241) 2021.04.21 04:24:16 스크랩 조회 159 추천 0 댓글 1,0,159,2021.04.21 04:24:16,https://gall.dcinside.com/mgallery/board/view/?id=hshs&no=1374&page=10
10,1371,,교장 급호감이면 개추,원래 비호감이었다가 학생용 와이파이 입갤하니까 급호감이노,ㅇㅇ (14.43) 2021.04.20 08:04:43 스크랩 조회 254 추천 6 댓글 1,6,254,2021.04.20 08:04:43,https://gall.dcinside.com/mgallery/board/view/?id=hshs&no=1371&page=10
10,1370,,49기 틀딱 시찰 옴,디씨 끊어라 급식 샛기들아,우깅 (218.38) 2021.04.20 02:11:18 스크랩 조회 115 추천 0 댓글 2,0,115,2021.04.20 02:11:18,https://gall.dcinside.com/mgallery/board/view/?id=hshs&no=1370&page=10
10,1369,,선배님 본 받아서 공부 열심히 해라,근데 정시로 대학감. 지금 전공 벼락치기 중,흐엉 (210.223) 2021.04.20 01:53:04 스크랩 조회 182 추천 0 댓글 3,0,182,2021.04.20 01:53:04,https://gall.dcinside.com/mgallery/board/view/?id=hshs&no=1369&page=10
10,1368,,야이 개 짬찌들아,49회 선배님이다 대가리 박아.,흐엉 (210.223) 2021.04.20 01:44:25 스크랩 조회 199 추천 6 댓글 2,6,199,2021.04.20 01:44:25,https://gall.dcinside.com/mgallery/board/view/?id=hshs&no=1368&page=10
10,1366,,매점 머가맛있음,ㅈㄱㄴ - dc official App,ㅇㅇ (112.147) 2021.04.19 14:53:50 스크랩 조회 92 추천 0 댓글 2,0,92,2021.04.19 14:53:50,https://gall.dcinside.com/mgallery/board/view/?id=hshs&no=1366&page=10
10,1364,,1주일남음,한 만큼 결실을 맺을꺼니깐 다들 힘내자. 잘 하던 사람은 그대로 하면 되고 늦은 사람들은 지금부터라도 하면 되니깐 힘내자. 명ㅡ문,ㅇㅇ (223.39) 2021.04.19 03:35:59 스크랩 조회 68 추천 0 댓글 1,0,68,2021.04.19 03:35:59,https://gall.dcinside.com/mgallery/board/view/?id=hshs&no=1364&page=10
10,1361,,고1 2는 내신챙겨라,수능공부 토나온다,ㅇㅇ (210.181) 2021.04.17 19:32:17 스크랩 조회 112 추천 0 댓글 1,0,112,2021.04.17 19:32:17,https://gall.dcinside.com/mgallery/board/view/?id=hshs&no=1361&page=10
10,1360,,중간고사 준비를 왜함,수시충 aut ㅋㅋㅋ 남자는 정시지 ㄹㅇ ㅋㅋ,ㅇㅇ (219.241) 2021.04.17 12:40:24 스크랩 조회 77 추천 1 댓글 1,1,77,2021.04.17 12:40:24,https://gall.dcinside.com/mgallery/board/view/?id=hshs&no=1360&page=10
10,1359,,중간고사,학붕이들 오늘 공부하느라 수고했다... 시험 몇일 안남았고 수능 준비하는 학붕이들도 있을것 같은데(나) 다들 열심히 준비해서 좋은 결과 얻자 노력은 배신안한다 - dc official App,ㅇㅇ (223.33) 2021.04.17 00:51:25 스크랩 조회 167 추천 6 댓글 4,6,167,2021.04.17 00:51:25,https://gall.dcinside.com/mgallery/board/view/?id=hshs&no=1359&page=10
10,1358,,이거 증명해보려했는데,왜 답이 양수로 안나오냐 -1등급 ㄷㄷ,북진결사대 2021.04.16 17:50:27 스크랩 조회 120 추천 0 댓글 2,0,120,2021.04.16 17:50:27,https://gall.dcinside.com/mgallery/board/view/?id=hshs&no=1358&page=10
10,1357,,ㅇㅇ,학고의 위대한 정시파이터들 보여주자 - dc official App,ㅇㅇ (118.47) 2021.04.15 14:27:57 스크랩 조회 162 추천 6 댓글 3,6,162,2021.04.15 14:27:57,https://gall.dcinside.com/mgallery/board/view/?id=hshs&no=1357&page=10
10,1356,,육군간부입시설명회 은근 많이 들으러오더라,국가와 국민을 지킨다는 숭고한 정신을 지닌 학붕이들이 이렇게 많았는지는 처음알았다 어차피 군대 갈거 간부로 가자는 마인드면 ROTC로 의무복무만 채울텐데 솔직히 그런 애들이면 안왔을거같고 다들 육사 또는 3사 희망하고있을텐데 임관하는 그날까지 힘내자 도쿄올림픽도 열겠다는데 지상군페스티벌은 왜 무한정 연기냐고 아 ㅋㅋ ㅈ같은 코로나19,북진결사대 2021.04.14 19:50:36 스크랩 조회 177 추천 8 댓글 0,8,177,2021.04.14 19:50:36,https://gall.dcinside.com/mgallery/board/view/?id=hshs&no=1356&page=10
10,1355,,오늘 모고 다 찍고 잤다 ㅋㅋㅋ,평가원 것만 잘치면 됨 ㅋㅋㅋ 특히 4모 <<< ㄹㅇ 근본없는 시험 ㅋㅋㅋ ㅇㅈ? ㅋㅋㅋ,ㅇㅇ (219.241) 2021.04.14 18:17:09 스크랩 조회 123 추천 2 댓글 1,2,123,2021.04.14 18:17:09,https://gall.dcinside.com/mgallery/board/view/?id=hshs&no=1355&page=10
10,1354,,6모때 보자 공부해볼라고 ㅇㅇ,,ㅇㅇ (125.134) 2021.04.14 17:44:27 스크랩 조회 76 추천 1 댓글 0,1,76,2021.04.14 17:44:27,https://gall.dcinside.com/mgallery/board/view/?id=hshs&no=1354&page=10
10,1353,,4모,망했으면 개추 ㅋㅋ 잘쳤으면 비추 ㅋㅋ - dc official App,ㅇㅇ (223.39) 2021.04.14 17:04:43 스크랩 조회 113 추천 7 댓글 0,7,113,2021.04.14 17:04:43,https://gall.dcinside.com/mgallery/board/view/?id=hshs&no=1353&page=10
10,1352,,4모는 왜치는걸까?,3모 친지는 얼마 안됐는데 난이도는 올라가면 태화강 마려워질것같은데...,ㅇㅇ (219.241) 2021.04.14 01:58:44 스크랩 조회 90 추천 1 댓글 1,1,90,2021.04.14 01:58:44,https://gall.dcinside.com/mgallery/board/view/?id=hshs&no=1352&page=10
10,1351,,작년 고3보다 올해 고3이 더 불쌍함,"작년 고3은 3, 4월 쉬고학교 5월 중순부터 7월까지 가고 9월부터 쭉 집에서 자습이여서 사실상 3월부터 11월까지 학교 간거는 3달도 안됐는데 이번 고3은 확진자 700명씩 나와도 3월부터 계속 가서 자습도 못하고 이제는 3분의1 등교인데도 매일 가게 생김 야발 ㅋㅋㅋ",ㅇㅇ (219.241) 2021.04.14 01:39:02 스크랩 조회 325 추천 10 댓글 4,10,325,2021.04.14 01:39:02,https://gall.dcinside.com/mgallery/board/view/?id=hshs&no=1351&page=10
10,1350,,학고도 포함?,ㅇㄷ,ㅇㅇ (1.226) 2021.04.13 14:23:51 스크랩 조회 95 추천 1 댓글 1,1,95,2021.04.13 14:23:51,https://gall.dcinside.com/mgallery/board/view/?id=hshs&no=1350&page=10
10,1349,,갤왜죽?,?,ㅇㅇ (223.62) 2021.04.13 08:07:09 스크랩 조회 71 추천 0 댓글 1,0,71,2021.04.13 08:07:09,https://gall.dcinside.com/mgallery/board/view/?id=hshs&no=1349&page=10
10,1347,,채식의 날 왜만든거냐,환경보호 땜에 고기없는날 만들었잖아 그럼 끝인데 채식의날은 왜만드노? 영양사 게이 비건임?,느금누골 2021.04.10 16:21:49 스크랩 조회 127 추천 1 댓글 3,1,127,2021.04.10 16:21:49,https://gall.dcinside.com/mgallery/board/view/?id=hshs&no=1347&page=10
10,1345,,씨발씨발,오늘 공부 하나도 못했네 ㅜ - dc official App,ㅇㅇ (118.47) 2021.04.09 20:56:43 스크랩 조회 77 추천 1 댓글 0,1,77,2021.04.09 20:56:43,https://gall.dcinside.com/mgallery/board/view/?id=hshs&no=1345&page=10
10,1344,,제목,내용,ㅇㅇ (223.62) 2021.04.09 08:20:08 스크랩 조회 69 추천 1 댓글 0,1,69,2021.04.09 08:20:08,https://gall.dcinside.com/mgallery/board/view/?id=hshs&no=1344&page=10
10,1343,,싹트네 싹터요,내 마음의 사랑이~,ㅇㅇ (211.193) 2021.04.08 23:20:24 스크랩 조회 52 추천 0 댓글 0,0,52,2021.04.08 23:20:24,https://gall.dcinside.com/mgallery/board/view/?id=hshs&no=1343&page=10
10,1342,,인강,야뎊 쓰는넘들 있냐...? 소심하게 손 들어보자 - dc official App,ㅇㅇ (110.70) 2021.04.08 19:08:01 스크랩 조회 160 추천 1 댓글 8,1,160,2021.04.08 19:08:01,https://gall.dcinside.com/mgallery/board/view/?id=hshs&no=1342&page=10
10,1341,,오늘도 줫같은 하루 시작~,후 벌써 목요일이다...,ㅇㅇ (223.39) 2021.04.08 08:15:16 스크랩 조회 81 추천 1 댓글 0,1,81,2021.04.08 08:15:16,https://gall.dcinside.com/mgallery/board/view/?id=hshs&no=1341&page=10
10,1340,,학성고 갤러리 일동은,서동욱 선배님의 남구청장 당선을 축하합니다 패배했지만 잘 싸운 김석겸 선배님께도 감사를,ㅇㅇ (223.33) 2021.04.08 08:09:16 스크랩 조회 291 추천 10 댓글 1,10,291,2021.04.08 08:09:16,https://gall.dcinside.com/mgallery/board/view/?id=hshs&no=1340&page=10
10,1339,,니들은 정시파이터 하지마라,작년 졸업생이다 주변에 재수하는새끼들 존나 널렸다 그냥 수시나 잘 챙겨라 ㅇㅇ,ㅇㅇ (110.70) 2021.04.07 10:09:28 스크랩 조회 122 추천 0 댓글 3,0,122,2021.04.07 10:09:28,https://gall.dcinside.com/mgallery/board/view/?id=hshs&no=1339&page=10
10,1338,,니들 슬리퍼 한번 봐라,인사 잘하네,ㅇㅇ (223.62) 2021.04.07 08:17:54 스크랩 조회 80 추천 0 댓글 0,0,80,2021.04.07 08:17:54,https://gall.dcinside.com/mgallery/board/view/?id=hshs&no=1338&page=10
11,1337,,단백질 풍부한 학교급식,그런데 곤충을 곁들인,북진결사대 2021.04.07 00:17:01 스크랩 조회 116 추천 1 댓글 0,1,116,2021.04.07 00:17:01,https://gall.dcinside.com/mgallery/board/view/?id=hshs&no=1337&page=11
11,1336,,선착순 한명 치킨,축하합니다 당신은 치킨입니다,ㅇㅇ (219.241) 2021.04.06 17:34:09 스크랩 조회 86 추천 0 댓글 0,0,86,2021.04.06 17:34:09,https://gall.dcinside.com/mgallery/board/view/?id=hshs&no=1336&page=11
11,1335,,ㅂㅅ특,게시글 맨마지막에 DC Official app 적혀있음,ㅇㅇ (223.39) 2021.04.06 08:13:52 스크랩 조회 121 추천 1 댓글 4,1,121,2021.04.06 08:13:52,https://gall.dcinside.com/mgallery/board/view/?id=hshs&no=1335&page=11
11,1334,,"정시, 정시에 대한 나의 생각",수학 존나게 열심히해서 1등급 2등급 자리 빼앗아줘라 ㅋㅋ - dc official App,ㅇㅇ (223.39) 2021.04.06 07:52:48 스크랩 조회 92 추천 1 댓글 0,1,92,2021.04.06 07:52:48,https://gall.dcinside.com/mgallery/board/view/?id=hshs&no=1334&page=11
11,1333,,"옥동 스터디카페, 독서실",어디가 ㄱㅊ음? 추천받는다 - dc official App,ㅇㅇ (223.39) 2021.04.06 07:51:06 스크랩 조회 108 추천 1 댓글 0,1,108,2021.04.06 07:51:06,https://gall.dcinside.com/mgallery/board/view/?id=hshs&no=1333&page=11
11,1332,,본인 고기없는날 몰랐던 사람 개추,ㅇㅇ - dc official App,ㅇㅇ (223.39) 2021.04.06 07:50:26 스크랩 조회 104 추천 5 댓글 0,5,104,2021.04.06 07:50:26,https://gall.dcinside.com/mgallery/board/view/?id=hshs&no=1332&page=11
11,1331,,"고기없는날, 채식의날에 대한 개인적인 생각","잠안와서 쓰는글이다 개인적인 생각이고 일단 울산광역시교육청과 노옥희가 작년부터 고기없는날 만든건 다들 알거임 ㅇㅇ 작년 2학기인가? 부터 해서 학성고는 격주로 고기없는날이 만들어졌는데 이번해부터 매주 월요일마다 고기없는날, 매달 채식의날이 생겼지 난 채식주의가 나쁘다고는 생각하지 않는다 당연히도 환경을 보호하자는 의견도 나쁘다 생각하지 않는다 하지만 고기없는날과 채식의날은 오히려 환경을 악화시키는 영향을 주고 결국 보여주기식 행정으로밖에 보이지 않는다고 생각한다. 우리 학교만 봐도 일단 급식이 맛없어보이면 밥안먹고 매점가는 경우 많다 그리고 몇주간 관찰하면서 본 결과 고기없는날에 매점 이용자수가 더 많다 급식을 만들기 위해서는 항상 일정량 이상의 식재료를 구입할건데 고기없는날에는 급식안먹고 매점가는 애들이 많다는걸 생각하면 남는 급식은 음식물쓰레기로, 매점 이용의 증가는 플라스틱 쓰레기로의 증가를 초래한다 결국 이는 환경오염으로 이어진다고 볼 수 있다 즉 고기없는날은 그저 말뿐인 환경보호고 실질적인 환경오염이라 생각한다 음식물쓰레기를 처리하기 위해 사용되는 물, 화석연료, 효율을 다 따져봐도 육고기써서 급식 많이 먹고 음식물쓰레기 줄이는게 효율적이라고 생각할 수 있다 그런데 음식물쓰레기 양도 늘고 플라스틱도 는다? 이건 확실한 비효율이고 환경파괴다 따라서 울산광역시교육청과 노옥희는 전시행정 그만하고 대한민국의 희망인 학생들에게 고기를 포함한 맛있는 급식을 내놔라 긴글 읽어줘서 ㄱㅅ",ㅇㅇ (121.146) 2021.04.06 01:32:17 스크랩 조회 334 추천 14 댓글 7,14,334,2021.04.06 01:32:17,https://gall.dcinside.com/mgallery/board/view/?id=hshs&no=1331&page=11
11,1330,,고기없는날인데 왜,고기없는 날이라면서 생선은 왜 나옴? 육류만 해당되는거임? - dc official App,문과 학붕이 (221.141) 2021.04.05 18:35:41 스크랩 조회 100 추천 0 댓글 1,0,100,2021.04.05 18:35:41,https://gall.dcinside.com/mgallery/board/view/?id=hshs&no=1330&page=11
11,1329,,점심시간 줄어든거 빡치면 개추,일단 나부터 ㅋㅋ,ㅇㅇ (223.39) 2021.04.05 18:25:11 스크랩 조회 139 추천 6 댓글 0,6,139,2021.04.05 18:25:11,https://gall.dcinside.com/mgallery/board/view/?id=hshs&no=1329&page=11
11,1328,,자기가 귀엽다고 생각하는 사람 개1추,일단 나부터,ㅇㅇ (211.36) 2021.04.05 16:38:58 스크랩 조회 183 추천 11 댓글 2,11,183,2021.04.05 16:38:58,https://gall.dcinside.com/mgallery/board/view/?id=hshs&no=1328&page=11
11,1327,,여기 슥통밖에 없냐?,223.39가 한 8할이노,ㅇㅇ (223.62) 2021.04.05 08:11:34 스크랩 조회 55 추천 0 댓글 0,0,55,2021.04.05 08:11:34,https://gall.dcinside.com/mgallery/board/view/?id=hshs&no=1327&page=11
11,1326,,학성고 학생회 <~ 씹간지,학교 건물 들어오기까지 학생회의 그 위압감 크으,ㅇㅇ (223.62) 2021.04.05 08:09:53 스크랩 조회 119 추천 0 댓글 0,0,119,2021.04.05 08:09:53,https://gall.dcinside.com/mgallery/board/view/?id=hshs&no=1326&page=11
11,1325,,내 앞에 앉은새끼 ㄹㅇ뭐냐,왜 계속 뒤로와서 앉을자리 없게하노... 앞에 자리많은데 앞으로 안가고 계속 뒤로 쳐땡기고 지랄이네 ㄹㅇ,ㅇㅇ (223.62) 2021.04.05 08:05:31 스크랩 조회 85 추천 0 댓글 0,0,85,2021.04.05 08:05:31,https://gall.dcinside.com/mgallery/board/view/?id=hshs&no=1325&page=11
11,1323,,학성고<<대현고,ㅇㅇ - dc official App,ㅇㅇ (218.48) 2021.04.04 14:17:32 스크랩 조회 338 추천 1 댓글 2,1,338,2021.04.04 14:17:32,https://gall.dcinside.com/mgallery/board/view/?id=hshs&no=1323&page=11
11,1322,,오늘 날씨 웰케 춥냐,ㄹㅇ,ㅇㅇ (223.39) 2021.04.04 13:36:34 스크랩 조회 57 추천 0 댓글 0,0,57,2021.04.04 13:36:34,https://gall.dcinside.com/mgallery/board/view/?id=hshs&no=1322&page=11
11,1321,,여기 1학년 없냐,나만있냐,ㅇㅇ (223.39) 2021.04.02 21:31:52 스크랩 조회 89 추천 0 댓글 2,0,89,2021.04.02 21:31:52,https://gall.dcinside.com/mgallery/board/view/?id=hshs&no=1321&page=11
11,1320,,갤주 재학생임?,ㅈㄱㄴ - dc official App,ㅇㅇ (221.162) 2021.04.02 20:35:23 스크랩 조회 101 추천 0 댓글 2,0,101,2021.04.02 20:35:23,https://gall.dcinside.com/mgallery/board/view/?id=hshs&no=1320&page=11
11,1319,,4월부터 전체등교?,ㅇㅇ?,ㅇㅇ (1.226) 2021.04.02 15:42:44 스크랩 조회 72 추천 0 댓글 0,0,72,2021.04.02 15:42:44,https://gall.dcinside.com/mgallery/board/view/?id=hshs&no=1319&page=11
11,1318,,제목,- dc official App,ㅇㅇ (175.200) 2021.04.02 08:09:11 스크랩 조회 50 추천 0 댓글 0,0,50,2021.04.02 08:09:11,https://gall.dcinside.com/mgallery/board/view/?id=hshs&no=1318&page=11
11,1317,,금요일 무야호,야 기분좋다,ㅇㅇ (223.39) 2021.04.02 08:06:59 스크랩 조회 65 추천 0 댓글 0,0,65,2021.04.02 08:06:59,https://gall.dcinside.com/mgallery/board/view/?id=hshs&no=1317&page=11
11,1316,,제목,내용,ㅇㅇ (223.39) 2021.04.02 08:06:24 스크랩 조회 66 추천 0 댓글 0,0,66,2021.04.02 08:06:24,https://gall.dcinside.com/mgallery/board/view/?id=hshs&no=1316&page=11
11,1315,,왜 서여중가서 담배피노,신정고가서 피라고 ㅋㅋ,ㅇㅇ (210.181) 2021.04.01 20:59:05 스크랩 조회 213 추천 0 댓글 1,0,213,2021.04.01 20:59:05,https://gall.dcinside.com/mgallery/board/view/?id=hshs&no=1315&page=11
11,1314,,만우절이라고 소화벨누른놈 누구냐,어그로 ㅆㅅㅌㅊ,ㅇㅇ (223.39) 2021.04.01 17:00:17 스크랩 조회 110 추천 0 댓글 1,0,110,2021.04.01 17:00:17,https://gall.dcinside.com/mgallery/board/view/?id=hshs&no=1314&page=11
11,1313,,오늘 쌤들 교복입냐?,ㅋㅋ,ㅇㅇ (223.39) 2021.04.01 08:20:44 스크랩 조회 113 추천 0 댓글 1,0,113,2021.04.01 08:20:44,https://gall.dcinside.com/mgallery/board/view/?id=hshs&no=1313&page=11
11,1312,,오늘 전체등교라는데?,4월부터 전체등교 ㅇㅇ,ㅇㅇ (223.39) 2021.04.01 08:20:05 스크랩 조회 71 추천 0 댓글 1,0,71,2021.04.01 08:20:05,https://gall.dcinside.com/mgallery/board/view/?id=hshs&no=1312&page=11
11,1311,,주변학교 코로나 확진자 나왔다고 학교 오지 말라는데?,ㅋㅋㅋ,ㅇㅇ (219.241) 2021.04.01 05:07:39 스크랩 조회 138 추천 0 댓글 1,0,138,2021.04.01 05:07:39,https://gall.dcinside.com/mgallery/board/view/?id=hshs&no=1311&page=11
11,1310,,Like an arrow in the blue sky 또하루 더 날아가지,On my pillow on my table yeah lifes goes on~,ㅇㅇ (219.241) 2021.03.31 04:13:39 스크랩 조회 85 추천 0 댓글 0,0,85,2021.03.31 04:13:39,https://gall.dcinside.com/mgallery/board/view/?id=hshs&no=1310&page=11
11,1309,,수업시간에 자습해보거나 하는거 본적있는사람?,있음?,ㅇㅇ (219.241) 2021.03.31 03:25:27 스크랩 조회 86 추천 0 댓글 1,0,86,2021.03.31 03:25:27,https://gall.dcinside.com/mgallery/board/view/?id=hshs&no=1309&page=11
11,1308,,지금 2학년 안나오냐?,전체등교인줄 ㅋㅋ,ㅇㅇ (223.39) 2021.03.30 08:06:11 스크랩 조회 66 추천 0 댓글 0,0,66,2021.03.30 08:06:11,https://gall.dcinside.com/mgallery/board/view/?id=hshs&no=1308&page=11
11,1307,,갤 슼통이 점령했노,223.39. 왜이렇게 많음?,ㅇㅇ (121.146) 2021.03.30 00:53:15 스크랩 조회 58 추천 2 댓글 1,2,58,2021.03.30 00:53:15,https://gall.dcinside.com/mgallery/board/view/?id=hshs&no=1307&page=11
11,1306,,ㅋㅋ 학교가는,흑우들  없제? ㅋㅋㅋ,ㅇㅇ (223.39) 2021.03.29 19:25:52 스크랩 조회 53 추천 0 댓글 0,0,53,2021.03.29 19:25:52,https://gall.dcinside.com/mgallery/board/view/?id=hshs&no=1306&page=11
11,1305,,걸어서 하교하는데 뒤질거같네,아 썩을,ㅇㅇ (223.39) 2021.03.29 18:11:42 스크랩 조회 77 추천 0 댓글 0,0,77,2021.03.29 18:11:42,https://gall.dcinside.com/mgallery/board/view/?id=hshs&no=1305&page=11
11,1304,,하늘 뿌연거보소 ㅅㅂ,짱깨 = 사회악,ㅇㅇ (223.39) 2021.03.29 16:45:39 스크랩 조회 60 추천 0 댓글 0,0,60,2021.03.29 16:45:39,https://gall.dcinside.com/mgallery/board/view/?id=hshs&no=1304&page=11
11,1303,,아 학교가기싫어,친구 1도 없는데 시발 진짜 ㅈㄴ 가기싫다 하 ㅆㅂ~~~~~~~~,ㅇㅇ (219.241) 2021.03.29 07:56:37 스크랩 조회 80 추천 0 댓글 1,0,80,2021.03.29 07:56:37,https://gall.dcinside.com/mgallery/board/view/?id=hshs&no=1303&page=11
11,1302,,왜 고3만 매일등교임 ㅅㅂ,하 ㅆㅂㅆㅂ,ㅇㅇ (219.241) 2021.03.29 07:43:46 스크랩 조회 74 추천 0 댓글 0,0,74,2021.03.29 07:43:46,https://gall.dcinside.com/mgallery/board/view/?id=hshs&no=1302&page=11
11,1300,,3학년 졸사언제 찍는지 아는사람,ㅇㅇ?,ㅇㅇ (223.39) 2021.03.28 14:47:34 스크랩 조회 65 추천 0 댓글 0,0,65,2021.03.28 14:47:34,https://gall.dcinside.com/mgallery/board/view/?id=hshs&no=1300&page=11
11,1299,,4월부터 진심으로 할거면 개추 ㅋㅋ,ㄹㅇ 4월부턴 개빡공한다,ㅇㅇ (223.39) 2021.03.26 16:14:38 스크랩 조회 127 추천 6 댓글 1,6,127,2021.03.26 16:14:38,https://gall.dcinside.com/mgallery/board/view/?id=hshs&no=1299&page=11
11,1298,,영어 듣기 11번 뭐냐고 ㄹㅇ 아 ㅋㅋㅋㅋㅋ,ㄹㅇ ㅋㅋㅋ,ㅇㅇ (219.241) 2021.03.26 02:51:53 스크랩 조회 91 추천 0 댓글 0,0,91,2021.03.26 02:51:53,https://gall.dcinside.com/mgallery/board/view/?id=hshs&no=1298&page=11
11,1297,,모고 ㅈ망한학붕이들 이대로 가면(가면라이더x),^^,ㄹㅇ여고생 2021.03.25 22:19:10 스크랩 조회 126 추천 0 댓글 1,0,126,2021.03.25 22:19:10,https://gall.dcinside.com/mgallery/board/view/?id=hshs&no=1297&page=11
11,1296,,정시 생각하다가 수시로 관성드리프트 각 떴으면 개추,ㄹㅇㅋㅋ,ㅇㅇ (121.146) 2021.03.25 17:13:31 스크랩 조회 180 추천 1 댓글 2,1,180,2021.03.25 17:13:31,https://gall.dcinside.com/mgallery/board/view/?id=hshs&no=1296&page=11
11,1295,,수학 난이도 미친거아니냐,ㄹㅇ 뭐노 ㄷㄷ,ㅇㅇ (223.39) 2021.03.25 17:07:18 스크랩 조회 122 추천 0 댓글 2,0,122,2021.03.25 17:07:18,https://gall.dcinside.com/mgallery/board/view/?id=hshs&no=1295&page=11
11,1294,,모고 망했으면 개추 ㅋㅋ,수시 준비하세요 여러분 아직 늦지 않았습니다,북진결사대 2021.03.25 17:04:20 스크랩 조회 167 추천 10 댓글 3,10,167,2021.03.25 17:04:20,https://gall.dcinside.com/mgallery/board/view/?id=hshs&no=1294&page=11
11,1293,,고3,모고들 잘쳐라 - dc official App,ㅇㅇ (223.39) 2021.03.25 07:54:24 스크랩 조회 55 추천 0 댓글 0,0,55,2021.03.25 07:54:24,https://gall.dcinside.com/mgallery/board/view/?id=hshs&no=1293&page=11
11,1292,,오늘 모고쳤는데,3학년 ㅈㄴ시끄럽노. 영어듣기 ㅅㅂ,ㅇㅇ (223.39) 2021.03.24 17:03:45 스크랩 조회 162 추천 6 댓글 5,6,162,2021.03.24 17:03:45,https://gall.dcinside.com/mgallery/board/view/?id=hshs&no=1292&page=11
11,1291,,부지런하게 와도 뭐라하노,8시이후로 오라는데 도대체 왜???,ㅇㅇ (223.39) 2021.03.23 08:08:51 스크랩 조회 67 추천 0 댓글 1,0,67,2021.03.23 08:08:51,https://gall.dcinside.com/mgallery/board/view/?id=hshs&no=1291&page=11
11,1290,,싱글벙글 1학년 입갤,3일동안 자다가 모의고사치러왔노 ㅋㅋ,ㅇㅇ (223.39) 2021.03.23 08:07:06 스크랩 조회 58 추천 0 댓글 0,0,58,2021.03.23 08:07:06,https://gall.dcinside.com/mgallery/board/view/?id=hshs&no=1290&page=11
11,1289,,가슴이 웅장해진다,명ㅡ문,ㅇㅇ (1.226) 2021.03.22 23:59:25 스크랩 조회 123 추천 6 댓글 0,6,123,2021.03.22 23:59:25,https://gall.dcinside.com/mgallery/board/view/?id=hshs&no=1289&page=11
11,1288,,이번주 2학년들 개꿀빠네,월 학교 화 온클 수 모고 목 온클 금 학교 1학년들 오열하냐? - dc official App,ㅇㅇ (223.39) 2021.03.22 16:56:56 스크랩 조회 97 추천 0 댓글 4,0,97,2021.03.22 16:56:56,https://gall.dcinside.com/mgallery/board/view/?id=hshs&no=1288&page=11
11,1287,,고기없는날 <~ ㅈ같으면 개추,ㄹㅇㅋㅋ,ㅇㅇ (223.39) 2021.03.22 08:18:38 스크랩 조회 127 추천 7 댓글 1,7,127,2021.03.22 08:18:38,https://gall.dcinside.com/mgallery/board/view/?id=hshs&no=1287&page=11
11,1286,,아,왜등교,ㅇㅇ (223.39) 2021.03.22 08:17:41 스크랩 조회 47 추천 0 댓글 0,0,47,2021.03.22 08:17:41,https://gall.dcinside.com/mgallery/board/view/?id=hshs&no=1286&page=11
12,1285,,내일 학교가누,즐거운 학고생활 기대된당♡♡♡,ㅇㅇ (1.226) 2021.03.22 02:50:09 스크랩 조회 44 추천 0 댓글 0,0,44,2021.03.22 02:50:09,https://gall.dcinside.com/mgallery/board/view/?id=hshs&no=1285&page=12
12,1284,,고3 영어 모고 웰케 어렵냐,자이 푸는데 ㅈㄴ 어렵네,ㅇㅇ (219.241) 2021.03.21 11:37:05 스크랩 조회 66 추천 0 댓글 0,0,66,2021.03.21 11:37:05,https://gall.dcinside.com/mgallery/board/view/?id=hshs&no=1284&page=12
12,1283,,벌써 3월모의고사가 있는 주네,학성고 위엄 함 보여줘야 마땅하지 않겠노?,ㅇㅇ (121.146) 2021.03.21 10:11:27 스크랩 조회 95 추천 5 댓글 0,5,95,2021.03.21 10:11:27,https://gall.dcinside.com/mgallery/board/view/?id=hshs&no=1283&page=12
12,1282,,요즘 급식 노무 짜지않냐,노무짜다 ㄹㅇ...,ㅇㅇ (223.39) 2021.03.19 08:12:46 스크랩 조회 76 추천 0 댓글 2,0,76,2021.03.19 08:12:46,https://gall.dcinside.com/mgallery/board/view/?id=hshs&no=1282&page=12
12,1281,,병국인지 병욱인지 <~얘 누구냐,나만 문찐임? 나만모르는거같노,ㅇㅇ (223.39) 2021.03.19 08:11:32 스크랩 조회 122 추천 0 댓글 1,0,122,2021.03.19 08:11:32,https://gall.dcinside.com/mgallery/board/view/?id=hshs&no=1281&page=12
12,1280,,체단실,체단실 사용 ㄱㄴ?,ㅇㅇ (211.63) 2021.03.18 22:18:45 스크랩 조회 74 추천 0 댓글 2,0,74,2021.03.18 22:18:45,https://gall.dcinside.com/mgallery/board/view/?id=hshs&no=1280&page=12
12,1279,,이새끼들 왜 사진 없이 글올리냐?,사진 포함해서 글써라,ㅇㅇ (223.62) 2021.03.17 08:08:17 스크랩 조회 112 추천 0 댓글 0,0,112,2021.03.17 08:08:17,https://gall.dcinside.com/mgallery/board/view/?id=hshs&no=1279&page=12
12,1278,,얘들아 이거 인싸냐?,학교에서 아침저녁으로 똥싸면 인싸냐?,ㅇㅇ (223.62) 2021.03.16 08:13:51 스크랩 조회 98 추천 1 댓글 3,1,98,2021.03.16 08:13:51,https://gall.dcinside.com/mgallery/board/view/?id=hshs&no=1278&page=12
12,1277,,베이징의 향기 입갤 2일차,오늘은 몽골도 가세 ㅋㅋ,ㅇㅇ (223.33) 2021.03.16 08:06:58 스크랩 조회 52 추천 0 댓글 0,0,52,2021.03.16 08:06:58,https://gall.dcinside.com/mgallery/board/view/?id=hshs&no=1277&page=12
12,1276,,내가 메가스터디를 좀 더 빨리 알았더라면!!!,지금 이렇게 안급했을텐데 후.....,ㅇㅇ (219.241) 2021.03.16 04:45:09 스크랩 조회 57 추천 0 댓글 1,0,57,2021.03.16 04:45:09,https://gall.dcinside.com/mgallery/board/view/?id=hshs&no=1276&page=12
12,1275,,수능 너무 걱정된다,벌써 D-247... 내가 잘할수 있을까...,ㅇㅇ (219.241) 2021.03.16 04:43:29 스크랩 조회 60 추천 0 댓글 0,0,60,2021.03.16 04:43:29,https://gall.dcinside.com/mgallery/board/view/?id=hshs&no=1275&page=12
12,1274,,본인 꽃 사진 찍어봄,매화,울산에 살고싶다 (1.226) 2021.03.16 02:07:13 스크랩 조회 208 추천 5 댓글 2,5,208,2021.03.16 02:07:13,https://gall.dcinside.com/mgallery/board/view/?id=hshs&no=1274&page=12
12,1273,,1학년들 불쌍하다,학고의 베스트 메뉴 탑5 순대국하고 막국수를 못먹다니 - dc official App,닦이 (223.33) 2021.03.15 21:01:29 스크랩 조회 70 추천 0 댓글 1,0,70,2021.03.15 21:01:29,https://gall.dcinside.com/mgallery/board/view/?id=hshs&no=1273&page=12
12,1272,,오늘 전체등교임?,ㅇㅇ?,ㅇㅇ (223.39) 2021.03.15 08:04:01 스크랩 조회 58 추천 0 댓글 1,0,58,2021.03.15 08:04:01,https://gall.dcinside.com/mgallery/board/view/?id=hshs&no=1272&page=12
12,1271,,베이징의 향기 입갤,"방사능, 중금속, 초미세먼지 등 베이징의 향기 한국 입갤 ㅋㅋ",ㅇㅇ (223.39) 2021.03.15 08:03:30 스크랩 조회 31 추천 0 댓글 0,0,31,2021.03.15 08:03:30,https://gall.dcinside.com/mgallery/board/view/?id=hshs&no=1271&page=12
12,1270,,ㄷㄷ,쓱싹 - dc official App,닦이 (223.33) 2021.03.14 13:38:02 스크랩 조회 41 추천 0 댓글 0,0,41,2021.03.14 13:38:02,https://gall.dcinside.com/mgallery/board/view/?id=hshs&no=1270&page=12
12,1269,,아,아,ㅇㅇ (223.39) 2021.03.14 10:57:24 스크랩 조회 44 추천 0 댓글 0,0,44,2021.03.14 10:57:24,https://gall.dcinside.com/mgallery/board/view/?id=hshs&no=1269&page=12
12,1268,,학붕이들아,주말 잘보내자 1학년들은 담주 학교가네 - dc official App,ㅇㅇ (175.200) 2021.03.13 08:34:55 스크랩 조회 53 추천 0 댓글 0,0,53,2021.03.13 08:34:55,https://gall.dcinside.com/mgallery/board/view/?id=hshs&no=1268&page=12
12,1267,,나 네임드인데 갤주 넘겨주라,젭ㅂ발 - dc official App,ㅇㅇ (223.39) 2021.03.12 21:23:54 스크랩 조회 115 추천 0 댓글 7,0,115,2021.03.12 21:23:54,https://gall.dcinside.com/mgallery/board/view/?id=hshs&no=1267&page=12
12,1266,,Binary는 학성고,입갤,ㅇㅇ (223.39) 2021.03.12 08:11:51 스크랩 조회 50 추천 0 댓글 0,0,50,2021.03.12 08:11:51,https://gall.dcinside.com/mgallery/board/view/?id=hshs&no=1266&page=12
12,1265,,확진자,저번에 신정고에서도 한명 나왔고 이번에 서여중에서도 나왔는데 학원 집단감염이 없는게 말이되는거냐? ㅋㅋ 애새끼들 학원 안다니나 - dc official App,ㅇㅇ (223.39) 2021.03.12 08:03:01 스크랩 조회 70 추천 0 댓글 1,0,70,2021.03.12 08:03:01,https://gall.dcinside.com/mgallery/board/view/?id=hshs&no=1265&page=12
12,1264,,.,순대국나옴,ㅇㅇ (223.62) 2021.03.11 08:13:51 스크랩 조회 52 추천 3 댓글 1,3,52,2021.03.11 08:13:51,https://gall.dcinside.com/mgallery/board/view/?id=hshs&no=1264&page=12
12,1263,,큰일남,나 친구없는데 학교 너무 빨리옴,ㅇㅇ (223.62) 2021.03.11 08:07:38 스크랩 조회 139 추천 5 댓글 1,5,139,2021.03.11 08:07:38,https://gall.dcinside.com/mgallery/board/view/?id=hshs&no=1263&page=12
12,1262,,정상등교 입갤,사실 3학년은 어떻게되던 간다고 아 ㅋㅋ,ㅇㅇ (121.146) 2021.03.11 07:42:22 스크랩 조회 54 추천 0 댓글 0,0,54,2021.03.11 07:42:22,https://gall.dcinside.com/mgallery/board/view/?id=hshs&no=1262&page=12
12,1261,,"어림도 없지 ""등교 500배""",으아아아아아악,ㅇㅇ (219.241) 2021.03.11 07:38:15 스크랩 조회 63 추천 0 댓글 0,0,63,2021.03.11 07:38:15,https://gall.dcinside.com/mgallery/board/view/?id=hshs&no=1261&page=12
12,1260,,등교중지 하라고,등교중지 하라고 등교중지 하라고 등교중지 하라고 등교중지 하라고 등교중지 하라고 등교중지 하라고 등교중지 하라고 등교중지 하라고 등교중지 하라고 등교중지 하라고 등교중지 하라고 등교중지 하라고 등교중지 하라고 등교중지 하라고 등교중지 하라고 등교중지 하라고 등교중지 하라고 등교중지 하라고 등교중지 하라고 등교중지 하라고 등교중지 하라고 등교중지 하라고 등교중지 하라고 등교중지 하라고 등교중지 하라고 등교중지 하라고 등교중지 하라고 등교중지 하라고 등교중지 하라고 등교중지 하라고 등교중지 하라고 등교중지 하라고 등교중지 하라고 등교중지 하라고 등교중지 하라고 등교중지 하라고 등교중지 하라고 등교중지 하라고 등교중지 하라고 등교중지 하라고 등교중지 하라고 등교중지 하라고 등교중지 하라고 등교중지 하라고 등교중지 하라고 등교중지 하라고 등교중지 하라고 등교중지 하라고 등교중지 하라고 등교중지 하라고 등교중지 하라고 등교중지 하라고 등교중지 하라고 등교중지 하라고 등교중지 하라고 등교중지 하라고 등교중지 하라고 등교중지 하라고 등교중지 하라고 등교중지 하라고 등교중지 하라고 등교중지 하라고 등교중지 하라고 등교중지 하라고 등교중지 하라고 등교중지 하라고 등교중지 하라고 등교중지 하라고 등교중지 하라고 등교중지 하라고 등교중지 하라고 등교중지 하라고 등교중지 하라고 등교중지 하라고 등교중지 하라고 등교중지 하라고 등교중지 하라고 등교중지 하라고 등교중지 하라고 등교중지 하라고 등교중지 하라고 등교중지 하라고 등교중지 하라고 등교중지 하라고 등교중지 하라고 등교중지 하라고 등교중지 하라고 등교중지 하라고 등교중지 하라고 등교중지 하라고 등교중지 하라고 등교중지 하라고 등교중지 하라고 등교중지 하라고 등교중지 하라고 등교중지 하라고 등교중지 하라고 등교중지 하라고 등교중지 하라고 등교중지 하라고 등교중지 하라고 등교중지 하라고 등교중지 하라고 등교중지 하라고 등교중지 하라고 등교중지 하라고 등교중지 하라고 등교중지 하라고 등교중지 하라고 등교중지 하라고 등교중지 하라고 등교중지 하라고 등교중지 하라고 등교중지 하라고 등교중지 하라고 등교중지 하라고 등교중지 하라고 등교중지 하라고 등교중지 하라고 등교중지 하라고 등교중지 하라고 등교중지 하라고 등교중지 하라고 등교중지 하라고 등교중지 하라고 등교중지 하라고 등교중지 하라고 등교중지 하라고 등교중지 하라고 등교중지 하라고 등교중지 하라고 등교중지 하라고 등교중지 하라고 등교중지 하라고 등교중지 하라고 등교중지 하라고 등교중지 하라고 등교중지 하라고 등교중지 하라고 등교중지 하라고 등교중지 하라고 등교중지 하라고 등교중지 하라고 등교중지 하라고 등교중지 하라고 등교중지 하라고 등교중지 하라고 등교중지 하라고 등교중지 하라고 등교중지 하라고 등교중지 하라고 등교중지 하라고 등교중지 하라고 등교중지 하라고 등교중지 하라고 등교중지 하라고 등교중지 하라고 등교중지 하라고 등교중지 하라고 등교중지 하라고 등교중지 하라고 등교중지 하라고 등교중지 하라고 등교중지 하라고 등교중지 하라고 등교중지 하라고 등교중지 하라고 등교중지 하라고 등교중지 하라고 등교중지 하라고 등교중지 하라고 등교중지 하라고 등교중지 하라고 등교중지 하라고 등교중지 하라고 등교중지 하라고 등교중지 하라고 등교중지 하라고 등교중지 하라고 등교중지 하라고 등교중지 하라고 등교중지 하라고 등교중지 하라고 등교중지 하라고 등교중지 하라고 등교중지 하라고 등교중지 하라고 등교중지 하라고 등교중지 하라고 등교중지 하라고 등교중지 하라고 등교중지 하라고 등교중지 하라고 등교중지 하라고 등교중지 하라고 등교중지 하라고 등교중지 하라고 등교중지 하라고 등교중지 하라고 등교중지 하라고 등교중지 하라고 등교중지 하라고 등교중지 하라고 등교중지 하라고 등교중지 하라고 등교중지 하라고 등교중지 하라고 등교중지 하라고 등교중지 하라고 등교중지 하라고 등교중지 하라고 등교중지 하라고 등교중지 하라고 등교중지 하라고 등교중지 하라고 등교중지 하라고 등교중지 하라고 등교중지 하라고 등교중지 하라고 등교중지 하라고 등교중지 하라고 등교중지 하라고 등교중지 하라고 등교중지 하라고 등교중지 하라고 등교중지 하라고 등교중지 하라고 등교중지 하라고 등교중지 하라고 등교중지 하라고 등교중지 하라고 등교중지 하라고 등교중지 하라고 등교중지 하라고 등교중지 하라고 등교중지 하라고 등교중지 하라고 등교중지 하라고 등교중지 하라고 등교중지 하라고 등교중지 하라고 등교중지 하라고 등교중지 하라고 등교중지 하라고 등교중지 하라고,ㅇㅇ (211.193) 2021.03.11 00:19:15 스크랩 조회 68 추천 0 댓글 1,0,68,2021.03.11 00:19:15,https://gall.dcinside.com/mgallery/board/view/?id=hshs&no=1260&page=12
12,1259,,서여중 1학년 코로나라는데...,학붕이신입생들은 코로나 안걸려주니... 다다음주에 걸려주라 - dc official App,ㅇㅇ (223.39) 2021.03.10 22:47:00 스크랩 조회 115 추천 0 댓글 5,0,115,2021.03.10 22:47:00,https://gall.dcinside.com/mgallery/board/view/?id=hshs&no=1259&page=12
12,1258,,3학년 등교중지 가능?,된다 개추vs 될꺼같노? 비추,느금누골 2021.03.10 21:20:33 스크랩 조회 72 추천 1 댓글 0,1,72,2021.03.10 21:20:33,https://gall.dcinside.com/mgallery/board/view/?id=hshs&no=1258&page=12
12,1257,,등교중지 떴냐 ㅋㅋㅋㅋㅋㅋㅋ,제발 ㅋㅋㅋㅋㅋ,ㅇㅇ (219.241) 2021.03.10 17:05:42 스크랩 조회 68 추천 0 댓글 1,0,68,2021.03.10 17:05:42,https://gall.dcinside.com/mgallery/board/view/?id=hshs&no=1257&page=12
12,1256,,복도에서 음악트는새끼 누구냐?,개빡치게 하는데 찐따라 말을 못하겠노,ㅇㅇ (223.39) 2021.03.10 08:10:16 스크랩 조회 82 추천 0 댓글 1,0,82,2021.03.10 08:10:16,https://gall.dcinside.com/mgallery/board/view/?id=hshs&no=1256&page=12
12,1255,,학붕이들아 너희들의 힘이 필요하다!,"http://kko.to/l9WhGWIYM 카카오톡 학교응원하기에 참가해서 우리도 치킨함 먹어보자 지금 5000위 정도인데 단톡방에 공유해서 1등함 하자 학붕이들의 단결력이 필요하다 ""우리는 자랑스러운 학성고학생이다""",ㄹㅇ여고생 2021.03.09 17:26:55 스크랩 조회 223 추천 7 댓글 1,7,223,2021.03.09 17:26:55,https://gall.dcinside.com/mgallery/board/view/?id=hshs&no=1255&page=12
12,1254,,지금 1학년특,수요일에 나오는 마크니커리덮밥 뭔지 궁금해서 미치는중 ㅋㅋ,ㅇㅇ (223.39) 2021.03.09 08:16:43 스크랩 조회 82 추천 0 댓글 1,0,82,2021.03.09 08:16:43,https://gall.dcinside.com/mgallery/board/view/?id=hshs&no=1254&page=12
12,1253,,"[속보] 울산시교육청, '세계 여성의 날' 맞아 성평등 정책 공유",노옥희 교육감 행사에 앞서 여직원에 빵과 장미 선물...이게 걔들이 말하는 「평등」이냐?,ㅇㅇ (223.62) 2021.03.09 08:07:36 스크랩 조회 169 추천 6 댓글 2,6,169,2021.03.09 08:07:36,https://gall.dcinside.com/mgallery/board/view/?id=hshs&no=1253&page=12
12,1252,,파값 3배뛰었는데 급식에 파가 나오네,어케했노,ㅇㅇ (121.146) 2021.03.09 00:43:48 스크랩 조회 191 추천 7 댓글 16,7,191,2021.03.09 00:43:48,https://gall.dcinside.com/mgallery/board/view/?id=hshs&no=1252&page=12
12,1251,,ㅇㅇ,ㅇㅇ - dc official App,ㅇㅇ (223.33) 2021.03.08 22:02:23 스크랩 조회 53 추천 0 댓글 0,0,53,2021.03.08 22:02:23,https://gall.dcinside.com/mgallery/board/view/?id=hshs&no=1251&page=12
12,1250,,월요일 급식,두부김치 나옴 ㅋㅋ,ㅇㅇ (223.39) 2021.03.08 08:10:05 스크랩 조회 39 추천 0 댓글 0,0,39,2021.03.08 08:10:05,https://gall.dcinside.com/mgallery/board/view/?id=hshs&no=1250&page=12
12,1249,,고1,1주만 대신 더 학교가주라 ㅋㅋ - dc official App,ㅇㅇ (175.200) 2021.03.07 23:41:08 스크랩 조회 60 추천 0 댓글 0,0,60,2021.03.07 23:41:08,https://gall.dcinside.com/mgallery/board/view/?id=hshs&no=1249&page=12
12,1248,,2학년 어서오고,내일 등교 ㅋㅋㅋㅋㅋㅋㅋㅋㅋㅋㅋㅋㅋㅋㅋㅋㅋㅋㅋ,ㅇㅇ (121.146) 2021.03.07 13:19:32 스크랩 조회 78 추천 0 댓글 3,0,78,2021.03.07 13:19:32,https://gall.dcinside.com/mgallery/board/view/?id=hshs&no=1248&page=12
12,1247,,학성고앞특,사고다발지역 ㅇㅇ 오늘도 차끼리 박았드라,ㅇㅇ (223.39) 2021.03.05 08:09:43 스크랩 조회 100 추천 0 댓글 1,0,100,2021.03.05 08:09:43,https://gall.dcinside.com/mgallery/board/view/?id=hshs&no=1247&page=12
12,1246,,ㅇ응애,이제 이 갤러리는 응애단이 지배한다,느금누골 2021.03.05 00:09:10 스크랩 조회 164 추천 5 댓글 2,5,164,2021.03.05 00:09:10,https://gall.dcinside.com/mgallery/board/view/?id=hshs&no=1246&page=12
12,1245,,1학년들 학교 생활 3년이나 더해야되노 ㅋㅋㅋㅋㅋ,난 올해가 끝 ㅋㅋㅋㅋㅋㅋㅋ,ㅇㅇ (219.241) 2021.03.04 17:08:34 스크랩 조회 98 추천 0 댓글 0,0,98,2021.03.04 17:08:34,https://gall.dcinside.com/mgallery/board/view/?id=hshs&no=1245&page=12
12,1244,,신입생들 뭐하냐?,학교 몇일이나 갔다고 담배걸리노,ㅇㅇ (223.39) 2021.03.04 16:48:15 스크랩 조회 112 추천 0 댓글 2,0,112,2021.03.04 16:48:15,https://gall.dcinside.com/mgallery/board/view/?id=hshs&no=1244&page=12
12,1243,,1학년특,3학년인줄 알고 볼때마다 놀람,고3학붕 (223.62) 2021.03.04 08:05:15 스크랩 조회 58 추천 0 댓글 0,0,58,2021.03.04 08:05:15,https://gall.dcinside.com/mgallery/board/view/?id=hshs&no=1243&page=12
12,1242,,예아 정상수업 아니겠습니까,딱좋노,ㅇㅇ (223.33) 2021.03.03 08:09:21 스크랩 조회 55 추천 0 댓글 1,0,55,2021.03.03 08:09:21,https://gall.dcinside.com/mgallery/board/view/?id=hshs&no=1242&page=12
12,1241,,그냥 미1친놈마냥,그저.... 개학을..... ㅆㅂ....하.....,ㅇㅇ (219.241) 2021.03.02 02:48:29 스크랩 조회 91 추천 0 댓글 0,0,91,2021.03.02 02:48:29,https://gall.dcinside.com/mgallery/board/view/?id=hshs&no=1241&page=12
12,1240,,고2 지과1  천재교육 교과서 어캐생김?,답변좀,ㅇㅇ (1.226) 2021.03.01 21:27:23 스크랩 조회 63 추천 0 댓글 1,0,63,2021.03.01 21:27:23,https://gall.dcinside.com/mgallery/board/view/?id=hshs&no=1240&page=12
12,1239,,학성고 2021 입결,ㄷㄷ 대단하다 학성!,ㅇㅇ (211.213) 2021.02.28 21:14:26 스크랩 조회 1212 추천 6 댓글 3,6,1212,2021.02.28 21:14:26,https://gall.dcinside.com/mgallery/board/view/?id=hshs&no=1239&page=12
12,1235,,수특 학교에서 나눠주는줄 알았는데 직접 사야하나보네,헐,ㅇㅇ (219.241) 2021.02.23 01:19:44 스크랩 조회 92 추천 1 댓글 2,1,92,2021.02.23 01:19:44,https://gall.dcinside.com/mgallery/board/view/?id=hshs&no=1235&page=12
12,1234,,명문학고,입갤 - dc official App,생명사랑해 (203.228) 2021.02.22 15:15:42 스크랩 조회 82 추천 0 댓글 0,0,82,2021.02.22 15:15:42,https://gall.dcinside.com/mgallery/board/view/?id=hshs&no=1234&page=12
12,1233,,학고졸업생이다 재수하러 강대자별들간다,윤x희 없어서 선생들 다 ㅈ밥들이니깐 ㅈ같이굴면 걍 씹고 자습하셈,솔직담백티비 (128.134) 2021.02.22 00:24:58 스크랩 조회 103 추천 0 댓글 2,0,103,2021.02.22 00:24:58,https://gall.dcinside.com/mgallery/board/view/?id=hshs&no=1233&page=12
13,1231,,설마 울산 옥동 학성고냐?,설마,ㅇㅇ (223.33) 2021.02.12 20:21:26 스크랩 조회 456 추천 5 댓글 4,5,456,2021.02.12 20:21:26,https://gall.dcinside.com/mgallery/board/view/?id=hshs&no=1231&page=13
13,1230,,학붕이 아자르 하는데 이새끼 뭐냐...jpg,이슬람 탈레반 만난것같다 ㅋㅋㅋ - dc official App,ㅇㅇ (219.241) 2021.02.09 12:46:45 스크랩 조회 322 추천 6 댓글 3,6,322,2021.02.09 12:46:45,https://gall.dcinside.com/mgallery/board/view/?id=hshs&no=1230&page=13
13,1229,,예아,예아,ㅇㅇ (223.62) 2021.02.08 08:16:02 스크랩 조회 56 추천 0 댓글 0,0,56,2021.02.08 08:16:02,https://gall.dcinside.com/mgallery/board/view/?id=hshs&no=1229&page=13
13,1227,,화학사랑해 짭,잘부탁드립니다 - dc official App,생명사랑해 (203.228) 2021.02.07 18:11:14 스크랩 조회 64 추천 0 댓글 0,0,64,2021.02.07 18:11:14,https://gall.dcinside.com/mgallery/board/view/?id=hshs&no=1227&page=13
13,1226,,망갤다됐노,돌아와라 화학사랑해,ㅇㅇ (210.181) 2021.02.06 20:45:11 스크랩 조회 95 추천 2 댓글 2,2,95,2021.02.06 20:45:11,https://gall.dcinside.com/mgallery/board/view/?id=hshs&no=1226&page=13
13,1225,,학성고에서 수능 침ㅋㅋ,느그 스피커 품질 좋더라ㅋㅋ 덕분에 90점 1등급 받아버렸^노^,ㅇㅇ (211.109) 2021.01.31 06:06:06 스크랩 조회 127 추천 0 댓글 2,0,127,2021.01.31 06:06:06,https://gall.dcinside.com/mgallery/board/view/?id=hshs&no=1225&page=13
13,1221,,개념글 도전,- dc official App,ㅇㅇ (223.33) 2021.01.24 15:20:08 스크랩 조회 256 추천 15 댓글 3,15,256,2021.01.24 15:20:08,https://gall.dcinside.com/mgallery/board/view/?id=hshs&no=1221&page=13
13,1220,,2022 수능 D-300 입갤 ㅋㅋㅋ,좆됐다!!!!! - dc official App,ㅇㅇ (219.241) 2021.01.22 00:22:39 스크랩 조회 63 추천 0 댓글 0,0,63,2021.01.22 00:22:39,https://gall.dcinside.com/mgallery/board/view/?id=hshs&no=1220&page=13
13,1219,,메가에서 학교대항전으로 간식이벤트 한다,오늘 (1월 20일) 기점으로 아직 우린 4등임 1월 28일 목요일까지니까 다들 참여해 명문 학성고교의 위력을 보여주자 http://m.megastudy.net/mobile/smart/event/2021/m_0118_ev22928/main.asp#_blank,ㅇㅇ (121.176) 2021.01.20 13:17:48 스크랩 조회 76 추천 1 댓글 0,1,76,2021.01.20 13:17:48,https://gall.dcinside.com/mgallery/board/view/?id=hshs&no=1219&page=13
13,1218,,우리학교 3학년때 수특으로 내신함??,ㅇㅇ? 그럼 따로 수특안사도 되는건가? 아는사람?? - dc official App,ㅇㅇ (219.241) 2021.01.20 01:21:00 스크랩 조회 190 추천 0 댓글 1,0,190,2021.01.20 01:21:00,https://gall.dcinside.com/mgallery/board/view/?id=hshs&no=1218&page=13
13,1217,,많이 늦었지만 2021년 축하한다 학붕이들아,올해는 다 잘되길 기도할게,ㄹㅇ여고생 2021.01.19 01:10:58 스크랩 조회 78 추천 0 댓글 0,0,78,2021.01.19 01:10:58,https://gall.dcinside.com/mgallery/board/view/?id=hshs&no=1217&page=13
13,1216,,최신) 21년 경상도 일반대학 서열,"(1) 부산대, 경북대 (2) 부경대 (2.5) 부산대 밀양캠 (3) 해양대, 경상대, 창원대, 금오공대 (3.5) 동아대, 영남대 (4) 울산대, 계명대, 경성대, 경북대 상주캠",ㅇㅇ (223.62) 2021.01.16 22:46:15 스크랩 조회 153 추천 1 댓글 0,1,153,2021.01.16 22:46:15,https://gall.dcinside.com/mgallery/board/view/?id=hshs&no=1216&page=13
13,1214,,***** 1/13 오후 10시 알페스 총공 화력지원 요청 ******,다들 알페스가 뭔지 알지? 모르는 갤러들은 https://www1.president.go.kr/petitions/595551 여기 들어가서 한번 보라구 이젠 독립운동가들까지 들먹이고 있으니.. 실화냐.. 선 시게 넘네... 자세한 상황은 AI 이루다 갤러리 에서 확인 ㄱㄱ,ㅇㅇ (122.34) 2021.01.13 09:00:10 스크랩 조회 217 추천 5 댓글 0,5,217,2021.01.13 09:00:10,https://gall.dcinside.com/mgallery/board/view/?id=hshs&no=1214&page=13
13,1213,,갤 망했네,공부가 제일 어려운거같은데요 인수분해 맛 좀 볼래? 이지은 정말로 사랑해♡,화학사랑해 2021.01.11 15:04:23 스크랩 조회 104 추천 0 댓글 0,0,104,2021.01.11 15:04:23,https://gall.dcinside.com/mgallery/board/view/?id=hshs&no=1213&page=13
13,1212,,학고갤 탈퇴한다,ㅅㄱ들 해라 현생과 내 미래를 챙길거다 그치만 오르비는 못참는다 - dc official App,수시 (175.200) 2021.01.10 05:10:45 스크랩 조회 112 추천 4 댓글 0,4,112,2021.01.10 05:10:45,https://gall.dcinside.com/mgallery/board/view/?id=hshs&no=1212&page=13
13,1211,,공부 히루 10시간,어케하노 ㄷㄷ - dc official App,00 (175.200) 2021.01.10 02:30:05 스크랩 조회 97 추천 0 댓글 0,0,97,2021.01.10 02:30:05,https://gall.dcinside.com/mgallery/board/view/?id=hshs&no=1211&page=13
13,1210,,밑에 글보고 정신승리함,난 우리학교 수준이 너무 높아서 어쩔수없이 정시를 하는거임 ㅇㅇ... - dc official App,ㅇㅇ (219.241) 2021.01.09 23:32:11 스크랩 조회 114 추천 2 댓글 1,2,114,2021.01.09 23:32:11,https://gall.dcinside.com/mgallery/board/view/?id=hshs&no=1210&page=13
13,1209,,대명문 학성고,전국고등학교순위에서 인문계3위 자연계4위,ㅇㅇ (223.33) 2021.01.09 13:54:24 스크랩 조회 358 추천 0 댓글 4,0,358,2021.01.09 13:54:24,https://gall.dcinside.com/mgallery/board/view/?id=hshs&no=1209&page=13
13,1208,,사람 집중력에 한계가 있나?,공부가 제일 어려운거같은데요 16+2+6 공부로 하루 중 16시간을 공부해야 서성한정도는 간다고 하길래 일단 16시간은 너무 많은거같아서 오늘 14시간 목표잡고 공부했는데 11시간보다 조금 더 했을때 갑자기 집중 풀리면서 공부가 안되는거임 더이상 내 뇌가 공부하기 싫나보다 ㅋㅋ 하면서 수능 2점짜리 문제 보는데 안풀림 처음에는 걍 당황했는데 10분째 못품 내 집중력에 슬퍼하며 하던거 다 치움 ㅋㅋ 하루 12시간 넘게 어떻게 하냐 존경한다 ㄹㅇ 이지은 정말로 사랑해♡,화학사랑해 2021.01.09 01:16:19 스크랩 조회 161 추천 0 댓글 3,0,161,2021.01.09 01:16:19,https://gall.dcinside.com/mgallery/board/view/?id=hshs&no=1208&page=13
13,1206,,고3 학붕이들아 하루에 공부 몇시간 정도함??,ㅇㅇ? - dc official App,ㅇㅇ (219.241) 2021.01.07 00:31:44 스크랩 조회 117 추천 0 댓글 1,0,117,2021.01.07 00:31:44,https://gall.dcinside.com/mgallery/board/view/?id=hshs&no=1206&page=13
13,1205,,눈,왜 윗동네만 오냐 ㅂㄷㅂㄷ - dc official App,정시파이터 (175.200) 2021.01.06 23:13:04 스크랩 조회 63 추천 0 댓글 1,0,63,2021.01.06 23:13:04,https://gall.dcinside.com/mgallery/board/view/?id=hshs&no=1205&page=13
13,1204,,17분 뒤 전교 회장/부회장선거 종료,공부가 제일 어려운거같은데요 http://haksung.ovote.kr ㅇㅇ 투표해 이지은 정말로 사랑해♡,화학사랑해 2021.01.06 11:43:07 스크랩 조회 124 추천 0 댓글 0,0,124,2021.01.06 11:43:07,https://gall.dcinside.com/mgallery/board/view/?id=hshs&no=1204&page=13
13,1203,,방학 어서오고,^~^ - dc official App,정시파이터 (175.200) 2021.01.06 08:33:09 스크랩 조회 62 추천 0 댓글 0,0,62,2021.01.06 08:33:09,https://gall.dcinside.com/mgallery/board/view/?id=hshs&no=1203&page=13
13,1202,,인강 듣는애들아 교재값 얼마씩 깨지냐?,국영수과탐 교재 다사면 60 70이상 깨질것같은데 니들도 그러냐??? - dc official App,ㅇㅇ (219.241) 2021.01.05 17:52:38 스크랩 조회 501 추천 0 댓글 5,0,501,2021.01.05 17:52:38,https://gall.dcinside.com/mgallery/board/view/?id=hshs&no=1202&page=13
13,1201,,고1들 폰안냈냐???,공부가 제일 어려운거같은데요 그 부회장 후보들한테 익명커뮤니티 이런거 만들지 말고 학성고 마이너 갤러리를 사용하자고 건의해봐 이지은 정말로 사랑해♡,화학사랑해 2021.01.05 09:49:02 스크랩 조회 137 추천 1 댓글 2,1,137,2021.01.05 09:49:02,https://gall.dcinside.com/mgallery/board/view/?id=hshs&no=1201&page=13
13,1200,,고1 게이들아 학교 잘다녀와라 ㅋㅋㅋ,난 잠을잘테니 잘 다녀오도록... 아침 7시반에 교복 주섬주섬 찾아입고 현관문 여는거 어우 상상만 해도 ㅈ같네 ㅋㅋㅋㅋㅋ - dc official App,ㅇㅇ (219.241) 2021.01.05 01:41:10 스크랩 조회 121 추천 0 댓글 2,0,121,2021.01.05 01:41:10,https://gall.dcinside.com/mgallery/board/view/?id=hshs&no=1200&page=13
13,1199,,잇올다니는놈없냐,시발 여기 자리언제생기냐,ㅇㅇ (211.213) 2021.01.04 21:49:19 스크랩 조회 62 추천 0 댓글 1,0,62,2021.01.04 21:49:19,https://gall.dcinside.com/mgallery/board/view/?id=hshs&no=1199&page=13
13,1198,,1학년들 내일 가면 12시에 마칠거다,진짜 아무것도안하고 사인만 하다옴 심지어 반에 따라 폰도 안걷을수도? - dc official App,맛없는양파 2021.01.04 17:56:11 스크랩 조회 107 추천 0 댓글 9,0,107,2021.01.04 17:56:11,https://gall.dcinside.com/mgallery/board/view/?id=hshs&no=1198&page=13
13,1197,,내일 몇시에 마침?,똑같이 마치나? - dc official App,ㅇㅇ (223.33) 2021.01.03 22:53:24 스크랩 조회 70 추천 0 댓글 2,0,70,2021.01.03 22:53:24,https://gall.dcinside.com/mgallery/board/view/?id=hshs&no=1197&page=13
13,1196,,학교 내일만 가는거맞음?,아니면 1월 8일까지 계속 가는건가? 성적확인하러 내일 하루만 가는거 맞나?? - dc official App,ㅇㅇ (219.241) 2021.01.03 03:38:12 스크랩 조회 93 추천 0 댓글 5,0,93,2021.01.03 03:38:12,https://gall.dcinside.com/mgallery/board/view/?id=hshs&no=1196&page=13
13,1195,,시빌 작심,옥동점 왜 보지들만 받냐 - dc official App,예비고2 (175.200) 2021.01.02 22:30:42 스크랩 조회 78 추천 0 댓글 5,0,78,2021.01.02 22:30:42,https://gall.dcinside.com/mgallery/board/view/?id=hshs&no=1195&page=13
13,1194,,메가스터디 화난다,공부가 제일 어려운거같은데요 왜 아직도 옥천 이지은 정말로 사랑해♡,화학사랑해 2021.01.02 22:16:07 스크랩 조회 81 추천 0 댓글 1,0,81,2021.01.02 22:16:07,https://gall.dcinside.com/mgallery/board/view/?id=hshs&no=1194&page=13
13,1193,,화학사랑해 선정 2020 가장 최고의 명언,공부가 제일 어려운거같은데요 그런거 볼 시간에 교과서 한 글자 더 봐라​ 2020 학성고 마이너 갤러리 이용 학생들을 위한 최고의 명언 이지은 정말로 사랑해♡,화학사랑해 2021.01.02 13:29:48 스크랩 조회 116 추천 0 댓글 1,0,116,2021.01.02 13:29:48,https://gall.dcinside.com/mgallery/board/view/?id=hshs&no=1193&page=13
13,1192,,2021년 새 주딱을 모시며,"공부가 제일 어려운거같은데요 예비고3, 예비고2  학붕이들 힘내자!! 이지은 정말로 사랑해♡",화학사랑해 2021.01.01 01:01:44 스크랩 조회 56 추천 0 댓글 0,0,56,2021.01.01 01:01:44,https://gall.dcinside.com/mgallery/board/view/?id=hshs&no=1192&page=13
13,1191,,2021년 명언... 학붕이들 이거보고 공부 열심히하자,후 이제 11개월도 안남았다 진짜로 ㅋㅋㅋ 파이팅하자!!! - dc official App,ㅇㅇ (219.241) 2021.01.01 00:14:27 스크랩 조회 159 추천 0 댓글 1,0,159,2021.01.01 00:14:27,https://gall.dcinside.com/mgallery/board/view/?id=hshs&no=1191&page=13
13,1190,,학갤러들아 새해 복 많이 받아라,왜 벌써 2021년인건지 누가 대답좀,맛없는양파 2021.01.01 00:10:21 스크랩 조회 79 추천 1 댓글 2,1,79,2021.01.01 00:10:21,https://gall.dcinside.com/mgallery/board/view/?id=hshs&no=1190&page=13
13,1189,,정시고민,지금 수학 다니는곳 끊을려고 하고 영어도 끊고 학원 다 끊을거임 메가패스 샀고 독서실에서 공부히면서 수1 수2 씨발점으로 독학할려는데 어떰 - dc official App,예비고2 (175.200) 2020.12.31 18:45:23 스크랩 조회 86 추천 0 댓글 9,0,86,2020.12.31 18:45:23,https://gall.dcinside.com/mgallery/board/view/?id=hshs&no=1189&page=13
13,1188,,외,공부가 제일 어려운거같은데요 외 네일이 2021년? 이지은 정말로 사랑해♡,화학사랑해 2020.12.31 12:33:18 스크랩 조회 60 추천 0 댓글 0,0,60,2020.12.31 12:33:18,https://gall.dcinside.com/mgallery/board/view/?id=hshs&no=1188&page=13
13,1187,,왜,공부가 제일 어려운거같은데요 왜 내일이 2021년 이지은 정말로 사랑해♡,화학사랑해 2020.12.31 12:32:02 스크랩 조회 57 추천 0 댓글 0,0,57,2020.12.31 12:32:02,https://gall.dcinside.com/mgallery/board/view/?id=hshs&no=1187&page=13
13,1186,,오 이거 뭐냐,공부가 제일 어려운거같은데요 다음 시간에 계속 이지은 정말로 사랑해♡,화학사랑해 2020.12.31 00:52:17 스크랩 조회 54 추천 0 댓글 0,0,54,2020.12.31 00:52:17,https://gall.dcinside.com/mgallery/board/view/?id=hshs&no=1186&page=13
13,1185,,묵 모음집,공부가 제일 어려운거같은데요 화려한 묵 화려한 묵 프레임으로 화려한 묵 화려한 묵 이지은 정말로 사랑해♡,화학사랑해 2020.12.30 10:28:16 스크랩 조회 77 추천 1 댓글 1,1,77,2020.12.30 10:28:16,https://gall.dcinside.com/mgallery/board/view/?id=hshs&no=1185&page=13
13,1184,,묵,공부가 제일 어려운거같은데요 밥 이지은 정말로 사랑해♡,화학사랑해 2020.12.30 10:26:02 스크랩 조회 50 추천 1 댓글 0,1,50,2020.12.30 10:26:02,https://gall.dcinside.com/mgallery/board/view/?id=hshs&no=1184&page=13
13,1183,,화학 이거 질문좀하자,공부가 제일 어려운거같은데요 이지은 정말로 사랑해♡,화학사랑해 2020.12.30 10:24:25 스크랩 조회 82 추천 0 댓글 0,0,82,2020.12.30 10:24:25,https://gall.dcinside.com/mgallery/board/view/?id=hshs&no=1183&page=13
13,1182,,이거 우리학교 쌤이냐?,공부가 제일 어려운거같은데요 이지은 정말로 사랑해♡,화학사랑해 2020.12.30 10:23:37 스크랩 조회 157 추천 0 댓글 0,0,157,2020.12.30 10:23:37,https://gall.dcinside.com/mgallery/board/view/?id=hshs&no=1182&page=13
13,1181,,비번이 뭘까,공부가 제일 어려운거같은데요 얘도 모르면 누구 찾아가야하냐 이지은 정말로 사랑해♡,화학사랑해 2020.12.30 10:22:06 스크랩 조회 70 추천 0 댓글 0,0,70,2020.12.30 10:22:06,https://gall.dcinside.com/mgallery/board/view/?id=hshs&no=1181&page=13
13,1180,,일 왜이렇게 커졌냐,공부가 제일 어려운거같은데요 하 이지은 정말로 사랑해♡,화학사랑해 2020.12.30 10:21:24 스크랩 조회 85 추천 0 댓글 0,0,85,2020.12.30 10:21:24,https://gall.dcinside.com/mgallery/board/view/?id=hshs&no=1180&page=13
13,1179,,갤 망했네,장난식이 아니라 ㄹㅇ 망했네,ㅇㅇ (121.146) 2020.12.29 21:10:19 스크랩 조회 49 추천 0 댓글 0,0,49,2020.12.29 21:10:19,https://gall.dcinside.com/mgallery/board/view/?id=hshs&no=1179&page=13
13,1178,,주딱 못받겠는데?,공부가 제일 어려운거같은데요 아이디 비번 까먹음 ㅋㅋ 이지은 정말로 사랑해♡,화학사랑해 2020.12.28 18:25:38 스크랩 조회 70 추천 0 댓글 0,0,70,2020.12.28 18:25:38,https://gall.dcinside.com/mgallery/board/view/?id=hshs&no=1178&page=13
14,1177,,아 갤 개망했네,공부가 제일 어려운거같은데요 갤질 말고도 할거 많아서 미안하다아앜!!!!! 이지은 정말로 사랑해♡,화학사랑해 2020.12.27 19:22:11 스크랩 조회 87 추천 0 댓글 1,0,87,2020.12.27 19:22:11,https://gall.dcinside.com/mgallery/board/view/?id=hshs&no=1177&page=14
14,1175,,갤 망했노,~ 망했으면 개추도 안올라오노 망갤다됐네,ㅇㅇ (223.39) 2020.12.24 08:06:50 스크랩 조회 65 추천 0 댓글 1,0,65,2020.12.24 08:06:50,https://gall.dcinside.com/mgallery/board/view/?id=hshs&no=1175&page=14
14,1174,,메가패스 끊었다,교재값 개비싸네 - dc official App,ㅇㅇ (219.241) 2020.12.21 23:12:20 스크랩 조회 109 추천 0 댓글 2,0,109,2020.12.21 23:12:20,https://gall.dcinside.com/mgallery/board/view/?id=hshs&no=1174&page=14
14,1173,,화학사랑해 뉴스입갤 ㅋㅋㅋㅋㅋㅋ,살짝 보였다 - dc official App,맛없는양파 2020.12.21 22:11:53 스크랩 조회 122 추천 0 댓글 1,0,122,2020.12.21 22:11:53,https://gall.dcinside.com/mgallery/board/view/?id=hshs&no=1173&page=14
14,1172,,화학사랑해님 제발 갤에 돌아와주세요,갤이 망하게 생겼어요!,ㄹㅇ여고생 2020.12.21 21:32:15 스크랩 조회 66 추천 0 댓글 0,0,66,2020.12.21 21:32:15,https://gall.dcinside.com/mgallery/board/view/?id=hshs&no=1172&page=14
14,1171,,시험 ㅈ된거 같다.....,하지만 오늘도 난 정시파이터라며 또 정신승리를 한다..... - dc official App,ㅇㅇ (223.33) 2020.12.20 22:39:48 스크랩 조회 111 추천 0 댓글 2,0,111,2020.12.20 22:39:48,https://gall.dcinside.com/mgallery/board/view/?id=hshs&no=1171&page=14
14,1170,,공부 ㅈㄴ하기싫으면 개추,일단 나부터,ㅇㅇ (182.231) 2020.12.20 14:45:50 스크랩 조회 139 추천 7 댓글 0,7,139,2020.12.20 14:45:50,https://gall.dcinside.com/mgallery/board/view/?id=hshs&no=1170&page=14
14,1169,,코로나 심한디,학교가냐 si발 - dc official App,ㅇㅇ (175.200) 2020.12.20 11:32:36 스크랩 조회 60 추천 0 댓글 0,0,60,2020.12.20 11:32:36,https://gall.dcinside.com/mgallery/board/view/?id=hshs&no=1169&page=14
14,1168,,화학사랑해 없으니까 갤 망했네,공부가 제일 어려운거같은데요 화학사랑해 진심 대단한듯 이지은 정말로 사랑해♡,화학사랑해 2020.12.19 19:52:53 스크랩 조회 95 추천 0 댓글 2,0,95,2020.12.19 19:52:53,https://gall.dcinside.com/mgallery/board/view/?id=hshs&no=1168&page=14
14,1167,,뭉크예거.jpg,​ 훠 ! ! - dc official App,ㅇㅇ (219.241) 2020.12.18 16:40:27 스크랩 조회 162 추천 2 댓글 0,2,162,2020.12.18 16:40:27,https://gall.dcinside.com/mgallery/board/view/?id=hshs&no=1167&page=14
14,1166,,2학년 시험 범위 가르쳐줄 학붕이 구함...jpg,범위 이거고 교과서 학교에 있어서 모르는데 구체적인 파트 어딘지 가르쳐줄 학붕이 구한다..... - dc official App,ㅇㅇ (219.241) 2020.12.17 19:08:01 스크랩 조회 95 추천 0 댓글 0,0,95,2020.12.17 19:08:01,https://gall.dcinside.com/mgallery/board/view/?id=hshs&no=1166&page=14
14,1165,,드디어 개가 된 강형욱...gif,- dc official App,ㅇㅇ (219.241) 2020.12.17 16:18:52 스크랩 조회 76 추천 0 댓글 0,0,76,2020.12.17 16:18:52,https://gall.dcinside.com/mgallery/board/view/?id=hshs&no=1165&page=14
14,1164,,ㅅ시발,담주 학교 가는 판단 맞냐? 걍 중간 100하자 정시파이터인데 ㅋㅋ - dc official App,ㅇㅇ (175.200) 2020.12.16 10:07:39 스크랩 조회 59 추천 0 댓글 1,0,59,2020.12.16 10:07:39,https://gall.dcinside.com/mgallery/board/view/?id=hshs&no=1164&page=14
14,1163,,이시각 중국 코로나 백신 ㄹ황....jpg,띠용 - dc official App,ㅇㅇ (219.241) 2020.12.16 03:52:21 스크랩 조회 61 추천 0 댓글 0,0,61,2020.12.16 03:52:21,https://gall.dcinside.com/mgallery/board/view/?id=hshs&no=1163&page=14
14,1161,,우리반 12월인데 아직도 애들 반단톡 안만듬 ㅋㅋㅋ,병신들 ㅋㅋㅋ - dc official App,ㅇㅇ (219.241) 2020.12.15 23:07:00 스크랩 조회 92 추천 3 댓글 0,3,92,2020.12.15 23:07:00,https://gall.dcinside.com/mgallery/board/view/?id=hshs&no=1161&page=14
14,1160,,학성고 갤이 있네,여기 고3은 없냐 집에서 존나 할거도 없는데,ㅇㅇ (121.146) 2020.12.15 12:40:32 스크랩 조회 152 추천 0 댓글 5,0,152,2020.12.15 12:40:32,https://gall.dcinside.com/mgallery/board/view/?id=hshs&no=1160&page=14
14,1159,,시험 준비할 기간에 온라인하니까 시험아닌거같음,공부가 제일 어려운거같은데요 교과서 보면서 공부해야하는데 ㄹㅇ안됨 이지은 정말로 사랑해♡,화학사랑해 2020.12.15 12:14:58 스크랩 조회 235 추천 0 댓글 0,0,235,2020.12.15 12:14:58,https://gall.dcinside.com/mgallery/board/view/?id=hshs&no=1159&page=14
14,1158,,아 야짤올리자마자 짤림,ㅅㅂ,ㄹㅇ여고생 2020.12.11 00:35:34 스크랩 조회 103 추천 0 댓글 1,0,103,2020.12.11 00:35:34,https://gall.dcinside.com/mgallery/board/view/?id=hshs&no=1158&page=14
14,1156,,정보) 이번 겨울방학 시작은 21년 1월 9일,대신 21년 2월 8일 개학하고 바로 9일날 종업식하는듯? - dc official App,ㅇㅇ (219.241) 2020.12.09 14:18:20 스크랩 조회 80 추천 0 댓글 0,0,80,2020.12.09 14:18:20,https://gall.dcinside.com/mgallery/board/view/?id=hshs&no=1156&page=14
14,1155,,담주 월요일까지 학교안가네,기분좋다~ - dc official App,ㅇㅇ (219.241) 2020.12.09 14:03:09 스크랩 조회 85 추천 0 댓글 1,0,85,2020.12.09 14:03:09,https://gall.dcinside.com/mgallery/board/view/?id=hshs&no=1155&page=14
14,1154,,달린다,오랜만에 캬루짤을 올리고 싶었어...,ㄹㅇ여고생 2020.12.09 13:05:59 스크랩 조회 77 추천 1 댓글 0,1,77,2020.12.09 13:05:59,https://gall.dcinside.com/mgallery/board/view/?id=hshs&no=1154&page=14
14,1153,,온클 재시작,공부가 제일 어려운거같은데요 금요일까지 이지은 정말로 사랑해♡,화학사랑해 2020.12.09 09:01:11 스크랩 조회 65 추천 0 댓글 0,0,65,2020.12.09 09:01:11,https://gall.dcinside.com/mgallery/board/view/?id=hshs&no=1153&page=14
14,1152,,로리야짤,왜 클릭?,ㄹㅇ여고생 2020.12.08 13:12:53 스크랩 조회 118 추천 1 댓글 3,1,118,2020.12.08 13:12:53,https://gall.dcinside.com/mgallery/board/view/?id=hshs&no=1152&page=14
14,1151,,온클 끝 ㅅㅅㅅ,​ 편ㅡ안 - dc official App,ㅇㅇ (219.241) 2020.12.06 22:38:10 스크랩 조회 69 추천 0 댓글 0,0,69,2020.12.06 22:38:10,https://gall.dcinside.com/mgallery/board/view/?id=hshs&no=1151&page=14
14,1150,,온클 그거,걍 켜두고 자 수업 듣지도 않는 놈들이 들어야한다고 찡찡거리노,ㅇㅇ (121.176) 2020.12.06 15:51:45 스크랩 조회 63 추천 0 댓글 0,0,63,2020.12.06 15:51:45,https://gall.dcinside.com/mgallery/board/view/?id=hshs&no=1150&page=14
14,1149,,슬라임 두마리,가 달려있는 여성,ㄹㅇ여고생 2020.12.06 14:57:35 스크랩 조회 78 추천 0 댓글 2,0,78,2020.12.06 14:57:35,https://gall.dcinside.com/mgallery/board/view/?id=hshs&no=1149&page=14
14,1148,,ㅈ 됐다,온클 월부터 금까지 하나도 안들음 ㅋㅋㅋㅋㅋㅋ 태우 학교 알리미로 존나 독촉하네 ㅆㅂ  ㅋㅋㅋㅋㅋ,느금누골 2020.12.05 23:10:49 스크랩 조회 65 추천 0 댓글 0,0,65,2020.12.05 23:10:49,https://gall.dcinside.com/mgallery/board/view/?id=hshs&no=1148&page=14
14,1147,,하 기하 독서 온클 ㅈㄴ 기네,뭔 강의 하나에 50분이나 하냐;; - dc official App,ㅇㅇ (219.241) 2020.12.05 23:10:02 스크랩 조회 88 추천 1 댓글 2,1,88,2020.12.05 23:10:02,https://gall.dcinside.com/mgallery/board/view/?id=hshs&no=1147&page=14
14,1146,,블랙옐로우,공부가 제일 어려운거같은데요 ㅇㅇ 이지은 정말로 사랑해♡,화학사랑해 2020.12.05 12:34:00 스크랩 조회 59 추천 0 댓글 0,0,59,2020.12.05 12:34:00,https://gall.dcinside.com/mgallery/board/view/?id=hshs&no=1146&page=14
14,1145,,와 이거 뭐냐,공부가 제일 어려운거같은데요 현대미술의 최고점을 달리는 화려한 묵 이지은 정말로 사랑해♡,화학사랑해 2020.12.05 12:33:08 스크랩 조회 67 추천 0 댓글 0,0,67,2020.12.05 12:33:08,https://gall.dcinside.com/mgallery/board/view/?id=hshs&no=1145&page=14
14,1144,,와 이거 뭐냐,공부가 제일 어려운거같은데요 친환경 수소도시 울산에 지어질 ​ 수소트램​ 아ㅋㅋ 이지은 정말로 사랑해♡,화학사랑해 2020.12.05 12:32:01 스크랩 조회 73 추천 0 댓글 0,0,73,2020.12.05 12:32:01,https://gall.dcinside.com/mgallery/board/view/?id=hshs&no=1144&page=14
14,1143,,와 이거 뭐냐,공부가 제일 어려운거같은데요 든든한 묵밥 이지은 정말로 사랑해♡,화학사랑해 2020.12.05 12:30:37 스크랩 조회 47 추천 0 댓글 0,0,47,2020.12.05 12:30:37,https://gall.dcinside.com/mgallery/board/view/?id=hshs&no=1143&page=14
14,1142,,"[오피셜] 울산 모든 학교, 등교 중지 및 온라인 수업 전환","​문재인(문통) : ​ 성군 그 자체를 뜻하는 말 ​ 사랑형 대통령, 힐링대통령 : ​ 마찬가지로 문재인 대통령님을 이르는 별칭 ​ 문까 : ​ 애미뒤진 병신새끼들(ex.통구이)을 뜻하는 말 ​ 학고 갤 뉴비들 필독 및 숙지 바랍니다. ​ - dc official App",ㅇㅇ (219.241) 2020.12.05 01:02:40 스크랩 조회 134 추천 0 댓글 1,0,134,2020.12.05 01:02:40,https://gall.dcinside.com/mgallery/board/view/?id=hshs&no=1142&page=14
14,1141,,와 이거 뭐냐,공부가 제일 어려운거같은데요 다음에 알려줄게 이지은 정말로 사랑해♡,화학사랑해 2020.12.05 00:20:06 스크랩 조회 47 추천 0 댓글 0,0,47,2020.12.05 00:20:06,https://gall.dcinside.com/mgallery/board/view/?id=hshs&no=1141&page=14
14,1139,,학성고 뉴스 입갤,공부가 제일 어려운거같은데요 https://v.kakao.com/v/20201203174921440?from=tgt 수고하셨습니다 선배님들 ​ 이지은 정말로 사랑해♡,화학사랑해 2020.12.03 17:58:47 스크랩 조회 104 추천 0 댓글 1,0,104,2020.12.03 17:58:47,https://gall.dcinside.com/mgallery/board/view/?id=hshs&no=1139&page=14
14,1136,,학성고 수능 화이팅!!!,​ 대 학 성 고 교 화 이 팅 ! ! ! - dc official App,ㅇㅇ (219.241) 2020.12.03 02:20:35 스크랩 조회 64 추천 0 댓글 0,0,64,2020.12.03 02:20:35,https://gall.dcinside.com/mgallery/board/view/?id=hshs&no=1136&page=14
14,1135,,3학년 선배님들 수능 화이팅 기원,정시 전향자로서 꼭 최상의 컨디션으로 최고의 실력을 발휘하고 오시기를 빕니다 1년후.. 나의 미래.. - dc official App,맛없는양파 2020.12.03 01:42:13 스크랩 조회 68 추천 0 댓글 0,0,68,2020.12.03 01:42:13,https://gall.dcinside.com/mgallery/board/view/?id=hshs&no=1135&page=14
14,1134,,선배님들 수능 화이팅하십쇼,공부가 제일 어려운거같은데요 이제 1년 남았네 하... 이지은 정말로 사랑해♡,화학사랑해 2020.12.03 00:03:16 스크랩 조회 63 추천 0 댓글 0,0,63,2020.12.03 00:03:16,https://gall.dcinside.com/mgallery/board/view/?id=hshs&no=1134&page=14
14,1133,,아 원신개잼잇노,ㅋㅋ루삥뽕,ㄹㅇ여고생 2020.11.30 22:14:35 스크랩 조회 62 추천 0 댓글 0,0,62,2020.11.30 22:14:35,https://gall.dcinside.com/mgallery/board/view/?id=hshs&no=1133&page=14
14,1132,,이거 뭐냐??,ㅋㅋㅋㅋㅋㅋ신기하네,ㅇㅇ (61.76) 2020.11.30 22:10:38 스크랩 조회 87 추천 0 댓글 2,0,87,2020.11.30 22:10:38,https://gall.dcinside.com/mgallery/board/view/?id=hshs&no=1132&page=14
14,1131,,학성고교 선배님들 수능만점 안될거뭐있노?,학성고의 학성인이라면 충분히 가능하다 수능 화이팅 우리는 자랑스러운 학성인이다,ㅇㅇ (61.76) 2020.11.30 22:06:54 스크랩 조회 267 추천 10 댓글 1,10,267,2020.11.30 22:06:54,https://gall.dcinside.com/mgallery/board/view/?id=hshs&no=1131&page=14
14,1130,,아니 우리 동생 학교 안가는거 실화?,간만에 혼자있나 했더니 중학교는 3분의 2만 안간다네 아니 근데 왜 하필 내가 안가는 주에 쉬는거냐? ㅅㅂ - dc official App,ㅇㅇ (219.241) 2020.11.30 22:03:47 스크랩 조회 64 추천 0 댓글 0,0,64,2020.11.30 22:03:47,https://gall.dcinside.com/mgallery/board/view/?id=hshs&no=1130&page=14
14,1129,,부산 셧다운이라메,시벌거 여기도 위험한거 아니냐,ㅇㅇ (121.176) 2020.11.30 21:54:09 스크랩 조회 52 추천 0 댓글 0,0,52,2020.11.30 21:54:09,https://gall.dcinside.com/mgallery/board/view/?id=hshs&no=1129&page=14
14,1128,,중력시 ㅋㅋㅋ,ㅋㅋ - dc official App,ㅇㅇ (219.241) 2020.11.30 05:23:48 스크랩 조회 64 추천 0 댓글 0,0,64,2020.11.30 05:23:48,https://gall.dcinside.com/mgallery/board/view/?id=hshs&no=1128&page=14
14,1127,,쟤 또 갤기장 만드네,계속 그렇게 해주십시오 갤주님..,북진결사대 2020.11.30 04:36:23 스크랩 조회 59 추천 0 댓글 2,0,59,2020.11.30 04:36:23,https://gall.dcinside.com/mgallery/board/view/?id=hshs&no=1127&page=14
14,1126,,쟤 또 갤기장 만드네 <---- 다음글예상,공부가 제일 어려운거같은데요 대충 느낌옴 이지은 정말로 사랑해♡,화학사랑해 2020.11.30 01:12:29 스크랩 조회 61 추천 0 댓글 0,0,61,2020.11.30 01:12:29,https://gall.dcinside.com/mgallery/board/view/?id=hshs&no=1126&page=14
14,1125,,솔직히 지금 공감할 짤,공부가 제일 어려운거같은데요 내방에 보일러 안들어와서 추워 이지은 정말로 사랑해♡,화학사랑해 2020.11.30 01:08:53 스크랩 조회 70 추천 1 댓글 0,1,70,2020.11.30 01:08:53,https://gall.dcinside.com/mgallery/board/view/?id=hshs&no=1125&page=14
14,1124,,화려해서 정신나갈듯한,공부가 제일 어려운거같은데요 묵 이지은 정말로 사랑해♡,화학사랑해 2020.11.30 01:08:03 스크랩 조회 50 추천 0 댓글 0,0,50,2020.11.30 01:08:03,https://gall.dcinside.com/mgallery/board/view/?id=hshs&no=1124&page=14
14,1123,,분홍색 총이 있다?,공부가 제일 어려운거같은데요 에 이지은 정말로 사랑해♡,화학사랑해 2020.11.30 01:07:38 스크랩 조회 59 추천 1 댓글 1,1,59,2020.11.30 01:07:38,https://gall.dcinside.com/mgallery/board/view/?id=hshs&no=1123&page=14
14,1122,,블랙핑크,공부가 제일 어려운거같은데요 정직한 제목 이지은 정말로 사랑해♡,화학사랑해 2020.11.30 01:05:35 스크랩 조회 53 추천 0 댓글 0,0,53,2020.11.30 01:05:35,https://gall.dcinside.com/mgallery/board/view/?id=hshs&no=1122&page=14
15,1121,,3,공부가 제일 어려운거같은데요 이지은 정말로 사랑해♡,화학사랑해 2020.11.30 01:05:07 스크랩 조회 50 추천 0 댓글 0,0,50,2020.11.30 01:05:07,https://gall.dcinside.com/mgallery/board/view/?id=hshs&no=1121&page=15
15,1120,,든든한,공부가 제일 어려운거같은데요 묵밥 이지은 정말로 사랑해♡,화학사랑해 2020.11.30 01:03:57 스크랩 조회 38 추천 0 댓글 0,0,38,2020.11.30 01:03:57,https://gall.dcinside.com/mgallery/board/view/?id=hshs&no=1120&page=15
15,1119,,화려한,공부가 제일 어려운거같은데요 묵밥 이지은 정말로 사랑해♡,화학사랑해 2020.11.30 01:03:11 스크랩 조회 48 추천 0 댓글 0,0,48,2020.11.30 01:03:11,https://gall.dcinside.com/mgallery/board/view/?id=hshs&no=1119&page=15
15,1118,,학성고 마이너 갤러리의 흥청망쇠는 화학사랑해에게 달려있음이 증명되었다,공부가 제일 어려운거같은데요 그런고로 우리는 화학사랑해를 주도로 학성고 마이너 갤러리를 학성고등학교 최대의 커뮤니티로 만들어야한다 학성고등학교 화이팅 이지은 정말로 사랑해♡,화학사랑해 2020.11.30 01:01:05 스크랩 조회 85 추천 1 댓글 1,1,85,2020.11.30 01:01:05,https://gall.dcinside.com/mgallery/board/view/?id=hshs&no=1118&page=15
15,1117,,리얼돌,공부가 제일 어려운거같은데요 ㅈㄱㄴ 이지은 정말로 사랑해♡,화학사랑해 2020.11.30 00:59:07 스크랩 조회 78 추천 3 댓글 0,3,78,2020.11.30 00:59:07,https://gall.dcinside.com/mgallery/board/view/?id=hshs&no=1117&page=15
15,1116,,고3,수 능 대 박 재 수 하 자 - dc official App,고1 (175.200) 2020.11.29 13:50:20 스크랩 조회 48 추천 0 댓글 0,0,48,2020.11.29 13:50:20,https://gall.dcinside.com/mgallery/board/view/?id=hshs&no=1116&page=15
15,1115,,어떻게 3일동안 글이 없냐,화학사랑해님 그립읍니다...,ㅇㅇ (182.218) 2020.11.28 14:30:30 스크랩 조회 49 추천 0 댓글 0,0,49,2020.11.28 14:30:30,https://gall.dcinside.com/mgallery/board/view/?id=hshs&no=1115&page=15
15,1114,,학성고 갤러리 일동은,선배님들의 수능 시험을 응원합니다 학성고 화이팅!,ㅇㅇ (223.33) 2020.11.25 16:43:53 스크랩 조회 208 추천 10 댓글 0,10,208,2020.11.25 16:43:53,https://gall.dcinside.com/mgallery/board/view/?id=hshs&no=1114&page=15
15,1113,,학고갤의 분위기 전환을 위해,내가 왔다 이과 학붕이들아 화학버리고 윤사 들어라 - dc official App,문과 학붕이 (221.141) 2020.11.25 00:13:11 스크랩 조회 88 추천 0 댓글 3,0,88,2020.11.25 00:13:11,https://gall.dcinside.com/mgallery/board/view/?id=hshs&no=1113&page=15
15,1111,,육고기 없는날에 대해 알아보았다,https://v.kakao.com/v/20201108092808996 그만 알아보자,북진결사대 2020.11.23 19:25:02 스크랩 조회 87 추천 0 댓글 0,0,87,2020.11.23 19:25:02,https://gall.dcinside.com/mgallery/board/view/?id=hshs&no=1111&page=15
15,1110,,3일만 가면 12일동안 쉬는거 실화냐? ㅋㅋㅋㅋㅋ,기분 째진다 ㅋㅋㅋㅋㅋㅋ,ㅇㅇ (219.241) 2020.11.23 04:49:02 스크랩 조회 61 추천 3 댓글 0,3,61,2020.11.23 04:49:02,https://gall.dcinside.com/mgallery/board/view/?id=hshs&no=1110&page=15
15,1109,,고1,영어모고3올림 ㅅㅅ 근데 베리나짤2 역겹더라 복귀 반응 보고 계속 할지 안할지 고민함 - dc official App,고1 (175.200) 2020.11.23 02:16:35 스크랩 조회 59 추천 0 댓글 1,0,59,2020.11.23 02:16:35,https://gall.dcinside.com/mgallery/board/view/?id=hshs&no=1109&page=15
15,1108,,파란 잔디가 있다?!,공부가 제일 어려운거같은데요 새파란 잔디- 이지은 정말로 사랑해♡,화학사랑해 2020.11.22 13:44:09 스크랩 조회 76 추천 1 댓글 1,1,76,2020.11.22 13:44:09,https://gall.dcinside.com/mgallery/board/view/?id=hshs&no=1108&page=15
15,1107,,초록색 묵이 있다?!,공부가 제일 어려운거같은데요 대신 화려한 묵은 있다 이지은 정말로 사랑해♡,화학사랑해 2020.11.22 13:40:03 스크랩 조회 82 추천 0 댓글 0,0,82,2020.11.22 13:40:03,https://gall.dcinside.com/mgallery/board/view/?id=hshs&no=1107&page=15
15,1106,,화학사랑해 뒤짐?,왜 글이 없노,ㅇㅇ (121.176) 2020.11.21 17:50:59 스크랩 조회 60 추천 0 댓글 1,0,60,2020.11.21 17:50:59,https://gall.dcinside.com/mgallery/board/view/?id=hshs&no=1106&page=15
15,1105,,1학년들 다뒤짐?,1학년 글이 없노,ㅇㅇ (121.176) 2020.11.21 17:50:15 스크랩 조회 57 추천 0 댓글 0,0,57,2020.11.21 17:50:15,https://gall.dcinside.com/mgallery/board/view/?id=hshs&no=1105&page=15
15,1104,,배리나짤 2,이왜진,ㅇㅇ (219.241) 2020.11.21 02:04:32 스크랩 조회 86 추천 0 댓글 2,0,86,2020.11.21 02:04:32,https://gall.dcinside.com/mgallery/board/view/?id=hshs&no=1104&page=15
15,1103,,배리나짤,제목을 보고도 들어오는 용감한 너애게 주어지는 상이다,ㄹㅇ여고생 2020.11.21 00:38:38 스크랩 조회 81 추천 1 댓글 2,1,81,2020.11.21 00:38:38,https://gall.dcinside.com/mgallery/board/view/?id=hshs&no=1103&page=15
15,1102,,1학년 학붕이들 모고 화이팅!,우린 이미 좆됐다.. 학고의 명예를 지켜줘 글고 정시는 고3때 수시 좆말아먹고 생각해도 늦지 않으니까 제발 내신이랑 생기부 좀 챙겨,북진결사대 2020.11.18 23:34:39 스크랩 조회 232 추천 5 댓글 1,5,232,2020.11.18 23:34:39,https://gall.dcinside.com/mgallery/board/view/?id=hshs&no=1102&page=15
15,1100,,국어 0점받은거 실화냐?,시발 왜 5분전 종안쳐서 마킹못하게 하냐고ㅋㅋㅋ,ㄹㅇ여고생 2020.11.18 17:26:21 스크랩 조회 288 추천 5 댓글 5,5,288,2020.11.18 17:26:21,https://gall.dcinside.com/mgallery/board/view/?id=hshs&no=1100&page=15
15,1099,,아,아,ㅇㅇ (223.39) 2020.11.18 08:15:44 스크랩 조회 58 추천 0 댓글 1,0,58,2020.11.18 08:15:44,https://gall.dcinside.com/mgallery/board/view/?id=hshs&no=1099&page=15
15,1098,,항모 논쟁으로 본 조선 붕당의 이해,학붕이들은 어디 지지하냐?,북진결사대 2020.11.18 08:01:01 스크랩 조회 72 추천 0 댓글 2,0,72,2020.11.18 08:01:01,https://gall.dcinside.com/mgallery/board/view/?id=hshs&no=1098&page=15
15,1097,,왜 모의고사,왜 모의고사임 꼴받게,ㅇㅇ (121.176) 2020.11.17 23:03:57 스크랩 조회 58 추천 0 댓글 1,0,58,2020.11.17 23:03:57,https://gall.dcinside.com/mgallery/board/view/?id=hshs&no=1097&page=15
15,1096,,독서 프레젠테이션 참관하고옴,PPT 완성도고 뭐고 피켓빌런이 젤 웃겼다 ㅋㅋㅋㅋ 급식도우미라 저런거 했었는지도 몰랐는데 - dc official App,북진결사대 2020.11.17 17:40:46 스크랩 조회 69 추천 0 댓글 2,0,69,2020.11.17 17:40:46,https://gall.dcinside.com/mgallery/board/view/?id=hshs&no=1096&page=15
15,1095,,북진 쟤 근첩이라메,사실?,ㅇㅇ (223.33) 2020.11.17 08:10:34 스크랩 조회 57 추천 0 댓글 3,0,57,2020.11.17 08:10:34,https://gall.dcinside.com/mgallery/board/view/?id=hshs&no=1095&page=15
15,1094,,미 연방법에 따른 총기 구별법,놀랍게도 권총이 맞다 - dc official App,북진결사대 2020.11.16 19:07:24 스크랩 조회 57 추천 0 댓글 2,0,57,2020.11.16 19:07:24,https://gall.dcinside.com/mgallery/board/view/?id=hshs&no=1094&page=15
15,1093,,조선 붕당으로 보는 로마의 후예,학붕이들은 어디 지지하냐? - dc official App,북진결사대 2020.11.16 08:19:18 스크랩 조회 68 추천 0 댓글 3,0,68,2020.11.16 08:19:18,https://gall.dcinside.com/mgallery/board/view/?id=hshs&no=1093&page=15
15,1092,,초록색 시계가 있다?!,공부가 제일 어려운거같은데요 ㅇㅇ 이지은 정말로 사랑해♡,화학사랑해 2020.11.15 13:09:57 스크랩 조회 55 추천 0 댓글 0,0,55,2020.11.15 13:09:57,https://gall.dcinside.com/mgallery/board/view/?id=hshs&no=1092&page=15
15,1091,,초록색 치킨이 있다?!,공부가 제일 어려운거같은데요 이왜진 이지은 정말로 사랑해♡,화학사랑해 2020.11.15 12:07:37 스크랩 조회 61 추천 0 댓글 1,0,61,2020.11.15 12:07:37,https://gall.dcinside.com/mgallery/board/view/?id=hshs&no=1091&page=15
15,1090,,저 1베충 땜,하기싫음 - dc official App,고1 (175.200) 2020.11.15 02:01:42 스크랩 조회 64 추천 0 댓글 1,0,64,2020.11.15 02:01:42,https://gall.dcinside.com/mgallery/board/view/?id=hshs&no=1090&page=15
15,1089,,초록색 총이 있다?!,공부가 제일 어려운거같은데요 오랜만 이지은 정말로 사랑해♡,화학사랑해 2020.11.15 01:09:53 스크랩 조회 54 추천 0 댓글 0,0,54,2020.11.15 01:09:53,https://gall.dcinside.com/mgallery/board/view/?id=hshs&no=1089&page=15
15,1088,,글좀 써봐라,으디 1학년들이 하늘같은 선배님들이 심심하다는데 글도 안쓰고 뭣들하는거야 나때는 이러면 바로 집합각이였는데 세상 참 좋아졌다 ㅉㅉ,ㅇㅇ (211.36) 2020.11.14 17:19:09 스크랩 조회 57 추천 0 댓글 0,0,57,2020.11.14 17:19:09,https://gall.dcinside.com/mgallery/board/view/?id=hshs&no=1088&page=15
15,1087,,이게 맞음?,학성고 다니는 학생중에 학고갤 아는애들 거의 없던데 홍보가 필요하다 ㄹㅇㅋㅋ,ㅇㅇ (121.176) 2020.11.14 11:54:22 스크랩 조회 140 추천 5 댓글 0,5,140,2020.11.14 11:54:22,https://gall.dcinside.com/mgallery/board/view/?id=hshs&no=1087&page=15
15,1086,,언냐들 나긔금 ㅠ ㅠ 입갤 입갤띠 ㅠ ㅠ 모두 안녕긔,부드드드드드드드드드드드드드드드드드드득 아침먹고 시원한게 설사똥 한바가지 싸는 중,ㅇㅇ (223.62) 2020.11.14 07:19:37 스크랩 조회 62 추천 0 댓글 0,0,62,2020.11.14 07:19:37,https://gall.dcinside.com/mgallery/board/view/?id=hshs&no=1086&page=15
15,1085,,진짜 신기하네...,시험기간 때만 흥갤이고 시험 끝나자마자 바로 망갤됨 ㅋㅋㅋㅋㅋ,ㅇㅇ (219.241) 2020.11.14 00:16:37 스크랩 조회 67 추천 4 댓글 2,4,67,2020.11.14 00:16:37,https://gall.dcinside.com/mgallery/board/view/?id=hshs&no=1085&page=15
15,1083,,속보) 노무현 전 대통령 사,- dc official App,북진결사대 2020.11.12 23:58:45 스크랩 조회 67 추천 0 댓글 0,0,67,2020.11.12 23:58:45,https://gall.dcinside.com/mgallery/board/view/?id=hshs&no=1083&page=15
15,1082,,플랜트 스터디 카페,공부하기 좋네 - dc official App,고1 (61.76) 2020.11.12 20:06:28 스크랩 조회 95 추천 0 댓글 1,0,95,2020.11.12 20:06:28,https://gall.dcinside.com/mgallery/board/view/?id=hshs&no=1082&page=15
15,1081,,반갑다 학붕이들아 졸업생 틀딱이다,ㅎㅇ,부행이 (210.223) 2020.11.12 09:54:32 스크랩 조회 69 추천 0 댓글 3,0,69,2020.11.12 09:54:32,https://gall.dcinside.com/mgallery/board/view/?id=hshs&no=1081&page=15
15,1080,,오늘자 레전드 의문사.jpg,훠훠훠... 그러게 왜 쓸데없는짓을 하쉽니꽈???,ㅇㅇ (219.241) 2020.11.11 16:58:36 스크랩 조회 94 추천 0 댓글 0,0,94,2020.11.11 16:58:36,https://gall.dcinside.com/mgallery/board/view/?id=hshs&no=1080&page=15
15,1079,,졸업생인데 들렀다갑니다,요즘 학성고 근황이 어떻게 되냐,ㅇㅇ (14.43) 2020.11.11 14:10:59 스크랩 조회 95 추천 0 댓글 2,0,95,2020.11.11 14:10:59,https://gall.dcinside.com/mgallery/board/view/?id=hshs&no=1079&page=15
15,1078,,오늘이 무슨 날인지 암?,모든 전쟁을 끝내기 위한 전쟁이 끝난 날임 '플랜더즈 들판에서' 한번 읽고 가라 - dc official App,북진결사대 2020.11.11 00:12:55 스크랩 조회 159 추천 5 댓글 3,5,159,2020.11.11 00:12:55,https://gall.dcinside.com/mgallery/board/view/?id=hshs&no=1078&page=15
15,1077,,원신 매출 돌았네 ㅋㅋ,한달만에 0.6조 ㅋㅋㅋㅋㅋㅋ - dc official App,북진결사대 2020.11.10 23:25:23 스크랩 조회 79 추천 0 댓글 1,0,79,2020.11.10 23:25:23,https://gall.dcinside.com/mgallery/board/view/?id=hshs&no=1077&page=15
15,1076,,2학년 음악수행 <~~ 이거 어떻게 외우냐?,ㅈㄱㄴ 이거 B는 받을 수 있음? C가 절반 넘을듯 ㄹㅇㅋㅋ,ㅇㅇ (223.33) 2020.11.10 08:10:24 스크랩 조회 76 추천 2 댓글 2,2,76,2020.11.10 08:10:24,https://gall.dcinside.com/mgallery/board/view/?id=hshs&no=1076&page=15
15,1075,,글올리라고?,공부가 제일 어려운거같은데요 뻘글 보기싫다던 새끼들 ㅇㄷ감? 이지은 정말로 사랑해♡,화학사랑해 2020.11.10 00:43:14 스크랩 조회 53 추천 0 댓글 1,0,53,2020.11.10 00:43:14,https://gall.dcinside.com/mgallery/board/view/?id=hshs&no=1075&page=15
15,1074,,야,왜 글이 없냐?,ㅇㅇ (121.176) 2020.11.09 23:50:12 스크랩 조회 42 추천 0 댓글 0,0,42,2020.11.09 23:50:12,https://gall.dcinside.com/mgallery/board/view/?id=hshs&no=1074&page=15
15,1073,,메가패스<~~이거,교재값 왜이렇게 비싸냐? 책을 사야하는데 앵간히 비싸야지 ㅅㅂ,ㅇㅇ (118.47) 2020.11.08 10:55:46 스크랩 조회 190 추천 5 댓글 4,5,190,2020.11.08 10:55:46,https://gall.dcinside.com/mgallery/board/view/?id=hshs&no=1073&page=15
15,1072,,우리 메쓰위크 사이언스위크 언제임?,공부가 제일 어려운거같은데요 ㅈㄱㄴ 한다고는 했는데 그래서 언제임 이지은 정말로 사랑해♡,화학사랑해 2020.11.07 23:53:56 스크랩 조회 52 추천 0 댓글 1,0,52,2020.11.07 23:53:56,https://gall.dcinside.com/mgallery/board/view/?id=hshs&no=1072&page=15
15,1071,,ㅆㅁ,공부가 제일 어려운거같은데요 이지은 정말로 사랑해♡,화학사랑해 2020.11.07 01:19:39 스크랩 조회 51 추천 0 댓글 0,0,51,2020.11.07 01:19:39,https://gall.dcinside.com/mgallery/board/view/?id=hshs&no=1071&page=15
15,1070,,엄O식,공부가 제일 어려운거같은데요 엄중식 교수님 이지은 정말로 사랑해♡,화학사랑해 2020.11.06 22:27:05 스크랩 조회 65 추천 3 댓글 0,3,65,2020.11.06 22:27:05,https://gall.dcinside.com/mgallery/board/view/?id=hshs&no=1070&page=15
15,1069,,뭐야 빨리 해산임?,개꿀이네 - dc official App,문과 학붕이 (223.33) 2020.11.06 14:19:18 스크랩 조회 56 추천 0 댓글 0,0,56,2020.11.06 14:19:18,https://gall.dcinside.com/mgallery/board/view/?id=hshs&no=1069&page=15
16,1068,,우흥,우흥~,ㅇㅇ (223.39) 2020.11.06 12:33:38 스크랩 조회 49 추천 0 댓글 0,0,49,2020.11.06 12:33:38,https://gall.dcinside.com/mgallery/board/view/?id=hshs&no=1068&page=16
16,1067,,학고갤도 있었네,지나가던 문과 학붕이 글 남김 - dc official App,문과 학붕이 (221.141) 2020.11.06 00:29:07 스크랩 조회 82 추천 0 댓글 4,0,82,2020.11.06 00:29:07,https://gall.dcinside.com/mgallery/board/view/?id=hshs&no=1067&page=16
16,1066,,2학년 내일 집합 어디임?,교실임 운동장임? 정상등교한다는거만 들은거같은데,ㅇㅇ (121.176) 2020.11.05 16:56:21 스크랩 조회 74 추천 0 댓글 1,0,74,2020.11.05 16:56:21,https://gall.dcinside.com/mgallery/board/view/?id=hshs&no=1066&page=16
16,1065,,소풍날 학고갤하면 멋있어보이려나?,"일부러 소풍날에 꾀죄죄하게 입고 가는거임. 그리고 학고갤을 키는데 킬 때부터 파란색 배경이 웅장하게 퍼지며 주위사람들이 다 쳐다봄 ""저거 학고갤 아니야?"" ""풉, 소풍날마저도 혼자 앉아서 디시를 한다고?"" ""딱봐도 찐따인데 소풍날 같이놀친구 없어서 학고갤 하는거네"" 옆사람이 구경하든 말든 신경안쓰고 바로 똥글 하나 싸주고 갤로그 띄워놓고 무안해서 화장실 갔다오는척 하고오면 주위사람들이 자리 몰려들어서 ""와 미쳣다 글을 150개나 썼어"" ""아니 ㅋㅋ 우리 학교에서 제일 갤창 아님? 저번에 동숙이도 100개 이상으로는 글 쓰기 힘들다고 그랬잖아"" ""이 사람 뭐하는 사람이길래 소풍날도 조용하게 구석에서 학고갤이나 하고 있었지!?"" 이렇게 떠드는거를 ""거기. 내 자리."" 이렇게 한마디 슥 해주면 구경꾼들이 ""죄..죄송합니다!"" ""어이! 사진 그만 찍고 빨리 안비켜드리고 뭐하는거냐!"" 그럼 난 카메라로 얼굴을 정신없이 찍고있는 여중생을 향해 (얼굴에 홍조가 피어있음) ""사진. 곤란."" 한마디 해주고 다시 자리에 슥 앉아서 학고갤 념글이나 보면서 ""이정돈가"" 한마디 하고 있을 때 바로 옆학교 여중생이 (동네에서 제일 예쁘다고 소문난 쿨뷰티 미녀, 몸매 S급, 처녀임) ""반했어요"" 하면서 커피 한잔 주는데 커피 잔 밑에 포스트잇 한장이 붙어있음 '저희 애기 한번 나눠봐요, 010-XXXX-XXX'",ㅇㅇ (219.241) 2020.11.05 16:49:59 스크랩 조회 219 추천 16 댓글 2,16,219,2020.11.05 16:49:59,https://gall.dcinside.com/mgallery/board/view/?id=hshs&no=1065&page=16
16,1064,,ㅂㅇㄷ,바이두 설마 바이든이라고 생각했나요?,ㅇㅇ (223.39) 2020.11.05 08:17:19 스크랩 조회 55 추천 0 댓글 0,0,55,2020.11.05 08:17:19,https://gall.dcinside.com/mgallery/board/view/?id=hshs&no=1064&page=16
16,1063,,제목,내용,ㅇㅇ (223.39) 2020.11.05 08:15:33 스크랩 조회 47 추천 0 댓글 0,0,47,2020.11.05 08:15:33,https://gall.dcinside.com/mgallery/board/view/?id=hshs&no=1063&page=16
16,1062,,소풍날 사복임?,학교 갔다가 밥먹고 대공원 아님? 학교가는데 사복 ㄱㄴ?,ㅇㅇ (223.62) 2020.11.04 08:09:18 스크랩 조회 76 추천 0 댓글 2,0,76,2020.11.04 08:09:18,https://gall.dcinside.com/mgallery/board/view/?id=hshs&no=1062&page=16
16,1061,,소풍날 사복 어떻게 입어야댐?,그냥 걍 미니 체육대회+산책인데 편하게 입어야하나,ㅇㅇ (219.241) 2020.11.04 00:54:03 스크랩 조회 71 추천 0 댓글 1,0,71,2020.11.04 00:54:03,https://gall.dcinside.com/mgallery/board/view/?id=hshs&no=1061&page=16
16,1060,,탈모갤 오열.jpg,,ㅇㅇ (219.241) 2020.11.04 00:22:06 스크랩 조회 67 추천 0 댓글 0,0,67,2020.11.04 00:22:06,https://gall.dcinside.com/mgallery/board/view/?id=hshs&no=1060&page=16
16,1059,,정시갈거임,시발인생 국어 영어 정시 학원ㅊㅊ좀 - dc official App,고1 (223.39) 2020.11.04 00:11:40 스크랩 조회 67 추천 0 댓글 6,0,67,2020.11.04 00:11:40,https://gall.dcinside.com/mgallery/board/view/?id=hshs&no=1059&page=16
16,1058,,형님들,형님들 ㅌㅌ로 돈 많이 벌어왔슴돠 - dc official App,고1 (223.39) 2020.11.04 00:10:58 스크랩 조회 60 추천 0 댓글 2,0,60,2020.11.04 00:10:58,https://gall.dcinside.com/mgallery/board/view/?id=hshs&no=1058&page=16
16,1057,,시험기간에만 활동이 많은 갤러리가 있다?,공부가 제일 어려운거같은데요 는 학성고 마이너 갤러리 이지은 정말로 사랑해♡,화학사랑해 2020.11.04 00:01:36 스크랩 조회 50 추천 1 댓글 0,1,50,2020.11.04 00:01:36,https://gall.dcinside.com/mgallery/board/view/?id=hshs&no=1057&page=16
16,1056,,인생 망했으면 개추ㅋㅋㅋㅋㅋㅋㅋㅋ,ㅋㅋㅋㅋㅋㅋㅋㅋㅋㅋㅋㅋㅋㅋㅋㅋ씨발,ㅇㅇ (121.176) 2020.11.03 22:16:56 스크랩 조회 134 추천 5 댓글 0,5,134,2020.11.03 22:16:56,https://gall.dcinside.com/mgallery/board/view/?id=hshs&no=1056&page=16
16,1055,,아니,아주 그냥 념글을 '(과목) 망했으면 개추'로 도배를 해놨네 아주 념글치트키야,ㅇㅇ (121.146) 2020.11.02 21:12:05 스크랩 조회 138 추천 5 댓글 1,5,138,2020.11.02 21:12:05,https://gall.dcinside.com/mgallery/board/view/?id=hshs&no=1055&page=16
16,1054,,화학을 아주그냥 맛있게 말았으면 개추 ㅋㅋㅋㅋㅋㅋ,ㅋㅋㅋㅋㅋ 화학 쉽게 낸다면서요 ㅋㅋㅋ,ㅇㅇ (219.241) 2020.11.02 14:23:03 스크랩 조회 124 추천 6 댓글 1,6,124,2020.11.02 14:23:03,https://gall.dcinside.com/mgallery/board/view/?id=hshs&no=1054&page=16
16,1053,,고닉 화학사랑해 특,화학 망함 - dc official App,북진결사대 2020.11.02 12:10:42 스크랩 조회 57 추천 2 댓글 1,2,57,2020.11.02 12:10:42,https://gall.dcinside.com/mgallery/board/view/?id=hshs&no=1053&page=16
16,1052,,흥민아 새벽에 너믿고 시험공부 안하고 너 경기봤는데,골 못넣으면 어쩌니..... 이렇게 된 이상 어쩔수없이 독서는 버린다 ㅋㅋㅋ,ㅇㅇ (219.241) 2020.11.02 06:52:21 스크랩 조회 54 추천 0 댓글 0,0,54,2020.11.02 06:52:21,https://gall.dcinside.com/mgallery/board/view/?id=hshs&no=1052&page=16
16,1051,,오늘 점심 간편식 궁예질,"목요일날 싸이버거, 오랜지주스가 나와서 다음날 점심을 기대하는 글이 올라왔으나 싸이버거를 쏘아올리는데에 힘이 너무 많이 들었는지 기대에 미치진 못했다 금요일날 삼김,계란,떠먹는 요구르트를 우유병에 집어넣은것,도넛 이런식으로 줘서 힘을 ""비축"" 해뒀으니 이젠 ""발산"" 할때이다 적어도 삼각김밥은 안보일거고 아마 햄버거류 + 주스or우유 조합이 될것 햄버거가 나온다면 일단 맘터는 이미 나왔으니 패스 버거킹이나 맥날 롯데리아가 남는데 버거킹이면 좋겠지만 크기가 큰 대신 상대적으로 비싸서 패스 물론 주니어 ver 도 있지만 이걸 주면 아이들이 무슨반응이 나올까? 롯데리아는 가성비 창렬이라 패스 맥날이 될 가능성이 높아보인다 그러나 어르신들은 롯데리아의 불고기버거가 익숙할것이므로 롯데리아일 가능성도 무시는 못한다 햄버거가 아니라면 샌드위치 아니면 혹시나 한솥같은곳에서 도시락 혹은 컵밥이 나올수있겠으나 햄버거가 가장 간단하고 빠르고 많이 만들수있고 호불호가 적어보여서 이외의 음식이 상상이 안감",ㅇㅇ (61.76) 2020.11.02 02:11:09 스크랩 조회 64 추천 0 댓글 2,0,64,2020.11.02 02:11:09,https://gall.dcinside.com/mgallery/board/view/?id=hshs&no=1051&page=16
16,1050,,너네 오늘시험 공부했냐??,난 이제 교과서 폄 엌ㅋㅋ,ㅇㅇ (61.76) 2020.11.02 01:26:41 스크랩 조회 61 추천 0 댓글 1,0,61,2020.11.02 01:26:41,https://gall.dcinside.com/mgallery/board/view/?id=hshs&no=1050&page=16
16,1049,,담주 금요일 소풍기대되는게,는 여고생쟝이 처리했으니 안심하라구~☆,ㄹㅇ여고생 2020.11.01 23:36:49 스크랩 조회 52 추천 0 댓글 0,0,52,2020.11.01 23:36:49,https://gall.dcinside.com/mgallery/board/view/?id=hshs&no=1049&page=16
16,1048,,도토리,공부가 제일 어려운거같은데요 이지은 정말로 사랑해♡,화학사랑해 2020.11.01 23:07:02 스크랩 조회 48 추천 0 댓글 2,0,48,2020.11.01 23:07:02,https://gall.dcinside.com/mgallery/board/view/?id=hshs&no=1048&page=16
16,1047,,,공부가 제일 어려운거같은데요 이지은 정말로 사랑해♡,화학사랑해 2020.11.01 18:47:06 스크랩 조회 46 추천 0 댓글 0,0,46,2020.11.01 18:47:06,https://gall.dcinside.com/mgallery/board/view/?id=hshs&no=1047&page=16
16,1046,,시험 끝나고 엽떡 먹을생각하니 존나 행복하네 ㅋㅋㅋ,"야, 기분좋다!",ㅇㅇ (219.241) 2020.11.01 12:49:53 스크랩 조회 58 추천 0 댓글 2,0,58,2020.11.01 12:49:53,https://gall.dcinside.com/mgallery/board/view/?id=hshs&no=1046&page=16
16,1045,,화학 필기 좀 올려줄사람 9함니다,"행님덜,,, 부탁드리겠습니다...",ㅇㅇ (219.241) 2020.11.01 12:10:29 스크랩 조회 55 추천 0 댓글 0,0,55,2020.11.01 12:10:29,https://gall.dcinside.com/mgallery/board/view/?id=hshs&no=1045&page=16
16,1044,,꽃은 참 예쁘다,풀꽃도 예쁘다 이 꽃 저 꽃 저 꽃 이 꽃 예쁘지 않은 꽃은 없다 ♪,ㅇㅇ (219.241) 2020.11.01 05:21:36 스크랩 조회 113 추천 0 댓글 0,0,113,2020.11.01 05:21:36,https://gall.dcinside.com/mgallery/board/view/?id=hshs&no=1044&page=16
16,1043,,미래예지,공부가 제일 어려운거같은데요 10일 뒤 갤 상황이라는 글에서 나는 미래를 예측했다 월요일이 끝나면 또 국어랑 화학 망했으면 개추 뜰거고 화학사랑해 화학잘쳤냐고 묻겠지 이지은 정말로 사랑해♡,화학사랑해 2020.11.01 01:33:42 스크랩 조회 67 추천 0 댓글 1,0,67,2020.11.01 01:33:42,https://gall.dcinside.com/mgallery/board/view/?id=hshs&no=1043&page=16
16,1042,,수학 망했으면 개추 저거,공부가 제일 어려운거같은데요 딴거 다 념글갈때 저거만 념글 안가네 ㅅㅂ 나만 어려웠고 나만 망했냐? 이지은 정말로 사랑해♡,화학사랑해 2020.11.01 01:31:37 스크랩 조회 61 추천 0 댓글 2,0,61,2020.11.01 01:31:37,https://gall.dcinside.com/mgallery/board/view/?id=hshs&no=1042&page=16
16,1041,,04들 토토하냐,공부가 제일 어려운거같은데요 돈따면 상납금 내러 와라 이지은 정말로 사랑해♡,화학사랑해 2020.11.01 01:26:43 스크랩 조회 72 추천 0 댓글 1,0,72,2020.11.01 01:26:43,https://gall.dcinside.com/mgallery/board/view/?id=hshs&no=1041&page=16
16,1040,,요즘 고1 토토유행,그래서 나도 시작해봄 - dc official App,고1 (175.200) 2020.11.01 00:06:58 스크랩 조회 54 추천 0 댓글 0,0,54,2020.11.01 00:06:58,https://gall.dcinside.com/mgallery/board/view/?id=hshs&no=1040&page=16
16,1039,,오늘 공부 1도안함,ㅈ댔다,ㅇㅇ (219.241) 2020.10.31 23:50:24 스크랩 조회 56 추천 0 댓글 1,0,56,2020.10.31 23:50:24,https://gall.dcinside.com/mgallery/board/view/?id=hshs&no=1039&page=16
16,1038,,화려한 묵,공부가 제일 어려운거같은데요 이지은 정말로 사랑해♡,화학사랑해 2020.10.31 20:23:27 스크랩 조회 46 추천 1 댓글 0,1,46,2020.10.31 20:23:27,https://gall.dcinside.com/mgallery/board/view/?id=hshs&no=1038&page=16
16,1037,,오늘자 사나 사진 떴다.jpg,와 ㄷㄷㄷㄷㄷ,ㅇㅇ (219.241) 2020.10.31 19:14:28 스크랩 조회 83 추천 0 댓글 1,0,83,2020.10.31 19:14:28,https://gall.dcinside.com/mgallery/board/view/?id=hshs&no=1037&page=16
16,1035,,어제 오후부터 공부안했으면 개추 ㅋㅋㅋㅋㅋㅋㅋㅋ,시험 끝난것같누 ㅋㅋㅋㅋㅋㅋㅋ,ㅇㅇ (219.241) 2020.10.31 00:19:43 스크랩 조회 88 추천 5 댓글 2,5,88,2020.10.31 00:19:43,https://gall.dcinside.com/mgallery/board/view/?id=hshs&no=1035&page=16
16,1034,,생명 답 아는 학붕이 있으묜 알려주라ㅠㅠㅜㅜㅜ,- dc official App,맛없는양파 2020.10.31 00:11:58 스크랩 조회 53 추천 0 댓글 0,0,53,2020.10.31 00:11:58,https://gall.dcinside.com/mgallery/board/view/?id=hshs&no=1034&page=16
16,1033,,화학사랑해가 알려주는 화학1 시험범위,"공부가 제일 어려운거같은데요 96~108 주요 내용 -전기분해 -이온결합 -공유결합 170~165 주요 내용 -가역비가역반응 -동적평형 -물의 자동 이온화 (산염기 정의) -pH, pOH 특이사항 중간고사에 서술형 없음 우리는 자랑스러운 학성고인이다. 이지은 정말로 사랑해♡",화학사랑해 2020.10.30 21:06:48 스크랩 조회 189 추천 5 댓글 3,5,189,2020.10.30 21:06:48,https://gall.dcinside.com/mgallery/board/view/?id=hshs&no=1033&page=16
16,1032,,형님들 화학 범위 어디부터 어디까지에요? 공부를 못하고있어요,제발 가르쳐주세요 ㅠㅠ,ㅇㅇ (219.241) 2020.10.30 20:45:31 스크랩 조회 40 추천 0 댓글 0,0,40,2020.10.30 20:45:31,https://gall.dcinside.com/mgallery/board/view/?id=hshs&no=1032&page=16
16,1030,,2학년 화학범위 어디부터 어디까지임?,ㅇㅇ???,ㅇㅇ (219.241) 2020.10.30 19:52:20 스크랩 조회 46 추천 0 댓글 0,0,46,2020.10.30 19:52:20,https://gall.dcinside.com/mgallery/board/view/?id=hshs&no=1030&page=16
16,1029,,수학 망했으면 개추,왜 다들 쉽다고하냐 나만어려웠음?,ㅇㅇ (223.39) 2020.10.30 13:34:46 스크랩 조회 111 추천 6 댓글 1,6,111,2020.10.30 13:34:46,https://gall.dcinside.com/mgallery/board/view/?id=hshs&no=1029&page=16
16,1028,,생명과학 망했으면 개추 ㅋㅋㅋㅋㅋㅋㅋㅋㅋㅋㅋㅋ,일단 나부터 ㅋㅋㅋㅋㅋㅋㅋㅋㅋㅋㅋㅋㅋㅋㅋㅋ,ㅇㅇ (219.241) 2020.10.30 13:31:12 스크랩 조회 85 추천 5 댓글 0,5,85,2020.10.30 13:31:12,https://gall.dcinside.com/mgallery/board/view/?id=hshs&no=1028&page=16
16,1027,,싸이버거 ㅈㄴ 맛있었다,오늘은 뭐주려나...,ㅇㅇ (219.241) 2020.10.30 01:37:34 스크랩 조회 49 추천 1 댓글 0,1,49,2020.10.30 01:37:34,https://gall.dcinside.com/mgallery/board/view/?id=hshs&no=1027&page=16
16,1026,,점심 궁예질해본다,어제 점심 빵쪼가리 삼김 주스 오늘 점심 싸이버거 주스 예상하는 내일 점심 버거킹 감튀 주스 또는 토스트 바나나우유 또는 서브웨이 주스 또는 김밥 주스 4가시중에 예상해본다 오늘 싸이버거 나온거에 만족했거나 친구가 뺏아먹어서 싸이버거를 못 먹었다거나 싸이버거 맛이 변해버려서 슬프다거나 혹은 이 글이 성지가 된다면 개추 하나씩 부탁해,ㅇㅇ (121.146) 2020.10.29 23:14:47 스크랩 조회 106 추천 6 댓글 1,6,106,2020.10.29 23:14:47,https://gall.dcinside.com/mgallery/board/view/?id=hshs&no=1026&page=16
16,1025,,물리 다 못풀었으면 개추,물리 미선택이라고? 니가 이과냐,ㅇㅇ (121.176) 2020.10.29 21:20:25 스크랩 조회 73 추천 7 댓글 0,7,73,2020.10.29 21:20:25,https://gall.dcinside.com/mgallery/board/view/?id=hshs&no=1025&page=16
16,1024,,오늘 지구과학 망했으면 개추 ㅋㅋㅋ,나부터 ㅋㅋㅋ,ㅇㅇ (219.241) 2020.10.29 13:41:26 스크랩 조회 101 추천 7 댓글 2,7,101,2020.10.29 13:41:26,https://gall.dcinside.com/mgallery/board/view/?id=hshs&no=1024&page=16
16,1023,,오늘 일어/중어 망했으면 개추,아니 제2외국어에 왜 서술형,ㅇㅇ (223.33) 2020.10.29 13:17:35 스크랩 조회 96 추천 5 댓글 1,5,96,2020.10.29 13:17:35,https://gall.dcinside.com/mgallery/board/view/?id=hshs&no=1023&page=16
16,1022,,2학년 지구과학 시험 범위 어디임?,아는사람..?,ㅇㅇ (219.241) 2020.10.28 18:56:51 스크랩 조회 46 추천 0 댓글 0,0,46,2020.10.28 18:56:51,https://gall.dcinside.com/mgallery/board/view/?id=hshs&no=1022&page=16
16,1021,,기하 10 11 12 13 14번 답아시는 천사분 있나요?,ㅇㅇ???,ㅇㅇ (219.241) 2020.10.28 18:13:13 스크랩 조회 51 추천 0 댓글 0,0,51,2020.10.28 18:13:13,https://gall.dcinside.com/mgallery/board/view/?id=hshs&no=1021&page=16
16,1020,,기하 2번 3번 틀렸네 시발,어ㆍㅇㆍㄱᆢ싀ㅡ늬딛ㄱㄷㅂㄷㅇ시버ㆍㄴᆢㄴㆍ긔ㅡ브브ㅡ 사람새낀가,ㅇㅇ (219.241) 2020.10.28 13:25:54 스크랩 조회 68 추천 0 댓글 3,0,68,2020.10.28 13:25:54,https://gall.dcinside.com/mgallery/board/view/?id=hshs&no=1020&page=16
16,1019,,1학년 아침일찍 학교가기,과학 벼락치기할려고 시험 당일 새벽 5시 까지함 친구들 끼리 6시에 맥모닝 먹음 - dc official App,고1 (175.200) 2020.10.28 13:19:15 스크랩 조회 51 추천 1 댓글 0,1,51,2020.10.28 13:19:15,https://gall.dcinside.com/mgallery/board/view/?id=hshs&no=1019&page=16
16,1018,,1학년들 상대로 화나는점,공부가 제일 어려운거같은데요 1학년은 3교시하고 마침 ㅅㅂ 4교시때 좀 조용히해라 상것들아 이지은 정말로 사랑해♡,화학사랑해 2020.10.28 00:10:39 스크랩 조회 81 추천 2 댓글 1,2,81,2020.10.28 00:10:39,https://gall.dcinside.com/mgallery/board/view/?id=hshs&no=1018&page=16
16,1017,,영어 버렸으면 개추,아ㅋㅋ,ㄹㅇ여고생 2020.10.27 19:30:45 스크랩 조회 89 추천 7 댓글 1,7,89,2020.10.27 19:30:45,https://gall.dcinside.com/mgallery/board/view/?id=hshs&no=1017&page=16
17,1016,,아 벼락치기 ㅈ같다 ㅈㄴ 힘들다.....,영어본문 처음본다... ㅈ됐다!!!,ㅇㅇ (219.241) 2020.10.27 04:46:21 스크랩 조회 51 추천 0 댓글 1,0,51,2020.10.27 04:46:21,https://gall.dcinside.com/mgallery/board/view/?id=hshs&no=1016&page=17
17,1015,,샤샤샤,투표를 안한다면 shy shy shy,ㅇㅇ (219.241) 2020.10.27 00:26:10 스크랩 조회 52 추천 0 댓글 1,0,52,2020.10.27 00:26:10,https://gall.dcinside.com/mgallery/board/view/?id=hshs&no=1015&page=17
17,1014,,2학년 영어 추가지문 그게 머임??,뭔지 가르쳐주실분??? 제발요 형님들... 뭐 프린트 같은거 따로 나눠준적 있음? 무슨 프린트임...? 제발 가르쳐주세요 ㅠㅠ,ㅇㅇ (211.220) 2020.10.26 20:13:49 스크랩 조회 52 추천 0 댓글 3,0,52,2020.10.26 20:13:49,https://gall.dcinside.com/mgallery/board/view/?id=hshs&no=1014&page=17
17,1013,,2학년 생명 사람의 유전 뭐 뭐 안들어가는지 아시는분?,급해요 형님들 ㅠㅠ 어디 안드감??,ㅇㅇ (219.241) 2020.10.26 03:43:58 스크랩 조회 68 추천 0 댓글 7,0,68,2020.10.26 03:43:58,https://gall.dcinside.com/mgallery/board/view/?id=hshs&no=1013&page=17
17,1012,,오늘 학교 가는데 밤샘 ㅅㄱ,. - dc official App,고1 (175.200) 2020.10.26 02:14:30 스크랩 조회 36 추천 0 댓글 0,0,36,2020.10.26 02:14:30,https://gall.dcinside.com/mgallery/board/view/?id=hshs&no=1012&page=17
17,1010,,한석원 형님 보러 간다는 글 광고,공부가 제일 어려운거같은데요 광고 ㅈㄴ 잘함 근데 저 광고에 있는 사진은........ 어디서 본거같은데... ? 이지은 정말로 사랑해♡,화학사랑해 2020.10.25 16:06:18 스크랩 조회 57 추천 0 댓글 0,0,57,2020.10.25 16:06:18,https://gall.dcinside.com/mgallery/board/view/?id=hshs&no=1010&page=17
17,1009,,방구석 한석원 형님 보러간다,기대 - dc official App,맛없는양파 2020.10.25 15:58:07 스크랩 조회 69 추천 0 댓글 0,0,69,2020.10.25 15:58:07,https://gall.dcinside.com/mgallery/board/view/?id=hshs&no=1009&page=17
17,1008,,707번버스 <--- 서여중앞 정류장에서 타는사람 못봄,공부가 제일 어려운거같은데요 잉 수소 이거 어쩔꺼야 이지은 정말로 사랑해♡,화학사랑해 2020.10.25 09:41:03 스크랩 조회 76 추천 0 댓글 2,0,76,2020.10.25 09:41:03,https://gall.dcinside.com/mgallery/board/view/?id=hshs&no=1008&page=17
17,1007,,인증,공부가 제일 어려운거같은데요 뭘 기대하셨습니까? 이지은 정말로 사랑해♡,화학사랑해 2020.10.25 00:56:17 스크랩 조회 56 추천 0 댓글 1,0,56,2020.10.25 00:56:17,https://gall.dcinside.com/mgallery/board/view/?id=hshs&no=1007&page=17
17,1006,,⬇+이거 뭐냐,공부가 제일 어려운거같은데요 진짜 뭐냐 그른섹기가 학성고에 어딧어? 이지은 정말로 사랑해♡,화학사랑해 2020.10.25 00:12:55 스크랩 조회 114 추천 6 댓글 0,6,114,2020.10.25 00:12:55,https://gall.dcinside.com/mgallery/board/view/?id=hshs&no=1006&page=17
17,1005,,고닉 ㄹㅇ여고생 저격한다,게이 + 페도 + 씹덕 + 야갤러 = ㄹㅇ여고생 반박시 ㄹㅇ여고생 - dc official App,북진결사대 2020.10.24 23:52:31 스크랩 조회 213 추천 7 댓글 7,7,213,2020.10.24 23:52:31,https://gall.dcinside.com/mgallery/board/view/?id=hshs&no=1005&page=17
17,1003,,ㄹㅇ여고생에 관한 진실,사실 신정고 2학년이 학고갤에서 분탕을 치는것이다,ㄹㅇ여고생 2020.10.24 22:56:05 스크랩 조회 102 추천 0 댓글 0,0,102,2020.10.24 22:56:05,https://gall.dcinside.com/mgallery/board/view/?id=hshs&no=1003&page=17
17,1001,,11년 2월 졸업생인데,여기 갤 보면 학고 오덕학교로 변했나 내가 아는 학성고는 선도부들 가오 ㅈㄴ 잡고 사나이들의 학교였는데 - dc official App,지혜에용 2020.10.24 17:35:53 스크랩 조회 87 추천 1 댓글 3,1,87,2020.10.24 17:35:53,https://gall.dcinside.com/mgallery/board/view/?id=hshs&no=1001&page=17
17,1000,,노란색 ㅗㅜㅑ,공부가 제일 어려운거같은데요 다음주 수요일부터 시험인건 알지? 이지은 정말로 사랑해♡,화학사랑해 2020.10.24 14:55:42 스크랩 조회 50 추천 0 댓글 0,0,50,2020.10.24 14:55:42,https://gall.dcinside.com/mgallery/board/view/?id=hshs&no=1000&page=17
17,999,,문과가 이과보다 좋은점,공부가 제일 어려운거같은데요 이지은 정말로 사랑해♡,화학사랑해 2020.10.24 01:43:03 스크랩 조회 142 추천 6 댓글 1,6,142,2020.10.24 01:43:03,https://gall.dcinside.com/mgallery/board/view/?id=hshs&no=999&page=17
17,998,,설문조사좀,공부가 제일 어려운거같은데요 화학사랑해(화랑해) 유튜브 만들면 구독해주냐? 이지은 정말로 사랑해♡,화학사랑해 2020.10.24 01:41:54 스크랩 조회 55 추천 2 댓글 1,2,55,2020.10.24 01:41:54,https://gall.dcinside.com/mgallery/board/view/?id=hshs&no=998&page=17
17,997,,학성고 저녁 탐방 2탄,"이번엔 사진이 적다 입구 밤의 비학상 올라가는길 수능 41일 남았노 우리반 맨날있는데인데도 밤에오니까 새롭네 저번 ㄱ씨 또출현 및 -틀,꼰- 숙직실1 숙직실 2 퇴출 ""5252 따라 올수있겠나?"" 네놈이야말로 따라와라! 숙직!",느금누골 2020.10.24 00:20:18 스크랩 조회 239 추천 7 댓글 5,7,239,2020.10.24 00:20:18,https://gall.dcinside.com/mgallery/board/view/?id=hshs&no=997&page=17
17,996,,왜 다들 날 싫어하는거야,공부가 제일 어려운거같은데요 솔직히 싫어해도 할말없긴해 ㅋㅋ 이지은 정말로 사랑해♡,화학사랑해 2020.10.23 17:46:10 스크랩 조회 63 추천 2 댓글 1,2,63,2020.10.23 17:46:10,https://gall.dcinside.com/mgallery/board/view/?id=hshs&no=996&page=17
17,995,,화학사랑해 특),뻘글만 싸지르는 ㅂㅅ,ㅇㅇ (203.226) 2020.10.23 08:10:32 스크랩 조회 104 추천 5 댓글 1,5,104,2020.10.23 08:10:32,https://gall.dcinside.com/mgallery/board/view/?id=hshs&no=995&page=17
17,994,,화학사랑해는,ㄴ짜로 Wls 같다 ㅋㅋ - dc official App,고1 (223.39) 2020.10.23 07:55:11 스크랩 조회 51 추천 1 댓글 1,1,51,2020.10.23 07:55:11,https://gall.dcinside.com/mgallery/board/view/?id=hshs&no=994&page=17
17,993,,공감하면 개추,공부가 제일 어려운거같은데요 새벽에 배고픈건 못참지 ㄹㅇㅋㅋ 이지은 정말로 사랑해♡,화학사랑해 2020.10.23 01:13:36 스크랩 조회 45 추천 1 댓글 1,1,45,2020.10.23 01:13:36,https://gall.dcinside.com/mgallery/board/view/?id=hshs&no=993&page=17
17,992,,2학년 영어 무조건 나옴,공부가 제일 어려운거같은데요 요행을 바라지 말고 교과서 글자 하나 더읽으십씨요 훠훠훠 이지은 정말로 사랑해♡,화학사랑해 2020.10.23 01:12:25 스크랩 조회 55 추천 0 댓글 0,0,55,2020.10.23 01:12:25,https://gall.dcinside.com/mgallery/board/view/?id=hshs&no=992&page=17
17,991,,학성고에서 문과를 선택하면 안 되는 이유 (내용 김),공부가 제일 어려운거같은데요 처럼 생긴 이미지 이지은 정말로 사랑해♡,화학사랑해 2020.10.23 01:11:39 스크랩 조회 90 추천 0 댓글 0,0,90,2020.10.23 01:11:39,https://gall.dcinside.com/mgallery/board/view/?id=hshs&no=991&page=17
17,990,,1학년 수학 무조건 나옴,공부가 제일 어려운거같은데요 예아 이지은 정말로 사랑해♡,화학사랑해 2020.10.23 01:09:40 스크랩 조회 62 추천 0 댓글 1,0,62,2020.10.23 01:09:40,https://gall.dcinside.com/mgallery/board/view/?id=hshs&no=990&page=17
17,989,,쿨 돌았냐?,공부가 제일 어려운거같은데요 5일남았다 게이야 이지은 정말로 사랑해♡,화학사랑해 2020.10.23 01:08:27 스크랩 조회 48 추천 0 댓글 0,0,48,2020.10.23 01:08:27,https://gall.dcinside.com/mgallery/board/view/?id=hshs&no=989&page=17
17,988,,갓-겜,아아 그것은 한국의 정치를 말하는 것이었다,ㅇㅇ (182.231) 2020.10.22 17:02:32 스크랩 조회 52 추천 2 댓글 1,2,52,2020.10.22 17:02:32,https://gall.dcinside.com/mgallery/board/view/?id=hshs&no=988&page=17
17,987,,디시하는 학생 특,논리적이며 용모가 우수하고 교우관계가 넓으며 인품이 바르다,ㄹㅇ여고생 2020.10.21 16:37:15 스크랩 조회 177 추천 6 댓글 0,6,177,2020.10.21 16:37:15,https://gall.dcinside.com/mgallery/board/view/?id=hshs&no=987&page=17
17,986,,2학년 생명과학하고 지구과학 시험범위 어디까지냐?,ㅇㅇ?,ㅇㅇ (118.47) 2020.10.20 20:38:00 스크랩 조회 65 추천 0 댓글 2,0,65,2020.10.20 20:38:00,https://gall.dcinside.com/mgallery/board/view/?id=hshs&no=986&page=17
17,985,,양생중 봉1지 헐렁한거봐라 ㅋㅋ,이왜진,ㄹㅇ여고생 2020.10.20 18:09:26 스크랩 조회 77 추천 0 댓글 1,0,77,2020.10.20 18:09:26,https://gall.dcinside.com/mgallery/board/view/?id=hshs&no=985&page=17
17,984,,12,,ㅇㅇ (175.124) 2020.10.20 03:38:35 스크랩 조회 46 추천 0 댓글 0,0,46,2020.10.20 03:38:35,https://gall.dcinside.com/mgallery/board/view/?id=hshs&no=984&page=17
17,983,,학고갤 디시콘 만든다는 말 있던데,공부가 제일 어려운거같은데요 고닉 화학사랑해는 '묵콘' 제작을 지지합니다 동의하면 개추 이지은 정말로 사랑해♡,화학사랑해 2020.10.20 01:42:59 스크랩 조회 53 추천 1 댓글 0,1,53,2020.10.20 01:42:59,https://gall.dcinside.com/mgallery/board/view/?id=hshs&no=983&page=17
17,982,,울산에서 학교 뉴스 찍을 때 학고 가는 게 국룰,원래 그래 울산 대표 고등학교야... - dc official App,지혜에용 2020.10.20 01:18:11 스크랩 조회 192 추천 7 댓글 1,7,192,2020.10.20 01:18:11,https://gall.dcinside.com/mgallery/board/view/?id=hshs&no=982&page=17
17,981,,생명과학 시험범위 아는 학붕이 있냐??,어디부터 어디까지냐? 공부 이제 시작한다;;; ㅠㅠ,ㅇㅇ (219.241) 2020.10.20 00:44:39 스크랩 조회 47 추천 0 댓글 1,0,47,2020.10.20 00:44:39,https://gall.dcinside.com/mgallery/board/view/?id=hshs&no=981&page=17
17,980,,디 포리스트,여기 디포리스트 동아리 회원 있어요? - dc official App,고1 (223.39) 2020.10.20 00:03:00 스크랩 조회 47 추천 0 댓글 2,0,47,2020.10.20 00:03:00,https://gall.dcinside.com/mgallery/board/view/?id=hshs&no=980&page=17
17,979,,학성고 뉴스 입갤,공부가 제일 어려운거같은데요 ㅋㅋㅋㅋㅋㅋㅋㅋㅋㅋㅋㅋㅋㅋ 1학년 어서오고 이지은 정말로 사랑해♡,화학사랑해 2020.10.19 23:05:12 스크랩 조회 176 추천 6 댓글 2,6,176,2020.10.19 23:05:12,https://gall.dcinside.com/mgallery/board/view/?id=hshs&no=979&page=17
17,978,,학성고 뉴스 입갤 실화냐..,https://www.youtube.com/watch?v=bg6P5PiNUg4 가슴이 웅장해진다.. 7:10 부터 - dc official App,맛없는양파 2020.10.19 22:12:32 스크랩 조회 75 추천 0 댓글 3,0,75,2020.10.19 22:12:32,https://gall.dcinside.com/mgallery/board/view/?id=hshs&no=978&page=17
17,977,,내일 금요일 시간표인거 괘씸하거든요?,뭐야 내 화요일 시간표 돌려줘요 - dc official App,북진결사대 2020.10.19 17:33:14 스크랩 조회 53 추천 3 댓글 2,3,53,2020.10.19 17:33:14,https://gall.dcinside.com/mgallery/board/view/?id=hshs&no=977&page=17
17,976,,'20Km',- dc official App,맛없는양파 2020.10.19 16:57:25 스크랩 조회 67 추천 0 댓글 4,0,67,2020.10.19 16:57:25,https://gall.dcinside.com/mgallery/board/view/?id=hshs&no=976&page=17
17,975,,방송국련들,플레시 졸라게 터트리네 눈부셔,ㅇㅇ (223.39) 2020.10.19 08:12:24 스크랩 조회 96 추천 6 댓글 0,6,96,2020.10.19 08:12:24,https://gall.dcinside.com/mgallery/board/view/?id=hshs&no=975&page=17
17,974,,ㅈ같다,썅x들 - dc official App,고1 (223.33) 2020.10.19 07:52:52 스크랩 조회 49 추천 1 댓글 3,1,49,2020.10.19 07:52:52,https://gall.dcinside.com/mgallery/board/view/?id=hshs&no=974&page=17
17,973,,오늘 노옥희 학고 입갤하는거 아냐?,공부가 제일 어려운거같은데요 예아 아침에 온다는데 언제오는진 모르겠음 방송국놈들 올거같으니까 지각하지 않길 바람 이지은 정말로 사랑해♡,화학사랑해 2020.10.19 00:13:10 스크랩 조회 171 추천 6 댓글 4,6,171,2020.10.19 00:13:10,https://gall.dcinside.com/mgallery/board/view/?id=hshs&no=973&page=17
17,972,,1층 화장실,비데 어케쓰냐 안켜지던데 - dc official App,맛없는양파 2020.10.18 23:11:34 스크랩 조회 58 추천 0 댓글 4,0,58,2020.10.18 23:11:34,https://gall.dcinside.com/mgallery/board/view/?id=hshs&no=972&page=17
17,971,,개쩐다,공부가 제일 어려운거같은데요 햇빛 쨍쨍한데 바람은 서늘해서 잠들기 딱좋은 날씨네 아 시험 이지은 정말로 사랑해♡,화학사랑해 2020.10.18 15:43:58 스크랩 조회 48 추천 0 댓글 2,0,48,2020.10.18 15:43:58,https://gall.dcinside.com/mgallery/board/view/?id=hshs&no=971&page=17
17,970,,오늘 할일,사진작가 - dc official App,고1 (175.200) 2020.10.18 10:32:57 스크랩 조회 46 추천 1 댓글 2,1,46,2020.10.18 10:32:57,https://gall.dcinside.com/mgallery/board/view/?id=hshs&no=970&page=17
17,969,,과학탐구영역.jpg,공부가 제일 어려운거같은데요 정직한 내용 이지은 정말로 사랑해♡,화학사랑해 2020.10.18 09:49:20 스크랩 조회 50 추천 0 댓글 0,0,50,2020.10.18 09:49:20,https://gall.dcinside.com/mgallery/board/view/?id=hshs&no=969&page=17
17,968,,이거 실화?,공부가 제일 어려운거같은데요 개춥네 이지은 정말로 사랑해♡,화학사랑해 2020.10.18 01:43:10 스크랩 조회 80 추천 5 댓글 0,5,80,2020.10.18 01:43:10,https://gall.dcinside.com/mgallery/board/view/?id=hshs&no=968&page=17
17,967,,10일 뒤 갤 상황.png,공부가 제일 어려운거같은데요 ㅇㅇ 이지은 정말로 사랑해♡,화학사랑해 2020.10.18 01:33:44 스크랩 조회 110 추천 6 댓글 0,6,110,2020.10.18 01:33:44,https://gall.dcinside.com/mgallery/board/view/?id=hshs&no=967&page=17
17,966,,물리 안하고 공대 가겠다는 애들,공부가 제일 어려운거같은데요 생명 안하고 의대 가겠다는거랑 뭐가다르노 이지은 정말로 사랑해♡,화학사랑해 2020.10.18 01:30:10 스크랩 조회 227 추천 6 댓글 7,6,227,2020.10.18 01:30:10,https://gall.dcinside.com/mgallery/board/view/?id=hshs&no=966&page=17
17,965,,시험기간 다가오니까 글리젠이랑 념글 ㅋㅋ,공부가 제일 어려운거같은데요 공부 안하고 갤 슬그머니 들어오는거 봐라 ㅋㅋㅋㅋㅋㅋㅋ 이지은 정말로 사랑해♡,화학사랑해 2020.10.18 01:24:42 스크랩 조회 116 추천 6 댓글 1,6,116,2020.10.18 01:24:42,https://gall.dcinside.com/mgallery/board/view/?id=hshs&no=965&page=17
17,964,,아 공부하기 ㅈㄴ싫다,ㄹㅇㅋㅋ,Dd (211.52) 2020.10.17 20:54:21 스크랩 조회 81 추천 6 댓글 1,6,81,2020.10.17 20:54:21,https://gall.dcinside.com/mgallery/board/view/?id=hshs&no=964&page=17
18,963,,아 존나 공부하기싫다,씨이발 대현고가고싶네,ㄹㅇ여고생 2020.10.17 20:39:14 스크랩 조회 149 추천 7 댓글 2,7,149,2020.10.17 20:39:14,https://gall.dcinside.com/mgallery/board/view/?id=hshs&no=963&page=18
18,962,,학고갤,다들 몇학년임? - dc official App,고1 (175.200) 2020.10.17 14:43:25 스크랩 조회 107 추천 1 댓글 23,1,107,2020.10.17 14:43:25,https://gall.dcinside.com/mgallery/board/view/?id=hshs&no=962&page=18
18,961,,사진이 안보이는 이유,사진이기 때문 - dc official App,맛없는양파 2020.10.16 23:32:09 스크랩 조회 51 추천 0 댓글 1,0,51,2020.10.16 23:32:09,https://gall.dcinside.com/mgallery/board/view/?id=hshs&no=961&page=18
18,960,,학성고 아직 명문인가요?,?? - dc official App,ㅇㅇ (183.104) 2020.10.16 17:29:07 스크랩 조회 295 추천 5 댓글 5,5,295,2020.10.16 17:29:07,https://gall.dcinside.com/mgallery/board/view/?id=hshs&no=960&page=18
18,959,,ㄱ씨랑 같이 밤의 학교탐방,좀어두워서 후레쉬 켰는데 꺼도 괜찮더라 본인의 의사에의해 누군지 안밝힘 문잠겨있다 나는 뭐가지러 온게아니라서 퇴짜맞음 대단! 시발 ㅈ같은 틀딱색기 내꿈 해양쪽이라고 말하니까 원양어선 탈라고? 이지랄 하네 ㅆ1ㅂ 뚝배기 깨고 싶노 ㄱ씨가 자기꺼 챙기고 퇴장 밤의 비학상 마지막으로 ㄱ이찍은 밤의 복도 결론: 대단하다! 틀딱!,느금누골 2020.10.15 22:57:31 스크랩 조회 178 추천 8 댓글 5,8,178,2020.10.15 22:57:31,https://gall.dcinside.com/mgallery/board/view/?id=hshs&no=959&page=18
18,958,,요즘 공부중인데,시험시간표 언제나옴 ㅋㅋ ㅈ같은 학고 - dc official App,고1 (175.200) 2020.10.15 02:08:21 스크랩 조회 48 추천 0 댓글 3,0,48,2020.10.15 02:08:21,https://gall.dcinside.com/mgallery/board/view/?id=hshs&no=958&page=18
18,957,,ㄹㄹ웹에 대해 araboza,그만 알아보자...,ㅇㅇ (182.231) 2020.10.14 19:28:08 스크랩 조회 53 추천 2 댓글 1,2,53,2020.10.14 19:28:08,https://gall.dcinside.com/mgallery/board/view/?id=hshs&no=957&page=18
18,956,,하교 입☆갤,- dc official App,맛없는양파 2020.10.14 17:26:29 스크랩 조회 44 추천 0 댓글 2,0,44,2020.10.14 17:26:29,https://gall.dcinside.com/mgallery/board/view/?id=hshs&no=956&page=18
18,955,,수학 개중요한거,공부가 제일 어려운거같은데요 극한 이지은 정말로 사랑해♡,화학사랑해 2020.10.14 01:14:55 스크랩 조회 45 추천 0 댓글 0,0,45,2020.10.14 01:14:55,https://gall.dcinside.com/mgallery/board/view/?id=hshs&no=955&page=18
18,954,,심야입갤,- dc official App,맛없는양파 2020.10.14 01:13:13 스크랩 조회 39 추천 0 댓글 0,0,39,2020.10.14 01:13:13,https://gall.dcinside.com/mgallery/board/view/?id=hshs&no=954&page=18
18,953,,입갤,이틀째인데 개피곤하다 - dc official App,맛없는양파 2020.10.13 18:05:28 스크랩 조회 81 추천 5 댓글 0,5,81,2020.10.13 18:05:28,https://gall.dcinside.com/mgallery/board/view/?id=hshs&no=953&page=18
18,952,,아니,공부가 제일 어려운거같은데요 학교 하루 갔다고 개피곤하네 등교 안하는 1학년 학붕이들은 글 안싸지르고 뭐하노 이지은 정말로 사랑해♡,화학사랑해 2020.10.13 00:40:11 스크랩 조회 45 추천 0 댓글 1,0,45,2020.10.13 00:40:11,https://gall.dcinside.com/mgallery/board/view/?id=hshs&no=952&page=18
18,951,,입갤,- dc official App,맛없는양파 2020.10.12 21:43:16 스크랩 조회 43 추천 0 댓글 0,0,43,2020.10.12 21:43:16,https://gall.dcinside.com/mgallery/board/view/?id=hshs&no=951&page=18
18,950,,아아아아아아아아아아아아아아아아아아아아아아아아아아아아아아아아아아아아아아아,공부가 제일 어려운거같은데요 수행평가 ​ 정신나갈것같애아아아아아아 정신나갈것같애 ​ 정신나갈것같애 정신나갈것같애 정신나갈것같애 정신나갈것같애 정신나갈것같애 정신나갈것같애 정신나갈것같애 정신나갈것같애 정신나갈것같애 정신나갈것같애 정신나갈것같애 정신나갈것같애 정신나갈것같애 정신나갈것같애 정신나갈것같애 정신나갈것같애 정신나갈것같애 정신나갈것같애 정신나갈것같애 정신나갈것같애 정신나갈것같애 ​ 배고프다 이지은 정말로 사랑해♡,화학사랑해 2020.10.11 20:16:55 스크랩 조회 58 추천 0 댓글 2,0,58,2020.10.11 20:16:55,https://gall.dcinside.com/mgallery/board/view/?id=hshs&no=950&page=18
18,949,,&zwj;&zwj;,&zwj;&zwj; - dc official App,맛없는양파 2020.10.11 16:28:33 스크랩 조회 45 추천 0 댓글 1,0,45,2020.10.11 16:28:33,https://gall.dcinside.com/mgallery/board/view/?id=hshs&no=949&page=18
18,948,,ㄹㅇ여고생어디감?,저격아닌 저격 당해서 도망감?,느금누골 2020.10.11 15:37:37 스크랩 조회 65 추천 0 댓글 6,0,65,2020.10.11 15:37:37,https://gall.dcinside.com/mgallery/board/view/?id=hshs&no=948&page=18
18,947,,사회적거리두기 2단계 연장 오피셜뜨면 아무나 좀 올려바라,ㅇㅇ - dc official App,맛없는양파 2020.10.11 14:19:37 스크랩 조회 79 추천 0 댓글 0,0,79,2020.10.11 14:19:37,https://gall.dcinside.com/mgallery/board/view/?id=hshs&no=947&page=18
18,946,,o,공부가 제일 어려운거같은데요 o 이지은 정말로 사랑해♡,화학사랑해 2020.10.11 12:54:05 스크랩 조회 46 추천 0 댓글 0,0,46,2020.10.11 12:54:05,https://gall.dcinside.com/mgallery/board/view/?id=hshs&no=946&page=18
18,945,,온클연장기원,https://v.kakao.com/v/20201011050020364?from=tgt - dc official App,맛없는양파 2020.10.11 11:44:05 스크랩 조회 35 추천 1 댓글 0,1,35,2020.10.11 11:44:05,https://gall.dcinside.com/mgallery/board/view/?id=hshs&no=945&page=18
18,944,,온클연장기원,온클연장기원 - dc official App,맛없는양파 2020.10.11 09:49:50 스크랩 조회 38 추천 0 댓글 0,0,38,2020.10.11 09:49:50,https://gall.dcinside.com/mgallery/board/view/?id=hshs&no=944&page=18
18,943,,화학 줄세우기 뭐냐,공부가 제일 어려운거같은데요 정직한 내용 이지은 정말로 사랑해♡,화학사랑해 2020.10.11 01:31:22 스크랩 조회 51 추천 0 댓글 2,0,51,2020.10.11 01:31:22,https://gall.dcinside.com/mgallery/board/view/?id=hshs&no=943&page=18
18,942,,10월 11일자 비호감고닉 여론조사 ㄹ황,공부가 제일 어려운거같은데요 화학사랑해 3 vs ㄹㅇ여고생 3 황금밸런스 예전같았으면 비추만 박히는 글이었을건데 이제는 개추도 박히노 감동이다 학붕이들아 이지은 정말로 사랑해♡,화학사랑해 2020.10.11 00:04:01 스크랩 조회 102 추천 5 댓글 2,5,102,2020.10.11 00:04:01,https://gall.dcinside.com/mgallery/board/view/?id=hshs&no=942&page=18
18,941,,노란색,공부가 제일 어려운거같은데요 이지은 정말로 사랑해♡,화학사랑해 2020.10.10 23:54:02 스크랩 조회 35 추천 0 댓글 0,0,35,2020.10.10 23:54:02,https://gall.dcinside.com/mgallery/board/view/?id=hshs&no=941&page=18
18,940,,작은 가슴 모아,공부가 제일 어려운거같은데요 이지은 정말로 사랑해♡,화학사랑해 2020.10.10 23:53:40 스크랩 조회 57 추천 0 댓글 1,0,57,2020.10.10 23:53:40,https://gall.dcinside.com/mgallery/board/view/?id=hshs&no=940&page=18
18,939,,수II... 필수복습과정 떴다,공부가 제일 어려운거같은데요 이게 진짜 수학이지 이지은 정말로 사랑해♡,화학사랑해 2020.10.10 23:53:20 스크랩 조회 42 추천 0 댓글 1,0,42,2020.10.10 23:53:20,https://gall.dcinside.com/mgallery/board/view/?id=hshs&no=939&page=18
18,938,,이거 뭐냐,공부가 제일 어려운거같은데요 뭐긴 뭐야 수소트램이지 이지은 정말로 사랑해♡,화학사랑해 2020.10.10 23:52:37 스크랩 조회 35 추천 0 댓글 0,0,35,2020.10.10 23:52:37,https://gall.dcinside.com/mgallery/board/view/?id=hshs&no=938&page=18
18,937,,??,유동으로 까니까 뭐라하는거지? 고닉이다 뚝배기 깨진 개씹덕아 씹덕질만 존나 하다보니까 대가리 깨졌노? 현생살아라 게이야 괜한 유동잡지말고...,rr2 2020.10.10 16:53:22 스크랩 조회 66 추천 3 댓글 2,3,66,2020.10.10 16:53:22,https://gall.dcinside.com/mgallery/board/view/?id=hshs&no=937&page=18
18,936,,어디가고싶음? 카이스트? 유니스트?,난 하비스트,맛없는양파 2020.10.10 00:42:40 스크랩 조회 81 추천 2 댓글 1,2,81,2020.10.10 00:42:40,https://gall.dcinside.com/mgallery/board/view/?id=hshs&no=936&page=18
18,935,,오랫동안 사랑하고 사랑받고 싶습니다,,맛없는양파 2020.10.10 00:40:39 스크랩 조회 43 추천 0 댓글 0,0,43,2020.10.10 00:40:39,https://gall.dcinside.com/mgallery/board/view/?id=hshs&no=935&page=18
18,934,,캬루 vs 뻘글,공부가 제일 어려운거같은데요 글 영양가라곤 찾아볼 수 없는 ''화학사랑해'' 좋은거 가끔 올려주는데 90%가 캬루인 ''ㄹㅇ여고생'' 화학사랑해가 낫다 <---개추 ㄹㅇ여고생이 낫다 <---비추 여론조사 시작 이지은 정말로 사랑해♡,화학사랑해 2020.10.10 00:11:53 스크랩 조회 179 추천 6 댓글 4,6,179,2020.10.10 00:11:53,https://gall.dcinside.com/mgallery/board/view/?id=hshs&no=934&page=18
18,933,,"씹덕,ㅈ캬루",제발 나가디져 게시글 올라올때 마다 존나 역겨워,00 (123.213) 2020.10.09 23:36:46 스크랩 조회 130 추천 5 댓글 6,5,130,2020.10.09 23:36:46,https://gall.dcinside.com/mgallery/board/view/?id=hshs&no=933&page=18
18,932,,페코린느 우유통크기 실화냐?,응애 나 애기학붕 페코마망 맘마줘~!,ㄹㅇ여고생 2020.10.09 20:44:31 스크랩 조회 60 추천 0 댓글 1,0,60,2020.10.09 20:44:31,https://gall.dcinside.com/mgallery/board/view/?id=hshs&no=932&page=18
18,931,,1학년이 꼭 알아야할 학성고 장점,내,ㄹㅇ여고생 2020.10.09 18:12:29 스크랩 조회 97 추천 0 댓글 5,0,97,2020.10.09 18:12:29,https://gall.dcinside.com/mgallery/board/view/?id=hshs&no=931&page=18
18,930,,이시국 마스크사용법,\ ^0^ /,ㄹㅇ여고생 2020.10.09 12:41:25 스크랩 조회 51 추천 1 댓글 1,1,51,2020.10.09 12:41:25,https://gall.dcinside.com/mgallery/board/view/?id=hshs&no=930&page=18
18,929,,학붕이들 살아있냐?,공부가 제일 어려운거같은데요 ㅅ발 아무도 안죽은거 맞지? 이지은 정말로 사랑해♡,화학사랑해 2020.10.09 01:02:28 스크랩 조회 47 추천 0 댓글 1,0,47,2020.10.09 01:02:28,https://gall.dcinside.com/mgallery/board/view/?id=hshs&no=929&page=18
18,928,,낼 2학년 온클하냐?,한글날인데 설마,ㄹㅇ여고생 2020.10.08 19:21:04 스크랩 조회 44 추천 0 댓글 0,0,44,2020.10.08 19:21:04,https://gall.dcinside.com/mgallery/board/view/?id=hshs&no=928&page=18
18,927,,학마갤에 3학년 없냐?,안보이네,ㄹㅇ여고생 2020.10.08 16:10:12 스크랩 조회 56 추천 0 댓글 1,0,56,2020.10.08 16:10:12,https://gall.dcinside.com/mgallery/board/view/?id=hshs&no=927&page=18
18,926,,내일 1학년 학교안가는거 실화냐?,개빡치네 아 학교가라고ㅋㅋ,ㄹㅇ여고생 2020.10.08 16:08:43 스크랩 조회 51 추천 0 댓글 3,0,51,2020.10.08 16:08:43,https://gall.dcinside.com/mgallery/board/view/?id=hshs&no=926&page=18
18,925,,통피입갤,ㅎㅇ,ㅇㅇ (39.7) 2020.10.08 10:05:22 스크랩 조회 42 추천 0 댓글 2,0,42,2020.10.08 10:05:22,https://gall.dcinside.com/mgallery/board/view/?id=hshs&no=925&page=18
18,924,,조용,공부가 제일 어려운거같은데요 필 이지은 정말로 사랑해♡,화학사랑해 2020.10.07 23:40:00 스크랩 조회 43 추천 0 댓글 0,0,43,2020.10.07 23:40:00,https://gall.dcinside.com/mgallery/board/view/?id=hshs&no=924&page=18
18,923,,윗집 개새끼 1시간째 짖는중,공부가 제일 어려운거같은데요 창문열고 보신탕마렵다 외치면 되는거임? 이지은 정말로 사랑해♡,화학사랑해 2020.10.06 23:21:41 스크랩 조회 52 추천 3 댓글 0,3,52,2020.10.06 23:21:41,https://gall.dcinside.com/mgallery/board/view/?id=hshs&no=923&page=18
18,922,,dc 공앱 쓰는놈들 특,공부가 제일 어려운거같은데요 병신 이지은 정말로 사랑해♡,화학사랑해 2020.10.05 22:52:31 스크랩 조회 76 추천 0 댓글 4,0,76,2020.10.05 22:52:31,https://gall.dcinside.com/mgallery/board/view/?id=hshs&no=922&page=18
18,921,,어이 학고갤.,공부가 제일 어려운거같은데요 1학년 어서오고 이지은 정말로 사랑해♡,화학사랑해 2020.10.05 22:49:34 스크랩 조회 51 추천 0 댓글 0,0,51,2020.10.05 22:49:34,https://gall.dcinside.com/mgallery/board/view/?id=hshs&no=921&page=18
18,920,,여기가 학성갤이노?,- dc official App,슨상 2020.10.05 21:02:48 스크랩 조회 56 추천 0 댓글 1,0,56,2020.10.05 21:02:48,https://gall.dcinside.com/mgallery/board/view/?id=hshs&no=920&page=18
18,919,,시x,고1 경우의 수와 순열 개 빡치네 시바꺼 - dc official App,ㅇㅇ (211.109) 2020.10.05 20:19:48 스크랩 조회 40 추천 0 댓글 1,0,40,2020.10.05 20:19:48,https://gall.dcinside.com/mgallery/board/view/?id=hshs&no=919&page=18
18,918,,내가 진짜 게이는 아닌데,아스톨포짱은 좀 꼴림,ㅇㅇ (162.243) 2020.10.05 19:34:22 스크랩 조회 53 추천 0 댓글 1,0,53,2020.10.05 19:34:22,https://gall.dcinside.com/mgallery/board/view/?id=hshs&no=918&page=18
18,917,,두두두두두두두두두두두두두두두두두두두두두두두두두두두두두두두두두두두두두두두두,공부가 제일 어려운거같은데요 두두두두두두두두두두두두두두두두두두두두두두두두두두두두두두두두두두두두두두두두두두두두두두두두두두두두두두두두두두두두두두두두두두두두두두두두두두두두두두두두두두두두두두두두두두두두두두두두두두두두두두두두두두두두두두두두두두두두두두두두두두두두두두두두두두두두두두두두두두두두두두두두두두두두두두두두두두두두두두두두두두두두두두두두두두두두두두두두두두두두두두두두두두두두두두두두두두두두두두두두두두두두두두두두두두두두두두두두두두두두두두두두두두두두두두두두두두두두두두두두두두두두두두두두두두두두두두두두두두두두두두두두두두두두두두두두두두두두두두두두두두두두두두두두두두두두두두두두두두두두두두두두두두두두두두두두두두두두두두두두두두두두두두두두두두두두두두두두두두두두두두두두두두두두두두두두두두두두두두두두두두두두두두두두두두두두두두두두두두두두두두두두두두두두두두두두두두두두두두두두두두두두두두두두두두두두두두두두두두두두두두두두두두두두두두두두두두두두두두두두두두두두두두두두두두두두두두두두두두두두두두두두두두두두두두두두두두두두두두두두두두두두두두두두두두두두두두두두두두두두두두두두두두두두두두두두두두두두두두두두두두두두두두두두두두두두두두두두두두두두두두두두두두두두두두두두 이지은 정말로 사랑해♡,화학사랑해 2020.10.05 16:39:40 스크랩 조회 39 추천 0 댓글 1,0,39,2020.10.05 16:39:40,https://gall.dcinside.com/mgallery/board/view/?id=hshs&no=917&page=18
18,916,,♧10월 식단표♧⬇+밑에글에 안나옴⬇+,- 진주즈 떡상하자,윶놀이하자 2020.10.05 13:17:31 스크랩 조회 123 추천 6 댓글 4,6,123,2020.10.05 13:17:31,https://gall.dcinside.com/mgallery/board/view/?id=hshs&no=916&page=18
18,915,,10월 급식,공부가 제일 어려운거같은데요 ㄱㅊ하게 나오는데 9월 라인업이 훨씬 좋았던거같음 이지은 정말로 사랑해♡,화학사랑해 2020.10.04 16:07:46 스크랩 조회 46 추천 0 댓글 0,0,46,2020.10.04 16:07:46,https://gall.dcinside.com/mgallery/board/view/?id=hshs&no=915&page=18
18,914,,일요일 자가진단 왜함,공부가 제일 어려운거같은데요 왜해야함 이지은 정말로 사랑해♡,화학사랑해 2020.10.03 22:26:10 스크랩 조회 60 추천 0 댓글 4,0,60,2020.10.03 22:26:10,https://gall.dcinside.com/mgallery/board/view/?id=hshs&no=914&page=18
19,913,,인증,공부가 제일 어려운거같은데요 교과서나 한글자 더 봐 이지은 정말로 사랑해♡,화학사랑해 2020.10.03 16:05:11 스크랩 조회 59 추천 0 댓글 1,0,59,2020.10.03 16:05:11,https://gall.dcinside.com/mgallery/board/view/?id=hshs&no=913&page=19
19,912,,내 여친 ㅁㅌㅊ,크... - dc official App,ㅇㅇ (219.241) 2020.10.03 03:02:37 스크랩 조회 80 추천 0 댓글 4,0,80,2020.10.03 03:02:37,https://gall.dcinside.com/mgallery/board/view/?id=hshs&no=912&page=19
19,911,,이번년도에 졸업하신 고3,유명한 사람있음?? - dc official App,ㅇㅇ (223.39) 2020.10.02 18:35:34 스크랩 조회 52 추천 0 댓글 0,0,52,2020.10.02 18:35:34,https://gall.dcinside.com/mgallery/board/view/?id=hshs&no=911&page=19
19,910,,오늘자 여친...png,공부가 제일 어려운거같은데요 ㅠ 이지은 정말로 사랑해♡,화학사랑해 2020.10.02 16:52:44 스크랩 조회 65 추천 1 댓글 0,1,65,2020.10.02 16:52:44,https://gall.dcinside.com/mgallery/board/view/?id=hshs&no=910&page=19
19,908,,신개념 버거지수,(버거킹+KFC+맥날 지점수)/롯1데리아 지점수 - 진주즈 떡상하자,윶놀이하자 2020.10.01 20:07:29 스크랩 조회 84 추천 0 댓글 1,0,84,2020.10.01 20:07:29,https://gall.dcinside.com/mgallery/board/view/?id=hshs&no=908&page=19
19,907,,오예 집도착,즐겨라 - 진주즈 떡상하자,윶놀이하자 2020.10.01 13:54:57 스크랩 조회 45 추천 0 댓글 0,0,45,2020.10.01 13:54:57,https://gall.dcinside.com/mgallery/board/view/?id=hshs&no=907&page=19
19,906,,오이 완전체,완전히익으면 누렇개 된다,ㄹㅇ여고생 2020.10.01 13:03:31 스크랩 조회 62 추천 0 댓글 3,0,62,2020.10.01 13:03:31,https://gall.dcinside.com/mgallery/board/view/?id=hshs&no=906&page=19
19,905,,누누누누누누누누누누누누누누누누누누누누누누,누누누누누누누누누누누누누누누누누누누누누누누누누누누누누누누누누누누누누누누누누누누누누누누누누누 누누누누누누누누누누누누누누누누누누누누누누누누누누누누누누누누누누누누누누누누누누누누누누누누누누 누누누누누누누누누누누누누누누누누누누누누누누누누누누누누누누누누누누누누누누누누누누누누누누누누누 누누누누누누누누누누누누누누누누누누누누누누누누누누누누누누누누누누누누누누누누누누누누누누누누누누 누누누누누누누누누누누누누누누누누누누누누누누누누누누누누누누누누누누누누누누누누누누누누누누누누누 누누누누누누누누누누누누누누누누누누누누누누누누누누누누누누누누누누누누누누누누누누누누누누누누누누 누누누누누누누누누누누누누누누누누누누누누누누누누누누누누누누누누누누누누누누누누누누누누누누누누누 누누누누누누누누누누누누누누누누누누누누누누누누누누누누누누누누누누누누누누누누누누누누누누누누누누 누누누누누누누누누누누누누누누누누누누누누누누누누누누누누누누누누누누누누누누누누누누누누누누누누누 누누누누누누누누누누누누누누누누누누누누누누누누누누누누누누누누누누누누누누누누누누누누누누누누누누 누누누누누누누누누누누누누누누누누누누누누누누누누누누누누누누누누누누누누누누누누누누누누누누누누누 누누누누누누누누누누누누누누누누누누누누누누누누누누누누누누누누누누누누누누누누누누누누누누누누누누 누누누누누누누누누누누누누누누누누누누누누누누누누누누누누누누누누누누누누누누누누누누누누누누누누누 누누누누누누누누누누누누누누누누누누누누누누누누누누누누누누누누누누누누누누누누누누누누누누누누누누 누누누누누누누누누누누누누누누누누누누누누누누누누누누누누누누누누누누누누누누누누누누누누누누누누누 누누누누누누누누누누누누누누누누누누누누누누누누누누누누누누누누누누누누누누누누누누누누누누누누누누 누누누누누누누누누누누누누누누누누누누누누누누누누누누누누누누누누누누누누누누누누누누누누누누누누누 누누누누누누누누누누누누누누누누누누누누누누누누누누누누누누누누누누누누누누누누누누누누누누누누누누 누누누누누누누누누누누누누누누누누누누누누누누누누누누누누누누누누누누누누누누누누누누누누누누누누누 누누누누누누누누누누누누누누누누누누누누누누누누누누누누누누누누누누누누누누누누누누누누누누누누누누 누누누누누누누누누누누누누누누누누누누누누누누누누누누누누누누누누누누누누누누누누누누누누누누누누누 누누누누누누누누누누누누누누누누누누누누누누누누누누누누누누누누누누누누누누누누누누누누누누누누누누 누누누누누누누누누누누누누누누누누누누누누누누누누누누누누누누누누누누누누누누누누누누누누누누누누누 누누누누누누누누누누누누누누누누누누누누누누누누누누누누누누누누누누누누누누누누누누누누누누누누누누 - dc official App,노무현이 부끄럽다 (219.241) 2020.10.01 12:31:55 스크랩 조회 53 추천 0 댓글 0,0,53,2020.10.01 12:31:55,https://gall.dcinside.com/mgallery/board/view/?id=hshs&no=905&page=19
19,904,,할머니댁 왓는데 이거머냐?,머긴머야 캬루지,ㄹㅇ여고생 2020.10.01 11:58:48 스크랩 조회 62 추천 1 댓글 0,1,62,2020.10.01 11:58:48,https://gall.dcinside.com/mgallery/board/view/?id=hshs&no=904&page=19
19,903,,아 집가고싶다,ㅠㅠ - 진주즈 떡상하자,윶놀이하자 2020.10.01 11:43:05 스크랩 조회 42 추천 0 댓글 0,0,42,2020.10.01 11:43:05,https://gall.dcinside.com/mgallery/board/view/?id=hshs&no=903&page=19
19,902,,오랜만에 글쓴다,-캬-,ㄹㅇ여고생 2020.10.01 08:24:31 스크랩 조회 49 추천 1 댓글 1,1,49,2020.10.01 08:24:31,https://gall.dcinside.com/mgallery/board/view/?id=hshs&no=902&page=19
19,901,,야 기분좋다.jpg,https://m.dcinside.com/board/baseball_new9/3785094 야념글 간거 너무 기분 좋다~!!! - dc official App,ㅇㅇ (219.241) 2020.10.01 02:27:24 스크랩 조회 58 추천 0 댓글 1,0,58,2020.10.01 02:27:24,https://gall.dcinside.com/mgallery/board/view/?id=hshs&no=901&page=19
19,900,,10월 입갤,공부가 제일 어려운거같은데요 춘추복 슬슬 꺼내야겠구만 이지은 정말로 사랑해♡,화학사랑해 2020.10.01 00:06:21 스크랩 조회 48 추천 0 댓글 1,0,48,2020.10.01 00:06:21,https://gall.dcinside.com/mgallery/board/view/?id=hshs&no=900&page=19
19,899,,수많은 프레임과 그 사이의 묵,공부가 제일 어려운거같은데요 캔버스에 유화 는 아니다. 이지은 정말로 사랑해♡,화학사랑해 2020.09.30 18:23:49 스크랩 조회 39 추천 0 댓글 0,0,39,2020.09.30 18:23:49,https://gall.dcinside.com/mgallery/board/view/?id=hshs&no=899&page=19
19,898,,민트초코 논란 이해안되는 점,공부가 제일 어려운거같은데요 백종원이 인정하고 아이유도 인정했는데 논란이 왜 생기는거임? 이해할 수가 없다 이지은 정말로 사랑해♡,화학사랑해 2020.09.30 18:19:51 스크랩 조회 56 추천 1 댓글 2,1,56,2020.09.30 18:19:51,https://gall.dcinside.com/mgallery/board/view/?id=hshs&no=898&page=19
19,897,,근배,(이)근(광)배 이왜진 - 진주즈 떡상하자,윶놀이하자 2020.09.30 12:31:20 스크랩 조회 58 추천 0 댓글 0,0,58,2020.09.30 12:31:20,https://gall.dcinside.com/mgallery/board/view/?id=hshs&no=897&page=19
19,895,,아니 근데 개억울한게,공부가 제일 어려운거같은데요 시간표 그대로 맞춰서 들었더니 학교가니까 왜 다 안들었냐고 꼽줌? 시간표대로 들으라고 할 때는 언제고 ㅅ발 개어이없네 이지은 정말로 사랑해♡,화학사랑해 2020.09.30 01:49:52 스크랩 조회 52 추천 3 댓글 1,3,52,2020.09.30 01:49:52,https://gall.dcinside.com/mgallery/board/view/?id=hshs&no=895&page=19
19,894,,진짜 중요한거,공부가 제일 어려운거같은데요 극한값의 존재 이지은 정말로 사랑해♡,화학사랑해 2020.09.30 01:48:24 스크랩 조회 50 추천 0 댓글 0,0,50,2020.09.30 01:48:24,https://gall.dcinside.com/mgallery/board/view/?id=hshs&no=894&page=19
19,893,,선배들아,츨추여^^~ 눈팅하면 다시는 글 안씀 - dc official App,고1 (175.200) 2020.09.29 19:51:21 스크랩 조회 75 추천 1 댓글 3,1,75,2020.09.29 19:51:21,https://gall.dcinside.com/mgallery/board/view/?id=hshs&no=893&page=19
19,892,,학붕이들 군대갈때 평균,공부가 제일 어려운거같은데요 라인하르트 반 아스트레아 검 뽑으면 나라 하나정도는 반갈죽 ㅆㄱㄴ한부분 인정하면 개추 이지은 정말로 사랑해♡,화학사랑해 2020.09.29 00:46:50 스크랩 조회 74 추천 1 댓글 2,1,74,2020.09.29 00:46:50,https://gall.dcinside.com/mgallery/board/view/?id=hshs&no=892&page=19
19,891,,ㅈㄴ게 화려한 묵,공부가 제일 어려운거같은데요 내 현대미술혼 이지은 정말로 사랑해♡,화학사랑해 2020.09.29 00:45:11 스크랩 조회 53 추천 1 댓글 0,1,53,2020.09.29 00:45:11,https://gall.dcinside.com/mgallery/board/view/?id=hshs&no=891&page=19
19,890,,리그오브레전드,브딱이 구출좀 해줘라 선배님들아 ㅠ - dc official App,고1 (118.223) 2020.09.28 18:49:05 스크랩 조회 38 추천 0 댓글 0,0,38,2020.09.28 18:49:05,https://gall.dcinside.com/mgallery/board/view/?id=hshs&no=890&page=19
19,889,,고2 부럽다,황금연후 짱길어 - dc official App,고1 (211.109) 2020.09.28 14:01:19 스크랩 조회 52 추천 0 댓글 1,0,52,2020.09.28 14:01:19,https://gall.dcinside.com/mgallery/board/view/?id=hshs&no=889&page=19
19,888,,학붕이들 자가진단해라 익2,깜빡할뻔했네 - dc official App,ㅇㅇ (219.241) 2020.09.28 02:25:42 스크랩 조회 37 추천 0 댓글 0,0,37,2020.09.28 02:25:42,https://gall.dcinside.com/mgallery/board/view/?id=hshs&no=888&page=19
19,887,,cex,cex - dc official App,고1 (175.200) 2020.09.28 01:01:31 스크랩 조회 46 추천 0 댓글 0,0,46,2020.09.28 01:01:31,https://gall.dcinside.com/mgallery/board/view/?id=hshs&no=887&page=19
19,886,,작은 가슴,공부가 제일 어려운거같은데요 가슴 모아 우리 사랑 모아 우리 함께에 만들어가요 아름 다운 세상~ 이지은 정말로 사랑해♡,화학사랑해 2020.09.27 20:37:09 스크랩 조회 72 추천 0 댓글 1,0,72,2020.09.27 20:37:09,https://gall.dcinside.com/mgallery/board/view/?id=hshs&no=886&page=19
19,885,,시험 한달 남음,공부가 제일 어려운거같은데요 ㅇㅇ 이지은 정말로 사랑해♡,화학사랑해 2020.09.27 17:55:08 스크랩 조회 47 추천 0 댓글 0,0,47,2020.09.27 17:55:08,https://gall.dcinside.com/mgallery/board/view/?id=hshs&no=885&page=19
19,884,,수소트램,공부가 제일 어려운거같은데요 아 ㅋㅋ 이지은 정말로 사랑해♡,화학사랑해 2020.09.27 12:24:38 스크랩 조회 55 추천 0 댓글 0,0,55,2020.09.27 12:24:38,https://gall.dcinside.com/mgallery/board/view/?id=hshs&no=884&page=19
19,883,,이왜진,공부가 제일 어려운거같은데요 월요일에 파스타샐러드나옴 예전처럼 그 한입먹고 버린 파스타샐러드가 아니길 빌어본다 이지은 정말로 사랑해♡,화학사랑해 2020.09.27 12:24:16 스크랩 조회 44 추천 0 댓글 2,0,44,2020.09.27 12:24:16,https://gall.dcinside.com/mgallery/board/view/?id=hshs&no=883&page=19
19,882,,학교특,공부가 제일 어려운거같은데요 집 제외하고 제일 잠 잘옴 이지은 정말로 사랑해♡,화학사랑해 2020.09.27 01:43:50 스크랩 조회 54 추천 0 댓글 1,0,54,2020.09.27 01:43:50,https://gall.dcinside.com/mgallery/board/view/?id=hshs&no=882&page=19
19,881,,가슴,공부가 제일 어려운거같은데요 이왜진? 이지은 정말로 사랑해♡,화학사랑해 2020.09.27 01:41:55 스크랩 조회 52 추천 0 댓글 1,0,52,2020.09.27 01:41:55,https://gall.dcinside.com/mgallery/board/view/?id=hshs&no=881&page=19
19,880,,그런거 볼 시간에 교과서 한글자 더 봐라,공부가 제일 어려운거같은데요 아 이건 봐도 됨 ㅇㅇ 이지은 정말로 사랑해♡,화학사랑해 2020.09.27 01:39:16 스크랩 조회 39 추천 0 댓글 0,0,39,2020.09.27 01:39:16,https://gall.dcinside.com/mgallery/board/view/?id=hshs&no=880&page=19
19,879,,정시vs수시,고1국어 7등급 자살 마려움 - dc official App,고1 (223.62) 2020.09.26 22:48:45 스크랩 조회 67 추천 0 댓글 1,0,67,2020.09.26 22:48:45,https://gall.dcinside.com/mgallery/board/view/?id=hshs&no=879&page=19
19,878,,황금연휴에 잠이나 퍼질러자면서 겜해야겠다,공부가 제일 어려운거같은데요 공부해 학붕이들아 이지은 정말로 사랑해♡,화학사랑해 2020.09.26 21:40:41 스크랩 조회 46 추천 0 댓글 1,0,46,2020.09.26 21:40:41,https://gall.dcinside.com/mgallery/board/view/?id=hshs&no=878&page=19
19,877,,야 진짜 우리 11일까지 쉬는거냐??,황금연휴 개꿀이네ㅋㅋㅋㅋㅋㅋㅋ,ㅇㅇ (61.76) 2020.09.26 18:51:38 스크랩 조회 51 추천 0 댓글 3,0,51,2020.09.26 18:51:38,https://gall.dcinside.com/mgallery/board/view/?id=hshs&no=877&page=19
19,876,,학갤러들 즐추,고 1 월화 온클 그럼 휴일이 존na기네 - dc official App,고1 (175.200) 2020.09.26 15:40:30 스크랩 조회 48 추천 0 댓글 6,0,48,2020.09.26 15:40:30,https://gall.dcinside.com/mgallery/board/view/?id=hshs&no=876&page=19
19,875,,오늘자 양생중 ㄹ황...gif,펄럭이는중 - dc official App,ㅇㅇ (223.33) 2020.09.26 15:37:45 스크랩 조회 55 추천 0 댓글 1,0,55,2020.09.26 15:37:45,https://gall.dcinside.com/mgallery/board/view/?id=hshs&no=875&page=19
19,874,,울산 이쁜사람,고1 이서린 고2 김하정 고3 멀라 - dc official App,고1 (175.200) 2020.09.26 02:35:14 스크랩 조회 124 추천 0 댓글 3,0,124,2020.09.26 02:35:14,https://gall.dcinside.com/mgallery/board/view/?id=hshs&no=874&page=19
19,873,,우,우 - dc official App,ㅇㅇ (219.241) 2020.09.26 01:44:42 스크랩 조회 40 추천 0 댓글 0,0,40,2020.09.26 01:44:42,https://gall.dcinside.com/mgallery/board/view/?id=hshs&no=873&page=19
19,872,,흥,흥 - dc official App,ㅇㅇ (219.241) 2020.09.26 01:44:30 스크랩 조회 38 추천 0 댓글 0,0,38,2020.09.26 01:44:30,https://gall.dcinside.com/mgallery/board/view/?id=hshs&no=872&page=19
19,871,,♡,♡ - dc official App,ㅇㅇ (219.241) 2020.09.26 01:44:25 스크랩 조회 45 추천 0 댓글 0,0,45,2020.09.26 01:44:25,https://gall.dcinside.com/mgallery/board/view/?id=hshs&no=871&page=19
19,870,,화학 MT 몰 복습 1일차,- 진주즈 떡상하자,윶놀이하자 2020.09.25 20:42:40 스크랩 조회 54 추천 1 댓글 1,1,54,2020.09.25 20:42:40,https://gall.dcinside.com/mgallery/board/view/?id=hshs&no=870&page=19
19,869,,정보) 1학년은 내일도 학교에 간다,- dc official App,ㅇㅇ (219.241) 2020.09.24 23:22:19 스크랩 조회 43 추천 0 댓글 2,0,43,2020.09.24 23:22:19,https://gall.dcinside.com/mgallery/board/view/?id=hshs&no=869&page=19
19,868,,종례,공부가 제일 어려운거같은데요 종례 이제 시간제한 걸리는걸로 다 바뀐거? 이지은 정말로 사랑해♡,화학사랑해 2020.09.24 16:16:09 스크랩 조회 43 추천 0 댓글 1,0,43,2020.09.24 16:16:09,https://gall.dcinside.com/mgallery/board/view/?id=hshs&no=868&page=19
19,867,,보면 배고파지는 짤,- dc official App,ㅇㅇ (219.241) 2020.09.24 09:06:16 스크랩 조회 43 추천 1 댓글 0,1,43,2020.09.24 09:06:16,https://gall.dcinside.com/mgallery/board/view/?id=hshs&no=867&page=19
19,866,,배고파 뒤질거같음,공부가 제일 어려운거같은데요 치킨먹고싶다 이지은 정말로 사랑해♡,화학사랑해 2020.09.24 08:59:36 스크랩 조회 43 추천 0 댓글 0,0,43,2020.09.24 08:59:36,https://gall.dcinside.com/mgallery/board/view/?id=hshs&no=866&page=19
19,865,,나의 과자가,공부가 제일 어려운거같은데요 과자 뺏기는 캬루베로스 이지은 정말로 사랑해♡,화학사랑해 2020.09.24 08:57:08 스크랩 조회 38 추천 0 댓글 0,0,38,2020.09.24 08:57:08,https://gall.dcinside.com/mgallery/board/view/?id=hshs&no=865&page=19
19,864,,정보) 내일 1학년은 학교에 간다,- dc official App,ㅇㅇ (219.241) 2020.09.23 22:46:51 스크랩 조회 51 추천 0 댓글 1,0,51,2020.09.23 22:46:51,https://gall.dcinside.com/mgallery/board/view/?id=hshs&no=864&page=19
19,863,,학고갤 망한이유,1. 고1들이 공부만함 2. 고2 너무 가오잡음 개 등ㅋ신 같음 3. 고3 대학가느라 바쁨 그런데도 오는 사람 특 1. 씹 ㅈ 망 내신성적 2. 친구 별로 없음 3. 학교를 싫어함,고1대표 (211.109) 2020.09.23 21:40:12 스크랩 조회 78 추천 1 댓글 3,1,78,2020.09.23 21:40:12,https://gall.dcinside.com/mgallery/board/view/?id=hshs&no=863&page=19
20,862,,이거 뭐임,공부가 제일 어려운거같은데요 엄중식 교수님 이지은 정말로 사랑해♡,화학사랑해 2020.09.23 17:14:53 스크랩 조회 50 추천 0 댓글 1,0,50,2020.09.23 17:14:53,https://gall.dcinside.com/mgallery/board/view/?id=hshs&no=862&page=20
20,861,,모든 한국인 미개한. 삼성 Vietnam에 필요 하지않습니다.,손 흥민보다 Nguyen Quang Hai가 첨단기술적으로 뛰어납니다. - dc official App,Nguyễn Quhén (219.241) 2020.09.23 04:45:37 스크랩 조회 52 추천 0 댓글 0,0,52,2020.09.23 04:45:37,https://gall.dcinside.com/mgallery/board/view/?id=hshs&no=861&page=20
20,860,,모든 한국인은 가지고 있습니다 찢어진 눈을.,그들은 매우 못생겼으며 한국은 쌍꺼풀이 있는 아름다운 Vietnam 을 질투하는 중입니다. - dc official App,Nguyễn Quhén (219.241) 2020.09.23 04:44:13 스크랩 조회 53 추천 0 댓글 0,0,53,2020.09.23 04:44:13,https://gall.dcinside.com/mgallery/board/view/?id=hshs&no=860&page=20
20,859,,수능 비문학 문제라는데,내가 이걸 풀어야한다고.....??? - dc official App,ㅇㅇ (219.241) 2020.09.23 01:16:48 스크랩 조회 43 추천 0 댓글 0,0,43,2020.09.23 01:16:48,https://gall.dcinside.com/mgallery/board/view/?id=hshs&no=859&page=20
20,858,,모의고사 수학에서 자주나오는거 찾음,공부가 제일 어려운거같은데요 삼각형 넓이 공식 이 아니라 극한값의 존재 이지은 정말로 사랑해♡,화학사랑해 2020.09.22 17:27:08 스크랩 조회 64 추천 1 댓글 0,1,64,2020.09.22 17:27:08,https://gall.dcinside.com/mgallery/board/view/?id=hshs&no=858&page=20
20,857,,영어듣기평가 진짜 ㅈ같네 ㅋㅋㅋㅋㅋ,개교기념일도 날리고 에라이... - dc official App,ㅇㅇ (219.241) 2020.09.22 15:21:22 스크랩 조회 60 추천 0 댓글 1,0,60,2020.09.22 15:21:22,https://gall.dcinside.com/mgallery/board/view/?id=hshs&no=857&page=20
20,856,,망갤,공부가 제일 어려운거같은데요 학교폭력 실태조사나 해라 이지은 정말로 사랑해♡,화학사랑해 2020.09.22 12:43:46 스크랩 조회 44 추천 0 댓글 0,0,44,2020.09.22 12:43:46,https://gall.dcinside.com/mgallery/board/view/?id=hshs&no=856&page=20
20,855,,아니,공부가 제일 어려운거같은데요 폰마크 계정 날라감 개빡침 이지은 정말로 사랑해♡,화학사랑해 2020.09.21 00:40:50 스크랩 조회 56 추천 1 댓글 3,1,56,2020.09.21 00:40:50,https://gall.dcinside.com/mgallery/board/view/?id=hshs&no=855&page=20
20,853,,학붕이 평균,하와와 귀여운 여자초등학생인 거시야요~,ㄹㅇ여고생 2020.09.20 15:39:03 스크랩 조회 129 추천 2 댓글 1,2,129,2020.09.20 15:39:03,https://gall.dcinside.com/mgallery/board/view/?id=hshs&no=853&page=20
20,852,,빈유가 최고인 합리적 근거,ㅇㄱㄹㅇ,ㄹㅇ여고생 2020.09.20 15:32:12 스크랩 조회 64 추천 0 댓글 1,0,64,2020.09.20 15:32:12,https://gall.dcinside.com/mgallery/board/view/?id=hshs&no=852&page=20
20,850,,아 진짜 가채점 개레전드인데,공부가 제일 어려운거같은데요 이런 글 싸지를 시간에 교과서 한글자 더봐야함? 이지은 정말로 사랑해♡,화학사랑해 2020.09.19 11:18:36 스크랩 조회 65 추천 0 댓글 2,0,65,2020.09.19 11:18:36,https://gall.dcinside.com/mgallery/board/view/?id=hshs&no=850&page=20
20,849,,전류는 누가 흐르게 하노?,공부가 제일 어려운거같은데요 자유전자와 양공 ​ 둘 다​ 요!! 이지은 정말로 사랑해♡,화학사랑해 2020.09.19 11:16:59 스크랩 조회 40 추천 0 댓글 1,0,40,2020.09.19 11:16:59,https://gall.dcinside.com/mgallery/board/view/?id=hshs&no=849&page=20
20,848,,고2 이번 모의고사 솔직히,공부가 제일 어려운거같은데요 모의고사가 내신보다 등급낮음 인정하면 개추 이지은 정말로 사랑해♡,화학사랑해 2020.09.18 21:54:44 스크랩 조회 75 추천 1 댓글 1,1,75,2020.09.18 21:54:44,https://gall.dcinside.com/mgallery/board/view/?id=hshs&no=848&page=20
20,847,,고2 모의평가 9월 한국사... 합리적 의심.....jpg,??? 노무현은 살아있다!! - dc official App,ㅇㅇ (219.241) 2020.09.18 21:51:03 스크랩 조회 58 추천 2 댓글 1,2,58,2020.09.18 21:51:03,https://gall.dcinside.com/mgallery/board/view/?id=hshs&no=847&page=20
20,846,,호머식 채점으로 영어 간신히 80점 뚫었다 ㅋㅋㅋ,"듣기 2점 2개, 40번~45번 다 틀림, 찍은거 5개 다틀림 듣기 2점 2개 => 실전에서는 듣기 안틀리므로 +4점 40번~45번 => 원래 하나도 안틀렸는데 운 안좋게 오늘 다틀렸으므로 +11점 찍은거 5개 다틀림 =>원래 5개 번호 하나로 밀면 하나정도는 맞추므로 +2점 - dc official App",ㅇㅇ (219.241) 2020.09.18 21:30:07 스크랩 조회 65 추천 0 댓글 2,0,65,2020.09.18 21:30:07,https://gall.dcinside.com/mgallery/board/view/?id=hshs&no=846&page=20
20,845,,학교 안가는거 이 일정 맞냐??,2학년 기준 ㅇㅇ? - dc official App,ㅇㅇ (219.241) 2020.09.17 16:45:14 스크랩 조회 54 추천 0 댓글 1,0,54,2020.09.17 16:45:14,https://gall.dcinside.com/mgallery/board/view/?id=hshs&no=845&page=20
20,843,,어제 밤에 디씨하는 여고생 봄,공부가 제일 어려운거같은데요 어제 밤에 잠들었으므로 지금 씀 친구 집에 가서 뭐 좀 받고 집 가려고 버스탔는데 좀 있다가 보니 앞에 여고생?쯤 보이는 애가 의자에서 앉아서 숙이고 폰보고있더라 ㅋㅋ 폰 조금 눕힐때 봤더니 디씨하고있는거임 ㅋㅋㅋ 내 기준 밖에서 디씨하는사람 못 본거같아서 ㅈㄴ게 흥미로웠음 뭔갤하나 궁금해서 다시 쳐다보니까 놀란 표정으로 나를 쳐다보는데 맙소사 유리창에 비친 와따시였던 거시에요 하와와... 얼마나 놀랐던지 본인쟝 창으로 보니 더 귀여웠던걸까나 자기 얼굴도 못 알아본 거시에요 엣큥☆ 이지은 정말로 사랑해♡,화학사랑해 2020.09.17 09:29:54 스크랩 조회 378 추천 19 댓글 3,19,378,2020.09.17 09:29:54,https://gall.dcinside.com/mgallery/board/view/?id=hshs&no=843&page=20
20,842,,화려한 묵,공부가 제일 어려운거같은데요 샤방샤방~ 이지은 정말로 사랑해♡,화학사랑해 2020.09.16 19:06:00 스크랩 조회 46 추천 0 댓글 0,0,46,2020.09.16 19:06:00,https://gall.dcinside.com/mgallery/board/view/?id=hshs&no=842&page=20
20,841,,오늘자 양생중학교 봉1지 돌았다 ㄷㄷ,이왜진 - 진주즈 떡상하자,윶놀이하자 2020.09.16 17:11:02 스크랩 조회 151 추천 2 댓글 0,2,151,2020.09.16 17:11:02,https://gall.dcinside.com/mgallery/board/view/?id=hshs&no=841&page=20
20,840,,헬스장 민폐녀.gif,- dc official App,ㅇㅇ (219.241) 2020.09.16 02:42:44 스크랩 조회 98 추천 0 댓글 1,0,98,2020.09.16 02:42:44,https://gall.dcinside.com/mgallery/board/view/?id=hshs&no=840&page=20
20,839,,19) 고슴딩가.jpg,- dc official App,ㅇㅇ (219.241) 2020.09.15 23:49:29 스크랩 조회 125 추천 0 댓글 1,0,125,2020.09.15 23:49:29,https://gall.dcinside.com/mgallery/board/view/?id=hshs&no=839&page=20
20,838,,여고딩 몸매자랑.gif,- dc official App,ㅇㅇ (219.241) 2020.09.15 00:53:25 스크랩 조회 135 추천 0 댓글 2,0,135,2020.09.15 00:53:25,https://gall.dcinside.com/mgallery/board/view/?id=hshs&no=838&page=20
20,837,,일베하는 비키니미소녀,페코야...,ㄹㅇ여고생 2020.09.15 00:48:34 스크랩 조회 66 추천 0 댓글 1,0,66,2020.09.15 00:48:34,https://gall.dcinside.com/mgallery/board/view/?id=hshs&no=837&page=20
20,836,,캐시비 카드... 이왜진,공부가 제일 어려운거같은데요 ㅇㅇ 이지은 정말로 사랑해♡,화학사랑해 2020.09.15 00:32:47 스크랩 조회 69 추천 0 댓글 3,0,69,2020.09.15 00:32:47,https://gall.dcinside.com/mgallery/board/view/?id=hshs&no=836&page=20
20,835,,이왜념,공부가 제일 어려운거같은데요 진짜 이거 왜 념글임? 이해할 수가 없네 이지은 정말로 사랑해♡,화학사랑해 2020.09.14 22:36:21 스크랩 조회 52 추천 1 댓글 1,1,52,2020.09.14 22:36:21,https://gall.dcinside.com/mgallery/board/view/?id=hshs&no=835&page=20
20,834,,오늘자 양생중학교 근황ㄷㄷ,퍄퍄 - 진주즈 떡상하자,윶놀이하자 2020.09.14 18:58:22 스크랩 조회 118 추천 2 댓글 1,2,118,2020.09.14 18:58:22,https://gall.dcinside.com/mgallery/board/view/?id=hshs&no=834&page=20
20,833,,언냐들 나긔금 우울긔 ㅠ ㅠ 힘들긔 ㅠ ㅠ,똥쌀려고 노력중 응~~~~~~~~~까 첨벙,ㅇㅇ (223.39) 2020.09.14 07:33:58 스크랩 조회 73 추천 0 댓글 2,0,73,2020.09.14 07:33:58,https://gall.dcinside.com/mgallery/board/view/?id=hshs&no=833&page=20
20,832,,이제 이번주까지만 온라인수업하고 담주부터는 안한대,아니 그럼 2학년이 1주 덜쉬는거잖아 ㅅㅂ 개빡치네 - dc official App,ㅇㅇ (219.241) 2020.09.14 03:45:03 스크랩 조회 91 추천 0 댓글 5,0,91,2020.09.14 03:45:03,https://gall.dcinside.com/mgallery/board/view/?id=hshs&no=832&page=20
20,831,,학고갤 실화냐?,이틀동안 글이 안올라옴 ㄹㅇ ㅆ망갤이네 난 이제 학고갤이랑 손절친다,ㅇㅇ (182.231) 2020.09.14 00:48:38 스크랩 조회 304 추천 0 댓글 0,0,304,2020.09.14 00:48:38,https://gall.dcinside.com/mgallery/board/view/?id=hshs&no=831&page=20
20,830,,우리 학교,공부가 제일 어려운거같은데요 우리학교 수학시험에 가우스 나옴? 가우스 있으면 좀 극혐인데 이지은 정말로 사랑해♡,화학사랑해 2020.09.12 11:49:41 스크랩 조회 488 추천 5 댓글 4,5,488,2020.09.12 11:49:41,https://gall.dcinside.com/mgallery/board/view/?id=hshs&no=830&page=20
20,829,,진짜 망갤됐네,글이안올라와,ㄹㅇ여고생 2020.09.12 11:41:57 스크랩 조회 83 추천 0 댓글 2,0,83,2020.09.12 11:41:57,https://gall.dcinside.com/mgallery/board/view/?id=hshs&no=829&page=20
20,828,,망갤특,공부가 제일 어려운거같은데요 똑같은 글 싸질러도 념글가냐안가냐 차이지 기껏 시간 들여서 정리글 쓰는데 개추도 하나 안박히면 글쓰고싶겠냐 이지은 정말로 사랑해♡,화학사랑해 2020.09.11 10:58:06 스크랩 조회 56 추천 0 댓글 0,0,56,2020.09.11 10:58:06,https://gall.dcinside.com/mgallery/board/view/?id=hshs&no=828&page=20
20,827,,가슴,공부가 제일 어려운거같은데요 닭가슴살일거 다 예상하고 왔지? 이지은 정말로 사랑해♡,화학사랑해 2020.09.11 10:55:30 스크랩 조회 89 추천 0 댓글 1,0,89,2020.09.11 10:55:30,https://gall.dcinside.com/mgallery/board/view/?id=hshs&no=827&page=20
20,826,,화려한 도토리묵,공부가 제일 어려운거같은데요 도토리묵은 아니고 그냥 묵이네 이지은 정말로 사랑해♡,화학사랑해 2020.09.11 10:54:39 스크랩 조회 47 추천 0 댓글 0,0,47,2020.09.11 10:54:39,https://gall.dcinside.com/mgallery/board/view/?id=hshs&no=826&page=20
20,825,,망갤특,여기만 봐도 답나오잖아,ㄹㅇ여고생 2020.09.11 10:17:27 스크랩 조회 40 추천 0 댓글 0,0,40,2020.09.11 10:17:27,https://gall.dcinside.com/mgallery/board/view/?id=hshs&no=825&page=20
20,824,,학,ㅇ - dc official App,ㅇㅇ (219.241) 2020.09.11 04:17:02 스크랩 조회 44 추천 0 댓글 0,0,44,2020.09.11 04:17:02,https://gall.dcinside.com/mgallery/board/view/?id=hshs&no=824&page=20
20,823,,고,ㅇ - dc official App,ㅇㅇ (219.241) 2020.09.11 04:16:59 스크랩 조회 42 추천 0 댓글 0,0,42,2020.09.11 04:16:59,https://gall.dcinside.com/mgallery/board/view/?id=hshs&no=823&page=20
20,822,,갤,ㅇ - dc official App,ㅇㅇ (219.241) 2020.09.11 04:16:55 스크랩 조회 51 추천 0 댓글 0,0,51,2020.09.11 04:16:55,https://gall.dcinside.com/mgallery/board/view/?id=hshs&no=822&page=20
20,821,,점,ㅇ - dc official App,ㅇㅇ (219.241) 2020.09.11 04:16:49 스크랩 조회 42 추천 0 댓글 0,0,42,2020.09.11 04:16:49,https://gall.dcinside.com/mgallery/board/view/?id=hshs&no=821&page=20
20,820,,령,ㅇ - dc official App,ㅇㅇ (219.241) 2020.09.11 04:16:46 스크랩 조회 39 추천 0 댓글 0,0,39,2020.09.11 04:16:46,https://gall.dcinside.com/mgallery/board/view/?id=hshs&no=820&page=20
20,819,,노치 독일,이왜진? - dc official App,북진결사대 2020.09.10 18:54:14 스크랩 조회 106 추천 0 댓글 4,0,106,2020.09.10 18:54:14,https://gall.dcinside.com/mgallery/board/view/?id=hshs&no=819&page=20
20,818,,이번 온클은 과제가 없어서 좋다,딸칠시간 늘어남 ^오^,ㄹㅇ여고생 2020.09.10 17:26:19 스크랩 조회 62 추천 0 댓글 2,0,62,2020.09.10 17:26:19,https://gall.dcinside.com/mgallery/board/view/?id=hshs&no=818&page=20
20,817,,화 려 해 !,공부가 제일 어려운거같은데요 화려하네 이지은 정말로 사랑해♡,화학사랑해 2020.09.10 12:25:58 스크랩 조회 45 추천 0 댓글 0,0,45,2020.09.10 12:25:58,https://gall.dcinside.com/mgallery/board/view/?id=hshs&no=817&page=20
20,815,,신정고는 다음주끝날때까지 온라인인데 학고는ㅋㅋㅋㅋ,아ㅋㅋㅋㅋㅋㅋ,ㅇㅇ (119.69) 2020.09.09 19:30:47 스크랩 조회 101 추천 0 댓글 2,0,101,2020.09.09 19:30:47,https://gall.dcinside.com/mgallery/board/view/?id=hshs&no=815&page=20
20,813,,"울산광역시교육청, 코로나 확산으로 교육시설 무기한 영업중지 명령",? - dc official App,ㅇㅇ (219.241) 2020.09.08 15:24:08 스크랩 조회 85 추천 0 댓글 2,0,85,2020.09.08 15:24:08,https://gall.dcinside.com/mgallery/board/view/?id=hshs&no=813&page=20
20,812,,우흥,공부가 제일 어려운거같은데요 이지은 정말로 사랑해♡,화학사랑해 2020.09.08 11:45:11 스크랩 조회 43 추천 0 댓글 0,0,43,2020.09.08 11:45:11,https://gall.dcinside.com/mgallery/board/view/?id=hshs&no=812&page=20
20,811,,팹시vs코카콜라,"""으..응기잇!""",ㅇㅇ (182.231) 2020.09.08 11:11:32 스크랩 조회 69 추천 0 댓글 1,0,69,2020.09.08 11:11:32,https://gall.dcinside.com/mgallery/board/view/?id=hshs&no=811&page=20
20,810,,실시간 학붕이 ㅈ됨.jpg,아프다...,ㄹㅇ여고생 2020.09.07 21:53:35 스크랩 조회 100 추천 1 댓글 8,1,100,2020.09.07 21:53:35,https://gall.dcinside.com/mgallery/board/view/?id=hshs&no=810&page=20
20,809,,온클째는법.txt,1. 집중해서 열심히 듣는다 2. 심심하면 학마갤을 들어온다 3. 캬루 기여움,ㄹㅇ여고생 2020.09.07 13:56:38 스크랩 조회 56 추천 0 댓글 0,0,56,2020.09.07 13:56:38,https://gall.dcinside.com/mgallery/board/view/?id=hshs&no=809&page=20
20,808,,잘생겼는데 여자친구 안생기는 애들 특징....txt,그런거 없어... - dc official App,ㅇㅇ (219.241) 2020.09.07 09:45:39 스크랩 조회 69 추천 1 댓글 1,1,69,2020.09.07 09:45:39,https://gall.dcinside.com/mgallery/board/view/?id=hshs&no=808&page=20
