페이지,게시글번호,말머리,제목,내용,글쓴이,추천수,조회수,날짜,링크
,7041,,오늘부터 동성 고트는 단비쌤이다,솔직히 ㅈ나 감동이였다,현갤러 (121.160) 2026.05.28 19:55:07 스크랩 조회 152 추천 13 댓글 3,13,152,2026.05.28 19:55:07,https://gall.dcinside.com/mgallery/board/view/?id=dshighschool&no=7041&page=1
,7039,,요즘 급식,밥에 왜이렇게 장난질을 해놓노? 그냥 쌀밥 내라.,동붕이 (211.119) 2026.05.26 10:15:47 스크랩 조회 183 추천 2 댓글 2,2,183,2026.05.26 10:15:47,https://gall.dcinside.com/mgallery/board/view/?id=dshighschool&no=7039&page=1
,7038,,동성이 경신보다 안좋나?,다들 동성말고 경신 가라던데,동붕이 (211.234) 2026.05.24 18:26:03 스크랩 조회 216 추천 0 댓글 2,0,216,2026.05.24 18:26:03,https://gall.dcinside.com/mgallery/board/view/?id=dshighschool&no=7038&page=1
,7037,,3-9옆 교실은 1.2학년도 드가도 됨?,ㅈㄱㄴ,현갤러 (218.49) 2026.05.23 14:03:07 스크랩 조회 218 추천 1 댓글 1,1,218,2026.05.23 14:03:07,https://gall.dcinside.com/mgallery/board/view/?id=dshighschool&no=7037&page=1
,7034,,혼잣말,3학년 누군지 말안하지만 혼잣말좀 하지마라 존나무섭다 진짜,동붕이 (211.235) 2026.05.22 19:03:49 스크랩 조회 204 추천 1 댓글 2,1,204,2026.05.22 19:03:49,https://gall.dcinside.com/mgallery/board/view/?id=dshighschool&no=7034&page=1
,7035,,그날이 왔노,"대한민국 군대들 지금까지 뭐했노?"" 이기야. 나도 군대 갔다왔고 예비군 훈련까지 다 받았는데, 심심하면 사람들한테 ""세금 내라.""하고, 불러다가 뺑뺑이 돌리고 훈련시키고 했는데,그 위에 사람들은 뭐했어? 작전 통제권, 자기들 나라, 자기 군대, 작전통제도 한 개 제대로 할 수 없는 군대를 만들어 놔 놓고, ""나 국방장관이오, 나 참모총장이오."" 그렇게 별들 달고 거들먹거리고 말았다는 얘기입니까? 그래서 작통권 회수하면 안 된다고 줄줄이 모여가서 성명내고, 자기들이 직무유기 아닙니까? 이렇게 수치스러운 일들을.. 하고... 작통권 돌려받으면 우리 한국군들 잘해요. 경제도 잘하고, 문화도 잘하고, 영화도 잘하고, 한국사람들이 외국 나가 보니까 못하는게 없는데 전화기도 잘 만들고, 차도 잘 만들고, 배도 잘 만들고 못하는게 없는데, 왜 작전통제권만 왜 못한다는 얘기입니까? 실제로요. 남북 간에도 외교가 있고, 한국과 중국 사이에도 외교가 있는데, 북한의 유사시라는 건 뭐 있을 수도 없지만, 전쟁도 유사시도 있을 수가 없지만, 그러나 전쟁과 유사시를 항상 우리는 전제하고 준비하고 있는데, 중국도 그렇게 준비하지 않겠습니까? 한국군이, 작전통제권을 가지고 있을 때, 북한과 우리가 대화하는 관계, 중국과 우리가 대화할 때, 외교상의 대화를 할 때, 동북아시아의 안보문제를 놓고 대화를 할 때, 그래도 한국이 말빨이 좀 있지 않겠습니까? 작전통제권도 없는 사람이 민간 시설에 폭격을 할 건지, 안 할건지, 그것도 마음대로 결정 못하고, 어느 시설에 폭격 할 건지, 그것도 지 마음대로 결정 못하는 나라가 그 판에 가가지고, 중국한테 무슨 할 말이 있습니까? 북한한테 무슨 할 말이 있어요? 이것은 외교상의 실리에 매우 중요한 문제 아니겠습니까?",노무현 2026.05.23 01:00:32 스크랩 조회 297 추천 23 댓글 2,23,297,2026.05.23 01:00:32,https://gall.dcinside.com/mgallery/board/view/?id=dshighschool&no=7035&page=1
,7033,,점심시간 자습실 안내,우니따스 자습실은 점심시간 개방이 불가하다고 하여 대신 3학년 9반 옆 사회과 교실을 개방하기로 했습니다 선생님들께서 돌아다니며 관리해주신다고 합니다 3학년 구기대회는 기말 끝나고 진행하기로 했고 e스포츠 대회는 여름방학 중에 하기로 했습니다 추가 건의사항은 학생회 인스타로 해주세요 감사합니당,JH 2026.05.21 18:05:34 스크랩 조회 265 추천 13 댓글 2,13,265,2026.05.21 18:05:34,https://gall.dcinside.com/mgallery/board/view/?id=dshighschool&no=7033&page=1
,7032,,2학년 홍임표,2학년 홍입표 너무 많이 먹는데 살좀 빼라,동붕이 (211.60) 2026.05.21 08:50:33 스크랩 조회 154 추천 2 댓글 0,2,154,2026.05.21 08:50:33,https://gall.dcinside.com/mgallery/board/view/?id=dshighschool&no=7032&page=1
,7031,,오늘 밀짚모자 찢을뻔 했노,너다 임마 - dc official App,동붕이 (138.128) 2026.05.18 12:24:49 스크랩 조회 284 추천 5 댓글 1,5,284,2026.05.18 12:24:49,https://gall.dcinside.com/mgallery/board/view/?id=dshighschool&no=7031&page=1
,7029,,전교회장은 들어라,밑글보면 알겠지만 점심시간 우니따스 자습실 수요가 꽤 있다. 니가 학생 대표로 건의 좀 해봐라 곧 여름인데 땀냄새 안맡고 ㅈㄴ 상쾌한 곳에서 공부해보자,현갤러 (121.160) 2026.05.17 17:39:37 스크랩 조회 258 추천 1 댓글 1,1,258,2026.05.17 17:39:37,https://gall.dcinside.com/mgallery/board/view/?id=dshighschool&no=7029&page=1
,7028,,동성고,화이팅!!!!!!,동붕이 (128.134) 2026.05.16 11:14:56 스크랩 조회 313 추천 12 댓글 1,12,313,2026.05.16 11:14:56,https://gall.dcinside.com/mgallery/board/view/?id=dshighschool&no=7028&page=1
,7027,,국어 2등급 미만 이해가 안감,비문학->글을 읽꼬 글에 맛는 문제를 푼다 언매->왜운다 화작->보고 푼다 문학->어짜피 우리날아 말임 ㅇㅇ 걍 잇고 풀면 돼자너,동붕이 (121.129) 2026.05.15 00:21:29 스크랩 조회 366 추천 9 댓글 6,9,366,2026.05.15 00:21:29,https://gall.dcinside.com/mgallery/board/view/?id=dshighschool&no=7027&page=1
,7025,,3학년도 부스하게 해주면 안되냐,입시도 끝날텐데 축제 참여 좀 시켜줘,ㅇㅇ (211.119) 2026.05.14 10:01:28 스크랩 조회 271 추천 2 댓글 1,2,271,2026.05.14 10:01:28,https://gall.dcinside.com/mgallery/board/view/?id=dshighschool&no=7025&page=1
,7023,,행수쌤 ㅇㄷ가심,ㅈㄱㄴ,현갤러 (121.160) 2026.05.12 19:56:05 스크랩 조회 264 추천 1 댓글 0,1,264,2026.05.12 19:56:05,https://gall.dcinside.com/mgallery/board/view/?id=dshighschool&no=7023&page=1
,7024,,3학년 그 사람 조심해라,"유대교 좋아한다고 하면 걸러라 ㅇㅇ 2,3학년들은 몇명은 뭔 말인지 알꺼다 끼요오오오오욧!!!",원자이 (211.119) 2026.05.13 14:40:22 스크랩 조회 428 추천 11 댓글 1,11,428,2026.05.13 14:40:22,https://gall.dcinside.com/mgallery/board/view/?id=dshighschool&no=7024&page=1
,7022,,뭐가 잘났냐고?,니네마냥 글 싸지르고 비추 쳐먹었다고 글 내리는 병신들이 아니니까 ㅋㅋㅋㅋ - dc official App,동붕이 (211.234) 2026.05.12 07:29:01 스크랩 조회 315 추천 8 댓글 2,8,315,2026.05.12 07:29:01,https://gall.dcinside.com/mgallery/board/view/?id=dshighschool&no=7022&page=1
,7021,,점심때 우니따스 자습실 이용하게 해주면 안되나요,점심먹고 올라오는길에 바로 자습실있어서 공부하면 너무 좋을것같은데 곧 여름인데 에어컨 빵빵하게 틀고 관리쌤들 없어도 되니까 할애들만 와서 공부하도록 개방해주세요 야자만 하기엔 너무 공간 아까운거 같기도하구요,현갤러 (121.160) 2026.05.10 14:01:59 스크랩 조회 342 추천 24 댓글 2,24,342,2026.05.10 14:01:59,https://gall.dcinside.com/mgallery/board/view/?id=dshighschool&no=7021&page=1
,7019,,버즈3 가져가신분,저번주에 학교에서 버즈3 가져가신분 제발 돌려주세요 사례금도 드릴게요 제발 씨발 제발 ㅠㅠㅠㅠ,동붕이 (218.52) 2026.05.08 20:26:25 스크랩 조회 246 추천 3 댓글 1,3,246,2026.05.08 20:26:25,https://gall.dcinside.com/mgallery/board/view/?id=dshighschool&no=7019&page=1
,7018,,니네가 뭔데..ㅅㅂ;,너네가 뭐가 잘났다고 10보고 글쓰지 말라고 지랄이야,동붕이 (118.235) 2026.05.08 17:49:19 스크랩 조회 349 추천 3 댓글 1,3,349,2026.05.08 17:49:19,https://gall.dcinside.com/mgallery/board/view/?id=dshighschool&no=7018&page=1
,7017,,이번 5모 총평,그녀의 문자는 뭐해~ 저 08이에요 행님덜 어 야르~~ 개밤티ㅜ 10아니에영 야르 나는야 취권래퍼변기에넣고내려 우흥 아항~~♡♡,현갤러 (211.234) 2026.05.08 01:17:50 스크랩 조회 285 추천 8 댓글 0,8,285,2026.05.08 01:17:50,https://gall.dcinside.com/mgallery/board/view/?id=dshighschool&no=7017&page=1
,7016,,나 디시에 글 올려봄,ㅅㄱ,동붕이 (211.119) 2026.05.07 12:40:45 스크랩 조회 276 추천 2 댓글 1,2,276,2026.05.07 12:40:45,https://gall.dcinside.com/mgallery/board/view/?id=dshighschool&no=7016&page=1
,7015,,나 동성고 신의겸인데,애플맨 소지훈이랑 개돼지 홍임표 곧 따라잡는다. 딱! 기다려라.,동붕이 (211.60) 2026.05.06 12:52:51 스크랩 조회 244 추천 0 댓글 0,0,244,2026.05.06 12:52:51,https://gall.dcinside.com/mgallery/board/view/?id=dshighschool&no=7015&page=1
,7014,,나 동성고 1짱 홍임표인데,나 오늘부터 M.H 크루 일진연합 만든다 다들 들어와라,동붕이 (211.60) 2026.05.06 12:52:32 스크랩 조회 282 추천 4 댓글 3,4,282,2026.05.06 12:52:32,https://gall.dcinside.com/mgallery/board/view/?id=dshighschool&no=7014&page=1
,7013,,졸사컨셉ㅊㅊ,창경궁이면 사짜보이즈해드려야하나,현갤러 (121.160) 2026.05.04 23:56:58 스크랩 조회 271 추천 3 댓글 1,3,271,2026.05.04 23:56:58,https://gall.dcinside.com/mgallery/board/view/?id=dshighschool&no=7013&page=1
,7012,,기숙사생 주말에도 공부만함?,??,동붕이 (116.32) 2026.05.03 21:13:18 스크랩 조회 252 추천 0 댓글 1,0,252,2026.05.03 21:13:18,https://gall.dcinside.com/mgallery/board/view/?id=dshighschool&no=7012&page=1
,7011,,수능 200일,"동성고 마이너 갤러리 3학년 학생 여러분, 수능 시험이 이제 겨우 200일밖에 남지 않았습니다. 이 200일은 단순한 시간의 숫자가 아니라, 여러분 한 사람 한 사람의 삶과 마음을 새롭게 하고, 주님께서 인도하시는 길 위에서 성장할 소중한 시간임을 잊지 마시기 바랍니다. 인생의 중요한 갈림길 앞에서 불안과 두려움이 찾아올 때도 있겠지만, 늘 우리를 지켜주시고 사랑으로 감싸 안아주시는 하느님의 은총을 굳게 믿으시길 기도합니다. 여러분이 지치고 힘들 때마다, 주님의 위로와 평화가 여러분의 마음속에 늘 가득하기를 간절히 바랍니다. 남은 시간 한 걸음씩 목표를 향해 나아가십시오. 노력하는 그 순간마다 하느님께서 함께하시어 여러분의 길을 환히 비추실 것입니다. 또한 여러분 모두가 지혜와 평안을 가지고 시험을 준비할 수 있기를 진심으로 소망합니다. 저 역시 멀리서 여러분의 꿈과 희망을 위해 기도하며, 합격이라는 결실을 맺길 기도하고 응원하겠습니다. 끝까지 포기하지 않고 서로 격려하며 성숙한 모습으로 이 기간을 지나가시길 바랍니다. 주님의 축복과 평화가 여러분 모두와 언제나 함께하기를 기원합니다. 힘내십시오, 3학년 동마갤 이용자 여러분. 기도하며 응원합니다. 오늘도 읽어주셔서 감사합니다.",DashiMannanSegye 2026.05.03 17:40:38 스크랩 조회 382 추천 12 댓글 3,12,382,2026.05.03 17:40:38,https://gall.dcinside.com/mgallery/board/view/?id=dshighschool&no=7011&page=1
,7010,,오늘자 인공지능수학,이건 내기 귀찮았던거 아니냐?,동붕이 (121.129) 2026.05.01 00:24:20 스크랩 조회 369 추천 13 댓글 1,13,369,2026.05.01 00:24:20,https://gall.dcinside.com/mgallery/board/view/?id=dshighschool&no=7010&page=1
,7008,,제리케이 선배님,R.I.P,동붕이 (222.111) 2026.04.28 18:23:12 스크랩 조회 425 추천 20 댓글 0,20,425,2026.04.28 18:23:12,https://gall.dcinside.com/mgallery/board/view/?id=dshighschool&no=7008&page=1
,7007,,확통 80초반이면,1이냐 2냐,ㅇㅇ (211.119) 2026.04.27 22:02:50 스크랩 조회 321 추천 0 댓글 2,0,321,2026.04.27 22:02:50,https://gall.dcinside.com/mgallery/board/view/?id=dshighschool&no=7007&page=1
,7006,,확통 2등급 컷,몇점대 예상하냐 - dc official App,동붕이 (123.143) 2026.04.27 21:44:53 스크랩 조회 220 추천 0 댓글 0,0,220,2026.04.27 21:44:53,https://gall.dcinside.com/mgallery/board/view/?id=dshighschool&no=7006&page=1
,7005,,확통답이노,21344 35314 22255 31235 27 46,동붕이 (211.234) 2026.04.27 21:37:45 스크랩 조회 179 추천 4 댓글 0,4,179,2026.04.27 21:37:45,https://gall.dcinside.com/mgallery/board/view/?id=dshighschool&no=7005&page=1
,7003,,확통 답지 승륜이가 올리는거임?,그렇다면 오늘 안에 안올라올것같은데 - dc official App,동붕이 (118.221) 2026.04.27 15:08:18 스크랩 조회 202 추천 0 댓글 0,0,202,2026.04.27 15:08:18,https://gall.dcinside.com/mgallery/board/view/?id=dshighschool&no=7003&page=1
,7002,,확통말안된다,ㅇㄱㅁㅇㅇ???,현갤러 (211.234) 2026.04.27 09:23:15 스크랩 조회 322 추천 8 댓글 0,8,322,2026.04.27 09:23:15,https://gall.dcinside.com/mgallery/board/view/?id=dshighschool&no=7002&page=1
,7001,,어 그래,내 아내임 - dc official App,아카네의전용방석 2026.04.26 05:11:09 스크랩 조회 450 추천 5 댓글 2,5,450,2026.04.26 05:11:09,https://gall.dcinside.com/mgallery/board/view/?id=dshighschool&no=7001&page=1
,6999,,소신발언...,,동붕이 (23.157) 2026.04.25 23:04:58 스크랩 조회 580 추천 4 댓글 2,4,580,2026.04.25 23:04:58,https://gall.dcinside.com/mgallery/board/view/?id=dshighschool&no=6999&page=1
,6998,,다시만난세계 임마 누구노,엠창 ㅈㄴ궁금하다노 나무위키에 이름 있다던데 찾아봐도 없노,동붕이 (211.234) 2026.04.25 22:57:27 스크랩 조회 482 추천 3 댓글 2,3,482,2026.04.25 22:57:27,https://gall.dcinside.com/mgallery/board/view/?id=dshighschool&no=6998&page=1
,6991,,3학년 구기대회,그래서 어떻게 되는겨 - dc official App,동붕이 (211.119) 2026.04.22 21:02:36 스크랩 조회 472 추천 0 댓글 1,0,472,2026.04.22 21:02:36,https://gall.dcinside.com/mgallery/board/view/?id=dshighschool&no=6991&page=1
,6988,,"08, 09, 10 최악의 세대면 개추",현민이는 선녀였음 ㅇㅇ;,동붕이 (211.119) 2026.04.21 09:05:44 스크랩 조회 767 추천 28 댓글 3,28,767,2026.04.21 09:05:44,https://gall.dcinside.com/mgallery/board/view/?id=dshighschool&no=6988&page=1
,6987,,자아비대한나무위키아스퍼거정신병자새끼누가안패노,고3이저러고사노 한심하노,ㅇㅇ (211.234) 2026.04.20 11:58:53 스크랩 조회 614 추천 10 댓글 5,10,614,2026.04.20 11:58:53,https://gall.dcinside.com/mgallery/board/view/?id=dshighschool&no=6987&page=1
,6986,,야자 이제 10시반까지함?,나무위키에 써져있길래,동붕이 (222.111) 2026.04.18 13:27:26 스크랩 조회 430 추천 0 댓글 2,0,430,2026.04.18 13:27:26,https://gall.dcinside.com/mgallery/board/view/?id=dshighschool&no=6986&page=1
,6985,,동성고 교정은,,동붕이 (222.111) 2026.04.18 13:17:39 스크랩 조회 324 추천 0 댓글 0,0,324,2026.04.18 13:17:39,https://gall.dcinside.com/mgallery/board/view/?id=dshighschool&no=6985&page=1
,6984,,너무 기쁜데 말할곳이 없어서 여기다 말한다,네코스는 못참긴한다. - dc official App,아카네의전용방석 2026.04.18 04:53:27 스크랩 조회 501 추천 5 댓글 3,5,501,2026.04.18 04:53:27,https://gall.dcinside.com/mgallery/board/view/?id=dshighschool&no=6984&page=1
,6982,,나 2학년 1짱 박이안인데,내일 농구 뜰 사람 나와라 다 쳐발라준다 ㅇㅇ,동붕이 (219.250) 2026.04.14 22:49:47 스크랩 조회 428 추천 2 댓글 2,2,428,2026.04.14 22:49:47,https://gall.dcinside.com/mgallery/board/view/?id=dshighschool&no=6982&page=1
,6980,,행수,담임 포기했다는건 뭔 씹소리냐 어떤년이 우리 행수 괴롭혀!! 죽여버릴꺼야 끼요옷!! - dc official App,동붕이 (106.101) 2026.04.11 23:15:41 스크랩 조회 677 추천 14 댓글 3,14,677,2026.04.11 23:15:41,https://gall.dcinside.com/mgallery/board/view/?id=dshighschool&no=6980&page=1
,6979,,근데 김ㅈ원,성희롱 이이피 따여서 신고한다는 떡밥은 언제푸노 집피라매 - dc official App,동붕이 (106.101) 2026.04.11 18:08:21 스크랩 조회 583 추천 0 댓글 1,0,583,2026.04.11 18:08:21,https://gall.dcinside.com/mgallery/board/view/?id=dshighschool&no=6979&page=1
,6978,,성신 빽다방,동성애들 공부 좀 즉당히 해라 아이스티 한잔 시키고 8시간을 응딩이 딱 붙히고 있노 - dc official App,동붕이 (223.38) 2026.04.11 14:22:29 스크랩 조회 380 추천 0 댓글 1,0,380,2026.04.11 14:22:29,https://gall.dcinside.com/mgallery/board/view/?id=dshighschool&no=6978&page=2
,6977,,그래서 3학년은,체대 하는거 맞냐? 축구 반대항전 ㅈㄴ마려운데,a (218.49) 2026.04.08 23:22:27 스크랩 조회 418 추천 1 댓글 0,1,418,2026.04.08 23:22:27,https://gall.dcinside.com/mgallery/board/view/?id=dshighschool&no=6977&page=2
,6976,,동성고 학잠,,동붕이 (218.49) 2026.04.08 23:08:24 스크랩 조회 329 추천 1 댓글 0,1,329,2026.04.08 23:08:24,https://gall.dcinside.com/mgallery/board/view/?id=dshighschool&no=6976&page=2
,6975,,09미만은 글싸지르지마라,시발 갤질좀 배우고 오던가 말하나하나 뭐라는지 모르겠고 느그들만 재밌으니까 싸닥치고 10들 2학기 되기전까지 눈팅만해라 똥글 싸지를꺼면 저기 한성여갤에서 싸지르고와라 ㅇㅇ - dc official App,동붕이 (121.130) 2026.04.08 15:20:00 스크랩 조회 669 추천 29 댓글 4,29,669,2026.04.08 15:20:00,https://gall.dcinside.com/mgallery/board/view/?id=dshighschool&no=6975&page=2
,6973,,자 이제 누가 여론조작이지,꼬시노 ㅋㅋㅋㅋ,동붕이 (118.235) 2026.04.07 17:33:35 스크랩 조회 495 추천 20 댓글 0,20,495,2026.04.07 17:33:35,https://gall.dcinside.com/mgallery/board/view/?id=dshighschool&no=6973&page=2
,6971,,나무위키 편집,"동성고등학교 문서 목차 관련 수정 안내 현재 문서 목차를 검토한 결과, 학교 문서 편집 지침에 맞지 않는 부분이 일부 확인되었습니다. 아래와 같이 문제 사항 및 수정 방향을 안내드립니다. 문제되는 문단 3.2 교기 → 학교 상징 항목으로서 부적절 가능성 있음 → “운동부” 또는 “태권도부”로 명칭 변경 기숙사 → 시설에 해당하므로 별도 문단이 아닌 → “4. 학교 시설” 하위 문단으로 통합 마천동으로 학교 이전 추진 → 독립 문단으로 두기보다는 → “기타” 문단으로 이동하여 정리 구조적 문제 일부 문단은 템플릿:학교 기준에서 벗어난 확장 구조로 보임 → 템플릿 기준에 맞게 정리 필요 → 불필요한 세부 문단 축소 권장 문단 순서가 다소 비체계적으로 구성됨 → 템플릿 기준 및 일반적인 학교 문서 흐름에 맞게 순서 재배치 예정 수정 방향 검증 가능한 자료(학교 홈페이지 / 언론 보도) 기준으로 전면 재정리 불확실한 내용 삭제 내부 정보성 문단 최소화 필요 시 “기타” 문단으로 통합 추가 작업 예정 이용 가능한 대중교통 > 버스 소문단을 → “버스:템플릿” 기준에 맞춰 변경 예정 교가 악보 기재 예정 학교 생활 관련 내용 중 → “일과”, “방과후 프로그램”을 별도 소문단으로 분리 예정 학교 특징 문단에 → 복장(교복 등) 내용 추가 예정 기타 문단 내 오래된 내용(약 5년 이상 경과한 정보) → 삭제 및 최신 정보 기준으로 보완 예정 건물 및 시설 위치 정보 → 현재 기준에 맞게 최신화 예정 학교 시설 및 전경 사진을 → 2026년 4월 기준 최신 사진으로 교체 예정 ※ 이의 제기 안내 본 수정안에 대한 이의는 2026년 4월 9일까지 받도록 하겠습니다. 문서는 규정에 맞게 지속적으로 정리할 예정입니다. 문제되는 부분 발견 시 의견 부탁드립니다.",다시만난세계 (93.152) 2026.04.06 18:01:07 스크랩 조회 523 추천 10 댓글 1,10,523,2026.04.06 18:01:07,https://gall.dcinside.com/mgallery/board/view/?id=dshighschool&no=6971&page=2
,6969,,소신발언한다,다 모르겠고 전교회장은 무조건 쎈놈이 되야함 그래야 딴놈들한테 안휘둘리고 창체부랑도 다이까서 이길수있다.,동붕이 (27.166) 2026.04.06 14:26:27 스크랩 조회 472 추천 7 댓글 1,7,472,2026.04.06 14:26:27,https://gall.dcinside.com/mgallery/board/view/?id=dshighschool&no=6969&page=2
,6968,,전교부회장,회장은 모르겠고 부회장은 ㄴㄱ 뽑아야함?,동붕이 (112.145) 2026.04.05 17:34:29 스크랩 조회 471 추천 0 댓글 4,0,471,2026.04.05 17:34:29,https://gall.dcinside.com/mgallery/board/view/?id=dshighschool&no=6968&page=2
,6965,,동성중학생인데,우리 이번에 여자음악 새로왔는데 동성고에서 있다왔다함. 근데 씨벌 짜증 좆돼는데 동성고에서도 그럼? - dc official App,동붕이 (121.128) 2026.04.04 20:56:06 스크랩 조회 723 추천 11 댓글 3,11,723,2026.04.04 20:56:06,https://gall.dcinside.com/mgallery/board/view/?id=dshighschool&no=6965&page=2
,6964,,기호 523번입니노,예아~딱! 운지북딱슨 노브라 쉬익쉬익~~,동붕이 (211.234) 2026.04.04 13:33:12 스크랩 조회 474 추천 17 댓글 1,17,474,2026.04.04 13:33:12,https://gall.dcinside.com/mgallery/board/view/?id=dshighschool&no=6964&page=2
,6962,,입결조언,"08들은 이미 수시가 3.2 이하라면 좃빠지게 정시해야함. 국숭세단 못쓴다.. 이번에 수시도 07 애들만 딱 대학 잘 간 거임. 아닌애들은 그냥 생기부 ㅈ반고보다 못하고 (특히 ㅅㄹ 걸리면 답없음) 2점대 전멸했으니까 알아서 살아남아야 함 . 내 친구들 다 2점대였는데 국숭세단 다떨어지고 6광탈함. 2점대 애들 거진 열몇명인데 그 중 2~3명만 살아남음. 애초에 2점대라고 다들 건동홍만 써서 그런 것 같음. 올해기준 건대 컷은 2.2 정도임. 동홍은 그거보단 조금 낮음. 입결 홍보자료에 학생부종합이라 써져있는 애들 말곤 대부분 진짜 다 논술로 대학갔는데 훠훠 숟가락 얹어버리는 게 너무 괘씸해서 정 다 떨어짐.. 에휴 구라 아니고 진짜다. 현실 직시해서 정시 ㅈ빠지게 하고 좃깔건 좃까셈. 진짜 지금 와서 보면 아무것도 아님. 진짜 정시해라. 3.2 이하면. 국숭세단 다떨어진다. 국숭은 2.6~7이 마지노선임. 세단은 2.9.. 진짜임. 내가 3.3인데 광운대 겨우 붙었다. 너네들도 광운대 가고 싶진 않잖아? 그리고 하나 더 놀라운 사실은 서성한 // 중경외시 // 건동홍 // 국숭세단 사이에 엄청난 장벽이 있음. 예를 들어 너의 내신이 2.5다 하면 국숭세단이 적정임. 근데 그건 2.4도 마찬가지임. 근데 2.2가 되는 순간 건동홍이 갑자기 뚫림. 그러니까 대학별 등급 라인을 컨설팅 받아서 알아온다음 (대치동에 수시 컨설팅 받으러 가셈. 나도 이거 받으러 가서 교사들이 말하는 내신에 따른 라인과 실제 입결이 엄청 차이난단 걸 알았음. 교사들 사탕발림에 속지말고 대광고 내신별 대학 꼭 직시해야함) 자기가 윗 라인으로 올라갈 가망 없어보인다 하면 라인 유지할 등급으로만 타협보고 정시준비해야함. 근데 정시 성공률도 겁나 낮음. 내가 정시파이터로서 1년간 느낀 건 대광은 그냥 모두가 마법처럼 수시등급과 정시등급이 똑같이 나오게 되는 학교임. 정시를 수시보다 '유의미하게' 잘 본 애들은 3명 이내라 봐도 좋음. (유의미의 기준은 라인 1개 이상 상승) 그러니까 자기가 특히 국어 수학 중 하나가 고2 모의고사부터 벌써 낮3 이하다? 고3 3모인데도 수학/국어가, 특히 국어가 4등급이다? 수리/인문논술하자...",동붕이 (121.129) 2026.04.04 09:30:18 스크랩 조회 427 추천 0 댓글 1,0,427,2026.04.04 09:30:18,https://gall.dcinside.com/mgallery/board/view/?id=dshighschool&no=6962&page=2
,6961,,이ㄷ현이 누구길래,그렇게 기겁하는거노?,동붕이 (211.49) 2026.04.04 00:59:07 스크랩 조회 464 추천 4 댓글 0,4,464,2026.04.04 00:59:07,https://gall.dcinside.com/mgallery/board/view/?id=dshighschool&no=6961&page=2
,6960,,08,야자실에서 떠들지좀마라;;,동붕이 (211.235) 2026.04.03 23:04:59 스크랩 조회 301 추천 0 댓글 0,0,301,2026.04.03 23:04:59,https://gall.dcinside.com/mgallery/board/view/?id=dshighschool&no=6960&page=2
,6958,,나 4번인데,5번 여론조작 적당히 해라 ㅅㅂ;; ㅈㄴ 티남 - dc official App,동붕이 (106.101) 2026.04.03 22:17:44 스크랩 조회 489 추천 25 댓글 4,25,489,2026.04.03 22:17:44,https://gall.dcinside.com/mgallery/board/view/?id=dshighschool&no=6958&page=2
,6956,,생윤 레전드쿠쿠밥솥남,알면 개추 - dc official App,동붕이 (223.38) 2026.04.02 20:51:34 스크랩 조회 504 추천 15 댓글 2,15,504,2026.04.02 20:51:34,https://gall.dcinside.com/mgallery/board/view/?id=dshighschool&no=6956&page=2
,6957,,기호 2번입니다.,"학사일정에 맞지않아서 창체2시간을 활용한 구기대회는 삭제되었습니다 그렇지만 구기대회 상금확대, 전학년 참여 3학년 올스타전은 유지합니다. 가능하다면 창체시간 활용도 학교와 조율해보고 싶습니다. 1항 샌드백 공약에 대해서 실천 불가능한 공약이라 하실수 있겠지만 이미 대부분의 장비가 준비되어 있고 설치 조감도까지 완성했습니다. 웨이트장에 헤비백 1개 유산소존에 벽백, 복싱기계까지 총 3개에 글러브는 mma 오픈핑거 글러브 두개, 스파링용, 샌드백용 복싱글러브 두개. 총 4개를 비치할 계획입니다. 격투기를 좋아하거나 한번쯤 해보고싶었던 친구들에게 특별한 경험을 시켜주고 싶습니다. 무에타이를 배웠던 경험을 살려서 웬만한 잔잔바리같은 브랜드는 쓰지도 않습니다 확실하게 준비하겠습니다. 연말 동성제까지도 끝까지 잘 마무리하면서 모든 공약은 반드시 지키겠습니다. 이번에 정말 훌륭한 친구들이 많이 나왔습니다 부족하고 모자란 학우, 선배, 후배 이지만 기호2번 한번 밀어주시면 학교 확실하게 바꾸겠습니다 그리고 가오 빼겠습니다 죄송합니다 선거 당일에 홍보영상 단체 송출이 안되는 관계로 리로하고 홈피에 올라와 있는 우리 후보들 홍보영상 미리 봐주셨으면 합니다. 감사합니다",koseongjun37 2026.04.03 19:13:32 스크랩 조회 1136 추천 73 댓글 7,73,1136,2026.04.03 19:13:32,https://gall.dcinside.com/mgallery/board/view/?id=dshighschool&no=6957&page=2
,6955,,선거 운동 첫 날에 앉아있던 고아들은 어디감?,- dc official App,동붕이 (223.62) 2026.04.02 16:29:24 스크랩 조회 344 추천 3 댓글 0,3,344,2026.04.02 16:29:24,https://gall.dcinside.com/mgallery/board/view/?id=dshighschool&no=6955&page=2
,6953,,성신,운동부애들 성신에서 존나 나댐 거슬리지 마세요,동붕이 (211.206) 2026.04.01 23:32:39 스크랩 조회 332 추천 2 댓글 1,2,332,2026.04.01 23:32:39,https://gall.dcinside.com/mgallery/board/view/?id=dshighschool&no=6953&page=2
,6952,,쓰벌 급식 이거 맞냐,반찬 재탕도 아니고 식단표 재탕은 쓰벌ㅋㅋㅋㅋㅋㅋㅋ 조식은 하나 다르고 중식은 고냥 똑같음 작년 꺼 복붙하면 되고 참 살기 쉽네,동붕이 (211.119) 2026.04.01 22:25:58 스크랩 조회 463 추천 2 댓글 4,2,463,2026.04.01 22:25:58,https://gall.dcinside.com/mgallery/board/view/?id=dshighschool&no=6952&page=2
,6951,,기숙사 가성비있냐,"조,석식포함 60만원대임?",a (218.49) 2026.04.01 22:11:30 스크랩 조회 210 추천 0 댓글 0,0,210,2026.04.01 22:11:30,https://gall.dcinside.com/mgallery/board/view/?id=dshighschool&no=6951&page=2
,6950,,코끼리똥 again,만우절 ㅋ 함 봐줬다,동붕이 (121.128) 2026.04.01 19:17:03 스크랩 조회 236 추천 0 댓글 0,0,236,2026.04.01 19:17:03,https://gall.dcinside.com/mgallery/board/view/?id=dshighschool&no=6950&page=2
,6949,,선착순 1명한테 주딱 넘겨줌,만우절~,ehdakrof 2026.04.01 18:54:35 스크랩 조회 241 추천 2 댓글 0,2,241,2026.04.01 18:54:35,https://gall.dcinside.com/mgallery/board/view/?id=dshighschool&no=6949&page=2
,6948,,구기대회 공약정리,"기호2번 - 구기대회 상금확대 3학년 올스타전 (창체2시간 구기대회는 삭제) 기호5번 - ""전학년"" 구기대회  1회 (전학년 구기대회 2회에서 1회로 변경) 다른후보는 구기대회공약x",ㅅㅅ (223.38) 2026.04.01 16:38:22 스크랩 조회 377 추천 9 댓글 4,9,377,2026.04.01 16:38:22,https://gall.dcinside.com/mgallery/board/view/?id=dshighschool&no=6948&page=2
,6947,,응 야자안해,루드 이랬다 저랬다 노 룰 꽤나 뻔뻔한 애티튜드 따라해~ 비추누르지말아줘ㅓ..,동붕이 (211.119) 2026.04.01 10:34:52 스크랩 조회 217 추천 3 댓글 0,3,217,2026.04.01 10:34:52,https://gall.dcinside.com/mgallery/board/view/?id=dshighschool&no=6947&page=2
,6946,,학교옆 공사 하는데 ㅈ나 시끄러우면 개추,ㅅㅂ 애새끼 코오는줄 알았는데 드릴이였노,동붕이 (211.119) 2026.04.01 10:27:07 스크랩 조회 184 추천 0 댓글 0,0,184,2026.04.01 10:27:07,https://gall.dcinside.com/mgallery/board/view/?id=dshighschool&no=6946&page=2
,6945,,갤 불타서 그냥 재밌는 08은 개추,ㅇㄷㄴㅂㅌ ㅋㅋ - dc official App,동붕이 (149.88) 2026.04.01 00:21:52 스크랩 조회 234 추천 4 댓글 0,4,234,2026.04.01 00:21:52,https://gall.dcinside.com/mgallery/board/view/?id=dshighschool&no=6945&page=2
,6944,,---->08,이새끼들 진짜  선배라는게 믿기지 않으면  개추 ㅋㅋㅋㅋㅋ,동붕이 (223.38) 2026.03.31 21:42:00 스크랩 조회 272 추천 4 댓글 1,4,272,2026.03.31 21:42:00,https://gall.dcinside.com/mgallery/board/view/?id=dshighschool&no=6944&page=2
,6938,,3번 공약,3번꺼 보니까 기존 공약은 유지되고 추가된거만 없어진거던데,동붕이 (104.28) 2026.03.31 17:13:05 스크랩 조회 193 추천 0 댓글 0,0,193,2026.03.31 17:13:05,https://gall.dcinside.com/mgallery/board/view/?id=dshighschool&no=6938&page=2
,6940,,학생회장,기호5번 빼고 구기대회 다 짤림 5번은 구기대회 2번 하는거에서 1번으로 바뀜 3학년은 걍 닥 5번 ㄱㄱ - dc official App,동붕이 (211.234) 2026.03.31 18:25:17 스크랩 조회 576 추천 20 댓글 12,20,576,2026.03.31 18:25:17,https://gall.dcinside.com/mgallery/board/view/?id=dshighschool&no=6940&page=2
,6937,,E-sports는 컷 안 당했네,근데 너넨 설레발 치지마 디멕 새끼들아 ㅋㅋ - dc official App,동붕이 (149.22) 2026.03.31 16:26:06 스크랩 조회 319 추천 10 댓글 2,10,319,2026.03.31 16:26:06,https://gall.dcinside.com/mgallery/board/view/?id=dshighschool&no=6937&page=2
,6935,,니들 다 ㅈ됐어 병신들아 ㅋㅋㅋㅋㅋ,기호2번 - 2시간 구기대회 제거 3학년 올스타전만 창체시간 활용가능 기호3번 - 원래없던 공약으로 전학년 구기대회 올스타전 제거 기호5번 - 이번년도 구기대회 종목줄이는데다 작년에도 겨우 한번 했던거라 일년에 두번은 불가능 확정 선관위 회의에서 결정났다 3명 전부 오열ㅋㅋㅋㅋ,동붕이 (223.38) 2026.03.31 15:56:58 스크랩 조회 424 추천 4 댓글 6,4,424,2026.03.31 15:56:58,https://gall.dcinside.com/mgallery/board/view/?id=dshighschool&no=6935&page=2
,6936,,2번 3번 싹다 짤렸다 동성고 다 봐라,5번빼고 싹다 짤림 ㅋㅋㅋㅋㅋㅋ 5번도 내용 비슷해서 짤렸을수도 있긴 한데 일단 리로에 5번관련 공지된건 없음,ㅇㅇ (211.234) 2026.03.31 16:10:21 스크랩 조회 334 추천 2 댓글 3,2,334,2026.03.31 16:10:21,https://gall.dcinside.com/mgallery/board/view/?id=dshighschool&no=6936&page=2
,6933,,08들은 알빠아니긴 해 ㅋㅋㅋ,"엘베 못 타는 09,10 불쌍하노 ㅋㅋㅋㅋ 뺑이 쳐라",동붕이 (211.119) 2026.03.31 15:15:00 스크랩 조회 234 추천 5 댓글 0,5,234,2026.03.31 15:15:00,https://gall.dcinside.com/mgallery/board/view/?id=dshighschool&no=6933&page=2
,6934,,투표,구기대회 공약 다 없어졌는데 윤씨 가문의 영광으로 간다,동붕이 (118.235) 2026.03.31 15:27:54 스크랩 조회 170 추천 3 댓글 0,3,170,2026.03.31 15:27:54,https://gall.dcinside.com/mgallery/board/view/?id=dshighschool&no=6934&page=2
,6932,,구기대회 공약,긴급소식 구기대회 관련공약 전부 취소란다 ㅋㅋㅋㅋㅋ 어카노,동붕이 (211.119) 2026.03.31 15:08:19 스크랩 조회 201 추천 0 댓글 2,0,201,2026.03.31 15:08:19,https://gall.dcinside.com/mgallery/board/view/?id=dshighschool&no=6932&page=2
,6931,,엘베,다 모르겠고 엘베타고싶은 갤붕이들은 개추,동붕이 (211.119) 2026.03.31 08:45:59 스크랩 조회 240 추천 3 댓글 1,3,240,2026.03.31 08:45:59,https://gall.dcinside.com/mgallery/board/view/?id=dshighschool&no=6931&page=2
,6930,,3학년 구기대회,2번 3번 5번 다 3학년 구기대회 하는게 공약인데 기왕하는거면 2번하는 5번이 이득아닌가 ㅇㅇ,동붕이 (223.38) 2026.03.30 21:46:23 스크랩 조회 243 추천 1 댓글 6,1,243,2026.03.30 21:46:23,https://gall.dcinside.com/mgallery/board/view/?id=dshighschool&no=6930&page=2
,6929,,올스타전,학년 전체 대표 뽑아서 학년끼리 붙는겨? - dc official App,ㅇㅇ (121.128) 2026.03.30 20:52:44 스크랩 조회 179 추천 0 댓글 0,0,179,2026.03.30 20:52:44,https://gall.dcinside.com/mgallery/board/view/?id=dshighschool&no=6929&page=2
,6927,,이새낀 왜 욕먹는거냐?,기호2번 애새끼 와꾸하고 공약 둘다 ㅈ간진데 학폭ptsd 도진 디시 찐따새끼들이 발광하고있노 니네 진지하게 얘 눈은 마주칠수 있냐?,동붕이 (112.145) 2026.03.30 17:58:58 스크랩 조회 504 추천 15 댓글 4,15,504,2026.03.30 17:58:58,https://gall.dcinside.com/mgallery/board/view/?id=dshighschool&no=6927&page=2
,6925,,3번 선거영상 봤음?,퀄 ㅈ되던데 ㅋㅋㅋㅋㅋㅋㅋㅋㅋ,동붕이 (104.28) 2026.03.30 10:59:19 스크랩 조회 311 추천 5 댓글 6,5,311,2026.03.30 10:59:19,https://gall.dcinside.com/mgallery/board/view/?id=dshighschool&no=6925&page=2
,6924,,기호 4번 뽑아,준비한거 없는데 뽑아줘,동붕이 (211.119) 2026.03.30 08:09:07 스크랩 조회 262 추천 3 댓글 4,3,262,2026.03.30 08:09:07,https://gall.dcinside.com/mgallery/board/view/?id=dshighschool&no=6924&page=2
,6923,,디맥 게이 의견에 나도 동의한다,,동붕이 (112.212) 2026.03.28 22:57:58 스크랩 조회 339 추천 6 댓글 2,6,339,2026.03.28 22:57:58,https://gall.dcinside.com/mgallery/board/view/?id=dshighschool&no=6923&page=2
,6922,,전교회장 여론조사 함 드가자,쓰니는 5번에 개추 박는다,동붕이 (112.158) 2026.03.28 20:43:08 스크랩 조회 916 추천 16 댓글 11,16,916,2026.03.28 20:43:08,https://gall.dcinside.com/mgallery/board/view/?id=dshighschool&no=6922&page=2
,6921,,이번 e스포츠 대회에 대해서 한말한다,디맥 넣어주면 5번 무조건 뽑음,동붕이 (121.129) 2026.03.28 17:59:34 스크랩 조회 294 추천 4 댓글 2,4,294,2026.03.28 17:59:34,https://gall.dcinside.com/mgallery/board/view/?id=dshighschool&no=6921&page=2
,6920,,석식 안먹는애들거 대신먹는게 왜문제임,집에 한트럭 싸갈라그러는교? - dc official App,동붕이 (211.176) 2026.03.28 00:26:35 스크랩 조회 379 추천 17 댓글 5,17,379,2026.03.28 00:26:35,https://gall.dcinside.com/mgallery/board/view/?id=dshighschool&no=6920&page=2
,6919,,회장 홍보영상 후기,"기호1번 화이팅 기호2번 이새낀 그냥 약빤거같아서 무서움 최고의 명언 나왔다 '똥인지 된장인지 찍어먹어봐야 아나"" 기호3번 진짜 잘만든거같긴 한데 공약이 좀 딸리는듯 글고 갑자기 마지막에 3학년 올스타전 왜추가하냐? 2번거 아니냐 기호4번 안냄 기호5번 우리 동현이가 왜 거기서 나오노? 구기대회 전학년 1년에 두번은 맘에듬ㅇㅇ 반박시 느그말이 다맞음",ㅇㅇ 2026.03.28 00:00:56 스크랩 조회 439 추천 12 댓글 3,12,439,2026.03.28 00:00:56,https://gall.dcinside.com/mgallery/board/view/?id=dshighschool&no=6919&page=2
,6918,,지금 우리 3학년이 너희에게 거는 기대가 참 많아,꼭 전학년 구기대회 하는 회장 당선돼라 난 2번뽑겠다,a (121.160) 2026.03.27 21:04:02 스크랩 조회 408 추천 13 댓글 1,13,408,2026.03.27 21:04:02,https://gall.dcinside.com/mgallery/board/view/?id=dshighschool&no=6918&page=2
,6917,,전용우 선생님 사랑하면 개추,그 누구보다 전용우 선생님 지지하면 개츄❤❤,동붕이 (211.36) 2026.03.27 20:00:33 스크랩 조회 325 추천 9 댓글 0,9,325,2026.03.27 20:00:33,https://gall.dcinside.com/mgallery/board/view/?id=dshighschool&no=6917&page=2
,6916,,야자분위기 ㅇㄸ냐,애새끼들 시끄럽고 관리 잘안되면 걍 스카가고,a (211.196) 2026.03.27 16:39:20 스크랩 조회 268 추천 5 댓글 5,5,268,2026.03.27 16:39:20,https://gall.dcinside.com/mgallery/board/view/?id=dshighschool&no=6916&page=2
,6915,,이쌤들ㄹ ㅇㄷ감?,"음악 박선화, 일본어 성.지희 이쌤들 요즘 안 보이던데",동붕이 (211.119) 2026.03.26 14:01:27 스크랩 조회 367 추천 1 댓글 1,1,367,2026.03.26 14:01:27,https://gall.dcinside.com/mgallery/board/view/?id=dshighschool&no=6915&page=2
,6911,,1-7 미친거 뭐냐,west학준쌤한테 `선생님도 집 가시면 장난 치세요?` 이러고있는데 학준왈 `그거도 다 에너지예요~`,동붕이 (58.29) 2026.03.21 01:59:30 스크랩 조회 553 추천 2 댓글 5,2,553,2026.03.21 01:59:30,https://gall.dcinside.com/mgallery/board/view/?id=dshighschool&no=6911&page=3
,6910,,코끼리 똥 사진 구함,존나 갖고 싶은데 빨리 누가 올려줘,동붕이 (221.149) 2026.03.20 20:22:57 스크랩 조회 318 추천 1 댓글 0,1,318,2026.03.20 20:22:57,https://gall.dcinside.com/mgallery/board/view/?id=dshighschool&no=6910&page=3
,6913,,YEAH~!,"노무 많은 사람들에게 신세를 졌다 나로 말미암아 여러 사람이 받은 고통이 너무 크다. 앞으로 받을 고통도 헤아릴 수가 없다. 여생도 남에게 짐이 될 일 밖에 없다. 건강이 좋지 않아서 아무 것도 할 수가 없다. 책을 읽을 수도 글을 쓸 수도 없다. 노무 슬퍼하지 마라. 삶과 죽음이 모두 자연의 한 조각 아니겠는가? <section class=""advertisment"" style=""box-sizing: inherit;""></section> 미안해하지 마라. 누구도 원망하지 마라. 운명이다. 화장해라. 그리고 집 가까운 곳에 아주 작은 비석 하나만 남겨라 오래된 생각이다.",동붕이 (223.39) 2026.03.23 21:51:33 스크랩 조회 350 추천 13 댓글 0,13,350,2026.03.23 21:51:33,https://gall.dcinside.com/mgallery/board/view/?id=dshighschool&no=6913&page=3
,6914,,야자실 계속 삑삑대는 @ㅐ미뒤진 말고아련 누구냐,나다 싶음 셀프펠라 도전해봐,동붕이 (223.39) 2026.03.25 18:37:41 스크랩 조회 386 추천 11 댓글 1,11,386,2026.03.25 18:37:41,https://gall.dcinside.com/mgallery/board/view/?id=dshighschool&no=6914&page=3
,6909,,전교회장,기호2번 샌드백 설치 기호5번 전학년 1년에 구기대회 2번 나머지는 ㅂㄹ인듯,ㅇㅇ (211.243) 2026.03.20 18:46:01 스크랩 조회 381 추천 2 댓글 5,2,381,2026.03.20 18:46:01,https://gall.dcinside.com/mgallery/board/view/?id=dshighschool&no=6909&page=3
,6908,,동성은 ㅈ반인가 갓반인가,,동붕이 (211.119) 2026.03.19 11:05:31 스크랩 조회 373 추천 4 댓글 2,4,373,2026.03.19 11:05:31,https://gall.dcinside.com/mgallery/board/view/?id=dshighschool&no=6908&page=3
,6907,,3학년도 구기대회,제발하면 안되노 농구 노무노무 마렵다노,동붕이 (211.234) 2026.03.16 11:17:10 스크랩 조회 343 추천 11 댓글 0,11,343,2026.03.16 11:17:10,https://gall.dcinside.com/mgallery/board/view/?id=dshighschool&no=6907&page=3
,6906,,반갑다 (장문),"나는 1학년때 동성고를 런하고 현재 남녀공학 인문계 고등학교을 다니고있다 먼저 동성고를 런한이유는 우리집은 혜화에서 존나멀다 1시간이상걸림 그래서 기숙사가 필수였음 기숙사를 다니는데 첫룸메가 장애인이였음 시발 지금 생각해도 좆같노.. 2번째 룸메는 정말 재밌고 좋았음 그때는 행복했음 근데말야 사람이 원래 살던곳에서 강제로 떨어져 살면 미쳐감 그래서 동네 인문계로 도망왔다... 그래서 내신은 6.9ㅋㅋ 좆됨ㅋㅋ 아무튼 지금 동갑인 애들이 다 3학년일테니까 말하는데 현민이 진짜 가오 좆됬다 ㅋㅋㅋㅋ 전에 매점쓰는데 현민이가 지 따까리애들 뒤에 줄줄 달고와서 지보다 더 큰애한테 축구할때 뭐뭐하지마라 좆가오 똥가오 처부리면서 설교하는데 ㅋㅋㅋㅋㅋㅋ 덩치가 욕하면서 뭐라하니까 뒤에애들이 말리고 현민이는 나잇값좀해라, 회장한테 뭐하는거냐 ㅋㅋㅋㅋ ㅇㅈㄹ ㅋㅋㅋㅋ 진짜 존나웃겼다 그리고 지금 3학년에 아직 걔 있는줄 모르겠는데 기숙사다닐때 좆돼지련 하나있었음 ㅋㅋ 첫날부터 애들이랑 친해지려고 막 처나대다고 인맥쌓고 그랬음 그런데 그 병신이 애들한테 돈빌리고 존나게 안갚고 가오 처부리면서 갚을때까지 기다려라 이러고 ㅋㅋㅋㅋㅋㅋ 기숙사 1달만에 애들한테서 배척당하고 ㅋㅋㅋㅋㅋ 축구도 존나 못하는데 남탓 팀탓만하고 자기애는 또 존나 강해서 패스달라는데 슈팅처하다가 지혼자 넘어지고 ㅋㅋㅋㅋㅋㅋ 지한테 볼 안준다고 염병하고 ㅋㅋㅋㅋㅋㅋㅋㅋ 참 재밌었다!!!! 여기까지 읽어줬으면 고맙다 난 이제 자러간다 모두 행복하게 동성고 다녀라!! - dc official App",동붕이 (61.253) 2026.03.16 02:32:16 스크랩 조회 584 추천 6 댓글 3,6,584,2026.03.16 02:32:16,https://gall.dcinside.com/mgallery/board/view/?id=dshighschool&no=6906&page=3
,6904,,김행수 선생님에게 생기부 잘 받는법,어케해야 잘 받나요 꿀팁좀,동붕이 (211.234) 2026.03.11 22:03:59 스크랩 조회 528 추천 0 댓글 2,0,528,2026.03.11 22:03:59,https://gall.dcinside.com/mgallery/board/view/?id=dshighschool&no=6904&page=3
,6903,,아이돌 민심 조사,,동붕이 (58.149) 2026.03.11 20:43:17 스크랩 조회 345 추천 3 댓글 6,3,345,2026.03.11 20:43:17,https://gall.dcinside.com/mgallery/board/view/?id=dshighschool&no=6903&page=3
,6902,,독서 가르치는 대머리독수리,얘는 ㄹㅇ어캐 선생됐냐 뭐라는지 알아먹을수가없노,동붕이 (211.119) 2026.03.11 11:49:22 스크랩 조회 388 추천 9 댓글 0,9,388,2026.03.11 11:49:22,https://gall.dcinside.com/mgallery/board/view/?id=dshighschool&no=6902&page=3
,6901,,이미란 쌤,왤케 호감임 ㅋㅋ 재밌으시네,동붕이 (203.229) 2026.03.09 23:25:01 스크랩 조회 491 추천 7 댓글 2,7,491,2026.03.09 23:25:01,https://gall.dcinside.com/mgallery/board/view/?id=dshighschool&no=6901&page=3
,6900,,술 한잔 했다 ㅋ,우~흥~!,동붕이 (121.128) 2026.03.08 22:51:46 스크랩 조회 457 추천 0 댓글 0,0,457,2026.03.08 22:51:46,https://gall.dcinside.com/mgallery/board/view/?id=dshighschool&no=6900&page=3
,6898,,3학년중 닮은꼴,어허~,동붕이 (211.234) 2026.03.07 21:33:01 스크랩 조회 638 추천 33 댓글 1,33,638,2026.03.07 21:33:01,https://gall.dcinside.com/mgallery/board/view/?id=dshighschool&no=6898&page=3
,6897,,기숙사 한달에 얼마냐?,ㅈㄱㄴ,현갤러 (211.234) 2026.03.07 12:21:45 스크랩 조회 319 추천 1 댓글 1,1,319,2026.03.07 12:21:45,https://gall.dcinside.com/mgallery/board/view/?id=dshighschool&no=6897&page=3
,6896,,어제 영양사가 웃으면서 배식해줬는데,그린라이튼가,동붕이 (121.129) 2026.03.07 10:29:39 스크랩 조회 537 추천 19 댓글 3,19,537,2026.03.07 10:29:39,https://gall.dcinside.com/mgallery/board/view/?id=dshighschool&no=6896&page=3
,6894,,3학년 체육복 의무 구매에 대한 반대 의견,"현재 학교에서 3학년 학생들에게 체육복을 의무적으로 구매하도록 안내한 것에 대해 반대 의견을 표합니다. 현재 3학년 학생들이 입학할 당시에는 저희 때부터 체육복이 사라졌다고 안내를 받았고, 작년에도 체육복에 대한 아무런 안내는 없었습니다. 그런데 졸업을 1년도 채 남기지 않은 시점에서 갑작스럽게 체육복을 의무 구매하도록 하는 것은 학생과 학부모에게 부당한 조치라고 생각합니다. 특히 체육복 가격이 약 10만 원에 달한다는 점은 결코 적은 금액이 아닙니다. 1학년의 경우 3년간 사용한다는 전제가 있어 어느 정도 이해할 수 있지만, 3학년은 실질적으로 사용 기간이 매우 짧습니다. 더불어 현재 체육 수업 역시 활동 위주보다는 자율 학습 시간으로 활용되는 경우가 많다고 안내받았습니다. 그렇다면 실제 착용 빈도는 더욱 낮을 것으로 예상됩니다. 이러한 상황에서 3학년에게 동일한 조건으로 체육복 구매를 요구하는 것은 부당하다고 생각합니다. 종합적으로 고려했을 때 3학년은 선택 구매로 전환하거나, 기존 사복 복장 착용을 허용하는 방식이 더 합리적이라고 판단됩니다. 학교의 정책은 학생들의 학습 환경과 복지를 우선으로 고려해야 합니다. 졸업을 앞둔 3학년에게 실질적 필요성이 낮은 물품을 의무적으로 구매하게 하는 것은 교육적 목적과도 다소 거리가 있어 보입니다. 이에 3학년 체육복 의무 구매 정책의 재검토를 요청드립니다. 학생과 학부모의 의견을 충분히 수렴한 후 합리적인 대안을 마련해 주시기를 바랍니다. (또한 학생들에게 두 개의 선택지를 준답시고 예전 체육복과 현재 체육복 둘 중 하나를 구매하라고 하는데, 예전 체육복은 디자인부터 별로여서 학생들이 구매를 하지 않으니 재고가 많이 쌓여있어서 짬처리하는걸로 밖에 보이지 않습니다.) - dc official App",ㅇㅇ (118.235) 2026.03.04 17:55:13 스크랩 조회 451 추천 45 댓글 2,45,451,2026.03.04 17:55:13,https://gall.dcinside.com/mgallery/board/view/?id=dshighschool&no=6894&page=3
,6890,,2026학년도 신입생 체육복 공동구매 계획 발췌본,디자인 잘 뽑은 듯 동성고 로고도 있고 그래도 중앙고처럼 체육복 등교 가능해져서 좋네요. 동복 상의가 후드집업하고 비슷한 포지션이고 하복 상의는 여름생활복(흰색 카라 셔츠)하고 거의 완전 동일한 포지션이네요.,다시만난세계 (61.97) 2026.03.04 00:38:30 스크랩 조회 360 추천 2 댓글 2,2,360,2026.03.04 00:38:30,https://gall.dcinside.com/mgallery/board/view/?id=dshighschool&no=6890&page=3
,6888,,다들 새학기 ㅎㅇㅌ,개추 벅벅,동붕이 (58.149) 2026.03.02 18:16:07 스크랩 조회 274 추천 13 댓글 0,13,274,2026.03.02 18:16:07,https://gall.dcinside.com/mgallery/board/view/?id=dshighschool&no=6888&page=3
,6886,,학교활동·생기부 티어 정리,"동붕이 (211. 234) 형님의 '08,09-조언 (말 많음)' 이라는 제목의 글을 감동을 먹어서 작성하게 되었다. ('동성고에 입학할 이들을 위하여' 후속 작이다.) S 티어 (최강 가성비) 활동 평가 이유 부반장 책임 분산 + 리더십 기재 가능 / 부담 최소 게시판 도우미 시간 적게 듦 + 생기부 문장 만들기 최강 멘토링(설계형) 기간·대상·내용 통제 가능 → 서술 효율 최고 공통 특징 눈에 띄진 않지만 선생님이 쓰기 편함 학업·탐구·프로젝트와 병행 가능 A 티어 (안정적 & 활용도 높음) 활동 평가 이유 반장 행사 주도·동원력 강조 가능 (시간 소모 있음) 동아리장 연간 활동 정리 쉬움, 성과화 가능 모둠장 수업 속 리더십·협업 강조 가능 프로젝트 봉사 자율성 높고 전공 스토리화 유리 공통 특징 주도성은 확실 관리 능력에 따라 S로 상승 가능 B 티어 (조건부 선택) 활동 평가 이유 학생회 부회장(전교부회장) 회장보다 부담 적으나 일정 존재 비주요 교과 부장 기록 가능하나 활용 범위 제한 공통 특징 다른 주력 활동이 있을 때 보조 카드 C 티어 (가성비 낮음) 활동 평가 이유 전교학생회장 시간·책임 과다, 기재 효율 낮음 급식 도움 봉사 접근성은 좋으나 평가력 약함 에너지 지킴이 기재 분량·확장성 부족 주요 교과 부장 실제 생기부 반영 어려움 공통 특징 이름값은 크지만 입시 효율은 낮음 최종 결론 (핵심 문장) “입시는 ‘바빠 보이는 활동’이 아니라 ‘기록이 잘 남는 활동’을 좋아한다.” S 티어 (절대 핵심 · 최우선 관리) 항목 이유 세특(세부능력 및 특기사항) 교과 활동 + 탐구 + 태도 → 전형의 핵심 내신(교과 성적) 모든 전형의 기본값, 생기부로 뒤집기 한계 존재 핵심 포인트 세특은 질 , 내신은 구간 이 두 개가 없으면 다른 항목 의미 급감 A 티어 (확실한 보조 핵심) 항목 이유 자율 활동 반장·부반장 등 공동체 역량 강조 가능 행동 특성 및 종합 의견(행특) 태도·책임감·배려를 종합적으로 보여줌 전공 연계 동아리 활동 진로 일관성 확보에 매우 유리 핵심 포인트 세특을 보완 하는 역할 “이 학생은 이런 사람”을 설명해줌 B 티어 (관리 필수지만 판 뒤집진 못함) 항목 이유 출결 사항 감점 요소는 되지만 가점은 거의 없음 봉사 활동 실적 기본 요건 충족용, 변별력 낮음 학교 폭력 조치 사항 없으면 끝, 있으면 치명적 핵심 포인트 마이너스 방지용 잘해도 티 안 나고, 못하면 바로 불리 C 티어 (간접 영향 · 활용용) 항목 이유 독서 활동 상황 직접 반영 X, 세특·동아리 연결 시 가치 있음 수상 경력 대입 미반영, 과정 활용만 의미 있음 핵심 포인트 단독으로는 의미 없음 세특에 흡수될 때만 가치 발생 D 티어 (입시 영향 거의 없음) 항목 이유 자격증 취득 및 능력 이수상 대입 반영 X 교외 실적성 자격증 생기부 활용 불가 핵심 포인트 시간 투자 대비 입시 효율 최저 취미·개인 성장 목적이면 OK 최종 한 장 요약 티어 항목 S 세특, 내신 A 자율활동, 행특, 전공 연계 동아리 B 출결, 봉사, 학폭 C 독서, 수상 D 자격증 진짜 중요한 결론 “생기부는 항목이 아니라 ‘구조’다.” 세특 + 내신 = 뼈대 자율·동아리·행특 = 살 나머지는 장식 또는 안전장치 C, D티어여도 잘만 쓰면 좋은게 된다. 본인이 '대학어디가'에서 상담하고 컨설턴트가 보여준 자료에 동성고 2년동안 다니면서 낸 결론이다. 댓글에서 추가적으로 이게 맞다 아니다를 잘 작성해주실 바란다. 후배들에게 도움이 되길 기도한다.",다시만난세계 (211.248) 2026.03.01 14:51:42 스크랩 조회 835 추천 9 댓글 2,9,835,2026.03.01 14:51:42,https://gall.dcinside.com/mgallery/board/view/?id=dshighschool&no=6886&page=3
,6885,,"08,09-조언 (말 많음)","1. +++샛별인재 꼭 해라!!!! 내신으로 치면 최대 0.5 뒤집을수있다 2.9-->건대,외대 붙음 +내신 3점 중후반대는 3학년이 크게 올라도 단위수가 적어서 크게 올라가지 않음 동성고에서는 3점대는 인서울이 어려우니 정시 추천함(정시 7 수시3 느낌??) 2학년은 가장 과목수도 많고 반영비도 크기 떄문에 성적관리에 최선을 다해야 하는 시기임 그런데 너가 엄청나게 열심히 했더라도 성적이 뜨뜻미지근하거나 생각보다 박을 확률이 상당한게 안타까운 사실임 왜냐면 고1이라는 고등학교체험판이 끝나고 너희 고2들은 이제 ""진짜"" 고등학생이라는 점이기 때문 체험판이 끝났기 때문에 실업계로 갈 친구들은 다른 길로 빠지는 경우가 있고 특히 미술이나 미용쪽으로 빠지는 인원이 상당할 것임 이러한 환경은 너희들에게 호재가 될수도, 악재가 될수도 있는데 악재일 확률이 상당함 왜 그렇냐? 이 글을 유심히 읽을 09들은 내신을 ""그나마라도"" 챙길 것이고, 이 글도 상기 인원들에 포커스가 맞춰져 있음 그렇기 때문에 설령 안 그래도 하위권인 인원들이 실업계나 미술이나 미용으로 빠진다 하더라도 저 아래쪽의 일이기 때문에 너희들에게 도움이 되지는 않을 것임 오히려 그 인원들이 결시를 해버리거나 전학을 가버리거나 해서 절대적인 응시 내지는 성적산출 인원이 줄어들어서 1등급 인원수가 한명씩 주는 식겁한 사태가 일어난다면 모를까 또한 이제 '체험판'이 끝났기 때문에 각잡고 공부하는 중하위권이 많을 것이고 그 가운데에서 너희보다 못하던 공부잼병이 너희들을 앞지르는 기적도 심심치 않게 보일 것임 따라서 너희들은 작년보다 충분히 열심히 했더라도 성적이 기적적으로 오르지 않거나 박을 확률도 상당하다는 안타까운 결론을 내릴 수 밖에 없는 것 2. 잠시 고2때 내 성적에 관련해서 얘기를 해보자면 실제로 본인도 중학교에서 백분위 25퍼따리였는데도 불구 고1성적이 전교 10위권에 진입하는 기염을 토하기도 했었으나 문돌이인 내가 2학년 선택과목을 세계사 윤사를 고르고 생명을 골라버리는 병신짓을 했기때문에(그 당시에는 정법까지 고르면 암기량을 감당하지 못할 것으로 예상하여 통합과학에서 제일 자신있었던 생명을 고름) 생명은 딱히 공부 안하고 수업시간에 빡집중하고 마더텅만 한바퀴돌리면서 3등급 방어에 힘을 썼고 윤사는워낙에 수강인원수가 많아서 공부를 설렁설렁해도 1~2등급을 와리가리탔으나 문제는 이 세계사였는데 그 당시 세계사는 수강인원이 45명정도로 1등급이 2명밖에 없는 역대급 헬그라운드였으므로 1학기는 수행 지필 만점으로 피똥싸면서 1등급을 방어하였으나 2학기때 문제 하나 틀리고 소수점 차이로 2등급으로 떨어져 버렸을정도로 소수과목 내신은 상당히 어려웠음 이처럼 탐구는 그나마 무난히 나왔으나 문제는 수학하고 영어였는데 본인은 중딩때부터 평가도 C를 수집해온 유서깊은 수포자였기 때문에 수학은 만년 4였음 그리고 씹좆같은 내신영어는 일단 ""쳐 외우라고 만들어진 과목""이기 때문에 암기력이 후달리는 나로서는 도저히 감당이 안되는 과목이었음 그랬기 때문에 고1때 3 가까스로 방어하다가 이그젬포유 뺑뻉이 ㅈㄴ 돌렸음에도 불구 4로 떨어지는 레전드 사건이 발생하게 됨 이도 모자라 고2 2학기 중간이 추석 연휴 바로 다음이었는데 이사를 하게되면서 사상 최초로 암기를 쳐 안하고 시험을 보는 일이 발생, 꾸준히 국어는 10등 이내였던 내가 70몇점을 쳐 받고 69등이라는 말도안되는 등수를 받게 됨 이에 진지하게 자퇴 후 정시파이터를 고심했으나 여러 선생님들의 설득으로 가까스로 멘탈을 수습해서 기말때 기적적으로 100을 찍고는 12등으로 2등급 방어하는데 성공 그러나 ㅈ망한 성적들은 여전히 낙인처럼 남아있었고 이후 지필에서 잘 받아봤자 결국엔 '중화'시키는 결과밖에 되지 않았기 때문에 2학년 2학기 성적은 1학년 등급평균보다 0.4나 떨어지는 사태(를 넘어선 폭동)가 발생하게 됨 솔직히 이런 개버러지 성적으로 가지고 교과를 썼다면 나는 저기 경기도에서 대학을 다니고 있었을 것임 필자 3. 그렇다면 개버러지 성적을 가지고 있던 내가 어떻게 인서울을 할 수 있었을까? 답은 바로 '생기부'에 있었어 일단 2학년은 이 생기부를 만들어 나가기에 정말 안성맞춤인 시기라고 본다 왜 그렇냐? 1학년때는 상당수의 인원이 자신의 진로를 명확하게 결정하지 못했거나 생기부를 어떻게 꾸려나가야 하는지에 대한 이해가 부족하기 때문에 생기부가 발퀄인 경우가 상당함 나 또한 그러했던게 진로는 정해져 있었지만 생기부를 채우라는 진로쌤말을 듣고 무지성으로 다다익선 마인드로 활동이란 활동은 ㅈㄴ 많이 했고 , 학급임원단, 거점학교 등등에 참여하는 개빡센 삶을 살았었음 학년말 생기부 첨삭시즌에 이르러서 생기부 초본을 받아보는데 원래 진로활동의 분량이 700자임에도 불구 2100자에 육박할 정도로 미친 분량의 생기부를 목도할 수 있었음 이에 활동마다 지극정성으로 참여한 나였기에 자식같은 활동들을 하나라도 뺄 수 없다고 판단, 내 1학년 생기부는 '2022.00.00.~00.00. 개병신활동에 참여함. '개병신활동에 대한 탐구'라는 제목의 발표를 함' 정도의 개단답 개노잼 생기부가 되어있었음 따라서 1학년 때 생기부는 학종판에서도 완성도 높은 친구들이 많지 않다는 것이고, 굳이 1학년때 생기부가 맘에 안든다고 해서 낙담할 이유는 없다는 것임 그렇다면 어떻게 생기부를 꾸려나가야 하느냐? (1) 먼저 너의 진로를 정해라 뻔한 말이지만 결코 묵과해서는 안될 사항임 여기서 진로를 정하라는 것은 무슨 인문계열 이딴식으로 애매모호하게 정할게 아니라 역사학과로, 무지성으로 역사학과로만 정할것이 아니라 역사학 중에서도 동양사, 동양사 중에서도 한중일 관계사 내지는 한일 관계사 정도로까지 구체화 시켜야 한다는 점임 만약 이렇게 자세하게 정하지 않으면 계속 와리가리 타다가는 일관성과 퀄리티 두마리 토끼를 다 놓치는 결과가 발생하기 때문에 이렇게 자세하게 정하기를 권장함 그런데 이렇게 자세하게 정해놓고 만약에 살짝 틀어진다면? 그 틀어진 이유가 입학사정관들에게 이해시킬 수 있는 스토리가 있다면 괜찮기 때문에 걱정말고 구체화 시키길 바람 (2) 학교 선생들을 최대한 이용해라 내가 선생들을 후빨하란게 아니라 '이용'하라고 한 것은 그 선생님 수백명 가운데에서 너에게 관심을 가질 수 있도록 하는 전제작업이 필요하다는 말임 평소에 제발 수업 잘 듣고 ㅈㄴ 사소한 질문이라도 좋으니까 그 선생과 너 사이의 관계를 그냥 기계적인 강의-수강의 관계에 머무를 것이 아니라 스승-제자의 관계로 발전할 수 있게끔 하란 것임 그렇다고 무슨 후빨을 하란 것은 아닌게, 만약 이런 질문도 하기 싫은 선생이다 그러면 그냥 제때 제때 보고서나 충실히 내고 발표나 충실히 하고 미운털 안박히게 니 이미지 관리하면서 나중에 생기부 첨삭 시즌에 공손하게 '이런 멘트 집어 넣어주실 수 있나요?' 부탁하면 되는 일임 각설하고 스승-제자의 관계로 나아가는것의 이득은 먼저 너 생기부에 그 선생이 더 많은 시간과 관심을 쏟게 된다는 점과 그리고 생기부를 사실상 ""너 맘대로 주무를 수 있다""는 점임 이게 뭔 말이냐? 그 선생하고 인간적인 유대가 생긴다면 부탁을 할 때도 좀 더 강경하게 할 수 있고 즉 너가 원하는 주제어, 워딩, 심지어는 조사에 이르기까지 전면적으로 손대서 고치기에도 편하고 그걸 요구하는데에도 거리낌이 없어진다는 데 그 이유가 있음 만약에 너가 물리에 미쳐있고 어떤 전문적인 내용으로 탐구를 진행했는데 그 선생이 너의 탐구 내용을 피상적으로만 대충대충 정리해서 생기부에 올려놨다면 너의 말투와 너의 워딩과 너의 지식을 바탕으로 그 생기부를 환골탈태 시킬 수 있고, 이는 곧 생기부의 질적인 향상으로 이어질 것임 또한 이런 생기부 작성 뿐만이 아니라 생기부에 채울 활동이나 주제를 탐색하는 과정에서도 나름대로 알만한 대학 교육과 나온 선생을 너가 쓰고 싶은 활동이나 주제를 대강 말하고 주제를 골라달라고 하는 너만의 챗지피티로도 사용할 수도 있단 점임 챗지피티보다 선생들이 나은 점은 물론 그 정보의 검증적인 면도 있겠으나 '아 얘가 내 수업을 유심히 듣고 있구나' 내지는 '이렇게 열심히 하는 아이구나'하는 긍정적 인식을 심어줄 수 있을 것임 즉 선생들을 알뜰살뜰히 '이용'한다면 너희들의 생기부퀄은 비약할 것이라고 봄 (3) 이제는 선택과 집중을 해라 입학사정관들이 너희들 생기부를 보는 시간은 길어봐야 10몇분이고 설령 나중에 면접을 보게 된다해도 그 시간은 10분을 넘기지 않을 것임 그렇다면 그냥 있는거 없는거 다 끌어모았지만 실속하고 재미 모두 없는 생기부가 좋을까, 아니면 입사관들의 이목을 끄는 깊고도 참신한 몇몇 주제가 나을까? 결국에 너희의 당락을 결정하는 것은 내용은 몇가지 되지 않는다는 것이고 선택과 집중을 할 필요가 있다는 것임, 즉 똘똘한거 몇게 골라서 너의 진가를 보여주라는 말임 그러나 너의 진가를 보여준다는 것은 '내가 이만큼 많이 알고 있어요' 내지는 '이만큼 어려운 것도 탐구해봤어요'를 말하는 것이 아님 오히려 이런 태도는 지양해야 할 것이, 면접을 보게되면 입사관들은 너희들을 밑으로 떨구기 위해서 안간힘을 쓰면서 낚시 질문을 ㅈㄴ게 던질거임 만약 너가 그런 태도를 가지고 생기부를 채워왔다면 그 분야의 석학인 교수들은 너는 알 수 없는 정보를 가지고 멘탈을 붕괴시킬 것이고, 그 낚시질문에 휘말리면서 너는 병신처럼 답하거나 내지는 한마디도 못하고 너의 자리는 생기부는 병신이지만 성적은 너보다 높은 놈의 차지가 될 것임 그렇다면 어떻게 선택과 집중을 해야하느냐? 바로 너의 '역량'을 보여주는데 집중해야 함 이 '역량'은 탐구력이 될 수도 있고, 성실함이 될 수도 있고, 내지는 하다못해 계산능력이라든지 어학능력이 될 수도 있음 너의 진로에 적합한 역량을 너 생기부 전반에 녹여놓는다면은 교수는 전공적합성과 발전가능성의 면에서 너를 높게 살거임 (4) 한번쯤 너가 감당할 수 없을 만한 대형사건을 만들어라 대형사건을 만들라는 것이 무슨 술담을 한다는지 선생(행수)하고 욕배틀을 한다는지 그런 것이 아니라 큰 프로젝트를 하나쯤은 해야 느슨한 너의 생기부에 긴장을 줄 수가 있다는 말임 나는 동아리를 하면서 대형사건을 만들었는데 나는 뭐 2학년 성적도 ㅈ망했겠다 학종노선을 타면서 답사를 추진해 나갔고 이 과정에서 밤을 새기도 여럿이었음 결국에는 악으로 깡으로 성공시켰고 안될 거 같았던 대형 프로젝트를 완수하게 됨 이러한 대형 프로젝트는 대다수의 일반고에서는 하기 쉽지 않은, 또 하지도 않는 거겠지만 학교가 안해준다면 너네들이 나서서 일단 저지르고 수습해나가면서 너희만의 커리어를 쌓길 추천함 이러한 눈에 확 띠는 커리어는 보고서, 발표로만 도배되어 있는 너희들의 노잼 생기부를 그나마 재미있게 만들어줄 요소일 것임 (5) 팀프로젝트를 할 때는 오히려 공부 못하는 애들을 포섭해라(ㅈㄴ 중요) 이 학종판에서 '팀프로젝트'는 아주 유서깊은 맛도리 요소라고 봄 일단 개인 탐구랑 비슷한 결과물을 내놓아도 '팀'으로 구성되어 있기 때문에 입사관들은 ㅄ같은 공동체역량을 이것으로 가늠하려 할 것이기 때문 이렇듯 중요한 팀 프로젝트를 왜 공부 못하는 애들을 가지고 하라는 것이냐? 답은 의외로 간단한데 이것 또한 너가 떡주무르듯이, 입맛껏 보고서를 작성할 수 있기 때문임 ㅋㅋ 오히려 공부 좀 하는 애들 가지고 팀프로젝트를 하게 되면 얘네들도 사람인 이상 지들 원하는 진로대로 주제를 선정하고자 할 거고, 최악의 경우에는 싸움나서 ㅈ망하거나 쓸데없이 퀄리티를 좋게 해서 너보다 좋은 대학에 가는 배알꼴리는 일이 발생할 수 있음 따라서 공부 좀 못하는 애들 데리고 너가 총대매고 하나부터 열까지 다 만드는 것이 너 정신건강에도 좋을 것이고 설령 엄청나게 잘썼다 하더라도 그 공부못하는 애는 너보다 절대 좋은 대학을 못가니까 마음도 놓일 것임 그리고 프로젝트 마치고 파트 적절히 가짜로 분배해서 외견상으로는 평범한 팀플처럼 보이게 하면 되는 일임 4. 그리고 출결에 관련해서 절대로 무단 찍히게 하지 않는 편이 좋을 것임 출결은 인정, 질병, 무단 세가지 종류로 크게 나눌 수 있는데 인정은 뭐 말 그대로 영향을 아예 끼치지 않는다고도 볼 수 있으니까 넘어가고 의외로 질병이 너희들의 발목을 잡을 수도 있는게 만약에 질병결석이 일년에 10일 이상 넘어버린다면 대학 측에서는 '질병 때문에 수학(math아니고 수능할때 수학이다 모르면 국어사전찾아봐라)에 지장이 있다'고 판단해버려서 감점요인으로 작용할 수도 있는 것임 그러니까 출결도 유념하고 아파도 한번쯤은 학교에서 견디는 것도 필요하다 ㅈ같지만 대학갈때까지는 크게 아프면 안되는게 고딩들의 숙명임 5. 마지막으로 입시 관련해서 말해보자면 절대로 선생들이 써주는대로 대학 원서 넣지는 말길 바란다 3학년부에 있는 선생들은 지들이(특히 국영수 선생들) 무슨 입시의 대가인양 너희들을 가르치려고 들을것이나, 그렇게 전문성있지는 않다는 것을 항상 유념해야 할것임 실제로 내 친구중에도 담임이 쓰라는대로 썼다가 6광탈한 친구도 있느니만큼 선생들은 너희들의 인생을 대신 살아주지 않는다는 점을 항상 명심해야 함 또한 학교는 전교권을 제외하고 나머지 학생들에 대해서 '대학에 잘 가게 하는 것'을 최우선 가치로 삼고 있지 않고 '대학에 보내는 것'을 목표로 삼고 있음 '대학에 잘 가는 것'은 순전히 전교권 친구들의 전유물로 걔네들은 뭐 서울대니 연고대니 서성한 중경외시 건동홍 소위 명문대학이라고 불리는 한 대학이라도 가서 대동성고의 '트로피'가 될 것임 그렇다면 전교권에 해당하지 않는 너희들은? 동성고가 아무리 좆반고여도 인문계기 때문에 그냥 '대학에 보내는 것', 높은 곳에 합격하는 것 보다는 일단 어디라도 합격시키는데 그 목적이 있다는 것임 따라서 입시기간 동안 너희들의 성적이나 생기부는 한없이 내려침 당할 것이고 불안정한 학종보다는 그나마 안정적인 교과로 유도를 많이 받을 것임 하지만 너희 생기부가 진짜 외고나 자사고와 비교해도 손색없다는 확신이 든다면 그래도 학종으로 원하는 대학(너무 터무니없게는 말고)을 한 두어장 쯤은 넣어보길 바란다 나는 6지망 붙었지만 그래도 내가 다닐만하다든지 다니고 싶다고 판단했던 대학들만 넣었기 때문에 반수욕구는 크게 들지 않고 아마도 무난히 대학생활 이어나갈 듯함 그런데 만약에 내가 담임말 듣고 저 아래 대학들을 넣었고 모종의 이유로 그 6지망을 다니게 됐다면 정말 하루하루가 지옥같았을거라고 감히 확신함 이렇듯 입시에 있어서 현실과 타협하는 것은 좋지만 너희의 꿈마저 버릴 이유는 없다고 생각한다 결국에는 행복하자고 하는 짓거린데 남 얘기만 들을 이유도 없다는 말임 6. 어쩌다 보니 참 얘기가 길어졌는데 이번 중간고사 열심히 공부해보고 설령 생각보다 잘 안나와도 긍지를 가지고 견디길 바란다 공부한다고 잠 줄이는게 제일 병신인게 내가 1학년 2학년 초까지 잠 ㅈㄴ 안자고 그랬더니 단어가 막 생각이 안나고 그러길래 무서워서 고2 말부터는 신생아급으로 취침했었음 그렇게 잘 거 다 자고 공부해도 괜찮으니까 학교에서나 자지 말고 수업부터 열심히 듣고 학원 다니길 바란다",동붕이 (211.234) 2026.02.28 12:19:24 스크랩 조회 1132 추천 44 댓글 3,44,1132,2026.02.28 12:19:24,https://gall.dcinside.com/mgallery/board/view/?id=dshighschool&no=6885&page=3
,6884,,[투표]교복 관련해서,"최근 이재명 (대통령) 은 가격이 비싸고 불편한 정장형 교복을 점차 폐지 하고, 생활형 교복·체육복 등 편한 교복으로 전환 하는 방안을 추진하겠다는 입장을 밝혔습니다. 이에 따라 정부는 정장형 중심 교복 구조를 개선하고 품목을 간소화하며학생 생활에 맞는 교복 문화를 유도할 방침입니다. 실제로 서울 소재 중·고등학교의 경우 , 이미 대부분의 학교가 정장형 + 생활복을 병행 하고 있으며 정장형 교복만 허용하는 학교는 약 7%에 불과 한 것으로 나타났습니다. 다만, 최은옥 교육부 차관 은 “어떤 교복을 할 것이냐는 학교 구성원들이 운영위원회를 통해 결정하는 것 ” 이라며, 정부가 일률적으로 정장형 교복을 없애는 것은 바람직하지 않다고 밝혔습니다. 그러면서도 “정부가 권고하면 생활복 위주로 갈 수 있을 것 ” 이라고 덧붙였습니다. 즉, 결정권은 학교에 있고 , 그 판단의 근거가 될 학생 의견이 중요해진 상황 입니다. 그래서 동성고 학생들의 생각을 먼저 정리해보고자 투표를 엽니다. 그리고 여기 투표에 따라서 우리 학생들의 의견을 존경하는 선생님들께 안건을 올릴 예정입니다. 참고 반팔 와이셔츠는 이미 필수 구매 품목 후드·점퍼 등 간편복은 이미 학생들이 일상적으로 착용 중 이번 투표는 “무질서”가 아니라 교복 체계를 어떻게 정리할지에 대한 방향성 논의 입니다. 각 선택지에 대한 이유·경험·우려 자유롭게 댓글로 남겨주세요.",다시만난세계 (211.248) 2026.02.27 14:15:49 스크랩 조회 343 추천 3 댓글 4,3,343,2026.02.27 14:15:49,https://gall.dcinside.com/mgallery/board/view/?id=dshighschool&no=6884&page=3
,6882,,행수 영어 생기부,한줄썼는데 교육청 찌르면 바꿔줌?,동붕이 (211.234) 2026.02.26 23:19:58 스크랩 조회 343 추천 2 댓글 1,2,343,2026.02.26 23:19:58,https://gall.dcinside.com/mgallery/board/view/?id=dshighschool&no=6882&page=3
,6881,,고3 확률과통계 1년짜리 과목인가요?,고3 확통 1년동안 배우나요 아님 한 학기에 끝내나요 아시는 분 댓글 좀,동붕이 (211.104) 2026.02.26 21:54:03 스크랩 조회 219 추천 0 댓글 1,0,219,2026.02.26 21:54:03,https://gall.dcinside.com/mgallery/board/view/?id=dshighschool&no=6881&page=3
,6879,,동성고 인문중점학급,인문중점반 가려고 하는데 거기 어때요? - dc official App,VVzv 2026.02.25 11:10:07 스크랩 조회 341 추천 1 댓글 3,1,341,2026.02.25 11:10:07,https://gall.dcinside.com/mgallery/board/view/?id=dshighschool&no=6879&page=3
,6878,,샛별인재<<<이거 효용 있는거 맞냐?,걍 저거 할 시간에 수능공부 하면 안되는 거임?,ㅇㅇ (211.241) 2026.02.21 03:08:15 스크랩 조회 415 추천 1 댓글 1,1,415,2026.02.21 03:08:15,https://gall.dcinside.com/mgallery/board/view/?id=dshighschool&no=6878&page=3
,6877,,빨터,신입생인데 빨터좀 알려줘라  기숙사에 들어가기전펴야함,동붕이 (211.235) 2026.02.20 20:38:58 스크랩 조회 430 추천 9 댓글 2,9,430,2026.02.20 20:38:58,https://gall.dcinside.com/mgallery/board/view/?id=dshighschool&no=6877&page=3
,6876,,예아 동성고 들어가는 신입이다,여기는 나같은 쿠박이들 있노? - dc official App,ㅇㅇ (211.58) 2026.02.20 15:51:10 스크랩 조회 466 추천 2 댓글 2,2,466,2026.02.20 15:51:10,https://gall.dcinside.com/mgallery/board/view/?id=dshighschool&no=6876&page=3
,6875,,이번에 기숙사들어가는 1학년인데,딸쳐도됨?,동붕이 (211.234) 2026.02.19 09:08:22 스크랩 조회 398 추천 3 댓글 3,3,398,2026.02.19 09:08:22,https://gall.dcinside.com/mgallery/board/view/?id=dshighschool&no=6875&page=3
,6874,,허석훈 루카 신부님,"먼저, 허석훈 루카 신부님의 동성고등학교 교장 부임을 기쁜 마음으로 축하드립니다. 허 석훈 루카 우리 신부님 석 류알처럼 깊고 단단한 지혜의 말씀으로 훈 훈한 신뢰의 학교를 세우시는 교장신부님 신 념과 사랑으로 배움을 이끄시고 부 드러운 권위로 사람을 먼저 품으시는 님 향한 존경이 교정에 가득합니다 동 트는 아침마다 동성고등학교에 성 장의 숨결이 흐르고 고 요히 그러나 분명하게 기준을 세우는 등 불 같은 교장 신부님 학 생의 가능성을 믿고 교 실마다 희망을 심으며 장 차게 미래를 준비하는 부 임의 이 순간이 축복의 씨앗이 되어 임 무는 사명이 되고 축 복받은 동성의 학생들 하 루 또 하루 배움으로 봉헌하며 합 하여 선을 이루는 공동체 되어 니 (님) 배움으로 연결되어 함께 성장하는 우리 다 함께 앞으로 나아갑니다",동붕이 (61.97) 2026.02.17 14:44:15 스크랩 조회 688 추천 17 댓글 0,17,688,2026.02.17 14:44:15,https://gall.dcinside.com/mgallery/board/view/?id=dshighschool&no=6874&page=3
,6872,,밑글,성희롱 댓글 적은놈 캡땄으니깐 덜덜이 해라 ㅋㅋ 통피도 아니고 집피로 성희롱 댓글적네,동붕이 (121.129) 2026.02.17 08:34:34 스크랩 조회 347 추천 6 댓글 1,6,347,2026.02.17 08:34:34,https://gall.dcinside.com/mgallery/board/view/?id=dshighschool&no=6872&page=3
,6871,,동성고,김ㅈ원쌤 어떤가요 - dc official App,ㅇㅇ (211.108) 2026.02.13 18:46:44 스크랩 조회 560 추천 2 댓글 2,2,560,2026.02.13 18:46:44,https://gall.dcinside.com/mgallery/board/view/?id=dshighschool&no=6871&page=3
,6869,,동붕이 유튜브 개설ㄷㄷ,ㅈㄱㄴ - dc official App,동붕이 (106.101) 2026.02.08 15:19:39 스크랩 조회 455 추천 2 댓글 0,2,455,2026.02.08 15:19:39,https://gall.dcinside.com/mgallery/board/view/?id=dshighschool&no=6869&page=3
,6867,,한아름썜이 3-9 담임이라고?,ㅇㄸ지 알려주라 종례 빨리 끝내주면 걍 고튼데,동붕이 (220.75) 2026.02.07 09:30:38 스크랩 조회 646 추천 1 댓글 8,1,646,2026.02.07 09:30:38,https://gall.dcinside.com/mgallery/board/view/?id=dshighschool&no=6867&page=3
,6866,,전교회장 공약,전교회장 공약에 진짜 구기대회 넣어라 3학년들이 진짜 다 뽑는다 ㅇㅇ,동붕이 (175.214) 2026.02.05 19:34:12 스크랩 조회 456 추천 12 댓글 0,12,456,2026.02.05 19:34:12,https://gall.dcinside.com/mgallery/board/view/?id=dshighschool&no=6866&page=3
,6865,,3-9담임ㄴㄱ임?,초롬인가,동붕이 (27.164) 2026.02.05 15:42:43 스크랩 조회 347 추천 1 댓글 1,1,347,2026.02.05 15:42:43,https://gall.dcinside.com/mgallery/board/view/?id=dshighschool&no=6865&page=3
,6864,,보승회관,[Web발신] 너는나를존중해야한다나는피아제와수많은뇌물을 받았으며2009부엉이바위에서이몸을이끌고운지를했고동시에응디시티최다운지자또한대대한민국역최최MC이자523번이나피아제를차지한국정원의상징이다또한523세의나이에도부엉이바위에서최다운지를기록하고봉하마을에서523번연속운지기록하며내가세계최고임을증명해냈다은혜를모르는문재인과팬들은내가한국의골칫 덩이라며밀었지만내가세계최고이고내가한국보다위대하다는사실은바뀌지않는다내가국정원지하에간이유는문재인에대한자격지심아니라대통령자리에서이룰수있는모든것을 이루었기에MC계를정복하기위해간것이지단지피아제를위해서운지한것이아니다,노자신을알라 (211.234) 2026.02.05 08:33:13 스크랩 조회 415 추천 5 댓글 1,5,415,2026.02.05 08:33:13,https://gall.dcinside.com/mgallery/board/view/?id=dshighschool&no=6864&page=3
,6863,,3학년 담임 및 교과선생 떴다 참고해라,예아....,동붕이 (211.119) 2026.02.05 08:23:02 스크랩 조회 605 추천 7 댓글 4,7,605,2026.02.05 08:23:02,https://gall.dcinside.com/mgallery/board/view/?id=dshighschool&no=6863&page=3
,6862,,생기부 한줄에 악담,수야..... 내가 이래서 널 못끊어❤+ - dc official App,동붕이 (211.176) 2026.02.04 23:38:29 스크랩 조회 474 추천 9 댓글 0,9,474,2026.02.04 23:38:29,https://gall.dcinside.com/mgallery/board/view/?id=dshighschool&no=6862&page=3
,6861,,2학년 여자담임들,오지랖 ㅈ같이 넓네 물론 특정두반만 ㅋㅋ,ㅇㅇ (211.234) 2026.02.04 08:16:13 스크랩 조회 563 추천 4 댓글 0,4,563,2026.02.04 08:16:13,https://gall.dcinside.com/mgallery/board/view/?id=dshighschool&no=6861&page=3
,6860,,12학년,수업함? 시간표 있는사람 알려주세요,동붕이 (121.141) 2026.02.01 22:12:38 스크랩 조회 282 추천 0 댓글 0,0,282,2026.02.01 22:12:38,https://gall.dcinside.com/mgallery/board/view/?id=dshighschool&no=6860&page=3
,6859,,ㅅㅂ 집가는데 어떤 아줌마가 나보고,200억이 한푼두푼이냐면서 세금좀 착실히 납부하라네.. - dc official App,동붕이 (211.176) 2026.01.30 22:44:59 스크랩 조회 470 추천 3 댓글 1,3,470,2026.01.30 22:44:59,https://gall.dcinside.com/mgallery/board/view/?id=dshighschool&no=6859&page=3
,6857,,1학년들아 제발 전교회장 공약에 3학년 구기대회 좀 넣어줘,작년엔 3학년은 구기대회 안했던 것 같은데 이번년도에 3학년도 구기대회 진행하는걸 공약으로 넣으면 일단 3학년 200표는 먹고들어가는거다. 꼭 넣어줘 ㅎ,동붕이 (211.104) 2026.01.30 06:04:18 스크랩 조회 448 추천 15 댓글 4,15,448,2026.01.30 06:04:18,https://gall.dcinside.com/mgallery/board/view/?id=dshighschool&no=6857&page=3
,6856,,이번 동성고 이전. 난 좀 다르게 본다,3D로 본다 - dc official App,동붕이 (211.176) 2026.01.29 01:54:27 스크랩 조회 560 추천 8 댓글 1,8,560,2026.01.29 01:54:27,https://gall.dcinside.com/mgallery/board/view/?id=dshighschool&no=6856&page=3
,6853,,졸업식,졸업식 몇시에 시작인지 아는사람?,동붕이 (220.65) 2026.01.24 20:39:06 스크랩 조회 314 추천 0 댓글 1,0,314,2026.01.24 20:39:06,https://gall.dcinside.com/mgallery/board/view/?id=dshighschool&no=6853&page=3
,6855,,왕사슴가이즈 큰거 왔다,미리 바지 내린새끼둘 개추박고 나가라 - dc official App,행박사님을아세요 (211.234) 2026.01.29 01:38:21 스크랩 조회 607 추천 12 댓글 3,12,607,2026.01.29 01:38:21,https://gall.dcinside.com/mgallery/board/view/?id=dshighschool&no=6855&page=3
,6852,,행수 혼자 몰래 상담실에서 우노,도스 뜨레스 꽈트로!!!,동붕이 (211.176) 2026.01.22 23:02:42 스크랩 조회 744 추천 18 댓글 1,18,744,2026.01.22 23:02:42,https://gall.dcinside.com/mgallery/board/view/?id=dshighschool&no=6852&page=3
,6851,,행보찢,방학이라도 글은 써야징,동붕이 (211.234) 2026.01.20 11:27:03 스크랩 조회 380 추천 6 댓글 0,6,380,2026.01.20 11:27:03,https://gall.dcinside.com/mgallery/board/view/?id=dshighschool&no=6851&page=3
,6843,,유명모아이돌꼭지다깠다,들어온 새끼들 개추 박아라 - dc official App,행박사님을아세요 (211.234) 2026.01.01 14:03:23 스크랩 조회 664 추천 27 댓글 0,27,664,2026.01.01 14:03:23,https://gall.dcinside.com/mgallery/board/view/?id=dshighschool&no=6843&page=3
,6842,,3학년,담임 순위 점 - dc official App,동트체크 (121.135) 2026.01.01 11:48:08 스크랩 조회 394 추천 0 댓글 0,0,394,2026.01.01 11:48:08,https://gall.dcinside.com/mgallery/board/view/?id=dshighschool&no=6842&page=3
,6839,,주딱 06?,슬 넘겨주소. 입아프구로 두번말하게하지마오. - dc official App,동붕이 (211.176) 2025.12.31 00:33:49 스크랩 조회 407 추천 2 댓글 4,2,407,2025.12.31 00:33:49,https://gall.dcinside.com/mgallery/board/view/?id=dshighschool&no=6839&page=4
,6838,,좌빨 한국사 선생 아직있나,옛날에 자기가 쓴책 강매하고 거기서 시험문제내고 그랬었는데 문득 책장에 그 책이 보여서 궁금하네,동붕이 (175.123) 2025.12.30 20:26:35 스크랩 조회 729 추천 9 댓글 3,9,729,2025.12.30 20:26:35,https://gall.dcinside.com/mgallery/board/view/?id=dshighschool&no=6838&page=4
,6840,,2학년인데,3학년 선택과목 이제 못바꿈?,동붕이 (211.119) 2025.12.31 08:24:05 스크랩 조회 312 추천 0 댓글 0,0,312,2025.12.31 08:24:05,https://gall.dcinside.com/mgallery/board/view/?id=dshighschool&no=6840&page=4
,6841,,새복많,갤질 열심히 하고 분탕은 덜 치시고 새해복 많이 받으세요~,ehdakrof 2026.01.01 00:18:37 스크랩 조회 372 추천 7 댓글 1,7,372,2026.01.01 00:18:37,https://gall.dcinside.com/mgallery/board/view/?id=dshighschool&no=6841&page=4
,6835,,개씨바라,똥 싸고 물좀 처 내려라 ㅈ같노 ㅅㅂ,동붕이 (211.234) 2025.12.30 08:54:38 스크랩 조회 358 추천 5 댓글 2,5,358,2025.12.30 08:54:38,https://gall.dcinside.com/mgallery/board/view/?id=dshighschool&no=6835&page=4
,6834,,내보낼테면,내보내보라지 끼욧!!!!!!!!!!! - dc official App,동붕이 (211.119) 2025.12.30 08:13:53 스크랩 조회 246 추천 2 댓글 0,2,246,2025.12.30 08:13:53,https://gall.dcinside.com/mgallery/board/view/?id=dshighschool&no=6834&page=4
,6837,,연말 결산 학생회장햄 민심 뜯어보자,- dc official App,동붕이 (212.102) 2025.12.30 19:43:53 스크랩 조회 480 추천 13 댓글 2,13,480,2025.12.30 19:43:53,https://gall.dcinside.com/mgallery/board/view/?id=dshighschool&no=6837&page=4
,6836,,죄송합니다,이번년도 쌤한테 좀 많이 대들었던거 같은데 다음년도에는 안 대들게 사람 좀 건들지마 행수 다음은 없다? 한번 더 건들면 진짜 지옥이 뭔지 보여줄게 건드려봐 끼욧!!!!!! - dc official App,행박사님을아세요 (211.234) 2025.12.30 18:38:36 스크랩 조회 476 추천 13 댓글 1,13,476,2025.12.30 18:38:36,https://gall.dcinside.com/mgallery/board/view/?id=dshighschool&no=6836&page=4
,6830,,1월2일,ㄹㅇ로 6교시 하고 미사까지해요??,동붕이 (1.230) 2025.12.28 17:42:43 스크랩 조회 381 추천 0 댓글 3,0,381,2025.12.28 17:42:43,https://gall.dcinside.com/mgallery/board/view/?id=dshighschool&no=6830&page=4
,6829,,예아,대한민국 군대들 지금까지 뭐했노이기 심심하면 사람한테 형님형님형님 빽 나 국방장관이요 나 참모총장이요 그렇게 별들달고 마이크체크 (꺼드럭 꺼드럭) 하! 마이크 체크 (빵!) 마이크 체크! 마이크 체크! 우흥~ 딱! 나는 매일 검찰가는 버스 안에서 항상 ㅈㅇ 하고있는 ㅂ1ㅅ 대중 보곤해 하지만 부담스럽게 노무 딱딱해 보여 어떤 말도 붙일 자신이 없어 노무현은 괜찮아 그런 부담 갖지마 어짜피 양숙이는 문재인과 ㅅ1ㅅ 하는데 양심껏 너는 왜 아무말도 없을까 너에게 노가 정말 필요하다는 걸 알아 야 기분좋다! 넌 노무 진보적이야 내 ㅈ1ㅈ만 보고 내게 먼저 피아제 줄 그런 아내는 없어 나도 마찬가지야 딱 좋다!,보승회관 (219.240) 2025.12.27 18:38:55 스크랩 조회 458 추천 23 댓글 3,23,458,2025.12.27 18:38:55,https://gall.dcinside.com/mgallery/board/view/?id=dshighschool&no=6829&page=4
,6824,,동성고 내신 따기 어렵나요?,동성중에서 지원했는데 차이 심하나요?,동붕이 (211.119) 2025.12.24 09:29:49 스크랩 조회 425 추천 0 댓글 3,0,425,2025.12.24 09:29:49,https://gall.dcinside.com/mgallery/board/view/?id=dshighschool&no=6824&page=4
,6826,,동성고에 입학할 이들을 위하여-최종편-학교 활동 추천,"학교 활동 추천 너가 관심 없어도 공부하고 관련된 걸로 해라 아무리 문이과 통합이라고 해도 대학은 ' 전문형 인재 '를 원한다. 이과에 정보도 포함하였다. 동아리 -문과:경제경영반, 고전읽기반, 시사토론반, 국제수업교류 , 가톨릭학생회 -이과:과학기사 읽기반,과학독서반, 화학실험반, 성유천지(천체관측반), 물리와 문화, 발명연구반, 생물실험동아리, 에어플레인 , 생태환경연구반 -문이과 다 좋은 것: 수학사랑반, 수학원리연구반(3학년), 영어원서읽기, 통계반, 도서부, 책읽기반, 영어원서읽기 -체육: 국토사랑반, 멀티스포츠 연구반 -미술: 만화창작반, 미술반 -음악: 도로시 , 실용음악반, 가톨릭성가대 -메디컬: 보건의료반 TR -마찬가지다. 너가 관심 없어도 공부하고 관련된 걸로 해라. -문과: 경제토론, 국회를 움직이는 사람들, 소셜 임팩트 리빙랩의 혁신적인 사회 문제 해결의 장, 청소년 모의 유엔(Youth Model UnitedNations, YMUN) -이과: 공과 대학에 진학하면 어떤 공부를 하나, 지구시스템환경과학, 건축, 건축물 그리고 건축가, 영화에서 만나는 과학기술, 마인크래프트 속에서 지속가능한 도시개발의가치를 피워내는(블라썸)프로젝트 -메디컬: 보건의료 진로프로그램 -음악:GarageBand로 나의 음악 만들기(미디 음악 제작), 씽, 씽, 싱어송라이터, 음악감상과 세계여행,  미디음악 작곡의 세계 -미술: 어느 날 나에게로 미술이 들어왔다 -문이과 다 좋은 것:그려보는 기하 그래프, 1인1책 청소년작가 출판 프로젝트, 도서관에서 책읽기 샛별학술문예제 1학년과 2학년만 할 수 있다. 그림/운문 및 산문/논문/사진 이 세 파트로 나뉜다. 그림은 먼저 가톨릭적 인 그림으로 나가자. 그게 제일 점수 잘 받는다. 운문 및 산문은 자기 성찰, 자기 고백류의 글이 점수 잘 받는다. 논문은 1학년 때하는 것은 어렵다. 다만, 2학년 때 논문 작성하는 것을 권장한다. 논문은 교수 2인 이상에게 발표한다. 그게 힘든 점이니 팀을 꾸릴 떄는 발표 잘하는 사람이 나가서 하자. 사진은 설명이 길고 좋을 수록 점수를 더 받는다.(그래도 사진은 잘 찍어야 한다.) 점심시간 동성고등학교의 자랑인 듀오데침 오케스트라 를 하자. 동성고 축제 떄 공연을 2번쨰로 한다. 점심시간 떄 너는 공부를 안 할 것이다. 친구들하고 노는 것보다, 생기부에 한 자 더 채우는 것을 추천한다. 입시 성적이 상위 20%에 들면 일본의 서울시립대격인 조치대학 에 들어갈 수 있다. 일본어 자격증이 필요하지만, 게이오대, 와세다대와 동급인 곳이다. 등록금이 부담스러우면 난잔대를 전액 장학생으로 들어가는 것도 추천한다. 학교 활동 샛별인재 가 되자. 이 샛별인재가 되어서 주는 프로그램만 잘해도 여타 자사고 남부럽지 않게 대학에 갈 수 있다. 교수 초청특강을 참석하자. 대학에서 이거 하나만으로도 너를 좋게 본다.(즉, 너가 대학에서도 좋은 인재라는 것을 보여줄 수 있다.) 국토순례 현대고등학교(자율형사립고이자 압구정에 위치한 명문 남녀공학5대고)에서 가장 자랑하는 프로그램이 국토순례다. 졸업생 선배들도 많이 참가하니 선배들과 친해질 수도 있는 절호한 기회다. 독서포트폴리오 발표회 더 이상 대학에서 독서활동 안 본다고 독서를 게을리 하지말자. 1년동안 책 10권이상을 읽고 그 중에서 감명 깊게 읽은 책으로 발표를 하여 생기부에 적자 인문 사회 독서 토론 프로그램/자연 과학 독서 토론 프로그램 독서포트폴리오 발표회와 똑같은 논리다. 조간대 탐사, 지질 탐사 일반고에 이게 있는 프로그램이란 말인가? 우리 대동성이니 있는 프로그램이다. 돈이 든다는 것 빼면 최고의 프로그램이라 가히 칭찬할만하다. 이번편이 '동성고에 입학하고 싶은 이들을 위하여 또는 동성고에 입학할 이들을 위하여의 최종편 이다. 이떄까지 나의 글을 사랑해줘서 고마웠다. 다음부터는 새로운 글로 여러분과 소통하겠다.",다시만난세계 (211.248) 2025.12.25 17:53:15 스크랩 조회 853 추천 17 댓글 2,17,853,2025.12.25 17:53:15,https://gall.dcinside.com/mgallery/board/view/?id=dshighschool&no=6826&page=4
,6822,,3살때 부터 14살때까지 유도한 동성고 입학할학생인데요,태권도부 분들이랑 스파링 하고싶습니다.,동붕이 (116.32) 2025.12.23 20:35:46 스크랩 조회 345 추천 3 댓글 2,3,345,2025.12.23 20:35:46,https://gall.dcinside.com/mgallery/board/view/?id=dshighschool&no=6822&page=4
,6821,,후까시 쳐 빼라,도서부에 1학년 거북목 새끼 ㅈ가오 그만 잡고 다녀라 - dc official App,동붕이 (149.88) 2025.12.23 15:43:24 스크랩 조회 620 추천 12 댓글 13,12,620,2025.12.23 15:43:24,https://gall.dcinside.com/mgallery/board/view/?id=dshighschool&no=6821&page=4
,6819,,내가 싼 따끈따끈한 똥사진 올렸더니 차단먹었노,데이터로 올리면 그만이야~~끼욧!!,동붕이 (211.234) 2025.12.22 23:06:45 스크랩 조회 495 추천 13 댓글 1,13,495,2025.12.22 23:06:45,https://gall.dcinside.com/mgallery/board/view/?id=dshighschool&no=6819&page=4
,6816,,동성고에 입학할 이들을 위하여 6편-서울대 합격률,"출처: [단독] 2026서울대 수시최초 톱50 대원외/외대부 28명 ‘톱’.. 하나 대일외/명덕외/한영외 순 기자명 이상현 기자 입력 2025.12.12 17:28 수정 2025.12.16 08:44 호수 469 기준은 서울대 수시 '최초' 합격자입니다. 위 기사를 정리하여 작성하였습니다. 학교명 서울대 합격자 수 총 학생 수 학생 수 ÷ 3 서울대 합격률(%) 이 모두 포함되어 있고, 합격률 기준 내림차순 정렬 되어 있습니다. 여러분의 알 권리를 위하여 작성되었음을 인지하시길 바랍니다. 기사 첨부가 불가능하여 알아서 위 기사 제목으로 찾아보시길 바랍니다. 추천 '10'이 넘으면 최종편을 올리도록 하겠습니다.",다시만난세계 (211.248) 2025.12.20 13:29:15 스크랩 조회 753 추천 20 댓글 0,20,753,2025.12.20 13:29:15,https://gall.dcinside.com/mgallery/board/view/?id=dshighschool&no=6816&page=4
,6814,,동성고에 입학할 이들을 위하여 5편-학교 생활,"(참고로 현재는 동성고는 자율형 사립고가 아니다.) 아침(등교) 7시 45분전까지는 오자 여긴 중학교가 아니다. 미인정 지각이 얼마나 무서운 것인지 알 것이다. 핸드폰은 1학년 기준으로는 제출을 하는 반이 많을 것이다. 7시 55분부터 미인정 지각처리 다. 타 학교들보다도 빠른 시각이다. 유념하자. 아침에는 배움터지킴이 두분이 기쁘게 우릴 맞이 해주신다. 뒤에는 생활안전부 선생님이 계신다. 사복은 오직 아우터, 신발, 양말, 속옷만 허용된다. 목걸이 같은 악세사리는 천주교 관련 없으면 아니꼽게 보신다. 괜히 찍히지 말자. 우리학교는 중앙고같이 체육복을 입고 올 수 있는 학교가 아니다. 무조건 ' 교복 '이다. 여기서 교복이란 교복 셔츠, 교복 바지 이다. 두발 규정은 염색 절대 불가이다. 머리스타일은 장발이 가능하다. 다만, 레게머리를 하면 생활안전부 선생님들이 안 좋게 보신다. 아침식사를 교실에서는 하지 말자. 교우들과 선생님에게 냄새로 인한 피해를 준다.(당연히 벌레가 생기기에 위생환경도 안 좋아진다.) 점심 시간 11시 50분 3학년 식사 11시 55분 2학년 식사 12시 00분 1학년 식사 외부(운동장) 줄과 학년별로 식사를 할 수 있게 생활안전부 선생님이 감독하신다. 식사는 12시 5분부터 12시 15분 사이에 가는 것이 사람이 없어서 줄을 거의 안 서도 된다. 오면 깨달을 것이다. 친구들과 빨리 친해지기 위해서라도 식사는 다같이 하자. 사실 3학년들만큼 빨리 먹고 싶으면 '도서부원(매일)', '123기사읽기반 프로그램 신청자', '미사 및 성체조배생도(수,목)', '오케스트라 단원(매주 월요일 및 축제 2주전 매일)' 를 신청하자. 수업 시간 여기는 초등학교, 중학교가 아니다. 화장실과 정수기를 이용하고 싶으면 쉬는 시간을 이용하자. 질문은 쉬는 시간에 하자. 학우들의 쉬는 시간을 뺏지 않고 거의 1:1로 과외받듯이 질문이 가능하다.(특히 선생님들이 유능하셔서 그렇기도 하다) 수업에 집중하는 태도를 보이자. 그 태도가 여러분의 생활기록부의 태도가 된다. 기타 E알리미 대신에 리로스쿨 을 사용한다. 비밀번호를 잃어버리면 귀찮게 되니 따로 한 곳에 적어두자. WEE클래스에는 간식과 음료수가 많이 준비되어있다. 학교 생활에 어려움이 있으면 한 번씩 찾아가서 고민 상담을 해보자. 선생님께서 너희들을 따뜻하게 맞이해주실 것이다. 이번에는 추천 ' 15 '가 넘으면 동성고의 서울대 입학률 을 올리겠습니다. 읽어주셔서 감사합니다.",다시만난세계 (93.152) 2025.12.19 17:40:34 스크랩 조회 790 추천 23 댓글 10,23,790,2025.12.19 17:40:34,https://gall.dcinside.com/mgallery/board/view/?id=dshighschool&no=6814&page=4
,6813,,2025년 4년제 대기업 취업률,,대갤러 (223.39) 2025.12.18 17:52:41 스크랩 조회 288 추천 1 댓글 2,1,288,2025.12.18 17:52:41,https://gall.dcinside.com/mgallery/board/view/?id=dshighschool&no=6813&page=4
,6812,,답지올리라고씨발,좋은말로할떄올려라 욕하게하지마라,동붕이 (61.32) 2025.12.18 12:03:39 스크랩 조회 217 추천 0 댓글 0,0,217,2025.12.18 12:03:39,https://gall.dcinside.com/mgallery/board/view/?id=dshighschool&no=6812&page=4
,6810,,21,ㅣㅣ,동붕이 (211.119) 2025.12.17 21:01:16 스크랩 조회 350 추천 11 댓글 0,11,350,2025.12.17 21:01:16,https://gall.dcinside.com/mgallery/board/view/?id=dshighschool&no=6810&page=4
,6804,,수학 답 왜 안 올려주냐,앰갈죽 마렵노,동붕이 (220.72) 2025.12.16 22:03:39 스크랩 조회 200 추천 0 댓글 0,0,200,2025.12.16 22:03:39,https://gall.dcinside.com/mgallery/board/view/?id=dshighschool&no=6804&page=4
,6802,,아 기말ㅈ망진짜 야설쓰자,위에 보고 스는애 = (진짜 이상성욕 아님?) 이새끼 보고 스는애 = 노ㅇㅁ 왕자림? =뒤진년 차라? 언더테일? = ㄴㄱ매 아 ㅅ발 = 치워라 - dc official App,ㄴㄴ 2025.12.16 21:36:33 스크랩 조회 366 추천 2 댓글 2,2,366,2025.12.16 21:36:33,https://gall.dcinside.com/mgallery/board/view/?id=dshighschool&no=6802&page=4
,6801,,수학2 답 (최신),2 0 0 9 0 5 2 3 6 9 7 4 8 2 4 9 1 5 유빈에 탑재돼있더라 다들 참고하도록.,동붕이 (61.32) 2025.12.16 19:58:47 스크랩 조회 220 추천 1 댓글 0,1,220,2025.12.16 19:58:47,https://gall.dcinside.com/mgallery/board/view/?id=dshighschool&no=6801&page=4
,6800,,2학년 수학 답 나옴,13422 53211 34(23)55 42415,동붕이 (211.119) 2025.12.16 19:01:49 스크랩 조회 471 추천 14 댓글 3,14,471,2025.12.16 19:01:49,https://gall.dcinside.com/mgallery/board/view/?id=dshighschool&no=6800&page=4
,6799,,수학,답지 좀 올려 어디 ㅈ동성 아니랄까봐 - dc official App,동트체크 (211.108) 2025.12.16 17:22:07 스크랩 조회 159 추천 4 댓글 0,4,159,2025.12.16 17:22:07,https://gall.dcinside.com/mgallery/board/view/?id=dshighschool&no=6799&page=4
,6798,,승륜아 보고있는거 안다.,답지 올리다가 뒤졌냐 - dc official App,동붕이 (211.211) 2025.12.16 10:12:08 스크랩 조회 356 추천 4 댓글 2,4,356,2025.12.16 10:12:08,https://gall.dcinside.com/mgallery/board/view/?id=dshighschool&no=6798&page=4
,6797,,성철아 보고있는거 안다.,답지올려라. 두번말하게하지마라. - dc official App,동붕이 (223.38) 2025.12.15 18:33:33 스크랩 조회 303 추천 2 댓글 1,2,303,2025.12.15 18:33:33,https://gall.dcinside.com/mgallery/board/view/?id=dshighschool&no=6797&page=4
,6796,,지금 물리 시험중인데,밖에서 누가 소리지르냐 2-1김행*인듯,동붕이 (211.234) 2025.12.15 08:07:57 스크랩 조회 327 추천 8 댓글 0,8,327,2025.12.15 08:07:57,https://gall.dcinside.com/mgallery/board/view/?id=dshighschool&no=6796&page=4
,6794,,나는 운지뛰어,마치 노무현,동붕이 (220.72) 2025.12.12 23:51:18 스크랩 조회 230 추천 3 댓글 0,3,230,2025.12.12 23:51:18,https://gall.dcinside.com/mgallery/board/view/?id=dshighschool&no=6794&page=4
,6793,,이런 %씨,발 장애같운 기말 딱대라,동붕이 (211.119) 2025.12.12 22:21:22 스크랩 조회 199 추천 1 댓글 0,1,199,2025.12.12 22:21:22,https://gall.dcinside.com/mgallery/board/view/?id=dshighschool&no=6793&page=4
,6792,,졸업사진 떴노,,동붕이 (211.119) 2025.12.12 14:11:09 스크랩 조회 544 추천 18 댓글 3,18,544,2025.12.12 14:11:09,https://gall.dcinside.com/mgallery/board/view/?id=dshighschool&no=6792&page=4
,6791,,느그들 미래,끼요옷!!!!!! - dc official App,동붕이 (211.119) 2025.12.12 13:24:08 스크랩 조회 401 추천 8 댓글 0,8,401,2025.12.12 13:24:08,https://gall.dcinside.com/mgallery/board/view/?id=dshighschool&no=6791&page=4
,6790,,2-7 반에서 제타하는 엠갈죽년 누구노,이제 나 더는 안참아 끼욧!!!!,동붕이 (211.119) 2025.12.12 10:10:24 스크랩 조회 481 추천 9 댓글 3,9,481,2025.12.12 10:10:24,https://gall.dcinside.com/mgallery/board/view/?id=dshighschool&no=6790&page=4
,6789,,동성고에 입학할 이들을 위하여 4편-장학금,"2024년도에는 318명에게 총 1억 5천여만원의 장학금이 지원되었습니다. 장학혜택은 학생 뿐만 아니라 학생들이 졸업 후에도 사회에서 Humane Leader로 선한 영향을 미치며 살아감에 큰 힘이 될 것입니다. 일반고 기준 최고 수준의 장학금 연간 1억 9천9백만원/태권도 선수를 위한 장학금은 별도/(여기 기재된 장학금은 2026학년도에 변경될 수 있음.)/이번에는 '추천' 5 가 넘으면 동성오면 꼭 해야하는 활동들을 알려드리겠습니다. 많은 추천 부탁드립니다. 구  분 학생 1인당 발전기금 종로구 147,537 서울특별시 90,133 전국 55,308 1. 전 학년 공통 장학금 1) 성적우수 장학금(1학년은 2학기부터 지급) 구분 금액 선발기준 지급 시기 성적우수 A 250,000 이전 학기 종합성적 50%와 이전 학기 모의고사 성적 50%의 총합 석차 1~4위 1학기 4월 2학기 9월 성적우수 B 150,000 이전 학기 종합성적 50%와 이전 학기 모의고사 성적 50%의 총합 석차 5~12위 성적우수 C 100,000 이전 학기 종합성적 50%와 이전 학기 모의고사 성적 50%의 총합 석차 13~24위 2) 성적 향상 장학금 구분 금액 선발기준 지급 시기 성적향상 A 150,000 전 학기 대비 내신 종합 평균 등급 2.0~2.49 향상 1학기 4월 2학기 9월 성적향상 B 100.000 전 학기 대비 내신 종합 평균 등급 1.5~1.99 향상 성적향상 C 50,000 전 학기 대비 내신 종합 평균 등급 1.0~1.49 향상 3) 기숙사 장학금 구분 금액 선발기준 지급 시기 기숙사 장학금 A 기숙사비 70% 기숙사 학생 중 이전 학기 내신 종합석차 1위, 2위인 학생 (종합석차 10% 이내) 기숙사 별도 지정 기숙사 장학금 B 기숙사비 50% 기숙사 학생 중 이전 학기 내신 종합석차 3위, 4위인 학생 (종합석차 20% 이내) 기숙사 장학금 C 기숙사비 30% 기숙사 학생 중 이전 학기 내신 종합석차 5위, 6위인 학생 (종합석차 40% 이내) 4) 사랑 장학금 구분 금액 선발기준 선발인원 지급 시기 사랑 장학금 100,000 1학년 1학기 중학교 내신 50%와 진단고사 50%의 총합석차 7∽70위에 해당하며 학교생활에 모범적인 학생 [1학기 지급 인원] 1학년: 6명, 2·3학년: 각 7명 [2학기 지급 인원] 1·2학년: 각 7명, 3학년: 6명 1학기 4월 2학기 9월 1학년 2학기, 2·3학년 내신 종합석차 70위 이내에 해당하며 학교생활에 모범적인 학생 5) 피스메이커스 기숙사 장학금 구분 금액 선발기준 장학금 한도액 기숙사 장학금 기숙사비 80% 중위 소득 60% 이하, 종합 석차 80% 이내 5,000만 원 기숙사 긴급복지 장학금 기숙사비 80% 담임 추천, 종합 석차 80% 이내 형제 장학금 기숙사비 30% 형제가 기숙사 입소 1,000만 원 ※ 단, 기숙사 장학금 및 긴급복지 장학금은 2024학년도에 해당자가 많으면 총예산 5천만 원 한도에서 균등 지급한다. 형제장학금도 수혜자가 많은 경우 1천만 원 한도에서 균등 지급한다 6) 외부장학금 신제 장학금(Humane Leader상 수상자 18명 외 기숙사 성적향상 대상자), 이 스테파노 장학금(3명), 유영장학금(1명), 선동열 장학금(1명), 도서부 장학회 장학금 등이 있으며, 담임교사의 추천을 받은 학생들 중에서 선정하거나 해당 장학금의 지정 기준에 따름. 2. 1학년(2025 입학) 장학금 1) 입학성적장학금 구분 금액 선발기준 지급시기 입학성적장학금 500,000 중학교 내신 50%와 진단고사 50%의 총합석차 1∽6위 ※단, 중학교 내신 미제출자와 진단고사 미응시자는 제외함 4월",다시만난세계 (61.97) 2025.12.11 22:59:18 스크랩 조회 491 추천 12 댓글 0,12,491,2025.12.11 22:59:18,https://gall.dcinside.com/mgallery/board/view/?id=dshighschool&no=6789&page=4
,6788,,레전드 폭유짤 달린다.......,지금 뭐하시는 겁니까? 스스로가 한심하다는 생각은 안 드십니까? 하지만 이 문재인 당신을 포기하지 않습니다 왜냐하면 당신도 제 '국민'이니까요,동붕이 (211.176) 2025.12.10 13:06:35 스크랩 조회 585 추천 9 댓글 0,9,585,2025.12.10 13:06:35,https://gall.dcinside.com/mgallery/board/view/?id=dshighschool&no=6788&page=4
,6787,,서울우유 폭,유발견 레전드 뱅송 - dc official App,동트체크 (211.205) 2025.12.09 23:43:14 스크랩 조회 277 추천 4 댓글 0,4,277,2025.12.09 23:43:14,https://gall.dcinside.com/mgallery/board/view/?id=dshighschool&no=6787&page=4
,6786,,동성고에 입학할 이들을 위하여 3편-동아리,"동아리 목록: 1. 국어/문학 관련 동아리 언어 구사 능력, 독해력, 문학적 감수성, 논리적 사고 등을 기를 수 있는 동아리입니다. 다독다독(고전읽기반) 도서부-(점심을 일찍 먹을 수 있다는 장점이 있습니다.) 인문학필사 책읽기반 연극반 2. 영어 관련 동아리 영어 독해력, 어휘력, 문화 이해 등을 향상시킬 수 있는 동아리입니다. 영어원서읽기 국제교류수업-(해외 학교 학생들과 만날 수 있는 기회가 있습니다.) 3. 수학 관련 동아리 수학적 사고력, 문제 해결 능력, 논리력 등을 발달시킬 수 있는 동아리입니다. 수학사랑반 수학원리연구반 통계반 4. 과학 관련 동아리 (물리, 화학, 생명과학, 지구과학 등) 과학적 탐구 능력, 실험 능력, 환경 및 생명에 대한 이해를 높일 수 있는 동아리입니다. 과학기사 읽기반 과학독서반 물리와 문화 발명연구반 생물실험동아리 생태환경 연구반 화학실험반 성유천지(천체관측반) 5. 사회/경제 관련 동아리 (역사, 지리, 경제, 사회문화, 윤리 등) 사회 현상에 대한 이해, 비판적 사고, 경제 원리 등을 배울 수 있는 동아리입니다. 경제경영반 국토사랑 박물관답사반 시사토론반 역사여행반 우리마을생태문화 산책 동아리 6. 예체능 관련 동아리 (음악, 미술, 체육) 신체 활동, 예술적 표현 능력, 창의력 등을 개발할 수 있는 동아리입니다. 음악 도로시(밴드부) 실용음악반 클래식 음악 감상반 조용한 영화 산책 미술/디자인 만화창작반 미술반 젠탱글반 체육 농구반 당구반 배드민턴 볼링반 수영반 자전거반 축구반 태권도(선수) 테니스반 멀티스포츠 연구반 7. 종교 및 정신수 관련 동아리 신앙 활동, 봉사, 명상 등을 통해 인성 및 정신적 성장을 도모하는 동아리입니다. 가톨릭 연합 성가대 가톨릭학생회 레지오 명상수련반 전례부 8. 정보 관련 동아리 에어플레인 9. 기타 동아리 방송반 보건의료반 체스반 학년별로는 정리하지 않았습니다. 이번에도 '추천' 수는 10 이 넘어가면 다음에는 장학금 정보로 돌아오겠습니다.",다시만난세계 (93.152) 2025.12.09 21:45:25 스크랩 조회 652 추천 24 댓글 1,24,652,2025.12.09 21:45:25,https://gall.dcinside.com/mgallery/board/view/?id=dshighschool&no=6786&page=4
,6785,,내가 동성고 ㅈㅈ왕!,나는 야추왕!,동붕이 (211.119) 2025.12.09 11:37:09 스크랩 조회 345 추천 1 댓글 0,1,345,2025.12.09 11:37:09,https://gall.dcinside.com/mgallery/board/view/?id=dshighschool&no=6785&page=4
,6783,,2-1 자폐고아년 갤꺼라,뒤지기싫으면 메뚜기년아,동붕이 (211.119) 2025.12.09 11:25:30 스크랩 조회 281 추천 3 댓글 0,3,281,2025.12.09 11:25:30,https://gall.dcinside.com/mgallery/board/view/?id=dshighschool&no=6783&page=4
,6781,,태권도부 어떠나요?,태권도4단 자랑스러운 서울동성고에 들어가 태권도를 하고싶은데요,동붕이 (116.32) 2025.12.08 17:11:17 스크랩 조회 360 추천 1 댓글 3,1,360,2025.12.08 17:11:17,https://gall.dcinside.com/mgallery/board/view/?id=dshighschool&no=6781&page=4
,6780,,개교기념일 시발,이런건 미리미리 알려줘야지 혜화 찍고왔노,동붕이 (211.234) 2025.12.08 09:25:12 스크랩 조회 334 추천 9 댓글 1,9,334,2025.12.08 09:25:12,https://gall.dcinside.com/mgallery/board/view/?id=dshighschool&no=6780&page=4
,6778,,너무 많은 사람들에게 신세를 졌다......,"너무 많은 사람들에게 신세를 졌다 나로 말미암아 여러 사람이 받은 고통이 너무 크다. 앞으로 받을 고통도 헤아릴 수가 없다. 여생도 남에게 짐이 될 일 밖에 없다. 건강이 좋지 않아서 아무 것도 할 수가 없다. 책을 읽을 수도 글을 쓸 수도 없다. 너무 슬퍼하지 마라. 삶과 죽음이 모두 자연의 한 조각 아니겠는가? <section class=""advertisment"" style=""box-sizing: inherit;""></section> 미안해하지 마라. 누구도 원망하지 마라. 운명이다. 화장해라. 그리고 집 가까운 곳에 아주 작은 비석 하나만 남겨라 오래된 생각이다.",동붕이 (220.72) 2025.12.07 22:35:46 스크랩 조회 305 추천 6 댓글 0,6,305,2025.12.07 22:35:46,https://gall.dcinside.com/mgallery/board/view/?id=dshighschool&no=6778&page=4
,6776,,섹x운x발x,섹스운지발기,동붕이 (220.72) 2025.12.07 02:52:17 스크랩 조회 422 추천 10 댓글 2,10,422,2025.12.07 02:52:17,https://gall.dcinside.com/mgallery/board/view/?id=dshighschool&no=6776&page=4
,6774,,동성고에 입학하고 싶은 이들을 위하여 1편-동성고 순위 정리표,2022년부터 2025년까지는 학교알리미에서 제공하는 고등학교 학업성취도를 재가공하였습니다. 2009년부터 2018년(2017년 제외)은 서울대 합격자수 순위도를 면밀히 조사하여 매겨진 순위를 기록했습니다. 2017년 자료는 중앙일보 고등학교 순위도에서 가져왔습니다. 다음 자료를 위해서라도 '추천' 눌러주시길 바랍니다. 감사합니다.,다시만난세계 (118.235) 2025.12.04 18:56:07 스크랩 조회 725 추천 22 댓글 2,22,725,2025.12.04 18:56:07,https://gall.dcinside.com/mgallery/board/view/?id=dshighschool&no=6774&page=4
,6773,,이시,발 응,동붕이 (211.119) 2025.12.04 09:41:18 스크랩 조회 172 추천 0 댓글 0,0,172,2025.12.04 09:41:18,https://gall.dcinside.com/mgallery/board/view/?id=dshighschool&no=6773&page=4
,6772,,2학년인데 선택과목 질문 좀,심화국어랑 영어는 대체 뭐 위주로 수업하는거? 신청해놓고도 모르겠노 국어는 걍 모고 풀게한다는 썰도 있던데 - dc official App,동붕이 (211.119) 2025.12.04 08:25:40 스크랩 조회 205 추천 1 댓글 0,1,205,2025.12.04 08:25:40,https://gall.dcinside.com/mgallery/board/view/?id=dshighschool&no=6772&page=4
,6771,,동성고 태권도부 있는걸로 알고있습니다. 질문입니다,혹시 동성고 진학하면 체육시간때 태권도 배우나요?,동붕이 (106.101) 2025.12.03 23:32:26 스크랩 조회 316 추천 0 댓글 1,0,316,2025.12.03 23:32:26,https://gall.dcinside.com/mgallery/board/view/?id=dshighschool&no=6771&page=4
,6770,,근데,행나무 요즘 좀 나아지지 않았나..?,동붕이 (211.235) 2025.12.03 19:20:04 스크랩 조회 213 추천 1 댓글 1,1,213,2025.12.03 19:20:04,https://gall.dcinside.com/mgallery/board/view/?id=dshighschool&no=6770&page=4
,6767,,동성고 지원한 중3입니다,동성고 정말 어떤가요? 동성고가 경신고 보다 낫나요? 면학 분위기나 쌤들은 어떤가요 동성고 시험이 진짜ㅈㄴ 어렵다는데 진짠가요.? 아 그리고 거기 학교에서 성당 같은 곳 자주 가나요..?,동붕이 (121.160) 2025.12.02 21:38:24 스크랩 조회 463 추천 0 댓글 5,0,463,2025.12.02 21:38:24,https://gall.dcinside.com/mgallery/board/view/?id=dshighschool&no=6767&page=4
,6766,,코끼리 똥 사진 올려줄 사람,나도 구경할래,동붕이 (223.38) 2025.12.02 20:16:47 스크랩 조회 217 추천 1 댓글 0,1,217,2025.12.02 20:16:47,https://gall.dcinside.com/mgallery/board/view/?id=dshighschool&no=6766&page=4
,6765,,오늘자 현금 도난,어 그래 14만원 난데 어디 잡을테면 잡아보라지 끼욧~~!!!,동붕이 (211.119) 2025.12.02 14:48:09 스크랩 조회 456 추천 18 댓글 1,18,456,2025.12.02 14:48:09,https://gall.dcinside.com/mgallery/board/view/?id=dshighschool&no=6765&page=5
,6762,,꼬끼리똥 모자이크 했는데도 내려가네,원본 궁금하면 2-6사까시 찾아와 2-1김행*도 원본있음,동붕이 (211.234) 2025.12.02 08:16:52 스크랩 조회 229 추천 2 댓글 0,2,229,2025.12.02 08:16:52,https://gall.dcinside.com/mgallery/board/view/?id=dshighschool&no=6762&page=5
,6763,,개시발화장실변기,앰창 신발벗어놓은줄알았노 - dc official App,동붕이 (211.119) 2025.12.02 09:24:30 스크랩 조회 251 추천 3 댓글 0,3,251,2025.12.02 09:24:30,https://gall.dcinside.com/mgallery/board/view/?id=dshighschool&no=6763&page=5
,6764,,사실 그 똥 내가 쌌다…,행수보고 못 참고 지려버렸으~,동붕이 (211.119) 2025.12.02 13:23:56 스크랩 조회 257 추천 2 댓글 0,2,257,2025.12.02 13:23:56,https://gall.dcinside.com/mgallery/board/view/?id=dshighschool&no=6764&page=5
,6760,,내가 봤을땐….,2년동안 똥 원기옥 모은거 아니면 장담 모한다 - dc official App,동트체크 (223.38) 2025.12.02 08:11:45 스크랩 조회 189 추천 1 댓글 0,1,189,2025.12.02 08:11:45,https://gall.dcinside.com/mgallery/board/view/?id=dshighschool&no=6760&page=5
,6758,,코끼리똥 게시물 왜 내려,또 내리면 찢어죽인다,동붕이 (211.234) 2025.12.02 08:10:04 스크랩 조회 205 추천 3 댓글 0,3,205,2025.12.02 08:10:04,https://gall.dcinside.com/mgallery/board/view/?id=dshighschool&no=6758&page=5
,6756,,사실 우리는 모두 행수를 좋아하는게 아닐까,다들 싫어하는척 하면서 내심 좋아하는게 티나는듯 ㅇㅇ - dc official App,동붕이 (211.119) 2025.12.01 11:37:54 스크랩 조회 431 추천 9 댓글 2,9,431,2025.12.01 11:37:54,https://gall.dcinside.com/mgallery/board/view/?id=dshighschool&no=6756&page=5
,6755,,동성고 기숙사 들어가기 많이 빡세나요?,?,동붕이 (116.32) 2025.11.29 13:12:34 스크랩 조회 366 추천 0 댓글 2,0,366,2025.11.29 13:12:34,https://gall.dcinside.com/mgallery/board/view/?id=dshighschool&no=6755&page=5
,6754,,우리갤은 왜 디시콘 없음,자사고시절 오래된거밖에 없는데 누가 좀 만들어봐라,ehdakrof 2025.11.29 00:29:34 스크랩 조회 337 추천 3 댓글 5,3,337,2025.11.29 00:29:34,https://gall.dcinside.com/mgallery/board/view/?id=dshighschool&no=6754&page=5
,6753,,잘~ 놀다             갑니다,"1,3학년 닉값 재밌었다 이제 어딜가냐니 동성은 4년제 잖아??? 시대 강대 독재 ㄹㅊㄱ~",관종씹덕 2025.11.28 18:30:45 스크랩 조회 466 추천 9 댓글 2,9,466,2025.11.28 18:30:45,https://gall.dcinside.com/mgallery/board/view/?id=dshighschool&no=6753&page=5
,6752,,예아,행수한태 리스테린 배달 하나 해도 괜찮겠십니까 - dc official App,동붕이 (211.234) 2025.11.28 12:53:59 스크랩 조회 259 추천 3 댓글 1,3,259,2025.11.28 12:53:59,https://gall.dcinside.com/mgallery/board/view/?id=dshighschool&no=6752&page=5
,6751,,근하하하,아 목정자,동붕이 (211.119) 2025.11.27 09:12:40 스크랩 조회 192 추천 1 댓글 0,1,192,2025.11.27 09:12:40,https://gall.dcinside.com/mgallery/board/view/?id=dshighschool&no=6751&page=5
,6750,,나는 세자입니다.,모르면 엎어 새끼들아,동붕이 (116.37) 2025.11.27 06:26:20 스크랩 조회 212 추천 1 댓글 0,1,212,2025.11.27 06:26:20,https://gall.dcinside.com/mgallery/board/view/?id=dshighschool&no=6750&page=5
,6749,,하,교복 요즘 잠잠해졌다가 다시 또 지랄하네 즉당히 좀 잡자^^^ - dc official App,동트체크 (211.205) 2025.11.27 01:56:30 스크랩 조회 192 추천 2 댓글 1,2,192,2025.11.27 01:56:30,https://gall.dcinside.com/mgallery/board/view/?id=dshighschool&no=6749&page=5
,6748,,글좀 올려라 뒤지기싫으면,찢어죽이기전에,동붕이 (220.72) 2025.11.26 14:26:46 스크랩 조회 245 추천 4 댓글 1,4,245,2025.11.26 14:26:46,https://gall.dcinside.com/mgallery/board/view/?id=dshighschool&no=6748&page=5
,6747,,아무나,행수한테 리스테린 좀 사다주면 안됨? 어떻게 사람새끼가 10m 뒤에 있어도 아가리똥내가 나 - dc official App,동트체크 (211.205) 2025.11.25 22:41:19 스크랩 조회 310 추천 9 댓글 1,9,310,2025.11.25 22:41:19,https://gall.dcinside.com/mgallery/board/view/?id=dshighschool&no=6747&page=5
,6746,,학생회 스탠바이,스탠바이래서 바지내렸는데 좆같은 눈으로 쳐다본 1학년들 다 집합 - dc official App,동붕이 (106.101) 2025.11.21 14:06:21 스크랩 조회 380 추천 2 댓글 0,2,380,2025.11.21 14:06:21,https://gall.dcinside.com/mgallery/board/view/?id=dshighschool&no=6746&page=5
,6745,,차력거인,입 존나 싸노,동붕이 (211.119) 2025.11.21 13:33:00 스크랩 조회 406 추천 1 댓글 1,1,406,2025.11.21 13:33:00,https://gall.dcinside.com/mgallery/board/view/?id=dshighschool&no=6745&page=5
,6743,,동성제 포스터,배리나면 닥전인데 카리나라 고민좀 해봐야할듯,동붕이 (211.119) 2025.11.19 11:36:12 스크랩 조회 593 추천 18 댓글 0,18,593,2025.11.19 11:36:12,https://gall.dcinside.com/mgallery/board/view/?id=dshighschool&no=6743&page=5
,6742,,동성제 다 뒤졋다,여자들 다 기대해라^^ 오빠가 다 꼬실게~,동붕이 (121.128) 2025.11.18 22:08:22 스크랩 조회 413 추천 2 댓글 1,2,413,2025.11.18 22:08:22,https://gall.dcinside.com/mgallery/board/view/?id=dshighschool&no=6742&page=5
,6741,,방화범 난데,잡을수있으면 잡아보라지 끼욧!! 참고로 나 행수 아니다,동붕이 (89.45) 2025.11.17 17:13:42 스크랩 조회 451 추천 3 댓글 3,3,451,2025.11.17 17:13:42,https://gall.dcinside.com/mgallery/board/view/?id=dshighschool&no=6741&page=5
,6740,,3학년들 수능 고사장 어디 걸림?,존나 멀리 받을 수도 있다는데 진짜인가,동붕이 (175.198) 2025.11.13 20:58:40 스크랩 조회 367 추천 2 댓글 1,2,367,2025.11.13 20:58:40,https://gall.dcinside.com/mgallery/board/view/?id=dshighschool&no=6740&page=5
,6739,,수능 좆된 동붕이들만 들어와봐 :),ㅋㅋㅋㅋㅋㅋㅋㅋㅋㅋㅋㅋㅋㅋㅋㅋㅋㅋㅋㅋㅋㅋㅋㅋㅋㅋㅋㅋㅋㅋㅋㅋㅋㅋㅋㅋ ㅋㅋㅋㅋㅋㅋㅋㅋㅋㅋㅋㅋㅋㅋㅋㅋㅋㅋㅋㅋㅋㅋㅋㅋㅋㅋㅋㅋㅋㅋㅋㅋㅋㅋㅋㅋㅋㅋㅋㅋㅋㅋㅋㅋㅋㅋㅋㅋㅋㅋㅋㅋㅋㅋㅋㅋㅋㅋㅋㅋㅋㅋㅋㅋㅋㅋㅋㅋㅋㅋㅋㅋㅋㅋㅋㅋㅋㅋㅋㅋㅋㅋㅋㅋㅋㅋㅋㅋㅋㅋㅋㅋㅋㅋㅋㅋ,동붕이 (211.212) 2025.11.13 13:28:13 스크랩 조회 449 추천 12 댓글 0,12,449,2025.11.13 13:28:13,https://gall.dcinside.com/mgallery/board/view/?id=dshighschool&no=6739&page=5
,6737,,수능 화이팅,"행운을 빈다 게이들아 AI 이미지가 생성되었습니다. 새로고침(F5) 해 주세요. 프롬프트 highschool classroom, students conducting test, complex mathmatics fomulas in test sheet, student feelings are mixed with fury hope quriocity stressful calm 네거티브 프롬프트 샘플링 Euler",동붕이 (223.39) 2025.11.11 20:37:42 스크랩 조회 348 추천 0 댓글 2,0,348,2025.11.11 20:37:42,https://gall.dcinside.com/mgallery/board/view/?id=dshighschool&no=6737&page=5
,6736,,2-7반 말파이트 닮은 새끼 애미뒤졌냐,화장실에서 딸치는거 같은데 하시발 하시발 거리면서 짝짝소리나네 애미 싹갈렸네 꼴잘알이노,동붕이 (211.234) 2025.11.11 13:35:20 스크랩 조회 679 추천 19 댓글 1,19,679,2025.11.11 13:35:20,https://gall.dcinside.com/mgallery/board/view/?id=dshighschool&no=6736&page=5
,6734,,가X X지털 X지,- dc official App,동붕이 (211.119) 2025.11.10 08:40:41 스크랩 조회 448 추천 3 댓글 1,3,448,2025.11.10 08:40:41,https://gall.dcinside.com/mgallery/board/view/?id=dshighschool&no=6734&page=5
,6733,,김행수,왜 안잘리냐 애들 이유없이  ㅈㄴ패고 그러고 다니는데 안잘리는게 의문 ㅋㅋ 좌빨새끼들 찢죽 마렵긴하네,동붕이 (121.129) 2025.11.09 15:28:13 스크랩 조회 567 추천 16 댓글 2,16,567,2025.11.09 15:28:13,https://gall.dcinside.com/mgallery/board/view/?id=dshighschool&no=6733&page=5
,6732,,아니시발,2학년 병신새끼들아 왜 화장실 창문 열고 오줌을 쳐싸는거야 ㅆㅂ 강제 골든샤워 ㅈ같네,동붕이 (211.234) 2025.11.07 21:07:56 스크랩 조회 367 추천 4 댓글 2,4,367,2025.11.07 21:07:56,https://gall.dcinside.com/mgallery/board/view/?id=dshighschool&no=6732&page=5
,6731,,코드 좀 풀어줘요...,이거때매 게시글 적어지는 것 같아요,동붕이 (211.104) 2025.11.07 01:57:01 스크랩 조회 334 추천 7 댓글 2,7,334,2025.11.07 01:57:01,https://gall.dcinside.com/mgallery/board/view/?id=dshighschool&no=6731&page=5
,6730,,학교 앞 미래딸배 누구?,잡아째벌라,동붕이 (211.119) 2025.11.04 11:40:20 스크랩 조회 506 추천 5 댓글 2,5,506,2025.11.04 11:40:20,https://gall.dcinside.com/mgallery/board/view/?id=dshighschool&no=6730&page=5
,6728,,행수는 이제 선생 그만!!!,즈그반 애들이나 관리할 것이지 남에반 애들한테는 왤케 지랄이노 찢죽 마렵네,동붕이 (211.234) 2025.11.03 16:00:07 스크랩 조회 603 추천 24 댓글 0,24,603,2025.11.03 16:00:07,https://gall.dcinside.com/mgallery/board/view/?id=dshighschool&no=6728&page=5
,6727,,진짜 궁금한데,2학년에 문재아가 있음? - dc official App,동붕붕 (211.205) 2025.11.03 00:47:58 스크랩 조회 328 추천 1 댓글 1,1,328,2025.11.03 00:47:58,https://gall.dcinside.com/mgallery/board/view/?id=dshighschool&no=6727&page=5
,6725,,박연주선생님의 일침입니다.. 새겨들으세요,,동붕이 (211.119) 2025.10.31 14:12:32 스크랩 조회 775 추천 14 댓글 1,14,775,2025.10.31 14:12:32,https://gall.dcinside.com/mgallery/board/view/?id=dshighschool&no=6725&page=5
,6723,,교복,좀 그만 잡아라 제발 ㅈ동성 병신새끼들아 작년에 ㅈ도 안잡다가 갑자기 왜 쳐 잡는겨 - dc official App,동붕붕 (61.32) 2025.10.29 20:04:40 스크랩 조회 460 추천 10 댓글 1,10,460,2025.10.29 20:04:40,https://gall.dcinside.com/mgallery/board/view/?id=dshighschool&no=6723&page=5
,6722,,오늘 유한결 급식실에서 뭔일임?,??,동붕이 (211.119) 2025.10.29 13:43:37 스크랩 조회 556 추천 2 댓글 1,2,556,2025.10.29 13:43:37,https://gall.dcinside.com/mgallery/board/view/?id=dshighschool&no=6722&page=5
,6718,,엘베 계속 못타게 해봐,가질 수 없다면 부숴버릴라니까,동붕이 (211.119) 2025.10.27 10:19:56 스크랩 조회 510 추천 8 댓글 1,8,510,2025.10.27 10:19:56,https://gall.dcinside.com/mgallery/board/view/?id=dshighschool&no=6718&page=5
,6717,,세상에 울리는 그의 노래소리,“위”,동붕이 (220.72) 2025.10.27 01:33:08 스크랩 조회 280 추천 0 댓글 0,0,280,2025.10.27 01:33:08,https://gall.dcinside.com/mgallery/board/view/?id=dshighschool&no=6717&page=5
,6715,,1학년에서 역대급사건 터졌다,"운지사우르스(학명:yeah unji/ muhuyn eungdi)는 노라기 후기 (1억 523년 전)을 대표하는 운지사우르스 과 육식 공 룡이다. 운지사우르스라는 학명은 고대 그 리스어(piaget)라는 뜻인데 이는 운지사우르 스가 발견된 곳, 부엉이 바위(ya gibun joeta)에서 이름을 따, 부엉이 도마뱀이라 는 뜻을 가지고있다.운지사우르스는 울음소 리가 특이한 것으로 유명한데, 실제로 들어 보면 다른 공룡과 다르게 우흥~소리가 난 다. 길이는 평균적으로5m, 키는 2.3m이 다. 노라기 후기 대 피아제 | 뇌물 사건(0)으로 인해 바위로 밀려 추락해서 멸종된것이 유력하다.",동붕이 (219.240) 2025.10.25 23:05:07 스크랩 조회 895 추천 19 댓글 2,19,895,2025.10.25 23:05:07,https://gall.dcinside.com/mgallery/board/view/?id=dshighschool&no=6715&page=5
,6714,,‘로리 황’의 남편될 사람은~~?,주가상승,동붕이 (211.119) 2025.10.24 08:03:07 스크랩 조회 415 추천 0 댓글 0,0,415,2025.10.24 08:03:07,https://gall.dcinside.com/mgallery/board/view/?id=dshighschool&no=6714&page=5
,6711,,"박나영,한아름<<씹goat",반박 안받음 꼬우면 아시죠?,동붕이 (211.119) 2025.10.23 10:01:00 스크랩 조회 696 추천 7 댓글 4,7,696,2025.10.23 10:01:00,https://gall.dcinside.com/mgallery/board/view/?id=dshighschool&no=6711&page=5
,6708,,나랑 맞짱뜰 냄비 구함,,동붕이 (211.234) 2025.10.22 08:44:54 스크랩 조회 382 추천 3 댓글 3,3,382,2025.10.22 08:44:54,https://gall.dcinside.com/mgallery/board/view/?id=dshighschool&no=6708&page=5
,6707,,동붕쿤 나…사실,나도…서울대에 다녀본적이없어,동붕이 (211.119) 2025.10.22 07:54:53 스크랩 조회 409 추천 4 댓글 4,4,409,2025.10.22 07:54:53,https://gall.dcinside.com/mgallery/board/view/?id=dshighschool&no=6707&page=5
,6706,,이거 뭔가요?,- dc official App,동붕이 (211.119) 2025.10.21 10:58:18 스크랩 조회 364 추천 5 댓글 1,5,364,2025.10.21 10:58:18,https://gall.dcinside.com/mgallery/board/view/?id=dshighschool&no=6706&page=5
,6705,,오늘 감독 행수였는데,1학년이라 행수게이 첫 아다땜 앙칼지고 귀엽던데 왜 욕하는거냐 ㅇㅇ?(진짜모름) - dc official App,동붕이 (106.101) 2025.10.20 11:28:32 스크랩 조회 591 추천 12 댓글 3,12,591,2025.10.20 11:28:32,https://gall.dcinside.com/mgallery/board/view/?id=dshighschool&no=6705&page=5
,6704,,근데 2학년들 진짜 가면 갈수록 병신같음 ㅇㅇ,,꼼디 2025.10.19 12:39:07 스크랩 조회 816 추천 29 댓글 1,29,816,2025.10.19 12:39:07,https://gall.dcinside.com/mgallery/board/view/?id=dshighschool&no=6704&page=5
,6702,,1학년인데 시험 잘봐서 쀼린다 ㅋㅋ,섹스! - dc official App,동붕이 (106.101) 2025.10.17 03:14:20 스크랩 조회 505 추천 1 댓글 0,1,505,2025.10.17 03:14:20,https://gall.dcinside.com/mgallery/board/view/?id=dshighschool&no=6702&page=5
,6701,,졸업 4개월전 최고의 선택,- dc official App,헤으응기잇. 2025.10.15 17:33:29 스크랩 조회 601 추천 10 댓글 2,10,601,2025.10.15 17:33:29,https://gall.dcinside.com/mgallery/board/view/?id=dshighschool&no=6701&page=5
,6699,,나 2-2 유성준데,생리현상 가지고 뭐라하지 좀 말자; - dc official App,동붕이 (159.26) 2025.10.14 17:25:56 스크랩 조회 731 추천 17 댓글 6,17,731,2025.10.14 17:25:56,https://gall.dcinside.com/mgallery/board/view/?id=dshighschool&no=6699&page=5
,6698,,음악 대상혁쌤,동성고에서 유일한 진짜 대대대상혁쌤 존나 고트다,동붕이 (211.119) 2025.10.14 14:48:25 스크랩 조회 578 추천 20 댓글 1,20,578,2025.10.14 14:48:25,https://gall.dcinside.com/mgallery/board/view/?id=dshighschool&no=6698&page=5
,6695,,진짜 나 류한결인데 ㅈ같으면 찾아와 뒤에서 지랄하는 푸씨년들아 ㅋㅋㅋㅋㅋ,구라에요 죄송합니다ㅠㅠㅠ,행박사님을 아세요? (211.234) 2025.10.13 13:00:56 스크랩 조회 725 추천 20 댓글 3,20,725,2025.10.13 13:00:56,https://gall.dcinside.com/mgallery/board/view/?id=dshighschool&no=6695&page=5
,6690,,모고를 시발,시험 하루전에 쳐보노 시발 ㅋㅋㅋ,ㅇㅇ (211.234) 2025.10.07 12:19:18 스크랩 조회 522 추천 3 댓글 3,3,522,2025.10.07 12:19:18,https://gall.dcinside.com/mgallery/board/view/?id=dshighschool&no=6690&page=6
,6693,,김행수 선생님의 은퇴에 대해서...,,동붕이 (121.128) 2025.10.11 22:02:56 스크랩 조회 866 추천 30 댓글 1,30,866,2025.10.11 22:02:56,https://gall.dcinside.com/mgallery/board/view/?id=dshighschool&no=6693&page=6
,6692,,2025 동성고 학생 정치의식조사,"제21대 대선, 동성고 학생의 선택 윤석열 전 대통령의 탄핵과 이에 따른 조기 대선 국면을 맞아, 동성고 학생을 대상으로 지지 후보에 대한 정치의식조사를 시행했다.",동붕이 (220.65) 2025.10.07 23:50:13 스크랩 조회 500 추천 1 댓글 1,1,500,2025.10.07 23:50:13,https://gall.dcinside.com/mgallery/board/view/?id=dshighschool&no=6692&page=6
,6694,,연휴 마지막날 최고의 선택,버튜버 팬아트 싸기 - dc official App,헤으응기잇. 2025.10.12 20:58:59 스크랩 조회 475 추천 11 댓글 3,11,475,2025.10.12 20:58:59,https://gall.dcinside.com/mgallery/board/view/?id=dshighschool&no=6694&page=6
,6689,,동성고 일짱이 누구고?,순대쌤?,동붕이 (180.70) 2025.10.04 23:02:25 스크랩 조회 740 추천 3 댓글 4,3,740,2025.10.04 23:02:25,https://gall.dcinside.com/mgallery/board/view/?id=dshighschool&no=6689&page=6
,6687,,엘레베이터,카드 알겠으니까 이제부터 장애인 만 타는걸로 해라. 교사 학생 다 장애인만 타는 거로 하면 이해함,동붕이 (223.62) 2025.10.02 19:22:18 스크랩 조회 726 추천 30 댓글 6,30,726,2025.10.02 19:22:18,https://gall.dcinside.com/mgallery/board/view/?id=dshighschool&no=6687&page=6
,6688,,솔직히,김건희 ㅈㄴ 예쁜데,동붕이 (218.49) 2025.10.03 23:00:56 스크랩 조회 389 추천 4 댓글 1,4,389,2025.10.03 23:00:56,https://gall.dcinside.com/mgallery/board/view/?id=dshighschool&no=6688&page=6
,6686,,mc ㅋ...크...,mc 킁킁,동붕이 (115.21) 2025.10.02 09:46:10 스크랩 조회 309 추천 2 댓글 0,2,309,2025.10.02 09:46:10,https://gall.dcinside.com/mgallery/board/view/?id=dshighschool&no=6686&page=6
,6685,,방화범 잡고싶으면 나한테 와라 2-3 대 한 결.,와바 잡을테면 잡아보라지 끼욧~~!,동붕이 (106.101) 2025.10.01 13:30:00 스크랩 조회 603 추천 10 댓글 3,10,603,2025.10.01 13:30:00,https://gall.dcinside.com/mgallery/board/view/?id=dshighschool&no=6685&page=6
,6684,,?,동성중고는 무엇을 가르치는 학교임?,동붕이 (211.206) 2025.10.01 11:52:59 스크랩 조회 358 추천 1 댓글 1,1,358,2025.10.01 11:52:59,https://gall.dcinside.com/mgallery/board/view/?id=dshighschool&no=6684&page=6
,6683,,2학년 영n 이게 맞냐,수행 다 참여하고 발표해도 자습 시간때 탭 봤다고 감점이노 ㅋㅋㅋㅋ 자는 애도 만점 주더만,ㅇㅇ (211.119) 2025.10.01 11:20:50 스크랩 조회 599 추천 9 댓글 1,9,599,2025.10.01 11:20:50,https://gall.dcinside.com/mgallery/board/view/?id=dshighschool&no=6683&page=6
,6682,,교복도 못참겠는데,엘베까지 못타게 하네 시버럴년들 이럴거면 걍 엘베없애라,동붕이 (211.234) 2025.10.01 10:14:39 스크랩 조회 438 추천 2 댓글 2,2,438,2025.10.01 10:14:39,https://gall.dcinside.com/mgallery/board/view/?id=dshighschool&no=6682&page=6
,6681,,그래서,교복 어케 되는겨 박나영쌤이 교장이랑 교복얘기로 1ㄷ1 박았다는데 - dc official App,동붕붕 (211.205) 2025.09.30 22:32:48 스크랩 조회 318 추천 4 댓글 1,4,318,2025.09.30 22:32:48,https://gall.dcinside.com/mgallery/board/view/?id=dshighschool&no=6681&page=6
,6680,,1-5 김현화,진짜 ㅈㄴ 시끄럽네 ㅅㅂ ㅋㅋㅋ 교육좀 해라,동붕이 (211.119) 2025.09.30 14:53:05 스크랩 조회 712 추천 15 댓글 0,15,712,2025.09.30 14:53:05,https://gall.dcinside.com/mgallery/board/view/?id=dshighschool&no=6680&page=6
,6679,,방화범 어캐 잡을거노,잡을테면 잡아보라지 끼욧^^~!,동붕이 (211.234) 2025.09.30 12:09:09 스크랩 조회 478 추천 8 댓글 0,8,478,2025.09.30 12:09:09,https://gall.dcinside.com/mgallery/board/view/?id=dshighschool&no=6679&page=6
,6678,,아좀 떠들어라,덕분에 금딸중이다 - dc official App,동붕이 (106.101) 2025.09.30 00:23:34 스크랩 조회 260 추천 1 댓글 0,1,260,2025.09.30 00:23:34,https://gall.dcinside.com/mgallery/board/view/?id=dshighschool&no=6678&page=6
,6674,,좀 떠들어라,자살글 ㅈㄴ 재밌던데 그런거 더 싸질러봐라 ㅇㅇ - dc official App,동붕이 (106.101) 2025.09.28 14:08:18 스크랩 조회 393 추천 1 댓글 5,1,393,2025.09.28 14:08:18,https://gall.dcinside.com/mgallery/board/view/?id=dshighschool&no=6674&page=6
,6673,,갤이 와이리 조용하노,,동붕이 (220.72) 2025.09.27 21:51:17 스크랩 조회 294 추천 1 댓글 0,1,294,2025.09.27 21:51:17,https://gall.dcinside.com/mgallery/board/view/?id=dshighschool&no=6673&page=6
,6672,,MC빠끄,나영,동붕이 (211.234) 2025.09.26 11:57:44 스크랩 조회 494 추천 12 댓글 1,12,494,2025.09.26 11:57:44,https://gall.dcinside.com/mgallery/board/view/?id=dshighschool&no=6672&page=6
,6671,,1학년 생각없냐? ㅋㅋ,난 있음 AI 이미지가 생성되었습니다. 새로고침(F5) 해 주세요. - dc official App,동붕이 (106.101) 2025.09.25 10:01:27 스크랩 조회 621 추천 1 댓글 1,1,621,2025.09.25 10:01:27,https://gall.dcinside.com/mgallery/board/view/?id=dshighschool&no=6671&page=6
,6670,,썜들,ㄱ김현화 썜이랑 이미란 썜이랑 싸움?,동붕이 (59.6) 2025.09.25 09:09:48 스크랩 조회 462 추천 5 댓글 1,5,462,2025.09.25 09:09:48,https://gall.dcinside.com/mgallery/board/view/?id=dshighschool&no=6670&page=6
,6668,,관리자가 누고?,관리자가 벌점 줬는데 뭥미?,동붕이 (211.119) 2025.09.24 10:11:20 스크랩 조회 357 추천 3 댓글 1,3,357,2025.09.24 10:11:20,https://gall.dcinside.com/mgallery/board/view/?id=dshighschool&no=6668&page=6
,6667,,교복 시발 진심 애미 뒤졌네 ㅋㅋ,응 난 안 입어~,동붕이 (211.119) 2025.09.24 08:15:19 스크랩 조회 528 추천 5 댓글 1,5,528,2025.09.24 08:15:19,https://gall.dcinside.com/mgallery/board/view/?id=dshighschool&no=6667&page=6
,6666,,존경하는 선생님들과 친애하는 동성고 학우들에게,"우리가 존경하는 생활안전부 선생님들과 저희를 보살펴주시는 선생님들 , 그리고
친애하는 동성고 학우 여러분 . 최근 동성고의 교복 규정 변경 ( 교복 / 생활복만
허용 , 체육복은 체육 시간 및 점심시간 활동 시에만 착용 가능 ) 에
대해 학생들의 우려가 커지고 있습니다 . 청바지나 카고 바지 등 단정한 복장 유지를 저해하는 옷을 제한하는
것은 동의하지만 , 체육복 착용까지 제한하는 것은 재고가 필요하다는 입장입니다 . 주요 근거는 다음과 같습니다 . 다양한
     신체 사이즈 고려 부족 : 성장기
     학생들의 체형이 급격히 변화하여 몸에 잘 맞지 않는 교복은 불편함을 넘어 건강 문제를 야기하며 , 잦은 구매는
     학부모에게 경제적 부담이 됩니다 . 유연한 복장 정책이 필요합니다 . 활동성
     저해 및 건강한 학교생활 방해 : 교복은
     활동에 제약이 많아 쉬는 시간이나 점심시간의 자유로운 활동과 운동을 어렵게 합니다 . 학생들의
     건강과 활기찬 학교생활을 위해 체육복은 일상적인 편의를 위한 복장 선택지가 되어야 합니다 . 긍정적
     선도를 통한 합리적인 방안 제안 : 중앙고등학교처럼
     체육복 등하교 하는 예시가 있습니다 . 그렇다고 중앙고처럼 하자는 것이 아닙니다. 교내에서 만이라도 체육복 착용을
     유연하게 허용해야 합니다 . 이미 체육복 규정인 색깔 규정이 있습니다. 이 색깔로 학생들에게 유연하게 적용하는 것이 좋을 것 같습니다. 나아가 , 체육이 없는
     날 체육복 착용에 벌점을 주기보다는 , 교복을 단정하게 입는 학생들에게 상점을 부여하는 등 선구적인
     방식으로 학생들의 자발적인 교복 착용을 장려하는 것이 더 합리적이고 효과적입니다 . 결론적으로 , 현재의 교복 규정은 체육복 착용 제한은 학생들의 건강과
편의 , 자율성에 역행할 수 있습니다 . 교복을 통한 소속감
유지도 중요하지만 , 학생들의 실질적인 학교생활을 고려하여 규정이 재검토되기를 간곡히 요청합니다 . 저의 긴 글을 읽어주셔서 감사합니다 . 이 글에 대한 ' 개추 ' 가 100 을 넘으면 , 저희 학생들은 학교에 직접 면담을 요청하여 우리의 목소리를 전달할 예정입니다 . 긴 글을 읽어주셔서 감사합니다. 다시만난세계 올림",다시만난세계 (146.70) 2025.09.23 21:19:33 스크랩 조회 1245 추천 101 댓글 6,101,1245,2025.09.23 21:19:33,https://gall.dcinside.com/mgallery/board/view/?id=dshighschool&no=6666&page=6
,6665,,코드 좆같은거,왜 다시 생겼노,동붕이 (220.72) 2025.09.22 22:43:06 스크랩 조회 297 추천 0 댓글 0,0,297,2025.09.22 22:43:06,https://gall.dcinside.com/mgallery/board/view/?id=dshighschool&no=6665&page=6
,6664,,한 마디만,동성고 돼지새끼들 ㅆㅂ 살 좀 빼라. 못생겼으면 공부라도 하든가. 뚱뚱하면 운동이라도 하든가. ㅉㅉ,동붕이 (175.214) 2025.09.22 21:50:12 스크랩 조회 385 추천 2 댓글 4,2,385,2025.09.22 21:50:12,https://gall.dcinside.com/mgallery/board/view/?id=dshighschool&no=6664&page=6
,6662,,자꾸 저격글 올리는데,너희들 아웃이야! - dc official App,동붕이 (211.119) 2025.09.22 07:48:41 스크랩 조회 519 추천 6 댓글 0,6,519,2025.09.22 07:48:41,https://gall.dcinside.com/mgallery/board/view/?id=dshighschool&no=6662&page=6
,6661,,갤 정상화 드가자,,동붕이 (220.72) 2025.09.21 23:27:54 스크랩 조회 339 추천 5 댓글 1,5,339,2025.09.21 23:27:54,https://gall.dcinside.com/mgallery/board/view/?id=dshighschool&no=6661&page=6
,6657,,동마갤 수준;;,오랜만에 왔는데 개판이노 BK처럼 유쾌하게 하던가 그냥 쌤 까는 글로 도배가 돼 있네,관종씹덕 2025.09.20 21:27:09 스크랩 조회 711 추천 17 댓글 5,17,711,2025.09.20 21:27:09,https://gall.dcinside.com/mgallery/board/view/?id=dshighschool&no=6657&page=6
,6655,,어수선한 갤에,버신 강림,동붕이 (121.128) 2025.09.20 02:51:27 스크랩 조회 553 추천 8 댓글 2,8,553,2025.09.20 02:51:27,https://gall.dcinside.com/mgallery/board/view/?id=dshighschool&no=6655&page=6
,6654,,이 글 왜 지움?,,동붕이 (211.104) 2025.09.20 00:47:51 스크랩 조회 523 추천 5 댓글 1,5,523,2025.09.20 00:47:51,https://gall.dcinside.com/mgallery/board/view/?id=dshighschool&no=6654&page=6
,6653,,새치기고 뭐고 제발,아침에 좀 씻고와라 씨발 너구리삶은냄새남 ㄹㅇ - dc official App,동붕이 (211.176) 2025.09.20 00:18:17 스크랩 조회 568 추천 9 댓글 0,9,568,2025.09.20 00:18:17,https://gall.dcinside.com/mgallery/board/view/?id=dshighschool&no=6653&page=6
,6651,,1학년인데,"2학년은 진짜 레전드인듯 기숙사,학교생활 둘다 통틀어서 전교회장,기숙사 2학년,동마갤도 그렇고 진짜 행동이랑 말하는 화투보면 2학년이라는게게 믿겨지지 않음 ㅋㅋㅋ ㅋㅋ 중2만도 못하는듯  나잇값좀해라 선배대접 받고싶으면 +선생님들 성희롱좀 그만해라 밥먹을때 듣기 ㅈㄴ 거북하다",동붕이 (211.234) 2025.09.19 23:01:34 스크랩 조회 1023 추천 19 댓글 21,19,1023,2025.09.19 23:01:34,https://gall.dcinside.com/mgallery/board/view/?id=dshighschool&no=6651&page=6
,6650,,우리반 진짜 병신이냐,"종례가 씨발 최소10분 최대30분이다. 뭔놈의 씨발 우리반이랑 관련 ㅈ도 없는데 하루동안 학교에서 있었던일 다 말하고, 이것의 대한 자기 생각말하고 “이렇게 살면 안되요~”이러고 끝내는줄 알았지만 라스트댄스로 지 과거까지 딱 말하고 다음주부턴 어떻게 한다 얘기하고 끝내는데 ㄹㅇ 개병신이 따로 없음 - dc official App",동붕이 (223.62) 2025.09.19 19:57:19 스크랩 조회 617 추천 10 댓글 1,10,617,2025.09.19 19:57:19,https://gall.dcinside.com/mgallery/board/view/?id=dshighschool&no=6650&page=6
,6648,,교복잡는거는 애미싹다갈렸냐,그럼 니네도 정장입고와 시발 행수는 입지마라,동붕이 (211.234) 2025.09.19 12:46:41 스크랩 조회 651 추천 17 댓글 2,17,651,2025.09.19 12:46:41,https://gall.dcinside.com/mgallery/board/view/?id=dshighschool&no=6648&page=6
,6647,,용우순대야,행수말은 엠창 듣지마라 날조랑 과장은 존나게 하노,동붕이 (211.234) 2025.09.18 17:27:12 스크랩 조회 451 추천 2 댓글 2,2,451,2025.09.18 17:27:12,https://gall.dcinside.com/mgallery/board/view/?id=dshighschool&no=6647&page=6
,6645,,중3인데여기갈까말까,용산삼,동붕이 (128.134) 2025.09.15 14:26:58 스크랩 조회 654 추천 0 댓글 8,0,654,2025.09.15 14:26:58,https://gall.dcinside.com/mgallery/board/view/?id=dshighschool&no=6645&page=6
,6644,,실시간 우리학교 이거뭐노,,동붕이 (211.234) 2025.09.15 11:02:37 스크랩 조회 856 추천 17 댓글 1,17,856,2025.09.15 11:02:37,https://gall.dcinside.com/mgallery/board/view/?id=dshighschool&no=6644&page=6
,6641,,참 좋같은학교,교복 안잡다가 왜 갑자기 쳐 잡음 씨발 대나무련아,동붕이 (211.119) 2025.09.15 07:31:36 스크랩 조회 444 추천 4 댓글 1,4,444,2025.09.15 07:31:36,https://gall.dcinside.com/mgallery/board/view/?id=dshighschool&no=6641&page=6
,6639,,대한민국...,버튜버 NO.1,동붕이 (121.128) 2025.09.14 10:16:59 스크랩 조회 533 추천 10 댓글 3,10,533,2025.09.14 10:16:59,https://gall.dcinside.com/mgallery/board/view/?id=dshighschool&no=6639&page=6
,6638,,민주당 존나웃기네 이게 뭐가 매국이라는거임?ㅋㅋㅋ,역시 좌파는 사실을 말해야 분노하는군 ㅋㅋ,ㅇㅇ (211.234) 2025.09.14 03:47:49 스크랩 조회 545 추천 7 댓글 2,7,545,2025.09.14 03:47:49,https://gall.dcinside.com/mgallery/board/view/?id=dshighschool&no=6638&page=6
,6636,,진짜 서울대임?,영교과 나옴? 머현이하고 나영쌤은 아는데 그럴리가 없는데,동붕이 (211.192) 2025.09.13 01:50:04 스크랩 조회 514 추천 0 댓글 0,0,514,2025.09.13 01:50:04,https://gall.dcinside.com/mgallery/board/view/?id=dshighschool&no=6636&page=6
,6635,,행복,"우리 누구나가 느끼는 일반적인 '행복의 조건'에는 큰 문제점이 있습니다. 남보다 조금이라도 더 잘나야 행복감을 느낀다고 하면, 우리는 항상 남보다 잘나야만 합니다. 그래야만 행복한 삶을 보장받을 수 있으니까요. 그러나 현실은 그렇지 못합니다. 세상천지에는 항상 우리보다 잘난 사람이 있습니다. 만약 이러한 상대적 비교우위에 집착하다 보면, 우리는 지금 이 순간은 물론 한평생을 상대적 박탈감에 시달릴 수밖에 없습니다. 소중한 인생을 잠깐의 행복감과 기나긴 상대적 박탈감으로 소모할 수는 없는 일 아니겠습니까? [욕구 성취] 다른 한 가지 행복의 조건에 대해서도 살펴보겠습니다. 목표를 이루었을 때만 행복하다면, 목표를 이루는 과정 내내 불행하고 불안할 것입니다. 또한 막상 목표를 이루었을 대 내가 원했던 행복감이 오는 것도 아닙니다. 목표를 이루었을 때 얻을 수 있을 것이라고 예상했던 행복감은 우리가 멋대로 상상했던 것 즉 '판타지'에 불과한 것입니다. 우리가 일상에서 늘 경험하였듯이, 실제로 이루어진 욕구는 항상 우리를 허무하게 합니다. 큰 기대를 안고 이룬 목표는 우리에게 예상했던 행복감을 보상해주지 않습니다. 오히려 큰 허탈감을 남기기 일쑤입니다. 우리는 이 사실을 분명히 인지해야 합니다. 행복의 두 가지 조건들은 우리로 하여금, 너무도 소주아여 다시 오지 않을 황금의 시간인 '지금 이 순간'을 소홀히 대하게 만듭니다. 오지 않은 판타지를 위해, 실현되지 않을 꿈을 위해 지금 이 순간을 쓸데없이 허비하지 마십시오. 여러분이 진정으로 행복해지기를 원한다면 지금 이 순간 행복해지는 비법을 찾아야만 합니다. '지금 이 순간' 행복해질 수 없다면 우리는 영원히 행복해질 수 없습니다. 지금 이 순간을 즐길 수 없다면 어느 순간 어느 때를 즐길 수 있겠습니까?",동붕이 (211.234) 2025.09.12 18:20:28 스크랩 조회 424 추천 1 댓글 2,1,424,2025.09.12 18:20:28,https://gall.dcinside.com/mgallery/board/view/?id=dshighschool&no=6635&page=6
,6634,,헤으응,응기잇!!!!!!!,동붕이 (121.129) 2025.09.12 18:11:56 스크랩 조회 650 추천 16 댓글 1,16,650,2025.09.12 18:11:56,https://gall.dcinside.com/mgallery/board/view/?id=dshighschool&no=6634&page=6
,6633,,2학년2반,누군진 모르겠는데 ㅈ같은 냄새나니까 좀 씻어라; 이동 갈때마다 악취가 끊이지를 않노;; - dc official App,동붕이 (218.144) 2025.09.12 16:04:40 스크랩 조회 655 추천 18 댓글 3,18,655,2025.09.12 16:04:40,https://gall.dcinside.com/mgallery/board/view/?id=dshighschool&no=6633&page=6
,6632,,동성아들아 경신으로 탈출해라,경신 경신 대경신 우리의경신 - dc official App,ㅇㅇ (128.134) 2025.09.12 08:47:42 스크랩 조회 628 추천 7 댓글 4,7,628,2025.09.12 08:47:42,https://gall.dcinside.com/mgallery/board/view/?id=dshighschool&no=6632&page=6
,6631,,2학년에 국어 모의고사 1등급 몇명임,1명이라는 소문이 있던데 그럴리가 없잖아,김태훈 2025.09.12 00:03:45 스크랩 조회 513 추천 2 댓글 4,2,513,2025.09.12 00:03:45,https://gall.dcinside.com/mgallery/board/view/?id=dshighschool&no=6631&page=6
,6630,,동성갤 좆창났노,용우야 빨리 갤 닫아라,동붕이 (220.72) 2025.09.11 23:41:13 스크랩 조회 413 추천 3 댓글 2,3,413,2025.09.11 23:41:13,https://gall.dcinside.com/mgallery/board/view/?id=dshighschool&no=6630&page=6
,6627,,현재 2학년 동성고 역대 최악의 세대면 개추,일단 나부터,ㅇㅇ (218.232) 2025.09.11 22:59:26 스크랩 조회 900 추천 33 댓글 3,33,900,2025.09.11 22:59:26,https://gall.dcinside.com/mgallery/board/view/?id=dshighschool&no=6627&page=6
,6626,,하… 수야 정말,"대나무: “남이 건드렸을 때, 때리는 것 같다고 느끼면 그건 폭행이예요!! 하지 마세요~!” 이렇게 말 하시고 뒤지게 때리고, 때리지 말라하니까 풀발 뛰시면서 짜증 팍팍 내시는데 나이를 어디로 드신건가요? - dc official App",동붕이 (42.26) 2025.09.11 22:22:17 스크랩 조회 514 추천 9 댓글 2,9,514,2025.09.11 22:22:17,https://gall.dcinside.com/mgallery/board/view/?id=dshighschool&no=6626&page=6
,6622,,대나무좌한테 쫓겨났다노,대나무 수업하는데 뭐라뭐라 피싸서 내가 혼잣말로 예리하노 한마디 했는데 그거듣고 분수쇼 키면서 수업 끝날때까지 쫓겨났다 ㅁㅌㅊ?,동붕이 (211.119) 2025.09.11 11:40:09 스크랩 조회 559 추천 14 댓글 4,14,559,2025.09.11 11:40:09,https://gall.dcinside.com/mgallery/board/view/?id=dshighschool&no=6622&page=7
,6624,,행수야,뒷창 그만까고 다녀라 좆같으니까,동붕이 (220.72) 2025.09.11 17:46:45 스크랩 조회 526 추천 12 댓글 1,12,526,2025.09.11 17:46:45,https://gall.dcinside.com/mgallery/board/view/?id=dshighschool&no=6624&page=7
,6625,,누가 더 유명함 브래드 피트 마라도나,- dc official App,디바 (59.28) 2025.09.11 18:54:49 스크랩 조회 305 추천 2 댓글 2,2,305,2025.09.11 18:54:49,https://gall.dcinside.com/mgallery/board/view/?id=dshighschool&no=6625&page=7
,6621,,???:제가 백번이고 천번이고 말합니다,???:저 여러분들 시다바리하는 사람 아니고요~ 아랫사람 아닙니다~ 역시 서울대 졸업생 동성고 역대 joat 혜화역 저혈압 제조기 동성의 악몽,행행행 (223.38) 2025.09.11 01:09:53 스크랩 조회 547 추천 12 댓글 2,12,547,2025.09.11 01:09:53,https://gall.dcinside.com/mgallery/board/view/?id=dshighschool&no=6621&page=7
,6620,,차력거인의 차력쇼,이건 선넘었네 여자는 선생하면 안되긴 하지~~,동붕이 (61.32) 2025.09.10 16:21:54 스크랩 조회 527 추천 10 댓글 1,10,527,2025.09.10 16:21:54,https://gall.dcinside.com/mgallery/board/view/?id=dshighschool&no=6620&page=7
,6619,,선생들 다 병신이네,어디사는몇살먹은냄비들이냐,동붕이 (211.234) 2025.09.10 16:19:32 스크랩 조회 662 추천 10 댓글 1,10,662,2025.09.10 16:19:32,https://gall.dcinside.com/mgallery/board/view/?id=dshighschool&no=6619&page=7
,6616,,여기가 대동성고 서울지부임?,그래도 광주동성고 보단 낫겠지 ㅋㅋ,홍어싸대기 (104.28) 2025.09.08 14:18:14 스크랩 조회 371 추천 1 댓글 0,1,371,2025.09.08 14:18:14,https://gall.dcinside.com/mgallery/board/view/?id=dshighschool&no=6616&page=7
,6613,,1학년인데요,사상이 왼쪽(전교조)이신 선생님들이 원래 많았나요 너무 재매이햄을 빨아줘서..,동붕이 (211.234) 2025.09.07 13:17:26 스크랩 조회 680 추천 9 댓글 4,9,680,2025.09.07 13:17:26,https://gall.dcinside.com/mgallery/board/view/?id=dshighschool&no=6613&page=7
,6612,,한아름 선생'님',동성고에 몇 없는 선생님이시다.,동붕이 (211.192) 2025.09.07 01:46:45 스크랩 조회 801 추천 14 댓글 3,14,801,2025.09.07 01:46:45,https://gall.dcinside.com/mgallery/board/view/?id=dshighschool&no=6612&page=7
,6611,,역대급 개지랄 ㅋㅋㅋ,그래서 지금은 150 아니냐고 병신아 ㅋㅋㅋ,진짜 박원순 (211.63) 2025.09.06 19:51:27 스크랩 조회 641 추천 2 댓글 4,2,641,2025.09.06 19:51:27,https://gall.dcinside.com/mgallery/board/view/?id=dshighschool&no=6611&page=7
,6610,,2등급초중,문과 2등급대 동성고에서 어디 대학교 어디가나요 -9등급 기준으로 - dc official App,동붕이 (211.234) 2025.09.06 13:17:01 스크랩 조회 489 추천 0 댓글 3,0,489,2025.09.06 13:17:01,https://gall.dcinside.com/mgallery/board/view/?id=dshighschool&no=6610&page=7
,6609,,???:와..대단한 새끼,나도 혼자 손으로만 했다 대빡게이야..,대나무행 (223.39) 2025.09.06 10:11:36 스크랩 조회 657 추천 16 댓글 0,16,657,2025.09.06 10:11:36,https://gall.dcinside.com/mgallery/board/view/?id=dshighschool&no=6609&page=7
,6608,,역대 동성고 ㅂㅅ No.1,대물빡빡아 동성갤 끄고 알아서 경찰서로 꺼져라 ㅇㅇ,대나무행 (223.39) 2025.09.06 10:07:11 스크랩 조회 890 추천 21 댓글 0,21,890,2025.09.06 10:07:11,https://gall.dcinside.com/mgallery/board/view/?id=dshighschool&no=6608&page=7
,6607,,안녕하세요? 대구 계성고에서 왔습니다.,응원합니다.,계성고등학교 2025.09.05 21:21:46 스크랩 조회 390 추천 0 댓글 0,0,390,2025.09.05 21:21:46,https://gall.dcinside.com/mgallery/board/view/?id=dshighschool&no=6607&page=7
,6606,,나다 띱때끼야,1학년 7반 150kg이라 욕 먹는 본인이다 본인 유도 총 4년 했다. 계속 익명 뒤에 숨어서 ㅈㄹ 하는데 퇴학 당할 각오 하고 잡아다 두들겨 패기 전에 동마갤에 글 그만 써라 나보고 돼지새끼라 놀리는데 형 유도 했을때는 81kg 였다 동성고 와서 시간 때문에 운동 못해서 살 확 찐거다,동붕이 (118.235) 2025.09.05 20:43:16 스크랩 조회 699 추천 13 댓글 4,13,699,2025.09.05 20:43:16,https://gall.dcinside.com/mgallery/board/view/?id=dshighschool&no=6606&page=7
,6605,,동성고에서 제일 ㅄ같은놈 ㅋㅋ,대물빡빡이 너말이야 너 ㅋㅋ,동붕이 (121.128) 2025.09.05 18:36:05 스크랩 조회 946 추천 22 댓글 0,22,946,2025.09.05 18:36:05,https://gall.dcinside.com/mgallery/board/view/?id=dshighschool&no=6605&page=7
,6602,,동성고에 대한 저의 생각을 말하겠습니다,"저는 처음 이 학교에 오게 되었을때부터 오랜 역사를 가지고 있는 명문 고등학교의 학생이라는 자부심을 항상 가지고 있었습니다. 그런데 학교를 다니다보니 학교에 대한 정이 떨어지는 부분도 굉장히 많았고 처음보다 학교에 대한 애교심과 자부심도 떨어졌습니다 일단 동성고 자사고는 예신반을 위한 것이였고 일반고 인문중점도 다 예신반 하나 때문이였습니다. 동성고 명문사학? 이거 다 2,30년전 얘기고 솔직히 나이 많고 능력 없는 선생님들 자리 지키고 있으신거보면 이 학교는 앞으로 다시 반등하기는 쉽지 않겠구나라고 느꼈습니다. 다른 학생들도 다니면서 느꼈겠지만 많은 교사들이 학생들에게 별로 관심도 없고 막말로 교사로 느껴지지 않는 분들도 많지 않습니까? (물론 훌륭하시고 좋으신 선생님들도 있으시죠) 그리고 현재 동성고는 교육을 위한 기관보다는 천주교를 위한 기관이라는 정체성이 더 세지 않나라는 생각이 듭니다. 만약 동성학교의 존재 의의가 이것이라면 할 말은 없습니다. 하지만 어쨋든 중등교육기관에 속해있고 그러한 체제 아래서 교육을 진행하고 있는 학교라면 당연히 입시에 선생님들께서 관심을 더 가져주셔야한다고 생각합니다. 조영관 신부님과 면담도 해보고 평소에 하시는 말씀들을 들었을때 학생들을 많이 생각한다고 느낍니다. 하지만 입시판만을 두고 보았을때 입시에 관한 전문성이 다소 떨어지신다고 느껴졌습니다. 그렇지만 고등학교 과정이 꼭 대학 진학만이 목표는 아니기 때문에 이걸 문제라고 생각하지는 않습니다. 하지만 저희 학교의 명성이 추락하고 있는 상황을 생각했을때 신부님께서 현재 입시 트랜드에 조금 더 관심을 가져주신다면 현재 동성고등학교의 입시뿐만 아니라 학교의 여러 문제점도 같이 해결할 수 있을 것이라고 생각합니다. 글 솜씨가 많이 떨어지지만 끝까지 읽어주셔서 감사합니다 다시 동성고등학교가 명문사학이 되었으면 좋겠습니다.",대 동 성 (106.101) 2025.09.05 00:50:25 스크랩 조회 876 추천 17 댓글 7,17,876,2025.09.05 00:50:25,https://gall.dcinside.com/mgallery/board/view/?id=dshighschool&no=6602&page=7
,6600,,네~ 안녕하세요,,동붕이 (104.28) 2025.09.04 09:38:58 스크랩 조회 742 추천 3 댓글 2,3,742,2025.09.04 09:38:58,https://gall.dcinside.com/mgallery/board/view/?id=dshighschool&no=6600&page=7
,6599,,우리학교 고2 10모 보나요,제가 몰라서 그러는데 10모는 1학년때 안봤던거 같기도 해서 이번에 고2 10모 보나요??,동붕이 (183.109) 2025.09.02 17:53:48 스크랩 조회 415 추천 0 댓글 2,0,415,2025.09.02 17:53:48,https://gall.dcinside.com/mgallery/board/view/?id=dshighschool&no=6599&page=7
,6597,,행수쌤이 애들한테 뭐라할때 표정,,대나무행 (223.39) 2025.09.02 10:30:12 스크랩 조회 800 추천 37 댓글 1,37,800,2025.09.02 10:30:12,https://gall.dcinside.com/mgallery/board/view/?id=dshighschool&no=6597&page=7
,6595,,행수쌤의 가장 큰 문제점,판서를 전혀 알아보지 못하겠어,동붕이 (118.235) 2025.09.01 21:07:38 스크랩 조회 610 추천 3 댓글 2,3,610,2025.09.01 21:07:38,https://gall.dcinside.com/mgallery/board/view/?id=dshighschool&no=6595&page=7
,6594,,.제발,동성은 의견반영 좀 해라 모의고사 안 보고 수련회 가는거나 학생들 기본적인 예절관리 좀 시키고 면학분위기가 열심히 하는 학생들이 있는 반면 아예 공부를 외면하는 애들도 있고 왜 자사고 시절 인기가 없고 미달이었는지 그리고 일반고 이후에 잘 깨닫길,동붕이 (218.235) 2025.09.01 20:00:58 스크랩 조회 473 추천 11 댓글 1,11,473,2025.09.01 20:00:58,https://gall.dcinside.com/mgallery/board/view/?id=dshighschool&no=6594&page=7
,6593,,ESC(1%) PC방을 추모합니다.,"스틸 시리즈 옆에 있어 상대적으로 한산하며 커플석 퍼스널 석 포함 많은 좌석수를 자랑하고 메뉴도 다양하며 콜라와 라면을 합쳐서 싸게 팔았던 (구) 1%PC아레나, ESC PC가 문을 닫았습니다. R.I.P ESC - dc official App",잔상k 2025.09.01 19:09:08 스크랩 조회 363 추천 3 댓글 2,3,363,2025.09.01 19:09:08,https://gall.dcinside.com/mgallery/board/view/?id=dshighschool&no=6593&page=7
,6591,,자고로 우리 동성은 말이지,"자고로 동성고란 말이지. 1907년 설립되어 100년이 넘는 역사를 자랑하는 전통의 명문 사학. 종로 한복판, 대학로와 혜화동을 장악한 위치 덕분에 공부는 물론 문화생활까지 한 방에 해결하는 혜자 입지. 한양도성의 기운을 받고, 대학로의 예술혼을 흡수하며, 종로 학군의 심장부를 차지한 학교지. 운동장에 깔린 땅값만 팔아도 웬만한 사립대학 하나는 살 수 있다는 전설이 돌고, 매년 수십 명씩 서울대·연고대·의치한약수로 들어가면서도, 동아리와 학생회 활동까지 전부 챙기는 괴물 같은 스펙을 찍어내지. 입시 데이터만 봐도 전국 최상위권, 서울 일반고 중에서도 손꼽히는 성적 분포. “서울대 가고 싶으면 혜화역 2번 출구로 가라”는 말이 괜히 나온 게 아니다. 게다가 졸업생 네트워크는 종로와 대학로, 강북 전역에 뻗쳐 있어서 사회 각계각층에 포진해 있지. 정치, 경제, 학계, 예술계까지. 동성 출신이라고 하면 “아~ 그 동성!” 하며 다 알아보는 위상. 한 번 들어오면 절대 빠져나올 수 없는 동성 네트워크라는 게 따로 있다. 옛날엔 자율형 사립고로 지정되면서 입시 커리큘럼이 빡세기로 유명했고, 지금도 일반고로 전환 중이지만 여전히 상위권 진학률은 건재하다. 전교생 수는 약 600명 남짓이지만, 그 규모에서 뿜어져 나오는 아우라는 강남8학군에 절대 밀리지 않아. 실제로 “서울의 심장은 종로, 종로의 심장은 혜화, 혜화의 심장은 동성고”라는 말도 있지 않나.",동붕이 (121.129) 2025.08.31 10:50:49 스크랩 조회 767 추천 28 댓글 6,28,767,2025.08.31 10:50:49,https://gall.dcinside.com/mgallery/board/view/?id=dshighschool&no=6591&page=7
,6590,,하지메,토가시 어딨어,동붕이 (14.39) 2025.08.29 22:28:39 스크랩 조회 380 추천 2 댓글 0,2,380,2025.08.29 22:28:39,https://gall.dcinside.com/mgallery/board/view/?id=dshighschool&no=6590&page=7
,6589,,꼬우면 학생회 하든가 ㅋㅋ,학생회는 원래 새치기하는거다 ㅂㅅ들아,ㅇㅇ (211.234) 2025.08.28 21:04:09 스크랩 조회 612 추천 10 댓글 2,10,612,2025.08.28 21:04:09,https://gall.dcinside.com/mgallery/board/view/?id=dshighschool&no=6589&page=7
,6587,,실시간 동붕이 집앞 편의점 이거 뭐노?,,진짜ㄹㅇ유성주 (223.62) 2025.08.28 13:36:59 스크랩 조회 590 추천 1 댓글 3,1,590,2025.08.28 13:36:59,https://gall.dcinside.com/mgallery/board/view/?id=dshighschool&no=6587&page=7
,6586,,여론투표2,동현이가 급식 새치기 좇같다 비추 전교회장이니깐 봐줄수이ㅛ다 개추 - dc official App,동붕이 (211.234) 2025.08.28 08:20:44 스크랩 조회 620 추천 14 댓글 9,14,620,2025.08.28 08:20:44,https://gall.dcinside.com/mgallery/board/view/?id=dshighschool&no=6586&page=7
,6583,,카드 주운 동중이 없나?,본인 학교에서 카드 떨어트린거 같은데 혹시 주운사람은 댓글 달아주라 특징은 카드에 지하철  그림  들어가 있음 사례 무조건 한다,동붕이 (118.235) 2025.08.27 18:56:44 스크랩 조회 438 추천 0 댓글 6,0,438,2025.08.27 18:56:44,https://gall.dcinside.com/mgallery/board/view/?id=dshighschool&no=6583&page=7
,6582,,어제 동아리 때,이거 두고 간거 누구냐,관종씹덕 2025.08.27 07:18:49 스크랩 조회 452 추천 0 댓글 0,0,452,2025.08.27 07:18:49,https://gall.dcinside.com/mgallery/board/view/?id=dshighschool&no=6582&page=7
,6581,,안녕하스기,dddddddddd,동붕이 (211.119) 2025.08.26 14:51:53 스크랩 조회 418 추천 0 댓글 0,0,418,2025.08.26 14:51:53,https://gall.dcinside.com/mgallery/board/view/?id=dshighschool&no=6581&page=7
,6580,,천둥소리 뭐냐,화장실에 있다가 존나 놀랬네 - dc official App,동붕이 (211.119) 2025.08.25 08:46:52 스크랩 조회 306 추천 5 댓글 0,5,306,2025.08.25 08:46:52,https://gall.dcinside.com/mgallery/board/view/?id=dshighschool&no=6580&page=7
,6579,,학생회장 여론투표,학생회장 김동현군의 비추 100 달성을 진심으로 축하드립니다,동붕이 (146.70) 2025.08.23 21:14:04 스크랩 조회 682 추천 13 댓글 5,13,682,2025.08.23 21:14:04,https://gall.dcinside.com/mgallery/board/view/?id=dshighschool&no=6579&page=7
,6578,,23년 2월에 졸업한,졸업생인데 대학가지말고 바로 해병대로 와라,동붕이 (117.111) 2025.08.22 20:05:58 스크랩 조회 319 추천 0 댓글 0,0,319,2025.08.22 20:05:58,https://gall.dcinside.com/mgallery/board/view/?id=dshighschool&no=6578&page=7
,6577,,박인희쌤 최종 학력이....,이 양반 최종 학력 아는 사람?,동붕이 (211.119) 2025.08.22 10:18:43 스크랩 조회 664 추천 1 댓글 2,1,664,2025.08.22 10:18:43,https://gall.dcinside.com/mgallery/board/view/?id=dshighschool&no=6577&page=7
,6576,,둘이 찍다 하나가 죽어도 몰라요~~,재미있는 몰카,ㅇㅇ (211.235) 2025.08.21 16:40:33 스크랩 조회 408 추천 2 댓글 0,2,408,2025.08.21 16:40:33,https://gall.dcinside.com/mgallery/board/view/?id=dshighschool&no=6576&page=7
,6574,,하~~,언조비카이,동붕이 (211.234) 2025.08.18 15:25:32 스크랩 조회 617 추천 13 댓글 1,13,617,2025.08.18 15:25:32,https://gall.dcinside.com/mgallery/board/view/?id=dshighschool&no=6574&page=7
,6571,,나 2학년 2반,유성주인데,동붕이 (211.119) 2025.08.13 12:13:14 스크랩 조회 697 추천 17 댓글 4,17,697,2025.08.13 12:13:14,https://gall.dcinside.com/mgallery/board/view/?id=dshighschool&no=6571&page=7
,6570,,오늘 대순이 뭐노?,딥빡,동붕이 (46.101) 2025.08.12 23:55:21 스크랩 조회 507 추천 2 댓글 1,2,507,2025.08.12 23:55:21,https://gall.dcinside.com/mgallery/board/view/?id=dshighschool&no=6570&page=7
,6569,,축하한다,2학년 2반 유성주의 회장 당선을 진심으로 축하드립니다 - dc official App,동붕이 (149.88) 2025.08.12 14:46:03 스크랩 조회 693 추천 33 댓글 5,33,693,2025.08.12 14:46:03,https://gall.dcinside.com/mgallery/board/view/?id=dshighschool&no=6569&page=7
,6567,,여론 투표,전교회장 잘 뽑았다 개추 잘못 뽑았다 비추 일단 난 비추부터ㅋㅋㅋ,동붕이 (211.234) 2025.08.07 11:18:25 스크랩 조회 1121 추천 23 댓글 10,23,1121,2025.08.07 11:18:25,https://gall.dcinside.com/mgallery/board/view/?id=dshighschool&no=6567&page=7
,6566,,동현아...,여론 안좋다고 도망치면 안되지,ㅇㅇ (211.234) 2025.08.07 08:26:10 스크랩 조회 736 추천 15 댓글 0,15,736,2025.08.07 08:26:10,https://gall.dcinside.com/mgallery/board/view/?id=dshighschool&no=6566&page=7
,6564,,같이 할 게이 구한다,코스 같이 할 게이 없냐 재밌는데 아무도 이해 못하노;;,관종씹덕 2025.08.02 22:42:15 스크랩 조회 783 추천 14 댓글 3,14,783,2025.08.02 22:42:15,https://gall.dcinside.com/mgallery/board/view/?id=dshighschool&no=6564&page=7
,6563,,개학9일전 최고의 선택,버튜버 팬아트 싸기 - dc official App,헤으응기잇. 2025.08.02 20:59:31 스크랩 조회 668 추천 15 댓글 3,15,668,2025.08.02 20:59:31,https://gall.dcinside.com/mgallery/board/view/?id=dshighschool&no=6563&page=7
,6558,,지금 주딱 06임?,ㅈㄱㄴ,동붕이 (211.176) 2025.08.01 18:49:23 스크랩 조회 539 추천 9 댓글 2,9,539,2025.08.01 18:49:23,https://gall.dcinside.com/mgallery/board/view/?id=dshighschool&no=6558&page=7
,6556,,유동글 어디갔노,도촬올린새끼들 각오해라 전교회장이면 처신 잘했어야지 라는 글이 있었는데요,ㅇㅇ (211.49) 2025.07.31 18:10:52 스크랩 조회 602 추천 21 댓글 1,21,602,2025.07.31 18:10:52,https://gall.dcinside.com/mgallery/board/view/?id=dshighschool&no=6556&page=7
,6552,,본인이 디시 모니터링하고있는 교사면 개추,- dc official App,동붕이 (211.176) 2025.07.23 23:36:55 스크랩 조회 1017 추천 61 댓글 2,61,1017,2025.07.23 23:36:55,https://gall.dcinside.com/mgallery/board/view/?id=dshighschool&no=6552&page=7
,6550,,야자실에서 떠드시는 분들 왜 그러시나요?,자리 위치 보면 2학년이신 것 같은데 후배 보기 부끄럽지도 않으십니까... 소곤소곤도 아니고 너무 큰소리로 떠드시네요.. 방학에 공부 열심히 하는 학생도 많은데 이건 아닌 것 같습니다.,동붕이 (223.62) 2025.07.23 15:09:51 스크랩 조회 637 추천 42 댓글 0,42,637,2025.07.23 15:09:51,https://gall.dcinside.com/mgallery/board/view/?id=dshighschool&no=6550&page=7
,6548,,하 시발 진짜 우리애미,듬~~우리의 사랑~~~~~ - dc official App,동붕이 (95.173) 2025.07.22 00:18:06 스크랩 조회 707 추천 3 댓글 1,3,707,2025.07.22 00:18:06,https://gall.dcinside.com/mgallery/board/view/?id=dshighschool&no=6548&page=7
,6546,,솔직히 미사 왜 하는건지 모르겠음,"강제로 하기 싫은데 붙잡아놓고 기도 시키는거면 신천지 , 보수 개신교랑 다를 게 뭐임? 하나님이 인간을 창조하면서 자유의지를 주셨는데 기도를 강제하면 안되지 않음?",동붕이 (203.210) 2025.07.21 23:32:46 스크랩 조회 719 추천 7 댓글 8,7,719,2025.07.21 23:32:46,https://gall.dcinside.com/mgallery/board/view/?id=dshighschool&no=6546&page=7
,6542,,멸공,누가 썼는지는 말 안하겠습니다..... - dc official App,동붕이 (79.110) 2025.07.18 23:34:21 스크랩 조회 721 추천 10 댓글 1,10,721,2025.07.18 23:34:21,https://gall.dcinside.com/mgallery/board/view/?id=dshighschool&no=6542&page=8
,6539,,가...가버렷,갤이 다시 살아나니까 기부니가 째지노,동붕이 (211.235) 2025.07.18 13:26:53 스크랩 조회 488 추천 4 댓글 0,4,488,2025.07.18 13:26:53,https://gall.dcinside.com/mgallery/board/view/?id=dshighschool&no=6539&page=8
,6537,,영석이 등 현 상황,,동붕이 (211.119) 2025.07.18 13:12:37 스크랩 조회 692 추천 6 댓글 2,6,692,2025.07.18 13:12:37,https://gall.dcinside.com/mgallery/board/view/?id=dshighschool&no=6537&page=8
,6538,,귀염이 영준이 왓쪄염!,,동붕이 (211.119) 2025.07.18 13:15:22 스크랩 조회 648 추천 1 댓글 1,1,648,2025.07.18 13:15:22,https://gall.dcinside.com/mgallery/board/view/?id=dshighschool&no=6538&page=8
,6535,,아롱하스긔,,동붕이 (211.119) 2025.07.18 13:09:15 스크랩 조회 489 추천 7 댓글 2,7,489,2025.07.18 13:09:15,https://gall.dcinside.com/mgallery/board/view/?id=dshighschool&no=6535&page=8
,6533,,대나무행수대나무행수기름이묻지않아요,- dc official App,동붕이 (211.176) 2025.07.17 22:41:28 스크랩 조회 702 추천 27 댓글 0,27,702,2025.07.17 22:41:28,https://gall.dcinside.com/mgallery/board/view/?id=dshighschool&no=6533&page=8
,6529,,선착순 1명,용우야 갤꺼라 행수도....,동붕이 (211.235) 2025.07.17 14:17:43 스크랩 조회 441 추천 2 댓글 0,2,441,2025.07.17 14:17:43,https://gall.dcinside.com/mgallery/board/view/?id=dshighschool&no=6529&page=8
,6531,,오징어게임3,예아 - dc official App,ㅇㅇ 2025.07.17 20:04:59 스크랩 조회 446 추천 9 댓글 0,9,446,2025.07.17 20:04:59,https://gall.dcinside.com/mgallery/board/view/?id=dshighschool&no=6531&page=8
,6528,,천주교 앙기모찌,,동붕이 (211.119) 2025.07.17 14:16:40 스크랩 조회 471 추천 2 댓글 1,2,471,2025.07.17 14:16:40,https://gall.dcinside.com/mgallery/board/view/?id=dshighschool&no=6528&page=8
,6526,,강동중,서울 강동중 학교분위기와 학생 수준은 어떤가요?,동붕이 (112.171) 2025.07.16 20:45:49 스크랩 조회 331 추천 0 댓글 1,0,331,2025.07.16 20:45:49,https://gall.dcinside.com/mgallery/board/view/?id=dshighschool&no=6526&page=8
,6520,,혹시 일반고되고 입결 아시는 분 있나요?,이번 졸업하신 선배 입결 어떤가 궁금합니다. 그리고 대충 1.5 ~1.7정도면 어디갈 수 있을까요? 학종 생기부는 그냥 그래요,동붕이 (211.104) 2025.07.08 19:35:58 스크랩 조회 554 추천 0 댓글 2,0,554,2025.07.08 19:35:58,https://gall.dcinside.com/mgallery/board/view/?id=dshighschool&no=6520&page=8
,6524,,눈뽕,- dc official App,헤으응기잇. 2025.07.13 20:01:32 스크랩 조회 539 추천 10 댓글 0,10,539,2025.07.13 20:01:32,https://gall.dcinside.com/mgallery/board/view/?id=dshighschool&no=6524&page=8
,6519,,동성고에 3만원 숨겨놨다,엘베 옆에 키재는 곳 방에 숨겨놨다,동붕이 (175.195) 2025.07.08 18:37:17 스크랩 조회 466 추천 1 댓글 2,1,466,2025.07.08 18:37:17,https://gall.dcinside.com/mgallery/board/view/?id=dshighschool&no=6519&page=8
,6515,,동성고 시험 애미 뒤졌네,ㅅㅅ,동붕이 (203.251) 2025.07.02 20:06:14 스크랩 조회 550 추천 2 댓글 1,2,550,2025.07.02 20:06:14,https://gall.dcinside.com/mgallery/board/view/?id=dshighschool&no=6515&page=8
,6514,,일본어 이거 뭐냐,답 꼬라지가 왜 이럼? - dc official App,동붕이 (190.2) 2025.07.02 15:12:28 스크랩 조회 839 추천 13 댓글 3,13,839,2025.07.02 15:12:28,https://gall.dcinside.com/mgallery/board/view/?id=dshighschool&no=6514&page=8
,6511,,선택과목 어떻게 해야되는지 모르는 동붕이들은 봐라,생 > 화 >> 물 >>>>>>>>>> 지,동붕이 (210.123) 2025.06.28 22:09:57 스크랩 조회 366 추천 3 댓글 0,3,366,2025.06.28 22:09:57,https://gall.dcinside.com/mgallery/board/view/?id=dshighschool&no=6511&page=8
,6510,,코드 풀었음,즐갤,ehdakrof 2025.06.26 16:24:50 스크랩 조회 458 추천 7 댓글 1,7,458,2025.06.26 16:24:50,https://gall.dcinside.com/mgallery/board/view/?id=dshighschool&no=6510&page=8
,6509,,즛붕이 어디갔노,동성고 갤 쉽지않다던 즛붕이 글삭튀하고 어디갔노~ - dc official App,동붕이 (185.177) 2025.06.25 17:45:05 스크랩 조회 237 추천 0 댓글 0,0,237,2025.06.25 17:45:05,https://gall.dcinside.com/mgallery/board/view/?id=dshighschool&no=6509&page=8
,6508,,자연대 가지 마라,물화생1 2 다듣고 성적도 챙길 만큼 과학 좋아했지만 막상 대학가서 전공과목 들으니 재미없어서 공부 안하게 됨 이제 졸업인데 학점도 낮고 가진 스펙은 학부연구생 하나뿐임 이럴줄 알았다면 문과가서 학점이라도 챙길걸,ㅇㅇ (211.235) 2025.06.21 11:20:45 스크랩 조회 506 추천 0 댓글 4,0,506,2025.06.21 11:20:45,https://gall.dcinside.com/mgallery/board/view/?id=dshighschool&no=6508&page=8
,6506,,올해 벌점 유독 많이 주는것까진 참겠는데,- dc official App,동붕이 (211.176) 2025.06.19 03:28:20 스크랩 조회 602 추천 4 댓글 1,4,602,2025.06.19 03:28:20,https://gall.dcinside.com/mgallery/board/view/?id=dshighschool&no=6506&page=8
,6505,,이거 훔쳐간놈 누구냐,미술실에 올려뇠는데 이걸 훔쳐가네 자수해라,동붕이 (211.119) 2025.06.18 13:10:27 스크랩 조회 596 추천 3 댓글 0,3,596,2025.06.18 13:10:27,https://gall.dcinside.com/mgallery/board/view/?id=dshighschool&no=6505&page=8
,6504,,동성고 어멍 뒤졌네,벌점 개그치 퍼주네 ㅆ발련들 매달아놓고 플라잉니킥 꽂아버리고 싶네,동붕이 (211.119) 2025.06.17 11:10:27 스크랩 조회 482 추천 3 댓글 0,3,482,2025.06.17 11:10:27,https://gall.dcinside.com/mgallery/board/view/?id=dshighschool&no=6504&page=8
,6503,,졸업생 화석인데 질문 하나만 하자,니들 부지 강남쪽으로 옮긴다는 소문 있던데 뭐임? 그러면 기존 부지에는 중학교만 남나? 아무튼 자사고 최약체였던 동성고가 맞냐? 이젠 강남학군 된다니 가슴이 웅장해진다... 그런데 갤꼬라지 보니까 옹졸해짐 이 개씨발놈들아 수능이 반년도 안남았는데 공부안하냐? 자신있어? 생기부는 채웠어? 샛별인재반이야? 수능최저컷은 맞춰뒀어? 그리고 신관 공사 끝났냐?,ㅇㅇ (211.235) 2025.06.16 17:52:38 스크랩 조회 614 추천 0 댓글 4,0,614,2025.06.16 17:52:38,https://gall.dcinside.com/mgallery/board/view/?id=dshighschool&no=6503&page=8
,6501,,행복한 수비수.jpg,갤이 와이리 조용하노 - dc official App,동붕이 (211.176) 2025.06.12 01:58:08 스크랩 조회 481 추천 0 댓글 1,0,481,2025.06.12 01:58:08,https://gall.dcinside.com/mgallery/board/view/?id=dshighschool&no=6501&page=8
,6499,,남자가 할 수 있는 가장 남자다운 행동,바로 여장 이다 남자만이 할 수 있는 그것이 바로 여장이다 그와중에 성별 구분 못하는 AI 수준;;,관종씹덕 2025.06.08 00:48:10 스크랩 조회 721 추천 3 댓글 4,3,721,2025.06.08 00:48:10,https://gall.dcinside.com/mgallery/board/view/?id=dshighschool&no=6499&page=8
,6498,,오진숙 아직도 있냐?,궁금,ㅇㅇ (211.235) 2025.06.06 17:24:21 스크랩 조회 816 추천 2 댓글 4,2,816,2025.06.06 17:24:21,https://gall.dcinside.com/mgallery/board/view/?id=dshighschool&no=6498&page=8
,6497,,실시간 이새기 뭐냐,,관종씹덕 2025.06.04 06:44:23 스크랩 조회 618 추천 0 댓글 1,0,618,2025.06.04 06:44:23,https://gall.dcinside.com/mgallery/board/view/?id=dshighschool&no=6497&page=8
,6496,,전용우 선생님...,선생님의 그 용기가 마음에 듭니다. 1학년 523반으로 오십시오. 기꺼히 받아드리겠습니다.,가갤러 (211.196) 2025.06.01 03:13:49 스크랩 조회 896 추천 1 댓글 2,1,896,2025.06.01 03:13:49,https://gall.dcinside.com/mgallery/board/view/?id=dshighschool&no=6496&page=8
,6495,,솔직히 서울 동성고 보다는 광주동성고지,아님말구,동붕이 (210.218) 2025.05.30 11:40:06 스크랩 조회 452 추천 0 댓글 1,0,452,2025.05.30 11:40:06,https://gall.dcinside.com/mgallery/board/view/?id=dshighschool&no=6495&page=8
,6494,,용우.jpg,요즘 갤이 와이리 조용하노 전용우 선생님 사랑합니다,동붕이 (220.72) 2025.05.28 00:22:11 스크랩 조회 588 추천 1 댓글 0,1,588,2025.05.28 00:22:11,https://gall.dcinside.com/mgallery/board/view/?id=dshighschool&no=6494&page=8
,6493,,행수비수가날아와내게박힌다,ㅈㄱㄴ,동붕이 (220.72) 2025.05.28 00:18:35 스크랩 조회 382 추천 1 댓글 0,1,382,2025.05.28 00:18:35,https://gall.dcinside.com/mgallery/board/view/?id=dshighschool&no=6493&page=8
,6492,,노무현 전대통령 사,실 원숭이 - dc official App,동붕이 (211.58) 2025.05.23 22:16:18 스크랩 조회 496 추천 2 댓글 0,2,496,2025.05.23 22:16:18,https://gall.dcinside.com/mgallery/board/view/?id=dshighschool&no=6492&page=8
,6491,,수학여행때 카메라 가져온 학생 누구임?,사진 받고싶은데 몇반 누구임?,동붕이 (118.235) 2025.05.23 21:21:33 스크랩 조회 571 추천 0 댓글 1,0,571,2025.05.23 21:21:33,https://gall.dcinside.com/mgallery/board/view/?id=dshighschool&no=6491&page=8
,6489,,2학년 새끼들 없으니까 편하노,본인 1학년인데 가오잡는 병신들 없으니까 살만하네 - dc official App,동붕이 (113.131) 2025.05.21 22:07:27 스크랩 조회 647 추천 2 댓글 2,2,647,2025.05.21 22:07:27,https://gall.dcinside.com/mgallery/board/view/?id=dshighschool&no=6489&page=8
,6488,,내일 수학여행,순대 조지러 준비 갈 완로~~,동붕이 (220.72) 2025.05.21 01:20:39 스크랩 조회 358 추천 0 댓글 0,0,358,2025.05.21 01:20:39,https://gall.dcinside.com/mgallery/board/view/?id=dshighschool&no=6488&page=8
,6487,,동성고 앞에,자전거 거치대 사용해도 되냐 뭐 안뺏어가겠지?,동붕이 (211.119) 2025.05.20 07:39:08 스크랩 조회 399 추천 0 댓글 0,0,399,2025.05.20 07:39:08,https://gall.dcinside.com/mgallery/board/view/?id=dshighschool&no=6487&page=8
,6483,,구기대회,"구기대회 3학년도 하게 해줘 1,2학년들 하는거 보니까 개재밌겠다",동붕이 (175.214) 2025.05.19 20:58:04 스크랩 조회 315 추천 1 댓글 0,1,315,2025.05.19 20:58:04,https://gall.dcinside.com/mgallery/board/view/?id=dshighschool&no=6483&page=8
,6481,,육사 입시설명회,제복 개멋있던데 가는 사람 있냐,동붕이 (118.235) 2025.05.18 22:06:00 스크랩 조회 357 추천 1 댓글 1,1,357,2025.05.18 22:06:00,https://gall.dcinside.com/mgallery/board/view/?id=dshighschool&no=6481&page=8
,6477,,야이 좆밥년들아,나 대동세무고 1핟년 4반 마현빈인 - dc official App,티^오^모 2025.05.16 15:02:26 스크랩 조회 675 추천 0 댓글 9,0,675,2025.05.16 15:02:26,https://gall.dcinside.com/mgallery/board/view/?id=dshighschool&no=6477&page=8
,6476,,재기하는 동성.jpg,- dc official App,헤으응기잇. 2025.05.16 00:52:13 스크랩 조회 1160 추천 13 댓글 10,13,1160,2025.05.16 00:52:13,https://gall.dcinside.com/mgallery/board/view/?id=dshighschool&no=6476&page=8
,6475,,동성제 3학년도 되면,뭐할지,관종씹덕 2025.05.14 20:55:15 스크랩 조회 548 추천 2 댓글 3,2,548,2025.05.14 20:55:15,https://gall.dcinside.com/mgallery/board/view/?id=dshighschool&no=6475&page=8
,6474,,동성고 와라,나같은 새끼도 학교 잘만 다니고 있는거 안보이노?,관종씹덕 2025.05.13 23:25:51 스크랩 조회 800 추천 7 댓글 5,7,800,2025.05.13 23:25:51,https://gall.dcinside.com/mgallery/board/view/?id=dshighschool&no=6474&page=8
,6480,,동성고 왜 다님,동성은 걍 장애 학교임 ㅋㅋㅋㅋㅋㅋㅋㅋㅋ  늙어빠지고 답없는 선생들 개많고 주변 동네애들 관리 안 해서 학교 돌아가는 꼬라지를 봐라,동붕이 (218.235) 2025.05.18 18:19:54 스크랩 조회 575 추천 1 댓글 3,1,575,2025.05.18 18:19:54,https://gall.dcinside.com/mgallery/board/view/?id=dshighschool&no=6480&page=8
,6473,,동성고 오지마라 학생에 대한 배려가 1도 없다,오면 진짜 ㅈㄴ 후회한다 진심으로 다른 학교로 가라 지금 동성고 수준은 홍익고 보다 낮다 경신으로 가는게 맞다,동붕이 (211.119) 2025.05.13 08:31:32 스크랩 조회 782 추천 8 댓글 5,8,782,2025.05.13 08:31:32,https://gall.dcinside.com/mgallery/board/view/?id=dshighschool&no=6473&page=8
,6471,,니지카쨩~ 동성고하면 어떤게 가장 먼저 생각나?,음~아무래도 가톨릭학교니깐.... 수녀님 신부님이 먼저 생각나는걸~? 근데 수녀님 신부님이 안 보이시는데 어디 계신거야? 응? 난 신부님이 보이는데? 엣! 어디어디?!? 여기 있네 내 예. 비. 신. 부님? (도큥~~~♡!) 에에엣~~!?! 마따끄 동붕쿤~~!!! (갑자기 그런 말을 하면 설레버리잖아!!) 촤하하하하,화려한타조 2025.05.12 01:54:53 스크랩 조회 1120 추천 37 댓글 5,37,1120,2025.05.12 01:54:53,https://gall.dcinside.com/mgallery/board/view/?id=dshighschool&no=6471&page=8
,6470,,동성제 3학년도 장기자랑 ㄱㄴ?,ㅈㄱㄴ,관종씹덕 2025.05.10 17:19:41 스크랩 조회 401 추천 1 댓글 2,1,401,2025.05.10 17:19:41,https://gall.dcinside.com/mgallery/board/view/?id=dshighschool&no=6470&page=8
,6469,,수학여행,순대야 눈치있으면 따라오지마라,동붕이 (220.72) 2025.05.10 12:21:56 스크랩 조회 587 추천 22 댓글 1,22,587,2025.05.10 12:21:56,https://gall.dcinside.com/mgallery/board/view/?id=dshighschool&no=6469&page=8
,6468,,수학여행을 이렇게 팔면 뭐가 남아요???,마진 병신아ㅋㅋ - dc official App,동붕이 (223.38) 2025.05.09 16:31:18 스크랩 조회 758 추천 16 댓글 1,16,758,2025.05.09 16:31:18,https://gall.dcinside.com/mgallery/board/view/?id=dshighschool&no=6468&page=8
,6467,,2학년 2반,짬통,동붕이 (211.119) 2025.05.08 11:19:05 스크랩 조회 695 추천 17 댓글 1,17,695,2025.05.08 11:19:05,https://gall.dcinside.com/mgallery/board/view/?id=dshighschool&no=6467&page=8
,6465,,고2영어,솔직히 영석이 알려준거 좆도없는데 이건 아니지 않노 행수네 반이 좋아보아는건 처음이네 재시험 안보면 3층 화장실에서 딸친다,동붕이 (211.235) 2025.05.01 12:03:34 스크랩 조회 650 추천 1 댓글 5,1,650,2025.05.01 12:03:34,https://gall.dcinside.com/mgallery/board/view/?id=dshighschool&no=6465&page=8
9,6462,,념글컷 6으로 내림,전에 갤 침공당했을때 100으로 올려놨던거 까먹었음 쏘리,ehdakrof 2025.04.29 15:52:19 스크랩 조회 286 추천 5 댓글 0,5,286,2025.04.29 15:52:19,https://gall.dcinside.com/mgallery/board/view/?id=dshighschool&no=6462&page=9
9,6460,,고2문학,80점이면 몇등급이노 2뜰라나,동붕이 (220.72) 2025.04.28 16:04:36 스크랩 조회 477 추천 1 댓글 5,1,477,2025.04.28 16:04:36,https://gall.dcinside.com/mgallery/board/view/?id=dshighschool&no=6460&page=9
9,6464,,사진자료) 6974,ㅇㅇ,동붕이 (211.119) 2025.04.30 17:23:56 스크랩 조회 823 추천 8 댓글 0,8,823,2025.04.30 17:23:56,https://gall.dcinside.com/mgallery/board/view/?id=dshighschool&no=6464&page=9
9,6459,,누가 더 유명함 에미넴 메시,- dc official App,디바 (59.28) 2025.04.27 23:11:31 스크랩 조회 354 추천 1 댓글 2,1,354,2025.04.27 23:11:31,https://gall.dcinside.com/mgallery/board/view/?id=dshighschool&no=6459&page=9
9,6458,,교복 안걸리는 방법,7시 전에 등교하면 안걸림 난 6시50분에 등교해서 걸린적 없음,동붕이 (119.192) 2025.04.26 21:50:28 스크랩 조회 461 추천 2 댓글 2,2,461,2025.04.26 21:50:28,https://gall.dcinside.com/mgallery/board/view/?id=dshighschool&no=6458&page=9
9,6457,,아이씨 이래도 여친 안 생기네 ..,,퍼리 (121.160) 2025.04.26 14:38:59 스크랩 조회 858 추천 13 댓글 2,13,858,2025.04.26 14:38:59,https://gall.dcinside.com/mgallery/board/view/?id=dshighschool&no=6457&page=9
9,6456,,맛집 추천좀요,혜화랑 한성대 근처로,동붕이 (220.72) 2025.04.26 00:58:14 스크랩 조회 283 추천 1 댓글 2,1,283,2025.04.26 00:58:14,https://gall.dcinside.com/mgallery/board/view/?id=dshighschool&no=6456&page=9
9,6455,,2학년 수련회때 문제아들 대순이형이 싹다 모아서 같이 잔다는게 사실인가요,ㅅㅂ,동붕이 (180.70) 2025.04.25 01:19:17 스크랩 조회 730 추천 8 댓글 3,8,730,2025.04.25 01:19:17,https://gall.dcinside.com/mgallery/board/view/?id=dshighschool&no=6455&page=9
9,6453,,진짜 적당히 좀 해라 처 맞기 싫으면,"학교에서 미사하는데 계속 뭐가 불만이라고 씹 난리를 치냐 미사때 떠들고 ""난 불굔데"" ㅇㅈㄹ 하고 있고 잡아다 팰 수도 없고",가갤러 (203.210) 2025.04.24 01:10:04 스크랩 조회 1043 추천 43 댓글 11,43,1043,2025.04.24 01:10:04,https://gall.dcinside.com/mgallery/board/view/?id=dshighschool&no=6453&page=9
9,6452,,요즘 기숙사 어떰,살 만하냐?,동붕이 (39.7) 2025.04.23 22:44:40 스크랩 조회 479 추천 0 댓글 3,0,479,2025.04.23 22:44:40,https://gall.dcinside.com/mgallery/board/view/?id=dshighschool&no=6452&page=9
9,6451,,크록스 신으면 벌점이냐? 존나 애매해서 질문한다,- dc official App,동붕이 (211.119) 2025.04.23 16:20:40 스크랩 조회 378 추천 1 댓글 1,1,378,2025.04.23 16:20:40,https://gall.dcinside.com/mgallery/board/view/?id=dshighschool&no=6451&page=9
9,6448,,1학년 가오 좀 빼라;;,- dc official App,동붕이 (211.119) 2025.04.22 20:20:55 스크랩 조회 902 추천 17 댓글 5,17,902,2025.04.22 20:20:55,https://gall.dcinside.com/mgallery/board/view/?id=dshighschool&no=6448&page=9
9,6447,,속보) 부갤주 프란치스코 교황님 선종,https://www.youtube.com/live/OW6JLsw8KeY?si=IlnoRCbq0-i-F5Wc [&#x26ab;속보] 프란치스코 교황 선종…'포용의 성직자' 떠나다/이 시각 바티칸 생중계/2025년 4월 21일(월)/KBS 가톨릭의 수장 프란치스코 교황이 조금 전 선종했다고 바티칸이 밝혔습니다.교황은 최근 폐렴으로 입원과 퇴원을 반복했지만 어제 부활절 행사에 모습을 드러내 미사를 집전했습니다. #바티칸 #프란치스코 #교황 #선종 #가톨릭 #폐렴 #부활절 #미사Copyright ⓒ KBS. All ri... www.youtube.com 아멘 박고 갑시다,ehdakrof 2025.04.21 17:17:12 스크랩 조회 782 추천 10 댓글 1,10,782,2025.04.21 17:17:12,https://gall.dcinside.com/mgallery/board/view/?id=dshighschool&no=6447&page=9
9,6446,,리로에 기출 어디있음?,안보임,동붕이 (125.128) 2025.04.20 23:17:40 스크랩 조회 257 추천 0 댓글 2,0,257,2025.04.20 23:17:40,https://gall.dcinside.com/mgallery/board/view/?id=dshighschool&no=6446&page=9
9,6445,,나 1학년인데 3학년 중에 나랑 싸지 깔 사람,- dc official App,동붕이 (223.38) 2025.04.16 17:27:41 스크랩 조회 692 추천 2 댓글 8,2,692,2025.04.16 17:27:41,https://gall.dcinside.com/mgallery/board/view/?id=dshighschool&no=6445&page=9
9,6444,,쌤들중 누가 goat노,난 동석이햄,동붕이 (220.72) 2025.04.16 01:25:42 스크랩 조회 820 추천 0 댓글 8,0,820,2025.04.16 01:25:42,https://gall.dcinside.com/mgallery/board/view/?id=dshighschool&no=6444&page=9
9,6443,,동붕이 궁금한데,진짜로 생안부 업무가 동마갤 보고 어떤 창의적인 지랄이 날지 모리터링하는거임? 급함,동붕이 (211.119) 2025.04.15 18:58:07 스크랩 조회 353 추천 0 댓글 1,0,353,2025.04.15 18:58:07,https://gall.dcinside.com/mgallery/board/view/?id=dshighschool&no=6443&page=9
9,6442,,갤주 궁금한건데,차은교 갤주 추천 이러던데 ㅉㄷ가 갤주 되는거임? 작년 이은형인가 그사람은 찐따임?,동붕이 (121.129) 2025.04.14 23:12:02 스크랩 조회 421 추천 0 댓글 4,0,421,2025.04.14 23:12:02,https://gall.dcinside.com/mgallery/board/view/?id=dshighschool&no=6442&page=9
9,6441,,헌혈할 동붕이 있냐,ㅈㄱㄴ,동붕이 (1.230) 2025.04.13 17:14:35 스크랩 조회 345 추천 1 댓글 2,1,345,2025.04.13 17:14:35,https://gall.dcinside.com/mgallery/board/view/?id=dshighschool&no=6441&page=9
9,6440,,기숙사 체험입사때 들은건데,그 고박사? 그 누구노?,가갤러 (203.210) 2025.04.12 22:24:14 스크랩 조회 452 추천 2 댓글 2,2,452,2025.04.12 22:24:14,https://gall.dcinside.com/mgallery/board/view/?id=dshighschool&no=6440&page=9
9,6439,,이번 학생회장 ㅁㅌㅊ?,ㅈㄱㄴ,동붕이 (218.234) 2025.04.10 20:27:40 스크랩 조회 603 추천 3 댓글 3,3,603,2025.04.10 20:27:40,https://gall.dcinside.com/mgallery/board/view/?id=dshighschool&no=6439&page=9
9,6437,,동성고 삼대장,해으응 응기잇:지가싼 만화 디씨에 올리는넘 차기갤주 (만화꼴리면 개추 ㅇㄷㄴㅂㅌ) 관종씹덕: 선배들 말로는 코스프레많이했다고함 뒤에 나올넘이 짝사랑중 3명중 젤임팩트 없음 차은교:차은교임 이거말곤 설명어려움 하려면 미니겔따로 파야함 인정하면 개추 누르자 (BK같은거 1학년은 모른다 미안하다 딸피들아),동붕이 (121.160) 2025.04.06 19:48:53 스크랩 조회 1545 추천 39 댓글 14,39,1545,2025.04.06 19:48:53,https://gall.dcinside.com/mgallery/board/view/?id=dshighschool&no=6437&page=9
9,6435,,Ai 무섭다…,,동붕이 (59.5) 2025.04.05 22:51:01 스크랩 조회 487 추천 1 댓글 1,1,487,2025.04.05 22:51:01,https://gall.dcinside.com/mgallery/board/view/?id=dshighschool&no=6435&page=9
9,6434,,근혜야..,,동붕이 (121.129) 2025.04.04 15:25:21 스크랩 조회 580 추천 7 댓글 0,7,580,2025.04.04 15:25:21,https://gall.dcinside.com/mgallery/board/view/?id=dshighschool&no=6434&page=9
9,6433,,교복 그만잡아라,교복좀 그만 잡아라 시2발 순대곱창마렵네,동붕이 (223.63) 2025.04.04 07:44:30 스크랩 조회 486 추천 4 댓글 3,4,486,2025.04.04 07:44:30,https://gall.dcinside.com/mgallery/board/view/?id=dshighschool&no=6433&page=9
9,6432,,지금 2학년들 양아치 집합소냐?,생안부에 이학년들만 불려가는듯 ㅋㅋㅋㅋ,동붕이 (121.128) 2025.04.03 19:32:23 스크랩 조회 682 추천 1 댓글 3,1,682,2025.04.03 19:32:23,https://gall.dcinside.com/mgallery/board/view/?id=dshighschool&no=6432&page=9
9,6431,,용우쌤 존나 호감,저만 그런가용,동붕이 (180.70) 2025.04.02 23:48:19 스크랩 조회 589 추천 2 댓글 2,2,589,2025.04.02 23:48:19,https://gall.dcinside.com/mgallery/board/view/?id=dshighschool&no=6431&page=9
9,6428,,장순대,아니 생활부장 장순대로 바뀌고 학교가 ㅈ창이네 용우형이 ㅈㄴ 그립네,동붕이 (203.251) 2025.03.31 17:43:07 스크랩 조회 673 추천 21 댓글 2,21,673,2025.03.31 17:43:07,https://gall.dcinside.com/mgallery/board/view/?id=dshighschool&no=6428&page=9
9,6427,,3학년 1반 우리 아들 승우를 갤주로 추천합니다~,아들~~^^ 화이팅~^^ 엄마가 항상 뒤에서 응원한다^^ 근데 아들 자위하는건 좋은데 뒷처리는 깔끔하게!!,이승우 엄마 (106.101) 2025.03.30 09:36:20 스크랩 조회 493 추천 16 댓글 0,16,493,2025.03.30 09:36:20,https://gall.dcinside.com/mgallery/board/view/?id=dshighschool&no=6427&page=9
9,6426,,3학년 1반 이승우 갤주 지원합니다,내세울건 별거없고 요런 인스타툰 조그맣게 운영하고있습니다. 제가 갤주가된다면 동성고 최고 아웃풋이 되어서 동평을 전세계에 알리겠습니다. 감사합니다. - dc official App,헤으응기잇. 2025.03.30 01:14:54 스크랩 조회 615 추천 9 댓글 3,9,615,2025.03.30 01:14:54,https://gall.dcinside.com/mgallery/board/view/?id=dshighschool&no=6426&page=9
9,6425,,아 행수쌤 진짜;;,2학년 동붕이다노 1학년때는 행수 수업 안들어서 몰랐는데 진짜 행수형님 아직 적응이 안된다노 조언이나 행수쌤 관련 썰 풀어주실 선배나 동기 동붕이 있으면 고맙겠다노 AI 이미지가 생성되었습니다. 새로고침(F5) 해 주세요.,동붕이 (61.74) 2025.03.29 12:30:12 스크랩 조회 843 추천 1 댓글 8,1,843,2025.03.29 12:30:12,https://gall.dcinside.com/mgallery/board/view/?id=dshighschool&no=6425&page=9
9,6423,,떡밥 굴려줄 게이없냐,심심하노,관종씹덕 2025.03.27 23:56:18 스크랩 조회 411 추천 3 댓글 2,3,411,2025.03.27 23:56:18,https://gall.dcinside.com/mgallery/board/view/?id=dshighschool&no=6423&page=9
9,6422,,그래서 이번년도 갤주 ㄴㄱ?,제곧내 - dc official App,동붕이 (211.234) 2025.03.27 18:09:55 스크랩 조회 311 추천 0 댓글 2,0,311,2025.03.27 18:09:55,https://gall.dcinside.com/mgallery/board/view/?id=dshighschool&no=6422&page=9
9,6421,,하드스터디 하세요.,(홍삼수혈은 제 필명입니다.) - dc official App,erika 2025.03.27 17:12:04 스크랩 조회 338 추천 5 댓글 0,5,338,2025.03.27 17:12:04,https://gall.dcinside.com/mgallery/board/view/?id=dshighschool&no=6421&page=9
9,6420,,오늘 3모 끝나고 우는 사람 ㄴㄱ임?,2학년 ㅇㅇ,동붕이 (106.101) 2025.03.26 19:22:35 스크랩 조회 411 추천 0 댓글 2,0,411,2025.03.26 19:22:35,https://gall.dcinside.com/mgallery/board/view/?id=dshighschool&no=6420&page=9
9,6419,,이번 고1 3모 난이도 왜이러냐,평가원 열일 너무하는거 아니냐,동붕이 (121.129) 2025.03.26 17:27:02 스크랩 조회 561 추천 1 댓글 3,1,561,2025.03.26 17:27:02,https://gall.dcinside.com/mgallery/board/view/?id=dshighschool&no=6419&page=9
9,6418,,행수쌤 사진들,행수쌤 사랑합니다! 하트하트,뉴진스러버이승륜 (218.232) 2025.03.26 00:09:42 스크랩 조회 1002 추천 24 댓글 0,24,1002,2025.03.26 00:09:42,https://gall.dcinside.com/mgallery/board/view/?id=dshighschool&no=6418&page=9
9,6416,,오늘 새벽에 학교 앞에서 죽은사람봄,오늘 대학로에서 놀다가 학교쪽으로갓어 저녁 11시쯤이었나? 학교앞에 지나가는데 30분전에 죽은 시체봤다 옛날에도 시체본적있어서 별 느낌 없을줄 알았는데 이번에 봤을때는 존나 놀랐다 진짜 그 시체는 어제의 나였기때문 수능까지 D-235 어제의 나는 없다 올1등급으로 간다,동붕이 (121.129) 2025.03.24 00:47:27 스크랩 조회 840 추천 17 댓글 2,17,840,2025.03.24 00:47:27,https://gall.dcinside.com/mgallery/board/view/?id=dshighschool&no=6416&page=9
9,6415,,주말에도 과잠?,성신 갔었는데 후드랑 과잠 뭐 이리들 많이 입고있노 피해 지나다녔다 - dc official App,동붕이 (211.234) 2025.03.22 16:55:58 스크랩 조회 795 추천 3 댓글 2,3,795,2025.03.22 16:55:58,https://gall.dcinside.com/mgallery/board/view/?id=dshighschool&no=6415&page=9
9,6414,,코드품,친구없는 아싸동붕이들은 갤질이나 자주 하게 코드 풀어놨음 누구 도배하는거 한번이라도 보이면 다시 검,ehdakrof 2025.03.20 11:12:54 스크랩 조회 405 추천 11 댓글 4,11,405,2025.03.20 11:12:54,https://gall.dcinside.com/mgallery/board/view/?id=dshighschool&no=6414&page=9
9,6413,,학기초인데 다들 뭐하노,어짜피 다 공부도 안하는데 갤질이라도 해야지 뭐 올라오는 글이 없노; 동마갤 다죽었네;,동붕이 (218.234) 2025.03.19 20:02:14 스크랩 조회 294 추천 1 댓글 0,1,294,2025.03.19 20:02:14,https://gall.dcinside.com/mgallery/board/view/?id=dshighschool&no=6413&page=9
9,6411,,이게 뭐냐,"https://www.ohmynews.com/NWS_Web/View/at_pg.aspx?CNTN_CD=A0001289472 https://m.news.eduhope.net/10712 칼럼도 쓰셨네 https://www1.vop.co.kr/search?nPage=10&search_q=%EA%B9%80%ED%96%89%EC%88%98&category=%EC%A0%84%EC%B2%B4&option= 많다 .. ""그는 술이나 여행 같은 것도 거의 안 한다. 먼저 나서서 '우리 뭐 하자' 이런 말도 안 한다. 그래서 일상적 대화는 재미가 없다. 유머 감각도 초보 수준이다. 낼 모레 불혹인데 아직 선이나 미팅 한 번 안 해 봤단다. 인위적인 만남이 싫고 소개해 준 이와 불편한 관계가 될까봐 염려된다는 거다."" ""교사는 최고의 지식인에 속하는 사람들인데 우리나라에서는 학교 담장 안에서 단순 지식 가르치는 기능인으로 한정해서 교사들을 우물 안 개구리로 본다. 그러다보니 아이들도 '담탱이' '꽁생원' '꼰대' 라는 말로 교사들을 정의한다. 그런 풍토가 너무 마음에 안 든다. 학교 담장을 넘어 다른 학교 선생님들과 소통하고 교육 문제, 사회 문제에 대해서도 관심을 갖고 발언하고 토론하는 게 필요하다. 이런 답답함을 풀어내는 방법 중 하나가 기사쓰기다."" ""이명박 정부는 사람을, 교사를 너무 막 대한다. 교육의 가치 중심에는 인간이 있는데, 인간이 행복하게 살자고 교육을 하는 것인데 이명박 정부는 교사를 너무 막 대한다. 너무 쉽게 징계하고 자르는 게 대표적인 사례다. 이명박 정부 들어서 해직 교사가 40여 명에 이른다. 교사나 학생을 막 대해서는 안 된다. 그건 교육의 가치를 부정하는 것이다."" 뒷조사를 도와 준 취재원의 말로는 수업 준비도 누구보다 성실하고 꼼꼼하게 한단다. 하지만 김행수 기자는 ""나는 훌륭한 교사와는 거리가 멀다""고 했다. ""보충수업·자율학습 문제, 수업 시간 잠자는 아이 깨우는 일 등으로 아이들과 옥신각신하고 그러다 마음이 상하기도 하는 평범한 선생""이라고 말했다. ""그럼 김행수 기자가 '괴물'이란 말인가?"" ""그렇다. 괴물, 그거 딱이다. 김행수는 괴물이다. 하하하.""",동붕이 (218.232) 2025.03.15 18:56:05 스크랩 조회 707 추천 24 댓글 0,24,707,2025.03.15 18:56:05,https://gall.dcinside.com/mgallery/board/view/?id=dshighschool&no=6411&page=9
9,6408,,밴드부 오디션,도로시 밴드 들어가고 싶은데 오디션 빡센가요?,동붕이 (211.234) 2025.03.07 14:21:59 스크랩 조회 559 추천 1 댓글 3,1,559,2025.03.07 14:21:59,https://gall.dcinside.com/mgallery/board/view/?id=dshighschool&no=6408&page=9
9,6407,,형들 1학년 와파 비번 공유점여,본인 영어숙제 해야하는데 사전 없어서 쩔쩔맴,동붕이 (106.101) 2025.03.06 07:50:12 스크랩 조회 461 추천 1 댓글 3,1,461,2025.03.06 07:50:12,https://gall.dcinside.com/mgallery/board/view/?id=dshighschool&no=6407&page=9
9,6406,,다올정학원,1학년중에 본인이 모고2 안정적느로 나온다면 학원 다니지마라 특히 영어 1등급 10프로 잖아 다니는게 병신이다... 꼬우면 성적표들고 2-2로 오셈,동붕이 (203.229) 2025.03.04 17:48:37 스크랩 조회 563 추천 0 댓글 1,0,563,2025.03.04 17:48:37,https://gall.dcinside.com/mgallery/board/view/?id=dshighschool&no=6406&page=9
9,6405,,신입생들 필독,이런거 그리는 새끼가 니네 선배다 지금이라도 도망쳐라. - dc official App,헤으응기잇. 2025.03.04 00:02:50 스크랩 조회 819 추천 3 댓글 4,3,819,2025.03.04 00:02:50,https://gall.dcinside.com/mgallery/board/view/?id=dshighschool&no=6405&page=9
9,6404,,광주동성고 서울지부 ㅋㅋ,인정하면 개추 - dc official App,동붕이 (223.39) 2025.03.01 23:00:51 스크랩 조회 587 추천 0 댓글 8,0,587,2025.03.01 23:00:51,https://gall.dcinside.com/mgallery/board/view/?id=dshighschool&no=6404&page=9
9,6403,,신입생 동붕이 별마루 네트워크 디시 차단 뚫는법 공유합니다,앱등이라 갤럭시는 잘 모릅니다 아이폰 기준으로 설명합니다 1.별마루 네트워크 접속 2.별마루 네트워크 이름 옆에 뜨는 파란 정보창 클릭 3.정보창 들어가서 DSN 설정 자동=>수동으로 4.원래 있던 DNS주소 삭제 후 1.1.1.1 1.0.0.1 으로 DNS주소 등록 후 저장 5.네트워크 끄고 다시 켜서 갤질하기 지금 그렇게 해서 글쓰고있다 두에사감섄ㅁ이써서질문못벋ㄱ느ㅜ다ㅓ,동붕이 (211.119) 2025.02.28 12:30:43 스크랩 조회 470 추천 3 댓글 0,3,470,2025.02.28 12:30:43,https://gall.dcinside.com/mgallery/board/view/?id=dshighschool&no=6403&page=9
9,6402,,자사고 1기였는데,"일반고로 전환됐고, 학교도 이사간다니.. 상상도 못할 일들이 벌어졌네. 나 다닐 때는 선생님들이, 우리의 경쟁자는 신일고라고, 이젠 이겨야 된다고.. 매일 그러셨는데 이젠 경쟁조차 안되나 보네ㅠ 마음이 넘 싱숭생숭하다.",플랫나인 2025.02.26 15:12:02 스크랩 조회 532 추천 0 댓글 0,0,532,2025.02.26 15:12:02,https://gall.dcinside.com/mgallery/board/view/?id=dshighschool&no=6402&page=9
9,6401,,학교이전 기사 떴다,"https://m.sedaily.com/NewsView/2GP3VEQG90#cb https://m.sedaily.com/NewsView/2GP3VEQG90#cb [단독]대학로 100년 지킨 명문고, 강남으로 떠난다…'학생 찾아 신도시로' 사회 > 사회일반 뉴스: 1920년대부터 서울 대학로를 지켜온 동성중과 동성고가 종로구를 떠나 송파구 거여·마천 뉴타운 인근에 터를 잡을 전망이... m.sedaily.com",동붕이 (221.146) 2025.02.26 10:54:42 스크랩 조회 433 추천 0 댓글 0,0,433,2025.02.26 10:54:42,https://gall.dcinside.com/mgallery/board/view/?id=dshighschool&no=6401&page=9
10,6398,,담임 동석쌤 앙기모찌,동석쌤 다임 앙가버렷,동붕이 (180.70) 2025.02.10 22:57:52 스크랩 조회 496 추천 0 댓글 0,0,496,2025.02.10 22:57:52,https://gall.dcinside.com/mgallery/board/view/?id=dshighschool&no=6398&page=10
10,6396,,08 ㅎㅇㄹ쌤 조언준다,졸업생인데 내가 본 최고의 goat쌤임 일단 규율.규칙을 중시하시고 공부하는 환경을 조성해주심 ㅎㅇㄹ쌤 말이 무조건 맞음 그냥 까라면 까라 그러면 생기부는 가득 채워질거임 어떤 교사보다도 학생 개개인에 관심가지고 존중해주시는 선생님임 여기 걸렸다? 축하한다 ㅇㄹ쌤은 3학년 하셔야하는 선생님인데 왜 2학년 맡았는지는 모르겠다 뜻깊은 1년 보내라 후배님들,동붕이 (175.124) 2025.02.09 14:14:21 스크랩 조회 704 추천 3 댓글 1,3,704,2025.02.09 14:14:21,https://gall.dcinside.com/mgallery/board/view/?id=dshighschool&no=6396&page=10
10,6399,,학교 이전?,송파로 간다는데 ㅇㄱㅈㅉㅇㅇ?,동붕이 (175.124) 2025.02.16 11:30:38 스크랩 조회 641 추천 0 댓글 3,0,641,2025.02.16 11:30:38,https://gall.dcinside.com/mgallery/board/view/?id=dshighschool&no=6399&page=10
10,6394,,08 동붕입니다 선배님들 도와주십쇼,반배정으로 이균섭 선생님이 담임이 되셨는데 뵌 적이 없어서 잘 모르는 분입니다 졸업한 선배한테 물어봐도 모르던데 어떤 쌤인가요,동붕이 (218.234) 2025.02.08 13:46:39 스크랩 조회 687 추천 0 댓글 3,0,687,2025.02.08 13:46:39,https://gall.dcinside.com/mgallery/board/view/?id=dshighschool&no=6394&page=10
10,6393,,행수+대현,영어 사문 경제 3단콤보 처맞지만 교과로 고대 뚫을게 학종은 물건너감 1학년 담쌤이 고트다 고트...,동붕이 (211.196) 2025.02.08 00:02:26 스크랩 조회 719 추천 0 댓글 2,0,719,2025.02.08 00:02:26,https://gall.dcinside.com/mgallery/board/view/?id=dshighschool&no=6393&page=10
10,6392,,보고 있나? 헤으응기잇?,파란색 버전으로 그림 하나만 더 그려주라,가갤러 (203.210) 2025.02.07 19:45:07 스크랩 조회 488 추천 2 댓글 1,2,488,2025.02.07 19:45:07,https://gall.dcinside.com/mgallery/board/view/?id=dshighschool&no=6392&page=10
10,6391,,선배님들의 지혜가 필요한  08 동붕입니다,오늘 반배정 보니까 김아름쌤? 중국어 하시는 썜 걸렸는데 그쌤 괜찮나요? 뭔가 말투가 ㅈㄴ FM대로 하실꺼 같아서 불안한데 ....,동붕이 (123.140) 2025.02.06 19:36:48 스크랩 조회 653 추천 0 댓글 5,0,653,2025.02.06 19:36:48,https://gall.dcinside.com/mgallery/board/view/?id=dshighschool&no=6391&page=10
10,6390,,올해 입학하는데 기숙사 체험 신청서 쓰는것좀 도와주세요,그 자기소개서 그거 10포인트로 쓰라는데 볼펜으로 써도 되나요? 그리고 학교 방문해서 문서 내려고 하는데 몇시까지 가면 되나요? 검색하니까 5시까지 문 연다는데 이후에 가면 못 들어가나요? 제발요 도와주세요,가갤러 (211.234) 2025.02.06 16:16:11 스크랩 조회 339 추천 0 댓글 0,0,339,2025.02.06 16:16:11,https://gall.dcinside.com/mgallery/board/view/?id=dshighschool&no=6390&page=10
10,6389,,속보 동성고에 이윤형(기혼) 등장!!,,ㅇㅇ (211.234) 2025.02.06 10:20:16 스크랩 조회 759 추천 4 댓글 2,4,759,2025.02.06 10:20:16,https://gall.dcinside.com/mgallery/board/view/?id=dshighschool&no=6389&page=10
10,6388,,98)이번 3학년 담임쌤들 누구임?,궁금하네,동붕이 (175.124) 2025.02.06 09:42:52 스크랩 조회 532 추천 0 댓글 2,0,532,2025.02.06 09:42:52,https://gall.dcinside.com/mgallery/board/view/?id=dshighschool&no=6388&page=10
10,6387,,반배정,담임쌤 동석쌤인데 좋은분임?,동붕이 (128.134) 2025.02.06 09:17:40 스크랩 조회 341 추천 0 댓글 0,0,341,2025.02.06 09:17:40,https://gall.dcinside.com/mgallery/board/view/?id=dshighschool&no=6387&page=10
10,6386,,매점 아직 있음?,신입생인데 궁금함,ㅇㅇ (118.221) 2025.02.05 20:10:03 스크랩 조회 408 추천 0 댓글 2,0,408,2025.02.05 20:10:03,https://gall.dcinside.com/mgallery/board/view/?id=dshighschool&no=6386&page=10
10,6384,,이번년도 입결 언제 나오나요,제곧내,동붕이 (211.36) 2025.02.05 15:25:56 스크랩 조회 356 추천 0 댓글 0,0,356,2025.02.05 15:25:56,https://gall.dcinside.com/mgallery/board/view/?id=dshighschool&no=6384&page=10
10,6383,,동성 06들 꺼져서 좋은 동붕이들은 개추 ㅋㅋㅋㅋㅋㅋㅋㅋㅋㅋ,아으 좆같은 새끼들아 얼른 꺼져라 특히 학생회새끼들,동붕이 (220.72) 2025.02.05 12:50:54 스크랩 조회 608 추천 3 댓글 3,3,608,2025.02.05 12:50:54,https://gall.dcinside.com/mgallery/board/view/?id=dshighschool&no=6383&page=10
10,6382,,반배정,화작애들끼리 모이는거 맞지? 인중 제외하고 지금 행수 화작반임? 이건 상관없너..행수만 안걸리면 좋은데,동붕이 (211.192) 2025.02.04 16:25:55 스크랩 조회 436 추천 0 댓글 1,0,436,2025.02.04 16:25:55,https://gall.dcinside.com/mgallery/board/view/?id=dshighschool&no=6382&page=10
10,6381,,선배님들 도와주세요,새로 입학한 신입생인데 반 배치고사는 못 보면 불이익이 있나요? 생기부가 잘 안 쓰이거나 할 수 있나요?,동붕이 (211.44) 2025.02.04 00:17:43 스크랩 조회 441 추천 2 댓글 2,2,441,2025.02.04 00:17:43,https://gall.dcinside.com/mgallery/board/view/?id=dshighschool&no=6381&page=10
10,6380,,반배정,반배정 언제나오나여,동붕이 (121.129) 2025.02.01 01:31:50 스크랩 조회 338 추천 0 댓글 0,0,338,2025.02.01 01:31:50,https://gall.dcinside.com/mgallery/board/view/?id=dshighschool&no=6380&page=10
10,6374,,2월달 개학할때 정상수업임??,알려주ㅏ잉,동붕이 (180.70) 2025.01.23 21:10:15 스크랩 조회 413 추천 0 댓글 2,0,413,2025.01.23 21:10:15,https://gall.dcinside.com/mgallery/board/view/?id=dshighschool&no=6374&page=10
10,6372,,죽지도 않고 돌아온 동붕이 그림자랑,개추박고 가라 - dc official App,헤으응기잇. 2025.01.18 22:41:26 스크랩 조회 614 추천 12 댓글 3,12,614,2025.01.18 22:41:26,https://gall.dcinside.com/mgallery/board/view/?id=dshighschool&no=6372&page=10
10,6371,,bkscript2 with LL(1) grammar,"안녕 얘들아 에헤이 유클리드 호제법 여러분 이러면 안됩니다. 관심받고 싶어? 김병관. 관심받고 싶어? 김병관관. 따라오니~ bk 0점. 여러분 맞습니까? 김병관 커 김병관관, 따라오니~ bk 김병관 삼분의 일 법칙 김병관관. 아닌가? 따라오니~ bk 김병관관 삼분의 일 법칙 김병관. 불광동. 공부안해? bk 달라 0점, 여러분 맞습니까? 김병관 커 김병관관, 따라오니~ 김병관 김병관 빼 김병관관. 아닌가? 따라오니~ 김병관관 김병관관 빼 김병관. 불광동. 여러분 맞습니까? 김병관 커 김병관관, 따라오니~ bk 김병관 삼분의 일 법칙 김병관관. 아닌가? 따라오니~ bk 김병관관 삼분의 일 법칙 김병관. 불광동. 불광동. 여러분 맞습니까? 김병관 커 김병관관, 풀어보세요! 김병관관. 아닌가? 풀어보세요! 김병관. 불광동. 오늘 수업 여기까지",동붕이 (192.42) 2025.01.14 23:50:31 스크랩 조회 553 추천 2 댓글 0,2,553,2025.01.14 23:50:31,https://gall.dcinside.com/mgallery/board/view/?id=dshighschool&no=6371&page=10
10,6365,,니들도 수업거부 시위해라,검열과 사상 강요한다고 단체로 수업 거부 시위해 잘하면 오히려 기회임,ㅇㅇ (211.234) 2025.01.11 01:46:45 스크랩 조회 626 추천 0 댓글 1,0,626,2025.01.11 01:46:45,https://gall.dcinside.com/mgallery/board/view/?id=dshighschool&no=6365&page=10
10,6364,,중학교 애들,동성은 중학교 애들 관리 좀 쳐해라 애들 꼬라지 시발 ㅋㅋㅋㅋㅋ 존나 꼴보기 싫네 동성중 씹꼴통이노....,동붕이 (218.235) 2025.01.10 19:32:52 스크랩 조회 573 추천 2 댓글 2,2,573,2025.01.10 19:32:52,https://gall.dcinside.com/mgallery/board/view/?id=dshighschool&no=6364&page=10
10,6354,,서울 동성고 화이팅!!!!,,남고생A 2025.01.07 08:32:04 스크랩 조회 528 추천 0 댓글 0,0,528,2025.01.07 08:32:04,https://gall.dcinside.com/mgallery/board/view/?id=dshighschool&no=6354&page=10
10,6352,,마라탕 1그릇이 약 2000칼로리라고 합니다,"마라탕 1그릇 칼로리가 1일 성연 여성 권장칼로리 양이랑 비슷합니다 마라탕 1그릇에 고기까지 추가하면 몇 칼로리겠어요. 점심은 마라탕, 저녁은 엽떡에 사리곰탕까지 말아먹으니 하루 4000은 드시는 언냐들. 살이 왜 찌겠고 냄새가 왜 나겠음.",오도기합짜세해병암내 (211.234) 2025.01.06 14:32:21 스크랩 조회 607 추천 0 댓글 0,0,607,2025.01.06 14:32:21,https://gall.dcinside.com/mgallery/board/view/?id=dshighschool&no=6352&page=10
10,6350,,기술시연,ㅇㅇ,동붕이 (128.134) 2025.01.03 12:58:55 스크랩 조회 411 추천 0 댓글 0,0,411,2025.01.03 12:58:55,https://gall.dcinside.com/mgallery/board/view/?id=dshighschool&no=6350&page=10
10,6349,,강규환,규환이형 사랑해요,ㅇㅇ (128.134) 2025.01.02 15:24:45 스크랩 조회 539 추천 0 댓글 1,0,539,2025.01.02 15:24:45,https://gall.dcinside.com/mgallery/board/view/?id=dshighschool&no=6349&page=10
10,6347,,우리 동성고 학생들,새해복 많이 받고 올해 시험도 힘내자,spes 2025.01.01 00:18:48 스크랩 조회 851 추천 4 댓글 0,4,851,2025.01.01 00:18:48,https://gall.dcinside.com/mgallery/board/view/?id=dshighschool&no=6347&page=10
10,6344,,동마갤 화이팅,새복많,김태훈 2025.01.01 00:09:06 스크랩 조회 364 추천 1 댓글 0,1,364,2025.01.01 00:09:06,https://gall.dcinside.com/mgallery/board/view/?id=dshighschool&no=6344&page=10
10,6343,,요즘 애들은 이거 아나,나 1학년때 여자 통사쌤이 애들 앞에서 남자 통사쌤 뒷담까서 둘 다 학교에서 쫒겨났다 ㅇㅇ,동붕이 (221.145) 2024.12.31 22:48:52 스크랩 조회 629 추천 1 댓글 2,1,629,2024.12.31 22:48:52,https://gall.dcinside.com/mgallery/board/view/?id=dshighschool&no=6343&page=10
10,6340,,진짜 뉴스 댓글보고 기겁했다,난 뉴스 댓글에 대표 시국 선언 수준 왜이러냐길래 공식 사이트에 올라온거 말하는건가 생각하고 찾아봤는데 ㅋㅋㅋㅋ 아 진짜 디시글 가지고 이러는건 지들이 수준 미달인거같다. - dc official App,동붕이 (211.235) 2024.12.30 08:00:18 스크랩 조회 1362 추천 2 댓글 0,2,1362,2024.12.30 08:00:18,https://gall.dcinside.com/mgallery/board/view/?id=dshighschool&no=6340&page=10
10,6336,,동성고 학생은 아닌데 답답해서 글써봄,동성고 학생은 아닌데 며칠 커뮤 눈팅하다가 답답해서 글써봄 시위 자체가 자신들의 목적을 대중에게 알리려고 하는 거라서 사진 촬영이 문제가 잘 안되는 걸로 알고 있음 동성고 학생들이 시위대 촬영했다고 돌아다니는 사진 보면 원거리에서 시위 모습 촬영한 거 같은데(+촬영 여부 확실치X) 시위대 대부분 마스크와 모자 착용해서 신상 특정되는 사진도 아니고 악의적 목적으로 사진 유포한 것도 없는 걸로 앎 (+있다면 말해줘) 오히려 트위터에서 동성고 학생들 촬영 후에 악의적 목적으로 사진 유포하고 심지어 학생회장과 다른 학생들 신상까지 유포하고 성희롱과 인신공격하는 글들 넘쳐남 동성고 갤러리에 Vpn키고 학생들 성희롱하고 비하하는 사람들 몰려왔을 때 올라온 어그로 글 졸업생 대표 시국선언문은 ㄹㅇ 동성고 대표 글이라고 돌아다님 굳이 시위대 찾아가서 조롱한 학생 있다면 쉴드칠 생각은 없는데 억까 당하는 부분이 있는 거 같아서 글써봄,ㅇㅇ (223.131) 2024.12.29 20:54:20 스크랩 조회 2463 추천 16 댓글 1,16,2463,2024.12.29 20:54:20,https://gall.dcinside.com/mgallery/board/view/?id=dshighschool&no=6336&page=10
10,6334,,계엄령..,왜 했는지 이제 알겠지? 대 석 열 - dc official App,동붕이 (221.146) 2024.12.29 17:00:08 스크랩 조회 662 추천 2 댓글 0,2,662,2024.12.29 17:00:08,https://gall.dcinside.com/mgallery/board/view/?id=dshighschool&no=6334&page=10
10,6335,,93기 졸업생 소식듣고 왔습니다(인증o),"어제 동창들 톡방에서 신상유포관련으로 시끌벅적해서 소신발언하러 왔습니다 18년도 그당시 워마드 페미들의 광기를 그대로 보는것 같았어요. 결론부터 얘기하자면 트위터에서 설치는 '도태 노처녀'들의 분노는 그냥 '병신들ㅋㅋ' 하면서 조롱해줍시다 제가 고3이던 2018년 여름 혜화역에서는 남성혐오를 위시한 시위가 숱하게 일어났습니다 강남역 살인사건을 필두로하여, 극소수의 범죄자로 인해 절대다수의 멀쩡한 남성들이 '잠재적 가해자'가 아님을 증명해야하는 시기였습니다 물론 말도 안되는 논리지만 당시 대통령의 발언도 그렇고 그때는 이게 사회적으로 통했습니다 제가 대학 새내기던 19년도 당시에도 술자리나 사석에서 은근히 비혼주의를 드러내고 남성의 폭력성을 불신한다는 이야기를 하던 16 17학번 선배들이 몇몇 있었죠 그리고 20대 후반~30대 초반에 들어선 그 선배들은 지금 몇명은 결혼을 하여 '아들'을 낳거나, 결혼이 급해져서 여기저기 소개팅을 구하며 그들이 그토록 '혐오'하던 남자를 찾아다니고 있습니다 이렇듯 '뚱티부'로 일컬어지는 극소수의 레즈비언 성향 여성들을 제외하면 어차피 나이가 들수록 급해지는건 여성들입니다. 한남이 어쩌구 동현이가 어쩌구 해도 뒤에서는 생물학적 본능을 못이겨서 남자 찾아다니고 그마저도 못구해서 세티로 자위나 하는게 대부분 트페미들의 현실이에요. 그저 본인들이 못생겨서, 피부가 더러워서, 관리를 안해서 남자에게 호감을 얻지 못하는것인데 그 분노를 트위터라는 매체를 통해 남혐으로써 표출하는 것일 뿐입니다. '가질수 없으면 부순다'의 의인화가 현 사회의 트페미들입니다 남자 잘만나고다닐 여자애들까지 본인들의 사상으로 물들여서 자기들같은 불행한 처지로 만드는것에 안달이 나있거든요 이 페미라는 부류는... 다행인것은 이들은 어차피 트위터의 자극적인 스레드가 세상의 전부라고 믿고 사는 애들이라 후배님들과 실제로 만날일도 없습니다. 방구석에 틀어박혀서 본인의 인생이 잘 안풀린건 모두 한남위주의 사회와 애비충의 탓이라고 트위터에 배설이나하며 정신승리와 자기연민으로 하루하루 인생을 살아가는 삼류 인생이니까요. 본인들의 모교에 락카 등으로 테러행위를 저지르고 그것을 시위로서 정당화하려는 추태를 부린것도 그들입니다. 그리고 시위를 비판했다는 이유로 일부 후배님들의 신상까지 무차별적으로 SNS로 퍼나르고 DM으로 조롱한것도 그들이구요. 후배님들의 잘못은 무엇 하나도 없습니다. 지금 동성고 학생들을 대상으로 한 도태페미의 배설행위는 대응할 가치도 없어요. 나이가 어린건 후배님들이고 시간이 흐를수록 사회에서 도태되는건 그들이니까요 ㅎㅎ 수년 뒤 사회생활을 하게 될때쯤, 여전히 트위터가 세상의 전부라고 생각하며 살면서도 한편으로는 급하게 남자를 찾아다니고 있을 그들을 비웃어줍시다 동성고 파이팅~",ㅇㅇ 2024.12.29 19:30:51 스크랩 조회 2712 추천 28 댓글 10,28,2712,2024.12.29 19:30:51,https://gall.dcinside.com/mgallery/board/view/?id=dshighschool&no=6335&page=10
10,6329,,동성고 유튜브도 점거당했누,전술핵 떨어짐ㄷㄷ,ㅇㅇ (1.232) 2024.12.29 15:25:29 스크랩 조회 1135 추천 0 댓글 0,0,1135,2024.12.29 15:25:29,https://gall.dcinside.com/mgallery/board/view/?id=dshighschool&no=6329&page=10
10,6326,,논란터지고 글 적은 사람 중 동성고 아닌 사람이 99%같은데,시국 선언문도 디씨 어그로가 적은거 같은데 진심으로 학생이 적었다 믿는거임?,ㅇㅇ (124.51) 2024.12.29 13:00:05 스크랩 조회 1312 추천 6 댓글 0,6,1312,2024.12.29 13:00:05,https://gall.dcinside.com/mgallery/board/view/?id=dshighschool&no=6326&page=10
10,6325,,98기 졸업생입니다,,김태훈 2024.12.29 12:37:02 스크랩 조회 2373 추천 3 댓글 4,3,2373,2024.12.29 12:37:02,https://gall.dcinside.com/mgallery/board/view/?id=dshighschool&no=6325&page=10
10,6293,,동마갤의 정상화,역시 정상화는 김병관,김태훈 2024.12.28 20:39:30 스크랩 조회 1424 추천 2 댓글 0,2,1424,2024.12.28 20:39:30,https://gall.dcinside.com/mgallery/board/view/?id=dshighschool&no=6293&page=10
10,5595,,지금 이 시간부로 대동성고 학생들은 페미니스트와는 상종하지 않습니다.,"다들 대응하지 마시고 동덕여대보다는 높은 대학교를 향해 공부합시다. 말도 안되는 논리 없는 시위에 ”낄낄“ 거린 것에 긁혀서 직업, 비전 하나 없이 하루종일 트위터로 고등학생 조롱하는 인간들 상대해주지 맙시다. 왜 저런 학교에 갔는지 알 것 같지 않습니까? 학창시절에 공부 안하고 무식한 신념만 키워가니 이러한 불상사가 일어난겁니다. 우리 모두 공부합시다.",동붕이 (58.74) 2024.12.27 21:18:27 스크랩 조회 5904 추천 55 댓글 7,55,5904,2024.12.27 21:18:27,https://gall.dcinside.com/mgallery/board/view/?id=dshighschool&no=5595&page=10
10,5586,,아 그리고 니들 김병관<— 이 분은 진짜로 건드리지 마라,진짜 큰일남 ㅇㅇ,동붕이 (106.101) 2024.12.27 21:03:45 스크랩 조회 3390 추천 11 댓글 0,11,3390,2024.12.27 21:03:45,https://gall.dcinside.com/mgallery/board/view/?id=dshighschool&no=5586&page=10
10,5592,,동붕이들에게,병먹금하자 대화해보려고 메세지 해봤던 동붕이들은 알거다. 어차피 대화 안통한다. 자기들도 자기들이 부끄러운짓 하는거 알고 잘못한거 안다. '응 고소해봐 개인정보 숨겼어' 이런 태도다 대화 안통하는 사람이 대부분인건 이미 아는 사실이고 대학로에서 학교다니면서 그런 족속 많이 만나보지 않았냐? 기말 끝나서 신난건 알겠는데 어차피 얘네는 자기들 논리가 잘못된 것도 알고 자기들이 정의가 아니라는 것도 안다. 어차피 페미니스트 이런걸로 게시물 올려도 이미 걔네도 익숙해서 딜 1도 안박힌다. 공부나하자 어차피 동덕 자기들도 이미 여론 망한거 알아서 점점 무덤 깊게 파 들어간다. 우리 지금 갤질할 때 공부하는 애들은 공부한다. 전면전으로나 상식적으로나 대화 통하는 족속이 아니다. 그냥 재밌게 조금 받아주다가 공부하다가 대학이나 가자,동붕이 (59.5) 2024.12.27 21:10:46 스크랩 조회 2497 추천 30 댓글 1,30,2497,2024.12.27 21:10:46,https://gall.dcinside.com/mgallery/board/view/?id=dshighschool&no=5592&page=10
10,5526,,학교 일정 누가 짰냐,남다르네 ㅇㅇ,동붕이 (58.74) 2024.12.25 23:16:55 스크랩 조회 1460 추천 10 댓글 1,10,1460,2024.12.25 23:16:55,https://gall.dcinside.com/mgallery/board/view/?id=dshighschool&no=5526&page=10
10,5525,,오늘은 동마갤의 영원한 갤주 예수님의 생신입니다.,메리크리스마스,ehdakrof 2024.12.25 12:00:12 스크랩 조회 860 추천 2 댓글 1,2,860,2024.12.25 12:00:12,https://gall.dcinside.com/mgallery/board/view/?id=dshighschool&no=5525&page=10
10,5522,,한마디만 한다,한마디,동붕이 (128.134) 2024.12.17 21:55:04 스크랩 조회 1112 추천 1 댓글 4,1,1112,2024.12.17 21:55:04,https://gall.dcinside.com/mgallery/board/view/?id=dshighschool&no=5522&page=10
10,5519,,홍익중에서 많이 붙나요?,홍익에서 많이 가고 잘 붙나요? 작년에 전교 회장 형 간 건 아는데,홍붕이 (121.160) 2024.12.16 00:59:36 스크랩 조회 646 추천 0 댓글 2,0,646,2024.12.16 00:59:36,https://gall.dcinside.com/mgallery/board/view/?id=dshighschool&no=5519&page=10
10,5514,,한기대 소개합니다,한국기술교육대학교 추천합니다,창갤러 (211.57) 2024.12.05 21:44:15 스크랩 조회 599 추천 0 댓글 0,0,599,2024.12.05 21:44:15,https://gall.dcinside.com/mgallery/board/view/?id=dshighschool&no=5514&page=10
10,5513,,세상이 이상하게 돌아간다고요?,정상화 되는 중인데요ㅋㅋㅋㅋㅋㅋㅋ,애국보수 (58.74) 2024.12.05 20:30:17 스크랩 조회 2512 추천 17 댓글 14,17,2512,2024.12.05 20:30:17,https://gall.dcinside.com/mgallery/board/view/?id=dshighschool&no=5513&page=10
10,5520,,승륜이 생기부 10년전 2015년..,가로본능…입갤 머리는 좋으나 노력을 안함 입갤 리미트의 끈적끈적한 성질 입갤 15년 2월 반배정 오자마자 욕박았는데 그게 10년전이면 승륜이도 많이 늙었겠구만 ㅋ,ㅇㅇ (58.233) 2024.12.17 01:32:54 스크랩 조회 862 추천 1 댓글 3,1,862,2024.12.17 01:32:54,https://gall.dcinside.com/mgallery/board/view/?id=dshighschool&no=5520&page=10
10,5512,,이세상 이상하게 돌아가지만 정상등교 !!!,조금 어수선하고 이상하지만 어른 조금 믿어주고 내일 정상등교해서 재미나게 놀아보자,학주 용우 (124.5) 2024.12.04 02:06:36 스크랩 조회 1260 추천 14 댓글 5,14,1260,2024.12.04 02:06:36,https://gall.dcinside.com/mgallery/board/view/?id=dshighschool&no=5512&page=10
10,5511,,급식 또 먹어도 되냐??,급식먹도 다시 줄서서 먹어도 되는거냐?,오르느느 (106.101) 2024.12.03 20:57:21 스크랩 조회 657 추천 0 댓글 1,0,657,2024.12.03 20:57:21,https://gall.dcinside.com/mgallery/board/view/?id=dshighschool&no=5511&page=10
11,5508,,다시 자사고,올해 동성 1학년 다시 수준 자사고냐 중위권 부터는 존나 탄탄한데,동붕이 (218.235) 2024.11.27 22:25:52 스크랩 조회 695 추천 0 댓글 2,0,695,2024.11.27 22:25:52,https://gall.dcinside.com/mgallery/board/view/?id=dshighschool&no=5508&page=11
11,5507,,승륜쌤 사랑해요,그냥 너무 사랑해요 진짜 너무 사랑해요 진짜 너무 사랑해요 진짜 너무 사랑해요 하트,동붕이 (128.134) 2024.11.27 13:37:37 스크랩 조회 823 추천 7 댓글 0,7,823,2024.11.27 13:37:37,https://gall.dcinside.com/mgallery/board/view/?id=dshighschool&no=5507&page=11
11,5510,,오진숙,,차은교 (106.101) 2024.12.01 20:18:55 스크랩 조회 1590 추천 22 댓글 2,22,1590,2024.12.01 20:18:55,https://gall.dcinside.com/mgallery/board/view/?id=dshighschool&no=5510&page=11
11,5506,,이승륜 지금 3학년 확통 담당임?,.,동붕이 (128.134) 2024.11.25 15:03:46 스크랩 조회 654 추천 0 댓글 1,0,654,2024.11.25 15:03:46,https://gall.dcinside.com/mgallery/board/view/?id=dshighschool&no=5506&page=11
11,5503,,이윤형 이사람 지금 뭐하노.?,왜 요즘 소식이 안올라오노....,동붕이 (121.67) 2024.11.23 20:01:47 스크랩 조회 737 추천 2 댓글 4,2,737,2024.11.23 20:01:47,https://gall.dcinside.com/mgallery/board/view/?id=dshighschool&no=5503&page=11
11,5504,,승륜 선생님 이야기,"월요일 학교에서 있었던일입니다. 저는동성고등학교2학년 재학중인 XXX 학생입니다. 학교에가서 1교시 수업을 마친후, 어젯 밤 반복되는 행위로 인해 피곤해서 잠시 쉬는시간에 잠을자고있었는데 2교시 수업이시작을하고 그 종소리를 듣지못하고 계속자고있었습니다. 2교시 수학(이승륜)선생님이 들어오셔서 수업을시작하기전에 저번시간에 과제물을 다시 나누어주고있었는데 제가 잠을자느라 제 이름을 부르는 소리를 듣지못하고 짝꿍이깨워준다음에 좀 늦게 나가서 과제물을 받았습니다. 그러자 선생님이 발로 제 가랑이를 발로 쌔게 가격하시고 제 옷을 벗기시면서 성적인 욕을하면서 제 옷을 완전히 벗기시려고 하시는겁니다. 정말 몽둥이로 맞는것보다 훨씬 치욕적이고 기분나쁘고 인격무시당하는것같았습니다. 아무도없는곳에서도아니고 친구들 다있는 교실에서 수업시간에 제 몸을 성추행하신 행동하신것에 대해 매우 불쾌하고 화가 치밀어올르고 제 성인지 감수성을 침해한 것 같아서 이렇게 글을 씁니다 제가 알기로는 9월1일부터 서울특별시 구역에있는 학교들은 체벌금지라고 알고있는데 이렇게 학생을 발로차고 욕하고 위협하는 행위는 해도되는것인가요 그선생님이 말씀하시더군요 자기는 체벌금지 그런거해도 상관없다고 교장도 내 밑이라고 정말 어이가없었습니다 저는 이승륜 선생님께서 마땅한 처벌을 받아야 된다고 생각됩니다. 여러분의 의견도 많이 작성해주세요!~!!!",동붕이 (218.232) 2024.11.24 20:32:34 스크랩 조회 1825 추천 27 댓글 2,27,1825,2024.11.24 20:32:34,https://gall.dcinside.com/mgallery/board/view/?id=dshighschool&no=5504&page=11
11,5502,,동성고 근황,이x륜(그당시 확통) 아직 학교에 있음? 졸업한지 벌써 5년 다되어 가는데 이사람 생각하면 아직도 치가 떨림 자사고에서 일반고 전환되었다고 들었는데 이 사람은 왜 아직 안짤리냐,동붕이 (58.124) 2024.11.21 20:18:23 스크랩 조회 1888 추천 14 댓글 3,14,1888,2024.11.21 20:18:23,https://gall.dcinside.com/mgallery/board/view/?id=dshighschool&no=5502&page=11
11,5501,,교복 단속 ㅈ같다,교문에서 검사하는 새끼 ㅈㄴ빡침,동붕이 (211.200) 2024.11.20 01:15:14 스크랩 조회 958 추천 9 댓글 4,9,958,2024.11.20 01:15:14,https://gall.dcinside.com/mgallery/board/view/?id=dshighschool&no=5501&page=11
11,5500,,동성고 질문 있습니다,주변 학교에 비해 생기부 퀄리티도 훨씬 좋고 프로그램도 엄청 많다는데 사실인가요?? 생기부가 좋으면 어떤 식으로 좋고 프로그램은 어떤게 있나요?,동붕이 (121.160) 2024.11.17 15:10:53 스크랩 조회 669 추천 0 댓글 6,0,669,2024.11.17 15:10:53,https://gall.dcinside.com/mgallery/board/view/?id=dshighschool&no=5500&page=11
11,5497,,선배님들의 수능을 응원합니다.,안녕하세요. 동성고 2학년 차은교입니다. 드디어 수능날이 다가왔습니다! 그동안 쌓아온 노력과 열정이 결실을 맺게 되겠네요. 선배님들 내일 수능 잘 보셔서 지금까지 열심히 노력하신 만큼 원하는 성적 거두시고 후회 없는 수능 보시기를 응원합니다. 너무 긴장하지 마시고 침착하게 평소 실력만 발휘하시면 최고의 성적을 거두실 수 있으실 것이라고 믿어 의심치 않습니다. 주위 모두가 응원하고 있다는 것을 있지 마세요. 선배님들 화이팅 입니다! - dc official App,erika 2024.11.13 18:44:41 스크랩 조회 687 추천 10 댓글 8,10,687,2024.11.13 18:44:41,https://gall.dcinside.com/mgallery/board/view/?id=dshighschool&no=5497&page=11
11,5496,,2학기 중간성적,리로에 왜 안뜸?,동붕이 (118.235) 2024.11.13 07:40:31 스크랩 조회 312 추천 1 댓글 0,1,312,2024.11.13 07:40:31,https://gall.dcinside.com/mgallery/board/view/?id=dshighschool&no=5496&page=11
11,5495,,동성제 포스터 공모전,당선작 선정 기준이 뭐임,동붕이 (118.235) 2024.11.11 20:26:13 스크랩 조회 300 추천 3 댓글 0,3,300,2024.11.11 20:26:13,https://gall.dcinside.com/mgallery/board/view/?id=dshighschool&no=5495&page=11
11,5494,,월화 단축수업 하냐?,다축수업 안하냐,오르느느 (106.101) 2024.11.11 07:47:50 스크랩 조회 348 추천 1 댓글 1,1,348,2024.11.11 07:47:50,https://gall.dcinside.com/mgallery/board/view/?id=dshighschool&no=5494&page=11
11,5493,,동성고 좋은 학교인가요?,ㅈㄱㄴ,동붕이 (121.160) 2024.11.11 00:59:52 스크랩 조회 604 추천 4 댓글 2,4,604,2024.11.11 00:59:52,https://gall.dcinside.com/mgallery/board/view/?id=dshighschool&no=5493&page=11
11,5492,,레장 목격,이야,동붕이 (118.235) 2024.11.09 16:13:18 스크랩 조회 398 추천 0 댓글 0,0,398,2024.11.09 16:13:18,https://gall.dcinside.com/mgallery/board/view/?id=dshighschool&no=5492&page=11
11,5491,,동성고 3학년 조심하라는 글 쓴 사람 혹시,"XX혁이니? AI 이미지가 생성되었습니다. 새로고침(F5) 해 주세요. 프롬프트 StudY HARD, 네거티브 프롬프트 샘플링 DPM++ 2M Karras 스타일 None - dc official App",동붕이 (104.28) 2024.11.07 10:17:01 스크랩 조회 899 추천 1 댓글 3,1,899,2024.11.07 10:17:01,https://gall.dcinside.com/mgallery/board/view/?id=dshighschool&no=5491&page=11
11,5489,,동성고 3학년들 조심해,얼마전에 친구한테 들었는데 2년전 있던일에 가담한 애들한테 고소장 날라갈 수 있대..,동붕이 (115.90) 2024.11.05 17:48:27 스크랩 조회 679 추천 3 댓글 1,3,679,2024.11.05 17:48:27,https://gall.dcinside.com/mgallery/board/view/?id=dshighschool&no=5489&page=11
11,5487,,학교 분위기 ㄱㅊ음? 부모님이 남고 가라해서 생각중인데,학교 ㄱㅊ음?,ㅇㅇ (220.116) 2024.11.05 00:15:00 스크랩 조회 852 추천 0 댓글 5,0,852,2024.11.05 00:15:00,https://gall.dcinside.com/mgallery/board/view/?id=dshighschool&no=5487&page=11
11,5486,,작년 수학여행 어디갔노?,현1학년인데 해외가고 싶다,동붕이 (211.200) 2024.11.02 23:03:45 스크랩 조회 417 추천 1 댓글 4,1,417,2024.11.02 23:03:45,https://gall.dcinside.com/mgallery/board/view/?id=dshighschool&no=5486&page=11
11,5485,,수학 쉽긴 했는데 점수 왜이러노,70점대 ㅁㅌㅊ? ㅅㅂ,동붕이 (121.128) 2024.10.29 13:07:13 스크랩 조회 417 추천 0 댓글 1,0,417,2024.10.29 13:07:13,https://gall.dcinside.com/mgallery/board/view/?id=dshighschool&no=5485&page=11
11,5484,,왜 수학 답지 안올라오냐,- dc official App,동붕이 (128.134) 2024.10.28 09:12:14 스크랩 조회 229 추천 0 댓글 0,0,229,2024.10.28 09:12:14,https://gall.dcinside.com/mgallery/board/view/?id=dshighschool&no=5484&page=11
11,5483,,아..아빠...그.그만...!!!,,DATNON 2024.10.26 22:04:44 스크랩 조회 1304 추천 11 댓글 2,11,1304,2024.10.26 22:04:44,https://gall.dcinside.com/mgallery/board/view/?id=dshighschool&no=5483&page=11
11,5482,,념글컷 개추 6개로 내렸습니다,수능이 얼마 남지 않았으니 갤질을 더욱 열심히 하도록 하자...,ehdakrof 2024.10.26 19:34:41 스크랩 조회 366 추천 1 댓글 1,1,366,2024.10.26 19:34:41,https://gall.dcinside.com/mgallery/board/view/?id=dshighschool&no=5482&page=11
11,5481,,2학년 이동수업 때,물건 좀 작작 훔쳐가라 제발 뭐하는거냐 진짜 미래의 도둑놈 될 시키들아,ㅇㅇ (211.234) 2024.10.26 01:30:15 스크랩 조회 829 추천 12 댓글 2,12,829,2024.10.26 01:30:15,https://gall.dcinside.com/mgallery/board/view/?id=dshighschool&no=5481&page=11
11,5479,,예비 고1인데,동성고는 기숙사 어떤가요 - dc official App,ㅇㅇ (211.49) 2024.10.23 22:24:21 스크랩 조회 553 추천 1 댓글 14,1,553,2024.10.23 22:24:21,https://gall.dcinside.com/mgallery/board/view/?id=dshighschool&no=5479&page=11
11,5477,,오늘 에어팟 한쪽 유닛 잃어버린 사람,AI 이미지가 생성되었습니다. 새로고침(F5) 해 주세요. 3-7로 와서 받아가세요,동붕이 (211.234) 2024.10.21 15:52:21 스크랩 조회 320 추천 0 댓글 1,0,320,2024.10.21 15:52:21,https://gall.dcinside.com/mgallery/board/view/?id=dshighschool&no=5477&page=11
11,5476,,노무현,노무현 살아있으면 개추를 벅벅,동붕이 (211.200) 2024.10.20 02:09:35 스크랩 조회 576 추천 18 댓글 0,18,576,2024.10.20 02:09:35,https://gall.dcinside.com/mgallery/board/view/?id=dshighschool&no=5476&page=11
11,5475,,승륜쌤 생기부 잘써주시나요??,1학년입니다. 승륜 쌤한테 활동한 거 가서 보여드리면 귀찮으니까 꺼지라고 하시는데 평소에 애들이 모르는 문제 물어봐도 귀찮으니까 대답하기 싫다고 돌려보내시는 분이여서.. 생기부 1줄 막 이렇게 적진 않겠죠??,동붕이 (121.140) 2024.10.19 18:18:52 스크랩 조회 664 추천 1 댓글 1,1,664,2024.10.19 18:18:52,https://gall.dcinside.com/mgallery/board/view/?id=dshighschool&no=5475&page=11
11,5474,,나 오늘 생일임.,헤헤ㅔ.. 봇치짱.. 탄죠비 프레젠또 아리가또우.....,은교 (124.49) 2024.10.18 20:46:16 스크랩 조회 573 추천 7 댓글 1,7,573,2024.10.18 20:46:16,https://gall.dcinside.com/mgallery/board/view/?id=dshighschool&no=5474&page=11
11,5467,,ㅇㅇ,여기 은교 게이가 ㄴㄱ임? 이주하 급인가?,삼붕이 (121.160) 2024.10.15 02:26:40 스크랩 조회 571 추천 13 댓글 5,13,571,2024.10.15 02:26:40,https://gall.dcinside.com/mgallery/board/view/?id=dshighschool&no=5467&page=11
11,5465,,의외로 양보해줘야하는거.jpg,- dc official App,헤으응기잇. 2024.10.13 18:16:07 스크랩 조회 695 추천 10 댓글 3,10,695,2024.10.13 18:16:07,https://gall.dcinside.com/mgallery/board/view/?id=dshighschool&no=5465&page=11
11,5464,,화장실 변기칸,화장실 변기칸 벽에 낙서하는 새끼 누구임 참고로 나는 1학년 9반이다,동붕이 (211.200) 2024.10.11 01:00:53 스크랩 조회 438 추천 7 댓글 0,7,438,2024.10.11 01:00:53,https://gall.dcinside.com/mgallery/board/view/?id=dshighschool&no=5464&page=11
11,5463,,선택과목 사이트,로그인 구글 아이디랑 기초비번 했는데 왜 로그인 안돼냐,동붕이 (106.101) 2024.10.04 07:48:29 스크랩 조회 383 추천 0 댓글 1,0,383,2024.10.04 07:48:29,https://gall.dcinside.com/mgallery/board/view/?id=dshighschool&no=5463&page=11
11,5461,,선택과목,다들 선택과목 뭐함,동붕이 (121.160) 2024.09.29 22:57:14 스크랩 조회 364 추천 0 댓글 5,0,364,2024.09.29 22:57:14,https://gall.dcinside.com/mgallery/board/view/?id=dshighschool&no=5461&page=11
11,5457,,졸업생인데요,창수쌤 아직 있나요 그리고 엄   뒤진 주뭐시기 수학선생련도 있나요 서울대 볼펜 뿌리면 받으실분도 구함,동붕이 (223.39) 2024.09.14 16:21:05 스크랩 조회 854 추천 1 댓글 7,1,854,2024.09.14 16:21:05,https://gall.dcinside.com/mgallery/board/view/?id=dshighschool&no=5457&page=11
11,5456,,화장실 변기,지가 눈 똥은 좀 제대로 내리자,동붕이 (128.134) 2024.09.12 11:01:03 스크랩 조회 1035 추천 26 댓글 3,26,1035,2024.09.12 11:01:03,https://gall.dcinside.com/mgallery/board/view/?id=dshighschool&no=5456&page=11
11,5455,,수련회에서 사고친 1학년 있음?,나 2학년 2반 ㄱㅈㅎ인데 사고친 새끼들 다 패고싶다,동붕이 (211.200) 2024.09.09 23:37:43 스크랩 조회 930 추천 6 댓글 3,6,930,2024.09.09 23:37:43,https://gall.dcinside.com/mgallery/board/view/?id=dshighschool&no=5455&page=11
11,5454,,평균 6등급이 모고보는법,아 대학 안가도 안뒤진다고ㅋㅋ - dc official App,헤으응기잇. 2024.09.05 23:09:42 스크랩 조회 1113 추천 22 댓글 2,22,1113,2024.09.05 23:09:42,https://gall.dcinside.com/mgallery/board/view/?id=dshighschool&no=5454&page=11
11,5453,,1학년인데 개인적으로 9모 안치는건 말이 안된다 생각합니다.,"어떻게 1년에 세 번 있는 소중한 모의고사 기회를 날려먹나요. 정말 억장이 무너집니다. 물론 이번 기출도 당연히 풀어볼 예정이지만, 시험 시간에 다 같이 푸는 것과는 확연한 차이가 있다고 생각합니다. 이점 재고해주시어 주말에라도 시간 맞춰 급우들과 풀 수 있는 기회 주시면 좋지 않을까요?",ㅇㅇ (223.62) 2024.09.04 16:58:52 스크랩 조회 838 추천 19 댓글 6,19,838,2024.09.04 16:58:52,https://gall.dcinside.com/mgallery/board/view/?id=dshighschool&no=5453&page=11
11,5450,,2점중반대 한양대 간 선배 진짜 있음?,부럽누,동붕이 (222.110) 2024.08.29 19:31:11 스크랩 조회 898 추천 0 댓글 6,0,898,2024.08.29 19:31:11,https://gall.dcinside.com/mgallery/board/view/?id=dshighschool&no=5450&page=11
11,5448,,전용우 선생님 지지합니다,아침마다 교사로써의 자질을 보여주시는 모습에 감동했습니다 참고로 김병관 선생님 좋아합니다.,동붕이 (106.101) 2024.08.28 01:04:16 스크랩 조회 1092 추천 18 댓글 2,18,1092,2024.08.28 01:04:16,https://gall.dcinside.com/mgallery/board/view/?id=dshighschool&no=5448&page=11
11,5447,,고3 교복 잡는거 ㅇㅁ뒤졌으면개추 ㅋㅋ,시발,동붕이 (61.72) 2024.08.26 23:16:40 스크랩 조회 1445 추천 23 댓글 9,23,1445,2024.08.26 23:16:40,https://gall.dcinside.com/mgallery/board/view/?id=dshighschool&no=5447&page=11
11,5446,,학수쌤,왜 칸예 보디가드를 하고계시냐 - dc official App,동붕이 (121.160) 2024.08.25 10:54:19 스크랩 조회 1263 추천 19 댓글 7,19,1263,2024.08.25 10:54:19,https://gall.dcinside.com/mgallery/board/view/?id=dshighschool&no=5446&page=11
11,5445,,2주지난 우유 뜯었는데,"김을 모락모락 내는, 갓 삶은 따끈한 면이 그릇에 담겨 나왔다. 칼로는 젓가락을 놓고 가스레인지의 불을 켰다. 퀘퀘한 가스냄새가 실내에 퍼졌다. 조직원들은 궁금한 표정으로 코를 틀어막으며 생각했다. '뭐..뭘 하시려는거지?!' 이윽고 칼로는 누런 육수와 아랫쪽이 갈색으로 변색된 양은냄비를 가져왔고, 의자에 앉아서는 육수을 냄비 안에 부었다. '서..설마?' 세월의 흔적을 느끼게 해주는 낡은 버드나무껍질같은 양은냄비 , 그 안에 바다같이 탁한 육수에서는 처음으로 맡아보는 은은한 멸치의 냄새가 실내로 퍼져나갔다. 조직원들은 어디서 온지 모르는 호기심에 칼로 몰래 벽을 붙잡고서 유심히 지켜보기 시작하였다. '오 육수 냄새가 구수한데?!!!' '꼬르르르르륵' '보글' 양은냄비의 육수에, 조금씩 보글보글 끓는 소리와 함께 멸치를 100년간 우러낸것 같은 구수한 육수냄새가 실내에 있던 조직원들의 오감을 배고프게 만들었다. 조직원들은 지금 이순간 살아있는 것 자체가 공복이라고 느꼈다. 이윽고 양은냄비에 든 육수에서 고개를 내미는게 많아지기 시작한 동글동글한 갈색 공기방울과 수증기가 끝도 없이 육수 위로 얹혀졌다. '보글보글보글' '보글 뽁뽁 보글' '칙칙 보글보글' 양은냄비 안의 멸치육수는 한참을 그렇게 모두가 군침을 흘리는 세상에서 가장 맛있는 오케스트라를 연주했다. 육수의 양이 너무 많은 나머지, 더러는 냄비 밖의 탁자로 흩뿌려지듯 튀어나갔다. '탁' 칼로의 가스레인지에서, 조리의 종료를 알리는 단말마의 소리가 경쾌하게 울려 퍼졌다. 만족스런 미소와 함께 육수 데피기를 끝낸 칼로는 뒷처리도 하지 않고 바로 육수를 면에 부었다. 그리고는 면과 모락모락 김을 뿜고 있는 냄새나는 갈색 육수를 마치 미친놈처럼 면과 함께 젓가락으로 비비기 시작했다. 세상의 말로 표현이 힘든 멸치보다 더 구수한 냄새가 지독하게 퍼졌다. 칼로가 그 촉촉하게 비벼진 면을 입에 가져가는 순간, 이미 실내의 다른 조직원들은 모두 군침을 흘리고 있던 상태였다..",동붕이 (218.48) 2024.08.25 07:26:16 스크랩 조회 433 추천 2 댓글 1,2,433,2024.08.25 07:26:16,https://gall.dcinside.com/mgallery/board/view/?id=dshighschool&no=5445&page=11
11,5443,,동성고 영어 내신 학원,영어 학원 다니도싶은데 학원 추천해주세요 급함,동붕이 (125.129) 2024.08.24 19:13:25 스크랩 조회 911 추천 1 댓글 1,1,911,2024.08.24 19:13:25,https://gall.dcinside.com/mgallery/board/view/?id=dshighschool&no=5443&page=11
11,5442,,개학 시1발거,방학동안 학원에 박혀있었는데 벌써개학이냐 ㅅㅂ - dc official App,헤으응기잇. 2024.08.23 00:40:13 스크랩 조회 468 추천 3 댓글 2,3,468,2024.08.23 00:40:13,https://gall.dcinside.com/mgallery/board/view/?id=dshighschool&no=5442&page=11
11,5440,,1학년수학,독학으로 해서 1학기 3등급 나왔는데 2등급까지 올리고 싶은데 모의고사를 많이 풀어야 할까요? 참고로 문과입니다 - dc official App,동붕이 (220.93) 2024.08.21 15:38:52 스크랩 조회 475 추천 2 댓글 7,2,475,2024.08.21 15:38:52,https://gall.dcinside.com/mgallery/board/view/?id=dshighschool&no=5440&page=11
11,5437,,1학년 방학숙제 있음?,1학년 방학숙제 있룸?,동붕이 (180.70) 2024.08.19 21:51:37 스크랩 조회 246 추천 0 댓글 0,0,246,2024.08.19 21:51:37,https://gall.dcinside.com/mgallery/board/view/?id=dshighschool&no=5437&page=11
11,5436,,개학날,개학날 정상 수업하나요??,동붕이 (121.160) 2024.08.19 12:19:20 스크랩 조회 194 추천 0 댓글 0,0,194,2024.08.19 12:19:20,https://gall.dcinside.com/mgallery/board/view/?id=dshighschool&no=5436&page=11
11,5441,,미분법과 다항식의 나눗셈,마플공부하다가 저 개념이 나왔는데 증명없이 공식만 있으면서 문제량도 풀기싫게 좀 있는편인데.. 수능교재(한완수) 공부할땐 저런 개념 없었는데 저 개념이 수능때도 필요한 개념인가요?,한양대26학번 2024.08.21 22:52:55 스크랩 조회 613 추천 5 댓글 3,5,613,2024.08.21 22:52:55,https://gall.dcinside.com/mgallery/board/view/?id=dshighschool&no=5441&page=11
12,5433,,타학교 학생인데 동성고로 전학가고 싶다,남자였으면 갔.다ㅠ,동붕이 (39.7) 2024.08.16 15:26:27 스크랩 조회 818 추천 4 댓글 7,4,818,2024.08.16 15:26:27,https://gall.dcinside.com/mgallery/board/view/?id=dshighschool&no=5433&page=12
12,5432,,개학,코 앞이노...^^b,관종씹덕 2024.08.15 15:30:34 스크랩 조회 320 추천 0 댓글 1,0,320,2024.08.15 15:30:34,https://gall.dcinside.com/mgallery/board/view/?id=dshighschool&no=5432&page=12
12,5430,,동성고 축제 언제하나요,알려줄 오빠 구함,동붕이 (180.229) 2024.08.13 18:40:02 스크랩 조회 423 추천 0 댓글 4,0,423,2024.08.13 18:40:02,https://gall.dcinside.com/mgallery/board/view/?id=dshighschool&no=5430&page=12
12,5431,,ㅈ반고 문제점,"1학년 영어 시험 ㅈㄴ 쉬움 이걸로 애들 가두리 양식 하려는듯 ㅈ반고 답게 수련회도 9모 맞춰서 감 11모는 보는지 ㅋㅋ 1핟년 반별로 편차 ㅈㄴ 큼 6,7,8,9반 분위기도 그렇고 잘할래야 잘 할 수가 없음 자율 학습은 개나 줘버림 스카는 ㅈㄴ 시끄럽고 감독쌤들도 지각이 일상이고 방학중에는 진짜 자율로 맡겨놈 같은 종로 일반고 경신이랑 비교많이 됨",동붕이 (203.229) 2024.08.15 00:18:48 스크랩 조회 585 추천 1 댓글 3,1,585,2024.08.15 00:18:48,https://gall.dcinside.com/mgallery/board/view/?id=dshighschool&no=5431&page=12
12,5434,,생명과학...,유전 공부 하는데 자꾸 ‘교배 교배’ 하니까 꼴리는거 정상인가요? 참고로 김병관 선생님을 가장 존경합니다.,ㅇㅇ (211.235) 2024.08.16 18:11:40 스크랩 조회 695 추천 16 댓글 2,16,695,2024.08.16 18:11:40,https://gall.dcinside.com/mgallery/board/view/?id=dshighschool&no=5434&page=12
12,5429,,진학 컨설팅,신청하기 전에는 담임선생님께서 교육청 관계자가 오셔서 하는 거라 뭐 100만원 정도의 컨설팅이라 설명하셨는데 막상 해보니 진짜 하나도 도움 안됩니다. 일단 신청서 작성한 거 읽으신 건지 모르겠네요. 뭐 별다른 말씀도 없으시고 “수학을 올리면 대학을 더 잘 갈 거다” 이건 저도 아는 사실입니다. 그리고 신청서랑 리로 스쿨에 적은 질문에 대한 답변은 하나도 없으셔서 마지막에 제 내신 점수대에 간 형들은 어디 대학 갔는지 질문했는데 그에 대한 답변은 없고 제 과의 국민대 컷트라인이 1점대 후반이라는 말만 들었습니다. 이건 대학교 사이트에만 가도 나오는 건데 제가 이 말을 들으려고 이걸 신청했을까요? 저는 동성고가 정말 좋은 학교라고 생각하는데 이런 점부터 좀 고쳐야한다고 생각합니다. 말만 번지르르하게 하지말고 말한 대로 프로그램이 이루어진다면 정말 좋은 학교가 될 것이라 생각합니다.,동붕이 (38.91) 2024.08.12 18:00:06 스크랩 조회 832 추천 43 댓글 4,43,832,2024.08.12 18:00:06,https://gall.dcinside.com/mgallery/board/view/?id=dshighschool&no=5429&page=12
12,5428,,이번 동성제 장기자랑,신청 뭐 들어왔는지 아는 동붕이 있노?,관종씹덕 2024.08.11 21:01:16 스크랩 조회 661 추천 0 댓글 7,0,661,2024.08.11 21:01:16,https://gall.dcinside.com/mgallery/board/view/?id=dshighschool&no=5428&page=12
12,5426,,방학 개학 몇일임?,개학 몇일이노,동붕이 (223.38) 2024.08.09 19:25:17 스크랩 조회 257 추천 0 댓글 1,0,257,2024.08.09 19:25:17,https://gall.dcinside.com/mgallery/board/view/?id=dshighschool&no=5426&page=12
12,5424,,작년이 그립다,동마갤 왜 뒤졌노?,관종씹덕 2024.08.07 11:06:53 스크랩 조회 408 추천 1 댓글 1,1,408,2024.08.07 11:06:53,https://gall.dcinside.com/mgallery/board/view/?id=dshighschool&no=5424&page=12
12,5422,,동작구 사는 동붕이 있음?,궁금하네,동붕동붕 (106.101) 2024.08.04 17:31:00 스크랩 조회 286 추천 0 댓글 1,0,286,2024.08.04 17:31:00,https://gall.dcinside.com/mgallery/board/view/?id=dshighschool&no=5422&page=12
12,5419,,엄마가 두부 세모 사오라는데,마트에 두부는 네모밖에 없는데 세모 모양 두부는 대체 어디서 파나요?? ㅠㅠ 참고로 김병관선생님 가장 좋아합니다,DATNON 2024.08.01 11:35:24 스크랩 조회 911 추천 19 댓글 8,19,911,2024.08.01 11:35:24,https://gall.dcinside.com/mgallery/board/view/?id=dshighschool&no=5419&page=12
12,5418,,ㄹㅇ짝사랑포기한다,타학교 헉생인덷ㄷ진짜 아제 포기하려합니다 진짜 잘생기시고 키크신데 하 우울하다 방에서처우는중,동붕이 (180.229) 2024.07.29 21:42:40 스크랩 조회 521 추천 5 댓글 4,5,521,2024.07.29 21:42:40,https://gall.dcinside.com/mgallery/board/view/?id=dshighschool&no=5418&page=12
12,5417,,수학 학원 추천좀 해주십시오,수학학원 1티어 추천좀 해주십시오 절실합니다.,동붕이 (180.70) 2024.07.29 21:01:44 스크랩 조회 507 추천 0 댓글 6,0,507,2024.07.29 21:01:44,https://gall.dcinside.com/mgallery/board/view/?id=dshighschool&no=5417&page=12
12,5416,,짤녀 꼴리면 개추,ㅇㄷㄴㅂㅌ - dc official App,헤으응기잇. 2024.07.27 22:40:16 스크랩 조회 824 추천 5 댓글 4,5,824,2024.07.27 22:40:16,https://gall.dcinside.com/mgallery/board/view/?id=dshighschool&no=5416&page=12
12,5415,,요즘도 동마갤 굴러가냐,졸업한지 2년하고 6개월정도 됐나 매점으로 뜨거웠던거까지 슥 봤는데 김홍주 신부님도 갤에 등장하는거 보니까 새롭네 ㅋㅋ 지금 학교 다니는애들은 다 내가 모르는 애들이겠노 +) 이균섭쌤 잘계시냐 - dc official App,ㅇㅇ (211.235) 2024.07.27 20:57:27 스크랩 조회 285 추천 1 댓글 0,1,285,2024.07.27 20:57:27,https://gall.dcinside.com/mgallery/board/view/?id=dshighschool&no=5415&page=12
12,5414,,코드 줄였음,전에 도배기 돌리는 새끼들 있었어서 글쓰기는 1자리로 낮춤,ehdakrof 2024.07.23 01:00:42 스크랩 조회 353 추천 2 댓글 3,2,353,2024.07.23 01:00:42,https://gall.dcinside.com/mgallery/board/view/?id=dshighschool&no=5414&page=12
12,5413,,주딱 시발련아,코드풀어라,ㅇㅇ (211.234) 2024.07.22 21:18:15 스크랩 조회 262 추천 3 댓글 0,3,262,2024.07.22 21:18:15,https://gall.dcinside.com/mgallery/board/view/?id=dshighschool&no=5413&page=12
12,5412,,동마갤 운영자님,코드 좀 없애봐요 시발 ㅈ같네,동붕이 (211.36) 2024.07.22 14:11:06 스크랩 조회 243 추천 2 댓글 1,2,243,2024.07.22 14:11:06,https://gall.dcinside.com/mgallery/board/view/?id=dshighschool&no=5412&page=12
12,5411,,은교햄 보고싶다,몇반으로 가면 실물영접 ㄱㄴ한거냐 직접 미팅하고싶다,동붕이 (106.101) 2024.07.22 12:12:28 스크랩 조회 434 추천 1 댓글 5,1,434,2024.07.22 12:12:28,https://gall.dcinside.com/mgallery/board/view/?id=dshighschool&no=5411&page=12
12,5410,,뭐노,AI 이미지가 생성되었습니다. 새로고침(F5) 해 주세요. 프롬프트 dictator 네거티브 프롬프트 샘플링 DPM++ 2M Karras 스타일 None 왜 갑자기 코드걸고 피싸노,동붕이 (223.62) 2024.07.20 14:42:06 스크랩 조회 374 추천 0 댓글 1,0,374,2024.07.20 14:42:06,https://gall.dcinside.com/mgallery/board/view/?id=dshighschool&no=5410&page=12
12,5409,,어제 1교시에 도서관쪽 컴퓨터실 쓴반,어제 1교시에 도서관쪽 컴퓨터실 쓴반,iclld375ma (128.134) 2024.07.19 09:43:53 스크랩 조회 356 추천 0 댓글 0,0,356,2024.07.19 09:43:53,https://gall.dcinside.com/mgallery/board/view/?id=dshighschool&no=5409&page=12
12,5408,,반갑습니다 대 동성고 학우 여러분,https://docs.google.com/forms/d/e/1FAIpQLSeAbqvczfMmwy6AnWmqL5-qtVIZChvseyqEqV8W9LH9zYRPoA/viewform?usp=sf_link 교내 조경 설문조사 교내 조경 시설이 학생들에게 미치는 영향에 대해 조사하기 위해 진행하는 설문조사입니다. 성실하게 답변해주시길 바랍니다. docs.google.com 신일고등학교 인문사회 심포지엄 자료확보를 위한 피땀흘려만든 정성과 노고의 설문조사입니다. 귀중한 시간 한번씩 내주셔서 설문에 임하여주시면 정말 감개무량하겠습니다. - dc official App,고감고닉 2024.07.19 08:49:25 스크랩 조회 782 추천 10 댓글 1,10,782,2024.07.19 08:49:25,https://gall.dcinside.com/mgallery/board/view/?id=dshighschool&no=5408&page=12
12,5405,,1학년 총합 성적,담임쌤한테 여쭤봤는데 잘 모르신다해서..오늘 통신문 나눠주신게 1학년 1학기 총합 성적인가요? 추가로 석차는 따로 안 알려주시나요?,동붕이 (121.160) 2024.07.16 21:25:32 스크랩 조회 585 추천 0 댓글 1,0,585,2024.07.16 21:25:32,https://gall.dcinside.com/mgallery/board/view/?id=dshighschool&no=5405&page=12
12,5404,,우흥,노무현운지 - dc official App,동붕이 (211.234) 2024.07.16 20:24:36 스크랩 조회 284 추천 1 댓글 0,1,284,2024.07.16 20:24:36,https://gall.dcinside.com/mgallery/board/view/?id=dshighschool&no=5404&page=12
12,5401,,이새끼 머냐?,책상 위에서 자는데 이거 신고해도되냐??,은교 (118.221) 2024.07.16 10:46:20 스크랩 조회 1280 추천 12 댓글 5,12,1280,2024.07.16 10:46:20,https://gall.dcinside.com/mgallery/board/view/?id=dshighschool&no=5401&page=12
12,5400,,질문,내 실명은 어떻게 안거임? - dc official App,erika 2024.07.15 18:45:47 스크랩 조회 519 추천 7 댓글 10,7,519,2024.07.15 18:45:47,https://gall.dcinside.com/mgallery/board/view/?id=dshighschool&no=5400&page=12
12,5399,,요번 서코 갈사람있음?,나는 이러고 갈건데 아직 미완성이기는 함 - dc official App,erika 2024.07.14 04:10:48 스크랩 조회 1234 추천 13 댓글 18,13,1234,2024.07.14 04:10:48,https://gall.dcinside.com/mgallery/board/view/?id=dshighschool&no=5399&page=12
12,5398,,ㅈ반고에서 왜 수학 시험 어렵게내는거임,엄,동붕이 (221.143) 2024.07.13 12:51:56 스크랩 조회 631 추천 5 댓글 3,5,631,2024.07.13 12:51:56,https://gall.dcinside.com/mgallery/board/view/?id=dshighschool&no=5398&page=12
12,5396,,근처 광사고 3점 초 1학년인데,동성 가면 어느 정도까지 가능할까요 종교도 천주교고 집이 서대문구라 기숙사 입사 염두에 두고 있습니다 분위기는 어떨까요?,동붕이 (118.221) 2024.07.12 13:34:06 스크랩 조회 478 추천 3 댓글 7,3,478,2024.07.12 13:34:06,https://gall.dcinside.com/mgallery/board/view/?id=dshighschool&no=5396&page=12
12,5395,,나 ㅂㅅㄱ인데 2학년 6반으로 와라,급식실에서 전자담배 빨았던 새끼들 2학년 6반으로 와라 진짜 야차룰로 함 뜨자 - dc official App,동붕이 (39.7) 2024.07.09 22:05:52 스크랩 조회 735 추천 13 댓글 5,13,735,2024.07.09 22:05:52,https://gall.dcinside.com/mgallery/board/view/?id=dshighschool&no=5395&page=12
12,5394,,물리 정답 올려줘요 ㅠㅠㅠ,뭔데 아직도 안 올라오냐,ㅇㅇ (121.160) 2024.07.09 13:44:41 스크랩 조회 216 추천 1 댓글 0,1,216,2024.07.09 13:44:41,https://gall.dcinside.com/mgallery/board/view/?id=dshighschool&no=5394&page=12
12,5392,,진짜 자퇴하는 새끼들은 뭐냐?,존나 현명하노 냄새나는 아가리를 안봐도되네 ㄷㄷ,동붕이 (58.228) 2024.07.07 22:54:31 스크랩 조회 828 추천 9 댓글 3,9,828,2024.07.07 22:54:31,https://gall.dcinside.com/mgallery/board/view/?id=dshighschool&no=5392&page=12
12,5391,,동성고 2학년 화요일날 무슨시험보나요,뭔시험 ㅈ보나욪ㅂ제발알려줘 제발 ㅠㅠㅠㅠㅠㅠㅠ,동붕이 (180.229) 2024.07.07 21:45:19 스크랩 조회 338 추천 0 댓글 6,0,338,2024.07.07 21:45:19,https://gall.dcinside.com/mgallery/board/view/?id=dshighschool&no=5391&page=12
12,5390,,"별마루 2,3학년들",선배들 중에 2학년에 두명이랑 한명은 기숙사인자 모르겟는데 일단 한명 더 해가지고 잘생긴 형들 세명 있고 3학년엔 축구 잘하는 형 한명이랑 농구?잘하는 형 한명 잘샐긴 형들 있던데 나다 싶거나 이사람 일거다 하는 사람들 이름좀 쓰자 이랬는데 지 이름쓰면 뺨따구 쎄게 갈기기 (셀프로),동붕이 (128.134) 2024.07.07 20:23:40 스크랩 조회 644 추천 1 댓글 12,1,644,2024.07.07 20:23:40,https://gall.dcinside.com/mgallery/board/view/?id=dshighschool&no=5390&page=12
12,5388,,이새끼 뭐냐,엘베 앞 쪽 - dc official App,동붕이 (211.217) 2024.07.05 18:06:14 스크랩 조회 714 추천 3 댓글 3,3,714,2024.07.05 18:06:14,https://gall.dcinside.com/mgallery/board/view/?id=dshighschool&no=5388&page=12
12,5387,,생명,생명 찍었는데 24개중 6개 맞았다. 서성한 드가자ㅋㅋ - dc official App,222ㄱㅂㅅ (223.38) 2024.07.05 11:08:14 스크랩 조회 396 추천 2 댓글 4,2,396,2024.07.05 11:08:14,https://gall.dcinside.com/mgallery/board/view/?id=dshighschool&no=5387&page=12
12,5385,,.,씨발 동성고 종 치는 거 시간관리 못하냐? 종탑 아래에서 때문에 개빡치는데 모고때도 중간에 노래 나오더만,동붕이 (218.235) 2024.07.04 11:24:46 스크랩 조회 464 추천 5 댓글 5,5,464,2024.07.04 11:24:46,https://gall.dcinside.com/mgallery/board/view/?id=dshighschool&no=5385&page=12
12,5384,,문학 소신발언,이번 서술형 진짜 goat다 내 10점 ㅅㅂ 공부 좀 만 더 할걸 - dc official App,222ㄱㅂㅅ (128.134) 2024.07.04 09:41:28 스크랩 조회 694 추천 8 댓글 1,8,694,2024.07.04 09:41:28,https://gall.dcinside.com/mgallery/board/view/?id=dshighschool&no=5384&page=12
12,5383,,득오가 시발 누군데,아,김태훈 2024.07.04 09:17:28 스크랩 조회 394 추천 1 댓글 2,1,394,2024.07.04 09:17:28,https://gall.dcinside.com/mgallery/board/view/?id=dshighschool&no=5383&page=12
12,5382,,오징어,오지안 게이같으면 개추ㅋㅋㄱ - dc official App,222ㄱㅂㅅ (223.38) 2024.07.03 15:12:53 스크랩 조회 428 추천 7 댓글 4,7,428,2024.07.03 15:12:53,https://gall.dcinside.com/mgallery/board/view/?id=dshighschool&no=5382&page=12
12,5381,,은민식단 씹게이같으면 개추 ㅋㅋㅋㅋㅋ,일단 범석이부터 ㅋㅋ - dc official App,ㅇㅇ (128.134) 2024.07.02 16:26:39 스크랩 조회 714 추천 19 댓글 5,19,714,2024.07.02 16:26:39,https://gall.dcinside.com/mgallery/board/view/?id=dshighschool&no=5381&page=12
12,5380,,담배피는애들,엄마아빠 칼로 썰어서 드럼통 쳐넣어 버리고싳네 병신같은련들 담배 왜피는거임 존나 민폐임 나가 뒤지기 ㄱ,동붕이 (211.234) 2024.07.02 15:59:31 스크랩 조회 1006 추천 31 댓글 3,31,1006,2024.07.02 15:59:31,https://gall.dcinside.com/mgallery/board/view/?id=dshighschool&no=5380&page=12
12,5379,,ㅗㅜ,저런,동붕이 (211.243) 2024.07.01 01:15:57 스크랩 조회 415 추천 2 댓글 1,2,415,2024.07.01 01:15:57,https://gall.dcinside.com/mgallery/board/view/?id=dshighschool&no=5379&page=12
12,5378,,동평,AI 이미지가 생성되었습니다. 새로고침(F5) 해 주세요. ㅇㅇ - dc official App,ㅇㅇ (106.101) 2024.06.28 15:25:00 스크랩 조회 797 추천 15 댓글 5,15,797,2024.06.28 15:25:00,https://gall.dcinside.com/mgallery/board/view/?id=dshighschool&no=5378&page=12
12,5377,,동붕게이게이들아,게이게이들은 점심시간에 3학년 2반 7번인 나를 찾아와줘 같이 화장실에서 낑낑놀이를 조져야해,동붕이 (211.218) 2024.06.27 19:48:23 스크랩 조회 420 추천 0 댓글 2,0,420,2024.06.27 19:48:23,https://gall.dcinside.com/mgallery/board/view/?id=dshighschool&no=5377&page=12
12,5376,,근데 축제 왜 한달이나 밀렸냐,ㅇㅇ?,김태훈 2024.06.26 20:10:28 스크랩 조회 462 추천 0 댓글 1,0,462,2024.06.26 20:10:28,https://gall.dcinside.com/mgallery/board/view/?id=dshighschool&no=5376&page=12
12,5375,,장학금 받은 사람,사랑장학금 정체가 뭐냐 - dc official App,동붕이 (128.134) 2024.06.25 13:56:16 스크랩 조회 448 추천 0 댓글 2,0,448,2024.06.25 13:56:16,https://gall.dcinside.com/mgallery/board/view/?id=dshighschool&no=5375&page=12
12,5373,,안녕하세요..!!! 동성고 키큰오빠 찾아요ㅠㅠ!!,그 같은 학원에 이름은 모르고 07년생인거갘은ㄴ데 키크고 약간 눈 고양이상?? 인데 이름도 모르고 인스타따려고 계속 타이밍 봤는데 결국 못 따서 인스타 곗속 뒤지다 여기라도 올려봐요??,동붕이 (118.235) 2024.06.23 14:30:46 스크랩 조회 975 추천 0 댓글 16,0,975,2024.06.23 14:30:46,https://gall.dcinside.com/mgallery/board/view/?id=dshighschool&no=5373&page=12
12,5372,,훈쿼트 본적있냐?,반갑노. 동붕이 여러분.^^~ 전시회. 혜화아트샌터.. 많이들 와주~ - dc official App,동붕이 (211.176) 2024.06.21 20:19:21 스크랩 조회 1081 추천 72 댓글 5,72,1081,2024.06.21 20:19:21,https://gall.dcinside.com/mgallery/board/view/?id=dshighschool&no=5372&page=12
12,5370,,장학금,장학금 받는 기준이 머노,동붕이 (121.160) 2024.06.21 15:36:36 스크랩 조회 439 추천 5 댓글 4,5,439,2024.06.21 15:36:36,https://gall.dcinside.com/mgallery/board/view/?id=dshighschool&no=5370&page=12
13,5369,,내 섹파 구한다,섹스하고싶다,SEX파트너 (49.169) 2024.06.18 00:08:19 스크랩 조회 1245 추천 12 댓글 5,12,1245,2024.06.18 00:08:19,https://gall.dcinside.com/mgallery/board/view/?id=dshighschool&no=5369&page=13
13,5366,,세엑스동붕이들세엑스동붕이들세엑스동붕이들,반갑다세엑스동붕이들에에베베베베베동동븅붕안졍하세요 동동이티비입니다 오ㅗ오어아아알어언⛷⛷⛷⛷,동붕이 (220.72) 2024.06.16 04:50:22 스크랩 조회 429 추천 7 댓글 2,7,429,2024.06.16 04:50:22,https://gall.dcinside.com/mgallery/board/view/?id=dshighschool&no=5366&page=13
13,5368,,성북 대치명인이나 성북메가 다니는사람,"수학,국어,영어 하면 한달에 얼마임? 네이버하고 블로그에도 가격이 없어서 물어보는거임",동붕이 (121.128) 2024.06.16 16:48:37 스크랩 조회 880 추천 1 댓글 5,1,880,2024.06.16 16:48:37,https://gall.dcinside.com/mgallery/board/view/?id=dshighschool&no=5368&page=13
13,5364,,다들 반갑다 이윤형이다.,ㅈ반고 저능아년들 공부도 안하는데 동마갤은 왜이리 조용하노?,이윤형 (211.178) 2024.06.15 19:39:38 스크랩 조회 1069 추천 29 댓글 9,29,1069,2024.06.15 19:39:38,https://gall.dcinside.com/mgallery/board/view/?id=dshighschool&no=5364&page=13
13,5361,,동성갤,다시 부활시키려면 어떻게 해야하지,222ㄱㅂㅅ (128.134) 2024.06.14 12:52:23 스크랩 조회 329 추천 1 댓글 2,1,329,2024.06.14 12:52:23,https://gall.dcinside.com/mgallery/board/view/?id=dshighschool&no=5361&page=13
13,5363,,동성고 교복,아니 동성 지각하고 교복 왤케 싸잡아 ㅆ발 못다니겠네 자퇴 존나 마렵노,동붕이 (121.160) 2024.06.14 19:07:48 스크랩 조회 653 추천 6 댓글 7,6,653,2024.06.14 19:07:48,https://gall.dcinside.com/mgallery/board/view/?id=dshighschool&no=5363&page=13
13,5359,,갤주,갤주를 2학년 3반 자지훈으로! - dc official App,222ㄱㅂㅅ (128.134) 2024.06.11 18:53:13 스크랩 조회 601 추천 10 댓글 2,10,601,2024.06.11 18:53:13,https://gall.dcinside.com/mgallery/board/view/?id=dshighschool&no=5359&page=13
13,5358,,학교,언제 끝나노,Hwang규0 (223.42) 2024.06.11 10:03:56 스크랩 조회 289 추천 0 댓글 0,0,289,2024.06.11 10:03:56,https://gall.dcinside.com/mgallery/board/view/?id=dshighschool&no=5358&page=13
13,5357,,1학년중에 맞짱깔 놈들은 2학년 2반 김범석 찾아와라,싹다 쳐발려준다 - dc official App,1황ㅈㅅ (211.234) 2024.06.10 13:50:03 스크랩 조회 456 추천 4 댓글 2,4,456,2024.06.10 13:50:03,https://gall.dcinside.com/mgallery/board/view/?id=dshighschool&no=5357&page=13
13,5356,,국무총리 영접,ㄷ - dc official App,222ㄱㅂㅅ (223.38) 2024.06.10 11:35:35 스크랩 조회 446 추천 3 댓글 1,3,446,2024.06.10 11:35:35,https://gall.dcinside.com/mgallery/board/view/?id=dshighschool&no=5356&page=13
13,5355,,여기가 고3 모고 영어 1등급 없다는 그 학교가 맞나요?,ㅇㅇ,동붕이 (110.8) 2024.06.09 22:30:34 스크랩 조회 704 추천 6 댓글 3,6,704,2024.06.09 22:30:34,https://gall.dcinside.com/mgallery/board/view/?id=dshighschool&no=5355&page=13
13,5354,,고1 시험범위,고1 시험범위랑 일정 언제 알려주시나요?,동붕이 (58.226) 2024.06.09 18:21:25 스크랩 조회 263 추천 0 댓글 0,0,263,2024.06.09 18:21:25,https://gall.dcinside.com/mgallery/board/view/?id=dshighschool&no=5354&page=13
13,5353,,식당 추천,대학로 육식주 가라 사장님들 동성중고 선배님이다,김태훈 2024.06.08 23:03:56 스크랩 조회 275 추천 3 댓글 0,3,275,2024.06.08 23:03:56,https://gall.dcinside.com/mgallery/board/view/?id=dshighschool&no=5353&page=13
13,5352,,식당 추천,성신에 있는 푸른 농장 꼭 가봐라 사장님 인심 ㅈㄴ좋고 음식 ㅈㄴ맛있다. 박은결이 인정한 맛집이다. 저녁으로 꼭 가봐라 - dc official App,222ㄱㅂㅅ (223.38) 2024.06.08 22:50:06 스크랩 조회 305 추천 5 댓글 1,5,305,2024.06.08 22:50:06,https://gall.dcinside.com/mgallery/board/view/?id=dshighschool&no=5352&page=13
13,5351,,요즘 동마갤,오랜만에 물올라서 재밌으면 개추 ㅋㅋ,동붕이 (221.146) 2024.06.08 22:16:04 스크랩 조회 384 추천 8 댓글 0,8,384,2024.06.08 22:16:04,https://gall.dcinside.com/mgallery/board/view/?id=dshighschool&no=5351&page=13
13,5350,,동마갤,입갤 - dc official App,222ㄱㅂㅅ (223.38) 2024.06.08 19:31:55 스크랩 조회 877 추천 0 댓글 1,0,877,2024.06.08 19:31:55,https://gall.dcinside.com/mgallery/board/view/?id=dshighschool&no=5350&page=13
13,5349,,고3 교복 언제까지 잡음?,좆같다진짜 사이즈도 안 맞는데,동붕이 (61.72) 2024.06.07 20:47:01 스크랩 조회 615 추천 11 댓글 4,11,615,2024.06.07 20:47:01,https://gall.dcinside.com/mgallery/board/view/?id=dshighschool&no=5349&page=13
13,5348,,동붕이 그림 그려옴,저격글싸면서 싸우는애들보다 오타쿠새끼들이 더 낫다고 생각해요 - dc official App,헤으응기잇. 2024.06.07 19:50:22 스크랩 조회 593 추천 15 댓글 3,15,593,2024.06.07 19:50:22,https://gall.dcinside.com/mgallery/board/view/?id=dshighschool&no=5348&page=13
13,5346,,당사자가 상처 받을 수 있는 글 자제를,당사자가 상처 받을 수 있는 저격 형태의 글은 자제를 부탁 드립니다 놀이 공간으로서 이 겔 취지가 무색해 지지 않도록 합시다 감사합니다,"학주,용우 (175.223) 2024.06.06 19:04:46 스크랩 조회 891 추천 24 댓글 4",24,891,2024.06.06 19:04:46,https://gall.dcinside.com/mgallery/board/view/?id=dshighschool&no=5346&page=13
13,5345,,국내 저격수 마이너 갤러리,소..솔직히 저격은 고닉달고 해야 맞다고 생각해요...,DATNON 2024.06.06 18:45:14 스크랩 조회 403 추천 12 댓글 0,12,403,2024.06.06 18:45:14,https://gall.dcinside.com/mgallery/board/view/?id=dshighschool&no=5345&page=13
13,5344,,생안부 전용우,선생님 귀여우시면 개추 ㅋㅋ,동붕이 (221.146) 2024.06.06 17:22:37 스크랩 조회 964 추천 21 댓글 2,21,964,2024.06.06 17:22:37,https://gall.dcinside.com/mgallery/board/view/?id=dshighschool&no=5344&page=13
13,5343,,갑자기 다 저격하냐 ㅋㅋ,재미없다 공부나해라,동붕이 (79.110) 2024.06.06 16:40:22 스크랩 조회 277 추천 3 댓글 0,3,277,2024.06.06 16:40:22,https://gall.dcinside.com/mgallery/board/view/?id=dshighschool&no=5343&page=13
13,5342,,2학년 3반 자지훈,2학년 3반 자지훈 소추새끼ㅋㅋ - dc official App,동붕이 (223.38) 2024.06.06 16:32:23 스크랩 조회 434 추천 2 댓글 3,2,434,2024.06.06 16:32:23,https://gall.dcinside.com/mgallery/board/view/?id=dshighschool&no=5342&page=13
13,5338,,현민이 글쓴 동붕이인데,인성이도 ㅈ같다 하면 개추 ㅋㅋㅋ - dc official App,동붕이 (61.253) 2024.06.06 00:41:59 스크랩 조회 670 추천 19 댓글 7,19,670,2024.06.06 00:41:59,https://gall.dcinside.com/mgallery/board/view/?id=dshighschool&no=5338&page=13
13,5336,,2학년,지태 가오 ㅈㄴ 잡는 거 같으면 개추 ㅋㅋ - dc official App,ㅇㅇ (106.101) 2024.06.05 15:02:52 스크랩 조회 669 추천 18 댓글 3,18,669,2024.06.05 15:02:52,https://gall.dcinside.com/mgallery/board/view/?id=dshighschool&no=5336&page=13
13,5334,,2학년,현민이 가오 ㅈㄴ잡는거같으면 개추 ㅋㅋㅋ - dc official App,동붕이 (122.37) 2024.06.04 20:03:32 스크랩 조회 1223 추천 66 댓글 23,66,1223,2024.06.04 20:03:32,https://gall.dcinside.com/mgallery/board/view/?id=dshighschool&no=5334&page=13
13,5333,,행수쌤,요즘따라 귀여우면 개추~,동붕이 (211.108) 2024.06.02 19:58:20 스크랩 조회 902 추천 13 댓글 4,13,902,2024.06.02 19:58:20,https://gall.dcinside.com/mgallery/board/view/?id=dshighschool&no=5333&page=13
13,5332,,지루한 수험생활에서 잠깐씩 얻는 즐거움…,친구가 그려줌,한양대26학번 2024.05.31 22:57:16 스크랩 조회 767 추천 3 댓글 10,3,767,2024.05.31 22:57:16,https://gall.dcinside.com/mgallery/board/view/?id=dshighschool&no=5332&page=13
13,5330,,살기 힘들다,좀 호구끼가 있는데 장난 다 받아주면서 살기 힘든데 어캄? - dc official App,동붕이 (128.134) 2024.05.31 09:57:30 스크랩 조회 480 추천 2 댓글 5,2,480,2024.05.31 09:57:30,https://gall.dcinside.com/mgallery/board/view/?id=dshighschool&no=5330&page=13
13,5329,,이새끼들 지금 제정신이노??,정부에서 주관하는 통일교육에서 댓글을 지금 제정신이라고 이런 식으러 쓰는거냐? 좀 더 분발해라 게이들아,동붕이 (128.134) 2024.05.30 15:43:41 스크랩 조회 906 추천 22 댓글 1,22,906,2024.05.30 15:43:41,https://gall.dcinside.com/mgallery/board/view/?id=dshighschool&no=5329&page=13
13,5328,,본인이 지금 버즈쓰는 삼엽충이라 안심되면 개추ㅋㅋ,ㅇㄷㄴㅂㅌ - dc official App,헤으응기잇. 2024.05.30 00:14:13 스크랩 조회 547 추천 15 댓글 1,15,547,2024.05.30 00:14:13,https://gall.dcinside.com/mgallery/board/view/?id=dshighschool&no=5328&page=13
13,5327,,동성고 공부 잘함?,걍 강북 꼴통학교 아니노,동붕이 (128.134) 2024.05.29 21:51:49 스크랩 조회 642 추천 0 댓글 7,0,642,2024.05.29 21:51:49,https://gall.dcinside.com/mgallery/board/view/?id=dshighschool&no=5327&page=13
13,5326,,에어팟 도둑 누군지 알거같기도한데...,음 심증은있는데 증거가없네 하 - dc official App,동붕이 (121.160) 2024.05.29 20:32:41 스크랩 조회 461 추천 4 댓글 1,4,461,2024.05.29 20:32:41,https://gall.dcinside.com/mgallery/board/view/?id=dshighschool&no=5326&page=13
13,5324,,2학년도 에어팟 자꾸 따먹힌다,에어팟 뿐만 아니라 팬슬도 쌔비던데 진짜 도벽 뭐노? - dc official App,동붕이 (128.134) 2024.05.29 14:12:26 스크랩 조회 350 추천 1 댓글 0,1,350,2024.05.29 14:12:26,https://gall.dcinside.com/mgallery/board/view/?id=dshighschool&no=5324&page=13
13,5325,,에어팟 털어가는 새끼 찾아다,구라다 씹년아,동붕이 (211.200) 2024.05.29 18:29:16 스크랩 조회 379 추천 2 댓글 0,2,379,2024.05.29 18:29:16,https://gall.dcinside.com/mgallery/board/view/?id=dshighschool&no=5325&page=13
13,5322,,1학년 에어팟 털어가는 새끼,지금 거의 8명 사라진 거 같은데 진짜 미친새끼냐,동붕이 (128.134) 2024.05.28 13:59:18 스크랩 조회 902 추천 22 댓글 13,22,902,2024.05.28 13:59:18,https://gall.dcinside.com/mgallery/board/view/?id=dshighschool&no=5322&page=13
13,5321,,입학장학금,배치고사 50등 이내에 들었는데 입학장학금 언제 주나요?,동붕이 (121.160) 2024.05.27 19:32:09 스크랩 조회 357 추천 0 댓글 3,0,357,2024.05.27 19:32:09,https://gall.dcinside.com/mgallery/board/view/?id=dshighschool&no=5321&page=13
13,5320,,❗+❓+❗+❓+❗+❓+❗+‼+‼+,오늘은 무슨날???? 신 디씨 모두의 갤주 오늘은 중력절이다 예아 - dc official App,ㅇㅇ (211.58) 2024.05.23 16:17:35 스크랩 조회 726 추천 10 댓글 2,10,726,2024.05.23 16:17:35,https://gall.dcinside.com/mgallery/board/view/?id=dshighschool&no=5320&page=13
13,5318,,오늘은 위대한 5월23일이다,모두 도가니 조심하고 오늘은 다들 사리길 바란다. 바위 방향으로 절 두번씩 하고 - dc official App,동붕이 (128.134) 2024.05.23 01:08:24 스크랩 조회 305 추천 7 댓글 0,7,305,2024.05.23 01:08:24,https://gall.dcinside.com/mgallery/board/view/?id=dshighschool&no=5318&page=13
13,5315,,성모의밤 전례 누구냐 ㅅㅂ,자꾸 ㅅ발음을 못하는데 쉰 쒼 씬 쓍 made in china냐 설마?,나다 (223.38) 2024.05.20 19:57:11 스크랩 조회 514 추천 4 댓글 1,4,514,2024.05.20 19:57:11,https://gall.dcinside.com/mgallery/board/view/?id=dshighschool&no=5315&page=13
13,5314,,동성06 입결,서성한 라인까지 갈 사람이 있긴하냐?,동붕이 (128.134) 2024.05.20 15:31:55 스크랩 조회 672 추천 0 댓글 1,0,672,2024.05.20 15:31:55,https://gall.dcinside.com/mgallery/board/view/?id=dshighschool&no=5314&page=13
13,5313,,문예제 글쓰기 잘한 동붕이 있냐,나는 입상각이다 싶으면 개추좀 - dc official App,ㅇㅇ (222.109) 2024.05.19 01:42:33 스크랩 조회 390 추천 12 댓글 0,12,390,2024.05.19 01:42:33,https://gall.dcinside.com/mgallery/board/view/?id=dshighschool&no=5313&page=13
13,5312,,1학년인데요,여기서 3등급 중반 계속 유지하면 대학 어디까지 쓸수있나요?,동붕이 (118.235) 2024.05.17 17:31:58 스크랩 조회 465 추천 0 댓글 4,0,465,2024.05.17 17:31:58,https://gall.dcinside.com/mgallery/board/view/?id=dshighschool&no=5312&page=13
13,5311,,"1,2학년 태권도부랑 3학년 싸움 직관한 동붕이 있냐?",상황 설명좀 부탁한다,ㅇㅇ (39.7) 2024.05.16 19:40:58 스크랩 조회 714 추천 5 댓글 1,5,714,2024.05.16 19:40:58,https://gall.dcinside.com/mgallery/board/view/?id=dshighschool&no=5311&page=13
13,5310,,나 1학년인데,내일 축구 해트트릭하면 글 쓴 새끼 나인줄 알아라 ㅋㅋ,동붕이 (107.181) 2024.05.15 12:24:04 스크랩 조회 342 추천 0 댓글 0,0,342,2024.05.15 12:24:04,https://gall.dcinside.com/mgallery/board/view/?id=dshighschool&no=5310&page=13
13,5317,,공강시간에 공부하기,느그,동붕이 (128.134) 2024.05.22 15:00:31 스크랩 조회 259 추천 0 댓글 0,0,259,2024.05.22 15:00:31,https://gall.dcinside.com/mgallery/board/view/?id=dshighschool&no=5317&page=13
13,5309,,실시간 동붕이 전남친새끼 고발한다 ㅂㄷㅂㄷ,전남 친 새끼 근!하하하하,동붕이 (112.151) 2024.05.13 22:21:51 스크랩 조회 542 추천 3 댓글 0,3,542,2024.05.13 22:21:51,https://gall.dcinside.com/mgallery/board/view/?id=dshighschool&no=5309&page=13
13,5308,,나 경붕인데,나랑 온리전 갈사람 나 친구가 없다..,동붕이 (172.226) 2024.05.13 20:51:02 스크랩 조회 369 추천 2 댓글 2,2,369,2024.05.13 20:51:02,https://gall.dcinside.com/mgallery/board/view/?id=dshighschool&no=5308&page=13
13,5305,,애들아 형 가게 오픈했다,"https://naver.me/FhNxvU8l 네이버 지도 공간을 검색합니다. 생활을 연결합니다. 장소, 버스, 지하철, 도로 등 모든 공간의 정보를 하나의 검색으로 연결한 새로운 지도를 만나보세요. naver.me 얘들아 형 가게 오픈했다 많이 놀러와라 서비스 많이 줄게",동성고16년졸업생 (115.143) 2024.05.10 19:53:56 스크랩 조회 710 추천 12 댓글 2,12,710,2024.05.10 19:53:56,https://gall.dcinside.com/mgallery/board/view/?id=dshighschool&no=5305&page=13
13,5292,,나 빅터 텍킹인데 뜰사람 와라,진사람 정문에서 도게자 ㄱ,동붕이 (121.129) 2024.05.03 20:49:50 스크랩 조회 303 추천 1 댓글 2,1,303,2024.05.03 20:49:50,https://gall.dcinside.com/mgallery/board/view/?id=dshighschool&no=5292&page=13
