source_file,게시글번호,말머리,제목,내용,글쓴이,추천수,조회수,날짜,링크,keyword_score,keyword_flag,matched_terms
schools_20p/신일고__shinilhs.csv,10531,[자유],신일 1학년 영어 학원 추천좀,제발,신붕이 (223.38) 2026.05.29 17:55:47 스크랩 조회 114 추천 0 댓글 1,0,114,2026.05.29 17:55:47,https://gall.dcinside.com/mgallery/board/view/?id=shinilhs&no=10531&page=1,0.0,0,
schools_20p/신일고__shinilhs.csv,1688,[자유],◇◆◇◆ 신일고 갤러리 통합공지 ◆◇◆◇,,MBJ 2021.03.15 16:02:19 스크랩 조회 5147 추천 10 댓글 2,10,5147,2021.03.15 16:02:19,https://gall.dcinside.com/mgallery/board/view/?id=shinilhs&no=1688&page=1,0.0,0,
schools_20p/신일고__shinilhs.csv,10530,[자유],소신발언,학교 램프/복도에서 왜 핸드폰 신호가 안 잡히는 거임.. 데이터를 써도 그냥 기동 자체가 안되던데 제발 개선 좀,tm 2026.05.29 15:45:41 스크랩 조회 135 추천 2 댓글 2,2,135,2026.05.29 15:45:41,https://gall.dcinside.com/mgallery/board/view/?id=shinilhs&no=10530&page=1,0.0,0,
schools_20p/신일고__shinilhs.csv,1685,[자유],✨✨ 신일고등학교 관련 페이지 모음 ✨✨,✅✅ 신일고등학교 공식 홈페이지 ✅✅ https://www.shin-il.hs.kr/ ✅✅ 신일고등학교 나무위키 ✅✅ https://namu.wiki/w/%EC%8B%A0%EC%9D%BC%EA%B3%A0%EB%93%B1%ED%95%99%EA%B5%90 ✅✅ 신일고등학교 리로스쿨 ✅✅ https://shinil.riroschool.kr 누락된 링크가 있으면 댓글에 적어주세요.,MBJ 2021.03.15 15:37:35 스크랩 조회 5309 추천 9 댓글 2,9,5309,2021.03.15 15:37:35,https://gall.dcinside.com/mgallery/board/view/?id=shinilhs&no=1685&page=1,0.0,0,
schools_20p/신일고__shinilhs.csv,10532,[자유],이 학교 지원했다가 떨어졌는데,평범한 일반고 다니는데 너무 ㅈ같고 아직 이 학교에 미련이 남았습니다. 신일로 전입 괜찮을까요,신붕이 (124.61) 2026.05.30 01:40:27 스크랩 조회 58 추천 0 댓글 2,0,58,2026.05.30 01:40:27,https://gall.dcinside.com/mgallery/board/view/?id=shinilhs&no=10532&page=1,0.0,0,
schools_20p/신일고__shinilhs.csv,1687,[자유],◇◆◇◆ 신일고 갤러리 가이드 ◆◇◆◇ (21.06.04 ver.),"#1. 신일고 갤러리 본 갤러리는 서울 소재 신일 고등학교 갤러리입니다. 본 갤러리와 관련된 모든 이야기 및 사담을 자유롭게 허용함을 공지합니다. #2. 과도한 친목 및 신상 공개 금지 본 갤러리는 처음 갤러리에 방문한 사람들이 소외감을 느낄 수 있는 네임드화 & 닉네임 및 IP 언급 자제를 권장합니다. 또한, 고등학교 갤러리 특성상 본인의 신분이 밝혀지기 쉽기 때문에 본인 및 타인의 신상 공개를 금지합니다. 이는 친목이 형성되기 쉽고 이로 인하여 생기는 문제를 미연에 차단하기 위함입니다. #3. 선생님 이름 관련 DC 특성상 모든 글은 검색이 가능합니다. 따라서 가급적 학교 선생님의 성함을 그대로 게시하기보다는 초성만 사용하는 것을 권장드립니다. EX) 신붕이 쌤 -> ㅅㅂㅇ 쌤 또한, 학교 선생님에 관련한 의견은 모두 수용하지만 이유없는 비난과 성적 발언 등 과도한 모욕적 발언은 무통보 삭제처리될 수 있음을 공지합니다. ​ ​ ​ ​#4. 신고 게시판 ​ ​ ​신고 사항 및 건의 사항은 공지 탭에 작성된 관리자 호출용 게시물의 댓글 혹은 대댓글에 작성해주시면 됩니다. ​ ​ ​",MBJ 2021.03.15 15:56:58 스크랩 조회 5472 추천 20 댓글 0,20,5472,2021.03.15 15:56:58,https://gall.dcinside.com/mgallery/board/view/?id=shinilhs&no=1687&page=1,0.73,1,ㅅㅂ
schools_20p/신일고__shinilhs.csv,10533,[자유],3학년 선생님,뒷반 담임이시고 여자 숏컷 안경쓰신분 누구인가용?,신붕이 (106.101) 2026.05.30 10:58:58 스크랩 조회 10 추천 0 댓글 0,0,10,2026.05.30 10:58:58,https://gall.dcinside.com/mgallery/board/view/?id=shinilhs&no=10533&page=1,0.0,0,
schools_20p/신일고__shinilhs.csv,1686,[자유],✨✨ About 신일고등학교 ✨✨,✅✅ 신일고등학교 소개 ✅✅ [초대 이사장님 약력] [이사장님 소개 및 건학 이념] [학교장 인사] [교육 목표] [교훈 / 상징 / 교가] [오시는 길] ** 출처 : 신일고 공식 홈페이지 학교소개란,MBJ 2021.03.15 15:52:13 스크랩 조회 2167 추천 11 댓글 2,11,2167,2021.03.15 15:52:13,https://gall.dcinside.com/mgallery/board/view/?id=shinilhs&no=1686&page=1,0.0,0,
schools_20p/신일고__shinilhs.csv,10528,[자유],과탐실,1학년 수행 꼬라지 왜이러냐? 그냥 감점당하고 말지,신붕이 (211.168) 2026.05.29 12:19:36 스크랩 조회 153 추천 1 댓글 6,1,153,2026.05.29 12:19:36,https://gall.dcinside.com/mgallery/board/view/?id=shinilhs&no=10528&page=1,0.0,0,
schools_20p/신일고__shinilhs.csv,10527,[자유],你好,,신붕이 (211.168) 2026.05.29 09:26:16 스크랩 조회 98 추천 0 댓글 0,0,98,2026.05.29 09:26:16,https://gall.dcinside.com/mgallery/board/view/?id=shinilhs&no=10527&page=1,0.0,0,
schools_20p/신일고__shinilhs.csv,10529,[자유],1학년 점축,제일 잘하는애 누구인지 알려주세요,신붕이 (211.168) 2026.05.29 13:43:13 스크랩 조회 97 추천 0 댓글 0,0,97,2026.05.29 13:43:13,https://gall.dcinside.com/mgallery/board/view/?id=shinilhs&no=10529&page=1,0.0,0,
schools_20p/신일고__shinilhs.csv,10526,[자유],갤 다죽었네,떡밥 없나,신붕이 (58.233) 2026.05.28 22:41:16 스크랩 조회 156 추천 0 댓글 2,0,156,2026.05.28 22:41:16,https://gall.dcinside.com/mgallery/board/view/?id=shinilhs&no=10526&page=1,0.0,0,
schools_20p/신일고__shinilhs.csv,10523,[자유],군체,재밌으니 꼭 봐라,신붕이 (119.192) 2026.05.26 02:53:28 스크랩 조회 316 추천 4 댓글 2,4,316,2026.05.26 02:53:28,https://gall.dcinside.com/mgallery/board/view/?id=shinilhs&no=10523&page=1,0.0,0,
schools_20p/신일고__shinilhs.csv,10521,[질문],2학년 과목 이과에서 문과로 바꾸고싶은데,첫날에 받았던 과학책들 다 우짜노 근데 바꿔주기나 할까 잘 모르겠네,신붕이 (223.38) 2026.05.25 15:40:58 스크랩 조회 305 추천 0 댓글 4,0,305,2026.05.25 15:40:58,https://gall.dcinside.com/mgallery/board/view/?id=shinilhs&no=10521&page=1,0.0,0,
schools_20p/신일고__shinilhs.csv,10524,[자유],신일고 1학년 국제,국제 수행평가 받은 점수 10점만점 기준으로  바꾸고 거기서 10%만 들어간다는데 맞는건가요? 국제로 변별 안 한다 하셨으니까 맞을 것 같긴 한데,신붕이 (221.138) 2026.05.28 16:47:09 스크랩 조회 134 추천 0 댓글 0,0,134,2026.05.28 16:47:09,https://gall.dcinside.com/mgallery/board/view/?id=shinilhs&no=10524&page=1,0.0,0,
schools_20p/신일고__shinilhs.csv,10525,[자유],이번주 학생회 캠페인,60기인데 원래 캠페인 참여 안 하고 간식 가져가도 되는 건가요? 캠페인 안하고 가져가는 형들 엄청 많던데...,신붕이 (211.234) 2026.05.28 22:33:36 스크랩 조회 153 추천 0 댓글 5,0,153,2026.05.28 22:33:36,https://gall.dcinside.com/mgallery/board/view/?id=shinilhs&no=10525&page=1,0.0,0,
schools_20p/신일고__shinilhs.csv,10520,[자유],신일에서 전학,신일에서 보통 어디고로 전학많이가요?,신붕이 (106.101) 2026.05.25 03:13:15 스크랩 조회 338 추천 0 댓글 3,0,338,2026.05.25 03:13:15,https://gall.dcinside.com/mgallery/board/view/?id=shinilhs&no=10520&page=1,0.0,0,
schools_20p/신일고__shinilhs.csv,10517,[자유],3층자습실제발,기침을 1초에 7번씩함 제발 하 그리고 감기에 걸렸으면 마스크좀 쓰라고 ㅈㄴ개민폐임,신붕이 (211.200) 2026.05.24 03:42:38 스크랩 조회 293 추천 10 댓글 1,10,293,2026.05.24 03:42:38,https://gall.dcinside.com/mgallery/board/view/?id=shinilhs&no=10517&page=1,0.0,0,
schools_20p/신일고__shinilhs.csv,10519,[질문],중간등수,신일고에서 딱 중간 등수는 어디 대학 갈 수 있나요? - dc official App,신붕이 (118.235) 2026.05.24 12:04:53 스크랩 조회 387 추천 0 댓글 4,0,387,2026.05.24 12:04:53,https://gall.dcinside.com/mgallery/board/view/?id=shinilhs&no=10519&page=1,0.0,0,
schools_20p/신일고__shinilhs.csv,10516,[질문],이 학교 자사고 맞음?,ㅈ사고라고 들었ㅇㅇ,신붕이 (119.192) 2026.05.23 22:54:47 스크랩 조회 380 추천 0 댓글 1,0,380,2026.05.23 22:54:47,https://gall.dcinside.com/mgallery/board/view/?id=shinilhs&no=10516&page=1,0.0,0,
schools_20p/신일고__shinilhs.csv,10518,[자유],신평ㅋㅋ,- dc official App,신붕이 (118.235) 2026.05.24 09:42:21 스크랩 조회 286 추천 3 댓글 0,3,286,2026.05.24 09:42:21,https://gall.dcinside.com/mgallery/board/view/?id=shinilhs&no=10518&page=1,0.0,0,
schools_20p/신일고__shinilhs.csv,10515,[자유],2학년,ㄱㅁㅈ 2달 반 좀 넘게 수업들어봤는데 갤에서 떠드는거만큼 별로진않은데 ㅋㅋ 2학년 빌런은 따로있는듯,신붕이 (121.129) 2026.05.23 19:43:12 스크랩 조회 368 추천 0 댓글 5,0,368,2026.05.23 19:43:12,https://gall.dcinside.com/mgallery/board/view/?id=shinilhs&no=10515&page=1,0.0,0,
schools_20p/신일고__shinilhs.csv,10513,[자유],수련회 장기자랑이 노잼일 수가 있냐,내가 뭔 짓을 했었더라....,서신 2026.05.21 20:00:04 스크랩 조회 594 추천 0 댓글 12,0,594,2026.05.21 20:00:04,https://gall.dcinside.com/mgallery/board/view/?id=shinilhs&no=10513&page=1,0.0,0,
schools_20p/신일고__shinilhs.csv,10510,[질문],한서삼 라인 몇등까지 가나요,ㅈㄱㄴ,신붕이 (220.93) 2026.05.20 17:47:59 스크랩 조회 448 추천 0 댓글 4,0,448,2026.05.20 17:47:59,https://gall.dcinside.com/mgallery/board/view/?id=shinilhs&no=10510&page=1,0.0,0,
schools_20p/신일고__shinilhs.csv,10509,[자유],ㅇㅇㅈ쌤 오늘 기분 좋아보이시네,아스날 우승 축하드립니다 선생님,ㅇㅇ (147.47) 2026.05.20 14:37:26 스크랩 조회 369 추천 7 댓글 1,7,369,2026.05.20 14:37:26,https://gall.dcinside.com/mgallery/board/view/?id=shinilhs&no=10509&page=1,0.0,0,
schools_20p/신일고__shinilhs.csv,10503,[자유],nowhere,ㄱㅎㄱ,신붕이 (118.221) 2026.05.19 10:41:11 스크랩 조회 298 추천 3 댓글 2,3,298,2026.05.19 10:41:11,https://gall.dcinside.com/mgallery/board/view/?id=shinilhs&no=10503&page=1,0.0,0,
schools_20p/신일고__shinilhs.csv,10505,[자유],놰 아뇌임,건들쥐뫄라,신붕이 (211.168) 2026.05.19 13:59:51 스크랩 조회 302 추천 1 댓글 0,1,302,2026.05.19 13:59:51,https://gall.dcinside.com/mgallery/board/view/?id=shinilhs&no=10505&page=1,0.0,0,
schools_20p/신일고__shinilhs.csv,10507,[자유],나는 내신 3.9이다.,아 인생.. 그리고 낮은 지능!,신붕이 (118.235) 2026.05.20 07:34:30 스크랩 조회 336 추천 4 댓글 0,4,336,2026.05.20 07:34:30,https://gall.dcinside.com/mgallery/board/view/?id=shinilhs&no=10507&page=1,0.0,0,
schools_20p/신일고__shinilhs.csv,10502,[자유],안녕,dkssudgktpdy,신붕이 (118.221) 2026.05.19 10:37:14 스크랩 조회 178 추천 1 댓글 0,1,178,2026.05.19 10:37:14,https://gall.dcinside.com/mgallery/board/view/?id=shinilhs&no=10502&page=1,0.0,0,
schools_20p/신일고__shinilhs.csv,10504,[자유],연경제 다니는 54기인데 질문 받는다,ㅈㄱㄴ,ㅇㅇ (106.101) 2026.05.19 10:54:57 스크랩 조회 501 추천 2 댓글 10,2,501,2026.05.19 10:54:57,https://gall.dcinside.com/mgallery/board/view/?id=shinilhs&no=10504&page=1,0.0,0,
schools_20p/신일고__shinilhs.csv,10501,[자유],3층자습실,책상에낙서하지마라,신붕이 (118.221) 2026.05.19 10:28:45 스크랩 조회 255 추천 1 댓글 1,1,255,2026.05.19 10:28:45,https://gall.dcinside.com/mgallery/board/view/?id=shinilhs&no=10501&page=1,0.0,0,
schools_20p/신일고__shinilhs.csv,10500,[자유],아니 3층 자습실쓰는 사람들,감기걸렸으면 마스크좀 써,신붕이 (121.128) 2026.05.19 07:21:01 스크랩 조회 316 추천 5 댓글 1,5,316,2026.05.19 07:21:01,https://gall.dcinside.com/mgallery/board/view/?id=shinilhs&no=10500&page=1,0.0,0,
schools_20p/신일고__shinilhs.csv,10496,[질문],글로벌 트레이닝,성적 좋아야 뽑히나요,신붕이 (223.62) 2026.05.18 16:26:55 스크랩 조회 262 추천 0 댓글 3,0,262,2026.05.18 16:26:55,https://gall.dcinside.com/mgallery/board/view/?id=shinilhs&no=10496&page=1,0.0,0,
schools_20p/신일고__shinilhs.csv,10495,[자유],내아내임,내아내임,신붕이 (125.128) 2026.05.18 00:14:48 스크랩 조회 291 추천 2 댓글 2,2,291,2026.05.18 00:14:48,https://gall.dcinside.com/mgallery/board/view/?id=shinilhs&no=10495&page=1,0.0,0,
schools_20p/신일고__shinilhs.csv,10494,[자유],2학년 정시파이터,정시할라고 상담받을려는데 받을쌤 추천좀해줘라 담임쌤은 정시하지말라고 계속잡아땔거같아서 별로고 좀 해결책을 주고 방안을주는쌤으로 추천좀 개좆같은 5등급제 통합형수능 개병신제도때문에 ㅈ같다,신붕이 (203.229) 2026.05.17 23:29:08 스크랩 조회 563 추천 1 댓글 19,1,563,2026.05.17 23:29:08,https://gall.dcinside.com/mgallery/board/view/?id=shinilhs&no=10494&page=1,0.81,1,"병신, 좆"
schools_20p/신일고__shinilhs.csv,10493,[자유],키사키 1트에 뽑음 ㅅㅅ,돌 마이 아꼈누,ホシノ_hsn 2026.05.16 04:17:56 스크랩 조회 300 추천 0 댓글 3,0,300,2026.05.16 04:17:56,https://gall.dcinside.com/mgallery/board/view/?id=shinilhs&no=10493&page=1,0.0,0,
schools_20p/신일고__shinilhs.csv,10492,[자유],MBTI I들하고 그냥 나서는거 싫어하는 친구들 들어와라,꿀팁하나 줄까? 그냥 뭘 하든 하기전에 “지금아니면 또 언제 해보겠어”라는 마음으로 해라 반장선거에 출마하던 발표를하던 그러면 선생님들도 좋게봐주심,신붕이 (121.128) 2026.05.16 00:34:11 스크랩 조회 277 추천 4 댓글 0,4,277,2026.05.16 00:34:11,https://gall.dcinside.com/mgallery/board/view/?id=shinilhs&no=10492&page=1,0.0,0,
schools_20p/신일고__shinilhs.csv,10491,[자유],수학여행 하니까 작년 58기 그사건 생각나네,일본 ㅋㅋ 정수기 종이컵이랑 급식실 휴지도 58기때문에 사라지고 진짜 뭐하는 기수냐 58기는,신붕이 (116.46) 2026.05.16 00:33:41 스크랩 조회 550 추천 0 댓글 6,0,550,2026.05.16 00:33:41,https://gall.dcinside.com/mgallery/board/view/?id=shinilhs&no=10491&page=1,0.0,0,
schools_20p/신일고__shinilhs.csv,10490,[자유],도쿄 빌런은 하나임 그냥,"""멸치 대가리"" 왜 매년 혀 짧은 년들이 분위기 좆같이 만드는지 모르겠네",신붕이 (122.47) 2026.05.15 22:38:38 스크랩 조회 389 추천 0 댓글 0,0,389,2026.05.15 22:38:38,https://gall.dcinside.com/mgallery/board/view/?id=shinilhs&no=10490&page=1,0.73,1,좆
schools_20p/신일고__shinilhs.csv,10489,[자유],1학년 수련회 총평,우리 엄마돈 38만원 어디감?,신붕이 (114.205) 2026.05.15 19:00:34 스크랩 조회 550 추천 12 댓글 1,12,550,2026.05.15 19:00:34,https://gall.dcinside.com/mgallery/board/view/?id=shinilhs&no=10489&page=1,0.0,0,
schools_20p/신일고__shinilhs.csv,10488,[자유],선덕고에서 놀러옴,나 너무 심심해,ㅇㅇ (220.65) 2026.05.14 23:37:47 스크랩 조회 496 추천 0 댓글 2,0,496,2026.05.14 23:37:47,https://gall.dcinside.com/mgallery/board/view/?id=shinilhs&no=10488&page=1,0.0,0,
schools_20p/신일고__shinilhs.csv,10487,[자유],1학년 수련회,"너무 즐거웠습니다 안전하게 3일을 보낼 수 있도록 성심성의껏 도와주시고 지도해주신 모나용평 직원분들, 즐거운 수련회를 위해 열심히 일정을 짜주시고 고생해주신 1학년 선생님들, 약 300명 앞에서 멋진 공연을 보여주신 여러 팀들과 유재석 버금가는 진행력을 보여주신 mc분, 힘든 일정들을 잘 견뎌내고 큰 사고없이 3일을 보낸 1학년 학우들 덕분에 좋은 시간을 보냈습니다 감사합니다! -58기-",신붕이 (121.158) 2026.05.14 23:34:52 스크랩 조회 459 추천 3 댓글 0,3,459,2026.05.14 23:34:52,https://gall.dcinside.com/mgallery/board/view/?id=shinilhs&no=10487&page=1,0.0,0,
schools_20p/신일고__shinilhs.csv,10486,[자유],오늘,신일고가 무너진 날.,신붕이 (39.7) 2026.05.14 23:16:29 스크랩 조회 334 추천 4 댓글 1,4,334,2026.05.14 23:16:29,https://gall.dcinside.com/mgallery/board/view/?id=shinilhs&no=10486&page=1,0.0,0,
schools_20p/신일고__shinilhs.csv,10484,[자유],실시간 신붕이 ㅈ됐다,수련회 장기자랑 mc 학생한테 맡겼는데 항마력 딸려서 뒤질 것 같다,신붕이 (106.101) 2026.05.14 21:49:29 스크랩 조회 772 추천 14 댓글 5,14,772,2026.05.14 21:49:29,https://gall.dcinside.com/mgallery/board/view/?id=shinilhs&no=10484&page=1,0.0,0,
schools_20p/신일고__shinilhs.csv,10483,[자유],신일고에서 고대,신일고에서 고대가려면 9등급 기준 내신 몇이여야되노,신붕이 (61.253) 2026.05.13 00:39:25 스크랩 조회 542 추천 1 댓글 3,1,542,2026.05.13 00:39:25,https://gall.dcinside.com/mgallery/board/view/?id=shinilhs&no=10483&page=1,0.0,0,
schools_20p/신일고__shinilhs.csv,10482,[자유],작년 1학년,물리 누구셨나요,신붕이 (1.216) 2026.05.12 17:24:43 스크랩 조회 398 추천 0 댓글 2,0,398,2026.05.12 17:24:43,https://gall.dcinside.com/mgallery/board/view/?id=shinilhs&no=10482&page=1,0.0,0,
schools_20p/신일고__shinilhs.csv,10481,[자유],형님들 수련회 가는길,버스에서 급똥 마려우면 어카나요 중간에 휴계소 들러요???? 급해요,신붕이 (211.168) 2026.05.12 09:07:25 스크랩 조회 371 추천 0 댓글 1,0,371,2026.05.12 09:07:25,https://gall.dcinside.com/mgallery/board/view/?id=shinilhs&no=10481&page=1,0.0,0,
schools_20p/신일고__shinilhs.csv,10480,[자유],내 아내임,건들지 마셈,신붕이 (211.168) 2026.05.11 10:09:56 스크랩 조회 390 추천 1 댓글 5,1,390,2026.05.11 10:09:56,https://gall.dcinside.com/mgallery/board/view/?id=shinilhs&no=10480&page=1,0.0,0,
schools_20p/신일고__shinilhs.csv,10479,[자유],나머지 점수 말하면 누군지 특정돼서,말 할수는 없지만 진로가 문과쪽인데 시험은 과학 100점 수학 91점 국어 사회는 점수는 9점가까이 차이납니다. 지금이라도. 이과로 틀까요,신붕이 (121.128) 2026.05.11 00:53:56 스크랩 조회 380 추천 2 댓글 1,2,380,2026.05.11 00:53:56,https://gall.dcinside.com/mgallery/board/view/?id=shinilhs&no=10479&page=1,0.0,0,
schools_20p/신일고__shinilhs.csv,10478,[질문],물리 수행,자로 간격을 나눈다는데 나누는 기준이 뭐죠,신붕이 (119.192) 2026.05.10 23:51:04 스크랩 조회 209 추천 0 댓글 0,0,209,2026.05.10 23:51:04,https://gall.dcinside.com/mgallery/board/view/?id=shinilhs&no=10478&page=1,0.0,0,
schools_20p/신일고__shinilhs.csv,10472,[자유],my wife,반박 안받음,신붕이 (119.192) 2026.05.08 23:46:39 스크랩 조회 408 추천 3 댓글 6,3,408,2026.05.08 23:46:39,https://gall.dcinside.com/mgallery/board/view/?id=shinilhs&no=10472&page=2,0.0,0,
schools_20p/신일고__shinilhs.csv,10477,[자유],1학년 정시파이터,중간고사 개저졌는데 정시파이터해도 괜찮나요,신붕이 (218.235) 2026.05.10 22:16:22 스크랩 조회 285 추천 0 댓글 4,0,285,2026.05.10 22:16:22,https://gall.dcinside.com/mgallery/board/view/?id=shinilhs&no=10477&page=2,0.0,0,
schools_20p/신일고__shinilhs.csv,10468,[자유],화장실좀 깨끗하게 써라,제발..,신붕이 (211.234) 2026.05.08 22:12:58 스크랩 조회 315 추천 4 댓글 1,4,315,2026.05.08 22:12:58,https://gall.dcinside.com/mgallery/board/view/?id=shinilhs&no=10468&page=2,0.0,0,
schools_20p/신일고__shinilhs.csv,10476,[자유],딸이 기분 좋으면?,딸기 모찌,신붕이 (211.234) 2026.05.10 13:27:44 스크랩 조회 334 추천 1 댓글 2,1,334,2026.05.10 13:27:44,https://gall.dcinside.com/mgallery/board/view/?id=shinilhs&no=10476&page=2,0.0,0,
schools_20p/신일고__shinilhs.csv,10469,[자유],고3 5모,적백있냐 - dc official App,신붕이 (211.234) 2026.05.08 23:20:13 스크랩 조회 351 추천 0 댓글 1,0,351,2026.05.08 23:20:13,https://gall.dcinside.com/mgallery/board/view/?id=shinilhs&no=10469&page=2,0.0,0,
schools_20p/신일고__shinilhs.csv,10475,[자유],머냐 인스타걸고 분탕치던ㅅㄲ 다 댓삭했네 ㅋㅋㅋㅋㅋ,뭐하는놈이냐 ㅈㅉ,신붕이 (58.122) 2026.05.09 19:31:57 스크랩 조회 542 추천 6 댓글 11,6,542,2026.05.09 19:31:57,https://gall.dcinside.com/mgallery/board/view/?id=shinilhs&no=10475&page=2,0.0,0,
schools_20p/신일고__shinilhs.csv,10467,[자유],내 아내임!,내 아내 건들면 혼난다,신붕이 (118.221) 2026.05.08 15:57:28 스크랩 조회 394 추천 4 댓글 7,4,394,2026.05.08 15:57:28,https://gall.dcinside.com/mgallery/board/view/?id=shinilhs&no=10467&page=2,0.0,0,
schools_20p/신일고__shinilhs.csv,10471,[질문],2학기 선택과목 변경 ㄱㄴ?,ㅇㅇ,신붕이 (220.93) 2026.05.08 23:38:34 스크랩 조회 336 추천 0 댓글 4,0,336,2026.05.08 23:38:34,https://gall.dcinside.com/mgallery/board/view/?id=shinilhs&no=10471&page=2,0.0,0,
schools_20p/신일고__shinilhs.csv,10466,[자유],화학,22번 어케 된겨,신붕이 (211.168) 2026.05.08 10:40:47 스크랩 조회 264 추천 0 댓글 1,0,264,2026.05.08 10:40:47,https://gall.dcinside.com/mgallery/board/view/?id=shinilhs&no=10466&page=2,0.0,0,
schools_20p/신일고__shinilhs.csv,10460,[자유],시험 끝난 기념으로 겜한개 추천한다 ㅇㅇ,진짜 명작이다 ㅇㅇ 다들 한번씩 해라 내 아내임 ㅇㅇ,신붕이 (175.192) 2026.05.07 21:01:18 스크랩 조회 301 추천 3 댓글 4,3,301,2026.05.07 21:01:18,https://gall.dcinside.com/mgallery/board/view/?id=shinilhs&no=10460&page=2,0.0,0,
schools_20p/신일고__shinilhs.csv,10465,[자유],60기 음악선생님,어느정도로 이쁘심? 정보 없나여 더,신붕이 (1.231) 2026.05.08 01:13:21 스크랩 조회 435 추천 1 댓글 0,1,435,2026.05.08 01:13:21,https://gall.dcinside.com/mgallery/board/view/?id=shinilhs&no=10465&page=2,0.0,0,
schools_20p/신일고__shinilhs.csv,10464,[자유],빅변내,한번만 더 화장실에 똥 싸질러 놓으면 가만안둡니다 빅변내도 아니고 ㅂㄴㅊㄹ ㅂㄱㅇ ㄴㄱㅅ ㄴㄹ,신붕이 (1.231) 2026.05.08 01:11:55 스크랩 조회 211 추천 1 댓글 0,1,211,2026.05.08 01:11:55,https://gall.dcinside.com/mgallery/board/view/?id=shinilhs&no=10464&page=2,0.0,0,
schools_20p/신일고__shinilhs.csv,10463,[자유],재유행중인 전설의 합체설 진차인가요?,54기와 보건샘의 진실이 사실인가요?,신붕이 (1.231) 2026.05.08 01:08:09 스크랩 조회 263 추천 0 댓글 0,0,263,2026.05.08 01:08:09,https://gall.dcinside.com/mgallery/board/view/?id=shinilhs&no=10463&page=2,0.0,0,
schools_20p/신일고__shinilhs.csv,10461,[질문],4.2,고교학점 기준으로 이정도면 어느대 가나요,신붕이 (119.192) 2026.05.07 21:32:51 스크랩 조회 430 추천 3 댓글 6,3,430,2026.05.07 21:32:51,https://gall.dcinside.com/mgallery/board/view/?id=shinilhs&no=10461&page=2,0.0,0,
schools_20p/신일고__shinilhs.csv,10462,[자유],여기 유학가는애들 있냐,ㅇㅇ?,신붕이 (118.235) 2026.05.07 22:35:39 스크랩 조회 259 추천 1 댓글 2,1,259,2026.05.07 22:35:39,https://gall.dcinside.com/mgallery/board/view/?id=shinilhs&no=10462&page=2,0.0,0,
schools_20p/신일고__shinilhs.csv,10459,[자유],내 아내임,자꾸 의심하는 사람들이 있는것같음 내 정실임 건드리지마라,tm 2026.05.07 20:56:24 스크랩 조회 422 추천 23 댓글 6,23,422,2026.05.07 20:56:24,https://gall.dcinside.com/mgallery/board/view/?id=shinilhs&no=10459&page=2,0.0,0,
schools_20p/신일고__shinilhs.csv,10455,[자유],명조,명조 할 사람,신붕이 (118.235) 2026.05.05 23:04:09 스크랩 조회 265 추천 0 댓글 1,0,265,2026.05.05 23:04:09,https://gall.dcinside.com/mgallery/board/view/?id=shinilhs&no=10455&page=2,0.0,0,
schools_20p/신일고__shinilhs.csv,10456,[자유],형들,여기다 공부 질문하는게 맞나 싶긴 한데 1학년인데 고전시가 미리 끝내놓을까? 강민철쌤꺼 들을껀데,신붕이 (121.128) 2026.05.06 16:33:21 스크랩 조회 354 추천 3 댓글 5,3,354,2026.05.06 16:33:21,https://gall.dcinside.com/mgallery/board/view/?id=shinilhs&no=10456&page=2,0.0,0,
schools_20p/신일고__shinilhs.csv,10454,[자유],수학여행,일본가면 결제 뭘로해요? 카드는 안되고 현금밖에 안되나요?,신붕이 (116.46) 2026.05.04 18:28:53 스크랩 조회 348 추천 0 댓글 1,0,348,2026.05.04 18:28:53,https://gall.dcinside.com/mgallery/board/view/?id=shinilhs&no=10454&page=2,0.0,0,
schools_20p/신일고__shinilhs.csv,10452,[자유],선배님들,요즘 뉴스에 러브버그 관련해서 나오던데 신일고에 러브버그 많나요?,신붕이 (220.93) 2026.05.02 22:28:36 스크랩 조회 346 추천 0 댓글 2,0,346,2026.05.02 22:28:36,https://gall.dcinside.com/mgallery/board/view/?id=shinilhs&no=10452&page=2,0.0,0,
schools_20p/신일고__shinilhs.csv,10451,[자유],형들,2학년 학력평가때 제2외국어 러시아어 골라도 되나 내가 유일하게 잘하는 제2외국어인데. 학교에서 무조건 일본어 골라라 이러면서 강요안하지?..,신붕이 (118.235) 2026.05.01 18:14:31 스크랩 조회 446 추천 0 댓글 2,0,446,2026.05.01 18:14:31,https://gall.dcinside.com/mgallery/board/view/?id=shinilhs&no=10451&page=2,0.0,0,
schools_20p/신일고__shinilhs.csv,10453,[자유],신일고 남녀 성비 어떻게됨?,ㅈㄱㄴ,두레이븐 2026.05.02 23:03:21 스크랩 조회 612 추천 1 댓글 3,1,612,2026.05.02 23:03:21,https://gall.dcinside.com/mgallery/board/view/?id=shinilhs&no=10453&page=2,0.0,0,
schools_20p/신일고__shinilhs.csv,10449,[자유],"2학년 경제, 윤사",둘다 3개 틀려서 80 후반인데 1등급 하나라도 나올까,신붕이 (59.5) 2026.04.30 20:22:42 스크랩 조회 246 추천 0 댓글 0,0,246,2026.04.30 20:22:42,https://gall.dcinside.com/mgallery/board/view/?id=shinilhs&no=10449&page=2,0.0,0,
schools_20p/신일고__shinilhs.csv,10450,[자유],연휴,시험잊고 열심히 쉽시다 형님들,신붕이 (118.235) 2026.05.01 14:37:47 스크랩 조회 254 추천 1 댓글 0,1,254,2026.05.01 14:37:47,https://gall.dcinside.com/mgallery/board/view/?id=shinilhs&no=10450&page=2,0.0,0,
schools_20p/신일고__shinilhs.csv,10448,[자유],영어학원,영어학원 추천좀,신붕이 (1.231) 2026.04.30 20:16:09 스크랩 조회 323 추천 0 댓글 1,0,323,2026.04.30 20:16:09,https://gall.dcinside.com/mgallery/board/view/?id=shinilhs&no=10448&page=2,0.0,0,
schools_20p/신일고__shinilhs.csv,10445,[자유],역시 영어는 미탐,1컷 높을듯,신붕이 (211.234) 2026.04.30 16:03:58 스크랩 조회 288 추천 0 댓글 0,0,288,2026.04.30 16:03:58,https://gall.dcinside.com/mgallery/board/view/?id=shinilhs&no=10445&page=2,0.0,0,
schools_20p/신일고__shinilhs.csv,10447,[자유],이학교 모고 올1 뜨는애들 많냐?,ㅇㅇ?,신붕이 (118.235) 2026.04.30 19:10:46 스크랩 조회 446 추천 0 댓글 1,0,446,2026.04.30 19:10:46,https://gall.dcinside.com/mgallery/board/view/?id=shinilhs&no=10447&page=2,0.0,0,
schools_20p/신일고__shinilhs.csv,10443,[자유],1학년 수학 등급컷,90.4,신붕이 (117.111) 2026.04.30 15:34:38 스크랩 조회 370 추천 1 댓글 2,1,370,2026.04.30 15:34:38,https://gall.dcinside.com/mgallery/board/view/?id=shinilhs&no=10443&page=2,0.0,0,
schools_20p/신일고__shinilhs.csv,10444,[자유],2학년 대수,82.9점이면 1등급 뜨나?,신붕이 (14.39) 2026.04.30 15:53:25 스크랩 조회 280 추천 0 댓글 1,0,280,2026.04.30 15:53:25,https://gall.dcinside.com/mgallery/board/view/?id=shinilhs&no=10444&page=2,0.0,0,
schools_20p/신일고__shinilhs.csv,10442,[자유],1학년 수학 평균 나옴,71.2 입니다,신붕이 (117.111) 2026.04.30 15:32:38 스크랩 조회 342 추천 1 댓글 2,1,342,2026.04.30 15:32:38,https://gall.dcinside.com/mgallery/board/view/?id=shinilhs&no=10442&page=2,0.0,0,
schools_20p/신일고__shinilhs.csv,10440,[자유],1학년 영어,꽤 어렵든데 문제들 푸는데 시간이 오래걸려서 ㄹㅇ 조금 어려웠음 78.9맞았는데,신붕이 (210.101) 2026.04.30 14:03:36 스크랩 조회 352 추천 0 댓글 3,0,352,2026.04.30 14:03:36,https://gall.dcinside.com/mgallery/board/view/?id=shinilhs&no=10440&page=2,0.0,0,
schools_20p/신일고__shinilhs.csv,10441,[자유],1학년영어,등급컷좀요 형님들,신붕이 (118.235) 2026.04.30 14:09:18 스크랩 조회 324 추천 0 댓글 1,0,324,2026.04.30 14:09:18,https://gall.dcinside.com/mgallery/board/view/?id=shinilhs&no=10441&page=2,0.0,0,
schools_20p/신일고__shinilhs.csv,10439,[자유],리빙포인트) 들인 시간과 성적은 비례하지 않는다,이제야 깨닫네요 - dc official App,mcthemin 2026.04.30 12:08:29 스크랩 조회 367 추천 8 댓글 2,8,367,2026.04.30 12:08:29,https://gall.dcinside.com/mgallery/board/view/?id=shinilhs&no=10439&page=2,0.0,0,
schools_20p/신일고__shinilhs.csv,10438,[자유],3학년영어,1컷 2컷 3컷 예측좀요,신붕이 (115.138) 2026.04.30 09:55:25 스크랩 조회 565 추천 0 댓글 12,0,565,2026.04.30 09:55:25,https://gall.dcinside.com/mgallery/board/view/?id=shinilhs&no=10438&page=2,0.0,0,
schools_20p/신일고__shinilhs.csv,10436,[자유],59기 수학,어땠음 대부분 네다섯개는 찍은거같던데,신붕이 (118.235) 2026.04.30 09:39:23 스크랩 조회 271 추천 0 댓글 0,0,271,2026.04.30 09:39:23,https://gall.dcinside.com/mgallery/board/view/?id=shinilhs&no=10436&page=2,0.0,0,
schools_20p/신일고__shinilhs.csv,10433,[자유],2학년 화학,1컷 어느정도일까요??,신붕이 (119.192) 2026.04.29 20:02:44 스크랩 조회 201 추천 0 댓글 0,0,201,2026.04.29 20:02:44,https://gall.dcinside.com/mgallery/board/view/?id=shinilhs&no=10433&page=2,0.0,0,
schools_20p/신일고__shinilhs.csv,10435,[자유],수학학원,성북메가스터디 어때요,신붕이 (118.235) 2026.04.29 22:02:53 스크랩 조회 458 추천 0 댓글 3,0,458,2026.04.29 22:02:53,https://gall.dcinside.com/mgallery/board/view/?id=shinilhs&no=10435&page=2,0.0,0,
schools_20p/신일고__shinilhs.csv,10434,[자유],2학년 화학,59점 3등급 가능성 있을까,신붕이 (118.221) 2026.04.29 20:03:15 스크랩 조회 233 추천 0 댓글 0,0,233,2026.04.29 20:03:15,https://gall.dcinside.com/mgallery/board/view/?id=shinilhs&no=10434&page=2,0.0,0,
schools_20p/신일고__shinilhs.csv,10432,[자유],2학년 문학,얼마나 쉬움?? 2컷 어느정도임??,신붕이 (175.120) 2026.04.29 19:22:40 스크랩 조회 256 추천 0 댓글 2,0,256,2026.04.29 19:22:40,https://gall.dcinside.com/mgallery/board/view/?id=shinilhs&no=10432&page=2,0.0,0,
schools_20p/신일고__shinilhs.csv,10431,[자유],2학년 경제 1컷 얼마일까요,80초 1 되나 - dc official App,mcthemin 2026.04.29 18:20:46 스크랩 조회 229 추천 0 댓글 1,0,229,2026.04.29 18:20:46,https://gall.dcinside.com/mgallery/board/view/?id=shinilhs&no=10431&page=2,0.0,0,
schools_20p/신일고__shinilhs.csv,10429,[자유],ㄱㅇㅎ쌤 그렇게 안봤는데,1학년때는 윤리파트 특성상 어쩔수 없다고 생각했는데.. 경제에서마저 야비한 암기문제로 점수깎으시면 좀 슬퍼요,신붕이 (149.88) 2026.04.29 17:12:26 스크랩 조회 437 추천 6 댓글 0,6,437,2026.04.29 17:12:26,https://gall.dcinside.com/mgallery/board/view/?id=shinilhs&no=10429&page=2,0.0,0,
schools_20p/신일고__shinilhs.csv,10430,[자유],이번 1학년 중간 ㄹㅈㄷ,사회 1등급 사라질 확률 30% 과학 1등급 사라질 확률 10% 수학 90 초,신붕이 (121.160) 2026.04.29 17:32:33 스크랩 조회 420 추천 0 댓글 2,0,420,2026.04.29 17:32:33,https://gall.dcinside.com/mgallery/board/view/?id=shinilhs&no=10430&page=2,0.0,0,
schools_20p/신일고__shinilhs.csv,10428,[자유],2학년 화학,89.1 1뜨나요? 그리고 답지 왜 안올라옴,신붕이 (175.223) 2026.04.29 16:31:38 스크랩 조회 289 추천 0 댓글 3,0,289,2026.04.29 16:31:38,https://gall.dcinside.com/mgallery/board/view/?id=shinilhs&no=10428&page=2,0.0,0,
schools_20p/신일고__shinilhs.csv,10427,[자유],기말은,중간이 이렇게 쉽게 나왔는데 기말은 얼마나 어렵게 나올지 감도 안 잡힌다 ㅋㅋㅋㅋ - dc official App,신붕이 (118.235) 2026.04.29 12:59:06 스크랩 조회 273 추천 0 댓글 0,0,273,2026.04.29 12:59:06,https://gall.dcinside.com/mgallery/board/view/?id=shinilhs&no=10427&page=2,0.0,0,
schools_20p/신일고__shinilhs.csv,10426,[자유],절정,매운 객관의 채찍에 갈겨 마침내 단답으로 휩쓸려 오다. 하늘도 풀다 지쳐 끝난 시험 서릿발 칼날진 그 위에 서다. 어디다 정답을 찍어야 하나 한 발 재겨 디딜 틈조차 없다. 이러매 눈 감아 생각해 볼밖에 수학은 강철로 된 무지갠가 보다.,신붕이 (118.217) 2026.04.29 12:33:00 스크랩 조회 397 추천 2 댓글 4,2,397,2026.04.29 12:33:00,https://gall.dcinside.com/mgallery/board/view/?id=shinilhs&no=10426&page=2,0.0,0,
schools_20p/신일고__shinilhs.csv,10425,[자유],1학년 수학,80.9면 2인가요,신붕이 (211.234) 2026.04.29 12:32:57 스크랩 조회 411 추천 0 댓글 2,0,411,2026.04.29 12:32:57,https://gall.dcinside.com/mgallery/board/view/?id=shinilhs&no=10425&page=2,0.0,0,
schools_20p/신일고__shinilhs.csv,10424,[자유],미적3컷,예측좀ㅋㅋ,신붕이 (115.138) 2026.04.29 11:53:17 스크랩 조회 289 추천 0 댓글 1,0,289,2026.04.29 11:53:17,https://gall.dcinside.com/mgallery/board/view/?id=shinilhs&no=10424&page=2,0.0,0,
schools_20p/신일고__shinilhs.csv,10423,[자유],2학년 문학,60점대면 4등급일정도로 쉬웠음?,신붕이 (118.235) 2026.04.29 11:22:52 스크랩 조회 266 추천 0 댓글 2,0,266,2026.04.29 11:22:52,https://gall.dcinside.com/mgallery/board/view/?id=shinilhs&no=10423&page=2,0.0,0,
schools_20p/신일고__shinilhs.csv,10422,[자유],미적,1컷 100 2컷 95.3 3컷 90.7 정도 되려나?,신붕이 (210.113) 2026.04.29 10:05:17 스크랩 조회 326 추천 0 댓글 4,0,326,2026.04.29 10:05:17,https://gall.dcinside.com/mgallery/board/view/?id=shinilhs&no=10422&page=2,0.0,0,
schools_20p/신일고__shinilhs.csv,10421,[자유],2학년 세계사,80 중반인데 2 가능?,신붕이 (118.32) 2026.04.29 00:20:56 스크랩 조회 202 추천 0 댓글 1,0,202,2026.04.29 00:20:56,https://gall.dcinside.com/mgallery/board/view/?id=shinilhs&no=10421&page=2,0.0,0,
schools_20p/신일고__shinilhs.csv,10414,[자유],1학년 통사 1컷,얼마쯤 예상됨?,신붕이 (223.38) 2026.04.28 14:42:11 스크랩 조회 311 추천 1 댓글 1,1,311,2026.04.28 14:42:11,https://gall.dcinside.com/mgallery/board/view/?id=shinilhs&no=10414&page=3,0.0,0,
schools_20p/신일고__shinilhs.csv,10416,[질문],최성보 걸리면 수학여행(소규모 테마형 교육여행) 못 가나요?,알고 싶습니다,신붕이 (1.229) 2026.04.28 17:35:37 스크랩 조회 345 추천 0 댓글 2,0,345,2026.04.28 17:35:37,https://gall.dcinside.com/mgallery/board/view/?id=shinilhs&no=10416&page=3,0.0,0,
schools_20p/신일고__shinilhs.csv,10413,[자유],1학년 과학,1컷 100뜰것 같은데,신붕이 (121.129) 2026.04.28 14:10:13 스크랩 조회 246 추천 0 댓글 0,0,246,2026.04.28 14:10:13,https://gall.dcinside.com/mgallery/board/view/?id=shinilhs&no=10413&page=3,0.0,0,
schools_20p/신일고__shinilhs.csv,10411,[자유],2학년 생명 70 후반,2등급 되냐? 앞부분 ㅈㄴ 틀렸는데,신붕이 (118.235) 2026.04.28 13:06:32 스크랩 조회 228 추천 0 댓글 0,0,228,2026.04.28 13:06:32,https://gall.dcinside.com/mgallery/board/view/?id=shinilhs&no=10411&page=3,0.0,0,
schools_20p/신일고__shinilhs.csv,10417,[자유],아니 동아시아사 ㅅㅂ,3개틀렸는데 이거 4임? 아니 3컷까지 6명이 말이되나 ㅅㅂ 컷이 어떻게 되는거야,신붕이 (220.116) 2026.04.28 18:05:40 스크랩 조회 321 추천 7 댓글 1,7,321,2026.04.28 18:05:40,https://gall.dcinside.com/mgallery/board/view/?id=shinilhs&no=10417&page=3,0.73,1,ㅅㅂ
schools_20p/신일고__shinilhs.csv,10412,[자유],1학년 통 과사,생각보단 할만했는데 등급컷 몇쯤 될까요?,신붕이 (218.144) 2026.04.28 13:43:08 스크랩 조회 268 추천 0 댓글 1,0,268,2026.04.28 13:43:08,https://gall.dcinside.com/mgallery/board/view/?id=shinilhs&no=10412&page=3,0.0,0,
schools_20p/신일고__shinilhs.csv,10419,[자유],"3학년인데 1,2학년들 시험 커트라인","3학년인데 1,2학년들 시험 커트라인 원래 저러나요? (단순궁금) 우리 1,2학년일때 9등급 기준으로 1컷이 90초반 2컷 80중반 이었는데 59.60기는 우리기준 2등급이 1등급인데 컷이 많이 높내요 애들이 똑똑한건가 시험이 쉬운건가",신붕이 (185.145) 2026.04.28 23:32:48 스크랩 조회 358 추천 0 댓글 3,0,358,2026.04.28 23:32:48,https://gall.dcinside.com/mgallery/board/view/?id=shinilhs&no=10419&page=3,0.0,0,
schools_20p/신일고__shinilhs.csv,10418,[자유],2학년 확통,5~6개 틀렸는데 2 안되지?,신붕이 (118.235) 2026.04.28 21:00:21 스크랩 조회 325 추천 0 댓글 4,0,325,2026.04.28 21:00:21,https://gall.dcinside.com/mgallery/board/view/?id=shinilhs&no=10418&page=3,0.0,0,
schools_20p/신일고__shinilhs.csv,10409,[자유],고머,56기 57가 선배님덜 고대 생명공학계열 가려면 2.6은 가능성 있나요? 생기부는 잘 맞춰 썼습니다.,신붕이 (211.168) 2026.04.28 10:38:08 스크랩 조회 254 추천 0 댓글 1,0,254,2026.04.28 10:38:08,https://gall.dcinside.com/mgallery/board/view/?id=shinilhs&no=10409&page=3,0.0,0,
schools_20p/신일고__shinilhs.csv,10408,[자유],2학년 확통,87.6은 2등급인가요?,신붕이 (118.235) 2026.04.28 09:58:19 스크랩 조회 329 추천 0 댓글 3,0,329,2026.04.28 09:58:19,https://gall.dcinside.com/mgallery/board/view/?id=shinilhs&no=10408&page=3,0.0,0,
schools_20p/신일고__shinilhs.csv,10404,[자유],1학년 국사 1컷,90초쯤 나오겠죠?,신붕이 (122.45) 2026.04.27 22:31:13 스크랩 조회 283 추천 0 댓글 1,0,283,2026.04.27 22:31:13,https://gall.dcinside.com/mgallery/board/view/?id=shinilhs&no=10404&page=3,0.0,0,
schools_20p/신일고__shinilhs.csv,10405,[자유],정시파이터,수업시간에 딴공부하면 꼽줌?,신붕이 (121.129) 2026.04.27 22:32:38 스크랩 조회 365 추천 0 댓글 7,0,365,2026.04.27 22:32:38,https://gall.dcinside.com/mgallery/board/view/?id=shinilhs&no=10405&page=3,0.0,0,
schools_20p/신일고__shinilhs.csv,10403,[자유],1학년 국어 1컷,어느정도 일까요,신붕이 (1.231) 2026.04.27 22:05:04 스크랩 조회 352 추천 0 댓글 3,0,352,2026.04.27 22:05:04,https://gall.dcinside.com/mgallery/board/view/?id=shinilhs&no=10403&page=3,0.0,0,
schools_20p/신일고__shinilhs.csv,10407,[자유],언매 2컷,86점 ㅇㄱ ㅈㅉㅇㅇ?,신붕이 (118.235) 2026.04.28 09:49:22 스크랩 조회 192 추천 1 댓글 0,1,192,2026.04.28 09:49:22,https://gall.dcinside.com/mgallery/board/view/?id=shinilhs&no=10407&page=3,0.0,0,
schools_20p/신일고__shinilhs.csv,10401,[자유],언매 1컷 근데 솔직히,83점 아님? 절대 내가 83 맞아서 그런건 아님,신붕이 (119.192) 2026.04.27 21:25:35 스크랩 조회 323 추천 3 댓글 2,3,323,2026.04.27 21:25:35,https://gall.dcinside.com/mgallery/board/view/?id=shinilhs&no=10401&page=3,0.0,0,
schools_20p/신일고__shinilhs.csv,10402,[자유],신일자유인 후배들 응원차 글 적고 갑니다.jpg,"강북 아웃풋 원탑 명문사학 goat 신일고 자유인 동문여러분! 반갑습니다. 2016년 졸업생 신일자유인 김정현 / 김재하 / 정유삽 입니다. 신일고 개교 60주년을 맞이하여 정말 오랜만에 모교를 방문하였습니다. 청명한 하늘과 녹음이 어우러진 신일동산에서 꿈을 펼치기 위해 고군분투하는 동문 후배 여러분들의 모습을 보니 10년 전으로 되돌아간 기분이 들더군요. 아직 저희가 쉬었음청년에 백수지망생에 좆소기업을 전전하는 중이라 무언가 도움이 될 만한 것들을 동문 후배님들께 전달드린다거나 하지는 못했습니다만, 마음 깊은 곳에서 진심으로 여러분이 목표하는 바를 모두 쟁취해내기를 기도드립니다. 보이스 비 엠비시오스! 신일동산의 믿음으로 일하는 자유인 여러분! 언젠가 사회에서 만나 이끌고 이끌어 줄 수 있는 튼튼한 동앗줄이 되어 신일의 영광을 널리 떨칠 그 날을 기다리고 있겠습니다. 감사합니다.",ㅇㅇ (183.96) 2026.04.27 21:28:15 스크랩 조회 653 추천 65 댓글 5,65,653,2026.04.27 21:28:15,https://gall.dcinside.com/mgallery/board/view/?id=shinilhs&no=10402&page=3,0.73,1,좆
schools_20p/신일고__shinilhs.csv,10398,[자유],1학년 국어,많이 쉬웠음?,빵빵한쭉쭉이행님 2026.04.27 18:15:15 스크랩 조회 369 추천 0 댓글 1,0,369,2026.04.27 18:15:15,https://gall.dcinside.com/mgallery/board/view/?id=shinilhs&no=10398&page=3,0.0,0,
schools_20p/신일고__shinilhs.csv,10400,[자유],1학년인데,등급컷 보통 시험 보고 몇 일 후에 나오나요?,신붕이 (221.138) 2026.04.27 19:45:26 스크랩 조회 387 추천 0 댓글 3,0,387,2026.04.27 19:45:26,https://gall.dcinside.com/mgallery/board/view/?id=shinilhs&no=10400&page=3,0.0,0,
schools_20p/신일고__shinilhs.csv,10397,[자유],화작ㅅㅂ,문제가좀이상한건지 내가이상한건지 채점하니까 답안지가의심되노 2컷몇같음?,신붕이 (218.152) 2026.04.27 16:40:00 스크랩 조회 559 추천 8 댓글 15,8,559,2026.04.27 16:40:00,https://gall.dcinside.com/mgallery/board/view/?id=shinilhs&no=10397&page=3,0.73,1,ㅅㅂ
schools_20p/신일고__shinilhs.csv,10393,[자유],1학년 한국사,1컷 몇예상 하십니까 형님들,신붕이 (39.7) 2026.04.27 14:31:43 스크랩 조회 265 추천 0 댓글 1,0,265,2026.04.27 14:31:43,https://gall.dcinside.com/mgallery/board/view/?id=shinilhs&no=10393&page=3,0.0,0,
schools_20p/신일고__shinilhs.csv,10392,[자유],1학년 국어 2컷,1학년 국어 2컷 몇점정도 될까요,신붕이 (106.101) 2026.04.27 13:55:13 스크랩 조회 356 추천 0 댓글 2,0,356,2026.04.27 13:55:13,https://gall.dcinside.com/mgallery/board/view/?id=shinilhs&no=10392&page=3,0.0,0,
schools_20p/신일고__shinilhs.csv,10396,[자유],언매 1컷,대충 85정도 되는듯?,신붕이 (118.235) 2026.04.27 15:19:23 스크랩 조회 324 추천 1 댓글 2,1,324,2026.04.27 15:19:23,https://gall.dcinside.com/mgallery/board/view/?id=shinilhs&no=10396&page=3,0.0,0,
schools_20p/신일고__shinilhs.csv,10391,[자유],근데 because 썼어도 1점 감점 아니냐,Since랑 뒤 어순은 같잖음.,신붕이 (203.251) 2026.04.27 13:41:43 스크랩 조회 376 추천 0 댓글 4,0,376,2026.04.27 13:41:43,https://gall.dcinside.com/mgallery/board/view/?id=shinilhs&no=10391&page=3,0.0,0,
schools_20p/신일고__shinilhs.csv,10394,[자유],1학년 국어 1컷,90 넘겠죠?,신붕이 (122.45) 2026.04.27 14:33:13 스크랩 조회 382 추천 0 댓글 1,0,382,2026.04.27 14:33:13,https://gall.dcinside.com/mgallery/board/view/?id=shinilhs&no=10394&page=3,0.0,0,
schools_20p/신일고__shinilhs.csv,10390,[자유],ㅈ됐다,개좆됐다,ホシノ_hsn 2026.04.27 13:23:46 스크랩 조회 260 추천 0 댓글 0,0,260,2026.04.27 13:23:46,https://gall.dcinside.com/mgallery/board/view/?id=shinilhs&no=10390&page=3,0.73,1,좆
schools_20p/신일고__shinilhs.csv,10388,[자유],2학년 물리,이거맞노? 1컷 50은뜨냐,신붕이 (175.223) 2026.04.27 11:03:56 스크랩 조회 423 추천 5 댓글 3,5,423,2026.04.27 11:03:56,https://gall.dcinside.com/mgallery/board/view/?id=shinilhs&no=10388&page=3,0.0,0,
schools_20p/신일고__shinilhs.csv,10389,[자유],2학년 영어1컷,95까진 안올라가겠지? 솔직히 배점 2 3점짜리들중에 틀릴만한게 딱히 없고 타임어택도 아니었는데,신붕이 (1.229) 2026.04.27 12:51:26 스크랩 조회 378 추천 0 댓글 4,0,378,2026.04.27 12:51:26,https://gall.dcinside.com/mgallery/board/view/?id=shinilhs&no=10389&page=3,0.0,0,
schools_20p/신일고__shinilhs.csv,10387,[자유],1-4,진짜 레전드다 ㅋㅋㅋㅋㅋ,신붕이 (211.168) 2026.04.27 09:32:14 스크랩 조회 351 추천 1 댓글 2,1,351,2026.04.27 09:32:14,https://gall.dcinside.com/mgallery/board/view/?id=shinilhs&no=10387&page=3,0.0,0,
schools_20p/신일고__shinilhs.csv,10385,[자유],영어학원,신일 영어학원 어디가 좋음?,신붕이 (221.139) 2026.04.27 01:16:40 스크랩 조회 284 추천 0 댓글 5,0,284,2026.04.27 01:16:40,https://gall.dcinside.com/mgallery/board/view/?id=shinilhs&no=10385&page=3,0.0,0,
schools_20p/신일고__shinilhs.csv,10386,[자유],시험 화이팅,라고 전해달래,신붕이 (211.234) 2026.04.27 07:49:55 스크랩 조회 247 추천 4 댓글 3,4,247,2026.04.27 07:49:55,https://gall.dcinside.com/mgallery/board/view/?id=shinilhs&no=10386&page=3,0.0,0,
schools_20p/신일고__shinilhs.csv,10384,[자유],신붕이들에게,신붕이들아 60기는 이번 시험이 고등학생으로서 첫 시험일 거고 59 58기는 새 학년이 되어 맞는 첫 시험일 거다 많이 긴장 될 거야 그런 의미에서 선배로서 너희들에게 해 줄 말이 있다 학교생활이란 자고로 사회에 나가기 전에 기본적인 것들을 배우는 곳이다 실패와 성공 갈등과 화해 뭐 기타 등등 너희들은 많은 경험을 하게 될 거야 이런 경험들은 너희가 사회로 나갈 때 중요한 초석이 될 그런 것이다 이번 시험이 잘 되든 안되든 절대 포기하지 마라 학교에서 하는 쌉소리들에도 휘둘리지 않았으면 좋겠다 공부 정말 열심히 해야한다 그러면 내일 있을 시험 화이팅해라 신붕이들아,신붕이 (218.51) 2026.04.26 17:51:15 스크랩 조회 504 추천 30 댓글 6,30,504,2026.04.26 17:51:15,https://gall.dcinside.com/mgallery/board/view/?id=shinilhs&no=10384&page=3,0.0,0,
schools_20p/신일고__shinilhs.csv,10383,[자유],시험날에,중식배식하나요?,신붕이 (118.235) 2026.04.26 16:11:04 스크랩 조회 266 추천 0 댓글 2,0,266,2026.04.26 16:11:04,https://gall.dcinside.com/mgallery/board/view/?id=shinilhs&no=10383&page=3,0.0,0,
schools_20p/신일고__shinilhs.csv,10382,[질문],2학년 이동시험,선택과목 수업했던 교실로 가면 되죠?,신붕이 (220.93) 2026.04.26 09:28:47 스크랩 조회 297 추천 0 댓글 5,0,297,2026.04.26 09:28:47,https://gall.dcinside.com/mgallery/board/view/?id=shinilhs&no=10382&page=3,0.0,0,
schools_20p/신일고__shinilhs.csv,10381,[자유],작년 물리 중간고사,49점이면 몇등급인가요,신붕이 (175.223) 2026.04.25 22:14:15 스크랩 조회 337 추천 0 댓글 3,0,337,2026.04.25 22:14:15,https://gall.dcinside.com/mgallery/board/view/?id=shinilhs&no=10381&page=3,0.0,0,
schools_20p/신일고__shinilhs.csv,10380,[자유],1학년 뭐임?,진짜 뭐임?,신붕이 (218.51) 2026.04.25 13:59:22 스크랩 조회 470 추천 0 댓글 3,0,470,2026.04.25 13:59:22,https://gall.dcinside.com/mgallery/board/view/?id=shinilhs&no=10380&page=3,0.0,0,
schools_20p/신일고__shinilhs.csv,10378,[자유],섭컬쳐 겜추천이나 하고 가라,스토리 길고 그런거 말고 블아나 카사 같이 가벼운걸로 ㅇㅇ,ホシノ_hsn 2026.04.25 03:39:16 스크랩 조회 287 추천 0 댓글 10,0,287,2026.04.25 03:39:16,https://gall.dcinside.com/mgallery/board/view/?id=shinilhs&no=10378&page=3,0.0,0,
schools_20p/신일고__shinilhs.csv,10375,[자유],전학,보통 중간끝나고  전교서 전학 몇명정도 가냐요,신붕이 (175.192) 2026.04.24 23:19:17 스크랩 조회 327 추천 0 댓글 1,0,327,2026.04.24 23:19:17,https://gall.dcinside.com/mgallery/board/view/?id=shinilhs&no=10375&page=3,0.0,0,
schools_20p/신일고__shinilhs.csv,10374,[자유],시험 3일전 최고의 선택,유루시떼는 못참지,신붕이 (220.65) 2026.04.24 18:06:39 스크랩 조회 438 추천 15 댓글 1,15,438,2026.04.24 18:06:39,https://gall.dcinside.com/mgallery/board/view/?id=shinilhs&no=10374&page=3,0.0,0,
schools_20p/신일고__shinilhs.csv,7385,[자유],고등학교 첫 중간고사.. 나는 “영웅”이 된다,내신은 포기한다!,엄청난알코올램프 2023.04.15 17:42:46 스크랩 조회 2789 추천 103 댓글 13,103,2789,2023.04.15 17:42:46,https://gall.dcinside.com/mgallery/board/view/?id=shinilhs&no=7385&page=3,0.0,0,
schools_20p/신일고__shinilhs.csv,10373,[자유],1학년 4반,오늘 ㄹㅈㄷ임,신붕이 (211.234) 2026.04.24 16:55:27 스크랩 조회 624 추천 5 댓글 7,5,624,2026.04.24 16:55:27,https://gall.dcinside.com/mgallery/board/view/?id=shinilhs&no=10373&page=3,0.0,0,
schools_20p/신일고__shinilhs.csv,10372,[자유],ㅎㅂ) 보리로지,은밥 - dc official App,라니츠 2026.04.23 22:38:45 스크랩 조회 491 추천 7 댓글 1,7,491,2026.04.23 22:38:45,https://gall.dcinside.com/mgallery/board/view/?id=shinilhs&no=10372&page=3,0.0,0,
schools_20p/신일고__shinilhs.csv,10370,[자유],수학여행,이거 친한애들끼리 가라고 장소정한거 아니였냐? 무슨 오사카는 a b로 나눠서 아예 못만나게하고 다니는거도 2반씩 쳐다니는게 180만원 쳐내고 존나 뒤통수맞는거같네,신붕이 (203.229) 2026.04.23 00:06:20 스크랩 조회 482 추천 0 댓글 5,0,482,2026.04.23 00:06:20,https://gall.dcinside.com/mgallery/board/view/?id=shinilhs&no=10370&page=3,0.73,1,존나
schools_20p/신일고__shinilhs.csv,10371,[자유],빅나티를 변기에 넣고서 내려,니들 똥도 좀 변기에 넣고서 내.려!!,신붕이 (211.168) 2026.04.23 15:47:28 스크랩 조회 461 추천 11 댓글 3,11,461,2026.04.23 15:47:28,https://gall.dcinside.com/mgallery/board/view/?id=shinilhs&no=10371&page=3,0.0,0,
schools_20p/신일고__shinilhs.csv,10369,[자유],난 겁나 이해안되는게,왜 나만큼 공부하는애가 절반이상인데 왜 등급컷이 고르지,신붕이 (118.235) 2026.04.22 22:39:26 스크랩 조회 390 추천 0 댓글 3,0,390,2026.04.22 22:39:26,https://gall.dcinside.com/mgallery/board/view/?id=shinilhs&no=10369&page=3,0.0,0,
schools_20p/신일고__shinilhs.csv,10368,[자유],ㄱㅎㄱ 영어(1학년)의 공식,"1.어랏? 이분이 여전히 파 묻혀있네? 2.호근의 공식 3.지극히 정상이다 4.아잇! 5.잉! 6.재수 포인트,합격포인트",신붕이 (220.72) 2026.04.22 20:22:43 스크랩 조회 462 추천 9 댓글 3,9,462,2026.04.22 20:22:43,https://gall.dcinside.com/mgallery/board/view/?id=shinilhs&no=10368&page=3,0.0,0,
schools_20p/신일고__shinilhs.csv,10366,[자유],신일고 국어 누가 1황이냐,냉무 - dc official App,신붕이 (118.235) 2026.04.22 20:05:32 스크랩 조회 630 추천 2 댓글 5,2,630,2026.04.22 20:05:32,https://gall.dcinside.com/mgallery/board/view/?id=shinilhs&no=10366&page=3,0.0,0,
schools_20p/신일고__shinilhs.csv,10367,[자유],##언어?,"석식시간에 누군가 ##언어라고 하며 어떤 마르고 안경 쓴 사람과 파마 머리하고 안경벗은 사람과 키작고 안경쓴 사람 셋이 대화하는 것을 봤다. 그리고 10초 전인가로 되돌아 간다고 한 사람의 말과 ##행동이라고 한 마르고 안경 쓴 사람의 행동을 보니 이상한 것 같다…(파마머리에 안경 쓰지 않은 사람은 가만히 ‘니가?’하며 듣고 있었음) AI 이미지가 생성되었습니다. 새로고침(F5) 해 주세요. AI 이미지가 생성되었습니다. 새로고침(F5) 해 주세요. 프롬프트 no_humans, monochrome, simple_background, grey_background, gradient, gradient_background, text_focus 네거티브 프롬프트 샘플링 DPM++ 2M AI 이미지가 생성되었습니다. 새로고침(F5) 해 주세요. 프롬프트 no_humans, monochrome, simple_background, grey_background, gradient, gradient_background, text_focus 네거티브 프롬프트 샘플링 DPM++ 2M",신붕이 (220.72) 2026.04.22 20:10:15 스크랩 조회 303 추천 6 댓글 2,6,303,2026.04.22 20:10:15,https://gall.dcinside.com/mgallery/board/view/?id=shinilhs&no=10367&page=3,0.0,0,
schools_20p/신일고__shinilhs.csv,10365,[자유],수학기출,프린트 외우는 시험이었으면 기출푸는거 의미없나요 자신감만 떨어질거같은데,신붕이 (149.88) 2026.04.22 17:38:26 스크랩 조회 245 추천 0 댓글 0,0,245,2026.04.22 17:38:26,https://gall.dcinside.com/mgallery/board/view/?id=shinilhs&no=10365&page=3,0.0,0,
schools_20p/신일고__shinilhs.csv,10364,[자유],남자들만 아는 7숫자,2884914 강호의 도리,신붕이 (118.235) 2026.04.21 22:33:23 스크랩 조회 502 추천 5 댓글 5,5,502,2026.04.21 22:33:23,https://gall.dcinside.com/mgallery/board/view/?id=shinilhs&no=10364&page=3,0.0,0,
schools_20p/신일고__shinilhs.csv,10363,[자유],신붕이 오랜만에 학교 다녀왔다,재밌더라,AMNH_5866 2026.04.21 13:41:06 스크랩 조회 531 추천 4 댓글 12,4,531,2026.04.21 13:41:06,https://gall.dcinside.com/mgallery/board/view/?id=shinilhs&no=10363&page=3,0.0,0,
schools_20p/신일고__shinilhs.csv,10362,[자유],1층 자습실,1층 자습실 마이크로 작작좀 나대라,신붕이 (211.234) 2026.04.20 21:58:34 스크랩 조회 375 추천 7 댓글 0,7,375,2026.04.20 21:58:34,https://gall.dcinside.com/mgallery/board/view/?id=shinilhs&no=10362&page=4,0.0,0,
schools_20p/신일고__shinilhs.csv,10361,[자유],비상,시험 7일전 ‘날아오르다’,신붕이 (118.235) 2026.04.20 20:36:15 스크랩 조회 344 추천 2 댓글 1,2,344,2026.04.20 20:36:15,https://gall.dcinside.com/mgallery/board/view/?id=shinilhs&no=10361&page=4,0.0,0,
schools_20p/신일고__shinilhs.csv,10353,[질문],ㄱㅎㄱ쌤,시험 어렵게 내시나요?,신붕이 (106.101) 2026.04.18 00:29:39 스크랩 조회 502 추천 0 댓글 3,0,502,2026.04.18 00:29:39,https://gall.dcinside.com/mgallery/board/view/?id=shinilhs&no=10353&page=4,0.0,0,
schools_20p/신일고__shinilhs.csv,10356,[질문],통합사회,사회 빡센가요? 평문이랑 1등급만들기 풀었는데 다른과목에 시간 더 쓸까요? 아니면 자이스토리나 메가n제 풀까요?,신붕이 (175.192) 2026.04.18 22:01:06 스크랩 조회 429 추천 0 댓글 3,0,429,2026.04.18 22:01:06,https://gall.dcinside.com/mgallery/board/view/?id=shinilhs&no=10356&page=4,0.0,0,
schools_20p/신일고__shinilhs.csv,10354,[질문],1학년 역사,역사 많이 지엽적으로 나오나요? 일단 기본적인 틀은 다 잡아놔서 일반적인 문제집 문제는 어느정도 풀리는 상태인데요 1등급 안정적으로 나오려면 교과서 옆쪽에 있는 세부내용까지 다 외워야하나요?,신붕이 (223.38) 2026.04.18 00:44:09 스크랩 조회 442 추천 0 댓글 3,0,442,2026.04.18 00:44:09,https://gall.dcinside.com/mgallery/board/view/?id=shinilhs&no=10354&page=4,0.0,0,
schools_20p/신일고__shinilhs.csv,10359,[자유],상점,발표해서 상점준다고 이름 적어가고 이주째 못받고있는데 자주 이러나요,신붕이 (175.125) 2026.04.20 16:58:15 스크랩 조회 338 추천 0 댓글 3,0,338,2026.04.20 16:58:15,https://gall.dcinside.com/mgallery/board/view/?id=shinilhs&no=10359&page=4,0.0,0,
schools_20p/신일고__shinilhs.csv,10358,[자유],화학,ㄱㅅㄹ쌤 있어요? - dc official App,신붕이 (211.234) 2026.04.20 12:24:55 스크랩 조회 346 추천 0 댓글 4,0,346,2026.04.20 12:24:55,https://gall.dcinside.com/mgallery/board/view/?id=shinilhs&no=10358&page=4,0.0,0,
schools_20p/신일고__shinilhs.csv,10355,[자유],화장실에서,똥싸고 재발물내리세요 똥닦은 휴지제발 변기에버리세요 똥 제발 변기에 싸세요 이상입니다,신붕이 (180.230) 2026.04.18 10:16:57 스크랩 조회 812 추천 16 댓글 12,16,812,2026.04.18 10:16:57,https://gall.dcinside.com/mgallery/board/view/?id=shinilhs&no=10355&page=4,0.0,0,
schools_20p/신일고__shinilhs.csv,10352,[질문],ㅇㅇㅁ쌤,2학년 수학 ㅇㅇㅁ쌤 문제 어렵나요 어떤식으로 내시나요,신붕이 (211.168) 2026.04.17 20:28:18 스크랩 조회 406 추천 0 댓글 1,0,406,2026.04.17 20:28:18,https://gall.dcinside.com/mgallery/board/view/?id=shinilhs&no=10352&page=4,0.0,0,
schools_20p/신일고__shinilhs.csv,10349,[자유],로얄 쓰쓰,노래 좋다,신붕이 (61.72) 2026.04.16 23:36:31 스크랩 조회 343 추천 0 댓글 2,0,343,2026.04.16 23:36:31,https://gall.dcinside.com/mgallery/board/view/?id=shinilhs&no=10349&page=4,0.0,0,
schools_20p/신일고__shinilhs.csv,10350,[자유],여기 공식 커뮤가 아니었음?,뭐 행동강령인가 그거 보니까 학교이름을 사칭하는 비공식 커뮤가 있다던데,신붕이 (119.192) 2026.04.17 00:27:33 스크랩 조회 456 추천 1 댓글 2,1,456,2026.04.17 00:27:33,https://gall.dcinside.com/mgallery/board/view/?id=shinilhs&no=10350&page=4,0.0,0,
schools_20p/신일고__shinilhs.csv,10351,[자유],이거 노래 개조음,https://youtu.be/OSeSYGiDf9w?si=NLNNo0mi6Qq-DDWT,신붕이 (118.235) 2026.04.17 07:48:53 스크랩 조회 351 추천 1 댓글 4,1,351,2026.04.17 07:48:53,https://gall.dcinside.com/mgallery/board/view/?id=shinilhs&no=10351&page=4,0.0,0,
schools_20p/신일고__shinilhs.csv,10344,[자유],신일고 1학년 국어,작년 기출 풀었는데 80초반쯤 나오면 2등급은 가능하죠?,신붕이 (121.128) 2026.04.16 01:26:26 스크랩 조회 517 추천 0 댓글 2,0,517,2026.04.16 01:26:26,https://gall.dcinside.com/mgallery/board/view/?id=shinilhs&no=10344&page=4,0.0,0,
schools_20p/신일고__shinilhs.csv,10347,[자유],수업시간에 자습들 많이 주시는데,30명이 조용하고 한두명이 ㅈㄴ속닥거리면 눈치 안보이나 공부랑 관련 ㅈ도 없는 대화 50분 내내 할거면 좀 싼 학교로 가라 니네 부모돈은 그렇다 치고 남들이 낸 돈의 가치까지 떨어뜨리면 안되지,신붕이 (118.235) 2026.04.16 22:26:54 스크랩 조회 640 추천 19 댓글 6,19,640,2026.04.16 22:26:54,https://gall.dcinside.com/mgallery/board/view/?id=shinilhs&no=10347&page=4,0.0,0,
schools_20p/신일고__shinilhs.csv,10346,[자유],신마갤 씹덕짤 왜케 많이 올리냐?,왜 여기서 이러고있노? 니들끼리 놀아 - dc official App,신붕이 (211.246) 2026.04.16 20:17:03 스크랩 조회 479 추천 11 댓글 9,11,479,2026.04.16 20:17:03,https://gall.dcinside.com/mgallery/board/view/?id=shinilhs&no=10346&page=4,0.0,0,
schools_20p/신일고__shinilhs.csv,10345,[자유],화장실 제발 좀,너희 똥 얼마나 굵은지 안궁금하니까 제발 닦은 휴지는 변기에 버려,신붕이 (211.168) 2026.04.16 10:35:08 스크랩 조회 320 추천 3 댓글 1,3,320,2026.04.16 10:35:08,https://gall.dcinside.com/mgallery/board/view/?id=shinilhs&no=10345&page=4,0.0,0,
schools_20p/신일고__shinilhs.csv,10342,[자유],마따끄,재밌는 떡밥이 죽어버렸잖아? 불타는 갤을 볼 수 있는 기회였는데,AMNH_5866 2026.04.15 22:16:45 스크랩 조회 330 추천 2 댓글 5,2,330,2026.04.15 22:16:45,https://gall.dcinside.com/mgallery/board/view/?id=shinilhs&no=10342&page=4,0.73,1,죽어
schools_20p/신일고__shinilhs.csv,10343,[자유],얘들아 왜 싸워,싸우지마셈..,tm 2026.04.15 22:55:53 스크랩 조회 681 추천 14 댓글 16,14,681,2026.04.15 22:55:53,https://gall.dcinside.com/mgallery/board/view/?id=shinilhs&no=10343&page=4,0.0,0,
schools_20p/신일고__shinilhs.csv,10340,[자유],완장은 순순히,햄부기를 뿌린다면 유혈사태는 일어나지 않을 것입니다.,신붕이 (223.38) 2026.04.15 22:08:02 스크랩 조회 391 추천 10 댓글 4,10,391,2026.04.15 22:08:02,https://gall.dcinside.com/mgallery/board/view/?id=shinilhs&no=10340&page=4,0.0,0,
schools_20p/신일고__shinilhs.csv,10341,[자유],오늘밤 굴대전,- dc official App,라니츠 2026.04.15 22:11:37 스크랩 조회 352 추천 0 댓글 3,0,352,2026.04.15 22:11:37,https://gall.dcinside.com/mgallery/board/view/?id=shinilhs&no=10341&page=4,0.0,0,
schools_20p/신일고__shinilhs.csv,10337,[자유],씹덕들 좀 나가라,사실 나도 씹덕이야... 귀여운 테토나 보고가셈,신붕이 (1.231) 2026.04.15 21:46:52 스크랩 조회 382 추천 8 댓글 5,8,382,2026.04.15 21:46:52,https://gall.dcinside.com/mgallery/board/view/?id=shinilhs&no=10337&page=4,0.0,0,
schools_20p/신일고__shinilhs.csv,10332,[질문],물리 공부해야하나요,걍 찍는게 더 낫다는데,신붕이 (211.168) 2026.04.15 07:57:19 스크랩 조회 386 추천 0 댓글 3,0,386,2026.04.15 07:57:19,https://gall.dcinside.com/mgallery/board/view/?id=shinilhs&no=10332&page=4,0.0,0,
schools_20p/신일고__shinilhs.csv,10331,[자유],한국사 작년 등급컷,59기 1학년1학기 중간 국사 1컷 2컷좀여..,신붕이 (211.36) 2026.04.15 00:42:24 스크랩 조회 371 추천 0 댓글 2,0,371,2026.04.15 00:42:24,https://gall.dcinside.com/mgallery/board/view/?id=shinilhs&no=10331&page=4,0.0,0,
schools_20p/신일고__shinilhs.csv,10330,[자유],재수없는 소리긴 한데,지금 사회 기출문제 처음 본 60기입니다 공부다하고 보는거긴한데 이런 문제가지고 변별이 돼요?,신붕이 (118.235) 2026.04.14 21:38:05 스크랩 조회 480 추천 0 댓글 5,0,480,2026.04.14 21:38:05,https://gall.dcinside.com/mgallery/board/view/?id=shinilhs&no=10330&page=4,0.0,0,
schools_20p/신일고__shinilhs.csv,10329,[자유],시험?까짓거,르르땅이 옆에있는한 망해도 알빠아니다 ㅇㅇ,신붕이 (211.168) 2026.04.14 08:09:02 스크랩 조회 559 추천 12 댓글 6,12,559,2026.04.14 08:09:02,https://gall.dcinside.com/mgallery/board/view/?id=shinilhs&no=10329&page=4,0.0,0,
schools_20p/신일고__shinilhs.csv,10328,[질문],고1 질문,음 미 체 대학에서 성적 보나요? 갠적으로 육사 지망할 생각이 없진 않아서요 체육 점수 많이 중요할까요?,신붕이 (1.239) 2026.04.14 00:39:37 스크랩 조회 316 추천 0 댓글 1,0,316,2026.04.14 00:39:37,https://gall.dcinside.com/mgallery/board/view/?id=shinilhs&no=10328&page=4,0.0,0,
schools_20p/신일고__shinilhs.csv,10327,[자유],야구부,ㄱㅈㅎ 쌤하고 무슨일인지 아시는사람 알려주세요,신붕이 (222.234) 2026.04.13 23:22:53 스크랩 조회 287 추천 0 댓글 0,0,287,2026.04.13 23:22:53,https://gall.dcinside.com/mgallery/board/view/?id=shinilhs&no=10327&page=4,0.0,0,
schools_20p/신일고__shinilhs.csv,10325,[질문],형들,1-1 영어 1등급컷 아시는분..?,신붕이 (121.128) 2026.04.13 22:22:14 스크랩 조회 304 추천 0 댓글 2,0,304,2026.04.13 22:22:14,https://gall.dcinside.com/mgallery/board/view/?id=shinilhs&no=10325&page=4,0.0,0,
schools_20p/신일고__shinilhs.csv,10326,[질문],윤리 ㅇㅎㅅ쌤,윤리 ㅇㅎㅅ쌤 문제 어떤 식으로 내시나요 그 강의록이라고 주신 거기에 있는 내용 다 나오나요,신붕이 (211.192) 2026.04.13 22:35:01 스크랩 조회 419 추천 0 댓글 0,0,419,2026.04.13 22:35:01,https://gall.dcinside.com/mgallery/board/view/?id=shinilhs&no=10326&page=4,0.0,0,
schools_20p/신일고__shinilhs.csv,10323,[질문],고1 등급컷,작년 고1 통사 등급컷 뭐였나요 79.6점이에요,신붕이 (1.239) 2026.04.13 02:59:53 스크랩 조회 311 추천 0 댓글 1,0,311,2026.04.13 02:59:53,https://gall.dcinside.com/mgallery/board/view/?id=shinilhs&no=10323&page=4,0.0,0,
schools_20p/신일고__shinilhs.csv,10322,[질문],작년 고2 물리 등급컷,물리 너무 어렵던데,신붕이 (220.93) 2026.04.12 23:01:33 스크랩 조회 333 추천 0 댓글 3,0,333,2026.04.12 23:01:33,https://gall.dcinside.com/mgallery/board/view/?id=shinilhs&no=10322&page=4,0.0,0,
schools_20p/신일고__shinilhs.csv,10321,[자유],시험 2주전 디맥 7시간,60기분들 축하드려요 제가 등급 올려드릴게요,신붕이 (211.200) 2026.04.12 22:10:18 스크랩 조회 276 추천 0 댓글 3,0,276,2026.04.12 22:10:18,https://gall.dcinside.com/mgallery/board/view/?id=shinilhs&no=10321&page=4,0.0,0,
schools_20p/신일고__shinilhs.csv,10320,[자유],시험 대충 2주 남은 시점,세지 건드리지도 않았다. 하하 수업만 들었다. 하하 - dc official App,신붕이 (118.235) 2026.04.12 17:59:32 스크랩 조회 328 추천 0 댓글 3,0,328,2026.04.12 17:59:32,https://gall.dcinside.com/mgallery/board/view/?id=shinilhs&no=10320&page=4,0.0,0,
schools_20p/신일고__shinilhs.csv,10319,[자유],신일고 진짜 없냐?,변기 물내리는 기능 없냐?,신붕이 (118.235) 2026.04.12 09:31:44 스크랩 조회 806 추천 21 댓글 3,21,806,2026.04.12 09:31:44,https://gall.dcinside.com/mgallery/board/view/?id=shinilhs&no=10319&page=4,0.0,0,
schools_20p/신일고__shinilhs.csv,10317,[자유],궁금증,윤리 ㅇㅎㅅ 선생님의 어록이 도대체 어떻길래 그런가요 알려주세요 선배님들 ㅠㅠ,신붕이 (220.65) 2026.04.12 00:09:48 스크랩 조회 320 추천 1 댓글 3,1,320,2026.04.12 00:09:48,https://gall.dcinside.com/mgallery/board/view/?id=shinilhs&no=10317&page=4,0.0,0,
schools_20p/신일고__shinilhs.csv,10318,[질문],작년 고1 중간 등급컷 얼마였나요?,72.3인데 이정도면 몇 등급인가요? 3등급은 넘을까요?,신붕이 (218.239) 2026.04.12 00:30:23 스크랩 조회 396 추천 0 댓글 7,0,396,2026.04.12 00:30:23,https://gall.dcinside.com/mgallery/board/view/?id=shinilhs&no=10318&page=4,0.0,0,
schools_20p/신일고__shinilhs.csv,10316,[자유],너네는 가챠같은 거 하지마라,하지 말라면 하지 마라.. 불확실한 결과를 얻기 위해 눈앞에 보이는 확률을 믿지 마라,tm 2026.04.11 17:54:42 스크랩 조회 479 추천 19 댓글 6,19,479,2026.04.11 17:54:42,https://gall.dcinside.com/mgallery/board/view/?id=shinilhs&no=10316&page=4,0.0,0,
schools_20p/신일고__shinilhs.csv,10314,[자유],요새 들을만한 노래같은거 없음?,노래추천좀해주… 수학풀면서 듣기좋은거 발라드는안받음,신붕이 (58.233) 2026.04.11 00:06:24 스크랩 조회 485 추천 0 댓글 20,0,485,2026.04.11 00:06:24,https://gall.dcinside.com/mgallery/board/view/?id=shinilhs&no=10314&page=4,0.0,0,
schools_20p/신일고__shinilhs.csv,10312,[자유],신일고 자습실,토요일 일요일에는 분위기 좋던데,신붕이 (118.235) 2026.04.10 20:45:39 스크랩 조회 536 추천 0 댓글 6,0,536,2026.04.10 20:45:39,https://gall.dcinside.com/mgallery/board/view/?id=shinilhs&no=10312&page=4,0.0,0,
schools_20p/신일고__shinilhs.csv,10311,[자유],사랑합니다,차렷 인사,신붕이 (211.168) 2026.04.10 09:17:03 스크랩 조회 441 추천 1 댓글 4,1,441,2026.04.10 09:17:03,https://gall.dcinside.com/mgallery/board/view/?id=shinilhs&no=10311&page=4,0.0,0,
schools_20p/신일고__shinilhs.csv,10310,[자유],영어 계속 어렵게 낸다고 경고하는건가,고2 3모 1등급비율 3퍼대노,신붕이 (1.229) 2026.04.10 00:25:48 스크랩 조회 692 추천 1 댓글 20,1,692,2026.04.10 00:25:48,https://gall.dcinside.com/mgallery/board/view/?id=shinilhs&no=10310&page=4,0.0,0,
schools_20p/신일고__shinilhs.csv,10309,[자유],과탐발 뭐하는겁니까?!!!,과탐발 나중에 하려고 하는데 절차가 어떻게 되죠? 주제는 어떤걸로,신붕이 (218.144) 2026.04.09 23:13:28 스크랩 조회 379 추천 0 댓글 5,0,379,2026.04.09 23:13:28,https://gall.dcinside.com/mgallery/board/view/?id=shinilhs&no=10309&page=4,0.0,0,
schools_20p/신일고__shinilhs.csv,10308,[질문],전학,신일고 1학년 1학기 끝나면 보통 몇명정도 전학가나요?,신붕이 (106.101) 2026.04.09 22:57:25 스크랩 조회 306 추천 0 댓글 1,0,306,2026.04.09 22:57:25,https://gall.dcinside.com/mgallery/board/view/?id=shinilhs&no=10308&page=4,0.0,0,
schools_20p/신일고__shinilhs.csv,10307,[자유],미적분 수특 21쪽 3번 문제 낸 사람 반성해라,아무튼 반성해라 절대 내가 허접이라 레벨 2 따리에 막혀서 화난 거 아님,tm 2026.04.09 22:24:08 스크랩 조회 501 추천 22 댓글 3,22,501,2026.04.09 22:24:08,https://gall.dcinside.com/mgallery/board/view/?id=shinilhs&no=10307&page=4,0.0,0,
schools_20p/신일고__shinilhs.csv,10306,[자유],담임쌤들 학년 매번 바뀌나요,매년 맡는 학년 바뀌심 아님 유지됨?,신붕이 (117.111) 2026.04.09 17:52:07 스크랩 조회 350 추천 0 댓글 1,0,350,2026.04.09 17:52:07,https://gall.dcinside.com/mgallery/board/view/?id=shinilhs&no=10306&page=4,0.0,0,
schools_20p/신일고__shinilhs.csv,10305,[자유],두둥등장,새로운 파딱으로 취임하게된 빵빵한쭉쭉이행님입니다 저는 슬렌더 좋아합니다 잘 부탁드립니다,빵빵한쭉쭉이행님 2026.04.08 23:15:13 스크랩 조회 656 추천 14 댓글 6,14,656,2026.04.08 23:15:13,https://gall.dcinside.com/mgallery/board/view/?id=shinilhs&no=10305&page=4,0.0,0,
schools_20p/신일고__shinilhs.csv,10303,[정보],처음 내신을 준비하는 60기를 위해,"사실 나도 공부할 시간 없긴한데, 60기 내신 대비 어떻게할지 모를것같아서 짧게나마 적어봄 1. 국어 1-1. 난이도의 경우 사실 우리학교 국어가 꽤 어려운편이었음 (작년은 잘 모르겠다) 어느정도냐면 학원 국어쌤이 문법문제보고 자기 대학교 2~3학년쯤 임용고시 준비하려고 봤던 문제 수준이랑 비슷하다고 할 정도였음 대신 문학은 꽤나 쉽게 출제되는 편인데, 그점은 선생님 성향을 보고 다시 판단해야함. 참고로 시험 난이도는 수업의 수준과 양의 상관관계에 있음 구체적으로 들어가면 쌤 욕하는 꼴 날까봐 언급은 안할께 1-2. 학습방향의 경우 우선 우리학교 문법이 대비가 좀 어렵긴 하지…일단 난 학원다녔어 국어학원의 장점은 외부 출제요소같은거를 예측해서 알려준다는거임. 대신 양은 존나 많은데 나오는건 1개 나올까말까 했음 그런고로 사실 학교수업 잘듣는게 가장 중요한 부분이긴 했음. 지금은 나가신 선생님이시긴 하신데 잘 가르치셨던 쌤이라 수업 만족도도 매우 높아서 매우 큰 도움이 됨 (대신 선생님의 강의력과 시험의 난이도는 매우 강한 양의 상관관계에 있다는건 꼭 기억하고…) 그래서 결론적으로, 선생님 수업 잘 듣고, 예외적인 사항 암기 잘 하고, 고 123기출 풀어보면서 내용을 채화시키는게 가장 중요함 2.수학 1-1. 난이도의 경우 사실 최근 2년간 많이 바뀐 사실이긴 하지만, 학습지가 굉장히 큰 비중을 차지하기 시작했음. 이 기조는 아마 60기에서도 유지될 가능성 99%임 교과서, 학습지 비중을 합치면 대략 85%정도로 비중이 큼. 심지어 변형도 숫자 바꾸는정도로만 들어감. 그리하여 타임어택을 주는 방향으로 시험이 변화하였는데…난 긍정적으로 보지는 않는다… 1-2.학습방향의 경우 천하제일 프린트 외우기 대회<-내신 한줄요약 그냥 닥치고 외워…이건 방법 없음. 한 최소 6회독은 해야지 1등급에 발가락이라도 담궈볼 확률이 생김 프린트 잘 풀수 있으면 수업 들을 필요 없음. 차라리 스탠포드쌤 수업들어 그래도 기출은 한번씩 풀어봐야 수능대비에는 도움이 됨. 생각보다 1학년때 배운 수학이 중요하더라 3.영어 이건 패스;; 아마 영어황이 대신 적어주겠지 4.한국사 1-1. 난이도의 경우 어려운듯 쉽다. 사실 한국사의 경우 역사적 사실을 다루어야 하기에 문제의 양식이 일정하고, 내용이 한정적이기에 충분한 시간만 투자된다면 꿀통과목이다. 1-2. 학습방향의 경우 우선 한국사의 기본은 ‘익숙해지기‘ 라 생각함. 처음에는 사건과 용어들에 익숙해져야함. 그럼 익숙해지는 방법이 무엇이냐? 교과서 읽어. 뭘 외우면서 읽으라는게 아님. 그냥 공부 ㅈㄴ하기 싫을때 책읽는다 생각하고 뇌빼고 단순히 읽어라. 이때 사실 수업 복기가 제대로 되면 좋은데…그냥 ‘이 부분 설명할때 ㄱㅈㅇ쌤이 아재개그 쳤지~/ㅎㅅㅎ쌤이 누구한테 질문했는데 대답못해서 맞았지~‘ 딱 이정도수준으로 수업을 기억해도 ‘익숙해지기‘ 에는 도움이 된다. 그럼 익숙해진 후에 무엇을 하느냐? 교과서를 외우기 시작한다. 이때 ‘익숙해지기‘가 큰 도움이 될거다. 단순히 정조-규장각 이런 방식으로 외운다면 규장각->정조 식의 흐름은 도출되기 쉽다. 하지만 만약 ‘규장각‘이라는 단어에 익숙해져있지 않을 경우, 정조에서 규장각을 꺼내기는 어렵다. 만약 정조의 업적을 모두 외웠다 한들, 단어에 익숙해지지 않은 생태에서의 암기는 시간이 꽤나 오래 걸린다. 단순히 머릿속에서 ‘정조는 규장각‘이라고 외우는 것보다, 규장각과 정조라는 익숙한 두 단어를 유기적으로 연결하여 암기하는 것이 학습적 측면에서 효율성을 가진다 생각한다. 또한 교과서를 여러번 읽는것이 주는 장점은 추가로 존재한다.바로 단순히 단어/왕의 업적 등과 같은 것을 정리해두고 암기하는것과는 달리, 유기적 흐름을 파악하며 읽을 수 있다는 것이다. 단순 필기만을 이용하여 암기한다면, 역사의 유기적 흐름을 이해하기 어렵다. 따라서 교과서를 읽으며 전에 서술된 부분, 후술된 부분과 함께 읽으면 흐름을 파악하기 쉬워진다. 이제 교과서 내용의 암기가 끝났다면 연표를 외우러 갈 차례이다. 연표는 엑셀 파일을 이용하여 제작한다. 기회가 된다면 내가 만들었던 연표도 올리겠다. 연표는 교과서-프린트-필기의 모든 내용을 집대성해야한다. 우선 교과서의 연도를 모두 엑셀에 수작업으로 옮긴다. 이후 차례로 프린트 혹은 필기에만 존재하는 연도까지 표기한다.(2등급이 목표라면 교과서만 해라) 이제 2가지 버전으로 나누자. 랜덤하게 배열된 연표와 순서대로 배열된 연표 2개를 준비하여 외운다. 모두 외웠다면 문제를 풀자. 문재집은 메가스터디 N제를 추천한다. 이 정도 수준의 문제가 아니라면 그냥 개념이나 한번 더 보는것이 의미있다고 생각한다. 5.통사, 통과 이건 58기인 내가 겪어보지 못한것이기에 생략하겠다. 아마 수능 예비문항, 고1,2모의고사를 참고하셔서 내실 듯 하다. 굉장히 지엽적으로 출제된다. 그냥 교과서 달달 외워라. 교과서 날개부분도 외워라. 친구와 서로 문제를 낼때 친구가 진짜 못맞출정도로 지엽적으로 질문할때의 수준으로 나오는 경우가 1문제는 있다. 참고로 우리때의 통사는 주로 ‘완자 기출pick‘에서 꽤나 많은 문제가 출제되었다. 참고만 하자.",신붕이 (58.233) 2026.04.08 01:14:38 스크랩 조회 1065 추천 23 댓글 11,23,1065,2026.04.08 01:14:38,https://gall.dcinside.com/mgallery/board/view/?id=shinilhs&no=10303&page=4,0.73,1,존나
schools_20p/신일고__shinilhs.csv,10302,[자유],고1,작년 고1 중간 수학 1컷 몇점인가요...,신붕이 (218.144) 2026.04.08 00:29:29 스크랩 조회 362 추천 0 댓글 2,0,362,2026.04.08 00:29:29,https://gall.dcinside.com/mgallery/board/view/?id=shinilhs&no=10302&page=4,0.0,0,
schools_20p/신일고__shinilhs.csv,10301,[자유],제발여,국제 수행평가 A받기 쉬움?,신붕이 (221.138) 2026.04.07 21:53:25 스크랩 조회 437 추천 0 댓글 9,0,437,2026.04.07 21:53:25,https://gall.dcinside.com/mgallery/board/view/?id=shinilhs&no=10301&page=4,0.0,0,
schools_20p/신일고__shinilhs.csv,10300,[자유],1-1 국제,절대평가라는데 a받을려면 몇점이상인가요,신붕이 (183.96) 2026.04.07 16:23:39 스크랩 조회 328 추천 0 댓글 1,0,328,2026.04.07 16:23:39,https://gall.dcinside.com/mgallery/board/view/?id=shinilhs&no=10300&page=4,0.0,0,
schools_20p/신일고__shinilhs.csv,10295,[자유],나 오늘 신일고 선생님 몰래 연애하는거 발견함,라는 주제로 문예창작대회 나가면 짤릴려나,신붕이 (211.36) 2026.04.06 02:40:48 스크랩 조회 842 추천 10 댓글 6,10,842,2026.04.06 02:40:48,https://gall.dcinside.com/mgallery/board/view/?id=shinilhs&no=10295&page=5,0.0,0,
schools_20p/신일고__shinilhs.csv,10047,[자유],신마갤 파딱모집,"새 학기를 맞이하여 신일고마이너갤러리를 운영할 부관리자를 모집합니다 지원 대상 - 59기 필수 제출 - 자기소개서(자유 양식이되, 서두에 본인의 기수를 꼭 밝힐 것) - 학생증 전면 사진(신일고 재학생 증명 용도) 추가적인 질문은 오픈채팅방에서 부탁드립니다 https://open.kakao.com/o/sYCskEai - dc official App",기다려라각오해라 2026.01.10 01:32:10 스크랩 조회 1548 추천 40 댓글 11,40,1548,2026.01.10 01:32:10,https://gall.dcinside.com/mgallery/board/view/?id=shinilhs&no=10047&page=5,0.0,0,
schools_20p/신일고__shinilhs.csv,10294,[자유],뭐야 나 파래졌어요,신규 파딱 최고의감독푼동입니다 잘부탁드립니다,최고의감독푼동 2026.04.05 23:38:55 스크랩 조회 497 추천 14 댓글 3,14,497,2026.04.05 23:38:55,https://gall.dcinside.com/mgallery/board/view/?id=shinilhs&no=10294&page=5,0.0,0,
schools_20p/신일고__shinilhs.csv,10298,[자유],시험범위,시험범위 완.전.많.아~ ❤+ 완전 허~접 ❤+,신붕이 (59.5) 2026.04.07 00:23:19 스크랩 조회 254 추천 0 댓글 0,0,254,2026.04.07 00:23:19,https://gall.dcinside.com/mgallery/board/view/?id=shinilhs&no=10298&page=5,0.0,0,
schools_20p/신일고__shinilhs.csv,10293,[자유],이새끼 뭐지다노,화장실에서 뭘해야지 수도꼭지가 뽑히는거 - dc official App,신붕이 (220.65) 2026.04.05 21:15:29 스크랩 조회 412 추천 8 댓글 1,8,412,2026.04.05 21:15:29,https://gall.dcinside.com/mgallery/board/view/?id=shinilhs&no=10293&page=5,0.73,1,새끼
schools_20p/신일고__shinilhs.csv,10299,[자유],신일고에서 연고대가려면,대략 전교 몇등까지 가나요??,신붕이 (39.125) 2026.04.07 09:37:33 스크랩 조회 537 추천 0 댓글 3,0,537,2026.04.07 09:37:33,https://gall.dcinside.com/mgallery/board/view/?id=shinilhs&no=10299&page=5,0.0,0,
schools_20p/신일고__shinilhs.csv,10296,[자유],1학년,편입 언제쯤부터 받나요?,신붕이 (211.206) 2026.04.06 15:42:55 스크랩 조회 331 추천 0 댓글 3,0,331,2026.04.06 15:42:55,https://gall.dcinside.com/mgallery/board/view/?id=shinilhs&no=10296&page=5,0.0,0,
schools_20p/신일고__shinilhs.csv,10297,[자유],신평,지하철 노약자 좌석에 두명이서 앉아서 한쪽 다리 뻗고 다른쪽은 의자에 올려놓는건 뭐냐? 씹당당하노 - dc official App,신붕이 (118.235) 2026.04.06 17:44:17 스크랩 조회 364 추천 0 댓글 3,0,364,2026.04.06 17:44:17,https://gall.dcinside.com/mgallery/board/view/?id=shinilhs&no=10297&page=5,0.0,0,
schools_20p/신일고__shinilhs.csv,10290,[자유],1-4,그만해 제발 나도 사람이야. 이제는 힘들어,신붕이 (118.235) 2026.04.05 13:23:03 스크랩 조회 519 추천 7 댓글 3,7,519,2026.04.05 13:23:03,https://gall.dcinside.com/mgallery/board/view/?id=shinilhs&no=10290&page=5,0.0,0,
schools_20p/신일고__shinilhs.csv,10292,[자유],진짜 개씨발 ㅋㅋㅋㅋㅋㅋㅋ 내가 다른건 다 참아도,,신붕이 (116.46) 2026.04.05 20:38:48 스크랩 조회 759 추천 29 댓글 0,29,759,2026.04.05 20:38:48,https://gall.dcinside.com/mgallery/board/view/?id=shinilhs&no=10292&page=5,0.73,1,씨발
schools_20p/신일고__shinilhs.csv,10291,[자유],활동,신일에서 하면 좋은 활동 있나요.?,신붕이 (218.144) 2026.04.05 20:19:36 스크랩 조회 348 추천 1 댓글 5,1,348,2026.04.05 20:19:36,https://gall.dcinside.com/mgallery/board/view/?id=shinilhs&no=10291&page=5,0.0,0,
schools_20p/신일고__shinilhs.csv,10287,[자유],이번 신앙 수양회 구경 갔던 57기다,ㅅㅂ 이게 뭐라고 갤에서 joat였다 goat였다 싸움질이냐 4년동안 본 입장에서 아이돌? 랩퍼? 이런거 없이 이정도면 goat까지는 아니더라도 상타치인건 팩트다 겁나 한심한게 지 재미없다고 joat라고 글쓰거나 뛴 애들 보고 찐따라고 하는둥 그리고 그거에 쳐 발끈해서 싸우는거 보면 답이 없다.. 이게 뭐라고 쳐 싸우는지 싸워서 이기면 도움이되냐?,신붕이 (180.80) 2026.04.05 02:09:46 스크랩 조회 670 추천 9 댓글 12,9,670,2026.04.05 02:09:46,https://gall.dcinside.com/mgallery/board/view/?id=shinilhs&no=10287&page=5,0.81,1,"ㅅㅂ, 찐따"
schools_20p/신일고__shinilhs.csv,10288,[자유],작년 신앙수양회의 백미는 딴게 아님ㅋㅋ,"2025년 신앙수양회는 ""4월 4일""에 열렸다 ㅋㅋㅋㅋㅋㅋㅋㅋㄱㅋㅋㅋ 제일 구석 ​ 3학년 10반 자리에 다같이 모여 각자의 패드를 하나둘씩 꺼내고 KBS JTBC MBN YTN TV조선 채널A MBC 풀장착 해놓고 30분의 매드무비를 관람하던 그 시간이 goat였던거지 - dc official App",서신 2026.04.05 10:23:57 스크랩 조회 712 추천 19 댓글 8,19,712,2026.04.05 10:23:57,https://gall.dcinside.com/mgallery/board/view/?id=shinilhs&no=10288&page=5,0.0,0,
schools_20p/신일고__shinilhs.csv,10289,[자유],나 2학년 3반인데,누가 단디좀 만들어줘라 ㅈㅂ 알고보니까 있는데 나만 초대안한건가,신붕이 (59.5) 2026.04.05 12:38:38 스크랩 조회 459 추천 3 댓글 3,3,459,2026.04.05 12:38:38,https://gall.dcinside.com/mgallery/board/view/?id=shinilhs&no=10289&page=5,0.0,0,
schools_20p/신일고__shinilhs.csv,10286,[자유],유튜버 코마,이 학교 나왔다는데 사실인가요 - dc official App,신붕이 (116.46) 2026.04.05 00:31:18 스크랩 조회 352 추천 0 댓글 1,0,352,2026.04.05 00:31:18,https://gall.dcinside.com/mgallery/board/view/?id=shinilhs&no=10286&page=5,0.0,0,
schools_20p/신일고__shinilhs.csv,10285,[정보],매점에서 파워에이드 사는 신붕이들은,학교앞 CU 파워에이드가 1+1이니 거기서 사라 - dc official App,라니츠 2026.04.05 00:21:47 스크랩 조회 374 추천 3 댓글 3,3,374,2026.04.05 00:21:47,https://gall.dcinside.com/mgallery/board/view/?id=shinilhs&no=10285&page=5,0.0,0,
schools_20p/신일고__shinilhs.csv,10284,[자유],배달의 민족 특,평소에 거리보면 신호 재끼는 배달기사 겁나많은데 내가 시킬땐 항상 위치확인해보면 지도에 멈춰있음,신붕이 (58.142) 2026.04.04 21:39:36 스크랩 조회 266 추천 2 댓글 1,2,266,2026.04.04 21:39:36,https://gall.dcinside.com/mgallery/board/view/?id=shinilhs&no=10284&page=5,0.0,0,
schools_20p/신일고__shinilhs.csv,10282,[자유],신앙수양회,어땟는지 모르겠고 세시간 풀숙면 야르 ㅋㅋ - dc official App,신붕이 (211.234) 2026.04.03 16:05:35 스크랩 조회 457 추천 8 댓글 1,8,457,2026.04.03 16:05:35,https://gall.dcinside.com/mgallery/board/view/?id=shinilhs&no=10282&page=5,0.0,0,
schools_20p/신일고__shinilhs.csv,10283,[자유],그런데 교사밴드 왜 다 사라짐,ㅇㅊㅇ쌤 무릎슬라이딩이랑 ㅎㅇㅈ쌤 기타치는거가 하이라이트였는데 둘다사라졌더라,신붕이 (58.233) 2026.04.03 19:42:36 스크랩 조회 500 추천 1 댓글 1,1,500,2026.04.03 19:42:36,https://gall.dcinside.com/mgallery/board/view/?id=shinilhs&no=10283&page=5,0.0,0,
schools_20p/신일고__shinilhs.csv,10281,[자유],올해 신앙수양회,이분 그리워질 정도 퀄리티면 개추좀 눌러볼까? 정상인 얼마나 있나보자,신붕이 (118.221) 2026.04.03 13:05:01 스크랩 조회 677 추천 13 댓글 2,13,677,2026.04.03 13:05:01,https://gall.dcinside.com/mgallery/board/view/?id=shinilhs&no=10281&page=5,0.0,0,
schools_20p/신일고__shinilhs.csv,10279,[자유],아침에 이 닦고오자 제발,옆에있는새끼 입냄새 겁나심함 제발 이 좀 닦자 - dc official App,ㅇㅇ (118.235) 2026.04.03 10:32:52 스크랩 조회 379 추천 0 댓글 1,0,379,2026.04.03 10:32:52,https://gall.dcinside.com/mgallery/board/view/?id=shinilhs&no=10279&page=5,0.73,1,새끼
schools_20p/신일고__shinilhs.csv,10280,[자유],이번 신앙수양회,역대급으로 좆노잼이였으면 개추 ㅋㅋ 음악 goat ㅇㅇㅇ쌤 그립습니다… - dc official App,신붕이 (118.235) 2026.04.03 13:00:37 스크랩 조회 805 추천 16 댓글 13,16,805,2026.04.03 13:00:37,https://gall.dcinside.com/mgallery/board/view/?id=shinilhs&no=10280&page=5,0.73,1,좆
schools_20p/신일고__shinilhs.csv,10276,[자유],님들 제가 오늘 4층 화장실을 썼는데요,옆에서 계속 삿삿삿삿 이런 소리가 반복적으로 들리는데 혹시 이거 제가 생각하는 그거는 아니겠죠??,신붕이 (110.70) 2026.04.02 18:02:18 스크랩 조회 431 추천 0 댓글 1,0,431,2026.04.02 18:02:18,https://gall.dcinside.com/mgallery/board/view/?id=shinilhs&no=10276&page=5,0.0,0,
schools_20p/신일고__shinilhs.csv,10277,[질문],건동홍 라인 가려면,몇등안에들어야함??,신붕이 (223.38) 2026.04.02 19:15:49 스크랩 조회 460 추천 0 댓글 2,0,460,2026.04.02 19:15:49,https://gall.dcinside.com/mgallery/board/view/?id=shinilhs&no=10277&page=5,0.0,0,
schools_20p/신일고__shinilhs.csv,10275,[질문],신앙수련회,내일 또 하나요?,신붕이 (220.93) 2026.04.02 16:39:18 스크랩 조회 418 추천 0 댓글 2,0,418,2026.04.02 16:39:18,https://gall.dcinside.com/mgallery/board/view/?id=shinilhs&no=10275&page=5,0.0,0,
schools_20p/신일고__shinilhs.csv,10273,[자유],이번 신앙수양회,파이어형님 기대보단 아쉬웠으면 개추ㅋㅋ - dc official App,신붕이 (211.168) 2026.04.02 12:59:42 스크랩 조회 463 추천 8 댓글 2,8,463,2026.04.02 12:59:42,https://gall.dcinside.com/mgallery/board/view/?id=shinilhs&no=10273&page=5,0.0,0,
schools_20p/신일고__shinilhs.csv,10270,[자유],의자아래에서 바람나와서 추워죽겟다,ㅇㅇ - dc official App,ㅇㅇ (118.235) 2026.04.02 10:23:06 스크랩 조회 313 추천 0 댓글 1,0,313,2026.04.02 10:23:06,https://gall.dcinside.com/mgallery/board/view/?id=shinilhs&no=10270&page=5,0.0,0,
schools_20p/신일고__shinilhs.csv,10269,[질문],교회,가서 뭐해요,신붕이 (42.24) 2026.04.01 22:48:32 스크랩 조회 394 추천 0 댓글 4,0,394,2026.04.01 22:48:32,https://gall.dcinside.com/mgallery/board/view/?id=shinilhs&no=10269&page=5,0.0,0,
schools_20p/신일고__shinilhs.csv,10267,[자유],오늘 급식줄 관리 해주신 쌤,ㄱㅅㄹ쌤 맞나요,신붕이 (1.231) 2026.04.01 01:30:05 스크랩 조회 506 추천 0 댓글 5,0,506,2026.04.01 01:30:05,https://gall.dcinside.com/mgallery/board/view/?id=shinilhs&no=10267&page=5,0.0,0,
schools_20p/신일고__shinilhs.csv,10268,[자유],통사b ㅇㅎㅅ쌤 어디감,시간표가 통과랑 바뀌고  쌤도 ㄱㅈㅎ쌤으로 바뀌었는데 왜바뀐거임?? ㅇㅎㅅ쌤 뭔일있음? - dc official App,ㅇㅇ (211.168) 2026.04.01 15:07:34 스크랩 조회 622 추천 1 댓글 5,1,622,2026.04.01 15:07:34,https://gall.dcinside.com/mgallery/board/view/?id=shinilhs&no=10268&page=5,0.0,0,
schools_20p/신일고__shinilhs.csv,10265,[자유],고백할 것이 있음.. 사실 난 농농단임..,만우절 장난,tm 2026.04.01 00:03:47 스크랩 조회 524 추천 25 댓글 0,25,524,2026.04.01 00:03:47,https://gall.dcinside.com/mgallery/board/view/?id=shinilhs&no=10265&page=5,0.0,0,
schools_20p/신일고__shinilhs.csv,10262,[자유],수학,보통 1컷 몇점인가요,신붕이 (14.38) 2026.03.30 23:49:00 스크랩 조회 543 추천 0 댓글 6,0,543,2026.03.30 23:49:00,https://gall.dcinside.com/mgallery/board/view/?id=shinilhs&no=10262&page=5,0.0,0,
schools_20p/신일고__shinilhs.csv,10261,[자유],전여친,8명인데 몇타치인가요,신붕이 (175.125) 2026.03.28 01:26:03 스크랩 조회 702 추천 0 댓글 4,0,702,2026.03.28 01:26:03,https://gall.dcinside.com/mgallery/board/view/?id=shinilhs&no=10261&page=5,0.0,0,
schools_20p/신일고__shinilhs.csv,10260,[자유],화장실,벽에똥칠하지마라,신붕이 (39.7) 2026.03.27 18:05:52 스크랩 조회 519 추천 1 댓글 1,1,519,2026.03.27 18:05:52,https://gall.dcinside.com/mgallery/board/view/?id=shinilhs&no=10260&page=5,0.0,0,
schools_20p/신일고__shinilhs.csv,10259,[질문],오늘 학교에 경찰차랑 구급차 왔던데,ㅇㅇ?,신붕이 (220.93) 2026.03.27 17:31:50 스크랩 조회 618 추천 8 댓글 0,8,618,2026.03.27 17:31:50,https://gall.dcinside.com/mgallery/board/view/?id=shinilhs&no=10259&page=5,0.0,0,
schools_20p/신일고__shinilhs.csv,10258,[자유],짤녀 최고미녀면 개추 ㅋㅋ,외모 인성 몸매 성격 컨셉 성능 서사 전부 완벽하면 개추,tm 2026.03.27 14:14:03 스크랩 조회 1012 추천 44 댓글 10,44,1012,2026.03.27 14:14:03,https://gall.dcinside.com/mgallery/board/view/?id=shinilhs&no=10258&page=5,0.0,0,
schools_20p/신일고__shinilhs.csv,9564,[자유],신일고의 재밌는 사실들 2탄,"1. 신일고의 前 이사장 이세웅 박사님은 평안북도 명예도지사다. 2. 작년 백운제에는 성인 댄스팀이 온 적이 있는데, 그 때의 ㄱㅅ춤은 정말 레전드였다. 3. 영어 ㅇㅇㅈ선생님은 아스날의 굉장한 팬이신데, 이름이 비슷하고 과목이 같은 ㅇㅎㅈ선생님이 아스날의 팬으로 오해받으신 적이 있다. 4. 57기 1학년 수련회 때는 담임선생님들이 호텔 커피포트를 전부 수거해가셔서 학생들이 물컵 두개를 놓고 드라이기로 데워서 라면을 끓여먹었던 사건이 있다. 5. 신일고의 전통적 수련회 장소인 무주 덕유산은 지난번 산불 때문에 엄청나게 크게 타버렸다. 6. MSG 교장선생님은 본인이 MS'K'라며 항상 강조하시지만, ㅎㅈㅅ선생님을 비롯한 다른 센세들은 모두 MSG라고 놀리신다. 7. 신앙수양회에서 목사님한테 뽀뽀를 시전한 58기가 존재한다. 8. 지난 겨울방학 별관 자습실에는 와이파이가 없는 관계로 학생들이 핫스팟을 틀어 사용했는데, 그 중 'ㅂㄷㄱㅈ'와 '별관자습실 N_CA'는 정말 압권이었다. 9. 윤리 ㅇㅎㅅ선생님은 신일고 갤러리를 자주 눈팅하신다고 한다. 이것도 보신다면 사랑합니다♡ 10. ㅇㅎㅅ선생님의 생윤 수업은 인원이 100명인데도 불구하고 반을 2개로 나눠 수업한다. 11. 신일고엔 수능 출제위원 출신, 교과서 저자, EBS 강사 출신 선생님들이 많이 계신다. 12. 자습 감독 일명 튜터선생님들 중 키가 작으신 분은 신일고 출신이신데 놀랍게도 고대를 나오셨다고 한다. 13. 지금은 전근가신 사회 ㅅㅇㅇ선생님의 '인공항문 썰'은 단연코 레전드 썰 중 하나이다. 14. 학교 근처 식당에서 밥을 먹다 선생님들을 마주치면 인사를 잘 하자. 가끔 밥을 사주시는 분들이 계신다. 15. 작년 58기에서는 대규모의 절도 사건이 벌어졌던 적이 있는데, 놀랍게도 40명 넘게 연루되어있다고 한다. 16. 교무실에는 '수박 먹고 대학 가자'라는 의미불명의 제목을 가진 입시책이 존재한다. 17. 신일고의 과거 졸업앨범에 있는 ㅈㄱㅇ선생님의 사진은 정말 잘생기셨다. 18. 의외로 ㅇㄱㅅ선생님은 축구를 정말 잘하신다. 19. 신일고 급식 중 맛 없는 음식 2개를 뽑으라면 '김밥 볶음밥'과 '김 전'인데, 환상의 맛을 자랑한다. 꼭 먹어보자. 20. 3교시 시험을 기다리며 1층 자습실 구석에서 잠을 자다 시험을 못 본 사람이 있다. 21. 57기에는 전설의 '물리 윤사 세계사' + '물2 생윤'을 고른 학생이 존재한다. - dc official App",신붕이 (39.125) 2025.04.25 00:39:24 스크랩 조회 2386 추천 22 댓글 8,22,2386,2025.04.25 00:39:24,https://gall.dcinside.com/mgallery/board/view/?id=shinilhs&no=9564&page=5,0.0,0,
schools_20p/신일고__shinilhs.csv,10257,[자유],오늘 58기 예배,파이어형님 씹호감이면개추 아니다 내 예배시간 단잠을깨웠다 비추 - dc official App,28수능이미래다 2026.03.27 01:37:45 스크랩 조회 684 추천 15 댓글 0,15,684,2026.03.27 01:37:45,https://gall.dcinside.com/mgallery/board/view/?id=shinilhs&no=10257&page=5,0.0,0,
schools_20p/신일고__shinilhs.csv,9538,[자유],신일고의 재미있는 사실들,"1. 57기가 체육관 자습실을 쓰던 시절 윗층 화장실에서 ㄸㄸㅇ를 치던 58기를 검거한 적이 있다. 2. ㅇㄱㅅ선생님은 신앙수양회에서 '제가 머리숱은 좀 없지만'이라는 자학개그로 신일고 전체를 웃기셨다. 3. 윤리 ㅇㅎㅅ 선생님에게 대들었던 네임드 '그 새끼'는 결국 전학갔다. 4. ㅇㅈㅈ선생님은 수업 중 유튜브 구독 목록에 이재명이 있는 것을 학생들에게 걸리셨다. 5. 작년 2학년 8반 교실에 로리캐릭터 현수막을 걸어놓은 새끼가 있다. 지금도 과거 글 중에서 확인할 수 있다. 6. 코로나 이후 첫 개시했던 백운제에는 학생회 추산 외부인 약 7000명이 참가했다. 7. 성탄예배에는 여학교 또는 공학 고등학교와 콜라보를 하는 문화가 있다. 8. 성탄예배에서 ㄱㄱㅇ 전 학생회장과 당시 찬양팀으로 왔던 영훈고 모 여학생과의 공식(!!) 소개팅 비슷한 자리가 있었다. 9. 작년에도 찬양팀 리더와 서울외고 학생과의 소개팅 비슷한 자리가 있었다. 10. 올해 신앙수양회 퀴즈쇼에서는 '노무현', '섹스킹'등 저급한 닉네임이 난무하였다. 11. ㅈㄱㅇ선생님은 극 동아리의 영화 촬영을 위해 흔쾌히 자신의 말보로 레드 담배곽을 빌려주셨다. 12. 윤리 ㅇㅎㅅ선생님은 차마 기록할 수 없지만 전설적인 어록이 여럿 존재한다. 참고로 문과라면 ㅇㅎㅅ선생님 수업을 꼭 한 번은 들어보길 바란다. 13. 57기는 1학년 때 투표로 해외 수학여행이 약 9% 차이로 무산되었다. 14. ㅎㅅㄱ선생님의 트랜스젠더 졸업생 썰은 단연 신일고 썰 중 원탑이다. 15. 놀랍게도 54기 보건실 썰 또한 사실이라고 한다. 16. 57기 수련회 사진 공모전에서는 분수대를 오줌발사의 장소로 활용한 사진이 우승했다. 17. 전교회장 선거 당시 모 후보는 수련회 장기자랑에 돌핀팬츠와 꽉 끼는 상의를 입고 와서 현아의 '트러블메이커'를 췄다. 18. 현재 전교회장도 수련회에서 여장을 하고 아일릿의 '마그네틱'을 췄다. 19. 57기 1학년 수학여행에서는 같은 숙소의 여중학생의 번호와 인스타를 교환한 학생이 존재한다. 20. 1학년 층 화장실 변기에 누군가가 팬티를 버린 적이 있다. 21. 1층 자습실에서 감독용 마이크로 '삐딱하게'를 열창한 학생이 있다. - dc official App",신붕이 (39.125) 2025.04.17 02:08:50 스크랩 조회 3043 추천 26 댓글 13,26,3043,2025.04.17 02:08:50,https://gall.dcinside.com/mgallery/board/view/?id=shinilhs&no=9538&page=5,0.73,1,새끼
schools_20p/신일고__shinilhs.csv,10254,[자유],진지하게 게이 있냐,진지하게 알아갈사람 구함 - dc official App,신붕이 (222.234) 2026.03.26 15:40:07 스크랩 조회 602 추천 3 댓글 7,3,602,2026.03.26 15:40:07,https://gall.dcinside.com/mgallery/board/view/?id=shinilhs&no=10254&page=5,0.0,0,
schools_20p/신일고__shinilhs.csv,10253,[질문],신일고 뒷산에는 무슨 동물이 사나요,ㅈㄱㄴ,신붕이 (219.250) 2026.03.26 00:35:48 스크랩 조회 539 추천 0 댓글 7,0,539,2026.03.26 00:35:48,https://gall.dcinside.com/mgallery/board/view/?id=shinilhs&no=10253&page=5,0.0,0,
schools_20p/신일고__shinilhs.csv,10252,[자유],2학년 영어가 ㅈㄴ어렵긴 했나보네,어떻게 80초반이 전교 40등대임?ㅋㅋㅋㅋㅋㅋ,신붕이 (118.235) 2026.03.25 16:17:04 스크랩 조회 473 추천 0 댓글 1,0,473,2026.03.25 16:17:04,https://gall.dcinside.com/mgallery/board/view/?id=shinilhs&no=10252&page=5,0.0,0,
schools_20p/신일고__shinilhs.csv,10249,[자유],60기 변기칸,똥통에 쳐 쌌으면 물좀 내려라 신평 ㅈㄴ 깎아내리지말고 그리고 똥을 어떻게 싸면 변기커버에 똥이 묻어잇녀. 커버에 올라가 서 스쿼트 하면서 쌈????,신붕이 (175.125) 2026.03.24 22:46:51 스크랩 조회 598 추천 10 댓글 4,10,598,2026.03.24 22:46:51,https://gall.dcinside.com/mgallery/board/view/?id=shinilhs&no=10249&page=5,0.0,0,
schools_20p/신일고__shinilhs.csv,10248,[자유],자습,60기 야자때 인강 언제 볼수 있나요,신붕이 (1.231) 2026.03.24 22:09:26 스크랩 조회 365 추천 0 댓글 4,0,365,2026.03.24 22:09:26,https://gall.dcinside.com/mgallery/board/view/?id=shinilhs&no=10248&page=5,0.0,0,
schools_20p/신일고__shinilhs.csv,10251,[자유],이 게임 하시는분,ㅈ밀덕겜이김 한데 워썬더 하시는분,신붕이 (175.125) 2026.03.24 23:44:33 스크랩 조회 420 추천 0 댓글 4,0,420,2026.03.24 23:44:33,https://gall.dcinside.com/mgallery/board/view/?id=shinilhs&no=10251&page=5,0.0,0,
schools_20p/신일고__shinilhs.csv,10247,[자유],고1 3모 수학 찍신이다[정정],수학 객관식 4개찍어서 3개틀려서 88점맞음 ㅁㅌㅊ냐 21번 28번 30번틀림 찍은것 중 하나는 두개중 하나였고ㅇㅇ 그거 맞았으면 객관식 다 찍어서 맞춘건데 ㄲㅂ - dc official App,ㅇㅇ (118.235) 2026.03.24 22:03:47 스크랩 조회 503 추천 0 댓글 3,0,503,2026.03.24 22:03:47,https://gall.dcinside.com/mgallery/board/view/?id=shinilhs&no=10247&page=5,0.0,0,
schools_20p/신일고__shinilhs.csv,10246,[자유],60기 이고 모의고사 처음 봤는데…,그 형님들도 고1 이실때 모의고사 성찰? 종이 같은거 했나요? 이걸 하라해서 당황스러워서요.. - dc official App,신붕이 (218.152) 2026.03.24 18:06:17 스크랩 조회 609 추천 0 댓글 16,0,609,2026.03.24 18:06:17,https://gall.dcinside.com/mgallery/board/view/?id=shinilhs&no=10246&page=5,0.0,0,
schools_20p/신일고__shinilhs.csv,10245,[자유],60기 음악 ㅎㅅㅇ썀 오ㅔㄹ캐 이쁨 ㅈㄴ이뻐서 디질뻔,와우,신붕이 (219.255) 2026.03.24 02:00:50 스크랩 조회 750 추천 1 댓글 4,1,750,2026.03.24 02:00:50,https://gall.dcinside.com/mgallery/board/view/?id=shinilhs&no=10245&page=5,0.0,0,
schools_20p/신일고__shinilhs.csv,10244,[자유],홍보부 과잠 개머싯노 ㅋㅋ,ㅈ간지,신붕이 (219.255) 2026.03.24 01:59:54 스크랩 조회 378 추천 0 댓글 0,0,378,2026.03.24 01:59:54,https://gall.dcinside.com/mgallery/board/view/?id=shinilhs&no=10244&page=5,0.0,0,
schools_20p/신일고__shinilhs.csv,10243,[자유],ㅅㅂ 교복조끼 잃어버렸다,학교에서 미아역 2번으로 들어가서 승강장에서 없어진 거 발견함 ㅈ병신같은 상황이긴 하지만 찾은 사람은 댓글에 이메일을 적어둘테니 명찰이 붙어있는 사진과 함께 메일을 보내면 돈(못해도 만원)을 드리겠습니다. 어디에서 받을지는 나중에 정할것 - dc official App,신붕이 (211.246) 2026.03.23 17:33:06 스크랩 조회 473 추천 0 댓글 11,0,473,2026.03.23 17:33:06,https://gall.dcinside.com/mgallery/board/view/?id=shinilhs&no=10243&page=5,0.81,1,"ㅅㅂ, 병신"
schools_20p/신일고__shinilhs.csv,10241,[자유],학교비데,뭔가 ㅈㄴ 더러울거같은데 써도 되나요,신붕이 (124.61) 2026.03.22 21:28:32 스크랩 조회 348 추천 0 댓글 2,0,348,2026.03.22 21:28:32,https://gall.dcinside.com/mgallery/board/view/?id=shinilhs&no=10241&page=6,0.0,0,
schools_20p/신일고__shinilhs.csv,10240,[자유],데이터,학교 안에서 데이터가 안터져요,신붕이 (175.125) 2026.03.22 02:27:10 스크랩 조회 369 추천 0 댓글 3,0,369,2026.03.22 02:27:10,https://gall.dcinside.com/mgallery/board/view/?id=shinilhs&no=10240&page=6,0.0,0,
schools_20p/신일고__shinilhs.csv,10238,[자유],ㅇㅎㅅ쌤,수업 goat 이신거 인정하시는분,신붕이 (124.61) 2026.03.21 21:35:09 스크랩 조회 1166 추천 23 댓글 11,23,1166,2026.03.21 21:35:09,https://gall.dcinside.com/mgallery/board/view/?id=shinilhs&no=10238&page=6,0.0,0,
schools_20p/신일고__shinilhs.csv,6480,[정보],싱글벙글 55기 레전드 2탄,"1. 야야야 빌런으로 알려진 한 학생은 22년 초 체육관 자습 도중 2층의 화장실 변기칸을 동전으로 전부 잠가놓는 만행을 벌인 적이 있다. 이 당시 감독쌤은 ㅈㄱㅇ 선생님이었는데, 목격담에 의하면 ㅈㄱㅇ 선생님은 20분이 넘게 화장실 앞을 서성이다 결국 본관으로 가셨다고 한다. 2. 당시 체육관 자습실에는 '화장실에서 딸치는 애가 있다'는 소문이 돌았는데, 실제로 몇몇 학생들의 목격담에 의하면 화장실을 나가고 나서 몇 초 뒤에 탁, 탁, 탁, 흐읏 하고 이상한 소리가 났다고 한다. 야야야 빌런은 '만일 실제로 그 놈을 만난다면 동전으로 문을 따 버릴 것' 이라며 55기 올스타 ㅂㅅ매치를 기대하게 만들었으나 아쉽게도 둘의 만남이 성사되지는 못했다고 한다. 3. ㅈㄱㅇ 쌤의 경우 현재는 그냥 나이 많으신 선생님 1 정도지만, 리즈 시절(위 사진) 당시에는 왠만한 남자쌤들 뺨을 후려칠 정도의 압도적인 외모를 자랑했다. 도서실에서 볼 수 있는 89년도 ㅈㄱㅇ쌤의 사진은 현재와는 비교가 안 되는 수준으로, 본인은 수업 도중 '소싯적엔 학 천 마리 정도는 우습게 받아봤다' 라는 어록을 남겼다. (이 외에도 체육의 ㅅㄱㅇ, 음악의 ㅇㅅㅇ, 화학의 ㅅㄷㅈ 선생님 역시 리즈시절 외모가 수준급이셨다.) 4. ㅈㄱㅇ 쌤은 이 학교에서 가장 오래된 선생님 중 한 명이다. ㅈㄱㅇ쌤이 신일에 온 해는 자그마치 1989년으로 이때 ㅇㅎㅂ, ㅊㅈㅇ 등 젊은 선생님들 대다수는 존재하지도 않았다. 다만 나이 순으로 따지자면 ㄱㄷㅇ(영어), ㅅㄱㅇ 쌤이 가장 나이가 많으시다. (위 자료화면은 실제 89년도 신일고 교지로, MBJ는 이때 신일중학교 선생님이었다.) 5. ㅇㄱㅅ 쌤은 2018년, 2019년 졸업사진에서 담당 과목이 국어로 적히는 실수가 있었으나 아무도 눈치채지 못했다고 한다. 위 사진은 실제 18년도 졸업앨범으로 도서실에서 발견되었다. 6. 이 역시 마찬가지로 도서관 졸업앨범을 정리하다 발견된 것으로, ㅊㄷㅇ 선생님의 사진은 ㅈㄱㅇ 선생님과 달리 10년 전과 현재가 큰 차이가 없어 충격을 주었다. 7. ㅁㅂㅈ 현 교장쌤은 과거 신일중에서 담임을 맡은 적이 있는데, 당시 그가 맡은 반의 학생들은 성적이 잘 나오면 더 잘하라고 맞고, 안나오면 더 맞는 극한의 학창시절을 보냈다고 한다. 8. 22년 초 ㅎㅇㅌ 선생님의 찬송가 영상이 신마갤에 퍼져 화제가 된 적이 있었다. 평소 k9 자주포의 위력을 자랑하시던 목소리로 진중한 찬송가를 부르는 선생님의 모습에 많은 학생들이 감탄을 금치 못했다고 한다. 9. ㄱㅎㄱ 선생님은 자습시간 도중 '자습실이 시끄러우니 조용히 하라' 는 요지의 말을 마이크에 대고 30분동안이나 한 적이 있다. 10. 22년 초 어느 이동수업 시간의 일로, 미러링 작업 도중 누군가가 핸드폰에서 이름을 바꾸고 난입해 '문 병직의 iPhone 연결' 이라는 메시지가 TV에 송출되는 일이 있었다. 이는 현재까지도 누가 한 일인지 아무도 모른다고 한다. - dc official App",ㅇㅇ (110.70) 2022.09.04 16:45:59 스크랩 조회 2475 추천 21 댓글 2,21,2475,2022.09.04 16:45:59,https://gall.dcinside.com/mgallery/board/view/?id=shinilhs&no=6480&page=6,0.81,1,"ㅂㅅ, 한남"
schools_20p/신일고__shinilhs.csv,10242,[자유],내일은,월요일,신붕이 (124.61) 2026.03.22 21:28:45 스크랩 조회 308 추천 0 댓글 1,0,308,2026.03.22 21:28:45,https://gall.dcinside.com/mgallery/board/view/?id=shinilhs&no=10242&page=6,0.0,0,
schools_20p/신일고__shinilhs.csv,10235,[자유],진심 뭐가 맞는말인가요,20등대 30등대 어디 대학가는지 궁금해요ㅕ,신붕이 (118.235) 2026.03.21 12:06:25 스크랩 조회 534 추천 0 댓글 4,0,534,2026.03.21 12:06:25,https://gall.dcinside.com/mgallery/board/view/?id=shinilhs&no=10235&page=6,0.0,0,
schools_20p/신일고__shinilhs.csv,10233,[자유],상점,내가 못받으면 뭔가 자격지심들어서 받고 싶은데 받는 방법 있나요,신붕이 (118.235) 2026.03.20 20:18:16 스크랩 조회 415 추천 0 댓글 6,0,415,2026.03.20 20:18:16,https://gall.dcinside.com/mgallery/board/view/?id=shinilhs&no=10233&page=6,0.0,0,
schools_20p/신일고__shinilhs.csv,10234,[자유],내 아내임,내 정실임,tm 2026.03.20 23:47:09 스크랩 조회 982 추천 37 댓글 58,37,982,2026.03.20 23:47:09,https://gall.dcinside.com/mgallery/board/view/?id=shinilhs&no=10234&page=6,0.0,0,
schools_20p/신일고__shinilhs.csv,6469,[정보],싱글벙글 대신일고 55기 레전드,"1. 2022년 중순 ㄱㄷㅇ쌤 보충수업을 4개 다 신청해놓고 과목별로 가격을 붙여가며 팔았던 놈이 걸린 적이 있다. 이것 때문에 ㅊㄷㅇ쌤이 신청한 애들한테 일일히 돌아다니며 불순한 목적인지 알아보기 위해 심문해야 했다. 2. 21년 당시 정보 수업시간에 있던 일로, 두산의 연패에 빡친 야빠들이 수업 도중에 나무위키에서 이영하의 이름을 '리영후아'로, 출생지를 중국 후베이성 우한시로 바꿔놓는 짓을 했다가 학교 ip 전체가 나무위키에서 영정을 먹게 되었다. 3. ㅇㄱㅅ쌤은 발표수업 도중 애들 USB에서 'ㄱㅅ이 대가리'라는 모욕성 짤을 발견했음에도 불구하고 웃으며 넘어가는 대인배의 모습을 보인 바 있다. 4. ㅇㄱㅅ쌤은 21년 중순에 카트하다가 영재학급 수업에 늦은 적이 있다. 들리는 바에 의하면 드리프트 실력이 그야말로 예술의 경지라고 한다. 5. ㅇㄱㅅ쌤은 2학기 말에 다른 선생님들이 생기부 수정을 안 해줄때 혼자서 '쓸 거 있는 사람은 지금 나오면 바로 적어주겠다(+그동안 자습하지 말고 핸드폰하면서 놀아라)' 한 마디로 기립박수를 받았다. 6. 22년 초에 있던 일로, 체육관 자습 당시 쉬는시간에 감독쌤이 안온 틈을 타 어떤 미친놈이 마이크에 대고 문재인 성대모사를 한 적이 있다. (이후 어떤놈이 난입해서 응디시티도 틀었다.) 7. 이 역시 22년 초에 있던 일로, 체육관 야자가 끝날 때면 항상 누군가가 '야야야!'하고 소리를 질러대곤 했다. 들리는 바에 의하면 이때 주변 민가에서 '밤에 학교에서 개가 시끄럽게 짖는다' 라며 불평했다는 썰이 전해져온다. 8. 학교 앞 서브웨이 2층에는 신일고 대상으로만 수업하는 수학학원이 있는데, 시험 난이도에 빡친 여기 원장이 학교에 찾아가서 ㅁㅅㄱ 교감쌤과 만나서 따지고 온 적이 있다. (이후 이 학원은 55기 수강생이 절반으로 줄었다고 한다.) 9. ㅅㄷㅈ쌤은 원래 55기가 마지막 제자들이었으며 21년 1학기를 끝으로 정년퇴임하셨으나 계속된 화학교사 인력부족으로 인해 22년 2학기인 현재까지 구르고 계신다. 혹시 복도에서 ㅅㄷㅈ 쌤을 본다면 우리를 위하 퇴임도 못하시고 고생하시는 센세를 위해 공손하게 인사드리도록 하자. 10. 22년 여름방학 당시 화학실 청소 봉사를 한 적 있었는데, 물품 정리중에 사용한 흔적이 있는 벼루와 붓이 나와 모두를 경악케 한 바 있다. 이외에도 마지막 갱신 일자가 89년 11월인 21기 선배의 그림노트, 제조일자가 2000년 7월인 주사기 역시 출토되었다. 11. ㅇㅇㅈ쌤은 원래 신일고 학생이었다고 한다. ㄱㄷㅇ쌤이 방과후를 하던 도중 ㅇㅇㅈ쌤한테 문자가 오자 '몇 년 전만 해도 내가 얘 가르쳤었는데...'하면서 회상하신 바 있다.",ㅇㅇ (118.221) 2022.09.01 11:13:56 스크랩 조회 2329 추천 28 댓글 7,28,2329,2022.09.01 11:13:56,https://gall.dcinside.com/mgallery/board/view/?id=shinilhs&no=6469&page=6,0.73,1,미친놈
schools_20p/신일고__shinilhs.csv,10231,[자유],60기에게 드릴말이 있습니다.,"""드릴말""이 있습니다 엌ㅋㅋㅋㅋㅋㅋㅋㅋㅋㅋㅋㅋㅋㅋㅋㅋ",신붕이 (117.110) 2026.03.20 00:12:27 스크랩 조회 579 추천 6 댓글 6,6,579,2026.03.20 00:12:27,https://gall.dcinside.com/mgallery/board/view/?id=shinilhs&no=10231&page=6,0.0,0,
schools_20p/신일고__shinilhs.csv,2606,[자유],신일고 53기 기준 실제 있었던일 모음,"1. ㅇㅇㅁ은 급식실가는 줄에서 학생 뺨싸대기를 친적이 있다. 2. 19년도 사이버대 카운터에는 존나 예쁜사람이 있었다. 3. 53기는 급식으로 랍스터를 먹은적이 있다. 4. ㅁㅅㄱ은 자기 수업시간에 수학공부하던 학우의 책을 던진적이 있다. 5. ㅂㅎㅁㄹ는 전근을 갔음에도 갤에서 언급되는 이유가 있다. 6. ㅅㄱㅇ은 체육관에서 폭언을 일삼았다. 7. ㄱㄷㅇ 보충수업은 빠르게 신청해서 2만원 이상의 금전거래로 팔아먹는 놈들이 있었다. 8. 급식시간 기다리는 중에 어떤 친구가 날아차기를 차는걸 본적이 있다. 9. 존경하는 ㄱㅎㅅ 선생님의 아침기초체력반은 15명의 신청자가 첫날 7명, 둘째날 2명, 셋째날부터는 참가자가 없어 사라진 적이 있다. 10. 53기 기준, 여름방학에 갔던 수학과학캠프는 행선지가 우포늪으로, 당시 인솔교사의 착오로 아침에 7 km 고난의 행군을 했다. 11.ㅂㅎㄱ은 종교수업시간에 애들을 뒤로보내 똥꼬쇼를 시켰다. 그러나 애들의 반응은 항상 좋았다. 참목사. 12. 이것은 풀리지 않는 미스터리로, 2021년도 온라인수업기간중에 누군가가 영어ㄱㅎㄱ시간에 혼란을 틈타 응디시티를 튼적이 있다. 13. 야스온더비치도 틀었다. 14. 사회과 교실에는 김정은과 '그새끼' 가 악수하는 신문사진이 붙어있다. 15. 논리교실 창문가에서 내다보면 몇년을 주기로 ""mbj 씨발..."" 이라는 글이 적혀있다. 오랜 전통으로, 90년대부터 있었음을 알 수 있다. 16. 53기 기준 1학년시절의 북카페는 그야말로 씹덕들의 성지였다. 얼굴을 까지않은 듀라한 스트리머들의 커버일본곡을 미친듯이 틀어댔다. 17. 1층 자습실에선 곱등이가 대량출몰하여 아수라장이 된 적이 있다. 18. 현재 별관가는 길목에 있는 시계탑은 예술에전당에 있는것과 동일한것으로, 2억원상당의 가치를 가졌다. 19. 53기 기준, 1학년때 별관에서는 누군가의 주도로 ""안녕하살법!"" 이 유행한 적이 있다. 20. 현재는 사라졌지만, 수학영재반과 쌍벽을 이뤘던 인문인재반 이라는것이 있었다. 문과친구들의 수학영재반으로, 50만원의 입회비로 가성비가 오지는 활동을 했었다. 21. 53기 기준, 수학여행의 행선지는 중국과 캄보디아로, 중국은 크게 대련, 상해, 북경이 있었다. 22. 수학여행에서의 학우들의 광기는 대단한 수준이어서, 호텔 벽을 부순놈도 있었다. 23. 중국에서는 신분증 검사를 하지 않기에, 호텔 로비에서도 여러가지 구매가 가능했다. 24. 캄보디아에서는 한 학우가 성매매를 당할 뻔한 경험이 있다. 25. ""코리안? 프리! 프리!"" 는 전설의 대사로 남아있다. 26. 그 친구는 눈앞이 깜깜해져 도망쳤다. 27. 대련에서는 북한사람과 인사한 놈들도 있었다. 28. 도서관에는 '홍어' 라는 재목의 소설이 있다. 29. 원어민 수업교실 라인의 끝방은 가끔 열려있을 떄가 있는데, 수업시간에 화장실 다녀온다고 하고 거기서 처자는 놈이 있었다. 30. 신일고 매점은 예전에는 먹고싶은걸 집어서 계산하는 시스템이었다. 도난이 빈번했다. 념글가면담에 더씀",ㅇㅇ (220.86) 2021.05.22 20:49:44 스크랩 조회 5735 추천 77 댓글 22,77,5735,2021.05.22 20:49:44,https://gall.dcinside.com/mgallery/board/view/?id=shinilhs&no=2606&page=6,0.89,1,"새끼, 씨발, 존나"
schools_20p/신일고__shinilhs.csv,10229,[자유],수학여행 일정 조나눠서 다니나요,ㅇㅇ,신붕이 (1.229) 2026.03.19 23:00:11 스크랩 조회 252 추천 0 댓글 0,0,252,2026.03.19 23:00:11,https://gall.dcinside.com/mgallery/board/view/?id=shinilhs&no=10229&page=6,0.0,0,
schools_20p/신일고__shinilhs.csv,10232,[자유],죄송합니다...,죄송합니다... 드릴말이 없습니다 엌ㅋㅋㅋㅋㅋㅋㅋㅋㅋㅋㅋㅋㅋㅋ,신붕이 (117.110) 2026.03.20 00:20:22 스크랩 조회 359 추천 4 댓글 0,4,359,2026.03.20 00:20:22,https://gall.dcinside.com/mgallery/board/view/?id=shinilhs&no=10232&page=6,0.0,0,
schools_20p/신일고__shinilhs.csv,10228,[자유],ㅎㅇ,나 59기 ㅈㅎㅎ인데 전교꼴등 찍고 전학 갔다 너네도 얼른 빠져나오거라,신붕이 (106.101) 2026.03.19 20:51:18 스크랩 조회 252 추천 1 댓글 1,1,252,2026.03.19 20:51:18,https://gall.dcinside.com/mgallery/board/view/?id=shinilhs&no=10228&page=6,0.0,0,
schools_20p/신일고__shinilhs.csv,10230,[자유],중간,"ㅂㄱㅎ,ㅈㅅㅁ,ㅈㅇㄹ 쌤 시험 난이도 어렵게 내시는 편인가요?",신붕이 (211.234) 2026.03.19 23:32:43 스크랩 조회 402 추천 0 댓글 2,0,402,2026.03.19 23:32:43,https://gall.dcinside.com/mgallery/board/view/?id=shinilhs&no=10230&page=6,0.0,0,
schools_20p/신일고__shinilhs.csv,10227,[자유],그 시절 58기,작년으로 되돌아보는 58기 - 신일고 마이너 갤러리 무단횡단 하다 경찰한테 걸림ㅋㅋㅋㅋㅋㅋ -> 현재 중앙선 가드레일 생김  - dc official App m.dcinside.com 중앙차로 버스정류장 중앙분리대가 생기게된 원인 59기 60기들아 잘 봐둬라 현 고3이 1학년때 했던짓을..,TSH 2026.03.19 20:26:51 스크랩 조회 510 추천 4 댓글 6,4,510,2026.03.19 20:26:51,https://gall.dcinside.com/mgallery/board/view/?id=shinilhs&no=10227&page=6,0.0,0,
schools_20p/신일고__shinilhs.csv,10225,[자유],60기 자습감독쌤 누구임?,흰색안경쓰고 60기잠바입고 마스크쓴쌤 이번에 자습 감독 빡세게 하던데 - dc official App,ㅇㅇ (211.168) 2026.03.19 17:57:13 스크랩 조회 444 추천 0 댓글 5,0,444,2026.03.19 17:57:13,https://gall.dcinside.com/mgallery/board/view/?id=shinilhs&no=10225&page=6,0.0,0,
schools_20p/신일고__shinilhs.csv,10226,[자유],보건실 썰이 뭐임?,뉴스에 나온 그 레파토리 이야기임? - dc official App,신붕이 (118.235) 2026.03.19 19:11:49 스크랩 조회 625 추천 0 댓글 5,0,625,2026.03.19 19:11:49,https://gall.dcinside.com/mgallery/board/view/?id=shinilhs&no=10226&page=6,0.0,0,
schools_20p/신일고__shinilhs.csv,10223,[자유],아까 2층에 불껐다켰다햇던새끼누구냐?,ㅇㅇ - dc official App,SNB1071 2026.03.19 17:21:21 스크랩 조회 259 추천 0 댓글 0,0,259,2026.03.19 17:21:21,https://gall.dcinside.com/mgallery/board/view/?id=shinilhs&no=10223&page=6,0.73,1,새끼
schools_20p/신일고__shinilhs.csv,10224,[자유],1학년들아,벌써부터 가오부리고 다니지는 말아라 노무무섭다,신붕이 (118.235) 2026.03.19 17:42:25 스크랩 조회 343 추천 2 댓글 1,2,343,2026.03.19 17:42:25,https://gall.dcinside.com/mgallery/board/view/?id=shinilhs&no=10224&page=6,0.0,0,
schools_20p/신일고__shinilhs.csv,10222,[자유],오늘 후드집업 바뀌신분,오늘 5교시 체육할때 후드집업 바뀐거같은데 원래 115이신분 중에 바뀌신 분 있나요? ㅠㅠㅠ,신붕이 (106.101) 2026.03.19 16:13:33 스크랩 조회 253 추천 0 댓글 3,0,253,2026.03.19 16:13:33,https://gall.dcinside.com/mgallery/board/view/?id=shinilhs&no=10222&page=6,0.0,0,
schools_20p/신일고__shinilhs.csv,10220,[자유],수학 ㅊㅈㅇ쌤,보고있으시다면 댓글달아주세요 상점 주신다해놓고 왜 안주셨나요,신붕이 (121.128) 2026.03.18 23:44:10 스크랩 조회 525 추천 0 댓글 5,0,525,2026.03.18 23:44:10,https://gall.dcinside.com/mgallery/board/view/?id=shinilhs&no=10220&page=6,0.0,0,
schools_20p/신일고__shinilhs.csv,10221,[자유],신일고 사회과 << goat,사탐런이 유행할 것을 선구안으로 예측하고 1학년에 사문을 마스터하게 해주신 고마우신 분들임,ㅇㅇ (106.101) 2026.03.19 00:58:08 스크랩 조회 387 추천 0 댓글 0,0,387,2026.03.19 00:58:08,https://gall.dcinside.com/mgallery/board/view/?id=shinilhs&no=10221&page=6,0.0,0,
schools_20p/신일고__shinilhs.csv,10219,[자유],별관,작년에도 옆에 스탠딩 나가서 떠들정도로 시끄러웠나요? 이번에 처음 들어갔는데 3층보다 분위기가 별로라 당황스럽네여… - dc official App,신붕이 (211.234) 2026.03.17 21:57:46 스크랩 조회 416 추천 0 댓글 2,0,416,2026.03.17 21:57:46,https://gall.dcinside.com/mgallery/board/view/?id=shinilhs&no=10219&page=6,0.0,0,
schools_20p/신일고__shinilhs.csv,10216,[자유],매점 추천해주세여ㅠㅠ,ㅈㄱㄴ,신붕이 (118.235) 2026.03.16 22:26:57 스크랩 조회 449 추천 0 댓글 6,0,449,2026.03.16 22:26:57,https://gall.dcinside.com/mgallery/board/view/?id=shinilhs&no=10216&page=6,0.0,0,
schools_20p/신일고__shinilhs.csv,10218,[자유],60기인데 1학년 국어쌤,1학년 국어 ㅈㄱㅇ쌤하고 ㅈㅇㄹ쌤 시험 어렵게 내실 것 같은데 진짜 어렵나요 ㅠㅠ,신붕이 (221.138) 2026.03.17 16:48:37 스크랩 조회 872 추천 0 댓글 11,0,872,2026.03.17 16:48:37,https://gall.dcinside.com/mgallery/board/view/?id=shinilhs&no=10218&page=6,0.0,0,
schools_20p/신일고__shinilhs.csv,10215,[자유],동아리,이과인에 영문학감상반 걸렸는데 어떡하죠?,신붕이 (121.129) 2026.03.16 21:36:24 스크랩 조회 326 추천 0 댓글 1,0,326,2026.03.16 21:36:24,https://gall.dcinside.com/mgallery/board/view/?id=shinilhs&no=10215&page=6,0.0,0,
schools_20p/신일고__shinilhs.csv,10214,[자유],형들,제2외국어 배워요? 배운다면 무슨 언어 배워요?,신붕이 (58.142) 2026.03.15 22:59:57 스크랩 조회 462 추천 0 댓글 5,0,462,2026.03.15 22:59:57,https://gall.dcinside.com/mgallery/board/view/?id=shinilhs&no=10214&page=6,0.0,0,
schools_20p/신일고__shinilhs.csv,10213,[자유],혹시 자치부나 홍보부중에 하면 좋나여?,ㅇㅇ,신붕이 (219.255) 2026.03.15 22:38:20 스크랩 조회 336 추천 0 댓글 1,0,336,2026.03.15 22:38:20,https://gall.dcinside.com/mgallery/board/view/?id=shinilhs&no=10213&page=6,0.0,0,
schools_20p/신일고__shinilhs.csv,10212,[질문],동아리,언제부터 시작이요?,신붕이 (220.93) 2026.03.15 21:22:17 스크랩 조회 272 추천 0 댓글 1,0,272,2026.03.15 21:22:17,https://gall.dcinside.com/mgallery/board/view/?id=shinilhs&no=10212&page=6,0.0,0,
schools_20p/신일고__shinilhs.csv,10210,[자유],쌤 어떠신가요는 도대체 왜 물어보는거냐,물어보면 뭐가 바뀜?,신붕이 (125.242) 2026.03.15 20:57:30 스크랩 조회 508 추천 1 댓글 3,1,508,2026.03.15 20:57:30,https://gall.dcinside.com/mgallery/board/view/?id=shinilhs&no=10210&page=6,0.0,0,
schools_20p/신일고__shinilhs.csv,10211,[자유],학생회 면접,좀 빡세긴한데 합격할듯요?.. 후기남길게요 나중에,신붕이 (121.128) 2026.03.15 21:01:31 스크랩 조회 342 추천 0 댓글 3,0,342,2026.03.15 21:01:31,https://gall.dcinside.com/mgallery/board/view/?id=shinilhs&no=10211&page=6,0.0,0,
schools_20p/신일고__shinilhs.csv,10209,[자유],..,ㅂㄱㅎ 쌤 어떤가요?,신붕이 (211.234) 2026.03.15 00:23:36 스크랩 조회 843 추천 4 댓글 8,4,843,2026.03.15 00:23:36,https://gall.dcinside.com/mgallery/board/view/?id=shinilhs&no=10209&page=6,0.0,0,
schools_20p/신일고__shinilhs.csv,10208,[질문],자치법정 면접,형님들 자치법정 면접 한번에 몇명씩 보나요?,신붕이 (211.33) 2026.03.14 23:58:24 스크랩 조회 362 추천 2 댓글 3,2,362,2026.03.14 23:58:24,https://gall.dcinside.com/mgallery/board/view/?id=shinilhs&no=10208&page=6,0.0,0,
schools_20p/신일고__shinilhs.csv,10207,[자유],2학년 윤사,2헉년 윤사 ㅇㅎㅅ쌤이신데 문제 어렵나요,신붕이 (168.126) 2026.03.14 22:45:05 스크랩 조회 313 추천 0 댓글 1,0,313,2026.03.14 22:45:05,https://gall.dcinside.com/mgallery/board/view/?id=shinilhs&no=10207&page=6,0.0,0,
schools_20p/신일고__shinilhs.csv,10204,[질문],신일 인서울,몇등까지 인서울인가요,신붕이 (220.93) 2026.03.14 07:48:35 스크랩 조회 489 추천 0 댓글 3,0,489,2026.03.14 07:48:35,https://gall.dcinside.com/mgallery/board/view/?id=shinilhs&no=10204&page=6,0.0,0,
schools_20p/신일고__shinilhs.csv,10206,[자유],혹시 국제 합창반 신청하신 분 있나요?,진짜 나쁜 의도가 있는 건 아닌데 왜 그거 신청하는 지 궁금해서요. 그냥 합창반보다 좋은 점이 있나요?,신붕이 (218.152) 2026.03.14 21:39:34 스크랩 조회 304 추천 0 댓글 6,0,304,2026.03.14 21:39:34,https://gall.dcinside.com/mgallery/board/view/?id=shinilhs&no=10206&page=6,0.0,0,
schools_20p/신일고__shinilhs.csv,10202,[자유],합창반 뭐하나요?,신앙수양회 이런데 가서 공연하고 CCM 부르고 그런거 하나요? - dc official App,ㅇㅇ 2026.03.13 16:46:03 스크랩 조회 325 추천 0 댓글 5,0,325,2026.03.13 16:46:03,https://gall.dcinside.com/mgallery/board/view/?id=shinilhs&no=10202&page=6,0.0,0,
schools_20p/신일고__shinilhs.csv,10203,[자유],1학년 통사,쌤들 ㅈㄴ고트네요 ㅇㅎㅅ쌤 ㄱㅈㅎ쌤 수업 고트시네,신붕이 (220.65) 2026.03.14 01:00:45 스크랩 조회 465 추천 0 댓글 6,0,465,2026.03.14 01:00:45,https://gall.dcinside.com/mgallery/board/view/?id=shinilhs&no=10203&page=6,0.0,0,
schools_20p/신일고__shinilhs.csv,10201,[자유],여행지 못바꿔요?,?? AI 이미지가 생성되었습니다. 새로고침(F5) 해 주세요.,ㅠㅜ (39.7) 2026.03.12 23:42:36 스크랩 조회 361 추천 0 댓글 2,0,361,2026.03.12 23:42:36,https://gall.dcinside.com/mgallery/board/view/?id=shinilhs&no=10201&page=6,0.0,0,
schools_20p/신일고__shinilhs.csv,10200,[자유],신일고 이번에 설대 9명이던데,현역 8명 졸업생 1명이던데 어디과인지 대충 알 수 있나? 자세히 알려드리는 분께 커피 보내드림..,너구리 (183.101) 2026.03.12 18:23:45 스크랩 조회 653 추천 0 댓글 3,0,653,2026.03.12 18:23:45,https://gall.dcinside.com/mgallery/board/view/?id=shinilhs&no=10200&page=6,0.0,0,
schools_20p/신일고__shinilhs.csv,10199,[자유],형들,학생회도 방과후 범주에 들어가요?,신붕이 (221.149) 2026.03.12 18:19:14 스크랩 조회 313 추천 0 댓글 1,0,313,2026.03.12 18:19:14,https://gall.dcinside.com/mgallery/board/view/?id=shinilhs&no=10199&page=6,0.0,0,
schools_20p/신일고__shinilhs.csv,10197,[자유],118.235 아이피 뭐임,자습실 아이피거나 그런거인가요? 개많네 - dc official App,ㅇㅇ 2026.03.11 22:32:22 스크랩 조회 381 추천 0 댓글 2,0,381,2026.03.11 22:32:22,https://gall.dcinside.com/mgallery/board/view/?id=shinilhs&no=10197&page=6,0.0,0,
schools_20p/신일고__shinilhs.csv,10196,[자유],54기 보건실,54기 보건실 썰 뭐임?,신붕이 (218.235) 2026.03.11 22:22:01 스크랩 조회 647 추천 1 댓글 4,1,647,2026.03.11 22:22:01,https://gall.dcinside.com/mgallery/board/view/?id=shinilhs&no=10196&page=6,0.0,0,
schools_20p/신일고__shinilhs.csv,10194,[자유],자치법정,자치법정위원 지원하려하는데 일 바쁜가요? 그리고 일하는건 언제하나요 학교끝나고하는건가요?,신붕이 (59.5) 2026.03.10 22:20:27 스크랩 조회 434 추천 0 댓글 2,0,434,2026.03.10 22:20:27,https://gall.dcinside.com/mgallery/board/view/?id=shinilhs&no=10194&page=6,0.0,0,
schools_20p/신일고__shinilhs.csv,10195,[자유],60기59기,신일고 학생회 1차 서류 다붙었나요?,신붕이 (118.235) 2026.03.11 18:47:18 스크랩 조회 480 추천 0 댓글 1,0,480,2026.03.11 18:47:18,https://gall.dcinside.com/mgallery/board/view/?id=shinilhs&no=10195&page=6,0.0,0,
schools_20p/신일고__shinilhs.csv,10193,[질문],신일고 마이 없는데,걍 정복에 넥타이만 입어도 되나요?,신붕이 (220.93) 2026.03.10 19:36:58 스크랩 조회 420 추천 0 댓글 3,0,420,2026.03.10 19:36:58,https://gall.dcinside.com/mgallery/board/view/?id=shinilhs&no=10193&page=6,0.0,0,
schools_20p/신일고__shinilhs.csv,10192,[자유],신일고 매점은 좋은말할때 ‘산동찐만두‘를 복각해라,마지막 경고다 - dc official App,mcthemin 2026.03.10 17:19:02 스크랩 조회 712 추천 16 댓글 5,16,712,2026.03.10 17:19:02,https://gall.dcinside.com/mgallery/board/view/?id=shinilhs&no=10192&page=6,0.0,0,
schools_20p/신일고__shinilhs.csv,10190,[자유],60기 담임쌤,ㅂㅇㅈ쌤 어떠신가요,신붕이 (1.231) 2026.03.09 23:43:42 스크랩 조회 793 추천 4 댓글 7,4,793,2026.03.09 23:43:42,https://gall.dcinside.com/mgallery/board/view/?id=shinilhs&no=10190&page=6,0.0,0,
schools_20p/신일고__shinilhs.csv,10189,[자유],야자 죽겠습니다ㅠㅠㅠㅠㅠ,야자 버티는법좀 알려주센뇨,신붕이 (220.65) 2026.03.09 23:37:23 스크랩 조회 467 추천 0 댓글 3,0,467,2026.03.09 23:37:23,https://gall.dcinside.com/mgallery/board/view/?id=shinilhs&no=10189&page=6,0.0,0,
schools_20p/신일고__shinilhs.csv,10185,[자유],인서울,신일고 몇등까지 인서울 가나요? 최저 빼면 (!!!),신붕이 (118.235) 2026.03.08 15:22:11 스크랩 조회 386 추천 0 댓글 1,0,386,2026.03.08 15:22:11,https://gall.dcinside.com/mgallery/board/view/?id=shinilhs&no=10185&page=7,0.0,0,
schools_20p/신일고__shinilhs.csv,10184,[자유],고2 영어 망할거같다 ㅅ,나새끼 ㅂㅅ인가 영어 애기때부터 했는데 고딩되니 점수 왜 이러냐 ㅅ 진짜 도른 점수인데 이거 정상일까 아니겠지 60점대다 하 젭알 알랴줘 영어 내신 어케 공부해야하냐 젭알 도와줘!!,신붕이 (119.192) 2026.03.08 14:57:29 스크랩 조회 378 추천 0 댓글 3,0,378,2026.03.08 14:57:29,https://gall.dcinside.com/mgallery/board/view/?id=shinilhs&no=10184&page=7,0.81,1,"ㅂㅅ, 새끼"
schools_20p/신일고__shinilhs.csv,10183,[자유],입학 진단고사,백분율 다 70~100 떴는데 전학갈까요 수학은 초2때부터 학원다녔고 영어는 8살때부터 학원다님,신붕이 (175.125) 2026.03.08 02:15:18 스크랩 조회 419 추천 0 댓글 2,0,419,2026.03.08 02:15:18,https://gall.dcinside.com/mgallery/board/view/?id=shinilhs&no=10183&page=7,0.0,0,
schools_20p/신일고__shinilhs.csv,10187,[자유],54기 군필 틀딱이다 ㅇㅇㅁ 선생님 아직 계시냐,그립읍니다 - dc official App,신붕이 (58.77) 2026.03.08 22:45:36 스크랩 조회 610 추천 1 댓글 4,1,610,2026.03.08 22:45:36,https://gall.dcinside.com/mgallery/board/view/?id=shinilhs&no=10187&page=7,0.73,1,틀딱
schools_20p/신일고__shinilhs.csv,10188,[질문],드론영상반 사람 많나요?,ㅈㄱㄴ,신붕이 (223.38) 2026.03.09 16:20:21 스크랩 조회 268 추천 0 댓글 1,0,268,2026.03.09 16:20:21,https://gall.dcinside.com/mgallery/board/view/?id=shinilhs&no=10188&page=7,0.0,0,
schools_20p/신일고__shinilhs.csv,10182,[자유],국제반 뭐해주나요,국제반 좋은점이 뭘까요,60 (220.65) 2026.03.07 22:28:43 스크랩 조회 355 추천 0 댓글 3,0,355,2026.03.07 22:28:43,https://gall.dcinside.com/mgallery/board/view/?id=shinilhs&no=10182&page=7,0.0,0,
schools_20p/신일고__shinilhs.csv,10181,[자유],수학여행,바꿔달라고 빌면 바꿔주시나여?,신붕이 (121.129) 2026.03.07 16:16:09 스크랩 조회 420 추천 0 댓글 3,0,420,2026.03.07 16:16:09,https://gall.dcinside.com/mgallery/board/view/?id=shinilhs&no=10181&page=7,0.0,0,
schools_20p/신일고__shinilhs.csv,10186,[자유],형들,그 빨간색 과잠은 뭐예요 학생회도 빨간색 과잠 주나요,신붕이 (121.128) 2026.03.08 16:13:37 스크랩 조회 514 추천 0 댓글 6,0,514,2026.03.08 16:13:37,https://gall.dcinside.com/mgallery/board/view/?id=shinilhs&no=10186&page=7,0.0,0,
schools_20p/신일고__shinilhs.csv,10180,[자유],소프트웨어동아리,언어 뭐배워요,신붕이 (118.235) 2026.03.07 15:40:19 스크랩 조회 264 추천 0 댓글 1,0,264,2026.03.07 15:40:19,https://gall.dcinside.com/mgallery/board/view/?id=shinilhs&no=10180&page=7,0.0,0,
schools_20p/신일고__shinilhs.csv,10176,[자유],우리 ㄱㅎㄱ 선생님이 어때서,자꾸 그러면 재수 포인트 쌓인다 - dc official App,신붕이 (211.234) 2026.03.06 23:12:34 스크랩 조회 617 추천 2 댓글 4,2,617,2026.03.06 23:12:34,https://gall.dcinside.com/mgallery/board/view/?id=shinilhs&no=10176&page=7,0.0,0,
schools_20p/신일고__shinilhs.csv,10178,[자유],축구부,60기인데 축구부 들어갈수 있나요,신붕이 (175.125) 2026.03.07 04:24:07 스크랩 조회 291 추천 0 댓글 0,0,291,2026.03.07 04:24:07,https://gall.dcinside.com/mgallery/board/view/?id=shinilhs&no=10178&page=7,0.0,0,
schools_20p/신일고__shinilhs.csv,10177,[자유],작년 확통 중간고사 범위 어디까지였나요,ㅇㅇ,신붕이 (1.229) 2026.03.07 00:41:21 스크랩 조회 219 추천 0 댓글 2,0,219,2026.03.07 00:41:21,https://gall.dcinside.com/mgallery/board/view/?id=shinilhs&no=10177&page=7,0.0,0,
schools_20p/신일고__shinilhs.csv,10174,[자유],밥.,신일고근처 밥 먹을만한곳 추천좀 해주세연,신붕이 (211.200) 2026.03.06 01:29:32 스크랩 조회 378 추천 0 댓글 5,0,378,2026.03.06 01:29:32,https://gall.dcinside.com/mgallery/board/view/?id=shinilhs&no=10174&page=7,0.0,0,
schools_20p/신일고__shinilhs.csv,10175,[자유],60기 담임쌤,ㄱㅎㄱ 영어선생님 어떤가요 선배님들,신붕이 (124.61) 2026.03.06 20:14:56 스크랩 조회 650 추천 0 댓글 8,0,650,2026.03.06 20:14:56,https://gall.dcinside.com/mgallery/board/view/?id=shinilhs&no=10175&page=7,0.0,0,
schools_20p/신일고__shinilhs.csv,10173,[자유],확통 ㅂㅇㄷ 쌤,어떤가요,신붕이 (121.129) 2026.03.05 23:52:20 스크랩 조회 415 추천 0 댓글 1,0,415,2026.03.05 23:52:20,https://gall.dcinside.com/mgallery/board/view/?id=shinilhs&no=10173&page=7,0.0,0,
schools_20p/신일고__shinilhs.csv,10172,[자유],학교홈페이지,학교 홈페이지에서 기출을  보고싶어서 회원가입을 했는데 이거 학교에서 승인해주셔야된다고 나오는데 이거 언제쯤 승인이 되나요?,신붕이 (175.214) 2026.03.05 22:17:48 스크랩 조회 352 추천 1 댓글 6,1,352,2026.03.05 22:17:48,https://gall.dcinside.com/mgallery/board/view/?id=shinilhs&no=10172&page=7,0.0,0,
schools_20p/신일고__shinilhs.csv,10171,[자유],반크 동아리가 더 낫나요 정치 아카데미가 더 낫나요,!,신붕이 (219.250) 2026.03.05 18:21:20 스크랩 조회 357 추천 0 댓글 2,0,357,2026.03.05 18:21:20,https://gall.dcinside.com/mgallery/board/view/?id=shinilhs&no=10171&page=7,0.0,0,
schools_20p/신일고__shinilhs.csv,10170,[자유],고1담임 ㄱㅎㄱ쌤,어떠심? - dc official App,ㅇㅇ 2026.03.05 16:40:32 스크랩 조회 770 추천 0 댓글 11,0,770,2026.03.05 16:40:32,https://gall.dcinside.com/mgallery/board/view/?id=shinilhs&no=10170&page=7,0.0,0,
schools_20p/신일고__shinilhs.csv,10169,[자유],이번에 가신 쌤들,ㄴㄱ있음 - dc official App,신붕이 (223.38) 2026.03.05 14:25:57 스크랩 조회 630 추천 0 댓글 10,0,630,2026.03.05 14:25:57,https://gall.dcinside.com/mgallery/board/view/?id=shinilhs&no=10169&page=7,0.0,0,
schools_20p/신일고__shinilhs.csv,10168,[자유],고1인데,ㄱㅎㄱ 선생님 어떤가요,신붕이 (118.235) 2026.03.04 23:46:23 스크랩 조회 424 추천 0 댓글 2,0,424,2026.03.04 23:46:23,https://gall.dcinside.com/mgallery/board/view/?id=shinilhs&no=10168&page=7,0.0,0,
schools_20p/신일고__shinilhs.csv,10165,[자유],솔직히 신일고 최고동아리는,"양자컴 동아리라 생각하는데 1. 신일고 유일한 조기졸업생 2년연속 배출 2. 하버드 연구원 혹은 서울대 수석연구원이신 박사님 등께서 해주시는 다양하고 퀄리티 높은 강의 3. 과학과 goat 두명이 담당중(ㄱㅅㅇ, ㅇㅊㅇ) 4. 생각보다 양자컴퓨터의 패러다임이 넓음. 컴공지망은 물론이고 기계공학, 순수물리, 혹은 수학,화학, 더 나아가 바이오까지 접목 가능함, 양자역학이 미치는 영향이 예상보다 큼 5. 1~3학년까지 연계가 가능 솔직히 이정도 장점있는 동아리 신일고에 없음 이래도 오기 싫으면 물리학실험,화학실험 이 두개 위주로 우선선발 신청해두셈",최고의감독푼동 2026.03.04 09:48:33 스크랩 조회 791 추천 2 댓글 4,2,791,2026.03.04 09:48:33,https://gall.dcinside.com/mgallery/board/view/?id=shinilhs&no=10165&page=7,0.0,0,
schools_20p/신일고__shinilhs.csv,10167,[자유],생기부 잘 써주시나요,5등급제라 중요해진다는데..,신붕이 (223.39) 2026.03.04 19:12:38 스크랩 조회 476 추천 0 댓글 5,0,476,2026.03.04 19:12:38,https://gall.dcinside.com/mgallery/board/view/?id=shinilhs&no=10167&page=7,0.0,0,
schools_20p/신일고__shinilhs.csv,10164,[자유],고1 야구점퍼 언제받음,ㅈㄱㄴ - dc official App,ㅇㅇ 2026.03.04 07:57:22 스크랩 조회 282 추천 0 댓글 1,0,282,2026.03.04 07:57:22,https://gall.dcinside.com/mgallery/board/view/?id=shinilhs&no=10164&page=7,0.0,0,
schools_20p/신일고__shinilhs.csv,10163,[자유],60기,조심해야할 쌤들 있나요,신붕이 (180.230) 2026.03.04 00:02:59 스크랩 조회 447 추천 0 댓글 5,0,447,2026.03.04 00:02:59,https://gall.dcinside.com/mgallery/board/view/?id=shinilhs&no=10163&page=7,0.0,0,
schools_20p/신일고__shinilhs.csv,10160,[자유],내신학원,보통 어디다니시는지 추천해주세요 급함 걸러야할곳도 알려주세요!!!,신붕이 (211.200) 2026.03.02 20:38:49 스크랩 조회 482 추천 0 댓글 8,0,482,2026.03.02 20:38:49,https://gall.dcinside.com/mgallery/board/view/?id=shinilhs&no=10160&page=7,0.0,0,
schools_20p/신일고__shinilhs.csv,10158,[자유],확통,공통수학 1의 순열과 조합을 공부를 많이 안했는데 문제 어렵게 나오는 편인가요? 아니면 다른 함수파트가 비중을 많이 차지하나요?,신붕이 (175.214) 2026.03.02 02:48:24 스크랩 조회 255 추천 0 댓글 1,0,255,2026.03.02 02:48:24,https://gall.dcinside.com/mgallery/board/view/?id=shinilhs&no=10158&page=7,0.0,0,
schools_20p/신일고__shinilhs.csv,10159,[자유],2학년 1학기 수학,"1학기 시험 범위에 기하,경제수학 들어가나요??",신붕이 (218.235) 2026.03.02 16:23:36 스크랩 조회 302 추천 0 댓글 1,0,302,2026.03.02 16:23:36,https://gall.dcinside.com/mgallery/board/view/?id=shinilhs&no=10159&page=7,0.0,0,
schools_20p/신일고__shinilhs.csv,10157,[질문],국어 황들 한번만 헬프미,"수특푸는데 3번에 4번선지에 “비범한 인물을 홀로 처단했다.” 라는데, 본문 형광펜 그어놓은 부분 보면 기생이 김응서 도와준거 확인할수있는데, 이게 왜 홀로 처단한거임? 답지는 2번이라함",신붕이 (121.128) 2026.03.01 23:57:52 스크랩 조회 432 추천 0 댓글 4,0,432,2026.03.01 23:57:52,https://gall.dcinside.com/mgallery/board/view/?id=shinilhs&no=10157&page=7,0.0,0,
schools_20p/신일고__shinilhs.csv,10155,[자유],신일고등학교,석차 별 대학라인 보고있는데 저게 무슨말이죠.. 20등대는 고대가고 30등대는 건동홍인가요ㅕ,신붕이 (121.128) 2026.03.01 20:47:49 스크랩 조회 373 추천 0 댓글 1,0,373,2026.03.01 20:47:49,https://gall.dcinside.com/mgallery/board/view/?id=shinilhs&no=10155&page=7,0.0,0,
schools_20p/신일고__shinilhs.csv,10156,[자유],님들,아직 패밀리링크나 모바일펜스 이런거 쓰는 사람있나?,신붕이 (118.235) 2026.03.01 22:07:14 스크랩 조회 258 추천 0 댓글 1,0,258,2026.03.01 22:07:14,https://gall.dcinside.com/mgallery/board/view/?id=shinilhs&no=10156&page=7,0.0,0,
schools_20p/신일고__shinilhs.csv,10154,[자유],신일고 대입 성과가 보기에 괜찮아 보이는 이유가,다 재수생 덕분이라는데 사실인가요?,신붕이 (223.62) 2026.03.01 14:42:55 스크랩 조회 647 추천 1 댓글 10,1,647,2026.03.01 14:42:55,https://gall.dcinside.com/mgallery/board/view/?id=shinilhs&no=10154&page=7,0.0,0,
schools_20p/신일고__shinilhs.csv,10153,[자유],신일고 자습할 때,막 아프거나 사정있어도 안 빼줘요?,신붕이 (223.62) 2026.03.01 14:40:36 스크랩 조회 390 추천 0 댓글 5,0,390,2026.03.01 14:40:36,https://gall.dcinside.com/mgallery/board/view/?id=shinilhs&no=10153&page=7,0.0,0,
schools_20p/신일고__shinilhs.csv,10152,[자유],2학년 영어,1학년 워드마스터처럼 단어집 시험범위에 들어감?,신붕이 (118.235) 2026.03.01 08:50:28 스크랩 조회 273 추천 0 댓글 1,0,273,2026.03.01 08:50:28,https://gall.dcinside.com/mgallery/board/view/?id=shinilhs&no=10152&page=7,0.0,0,
schools_20p/신일고__shinilhs.csv,10151,[자유],신일고,전교30등대는 어디가는지 궁금해요,신붕이 (121.128) 2026.03.01 01:08:04 스크랩 조회 305 추천 0 댓글 2,0,305,2026.03.01 01:08:04,https://gall.dcinside.com/mgallery/board/view/?id=shinilhs&no=10151&page=7,0.0,0,
schools_20p/신일고__shinilhs.csv,10150,[자유],SK하이닉스 100만 돌파,최태원(신일고 10회) SK그룹 회장의 SK하이닉스 주가 100만 돌파를 진심으로 축하합니다,신붕이 (118.235) 2026.02.28 15:00:53 스크랩 조회 538 추천 5 댓글 3,5,538,2026.02.28 15:00:53,https://gall.dcinside.com/mgallery/board/view/?id=shinilhs&no=10150&page=7,0.0,0,
schools_20p/신일고__shinilhs.csv,10148,[질문],시간표 어디서 봐요??,ㅈㄱㄴ,신붕이 (211.234) 2026.02.26 17:27:49 스크랩 조회 308 추천 0 댓글 1,0,308,2026.02.26 17:27:49,https://gall.dcinside.com/mgallery/board/view/?id=shinilhs&no=10148&page=7,0.0,0,
schools_20p/신일고__shinilhs.csv,10146,[질문],동아리 질문,새학기에 동아리 바꾸고 싶은데 바꿀수있나,신붕이 (220.93) 2026.02.26 07:49:58 스크랩 조회 356 추천 0 댓글 2,0,356,2026.02.26 07:49:58,https://gall.dcinside.com/mgallery/board/view/?id=shinilhs&no=10146&page=7,0.0,0,
schools_20p/신일고__shinilhs.csv,10145,[자유],수학,수학 내신대비 기출문제집으로 뭐가 좋을까요?,신붕이 (175.214) 2026.02.26 02:30:11 스크랩 조회 335 추천 0 댓글 3,0,335,2026.02.26 02:30:11,https://gall.dcinside.com/mgallery/board/view/?id=shinilhs&no=10145&page=7,0.0,0,
schools_20p/신일고__shinilhs.csv,10144,[자유],-찐따,신일고 입학하는데 친구 금방 사귈 수 있나요,신붕이 (211.200) 2026.02.25 23:42:11 스크랩 조회 588 추천 1 댓글 10,1,588,2026.02.25 23:42:11,https://gall.dcinside.com/mgallery/board/view/?id=shinilhs&no=10144&page=7,0.73,1,찐따
schools_20p/신일고__shinilhs.csv,10143,[자유],신일고,전교 20등대는 어디 대학 가요..?,신붕이 (221.149) 2026.02.25 19:42:04 스크랩 조회 393 추천 0 댓글 3,0,393,2026.02.25 19:42:04,https://gall.dcinside.com/mgallery/board/view/?id=shinilhs&no=10143&page=7,0.0,0,
schools_20p/신일고__shinilhs.csv,10142,[자유],진단고사,커트라인 씹창난거같은디,신붕이 (121.128) 2026.02.25 16:27:53 스크랩 조회 347 추천 1 댓글 1,1,347,2026.02.25 16:27:53,https://gall.dcinside.com/mgallery/board/view/?id=shinilhs&no=10142&page=7,0.0,0,
schools_20p/신일고__shinilhs.csv,10141,[자유],급똥,선배님들 등교할때 셔틀버스에서 급똥오면 어캄요??,신붕이 (211.200) 2026.02.25 07:16:07 스크랩 조회 359 추천 0 댓글 4,0,359,2026.02.25 07:16:07,https://gall.dcinside.com/mgallery/board/view/?id=shinilhs&no=10141&page=7,0.0,0,
schools_20p/신일고__shinilhs.csv,10140,[자유],중간,1학년 중간고사 무슨 과목 보나요?,신붕이 (175.214) 2026.02.25 03:38:32 스크랩 조회 237 추천 0 댓글 1,0,237,2026.02.25 03:38:32,https://gall.dcinside.com/mgallery/board/view/?id=shinilhs&no=10140&page=7,0.0,0,
schools_20p/신일고__shinilhs.csv,10139,[자유],3학년 영어 독해와 작문,상대평가인가요?? - dc official App,신붕이 (221.138) 2026.02.24 19:04:56 스크랩 조회 295 추천 0 댓글 2,0,295,2026.02.24 19:04:56,https://gall.dcinside.com/mgallery/board/view/?id=shinilhs&no=10139&page=7,0.0,0,
schools_20p/신일고__shinilhs.csv,10138,[질문],자습,필수인가요?,신붕이 (220.93) 2026.02.24 12:39:48 스크랩 조회 239 추천 0 댓글 1,0,239,2026.02.24 12:39:48,https://gall.dcinside.com/mgallery/board/view/?id=shinilhs&no=10138&page=7,0.0,0,
schools_20p/신일고__shinilhs.csv,10137,[자유],신일고 60기 갓생호소러,매3비 드디어 끝냈습니다,신붕이 (121.128) 2026.02.24 00:22:10 스크랩 조회 448 추천 1 댓글 1,1,448,2026.02.24 00:22:10,https://gall.dcinside.com/mgallery/board/view/?id=shinilhs&no=10137&page=7,0.0,0,
schools_20p/신일고__shinilhs.csv,10135,[자유],신일고 기출,"신일고 신입생입니다. 신일고 기출문제 몇 개 풀어보려고 했는데, 따로 얻을 수 있는 사이트가 있나요? 족보닷컴 보니까 막혀있더라고요.",신붕이 (121.128) 2026.02.22 18:49:19 스크랩 조회 427 추천 0 댓글 3,0,427,2026.02.22 18:49:19,https://gall.dcinside.com/mgallery/board/view/?id=shinilhs&no=10135&page=7,0.0,0,
schools_20p/신일고__shinilhs.csv,10134,[자유],야구잠바에 아이폰17,세이지색 사면 이쁠려나 잘어울릴듯,신붕이 (1.231) 2026.02.22 10:08:23 스크랩 조회 351 추천 0 댓글 0,0,351,2026.02.22 10:08:23,https://gall.dcinside.com/mgallery/board/view/?id=shinilhs&no=10134&page=7,0.0,0,
schools_20p/신일고__shinilhs.csv,10129,[자유],담입,형들 1학면 담임쌤들은 아직 안나왓나용ㅍ,신붕이 (121.160) 2026.02.20 18:23:13 스크랩 조회 467 추천 0 댓글 3,0,467,2026.02.20 18:23:13,https://gall.dcinside.com/mgallery/board/view/?id=shinilhs&no=10129&page=7,0.0,0,
schools_20p/신일고__shinilhs.csv,10131,[자유],질문,학교생활 하면서 교내에서는 실내화 신나요?,신붕이 (218.144) 2026.02.21 09:25:53 스크랩 조회 392 추천 0 댓글 5,0,392,2026.02.21 09:25:53,https://gall.dcinside.com/mgallery/board/view/?id=shinilhs&no=10131&page=7,0.0,0,
schools_20p/신일고__shinilhs.csv,10120,[자유],형들,학교쌤들 출제성향이 궁금해요ㅕㅑ.. 수학은 그냥 많이 풀어보면 그만 일꺼 같은데 국어나 영어 역사는 교과서하고 프린트만 외워도 되나요?,신붕이 (110.35) 2026.02.14 09:52:26 스크랩 조회 442 추천 0 댓글 6,0,442,2026.02.14 09:52:26,https://gall.dcinside.com/mgallery/board/view/?id=shinilhs&no=10120&page=8,0.0,0,
schools_20p/신일고__shinilhs.csv,10124,[자유],신일 신입생들 공부 열심히해라,이제 나 졸업했는데 너희도 공부 열심히해 기껏 신일 와서 갤질하지말고,신민 (220.65) 2026.02.16 19:02:59 스크랩 조회 543 추천 1 댓글 5,1,543,2026.02.16 19:02:59,https://gall.dcinside.com/mgallery/board/view/?id=shinilhs&no=10124&page=8,0.0,0,
schools_20p/신일고__shinilhs.csv,10126,[질문],자습때 탭 금지,60기 입학생인데 자습할때 탭 사용금지라는대 이거 나중에 풀리는거죠?,신붕이 (220.116) 2026.02.17 14:49:42 스크랩 조회 400 추천 0 댓글 2,0,400,2026.02.17 14:49:42,https://gall.dcinside.com/mgallery/board/view/?id=shinilhs&no=10126&page=8,0.0,0,
schools_20p/신일고__shinilhs.csv,10128,[자유],삼십년전에 신일고다녔으면 공부잘한거임?,ㅇㅇ?,신붕이 (124.59) 2026.02.18 21:46:19 스크랩 조회 535 추천 1 댓글 4,1,535,2026.02.18 21:46:19,https://gall.dcinside.com/mgallery/board/view/?id=shinilhs&no=10128&page=8,0.0,0,
schools_20p/신일고__shinilhs.csv,10125,[자유],신일고 가면,신일고 가면 운동 많이 하나요? 축구나 농구같은 운동 체육시간이나 점심시간에요 아니면 학교 끝나고,신붕이 (220.123) 2026.02.17 07:49:34 스크랩 조회 360 추천 0 댓글 2,0,360,2026.02.17 07:49:34,https://gall.dcinside.com/mgallery/board/view/?id=shinilhs&no=10125&page=8,0.0,0,
schools_20p/신일고__shinilhs.csv,10127,[자유],2학년 독서는 어케하나요,문학은 1학년때도 비중있게 다뤄져서 대충 알겠는데 독서는 수업시간에 뭘하고 어떻게 공부해야할지 모르겠습니다.. 그냥 방학부터 체급 존나키워서 범위에 있는것만 여러번 읽고 모의고사 독서같은걸로 공부하는게 맞을까요,신붕이 (1.229) 2026.02.17 18:46:54 스크랩 조회 438 추천 0 댓글 6,0,438,2026.02.17 18:46:54,https://gall.dcinside.com/mgallery/board/view/?id=shinilhs&no=10127&page=8,0.73,1,존나
schools_20p/신일고__shinilhs.csv,10123,[자유],행복하고싶다.,신일고에 아름다우신 선생님들 많은가요? 신일고에.,신붕이 (118.235) 2026.02.15 22:34:28 스크랩 조회 525 추천 3 댓글 8,3,525,2026.02.15 22:34:28,https://gall.dcinside.com/mgallery/board/view/?id=shinilhs&no=10123&page=8,0.0,0,
schools_20p/신일고__shinilhs.csv,10121,[자유],선배님들,예비고1인데 진도 여기까지 나갔거든요.. 지금부터 수학 겁나 빡세게 풀면 신일고 20등안에 들 수 있나요?,신붕이 (110.35) 2026.02.14 13:39:54 스크랩 조회 622 추천 1 댓글 8,1,622,2026.02.14 13:39:54,https://gall.dcinside.com/mgallery/board/view/?id=shinilhs&no=10121&page=8,0.0,0,
schools_20p/신일고__shinilhs.csv,10118,[문학],“두명이요”,"기사님이 의아한 표정으로 물었다. ""학생, 1명인데 왜 2명찍어?"" 나는 당당하게 가슴을 펴고 대답했다. “제 마음속에는 언제나 ‘신붕이‘ 가 있으니까요.“ 기사님이 웃으며 말했다. “학생, 우리는 장애인에게 돈을 받지 않아.“",신붕이 (58.233) 2026.02.12 23:22:07 스크랩 조회 945 추천 53 댓글 4,53,945,2026.02.12 23:22:07,https://gall.dcinside.com/mgallery/board/view/?id=shinilhs&no=10118&page=8,0.73,1,장애
schools_20p/신일고__shinilhs.csv,10119,[자유],2학년 세계사쌤,ㅎㅅㅎ쌤 2학년 담임이면 ㅎㅅㅎ쌤 확정인가요,신붕이 (211.168) 2026.02.13 11:24:55 스크랩 조회 499 추천 0 댓글 2,0,499,2026.02.13 11:24:55,https://gall.dcinside.com/mgallery/board/view/?id=shinilhs&no=10119&page=8,0.0,0,
schools_20p/신일고__shinilhs.csv,10112,[자유],내일 졸업식 몇시시작인지 아는분,ㅈㄱㄴ,신붕이 (115.161) 2026.02.10 23:59:40 스크랩 조회 226 추천 0 댓글 0,0,226,2026.02.10 23:59:40,https://gall.dcinside.com/mgallery/board/view/?id=shinilhs&no=10112&page=8,0.0,0,
schools_20p/신일고__shinilhs.csv,10116,[자유],60기인데,이제 공부 막 시작하는데 버틸 수 있을까요 입학하면 핸드폰은 그냥 버리고 자는시간 외엔 공부만 할 생각으로 입학했습니다,모세 (221.149) 2026.02.11 16:11:16 스크랩 조회 513 추천 0 댓글 3,0,513,2026.02.11 16:11:16,https://gall.dcinside.com/mgallery/board/view/?id=shinilhs&no=10116&page=8,0.0,0,
schools_20p/신일고__shinilhs.csv,10117,[질문],질 문,혹시 미술 ㅅㅎㅁ 선생님 어떤분이신지 알려주실 수 있나요 - dc official App,신붕이 (112.218) 2026.02.11 17:11:52 스크랩 조회 460 추천 0 댓글 3,0,460,2026.02.11 17:11:52,https://gall.dcinside.com/mgallery/board/view/?id=shinilhs&no=10117&page=8,0.0,0,
schools_20p/신일고__shinilhs.csv,10113,[자유],소신발언,"급식에 닭다리, 폭립 같은거 안나오면 좋겠음. 맛있는거 먹일려는건 좋긴한데 먹을 때마다 ㅈㄴ 게걸스럽게 먹게되서 오후 수업 때 옷이랑 손 개찝찝함",신붕이 (59.5) 2026.02.11 00:59:01 스크랩 조회 448 추천 0 댓글 3,0,448,2026.02.11 00:59:01,https://gall.dcinside.com/mgallery/board/view/?id=shinilhs&no=10113&page=8,0.0,0,
schools_20p/신일고__shinilhs.csv,10114,[자유],57기 말단이 선생님들 질문 받아드림,쌤들 관련해서 궁금한거 있으면 질문하셈 아는것에 한해서 다 답해드림 & 어떤가요 이런 질문은 내 경험으로 말하는거니까 항상 맞는건 아님 누구한테는 좋고 누구한테는 나쁠수 있으니,TSH 2026.02.11 02:08:08 스크랩 조회 775 추천 0 댓글 10,0,775,2026.02.11 02:08:08,https://gall.dcinside.com/mgallery/board/view/?id=shinilhs&no=10114&page=8,0.0,0,
schools_20p/신일고__shinilhs.csv,10115,[자유],형들 진짜 궁금한데,공통수학1 심화까지 확실히 진도 나가고 3월부터 엔콕 으로 수학학원 다니고 싶은데 괜찮나요?,신붕이 (221.149) 2026.02.11 16:01:33 스크랩 조회 478 추천 0 댓글 3,0,478,2026.02.11 16:01:33,https://gall.dcinside.com/mgallery/board/view/?id=shinilhs&no=10115&page=8,0.0,0,
schools_20p/신일고__shinilhs.csv,10111,[자유],57기 류영서다,졸업전에 글한번 써보고 싶었다 - dc official App,류영서 (125.128) 2026.02.10 21:55:29 스크랩 조회 641 추천 15 댓글 2,15,641,2026.02.10 21:55:29,https://gall.dcinside.com/mgallery/board/view/?id=shinilhs&no=10111&page=8,0.0,0,
schools_20p/신일고__shinilhs.csv,10110,[자유],담임쌤,ㄱㅁㅈ쌤이신데 어떤가여 하하 - dc official App,신붕이 (61.72) 2026.02.10 20:29:03 스크랩 조회 738 추천 2 댓글 11,2,738,2026.02.10 20:29:03,https://gall.dcinside.com/mgallery/board/view/?id=shinilhs&no=10110&page=8,0.0,0,
schools_20p/신일고__shinilhs.csv,10109,[자유],59기 담쌤 ㄴㄱㄴㄱ임?,빡센 사람 누구있음?,신붕이 (211.205) 2026.02.10 19:48:29 스크랩 조회 625 추천 0 댓글 4,0,625,2026.02.10 19:48:29,https://gall.dcinside.com/mgallery/board/view/?id=shinilhs&no=10109&page=8,0.0,0,
schools_20p/신일고__shinilhs.csv,10106,[자유],현 59기 질문입니다,"개학부터 축제까지 현 학생회장님을 보면서 멋있기도 하고 관심이 생겨서 이번 연도에 학생회장에 출마할 생각이 있는데, 혹시 학생회장을 하면 생기는 이점과 공부에 방해가 되는지 안 되는지, 된다면 어느 정도 되는지 궁금합니다",신붕이 (149.88) 2026.02.10 00:27:02 스크랩 조회 553 추천 2 댓글 6,2,553,2026.02.10 00:27:02,https://gall.dcinside.com/mgallery/board/view/?id=shinilhs&no=10106&page=8,0.0,0,
schools_20p/신일고__shinilhs.csv,10105,[자유],신일고 관련 질문받음,학생회장 빼고 다해봄 - dc official App,서신 2026.02.09 20:30:31 스크랩 조회 856 추천 3 댓글 25,3,856,2026.02.09 20:30:31,https://gall.dcinside.com/mgallery/board/view/?id=shinilhs&no=10105&page=8,0.0,0,
schools_20p/신일고__shinilhs.csv,10108,[자유],담쌤,ㄱㅁㅈ쌤 어때요..? 혹시 츤데레?,신붕이 (223.39) 2026.02.10 15:25:28 스크랩 조회 814 추천 0 댓글 16,0,814,2026.02.10 15:25:28,https://gall.dcinside.com/mgallery/board/view/?id=shinilhs&no=10108&page=8,0.0,0,
schools_20p/신일고__shinilhs.csv,10107,[자유],담임쌤 질문,일본어 ㄱㄷㅇ쌤 ㅁㅌㅊ인가요,ㅇㅇ (223.38) 2026.02.10 15:07:14 스크랩 조회 559 추천 0 댓글 5,0,559,2026.02.10 15:07:14,https://gall.dcinside.com/mgallery/board/view/?id=shinilhs&no=10107&page=8,0.0,0,
schools_20p/신일고__shinilhs.csv,10104,[자유],신일고 선생님,아니 진단고사 감독하시는 선생님 있는데 ㅅㅂ 기침 안가리고 하고 앞에서 다리 존나 떨고….. 진짜 그거 때문에 진단 망했슺니다…… - dc official App,신붕이 (223.62) 2026.02.09 20:15:40 스크랩 조회 620 추천 7 댓글 6,7,620,2026.02.09 20:15:40,https://gall.dcinside.com/mgallery/board/view/?id=shinilhs&no=10104&page=8,0.81,1,"ㅅㅂ, 존나"
schools_20p/신일고__shinilhs.csv,10097,[자유],겁나급해요 형들,진단고사때 교복안입고가도 돼죠?,신붕이 (121.128) 2026.02.07 00:11:35 스크랩 조회 418 추천 0 댓글 2,0,418,2026.02.07 00:11:35,https://gall.dcinside.com/mgallery/board/view/?id=shinilhs&no=10097&page=8,0.0,0,
schools_20p/신일고__shinilhs.csv,10099,[자유],"요즘 1, 2학년들",학교 언제 끝남,신붕이 (114.32) 2026.02.08 00:58:44 스크랩 조회 424 추천 0 댓글 1,0,424,2026.02.08 00:58:44,https://gall.dcinside.com/mgallery/board/view/?id=shinilhs&no=10099&page=8,0.0,0,
schools_20p/신일고__shinilhs.csv,10100,[자유],"고2,3필독",방학때 자습할건데 맛집추천좀해줘요,신붕이 (211.234) 2026.02.08 14:00:47 스크랩 조회 526 추천 0 댓글 6,0,526,2026.02.08 14:00:47,https://gall.dcinside.com/mgallery/board/view/?id=shinilhs&no=10100&page=8,0.0,0,
schools_20p/신일고__shinilhs.csv,10101,[자유],3학년 반배정,언매 화작으로 반 나뉘는거 맞아? 그래놓고 문과반3개가 말이돼? 화작이 인원수도 훨씬많은데 반배정도 심수미적으로 나누는거아님? - dc official App,신붕이 (220.65) 2026.02.09 01:09:47 스크랩 조회 522 추천 0 댓글 5,0,522,2026.02.09 01:09:47,https://gall.dcinside.com/mgallery/board/view/?id=shinilhs&no=10101&page=8,0.0,0,
schools_20p/신일고__shinilhs.csv,10096,[자유],신일 진단고사 내일입니다….,하! 공부는 기출 10개년 전부 풀어보고 wordmaster 2000을 외운 수준이 아니라 내 옆에있는 해커스 보카까지 10000단어 외웠습니다. 그래서 그런데 이렇게 열심히 공부했는데 성적이 나오나요?,신붕이 (175.214) 2026.02.06 21:55:00 스크랩 조회 485 추천 1 댓글 10,1,485,2026.02.06 21:55:00,https://gall.dcinside.com/mgallery/board/view/?id=shinilhs&no=10096&page=8,0.0,0,
schools_20p/신일고__shinilhs.csv,10092,[자유],입학하자마자 야자 시작하나요,학교 입학한 첫주부터 야자 하나요..,신붕이 (175.192) 2026.02.05 21:42:10 스크랩 조회 397 추천 1 댓글 8,1,397,2026.02.05 21:42:10,https://gall.dcinside.com/mgallery/board/view/?id=shinilhs&no=10092&page=8,0.0,0,
schools_20p/신일고__shinilhs.csv,10095,[자유],신일고 디벗은 아이패드인가요,60기 입학생인데 궁금함다 선배님들,신붕이 (1.231) 2026.02.06 19:49:12 스크랩 조회 384 추천 1 댓글 6,1,384,2026.02.06 19:49:12,https://gall.dcinside.com/mgallery/board/view/?id=shinilhs&no=10095&page=8,0.0,0,
schools_20p/신일고__shinilhs.csv,10094,[자유],신일고,문과비율 어느정도 인가요?,신붕이 (218.144) 2026.02.06 01:18:02 스크랩 조회 376 추천 1 댓글 5,1,376,2026.02.06 01:18:02,https://gall.dcinside.com/mgallery/board/view/?id=shinilhs&no=10094&page=8,0.0,0,
schools_20p/신일고__shinilhs.csv,10089,[자유],신일고 59기,- dc official App,mcthemin 2026.02.03 19:52:21 스크랩 조회 398 추천 2 댓글 0,2,398,2026.02.03 19:52:21,https://gall.dcinside.com/mgallery/board/view/?id=shinilhs&no=10089&page=8,0.0,0,
schools_20p/신일고__shinilhs.csv,10088,[자유],신일고 58기,Let go,ㅇㅇ (121.129) 2026.02.03 15:51:13 스크랩 조회 362 추천 2 댓글 1,2,362,2026.02.03 15:51:13,https://gall.dcinside.com/mgallery/board/view/?id=shinilhs&no=10088&page=8,0.0,0,
schools_20p/신일고__shinilhs.csv,10091,[자유],물리  학원 좀 추천해주세요,2학년 올라가는데 물리 학원 추천 좀 부탁드립니다 . 넘 어렵네요,신붕이 (118.235) 2026.02.04 08:59:50 스크랩 조회 407 추천 1 댓글 4,1,407,2026.02.04 08:59:50,https://gall.dcinside.com/mgallery/board/view/?id=shinilhs&no=10091&page=8,0.0,0,
schools_20p/신일고__shinilhs.csv,10087,[자유],신일고 60기,Let’s go,신붕이 (58.142) 2026.02.03 13:03:53 스크랩 조회 303 추천 4 댓글 0,4,303,2026.02.03 13:03:53,https://gall.dcinside.com/mgallery/board/view/?id=shinilhs&no=10087&page=8,0.0,0,
schools_20p/신일고__shinilhs.csv,10086,[자유],신장연의 기습시위에 깊은 유감을 표합니다,일단 59기 아닙니다 저거;;,신붕이 (1.229) 2026.02.03 00:15:20 스크랩 조회 419 추천 6 댓글 2,6,419,2026.02.03 00:15:20,https://gall.dcinside.com/mgallery/board/view/?id=shinilhs&no=10086&page=8,0.0,0,
schools_20p/신일고__shinilhs.csv,10085,[자유],59기 ㅁㅊㄴ 뭐냐,학번이랑 이름도 같은사람 아니고 통합사회 자료방에서 이러는 중,신붕이 (119.192) 2026.02.02 23:36:31 스크랩 조회 1136 추천 15 댓글 5,15,1136,2026.02.02 23:36:31,https://gall.dcinside.com/mgallery/board/view/?id=shinilhs&no=10085&page=8,0.0,0,
schools_20p/신일고__shinilhs.csv,10082,[자유],인강배속,인강배속 몇배속으로 들음? 1.2는 그냥 시간 좀 더 들이고 1배속으로 듣는게 나을거같고 1.6 돌리자니 좀 빠른거같음 보통 인강 몇배속으로 들음?,신붕이 (121.129) 2026.02.02 20:53:42 스크랩 조회 343 추천 0 댓글 6,0,343,2026.02.02 20:53:42,https://gall.dcinside.com/mgallery/board/view/?id=shinilhs&no=10082&page=8,0.0,0,
schools_20p/신일고__shinilhs.csv,10083,[자유],시험 관련 질문입니다,수학 시험이나 다른 시험들은 선생님들께서 주신 프린트나 교과서에서 변형되서 나오나요? 아니면 외부 문제들도 포함시키시나요? - dc official App,신붕이 (39.7) 2026.02.02 22:17:31 스크랩 조회 306 추천 0 댓글 3,0,306,2026.02.02 22:17:31,https://gall.dcinside.com/mgallery/board/view/?id=shinilhs&no=10083&page=8,0.0,0,
schools_20p/신일고__shinilhs.csv,10081,[자유],진단고사를 망치겠습니다,진단고사 망쳐도 돼요? 그거 영단어장이랑 국어어휘집주는 거 영어는 모르는 단어 몇개만 보고 국어는  10과까지 1회독만해서 어느새부턴가 진단고사 망칠 거 같은 삘이 들기 시작해서 몇주전부터는 그냥 포기하고 어휘 문제 대비하는 거보다 차라리 모고나 다른 공부 하고있는데 이게 맞을까요..?,신붕이 (219.250) 2026.02.02 15:20:39 스크랩 조회 455 추천 0 댓글 17,0,455,2026.02.02 15:20:39,https://gall.dcinside.com/mgallery/board/view/?id=shinilhs&no=10081&page=8,0.0,0,
schools_20p/신일고__shinilhs.csv,10079,[자유],틀딱 56기임 질문받음,ㅈㄱㄴ,신붕이 (112.153) 2026.02.02 06:56:00 스크랩 조회 305 추천 0 댓글 2,0,305,2026.02.02 06:56:00,https://gall.dcinside.com/mgallery/board/view/?id=shinilhs&no=10079&page=8,0.73,1,틀딱
schools_20p/신일고__shinilhs.csv,10078,[자유],선배님들 수학학원 어디 다녀야해요??,지금 다니던 학원에는 다 일반고 애들밖에 없어서 신일고 다니는 사람 많은 학원으로 가고 싶은데 어디로 가야되냐요??,신붕이 (220.65) 2026.02.02 00:30:31 스크랩 조회 410 추천 0 댓글 9,0,410,2026.02.02 00:30:31,https://gall.dcinside.com/mgallery/board/view/?id=shinilhs&no=10078&page=8,0.0,0,
schools_20p/신일고__shinilhs.csv,10080,[자유],솔직히 신일은 선덕 미만 아님?,.,선붕이 (118.235) 2026.02.02 15:08:32 스크랩 조회 658 추천 2 댓글 16,2,658,2026.02.02 15:08:32,https://gall.dcinside.com/mgallery/board/view/?id=shinilhs&no=10080&page=8,0.0,0,
schools_20p/신일고__shinilhs.csv,10077,[자유],이거 뭐냐,귀욤준우(2013),신붕이 (58.233) 2026.02.01 19:37:55 스크랩 조회 520 추천 13 댓글 3,13,520,2026.02.01 19:37:55,https://gall.dcinside.com/mgallery/board/view/?id=shinilhs&no=10077&page=8,0.0,0,
schools_20p/신일고__shinilhs.csv,10076,[자유],"재수 생각하는 57, 58기 참고 들어라",- dc official App,서신 2026.02.01 12:19:15 스크랩 조회 439 추천 2 댓글 3,2,439,2026.02.01 12:19:15,https://gall.dcinside.com/mgallery/board/view/?id=shinilhs&no=10076&page=8,0.0,0,
schools_20p/신일고__shinilhs.csv,10075,[자유],신일고 이런 허접한 학교에 볼게 뭐가 있다고 ㅋㅋㅋ,,. (106.101) 2026.01.31 19:33:24 스크랩 조회 866 추천 14 댓글 3,14,866,2026.01.31 19:33:24,https://gall.dcinside.com/mgallery/board/view/?id=shinilhs&no=10075&page=8,0.0,0,
schools_20p/신일고__shinilhs.csv,10074,[자유],다음주에 학교 가요?,ㅈㄱㄴ,신붕이 (211.177) 2026.01.31 13:44:13 스크랩 조회 236 추천 1 댓글 1,1,236,2026.01.31 13:44:13,https://gall.dcinside.com/mgallery/board/view/?id=shinilhs&no=10074&page=8,0.0,0,
schools_20p/신일고__shinilhs.csv,10072,[자유],신일고 60기ㅣ,진단고사 준비 삼아 2025 국영수 고1 모고 풀어봤는데 all 1등급 떴어요ㅕ 전교권 가능 한가요ㅕ?,신붕이 (58.142) 2026.01.30 02:55:13 스크랩 조회 410 추천 3 댓글 4,3,410,2026.01.30 02:55:13,https://gall.dcinside.com/mgallery/board/view/?id=shinilhs&no=10072&page=8,0.0,0,
schools_20p/신일고__shinilhs.csv,10073,[자유],신일고 졸업생입니다,질문 있으면 답해드림,신붕이 (221.143) 2026.01.30 19:41:11 스크랩 조회 624 추천 9 댓글 21,9,624,2026.01.30 19:41:11,https://gall.dcinside.com/mgallery/board/view/?id=shinilhs&no=10073&page=8,0.0,0,
schools_20p/신일고__shinilhs.csv,10071,[질문],선배님들,야자 시간에 인강 글을 수 있나요? 그리고 선배님들은 주로 야자시간에 뭐하시나요?,신붕이 (220.65) 2026.01.29 23:52:45 스크랩 조회 256 추천 0 댓글 1,0,256,2026.01.29 23:52:45,https://gall.dcinside.com/mgallery/board/view/?id=shinilhs&no=10071&page=9,0.0,0,
schools_20p/신일고__shinilhs.csv,10070,[자유],내신 50등대,"현 59기입니다. 1학년 1학기 종합이 100등이었는데 2학기때 50등대까지올렸습니다. 이대로 내신 유지하면 국숭세단, 잘하면 건동홍 라인까지 노려볼수있나요? 형님들 조언 부탁드립니다",신붕이 (106.101) 2026.01.29 13:09:11 스크랩 조회 416 추천 1 댓글 3,1,416,2026.01.29 13:09:11,https://gall.dcinside.com/mgallery/board/view/?id=shinilhs&no=10070&page=9,0.0,0,
schools_20p/신일고__shinilhs.csv,10068,[자유],완장없제? 로가리슴 달린다 ㅋㅋㅋㅋ,공부 진짜 열심히 달릴거다 ㅋㅋㅋ - dc official App,ㅇㅇ (211.168) 2026.01.27 20:15:24 스크랩 조회 644 추천 12 댓글 4,12,644,2026.01.27 20:15:24,https://gall.dcinside.com/mgallery/board/view/?id=shinilhs&no=10068&page=9,0.0,0,
schools_20p/신일고__shinilhs.csv,10067,[자유],망할까봐 너무 무섭습니다,신일고 이번에 들어가는 입학생인데요. 지금 고1 모의고사가 수학은 2~3 영어랑 국어는 1~2가 왔다갔다 나오는데요... 워낙 자사고인지라 막 학력평가 올 1등급으로 들어오는 사람도 엄청 많다고 들었는데요 지금 잘 버틸 수 있을 지가 너무 무섭습니다... 열심히해도 격차 안 따라잡힐 정도로 빡세나요?,신붕이 (219.250) 2026.01.26 23:00:47 스크랩 조회 456 추천 1 댓글 8,1,456,2026.01.26 23:00:47,https://gall.dcinside.com/mgallery/board/view/?id=shinilhs&no=10067&page=9,0.0,0,
schools_20p/신일고__shinilhs.csv,10066,[자유],형주형 왜  그런선택을,형주가 아깝다ㄹㅇ,신붕이 (118.32) 2026.01.26 21:57:23 스크랩 조회 324 추천 2 댓글 0,2,324,2026.01.26 21:57:23,https://gall.dcinside.com/mgallery/board/view/?id=shinilhs&no=10066&page=9,0.0,0,
schools_20p/신일고__shinilhs.csv,10065,[자유],2학년 수학 내신 많이빡센가요,막 수능 킬러까지 풀 수 있어야 할 정도는 아니죠..?,신붕이 (211.168) 2026.01.26 19:34:15 스크랩 조회 289 추천 0 댓글 1,0,289,2026.01.26 19:34:15,https://gall.dcinside.com/mgallery/board/view/?id=shinilhs&no=10065&page=9,0.0,0,
schools_20p/신일고__shinilhs.csv,10069,[자유],신일고 진단고사 꼭 잘보고싶습니다.,제가 이번에 신일고에 들어가는데 진다고사를 잘보고싶습니다. 그래서 그런데 신일 진단고사의 관한 정보를 알려주세요. 과목당 몇문제씩 보는지 알려주세요 신일고 brochure(안내소책자)에는 시간이 50분대로 나와있어서 그럼 몇문제 정도 보는건지 궁금합니다!,신붕이 (175.214) 2026.01.28 23:47:26 스크랩 조회 452 추천 2 댓글 16,2,452,2026.01.28 23:47:26,https://gall.dcinside.com/mgallery/board/view/?id=shinilhs&no=10069&page=9,0.0,0,
schools_20p/신일고__shinilhs.csv,10064,[자유],58기,57기인데 작년에 시대인재과탐이랑 여러가지 모의고사들 수시충이라 많이 남았는데 졸업식때 선생님한테 전달하면 받을 의향있음? - dc official App,신붕이 (211.202) 2026.01.26 13:38:21 스크랩 조회 293 추천 2 댓글 2,2,293,2026.01.26 13:38:21,https://gall.dcinside.com/mgallery/board/view/?id=shinilhs&no=10064&page=9,0.0,0,
schools_20p/신일고__shinilhs.csv,10063,[자유],그냥 궁금한건데,신일고 야구잠바 입고다니는 사람 많나..,신붕이 (222.101) 2026.01.24 23:57:43 스크랩 조회 360 추천 0 댓글 8,0,360,2026.01.24 23:57:43,https://gall.dcinside.com/mgallery/board/view/?id=shinilhs&no=10063&page=9,0.0,0,
schools_20p/신일고__shinilhs.csv,10062,[자유],국어공부,이거어떻게하는거냐 58기라 이제수능준비해야하는데 인강누구들을지도 모르겠고 인강도 깔짝했는데 하나도 체화못하겠다야 신일고 국어고트들좀 도와줘라 - dc official App,신붕이 (104.28) 2026.01.23 17:44:50 스크랩 조회 562 추천 4 댓글 16,4,562,2026.01.23 17:44:50,https://gall.dcinside.com/mgallery/board/view/?id=shinilhs&no=10062&page=9,0.0,0,
schools_20p/신일고__shinilhs.csv,10058,[질문],신일고에 들어가는 과학노베 예비 고1,신일고 과학 많이 빡센가요? 제가 다른 과목에 비해 과학 공부를 많이 안 해놔서 지금 통합과학 1/2 정도만 하고있는데 혹시 교과서가 막 정해져있지않고 자주 바뀌고 그러나요....?,신붕이 (219.250) 2026.01.23 01:20:56 스크랩 조회 328 추천 0 댓글 5,0,328,2026.01.23 01:20:56,https://gall.dcinside.com/mgallery/board/view/?id=shinilhs&no=10058&page=9,0.0,0,
schools_20p/신일고__shinilhs.csv,10060,[자유],형들,나 피어싱이 있는데 학교내에서 걸리면 벌점인가..?,신나 (121.128) 2026.01.23 04:11:23 스크랩 조회 304 추천 1 댓글 5,1,304,2026.01.23 04:11:23,https://gall.dcinside.com/mgallery/board/view/?id=shinilhs&no=10060&page=9,0.0,0,
schools_20p/신일고__shinilhs.csv,10061,[질문],교과서 없는데 수업 어케하노,2.4,신붕이 (112.218) 2026.01.23 12:05:01 스크랩 조회 300 추천 0 댓글 2,0,300,2026.01.23 12:05:01,https://gall.dcinside.com/mgallery/board/view/?id=shinilhs&no=10061&page=9,0.0,0,
schools_20p/신일고__shinilhs.csv,10059,[자유],신일고 개학,"1, 2학년은 언제임?",신붕이 (218.51) 2026.01.23 03:48:14 스크랩 조회 228 추천 0 댓글 1,0,228,2026.01.23 03:48:14,https://gall.dcinside.com/mgallery/board/view/?id=shinilhs&no=10059&page=9,0.0,0,
schools_20p/신일고__shinilhs.csv,10057,[자유],형들,"이번에 입학하는데 1학기때 공통수학1,2를 수학a,수학b 로 나워서둘다하나요? 아니면 1학기땐 공통수학1하고 2학기때는 공통수학2를 하는건가요?",홀리씨 (118.235) 2026.01.22 18:31:12 스크랩 조회 223 추천 0 댓글 1,0,223,2026.01.22 18:31:12,https://gall.dcinside.com/mgallery/board/view/?id=shinilhs&no=10057&page=9,0.0,0,
schools_20p/신일고__shinilhs.csv,10056,[자유],선배님들 이번에 신일고 입학하는데,내신 빡센가요ㅕ?.. 1. 하는만큼 나오는지가 궁금해요!,몰ㄹ리 (121.128) 2026.01.21 12:12:21 스크랩 조회 341 추천 1 댓글 4,1,341,2026.01.21 12:12:21,https://gall.dcinside.com/mgallery/board/view/?id=shinilhs&no=10056&page=9,0.0,0,
schools_20p/신일고__shinilhs.csv,10055,[질문],선배님들~,"선배님들. 신일 예비 고1입니다. 1학년 영어 부교재가 정확히 무엇인지 궁금합니다. '올림포스 독해'라는데, EBS 올림포스 영어독해 기본 1, 2 인지, EBS 올림포스 전국연합학력평가 기출문제집 영어독해(고1) 인지, 궁금합니다.",신붕이 (211.49) 2026.01.21 02:05:01 스크랩 조회 326 추천 0 댓글 5,0,326,2026.01.21 02:05:01,https://gall.dcinside.com/mgallery/board/view/?id=shinilhs&no=10055&page=9,0.0,0,
schools_20p/신일고__shinilhs.csv,10053,[자유],선배님들,신일고 합격한 예비고1이여서 수학학원을 다녀야하는데 여기분들 말로는 앤콕 원장쌤 반을 들으시라는데 엔콕학원이 강북관을 말씀하시는건가요 성북관을 말씀하시는건가요? 지금 바로 다닐 수 있나요?,홀리 (58.142) 2026.01.18 23:45:02 스크랩 조회 314 추천 1 댓글 1,1,314,2026.01.18 23:45:02,https://gall.dcinside.com/mgallery/board/view/?id=shinilhs&no=10053&page=9,0.0,0,
schools_20p/신일고__shinilhs.csv,10052,[질문],53기 졸업생인데 요즘 신일고 어떰?,입결 잘 나오나 나때는 설대생이 지균 제외하고 없었는데,신붕이 (221.143) 2026.01.17 00:27:48 스크랩 조회 475 추천 0 댓글 4,0,475,2026.01.17 00:27:48,https://gall.dcinside.com/mgallery/board/view/?id=shinilhs&no=10052&page=9,0.0,0,
schools_20p/신일고__shinilhs.csv,10049,[자유],58기 신붕이들아,사탐같은거 버리고 과탐 투과목으로 설의를 쟁취하자. - dc official App,신붕이 (211.235) 2026.01.15 21:58:08 스크랩 조회 445 추천 18 댓글 0,18,445,2026.01.15 21:58:08,https://gall.dcinside.com/mgallery/board/view/?id=shinilhs&no=10049&page=9,0.0,0,
schools_20p/신일고__shinilhs.csv,10050,[자유],선배님들,수학은 미래탐구 vs 앤콕 어디가 좋을까요ㅕㅕ,홀리 (121.128) 2026.01.16 00:27:37 스크랩 조회 342 추천 2 댓글 5,2,342,2026.01.16 00:27:37,https://gall.dcinside.com/mgallery/board/view/?id=shinilhs&no=10050&page=9,0.0,0,
schools_20p/신일고__shinilhs.csv,10054,[질문],일주일 학교 등교,정상수업하나용,신붕이 (112.218) 2026.01.20 15:44:52 스크랩 조회 267 추천 0 댓글 1,0,267,2026.01.20 15:44:52,https://gall.dcinside.com/mgallery/board/view/?id=shinilhs&no=10054&page=9,0.0,0,
schools_20p/신일고__shinilhs.csv,10051,[자유],신일고 이번에,현역 고대 어느정도 감? 밑에 고대발사기라길래 - dc official App,계속한밤 2026.01.16 13:44:27 스크랩 조회 501 추천 2 댓글 6,2,501,2026.01.16 13:44:27,https://gall.dcinside.com/mgallery/board/view/?id=shinilhs&no=10051&page=9,0.0,0,
schools_20p/신일고__shinilhs.csv,10048,[자유],수학ㅈ노베인데,시발점풀커리부터 타도되나 지금58기긴함 - dc official App,신붕이 (223.38) 2026.01.13 12:30:01 스크랩 조회 459 추천 5 댓글 6,5,459,2026.01.13 12:30:01,https://gall.dcinside.com/mgallery/board/view/?id=shinilhs&no=10048&page=9,0.73,1,시발
schools_20p/신일고__shinilhs.csv,10042,[자유],신일고 학생들 화이팅:),모두 잘될거야:) - dc official App,메가스터디김성은 (211.234) 2026.01.07 12:57:52 스크랩 조회 716 추천 19 댓글 5,19,716,2026.01.07 12:57:52,https://gall.dcinside.com/mgallery/board/view/?id=shinilhs&no=10042&page=9,0.0,0,
schools_20p/신일고__shinilhs.csv,10043,[자유],안녕하십니까 6대주딱입니다,전 주딱 서신형님이 공부에 집중하신다하여 제가 신일고 6대주딱을 맡게되었습니다. 궁금하신것들은 댓글로 질문해주시면 감사하겠습니다 잘 부탁드립니다 - dc official App,기다려라각오해라 2026.01.10 01:19:56 스크랩 조회 490 추천 24 댓글 1,24,490,2026.01.10 01:19:56,https://gall.dcinside.com/mgallery/board/view/?id=shinilhs&no=10043&page=9,0.0,0,
schools_20p/신일고__shinilhs.csv,10040,[자유],형들,중3인데 수학학원 추천해줄 수 있어ㅓㅓ..?,Fg (121.128) 2026.01.07 00:31:22 스크랩 조회 334 추천 0 댓글 4,0,334,2026.01.07 00:31:22,https://gall.dcinside.com/mgallery/board/view/?id=shinilhs&no=10040&page=9,0.0,0,
schools_20p/신일고__shinilhs.csv,10038,[자유],졸업식 시간,졸업예배랑 졸업식 몇시야? 그리고 얼마나 해?,신붕이 (106.101) 2026.01.05 22:49:13 스크랩 조회 281 추천 1 댓글 0,1,281,2026.01.05 22:49:13,https://gall.dcinside.com/mgallery/board/view/?id=shinilhs&no=10038&page=9,0.0,0,
schools_20p/신일고__shinilhs.csv,10041,[자유],55기 서울대 선배님 ㄷㄷ,마인드 GOAT,신붕이 (221.138) 2026.01.07 03:42:29 스크랩 조회 767 추천 14 댓글 0,14,767,2026.01.07 03:42:29,https://gall.dcinside.com/mgallery/board/view/?id=shinilhs&no=10041&page=9,0.0,0,
schools_20p/신일고__shinilhs.csv,10039,[자유],선배님들 신일고 진단고사,중3인데요 신일고 합격해서요.. 선배님들 진단고사 많이 어렵나요?,신붕이 (121.128) 2026.01.07 00:28:54 스크랩 조회 480 추천 0 댓글 3,0,480,2026.01.07 00:28:54,https://gall.dcinside.com/mgallery/board/view/?id=shinilhs&no=10039&page=9,0.0,0,
schools_20p/신일고__shinilhs.csv,10037,[자유],신일고 입결,올해 수능본 학생들 입결은 어때? 수시 많이갔음?,신붕이 (125.186) 2026.01.05 21:48:15 스크랩 조회 489 추천 0 댓글 3,0,489,2026.01.05 21:48:15,https://gall.dcinside.com/mgallery/board/view/?id=shinilhs&no=10037&page=9,0.0,0,
schools_20p/신일고__shinilhs.csv,10036,[자유],여기 내신 어때,내신 어려워 ??  특히 어려운 과목이 있을까  생기부는 잘 써 주는지,신붕이 (175.119) 2026.01.03 00:26:39 스크랩 조회 464 추천 0 댓글 3,0,464,2026.01.03 00:26:39,https://gall.dcinside.com/mgallery/board/view/?id=shinilhs&no=10036&page=9,0.0,0,
schools_20p/신일고__shinilhs.csv,10035,[자유],신붕들아,새해복 많이 받아라 - dc official App,신붕이 (61.72) 2026.01.01 20:01:17 스크랩 조회 370 추천 6 댓글 2,6,370,2026.01.01 20:01:17,https://gall.dcinside.com/mgallery/board/view/?id=shinilhs&no=10035&page=9,0.0,0,
schools_20p/신일고__shinilhs.csv,10034,[자유],하야하겠습니다,"신마갤 파딱으로 완장 생활을 시작한지 어언 2년이 지났습니다. 신일고 재야의 언론이자 건설적 토론의 장인 신마갤을 관리하며 나름대로 큰 뿌듯함과 내적 성장을 이룰 수 있었습니다. 주딱 재임 기간이 1여 년에 육박한 이 시점에서 애석하게도 저는 재수 결정을 하게 되었습니다. 관습적으로 주딱은 신일고 졸업과 무관하게 수험기간 끝까지 재임할 수 있으나, 저는 일신상의 사정으로 더 이상 갤러리 관리에 힘을 쏟을 수 없다고 판단하여 오늘 자로 하야하겠습니다. 권한을 이임받을 6대 주딱이 곧 인사 올릴 것입니다. 새해 복 많이 받으시고, 한 해 원하는 바 꼭 이루시길 바랍니다. 서신 올림. - dc official App",서신 2026.01.01 10:50:26 스크랩 조회 741 추천 17 댓글 10,17,741,2026.01.01 10:50:26,https://gall.dcinside.com/mgallery/board/view/?id=shinilhs&no=10034&page=9,0.0,0,
schools_20p/신일고__shinilhs.csv,10033,[자유],이번 백운제,졸업전 57기인데 3년 동안 봤던 백운제중 가장 재밌었다 진짜 학생회 일 한번 뒤지게 잘하네,신붕이 (180.80) 2025.12.27 00:09:37 스크랩 조회 951 추천 14 댓글 2,14,951,2025.12.27 00:09:37,https://gall.dcinside.com/mgallery/board/view/?id=shinilhs&no=10033&page=9,0.0,0,
schools_20p/신일고__shinilhs.csv,10032,[자유],학생 이메일이랑 비번 까먹었어,shinil+입학년도+학번@ +어쩌고 이런식이었던 것 같은데 이메일이랑 비번 좀 알려주세요,ㅇㅇ (180.229) 2025.12.26 16:09:04 스크랩 조회 279 추천 0 댓글 0,0,279,2025.12.26 16:09:04,https://gall.dcinside.com/mgallery/board/view/?id=shinilhs&no=10032&page=9,0.0,0,
schools_20p/신일고__shinilhs.csv,10031,[자유],57기 -틀-도 백운제 구경갈수있음?,,AMNH_5866 2025.12.25 15:47:03 스크랩 조회 544 추천 5 댓글 3,5,544,2025.12.25 15:47:03,https://gall.dcinside.com/mgallery/board/view/?id=shinilhs&no=10031&page=9,0.0,0,
schools_20p/신일고__shinilhs.csv,10030,[자유],혹시 내일 교복 입고 와야하나요?,아무나 ㅈㅂ 알려주세용ㅠㅠ,신붕이 (118.235) 2025.12.25 15:33:17 스크랩 조회 439 추천 3 댓글 5,3,439,2025.12.25 15:33:17,https://gall.dcinside.com/mgallery/board/view/?id=shinilhs&no=10030&page=9,0.0,0,
schools_20p/신일고__shinilhs.csv,10028,[자유],수학 문제집 뭐가낫나요,예비고2입니다 쎈 자이 난이도 비슷해보여서 고민중인데 그냥 학원들 따라서 쎈이나 푸는게 맞을까요,신붕이 (1.229) 2025.12.24 20:07:37 스크랩 조회 393 추천 0 댓글 1,0,393,2025.12.24 20:07:37,https://gall.dcinside.com/mgallery/board/view/?id=shinilhs&no=10028&page=9,0.0,0,
schools_20p/신일고__shinilhs.csv,10029,[질문],내일 별관여나요?,ㅇㅇㅇ,신붕이 (121.160) 2025.12.24 22:29:57 스크랩 조회 344 추천 3 댓글 3,3,344,2025.12.24 22:29:57,https://gall.dcinside.com/mgallery/board/view/?id=shinilhs&no=10029&page=9,0.0,0,
schools_20p/신일고__shinilhs.csv,10027,[자유],축제날,사복입어도 되나요?,신붕이 (203.229) 2025.12.24 00:11:47 스크랩 조회 318 추천 1 댓글 0,1,318,2025.12.24 00:11:47,https://gall.dcinside.com/mgallery/board/view/?id=shinilhs&no=10027&page=9,0.0,0,
schools_20p/신일고__shinilhs.csv,10026,[자유],질문,문과면 이과보다 대학가기 쉽나요?,신붕이 (211.168) 2025.12.23 13:46:07 스크랩 조회 400 추천 0 댓글 4,0,400,2025.12.23 13:46:07,https://gall.dcinside.com/mgallery/board/view/?id=shinilhs&no=10026&page=9,0.0,0,
schools_20p/신일고__shinilhs.csv,10025,[자유],백운제 티켓,외부인 축제 들어갈려면 티켓있어야함? 티켓어디서 구함 AI 이미지가 생성되었습니다. 새로고침(F5) 해 주세요. 프롬프트 . 네거티브 프롬프트 샘플링 DPM++ 2M,ㅇㅇ (211.169) 2025.12.23 08:32:44 스크랩 조회 457 추천 0 댓글 3,0,457,2025.12.23 08:32:44,https://gall.dcinside.com/mgallery/board/view/?id=shinilhs&no=10025&page=9,0.0,0,
schools_20p/신일고__shinilhs.csv,10022,[자유],백운제 질문,예비고1인데 가도되나요??,신붕이 (106.101) 2025.12.21 16:17:43 스크랩 조회 438 추천 1 댓글 1,1,438,2025.12.21 16:17:43,https://gall.dcinside.com/mgallery/board/view/?id=shinilhs&no=10022&page=9,0.0,0,
schools_20p/신일고__shinilhs.csv,10024,[질문],2월 4일 개학,고1인 상태로 수업듣는거?,신붕이 (211.168) 2025.12.22 13:40:26 스크랩 조회 338 추천 1 댓글 1,1,338,2025.12.22 13:40:26,https://gall.dcinside.com/mgallery/board/view/?id=shinilhs&no=10024&page=9,0.0,0,
schools_20p/신일고__shinilhs.csv,10021,[자유],ㅅㅎㅈ 선생님,아무리 그래도 학생한테 말하는 어투가 4가지가 없으신데. ㅅㅎㅈ가 폰보다가 학생 모르는거 질문하면 한숨 푹 쉬고 띠껍게 말하심. 비난하려는건 아니고 님들은 ㅅㅎㅈ선생님 어떻게 생각하니?,신붕이 (14.39) 2025.12.21 11:15:13 스크랩 조회 1574 추천 24 댓글 32,24,1574,2025.12.21 11:15:13,https://gall.dcinside.com/mgallery/board/view/?id=shinilhs&no=10021&page=9,0.0,0,
schools_20p/신일고__shinilhs.csv,10020,[자유],59기 과탐,방학때 어느정도 까지 해놔야함?,신붕이 (14.39) 2025.12.20 16:35:00 스크랩 조회 524 추천 0 댓글 8,0,524,2025.12.20 16:35:00,https://gall.dcinside.com/mgallery/board/view/?id=shinilhs&no=10020&page=9,0.0,0,
schools_20p/신일고__shinilhs.csv,10019,[자유],솔직히,솔직히 목사님 가스라이팅 너무 심하다고 생각해요오.....,신붕이 (211.234) 2025.12.19 15:05:26 스크랩 조회 831 추천 14 댓글 7,14,831,2025.12.19 15:05:26,https://gall.dcinside.com/mgallery/board/view/?id=shinilhs&no=10019&page=9,0.0,0,
schools_20p/신일고__shinilhs.csv,10018,[자유],백운제 일정 아시는분,공유좀 해주세요,신붕이 (211.168) 2025.12.17 12:13:29 스크랩 조회 357 추천 0 댓글 0,0,357,2025.12.17 12:13:29,https://gall.dcinside.com/mgallery/board/view/?id=shinilhs&no=10018&page=9,0.0,0,
schools_20p/신일고__shinilhs.csv,10016,[자유],성적 관련 질문,이번에 진짜 성적이 진짜 박았는데 5등급제 2.1등급인데 대학 어디까지 가능할까요.. 성적 관해 비난은 삼가해주시면 감사하겠습니다..,신붕이 (112.212) 2025.12.15 16:36:33 스크랩 조회 722 추천 4 댓글 3,4,722,2025.12.15 16:36:33,https://gall.dcinside.com/mgallery/board/view/?id=shinilhs&no=10016&page=9,0.0,0,
schools_20p/신일고__shinilhs.csv,10012,[자유],2학년 독서,1컷어느정도임 70점후반이면 1안뜨겠지? - dc official App,신붕이 (211.241) 2025.12.13 08:54:09 스크랩 조회 407 추천 0 댓글 0,0,407,2025.12.13 08:54:09,https://gall.dcinside.com/mgallery/board/view/?id=shinilhs&no=10012&page=10,0.0,0,
schools_20p/신일고__shinilhs.csv,10006,[자유],챗물리T 190000,,ㅇㅇ (106.101) 2025.12.11 11:02:02 스크랩 조회 357 추천 0 댓글 0,0,357,2025.12.11 11:02:02,https://gall.dcinside.com/mgallery/board/view/?id=shinilhs&no=10006&page=10,0.0,0,
schools_20p/신일고__shinilhs.csv,10010,[질문],형님들,신일 떨어져서 전입 생각중인데 신일고로 전입은 많이 어렵나요,신붕이 (124.61) 2025.12.12 16:23:41 스크랩 조회 522 추천 2 댓글 4,2,522,2025.12.12 16:23:41,https://gall.dcinside.com/mgallery/board/view/?id=shinilhs&no=10010&page=10,0.0,0,
schools_20p/신일고__shinilhs.csv,10011,[자유],학비,1년학비가 얼마임?,신붕이 (106.101) 2025.12.12 23:36:21 스크랩 조회 389 추천 0 댓글 1,0,389,2025.12.12 23:36:21,https://gall.dcinside.com/mgallery/board/view/?id=shinilhs&no=10011&page=10,0.0,0,
schools_20p/신일고__shinilhs.csv,10014,[자유],26학년도 다함께 외쳐보자 대신일,2026 광역단위자사고 경쟁률 결과 1등 이화여고 2등 신일고 남 자사고 기준으로는 1등 여 자사고로는 유일한 이화라서 선택권이 많은 남 자사고들로 흩어지는거 생각하면 못 이기는건 사실상 당연하지만 57기~60기 선발까지 지속적인 경쟁률 상승은 의미가 있는듯 아마도 서울주요대학 정시내신반영하는게 크지 않을까 싶음 내신을 챙기되 정시공부도 하며 강남8학군 처럼 빡세지 않은 곳 찾으려고 신일로 많이 몰리는듯 합격자발표 떴던데 붙은 60기들 축하ㅎ 반박시 니말이 다 맞음,신붕이 (172.233) 2025.12.13 16:30:05 스크랩 조회 1190 추천 13 댓글 7,13,1190,2025.12.13 16:30:05,https://gall.dcinside.com/mgallery/board/view/?id=shinilhs&no=10014&page=10,0.0,0,
schools_20p/신일고__shinilhs.csv,10007,[자유],1학년 국어과,"갑자기 생각난건데, 글쓰기 수행 ㅅㅎㄹ이 채점하는 애들은 점수 후하게 주고, ㅅㅎㅈ가 채점하는 애들은 점수 좀 많이 깎였다는데, 특히 6반 팩튼가여??",신붕이 (112.212) 2025.12.11 13:47:01 스크랩 조회 879 추천 3 댓글 6,3,879,2025.12.11 13:47:01,https://gall.dcinside.com/mgallery/board/view/?id=shinilhs&no=10007&page=10,0.0,0,
schools_20p/신일고__shinilhs.csv,10008,[자유],시간빠르다,입학한게 어제인거 같은데 벌써 1학년끝났네 금방 수능오겠다,신붕이 (203.229) 2025.12.12 11:58:56 스크랩 조회 384 추천 1 댓글 3,1,384,2025.12.12 11:58:56,https://gall.dcinside.com/mgallery/board/view/?id=shinilhs&no=10008&page=10,0.0,0,
schools_20p/신일고__shinilhs.csv,10015,[자유],콜롬비나 재료,시험끝나고 원신 파고 있을 신붕이들 아마 콜롬비나 존버하고 있을텐데 재료 찌라시 알려드림 o(｀ω´ )o 1시간정도 서칭해봤는데 이게 기정 사실인듯,신붕이 (112.212) 2025.12.15 01:11:17 스크랩 조회 1059 추천 6 댓글 6,6,1059,2025.12.15 01:11:17,https://gall.dcinside.com/mgallery/board/view/?id=shinilhs&no=10015&page=10,0.0,0,
schools_20p/신일고__shinilhs.csv,10005,[자유],오싹오싹 신일괴담...jpg,2010년 7월 위 내용으로 '고통감내능력'을 테스트할 아르바이트를 뽑는다는 글이 올라온다 급여는 무려 '일' 5천만원... 그런데 내용을 보면 섬뜩하기 그지없는데 건장한 남성도 종종 의식을 잃을 정도의 28단계 고통을 준다는 내용은 누가봐도 고문 을 연상시켰고 신체적 후유증이 남지 않는다는 것이 심히 의심스러우며 '숙련된 의료진'이 진짜 전문가일지도 미지수... 하지만 검색을 해보면 '신일의과대학교'라는 지잡 스러운 대학 은 세상에 존재하지 않고 정황상 누군가가 장난으로 쓴 글일 것이 확실하지만 그럼에도 내용이 꽤나 섬뜩하고 무엇보다 '신일'이라는 네이밍이 익숙해서 더욱 괴이하다ㅠ 그래도 일 5천만원이면 신일의과대학이든 선덕의과대학이든 닥치고 달려가서 알바뛸거 같다 ㅇㅇ.,mcthemin 2025.12.10 22:28:57 스크랩 조회 791 추천 4 댓글 2,4,791,2025.12.10 22:28:57,https://gall.dcinside.com/mgallery/board/view/?id=shinilhs&no=10005&page=10,0.73,1,한남
schools_20p/신일고__shinilhs.csv,10004,[자유],59기,기말끝나묜 츄리닝 바지 입고다녀도 되나요?,신붕이 (121.129) 2025.12.10 18:00:54 스크랩 조회 702 추천 0 댓글 8,0,702,2025.12.10 18:00:54,https://gall.dcinside.com/mgallery/board/view/?id=shinilhs&no=10004&page=10,0.0,0,
schools_20p/신일고__shinilhs.csv,10000,[자유],10000번째글,"신일고 마이너 갤러리가 드디어 10000글을 달성했습니다 재밌는 글도 많았고 갈드컵도 많았지만 그래도 즐거웠습니다 지금 기말고사시즌인데 58, 59기들은 기말고사 열심히 끝까지 치뤄서 좋은결과 있기를 바라고 선배님들도 입시에서 좋은 결과 맺길 기도하겠습니다 만글기념으로 12월 12일 오전 8시전까지 댓글에 제 기말고사 독서시험점수를 가장 근접하게 맞춘 신붕이에게 고닉 한정으로 부기를 뿌리겠습니다 - dc official App",기다려라각오해라 2025.12.10 01:35:55 스크랩 조회 896 추천 55 댓글 12,55,896,2025.12.10 01:35:55,https://gall.dcinside.com/mgallery/board/view/?id=shinilhs&no=10000&page=10,0.0,0,
schools_20p/신일고__shinilhs.csv,10002,[자유],고1 영어2컷 예상좀,69~73? AI 이미지가 생성되었습니다. 새로고침(F5) 해 주세요.,신붕이 (14.39) 2025.12.10 12:53:51 스크랩 조회 566 추천 0 댓글 3,0,566,2025.12.10 12:53:51,https://gall.dcinside.com/mgallery/board/view/?id=shinilhs&no=10002&page=10,0.0,0,
schools_20p/신일고__shinilhs.csv,9999,[자유],2학기 기말고사,다들 화이팅입니다 - dc official App,신붕이 (223.38) 2025.12.10 01:22:14 스크랩 조회 372 추천 3 댓글 0,3,372,2025.12.10 01:22:14,https://gall.dcinside.com/mgallery/board/view/?id=shinilhs&no=9999&page=10,0.0,0,
schools_20p/신일고__shinilhs.csv,9997,[자유],도서관 책 다른 사람이 대신 반납해주는거 가능함?,ㅈㄱㄴ - dc official App,서신 2025.12.09 21:53:23 스크랩 조회 247 추천 0 댓글 2,0,247,2025.12.09 21:53:23,https://gall.dcinside.com/mgallery/board/view/?id=shinilhs&no=9997&page=10,0.0,0,
schools_20p/신일고__shinilhs.csv,9998,[자유],ㅅ예비고1,원래 중2때까지 공부 안하다가 중3때부터 조금씩 하고 이제 미친듯이 달리려하는데 혹시 신일고 많이 어려울까요? 이미 합격하긴 했는데 조언 부탁드림다,신붕이 (106.101) 2025.12.10 00:31:29 스크랩 조회 377 추천 0 댓글 2,0,377,2025.12.10 00:31:29,https://gall.dcinside.com/mgallery/board/view/?id=shinilhs&no=9998&page=10,0.0,0,
schools_20p/신일고__shinilhs.csv,9996,[자유],1-7반 님들,"시험끝나고 집가는 길에 님들 반에서 말소리 들려서 살짝 들었는데, 누구 단체로 쌍욕박던데 뭔일 있음?",및및및 (112.212) 2025.12.09 19:29:24 스크랩 조회 608 추천 5 댓글 5,5,608,2025.12.09 19:29:24,https://gall.dcinside.com/mgallery/board/view/?id=shinilhs&no=9996&page=10,0.0,0,
schools_20p/신일고__shinilhs.csv,9994,[자유],1학년 통합사회,1컷 2컷 몇점인지 예측해주실분,신붕이 (106.101) 2025.12.09 18:03:07 스크랩 조회 404 추천 0 댓글 4,0,404,2025.12.09 18:03:07,https://gall.dcinside.com/mgallery/board/view/?id=shinilhs&no=9994&page=10,0.0,0,
schools_20p/신일고__shinilhs.csv,9995,[자유],(58기) 이번 시험은 벌써부터 유독 일이 많은것 같네,수학 27문제 프린트 범벅시험에 문항오류 영어 난이도 핵불 - 이건 뭐 수능기조가 어려웟으니 그런건가 싶고 영어 답지 오류- 날짜는 오늘인데 1학기 답안지 순간 흠칫 화학도 7번문항 답지오류 얘기 나오는거보면 선생님들도 몇십번씩 검토하실텐데 놓치시는 부분들이 많구나 생각함 비난x 항상 화이팅 하십쇼 모든과목 선생님들!!,신붕이 (172.233) 2025.12.09 19:22:09 스크랩 조회 746 추천 23 댓글 1,23,746,2025.12.09 19:22:09,https://gall.dcinside.com/mgallery/board/view/?id=shinilhs&no=9995&page=10,0.0,0,
schools_20p/신일고__shinilhs.csv,9992,[자유],통합사회 어땠음,검토할시간 없는거 빼면 윤리가 쉬워서 저번시험이랑 비슷했다고 보는데 다들 난리났네 - dc official App,신붕이 (39.7) 2025.12.09 10:45:53 스크랩 조회 370 추천 1 댓글 2,1,370,2025.12.09 10:45:53,https://gall.dcinside.com/mgallery/board/view/?id=shinilhs&no=9992&page=10,0.0,0,
schools_20p/신일고__shinilhs.csv,9991,[자유],영2 답지 존나 식겁했네ㅋㅋㅋㅋㅋ,왜 다틀리노 싶었는데 1학기 기말 답지를 올리시면..,신붕이 (116.46) 2025.12.09 10:01:25 스크랩 조회 399 추천 2 댓글 1,2,399,2025.12.09 10:01:25,https://gall.dcinside.com/mgallery/board/view/?id=shinilhs&no=9991&page=10,0.73,1,존나
schools_20p/신일고__shinilhs.csv,9993,[자유],영어 밀도가 말이 안되네,앤디가 와도 다 못풀겠노,ㅇㅇ (106.101) 2025.12.09 10:50:47 스크랩 조회 515 추천 3 댓글 1,3,515,2025.12.09 10:50:47,https://gall.dcinside.com/mgallery/board/view/?id=shinilhs&no=9993&page=10,0.0,0,
schools_20p/신일고__shinilhs.csv,9990,[자유],신일고 완전 수준 낮지 않냐?,어떻게 단 한 학기조차 날 가르치는걸 성공한 적이 없지?,신붕이 (175.192) 2025.12.08 23:47:56 스크랩 조회 953 추천 17 댓글 3,17,953,2025.12.08 23:47:56,https://gall.dcinside.com/mgallery/board/view/?id=shinilhs&no=9990&page=10,0.0,0,
schools_20p/신일고__shinilhs.csv,9989,[자유],2학년 수학 21번,ㅁ학원 강사가 오류라 했다는데 진짜인가요?,신붕이 (23.154) 2025.12.08 23:46:39 스크랩 조회 571 추천 2 댓글 8,2,571,2025.12.08 23:46:39,https://gall.dcinside.com/mgallery/board/view/?id=shinilhs&no=9989&page=10,0.0,0,
schools_20p/신일고__shinilhs.csv,9988,[자유],사랑하는 신일고 선배님들,이 학교는 50등 이내로 빡세다는데 50등대 40등대 30등대 20등대 10등대 로 대충 나눴을때 구간별로 대학라인 어떻게 되는지 아시나여?,및및및뉴누 (112.212) 2025.12.08 22:48:34 스크랩 조회 474 추천 3 댓글 7,3,474,2025.12.08 22:48:34,https://gall.dcinside.com/mgallery/board/view/?id=shinilhs&no=9988&page=10,0.0,0,
schools_20p/신일고__shinilhs.csv,9986,[자유],화요일에 삼학년 롯데월드 어디어디반가는지 아시는분,알려줘잉,신붕이 (115.161) 2025.12.07 23:25:13 스크랩 조회 365 추천 0 댓글 3,0,365,2025.12.07 23:25:13,https://gall.dcinside.com/mgallery/board/view/?id=shinilhs&no=9986&page=10,0.0,0,
schools_20p/신일고__shinilhs.csv,9987,[자유],이번 1학년 기말 수학 컷,1컷 2컷 예측 해주실 분 구함,신붕이 (112.212) 2025.12.08 15:34:00 스크랩 조회 592 추천 6 댓글 5,6,592,2025.12.08 15:34:00,https://gall.dcinside.com/mgallery/board/view/?id=shinilhs&no=9987&page=10,0.0,0,
schools_20p/신일고__shinilhs.csv,9983,[자유],오늘 학부모분들 간식,쿠키인가 그거 쌔벼가는 놈들은 뭐냐 진짜 ㅋㅋㅋㅋ,신붕이 (222.234) 2025.12.04 23:37:58 스크랩 조회 428 추천 0 댓글 1,0,428,2025.12.04 23:37:58,https://gall.dcinside.com/mgallery/board/view/?id=shinilhs&no=9983&page=10,0.0,0,
schools_20p/신일고__shinilhs.csv,9985,[자유],자유인들아,시험 화이팅 - dc official App,신붕이 (61.72) 2025.12.07 22:40:48 스크랩 조회 241 추천 6 댓글 0,6,241,2025.12.07 22:40:48,https://gall.dcinside.com/mgallery/board/view/?id=shinilhs&no=9985&page=10,0.0,0,
schools_20p/신일고__shinilhs.csv,9982,[자유],신일 vs 계성,계성이랑 비슷한가 아님 후달리나?,신붕이 (121.129) 2025.12.03 17:26:53 스크랩 조회 932 추천 2 댓글 14,2,932,2025.12.03 17:26:53,https://gall.dcinside.com/mgallery/board/view/?id=shinilhs&no=9982&page=10,0.0,0,
schools_20p/신일고__shinilhs.csv,9979,[자유],신일고 지망하는 중3입니다,중학교내내 놀다가 중3말에 정신차리고 달리는중인데 신일고 내신어떤가요,신붕이 (106.101) 2025.11.30 12:35:18 스크랩 조회 736 추천 1 댓글 11,1,736,2025.11.30 12:35:18,https://gall.dcinside.com/mgallery/board/view/?id=shinilhs&no=9979&page=10,0.0,0,
schools_20p/신일고__shinilhs.csv,9981,[자유],학교가 좋아져도 바뀌지 않는 진실,예나 지금이나 선생님별 편차가 너무 큼 과목이든 담임이든,신붕이 (220.116) 2025.12.02 21:41:58 스크랩 조회 987 추천 18 댓글 6,18,987,2025.12.02 21:41:58,https://gall.dcinside.com/mgallery/board/view/?id=shinilhs&no=9981&page=10,0.0,0,
schools_20p/신일고__shinilhs.csv,9978,[질문],작년 1학년,작년 1학년 수학 프린트 있었냐? 집합 더 풀어보고 싶은데,신붕이 (211.44) 2025.11.28 00:21:38 스크랩 조회 540 추천 1 댓글 2,1,540,2025.11.28 00:21:38,https://gall.dcinside.com/mgallery/board/view/?id=shinilhs&no=9978&page=10,0.0,0,
schools_20p/신일고__shinilhs.csv,9975,[자유],씨발.. 이제서야 외쳐본다,ㅇㅅㅈ선생님....보고싶습니다 양 어게인,신붕이 (211.168) 2025.11.26 15:14:48 스크랩 조회 1301 추천 21 댓글 8,21,1301,2025.11.26 15:14:48,https://gall.dcinside.com/mgallery/board/view/?id=shinilhs&no=9975&page=10,0.73,1,씨발
schools_20p/신일고__shinilhs.csv,9973,[자유],2학년부 수학과는 뭐하는곳일까,1학년부는 시험범위 프린트 11월 16일에 발빠르게 pdf파일 배부하는데 2학년부는 뭐 프린트 일찍나눠줬다고 갈구고(심지어 1학년부 프린트 배부일보다 1주 느림) 시험내기 귀찮다고 시험지에 3문제 빼고 다 프린트문제로 도배하고 애들은 지네 생기부 짤릴까봐 프린트 늦게나눠주는 자기 선생한테 얘기도 못하고 그나마 만만한 젊은쌤한테 가서 찡찡대고(물론 다른쌤이랑 상의 안하고 나눠준 잘못이 없다는건 아님) 시험기간 3일 전에 시험범위 프린트 마지막장 나눠주는 선생이 말이 되냐? 프린트 pdf파일도 못뿌리는 시험범위가 말이 되냐? 50분에 28문제 시험이 말이 되냐? 그중에서 25문제가 프린트문제인게 말이 되냐? 이게 진짜 수능준비까지 같이 해준다고 말할 수 있는 자사고의 환경이 맞는거냐? 수능대비까지 같이 해준다고 아가리 존나털더나 정작 내신은 암기식으로 내는 이럼 엠창학교는 자사고 폐지가 맞다고 봄,신붕이 (58.233) 2025.11.25 21:07:55 스크랩 조회 1357 추천 40 댓글 14,40,1357,2025.11.25 21:07:55,https://gall.dcinside.com/mgallery/board/view/?id=shinilhs&no=9973&page=10,0.81,1,"엠창, 존나"
schools_20p/신일고__shinilhs.csv,9974,[질문],사촌동생이 신일고를 지망하는데 정보가 필요합니다. (사례 O),안녕하세요 사촌동생이 신일고를 너무 가고 싶어하여 이번에 신일고를 쓴다고 합니다. 학교에 관련된 정보나 학교 생활 꿀팁을 좀 얻고 싶어서 인터넷에 이것 저것 검색하다가 여기까지 오게 되었네요. 혹시 간단하게 대면 인터뷰 가능하신 신일고 재학생분 계실까요? 사례는 꼭 하겠습니다. 혹시 대면이 너무 부담스러우시면 카카오톡 오픈채팅으로라도 부탁 드립니다... ㅠㅠ,신붕이 (218.237) 2025.11.25 22:48:56 스크랩 조회 735 추천 3 댓글 9,3,735,2025.11.25 22:48:56,https://gall.dcinside.com/mgallery/board/view/?id=shinilhs&no=9974&page=10,0.0,0,
schools_20p/신일고__shinilhs.csv,9972,[질문],3학년 질문좀,12시에 학교 끝나고 1층 자습실 안열어주냐? 열어주면 가끔 가서 공부할거같은데,ㅇㅇ (121.160) 2025.11.25 16:07:10 스크랩 조회 320 추천 2 댓글 0,2,320,2025.11.25 16:07:10,https://gall.dcinside.com/mgallery/board/view/?id=shinilhs&no=9972&page=10,0.0,0,
schools_20p/신일고__shinilhs.csv,9971,[자유],릴스에 신일중 뿌수기 뭐냐,ㄹㅈㄷ,신붕이 (221.145) 2025.11.24 00:33:11 스크랩 조회 715 추천 10 댓글 0,10,715,2025.11.24 00:33:11,https://gall.dcinside.com/mgallery/board/view/?id=shinilhs&no=9971&page=10,0.0,0,
schools_20p/신일고__shinilhs.csv,9970,[자유],여기 교사중에 사이비있냐?,ㅇㅇ 길거리에서 자기 신일고 교사라면서 예수 이야기하더라,ㅇㅇ (211.230) 2025.11.24 00:08:04 스크랩 조회 747 추천 2 댓글 9,2,747,2025.11.24 00:08:04,https://gall.dcinside.com/mgallery/board/view/?id=shinilhs&no=9970&page=10,0.0,0,
schools_20p/신일고__shinilhs.csv,9969,[자유],아이패드 노트앱 뭐가 좋나요,굿노트 많이 쓰던데 이번에 업뎃하고 병신됐다는 말이 들려서 노타빌리티랑 굿노트정도 생각중입니다,신붕이 (1.229) 2025.11.19 21:49:37 스크랩 조회 432 추천 1 댓글 2,1,432,2025.11.19 21:49:37,https://gall.dcinside.com/mgallery/board/view/?id=shinilhs&no=9969&page=10,0.73,1,병신
schools_20p/신일고__shinilhs.csv,9968,[자유],모의고사 질문,"58기인데 영어, 사탐은 1이 항상 나오는데 국어 수학이 모의고사 기준 3,4 고정에서 잘 벗어나지 않는데 희망이 있는 건가요..? 혹시 국어나 수학 팁 같은 거 있을까요 점수를 올리는데 있어서",신붕이 (121.160) 2025.11.18 23:59:10 스크랩 조회 502 추천 2 댓글 3,2,502,2025.11.18 23:59:10,https://gall.dcinside.com/mgallery/board/view/?id=shinilhs&no=9968&page=10,0.0,0,
schools_20p/신일고__shinilhs.csv,9967,[자유],실시간 ㅈ같은 57기들은 개추,전장연때문에 시험 늦춰져서 분노하고 있는 57기는 개추요… 일단 나부터 - dc official App,TSH 2025.11.18 09:27:47 스크랩 조회 590 추천 4 댓글 1,4,590,2025.11.18 09:27:47,https://gall.dcinside.com/mgallery/board/view/?id=shinilhs&no=9967&page=10,0.0,0,
schools_20p/신일고__shinilhs.csv,9965,[자유],수능 끝났다,행복하구만 - dc official App,고감고닉 2025.11.15 14:11:52 스크랩 조회 758 추천 9 댓글 2,9,758,2025.11.15 14:11:52,https://gall.dcinside.com/mgallery/board/view/?id=shinilhs&no=9965&page=10,0.0,0,
schools_20p/신일고__shinilhs.csv,9966,[자유],역대 lg에 신일고 출신 많이 지명되었지만  최근 주전3명은 진짜,한국시리즈 주전 스타팅 10명에 같은 고등학교 있는 경우는 프로 10구단에서도 없지않냐 김현수-박해민-문보경    물론 김현수-박해민은 처음시작부터는 아니지만,ㅇㅇ (118.131) 2025.11.17 09:16:30 스크랩 조회 459 추천 9 댓글 2,9,459,2025.11.17 09:16:30,https://gall.dcinside.com/mgallery/board/view/?id=shinilhs&no=9966&page=10,0.0,0,
schools_20p/신일고__shinilhs.csv,9963,[자유],신일고 1학년,6반 뭐가 문제임? 좀 시끄러운건 알겠는데,신붕이 (211.241) 2025.11.14 23:19:14 스크랩 조회 817 추천 5 댓글 4,5,817,2025.11.14 23:19:14,https://gall.dcinside.com/mgallery/board/view/?id=shinilhs&no=9963&page=10,0.0,0,
schools_20p/신일고__shinilhs.csv,9962,[자유],58기인데 조언 좀 해주십쇼,이제 진짜 1년밖에 안남아서 맘 다잡은 58기 입니다 우선 저는 대학을 서성한 이상으로 가고싶습니다 하지만 저는 지금까지 공부는 커녕 놀기만 했습니다 저의 성적을 말씀드리면 내신은 전문대나 지방대 정도고 모고는 6점대 나옵니다 제가 공부 안한거 맞고 이제와서야 욕심이나서 객기 부리는거라고 생각합니다 그래도 저는 서성한 이상은 가고싶어 용기를 받고자 물어봅니다 이런 제가 지금부터 죽어라 열심히 하면 제가 가고싶은 대학 갈 수 있을까요?,신붕이 (211.235) 2025.11.14 00:52:42 스크랩 조회 716 추천 2 댓글 6,2,716,2025.11.14 00:52:42,https://gall.dcinside.com/mgallery/board/view/?id=shinilhs&no=9962&page=10,0.73,1,죽어
schools_20p/신일고__shinilhs.csv,9961,[자유],수학,59기고 이번겨울에 인강커리 함 타볼라하는데 강사 추천좀 부탁합니다,신붕이 (121.129) 2025.11.13 22:41:28 스크랩 조회 514 추천 2 댓글 4,2,514,2025.11.13 22:41:28,https://gall.dcinside.com/mgallery/board/view/?id=shinilhs&no=9961&page=10,0.0,0,
schools_20p/신일고__shinilhs.csv,9960,[자유],57기인데 학교안가도되냐,걍 집에서 시체놀이하고싶은데 ㅅㅂ.. 암것도하기시름,신붕이 (118.235) 2025.11.13 20:05:28 스크랩 조회 416 추천 1 댓글 1,1,416,2025.11.13 20:05:28,https://gall.dcinside.com/mgallery/board/view/?id=shinilhs&no=9960&page=10,0.73,1,ㅅㅂ
schools_20p/신일고__shinilhs.csv,9959,[자유],수능잘봐라,신붕이들아 기세로 밀고 나가면 충분히 잘 볼 수 있는 시험이야. 공부한 것보다 조금 더 잘 볼 수 있게 기도할게. 화이팅!! - 전 주딱 55기 acho,acho (211.36) 2025.11.13 00:17:21 스크랩 조회 562 추천 13 댓글 1,13,562,2025.11.13 00:17:21,https://gall.dcinside.com/mgallery/board/view/?id=shinilhs&no=9959&page=10,0.0,0,
schools_20p/신일고__shinilhs.csv,9955,[자유],학생회 인스타,일을 안 하는건가 아니면 일이 많아서 못하는건가 한참전 경기를 이제야 올리네 AI 이미지가 생성되었습니다. 새로고침(F5) 해 주세요. 프롬프트 . 네거티브 프롬프트 샘플링 Euler,신붕이 (222.234) 2025.11.11 23:50:56 스크랩 조회 532 추천 5 댓글 4,5,532,2025.11.11 23:50:56,https://gall.dcinside.com/mgallery/board/view/?id=shinilhs&no=9955&page=10,0.0,0,
schools_20p/신일고__shinilhs.csv,9956,[자유],아니근데,시발 지들은 오늘 다 패딩 처입고왔더만 왜 학생들한테만 패딩입을 날씨 아니라 하냐 이제 교사들도 패딩입으면 다 찢어도 되는거임? 57기는 수능 잘보고와 - dc official App,신붕이 (211.36) 2025.11.12 16:11:08 스크랩 조회 924 추천 26 댓글 6,26,924,2025.11.12 16:11:08,https://gall.dcinside.com/mgallery/board/view/?id=shinilhs&no=9956&page=10,0.73,1,시발
schools_20p/신일고__shinilhs.csv,9949,[자유],아멘-동성고-,영훈고 수학여행 사망 사건을 진심으로 애도합니다,신붕이 (211.119) 2025.11.06 12:41:54 스크랩 조회 588 추천 0 댓글 2,0,588,2025.11.06 12:41:54,https://gall.dcinside.com/mgallery/board/view/?id=shinilhs&no=9949&page=11,0.0,0,
schools_20p/신일고__shinilhs.csv,9945,[자유],선배님들이랑 59기 게이들아..,"수학을 존나 못하는데 학원을 못따라가겠어서 끊으려는데 수학은 무조건 학원을 다녀야한데서 고민인데 수학학원을 안다녀도 되는지랑 만약에 다녀야만 한다면 살짝 3,4등급대의 시선에서 개념부터 확실하게 잡아주는 학원좀 알려주십쇼..",신붕이 (211.234) 2025.11.02 23:20:50 스크랩 조회 893 추천 7 댓글 9,7,893,2025.11.02 23:20:50,https://gall.dcinside.com/mgallery/board/view/?id=shinilhs&no=9945&page=11,0.73,1,존나
schools_20p/신일고__shinilhs.csv,9950,[자유],슬슬 수능 실감나는 57기면 개추,인강 종강 멘트 들으면서 눈물이 나온다,ㅇㅇ 2025.11.06 16:29:54 스크랩 조회 659 추천 12 댓글 5,12,659,2025.11.06 16:29:54,https://gall.dcinside.com/mgallery/board/view/?id=shinilhs&no=9950&page=11,0.0,0,
schools_20p/신일고__shinilhs.csv,9948,[자유],ㅇㅅㅈ쌤,재시험본다고 와서 설명하시는데 좀 마음아프더라 민원넣은 부모중에 여기학교 교사였던 사람도 있었던거 같은데 결국 학교는 교사를 보호하지 못하고 권력에 짓밟힌건가 설명하시는 내내 씁쓸한 마음으로 혼자싸우신거 같아수 기쁘다,신붕이 (203.229) 2025.11.04 16:39:48 스크랩 조회 1607 추천 57 댓글 10,57,1607,2025.11.04 16:39:48,https://gall.dcinside.com/mgallery/board/view/?id=shinilhs&no=9948&page=11,0.0,0,
schools_20p/신일고__shinilhs.csv,9951,[자유],국어쌤,오늘 분홍색 옷 입은 국어여자쌤 이름 뭐냥,신붕이 (106.101) 2025.11.07 16:51:16 스크랩 조회 983 추천 3 댓글 7,3,983,2025.11.07 16:51:16,https://gall.dcinside.com/mgallery/board/view/?id=shinilhs&no=9951&page=11,0.0,0,
schools_20p/신일고__shinilhs.csv,9953,[자유],신일고 주말에 교실 들어갈 수 있나요?,오전 9시나 오후 3시에 가능할까요? 사물함에다 뭐 놓고 왔는데.. 하,신붕이 (118.235) 2025.11.07 23:08:04 스크랩 조회 541 추천 1 댓글 3,1,541,2025.11.07 23:08:04,https://gall.dcinside.com/mgallery/board/view/?id=shinilhs&no=9953&page=11,0.0,0,
schools_20p/신일고__shinilhs.csv,9952,[자유],신일고 생각하고 있는 중3입니다,"일단 지금 실력정석이랑 쎈 어느정도 푸는데 신일고 가는게 맞을까요? 아니면 일반고 (동성, 경신)을 가는게 좋을까요?",신붕이 (223.38) 2025.11.07 22:14:06 스크랩 조회 912 추천 7 댓글 10,7,912,2025.11.07 22:14:06,https://gall.dcinside.com/mgallery/board/view/?id=shinilhs&no=9952&page=11,0.0,0,
schools_20p/신일고__shinilhs.csv,9944,[자유],58 59기들아 웃음이 나오지?,수능 열흘 남았다 손발이 벌벌떨랴 - dc official App,서신 2025.11.02 01:24:44 스크랩 조회 1007 추천 11 댓글 4,11,1007,2025.11.02 01:24:44,https://gall.dcinside.com/mgallery/board/view/?id=shinilhs&no=9944&page=11,0.0,0,
schools_20p/신일고__shinilhs.csv,9943,[자유],신일고에,헬창오빠들 많아여???,d컵소녀 (219.250) 2025.11.01 23:25:34 스크랩 조회 666 추천 4 댓글 2,4,666,2025.11.01 23:25:34,https://gall.dcinside.com/mgallery/board/view/?id=shinilhs&no=9943&page=11,0.0,0,
schools_20p/신일고__shinilhs.csv,9941,[자유],달린다~~,- dc official App,신붕이 (118.235) 2025.11.01 16:45:38 스크랩 조회 416 추천 5 댓글 0,5,416,2025.11.01 16:45:38,https://gall.dcinside.com/mgallery/board/view/?id=shinilhs&no=9941&page=11,0.0,0,
schools_20p/신일고__shinilhs.csv,9931,[자유],엘지는 신일고 뽑아라,이게 김현수고 문보경이다,신붕이 (211.168) 2025.10.30 21:47:00 스크랩 조회 577 추천 14 댓글 1,14,577,2025.10.30 21:47:00,https://gall.dcinside.com/mgallery/board/view/?id=shinilhs&no=9931&page=11,0.0,0,
schools_20p/신일고__shinilhs.csv,9942,[자유],개씨발 난민됨,수학 학원 추천받는다,신붕이 (211.235) 2025.11.01 21:58:03 스크랩 조회 965 추천 6 댓글 13,6,965,2025.11.01 21:58:03,https://gall.dcinside.com/mgallery/board/view/?id=shinilhs&no=9942&page=11,0.73,1,씨발
schools_20p/신일고__shinilhs.csv,9935,[자유],신일고 로고,화질 좋게 복원함,신붕이 (112.212) 2025.10.31 22:48:30 스크랩 조회 1084 추천 28 댓글 1,28,1084,2025.10.31 22:48:30,https://gall.dcinside.com/mgallery/board/view/?id=shinilhs&no=9935&page=11,0.0,0,
schools_20p/신일고__shinilhs.csv,9930,[자유],대신일,기모띠하누,신붕이 (118.235) 2025.10.30 21:42:52 스크랩 조회 349 추천 5 댓글 0,5,349,2025.10.30 21:42:52,https://gall.dcinside.com/mgallery/board/view/?id=shinilhs&no=9930&page=11,0.0,0,
schools_20p/신일고__shinilhs.csv,9934,[자유],통과2 화학 수행 재시험,이거 맞음? 수행 만점 받은 애는 뭐가 되냐 -___- 대 신 일,신붕이 (1.229) 2025.10.31 19:48:10 스크랩 조회 1752 추천 20 댓글 39,20,1752,2025.10.31 19:48:10,https://gall.dcinside.com/mgallery/board/view/?id=shinilhs&no=9934&page=11,0.0,0,
schools_20p/신일고__shinilhs.csv,9929,[자유],초록마스크가 누구노,그 파마머리에안경쓴애?키좀작고,신붕이 (222.111) 2025.10.29 20:16:02 스크랩 조회 538 추천 4 댓글 2,4,538,2025.10.29 20:16:02,https://gall.dcinside.com/mgallery/board/view/?id=shinilhs&no=9929&page=11,0.0,0,
schools_20p/신일고__shinilhs.csv,9928,[자유],신-평,쓰레기 처리는 역시 대.신.일,신붕이 (211.36) 2025.10.29 16:16:37 스크랩 조회 483 추천 4 댓글 2,4,483,2025.10.29 16:16:37,https://gall.dcinside.com/mgallery/board/view/?id=shinilhs&no=9928&page=11,0.0,0,
schools_20p/신일고__shinilhs.csv,9927,[자유],2년 내내 출애굽만 하네,아무것도 안했는데 장남 몰살당한 이집트인들이 불쌍해요,ㅇㅇ (211.168) 2025.10.29 14:43:39 스크랩 조회 434 추천 4 댓글 1,4,434,2025.10.29 14:43:39,https://gall.dcinside.com/mgallery/board/view/?id=shinilhs&no=9927&page=11,0.0,0,
schools_20p/신일고__shinilhs.csv,9924,[자유],완장 자냐? 달린다,뭘~꼬라봐 ㅋㅋㅋ - dc official App,신붕이 (202.14) 2025.10.28 12:38:06 스크랩 조회 292 추천 2 댓글 0,2,292,2025.10.28 12:38:06,https://gall.dcinside.com/mgallery/board/view/?id=shinilhs&no=9924&page=11,0.0,0,
schools_20p/신일고__shinilhs.csv,9925,[자유],오늘 영양사가 웃으면서 배식해줬는데,이거 그린라이트임?,ㅇㅇ (223.62) 2025.10.28 19:21:45 스크랩 조회 1051 추천 13 댓글 8,13,1051,2025.10.28 19:21:45,https://gall.dcinside.com/mgallery/board/view/?id=shinilhs&no=9925&page=11,0.0,0,
schools_20p/신일고__shinilhs.csv,9923,[자유],59기인데 현 전교회장 개인적인 생각인데,왤케 동네에 있는 띨띨한 형같냐 ㅈㄴ 친근함 ㅋㅋ,신붕이 (211.234) 2025.10.27 23:04:19 스크랩 조회 679 추천 10 댓글 4,10,679,2025.10.27 23:04:19,https://gall.dcinside.com/mgallery/board/view/?id=shinilhs&no=9923&page=11,0.0,0,
schools_20p/신일고__shinilhs.csv,9919,[자유],나 59긴데,같은반에 야겜하는 새끼있던데 함 찔러볼까?,신붕이 (211.168) 2025.10.24 12:38:36 스크랩 조회 502 추천 6 댓글 2,6,502,2025.10.24 12:38:36,https://gall.dcinside.com/mgallery/board/view/?id=shinilhs&no=9919&page=11,0.73,1,새끼
schools_20p/신일고__shinilhs.csv,9920,[자유],초록마스크 갑자기 빡치는게,ㅇㅇㅈ 이 ㅁㅊㄴ이 휴지 훔치고 자기 반에 놓고 이 짓을 몇번을 했길래 24개를 모아놨냐 11반쪽 변기칸에 휴지 없어서 맨날 6칸 중에 3칸만 사람 있었는데 진짜 ㅁㅊㄴ이냐 생긴대로 행동하지마라 마스크 찢기 전에,신붕이 (211.168) 2025.10.24 17:55:02 스크랩 조회 844 추천 18 댓글 1,18,844,2025.10.24 17:55:02,https://gall.dcinside.com/mgallery/board/view/?id=shinilhs&no=9920&page=11,0.0,0,
schools_20p/신일고__shinilhs.csv,9921,[자유],전....교...부...회....장..,공약...실천....대체...언제...,신붕이 (221.145) 2025.10.26 00:28:03 스크랩 조회 929 추천 18 댓글 4,18,929,2025.10.26 00:28:03,https://gall.dcinside.com/mgallery/board/view/?id=shinilhs&no=9921&page=11,0.0,0,
schools_20p/신일고__shinilhs.csv,9918,[자유],59기 자퇴,59기인데 내신 9등급제로 치면 한 4점 중후반으로 말아먹고 친구들도 다 너무 ㅈ같은데 자퇴할까요? 진심임. 자퇴하면 그냥 재수학원 들어갈 생각 오로지 대학만보고 생각해주세요 사회성 사회성 하지마시고,신붕이 (121.129) 2025.10.20 22:13:30 스크랩 조회 1048 추천 4 댓글 10,4,1048,2025.10.20 22:13:30,https://gall.dcinside.com/mgallery/board/view/?id=shinilhs&no=9918&page=11,0.0,0,
schools_20p/신일고__shinilhs.csv,9917,[자유],디벗으로 인강 볼 수 있나요?,야자 때 인강 보려고 하려는데 디벗으로 인강 볼 수 있나요?,신붕이 (121.129) 2025.10.18 21:10:22 스크랩 조회 700 추천 2 댓글 4,2,700,2025.10.18 21:10:22,https://gall.dcinside.com/mgallery/board/view/?id=shinilhs&no=9917&page=11,0.0,0,
schools_20p/신일고__shinilhs.csv,9912,[자유],여기 내신 어려워요 ??,이번에 지원 하랴고 하는데 10프로 안에 들기 힘들까요  경희고랑 고민 중인데 어디가 내신 따기 더 나을까요   수학 시험은 어렵나요,신붕이 (175.119) 2025.10.17 21:19:06 스크랩 조회 742 추천 3 댓글 7,3,742,2025.10.17 21:19:06,https://gall.dcinside.com/mgallery/board/view/?id=shinilhs&no=9912&page=11,0.0,0,
schools_20p/신일고__shinilhs.csv,9915,[자유],수학여행,요즘은 수학여행 가냐? 나때는 못갔어서 졸업식에 오마이걸 왔었다 -54기 졸업생,신붕이 (140.248) 2025.10.18 03:48:19 스크랩 조회 632 추천 2 댓글 3,2,632,2025.10.18 03:48:19,https://gall.dcinside.com/mgallery/board/view/?id=shinilhs&no=9915&page=11,0.0,0,
schools_20p/신일고__shinilhs.csv,9914,[자유],나의 빛,가보자꾸나 VIC-TEAM - dc official App,고감고닉 2025.10.18 01:04:26 스크랩 조회 563 추천 6 댓글 1,6,563,2025.10.18 01:04:26,https://gall.dcinside.com/mgallery/board/view/?id=shinilhs&no=9914&page=11,0.0,0,
schools_20p/신일고__shinilhs.csv,9910,[자유],초록마스크련,휴지 작작 가져가라 니 때문에 3학년 전체가 혼나야겠냐,신붕이 (211.168) 2025.10.17 19:08:20 스크랩 조회 893 추천 22 댓글 3,22,893,2025.10.17 19:08:20,https://gall.dcinside.com/mgallery/board/view/?id=shinilhs&no=9910&page=11,0.0,0,
schools_20p/신일고__shinilhs.csv,9911,[자유],느그 수학여행 후보지에 아직도 캄보디아 있노?,ㅋㅋㅋ,신붕이 (39.7) 2025.10.17 19:53:28 스크랩 조회 617 추천 4 댓글 2,4,617,2025.10.17 19:53:28,https://gall.dcinside.com/mgallery/board/view/?id=shinilhs&no=9911&page=11,0.0,0,
schools_20p/신일고__shinilhs.csv,9909,[자유],장발장 입갤 ㅋㅋㅋㅋㅋ,알뜰하게도 털어갔네 ㅅㅂ - dc official App,skai 2025.10.16 14:16:44 스크랩 조회 965 추천 10 댓글 16,10,965,2025.10.16 14:16:44,https://gall.dcinside.com/mgallery/board/view/?id=shinilhs&no=9909&page=11,0.73,1,ㅅㅂ
schools_20p/신일고__shinilhs.csv,9907,[자유],체육관자습실 지진,하루에 무조건 1번에서 2번꼴로 15분 정도 동안 덤벨 던지는 수준으로 시끄럽고 노이즈캔슬링 켜도 다 들릴정도로 쿵쿵대는데 혹시 위에서 뭐 히는거잇음?? 8교시때 그러는건 농구방과후나 체대입시 하는구나 했는데 요즘에는 7시 8시 이때도 그러던데 진짜 스트레스다.. 진짜 뭘 할 수 없을정도의 소음과 빈도로 쿵쿵거림...,신붕이 (45.77) 2025.10.15 23:50:32 스크랩 조회 522 추천 2 댓글 1,2,522,2025.10.15 23:50:32,https://gall.dcinside.com/mgallery/board/view/?id=shinilhs&no=9907&page=11,0.0,0,
schools_20p/신일고__shinilhs.csv,9906,[자유],1학년 국어 컷 뭔일이냐,9월이랑 난도 비슷한거같은데 1컷은 9점이 오름.. - dc official App,ㅇㅇ 2025.10.14 22:01:24 스크랩 조회 694 추천 1 댓글 2,1,694,2025.10.14 22:01:24,https://gall.dcinside.com/mgallery/board/view/?id=shinilhs&no=9906&page=11,0.0,0,
schools_20p/신일고__shinilhs.csv,9903,[자유],신일고 지원하려고 허는데요,1학년 9모 1등급 컷 정도이면 국영수 내신 몇 뜰까요 수학시험은 어렵나요 ??,신붕이 (175.119) 2025.10.11 19:30:03 스크랩 조회 692 추천 1 댓글 3,1,692,2025.10.11 19:30:03,https://gall.dcinside.com/mgallery/board/view/?id=shinilhs&no=9903&page=11,0.0,0,
schools_20p/신일고__shinilhs.csv,9902,[자유],사다 책 신붕이,"오늘 책을 샀다. 아니, 어쩌면 어제. 확인해보니 7일에 샀다.",AMNH_5866 2025.10.10 17:37:02 스크랩 조회 560 추천 4 댓글 4,4,560,2025.10.10 17:37:02,https://gall.dcinside.com/mgallery/board/view/?id=shinilhs&no=9902&page=11,0.0,0,
schools_20p/신일고__shinilhs.csv,9900,[자유],수학 수능때까지 1등급 만드려면,개념서부터 기출까지 각각 총 몇권정도 풀어야 평균적으로 될까요?,gaori3827 (222.234) 2025.10.10 00:51:47 스크랩 조회 552 추천 1 댓글 2,1,552,2025.10.10 00:51:47,https://gall.dcinside.com/mgallery/board/view/?id=shinilhs&no=9900&page=11,0.0,0,
schools_20p/신일고__shinilhs.csv,9901,[문학],고민있음,약속있어서 씻고 나오는데 내가 팬티를 안가지고 들어가서 그냥 수건으로 가리고 나왔거든 근데 여동생 씨발년이 여동생 : 아 씨발 더럽게 뭐하는짓거리야 집에서 옷좀입고다녀 나 : 옷을 안가지고 들어갔어 씨발년아 너나잘해 지도 맨날 빨래판 내놓고 다니면서 여동생 : 하? 말 다 했어? 엄마!!! 오빠가 나보고 빨래판 가슴이래 엄마 : 그래 그래~ 오빠가 여동생한테 그런말 하면 못써요 OO이 사과해 나 : (씨발) 미안하다 빨래판아 여동생 : 씨발 니 좆도 실좆이면서 나 : 니가 본적있냐? 내 좆 본적있냐고 여동생 : ...잘 나 : 잘? 여동생 : 잘 때 매일 몰래봤다고! 나 : 뭐? 미친 그딴짓을 왜해 여동생 : 조.. 나 : 조? 여동생 : 좋아하니까 바보야!!!!(뛰쳐나감) 나 : 하..?난다요.. 막내 여동생이 갑자기 나오더니 막내 여동생 : 오빠..내가 더 좋아해!! 나 : 넌 또 뭐야! 엄마 : 경사났네 경사났어~ 아빠 : 후유~오이오이 마지카요~ 우레시네~ - dc official App,신붕이 (220.65) 2025.10.10 16:29:40 스크랩 조회 1192 추천 38 댓글 17,38,1192,2025.10.10 16:29:40,https://gall.dcinside.com/mgallery/board/view/?id=shinilhs&no=9901&page=11,0.81,1,"씨발, 좆"
schools_20p/신일고__shinilhs.csv,9898,[질문],안녕하세요 졸업생 질문 하나 드립니다.,안녕하세요 오래전에 졸업한 졸업생입니다. 류명수 선생님 현재 몇 학년 담임 선생님이신가요? 감사합니다.,신붕이 (125.129) 2025.10.07 13:33:36 스크랩 조회 602 추천 4 댓글 5,4,602,2025.10.07 13:33:36,https://gall.dcinside.com/mgallery/board/view/?id=shinilhs&no=9898&page=11,0.0,0,
schools_20p/신일고__shinilhs.csv,9896,[자유],50등이 국숭세단 간다는데 진짠가요,단지 궁금해서 옆에 선덕고등학교는 고대도 쓴다길래,신붕이 (221.143) 2025.10.04 13:17:31 스크랩 조회 1183 추천 6 댓글 7,6,1183,2025.10.04 13:17:31,https://gall.dcinside.com/mgallery/board/view/?id=shinilhs&no=9896&page=11,0.0,0,
schools_20p/신일고__shinilhs.csv,9895,[자유],자습,고3때 수업시간 거의 다 자습이라는데 맞나요,신붕이 (59.5) 2025.10.02 22:39:15 스크랩 조회 531 추천 1 댓글 4,1,531,2025.10.02 22:39:15,https://gall.dcinside.com/mgallery/board/view/?id=shinilhs&no=9895&page=11,0.0,0,
schools_20p/신일고__shinilhs.csv,9893,[자유],통합사회2 중간고사,1컷하고 2컷은 어느정도 일것 같음?,신붕이 (112.212) 2025.10.02 08:00:50 스크랩 조회 405 추천 1 댓글 0,1,405,2025.10.02 08:00:50,https://gall.dcinside.com/mgallery/board/view/?id=shinilhs&no=9893&page=11,0.0,0,
schools_20p/신일고__shinilhs.csv,9892,[자유],1학년 화학 수행,원점수를 높이려고 수행 60프로로 한거라며? 이게 원점수를 높이는거야? 이게 원점수를 높이려는 거 정말 맞아? 환멸스럽다 한시간의 수업으로 30점 좆뺑이치고 공부해서 20점,신붕이 (221.143) 2025.10.01 23:46:43 스크랩 조회 1464 추천 55 댓글 16,55,1464,2025.10.01 23:46:43,https://gall.dcinside.com/mgallery/board/view/?id=shinilhs&no=9892&page=11,0.73,1,좆
schools_20p/신일고__shinilhs.csv,9889,[자유],지하철에서 작작떠들어,학잠입고 ㅈㄴ개념없게구네,신붕이 (106.101) 2025.10.01 10:07:25 스크랩 조회 665 추천 4 댓글 3,4,665,2025.10.01 10:07:25,https://gall.dcinside.com/mgallery/board/view/?id=shinilhs&no=9889&page=11,0.0,0,
schools_20p/신일고__shinilhs.csv,9885,[질문],1학년 인공지능 기초 정보 대학입시 많이 중요한가요?,ㅈㄱㄴ AI 이미지가 생성되었습니다. 새로고침(F5) 해 주세요.,신붕이 (175.192) 2025.09.30 17:41:03 스크랩 조회 513 추천 0 댓글 5,0,513,2025.09.30 17:41:03,https://gall.dcinside.com/mgallery/board/view/?id=shinilhs&no=9885&page=11,0.0,0,
schools_20p/신일고__shinilhs.csv,9886,[자유],.,- dc official App,신붕이 (118.221) 2025.09.30 21:47:22 스크랩 조회 500 추천 1 댓글 3,1,500,2025.09.30 21:47:22,https://gall.dcinside.com/mgallery/board/view/?id=shinilhs&no=9886&page=11,0.0,0,
schools_20p/신일고__shinilhs.csv,9884,[자유],1학년 인공지능 기초,왜케어렵냐,신붕이 (118.221) 2025.09.30 16:48:50 스크랩 조회 412 추천 0 댓글 3,0,412,2025.09.30 16:48:50,https://gall.dcinside.com/mgallery/board/view/?id=shinilhs&no=9884&page=11,0.0,0,
schools_20p/신일고__shinilhs.csv,9882,[자유],1학년 국어,꽤 어렵던데 다들 1컷 얼마정도로 예상함? 1학기 중간 때랑 비슷하려나?? - dc official App,ㅇㅇ (58.122) 2025.09.30 11:25:54 스크랩 조회 583 추천 0 댓글 3,0,583,2025.09.30 11:25:54,https://gall.dcinside.com/mgallery/board/view/?id=shinilhs&no=9882&page=11,0.0,0,
schools_20p/신일고__shinilhs.csv,9881,[자유],수학학원 추천,추천좀,신붕이 (203.229) 2025.09.30 11:11:15 스크랩 조회 679 추천 0 댓글 11,0,679,2025.09.30 11:11:15,https://gall.dcinside.com/mgallery/board/view/?id=shinilhs&no=9881&page=11,0.0,0,
schools_20p/신일고__shinilhs.csv,9880,[자유],58기 4점대는 참고해라,그냥 참고 하라고 ㅋㅋ - dc official App,서신 2025.09.29 23:26:27 스크랩 조회 949 추천 16 댓글 0,16,949,2025.09.29 23:26:27,https://gall.dcinside.com/mgallery/board/view/?id=shinilhs&no=9880&page=11,0.0,0,
schools_20p/신일고__shinilhs.csv,9872,[자유],재시가 쫄리는 아가들을 위해,재시는 정답률 80퍼 이상으로 나올수있게 쉽게 낼 수밖에 없음 어렵게 내면 항의가 들어오기때문 ㅋㅋㅋ 야구부도 맞출정도니까 걱정말고 보거라 ㅇㅇ - dc official App,계속한밤 2025.09.27 21:21:12 스크랩 조회 549 추천 5 댓글 3,5,549,2025.09.27 21:21:12,https://gall.dcinside.com/mgallery/board/view/?id=shinilhs&no=9872&page=12,0.0,0,
schools_20p/신일고__shinilhs.csv,9879,[문학],[신일문학] 어둠,"늘 똑같은 그 번호의, 그 의자, 그 책상에서 어두워서 영 보이질 않는 스위치를 더듬어 불을 켠다. 그 간단한 동작엔 어둑한 밤하늘을 빛의 무늬로 뒤덮는것 만큼이나 힘겨운 각오가 서려있다. 터져나오는 광채에 얼마간 눈이 먼다. 이내 앞이 보일때쯤 활자가 풍기는 그 매캐한 아우라에 눈이 기침하듯 다시 앞이 보이질 않는다. 나는 곧 머릿속으로 어렴풋한 전등마저 닿질 않는 조용하고 외로운, 푸른 골목길에서 걸음을 옮기며 오늘 자습실에 들어와 의자에 앉기까지의 그 모든 과정을 불쾌하리만치 생생하게 되짚는다. 걸음을 딛을 때마다 발밑에서 움트는 죄책감과 진작에 모두 연소돼 생기를 잃은 의지가 절망과 어둠이 되어 나를 넘어뜨렸고 나는 고개를 떨구며 신음했다. 고개를 쳐박은지 얼마나 지났을까. 내 귀엔 이런 소리가 들렸다. ”자습이 끝났습니다. 모두 짐을 정리하세요“ 아 씨발.. - dc official App",mcthemin 2025.09.29 23:12:34 스크랩 조회 659 추천 15 댓글 2,15,659,2025.09.29 23:12:34,https://gall.dcinside.com/mgallery/board/view/?id=shinilhs&no=9879&page=12,0.73,1,씨발
schools_20p/신일고__shinilhs.csv,9877,[자유],1학년 영어,2컷 어느정도 일까요 ㅜ,신붕이 (221.143) 2025.09.29 17:58:24 스크랩 조회 353 추천 0 댓글 2,0,353,2025.09.29 17:58:24,https://gall.dcinside.com/mgallery/board/view/?id=shinilhs&no=9877&page=12,0.0,0,
schools_20p/신일고__shinilhs.csv,9878,[자유],1학년 영어 88인데 1등급 뜨냐?,이번에도 2면 정시밖에 답없는디..,신붕이 (203.251) 2025.09.29 22:00:01 스크랩 조회 556 추천 0 댓글 3,0,556,2025.09.29 22:00:01,https://gall.dcinside.com/mgallery/board/view/?id=shinilhs&no=9878&page=12,0.0,0,
schools_20p/신일고__shinilhs.csv,9873,[자유],신일고 내신 9등급 기준 3등급 중후반이면 어느 대학교 학종,"내보면 좋을까요? 상향, 안정, 하향으로 알려주세요. 문과입니다.",신붕이 (221.168) 2025.09.29 10:09:45 스크랩 조회 644 추천 0 댓글 5,0,644,2025.09.29 10:09:45,https://gall.dcinside.com/mgallery/board/view/?id=shinilhs&no=9873&page=12,0.0,0,
schools_20p/신일고__shinilhs.csv,9871,[자유],2학년국어,1컷 80이 맞음??? - dc official App,조.지. 2025.09.27 20:07:12 스크랩 조회 444 추천 1 댓글 2,1,444,2025.09.27 20:07:12,https://gall.dcinside.com/mgallery/board/view/?id=shinilhs&no=9871&page=12,0.0,0,
schools_20p/신일고__shinilhs.csv,9876,[자유],내신 3.8 vs,- dc official App,신붕이 (211.217) 2025.09.29 17:24:00 스크랩 조회 558 추천 0 댓글 4,0,558,2025.09.29 17:24:00,https://gall.dcinside.com/mgallery/board/view/?id=shinilhs&no=9876&page=12,0.0,0,
schools_20p/신일고__shinilhs.csv,9874,[자유],한국사 1컷,몇점 예상하나요,신붕이 (211.234) 2025.09.29 11:16:06 스크랩 조회 397 추천 0 댓글 1,0,397,2025.09.29 11:16:06,https://gall.dcinside.com/mgallery/board/view/?id=shinilhs&no=9874&page=12,0.0,0,
schools_20p/신일고__shinilhs.csv,9869,[자유],1학년 통합과학 물리 9번 재시험,"ㄱㅎㅈ 진짜 9번 선지 수정하러 돌아다닐때 특별교실 있는지 모르고 그 쪽에 공지를 못해서 재시를 본다는데, 이게 말이 되나?",신붕이 (112.212) 2025.09.26 21:12:01 스크랩 조회 1215 추천 24 댓글 12,24,1215,2025.09.26 21:12:01,https://gall.dcinside.com/mgallery/board/view/?id=shinilhs&no=9869&page=12,0.0,0,
schools_20p/신일고__shinilhs.csv,9867,[자유],1학년 수학,어땟나요,신붕이 (1.248) 2025.09.26 10:17:25 스크랩 조회 739 추천 2 댓글 8,2,739,2025.09.26 10:17:25,https://gall.dcinside.com/mgallery/board/view/?id=shinilhs&no=9867&page=12,0.0,0,
schools_20p/신일고__shinilhs.csv,9864,[자유],2학년 국어,난이도 어땠음,신붕이 (223.39) 2025.09.25 10:12:56 스크랩 조회 504 추천 1 댓글 2,1,504,2025.09.25 10:12:56,https://gall.dcinside.com/mgallery/board/view/?id=shinilhs&no=9864&page=12,0.0,0,
schools_20p/신일고__shinilhs.csv,9865,[자유],1학년 과학 어땠음?,나만 좆된거임? - dc official App,ㅇㅇ 2025.09.25 12:27:59 스크랩 조회 630 추천 1 댓글 4,1,630,2025.09.25 12:27:59,https://gall.dcinside.com/mgallery/board/view/?id=shinilhs&no=9865&page=12,0.73,1,좆
schools_20p/신일고__shinilhs.csv,9866,[자유],어제 인스타 보고 매쓰헬퍼 들어가봤는데,물건이노... 리메이크 모의고사라고 지리는거 있음 무료니까 니들도 풀어보셈 아 물론 본인 2등급이라 2등급 이상은 보지 마라 ㅋㅋㅋ 하 시험 얼마 안 남았는데 개꿀임 ㄹㅇ,신붕이 (119.66) 2025.09.25 17:28:20 스크랩 조회 582 추천 5 댓글 4,5,582,2025.09.25 17:28:20,https://gall.dcinside.com/mgallery/board/view/?id=shinilhs&no=9866&page=12,0.0,0,
schools_20p/신일고__shinilhs.csv,9862,[자유],이 학교도 선덕처럼 방과후 필수임?,혹시 쌤들이 감시하기도하나? 그럼 본문 삭제할게,신붕이 (221.145) 2025.09.23 21:50:11 스크랩 조회 495 추천 0 댓글 3,0,495,2025.09.23 21:50:11,https://gall.dcinside.com/mgallery/board/view/?id=shinilhs&no=9862&page=12,0.0,0,
schools_20p/신일고__shinilhs.csv,9863,[자유],신일고 선생님 닮은꼴 4편,[시리즈] 신일고 선생님 닮은꼴 · 신일고 3대 닮은 꼴 (선생님) · 신일고 교사 닮은꼴 2편 · 신일고 선생님 닮은꼴 1. 케인 2. 황교안 - dc official App,신붕이 (106.102) 2025.09.23 23:48:29 스크랩 조회 918 추천 5 댓글 1,5,918,2025.09.23 23:48:29,https://gall.dcinside.com/mgallery/board/view/?id=shinilhs&no=9863&page=12,0.0,0,
schools_20p/신일고__shinilhs.csv,9861,[자유],수능까지 50일…,솔직히 현역으로 원하는 대학 못갈것같으면 개추 ㅋㅋ,최고의감독푼동 2025.09.23 21:38:55 스크랩 조회 260 추천 3 댓글 0,3,260,2025.09.23 21:38:55,https://gall.dcinside.com/mgallery/board/view/?id=shinilhs&no=9861&page=12,0.0,0,
schools_20p/신일고__shinilhs.csv,9859,[자유],신일고 학교 좋냐?,신일고 썻는데 불안하다. 명성이 많이 떨어졌다고 하는데 사실이냐?,용문중 유진혁 (118.221) 2025.09.23 10:24:40 스크랩 조회 517 추천 0 댓글 4,0,517,2025.09.23 10:24:40,https://gall.dcinside.com/mgallery/board/view/?id=shinilhs&no=9859&page=12,0.0,0,
schools_20p/신일고__shinilhs.csv,9860,[자유],신일고vs경동고vs용문고 어디갈까요?,ㅠㅠ,월곡중 박동현 (118.221) 2025.09.23 10:24:54 스크랩 조회 724 추천 2 댓글 6,2,724,2025.09.23 10:24:54,https://gall.dcinside.com/mgallery/board/view/?id=shinilhs&no=9860&page=12,0.0,0,
schools_20p/신일고__shinilhs.csv,9856,[자유],신일고 vs 선덕고,나 다닐때만 해도 선덕 완전 개 취급했는데.... 이게 무슨일이냐? 선덕고 정문 앞에 플레카드 입시 현황판 개 부럽다. 강북이 아니라 한국 전체 내에서도 선두권... 야! 사람일은 아무도 모르겠다.,신붕이 (211.55) 2025.09.21 16:43:38 스크랩 조회 1007 추천 6 댓글 11,6,1007,2025.09.21 16:43:38,https://gall.dcinside.com/mgallery/board/view/?id=shinilhs&no=9856&page=12,0.0,0,
schools_20p/신일고__shinilhs.csv,9855,[자유],진지하게 성적 망했는데 유학갈까,학교 가자마자 ㄱㄷㅇ쌤한테 달려갈까 고민중임,신붕이 (89.147) 2025.09.21 10:59:29 스크랩 조회 557 추천 1 댓글 6,1,557,2025.09.21 10:59:29,https://gall.dcinside.com/mgallery/board/view/?id=shinilhs&no=9855&page=12,0.0,0,
schools_20p/신일고__shinilhs.csv,9854,[자유],신일고 사용설명서,댓글로 자기만의 꿀팁을 공유해주세요 1. 학비가 아까워서라도 자습은 꼭 신청해야 한다,신붕이 (211.205) 2025.09.20 12:43:57 스크랩 조회 1036 추천 3 댓글 18,3,1036,2025.09.20 12:43:57,https://gall.dcinside.com/mgallery/board/view/?id=shinilhs&no=9854&page=12,0.0,0,
schools_20p/신일고__shinilhs.csv,9853,[자유],ㅇㅎㅅ쌤 야자감독 계속 했으면 좋겠다,집중개잘되노,신붕이 (121.160) 2025.09.20 01:33:17 스크랩 조회 882 추천 7 댓글 5,7,882,2025.09.20 01:33:17,https://gall.dcinside.com/mgallery/board/view/?id=shinilhs&no=9853&page=12,0.0,0,
schools_20p/신일고__shinilhs.csv,9852,[자유],오늘 신일에서,너구리 보신분?,신붕이 (222.234) 2025.09.19 23:05:46 스크랩 조회 460 추천 0 댓글 2,0,460,2025.09.19 23:05:46,https://gall.dcinside.com/mgallery/board/view/?id=shinilhs&no=9852&page=12,0.0,0,
schools_20p/신일고__shinilhs.csv,9851,[자유],신붕이 영화봤다,내랑 동년배인 영화...몇번을 봐도 여운이 가시질 않는다 - dc official App,후지네오 2025.09.19 22:36:56 스크랩 조회 316 추천 1 댓글 0,1,316,2025.09.19 22:36:56,https://gall.dcinside.com/mgallery/board/view/?id=shinilhs&no=9851&page=12,0.0,0,
schools_20p/신일고__shinilhs.csv,9849,[자유],신일고 인스타 팔좀 해봐,학생회장 삭발 보고싶은데 언제 되냐 https://www.instagram.com/shinil.sc_official?igsh=MWR6a3Q2cXVna3gz,신붕이 (211.235) 2025.09.17 22:36:27 스크랩 조회 416 추천 3 댓글 1,3,416,2025.09.17 22:36:27,https://gall.dcinside.com/mgallery/board/view/?id=shinilhs&no=9849&page=12,0.0,0,
schools_20p/신일고__shinilhs.csv,9848,[자유],물 쳐 내려라 좀,ㅅㅂ 아니 얼마나 싸재끼면 수면위로 똥이 쳐 올라오냐? 시발련들아 물 보니까 내릴려고도 안한거 같던데 - dc official App,TSH 2025.09.17 21:34:41 스크랩 조회 340 추천 4 댓글 2,4,340,2025.09.17 21:34:41,https://gall.dcinside.com/mgallery/board/view/?id=shinilhs&no=9848&page=12,0.81,1,"ㅅㅂ, 시발"
schools_20p/신일고__shinilhs.csv,9846,[자유],아오 개씨발련들아,씨발 화장실 일 보면 물좀 내려라 제발 그리고 자습시간에 화장실에서 좆은 왜 문대는건데 짐승새끼야 씹돼지 털복숭이들이 단체로 똥싸는 곳에서 그러고 싶냐? - dc official App,후지네오 2025.09.16 18:58:09 스크랩 조회 608 추천 8 댓글 3,8,608,2025.09.16 18:58:09,https://gall.dcinside.com/mgallery/board/view/?id=shinilhs&no=9846&page=12,0.89,1,"새끼, 씨발, 좆"
schools_20p/신일고__shinilhs.csv,9844,[자유],신붕이 오랜만에 책샀다,,AMNH_5866 2025.09.15 17:20:50 스크랩 조회 516 추천 8 댓글 4,8,516,2025.09.15 17:20:50,https://gall.dcinside.com/mgallery/board/view/?id=shinilhs&no=9844&page=12,0.0,0,
schools_20p/신일고__shinilhs.csv,9842,[자유],기하 수행 범위 아시는 분?,.,신붕이 (121.160) 2025.09.14 09:11:55 스크랩 조회 324 추천 0 댓글 2,0,324,2025.09.14 09:11:55,https://gall.dcinside.com/mgallery/board/view/?id=shinilhs&no=9842&page=12,0.0,0,
schools_20p/신일고__shinilhs.csv,9840,[자유],금요일 급식 닭다리,교사는 비닐장갑 주고 학생한테는 안줬던거 조금 짜치긴했음,신붕이 (221.145) 2025.09.13 22:07:25 스크랩 조회 479 추천 4 댓글 3,4,479,2025.09.13 22:07:25,https://gall.dcinside.com/mgallery/board/view/?id=shinilhs&no=9840&page=12,0.0,0,
schools_20p/신일고__shinilhs.csv,9838,[자유],신일고 인스타,팔로워 300 안되려나? 삭발 빨리 보고싶은데 AI 이미지가 생성되었습니다. 새로고침(F5) 해 주세요. 프롬프트 . 네거티브 프롬프트 샘플링 Euler,신붕이 (222.234) 2025.09.13 00:15:37 스크랩 조회 542 추천 1 댓글 2,1,542,2025.09.13 00:15:37,https://gall.dcinside.com/mgallery/board/view/?id=shinilhs&no=9838&page=12,0.0,0,
schools_20p/신일고__shinilhs.csv,9837,[자유],59기 이과할거면,진짜 생명은 잘생각하고 골라라... 쌤들 다 좋으신데 ㄱㅁㅈ은 진짜 ㄹㅈㄷ임,신붕이 (58.233) 2025.09.12 00:13:05 스크랩 조회 1483 추천 112 댓글 15,112,1483,2025.09.12 00:13:05,https://gall.dcinside.com/mgallery/board/view/?id=shinilhs&no=9837&page=12,0.0,0,
schools_20p/신일고__shinilhs.csv,9836,[자유],질문,신일고 학생들은 화장실 물내리는 법을 모르나요?,망령 (211.234) 2025.09.11 10:19:15 스크랩 조회 557 추천 14 댓글 4,14,557,2025.09.11 10:19:15,https://gall.dcinside.com/mgallery/board/view/?id=shinilhs&no=9836&page=12,0.0,0,
schools_20p/신일고__shinilhs.csv,9835,[자유],신일고 50등 정도하는 중위권인데,100등 이하는 무슨 마인드로 학교 다니는거임?,신붕이 (211.36) 2025.09.10 19:08:29 스크랩 조회 915 추천 2 댓글 9,2,915,2025.09.10 19:08:29,https://gall.dcinside.com/mgallery/board/view/?id=shinilhs&no=9835&page=12,0.0,0,
schools_20p/신일고__shinilhs.csv,9833,[자유],유학갈 생각하는 학우들은 없음?,본인 졸업생인데 성적 ㅈ망하고 이대로 계속갈거 직감해서 도피유학 택했는데 똑같이 유학 생각하는 학우가 있다면 북경이공대만은 안된다. 신일고랑 이것저것 협정되있는 해외학교들중에 제일 높은곳일텐데 그래도 북경이공대는 안된다. 차라리 템플대학교를 가라 참고로 본인은 일본 오비린대학으로 옴,신붕이 (1.75) 2025.09.10 17:15:16 스크랩 조회 440 추천 2 댓글 8,2,440,2025.09.10 17:15:16,https://gall.dcinside.com/mgallery/board/view/?id=shinilhs&no=9833&page=12,0.0,0,
schools_20p/신일고__shinilhs.csv,9830,[자유],신일 만듦,괜찮네,신붕이 (121.160) 2025.09.08 00:00:04 스크랩 조회 463 추천 5 댓글 0,5,463,2025.09.08 00:00:04,https://gall.dcinside.com/mgallery/board/view/?id=shinilhs&no=9830&page=12,0.0,0,
schools_20p/신일고__shinilhs.csv,9832,[자유],여기는 50등하면 어디감,좀 ㅈ반이라 인서울 끝에 갈거같은데,신붕이 (221.143) 2025.09.09 21:18:33 스크랩 조회 702 추천 3 댓글 9,3,702,2025.09.09 21:18:33,https://gall.dcinside.com/mgallery/board/view/?id=shinilhs&no=9832&page=12,0.0,0,
schools_20p/신일고__shinilhs.csv,9829,[자유],신븡이 북한 신평읍에 신일고 마크박아뒀다,"Wplace - A massive real-time pixel art canvas on the world map! Wplace is a collaborative, real-time pixel canvas layered over the world map, where anyone can paint and create art together. wplace.live 옆에 신일고등학교 써줄놈 구함",신붕이 (58.233) 2025.09.07 20:35:37 스크랩 조회 532 추천 8 댓글 2,8,532,2025.09.07 20:35:37,https://gall.dcinside.com/mgallery/board/view/?id=shinilhs&no=9829&page=12,0.0,0,
schools_20p/신일고__shinilhs.csv,9827,[자유],화장실 변기에 앉으면,띵 소리 나는데 왜 나는거임? 뭔가 나 똥싸기 시작한다고 자랑하는거 같음,신붕이 (211.168) 2025.09.05 17:13:34 스크랩 조회 515 추천 4 댓글 2,4,515,2025.09.05 17:13:34,https://gall.dcinside.com/mgallery/board/view/?id=shinilhs&no=9827&page=12,0.0,0,
schools_20p/신일고__shinilhs.csv,9826,[자유],노트정리,1학년인데 노트정리 어떤가요?? 지금 하고있는데 시간이 너무 오래걸리는거 같아서 계속할지 그만할지 고민이네요,신붕이 (112.218) 2025.09.04 22:49:03 스크랩 조회 447 추천 1 댓글 5,1,447,2025.09.04 22:49:03,https://gall.dcinside.com/mgallery/board/view/?id=shinilhs&no=9826&page=12,0.0,0,
schools_20p/신일고__shinilhs.csv,9825,[자유],2학년 정보수행 참고하셈,*1 같은 열의 데이터 합치기 *2 같은 행의 데이터 합치기 *3 기온 데이터에서 최저 최고기온 빼기(안쓸거임)+날짜를 meta로(분석할때 들어가면 안됨) *4 데이터 예측 모델(선형회귀) *5 4번이랑 같음(시각화) *6 다른 데이터를 가져와서 예측(기온 데이터만으로 대여건수 예측),신붕이 (118.221) 2025.09.02 11:01:38 스크랩 조회 820 추천 15 댓글 5,15,820,2025.09.02 11:01:38,https://gall.dcinside.com/mgallery/board/view/?id=shinilhs&no=9825&page=12,0.0,0,
schools_20p/신일고__shinilhs.csv,9823,[자유],수학 ㅇㅅㅎ쌤,"다들 어떰?(수업, 상담 등등)",신붕이 (211.234) 2025.08.29 00:41:06 스크랩 조회 1243 추천 22 댓글 3,22,1243,2025.08.29 00:41:06,https://gall.dcinside.com/mgallery/board/view/?id=shinilhs&no=9823&page=12,0.0,0,
schools_20p/신일고__shinilhs.csv,9822,[자유],전교회장 ㄱㅅㅇ,삭발언제함?? 회장된지가 언젠데,신붕이 (211.235) 2025.08.29 00:11:20 스크랩 조회 1169 추천 27 댓글 15,27,1169,2025.08.29 00:11:20,https://gall.dcinside.com/mgallery/board/view/?id=shinilhs&no=9822&page=12,0.0,0,
schools_20p/신일고__shinilhs.csv,9821,[자유],신일고 이상형 월드컵 상위그룹 정리,"top 1: ㅇㅎㅅ (14.61%) - 압도적 1황. 신일고 국어의 황제. 순수 강의력으로 신일고를 제패한 전무후무한 선생님이다. 한 번이라도 수업을 들으면 뇌리에서 지워질 수가 없다. 57기와 58기의 지지만으로 1위를 석권하였다. 댓글의 상당부분은 이 선생님에 대한 극찬이다. 이상형 월드컵 배포 초기에는 그 누구도 범접할 수 없는 우승 비율이었지만 현재는 top 2와 자웅을 겨루는 상태. top 2: ㅎㅅㅎ (14.33%) - 압도적 2황. 57기 58기 59기 모두의 지지를 받는 엄청난 인기를 자랑한다. 사실상 신붕이들의 정신적지주, 모두의 아버지와 같은 선생님. 특히 ㅎㅅㅎ선생님을 담임으로 모셨던 학생들의 충성심은 타의 추종을 불허한다. top 3: ㅅㅇㅅ (4.69%) - 2위 ㅎㅅㅎ쌤과 동일한 과목임에도 이어서 3위를 차지하였다. 1학년 한국사가 ㅅㅇㅅ쌤이었다면 츤츤한 매력을 잊을 수 없을 것이다. 특히나 57기의 지지층이 매우 두터운 선생님 top 4: ㅇㅊㅇ (4.40%) - 과탐선생님 한정 1위. 실질적으로 57 58 59기중 ㅇㅊㅇ쌤의 수업을 들어본 사람은 57기 지구과학II 선택자밖에 없지만 ㅇㅊㅇ쌤의 열정과 강의력에 대해서는 모두가 알고 있다. 56기의 지지가 매우 열혈해서 57기가 일부 영향을 받은 편. 58기 59기 입장에서는 다소 어려울듯. 번외) 비 담임선생님중 1등 top 9: ㅂㅊㅎ (3.13%) - 신일고 내신 지1 선택자들은 대부분 ㅂㅊㅎ쌤을 우승시키고 나머지는 ㅇㅊㅇ쌤 표로 가는 것 같다. 일부 지1 선택자들은 ㅂㅊㅎ선생님을 거의 숭배하는 경향이 있다. - dc official App",신붕이 (106.102) 2025.08.28 00:32:31 스크랩 조회 1304 추천 8 댓글 3,8,1304,2025.08.28 00:32:31,https://gall.dcinside.com/mgallery/board/view/?id=shinilhs&no=9821&page=12,0.0,0,
schools_20p/신일고__shinilhs.csv,9819,[자유],한참 재밌었는데 글삭 뭐냐,너냐 완장 - dc official App,토토잇니 2025.08.18 02:32:46 스크랩 조회 760 추천 0 댓글 2,0,760,2025.08.18 02:32:46,https://gall.dcinside.com/mgallery/board/view/?id=shinilhs&no=9819&page=12,0.0,0,
schools_20p/신일고__shinilhs.csv,9818,[자유],주말에 별관에서 내 자리 쓰는사람,후레쉬베리 꺼내먹지 마셈 - dc official App,서신 2025.08.17 21:32:30 스크랩 조회 580 추천 7 댓글 2,7,580,2025.08.17 21:32:30,https://gall.dcinside.com/mgallery/board/view/?id=shinilhs&no=9818&page=12,0.0,0,
schools_20p/신일고__shinilhs.csv,9817,[자유],종암에서 홍준표봄,- dc official App,고감고닉 2025.08.17 21:26:19 스크랩 조회 575 추천 7 댓글 2,7,575,2025.08.17 21:26:19,https://gall.dcinside.com/mgallery/board/view/?id=shinilhs&no=9817&page=12,0.0,0,
schools_20p/신일고__shinilhs.csv,9816,[자유],수학 ㅇㅅㅎ쌤아직계시니 ㅎㅎ,나 졸업생,ㅇㅇ (211.36) 2025.08.17 20:00:49 스크랩 조회 1468 추천 12 댓글 4,12,1468,2025.08.17 20:00:49,https://gall.dcinside.com/mgallery/board/view/?id=shinilhs&no=9816&page=12,0.0,0,
schools_20p/신일고__shinilhs.csv,9813,[자유],수능 90일 남은 이 시점...,"""​숭실대학교​ "" ​ 주면 기어간다 -> 개추 고1때 수능쳐도 국숭은 간다 -> 비추 - dc official App",신붕이 (106.102) 2025.08.14 18:23:07 스크랩 조회 861 추천 35 댓글 2,35,861,2025.08.14 18:23:07,https://gall.dcinside.com/mgallery/board/view/?id=shinilhs&no=9813&page=12,0.0,0,
schools_20p/신일고__shinilhs.csv,9812,[자유],신일고 한정으로 공부 못하는데 명문대 가는법 존재함,신일고 학생들은 아무 조건없이 북경이공대 입학이 프리패스임. ㅇㅇ 자세한건 중국어 쌤한테 물어봐라,신붕이 (119.192) 2025.08.14 10:52:29 스크랩 조회 747 추천 0 댓글 0,0,747,2025.08.14 10:52:29,https://gall.dcinside.com/mgallery/board/view/?id=shinilhs&no=9812&page=12,0.0,0,
schools_20p/신일고__shinilhs.csv,9801,[자유],너희들 오늘이 무슨날인지는 아냐?,2026학년도 대학수학능력시험 개최까지 정확히 100일 남았다 - dc official App,skai 2025.08.05 10:58:18 스크랩 조회 655 추천 4 댓글 7,4,655,2025.08.05 10:58:18,https://gall.dcinside.com/mgallery/board/view/?id=shinilhs&no=9801&page=13,0.0,0,
schools_20p/신일고__shinilhs.csv,9799,[자유],세월이 느껴지는 부분,58기부터 ㅊㄱㅂ쌤 모름 - dc official App,신붕이 (106.102) 2025.08.02 23:12:06 스크랩 조회 438 추천 6 댓글 1,6,438,2025.08.02 23:12:06,https://gall.dcinside.com/mgallery/board/view/?id=shinilhs&no=9799&page=13,0.0,0,
schools_20p/신일고__shinilhs.csv,9806,[자유],"지금 중3인데 중앙, 신일 고민중입니다","집에서 신일, 중앙 거리가 비슷비슷합니다. 학교 애들도 신일 중앙 비슷비슷하게 가는거같고요 재학생분들은 어딜 더 추천하시나요?? +ㅈ밥이라 선덕은 못갈거같고 대광은 저희때부터 일반고입니다",신붕이 (220.65) 2025.08.11 19:58:29 스크랩 조회 786 추천 2 댓글 9,2,786,2025.08.11 19:58:29,https://gall.dcinside.com/mgallery/board/view/?id=shinilhs&no=9806&page=13,0.0,0,
schools_20p/신일고__shinilhs.csv,9809,[자유],산책 2트,- dc official App,토토잇니 2025.08.12 02:14:04 스크랩 조회 326 추천 2 댓글 1,2,326,2025.08.12 02:14:04,https://gall.dcinside.com/mgallery/board/view/?id=shinilhs&no=9809&page=13,0.0,0,
schools_20p/신일고__shinilhs.csv,9810,[자유],김휘집 ㄷㄷ,"아무튼... 신일고... 아~ 자고로 신일이란 말이야. 어 우리 도 해야지 학교 자부심 쌀발 신일 황금사자기 최다 우승팀. 프로 야구선수 최다 배출 2등 그리고 미아역 딱 미아역 2 번출구로 딱 나오면 바로 학교가 있어 그리고 근처에 서브 웨이 , 맥도날드 다 있어 없는게 없어 그냥 버거킹 있지 KFC 있지 물론 포르쉐 매장 없을 수도 있지 근데 학생들 한테는 지하철역이 제일 중요거야 그치? 지하철역 딱 나오 면 거기도 에스컬레이터로 바꼈잖아 계단에서~ 학생들을 생각한거거든 아무튼 그래요 신일은 또 뭐있냐. 아 신일고 땅! 엄청 큽니다 저희도 = 진짜 한번 소개 좀 시켜주고 싶다 학교 나중에 아니 그냥 학교가 멋있어요 학교 딱 보면 은 이 조경도 잘 되어 있지 조명도 잘 되어 있지 잔디도 인 조 잔디 잘 깔려 있지 학교 크지 미아역 신일 고교 버스정류 장 딱 있고, 먹을거 많지 근처에 공부 할 수 있는 환경 잘 되 어있지 계단이 저희가 중앙 계단이 아니라. 램프. 중앙 램프 형식이에요 그래서 뺑글 뺑글 뺑글 뺑글 뺑글 이렇게 되어 있어 얼마나 또 멋있는데 그게 배산임수. 뒤에 산 있고 아 통학버스도 잘 되어있어요 휘문은 그런거 없을걸요 아마? 우리 통학버스가 막 어디든 가요 예 어디든 가고 제가 가서 좋은게 아니라 좋은 학교를 제가 간거죠 예",신붕이 (221.143) 2025.08.13 03:07:14 스크랩 조회 515 추천 6 댓글 2,6,515,2025.08.13 03:07:14,https://gall.dcinside.com/mgallery/board/view/?id=shinilhs&no=9810&page=13,0.0,0,
schools_20p/신일고__shinilhs.csv,9802,[자유],수능 고3들 이 노래 들으면서 힘내자,https://youtu.be/CLrwlD6TryY?si=Xz4xm_D73i0-J3Kp 진진자라 지리지리자 10시간 (10 Hours) 진진자라 후렴 10시간 :태진아 - 진진자라FULL AUDIO : https://www.youtube.com/watch?v=cs2xeDnj7To진진자라 지리지리자-  진진자라 지리지리자↗ 진진자라 지리지리자- 진진자라 지리지리자↘진진자라 지리지리자-  진진자라 지리지리자↗ 진진자라... youtu.be - dc official App,신붕이 (118.235) 2025.08.07 12:05:37 스크랩 조회 347 추천 3 댓글 0,3,347,2025.08.07 12:05:37,https://gall.dcinside.com/mgallery/board/view/?id=shinilhs&no=9802&page=13,0.0,0,
schools_20p/신일고__shinilhs.csv,9804,[자유],산책 1일차,달이 매우 밝음 - dc official App,토토잇니 2025.08.09 00:07:55 스크랩 조회 325 추천 4 댓글 1,4,325,2025.08.09 00:07:55,https://gall.dcinside.com/mgallery/board/view/?id=shinilhs&no=9804&page=13,0.0,0,
schools_20p/신일고__shinilhs.csv,9803,[자유],D-463,남은 1년 난 57기의 전설이 된다 - dc official App,토토잇니 2025.08.07 19:59:32 스크랩 조회 419 추천 5 댓글 3,5,419,2025.08.07 19:59:32,https://gall.dcinside.com/mgallery/board/view/?id=shinilhs&no=9803&page=13,0.0,0,
schools_20p/신일고__shinilhs.csv,9792,[자유],별관 화장실 낙서누구냐?,별거아닌데도 되게 기분좋네 너도 화이팅이다,신붕이 (115.161) 2025.08.01 00:51:45 스크랩 조회 846 추천 15 댓글 0,15,846,2025.08.01 00:51:45,https://gall.dcinside.com/mgallery/board/view/?id=shinilhs&no=9792&page=13,0.0,0,
schools_20p/신일고__shinilhs.csv,9796,[자유],학원강사 학벌 어느정도봄?,신일 학생들은 어느정도 보는지 궁금해요,ㅇㅇ (223.38) 2025.08.01 20:37:30 스크랩 조회 629 추천 0 댓글 2,0,629,2025.08.01 20:37:30,https://gall.dcinside.com/mgallery/board/view/?id=shinilhs&no=9796&page=13,0.0,0,
schools_20p/신일고__shinilhs.csv,9798,[자유],졸업생이 글쓰면 지우냐???,난 추억과 기억의 그리자를 생각하며 가끔 들르지만 관리자가 있는지 내 글은 모조리 지우내.... 어의가 없네? 캥기는게 있냐? 나도 재수 해서 서울대 왔지만 할 말은 정말 많다. 신일고가 해준게 뭐냐? 진구 졸업학교인 선덕고 정말 부럽다. 좀 잘해라. 관리자부터 선생들까지,신붕이 (128.134) 2025.08.02 17:59:52 스크랩 조회 717 추천 4 댓글 10,4,717,2025.08.02 17:59:52,https://gall.dcinside.com/mgallery/board/view/?id=shinilhs&no=9798&page=13,0.0,0,
schools_20p/신일고__shinilhs.csv,9797,[자유],[역겨움 주의] 요즘 젠평들 발언 (*내가 한거 아님*),1. 젠존제 엘리스가 차고 있는 전자 벨트는 Bae-Ran 표시등임 2. 제인은 YAS의 의인화임 3. 의현 스타킹 가운데 선은 못 참게 만듦. /스타킹 찢고 싶다 4. 펄크라까지는 퍼리가 아님./ 원래 이런 캐릭터도 있어야 됨./ 색다른 맛이라서 오히려 좋다. 5. 청의는 기계라 전기보내서 짜릿할것 같음./ 기계도 맛만 있다면야 6. 이블린에게 밝히고 싶다/Milk Bottle 솔직히 요즘 젠평들 중에 음지새끼들 양지로 올라와서 더러운 댓글 싸는거 ㅈ같은 신일 젠붕이면 개추;;,신붕이 (112.212) 2025.08.02 02:50:40 스크랩 조회 4112 추천 13 댓글 12,13,4112,2025.08.02 02:50:40,https://gall.dcinside.com/mgallery/board/view/?id=shinilhs&no=9797&page=13,0.73,1,새끼
schools_20p/신일고__shinilhs.csv,9795,[자유],얘들아,[똥물 내려],신붕이 (211.36) 2025.08.01 16:56:21 스크랩 조회 655 추천 18 댓글 2,18,655,2025.08.01 16:56:21,https://gall.dcinside.com/mgallery/board/view/?id=shinilhs&no=9795&page=13,0.0,0,
schools_20p/신일고__shinilhs.csv,9789,[자유],1학기 종합성적,9등급으로 환산하면 2.3뜨는데 유지하면 어디정도 갈 수 있나요?,신붕이 (118.235) 2025.07.26 16:59:57 스크랩 조회 715 추천 1 댓글 5,1,715,2025.07.26 16:59:57,https://gall.dcinside.com/mgallery/board/view/?id=shinilhs&no=9789&page=13,0.0,0,
schools_20p/신일고__shinilhs.csv,9790,[자유],사문 메가,메가사문 누구  들음? 윤성훈이 맞나?,신붕이 (14.39) 2025.07.28 17:06:52 스크랩 조회 613 추천 1 댓글 7,1,613,2025.07.28 17:06:52,https://gall.dcinside.com/mgallery/board/view/?id=shinilhs&no=9790&page=13,0.0,0,
schools_20p/신일고__shinilhs.csv,9788,[자유],박민우 신일고 언급 ㄷㄷ,"야. 내가 이미 이거 듣고 왔거든? 니네 진짜 다 쓸데 없는 그 다 치워. 나와 빨리. 야. 야. 마고. 나와. 나와 마고. 아 진짜 너 어디야? 나와. 나와 이씨. 야. 휘문이란 말이지. 강남 8학군 노른자 땅으로써 너 너 프로 고교 야구에서 첫 노히트 노런 이런거 나온 학교가 휘문고야. 내기할래? 내기할래? 야. 잘 들어봐. 니네 학교 땅값 여기 우리 학교 운동장만 팔아도 니네 학교 땅 다 사. 고교 야구 최강자이긴 하지만 결과적으로 나의 모교 너는 여기 마 산 고 교. 자 여봐. 자 형이 딱 판단해줄게. 내가 판단해줄게. 한석현 일루와. 내가 인정하는 학교들이 있어요. 야구 뿐만 아니라 학교의... 급. 근까.. 우리 휘문고는 매년 서울대를 수도 없이 많이 보내고. 그렇지. 아이 진짜. 우리 학교 휘문고는 재수생들이 많아. 왜 재수생들이 많냐. 들어봐. 들어봐. 서울대를 가고 싶은데 연고대만 붙어서 재수하는 애들이 많다. 신일은 빠지고. 서울고는 인정해. 서울고는 인정. 서울고는 인정. 부산고도 인정. 근까 지역 지역의 이름이 들어간 학교는 아~주 명문이지. 아 마산고는 아~ 자, 나는 지금까지 학교 그걸 가지고 얘기한거고 고교 야구 최강자? 자. 너 고등학교 3학년 때 우승했어? 안 했어? 빠져. 했어? 안 했어? 빠져. 너는? 아이씨. 전국대회. 대통령배. 5월 5일 5시간 15분 혈투. 장난하냐? 야. 5월 5일 대통령배. 그 길민세. 그 요기 달팽이 요 그거 몰라 ? 붕대하고 할 쑤 잇서!!! 이거 기억 안나? 아니잏.. (꾸벅) 몰라? 몰ㄹ? 모빠써어? 야 못봤어? 기억안나? 야 2010년 초등학교 그 아 그.. 5월 5일 연장전에서 이르케 써드 딱 불규칙 딱 튀어 길민세 여기 맞고 피 이르케 나면서 붕대 감고 할쑤이써어!! 할쑤이..!! 이거 몰라? 명장면? 야 효천. 빠져. 가. 잠만. 아이 이거에는 내가 자 쉽게 인정 못하는게. 아 진짜. 바바. 경남고 솔직히 인정. 솔직히 야구 명문 인정. 광주 일고는 뭐 말할 것도 없고. 서울고 인정. 동성은 쪼~끔 진혁이 형이 나왔기 때문에 여기 쫌 밑으로 가고. 덕수.. 뭐 학교, 야구 뭐 인정. 마고? 마고는 솔직히 역사가 쫌 긴거지 솔찌기 다크호스로는 가지. 너 요즘 다크.. 다크호스잖아. 불펜 다크호스. 난 여기 들어가는 것만 판단할게. 신일 여기 들어갈 거 아니고. 상원도 아니고. 인천. 경북. 김해. 유신. 서울디자인고는 무슨. 아... 경기 그렇지 경기도 학교로는 좋아. 근데 야구 명문으로 했을 때.. 기다려. 여기서 남아있는 학교들 보자. 빠지고 빠지고 빠지고 빠지고 빠지고 빠지고 빠지고 자 빠지고. 여러분들 저 다른 학교들 제가 빠지고 빠지고 했다고 싫어하는게 아니라 다 그거 재미 오케? 그렇게 하는데? 아이씨. 내가 얘기 했지. 야. 야. 봐. 자. 광주일고는 내가 인정했잖아. 광주일고 여기. 휘문고 인정해요? 안 해요? 아~ 그럼! 광주일고는 또 우리 또 많이 만났거든~ 야 봐. 어.. 야. 야 ! 김시훈 이리와. 빨리 와바. 들어봐. 빨리 와 봐. 자. 들어봐. 들어보라고. 들어봐. 들었어? 야구부가 들어온 학교가 고등학교 최초야. 휘문이. 그리고. 드러써? 바로 얘기하시잖아. 바바. 잘 봐. 쫌. 들어봐. (뿌듯) WHIMOON 휘문휘문빅토리야! (교가가 울려퍼짐) 휘문의 건아. 온누리를 빛낼 대한학도야. 그대 뜻을 아는가 휘문삼일재~ 그러치. 그러치. 야. 순천효천고, 배재고 누가 여기다 놨어. 걸 말이라고해? 천하무적이로다 우리 휘문아 헤이 ! 너 어디야. 상원? 하..... 그래. 상현이니까 상원 오케. 너 어디야? 아잇. 빠져. 비봉... 어 그래 비봉 다크호스 오케 인정. 아씨.. 야 몰라 그냥 휘문고는 요기서 건들지말고 니들 알아서들 해. 휘문이! 원래. 학교가. 저쪽에 있었어. 종로 이쪽에. 원래 옛날에 일제강점기 시절에. 그러고난 이후에 이제 강남을 발전시키고 거기 학군을 만들기 위해서 휘문이 이전을 한거지. 휘문의 역사도 모르면서. (쉿) 니가 올려놨지. 쒸익.. 유신은 진짜 쯧.. 내가 이거 건들지 말라고 분명히 얘기 갈 때 분명히 얘기 했는데. 신일고 자꾸 누가 끼니? 기미지비니 이거? 이거 마무리 언제 할 건데요. 너 신일고가 여기 들어갈 수 있다고 생각해? 아 용준[38]이 신일이야? 너 몇번.. 우승했는데. 휘문은? 말하지마요. 말하지말라고. 서울고는 명문이야. 왜냐면.. 분명히 이거 박건우가 보거든? 이거 딴데다 붙히잖아? 그면 무조껀 바로 연락온다. 서울고 명문입니다 여러분. 박건우가 졸업한 서울고. 봐봐. 용석이 마산고 조용한거 바바 양심이 있어라 니넨 쫌. 내가 내가 확실하게 딱 정리해줄게. 니네 이거 하고 가. 알았어? 더이상 이제 얘기하지마. 니네 밥.. 너 밥 먹었어? 너는? 너 가고. 너 밥 먹었지. 내가 끝나고 본다이? 자 신일고는 한국 역사가 오래됐잖아. 유신은 쪼~끔 짧고? 응? 어? 유신은 다크호스. 다크호스 얼마나 좋아. 다크호스자나. 어? 신일은 강호. 호랑이 처럼 무섭자나. 강호. 오케이? 가. 마산고는.. 선린은 어딨어? 선린. 선린. 선린 왜 없어. 나 아까 선린 본 것 같은데. 중학교를 또 선린 나왔기 때문에 선린이 붙어있어요 중학교 고등학교가. 선린. 박노준 선배님부터. 김..김.. 그래 내가 양심이 있지 하나만 자. 오시잖아 지금 휘문고의 지금 준비! 시작! WHIMOON 휘문 휘문 빅토리야! 잘해쬬? 그쵸? 이 야구장 이 총 면적을 다 팔아도 휘문고 땅에 안되지 않을까요? 그쵸. 이거랑 마산야구장 합쳐야 비등비등 할 정돈데. 그래도 안되겠쬬? 그쵸? 기본.. 기본. 코엑스 아시죠? 휘문! 삼성역. 예? 삼성역 아시죠. 삼성역. 삼성역 사거리. 오르막길 올라가다 보면? 사거리가 나오잖아요. 거기가 휘문고교사거리. 포르쉐 매장을 끼고 우회전을 합니다 여러분. 거기가 대치동이에요. 맞죠? 거기가 대치동이에요. 여러분. 그 중심에? 휘문고등학교가 있다. 언더스탠? 유남쌩? 휘부심. 휘부심이라하지. 자 여러분 이렇게 끝내시면 될 것 같아요. 어 대구고 여기 들어가있다 여기 들어가있다. 대구고 내가 넣었어. 이제 가세요. 식사하세요. 끝. 건들지마 이제. 거누형. 서울고. - dc official App",신붕이 (59.5) 2025.07.24 23:18:18 스크랩 조회 1024 추천 1 댓글 4,1,1024,2025.07.24 23:18:18,https://gall.dcinside.com/mgallery/board/view/?id=shinilhs&no=9788&page=13,0.0,0,
schools_20p/신일고__shinilhs.csv,9787,[자유],쥐갤 신일고 신작,,신붕이 (106.101) 2025.07.23 22:23:57 스크랩 조회 791 추천 21 댓글 0,21,791,2025.07.23 22:23:57,https://gall.dcinside.com/mgallery/board/view/?id=shinilhs&no=9787&page=13,0.0,0,
schools_20p/신일고__shinilhs.csv,9784,[자유],자습실하나에,123학년 다넣은거임? 2학년이 작은방가는거아닌가 - dc official App,조.지. 2025.07.21 22:01:46 스크랩 조회 413 추천 5 댓글 0,5,413,2025.07.21 22:01:46,https://gall.dcinside.com/mgallery/board/view/?id=shinilhs&no=9784&page=13,0.0,0,
schools_20p/신일고__shinilhs.csv,9781,[자유],이상형 월드컵,ㅃㄹ,신붕이 (45.33) 2025.07.20 22:00:34 스크랩 조회 538 추천 0 댓글 1,0,538,2025.07.20 22:00:34,https://gall.dcinside.com/mgallery/board/view/?id=shinilhs&no=9781&page=13,0.0,0,
schools_20p/신일고__shinilhs.csv,9783,[자유],방학 방과후 첫날,만족스러웠나요?,신붕이 (220.116) 2025.07.21 19:33:22 스크랩 조회 405 추천 1 댓글 1,1,405,2025.07.21 19:33:22,https://gall.dcinside.com/mgallery/board/view/?id=shinilhs&no=9783&page=13,0.0,0,
schools_20p/신일고__shinilhs.csv,9785,[자유],쥐갤 신일고 반응 ㅋㅋ,대신일 ㅋㅋ,신붕이 (220.65) 2025.07.22 22:27:33 스크랩 조회 586 추천 9 댓글 1,9,586,2025.07.22 22:27:33,https://gall.dcinside.com/mgallery/board/view/?id=shinilhs&no=9785&page=13,0.0,0,
schools_20p/신일고__shinilhs.csv,9782,[자유],자습,ㅈ같지만 4달만 참자 고삼붕이들아 화이팅 - dc official App,신붕이 (59.5) 2025.07.21 17:11:37 스크랩 조회 358 추천 6 댓글 0,6,358,2025.07.21 17:11:37,https://gall.dcinside.com/mgallery/board/view/?id=shinilhs&no=9782&page=13,0.0,0,
schools_20p/신일고__shinilhs.csv,9786,[자유],연관 갤러리에 대하여,"현재 신마갤의 연관 갤러리로는 LG트윈스갤, 자사고갤, 고등학교갤이 등재되어 있음. 쥐갤은 신일고출신 선수때문인지 선대 주딱 취향인지 모르겠지만 바꾸긴 해야한다고 생각이 들고, 자사고갤은 정전임. 그러니까 추천받는다는 뜻 - dc official App",서신 2025.07.22 23:32:20 스크랩 조회 568 추천 3 댓글 9,3,568,2025.07.22 23:32:20,https://gall.dcinside.com/mgallery/board/view/?id=shinilhs&no=9786&page=13,0.0,0,
schools_20p/신일고__shinilhs.csv,9779,[자유],"공부는 잘 못하는데, 좋은 대학 가고 싶으면?",신일고에서 꺼져 ㅋㅋ,신붕이 (59.5) 2025.07.19 13:50:51 스크랩 조회 909 추천 36 댓글 0,36,909,2025.07.19 13:50:51,https://gall.dcinside.com/mgallery/board/view/?id=shinilhs&no=9779&page=13,0.73,1,꺼져
schools_20p/신일고__shinilhs.csv,9778,[자유],나 47회인데 수학 허인표 선생 아직도 빡빡밀기 했냐?,지금 없으면 언제까지 했는지 말해주면 너무 고맙겠다 후배님들ㅠ,신붕이 (1.239) 2025.07.18 20:10:30 스크랩 조회 510 추천 0 댓글 2,0,510,2025.07.18 20:10:30,https://gall.dcinside.com/mgallery/board/view/?id=shinilhs&no=9778&page=13,0.0,0,
schools_20p/신일고__shinilhs.csv,9776,[자유],1학년 수학쌤,1학년 앞반뒷반 수학쌤 바뀌는거 진짜인가요 ?? ㅠㅠ,신붕이 (118.235) 2025.07.18 16:04:54 스크랩 조회 690 추천 2 댓글 6,2,690,2025.07.18 16:04:54,https://gall.dcinside.com/mgallery/board/view/?id=shinilhs&no=9776&page=13,0.0,0,
schools_20p/신일고__shinilhs.csv,9775,[자유],3학년 2학기에도 자습못하게하는쌤 있음?,ㅈㄱㄴ - dc official App,신붕이 (211.168) 2025.07.17 07:52:53 스크랩 조회 584 추천 0 댓글 1,0,584,2025.07.17 07:52:53,https://gall.dcinside.com/mgallery/board/view/?id=shinilhs&no=9775&page=13,0.0,0,
schools_20p/신일고__shinilhs.csv,9773,[자유],ㄹㅈㄷ,뭔지 알지 ㄹㅈㄷ,신붕이 (211.168) 2025.07.16 14:15:45 스크랩 조회 361 추천 2 댓글 0,2,361,2025.07.16 14:15:45,https://gall.dcinside.com/mgallery/board/view/?id=shinilhs&no=9773&page=13,0.0,0,
schools_20p/신일고__shinilhs.csv,9777,[자유],여름방학,알차게 보내보자 얘들아 57기 화이팅 - dc official App,신붕이 (218.51) 2025.07.18 17:35:41 스크랩 조회 325 추천 5 댓글 0,5,325,2025.07.18 17:35:41,https://gall.dcinside.com/mgallery/board/view/?id=shinilhs&no=9777&page=13,0.0,0,
schools_20p/신일고__shinilhs.csv,9772,[자유],갤주님 화력 웰케 죽었냐,ㅈㅂㄱㅎ 레전드는 많은데 글이 없네,신붕이 (211.168) 2025.07.16 11:25:44 스크랩 조회 406 추천 0 댓글 0,0,406,2025.07.16 11:25:44,https://gall.dcinside.com/mgallery/board/view/?id=shinilhs&no=9772&page=13,0.0,0,
schools_20p/신일고__shinilhs.csv,9771,[자유],수학여행,오사카 도쿄 어디가좋나요? 아직 종이안냈는데 박물관 역사 이런거 별로 안좋아하고 그냥 물건 많이 사오고싶고 가능하면 꼼데 하나 건져오고 싶습니다..,신붕이 (203.229) 2025.07.16 00:13:41 스크랩 조회 531 추천 1 댓글 4,1,531,2025.07.16 00:13:41,https://gall.dcinside.com/mgallery/board/view/?id=shinilhs&no=9771&page=13,0.0,0,
schools_20p/신일고__shinilhs.csv,9769,[자유],윤사 ㄹㅈㄷ,- dc official App,신붕이 (119.192) 2025.07.13 12:49:37 스크랩 조회 548 추천 0 댓글 0,0,548,2025.07.13 12:49:37,https://gall.dcinside.com/mgallery/board/view/?id=shinilhs&no=9769&page=13,0.0,0,
schools_20p/신일고__shinilhs.csv,9767,[자유],50기 젊은이 인데 아직도 야자 22시30분에 끝남?,다른학교에 비해 늦게끝나는듯? - dc official App,ㅇㅇ 2025.07.11 21:46:38 스크랩 조회 504 추천 0 댓글 3,0,504,2025.07.11 21:46:38,https://gall.dcinside.com/mgallery/board/view/?id=shinilhs&no=9767&page=13,0.0,0,
schools_20p/신일고__shinilhs.csv,9768,[자유],하 ㅅㅂ 오늘 스카에서 자다가 개씨발똥방구뀜 ..ㅠ,신일고 교복입고있었다 미안하다 애들아 여붕이들이 경멸하는 눈빛보내더라 ㅎㅎ..ㅠㅡㅠ,신붕이 (110.70) 2025.07.11 22:54:03 스크랩 조회 891 추천 13 댓글 2,13,891,2025.07.11 22:54:03,https://gall.dcinside.com/mgallery/board/view/?id=shinilhs&no=9768&page=13,0.81,1,"ㅅㅂ, 씨발"
schools_20p/신일고__shinilhs.csv,9766,[자유],씨1발!!!!!,- dc official App,토토잇니 2025.07.10 16:45:21 스크랩 조회 614 추천 8 댓글 1,8,614,2025.07.10 16:45:21,https://gall.dcinside.com/mgallery/board/view/?id=shinilhs&no=9766&page=13,0.0,0,
schools_20p/신일고__shinilhs.csv,9765,[자유],1학년 수학 등급컷,친구한테 들은건데 ㅊㅈㅇ 선생님께서 1컷 60 몇 2컷 40 후반이라시는데 맞나요?,신붕이 (1.248) 2025.07.10 00:16:19 스크랩 조회 840 추천 1 댓글 7,1,840,2025.07.10 00:16:19,https://gall.dcinside.com/mgallery/board/view/?id=shinilhs&no=9765&page=13,0.0,0,
schools_20p/신일고__shinilhs.csv,9763,[자유],아니 고아 마드리드 친구들,본인은 전에 너희들 저격했던 58기인데 지금 구단주 인스타를 1시간 넘게 찾아도 안 나온다 혹시 구단주 인스타 가지고 있는 59기 친구들 좀 도와줘라,신붕이 (218.235) 2025.07.09 22:38:35 스크랩 조회 562 추천 10 댓글 2,10,562,2025.07.09 22:38:35,https://gall.dcinside.com/mgallery/board/view/?id=shinilhs&no=9763&page=13,0.0,0,
schools_20p/신일고__shinilhs.csv,9760,[자유],공부법,공부법이 잘못된거 같을때는 뭐부터 해야하나요… 어디서부터 잘못된건지 모르겠어요,신붕이 (203.229) 2025.07.08 18:33:14 스크랩 조회 740 추천 1 댓글 10,1,740,2025.07.08 18:33:14,https://gall.dcinside.com/mgallery/board/view/?id=shinilhs&no=9760&page=13,0.0,0,
schools_20p/신일고__shinilhs.csv,9759,[자유],개추박고 꺼져라,,신붕이 (118.221) 2025.07.08 16:41:05 스크랩 조회 914 추천 26 댓글 1,26,914,2025.07.08 16:41:05,https://gall.dcinside.com/mgallery/board/view/?id=shinilhs&no=9759&page=13,0.73,1,꺼져
schools_20p/신일고__shinilhs.csv,9758,[자유],설문조사,https://docs.google.com/forms/d/e/1FAIpQLSe7rQrVngwyzqgzXldkdy1AvENwtXDVq7HPyUwWFq9mtKRnlg 한번씩 해주시면 감사하겠습니다,신붕이 (121.128) 2025.07.08 13:44:00 스크랩 조회 381 추천 0 댓글 1,0,381,2025.07.08 13:44:00,https://gall.dcinside.com/mgallery/board/view/?id=shinilhs&no=9758&page=13,0.0,0,
schools_20p/신일고__shinilhs.csv,9757,[자유],국어는 또 왜이럼,수학한테 난이도 싹 흡수당했노 - dc official App,ㅇㅇ 2025.07.08 12:39:05 스크랩 조회 544 추천 2 댓글 0,2,544,2025.07.08 12:39:05,https://gall.dcinside.com/mgallery/board/view/?id=shinilhs&no=9757&page=13,0.0,0,
schools_20p/신일고__shinilhs.csv,9756,[자유],58기 문학,다들 어케됬누?,신붕이 (211.234) 2025.07.08 11:00:24 스크랩 조회 419 추천 0 댓글 0,0,419,2025.07.08 11:00:24,https://gall.dcinside.com/mgallery/board/view/?id=shinilhs&no=9756&page=13,0.0,0,
schools_20p/신일고__shinilhs.csv,9755,[자유],언매 이모티콘ㅋㅋㅋ,- dc official App,신붕이 (211.168) 2025.07.08 09:28:48 스크랩 조회 306 추천 1 댓글 0,1,306,2025.07.08 09:28:48,https://gall.dcinside.com/mgallery/board/view/?id=shinilhs&no=9755&page=13,0.0,0,
schools_20p/신일고__shinilhs.csv,9754,[자유],1학년이 수학으로 고통받는 이 시점,심화수학 B나와서 ㅈ된 고3이면 개추 ㅋㅋ - dc official App,신붕이 (106.102) 2025.07.07 20:02:35 스크랩 조회 576 추천 6 댓글 1,6,576,2025.07.07 20:02:35,https://gall.dcinside.com/mgallery/board/view/?id=shinilhs&no=9754&page=13,0.0,0,
schools_20p/신일고__shinilhs.csv,9753,[자유],1학년 수학 점수조사,,신붕이 (221.143) 2025.07.07 14:39:23 스크랩 조회 637 추천 0 댓글 1,0,637,2025.07.07 14:39:23,https://gall.dcinside.com/mgallery/board/view/?id=shinilhs&no=9753&page=13,0.0,0,
schools_20p/신일고__shinilhs.csv,9752,[자유],1학년 수학 이 씹 ㅋㅋㅋㅋㅋㅋ,자고로 시험이란 문제 탓이 아니라 공부 안한 자기탓을 하면서 본인 모습을 반추해볼 수 있게하고 그리하여 자신을 한단계 더 성장시킬 수 있게 해야 한다고 생각한다 근데 이번엔 좀 엇나간 것 같앴다.. 열심히 공부하는 친구들과 그렇지 않은 친구들을 변별하려 했던거면 심각한 판단미스다 단면시험지 네장으로 이정도의 절망감을 유발해낸 점에서는 대단하다고 할수 있겠다 솔직히 존나 못봐서 한탄하는 거 맞는데 다들 비슷한 심정인거같애서 써본다 - dc official App,ㅇㅇ (58.122) 2025.07.07 13:03:18 스크랩 조회 1495 추천 20 댓글 8,20,1495,2025.07.07 13:03:18,https://gall.dcinside.com/mgallery/board/view/?id=shinilhs&no=9752&page=13,0.73,1,존나
schools_20p/신일고__shinilhs.csv,9751,[자유],1학년 수학 ㄹㅇ,이거 어떡하노? 1컷 몇으로 예상함?,신붕이 (211.234) 2025.07.07 12:37:52 스크랩 조회 711 추천 1 댓글 3,1,711,2025.07.07 12:37:52,https://gall.dcinside.com/mgallery/board/view/?id=shinilhs&no=9751&page=13,0.0,0,
schools_20p/신일고__shinilhs.csv,9750,[자유],아니시발,쉽게내느라 힘들어 죽겠다면서요… - dc official App,ㅇㅇ 2025.07.07 12:15:15 스크랩 조회 614 추천 5 댓글 3,5,614,2025.07.07 12:15:15,https://gall.dcinside.com/mgallery/board/view/?id=shinilhs&no=9750&page=13,0.73,1,시발
schools_20p/신일고__shinilhs.csv,9749,[자유],신일고 홈페이지 터진거임?,.,신붕이 (118.235) 2025.07.07 10:50:25 스크랩 조회 421 추천 1 댓글 0,1,421,2025.07.07 10:50:25,https://gall.dcinside.com/mgallery/board/view/?id=shinilhs&no=9749&page=13,0.0,0,
schools_20p/신일고__shinilhs.csv,9747,[자유],건대 얘기 나와서 정시 결과 가져와봄,얘네는 문과는 국어 잘하는애 이과는 수학 잘하는애 뽑네 공대 수학 백분위 97 98 아래는 누적백분위,ㅇㅇ (106.102) 2025.07.04 21:08:35 스크랩 조회 1803 추천 4 댓글 2,4,1803,2025.07.04 21:08:35,https://gall.dcinside.com/mgallery/board/view/?id=shinilhs&no=9747&page=13,0.0,0,
schools_20p/신일고__shinilhs.csv,9739,[자유],기말고사 언제까지임?,ㅈㄱㄴ - dc official App,ㅇㅇ 2025.07.02 21:06:09 스크랩 조회 243 추천 0 댓글 1,0,243,2025.07.02 21:06:09,https://gall.dcinside.com/mgallery/board/view/?id=shinilhs&no=9739&page=14,0.0,0,
schools_20p/신일고__shinilhs.csv,9745,[자유],1학년 1학기 내신,5등급제 기준 2학기때 1점대 찍는다는 가정하고 1학기 내신 몇점대까지 박아도 복구 가능한가요 목표 건국대,신붕이 (1.248) 2025.07.04 15:55:12 스크랩 조회 478 추천 0 댓글 1,0,478,2025.07.04 15:55:12,https://gall.dcinside.com/mgallery/board/view/?id=shinilhs&no=9745&page=14,0.0,0,
schools_20p/신일고__shinilhs.csv,9744,[자유],1학년 과학,어땠음?? 중간보다 어려운 느낌..,신붕이 (211.235) 2025.07.04 13:28:44 스크랩 조회 402 추천 0 댓글 2,0,402,2025.07.04 13:28:44,https://gall.dcinside.com/mgallery/board/view/?id=shinilhs&no=9744&page=14,0.0,0,
schools_20p/신일고__shinilhs.csv,9740,[자유],작년 물리1 등급컷좀 알려주세요..,.,신붕이 (221.138) 2025.07.02 21:40:32 스크랩 조회 376 추천 0 댓글 2,0,376,2025.07.02 21:40:32,https://gall.dcinside.com/mgallery/board/view/?id=shinilhs&no=9740&page=14,0.0,0,
schools_20p/신일고__shinilhs.csv,9746,[자유],건국대학교 특),"정시 준비할 때: 평균 2등급대만 나오면 비빌 수 있을 것 같음 수학만 올리면 충분히 볶아먹을 대학같음 학종 준비할 때: ​ 2점 중반은 받아야 적정인 대학 이악물고 수시해서 등급따도 갈 일 없음 2점대들은 죽어도 정시, 수시로 안감 근데 3점대들은 안뽑아줌ㅋㅋ 근데? 정시에서 내신3점대들이 붙음 ㅋㅋ - dc official App",신붕이 (211.36) 2025.07.04 20:02:46 스크랩 조회 648 추천 1 댓글 3,1,648,2025.07.04 20:02:46,https://gall.dcinside.com/mgallery/board/view/?id=shinilhs&no=9746&page=14,0.73,1,죽어
schools_20p/신일고__shinilhs.csv,9743,[자유],1학년 국사 어땟음?,개인적으로 저번보다 꽤 아리까리했는데 다들 그랬음? 걍 내가 공부 안한건가 - dc official App,ㅇㅇ (223.38) 2025.07.04 13:24:46 스크랩 조회 349 추천 0 댓글 1,0,349,2025.07.04 13:24:46,https://gall.dcinside.com/mgallery/board/view/?id=shinilhs&no=9743&page=14,0.0,0,
schools_20p/신일고__shinilhs.csv,9742,[자유],2교시때 무조건 자습실 가야함?,1교시 3교시 시험인데 2교시에 자습실에 무조건 있어야하나,ㅇㅇ (121.160) 2025.07.04 03:45:31 스크랩 조회 316 추천 0 댓글 2,0,316,2025.07.04 03:45:31,https://gall.dcinside.com/mgallery/board/view/?id=shinilhs&no=9742&page=14,0.0,0,
schools_20p/신일고__shinilhs.csv,9741,[자유],물리,물리1 평균 몇뜰거같음,신붕이 (211.234) 2025.07.03 11:09:24 스크랩 조회 398 추천 0 댓글 1,0,398,2025.07.03 11:09:24,https://gall.dcinside.com/mgallery/board/view/?id=shinilhs&no=9741&page=14,0.0,0,
schools_20p/신일고__shinilhs.csv,9738,[자유],신일고 1학년 영어,나 기말 중간 수행 합쳐서 79.5 정도 나오는데 이거 2 뜨려나? 5등급 기준,신붕이 (175.192) 2025.07.02 19:00:00 스크랩 조회 436 추천 0 댓글 1,0,436,2025.07.02 19:00:00,https://gall.dcinside.com/mgallery/board/view/?id=shinilhs&no=9738&page=14,0.0,0,
schools_20p/신일고__shinilhs.csv,9733,[자유],얘들아,후회없이 살자 모두,신붕이 (221.143) 2025.06.24 22:56:26 스크랩 조회 937 추천 12 댓글 1,12,937,2025.06.24 22:56:26,https://gall.dcinside.com/mgallery/board/view/?id=shinilhs&no=9733&page=14,0.0,0,
schools_20p/신일고__shinilhs.csv,9732,[자유],정보과학,정보과학 선생님의 기준이 자신에게만은 느슨한 경향이 있지만 그래도 선생님이 신데 말대꾸 하는 꼬라지가 보는 사람도 불쾌할 정도 인데 작작좀 말대구좀 해라,신붕이 (211.168) 2025.06.24 16:11:07 스크랩 조회 994 추천 24 댓글 8,24,994,2025.06.24 16:11:07,https://gall.dcinside.com/mgallery/board/view/?id=shinilhs&no=9732&page=14,0.0,0,
schools_20p/신일고__shinilhs.csv,9736,[자유],< 신일고등학교 쿠키런: 킹덤 길드원 모집 >,서버 : 퓨어바닐라 길드명 : 신일고등학교 길드레벨 : 57 길드톡방 : https://open.kakao.com/o/gxy1kkvg 신일고등학교 [쿠키런: 킹덤] 신일고등학교 [쿠키런: 킹덤] open.kakao.com 아무나 열정있으신 분들은 들어와주세요 - dc official App,라니츠 2025.06.30 18:53:05 스크랩 조회 498 추천 8 댓글 2,8,498,2025.06.30 18:53:05,https://gall.dcinside.com/mgallery/board/view/?id=shinilhs&no=9736&page=14,0.0,0,
schools_20p/신일고__shinilhs.csv,9737,[자유],1학년 영어 어려웠음?,중간이랑 비슷한데 조금 까다로운 느낌인데 다들 어땠음? - dc official App,ㅇㅇ 2025.07.02 13:01:27 스크랩 조회 449 추천 0 댓글 1,0,449,2025.07.02 13:01:27,https://gall.dcinside.com/mgallery/board/view/?id=shinilhs&no=9737&page=14,0.0,0,
schools_20p/신일고__shinilhs.csv,9730,[자유],"내신을 준비하는 자세, 눈빛, 호흡법","마지막 내신을 앞두고 그동안 신일고 입학해서 치룬 아홉번의 지필고사 경험에서 우러나온 나름의 노하우?를 신붕이들에게 알려주고자 함. ""니가 뭔데 수시 훈수를 둠?"" 이라는 질문을 할 수 있는데, 10~30등대 천상계보다 나같은 3점대가 내신으로 고민하는 신붕이들한테 실질적으로 도움이 될 수 있다고 생각해서 적는거임. 그리고 나라는 사람의 스타일의 특수성 때문에 3점대임에도 과목 1등급부터 6등급까지 다 받아본 경험이 있어서 마냥 영양가 없다고 느껴지지는 않을거임. (1학년때는 이거보다 더 못했음)​ ​ 이건 내가 딱 1년 전 이맘때 치뤘던 2학년 1학기 기말 성적임. 보통 3점대들 성적이 애매하게 섞인 345등급으로 이러지도 저러지도 못하는 느낌일텐데, 난 평범한 케이스는 아니긴 함. 거두절미하고 시작 1. 스스로에 대한 이해도를 높여라 시험 보기 일주일 전 즈음이면 자신이 실제 기말고사에서 어떤 과목을 몇 등급 받을지 대충 가닥이 잡히는 것이 정상임. 예를 들어 지금까지 공부한 꼬라지를 보니 수학 4등급, 탐구 2등급이 나오겠다 싶지 않겠음? 이때, 자신이 예측한 성적과 시험 보고 리로에 찍히는 성적 간의 차이가 3개 과목 이상에서 발생한다면 정말 생각 없이 산다고 해도 과언이 아님. 이 정확도를 높여야 자신이 어느 과목을 얼마나 공부해서 몇 등급을 받아낼지 뚜렷하게 계획을 할 수 있게 되고, 불필요하게 소비되는 순공시간들을 없앨 수 있음. 이것을 하나의 메타인지이자 경량화 작업 정도로 생각했으면 좋겠음. 2. 선택과 집중을 하라 현재 3등급인 국어를 2등급으로 올리는 것과, 현재 5등급인 수학을 4등급으로 올리는 것 중 무엇이 더 빠를까? -> 사람에 따라 다름. 하지만, 대부분의 학생들의 경우, 전자가 압도적으로 쉽다고 느껴질거임.(과목은 임의로 생각하셈) 사람은 잘하는 과목을 더 잘하는게 못하는 과목을 파는 것보다 빠르고 효율적일 수 밖에 없음. 이는 단기간에 많은 양을 몰아쳐야하는 내신 기간에 매우 유효하게 다가옴. 즉, 현실적으로 3, 4등급대 학생들에게는 자신과 안맞는 과목을 도전하는 것 보다 나름 자신 있는 과목을 갈고닦아서 계속 좋은 성적을 받아내게 하여 내신 등급을 견인하는 것이 합리적인 전략임. 실제로 나는 국어는 계속 2등급, 영어는 계속 5등급이 나와서 평균 등급이 자꾸 어정쩡하게 추락하는게 고민이었는데 선택과 집중으로 영어는 그냥 6만 안뜨게 공부하고 원래 잘하는 국어, 세지에 더욱 집중했음.(ㅈㅇㅇ선생님께서 강하게 조언해주셨던 내용이었는데, 실제로 매우 도움됐음.) 추가로, 조금만 더 열심히 하면 오를 것 같은 경제에 시간 투자하는 것도 잊지 않았음. ​ 3. 긍정적인 태도로 학교생활에 임하라 ​ 여기서 말하는 태도는 남에 대한 태도와, 자신에 대한 태도로 구분할 수 있음. 1) 남에 대한 태도 옆에서 같이 공부하는 친구가 자칫 경쟁자로 보이고 뛰어넘어야 하는 존재로 인식될 수 있지만, 입시라는 긴 마라톤에서 친구는 경쟁자가 아닌 동반자임. 친구의 성적이 오르는 건 그 친구에게도 좋은 일이고, 나에게도 좋은 일임. 남을 하나하나 신경쓰고 견제하는 것만큼 속 좁고 무의미한 게 없음. 친구를 도와줘서 성장시키고 그 과정에서 나도 무언가를 얻어 자양분으로 삼는 게 가장 이상적인 관계라는 것을 인식했으면 좋겠음. 조언을 아끼지 말라. 2) 자신에 대한 태도 지금까지의 내용 중 가장 중요한 것. 앞서 말했듯, 입시는 긴 마라톤임. 앞선 시험의 결과는 좋던 나쁘던 다음 시험에 필연적으로 영향을 주게 돼있음. 시험을 망치고 한 번 위축되면 극복하기 정말 어려워짐. 이럴 때는 실패를 긍정적으로 받아들이는게 중요함. 단순히 정신승리를 하고 끝내라는 것이 아님. 실패 속에서도 내가 잘했거나 새로 이뤄낸 부분들은 두고두고 회상하며 자신감으로 삼고, 부끄럽거나 미련한 부분들은 바꿀 점만 찾고 그냥 잊어버려야 함. 실패를 계속 생각하는 건 절대 좋은 게 아님. 특히 나는 우리 집의 하나뿐인 아들임에도, 칭찬을 전혀 안 해주는 부모님 성격 때문에 힘 빠지는 순간이 많았음. 그럴 땐 그냥 내가 잘한 순간들을 떠올리면서 자존감을 챙기는 수밖에 없었음. 내 마인드 컨트롤을 부모님이 해주나? 담임선생님이 해주나? 나 자신이 신경 써야 하는 문제이니까. 결국 하고 싶은 말은, 스스로를 위축시키지 않았으면 좋겠다는거임. 비록 지금의 내 능력이 조금 떨어져도 언젠간 앞이 트일거라는 확신을 가져야 험난한 자사고에서 나 자신을 찾을 수 있음. 우리는 믿음으로 일하는 자유인이니까 - dc official App",서신 2025.06.23 23:23:41 스크랩 조회 1229 추천 27 댓글 3,27,1229,2025.06.23 23:23:41,https://gall.dcinside.com/mgallery/board/view/?id=shinilhs&no=9730&page=14,0.0,0,
schools_20p/신일고__shinilhs.csv,9725,[자유],신일고에 프로세카 하는 사람 있나,올때 프로세카 하는 사람 많다는 친구 말이 있었는데 그거 진짜임?,신붕이 (49.170) 2025.06.22 23:46:45 스크랩 조회 497 추천 4 댓글 7,4,497,2025.06.22 23:46:45,https://gall.dcinside.com/mgallery/board/view/?id=shinilhs&no=9725&page=14,0.0,0,
schools_20p/신일고__shinilhs.csv,9724,[자유],형들 중3인데 고민좀,그래도 주변 학교보다는 시험 어려운 곳에서 중상위권 정도 하고 신일이랑 중앙 고민하다가 중앙은 넘 빡셀거같아서 신일 고려중인데 학교 갈만한지 남겨주세요! 프로그램이나 그런건 어떤지용,신붕이 (180.230) 2025.06.21 22:45:33 스크랩 조회 632 추천 0 댓글 7,0,632,2025.06.21 22:45:33,https://gall.dcinside.com/mgallery/board/view/?id=shinilhs&no=9724&page=14,0.0,0,
schools_20p/신일고__shinilhs.csv,9723,[자유],신일고 실외화,신일고 밖에서 신는 운동화 신으면 안되나요?,신붕이 (49.170) 2025.06.21 20:06:26 스크랩 조회 366 추천 0 댓글 1,0,366,2025.06.21 20:06:26,https://gall.dcinside.com/mgallery/board/view/?id=shinilhs&no=9723&page=14,0.0,0,
schools_20p/신일고__shinilhs.csv,9720,[질문],작년 수1 등급컷,57기님들중에 작년 수1 기말 등급컷 아시는 분들 계실까요? 61.4면 4등급 정도 되나요?,신붕이 (211.36) 2025.06.21 13:39:10 스크랩 조회 463 추천 0 댓글 2,0,463,2025.06.21 13:39:10,https://gall.dcinside.com/mgallery/board/view/?id=shinilhs&no=9720&page=14,0.0,0,
schools_20p/신일고__shinilhs.csv,9718,[자유],정보과학,이거 2학기때 ㅎㅇㅈ선생님 반으로 바꿀 수 있나? 진짜 정보과학에서 뭘 배우고 싶은데 ㅂㅎㅅ-> 진짜 말이 안되서 그럼.,신붕이 (118.221) 2025.06.20 11:56:03 스크랩 조회 615 추천 2 댓글 4,2,615,2025.06.20 11:56:03,https://gall.dcinside.com/mgallery/board/view/?id=shinilhs&no=9718&page=14,0.0,0,
schools_20p/신일고__shinilhs.csv,9717,[자유],학생회장,학생회장 삭발 않겠다 선언,신붕이 (211.168) 2025.06.20 11:51:38 스크랩 조회 500 추천 1 댓글 3,1,500,2025.06.20 11:51:38,https://gall.dcinside.com/mgallery/board/view/?id=shinilhs&no=9717&page=14,0.0,0,
schools_20p/신일고__shinilhs.csv,9721,[자유],신일고 3년차의 신일고 사진 모음집,"일단 난 사진대회도 열심히 나가는 사진 취미생인데 사진대회 제출기한도 끝났겠다 그동안 모아놓은 신일고 사진 올려봄. 참고로 얼굴 나오는 사진은 다 스티커로 가려뒀음! 이건 1학년 사진대회에서 은상 받았던 사진인데 부산 수학여행 중 롯데월드에서 찍었던 사진 이건 신일의 봄 공모전 제출했던 작품 & 올해 사진대회에도 재탕함...ㅋㅋㅋ 이건 작년 사진대회 금상, 왜인지는 모르겠으나 ㄹㅈㄱ선생님께서는 3학년에게만 상을 주시는거같아서 슬픔... 별관자습실 뒤 운동장 이사장님 건물(구리당) 예수상 1 예수상 2 모두가 다 아는 정문쪽 구조물 그리고 매점 앞에서 본 본관 모습 못 찍었지만 다들 봐 줘서 고마워! 스티커로 다 가리느라 힘들었다 ㅜ - dc official App",신붕이 (59.5) 2025.06.21 19:04:49 스크랩 조회 1340 추천 30 댓글 5,30,1340,2025.06.21 19:04:49,https://gall.dcinside.com/mgallery/board/view/?id=shinilhs&no=9721&page=14,0.0,0,
schools_20p/신일고__shinilhs.csv,9716,[자유],얼마나 잤길래,자습튜터쌤? 그렇게 큰소리 내시는거 처음봄 - dc official App,ㅇㅇ 2025.06.19 23:09:29 스크랩 조회 560 추천 4 댓글 2,4,560,2025.06.19 23:09:29,https://gall.dcinside.com/mgallery/board/view/?id=shinilhs&no=9716&page=14,0.0,0,
schools_20p/신일고__shinilhs.csv,9715,[자유],다시 돌아왔다,2학년 ‘그’과목 ㄹㅈㄷ 갱신중,신붕이 (106.101) 2025.06.19 19:28:16 스크랩 조회 355 추천 2 댓글 1,2,355,2025.06.19 19:28:16,https://gall.dcinside.com/mgallery/board/view/?id=shinilhs&no=9715&page=14,0.0,0,
schools_20p/신일고__shinilhs.csv,9714,[자유],이거 신일고 전용 모자 아니냐,신일고 다들 파이팅,식쵸화채 2025.06.19 16:33:17 스크랩 조회 666 추천 8 댓글 2,8,666,2025.06.19 16:33:17,https://gall.dcinside.com/mgallery/board/view/?id=shinilhs&no=9714&page=14,0.0,0,
schools_20p/신일고__shinilhs.csv,9712,[자유],선배님덜,아까 매점 가는 복도에서 혼나고 계시던데 디시얘기 나오던거 뭔가요????,신붕이 (211.168) 2025.06.17 12:57:25 스크랩 조회 417 추천 0 댓글 0,0,417,2025.06.17 12:57:25,https://gall.dcinside.com/mgallery/board/view/?id=shinilhs&no=9712&page=14,0.0,0,
schools_20p/신일고__shinilhs.csv,9711,[자유],꼬꼬무 오패산 맥크리 입갤,"https://youtu.be/szXDdnTueqM?si=TV7geG-XdRQ7w2Zy [꼬꼬무 179회 요약] 도심 한복판에서 벌어진 총격전, 2016 서울 총격 테러 사건 (SBS방송) #꼬꼬무 #꼬꼬무 #꼬꼬무요약 #아귀의전쟁 #성병대장도연, 장성규, 장현성 세 이야기꾼이 전하는'꼬리에 꼬리를 무는 그날 이야기'179회. 2016 서울 총격 테러 사건 (2025.06.12 방송)[꼬리에 꼬리를 무는 그날 이야기] 풀영상 다시보기 ▶ 꼬꼬무 홈페이지 : https://pr... youtu.be - dc official App",신붕이 (118.238) 2025.06.16 13:07:52 스크랩 조회 645 추천 2 댓글 10,2,645,2025.06.16 13:07:52,https://gall.dcinside.com/mgallery/board/view/?id=shinilhs&no=9711&page=14,0.0,0,
schools_20p/신일고__shinilhs.csv,9710,[자유],부회장과 회장의 차이,회장: 기권 5표 부회장: 기권 34표 - dc official App,ㅇㅇ 2025.06.15 09:12:30 스크랩 조회 558 추천 5 댓글 3,5,558,2025.06.15 09:12:30,https://gall.dcinside.com/mgallery/board/view/?id=shinilhs&no=9710&page=14,0.0,0,
schools_20p/신일고__shinilhs.csv,9708,[자유],현 부회장에게 전하고 싶다,진지하게 한마디 하자면 현 회장 당선인은 작년에 열심히 한 것도 있고 애초에 3학년 사이에서는 유세 전에도 ㄱㅅㅇ쪽으로 몰려 있었음 근데다가 유세 시작하고 나서도 6모 때도 하고 매일 밥 안 먹고 유세하는 것 등등 모든 후보 통틀어서 제일 열심히 했고 인지도 면에서도 ㄱㅅㅇ가 압승이었고 그래서 당연한 결과라 생각하는데 근데 부회장 당선인은 솔직히 세 후보 중에서 제일 열심히 안 했다 생각하고 뽑힌 이유가 연설 때 관심 끌었던 거밖에 없고 당선인이 잘한 게 아니라 운이 좋았다고 생각함 그래서 당선되고도 열심히 안 할 거라는 생각밖에 안 든다 이미 뽑혀서 어쩔 수 없지만 적어도 최선을 다해 줬으면 좋겠음 그 자리에 맞는 사람이 되길 바란다 제발,신붕이 (180.80) 2025.06.13 23:30:30 스크랩 조회 848 추천 22 댓글 2,22,848,2025.06.13 23:30:30,https://gall.dcinside.com/mgallery/board/view/?id=shinilhs&no=9708&page=14,0.0,0,
schools_20p/신일고__shinilhs.csv,9709,[자유],가글?,깨끗해지는건 입이 아니라 학교 예산이였누,쿰척쿰척 (221.145) 2025.06.15 00:15:07 스크랩 조회 705 추천 11 댓글 5,11,705,2025.06.15 00:15:07,https://gall.dcinside.com/mgallery/board/view/?id=shinilhs&no=9709&page=14,0.0,0,
schools_20p/신일고__shinilhs.csv,9706,[자유],신일고 사대..,인문분야 교육계열 희망하는 59기입니다. 선배들 중 사대 진학하는 비율이 많은 편인가요?,신붕이 (211.235) 2025.06.12 21:52:33 스크랩 조회 763 추천 1 댓글 6,1,763,2025.06.12 21:52:33,https://gall.dcinside.com/mgallery/board/view/?id=shinilhs&no=9706&page=14,0.0,0,
schools_20p/신일고__shinilhs.csv,9704,[자유],다시 보니 ㅆㅅㅌㅊ였던 사람,ㅅㅈㅇ,신붕이 (45.33) 2025.06.12 08:19:49 스크랩 조회 1000 추천 8 댓글 4,8,1000,2025.06.12 08:19:49,https://gall.dcinside.com/mgallery/board/view/?id=shinilhs&no=9704&page=14,0.0,0,
schools_20p/신일고__shinilhs.csv,9703,[자유],현시점 회장 부회장에 대한 생각,"회장: 2찍 당선 확정 부회장 1번: 공약 ㄱㅊ, 연설이 많이 답답함 2번: 개깝침, 연설전의 큰 '야'로 많이 비호감, ㅇㅎㅅ의 재림같은 느낌 3번: 공약 ㅂㄹ, 연설은 좀 괜찮게 함 그래서 부회장 누구뽑아야함 ㅅㅂ - dc official App",신붕이 (211.168) 2025.06.12 07:57:54 스크랩 조회 594 추천 1 댓글 3,1,594,2025.06.12 07:57:54,https://gall.dcinside.com/mgallery/board/view/?id=shinilhs&no=9703&page=14,0.73,1,ㅅㅂ
schools_20p/신일고__shinilhs.csv,9702,[자유],59기 고아 마드리드 친구들,그냥 릴스 넘기다가 떠서 보는데 역시 아직 1학년인지라 재밌게 놀더라 지금 글쓰는본인이 2학년인데 거기 구단주랑 바로 친구먹었다 ㅋㅋ 암튼 1학년들 재밌게 학교생활하고 고아마드리드도 화이팅해라,신붕이 (218.235) 2025.06.12 01:04:17 스크랩 조회 841 추천 13 댓글 4,13,841,2025.06.12 01:04:17,https://gall.dcinside.com/mgallery/board/view/?id=shinilhs&no=9702&page=14,0.0,0,
schools_20p/신일고__shinilhs.csv,9701,[자유],신일고 누구 뽑아?,마린짱한테 뽑 보하고 아 이시떼류요,신일맨이야 (221.145) 2025.06.12 01:00:46 스크랩 조회 496 추천 4 댓글 0,4,496,2025.06.12 01:00:46,https://gall.dcinside.com/mgallery/board/view/?id=shinilhs&no=9701&page=14,0.0,0,
schools_20p/신일고__shinilhs.csv,9693,[자유],기호3번 싱싱좌,ㅅㅂ미친건갘ㅋㅋㅋㅋㅋㅋㅋㅋㅋ 연설은 은근잘했는데 왜한건지 모르겟음,신붕이 (211.168) 2025.06.11 14:05:58 스크랩 조회 467 추천 3 댓글 0,3,467,2025.06.11 14:05:58,https://gall.dcinside.com/mgallery/board/view/?id=shinilhs&no=9693&page=14,0.73,1,ㅅㅂ
schools_20p/신일고__shinilhs.csv,9700,[자유],연설할때 자서그런데,부회장 연설 누가젤잘함? 회장은 확정인거같고,신붕이 (211.235) 2025.06.11 22:28:01 스크랩 조회 457 추천 1 댓글 2,1,457,2025.06.11 22:28:01,https://gall.dcinside.com/mgallery/board/view/?id=shinilhs&no=9700&page=14,0.0,0,
schools_20p/신일고__shinilhs.csv,9694,[자유],2번,다리꼬고있는건 뭐냐 - dc official App,신붕이 (118.235) 2025.06.11 16:41:57 스크랩 조회 439 추천 4 댓글 2,4,439,2025.06.11 16:41:57,https://gall.dcinside.com/mgallery/board/view/?id=shinilhs&no=9694&page=14,0.0,0,
schools_20p/신일고__shinilhs.csv,9692,[자유],"2025 정,부회장 후보 유세 ㄹㅈㄷ","전교회장 후보 1번: 상?처받는 말들을 많이 들었습니다…(입술이 핑크핑크한데 게이냐, 뽀샵한거냐) 하지만 도망가지 않습니다! 전교회장 후보 2번: 올해도 삭발 공약 전교부회장 후보 2번:홍준표 2번~홍준표 2번~ 전교부회장 후보 3번:노무현이 왔습니다 상상한 노무현이 왔습니다! 올해 부회장 후보에 유난히 일배가 많노",최고의감독푼동 2025.06.11 09:22:30 스크랩 조회 830 추천 15 댓글 1,15,830,2025.06.11 09:22:30,https://gall.dcinside.com/mgallery/board/view/?id=shinilhs&no=9692&page=14,0.0,0,
schools_20p/신일고__shinilhs.csv,9691,[자유],2025 신일미터 회장 후보 여론조사,,최고의감독푼동 2025.06.11 08:50:58 스크랩 조회 469 추천 1 댓글 0,1,469,2025.06.11 08:50:58,https://gall.dcinside.com/mgallery/board/view/?id=shinilhs&no=9691&page=14,0.0,0,
schools_20p/신일고__shinilhs.csv,9690,[자유],2025 신일미터 부회장 후보 여론조사,,최고의감독푼동 2025.06.11 08:17:09 스크랩 조회 643 추천 2 댓글 0,2,643,2025.06.11 08:17:09,https://gall.dcinside.com/mgallery/board/view/?id=shinilhs&no=9690&page=14,0.0,0,
schools_20p/신일고__shinilhs.csv,9689,[자유],1학년 국어,그렇게 나빠 보이지는 않는데 59기 생각은 어떰?,신붕이 (211.234) 2025.06.11 00:34:40 스크랩 조회 848 추천 3 댓글 12,3,848,2025.06.11 00:34:40,https://gall.dcinside.com/mgallery/board/view/?id=shinilhs&no=9689&page=14,0.0,0,
schools_20p/신일고__shinilhs.csv,9688,[자유],부회장 후보들,껄렁대지마 회장후보들처럼 제대로좀 해 - dc official App,신붕이 (39.7) 2025.06.10 22:21:24 스크랩 조회 283 추천 5 댓글 0,5,283,2025.06.10 22:21:24,https://gall.dcinside.com/mgallery/board/view/?id=shinilhs&no=9688&page=14,0.0,0,
schools_20p/신일고__shinilhs.csv,9687,[자유],현재 회장 부회장 후보들에게,누가 될지는 모르겠지만 솔직히 급식데이나 별관 와이파이 같은 사실상 불가능한 공약인건 알고 안 지켜도 되지만 그 자리에서 최선을 다해 줬으면 좋겠다 그래야 우리가 뽑은 의미가 있다,신붕이 (211.234) 2025.06.10 21:43:25 스크랩 조회 336 추천 4 댓글 2,4,336,2025.06.10 21:43:25,https://gall.dcinside.com/mgallery/board/view/?id=shinilhs&no=9687&page=14,0.0,0,
schools_20p/신일고__shinilhs.csv,9686,[자유],신일 와이파이 비번 뭐였죠?,급해요..,신붕이 (118.235) 2025.06.10 16:20:26 스크랩 조회 305 추천 0 댓글 2,0,305,2025.06.10 16:20:26,https://gall.dcinside.com/mgallery/board/view/?id=shinilhs&no=9686&page=14,0.0,0,
schools_20p/신일고__shinilhs.csv,9684,[자유],누가 더 유명함 아리아나 그란데 호날두,- dc official App,디바 (223.39) 2025.06.10 08:34:38 스크랩 조회 236 추천 0 댓글 1,0,236,2025.06.10 08:34:38,https://gall.dcinside.com/mgallery/board/view/?id=shinilhs&no=9684&page=14,0.0,0,
schools_20p/신일고__shinilhs.csv,9683,[자유],59기 영어 기말고사 시험범위,나왔냐,신붕이 (106.102) 2025.06.09 23:17:23 스크랩 조회 351 추천 0 댓글 2,0,351,2025.06.09 23:17:23,https://gall.dcinside.com/mgallery/board/view/?id=shinilhs&no=9683&page=14,0.0,0,
schools_20p/신일고__shinilhs.csv,9682,[자유],1학년 자습실,ㅎㅅㅎ 선생님 16킬은 애들이 문제 아닌가 - dc official App,신붕이 (118.235) 2025.06.09 22:13:24 스크랩 조회 420 추천 3 댓글 1,3,420,2025.06.09 22:13:24,https://gall.dcinside.com/mgallery/board/view/?id=shinilhs&no=9682&page=14,0.0,0,
schools_20p/신일고__shinilhs.csv,9681,[자유],1학년 국어 유기 맞는듯,양정기조 고학년이 독식하는데 59기 베이스 어캐잡힘 - dc official App,신붕이 (106.102) 2025.06.09 21:32:48 스크랩 조회 1046 추천 17 댓글 7,17,1046,2025.06.09 21:32:48,https://gall.dcinside.com/mgallery/board/view/?id=shinilhs&no=9681&page=14,0.0,0,
schools_20p/신일고__shinilhs.csv,9680,[자유],응원하는 야구 팀은?,,신붕이 (118.221) 2025.06.09 15:33:33 스크랩 조회 258 추천 2 댓글 0,2,258,2025.06.09 15:33:33,https://gall.dcinside.com/mgallery/board/view/?id=shinilhs&no=9680&page=14,0.0,0,
schools_20p/신일고__shinilhs.csv,9679,[자유],누가 더 유명함 저스틴 비버 호날두,- dc official App,디바 (59.28) 2025.06.09 01:44:21 스크랩 조회 168 추천 0 댓글 1,0,168,2025.06.09 01:44:21,https://gall.dcinside.com/mgallery/board/view/?id=shinilhs&no=9679&page=14,0.0,0,
schools_20p/신일고__shinilhs.csv,9674,[자유],학생회장 관련한 사견...,"ㄱㅈㅎ- 누군지 모르겠음(인지도를 올리고, 공약 강조해주셈) ㄱㅅㅇ- 1년동안 뭘 했는지 모르겠음(능력을 보여주셈)",신붕이 (211.234) 2025.06.07 10:27:19 스크랩 조회 582 추천 1 댓글 7,1,582,2025.06.07 10:27:19,https://gall.dcinside.com/mgallery/board/view/?id=shinilhs&no=9674&page=15,0.0,0,
schools_20p/신일고__shinilhs.csv,9676,[자유],혹시 신일고에도 괴담이 있나요?,그냥 궁금해서요ㅎ,신붕이 (1.228) 2025.06.07 23:02:04 스크랩 조회 623 추천 0 댓글 5,0,623,2025.06.07 23:02:04,https://gall.dcinside.com/mgallery/board/view/?id=shinilhs&no=9676&page=15,0.0,0,
schools_20p/신일고__shinilhs.csv,9675,[자유],부회장 당선인이 정해진 이유,"1번: 영어 모의고사실~ 자습실 주전부리~ 디벗자율화~ 3번: 자판기 설치~ 급식 특식제공~ -> 세상물정모름 2번: ""가글 비치"" -> 실효성 goat - dc official App",신붕이 (124.61) 2025.06.07 16:28:43 스크랩 조회 546 추천 5 댓글 7,5,546,2025.06.07 16:28:43,https://gall.dcinside.com/mgallery/board/view/?id=shinilhs&no=9675&page=15,0.0,0,
schools_20p/신일고__shinilhs.csv,9671,[자유],6모 성적표,"오늘 받은 6모성적표 등급이랑 백분위, 표점 다 신일고 기준으로 나논거맞지?",ㅇㅇ (58.122) 2025.06.05 23:08:07 스크랩 조회 435 추천 1 댓글 1,1,435,2025.06.05 23:08:07,https://gall.dcinside.com/mgallery/board/view/?id=shinilhs&no=9671&page=15,0.0,0,
schools_20p/신일고__shinilhs.csv,9678,[자유],"3학년, 졸업생 형님들",SKY가려면 전교 몇등정도 해야하나요?,신붕이 (203.251) 2025.06.08 13:18:20 스크랩 조회 476 추천 0 댓글 4,0,476,2025.06.08 13:18:20,https://gall.dcinside.com/mgallery/board/view/?id=shinilhs&no=9678&page=15,0.0,0,
schools_20p/신일고__shinilhs.csv,9673,[정보],정시 국어가 힘든 신일고 학생들아 이거 제발 한번만 해봐라,ㅈㅇㅇ선생님 국어 방과후 무조건 들어라 제발 나랑 내 친구도 1학년때 국어 개버러지였는데 3년 내내 방과후랑 수업 열심히 들으니까 지금은 백분위 99 98찍는 실력 됐는데 진심으로 무조건 들어라 ㅇㅇ 진짜 방과후 너무 저평가돼있는데 인강 이런거 들을시간에 한번이라도 신청해서 제대로 집중해서 들어봐라 진짜 니 인생에 도움이 될거임 - dc official App,신붕이 (59.5) 2025.06.07 01:00:23 스크랩 조회 937 추천 2 댓글 16,2,937,2025.06.07 01:00:23,https://gall.dcinside.com/mgallery/board/view/?id=shinilhs&no=9673&page=15,0.0,0,
schools_20p/신일고__shinilhs.csv,9672,[자유],윤현선쌤 신일고 아직 계신가요?,졸업한지 10년정도 됐는데 갑자기 생각남 신일고 신일중 왔다갔다 하셨던것같은데,신붕이 (125.142) 2025.06.07 00:11:45 스크랩 조회 502 추천 0 댓글 4,0,502,2025.06.07 00:11:45,https://gall.dcinside.com/mgallery/board/view/?id=shinilhs&no=9672&page=15,0.0,0,
schools_20p/신일고__shinilhs.csv,9670,[자유],학생 부회장 여론조사,,신붕이 (211.234) 2025.06.04 22:24:31 스크랩 조회 588 추천 1 댓글 0,1,588,2025.06.04 22:24:31,https://gall.dcinside.com/mgallery/board/view/?id=shinilhs&no=9670&page=15,0.0,0,
schools_20p/신일고__shinilhs.csv,9669,[자유],학생회장 여론조사,,신붕이 (211.234) 2025.06.04 22:23:23 스크랩 조회 576 추천 4 댓글 1,4,576,2025.06.04 22:23:23,https://gall.dcinside.com/mgallery/board/view/?id=shinilhs&no=9669&page=15,0.0,0,
schools_20p/신일고__shinilhs.csv,9666,[자유],이제 긴장해라,교실 위에 무슨 사진 하나가 걸리게될거다 - dc official App,신붕이 (119.192) 2025.06.03 21:19:04 스크랩 조회 594 추천 3 댓글 7,3,594,2025.06.03 21:19:04,https://gall.dcinside.com/mgallery/board/view/?id=shinilhs&no=9666&page=15,0.0,0,
schools_20p/신일고__shinilhs.csv,9664,[자유],ㅈㅂㄱㅎ,수행 내용이 뭐임? 이해가 안되서 그럼,신붕이 (118.221) 2025.06.02 09:40:03 스크랩 조회 449 추천 4 댓글 0,4,449,2025.06.02 09:40:03,https://gall.dcinside.com/mgallery/board/view/?id=shinilhs&no=9664&page=15,0.0,0,
schools_20p/신일고__shinilhs.csv,9665,[자유],오늘 학생회 인스타 게시물,삭발 다시 해야겠지? 안하면 초심 잃은거야~,신붕이 (180.80) 2025.06.02 22:53:15 스크랩 조회 963 추천 15 댓글 0,15,963,2025.06.02 22:53:15,https://gall.dcinside.com/mgallery/board/view/?id=shinilhs&no=9665&page=15,0.0,0,
schools_20p/신일고__shinilhs.csv,9662,[자유],책이나 샀다,광화문 들렸다가 생각나서 잠시 교보문고 들렸다. 수능완성 나왔더라... 고3들은 참고 하시고 아직 사탐 일부는 안나온듯 생윤 한지 세계사 세개밖에 못봄 퇴.마록이 요즘 유행한다지요.? 끌끌... 오랜만에 옛 생각 나서 다시 읽어볼겸 샀읍니다... - dc official App,토토잇니 2025.06.01 17:32:13 스크랩 조회 356 추천 1 댓글 3,1,356,2025.06.01 17:32:13,https://gall.dcinside.com/mgallery/board/view/?id=shinilhs&no=9662&page=15,0.0,0,
schools_20p/신일고__shinilhs.csv,9663,[자유],예상되는 6평날 상황,57기 사탐 선택자 250명 돌파,신붕이 (220.65) 2025.06.01 23:31:19 스크랩 조회 465 추천 2 댓글 2,2,465,2025.06.01 23:31:19,https://gall.dcinside.com/mgallery/board/view/?id=shinilhs&no=9663&page=15,0.0,0,
schools_20p/신일고__shinilhs.csv,9667,[자유],1학년 수학 개어렵네,찍은거 다틀리고 푼것도 두개 틀림..,ㅇㅇ 2025.06.04 21:54:03 스크랩 조회 441 추천 0 댓글 1,0,441,2025.06.04 21:54:03,https://gall.dcinside.com/mgallery/board/view/?id=shinilhs&no=9667&page=15,0.0,0,
schools_20p/신일고__shinilhs.csv,9661,[자유],신일고,2점대 후반 수시 괜찮은가요? 선배님들... 다들 말이 많이 달라서 잘 모르겠어요,신붕이 (211.234) 2025.06.01 17:24:44 스크랩 조회 454 추천 0 댓글 4,0,454,2025.06.01 17:24:44,https://gall.dcinside.com/mgallery/board/view/?id=shinilhs&no=9661&page=15,0.0,0,
schools_20p/신일고__shinilhs.csv,9660,[자유],파딱이 새로 뽑혔다고?,그럼…부기 뿌려야겠지?,최고의감독푼동 2025.06.01 12:36:28 스크랩 조회 217 추천 0 댓글 0,0,217,2025.06.01 12:36:28,https://gall.dcinside.com/mgallery/board/view/?id=shinilhs&no=9660&page=15,0.0,0,
schools_20p/신일고__shinilhs.csv,9654,[자유],어제 오늘 성신여대 캠퍼스쪽에서,노래부르는데 축제한거임?,신붕이 (222.234) 2025.05.30 23:52:33 스크랩 조회 589 추천 3 댓글 2,3,589,2025.05.30 23:52:33,https://gall.dcinside.com/mgallery/board/view/?id=shinilhs&no=9654&page=15,0.0,0,
schools_20p/신일고__shinilhs.csv,9659,[자유],안녕하세요 새로운 파딱입니다,열심히 관리하겠습니다 잘부탁드립니다 - dc official App,기다려라각오해라 2025.06.01 00:36:21 스크랩 조회 371 추천 13 댓글 2,13,371,2025.06.01 00:36:21,https://gall.dcinside.com/mgallery/board/view/?id=shinilhs&no=9659&page=15,0.0,0,
schools_20p/신일고__shinilhs.csv,9658,[자유],지1 인강,다들 내신 지1 메가 인강 뭐들어요? 오지훈 들을라는데 뭐들어야할지 모르겠네요,신붕이 (175.127) 2025.05.31 21:52:15 스크랩 조회 310 추천 0 댓글 3,0,310,2025.05.31 21:52:15,https://gall.dcinside.com/mgallery/board/view/?id=shinilhs&no=9658&page=15,0.0,0,
schools_20p/신일고__shinilhs.csv,9650,[자유],다른거 모르겠고 회장 후보 ㄱㅅㅇ,이번에도 삭발해주면 안되냐 이번에도 삭발하면 진짜 뽑는다,신붕이 (211.234) 2025.05.28 19:13:39 스크랩 조회 831 추천 23 댓글 1,23,831,2025.05.28 19:13:39,https://gall.dcinside.com/mgallery/board/view/?id=shinilhs&no=9650&page=15,0.0,0,
schools_20p/신일고__shinilhs.csv,9645,[자유],2025 신마갤 파딱 모집,"https://open.kakao.com/o/sb5DMtmh 2025 상반기 신마갤 부관리자 모집 믿음으로 일하는 자유인 open.kakao.com 신일고 마이너 갤러리 파딱(부관리자) 정식 모집입니다. 현재 재임중인 관리자는 모두 57기라 조만간 있을 학생회장 선거 시기에 치안 공백이 발생할 수 있어 많은 지원 부탁드립니다. 1. 지원 대상 - 58기 및 59기 2. 필수 제출 서류 - 자기소개서(자유 양식이되, 서두에 본인의 기수를 꼭 밝힐 것) - 학생증 전면 사진(신일고 재학생 증명 용도 + 적어도 이름이 뭔지는 알아야 함 ) 3. 모집 인원 - 0명 (미정이라는 뜻) ( 정규직 모집입니다 .) - dc official App",서신 2025.05.26 20:45:25 스크랩 조회 565 추천 2 댓글 2,2,565,2025.05.26 20:45:25,https://gall.dcinside.com/mgallery/board/view/?id=shinilhs&no=9645&page=15,0.0,0,
schools_20p/신일고__shinilhs.csv,9651,[자유],2교시 57기 화장실 사건,누구냐ㅋㅋㅋㅋㅋㅋㅋ - dc official App,TSH 2025.05.29 12:35:47 스크랩 조회 671 추천 4 댓글 0,4,671,2025.05.29 12:35:47,https://gall.dcinside.com/mgallery/board/view/?id=shinilhs&no=9651&page=15,0.0,0,
schools_20p/신일고__shinilhs.csv,9649,[자유],아까 1학년 화장실에서 춤춘 새끼 누구냐ㅋㅋ,치링치링치리링 이러던데ㅋㅋㅋㅋㅋ 멋지더라,ㅇㅇ (118.235) 2025.05.28 16:00:59 스크랩 조회 418 추천 0 댓글 0,0,418,2025.05.28 16:00:59,https://gall.dcinside.com/mgallery/board/view/?id=shinilhs&no=9649&page=15,0.73,1,새끼
schools_20p/신일고__shinilhs.csv,9647,[자유],후보자 유세,누가 후보자인지 똑바로 알게 해주셈 - dc official App,신붕이 (220.65) 2025.05.28 07:38:47 스크랩 조회 306 추천 1 댓글 0,1,306,2025.05.28 07:38:47,https://gall.dcinside.com/mgallery/board/view/?id=shinilhs&no=9647&page=15,0.0,0,
schools_20p/신일고__shinilhs.csv,9642,[자유],책을 샀다,,AMNH_5866 2025.05.24 18:42:26 스크랩 조회 537 추천 9 댓글 2,9,537,2025.05.24 18:42:26,https://gall.dcinside.com/mgallery/board/view/?id=shinilhs&no=9642&page=15,0.0,0,
schools_20p/신일고__shinilhs.csv,9646,[자유],근데 점심때는 유세 잘 안함?,작년에는 부회장 회장 후보 가릴거 없이 나와서 유세 하던데 이번에는 회장들만 하네 부회장 자리가 물로 보이나,신붕이 (180.80) 2025.05.27 22:10:19 스크랩 조회 419 추천 1 댓글 3,1,419,2025.05.27 22:10:19,https://gall.dcinside.com/mgallery/board/view/?id=shinilhs&no=9646&page=15,0.0,0,
schools_20p/신일고__shinilhs.csv,9641,[자유],근제 별관은 와이파이 왜 없는거냐,아니 다른 자습실들은 다 와이파이 있던데 왜 별관만 없냐,신붕이 (211.234) 2025.05.24 12:56:38 스크랩 조회 394 추천 0 댓글 1,0,394,2025.05.24 12:56:38,https://gall.dcinside.com/mgallery/board/view/?id=shinilhs&no=9641&page=15,0.0,0,
schools_20p/신일고__shinilhs.csv,9639,[자유],4대천왕,- dc official App,Shadoow 2025.05.22 20:18:22 스크랩 조회 2054 추천 7 댓글 6,7,2054,2025.05.22 20:18:22,https://gall.dcinside.com/mgallery/board/view/?id=shinilhs&no=9639&page=15,0.0,0,
schools_20p/신일고__shinilhs.csv,9638,[자유],1학년 국제 수행평가,국제 수행평가 환산점수 어떻게 들어가나요?? 깎였는데 어카죠,신붕이 (106.241) 2025.05.22 17:46:57 스크랩 조회 561 추천 0 댓글 3,0,561,2025.05.22 17:46:57,https://gall.dcinside.com/mgallery/board/view/?id=shinilhs&no=9638&page=15,0.0,0,
schools_20p/신일고__shinilhs.csv,9636,[자유],59기들아,자습실에서 ㅇㅎㄱㅇ 티셔츠 입고 야자하는얘 진짜냐 난 몰르겠다,신일맨이야 (221.145) 2025.05.21 23:09:16 스크랩 조회 747 추천 0 댓글 3,0,747,2025.05.21 23:09:16,https://gall.dcinside.com/mgallery/board/view/?id=shinilhs&no=9636&page=15,0.0,0,
schools_20p/신일고__shinilhs.csv,9634,[자유],60대 전교회장 공약,이번에 두명밖에 없네,신붕이 (180.80) 2025.05.21 21:47:58 스크랩 조회 810 추천 0 댓글 4,0,810,2025.05.21 21:47:58,https://gall.dcinside.com/mgallery/board/view/?id=shinilhs&no=9634&page=15,0.0,0,
schools_20p/신일고__shinilhs.csv,9631,[자유],여기 09 내신 아떰 ?,잘 하는 친구들 많음 ?  수학셤은 아려음 ??,신붕이 (175.119) 2025.05.20 12:48:58 스크랩 조회 622 추천 0 댓글 1,0,622,2025.05.20 12:48:58,https://gall.dcinside.com/mgallery/board/view/?id=shinilhs&no=9631&page=15,0.0,0,
schools_20p/신일고__shinilhs.csv,9632,[자유],자습실,체육관 자습실 원래 에어컨 안틀어주나요? 이틀 연속으로 쪄 죽겠는데,신붕이 (106.101) 2025.05.20 22:16:25 스크랩 조회 426 추천 5 댓글 0,5,426,2025.05.20 22:16:25,https://gall.dcinside.com/mgallery/board/view/?id=shinilhs&no=9632&page=15,0.0,0,
schools_20p/신일고__shinilhs.csv,9630,[자유],최고의 ㅇㅎㅅ 은 ??,- dc official App,신붕이 (106.102) 2025.05.19 20:43:38 스크랩 조회 1398 추천 0 댓글 6,0,1398,2025.05.19 20:43:38,https://gall.dcinside.com/mgallery/board/view/?id=shinilhs&no=9630&page=15,0.0,0,
schools_20p/신일고__shinilhs.csv,9626,[자유],누가 더 유명함 팝스타 축구선수,- dc official App,디바 (59.28) 2025.05.17 13:27:25 스크랩 조회 344 추천 0 댓글 1,0,344,2025.05.17 13:27:25,https://gall.dcinside.com/mgallery/board/view/?id=shinilhs&no=9626&page=15,0.0,0,
schools_20p/신일고__shinilhs.csv,9629,[자유],사슴 릴스,올린새낀 생각이 있는거냐? 어디가서 신일이라고 하지마라,신붕이 (211.201) 2025.05.19 08:51:49 스크랩 조회 1441 추천 8 댓글 10,8,1441,2025.05.19 08:51:49,https://gall.dcinside.com/mgallery/board/view/?id=shinilhs&no=9629&page=15,0.0,0,
schools_20p/신일고__shinilhs.csv,9627,[자유],급식실 와이파이 비번,뭔가요??,신붕이 (124.5) 2025.05.17 15:51:10 스크랩 조회 421 추천 0 댓글 1,0,421,2025.05.17 15:51:10,https://gall.dcinside.com/mgallery/board/view/?id=shinilhs&no=9627&page=15,0.0,0,
schools_20p/신일고__shinilhs.csv,9628,[질문],59기 신붕이 궁금해서 글 남김,5등급제 기준 전체 평균 2 뜨고 전교 50등 초반인데 이대로 가면 대학 어디가나요??,신붕이 (118.235) 2025.05.17 23:21:00 스크랩 조회 830 추천 0 댓글 5,0,830,2025.05.17 23:21:00,https://gall.dcinside.com/mgallery/board/view/?id=shinilhs&no=9628&page=15,0.0,0,
schools_20p/신일고__shinilhs.csv,9624,[자유],완장 있냐?,없을때 얘기좀 - dc official App,토토잇니 2025.05.16 22:24:51 스크랩 조회 423 추천 0 댓글 2,0,423,2025.05.16 22:24:51,https://gall.dcinside.com/mgallery/board/view/?id=shinilhs&no=9624&page=15,0.0,0,
schools_20p/신일고__shinilhs.csv,9622,[자유],59기 수련회 끝나도 개꿀인거,있겠냐?? 공부나 하자,신일맨이야 (221.145) 2025.05.16 19:02:20 스크랩 조회 854 추천 11 댓글 0,11,854,2025.05.16 19:02:20,https://gall.dcinside.com/mgallery/board/view/?id=shinilhs&no=9622&page=15,0.0,0,
schools_20p/신일고__shinilhs.csv,9623,[자유],학교 다시 시끄러워질 예정이라 ㅈ같은 57기들은 개추 ㅋㅋ,ㅇㄷㄴㅂㅌ - dc official App,신붕이 (39.125) 2025.05.16 22:15:25 스크랩 조회 859 추천 19 댓글 0,19,859,2025.05.16 22:15:25,https://gall.dcinside.com/mgallery/board/view/?id=shinilhs&no=9623&page=15,0.0,0,
schools_20p/신일고__shinilhs.csv,9621,[자유],별관 치안 좋은거 맞냐,내 테이프 돌려줘라; - dc official App,서신 2025.05.16 16:25:03 스크랩 조회 701 추천 0 댓글 5,0,701,2025.05.16 16:25:03,https://gall.dcinside.com/mgallery/board/view/?id=shinilhs&no=9621&page=15,0.0,0,
schools_20p/신일고__shinilhs.csv,9619,[자유],아ㅜ,59긴데 수련회 끝나서 좆같노 이기..,신붕이 (59.152) 2025.05.16 00:18:28 스크랩 조회 352 추천 0 댓글 1,0,352,2025.05.16 00:18:28,https://gall.dcinside.com/mgallery/board/view/?id=shinilhs&no=9619&page=15,0.73,1,좆
schools_20p/신일고__shinilhs.csv,9616,[자유],파딱과 교황의 공통점,"강제로 선출되는가 교황-> 콘클라베를 통해 추기경이라면 누구든지 뽑힐 수 있음 파딱-> 면접을 통해 고닉이라면 누구든지 뽑힐 수 있음 활동에 진심인가 교황->천주교에 인생을 박음 파딱->갤질에 인생을 박음 기피하는 자리인가 교황->몇몇 추기경들은 부담감과 막중한 책임때문에 교황직을 오히려 회피함 파딱->몇몇 고닉들은 부담감과 똥,고추,할머니지우개라는 막중한 책임때문에 파딱을 회피함 일을 잘하는가 교황->천주교 원로 짬빠 어디 안가서 대부분 잘하는 편임 파딱->갤질 짬빠 어디 안가서 대부분 잘하는 편임 이거 완전... - dc official App",트레기 2025.05.10 12:56:00 스크랩 조회 639 추천 3 댓글 8,3,639,2025.05.10 12:56:00,https://gall.dcinside.com/mgallery/board/view/?id=shinilhs&no=9616&page=15,0.0,0,
schools_20p/신일고__shinilhs.csv,9617,[자유],똥글,스피노子 고등학교 윤리와 사상中.... - dc official App,토토잇니 2025.05.13 23:38:47 스크랩 조회 464 추천 0 댓글 1,0,464,2025.05.13 23:38:47,https://gall.dcinside.com/mgallery/board/view/?id=shinilhs&no=9617&page=15,0.0,0,
schools_20p/신일고__shinilhs.csv,9615,[자유],신일고 다니면 생기는거,지렁이 면역력 - dc official App,신붕이 (106.102) 2025.05.10 11:46:50 스크랩 조회 678 추천 4 댓글 0,4,678,2025.05.10 11:46:50,https://gall.dcinside.com/mgallery/board/view/?id=shinilhs&no=9615&page=15,0.0,0,
schools_20p/신일고__shinilhs.csv,9614,[자유],경재,존맛탱,신붕이 (211.235) 2025.05.10 10:28:56 스크랩 조회 397 추천 2 댓글 1,2,397,2025.05.10 10:28:56,https://gall.dcinside.com/mgallery/board/view/?id=shinilhs&no=9614&page=15,0.0,0,
schools_20p/신일고__shinilhs.csv,9613,[자유],내신 모고,내신 5점대고 모고 2점대 후면 정신가,신붕이 (121.160) 2025.05.08 00:13:35 스크랩 조회 716 추천 0 댓글 3,0,716,2025.05.08 00:13:35,https://gall.dcinside.com/mgallery/board/view/?id=shinilhs&no=9613&page=15,0.0,0,
schools_20p/신일고__shinilhs.csv,9611,[자유],꼭 보세염,ㅂㅎㅅ 쎔 요즘 친절하시고 재밋ㄱㅔ 수업하시는듯 ㅎ ㅎ AI 이미지가 생성되었습니다. 새로고침(F5) 해 주세요. 프롬프트 11 네거티브 프롬프트 샘플링 DPM++ 2M,신붕이 (118.221) 2025.05.07 09:58:05 스크랩 조회 825 추천 3 댓글 6,3,825,2025.05.07 09:58:05,https://gall.dcinside.com/mgallery/board/view/?id=shinilhs&no=9611&page=15,0.0,0,
schools_20p/신일고__shinilhs.csv,9604,[질문],고1 국어학원 좀 추천해주세여,선배님들 국어 중간 고사 개망했는데 혼공 안되네여 내신 학원 추천 좀 ..,신붕이 (211.234) 2025.05.02 11:19:31 스크랩 조회 1083 추천 1 댓글 14,1,1083,2025.05.02 11:19:31,https://gall.dcinside.com/mgallery/board/view/?id=shinilhs&no=9604&page=16,0.0,0,
schools_20p/신일고__shinilhs.csv,9610,[자유],오랜만에 서점 갔다옴,,AMNH_5866 2025.05.07 00:47:34 스크랩 조회 629 추천 4 댓글 5,4,629,2025.05.07 00:47:34,https://gall.dcinside.com/mgallery/board/view/?id=shinilhs&no=9610&page=16,0.0,0,
schools_20p/신일고__shinilhs.csv,9603,[자유],58기 수학1,이번 시험 60점대 초반이면 몇뜨냐?,신붕이 (211.235) 2025.05.01 23:54:55 스크랩 조회 620 추천 0 댓글 2,0,620,2025.05.01 23:54:55,https://gall.dcinside.com/mgallery/board/view/?id=shinilhs&no=9603&page=16,0.0,0,
schools_20p/신일고__shinilhs.csv,9609,[자유],요샌,애들 쌤들한테 개기는구나 56기중엔 개기는애는 없었던거같은데,신붕이 (211.201) 2025.05.04 06:42:20 스크랩 조회 739 추천 0 댓글 4,0,739,2025.05.04 06:42:20,https://gall.dcinside.com/mgallery/board/view/?id=shinilhs&no=9609&page=16,0.0,0,
schools_20p/신일고__shinilhs.csv,9601,[자유],신일고 2점대 후반,"59기인데요 이전 신일고 9등급제 기준 2점대 후반 문과, 이과 각각 어느 정도 가나요?",신붕이 (211.235) 2025.05.01 22:09:12 스크랩 조회 760 추천 0 댓글 2,0,760,2025.05.01 22:09:12,https://gall.dcinside.com/mgallery/board/view/?id=shinilhs&no=9601&page=16,0.0,0,
schools_20p/신일고__shinilhs.csv,9608,[자유],별관 분위기 개별로네,자습하러 왔는데 왜캐 시끄럽냐,신붕이 (121.160) 2025.05.03 23:58:33 스크랩 조회 950 추천 3 댓글 5,3,950,2025.05.03 23:58:33,https://gall.dcinside.com/mgallery/board/view/?id=shinilhs&no=9608&page=16,0.0,0,
schools_20p/신일고__shinilhs.csv,9600,[자유],작년 1학년 중간 수학 등급컷,"작년 3,4등급컷 아시는 분 있나요 1학년 중간 수학 ㅠㅠ",신붕이 (223.63) 2025.05.01 17:12:54 스크랩 조회 512 추천 0 댓글 2,0,512,2025.05.01 17:12:54,https://gall.dcinside.com/mgallery/board/view/?id=shinilhs&no=9600&page=16,0.0,0,
schools_20p/신일고__shinilhs.csv,9607,[자유],밑에 ㅂ선생님 글 관련해서,해당 수업때 있었던 학생입니다 최대한 객관적으로 글 작성해봄 수업중에 학생이 신일후드 쓴채로 있었음 선: 후드모자는 벗자 학: 추워서 쓴건데요 선:그래도 벗는게 예의아니야? 학:싫은데요 다른쌤은 써도 뭐라안하는데요? 선:어떤쌤이 그러는데 너네 담임이? (여기서 1차빡치심) 좋게 2번이나 말하셨지만 같은 학생으로서 봐도 해당학생이 싸가지 없게 행동함 그렇게 서로 낮은 어조의 말싸움이 오가다가 말대답에 화난 선생님께서 너 일어나보라고 함 그랬더니 의자랑 책상 발로 차면서 소리 엄청 크게 밀어넣고 짝다리 짚고 일어남 선:똑바로 일어서봐 학:똑바로 어떻게 서는데요 여기서 쌤 폭발 같은 수업 듣고있었던 애들이면 글로 표현못할정도로 해당학생이 얼마나 예의없게 행동했는지 알거임... 본인이 봤을때는 해당학생이 먼저 예의없게 행동했고 정당한 훈계수준이라고 생각하는데 글쓴 친구야 혹시 넌 ㅂ선생님 잘못이라고 생각하는거야?? 시험전부터 최근까지 쭉 괜찮고 잘 해주셨었고 난 그냥 ㅂ선생님이 했던것들도 있으니 이런 글 올려서 비난받게 할려는걸로밖에 안보여서..,신붕이 (154.26) 2025.05.02 16:59:20 스크랩 조회 1758 추천 47 댓글 11,47,1758,2025.05.02 16:59:20,https://gall.dcinside.com/mgallery/board/view/?id=shinilhs&no=9607&page=16,0.0,0,
schools_20p/신일고__shinilhs.csv,9599,[자유],59기 수학,나만 어려웠음? 13번까진 5분만에 풀었는데 그뒤론 몇개빼고 손 못대겠던데 - dc official App,ㅇㅇ 2025.05.01 15:18:13 스크랩 조회 485 추천 0 댓글 1,0,485,2025.05.01 15:18:13,https://gall.dcinside.com/mgallery/board/view/?id=shinilhs&no=9599&page=16,0.0,0,
schools_20p/신일고__shinilhs.csv,9597,[자유],수시충들 뒤져라,물리 문제 이지랄로 쳐내놓고 수시하셔야됩니다 ㅇㅈㄹ하는게 ㄹㅇ악마의새끼아닌가 뭔 선동을 ㅈ같이하노,신붕이 (223.38) 2025.05.01 11:16:56 스크랩 조회 1167 추천 60 댓글 3,60,1167,2025.05.01 11:16:56,https://gall.dcinside.com/mgallery/board/view/?id=shinilhs&no=9597&page=16,0.81,1,"뒤져, 새끼"
schools_20p/신일고__shinilhs.csv,9596,[자유],물리 좆됐으면 개추 ㅋㅋㅋㅋㅋ,여러분은 강하게 커야 해요,ㅇㅇ (106.101) 2025.05.01 10:45:40 스크랩 조회 590 추천 3 댓글 0,3,590,2025.05.01 10:45:40,https://gall.dcinside.com/mgallery/board/view/?id=shinilhs&no=9596&page=16,0.73,1,좆
schools_20p/신일고__shinilhs.csv,9598,[자유],58기 시험 총평,"영어- 그냥 무난하게 나옴. 난이도는 약간 쉽게 나온 감이 있음. 특이사항 X 문학- 작년의 괴랄한 난이도에서 굉장한 난이도 하락이 이루어짐. 충분히 예측 가능했던 외부지문과 외부지문과의 연계가 잘 이루어 지지 않음. 약간의 난이도 상승이 필요할듯 하다 수학1-문제의 시험지. 도대체 무슨 생각으로 이렇게 낸지 모르겠다. 변별을 위해 주관식이 섞여있는가? X 그렇다면 중간부분을 어렵게 내 찍기충을 방지했는가? X 그렇다면 어려운문제가 3문제는 있었는가? X 특히 마지막 문제는 앞 문제의 답이 아닌 보기를 찍어서 맞은 학생 이 1/3이 넘을 정도로 문제의 답 구성 자체도 성의없게 낸 모습을 보였다. 제발 나이 많은 수학선생은 주관식을 없애지 말았으면… 확통- 신일고 수학교사들의 시험 출제 능력에 의문이 든다. 너무 시험이 평이하게 나와 1문제당 등급컷이 갈릴 예정. 이러면 기말을 전범위 로 갈 것 같다. 기말은 제발 어렵게 나오길 바란다. 물리-ㅂㅇㅈ의 하드캐리가 드러났다. 1컷은 60후에서 70초 예상. 진짜 답없게 나온다. 17문제 이상 푼 학생을 보지 못했다. 운이 좋다면 59기들은 물리를 선택하기 바란다. 이렇게 낼거면 로또 살때처럼 기계가 자동으로 찍어주는게 날수도 생,지- 그냥 적당한 난이도로 나왔다. 1컷이 80점대에 형성되는 이상적 인 시험이었다. 교과서 내용과 수업자료의 꼼꼼한 공부가 필요. 화학- 프린트와의 높은 연계율을 보여주었지만, 풀이를 외워야 시간 내에 풀 수 있을듯 하다. 다음 시험은 프린트를 잘 외우자. 총평: 고1의 암기과목이 사라진 후 첫 시험이라 편히 갈 수 있는 시험도 없었고, 시험의 난이도도 증가하였다. 단, 수학의 경우 변별력을 충분히 두기 위하여 프린트와의 연계율 감소, 주관식의 배치, 난이도의 증가가 많이 필요하였다. 시험 난이도 순위 1.물리 2.화학 3.생,지 4.문학 5.영어 6.수학 1 7.확통",노무현노무잘해 2025.05.01 13:00:31 스크랩 조회 1148 추천 6 댓글 5,6,1148,2025.05.01 13:00:31,https://gall.dcinside.com/mgallery/board/view/?id=shinilhs&no=9598&page=16,0.0,0,
schools_20p/신일고__shinilhs.csv,9591,[자유],4초,내신 4초면 정시가는게 맞나?,신붕이 (175.127) 2025.04.30 19:16:59 스크랩 조회 459 추천 0 댓글 3,0,459,2025.04.30 19:16:59,https://gall.dcinside.com/mgallery/board/view/?id=shinilhs&no=9591&page=16,0.0,0,
schools_20p/신일고__shinilhs.csv,9594,[자유],ㄱㄱㅎ,남 자리에 손톱 뜯고 가지마라,신붕이 (211.168) 2025.05.01 07:54:00 스크랩 조회 734 추천 9 댓글 4,9,734,2025.05.01 07:54:00,https://gall.dcinside.com/mgallery/board/view/?id=shinilhs&no=9594&page=16,0.0,0,
schools_20p/신일고__shinilhs.csv,9590,[자유],오늘 1학년 시험어땠냐,과학 ㅇㅇ?,신붕이 (221.143) 2025.04.30 16:19:13 스크랩 조회 577 추천 0 댓글 3,0,577,2025.04.30 16:19:13,https://gall.dcinside.com/mgallery/board/view/?id=shinilhs&no=9590&page=16,0.0,0,
schools_20p/신일고__shinilhs.csv,9593,[자유],5초,내신 5초에 모고 5초인데 수시 해야함?,신붕이 (211.234) 2025.05.01 00:30:05 스크랩 조회 389 추천 0 댓글 2,0,389,2025.05.01 00:30:05,https://gall.dcinside.com/mgallery/board/view/?id=shinilhs&no=9593&page=16,0.0,0,
schools_20p/신일고__shinilhs.csv,9588,[자유],누가 더 유명함 올리비아 로드리고 홀란드,- dc official App,디바 (211.235) 2025.04.30 11:08:34 스크랩 조회 260 추천 0 댓글 0,0,260,2025.04.30 11:08:34,https://gall.dcinside.com/mgallery/board/view/?id=shinilhs&no=9588&page=16,0.0,0,
schools_20p/신일고__shinilhs.csv,9589,[자유],운지~,중간고사 시발,신붕이 (203.251) 2025.04.30 14:23:44 스크랩 조회 327 추천 1 댓글 0,1,327,2025.04.30 14:23:44,https://gall.dcinside.com/mgallery/board/view/?id=shinilhs&no=9589&page=16,0.73,1,시발
schools_20p/신일고__shinilhs.csv,9585,[자유],고2 문학,미쳤네~ 등급컷 어떻게 예상?,신붕이 (211.206) 2025.04.29 11:32:58 스크랩 조회 601 추천 0 댓글 4,0,601,2025.04.29 11:32:58,https://gall.dcinside.com/mgallery/board/view/?id=shinilhs&no=9585&page=16,0.0,0,
schools_20p/신일고__shinilhs.csv,9586,[자유],2024 확통 중간고사,컷 기억나시는 분들 알려주세요,신붕이 (211.234) 2025.04.29 22:20:41 스크랩 조회 429 추천 0 댓글 1,0,429,2025.04.29 22:20:41,https://gall.dcinside.com/mgallery/board/view/?id=shinilhs&no=9586&page=16,0.0,0,
schools_20p/신일고__shinilhs.csv,9587,[자유],신일고 56기인데 SK 회장은 봐라,ㅉ 너는 신일고 동문도 아니다,신붕이 (219.250) 2025.04.29 23:14:05 스크랩 조회 641 추천 5 댓글 2,5,641,2025.04.29 23:14:05,https://gall.dcinside.com/mgallery/board/view/?id=shinilhs&no=9587&page=16,0.0,0,
schools_20p/신일고__shinilhs.csv,9584,[자유],전설의 김전,실물사진 공개한다,ckbug 2025.04.28 23:46:22 스크랩 조회 573 추천 8 댓글 4,8,573,2025.04.28 23:46:22,https://gall.dcinside.com/mgallery/board/view/?id=shinilhs&no=9584&page=16,0.0,0,
schools_20p/신일고__shinilhs.csv,9582,[자유],중간고사,매우 힘내 신붕이들 - dc official App,콩가리 2025.04.28 22:57:20 스크랩 조회 336 추천 3 댓글 0,3,336,2025.04.28 22:57:20,https://gall.dcinside.com/mgallery/board/view/?id=shinilhs&no=9582&page=16,0.0,0,
schools_20p/신일고__shinilhs.csv,9583,[자유],익명갤에서 누군지는 왜 궁금해하며 왜찾는거임?,"삭제댓 원본 <-- 실명 초성거론하며 ""너 누구누구 아니냐?"" 참고로 언급된 사람 아니고 필요하면 인증가능 애초에 이런식으로 이름언급하면서 아니라는데 계속 찾는건 뭐야 ㅋㅋㅋ - dc official App",트레기 2025.04.28 23:18:17 스크랩 조회 504 추천 0 댓글 4,0,504,2025.04.28 23:18:17,https://gall.dcinside.com/mgallery/board/view/?id=shinilhs&no=9583&page=16,0.0,0,
schools_20p/신일고__shinilhs.csv,9581,[자유],누가 더 유명함 디카프리오 호날두,- dc official App,디바 (59.28) 2025.04.28 22:42:58 스크랩 조회 212 추천 0 댓글 0,0,212,2025.04.28 22:42:58,https://gall.dcinside.com/mgallery/board/view/?id=shinilhs&no=9581&page=16,0.0,0,
schools_20p/신일고__shinilhs.csv,9580,[자유],정시 파이터,Team 59 정시파이터 가보자고~~,신붕이 (59.5) 2025.04.28 19:59:38 스크랩 조회 317 추천 2 댓글 0,2,317,2025.04.28 19:59:38,https://gall.dcinside.com/mgallery/board/view/?id=shinilhs&no=9580&page=16,0.0,0,
schools_20p/신일고__shinilhs.csv,9578,[자유],국어 1컷 ㄹㅇ 90초반임?,난 노짱 따라가야겠는데,신붕이 (203.251) 2025.04.28 14:30:42 스크랩 조회 567 추천 0 댓글 1,0,567,2025.04.28 14:30:42,https://gall.dcinside.com/mgallery/board/view/?id=shinilhs&no=9578&page=16,0.0,0,
schools_20p/신일고__shinilhs.csv,9579,[자유],신평,어떤 새끼가 1층 자습실에서 자꾸 흥흥 거리면서 느끼냐 자수해라 진짜 ㅡㅡ,최강무현 (59.5) 2025.04.28 19:55:58 스크랩 조회 266 추천 0 댓글 0,0,266,2025.04.28 19:55:58,https://gall.dcinside.com/mgallery/board/view/?id=shinilhs&no=9579&page=16,0.73,1,새끼
schools_20p/신일고__shinilhs.csv,9576,[자유],내신,첫시험 국어 5등급인거 같은데 복구 가능?ㅋ,신붕이 (1.248) 2025.04.28 13:50:53 스크랩 조회 339 추천 2 댓글 1,2,339,2025.04.28 13:50:53,https://gall.dcinside.com/mgallery/board/view/?id=shinilhs&no=9576&page=16,0.0,0,
schools_20p/신일고__shinilhs.csv,9577,[자유],이번 1학년 국어,저만 어려웠나요??? 선배님들 보통 1컷 몇인가요????,신붕이 (221.143) 2025.04.28 13:54:51 스크랩 조회 693 추천 0 댓글 7,0,693,2025.04.28 13:54:51,https://gall.dcinside.com/mgallery/board/view/?id=shinilhs&no=9577&page=16,0.0,0,
schools_20p/신일고__shinilhs.csv,9575,[자유],한국사 뭐임,생각보다 어렵네 내가 공부를 안한건가 - dc official App,ㅇㅇ 2025.04.28 13:49:31 스크랩 조회 378 추천 0 댓글 1,0,378,2025.04.28 13:49:31,https://gall.dcinside.com/mgallery/board/view/?id=shinilhs&no=9575&page=16,0.0,0,
schools_20p/신일고__shinilhs.csv,9573,[자유],고 3 신붕이들 시험 화이팅해라,수시파이터들 다들 대학 잘 가보자 - dc official App,트레기 2025.04.27 23:42:23 스크랩 조회 423 추천 5 댓글 7,5,423,2025.04.27 23:42:23,https://gall.dcinside.com/mgallery/board/view/?id=shinilhs&no=9573&page=16,0.0,0,
schools_20p/신일고__shinilhs.csv,9571,[자유],도서관 앞 프린터기 근황,장 당 200원돈 내고 사문 필기 칼라복사 했더니 흑백으로 뱉음 - dc official App,서신 2025.04.25 23:19:23 스크랩 조회 520 추천 0 댓글 0,0,520,2025.04.25 23:19:23,https://gall.dcinside.com/mgallery/board/view/?id=shinilhs&no=9571&page=16,0.0,0,
schools_20p/신일고__shinilhs.csv,9572,[자유],응~ 시험 어렵게 내봐,안풀어버리면 그만이야~,노무현노무잘해 2025.04.27 23:37:14 스크랩 조회 486 추천 6 댓글 0,6,486,2025.04.27 23:37:14,https://gall.dcinside.com/mgallery/board/view/?id=shinilhs&no=9572&page=16,0.0,0,
schools_20p/신일고__shinilhs.csv,9570,[자유],ㅂㅎㅅ 선생님 어떻게 생기심?,59기인데 누군지 진짜 궁금해서 물어봐요,신붕이 (180.81) 2025.04.25 20:30:41 스크랩 조회 744 추천 0 댓글 2,0,744,2025.04.25 20:30:41,https://gall.dcinside.com/mgallery/board/view/?id=shinilhs&no=9570&page=16,0.0,0,
schools_20p/신일고__shinilhs.csv,9569,[자유],5월1일 학교가나요?,5월1일 노동자의 날인데 학교가나요?,신붕이 (210.117) 2025.04.25 19:59:27 스크랩 조회 511 추천 0 댓글 2,0,511,2025.04.25 19:59:27,https://gall.dcinside.com/mgallery/board/view/?id=shinilhs&no=9569&page=16,0.0,0,
schools_20p/신일고__shinilhs.csv,9568,[자유],근데 여기 관리자는,누구임?,신붕이 (118.221) 2025.04.25 19:54:46 스크랩 조회 349 추천 0 댓글 2,0,349,2025.04.25 19:54:46,https://gall.dcinside.com/mgallery/board/view/?id=shinilhs&no=9568&page=16,0.0,0,
schools_20p/신일고__shinilhs.csv,9566,[자유],3층자습실 ㅈ같은 소리,뭔 20년 방치된 자전거 끄는 소리나는데 어디서 나는거에요..? - dc official App,신붕이 (223.63) 2025.04.25 07:31:26 스크랩 조회 480 추천 0 댓글 0,0,480,2025.04.25 07:31:26,https://gall.dcinside.com/mgallery/board/view/?id=shinilhs&no=9566&page=16,0.0,0,
schools_20p/신일고__shinilhs.csv,9565,[자유],수련회 때,가방 검사 하나요?,로버트할리 (1.229) 2025.04.25 01:19:18 스크랩 조회 610 추천 2 댓글 7,2,610,2025.04.25 01:19:18,https://gall.dcinside.com/mgallery/board/view/?id=shinilhs&no=9565&page=16,0.0,0,
schools_20p/신일고__shinilhs.csv,9563,[자유],점심시간에 일본노래 부르는 새끼 누구냐,점심자습하는데 ㅈ같노,신붕이 (121.160) 2025.04.24 22:21:07 스크랩 조회 411 추천 5 댓글 1,5,411,2025.04.24 22:21:07,https://gall.dcinside.com/mgallery/board/view/?id=shinilhs&no=9563&page=16,0.73,1,새끼
schools_20p/신일고__shinilhs.csv,9562,[자유],국어 ㄱㅈㅇ쌤 몇학년 하시냐,원래 2학년 하셨었는데,ㅇㅇ (121.160) 2025.04.24 04:32:11 스크랩 조회 842 추천 4 댓글 6,4,842,2025.04.24 04:32:11,https://gall.dcinside.com/mgallery/board/view/?id=shinilhs&no=9562&page=16,0.0,0,
schools_20p/신일고__shinilhs.csv,9561,[자유],윤리와 사상,"문과 선배님들 작년 윤리와 사상 기출 푸는데, 문제 난이도는 어떤 편이었나요? 1컷도 알려주세요... 어려운게 맞나요?",신붕이 (211.168) 2025.04.23 20:15:55 스크랩 조회 462 추천 0 댓글 3,0,462,2025.04.23 20:15:55,https://gall.dcinside.com/mgallery/board/view/?id=shinilhs&no=9561&page=16,0.0,0,
schools_20p/신일고__shinilhs.csv,9560,[자유],선배님들 ㅂㅇㅇ 선생님 착하셨나요,?? - dc official App,Shadoow 2025.04.23 10:45:24 스크랩 조회 649 추천 1 댓글 4,1,649,2025.04.23 10:45:24,https://gall.dcinside.com/mgallery/board/view/?id=shinilhs&no=9560&page=16,0.0,0,
schools_20p/신일고__shinilhs.csv,9559,[자유],전교 80등대면 대학 ㅇㄷ ㄱㄴ?,ㅈㄱㄴ요 생기부 평타,신붕이 (221.143) 2025.04.22 23:09:28 스크랩 조회 787 추천 0 댓글 6,0,787,2025.04.22 23:09:28,https://gall.dcinside.com/mgallery/board/view/?id=shinilhs&no=9559&page=16,0.0,0,
schools_20p/신일고__shinilhs.csv,9557,[자유],ㄱㅈㅇ이 누구냐,3층 11반쪽 화장실에 ㄱㅈㅇ 이름 적혀 있는데 유명한 애냐,신붕이 (211.168) 2025.04.22 15:54:20 스크랩 조회 693 추천 0 댓글 2,0,693,2025.04.22 15:54:20,https://gall.dcinside.com/mgallery/board/view/?id=shinilhs&no=9557&page=16,0.0,0,
schools_20p/신일고__shinilhs.csv,9556,[자유],3층자습실 보인다보여,밖에서 물휴지 던진사람 거수 자기 아이들 던지지 맙시다,신붕이 (211.241) 2025.04.22 00:41:58 스크랩 조회 485 추천 1 댓글 1,1,485,2025.04.22 00:41:58,https://gall.dcinside.com/mgallery/board/view/?id=shinilhs&no=9556&page=16,0.0,0,
schools_20p/신일고__shinilhs.csv,9555,[자유],ㅂㅎㅅ가 누구냐 도대체 ㅅㅂ,존나궁금하네 성별이랑 나잇대만 알려주삼;;,신붕이 (118.235) 2025.04.21 19:51:43 스크랩 조회 811 추천 2 댓글 4,2,811,2025.04.21 19:51:43,https://gall.dcinside.com/mgallery/board/view/?id=shinilhs&no=9555&page=16,0.81,1,"ㅅㅂ, 존나"
schools_20p/신일고__shinilhs.csv,9552,[자유],ㅂㅎㅅ,"수업 중 동료평가 ‘밮표 잘한 친구 한 아아디당 2회 투표 가능하다‘ 발표 끝난 후 ‘동료평가 한명당 10명씩은 적었겠지?‘ 그리고 한명이 10명이나 적어야하냐고 애들이 놀라자 “니들이 얼마나 개떡같이 발표를 안들었으면 한시간에 한명도 못적냐“ 분명 동료평가, 발표 시작 전에는 인상깊었던 발표들 내용 정리해라, 발표 잘한 친구 투표는 한 아이디당 두명씩 가능하다고 했으면 보통 동료평가는 두명만 적지 않냐? 내가 잘못된건가? 한 반 전체가 비정상이고 ㅂㅎㅅ선생님 본인만 제정상인가? 알아서 생각해라 ㅇㅇ",신붕이 (211.168) 2025.04.21 14:05:35 스크랩 조회 1162 추천 12 댓글 4,12,1162,2025.04.21 14:05:35,https://gall.dcinside.com/mgallery/board/view/?id=shinilhs&no=9552&page=16,0.0,0,
schools_20p/신일고__shinilhs.csv,9551,[자유],이거 뭐냐,짤 ㅈㄴ웃기노ㅋㅋㅋ 참고해라,신붕이 (121.160) 2025.04.20 22:08:11 스크랩 조회 531 추천 7 댓글 0,7,531,2025.04.20 22:08:11,https://gall.dcinside.com/mgallery/board/view/?id=shinilhs&no=9551&page=16,0.0,0,
schools_20p/신일고__shinilhs.csv,9550,[자유],1층 자습실 감독들은 무엇을 할까,"ㅇㅎㅅ(윤리): 자습 순찰, 수면 체크 (가끔 웹서핑을 하면서) ㅇㅊㅇ: 노트북(몸에 딱붙이고 하셔서 화면 안보임) ㅈㅇㅇ: 수특 연구, 롤체 ㅂㅈㅎ: 수특 연구 ㄱㅅㅇ: 수특 연구 (사실 대부분 나가계심) ㅈㅅㅁ: 자습 순찰, 수특 연구 ㅇㅈㅎ: 수특 연구, 모바일게임, 노트북(사이트 2개 및 카톡) ㅇㅎㅅ(생명): 자습 순찰 ㅇㅅㄱ: 폰 ㄱㅎㅅ: 자습 순찰, 성경 필사 ㅊㅈㅇ: 수업 ppt 제작 ㅈㄱㅇ: 수업 자료 편집 ㅈㄷㅅ: 수1 고난도 문제 연구 ㅈㅇㄷ: 수특 연구, 뉴스 시청 ㄹㅈㄱ: 자습 순찰, 독서(총균쇠) - dc official App",신붕이 (121.129) 2025.04.20 19:13:43 스크랩 조회 1017 추천 3 댓글 2,3,1017,2025.04.20 19:13:43,https://gall.dcinside.com/mgallery/board/view/?id=shinilhs&no=9550&page=16,0.0,0,
schools_20p/신일고__shinilhs.csv,9542,[자유],고1 내신에 한국사 나옴?,ㅈㄱㄴ,신붕이 (221.143) 2025.04.19 08:45:26 스크랩 조회 430 추천 0 댓글 6,0,430,2025.04.19 08:45:26,https://gall.dcinside.com/mgallery/board/view/?id=shinilhs&no=9542&page=17,0.0,0,
schools_20p/신일고__shinilhs.csv,9547,[자유],송동인 다니는 사람,거기 어떰? 다닐까 하는데,신붕이 (220.116) 2025.04.20 02:01:40 스크랩 조회 767 추천 5 댓글 8,5,767,2025.04.20 02:01:40,https://gall.dcinside.com/mgallery/board/view/?id=shinilhs&no=9547&page=17,0.0,0,
schools_20p/신일고__shinilhs.csv,9544,[자유],우흥,중간고사 좆된 신붕이들은 개추박자,신붕이 (203.251) 2025.04.19 09:52:27 스크랩 조회 620 추천 21 댓글 2,21,620,2025.04.19 09:52:27,https://gall.dcinside.com/mgallery/board/view/?id=shinilhs&no=9544&page=17,0.73,1,좆
schools_20p/신일고__shinilhs.csv,9545,[자유],55기 시절의 유명인 알아보기 1편,1.야야야 빌런 55기가 고1~2였던 시절 야간 자율학습이 끝나면 뒷산에서 야야야라고 소리지르는 소리가 자주 들렸다. 주민들이 개가 짖는다며 민원을 넣었을 정도. 이때문에 이친구는 당시 신마갤의 슈퍼스타가 되었다. 신마갤에 야야야라고 검색만해도 샐수도 없이 많은 양의 글이 나올정도. 하루는 야간 자율학습 도중 체육관 자습실 화장실의 변기칸을 모두 잠궈놓고 나오는 바람에 당시 자습 감독이었던 국어 ㅈㄱㅇ 선생님께서 아픈 배를 잡으시고 5분간 기다리시다가 나왔다는 썰이 있다. 현재 근황은 재수를 했다는 것 밖에 알려진 바가 없으며 아마 삼수를 하고 있는것으로 추정된다.(이건 필자의 정보력 부족일수도 있다) 앞으로 가끔씩 55기의 유명인들을 소개해 보겠습니다. 기대해주십쇼,신붕이 (220.65) 2025.04.19 23:53:17 스크랩 조회 1195 추천 12 댓글 4,12,1195,2025.04.19 23:53:17,https://gall.dcinside.com/mgallery/board/view/?id=shinilhs&no=9545&page=17,0.0,0,
schools_20p/신일고__shinilhs.csv,9546,[자유],수학 ㅇㅅㄱ쌤,너무 귀여우심 썰이 ㄹㅇ 고트 ㅋㅋㅋ - dc official App,신붕이 (211.235) 2025.04.20 00:16:32 스크랩 조회 590 추천 2 댓글 2,2,590,2025.04.20 00:16:32,https://gall.dcinside.com/mgallery/board/view/?id=shinilhs&no=9546&page=17,0.0,0,
schools_20p/신일고__shinilhs.csv,9541,[자유],50기면 틀딱임?,예비군 4년차임 그쪽동네 갈일이 없노... 신일고 앞 동네 여전히 후지냐? - dc official App,ㅇㅇ 2025.04.18 11:35:53 스크랩 조회 363 추천 0 댓글 2,0,363,2025.04.18 11:35:53,https://gall.dcinside.com/mgallery/board/view/?id=shinilhs&no=9541&page=17,0.73,1,틀딱
schools_20p/신일고__shinilhs.csv,9548,[자유],신일 vs 선덕,9등급제 기준 신일가서 2점 중반 vs 선덕 가서 3점 후반,신붕이 (221.143) 2025.04.20 13:19:24 스크랩 조회 818 추천 0 댓글 4,0,818,2025.04.20 13:19:24,https://gall.dcinside.com/mgallery/board/view/?id=shinilhs&no=9548&page=17,0.0,0,
schools_20p/신일고__shinilhs.csv,9543,[자유],ㅇㅇㅈ쌤 아스날 이겨서 기분 좋으시겠네,졸업생인데 어떠시냐? 엄청 좋아하실거같은데 - dc official App,신붕이 (106.101) 2025.04.19 09:44:59 스크랩 조회 513 추천 0 댓글 5,0,513,2025.04.19 09:44:59,https://gall.dcinside.com/mgallery/board/view/?id=shinilhs&no=9543&page=17,0.0,0,
schools_20p/신일고__shinilhs.csv,9540,[자유],여자 교생쌤한테만 달라붙는 새기들,여미새같으면 개추 ㅋㅋㅋ - dc official App,신붕이 (59.5) 2025.04.17 23:42:27 스크랩 조회 1512 추천 22 댓글 15,22,1512,2025.04.17 23:42:27,https://gall.dcinside.com/mgallery/board/view/?id=shinilhs&no=9540&page=17,0.0,0,
schools_20p/신일고__shinilhs.csv,9539,[자유],54가 보건실썰 내용이 뭐임?,ㅈㄱㄴ,노무현노무잘해 2025.04.17 14:11:40 스크랩 조회 995 추천 0 댓글 3,0,995,2025.04.17 14:11:40,https://gall.dcinside.com/mgallery/board/view/?id=shinilhs&no=9539&page=17,0.0,0,
schools_20p/신일고__shinilhs.csv,9535,[자유],보통 영어 3컷 몇임?,9등급제에서 전과목 다,신붕이 (221.143) 2025.04.16 16:55:32 스크랩 조회 456 추천 0 댓글 3,0,456,2025.04.16 16:55:32,https://gall.dcinside.com/mgallery/board/view/?id=shinilhs&no=9535&page=17,0.0,0,
schools_20p/신일고__shinilhs.csv,9536,[자유],박해미르 이제 광문에 있다,질받,신붕이 (222.107) 2025.04.16 22:59:34 스크랩 조회 693 추천 1 댓글 4,1,693,2025.04.16 22:59:34,https://gall.dcinside.com/mgallery/board/view/?id=shinilhs&no=9536&page=17,0.0,0,
schools_20p/신일고__shinilhs.csv,9534,[자유],뿡,뿡,신붕이 (211.241) 2025.04.15 23:35:14 스크랩 조회 279 추천 1 댓글 0,1,279,2025.04.15 23:35:14,https://gall.dcinside.com/mgallery/board/view/?id=shinilhs&no=9534&page=17,0.0,0,
schools_20p/신일고__shinilhs.csv,9533,[질문],ㄱㅎㅅ 선생님이였나?,상담동아리 하시던 체육선생님 아직 신일고에 있으심? - dc official App,신붕이 (118.235) 2025.04.15 14:46:02 스크랩 조회 696 추천 0 댓글 4,0,696,2025.04.15 14:46:02,https://gall.dcinside.com/mgallery/board/view/?id=shinilhs&no=9533&page=17,0.0,0,
schools_20p/신일고__shinilhs.csv,9537,[자유],신일고 와보니까 어때?,"신일고는 나무도 많고, 공기도 좋네~~ 신일고 다니는 신붕쿤이 부럽다랄까나? 나무? 나한테는 안보이는데? ㅇㅔ 신붕쿤.. 그게 무슨 말이야.. 니지카쨩한테는 [나무랄데]가 없으니까✨ 에... 춋또... 이런 플러팅은 곤란한데... (때로는 이렇게 박력 넘칠 수 있는 거냐구!!) 저 또한 신일고가 나무랄데가 없는 학교인것 같습니다 허허 -59기 올림",신일맨이야 (221.145) 2025.04.16 23:17:10 스크랩 조회 1300 추천 20 댓글 6,20,1300,2025.04.16 23:17:10,https://gall.dcinside.com/mgallery/board/view/?id=shinilhs&no=9537&page=17,0.0,0,
schools_20p/신일고__shinilhs.csv,9532,[자유],교사 비난글 삭제에 대하여 (파딱의 시점으로),"내가 1학년때 한 통합과학 선생님이 시험문제 난이도 실패로 (실제론 누가 그 문제를 냈는진 알수 없음) 디시 한면이 수위높은 욕으로 채워질 정도로 적잖이 충격적인 일이 있었는데, 그후로 파딱이 되고 교사 비난글들은 올라오는 족족 지우다가 요즘 좀 느슨 해졌었다. 그 사이에 다시 수위높은 비난글 ex)선생님 초성 까고 욕설 적는글, 초성은 안깟더라도 누군지 특정되는 글들.. 이런게 많이 올라와서 삭제되는 글들이 몇몇개 있었음. 학교 갤러리 특성상 1년마다 유입이 있으니 그걸 인지하고 항상 기준을 알려줬어야 했는데 3학년이 되고 좀 바빠서 신경 못쓰다가 교사 비난글들이 너무 많이 올라오길래 다 삭제함. 앞으론 위에서 말한거 같이 초성까고 욕설, 또는 누군지 특정되는 표현을 동반한 비난과 욕설글들 지우니까 이해바람. 대신 다 지우는건 아니고 이정도 수위 까진 조금 빡세긴 하지만 비판으로 보기로 했으니까 괜찮 - dc official App",고감고닉 2025.04.15 01:34:47 스크랩 조회 635 추천 4 댓글 0,4,635,2025.04.15 01:34:47,https://gall.dcinside.com/mgallery/board/view/?id=shinilhs&no=9532&page=17,0.0,0,
schools_20p/신일고__shinilhs.csv,9530,[자유],갤 관리에 관하여,"요즘 신입생 들어오면서 예전엔 안보이던 유동,고닉이 좀 많아졌는데, 이상한 떡밥 굴리는 똥글, 특정 교사를 향한 욕설 같은 글들 다 일절 삭제하고 있으니까 알아두시고, 나혼자 하는게 아니라 항상 얘기하면서 지우니까 주딱 갤 유기 아닌거 유념 부탁드립니다. 그리고 내가 차단한 사람 한명 저번부터 자꾸 욕박는데, 다 이유가 있으니까 내리는거고 내 개인 연락처랑 신상 다 깟으니까 욕지거리 그만하고 직접 대면상담 하길 바란다. *삭제한 글들 앵간하면 사람 한명 특정하고 욕하는 글이거나 분탕치는 똥글입니다* - dc official App",고감고닉 2025.04.15 01:09:37 스크랩 조회 341 추천 3 댓글 1,3,341,2025.04.15 01:09:37,https://gall.dcinside.com/mgallery/board/view/?id=shinilhs&no=9530&page=17,0.0,0,
schools_20p/신일고__shinilhs.csv,9531,[자유],신붕이들아,"일단 내가 신마갤 주딱 먹어놓고 배 벅벅 긁으면서 갤 유기하고 있지는 않음. 매 시간 갤 새로고침 돌리고 가끔 너네 글에 댓글 남겨주는 경우도 있음. 갤 운영 어떻게 할지도 고감고닉이랑 늘 대화 나누면서 생각함 사람마다 신마갤 활성화 정도에 대한 기대치가 다를 수 있지만 나는 작년에 비하면 올해가 훨씬 더 갤이 활발하다고 생각함 글 리젠도 잘되고 요즘 분위기 좋음 씹덕글 많다고 싫어하는 신붕이들도 있을텐데 걍 냅두고 있음 이게 신일고니까 ㅋㅋ 갤 눈팅만 하는 친구들도 많을텐데 쓰고싶은 글 있으면 주저하지 말고 써줬으면 좋겠음. 누가 쓴 글인지 아무도 모르고 책임질것도 없음. 그냥 맘편하게 하고싶은 얘기 하는거임. 내용 불문하고 한 사람 한 사람 글 써주는게 다 갤의 소중한 원동력이 됨 나는 중간고사 보고 성적 나올때 즈음 되면 내신, 수시에 대해서 진짜 겪어본 사람만이 알려줄 수 있는 조언같은거 해줄 생각임 수시라는게 1, 2점대들만의 이야기가 아니라는 것과 신일고의 근간인 3, 4점대들이 내신에 어떤 자세로 임해야하는지 정말 눈높이에 맞게 썰풀어줄 수 있음 그리고 내가 공부때문에 갤관리 대충한다고 생각 ㄴㄴ 나 허수임 이참에 3모 성적표 깔게 그밖에 궁금한거 있으면 자유롭게 물어봐 - dc official App",서신 2025.04.15 01:11:58 스크랩 조회 994 추천 12 댓글 14,12,994,2025.04.15 01:11:58,https://gall.dcinside.com/mgallery/board/view/?id=shinilhs&no=9531&page=17,0.0,0,
schools_20p/신일고__shinilhs.csv,9529,[자유],서_신 게이는 살아있는거임?,"걍 갤 관리는 파딱이 ㅈ대로 하고있고 주딱은 공부만 하는것 같은데 주딱게이는 이 글 읽으면 갤 정상화좀 시켜줘라. 원래 다른갤은 주딱, 파딱이 갤지분 30%는 먹어주는데, 그정도까진 바라지도 않으니 갤떡좀 많이 굴려줬으면...",신붕이 (58.233) 2025.04.14 23:40:57 스크랩 조회 331 추천 1 댓글 1,1,331,2025.04.14 23:40:57,https://gall.dcinside.com/mgallery/board/view/?id=shinilhs&no=9529&page=17,0.0,0,
schools_20p/신일고__shinilhs.csv,9526,[자유],ㅎㅅㅎ ㄴㅅ,ㅎㅅㅎ ㅅㅅㄴ 냄새 난다고 난리치는 59기는 나가라,신붕이 (211.234) 2025.04.14 14:56:16 스크랩 조회 526 추천 0 댓글 2,0,526,2025.04.14 14:56:16,https://gall.dcinside.com/mgallery/board/view/?id=shinilhs&no=9526&page=17,0.0,0,
schools_20p/신일고__shinilhs.csv,9527,[자유],용문 vs 신일,중상위권인데 어디가는게 이득임,신붕이 (221.143) 2025.04.14 16:22:11 스크랩 조회 620 추천 0 댓글 5,0,620,2025.04.14 16:22:11,https://gall.dcinside.com/mgallery/board/view/?id=shinilhs&no=9527&page=17,0.0,0,
schools_20p/신일고__shinilhs.csv,9525,[자유],니지카 내가 하고싶은 말이 있어,에?신붕쿤 무슨일이야?..?? 니지카는 홈런이라는 단어를 알아? 신붕쿤...그거를 모르는사람이 있어? 야구에서 쓰는말 아니야? 야레야레 그 뜻이 아니야 니지카 내가 말하는 홈런은 너의 '홈'으로 '런'이야 그러니깐 난 지금 너에게 '홈런'을 하고싶어 에~~~~~~~~~~~~~~~~ 신붕쿤도 참~~~~~~ 촤하하하하하핫 이제 곧 중간고사네요 신일고등학교 학생 여러분들이 노력한만큼 좋은 성적 나오기를 기원합니다 중간고사 화이팅!!,신붕이 (116.44) 2025.04.14 01:30:38 스크랩 조회 719 추천 30 댓글 7,30,719,2025.04.14 01:30:38,https://gall.dcinside.com/mgallery/board/view/?id=shinilhs&no=9525&page=17,0.0,0,
schools_20p/신일고__shinilhs.csv,9524,[자유],59기 23년도 수학 고1 기출 등급 질문,81.3 나왔는데 몇등급정도 인가요?,신붕이 (211.234) 2025.04.13 23:15:02 스크랩 조회 471 추천 0 댓글 3,0,471,2025.04.13 23:15:02,https://gall.dcinside.com/mgallery/board/view/?id=shinilhs&no=9524&page=17,0.0,0,
schools_20p/신일고__shinilhs.csv,9523,[자유],56기 유명한 애들 대학 ㅇㄷ감?,ㅇㅇ,신붕이 (172.105) 2025.04.12 20:03:26 스크랩 조회 852 추천 0 댓글 5,0,852,2025.04.12 20:03:26,https://gall.dcinside.com/mgallery/board/view/?id=shinilhs&no=9523&page=17,0.0,0,
schools_20p/신일고__shinilhs.csv,9521,[자유],파딱 재선 안함?,할사람 없으면 나 시켜주라,노무현노무잘해 2025.04.11 17:55:31 스크랩 조회 278 추천 0 댓글 0,0,278,2025.04.11 17:55:31,https://gall.dcinside.com/mgallery/board/view/?id=shinilhs&no=9521&page=17,0.0,0,
schools_20p/신일고__shinilhs.csv,9519,[자유],ㅈㅂㄱㅎ,태어나서 해본 수행중에 제일 의미없는 수행인듯,신붕이 (118.221) 2025.04.11 15:29:04 스크랩 조회 545 추천 5 댓글 1,5,545,2025.04.11 15:29:04,https://gall.dcinside.com/mgallery/board/view/?id=shinilhs&no=9519&page=17,0.0,0,
schools_20p/신일고__shinilhs.csv,9517,[자유],핸드폰 걷냐?,ㅈㄱㄴ,신붕이 (221.143) 2025.04.10 22:55:01 스크랩 조회 388 추천 0 댓글 1,0,388,2025.04.10 22:55:01,https://gall.dcinside.com/mgallery/board/view/?id=shinilhs&no=9517&page=17,0.0,0,
schools_20p/신일고__shinilhs.csv,9518,[자유],ㅈㅂㄱㅎ,수업이 요즘 너무 꿀잼,신붕이 (211.168) 2025.04.11 13:07:45 스크랩 조회 393 추천 0 댓글 0,0,393,2025.04.11 13:07:45,https://gall.dcinside.com/mgallery/board/view/?id=shinilhs&no=9518&page=17,0.0,0,
schools_20p/신일고__shinilhs.csv,9513,[자유],이게 신평인가 머시긴가냐?,- dc official App,토토잇니 2025.04.09 18:53:35 스크랩 조회 875 추천 3 댓글 10,3,875,2025.04.09 18:53:35,https://gall.dcinside.com/mgallery/board/view/?id=shinilhs&no=9513&page=17,0.0,0,
schools_20p/신일고__shinilhs.csv,9511,[자유],ㅂㅎㅅ,뭐라는지 나만 이해 안됨? ?,신붕이 (118.221) 2025.04.09 13:12:33 스크랩 조회 772 추천 5 댓글 4,5,772,2025.04.09 13:12:33,https://gall.dcinside.com/mgallery/board/view/?id=shinilhs&no=9511&page=17,0.0,0,
schools_20p/신일고__shinilhs.csv,9510,[자유],신평이 쥐평이었나,쥐새끼 하나 껴있는건 또 뭐노?,노무현노무잘해 2025.04.09 11:36:57 스크랩 조회 412 추천 1 댓글 1,1,412,2025.04.09 11:36:57,https://gall.dcinside.com/mgallery/board/view/?id=shinilhs&no=9510&page=17,0.73,1,새끼
schools_20p/신일고__shinilhs.csv,9509,[자유],근데ㅔ,이학교에 유명한 일진애들 있었음? 55~59기까지,신붕이 (42.82) 2025.04.09 01:08:06 스크랩 조회 359 추천 0 댓글 2,0,359,2025.04.09 01:08:06,https://gall.dcinside.com/mgallery/board/view/?id=shinilhs&no=9509&page=17,0.0,0,
schools_20p/신일고__shinilhs.csv,9508,[자유],역사 ㅅㅇㅅ,뭐가 문제인거임? 한달동안 딱히 문제를 못느낌 - dc official App,신붕이 (220.65) 2025.04.09 00:00:16 스크랩 조회 717 추천 1 댓글 6,1,717,2025.04.09 00:00:16,https://gall.dcinside.com/mgallery/board/view/?id=shinilhs&no=9508&page=17,0.0,0,
schools_20p/신일고__shinilhs.csv,9506,[자유],신일고 등급컷,신일고 시험 끝나고 보통 몇일 뒤에 등급컷 같은 거 알려주나요??,신붕이 (211.234) 2025.04.08 22:59:07 스크랩 조회 578 추천 0 댓글 3,0,578,2025.04.08 22:59:07,https://gall.dcinside.com/mgallery/board/view/?id=shinilhs&no=9506&page=17,0.0,0,
schools_20p/신일고__shinilhs.csv,9507,[자유],누가 더 유명함 베컴 브리트니 스피어스,- dc official App,디바 (59.28) 2025.04.08 23:34:23 스크랩 조회 292 추천 1 댓글 2,1,292,2025.04.08 23:34:23,https://gall.dcinside.com/mgallery/board/view/?id=shinilhs&no=9507&page=17,0.0,0,
schools_20p/신일고__shinilhs.csv,9505,[자유],59기 8반 ㅈㅎㅎ 남자친구잇나?,나 58기 ㄱㅈㅇ인데 귀엽드라 좀,신붕이 (125.187) 2025.04.08 21:41:11 스크랩 조회 596 추천 1 댓글 0,1,596,2025.04.08 21:41:11,https://gall.dcinside.com/mgallery/board/view/?id=shinilhs&no=9505&page=17,0.0,0,
schools_20p/신일고__shinilhs.csv,9504,[자유],시간표에 두 과목이 적혀있는건 뭐임?,ㅈㄱㄴ - dc official App,신붕이 (211.168) 2025.04.08 18:59:19 스크랩 조회 383 추천 0 댓글 2,0,383,2025.04.08 18:59:19,https://gall.dcinside.com/mgallery/board/view/?id=shinilhs&no=9504&page=17,0.0,0,
schools_20p/신일고__shinilhs.csv,9503,[자유],이번 59기 역사쌤 3명분들 어때요??,다들 포스가 장난아니시던데 ㄷㄷㄷㄷ,신붕이 (118.235) 2025.04.08 17:50:41 스크랩 조회 744 추천 2 댓글 8,2,744,2025.04.08 17:50:41,https://gall.dcinside.com/mgallery/board/view/?id=shinilhs&no=9503&page=17,0.0,0,
schools_20p/신일고__shinilhs.csv,9502,[자유],오늘자 ㅈㅂㄱㅎ,크롬에서 한번에 창 여러개를 열면 서로 데이터가 유출된다 발언 ㅇㄱㅈㅉㅇㅇ?,신붕이 (211.168) 2025.04.07 12:53:09 스크랩 조회 1059 추천 10 댓글 2,10,1059,2025.04.07 12:53:09,https://gall.dcinside.com/mgallery/board/view/?id=shinilhs&no=9502&page=17,0.0,0,
schools_20p/신일고__shinilhs.csv,9501,[자유],ㅈㅂㄱㅎ,59기들아 ㅈㅂㄱㅎ 진짜 절대 하지마라,신붕이 (118.221) 2025.04.07 09:46:29 스크랩 조회 711 추천 7 댓글 3,7,711,2025.04.07 09:46:29,https://gall.dcinside.com/mgallery/board/view/?id=shinilhs&no=9501&page=17,0.0,0,
schools_20p/신일고__shinilhs.csv,9500,[자유],ㅈㅂㄱㅎ,진짜 이젠 제가 미쳐돌아버릴것 같네요..........,신붕이 (118.221) 2025.04.07 08:58:01 스크랩 조회 716 추천 6 댓글 4,6,716,2025.04.07 08:58:01,https://gall.dcinside.com/mgallery/board/view/?id=shinilhs&no=9500&page=17,0.0,0,
schools_20p/신일고__shinilhs.csv,9498,[자유],59기 모고,3모 수학 일등급 17명이라는데 입결 낮아짐?,신붕이 (1.248) 2025.04.07 00:35:39 스크랩 조회 583 추천 0 댓글 5,0,583,2025.04.07 00:35:39,https://gall.dcinside.com/mgallery/board/view/?id=shinilhs&no=9498&page=17,0.0,0,
schools_20p/신일고__shinilhs.csv,9499,[자유],3초면 어디 ㄱㄴ,ㅇㅇㅇ,신붕이 (221.143) 2025.04.07 03:42:31 스크랩 조회 471 추천 0 댓글 1,0,471,2025.04.07 03:42:31,https://gall.dcinside.com/mgallery/board/view/?id=shinilhs&no=9499&page=17,0.0,0,
schools_20p/신일고__shinilhs.csv,9497,[자유],뭔지 모르겠지만,관심도 없고 영향도 없는 57기면 개추 - dc official App,토토잇니 2025.04.07 00:14:21 스크랩 조회 398 추천 5 댓글 1,5,398,2025.04.07 00:14:21,https://gall.dcinside.com/mgallery/board/view/?id=shinilhs&no=9497&page=17,0.0,0,
schools_20p/신일고__shinilhs.csv,9496,[자유],쵸비 씨이이발,넌 다음경기부터 손 하나만 써라,ㅇㅇ (121.160) 2025.04.06 20:26:54 스크랩 조회 291 추천 0 댓글 0,0,291,2025.04.06 20:26:54,https://gall.dcinside.com/mgallery/board/view/?id=shinilhs&no=9496&page=17,0.0,0,
schools_20p/신일고__shinilhs.csv,9495,[자유],신일고 고전명짤,55기 신붕이들에게 자유시간을 틈타 역함수의 정적분 과외하는 타일러,ㅇㅇ (147.47) 2025.04.06 19:34:54 스크랩 조회 1446 추천 38 댓글 5,38,1446,2025.04.06 19:34:54,https://gall.dcinside.com/mgallery/board/view/?id=shinilhs&no=9495&page=17,0.0,0,
schools_20p/신일고__shinilhs.csv,9494,[자유],공부 안하는애들 얼마나 있음?,각반에 진짜 안하는 애들,선붕이 (221.143) 2025.04.06 00:15:59 스크랩 조회 737 추천 4 댓글 7,4,737,2025.04.06 00:15:59,https://gall.dcinside.com/mgallery/board/view/?id=shinilhs&no=9494&page=17,0.0,0,
schools_20p/신일고__shinilhs.csv,9493,[자유],신일고 주말에 운동장 개방함?,졸업한지 어언 3년된 틀딱이라 모르겠네..,신붕이 (106.101) 2025.04.05 21:26:14 스크랩 조회 561 추천 0 댓글 2,0,561,2025.04.05 21:26:14,https://gall.dcinside.com/mgallery/board/view/?id=shinilhs&no=9493&page=17,0.73,1,틀딱
schools_20p/신일고__shinilhs.csv,9492,[자유],모의고사,3학년때 학교에서 추가적으로 모의고사 봄?,신붕이 (59.5) 2025.04.05 00:38:15 스크랩 조회 391 추천 0 댓글 0,0,391,2025.04.05 00:38:15,https://gall.dcinside.com/mgallery/board/view/?id=shinilhs&no=9492&page=17,0.0,0,
schools_20p/신일고__shinilhs.csv,9491,[자유],’그쌤‘,교육청 민원 찌라시 진짠가요?,신붕이 (211.234) 2025.04.04 22:57:24 스크랩 조회 1377 추천 24 댓글 3,24,1377,2025.04.04 22:57:24,https://gall.dcinside.com/mgallery/board/view/?id=shinilhs&no=9491&page=17,0.0,0,
schools_20p/신일고__shinilhs.csv,9487,[자유],그런데,디씨에 똥글 안싸지르면 뭐씀? (진짜모름),신붕이 (223.38) 2025.04.04 10:11:44 스크랩 조회 455 추천 0 댓글 3,0,455,2025.04.04 10:11:44,https://gall.dcinside.com/mgallery/board/view/?id=shinilhs&no=9487&page=18,0.0,0,
schools_20p/신일고__shinilhs.csv,9488,[질문],수학 윤ㄱㅈ쌤 출신대학 어디심?,궁금 - dc official App,신붕이 (59.5) 2025.04.04 12:51:28 스크랩 조회 762 추천 0 댓글 2,0,762,2025.04.04 12:51:28,https://gall.dcinside.com/mgallery/board/view/?id=shinilhs&no=9488&page=18,0.0,0,
schools_20p/신일고__shinilhs.csv,9486,[자유],본인 졸업생인데 오늘 신앙수양회냐?,ㅇㅇ? 성복중앙교회에 신일고잠바입은애들많네 - dc official App,ㅇㅇ 2025.04.04 07:39:09 스크랩 조회 444 추천 0 댓글 2,0,444,2025.04.04 07:39:09,https://gall.dcinside.com/mgallery/board/view/?id=shinilhs&no=9486&page=18,0.0,0,
schools_20p/신일고__shinilhs.csv,9490,[자유],오늘 신앙수양회 퀴즈쇼,닉네임 좃같이한년들은 반성해라 ㅅㅂ 쌤들도 있는데 그렇게 살고싶냐 ㅋㅋㅋㅋㅋ - dc official App,트레기 2025.04.04 22:19:23 스크랩 조회 992 추천 26 댓글 6,26,992,2025.04.04 22:19:23,https://gall.dcinside.com/mgallery/board/view/?id=shinilhs&no=9490&page=18,0.81,1,"ㅅㅂ, 좃"
schools_20p/신일고__shinilhs.csv,9483,[자유],이 학교에서 수시 국민대,몇점 뜨면 가냐 9등급제에서,신붕이 (221.143) 2025.04.03 23:23:59 스크랩 조회 544 추천 0 댓글 2,0,544,2025.04.03 23:23:59,https://gall.dcinside.com/mgallery/board/view/?id=shinilhs&no=9483&page=18,0.0,0,
schools_20p/신일고__shinilhs.csv,9485,[자유],씹선비짓 할거면 디씨 관리자를 왜하냐?,ㅈㄱㄴ,신붕이 (223.39) 2025.04.04 00:08:57 스크랩 조회 718 추천 12 댓글 11,12,718,2025.04.04 00:08:57,https://gall.dcinside.com/mgallery/board/view/?id=shinilhs&no=9485&page=18,0.0,0,
schools_20p/신일고__shinilhs.csv,9484,[자유],글,아까 글 너무 막 내린다고 쓴 사람인데 또 내렸네 관리자야 내리지말고 댓글로 내려가는 기준이나 좀 알려줘봐라,신붕이 (223.39) 2025.04.04 00:08:33 스크랩 조회 234 추천 0 댓글 0,0,234,2025.04.04 00:08:33,https://gall.dcinside.com/mgallery/board/view/?id=shinilhs&no=9484&page=18,0.0,0,
schools_20p/신일고__shinilhs.csv,9489,[자유],"""업데이트된"" 신일고 이상형월드컵","https://www.piku.co.kr/w/1tt4ft 2025ver 업데이트가 진행된 신일고 교사 이상형 월드컵입니다 새로운 선생님 5분이 추가되었고, 일부 사진이 최신 사진으로 교체되었습니다",신붕이 (45.33) 2025.04.04 16:52:47 스크랩 조회 1730 추천 13 댓글 7,13,1730,2025.04.04 16:52:47,https://gall.dcinside.com/mgallery/board/view/?id=shinilhs&no=9489&page=18,0.0,0,
schools_20p/신일고__shinilhs.csv,9478,[자유],갤 웰케 망했냐,작년엔 그래도 신앙수양회 끝나고 글 좀 올라왔는데 왜 안올라오냐,겁없는투수노운현 2025.04.03 15:11:17 스크랩 조회 434 추천 0 댓글 4,0,434,2025.04.03 15:11:17,https://gall.dcinside.com/mgallery/board/view/?id=shinilhs&no=9478&page=18,0.0,0,
schools_20p/신일고__shinilhs.csv,9480,[자유],나 59기 ㅈㅎㅎ인데 글 읽어봐,나 59기 8반 ㅈㅎㅎ인데 진짜 다 들어와 58기든 57기든 다 들어오라고 진짜 화날 것 같고 13기 위로는 오지마 진짜 짜증날 거 같으니까 아무나 들어와봐 야차룰로 하자 나의 화를 식히고싶다면 운명의 상대를 데리고 와 내 운동경력을 알려주자면 엄마랑 집 앞에서 폴댄스 2년 탁구 1년 가위바위보 3년(벽이랑 해서 이긴남자) 코노가서 돈 보낸척하고 충전해달라하고 노래 부르기 2년 볼링 1년 아침마다 맨발마라톤 10km 3년 지압슬리퍼 줄넘기 5년,신붕이 (106.101) 2025.04.03 16:05:20 스크랩 조회 755 추천 3 댓글 12,3,755,2025.04.03 16:05:20,https://gall.dcinside.com/mgallery/board/view/?id=shinilhs&no=9480&page=18,0.0,0,
schools_20p/신일고__shinilhs.csv,9474,[자유],59기 ㅈㅎㅎ다,나 59기 ㅈㅎㅎ인데 복싱룰로 싸울사람 와라 나한테,신붕이 (106.101) 2025.04.03 08:14:54 스크랩 조회 444 추천 1 댓글 0,1,444,2025.04.03 08:14:54,https://gall.dcinside.com/mgallery/board/view/?id=shinilhs&no=9474&page=18,0.0,0,
schools_20p/신일고__shinilhs.csv,9473,[자유],정보과학,아니 진짜 궁금한데 썰좀 자세히 써주면 안되니 얘들아 궁금해서 그럼ㅋㅋㅋㅋㅋ - dc official App,TSH 2025.04.02 23:47:31 스크랩 조회 566 추천 2 댓글 1,2,566,2025.04.02 23:47:31,https://gall.dcinside.com/mgallery/board/view/?id=shinilhs&no=9473&page=18,0.0,0,
schools_20p/신일고__shinilhs.csv,9472,[자유],“12개월”,그뭔씹,신붕이 (211.168) 2025.04.02 10:17:30 스크랩 조회 547 추천 1 댓글 2,1,547,2025.04.02 10:17:30,https://gall.dcinside.com/mgallery/board/view/?id=shinilhs&no=9472&page=18,0.0,0,
schools_20p/신일고__shinilhs.csv,9470,[자유],실시간 ㅡㅈㅂㄱㅎ,.........하.....진짜 힘들다....이게맞냐?,신붕이 (118.221) 2025.04.02 09:27:22 스크랩 조회 673 추천 6 댓글 1,6,673,2025.04.02 09:27:22,https://gall.dcinside.com/mgallery/board/view/?id=shinilhs&no=9470&page=18,0.0,0,
schools_20p/신일고__shinilhs.csv,9467,[자유],신마갤 일동은 신일 최초 메가장학생 탄생을 경축합니다.,"25학년도 수능을 통해 정시 전형으로 올해 서울대학교 사범대학에 진학하신 55기 모 선배님께서 메가스터디 21기 목표달성장학생으로 발탁되셨습니다. 신일고 졸업생이 메가 장학생으로 발탁되어 멘토 활동을 하는 것은 이번이 처음 있는 일로, 현 신일고 재학생들에게는 귀감이 될 소식이라고 생각합니다. 메가스터디 '명문대 선배 멘토링' 탭에서 쉽게 찾아볼 수 있으니 시간 내어 탐독하도록 합시다.",서신 2025.04.02 00:42:56 스크랩 조회 1000 추천 14 댓글 1,14,1000,2025.04.02 00:42:56,https://gall.dcinside.com/mgallery/board/view/?id=shinilhs&no=9467&page=18,0.0,0,
schools_20p/신일고__shinilhs.csv,9466,[자유],일반고 가서 내신 양학 vs 신일가서 평타 이상,일반고 가면 ㄹㅇ 양학 가능한데 신일 가면 다 2점대 뜰거같은데 어디가는게 좋아보임?,신붕이 (221.143) 2025.04.02 00:08:52 스크랩 조회 593 추천 2 댓글 2,2,593,2025.04.02 00:08:52,https://gall.dcinside.com/mgallery/board/view/?id=shinilhs&no=9466&page=18,0.0,0,
schools_20p/신일고__shinilhs.csv,9465,[자유],56기,59긴데 56기들 빡셌음?,신붕이 (223.39) 2025.04.01 21:09:31 스크랩 조회 493 추천 0 댓글 4,0,493,2025.04.01 21:09:31,https://gall.dcinside.com/mgallery/board/view/?id=shinilhs&no=9465&page=18,0.0,0,
schools_20p/신일고__shinilhs.csv,9463,[자유],59기에서 국사쌤한테 대든 놈 있음?,ㅇㄱㅈㅉㅇㅇ?,ㅇㅇ 2025.04.01 19:06:58 스크랩 조회 809 추천 1 댓글 6,1,809,2025.04.01 19:06:58,https://gall.dcinside.com/mgallery/board/view/?id=shinilhs&no=9463&page=18,0.0,0,
schools_20p/신일고__shinilhs.csv,9460,[자유],발표 많이 해야 생기부 잘 써줌?,ㅈㄱㄴ,선붕이 (221.143) 2025.04.01 01:50:30 스크랩 조회 356 추천 0 댓글 2,0,356,2025.04.01 01:50:30,https://gall.dcinside.com/mgallery/board/view/?id=shinilhs&no=9460&page=18,0.0,0,
schools_20p/신일고__shinilhs.csv,9462,[자유],메가스터디 멘토에 신일고 선배 등장 ㄷㄷ,개추... 박아야겠지?,ㅇㅇ (118.235) 2025.04.01 08:03:27 스크랩 조회 941 추천 17 댓글 2,17,941,2025.04.01 08:03:27,https://gall.dcinside.com/mgallery/board/view/?id=shinilhs&no=9462&page=18,0.0,0,
schools_20p/신일고__shinilhs.csv,9459,[자유],작년으로 되돌아보는 58기,무단횡단 하다 경찰한테 걸림ㅋㅋㅋㅋㅋㅋ -> 현재 중앙선 가드레일 생김 - dc official App,TSH 2025.03.31 23:18:26 스크랩 조회 888 추천 8 댓글 3,8,888,2025.03.31 23:18:26,https://gall.dcinside.com/mgallery/board/view/?id=shinilhs&no=9459&page=18,0.0,0,
schools_20p/신일고__shinilhs.csv,9461,[자유],등급별 대학 알려주세요,9등급제에서 1~5등급까지 생기부 평범할때 수시로 등급별로 어디대학 가나요? 1등급: 2등급: 3등급: 4등급: 5등급:,신붕이 (221.143) 2025.04.01 02:44:22 스크랩 조회 672 추천 0 댓글 7,0,672,2025.04.01 02:44:22,https://gall.dcinside.com/mgallery/board/view/?id=shinilhs&no=9461&page=18,0.0,0,
schools_20p/신일고__shinilhs.csv,9458,[자유],님덜 졸업한지 오래된 개틀딱이긴한데,오랜만에 그 수시 포기하면 안됩니다 둘리만화 보고싶은데 이딨음? 맨끝으로 가서 찾아봤는데도 안보임...,신붕이 (118.235) 2025.03.31 16:07:49 스크랩 조회 356 추천 0 댓글 1,0,356,2025.03.31 16:07:49,https://gall.dcinside.com/mgallery/board/view/?id=shinilhs&no=9458&page=18,0.73,1,틀딱
schools_20p/신일고__shinilhs.csv,226,[문학],애기 일반고 신일 풀버전,애,ㅇㅇㅇ (211.200) 2020.10.07 16:54:52 스크랩 조회 12420 추천 322 댓글 29,322,12420,2020.10.07 16:54:52,https://gall.dcinside.com/mgallery/board/view/?id=shinilhs&no=226&page=18,0.0,0,
schools_20p/신일고__shinilhs.csv,9455,[자유],5등급제 신일 2.4 VS 고대부고 1.4,ㅈㄱㄴ 전자 or 후자,신붕이 (221.143) 2025.03.30 01:25:45 스크랩 조회 774 추천 0 댓글 5,0,774,2025.03.30 01:25:45,https://gall.dcinside.com/mgallery/board/view/?id=shinilhs&no=9455&page=18,0.0,0,
schools_20p/신일고__shinilhs.csv,9457,[자유],ㅈㅂㄱㅎ,진짜 ㅈㅂㄱㅎ 시간만 되면 열받아 뒤지겠네..;제발..,신붕이 (118.221) 2025.03.31 09:10:11 스크랩 조회 636 추천 6 댓글 4,6,636,2025.03.31 09:10:11,https://gall.dcinside.com/mgallery/board/view/?id=shinilhs&no=9457&page=18,0.0,0,
schools_20p/신일고__shinilhs.csv,9456,[자유],경희대 공대 가고 싶은데,생기부 평범하다는 기준에 수시 몇점은 떠야 갈수있음?,신붕이 (221.143) 2025.03.30 13:26:37 스크랩 조회 546 추천 0 댓글 7,0,546,2025.03.30 13:26:37,https://gall.dcinside.com/mgallery/board/view/?id=shinilhs&no=9456&page=18,0.0,0,
schools_20p/신일고__shinilhs.csv,9454,[자유],이번 고1인데 내신 빡세냐?,선덕보단 ㅈㄴ 쉬울거 같애서 왔는데 내신 따기 얼마나 어려움?,신붕이 (221.143) 2025.03.30 00:21:30 스크랩 조회 556 추천 0 댓글 6,0,556,2025.03.30 00:21:30,https://gall.dcinside.com/mgallery/board/view/?id=shinilhs&no=9454&page=18,0.0,0,
schools_20p/신일고__shinilhs.csv,9452,[자유],별관 개편,이거 3모 이후부터임 아니면 5모 이후부터임? 3학년부 쌤들마다 말씀하시는게 다르시던데,신붕이 (58.145) 2025.03.29 00:23:26 스크랩 조회 428 추천 0 댓글 3,0,428,2025.03.29 00:23:26,https://gall.dcinside.com/mgallery/board/view/?id=shinilhs&no=9452&page=18,0.0,0,
schools_20p/신일고__shinilhs.csv,9453,[자유],ㅎㅇ,다른학교에서 놀러옴 신일은 선생님들은 스카이 선생님들 많음? 지방대도 있음?,신붕이 (118.235) 2025.03.29 00:32:54 스크랩 조회 455 추천 0 댓글 5,0,455,2025.03.29 00:32:54,https://gall.dcinside.com/mgallery/board/view/?id=shinilhs&no=9453&page=18,0.0,0,
schools_20p/신일고__shinilhs.csv,9450,[자유],중딩들 배구 작작하면 안되나,위에 중딩 배구한다고 체육관 자습실 하루종일 ㅈㄴ 울리는데 미치겠음,신붕이 (211.168) 2025.03.28 18:25:50 스크랩 조회 515 추천 1 댓글 8,1,515,2025.03.28 18:25:50,https://gall.dcinside.com/mgallery/board/view/?id=shinilhs&no=9450&page=18,0.0,0,
schools_20p/신일고__shinilhs.csv,9451,[자유],내신 3점 후반 4점 초면 어디대학가나요,ㅇㅇ,신붕이 (211.201) 2025.03.28 23:51:25 스크랩 조회 587 추천 0 댓글 3,0,587,2025.03.28 23:51:25,https://gall.dcinside.com/mgallery/board/view/?id=shinilhs&no=9451&page=18,0.0,0,
schools_20p/신일고__shinilhs.csv,9446,[자유],9등급제 2.5에 생기부 평타면 어디 ㄱㄴ?,ㅈㄱㄴ요,선붕이 (221.143) 2025.03.27 23:22:49 스크랩 조회 550 추천 0 댓글 4,0,550,2025.03.27 23:22:49,https://gall.dcinside.com/mgallery/board/view/?id=shinilhs&no=9446&page=18,0.0,0,
schools_20p/신일고__shinilhs.csv,9447,[자유],3모 이정도면 내신 어느정도임,국어 2 수학 2 영어 1 (턱걸이),신붕이 (221.143) 2025.03.27 23:36:52 스크랩 조회 598 추천 0 댓글 3,0,598,2025.03.27 23:36:52,https://gall.dcinside.com/mgallery/board/view/?id=shinilhs&no=9447&page=18,0.0,0,
schools_20p/신일고__shinilhs.csv,9448,[자유],ㅂㅎㅅ,ㄹㅈㄷ,신붕이 (118.221) 2025.03.28 11:52:19 스크랩 조회 720 추천 2 댓글 4,2,720,2025.03.28 11:52:19,https://gall.dcinside.com/mgallery/board/view/?id=shinilhs&no=9448&page=18,0.0,0,
schools_20p/신일고__shinilhs.csv,9445,[자유],.,- dc official App,토토잇니 2025.03.27 17:56:32 스크랩 조회 300 추천 0 댓글 2,0,300,2025.03.27 17:56:32,https://gall.dcinside.com/mgallery/board/view/?id=shinilhs&no=9445&page=18,0.0,0,
schools_20p/신일고__shinilhs.csv,9442,[자유],3모 화1,- dc official App,라니츠 2025.03.26 23:04:00 스크랩 조회 494 추천 5 댓글 7,5,494,2025.03.26 23:04:00,https://gall.dcinside.com/mgallery/board/view/?id=shinilhs&no=9442&page=18,0.0,0,
schools_20p/신일고__shinilhs.csv,9443,[자유],3모 시발,대차게 조져버렸네 시발 운지,qpqoqoo122 2025.03.27 00:06:21 스크랩 조회 478 추천 1 댓글 5,1,478,2025.03.27 00:06:21,https://gall.dcinside.com/mgallery/board/view/?id=shinilhs&no=9443&page=18,0.73,1,시발
schools_20p/신일고__shinilhs.csv,9441,[자유],3모 담백하게 좆됐으면 개추 ㅋㅋ,아 상담 어카노 시발,신붕이 (118.235) 2025.03.26 18:05:47 스크랩 조회 711 추천 14 댓글 2,14,711,2025.03.26 18:05:47,https://gall.dcinside.com/mgallery/board/view/?id=shinilhs&no=9441&page=18,0.81,1,"시발, 좆"
schools_20p/신일고__shinilhs.csv,9440,[자유],3모 첫인상에 영향 크게주나요,좆된거같은데 - dc official App,ㅇㅇ 2025.03.26 17:11:29 스크랩 조회 504 추천 1 댓글 6,1,504,2025.03.26 17:11:29,https://gall.dcinside.com/mgallery/board/view/?id=shinilhs&no=9440&page=18,0.73,1,좆
schools_20p/신일고__shinilhs.csv,9439,[자유],??,"https://youtu.be/bRF4iW8uK2A?si=JM-GgrbI3FbdHxc9 미복귀 의대생 제적 돌입‥""별도 구제책 없어"" (2025.03.25/뉴스투데이/MBC) 국내 40개 의대의 미등록 의대생 제적 절차가 시작됐습니다.연세대 등 일부 대학은 어제 복귀 신청을 하지 않은 의대생들에게 제적 예정 통보서를 보냈는데요.다른 대학들의 등록 마감 시한도 줄줄이 다가오고 있습니다.https://imnews.imbc.com/replay/2025/nwt... youtu.be - dc official App",토토잇니 2025.03.26 00:18:07 스크랩 조회 362 추천 0 댓글 0,0,362,2025.03.26 00:18:07,https://gall.dcinside.com/mgallery/board/view/?id=shinilhs&no=9439&page=18,0.0,0,
schools_20p/신일고__shinilhs.csv,9438,[자유],.,- dc official App,토토잇니 2025.03.25 20:04:14 스크랩 조회 263 추천 1 댓글 0,1,263,2025.03.25 20:04:14,https://gall.dcinside.com/mgallery/board/view/?id=shinilhs&no=9438&page=18,0.0,0,
schools_20p/신일고__shinilhs.csv,9437,[자유],59기,물리쌤 예쁘심,신붕이 (118.235) 2025.03.25 19:33:57 스크랩 조회 518 추천 4 댓글 2,4,518,2025.03.25 19:33:57,https://gall.dcinside.com/mgallery/board/view/?id=shinilhs&no=9437&page=18,0.0,0,
schools_20p/신일고__shinilhs.csv,9436,[자유],우쒸 현체 롯데월드인데 안간다 ㅆ,하 진쯔....,신붕이 (211.235) 2025.03.25 14:45:49 스크랩 조회 298 추천 0 댓글 0,0,298,2025.03.25 14:45:49,https://gall.dcinside.com/mgallery/board/view/?id=shinilhs&no=9436&page=18,0.0,0,
schools_20p/신일고__shinilhs.csv,9434,[자유],상점 벌점 질문,상점먹으면 뭐가 좋고 벌점먹으면 뭐가 안좋나요?,신붕이 (1.229) 2025.03.22 21:17:54 스크랩 조회 643 추천 0 댓글 8,0,643,2025.03.22 21:17:54,https://gall.dcinside.com/mgallery/board/view/?id=shinilhs&no=9434&page=18,0.0,0,
schools_20p/신일고__shinilhs.csv,9432,[자유],57기 손흥민,훈련이 빡셌나 왜 이렇게 까매짐 유통기한 지난 손흥민 같네 누구임??,신붕이 (118.221) 2025.03.21 14:00:38 스크랩 조회 542 추천 1 댓글 0,1,542,2025.03.21 14:00:38,https://gall.dcinside.com/mgallery/board/view/?id=shinilhs&no=9432&page=18,0.0,0,
schools_20p/신일고__shinilhs.csv,9433,[자유],21일 7교시 정보 ㅂㅎㅅ,지금 신일고 교사 월드컵 하고있다 이거뭐냐??,신붕이 (118.221) 2025.03.21 15:12:06 스크랩 조회 975 추천 3 댓글 4,3,975,2025.03.21 15:12:06,https://gall.dcinside.com/mgallery/board/view/?id=shinilhs&no=9433&page=18,0.0,0,
schools_20p/신일고__shinilhs.csv,9431,[자유],신일고 57기,얼굴 자꾸 빨개지는데 수업시간에 고라니율 시그니처 자세 그만 봐라,신붕이 (118.221) 2025.03.21 13:59:30 스크랩 조회 521 추천 1 댓글 0,1,521,2025.03.21 13:59:30,https://gall.dcinside.com/mgallery/board/view/?id=shinilhs&no=9431&page=18,0.0,0,
schools_20p/신일고__shinilhs.csv,9416,[자유],3/18 정보 ㅂㅎㅅ ㄹㅈㄷ,자꾸 뭔 쉬는시간 까지 합쳐서 15분 늦게 들어왔다고 결과 한다고 어떤친구 협박함. 심지어 작년엔 5분이였어 라는 말을 거의 뭐 앵무새처럼 반복하면서 뭐라함. 진짜 왜 저러냐,신붕이 (118.221) 2025.03.18 10:42:45 스크랩 조회 1458 추천 17 댓글 13,17,1458,2025.03.18 10:42:45,https://gall.dcinside.com/mgallery/board/view/?id=shinilhs&no=9416&page=19,0.0,0,
schools_20p/신일고__shinilhs.csv,9411,[자유],58기 일본어 선택,일본어 고른 58기들아 수업 어떠냐 일본어 ㄱㄷㅇ단독인데ㅋㅋㅋ - dc official App,TSH 2025.03.17 23:26:44 스크랩 조회 577 추천 0 댓글 3,0,577,2025.03.17 23:26:44,https://gall.dcinside.com/mgallery/board/view/?id=shinilhs&no=9411&page=19,0.0,0,
schools_20p/신일고__shinilhs.csv,9428,[자유],신평,- dc official App,TSH 2025.03.20 22:29:12 스크랩 조회 692 추천 3 댓글 9,3,692,2025.03.20 22:29:12,https://gall.dcinside.com/mgallery/board/view/?id=shinilhs&no=9428&page=19,0.0,0,
schools_20p/신일고__shinilhs.csv,9425,[자유],경질 관련,"안녕하세요. 이번 사태로 경질된 전 파딱입니다. ■월 ■일 쉬는 시간에 잡담 중 제가 파딱인 것에 대한 언급이 있었습니다. 이를 모 선생님께서 우연히 듣게 되었고, 몇 가지 질문을 받아 그에 관련된 대화를 하는 과정에서 저를 포함, 불필요하게 완장진 관련 개인정보를 유출했습니다. 신마갤의 특성상 개인정보는 상당히 중요한 사안입니다. 저는 이를 가장 신중하게 다뤄야 할 의무가 있는 완장의 위치임에도 해당 부분에 대해 경솔하게 행동하여 완장진에 피해를 입힌 점, 진심으로 사죄드립니다. - dc official App",skai 2025.03.19 22:09:28 스크랩 조회 717 추천 5 댓글 8,5,717,2025.03.19 22:09:28,https://gall.dcinside.com/mgallery/board/view/?id=shinilhs&no=9425&page=19,0.0,0,
schools_20p/신일고__shinilhs.csv,9408,[자유],57기 여러분,오늘은 진로와직업 과제 마감일입니다. 24시가 아니라 23시 50분까지니 이 점 유념하시고 기한 맞춰서 제출하시기 바랍니다.,AMNH_5866 2025.03.16 20:43:43 스크랩 조회 709 추천 2 댓글 4,2,709,2025.03.16 20:43:43,https://gall.dcinside.com/mgallery/board/view/?id=shinilhs&no=9408&page=19,0.0,0,
schools_20p/신일고__shinilhs.csv,9426,[자유],내일 수능사진 찍는데,마이가 없음 ㅅㅂ..;; 어카냐,신붕이 (118.235) 2025.03.19 22:42:05 스크랩 조회 441 추천 0 댓글 1,0,441,2025.03.19 22:42:05,https://gall.dcinside.com/mgallery/board/view/?id=shinilhs&no=9426&page=19,0.73,1,ㅅㅂ
schools_20p/신일고__shinilhs.csv,9427,[자유],그러니까 완장같은건 하면 안됨,오직 로갓고닉만이 갤을 구원 할 수 있다 - dc official App,토토잇니 2025.03.20 01:08:18 스크랩 조회 546 추천 3 댓글 2,3,546,2025.03.20 01:08:18,https://gall.dcinside.com/mgallery/board/view/?id=shinilhs&no=9427&page=19,0.0,0,
schools_20p/신일고__shinilhs.csv,9418,[자유],파딱 경질,아이디: skai 사유: 완장 개인 신상 유포 - dc official App,서신 2025.03.19 16:15:53 스크랩 조회 872 추천 14 댓글 11,14,872,2025.03.19 16:15:53,https://gall.dcinside.com/mgallery/board/view/?id=shinilhs&no=9418&page=19,0.0,0,
schools_20p/신일고__shinilhs.csv,9400,[자유],이런거보면,56기가goat임일진도없고대학도잘가고,신붕이 (211.201) 2025.03.14 15:33:05 스크랩 조회 691 추천 3 댓글 6,3,691,2025.03.14 15:33:05,https://gall.dcinside.com/mgallery/board/view/?id=shinilhs&no=9400&page=19,0.0,0,
schools_20p/신일고__shinilhs.csv,9395,[자유],아오,고닉들이 답변은 안달고 콘만 달고있네 - dc official App,skai 2025.03.14 00:25:07 스크랩 조회 513 추천 0 댓글 11,0,513,2025.03.14 00:25:07,https://gall.dcinside.com/mgallery/board/view/?id=shinilhs&no=9395&page=19,0.0,0,
schools_20p/신일고__shinilhs.csv,9398,[자유],퇴실당한 59기들아,59기 중에 퇴실당한 애들 ㅎㅅㅎ쌤 반이던데 주제넘지만 조언 좀 하겠음 목숨 여러개 아니면 진짜 안나대는게 좋을거임 너네담임쌤은 선만 안넘으면 ㅈㄴ 말랑말랑 그자체임 숱하게 경험한거니까 새겨들어라... 제발 하라는것만 해라...,신붕이 (61.251) 2025.03.14 01:31:09 스크랩 조회 1471 추천 28 댓글 6,28,1471,2025.03.14 01:31:09,https://gall.dcinside.com/mgallery/board/view/?id=shinilhs&no=9398&page=19,0.0,0,
schools_20p/신일고__shinilhs.csv,9396,[자유],오늘은 3월 14일입니다.,"3.14 원주율의 날이죠. π. ...또한 블루 아카이브의 하야세 유우카의 생일이기도 합니다. 아, 그리고 홀로라이브 EN 2기생 오로 크로니의 생일이기도 합니다.",AMNH_5866 2025.03.14 00:26:40 스크랩 조회 436 추천 1 댓글 2,1,436,2025.03.14 00:26:40,https://gall.dcinside.com/mgallery/board/view/?id=shinilhs&no=9396&page=19,0.0,0,
schools_20p/신일고__shinilhs.csv,9407,[자유],이건 좀 논란이 되겠는데,아무리 그래도 우리가 선덕의 식민지 취급이냐 - dc official App,skai 2025.03.16 18:13:52 스크랩 조회 1045 추천 0 댓글 7,0,1045,2025.03.16 18:13:52,https://gall.dcinside.com/mgallery/board/view/?id=shinilhs&no=9407&page=19,0.0,0,
schools_20p/신일고__shinilhs.csv,9397,[자유],블루아카이브의 실체를 알려드립니다,아아...또 당신입니까 - dc official App,토토잇니 2025.03.14 00:33:25 스크랩 조회 519 추천 0 댓글 6,0,519,2025.03.14 00:33:25,https://gall.dcinside.com/mgallery/board/view/?id=shinilhs&no=9397&page=19,0.0,0,
schools_20p/신일고__shinilhs.csv,9399,[자유],안칼라vs페레이라 재경기,많관부 - dc official App,고감고닉 2025.03.14 01:52:03 스크랩 조회 383 추천 1 댓글 1,1,383,2025.03.14 01:52:03,https://gall.dcinside.com/mgallery/board/view/?id=shinilhs&no=9399&page=19,0.0,0,
schools_20p/신일고__shinilhs.csv,9393,[자유],원래 자습실 들어온지 1주만에 몇명 퇴실당하나요,엄 - dc official App,ㅇㅇ 2025.03.13 21:58:44 스크랩 조회 937 추천 5 댓글 16,5,937,2025.03.13 21:58:44,https://gall.dcinside.com/mgallery/board/view/?id=shinilhs&no=9393&page=19,0.0,0,
schools_20p/신일고__shinilhs.csv,9392,[자유],질문좀요,신일고 작년 중간 등급컷 어느정도였나요?,신붕이 (203.251) 2025.03.13 20:03:20 스크랩 조회 386 추천 0 댓글 4,0,386,2025.03.13 20:03:20,https://gall.dcinside.com/mgallery/board/view/?id=shinilhs&no=9392&page=19,0.0,0,
schools_20p/신일고__shinilhs.csv,9391,[자유],형님들 자습 무단결석하면 어케되는지 아시나요...,1회 무단결석이면 다음기수까지 자습실 이용 못하는 건가요? - dc official App,ㅇㅇ (223.38) 2025.03.12 20:53:02 스크랩 조회 692 추천 1 댓글 7,1,692,2025.03.12 20:53:02,https://gall.dcinside.com/mgallery/board/view/?id=shinilhs&no=9391&page=19,0.0,0,
schools_20p/신일고__shinilhs.csv,9389,[자유],교실 앞에 검정색 두개 달려있는거 씨씨티비임?,엄 좆됐다ㅋㅋ,신붕이 (220.116) 2025.03.12 00:17:32 스크랩 조회 472 추천 1 댓글 1,1,472,2025.03.12 00:17:32,https://gall.dcinside.com/mgallery/board/view/?id=shinilhs&no=9389&page=19,0.73,1,좆
schools_20p/신일고__shinilhs.csv,9387,[자유],신일에서 전교 15등정도면,어디감 대학?,신붕이 (221.143) 2025.03.11 15:40:03 스크랩 조회 883 추천 0 댓글 4,0,883,2025.03.11 15:40:03,https://gall.dcinside.com/mgallery/board/view/?id=shinilhs&no=9387&page=19,0.0,0,
schools_20p/신일고__shinilhs.csv,9390,[자유],책 주문한거 배송옴,,AMNH_5866 2025.03.12 17:24:36 스크랩 조회 510 추천 4 댓글 3,4,510,2025.03.12 17:24:36,https://gall.dcinside.com/mgallery/board/view/?id=shinilhs&no=9390&page=19,0.0,0,
schools_20p/신일고__shinilhs.csv,9388,[자유],수시 안쓸 정시파이터 57기들아,너네 수행 아예 버릴생각임? 진로과목 어떤쌤은 수행 안하면 유급때린다는데,신붕이 (222.111) 2025.03.11 17:07:28 스크랩 조회 601 추천 0 댓글 3,0,601,2025.03.11 17:07:28,https://gall.dcinside.com/mgallery/board/view/?id=shinilhs&no=9388&page=19,0.0,0,
schools_20p/신일고__shinilhs.csv,9384,[자유],本日は３月９日、ミクの日です。,조금 늦었지만 미쿠의 날을 기념합시다.,AMNH_5866 2025.03.09 20:45:57 스크랩 조회 517 추천 6 댓글 4,6,517,2025.03.09 20:45:57,https://gall.dcinside.com/mgallery/board/view/?id=shinilhs&no=9384&page=19,0.0,0,
schools_20p/신일고__shinilhs.csv,9386,[자유],신일고 선생님 닮은꼴,1. 상하이 조 2. 전종서 3. 김인문 - dc official App,트레기 2025.03.11 00:25:50 스크랩 조회 1322 추천 14 댓글 4,14,1322,2025.03.11 00:25:50,https://gall.dcinside.com/mgallery/board/view/?id=shinilhs&no=9386&page=19,0.0,0,
schools_20p/신일고__shinilhs.csv,9383,[정보],수능 사탐런 가이드,,서신 2025.03.08 23:40:08 스크랩 조회 629 추천 7 댓글 7,7,629,2025.03.08 23:40:08,https://gall.dcinside.com/mgallery/board/view/?id=shinilhs&no=9383&page=19,0.0,0,
schools_20p/신일고__shinilhs.csv,9380,[자유],2025 서울시 자사고 순위.jpg,출처: 중앙고(서울) 마이너 갤러리 - dc official App,신붕이 (106.102) 2025.03.07 17:11:25 스크랩 조회 1010 추천 2 댓글 1,2,1010,2025.03.07 17:11:25,https://gall.dcinside.com/mgallery/board/view/?id=shinilhs&no=9380&page=19,0.0,0,
schools_20p/신일고__shinilhs.csv,9379,[자유],신일고 스쿨버스 타는 1학년,가방좀 옆 자리에 놓지 마라.앉을 자리도 없는데 ㅈㄴ 이기적이게 그래야겠냐,ㅇ (211.168) 2025.03.07 07:54:52 스크랩 조회 567 추천 1 댓글 0,1,567,2025.03.07 07:54:52,https://gall.dcinside.com/mgallery/board/view/?id=shinilhs&no=9379&page=19,0.0,0,
schools_20p/신일고__shinilhs.csv,9381,[자유],신붕이들아,서울대 가고 싶으면 개추,신붕이 (203.251) 2025.03.07 17:19:33 스크랩 조회 766 추천 27 댓글 3,27,766,2025.03.07 17:19:33,https://gall.dcinside.com/mgallery/board/view/?id=shinilhs&no=9381&page=19,0.0,0,
schools_20p/신일고__shinilhs.csv,9382,[자유],신붕이 서점 다녀왔다,집회 때문에 광화문 좀 시끄럽더라 아크릴 다행히 안 부숴먹고 예쁘게 조립 성공함,AMNH_5866 2025.03.08 22:10:41 스크랩 조회 506 추천 5 댓글 6,5,506,2025.03.08 22:10:41,https://gall.dcinside.com/mgallery/board/view/?id=shinilhs&no=9382&page=19,0.0,0,
schools_20p/신일고__shinilhs.csv,9377,[자유],TMI,도서관에 빙과 라노벨 있음 ㅇㅇ - dc official App,Shadoow 2025.03.06 19:40:19 스크랩 조회 451 추천 0 댓글 2,0,451,2025.03.06 19:40:19,https://gall.dcinside.com/mgallery/board/view/?id=shinilhs&no=9377&page=19,0.0,0,
schools_20p/신일고__shinilhs.csv,9378,[정보],이동수업 관련 팁 하나,"리로스쿨 켜고 메뉴를 열면 이동수업출석부가 나온다. 저기서 본인 학년에 맞게 눌러주면 이런게 나오는데, 여기서 시간표 보기를 눌러주면 (빨간색으로 밑줄친곳) 이렇게 선택과목 시간표가 나온다. (신상이슈로 과목은 가림) 빈칸은 각 반에 맞는 공통과목. - dc official App",skai 2025.03.06 22:20:14 스크랩 조회 817 추천 6 댓글 1,6,817,2025.03.06 22:20:14,https://gall.dcinside.com/mgallery/board/view/?id=shinilhs&no=9378&page=19,0.0,0,
schools_20p/신일고__shinilhs.csv,9376,[자유],수학 ㅇㄱㅅ 쌤,형님들 수학 ㅇㄱㅅ 쌤 어때요 그 쌤 동아리 들어가려는ㄴ데,신붕이 (124.5) 2025.03.06 18:21:57 스크랩 조회 736 추천 0 댓글 3,0,736,2025.03.06 18:21:57,https://gall.dcinside.com/mgallery/board/view/?id=shinilhs&no=9376&page=19,0.0,0,
schools_20p/신일고__shinilhs.csv,9375,[자유],신일고 교사 닮은꼴 2편,1편 https://m.dcinside.com/board/shinilhs/8702 신일고 3대 닮은 꼴 (선생님) - 신일고 마이너 갤러리 1. 대도서관​ ​2. 테스터훈 ​3. 오달수 ​ ​ 인정하면 개추  - dc official App m.dcinside.com 1. 휴가 짤린 말년병장 2. 최재천 교수 - dc official App,신붕이 (211.168) 2025.03.06 18:08:36 스크랩 조회 1231 추천 2 댓글 3,2,1231,2025.03.06 18:08:36,https://gall.dcinside.com/mgallery/board/view/?id=shinilhs&no=9375&page=19,0.0,0,
schools_20p/신일고__shinilhs.csv,9371,[자유],신일 와이파이 비밀번호 뭐임?,ㅇㅇ,신붕이 (221.143) 2025.03.05 20:16:44 스크랩 조회 466 추천 0 댓글 2,0,466,2025.03.05 20:16:44,https://gall.dcinside.com/mgallery/board/view/?id=shinilhs&no=9371&page=19,0.0,0,
schools_20p/신일고__shinilhs.csv,9374,[자유],이번 국어 수행 어휘시험,교재 뭐였냐,신붕이 (211.234) 2025.03.06 15:56:44 스크랩 조회 375 추천 1 댓글 0,1,375,2025.03.06 15:56:44,https://gall.dcinside.com/mgallery/board/view/?id=shinilhs&no=9374&page=19,0.0,0,
schools_20p/신일고__shinilhs.csv,9372,[자유],급식,존나 맛있던데 왜 맛없다고 하는지 모르겠네요,qpqoqoo122 2025.03.05 23:07:43 스크랩 조회 719 추천 1 댓글 19,1,719,2025.03.05 23:07:43,https://gall.dcinside.com/mgallery/board/view/?id=shinilhs&no=9372&page=19,0.73,1,존나
schools_20p/신일고__shinilhs.csv,9373,[자유],학생회 생기부 좋나요?,58기인데 학생회 들어가면 생기부 잘 써줌?,신붕이 (180.80) 2025.03.06 00:07:03 스크랩 조회 576 추천 0 댓글 3,0,576,2025.03.06 00:07:03,https://gall.dcinside.com/mgallery/board/view/?id=shinilhs&no=9373&page=19,0.0,0,
schools_20p/신일고__shinilhs.csv,9369,[자유],여기 내신 따기 어떰?,수학시험은 쉬운편 ? 내신은 얼마나 따기 힘들고 생기부는 어때 ??,신붕이 (175.119) 2025.03.04 20:50:12 스크랩 조회 642 추천 0 댓글 2,0,642,2025.03.04 20:50:12,https://gall.dcinside.com/mgallery/board/view/?id=shinilhs&no=9369&page=19,0.0,0,
schools_20p/신일고__shinilhs.csv,9367,[자유],59기들아 아이돌옴?,ㅇㅇ,신붕이 (118.221) 2025.03.04 12:24:56 스크랩 조회 652 추천 0 댓글 2,0,652,2025.03.04 12:24:56,https://gall.dcinside.com/mgallery/board/view/?id=shinilhs&no=9367&page=19,0.0,0,
schools_20p/신일고__shinilhs.csv,9368,[자유],59,쌤 왱케 이쁘셔 ㅋㅋㅋ,신붕이 (223.39) 2025.03.04 18:19:18 스크랩 조회 499 추천 2 댓글 2,2,499,2025.03.04 18:19:18,https://gall.dcinside.com/mgallery/board/view/?id=shinilhs&no=9368&page=19,0.0,0,
schools_20p/신일고__shinilhs.csv,9365,[자유],신붕이들아,힘내자,신붕이 (118.235) 2025.03.04 08:39:10 스크랩 조회 300 추천 3 댓글 0,3,300,2025.03.04 08:39:10,https://gall.dcinside.com/mgallery/board/view/?id=shinilhs&no=9365&page=19,0.0,0,
schools_20p/신일고__shinilhs.csv,9362,[자유],ㅇㅎㅅ쌤 아직 계신가욧,생명과학쌤이요.,신붕이 (58.142) 2025.03.03 20:12:14 스크랩 조회 690 추천 0 댓글 2,0,690,2025.03.03 20:12:14,https://gall.dcinside.com/mgallery/board/view/?id=shinilhs&no=9362&page=19,0.0,0,
schools_20p/신일고__shinilhs.csv,9359,[자유],수학 문제집 추천좀,신일 수학 난이도랑 제일 비슷한거 뭐있음?,앙 (203.251) 2025.03.03 00:38:49 스크랩 조회 506 추천 1 댓글 5,1,506,2025.03.03 00:38:49,https://gall.dcinside.com/mgallery/board/view/?id=shinilhs&no=9359&page=19,0.0,0,
schools_20p/신일고__shinilhs.csv,9358,[자유],신일고에,공부 안 하는 애들도 있을까요?,qpqoqoo122 2025.03.02 21:48:58 스크랩 조회 707 추천 1 댓글 8,1,707,2025.03.02 21:48:58,https://gall.dcinside.com/mgallery/board/view/?id=shinilhs&no=9358&page=19,0.0,0,
schools_20p/신일고__shinilhs.csv,9357,[자유],선배님들,급식 많이 맛없나요?,앙 (203.251) 2025.03.02 14:10:09 스크랩 조회 595 추천 0 댓글 11,0,595,2025.03.02 14:10:09,https://gall.dcinside.com/mgallery/board/view/?id=shinilhs&no=9357&page=19,0.0,0,
schools_20p/신일고__shinilhs.csv,9363,[자유],ㅎㅈㅅ쌤 ㄹㅇ,대머리시냐 가발쓰신다는데,신붕이 (118.235) 2025.03.03 22:12:17 스크랩 조회 692 추천 1 댓글 1,1,692,2025.03.03 22:12:17,https://gall.dcinside.com/mgallery/board/view/?id=shinilhs&no=9363&page=19,0.0,0,
schools_20p/신일고__shinilhs.csv,9354,[자유],아니 57기 자습실 감독쌤 어디감,진짜 뭐임? - dc official App,skai 2025.02.27 15:25:55 스크랩 조회 551 추천 0 댓글 1,0,551,2025.02.27 15:25:55,https://gall.dcinside.com/mgallery/board/view/?id=shinilhs&no=9354&page=19,0.0,0,
schools_20p/신일고__shinilhs.csv,9355,[질문],신일고 수학 마플시너지 고쟁이 일품 수학의신 다 풀면 1등급 걍 됨?,ㅈㄱㄴ AI 이미지가 생성되었습니다. 새로고침(F5) 해 주세요. 프롬프트 . 네거티브 프롬프트 0 샘플링 DPM++ 2M Karras 스타일 None,신붕이 (14.39) 2025.02.28 19:28:17 스크랩 조회 1184 추천 1 댓글 11,1,1184,2025.02.28 19:28:17,https://gall.dcinside.com/mgallery/board/view/?id=shinilhs&no=9355&page=19,0.0,0,
schools_20p/신일고__shinilhs.csv,9351,[자유],58기 과탐,물리랑 지구 보통 1학기 범위가 몇단원이에요??? AI 이미지가 생성되었습니다. 새로고침(F5) 해 주세요. 프롬프트 Men working out 네거티브 프롬프트 0 샘플링 DPM++ 2M Karras 스타일 None,신붕이 (168.126) 2025.02.26 23:22:35 스크랩 조회 524 추천 0 댓글 1,0,524,2025.02.26 23:22:35,https://gall.dcinside.com/mgallery/board/view/?id=shinilhs&no=9351&page=19,0.0,0,
schools_20p/신일고__shinilhs.csv,9350,[자유],진단고사 등수는 안알려줌?,등수로 나온애들도 있어?,신붕이 (221.143) 2025.02.26 11:06:32 스크랩 조회 628 추천 0 댓글 6,0,628,2025.02.26 11:06:32,https://gall.dcinside.com/mgallery/board/view/?id=shinilhs&no=9350&page=19,0.0,0,
schools_20p/신일고__shinilhs.csv,9344,[자유],메가 문학,AI 이미지가 생성되었습니다. 새로고침(F5) 해 주세요. 프롬프트 dancing 네거티브 프롬프트 샘플링 DPM++ 2M Karras 스타일 None 문학 강의 추천좀,신붕이 (168.126) 2025.02.21 19:37:59 스크랩 조회 400 추천 0 댓글 1,0,400,2025.02.21 19:37:59,https://gall.dcinside.com/mgallery/board/view/?id=shinilhs&no=9344&page=20,0.0,0,
schools_20p/신일고__shinilhs.csv,9346,[자유],53기 질문 받는다,우흥,신붕이 (39.7) 2025.02.23 17:10:37 스크랩 조회 660 추천 0 댓글 11,0,660,2025.02.23 17:10:37,https://gall.dcinside.com/mgallery/board/view/?id=shinilhs&no=9346&page=20,0.0,0,
schools_20p/신일고__shinilhs.csv,9342,[자유],고닉들 몇기임?,,겁없는투수노운현 2025.02.20 01:45:42 스크랩 조회 440 추천 0 댓글 2,0,440,2025.02.20 01:45:42,https://gall.dcinside.com/mgallery/board/view/?id=shinilhs&no=9342&page=20,0.0,0,
schools_20p/신일고__shinilhs.csv,9347,[정보],59기는 봐라,- dc official App,라니츠 2025.02.23 17:45:32 스크랩 조회 952 추천 2 댓글 2,2,952,2025.02.23 17:45:32,https://gall.dcinside.com/mgallery/board/view/?id=shinilhs&no=9347&page=20,0.0,0,
schools_20p/신일고__shinilhs.csv,9343,[자유],58기입니다..,제가 물리를 선택과목으로 선택했는데 물1을 1년동안 하는거예요? 아님 물1을 1학기만 하는거예요? 넵 빡대가리라서 진짜 모름니다.,신붕이 (14.39) 2025.02.21 18:40:50 스크랩 조회 570 추천 1 댓글 2,1,570,2025.02.21 18:40:50,https://gall.dcinside.com/mgallery/board/view/?id=shinilhs&no=9343&page=20,0.0,0,
schools_20p/신일고__shinilhs.csv,9345,[자유],ㄱㅇㅈㅇㄱ,- dc official App,Shadoow 2025.02.23 16:03:39 스크랩 조회 350 추천 2 댓글 1,2,350,2025.02.23 16:03:39,https://gall.dcinside.com/mgallery/board/view/?id=shinilhs&no=9345&page=20,0.0,0,
schools_20p/신일고__shinilhs.csv,9349,[자유],이상형월드컵,링크좀 - dc official App,신붕이 (106.102) 2025.02.25 20:55:31 스크랩 조회 683 추천 0 댓글 3,0,683,2025.02.25 20:55:31,https://gall.dcinside.com/mgallery/board/view/?id=shinilhs&no=9349&page=20,0.0,0,
schools_20p/신일고__shinilhs.csv,9341,[자유],비리교사 논란 어느학교임?,"강북구 소재 모 고등학교의 수능 출제 이력이 있는 교사가 학원에 문제 팔고 돈받았다고함 +) 수능 출제위원 신분 이용해서 돈 더받고 <관련 sbs 뉴스 발췌> ​서울 강북구의 고등학교 교사 A 씨는 지난 2017년부터 학습용 문제를 만들어서 사교육업체에 팔았는데, 한 문제에 15만 원을 받은 걸로 조사됐습니다. 수능 문제 출제에도 참여했던 A 씨는 '한 달 동안 연락이 안 될 것'이라며 사교육업체에 넌지시 출제 사실을 알리고, 이런 경력을 앞세워 문제당 출제 단가를 17만 5천 원으로 올려 받았다고 감사원은 밝혔습니다. - dc official App",신붕이 (106.102) 2025.02.18 21:31:46 스크랩 조회 1161 추천 5 댓글 10,5,1161,2025.02.18 21:31:46,https://gall.dcinside.com/mgallery/board/view/?id=shinilhs&no=9341&page=20,0.0,0,
schools_20p/신일고__shinilhs.csv,9340,[자유],작년 미적분,ㅇㅅㄱ말고도 누가하심? - dc official App,TSH 2025.02.17 13:27:07 스크랩 조회 527 추천 0 댓글 2,0,527,2025.02.17 13:27:07,https://gall.dcinside.com/mgallery/board/view/?id=shinilhs&no=9340&page=20,0.0,0,
schools_20p/신일고__shinilhs.csv,9335,[자유],피어싱 자국 있으면 벌점 먹나요?,네,신붕이 (1.231) 2025.02.13 13:33:07 스크랩 조회 588 추천 0 댓글 5,0,588,2025.02.13 13:33:07,https://gall.dcinside.com/mgallery/board/view/?id=shinilhs&no=9335&page=20,0.0,0,
schools_20p/신일고__shinilhs.csv,9338,[자유],59기,학교에서 태블릿 나눠주나욮?,신붕이 (61.72) 2025.02.16 13:06:53 스크랩 조회 517 추천 0 댓글 1,0,517,2025.02.16 13:06:53,https://gall.dcinside.com/mgallery/board/view/?id=shinilhs&no=9338&page=20,0.0,0,
schools_20p/신일고__shinilhs.csv,9333,[자유],오늘 아이돌옴?,ㅇㅇ?,신붕이 (118.221) 2025.02.12 08:27:17 스크랩 조회 575 추천 0 댓글 1,0,575,2025.02.12 08:27:17,https://gall.dcinside.com/mgallery/board/view/?id=shinilhs&no=9333&page=20,0.0,0,
schools_20p/신일고__shinilhs.csv,9339,[자유],학교에 그레이렌즈 껴도 되나요?,티 조금 나는데 잡으면 벌점인가요 - dc official App,신붕이 (58.234) 2025.02.17 00:17:25 스크랩 조회 467 추천 0 댓글 6,0,467,2025.02.17 00:17:25,https://gall.dcinside.com/mgallery/board/view/?id=shinilhs&no=9339&page=20,0.0,0,
schools_20p/신일고__shinilhs.csv,9337,[자유],속보) 봇치더락(ぼっち・ざ・ろっく！) 2기 제작 확정,언제 나올진 몰?루,AMNH_5866 2025.02.15 22:20:30 스크랩 조회 435 추천 6 댓글 1,6,435,2025.02.15 22:20:30,https://gall.dcinside.com/mgallery/board/view/?id=shinilhs&no=9337&page=20,0.0,0,
schools_20p/신일고__shinilhs.csv,9332,[자유],버거 잘무글께오,굿굿굿 - dc official App,토토잇니 2025.02.12 00:27:23 스크랩 조회 368 추천 1 댓글 2,1,368,2025.02.12 00:27:23,https://gall.dcinside.com/mgallery/board/view/?id=shinilhs&no=9332&page=20,0.0,0,
schools_20p/신일고__shinilhs.csv,9331,[자유],너네 올해 수시로 설의 2명 보냄?,ㅇㅇ?,신붕이 (14.38) 2025.02.11 19:12:45 스크랩 조회 781 추천 0 댓글 2,0,781,2025.02.11 19:12:45,https://gall.dcinside.com/mgallery/board/view/?id=shinilhs&no=9331&page=20,0.0,0,
schools_20p/신일고__shinilhs.csv,9329,[자유],설마 2학년 세특 화학 걔가 문제냐?,ㅅㅂ 처음 왔을때도 이랬는데,ㅇㅇ (106.101) 2025.02.11 11:17:21 스크랩 조회 689 추천 1 댓글 2,1,689,2025.02.11 11:17:21,https://gall.dcinside.com/mgallery/board/view/?id=shinilhs&no=9329&page=20,0.73,1,ㅅㅂ
schools_20p/신일고__shinilhs.csv,9330,[자유],57기 담임 목록,"ㅇㅎㅅ(윤리) ㅈㅇㅇ(국어) ㅈㅅㅁ(국어) ㅇㅊㅇ(지구) ㅎㅅㄱ(일본어) ㅇㅅㄱ(수학, 미적분) ㅇㅎㅅ(생명) ㅂㅈㅎ(수학) ㄱㅅㅇ(화학) ㅇㅎㅂ(지리) ㅇㅈㅎ(물리) 이상",신붕이 (118.221) 2025.02.11 13:28:42 스크랩 조회 1695 추천 3 댓글 14,3,1695,2025.02.11 13:28:42,https://gall.dcinside.com/mgallery/board/view/?id=shinilhs&no=9330&page=20,0.0,0,
schools_20p/신일고__shinilhs.csv,9328,[자유],버거 당첨자 발표,- dc official App,skai 2025.02.10 12:15:53 스크랩 조회 488 추천 1 댓글 9,1,488,2025.02.10 12:15:53,https://gall.dcinside.com/mgallery/board/view/?id=shinilhs&no=9328&page=20,0.0,0,
schools_20p/신일고__shinilhs.csv,9324,[자유],신붕이 책샀다 2트,,AMNH_5866 2025.02.08 17:40:08 스크랩 조회 473 추천 3 댓글 2,3,473,2025.02.08 17:40:08,https://gall.dcinside.com/mgallery/board/view/?id=shinilhs&no=9324&page=20,0.0,0,
schools_20p/신일고__shinilhs.csv,9325,[자유],신일고 놀라운 사실 한 가지,“나 다시 돌아갈래ㅐㅐ” 이 짤로 유명한 명작 영화 박하사탕 그 박하사탕을 만든 영화감독 이창동 선생님 사실 원래 신일고 국어교사였음,신붕이 (220.86) 2025.02.08 22:02:23 스크랩 조회 1063 추천 1 댓글 3,1,1063,2025.02.08 22:02:23,https://gall.dcinside.com/mgallery/board/view/?id=shinilhs&no=9325&page=20,0.0,0,
schools_20p/신일고__shinilhs.csv,9326,[자유],완장!!!!!!,어서 완장은 햄부기를 대령하라!!! - dc official App,토토잇니 2025.02.09 14:05:29 스크랩 조회 429 추천 0 댓글 2,0,429,2025.02.09 14:05:29,https://gall.dcinside.com/mgallery/board/view/?id=shinilhs&no=9326&page=20,0.0,0,
schools_20p/신일고__shinilhs.csv,9323,[자유],예비 1학년인데요,담주 토요일에 있는 반배치고사 많이 어렵나요?,qpqoqoo122 2025.02.07 21:42:14 스크랩 조회 795 추천 0 댓글 13,0,795,2025.02.07 21:42:14,https://gall.dcinside.com/mgallery/board/view/?id=shinilhs&no=9323&page=20,0.0,0,
schools_20p/신일고__shinilhs.csv,9327,[자유],메가스터디,AI 이미지가 생성되었습니다. 새로고침(F5) 해 주세요. 프롬프트 saddas 네거티브 프롬프트 샘플링 DPM++ 2M Karras 스타일 None 메가스터디 베이직을 끊는게 맞나요? 내신집중을 끊는게 맞ㄴ나요? 예비 고2임다.,신붕이 (14.39) 2025.02.09 17:23:38 스크랩 조회 545 추천 0 댓글 3,0,545,2025.02.09 17:23:38,https://gall.dcinside.com/mgallery/board/view/?id=shinilhs&no=9327&page=20,0.0,0,
schools_20p/신일고__shinilhs.csv,9322,[자유],버거 뿌림,싸이버거 단품 고닉/반고닉만(유동X) 당첨 시 학생증 등 신일고 재학을 증명할 수 있어야 함 일요일까지 받는다 + 미친놈들아 여기서 실명 언급하지 말라고 - dc official App,skai 2025.02.07 18:19:10 스크랩 조회 509 추천 0 댓글 11,0,509,2025.02.07 18:19:10,https://gall.dcinside.com/mgallery/board/view/?id=shinilhs&no=9322&page=20,0.73,1,미친놈
schools_20p/신일고__shinilhs.csv,9317,[자유],오늘자로 더욱 공고해진 사실,57기 기준 양ㅎㅅ 세특 1황 +))) 그 과목 그분에 대한 민원이 절실하다,신붕이 (220.72) 2025.02.05 20:52:50 스크랩 조회 767 추천 8 댓글 3,8,767,2025.02.05 20:52:50,https://gall.dcinside.com/mgallery/board/view/?id=shinilhs&no=9317&page=20,0.0,0,
schools_20p/신일고__shinilhs.csv,9319,[자유],55기 샤대 정시 최초합 2명 입갤 ㅋㅋ,아초햄 swimming햄 ㄷㄷ,신붕이 (220.65) 2025.02.06 20:21:29 스크랩 조회 804 추천 3 댓글 1,3,804,2025.02.06 20:21:29,https://gall.dcinside.com/mgallery/board/view/?id=shinilhs&no=9319&page=20,0.0,0,
schools_20p/신일고__shinilhs.csv,9320,[자유],사탐,고2 사탐준비 어케함?,신붕이 (59.5) 2025.02.06 21:54:40 스크랩 조회 371 추천 0 댓글 3,0,371,2025.02.06 21:54:40,https://gall.dcinside.com/mgallery/board/view/?id=shinilhs&no=9320&page=20,0.0,0,
schools_20p/신일고__shinilhs.csv,9315,[자유],2학년 국어 영어 내신,고2부터 국어 영어 외부지문 많나요,신붕이 (59.5) 2025.02.05 00:58:08 스크랩 조회 632 추천 0 댓글 4,0,632,2025.02.05 00:58:08,https://gall.dcinside.com/mgallery/board/view/?id=shinilhs&no=9315&page=20,0.0,0,
schools_20p/신일고__shinilhs.csv,9313,[자유],꼴릿꼴릿 신일고 장인,형님 더 그려주고 가십쇼,신붕이 (223.38) 2025.02.04 18:22:25 스크랩 조회 896 추천 8 댓글 5,8,896,2025.02.04 18:22:25,https://gall.dcinside.com/mgallery/board/view/?id=shinilhs&no=9313&page=20,0.0,0,
schools_20p/신일고__shinilhs.csv,9312,[자유],실시간 전장연 신일고 재입갤,전장연 신일고지부 팜플렛 1버전 배포,AMNH_5866 2025.02.04 15:22:49 스크랩 조회 732 추천 6 댓글 3,6,732,2025.02.04 15:22:49,https://gall.dcinside.com/mgallery/board/view/?id=shinilhs&no=9312&page=20,0.0,0,
schools_20p/신일고__shinilhs.csv,9314,[자유],57기 현황,정시파이터가 되어줘 - dc official App,토토잇니 2025.02.04 18:35:17 스크랩 조회 775 추천 1 댓글 3,1,775,2025.02.04 18:35:17,https://gall.dcinside.com/mgallery/board/view/?id=shinilhs&no=9314&page=20,0.0,0,
schools_20p/신일고__shinilhs.csv,9311,[자유],졸업식,졸업식 차이홀에서 한다고 함 부모님들 실시간 영상보는 거 진짜인듯,ㅇㅇ 2025.02.04 10:34:25 스크랩 조회 389 추천 0 댓글 2,0,389,2025.02.04 10:34:25,https://gall.dcinside.com/mgallery/board/view/?id=shinilhs&no=9311&page=20,0.0,0,
schools_20p/신일고__shinilhs.csv,9307,[자유],여기 완장은,부기 안뿌리냐?,겁없는투수노운현 2025.02.03 09:35:11 스크랩 조회 402 추천 1 댓글 6,1,402,2025.02.03 09:35:11,https://gall.dcinside.com/mgallery/board/view/?id=shinilhs&no=9307&page=20,0.0,0,
schools_20p/신일고__shinilhs.csv,9306,[자유],놀라운 사실,내일 개학임 - dc official App,신붕이 (106.102) 2025.02.02 22:07:48 스크랩 조회 362 추천 0 댓글 2,0,362,2025.02.02 22:07:48,https://gall.dcinside.com/mgallery/board/view/?id=shinilhs&no=9306&page=20,0.0,0,
schools_20p/신일고__shinilhs.csv,9310,[자유],신일 예비 1학년 질문이염,신일고 합격은 했는데 내신이 개쳐어렵다해서 걱정이 되네요 선배님들 꿀팁같은거 있을까요? AI 이미지가 생성되었습니다. 새로고침(F5) 해 주세요.,qpqoqoo122 2025.02.03 15:44:02 스크랩 조회 820 추천 0 댓글 16,0,820,2025.02.03 15:44:02,https://gall.dcinside.com/mgallery/board/view/?id=shinilhs&no=9310&page=20,0.0,0,
schools_20p/신일고__shinilhs.csv,9305,[자유],졸업식 때 학부모들은 참관 못하고 실시간 영상으로 본다는데,맞음?,신붕이 (106.101) 2025.02.01 16:34:13 스크랩 조회 556 추천 2 댓글 4,2,556,2025.02.01 16:34:13,https://gall.dcinside.com/mgallery/board/view/?id=shinilhs&no=9305&page=20,0.0,0,
schools_20p/신일고__shinilhs.csv,9301,[자유],54기인데 질문 하나만 함,학교에 정시반인가 정시 프로그램인가 생겼다는 얘기 있던데 진짜임?,제임스라브리에 2025.01.29 18:40:44 스크랩 조회 775 추천 0 댓글 9,0,775,2025.01.29 18:40:44,https://gall.dcinside.com/mgallery/board/view/?id=shinilhs&no=9301&page=20,0.0,0,
schools_20p/신일고__shinilhs.csv,9299,[자유],고1 역사 시험 질문이요..,선배님들 안녕하세요 입학을 앞둔 신입 신붕이에요. 이상한 소문이 있어서요. 어느 학원에서 신일은 역사 과목의 경우 근대사 이후만 시험에 나온다고 그 전 것은 할 필요 없다는데 그게 레알이에여?? 좀 믿어지질 않아서요. 주변에 물어봐도 속이 시원해지는 확실한 대답을 듣지 못해 직접 여쭙니다! 형님들 그냥 지나치지 마시고 한마디 해주십셔.. 미리 감사합니다!!,신붕이 (219.250) 2025.01.28 14:25:11 스크랩 조회 472 추천 2 댓글 3,2,472,2025.01.28 14:25:11,https://gall.dcinside.com/mgallery/board/view/?id=shinilhs&no=9299&page=20,0.0,0,
schools_20p/신일고__shinilhs.csv,9298,[자유],오늘 자습실 자율자습 가능함?,ㅈㄱㄴ,신붕이 (118.235) 2025.01.26 07:55:36 스크랩 조회 309 추천 1 댓글 1,1,309,2025.01.26 07:55:36,https://gall.dcinside.com/mgallery/board/view/?id=shinilhs&no=9298&page=20,0.0,0,
schools_20p/신일고__shinilhs.csv,9294,[자유],자습실에서 코 좀 작작 풀어라 씨발새끼들아,뭔 시도때도 없이 쳐풀고있네 자리에 앉아서 푸는 새끼들은 뭐냐? 존나더러운 소리 계속 듣고있는 옆 사람 생각은 안하나 심하면 나오질 말던가,신붕이 (118.221) 2025.01.20 14:25:38 스크랩 조회 1020 추천 20 댓글 4,20,1020,2025.01.20 14:25:38,https://gall.dcinside.com/mgallery/board/view/?id=shinilhs&no=9294&page=20,0.89,1,"새끼, 씨발, 존나"
schools_20p/신일고__shinilhs.csv,9293,[자유],그런가...책을 산건가..,이 시잇팔 내돈 돌려줘요 - dc official App,토토잇니 2025.01.20 00:32:54 스크랩 조회 482 추천 3 댓글 2,3,482,2025.01.20 00:32:54,https://gall.dcinside.com/mgallery/board/view/?id=shinilhs&no=9293&page=20,0.0,0,
schools_20p/신일고__shinilhs.csv,9291,[자유],신붕이 책샀다,,AMNH_5866 2025.01.19 20:09:48 스크랩 조회 563 추천 3 댓글 6,3,563,2025.01.19 20:09:48,https://gall.dcinside.com/mgallery/board/view/?id=shinilhs&no=9291&page=20,0.0,0,
schools_20p/신일고__shinilhs.csv,9290,[자유],신학년 담임쌤,종업식날 알게 되나요?,신붕이 (211.205) 2025.01.19 12:30:07 스크랩 조회 758 추천 1 댓글 4,1,758,2025.01.19 12:30:07,https://gall.dcinside.com/mgallery/board/view/?id=shinilhs&no=9290&page=20,0.0,0,
schools_20p/신일고__shinilhs.csv,9292,[정보],지금 당장 투과목을 해야 하는 이유.txt,"+ 이과 신붕이 57기는 내신 언매와 미적을 빡세게 준비하고 있을 것이다. 그러나, 지금 당장 해야할 것은 언매와 미적 뿐만이 아닐 것이다. 탐구 이거 지금 공부 안하면 6모 전 깔짝, 9모 전 깔짝, 그리고 파이널 2개월밖에 못한다. 기껏해야 현역은 잘해봐야 탐구는 4개월밖에 못보고 들어간다는 뜻이다. 그런데 2025 수능의 난이도와 등급컷은? 물리학 1은 전자기와 속도가속도에서 시간을 많이 뺏기며 현역 중 대다수는 한두 문제는 날리는 시험이었음에도 등급컷은 48, 45로 높게 찍혔고 지구과학 1은 천문학 파트가 터지며 4페이지에서 듣도 보도 못한 문제들이 대거 출현하였으나 등급컷이 44로 안정적으로 방어가 되었다. 필자는 화생을 안해서 이 부분에 대해서는 비교적 무지하나, 화학 1은 김준 + n수 의대생 형님들로 인해 표점과 등급컷이 나락을 가버렸고, 생명과학 1은 난이도가 높아졌으나 등급컷과 표점이 거의 그대로라는 것을 추론해 낼 수 있었다. 결과적으로 +사탐런 << 이놈들때문에 과학 1이 개박살이 나버렸다. 그렇다면 우리는 사탐런을 해야 할 필요성이 있으나, 이과에서 사탐을 선택하는 것은 첫째, 가산점 부분에서 매우 불리하고 둘째, 가장 중요한 + 가오가 떨어진다. 따라서 우리는 투과목이라는 완벽한 대체재를 찾아나설 때가 되었다. + 2024 입시부터 선택과목 제한이 풀리면서 사탐런이 생겼듯, 서울대 투과목 필수가 풀리면서 +어려운 개념 생략, 문제 난이도 대폭 하향으로 인해 투과목으로 런 을 칠 수 있게 되었다. 난이도는 둘째치고, 25 수능의 등급컷과 표점만을 살펴보자. 서울대 투과목 필수가 사라지며 전체적으로 3등급 컷이 박살이 나있는 것을 볼 수 있으며 역대 수능을 살펴보면 표점 또한 안정적으로 70점대 초중반이 나온다는 것을 알 수 있다. 이 특성을 통해 +1. 중하위권의 3등급 쟁취 난이도 매우 쉬움 2. 상위권의 만점표점의 변수 낮음 + 낮은 등급컷 3. 투과목이라는 자부심 +이라는, 최저충과 정시충 모두를 만족시키는 조건을 가진 선택지가 현재 투과목이라는 일종의 금단의 구역에 있다는 것을 알 수 있을 것이다. 그러나 물론 투과목이라는 특성에서 기인하는 어쩔 수 없는 단점이 있다. 원과목과는 비교도 할 수 없는 압도적인 개념량 +난해한 개념이 제외되었다고 하더라도, 선행 원과목을 했다는 가정 하에 일반적인 원과목 개념량의 대략 1.5배 이다. + 이것을 고려하여, 신붕이들은 자신의 국영수 점수를 투과목의 표점 + 안정성과 비교하며 +사탐 뿐만이 아닌, 투과목 또한 손 안의 패에서 버리지 않기를 바란다. 이상, 56기의 뇌피셜이었다.+ +",신붕이 (218.152) 2025.01.19 22:33:20 스크랩 조회 2640 추천 11 댓글 9,11,2640,2025.01.19 22:33:20,https://gall.dcinside.com/mgallery/board/view/?id=shinilhs&no=9292&page=20,0.0,0,
schools_20p/신일고__shinilhs.csv,9289,[자유],신일고에서 현 등급으로 4~5등급 정도면 어디가나요?,신일고에서 현 등급으로 4~5등급 정도면 어디가나요? 물론 수시 정시에 따라 다르겠지만 대략 4~5등급이면 어디가나요?,신붕이 (175.192) 2025.01.19 11:30:51 스크랩 조회 1139 추천 1 댓글 8,1,1139,2025.01.19 11:30:51,https://gall.dcinside.com/mgallery/board/view/?id=shinilhs&no=9289&page=20,0.0,0,
schools_20p/신일고__shinilhs.csv,9288,[자유],오시온선생님 사랑합니다.,"오시온선생님 사랑합니다. 학생들에게 진법변환을 알려주실 때 하나하나 자세하게 설명하시고 진법변환을 모르는 친구들에게  친절하게 설명해주셔서 감사합니다. 저도 진법변환이라는 걸 몰랐는데 오시온선생님때문에 진법변환의 개념을 알았습니다. 수업시간에 오시온선생님께서 학생들에게 진법변환을 친절하게 알려주시고 10진수를 2진수로 변환할때 왜 이렇게 되는지 증명도 해주셔서 너무 감동받았습니다. 저는 오시온 선생님한테 정보과학이랑 정보윤리랑 진법변환(10진수에서 2진수로 변환하는 방법,2진수에서 10진수로 변환하는 방법, 2진수에서 8지수로 변환하는 방법,8진수에서 2진수로 변환하는 방법, 2진수에서 8진수로 변환하는 방법, 8진수에서 2진수로 변환하는 방법, 8진수에서 16진수로 변환하는 방법 16진수에서 8진수로 변환하는 방법)의 개념을 배웠습니다. 오시온선생님때문에 정보과학이랑 정보윤리랑 진법변환의 개념및 활용을 알았습니다. 오시온선생님이 진법변환수업을 해주실때 이해가 잘되고 머리속에 기억이 남습니다. 오시온 선생님 사랑합니다.",신붕이 (58.29) 2025.01.17 19:00:55 스크랩 조회 505 추천 3 댓글 2,3,505,2025.01.17 19:00:55,https://gall.dcinside.com/mgallery/board/view/?id=shinilhs&no=9288&page=20,0.0,0,
schools_20p/신일고__shinilhs.csv,9286,[자유],안녕하십니까. 5대 주딱 서신입니다.,역사와 전통의 신마갤을 관리함에 있어 성심성의 임하겠습니다. 천생 디시인이라 갤 유기가 일어나지는 않을 것입니다. 궁금하신건 댓글로 질문해주시면 감사하겠습니다. - dc official App,서신 2025.01.11 10:15:18 스크랩 조회 968 추천 14 댓글 10,14,968,2025.01.11 10:15:18,https://gall.dcinside.com/mgallery/board/view/?id=shinilhs&no=9286&page=20,0.0,0,
schools_20p/신일고__shinilhs.csv,9285,[자유],형이 선물줌,일본에서 뽑기로 뽑았다함 생각보다 퀄 괜찮고 25cm라함 궁금해서 반다이에 검색해보니 한국 미발매 상품이었노 방에 여성 한분이 생기니 화색도 돌고 향기도 좋아지는듯 ㅎㅎ - dc official App,고감고닉 2025.01.11 01:43:44 스크랩 조회 949 추천 11 댓글 8,11,949,2025.01.11 01:43:44,https://gall.dcinside.com/mgallery/board/view/?id=shinilhs&no=9285&page=20,0.0,0,
schools_20p/신일고__shinilhs.csv,9284,[자유],주딱은 현 파딱인 서신님으로 결정했습니다,파딱은 두명 더 모집할 예정이니 많은 지원 바랍니다 빠른 결정을 한 이유는 현 파딱이기도 하고 지금까지 관리를 잘해왔기에 빠르게 결정했읍니다 - dc official App,ckbug 2025.01.10 18:20:24 스크랩 조회 426 추천 4 댓글 6,4,426,2025.01.10 18:20:24,https://gall.dcinside.com/mgallery/board/view/?id=shinilhs&no=9284&page=20,0.0,0,
