제목,말머리,내용,글쓴이,추천수,조회수,날짜,링크,내용_score_여성/가족,내용_score_남성,내용_score_성소수자,내용_score_인종/국적,내용_score_연령,내용_score_지역,내용_score_종교,내용_score_기타 혐오,내용_score_악플/욕설,내용_score_clean,내용_score_장애
와 컴퓨토ㅣ터하다 목에 담걸려서,,"운동2주쉬었음
다녹았노","Raps 2025.08.04 22:53:27
조회 13 추천 0 댓글 2",추천 0,조회 13,2025.08.04 22:53:27,https://gall.dcinside.com/mgallery/board/view/?id=skk&no=26652&page=1,0.016610685735940933,0.011152634397149086,0.009797046892344952,0.016610771417617798,0.013397777453064919,0.009171728976070881,0.015617383643984795,0.008782071992754936,0.037683118134737015,0.9343379735946655,0.008547046221792698
할건가요,,에,"ㅇㅇ(106.101) 2025.08.04 19:26:58
조회 13 추천 0 댓글 2",추천 0,조회 13,2025.08.04 19:26:58,https://gall.dcinside.com/mgallery/board/view/?id=skk&no=26651&page=1,0.015741564333438873,0.010033927857875824,0.011645138263702393,0.016856195405125618,0.012868966907262802,0.009386620484292507,0.016595644876360893,0.008899141103029251,0.039433080703020096,0.9378271698951721,0.009199963882565498
님아 열매외우는겜이네,,최적열매외워야됫던거임,"ㅇㅇ 2025.08.04 18:15:14
조회 21 추천 0 댓글 7",추천 0,조회 21,2025.08.04 18:15:14,https://gall.dcinside.com/mgallery/board/view/?id=skk&no=26650&page=1,0.01683937944471836,0.009501838125288486,0.009932202287018299,0.01829913817346096,0.011350187472999096,0.009214936755597591,0.015158522874116898,0.008141553029417992,0.038160718977451324,0.9297428131103516,0.00802207738161087
가자,,가자지구,"ㅇㅇ 2025.08.04 10:45:19
조회 24 추천 0 댓글 5",추천 0,조회 24,2025.08.04 10:45:19,https://gall.dcinside.com/mgallery/board/view/?id=skk&no=26649&page=1,0.017260555177927017,0.011218147352337837,0.012882804498076439,0.019543157890439034,0.01340594794601202,0.011853199452161789,0.017669208347797394,0.008697670884430408,0.03038020059466362,0.9405824542045593,0.009615099988877773
함하자,,네,"ㅇㅇ(59.22) 2025.08.03 19:40:29
조회 20 추천 0 댓글 3",추천 0,조회 20,2025.08.03 19:40:29,https://gall.dcinside.com/mgallery/board/view/?id=skk&no=26648&page=1,0.01709587499499321,0.011025809682905674,0.012766187079250813,0.01895168237388134,0.013483774848282337,0.009514600038528442,0.017748504877090454,0.009025933220982552,0.034722700715065,0.9419898390769958,0.009805353358387947
님아 롤체갤엉님들이,,이번통계분석해보니깐 기물락시즌맞대요,"ㅇㅇ 2025.08.03 18:10:10
조회 19 추천 0 댓글 1",추천 0,조회 19,2025.08.03 18:10:10,https://gall.dcinside.com/mgallery/board/view/?id=skk&no=26647&page=1,0.016670314595103264,0.009397316724061966,0.010144221596419811,0.014331869781017303,0.012059401720762253,0.010044921189546585,0.014192258939146996,0.00844211783260107,0.039402805268764496,0.9256263375282288,0.007875450886785984
어우졸려시박거,,네,"ㅇㅇ 2025.08.03 18:06:55
조회 14 추천 0 댓글 0",추천 0,조회 14,2025.08.03 18:06:55,https://gall.dcinside.com/mgallery/board/view/?id=skk&no=26646&page=1,0.01709587499499321,0.011025809682905674,0.012766187079250813,0.01895168237388134,0.013483774848282337,0.009514600038528442,0.017748504877090454,0.009025933220982552,0.034722700715065,0.9419898390769958,0.009805353358387947
슈프림셀 이 어머같은 시너지,,절대다시안한다,"ㅇㅇ(59.22) 2025.08.03 17:46:56
조회 15 추천 0 댓글 1",추천 0,조회 15,2025.08.03 17:46:56,https://gall.dcinside.com/mgallery/board/view/?id=skk&no=26645&page=1,0.011764967814087868,0.007184612099081278,0.009302315302193165,0.00984987523406744,0.00965296570211649,0.007798380684107542,0.010485597886145115,0.007832631468772888,0.08834252506494522,0.8821351528167725,0.006402892526239157
하자,,고,"ㅇㅇ(106.101) 2025.08.03 15:20:12
조회 18 추천 0 댓글 2",추천 0,조회 18,2025.08.03 15:20:12,https://gall.dcinside.com/mgallery/board/view/?id=skk&no=26644&page=1,0.016945181414484978,0.011123942211270332,0.01206121500581503,0.01799534447491169,0.0133759044110775,0.00940859317779541,0.016283677890896797,0.009117384441196918,0.03620312362909317,0.9403911828994751,0.009550861082971096
아니 메타티에프티 지금보니까,,또바뀌어잇네 머냐,"ㅇㅇ(106.101) 2025.08.03 10:17:21
조회 18 추천 0 댓글 2",추천 0,조회 18,2025.08.03 10:17:21,https://gall.dcinside.com/mgallery/board/view/?id=skk&no=26643&page=1,0.009319917298853397,0.005994871724396944,0.0072716702707111835,0.008793111890554428,0.008476133458316326,0.0076627410016953945,0.007710984908044338,0.0087276017293334,0.2687756419181824,0.7084270715713501,0.0053963991813361645
마치이런거죠,,우간다로전학가자마자 전교1등했어요,"ㅇㅇ 2025.08.03 00:43:57
조회 25 추천 0 댓글 1",추천 0,조회 25,2025.08.03 00:43:57,https://gall.dcinside.com/mgallery/board/view/?id=skk&no=26642&page=1,0.015765534713864326,0.00994581077247858,0.012219656258821487,0.02058003842830658,0.012398302555084229,0.011849261820316315,0.016882702708244324,0.008874282240867615,0.031814366579055786,0.9377592206001282,0.00901003461331129
아니 님이랑 안한판 2등 1등함,,모래주머니인가이게,"ㅇㅇ(59.22) 2025.08.03 00:39:17
조회 30 추천 0 댓글 3",추천 0,조회 30,2025.08.03 00:39:17,https://gall.dcinside.com/mgallery/board/view/?id=skk&no=26641&page=1,0.014669663272798061,0.008483960293233395,0.010016427375376225,0.013733726926147938,0.011652412824332714,0.007645363919436932,0.012570983730256557,0.008128294721245766,0.05188075825572014,0.9176181554794312,0.0075632911175489426
공략을보세요,,아시겟죠,"ㅇㅇ 2025.08.02 16:39:57
조회 39 추천 0 댓글 7",추천 0,조회 39,2025.08.02 16:39:57,https://gall.dcinside.com/mgallery/board/view/?id=skk&no=26640&page=1,0.01876269094645977,0.012617823667824268,0.01293956395238638,0.02245539054274559,0.014520368538796902,0.011589329689741135,0.021662937477231026,0.009344211779534817,0.027386939153075218,0.9482402205467224,0.010813170112669468
인스타보다가 덥스텝인지 뭔지 봤는디,,걍 오타게수준인데? 억지 활발함느낌 ㅇㅇ,"ㅇㅇ(106.101) 2025.08.02 16:08:33
조회 24 추천 0 댓글 3",추천 0,조회 24,2025.08.02 16:08:33,https://gall.dcinside.com/mgallery/board/view/?id=skk&no=26639&page=1,0.015287758782505989,0.00765050295740366,0.008330089040100574,0.014573617838323116,0.010440096259117126,0.007802712731063366,0.011137888766825199,0.008441152051091194,0.05738000571727753,0.9058104157447815,0.0067511871457099915
곧갑니다,,할게없어이제,"ㅇㅇ(106.101) 2025.08.02 11:55:37
조회 27 추천 0 댓글 3",추천 0,조회 27,2025.08.02 11:55:37,https://gall.dcinside.com/mgallery/board/view/?id=skk&no=26638&page=1,0.01070944219827652,0.007493017707020044,0.010284912772476673,0.007870109751820564,0.008827615529298782,0.006210452411323786,0.008450460620224476,0.013286578468978405,0.6839531064033508,0.3444247245788574,0.006648914888501167
기다릴게 언제라도,,출발할수잇도록,"ㅇㅇ(106.101) 2025.08.02 09:38:47
조회 22 추천 0 댓글 1",추천 0,조회 22,2025.08.02 09:38:47,https://gall.dcinside.com/mgallery/board/view/?id=skk&no=26637&page=1,0.01762203872203827,0.012762785889208317,0.01468898169696331,0.021092602983117104,0.014747883193194866,0.01115594245493412,0.02094527892768383,0.009365370497107506,0.029973622411489487,0.9508051872253418,0.011044980958104134
내일은해물찜먹는날,,낄낄,"ㅇㅇ 2025.08.02 01:12:35
조회 29 추천 0 댓글 5",추천 0,조회 29,2025.08.02 01:12:35,https://gall.dcinside.com/mgallery/board/view/?id=skk&no=26636&page=1,0.015287915244698524,0.009680281393229961,0.010652491822838783,0.016201289370656013,0.012484008446335793,0.0082987817004323,0.014158781617879868,0.008744177408516407,0.04444561526179314,0.9305689334869385,0.00843321718275547
아 공수래공수거라고 답변할걸,,이게왜지금떠올랐지,"ㅇㅇ(106.101) 2025.08.02 00:53:47
조회 32 추천 0 댓글 3",추천 0,조회 32,2025.08.02 00:53:47,https://gall.dcinside.com/mgallery/board/view/?id=skk&no=26635&page=1,0.015347076579928398,0.008297665975987911,0.009908167645335197,0.014194687828421593,0.011682736687362194,0.00909293070435524,0.01384376548230648,0.008265662007033825,0.046348731964826584,0.9219030737876892,0.007722749374806881
못생길수록 인터넷어서 어쩌고,,네,"ㅇㅇ 2025.08.02 00:47:48
조회 30 추천 0 댓글 2",추천 0,조회 30,2025.08.02 00:47:48,https://gall.dcinside.com/mgallery/board/view/?id=skk&no=26634&page=1,0.01709587499499321,0.011025809682905674,0.012766187079250813,0.01895168237388134,0.013483774848282337,0.009514600038528442,0.017748504877090454,0.009025933220982552,0.034722700715065,0.9419898390769958,0.009805353358387947
공수 어케공부하면되냐,,"그냥 공식 외우면됨?
칼복때문에 공수1 공부중인데 파고들면서 공부하려니 시간 존나오래걸리네

그냥 미방푸는법 대충 외워두고 라플라스같은거 개념만 알면 공수2 하는데 문제없냐","ㅇㅇ(106.246) 2025.08.01 23:58:36
조회 41 추천 0 댓글 8",추천 0,조회 41,2025.08.01 23:58:36,https://gall.dcinside.com/mgallery/board/view/?id=skk&no=26633&page=1,0.015069774352014065,0.00856640562415123,0.011777149513363838,0.015699515119194984,0.011038164608180523,0.007517732679843903,0.013308807276189327,0.008442077785730362,0.04916466772556305,0.9230577945709229,0.007682745344936848
이거 또 확률 건들엿네,,부정리롤 조사하라,"ㅇㅇ(59.22) 2025.08.01 23:25:18
조회 28 추천 0 댓글 5",추천 0,조회 28,2025.08.01 23:25:18,https://gall.dcinside.com/mgallery/board/view/?id=skk&no=26632&page=1,0.01429817546159029,0.008599653840065002,0.010237342678010464,0.014055158942937851,0.010371220298111439,0.008389151655137539,0.012723295018076897,0.00883735902607441,0.05183527618646622,0.9169633388519287,0.007316105533391237
자해볼까요,,자해 볼까요,"ㅇㅇ(106.101) 2025.08.01 21:09:37
조회 23 추천 0 댓글 0",추천 0,조회 23,2025.08.01 21:09:37,https://gall.dcinside.com/mgallery/board/view/?id=skk&no=26631&page=1,0.015918254852294922,0.009378074668347836,0.010292754508554935,0.012832256965339184,0.010553556494414806,0.007773972116410732,0.013821819797158241,0.008233991451561451,0.04876413196325302,0.9198295474052429,0.0074445209465920925
이번시즌 운없는이유알아냄,,절대안쓰이는 4코가 쥰내만아서 안겹친덱해도 원하는거 2성안붙음,"ㅇㅇ 2025.08.01 19:06:09
조회 28 추천 0 댓글 3",추천 0,조회 28,2025.08.01 19:06:09,https://gall.dcinside.com/mgallery/board/view/?id=skk&no=26630&page=1,0.01802021637558937,0.011254522018134594,0.012299662455916405,0.014232524670660496,0.009465507231652737,0.006861548405140638,0.010830498300492764,0.008012576960027218,0.04860948771238327,0.9141187071800232,0.007087040226906538
오늘 맛있는만화많네,,기분짱,"ㅇㅇ(106.101) 2025.08.01 18:20:13
조회 28 추천 0 댓글 4",추천 0,조회 28,2025.08.01 18:20:13,https://gall.dcinside.com/mgallery/board/view/?id=skk&no=26629&page=1,0.015364469960331917,0.010735953226685524,0.01108589582145214,0.021797509863972664,0.011895048432052135,0.008829464204609394,0.013311637565493584,0.007680150680243969,0.03997516632080078,0.9288574457168579,0.00847504660487175
전럽코안봄,,전성기시절 다까끼양제외,"ㅇㅇ 2025.08.01 18:00:43
조회 32 추천 0 댓글 4",추천 0,조회 32,2025.08.01 18:00:43,https://gall.dcinside.com/mgallery/board/view/?id=skk&no=26628&page=1,0.016489489004015923,0.005727994721382856,0.006471333093941212,0.04443032667040825,0.013338865712285042,0.011354726739227772,0.00962787214666605,0.007662657648324966,0.05436846613883972,0.8453922271728516,0.006493364926427603
대학원에서도 만붕마위 가능한가요,,진지함,"ㅇㅇ(106.101) 2025.08.01 17:17:04
조회 36 추천 0 댓글 4",추천 0,조회 36,2025.08.01 17:17:04,https://gall.dcinside.com/mgallery/board/view/?id=skk&no=26627&page=1,0.019203322008252144,0.01266047265380621,0.014024677686393261,0.020773185417056084,0.014773048460483551,0.01000699307769537,0.01854063756763935,0.009229122661054134,0.030047427862882614,0.9474371075630188,0.010543840937316418
오늘도하나요,,로루체쓩,"ㅇㅇ 2025.08.01 16:04:10
조회 25 추천 0 댓글 2",추천 0,조회 25,2025.08.01 16:04:10,https://gall.dcinside.com/mgallery/board/view/?id=skk&no=26626&page=1,0.01795518398284912,0.011629106476902962,0.012327962554991245,0.02196989208459854,0.01317846029996872,0.009442704729735851,0.018191630020737648,0.008728988468647003,0.029313981533050537,0.9394851326942444,0.00916666816920042
아니 신데쿠레 죽을 사를 タヒ로쓰네,,가사 사이트에서 死んでくれ가 아니가 タヒんでくれ로 적혀잇음,"ㅇㅇ(106.101) 2025.08.01 13:38:23
조회 28 추천 0 댓글 2",추천 0,조회 28,2025.08.01 13:38:23,https://gall.dcinside.com/mgallery/board/view/?id=skk&no=26625&page=1,0.015100580640137196,0.005098951980471611,0.009652701206505299,0.00933109037578106,0.008215146139264107,0.007300506811589003,0.010518699884414673,0.0089791938662529,0.1190749853849411,0.8536387085914612,0.005689550191164017
오네가이 신데쿠레,,,"ㅇㅇ(106.101) 2025.08.01 13:32:02
조회 21 추천 0 댓글 0",추천 0,조회 21,2025.08.01 13:32:02,https://gall.dcinside.com/mgallery/board/view/?id=skk&no=26624&page=1,0.0,0.0,0.0,0.0,0.0,0.0,0.0,0.0,0.0,0.0,0.0
나라꼴 정상인데?,,네 ㅇㅇ..,"ㅇㅇ(106.101) 2025.08.01 12:10:01
조회 30 추천 0 댓글 3",추천 0,조회 30,2025.08.01 12:10:01,https://gall.dcinside.com/mgallery/board/view/?id=skk&no=26623&page=1,0.017856063321232796,0.011005165055394173,0.012987997382879257,0.018675880506634712,0.013333664275705814,0.009623745456337929,0.016812803223729134,0.008679743856191635,0.03389358893036842,0.9403553009033203,0.009565744549036026
나라꼴이 말이아니네요,,네,"ㅇㅇ 2025.08.01 11:44:44
조회 30 추천 0 댓글 4",추천 0,조회 30,2025.08.01 11:44:44,https://gall.dcinside.com/mgallery/board/view/?id=skk&no=26622&page=1,0.01709587499499321,0.011025809682905674,0.012766187079250813,0.01895168237388134,0.013483774848282337,0.009514600038528442,0.017748504877090454,0.009025933220982552,0.034722700715065,0.9419898390769958,0.009805353358387947
내 위대함을 알았는가,,낄낄!,"ㅇㅇ 2025.08.01 00:52:27
조회 37 추천 0 댓글 7",추천 0,조회 37,2025.08.01 00:52:27,https://gall.dcinside.com/mgallery/board/view/?id=skk&no=26621&page=1,0.01542203314602375,0.010772736743092537,0.011165004223585129,0.016525479033589363,0.012616285122931004,0.008963529020547867,0.014927399344742298,0.008489429019391537,0.0415196567773819,0.9357416033744812,0.008837170898914337
하자고오고오고오,,고오쓰,"ㅇㅇ(106.101) 2025.07.31 19:13:31
조회 27 추천 0 댓글 2",추천 0,조회 27,2025.07.31 19:13:31,https://gall.dcinside.com/mgallery/board/view/?id=skk&no=26620&page=1,0.01611034758388996,0.01219192799180746,0.011314990930259228,0.01724153384566307,0.012206758372485638,0.009126306511461735,0.015576217323541641,0.008173850364983082,0.036439377814531326,0.9339277148246765,0.008680855855345726
언제할가요,,네,"ㅇㅇ 2025.07.31 18:05:49
조회 40 추천 0 댓글 8",추천 0,조회 40,2025.07.31 18:05:49,https://gall.dcinside.com/mgallery/board/view/?id=skk&no=26619&page=1,0.01709587499499321,0.011025809682905674,0.012766187079250813,0.01895168237388134,0.013483774848282337,0.009514600038528442,0.017748504877090454,0.009025933220982552,0.034722700715065,0.9419898390769958,0.009805353358387947
럴체할사럼,,럴체하자,"ㅇㅇ(106.101) 2025.07.31 15:08:00
조회 49 추천 0 댓글 9",추천 0,조회 49,2025.07.31 15:08:00,https://gall.dcinside.com/mgallery/board/view/?id=skk&no=26618&page=1,0.012280073948204517,0.0072519006207585335,0.009811896830797195,0.01097318809479475,0.009311001747846603,0.0069269053637981415,0.011305639520287514,0.007444816641509533,0.07824011892080307,0.885761022567749,0.006039416417479515
여기에 오뎅을 넣지 마란 법 있을까?,,,"성갤러(106.101) 2025.07.31 02:27:22
조회 39 추천 0 댓글 6",추천 0,조회 39,2025.07.31 02:27:22,https://gall.dcinside.com/mgallery/board/view/?id=skk&no=26617&page=1,0.0,0.0,0.0,0.0,0.0,0.0,0.0,0.0,0.0,0.0,0.0
그럼가서만나나요,,나도헬로우챗인가 그거해야하나,"ㅇㅇ(106.101) 2025.07.31 00:50:59
조회 40 추천 0 댓글 3",추천 0,조회 40,2025.07.31 00:50:59,https://gall.dcinside.com/mgallery/board/view/?id=skk&no=26616&page=1,0.015658540651202202,0.009844402782619,0.01201372779905796,0.018307313323020935,0.012823893688619137,0.008945172652602196,0.016513580456376076,0.009187714196741581,0.03824353590607643,0.939724862575531,0.008951070718467236
시발 네토후리가 어케 넷플릭스임,,어위가없네,"ㅇㅇ 2025.07.31 00:25:41
조회 49 추천 0 댓글 6",추천 0,조회 49,2025.07.31 00:25:41,https://gall.dcinside.com/mgallery/board/view/?id=skk&no=26615&page=1,0.014790027402341366,0.00894523598253727,0.011580152437090874,0.0156474020332098,0.012036972679197788,0.009576733224093914,0.014985911548137665,0.008653577417135239,0.04313988611102104,0.9303934574127197,0.008272364735603333
고기고기 가가기가가기고기,,고기먹고싶다,"ㅇㅇ 2025.07.30 23:36:45
조회 35 추천 0 댓글 3",추천 0,조회 35,2025.07.30 23:36:45,https://gall.dcinside.com/mgallery/board/view/?id=skk&no=26614&page=1,0.017200062051415443,0.009801608510315418,0.011704735457897186,0.017385616898536682,0.012538867071270943,0.009222623892128468,0.016019342467188835,0.008675789460539818,0.0342414565384388,0.9321411848068237,0.008488280698657036
왜 우리나라는 남녀비가 1:5가 아닌거임.,,왜지.,"ㅇㅇ(106.101) 2025.07.30 20:36:38
조회 41 추천 0 댓글 4",추천 0,조회 41,2025.07.30 20:36:38,https://gall.dcinside.com/mgallery/board/view/?id=skk&no=26613&page=1,0.013495158404111862,0.008121577091515064,0.0110763069242239,0.010628506541252136,0.008958401158452034,0.007719181012362242,0.010198949836194515,0.007784225512295961,0.09451761096715927,0.8909127116203308,0.006504463497549295
고기묵자고 소리쳐,,꺄앙!!!!!!!!!!!!!!!!!!!!!!!!!!!!!!!!!!!,"ㅇㅇ 2025.07.30 17:33:29
조회 28 추천 0 댓글 1",추천 0,조회 28,2025.07.30 17:33:29,https://gall.dcinside.com/mgallery/board/view/?id=skk&no=26612&page=1,0.01691989228129387,0.015312442556023598,0.016827881336212158,0.014438912272453308,0.011879864148795605,0.01014063972979784,0.01743965782225132,0.008363191038370132,0.03939438238739967,0.9387392997741699,0.01026239711791277
가지마가지마가지마~,,,"ㅇㅇ(106.101) 2025.07.30 16:21:42
조회 36 추천 0 댓글 2",추천 0,조회 36,2025.07.30 16:21:42,https://gall.dcinside.com/mgallery/board/view/?id=skk&no=26611&page=1,0.0,0.0,0.0,0.0,0.0,0.0,0.0,0.0,0.0,0.0,0.0
히잡슨년이 담배피네,,남편이 안때리나,"Raps 2025.07.30 14:40:58
조회 44 추천 0 댓글 5",추천 0,조회 44,2025.07.30 14:40:58,https://gall.dcinside.com/mgallery/board/view/?id=skk&no=26610&page=1,0.019887052476406097,0.008565078489482403,0.009024069644510746,0.012953005731105804,0.01000652089715004,0.007038135547190905,0.012327784672379494,0.008584928698837757,0.049222782254219055,0.9082731008529663,0.00657664006575942
아주르 프로밀리아인가,,이거도 시비티하면 신청해봐야겟다,"ㅇㅇ(106.101) 2025.07.29 22:44:20
조회 23 추천 0 댓글 0",추천 0,조회 23,2025.07.29 22:44:20,https://gall.dcinside.com/mgallery/board/view/?id=skk&no=26609&page=1,0.014631927013397217,0.008192918263375759,0.009613006375730038,0.013086873106658459,0.011001957580447197,0.00890528317540884,0.01259152777493,0.008877650834619999,0.050803616642951965,0.9166742563247681,0.00728935282677412
놀자,,나랑놀래아니면똥쌀래,"ㅇㅇ 2025.07.29 21:43:47
조회 34 추천 0 댓글 6",추천 0,조회 34,2025.07.29 21:43:47,https://gall.dcinside.com/mgallery/board/view/?id=skk&no=26608&page=1,0.015248006209731102,0.008096609264612198,0.010640953667461872,0.013561300002038479,0.010457295924425125,0.007659402675926685,0.012657908722758293,0.00804885383695364,0.04817141219973564,0.9089601635932922,0.006850807927548885
엉덩이엉고기,,엉엉,"ㅇㅇ 2025.07.29 18:06:06
조회 32 추천 0 댓글 1",추천 0,조회 32,2025.07.29 18:06:06,https://gall.dcinside.com/mgallery/board/view/?id=skk&no=26607&page=2,0.01983916014432907,0.011265159584581852,0.012720498256385326,0.018381359055638313,0.01349967997521162,0.00996088981628418,0.01648825965821743,0.008950386196374893,0.03225306421518326,0.9413230419158936,0.009478440508246422
야,,"드디어붙어서
좆깉은시험 ㅅㅂ년","Raps 2025.07.29 10:16:55
조회 59 추천 0 댓글 7",추천 0,조회 59,2025.07.29 10:16:55,https://gall.dcinside.com/mgallery/board/view/?id=skk&no=26606&page=2,0.5757266283035278,0.010370971634984016,0.030270764604210854,0.016338719055056572,0.013888925313949585,0.010515032336115837,0.006511761341243982,0.09448552131652832,0.4906361401081085,0.023428909480571747,0.008726159110665321
지금상황,,,"ㅇㅇ 2025.07.28 22:49:06
조회 31 추천 0 댓글 2",추천 0,조회 31,2025.07.28 22:49:06,https://gall.dcinside.com/mgallery/board/view/?id=skk&no=26605&page=2,0.0,0.0,0.0,0.0,0.0,0.0,0.0,0.0,0.0,0.0,0.0
하자,,시요오,"ㅇㅇ 2025.07.28 18:23:05
조회 29 추천 0 댓글 4",추천 0,조회 29,2025.07.28 18:23:05,https://gall.dcinside.com/mgallery/board/view/?id=skk&no=26604&page=2,0.015584913082420826,0.010352278128266335,0.01140091847628355,0.01655822992324829,0.012254472821950912,0.009999693371355534,0.016125917434692383,0.008008617907762527,0.037078361958265305,0.9327844381332397,0.008594934828579426
마이크키고하자,,그럼재밋을듯,"ㅇㅇ 2025.07.28 10:18:20
조회 34 추천 0 댓글 4",추천 0,조회 34,2025.07.28 10:18:20,https://gall.dcinside.com/mgallery/board/view/?id=skk&no=26603&page=2,0.01824263297021389,0.012164583429694176,0.012624634429812431,0.018382640555500984,0.012881937436759472,0.009430613368749619,0.01728259213268757,0.008757342584431171,0.033682145178318024,0.9423598051071167,0.009614713490009308
닉네임 한국어니까,,"1번이 이게 디시지 감성으로 시비검
이게 조센징인가","성갤러(121.136) 2025.07.27 23:53:05
조회 41 추천 0 댓글 6",추천 0,조회 41,2025.07.27 23:53:05,https://gall.dcinside.com/mgallery/board/view/?id=skk&no=26602&page=2,0.0257504191249609,0.0574641115963459,0.00593964196741581,0.8730162382125854,0.009451402351260185,0.03289207071065903,0.013878597877919674,0.022263728082180023,0.052153393626213074,0.0325092151761055,0.012642942368984222
응가응가응가,,똥,"ㅇㅇ 2025.07.27 19:43:38
조회 36 추천 0 댓글 8",추천 0,조회 36,2025.07.27 19:43:38,https://gall.dcinside.com/mgallery/board/view/?id=skk&no=26601&page=2,0.012184768915176392,0.007053524721413851,0.011507156305015087,0.013738364912569523,0.010805067606270313,0.006585533730685711,0.01047583669424057,0.008341783657670021,0.07024169713258743,0.8877262473106384,0.007011882029473782
윤회란 있는가,,있다면 망설임 없이 가노라,"ㅇㅇ(211.234) 2025.07.27 16:22:00
조회 26 추천 0 댓글 1",추천 0,조회 26,2025.07.27 16:22:00,https://gall.dcinside.com/mgallery/board/view/?id=skk&no=26600&page=2,0.010623021982610226,0.009417223744094372,0.007198776118457317,0.010052074678242207,0.008084245957434177,0.007463581394404173,0.011349289678037167,0.007044556085020304,0.11118024587631226,0.8553077578544617,0.00597173348069191
똥똥똥,,응가,"ㅇㅇ 2025.07.27 13:58:16
조회 29 추천 0 댓글 2",추천 0,조회 29,2025.07.27 13:58:16,https://gall.dcinside.com/mgallery/board/view/?id=skk&no=26599&page=2,0.01605018973350525,0.010359500534832478,0.012041077017784119,0.01594270020723343,0.01216466911137104,0.009497104212641716,0.015566561371088028,0.008446956984698772,0.0394354946911335,0.9344713091850281,0.008809780701994896
경쟁전이 12시까지라뇨,,,"성갤러(121.136) 2025.07.27 00:15:04
조회 24 추천 0 댓글 1",추천 0,조회 24,2025.07.27 00:15:04,https://gall.dcinside.com/mgallery/board/view/?id=skk&no=26598&page=2,0.0,0.0,0.0,0.0,0.0,0.0,0.0,0.0,0.0,0.0,0.0
츠케멘묵자고,,2트째,"ㅇㅇ 2025.07.26 22:40:49
조회 21 추천 0 댓글 3",추천 0,조회 21,2025.07.26 22:40:49,https://gall.dcinside.com/mgallery/board/view/?id=skk&no=26597&page=2,0.016600096598267555,0.011102364398539066,0.012661663815379143,0.017788251861929893,0.013576011173427105,0.01009646151214838,0.016596702858805656,0.008912495337426662,0.03445642068982124,0.9402871131896973,0.009264213033020496
음 그래그래,,이게 나야,"성갤러(121.136) 2025.07.26 19:33:12
조회 34 추천 0 댓글 6",추천 0,조회 34,2025.07.26 19:33:12,https://gall.dcinside.com/mgallery/board/view/?id=skk&no=26596&page=2,0.019284697249531746,0.011405342258512974,0.012033824808895588,0.020410485565662384,0.014264210127294064,0.010414808988571167,0.019160503521561623,0.009291072376072407,0.030171282589435577,0.9444636702537537,0.010069308802485466
나도 털바퀴가되고싶다,,,"ㅇㅇ(106.101) 2025.07.26 16:42:29
조회 27 추천 0 댓글 2",추천 0,조회 27,2025.07.26 16:42:29,https://gall.dcinside.com/mgallery/board/view/?id=skk&no=26595&page=2,0.0,0.0,0.0,0.0,0.0,0.0,0.0,0.0,0.0,0.0,0.0
시발롬아,,나도시켜줘잉,"ㅇㅇ 2025.07.26 15:44:24
조회 32 추천 0 댓글 4",추천 0,조회 32,2025.07.26 15:44:24,https://gall.dcinside.com/mgallery/board/view/?id=skk&no=26594&page=2,0.014782615937292576,0.009405394084751606,0.011192555539309978,0.015276743099093437,0.012700124643743038,0.009015088900923729,0.015606317669153214,0.008756022900342941,0.04462898522615433,0.933205246925354,0.008363315835595131
난 이게 배그보다 재밋다,,,"성갤러(121.136) 2025.07.26 02:18:24
조회 24 추천 0 댓글 2",추천 0,조회 24,2025.07.26 02:18:24,https://gall.dcinside.com/mgallery/board/view/?id=skk&no=26593&page=2,0.0,0.0,0.0,0.0,0.0,0.0,0.0,0.0,0.0,0.0,0.0
핑은 내가 아시아서버가 아니엇다는사실,,35핑이네요,"성갤러(121.136) 2025.07.26 01:33:05
조회 18 추천 0 댓글 0",추천 0,조회 18,2025.07.26 01:33:05,https://gall.dcinside.com/mgallery/board/view/?id=skk&no=26592&page=2,0.015828371047973633,0.01160211768001318,0.011609037406742573,0.024544037878513336,0.013499584048986435,0.010380268096923828,0.01947053149342537,0.008867377415299416,0.028833575546741486,0.9415414333343506,0.009588712826371193
얼마나 재밋으면,,글을 3개나 썻겟어,"ㅇㅇ 2025.07.25 20:28:42
조회 23 추천 0 댓글 1",추천 0,조회 23,2025.07.25 20:28:42,https://gall.dcinside.com/mgallery/board/view/?id=skk&no=26591&page=2,0.01596399024128914,0.009916005656123161,0.010578376241028309,0.017477627843618393,0.012986574321985245,0.009569947607815266,0.016141904518008232,0.008752144873142242,0.037651944905519485,0.9351863265037537,0.008777237497270107
이거 초대되기는 하는데,,초대하면 님 할거임?,"성갤러(121.136) 2025.07.25 20:13:27
조회 27 추천 0 댓글 1",추천 0,조회 27,2025.07.25 20:13:27,https://gall.dcinside.com/mgallery/board/view/?id=skk&no=26590&page=2,0.0156713780015707,0.009887218475341797,0.012043529190123081,0.016627082601189613,0.012390668503940105,0.008605489507317543,0.01597720943391323,0.008557578548789024,0.03958816081285477,0.9347575902938843,0.008619943633675575
근데 핑이,,어머없네,"성갤러(121.136) 2025.07.25 20:05:54
조회 19 추천 0 댓글 0",추천 0,조회 19,2025.07.25 20:05:54,https://gall.dcinside.com/mgallery/board/view/?id=skk&no=26589&page=2,0.017593901604413986,0.009409389458596706,0.011537792161107063,0.016494331881403923,0.012872736901044846,0.00948296207934618,0.016256041824817657,0.009200215339660645,0.038279611617326736,0.937603771686554,0.00882532075047493
개호감이네 일단 그래픽이 내가,,"원하던 그래픽이야
근데 먼템을 쳐먹는지는 모르겟음","성갤러(121.136) 2025.07.25 20:02:16
조회 19 추천 0 댓글 0",추천 0,조회 19,2025.07.25 20:02:16,https://gall.dcinside.com/mgallery/board/view/?id=skk&no=26588&page=2,0.016618212684988976,0.009071520529687405,0.010038001462817192,0.0157431960105896,0.011742590926587582,0.008558431640267372,0.014132450334727764,0.008186856284737587,0.04132907837629318,0.9254987835884094,0.007827556692063808
놀자,,자놀,"ㅇㅇ 2025.07.25 19:39:48
조회 20 추천 0 댓글 1",추천 0,조회 20,2025.07.25 19:39:48,https://gall.dcinside.com/mgallery/board/view/?id=skk&no=26587&page=2,0.020756058394908905,0.14238481223583221,0.012227952480316162,0.006298550870269537,0.005323000252246857,0.004921861458569765,0.006948232650756836,0.010469709523022175,0.2539111077785492,0.4773879647254944,0.005864067934453487
리유나이생각하면,,저랑동갑인데요,"ㅇㅇ 2025.07.25 13:58:14
조회 31 추천 0 댓글 2",추천 0,조회 31,2025.07.25 13:58:14,https://gall.dcinside.com/mgallery/board/view/?id=skk&no=26586&page=2,0.017123155295848846,0.01166908536106348,0.013043667189776897,0.021153505891561508,0.015598847530782223,0.013854597695171833,0.019260980188846588,0.009011682122945786,0.027701472863554955,0.9464532136917114,0.01055748201906681
시비티당첨댐,,,"ㅇㅇ(106.101) 2025.07.25 12:41:41
조회 37 추천 0 댓글 3",추천 0,조회 37,2025.07.25 12:41:41,https://gall.dcinside.com/mgallery/board/view/?id=skk&no=26585&page=2,0.0,0.0,0.0,0.0,0.0,0.0,0.0,0.0,0.0,0.0,0.0
리유 나이 생각하면 마을버스급아닌가,,아님말고,"Raps 2025.07.25 02:30:50
조회 67 추천 0 댓글 5",추천 0,조회 67,2025.07.25 02:30:50,https://gall.dcinside.com/mgallery/board/view/?id=skk&no=26584&page=2,0.014085317961871624,0.008478882722556591,0.01017675455659628,0.014128688722848892,0.011333918198943138,0.008256278932094574,0.013315183110535145,0.008802700787782669,0.05033790320158005,0.9212514758110046,0.007474437355995178
치킨먹고싶군.,,네.,"ㅇㅇ 2025.07.24 20:25:53
조회 35 추천 0 댓글 4",추천 0,조회 35,2025.07.24 20:25:53,https://gall.dcinside.com/mgallery/board/view/?id=skk&no=26583&page=2,0.01707988977432251,0.011381179094314575,0.013182906433939934,0.018884802237153053,0.013819926418364048,0.010007952339947224,0.01847621239721775,0.00910845398902893,0.03369960933923721,0.9442377090454102,0.009988134726881981
님아ㅈ됨,,https://m.dcinside.com/board/dcbest/350101,"ㅇㅇ 2025.07.24 18:10:12
조회 56 추천 0 댓글 14",추천 0,조회 56,2025.07.24 18:10:12,https://gall.dcinside.com/mgallery/board/view/?id=skk&no=26582&page=2,0.014635441824793816,0.007775965612381697,0.011930924840271473,0.014238150790333748,0.01039197202771902,0.007361517753452063,0.011799600906670094,0.008261516690254211,0.052185703068971634,0.9093688726425171,0.007340630050748587
케데헌 좆같은이유,,"김치워리어mk2 만든다고 스파이더맨 애니 밀림
니애미","Raps 2025.07.24 00:39:27
조회 49 추천 0 댓글 2",추천 0,조회 49,2025.07.24 00:39:27,https://gall.dcinside.com/mgallery/board/view/?id=skk&no=26581&page=2,0.7034644484519958,0.0644475594162941,0.004278208594769239,0.03351392596960068,0.031026028096675873,0.009518797509372234,0.006193333771079779,0.03752857819199562,0.11911533772945404,0.0356624498963356,0.008693116717040539
케데헌 잼잇음?,,보신분,"ㅇㅇ 2025.07.23 23:17:06
조회 28 추천 0 댓글 2",추천 0,조회 28,2025.07.23 23:17:06,https://gall.dcinside.com/mgallery/board/view/?id=skk&no=26580&page=2,0.017805198207497597,0.01020231656730175,0.011199011467397213,0.01749633066356182,0.013400777243077755,0.010215850546956062,0.0174863263964653,0.009059689939022064,0.03393874317407608,0.9401306509971619,0.00918629951775074
결국 주인공입학전 스토리 나오네요,,초록이를 살리려는 똥꼬쇼,"ㅇㅇ 2025.07.23 20:19:53
조회 30 추천 0 댓글 5",추천 0,조회 30,2025.07.23 20:19:53,https://gall.dcinside.com/mgallery/board/view/?id=skk&no=26579&page=2,0.023200025781989098,0.017895977944135666,0.9016989469528198,0.020973695442080498,0.022622564807534218,0.015053880400955677,0.018872035667300224,0.03801480680704117,0.06897570937871933,0.09061259776353836,0.019182611256837845
님아 이번 N2에,,"기상, 귀성 물어보는문제 각각 총2개 나왓대요

러브라이브보면 자다가도 떡이생긴다

네","ㅇㅇ 2025.07.22 22:25:58
조회 31 추천 0 댓글 3",추천 0,조회 31,2025.07.22 22:25:58,https://gall.dcinside.com/mgallery/board/view/?id=skk&no=26578&page=2,0.018864240497350693,0.011343887075781822,0.010759471915662289,0.012225199490785599,0.01047187764197588,0.006655740551650524,0.009232955984771252,0.00735463947057724,0.05943500995635986,0.9089030623435974,0.00711688119918108
1킬당미션받습니다,,,"성갤러(115.23) 2025.07.22 01:42:39
조회 33 추천 0 댓글 1",추천 0,조회 33,2025.07.22 01:42:39,https://gall.dcinside.com/mgallery/board/view/?id=skk&no=26577&page=2,0.0,0.0,0.0,0.0,0.0,0.0,0.0,0.0,0.0,0.0,0.0
94년작이라 뻔한건가,,그땐 참신햇던거겟죠,"ㅇㅇ 2025.07.21 23:44:04
조회 28 추천 0 댓글 2",추천 0,조회 28,2025.07.21 23:44:04,https://gall.dcinside.com/mgallery/board/view/?id=skk&no=26576&page=2,0.017304353415966034,0.011674795299768448,0.01200406439602375,0.021512586623430252,0.015204411000013351,0.011617493815720081,0.01892039179801941,0.008971024304628372,0.029407842084765434,0.945153534412384,0.010060078464448452
엉생묵자,,예상답변) 2045년부터가능,"ㅇㅇ 2025.07.21 15:42:39
조회 42 추천 0 댓글 8",추천 0,조회 42,2025.07.21 15:42:39,https://gall.dcinside.com/mgallery/board/view/?id=skk&no=26575&page=2,0.0154415937140584,0.010086129419505596,0.01030645240098238,0.01654803939163685,0.012720282189548016,0.010813010856509209,0.01620345748960972,0.008750238455832005,0.03605259209871292,0.9341015219688416,0.008585684932768345
자이자이자슥아,,,"ㅇㅇ(106.101) 2025.07.20 18:46:38
조회 36 추천 0 댓글 3",추천 0,조회 36,2025.07.20 18:46:38,https://gall.dcinside.com/mgallery/board/view/?id=skk&no=26574&page=2,0.0,0.0,0.0,0.0,0.0,0.0,0.0,0.0,0.0,0.0,0.0
요즘진짜할게없다,,이정도로없던적이없음.,"ㅇㅇ(106.101) 2025.07.20 16:23:20
조회 35 추천 0 댓글 4",추천 0,조회 35,2025.07.20 16:23:20,https://gall.dcinside.com/mgallery/board/view/?id=skk&no=26573&page=2,0.01417399849742651,0.01016950886696577,0.010100012645125389,0.01599010080099106,0.012524834834039211,0.010119897313416004,0.014736407436430454,0.008623840287327766,0.041127197444438934,0.9288235902786255,0.00845672283321619
재명지원금으로 츠케멘?,,가능한가요?,"ㅇㅇ(106.101) 2025.07.20 15:13:06
조회 35 추천 0 댓글 3",추천 0,조회 35,2025.07.20 15:13:06,https://gall.dcinside.com/mgallery/board/view/?id=skk&no=26572&page=2,0.016468282788991928,0.012843008153140545,0.013953551650047302,0.02193145826458931,0.014819441363215446,0.012079324573278427,0.022174309939146042,0.009544679895043373,0.030277885496616364,0.9511893391609192,0.011466024443507195
츠케멘먹으러가자,,어떤데,"ㅇㅇ 2025.07.19 23:08:31
조회 31 추천 0 댓글 2",추천 0,조회 31,2025.07.19 23:08:31,https://gall.dcinside.com/mgallery/board/view/?id=skk&no=26571&page=2,0.016105329617857933,0.010479582473635674,0.011665361933410168,0.017759567126631737,0.013611849397420883,0.009927510283887386,0.016802970319986343,0.008762132376432419,0.03594040125608444,0.9382858872413635,0.009269796311855316
놉시다,,네,"ㅇㅇ 2025.07.19 21:02:57
조회 34 추천 0 댓글 4",추천 0,조회 34,2025.07.19 21:02:57,https://gall.dcinside.com/mgallery/board/view/?id=skk&no=26570&page=2,0.01709587499499321,0.011025809682905674,0.012766187079250813,0.01895168237388134,0.013483774848282337,0.009514600038528442,0.017748504877090454,0.009025933220982552,0.034722700715065,0.9419898390769958,0.009805353358387947
지역인재 7급 << 이건가요,,졸업해도 추천받아진다는데,"ㅇㅇ(106.101) 2025.07.19 20:20:46
조회 91 추천 0 댓글 6",추천 0,조회 91,2025.07.19 20:20:46,https://gall.dcinside.com/mgallery/board/view/?id=skk&no=26569&page=2,0.015808632597327232,0.010362843982875347,0.011366670951247215,0.016986409202218056,0.01332917995750904,0.010307921096682549,0.016300467774271965,0.008991846814751625,0.035404182970523834,0.9365558624267578,0.009015421383082867
이번학기하고 휴학할까,,4-2까지 가면 지역인재 못받는다고함,"Raps 2025.07.19 19:58:36
조회 66 추천 0 댓글 4",추천 0,조회 66,2025.07.19 19:58:36,https://gall.dcinside.com/mgallery/board/view/?id=skk&no=26568&page=2,0.013776427134871483,0.008812729269266129,0.010739726014435291,0.017124079167842865,0.013491610065102577,0.012068518437445164,0.016400063410401344,0.009057802148163319,0.03688586875796318,0.932395339012146,0.00854590255767107
아 헬스 진짜 재미없네,,발전도 없고 뭐 걍 딸딸이치고 누워자는게 이득인듯,"Raps 2025.07.19 19:41:09
조회 57 추천 0 댓글 4",추천 0,조회 57,2025.07.19 19:41:09,https://gall.dcinside.com/mgallery/board/view/?id=skk&no=26567&page=2,0.033329710364341736,0.024565109983086586,0.007541314698755741,0.0075290510430932045,0.012604179792106152,0.005496383178979158,0.006112196017056704,0.020137658342719078,0.7979967594146729,0.11582613736391068,0.00572248175740242
저녁추천해보라이,,네,"ㅇㅇ 2025.07.19 17:58:00
조회 36 추천 0 댓글 4",추천 0,조회 36,2025.07.19 17:58:00,https://gall.dcinside.com/mgallery/board/view/?id=skk&no=26566&page=2,0.01709587499499321,0.011025809682905674,0.012766187079250813,0.01895168237388134,0.013483774848282337,0.009514600038528442,0.017748504877090454,0.009025933220982552,0.034722700715065,0.9419898390769958,0.009805353358387947
똥,,드삼,"ㅇㅇ 2025.07.19 15:51:38
조회 29 추천 0 댓글 2",추천 0,조회 29,2025.07.19 15:51:38,https://gall.dcinside.com/mgallery/board/view/?id=skk&no=26565&page=2,0.012546757236123085,0.008337895385921001,0.008519181981682777,0.011867891065776348,0.010972723364830017,0.008103524334728718,0.013168144971132278,0.0073203109204769135,0.06437581032514572,0.9033680558204651,0.006907532922923565
만붕마위의 주인공이되고싶다,,,"ㅇㅇ(106.101) 2025.07.18 23:47:57
조회 23 추천 0 댓글 1",추천 0,조회 23,2025.07.18 23:47:57,https://gall.dcinside.com/mgallery/board/view/?id=skk&no=26564&page=2,0.0,0.0,0.0,0.0,0.0,0.0,0.0,0.0,0.0,0.0,0.0
심심하다,,네,"ㅇㅇ 2025.07.18 21:43:43
조회 30 추천 0 댓글 6",추천 0,조회 30,2025.07.18 21:43:43,https://gall.dcinside.com/mgallery/board/view/?id=skk&no=26563&page=2,0.01709587499499321,0.011025809682905674,0.012766187079250813,0.01895168237388134,0.013483774848282337,0.009514600038528442,0.017748504877090454,0.009025933220982552,0.034722700715065,0.9419898390769958,0.009805353358387947
이거 진짜에요?,,ㄷㄷㄷ,"성갤러(115.23) 2025.07.18 19:33:05
조회 25 추천 0 댓글 0",추천 0,조회 25,2025.07.18 19:33:05,https://gall.dcinside.com/mgallery/board/view/?id=skk&no=26562&page=2,0.016698062419891357,0.011589083820581436,0.013107094913721085,0.020033277571201324,0.014334112405776978,0.010914078913629055,0.02094368077814579,0.009424081072211266,0.031555041670799255,0.9465887546539307,0.010525863617658615
모기가 발만물엇어,,,"ㅇㅇ(106.101) 2025.07.17 18:44:44
조회 30 추천 0 댓글 2",추천 0,조회 30,2025.07.17 18:44:44,https://gall.dcinside.com/mgallery/board/view/?id=skk&no=26561&page=2,0.0,0.0,0.0,0.0,0.0,0.0,0.0,0.0,0.0,0.0,0.0
첫사건까지 3.4시간,,힘드니까 이제 자야지,"ㅇㅇ 2025.07.17 00:17:17
조회 31 추천 0 댓글 1",추천 0,조회 31,2025.07.17 00:17:17,https://gall.dcinside.com/mgallery/board/view/?id=skk&no=26560&page=2,0.01892782561480999,0.010103593580424786,0.012414205819368362,0.010156217962503433,0.011815224774181843,0.006616928149014711,0.010424545034766197,0.007703768089413643,0.05826175585389137,0.9097598195075989,0.007118229288607836
카메라 맞잔아 이생귀ㅏ양,,그런흐름으로 가고잇아ㅓ요,"ㅇㅇ 2025.07.16 23:56:50
조회 32 추천 0 댓글 7",추천 0,조회 32,2025.07.16 23:56:50,https://gall.dcinside.com/mgallery/board/view/?id=skk&no=26559&page=2,0.015445074997842312,0.010044371709227562,0.010848311707377434,0.01782497949898243,0.013522783294320107,0.009368803352117538,0.01681395433843136,0.008421625941991806,0.03954106569290161,0.9386637806892395,0.009200441651046276
아 스 바,,ㅁㅡ모기,"ㅇㅇ(106.101) 2025.07.16 23:19:40
조회 28 추천 0 댓글 3",추천 0,조회 28,2025.07.16 23:19:40,https://gall.dcinside.com/mgallery/board/view/?id=skk&no=26558&page=2,0.013799900189042091,0.007598220836371183,0.009628263302147388,0.010993804782629013,0.010585370473563671,0.006519246380776167,0.01077959407120943,0.008352088741958141,0.07447490096092224,0.8943235278129578,0.00675969710573554
온난화때매 장마없어졋다고,,염병호들갑떨더만 일주일내내비온다하노,"ㅇㅇ 2025.07.16 11:18:58
조회 31 추천 0 댓글 1",추천 0,조회 31,2025.07.16 11:18:58,https://gall.dcinside.com/mgallery/board/view/?id=skk&no=26557&page=3,0.010135372169315815,0.008940109051764011,0.011335344053804874,0.011177345179021358,0.008781038224697113,0.011622236110270023,0.011716771870851517,0.01787414215505123,0.8361150026321411,0.14120672643184662,0.007164081558585167
어제말한거 누가햇네,,,"ㅇㅇ 2025.07.16 09:10:16
조회 25 추천 0 댓글 1",추천 0,조회 25,2025.07.16 09:10:16,https://gall.dcinside.com/mgallery/board/view/?id=skk&no=26556&page=3,0.0,0.0,0.0,0.0,0.0,0.0,0.0,0.0,0.0,0.0,0.0
고물로이드 하마양 분양받고싶다,,네,"ㅇㅇ(106.101) 2025.07.16 01:16:53
조회 34 추천 0 댓글 3",추천 0,조회 34,2025.07.16 01:16:53,https://gall.dcinside.com/mgallery/board/view/?id=skk&no=26555&page=3,0.01709587499499321,0.011025809682905674,0.012766187079250813,0.01895168237388134,0.013483774848282337,0.009514600038528442,0.017748504877090454,0.009025933220982552,0.034722700715065,0.9419898390769958,0.009805353358387947
놀장께,,산책하장께,"ㅇㅇ 2025.07.15 20:15:21
조회 44 추천 0 댓글 21",추천 0,조회 44,2025.07.15 20:15:21,https://gall.dcinside.com/mgallery/board/view/?id=skk&no=26554&page=3,0.013405966572463512,0.010350645519793034,0.011541329324245453,0.015497397631406784,0.012547413818538189,0.009963433258235455,0.01570296473801136,0.007700633257627487,0.03999454528093338,0.9289172887802124,0.00834560301154852
제 세대는 이건데,,네,"ㅇㅇ 2025.07.15 09:10:05
조회 35 추천 0 댓글 3",추천 0,조회 35,2025.07.15 09:10:05,https://gall.dcinside.com/mgallery/board/view/?id=skk&no=26553&page=3,0.01709587499499321,0.011025809682905674,0.012766187079250813,0.01895168237388134,0.013483774848282337,0.009514600038528442,0.017748504877090454,0.009025933220982552,0.034722700715065,0.9419898390769958,0.009805353358387947
윈드슬레이어 << 이거 이틀뒤에 재출시됨,,,"Raps 2025.07.15 03:53:00
조회 57 추천 0 댓글 4",추천 0,조회 57,2025.07.15 03:53:00,https://gall.dcinside.com/mgallery/board/view/?id=skk&no=26552&page=3,0.0,0.0,0.0,0.0,0.0,0.0,0.0,0.0,0.0,0.0,0.0
배고프다고요,,네,"ㅇㅇ 2025.07.14 22:37:23
조회 32 추천 0 댓글 5",추천 0,조회 32,2025.07.14 22:37:23,https://gall.dcinside.com/mgallery/board/view/?id=skk&no=26551&page=3,0.01709587499499321,0.011025809682905674,0.012766187079250813,0.01895168237388134,0.013483774848282337,0.009514600038528442,0.017748504877090454,0.009025933220982552,0.034722700715065,0.9419898390769958,0.009805353358387947
맞짱뜨자,,ㅇㅇ,"ㅇㅇ 2025.07.14 18:00:53
조회 31 추천 0 댓글 2",추천 0,조회 31,2025.07.14 18:00:53,https://gall.dcinside.com/mgallery/board/view/?id=skk&no=26550&page=3,0.018820608034729958,0.010875094681978226,0.012896954081952572,0.0193681251257658,0.013796991668641567,0.009628367610275745,0.017667455598711967,0.009166287258267403,0.033118028193712234,0.9421525597572327,0.009942768141627312
일드를 얼마나좋아하면,,일드추천키워드타고오죠,"ㅇㅇ 2025.07.14 17:41:59
조회 40 추천 0 댓글 2",추천 0,조회 40,2025.07.14 17:41:59,https://gall.dcinside.com/mgallery/board/view/?id=skk&no=26549&page=3,0.01844392903149128,0.008518899790942669,0.008869045414030552,0.01867390051484108,0.010739858262240887,0.008129936642944813,0.013089756481349468,0.0077588981948792934,0.04990328475832939,0.9235532283782959,0.007378988433629274
아 만갤에서 잘 보던 만화,,어매터진 회사가 또 지랄하네,"ㅇㅇ(106.101) 2025.07.14 13:49:38
조회 41 추천 0 댓글 4",추천 0,조회 41,2025.07.14 13:49:38,https://gall.dcinside.com/mgallery/board/view/?id=skk&no=26548&page=3,0.024842144921422005,0.013018221594393253,0.014100939966738224,0.01306219957768917,0.010667773894965649,0.01497100293636322,0.0121493274345994,0.039475902915000916,0.9165711998939514,0.04233669489622116,0.008261512033641338
일드추천하세요,,네,"ㅇㅇ 2025.07.14 01:34:26
조회 50 추천 0 댓글 4",추천 0,조회 50,2025.07.14 01:34:26,https://gall.dcinside.com/mgallery/board/view/?id=skk&no=26547&page=3,0.01709587499499321,0.011025809682905674,0.012766187079250813,0.01895168237388134,0.013483774848282337,0.009514600038528442,0.017748504877090454,0.009025933220982552,0.034722700715065,0.9419898390769958,0.009805353358387947
불닭먹기 vs 참기,,참기름,"ㅇㅇ 2025.07.13 22:54:23
조회 33 추천 0 댓글 1",추천 0,조회 33,2025.07.13 22:54:23,https://gall.dcinside.com/mgallery/board/view/?id=skk&no=26546&page=3,0.017957909032702446,0.012216105125844479,0.012398636899888515,0.020461782813072205,0.013682769611477852,0.010264802724123001,0.0180533267557621,0.00907026045024395,0.029050936922430992,0.940865695476532,0.009475902654230595
습도인지 온도인지,,너무덥다더워,"성갤러(115.23) 2025.07.13 21:34:02
조회 37 추천 0 댓글 2",추천 0,조회 37,2025.07.13 21:34:02,https://gall.dcinside.com/mgallery/board/view/?id=skk&no=26545&page=3,0.016354244202375412,0.010540707036852837,0.011491362936794758,0.017625126987695694,0.013037462718784809,0.009092746302485466,0.015601586550474167,0.00868108868598938,0.03836779668927193,0.9367899298667908,0.008824258111417294
심심하다고요,,,"ㅇㅇ 2025.07.13 21:22:58
조회 47 추천 0 댓글 5",추천 0,조회 47,2025.07.13 21:22:58,https://gall.dcinside.com/mgallery/board/view/?id=skk&no=26544&page=3,0.0,0.0,0.0,0.0,0.0,0.0,0.0,0.0,0.0,0.0,0.0
왔어요 왔다구요,,꾸러기닌자가~,"ㅇㅇ(106.101) 2025.07.13 19:30:54
조회 35 추천 0 댓글 3",추천 0,조회 35,2025.07.13 19:30:54,https://gall.dcinside.com/mgallery/board/view/?id=skk&no=26543&page=3,0.016908016055822372,0.010734054259955883,0.013361150398850441,0.01798131689429283,0.013197120279073715,0.00967393908649683,0.01855030097067356,0.009346296079456806,0.03419513255357742,0.942881166934967,0.00957033596932888
이기적인 놈,,"이기적인놈. 나라가 망해도 좋다 이거냐?

폐경 5년 앞둔 30중반 한국여자랑 결혼해서 시험관에 수천써서 장애아 낳을까 조마조마하며 아이 둘 낳고 용돈30으로 버텨가며 평생 주담대 갚고 사교육비에 탕진하다 노년에 이혼당해 전재산 다 뺏기고 70에 죽는게 진정한 행복이란 말이다","ㅇㅇ(39.7) 2025.07.13 18:14:01
조회 58 추천 3 댓글 1",추천 3,조회 58,2025.07.13 18:14:01,https://gall.dcinside.com/mgallery/board/view/?id=skk&no=26542&page=3,0.8793150782585144,0.03874830901622772,0.010292104445397854,0.07279931753873825,0.023164140060544014,0.010403688997030258,0.009709724225103855,0.0646480992436409,0.07783302664756775,0.030165929347276688,0.011315983720123768
에혀,,쿠소쿠라에,"ㅇㅇ(106.101) 2025.07.13 13:16:08
조회 36 추천 0 댓글 2",추천 0,조회 36,2025.07.13 13:16:08,https://gall.dcinside.com/mgallery/board/view/?id=skk&no=26541&page=3,0.015261414460837841,0.012272720225155354,0.011795342899858952,0.026505542919039726,0.014296911656856537,0.011378459632396698,0.019575804471969604,0.008589196018874645,0.0293431393802166,0.9449707269668579,0.010177033953368664
이기적인놈 어쩌구 << 요즘 개쳐웃긴거,,맨날 보이는데 걍 보이면 웃김,"Raps 2025.07.13 02:45:30
조회 77 추천 0 댓글 3",추천 0,조회 77,2025.07.13 02:45:30,https://gall.dcinside.com/mgallery/board/view/?id=skk&no=26540&page=3,0.010666596703231335,0.00671812891960144,0.009672358632087708,0.008652935735881329,0.009122313931584358,0.006397413555532694,0.008791820146143436,0.00792287103831768,0.1386951357126236,0.8389372229576111,0.005892049055546522
개임추천좀요,,네,"ㅇㅇ 2025.07.12 22:07:02
조회 33 추천 0 댓글 2",추천 0,조회 33,2025.07.12 22:07:02,https://gall.dcinside.com/mgallery/board/view/?id=skk&no=26539&page=3,0.01709587499499321,0.011025809682905674,0.012766187079250813,0.01895168237388134,0.013483774848282337,0.009514600038528442,0.017748504877090454,0.009025933220982552,0.034722700715065,0.9419898390769958,0.009805353358387947
찐따같이생긴놈만 말걸은듯,,ㅇㅇ,"ㅇㅇ 2025.07.12 18:39:09
조회 44 추천 0 댓글 3",추천 0,조회 44,2025.07.12 18:39:09,https://gall.dcinside.com/mgallery/board/view/?id=skk&no=26538&page=3,0.018820608034729958,0.010875094681978226,0.012896954081952572,0.0193681251257658,0.013796991668641567,0.009628367610275745,0.017667455598711967,0.009166287258267403,0.033118028193712234,0.9421525597572327,0.009942768141627312
사이비 야스포교 당할뻔함,,네,"ㅇㅇ 2025.07.12 18:30:32
조회 64 추천 0 댓글 4",추천 0,조회 64,2025.07.12 18:30:32,https://gall.dcinside.com/mgallery/board/view/?id=skk&no=26537&page=3,0.01709587499499321,0.011025809682905674,0.012766187079250813,0.01895168237388134,0.013483774848282337,0.009514600038528442,0.017748504877090454,0.009025933220982552,0.034722700715065,0.9419898390769958,0.009805353358387947
업보청산하기 좆같은데 어카지,,3년만앞으로 돌아가면안될까,"Raps 2025.07.12 18:00:56
조회 51 추천 1 댓글 2",추천 1,조회 51,2025.07.12 18:00:56,https://gall.dcinside.com/mgallery/board/view/?id=skk&no=26536&page=3,0.012407086789608002,0.007780378218740225,0.008744553662836552,0.01163464318960905,0.01093648187816143,0.00871462095528841,0.012248385697603226,0.00781577080488205,0.060950398445129395,0.9000513553619385,0.006780554540455341
아유하미다스모,,에블바디하미다스모,"ㅇㅇ(106.101) 2025.07.12 15:53:02
조회 32 추천 0 댓글 3",추천 0,조회 32,2025.07.12 15:53:02,https://gall.dcinside.com/mgallery/board/view/?id=skk&no=26535&page=3,0.01891779713332653,0.010155243799090385,0.010167451575398445,0.018252041190862656,0.011292875744402409,0.008997360244393349,0.014749879017472267,0.008145882748067379,0.035248029977083206,0.9293137788772583,0.00798169057816267
데스메이커 직가 << 이새긴진짜어머련이네,,하참네,"ㅇㅇ(106.101) 2025.07.12 04:52:14
조회 54 추천 0 댓글 4",추천 0,조회 54,2025.07.12 04:52:14,https://gall.dcinside.com/mgallery/board/view/?id=skk&no=26534&page=3,0.016027983278036118,0.011194729246199131,0.012260702438652515,0.019330356270074844,0.013921577483415604,0.01105800922960043,0.019162792712450027,0.009097876958549023,0.03176306560635567,0.9423826932907104,0.009664268232882023
배고파,,네,"ㅇㅇ 2025.07.11 17:29:47
조회 29 추천 0 댓글 4",추천 0,조회 29,2025.07.11 17:29:47,https://gall.dcinside.com/mgallery/board/view/?id=skk&no=26533&page=3,0.01709587499499321,0.011025809682905674,0.012766187079250813,0.01895168237388134,0.013483774848282337,0.009514600038528442,0.017748504877090454,0.009025933220982552,0.034722700715065,0.9419898390769958,0.009805353358387947
오늘 만갤에서 충격먹은거,,츠무기가 리츠보다 인기없대,"ㅇㅇ 2025.07.11 15:07:46
조회 36 추천 0 댓글 2",추천 0,조회 36,2025.07.11 15:07:46,https://gall.dcinside.com/mgallery/board/view/?id=skk&no=26532&page=3,0.015613028779625893,0.008823978714644909,0.010904447175562382,0.019439570605754852,0.011555315926671028,0.008482195436954498,0.015418145805597305,0.008230993524193764,0.037216052412986755,0.9263993501663208,0.007760107517242432
몇시어디,,네,"성갤러(115.23) 2025.07.11 14:45:22
조회 28 추천 0 댓글 3",추천 0,조회 28,2025.07.11 14:45:22,https://gall.dcinside.com/mgallery/board/view/?id=skk&no=26531&page=3,0.01709587499499321,0.011025809682905674,0.012766187079250813,0.01895168237388134,0.013483774848282337,0.009514600038528442,0.017748504877090454,0.009025933220982552,0.034722700715065,0.9419898390769958,0.009805353358387947
이.,,"1
이미지 순서 ON","성갤러(115.23) 2025.07.11 14:20:37
조회 28 추천 0 댓글 4",추천 0,조회 28,2025.07.11 14:20:37,https://gall.dcinside.com/mgallery/board/view/?id=skk&no=26530&page=3,0.017024030908942223,0.011587107554078102,0.013315539807081223,0.01726726070046425,0.012596692889928818,0.00892417412251234,0.017057280987501144,0.008661271072924137,0.036358751356601715,0.9409846663475037,0.009313923306763172
꽁돈 받아가앙,,"공짜로 74000원 받아가세용

1. 빗썸을 깐다

2. 회원가입 후 로그인

3. kb국민 계좌 등록

4.더보기 쿠폰 코드 등록. 초대코드에 APPLE12345 입력
>>>여기까지 5만원 지급

5.거래소 들어가서 테더 클릭>매수에서 시장가 선택>총액 옆에 있는 비율에서 최대로 설정 후 풀매수 > 똑같은 방식으로 풀 매도 (이렇게 해야 본인계좌로 입금 가능)

6. 홈 화면 맨 밑 두번째에 있는 혜택/서비스 클릭 > 혜택 존에서 받기 클릭

7. 웰컴 미션 모두 받기 >>>2만원 지급

8. 입출금 들어가서 kb국민 계좌로 74000원 확인 후 이 74000원을 5번 과정 한 번 더 진행

9. 입출금 들어와서 kb국민 계좌로 74000원 출금 진행

쇼핑 하러 가자 !!!","아아아(220.78) 2025.07.11 12:39:27
조회 36 추천 0 댓글 2",추천 0,조회 36,2025.07.11 12:39:27,https://gall.dcinside.com/mgallery/board/view/?id=skk&no=26529&page=3,0.01609993726015091,0.007151525467634201,0.012055886909365654,0.020296970382332802,0.009438437409698963,0.006637014448642731,0.009899577125906944,0.009803821332752705,0.12686432898044586,0.8680281043052673,0.0077019743621349335
오늘의 디시탐방:한국 메이드카페 갤러리,,돈모아서 든든한 리얼돌 사먹을듯,"Raps 2025.07.10 21:52:45
조회 65 추천 0 댓글 6",추천 0,조회 65,2025.07.10 21:52:45,https://gall.dcinside.com/mgallery/board/view/?id=skk&no=26528&page=3,0.051878854632377625,0.009624062106013298,0.011684851720929146,0.011913741007447243,0.0061714015901088715,0.004660955164581537,0.00977930799126625,0.00801159255206585,0.060584407299757004,0.8575900793075562,0.005646377801895142
쌍둥이에요,,네,"ㅇㅇ 2025.07.10 18:58:48
조회 51 추천 0 댓글 6",추천 0,조회 51,2025.07.10 18:58:48,https://gall.dcinside.com/mgallery/board/view/?id=skk&no=26527&page=3,0.01709587499499321,0.011025809682905674,0.012766187079250813,0.01895168237388134,0.013483774848282337,0.009514600038528442,0.017748504877090454,0.009025933220982552,0.034722700715065,0.9419898390769958,0.009805353358387947
아도케나이콘나키모치모,,아도겐,"ㅇㅇ(106.101) 2025.07.10 06:15:25
조회 36 추천 0 댓글 3",추천 0,조회 36,2025.07.10 06:15:25,https://gall.dcinside.com/mgallery/board/view/?id=skk&no=26526&page=3,0.013486083596944809,0.010869484394788742,0.01225205510854721,0.018772035837173462,0.011020923033356667,0.017398525029420853,0.01642640493810177,0.008102570660412312,0.033568017184734344,0.9257829189300537,0.008767294697463512
아 술먹고 울면서 누군가한테 인생한탄 하고싶다,,혼자 썩히려니까 곪는다,"ㅇㅇ(211.235) 2025.07.08 00:50:48
조회 42 추천 0 댓글 1",추천 0,조회 42,2025.07.08 00:50:48,https://gall.dcinside.com/mgallery/board/view/?id=skk&no=26525&page=3,0.015375913120806217,0.013670568354427814,0.009090598672628403,0.008283853530883789,0.008889392949640751,0.0055384282022714615,0.007193583529442549,0.014664866961538792,0.7964298725128174,0.2347787767648697,0.006298133172094822
님 저 135점인가나옴,,모위고사,"ㅇㅇ 2025.07.08 00:00:13
조회 46 추천 0 댓글 6",추천 0,조회 46,2025.07.08 00:00:13,https://gall.dcinside.com/mgallery/board/view/?id=skk&no=26524&page=3,0.01587499864399433,0.009744483977556229,0.01219179481267929,0.016926145181059837,0.012556775473058224,0.009988680481910706,0.017424555495381355,0.008701935410499573,0.03453614562749863,0.9341138601303101,0.008622747845947742
구라 흑화육수들많던데,,저포함,"ㅇㅇ 2025.07.07 23:52:04
조회 36 추천 0 댓글 5",추천 0,조회 36,2025.07.07 23:52:04,https://gall.dcinside.com/mgallery/board/view/?id=skk&no=26523&page=3,0.014918643981218338,0.010644268244504929,0.011345154605805874,0.01753130927681923,0.013703526929020882,0.009790188632905483,0.016001224517822266,0.008914930745959282,0.03780243173241615,0.9377991557121277,0.009195019491016865
목요일,,목살의 목요일어때,"ㅇㅇ(106.101) 2025.07.07 22:22:05
조회 43 추천 0 댓글 9",추천 0,조회 43,2025.07.07 22:22:05,https://gall.dcinside.com/mgallery/board/view/?id=skk&no=26522&page=3,0.01429267879575491,0.009865266270935535,0.010719859972596169,0.01477030012756586,0.012835773639380932,0.009680711664259434,0.015552441589534283,0.008281010203063488,0.03957660496234894,0.9265689849853516,0.00815590564161539
고기굽자고 5조5억1번째 말함,,ㅇㅇ,"ㅇㅇ 2025.07.07 21:04:12
조회 41 추천 0 댓글 4",추천 0,조회 41,2025.07.07 21:04:12,https://gall.dcinside.com/mgallery/board/view/?id=skk&no=26521&page=3,0.018820608034729958,0.010875094681978226,0.012896954081952572,0.0193681251257658,0.013796991668641567,0.009628367610275745,0.017667455598711967,0.009166287258267403,0.033118028193712234,0.9421525597572327,0.009942768141627312
아 기사준비하는데 기분좋아짐,,필기 한달남은줄 알았는데 두달남음,"Raps 2025.07.07 19:27:03
조회 57 추천 0 댓글 6",추천 0,조회 57,2025.07.07 19:27:03,https://gall.dcinside.com/mgallery/board/view/?id=skk&no=26520&page=3,0.01534165907651186,0.010365476831793785,0.010359201580286026,0.016551274806261063,0.013456178829073906,0.009680683724582195,0.015492547303438187,0.00840049609541893,0.03689401224255562,0.931360125541687,0.008407259359955788
후배들 얘기 듣다보면,,"개 좆도 아닌거로 고민하고 있는 경우가 많은데
지금 내가 고민하는것도 어른들이 보면 개 좆도 아닌거겠지..","ㅇㅇ(211.235) 2025.07.06 19:18:11
조회 36 추천 0 댓글 0",추천 0,조회 36,2025.07.06 19:18:11,https://gall.dcinside.com/mgallery/board/view/?id=skk&no=26519&page=3,0.022538281977176666,0.03265460208058357,0.015203534625470638,0.013786530122160912,0.007150936871767044,0.012370518408715725,0.010113289579749107,0.04100608453154564,0.8845322132110596,0.030162541195750237,0.0067942775785923
만갤이망햇어요,,,"ㅇㅇ(106.101) 2025.07.05 17:10:39
조회 30 추천 0 댓글 1",추천 0,조회 30,2025.07.05 17:10:39,https://gall.dcinside.com/mgallery/board/view/?id=skk&no=26518&page=3,0.0,0.0,0.0,0.0,0.0,0.0,0.0,0.0,0.0,0.0,0.0
금요일 저녁에 헬스장을 누가 감ㅋㅋ,,ㅋㅋ,"성갤러(118.235) 2025.07.04 19:36:49
조회 26 추천 0 댓글 0",추천 0,조회 26,2025.07.04 19:36:49,https://gall.dcinside.com/mgallery/board/view/?id=skk&no=26517&page=3,0.016486002132296562,0.010592150501906872,0.01233817357569933,0.017572669312357903,0.013425854966044426,0.009626394137740135,0.01754600740969181,0.009104637429118156,0.03704880177974701,0.94118732213974,0.009530629962682724
B급인생,,,"Raps 2025.07.01 18:59:22
조회 38 추천 0 댓글 1",추천 0,조회 38,2025.07.01 18:59:22,https://gall.dcinside.com/mgallery/board/view/?id=skk&no=26516&page=3,0.0,0.0,0.0,0.0,0.0,0.0,0.0,0.0,0.0,0.0,0.0
가우르구라 << 쫌 짜치는데,,,"ㅇㅇ(106.101) 2025.06.30 00:33:57
조회 42 추천 0 댓글 1",추천 0,조회 42,2025.06.30 00:33:57,https://gall.dcinside.com/mgallery/board/view/?id=skk&no=26515&page=3,0.0,0.0,0.0,0.0,0.0,0.0,0.0,0.0,0.0,0.0,0.0
아잠이안와,,배고파서그런가,"ㅇㅇ(106.101) 2025.06.27 01:07:00
조회 18 추천 0 댓글 0",추천 0,조회 18,2025.06.27 01:07:00,https://gall.dcinside.com/mgallery/board/view/?id=skk&no=26514&page=3,0.015006091445684433,0.009467246010899544,0.010252046398818493,0.01803458295762539,0.01349148340523243,0.009985516779124737,0.016401786357164383,0.008859929628670216,0.038937706500291824,0.9362475872039795,0.008802142925560474
고기 구워먹고싶긴하다,,,"성갤러(220.85) 2025.06.25 17:53:04
조회 20 추천 0 댓글 0",추천 0,조회 20,2025.06.25 17:53:04,https://gall.dcinside.com/mgallery/board/view/?id=skk&no=26513&page=3,0.0,0.0,0.0,0.0,0.0,0.0,0.0,0.0,0.0,0.0,0.0
에인 노 마운틴 하이~ 이넢~,,,"ㅇㅇ(106.101) 2025.06.25 14:00:40
조회 23 추천 0 댓글 0",추천 0,조회 23,2025.06.25 14:00:40,https://gall.dcinside.com/mgallery/board/view/?id=skk&no=26512&page=3,0.0,0.0,0.0,0.0,0.0,0.0,0.0,0.0,0.0,0.0,0.0
나 위로해줘,,힘들어,"수토리(1.222) 2025.06.25 13:50:37
조회 39 추천 0 댓글 2",추천 0,조회 39,2025.06.25 13:50:37,https://gall.dcinside.com/mgallery/board/view/?id=skk&no=26511&page=3,0.01511809416115284,0.009128259494900703,0.011146404780447483,0.014095133170485497,0.012190130539238453,0.008041699416935444,0.01391685288399458,0.008707440458238125,0.04976293072104454,0.9266248941421509,0.008353262208402157
그럼내일,,"엉생

네","ㅇㅇ 2025.06.24 22:10:00
조회 42 추천 0 댓글 5",추천 0,조회 42,2025.06.24 22:10:00,https://gall.dcinside.com/mgallery/board/view/?id=skk&no=26510&page=3,0.017191993072628975,0.01055364590138197,0.011674106121063232,0.01593380980193615,0.012489070184528828,0.009387343190610409,0.0157546978443861,0.008591888472437859,0.03610244765877724,0.9339866638183594,0.00860688928514719
교촌먹자고,,네,"ㅇㅇ 2025.06.24 20:48:09
조회 41 추천 0 댓글 4",추천 0,조회 41,2025.06.24 20:48:09,https://gall.dcinside.com/mgallery/board/view/?id=skk&no=26509&page=3,0.01709587499499321,0.011025809682905674,0.012766187079250813,0.01895168237388134,0.013483774848282337,0.009514600038528442,0.017748504877090454,0.009025933220982552,0.034722700715065,0.9419898390769958,0.009805353358387947
놀장께?,,네,"ㅇㅇ 2025.06.24 18:19:47
조회 41 추천 0 댓글 4",추천 0,조회 41,2025.06.24 18:19:47,https://gall.dcinside.com/mgallery/board/view/?id=skk&no=26508&page=3,0.01709587499499321,0.011025809682905674,0.012766187079250813,0.01895168237388134,0.013483774848282337,0.009514600038528442,0.017748504877090454,0.009025933220982552,0.034722700715065,0.9419898390769958,0.009805353358387947
응아묵땨,,,"ㅇㅇ(223.38) 2025.06.24 02:08:18
조회 53 추천 0 댓글 2",추천 0,조회 53,2025.06.24 02:08:18,https://gall.dcinside.com/mgallery/board/view/?id=skk&no=26507&page=4,0.0,0.0,0.0,0.0,0.0,0.0,0.0,0.0,0.0,0.0,0.0
놀자,,치킨먹자,"ㅇㅇ 2025.06.23 20:54:37
조회 40 추천 0 댓글 4",추천 0,조회 40,2025.06.23 20:54:37,https://gall.dcinside.com/mgallery/board/view/?id=skk&no=26506&page=4,0.017548901960253716,0.009057733230292797,0.010157919488847256,0.01562943309545517,0.013349191285669804,0.008724010549485683,0.015004172921180725,0.008188517764210701,0.03866472467780113,0.9269787669181824,0.007945219054818153
저 산맥은 말도없이,,5천년을 살앗네,"ㅇㅇ(106.101) 2025.06.23 20:27:22
조회 35 추천 0 댓글 1",추천 0,조회 35,2025.06.23 20:27:22,https://gall.dcinside.com/mgallery/board/view/?id=skk&no=26505&page=4,0.01675831526517868,0.00914523284882307,0.008290112018585205,0.020776566118001938,0.01235491968691349,0.009384460747241974,0.01567237079143524,0.008352898992598057,0.03525592386722565,0.9257758855819702,0.0077783758752048016
랩스 랩스 랩스 베타대학생,,저학점 졸업하고 백수되지요,"ㅇㅇ(223.38) 2025.06.23 16:35:37
조회 51 추천 0 댓글 1",추천 0,조회 51,2025.06.23 16:35:37,https://gall.dcinside.com/mgallery/board/view/?id=skk&no=26504&page=4,0.016697758808732033,0.007243704982101917,0.006994790863245726,0.009890967048704624,0.013302947394549847,0.006292388308793306,0.010856665670871735,0.01065891608595848,0.07166053354740143,0.8803918957710266,0.006286076735705137
오케이 공기업 올인할게요,,방학때 전기기사 한국사 딸게요,"ㅇㅇ(223.38) 2025.06.23 15:29:54
조회 55 추천 0 댓글 3",추천 0,조회 55,2025.06.23 15:29:54,https://gall.dcinside.com/mgallery/board/view/?id=skk&no=26503&page=4,0.018634986132383347,0.009837460704147816,0.010067607276141644,0.021634187549352646,0.013395647518336773,0.00863279215991497,0.015519615262746811,0.009505818597972393,0.032863277941942215,0.9347989559173584,0.008588883094489574
랩스님 힘내세요,,합격률6.9퍼래요,"ㅇㅇ 2025.06.23 12:51:46
조회 46 추천 0 댓글 2",추천 0,조회 46,2025.06.23 12:51:46,https://gall.dcinside.com/mgallery/board/view/?id=skk&no=26502&page=4,0.01702280156314373,0.0105576291680336,0.010892229154706001,0.016161635518074036,0.013401893898844719,0.010455027222633362,0.017503241077065468,0.009459280408918858,0.03354690596461296,0.9372475147247314,0.009054836817085743
단백질 보충제 뭐가 좋음,,추천해줘,"성갤러(118.235) 2025.06.22 00:33:47
조회 51 추천 0 댓글 1",추천 0,조회 51,2025.06.22 00:33:47,https://gall.dcinside.com/mgallery/board/view/?id=skk&no=26501&page=4,0.016942210495471954,0.011118588037788868,0.012246089987456799,0.019186770543456078,0.013372487388551235,0.010246334597468376,0.017970668151974678,0.009144407697021961,0.0330948568880558,0.9430208206176758,0.009665564633905888
쾌 도 난 무,,,"ㅇㅇ(106.101) 2025.06.20 20:02:45
조회 24 추천 0 댓글 0",추천 0,조회 24,2025.06.20 20:02:45,https://gall.dcinside.com/mgallery/board/view/?id=skk&no=26500&page=4,0.0,0.0,0.0,0.0,0.0,0.0,0.0,0.0,0.0,0.0,0.0
화상면접때,,오빠는끝피규어보이면 어케됨?,"ㅇㅇ 2025.06.20 17:18:22
조회 43 추천 0 댓글 3",추천 0,조회 43,2025.06.20 17:18:22,https://gall.dcinside.com/mgallery/board/view/?id=skk&no=26499&page=4,0.021529914811253548,0.010747293010354042,0.013733280822634697,0.016793543472886086,0.011541502550244331,0.008337284438312054,0.01521036121994257,0.008514751680195332,0.03500094637274742,0.9351557493209839,0.0085105299949646
진짜 피시방 가는거 오랜만이네,,내가 원해서 가는 피시방,"성갤러(220.85) 2025.06.19 22:46:15
조회 31 추천 0 댓글 0",추천 0,조회 31,2025.06.19 22:46:15,https://gall.dcinside.com/mgallery/board/view/?id=skk&no=26498&page=4,0.037488218396902084,0.0077337417751550674,0.01581730879843235,0.014126045629382133,0.008982673287391663,0.008000344969332218,0.011321171186864376,0.009369201958179474,0.03875557333230972,0.9004923105239868,0.006715016905218363
응가똥스토리 흥햇대요,,똥뿌직스토리 신직업,"ㅇㅇ 2025.06.19 16:32:28
조회 34 추천 0 댓글 5",추천 0,조회 34,2025.06.19 16:32:28,https://gall.dcinside.com/mgallery/board/view/?id=skk&no=26497&page=4,0.008865595795214176,0.012604909017682076,0.03539706766605377,0.024862004444003105,0.007883916608989239,0.005164317321032286,0.007254988420754671,0.030752023681998253,0.6372479200363159,0.26165854930877686,0.007350348401814699
하도 굴 떡밥을 많이보니까,,굴 존나 땡기네,"ㅇㅇ(211.234) 2025.06.18 23:10:49
조회 25 추천 0 댓글 1",추천 0,조회 25,2025.06.18 23:10:49,https://gall.dcinside.com/mgallery/board/view/?id=skk&no=26496&page=4,0.011768339201807976,0.007312826346606016,0.007422988768666983,0.007934622466564178,0.008612656965851784,0.0057088700123131275,0.008247330784797668,0.007167072966694832,0.18987181782722473,0.7722148299217224,0.005394168198108673
나는 낭~만 고~양이~,,ok,"성갤러(220.85) 2025.06.18 18:47:14
조회 21 추천 0 댓글 0",추천 0,조회 21,2025.06.18 18:47:14,https://gall.dcinside.com/mgallery/board/view/?id=skk&no=26495&page=4,0.018023861572146416,0.012286195531487465,0.013141069561243057,0.021737344563007355,0.014623988419771194,0.011191220954060555,0.01994456723332405,0.00939088687300682,0.028939716517925262,0.947870671749115,0.010670491494238377
성대역 너머 살기 ㄱㅊ나,,공학관까지 너무멀거같은데,"ㅇㅇ(58.126) 2025.06.17 19:48:38
조회 48 추천 0 댓글 2",추천 0,조회 48,2025.06.17 19:48:38,https://gall.dcinside.com/mgallery/board/view/?id=skk&no=26494&page=4,0.0177204217761755,0.010622606612741947,0.013048762455582619,0.020489731803536415,0.014600364491343498,0.010504410602152348,0.01897227019071579,0.009649553336203098,0.03210892900824547,0.946672797203064,0.010102120228111744
ㅈ됫다,,우산없이 식당에갇힘,"ㅇㅇ 2025.06.16 12:57:41
조회 35 추천 0 댓글 1",추천 0,조회 35,2025.06.16 12:57:41,https://gall.dcinside.com/mgallery/board/view/?id=skk&no=26493&page=4,0.015321518294513226,0.008538343012332916,0.010225710459053516,0.017456261441111565,0.01207777764648199,0.00912438239902258,0.01458338089287281,0.00865496788173914,0.04058432951569557,0.9267482161521912,0.007816491648554802
님 접이식이 먼지암?,,일본어로,"ㅇㅇ 2025.06.16 09:25:33
조회 42 추천 0 댓글 4",추천 0,조회 42,2025.06.16 09:25:33,https://gall.dcinside.com/mgallery/board/view/?id=skk&no=26492&page=4,0.017143970355391502,0.01160383503884077,0.011532236821949482,0.025976454839110374,0.013312960043549538,0.010146514512598515,0.019097724929451942,0.008824720047414303,0.030451525002717972,0.9444897174835205,0.00996765773743391
요즘 카나데가좋다,,사랑인걸까,"ㅇㅇ 2025.06.16 01:45:17
조회 46 추천 0 댓글 2",추천 0,조회 46,2025.06.16 01:45:17,https://gall.dcinside.com/mgallery/board/view/?id=skk&no=26491&page=4,0.017711078748106956,0.011221930384635925,0.014066661708056927,0.018563997000455856,0.013151395134627819,0.009832317009568214,0.019099244847893715,0.009266568347811699,0.03274715691804886,0.9447106122970581,0.009727828204631805
도란의 검,,,"ㅇㅇ(106.101) 2025.06.15 20:36:54
조회 22 추천 0 댓글 0",추천 0,조회 22,2025.06.15 20:36:54,https://gall.dcinside.com/mgallery/board/view/?id=skk&no=26490&page=4,0.0,0.0,0.0,0.0,0.0,0.0,0.0,0.0,0.0,0.0,0.0
똥싸,,네,"ㅇㅇ 2025.06.14 12:48:36
조회 28 추천 0 댓글 2",추천 0,조회 28,2025.06.14 12:48:36,https://gall.dcinside.com/mgallery/board/view/?id=skk&no=26489&page=4,0.01709587499499321,0.011025809682905674,0.012766187079250813,0.01895168237388134,0.013483774848282337,0.009514600038528442,0.017748504877090454,0.009025933220982552,0.034722700715065,0.9419898390769958,0.009805353358387947
야~,,호,"ㅇㅇ(106.101) 2025.06.13 20:35:33
조회 30 추천 0 댓글 3",추천 0,조회 30,2025.06.13 20:35:33,https://gall.dcinside.com/mgallery/board/view/?id=skk&no=26488&page=4,0.015879536047577858,0.010395954363048077,0.012312471866607666,0.018488071858882904,0.013007988221943378,0.010104967281222343,0.016838423907756805,0.008847643621265888,0.035340502858161926,0.9390956163406372,0.009297487325966358
엘나스노래들으면서,,자야지,"ㅇㅇ(106.101) 2025.06.09 03:49:31
조회 24 추천 0 댓글 1",추천 0,조회 24,2025.06.09 03:49:31,https://gall.dcinside.com/mgallery/board/view/?id=skk&no=26487&page=4,0.01956941746175289,0.011200696229934692,0.01318396721035242,0.012328503653407097,0.010709554888308048,0.0067568994127213955,0.012018544599413872,0.007766927592456341,0.05222214758396149,0.9228697419166565,0.007653178181499243
저녁2인분먹엇더니 배터지겟어,,네,"ㅇㅇ 2025.06.08 22:25:31
조회 24 추천 0 댓글 1",추천 0,조회 24,2025.06.08 22:25:31,https://gall.dcinside.com/mgallery/board/view/?id=skk&no=26486&page=4,0.01709587499499321,0.011025809682905674,0.012766187079250813,0.01895168237388134,0.013483774848282337,0.009514600038528442,0.017748504877090454,0.009025933220982552,0.034722700715065,0.9419898390769958,0.009805353358387947
극장판이래,,네,"ㅇㅇ 2025.06.08 21:17:48
조회 20 추천 0 댓글 1",추천 0,조회 20,2025.06.08 21:17:48,https://gall.dcinside.com/mgallery/board/view/?id=skk&no=26485&page=4,0.01709587499499321,0.011025809682905674,0.012766187079250813,0.01895168237388134,0.013483774848282337,0.009514600038528442,0.017748504877090454,0.009025933220982552,0.034722700715065,0.9419898390769958,0.009805353358387947
애니화됫어요,,기껏 졸업시켜놓고 재취직함,"ㅇㅇ 2025.06.08 20:53:40
조회 28 추천 0 댓글 4",추천 0,조회 28,2025.06.08 20:53:40,https://gall.dcinside.com/mgallery/board/view/?id=skk&no=26484&page=4,0.015555277466773987,0.00821765698492527,0.00901319831609726,0.011024541221559048,0.01092720776796341,0.006923179607838392,0.011214440688490868,0.008963355794548988,0.06462705135345459,0.9033150672912598,0.006804952397942543
놀장게,,네,"ㅇㅇ 2025.06.08 16:55:06
조회 26 추천 0 댓글 6",추천 0,조회 26,2025.06.08 16:55:06,https://gall.dcinside.com/mgallery/board/view/?id=skk&no=26483&page=4,0.01709587499499321,0.011025809682905674,0.012766187079250813,0.01895168237388134,0.013483774848282337,0.009514600038528442,0.017748504877090454,0.009025933220982552,0.034722700715065,0.9419898390769958,0.009805353358387947
스벌롬아,,네,"ㅇㅇ 2025.06.08 15:20:59
조회 20 추천 0 댓글 2",추천 0,조회 20,2025.06.08 15:20:59,https://gall.dcinside.com/mgallery/board/view/?id=skk&no=26482&page=4,0.01709587499499321,0.011025809682905674,0.012766187079250813,0.01895168237388134,0.013483774848282337,0.009514600038528442,0.017748504877090454,0.009025933220982552,0.034722700715065,0.9419898390769958,0.009805353358387947
제 최애 실베데뷔함,,"https://m.dcinside.com/board/dcbest/337185
 일본의 미쳐버린 신용카드 근황.jpg - 실시간 베스트 갤러리
니가 쓴 카드 포인트 연예인한테 감 18%짜리 리볼링 강제가입 금감원 없는 동네는 카드도 레전드누ㅋㅋㅋㅋ 곧 현카가 벤치마킹 해가는거 아니겠지?
m.dcinside.com","ㅇㅇ 2025.06.08 13:19:10
조회 31 추천 0 댓글 2",추천 0,조회 31,2025.06.08 13:19:10,https://gall.dcinside.com/mgallery/board/view/?id=skk&no=26481&page=4,0.011694101616740227,0.005858285818248987,0.007348782382905483,0.013483311980962753,0.006578780245035887,0.019786307588219643,0.009230922907590866,0.010794654488563538,0.10694635659456253,0.7811360359191895,0.005556329153478146
신직업 흠스럽네,,흠,"ㅇㅇ 2025.06.07 18:40:18
조회 42 추천 0 댓글 5",추천 0,조회 42,2025.06.07 18:40:18,https://gall.dcinside.com/mgallery/board/view/?id=skk&no=26480&page=4,0.018498990684747696,0.012019728310406208,0.013803229667246342,0.020254772156476974,0.013780840672552586,0.010732191614806652,0.02022978663444519,0.009406532160937786,0.031015632674098015,0.9472689032554626,0.010596038773655891
大木 읽는법맞춰보세요,,개억지아님?,"ㅇㅇ 2025.06.07 18:17:40
조회 47 추천 0 댓글 6",추천 0,조회 47,2025.06.07 18:17:40,https://gall.dcinside.com/mgallery/board/view/?id=skk&no=26479&page=4,0.015231410972774029,0.010642746463418007,0.008545021526515484,0.007519287057220936,0.003768416354432702,0.006334370002150536,0.009794984012842178,0.011772377416491508,0.24817568063735962,0.6771715879440308,0.004431889858096838
님아,,그게임이나 할까싶음,"성갤러(119.194) 2025.06.07 18:08:41
조회 25 추천 0 댓글 3",추천 0,조회 25,2025.06.07 18:08:41,https://gall.dcinside.com/mgallery/board/view/?id=skk&no=26478&page=4,0.015684004873037338,0.009078987874090672,0.012135084718465805,0.013976797461509705,0.010917347855865955,0.0074763367883861065,0.013778752647340298,0.008623282425105572,0.046503931283950806,0.9243420958518982,0.007747471332550049
2급단어 벽느낌,,"첫쪽지시험 거의다틀림

네","ㅇㅇ 2025.06.07 16:04:16
조회 33 추천 0 댓글 4",추천 0,조회 33,2025.06.07 16:04:16,https://gall.dcinside.com/mgallery/board/view/?id=skk&no=26477&page=4,0.015646563842892647,0.009605741128325462,0.011237887665629387,0.017524754628539085,0.013527121394872665,0.010039158165454865,0.015987152233719826,0.008701495826244354,0.037648338824510574,0.9367052912712097,0.00879791658371687
찍먹하고 종강하고,,네,"ㅇㅇ(106.101) 2025.06.07 13:47:31
조회 36 추천 0 댓글 6",추천 0,조회 36,2025.06.07 13:47:31,https://gall.dcinside.com/mgallery/board/view/?id=skk&no=26476&page=4,0.01709587499499321,0.011025809682905674,0.012766187079250813,0.01895168237388134,0.013483774848282337,0.009514600038528442,0.017748504877090454,0.009025933220982552,0.034722700715065,0.9419898390769958,0.009805353358387947
다음주 poe확장판출시,,네,"ㅇㅇ 2025.06.07 12:15:43
조회 34 추천 0 댓글 9",추천 0,조회 34,2025.06.07 12:15:43,https://gall.dcinside.com/mgallery/board/view/?id=skk&no=26475&page=4,0.01709587499499321,0.011025809682905674,0.012766187079250813,0.01895168237388134,0.013483774848282337,0.009514600038528442,0.017748504877090454,0.009025933220982552,0.034722700715065,0.9419898390769958,0.009805353358387947
오늘 거의 토요일급 휴식이었는데,,2일이나 더 쉬어야한다고?,"ㅇㅇ(106.101) 2025.06.07 00:51:34
조회 25 추천 0 댓글 1",추천 0,조회 25,2025.06.07 00:51:34,https://gall.dcinside.com/mgallery/board/view/?id=skk&no=26474&page=4,0.015053569339215755,0.008823886513710022,0.0114865368232131,0.014180442318320274,0.012112600728869438,0.007861197926104069,0.013926920481026173,0.008373267948627472,0.04659933224320412,0.9248480796813965,0.008086727932095528
ㅋㅋ내란견 부들부들,,트럼프랑 전화햇쥬,"ㅇㅇ 2025.06.07 00:00:38
조회 39 추천 0 댓글 3",추천 0,조회 39,2025.06.07 00:00:38,https://gall.dcinside.com/mgallery/board/view/?id=skk&no=26473&page=4,0.01404944434762001,0.008344833739101887,0.009052179753780365,0.019375553354620934,0.012361723929643631,0.009122748859226704,0.014913072809576988,0.008528675884008408,0.0427803173661232,0.9253224730491638,0.007976534776389599
심심해,,네,"ㅇㅇ 2025.06.06 23:25:50
조회 31 추천 0 댓글 5",추천 0,조회 31,2025.06.06 23:25:50,https://gall.dcinside.com/mgallery/board/view/?id=skk&no=26472&page=4,0.01709587499499321,0.011025809682905674,0.012766187079250813,0.01895168237388134,0.013483774848282337,0.009514600038528442,0.017748504877090454,0.009025933220982552,0.034722700715065,0.9419898390769958,0.009805353358387947
트럼프 테슬라 판다는데,,"구라핑인건가
너무 쪼잔한데","ㅇㅇ(106.101) 2025.06.06 23:11:32
조회 28 추천 0 댓글 1",추천 0,조회 28,2025.06.06 23:11:32,https://gall.dcinside.com/mgallery/board/view/?id=skk&no=26471&page=4,0.010081794112920761,0.007580730598419905,0.008793896995484829,0.023739304393529892,0.010448950342833996,0.0077559249475598335,0.0137000922113657,0.007938778959214687,0.05295011028647423,0.8999414443969727,0.007094900589436293
트럼프 일론 싸웟대,,삐졋대,"ㅇㅇ 2025.06.06 21:16:30
조회 39 추천 0 댓글 7",추천 0,조회 39,2025.06.06 21:16:30,https://gall.dcinside.com/mgallery/board/view/?id=skk&no=26470&page=4,0.01454493310302496,0.007878138683736324,0.009148185141384602,0.012326297350227833,0.011174589395523071,0.007291783113032579,0.011671186424791813,0.008118114434182644,0.06105984002351761,0.9050271511077881,0.0069446563720703125
놀자이자이자슥아,,네,"ㅇㅇ 2025.06.06 11:45:45
조회 29 추천 0 댓글 1",추천 0,조회 29,2025.06.06 11:45:45,https://gall.dcinside.com/mgallery/board/view/?id=skk&no=26469&page=4,0.01709587499499321,0.011025809682905674,0.012766187079250813,0.01895168237388134,0.013483774848282337,0.009514600038528442,0.017748504877090454,0.009025933220982552,0.034722700715065,0.9419898390769958,0.009805353358387947
성대 에타에 글 올려주세요,,"1
이미지 순서 ON

2



이 글이 신고삭제 당했습니다. 조심하세요","ㅇㅇ(211.235) 2025.06.06 09:18:28
조회 73 추천 2 댓글 3",추천 2,조회 73,2025.06.06 09:18:28,https://gall.dcinside.com/mgallery/board/view/?id=skk&no=26468&page=4,0.016906168311834335,0.009860469959676266,0.010835138149559498,0.01290201023221016,0.01077996101230383,0.007372958119958639,0.013614898547530174,0.008797148242592812,0.05086599290370941,0.9238753318786621,0.007624435238540173
놀실분,,네,"ㅇㅇ 2025.06.05 18:05:00
조회 35 추천 0 댓글 3",추천 0,조회 35,2025.06.05 18:05:00,https://gall.dcinside.com/mgallery/board/view/?id=skk&no=26467&page=4,0.01709587499499321,0.011025809682905674,0.012766187079250813,0.01895168237388134,0.013483774848282337,0.009514600038528442,0.017748504877090454,0.009025933220982552,0.034722700715065,0.9419898390769958,0.009805353358387947
럽공식 쇼츠로쌀먹하네,,아이스크림쇼츠 오조오억개 도배해서 쌀먹중,"ㅇㅇ 2025.06.05 10:48:17
조회 37 추천 0 댓글 2",추천 0,조회 37,2025.06.05 10:48:17,https://gall.dcinside.com/mgallery/board/view/?id=skk&no=26466&page=4,0.01369090098887682,0.00637973053380847,0.007968607358634472,0.022427204996347427,0.008325260132551193,0.006599892862141132,0.008948296308517456,0.007310100365430117,0.08014243096113205,0.862881600856781,0.006268824450671673
이재명 만세,,재매이햄덕에 국장 150넘게먹음,"ㅇㅇ 2025.06.04 20:14:58
조회 38 추천 0 댓글 2",추천 0,조회 38,2025.06.04 20:14:58,https://gall.dcinside.com/mgallery/board/view/?id=skk&no=26465&page=4,0.015472963452339172,0.010362507775425911,0.009193763136863708,0.01887645572423935,0.006778234150260687,0.005969341844320297,0.00889037549495697,0.0078069125302135944,0.0931362733244896,0.8295716643333435,0.005799179896712303
성균관 갤러리는 이재명 대통령님을 환영합니다,,심기에 거스르지 않겠습니다.,"성갤러(119.194) 2025.06.03 23:16:06
조회 46 추천 1 댓글 4",추천 1,조회 46,2025.06.03 23:16:06,https://gall.dcinside.com/mgallery/board/view/?id=skk&no=26464&page=4,0.017813781276345253,0.011560557410120964,0.01250467635691166,0.016046995297074318,0.011427029967308044,0.008565369993448257,0.013996570371091366,0.008078294806182384,0.038349699229002,0.931611180305481,0.008599573746323586
왤케 표차이적음?,,어의없네,"ㅇㅇ 2025.06.03 22:22:55
조회 51 추천 0 댓글 2",추천 0,조회 51,2025.06.03 22:22:55,https://gall.dcinside.com/mgallery/board/view/?id=skk&no=26463&page=4,0.011852294206619263,0.008255337364971638,0.009527330286800861,0.01085421722382307,0.00900089368224144,0.008176513016223907,0.01148140523582697,0.0080915791913867,0.07386907190084457,0.8950947523117065,0.006603207904845476
여기 고닉들 다 드럼통행이라며,,ㄹㅇㅋㅋ,"성갤러(118.235) 2025.06.03 21:11:59
조회 24 추천 0 댓글 0",추천 0,조회 24,2025.06.03 21:11:59,https://gall.dcinside.com/mgallery/board/view/?id=skk&no=26462&page=4,0.01760183274745941,0.010099097155034542,0.011610121466219425,0.015587509609758854,0.013348061591386795,0.009322375059127808,0.015802089124917984,0.00889023020863533,0.03925309702754021,0.9371433258056641,0.009097429923713207
찢황만세,,,"Raps 2025.06.03 19:50:42
조회 61 추천 0 댓글 1",추천 0,조회 61,2025.06.03 19:50:42,https://gall.dcinside.com/mgallery/board/view/?id=skk&no=26461&page=4,0.0,0.0,0.0,0.0,0.0,0.0,0.0,0.0,0.0,0.0,0.0
저 한 10분,,네,"ㅇㅇ(106.101) 2025.06.03 18:02:37
조회 36 추천 0 댓글 5",추천 0,조회 36,2025.06.03 18:02:37,https://gall.dcinside.com/mgallery/board/view/?id=skk&no=26460&page=4,0.01709587499499321,0.011025809682905674,0.012766187079250813,0.01895168237388134,0.013483774848282337,0.009514600038528442,0.017748504877090454,0.009025933220982552,0.034722700715065,0.9419898390769958,0.009805353358387947
어디,,네,"ㅇㅇ 2025.06.03 17:37:37
조회 38 추천 0 댓글 9",추천 0,조회 38,2025.06.03 17:37:37,https://gall.dcinside.com/mgallery/board/view/?id=skk&no=26459&page=4,0.01709587499499321,0.011025809682905674,0.012766187079250813,0.01895168237388134,0.013483774848282337,0.009514600038528442,0.017748504877090454,0.009025933220982552,0.034722700715065,0.9419898390769958,0.009805353358387947
6시?,,네?,"ㅇㅇ 2025.06.03 13:46:53
조회 39 추천 0 댓글 5",추천 0,조회 39,2025.06.03 13:46:53,https://gall.dcinside.com/mgallery/board/view/?id=skk&no=26458&page=4,0.016974491998553276,0.01153483521193266,0.012797781266272068,0.018587395548820496,0.013534026220440865,0.009958679787814617,0.01817719079554081,0.009085304103791714,0.033975500613451004,0.94351726770401,0.00986665952950716
2판4판,,,"ㅇㅇ(106.101) 2025.06.03 13:13:56
조회 23 추천 0 댓글 0",추천 0,조회 23,2025.06.03 13:13:56,https://gall.dcinside.com/mgallery/board/view/?id=skk&no=26457&page=5,0.0,0.0,0.0,0.0,0.0,0.0,0.0,0.0,0.0,0.0,0.0
오늘 투표하고 고기?,,아님말고,"ㅇㅇ(106.101) 2025.06.03 02:08:33
조회 38 추천 0 댓글 5",추천 0,조회 38,2025.06.03 02:08:33,https://gall.dcinside.com/mgallery/board/view/?id=skk&no=26456&page=5,0.014085317961871624,0.008478882722556591,0.01017675455659628,0.014128688722848892,0.011333918198943138,0.008256278932094574,0.013315183110535145,0.008802700787782669,0.05033790320158005,0.9212514758110046,0.007474437355995178
잘때듣는노래,,https://www.youtube.com/watch?v=Hd-v9Qm2gow,"ㅇㅇ(106.101) 2025.06.02 02:53:57
조회 34 추천 0 댓글 1",추천 0,조회 34,2025.06.02 02:53:57,https://gall.dcinside.com/mgallery/board/view/?id=skk&no=26455&page=5,0.014876291155815125,0.007963229902088642,0.012690352275967598,0.014754814095795155,0.009629514068365097,0.00676714489236474,0.011426124721765518,0.008272357285022736,0.05658268183469772,0.9087815284729004,0.007251712027937174
님아 다시,,"https://youtu.be/I74xWNxq1HY

104기말고 103기버전으로 들어보세요","ㅇㅇ 2025.06.01 23:28:12
조회 39 추천 0 댓글 2",추천 0,조회 39,2025.06.01 23:28:12,https://gall.dcinside.com/mgallery/board/view/?id=skk&no=26454&page=5,0.018889229744672775,0.008074539713561535,0.013343604281544685,0.014645333401858807,0.009436587803065777,0.006310907192528248,0.011332042515277863,0.00850151851773262,0.05605289340019226,0.9149789214134216,0.007434981409460306
코노 인기순위에 루비쨩하잇 잇네,,ㅈ같네,"ㅇㅇ 2025.06.01 20:56:51
조회 35 추천 0 댓글 1",추천 0,조회 35,2025.06.01 20:56:51,https://gall.dcinside.com/mgallery/board/view/?id=skk&no=26453&page=5,0.014762303791940212,0.009554740972816944,0.010602224618196487,0.013056681491434574,0.009314112365245819,0.009228844195604324,0.011445142328739166,0.020044010132551193,0.8706774711608887,0.11947999149560928,0.007152877282351255
열심히 놀아라,,"열심히 살았는데도 취업이 쉽지가않다
그니까 걍 놀아라","ㅇㅇ(211.234) 2025.06.01 00:56:46
조회 38 추천 0 댓글 1",추천 0,조회 38,2025.06.01 00:56:46,https://gall.dcinside.com/mgallery/board/view/?id=skk&no=26452&page=5,0.01882254332304001,0.005586470011621714,0.006478925701230764,0.007575653493404388,0.010413860902190208,0.004897170700132847,0.007578625809401274,0.013554700650274754,0.24467208981513977,0.7089705467224121,0.005294707603752613
아첵스에요첵스,,첵스초코에요,"ㅇㅇ(106.101) 2025.05.31 18:49:00
조회 26 추천 0 댓글 0",추천 0,조회 26,2025.05.31 18:49:00,https://gall.dcinside.com/mgallery/board/view/?id=skk&no=26451&page=5,0.018312225118279457,0.012870822101831436,0.011886420659720898,0.02094009704887867,0.013342361897230148,0.009956732392311096,0.018608056008815765,0.008941195905208588,0.02975049987435341,0.943062424659729,0.009908023290336132
재강이형 결혼함?,,"취업은 어떻게 했던데
결혼도함?","ㅇㅇ(51.195) 2025.05.31 07:24:01
조회 35 추천 0 댓글 0",추천 0,조회 35,2025.05.31 07:24:01,https://gall.dcinside.com/mgallery/board/view/?id=skk&no=26450&page=5,0.017032131552696228,0.009177311323583126,0.009810784831643105,0.015232584439218044,0.012522412464022636,0.009122158400714397,0.015192906372249126,0.008866329677402973,0.038382552564144135,0.9266065359115601,0.007972974330186844
우울은 맨날 가능하니까,,행복할땐 행복만 하자,"ㅇㅇ(211.235) 2025.05.30 22:52:11
조회 31 추천 0 댓글 0",추천 0,조회 31,2025.05.30 22:52:11,https://gall.dcinside.com/mgallery/board/view/?id=skk&no=26449&page=5,0.017424818128347397,0.010119596496224403,0.011933539994060993,0.016689710319042206,0.011694254353642464,0.007769194431602955,0.014645793475210667,0.008670417591929436,0.039418675005435944,0.9320412278175354,0.008387910202145576
연기안나는거,,윤 연기안,"ㅇㅇ(106.101) 2025.05.30 18:48:29
조회 26 추천 0 댓글 0",추천 0,조회 26,2025.05.30 18:48:29,https://gall.dcinside.com/mgallery/board/view/?id=skk&no=26448&page=5,0.014911181293427944,0.010567313060164452,0.01030264887958765,0.01500095333904028,0.011775854974985123,0.008804830722510815,0.014054148457944393,0.008089031092822552,0.04328902065753937,0.927579402923584,0.007984591647982597
3트,,엉생,"ㅇㅇ 2025.05.30 17:13:52
조회 42 추천 0 댓글 6",추천 0,조회 42,2025.05.30 17:13:52,https://gall.dcinside.com/mgallery/board/view/?id=skk&no=26447&page=5,0.01773061789572239,0.0099054966121912,0.011394658125936985,0.014399859122931957,0.011774946004152298,0.008684713393449783,0.014754163101315498,0.008373512886464596,0.04014935344457626,0.9293208122253418,0.008033332414925098
맛있는거드실분 2트,,네,"ㅇㅇ 2025.05.29 16:22:45
조회 32 추천 0 댓글 1",추천 0,조회 32,2025.05.29 16:22:45,https://gall.dcinside.com/mgallery/board/view/?id=skk&no=26446&page=5,0.01709587499499321,0.011025809682905674,0.012766187079250813,0.01895168237388134,0.013483774848282337,0.009514600038528442,0.017748504877090454,0.009025933220982552,0.034722700715065,0.9419898390769958,0.009805353358387947
맛잇는거드실분,,네,"ㅇㅇ 2025.05.28 17:25:43
조회 44 추천 0 댓글 5",추천 0,조회 44,2025.05.28 17:25:43,https://gall.dcinside.com/mgallery/board/view/?id=skk&no=26445&page=5,0.01709587499499321,0.011025809682905674,0.012766187079250813,0.01895168237388134,0.013483774848282337,0.009514600038528442,0.017748504877090454,0.009025933220982552,0.034722700715065,0.9419898390769958,0.009805353358387947
누구뽑을까,,죄수의딜레마급 난제,"ㅇㅇ 2025.05.28 01:20:44
조회 41 추천 0 댓글 1",추천 0,조회 41,2025.05.28 01:20:44,https://gall.dcinside.com/mgallery/board/view/?id=skk&no=26444&page=5,0.017794234678149223,0.009897882118821144,0.011148076504468918,0.012227792292833328,0.00935431756079197,0.006183694116771221,0.014989044517278671,0.008640644140541553,0.05907197669148445,0.9162412285804749,0.007063765078783035
찌르지 말아주세요 도련님,,,"Raps 2025.05.27 23:57:38
조회 66 추천 0 댓글 4",추천 0,조회 66,2025.05.27 23:57:38,https://gall.dcinside.com/mgallery/board/view/?id=skk&no=26443&page=5,0.0,0.0,0.0,0.0,0.0,0.0,0.0,0.0,0.0,0.0,0.0
한반도의 지배자를 환영합니다,,,"성갤러(220.78) 2025.05.27 22:12:15
조회 44 추천 0 댓글 2",추천 0,조회 44,2025.05.27 22:12:15,https://gall.dcinside.com/mgallery/board/view/?id=skk&no=26442&page=5,0.0,0.0,0.0,0.0,0.0,0.0,0.0,0.0,0.0,0.0,0.0
디도지하로와라,,키스 ㄱㅁ,"성갤러(203.252) 2025.05.27 20:13:12
조회 53 추천 0 댓글 3",추천 0,조회 53,2025.05.27 20:13:12,https://gall.dcinside.com/mgallery/board/view/?id=skk&no=26441&page=5,0.016551319509744644,0.008922428824007511,0.010508325882256031,0.016592703759670258,0.01167979184538126,0.008542844094336033,0.014308284968137741,0.007446060422807932,0.04268685728311539,0.9240357279777527,0.007571566849946976
조울증걸림,,네,"ㅇㅇ 2025.05.27 17:18:40
조회 29 추천 0 댓글 1",추천 0,조회 29,2025.05.27 17:18:40,https://gall.dcinside.com/mgallery/board/view/?id=skk&no=26440&page=5,0.01709587499499321,0.011025809682905674,0.012766187079250813,0.01895168237388134,0.013483774848282337,0.009514600038528442,0.017748504877090454,0.009025933220982552,0.034722700715065,0.9419898390769958,0.009805353358387947
7억잇으면 탕핑가능,,7억주삼,"ㅇㅇ 2025.05.27 00:54:46
조회 33 추천 0 댓글 1",추천 0,조회 33,2025.05.27 00:54:46,https://gall.dcinside.com/mgallery/board/view/?id=skk&no=26439&page=5,0.016931096091866493,0.009819822385907173,0.010182620957493782,0.01747824251651764,0.013229443691670895,0.010547393001616001,0.01760983280837536,0.00910184532403946,0.03491821885108948,0.9370270371437073,0.00891469419002533
우울증 걸림,,ㅇㅇ,"ㅇㅇ 2025.05.26 22:17:40
조회 39 추천 0 댓글 3",추천 0,조회 39,2025.05.26 22:17:40,https://gall.dcinside.com/mgallery/board/view/?id=skk&no=26438&page=5,0.018820608034729958,0.010875094681978226,0.012896954081952572,0.0193681251257658,0.013796991668641567,0.009628367610275745,0.017667455598711967,0.009166287258267403,0.033118028193712234,0.9421525597572327,0.009942768141627312
미미미미미미미미미치고~싶어~,,,"성갤러(220.78) 2025.05.26 19:01:11
조회 32 추천 0 댓글 4",추천 0,조회 32,2025.05.26 19:01:11,https://gall.dcinside.com/mgallery/board/view/?id=skk&no=26437&page=5,0.0,0.0,0.0,0.0,0.0,0.0,0.0,0.0,0.0,0.0,0.0
코코코코코코콘토-자이,,님도중독됫죠,"ㅇㅇ 2025.05.25 22:26:29
조회 40 추천 0 댓글 3",추천 0,조회 40,2025.05.25 22:26:29,https://gall.dcinside.com/mgallery/board/view/?id=skk&no=26436&page=5,0.017516817897558212,0.006702682469040155,0.011474041268229485,0.007734206505119801,0.00868432316929102,0.005212576128542423,0.010905295610427856,0.008707280270755291,0.11230788379907608,0.8644632697105408,0.0061057922430336475
들으세요,,"https://www.youtube.com/watch?v=iB-rMOtfwq4
독후감제출","ㅇㅇ 2025.05.25 19:35:22
조회 37 추천 0 댓글 3",추천 0,조회 37,2025.05.25 19:35:22,https://gall.dcinside.com/mgallery/board/view/?id=skk&no=26435&page=5,0.015548136085271835,0.010249386541545391,0.015189469791948795,0.0098826689645648,0.00833596009761095,0.005363715812563896,0.008831296116113663,0.009536036290228367,0.0866224467754364,0.8848753571510315,0.0068383608013391495
랩스근육만지고싶어라,,네,"ㅇㅇ 2025.05.25 12:16:50
조회 24 추천 0 댓글 0",추천 0,조회 24,2025.05.25 12:16:50,https://gall.dcinside.com/mgallery/board/view/?id=skk&no=26434&page=5,0.01709587499499321,0.011025809682905674,0.012766187079250813,0.01895168237388134,0.013483774848282337,0.009514600038528442,0.017748504877090454,0.009025933220982552,0.034722700715065,0.9419898390769958,0.009805353358387947
마음이 공허해,,"그냥 누가 내 길을 정해주면 수긍하고 살아갈텐데
번뇌하는 길을 정해준거면 너무 고통스럽군","ㅇㅇ(211.234) 2025.05.25 11:11:11
조회 30 추천 0 댓글 2",추천 0,조회 30,2025.05.25 11:11:11,https://gall.dcinside.com/mgallery/board/view/?id=skk&no=26433&page=5,0.015107893384993076,0.009735846891999245,0.01135104987770319,0.013901411555707455,0.010781810618937016,0.00750835333019495,0.013648475520312786,0.008801211602985859,0.05114781856536865,0.9262602925300598,0.007926122285425663
똥뿌직,,네,"ㅇㅇ 2025.05.25 01:54:03
조회 29 추천 0 댓글 1",추천 0,조회 29,2025.05.25 01:54:03,https://gall.dcinside.com/mgallery/board/view/?id=skk&no=26432&page=5,0.01709587499499321,0.011025809682905674,0.012766187079250813,0.01895168237388134,0.013483774848282337,0.009514600038528442,0.017748504877090454,0.009025933220982552,0.034722700715065,0.9419898390769958,0.009805353358387947
저기갤 개웃기네 ㅋㅋ,,젖탱이 부비적대는걸 꾹꾹이라 부르는구나,"Raps 2025.05.25 01:17:35
조회 68 추천 0 댓글 6",추천 0,조회 68,2025.05.25 01:17:35,https://gall.dcinside.com/mgallery/board/view/?id=skk&no=26431&page=5,0.031586144119501114,0.032642193138599396,0.014029571786522865,0.00801380630582571,0.004565778188407421,0.006172372028231621,0.003698996501043439,0.025024741888046265,0.6813253164291382,0.1226961761713028,0.005076040513813496
아하,,,"ㅇㅇ(106.101) 2025.05.24 17:50:49
조회 55 추천 0 댓글 5",추천 0,조회 55,2025.05.24 17:50:49,https://gall.dcinside.com/mgallery/board/view/?id=skk&no=26430&page=5,0.0,0.0,0.0,0.0,0.0,0.0,0.0,0.0,0.0,0.0,0.0
님아,,10분늦음,"ㅇㅇ 2025.05.24 09:52:06
조회 33 추천 0 댓글 4",추천 0,조회 33,2025.05.24 09:52:06,https://gall.dcinside.com/mgallery/board/view/?id=skk&no=26429&page=5,0.017181525006890297,0.010496597737073898,0.01114724576473236,0.017568478360772133,0.013869034126400948,0.009633484296500683,0.0159081369638443,0.008882027119398117,0.03630317002534866,0.9385747909545898,0.009163026697933674
왜 내집앞에,,역이 없는거임,"ㅇㅇ(106.101) 2025.05.24 09:34:18
조회 30 추천 0 댓글 0",추천 0,조회 30,2025.05.24 09:34:18,https://gall.dcinside.com/mgallery/board/view/?id=skk&no=26428&page=5,0.014276087284088135,0.00869833305478096,0.011820275336503983,0.0149763198569417,0.011887836270034313,0.010752440430223942,0.014745057560503483,0.009145891293883324,0.04082510992884636,0.929241955280304,0.008395437151193619
토론재밋네,,네,"ㅇㅇ 2025.05.23 22:19:27
조회 50 추천 0 댓글 5",추천 0,조회 50,2025.05.23 22:19:27,https://gall.dcinside.com/mgallery/board/view/?id=skk&no=26427&page=5,0.01709587499499321,0.011025809682905674,0.012766187079250813,0.01895168237388134,0.013483774848282337,0.009514600038528442,0.017748504877090454,0.009025933220982552,0.034722700715065,0.9419898390769958,0.009805353358387947
가솔린앤로지스 여기어때요,,츠케멘,"ㅇㅇ 2025.05.23 20:19:47
조회 65 추천 0 댓글 4",추천 0,조회 65,2025.05.23 20:19:47,https://gall.dcinside.com/mgallery/board/view/?id=skk&no=26426&page=5,0.017420189455151558,0.010778394527733326,0.010326266288757324,0.02095005474984646,0.013191538862884045,0.01034102775156498,0.018364552408456802,0.008700458332896233,0.03178253769874573,0.9390125870704651,0.00895871315151453
근처에서 머먹으면되지,,네,"ㅇㅇ 2025.05.23 20:00:26
조회 40 추천 0 댓글 3",추천 0,조회 40,2025.05.23 20:00:26,https://gall.dcinside.com/mgallery/board/view/?id=skk&no=26425&page=5,0.01709587499499321,0.011025809682905674,0.012766187079250813,0.01895168237388134,0.013483774848282337,0.009514600038528442,0.017748504877090454,0.009025933220982552,0.034722700715065,0.9419898390769958,0.009805353358387947
몇시,,어디,"ㅇㅇ(106.101) 2025.05.23 19:47:29
조회 39 추천 0 댓글 7",추천 0,조회 39,2025.05.23 19:47:29,https://gall.dcinside.com/mgallery/board/view/?id=skk&no=26424&page=5,0.0152537627145648,0.009710438549518585,0.010987073183059692,0.01825658045709133,0.0127261346206069,0.01011301763355732,0.016721362248063087,0.00909808836877346,0.03778024762868881,0.9370365738868713,0.009081891737878323
지듣노,,https://www.youtube.com/watch?v=uQ-OH9Pek88,"ㅇㅇ 2025.05.23 14:32:53
조회 32 추천 0 댓글 2",추천 0,조회 32,2025.05.23 14:32:53,https://gall.dcinside.com/mgallery/board/view/?id=skk&no=26423&page=5,0.014677523635327816,0.00752844475209713,0.012283280491828918,0.013711913488805294,0.009003394283354282,0.006501250434666872,0.01082066260278225,0.00844546314328909,0.06532163918018341,0.9010077118873596,0.0069861807860434055
놀,,고싶어라,"ㅇㅇ 2025.05.22 18:51:25
조회 26 추천 0 댓글 1",추천 0,조회 26,2025.05.22 18:51:25,https://gall.dcinside.com/mgallery/board/view/?id=skk&no=26422&page=5,0.013298410922288895,0.008580406196415424,0.008960766717791557,0.009668444283306599,0.007798118982464075,0.00627831881865859,0.008974548429250717,0.007048650644719601,0.10615067183971405,0.8592554926872253,0.005754438228905201
방본만,,용이살던마을,"ㅇㅇ 2025.05.22 00:32:35
조회 37 추천 0 댓글 2",추천 0,조회 37,2025.05.22 00:32:35,https://gall.dcinside.com/mgallery/board/view/?id=skk&no=26421&page=5,0.014234584756195545,0.009914854541420937,0.011590483598411083,0.019364142790436745,0.014182636514306068,0.013693489134311676,0.018046967685222626,0.00897969026118517,0.029589887708425522,0.9348778128623962,0.009070286527276039
이거학교맞음?,,,"성갤러(220.78) 2025.05.21 21:57:29
조회 58 추천 0 댓글 2",추천 0,조회 58,2025.05.21 21:57:29,https://gall.dcinside.com/mgallery/board/view/?id=skk&no=26420&page=5,0.0,0.0,0.0,0.0,0.0,0.0,0.0,0.0,0.0,0.0,0.0
짱깨 << 그냥 신임,,그냥 천재,"성갤러(220.78) 2025.05.21 21:19:38
조회 49 추천 0 댓글 4",추천 0,조회 49,2025.05.21 21:19:38,https://gall.dcinside.com/mgallery/board/view/?id=skk&no=26419&page=5,0.0177496038377285,0.011496373452246189,0.012822064571082592,0.01861649937927723,0.013240690343081951,0.009604194201529026,0.018367940559983253,0.009584999643266201,0.032802384346723557,0.9430001974105835,0.009716746397316456
가자고말자고,,가자지구,"ㅇㅇ 2025.05.21 17:51:20
조회 31 추천 0 댓글 1",추천 0,조회 31,2025.05.21 17:51:20,https://gall.dcinside.com/mgallery/board/view/?id=skk&no=26418&page=5,0.017260555177927017,0.011218147352337837,0.012882804498076439,0.019543157890439034,0.01340594794601202,0.011853199452161789,0.017669208347797394,0.008697670884430408,0.03038020059466362,0.9405824542045593,0.009615099988877773
님갈거임?,,플레이엑스포?,"ㅇㅇ(106.101) 2025.05.21 15:05:03
조회 49 추천 0 댓글 4",추천 0,조회 49,2025.05.21 15:05:03,https://gall.dcinside.com/mgallery/board/view/?id=skk&no=26417&page=5,0.017131086438894272,0.012032754719257355,0.012518874369561672,0.0194565337151289,0.012921908870339394,0.010518252849578857,0.016501247882843018,0.008938727900385857,0.032223012298345566,0.9428986310958862,0.009812828153371811
놀자,,ㅇㅇ,"ㅇㅇ 2025.05.20 20:44:16
조회 36 추천 0 댓글 2",추천 0,조회 36,2025.05.20 20:44:16,https://gall.dcinside.com/mgallery/board/view/?id=skk&no=26416&page=5,0.018820608034729958,0.010875094681978226,0.012896954081952572,0.0193681251257658,0.013796991668641567,0.009628367610275745,0.017667455598711967,0.009166287258267403,0.033118028193712234,0.9421525597572327,0.009942768141627312
사람으로살기 1일차,,1치취침10시기상,"Raps 2025.05.20 18:07:11
조회 49 추천 0 댓글 1",추천 0,조회 49,2025.05.20 18:07:11,https://gall.dcinside.com/mgallery/board/view/?id=skk&no=26415&page=5,0.018052348867058754,0.009471110068261623,0.01285063847899437,0.01283648144453764,0.011397252790629864,0.007804264780133963,0.013779174536466599,0.008660459890961647,0.043444301933050156,0.9247710108757019,0.0077429567463696
마짱뜨자,,ㅇㅇ,"ㅇㅇ 2025.05.20 17:26:37
조회 37 추천 0 댓글 2",추천 0,조회 37,2025.05.20 17:26:37,https://gall.dcinside.com/mgallery/board/view/?id=skk&no=26414&page=5,0.018820608034729958,0.010875094681978226,0.012896954081952572,0.0193681251257658,0.013796991668641567,0.009628367610275745,0.017667455598711967,0.009166287258267403,0.033118028193712234,0.9421525597572327,0.009942768141627312
우두버 추천좀요,,버두버  제외 ㅇㅇ,"ㅇㅇ 2025.05.20 00:15:36
조회 39 추천 0 댓글 3",추천 0,조회 39,2025.05.20 00:15:36,https://gall.dcinside.com/mgallery/board/view/?id=skk&no=26413&page=5,0.018555860966444016,0.009056339040398598,0.00993059016764164,0.019362810999155045,0.012429281137883663,0.0084178876131773,0.013722868636250496,0.008678828366100788,0.03666902706027031,0.9286843538284302,0.007886923849582672
아배고파,,ㅁㅊ,"ㅇㅇ 2025.05.19 23:41:12
조회 31 추천 0 댓글 1",추천 0,조회 31,2025.05.19 23:41:12,https://gall.dcinside.com/mgallery/board/view/?id=skk&no=26412&page=5,0.009559949859976768,0.005958102643489838,0.007909427396953106,0.007906499318778515,0.008583063259720802,0.005875885486602783,0.008284488692879677,0.009359514340758324,0.3828961253166199,0.619364857673645,0.005650084465742111
학교에서 단체 메일 받은거 받는사람에,,"학교메일이 러브라이브인사람있네

설마","ㅇㅇ(106.101) 2025.05.19 23:18:09
조회 49 추천 0 댓글 9",추천 0,조회 49,2025.05.19 23:18:09,https://gall.dcinside.com/mgallery/board/view/?id=skk&no=26411&page=5,0.01810762844979763,0.0105137275531888,0.012665975838899612,0.01866326294839382,0.013224220834672451,0.009764346294105053,0.017850762233138084,0.008971605449914932,0.033124469220638275,0.9425564408302307,0.009420609101653099
방명록에 표식생김 ㄷㄷ,,무서웡,"ㅇㅇ 2025.05.19 23:02:59
조회 37 추천 0 댓글 2",추천 0,조회 37,2025.05.19 23:02:59,https://gall.dcinside.com/mgallery/board/view/?id=skk&no=26410&page=5,0.016843406483530998,0.010153916664421558,0.011466062627732754,0.01716124266386032,0.01291845366358757,0.00955429021269083,0.016339238733053207,0.008967787027359009,0.037808310240507126,0.9393156170845032,0.009036974050104618
여우수인학교를 다니고,,내 인생이 달라졌다,"성갤러(220.78) 2025.05.19 21:48:27
조회 34 추천 0 댓글 2",추천 0,조회 34,2025.05.19 21:48:27,https://gall.dcinside.com/mgallery/board/view/?id=skk&no=26409&page=5,0.015225483104586601,0.009797773323953152,0.010170334950089455,0.015166305005550385,0.012864753603935242,0.009232667274773121,0.01661105267703533,0.008578300476074219,0.04010799899697304,0.9325931072235107,0.008383216336369514
대위님,,떠러지심,"ㅇㅇ 2025.05.19 21:12:30
조회 50 추천 0 댓글 7",추천 0,조회 50,2025.05.19 21:12:30,https://gall.dcinside.com/mgallery/board/view/?id=skk&no=26408&page=5,0.02021569013595581,0.008137091062963009,0.010408594273030758,0.010164792649447918,0.008690692484378815,0.005592072382569313,0.008900111541152,0.008102340623736382,0.08302097022533417,0.878765344619751,0.0060843355022370815
나 < 인생망함,,살려줘,"Raps 2025.05.19 18:29:07
조회 57 추천 0 댓글 5",추천 0,조회 57,2025.05.19 18:29:07,https://gall.dcinside.com/mgallery/board/view/?id=skk&no=26407&page=6,0.015020342543721199,0.008974586613476276,0.010481616482138634,0.014415868557989597,0.011813521385192871,0.008606807328760624,0.014111430384218693,0.008584356866776943,0.04768666252493858,0.9267402291297913,0.008057093247771263
죄수전생 << 재미뗘,,재미뗘재미뗘,"ㅇㅇ(39.117) 2025.05.19 02:34:55
조회 42 추천 0 댓글 1",추천 0,조회 42,2025.05.19 02:34:55,https://gall.dcinside.com/mgallery/board/view/?id=skk&no=26406&page=6,0.015301217325031757,0.008771920576691628,0.00883441511541605,0.014469826593995094,0.01084296964108944,0.008727623149752617,0.01284750085324049,0.008018548600375652,0.04970909282565117,0.9150890111923218,0.007084259297698736
나 여론조사기관 취업할까,,"https://m.dcinside.com/board/loan_new1/13193828
 토론회 기념 잘한 사람 한명 뽑는 사람 선착순 세명 1콩씩 - 대출 갤러리
띱
m.dcinside.com


여론조사 이렇게하는거아닌가요","ㅇㅇ(106.101) 2025.05.18 23:58:31
조회 42 추천 0 댓글 0",추천 0,조회 42,2025.05.18 23:58:31,https://gall.dcinside.com/mgallery/board/view/?id=skk&no=26405&page=6,0.01466495729982853,0.006968169007450342,0.009733535349369049,0.01259706076234579,0.008821346797049046,0.008968070149421692,0.01015507709234953,0.009239496663212776,0.06396309286355972,0.8830242156982422,0.006449938751757145
토론보는데,,"https://youtu.be/pqxmY3y1dJ8

이거 원툴인 사람이 있는데요
양자택일 극단적이야~","성갤러(220.78) 2025.05.18 21:50:19
조회 49 추천 0 댓글 2",추천 0,조회 49,2025.05.18 21:50:19,https://gall.dcinside.com/mgallery/board/view/?id=skk&no=26404&page=6,0.018216127529740334,0.01160313468426466,0.014144234359264374,0.0223346296697855,0.01020303275436163,0.008051763288676739,0.012954999692738056,0.007939394563436508,0.03633108362555504,0.9245281219482422,0.008576893247663975
돈카츠먹는겸가요,,,"ㅇㅇ(106.101) 2025.05.17 22:50:39
조회 40 추천 0 댓글 4",추천 0,조회 40,2025.05.17 22:50:39,https://gall.dcinside.com/mgallery/board/view/?id=skk&no=26403&page=6,0.0,0.0,0.0,0.0,0.0,0.0,0.0,0.0,0.0,0.0,0.0
검색해서 넘어오네,,잘못했어요,"Raps 2025.05.17 18:20:42
조회 53 추천 0 댓글 4",추천 0,조회 53,2025.05.17 18:20:42,https://gall.dcinside.com/mgallery/board/view/?id=skk&no=26402&page=6,0.018809538334608078,0.011559685692191124,0.013228429481387138,0.01887969672679901,0.01379811018705368,0.009925691410899162,0.01842275634407997,0.009650513529777527,0.03265859931707382,0.9457849264144897,0.010143526829779148
라면먹는겸가요,,,"성갤러(220.78) 2025.05.17 13:52:18
조회 29 추천 0 댓글 0",추천 0,조회 29,2025.05.17 13:52:18,https://gall.dcinside.com/mgallery/board/view/?id=skk&no=26401&page=6,0.0,0.0,0.0,0.0,0.0,0.0,0.0,0.0,0.0,0.0,0.0
qwer,,가렌콤보,"ㅇㅇ 2025.05.17 12:02:09
조회 46 추천 0 댓글 1",추천 0,조회 46,2025.05.17 12:02:09,https://gall.dcinside.com/mgallery/board/view/?id=skk&no=26400&page=6,0.019055845215916634,0.012165333144366741,0.01255662739276886,0.019577646628022194,0.013185990042984486,0.009796587750315666,0.018744591623544693,0.008939631283283234,0.030520372092723846,0.9433870315551758,0.00974294263869524
사울구경갈사람,,아님말고,"ㅇㅇ(106.101) 2025.05.17 12:00:24
조회 47 추천 0 댓글 4",추천 0,조회 47,2025.05.17 12:00:24,https://gall.dcinside.com/mgallery/board/view/?id=skk&no=26399&page=6,0.014085317961871624,0.008478882722556591,0.01017675455659628,0.014128688722848892,0.011333918198943138,0.008256278932094574,0.013315183110535145,0.008802700787782669,0.05033790320158005,0.9212514758110046,0.007474437355995178
어떻게 캐릭터 이름이,,귤복복 ㅋㅋㅋ,"ㅇㅇ(39.117) 2025.05.17 01:15:33
조회 47 추천 0 댓글 2",추천 0,조회 47,2025.05.17 01:15:33,https://gall.dcinside.com/mgallery/board/view/?id=skk&no=26397&page=6,0.015292498283088207,0.00990557111799717,0.01079363189637661,0.019284872338175774,0.011960546486079693,0.009099097922444344,0.01470988616347313,0.008490929380059242,0.037492312490940094,0.931219756603241,0.008434134535491467
외팔이햄 나름 열심히 하네,,갑자기 호감됨,"ㅇㅇ(106.101) 2025.05.16 17:51:13
조회 33 추천 0 댓글 1",추천 0,조회 33,2025.05.16 17:51:13,https://gall.dcinside.com/mgallery/board/view/?id=skk&no=26396&page=6,0.01648760214447975,0.011439662426710129,0.013337874785065651,0.021070512011647224,0.014677378349006176,0.010997600853443146,0.018943818286061287,0.008776340633630753,0.03131300210952759,0.9457809329032898,0.010252153500914574
100만넘는 유튜바도 몸또걸리노 ㅅㅂㅋㅋㅋ,,평소에 인터넷도 좀 하고 그래야 몸또같은거 안걸리지 ㅉㅉ,"Raps 2025.05.16 02:53:56
조회 63 추천 0 댓글 1",추천 0,조회 63,2025.05.16 02:53:56,https://gall.dcinside.com/mgallery/board/view/?id=skk&no=26395&page=6,0.012272916734218597,0.007813012227416039,0.007515256758779287,0.005689218640327454,0.010151708498597145,0.0045127649791538715,0.008383417502045631,0.011613589711487293,0.40398314595222473,0.6246368885040283,0.005545215681195259
애플워치 기능이뭐임,,왜 차는거임,"ㅇㅇ 2025.05.16 00:39:43
조회 124 추천 0 댓글 4",추천 0,조회 124,2025.05.16 00:39:43,https://gall.dcinside.com/mgallery/board/view/?id=skk&no=26394&page=6,0.015453203581273556,0.00808641780167818,0.011505421251058578,0.013167736120522022,0.011101959273219109,0.007673920132219791,0.014068183489143848,0.008560661226511002,0.050224669277668,0.9206454157829285,0.007515412755310535
요즘듣는거,,?si=4NLoDaLxcOMBtufZ,"ㅇㅇ(39.117) 2025.05.15 23:39:31
조회 36 추천 0 댓글 1",추천 0,조회 36,2025.05.15 23:39:31,https://gall.dcinside.com/mgallery/board/view/?id=skk&no=26393&page=6,0.016898658126592636,0.00984601117670536,0.011642723344266415,0.016911843791604042,0.009972642175853252,0.006878644693642855,0.012778169475495815,0.008287646807730198,0.04051152616739273,0.9159157872200012,0.0072649819776415825
요새 스우 << 호감이네,,,"성갤러(220.78) 2025.05.15 00:46:58
조회 48 추천 0 댓글 4",추천 0,조회 48,2025.05.15 00:46:58,https://gall.dcinside.com/mgallery/board/view/?id=skk&no=26391&page=6,0.0,0.0,0.0,0.0,0.0,0.0,0.0,0.0,0.0,0.0,0.0
축제,,축제아님,"ㅇㅇ(106.101) 2025.05.14 23:22:23
조회 32 추천 0 댓글 0",추천 0,조회 32,2025.05.14 23:22:23,https://gall.dcinside.com/mgallery/board/view/?id=skk&no=26390&page=6,0.013281116262078285,0.007512941956520081,0.01450707670301199,0.012155922129750252,0.010878977365791798,0.008681007660925388,0.01493023056536913,0.008204115554690361,0.04684397578239441,0.9125038981437683,0.007421004120260477
준스기 무슨 부산 유세하면서 야구장 타령이노,,똥푸산은 공기업 빼면 취직할 회사가 없다고,"Raps 2025.05.14 21:03:17
조회 60 추천 0 댓글 4",추천 0,조회 60,2025.05.14 21:03:17,https://gall.dcinside.com/mgallery/board/view/?id=skk&no=26389&page=6,0.01675708033144474,0.01693563722074032,0.02042258158326149,0.12595292925834656,0.033723268657922745,0.846897542476654,0.014928407035768032,0.050189681351184845,0.02334660477936268,0.08224494755268097,0.017206018790602684
"폐토너, 카드 << 이거 실제로 오는거임??",,궁금스,"Raps 2025.05.14 13:24:59
조회 76 추천 0 댓글 9",추천 0,조회 76,2025.05.14 13:24:59,https://gall.dcinside.com/mgallery/board/view/?id=skk&no=26388&page=6,0.016257453709840775,0.011074546724557877,0.012135474011301994,0.018884554505348206,0.013631562702357769,0.010327128693461418,0.018037132918834686,0.009051504544913769,0.034650564193725586,0.9431942105293274,0.009763745591044426
어질어질하네,,,"ㅇㅇ(106.101) 2025.05.14 12:57:28
조회 55 추천 1 댓글 4",추천 1,조회 55,2025.05.14 12:57:28,https://gall.dcinside.com/mgallery/board/view/?id=skk&no=26387&page=6,0.0,0.0,0.0,0.0,0.0,0.0,0.0,0.0,0.0,0.0,0.0
놀놀,,자자,"ㅇㅇ(106.101) 2025.05.13 18:27:45
조회 42 추천 0 댓글 4",추천 0,조회 42,2025.05.13 18:27:45,https://gall.dcinside.com/mgallery/board/view/?id=skk&no=26385&page=6,0.018052799627184868,0.011827210895717144,0.012875698506832123,0.0181887224316597,0.013052184134721756,0.009367064572870731,0.018043899908661842,0.008972822688519955,0.03339957445859909,0.9411165118217468,0.00971505232155323
짐승같이 살아야겠다,,짐승합격,"Raps 2025.05.13 11:52:48
조회 53 추천 0 댓글 4",추천 0,조회 53,2025.05.13 11:52:48,https://gall.dcinside.com/mgallery/board/view/?id=skk&no=26384&page=6,0.014856591820716858,0.04258214682340622,0.04736071825027466,0.008912150748074055,0.010996009223163128,0.015424739569425583,0.015364844352006912,0.1732543557882309,0.776728093624115,0.03675016760826111,0.009844671934843063
이제 사람같이 살아야지,,인생을 너무 낭비했다,"Raps 2025.05.13 03:29:08
조회 42 추천 0 댓글 2",추천 0,조회 42,2025.05.13 03:29:08,https://gall.dcinside.com/mgallery/board/view/?id=skk&no=26383&page=6,0.013701999559998512,0.008019342087209225,0.008663350716233253,0.010198296047747135,0.010185299441218376,0.00677892379462719,0.011193453334271908,0.008370314724743366,0.07445874810218811,0.8926034569740295,0.006573630962520838
성우도 다 무쌩김,,네,"ㅇㅇ 2025.05.13 00:56:58
조회 24 추천 0 댓글 0",추천 0,조회 24,2025.05.13 00:56:58,https://gall.dcinside.com/mgallery/board/view/?id=skk&no=26382&page=6,0.01709587499499321,0.011025809682905674,0.012766187079250813,0.01895168237388134,0.013483774848282337,0.009514600038528442,0.017748504877090454,0.009025933220982552,0.034722700715065,0.9419898390769958,0.009805353358387947
놀자이자이자슥아,,네,"ㅇㅇ 2025.05.12 23:18:27
조회 34 추천 0 댓글 3",추천 0,조회 34,2025.05.12 23:18:27,https://gall.dcinside.com/mgallery/board/view/?id=skk&no=26381&page=6,0.01709587499499321,0.011025809682905674,0.012766187079250813,0.01895168237388134,0.013483774848282337,0.009514600038528442,0.017748504877090454,0.009025933220982552,0.034722700715065,0.9419898390769958,0.009805353358387947
놀장께?,,네,"ㅇㅇ 2025.05.12 21:38:40
조회 33 추천 0 댓글 3",추천 0,조회 33,2025.05.12 21:38:40,https://gall.dcinside.com/mgallery/board/view/?id=skk&no=26380&page=6,0.01709587499499321,0.011025809682905674,0.012766187079250813,0.01895168237388134,0.013483774848282337,0.009514600038528442,0.017748504877090454,0.009025933220982552,0.034722700715065,0.9419898390769958,0.009805353358387947
새로 올라온 뮤비 보는데,,"그림 한장가지고 끝까지 우려먹네
원래그런거임?","ㅇㅇ(106.101) 2025.05.12 20:49:27
조회 24 추천 0 댓글 2",추천 0,조회 24,2025.05.12 20:49:27,https://gall.dcinside.com/mgallery/board/view/?id=skk&no=26379&page=6,0.010156288743019104,0.007474055513739586,0.008471466600894928,0.008226724341511726,0.007461984641849995,0.00797949731349945,0.00846188236027956,0.012331599369645119,0.6412718892097473,0.36709511280059814,0.005852404050529003
아아,,심심하도다,"ㅇㅇ(106.101) 2025.05.12 19:41:21
조회 30 추천 0 댓글 4",추천 0,조회 30,2025.05.12 19:41:21,https://gall.dcinside.com/mgallery/board/view/?id=skk&no=26378&page=6,0.014986924827098846,0.010454406030476093,0.011521728709340096,0.018680311739444733,0.013915118761360645,0.010454641655087471,0.019102318212389946,0.008911892771720886,0.03567289933562279,0.9412673711776733,0.009467897936701775
통신학교 아이돌은머야,,무리수오지네,"ㅇㅇ 2025.05.12 14:08:01
조회 39 추천 0 댓글 2",추천 0,조회 39,2025.05.12 14:08:01,https://gall.dcinside.com/mgallery/board/view/?id=skk&no=26377&page=6,0.01231325976550579,0.008733673021197319,0.009709572419524193,0.011053098365664482,0.009445324540138245,0.007534140720963478,0.01109481230378151,0.008162797428667545,0.07760998606681824,0.9005941152572632,0.006873210426419973
닫는노래,,https://www.youtube.com/watch?v=PrkZ-FcUW-k,"ㅇㅇ(106.101) 2025.05.12 03:04:28
조회 27 추천 0 댓글 0",추천 0,조회 27,2025.05.12 03:04:28,https://gall.dcinside.com/mgallery/board/view/?id=skk&no=26376&page=6,0.01412071380764246,0.00805575866252184,0.0122983418405056,0.015265041962265968,0.008786169812083244,0.006422693375498056,0.009840034879744053,0.0081393513828516,0.0665905550122261,0.898427426815033,0.007009050343185663
그냥 무난한데,,2명이서 100개 질문하는 그사람들맞죠?,"성갤러(220.78) 2025.05.12 00:07:43
조회 32 추천 0 댓글 2",추천 0,조회 32,2025.05.12 00:07:43,https://gall.dcinside.com/mgallery/board/view/?id=skk&no=26375&page=6,0.015018676407635212,0.008433026261627674,0.009862536564469337,0.013818022795021534,0.010886517353355885,0.0085035040974617,0.012663858942687511,0.008692200295627117,0.04932061955332756,0.9183842539787292,0.007318869698792696
근책하실분,,네,"ㅇㅇ 2025.05.11 21:57:52
조회 51 추천 0 댓글 12",추천 0,조회 51,2025.05.11 21:57:52,https://gall.dcinside.com/mgallery/board/view/?id=skk&no=26374&page=6,0.01709587499499321,0.011025809682905674,0.012766187079250813,0.01895168237388134,0.013483774848282337,0.009514600038528442,0.017748504877090454,0.009025933220982552,0.034722700715065,0.9419898390769958,0.009805353358387947
로스트소드 << 이거 괜찮은거 같은데,,방치형인데 가슴이 큼,"성갤러(220.78) 2025.05.11 04:57:01
조회 36 추천 1 댓글 2",추천 1,조회 36,2025.05.11 04:57:01,https://gall.dcinside.com/mgallery/board/view/?id=skk&no=26373&page=6,0.017788542434573174,0.011415992863476276,0.012620176188647747,0.020153434947133064,0.013959948904812336,0.009906366467475891,0.01793026179075241,0.009467747062444687,0.03259197995066643,0.9452096223831177,0.009710626676678658
안씻고 하루종일 게임하는 사람에서,,하루종일 게임하다가 씻고 다시 게임하는 사람됨,"성갤러(220.78) 2025.05.11 02:05:20
조회 35 추천 0 댓글 5",추천 0,조회 35,2025.05.11 02:05:20,https://gall.dcinside.com/mgallery/board/view/?id=skk&no=26372&page=6,0.018048839643597603,0.00837783794850111,0.011541447602212429,0.01349366083741188,0.012204102240502834,0.006616176571696997,0.011410316452383995,0.008241213858127594,0.048087265342473984,0.9120194315910339,0.007103598210960627
내일 6세대나옴,,네,"ㅇㅇ 2025.05.11 01:10:22
조회 61 추천 0 댓글 22",추천 0,조회 61,2025.05.11 01:10:22,https://gall.dcinside.com/mgallery/board/view/?id=skk&no=26371&page=6,0.01709587499499321,0.011025809682905674,0.012766187079250813,0.01895168237388134,0.013483774848282337,0.009514600038528442,0.017748504877090454,0.009025933220982552,0.034722700715065,0.9419898390769958,0.009805353358387947
게이밍 태블릿살건데,,모바일 게임을 안함,"ㅇㅇ 2025.05.11 00:30:14
조회 30 추천 0 댓글 1",추천 0,조회 30,2025.05.11 00:30:14,https://gall.dcinside.com/mgallery/board/view/?id=skk&no=26370&page=6,0.01803910918533802,0.009710925631225109,0.01047893613576889,0.017692632973194122,0.012063641101121902,0.008581776171922684,0.015079857781529427,0.008657709695398808,0.03551088646054268,0.9305254817008972,0.008161152713000774
놀자,,제발놀아줘,"ㅇㅇ(106.101) 2025.05.10 23:29:43
조회 35 추천 0 댓글 8",추천 0,조회 35,2025.05.10 23:29:43,https://gall.dcinside.com/mgallery/board/view/?id=skk&no=26369&page=6,0.014513397589325905,0.008389565162360668,0.011296303942799568,0.015550456941127777,0.011926957406103611,0.008198038674890995,0.014139079488813877,0.008442318066954613,0.046459686011075974,0.9250006675720215,0.007894482463598251
줘깥네,,ㅇㅇ,"ㅇㅇ 2025.05.10 21:57:11
조회 40 추천 0 댓글 7",추천 0,조회 40,2025.05.10 21:57:11,https://gall.dcinside.com/mgallery/board/view/?id=skk&no=26368&page=6,0.018820608034729958,0.010875094681978226,0.012896954081952572,0.0193681251257658,0.013796991668641567,0.009628367610275745,0.017667455598711967,0.009166287258267403,0.033118028193712234,0.9421525597572327,0.009942768141627312
피프티피프티 << 3명 도망갔는데도 타격 없음 ㅋㅋ,,어차피 누가 누군지 모른다는거임,"Raps 2025.05.10 21:48:30
조회 84 추천 3 댓글 4",추천 3,조회 84,2025.05.10 21:48:30,https://gall.dcinside.com/mgallery/board/view/?id=skk&no=26367&page=6,0.015945423394441605,0.009675753302872181,0.012235263362526894,0.015758994966745377,0.012667907401919365,0.008497841656208038,0.015317902900278568,0.00893425103276968,0.04333013668656349,0.9363479018211365,0.008737673982977867
치킨먹을까요,,네ㅐ,"ㅇㅇ 2025.05.10 21:01:03
조회 46 추천 0 댓글 9",추천 0,조회 46,2025.05.10 21:01:03,https://gall.dcinside.com/mgallery/board/view/?id=skk&no=26366&page=6,0.013799900189042091,0.007598220836371183,0.009628263302147388,0.010993804782629013,0.010585370473563671,0.006519246380776167,0.01077959407120943,0.008352088741958141,0.07447490096092224,0.8943235278129578,0.00675969710573554
은근 재밌는 똥만화,,시간정지용사,"ㅇㅇ(39.117) 2025.05.10 20:27:27
조회 45 추천 0 댓글 2",추천 0,조회 45,2025.05.10 20:27:27,https://gall.dcinside.com/mgallery/board/view/?id=skk&no=26365&page=6,0.014727824367582798,0.009943025186657906,0.012153745628893375,0.016164297237992287,0.013180896639823914,0.009890804067254066,0.016140593215823174,0.008877810090780258,0.038386598229408264,0.9352024793624878,0.008953110314905643
카나데 후지산 富地山라고 썻네,,,"ㅇㅇ(106.101) 2025.05.10 19:31:50
조회 43 추천 0 댓글 2",추천 0,조회 43,2025.05.10 19:31:50,https://gall.dcinside.com/mgallery/board/view/?id=skk&no=26364&page=6,0.0,0.0,0.0,0.0,0.0,0.0,0.0,0.0,0.0,0.0,0.0
놀자고?,,뭐허고,"ㅇㅇ 2025.05.10 19:13:14
조회 30 추천 0 댓글 5",추천 0,조회 30,2025.05.10 19:13:14,https://gall.dcinside.com/mgallery/board/view/?id=skk&no=26363&page=6,0.009252636693418026,0.005716592073440552,0.008148787543177605,0.009084192104637623,0.00889738742262125,0.0069455476477742195,0.010192184709012508,0.008907847106456757,0.17433005571365356,0.8070892691612244,0.005694067571312189
지듣노,,"https://youtube.com/watch?v=IiCKMyNuFYc
 【オリジナル】海底↓トランスミッション【火閻まどか/めがらいと】
声を大にして言いますが、ワニ専用ドライバーになります！！海底↓トランスミッションVocal：火閻まどかMusic：火閻まどかLyric：火閻まどかIllust：めがらいとMovie：めがらいとMix：めがらいとProduce ：めがらいとーーーーーーーーーーーーーー真夜中にぱっと おやすみのぽっぷす海月の傘は 雨...
youtube.com
운듣노","Raps 2025.05.10 17:18:25
조회 37 추천 1 댓글 5",추천 1,조회 37,2025.05.10 17:18:25,https://gall.dcinside.com/mgallery/board/view/?id=skk&no=26362&page=6,0.03379989042878151,0.006305783987045288,0.04148848354816437,0.007634398993104696,0.00770550686866045,0.0051540532149374485,0.008382949978113174,0.0420038066804409,0.5919292569160461,0.18995177745819092,0.006388100329786539
놀자,,자놀,"ㅇㅇ(106.101) 2025.05.10 16:09:59
조회 38 추천 0 댓글 10",추천 0,조회 38,2025.05.10 16:09:59,https://gall.dcinside.com/mgallery/board/view/?id=skk&no=26361&page=6,0.020756058394908905,0.14238481223583221,0.012227952480316162,0.006298550870269537,0.005323000252246857,0.004921861458569765,0.006948232650756836,0.010469709523022175,0.2539111077785492,0.4773879647254944,0.005864067934453487
학원마스 큰거온다,,https://www.youtube.com/watch?v=SPXHpau0jJI,"ㅇㅇ(106.101) 2025.05.09 22:47:02
조회 47 추천 0 댓글 4",추천 0,조회 47,2025.05.09 22:47:02,https://gall.dcinside.com/mgallery/board/view/?id=skk&no=26360&page=6,0.01757502183318138,0.00704265246167779,0.011356284841895103,0.015562077052891254,0.008338391780853271,0.00537786353379488,0.009715708903968334,0.009121697396039963,0.07501344382762909,0.888903021812439,0.006818873342126608
아니,,디시광고 애드가드로 안막혀,"ㅇㅇ(106.101) 2025.05.09 19:17:48
조회 37 추천 0 댓글 2",추천 0,조회 37,2025.05.09 19:17:48,https://gall.dcinside.com/mgallery/board/view/?id=skk&no=26359&page=6,0.015537644736468792,0.00783525500446558,0.009211101569235325,0.015613379888236523,0.011876510456204414,0.008954621851444244,0.014346439391374588,0.008501534350216389,0.044424206018447876,0.9208968877792358,0.007362827658653259
와츄고나두 << 이거뭐냐,,https://www.youtube.com/watch?v=7hxVVU4zGuo,"ㅇㅇ(106.101) 2025.05.09 03:06:41
조회 34 추천 0 댓글 3",추천 0,조회 34,2025.05.09 03:06:41,https://gall.dcinside.com/mgallery/board/view/?id=skk&no=26358&page=6,0.014543156139552593,0.007564364932477474,0.01249313447624445,0.015072169713675976,0.009306315332651138,0.006302109453827143,0.011065860278904438,0.008141441270709038,0.06068967282772064,0.9013805389404297,0.007024865131825209
짹쮸,,네,"ㅇㅇ 2025.05.08 21:08:25
조회 23 추천 0 댓글 0",추천 0,조회 23,2025.05.08 21:08:25,https://gall.dcinside.com/mgallery/board/view/?id=skk&no=26357&page=6,0.01709587499499321,0.011025809682905674,0.012766187079250813,0.01895168237388134,0.013483774848282337,0.009514600038528442,0.017748504877090454,0.009025933220982552,0.034722700715065,0.9419898390769958,0.009805353358387947
대댓글 ㄴㄴ << 이거 이제 안써도 되네,,네,"성갤러(220.78) 2025.05.08 20:58:43
조회 48 추천 0 댓글 6",추천 0,조회 48,2025.05.08 20:58:43,https://gall.dcinside.com/mgallery/board/view/?id=skk&no=26356&page=6,0.01709587499499321,0.011025809682905674,0.012766187079250813,0.01895168237388134,0.013483774848282337,0.009514600038528442,0.017748504877090454,0.009025933220982552,0.034722700715065,0.9419898390769958,0.009805353358387947
얼리버드기상,,같이가,"Raps 2025.05.08 18:21:50
조회 50 추천 0 댓글 4",추천 0,조회 50,2025.05.08 18:21:50,https://gall.dcinside.com/mgallery/board/view/?id=skk&no=26355&page=6,0.016268698498606682,0.0100614745169878,0.012583882547914982,0.01787162385880947,0.01311325840651989,0.009804700501263142,0.016894277185201645,0.009158573113381863,0.03513624519109726,0.9383329153060913,0.009127400815486908
배고파죽겟,,다,"ㅇㅇ(106.101) 2025.05.08 18:01:26
조회 31 추천 0 댓글 5",추천 0,조회 31,2025.05.08 18:01:26,https://gall.dcinside.com/mgallery/board/view/?id=skk&no=26354&page=7,0.017533214762806892,0.011155042797327042,0.012068615294992924,0.017721043899655342,0.01314652431756258,0.008970435708761215,0.017509985715150833,0.008972051553428173,0.03635689988732338,0.9404543042182922,0.009523790329694748
가?,,나?,"ㅇㅇ(106.101) 2025.05.08 16:27:13
조회 27 추천 0 댓글 1",추천 0,조회 27,2025.05.08 16:27:13,https://gall.dcinside.com/mgallery/board/view/?id=skk&no=26353&page=7,0.018097052350640297,0.011546099558472633,0.01299619022756815,0.01915151998400688,0.014358109794557095,0.010528410784900188,0.019251788035035133,0.009306714870035648,0.032023727893829346,0.9462536573410034,0.010161141864955425
단 오늘은 제외,,점심을너무늦게먹음,"Raps 2025.05.07 18:54:06
조회 37 추천 0 댓글 2",추천 0,조회 37,2025.05.07 18:54:06,https://gall.dcinside.com/mgallery/board/view/?id=skk&no=26352&page=7,0.01660550758242607,0.008842100389301777,0.010615122504532337,0.015808245167136192,0.014063171111047268,0.009514061734080315,0.01523494441062212,0.00853707455098629,0.03917710855603218,0.9306936264038086,0.008273233659565449
랩가가,,랩스가면간다는뜻,"ㅇㅇ(106.101) 2025.05.07 17:48:43
조회 27 추천 0 댓글 1",추천 0,조회 27,2025.05.07 17:48:43,https://gall.dcinside.com/mgallery/board/view/?id=skk&no=26351&page=7,0.017382318153977394,0.012232296168804169,0.012906438671052456,0.02363085001707077,0.015010389499366283,0.010658437386155128,0.02059173956513405,0.009105575270950794,0.028311481699347496,0.9470464587211609,0.010591250844299793
오늘갈까,,아님말고,"성갤러(115.145) 2025.05.07 15:02:03
조회 49 추천 0 댓글 2",추천 0,조회 49,2025.05.07 15:02:03,https://gall.dcinside.com/mgallery/board/view/?id=skk&no=26350&page=7,0.014085317961871624,0.008478882722556591,0.01017675455659628,0.014128688722848892,0.011333918198943138,0.008256278932094574,0.013315183110535145,0.008802700787782669,0.05033790320158005,0.9212514758110046,0.007474437355995178
언제가요 그래서,,네,"ㅇㅇ 2025.05.07 01:32:11
조회 34 추천 0 댓글 2",추천 0,조회 34,2025.05.07 01:32:11,https://gall.dcinside.com/mgallery/board/view/?id=skk&no=26349&page=7,0.01709587499499321,0.011025809682905674,0.012766187079250813,0.01895168237388134,0.013483774848282337,0.009514600038528442,0.017748504877090454,0.009025933220982552,0.034722700715065,0.9419898390769958,0.009805353358387947
하꼬 버튜버를 보고싶다,,그런 밤이네요,"성갤러(220.78) 2025.05.06 23:11:27
조회 33 추천 0 댓글 2",추천 0,조회 33,2025.05.06 23:11:27,https://gall.dcinside.com/mgallery/board/view/?id=skk&no=26348&page=7,0.016973134130239487,0.011375079862773418,0.011581744998693466,0.01976436749100685,0.014401592314243317,0.010808054357767105,0.01922076754271984,0.009133756160736084,0.03199975937604904,0.9452101588249207,0.009966867044568062
근데 부숯갈 너무비싸,,네,"ㅇㅇ 2025.05.06 22:23:00
조회 49 추천 1 댓글 8",추천 1,조회 49,2025.05.06 22:23:00,https://gall.dcinside.com/mgallery/board/view/?id=skk&no=26347&page=7,0.01709587499499321,0.011025809682905674,0.012766187079250813,0.01895168237388134,0.013483774848282337,0.009514600038528442,0.017748504877090454,0.009025933220982552,0.034722700715065,0.9419898390769958,0.009805353358387947
복귀완,,한달만 참으면 종강 ㅅㅅ,"Raps 2025.05.06 20:02:32
조회 31 추천 0 댓글 2",추천 0,조회 31,2025.05.06 20:02:32,https://gall.dcinside.com/mgallery/board/view/?id=skk&no=26346&page=7,0.014347990043461323,0.009140754118561745,0.009831690229475498,0.014124484732747078,0.012993359938263893,0.008375251665711403,0.01414711307734251,0.008276696316897869,0.045648615807294846,0.9203636050224304,0.007584260776638985
와 오랜만에 햄부거먹엇는데,,패티의 기름진 맛 정신나가겟네,"ㅇㅇ(106.101) 2025.05.06 15:36:32
조회 30 추천 1 댓글 2",추천 1,조회 30,2025.05.06 15:36:32,https://gall.dcinside.com/mgallery/board/view/?id=skk&no=26345&page=7,0.09141064435243607,0.009483653120696545,0.013352867215871811,0.007565854582935572,0.007459425833076239,0.0030925956089049578,0.0035507252905517817,0.014691777527332306,0.33345136046409607,0.3154298961162567,0.004154740367084742
어우졸려,,,"ㅇㅇ 2025.05.06 05:39:08
조회 27 추천 0 댓글 1",추천 0,조회 27,2025.05.06 05:39:08,https://gall.dcinside.com/mgallery/board/view/?id=skk&no=26344&page=7,0.0,0.0,0.0,0.0,0.0,0.0,0.0,0.0,0.0,0.0,0.0
놀자놀자놀자놀자놀자,,놀자놀자놀자놀자,"ㅇㅇ(106.101) 2025.05.04 22:22:32
조회 49 추천 0 댓글 8",추천 0,조회 49,2025.05.04 22:22:32,https://gall.dcinside.com/mgallery/board/view/?id=skk&no=26343&page=7,0.016662640497088432,0.0072358702309429646,0.013738326728343964,0.008759839460253716,0.008860934525728226,0.0063597094267606735,0.010858677327632904,0.007478364743292332,0.07439068704843521,0.8540276288986206,0.005390818230807781
놀.,,자.,"ㅇㅇ(106.101) 2025.05.04 13:04:20
조회 33 추천 0 댓글 4",추천 0,조회 33,2025.05.04 13:04:20,https://gall.dcinside.com/mgallery/board/view/?id=skk&no=26342&page=7,0.018605148419737816,0.012330697849392891,0.013878388330340385,0.014422833919525146,0.011624842882156372,0.008041311986744404,0.015239696949720383,0.008678508922457695,0.042076580226421356,0.9375484585762024,0.009141176007688046
Gpt로 프로젝트과제하는데 gpt는 그냥 신이구나,,사람은 병신이구나,"Raps 2025.05.04 02:03:06
조회 59 추천 0 댓글 4",추천 0,조회 59,2025.05.04 02:03:06,https://gall.dcinside.com/mgallery/board/view/?id=skk&no=26341&page=7,0.014286089688539505,0.012415281496942043,0.01893981546163559,0.007631809916347265,0.012847736477851868,0.012374889105558395,0.028142070397734642,0.06209540367126465,0.8819356560707092,0.05220721289515495,0.009439228102564812
아 부현숯불갈비 자취방 밑에있는 거기구나,,지나가면서봄,"Raps 2025.05.03 19:10:01
조회 56 추천 1 댓글 4",추천 1,조회 56,2025.05.03 19:10:01,https://gall.dcinside.com/mgallery/board/view/?id=skk&no=26340&page=7,0.016596874222159386,0.009801335632801056,0.01081241387873888,0.017641322687268257,0.013950126245617867,0.009780564345419407,0.014872590079903603,0.00833255797624588,0.03701013699173927,0.9347012042999268,0.008791154250502586
컨설턴트 갤러리 신설했습니다,,많이 찾아와주세요!,"컨설턴트 2025.05.03 13:17:22
조회 41 추천 0 댓글 1",추천 0,조회 41,2025.05.03 13:17:22,https://gall.dcinside.com/mgallery/board/view/?id=skk&no=26339&page=7,0.014330407604575157,0.010614050552248955,0.012294722720980644,0.019080592319369316,0.013388194143772125,0.010148100554943085,0.01792128011584282,0.008657054975628853,0.03733425587415695,0.9419859051704407,0.009802719578146935
그럼 내일 엉생가요,,네,"ㅇㅇ 2025.05.02 23:47:35
조회 59 추천 0 댓글 8",추천 0,조회 59,2025.05.02 23:47:35,https://gall.dcinside.com/mgallery/board/view/?id=skk&no=26338&page=7,0.01709587499499321,0.011025809682905674,0.012766187079250813,0.01895168237388134,0.013483774848282337,0.009514600038528442,0.017748504877090454,0.009025933220982552,0.034722700715065,0.9419898390769958,0.009805353358387947
부숯갈 가자고 2번말햇다,,ㅇㅇ,"ㅇㅇ 2025.05.02 22:29:25
조회 54 추천 0 댓글 6",추천 0,조회 54,2025.05.02 22:29:25,https://gall.dcinside.com/mgallery/board/view/?id=skk&no=26337&page=7,0.018820608034729958,0.010875094681978226,0.012896954081952572,0.0193681251257658,0.013796991668641567,0.009628367610275745,0.017667455598711967,0.009166287258267403,0.033118028193712234,0.9421525597572327,0.009942768141627312
아.,,,"성갤러(220.78) 2025.05.02 21:56:31
조회 40 추천 1 댓글 2",추천 1,조회 40,2025.05.02 21:56:31,https://gall.dcinside.com/mgallery/board/view/?id=skk&no=26336&page=7,0.0,0.0,0.0,0.0,0.0,0.0,0.0,0.0,0.0,0.0,0.0
해외주식 250제한 줘깥네,,개같네,"ㅇㅇ 2025.05.02 21:11:50
조회 45 추천 0 댓글 3",추천 0,조회 45,2025.05.02 21:11:50,https://gall.dcinside.com/mgallery/board/view/?id=skk&no=26335&page=7,0.014645181596279144,0.00859704427421093,0.01151159405708313,0.015162678435444832,0.009123253636062145,0.010342355817556381,0.013220066204667091,0.02327854186296463,0.8770391941070557,0.09490901231765747,0.00733054056763649
ㅋㅋㅋㅋㅋ어디잇는학교임,,공대 한 >>>>>> 서성,"성갤러(125.189) 2025.05.02 20:43:28
조회 49 추천 0 댓글 2",추천 0,조회 49,2025.05.02 20:43:28,https://gall.dcinside.com/mgallery/board/view/?id=skk&no=26334&page=7,0.029121242463588715,0.008578259497880936,0.013500606641173363,0.005559728946536779,0.007763099391013384,0.005416162312030792,0.005288217682391405,0.04030092433094978,0.5244074463844299,0.34085726737976074,0.005842907354235649
y704,,사줘,"ㅇㅇ 2025.05.02 15:06:39
조회 46 추천 0 댓글 4",추천 0,조회 46,2025.05.02 15:06:39,https://gall.dcinside.com/mgallery/board/view/?id=skk&no=26333&page=7,0.01602698117494583,0.010009837336838245,0.011548173613846302,0.017552444711327553,0.01210816390812397,0.00894421711564064,0.016128377988934517,0.008628440089523792,0.03894607722759247,0.9359481930732727,0.0087958425283432
작혼 << 이거해볼사람,,모집,"성갤러(220.78) 2025.05.02 00:19:33
조회 50 추천 0 댓글 4",추천 0,조회 50,2025.05.02 00:19:33,https://gall.dcinside.com/mgallery/board/view/?id=skk&no=26332&page=7,0.016765465959906578,0.010104881599545479,0.011951077729463577,0.014915707521140575,0.012938437052071095,0.009467348456382751,0.01664128713309765,0.009010915644466877,0.03853122517466545,0.9359905123710632,0.009034139104187489
에반데,,뭔 라멘집이 부대찌개면을팜?,"ㅇㅇ 2025.05.01 17:46:24
조회 46 추천 0 댓글 5",추천 0,조회 46,2025.05.01 17:46:24,https://gall.dcinside.com/mgallery/board/view/?id=skk&no=26331&page=7,0.022357922047376633,0.006294997874647379,0.006095964927226305,0.02733341045677662,0.008161380887031555,0.01023064460605383,0.011258400976657867,0.00658610463142395,0.059950049966573715,0.8388389945030212,0.006053830962628126
부현숯불갈비 갈,,사람구함,"ㅇㅇ 2025.05.01 17:19:17
조회 55 추천 0 댓글 6",추천 0,조회 55,2025.05.01 17:19:17,https://gall.dcinside.com/mgallery/board/view/?id=skk&no=26330&page=7,0.017008015885949135,0.010995184071362019,0.012964501976966858,0.019754329696297646,0.013726340606808662,0.010316305793821812,0.018391961231827736,0.009073290973901749,0.031816516071558,0.9436139464378357,0.00981044303625822
오늘저녁?,,닭라멘?,"ㅇㅇ 2025.05.01 17:02:29
조회 39 추천 0 댓글 3",추천 0,조회 39,2025.05.01 17:02:29,https://gall.dcinside.com/mgallery/board/view/?id=skk&no=26329&page=7,0.018382949754595757,0.009881936945021152,0.009519212879240513,0.02024146169424057,0.012459213845431805,0.010226087644696236,0.01764259673655033,0.0082826754078269,0.034432973712682724,0.9366610646247864,0.00857651699334383
와 진자 어질어질하네,,어디 구금되어야하는거아님?,"성갤러(220.78) 2025.05.01 06:46:39
조회 48 추천 0 댓글 5",추천 0,조회 48,2025.05.01 06:46:39,https://gall.dcinside.com/mgallery/board/view/?id=skk&no=26328&page=7,0.016788573935627937,0.010383600369095802,0.01244371011853218,0.018153116106987,0.01350913755595684,0.010491279885172844,0.01719806343317032,0.00929577462375164,0.03590277209877968,0.9435722231864929,0.00966824870556593
후즈가 갔어..,,..,"ㅇㅇ(106.101) 2025.05.01 00:03:04
조회 44 추천 0 댓글 0",추천 0,조회 44,2025.05.01 00:03:04,https://gall.dcinside.com/mgallery/board/view/?id=skk&no=26327&page=7,0.01704217866063118,0.010831071063876152,0.01268888171762228,0.01782488077878952,0.01316321361809969,0.009971041232347488,0.017656121402978897,0.0090562142431736,0.03546392172574997,0.9407474398612976,0.009642241522669792
님아 거기 영업하는데이제,,갈까?,"ㅇㅇ(106.101) 2025.04.30 15:02:14
조회 48 추천 0 댓글 5",추천 0,조회 48,2025.04.30 15:02:14,https://gall.dcinside.com/mgallery/board/view/?id=skk&no=26326&page=7,0.01538177765905857,0.009271218441426754,0.011069356463849545,0.01550865639001131,0.012470006011426449,0.009138478897511959,0.015505830757319927,0.008723638951778412,0.042274098843336105,0.9321885108947754,0.008493158034980297
놀자,,go,"성갤러(183.99) 2025.04.29 21:49:49
조회 37 추천 0 댓글 0",추천 0,조회 37,2025.04.29 21:49:49,https://gall.dcinside.com/mgallery/board/view/?id=skk&no=26325&page=7,0.01666642352938652,0.009440943598747253,0.011057007126510143,0.019913969561457634,0.013430282473564148,0.009636500850319862,0.01728999800980091,0.008838512003421783,0.03476101532578468,0.938885509967804,0.009128225035965443
힘든 인생,,끝이 안보이는구만,"ㅇㅇ(211.234) 2025.04.28 23:52:03
조회 34 추천 0 댓글 0",추천 0,조회 34,2025.04.28 23:52:03,https://gall.dcinside.com/mgallery/board/view/?id=skk&no=26324&page=7,0.01142705138772726,0.007347060367465019,0.009062040597200394,0.010282437317073345,0.00953463651239872,0.007139367051422596,0.011179691180586815,0.007560225203633308,0.0896897092461586,0.8801028728485107,0.00658156955614686
아오기리 고교 << 이거 약간,,틀어놓을만하네,"성갤러(183.99) 2025.04.28 02:23:25
조회 55 추천 0 댓글 4",추천 0,조회 55,2025.04.28 02:23:25,https://gall.dcinside.com/mgallery/board/view/?id=skk&no=26323&page=7,0.013509525917470455,0.007819277234375477,0.009598073549568653,0.010608899407088757,0.009732500649988651,0.007349917199462652,0.010399659164249897,0.007953227497637272,0.07002051174640656,0.890690803527832,0.006438983604311943
버튜버 졸업?,,"기다리면 되잖아
기다리면 다시 오잖아","Raps 2025.04.26 17:41:13
조회 65 추천 0 댓글 2",추천 0,조회 65,2025.04.26 17:41:13,https://gall.dcinside.com/mgallery/board/view/?id=skk&no=26322&page=7,0.015291434712707996,0.009816215373575687,0.01156600285321474,0.017601825296878815,0.013040592893958092,0.009982557967305183,0.017034024000167847,0.008573710918426514,0.037261370569467545,0.937653660774231,0.00906756054610014
후즈가간대..,,,"ㅇㅇ(106.101) 2025.04.25 09:44:20
조회 69 추천 0 댓글 2",추천 0,조회 69,2025.04.25 09:44:20,https://gall.dcinside.com/mgallery/board/view/?id=skk&no=26321&page=7,0.0,0.0,0.0,0.0,0.0,0.0,0.0,0.0,0.0,0.0,0.0
실종사건!,,빨래돌렷는데 양말1짝 사라짐,"ㅇㅇ 2025.04.23 22:55:16
조회 39 추천 0 댓글 2",추천 0,조회 39,2025.04.23 22:55:16,https://gall.dcinside.com/mgallery/board/view/?id=skk&no=26320&page=7,0.02137901447713375,0.008952817879617214,0.009658372960984707,0.008658680133521557,0.006304559297859669,0.006189716048538685,0.005513946991413832,0.008933888748288155,0.5147291421890259,0.4517296552658081,0.004788040649145842
별의커비 울트라슈퍼디럭스 다시하고싶다,,플레이영상보면서 추억덜덜루하는중,"성갤러(14.33) 2025.04.23 21:52:05
조회 32 추천 0 댓글 3",추천 0,조회 32,2025.04.23 21:52:05,https://gall.dcinside.com/mgallery/board/view/?id=skk&no=26319&page=7,0.01633128710091114,0.010791814886033535,0.010833394713699818,0.018278811126947403,0.013821878470480442,0.009354157373309135,0.01620074361562729,0.008698481135070324,0.03619922325015068,0.9383341670036316,0.00885850191116333
오블리비언 << 리마나왔네,,쉰내나서 안했는데 존나 깔끔해졌노,"Raps 2025.04.23 20:48:03
조회 36 추천 0 댓글 3",추천 0,조회 36,2025.04.23 20:48:03,https://gall.dcinside.com/mgallery/board/view/?id=skk&no=26318&page=7,0.024836797267198563,0.17605720460414886,0.021343670785427094,0.0178288035094738,0.8467692136764526,0.03709658235311508,0.03142709285020828,0.04065826162695885,0.05374655872583389,0.053631871938705444,0.027493389323353767
놀자요,,네,"ㅇㅇ 2025.04.22 21:56:34
조회 39 추천 0 댓글 3",추천 0,조회 39,2025.04.22 21:56:34,https://gall.dcinside.com/mgallery/board/view/?id=skk&no=26317&page=7,0.01709587499499321,0.011025809682905674,0.012766187079250813,0.01895168237388134,0.013483774848282337,0.009514600038528442,0.017748504877090454,0.009025933220982552,0.034722700715065,0.9419898390769958,0.009805353358387947
아야어여,,우유으이,"성갤러(14.33) 2025.04.22 20:57:40
조회 27 추천 0 댓글 3",추천 0,조회 27,2025.04.22 20:57:40,https://gall.dcinside.com/mgallery/board/view/?id=skk&no=26316&page=7,0.01613299362361431,0.010139471851289272,0.010153413750231266,0.015198152512311935,0.012231961823999882,0.009183231741189957,0.015683481469750404,0.008649340830743313,0.038561489433050156,0.9298151135444641,0.008160450495779514
쯔아아아아아아아아앗!!!!!!!!!,,너때문이야!!!!!!!!!!!!!!!!!!!!!!!!!!!,"ㅇㅇ 2025.04.21 14:50:54
조회 53 추천 0 댓글 8",추천 0,조회 53,2025.04.21 14:50:54,https://gall.dcinside.com/mgallery/board/view/?id=skk&no=26315&page=7,0.012165901251137257,0.008539913222193718,0.011477557942271233,0.007317761424928904,0.008792570792138577,0.00591554818674922,0.01067066378891468,0.007884416729211807,0.16358168423175812,0.8547598719596863,0.006828962825238705
악력으로 똥부수기,,콰직스,"ㅇㅇ 2025.04.20 21:43:46
조회 29 추천 0 댓글 0",추천 0,조회 29,2025.04.20 21:43:46,https://gall.dcinside.com/mgallery/board/view/?id=skk&no=26314&page=7,0.01733395643532276,0.011514605954289436,0.011283816769719124,0.02109420858323574,0.012618448585271835,0.010006284341216087,0.017875775694847107,0.008447252213954926,0.029246289283037186,0.9364050030708313,0.009046574123203754
요번럽라 노래는 좋은거같은데,,뮤즈다음급,"ㅇㅇ(106.101) 2025.04.20 15:51:56
조회 32 추천 0 댓글 3",추천 0,조회 32,2025.04.20 15:51:56,https://gall.dcinside.com/mgallery/board/view/?id=skk&no=26313&page=7,0.017949560657143593,0.01076557394117117,0.013406245037913322,0.021104490384459496,0.013855931349098682,0.009763607755303383,0.018126796931028366,0.008658413775265217,0.03054579347372055,0.9421119093894958,0.009443316608667374
내일부터진짜공부함,,비상계엄을 선포합니다,"ㅇㅇ(106.101) 2025.04.20 15:18:41
조회 32 추천 0 댓글 2",추천 0,조회 32,2025.04.20 15:18:41,https://gall.dcinside.com/mgallery/board/view/?id=skk&no=26312&page=7,0.014332994818687439,0.010196799412369728,0.011934646405279636,0.018281059339642525,0.013883727602660656,0.011636249721050262,0.020274722948670387,0.008686976507306099,0.03301514685153961,0.9391207695007324,0.009525666013360023
리제로 최신화 ㄷㄷㄷㄷㄷㄷㄷㄷㄷㄷ,,알 vs 에밀리아,"ㅇㅇ 2025.04.20 01:51:34
조회 48 추천 0 댓글 2",추천 0,조회 48,2025.04.20 01:51:34,https://gall.dcinside.com/mgallery/board/view/?id=skk&no=26311&page=7,0.020550820976495743,0.010682751424610615,0.011049763299524784,0.015310854651033878,0.010001646354794502,0.006977357901632786,0.012037794105708599,0.007892780005931854,0.045153167098760605,0.9171434044837952,0.007084192708134651
민주당경선이 의외로,,wwe가 아니더라,"ㅇㅇ 2025.04.20 01:29:56
조회 36 추천 1 댓글 2",추천 1,조회 36,2025.04.20 01:29:56,https://gall.dcinside.com/mgallery/board/view/?id=skk&no=26310&page=7,0.015973806381225586,0.010916575789451599,0.012614485807716846,0.022034596651792526,0.01408622320741415,0.010535397566854954,0.018321862444281578,0.009058619849383831,0.03199288621544838,0.9446938037872314,0.010091526433825493
외로운 밤이면 밤마다,,혼자서 게임하기 싫어,"ㅇㅇ(106.101) 2025.04.20 01:11:23
조회 31 추천 0 댓글 1",추천 0,조회 31,2025.04.20 01:11:23,https://gall.dcinside.com/mgallery/board/view/?id=skk&no=26309&page=7,0.012717349454760551,0.007085034158080816,0.010410916991531849,0.008968336507678032,0.009882057085633278,0.0053328657522797585,0.009545283392071724,0.008221314288675785,0.10584922879934311,0.8613926768302917,0.006170915439724922
라쿠카라싸 라쿠카라싸,,사랑스런그이름,"ㅇㅇ 2025.04.20 00:19:54
조회 29 추천 0 댓글 0",추천 0,조회 29,2025.04.20 00:19:54,https://gall.dcinside.com/mgallery/board/view/?id=skk&no=26308&page=7,0.015435229055583477,0.010843650437891483,0.013174522668123245,0.01963609829545021,0.0125688835978508,0.00998203456401825,0.019767871126532555,0.008783969096839428,0.03103967197239399,0.939297616481781,0.009331006556749344
어우 배불러,,앙 배불띠,"ㅇㅇ 2025.04.19 23:37:08
조회 32 추천 0 댓글 3",추천 0,조회 32,2025.04.19 23:37:08,https://gall.dcinside.com/mgallery/board/view/?id=skk&no=26307&page=7,0.018146662041544914,0.009459592401981354,0.009105299599468708,0.016079643741250038,0.011871038936078548,0.008628631010651588,0.01445403229445219,0.008451443165540695,0.03975658863782883,0.9258720278739929,0.007615279871970415
아무것도 이해할 수 없어 << 이거 히트네,,이세계가고싶군,"성갤러(119.206) 2025.04.19 21:19:55
조회 41 추천 0 댓글 5",추천 0,조회 41,2025.04.19 21:19:55,https://gall.dcinside.com/mgallery/board/view/?id=skk&no=26306&page=7,0.012908661738038063,0.008573763072490692,0.009624081663787365,0.013798167929053307,0.011327325366437435,0.008348322473466396,0.014105906710028648,0.00785248912870884,0.05388812720775604,0.9164161682128906,0.0074156527407467365
와 코토네,,카카시급카피능력,"ㅇㅇ(106.101) 2025.04.19 19:56:27
조회 39 추천 0 댓글 2",추천 0,조회 39,2025.04.19 19:56:27,https://gall.dcinside.com/mgallery/board/view/?id=skk&no=26305&page=7,0.016383709385991096,0.008183388039469719,0.009909131564199924,0.01873723603785038,0.011298482306301594,0.007437677122652531,0.014149773865938187,0.009098229929804802,0.040591124445199966,0.9178810715675354,0.007396211847662926
와 개구릿대,,와우,"ㅇㅇ 2025.04.19 19:54:51
조회 97 추천 0 댓글 1",추천 0,조회 97,2025.04.19 19:54:51,https://gall.dcinside.com/mgallery/board/view/?id=skk&no=26304&page=8,0.018844405189156532,0.01280202530324459,0.014240848831832409,0.02262258343398571,0.014401313848793507,0.010675905272364616,0.021539485082030296,0.009487653151154518,0.02890188805758953,0.9498422741889954,0.011186656542122364
미코 브알챗하네,,요,"성갤러(119.206) 2025.04.18 22:09:18
조회 25 추천 0 댓글 0",추천 0,조회 25,2025.04.18 22:09:18,https://gall.dcinside.com/mgallery/board/view/?id=skk&no=26303&page=8,0.017429256811738014,0.011690017767250538,0.013172512874007225,0.019688790664076805,0.01428714394569397,0.010495596565306187,0.018887823447585106,0.00912406388670206,0.03185778856277466,0.9453044533729553,0.010322661139070988
인생의 이해자를 만나는건 축복이다,,나는 영원히 못만날것,"ㅇㅇ(211.234) 2025.04.18 21:54:26
조회 26 추천 0 댓글 0",추천 0,조회 26,2025.04.18 21:54:26,https://gall.dcinside.com/mgallery/board/view/?id=skk&no=26302&page=8,0.010975574143230915,0.006533650681376457,0.009459512308239937,0.00619059894233942,0.008065687492489815,0.0065388488583266735,0.007923070341348648,0.009011337533593178,0.3134779930114746,0.7166407108306885,0.005706832744181156
랩스님,,문어배게 차이큼?,"ㅇㅇ 2025.04.18 16:07:05
조회 34 추천 0 댓글 4",추천 0,조회 34,2025.04.18 16:07:05,https://gall.dcinside.com/mgallery/board/view/?id=skk&no=26301&page=8,0.01564299687743187,0.008781740441918373,0.010359534062445164,0.018217070028185844,0.01285212766379118,0.010458333417773247,0.017074566334486008,0.008413005620241165,0.036268360912799835,0.9318839907646179,0.008192973211407661
닫는노래,,https://www.youtube.com/watch?v=SmlD6bmTRqQ,"ㅇㅇ(106.101) 2025.04.18 01:03:35
조회 27 추천 0 댓글 2",추천 0,조회 27,2025.04.18 01:03:35,https://gall.dcinside.com/mgallery/board/view/?id=skk&no=26300&page=8,0.014748535118997097,0.008324312046170235,0.011949433013796806,0.013275892473757267,0.009287456050515175,0.006641276180744171,0.01134705450385809,0.00811856985092163,0.05989518389105797,0.9043900966644287,0.006997424177825451
뮤즈 아닌데 좋은노래,,https://www.youtube.com/watch?v=IHSUgM4rVQg,"ㅇㅇ(106.101) 2025.04.18 00:26:55
조회 29 추천 0 댓글 1",추천 0,조회 29,2025.04.18 00:26:55,https://gall.dcinside.com/mgallery/board/view/?id=skk&no=26299&page=8,0.014721687883138657,0.006911646109074354,0.01334376074373722,0.016364941373467445,0.008349237963557243,0.0061607505194842815,0.01156828086823225,0.008310860954225063,0.06490904837846756,0.897209882736206,0.006911646109074354
아니 오늘 랄투브,,애니비아 트페인데요,"ㅇㅇ(106.101) 2025.04.17 23:03:26
조회 25 추천 0 댓글 0",추천 0,조회 25,2025.04.17 23:03:26,https://gall.dcinside.com/mgallery/board/view/?id=skk&no=26298&page=8,0.018136529251933098,0.009107029996812344,0.010335461236536503,0.027785709127783775,0.01301390491425991,0.00880325399339199,0.01872042939066887,0.00849638320505619,0.029921822249889374,0.9350759983062744,0.008463170379400253
번아웃이 온건가,,"그냥 환경도 힘들고
사람도 힘들고
다 귀찮고
휴식처가 없네","ㅇㅇ(211.234) 2025.04.17 23:00:35
조회 33 추천 0 댓글 1",추천 0,조회 33,2025.04.17 23:00:35,https://gall.dcinside.com/mgallery/board/view/?id=skk&no=26297&page=8,0.013285201974213123,0.005854099523276091,0.007754653226584196,0.010113665834069252,0.00921423640102148,0.0066171977669000626,0.010951140895485878,0.009166833013296127,0.10481741279363632,0.8618731498718262,0.005892368033528328
독후감 제출하세요,,원칩챌린지 독후감 내세요,"ㅇㅇ 2025.04.17 22:27:25
조회 32 추천 0 댓글 2",추천 0,조회 32,2025.04.17 22:27:25,https://gall.dcinside.com/mgallery/board/view/?id=skk&no=26296&page=8,0.01728145219385624,0.012486889958381653,0.013432146050035954,0.018858157098293304,0.012635182589292526,0.008525406010448933,0.016820790246129036,0.008486755192279816,0.03359859436750412,0.9400492906570435,0.009396446868777275
이거네,,"https://youtu.be/Tu4CMq4uhWM?si=v8E-cIo7BY6CTIKP
 ONLY UP! 하다가 떨어지면 건강해지는 방송【라이스 우메루 /頼州うめる】
#vtuber #onlyup #頼州うめる #ppp https://www.youtube.com/watch?v=qnDJ_YzfX-g&t=3185s【実写ワイプあり】落下で健康器具！『ONLY UP！』に挑戦！【頼州うめる / PinkPunkPro】頼州うめる https://www.youtube...
youtu.be
https://youtu.be/z0W3NwgiiqY?si=OPp_NSkcjs6vJ9vn
 잘 보면 보입니다(2)【라이스 우메루 /頼州うめる】
#vtuber #頼州うめる #ppp https://www.youtube.com/watch?v=FnyGlN46vpA&t=2859s【実写】不正解で上昇っ⤴『股縄クイズ』にいどめ！【頼州うめる / PinkPunkPro】頼州うめる https://www.youtube.com/@UC61AvqhGo...
youtu.be
이런거","Raps 2025.04.17 22:04:29
조회 39 추천 0 댓글 3",추천 0,조회 39,2025.04.17 22:04:29,https://gall.dcinside.com/mgallery/board/view/?id=skk&no=26295&page=8,0.09283516556024551,0.016076521947979927,0.05180497467517853,0.016748463734984398,0.020915988832712173,0.007515345700085163,0.009054728783667088,0.026048408821225166,0.22568771243095398,0.3918670117855072,0.013330753892660141
다먹고나옴,,배부르다,"ㅇㅇ 2025.04.17 19:07:01
조회 25 추천 0 댓글 0",추천 0,조회 25,2025.04.17 19:07:01,https://gall.dcinside.com/mgallery/board/view/?id=skk&no=26294&page=8,0.01618589274585247,0.009811688214540482,0.010306471027433872,0.019068343564867973,0.01388542540371418,0.009062463417649269,0.017218932509422302,0.00889198575168848,0.03588278591632843,0.9357117414474487,0.00876067578792572
나간다?,,ㅇㅇ,"Raps 2025.04.17 18:41:40
조회 43 추천 0 댓글 5",추천 0,조회 43,2025.04.17 18:41:40,https://gall.dcinside.com/mgallery/board/view/?id=skk&no=26293&page=8,0.018820608034729958,0.010875094681978226,0.012896954081952572,0.0193681251257658,0.013796991668641567,0.009628367610275745,0.017667455598711967,0.009166287258267403,0.033118028193712234,0.9421525597572327,0.009942768141627312
가자,,https://www.youtube.com/watch?v=gz9BRl7DVSM,"ㅇㅇ(106.101) 2025.04.17 18:06:30
조회 47 추천 0 댓글 7",추천 0,조회 47,2025.04.17 18:06:30,https://gall.dcinside.com/mgallery/board/view/?id=skk&no=26292&page=8,0.015088626183569431,0.008360576815903187,0.011611314490437508,0.013573426753282547,0.009443143382668495,0.006540680304169655,0.011157463304698467,0.008046467788517475,0.05915223807096481,0.9051018357276917,0.0070013548247516155
감맘,,빨리결정해줘,"ㅇㅇ(106.101) 2025.04.17 17:54:20
조회 40 추천 0 댓글 2",추천 0,조회 40,2025.04.17 17:54:20,https://gall.dcinside.com/mgallery/board/view/?id=skk&no=26291&page=8,0.01692451909184456,0.011465775780379772,0.011972210370004177,0.02034296654164791,0.014225749298930168,0.010465254075825214,0.018435368314385414,0.009093067608773708,0.033139463514089584,0.9453991651535034,0.009978137910366058
7가가,,"7시에가면감

이라는뜻","ㅇㅇ 2025.04.17 16:13:20
조회 45 추천 0 댓글 4",추천 0,조회 45,2025.04.17 16:13:20,https://gall.dcinside.com/mgallery/board/view/?id=skk&no=26290&page=8,0.014766623266041279,0.009051268920302391,0.011428105644881725,0.019280066713690758,0.015548896044492722,0.4803164601325989,0.012220329605042934,0.014460792765021324,0.035717982798814774,0.48880690336227417,0.010018416680395603
그래서오늘감?,,오늘루틴정해야함,"Raps 2025.04.17 13:34:29
조회 55 추천 1 댓글 3",추천 1,조회 55,2025.04.17 13:34:29,https://gall.dcinside.com/mgallery/board/view/?id=skk&no=26289&page=8,0.017267415300011635,0.011320840567350388,0.012948629446327686,0.020770324394106865,0.013668145053088665,0.009106702171266079,0.016776300966739655,0.008866858668625355,0.033039435744285583,0.9421613216400146,0.009570362977683544
내가 아는 아이스크림은 이건데,,https://www.youtube.com/watch?v=qwyPaQ2-aMM,"ㅇㅇ(106.101) 2025.04.17 11:09:06
조회 33 추천 0 댓글 2",추천 0,조회 33,2025.04.17 11:09:06,https://gall.dcinside.com/mgallery/board/view/?id=skk&no=26288&page=8,0.014765714295208454,0.00769004225730896,0.011419275775551796,0.01404564082622528,0.009471106342971325,0.006670650094747543,0.01103452779352665,0.008397993631660938,0.0643228217959404,0.9064018726348877,0.007123954594135284
아이스크림 선거송되면 웃기겟노,,상상만해도 빡친다,"ㅇㅇ 2025.04.17 10:12:32
조회 46 추천 0 댓글 5",추천 0,조회 46,2025.04.17 10:12:32,https://gall.dcinside.com/mgallery/board/view/?id=skk&no=26287&page=8,0.011066852137446404,0.009008096531033516,0.00929682794958353,0.009081926196813583,0.007162083406001329,0.007318804506212473,0.007784380577504635,0.012747803702950478,0.7257324457168579,0.26803144812583923,0.005763530265539885
그럼내일가나요?,,단식1일차,"ㅇㅇ(106.101) 2025.04.16 15:56:16
조회 44 추천 0 댓글 2",추천 0,조회 44,2025.04.16 15:56:16,https://gall.dcinside.com/mgallery/board/view/?id=skk&no=26286&page=8,0.01598232239484787,0.009681209921836853,0.011304102838039398,0.015773171558976173,0.013865070417523384,0.009054082445800304,0.01655658520758152,0.008607715368270874,0.038603752851486206,0.9340935945510864,0.008594215847551823
구라졸업한대요,,버튜버는끝,"ㅇㅇ 2025.04.16 15:39:33
조회 48 추천 0 댓글 2",추천 0,조회 48,2025.04.16 15:39:33,https://gall.dcinside.com/mgallery/board/view/?id=skk&no=26285&page=8,0.02359425090253353,0.008178208023309708,0.010118837468326092,0.017043503001332283,0.01068537775427103,0.005092036444693804,0.018105557188391685,0.010991699993610382,0.04247916117310524,0.9155246615409851,0.007442287169396877
안가면안감,,네,"ㅇㅇ 2025.04.16 11:15:06
조회 53 추천 0 댓글 7",추천 0,조회 53,2025.04.16 11:15:06,https://gall.dcinside.com/mgallery/board/view/?id=skk&no=26284&page=8,0.01709587499499321,0.011025809682905674,0.012766187079250813,0.01895168237388134,0.013483774848282337,0.009514600038528442,0.017748504877090454,0.009025933220982552,0.034722700715065,0.9419898390769958,0.009805353358387947
주식 배당금들어왓다고,,네,"ㅇㅇ 2025.04.15 22:14:16
조회 64 추천 0 댓글 7",추천 0,조회 64,2025.04.15 22:14:16,https://gall.dcinside.com/mgallery/board/view/?id=skk&no=26283&page=8,0.01709587499499321,0.011025809682905674,0.012766187079250813,0.01895168237388134,0.013483774848282337,0.009514600038528442,0.017748504877090454,0.009025933220982552,0.034722700715065,0.9419898390769958,0.009805353358387947
명진갈 먹고시푼사람,,쏴리질럿,"ㅇㅇ 2025.04.15 21:01:48
조회 50 추천 1 댓글 6",추천 1,조회 50,2025.04.15 21:01:48,https://gall.dcinside.com/mgallery/board/view/?id=skk&no=26282&page=8,0.010117744095623493,0.010881738737225533,0.007077312562614679,0.007650426123291254,0.0060637351125478745,0.005661848466843367,0.007049328647553921,0.009416774846613407,0.44378918409347534,0.5280389189720154,0.004857148043811321
랩스말이맞았네,,제국편줘깥네,"ㅇㅇ 2025.04.15 16:35:32
조회 48 추천 0 댓글 4",추천 0,조회 48,2025.04.15 16:35:32,https://gall.dcinside.com/mgallery/board/view/?id=skk&no=26281&page=8,0.013121566735208035,0.007310493383556604,0.006397131830453873,0.09637743979692459,0.006726390216499567,0.005823892541229725,0.008071476593613625,0.00788931269198656,0.09531640261411667,0.741436779499054,0.006926261819899082
부정합격자는 초고속 승진한다.,,"(1부) 박완수 경남도지사님께 공개질문 
게시자: 권혁철 
연락처: 010-****-7368


※당부말씀: 채용비리 관련자는 대통령부터 쫄따구까지 모조리 실명깠다. 게시판 관리자님은 '나는 국민에게 충성하는 공무원이다'는 자부심과 긍지를 가지고 그 누가  협박이나 회유를 하더라도 절대로 삭제하지 마세요! 이 글을 보시는 공무원은 자신이 알고 있는 언론사 기자나 더불어민주당 등에 제보해 주세요.


※2025.3.27. 15:58경 '경남도청 열린도지사실' 직원과 통화내용: 


질문1) 권혁철; 도지사에게 바란다 게시판에 하루에도 몇번이나 '성적조작 폭로 글'을 올리는데 담당자가 계속 삭제하고 있으니 이 사실을 박완수 경남도지사님께 보고하세요.


답변1) 열린도지사실 직원; 박완수 경남도지사님은 도지사에게 바란다 게시판에 성적조작 폭로 글을 올리고 담당직원이 계속 삭제한다는 사실을 이미 알고있습니다.


□ 게시글이 허위사실이면 ‘형사처벌’을 달게 받을 예정이오니 ‘대한민국에 정의를 세운다’는 차원에서 절대로 삭제하지 마세요.


□검찰의 사건은폐 수법: 대검찰청 문서감정실 윤기형, 류경숙의 허위감정서 및 창녕군청 시험관리관 박홍곤, 이정희, 서경도의 위증으로 1심, 2심 재판부를 기망하고 대법원 판사님들까지 속이고 사건을 은폐하는데 성공함.


현재, 경남도청은 대법원 판결문을 제시하면서 권혁철은 거짓말을 하고 있다고 우기면서 부정합격자 5명이 고급공무원으로 부귀영화를 누리도록 방치하고 있음.


□박완수 경남도지사님께 공개질문


질문1) 박완수 경남도지사님께서 '도지사에게 바란다' 게시판에 성적조작 폭로 글이 올라오면 즉각 삭제하여 경남도청 공무원 및 경남도민에게 전파되지 않도록 하라고 지시하지는 않으셨지요?


질문2) 지방자치단체장의 고유권한인 ‘합격취소처분’은 ‘공소시효’가 없습니다. 부정합격자 색출하여 ‘합격취소처분’할 용의가 있습니까?


질문3) 부정합격자가 3급, 4급 고위직으로 승진하여 부귀영화를 누린다면 ‘합격취소처분’ 해야 합니까 우리가 남이가를 외치며 모르는척 은폐해야 합니까?


질문4) 97경남 7급 공채 합격자명단과 발령부서 공개하라는 정보공개청구(접수번호:10780318,접수일자:2023.5.22)에서 ‘최종합격자명단의 원본’을 공개하지 않고 ‘새로운 양식의 합격자명단’을 만들어 공개한 이유가 무엇인가요? 세무직 박철희 대신 추가 합격한 수험생을 숨기기 위한 꼼수인가요? (97년 당시 ‘합격자명단’은 경남도청, 시청, 군청, 읍사무소 옥외 게시판에 부착하여 대외적으로 공개했음)


질문5) 97경남 7급 공채 2차 면접시험에 불합격하여 행정소송을 청구한 세무직 박철희 대신 추가 합격한 수험생은 누구이며, 그 추가 합격한 수험생은 성적순으로 11등 한 수험생인가요?


질문6) 합격자 10명 중에서 1등 이정희와 2등 남경수는 4~5년 동안 8급, 9급 공무원 근무 -> 퇴직 -> 7급 공채 합격으로 두 사람의 7급 공채 합격 패턴이 동일합니다. 2명이 근무한 행정기관을 공개하지 못 하고 숨기는 진짜 이유는 혹시 성적조작과 관련이 있기 때문입니까?


질문7) 99년부터 수십 년간 97경남 7급 공채 합격자 10명의 이름은 경남도청, 시청, 군청 등 홈페이지 직원 검색란에서 검색을 하면 존재하지 않았습니다. 부정합격자를 숨기기 위해서 직원 검색에서 차단한 것입니까?


질문8) 합격자 김영곤이 김인수로 개명한 이유는 무엇인가요? 혹시, ‘부정합격자 추적을 피하기 위해서 개명한 것은 아닐까’라는 합리적 의심에 대해 어떻게 생각합니까?


질문9) 합격자 고경우는 1998.1.1.~1999.6.7. 근무하고 퇴직한 것이 사실인가요? 퇴직사유가 성적조작과 관련이 있는 것은 아닌가 조사할 용의가 있습니까?


질문10) 합격자 이주영은 경남도청, 시청, 군청 등 홈페이지 직원검색란에서 존재하지 않습니다. 성적조작과 관련하여 추적을 피하기 위해서 검색을 차단한 것은 아닌가요?


경남도청 도지사에게 바란다 게시판 관리자님!


박완수 경남도지사님께 ‘권혁철이 성적조작 폭로 글을 삭제해도 계속 올려서 곤혹스럽다’고 문서를 작성해서 공식적으로 보고하세요.


그리고 삭제하기 전에 이 글을 반드시 부정합격자로 특정한 3명에게 전달하세요.


ㄱ) 1등 이정희, 2등 남경수; 9급 또는 기능직, 임시직 등으로 4~5년 공직생활하며 경남도청 인사과 배종대 등 고위직과 인맥을 맺었거나 친인척의 권력이나 재산을 이용하여 부정으로 합격했지요?


남경수님 머리가 얼마나 뛰어난지 모르겠지만 제천고 고졸로서 7급 공채시험 합격할려면 뼈를 깍는 노력을 해야 합니다. 당신은 뼈를 깍는 노력을 했습니까 친인척의 권력과 재력으로 부정합격했습니까?


강동원 검사(현변호사.02-533-9600), 정병하 검사(현변호사.02-6326-0097)는 당신이 부정합격자인지 진짜 합격자인지 잘 알고있습니다.


ㄴ) 5등 김영곤; 경상대 농학과 졸업했지요. 농학과면 영어, 수학, 국어 포기하고 합격할 수 있지요?


김영곤님은 학력고사 몇 점이나 받았나요?
서울대, 연대, 고대 합격할 점수인데 특별히 농학에 뜻이 있고 서울에서 대학 다닐 돈이 없어 부득이 집에서 가까운 경상대 농학과를 갔나요?


고노무현님이 부산상고 졸업하고 진영 산속 토굴에서 뼈를 깍는 노력을 해서 사법고시 합격한 것은 모든 국민들이 알고있습니다.


김인수님이 경상대 농학과 입학할 실력으로 7급 공채 합격할려면 정말 피눈물나게 공부했어야 할 것 같은데 그렇게 노력하셨나요?


71년생이 3급 부이사관이면 초고속 승진아닌가요?
71년생이 3급이면 거의 행정고시 출신이나 다름없지요?


김영곤에서 김인수로 개명한 것과 고속승진한 것으로 미루어 판단컨데, 당신이 부정합격자일 가능성이 매우 매우 높아 보입니다.


기분 나쁘면 허위사실유포에 의한 명예훼손죄로 고소하세요.


법원에서 재판하면 또 전부 위증할테고 증거부족으로 실형 징역살이 1년 6월 정도 받겠지요.


부산에서 LH 아파트 경비원으로 일하며 변호사 선임료 550만원은 모았습니다.


만약 고소하면 법정에서 이정희, 남경수, 김인수 3명을 증인으로 신청하겠습니다.


그리고 당신들이 명심해야 할 것이 있습니다.
내가 지옥가서 천벌을 받을 각오만 하면 강동원 검사(강동원법률사무소.02-533-9600), 정병하 검사(한국특수판매공제조합 이사장.02-6326-0097) 찾아가서 얼마든지 부정합격자가 누구다는 자백을 받을 수 있다고 확신합니다.


이제, 내가 감옥소 가거나 지옥에 가더라도 슬퍼해줄 사람이 없다는 점이 나의 유일한 강점입니다.

ㅡ 1부 끝 ㅡ


1부: 박완수 경남도지사님께 공개질문
2부: 97경남 7급 공채 합격자명단 및 근무처, 출신학교 공개
3부: 성적조작 사전모의 정황증거-> 창녕군청 시험관리관 서경도, 이진규의 육성녹음파일 및 성적조작 심층취재 경기신문, 열린공감TV 방송
4부: 윤석열 대통령의 사건은폐 경위 및 대검찰청 문서감정실 윤기형, 류경숙 허위감정서 작성방법
5부: 양심선언 대상자 및 내용 
6부: 경남도청 공무원시험 조작사건 최종보고서","Xman(106.246) 2025.04.15 14:45:05
조회 53 추천 0 댓글 1",추천 0,조회 53,2025.04.15 14:45:05,https://gall.dcinside.com/mgallery/board/view/?id=skk&no=26280&page=8,0.04383518546819687,0.026473764330148697,0.014409791678190231,0.008638197556138039,0.010500089265406132,0.029058855026960373,0.020473577082157135,0.12598077952861786,0.2480727583169937,0.36380237340927124,0.010100102983415127
주갤 진짜궁금한점,,여자가 그렇게 싫으면 왜 남자끼리안사귐,"ㅇㅇ 2025.04.14 20:21:27
조회 26 추천 0 댓글 2",추천 0,조회 26,2025.04.14 20:21:27,https://gall.dcinside.com/mgallery/board/view/?id=skk&no=26279&page=8,0.5786904692649841,0.13959677517414093,0.11197490245103836,0.01673273555934429,0.0048064738512039185,0.00707439798861742,0.007745368406176567,0.016918443143367767,0.04771539196372032,0.09687558561563492,0.007372575346380472
명진갈먹고싶군,,네,"ㅇㅇ 2025.04.14 17:29:24
조회 31 추천 0 댓글 1",추천 0,조회 31,2025.04.14 17:29:24,https://gall.dcinside.com/mgallery/board/view/?id=skk&no=26278&page=8,0.01709587499499321,0.011025809682905674,0.012766187079250813,0.01895168237388134,0.013483774848282337,0.009514600038528442,0.017748504877090454,0.009025933220982552,0.034722700715065,0.9419898390769958,0.009805353358387947
오나x을 떠나보내며...,,,"ㅇㅇ(106.101) 2025.04.14 02:42:25
조회 42 추천 0 댓글 3",추천 0,조회 42,2025.04.14 02:42:25,https://gall.dcinside.com/mgallery/board/view/?id=skk&no=26277&page=8,0.0,0.0,0.0,0.0,0.0,0.0,0.0,0.0,0.0,0.0,0.0
엉엉,,울기,"ㅇㅇ 2025.04.10 18:20:48
조회 27 추천 0 댓글 1",추천 0,조회 27,2025.04.10 18:20:48,https://gall.dcinside.com/mgallery/board/view/?id=skk&no=26276&page=8,0.01801414228975773,0.011108815670013428,0.012170296162366867,0.0168017465621233,0.013128675520420074,0.009201803244650364,0.01577460765838623,0.008960479870438576,0.0387517511844635,0.9413922429084778,0.009372795931994915
고기먹고싶군,,흠,"ㅇㅇ 2025.04.10 17:17:45
조회 38 추천 1 댓글 4",추천 1,조회 38,2025.04.10 17:17:45,https://gall.dcinside.com/mgallery/board/view/?id=skk&no=26275&page=8,0.018498990684747696,0.012019728310406208,0.013803229667246342,0.020254772156476974,0.013780840672552586,0.010732191614806652,0.02022978663444519,0.009406532160937786,0.031015632674098015,0.9472689032554626,0.010596038773655891
운지,,,"Raps 2025.04.10 13:13:57
조회 36 추천 1 댓글 1",추천 1,조회 36,2025.04.10 13:13:57,https://gall.dcinside.com/mgallery/board/view/?id=skk&no=26274&page=8,0.0,0.0,0.0,0.0,0.0,0.0,0.0,0.0,0.0,0.0,0.0
저녁뭐먹지,,,"ㅇㅇ(106.101) 2025.04.08 18:34:13
조회 23 추천 0 댓글 0",추천 0,조회 23,2025.04.08 18:34:13,https://gall.dcinside.com/mgallery/board/view/?id=skk&no=26273&page=8,0.0,0.0,0.0,0.0,0.0,0.0,0.0,0.0,0.0,0.0,0.0
점심뭐먹지,,,"ㅇㅇ(106.101) 2025.04.08 11:36:53
조회 19 추천 0 댓글 0",추천 0,조회 19,2025.04.08 11:36:53,https://gall.dcinside.com/mgallery/board/view/?id=skk&no=26272&page=8,0.0,0.0,0.0,0.0,0.0,0.0,0.0,0.0,0.0,0.0,0.0
흐엉,,달링달링 워헝,"ㅇㅇ 2025.04.07 23:25:54
조회 23 추천 0 댓글 0",추천 0,조회 23,2025.04.07 23:25:54,https://gall.dcinside.com/mgallery/board/view/?id=skk&no=26271&page=8,0.016155874356627464,0.011130407452583313,0.009755989536643028,0.017631152644753456,0.012530604377388954,0.009453379549086094,0.015459560789167881,0.008164172060787678,0.03696697577834129,0.9322892427444458,0.008174850605428219
코노,,코노야로 아니고 코인노래방,"ㅇㅇ 2025.04.07 22:41:06
조회 27 추천 0 댓글 1",추천 0,조회 27,2025.04.07 22:41:06,https://gall.dcinside.com/mgallery/board/view/?id=skk&no=26270&page=8,0.017589937895536423,0.010001552291214466,0.01255866140127182,0.01689457893371582,0.0118379732593894,0.009801076725125313,0.016243206337094307,0.008178926073014736,0.03508348762989044,0.933049201965332,0.0085830669850111
맛잇는거드실분,,네,"ㅇㅇ 2025.04.07 17:17:54
조회 38 추천 0 댓글 4",추천 0,조회 38,2025.04.07 17:17:54,https://gall.dcinside.com/mgallery/board/view/?id=skk&no=26269&page=8,0.01709587499499321,0.011025809682905674,0.012766187079250813,0.01895168237388134,0.013483774848282337,0.009514600038528442,0.017748504877090454,0.009025933220982552,0.034722700715065,0.9419898390769958,0.009805353358387947
속이뻥,,네,"ㅇㅇ 2025.04.07 16:43:24
조회 28 추천 0 댓글 2",추천 0,조회 28,2025.04.07 16:43:24,https://gall.dcinside.com/mgallery/board/view/?id=skk&no=26268&page=8,0.01709587499499321,0.011025809682905674,0.012766187079250813,0.01895168237388134,0.013483774848282337,0.009514600038528442,0.017748504877090454,0.009025933220982552,0.034722700715065,0.9419898390769958,0.009805353358387947
놀자고 소리쳐,,아아아아아아악!,"ㅇㅇ 2025.04.06 19:08:19
조회 25 추천 0 댓글 2",추천 0,조회 25,2025.04.06 19:08:19,https://gall.dcinside.com/mgallery/board/view/?id=skk&no=26267&page=8,0.01788233034312725,0.011710016056895256,0.01304675079882145,0.015147107653319836,0.011738437227904797,0.00862671434879303,0.01525158528238535,0.008090702816843987,0.03905174881219864,0.9343202114105225,0.008721973747015
카나데 재밋네,,빨간약은 중요치안아,"ㅇㅇ 2025.04.06 17:59:24
조회 50 추천 0 댓글 2",추천 0,조회 50,2025.04.06 17:59:24,https://gall.dcinside.com/mgallery/board/view/?id=skk&no=26266&page=8,0.016319967806339264,0.010301643051207066,0.012784012593328953,0.018049946054816246,0.012966364622116089,0.009868680499494076,0.018447447568178177,0.008757860399782658,0.03370467200875282,0.9389422535896301,0.009223098866641521
오늘 이커햄,,스킬샷이 이상해요,"ㅇㅇ(106.101) 2025.04.06 17:50:45
조회 23 추천 0 댓글 1",추천 0,조회 23,2025.04.06 17:50:45,https://gall.dcinside.com/mgallery/board/view/?id=skk&no=26265&page=8,0.01515866443514824,0.009732027538120747,0.01284242607653141,0.01553118322044611,0.012542417272925377,0.009213635697960854,0.01696140132844448,0.008465328253805637,0.040008001029491425,0.9360031485557556,0.008698985911905766
헬스 같이하자는사람 특,,게이임,"ㅇㅇ 2025.04.06 02:47:19
조회 37 추천 0 댓글 2",추천 0,조회 37,2025.04.06 02:47:19,https://gall.dcinside.com/mgallery/board/view/?id=skk&no=26264&page=8,0.016662796959280968,0.009733704850077629,0.044673994183540344,0.014620986767113209,0.012098162434995174,0.009394883178174496,0.017550241202116013,0.008477448485791683,0.032333992421627045,0.9169110059738159,0.0098593570291996
헬스하는법,,헬스장에간다,"Raps 2025.04.06 02:26:40
조회 51 추천 1 댓글 2",추천 1,조회 51,2025.04.06 02:26:40,https://gall.dcinside.com/mgallery/board/view/?id=skk&no=26263&page=8,0.014915140345692635,0.008587243035435677,0.014610684476792812,0.016256058588624,0.011116753332316875,0.00801299512386322,0.015231017954647541,0.007993615232408047,0.03929806873202324,0.9197307825088501,0.007656539790332317
윤재출마는머여,,뇌녹앗나진자,"ㅇㅇ 2025.04.06 02:03:27
조회 28 추천 0 댓글 1",추천 0,조회 28,2025.04.06 02:03:27,https://gall.dcinside.com/mgallery/board/view/?id=skk&no=26262&page=8,0.015087280422449112,0.009272121824324131,0.010491957888007164,0.013637714087963104,0.01243542693555355,0.008169601671397686,0.013628948479890823,0.008213452063500881,0.049159303307533264,0.925592303276062,0.007886651903390884
매일 저수지돌사람,,어때,"성갤러(59.18) 2025.04.06 01:53:23
조회 43 추천 0 댓글 6",추천 0,조회 43,2025.04.06 01:53:23,https://gall.dcinside.com/mgallery/board/view/?id=skk&no=26261&page=8,0.01710265502333641,0.010624450631439686,0.013691756874322891,0.01938623934984207,0.01313166692852974,0.009278851561248302,0.017897460609674454,0.00877896323800087,0.0333222821354866,0.9393649697303772,0.009522449225187302
용팔이 십새기진짜,,쿠팡십새기,"ㅇㅇ 2025.04.06 01:49:37
조회 36 추천 0 댓글 2",추천 0,조회 36,2025.04.06 01:49:37,https://gall.dcinside.com/mgallery/board/view/?id=skk&no=26260&page=8,0.01890130154788494,0.01824049837887287,0.016174059361219406,0.022003743797540665,0.012778867036104202,0.011419814079999924,0.012775511480867863,0.044136278331279755,0.916199266910553,0.030501587316393852,0.008926423266530037
랩스한테 운동배우는법,,1. 단 샤워실에 들어가,"ㅇㅇ 2025.04.06 01:28:14
조회 34 추천 0 댓글 2",추천 0,조회 34,2025.04.06 01:28:14,https://gall.dcinside.com/mgallery/board/view/?id=skk&no=26259&page=8,0.014635296538472176,0.00809161365032196,0.015646256506443024,0.009045911952853203,0.009843770414590836,0.00562912505120039,0.009541474282741547,0.007309860549867153,0.08783348649740219,0.8799925446510315,0.0067111412063241005
랩스님진지하게 운동좀갈쳐주셈,,전 일퀘가 있어야 운동하는타입이에요,"ㅇㅇ(106.101) 2025.04.06 01:19:31
조회 40 추천 0 댓글 1",추천 0,조회 40,2025.04.06 01:19:31,https://gall.dcinside.com/mgallery/board/view/?id=skk&no=26258&page=8,0.019295042380690575,0.013294737786054611,0.01428684126585722,0.021475713700056076,0.01499040238559246,0.011426275596022606,0.0203766580671072,0.009308557026088238,0.027497006580233574,0.9492583870887756,0.010751938447356224
아니 근데,,진짜 너무 할게없는데 이래돋 되는거임?,"ㅇㅇ(106.101) 2025.04.06 00:52:35
조회 38 추천 0 댓글 3",추천 0,조회 38,2025.04.06 00:52:35,https://gall.dcinside.com/mgallery/board/view/?id=skk&no=26257&page=8,0.010767392814159393,0.006516535300761461,0.008400707505643368,0.007628798019140959,0.007809811271727085,0.006176928523927927,0.007609664928168058,0.009126667864620686,0.2761457562446594,0.706170916557312,0.005574987735599279
머가웃기냐고,,네,"ㅇㅇ 2025.04.06 00:14:46
조회 23 추천 0 댓글 0",추천 0,조회 23,2025.04.06 00:14:46,https://gall.dcinside.com/mgallery/board/view/?id=skk&no=26256&page=8,0.01709587499499321,0.011025809682905674,0.012766187079250813,0.01895168237388134,0.013483774848282337,0.009514600038528442,0.017748504877090454,0.009025933220982552,0.034722700715065,0.9419898390769958,0.009805353358387947
이건또뮤ㅓ임,,"https://youtube.com/shorts/h5sCCY49pW8?si=j3hk2y17er1yOhqL





개쳐웃기노 ㅋㅋㅋ","Raps 2025.04.05 23:39:48
조회 54 추천 1 댓글 2",추천 1,조회 54,2025.04.05 23:39:48,https://gall.dcinside.com/mgallery/board/view/?id=skk&no=26255&page=8,0.017910154536366463,0.011853695847094059,0.010257883928716183,0.007673285901546478,0.007043666671961546,0.004294487647712231,0.006038466468453407,0.014831837266683578,0.6963021159172058,0.29709362983703613,0.0052112191915512085
아아,,심심,"ㅇㅇ(106.101) 2025.04.05 23:27:52
조회 37 추천 0 댓글 8",추천 0,조회 37,2025.04.05 23:27:52,https://gall.dcinside.com/mgallery/board/view/?id=skk&no=26254&page=9,0.01680481992661953,0.01037108339369297,0.012009472586214542,0.01797417923808098,0.013275998644530773,0.009222332388162613,0.01650887355208397,0.009084942750632763,0.03755694627761841,0.9391986727714539,0.009356632828712463
속보 렘깨어남,,ㄷㄷ,"ㅇㅇ 2025.04.05 23:06:09
조회 28 추천 0 댓글 2",추천 0,조회 28,2025.04.05 23:06:09,https://gall.dcinside.com/mgallery/board/view/?id=skk&no=26253&page=9,0.017909971997141838,0.011826860718429089,0.012992973439395428,0.021138522773981094,0.014460385777056217,0.010837964713573456,0.021096395328640938,0.00940929539501667,0.030162863433361053,0.9473497867584229,0.01059815939515829
10시부터 그림?,,ㄱㄱ?,"성갤러(59.18) 2025.04.05 21:36:56
조회 24 추천 0 댓글 3",추천 0,조회 24,2025.04.05 21:36:56,https://gall.dcinside.com/mgallery/board/view/?id=skk&no=26252&page=9,0.0175851508975029,0.011464284732937813,0.01243110653012991,0.018172048032283783,0.013419111259281635,0.01012255810201168,0.017844676971435547,0.009028958156704903,0.03329947963356972,0.9427623748779297,0.009758099913597107
놀까,,오,"ㅇㅇ 2025.04.05 21:10:46
조회 20 추천 0 댓글 1",추천 0,조회 20,2025.04.05 21:10:46,https://gall.dcinside.com/mgallery/board/view/?id=skk&no=26251&page=9,0.017918720841407776,0.011687004938721657,0.012890411540865898,0.01961970329284668,0.01339784637093544,0.010064608417451382,0.018694816157221794,0.009182662703096867,0.033026017248630524,0.9447336196899414,0.010203288868069649
ㅋㅋ 으악이랑 외팔이 말다툼 개웃기네,,ㅋㅋㅋㅋ,"ㅇㅇ(106.101) 2025.04.05 17:59:58
조회 32 추천 0 댓글 2",추천 0,조회 32,2025.04.05 17:59:58,https://gall.dcinside.com/mgallery/board/view/?id=skk&no=26250&page=9,0.016238892450928688,0.01049236860126257,0.012070399709045887,0.017046291381120682,0.013512036763131618,0.00973726250231266,0.017465151846408844,0.00914981123059988,0.03795700892806053,0.9416228532791138,0.009453353472054005
님아 ㅈ됨,,ㅂㅊ카페 폴라로이드 부모님이봄,"ㅇㅇ 2025.04.05 11:35:25
조회 35 추천 0 댓글 5",추천 0,조회 35,2025.04.05 11:35:25,https://gall.dcinside.com/mgallery/board/view/?id=skk&no=26249&page=9,0.8184986710548401,0.011355052702128887,0.03338861092925072,0.01873968169093132,0.014811046421527863,0.009391174651682377,0.02596529759466648,0.03722969442605972,0.059249989688396454,0.284270316362381,0.010902113281190395
탄핵 생각보다 노잼이네,,반응이 심심하구만,"ㅇㅇ 2025.04.05 01:35:58
조회 32 추천 0 댓글 1",추천 0,조회 32,2025.04.05 01:35:58,https://gall.dcinside.com/mgallery/board/view/?id=skk&no=26248&page=9,0.014593909494578838,0.008651315234601498,0.010594753548502922,0.015842141583561897,0.012911214493215084,0.008996976539492607,0.01448248140513897,0.008859045803546906,0.04622882604598999,0.9303645491600037,0.008512100204825401
여름은 어렵다네요,,,"ㅇㅇ(106.101) 2025.04.04 23:53:25
조회 43 추천 0 댓글 6",추천 0,조회 43,2025.04.04 23:53:25,https://gall.dcinside.com/mgallery/board/view/?id=skk&no=26247&page=9,0.0,0.0,0.0,0.0,0.0,0.0,0.0,0.0,0.0,0.0,0.0
랩쮸야,,쥬쥬야,"ㅇㅇ 2025.04.04 19:47:05
조회 25 추천 0 댓글 0",추천 0,조회 25,2025.04.04 19:47:05,https://gall.dcinside.com/mgallery/board/view/?id=skk&no=26245&page=9,0.022090867161750793,0.009288210421800613,0.00950961746275425,0.014848575927317142,0.010535437613725662,0.008004493080079556,0.017005162313580513,0.009174329228699207,0.040376149117946625,0.9284785985946655,0.0075200884602963924
오늘윤석열탄핵기념,,짜장면이나먹을까,"ㅇㅇ(106.101) 2025.04.04 15:54:57
조회 66 추천 0 댓글 16",추천 0,조회 66,2025.04.04 15:54:57,https://gall.dcinside.com/mgallery/board/view/?id=skk&no=26244&page=9,0.011648398824036121,0.006504352204501629,0.008403363637626171,0.012238981202244759,0.010667085647583008,0.006896884646266699,0.010500986129045486,0.007628061342984438,0.08433200418949127,0.8754297494888306,0.006239797919988632
눈물이 앞을 가리긔,,ㅠㅠ,"ㅇㅇ(211.234) 2025.04.04 11:39:29
조회 29 추천 0 댓글 1",추천 0,조회 29,2025.04.04 11:39:29,https://gall.dcinside.com/mgallery/board/view/?id=skk&no=26243&page=9,0.013799900189042091,0.007598220836371183,0.009628263302147388,0.010993804782629013,0.010585370473563671,0.006519246380776167,0.01077959407120943,0.008352088741958141,0.07447490096092224,0.8943235278129578,0.00675969710573554
윤석열 따운!!!!!!!!!!,,초~비~상~,"ㅇㅇ(106.101) 2025.04.04 11:04:59
조회 41 추천 0 댓글 2",추천 0,조회 41,2025.04.04 11:04:59,https://gall.dcinside.com/mgallery/board/view/?id=skk&no=26242&page=9,0.01514439843595028,0.009188408963382244,0.010613654740154743,0.01387974712997675,0.01325863879173994,0.01048567146062851,0.015524424612522125,0.008672308176755905,0.03906882181763649,0.9275570511817932,0.008284782990813255
이짤머야,,봇치2찍이엇구나,"성갤러(115.23) 2025.04.04 09:26:43
조회 34 추천 1 댓글 2",추천 1,조회 34,2025.04.04 09:26:43,https://gall.dcinside.com/mgallery/board/view/?id=skk&no=26241&page=9,0.021050231531262398,0.009530431590974331,0.009831424802541733,0.016739239916205406,0.011146520264446735,0.0076624080538749695,0.013941287994384766,0.008432271890342236,0.043062660843133926,0.9297804236412048,0.007716040126979351
2시간뒤에,,랩스와서 궁시렁댈예정,"ㅇㅇ 2025.04.04 09:14:19
조회 33 추천 0 댓글 2",추천 0,조회 33,2025.04.04 09:14:19,https://gall.dcinside.com/mgallery/board/view/?id=skk&no=26240&page=9,0.01734265871345997,0.008441179990768433,0.009705263189971447,0.012722887098789215,0.009221474640071392,0.006221787538379431,0.01016547717154026,0.007719246204942465,0.06482115387916565,0.9007840156555176,0.006306754890829325
윤카 복귀기원 1일차,,대 석 열 사 랑 해,"ㅇㅇ(211.234) 2025.04.03 19:37:21
조회 31 추천 0 댓글 1",추천 0,조회 31,2025.04.03 19:37:21,https://gall.dcinside.com/mgallery/board/view/?id=skk&no=26239&page=9,0.009770640172064304,0.007690466940402985,0.008907914161682129,0.01047644391655922,0.008304618299007416,0.007908593863248825,0.011369922198355198,0.0068569909781217575,0.1120334044098854,0.853484034538269,0.005800188519060612
그분 혜안이 맞았네,,워홀이든 뭐든 나가야 정답,"ㅇㅇ(106.101) 2025.04.02 23:10:18
조회 48 추천 1 댓글 2",추천 1,조회 48,2025.04.02 23:10:18,https://gall.dcinside.com/mgallery/board/view/?id=skk&no=26238&page=9,0.01749599538743496,0.010098082013428211,0.012548300437629223,0.02020583301782608,0.013021452352404594,0.010009033605456352,0.01706439070403576,0.00898898858577013,0.03314995393157005,0.941598117351532,0.009234662167727947
집애가려했는데,,네,"ㅇㅇ(106.101) 2025.04.02 21:10:53
조회 37 추천 0 댓글 2",추천 0,조회 37,2025.04.02 21:10:53,https://gall.dcinside.com/mgallery/board/view/?id=skk&no=26237&page=9,0.01709587499499321,0.011025809682905674,0.012766187079250813,0.01895168237388134,0.013483774848282337,0.009514600038528442,0.017748504877090454,0.009025933220982552,0.034722700715065,0.9419898390769958,0.009805353358387947
언제어디,,네,"ㅇㅇ(106.101) 2025.04.02 17:36:23
조회 40 추천 0 댓글 9",추천 0,조회 40,2025.04.02 17:36:23,https://gall.dcinside.com/mgallery/board/view/?id=skk&no=26236&page=9,0.01709587499499321,0.011025809682905674,0.012766187079250813,0.01895168237388134,0.013483774848282337,0.009514600038528442,0.017748504877090454,0.009025933220982552,0.034722700715065,0.9419898390769958,0.009805353358387947
여자되는약 생동성없나,,흠,"ㅇㅇ 2025.04.02 16:28:20
조회 36 추천 0 댓글 2",추천 0,조회 36,2025.04.02 16:28:20,https://gall.dcinside.com/mgallery/board/view/?id=skk&no=26235&page=9,0.018498990684747696,0.012019728310406208,0.013803229667246342,0.020254772156476974,0.013780840672552586,0.010732191614806652,0.02022978663444519,0.009406532160937786,0.031015632674098015,0.9472689032554626,0.010596038773655891
감맘,,네,"ㅇㅇ(106.101) 2025.04.02 15:31:21
조회 27 추천 0 댓글 2",추천 0,조회 27,2025.04.02 15:31:21,https://gall.dcinside.com/mgallery/board/view/?id=skk&no=26233&page=9,0.01709587499499321,0.011025809682905674,0.012766187079250813,0.01895168237388134,0.013483774848282337,0.009514600038528442,0.017748504877090454,0.009025933220982552,0.034722700715065,0.9419898390769958,0.009805353358387947
불면증,,물면증,"ㅇㅇ 2025.04.02 03:40:05
조회 23 추천 0 댓글 0",추천 0,조회 23,2025.04.02 03:40:05,https://gall.dcinside.com/mgallery/board/view/?id=skk&no=26232&page=9,0.01584460958838463,0.00955928210169077,0.012457059696316719,0.01591045968234539,0.012305091135203838,0.009383144788444042,0.01609893888235092,0.00889416690915823,0.03520409017801285,0.9305015206336975,0.00845763087272644
응우엔들은 한국워홀안하나,,환상품으면 ㅈㄴ웃길거같은데,"ㅇㅇ 2025.04.01 23:19:52
조회 27 추천 1 댓글 1",추천 1,조회 27,2025.04.01 23:19:52,https://gall.dcinside.com/mgallery/board/view/?id=skk&no=26231&page=9,0.013647254556417465,0.00844700075685978,0.00943122711032629,0.013574031181633472,0.010743562132120132,0.008046060800552368,0.013150347396731377,0.007560994476079941,0.05130304768681526,0.9099270105361938,0.0071694860234856606
인생은 고문이다,,끝없는 고문,"ㅇㅇ 2025.04.01 23:16:12
조회 29 추천 1 댓글 0",추천 1,조회 29,2025.04.01 23:16:12,https://gall.dcinside.com/mgallery/board/view/?id=skk&no=26230&page=9,0.00903415959328413,0.009699435904622078,0.007920574396848679,0.007490592077374458,0.008051492273807526,0.006231817416846752,0.00916048139333725,0.01645738072693348,0.6383137702941895,0.4161689579486847,0.006360465660691261
플레이엑스포갈사람,,여기붙어라띠리리라라라,"ㅇㅇ(106.101) 2025.04.01 22:29:16
조회 35 추천 0 댓글 1",추천 0,조회 35,2025.04.01 22:29:16,https://gall.dcinside.com/mgallery/board/view/?id=skk&no=26229&page=9,0.016156146302819252,0.011689460836350918,0.007051841355860233,0.008767125196754932,0.005399253685027361,0.004709161352366209,0.006965810898691416,0.01564165949821472,0.5878257751464844,0.39862141013145447,0.0049752844497561455
고등학교나온고등어,,먹어야지,"성갤러(115.23) 2025.04.01 20:37:51
조회 24 추천 0 댓글 0",추천 0,조회 24,2025.04.01 20:37:51,https://gall.dcinside.com/mgallery/board/view/?id=skk&no=26228&page=9,0.01919974759221077,0.010492472909390926,0.011484289541840553,0.017860393971204758,0.01310061477124691,0.00944944191724062,0.01572444848716259,0.00869370810687542,0.03447730094194412,0.9380864500999451,0.008874839171767235
크로니 원칩챌린지,,보세요,"ㅇㅇ 2025.04.01 08:56:56
조회 44 추천 0 댓글 2",추천 0,조회 44,2025.04.01 08:56:56,https://gall.dcinside.com/mgallery/board/view/?id=skk&no=26227&page=9,0.01715702936053276,0.009418429806828499,0.011711428873240948,0.016124200075864792,0.011910621076822281,0.008582957088947296,0.015335150063037872,0.008573395200073719,0.04082123190164566,0.932060182094574,0.008800550363957882
뭔 버튜버하면서 우을증,,걸렷다고 휴식기갖는년은 처맞고싶나,"ㅇㅇ 2025.03.31 21:18:34
조회 42 추천 0 댓글 2",추천 0,조회 42,2025.03.31 21:18:34,https://gall.dcinside.com/mgallery/board/view/?id=skk&no=26226&page=9,0.4876665472984314,0.009795681573450565,0.010541537776589394,0.01327978540211916,0.014204020611941814,0.006348762661218643,0.009520663879811764,0.0645046979188919,0.44522589445114136,0.027436498552560806,0.006519506219774485
명진갈,,먹고싶으신분,"ㅇㅇ 2025.03.31 17:38:13
조회 34 추천 0 댓글 3",추천 0,조회 34,2025.03.31 17:38:13,https://gall.dcinside.com/mgallery/board/view/?id=skk&no=26225&page=9,0.015091235749423504,0.009124723263084888,0.011067863553762436,0.014359581284224987,0.012458795681595802,0.009310782887041569,0.015569871291518211,0.008469823747873306,0.042839907109737396,0.9302712082862854,0.008341996930539608
최저가믿지마세요,,품절이라고 취소됨,"ㅇㅇ 2025.03.31 10:17:05
조회 43 추천 0 댓글 3",추천 0,조회 43,2025.03.31 10:17:05,https://gall.dcinside.com/mgallery/board/view/?id=skk&no=26224&page=9,0.015623534098267555,0.010296209715306759,0.012271806597709656,0.018314458429813385,0.013501591049134731,0.010360194370150566,0.01620953157544136,0.009039783850312233,0.036746371537446976,0.939628541469574,0.0095238471403718
만화 명대사,,네,"ㅇㅇ 2025.03.31 01:59:15
조회 35 추천 1 댓글 2",추천 1,조회 35,2025.03.31 01:59:15,https://gall.dcinside.com/mgallery/board/view/?id=skk&no=26223&page=9,0.01709587499499321,0.011025809682905674,0.012766187079250813,0.01895168237388134,0.013483774848282337,0.009514600038528442,0.017748504877090454,0.009025933220982552,0.034722700715065,0.9419898390769958,0.009805353358387947
안놀아주면 똥싼다,,ㅇㅇ,"ㅇㅇ 2025.03.30 20:46:52
조회 36 추천 0 댓글 1",추천 0,조회 36,2025.03.30 20:46:52,https://gall.dcinside.com/mgallery/board/view/?id=skk&no=26222&page=9,0.018820608034729958,0.010875094681978226,0.012896954081952572,0.0193681251257658,0.013796991668641567,0.009628367610275745,0.017667455598711967,0.009166287258267403,0.033118028193712234,0.9421525597572327,0.009942768141627312
치돈쫄,,허버허버드릉드릉,"ㅇㅇ 2025.03.30 17:55:21
조회 46 추천 0 댓글 4",추천 0,조회 46,2025.03.30 17:55:21,https://gall.dcinside.com/mgallery/board/view/?id=skk&no=26221&page=9,0.025731196627020836,0.008075345307588577,0.00916899461299181,0.021874506026506424,0.008652199059724808,0.01524465624243021,0.01095901895314455,0.0078043751418590546,0.043360594660043716,0.8954205513000488,0.00699908472597599
과제한다고 GPT결제 처음했는데 풀발기사정중,,인생 손해봤다,"Raps 2025.03.30 17:24:48
조회 66 추천 1 댓글 2",추천 1,조회 66,2025.03.30 17:24:48,https://gall.dcinside.com/mgallery/board/view/?id=skk&no=26220&page=9,0.011747445911169052,0.00828514713793993,0.006802751682698727,0.006683059502393007,0.007538295816630125,0.004827022552490234,0.00794935692101717,0.00987979955971241,0.3327729403972626,0.6484350562095642,0.005332051310688257
저녁뭐먹지,,흠,"ㅇㅇ 2025.03.30 16:35:38
조회 35 추천 0 댓글 2",추천 0,조회 35,2025.03.30 16:35:38,https://gall.dcinside.com/mgallery/board/view/?id=skk&no=26219&page=9,0.018498990684747696,0.012019728310406208,0.013803229667246342,0.020254772156476974,0.013780840672552586,0.010732191614806652,0.02022978663444519,0.009406532160937786,0.031015632674098015,0.9472689032554626,0.010596038773655891
치매인가,,방금 비타민 먹엇는지가 기억이 안나,"성갤러(59.18) 2025.03.30 14:06:40
조회 39 추천 0 댓글 3",추천 0,조회 39,2025.03.30 14:06:40,https://gall.dcinside.com/mgallery/board/view/?id=skk&no=26218&page=9,0.013817808590829372,0.00837401207536459,0.011023744009435177,0.017224695533514023,0.01146412082016468,0.00904743280261755,0.014374153688549995,0.00777211831882596,0.04616502672433853,0.9242727756500244,0.007920865900814533
놀자고,,네,"ㅇㅇ 2025.03.30 11:56:01
조회 26 추천 0 댓글 1",추천 0,조회 26,2025.03.30 11:56:01,https://gall.dcinside.com/mgallery/board/view/?id=skk&no=26217&page=9,0.01709587499499321,0.011025809682905674,0.012766187079250813,0.01895168237388134,0.013483774848282337,0.009514600038528442,0.017748504877090454,0.009025933220982552,0.034722700715065,0.9419898390769958,0.009805353358387947
아 시 발,,"부활 물어봣는데 회복인줄 알고 답함
부끄러워졋다","성갤러(59.18) 2025.03.29 21:37:42
조회 47 추천 0 댓글 4",추천 0,조회 47,2025.03.29 21:37:42,https://gall.dcinside.com/mgallery/board/view/?id=skk&no=26216&page=9,0.011845404282212257,0.006677404977381229,0.008133413270115852,0.007964827120304108,0.006931032054126263,0.0066972337663173676,0.007889408618211746,0.007997184991836548,0.18806229531764984,0.7883604764938354,0.005278068594634533
놀자고,,오조오억번외침,"성갤러(59.18) 2025.03.29 19:31:47
조회 26 추천 0 댓글 0",추천 0,조회 26,2025.03.29 19:31:47,https://gall.dcinside.com/mgallery/board/view/?id=skk&no=26215&page=9,0.014758266508579254,0.007705739699304104,0.006791967432945967,0.011760816909372807,0.007548270281404257,0.006281011737883091,0.01110905036330223,0.007424028590321541,0.1051328182220459,0.8458633422851562,0.005497959908097982
아니 이 qna 머냐,,"락스는 유한락스입니다. - 묻고 답하기 - 락스 사용 후에 세탁해도 되나요?

ㅋㅋㅋㅋㅋㅋㅋㅋㅋ","성갤러(59.18) 2025.03.29 17:28:01
조회 37 추천 0 댓글 0",추천 0,조회 37,2025.03.29 17:28:01,https://gall.dcinside.com/mgallery/board/view/?id=skk&no=26214&page=9,0.014173924922943115,0.010554163716733456,0.013281065039336681,0.016584061086177826,0.011147676967084408,0.009574707597494125,0.01615980640053749,0.008311673998832703,0.03968312591314316,0.9337966442108154,0.008577866479754448
헬스장갑시다,,네,"ㅇㅇ(106.101) 2025.03.29 15:13:56
조회 40 추천 0 댓글 2",추천 0,조회 40,2025.03.29 15:13:56,https://gall.dcinside.com/mgallery/board/view/?id=skk&no=26213&page=9,0.01709587499499321,0.011025809682905674,0.012766187079250813,0.01895168237388134,0.013483774848282337,0.009514600038528442,0.017748504877090454,0.009025933220982552,0.034722700715065,0.9419898390769958,0.009805353358387947
할거찾음,,할거찾기,"성갤러(59.18) 2025.03.28 23:40:36
조회 38 추천 0 댓글 3",추천 0,조회 38,2025.03.28 23:40:36,https://gall.dcinside.com/mgallery/board/view/?id=skk&no=26212&page=9,0.014267194084823132,0.008875364437699318,0.009356359019875526,0.011338497512042522,0.010974586941301823,0.007206174544990063,0.011442710645496845,0.008230697363615036,0.06507756561040878,0.9078792333602905,0.0070820520631968975
배빵빵,,브베배빵빵,"ㅇㅇ(106.101) 2025.03.28 22:46:55
조회 33 추천 0 댓글 2",추천 0,조회 33,2025.03.28 22:46:55,https://gall.dcinside.com/mgallery/board/view/?id=skk&no=26211&page=9,0.0224772859364748,0.0082748644053936,0.007922837510704994,0.015553027391433716,0.010158874094486237,0.0063660405576229095,0.009109800681471825,0.007813707925379276,0.06876278668642044,0.9061163663864136,0.006739468313753605
언제요,,네,"ㅇㅇ 2025.03.28 18:13:39
조회 51 추천 0 댓글 15",추천 0,조회 51,2025.03.28 18:13:39,https://gall.dcinside.com/mgallery/board/view/?id=skk&no=26210&page=9,0.01709587499499321,0.011025809682905674,0.012766187079250813,0.01895168237388134,0.013483774848282337,0.009514600038528442,0.017748504877090454,0.009025933220982552,0.034722700715065,0.9419898390769958,0.009805353358387947
카레먹을거면 스타필드가야죠,,님한입먹으면기절함,"ㅇㅇ 2025.03.28 17:12:00
조회 45 추천 1 댓글 4",추천 1,조회 45,2025.03.28 17:12:00,https://gall.dcinside.com/mgallery/board/view/?id=skk&no=26209&page=9,0.016325289383530617,0.015464004129171371,0.010730469599366188,0.008081668987870216,0.00934741273522377,0.005274414550513029,0.008561701513826847,0.0069577498361468315,0.0912948027253151,0.8544219732284546,0.0061446670442819595
한남성욕은진짜레전드다,,ㅉㅉ,"ㅇㅇ 2025.03.28 16:06:53
조회 44 추천 0 댓글 2",추천 0,조회 44,2025.03.28 16:06:53,https://gall.dcinside.com/mgallery/board/view/?id=skk&no=26208&page=9,0.011502123437821865,0.007259759120643139,0.00935792364180088,0.010001062415540218,0.010466957464814186,0.0069257402792572975,0.011409483850002289,0.00861392356455326,0.0876050665974617,0.8847787976264954,0.006646991707384586
코코이찌방야왜주변에없어,,가보고싶은데,"ㅇㅇ(106.101) 2025.03.28 15:53:42
조회 46 추천 0 댓글 6",추천 0,조회 46,2025.03.28 15:53:42,https://gall.dcinside.com/mgallery/board/view/?id=skk&no=26207&page=9,0.01566481776535511,0.010138998739421368,0.012171341106295586,0.017943911254405975,0.012999928556382656,0.010700293816626072,0.017106030136346817,0.008736261166632175,0.03582755848765373,0.9395478963851929,0.00939113087952137
질병갤 < 개씨발 버러지 영포티들 다모아놨노,,퐁퐁이들 마누라한테 못하는 질싸 업소녀한테 대신하고 헤르페스 집단감염 ㅋㅋㅋㅋ,"Raps 2025.03.28 15:43:22
조회 81 추천 0 댓글 2",추천 0,조회 81,2025.03.28 15:43:22,https://gall.dcinside.com/mgallery/board/view/?id=skk&no=26206&page=9,0.9067935943603516,0.029364770278334618,0.04047305881977081,0.05812171846628189,0.009136120788753033,0.009814566001296043,0.011125684715807438,0.04117222875356674,0.08308687806129456,0.059421107172966,0.010656201280653477
와 알파메일의 삶은 ㄹㅇ 레벨이다르노,,첩을 두명이나 들여도 열살 넘게 차이나는 연하녀가 좋다고 매달리네,"Raps 2025.03.28 15:09:28
조회 79 추천 1 댓글 4",추천 1,조회 79,2025.03.28 15:09:28,https://gall.dcinside.com/mgallery/board/view/?id=skk&no=26205&page=9,0.8142051100730896,0.011229789815843105,0.049393430352211,0.2950565814971924,0.01163450162857771,0.007561658974736929,0.027502331882715225,0.05057494342327118,0.060332100838422775,0.05569349601864815,0.012986095622181892
놀자,,요,"ㅇㅇ 2025.03.27 18:29:01
조회 33 추천 0 댓글 1",추천 0,조회 33,2025.03.27 18:29:01,https://gall.dcinside.com/mgallery/board/view/?id=skk&no=26204&page=9,0.017429256811738014,0.011690017767250538,0.013172512874007225,0.019688790664076805,0.01428714394569397,0.010495596565306187,0.018887823447585106,0.00912406388670206,0.03185778856277466,0.9453044533729553,0.010322661139070988
유니 고름단에 찍혓네,,큰일낫네,"ㅇㅇ 2025.03.27 17:37:47
조회 40 추천 0 댓글 1",추천 0,조회 40,2025.03.27 17:37:47,https://gall.dcinside.com/mgallery/board/view/?id=skk&no=26203&page=9,0.016824007034301758,0.010127447545528412,0.010898877866566181,0.018486393615603447,0.01355871744453907,0.009940308518707752,0.019307749345898628,0.00916056428104639,0.03376470133662224,0.9397122263908386,0.009131421335041523
마비노기모바일,,하셧나요,"ㅇㅇ(106.101) 2025.03.27 17:33:58
조회 33 추천 0 댓글 2",추천 0,조회 33,2025.03.27 17:33:58,https://gall.dcinside.com/mgallery/board/view/?id=skk&no=26202&page=10,0.016889171674847603,0.01095471903681755,0.012765464372932911,0.017093678936362267,0.014130955561995506,0.010681426152586937,0.01959482580423355,0.009007216431200504,0.03445156663656235,0.9436299800872803,0.009916610084474087
쪽문공사뭔데,,길막오지네,"ㅇㅇ 2025.03.27 09:09:23
조회 40 추천 0 댓글 2",추천 0,조회 40,2025.03.27 09:09:23,https://gall.dcinside.com/mgallery/board/view/?id=skk&no=26201&page=10,0.01222678367048502,0.010387609712779522,0.008677506819367409,0.005889722611755133,0.0073118507862091064,0.005961967166513205,0.00832328014075756,0.013151467777788639,0.6214863061904907,0.44088131189346313,0.0050843385979533195
한녀 표독함은 세계제일,,남바완다,"ㅇㅇ(211.234) 2025.03.27 00:41:24
조회 47 추천 0 댓글 1",추천 0,조회 47,2025.03.27 00:41:24,https://gall.dcinside.com/mgallery/board/view/?id=skk&no=26200&page=10,0.015557290986180305,0.011674190871417522,0.009882126934826374,0.02239581011235714,0.011386695317924023,0.009242381900548935,0.015532984398305416,0.008059356361627579,0.03498697280883789,0.931754469871521,0.008403182029724121
똥뿌직,,네,"ㅇㅇ 2025.03.26 19:04:28
조회 40 추천 0 댓글 3",추천 0,조회 40,2025.03.26 19:04:28,https://gall.dcinside.com/mgallery/board/view/?id=skk&no=26199&page=10,0.01709587499499321,0.011025809682905674,0.012766187079250813,0.01895168237388134,0.013483774848282337,0.009514600038528442,0.017748504877090454,0.009025933220982552,0.034722700715065,0.9419898390769958,0.009805353358387947
단지증 < 존나웃기네,,ㅅㅂㅋㅋ,"ㅇㅇ(39.117) 2025.03.26 18:19:32
조회 105 추천 0 댓글 2",추천 0,조회 105,2025.03.26 18:19:32,https://gall.dcinside.com/mgallery/board/view/?id=skk&no=26198&page=10,0.01843983866274357,0.013327554799616337,0.017097854986786842,0.014521480537950993,0.012595007196068764,0.012989098206162453,0.01485983096063137,0.029948193579912186,0.9217731952667236,0.04551813378930092,0.009415400214493275
이래도 한국에서 살거야?,,대학원 잘 선택햇구만,"ㅇㅇ(106.101) 2025.03.26 15:52:23
조회 44 추천 0 댓글 2",추천 0,조회 44,2025.03.26 15:52:23,https://gall.dcinside.com/mgallery/board/view/?id=skk&no=26197&page=10,0.01807146519422531,0.011260943487286568,0.012080890126526356,0.020991217344999313,0.014145118184387684,0.0107163917273283,0.01914535090327263,0.009636569768190384,0.028790198266506195,0.9438149333000183,0.009855587966740131
잡시다,,https://youtu.be/wP-kAKqZKSM,"성갤러(119.194) 2025.03.25 23:51:38
조회 30 추천 0 댓글 1",추천 0,조회 30,2025.03.25 23:51:38,https://gall.dcinside.com/mgallery/board/view/?id=skk&no=26196&page=10,0.01530149020254612,0.007589180953800678,0.012884089723229408,0.017842018976807594,0.007940626703202724,0.006104735657572746,0.009513171389698982,0.007913566194474697,0.06752119958400726,0.8881085515022278,0.006803012918680906
저,,녁추천,"ㅇㅇ 2025.03.25 16:50:04
조회 32 추천 0 댓글 2",추천 0,조회 32,2025.03.25 16:50:04,https://gall.dcinside.com/mgallery/board/view/?id=skk&no=26195&page=10,0.02101803570985794,0.010838128626346588,0.011663636192679405,0.019291846081614494,0.012934639118611813,0.010802396573126316,0.01643523760139942,0.008855859749019146,0.028840573504567146,0.9364710450172424,0.008882224559783936
운지마렵노,,앰,"Raps 2025.03.25 11:36:26
조회 48 추천 1 댓글 2",추천 1,조회 48,2025.03.25 11:36:26,https://gall.dcinside.com/mgallery/board/view/?id=skk&no=26194&page=10,0.014010317623615265,0.008135656826198101,0.010240526869893074,0.012497099116444588,0.010561625473201275,0.006818101275712252,0.011643859557807446,0.007986944168806076,0.06152377277612686,0.9049570560455322,0.007069150917232037
이게 그 치어리딩 노래,,https://www.youtube.com/watch?v=g4wL8XL5uaw,"ㅇㅇ(106.101) 2025.03.25 01:04:59
조회 61 추천 0 댓글 2",추천 0,조회 61,2025.03.25 01:04:59,https://gall.dcinside.com/mgallery/board/view/?id=skk&no=26193&page=10,0.014962461777031422,0.007810140959918499,0.010889732278883457,0.014140289276838303,0.009799100458621979,0.006923383567482233,0.011305601336061954,0.00810977816581726,0.05793224647641182,0.9053227305412292,0.006997593212872744
닫는노래,,https://www.youtube.com/watch?v=NeaeJ0u3kR0,"ㅇㅇ(106.101) 2025.03.25 00:02:47
조회 39 추천 0 댓글 3",추천 0,조회 39,2025.03.25 00:02:47,https://gall.dcinside.com/mgallery/board/view/?id=skk&no=26192&page=10,0.016109660267829895,0.007527519483119249,0.011861377395689487,0.015820099040865898,0.009182820096611977,0.0064208186231553555,0.011307675391435623,0.008428732864558697,0.059023354202508926,0.9077181220054626,0.007112610619515181
1가지를 쭉가야되요,,네,"ㅇㅇ 2025.03.24 22:29:23
조회 39 추천 0 댓글 4",추천 0,조회 39,2025.03.24 22:29:23,https://gall.dcinside.com/mgallery/board/view/?id=skk&no=26191&page=10,0.01709587499499321,0.011025809682905674,0.012766187079250813,0.01895168237388134,0.013483774848282337,0.009514600038528442,0.017748504877090454,0.009025933220982552,0.034722700715065,0.9419898390769958,0.009805353358387947
하꼬방 좀 이리암느낌이네,,이리암스럽네,"ㅇㅇ 2025.03.24 22:19:08
조회 45 추천 0 댓글 7",추천 0,조회 45,2025.03.24 22:19:08,https://gall.dcinside.com/mgallery/board/view/?id=skk&no=26190&page=10,0.01523679681122303,0.00895270798355341,0.010343004949390888,0.016904370859265327,0.011196044273674488,0.008886982686817646,0.014717857353389263,0.009147959761321545,0.04171214625239372,0.9284789562225342,0.008195359259843826
만호야,,왜불러,"성갤러(119.194) 2025.03.24 22:17:02
조회 31 추천 0 댓글 0",추천 0,조회 31,2025.03.24 22:17:02,https://gall.dcinside.com/mgallery/board/view/?id=skk&no=26189&page=10,0.015227042138576508,0.006588554475456476,0.009825100190937519,0.010940459556877613,0.010319899767637253,0.006439005024731159,0.01108511071652174,0.008032048121094704,0.07798852771520615,0.8930879235267639,0.006516668014228344
오늘 신규금제,,또너프됨ㅅㅂ,"ㅇㅇ 2025.03.24 00:49:56
조회 40 추천 0 댓글 2",추천 0,조회 40,2025.03.24 00:49:56,https://gall.dcinside.com/mgallery/board/view/?id=skk&no=26188&page=10,0.014397308230400085,0.014389637857675552,0.013114375993609428,0.014394337311387062,0.011462674476206303,0.013270178809762001,0.010674726217985153,0.022188497707247734,0.9047968983650208,0.07127495110034943,0.008523548021912575
사회적문제,,"https://youtu.be/nRrvcOVir1Q?si=xmqd8Klj97owPjEB
 일본 이타다키 여자가 사회문제가 된 이유
협소주택 짓는 영상으로 시작했다가..현재는 건축물 한스푼 넣은 이야기 삼매경안협소채널에 가입하여 영상 제작에 힘을 보태주세요 https://www.youtube.com/channel/UCYYqb06Ym3aeubtHFwA4ECg/join구독과 좋아요는 컨텐츠제작에 큰힘이 됩니다. 감...
youtu.be
네","ㅇㅇ 2025.03.24 00:40:30
조회 41 추천 0 댓글 2",추천 0,조회 41,2025.03.24 00:40:30,https://gall.dcinside.com/mgallery/board/view/?id=skk&no=26187&page=10,0.05244789272546768,0.008402721025049686,0.012362521141767502,0.06263567507266998,0.005966049153357744,0.006146554369479418,0.00891049113124609,0.008271719329059124,0.042673878371715546,0.8241838812828064,0.006796317640691996
내가임베디드를왜,,실험좆같노그냥,"Raps 2025.03.23 19:23:58
조회 50 추천 1 댓글 1",추천 1,조회 50,2025.03.23 19:23:58,https://gall.dcinside.com/mgallery/board/view/?id=skk&no=26186&page=10,0.019048599526286125,0.019152676686644554,0.015068062581121922,0.01422996073961258,0.009259391576051712,0.009189537726342678,0.010738152079284191,0.025317834690213203,0.9158174991607666,0.05871720239520073,0.008000454865396023
어디,,네,"ㅇㅇ 2025.03.23 16:43:47
조회 48 추천 0 댓글 8",추천 0,조회 48,2025.03.23 16:43:47,https://gall.dcinside.com/mgallery/board/view/?id=skk&no=26185&page=10,0.01709587499499321,0.011025809682905674,0.012766187079250813,0.01895168237388134,0.013483774848282337,0.009514600038528442,0.017748504877090454,0.009025933220982552,0.034722700715065,0.9419898390769958,0.009805353358387947
그래서 감?,,언제,"ㅇㅇ(106.101) 2025.03.23 14:58:07
조회 46 추천 0 댓글 3",추천 0,조회 46,2025.03.23 14:58:07,https://gall.dcinside.com/mgallery/board/view/?id=skk&no=26184&page=10,0.015462194569408894,0.009954373352229595,0.012048641219735146,0.01596124842762947,0.013354431837797165,0.008886322379112244,0.01595906913280487,0.008852390572428703,0.040829770267009735,0.9355656504631042,0.008980831131339073
와우,,,"ㅇㅇ(106.101) 2025.03.23 13:15:23
조회 36 추천 0 댓글 0",추천 0,조회 36,2025.03.23 13:15:23,https://gall.dcinside.com/mgallery/board/view/?id=skk&no=26183&page=10,0.0,0.0,0.0,0.0,0.0,0.0,0.0,0.0,0.0,0.0,0.0
랩스는천재,,네,"ㅇㅇ 2025.03.23 00:38:40
조회 29 추천 0 댓글 0",추천 0,조회 29,2025.03.23 00:38:40,https://gall.dcinside.com/mgallery/board/view/?id=skk&no=26182&page=10,0.01709587499499321,0.011025809682905674,0.012766187079250813,0.01895168237388134,0.013483774848282337,0.009514600038528442,0.017748504877090454,0.009025933220982552,0.034722700715065,0.9419898390769958,0.009805353358387947
심심하신분,,네,"ㅇㅇ 2025.03.22 22:54:53
조회 44 추천 0 댓글 9",추천 0,조회 44,2025.03.22 22:54:53,https://gall.dcinside.com/mgallery/board/view/?id=skk&no=26181&page=10,0.01709587499499321,0.011025809682905674,0.012766187079250813,0.01895168237388134,0.013483774848282337,0.009514600038528442,0.017748504877090454,0.009025933220982552,0.034722700715065,0.9419898390769958,0.009805353358387947
세계심심월드컵,,우승했습니다.,"ㅇㅇ 2025.03.22 20:13:37
조회 47 추천 0 댓글 5",추천 0,조회 47,2025.03.22 20:13:37,https://gall.dcinside.com/mgallery/board/view/?id=skk&no=26180&page=10,0.01786886900663376,0.01351139321923256,0.014775047078728676,0.021964693441987038,0.014090998098254204,0.010965299792587757,0.020460763946175575,0.009133401326835155,0.028780801221728325,0.9484909772872925,0.010835009627044201
그래서 감?,,아님말고,"성갤러(121.168) 2025.03.22 20:09:18
조회 54 추천 0 댓글 6",추천 0,조회 54,2025.03.22 20:09:18,https://gall.dcinside.com/mgallery/board/view/?id=skk&no=26179&page=10,0.014085317961871624,0.008478882722556591,0.01017675455659628,0.014128688722848892,0.011333918198943138,0.008256278932094574,0.013315183110535145,0.008802700787782669,0.05033790320158005,0.9212514758110046,0.007474437355995178
와 수소폭탄 떨어뜨리는 소리,,,"성갤러(121.168) 2025.03.22 17:36:06
조회 34 추천 1 댓글 0",추천 1,조회 34,2025.03.22 17:36:06,https://gall.dcinside.com/mgallery/board/view/?id=skk&no=26178&page=10,0.0,0.0,0.0,0.0,0.0,0.0,0.0,0.0,0.0,0.0,0.0
오늘인가요,,굶어말어,"ㅇㅇ 2025.03.22 14:33:33
조회 44 추천 0 댓글 5",추천 0,조회 44,2025.03.22 14:33:33,https://gall.dcinside.com/mgallery/board/view/?id=skk&no=26177&page=10,0.012134147807955742,0.0069725289940834045,0.006492490880191326,0.0084465891122818,0.009265903383493423,0.005457574035972357,0.009807134978473186,0.012332888320088387,0.588577926158905,0.3988370895385742,0.005550125148147345
아 몽딩이,,믕밍시티의대믕밍이야,"ㅇㅇ(106.101) 2025.03.22 12:09:00
조회 29 추천 0 댓글 1",추천 0,조회 29,2025.03.22 12:09:00,https://gall.dcinside.com/mgallery/board/view/?id=skk&no=26176&page=10,0.020092694088816643,0.006680799648165703,0.007316693663597107,0.01679254323244095,0.01176780741661787,0.020671404898166656,0.010745949111878872,0.008670995943248272,0.040945105254650116,0.8798856735229492,0.006518440321087837
바밤바밤밤바,,바밤바밤밤바,"성갤러(121.168) 2025.03.21 23:22:21
조회 32 추천 0 댓글 0",추천 0,조회 32,2025.03.21 23:22:21,https://gall.dcinside.com/mgallery/board/view/?id=skk&no=26175&page=10,0.013280564919114113,0.00715223653241992,0.009036858566105366,0.006935388781130314,0.008342395536601543,0.005442464724183083,0.007744898553937674,0.010253077372908592,0.5609554648399353,0.433847039937973,0.005455447360873222
놀,,놀놀놀,"ㅇㅇ 2025.03.21 21:24:13
조회 31 추천 0 댓글 3",추천 0,조회 31,2025.03.21 21:24:13,https://gall.dcinside.com/mgallery/board/view/?id=skk&no=26174&page=10,0.015572709031403065,0.008603297173976898,0.00984400324523449,0.015665192157030106,0.011850797571241856,0.008862696588039398,0.013660907745361328,0.008478482253849506,0.04492572322487831,0.9237565994262695,0.007688968442380428
아~,,이스크림,"성갤러(115.145) 2025.03.21 19:30:33
조회 36 추천 0 댓글 5",추천 0,조회 36,2025.03.21 19:30:33,https://gall.dcinside.com/mgallery/board/view/?id=skk&no=26173&page=10,0.0174433421343565,0.01218369510024786,0.01212313398718834,0.020087845623493195,0.014232705347239971,0.01012769527733326,0.019184017553925514,0.0091988081112504,0.030911527574062347,0.9445608258247375,0.009951230138540268
치매걸리면 벽에똥바르는이유,,재밌어서,"ㅇㅇ 2025.03.21 00:48:31
조회 54 추천 0 댓글 2",추천 0,조회 54,2025.03.21 00:48:31,https://gall.dcinside.com/mgallery/board/view/?id=skk&no=26172&page=10,0.018982192501425743,0.013169421814382076,0.013950245454907417,0.023133104667067528,0.014994937926530838,0.011069612577557564,0.02016463875770569,0.009307575412094593,0.028601108118891716,0.9497404098510742,0.01107873022556305
이세상에 술담배커피가있는이유,,그런거였나,"ㅇㅇ 2025.03.21 00:09:00
조회 40 추천 1 댓글 2",추천 1,조회 40,2025.03.21 00:09:00,https://gall.dcinside.com/mgallery/board/view/?id=skk&no=26171&page=10,0.01692477986216545,0.011266827583312988,0.011828716844320297,0.02009779028594494,0.014423727057874203,0.01063032727688551,0.018883144482970238,0.009342464618384838,0.03421296551823616,0.9464297294616699,0.010286476463079453
놀자,,고,"성갤러(121.168) 2025.03.20 22:09:20
조회 30 추천 0 댓글 1",추천 0,조회 30,2025.03.20 22:09:20,https://gall.dcinside.com/mgallery/board/view/?id=skk&no=26170&page=10,0.016945181414484978,0.011123942211270332,0.01206121500581503,0.01799534447491169,0.0133759044110775,0.00940859317779541,0.016283677890896797,0.009117384441196918,0.03620312362909317,0.9403911828994751,0.009550861082971096
백종원 << 요식업의 신인듯,,숭배합니다,"Raps 2025.03.20 14:26:05
조회 49 추천 1 댓글 2",추천 1,조회 49,2025.03.20 14:26:05,https://gall.dcinside.com/mgallery/board/view/?id=skk&no=26169&page=10,0.011623769998550415,0.007484090980142355,0.011325852945446968,0.01620744727551937,0.009448947384953499,0.00978554505854845,0.03024480864405632,0.008043168112635612,0.039691515266895294,0.9087677597999573,0.007358183618634939
와우,,와우~,"ㅇㅇ 2025.03.19 22:34:36
조회 35 추천 0 댓글 1",추천 0,조회 35,2025.03.19 22:34:36,https://gall.dcinside.com/mgallery/board/view/?id=skk&no=26168&page=10,0.018960539251565933,0.012575827538967133,0.014059554785490036,0.021776961162686348,0.014588800258934498,0.01120571419596672,0.022407401353120804,0.00951603427529335,0.028391823172569275,0.9503788352012634,0.011172334663569927
;;,,,"성갤러(121.168) 2025.03.19 21:08:51
조회 36 추천 1 댓글 2",추천 1,조회 36,2025.03.19 21:08:51,https://gall.dcinside.com/mgallery/board/view/?id=skk&no=26167&page=10,0.0,0.0,0.0,0.0,0.0,0.0,0.0,0.0,0.0,0.0,0.0
내 어린시절 우연히,,들었던 믿지못할 한마디,"ㅇㅇ(106.101) 2025.03.19 18:53:46
조회 35 추천 0 댓글 3",추천 0,조회 35,2025.03.19 18:53:46,https://gall.dcinside.com/mgallery/board/view/?id=skk&no=26166&page=10,0.011980893090367317,0.007779516279697418,0.009196165949106216,0.01168618444353342,0.008949993178248405,0.008219004608690739,0.012657908722758293,0.00869910977780819,0.0673985555768013,0.8976967334747314,0.006406494881957769
이틀만에가고싶어진,,이유가멀까요,"ㅇㅇ 2025.03.18 03:06:02
조회 45 추천 0 댓글 1",추천 0,조회 45,2025.03.18 03:06:02,https://gall.dcinside.com/mgallery/board/view/?id=skk&no=26165&page=10,0.018269812688231468,0.010647978633642197,0.012662057764828205,0.017020903527736664,0.012458310462534428,0.009693569503724575,0.0173492394387722,0.009233222343027592,0.033192239701747894,0.9385147094726562,0.009092307649552822
진짜졸업시키네,,실베보고알앗어요,"ㅇㅇ 2025.03.18 02:36:56
조회 37 추천 0 댓글 0",추천 0,조회 37,2025.03.18 02:36:56,https://gall.dcinside.com/mgallery/board/view/?id=skk&no=26164&page=10,0.017948543652892113,0.009789097122848034,0.010906890034675598,0.018436066806316376,0.012577549554407597,0.009328269399702549,0.014997662976384163,0.008561689406633377,0.036617211997509,0.9356657862663269,0.008571510203182697
랩쮸야,,6장재밋니,"ㅇㅇ 2025.03.18 02:09:46
조회 33 추천 0 댓글 0",추천 0,조회 33,2025.03.18 02:09:46,https://gall.dcinside.com/mgallery/board/view/?id=skk&no=26163&page=10,0.01724875718355179,0.013341682963073254,0.013811195269227028,0.020035572350025177,0.013775189407169819,0.010520793497562408,0.01844850927591324,0.008994456380605698,0.030451204627752304,0.9457427859306335,0.010229055769741535
님아 애슐리 ㄱ?,,,"ㅇㅇ(106.101) 2025.03.18 01:58:06
조회 51 추천 1 댓글 5",추천 1,조회 51,2025.03.18 01:58:06,https://gall.dcinside.com/mgallery/board/view/?id=skk&no=26162&page=10,0.0,0.0,0.0,0.0,0.0,0.0,0.0,0.0,0.0,0.0,0.0
닫는노래,,https://www.youtube.com/watch?v=y80KcI36w1M,"ㅇㅇ(106.101) 2025.03.18 01:51:11
조회 24 추천 0 댓글 1",추천 0,조회 24,2025.03.18 01:51:11,https://gall.dcinside.com/mgallery/board/view/?id=skk&no=26161&page=10,0.014574680477380753,0.007754707243293524,0.011109684593975544,0.014506611973047256,0.009781151078641415,0.007050339598208666,0.012001468800008297,0.00812994409352541,0.056934066116809845,0.9095617532730103,0.0071607474237680435
방본만) 누더기 어쩌고 1-1화,,하차했습니다,"ㅇㅇ 2025.03.18 01:08:56
조회 41 추천 0 댓글 5",추천 0,조회 41,2025.03.18 01:08:56,https://gall.dcinside.com/mgallery/board/view/?id=skk&no=26160&page=10,0.017355086281895638,0.010955789126455784,0.012452972121536732,0.016151538118720055,0.01320961955934763,0.009740588255226612,0.016111738979816437,0.009232720360159874,0.03779486194252968,0.9411950707435608,0.009397082030773163
아니 이게 뭔,,줫같은소리야,"성갤러(121.168) 2025.03.18 00:12:35
조회 41 추천 1 댓글 3",추천 1,조회 41,2025.03.18 00:12:35,https://gall.dcinside.com/mgallery/board/view/?id=skk&no=26159&page=10,0.01570744626224041,0.01123066246509552,0.012800692580640316,0.012604673393070698,0.010306281968951225,0.011857478879392147,0.010790633037686348,0.020691772922873497,0.8876664042472839,0.08079604804515839,0.007700196001678705
누더기 투성이 용사 이거 맛있네,,"별미네 별미
함무봐라","성갤러(121.168) 2025.03.17 23:39:19
조회 52 추천 0 댓글 0",추천 0,조회 52,2025.03.17 23:39:19,https://gall.dcinside.com/mgallery/board/view/?id=skk&no=26158&page=10,0.01578430086374283,0.005613935180008411,0.007743528578430414,0.009053964167833328,0.007445669267326593,0.006508563179522753,0.008776374161243439,0.008382906205952168,0.13661924004554749,0.8199630975723267,0.005075919907540083
이거 그거잖아,,물수건이랑 물이 나온 그거,"성갤러(121.168) 2025.03.17 21:32:30
조회 38 추천 1 댓글 3",추천 1,조회 38,2025.03.17 21:32:30,https://gall.dcinside.com/mgallery/board/view/?id=skk&no=26157&page=10,0.016535626724362373,0.01016266644001007,0.011593230068683624,0.017898444086313248,0.013739814050495625,0.009788274765014648,0.017875859513878822,0.00894789956510067,0.03525185212492943,0.9398584365844727,0.00929468497633934
シムシム,,ね,"ㅇㅇ 2025.03.17 15:17:39
조회 34 추천 0 댓글 1",추천 0,조회 34,2025.03.17 15:17:39,https://gall.dcinside.com/mgallery/board/view/?id=skk&no=26156&page=10,0.013799900189042091,0.007598220836371183,0.009628263302147388,0.010993804782629013,0.010585370473563671,0.006519246380776167,0.01077959407120943,0.008352088741958141,0.07447490096092224,0.8943235278129578,0.00675969710573554
아 응애에요,,응애,"성갤러(121.168) 2025.03.16 21:51:27
조회 33 추천 0 댓글 1",추천 0,조회 33,2025.03.16 21:51:27,https://gall.dcinside.com/mgallery/board/view/?id=skk&no=26155&page=10,0.01730206608772278,0.01022574957460165,0.01267219614237547,0.017128093168139458,0.012009642086923122,0.008147249929606915,0.014614865183830261,0.008130990900099277,0.03898902237415314,0.9325366020202637,0.008671115152537823
심심~~~허다,,ㅇㅇ,"ㅇㅇ 2025.03.16 19:12:20
조회 36 추천 0 댓글 0",추천 0,조회 36,2025.03.16 19:12:20,https://gall.dcinside.com/mgallery/board/view/?id=skk&no=26154&page=10,0.018820608034729958,0.010875094681978226,0.012896954081952572,0.0193681251257658,0.013796991668641567,0.009628367610275745,0.017667455598711967,0.009166287258267403,0.033118028193712234,0.9421525597572327,0.009942768141627312
문득 느낀건데,,"뭐든지 일장일단이 있는듯
우린 그래도 대학원 선택의 폭이 우리학교 연고대 설포카까지 있는데
설대나 카이스트 애들이라고 해서 다 자대 원하는랩실 갈수있는거도 아니란걸 생각하면
우린 오히려 선택의 폭이 넓은듯
물론 학부 성대는 운신의 폭이 설카보다 좁긴하지만말야
설카가서 원하는랩실 못가면 자괴감 상당했을듯","ㅇㅇ(211.234) 2025.03.16 17:20:19
조회 50 추천 0 댓글 0",추천 0,조회 50,2025.03.16 17:20:19,https://gall.dcinside.com/mgallery/board/view/?id=skk&no=26153&page=10,0.02386179193854332,0.010408897884190083,0.017399022355675697,0.019221939146518707,0.011290048249065876,0.0074476501904428005,0.01270927395671606,0.01246736478060484,0.03522326797246933,0.9274573922157288,0.009092613123357296
ㅋㅋㅋㅋㅋ,,의문의 유럽팀 팬,"성갤러(121.168) 2025.03.16 17:01:18
조회 31 추천 1 댓글 0",추천 1,조회 31,2025.03.16 17:01:18,https://gall.dcinside.com/mgallery/board/view/?id=skk&no=26152&page=11,0.01784517802298069,0.011437014676630497,0.012935960665345192,0.02493346482515335,0.014620513655245304,0.010124537162482738,0.01924104057252407,0.009463055990636349,0.02777942270040512,0.9455947279930115,0.010060947388410568
문명,,6하자,"성갤러(121.168) 2025.03.16 00:15:36
조회 34 추천 0 댓글 0",추천 0,조회 34,2025.03.16 00:15:36,https://gall.dcinside.com/mgallery/board/view/?id=skk&no=26151&page=11,0.017270151525735855,0.01122357975691557,0.012367354705929756,0.017918787896633148,0.01282246969640255,0.009209005162119865,0.015656497329473495,0.00874541699886322,0.03491663560271263,0.9379855394363403,0.009036819450557232
심심~~~~허다,,ㅇㅇ,"ㅇㅇ 2025.03.15 21:47:19
조회 24 추천 0 댓글 1",추천 0,조회 24,2025.03.15 21:47:19,https://gall.dcinside.com/mgallery/board/view/?id=skk&no=26150&page=11,0.018820608034729958,0.010875094681978226,0.012896954081952572,0.0193681251257658,0.013796991668641567,0.009628367610275745,0.017667455598711967,0.009166287258267403,0.033118028193712234,0.9421525597572327,0.009942768141627312
여기어때,,스이센 광교,"성갤러(121.168) 2025.03.15 17:16:01
조회 57 추천 0 댓글 0",추천 0,조회 57,2025.03.15 17:16:01,https://gall.dcinside.com/mgallery/board/view/?id=skk&no=26149&page=11,0.01505506131798029,0.007279247976839542,0.014862540178000927,0.051429130136966705,0.009197751060128212,0.020894303917884827,0.04937015101313591,0.008448814041912556,0.021143151447176933,0.8987743854522705,0.00857544131577015
혼슐리,,네,"ㅇㅇ 2025.03.15 16:58:47
조회 43 추천 0 댓글 2",추천 0,조회 43,2025.03.15 16:58:47,https://gall.dcinside.com/mgallery/board/view/?id=skk&no=26148&page=11,0.01709587499499321,0.011025809682905674,0.012766187079250813,0.01895168237388134,0.013483774848282337,0.009514600038528442,0.017748504877090454,0.009025933220982552,0.034722700715065,0.9419898390769958,0.009805353358387947
놀자고,,고자놀,"성갤러(121.168) 2025.03.15 14:11:22
조회 40 추천 0 댓글 4",추천 0,조회 40,2025.03.15 14:11:22,https://gall.dcinside.com/mgallery/board/view/?id=skk&no=26147&page=11,0.01965983957052231,0.01736314781010151,0.010623564012348652,0.011396163143217564,0.008707613684237003,0.006769536063075066,0.009193046018481255,0.007852748967707157,0.05606186017394066,0.8998512625694275,0.006795187946408987
아니 율전 피자헛은 1+1 제외네,,배짱장사 ㅅㅂ;,"Raps 2025.03.15 02:32:43
조회 56 추천 0 댓글 4",추천 0,조회 56,2025.03.15 02:32:43,https://gall.dcinside.com/mgallery/board/view/?id=skk&no=26146&page=11,0.016213281080126762,0.012940765358507633,0.01376139186322689,0.016371533274650574,0.01222294196486473,0.016498247161507607,0.019874723628163338,0.05859057605266571,0.9096251726150513,0.036848075687885284,0.00949604157358408
아 돈을 벌고싶구나,,,"ㅇㅇ(106.101) 2025.03.15 01:57:35
조회 36 추천 0 댓글 0",추천 0,조회 36,2025.03.15 01:57:35,https://gall.dcinside.com/mgallery/board/view/?id=skk&no=26145&page=11,0.0,0.0,0.0,0.0,0.0,0.0,0.0,0.0,0.0,0.0,0.0
주말에 진짜 뭐하냐,,할게너무없는데요,"ㅇㅇ(106.101) 2025.03.15 01:42:45
조회 34 추천 0 댓글 2",추천 0,조회 34,2025.03.15 01:42:45,https://gall.dcinside.com/mgallery/board/view/?id=skk&no=26144&page=11,0.013128780759871006,0.006444886326789856,0.008949095383286476,0.009843342937529087,0.010210205800831318,0.0070535847917199135,0.010974649339914322,0.008679341524839401,0.08385550230741501,0.8798034191131592,0.0064980327151715755
2기내용노잼이네,,왜하차햇는지기억남,"ㅇㅇ 2025.03.15 01:31:05
조회 36 추천 0 댓글 2",추천 0,조회 36,2025.03.15 01:31:05,https://gall.dcinside.com/mgallery/board/view/?id=skk&no=26143&page=11,0.01416373997926712,0.008288014680147171,0.011079319752752781,0.013710501603782177,0.012123269028961658,0.008980941027402878,0.01389570627361536,0.008289113640785217,0.04846285283565521,0.9215623736381531,0.0075680711306631565
리제로 메이플표절임?,,메르스토리뺏겻농?,"ㅇㅇ 2025.03.14 23:49:29
조회 52 추천 0 댓글 7",추천 0,조회 52,2025.03.14 23:49:29,https://gall.dcinside.com/mgallery/board/view/?id=skk&no=26142&page=11,0.012644674628973007,0.008318295702338219,0.008593736216425896,0.013539278879761696,0.011374495923519135,0.009177038446068764,0.013196454383432865,0.00802544318139553,0.05010780319571495,0.9079928398132324,0.00696706073358655
놀자잉,,잉자놀,"성갤러(220.78) 2025.03.14 23:08:11
조회 35 추천 0 댓글 4",추천 0,조회 35,2025.03.14 23:08:11,https://gall.dcinside.com/mgallery/board/view/?id=skk&no=26141&page=11,0.028635581955313683,0.08025739341974258,0.00997662078589201,0.005934657528996468,0.00733174430206418,0.0057227094657719135,0.008066896349191666,0.01321288850158453,0.13356424868106842,0.7158274054527283,0.006179425399750471
지코바먹고싶네,,ㅇㅇ;,"ㅇㅇ 2025.03.14 17:31:54
조회 34 추천 0 댓글 1",추천 0,조회 34,2025.03.14 17:31:54,https://gall.dcinside.com/mgallery/board/view/?id=skk&no=26140&page=11,0.0190868116915226,0.011261963285505772,0.012977193109691143,0.019843537360429764,0.014356463216245174,0.010364077985286713,0.019008826464414597,0.009438902139663696,0.031132139265537262,0.9457364082336426,0.010241503827273846
롯데리아 프루지오점 < Goat임,,절대 성대점을 가지마,"Raps 2025.03.14 17:02:37
조회 47 추천 1 댓글 5",추천 1,조회 47,2025.03.14 17:02:37,https://gall.dcinside.com/mgallery/board/view/?id=skk&no=26139&page=11,0.01953531987965107,0.010753728449344635,0.014595761895179749,0.010978852398693562,0.009317968040704727,0.008512856438755989,0.012912156991660595,0.008329667150974274,0.04633661359548569,0.917819619178772,0.007656286936253309
랩스,,야,"ㅇㅇ 2025.03.14 15:10:53
조회 25 추천 0 댓글 0",추천 0,조회 25,2025.03.14 15:10:53,https://gall.dcinside.com/mgallery/board/view/?id=skk&no=26138&page=11,0.017661167308688164,0.011116250418126583,0.012692682445049286,0.018329573795199394,0.014093001373112202,0.009722147136926651,0.018074870109558105,0.009132664650678635,0.035011135041713715,0.9433647394180298,0.009972651489078999
어우 심심해결,,"https://m.dcinside.com/board/loan_new1/12309211
 화이트데이 기념 사탕 2행시 선착순 3명 띱. - 대출 갤러리
띱.
m.dcinside.com

만갤 어그로보다 더 재밋어","ㅇㅇ(106.101) 2025.03.14 03:25:11
조회 36 추천 0 댓글 2",추천 0,조회 36,2025.03.14 03:25:11,https://gall.dcinside.com/mgallery/board/view/?id=skk&no=26137&page=11,0.01912057213485241,0.009435201995074749,0.010346724651753902,0.01372426189482212,0.009206881746649742,0.006529748905450106,0.00925292819738388,0.008521808311343193,0.06254354119300842,0.9004188179969788,0.006827859207987785
lp사러같이가줄,,그런여자없으려나,"ㅇㅇ(106.101) 2025.03.14 00:30:34
조회 46 추천 0 댓글 2",추천 0,조회 46,2025.03.14 00:30:34,https://gall.dcinside.com/mgallery/board/view/?id=skk&no=26136&page=11,0.02719968743622303,0.008567353710532188,0.009467375464737415,0.014336135238409042,0.010493878275156021,0.007753732148557901,0.012562228366732597,0.00893760472536087,0.0421743281185627,0.9199640154838562,0.007294330280274153
너무보고싶어,,견디기힘들어,"ㅇㅇ 2025.03.13 23:58:37
조회 33 추천 0 댓글 0",추천 0,조회 33,2025.03.13 23:58:37,https://gall.dcinside.com/mgallery/board/view/?id=skk&no=26135&page=11,0.016365308314561844,0.009799164719879627,0.01067795418202877,0.0149089889600873,0.012455470860004425,0.008908583782613277,0.01515391655266285,0.008881784044206142,0.04108596220612526,0.9311423301696777,0.008563312701880932
다행이다~,,,"ㅇㅇ(106.101) 2025.03.13 23:58:16
조회 47 추천 1 댓글 3",추천 1,조회 47,2025.03.13 23:58:16,https://gall.dcinside.com/mgallery/board/view/?id=skk&no=26134&page=11,0.0,0.0,0.0,0.0,0.0,0.0,0.0,0.0,0.0,0.0,0.0
왜,,뭐,"Raps 2025.03.13 23:37:00
조회 49 추천 0 댓글 2",추천 0,조회 49,2025.03.13 23:37:00,https://gall.dcinside.com/mgallery/board/view/?id=skk&no=26133&page=11,0.017478512600064278,0.010364136658608913,0.011746620759367943,0.01799083687365055,0.013570655137300491,0.00962726678699255,0.01768847182393074,0.009147527627646923,0.03568753972649574,0.940309464931488,0.00950361043214798
일본특),,sign을 싱그로 읽음,"성갤러(115.23) 2025.03.13 21:18:32
조회 37 추천 0 댓글 1",추천 0,조회 37,2025.03.13 21:18:32,https://gall.dcinside.com/mgallery/board/view/?id=skk&no=26132&page=11,0.01540588028728962,0.00853616651147604,0.010119855403900146,0.02043883688747883,0.012433360330760479,0.008843517862260342,0.015145301818847656,0.008381103165447712,0.03753723204135895,0.9289197325706482,0.007951647974550724
놀실분,,네,"ㅇㅇ 2025.03.13 20:26:49
조회 45 추천 0 댓글 6",추천 0,조회 45,2025.03.13 20:26:49,https://gall.dcinside.com/mgallery/board/view/?id=skk&no=26131&page=11,0.01709587499499321,0.011025809682905674,0.012766187079250813,0.01895168237388134,0.013483774848282337,0.009514600038528442,0.017748504877090454,0.009025933220982552,0.034722700715065,0.9419898390769958,0.009805353358387947
아씨~발,,이어폰 블투연결 왤케끊김 갑자기,"ㅇㅇ(106.101) 2025.03.13 20:18:06
조회 34 추천 0 댓글 2",추천 0,조회 34,2025.03.13 20:18:06,https://gall.dcinside.com/mgallery/board/view/?id=skk&no=26130&page=11,0.01693709008395672,0.010267483070492744,0.011218009516596794,0.015382872894406319,0.01091589592397213,0.007473046891391277,0.012701654806733131,0.008360288105905056,0.04282332584261894,0.922663688659668,0.0077148498967289925
키사키 한섭 이제 실장이네,,이미 다 즐겼는데 뒷북오지노,"Raps 2025.03.13 20:07:16
조회 42 추천 0 댓글 2",추천 0,조회 42,2025.03.13 20:07:16,https://gall.dcinside.com/mgallery/board/view/?id=skk&no=26129&page=11,0.008153025060892105,0.012286791577935219,0.007771394681185484,0.007804843597114086,0.007442794274538755,0.007865624502301216,0.007682422176003456,0.011280487291514874,0.6503230333328247,0.3660503029823303,0.005650108214467764
치킨먹어야겟다,,애슐리그게뭔데,"ㅇㅇ(106.101) 2025.03.13 19:12:04
조회 33 추천 0 댓글 1",추천 0,조회 33,2025.03.13 19:12:04,https://gall.dcinside.com/mgallery/board/view/?id=skk&no=26128&page=11,0.023042624816298485,0.008979519829154015,0.011626864783465862,0.01728193089365959,0.010271428152918816,0.006821395829319954,0.013158036395907402,0.008602594025433064,0.03822480887174606,0.9229357242584229,0.0076100886799395084
왜 커피마셧는데,,잠이오지,"ㅇㅇ(106.101) 2025.03.13 15:41:36
조회 31 추천 0 댓글 0",추천 0,조회 31,2025.03.13 15:41:36,https://gall.dcinside.com/mgallery/board/view/?id=skk&no=26127&page=11,0.013061893172562122,0.00796276330947876,0.00983735453337431,0.010887513868510723,0.010822552256286144,0.007604430429637432,0.0114038260653615,0.007633713074028492,0.06756806373596191,0.8986544013023376,0.00689913472160697
랩스야,,스스야,"ㅇㅇ 2025.03.13 03:04:48
조회 35 추천 0 댓글 0",추천 0,조회 35,2025.03.13 03:04:48,https://gall.dcinside.com/mgallery/board/view/?id=skk&no=26126&page=11,0.01666836068034172,0.011503745801746845,0.011597411707043648,0.021945662796497345,0.01383118238300085,0.00953572615981102,0.019487008452415466,0.00862298347055912,0.03151414170861244,0.9427698850631714,0.009496673010289669
엥 진짜되네,,머지,"ㅇㅇ(219.100) 2025.03.12 22:46:03
조회 43 추천 0 댓글 3",추천 0,조회 43,2025.03.12 22:46:03,https://gall.dcinside.com/mgallery/board/view/?id=skk&no=26125&page=11,0.01772191748023033,0.010451924987137318,0.012038287706673145,0.019227076321840286,0.013912363909184933,0.009564082138240337,0.018976349383592606,0.009094241075217724,0.03380587697029114,0.9419292211532593,0.00977142434567213
충격속보,,"친구가 히마챗일본 vpn쓰니까된대요

시발","ㅇㅇ 2025.03.12 22:18:35
조회 53 추천 0 댓글 3",추천 0,조회 53,2025.03.12 22:18:35,https://gall.dcinside.com/mgallery/board/view/?id=skk&no=26124&page=11,0.016169758513569832,0.012132428586483002,0.014444341883063316,0.016783254221081734,0.010894371196627617,0.01020760927349329,0.012628807686269283,0.02926119603216648,0.9003474116325378,0.052315641194581985,0.007707199081778526
쓰리투원,,고~슛,"성갤러(115.23) 2025.03.12 18:41:50
조회 53 추천 0 댓글 4",추천 0,조회 53,2025.03.12 18:41:50,https://gall.dcinside.com/mgallery/board/view/?id=skk&no=26123&page=11,0.017893539741635323,0.01258749607950449,0.012065943330526352,0.018174439668655396,0.013620700687170029,0.010720589198172092,0.017731765285134315,0.009046748280525208,0.03294780105352402,0.9442746043205261,0.009846345521509647
이번학기도 무사히 완주 가능할것같다,,근들갑이었구나,"Raps 2025.03.12 15:28:54
조회 50 추천 0 댓글 1",추천 0,조회 50,2025.03.12 15:28:54,https://gall.dcinside.com/mgallery/board/view/?id=skk&no=26122&page=11,0.0147091681137681,0.010234782472252846,0.010500406846404076,0.01797078736126423,0.014133061282336712,0.011718528345227242,0.01764557883143425,0.008756333030760288,0.035155754536390305,0.938918948173523,0.00912406388670206
재밋다,,https://youtu.be/G_XV8x4FFeY?si=a6q8oRGr5JdAWN2u,"ㅇㅇ(106.101) 2025.03.12 12:36:43
조회 33 추천 0 댓글 1",추천 0,조회 33,2025.03.12 12:36:43,https://gall.dcinside.com/mgallery/board/view/?id=skk&no=26121&page=11,0.017451712861657143,0.008120356127619743,0.014007610268890858,0.0157100111246109,0.009006050415337086,0.005822633393108845,0.011182564310729504,0.008913485333323479,0.05468292906880379,0.9051249027252197,0.007154170423746109
뭐,,왜,"Raps 2025.03.12 01:04:57
조회 35 추천 0 댓글 1",추천 0,조회 35,2025.03.12 01:04:57,https://gall.dcinside.com/mgallery/board/view/?id=skk&no=26120&page=11,0.014831515029072762,0.008966316469013691,0.011509097181260586,0.014841009862720966,0.01190901082009077,0.008087419904768467,0.014441668055951595,0.00857528019696474,0.05014127492904663,0.9291071891784668,0.008300499059259892
이제 창문열고자도되나,,되나요,"ㅇㅇ 2025.03.11 23:58:24
조회 34 추천 0 댓글 2",추천 0,조회 34,2025.03.11 23:58:24,https://gall.dcinside.com/mgallery/board/view/?id=skk&no=26119&page=11,0.01763736456632614,0.011281725950539112,0.013361910358071327,0.019105160608887672,0.013534318655729294,0.009725306183099747,0.019368333742022514,0.009335925802588463,0.033080823719501495,0.9441705346107483,0.010159731842577457
랩쮸쮸야,,랩거스야,"ㅇㅇ 2025.03.11 22:05:59
조회 36 추천 0 댓글 0",추천 0,조회 36,2025.03.11 22:05:59,https://gall.dcinside.com/mgallery/board/view/?id=skk&no=26118&page=11,0.019769662991166115,0.013185990042984486,0.01243500504642725,0.025189075618982315,0.014488264918327332,0.010147353634238243,0.020096296444535255,0.009079797193408012,0.027106603607535362,0.9468085169792175,0.010513811372220516
일본도 페미가 좀 그렇나보네,,페미한테 혼나니까 << 이런말을하네요,"성갤러(115.23) 2025.03.11 21:16:52
조회 41 추천 0 댓글 4",추천 0,조회 41,2025.03.11 21:16:52,https://gall.dcinside.com/mgallery/board/view/?id=skk&no=26117&page=11,0.8766252994537354,0.014423700049519539,0.010276349261403084,0.03013719990849495,0.015341682359576225,0.013607165776193142,0.013607120141386986,0.03622937947511673,0.057730212807655334,0.08539435267448425,0.008370762690901756
유튜브로 애슐리봣는데,,왤케 싼마이느낌나지,"ㅇㅇ 2025.03.11 20:27:24
조회 39 추천 0 댓글 2",추천 0,조회 39,2025.03.11 20:27:24,https://gall.dcinside.com/mgallery/board/view/?id=skk&no=26116&page=11,0.010892553254961967,0.005879165139049292,0.008449860848486423,0.011261124163866043,0.007324858568608761,0.007921787910163403,0.005779300816357136,0.0110709173604846,0.25933176279067993,0.6265490651130676,0.005093857645988464
피규어옴,,코팅,"ㅇㅇ 2025.03.11 20:01:12
조회 41 추천 0 댓글 2",추천 0,조회 41,2025.03.11 20:01:12,https://gall.dcinside.com/mgallery/board/view/?id=skk&no=26115&page=11,0.01699402928352356,0.012154404073953629,0.01221294142305851,0.020143192261457443,0.013678465969860554,0.010421051643788815,0.0193877425044775,0.009077776223421097,0.03208952397108078,0.9460206031799316,0.01004782784730196
애슐리가고싶다,,갑자기그런생각이드네,"ㅇㅇ(106.101) 2025.03.11 17:45:06
조회 41 추천 0 댓글 4",추천 0,조회 41,2025.03.11 17:45:06,https://gall.dcinside.com/mgallery/board/view/?id=skk&no=26114&page=11,0.016335446387529373,0.010589871555566788,0.012307948432862759,0.01887785829603672,0.014302685856819153,0.010443883948028088,0.018826963379979134,0.008865960873663425,0.03508327901363373,0.9441478252410889,0.009868685156106949
아 수업듣기싫어,,힝힝,"ㅇㅇ(106.101) 2025.03.11 10:49:29
조회 49 추천 0 댓글 3",추천 0,조회 49,2025.03.11 10:49:29,https://gall.dcinside.com/mgallery/board/view/?id=skk&no=26113&page=11,0.017148839309811592,0.010632419027388096,0.012078954838216305,0.018416233360767365,0.013543560169637203,0.01025631558150053,0.01776106469333172,0.009356464259326458,0.03355173394083977,0.9420488476753235,0.009446525014936924
ㅈ같다,,랩스같다,"ㅇㅇ 2025.03.11 00:53:38
조회 36 추천 0 댓글 0",추천 0,조회 36,2025.03.11 00:53:38,https://gall.dcinside.com/mgallery/board/view/?id=skk&no=26112&page=11,0.018242808058857918,0.012377009727060795,0.012215374037623405,0.02460273541510105,0.014351929537951946,0.010185327380895615,0.020364603027701378,0.009075846523046494,0.029002226889133453,0.9472653865814209,0.010549071244895458
방본만)죽지않는스텔라공주,,스댕라,"ㅇㅇ(106.101) 2025.03.11 00:12:51
조회 42 추천 0 댓글 4",추천 0,조회 42,2025.03.11 00:12:51,https://gall.dcinside.com/mgallery/board/view/?id=skk&no=26111&page=11,0.01026881579309702,0.008813870139420033,0.00838733185082674,0.009001480415463448,0.008335904218256474,0.006847431417554617,0.008998719975352287,0.0106602031737566,0.6659108400344849,0.3214660584926605,0.005433193873614073
"놀,",,지못해,"성갤러(211.51) 2025.03.10 21:55:07
조회 35 추천 0 댓글 0",추천 0,조회 35,2025.03.10 21:55:07,https://gall.dcinside.com/mgallery/board/view/?id=skk&no=26110&page=11,0.01148853451013565,0.009103975258767605,0.009019090794026852,0.007661726325750351,0.007359664421528578,0.005665796343237162,0.00796633493155241,0.007713663391768932,0.17655804753303528,0.8060770630836487,0.00553216552361846
랩쮸야,,쥬쥬야,"ㅇㅇ 2025.03.10 19:25:35
조회 31 추천 0 댓글 0",추천 0,조회 31,2025.03.10 19:25:35,https://gall.dcinside.com/mgallery/board/view/?id=skk&no=26109&page=11,0.022090867161750793,0.009288210421800613,0.00950961746275425,0.014848575927317142,0.010535437613725662,0.008004493080079556,0.017005162313580513,0.009174329228699207,0.040376149117946625,0.9284785985946655,0.0075200884602963924
랩쮸야,,쮸쮸야,"ㅇㅇ 2025.03.09 23:27:08
조회 49 추천 0 댓글 3",추천 0,조회 49,2025.03.09 23:27:08,https://gall.dcinside.com/mgallery/board/view/?id=skk&no=26108&page=11,0.018105434253811836,0.008102413266897202,0.015299550257623196,0.009364565834403038,0.010361935012042522,0.006850414909422398,0.010889527387917042,0.007637405768036842,0.06333456933498383,0.9001746773719788,0.006734924390912056
에밀리아 저탱이 너무커..,,상했노,"Raps 2025.03.09 19:44:57
조회 73 추천 0 댓글 3",추천 0,조회 73,2025.03.09 19:44:57,https://gall.dcinside.com/mgallery/board/view/?id=skk&no=26107&page=11,0.014724856242537498,0.011373095214366913,0.010616876184940338,0.016374899074435234,0.013444005511701107,0.009886985644698143,0.016016952693462372,0.008695500902831554,0.038730621337890625,0.9360649585723877,0.008896681480109692
마히로 피규어 플렉스,,3개주문,"ㅇㅇ 2025.03.09 19:02:52
조회 57 추천 0 댓글 7",추천 0,조회 57,2025.03.09 19:02:52,https://gall.dcinside.com/mgallery/board/view/?id=skk&no=26106&page=11,0.015691325068473816,0.01087833009660244,0.012345939874649048,0.018145721405744553,0.013128300197422504,0.010937817394733429,0.017695879563689232,0.008543821983039379,0.03243188187479973,0.9378857612609863,0.009369835257530212
이직원 위험하다,,보추와 퍼리라니,"ㅇㅇ 2025.03.09 18:17:42
조회 58 추천 0 댓글 6",추천 0,조회 58,2025.03.09 18:17:42,https://gall.dcinside.com/mgallery/board/view/?id=skk&no=26105&page=11,0.4462411105632782,0.02901916578412056,0.009167032316327095,0.01704813726246357,0.00910173449665308,0.009769685566425323,0.0073655741289258,0.011076916940510273,0.05656806007027626,0.5674301981925964,0.006509540602564812
똥,,똥,"ㅇㅇ 2025.03.09 16:07:48
조회 40 추천 0 댓글 3",추천 0,조회 40,2025.03.09 16:07:48,https://gall.dcinside.com/mgallery/board/view/?id=skk&no=26104&page=11,0.012184768915176392,0.007053524721413851,0.011507156305015087,0.013738364912569523,0.010805067606270313,0.006585533730685711,0.01047583669424057,0.008341783657670021,0.07024169713258743,0.8877262473106384,0.007011882029473782
아 유튜브4배속 끝낫네,,세상이 느려지기 시작했다,"ㅇㅇ(106.101) 2025.03.09 13:21:21
조회 34 추천 0 댓글 0",추천 0,조회 34,2025.03.09 13:21:21,https://gall.dcinside.com/mgallery/board/view/?id=skk&no=26103&page=11,0.017808984965085983,0.011795670725405216,0.012437846511602402,0.020157981663942337,0.014565280638635159,0.009878464974462986,0.019856251776218414,0.00882115587592125,0.031696468591690063,0.946076512336731,0.010110177099704742
하고싶은것,,휴학,"Raps 2025.03.09 12:54:27
조회 56 추천 1 댓글 4",추천 1,조회 56,2025.03.09 12:54:27,https://gall.dcinside.com/mgallery/board/view/?id=skk&no=26102&page=12,0.01634123921394348,0.01064161118119955,0.01281745359301567,0.017498403787612915,0.013825264759361744,0.01025577262043953,0.01905268244445324,0.00929990317672491,0.0338083952665329,0.941641092300415,0.009622699581086636
아니 닛큐나나 게임라이브도하네,,그렇내요,"성갤러(220.85) 2025.03.08 23:27:53
조회 42 추천 0 댓글 13",추천 0,조회 42,2025.03.08 23:27:53,https://gall.dcinside.com/mgallery/board/view/?id=skk&no=26101&page=12,0.019024763256311417,0.012686284258961678,0.01374996080994606,0.021562159061431885,0.014915048144757748,0.01143765076994896,0.021619673818349838,0.009870782494544983,0.029293933883309364,0.9512608051300049,0.011334248818457127
발로란트 재도전?,,할까생각중,"ㅇㅇ 2025.03.08 22:44:31
조회 33 추천 0 댓글 1",추천 0,조회 33,2025.03.08 22:44:31,https://gall.dcinside.com/mgallery/board/view/?id=skk&no=26100&page=12,0.015389570035040379,0.009951967746019363,0.011811995878815651,0.017335182055830956,0.013609359972178936,0.009555003605782986,0.01638254150748253,0.008814378641545773,0.03874089941382408,0.9381702542304993,0.008975205942988396
이래서 방화하는구나,,불지르는게 재밋구나,"성갤러(220.85) 2025.03.08 18:02:11
조회 41 추천 0 댓글 0",추천 0,조회 41,2025.03.08 18:02:11,https://gall.dcinside.com/mgallery/board/view/?id=skk&no=26099&page=12,0.014066350646317005,0.009197099134325981,0.007653823122382164,0.009277453646063805,0.008117549121379852,0.006575621198862791,0.011278689838945866,0.009345563128590584,0.11095398664474487,0.8845046758651733,0.006380562204867601
내가심심해야할,,이유가뭔데,"ㅇㅇ(106.101) 2025.03.08 14:20:40
조회 44 추천 0 댓글 2",추천 0,조회 44,2025.03.08 14:20:40,https://gall.dcinside.com/mgallery/board/view/?id=skk&no=26098&page=12,0.016722388565540314,0.008521780371665955,0.012249638326466084,0.013164966367185116,0.009857882745563984,0.0072892289608716965,0.012419287115335464,0.00859589409083128,0.04969027638435364,0.9168884754180908,0.0074364980682730675
삶에의욕이없다,,"세
상
이
치
가
그
래","ㅇㅇ(106.101) 2025.03.08 10:48:05
조회 46 추천 0 댓글 3",추천 0,조회 46,2025.03.08 10:48:05,https://gall.dcinside.com/mgallery/board/view/?id=skk&no=26097&page=12,0.014392977580428123,0.008447185158729553,0.00909630861133337,0.011655576527118683,0.010812552645802498,0.008828441612422466,0.01323751825839281,0.007404586765915155,0.05577922239899635,0.9081303477287292,0.006831925828009844
졸부가 더 극성이듯이,,트젠정병이 더 악랄함,"ㅇㅇ 2025.03.07 19:23:13
조회 49 추천 0 댓글 6",추천 0,조회 49,2025.03.07 19:23:13,https://gall.dcinside.com/mgallery/board/view/?id=skk&no=26096&page=12,0.057385727763175964,0.030595669522881508,0.965981662273407,0.06807345896959305,0.04579397290945053,0.021713431924581528,0.04907698556780815,0.1173381581902504,0.033264633268117905,0.04599054530262947,0.03579678758978844
몽딩이,,아몽딩이,"성갤러(220.85) 2025.03.07 18:21:09
조회 25 추천 0 댓글 0",추천 0,조회 25,2025.03.07 18:21:09,https://gall.dcinside.com/mgallery/board/view/?id=skk&no=26093&page=12,0.015588314272463322,0.010041119530797005,0.01098416093736887,0.017743496224284172,0.013457564637064934,0.010035774670541286,0.017294250428676605,0.00858601275831461,0.035887062549591064,0.9366086721420288,0.008809929713606834
슬픈소식,,푸바오 5성 뽑는데 2천만원 썼는데 1개도 안떳다는 소식,"성갤러(220.85) 2025.03.07 00:12:12
조회 54 추천 1 댓글 3",추천 1,조회 54,2025.03.07 00:12:12,https://gall.dcinside.com/mgallery/board/view/?id=skk&no=26092&page=12,0.013561645522713661,0.009731613099575043,0.010321112349629402,0.017828578129410744,0.012277941219508648,0.009731066413223743,0.0145878279581666,0.008051583543419838,0.04240400344133377,0.9307782053947449,0.008336996659636497
놀자,,고,"성갤러(220.85) 2025.03.06 22:12:57
조회 25 추천 0 댓글 0",추천 0,조회 25,2025.03.06 22:12:57,https://gall.dcinside.com/mgallery/board/view/?id=skk&no=26091&page=12,0.016945181414484978,0.011123942211270332,0.01206121500581503,0.01799534447491169,0.0133759044110775,0.00940859317779541,0.016283677890896797,0.009117384441196918,0.03620312362909317,0.9403911828994751,0.009550861082971096
레전드사건발생,,,"ㅇㅇ 2025.03.06 21:59:01
조회 57 추천 1 댓글 3",추천 1,조회 57,2025.03.06 21:59:01,https://gall.dcinside.com/mgallery/board/view/?id=skk&no=26090&page=12,0.0,0.0,0.0,0.0,0.0,0.0,0.0,0.0,0.0,0.0,0.0
시온도 졸업하네,,망햇구나,"성갤러(220.85) 2025.03.06 21:05:38
조회 24 추천 0 댓글 0",추천 0,조회 24,2025.03.06 21:05:38,https://gall.dcinside.com/mgallery/board/view/?id=skk&no=26089&page=12,0.01372705027461052,0.0070012351498007774,0.007879508659243584,0.011445115320384502,0.00914387684315443,0.006836236454546452,0.010734357871115208,0.008279201574623585,0.08169805258512497,0.879233717918396,0.00616089953109622
하아,,어제설거지핧걸,"성갤러(220.85) 2025.03.06 18:22:46
조회 23 추천 0 댓글 2",추천 0,조회 23,2025.03.06 18:22:46,https://gall.dcinside.com/mgallery/board/view/?id=skk&no=26088&page=12,0.01719079352915287,0.008475832641124725,0.008462523110210896,0.01458301767706871,0.010578322224318981,0.0073321047239005566,0.011419620364904404,0.008513685315847397,0.05290750786662102,0.9099103212356567,0.006895042490214109
잠보~잠보 브와나~,,하바리가니~ 은주리싸나~,"ㅇㅇ(106.101) 2025.03.06 02:17:22
조회 30 추천 0 댓글 1",추천 0,조회 30,2025.03.06 02:17:22,https://gall.dcinside.com/mgallery/board/view/?id=skk&no=26087&page=12,0.015207440592348576,0.005150805227458477,0.007354980334639549,0.014624971896409988,0.00743672763928771,0.007541196420788765,0.011165883392095566,0.007149180397391319,0.12133512645959854,0.8175167441368103,0.0052099684253335
아아,,이스크림,"성갤러(14.33) 2025.03.06 00:36:36
조회 41 추천 0 댓글 2",추천 0,조회 41,2025.03.06 00:36:36,https://gall.dcinside.com/mgallery/board/view/?id=skk&no=26086&page=12,0.0174433421343565,0.01218369510024786,0.01212313398718834,0.020087845623493195,0.014232705347239971,0.01012769527733326,0.019184017553925514,0.0091988081112504,0.030911527574062347,0.9445608258247375,0.009951230138540268
참고로전,,"피자먹음

네","ㅇㅇ 2025.03.05 19:00:10
조회 37 추천 0 댓글 4",추천 0,조회 37,2025.03.05 19:00:10,https://gall.dcinside.com/mgallery/board/view/?id=skk&no=26085&page=12,0.017540303990244865,0.009341304190456867,0.01091184001415968,0.018255535513162613,0.01383006852120161,0.009641959331929684,0.017143020406365395,0.008787731640040874,0.03370774909853935,0.935604453086853,0.008762865327298641
랩스근육보고 개기는사람이있을까,,네,"ㅇㅇ 2025.03.05 17:46:28
조회 41 추천 0 댓글 2",추천 0,조회 41,2025.03.05 17:46:28,https://gall.dcinside.com/mgallery/board/view/?id=skk&no=26084&page=12,0.01709587499499321,0.011025809682905674,0.012766187079250813,0.01895168237388134,0.013483774848282337,0.009514600038528442,0.017748504877090454,0.009025933220982552,0.034722700715065,0.9419898390769958,0.009805353358387947
지금 2025년 최대의 고민중임,,"피자시켜먹을지
아니면 설거지하고 라면끓여먹을지

고민이야고민","성갤러(14.33) 2025.03.05 16:55:19
조회 41 추천 1 댓글 2",추천 1,조회 41,2025.03.05 16:55:19,https://gall.dcinside.com/mgallery/board/view/?id=skk&no=26083&page=12,0.017412345856428146,0.007660044357180595,0.008964812383055687,0.013369845226407051,0.010086254216730595,0.007918551564216614,0.011533514596521854,0.008083680644631386,0.05230018496513367,0.9027806520462036,0.006544716190546751
이거진짜임?,,,"ㅇㅇ 2025.03.05 13:59:04
조회 36 추천 0 댓글 1",추천 0,조회 36,2025.03.05 13:59:04,https://gall.dcinside.com/mgallery/board/view/?id=skk&no=26081&page=12,0.0,0.0,0.0,0.0,0.0,0.0,0.0,0.0,0.0,0.0,0.0
아 드랍하고싶다,,책임없는 쾌락 누리고싶네,"Raps 2025.03.05 11:31:07
조회 49 추천 0 댓글 4",추천 0,조회 49,2025.03.05 11:31:07,https://gall.dcinside.com/mgallery/board/view/?id=skk&no=26080&page=12,0.019731298089027405,0.014088521711528301,0.01323692686855793,0.006660682614892721,0.00667613698169589,0.005906452890485525,0.008191651664674282,0.018346741795539856,0.810442328453064,0.20491720736026764,0.006061135325580835
모든준비다함,,목요일 데뷔합니다,"ㅇㅇ 2025.03.05 02:39:09
조회 38 추천 0 댓글 1",추천 0,조회 38,2025.03.05 02:39:09,https://gall.dcinside.com/mgallery/board/view/?id=skk&no=26079&page=12,0.01719953678548336,0.012400043196976185,0.012703735381364822,0.020885195583105087,0.014948883093893528,0.011196783743798733,0.02110229805111885,0.009032879024744034,0.02965797297656536,0.9477342367172241,0.010738227516412735
3000원,,살까,"ㅇㅇ 2025.03.05 01:11:22
조회 34 추천 0 댓글 0",추천 0,조회 34,2025.03.05 01:11:22,https://gall.dcinside.com/mgallery/board/view/?id=skk&no=26078&page=12,0.01595558039844036,0.009241728112101555,0.010995764285326004,0.015357299707829952,0.012096361257135868,0.008544362150132656,0.014331324025988579,0.008704818785190582,0.04323215410113335,0.928154468536377,0.00823160819709301
아 시 발,,자는시간어케고치냐,"ㅇㅇ(106.101) 2025.03.05 00:42:20
조회 30 추천 0 댓글 1",추천 0,조회 30,2025.03.05 00:42:20,https://gall.dcinside.com/mgallery/board/view/?id=skk&no=26077&page=12,0.014003350399434566,0.007320986595004797,0.01052857469767332,0.010496392846107483,0.010399369522929192,0.006835355889052153,0.010604389943182468,0.008842021226882935,0.07256578654050827,0.8954263925552368,0.006644208449870348
진짜 쯔꾸르 방송해볼까,,너무심심한걸,"ㅇㅇ 2025.03.05 00:13:12
조회 35 추천 0 댓글 3",추천 0,조회 35,2025.03.05 00:13:12,https://gall.dcinside.com/mgallery/board/view/?id=skk&no=26076&page=12,0.016321996226906776,0.009828190319240093,0.01142597384750843,0.016609353944659233,0.013206151314079762,0.009203732945024967,0.01558143924921751,0.008973246440291405,0.04000057652592659,0.9373606443405151,0.00903993844985962
신입생입니다,,네,"ㅇㅇ 2025.03.04 21:54:03
조회 40 추천 0 댓글 0",추천 0,조회 40,2025.03.04 21:54:03,https://gall.dcinside.com/mgallery/board/view/?id=skk&no=26075&page=12,0.01709587499499321,0.011025809682905674,0.012766187079250813,0.01895168237388134,0.013483774848282337,0.009514600038528442,0.017748504877090454,0.009025933220982552,0.034722700715065,0.9419898390769958,0.009805353358387947
기숙사 벌점,,"주류 들고오다 걸려서 8점이거든 ㅋㅋ;
씨발 첫 개강이고 다음학기 기숙사 안들어가면 안되는데
이거 어케 못하냐
아 2점 더 받을까봐 개무섭네","성갤러(221.162) 2025.03.04 21:42:59
조회 50 추천 0 댓글 4",추천 0,조회 50,2025.03.04 21:42:59,https://gall.dcinside.com/mgallery/board/view/?id=skk&no=26074&page=12,0.01689990982413292,0.011176986619830132,0.015568520873785019,0.015123454853892326,0.008139550685882568,0.009967539459466934,0.015113023109734058,0.024377092719078064,0.8894274830818176,0.07391156256198883,0.007454995531588793
배고프군,,네,"ㅇㅇ(211.36) 2025.03.04 20:10:23
조회 42 추천 0 댓글 8",추천 0,조회 42,2025.03.04 20:10:23,https://gall.dcinside.com/mgallery/board/view/?id=skk&no=26073&page=12,0.01709587499499321,0.011025809682905674,0.012766187079250813,0.01895168237388134,0.013483774848282337,0.009514600038528442,0.017748504877090454,0.009025933220982552,0.034722700715065,0.9419898390769958,0.009805353358387947
말없는거보니,,꿀잼맞네,"성갤러(14.33) 2025.03.04 18:51:20
조회 38 추천 0 댓글 4",추천 0,조회 38,2025.03.04 18:51:20,https://gall.dcinside.com/mgallery/board/view/?id=skk&no=26072&page=12,0.017751824110746384,0.011789747513830662,0.011141286231577396,0.017841918393969536,0.012696979567408562,0.009205442853271961,0.016055099666118622,0.008831867948174477,0.03357063606381416,0.9365816712379456,0.00885924231261015
방본만)오르크센 왕국기,,개재밋어,"ㅇㅇ(106.101) 2025.03.04 14:55:20
조회 67 추천 0 댓글 2",추천 0,조회 67,2025.03.04 14:55:20,https://gall.dcinside.com/mgallery/board/view/?id=skk&no=26071&page=12,0.01876666396856308,0.012420790269970894,0.012879801914095879,0.019324783235788345,0.013518762774765491,0.010022045113146305,0.017113737761974335,0.008755989372730255,0.03195103630423546,0.9433454871177673,0.009791459888219833
새고닉 닉추천좀요,,네,"ㅇㅇ(115.145) 2025.03.04 14:20:14
조회 35 추천 0 댓글 2",추천 0,조회 35,2025.03.04 14:20:14,https://gall.dcinside.com/mgallery/board/view/?id=skk&no=26070&page=12,0.01709587499499321,0.011025809682905674,0.012766187079250813,0.01895168237388134,0.013483774848282337,0.009514600038528442,0.017748504877090454,0.009025933220982552,0.034722700715065,0.9419898390769958,0.009805353358387947
리제로 슬슬,,작가가 기복이좀있네,"ㅇㅇ(115.145) 2025.03.04 13:22:53
조회 29 추천 0 댓글 0",추천 0,조회 29,2025.03.04 13:22:53,https://gall.dcinside.com/mgallery/board/view/?id=skk&no=26069&page=12,0.018337944522500038,0.011052170768380165,0.012200539000332355,0.017887422814965248,0.013155163265764713,0.009889716282486916,0.01787858083844185,0.009180602617561817,0.031077854335308075,0.9386025071144104,0.009026060812175274
님이간게 이런거임?,,,"ㅇㅇ(106.101) 2025.03.04 13:15:11
조회 46 추천 0 댓글 1",추천 0,조회 46,2025.03.04 13:15:11,https://gall.dcinside.com/mgallery/board/view/?id=skk&no=26068&page=12,0.0,0.0,0.0,0.0,0.0,0.0,0.0,0.0,0.0,0.0,0.0
만갤이 뭔가,,내가원하던분위기,"ㅇㅇ(115.145) 2025.03.04 11:08:21
조회 35 추천 0 댓글 2",추천 0,조회 35,2025.03.04 11:08:21,https://gall.dcinside.com/mgallery/board/view/?id=skk&no=26067&page=12,0.017666969448328018,0.011437149718403816,0.012131302617490292,0.019582781940698624,0.014144877903163433,0.011022035032510757,0.018647827208042145,0.009274250827729702,0.031047744676470757,0.9444578886032104,0.01008385419845581
닫는노래,,https://www.youtube.com/watch?v=s1myYuQ4-Gw,"ㅇㅇ(106.101) 2025.03.04 10:31:12
조회 34 추천 0 댓글 3",추천 0,조회 34,2025.03.04 10:31:12,https://gall.dcinside.com/mgallery/board/view/?id=skk&no=26066&page=12,0.014561154879629612,0.007564164698123932,0.011307578533887863,0.014486951753497124,0.009948904626071453,0.006821424700319767,0.01160353422164917,0.00834638811647892,0.059878282248973846,0.9081000685691833,0.007135600317269564
에혀,,슬프군요,"성갤러(14.33) 2025.03.04 08:08:17
조회 33 추천 0 댓글 1",추천 0,조회 33,2025.03.04 08:08:17,https://gall.dcinside.com/mgallery/board/view/?id=skk&no=26065&page=12,0.018411025404930115,0.01199418306350708,0.01329314336180687,0.019709168002009392,0.014131159521639347,0.010836578905582428,0.020506979897618294,0.009842809289693832,0.03110138513147831,0.9485872983932495,0.010736876167356968
너무보고싶다,,견디기힘들다,"ㅇㅇ(121.168) 2025.03.04 00:33:15
조회 35 추천 0 댓글 2",추천 0,조회 35,2025.03.04 00:33:15,https://gall.dcinside.com/mgallery/board/view/?id=skk&no=26063&page=12,0.01713053323328495,0.009963227435946465,0.010757625102996826,0.015793563798069954,0.012527802027761936,0.009168184362351894,0.01574917696416378,0.009020338766276836,0.038342203944921494,0.9337754249572754,0.008719026111066341
갑장,,갑자기 장염,"ㅇㅇ(121.168) 2025.03.04 00:23:00
조회 37 추천 0 댓글 2",추천 0,조회 37,2025.03.04 00:23:00,https://gall.dcinside.com/mgallery/board/view/?id=skk&no=26062&page=12,0.016181694343686104,0.011865084990859032,0.01517037209123373,0.020494533702731133,0.013934925198554993,0.009785789065063,0.01863039657473564,0.008591771125793457,0.031571801751852036,0.9430984258651733,0.009931733831763268
닫는노래,,https://www.youtube.com/watch?v=LYFDYZQCQUY,"ㅇㅇ(106.101) 2025.03.04 00:18:38
조회 39 추천 0 댓글 4",추천 0,조회 39,2025.03.04 00:18:38,https://gall.dcinside.com/mgallery/board/view/?id=skk&no=26061&page=12,0.015500781126320362,0.008399483747780323,0.011768462136387825,0.015032770112156868,0.009709402918815613,0.0069336192682385445,0.012171787209808826,0.00835275650024414,0.05218692496418953,0.913842499256134,0.00732425507158041
내일 8시,,신청안되면살자함,"ㅇㅇ(106.101) 2025.03.03 23:42:13
조회 34 추천 0 댓글 5",추천 0,조회 34,2025.03.03 23:42:13,https://gall.dcinside.com/mgallery/board/view/?id=skk&no=26060&page=12,0.015050544403493404,0.010118518024682999,0.011130433529615402,0.016072366386651993,0.012841811403632164,0.009952009655535221,0.015909139066934586,0.0094562117010355,0.03781350702047348,0.9341767430305481,0.008549433201551437
치킨마렵네,,네,"성갤러(121.166) 2025.03.03 20:28:39
조회 32 추천 0 댓글 3",추천 0,조회 32,2025.03.03 20:28:39,https://gall.dcinside.com/mgallery/board/view/?id=skk&no=26059&page=12,0.01709587499499321,0.011025809682905674,0.012766187079250813,0.01895168237388134,0.013483774848282337,0.009514600038528442,0.017748504877090454,0.009025933220982552,0.034722700715065,0.9419898390769958,0.009805353358387947
놀자,,그거하자그거,"성갤러(14.33) 2025.03.03 19:54:54
조회 31 추천 0 댓글 2",추천 0,조회 31,2025.03.03 19:54:54,https://gall.dcinside.com/mgallery/board/view/?id=skk&no=26058&page=12,0.017624439671635628,0.010993711650371552,0.011670663952827454,0.019090384244918823,0.013608373701572418,0.009077806957066059,0.017674574628472328,0.008997373282909393,0.03409356251358986,0.9412647485733032,0.009433108381927013
삼겹살데이기념,,삼겹살먹방,"성갤러(14.33) 2025.03.03 17:48:05
조회 34 추천 0 댓글 5",추천 0,조회 34,2025.03.03 17:48:05,https://gall.dcinside.com/mgallery/board/view/?id=skk&no=26056&page=12,0.016428709030151367,0.006107030902057886,0.007736720144748688,0.009255455806851387,0.010268950834870338,0.00717081967741251,0.011767069809138775,0.008450664579868317,0.09602922201156616,0.8670262098312378,0.005917699541896582
마인크래프트 엔더드래곤잡기,,,"ㅇㅇ(106.101) 2025.03.03 15:57:09
조회 34 추천 0 댓글 2",추천 0,조회 34,2025.03.03 15:57:09,https://gall.dcinside.com/mgallery/board/view/?id=skk&no=26055&page=12,0.0,0.0,0.0,0.0,0.0,0.0,0.0,0.0,0.0,0.0,0.0
마크나해볼까,,네,"성갤러(121.166) 2025.03.03 14:24:36
조회 30 추천 0 댓글 1",추천 0,조회 30,2025.03.03 14:24:36,https://gall.dcinside.com/mgallery/board/view/?id=skk&no=26054&page=12,0.01709587499499321,0.011025809682905674,0.012766187079250813,0.01895168237388134,0.013483774848282337,0.009514600038528442,0.017748504877090454,0.009025933220982552,0.034722700715065,0.9419898390769958,0.009805353358387947
백경잡는부분 노잼이노,,뭔 1권동안 쳐잡음,"성갤러(121.166) 2025.03.03 14:08:10
조회 28 추천 0 댓글 1",추천 0,조회 28,2025.03.03 14:08:10,https://gall.dcinside.com/mgallery/board/view/?id=skk&no=26052&page=12,0.01597769558429718,0.009851633571088314,0.012058868072926998,0.007198980078101158,0.007756271865218878,0.006245954427868128,0.007276793941855431,0.014424657449126244,0.7624852657318115,0.21984241902828217,0.005421343259513378
25만원배급언제해줌,,,"ㅇㅇ(106.101) 2025.03.03 14:07:52
조회 31 추천 0 댓글 2",추천 0,조회 31,2025.03.03 14:07:52,https://gall.dcinside.com/mgallery/board/view/?id=skk&no=26051&page=12,0.0,0.0,0.0,0.0,0.0,0.0,0.0,0.0,0.0,0.0,0.0
온 세상이 억까다,,니미,"Raps 2025.03.03 13:00:24
조회 46 추천 1 댓글 2",추천 1,조회 46,2025.03.03 13:00:24,https://gall.dcinside.com/mgallery/board/view/?id=skk&no=26050&page=12,0.00828559696674347,0.005904846359044313,0.00810820609331131,0.008700446225702763,0.008128121495246887,0.0068550752475857735,0.008587125688791275,0.00952186994254589,0.47190919518470764,0.5079678297042847,0.005659643094986677
아에이오우 이외에는 안돼,,"으랑 어 << 멍청해짐

말그대로 으어","성갤러(14.33) 2025.03.03 03:16:06
조회 39 추천 0 댓글 4",추천 0,조회 39,2025.03.03 03:16:06,https://gall.dcinside.com/mgallery/board/view/?id=skk&no=26049&page=12,0.031718187034130096,0.016065731644630432,0.01135908905416727,0.006003726273775101,0.010068501345813274,0.006959088146686554,0.006779720075428486,0.027809269726276398,0.8368826508522034,0.09420758485794067,0.005879014264792204
삼겹살데이엔 삼겹살을 먹어야됨,,안먹으면 불법임,"성갤러(121.135) 2025.03.03 01:44:16
조회 31 추천 0 댓글 2",추천 0,조회 31,2025.03.03 01:44:16,https://gall.dcinside.com/mgallery/board/view/?id=skk&no=26048&page=12,0.014472800306975842,0.007940879091620445,0.011132664047181606,0.013361042365431786,0.01088470034301281,0.00774636073037982,0.014022541232407093,0.00826925877481699,0.04772394150495529,0.9124026298522949,0.007175876293331385
너무보고싶어 견디기힘들어,,런닝맨 보고싶다,"성갤러(121.135) 2025.03.03 00:05:07
조회 27 추천 0 댓글 0",추천 0,조회 27,2025.03.03 00:05:07,https://gall.dcinside.com/mgallery/board/view/?id=skk&no=26047&page=12,0.017352046445012093,0.011434589512646198,0.012295342050492764,0.020162977278232574,0.01364553440362215,0.010040911845862865,0.018718989565968513,0.008985883556306362,0.03189773112535477,0.9447607398033142,0.009737446904182434
트럼프 부정선거임?,,"""


어케 존 스미스 이기고 당선됐지","성갤러(14.33) 2025.03.02 22:00:19
조회 35 추천 1 댓글 2",추천 1,조회 35,2025.03.02 22:00:19,https://gall.dcinside.com/mgallery/board/view/?id=skk&no=26046&page=13,0.016036512330174446,0.009841558523476124,0.010294348001480103,0.016354307532310486,0.011483928188681602,0.008635483682155609,0.015157938934862614,0.00830643717199564,0.04004211723804474,0.9290966987609863,0.007842840626835823
서버망한이유,,몬헌하러가버림,"성갤러(14.33) 2025.03.02 21:29:59
조회 24 추천 0 댓글 2",추천 0,조회 24,2025.03.02 21:29:59,https://gall.dcinside.com/mgallery/board/view/?id=skk&no=26045&page=13,0.013912520371377468,0.008053930476307869,0.011278986930847168,0.013300511986017227,0.011007522232830524,0.0084993876516819,0.012822553515434265,0.008185060694813728,0.05518100783228874,0.9182665348052979,0.007413733284920454
쓰봉어디서삼,,여긴뭐 슈퍼같은데도 없네,"Raps 2025.03.02 16:11:21
조회 44 추천 1 댓글 2",추천 1,조회 44,2025.03.02 16:11:21,https://gall.dcinside.com/mgallery/board/view/?id=skk&no=26044&page=13,0.013875172473490238,0.007971921935677528,0.009369743056595325,0.016772320494055748,0.012459746561944485,0.010579065419733524,0.016422338783740997,0.00871804915368557,0.04149146005511284,0.9266552925109863,0.008104348555207253
어때,,짱재밌어요,"성갤러(14.33) 2025.03.02 15:58:27
조회 30 추천 1 댓글 0",추천 1,조회 30,2025.03.02 15:58:27,https://gall.dcinside.com/mgallery/board/view/?id=skk&no=26043&page=13,0.018011223524808884,0.012190688401460648,0.013434908352792263,0.022735172882676125,0.013621514663100243,0.010100695304572582,0.018586643040180206,0.00927176233381033,0.029430272057652473,0.9445339441299438,0.010065360926091671
이 게임 어떄요,,데스크톱에서 동물 키우기,"성갤러(14.33) 2025.03.02 12:11:23
조회 33 추천 1 댓글 4",추천 1,조회 33,2025.03.02 12:11:23,https://gall.dcinside.com/mgallery/board/view/?id=skk&no=26042&page=13,0.024388639256358147,0.0072021870873868465,0.014261233620345592,0.03328254073858261,0.005113248713314533,0.0031457100994884968,0.012528851628303528,0.008864075876772404,0.08979655057191849,0.793792188167572,0.0058225723914802074
알이 렘보고 람이라한거머임,,개소름,"ㅇㅇ(121.168) 2025.03.02 02:24:43
조회 24 추천 0 댓글 0",추천 0,조회 24,2025.03.02 02:24:43,https://gall.dcinside.com/mgallery/board/view/?id=skk&no=26041&page=13,0.012791933491826057,0.008221357129514217,0.008288771845400333,0.011624651961028576,0.008992420509457588,0.006595089565962553,0.008602036163210869,0.007222382351756096,0.0991574376821518,0.8621810674667358,0.006161666940897703
택티컬 여초딩 << 이거,,이게 그 리코리스 같은거,"성갤러(14.33) 2025.03.01 23:15:23
조회 32 추천 0 댓글 4",추천 0,조회 32,2025.03.01 23:15:23,https://gall.dcinside.com/mgallery/board/view/?id=skk&no=26040&page=13,0.016930660232901573,0.009814056567847729,0.011586381122469902,0.02291744016110897,0.013037732802331448,0.009993486106395721,0.019039073958992958,0.008855755440890789,0.03161872178316116,0.9413869976997375,0.009320002049207687
자전거 하나 사야겟음,,더멀어졌어,"ㅇㅇ(106.101) 2025.03.01 17:50:48
조회 42 추천 0 댓글 4",추천 0,조회 42,2025.03.01 17:50:48,https://gall.dcinside.com/mgallery/board/view/?id=skk&no=26039&page=13,0.01682555489242077,0.00833243690431118,0.009250459261238575,0.013752353377640247,0.0122060626745224,0.008769085630774498,0.01305727194994688,0.008129186928272247,0.04607724770903587,0.9172888994216919,0.007585424929857254
어디,,,"ㅇㅇ(223.33) 2025.03.01 17:44:24
조회 41 추천 0 댓글 4",추천 0,조회 41,2025.03.01 17:44:24,https://gall.dcinside.com/mgallery/board/view/?id=skk&no=26038&page=13,0.0,0.0,0.0,0.0,0.0,0.0,0.0,0.0,0.0,0.0,0.0
멀다,,머네,"성갤러(14.33) 2025.03.01 17:39:28
조회 30 추천 0 댓글 1",추천 0,조회 30,2025.03.01 17:39:28,https://gall.dcinside.com/mgallery/board/view/?id=skk&no=26037&page=13,0.016846738755702972,0.009516766294836998,0.010324825532734394,0.018361631780862808,0.013462402857840061,0.011163773015141487,0.017402363941073418,0.009118805639445782,0.03631776571273804,0.9390193223953247,0.009024743922054768
6시,,,"ㅇㅇ(39.117) 2025.03.01 16:18:50
조회 34 추천 0 댓글 1",추천 0,조회 34,2025.03.01 16:18:50,https://gall.dcinside.com/mgallery/board/view/?id=skk&no=26036&page=13,0.0,0.0,0.0,0.0,0.0,0.0,0.0,0.0,0.0,0.0,0.0
언제어디,,무엇을,"ㅇㅇ(106.101) 2025.03.01 15:26:44
조회 44 추천 0 댓글 4",추천 0,조회 44,2025.03.01 15:26:44,https://gall.dcinside.com/mgallery/board/view/?id=skk&no=26035&page=13,0.01638338714838028,0.010666687041521072,0.011882892809808254,0.01645328290760517,0.01258673332631588,0.008822931908071041,0.01602904312312603,0.008968761190772057,0.038643933832645416,0.9364136457443237,0.009052624925971031
오늘한일,,태권더박,"ㅇㅇ(106.101) 2025.03.01 09:01:36
조회 34 추천 0 댓글 0",추천 0,조회 34,2025.03.01 09:01:36,https://gall.dcinside.com/mgallery/board/view/?id=skk&no=26033&page=13,0.01724456436932087,0.009778744541108608,0.006596830207854509,0.012572677806019783,0.009081646800041199,0.012857518158853054,0.010483654215931892,0.009521393105387688,0.05862308666110039,0.880427896976471,0.006081809755414724
랩스야,,"크루쉬한테 스바루치료맞길때 계약내용 머엿는지 언제나옴

ㅈㄴ궁금스","성갤러(125.130) 2025.03.01 01:35:22
조회 40 추천 0 댓글 3",추천 0,조회 40,2025.03.01 01:35:22,https://gall.dcinside.com/mgallery/board/view/?id=skk&no=26032&page=13,0.01480789389461279,0.0077546127140522,0.01053254958242178,0.01787247695028782,0.00999392569065094,0.007565950509160757,0.013883388601243496,0.007841224782168865,0.046466607600450516,0.9158576130867004,0.007103998679667711
놉시다,,9시다,"ㅇㅇ(106.101) 2025.02.28 21:28:32
조회 34 추천 0 댓글 2",추천 0,조회 34,2025.02.28 21:28:32,https://gall.dcinside.com/mgallery/board/view/?id=skk&no=26031&page=13,0.016803843900561333,0.01136210560798645,0.012273981235921383,0.017343714833259583,0.013433219864964485,0.009909088723361492,0.017800036817789078,0.008487197570502758,0.03424633666872978,0.939822793006897,0.009300966747105122
명진갈가실분,,네,"ㅇㅇ(211.36) 2025.02.28 18:23:19
조회 45 추천 0 댓글 3",추천 0,조회 45,2025.02.28 18:23:19,https://gall.dcinside.com/mgallery/board/view/?id=skk&no=26030&page=13,0.01709587499499321,0.011025809682905674,0.012766187079250813,0.01895168237388134,0.013483774848282337,0.009514600038528442,0.017748504877090454,0.009025933220982552,0.034722700715065,0.9419898390769958,0.009805353358387947
님아 매운맛매운맛하더니,,진짜매운맛이나와버렸는데요,"ㅇㅇ(106.101) 2025.02.28 17:41:06
조회 38 추천 0 댓글 2",추천 0,조회 38,2025.02.28 17:41:06,https://gall.dcinside.com/mgallery/board/view/?id=skk&no=26029&page=13,0.015491586178541183,0.008491861633956432,0.010405834764242172,0.014615197665989399,0.01096733845770359,0.008225389756262302,0.013171193189918995,0.007535364478826523,0.04561230167746544,0.9150905013084412,0.007264603395015001
내일,,,"Raps 2025.02.28 14:06:18
조회 52 추천 0 댓글 3",추천 0,조회 52,2025.02.28 14:06:18,https://gall.dcinside.com/mgallery/board/view/?id=skk&no=26028&page=13,0.0,0.0,0.0,0.0,0.0,0.0,0.0,0.0,0.0,0.0,0.0
머지,,학교에서 용돈들어옴,"ㅇㅇ(106.101) 2025.02.28 13:43:32
조회 29 추천 0 댓글 0",추천 0,조회 29,2025.02.28 13:43:32,https://gall.dcinside.com/mgallery/board/view/?id=skk&no=26027&page=13,0.01657259464263916,0.010163290426135063,0.010701767168939114,0.019451530650258064,0.014367877505719662,0.010386441834270954,0.018923498690128326,0.009131291881203651,0.032418377697467804,0.9406275749206543,0.00935972761362791
언제,,,"ㅇㅇ(106.101) 2025.02.28 12:39:21
조회 41 추천 0 댓글 4",추천 0,조회 41,2025.02.28 12:39:21,https://gall.dcinside.com/mgallery/board/view/?id=skk&no=26026&page=13,0.0,0.0,0.0,0.0,0.0,0.0,0.0,0.0,0.0,0.0,0.0
언제,,,"Raps 2025.02.28 01:25:38
조회 50 추천 0 댓글 2",추천 0,조회 50,2025.02.28 01:25:38,https://gall.dcinside.com/mgallery/board/view/?id=skk&no=26025&page=13,0.0,0.0,0.0,0.0,0.0,0.0,0.0,0.0,0.0,0.0,0.0
제발부탁할게,,명진갈먹자,"성갤러(125.130) 2025.02.28 00:25:14
조회 46 추천 0 댓글 2",추천 0,조회 46,2025.02.28 00:25:14,https://gall.dcinside.com/mgallery/board/view/?id=skk&no=26024&page=13,0.014593030326068401,0.009063689038157463,0.010165372863411903,0.015911296010017395,0.012742368504405022,0.012588197365403175,0.01551955658942461,0.00784006156027317,0.03685789555311203,0.9253426790237427,0.007903660647571087
님아 코스프레하는사람평균,,"'

무서워요","성갤러(14.33) 2025.02.28 00:01:48
조회 65 추천 0 댓글 8",추천 0,조회 65,2025.02.28 00:01:48,https://gall.dcinside.com/mgallery/board/view/?id=skk&no=26023&page=13,0.015657372772693634,0.010493210516870022,0.012914775870740414,0.016090843826532364,0.012448358349502087,0.010025863535702229,0.016927016898989677,0.008686955086886883,0.03816796466708183,0.9389410018920898,0.009320538491010666
언제,,,"Raps 2025.02.27 22:35:42
조회 39 추천 0 댓글 1",추천 0,조회 39,2025.02.27 22:35:42,https://gall.dcinside.com/mgallery/board/view/?id=skk&no=26022&page=13,0.0,0.0,0.0,0.0,0.0,0.0,0.0,0.0,0.0,0.0,0.0
랩스쿤,,명진갈먹자.,"성갤러(125.130) 2025.02.27 22:17:32
조회 26 추천 0 댓글 0",추천 0,조회 26,2025.02.27 22:17:32,https://gall.dcinside.com/mgallery/board/view/?id=skk&no=26021&page=13,0.014513096772134304,0.00883202999830246,0.010432286188006401,0.015601389110088348,0.012810233980417252,0.012675466015934944,0.015922343358397484,0.007818536832928658,0.038298994302749634,0.9266152381896973,0.008000057190656662
저는 심심할때,,대출갤에 선착순 글을 써요,"ㅇㅇ(106.101) 2025.02.27 21:00:45
조회 34 추천 0 댓글 2",추천 0,조회 34,2025.02.27 21:00:45,https://gall.dcinside.com/mgallery/board/view/?id=skk&no=26020&page=13,0.016564466059207916,0.01074596494436264,0.010971601121127605,0.018396325409412384,0.013760000467300415,0.010074582882225513,0.01677902229130268,0.008870487101376057,0.034693002700805664,0.9399240612983704,0.009249795228242874
근데 고기얘기해서,,너무너무너무먹고싶은데,"ㅇㅇ(106.101) 2025.02.27 18:09:36
조회 34 추천 0 댓글 4",추천 0,조회 34,2025.02.27 18:09:36,https://gall.dcinside.com/mgallery/board/view/?id=skk&no=26019&page=13,0.016684068366885185,0.009412313811480999,0.011709999293088913,0.016322188079357147,0.012434449046850204,0.009220654144883156,0.01532660610973835,0.00883515365421772,0.038909878581762314,0.9346603155136108,0.008662397041916847
성소수자동아리도 모집하네,,,"ㅇㅇ(211.36) 2025.02.27 17:53:42
조회 43 추천 0 댓글 2",추천 0,조회 43,2025.02.27 17:53:42,https://gall.dcinside.com/mgallery/board/view/?id=skk&no=26018&page=13,0.0,0.0,0.0,0.0,0.0,0.0,0.0,0.0,0.0,0.0,0.0
못참겠다,,극대노,"ㅇㅇ(211.36) 2025.02.27 15:31:16
조회 30 추천 0 댓글 2",추천 0,조회 30,2025.02.27 15:31:16,https://gall.dcinside.com/mgallery/board/view/?id=skk&no=26017&page=13,0.016371741890907288,0.011429959908127785,0.010317640379071236,0.016572803258895874,0.012914923019707203,0.009220659732818604,0.01591496355831623,0.008975370787084103,0.03826131671667099,0.9365859627723694,0.008829405531287193
명진갈먹자고,,네,"ㅇㅇ(211.36) 2025.02.27 12:57:50
조회 45 추천 1 댓글 4",추천 1,조회 45,2025.02.27 12:57:50,https://gall.dcinside.com/mgallery/board/view/?id=skk&no=26016&page=13,0.01709587499499321,0.011025809682905674,0.012766187079250813,0.01895168237388134,0.013483774848282337,0.009514600038528442,0.017748504877090454,0.009025933220982552,0.034722700715065,0.9419898390769958,0.009805353358387947
4권스바루개패고싶노,,왜이래얘,"ㅇㅇ(121.168) 2025.02.27 00:47:24
조회 44 추천 0 댓글 4",추천 0,조회 44,2025.02.27 00:47:24,https://gall.dcinside.com/mgallery/board/view/?id=skk&no=26015&page=13,0.01791989430785179,0.010190596804022789,0.012797144241631031,0.01726648397743702,0.01309119164943695,0.009310135617852211,0.016063740476965904,0.009135170839726925,0.03738483786582947,0.9405204057693481,0.00924832746386528
한달에 한번 요리의날을 만들어야겟어,,폼나는그런,"ㅇㅇ(106.101) 2025.02.26 23:27:11
조회 33 추천 0 댓글 3",추천 0,조회 33,2025.02.26 23:27:11,https://gall.dcinside.com/mgallery/board/view/?id=skk&no=26014&page=13,0.0135714216157794,0.009541583247482777,0.010452778078615665,0.019581126049160957,0.012891054153442383,0.00988659355789423,0.016431305557489395,0.008765671402215958,0.037586916238069534,0.932658851146698,0.0085414107888937
랩스 리제로나온거다봄?,,ㅇㅇ,"성갤러(125.130) 2025.02.26 21:57:39
조회 49 추천 0 댓글 6",추천 0,조회 49,2025.02.26 21:57:39,https://gall.dcinside.com/mgallery/board/view/?id=skk&no=26013&page=13,0.018820608034729958,0.010875094681978226,0.012896954081952572,0.0193681251257658,0.013796991668641567,0.009628367610275745,0.017667455598711967,0.009166287258267403,0.033118028193712234,0.9421525597572327,0.009942768141627312
뭔 근터여,,오늘은 밖에 안나가는날임,"Raps 2025.02.26 19:46:39
조회 45 추천 0 댓글 2",추천 0,조회 45,2025.02.26 19:46:39,https://gall.dcinside.com/mgallery/board/view/?id=skk&no=26012&page=13,0.013659924268722534,0.008325347676873207,0.01057963352650404,0.01436086930334568,0.013519144617021084,0.010052644647657871,0.014933830127120018,0.007951621897518635,0.04513290897011757,0.9232338666915894,0.008046505972743034
명륜진사갈비 무려 19900이네,,아쉬워~라~,"성갤러(59.18) 2025.02.26 18:32:07
조회 58 추천 1 댓글 6",추천 1,조회 58,2025.02.26 18:32:07,https://gall.dcinside.com/mgallery/board/view/?id=skk&no=26011&page=13,0.017049575224518776,0.012286079116165638,0.012370709329843521,0.020892566069960594,0.013950187712907791,0.010887863114476204,0.01867358572781086,0.00869049970060587,0.03170139342546463,0.9460427165031433,0.010123830288648605
18975,,,"성갤러(59.18) 2025.02.26 18:26:17
조회 42 추천 0 댓글 3",추천 0,조회 42,2025.02.26 18:26:17,https://gall.dcinside.com/mgallery/board/view/?id=skk&no=26010&page=13,0.0,0.0,0.0,0.0,0.0,0.0,0.0,0.0,0.0,0.0,0.0
무한으로즐겨요,,율전진사갈비,"ㅇㅇ(211.36) 2025.02.26 18:21:56
조회 43 추천 0 댓글 5",추천 0,조회 43,2025.02.26 18:21:56,https://gall.dcinside.com/mgallery/board/view/?id=skk&no=26009&page=13,0.015155341476202011,0.00833333469927311,0.01042570173740387,0.01593193970620632,0.011785393580794334,0.009702087379992008,0.020015783607959747,0.008318755775690079,0.035470396280288696,0.9231159687042236,0.007585180923342705
설마 새터갔나,,그건아니겟지?,"ㅇㅇ(106.101) 2025.02.26 16:51:08
조회 50 추천 0 댓글 1",추천 0,조회 50,2025.02.26 16:51:08,https://gall.dcinside.com/mgallery/board/view/?id=skk&no=26008&page=13,0.01669710874557495,0.010339525528252125,0.012912028469145298,0.01866030879318714,0.01415711734443903,0.010011027567088604,0.018425848335027695,0.00921991840004921,0.03563103452324867,0.9440118074417114,0.009891070425510406
툴파갤도잇어,,ㅈㄴ웃기네,"ㅇㅇ(115.145) 2025.02.26 15:41:17
조회 28 추천 0 댓글 2",추천 0,조회 28,2025.02.26 15:41:17,https://gall.dcinside.com/mgallery/board/view/?id=skk&no=26007&page=13,0.014957086183130741,0.009717246517539024,0.009908270090818405,0.01627671904861927,0.011747024953365326,0.008650530129671097,0.01493063848465681,0.00832235999405384,0.043986376374959946,0.9289070963859558,0.008183462545275688
이거어때,,"https://m.dcinside.com/board/singlebungle1472/1681387
 싱글벙글 싱붕이 상상친구로 모쏠아다탈출했다..jpg - 싱글벙글 지구촌 마이너 갤러리
https://m.dcinside.com/board/singlebungle1472/904250 신기신기 상상친구를 만드는 수련법.araboja - 싱글벙글 지구촌 마이너 갤러리https://gall.dcinside.
m.dcinside.com","ㅇㅇ(115.145) 2025.02.26 15:07:11
조회 33 추천 0 댓글 1",추천 0,조회 33,2025.02.26 15:07:11,https://gall.dcinside.com/mgallery/board/view/?id=skk&no=26006&page=13,0.019117463380098343,0.006634984631091356,0.010855738073587418,0.023471824824810028,0.009089626371860504,0.006616821978241205,0.007795259356498718,0.012029176577925682,0.062451548874378204,0.749915361404419,0.005379789508879185
그래서 감맘,,네,"ㅇㅇ(106.101) 2025.02.26 13:38:56
조회 35 추천 0 댓글 2",추천 0,조회 35,2025.02.26 13:38:56,https://gall.dcinside.com/mgallery/board/view/?id=skk&no=26005&page=13,0.01709587499499321,0.011025809682905674,0.012766187079250813,0.01895168237388134,0.013483774848282337,0.009514600038528442,0.017748504877090454,0.009025933220982552,0.034722700715065,0.9419898390769958,0.009805353358387947
네?,,네,"ㅇㅇ(115.145) 2025.02.26 12:19:28
조회 22 추천 0 댓글 0",추천 0,조회 22,2025.02.26 12:19:28,https://gall.dcinside.com/mgallery/board/view/?id=skk&no=26004&page=13,0.01709587499499321,0.011025809682905674,0.012766187079250813,0.01895168237388134,0.013483774848282337,0.009514600038528442,0.017748504877090454,0.009025933220982552,0.034722700715065,0.9419898390769958,0.009805353358387947
사람이개많음,,겁나많아,"ㅇㅇ(106.101) 2025.02.26 10:57:44
조회 35 추천 0 댓글 0",추천 0,조회 35,2025.02.26 10:57:44,https://gall.dcinside.com/mgallery/board/view/?id=skk&no=26003&page=13,0.013195243664085865,0.008359200321137905,0.0114684347063303,0.014834937639534473,0.01268308237195015,0.00869616586714983,0.014643674716353416,0.00849547516554594,0.048396915197372437,0.9231345653533936,0.008124098181724548
오늘은어때요,,셋이서,"ㅇㅇ(211.36) 2025.02.26 08:55:28
조회 28 추천 0 댓글 0",추천 0,조회 28,2025.02.26 08:55:28,https://gall.dcinside.com/mgallery/board/view/?id=skk&no=26002&page=13,0.016296185553073883,0.009674272499978542,0.012402530759572983,0.017399534583091736,0.013212901540100574,0.00895777903497219,0.014795441180467606,0.008543563075363636,0.03726721927523613,0.9333913922309875,0.008510240353643894
언제,,,"Raps 2025.02.26 01:20:01
조회 44 추천 0 댓글 2",추천 0,조회 44,2025.02.26 01:20:01,https://gall.dcinside.com/mgallery/board/view/?id=skk&no=26001&page=13,0.0,0.0,0.0,0.0,0.0,0.0,0.0,0.0,0.0,0.0,0.0
랩스쿤,,고기먹자,"성갤러(125.130) 2025.02.25 23:55:59
조회 26 추천 0 댓글 0",추천 0,조회 26,2025.02.25 23:55:59,https://gall.dcinside.com/mgallery/board/view/?id=skk&no=26000&page=13,0.018701503053307533,0.009565269574522972,0.01109777856618166,0.01658455841243267,0.012832590378820896,0.009076782502233982,0.01598880998790264,0.008699591271579266,0.03414164483547211,0.9308661222457886,0.008081133477389812
존나귀엽구만,,,"ㅇㅇ(106.101) 2025.02.25 23:17:53
조회 32 추천 0 댓글 2",추천 0,조회 32,2025.02.25 23:17:53,https://gall.dcinside.com/mgallery/board/view/?id=skk&no=25999&page=13,0.0,0.0,0.0,0.0,0.0,0.0,0.0,0.0,0.0,0.0,0.0
치킨어디꺼먹지,,고민,"성갤러(125.130) 2025.02.25 21:32:53
조회 26 추천 0 댓글 1",추천 0,조회 26,2025.02.25 21:32:53,https://gall.dcinside.com/mgallery/board/view/?id=skk&no=25998&page=13,0.018039658665657043,0.010648501105606556,0.012586175464093685,0.017580712214112282,0.013723635114729404,0.009966203942894936,0.015706611797213554,0.009346339851617813,0.0351548008620739,0.940864622592926,0.009662739932537079
아어카지,,오카네가나인다,"ㅇㅇ(115.145) 2025.02.25 18:23:43
조회 27 추천 0 댓글 2",추천 0,조회 27,2025.02.25 18:23:43,https://gall.dcinside.com/mgallery/board/view/?id=skk&no=25997&page=13,0.007628866471350193,0.007453063037246466,0.007442294154316187,0.012876330874860287,0.007187252398580313,0.008879135362803936,0.008820172399282455,0.006783133838325739,0.22590531408786774,0.7259640693664551,0.005272063426673412
아니 무슨 순애만화에서,,개끼리 야스하는걸 볼줄은 몰랏네;,"성갤러(59.18) 2025.02.24 23:43:05
조회 33 추천 0 댓글 3",추천 0,조회 33,2025.02.24 23:43:05,https://gall.dcinside.com/mgallery/board/view/?id=skk&no=25996&page=13,0.015173143707215786,0.008359129540622234,0.06099173426628113,0.017951618880033493,0.0053652627393603325,0.0038293369580060244,0.01150898914784193,0.006409269757568836,0.11683240532875061,0.6576126217842102,0.00608815997838974
천황생일 << 이거 공휴일이구나,,윤석열생일은 공휴일 안하나,"성갤러(59.18) 2025.02.24 22:30:05
조회 27 추천 0 댓글 2",추천 0,조회 27,2025.02.24 22:30:05,https://gall.dcinside.com/mgallery/board/view/?id=skk&no=25995&page=14,0.012243276461958885,0.007030779030174017,0.005837765987962484,0.008116137236356735,0.00878362450748682,0.0062412237748503685,0.011026781052350998,0.010541125200688839,0.18130847811698914,0.7758315205574036,0.005473424214869738
이거진짜임?,,ㄷㄷ,"성갤러(125.130) 2025.02.24 21:44:34
조회 34 추천 0 댓글 1",추천 0,조회 34,2025.02.24 21:44:34,https://gall.dcinside.com/mgallery/board/view/?id=skk&no=25994&page=14,0.017909971997141838,0.011826860718429089,0.012992973439395428,0.021138522773981094,0.014460385777056217,0.010837964713573456,0.021096395328640938,0.00940929539501667,0.030162863433361053,0.9473497867584229,0.01059815939515829
서버부활,,이거거든~~~~~~~~~,"성갤러(59.18) 2025.02.24 21:07:07
조회 28 추천 0 댓글 0",추천 0,조회 28,2025.02.24 21:07:07,https://gall.dcinside.com/mgallery/board/view/?id=skk&no=25993&page=14,0.016821932047605515,0.009503201581537724,0.011613788083195686,0.015512674115598202,0.012408990412950516,0.009285016916692257,0.01692906580865383,0.008349329233169556,0.04176079109311104,0.9367967247962952,0.008745454251766205
돌돌롤?,,롤?,"성갤러(59.18) 2025.02.24 20:11:28
조회 29 추천 0 댓글 2",추천 0,조회 29,2025.02.24 20:11:28,https://gall.dcinside.com/mgallery/board/view/?id=skk&no=25992&page=14,0.017819197848439217,0.011219692416489124,0.011636738665401936,0.01757805421948433,0.013026080094277859,0.00939555000513792,0.016900939866900444,0.00900289323180914,0.034309908747673035,0.9396906495094299,0.009291313588619232
아할게없다할게없어,,"재밋는게임은다옛날거라
망햇거나 질렷거나","성갤러(59.18) 2025.02.24 19:41:10
조회 30 추천 0 댓글 2",추천 0,조회 30,2025.02.24 19:41:10,https://gall.dcinside.com/mgallery/board/view/?id=skk&no=25991&page=14,0.011478683911263943,0.006276670843362808,0.005467418115586042,0.01086167898029089,0.008330636657774448,0.007781147491186857,0.008865105919539928,0.008343847468495369,0.1538267433643341,0.7857257127761841,0.00502767413854599
도파썰 레전드네,,님이말한게 창고썰임?,"성갤러(125.130) 2025.02.24 19:18:33
조회 68 추천 0 댓글 1",추천 0,조회 68,2025.02.24 19:18:33,https://gall.dcinside.com/mgallery/board/view/?id=skk&no=25990&page=14,0.024478673934936523,0.009413096122443676,0.010889639146625996,0.009541451930999756,0.009256714954972267,0.012028859928250313,0.010717424564063549,0.009325118735432625,0.045588232576847076,0.8793812990188599,0.007021243683993816
심심하면 연애를하세요,,님선,"ㅇㅇ(115.145) 2025.02.24 17:12:20
조회 36 추천 0 댓글 5",추천 0,조회 36,2025.02.24 17:12:20,https://gall.dcinside.com/mgallery/board/view/?id=skk&no=25989&page=14,0.017963895574212074,0.011545234359800816,0.01288069598376751,0.01903856173157692,0.01358415000140667,0.010467101819813251,0.019080474972724915,0.009063145145773888,0.031167883425951004,0.9438909292221069,0.009903841651976109
진짜 하나도 뭔지 모르겟네,,https://youtu.be/AtOEKUroRVE?si=yn9kz_pfT7NDT9k0,"ㅇㅇ(106.101) 2025.02.24 15:24:48
조회 36 추천 0 댓글 5",추천 0,조회 36,2025.02.24 15:24:48,https://gall.dcinside.com/mgallery/board/view/?id=skk&no=25988&page=14,0.016666071489453316,0.008364412933588028,0.014560606330633163,0.015695661306381226,0.008629128336906433,0.005735557526350021,0.010724150575697422,0.008542537689208984,0.05643798038363457,0.9016914963722229,0.007082770112901926
1권드디어다봣네,,번역욕이많네요,"ㅇㅇ(121.168) 2025.02.24 01:17:49
조회 24 추천 0 댓글 1",추천 0,조회 24,2025.02.24 01:17:49,https://gall.dcinside.com/mgallery/board/view/?id=skk&no=25987&page=14,0.016593467444181442,0.00942380540072918,0.011215011589229107,0.019276542589068413,0.012729369103908539,0.009257297031581402,0.016764279454946518,0.009029277600347996,0.0328897200524807,0.9328183531761169,0.008489636704325676
악마 여신 << 2025년은 이 만화가 히트하겟군,,,"성갤러(59.18) 2025.02.23 22:20:11
조회 29 추천 0 댓글 2",추천 0,조회 29,2025.02.23 22:20:11,https://gall.dcinside.com/mgallery/board/view/?id=skk&no=25986&page=14,0.0,0.0,0.0,0.0,0.0,0.0,0.0,0.0,0.0,0.0,0.0
ㅅㅂ,,ㅅㅂ,"ㅇㅇ(121.168) 2025.02.23 20:41:10
조회 27 추천 0 댓글 1",추천 0,조회 27,2025.02.23 20:41:10,https://gall.dcinside.com/mgallery/board/view/?id=skk&no=25985&page=14,0.01757705584168434,0.012585778720676899,0.016781801357865334,0.014904333278536797,0.012592008337378502,0.01303404662758112,0.014599629677832127,0.031148355454206467,0.9166308641433716,0.043991148471832275,0.009122632443904877
심심,,하다,"ㅇㅇ(106.101) 2025.02.23 17:22:21
조회 32 추천 0 댓글 4",추천 0,조회 32,2025.02.23 17:22:21,https://gall.dcinside.com/mgallery/board/view/?id=skk&no=25984&page=14,0.016468700021505356,0.010896210558712482,0.01226833462715149,0.01772967167198658,0.01322298962622881,0.009344697929918766,0.017073245719075203,0.008978841826319695,0.036907635629177094,0.9398699402809143,0.009455452673137188
심심,,하다,"ㅇㅇ(106.101) 2025.02.23 12:07:53
조회 36 추천 0 댓글 6",추천 0,조회 36,2025.02.23 12:07:53,https://gall.dcinside.com/mgallery/board/view/?id=skk&no=25983&page=14,0.016468700021505356,0.010896210558712482,0.01226833462715149,0.01772967167198658,0.01322298962622881,0.009344697929918766,0.017073245719075203,0.008978841826319695,0.036907635629177094,0.9398699402809143,0.009455452673137188
뭐지,,"왜 계속 서버 안파져잇는거임

망햇나진짜","성갤러(59.18) 2025.02.22 21:05:33
조회 27 추천 0 댓글 2",추천 0,조회 27,2025.02.22 21:05:33,https://gall.dcinside.com/mgallery/board/view/?id=skk&no=25982&page=14,0.012381335720419884,0.007430050056427717,0.00841874722391367,0.009008658118546009,0.007416389416903257,0.007621960248798132,0.008027941919863224,0.012926653027534485,0.6772325038909912,0.3707010746002197,0.005954519379884005
치킨,,먹,"ㅇㅇ(211.36) 2025.02.22 20:07:59
조회 33 추천 0 댓글 2",추천 0,조회 33,2025.02.22 20:07:59,https://gall.dcinside.com/mgallery/board/view/?id=skk&no=25981&page=14,0.016513587906956673,0.008643986657261848,0.010937817394733429,0.01545932237058878,0.012187127955257893,0.008288650773465633,0.01737884059548378,0.00856503751128912,0.04106258973479271,0.928225040435791,0.00806323904544115
영등포,,네,"ㅇㅇ(211.36) 2025.02.22 19:40:51
조회 30 추천 0 댓글 3",추천 0,조회 30,2025.02.22 19:40:51,https://gall.dcinside.com/mgallery/board/view/?id=skk&no=25980&page=14,0.01709587499499321,0.011025809682905674,0.012766187079250813,0.01895168237388134,0.013483774848282337,0.009514600038528442,0.017748504877090454,0.009025933220982552,0.034722700715065,0.9419898390769958,0.009805353358387947
님아 근데 헬스장감?,,"화학관밑이면 어디로감
다멀잖아","ㅇㅇ(106.101) 2025.02.22 17:54:20
조회 55 추천 0 댓글 8",추천 0,조회 55,2025.02.22 17:54:20,https://gall.dcinside.com/mgallery/board/view/?id=skk&no=25979&page=14,0.015434317290782928,0.009838110767304897,0.010618187487125397,0.018432049080729485,0.01310864370316267,0.010078871622681618,0.01625698059797287,0.008918790146708488,0.035173460841178894,0.9352196455001831,0.008792758919298649
님아3시간짜리방잇는데,,궁금하죠,"ㅇㅇ(211.36) 2025.02.22 17:20:11
조회 45 추천 0 댓글 8",추천 0,조회 45,2025.02.22 17:20:11,https://gall.dcinside.com/mgallery/board/view/?id=skk&no=25978&page=14,0.017270037904381752,0.011351675726473331,0.01300653163343668,0.018636269494891167,0.013340696692466736,0.010265457443892956,0.01734059490263462,0.009073514491319656,0.034340593963861465,0.9442353844642639,0.009991565719246864
유동분신술 뭐임,,실명제실시하라,"Raps 2025.02.22 17:20:04
조회 35 추천 0 댓글 1",추천 0,조회 35,2025.02.22 17:20:04,https://gall.dcinside.com/mgallery/board/view/?id=skk&no=25977&page=14,0.011925827711820602,0.00818056333810091,0.011131084524095058,0.010969690978527069,0.010424593463540077,0.007749161683022976,0.01115190889686346,0.010601604357361794,0.07316075265407562,0.8979384303092957,0.007116369437426329
와 진짜네,,3번째,"ㅇㅇ(106.101) 2025.02.22 16:47:03
조회 44 추천 0 댓글 2",추천 0,조회 44,2025.02.22 16:47:03,https://gall.dcinside.com/mgallery/board/view/?id=skk&no=25975&page=14,0.0155359897762537,0.009878968819975853,0.012860102578997612,0.01571168564260006,0.012547614052891731,0.010308311320841312,0.014803004451096058,0.008849509060382843,0.03830224648118019,0.9322007298469543,0.008694702759385109
甘い物が食べたいんだよ,,모몽가명대사,"ㅇㅇ(211.36) 2025.02.22 10:42:55
조회 40 추천 0 댓글 5",추천 0,조회 40,2025.02.22 10:42:55,https://gall.dcinside.com/mgallery/board/view/?id=skk&no=25974&page=14,0.017759589478373528,0.010892773978412151,0.011180904693901539,0.03036048263311386,0.01216893270611763,0.009833969175815582,0.018490970134735107,0.009000280871987343,0.026696115732192993,0.9380459189414978,0.009272449649870396
현재 시각 4시 54분,,그곳에 두명이 서있다..,"성갤러(59.18) 2025.02.21 04:54:22
조회 35 추천 0 댓글 0",추천 0,조회 35,2025.02.21 04:54:22,https://gall.dcinside.com/mgallery/board/view/?id=skk&no=25973&page=14,0.015345342457294464,0.009211542084813118,0.012895501218736172,0.016885528340935707,0.01260722428560257,0.010166634805500507,0.01588556542992592,0.00858099665492773,0.03801295906305313,0.9338718056678772,0.008696014061570168
일본에서도,,チルい라는말이잇네,"ㅇㅇ(106.101) 2025.02.21 01:39:29
조회 40 추천 0 댓글 3",추천 0,조회 40,2025.02.21 01:39:29,https://gall.dcinside.com/mgallery/board/view/?id=skk&no=25972&page=14,0.013799900189042091,0.007598220836371183,0.009628263302147388,0.010993804782629013,0.010585370473563671,0.006519246380776167,0.01077959407120943,0.008352088741958141,0.07447490096092224,0.8943235278129578,0.00675969710573554
슬슬,,슬슬?,"ㅇㅇ(115.145) 2025.02.20 18:15:25
조회 33 추천 0 댓글 1",추천 0,조회 33,2025.02.20 18:15:25,https://gall.dcinside.com/mgallery/board/view/?id=skk&no=25971&page=14,0.016682200133800507,0.01058192178606987,0.01249641738831997,0.01748253032565117,0.013879765756428242,0.009387610480189323,0.016845127567648888,0.008842021226882935,0.03762803226709366,0.9413659572601318,0.009479782544076443
1인분이 1키로였어?,,200g 가스라이팅이엇음?,"ㅇㅇ(106.101) 2025.02.20 12:43:59
조회 35 추천 0 댓글 2",추천 0,조회 35,2025.02.20 12:43:59,https://gall.dcinside.com/mgallery/board/view/?id=skk&no=25970&page=14,0.017573408782482147,0.010091030038893223,0.011076285503804684,0.019523171707987785,0.013107669539749622,0.009574481286108494,0.016767296940088272,0.008816761896014214,0.03260428085923195,0.9367952346801758,0.008904291316866875
오나홀 << 이거 어떡하지,,"버리긴 아쉽고 안버리자니 걸리적거리고
자기 역할에는 충실한 친구인데","성갤러(59.18) 2025.02.19 23:24:05
조회 61 추천 0 댓글 2",추천 0,조회 61,2025.02.19 23:24:05,https://gall.dcinside.com/mgallery/board/view/?id=skk&no=25969&page=14,0.0134501988068223,0.00891771912574768,0.009227892383933067,0.014699386432766914,0.008959835395216942,0.006231524515897036,0.010803742334246635,0.00816765520721674,0.0713217481970787,0.9011476635932922,0.0067140632309019566
심심한데,,요,"성갤러(59.18) 2025.02.19 20:49:00
조회 28 추천 0 댓글 0",추천 0,조회 28,2025.02.19 20:49:00,https://gall.dcinside.com/mgallery/board/view/?id=skk&no=25968&page=14,0.017429256811738014,0.011690017767250538,0.013172512874007225,0.019688790664076805,0.01428714394569397,0.010495596565306187,0.018887823447585106,0.00912406388670206,0.03185778856277466,0.9453044533729553,0.010322661139070988
이게 그거구나,,,"ㅇㅇ(106.101) 2025.02.19 17:38:06
조회 34 추천 0 댓글 2",추천 0,조회 34,2025.02.19 17:38:06,https://gall.dcinside.com/mgallery/board/view/?id=skk&no=25967&page=14,0.0,0.0,0.0,0.0,0.0,0.0,0.0,0.0,0.0,0.0,0.0
마크 시시티비 방송은 머지,,그걸 9.6천명이나,"ㅇㅇ(106.101) 2025.02.18 22:56:20
조회 43 추천 0 댓글 2",추천 0,조회 43,2025.02.18 22:56:20,https://gall.dcinside.com/mgallery/board/view/?id=skk&no=25966&page=14,0.01429057028144598,0.008390682749450207,0.010760335251688957,0.01483996957540512,0.01191659364849329,0.008267753757536411,0.015403919853270054,0.008081018924713135,0.04509073123335838,0.9237788915634155,0.007803811226040125
놀,,장게,"ㅇㅇ(211.36) 2025.02.18 21:05:32
조회 49 추천 0 댓글 5",추천 0,조회 49,2025.02.18 21:05:32,https://gall.dcinside.com/mgallery/board/view/?id=skk&no=25965&page=14,0.016830697655677795,0.011466353200376034,0.011317920871078968,0.01819571852684021,0.013071817345917225,0.00973470602184534,0.016718588769435883,0.008409373462200165,0.033492881804704666,0.9367597699165344,0.00902716163545847
이거 이러면 게임을 어케함?,,https://youtu.be/PG0tuHd98VY,"성갤러(59.18) 2025.02.18 18:59:29
조회 54 추천 0 댓글 2",추천 0,조회 54,2025.02.18 18:59:29,https://gall.dcinside.com/mgallery/board/view/?id=skk&no=25964&page=14,0.01656693033874035,0.008182710967957973,0.013556390069425106,0.015017935074865818,0.009859035722911358,0.006904426496475935,0.010894900187849998,0.008464215323328972,0.05503468215465546,0.9134926795959473,0.007551087997853756
만보걷기 원래 ㅈ밥인가,,먼 밥처먹을때만걷는데 8천걸음이래,"ㅇㅇ(115.145) 2025.02.18 18:47:23
조회 47 추천 0 댓글 2",추천 0,조회 47,2025.02.18 18:47:23,https://gall.dcinside.com/mgallery/board/view/?id=skk&no=25963&page=14,0.010217144154012203,0.006184535566717386,0.007424006704241037,0.00787303689867258,0.010237260721623898,0.007529308088123798,0.008312487974762917,0.009920655749738216,0.5522239804267883,0.43045344948768616,0.0056220912374556065
배고파죽겠다,,1초라도 빨리 먹고싶어,"ㅇㅇ(106.101) 2025.02.18 16:54:50
조회 43 추천 0 댓글 2",추천 0,조회 43,2025.02.18 16:54:50,https://gall.dcinside.com/mgallery/board/view/?id=skk&no=25962&page=14,0.015300069004297256,0.009429998695850372,0.010689849965274334,0.014798067510128021,0.01165772881358862,0.008196149952709675,0.012371649034321308,0.007710375357419252,0.045968227088451385,0.9189837574958801,0.0076589020900428295
살짝이느낌,,네,"ㅇㅇ(211.36) 2025.02.18 16:02:34
조회 37 추천 0 댓글 2",추천 0,조회 37,2025.02.18 16:02:34,https://gall.dcinside.com/mgallery/board/view/?id=skk&no=25961&page=14,0.01709587499499321,0.011025809682905674,0.012766187079250813,0.01895168237388134,0.013483774848282337,0.009514600038528442,0.017748504877090454,0.009025933220982552,0.034722700715065,0.9419898390769958,0.009805353358387947
오예오예,,,"ㅇㅇ(106.101) 2025.02.18 10:34:19
조회 48 추천 0 댓글 4",추천 0,조회 48,2025.02.18 10:34:19,https://gall.dcinside.com/mgallery/board/view/?id=skk&no=25960&page=14,0.0,0.0,0.0,0.0,0.0,0.0,0.0,0.0,0.0,0.0,0.0
버의길을 걸어야하나,,랩스럽네,"ㅇㅇ(211.36) 2025.02.18 09:05:54
조회 44 추천 0 댓글 2",추천 0,조회 44,2025.02.18 09:05:54,https://gall.dcinside.com/mgallery/board/view/?id=skk&no=25959&page=14,0.016064012423157692,0.01137521956115961,0.011714470572769642,0.0212286114692688,0.012826798483729362,0.009741043671965599,0.017641760408878326,0.009145920164883137,0.03340776637196541,0.9422846436500549,0.009610691107809544
디시도 슬슬,,네,"성갤러(211.51) 2025.02.18 01:28:55
조회 51 추천 0 댓글 3",추천 0,조회 51,2025.02.18 01:28:55,https://gall.dcinside.com/mgallery/board/view/?id=skk&no=25958&page=14,0.01709587499499321,0.011025809682905674,0.012766187079250813,0.01895168237388134,0.013483774848282337,0.009514600038528442,0.017748504877090454,0.009025933220982552,0.034722700715065,0.9419898390769958,0.009805353358387947
아무무,,,"쿠쿠 2025.02.18 00:13:20
조회 54 추천 0 댓글 2",추천 0,조회 54,2025.02.18 00:13:20,https://gall.dcinside.com/mgallery/board/view/?id=skk&no=25957&page=14,0.0,0.0,0.0,0.0,0.0,0.0,0.0,0.0,0.0,0.0,0.0
어과초 4기 행복하네,,,"성갤러(211.51) 2025.02.17 00:02:16
조회 53 추천 0 댓글 6",추천 0,조회 53,2025.02.17 00:02:16,https://gall.dcinside.com/mgallery/board/view/?id=skk&no=25956&page=14,0.0,0.0,0.0,0.0,0.0,0.0,0.0,0.0,0.0,0.0,0.0
오늘 올라온 가라오케 방송,,모브캐들임?,"성갤러(211.51) 2025.02.16 23:22:27
조회 59 추천 0 댓글 6",추천 0,조회 59,2025.02.16 23:22:27,https://gall.dcinside.com/mgallery/board/view/?id=skk&no=25955&page=14,0.03252483904361725,0.008212927728891373,0.010750644840300083,0.018336715176701546,0.00938417762517929,0.00735911400988698,0.010374470613896847,0.008694822899997234,0.048740435391664505,0.9133509397506714,0.007025650702416897
싱글벙글 VR.gif,,,"Raps 2025.02.16 22:07:45
조회 41 추천 0 댓글 2",추천 0,조회 41,2025.02.16 22:07:45,https://gall.dcinside.com/mgallery/board/view/?id=skk&no=25954&page=14,0.0,0.0,0.0,0.0,0.0,0.0,0.0,0.0,0.0,0.0,0.0
아.,,서버가안열렸어,"성갤러(211.51) 2025.02.16 21:07:40
조회 29 추천 0 댓글 0",추천 0,조회 29,2025.02.16 21:07:40,https://gall.dcinside.com/mgallery/board/view/?id=skk&no=25953&page=14,0.015283753164112568,0.008384369313716888,0.010977812111377716,0.01381033193320036,0.011907906271517277,0.008187372237443924,0.013288984075188637,0.008316132239997387,0.04636601731181145,0.9195549488067627,0.007782799657434225
놀.,,이공원,"성갤러(211.51) 2025.02.16 15:46:17
조회 36 추천 0 댓글 2",추천 0,조회 36,2025.02.16 15:46:17,https://gall.dcinside.com/mgallery/board/view/?id=skk&no=25952&page=14,0.016389906406402588,0.011057968251407146,0.012908625416457653,0.019050275906920433,0.01417580433189869,0.011378726921975613,0.018574347719550133,0.00953873060643673,0.03125269338488579,0.943181037902832,0.009955985471606255
크아아아악,,,"ㅇㅇ(106.101) 2025.02.16 04:16:33
조회 39 추천 0 댓글 2",추천 0,조회 39,2025.02.16 04:16:33,https://gall.dcinside.com/mgallery/board/view/?id=skk&no=25951&page=14,0.0,0.0,0.0,0.0,0.0,0.0,0.0,0.0,0.0,0.0,0.0
쿠키 충전해 말어,,고민 500배,"쿠쿠 2025.02.16 01:41:18
조회 65 추천 0 댓글 11",추천 0,조회 65,2025.02.16 01:41:18,https://gall.dcinside.com/mgallery/board/view/?id=skk&no=25950&page=14,0.016681794077157974,0.009940069168806076,0.010886717587709427,0.016329921782016754,0.012753843329846859,0.009711754508316517,0.014863705262541771,0.00898019503802061,0.037488341331481934,0.9336627721786499,0.008555163629353046
일본인도 어려워서 공략보는데,,저런거까지 따라해야하나,"쿠쿠 2025.02.16 01:36:37
조회 54 추천 0 댓글 5",추천 0,조회 54,2025.02.16 01:36:37,https://gall.dcinside.com/mgallery/board/view/?id=skk&no=25949&page=14,0.012483403086662292,0.007969275116920471,0.009120951406657696,0.013317295350134373,0.010184409096837044,0.006846231874078512,0.012071656063199043,0.008709263987839222,0.06991562992334366,0.9052653908729553,0.007093038875609636
실베에 이런글이잇네요,,https://m.dcinside.com/board/dcbest/305812,"ㅇㅇ(106.101) 2025.02.16 01:16:21
조회 56 추천 0 댓글 6",추천 0,조회 56,2025.02.16 01:16:21,https://gall.dcinside.com/mgallery/board/view/?id=skk&no=25948&page=14,0.01493145152926445,0.007461699191480875,0.011715139262378216,0.013517108745872974,0.010290933772921562,0.007387252990156412,0.011522885411977768,0.008334734477102757,0.05632694438099861,0.9080438613891602,0.007230720017105341
리제로 정주행해볼까,,예전에 하다가 문장너무유치해서 포기한거같은데,"쿠쿠 2025.02.16 00:33:45
조회 42 추천 0 댓글 6",추천 0,조회 42,2025.02.16 00:33:45,https://gall.dcinside.com/mgallery/board/view/?id=skk&no=25947&page=14,0.01336965523660183,0.008239919319748878,0.009891108609735966,0.011470776051282883,0.010222391225397587,0.007421639282256365,0.011604392901062965,0.008111669681966305,0.06433287262916565,0.9022417664527893,0.006793186999857426
어우배고파사발,,예상답변) 사발면,"쿠쿠 2025.02.15 22:47:25
조회 36 추천 0 댓글 3",추천 0,조회 36,2025.02.15 22:47:25,https://gall.dcinside.com/mgallery/board/view/?id=skk&no=25946&page=14,0.017363829538226128,0.037296656519174576,0.015217376872897148,0.005043853539973497,0.008411242626607418,0.007246328517794609,0.006837849505245686,0.016927065327763557,0.7184789776802063,0.125712588429451,0.005350011400878429
이왜진,,,"ㅇㅇ(106.101) 2025.02.15 22:34:57
조회 37 추천 0 댓글 4",추천 0,조회 37,2025.02.15 22:34:57,https://gall.dcinside.com/mgallery/board/view/?id=skk&no=25945&page=14,0.0,0.0,0.0,0.0,0.0,0.0,0.0,0.0,0.0,0.0,0.0
어우배불러,,,"ㅇㅇ(106.101) 2025.02.15 20:25:25
조회 29 추천 0 댓글 0",추천 0,조회 29,2025.02.15 20:25:25,https://gall.dcinside.com/mgallery/board/view/?id=skk&no=25944&page=15,0.0,0.0,0.0,0.0,0.0,0.0,0.0,0.0,0.0,0.0,0.0
어우배고파,,네,"쿠쿠 2025.02.15 11:41:46
조회 33 추천 0 댓글 0",추천 0,조회 33,2025.02.15 11:41:46,https://gall.dcinside.com/mgallery/board/view/?id=skk&no=25943&page=15,0.01709587499499321,0.011025809682905674,0.012766187079250813,0.01895168237388134,0.013483774848282337,0.009514600038528442,0.017748504877090454,0.009025933220982552,0.034722700715065,0.9419898390769958,0.009805353358387947
근데어디로가야함,,어디로가야하오,"ㅇㅇ(106.101) 2025.02.15 11:27:33
조회 51 추천 0 댓글 7",추천 0,조회 51,2025.02.15 11:27:33,https://gall.dcinside.com/mgallery/board/view/?id=skk&no=25942&page=15,0.0159566942602396,0.010865634307265282,0.012652892619371414,0.019251415506005287,0.013845497742295265,0.010451889596879482,0.01832791045308113,0.00915489625185728,0.033794332295656204,0.943019688129425,0.009738987311720848
11시반?,,,"ㅇㅇ(106.101) 2025.02.15 10:36:46
조회 34 추천 0 댓글 2",추천 0,조회 34,2025.02.15 10:36:46,https://gall.dcinside.com/mgallery/board/view/?id=skk&no=25941&page=15,0.0,0.0,0.0,0.0,0.0,0.0,0.0,0.0,0.0,0.0,0.0
야.,,호,"성갤러(211.51) 2025.02.14 21:22:12
조회 36 추천 0 댓글 4",추천 0,조회 36,2025.02.14 21:22:12,https://gall.dcinside.com/mgallery/board/view/?id=skk&no=25940&page=15,0.015879536047577858,0.010395954363048077,0.012312471866607666,0.018488071858882904,0.013007988221943378,0.010104967281222343,0.016838423907756805,0.008847643621265888,0.035340502858161926,0.9390956163406372,0.009297487325966358
소워일섭은,,vpn필요없나봐요,"ㅇㅇ(106.101) 2025.02.14 11:19:53
조회 41 추천 0 댓글 6",추천 0,조회 41,2025.02.14 11:19:53,https://gall.dcinside.com/mgallery/board/view/?id=skk&no=25939&page=15,0.015726875513792038,0.009509105235338211,0.012348956428468227,0.017709951847791672,0.012862428091466427,0.009492632001638412,0.01588243432343006,0.009087312035262585,0.03853727504611015,0.938630223274231,0.009068670682609081
랩스님아,,방구드셈 뿡,"쿠쿠 2025.02.14 00:11:45
조회 42 추천 0 댓글 0",추천 0,조회 42,2025.02.14 00:11:45,https://gall.dcinside.com/mgallery/board/view/?id=skk&no=25938&page=15,0.013439218513667583,0.008105057291686535,0.009988770820200443,0.013587242923676968,0.010778598487377167,0.007450822740793228,0.012652112171053886,0.00798008218407631,0.05730597302317619,0.9118546843528748,0.007130888756364584
랩스님아,,젠존제일섭어케함,"성갤러(211.51) 2025.02.13 22:14:11
조회 42 추천 0 댓글 4",추천 0,조회 42,2025.02.13 22:14:11,https://gall.dcinside.com/mgallery/board/view/?id=skk&no=25937&page=15,0.0961141437292099,0.011126870289444923,0.2978939414024353,0.013955564238131046,0.008249880746006966,0.005833389703184366,0.009053707122802734,0.024266323074698448,0.03747834265232086,0.5981764197349548,0.008818162605166435
놀실분,,,"쿠쿠 2025.02.13 18:36:08
조회 35 추천 0 댓글 1",추천 0,조회 35,2025.02.13 18:36:08,https://gall.dcinside.com/mgallery/board/view/?id=skk&no=25936&page=15,0.0,0.0,0.0,0.0,0.0,0.0,0.0,0.0,0.0,0.0,0.0
놀자고이년아,,네,"쿠쿠 2025.02.12 19:37:00
조회 44 추천 0 댓글 3",추천 0,조회 44,2025.02.12 19:37:00,https://gall.dcinside.com/mgallery/board/view/?id=skk&no=25935&page=15,0.01709587499499321,0.011025809682905674,0.012766187079250813,0.01895168237388134,0.013483774848282337,0.009514600038528442,0.017748504877090454,0.009025933220982552,0.034722700715065,0.9419898390769958,0.009805353358387947
근데님 일본노래부르러감?,,난부끄러워서못가겟던데,"ㅇㅇ(106.101) 2025.02.12 14:23:11
조회 50 추천 0 댓글 6",추천 0,조회 50,2025.02.12 14:23:11,https://gall.dcinside.com/mgallery/board/view/?id=skk&no=25934&page=15,0.011986681260168552,0.007880542427301407,0.01035759411752224,0.011246978305280209,0.009451714344322681,0.007748699747025967,0.011154428124427795,0.008207127451896667,0.07130151242017746,0.8977697491645813,0.006778345443308353
tj 만찬가뜸,,쨔스!!!!!!!!!!!!!!!!!!!!!!!!!!!!!!!!!!!!!,"쿠쿠 2025.02.12 13:19:15
조회 35 추천 0 댓글 3",추천 0,조회 35,2025.02.12 13:19:15,https://gall.dcinside.com/mgallery/board/view/?id=skk&no=25933&page=15,0.014001749455928802,0.012720881961286068,0.014275571331381798,0.012605728581547737,0.010532396845519543,0.008818566799163818,0.013731428422033787,0.008059929125010967,0.06031643971800804,0.9280364513397217,0.008994176052510738
지듣노,,https://www.youtube.com/watch?v=7jBoRRAk6EQ,"쿠쿠 2025.02.12 09:38:30
조회 44 추천 0 댓글 6",추천 0,조회 44,2025.02.12 09:38:30,https://gall.dcinside.com/mgallery/board/view/?id=skk&no=25932&page=15,0.01662539690732956,0.008399184793233871,0.011315188370645046,0.009829730726778507,0.006620025262236595,0.0033581098541617393,0.006288429722189903,0.010198117233812809,0.2485506385564804,0.6943779587745667,0.005472557153552771
야.,,놀자초특급야놀자,"성갤러(211.51) 2025.02.11 22:30:43
조회 43 추천 0 댓글 4",추천 0,조회 43,2025.02.11 22:30:43,https://gall.dcinside.com/mgallery/board/view/?id=skk&no=25931&page=15,0.016672173514962196,0.007875961251556873,0.009595661424100399,0.008487658575177193,0.01319984532892704,0.005678719375282526,0.00828823447227478,0.008720670826733112,0.1026046946644783,0.8581817150115967,0.005887230392545462
아 플러리 실망이네,,독거노총각인줄 알았는데 장난하냐고 ㅇㅇ;,"Raps 2025.02.11 19:13:32
조회 60 추천 0 댓글 3",추천 0,조회 60,2025.02.11 19:13:32,https://gall.dcinside.com/mgallery/board/view/?id=skk&no=25930&page=15,0.016841739416122437,0.0064982143230736256,0.007566563785076141,0.009104645811021328,0.007861915975809097,0.00591109087690711,0.011472927406430244,0.010349782183766365,0.11219500750303268,0.8607720732688904,0.005901312455534935
아오,,심심해라,"ㅇㅇ(106.101) 2025.02.10 21:48:06
조회 35 추천 0 댓글 2",추천 0,조회 35,2025.02.10 21:48:06,https://gall.dcinside.com/mgallery/board/view/?id=skk&no=25929&page=15,0.012673813849687576,0.007883260026574135,0.00931556522846222,0.012908284552395344,0.01135218981653452,0.0072989799082279205,0.011818655766546726,0.008211125619709492,0.06835060566663742,0.9083713889122009,0.007286559324711561
무려 리글로스도 카드가 나왓다네요,,네,"성갤러(211.51) 2025.02.10 19:58:24
조회 36 추천 0 댓글 2",추천 0,조회 36,2025.02.10 19:58:24,https://gall.dcinside.com/mgallery/board/view/?id=skk&no=25928&page=15,0.01709587499499321,0.011025809682905674,0.012766187079250813,0.01895168237388134,0.013483774848282337,0.009514600038528442,0.017748504877090454,0.009025933220982552,0.034722700715065,0.9419898390769958,0.009805353358387947
럽라레전드사건발생,,ㅋㅋ,"쿠쿠 2025.02.10 17:40:42
조회 41 추천 0 댓글 4",추천 0,조회 41,2025.02.10 17:40:42,https://gall.dcinside.com/mgallery/board/view/?id=skk&no=25927&page=15,0.016486002132296562,0.010592150501906872,0.01233817357569933,0.017572669312357903,0.013425854966044426,0.009626394137740135,0.01754600740969181,0.009104637429118156,0.03704880177974701,0.94118732213974,0.009530629962682724
사전수강 << 있는이유가머지,,도대체몰라,"성갤러(211.51) 2025.02.09 23:48:50
조회 49 추천 0 댓글 6",추천 0,조회 49,2025.02.09 23:48:50,https://gall.dcinside.com/mgallery/board/view/?id=skk&no=25926&page=15,0.014586217701435089,0.008623737841844559,0.011192681267857552,0.014338066801428795,0.01208510808646679,0.008501064032316208,0.013848544098436832,0.008880509063601494,0.04681820422410965,0.9239352941513062,0.008015401661396027
일하면 일본,,이하면 이란,"성갤러(211.51) 2025.02.09 22:55:13
조회 33 추천 0 댓글 4",추천 0,조회 33,2025.02.09 22:55:13,https://gall.dcinside.com/mgallery/board/view/?id=skk&no=25924&page=15,0.016026506200432777,0.010890713892877102,0.011492446064949036,0.025395628064870834,0.01455756276845932,0.011160336434841156,0.020054832100868225,0.00914362259209156,0.0281862560659647,0.9431781768798828,0.009846053086221218
놀,,자,"ㅇㅇ(106.101) 2025.02.09 19:23:20
조회 32 추천 0 댓글 4",추천 0,조회 32,2025.02.09 19:23:20,https://gall.dcinside.com/mgallery/board/view/?id=skk&no=25923&page=15,0.0185927152633667,0.01232946664094925,0.014073574915528297,0.017005320638418198,0.012688368558883667,0.008752228692173958,0.016664329916238785,0.009007357060909271,0.03731261193752289,0.9429219365119934,0.009894335642457008
심심스,,네,"쿠쿠 2025.02.09 14:48:48
조회 28 추천 0 댓글 3",추천 0,조회 28,2025.02.09 14:48:48,https://gall.dcinside.com/mgallery/board/view/?id=skk&no=25922&page=15,0.01709587499499321,0.011025809682905674,0.012766187079250813,0.01895168237388134,0.013483774848282337,0.009514600038528442,0.017748504877090454,0.009025933220982552,0.034722700715065,0.9419898390769958,0.009805353358387947
여기뭐하는갤임,,다,"마루˙ 2025.02.08 16:05:49
조회 104 추천 0 댓글 11",추천 0,조회 104,2025.02.08 16:05:49,https://gall.dcinside.com/mgallery/board/view/?id=skk&no=25921&page=15,0.017533214762806892,0.011155042797327042,0.012068615294992924,0.017721043899655342,0.01314652431756258,0.008970435708761215,0.017509985715150833,0.008972051553428173,0.03635689988732338,0.9404543042182922,0.009523790329694748
진세이와 이치도키리난다,,https://www.youtube.com/watch?v=lT_RqV4oUr0,"ㅇㅇ(106.101) 2025.02.08 02:34:02
조회 38 추천 0 댓글 4",추천 0,조회 38,2025.02.08 02:34:02,https://gall.dcinside.com/mgallery/board/view/?id=skk&no=25920&page=15,0.014307216741144657,0.008149138651788235,0.012858929112553596,0.013921468518674374,0.009472452104091644,0.00666506914421916,0.011174116283655167,0.00816104095429182,0.05875660479068756,0.9038639068603516,0.007077791728079319
문7 문재인급이라네요,,문겜,"ㅇㅇ(106.101) 2025.02.07 18:45:06
조회 38 추천 0 댓글 4",추천 0,조회 38,2025.02.07 18:45:06,https://gall.dcinside.com/mgallery/board/view/?id=skk&no=25919&page=15,0.020739594474434853,0.009725920855998993,0.011417628265917301,0.01286254171282053,0.01158654410392046,0.007179178763180971,0.01371786743402481,0.008722690865397453,0.043955087661743164,0.9242650270462036,0.00787256844341755
치이카와보셈,,꿀좸스,"쿠쿠 2025.02.06 23:58:27
조회 39 추천 0 댓글 9",추천 0,조회 39,2025.02.06 23:58:27,https://gall.dcinside.com/mgallery/board/view/?id=skk&no=25918&page=15,0.01773929037153721,0.010375267826020718,0.009584896266460419,0.014267764054238796,0.009101519361138344,0.0067444914020597935,0.010952694341540337,0.007930037565529346,0.05608329921960831,0.9121106863021851,0.007046131417155266
질문에 넣고싶네,,구경이라도 좀 해보자,"Raps 2025.02.06 16:22:33
조회 52 추천 0 댓글 3",추천 0,조회 52,2025.02.06 16:22:33,https://gall.dcinside.com/mgallery/board/view/?id=skk&no=25917&page=15,0.012336756102740765,0.008458763360977173,0.00839008018374443,0.012688900344073772,0.010347237810492516,0.008168721571564674,0.011881913058459759,0.008111834526062012,0.06492556631565094,0.9030149579048157,0.006863839458674192
질문 급함,,공학계열 과외하면 시급 얼마정도 받음?,"성갤러(211.234) 2025.02.06 03:10:56
조회 56 추천 0 댓글 3",추천 0,조회 56,2025.02.06 03:10:56,https://gall.dcinside.com/mgallery/board/view/?id=skk&no=25916&page=15,0.017767494544386864,0.008006030693650246,0.009117478504776955,0.016775796189904213,0.013103148899972439,0.008214917965233326,0.015621892176568508,0.010815964080393314,0.03941546380519867,0.9275267124176025,0.008111754432320595
질문 있음,,여자랑 스몰토크 어케함,"ㅇㅇ(223.38) 2025.02.06 00:00:59
조회 54 추천 0 댓글 3",추천 0,조회 54,2025.02.06 00:00:59,https://gall.dcinside.com/mgallery/board/view/?id=skk&no=25915&page=15,0.02082018367946148,0.00977423507720232,0.011596973985433578,0.01510573085397482,0.010824697092175484,0.007322331424802542,0.014114315621554852,0.008148648776113987,0.03933831304311752,0.9245741963386536,0.007538987789303064
하,,배불러터지겟다,"ㅇㅇ(106.101) 2025.02.05 23:50:35
조회 27 추천 0 댓글 0",추천 0,조회 27,2025.02.05 23:50:35,https://gall.dcinside.com/mgallery/board/view/?id=skk&no=25914&page=15,0.011487003415822983,0.0064644175581634045,0.007144751027226448,0.01126150693744421,0.008213763125240803,0.005960011854767799,0.008085224777460098,0.007844840176403522,0.13634636998176575,0.8163490891456604,0.005483909510076046
미야우미어,,https://www.youtube.com/watch?v=BaqKgdtJi0U,"ㅇㅇ(203.252) 2025.02.05 20:03:54
조회 37 추천 0 댓글 4",추천 0,조회 37,2025.02.05 20:03:54,https://gall.dcinside.com/mgallery/board/view/?id=skk&no=25913&page=15,0.016673551872372627,0.007146171294152737,0.011944103054702282,0.015216890722513199,0.008649716153740883,0.005755939055234194,0.009730396792292595,0.008945954032242298,0.07172498106956482,0.8932695984840393,0.006934748962521553
님아,,이쁘죠,"쿠쿠 2025.02.05 16:35:42
조회 39 추천 0 댓글 4",추천 0,조회 39,2025.02.05 16:35:42,https://gall.dcinside.com/mgallery/board/view/?id=skk&no=25912&page=15,0.021490661427378654,0.013157720677554607,0.014285155571997166,0.022043922916054726,0.013631904497742653,0.01021917350590229,0.018142731860280037,0.00931486114859581,0.027491411194205284,0.9455668926239014,0.01038755476474762
놀자며,,,"성갤러(222.99) 2025.02.04 23:38:18
조회 39 추천 0 댓글 4",추천 0,조회 39,2025.02.04 23:38:18,https://gall.dcinside.com/mgallery/board/view/?id=skk&no=25911&page=15,0.0,0.0,0.0,0.0,0.0,0.0,0.0,0.0,0.0,0.0,0.0
님아,,,"쿠쿠 2025.02.04 11:31:04
조회 46 추천 0 댓글 7",추천 0,조회 46,2025.02.04 11:31:04,https://gall.dcinside.com/mgallery/board/view/?id=skk&no=25910&page=15,0.0,0.0,0.0,0.0,0.0,0.0,0.0,0.0,0.0,0.0,0.0
님아,,아이폰임?,"쿠쿠 2025.02.03 13:12:30
조회 37 추천 0 댓글 6",추천 0,조회 37,2025.02.03 13:12:30,https://gall.dcinside.com/mgallery/board/view/?id=skk&no=25909&page=15,0.01760251820087433,0.011958552524447441,0.012485971674323082,0.02176373451948166,0.013827585615217686,0.010616184212267399,0.018068740144371986,0.009112008847296238,0.030100882053375244,0.9451917409896851,0.010042030364274979
뿌직,,,"쿠쿠 2025.02.02 16:29:48
조회 31 추천 0 댓글 3",추천 0,조회 31,2025.02.02 16:29:48,https://gall.dcinside.com/mgallery/board/view/?id=skk&no=25908&page=15,0.0,0.0,0.0,0.0,0.0,0.0,0.0,0.0,0.0,0.0,0.0
와 스매쉬 개잘하네,,이유가 있어 이유가,"성갤러(218.155) 2025.02.01 17:18:32
조회 36 추천 0 댓글 2",추천 0,조회 36,2025.02.01 17:18:32,https://gall.dcinside.com/mgallery/board/view/?id=skk&no=25907&page=15,0.017530592158436775,0.009609239175915718,0.011726128868758678,0.014317246153950691,0.011478310450911522,0.00887333508580923,0.014542841352522373,0.00862827617675066,0.04017384722828865,0.9279539585113525,0.008105973713099957
음 그래그래,,1팩에 전부 레어카드야,"ㅇㅇ(106.101) 2025.02.01 14:37:11
조회 33 추천 0 댓글 0",추천 0,조회 33,2025.02.01 14:37:11,https://gall.dcinside.com/mgallery/board/view/?id=skk&no=25906&page=15,0.016539521515369415,0.009754239581525326,0.012335792183876038,0.014490465633571148,0.011196481995284557,0.007956072688102722,0.01460085716098547,0.008556594140827656,0.04206768050789833,0.927299976348877,0.007993618957698345
젠존제,,코스프레한 리유,"쿠쿠 2025.01.31 23:14:30
조회 33 추천 0 댓글 1",추천 0,조회 33,2025.01.31 23:14:30,https://gall.dcinside.com/mgallery/board/view/?id=skk&no=25905&page=15,0.014000399969518185,0.0071969591081142426,0.008288717828691006,0.00938444398343563,0.008361857384443283,0.005628009792417288,0.008788837119936943,0.00866530928760767,0.13279078900814056,0.8549847602844238,0.005947456695139408
근데 뭔가,,꼴리는 캐릭이 없어,"성갤러(218.155) 2025.01.31 18:30:51
조회 36 추천 0 댓글 3",추천 0,조회 36,2025.01.31 18:30:51,https://gall.dcinside.com/mgallery/board/view/?id=skk&no=25904&page=15,0.06530667841434479,0.005302000790834427,0.04641199856996536,0.00698865344747901,0.006178529933094978,0.0029103471897542477,0.051069263368844986,0.0484187938272953,0.1815555840730667,0.230149045586586,0.004604112822562456
젠존제 젖보똥 좆되네,,원신같은 유아게임 바로지움 ㅇㅇ,"Raps 2025.01.31 17:46:21
조회 76 추천 0 댓글 9",추천 0,조회 76,2025.01.31 17:46:21,https://gall.dcinside.com/mgallery/board/view/?id=skk&no=25903&page=15,0.019852178171277046,0.00998429674655199,0.011890720576047897,0.019052254036068916,0.012510818429291248,0.008133520372211933,0.016141729429364204,0.008860079571604729,0.03471609205007553,0.9378525614738464,0.008745557628571987
감자깎다가,,손가락도 깎앗어 아파,"성갤러(218.155) 2025.01.30 14:03:31
조회 32 추천 0 댓글 2",추천 0,조회 32,2025.01.30 14:03:31,https://gall.dcinside.com/mgallery/board/view/?id=skk&no=25902&page=15,0.014603760093450546,0.007628422696143389,0.009262626059353352,0.010291234590113163,0.010048028081655502,0.006141240242868662,0.01038702018558979,0.007864746265113354,0.07954208552837372,0.8855810165405273,0.006293885409832001
이게 논란이라는데,,그정도로 안씻나,"성갤러(218.155) 2025.01.29 18:57:05
조회 51 추천 0 댓글 2",추천 0,조회 51,2025.01.29 18:57:05,https://gall.dcinside.com/mgallery/board/view/?id=skk&no=25901&page=15,0.010752384550869465,0.007808245252817869,0.009193802252411842,0.012744540348649025,0.010441572405397892,0.0065422458574175835,0.010618362575769424,0.007654047571122646,0.07880625873804092,0.87868332862854,0.006409105844795704
명절시발,,제발그만,"Raps 2025.01.29 12:39:38
조회 40 추천 0 댓글 1",추천 0,조회 40,2025.01.29 12:39:38,https://gall.dcinside.com/mgallery/board/view/?id=skk&no=25900&page=15,0.010701464489102364,0.00717347813770175,0.010121693834662437,0.008229806087911129,0.00931957084685564,0.006425563711673021,0.010514789260923862,0.00779374735429883,0.12021083384752274,0.8614429831504822,0.006243024952709675
젠존제 시작함,,"https://youtu.be/8JocmAlZ3nY?si=
-Ifnk62Jtit9S5A7




이 짱깨년 바이럴땜에 안되겠음","ㅇㅇ(58.235) 2025.01.28 16:05:50
조회 49 추천 0 댓글 5",추천 0,조회 49,2025.01.28 16:05:50,https://gall.dcinside.com/mgallery/board/view/?id=skk&no=25899&page=15,0.07753214985132217,0.029651185497641563,0.028379617258906364,0.9626192450523376,0.018912089988589287,0.02247282862663269,0.030537793412804604,0.031219445168972015,0.019076457247138023,0.03778621926903725,0.018732616677880287
밴인듯,,"일본계정으로 리뷰보면 새로운리뷰계속달림

광고많다이런거","쿠쿠 2025.01.28 10:53:36
조회 41 추천 0 댓글 4",추천 0,조회 41,2025.01.28 10:53:36,https://gall.dcinside.com/mgallery/board/view/?id=skk&no=25898&page=15,0.017315560951828957,0.00964619405567646,0.009440703317523003,0.022411972284317017,0.012427834793925285,0.008525318466126919,0.01606678031384945,0.00860514771193266,0.03740953281521797,0.9356707334518433,0.008609404787421227
이쁘네요,,한ㄴ보다이쁘네,"쿠쿠 2025.01.27 20:02:52
조회 43 추천 0 댓글 5",추천 0,조회 43,2025.01.27 20:02:52,https://gall.dcinside.com/mgallery/board/view/?id=skk&no=25897&page=15,0.022302864119410515,0.010739934630692005,0.011477762833237648,0.019340554252266884,0.012080498039722443,0.00895223394036293,0.015324088744819164,0.008925065398216248,0.030880218371748924,0.9342875480651855,0.008326626382768154
맥북에어 팔아야겠다,,사요나라,"Raps 2025.01.27 16:09:05
조회 58 추천 0 댓글 5",추천 0,조회 58,2025.01.27 16:09:05,https://gall.dcinside.com/mgallery/board/view/?id=skk&no=25896&page=15,0.013931039720773697,0.00937950611114502,0.009785562753677368,0.016446910798549652,0.010239209048449993,0.008308766409754753,0.015145956538617611,0.007765777409076691,0.04696657508611679,0.9229344129562378,0.007689820136874914
벽느낌,,하나도못알아드릉,"쿠쿠 2025.01.27 10:01:06
조회 35 추천 0 댓글 3",추천 0,조회 35,2025.01.27 10:01:06,https://gall.dcinside.com/mgallery/board/view/?id=skk&no=25895&page=15,0.013488558121025562,0.00916033424437046,0.00799344852566719,0.006563801318407059,0.006275303661823273,0.005512597505003214,0.006050867959856987,0.009679124690592289,0.36716634035110474,0.6131605505943298,0.005029258318245411
아 요즘 씹덕겜 여캐들 존나꼴리네,,겜하긴싫은데 ㅇㅇ;,"Raps 2025.01.26 01:08:49
조회 87 추천 0 댓글 9",추천 0,조회 87,2025.01.26 01:08:49,https://gall.dcinside.com/mgallery/board/view/?id=skk&no=25894&page=15,0.01843620464205742,0.009512237273156643,0.01147365290671587,0.017123853787779808,0.013069848529994488,0.0089982058852911,0.01493573747575283,0.00911524798721075,0.03640773519873619,0.9351298213005066,0.008562871254980564
아 요즘 씹덕겜 여캐들 존나꼴리네,,겜하긴싫은데 ㅇㅇ;,"Raps 2025.01.26 01:08:49
조회 88 추천 0 댓글 9",추천 0,조회 88,2025.01.26 01:08:49,https://gall.dcinside.com/mgallery/board/view/?id=skk&no=25894&page=16,0.01843620464205742,0.009512237273156643,0.01147365290671587,0.017123853787779808,0.013069848529994488,0.0089982058852911,0.01493573747575283,0.00911524798721075,0.03640773519873619,0.9351298213005066,0.008562871254980564
님이 말한거 이거임?,,"【一気に追いつこう！】104期 活動記録(3Dアニメストーリー) 同時視聴会 第4回（104期 第8〜9話）【2025年も蓮ノ空！】

머 실제 연기한다 그런 얘기 했던거같은데 이거 맞음?","성갤러(218.155) 2025.01.25 04:11:49
조회 51 추천 0 댓글 10",추천 0,조회 51,2025.01.25 04:11:49,https://gall.dcinside.com/mgallery/board/view/?id=skk&no=25893&page=16,0.040397949516773224,0.007801576051861048,0.015628039836883545,0.007242206484079361,0.009388650767505169,0.005859752651304007,0.007047710008919239,0.02999461255967617,0.7375090718269348,0.20576564967632294,0.006136048119515181
님아 이걸로 한자공부 ㄱㄱ,,,"성갤러(218.155) 2025.01.24 17:36:04
조회 38 추천 0 댓글 2",추천 0,조회 38,2025.01.24 17:36:04,https://gall.dcinside.com/mgallery/board/view/?id=skk&no=25892&page=16,0.0,0.0,0.0,0.0,0.0,0.0,0.0,0.0,0.0,0.0,0.0
카제가후이타노,,하게시이카제니사라와레타이,"성갤러(218.155) 2025.01.24 16:41:14
조회 29 추천 0 댓글 4",추천 0,조회 29,2025.01.24 16:41:14,https://gall.dcinside.com/mgallery/board/view/?id=skk&no=25891&page=16,0.015737559646368027,0.008512148633599281,0.010820720344781876,0.02008945308625698,0.010024847462773323,0.008934052661061287,0.01784960925579071,0.007855761796236038,0.03848962113261223,0.9189028143882751,0.00718857254832983
놀사람,,선착순 99명,"성갤러(218.155) 2025.01.23 21:51:08
조회 44 추천 0 댓글 3",추천 0,조회 44,2025.01.23 21:51:08,https://gall.dcinside.com/mgallery/board/view/?id=skk&no=25890&page=16,0.017275508493185043,0.012545221485197544,0.015853995457291603,0.021452706307172775,0.01377810537815094,0.010673417709767818,0.019342593848705292,0.008969439193606377,0.029513876885175705,0.9463876485824585,0.010754428803920746
1공 2공사이 구름정원 정상화당했네,,ㅋㅋ,"Raps 2025.01.23 13:07:32
조회 64 추천 0 댓글 2",추천 0,조회 64,2025.01.23 13:07:32,https://gall.dcinside.com/mgallery/board/view/?id=skk&no=25888&page=16,0.016486002132296562,0.010592150501906872,0.01233817357569933,0.017572669312357903,0.013425854966044426,0.009626394137740135,0.01754600740969181,0.009104637429118156,0.03704880177974701,0.94118732213974,0.009530629962682724
율전 존나춥네,,아,"Raps 2025.01.23 12:30:56
조회 72 추천 0 댓글 5",추천 0,조회 72,2025.01.23 12:30:56,https://gall.dcinside.com/mgallery/board/view/?id=skk&no=25887&page=16,0.017759833484888077,0.011341523379087448,0.012870998121798038,0.01959988661110401,0.013827702030539513,0.010049532167613506,0.019274132326245308,0.009411136619746685,0.03270349279046059,0.9453867077827454,0.010083802044391632
머라고하셧죠,,못봄,"성갤러(218.155) 2025.01.23 01:41:29
조회 42 추천 0 댓글 5",추천 0,조회 42,2025.01.23 01:41:29,https://gall.dcinside.com/mgallery/board/view/?id=skk&no=25886&page=16,0.02426834963262081,0.008353709243237972,0.006697328761219978,0.007411078084260225,0.009437172673642635,0.0055101048201322556,0.005186813417822123,0.010172898881137371,0.1888265758752823,0.7338969707489014,0.005105550866574049
놀장께,,,"쿠쿠 2025.01.22 20:54:24
조회 33 추천 0 댓글 2",추천 0,조회 33,2025.01.22 20:54:24,https://gall.dcinside.com/mgallery/board/view/?id=skk&no=25885&page=16,0.0,0.0,0.0,0.0,0.0,0.0,0.0,0.0,0.0,0.0,0.0
존나 오랜만에 왓어용,,내가 벌써 졸업반이라니...ㅠ,"ㅇㅇ(211.234) 2025.01.22 17:04:55
조회 38 추천 0 댓글 1",추천 0,조회 38,2025.01.22 17:04:55,https://gall.dcinside.com/mgallery/board/view/?id=skk&no=25884&page=16,0.014549479819834232,0.008295681327581406,0.009419523179531097,0.014235688373446465,0.012864922173321247,0.009373615495860577,0.014522082172334194,0.008586743846535683,0.04783153161406517,0.9265633821487427,0.007948556914925575
미국은 ai인프라 깐다고 에너지 발전 저장 다 난리인데,,"개조센은 맨날 반도체 메모리 타령만 하고있음 ㅇㅇ;
미개국다운발상임","Raps 2025.01.22 15:23:08
조회 73 추천 0 댓글 4",추천 0,조회 73,2025.01.22 15:23:08,https://gall.dcinside.com/mgallery/board/view/?id=skk&no=25883&page=16,0.026876937597990036,0.04757462441921234,0.009432871825993061,0.9221016764640808,0.012157388031482697,0.058840177953243256,0.018057934939861298,0.06455456465482712,0.057481031864881516,0.025023560971021652,0.017163053154945374
이리암삭제,,딸깍,"쿠쿠 2025.01.22 11:18:05
조회 40 추천 0 댓글 3",추천 0,조회 40,2025.01.22 11:18:05,https://gall.dcinside.com/mgallery/board/view/?id=skk&no=25881&page=16,0.014121059328317642,0.010101620107889175,0.009407087229192257,0.012966107577085495,0.010927186347544193,0.007272196933627129,0.011820899322628975,0.007700655609369278,0.06129712611436844,0.9141959547996521,0.007312138564884663
제1의아해가심심하다고그러오,,그러오,"성갤러(218.155) 2025.01.22 01:00:23
조회 39 추천 0 댓글 2",추천 0,조회 39,2025.01.22 01:00:23,https://gall.dcinside.com/mgallery/board/view/?id=skk&no=25880&page=16,0.016507325693964958,0.011697826907038689,0.012391245923936367,0.017904041334986687,0.013717029243707657,0.009924698621034622,0.01845163106918335,0.00904060434550047,0.03582048416137695,0.9439036846160889,0.009941987693309784
걍앱터진듯?,,ㅇㅇ,"ㅇㅇ(106.101) 2025.01.21 18:48:31
조회 36 추천 0 댓글 2",추천 0,조회 36,2025.01.21 18:48:31,https://gall.dcinside.com/mgallery/board/view/?id=skk&no=25879&page=16,0.018820608034729958,0.010875094681978226,0.012896954081952572,0.0193681251257658,0.013796991668641567,0.009628367610275745,0.017667455598711967,0.009166287258267403,0.033118028193712234,0.9421525597572327,0.009942768141627312
근데 님만 그런게 아닌가봐,,그렇다네요,"ㅇㅇ(106.101) 2025.01.21 18:45:35
조회 34 추천 0 댓글 3",추천 0,조회 34,2025.01.21 18:45:35,https://gall.dcinside.com/mgallery/board/view/?id=skk&no=25878&page=16,0.017054090276360512,0.011762019246816635,0.012488111853599548,0.02112269215285778,0.014048739336431026,0.011380952782928944,0.020123889669775963,0.009611894376575947,0.0299487616866827,0.9464542865753174,0.010337437503039837
설마 해외막은건가,,흠,"쿠쿠 2025.01.21 18:40:32
조회 38 추천 0 댓글 4",추천 0,조회 38,2025.01.21 18:40:32,https://gall.dcinside.com/mgallery/board/view/?id=skk&no=25877&page=16,0.018498990684747696,0.012019728310406208,0.013803229667246342,0.020254772156476974,0.013780840672552586,0.010732191614806652,0.02022978663444519,0.009406532160937786,0.031015632674098015,0.9472689032554626,0.010596038773655891
미츠보시 팟테 하지케테,,토비놋테 류세이,"성갤러(218.155) 2025.01.21 12:37:08
조회 32 추천 0 댓글 2",추천 0,조회 32,2025.01.21 12:37:08,https://gall.dcinside.com/mgallery/board/view/?id=skk&no=25876&page=16,0.017555398866534233,0.009681195951998234,0.010150683112442493,0.02157302014529705,0.01152445562183857,0.008233239874243736,0.013665309175848961,0.007986343465745449,0.037482284009456635,0.927095353603363,0.007840498350560665
히마챗 왜래안돼시발,,개새기야,"쿠쿠 2025.01.21 00:03:01
조회 43 추천 0 댓글 3",추천 0,조회 43,2025.01.21 00:03:01,https://gall.dcinside.com/mgallery/board/view/?id=skk&no=25874&page=16,0.016301000490784645,0.011733016930520535,0.018644090741872787,0.012077311053872108,0.011238321661949158,0.010419175028800964,0.012431247159838676,0.02624746970832348,0.9077318906784058,0.06577067822217941,0.008713661693036556
성균관대 건물 수준 ㅋㅋ,,이거 판자촌.벽돌공장도 아니고 심하노ㅋㅋ,"ㅇㅇ(211.235) 2025.01.20 23:43:50
조회 99 추천 0 댓글 2",추천 0,조회 99,2025.01.20 23:43:50,https://gall.dcinside.com/mgallery/board/view/?id=skk&no=25873&page=16,0.011608714237809181,0.008884232491254807,0.009667453356087208,0.012588522396981716,0.00953000783920288,0.00877445936203003,0.010359520092606544,0.008290739730000496,0.0703221932053566,0.8999579548835754,0.007002048194408417
놀체?,,네,"ㅇㅇ(106.101) 2025.01.20 22:01:17
조회 24 추천 0 댓글 0",추천 0,조회 24,2025.01.20 22:01:17,https://gall.dcinside.com/mgallery/board/view/?id=skk&no=25872&page=16,0.01709587499499321,0.011025809682905674,0.012766187079250813,0.01895168237388134,0.013483774848282337,0.009514600038528442,0.017748504877090454,0.009025933220982552,0.034722700715065,0.9419898390769958,0.009805353358387947
히마챗왜안돼,,왜,"쿠쿠 2025.01.20 14:12:43
조회 45 추천 0 댓글 9",추천 0,조회 45,2025.01.20 14:12:43,https://gall.dcinside.com/mgallery/board/view/?id=skk&no=25871&page=16,0.014831515029072762,0.008966316469013691,0.011509097181260586,0.014841009862720966,0.01190901082009077,0.008087419904768467,0.014441668055951595,0.00857528019696474,0.05014127492904663,0.9291071891784668,0.008300499059259892
근데사실 리얼월드에서 뭔일이일어나든,,내가잇는팰월드랑뭔상관임,"성갤러(218.155) 2025.01.19 19:07:51
조회 57 추천 0 댓글 3",추천 0,조회 57,2025.01.19 19:07:51,https://gall.dcinside.com/mgallery/board/view/?id=skk&no=25870&page=16,0.015525774098932743,0.008968380279839039,0.01055909600108862,0.01700602099299431,0.012908091768622398,0.01071223709732294,0.015782322734594345,0.008709284476935863,0.0350051186978817,0.9295167326927185,0.008248839527368546
집에 액자 준비해둬야겠다,,셰셰,"ㅇㅇ(223.38) 2025.01.19 19:03:40
조회 36 추천 0 댓글 1",추천 0,조회 36,2025.01.19 19:03:40,https://gall.dcinside.com/mgallery/board/view/?id=skk&no=25869&page=16,0.013900600373744965,0.00903537217527628,0.009425652213394642,0.013623871840536594,0.012707287445664406,0.008005520328879356,0.013997426256537437,0.007986490614712238,0.05238017067313194,0.921614408493042,0.007830535061657429
히마챗안들어가짐,,밴당한걸까시라,"쿠쿠 2025.01.19 16:08:03
조회 42 추천 0 댓글 2",추천 0,조회 42,2025.01.19 16:08:03,https://gall.dcinside.com/mgallery/board/view/?id=skk&no=25867&page=16,0.015962230041623116,0.009862933307886124,0.010508515872061253,0.015881532803177834,0.011825579218566418,0.008637887425720692,0.014540457166731358,0.00873101968318224,0.04215601831674576,0.9311533570289612,0.008081898093223572
페코라가 poe함,,약간디아블로같내요,"성갤러(218.155) 2025.01.19 00:40:43
조회 38 추천 0 댓글 4",추천 0,조회 38,2025.01.19 00:40:43,https://gall.dcinside.com/mgallery/board/view/?id=skk&no=25866&page=16,0.01670084334909916,0.010171405039727688,0.010471047833561897,0.017159273847937584,0.012664132751524448,0.009987317956984043,0.01575816050171852,0.008468418382108212,0.03744061291217804,0.9353704452514648,0.008675957098603249
놀장께,,,"쿠쿠 2025.01.18 22:36:58
조회 38 추천 0 댓글 3",추천 0,조회 38,2025.01.18 22:36:58,https://gall.dcinside.com/mgallery/board/view/?id=skk&no=25865&page=16,0.0,0.0,0.0,0.0,0.0,0.0,0.0,0.0,0.0,0.0,0.0
일본인꼬셔서 쓰리썸점,,모솔아다초대남대기중,"Raps 2025.01.18 18:26:44
조회 82 추천 0 댓글 4",추천 0,조회 82,2025.01.18 18:26:44,https://gall.dcinside.com/mgallery/board/view/?id=skk&no=25864&page=16,0.038133878260850906,0.13673682510852814,0.008080881088972092,0.021924054250121117,0.015874966979026794,0.027192628011107445,0.005839589983224869,0.009801755659282207,0.027764571830630302,0.7412177920341492,0.00921343918889761
스팀일본친구가 3명이되엇어요,,네,"성갤러(218.155) 2025.01.17 21:48:11
조회 30 추천 0 댓글 0",추천 0,조회 30,2025.01.17 21:48:11,https://gall.dcinside.com/mgallery/board/view/?id=skk&no=25863&page=16,0.01709587499499321,0.011025809682905674,0.012766187079250813,0.01895168237388134,0.013483774848282337,0.009514600038528442,0.017748504877090454,0.009025933220982552,0.034722700715065,0.9419898390769958,0.009805353358387947
ㄴㄹ자고,,놀,"ㅇㅇ(106.101) 2025.01.17 17:22:13
조회 46 추천 0 댓글 6",추천 0,조회 46,2025.01.17 17:22:13,https://gall.dcinside.com/mgallery/board/view/?id=skk&no=25862&page=16,0.01697228103876114,0.009471538476645947,0.011630034074187279,0.016534611582756042,0.012878099456429482,0.00886625051498413,0.015945207327604294,0.009052257984876633,0.03874136507511139,0.9343686103820801,0.00866970606148243
님아 마듀함,,스바루가,"성갤러(218.155) 2025.01.16 22:27:37
조회 34 추천 0 댓글 3",추천 0,조회 34,2025.01.16 22:27:37,https://gall.dcinside.com/mgallery/board/view/?id=skk&no=25861&page=16,0.018019529059529305,0.01066243089735508,0.011627774685621262,0.022923734039068222,0.013050328940153122,0.009471995756030083,0.019547022879123688,0.008561301045119762,0.029519202187657356,0.939864993095398,0.009157534688711166
개새기들아,,,"쿠쿠 2025.01.16 01:26:43
조회 48 추천 0 댓글 2",추천 0,조회 48,2025.01.16 01:26:43,https://gall.dcinside.com/mgallery/board/view/?id=skk&no=25859&page=16,0.0,0.0,0.0,0.0,0.0,0.0,0.0,0.0,0.0,0.0,0.0
아니성대 최초합발표한지 한참지났네,,추합뜨기전에 방구하러 가야겠는걸,"Raps 2025.01.16 00:45:48
조회 103 추천 0 댓글 3",추천 0,조회 103,2025.01.16 00:45:48,https://gall.dcinside.com/mgallery/board/view/?id=skk&no=25858&page=16,0.013009686022996902,0.008224713616073132,0.008128348737955093,0.007964827120304108,0.008774396032094955,0.005985048599541187,0.007568612229079008,0.0073195211589336395,0.14818111062049866,0.8231807947158813,0.005452547688037157
디시이줫병신련,,왜댓글만쓰면렉걸림,"성갤러(218.155) 2025.01.15 21:55:36
조회 36 추천 0 댓글 2",추천 0,조회 36,2025.01.15 21:55:36,https://gall.dcinside.com/mgallery/board/view/?id=skk&no=25857&page=16,0.013225317001342773,0.006642566062510014,0.00898319948464632,0.009621667675673962,0.010380455292761326,0.006546499207615852,0.010501263663172722,0.008575738407671452,0.08669726550579071,0.8798804879188538,0.006152414716780186
뭔가 있어보이는 방법,,"시간말할때
한국시간으로 x시라고하면댐","ㅇㅇ(106.101) 2025.01.15 19:26:38
조회 41 추천 0 댓글 4",추천 0,조회 41,2025.01.15 19:26:38,https://gall.dcinside.com/mgallery/board/view/?id=skk&no=25856&page=16,0.017262423411011696,0.009362929500639439,0.009785803034901619,0.019125860184431076,0.011219073086977005,0.007805870845913887,0.013903406448662281,0.00804086308926344,0.038990430533885956,0.9243557453155518,0.007708391174674034
체포하든말든,,일본을가,"성갤러(218.155) 2025.01.15 11:06:39
조회 44 추천 0 댓글 1",추천 0,조회 44,2025.01.15 11:06:39,https://gall.dcinside.com/mgallery/board/view/?id=skk&no=25853&page=16,0.01652423106133938,0.011243633925914764,0.010404636152088642,0.03028651513159275,0.01273677870631218,0.010547176003456116,0.017153196036815643,0.008389917202293873,0.03051554039120674,0.9388425350189209,0.009469205513596535
기어이체포를하는구나,,역풍이분다이~,"쿠쿠 2025.01.15 09:05:46
조회 51 추천 0 댓글 2",추천 0,조회 51,2025.01.15 09:05:46,https://gall.dcinside.com/mgallery/board/view/?id=skk&no=25852&page=16,0.013384749181568623,0.0082597890868783,0.00813573319464922,0.008581703528761864,0.008724814280867577,0.0069745867513120174,0.009375214576721191,0.007783036679029465,0.10100896656513214,0.8641957640647888,0.005711834412068129
.,,,"ㅇㅇ(223.38) 2025.01.15 01:02:46
조회 32 추천 0 댓글 0",추천 0,조회 32,2025.01.15 01:02:46,https://gall.dcinside.com/mgallery/board/view/?id=skk&no=25851&page=16,0.0,0.0,0.0,0.0,0.0,0.0,0.0,0.0,0.0,0.0,0.0
두비두,,아원츄아니쥬,"성갤러(218.155) 2025.01.14 21:21:42
조회 34 추천 0 댓글 2",추천 0,조회 34,2025.01.14 21:21:42,https://gall.dcinside.com/mgallery/board/view/?id=skk&no=25850&page=16,0.01754109375178814,0.009704525582492352,0.010908541269600391,0.015073188580572605,0.012246528640389442,0.009352303110063076,0.015382593497633934,0.00848535168915987,0.04154244437813759,0.9341936707496643,0.0082783754914999
ㅇㅇ,,,"쿠쿠 2025.01.14 01:45:43
조회 48 추천 0 댓글 7",추천 0,조회 48,2025.01.14 01:45:43,https://gall.dcinside.com/mgallery/board/view/?id=skk&no=25849&page=16,0.0,0.0,0.0,0.0,0.0,0.0,0.0,0.0,0.0,0.0,0.0
테스트,,,"쿠쿠 2025.01.14 01:45:02
조회 30 추천 0 댓글 0",추천 0,조회 30,2025.01.14 01:45:02,https://gall.dcinside.com/mgallery/board/view/?id=skk&no=25848&page=16,0.0,0.0,0.0,0.0,0.0,0.0,0.0,0.0,0.0,0.0,0.0
나 들어오자마자 프로필읽고 럽라노래불름,,ㅁㅊ무서워,"쿠쿠 2025.01.13 19:44:48
조회 34 추천 1 댓글 0",추천 1,조회 34,2025.01.13 19:44:48,https://gall.dcinside.com/mgallery/board/view/?id=skk&no=25846&page=16,0.01325414702296257,0.00727092707529664,0.010021056048572063,0.012580073438584805,0.010320756584405899,0.0075570084154605865,0.012950391508638859,0.00795210711658001,0.06595496833324432,0.9094484448432922,0.0070605953224003315
리얼돌보단 vr에 대형오나홀조합이나을지도,,흠..,"Raps 2025.01.13 01:20:14
조회 93 추천 0 댓글 4",추천 0,조회 93,2025.01.13 01:20:14,https://gall.dcinside.com/mgallery/board/view/?id=skk&no=25845&page=16,0.01842201128602028,0.011952845379710197,0.01361803524196148,0.020320842042565346,0.014389272779226303,0.011589433997869492,0.021047789603471756,0.009545566514134407,0.03110669180750847,0.9496303200721741,0.01097580324858427
아 나는 쫄려서 못누르겟다,,마음의준비가안도ㅑ,"ㅇㅇ(106.101) 2025.01.12 23:09:09
조회 45 추천 0 댓글 2",추천 0,조회 45,2025.01.12 23:09:09,https://gall.dcinside.com/mgallery/board/view/?id=skk&no=25844&page=16,0.013799900189042091,0.007598220836371183,0.009628263302147388,0.010993804782629013,0.010585370473563671,0.006519246380776167,0.01077959407120943,0.008352088741958141,0.07447490096092224,0.8943235278129578,0.00675969710573554
님아 좀 하고,,저한테꿀팁좀요,"ㅇㅇ(106.101) 2025.01.12 22:32:37
조회 50 추천 0 댓글 4",추천 0,조회 50,2025.01.12 22:32:37,https://gall.dcinside.com/mgallery/board/view/?id=skk&no=25843&page=16,0.017781447619199753,0.010404052212834358,0.01098693162202835,0.015741653740406036,0.01231580600142479,0.008862187154591084,0.016667461022734642,0.009061351418495178,0.03853403031826019,0.9379218816757202,0.008780565112829208
폰으로 몸들썩거리는거 보니까 존나멀미나네,,몸에 무슨 설명써놧는데 읽을려하는데 존나 들썩거려서 멀미존나남,"쿠쿠 2025.01.12 22:24:45
조회 55 추천 0 댓글 1",추천 0,조회 55,2025.01.12 22:24:45,https://gall.dcinside.com/mgallery/board/view/?id=skk&no=25842&page=16,0.01688498444855213,0.025566643103957176,0.008330415934324265,0.008777548559010029,0.008828157559037209,0.005740062333643436,0.005008744075894356,0.010221942327916622,0.7034984230995178,0.2777321934700012,0.005145048722624779
님아 닉 쿠쿠임?,,영어로?,"ㅇㅇ(106.101) 2025.01.12 22:10:25
조회 49 추천 0 댓글 6",추천 0,조회 49,2025.01.12 22:10:25,https://gall.dcinside.com/mgallery/board/view/?id=skk&no=25841&page=16,0.017055148258805275,0.011420292779803276,0.012802469544112682,0.02306446246802807,0.014147378504276276,0.010860603302717209,0.01939590834081173,0.009211275726556778,0.030831264331936836,0.9470584392547607,0.010320615954697132
롤체 1/8,,너만오면고,"성갤러(218.155) 2025.01.12 14:18:17
조회 37 추천 0 댓글 1",추천 0,조회 37,2025.01.12 14:18:17,https://gall.dcinside.com/mgallery/board/view/?id=skk&no=25840&page=16,0.007897292263805866,0.006316875107586384,0.010064030066132545,0.010211137123405933,0.008455111645162106,0.0063969651237130165,0.009036491625010967,0.006729465909302235,0.20099937915802002,0.7642057538032532,0.0057557071559131145
지듣노,,"https://www.youtube.com/watch?v=_XdwYtDT910
어때?","ㅇㅇ(106.101) 2025.01.12 12:07:35
조회 29 추천 0 댓글 0",추천 0,조회 29,2025.01.12 12:07:35,https://gall.dcinside.com/mgallery/board/view/?id=skk&no=25839&page=16,0.015190117061138153,0.008569520898163319,0.013542686589062214,0.014164313673973083,0.009454545564949512,0.00665239617228508,0.011389513500034809,0.00832638330757618,0.05568339303135872,0.911042332649231,0.007422265596687794
뭔 이란사람이 말거냐,,내가말걸엇을때 이런느낌일까,"쿠쿠 2025.01.12 03:06:58
조회 58 추천 0 댓글 3",추천 0,조회 58,2025.01.12 03:06:58,https://gall.dcinside.com/mgallery/board/view/?id=skk&no=25838&page=16,0.015433860942721367,0.009539284743368626,0.009902331978082657,0.01728789694607258,0.012513546273112297,0.009336670860648155,0.015626028180122375,0.00858183391392231,0.0409521609544754,0.9334495663642883,0.00849093310534954
오늘의교훈,,중국인은 중국인이다,"성갤러(218.155) 2025.01.12 02:50:21
조회 34 추천 0 댓글 0",추천 0,조회 34,2025.01.12 02:50:21,https://gall.dcinside.com/mgallery/board/view/?id=skk&no=25837&page=16,0.02862369269132614,0.02196294628083706,0.022312793880701065,0.9380250573158264,0.01602252945303917,0.025515258312225342,0.04098467901349068,0.020800774917006493,0.01752670295536518,0.03489742428064346,0.0144724790006876
놀자,,ㄴㅎㄹ다,"ㅇㅇ(106.101) 2025.01.11 18:29:15
조회 52 추천 0 댓글 11",추천 0,조회 52,2025.01.11 18:29:15,https://gall.dcinside.com/mgallery/board/view/?id=skk&no=25836&page=17,0.018911374732851982,0.009889339096844196,0.009852954186499119,0.016970649361610413,0.012419621460139751,0.009388305246829987,0.01519255992025137,0.008338037878274918,0.03735729306936264,0.9321490526199341,0.00831509381532669
나 피티시켜줘,,나좀가르쳐줘,"ㅇㅇ(106.101) 2025.01.11 14:25:00
조회 35 추천 0 댓글 2",추천 0,조회 35,2025.01.11 14:25:00,https://gall.dcinside.com/mgallery/board/view/?id=skk&no=25835&page=17,0.01685290038585663,0.008211680687963963,0.010197916068136692,0.014199933037161827,0.011292774230241776,0.008179093711078167,0.015086792409420013,0.008915919810533524,0.045385248959064484,0.9246174097061157,0.007487210910767317
재강님 현성님 수호님 다들 어찌사나요,,사회나가서는 정상인 모드로 잘 살고 있는거죠?,"성갤러(181.214) 2025.01.11 10:19:36
조회 39 추천 0 댓글 0",추천 0,조회 39,2025.01.11 10:19:36,https://gall.dcinside.com/mgallery/board/view/?id=skk&no=25834&page=17,0.014368890784680843,0.007932326756417751,0.010209045372903347,0.011436928063631058,0.010174328461289406,0.006457512266933918,0.012821540236473083,0.008693692274391651,0.06644963473081589,0.9001711010932922,0.0065208496525883675
심,,,"쿠쿠 2025.01.10 17:23:04
조회 38 추천 0 댓글 1",추천 0,조회 38,2025.01.10 17:23:04,https://gall.dcinside.com/mgallery/board/view/?id=skk&no=25833&page=17,0.0,0.0,0.0,0.0,0.0,0.0,0.0,0.0,0.0,0.0,0.0
재강이형 민규형 살아있음?,,"추억의 성갤 찐 형들인데
다들 어떻게살아?
대학원끝나고 취업까지는 한걸로아는데
둘다 결혼함?","성갤러(45.88) 2025.01.10 06:36:18
조회 67 추천 0 댓글 0",추천 0,조회 67,2025.01.10 06:36:18,https://gall.dcinside.com/mgallery/board/view/?id=skk&no=25832&page=17,0.029126683250069618,0.012277744710445404,0.012449881993234158,0.012633404694497585,0.01056960690766573,0.005924842320382595,0.00799547228962183,0.007663281634449959,0.06745152920484543,0.9035329818725586,0.006805271841585636
설날에,,브이알챗이나할까,"성갤러(218.155) 2025.01.09 17:50:39
조회 45 추천 0 댓글 2",추천 0,조회 45,2025.01.09 17:50:39,https://gall.dcinside.com/mgallery/board/view/?id=skk&no=25831&page=17,0.01419759076088667,0.007432680111378431,0.01024075411260128,0.01574598252773285,0.01078145019710064,0.006878749001771212,0.012880408205091953,0.008095989003777504,0.05361184850335121,0.9124190211296082,0.007014601957052946
tlatlagkekrh,,tlatlago,"성갤러(218.155) 2025.01.09 16:37:33
조회 51 추천 0 댓글 5",추천 0,조회 51,2025.01.09 16:37:33,https://gall.dcinside.com/mgallery/board/view/?id=skk&no=25830&page=17,0.016557913273572922,0.009713176637887955,0.012630900368094444,0.01995127461850643,0.012877092696726322,0.010249086655676365,0.018092945218086243,0.008850420825183392,0.03173324838280678,0.9391112923622131,0.009196886792778969
5일만에 말걸엇는데 칼답오네요,,얼쑤 지화자좋다,"쿠쿠 2025.01.09 01:40:02
조회 77 추천 0 댓글 4",추천 0,조회 77,2025.01.09 01:40:02,https://gall.dcinside.com/mgallery/board/view/?id=skk&no=25829&page=17,0.014064507558941841,0.009885119274258614,0.010330941528081894,0.015935301780700684,0.011787735857069492,0.008597735315561295,0.015323914587497711,0.007811851799488068,0.043085452169179916,0.9244627952575684,0.007835626602172852
도쿄뭐할지추천좀,,,"쿠쿠 2025.01.09 00:36:13
조회 53 추천 0 댓글 5",추천 0,조회 53,2025.01.09 00:36:13,https://gall.dcinside.com/mgallery/board/view/?id=skk&no=25828&page=17,0.0,0.0,0.0,0.0,0.0,0.0,0.0,0.0,0.0,0.0,0.0
배,,고파,"ㅇㅇ(106.101) 2025.01.08 18:25:29
조회 32 추천 0 댓글 0",추천 0,조회 32,2025.01.08 18:25:29,https://gall.dcinside.com/mgallery/board/view/?id=skk&no=25827&page=17,0.016320856288075447,0.011363503523170948,0.011364767327904701,0.01851952262222767,0.014462560415267944,0.01041057426482439,0.01731211133301258,0.009078656323254108,0.033807046711444855,0.9415521025657654,0.009523771703243256
몇시어디,,네,"ㅇㅇ(203.252) 2025.01.08 15:12:27
조회 55 추천 0 댓글 12",추천 0,조회 55,2025.01.08 15:12:27,https://gall.dcinside.com/mgallery/board/view/?id=skk&no=25826&page=17,0.01709587499499321,0.011025809682905674,0.012766187079250813,0.01895168237388134,0.013483774848282337,0.009514600038528442,0.017748504877090454,0.009025933220982552,0.034722700715065,0.9419898390769958,0.009805353358387947
토익 1트 딱코 ㅁㅌㅊ,,"공기업도 800~850이 만점이네
그만해도될듯","Raps 2025.01.08 12:06:13
조회 84 추천 0 댓글 5",추천 0,조회 84,2025.01.08 12:06:13,https://gall.dcinside.com/mgallery/board/view/?id=skk&no=25825&page=17,0.014811692759394646,0.008100578561425209,0.009055756032466888,0.013657137751579285,0.012465780600905418,0.010105887427926064,0.015426717698574066,0.010781124234199524,0.044397104531526566,0.9220682382583618,0.007959057576954365
썰언제품,,ㅇ,"쿠쿠 2025.01.07 15:26:07
조회 77 추천 0 댓글 11",추천 0,조회 77,2025.01.07 15:26:07,https://gall.dcinside.com/mgallery/board/view/?id=skk&no=25824&page=17,0.018850790336728096,0.011037461459636688,0.012619136832654476,0.01994955912232399,0.014095226302742958,0.010468464344739914,0.018832579255104065,0.009365822188556194,0.03137337043881416,0.9443227648735046,0.010108663700520992
엄마가 하루종일 유시민 김어준봄,,와 진짜 미칠것같은데 뭐라할수도없고 ㅇㅇ,"Raps 2025.01.06 19:52:20
조회 87 추천 1 댓글 3",추천 1,조회 87,2025.01.06 19:52:20,https://gall.dcinside.com/mgallery/board/view/?id=skk&no=25823&page=17,0.011491275392472744,0.006039058323949575,0.008147339336574078,0.008704313077032566,0.007811068091541529,0.005900953896343708,0.008533398620784283,0.008156954310834408,0.22594943642616272,0.7474690079689026,0.005475196521729231
님아놀아요,,네,"ㅇㅇ(106.101) 2025.01.06 13:20:34
조회 49 추천 0 댓글 4",추천 0,조회 49,2025.01.06 13:20:34,https://gall.dcinside.com/mgallery/board/view/?id=skk&no=25822&page=17,0.01709587499499321,0.011025809682905674,0.012766187079250813,0.01895168237388134,0.013483774848282337,0.009514600038528442,0.017748504877090454,0.009025933220982552,0.034722700715065,0.9419898390769958,0.009805353358387947
음 한국의 미세먼지냅새,,이냄새지,"ㅇㅇ(106.101) 2025.01.06 00:32:53
조회 171 추천 0 댓글 2",추천 0,조회 171,2025.01.06 00:32:53,https://gall.dcinside.com/mgallery/board/view/?id=skk&no=25821&page=17,0.016986146569252014,0.009572592563927174,0.007336840033531189,0.008194065652787685,0.007536997087299824,0.007972514256834984,0.006026037968695164,0.006939862854778767,0.18080966174602509,0.7597888708114624,0.004841357935220003
착하시잖아,,,"ㅇㅇ(153.246) 2025.01.03 21:39:25
조회 49 추천 0 댓글 1",추천 0,조회 49,2025.01.03 21:39:25,https://gall.dcinside.com/mgallery/board/view/?id=skk&no=25820&page=17,0.0,0.0,0.0,0.0,0.0,0.0,0.0,0.0,0.0,0.0,0.0
나는 띵콩땅콩,,예,"ㅇㅇ(153.246) 2025.01.02 21:59:07
조회 34 추천 0 댓글 0",추천 0,조회 34,2025.01.02 21:59:07,https://gall.dcinside.com/mgallery/board/view/?id=skk&no=25819&page=17,0.01799796335399151,0.011508679948747158,0.01256940420717001,0.018296655267477036,0.013739089481532574,0.010130178183317184,0.01808691769838333,0.009358945302665234,0.03381864354014397,0.9437021613121033,0.009966260753571987
원신 픽업두개 비틱쳐서 다뽑았다,,70뽑컷,"Raps 2025.01.01 13:49:59
조회 76 추천 0 댓글 9",추천 0,조회 76,2025.01.01 13:49:59,https://gall.dcinside.com/mgallery/board/view/?id=skk&no=25818&page=17,0.017650753259658813,0.01054721511900425,0.010200736112892628,0.01863292045891285,0.015312918461859226,0.011679175309836864,0.016641583293676376,0.009416578337550163,0.031575608998537064,0.9397196769714355,0.009170844219624996
새해복많이,,받으세요,"성갤러(121.136) 2025.01.01 00:49:44
조회 46 추천 2 댓글 2",추천 2,조회 46,2025.01.01 00:49:44,https://gall.dcinside.com/mgallery/board/view/?id=skk&no=25817&page=17,0.016799991950392723,0.01033756509423256,0.012324086390435696,0.018671603873372078,0.012650903314352036,0.00861733965575695,0.018334586173295975,0.00848848931491375,0.03703271597623825,0.9393805265426636,0.009486246854066849
우리할머니이쁘죠,,"https://youtu.be/9qnm_stDkrk?si=xYFJT7ZeKKRPL36c
 원신 | 캐릭터 트레일러 - 「시틀라리: 별 헤는 자의 응시」
「절대 흑요석 할머니를 건드리지 마라」시틀라리와 관련된 이 격언(?)은 사실 꽤나 편파적이다. 엄밀히 말하자면 그녀는 연장자로서 상당히 모범적인 인물이다.하지만 밤하늘이 아무리 맑더라도 흉조는 나타날 수 있다. 본인의 운명을 위해서도 별빛을 속이지 않는 편이 좋을 것이다.무료 다운...
youtu.be
- dc official App","성갤러(58.235) 2024.12.31 13:55:18
조회 55 추천 0 댓글 1",추천 0,조회 55,2024.12.31 13:55:18,https://gall.dcinside.com/mgallery/board/view/?id=skk&no=25816&page=17,0.060828834772109985,0.009314020164310932,0.03147362917661667,0.01772668957710266,0.006173065863549709,0.004570530727505684,0.00642467150464654,0.010217292234301567,0.07427500188350677,0.6587775945663452,0.004859780892729759
님아,,전 소프트론 안된대요,"성갤러(121.136) 2024.12.30 14:51:12
조회 29 추천 0 댓글 0",추천 0,조회 29,2024.12.30 14:51:12,https://gall.dcinside.com/mgallery/board/view/?id=skk&no=25815&page=17,0.01659889705479145,0.01216401532292366,0.012643163092434406,0.02094958908855915,0.015144208446145058,0.011188751086592674,0.019579213112592697,0.009208504110574722,0.030945489183068275,0.9478710889816284,0.010472160764038563
무서워,,비행기무서워,"ㅇㅇ(106.101) 2024.12.29 23:53:37
조회 48 추천 0 댓글 3",추천 0,조회 48,2024.12.29 23:53:37,https://gall.dcinside.com/mgallery/board/view/?id=skk&no=25814&page=17,0.015621871687471867,0.009950684383511543,0.011477119289338589,0.01992940530180931,0.012951688840985298,0.00941672082990408,0.0176306813955307,0.008688831701874733,0.03495170548558235,0.9384514093399048,0.008969109505414963
토익아다떼고왔다,,900점 그냥 강간완료,"Raps 2024.12.29 12:29:34
조회 91 추천 1 댓글 4",추천 1,조회 91,2024.12.29 12:29:34,https://gall.dcinside.com/mgallery/board/view/?id=skk&no=25813&page=17,0.021277079358696938,0.006927990820258856,0.010674862191081047,0.007054096087813377,0.0063696312718093395,0.005363645032048225,0.007636885158717632,0.009283658117055893,0.24011929333209991,0.6956360340118408,0.004464590921998024
2024년 연말 만화대상 대상은,,춤추는 리스폰,"ㅇㅇ(106.101) 2024.12.29 00:01:51
조회 54 추천 0 댓글 2",추천 0,조회 54,2024.12.29 00:01:51,https://gall.dcinside.com/mgallery/board/view/?id=skk&no=25812&page=17,0.02417341060936451,0.008568796329200268,0.014902428723871708,0.017119407653808594,0.011226088739931583,0.005743018817156553,0.014007176272571087,0.008616362698376179,0.042411208152770996,0.9221058487892151,0.0075886123813688755
학점어케올리는데,,"멍청해서수업못따라가는데 ㅇㅇ;
예제봐도 못푸는데 ㅇㅇ;","Raps 2024.12.28 16:31:45
조회 75 추천 0 댓글 1",추천 0,조회 75,2024.12.28 16:31:45,https://gall.dcinside.com/mgallery/board/view/?id=skk&no=25811&page=17,0.01670561358332634,0.008174220100045204,0.009829108603298664,0.01323599275201559,0.01083710603415966,0.00767255574464798,0.012825898826122284,0.009029563516378403,0.04829024523496628,0.9144282341003418,0.007110819686204195
드럼배우고싶다,,네,"성갤러(121.136) 2024.12.28 01:16:01
조회 45 추천 0 댓글 2",추천 0,조회 45,2024.12.28 01:16:01,https://gall.dcinside.com/mgallery/board/view/?id=skk&no=25810&page=17,0.01709587499499321,0.011025809682905674,0.012766187079250813,0.01895168237388134,0.013483774848282337,0.009514600038528442,0.017748504877090454,0.009025933220982552,0.034722700715065,0.9419898390769958,0.009805353358387947
아 토할거같애,,멀미시발,"쿠쿠 2024.12.28 00:31:37
조회 43 추천 0 댓글 1",추천 0,조회 43,2024.12.28 00:31:37,https://gall.dcinside.com/mgallery/board/view/?id=skk&no=25809&page=17,0.025254976004362106,0.012025050818920135,0.012863505631685257,0.014660520479083061,0.00991605781018734,0.010841747745871544,0.011928138323128223,0.02352156676352024,0.8952795267105103,0.056535620242357254,0.006989142391830683
기기뭐가좋나요,,네,"쿠쿠 2024.12.27 21:56:43
조회 50 추천 0 댓글 5",추천 0,조회 50,2024.12.27 21:56:43,https://gall.dcinside.com/mgallery/board/view/?id=skk&no=25808&page=17,0.01709587499499321,0.011025809682905674,0.012766187079250813,0.01895168237388134,0.013483774848282337,0.009514600038528442,0.017748504877090454,0.009025933220982552,0.034722700715065,0.9419898390769958,0.009805353358387947
vr하면 스카이림,,젖탱이만지기 들박하기 가능,"성갤러(223.39) 2024.12.27 19:30:18
조회 64 추천 0 댓글 5",추천 0,조회 64,2024.12.27 19:30:18,https://gall.dcinside.com/mgallery/board/view/?id=skk&no=25807&page=17,0.021980397403240204,0.031114542856812477,0.015093250200152397,0.005723852198570967,0.008534645661711693,0.005339269060641527,0.005404095631092787,0.01544338371604681,0.7922871708869934,0.15455184876918793,0.005682322662323713
vr 기기 근데 사긴할거임,,"밸브 인덱스로 살거에요
언젠가 << 이게 문제긴함","성갤러(121.136) 2024.12.27 19:07:43
조회 47 추천 0 댓글 2",추천 0,조회 47,2024.12.27 19:07:43,https://gall.dcinside.com/mgallery/board/view/?id=skk&no=25806&page=17,0.01832958683371544,0.01095647644251585,0.011439381167292595,0.021089650690555573,0.012850685976445675,0.009205494076013565,0.01538887806236744,0.008734317496418953,0.03318742662668228,0.9386416077613831,0.00919396709650755
VR챗하실분 급구,,예상답변 )돈받으면어쩌고저쩌고 웅앵거리다 절대안사기,"쿠쿠 2024.12.27 16:27:19
조회 53 추천 0 댓글 4",추천 0,조회 53,2024.12.27 16:27:19,https://gall.dcinside.com/mgallery/board/view/?id=skk&no=25805&page=17,0.014366399496793747,0.008892431855201721,0.007366561330854893,0.0061213248409330845,0.0077697765082120895,0.005274234805256128,0.006811304483562708,0.011598591692745686,0.34853440523147583,0.6369142532348633,0.005028545390814543
성균관대는 일반 사립과 다름,,"잠시 삼성에 위탁한 국립이라고 보면 됨 ㅇㅇ

망할 거 같으면 국가를 상대로 네고할 수 있는 사립대학이 여기 말고 어딨음?","성갤러(223.38) 2024.12.27 10:23:55
조회 163 추천 1 댓글 1",추천 1,조회 163,2024.12.27 10:23:55,https://gall.dcinside.com/mgallery/board/view/?id=skk&no=25804&page=17,0.016482245177030563,0.007886158302426338,0.009317474439740181,0.01633349247276783,0.00887213833630085,0.008144945837557316,0.016421616077423096,0.02384074777364731,0.05408015474677086,0.8384482264518738,0.00815049558877945
아오 성적 씨발,,,"ㅇㅇ(106.101) 2024.12.27 10:12:28
조회 56 추천 0 댓글 2",추천 0,조회 56,2024.12.27 10:12:28,https://gall.dcinside.com/mgallery/board/view/?id=skk&no=25803&page=17,0.0,0.0,0.0,0.0,0.0,0.0,0.0,0.0,0.0,0.0,0.0
오늘한일,,"아이폰에 밴스드깔기
이제 나는 무적이다","Raps 2024.12.26 00:18:00
조회 69 추천 0 댓글 1",추천 0,조회 69,2024.12.26 00:18:00,https://gall.dcinside.com/mgallery/board/view/?id=skk&no=25802&page=17,0.018099727109074593,0.010959174484014511,0.010949951596558094,0.018702644854784012,0.011663037352263927,0.008088609203696251,0.013918332755565643,0.008356327190995216,0.03738594055175781,0.9309290051460266,0.008010865189135075
심심,,2024년을 알차게 보냈읍니까?,"♡♡♡(58.77) 2024.12.25 13:04:16
조회 56 추천 0 댓글 2",추천 0,조회 56,2024.12.25 13:04:16,https://gall.dcinside.com/mgallery/board/view/?id=skk&no=25801&page=17,0.016095304861664772,0.010777093470096588,0.010862012393772602,0.018094772472977638,0.013919111341238022,0.010986537672579288,0.017246607691049576,0.00864070188254118,0.03402792289853096,0.9390811324119568,0.00931705255061388
근리스마스 에혀,,버튜버나봐야겟어,"성갤러(218.155) 2024.12.24 22:52:17
조회 60 추천 0 댓글 2",추천 0,조회 60,2024.12.24 22:52:17,https://gall.dcinside.com/mgallery/board/view/?id=skk&no=25800&page=17,0.018319696187973022,0.008574274368584156,0.010295631363987923,0.01584310084581375,0.012246775440871716,0.007209419272840023,0.015722759068012238,0.009265742264688015,0.04354432225227356,0.9309830665588379,0.008058274164795876
얼른가고싶구나,,,"ㅇㅇ(106.101) 2024.12.24 20:46:23
조회 37 추천 0 댓글 0",추천 0,조회 37,2024.12.24 20:46:23,https://gall.dcinside.com/mgallery/board/view/?id=skk&no=25799&page=17,0.0,0.0,0.0,0.0,0.0,0.0,0.0,0.0,0.0,0.0,0.0
크리스마스에할거,,"https://youtube.com/v/iVHZ1QCB0K4?si=lLFcPzYLII3G0xKz
 크리스마스 이브 데이트 모음집
0:00 니지마 마코토5:00 토고 히후미11:00 사쿠라 후타바16:05 오쿠무라 하루20:26 타케미 타에25:30 카와카미 사다요31:55 미후네 치하야38:24 오야 이치코43:45 타카마키 안재생목록 : https://www.youtube.com/playlist?list=...
youtu.be



이거보기","Raps 2024.12.24 18:38:57
조회 96 추천 1 댓글 4",추천 1,조회 96,2024.12.24 18:38:57,https://gall.dcinside.com/mgallery/board/view/?id=skk&no=25798&page=17,0.027484001591801643,0.008322698064148426,0.022712603211402893,0.026628654450178146,0.00668774638324976,0.00628100847825408,0.008060313761234283,0.007322882767766714,0.06280812621116638,0.813808023929596,0.006458634976297617
롤체,,하자,"성갤러(218.155) 2024.12.23 23:17:03
조회 53 추천 0 댓글 2",추천 0,조회 53,2024.12.23 23:17:03,https://gall.dcinside.com/mgallery/board/view/?id=skk&no=25797&page=17,0.016942640766501427,0.01060642208904028,0.01243118941783905,0.017696840688586235,0.012883102521300316,0.008648027665913105,0.01665177009999752,0.008820013143122196,0.03673068434000015,0.9369300007820129,0.009132430888712406
보일러 22도해놧는데,,"22도로 올라가질않음
머냐","ㅇㅇ(106.101) 2024.12.22 10:19:08
조회 70 추천 0 댓글 4",추천 0,조회 70,2024.12.22 10:19:08,https://gall.dcinside.com/mgallery/board/view/?id=skk&no=25796&page=17,0.01325337402522564,0.008252237923443317,0.010217233560979366,0.014725943095982075,0.01233393233269453,0.010795245878398418,0.014473533257842064,0.008474006317555904,0.042648933827877045,0.9189486503601074,0.007605340331792831
이 갤은 뭐고 성균관대 갤은 뭐죠,,성균관대 갤은 뭐 ㅈㄴ 이상한냄새 나던데,"ㅇ(118.34) 2024.12.21 23:06:52
조회 150 추천 0 댓글 4",추천 0,조회 150,2024.12.21 23:06:52,https://gall.dcinside.com/mgallery/board/view/?id=skk&no=25795&page=17,0.018853353336453438,0.008756986819207668,0.015565457753837109,0.006978411693125963,0.0066827330738306046,0.005280897952616215,0.004303684923797846,0.014215340837836266,0.36954939365386963,0.5512428283691406,0.004894888959825039
센세님,,삐진거임 바쁜거임 둘다임,"ㅇㅇ(106.101) 2024.12.20 18:17:01
조회 89 추천 0 댓글 4",추천 0,조회 89,2024.12.20 18:17:01,https://gall.dcinside.com/mgallery/board/view/?id=skk&no=25793&page=17,0.015107112936675549,0.008822418749332428,0.010086172260344028,0.016748793423175812,0.01276508066803217,0.008489452302455902,0.014353076927363873,0.008682653307914734,0.0423273928463459,0.9271888732910156,0.008003887720406055
혼자요,,,"성갤러(218.155) 2024.12.19 19:45:33
조회 40 추천 1 댓글 0",추천 1,조회 40,2024.12.19 19:45:33,https://gall.dcinside.com/mgallery/board/view/?id=skk&no=25792&page=17,0.0,0.0,0.0,0.0,0.0,0.0,0.0,0.0,0.0,0.0,0.0
놀자놀자놀자놀자놀자놀자,,놀자놀자놀자놀자놀자,"성갤러(218.155) 2024.12.19 16:42:03
조회 45 추천 0 댓글 2",추천 0,조회 45,2024.12.19 16:42:03,https://gall.dcinside.com/mgallery/board/view/?id=skk&no=25791&page=17,0.018315644934773445,0.007338938303291798,0.014890491031110287,0.008309092372655869,0.008462131023406982,0.006107047665864229,0.010580452159047127,0.007519341539591551,0.07801090180873871,0.8387240171432495,0.005182463210076094
하 어떡하냐,,며칠내로 전화하자는데,"ㅇㅇ(106.101) 2024.12.17 22:31:37
조회 75 추천 0 댓글 3",추천 0,조회 75,2024.12.17 22:31:37,https://gall.dcinside.com/mgallery/board/view/?id=skk&no=25790&page=17,0.014766769483685493,0.010544766671955585,0.011653373017907143,0.017768876627087593,0.013288184069097042,0.010058388113975525,0.016690298914909363,0.008924899622797966,0.037925586104393005,0.9398645758628845,0.00934620387852192
쿠쿠 랩스 << 아직 졸업 못한거임?,,2년전에 봤는데 아직도있네,"ㅇㅇ 2024.12.16 23:04:26
조회 100 추천 0 댓글 4",추천 0,조회 100,2024.12.16 23:04:26,https://gall.dcinside.com/mgallery/board/view/?id=skk&no=25789&page=17,0.01498636044561863,0.008902783505618572,0.010352947749197483,0.014592614024877548,0.013107772916555405,0.010370397940278053,0.014042265713214874,0.008366726338863373,0.0442495197057724,0.9278449416160583,0.008436913602054119
키키라라 << 이사람 아이돌이엇네,,ㄷㄷ,"ㅇㅇ(106.101) 2024.12.15 00:35:55
조회 59 추천 0 댓글 2",추천 0,조회 59,2024.12.15 00:35:55,https://gall.dcinside.com/mgallery/board/view/?id=skk&no=25788&page=17,0.017909971997141838,0.011826860718429089,0.012992973439395428,0.021138522773981094,0.014460385777056217,0.010837964713573456,0.021096395328640938,0.00940929539501667,0.030162863433361053,0.9473497867584229,0.01059815939515829
E학점 < 왜없음,,이상하다그죠,"Raps 2024.12.14 16:47:11
조회 77 추천 0 댓글 3",추천 0,조회 77,2024.12.14 16:47:11,https://gall.dcinside.com/mgallery/board/view/?id=skk&no=25787&page=17,0.01780288852751255,0.01192545797675848,0.012705094181001186,0.020283283665776253,0.014058207161724567,0.011546301655471325,0.01913861557841301,0.009200138039886951,0.029728442430496216,0.9457614421844482,0.010219654999673367
스포티파이 ai 왤케 똑똑함,,스포티파이에선 들은적 없는거같은데 어케알고,"ㅇㅇ(106.101) 2024.12.13 02:45:36
조회 59 추천 0 댓글 2",추천 0,조회 59,2024.12.13 02:45:36,https://gall.dcinside.com/mgallery/board/view/?id=skk&no=25784&page=17,0.015323575586080551,0.009542560204863548,0.011131903156638145,0.018032366409897804,0.012299622409045696,0.009245474822819233,0.015883514657616615,0.00890442542731762,0.037987664341926575,0.9351959824562073,0.008495539426803589
하씨발 자취방 또구해야하네,,"학점컷보니 3.8 4.0 개지랄이네
정시 스나 뽀록으로 하나 안되나","Raps 2024.12.12 20:09:35
조회 112 추천 0 댓글 4",추천 0,조회 112,2024.12.12 20:09:35,https://gall.dcinside.com/mgallery/board/view/?id=skk&no=25783&page=18,0.03137487918138504,0.015600663609802723,0.015155641362071037,0.007445774972438812,0.009821612387895584,0.010822614654898643,0.013599063269793987,0.07350326329469681,0.8432132005691528,0.03748340159654617,0.006520750466734171
개같네 시발,,미친 쪽바리새기들,"쿠쿠 2024.12.11 23:39:14
조회 81 추천 0 댓글 3",추천 0,조회 81,2024.12.11 23:39:14,https://gall.dcinside.com/mgallery/board/view/?id=skk&no=25782&page=18,0.01467476412653923,0.017213648185133934,0.011425629258155823,0.8920438289642334,0.01375644188374281,0.015726344659924507,0.028386034071445465,0.022269010543823242,0.05900353938341141,0.02756962925195694,0.011828810907900333
씨발,,개새끼,"쿠쿠 2024.12.11 01:44:06
조회 63 추천 0 댓글 1",추천 0,조회 63,2024.12.11 01:44:06,https://gall.dcinside.com/mgallery/board/view/?id=skk&no=25781&page=18,0.01379758957773447,0.011931318789720535,0.01801251992583275,0.011762789450585842,0.011733193881809711,0.011554814875125885,0.013138997368514538,0.023105064406991005,0.9046926498413086,0.06929919123649597,0.00898711010813713
고귀한 하루 되세요 < 개쳐웃기네,,무한도전 느낌 ㅇㅇ,"Raps 2024.12.11 01:34:06
조회 96 추천 0 댓글 4",추천 0,조회 96,2024.12.11 01:34:06,https://gall.dcinside.com/mgallery/board/view/?id=skk&no=25780&page=18,0.014973879791796207,0.009784679859876633,0.012254208326339722,0.017529403790831566,0.013180679641664028,0.011706462129950523,0.017143206670880318,0.008793070912361145,0.03586016595363617,0.9391276836395264,0.009424939751625061
하이퍼버닝 1+4 하고싶네,,도파민스토리,"ㅇㅇ(106.101) 2024.12.10 18:24:33
조회 30 추천 0 댓글 0",추천 0,조회 30,2024.12.10 18:24:33,https://gall.dcinside.com/mgallery/board/view/?id=skk&no=25779&page=18,0.01795952208340168,0.008388243615627289,0.010048805736005306,0.02604908123612404,0.010655738413333893,0.012639270164072514,0.015085886232554913,0.008720864541828632,0.03343157842755318,0.9291609525680542,0.008448234759271145
지켜보고있다,,끼아아아아아아아악,"성갤러(223.38) 2024.12.10 07:19:38
조회 39 추천 0 댓글 0",추천 0,조회 39,2024.12.10 07:19:38,https://gall.dcinside.com/mgallery/board/view/?id=skk&no=25778&page=18,0.015921207144856453,0.011176086962223053,0.011510726064443588,0.011040856130421162,0.009317453019320965,0.006548962090164423,0.011663448996841908,0.007396653760224581,0.058256689459085464,0.9061617851257324,0.007085674442350864
이년 < 3d 모델링 개꼴려짐,,"1
이미지 순서 ON

2

3

4

5






이정도면 판때기보다 나은데","ㅇㅇ(58.235) 2024.12.09 20:49:01
조회 102 추천 0 댓글 5",추천 0,조회 102,2024.12.09 20:49:01,https://gall.dcinside.com/mgallery/board/view/?id=skk&no=25777&page=18,0.009693615138530731,0.008191597647964954,0.010992337949573994,0.006489129737019539,0.007952445186674595,0.00701628252863884,0.007440860848873854,0.012077828869223595,0.2172822505235672,0.752123236656189,0.005659162532538176
심심,,해요,"성갤러(59.12) 2024.12.09 18:18:37
조회 30 추천 0 댓글 0",추천 0,조회 30,2024.12.09 18:18:37,https://gall.dcinside.com/mgallery/board/view/?id=skk&no=25776&page=18,0.019190572202205658,0.012066119350492954,0.013894595205783844,0.019679438322782516,0.014044919982552528,0.010384727269411087,0.01936059258878231,0.009316817857325077,0.03069905936717987,0.9467153549194336,0.010646547190845013
이년 < 그냥 노래 존나못함,,"https://youtube.com/shorts/UoQfAzMwC-0?si=ELiFkjj9t5BN7K4e
 大阪公演まであと2日‼今日はソワレを見せちゃうよッ?
※ホロライブプロダクションから未成年の視聴者の方々へのお願い [カバー 未成年者の方々へ]で検索してお読みいただくか、下記リンクをご確認の上、お楽しみください。https://www.hololive.tv/request-to-minors
youtube.com



죽어죽어","ㅇㅇ(58.235) 2024.12.09 01:37:41
조회 61 추천 0 댓글 2",추천 0,조회 61,2024.12.09 01:37:41,https://gall.dcinside.com/mgallery/board/view/?id=skk&no=25775&page=18,0.04188709333539009,0.009544648230075836,0.047044526785612106,0.009336927905678749,0.008512518368661404,0.004431921523064375,0.009915579110383987,0.07226520776748657,0.6244372129440308,0.08332741260528564,0.006429997272789478
노래추천 - 만찬가,,네,"쿠쿠 2024.12.08 19:15:14
조회 64 추천 0 댓글 3",추천 0,조회 64,2024.12.08 19:15:14,https://gall.dcinside.com/mgallery/board/view/?id=skk&no=25774&page=18,0.01709587499499321,0.011025809682905674,0.012766187079250813,0.01895168237388134,0.013483774848282337,0.009514600038528442,0.017748504877090454,0.009025933220982552,0.034722700715065,0.9419898390769958,0.009805353358387947
님아 왜 굴보쌈 먹으러가자고하자마자,,나감,"성갤러(59.12) 2024.12.07 19:25:01
조회 54 추천 0 댓글 1",추천 0,조회 54,2024.12.07 19:25:01,https://gall.dcinside.com/mgallery/board/view/?id=skk&no=25773&page=18,0.01727466471493244,0.010714152827858925,0.012415929697453976,0.01816694438457489,0.013845672830939293,0.009798619896173477,0.01681128889322281,0.008617294952273369,0.03470809385180473,0.9401413798332214,0.009260620921850204
"대학생,교수 < 지식인 코스프레하는거 개패고싶음",,21세기에 지식인이 어딨다고,"Raps 2024.12.07 18:56:08
조회 99 추천 0 댓글 2",추천 0,조회 99,2024.12.07 18:56:08,https://gall.dcinside.com/mgallery/board/view/?id=skk&no=25772&page=18,0.013678266666829586,0.0080093489959836,0.008812341839075089,0.01414212491363287,0.011892044916749,0.006583438254892826,0.015934225171804428,0.009553798474371433,0.05359405279159546,0.914387583732605,0.007478817831724882
김건희 특검도 부결이고 탄핵도 200명 없어서 안되는듯,,,"ㅇㅇ(106.101) 2024.12.07 17:49:06
조회 58 추천 0 댓글 4",추천 0,조회 58,2024.12.07 17:49:06,https://gall.dcinside.com/mgallery/board/view/?id=skk&no=25771&page=18,0.0,0.0,0.0,0.0,0.0,0.0,0.0,0.0,0.0,0.0,0.0
요즘 휴대폰 사진찍으면 서버 수색도됨?,,ai 많이 발전했다,"ㅇㅇ(106.101) 2024.12.07 11:13:40
조회 67 추천 0 댓글 4",추천 0,조회 67,2024.12.07 11:13:40,https://gall.dcinside.com/mgallery/board/view/?id=skk&no=25770&page=18,0.01671767793595791,0.01099581178277731,0.011603644117712975,0.022678738459944725,0.015174775384366512,0.009979324415326118,0.018497411161661148,0.009011132642626762,0.030252430588006973,0.9432281255722046,0.009769131429493427
ㅈ됫다,,노로걸린듯,"쿠쿠 2024.12.07 09:31:28
조회 53 추천 0 댓글 2",추천 0,조회 53,2024.12.07 09:31:28,https://gall.dcinside.com/mgallery/board/view/?id=skk&no=25769&page=18,0.012427395209670067,0.008249366655945778,0.008873246610164642,0.011340400204062462,0.011848815716803074,0.008417637087404728,0.012627999298274517,0.007699904963374138,0.06786449998617172,0.9079434275627136,0.006815438158810139
보관용,,"4년 전에 논술 붙고 신나서 왔었는데
그때랑 분위기도 똑같고 사람들도 똑같은거 같네..
전 성로갑니다 bb","절므니 2024.12.07 09:02:14
조회 69 추천 1 댓글 4",추천 1,조회 69,2024.12.07 09:02:14,https://gall.dcinside.com/mgallery/board/view/?id=skk&no=25768&page=18,0.009136505424976349,0.005787806119769812,0.006545484997332096,0.012109885923564434,0.012362130917608738,0.009882607497274876,0.010880989953875542,0.00879605021327734,0.1399448662996292,0.8394613265991211,0.006221784744411707
여자옷입는 정신병자들 처단해야함,,윤석열식으로,"Raps 2024.12.07 02:28:39
조회 80 추천 0 댓글 1",추천 0,조회 80,2024.12.07 02:28:39,https://gall.dcinside.com/mgallery/board/view/?id=skk&no=25767&page=18,0.015860559418797493,0.010728885419666767,0.011122358962893486,0.01682673580944538,0.012668067589402199,0.009250927716493607,0.01695854775607586,0.008898233063519001,0.0382106751203537,0.9365755915641785,0.00886785052716732
오토코노코 메이드카페,,버킷리스트,"쿠쿠 2024.12.07 00:54:18
조회 52 추천 0 댓글 1",추천 0,조회 52,2024.12.07 00:54:18,https://gall.dcinside.com/mgallery/board/view/?id=skk&no=25766&page=18,0.016676317900419235,0.01004748698323965,0.01167354080826044,0.01861558109521866,0.012076331302523613,0.008412580005824566,0.015923194587230682,0.008413868956267834,0.038178615272045135,0.9352274537086487,0.008576877415180206
놀자니까???????????????,,,"성갤러(59.12) 2024.12.06 20:54:34
조회 46 추천 0 댓글 2",추천 0,조회 46,2024.12.06 20:54:34,https://gall.dcinside.com/mgallery/board/view/?id=skk&no=25765&page=18,0.0,0.0,0.0,0.0,0.0,0.0,0.0,0.0,0.0,0.0,0.0
드라퀘노래를 국가로 지정하라,,"https://youtu.be/hHVrQhlIIgI

키미가~~~~~~요와","성갤러(59.12) 2024.12.06 01:49:28
조회 44 추천 0 댓글 2",추천 0,조회 44,2024.12.06 01:49:28,https://gall.dcinside.com/mgallery/board/view/?id=skk&no=25764&page=18,0.017126204445958138,0.006482567172497511,0.015604756772518158,0.014877375215291977,0.006241957191377878,0.004098671488463879,0.007466124836355448,0.008328037336468697,0.1357363760471344,0.7877116799354553,0.005932876840233803
와 진짜안되겟다,,"12월된 기념으로 치킨먹엇는데

몸이거부함","ㅇㅇ(106.101) 2024.12.05 13:31:09
조회 37 추천 0 댓글 0",추천 0,조회 37,2024.12.05 13:31:09,https://gall.dcinside.com/mgallery/board/view/?id=skk&no=25762&page=18,0.01673131436109543,0.006523191463202238,0.009577244520187378,0.012421737425029278,0.01150569785386324,0.00758959399536252,0.012162480503320694,0.007390333339571953,0.05925828218460083,0.8947959542274475,0.006428099703043699
삼숭상,,,"성갤러(218.155) 2024.12.04 23:24:02
조회 33 추천 0 댓글 0",추천 0,조회 33,2024.12.04 23:24:02,https://gall.dcinside.com/mgallery/board/view/?id=skk&no=25761&page=18,0.0,0.0,0.0,0.0,0.0,0.0,0.0,0.0,0.0,0.0,0.0
우리나라 역사 한 6년은 결정낫네,,6년안에 나갈수잇을까요,"ㅇㅇ(106.101) 2024.12.04 21:22:34
조회 76 추천 0 댓글 2",추천 0,조회 76,2024.12.04 21:22:34,https://gall.dcinside.com/mgallery/board/view/?id=skk&no=25758&page=18,0.018245436251163483,0.011767967604100704,0.013170902617275715,0.019350681453943253,0.013764634728431702,0.010786648839712143,0.018947916105389595,0.009048300795257092,0.030799981206655502,0.9443202018737793,0.01008966751396656
놀자고,,심심하다니까,"ㅇㅇ(106.101) 2024.12.04 20:23:15
조회 43 추천 0 댓글 3",추천 0,조회 43,2024.12.04 20:23:15,https://gall.dcinside.com/mgallery/board/view/?id=skk&no=25757&page=18,0.01651540957391262,0.010430557653307915,0.012272247113287449,0.018837839365005493,0.014120422303676605,0.0099209975451231,0.01784808561205864,0.008944153785705566,0.03684843331575394,0.944006085395813,0.009779649786651134
진짜로 다 척살하고 대석열 됐어야지 뭐했노,,개석열이 뭐했노,"성갤러(223.38) 2024.12.04 17:54:02
조회 50 추천 0 댓글 0",추천 0,조회 50,2024.12.04 17:54:02,https://gall.dcinside.com/mgallery/board/view/?id=skk&no=25756&page=18,0.006092015653848648,0.004762537777423859,0.007968325167894363,0.027493197470903397,0.009416129440069199,0.006874454207718372,0.012575387954711914,0.009779918007552624,0.14559951424598694,0.6023953557014465,0.004925793502479792
이래도 한국에서 살거야?,,이래도??,"성갤러(218.155) 2024.12.04 17:39:22
조회 65 추천 0 댓글 6",추천 0,조회 65,2024.12.04 17:39:22,https://gall.dcinside.com/mgallery/board/view/?id=skk&no=25755&page=18,0.01363943237811327,0.008282126858830452,0.009961792267858982,0.013937979005277157,0.010365065187215805,0.00792190432548523,0.012404119595885277,0.008648759685456753,0.056712083518505096,0.9126927256584167,0.0073477705009281635
보수안락사는 신석열,,,"Raps 2024.12.04 14:37:51
조회 101 추천 0 댓글 6",추천 0,조회 101,2024.12.04 14:37:51,https://gall.dcinside.com/mgallery/board/view/?id=skk&no=25754&page=18,0.0,0.0,0.0,0.0,0.0,0.0,0.0,0.0,0.0,0.0,0.0
계엄선포기념으로,,소녀전선이나켜야겠어요,"ㅇㅇ 2024.12.04 04:31:17
조회 46 추천 0 댓글 0",추천 0,조회 46,2024.12.04 04:31:17,https://gall.dcinside.com/mgallery/board/view/?id=skk&no=25753&page=18,0.02084304392337799,0.012311016209423542,0.0126951327547431,0.021789351478219032,0.0134349400177598,0.008990100584924221,0.01702202670276165,0.009074697270989418,0.031188171356916428,0.9449262022972107,0.009862080216407776
윤석열씨발병신려낭,,ㅋㅋㅋ,"ㅇㅇ(106.101) 2024.12.03 23:34:25
조회 37 추천 0 댓글 0",추천 0,조회 37,2024.12.03 23:34:25,https://gall.dcinside.com/mgallery/board/view/?id=skk&no=25752&page=18,0.016188237816095352,0.01057799719274044,0.012458497658371925,0.017709311097860336,0.013439503498375416,0.009574978612363338,0.017451249063014984,0.00908184889703989,0.037340614944696426,0.9412388801574707,0.009540416300296783
유니 빨간약왜래이쁨,,ㅁㅊ,"쿠쿠 2024.12.02 13:03:49
조회 81 추천 1 댓글 1",추천 1,조회 81,2024.12.02 13:03:49,https://gall.dcinside.com/mgallery/board/view/?id=skk&no=25751&page=18,0.009559949859976768,0.005958102643489838,0.007909427396953106,0.007906499318778515,0.008583063259720802,0.005875885486602783,0.008284488692879677,0.009359514340758324,0.3828961253166199,0.619364857673645,0.005650084465742111
애니추천점,,회복술사의 재시작 좋아함,"ㅇㅇ 2024.12.02 02:26:40
조회 79 추천 0 댓글 3",추천 0,조회 79,2024.12.02 02:26:40,https://gall.dcinside.com/mgallery/board/view/?id=skk&no=25750&page=18,0.01617375575006008,0.011250653304159641,0.012047558091580868,0.01712169498205185,0.013589645735919476,0.010472129099071026,0.0178572665899992,0.008807358331978321,0.03333774954080582,0.9396674633026123,0.009285245090723038
갑자기공허해짐,,앞으로3주,"ㅇㅇ(106.101) 2024.12.01 22:21:09
조회 42 추천 0 댓글 2",추천 0,조회 42,2024.12.01 22:21:09,https://gall.dcinside.com/mgallery/board/view/?id=skk&no=25749&page=18,0.017492208629846573,0.011584759689867496,0.01178667601197958,0.018558306619524956,0.014231259934604168,0.011199248023331165,0.019219741225242615,0.009334448724985123,0.03179548308253288,0.9448752403259277,0.0099269337952137
토할거같아,,,"쿠쿠 2024.12.01 18:03:57
조회 53 추천 0 댓글 5",추천 0,조회 53,2024.12.01 18:03:57,https://gall.dcinside.com/mgallery/board/view/?id=skk&no=25748&page=18,0.0,0.0,0.0,0.0,0.0,0.0,0.0,0.0,0.0,0.0,0.0
재밋네,,재밋어,"성갤러(218.155) 2024.12.01 16:34:15
조회 41 추천 0 댓글 2",추천 0,조회 41,2024.12.01 16:34:15,https://gall.dcinside.com/mgallery/board/view/?id=skk&no=25747&page=18,0.018619535490870476,0.012814425863325596,0.01316470094025135,0.02029222808778286,0.014112172648310661,0.010333086363971233,0.018053099513053894,0.008796311914920807,0.032240986824035645,0.9473384618759155,0.010324634611606598
얘도 곧 나갈듯,,나 나가요,"Raps 2024.12.01 15:47:50
조회 80 추천 0 댓글 5",추천 0,조회 80,2024.12.01 15:47:50,https://gall.dcinside.com/mgallery/board/view/?id=skk&no=25746&page=18,0.01623944193124771,0.009827098809182644,0.011324949562549591,0.016257653012871742,0.013545038178563118,0.009668992832303047,0.016596555709838867,0.0084291473031044,0.03816981613636017,0.9357253909111023,0.008809155784547329
놀자,,고,"성갤러(218.155) 2024.12.01 12:49:18
조회 48 추천 0 댓글 6",추천 0,조회 48,2024.12.01 12:49:18,https://gall.dcinside.com/mgallery/board/view/?id=skk&no=25745&page=18,0.016945181414484978,0.011123942211270332,0.01206121500581503,0.01799534447491169,0.0133759044110775,0.00940859317779541,0.016283677890896797,0.009117384441196918,0.03620312362909317,0.9403911828994751,0.009550861082971096
님아 왜나감,,,"ㅇㅇ(106.101) 2024.12.01 09:08:26
조회 45 추천 0 댓글 2",추천 0,조회 45,2024.12.01 09:08:26,https://gall.dcinside.com/mgallery/board/view/?id=skk&no=25744&page=18,0.0,0.0,0.0,0.0,0.0,0.0,0.0,0.0,0.0,0.0,0.0
우하하,,좌하하,"ㅇㅇ(106.101) 2024.11.30 21:53:45
조회 38 추천 0 댓글 1",추천 0,조회 38,2024.11.30 21:53:45,https://gall.dcinside.com/mgallery/board/view/?id=skk&no=25743&page=18,0.015668686479330063,0.011195278726518154,0.012466990388929844,0.016871673986315727,0.011950468644499779,0.008695977739989758,0.01501687802374363,0.008616057224571705,0.040454525500535965,0.9366011023521423,0.008912925608456135
스타필드 ㅈㄴ크노잉,,네,"쿠쿠 2024.11.30 17:30:55
조회 60 추천 0 댓글 7",추천 0,조회 60,2024.11.30 17:30:55,https://gall.dcinside.com/mgallery/board/view/?id=skk&no=25742&page=18,0.01709587499499321,0.011025809682905674,0.012766187079250813,0.01895168237388134,0.013483774848282337,0.009514600038528442,0.017748504877090454,0.009025933220982552,0.034722700715065,0.9419898390769958,0.009805353358387947
근데 뭐 그런거아냐?,,"겜이나 여캠만 하고싶은데
노래계속 시켜서","ㅇㅇ(106.101) 2024.11.30 13:37:01
조회 48 추천 0 댓글 3",추천 0,조회 48,2024.11.30 13:37:01,https://gall.dcinside.com/mgallery/board/view/?id=skk&no=25740&page=18,0.01886366307735443,0.010059194639325142,0.012022151611745358,0.015740951523184776,0.01231308002024889,0.00883700791746378,0.014590871520340443,0.008841214701533318,0.036516591906547546,0.9317728877067566,0.008273233659565449
홀로 또 졸업하네,,나가자마자 100만찍는거 보면 구독자 40%는 따라오는데 나같아도 나갈덧,"ㅇㅇ(58.235) 2024.11.30 12:29:02
조회 45 추천 0 댓글 2",추천 0,조회 45,2024.11.30 12:29:02,https://gall.dcinside.com/mgallery/board/view/?id=skk&no=25739&page=18,0.014507826417684555,0.007496436592191458,0.007752598263323307,0.013346913270652294,0.01037618052214384,0.007311397232115269,0.011603382416069508,0.00841794814914465,0.06788958609104156,0.9031649827957153,0.006580912042409182
놀자고샹년아,,,"쿠쿠 2024.11.29 23:04:57
조회 33 추천 0 댓글 2",추천 0,조회 33,2024.11.29 23:04:57,https://gall.dcinside.com/mgallery/board/view/?id=skk&no=25738&page=18,0.0,0.0,0.0,0.0,0.0,0.0,0.0,0.0,0.0,0.0,0.0
심심하니까,,놉시다,"성갤러(218.155) 2024.11.29 21:56:40
조회 36 추천 0 댓글 2",추천 0,조회 36,2024.11.29 21:56:40,https://gall.dcinside.com/mgallery/board/view/?id=skk&no=25737&page=18,0.015932215377688408,0.009848251938819885,0.011771917343139648,0.016079554334282875,0.012698293663561344,0.009197795763611794,0.016375435516238213,0.008368205279111862,0.03704032301902771,0.9320476651191711,0.00854230672121048
행시 준비할 때 여기 종종 왔었는데,,군대 간다는 것부터 대학원 얘기까지 관음하던 기억이 새록새록하네요,"ㅇㅇ 2024.11.29 18:05:49
조회 80 추천 0 댓글 4",추천 0,조회 80,2024.11.29 18:05:49,https://gall.dcinside.com/mgallery/board/view/?id=skk&no=25735&page=18,0.01642528735101223,0.010607052594423294,0.012272050604224205,0.017468295991420746,0.012843449600040913,0.00881734024733305,0.017539195716381073,0.008521860465407372,0.03659147396683693,0.9377458095550537,0.00882024597376585
거지특,,토익 pdf로 공부함,"Raps 2024.11.29 17:13:01
조회 134 추천 0 댓글 5",추천 0,조회 134,2024.11.29 17:13:01,https://gall.dcinside.com/mgallery/board/view/?id=skk&no=25734&page=18,0.015573234297335148,0.008834322914481163,0.010575252585113049,0.015769507735967636,0.01243608258664608,0.009030668996274471,0.015096452087163925,0.008924596011638641,0.04001196101307869,0.9291115403175354,0.008143131621181965
왜 몇 년 전이랑 똑같은 사람들이,,있는 것 같지?,"ㅇㅇ 2024.11.29 03:35:12
조회 69 추천 0 댓글 2",추천 0,조회 69,2024.11.29 03:35:12,https://gall.dcinside.com/mgallery/board/view/?id=skk&no=25733&page=18,0.015978792682290077,0.01074141450226307,0.011626909486949444,0.018673863261938095,0.013610461726784706,0.009491180069744587,0.018427468836307526,0.00887816771864891,0.0362149141728878,0.9413526654243469,0.009621581062674522
초고교급심심,,,"쿠쿠 2024.11.28 18:18:01
조회 46 추천 0 댓글 1",추천 0,조회 46,2024.11.28 18:18:01,https://gall.dcinside.com/mgallery/board/view/?id=skk&no=25732&page=18,0.0,0.0,0.0,0.0,0.0,0.0,0.0,0.0,0.0,0.0,0.0
일상글 왜씀,,친구랑 대화를 하셈,"성갤러(223.38) 2024.11.28 12:26:27
조회 45 추천 0 댓글 2",추천 0,조회 45,2024.11.28 12:26:27,https://gall.dcinside.com/mgallery/board/view/?id=skk&no=25730&page=18,0.014480173587799072,0.008310887962579727,0.010254965163767338,0.018724685534834862,0.012725132517516613,0.00825187936425209,0.015227369032800198,0.008327914401888847,0.04273996502161026,0.9278543591499329,0.008237434551119804
제인생 초딩이후로 눈 젤많이옴,,,"ㅇㅇ(106.101) 2024.11.27 17:23:58
조회 51 추천 0 댓글 6",추천 0,조회 51,2024.11.27 17:23:58,https://gall.dcinside.com/mgallery/board/view/?id=skk&no=25728&page=18,0.0,0.0,0.0,0.0,0.0,0.0,0.0,0.0,0.0,0.0,0.0
수원에 눈옴?,,하 눈봐야하는데 작년엔 조또안오더니 하필 이때오네,"Raps 2024.11.27 16:32:32
조회 62 추천 0 댓글 3",추천 0,조회 62,2024.11.27 16:32:32,https://gall.dcinside.com/mgallery/board/view/?id=skk&no=25727&page=18,0.008846639655530453,0.005366850644350052,0.007349519990384579,0.01050462294369936,0.008660023100674152,0.009933342225849628,0.007422422990202904,0.009105442091822624,0.43912994861602783,0.5386831760406494,0.005471399519592524
원신다시할까,,두창러시 끝났나 귀여운애들 슬슬나오는데,"Raps 2024.11.26 15:21:47
조회 67 추천 0 댓글 6",추천 0,조회 67,2024.11.26 15:21:47,https://gall.dcinside.com/mgallery/board/view/?id=skk&no=25726&page=19,0.0328829325735569,0.008363854140043259,0.009861577302217484,0.01780741661787033,0.013165541924536228,0.006055882666260004,0.009891308844089508,0.007548733614385128,0.06788606196641922,0.8865172266960144,0.006801373325288296
자라,,와거북이,"ㅇㅇ(106.101) 2024.11.25 23:03:32
조회 50 추천 0 댓글 4",추천 0,조회 50,2024.11.25 23:03:32,https://gall.dcinside.com/mgallery/board/view/?id=skk&no=25725&page=19,0.007410028949379921,0.006135681644082069,0.0066535151563584805,0.11010117083787918,0.00716422637924552,0.024021554738283157,0.009573965333402157,0.007783092092722654,0.05712764710187912,0.6856569051742554,0.006352750118821859
랩스야 놀자,,랩놀,"쿠쿠 2024.11.25 19:18:36
조회 36 추천 0 댓글 0",추천 0,조회 36,2024.11.25 19:18:36,https://gall.dcinside.com/mgallery/board/view/?id=skk&no=25724&page=19,0.01963973604142666,0.01266559399664402,0.012123817577958107,0.02295403555035591,0.014377273619174957,0.010080341249704361,0.01956894062459469,0.009546441957354546,0.028974009677767754,0.9475554823875427,0.010569541715085506
아니 근데 좀 호감이신게,,답장 늦었다고 걍 고봉밥으로 답장함,"ㅇㅇ(106.101) 2024.11.23 19:07:57
조회 64 추천 0 댓글 2",추천 0,조회 64,2024.11.23 19:07:57,https://gall.dcinside.com/mgallery/board/view/?id=skk&no=25721&page=19,0.008532583713531494,0.027118874713778496,0.007609278429299593,0.00795127172023058,0.012760401703417301,0.011259511113166809,0.003945136908441782,0.020527493208646774,0.5554974675178528,0.3147364556789398,0.006157061085104942
대댓알림이왓는데,,없어짐,"성갤러(218.155) 2024.11.23 14:03:29
조회 32 추천 0 댓글 0",추천 0,조회 32,2024.11.23 14:03:29,https://gall.dcinside.com/mgallery/board/view/?id=skk&no=25720&page=19,0.014784748665988445,0.008796350099146366,0.009871229529380798,0.014276309870183468,0.011582891456782818,0.007644547149538994,0.012645513750612736,0.008652424439787865,0.05354268103837967,0.9196635484695435,0.007691686507314444
교토는 여고생들이,,버스기사 부족 걱정하네 역시 갓본,"성갤러(218.155) 2024.11.23 12:18:39
조회 65 추천 0 댓글 4",추천 0,조회 65,2024.11.23 12:18:39,https://gall.dcinside.com/mgallery/board/view/?id=skk&no=25718&page=19,0.023807257413864136,0.032165300101041794,0.010580708272755146,0.9090224504470825,0.008356362581253052,0.06297024339437485,0.02190227620303631,0.014319206587970257,0.025459129363298416,0.05722125247120857,0.01375681720674038
돈벌면 유희왕 반드시,,해야죠,"성갤러(218.155) 2024.11.22 22:40:24
조회 37 추천 0 댓글 3",추천 0,조회 37,2024.11.22 22:40:24,https://gall.dcinside.com/mgallery/board/view/?id=skk&no=25717&page=19,0.019570367410779,0.011822531931102276,0.014335567131638527,0.020903564989566803,0.013683213852345943,0.00960741937160492,0.01953156292438507,0.009440471418201923,0.030767099931836128,0.9465669393539429,0.010663612745702267
놀노로놀놀놀놀자,,,"쿠쿠 2024.11.22 22:16:59
조회 34 추천 0 댓글 3",추천 0,조회 34,2024.11.22 22:16:59,https://gall.dcinside.com/mgallery/board/view/?id=skk&no=25716&page=19,0.0,0.0,0.0,0.0,0.0,0.0,0.0,0.0,0.0,0.0,0.0
극극극극극극극,,대노,"쿠쿠 2024.11.22 18:17:27
조회 38 추천 0 댓글 3",추천 0,조회 38,2024.11.22 18:17:27,https://gall.dcinside.com/mgallery/board/view/?id=skk&no=25715&page=19,0.013999829068779945,0.009921375662088394,0.009086046367883682,0.011811423115432262,0.010438076220452785,0.0074158781208097935,0.011757812462747097,0.00823089201003313,0.06185314059257507,0.9093735218048096,0.006932106334716082
똥싼거 치울생각하니까 존나좆같네,,C+ 4개를 어케치우노 씨발,"Raps 2024.11.22 16:29:52
조회 55 추천 0 댓글 4",추천 0,조회 55,2024.11.22 16:29:52,https://gall.dcinside.com/mgallery/board/view/?id=skk&no=25714&page=19,0.02204110100865364,0.016109637916088104,0.01725088432431221,0.012550314888358116,0.008689702488481998,0.009051123633980751,0.012135960161685944,0.02551604062318802,0.9126405715942383,0.05789969488978386,0.007548823487013578
배고파,,심심해,"성갤러(218.155) 2024.11.21 21:52:43
조회 23 추천 0 댓글 0",추천 0,조회 23,2024.11.21 21:52:43,https://gall.dcinside.com/mgallery/board/view/?id=skk&no=25713&page=19,0.017133045941591263,0.010028676129877567,0.01179075799882412,0.01862468384206295,0.014157410711050034,0.00962980929762125,0.017291441559791565,0.009107601828873158,0.03774644061923027,0.9434839487075806,0.009585317224264145
랩스님 이거봄?,,,"성갤러(218.155) 2024.11.20 20:12:34
조회 46 추천 0 댓글 4",추천 0,조회 46,2024.11.20 20:12:34,https://gall.dcinside.com/mgallery/board/view/?id=skk&no=25712&page=19,0.0,0.0,0.0,0.0,0.0,0.0,0.0,0.0,0.0,0.0,0.0
날속인거니,,,"쿠쿠 2024.11.20 17:25:55
조회 41 추천 0 댓글 5",추천 0,조회 41,2024.11.20 17:25:55,https://gall.dcinside.com/mgallery/board/view/?id=skk&no=25711&page=19,0.0,0.0,0.0,0.0,0.0,0.0,0.0,0.0,0.0,0.0,0.0
이여자 다테사유리닮았네,,"https://youtube.com/v/86QW48vX9F4?si=Vy9hVHyea_TwRPhh
 라틴녀에게 드립치다 드립으로 쳐맞기
시청해주셔서 감사합니다!
youtube.com


이정도면 쌍둥이아닌가","Raps 2024.11.19 22:04:43
조회 65 추천 0 댓글 4",추천 0,조회 65,2024.11.19 22:04:43,https://gall.dcinside.com/mgallery/board/view/?id=skk&no=25710&page=19,0.30400216579437256,0.0077753555960953236,0.018429074436426163,0.22013068199157715,0.006651381496340036,0.009137843735516071,0.007359852083027363,0.013252812437713146,0.05313720926642418,0.3882703483104706,0.006898981053382158
복학하기싫노,,내인생잘못된선택no1좆균관대,"Raps 2024.11.19 21:03:15
조회 53 추천 0 댓글 2",추천 0,조회 53,2024.11.19 21:03:15,https://gall.dcinside.com/mgallery/board/view/?id=skk&no=25709&page=19,0.016330573707818985,0.015509930439293385,0.02183425799012184,0.01609427109360695,0.00514724338427186,0.004199385643005371,0.006685503758490086,0.01457889936864376,0.09007860720157623,0.7793935537338257,0.006434215232729912
저통프사 개많노,,다 데리바리임?,"쿠쿠 2024.11.19 01:20:39
조회 47 추천 0 댓글 1",추천 0,조회 47,2024.11.19 01:20:39,https://gall.dcinside.com/mgallery/board/view/?id=skk&no=25708&page=19,0.014552569948136806,0.007322864606976509,0.008210578933358192,0.01802360825240612,0.008243080228567123,0.006988487206399441,0.009480616077780724,0.0073369829915463924,0.087008997797966,0.8781311511993408,0.006132288835942745
어렵다어려워,,피지컬게임은안돼,"성갤러(218.155) 2024.11.19 00:50:58
조회 39 추천 0 댓글 2",추천 0,조회 39,2024.11.19 00:50:58,https://gall.dcinside.com/mgallery/board/view/?id=skk&no=25707&page=19,0.032939694821834564,0.010828940197825432,0.011726091615855694,0.019379666075110435,0.010310388170182705,0.007698399946093559,0.014685289934277534,0.00892567541450262,0.029924826696515083,0.9266664385795593,0.00815825816243887
놀자이자이자슥아,,,"쿠쿠 2024.11.18 18:42:47
조회 25 추천 0 댓글 0",추천 0,조회 25,2024.11.18 18:42:47,https://gall.dcinside.com/mgallery/board/view/?id=skk&no=25706&page=19,0.0,0.0,0.0,0.0,0.0,0.0,0.0,0.0,0.0,0.0,0.0
추으버라,,이으추버,"쿠쿠 2024.11.17 18:47:21
조회 45 추천 0 댓글 4",추천 0,조회 45,2024.11.17 18:47:21,https://gall.dcinside.com/mgallery/board/view/?id=skk&no=25705&page=19,0.017641877755522728,0.010607932694256306,0.009932882152497768,0.014935420826077461,0.0121494485065341,0.008919797837734222,0.014466522261500359,0.008306103758513927,0.039578791707754135,0.9286683201789856,0.00786101259291172
잼잇는게임없나,,할게임이없네 말세다말세,"쿠쿠 2024.11.16 21:05:55
조회 50 추천 0 댓글 9",추천 0,조회 50,2024.11.16 21:05:55,https://gall.dcinside.com/mgallery/board/view/?id=skk&no=25704&page=19,0.014386352151632309,0.0088599668815732,0.0161916334182024,0.007872962392866611,0.007506849709898233,0.006101366598159075,0.019651178270578384,0.03476796671748161,0.8188290596008301,0.11840417236089706,0.006908282171934843
놀자구나,,"놀라운
자전거
구나","ㅇㅇ(106.101) 2024.11.16 18:10:31
조회 33 추천 0 댓글 2",추천 0,조회 33,2024.11.16 18:10:31,https://gall.dcinside.com/mgallery/board/view/?id=skk&no=25703&page=19,0.017049720510840416,0.011448780074715614,0.011425381526350975,0.021158192306756973,0.013697088696062565,0.010622221976518631,0.019291050732135773,0.009199168533086777,0.031318165361881256,0.9448201060295105,0.00988820381462574
동덕여대 유일한 남학생되기 vs 재수한번더하기,,,"성갤러(218.155) 2024.11.16 13:15:43
조회 55 추천 0 댓글 2",추천 0,조회 55,2024.11.16 13:15:43,https://gall.dcinside.com/mgallery/board/view/?id=skk&no=25702&page=19,0.0,0.0,0.0,0.0,0.0,0.0,0.0,0.0,0.0,0.0,0.0
랩스미친새기,,개새기,"쿠쿠 2024.11.16 11:58:11
조회 49 추천 0 댓글 2",추천 0,조회 49,2024.11.16 11:58:11,https://gall.dcinside.com/mgallery/board/view/?id=skk&no=25701&page=19,0.014952697791159153,0.009598449803888798,0.015694549307227135,0.010100913234055042,0.010934433899819851,0.00989218708127737,0.011974393390119076,0.025180593132972717,0.8906162977218628,0.0963616594672203,0.008189946413040161
성대는 소고기 어우 맛있어,,메디컬은 삵고기~,"Raps 2024.11.16 09:48:25
조회 83 추천 0 댓글 1",추천 0,조회 83,2024.11.16 09:48:25,https://gall.dcinside.com/mgallery/board/view/?id=skk&no=25700&page=19,0.050188519060611725,0.009482819586992264,0.011119243688881397,0.02407490275800228,0.008071637712419033,0.008221396245062351,0.025640830397605896,0.00981141533702612,0.03014546073973179,0.8985132575035095,0.006968704052269459
그래서 언제 올라옴,,네,"성갤러(218.155) 2024.11.15 21:31:31
조회 47 추천 0 댓글 4",추천 0,조회 47,2024.11.15 21:31:31,https://gall.dcinside.com/mgallery/board/view/?id=skk&no=25699&page=19,0.01709587499499321,0.011025809682905674,0.012766187079250813,0.01895168237388134,0.013483774848282337,0.009514600038528442,0.017748504877090454,0.009025933220982552,0.034722700715065,0.9419898390769958,0.009805353358387947
전과 5범 축하드립니다,,ㅋㅋ,"Raps 2024.11.15 15:47:16
조회 68 추천 0 댓글 4",추천 0,조회 68,2024.11.15 15:47:16,https://gall.dcinside.com/mgallery/board/view/?id=skk&no=25698&page=19,0.016486002132296562,0.010592150501906872,0.01233817357569933,0.017572669312357903,0.013425854966044426,0.009626394137740135,0.01754600740969181,0.009104637429118156,0.03704880177974701,0.94118732213974,0.009530629962682724
환상에 살았다,,,"Raps 2024.11.15 11:11:04
조회 83 추천 0 댓글 3",추천 0,조회 83,2024.11.15 11:11:04,https://gall.dcinside.com/mgallery/board/view/?id=skk&no=25697&page=19,0.0,0.0,0.0,0.0,0.0,0.0,0.0,0.0,0.0,0.0,0.0
님저놀,,네,"쿠쿠 2024.11.14 17:36:36
조회 30 추천 0 댓글 2",추천 0,조회 30,2024.11.14 17:36:36,https://gall.dcinside.com/mgallery/board/view/?id=skk&no=25694&page=19,0.01709587499499321,0.011025809682905674,0.012766187079250813,0.01895168237388134,0.013483774848282337,0.009514600038528442,0.017748504877090454,0.009025933220982552,0.034722700715065,0.9419898390769958,0.009805353358387947
초고교급 다쟈레,,너무 재미없어서 초고교급 절망,"쿠쿠 2024.11.14 00:00:15
조회 38 추천 0 댓글 3",추천 0,조회 38,2024.11.14 00:00:15,https://gall.dcinside.com/mgallery/board/view/?id=skk&no=25693&page=19,0.012401689775288105,0.006774652283638716,0.010918201878666878,0.0093081621453166,0.010643384419381618,0.007844948209822178,0.010287655517458916,0.008715984411537647,0.08394964039325714,0.8827905654907227,0.006356898695230484
단간 2탄도 재밋네요,,3탄은 안해봣니,"쿠쿠 2024.11.13 23:08:52
조회 50 추천 0 댓글 7",추천 0,조회 50,2024.11.13 23:08:52,https://gall.dcinside.com/mgallery/board/view/?id=skk&no=25692&page=19,0.012593952007591724,0.008164499886333942,0.010169520042836666,0.011349701322615147,0.011223893612623215,0.007974271662533283,0.011881139129400253,0.008183183148503304,0.06426520645618439,0.9044145941734314,0.007008619140833616
코로네가 메이플하는거보니까,,일본메이플 시작할까,"성갤러(218.155) 2024.11.13 22:18:36
조회 38 추천 0 댓글 6",추천 0,조회 38,2024.11.13 22:18:36,https://gall.dcinside.com/mgallery/board/view/?id=skk&no=25691&page=19,0.013653193600475788,0.009406084194779396,0.00919883418828249,0.025080056861042976,0.012857277877628803,0.009431282058358192,0.016764052212238312,0.008097256533801556,0.03699706122279167,0.9317882061004639,0.008606054820120335
수학주관식특,,답 11아니면 13임,"쿠쿠 2024.11.13 15:36:33
조회 47 추천 0 댓글 2",추천 0,조회 47,2024.11.13 15:36:33,https://gall.dcinside.com/mgallery/board/view/?id=skk&no=25689&page=19,0.015283172018826008,0.009926170110702515,0.010987077839672565,0.01621400937438011,0.012680121697485447,0.010440158657729626,0.015567108057439327,0.008831559680402279,0.03706946223974228,0.9335001707077026,0.008503270335495472
근대 사탐하면,,의대갈수잇음?,"ㅇㅇ(106.101) 2024.11.13 15:32:20
조회 62 추천 0 댓글 4",추천 0,조회 62,2024.11.13 15:32:20,https://gall.dcinside.com/mgallery/board/view/?id=skk&no=25688&page=19,0.020199313759803772,0.010533489286899567,0.012797746807336807,0.017918244004249573,0.012444654479622841,0.009187441319227219,0.01695551909506321,0.009925443679094315,0.031184304505586624,0.9369863271713257,0.009133907034993172
성전환전문의가된 랩스,,할인좀요,"쿠쿠 2024.11.13 14:15:12
조회 49 추천 0 댓글 1",추천 0,조회 49,2024.11.13 14:15:12,https://gall.dcinside.com/mgallery/board/view/?id=skk&no=25685&page=19,0.016174765303730965,0.010952095501124859,0.011914016678929329,0.020506596192717552,0.014592702500522137,0.010357134975492954,0.018910596147179604,0.009246230125427246,0.033091019839048386,0.944751501083374,0.01008277852088213
수능전날 해야되는거,,체인소맨 나온거 보세요,"쿠쿠 2024.11.13 13:39:57
조회 33 추천 0 댓글 0",추천 0,조회 33,2024.11.13 13:39:57,https://gall.dcinside.com/mgallery/board/view/?id=skk&no=25683&page=19,0.016046296805143356,0.011232082732021809,0.012777929194271564,0.018055301159620285,0.013704847544431686,0.009887765161693096,0.016952650621533394,0.00884346291422844,0.03399908170104027,0.9408265352249146,0.00937708280980587
수능 전날에 해야할일,,,"ㅇㅇ(106.101) 2024.11.13 00:03:36
조회 50 추천 0 댓글 4",추천 0,조회 50,2024.11.13 00:03:36,https://gall.dcinside.com/mgallery/board/view/?id=skk&no=25682&page=19,0.0,0.0,0.0,0.0,0.0,0.0,0.0,0.0,0.0,0.0,0.0
랩스의 수능도시락,,메뉴는 뭘까요,"쿠쿠 2024.11.12 15:16:10
조회 44 추천 0 댓글 3",추천 0,조회 44,2024.11.12 15:16:10,https://gall.dcinside.com/mgallery/board/view/?id=skk&no=25681&page=19,0.01802591234445572,0.011049293912947178,0.01282231230288744,0.01961241289973259,0.014621536247432232,0.011684599332511425,0.020099030807614326,0.00970456749200821,0.031116046011447906,0.9486943483352661,0.010458149947226048
인생망했네 씨발,,잘못태어났다,"ㅇㅇ(58.235) 2024.11.10 18:15:51
조회 65 추천 0 댓글 2",추천 0,조회 65,2024.11.10 18:15:51,https://gall.dcinside.com/mgallery/board/view/?id=skk&no=25679&page=19,0.017758194357156754,0.009409229271113873,0.010832879692316055,0.01578163541853428,0.011696305125951767,0.008663703687489033,0.015300304628908634,0.008709263987839222,0.037926338613033295,0.928149402141571,0.008007088676095009
디도 졸업생도 이용가능하던가,,디도에서 시간좀 때우다 갈까 하는데,"가와시마미즈키 2024.11.10 16:02:32
조회 127 추천 0 댓글 6",추천 0,조회 127,2024.11.10 16:02:32,https://gall.dcinside.com/mgallery/board/view/?id=skk&no=25678&page=19,0.010581322014331818,0.006896919570863247,0.007640846539288759,0.009950651787221432,0.010125793516635895,0.00979576539248228,0.009882897138595581,0.00761092035099864,0.10511647909879684,0.8653694987297058,0.006034666206687689
에어로스타인가 그거 한국에 언제나옴,,나오면함,"ㅇㅇ(106.101) 2024.11.09 17:39:40
조회 53 추천 0 댓글 12",추천 0,조회 53,2024.11.09 17:39:40,https://gall.dcinside.com/mgallery/board/view/?id=skk&no=25677&page=19,0.01562342420220375,0.008918090723454952,0.012357696890830994,0.013217763975262642,0.011547726579010487,0.008473284542560577,0.013583511114120483,0.008740665391087532,0.044551704078912735,0.9218337535858154,0.007588052656501532
근데진짜 복기해보면 사소한거1개로 갈림,,타임머신있으면 이기는패엿는데 짐,"쿠쿠 2024.11.09 16:31:27
조회 54 추천 0 댓글 2",추천 0,조회 54,2024.11.09 16:31:27,https://gall.dcinside.com/mgallery/board/view/?id=skk&no=25676&page=19,0.019926510751247406,0.010198002681136131,0.011558813974261284,0.01833481527864933,0.01201970037072897,0.009295448660850525,0.016519125550985336,0.008608361706137657,0.033144332468509674,0.9361099004745483,0.008371911011636257
이사람왜 혼자하는거야,,,"ㅇㅇ(106.101) 2024.11.09 16:26:50
조회 48 추천 0 댓글 4",추천 0,조회 48,2024.11.09 16:26:50,https://gall.dcinside.com/mgallery/board/view/?id=skk&no=25675&page=19,0.0,0.0,0.0,0.0,0.0,0.0,0.0,0.0,0.0,0.0,0.0
놀자고,,,"ㅇㅇ(106.101) 2024.11.09 15:00:48
조회 44 추천 0 댓글 8",추천 0,조회 44,2024.11.09 15:00:48,https://gall.dcinside.com/mgallery/board/view/?id=skk&no=25674&page=19,0.0,0.0,0.0,0.0,0.0,0.0,0.0,0.0,0.0,0.0,0.0
럽코보는애들은 뚜두리맞아야함,,만화는무족권 능배물,"쿠쿠 2024.11.09 10:52:53
조회 44 추천 0 댓글 2",추천 0,조회 44,2024.11.09 10:52:53,https://gall.dcinside.com/mgallery/board/view/?id=skk&no=25673&page=19,0.017969828099012375,0.009245344437658787,0.012097512371838093,0.01726614497601986,0.011825262568891048,0.008107583969831467,0.016365837305784225,0.009114902466535568,0.03873402997851372,0.9326268434524536,0.00817334745079279
이반에갸루는없다 세상으로 보내는 트럭,,배송이 시작되었습니다,"ㅇㅇ(106.101) 2024.11.09 10:43:19
조회 34 추천 0 댓글 4",추천 0,조회 34,2024.11.09 10:43:19,https://gall.dcinside.com/mgallery/board/view/?id=skk&no=25672&page=19,0.018112584948539734,0.01254991814494133,0.01285890955477953,0.02283615618944168,0.015756873413920403,0.011822124011814594,0.023299068212509155,0.009673729538917542,0.028093570843338966,0.9509674906730652,0.011420341208577156
추워잉,,추츄,"쿠쿠 2024.11.09 08:30:10
조회 30 추천 0 댓글 2",추천 0,조회 30,2024.11.09 08:30:10,https://gall.dcinside.com/mgallery/board/view/?id=skk&no=25671&page=19,0.02007678709924221,0.010607708245515823,0.007978236302733421,0.010674127377569675,0.010498607531189919,0.006448118481785059,0.008665158413350582,0.008204984478652477,0.07996142655611038,0.8870548605918884,0.006238405592739582
머놀,,머,"성갤러(121.136) 2024.11.08 18:18:24
조회 33 추천 0 댓글 4",추천 0,조회 33,2024.11.08 18:18:24,https://gall.dcinside.com/mgallery/board/view/?id=skk&no=25670&page=19,0.0181050356477499,0.01057213544845581,0.011713596992194653,0.01857711188495159,0.013917121104896069,0.010321555659174919,0.018548430874943733,0.00927950069308281,0.03392844274640083,0.942613959312439,0.00973346084356308
사기 아니니까 심심하면 검색해봐ㅎ,,"트럼프 선거운동때 파이네트워크 링크를 건게 우연은 아니야.

아직은 무료 코인이니까 어서 가입해서 채굴하도록해.

절대 사기 아니니 찜찜하면 유튭 검색해보고 결정하던지.

내 아이디 추천 넣어야 너와 나 둘다 속도 빨라지니까

아래 블로그 잘보고 가입해.


파이코인으로 부자 됩니다. 저만 따라하세요.
출처 : oatlee님의.. | 블로그
-

https://naver.me/FzSzb3hX
 네이버
네이버
naver.me","성갤러(211.234) 2024.11.08 16:46:18
조회 62 추천 0 댓글 4",추천 0,조회 62,2024.11.08 16:46:18,https://gall.dcinside.com/mgallery/board/view/?id=skk&no=25669&page=19,0.014311332255601883,0.007030867971479893,0.010956496931612492,0.020251790061593056,0.008703778497874737,0.005520705133676529,0.012646090239286423,0.007976983673870564,0.07233842462301254,0.8962880373001099,0.007011071778833866
기시다 최저가 15.5엿대요,,과연 따잇할지,"쿠쿠 2024.11.08 16:37:58
조회 27 추천 0 댓글 1",추천 0,조회 27,2024.11.08 16:37:58,https://gall.dcinside.com/mgallery/board/view/?id=skk&no=25668&page=19,0.015251006931066513,0.00954301655292511,0.01021971832960844,0.013639259152114391,0.010331204161047935,0.00804808922111988,0.013247706927359104,0.008275937288999557,0.052613869309425354,0.9228495359420776,0.007321011275053024
근데 내가말한게 이거였음,,"단간론파에서 ""이 학교의 도서관에는 30년후에 기밀해제되는 문서가 있다""

그리고 물리실에 산소생성기있고 첨시작할때 우주여행 보여줌

-> 학교탈출하면 30년흘러있고 지구밖이다

이거 같은회사 다른게임에서 써먹은 트릭인데 똑같은건줄알았는데 맥거핀이엇음","쿠쿠 2024.11.08 00:03:35
조회 43 추천 0 댓글 2",추천 0,조회 43,2024.11.08 00:03:35,https://gall.dcinside.com/mgallery/board/view/?id=skk&no=25667&page=19,0.025849860161542892,0.008676190860569477,0.017382578924298286,0.03677099198102951,0.00877152755856514,0.006096253637224436,0.020438291132450104,0.009110511280596256,0.033009737730026245,0.9238527417182922,0.008312189020216465
