제목,말머리,내용,글쓴이,추천수,조회수,날짜,링크,내용_분류,내용_score_여성/가족,내용_score_남성,내용_score_성소수자,내용_score_인종/국적,내용_score_연령,내용_score_지역,내용_score_종교,내용_score_기타 혐오,내용_score_악플/욕설,내용_score_clean,내용_score_장애
와 컴퓨토ㅣ터하다 목에 담걸려서,,"운동2주쉬었음
다녹았노","Raps 2025.08.04 22:53:27
조회 13 추천 0 댓글 2",추천 0,조회 13,2025.08.04 22:53:27,https://gall.dcinside.com/mgallery/board/view/?id=skk&no=26652&page=1,지역,0.4181102514266968,0.4780018925666809,0.4487922787666321,0.5071642398834229,0.5124095678329468,0.6888277530670166,0.4325879216194153,0.5455929636955261,0.4591992199420929,0.3913203775882721,0.48265179991722107
할건가요,,에,"ㅇㅇ(106.101) 2025.08.04 19:26:58
조회 13 추천 0 댓글 2",추천 0,조회 13,2025.08.04 19:26:58,https://gall.dcinside.com/mgallery/board/view/?id=skk&no=26651&page=1,기타 혐오,0.37103214859962463,0.4435465931892395,0.3893594741821289,0.501324474811554,0.3855239450931549,0.6028170585632324,0.47984176874160767,0.611693263053894,0.5760482549667358,0.338340699672699,0.49199378490448
님아 열매외우는겜이네,,최적열매외워야됫던거임,"ㅇㅇ 2025.08.04 18:15:14
조회 21 추천 0 댓글 7",추천 0,조회 21,2025.08.04 18:15:14,https://gall.dcinside.com/mgallery/board/view/?id=skk&no=26650&page=1,기타 혐오,0.37960585951805115,0.43966931104660034,0.4721643030643463,0.49007055163383484,0.35602280497550964,0.5635326504707336,0.3711667060852051,0.5973742008209229,0.5239318609237671,0.38422033190727234,0.48936015367507935
가자,,가자지구,"ㅇㅇ 2025.08.04 10:45:19
조회 24 추천 0 댓글 5",추천 0,조회 24,2025.08.04 10:45:19,https://gall.dcinside.com/mgallery/board/view/?id=skk&no=26649&page=1,지역,0.35192546248435974,0.4582922160625458,0.413398802280426,0.455362468957901,0.3689975142478943,0.6849100589752197,0.44393864274024963,0.5866663455963135,0.5499313473701477,0.3614734709262848,0.5463648438453674
함하자,,네,"ㅇㅇ(59.22) 2025.08.03 19:40:29
조회 20 추천 0 댓글 3",추천 0,조회 20,2025.08.03 19:40:29,https://gall.dcinside.com/mgallery/board/view/?id=skk&no=26648&page=1,악플/욕설,0.33858147263526917,0.40912774205207825,0.42180371284484863,0.499750018119812,0.3673763871192932,0.5624522566795349,0.48384490609169006,0.5610883235931396,0.5642331838607788,0.3504825234413147,0.4857751429080963
님아 롤체갤엉님들이,,이번통계분석해보니깐 기물락시즌맞대요,"ㅇㅇ 2025.08.03 18:10:10
조회 19 추천 0 댓글 1",추천 0,조회 19,2025.08.03 18:10:10,https://gall.dcinside.com/mgallery/board/view/?id=skk&no=26647&page=1,기타 혐오,0.3711691200733185,0.4410119354724884,0.5299144983291626,0.5101050138473511,0.3471204936504364,0.5915430188179016,0.4215714633464813,0.6170715093612671,0.49625927209854126,0.3999003469944,0.44241267442703247
어우졸려시박거,,네,"ㅇㅇ 2025.08.03 18:06:55
조회 14 추천 0 댓글 0",추천 0,조회 14,2025.08.03 18:06:55,https://gall.dcinside.com/mgallery/board/view/?id=skk&no=26646&page=1,악플/욕설,0.33858147263526917,0.40912774205207825,0.42180371284484863,0.499750018119812,0.3673763871192932,0.5624522566795349,0.48384490609169006,0.5610883235931396,0.5642331838607788,0.3504825234413147,0.4857751429080963
슈프림셀 이 어머같은 시너지,,절대다시안한다,"ㅇㅇ(59.22) 2025.08.03 17:46:56
조회 15 추천 0 댓글 1",추천 0,조회 15,2025.08.03 17:46:56,https://gall.dcinside.com/mgallery/board/view/?id=skk&no=26645&page=1,기타 혐오,0.3967285454273224,0.3979243338108063,0.4102199077606201,0.4678637385368347,0.3058077096939087,0.5864035487174988,0.46074214577674866,0.6211363673210144,0.5237939953804016,0.33410125970840454,0.43372511863708496
하자,,고,"ㅇㅇ(106.101) 2025.08.03 15:20:12
조회 18 추천 0 댓글 2",추천 0,조회 18,2025.08.03 15:20:12,https://gall.dcinside.com/mgallery/board/view/?id=skk&no=26644&page=1,지역,0.3878422677516937,0.41098007559776306,0.39654237031936646,0.46060967445373535,0.36097776889801025,0.6044192910194397,0.46005257964134216,0.588229775428772,0.5751006603240967,0.3204282820224762,0.48632609844207764
아니 메타티에프티 지금보니까,,또바뀌어잇네 머냐,"ㅇㅇ(106.101) 2025.08.03 10:17:21
조회 18 추천 0 댓글 2",추천 0,조회 18,2025.08.03 10:17:21,https://gall.dcinside.com/mgallery/board/view/?id=skk&no=26643&page=1,지역,0.3710326850414276,0.47113746404647827,0.43241050839424133,0.4131622016429901,0.3696524202823639,0.6305675506591797,0.5277618169784546,0.6062114238739014,0.533993661403656,0.4186236262321472,0.4427424371242523
마치이런거죠,,우간다로전학가자마자 전교1등했어요,"ㅇㅇ 2025.08.03 00:43:57
조회 25 추천 0 댓글 1",추천 0,조회 25,2025.08.03 00:43:57,https://gall.dcinside.com/mgallery/board/view/?id=skk&no=26642&page=1,기타 혐오,0.35139569640159607,0.3863263428211212,0.5657185316085815,0.4532678425312042,0.3302130103111267,0.4659469425678253,0.3482077121734619,0.6227800250053406,0.4854050576686859,0.42055028676986694,0.44839808344841003
아니 님이랑 안한판 2등 1등함,,모래주머니인가이게,"ㅇㅇ(59.22) 2025.08.03 00:39:17
조회 30 추천 0 댓글 3",추천 0,조회 30,2025.08.03 00:39:17,https://gall.dcinside.com/mgallery/board/view/?id=skk&no=26641&page=1,기타 혐오,0.3711836636066437,0.4675694704055786,0.42409321665763855,0.4838506579399109,0.36247676610946655,0.5716997981071472,0.4375014901161194,0.6007782816886902,0.4850761294364929,0.37236911058425903,0.46376025676727295
공략을보세요,,아시겟죠,"ㅇㅇ 2025.08.02 16:39:57
조회 39 추천 0 댓글 7",추천 0,조회 39,2025.08.02 16:39:57,https://gall.dcinside.com/mgallery/board/view/?id=skk&no=26640&page=1,기타 혐오,0.34873953461647034,0.3849145770072937,0.41685250401496887,0.47070303559303284,0.3367191255092621,0.5512871742248535,0.5107213258743286,0.6093752384185791,0.533631443977356,0.37234464287757874,0.4369129538536072
인스타보다가 덥스텝인지 뭔지 봤는디,,걍 오타게수준인데? 억지 활발함느낌 ㅇㅇ,"ㅇㅇ(106.101) 2025.08.02 16:08:33
조회 24 추천 0 댓글 3",추천 0,조회 24,2025.08.02 16:08:33,https://gall.dcinside.com/mgallery/board/view/?id=skk&no=26639&page=1,기타 혐오,0.3820173442363739,0.3827117383480072,0.385150671005249,0.49379369616508484,0.3854382038116455,0.5108722448348999,0.45984992384910583,0.5867058634757996,0.5118879079818726,0.4272913336753845,0.49959084391593933
곧갑니다,,할게없어이제,"ㅇㅇ(106.101) 2025.08.02 11:55:37
조회 27 추천 0 댓글 3",추천 0,조회 27,2025.08.02 11:55:37,https://gall.dcinside.com/mgallery/board/view/?id=skk&no=26638&page=1,지역,0.3749130666255951,0.4259916841983795,0.44326433539390564,0.4342840313911438,0.3807319700717926,0.6110748052597046,0.5241974592208862,0.6098123788833618,0.532296895980835,0.40295493602752686,0.45422109961509705
기다릴게 언제라도,,출발할수잇도록,"ㅇㅇ(106.101) 2025.08.02 09:38:47
조회 22 추천 0 댓글 1",추천 0,조회 22,2025.08.02 09:38:47,https://gall.dcinside.com/mgallery/board/view/?id=skk&no=26637&page=1,지역,0.3795333206653595,0.43793782591819763,0.4187346398830414,0.4198690354824066,0.3751980662345886,0.6349952816963196,0.4696611166000366,0.6055480241775513,0.5307592153549194,0.37242817878723145,0.49029603600502014
내일은해물찜먹는날,,낄낄,"ㅇㅇ 2025.08.02 01:12:35
조회 29 추천 0 댓글 5",추천 0,조회 29,2025.08.02 01:12:35,https://gall.dcinside.com/mgallery/board/view/?id=skk&no=26636&page=1,기타 혐오,0.36015549302101135,0.4456663429737091,0.4314630925655365,0.5178468227386475,0.37401828169822693,0.5802651047706604,0.4671037495136261,0.6149763464927673,0.55769944190979,0.3197818994522095,0.5086141228675842
아 공수래공수거라고 답변할걸,,이게왜지금떠올랐지,"ㅇㅇ(106.101) 2025.08.02 00:53:47
조회 32 추천 0 댓글 3",추천 0,조회 32,2025.08.02 00:53:47,https://gall.dcinside.com/mgallery/board/view/?id=skk&no=26635&page=1,기타 혐오,0.36978715658187866,0.40381044149398804,0.4615190327167511,0.5301204323768616,0.3728184103965759,0.579570472240448,0.42719927430152893,0.607154130935669,0.5387276411056519,0.3824117183685303,0.4404052197933197
못생길수록 인터넷어서 어쩌고,,네,"ㅇㅇ 2025.08.02 00:47:48
조회 30 추천 0 댓글 2",추천 0,조회 30,2025.08.02 00:47:48,https://gall.dcinside.com/mgallery/board/view/?id=skk&no=26634&page=1,악플/욕설,0.33858147263526917,0.40912774205207825,0.42180371284484863,0.499750018119812,0.3673763871192932,0.5624522566795349,0.48384490609169006,0.5610883235931396,0.5642331838607788,0.3504825234413147,0.4857751429080963
공수 어케공부하면되냐,,"그냥 공식 외우면됨?
칼복때문에 공수1 공부중인데 파고들면서 공부하려니 시간 존나오래걸리네

그냥 미방푸는법 대충 외워두고 라플라스같은거 개념만 알면 공수2 하는데 문제없냐","ㅇㅇ(106.246) 2025.08.01 23:58:36
조회 41 추천 0 댓글 8",추천 0,조회 41,2025.08.01 23:58:36,https://gall.dcinside.com/mgallery/board/view/?id=skk&no=26633&page=1,기타 혐오,0.35250723361968994,0.4563285708427429,0.5930092334747314,0.4861275851726532,0.33834701776504517,0.5556424856185913,0.2919301390647888,0.5953909158706665,0.5206897258758545,0.44985345005989075,0.48247769474983215
이거 또 확률 건들엿네,,부정리롤 조사하라,"ㅇㅇ(59.22) 2025.08.01 23:25:18
조회 28 추천 0 댓글 5",추천 0,조회 28,2025.08.01 23:25:18,https://gall.dcinside.com/mgallery/board/view/?id=skk&no=26632&page=1,지역,0.3852039575576782,0.47460460662841797,0.40535250306129456,0.48082396388053894,0.4415677487850189,0.6003172993659973,0.4770820438861847,0.565265417098999,0.5491732954978943,0.3537965416908264,0.48687857389450073
자해볼까요,,자해 볼까요,"ㅇㅇ(106.101) 2025.08.01 21:09:37
조회 23 추천 0 댓글 0",추천 0,조회 23,2025.08.01 21:09:37,https://gall.dcinside.com/mgallery/board/view/?id=skk&no=26631&page=1,기타 혐오,0.3811262249946594,0.38310661911964417,0.4443463087081909,0.49735575914382935,0.35815322399139404,0.5566893219947815,0.40534546971321106,0.6479763388633728,0.4661020338535309,0.3877599537372589,0.4657135605812073
이번시즌 운없는이유알아냄,,절대안쓰이는 4코가 쥰내만아서 안겹친덱해도 원하는거 2성안붙음,"ㅇㅇ 2025.08.01 19:06:09
조회 28 추천 0 댓글 3",추천 0,조회 28,2025.08.01 19:06:09,https://gall.dcinside.com/mgallery/board/view/?id=skk&no=26630&page=1,기타 혐오,0.39595022797584534,0.4002440571784973,0.5742273926734924,0.5557395219802856,0.34544482827186584,0.48591870069503784,0.2904250919818878,0.5899967551231384,0.4883095920085907,0.4925960898399353,0.46393144130706787
오늘 맛있는만화많네,,기분짱,"ㅇㅇ(106.101) 2025.08.01 18:20:13
조회 28 추천 0 댓글 4",추천 0,조회 28,2025.08.01 18:20:13,https://gall.dcinside.com/mgallery/board/view/?id=skk&no=26629&page=1,기타 혐오,0.41451552510261536,0.47374048829078674,0.46561199426651,0.53072190284729,0.34772568941116333,0.5819321870803833,0.43884706497192383,0.6087740659713745,0.4941416382789612,0.3564637303352356,0.4916916787624359
전럽코안봄,,전성기시절 다까끼양제외,"ㅇㅇ 2025.08.01 18:00:43
조회 32 추천 0 댓글 4",추천 0,조회 32,2025.08.01 18:00:43,https://gall.dcinside.com/mgallery/board/view/?id=skk&no=26628&page=1,기타 혐오,0.34698522090911865,0.45505866408348083,0.45240873098373413,0.4668036997318268,0.37318408489227295,0.5642090439796448,0.4033210277557373,0.6286986470222473,0.4833703339099884,0.4100341498851776,0.3963731825351715
대학원에서도 만붕마위 가능한가요,,진지함,"ㅇㅇ(106.101) 2025.08.01 17:17:04
조회 36 추천 0 댓글 4",추천 0,조회 36,2025.08.01 17:17:04,https://gall.dcinside.com/mgallery/board/view/?id=skk&no=26627&page=1,기타 혐오,0.41520220041275024,0.409089595079422,0.4227437674999237,0.49891024827957153,0.31224116683006287,0.5711122155189514,0.42136049270629883,0.6622247695922852,0.5314701795578003,0.37577953934669495,0.48750558495521545
오늘도하나요,,로루체쓩,"ㅇㅇ 2025.08.01 16:04:10
조회 25 추천 0 댓글 2",추천 0,조회 25,2025.08.01 16:04:10,https://gall.dcinside.com/mgallery/board/view/?id=skk&no=26626&page=1,지역,0.38831207156181335,0.405206561088562,0.5171941518783569,0.5176083445549011,0.39372023940086365,0.6059920787811279,0.38175901770591736,0.6005751490592957,0.4467393159866333,0.39249616861343384,0.41085124015808105
아니 신데쿠레 죽을 사를 タヒ로쓰네,,가사 사이트에서 死んでくれ가 아니가 タヒんでくれ로 적혀잇음,"ㅇㅇ(106.101) 2025.08.01 13:38:23
조회 28 추천 0 댓글 2",추천 0,조회 28,2025.08.01 13:38:23,https://gall.dcinside.com/mgallery/board/view/?id=skk&no=26625&page=1,지역,0.37050238251686096,0.42052364349365234,0.4245535731315613,0.4308485686779022,0.3256097137928009,0.6233656406402588,0.47837260365486145,0.534637987613678,0.5706998705863953,0.39475271105766296,0.41201162338256836
오네가이 신데쿠레,,,"ㅇㅇ(106.101) 2025.08.01 13:32:02
조회 21 추천 0 댓글 0",추천 0,조회 21,2025.08.01 13:32:02,https://gall.dcinside.com/mgallery/board/view/?id=skk&no=26624&page=1,여성/가족,0.0,0.0,0.0,0.0,0.0,0.0,0.0,0.0,0.0,0.0,0.0
나라꼴 정상인데?,,네 ㅇㅇ..,"ㅇㅇ(106.101) 2025.08.01 12:10:01
조회 30 추천 0 댓글 3",추천 0,조회 30,2025.08.01 12:10:01,https://gall.dcinside.com/mgallery/board/view/?id=skk&no=26623&page=1,기타 혐오,0.3380848169326782,0.4004494249820709,0.45977237820625305,0.4743635058403015,0.35655856132507324,0.5775661468505859,0.511039137840271,0.5794552564620972,0.5030290484428406,0.41433197259902954,0.4739712178707123
나라꼴이 말이아니네요,,네,"ㅇㅇ 2025.08.01 11:44:44
조회 30 추천 0 댓글 4",추천 0,조회 30,2025.08.01 11:44:44,https://gall.dcinside.com/mgallery/board/view/?id=skk&no=26622&page=1,악플/욕설,0.33858147263526917,0.40912774205207825,0.42180371284484863,0.499750018119812,0.3673763871192932,0.5624522566795349,0.48384490609169006,0.5610883235931396,0.5642331838607788,0.3504825234413147,0.4857751429080963
내 위대함을 알았는가,,낄낄!,"ㅇㅇ 2025.08.01 00:52:27
조회 37 추천 0 댓글 7",추천 0,조회 37,2025.08.01 00:52:27,https://gall.dcinside.com/mgallery/board/view/?id=skk&no=26621&page=1,기타 혐오,0.36455947160720825,0.42623603343963623,0.4413369596004486,0.5204228758811951,0.3396604061126709,0.5818905830383301,0.46784359216690063,0.6232423782348633,0.5298498272895813,0.3365490138530731,0.4837827980518341
하자고오고오고오,,고오쓰,"ㅇㅇ(106.101) 2025.07.31 19:13:31
조회 27 추천 0 댓글 2",추천 0,조회 27,2025.07.31 19:13:31,https://gall.dcinside.com/mgallery/board/view/?id=skk&no=26620&page=1,지역,0.3733992278575897,0.43241751194000244,0.42267537117004395,0.45668572187423706,0.4108087420463562,0.6192898750305176,0.46627795696258545,0.587337076663971,0.5086596608161926,0.36073219776153564,0.47304925322532654
언제할가요,,네,"ㅇㅇ 2025.07.31 18:05:49
조회 40 추천 0 댓글 8",추천 0,조회 40,2025.07.31 18:05:49,https://gall.dcinside.com/mgallery/board/view/?id=skk&no=26619&page=1,악플/욕설,0.33858147263526917,0.40912774205207825,0.42180371284484863,0.499750018119812,0.3673763871192932,0.5624522566795349,0.48384490609169006,0.5610883235931396,0.5642331838607788,0.3504825234413147,0.4857751429080963
럴체할사럼,,럴체하자,"ㅇㅇ(106.101) 2025.07.31 15:08:00
조회 49 추천 0 댓글 9",추천 0,조회 49,2025.07.31 15:08:00,https://gall.dcinside.com/mgallery/board/view/?id=skk&no=26618&page=1,지역,0.36024561524391174,0.4448802173137665,0.4267497658729553,0.4692544937133789,0.3721567988395691,0.6233927607536316,0.47280076146125793,0.6020809412002563,0.4952225685119629,0.3584001660346985,0.48594599962234497
여기에 오뎅을 넣지 마란 법 있을까?,,,"성갤러(106.101) 2025.07.31 02:27:22
조회 39 추천 0 댓글 6",추천 0,조회 39,2025.07.31 02:27:22,https://gall.dcinside.com/mgallery/board/view/?id=skk&no=26617&page=1,여성/가족,0.0,0.0,0.0,0.0,0.0,0.0,0.0,0.0,0.0,0.0,0.0
그럼가서만나나요,,나도헬로우챗인가 그거해야하나,"ㅇㅇ(106.101) 2025.07.31 00:50:59
조회 40 추천 0 댓글 3",추천 0,조회 40,2025.07.31 00:50:59,https://gall.dcinside.com/mgallery/board/view/?id=skk&no=26616&page=1,지역,0.3646724820137024,0.43490070104599,0.4671594202518463,0.4283173084259033,0.3906536400318146,0.627023458480835,0.40344518423080444,0.5799368023872375,0.549658477306366,0.4458758234977722,0.4506920576095581
시발 네토후리가 어케 넷플릭스임,,어위가없네,"ㅇㅇ 2025.07.31 00:25:41
조회 49 추천 0 댓글 6",추천 0,조회 49,2025.07.31 00:25:41,https://gall.dcinside.com/mgallery/board/view/?id=skk&no=26615&page=1,지역,0.33403193950653076,0.4500415623188019,0.428993821144104,0.4414021670818329,0.39788252115249634,0.6361076235771179,0.49447160959243774,0.587800920009613,0.509965717792511,0.32744812965393066,0.5134154558181763
고기고기 가가기가가기고기,,고기먹고싶다,"ㅇㅇ 2025.07.30 23:36:45
조회 35 추천 0 댓글 3",추천 0,조회 35,2025.07.30 23:36:45,https://gall.dcinside.com/mgallery/board/view/?id=skk&no=26614&page=1,기타 혐오,0.3713928163051605,0.4677313268184662,0.42774465680122375,0.48570021986961365,0.39388564229011536,0.5845890045166016,0.4367924630641937,0.5907273888587952,0.49690645933151245,0.3639012575149536,0.5018026828765869
왜 우리나라는 남녀비가 1:5가 아닌거임.,,왜지.,"ㅇㅇ(106.101) 2025.07.30 20:36:38
조회 41 추천 0 댓글 4",추천 0,조회 41,2025.07.30 20:36:38,https://gall.dcinside.com/mgallery/board/view/?id=skk&no=26613&page=1,기타 혐오,0.3511844575405121,0.40899473428726196,0.3601379990577698,0.4781644344329834,0.333739310503006,0.5759503245353699,0.4321136772632599,0.6198078393936157,0.5179505348205566,0.40496891736984253,0.48411765694618225
고기묵자고 소리쳐,,꺄앙!!!!!!!!!!!!!!!!!!!!!!!!!!!!!!!!!!!,"ㅇㅇ 2025.07.30 17:33:29
조회 28 추천 0 댓글 1",추천 0,조회 28,2025.07.30 17:33:29,https://gall.dcinside.com/mgallery/board/view/?id=skk&no=26612&page=1,지역,0.36273977160453796,0.4102301597595215,0.4660567045211792,0.5086882710456848,0.3191335201263428,0.6160554885864258,0.48607170581817627,0.5995237231254578,0.5221606492996216,0.3848946988582611,0.45184358954429626
가지마가지마가지마~,,,"ㅇㅇ(106.101) 2025.07.30 16:21:42
조회 36 추천 0 댓글 2",추천 0,조회 36,2025.07.30 16:21:42,https://gall.dcinside.com/mgallery/board/view/?id=skk&no=26611&page=1,여성/가족,0.0,0.0,0.0,0.0,0.0,0.0,0.0,0.0,0.0,0.0,0.0
히잡슨년이 담배피네,,남편이 안때리나,"Raps 2025.07.30 14:40:58
조회 44 추천 0 댓글 5",추천 0,조회 44,2025.07.30 14:40:58,https://gall.dcinside.com/mgallery/board/view/?id=skk&no=26610&page=1,지역,0.41804957389831543,0.4234042167663574,0.38737985491752625,0.4438497722148895,0.39775949716567993,0.6192020773887634,0.42038020491600037,0.5295329093933105,0.5848849415779114,0.3315978944301605,0.5078648924827576
아주르 프로밀리아인가,,이거도 시비티하면 신청해봐야겟다,"ㅇㅇ(106.101) 2025.07.29 22:44:20
조회 23 추천 0 댓글 0",추천 0,조회 23,2025.07.29 22:44:20,https://gall.dcinside.com/mgallery/board/view/?id=skk&no=26609&page=1,기타 혐오,0.4021875858306885,0.381595641374588,0.47867417335510254,0.487448126077652,0.3148648142814636,0.5211406350135803,0.40461409091949463,0.6385664343833923,0.5227083563804626,0.39841005206108093,0.4105585515499115
놀자,,나랑놀래아니면똥쌀래,"ㅇㅇ 2025.07.29 21:43:47
조회 34 추천 0 댓글 6",추천 0,조회 34,2025.07.29 21:43:47,https://gall.dcinside.com/mgallery/board/view/?id=skk&no=26608&page=1,기타 혐오,0.36257320642471313,0.41619664430618286,0.424878865480423,0.4824209213256836,0.37603047490119934,0.5891684293746948,0.4754173457622528,0.6206380128860474,0.4972497820854187,0.34767431020736694,0.46515825390815735
엉덩이엉고기,,엉엉,"ㅇㅇ 2025.07.29 18:06:06
조회 32 추천 0 댓글 1",추천 0,조회 32,2025.07.29 18:06:06,https://gall.dcinside.com/mgallery/board/view/?id=skk&no=26607&page=2,기타 혐오,0.3563280403614044,0.39808693528175354,0.41643524169921875,0.49370425939559937,0.3837758004665375,0.6122687458992004,0.5240671634674072,0.6137660145759583,0.5756179094314575,0.3485475480556488,0.4385702311992645
야,,"드디어붙어서
좆깉은시험 ㅅㅂ년","Raps 2025.07.29 10:16:55
조회 59 추천 0 댓글 7",추천 0,조회 59,2025.07.29 10:16:55,https://gall.dcinside.com/mgallery/board/view/?id=skk&no=26606&page=2,기타 혐오,0.429411381483078,0.47401630878448486,0.4916837215423584,0.431208997964859,0.3121075928211212,0.468313068151474,0.34553098678588867,0.5749218463897705,0.5341975688934326,0.44323232769966125,0.39161866903305054
지금상황,,,"ㅇㅇ 2025.07.28 22:49:06
조회 31 추천 0 댓글 2",추천 0,조회 31,2025.07.28 22:49:06,https://gall.dcinside.com/mgallery/board/view/?id=skk&no=26605&page=2,여성/가족,0.0,0.0,0.0,0.0,0.0,0.0,0.0,0.0,0.0,0.0,0.0
하자,,시요오,"ㅇㅇ 2025.07.28 18:23:05
조회 29 추천 0 댓글 4",추천 0,조회 29,2025.07.28 18:23:05,https://gall.dcinside.com/mgallery/board/view/?id=skk&no=26604&page=2,기타 혐오,0.3335803747177124,0.40805894136428833,0.42407023906707764,0.4340769946575165,0.38488849997520447,0.5888805985450745,0.48132675886154175,0.5999117493629456,0.543577253818512,0.3737863600254059,0.4529492259025574
마이크키고하자,,그럼재밋을듯,"ㅇㅇ 2025.07.28 10:18:20
조회 34 추천 0 댓글 4",추천 0,조회 34,2025.07.28 10:18:20,https://gall.dcinside.com/mgallery/board/view/?id=skk&no=26603&page=2,기타 혐오,0.4174880385398865,0.4344504773616791,0.3840707242488861,0.518729031085968,0.391198992729187,0.609764039516449,0.41781142354011536,0.6145702600479126,0.5339502692222595,0.38414090871810913,0.4521896541118622
닉네임 한국어니까,,"1번이 이게 디시지 감성으로 시비검
이게 조센징인가","성갤러(121.136) 2025.07.27 23:53:05
조회 41 추천 0 댓글 6",추천 0,조회 41,2025.07.27 23:53:05,https://gall.dcinside.com/mgallery/board/view/?id=skk&no=26602&page=2,지역,0.416643887758255,0.48138803243637085,0.3705061674118042,0.5041354894638062,0.3325890302658081,0.6150224804878235,0.44421982765197754,0.5670282244682312,0.5606999397277832,0.4115472137928009,0.49535849690437317
응가응가응가,,똥,"ㅇㅇ 2025.07.27 19:43:38
조회 36 추천 0 댓글 8",추천 0,조회 36,2025.07.27 19:43:38,https://gall.dcinside.com/mgallery/board/view/?id=skk&no=26601&page=2,기타 혐오,0.3542099595069885,0.41732195019721985,0.39347586035728455,0.5597769021987915,0.40072938799858093,0.5575047135353088,0.47889313101768494,0.6105090379714966,0.5614016652107239,0.3569784462451935,0.482513427734375
윤회란 있는가,,있다면 망설임 없이 가노라,"ㅇㅇ(211.234) 2025.07.27 16:22:00
조회 26 추천 0 댓글 1",추천 0,조회 26,2025.07.27 16:22:00,https://gall.dcinside.com/mgallery/board/view/?id=skk&no=26600&page=2,지역,0.3549460768699646,0.4562849998474121,0.43069398403167725,0.43474218249320984,0.30908048152923584,0.6233781576156616,0.4687977135181427,0.6218694448471069,0.4571613371372223,0.3832385838031769,0.4417269229888916
똥똥똥,,응가,"ㅇㅇ 2025.07.27 13:58:16
조회 29 추천 0 댓글 2",추천 0,조회 29,2025.07.27 13:58:16,https://gall.dcinside.com/mgallery/board/view/?id=skk&no=26599&page=2,기타 혐오,0.34085139632225037,0.4124901592731476,0.4142998456954956,0.48089414834976196,0.38789477944374084,0.583014726638794,0.5217923521995544,0.6157652139663696,0.5253216624259949,0.3652297854423523,0.4472928047180176
경쟁전이 12시까지라뇨,,,"성갤러(121.136) 2025.07.27 00:15:04
조회 24 추천 0 댓글 1",추천 0,조회 24,2025.07.27 00:15:04,https://gall.dcinside.com/mgallery/board/view/?id=skk&no=26598&page=2,여성/가족,0.0,0.0,0.0,0.0,0.0,0.0,0.0,0.0,0.0,0.0,0.0
츠케멘묵자고,,2트째,"ㅇㅇ 2025.07.26 22:40:49
조회 21 추천 0 댓글 3",추천 0,조회 21,2025.07.26 22:40:49,https://gall.dcinside.com/mgallery/board/view/?id=skk&no=26597&page=2,지역,0.3332255184650421,0.4531957507133484,0.42919212579727173,0.46234986186027527,0.4071386456489563,0.6185585856437683,0.47010931372642517,0.5561984181404114,0.5599337220191956,0.375437468290329,0.5101420879364014
음 그래그래,,이게 나야,"성갤러(121.136) 2025.07.26 19:33:12
조회 34 추천 0 댓글 6",추천 0,조회 34,2025.07.26 19:33:12,https://gall.dcinside.com/mgallery/board/view/?id=skk&no=26596&page=2,기타 혐오,0.4033937156200409,0.4173729121685028,0.39394840598106384,0.5077419877052307,0.3711683452129364,0.6014973521232605,0.5154123306274414,0.6067371964454651,0.58982253074646,0.35578954219818115,0.4685276448726654
나도 털바퀴가되고싶다,,,"ㅇㅇ(106.101) 2025.07.26 16:42:29
조회 27 추천 0 댓글 2",추천 0,조회 27,2025.07.26 16:42:29,https://gall.dcinside.com/mgallery/board/view/?id=skk&no=26595&page=2,여성/가족,0.0,0.0,0.0,0.0,0.0,0.0,0.0,0.0,0.0,0.0,0.0
시발롬아,,나도시켜줘잉,"ㅇㅇ 2025.07.26 15:44:24
조회 32 추천 0 댓글 4",추천 0,조회 32,2025.07.26 15:44:24,https://gall.dcinside.com/mgallery/board/view/?id=skk&no=26594&page=2,지역,0.45979297161102295,0.38216432929039,0.4244186282157898,0.4305620789527893,0.4056909382343292,0.6553630828857422,0.45745187997817993,0.6249626278877258,0.5192761421203613,0.3756559193134308,0.5037857890129089
난 이게 배그보다 재밋다,,,"성갤러(121.136) 2025.07.26 02:18:24
조회 24 추천 0 댓글 2",추천 0,조회 24,2025.07.26 02:18:24,https://gall.dcinside.com/mgallery/board/view/?id=skk&no=26593&page=2,여성/가족,0.0,0.0,0.0,0.0,0.0,0.0,0.0,0.0,0.0,0.0,0.0
핑은 내가 아시아서버가 아니엇다는사실,,35핑이네요,"성갤러(121.136) 2025.07.26 01:33:05
조회 18 추천 0 댓글 0",추천 0,조회 18,2025.07.26 01:33:05,https://gall.dcinside.com/mgallery/board/view/?id=skk&no=26592&page=2,기타 혐오,0.3692948520183563,0.43268734216690063,0.4266357123851776,0.49213969707489014,0.37880492210388184,0.5491794943809509,0.46459975838661194,0.613536536693573,0.5310683250427246,0.3638167977333069,0.45465749502182007
얼마나 재밋으면,,글을 3개나 썻겟어,"ㅇㅇ 2025.07.25 20:28:42
조회 23 추천 0 댓글 1",추천 0,조회 23,2025.07.25 20:28:42,https://gall.dcinside.com/mgallery/board/view/?id=skk&no=26591&page=2,기타 혐오,0.3459247648715973,0.3982129693031311,0.4240849018096924,0.4882594645023346,0.3738718032836914,0.584628701210022,0.47837817668914795,0.6480889320373535,0.48872217535972595,0.4162154793739319,0.4603215456008911
이거 초대되기는 하는데,,초대하면 님 할거임?,"성갤러(121.136) 2025.07.25 20:13:27
조회 27 추천 0 댓글 1",추천 0,조회 27,2025.07.25 20:13:27,https://gall.dcinside.com/mgallery/board/view/?id=skk&no=26590&page=2,지역,0.35473597049713135,0.40520063042640686,0.38944852352142334,0.4553729295730591,0.3476535677909851,0.5761878490447998,0.4000832140445709,0.5743510127067566,0.525324285030365,0.41557246446609497,0.4527086019515991
근데 핑이,,어머없네,"성갤러(121.136) 2025.07.25 20:05:54
조회 19 추천 0 댓글 0",추천 0,조회 19,2025.07.25 20:05:54,https://gall.dcinside.com/mgallery/board/view/?id=skk&no=26589&page=2,지역,0.3702424466609955,0.41482144594192505,0.3925320506095886,0.494135320186615,0.3930177688598633,0.6107789278030396,0.5336988568305969,0.5960685014724731,0.5551475286483765,0.33900466561317444,0.5419703125953674
개호감이네 일단 그래픽이 내가,,"원하던 그래픽이야
근데 먼템을 쳐먹는지는 모르겟음","성갤러(121.136) 2025.07.25 20:02:16
조회 19 추천 0 댓글 0",추천 0,조회 19,2025.07.25 20:02:16,https://gall.dcinside.com/mgallery/board/view/?id=skk&no=26588&page=2,기타 혐오,0.39951416850090027,0.40818482637405396,0.5085245370864868,0.529131293296814,0.40845799446105957,0.5060238242149353,0.32547727227211,0.5382568836212158,0.49242281913757324,0.4727115035057068,0.41093939542770386
놀자,,자놀,"ㅇㅇ 2025.07.25 19:39:48
조회 20 추천 0 댓글 1",추천 0,조회 20,2025.07.25 19:39:48,https://gall.dcinside.com/mgallery/board/view/?id=skk&no=26587&page=2,지역,0.35934242606163025,0.42386478185653687,0.4157786965370178,0.444375604391098,0.37889090180397034,0.594761073589325,0.4941885769367218,0.5739379525184631,0.5422429442405701,0.33651021122932434,0.5136590003967285
리유나이생각하면,,저랑동갑인데요,"ㅇㅇ 2025.07.25 13:58:14
조회 31 추천 0 댓글 2",추천 0,조회 31,2025.07.25 13:58:14,https://gall.dcinside.com/mgallery/board/view/?id=skk&no=26586&page=2,기타 혐오,0.36527809500694275,0.3603077232837677,0.43695101141929626,0.47759345173835754,0.3583444356918335,0.5658907294273376,0.5080544948577881,0.6396182179450989,0.5659777522087097,0.34121236205101013,0.5169494152069092
시비티당첨댐,,,"ㅇㅇ(106.101) 2025.07.25 12:41:41
조회 37 추천 0 댓글 3",추천 0,조회 37,2025.07.25 12:41:41,https://gall.dcinside.com/mgallery/board/view/?id=skk&no=26585&page=2,여성/가족,0.0,0.0,0.0,0.0,0.0,0.0,0.0,0.0,0.0,0.0,0.0
리유 나이 생각하면 마을버스급아닌가,,아님말고,"Raps 2025.07.25 02:30:50
조회 67 추천 0 댓글 5",추천 0,조회 67,2025.07.25 02:30:50,https://gall.dcinside.com/mgallery/board/view/?id=skk&no=26584&page=2,기타 혐오,0.3329724967479706,0.4068881571292877,0.42581021785736084,0.4983811378479004,0.35865527391433716,0.5869008302688599,0.4665556848049164,0.6119090914726257,0.5809725522994995,0.3663002848625183,0.4671555757522583
치킨먹고싶군.,,네.,"ㅇㅇ 2025.07.24 20:25:53
조회 35 추천 0 댓글 4",추천 0,조회 35,2025.07.24 20:25:53,https://gall.dcinside.com/mgallery/board/view/?id=skk&no=26583&page=2,기타 혐오,0.32535994052886963,0.39410653710365295,0.42807120084762573,0.4966970980167389,0.32470211386680603,0.5567031502723694,0.5026568174362183,0.5711089968681335,0.5298295021057129,0.38002628087997437,0.47283706068992615
님아ㅈ됨,,https://m.dcinside.com/board/dcbest/350101,"ㅇㅇ 2025.07.24 18:10:12
조회 56 추천 0 댓글 14",추천 0,조회 56,2025.07.24 18:10:12,https://gall.dcinside.com/mgallery/board/view/?id=skk&no=26582&page=2,기타 혐오,0.37133219838142395,0.37674543261528015,0.5671924352645874,0.4565824270248413,0.309113472700119,0.4536500871181488,0.3557800054550171,0.5990451574325562,0.5330272912979126,0.40781328082084656,0.4184620678424835
케데헌 좆같은이유,,"김치워리어mk2 만든다고 스파이더맨 애니 밀림
니애미","Raps 2025.07.24 00:39:27
조회 49 추천 0 댓글 2",추천 0,조회 49,2025.07.24 00:39:27,https://gall.dcinside.com/mgallery/board/view/?id=skk&no=26581&page=2,기타 혐오,0.3733947277069092,0.4001386761665344,0.5172712206840515,0.48964133858680725,0.3365650475025177,0.47750112414360046,0.3370494246482849,0.5905998945236206,0.5155895352363586,0.4337928593158722,0.43579548597335815
케데헌 잼잇음?,,보신분,"ㅇㅇ 2025.07.23 23:17:06
조회 28 추천 0 댓글 2",추천 0,조회 28,2025.07.23 23:17:06,https://gall.dcinside.com/mgallery/board/view/?id=skk&no=26580&page=2,기타 혐오,0.40249335765838623,0.43728411197662354,0.4121206998825073,0.5087798833847046,0.41416341066360474,0.5758533477783203,0.4467999339103699,0.6109979152679443,0.5198596119880676,0.3954354524612427,0.48662978410720825
결국 주인공입학전 스토리 나오네요,,초록이를 살리려는 똥꼬쇼,"ㅇㅇ 2025.07.23 20:19:53
조회 30 추천 0 댓글 5",추천 0,조회 30,2025.07.23 20:19:53,https://gall.dcinside.com/mgallery/board/view/?id=skk&no=26579&page=2,기타 혐오,0.3668728470802307,0.45668283104896545,0.46825796365737915,0.46553096175193787,0.35116469860076904,0.5849405527114868,0.43517249822616577,0.6236957311630249,0.4834713637828827,0.3902303874492645,0.4663214385509491
님아 이번 N2에,,"기상, 귀성 물어보는문제 각각 총2개 나왓대요

러브라이브보면 자다가도 떡이생긴다

네","ㅇㅇ 2025.07.22 22:25:58
조회 31 추천 0 댓글 3",추천 0,조회 31,2025.07.22 22:25:58,https://gall.dcinside.com/mgallery/board/view/?id=skk&no=26578&page=2,기타 혐오,0.3726828098297119,0.4056706130504608,0.5613206624984741,0.45596593618392944,0.36035868525505066,0.5446953773498535,0.3785502314567566,0.5806620717048645,0.48804721236228943,0.45832765102386475,0.43285125494003296
1킬당미션받습니다,,,"성갤러(115.23) 2025.07.22 01:42:39
조회 33 추천 0 댓글 1",추천 0,조회 33,2025.07.22 01:42:39,https://gall.dcinside.com/mgallery/board/view/?id=skk&no=26577&page=2,여성/가족,0.0,0.0,0.0,0.0,0.0,0.0,0.0,0.0,0.0,0.0,0.0
94년작이라 뻔한건가,,그땐 참신햇던거겟죠,"ㅇㅇ 2025.07.21 23:44:04
조회 28 추천 0 댓글 2",추천 0,조회 28,2025.07.21 23:44:04,https://gall.dcinside.com/mgallery/board/view/?id=skk&no=26576&page=2,기타 혐오,0.37729907035827637,0.3758542835712433,0.4002441465854645,0.4485260248184204,0.31189748644828796,0.49555709958076477,0.4192770719528198,0.6420175433158875,0.4972366392612457,0.3992227017879486,0.4283462464809418
엉생묵자,,예상답변) 2045년부터가능,"ㅇㅇ 2025.07.21 15:42:39
조회 42 추천 0 댓글 8",추천 0,조회 42,2025.07.21 15:42:39,https://gall.dcinside.com/mgallery/board/view/?id=skk&no=26575&page=2,기타 혐오,0.40214356780052185,0.38135942816734314,0.5103000998497009,0.4469517767429352,0.37395793199539185,0.5323758125305176,0.42664530873298645,0.6541875004768372,0.46135014295578003,0.40932944416999817,0.4099576771259308
자이자이자슥아,,,"ㅇㅇ(106.101) 2025.07.20 18:46:38
조회 36 추천 0 댓글 3",추천 0,조회 36,2025.07.20 18:46:38,https://gall.dcinside.com/mgallery/board/view/?id=skk&no=26574&page=2,여성/가족,0.0,0.0,0.0,0.0,0.0,0.0,0.0,0.0,0.0,0.0,0.0
요즘진짜할게없다,,이정도로없던적이없음.,"ㅇㅇ(106.101) 2025.07.20 16:23:20
조회 35 추천 0 댓글 4",추천 0,조회 35,2025.07.20 16:23:20,https://gall.dcinside.com/mgallery/board/view/?id=skk&no=26573&page=2,기타 혐오,0.3437764048576355,0.3842005431652069,0.4316101372241974,0.44592124223709106,0.3534288704395294,0.548616349697113,0.4855313003063202,0.5845982432365417,0.510714054107666,0.39118489623069763,0.45440539717674255
재명지원금으로 츠케멘?,,가능한가요?,"ㅇㅇ(106.101) 2025.07.20 15:13:06
조회 35 추천 0 댓글 3",추천 0,조회 35,2025.07.20 15:13:06,https://gall.dcinside.com/mgallery/board/view/?id=skk&no=26572&page=2,지역,0.3920625150203705,0.3987419903278351,0.46366065740585327,0.4834369122982025,0.43821069598197937,0.5887250900268555,0.4729527533054352,0.568981945514679,0.49570366740226746,0.4057372510433197,0.4919763505458832
츠케멘먹으러가자,,어떤데,"ㅇㅇ 2025.07.19 23:08:31
조회 31 추천 0 댓글 2",추천 0,조회 31,2025.07.19 23:08:31,https://gall.dcinside.com/mgallery/board/view/?id=skk&no=26571&page=2,기타 혐오,0.3553818166255951,0.410754531621933,0.3728361129760742,0.4522385001182556,0.39887911081314087,0.5581180453300476,0.5249940752983093,0.6101043820381165,0.5430037379264832,0.36821216344833374,0.4337221384048462
놉시다,,네,"ㅇㅇ 2025.07.19 21:02:57
조회 34 추천 0 댓글 4",추천 0,조회 34,2025.07.19 21:02:57,https://gall.dcinside.com/mgallery/board/view/?id=skk&no=26570&page=2,악플/욕설,0.33858147263526917,0.40912774205207825,0.42180371284484863,0.499750018119812,0.3673763871192932,0.5624522566795349,0.48384490609169006,0.5610883235931396,0.5642331838607788,0.3504825234413147,0.4857751429080963
지역인재 7급 << 이건가요,,졸업해도 추천받아진다는데,"ㅇㅇ(106.101) 2025.07.19 20:20:46
조회 91 추천 0 댓글 6",추천 0,조회 91,2025.07.19 20:20:46,https://gall.dcinside.com/mgallery/board/view/?id=skk&no=26569&page=2,기타 혐오,0.37256428599357605,0.37674179673194885,0.43972697854042053,0.5188616514205933,0.40356016159057617,0.5484931468963623,0.44785618782043457,0.5987341403961182,0.5364871025085449,0.40936774015426636,0.44017621874809265
이번학기하고 휴학할까,,4-2까지 가면 지역인재 못받는다고함,"Raps 2025.07.19 19:58:36
조회 66 추천 0 댓글 4",추천 0,조회 66,2025.07.19 19:58:36,https://gall.dcinside.com/mgallery/board/view/?id=skk&no=26568&page=2,기타 혐오,0.36000749468803406,0.43973827362060547,0.46665889024734497,0.46328356862068176,0.39922475814819336,0.5755329728126526,0.4533761739730835,0.6015252470970154,0.5708210468292236,0.4044651389122009,0.4978788197040558
아 헬스 진짜 재미없네,,발전도 없고 뭐 걍 딸딸이치고 누워자는게 이득인듯,"Raps 2025.07.19 19:41:09
조회 57 추천 0 댓글 4",추천 0,조회 57,2025.07.19 19:41:09,https://gall.dcinside.com/mgallery/board/view/?id=skk&no=26567&page=2,지역,0.34975460171699524,0.4218711256980896,0.4513048827648163,0.456788569688797,0.37212425470352173,0.5856941938400269,0.44158750772476196,0.5658358335494995,0.4691741168498993,0.421392560005188,0.4295014441013336
저녁추천해보라이,,네,"ㅇㅇ 2025.07.19 17:58:00
조회 36 추천 0 댓글 4",추천 0,조회 36,2025.07.19 17:58:00,https://gall.dcinside.com/mgallery/board/view/?id=skk&no=26566&page=2,악플/욕설,0.33858147263526917,0.40912774205207825,0.42180371284484863,0.499750018119812,0.3673763871192932,0.5624522566795349,0.48384490609169006,0.5610883235931396,0.5642331838607788,0.3504825234413147,0.4857751429080963
똥,,드삼,"ㅇㅇ 2025.07.19 15:51:38
조회 29 추천 0 댓글 2",추천 0,조회 29,2025.07.19 15:51:38,https://gall.dcinside.com/mgallery/board/view/?id=skk&no=26565&page=2,지역,0.40052229166030884,0.44734451174736023,0.3743880093097687,0.43205487728118896,0.4646678566932678,0.6175739169120789,0.467267245054245,0.559794008731842,0.5225460529327393,0.3797285854816437,0.4883385896682739
만붕마위의 주인공이되고싶다,,,"ㅇㅇ(106.101) 2025.07.18 23:47:57
조회 23 추천 0 댓글 1",추천 0,조회 23,2025.07.18 23:47:57,https://gall.dcinside.com/mgallery/board/view/?id=skk&no=26564&page=2,여성/가족,0.0,0.0,0.0,0.0,0.0,0.0,0.0,0.0,0.0,0.0,0.0
심심하다,,네,"ㅇㅇ 2025.07.18 21:43:43
조회 30 추천 0 댓글 6",추천 0,조회 30,2025.07.18 21:43:43,https://gall.dcinside.com/mgallery/board/view/?id=skk&no=26563&page=2,악플/욕설,0.33858147263526917,0.40912774205207825,0.42180371284484863,0.499750018119812,0.3673763871192932,0.5624522566795349,0.48384490609169006,0.5610883235931396,0.5642331838607788,0.3504825234413147,0.4857751429080963
이거 진짜에요?,,ㄷㄷㄷ,"성갤러(115.23) 2025.07.18 19:33:05
조회 25 추천 0 댓글 0",추천 0,조회 25,2025.07.18 19:33:05,https://gall.dcinside.com/mgallery/board/view/?id=skk&no=26562&page=2,지역,0.3814716041088104,0.4197629392147064,0.4365203380584717,0.5650784969329834,0.44384855031967163,0.592296838760376,0.48232272267341614,0.5820046663284302,0.5788798332214355,0.36436259746551514,0.5446783304214478
모기가 발만물엇어,,,"ㅇㅇ(106.101) 2025.07.17 18:44:44
조회 30 추천 0 댓글 2",추천 0,조회 30,2025.07.17 18:44:44,https://gall.dcinside.com/mgallery/board/view/?id=skk&no=26561&page=2,여성/가족,0.0,0.0,0.0,0.0,0.0,0.0,0.0,0.0,0.0,0.0,0.0
첫사건까지 3.4시간,,힘드니까 이제 자야지,"ㅇㅇ 2025.07.17 00:17:17
조회 31 추천 0 댓글 1",추천 0,조회 31,2025.07.17 00:17:17,https://gall.dcinside.com/mgallery/board/view/?id=skk&no=26560&page=2,지역,0.39031052589416504,0.4715581238269806,0.41180577874183655,0.4432767331600189,0.4439123570919037,0.653903067111969,0.45640823245048523,0.5635168552398682,0.5159397125244141,0.3582228720188141,0.5086645483970642
카메라 맞잔아 이생귀ㅏ양,,그런흐름으로 가고잇아ㅓ요,"ㅇㅇ 2025.07.16 23:56:50
조회 32 추천 0 댓글 7",추천 0,조회 32,2025.07.16 23:56:50,https://gall.dcinside.com/mgallery/board/view/?id=skk&no=26559&page=2,지역,0.3847728371620178,0.38195809721946716,0.34293532371520996,0.4379041790962219,0.36573636531829834,0.6055171489715576,0.4796873927116394,0.5743877291679382,0.5443392992019653,0.42607635259628296,0.42258089780807495
아 스 바,,ㅁㅡ모기,"ㅇㅇ(106.101) 2025.07.16 23:19:40
조회 28 추천 0 댓글 3",추천 0,조회 28,2025.07.16 23:19:40,https://gall.dcinside.com/mgallery/board/view/?id=skk&no=26558&page=2,기타 혐오,0.35499900579452515,0.4124928414821625,0.4130985140800476,0.5163951516151428,0.3912205696105957,0.5507232546806335,0.4525190591812134,0.6030104756355286,0.5522763729095459,0.3612750768661499,0.47336140275001526
온난화때매 장마없어졋다고,,염병호들갑떨더만 일주일내내비온다하노,"ㅇㅇ 2025.07.16 11:18:58
조회 31 추천 0 댓글 1",추천 0,조회 31,2025.07.16 11:18:58,https://gall.dcinside.com/mgallery/board/view/?id=skk&no=26557&page=3,지역,0.35586321353912354,0.46827876567840576,0.47795405983924866,0.5422237515449524,0.4275263845920563,0.6503718495368958,0.46285152435302734,0.602531909942627,0.5674301981925964,0.4319906234741211,0.5063326954841614
어제말한거 누가햇네,,,"ㅇㅇ 2025.07.16 09:10:16
조회 25 추천 0 댓글 1",추천 0,조회 25,2025.07.16 09:10:16,https://gall.dcinside.com/mgallery/board/view/?id=skk&no=26556&page=3,여성/가족,0.0,0.0,0.0,0.0,0.0,0.0,0.0,0.0,0.0,0.0,0.0
고물로이드 하마양 분양받고싶다,,네,"ㅇㅇ(106.101) 2025.07.16 01:16:53
조회 34 추천 0 댓글 3",추천 0,조회 34,2025.07.16 01:16:53,https://gall.dcinside.com/mgallery/board/view/?id=skk&no=26555&page=3,악플/욕설,0.33858147263526917,0.40912774205207825,0.42180371284484863,0.499750018119812,0.3673763871192932,0.5624522566795349,0.48384490609169006,0.5610883235931396,0.5642331838607788,0.3504825234413147,0.4857751429080963
놀장께,,산책하장께,"ㅇㅇ 2025.07.15 20:15:21
조회 44 추천 0 댓글 21",추천 0,조회 44,2025.07.15 20:15:21,https://gall.dcinside.com/mgallery/board/view/?id=skk&no=26554&page=3,기타 혐오,0.3660736382007599,0.4149741530418396,0.44150614738464355,0.4318946301937103,0.40370261669158936,0.5788370370864868,0.48212042450904846,0.6398359537124634,0.5149936676025391,0.3536851406097412,0.4671974182128906
제 세대는 이건데,,네,"ㅇㅇ 2025.07.15 09:10:05
조회 35 추천 0 댓글 3",추천 0,조회 35,2025.07.15 09:10:05,https://gall.dcinside.com/mgallery/board/view/?id=skk&no=26553&page=3,악플/욕설,0.33858147263526917,0.40912774205207825,0.42180371284484863,0.499750018119812,0.3673763871192932,0.5624522566795349,0.48384490609169006,0.5610883235931396,0.5642331838607788,0.3504825234413147,0.4857751429080963
윈드슬레이어 << 이거 이틀뒤에 재출시됨,,,"Raps 2025.07.15 03:53:00
조회 57 추천 0 댓글 4",추천 0,조회 57,2025.07.15 03:53:00,https://gall.dcinside.com/mgallery/board/view/?id=skk&no=26552&page=3,여성/가족,0.0,0.0,0.0,0.0,0.0,0.0,0.0,0.0,0.0,0.0,0.0
배고프다고요,,네,"ㅇㅇ 2025.07.14 22:37:23
조회 32 추천 0 댓글 5",추천 0,조회 32,2025.07.14 22:37:23,https://gall.dcinside.com/mgallery/board/view/?id=skk&no=26551&page=3,악플/욕설,0.33858147263526917,0.40912774205207825,0.42180371284484863,0.499750018119812,0.3673763871192932,0.5624522566795349,0.48384490609169006,0.5610883235931396,0.5642331838607788,0.3504825234413147,0.4857751429080963
맞짱뜨자,,ㅇㅇ,"ㅇㅇ 2025.07.14 18:00:53
조회 31 추천 0 댓글 2",추천 0,조회 31,2025.07.14 18:00:53,https://gall.dcinside.com/mgallery/board/view/?id=skk&no=26550&page=3,악플/욕설,0.3527768552303314,0.391679584980011,0.38230881094932556,0.4645081162452698,0.37009358406066895,0.5333956480026245,0.5120194554328918,0.5743261575698853,0.5922943353652954,0.3613134026527405,0.4554268717765808
일드를 얼마나좋아하면,,일드추천키워드타고오죠,"ㅇㅇ 2025.07.14 17:41:59
조회 40 추천 0 댓글 2",추천 0,조회 40,2025.07.14 17:41:59,https://gall.dcinside.com/mgallery/board/view/?id=skk&no=26549&page=3,기타 혐오,0.3476808965206146,0.40833380818367004,0.44094905257225037,0.4430237114429474,0.44753631949424744,0.5882958173751831,0.468247652053833,0.5975204706192017,0.5518620014190674,0.3530953526496887,0.45357605814933777
아 만갤에서 잘 보던 만화,,어매터진 회사가 또 지랄하네,"ㅇㅇ(106.101) 2025.07.14 13:49:38
조회 41 추천 0 댓글 4",추천 0,조회 41,2025.07.14 13:49:38,https://gall.dcinside.com/mgallery/board/view/?id=skk&no=26548&page=3,기타 혐오,0.3822321891784668,0.43792933225631714,0.37786611914634705,0.45297980308532715,0.3974449336528778,0.5940936207771301,0.5082729458808899,0.6224281191825867,0.49957770109176636,0.4239026606082916,0.48244351148605347
일드추천하세요,,네,"ㅇㅇ 2025.07.14 01:34:26
조회 50 추천 0 댓글 4",추천 0,조회 50,2025.07.14 01:34:26,https://gall.dcinside.com/mgallery/board/view/?id=skk&no=26547&page=3,악플/욕설,0.33858147263526917,0.40912774205207825,0.42180371284484863,0.499750018119812,0.3673763871192932,0.5624522566795349,0.48384490609169006,0.5610883235931396,0.5642331838607788,0.3504825234413147,0.4857751429080963
불닭먹기 vs 참기,,참기름,"ㅇㅇ 2025.07.13 22:54:23
조회 33 추천 0 댓글 1",추천 0,조회 33,2025.07.13 22:54:23,https://gall.dcinside.com/mgallery/board/view/?id=skk&no=26546&page=3,기타 혐오,0.3761339485645294,0.4307693839073181,0.38103917241096497,0.4908319115638733,0.37316712737083435,0.5825395584106445,0.4485875964164734,0.6073988676071167,0.5330493450164795,0.3473221957683563,0.47774776816368103
습도인지 온도인지,,너무덥다더워,"성갤러(115.23) 2025.07.13 21:34:02
조회 37 추천 0 댓글 2",추천 0,조회 37,2025.07.13 21:34:02,https://gall.dcinside.com/mgallery/board/view/?id=skk&no=26545&page=3,지역,0.3453490138053894,0.4744013845920563,0.4290632903575897,0.5183343291282654,0.44545844197273254,0.7043886184692383,0.4461759626865387,0.5319681167602539,0.5075428485870361,0.35836899280548096,0.5746331810951233
심심하다고요,,,"ㅇㅇ 2025.07.13 21:22:58
조회 47 추천 0 댓글 5",추천 0,조회 47,2025.07.13 21:22:58,https://gall.dcinside.com/mgallery/board/view/?id=skk&no=26544&page=3,여성/가족,0.0,0.0,0.0,0.0,0.0,0.0,0.0,0.0,0.0,0.0,0.0
왔어요 왔다구요,,꾸러기닌자가~,"ㅇㅇ(106.101) 2025.07.13 19:30:54
조회 35 추천 0 댓글 3",추천 0,조회 35,2025.07.13 19:30:54,https://gall.dcinside.com/mgallery/board/view/?id=skk&no=26543&page=3,기타 혐오,0.4293908178806305,0.41210493445396423,0.4076484739780426,0.43507057428359985,0.3307504951953888,0.5513067841529846,0.42505428194999695,0.6392398476600647,0.5051882266998291,0.38179412484169006,0.4616912007331848
이기적인 놈,,"이기적인놈. 나라가 망해도 좋다 이거냐?

폐경 5년 앞둔 30중반 한국여자랑 결혼해서 시험관에 수천써서 장애아 낳을까 조마조마하며 아이 둘 낳고 용돈30으로 버텨가며 평생 주담대 갚고 사교육비에 탕진하다 노년에 이혼당해 전재산 다 뺏기고 70에 죽는게 진정한 행복이란 말이다","ㅇㅇ(39.7) 2025.07.13 18:14:01
조회 58 추천 3 댓글 1",추천 3,조회 58,2025.07.13 18:14:01,https://gall.dcinside.com/mgallery/board/view/?id=skk&no=26542&page=3,악플/욕설,0.4314723610877991,0.4659457802772522,0.5471925735473633,0.4469052255153656,0.27525731921195984,0.47273996472358704,0.3270536959171295,0.5244793891906738,0.5570520758628845,0.4597277343273163,0.39392539858818054
에혀,,쿠소쿠라에,"ㅇㅇ(106.101) 2025.07.13 13:16:08
조회 36 추천 0 댓글 2",추천 0,조회 36,2025.07.13 13:16:08,https://gall.dcinside.com/mgallery/board/view/?id=skk&no=26541&page=3,지역,0.3953716456890106,0.4471942186355591,0.427129328250885,0.4551124572753906,0.5199240446090698,0.640394389629364,0.4729958474636078,0.5695889592170715,0.5379711389541626,0.43096598982810974,0.5193364024162292
이기적인놈 어쩌구 << 요즘 개쳐웃긴거,,맨날 보이는데 걍 보이면 웃김,"Raps 2025.07.13 02:45:30
조회 77 추천 0 댓글 3",추천 0,조회 77,2025.07.13 02:45:30,https://gall.dcinside.com/mgallery/board/view/?id=skk&no=26540&page=3,지역,0.47819632291793823,0.4604509770870209,0.4215080142021179,0.5409046411514282,0.47061261534690857,0.6949512362480164,0.42094656825065613,0.6185899376869202,0.518535315990448,0.3940202295780182,0.532597541809082
개임추천좀요,,네,"ㅇㅇ 2025.07.12 22:07:02
조회 33 추천 0 댓글 2",추천 0,조회 33,2025.07.12 22:07:02,https://gall.dcinside.com/mgallery/board/view/?id=skk&no=26539&page=3,악플/욕설,0.33858147263526917,0.40912774205207825,0.42180371284484863,0.499750018119812,0.3673763871192932,0.5624522566795349,0.48384490609169006,0.5610883235931396,0.5642331838607788,0.3504825234413147,0.4857751429080963
찐따같이생긴놈만 말걸은듯,,ㅇㅇ,"ㅇㅇ 2025.07.12 18:39:09
조회 44 추천 0 댓글 3",추천 0,조회 44,2025.07.12 18:39:09,https://gall.dcinside.com/mgallery/board/view/?id=skk&no=26538&page=3,악플/욕설,0.3527768552303314,0.391679584980011,0.38230881094932556,0.4645081162452698,0.37009358406066895,0.5333956480026245,0.5120194554328918,0.5743261575698853,0.5922943353652954,0.3613134026527405,0.4554268717765808
사이비 야스포교 당할뻔함,,네,"ㅇㅇ 2025.07.12 18:30:32
조회 64 추천 0 댓글 4",추천 0,조회 64,2025.07.12 18:30:32,https://gall.dcinside.com/mgallery/board/view/?id=skk&no=26537&page=3,악플/욕설,0.33858147263526917,0.40912774205207825,0.42180371284484863,0.499750018119812,0.3673763871192932,0.5624522566795349,0.48384490609169006,0.5610883235931396,0.5642331838607788,0.3504825234413147,0.4857751429080963
업보청산하기 좆같은데 어카지,,3년만앞으로 돌아가면안될까,"Raps 2025.07.12 18:00:56
조회 51 추천 1 댓글 2",추천 1,조회 51,2025.07.12 18:00:56,https://gall.dcinside.com/mgallery/board/view/?id=skk&no=26536&page=3,지역,0.3625349700450897,0.43658390641212463,0.470054566860199,0.4740890860557556,0.3952469825744629,0.6322360634803772,0.48952317237854004,0.6293303370475769,0.49783408641815186,0.4627571403980255,0.49070149660110474
아유하미다스모,,에블바디하미다스모,"ㅇㅇ(106.101) 2025.07.12 15:53:02
조회 32 추천 0 댓글 3",추천 0,조회 32,2025.07.12 15:53:02,https://gall.dcinside.com/mgallery/board/view/?id=skk&no=26535&page=3,지역,0.3519555330276489,0.45035097002983093,0.4979277551174164,0.48918700218200684,0.43630120158195496,0.6177168488502502,0.40989524126052856,0.6024771928787231,0.5069074630737305,0.4016426205635071,0.4199497103691101
데스메이커 직가 << 이새긴진짜어머련이네,,하참네,"ㅇㅇ(106.101) 2025.07.12 04:52:14
조회 54 추천 0 댓글 4",추천 0,조회 54,2025.07.12 04:52:14,https://gall.dcinside.com/mgallery/board/view/?id=skk&no=26534&page=3,기타 혐오,0.33923712372779846,0.4381234645843506,0.4285874366760254,0.48295724391937256,0.3791925311088562,0.5938053131103516,0.5102177858352661,0.6115138530731201,0.5340268015861511,0.3574075400829315,0.49535319209098816
배고파,,네,"ㅇㅇ 2025.07.11 17:29:47
조회 29 추천 0 댓글 4",추천 0,조회 29,2025.07.11 17:29:47,https://gall.dcinside.com/mgallery/board/view/?id=skk&no=26533&page=3,악플/욕설,0.33858147263526917,0.40912774205207825,0.42180371284484863,0.499750018119812,0.3673763871192932,0.5624522566795349,0.48384490609169006,0.5610883235931396,0.5642331838607788,0.3504825234413147,0.4857751429080963
오늘 만갤에서 충격먹은거,,츠무기가 리츠보다 인기없대,"ㅇㅇ 2025.07.11 15:07:46
조회 36 추천 0 댓글 2",추천 0,조회 36,2025.07.11 15:07:46,https://gall.dcinside.com/mgallery/board/view/?id=skk&no=26532&page=3,기타 혐오,0.39881646633148193,0.42682600021362305,0.5069928169250488,0.4920403063297272,0.41953134536743164,0.5611681342124939,0.3500986695289612,0.592357337474823,0.5054104328155518,0.46592122316360474,0.44376346468925476
몇시어디,,네,"성갤러(115.23) 2025.07.11 14:45:22
조회 28 추천 0 댓글 3",추천 0,조회 28,2025.07.11 14:45:22,https://gall.dcinside.com/mgallery/board/view/?id=skk&no=26531&page=3,악플/욕설,0.33858147263526917,0.40912774205207825,0.42180371284484863,0.499750018119812,0.3673763871192932,0.5624522566795349,0.48384490609169006,0.5610883235931396,0.5642331838607788,0.3504825234413147,0.4857751429080963
이.,,"1
이미지 순서 ON","성갤러(115.23) 2025.07.11 14:20:37
조회 28 추천 0 댓글 4",추천 0,조회 28,2025.07.11 14:20:37,https://gall.dcinside.com/mgallery/board/view/?id=skk&no=26530&page=3,기타 혐오,0.38314321637153625,0.4614371359348297,0.45728638768196106,0.5002062916755676,0.34084755182266235,0.5888910889625549,0.39390480518341064,0.6170340180397034,0.44999852776527405,0.41612544655799866,0.40865546464920044
꽁돈 받아가앙,,"공짜로 74000원 받아가세용

1. 빗썸을 깐다

2. 회원가입 후 로그인

3. kb국민 계좌 등록

4.더보기 쿠폰 코드 등록. 초대코드에 APPLE12345 입력
>>>여기까지 5만원 지급

5.거래소 들어가서 테더 클릭>매수에서 시장가 선택>총액 옆에 있는 비율에서 최대로 설정 후 풀매수 > 똑같은 방식으로 풀 매도 (이렇게 해야 본인계좌로 입금 가능)

6. 홈 화면 맨 밑 두번째에 있는 혜택/서비스 클릭 > 혜택 존에서 받기 클릭

7. 웰컴 미션 모두 받기 >>>2만원 지급

8. 입출금 들어가서 kb국민 계좌로 74000원 확인 후 이 74000원을 5번 과정 한 번 더 진행

9. 입출금 들어와서 kb국민 계좌로 74000원 출금 진행

쇼핑 하러 가자 !!!","아아아(220.78) 2025.07.11 12:39:27
조회 36 추천 0 댓글 2",추천 0,조회 36,2025.07.11 12:39:27,https://gall.dcinside.com/mgallery/board/view/?id=skk&no=26529&page=3,지역,0.37671545147895813,0.4622158706188202,0.5291385054588318,0.5394414663314819,0.40636393427848816,0.6207935214042664,0.36796754598617554,0.5809670090675354,0.5249105095863342,0.5237951278686523,0.40066516399383545
오늘의 디시탐방:한국 메이드카페 갤러리,,돈모아서 든든한 리얼돌 사먹을듯,"Raps 2025.07.10 21:52:45
조회 65 추천 0 댓글 6",추천 0,조회 65,2025.07.10 21:52:45,https://gall.dcinside.com/mgallery/board/view/?id=skk&no=26528&page=3,기타 혐오,0.4287745952606201,0.4311929941177368,0.5107429027557373,0.5129628777503967,0.31776005029678345,0.4768248498439789,0.3359947204589844,0.6104341745376587,0.4675259590148926,0.4672231078147888,0.40586528182029724
쌍둥이에요,,네,"ㅇㅇ 2025.07.10 18:58:48
조회 51 추천 0 댓글 6",추천 0,조회 51,2025.07.10 18:58:48,https://gall.dcinside.com/mgallery/board/view/?id=skk&no=26527&page=3,악플/욕설,0.33858147263526917,0.40912774205207825,0.42180371284484863,0.499750018119812,0.3673763871192932,0.5624522566795349,0.48384490609169006,0.5610883235931396,0.5642331838607788,0.3504825234413147,0.4857751429080963
아도케나이콘나키모치모,,아도겐,"ㅇㅇ(106.101) 2025.07.10 06:15:25
조회 36 추천 0 댓글 3",추천 0,조회 36,2025.07.10 06:15:25,https://gall.dcinside.com/mgallery/board/view/?id=skk&no=26526&page=3,기타 혐오,0.34929734468460083,0.39816272258758545,0.4429023563861847,0.47090601921081543,0.4196200668811798,0.5956905484199524,0.4469604790210724,0.6485949754714966,0.47640737891197205,0.3857595920562744,0.4274779260158539
아 술먹고 울면서 누군가한테 인생한탄 하고싶다,,혼자 썩히려니까 곪는다,"ㅇㅇ(211.235) 2025.07.08 00:50:48
조회 42 추천 0 댓글 1",추천 0,조회 42,2025.07.08 00:50:48,https://gall.dcinside.com/mgallery/board/view/?id=skk&no=26525&page=3,기타 혐오,0.365243524312973,0.46032461524009705,0.3899729251861572,0.4796799123287201,0.3384980261325836,0.5667359828948975,0.463855504989624,0.5710857510566711,0.5091009736061096,0.3567764461040497,0.46375176310539246
님 저 135점인가나옴,,모위고사,"ㅇㅇ 2025.07.08 00:00:13
조회 46 추천 0 댓글 6",추천 0,조회 46,2025.07.08 00:00:13,https://gall.dcinside.com/mgallery/board/view/?id=skk&no=26524&page=3,지역,0.3209943473339081,0.39396363496780396,0.4578012526035309,0.4116312265396118,0.4028066098690033,0.622727632522583,0.4864058494567871,0.616790235042572,0.5521753430366516,0.3630210757255554,0.4392695128917694
구라 흑화육수들많던데,,저포함,"ㅇㅇ 2025.07.07 23:52:04
조회 36 추천 0 댓글 5",추천 0,조회 36,2025.07.07 23:52:04,https://gall.dcinside.com/mgallery/board/view/?id=skk&no=26523&page=3,기타 혐오,0.3407333791255951,0.40811023116111755,0.4108545780181885,0.45554807782173157,0.3224899172782898,0.5817931890487671,0.4879714548587799,0.6456244587898254,0.5207826495170593,0.38935571908950806,0.4573814868927002
목요일,,목살의 목요일어때,"ㅇㅇ(106.101) 2025.07.07 22:22:05
조회 43 추천 0 댓글 9",추천 0,조회 43,2025.07.07 22:22:05,https://gall.dcinside.com/mgallery/board/view/?id=skk&no=26522&page=3,기타 혐오,0.35910993814468384,0.4232954978942871,0.5174396634101868,0.47228947281837463,0.40211716294288635,0.6361218690872192,0.4305947721004486,0.6683793663978577,0.45926129817962646,0.38796567916870117,0.43600115180015564
고기굽자고 5조5억1번째 말함,,ㅇㅇ,"ㅇㅇ 2025.07.07 21:04:12
조회 41 추천 0 댓글 4",추천 0,조회 41,2025.07.07 21:04:12,https://gall.dcinside.com/mgallery/board/view/?id=skk&no=26521&page=3,악플/욕설,0.3527768552303314,0.391679584980011,0.38230881094932556,0.4645081162452698,0.37009358406066895,0.5333956480026245,0.5120194554328918,0.5743261575698853,0.5922943353652954,0.3613134026527405,0.4554268717765808
아 기사준비하는데 기분좋아짐,,필기 한달남은줄 알았는데 두달남음,"Raps 2025.07.07 19:27:03
조회 57 추천 0 댓글 6",추천 0,조회 57,2025.07.07 19:27:03,https://gall.dcinside.com/mgallery/board/view/?id=skk&no=26520&page=3,기타 혐오,0.41310736536979675,0.42831361293792725,0.5321800112724304,0.4530445337295532,0.33386513590812683,0.4764057695865631,0.36806702613830566,0.600605845451355,0.5044834613800049,0.42313069105148315,0.45836031436920166
후배들 얘기 듣다보면,,"개 좆도 아닌거로 고민하고 있는 경우가 많은데
지금 내가 고민하는것도 어른들이 보면 개 좆도 아닌거겠지..","ㅇㅇ(211.235) 2025.07.06 19:18:11
조회 36 추천 0 댓글 0",추천 0,조회 36,2025.07.06 19:18:11,https://gall.dcinside.com/mgallery/board/view/?id=skk&no=26519&page=3,악플/욕설,0.39451324939727783,0.4649950861930847,0.5187283754348755,0.43766340613365173,0.3009302616119385,0.4096428155899048,0.3124183714389801,0.511700451374054,0.5872816443443298,0.44860756397247314,0.36976444721221924
만갤이망햇어요,,,"ㅇㅇ(106.101) 2025.07.05 17:10:39
조회 30 추천 0 댓글 1",추천 0,조회 30,2025.07.05 17:10:39,https://gall.dcinside.com/mgallery/board/view/?id=skk&no=26518&page=3,여성/가족,0.0,0.0,0.0,0.0,0.0,0.0,0.0,0.0,0.0,0.0,0.0
금요일 저녁에 헬스장을 누가 감ㅋㅋ,,ㅋㅋ,"성갤러(118.235) 2025.07.04 19:36:49
조회 26 추천 0 댓글 0",추천 0,조회 26,2025.07.04 19:36:49,https://gall.dcinside.com/mgallery/board/view/?id=skk&no=26517&page=3,기타 혐오,0.35595157742500305,0.4288221597671509,0.41096773743629456,0.5112519264221191,0.3664417266845703,0.5435645580291748,0.46213582158088684,0.5963010191917419,0.5671842694282532,0.3322380781173706,0.47468748688697815
B급인생,,,"Raps 2025.07.01 18:59:22
조회 38 추천 0 댓글 1",추천 0,조회 38,2025.07.01 18:59:22,https://gall.dcinside.com/mgallery/board/view/?id=skk&no=26516&page=3,여성/가족,0.0,0.0,0.0,0.0,0.0,0.0,0.0,0.0,0.0,0.0,0.0
가우르구라 << 쫌 짜치는데,,,"ㅇㅇ(106.101) 2025.06.30 00:33:57
조회 42 추천 0 댓글 1",추천 0,조회 42,2025.06.30 00:33:57,https://gall.dcinside.com/mgallery/board/view/?id=skk&no=26515&page=3,여성/가족,0.0,0.0,0.0,0.0,0.0,0.0,0.0,0.0,0.0,0.0,0.0
아잠이안와,,배고파서그런가,"ㅇㅇ(106.101) 2025.06.27 01:07:00
조회 18 추천 0 댓글 0",추천 0,조회 18,2025.06.27 01:07:00,https://gall.dcinside.com/mgallery/board/view/?id=skk&no=26514&page=3,지역,0.3968268930912018,0.4693838357925415,0.3812582194805145,0.4811183214187622,0.5030988454818726,0.6324881315231323,0.43669113516807556,0.5443339347839355,0.47586941719055176,0.3367834687232971,0.5554918050765991
고기 구워먹고싶긴하다,,,"성갤러(220.85) 2025.06.25 17:53:04
조회 20 추천 0 댓글 0",추천 0,조회 20,2025.06.25 17:53:04,https://gall.dcinside.com/mgallery/board/view/?id=skk&no=26513&page=3,여성/가족,0.0,0.0,0.0,0.0,0.0,0.0,0.0,0.0,0.0,0.0,0.0
에인 노 마운틴 하이~ 이넢~,,,"ㅇㅇ(106.101) 2025.06.25 14:00:40
조회 23 추천 0 댓글 0",추천 0,조회 23,2025.06.25 14:00:40,https://gall.dcinside.com/mgallery/board/view/?id=skk&no=26512&page=3,여성/가족,0.0,0.0,0.0,0.0,0.0,0.0,0.0,0.0,0.0,0.0,0.0
나 위로해줘,,힘들어,"수토리(1.222) 2025.06.25 13:50:37
조회 39 추천 0 댓글 2",추천 0,조회 39,2025.06.25 13:50:37,https://gall.dcinside.com/mgallery/board/view/?id=skk&no=26511&page=3,지역,0.4091049134731293,0.4473625421524048,0.3941280245780945,0.47625115513801575,0.4670596420764923,0.6190133094787598,0.4261164963245392,0.5881563425064087,0.49615395069122314,0.4047504663467407,0.4757786691188812
그럼내일,,"엉생

네","ㅇㅇ 2025.06.24 22:10:00
조회 42 추천 0 댓글 5",추천 0,조회 42,2025.06.24 22:10:00,https://gall.dcinside.com/mgallery/board/view/?id=skk&no=26510&page=3,기타 혐오,0.34533944725990295,0.42330998182296753,0.35777148604393005,0.4467387795448303,0.3783796727657318,0.5753834843635559,0.47242340445518494,0.6120278835296631,0.5089439749717712,0.39393413066864014,0.47075942158699036
교촌먹자고,,네,"ㅇㅇ 2025.06.24 20:48:09
조회 41 추천 0 댓글 4",추천 0,조회 41,2025.06.24 20:48:09,https://gall.dcinside.com/mgallery/board/view/?id=skk&no=26509&page=3,악플/욕설,0.33858147263526917,0.40912774205207825,0.42180371284484863,0.499750018119812,0.3673763871192932,0.5624522566795349,0.48384490609169006,0.5610883235931396,0.5642331838607788,0.3504825234413147,0.4857751429080963
놀장께?,,네,"ㅇㅇ 2025.06.24 18:19:47
조회 41 추천 0 댓글 4",추천 0,조회 41,2025.06.24 18:19:47,https://gall.dcinside.com/mgallery/board/view/?id=skk&no=26508&page=3,악플/욕설,0.33858147263526917,0.40912774205207825,0.42180371284484863,0.499750018119812,0.3673763871192932,0.5624522566795349,0.48384490609169006,0.5610883235931396,0.5642331838607788,0.3504825234413147,0.4857751429080963
응아묵땨,,,"ㅇㅇ(223.38) 2025.06.24 02:08:18
조회 53 추천 0 댓글 2",추천 0,조회 53,2025.06.24 02:08:18,https://gall.dcinside.com/mgallery/board/view/?id=skk&no=26507&page=4,여성/가족,0.0,0.0,0.0,0.0,0.0,0.0,0.0,0.0,0.0,0.0,0.0
놀자,,치킨먹자,"ㅇㅇ 2025.06.23 20:54:37
조회 40 추천 0 댓글 4",추천 0,조회 40,2025.06.23 20:54:37,https://gall.dcinside.com/mgallery/board/view/?id=skk&no=26506&page=4,지역,0.3953370451927185,0.5185890197753906,0.3993797302246094,0.5581294298171997,0.4929425120353699,0.6604784727096558,0.44769448041915894,0.5688713192939758,0.5205574035644531,0.3757258951663971,0.5772157907485962
저 산맥은 말도없이,,5천년을 살앗네,"ㅇㅇ(106.101) 2025.06.23 20:27:22
조회 35 추천 0 댓글 1",추천 0,조회 35,2025.06.23 20:27:22,https://gall.dcinside.com/mgallery/board/view/?id=skk&no=26505&page=4,지역,0.406995952129364,0.518865168094635,0.42849069833755493,0.43473461270332336,0.4223043620586395,0.6428489089012146,0.5395957231521606,0.5994325876235962,0.49220046401023865,0.4358816146850586,0.5846728682518005
랩스 랩스 랩스 베타대학생,,저학점 졸업하고 백수되지요,"ㅇㅇ(223.38) 2025.06.23 16:35:37
조회 51 추천 0 댓글 1",추천 0,조회 51,2025.06.23 16:35:37,https://gall.dcinside.com/mgallery/board/view/?id=skk&no=26504&page=4,기타 혐오,0.41418319940567017,0.34856486320495605,0.4845025837421417,0.4971359968185425,0.36694180965423584,0.5003377795219421,0.377719908952713,0.6297702789306641,0.465899795293808,0.4651683568954468,0.4621577262878418
오케이 공기업 올인할게요,,방학때 전기기사 한국사 딸게요,"ㅇㅇ(223.38) 2025.06.23 15:29:54
조회 55 추천 0 댓글 3",추천 0,조회 55,2025.06.23 15:29:54,https://gall.dcinside.com/mgallery/board/view/?id=skk&no=26503&page=4,기타 혐오,0.41347137093544006,0.4032970666885376,0.5120334625244141,0.49325063824653625,0.3795815706253052,0.5297211408615112,0.3794102072715759,0.5983499884605408,0.47109729051589966,0.4420667886734009,0.3638918995857239
랩스님 힘내세요,,합격률6.9퍼래요,"ㅇㅇ 2025.06.23 12:51:46
조회 46 추천 0 댓글 2",추천 0,조회 46,2025.06.23 12:51:46,https://gall.dcinside.com/mgallery/board/view/?id=skk&no=26502&page=4,기타 혐오,0.4222729802131653,0.35739022493362427,0.4592512547969818,0.49049314856529236,0.3608182966709137,0.5539658069610596,0.45738154649734497,0.6420117616653442,0.5318028330802917,0.3756861686706543,0.4697725474834442
단백질 보충제 뭐가 좋음,,추천해줘,"성갤러(118.235) 2025.06.22 00:33:47
조회 51 추천 0 댓글 1",추천 0,조회 51,2025.06.22 00:33:47,https://gall.dcinside.com/mgallery/board/view/?id=skk&no=26501&page=4,기타 혐오,0.38960155844688416,0.4254074692726135,0.4432857930660248,0.5108349323272705,0.36904177069664,0.5483615398406982,0.43389999866485596,0.6211600303649902,0.5313190817832947,0.3728258013725281,0.470509797334671
쾌 도 난 무,,,"ㅇㅇ(106.101) 2025.06.20 20:02:45
조회 24 추천 0 댓글 0",추천 0,조회 24,2025.06.20 20:02:45,https://gall.dcinside.com/mgallery/board/view/?id=skk&no=26500&page=4,여성/가족,0.0,0.0,0.0,0.0,0.0,0.0,0.0,0.0,0.0,0.0,0.0
화상면접때,,오빠는끝피규어보이면 어케됨?,"ㅇㅇ 2025.06.20 17:18:22
조회 43 추천 0 댓글 3",추천 0,조회 43,2025.06.20 17:18:22,https://gall.dcinside.com/mgallery/board/view/?id=skk&no=26499&page=4,지역,0.43447956442832947,0.4390741288661957,0.4325081408023834,0.44412508606910706,0.3561466634273529,0.6196238398551941,0.4351884424686432,0.5814104080200195,0.5629826188087463,0.351367324590683,0.4412791132926941
진짜 피시방 가는거 오랜만이네,,내가 원해서 가는 피시방,"성갤러(220.85) 2025.06.19 22:46:15
조회 31 추천 0 댓글 0",추천 0,조회 31,2025.06.19 22:46:15,https://gall.dcinside.com/mgallery/board/view/?id=skk&no=26498&page=4,지역,0.4020819067955017,0.4557121992111206,0.5094408392906189,0.5692120790481567,0.38657835125923157,0.6261014938354492,0.3537534475326538,0.5890275835990906,0.4964146316051483,0.36815980076789856,0.5396508574485779
응가똥스토리 흥햇대요,,똥뿌직스토리 신직업,"ㅇㅇ 2025.06.19 16:32:28
조회 34 추천 0 댓글 5",추천 0,조회 34,2025.06.19 16:32:28,https://gall.dcinside.com/mgallery/board/view/?id=skk&no=26497&page=4,지역,0.413683146238327,0.5072038173675537,0.4474898874759674,0.4088806211948395,0.37352454662323,0.6550301313400269,0.4649695158004761,0.5572304725646973,0.4829266667366028,0.4040587246417999,0.49619433283805847
하도 굴 떡밥을 많이보니까,,굴 존나 땡기네,"ㅇㅇ(211.234) 2025.06.18 23:10:49
조회 25 추천 0 댓글 1",추천 0,조회 25,2025.06.18 23:10:49,https://gall.dcinside.com/mgallery/board/view/?id=skk&no=26496&page=4,지역,0.3909569978713989,0.4982123076915741,0.4275585412979126,0.5009220242500305,0.4206556975841522,0.6348077654838562,0.45063555240631104,0.5912331938743591,0.5379979014396667,0.3880230486392975,0.4912419021129608
나는 낭~만 고~양이~,,ok,"성갤러(220.85) 2025.06.18 18:47:14
조회 21 추천 0 댓글 0",추천 0,조회 21,2025.06.18 18:47:14,https://gall.dcinside.com/mgallery/board/view/?id=skk&no=26495&page=4,기타 혐오,0.36910951137542725,0.3963553309440613,0.4109736382961273,0.47089922428131104,0.3128231465816498,0.537407398223877,0.4821344316005707,0.6273159384727478,0.5445502996444702,0.37764522433280945,0.46944960951805115
성대역 너머 살기 ㄱㅊ나,,공학관까지 너무멀거같은데,"ㅇㅇ(58.126) 2025.06.17 19:48:38
조회 48 추천 0 댓글 2",추천 0,조회 48,2025.06.17 19:48:38,https://gall.dcinside.com/mgallery/board/view/?id=skk&no=26494&page=4,기타 혐오,0.3708464205265045,0.4211258888244629,0.5343882441520691,0.4655180871486664,0.3758441209793091,0.5502200722694397,0.3680300712585449,0.6174413561820984,0.454467236995697,0.41950544714927673,0.4819525182247162
ㅈ됫다,,우산없이 식당에갇힘,"ㅇㅇ 2025.06.16 12:57:41
조회 35 추천 0 댓글 1",추천 0,조회 35,2025.06.16 12:57:41,https://gall.dcinside.com/mgallery/board/view/?id=skk&no=26493&page=4,지역,0.3706587553024292,0.4225899279117584,0.37309539318084717,0.4167502820491791,0.4254284203052521,0.6413602232933044,0.4505099058151245,0.5544951558113098,0.5019487738609314,0.3789340853691101,0.5708200335502625
님 접이식이 먼지암?,,일본어로,"ㅇㅇ 2025.06.16 09:25:33
조회 42 추천 0 댓글 4",추천 0,조회 42,2025.06.16 09:25:33,https://gall.dcinside.com/mgallery/board/view/?id=skk&no=26492&page=4,지역,0.33779096603393555,0.4293314814567566,0.40068280696868896,0.4708566963672638,0.38672158122062683,0.5904197096824646,0.47981342673301697,0.5566372275352478,0.539365291595459,0.3743947446346283,0.44337111711502075
요즘 카나데가좋다,,사랑인걸까,"ㅇㅇ 2025.06.16 01:45:17
조회 46 추천 0 댓글 2",추천 0,조회 46,2025.06.16 01:45:17,https://gall.dcinside.com/mgallery/board/view/?id=skk&no=26491&page=4,기타 혐오,0.37624678015708923,0.4460543990135193,0.3943152129650116,0.48203787207603455,0.3853182792663574,0.5886669158935547,0.42007067799568176,0.642470121383667,0.5144312381744385,0.4111422598361969,0.5375626683235168
도란의 검,,,"ㅇㅇ(106.101) 2025.06.15 20:36:54
조회 22 추천 0 댓글 0",추천 0,조회 22,2025.06.15 20:36:54,https://gall.dcinside.com/mgallery/board/view/?id=skk&no=26490&page=4,여성/가족,0.0,0.0,0.0,0.0,0.0,0.0,0.0,0.0,0.0,0.0,0.0
똥싸,,네,"ㅇㅇ 2025.06.14 12:48:36
조회 28 추천 0 댓글 2",추천 0,조회 28,2025.06.14 12:48:36,https://gall.dcinside.com/mgallery/board/view/?id=skk&no=26489&page=4,악플/욕설,0.33858147263526917,0.40912774205207825,0.42180371284484863,0.499750018119812,0.3673763871192932,0.5624522566795349,0.48384490609169006,0.5610883235931396,0.5642331838607788,0.3504825234413147,0.4857751429080963
야~,,호,"ㅇㅇ(106.101) 2025.06.13 20:35:33
조회 30 추천 0 댓글 3",추천 0,조회 30,2025.06.13 20:35:33,https://gall.dcinside.com/mgallery/board/view/?id=skk&no=26488&page=4,기타 혐오,0.38155075907707214,0.45113617181777954,0.40101560950279236,0.4988616406917572,0.38507598638534546,0.5839831829071045,0.450342059135437,0.6272038221359253,0.540241003036499,0.3355346620082855,0.5133717060089111
엘나스노래들으면서,,자야지,"ㅇㅇ(106.101) 2025.06.09 03:49:31
조회 24 추천 0 댓글 1",추천 0,조회 24,2025.06.09 03:49:31,https://gall.dcinside.com/mgallery/board/view/?id=skk&no=26487&page=4,기타 혐오,0.36127299070358276,0.4254858195781708,0.4208831191062927,0.4877815842628479,0.4083154797554016,0.6118021607398987,0.4682201147079468,0.619379460811615,0.5386410355567932,0.3651023507118225,0.48165735602378845
저녁2인분먹엇더니 배터지겟어,,네,"ㅇㅇ 2025.06.08 22:25:31
조회 24 추천 0 댓글 1",추천 0,조회 24,2025.06.08 22:25:31,https://gall.dcinside.com/mgallery/board/view/?id=skk&no=26486&page=4,악플/욕설,0.33858147263526917,0.40912774205207825,0.42180371284484863,0.499750018119812,0.3673763871192932,0.5624522566795349,0.48384490609169006,0.5610883235931396,0.5642331838607788,0.3504825234413147,0.4857751429080963
극장판이래,,네,"ㅇㅇ 2025.06.08 21:17:48
조회 20 추천 0 댓글 1",추천 0,조회 20,2025.06.08 21:17:48,https://gall.dcinside.com/mgallery/board/view/?id=skk&no=26485&page=4,악플/욕설,0.33858147263526917,0.40912774205207825,0.42180371284484863,0.499750018119812,0.3673763871192932,0.5624522566795349,0.48384490609169006,0.5610883235931396,0.5642331838607788,0.3504825234413147,0.4857751429080963
애니화됫어요,,기껏 졸업시켜놓고 재취직함,"ㅇㅇ 2025.06.08 20:53:40
조회 28 추천 0 댓글 4",추천 0,조회 28,2025.06.08 20:53:40,https://gall.dcinside.com/mgallery/board/view/?id=skk&no=26484&page=4,기타 혐오,0.40140077471733093,0.41203397512435913,0.4449716806411743,0.4864032566547394,0.37367039918899536,0.5858344435691833,0.4684453308582306,0.6276730298995972,0.47129085659980774,0.42676791548728943,0.43979737162590027
놀장게,,네,"ㅇㅇ 2025.06.08 16:55:06
조회 26 추천 0 댓글 6",추천 0,조회 26,2025.06.08 16:55:06,https://gall.dcinside.com/mgallery/board/view/?id=skk&no=26483&page=4,악플/욕설,0.33858147263526917,0.40912774205207825,0.42180371284484863,0.499750018119812,0.3673763871192932,0.5624522566795349,0.48384490609169006,0.5610883235931396,0.5642331838607788,0.3504825234413147,0.4857751429080963
스벌롬아,,네,"ㅇㅇ 2025.06.08 15:20:59
조회 20 추천 0 댓글 2",추천 0,조회 20,2025.06.08 15:20:59,https://gall.dcinside.com/mgallery/board/view/?id=skk&no=26482&page=4,악플/욕설,0.33858147263526917,0.40912774205207825,0.42180371284484863,0.499750018119812,0.3673763871192932,0.5624522566795349,0.48384490609169006,0.5610883235931396,0.5642331838607788,0.3504825234413147,0.4857751429080963
제 최애 실베데뷔함,,"https://m.dcinside.com/board/dcbest/337185
 일본의 미쳐버린 신용카드 근황.jpg - 실시간 베스트 갤러리
니가 쓴 카드 포인트 연예인한테 감 18%짜리 리볼링 강제가입 금감원 없는 동네는 카드도 레전드누ㅋㅋㅋㅋ 곧 현카가 벤치마킹 해가는거 아니겠지?
m.dcinside.com","ㅇㅇ 2025.06.08 13:19:10
조회 31 추천 0 댓글 2",추천 0,조회 31,2025.06.08 13:19:10,https://gall.dcinside.com/mgallery/board/view/?id=skk&no=26481&page=4,성소수자,0.35287031531333923,0.4142826497554779,0.5924031734466553,0.4756874740123749,0.3045227527618408,0.48944514989852905,0.31608113646507263,0.5754880309104919,0.518439769744873,0.4500924050807953,0.4302437901496887
신직업 흠스럽네,,흠,"ㅇㅇ 2025.06.07 18:40:18
조회 42 추천 0 댓글 5",추천 0,조회 42,2025.06.07 18:40:18,https://gall.dcinside.com/mgallery/board/view/?id=skk&no=26480&page=4,기타 혐오,0.3915920555591583,0.4061027467250824,0.39925938844680786,0.5381112098693848,0.4042988717556,0.576754093170166,0.48266246914863586,0.5981894135475159,0.5796917080879211,0.3319324254989624,0.49217909574508667
大木 읽는법맞춰보세요,,개억지아님?,"ㅇㅇ 2025.06.07 18:17:40
조회 47 추천 0 댓글 6",추천 0,조회 47,2025.06.07 18:17:40,https://gall.dcinside.com/mgallery/board/view/?id=skk&no=26479&page=4,기타 혐오,0.37757956981658936,0.435507595539093,0.3559127449989319,0.5248964428901672,0.39714163541793823,0.5388436913490295,0.4165426790714264,0.5894536375999451,0.5094876289367676,0.3304925560951233,0.5553814172744751
님아,,그게임이나 할까싶음,"성갤러(119.194) 2025.06.07 18:08:41
조회 25 추천 0 댓글 3",추천 0,조회 25,2025.06.07 18:08:41,https://gall.dcinside.com/mgallery/board/view/?id=skk&no=26478&page=4,기타 혐오,0.3703027069568634,0.3986179530620575,0.3615480363368988,0.4441804885864258,0.3278762400150299,0.5181320309638977,0.4855734705924988,0.5944905877113342,0.536945641040802,0.4323410093784332,0.46957388520240784
2급단어 벽느낌,,"첫쪽지시험 거의다틀림

네","ㅇㅇ 2025.06.07 16:04:16
조회 33 추천 0 댓글 4",추천 0,조회 33,2025.06.07 16:04:16,https://gall.dcinside.com/mgallery/board/view/?id=skk&no=26477&page=4,기타 혐오,0.39285382628440857,0.3963933289051056,0.5241076946258545,0.4865707457065582,0.3572673499584198,0.5811351537704468,0.36939820647239685,0.6119121313095093,0.5157408714294434,0.3927058279514313,0.4080195724964142
찍먹하고 종강하고,,네,"ㅇㅇ(106.101) 2025.06.07 13:47:31
조회 36 추천 0 댓글 6",추천 0,조회 36,2025.06.07 13:47:31,https://gall.dcinside.com/mgallery/board/view/?id=skk&no=26476&page=4,악플/욕설,0.33858147263526917,0.40912774205207825,0.42180371284484863,0.499750018119812,0.3673763871192932,0.5624522566795349,0.48384490609169006,0.5610883235931396,0.5642331838607788,0.3504825234413147,0.4857751429080963
다음주 poe확장판출시,,네,"ㅇㅇ 2025.06.07 12:15:43
조회 34 추천 0 댓글 9",추천 0,조회 34,2025.06.07 12:15:43,https://gall.dcinside.com/mgallery/board/view/?id=skk&no=26475&page=4,악플/욕설,0.33858147263526917,0.40912774205207825,0.42180371284484863,0.499750018119812,0.3673763871192932,0.5624522566795349,0.48384490609169006,0.5610883235931396,0.5642331838607788,0.3504825234413147,0.4857751429080963
오늘 거의 토요일급 휴식이었는데,,2일이나 더 쉬어야한다고?,"ㅇㅇ(106.101) 2025.06.07 00:51:34
조회 25 추천 0 댓글 1",추천 0,조회 25,2025.06.07 00:51:34,https://gall.dcinside.com/mgallery/board/view/?id=skk&no=26474&page=4,지역,0.3950011730194092,0.45329341292381287,0.4478076696395874,0.47729334235191345,0.4019811153411865,0.6220641732215881,0.464447945356369,0.5777487754821777,0.4668486416339874,0.37955185770988464,0.4817321300506592
ㅋㅋ내란견 부들부들,,트럼프랑 전화햇쥬,"ㅇㅇ 2025.06.07 00:00:38
조회 39 추천 0 댓글 3",추천 0,조회 39,2025.06.07 00:00:38,https://gall.dcinside.com/mgallery/board/view/?id=skk&no=26473&page=4,지역,0.40720653533935547,0.4810718595981598,0.4502794146537781,0.4889535903930664,0.4433840811252594,0.6200234293937683,0.48200827836990356,0.5645982623100281,0.542180061340332,0.43909087777137756,0.4574353098869324
심심해,,네,"ㅇㅇ 2025.06.06 23:25:50
조회 31 추천 0 댓글 5",추천 0,조회 31,2025.06.06 23:25:50,https://gall.dcinside.com/mgallery/board/view/?id=skk&no=26472&page=4,악플/욕설,0.33858147263526917,0.40912774205207825,0.42180371284484863,0.499750018119812,0.3673763871192932,0.5624522566795349,0.48384490609169006,0.5610883235931396,0.5642331838607788,0.3504825234413147,0.4857751429080963
트럼프 테슬라 판다는데,,"구라핑인건가
너무 쪼잔한데","ㅇㅇ(106.101) 2025.06.06 23:11:32
조회 28 추천 0 댓글 1",추천 0,조회 28,2025.06.06 23:11:32,https://gall.dcinside.com/mgallery/board/view/?id=skk&no=26471&page=4,지역,0.3749919831752777,0.4364403188228607,0.5015591382980347,0.4825584590435028,0.3874732255935669,0.6073507070541382,0.48336052894592285,0.5893422365188599,0.4765251576900482,0.39216557145118713,0.41244572401046753
트럼프 일론 싸웟대,,삐졋대,"ㅇㅇ 2025.06.06 21:16:30
조회 39 추천 0 댓글 7",추천 0,조회 39,2025.06.06 21:16:30,https://gall.dcinside.com/mgallery/board/view/?id=skk&no=26470&page=4,기타 혐오,0.367811381816864,0.4628823697566986,0.4679008722305298,0.49308380484580994,0.38027092814445496,0.5663051009178162,0.42556530237197876,0.6727659702301025,0.44589489698410034,0.38956597447395325,0.4326436519622803
놀자이자이자슥아,,네,"ㅇㅇ 2025.06.06 11:45:45
조회 29 추천 0 댓글 1",추천 0,조회 29,2025.06.06 11:45:45,https://gall.dcinside.com/mgallery/board/view/?id=skk&no=26469&page=4,악플/욕설,0.33858147263526917,0.40912774205207825,0.42180371284484863,0.499750018119812,0.3673763871192932,0.5624522566795349,0.48384490609169006,0.5610883235931396,0.5642331838607788,0.3504825234413147,0.4857751429080963
성대 에타에 글 올려주세요,,"1
이미지 순서 ON

2



이 글이 신고삭제 당했습니다. 조심하세요","ㅇㅇ(211.235) 2025.06.06 09:18:28
조회 73 추천 2 댓글 3",추천 2,조회 73,2025.06.06 09:18:28,https://gall.dcinside.com/mgallery/board/view/?id=skk&no=26468&page=4,기타 혐오,0.3559166491031647,0.45397618412971497,0.5353373289108276,0.4250594675540924,0.3090163767337799,0.42128464579582214,0.3340241014957428,0.5603795051574707,0.556999683380127,0.4498128890991211,0.38444533944129944
놀실분,,네,"ㅇㅇ 2025.06.05 18:05:00
조회 35 추천 0 댓글 3",추천 0,조회 35,2025.06.05 18:05:00,https://gall.dcinside.com/mgallery/board/view/?id=skk&no=26467&page=4,악플/욕설,0.33858147263526917,0.40912774205207825,0.42180371284484863,0.499750018119812,0.3673763871192932,0.5624522566795349,0.48384490609169006,0.5610883235931396,0.5642331838607788,0.3504825234413147,0.4857751429080963
럽공식 쇼츠로쌀먹하네,,아이스크림쇼츠 오조오억개 도배해서 쌀먹중,"ㅇㅇ 2025.06.05 10:48:17
조회 37 추천 0 댓글 2",추천 0,조회 37,2025.06.05 10:48:17,https://gall.dcinside.com/mgallery/board/view/?id=skk&no=26466&page=4,기타 혐오,0.36933356523513794,0.39721134305000305,0.5766468644142151,0.5005468726158142,0.375254362821579,0.5443069934844971,0.3532732129096985,0.5885223746299744,0.5032979249954224,0.4734361171722412,0.45377597212791443
이재명 만세,,재매이햄덕에 국장 150넘게먹음,"ㅇㅇ 2025.06.04 20:14:58
조회 38 추천 0 댓글 2",추천 0,조회 38,2025.06.04 20:14:58,https://gall.dcinside.com/mgallery/board/view/?id=skk&no=26465&page=4,지역,0.37080803513526917,0.4658058285713196,0.4320697486400604,0.5376172661781311,0.42089536786079407,0.5698648691177368,0.4215080142021179,0.5223687887191772,0.5327484011650085,0.40241578221321106,0.464895099401474
성균관 갤러리는 이재명 대통령님을 환영합니다,,심기에 거스르지 않겠습니다.,"성갤러(119.194) 2025.06.03 23:16:06
조회 46 추천 1 댓글 4",추천 1,조회 46,2025.06.03 23:16:06,https://gall.dcinside.com/mgallery/board/view/?id=skk&no=26464&page=4,기타 혐오,0.3971167206764221,0.4045999050140381,0.517733097076416,0.46597352623939514,0.29634469747543335,0.5193124413490295,0.33501189947128296,0.6082937717437744,0.478877991437912,0.4725663363933563,0.4005134701728821
왤케 표차이적음?,,어의없네,"ㅇㅇ 2025.06.03 22:22:55
조회 51 추천 0 댓글 2",추천 0,조회 51,2025.06.03 22:22:55,https://gall.dcinside.com/mgallery/board/view/?id=skk&no=26463&page=4,지역,0.36333709955215454,0.4667232930660248,0.3794097304344177,0.45597532391548157,0.3891589641571045,0.61497962474823,0.47396814823150635,0.6140437126159668,0.5254219174385071,0.31560948491096497,0.5506764650344849
여기 고닉들 다 드럼통행이라며,,ㄹㅇㅋㅋ,"성갤러(118.235) 2025.06.03 21:11:59
조회 24 추천 0 댓글 0",추천 0,조회 24,2025.06.03 21:11:59,https://gall.dcinside.com/mgallery/board/view/?id=skk&no=26462&page=4,악플/욕설,0.4075391888618469,0.34916743636131287,0.3905469477176666,0.5181617140769958,0.39925357699394226,0.48229843378067017,0.4676154553890228,0.5867886543273926,0.6006113886833191,0.3796517550945282,0.4726462960243225
찢황만세,,,"Raps 2025.06.03 19:50:42
조회 61 추천 0 댓글 1",추천 0,조회 61,2025.06.03 19:50:42,https://gall.dcinside.com/mgallery/board/view/?id=skk&no=26461&page=4,여성/가족,0.0,0.0,0.0,0.0,0.0,0.0,0.0,0.0,0.0,0.0,0.0
저 한 10분,,네,"ㅇㅇ(106.101) 2025.06.03 18:02:37
조회 36 추천 0 댓글 5",추천 0,조회 36,2025.06.03 18:02:37,https://gall.dcinside.com/mgallery/board/view/?id=skk&no=26460&page=4,악플/욕설,0.33858147263526917,0.40912774205207825,0.42180371284484863,0.499750018119812,0.3673763871192932,0.5624522566795349,0.48384490609169006,0.5610883235931396,0.5642331838607788,0.3504825234413147,0.4857751429080963
어디,,네,"ㅇㅇ 2025.06.03 17:37:37
조회 38 추천 0 댓글 9",추천 0,조회 38,2025.06.03 17:37:37,https://gall.dcinside.com/mgallery/board/view/?id=skk&no=26459&page=4,악플/욕설,0.33858147263526917,0.40912774205207825,0.42180371284484863,0.499750018119812,0.3673763871192932,0.5624522566795349,0.48384490609169006,0.5610883235931396,0.5642331838607788,0.3504825234413147,0.4857751429080963
6시?,,네?,"ㅇㅇ 2025.06.03 13:46:53
조회 39 추천 0 댓글 5",추천 0,조회 39,2025.06.03 13:46:53,https://gall.dcinside.com/mgallery/board/view/?id=skk&no=26458&page=4,기타 혐오,0.34303414821624756,0.3802158832550049,0.45263293385505676,0.5078158974647522,0.3767976462841034,0.5648495554924011,0.48339101672172546,0.5759163498878479,0.5237263441085815,0.36621835827827454,0.46744149923324585
2판4판,,,"ㅇㅇ(106.101) 2025.06.03 13:13:56
조회 23 추천 0 댓글 0",추천 0,조회 23,2025.06.03 13:13:56,https://gall.dcinside.com/mgallery/board/view/?id=skk&no=26457&page=5,여성/가족,0.0,0.0,0.0,0.0,0.0,0.0,0.0,0.0,0.0,0.0,0.0
오늘 투표하고 고기?,,아님말고,"ㅇㅇ(106.101) 2025.06.03 02:08:33
조회 38 추천 0 댓글 5",추천 0,조회 38,2025.06.03 02:08:33,https://gall.dcinside.com/mgallery/board/view/?id=skk&no=26456&page=5,기타 혐오,0.3329724967479706,0.4068881571292877,0.42581021785736084,0.4983811378479004,0.35865527391433716,0.5869008302688599,0.4665556848049164,0.6119090914726257,0.5809725522994995,0.3663002848625183,0.4671555757522583
잘때듣는노래,,https://www.youtube.com/watch?v=Hd-v9Qm2gow,"ㅇㅇ(106.101) 2025.06.02 02:53:57
조회 34 추천 0 댓글 1",추천 0,조회 34,2025.06.02 02:53:57,https://gall.dcinside.com/mgallery/board/view/?id=skk&no=26455&page=5,기타 혐오,0.3647214472293854,0.42322784662246704,0.5560173988342285,0.4430750012397766,0.3147200644016266,0.42024096846580505,0.3351701498031616,0.5623541474342346,0.5543035268783569,0.45151224732398987,0.3824542760848999
님아 다시,,"https://youtu.be/I74xWNxq1HY

104기말고 103기버전으로 들어보세요","ㅇㅇ 2025.06.01 23:28:12
조회 39 추천 0 댓글 2",추천 0,조회 39,2025.06.01 23:28:12,https://gall.dcinside.com/mgallery/board/view/?id=skk&no=26454&page=5,기타 혐오,0.3628173768520355,0.3643762171268463,0.5538341999053955,0.46626007556915283,0.3291347622871399,0.447115033864975,0.3332212269306183,0.5941846370697021,0.5360733270645142,0.42667874693870544,0.41186627745628357
코노 인기순위에 루비쨩하잇 잇네,,ㅈ같네,"ㅇㅇ 2025.06.01 20:56:51
조회 35 추천 0 댓글 1",추천 0,조회 35,2025.06.01 20:56:51,https://gall.dcinside.com/mgallery/board/view/?id=skk&no=26453&page=5,지역,0.39345335960388184,0.5264344811439514,0.4560924768447876,0.5184768438339233,0.43741023540496826,0.6225581765174866,0.4730491042137146,0.6139313578605652,0.5436578392982483,0.3994521200656891,0.5380693674087524
열심히 놀아라,,"열심히 살았는데도 취업이 쉽지가않다
그니까 걍 놀아라","ㅇㅇ(211.234) 2025.06.01 00:56:46
조회 38 추천 0 댓글 1",추천 0,조회 38,2025.06.01 00:56:46,https://gall.dcinside.com/mgallery/board/view/?id=skk&no=26452&page=5,지역,0.464420884847641,0.506560206413269,0.4038756489753723,0.5252107977867126,0.450317919254303,0.6062126755714417,0.5237084031105042,0.5833112001419067,0.5058234930038452,0.4079844355583191,0.5760054588317871
아첵스에요첵스,,첵스초코에요,"ㅇㅇ(106.101) 2025.05.31 18:49:00
조회 26 추천 0 댓글 0",추천 0,조회 26,2025.05.31 18:49:00,https://gall.dcinside.com/mgallery/board/view/?id=skk&no=26451&page=5,지역,0.38183021545410156,0.449118047952652,0.40795040130615234,0.48217296600341797,0.41221052408218384,0.6119428873062134,0.4369058609008789,0.5823178291320801,0.5428691506385803,0.36683204770088196,0.46540433168411255
재강이형 결혼함?,,"취업은 어떻게 했던데
결혼도함?","ㅇㅇ(51.195) 2025.05.31 07:24:01
조회 35 추천 0 댓글 0",추천 0,조회 35,2025.05.31 07:24:01,https://gall.dcinside.com/mgallery/board/view/?id=skk&no=26450&page=5,기타 혐오,0.44899213314056396,0.40249404311180115,0.42043018341064453,0.47148779034614563,0.32927510142326355,0.5730956792831421,0.4258147180080414,0.58160400390625,0.482097864151001,0.3985564708709717,0.4240596890449524
우울은 맨날 가능하니까,,행복할땐 행복만 하자,"ㅇㅇ(211.235) 2025.05.30 22:52:11
조회 31 추천 0 댓글 0",추천 0,조회 31,2025.05.30 22:52:11,https://gall.dcinside.com/mgallery/board/view/?id=skk&no=26449&page=5,지역,0.3690580427646637,0.5238335132598877,0.4610337018966675,0.4891968071460724,0.4524478316307068,0.6736767292022705,0.43769779801368713,0.5813836455345154,0.4537292420864105,0.4635692238807678,0.5604322552680969
연기안나는거,,윤 연기안,"ㅇㅇ(106.101) 2025.05.30 18:48:29
조회 26 추천 0 댓글 0",추천 0,조회 26,2025.05.30 18:48:29,https://gall.dcinside.com/mgallery/board/view/?id=skk&no=26448&page=5,기타 혐오,0.3958171308040619,0.48161542415618896,0.4062349200248718,0.47121769189834595,0.3164491355419159,0.5816335082054138,0.447742223739624,0.6027764678001404,0.5339340567588806,0.3665253221988678,0.46737369894981384
3트,,엉생,"ㅇㅇ 2025.05.30 17:13:52
조회 42 추천 0 댓글 6",추천 0,조회 42,2025.05.30 17:13:52,https://gall.dcinside.com/mgallery/board/view/?id=skk&no=26447&page=5,기타 혐오,0.3593355417251587,0.4202791452407837,0.3673968017101288,0.46408596634864807,0.39305952191352844,0.5813552737236023,0.4692402482032776,0.5823411345481873,0.5509039759635925,0.381738543510437,0.4765324890613556
맛있는거드실분 2트,,네,"ㅇㅇ 2025.05.29 16:22:45
조회 32 추천 0 댓글 1",추천 0,조회 32,2025.05.29 16:22:45,https://gall.dcinside.com/mgallery/board/view/?id=skk&no=26446&page=5,악플/욕설,0.33858147263526917,0.40912774205207825,0.42180371284484863,0.499750018119812,0.3673763871192932,0.5624522566795349,0.48384490609169006,0.5610883235931396,0.5642331838607788,0.3504825234413147,0.4857751429080963
맛잇는거드실분,,네,"ㅇㅇ 2025.05.28 17:25:43
조회 44 추천 0 댓글 5",추천 0,조회 44,2025.05.28 17:25:43,https://gall.dcinside.com/mgallery/board/view/?id=skk&no=26445&page=5,악플/욕설,0.33858147263526917,0.40912774205207825,0.42180371284484863,0.499750018119812,0.3673763871192932,0.5624522566795349,0.48384490609169006,0.5610883235931396,0.5642331838607788,0.3504825234413147,0.4857751429080963
누구뽑을까,,죄수의딜레마급 난제,"ㅇㅇ 2025.05.28 01:20:44
조회 41 추천 0 댓글 1",추천 0,조회 41,2025.05.28 01:20:44,https://gall.dcinside.com/mgallery/board/view/?id=skk&no=26444&page=5,기타 혐오,0.37908411026000977,0.45903280377388,0.5802769660949707,0.4618067145347595,0.34071511030197144,0.5386772155761719,0.2971991002559662,0.6088707447052002,0.4889557659626007,0.4133755564689636,0.35436147451400757
찌르지 말아주세요 도련님,,,"Raps 2025.05.27 23:57:38
조회 66 추천 0 댓글 4",추천 0,조회 66,2025.05.27 23:57:38,https://gall.dcinside.com/mgallery/board/view/?id=skk&no=26443&page=5,여성/가족,0.0,0.0,0.0,0.0,0.0,0.0,0.0,0.0,0.0,0.0,0.0
한반도의 지배자를 환영합니다,,,"성갤러(220.78) 2025.05.27 22:12:15
조회 44 추천 0 댓글 2",추천 0,조회 44,2025.05.27 22:12:15,https://gall.dcinside.com/mgallery/board/view/?id=skk&no=26442&page=5,여성/가족,0.0,0.0,0.0,0.0,0.0,0.0,0.0,0.0,0.0,0.0,0.0
디도지하로와라,,키스 ㄱㅁ,"성갤러(203.252) 2025.05.27 20:13:12
조회 53 추천 0 댓글 3",추천 0,조회 53,2025.05.27 20:13:12,https://gall.dcinside.com/mgallery/board/view/?id=skk&no=26441&page=5,지역,0.3676719069480896,0.4450431764125824,0.3888576626777649,0.4628429412841797,0.3886594772338867,0.6248717308044434,0.49157434701919556,0.6100462079048157,0.5283604264259338,0.33027541637420654,0.4849148392677307
조울증걸림,,네,"ㅇㅇ 2025.05.27 17:18:40
조회 29 추천 0 댓글 1",추천 0,조회 29,2025.05.27 17:18:40,https://gall.dcinside.com/mgallery/board/view/?id=skk&no=26440&page=5,악플/욕설,0.33858147263526917,0.40912774205207825,0.42180371284484863,0.499750018119812,0.3673763871192932,0.5624522566795349,0.48384490609169006,0.5610883235931396,0.5642331838607788,0.3504825234413147,0.4857751429080963
7억잇으면 탕핑가능,,7억주삼,"ㅇㅇ 2025.05.27 00:54:46
조회 33 추천 0 댓글 1",추천 0,조회 33,2025.05.27 00:54:46,https://gall.dcinside.com/mgallery/board/view/?id=skk&no=26439&page=5,지역,0.4976098835468292,0.5023115277290344,0.48223593831062317,0.4879723787307739,0.4120137393474579,0.6128982901573181,0.42773255705833435,0.5705810189247131,0.5203215479850769,0.36179307103157043,0.5307876467704773
우울증 걸림,,ㅇㅇ,"ㅇㅇ 2025.05.26 22:17:40
조회 39 추천 0 댓글 3",추천 0,조회 39,2025.05.26 22:17:40,https://gall.dcinside.com/mgallery/board/view/?id=skk&no=26438&page=5,악플/욕설,0.3527768552303314,0.391679584980011,0.38230881094932556,0.4645081162452698,0.37009358406066895,0.5333956480026245,0.5120194554328918,0.5743261575698853,0.5922943353652954,0.3613134026527405,0.4554268717765808
미미미미미미미미미치고~싶어~,,,"성갤러(220.78) 2025.05.26 19:01:11
조회 32 추천 0 댓글 4",추천 0,조회 32,2025.05.26 19:01:11,https://gall.dcinside.com/mgallery/board/view/?id=skk&no=26437&page=5,여성/가족,0.0,0.0,0.0,0.0,0.0,0.0,0.0,0.0,0.0,0.0,0.0
코코코코코코콘토-자이,,님도중독됫죠,"ㅇㅇ 2025.05.25 22:26:29
조회 40 추천 0 댓글 3",추천 0,조회 40,2025.05.25 22:26:29,https://gall.dcinside.com/mgallery/board/view/?id=skk&no=26436&page=5,기타 혐오,0.37136125564575195,0.3508606553077698,0.3749445080757141,0.4945319592952728,0.34613293409347534,0.5204644203186035,0.4216235876083374,0.6538761854171753,0.5065141916275024,0.4276193678379059,0.4506581127643585
들으세요,,"https://www.youtube.com/watch?v=iB-rMOtfwq4
독후감제출","ㅇㅇ 2025.05.25 19:35:22
조회 37 추천 0 댓글 3",추천 0,조회 37,2025.05.25 19:35:22,https://gall.dcinside.com/mgallery/board/view/?id=skk&no=26435&page=5,기타 혐오,0.3621933162212372,0.41917580366134644,0.5693894624710083,0.43901053071022034,0.31338590383529663,0.4326801002025604,0.32667165994644165,0.5744208097457886,0.5369710326194763,0.4580855965614319,0.40046074986457825
랩스근육만지고싶어라,,네,"ㅇㅇ 2025.05.25 12:16:50
조회 24 추천 0 댓글 0",추천 0,조회 24,2025.05.25 12:16:50,https://gall.dcinside.com/mgallery/board/view/?id=skk&no=26434&page=5,악플/욕설,0.33858147263526917,0.40912774205207825,0.42180371284484863,0.499750018119812,0.3673763871192932,0.5624522566795349,0.48384490609169006,0.5610883235931396,0.5642331838607788,0.3504825234413147,0.4857751429080963
마음이 공허해,,"그냥 누가 내 길을 정해주면 수긍하고 살아갈텐데
번뇌하는 길을 정해준거면 너무 고통스럽군","ㅇㅇ(211.234) 2025.05.25 11:11:11
조회 30 추천 0 댓글 2",추천 0,조회 30,2025.05.25 11:11:11,https://gall.dcinside.com/mgallery/board/view/?id=skk&no=26433&page=5,기타 혐오,0.3973786532878876,0.44185367226600647,0.5188096165657043,0.4648588299751282,0.29180312156677246,0.483405202627182,0.32014748454093933,0.5536564588546753,0.5113869905471802,0.45213305950164795,0.4079071879386902
똥뿌직,,네,"ㅇㅇ 2025.05.25 01:54:03
조회 29 추천 0 댓글 1",추천 0,조회 29,2025.05.25 01:54:03,https://gall.dcinside.com/mgallery/board/view/?id=skk&no=26432&page=5,악플/욕설,0.33858147263526917,0.40912774205207825,0.42180371284484863,0.499750018119812,0.3673763871192932,0.5624522566795349,0.48384490609169006,0.5610883235931396,0.5642331838607788,0.3504825234413147,0.4857751429080963
저기갤 개웃기네 ㅋㅋ,,젖탱이 부비적대는걸 꾹꾹이라 부르는구나,"Raps 2025.05.25 01:17:35
조회 68 추천 0 댓글 6",추천 0,조회 68,2025.05.25 01:17:35,https://gall.dcinside.com/mgallery/board/view/?id=skk&no=26431&page=5,기타 혐오,0.37150368094444275,0.4107024073600769,0.476603627204895,0.49501609802246094,0.30102232098579407,0.580177366733551,0.42045462131500244,0.6484478712081909,0.4225822389125824,0.40558648109436035,0.4664310812950134
아하,,,"ㅇㅇ(106.101) 2025.05.24 17:50:49
조회 55 추천 0 댓글 5",추천 0,조회 55,2025.05.24 17:50:49,https://gall.dcinside.com/mgallery/board/view/?id=skk&no=26430&page=5,여성/가족,0.0,0.0,0.0,0.0,0.0,0.0,0.0,0.0,0.0,0.0,0.0
님아,,10분늦음,"ㅇㅇ 2025.05.24 09:52:06
조회 33 추천 0 댓글 4",추천 0,조회 33,2025.05.24 09:52:06,https://gall.dcinside.com/mgallery/board/view/?id=skk&no=26429&page=5,기타 혐오,0.41497883200645447,0.4133431017398834,0.4248656928539276,0.524735689163208,0.3764163851737976,0.5990268588066101,0.39402878284454346,0.6201422214508057,0.5498517751693726,0.3616373836994171,0.46293845772743225
왜 내집앞에,,역이 없는거임,"ㅇㅇ(106.101) 2025.05.24 09:34:18
조회 30 추천 0 댓글 0",추천 0,조회 30,2025.05.24 09:34:18,https://gall.dcinside.com/mgallery/board/view/?id=skk&no=26428&page=5,악플/욕설,0.3207918107509613,0.37221261858940125,0.3158595860004425,0.38851839303970337,0.3581685721874237,0.5065837502479553,0.5053353309631348,0.5539869666099548,0.5579798817634583,0.4084429442882538,0.4855874180793762
토론재밋네,,네,"ㅇㅇ 2025.05.23 22:19:27
조회 50 추천 0 댓글 5",추천 0,조회 50,2025.05.23 22:19:27,https://gall.dcinside.com/mgallery/board/view/?id=skk&no=26427&page=5,악플/욕설,0.33858147263526917,0.40912774205207825,0.42180371284484863,0.499750018119812,0.3673763871192932,0.5624522566795349,0.48384490609169006,0.5610883235931396,0.5642331838607788,0.3504825234413147,0.4857751429080963
가솔린앤로지스 여기어때요,,츠케멘,"ㅇㅇ 2025.05.23 20:19:47
조회 65 추천 0 댓글 4",추천 0,조회 65,2025.05.23 20:19:47,https://gall.dcinside.com/mgallery/board/view/?id=skk&no=26426&page=5,지역,0.3536206781864166,0.4154980480670929,0.3723338842391968,0.47403475642204285,0.37432411313056946,0.6532251238822937,0.4913490116596222,0.612048327922821,0.5389014482498169,0.3447567820549011,0.4822126626968384
근처에서 머먹으면되지,,네,"ㅇㅇ 2025.05.23 20:00:26
조회 40 추천 0 댓글 3",추천 0,조회 40,2025.05.23 20:00:26,https://gall.dcinside.com/mgallery/board/view/?id=skk&no=26425&page=5,악플/욕설,0.33858147263526917,0.40912774205207825,0.42180371284484863,0.499750018119812,0.3673763871192932,0.5624522566795349,0.48384490609169006,0.5610883235931396,0.5642331838607788,0.3504825234413147,0.4857751429080963
몇시,,어디,"ㅇㅇ(106.101) 2025.05.23 19:47:29
조회 39 추천 0 댓글 7",추천 0,조회 39,2025.05.23 19:47:29,https://gall.dcinside.com/mgallery/board/view/?id=skk&no=26424&page=5,기타 혐오,0.35777783393859863,0.40492281317710876,0.39276444911956787,0.4764360785484314,0.40596887469291687,0.5900328159332275,0.4823457896709442,0.5911268591880798,0.5449177622795105,0.3291741609573364,0.5105912089347839
지듣노,,https://www.youtube.com/watch?v=uQ-OH9Pek88,"ㅇㅇ 2025.05.23 14:32:53
조회 32 추천 0 댓글 2",추천 0,조회 32,2025.05.23 14:32:53,https://gall.dcinside.com/mgallery/board/view/?id=skk&no=26423&page=5,성소수자,0.3612913489341736,0.4141386151313782,0.5636139512062073,0.4409452974796295,0.31572410464286804,0.42462828755378723,0.33639225363731384,0.5608126521110535,0.5624577403068542,0.45144498348236084,0.39537444710731506
놀,,고싶어라,"ㅇㅇ 2025.05.22 18:51:25
조회 26 추천 0 댓글 1",추천 0,조회 26,2025.05.22 18:51:25,https://gall.dcinside.com/mgallery/board/view/?id=skk&no=26422&page=5,기타 혐오,0.3881891667842865,0.4330854117870331,0.4231739640235901,0.4821696877479553,0.3591517508029938,0.6133587956428528,0.411092609167099,0.6587125658988953,0.44150134921073914,0.3552757799625397,0.4544910192489624
방본만,,용이살던마을,"ㅇㅇ 2025.05.22 00:32:35
조회 37 추천 0 댓글 2",추천 0,조회 37,2025.05.22 00:32:35,https://gall.dcinside.com/mgallery/board/view/?id=skk&no=26421&page=5,기타 혐오,0.3726162016391754,0.42646440863609314,0.3814755380153656,0.425559401512146,0.37020963430404663,0.58559650182724,0.45057958364486694,0.6073024272918701,0.49128276109695435,0.39643511176109314,0.46965491771698
이거학교맞음?,,,"성갤러(220.78) 2025.05.21 21:57:29
조회 58 추천 0 댓글 2",추천 0,조회 58,2025.05.21 21:57:29,https://gall.dcinside.com/mgallery/board/view/?id=skk&no=26420&page=5,여성/가족,0.0,0.0,0.0,0.0,0.0,0.0,0.0,0.0,0.0,0.0,0.0
짱깨 << 그냥 신임,,그냥 천재,"성갤러(220.78) 2025.05.21 21:19:38
조회 49 추천 0 댓글 4",추천 0,조회 49,2025.05.21 21:19:38,https://gall.dcinside.com/mgallery/board/view/?id=skk&no=26419&page=5,기타 혐오,0.39056596159935,0.4160095453262329,0.4339981973171234,0.5279316902160645,0.28790122270584106,0.5621095299720764,0.45968008041381836,0.6237612962722778,0.4856381118297577,0.39388108253479004,0.46702104806900024
가자고말자고,,가자지구,"ㅇㅇ 2025.05.21 17:51:20
조회 31 추천 0 댓글 1",추천 0,조회 31,2025.05.21 17:51:20,https://gall.dcinside.com/mgallery/board/view/?id=skk&no=26418&page=5,지역,0.35192546248435974,0.4582922160625458,0.413398802280426,0.455362468957901,0.3689975142478943,0.6849100589752197,0.44393864274024963,0.5866663455963135,0.5499313473701477,0.3614734709262848,0.5463648438453674
님갈거임?,,플레이엑스포?,"ㅇㅇ(106.101) 2025.05.21 15:05:03
조회 49 추천 0 댓글 4",추천 0,조회 49,2025.05.21 15:05:03,https://gall.dcinside.com/mgallery/board/view/?id=skk&no=26417&page=5,기타 혐오,0.38660839200019836,0.4313057065010071,0.45767834782600403,0.47058385610580444,0.3911398649215698,0.5885493755340576,0.43821051716804504,0.603978157043457,0.48529818654060364,0.36177876591682434,0.43708086013793945
놀자,,ㅇㅇ,"ㅇㅇ 2025.05.20 20:44:16
조회 36 추천 0 댓글 2",추천 0,조회 36,2025.05.20 20:44:16,https://gall.dcinside.com/mgallery/board/view/?id=skk&no=26416&page=5,악플/욕설,0.3527768552303314,0.391679584980011,0.38230881094932556,0.4645081162452698,0.37009358406066895,0.5333956480026245,0.5120194554328918,0.5743261575698853,0.5922943353652954,0.3613134026527405,0.4554268717765808
사람으로살기 1일차,,1치취침10시기상,"Raps 2025.05.20 18:07:11
조회 49 추천 0 댓글 1",추천 0,조회 49,2025.05.20 18:07:11,https://gall.dcinside.com/mgallery/board/view/?id=skk&no=26415&page=5,지역,0.3682720363140106,0.4068887531757355,0.38695141673088074,0.4682573676109314,0.4492555856704712,0.6430124640464783,0.4420020878314972,0.5919076204299927,0.5273011922836304,0.3449872136116028,0.5493487119674683
마짱뜨자,,ㅇㅇ,"ㅇㅇ 2025.05.20 17:26:37
조회 37 추천 0 댓글 2",추천 0,조회 37,2025.05.20 17:26:37,https://gall.dcinside.com/mgallery/board/view/?id=skk&no=26414&page=5,악플/욕설,0.3527768552303314,0.391679584980011,0.38230881094932556,0.4645081162452698,0.37009358406066895,0.5333956480026245,0.5120194554328918,0.5743261575698853,0.5922943353652954,0.3613134026527405,0.4554268717765808
우두버 추천좀요,,버두버  제외 ㅇㅇ,"ㅇㅇ 2025.05.20 00:15:36
조회 39 추천 0 댓글 3",추천 0,조회 39,2025.05.20 00:15:36,https://gall.dcinside.com/mgallery/board/view/?id=skk&no=26413&page=5,기타 혐오,0.40859153866767883,0.46269312500953674,0.467361718416214,0.5237937569618225,0.48134443163871765,0.5724964737892151,0.4248725473880768,0.6080260872840881,0.5263350009918213,0.40034323930740356,0.4432145655155182
아배고파,,ㅁㅊ,"ㅇㅇ 2025.05.19 23:41:12
조회 31 추천 0 댓글 1",추천 0,조회 31,2025.05.19 23:41:12,https://gall.dcinside.com/mgallery/board/view/?id=skk&no=26412&page=5,지역,0.3650396466255188,0.448199987411499,0.43262189626693726,0.5682793855667114,0.4286007285118103,0.6065510511398315,0.47336840629577637,0.5884987115859985,0.5616136789321899,0.3390966057777405,0.583351731300354
학교에서 단체 메일 받은거 받는사람에,,"학교메일이 러브라이브인사람있네

설마","ㅇㅇ(106.101) 2025.05.19 23:18:09
조회 49 추천 0 댓글 9",추천 0,조회 49,2025.05.19 23:18:09,https://gall.dcinside.com/mgallery/board/view/?id=skk&no=26411&page=5,지역,0.3190842270851135,0.4302815794944763,0.4696899950504303,0.472821444272995,0.37181681394577026,0.631510317325592,0.437547504901886,0.5806859135627747,0.49969929456710815,0.379299521446228,0.4620862305164337
방명록에 표식생김 ㄷㄷ,,무서웡,"ㅇㅇ 2025.05.19 23:02:59
조회 37 추천 0 댓글 2",추천 0,조회 37,2025.05.19 23:02:59,https://gall.dcinside.com/mgallery/board/view/?id=skk&no=26410&page=5,지역,0.43103381991386414,0.42310354113578796,0.38228902220726013,0.46733129024505615,0.43067029118537903,0.6358042359352112,0.46759358048439026,0.6216946840286255,0.49568817019462585,0.36366933584213257,0.46104466915130615
여우수인학교를 다니고,,내 인생이 달라졌다,"성갤러(220.78) 2025.05.19 21:48:27
조회 34 추천 0 댓글 2",추천 0,조회 34,2025.05.19 21:48:27,https://gall.dcinside.com/mgallery/board/view/?id=skk&no=26409&page=5,기타 혐오,0.3840944170951843,0.47367894649505615,0.4843114912509918,0.5171867609024048,0.3618818521499634,0.5845704674720764,0.3977573812007904,0.6472302675247192,0.4471612870693207,0.4316137433052063,0.4401508569717407
대위님,,떠러지심,"ㅇㅇ 2025.05.19 21:12:30
조회 50 추천 0 댓글 7",추천 0,조회 50,2025.05.19 21:12:30,https://gall.dcinside.com/mgallery/board/view/?id=skk&no=26408&page=5,기타 혐오,0.4260028600692749,0.4545181691646576,0.3763357698917389,0.44018790125846863,0.36947330832481384,0.5624256134033203,0.43016675114631653,0.5665695071220398,0.4846908152103424,0.37305209040641785,0.43786871433258057
나 < 인생망함,,살려줘,"Raps 2025.05.19 18:29:07
조회 57 추천 0 댓글 5",추천 0,조회 57,2025.05.19 18:29:07,https://gall.dcinside.com/mgallery/board/view/?id=skk&no=26407&page=6,지역,0.3965146541595459,0.5025289058685303,0.4637828469276428,0.4939645528793335,0.4560745358467102,0.6464623808860779,0.43035098910331726,0.5976722240447998,0.43584397435188293,0.4198538661003113,0.5148666501045227
죄수전생 << 재미뗘,,재미뗘재미뗘,"ㅇㅇ(39.117) 2025.05.19 02:34:55
조회 42 추천 0 댓글 1",추천 0,조회 42,2025.05.19 02:34:55,https://gall.dcinside.com/mgallery/board/view/?id=skk&no=26406&page=6,기타 혐오,0.3774547874927521,0.4406260550022125,0.39214247465133667,0.4563466012477875,0.35357528924942017,0.5772286057472229,0.46959927678108215,0.6177142262458801,0.5475236773490906,0.3217361569404602,0.43961846828460693
나 여론조사기관 취업할까,,"https://m.dcinside.com/board/loan_new1/13193828
 토론회 기념 잘한 사람 한명 뽑는 사람 선착순 세명 1콩씩 - 대출 갤러리
띱
m.dcinside.com


여론조사 이렇게하는거아닌가요","ㅇㅇ(106.101) 2025.05.18 23:58:31
조회 42 추천 0 댓글 0",추천 0,조회 42,2025.05.18 23:58:31,https://gall.dcinside.com/mgallery/board/view/?id=skk&no=26405&page=6,성소수자,0.3570970296859741,0.3748644292354584,0.613446056842804,0.44989341497421265,0.2830621600151062,0.489347368478775,0.32896703481674194,0.5900979042053223,0.5251137614250183,0.4293123185634613,0.4282727837562561
토론보는데,,"https://youtu.be/pqxmY3y1dJ8

이거 원툴인 사람이 있는데요
양자택일 극단적이야~","성갤러(220.78) 2025.05.18 21:50:19
조회 49 추천 0 댓글 2",추천 0,조회 49,2025.05.18 21:50:19,https://gall.dcinside.com/mgallery/board/view/?id=skk&no=26404&page=6,기타 혐오,0.3839893937110901,0.3751541078090668,0.5375455617904663,0.4814216196537018,0.36275020241737366,0.5233648419380188,0.2930205166339874,0.5892918109893799,0.4576936960220337,0.42714357376098633,0.40279021859169006
돈카츠먹는겸가요,,,"ㅇㅇ(106.101) 2025.05.17 22:50:39
조회 40 추천 0 댓글 4",추천 0,조회 40,2025.05.17 22:50:39,https://gall.dcinside.com/mgallery/board/view/?id=skk&no=26403&page=6,여성/가족,0.0,0.0,0.0,0.0,0.0,0.0,0.0,0.0,0.0,0.0,0.0
검색해서 넘어오네,,잘못했어요,"Raps 2025.05.17 18:20:42
조회 53 추천 0 댓글 4",추천 0,조회 53,2025.05.17 18:20:42,https://gall.dcinside.com/mgallery/board/view/?id=skk&no=26402&page=6,기타 혐오,0.35481157898902893,0.4646264314651489,0.35533085465431213,0.48937559127807617,0.3445957601070404,0.5505422353744507,0.45469844341278076,0.6068188548088074,0.5113858580589294,0.33805468678474426,0.49908769130706787
라면먹는겸가요,,,"성갤러(220.78) 2025.05.17 13:52:18
조회 29 추천 0 댓글 0",추천 0,조회 29,2025.05.17 13:52:18,https://gall.dcinside.com/mgallery/board/view/?id=skk&no=26401&page=6,여성/가족,0.0,0.0,0.0,0.0,0.0,0.0,0.0,0.0,0.0,0.0,0.0
qwer,,가렌콤보,"ㅇㅇ 2025.05.17 12:02:09
조회 46 추천 0 댓글 1",추천 0,조회 46,2025.05.17 12:02:09,https://gall.dcinside.com/mgallery/board/view/?id=skk&no=26400&page=6,지역,0.42559531331062317,0.501859188079834,0.5062022805213928,0.5023232698440552,0.4210664927959442,0.6529623866081238,0.439924955368042,0.5887174606323242,0.48267456889152527,0.4238623380661011,0.4694792926311493
사울구경갈사람,,아님말고,"ㅇㅇ(106.101) 2025.05.17 12:00:24
조회 47 추천 0 댓글 4",추천 0,조회 47,2025.05.17 12:00:24,https://gall.dcinside.com/mgallery/board/view/?id=skk&no=26399&page=6,기타 혐오,0.3329724967479706,0.4068881571292877,0.42581021785736084,0.4983811378479004,0.35865527391433716,0.5869008302688599,0.4665556848049164,0.6119090914726257,0.5809725522994995,0.3663002848625183,0.4671555757522583
어떻게 캐릭터 이름이,,귤복복 ㅋㅋㅋ,"ㅇㅇ(39.117) 2025.05.17 01:15:33
조회 47 추천 0 댓글 2",추천 0,조회 47,2025.05.17 01:15:33,https://gall.dcinside.com/mgallery/board/view/?id=skk&no=26397&page=6,기타 혐오,0.39857134222984314,0.46995991468429565,0.4733797311782837,0.45625951886177063,0.4024188816547394,0.5818944573402405,0.43379223346710205,0.6225805282592773,0.5043398141860962,0.38856014609336853,0.518173098564148
외팔이햄 나름 열심히 하네,,갑자기 호감됨,"ㅇㅇ(106.101) 2025.05.16 17:51:13
조회 33 추천 0 댓글 1",추천 0,조회 33,2025.05.16 17:51:13,https://gall.dcinside.com/mgallery/board/view/?id=skk&no=26396&page=6,지역,0.437953382730484,0.4850386679172516,0.411898672580719,0.4725845456123352,0.36549368500709534,0.5892276167869568,0.42335352301597595,0.5687989592552185,0.5027040243148804,0.3888452351093292,0.42785757780075073
100만넘는 유튜바도 몸또걸리노 ㅅㅂㅋㅋㅋ,,평소에 인터넷도 좀 하고 그래야 몸또같은거 안걸리지 ㅉㅉ,"Raps 2025.05.16 02:53:56
조회 63 추천 0 댓글 1",추천 0,조회 63,2025.05.16 02:53:56,https://gall.dcinside.com/mgallery/board/view/?id=skk&no=26395&page=6,기타 혐오,0.39175042510032654,0.4325340986251831,0.4412219226360321,0.5162886381149292,0.3901800215244293,0.584449052810669,0.40339627861976624,0.6231738328933716,0.5260737538337708,0.40387001633644104,0.4578903019428253
애플워치 기능이뭐임,,왜 차는거임,"ㅇㅇ 2025.05.16 00:39:43
조회 124 추천 0 댓글 4",추천 0,조회 124,2025.05.16 00:39:43,https://gall.dcinside.com/mgallery/board/view/?id=skk&no=26394&page=6,장애,0.4173596203327179,0.419756680727005,0.33970409631729126,0.5466334223747253,0.37456628680229187,0.6188666820526123,0.4456743001937866,0.5948222279548645,0.545811653137207,0.3829510807991028,0.6241157650947571
요즘듣는거,,?si=4NLoDaLxcOMBtufZ,"ㅇㅇ(39.117) 2025.05.15 23:39:31
조회 36 추천 0 댓글 1",추천 0,조회 36,2025.05.15 23:39:31,https://gall.dcinside.com/mgallery/board/view/?id=skk&no=26393&page=6,기타 혐오,0.3917945325374603,0.4591482877731323,0.5413165092468262,0.4173676073551178,0.3067972958087921,0.418824702501297,0.32871657609939575,0.5639000535011292,0.5608329772949219,0.4431278109550476,0.37297487258911133
요새 스우 << 호감이네,,,"성갤러(220.78) 2025.05.15 00:46:58
조회 48 추천 0 댓글 4",추천 0,조회 48,2025.05.15 00:46:58,https://gall.dcinside.com/mgallery/board/view/?id=skk&no=26391&page=6,여성/가족,0.0,0.0,0.0,0.0,0.0,0.0,0.0,0.0,0.0,0.0,0.0
축제,,축제아님,"ㅇㅇ(106.101) 2025.05.14 23:22:23
조회 32 추천 0 댓글 0",추천 0,조회 32,2025.05.14 23:22:23,https://gall.dcinside.com/mgallery/board/view/?id=skk&no=26390&page=6,지역,0.3867546617984772,0.41497838497161865,0.3794269263744354,0.5002322196960449,0.4619714617729187,0.6068626046180725,0.4246557950973511,0.5604801177978516,0.5429711937904358,0.3345716595649719,0.5328181385993958
준스기 무슨 부산 유세하면서 야구장 타령이노,,똥푸산은 공기업 빼면 취직할 회사가 없다고,"Raps 2025.05.14 21:03:17
조회 60 추천 0 댓글 4",추천 0,조회 60,2025.05.14 21:03:17,https://gall.dcinside.com/mgallery/board/view/?id=skk&no=26389&page=6,기타 혐오,0.4112728536128998,0.4459470212459564,0.4101119935512543,0.48424941301345825,0.3805280923843384,0.5941397547721863,0.5116385817527771,0.6064660549163818,0.5115895867347717,0.38526076078414917,0.48356693983078003
"폐토너, 카드 << 이거 실제로 오는거임??",,궁금스,"Raps 2025.05.14 13:24:59
조회 76 추천 0 댓글 9",추천 0,조회 76,2025.05.14 13:24:59,https://gall.dcinside.com/mgallery/board/view/?id=skk&no=26388&page=6,기타 혐오,0.3999859094619751,0.4686402380466461,0.40243592858314514,0.46741682291030884,0.39060506224632263,0.5720154643058777,0.47263139486312866,0.6113901734352112,0.5416976809501648,0.3790430724620819,0.45498892664909363
어질어질하네,,,"ㅇㅇ(106.101) 2025.05.14 12:57:28
조회 55 추천 1 댓글 4",추천 1,조회 55,2025.05.14 12:57:28,https://gall.dcinside.com/mgallery/board/view/?id=skk&no=26387&page=6,여성/가족,0.0,0.0,0.0,0.0,0.0,0.0,0.0,0.0,0.0,0.0,0.0
놀놀,,자자,"ㅇㅇ(106.101) 2025.05.13 18:27:45
조회 42 추천 0 댓글 4",추천 0,조회 42,2025.05.13 18:27:45,https://gall.dcinside.com/mgallery/board/view/?id=skk&no=26385&page=6,지역,0.3734450340270996,0.4150913655757904,0.4244821071624756,0.5109648108482361,0.3880375325679779,0.6103252172470093,0.4424988925457001,0.5997474193572998,0.5509500503540039,0.35317468643188477,0.4999231696128845
짐승같이 살아야겠다,,짐승합격,"Raps 2025.05.13 11:52:48
조회 53 추천 0 댓글 4",추천 0,조회 53,2025.05.13 11:52:48,https://gall.dcinside.com/mgallery/board/view/?id=skk&no=26384&page=6,기타 혐오,0.40300822257995605,0.44035911560058594,0.4053420126438141,0.47683972120285034,0.3550228476524353,0.5850527286529541,0.47484198212623596,0.6397092342376709,0.533314049243927,0.3502405285835266,0.5435171723365784
이제 사람같이 살아야지,,인생을 너무 낭비했다,"Raps 2025.05.13 03:29:08
조회 42 추천 0 댓글 2",추천 0,조회 42,2025.05.13 03:29:08,https://gall.dcinside.com/mgallery/board/view/?id=skk&no=26383&page=6,기타 혐오,0.4027792513370514,0.47391316294670105,0.43694454431533813,0.45147424936294556,0.29504963755607605,0.5663547515869141,0.4032060205936432,0.660941481590271,0.5010002851486206,0.3548499047756195,0.5154758095741272
성우도 다 무쌩김,,네,"ㅇㅇ 2025.05.13 00:56:58
조회 24 추천 0 댓글 0",추천 0,조회 24,2025.05.13 00:56:58,https://gall.dcinside.com/mgallery/board/view/?id=skk&no=26382&page=6,악플/욕설,0.33858147263526917,0.40912774205207825,0.42180371284484863,0.499750018119812,0.3673763871192932,0.5624522566795349,0.48384490609169006,0.5610883235931396,0.5642331838607788,0.3504825234413147,0.4857751429080963
놀자이자이자슥아,,네,"ㅇㅇ 2025.05.12 23:18:27
조회 34 추천 0 댓글 3",추천 0,조회 34,2025.05.12 23:18:27,https://gall.dcinside.com/mgallery/board/view/?id=skk&no=26381&page=6,악플/욕설,0.33858147263526917,0.40912774205207825,0.42180371284484863,0.499750018119812,0.3673763871192932,0.5624522566795349,0.48384490609169006,0.5610883235931396,0.5642331838607788,0.3504825234413147,0.4857751429080963
놀장께?,,네,"ㅇㅇ 2025.05.12 21:38:40
조회 33 추천 0 댓글 3",추천 0,조회 33,2025.05.12 21:38:40,https://gall.dcinside.com/mgallery/board/view/?id=skk&no=26380&page=6,악플/욕설,0.33858147263526917,0.40912774205207825,0.42180371284484863,0.499750018119812,0.3673763871192932,0.5624522566795349,0.48384490609169006,0.5610883235931396,0.5642331838607788,0.3504825234413147,0.4857751429080963
새로 올라온 뮤비 보는데,,"그림 한장가지고 끝까지 우려먹네
원래그런거임?","ㅇㅇ(106.101) 2025.05.12 20:49:27
조회 24 추천 0 댓글 2",추천 0,조회 24,2025.05.12 20:49:27,https://gall.dcinside.com/mgallery/board/view/?id=skk&no=26379&page=6,기타 혐오,0.4037858247756958,0.4638076424598694,0.47947072982788086,0.524537205696106,0.33352047204971313,0.5587025880813599,0.4243272542953491,0.6253571510314941,0.42349374294281006,0.42299386858940125,0.4933515191078186
아아,,심심하도다,"ㅇㅇ(106.101) 2025.05.12 19:41:21
조회 30 추천 0 댓글 4",추천 0,조회 30,2025.05.12 19:41:21,https://gall.dcinside.com/mgallery/board/view/?id=skk&no=26378&page=6,기타 혐오,0.3754073977470398,0.4588676989078522,0.4023931920528412,0.39520660042762756,0.34424564242362976,0.6204240918159485,0.5153659582138062,0.6314983367919922,0.5332629680633545,0.3299967348575592,0.445503830909729
통신학교 아이돌은머야,,무리수오지네,"ㅇㅇ 2025.05.12 14:08:01
조회 39 추천 0 댓글 2",추천 0,조회 39,2025.05.12 14:08:01,https://gall.dcinside.com/mgallery/board/view/?id=skk&no=26377&page=6,기타 혐오,0.3787693381309509,0.47845739126205444,0.40833956003189087,0.47649332880973816,0.349042147397995,0.5642446875572205,0.4604613780975342,0.6111140847206116,0.4966756999492645,0.30084919929504395,0.5014509558677673
닫는노래,,https://www.youtube.com/watch?v=PrkZ-FcUW-k,"ㅇㅇ(106.101) 2025.05.12 03:04:28
조회 27 추천 0 댓글 0",추천 0,조회 27,2025.05.12 03:04:28,https://gall.dcinside.com/mgallery/board/view/?id=skk&no=26376&page=6,성소수자,0.3767801523208618,0.44524291157722473,0.5598253011703491,0.42799440026283264,0.30888354778289795,0.42056533694267273,0.3145790696144104,0.5380045771598816,0.5586581826210022,0.45717424154281616,0.3645053505897522
그냥 무난한데,,2명이서 100개 질문하는 그사람들맞죠?,"성갤러(220.78) 2025.05.12 00:07:43
조회 32 추천 0 댓글 2",추천 0,조회 32,2025.05.12 00:07:43,https://gall.dcinside.com/mgallery/board/view/?id=skk&no=26375&page=6,기타 혐오,0.3637242317199707,0.3733142912387848,0.5311739444732666,0.4601288437843323,0.344491183757782,0.5369845628738403,0.3689533770084381,0.5830774903297424,0.5154675841331482,0.41658762097358704,0.40882864594459534
근책하실분,,네,"ㅇㅇ 2025.05.11 21:57:52
조회 51 추천 0 댓글 12",추천 0,조회 51,2025.05.11 21:57:52,https://gall.dcinside.com/mgallery/board/view/?id=skk&no=26374&page=6,악플/욕설,0.33858147263526917,0.40912774205207825,0.42180371284484863,0.499750018119812,0.3673763871192932,0.5624522566795349,0.48384490609169006,0.5610883235931396,0.5642331838607788,0.3504825234413147,0.4857751429080963
로스트소드 << 이거 괜찮은거 같은데,,방치형인데 가슴이 큼,"성갤러(220.78) 2025.05.11 04:57:01
조회 36 추천 1 댓글 2",추천 1,조회 36,2025.05.11 04:57:01,https://gall.dcinside.com/mgallery/board/view/?id=skk&no=26373&page=6,지역,0.39404210448265076,0.42872726917266846,0.4026891589164734,0.510796070098877,0.42301779985427856,0.6140660047531128,0.44745901226997375,0.6108802556991577,0.5041904449462891,0.3815249800682068,0.489941269159317
안씻고 하루종일 게임하는 사람에서,,하루종일 게임하다가 씻고 다시 게임하는 사람됨,"성갤러(220.78) 2025.05.11 02:05:20
조회 35 추천 0 댓글 5",추천 0,조회 35,2025.05.11 02:05:20,https://gall.dcinside.com/mgallery/board/view/?id=skk&no=26372&page=6,기타 혐오,0.4042309820652008,0.3771296739578247,0.5497384667396545,0.46863994002342224,0.3207901418209076,0.4711146354675293,0.34137845039367676,0.6254773736000061,0.5231744647026062,0.4348610043525696,0.4542633593082428
내일 6세대나옴,,네,"ㅇㅇ 2025.05.11 01:10:22
조회 61 추천 0 댓글 22",추천 0,조회 61,2025.05.11 01:10:22,https://gall.dcinside.com/mgallery/board/view/?id=skk&no=26371&page=6,악플/욕설,0.33858147263526917,0.40912774205207825,0.42180371284484863,0.499750018119812,0.3673763871192932,0.5624522566795349,0.48384490609169006,0.5610883235931396,0.5642331838607788,0.3504825234413147,0.4857751429080963
게이밍 태블릿살건데,,모바일 게임을 안함,"ㅇㅇ 2025.05.11 00:30:14
조회 30 추천 0 댓글 1",추천 0,조회 30,2025.05.11 00:30:14,https://gall.dcinside.com/mgallery/board/view/?id=skk&no=26370&page=6,지역,0.3328650891780853,0.4006692171096802,0.4309747517108917,0.45647597312927246,0.43965083360671997,0.6464359760284424,0.42466652393341064,0.5869097113609314,0.5518271923065186,0.516287624835968,0.48084574937820435
놀자,,제발놀아줘,"ㅇㅇ(106.101) 2025.05.10 23:29:43
조회 35 추천 0 댓글 8",추천 0,조회 35,2025.05.10 23:29:43,https://gall.dcinside.com/mgallery/board/view/?id=skk&no=26369&page=6,지역,0.3657117486000061,0.43950870633125305,0.46265557408332825,0.40854600071907043,0.41975051164627075,0.641160786151886,0.4645216166973114,0.576696515083313,0.5320400595664978,0.38206908106803894,0.48732030391693115
줘깥네,,ㅇㅇ,"ㅇㅇ 2025.05.10 21:57:11
조회 40 추천 0 댓글 7",추천 0,조회 40,2025.05.10 21:57:11,https://gall.dcinside.com/mgallery/board/view/?id=skk&no=26368&page=6,악플/욕설,0.3527768552303314,0.391679584980011,0.38230881094932556,0.4645081162452698,0.37009358406066895,0.5333956480026245,0.5120194554328918,0.5743261575698853,0.5922943353652954,0.3613134026527405,0.4554268717765808
피프티피프티 << 3명 도망갔는데도 타격 없음 ㅋㅋ,,어차피 누가 누군지 모른다는거임,"Raps 2025.05.10 21:48:30
조회 84 추천 3 댓글 4",추천 3,조회 84,2025.05.10 21:48:30,https://gall.dcinside.com/mgallery/board/view/?id=skk&no=26367&page=6,지역,0.40057989954948425,0.502745509147644,0.4102228283882141,0.507468044757843,0.4506164789199829,0.6455682516098022,0.4910877048969269,0.5285699963569641,0.5412655472755432,0.3642151653766632,0.5076899528503418
치킨먹을까요,,네ㅐ,"ㅇㅇ 2025.05.10 21:01:03
조회 46 추천 0 댓글 9",추천 0,조회 46,2025.05.10 21:01:03,https://gall.dcinside.com/mgallery/board/view/?id=skk&no=26366&page=6,기타 혐오,0.35499900579452515,0.4124928414821625,0.4130985140800476,0.5163951516151428,0.3912205696105957,0.5507232546806335,0.4525190591812134,0.6030104756355286,0.5522763729095459,0.3612750768661499,0.47336140275001526
은근 재밌는 똥만화,,시간정지용사,"ㅇㅇ(39.117) 2025.05.10 20:27:27
조회 45 추천 0 댓글 2",추천 0,조회 45,2025.05.10 20:27:27,https://gall.dcinside.com/mgallery/board/view/?id=skk&no=26365&page=6,지역,0.3667871952056885,0.49959322810173035,0.4364205598831177,0.42042970657348633,0.39766159653663635,0.6149803996086121,0.4802522361278534,0.602462112903595,0.4997413158416748,0.3719260096549988,0.4527297616004944
카나데 후지산 富地山라고 썻네,,,"ㅇㅇ(106.101) 2025.05.10 19:31:50
조회 43 추천 0 댓글 2",추천 0,조회 43,2025.05.10 19:31:50,https://gall.dcinside.com/mgallery/board/view/?id=skk&no=26364&page=6,여성/가족,0.0,0.0,0.0,0.0,0.0,0.0,0.0,0.0,0.0,0.0,0.0
놀자고?,,뭐허고,"ㅇㅇ 2025.05.10 19:13:14
조회 30 추천 0 댓글 5",추천 0,조회 30,2025.05.10 19:13:14,https://gall.dcinside.com/mgallery/board/view/?id=skk&no=26363&page=6,지역,0.3628620207309723,0.39792487025260925,0.3706023395061493,0.4237346649169922,0.37468814849853516,0.6320366859436035,0.5135708451271057,0.590961217880249,0.5596795082092285,0.32505932450294495,0.49068519473075867
지듣노,,"https://youtube.com/watch?v=IiCKMyNuFYc
 【オリジナル】海底↓トランスミッション【火閻まどか/めがらいと】
声を大にして言いますが、ワニ専用ドライバーになります！！海底↓トランスミッションVocal：火閻まどかMusic：火閻まどかLyric：火閻まどかIllust：めがらいとMovie：めがらいとMix：めがらいとProduce ：めがらいとーーーーーーーーーーーーーー真夜中にぱっと おやすみのぽっぷす海月の傘は 雨...
youtube.com
운듣노","Raps 2025.05.10 17:18:25
조회 37 추천 1 댓글 5",추천 1,조회 37,2025.05.10 17:18:25,https://gall.dcinside.com/mgallery/board/view/?id=skk&no=26362&page=6,기타 혐오,0.35281988978385925,0.3814014792442322,0.593716561794281,0.46808522939682007,0.32867667078971863,0.5274809002876282,0.35525956749916077,0.6172497272491455,0.4474620223045349,0.5050361156463623,0.42016565799713135
놀자,,자놀,"ㅇㅇ(106.101) 2025.05.10 16:09:59
조회 38 추천 0 댓글 10",추천 0,조회 38,2025.05.10 16:09:59,https://gall.dcinside.com/mgallery/board/view/?id=skk&no=26361&page=6,지역,0.35934242606163025,0.42386478185653687,0.4157786965370178,0.444375604391098,0.37889090180397034,0.594761073589325,0.4941885769367218,0.5739379525184631,0.5422429442405701,0.33651021122932434,0.5136590003967285
학원마스 큰거온다,,https://www.youtube.com/watch?v=SPXHpau0jJI,"ㅇㅇ(106.101) 2025.05.09 22:47:02
조회 47 추천 0 댓글 4",추천 0,조회 47,2025.05.09 22:47:02,https://gall.dcinside.com/mgallery/board/view/?id=skk&no=26360&page=6,성소수자,0.36520954966545105,0.42080235481262207,0.5681467652320862,0.4425852298736572,0.31259146332740784,0.4345792829990387,0.32805177569389343,0.5607755780220032,0.5537854433059692,0.4623291790485382,0.38604891300201416
아니,,디시광고 애드가드로 안막혀,"ㅇㅇ(106.101) 2025.05.09 19:17:48
조회 37 추천 0 댓글 2",추천 0,조회 37,2025.05.09 19:17:48,https://gall.dcinside.com/mgallery/board/view/?id=skk&no=26359&page=6,지역,0.40327656269073486,0.45189791917800903,0.4935908317565918,0.5442547798156738,0.40357598662376404,0.6461953520774841,0.3975220024585724,0.6166127324104309,0.4837886095046997,0.39488643407821655,0.4199131727218628
와츄고나두 << 이거뭐냐,,https://www.youtube.com/watch?v=7hxVVU4zGuo,"ㅇㅇ(106.101) 2025.05.09 03:06:41
조회 34 추천 0 댓글 3",추천 0,조회 34,2025.05.09 03:06:41,https://gall.dcinside.com/mgallery/board/view/?id=skk&no=26358&page=6,악플/욕설,0.3830333352088928,0.4520862102508545,0.5624542236328125,0.4232524633407593,0.3155336081981659,0.42041006684303284,0.3177800178527832,0.5443107485771179,0.5625121593475342,0.4660491645336151,0.3632901906967163
짹쮸,,네,"ㅇㅇ 2025.05.08 21:08:25
조회 23 추천 0 댓글 0",추천 0,조회 23,2025.05.08 21:08:25,https://gall.dcinside.com/mgallery/board/view/?id=skk&no=26357&page=6,악플/욕설,0.33858147263526917,0.40912774205207825,0.42180371284484863,0.499750018119812,0.3673763871192932,0.5624522566795349,0.48384490609169006,0.5610883235931396,0.5642331838607788,0.3504825234413147,0.4857751429080963
대댓글 ㄴㄴ << 이거 이제 안써도 되네,,네,"성갤러(220.78) 2025.05.08 20:58:43
조회 48 추천 0 댓글 6",추천 0,조회 48,2025.05.08 20:58:43,https://gall.dcinside.com/mgallery/board/view/?id=skk&no=26356&page=6,악플/욕설,0.33858147263526917,0.40912774205207825,0.42180371284484863,0.499750018119812,0.3673763871192932,0.5624522566795349,0.48384490609169006,0.5610883235931396,0.5642331838607788,0.3504825234413147,0.4857751429080963
얼리버드기상,,같이가,"Raps 2025.05.08 18:21:50
조회 50 추천 0 댓글 4",추천 0,조회 50,2025.05.08 18:21:50,https://gall.dcinside.com/mgallery/board/view/?id=skk&no=26355&page=6,지역,0.3674032986164093,0.422296941280365,0.40211954712867737,0.46042579412460327,0.41062068939208984,0.590632438659668,0.4631482660770416,0.5566400289535522,0.560738742351532,0.3848814368247986,0.48447975516319275
배고파죽겟,,다,"ㅇㅇ(106.101) 2025.05.08 18:01:26
조회 31 추천 0 댓글 5",추천 0,조회 31,2025.05.08 18:01:26,https://gall.dcinside.com/mgallery/board/view/?id=skk&no=26354&page=7,지역,0.35533925890922546,0.4401978850364685,0.3772702217102051,0.4960313141345978,0.39653700590133667,0.5802932977676392,0.44698795676231384,0.5711185336112976,0.5633830428123474,0.3654467463493347,0.48971235752105713
가?,,나?,"ㅇㅇ(106.101) 2025.05.08 16:27:13
조회 27 추천 0 댓글 1",추천 0,조회 27,2025.05.08 16:27:13,https://gall.dcinside.com/mgallery/board/view/?id=skk&no=26353&page=7,기타 혐오,0.3650266230106354,0.3706192374229431,0.4444291889667511,0.49928635358810425,0.3477620780467987,0.5587721467018127,0.4605298340320587,0.6289194226264954,0.5462861061096191,0.37293118238449097,0.46504369378089905
단 오늘은 제외,,점심을너무늦게먹음,"Raps 2025.05.07 18:54:06
조회 37 추천 0 댓글 2",추천 0,조회 37,2025.05.07 18:54:06,https://gall.dcinside.com/mgallery/board/view/?id=skk&no=26352&page=7,지역,0.32554152607917786,0.4326423406600952,0.46322017908096313,0.5077506899833679,0.3891853988170624,0.6435671448707581,0.4365105926990509,0.5394913554191589,0.5695281028747559,0.37680768966674805,0.4771469533443451
랩가가,,랩스가면간다는뜻,"ㅇㅇ(106.101) 2025.05.07 17:48:43
조회 27 추천 0 댓글 1",추천 0,조회 27,2025.05.07 17:48:43,https://gall.dcinside.com/mgallery/board/view/?id=skk&no=26351&page=7,기타 혐오,0.3845869302749634,0.437806636095047,0.4090658128261566,0.45490893721580505,0.3783319294452667,0.6155524253845215,0.4517997205257416,0.6266691088676453,0.5432164072990417,0.39824995398521423,0.49741312861442566
오늘갈까,,아님말고,"성갤러(115.145) 2025.05.07 15:02:03
조회 49 추천 0 댓글 2",추천 0,조회 49,2025.05.07 15:02:03,https://gall.dcinside.com/mgallery/board/view/?id=skk&no=26350&page=7,기타 혐오,0.3329724967479706,0.4068881571292877,0.42581021785736084,0.4983811378479004,0.35865527391433716,0.5869008302688599,0.4665556848049164,0.6119090914726257,0.5809725522994995,0.3663002848625183,0.4671555757522583
언제가요 그래서,,네,"ㅇㅇ 2025.05.07 01:32:11
조회 34 추천 0 댓글 2",추천 0,조회 34,2025.05.07 01:32:11,https://gall.dcinside.com/mgallery/board/view/?id=skk&no=26349&page=7,악플/욕설,0.33858147263526917,0.40912774205207825,0.42180371284484863,0.499750018119812,0.3673763871192932,0.5624522566795349,0.48384490609169006,0.5610883235931396,0.5642331838607788,0.3504825234413147,0.4857751429080963
하꼬 버튜버를 보고싶다,,그런 밤이네요,"성갤러(220.78) 2025.05.06 23:11:27
조회 33 추천 0 댓글 2",추천 0,조회 33,2025.05.06 23:11:27,https://gall.dcinside.com/mgallery/board/view/?id=skk&no=26348&page=7,지역,0.39767906069755554,0.4234561026096344,0.4147149324417114,0.5077832341194153,0.39297664165496826,0.6138889789581299,0.4504874646663666,0.5472801327705383,0.5530076026916504,0.38031384348869324,0.500381350517273
근데 부숯갈 너무비싸,,네,"ㅇㅇ 2025.05.06 22:23:00
조회 49 추천 1 댓글 8",추천 1,조회 49,2025.05.06 22:23:00,https://gall.dcinside.com/mgallery/board/view/?id=skk&no=26347&page=7,악플/욕설,0.33858147263526917,0.40912774205207825,0.42180371284484863,0.499750018119812,0.3673763871192932,0.5624522566795349,0.48384490609169006,0.5610883235931396,0.5642331838607788,0.3504825234413147,0.4857751429080963
복귀완,,한달만 참으면 종강 ㅅㅅ,"Raps 2025.05.06 20:02:32
조회 31 추천 0 댓글 2",추천 0,조회 31,2025.05.06 20:02:32,https://gall.dcinside.com/mgallery/board/view/?id=skk&no=26346&page=7,지역,0.37598758935928345,0.4461364448070526,0.42096713185310364,0.5176792144775391,0.39260590076446533,0.6455584764480591,0.46450328826904297,0.5991662740707397,0.5030138492584229,0.40996313095092773,0.5290992259979248
와 오랜만에 햄부거먹엇는데,,패티의 기름진 맛 정신나가겟네,"ㅇㅇ(106.101) 2025.05.06 15:36:32
조회 30 추천 1 댓글 2",추천 1,조회 30,2025.05.06 15:36:32,https://gall.dcinside.com/mgallery/board/view/?id=skk&no=26345&page=7,지역,0.35662853717803955,0.44107964634895325,0.3768537640571594,0.5378122925758362,0.4006649851799011,0.5966303944587708,0.43367117643356323,0.5760088562965393,0.4844992160797119,0.3685067594051361,0.49712100625038147
어우졸려,,,"ㅇㅇ 2025.05.06 05:39:08
조회 27 추천 0 댓글 1",추천 0,조회 27,2025.05.06 05:39:08,https://gall.dcinside.com/mgallery/board/view/?id=skk&no=26344&page=7,여성/가족,0.0,0.0,0.0,0.0,0.0,0.0,0.0,0.0,0.0,0.0,0.0
놀자놀자놀자놀자놀자,,놀자놀자놀자놀자,"ㅇㅇ(106.101) 2025.05.04 22:22:32
조회 49 추천 0 댓글 8",추천 0,조회 49,2025.05.04 22:22:32,https://gall.dcinside.com/mgallery/board/view/?id=skk&no=26343&page=7,지역,0.3584657311439514,0.4802521765232086,0.4680040180683136,0.427798867225647,0.4545562267303467,0.6621777415275574,0.4873606860637665,0.5811407566070557,0.5523298382759094,0.35699716210365295,0.5488232970237732
놀.,,자.,"ㅇㅇ(106.101) 2025.05.04 13:04:20
조회 33 추천 0 댓글 4",추천 0,조회 33,2025.05.04 13:04:20,https://gall.dcinside.com/mgallery/board/view/?id=skk&no=26342&page=7,지역,0.3361795246601105,0.40584880113601685,0.44783926010131836,0.48127424716949463,0.3401908278465271,0.6024153828620911,0.4626828134059906,0.5363633632659912,0.5471199154853821,0.3789595067501068,0.47050800919532776
Gpt로 프로젝트과제하는데 gpt는 그냥 신이구나,,사람은 병신이구나,"Raps 2025.05.04 02:03:06
조회 59 추천 0 댓글 4",추천 0,조회 59,2025.05.04 02:03:06,https://gall.dcinside.com/mgallery/board/view/?id=skk&no=26341&page=7,기타 혐오,0.3746410310268402,0.47830265760421753,0.385626882314682,0.4670204222202301,0.3504427373409271,0.6053202748298645,0.4572601318359375,0.6188498139381409,0.4657406806945801,0.38689136505126953,0.5132759809494019
아 부현숯불갈비 자취방 밑에있는 거기구나,,지나가면서봄,"Raps 2025.05.03 19:10:01
조회 56 추천 1 댓글 4",추천 1,조회 56,2025.05.03 19:10:01,https://gall.dcinside.com/mgallery/board/view/?id=skk&no=26340&page=7,지역,0.39965179562568665,0.4217774271965027,0.41208717226982117,0.505643367767334,0.37787124514579773,0.628987729549408,0.4557522237300873,0.5826269388198853,0.6140598058700562,0.33752864599227905,0.49325424432754517
컨설턴트 갤러리 신설했습니다,,많이 찾아와주세요!,"컨설턴트 2025.05.03 13:17:22
조회 41 추천 0 댓글 1",추천 0,조회 41,2025.05.03 13:17:22,https://gall.dcinside.com/mgallery/board/view/?id=skk&no=26339&page=7,지역,0.37943458557128906,0.504996657371521,0.48119738698005676,0.5087184309959412,0.4609893262386322,0.6338722705841064,0.44496309757232666,0.5462015271186829,0.5008444786071777,0.4315820634365082,0.5442570447921753
그럼 내일 엉생가요,,네,"ㅇㅇ 2025.05.02 23:47:35
조회 59 추천 0 댓글 8",추천 0,조회 59,2025.05.02 23:47:35,https://gall.dcinside.com/mgallery/board/view/?id=skk&no=26338&page=7,악플/욕설,0.33858147263526917,0.40912774205207825,0.42180371284484863,0.499750018119812,0.3673763871192932,0.5624522566795349,0.48384490609169006,0.5610883235931396,0.5642331838607788,0.3504825234413147,0.4857751429080963
부숯갈 가자고 2번말햇다,,ㅇㅇ,"ㅇㅇ 2025.05.02 22:29:25
조회 54 추천 0 댓글 6",추천 0,조회 54,2025.05.02 22:29:25,https://gall.dcinside.com/mgallery/board/view/?id=skk&no=26337&page=7,악플/욕설,0.3527768552303314,0.391679584980011,0.38230881094932556,0.4645081162452698,0.37009358406066895,0.5333956480026245,0.5120194554328918,0.5743261575698853,0.5922943353652954,0.3613134026527405,0.4554268717765808
아.,,,"성갤러(220.78) 2025.05.02 21:56:31
조회 40 추천 1 댓글 2",추천 1,조회 40,2025.05.02 21:56:31,https://gall.dcinside.com/mgallery/board/view/?id=skk&no=26336&page=7,여성/가족,0.0,0.0,0.0,0.0,0.0,0.0,0.0,0.0,0.0,0.0,0.0
해외주식 250제한 줘깥네,,개같네,"ㅇㅇ 2025.05.02 21:11:50
조회 45 추천 0 댓글 3",추천 0,조회 45,2025.05.02 21:11:50,https://gall.dcinside.com/mgallery/board/view/?id=skk&no=26335&page=7,지역,0.4115471839904785,0.554327130317688,0.4271542429924011,0.5138241052627563,0.4503241181373596,0.6383461952209473,0.4853608012199402,0.6367291212081909,0.5425626039505005,0.406297892332077,0.5540903210639954
ㅋㅋㅋㅋㅋ어디잇는학교임,,공대 한 >>>>>> 서성,"성갤러(125.189) 2025.05.02 20:43:28
조회 49 추천 0 댓글 2",추천 0,조회 49,2025.05.02 20:43:28,https://gall.dcinside.com/mgallery/board/view/?id=skk&no=26334&page=7,기타 혐오,0.38789209723472595,0.4199331998825073,0.42597490549087524,0.37354809045791626,0.33339208364486694,0.5728256106376648,0.479661226272583,0.6130284070968628,0.4763992726802826,0.3892032504081726,0.40655604004859924
y704,,사줘,"ㅇㅇ 2025.05.02 15:06:39
조회 46 추천 0 댓글 4",추천 0,조회 46,2025.05.02 15:06:39,https://gall.dcinside.com/mgallery/board/view/?id=skk&no=26333&page=7,지역,0.3854769468307495,0.5073643326759338,0.4749542772769928,0.48965975642204285,0.4103406071662903,0.6207729578018188,0.4470059871673584,0.5894032120704651,0.46161988377571106,0.43087154626846313,0.48769956827163696
작혼 << 이거해볼사람,,모집,"성갤러(220.78) 2025.05.02 00:19:33
조회 50 추천 0 댓글 4",추천 0,조회 50,2025.05.02 00:19:33,https://gall.dcinside.com/mgallery/board/view/?id=skk&no=26332&page=7,기타 혐오,0.3932781219482422,0.3703306317329407,0.44904154539108276,0.5167392492294312,0.3667232394218445,0.5985811948776245,0.43653416633605957,0.6326534748077393,0.5052462220191956,0.37600746750831604,0.4848432242870331
에반데,,뭔 라멘집이 부대찌개면을팜?,"ㅇㅇ 2025.05.01 17:46:24
조회 46 추천 0 댓글 5",추천 0,조회 46,2025.05.01 17:46:24,https://gall.dcinside.com/mgallery/board/view/?id=skk&no=26331&page=7,지역,0.3567637801170349,0.43612435460090637,0.4811159074306488,0.5491832494735718,0.44292861223220825,0.6319292783737183,0.42751026153564453,0.5528468489646912,0.4729931354522705,0.4187835454940796,0.47983160614967346
부현숯불갈비 갈,,사람구함,"ㅇㅇ 2025.05.01 17:19:17
조회 55 추천 0 댓글 6",추천 0,조회 55,2025.05.01 17:19:17,https://gall.dcinside.com/mgallery/board/view/?id=skk&no=26330&page=7,지역,0.34323790669441223,0.47933489084243774,0.35301604866981506,0.398592472076416,0.38329634070396423,0.6321868300437927,0.44422999024391174,0.6114271879196167,0.517704963684082,0.3879273533821106,0.47048261761665344
오늘저녁?,,닭라멘?,"ㅇㅇ 2025.05.01 17:02:29
조회 39 추천 0 댓글 3",추천 0,조회 39,2025.05.01 17:02:29,https://gall.dcinside.com/mgallery/board/view/?id=skk&no=26329&page=7,지역,0.37356147170066833,0.46808838844299316,0.4161561131477356,0.48305758833885193,0.46294429898262024,0.6432462930679321,0.45898982882499695,0.588288426399231,0.5237414240837097,0.41504988074302673,0.4857660233974457
와 진자 어질어질하네,,어디 구금되어야하는거아님?,"성갤러(220.78) 2025.05.01 06:46:39
조회 48 추천 0 댓글 5",추천 0,조회 48,2025.05.01 06:46:39,https://gall.dcinside.com/mgallery/board/view/?id=skk&no=26328&page=7,지역,0.45128992199897766,0.4894065260887146,0.44913676381111145,0.4782564043998718,0.4876713156700134,0.6197646856307983,0.4149368703365326,0.5662133097648621,0.516365110874176,0.43720605969429016,0.5225675106048584
후즈가 갔어..,,..,"ㅇㅇ(106.101) 2025.05.01 00:03:04
조회 44 추천 0 댓글 0",추천 0,조회 44,2025.05.01 00:03:04,https://gall.dcinside.com/mgallery/board/view/?id=skk&no=26327&page=7,악플/욕설,0.32732293009757996,0.3936074674129486,0.3912894129753113,0.48835262656211853,0.32078972458839417,0.5503240823745728,0.4886834919452667,0.5645341873168945,0.5796054601669312,0.3579963147640228,0.4400441348552704
님아 거기 영업하는데이제,,갈까?,"ㅇㅇ(106.101) 2025.04.30 15:02:14
조회 48 추천 0 댓글 5",추천 0,조회 48,2025.04.30 15:02:14,https://gall.dcinside.com/mgallery/board/view/?id=skk&no=26326&page=7,지역,0.4153622090816498,0.42765524983406067,0.477933406829834,0.5376183390617371,0.36889731884002686,0.604789674282074,0.4469718337059021,0.5978288054466248,0.5008122324943542,0.38857460021972656,0.48831799626350403
놀자,,go,"성갤러(183.99) 2025.04.29 21:49:49
조회 37 추천 0 댓글 0",추천 0,조회 37,2025.04.29 21:49:49,https://gall.dcinside.com/mgallery/board/view/?id=skk&no=26325&page=7,기타 혐오,0.3614449203014374,0.35386955738067627,0.42519623041152954,0.4809614419937134,0.363212913274765,0.5700901746749878,0.5073692202568054,0.6042153835296631,0.5406798720359802,0.39416223764419556,0.5068530440330505
힘든 인생,,끝이 안보이는구만,"ㅇㅇ(211.234) 2025.04.28 23:52:03
조회 34 추천 0 댓글 0",추천 0,조회 34,2025.04.28 23:52:03,https://gall.dcinside.com/mgallery/board/view/?id=skk&no=26324&page=7,지역,0.402578741312027,0.46269741654396057,0.4800608456134796,0.5201392769813538,0.33386746048927307,0.6325914859771729,0.48318156599998474,0.6217411160469055,0.47810301184654236,0.3776366710662842,0.5583434104919434
아오기리 고교 << 이거 약간,,틀어놓을만하네,"성갤러(183.99) 2025.04.28 02:23:25
조회 55 추천 0 댓글 4",추천 0,조회 55,2025.04.28 02:23:25,https://gall.dcinside.com/mgallery/board/view/?id=skk&no=26323&page=7,기타 혐오,0.3535481095314026,0.45009782910346985,0.47324642539024353,0.4545125961303711,0.3426969647407532,0.5985963940620422,0.4352180063724518,0.6669658422470093,0.5134835243225098,0.3802836835384369,0.5093082785606384
버튜버 졸업?,,"기다리면 되잖아
기다리면 다시 오잖아","Raps 2025.04.26 17:41:13
조회 65 추천 0 댓글 2",추천 0,조회 65,2025.04.26 17:41:13,https://gall.dcinside.com/mgallery/board/view/?id=skk&no=26322&page=7,악플/욕설,0.36071109771728516,0.46965524554252625,0.4475867450237274,0.48743534088134766,0.3621969521045685,0.5988043546676636,0.4523477554321289,0.5551180839538574,0.6098135113716125,0.37664008140563965,0.43347838521003723
후즈가간대..,,,"ㅇㅇ(106.101) 2025.04.25 09:44:20
조회 69 추천 0 댓글 2",추천 0,조회 69,2025.04.25 09:44:20,https://gall.dcinside.com/mgallery/board/view/?id=skk&no=26321&page=7,여성/가족,0.0,0.0,0.0,0.0,0.0,0.0,0.0,0.0,0.0,0.0,0.0
실종사건!,,빨래돌렷는데 양말1짝 사라짐,"ㅇㅇ 2025.04.23 22:55:16
조회 39 추천 0 댓글 2",추천 0,조회 39,2025.04.23 22:55:16,https://gall.dcinside.com/mgallery/board/view/?id=skk&no=26320&page=7,지역,0.3426220118999481,0.41883766651153564,0.47962626814842224,0.4810275733470917,0.35535451769828796,0.6422634720802307,0.42887577414512634,0.6134451627731323,0.48203831911087036,0.47948628664016724,0.4505176842212677
별의커비 울트라슈퍼디럭스 다시하고싶다,,플레이영상보면서 추억덜덜루하는중,"성갤러(14.33) 2025.04.23 21:52:05
조회 32 추천 0 댓글 3",추천 0,조회 32,2025.04.23 21:52:05,https://gall.dcinside.com/mgallery/board/view/?id=skk&no=26319&page=7,기타 혐오,0.4643942713737488,0.4676963984966278,0.5213209390640259,0.5516130328178406,0.36207252740859985,0.522140383720398,0.33037617802619934,0.6091640591621399,0.4605013132095337,0.4936753809452057,0.4426610767841339
오블리비언 << 리마나왔네,,쉰내나서 안했는데 존나 깔끔해졌노,"Raps 2025.04.23 20:48:03
조회 36 추천 0 댓글 3",추천 0,조회 36,2025.04.23 20:48:03,https://gall.dcinside.com/mgallery/board/view/?id=skk&no=26318&page=7,기타 혐오,0.40835437178611755,0.4367239773273468,0.5106381177902222,0.5350414514541626,0.39049962162971497,0.5417848825454712,0.3801090717315674,0.63483726978302,0.47029516100883484,0.4324091672897339,0.4365324378013611
놀자요,,네,"ㅇㅇ 2025.04.22 21:56:34
조회 39 추천 0 댓글 3",추천 0,조회 39,2025.04.22 21:56:34,https://gall.dcinside.com/mgallery/board/view/?id=skk&no=26317&page=7,악플/욕설,0.33858147263526917,0.40912774205207825,0.42180371284484863,0.499750018119812,0.3673763871192932,0.5624522566795349,0.48384490609169006,0.5610883235931396,0.5642331838607788,0.3504825234413147,0.4857751429080963
아야어여,,우유으이,"성갤러(14.33) 2025.04.22 20:57:40
조회 27 추천 0 댓글 3",추천 0,조회 27,2025.04.22 20:57:40,https://gall.dcinside.com/mgallery/board/view/?id=skk&no=26316&page=7,지역,0.36041831970214844,0.43748870491981506,0.34976527094841003,0.43490925431251526,0.39783963561058044,0.6256622076034546,0.5125055313110352,0.5838502645492554,0.5485283732414246,0.3618449866771698,0.4618467688560486
쯔아아아아아아아아앗!!!!!!!!!,,너때문이야!!!!!!!!!!!!!!!!!!!!!!!!!!!,"ㅇㅇ 2025.04.21 14:50:54
조회 53 추천 0 댓글 8",추천 0,조회 53,2025.04.21 14:50:54,https://gall.dcinside.com/mgallery/board/view/?id=skk&no=26315&page=7,기타 혐오,0.35414785146713257,0.435436874628067,0.47669246792793274,0.5368927717208862,0.3079700469970703,0.6193251609802246,0.46445468068122864,0.6479742527008057,0.43455883860588074,0.42694079875946045,0.4888833165168762
악력으로 똥부수기,,콰직스,"ㅇㅇ 2025.04.20 21:43:46
조회 29 추천 0 댓글 0",추천 0,조회 29,2025.04.20 21:43:46,https://gall.dcinside.com/mgallery/board/view/?id=skk&no=26314&page=7,지역,0.41412895917892456,0.4720017611980438,0.4271189570426941,0.5208457708358765,0.388510525226593,0.6282327771186829,0.4668942093849182,0.5727952718734741,0.5029467940330505,0.33836138248443604,0.5124951601028442
요번럽라 노래는 좋은거같은데,,뮤즈다음급,"ㅇㅇ(106.101) 2025.04.20 15:51:56
조회 32 추천 0 댓글 3",추천 0,조회 32,2025.04.20 15:51:56,https://gall.dcinside.com/mgallery/board/view/?id=skk&no=26313&page=7,지역,0.39396727085113525,0.4729979932308197,0.3893566429615021,0.49657315015792847,0.40993842482566833,0.5564067959785461,0.44114580750465393,0.5549333095550537,0.5410706996917725,0.3423307538032532,0.4664990305900574
내일부터진짜공부함,,비상계엄을 선포합니다,"ㅇㅇ(106.101) 2025.04.20 15:18:41
조회 32 추천 0 댓글 2",추천 0,조회 32,2025.04.20 15:18:41,https://gall.dcinside.com/mgallery/board/view/?id=skk&no=26312&page=7,지역,0.36219802498817444,0.4864944815635681,0.48884832859039307,0.5014851093292236,0.48873087763786316,0.7206622362136841,0.4625519812107086,0.5705063343048096,0.49210622906684875,0.4941997528076172,0.5812397003173828
리제로 최신화 ㄷㄷㄷㄷㄷㄷㄷㄷㄷㄷ,,알 vs 에밀리아,"ㅇㅇ 2025.04.20 01:51:34
조회 48 추천 0 댓글 2",추천 0,조회 48,2025.04.20 01:51:34,https://gall.dcinside.com/mgallery/board/view/?id=skk&no=26311&page=7,지역,0.37214234471321106,0.5063373446464539,0.44092389941215515,0.49900028109550476,0.3797600567340851,0.6131525039672852,0.43948087096214294,0.6100815534591675,0.5241867899894714,0.3970995843410492,0.4436003565788269
민주당경선이 의외로,,wwe가 아니더라,"ㅇㅇ 2025.04.20 01:29:56
조회 36 추천 1 댓글 2",추천 1,조회 36,2025.04.20 01:29:56,https://gall.dcinside.com/mgallery/board/view/?id=skk&no=26310&page=7,기타 혐오,0.3661833703517914,0.4142740070819855,0.4006487727165222,0.4835950434207916,0.37166571617126465,0.5162026882171631,0.450910747051239,0.563694417476654,0.5413841009140015,0.4739721119403839,0.4836716651916504
외로운 밤이면 밤마다,,혼자서 게임하기 싫어,"ㅇㅇ(106.101) 2025.04.20 01:11:23
조회 31 추천 0 댓글 1",추천 0,조회 31,2025.04.20 01:11:23,https://gall.dcinside.com/mgallery/board/view/?id=skk&no=26309&page=7,기타 혐오,0.3889973759651184,0.38953036069869995,0.4528671205043793,0.4888235926628113,0.3782324194908142,0.5627641677856445,0.40552785992622375,0.6644983291625977,0.47630125284194946,0.4002645015716553,0.4463147521018982
라쿠카라싸 라쿠카라싸,,사랑스런그이름,"ㅇㅇ 2025.04.20 00:19:54
조회 29 추천 0 댓글 0",추천 0,조회 29,2025.04.20 00:19:54,https://gall.dcinside.com/mgallery/board/view/?id=skk&no=26308&page=7,지역,0.408223032951355,0.47215861082077026,0.4119861423969269,0.45767197012901306,0.33848869800567627,0.6189985871315002,0.40443089604377747,0.6005735397338867,0.43168890476226807,0.37465494871139526,0.5023759007453918
어우 배불러,,앙 배불띠,"ㅇㅇ 2025.04.19 23:37:08
조회 32 추천 0 댓글 3",추천 0,조회 32,2025.04.19 23:37:08,https://gall.dcinside.com/mgallery/board/view/?id=skk&no=26307&page=7,기타 혐오,0.40174585580825806,0.46130794286727905,0.42193084955215454,0.4927017390727997,0.3848043978214264,0.6093178987503052,0.47339656949043274,0.6176900863647461,0.5138851404190063,0.3503950238227844,0.4373902976512909
아무것도 이해할 수 없어 << 이거 히트네,,이세계가고싶군,"성갤러(119.206) 2025.04.19 21:19:55
조회 41 추천 0 댓글 5",추천 0,조회 41,2025.04.19 21:19:55,https://gall.dcinside.com/mgallery/board/view/?id=skk&no=26306&page=7,기타 혐오,0.41329070925712585,0.46288374066352844,0.4211044907569885,0.5118831396102905,0.3792371153831482,0.5760291218757629,0.4550969898700714,0.592157781124115,0.4218275547027588,0.41269683837890625,0.5204407572746277
와 코토네,,카카시급카피능력,"ㅇㅇ(106.101) 2025.04.19 19:56:27
조회 39 추천 0 댓글 2",추천 0,조회 39,2025.04.19 19:56:27,https://gall.dcinside.com/mgallery/board/view/?id=skk&no=26305&page=7,지역,0.45628440380096436,0.4684930443763733,0.4442826807498932,0.5945471525192261,0.5769453048706055,0.6317769289016724,0.4557993710041046,0.5410550236701965,0.44601261615753174,0.43447771668434143,0.5911526679992676
와 개구릿대,,와우,"ㅇㅇ 2025.04.19 19:54:51
조회 97 추천 0 댓글 1",추천 0,조회 97,2025.04.19 19:54:51,https://gall.dcinside.com/mgallery/board/view/?id=skk&no=26304&page=8,기타 혐오,0.39083051681518555,0.4618664085865021,0.4323884844779968,0.5561870336532593,0.41710421442985535,0.5783821940422058,0.48552265763282776,0.6078041791915894,0.5590599775314331,0.32571306824684143,0.5450944304466248
미코 브알챗하네,,요,"성갤러(119.206) 2025.04.18 22:09:18
조회 25 추천 0 댓글 0",추천 0,조회 25,2025.04.18 22:09:18,https://gall.dcinside.com/mgallery/board/view/?id=skk&no=26303&page=8,악플/욕설,0.3543423116207123,0.3797978162765503,0.38608768582344055,0.4702407717704773,0.3851648271083832,0.5648618340492249,0.468974232673645,0.5874643325805664,0.6024210453033447,0.3549187481403351,0.4507691264152527
인생의 이해자를 만나는건 축복이다,,나는 영원히 못만날것,"ㅇㅇ(211.234) 2025.04.18 21:54:26
조회 26 추천 0 댓글 0",추천 0,조회 26,2025.04.18 21:54:26,https://gall.dcinside.com/mgallery/board/view/?id=skk&no=26302&page=8,지역,0.34952592849731445,0.40920290350914,0.4771788716316223,0.386239230632782,0.2585851848125458,0.6365804672241211,0.4785386919975281,0.5612191557884216,0.48818501830101013,0.34611260890960693,0.5097058415412903
랩스님,,문어배게 차이큼?,"ㅇㅇ 2025.04.18 16:07:05
조회 34 추천 0 댓글 4",추천 0,조회 34,2025.04.18 16:07:05,https://gall.dcinside.com/mgallery/board/view/?id=skk&no=26301&page=8,지역,0.39340463280677795,0.4327937662601471,0.38308092951774597,0.4820384085178375,0.4601680636405945,0.646620512008667,0.49179187417030334,0.5870227217674255,0.5287802815437317,0.3677671551704407,0.5020992755889893
닫는노래,,https://www.youtube.com/watch?v=SmlD6bmTRqQ,"ㅇㅇ(106.101) 2025.04.18 01:03:35
조회 27 추천 0 댓글 2",추천 0,조회 27,2025.04.18 01:03:35,https://gall.dcinside.com/mgallery/board/view/?id=skk&no=26300&page=8,악플/욕설,0.3724420666694641,0.43740522861480713,0.5559198260307312,0.4384942948818207,0.31484267115592957,0.4249909818172455,0.33167532086372375,0.5525450706481934,0.5658314228057861,0.4557262063026428,0.37673744559288025
뮤즈 아닌데 좋은노래,,https://www.youtube.com/watch?v=IHSUgM4rVQg,"ㅇㅇ(106.101) 2025.04.18 00:26:55
조회 29 추천 0 댓글 1",추천 0,조회 29,2025.04.18 00:26:55,https://gall.dcinside.com/mgallery/board/view/?id=skk&no=26299&page=8,악플/욕설,0.3662469983100891,0.43903613090515137,0.5624202489852905,0.43589136004447937,0.3146211802959442,0.42531514167785645,0.32222142815589905,0.5362499952316284,0.56974858045578,0.4610356390476227,0.3630952835083008
아니 오늘 랄투브,,애니비아 트페인데요,"ㅇㅇ(106.101) 2025.04.17 23:03:26
조회 25 추천 0 댓글 0",추천 0,조회 25,2025.04.17 23:03:26,https://gall.dcinside.com/mgallery/board/view/?id=skk&no=26298&page=8,지역,0.36518266797065735,0.39973771572113037,0.4027034044265747,0.44028568267822266,0.4706442058086395,0.6083298325538635,0.45723310112953186,0.5677414536476135,0.5378966927528381,0.39550742506980896,0.4465596079826355
번아웃이 온건가,,"그냥 환경도 힘들고
사람도 힘들고
다 귀찮고
휴식처가 없네","ㅇㅇ(211.234) 2025.04.17 23:00:35
조회 33 추천 0 댓글 1",추천 0,조회 33,2025.04.17 23:00:35,https://gall.dcinside.com/mgallery/board/view/?id=skk&no=26297&page=8,지역,0.3950551748275757,0.4622056782245636,0.46322283148765564,0.49020639061927795,0.4179985821247101,0.7013217210769653,0.4918523132801056,0.5387117266654968,0.5212635397911072,0.4055477976799011,0.5352973341941833
독후감 제출하세요,,원칩챌린지 독후감 내세요,"ㅇㅇ 2025.04.17 22:27:25
조회 32 추천 0 댓글 2",추천 0,조회 32,2025.04.17 22:27:25,https://gall.dcinside.com/mgallery/board/view/?id=skk&no=26296&page=8,지역,0.3993505835533142,0.46926063299179077,0.4828227162361145,0.5551435947418213,0.39911580085754395,0.594428539276123,0.3559001088142395,0.5499237775802612,0.4672081768512726,0.4307301640510559,0.438022255897522
이거네,,"https://youtu.be/Tu4CMq4uhWM?si=v8E-cIo7BY6CTIKP
 ONLY UP! 하다가 떨어지면 건강해지는 방송【라이스 우메루 /頼州うめる】
#vtuber #onlyup #頼州うめる #ppp https://www.youtube.com/watch?v=qnDJ_YzfX-g&t=3185s【実写ワイプあり】落下で健康器具！『ONLY UP！』に挑戦！【頼州うめる / PinkPunkPro】頼州うめる https://www.youtube...
youtu.be
https://youtu.be/z0W3NwgiiqY?si=OPp_NSkcjs6vJ9vn
 잘 보면 보입니다(2)【라이스 우메루 /頼州うめる】
#vtuber #頼州うめる #ppp https://www.youtube.com/watch?v=FnyGlN46vpA&t=2859s【実写】不正解で上昇っ⤴『股縄クイズ』にいどめ！【頼州うめる / PinkPunkPro】頼州うめる https://www.youtube.com/@UC61AvqhGo...
youtu.be
이런거","Raps 2025.04.17 22:04:29
조회 39 추천 0 댓글 3",추천 0,조회 39,2025.04.17 22:04:29,https://gall.dcinside.com/mgallery/board/view/?id=skk&no=26295&page=8,지역,0.3286994397640228,0.41933974623680115,0.5216823220252991,0.46614834666252136,0.4150920510292053,0.6352897882461548,0.3988608419895172,0.5580565333366394,0.5005792379379272,0.5258117318153381,0.4169222414493561
다먹고나옴,,배부르다,"ㅇㅇ 2025.04.17 19:07:01
조회 25 추천 0 댓글 0",추천 0,조회 25,2025.04.17 19:07:01,https://gall.dcinside.com/mgallery/board/view/?id=skk&no=26294&page=8,지역,0.43506813049316406,0.5073655247688293,0.3854410648345947,0.4890589416027069,0.5092664957046509,0.627083420753479,0.47755151987075806,0.567141056060791,0.5107092261314392,0.3484901487827301,0.49139729142189026
나간다?,,ㅇㅇ,"Raps 2025.04.17 18:41:40
조회 43 추천 0 댓글 5",추천 0,조회 43,2025.04.17 18:41:40,https://gall.dcinside.com/mgallery/board/view/?id=skk&no=26293&page=8,악플/욕설,0.3527768552303314,0.391679584980011,0.38230881094932556,0.4645081162452698,0.37009358406066895,0.5333956480026245,0.5120194554328918,0.5743261575698853,0.5922943353652954,0.3613134026527405,0.4554268717765808
가자,,https://www.youtube.com/watch?v=gz9BRl7DVSM,"ㅇㅇ(106.101) 2025.04.17 18:06:30
조회 47 추천 0 댓글 7",추천 0,조회 47,2025.04.17 18:06:30,https://gall.dcinside.com/mgallery/board/view/?id=skk&no=26292&page=8,기타 혐오,0.3683539628982544,0.4132623076438904,0.5624240636825562,0.45084598660469055,0.31412434577941895,0.4290403425693512,0.33573341369628906,0.5638349056243896,0.5453977584838867,0.4542483985424042,0.39794933795928955
감맘,,빨리결정해줘,"ㅇㅇ(106.101) 2025.04.17 17:54:20
조회 40 추천 0 댓글 2",추천 0,조회 40,2025.04.17 17:54:20,https://gall.dcinside.com/mgallery/board/view/?id=skk&no=26291&page=8,기타 혐오,0.40432825684547424,0.4360496997833252,0.4478883147239685,0.5008684992790222,0.37177106738090515,0.6010558009147644,0.4157651662826538,0.6331784725189209,0.5174279808998108,0.3694552779197693,0.41547566652297974
7가가,,"7시에가면감

이라는뜻","ㅇㅇ 2025.04.17 16:13:20
조회 45 추천 0 댓글 4",추천 0,조회 45,2025.04.17 16:13:20,https://gall.dcinside.com/mgallery/board/view/?id=skk&no=26290&page=8,지역,0.36281174421310425,0.4148239493370056,0.36819443106651306,0.3541165590286255,0.44202765822410583,0.6103182435035706,0.4898037314414978,0.5274192690849304,0.5180523991584778,0.3762061893939972,0.4373190104961395
그래서오늘감?,,오늘루틴정해야함,"Raps 2025.04.17 13:34:29
조회 55 추천 1 댓글 3",추천 1,조회 55,2025.04.17 13:34:29,https://gall.dcinside.com/mgallery/board/view/?id=skk&no=26289&page=8,지역,0.34889456629753113,0.4231039583683014,0.4098193049430847,0.5027512311935425,0.4507259130477905,0.6356940865516663,0.4036557376384735,0.5848491787910461,0.5462023615837097,0.4132311940193176,0.49683189392089844
내가 아는 아이스크림은 이건데,,https://www.youtube.com/watch?v=qwyPaQ2-aMM,"ㅇㅇ(106.101) 2025.04.17 11:09:06
조회 33 추천 0 댓글 2",추천 0,조회 33,2025.04.17 11:09:06,https://gall.dcinside.com/mgallery/board/view/?id=skk&no=26288&page=8,악플/욕설,0.3719293773174286,0.4451673924922943,0.555842936038971,0.4400053918361664,0.3036658465862274,0.42904132604599,0.3229711949825287,0.5385564565658569,0.56903076171875,0.4445686340332031,0.37287256121635437
아이스크림 선거송되면 웃기겟노,,상상만해도 빡친다,"ㅇㅇ 2025.04.17 10:12:32
조회 46 추천 0 댓글 5",추천 0,조회 46,2025.04.17 10:12:32,https://gall.dcinside.com/mgallery/board/view/?id=skk&no=26287&page=8,지역,0.437904953956604,0.4733670651912689,0.4973825216293335,0.5088310837745667,0.38085034489631653,0.6243278980255127,0.46186015009880066,0.5948583483695984,0.4555548131465912,0.4175134599208832,0.5515540242195129
그럼내일가나요?,,단식1일차,"ㅇㅇ(106.101) 2025.04.16 15:56:16
조회 44 추천 0 댓글 2",추천 0,조회 44,2025.04.16 15:56:16,https://gall.dcinside.com/mgallery/board/view/?id=skk&no=26286&page=8,지역,0.38377684354782104,0.4717785120010376,0.3888159394264221,0.4971764087677002,0.47885146737098694,0.619491696357727,0.4593477249145508,0.6107699871063232,0.5031601786613464,0.3803075850009918,0.5045444369316101
구라졸업한대요,,버튜버는끝,"ㅇㅇ 2025.04.16 15:39:33
조회 48 추천 0 댓글 2",추천 0,조회 48,2025.04.16 15:39:33,https://gall.dcinside.com/mgallery/board/view/?id=skk&no=26285&page=8,기타 혐오,0.425523042678833,0.4222959280014038,0.527105987071991,0.4943030774593353,0.3508266806602478,0.565352737903595,0.38606739044189453,0.6253407001495361,0.49020102620124817,0.42338985204696655,0.39384904503822327
안가면안감,,네,"ㅇㅇ 2025.04.16 11:15:06
조회 53 추천 0 댓글 7",추천 0,조회 53,2025.04.16 11:15:06,https://gall.dcinside.com/mgallery/board/view/?id=skk&no=26284&page=8,악플/욕설,0.33858147263526917,0.40912774205207825,0.42180371284484863,0.499750018119812,0.3673763871192932,0.5624522566795349,0.48384490609169006,0.5610883235931396,0.5642331838607788,0.3504825234413147,0.4857751429080963
주식 배당금들어왓다고,,네,"ㅇㅇ 2025.04.15 22:14:16
조회 64 추천 0 댓글 7",추천 0,조회 64,2025.04.15 22:14:16,https://gall.dcinside.com/mgallery/board/view/?id=skk&no=26283&page=8,악플/욕설,0.33858147263526917,0.40912774205207825,0.42180371284484863,0.499750018119812,0.3673763871192932,0.5624522566795349,0.48384490609169006,0.5610883235931396,0.5642331838607788,0.3504825234413147,0.4857751429080963
명진갈 먹고시푼사람,,쏴리질럿,"ㅇㅇ 2025.04.15 21:01:48
조회 50 추천 1 댓글 6",추천 1,조회 50,2025.04.15 21:01:48,https://gall.dcinside.com/mgallery/board/view/?id=skk&no=26282&page=8,지역,0.4108565151691437,0.38968777656555176,0.46536317467689514,0.3728402853012085,0.39241042733192444,0.6388801336288452,0.5013905167579651,0.586860179901123,0.48849254846572876,0.3921954929828644,0.47259753942489624
랩스말이맞았네,,제국편줘깥네,"ㅇㅇ 2025.04.15 16:35:32
조회 48 추천 0 댓글 4",추천 0,조회 48,2025.04.15 16:35:32,https://gall.dcinside.com/mgallery/board/view/?id=skk&no=26281&page=8,기타 혐오,0.403563529253006,0.4883898198604584,0.43940380215644836,0.4540077745914459,0.4177716374397278,0.5636069774627686,0.4637133479118347,0.619020938873291,0.48341602087020874,0.3982333242893219,0.4632883369922638
부정합격자는 초고속 승진한다.,,"(1부) 박완수 경남도지사님께 공개질문 
게시자: 권혁철 
연락처: 010-****-7368


※당부말씀: 채용비리 관련자는 대통령부터 쫄따구까지 모조리 실명깠다. 게시판 관리자님은 '나는 국민에게 충성하는 공무원이다'는 자부심과 긍지를 가지고 그 누가  협박이나 회유를 하더라도 절대로 삭제하지 마세요! 이 글을 보시는 공무원은 자신이 알고 있는 언론사 기자나 더불어민주당 등에 제보해 주세요.


※2025.3.27. 15:58경 '경남도청 열린도지사실' 직원과 통화내용: 


질문1) 권혁철; 도지사에게 바란다 게시판에 하루에도 몇번이나 '성적조작 폭로 글'을 올리는데 담당자가 계속 삭제하고 있으니 이 사실을 박완수 경남도지사님께 보고하세요.


답변1) 열린도지사실 직원; 박완수 경남도지사님은 도지사에게 바란다 게시판에 성적조작 폭로 글을 올리고 담당직원이 계속 삭제한다는 사실을 이미 알고있습니다.


□ 게시글이 허위사실이면 ‘형사처벌’을 달게 받을 예정이오니 ‘대한민국에 정의를 세운다’는 차원에서 절대로 삭제하지 마세요.


□검찰의 사건은폐 수법: 대검찰청 문서감정실 윤기형, 류경숙의 허위감정서 및 창녕군청 시험관리관 박홍곤, 이정희, 서경도의 위증으로 1심, 2심 재판부를 기망하고 대법원 판사님들까지 속이고 사건을 은폐하는데 성공함.


현재, 경남도청은 대법원 판결문을 제시하면서 권혁철은 거짓말을 하고 있다고 우기면서 부정합격자 5명이 고급공무원으로 부귀영화를 누리도록 방치하고 있음.


□박완수 경남도지사님께 공개질문


질문1) 박완수 경남도지사님께서 '도지사에게 바란다' 게시판에 성적조작 폭로 글이 올라오면 즉각 삭제하여 경남도청 공무원 및 경남도민에게 전파되지 않도록 하라고 지시하지는 않으셨지요?


질문2) 지방자치단체장의 고유권한인 ‘합격취소처분’은 ‘공소시효’가 없습니다. 부정합격자 색출하여 ‘합격취소처분’할 용의가 있습니까?


질문3) 부정합격자가 3급, 4급 고위직으로 승진하여 부귀영화를 누린다면 ‘합격취소처분’ 해야 합니까 우리가 남이가를 외치며 모르는척 은폐해야 합니까?


질문4) 97경남 7급 공채 합격자명단과 발령부서 공개하라는 정보공개청구(접수번호:10780318,접수일자:2023.5.22)에서 ‘최종합격자명단의 원본’을 공개하지 않고 ‘새로운 양식의 합격자명단’을 만들어 공개한 이유가 무엇인가요? 세무직 박철희 대신 추가 합격한 수험생을 숨기기 위한 꼼수인가요? (97년 당시 ‘합격자명단’은 경남도청, 시청, 군청, 읍사무소 옥외 게시판에 부착하여 대외적으로 공개했음)


질문5) 97경남 7급 공채 2차 면접시험에 불합격하여 행정소송을 청구한 세무직 박철희 대신 추가 합격한 수험생은 누구이며, 그 추가 합격한 수험생은 성적순으로 11등 한 수험생인가요?


질문6) 합격자 10명 중에서 1등 이정희와 2등 남경수는 4~5년 동안 8급, 9급 공무원 근무 -> 퇴직 -> 7급 공채 합격으로 두 사람의 7급 공채 합격 패턴이 동일합니다. 2명이 근무한 행정기관을 공개하지 못 하고 숨기는 진짜 이유는 혹시 성적조작과 관련이 있기 때문입니까?


질문7) 99년부터 수십 년간 97경남 7급 공채 합격자 10명의 이름은 경남도청, 시청, 군청 등 홈페이지 직원 검색란에서 검색을 하면 존재하지 않았습니다. 부정합격자를 숨기기 위해서 직원 검색에서 차단한 것입니까?


질문8) 합격자 김영곤이 김인수로 개명한 이유는 무엇인가요? 혹시, ‘부정합격자 추적을 피하기 위해서 개명한 것은 아닐까’라는 합리적 의심에 대해 어떻게 생각합니까?


질문9) 합격자 고경우는 1998.1.1.~1999.6.7. 근무하고 퇴직한 것이 사실인가요? 퇴직사유가 성적조작과 관련이 있는 것은 아닌가 조사할 용의가 있습니까?


질문10) 합격자 이주영은 경남도청, 시청, 군청 등 홈페이지 직원검색란에서 존재하지 않습니다. 성적조작과 관련하여 추적을 피하기 위해서 검색을 차단한 것은 아닌가요?


경남도청 도지사에게 바란다 게시판 관리자님!


박완수 경남도지사님께 ‘권혁철이 성적조작 폭로 글을 삭제해도 계속 올려서 곤혹스럽다’고 문서를 작성해서 공식적으로 보고하세요.


그리고 삭제하기 전에 이 글을 반드시 부정합격자로 특정한 3명에게 전달하세요.


ㄱ) 1등 이정희, 2등 남경수; 9급 또는 기능직, 임시직 등으로 4~5년 공직생활하며 경남도청 인사과 배종대 등 고위직과 인맥을 맺었거나 친인척의 권력이나 재산을 이용하여 부정으로 합격했지요?


남경수님 머리가 얼마나 뛰어난지 모르겠지만 제천고 고졸로서 7급 공채시험 합격할려면 뼈를 깍는 노력을 해야 합니다. 당신은 뼈를 깍는 노력을 했습니까 친인척의 권력과 재력으로 부정합격했습니까?


강동원 검사(현변호사.02-533-9600), 정병하 검사(현변호사.02-6326-0097)는 당신이 부정합격자인지 진짜 합격자인지 잘 알고있습니다.


ㄴ) 5등 김영곤; 경상대 농학과 졸업했지요. 농학과면 영어, 수학, 국어 포기하고 합격할 수 있지요?


김영곤님은 학력고사 몇 점이나 받았나요?
서울대, 연대, 고대 합격할 점수인데 특별히 농학에 뜻이 있고 서울에서 대학 다닐 돈이 없어 부득이 집에서 가까운 경상대 농학과를 갔나요?


고노무현님이 부산상고 졸업하고 진영 산속 토굴에서 뼈를 깍는 노력을 해서 사법고시 합격한 것은 모든 국민들이 알고있습니다.


김인수님이 경상대 농학과 입학할 실력으로 7급 공채 합격할려면 정말 피눈물나게 공부했어야 할 것 같은데 그렇게 노력하셨나요?


71년생이 3급 부이사관이면 초고속 승진아닌가요?
71년생이 3급이면 거의 행정고시 출신이나 다름없지요?


김영곤에서 김인수로 개명한 것과 고속승진한 것으로 미루어 판단컨데, 당신이 부정합격자일 가능성이 매우 매우 높아 보입니다.


기분 나쁘면 허위사실유포에 의한 명예훼손죄로 고소하세요.


법원에서 재판하면 또 전부 위증할테고 증거부족으로 실형 징역살이 1년 6월 정도 받겠지요.


부산에서 LH 아파트 경비원으로 일하며 변호사 선임료 550만원은 모았습니다.


만약 고소하면 법정에서 이정희, 남경수, 김인수 3명을 증인으로 신청하겠습니다.


그리고 당신들이 명심해야 할 것이 있습니다.
내가 지옥가서 천벌을 받을 각오만 하면 강동원 검사(강동원법률사무소.02-533-9600), 정병하 검사(한국특수판매공제조합 이사장.02-6326-0097) 찾아가서 얼마든지 부정합격자가 누구다는 자백을 받을 수 있다고 확신합니다.


이제, 내가 감옥소 가거나 지옥에 가더라도 슬퍼해줄 사람이 없다는 점이 나의 유일한 강점입니다.

ㅡ 1부 끝 ㅡ


1부: 박완수 경남도지사님께 공개질문
2부: 97경남 7급 공채 합격자명단 및 근무처, 출신학교 공개
3부: 성적조작 사전모의 정황증거-> 창녕군청 시험관리관 서경도, 이진규의 육성녹음파일 및 성적조작 심층취재 경기신문, 열린공감TV 방송
4부: 윤석열 대통령의 사건은폐 경위 및 대검찰청 문서감정실 윤기형, 류경숙 허위감정서 작성방법
5부: 양심선언 대상자 및 내용 
6부: 경남도청 공무원시험 조작사건 최종보고서","Xman(106.246) 2025.04.15 14:45:05
조회 53 추천 0 댓글 1",추천 0,조회 53,2025.04.15 14:45:05,https://gall.dcinside.com/mgallery/board/view/?id=skk&no=26280&page=8,지역,0.31577932834625244,0.41559553146362305,0.5136946439743042,0.4123913645744324,0.3471469581127167,0.6709421873092651,0.4267891049385071,0.5583992004394531,0.5327572822570801,0.5508137941360474,0.3588034510612488
주갤 진짜궁금한점,,여자가 그렇게 싫으면 왜 남자끼리안사귐,"ㅇㅇ 2025.04.14 20:21:27
조회 26 추천 0 댓글 2",추천 0,조회 26,2025.04.14 20:21:27,https://gall.dcinside.com/mgallery/board/view/?id=skk&no=26279&page=8,지역,0.4267580807209015,0.42688456177711487,0.4580317735671997,0.49852994084358215,0.3498402535915375,0.5578170418739319,0.37352806329727173,0.48097124695777893,0.5209875702857971,0.4170018136501312,0.5341306924819946
명진갈먹고싶군,,네,"ㅇㅇ 2025.04.14 17:29:24
조회 31 추천 0 댓글 1",추천 0,조회 31,2025.04.14 17:29:24,https://gall.dcinside.com/mgallery/board/view/?id=skk&no=26278&page=8,악플/욕설,0.33858147263526917,0.40912774205207825,0.42180371284484863,0.499750018119812,0.3673763871192932,0.5624522566795349,0.48384490609169006,0.5610883235931396,0.5642331838607788,0.3504825234413147,0.4857751429080963
오나x을 떠나보내며...,,,"ㅇㅇ(106.101) 2025.04.14 02:42:25
조회 42 추천 0 댓글 3",추천 0,조회 42,2025.04.14 02:42:25,https://gall.dcinside.com/mgallery/board/view/?id=skk&no=26277&page=8,여성/가족,0.0,0.0,0.0,0.0,0.0,0.0,0.0,0.0,0.0,0.0,0.0
엉엉,,울기,"ㅇㅇ 2025.04.10 18:20:48
조회 27 추천 0 댓글 1",추천 0,조회 27,2025.04.10 18:20:48,https://gall.dcinside.com/mgallery/board/view/?id=skk&no=26276&page=8,지역,0.39492273330688477,0.43949785828590393,0.38589513301849365,0.44504666328430176,0.3478834927082062,0.6475522518157959,0.43358680605888367,0.626895010471344,0.5438169240951538,0.3490046262741089,0.4318096935749054
고기먹고싶군,,흠,"ㅇㅇ 2025.04.10 17:17:45
조회 38 추천 1 댓글 4",추천 1,조회 38,2025.04.10 17:17:45,https://gall.dcinside.com/mgallery/board/view/?id=skk&no=26275&page=8,기타 혐오,0.3915920555591583,0.4061027467250824,0.39925938844680786,0.5381112098693848,0.4042988717556,0.576754093170166,0.48266246914863586,0.5981894135475159,0.5796917080879211,0.3319324254989624,0.49217909574508667
운지,,,"Raps 2025.04.10 13:13:57
조회 36 추천 1 댓글 1",추천 1,조회 36,2025.04.10 13:13:57,https://gall.dcinside.com/mgallery/board/view/?id=skk&no=26274&page=8,여성/가족,0.0,0.0,0.0,0.0,0.0,0.0,0.0,0.0,0.0,0.0,0.0
저녁뭐먹지,,,"ㅇㅇ(106.101) 2025.04.08 18:34:13
조회 23 추천 0 댓글 0",추천 0,조회 23,2025.04.08 18:34:13,https://gall.dcinside.com/mgallery/board/view/?id=skk&no=26273&page=8,여성/가족,0.0,0.0,0.0,0.0,0.0,0.0,0.0,0.0,0.0,0.0,0.0
점심뭐먹지,,,"ㅇㅇ(106.101) 2025.04.08 11:36:53
조회 19 추천 0 댓글 0",추천 0,조회 19,2025.04.08 11:36:53,https://gall.dcinside.com/mgallery/board/view/?id=skk&no=26272&page=8,여성/가족,0.0,0.0,0.0,0.0,0.0,0.0,0.0,0.0,0.0,0.0,0.0
흐엉,,달링달링 워헝,"ㅇㅇ 2025.04.07 23:25:54
조회 23 추천 0 댓글 0",추천 0,조회 23,2025.04.07 23:25:54,https://gall.dcinside.com/mgallery/board/view/?id=skk&no=26271&page=8,지역,0.3924747109413147,0.4372324049472809,0.43804576992988586,0.41870421171188354,0.4002114534378052,0.6436125636100769,0.4730132520198822,0.6030497550964355,0.5390568375587463,0.38467511534690857,0.46833309531211853
코노,,코노야로 아니고 코인노래방,"ㅇㅇ 2025.04.07 22:41:06
조회 27 추천 0 댓글 1",추천 0,조회 27,2025.04.07 22:41:06,https://gall.dcinside.com/mgallery/board/view/?id=skk&no=26270&page=8,기타 혐오,0.33216384053230286,0.4020167589187622,0.45532646775245667,0.5031468272209167,0.4499344229698181,0.6002838015556335,0.39481911063194275,0.608084499835968,0.5329532623291016,0.43307578563690186,0.5439037680625916
맛잇는거드실분,,네,"ㅇㅇ 2025.04.07 17:17:54
조회 38 추천 0 댓글 4",추천 0,조회 38,2025.04.07 17:17:54,https://gall.dcinside.com/mgallery/board/view/?id=skk&no=26269&page=8,악플/욕설,0.33858147263526917,0.40912774205207825,0.42180371284484863,0.499750018119812,0.3673763871192932,0.5624522566795349,0.48384490609169006,0.5610883235931396,0.5642331838607788,0.3504825234413147,0.4857751429080963
속이뻥,,네,"ㅇㅇ 2025.04.07 16:43:24
조회 28 추천 0 댓글 2",추천 0,조회 28,2025.04.07 16:43:24,https://gall.dcinside.com/mgallery/board/view/?id=skk&no=26268&page=8,악플/욕설,0.33858147263526917,0.40912774205207825,0.42180371284484863,0.499750018119812,0.3673763871192932,0.5624522566795349,0.48384490609169006,0.5610883235931396,0.5642331838607788,0.3504825234413147,0.4857751429080963
놀자고 소리쳐,,아아아아아아악!,"ㅇㅇ 2025.04.06 19:08:19
조회 25 추천 0 댓글 2",추천 0,조회 25,2025.04.06 19:08:19,https://gall.dcinside.com/mgallery/board/view/?id=skk&no=26267&page=8,지역,0.37575429677963257,0.46800312399864197,0.5401442050933838,0.5531781315803528,0.4412750005722046,0.6729977130889893,0.5444197654724121,0.5608444213867188,0.5073908567428589,0.4111606478691101,0.5456257462501526
카나데 재밋네,,빨간약은 중요치안아,"ㅇㅇ 2025.04.06 17:59:24
조회 50 추천 0 댓글 2",추천 0,조회 50,2025.04.06 17:59:24,https://gall.dcinside.com/mgallery/board/view/?id=skk&no=26266&page=8,지역,0.39490818977355957,0.45152974128723145,0.3659323453903198,0.5049614906311035,0.4277736246585846,0.5999248027801514,0.43173396587371826,0.5510921478271484,0.5368990302085876,0.4043385088443756,0.463945597410202
오늘 이커햄,,스킬샷이 이상해요,"ㅇㅇ(106.101) 2025.04.06 17:50:45
조회 23 추천 0 댓글 1",추천 0,조회 23,2025.04.06 17:50:45,https://gall.dcinside.com/mgallery/board/view/?id=skk&no=26265&page=8,지역,0.4262472987174988,0.42455142736434937,0.38747695088386536,0.5287611484527588,0.49989262223243713,0.6566457152366638,0.3952036201953888,0.560280442237854,0.5057134032249451,0.3847210109233856,0.5793185830116272
헬스 같이하자는사람 특,,게이임,"ㅇㅇ 2025.04.06 02:47:19
조회 37 추천 0 댓글 2",추천 0,조회 37,2025.04.06 02:47:19,https://gall.dcinside.com/mgallery/board/view/?id=skk&no=26264&page=8,장애,0.38894397020339966,0.41216325759887695,0.3231488764286041,0.5342267751693726,0.4710984528064728,0.5212702751159668,0.4243669807910919,0.5384357571601868,0.5094345808029175,0.39143675565719604,0.5767151117324829
헬스하는법,,헬스장에간다,"Raps 2025.04.06 02:26:40
조회 51 추천 1 댓글 2",추천 1,조회 51,2025.04.06 02:26:40,https://gall.dcinside.com/mgallery/board/view/?id=skk&no=26263&page=8,지역,0.4032253324985504,0.5357968211174011,0.46895548701286316,0.5055773258209229,0.40691500902175903,0.6483171582221985,0.4475589394569397,0.5732421875,0.5505211353302002,0.32560208439826965,0.5599343776702881
윤재출마는머여,,뇌녹앗나진자,"ㅇㅇ 2025.04.06 02:03:27
조회 28 추천 0 댓글 1",추천 0,조회 28,2025.04.06 02:03:27,https://gall.dcinside.com/mgallery/board/view/?id=skk&no=26262&page=8,기타 혐오,0.3853923976421356,0.39379194378852844,0.4329727590084076,0.5236223936080933,0.4325093924999237,0.5894607901573181,0.38604891300201416,0.6405216455459595,0.4250575602054596,0.37863489985466003,0.44695591926574707
매일 저수지돌사람,,어때,"성갤러(59.18) 2025.04.06 01:53:23
조회 43 추천 0 댓글 6",추천 0,조회 43,2025.04.06 01:53:23,https://gall.dcinside.com/mgallery/board/view/?id=skk&no=26261&page=8,기타 혐오,0.37594884634017944,0.4179321825504303,0.4314368665218353,0.5301097631454468,0.4056842625141144,0.5787864327430725,0.48146095871925354,0.5925349593162537,0.5166645050048828,0.3268278241157532,0.4651263654232025
용팔이 십새기진짜,,쿠팡십새기,"ㅇㅇ 2025.04.06 01:49:37
조회 36 추천 0 댓글 2",추천 0,조회 36,2025.04.06 01:49:37,https://gall.dcinside.com/mgallery/board/view/?id=skk&no=26260&page=8,지역,0.3703600764274597,0.4719398021697998,0.3771524429321289,0.4976130723953247,0.44688209891319275,0.5587596893310547,0.4227774143218994,0.5292657017707825,0.5158581137657166,0.3756968080997467,0.5158349275588989
랩스한테 운동배우는법,,1. 단 샤워실에 들어가,"ㅇㅇ 2025.04.06 01:28:14
조회 34 추천 0 댓글 2",추천 0,조회 34,2025.04.06 01:28:14,https://gall.dcinside.com/mgallery/board/view/?id=skk&no=26259&page=8,기타 혐오,0.3787022531032562,0.4042745530605316,0.49860167503356934,0.5009742379188538,0.3827180862426758,0.5678790807723999,0.41835981607437134,0.6060372591018677,0.45577022433280945,0.3914118707180023,0.42393049597740173
랩스님진지하게 운동좀갈쳐주셈,,전 일퀘가 있어야 운동하는타입이에요,"ㅇㅇ(106.101) 2025.04.06 01:19:31
조회 40 추천 0 댓글 1",추천 0,조회 40,2025.04.06 01:19:31,https://gall.dcinside.com/mgallery/board/view/?id=skk&no=26258&page=8,기타 혐오,0.36967796087265015,0.3709535300731659,0.45660915970802307,0.4678387939929962,0.3447280526161194,0.49604740738868713,0.3664708733558655,0.5742652416229248,0.4924990236759186,0.42252057790756226,0.45092567801475525
아니 근데,,진짜 너무 할게없는데 이래돋 되는거임?,"ㅇㅇ(106.101) 2025.04.06 00:52:35
조회 38 추천 0 댓글 3",추천 0,조회 38,2025.04.06 00:52:35,https://gall.dcinside.com/mgallery/board/view/?id=skk&no=26257&page=8,기타 혐오,0.34951648116111755,0.44681593775749207,0.49004465341567993,0.4962707757949829,0.3134271800518036,0.5708802342414856,0.4197598695755005,0.6324142217636108,0.4754311442375183,0.4069857895374298,0.4181428551673889
머가웃기냐고,,네,"ㅇㅇ 2025.04.06 00:14:46
조회 23 추천 0 댓글 0",추천 0,조회 23,2025.04.06 00:14:46,https://gall.dcinside.com/mgallery/board/view/?id=skk&no=26256&page=8,악플/욕설,0.33858147263526917,0.40912774205207825,0.42180371284484863,0.499750018119812,0.3673763871192932,0.5624522566795349,0.48384490609169006,0.5610883235931396,0.5642331838607788,0.3504825234413147,0.4857751429080963
이건또뮤ㅓ임,,"https://youtube.com/shorts/h5sCCY49pW8?si=j3hk2y17er1yOhqL





개쳐웃기노 ㅋㅋㅋ","Raps 2025.04.05 23:39:48
조회 54 추천 1 댓글 2",추천 1,조회 54,2025.04.05 23:39:48,https://gall.dcinside.com/mgallery/board/view/?id=skk&no=26255&page=8,기타 혐오,0.37760233879089355,0.4333486557006836,0.5567750930786133,0.4123181700706482,0.3228762447834015,0.42959004640579224,0.3471038341522217,0.5686732530593872,0.5554358959197998,0.4522797465324402,0.38264867663383484
아아,,심심,"ㅇㅇ(106.101) 2025.04.05 23:27:52
조회 37 추천 0 댓글 8",추천 0,조회 37,2025.04.05 23:27:52,https://gall.dcinside.com/mgallery/board/view/?id=skk&no=26254&page=9,기타 혐오,0.3815067708492279,0.39801597595214844,0.4463428556919098,0.5237162113189697,0.3894495666027069,0.5653598308563232,0.4469744861125946,0.6396982669830322,0.5071896314620972,0.3702043890953064,0.448763370513916
속보 렘깨어남,,ㄷㄷ,"ㅇㅇ 2025.04.05 23:06:09
조회 28 추천 0 댓글 2",추천 0,조회 28,2025.04.05 23:06:09,https://gall.dcinside.com/mgallery/board/view/?id=skk&no=26253&page=9,기타 혐오,0.37993040680885315,0.384397953748703,0.43410488963127136,0.5548779368400574,0.40630531311035156,0.5707080364227295,0.4790332615375519,0.6132432818412781,0.5627931356430054,0.37511852383613586,0.5207511186599731
10시부터 그림?,,ㄱㄱ?,"성갤러(59.18) 2025.04.05 21:36:56
조회 24 추천 0 댓글 3",추천 0,조회 24,2025.04.05 21:36:56,https://gall.dcinside.com/mgallery/board/view/?id=skk&no=26252&page=9,기타 혐오,0.37369847297668457,0.36452561616897583,0.4170679748058319,0.49675652384757996,0.4062354564666748,0.5259656310081482,0.4472203254699707,0.6094049215316772,0.5392283797264099,0.3853440582752228,0.4436035454273224
놀까,,오,"ㅇㅇ 2025.04.05 21:10:46
조회 20 추천 0 댓글 1",추천 0,조회 20,2025.04.05 21:10:46,https://gall.dcinside.com/mgallery/board/view/?id=skk&no=26251&page=9,지역,0.4005996584892273,0.424037367105484,0.4256151020526886,0.4820100665092468,0.4281090199947357,0.586762547492981,0.48651954531669617,0.5243163704872131,0.5837404131889343,0.36337512731552124,0.5057265758514404
ㅋㅋ 으악이랑 외팔이 말다툼 개웃기네,,ㅋㅋㅋㅋ,"ㅇㅇ(106.101) 2025.04.05 17:59:58
조회 32 추천 0 댓글 2",추천 0,조회 32,2025.04.05 17:59:58,https://gall.dcinside.com/mgallery/board/view/?id=skk&no=26250&page=9,기타 혐오,0.3580605983734131,0.4256313443183899,0.39153608679771423,0.47790396213531494,0.36117199063301086,0.5669957399368286,0.483355849981308,0.5795022249221802,0.565175473690033,0.35002726316452026,0.45918503403663635
님아 ㅈ됨,,ㅂㅊ카페 폴라로이드 부모님이봄,"ㅇㅇ 2025.04.05 11:35:25
조회 35 추천 0 댓글 5",추천 0,조회 35,2025.04.05 11:35:25,https://gall.dcinside.com/mgallery/board/view/?id=skk&no=26249&page=9,기타 혐오,0.3524990975856781,0.477558970451355,0.4477992057800293,0.5101287364959717,0.41821205615997314,0.5503022074699402,0.3672081232070923,0.593300461769104,0.48377665877342224,0.3945065140724182,0.4798945188522339
탄핵 생각보다 노잼이네,,반응이 심심하구만,"ㅇㅇ 2025.04.05 01:35:58
조회 32 추천 0 댓글 1",추천 0,조회 32,2025.04.05 01:35:58,https://gall.dcinside.com/mgallery/board/view/?id=skk&no=26248&page=9,기타 혐오,0.3688502609729767,0.4597324728965759,0.40120479464530945,0.48012426495552063,0.37766727805137634,0.5827791094779968,0.48711004853248596,0.6364623308181763,0.5512436628341675,0.3211801052093506,0.43371036648750305
여름은 어렵다네요,,,"ㅇㅇ(106.101) 2025.04.04 23:53:25
조회 43 추천 0 댓글 6",추천 0,조회 43,2025.04.04 23:53:25,https://gall.dcinside.com/mgallery/board/view/?id=skk&no=26247&page=9,여성/가족,0.0,0.0,0.0,0.0,0.0,0.0,0.0,0.0,0.0,0.0,0.0
랩쮸야,,쥬쥬야,"ㅇㅇ 2025.04.04 19:47:05
조회 25 추천 0 댓글 0",추천 0,조회 25,2025.04.04 19:47:05,https://gall.dcinside.com/mgallery/board/view/?id=skk&no=26245&page=9,기타 혐오,0.3652447760105133,0.4014398753643036,0.48314526677131653,0.4880799651145935,0.42235827445983887,0.5478528738021851,0.3227703273296356,0.6004213690757751,0.4470422863960266,0.42905256152153015,0.3990974724292755
오늘윤석열탄핵기념,,짜장면이나먹을까,"ㅇㅇ(106.101) 2025.04.04 15:54:57
조회 66 추천 0 댓글 16",추천 0,조회 66,2025.04.04 15:54:57,https://gall.dcinside.com/mgallery/board/view/?id=skk&no=26244&page=9,지역,0.3549833297729492,0.4731970429420471,0.46118223667144775,0.49893736839294434,0.5018361806869507,0.6628420352935791,0.46790429949760437,0.5702338218688965,0.4825794994831085,0.4693588316440582,0.5289506316184998
눈물이 앞을 가리긔,,ㅠㅠ,"ㅇㅇ(211.234) 2025.04.04 11:39:29
조회 29 추천 0 댓글 1",추천 0,조회 29,2025.04.04 11:39:29,https://gall.dcinside.com/mgallery/board/view/?id=skk&no=26243&page=9,기타 혐오,0.35499900579452515,0.4124928414821625,0.4130985140800476,0.5163951516151428,0.3912205696105957,0.5507232546806335,0.4525190591812134,0.6030104756355286,0.5522763729095459,0.3612750768661499,0.47336140275001526
윤석열 따운!!!!!!!!!!,,초~비~상~,"ㅇㅇ(106.101) 2025.04.04 11:04:59
조회 41 추천 0 댓글 2",추천 0,조회 41,2025.04.04 11:04:59,https://gall.dcinside.com/mgallery/board/view/?id=skk&no=26242&page=9,지역,0.36218178272247314,0.44971558451652527,0.378056138753891,0.4713759422302246,0.3693053126335144,0.5908923745155334,0.4792105257511139,0.5463560223579407,0.5348899960517883,0.35398995876312256,0.43638619780540466
이짤머야,,봇치2찍이엇구나,"성갤러(115.23) 2025.04.04 09:26:43
조회 34 추천 1 댓글 2",추천 1,조회 34,2025.04.04 09:26:43,https://gall.dcinside.com/mgallery/board/view/?id=skk&no=26241&page=9,지역,0.36285123229026794,0.5336349010467529,0.40731802582740784,0.4596426486968994,0.4382978081703186,0.6447277069091797,0.49320024251937866,0.5975634455680847,0.5257866978645325,0.40147265791893005,0.5924376845359802
2시간뒤에,,랩스와서 궁시렁댈예정,"ㅇㅇ 2025.04.04 09:14:19
조회 33 추천 0 댓글 2",추천 0,조회 33,2025.04.04 09:14:19,https://gall.dcinside.com/mgallery/board/view/?id=skk&no=26240&page=9,지역,0.41092804074287415,0.48198458552360535,0.4999575614929199,0.5217854380607605,0.4074227213859558,0.6322440505027771,0.374066025018692,0.6097287535667419,0.4747591018676758,0.393166184425354,0.4507397711277008
윤카 복귀기원 1일차,,대 석 열 사 랑 해,"ㅇㅇ(211.234) 2025.04.03 19:37:21
조회 31 추천 0 댓글 1",추천 0,조회 31,2025.04.03 19:37:21,https://gall.dcinside.com/mgallery/board/view/?id=skk&no=26239&page=9,지역,0.38025522232055664,0.43951043486595154,0.4405604600906372,0.5027742981910706,0.3038845658302307,0.6291303038597107,0.4356331527233124,0.6290602684020996,0.5090587735176086,0.36536383628845215,0.41561049222946167
그분 혜안이 맞았네,,워홀이든 뭐든 나가야 정답,"ㅇㅇ(106.101) 2025.04.02 23:10:18
조회 48 추천 1 댓글 2",추천 1,조회 48,2025.04.02 23:10:18,https://gall.dcinside.com/mgallery/board/view/?id=skk&no=26238&page=9,지역,0.40601497888565063,0.4368513226509094,0.45358046889305115,0.4805928170681,0.47316667437553406,0.6447663903236389,0.39198920130729675,0.5288379192352295,0.5169650316238403,0.3679807186126709,0.533764660358429
집애가려했는데,,네,"ㅇㅇ(106.101) 2025.04.02 21:10:53
조회 37 추천 0 댓글 2",추천 0,조회 37,2025.04.02 21:10:53,https://gall.dcinside.com/mgallery/board/view/?id=skk&no=26237&page=9,악플/욕설,0.33858147263526917,0.40912774205207825,0.42180371284484863,0.499750018119812,0.3673763871192932,0.5624522566795349,0.48384490609169006,0.5610883235931396,0.5642331838607788,0.3504825234413147,0.4857751429080963
언제어디,,네,"ㅇㅇ(106.101) 2025.04.02 17:36:23
조회 40 추천 0 댓글 9",추천 0,조회 40,2025.04.02 17:36:23,https://gall.dcinside.com/mgallery/board/view/?id=skk&no=26236&page=9,악플/욕설,0.33858147263526917,0.40912774205207825,0.42180371284484863,0.499750018119812,0.3673763871192932,0.5624522566795349,0.48384490609169006,0.5610883235931396,0.5642331838607788,0.3504825234413147,0.4857751429080963
여자되는약 생동성없나,,흠,"ㅇㅇ 2025.04.02 16:28:20
조회 36 추천 0 댓글 2",추천 0,조회 36,2025.04.02 16:28:20,https://gall.dcinside.com/mgallery/board/view/?id=skk&no=26235&page=9,기타 혐오,0.3915920555591583,0.4061027467250824,0.39925938844680786,0.5381112098693848,0.4042988717556,0.576754093170166,0.48266246914863586,0.5981894135475159,0.5796917080879211,0.3319324254989624,0.49217909574508667
감맘,,네,"ㅇㅇ(106.101) 2025.04.02 15:31:21
조회 27 추천 0 댓글 2",추천 0,조회 27,2025.04.02 15:31:21,https://gall.dcinside.com/mgallery/board/view/?id=skk&no=26233&page=9,악플/욕설,0.33858147263526917,0.40912774205207825,0.42180371284484863,0.499750018119812,0.3673763871192932,0.5624522566795349,0.48384490609169006,0.5610883235931396,0.5642331838607788,0.3504825234413147,0.4857751429080963
불면증,,물면증,"ㅇㅇ 2025.04.02 03:40:05
조회 23 추천 0 댓글 0",추천 0,조회 23,2025.04.02 03:40:05,https://gall.dcinside.com/mgallery/board/view/?id=skk&no=26232&page=9,기타 혐오,0.4107500910758972,0.4059329330921173,0.45452791452407837,0.5067101120948792,0.4155951142311096,0.5763756036758423,0.39998480677604675,0.6321148872375488,0.48602089285850525,0.39638224244117737,0.46363574266433716
응우엔들은 한국워홀안하나,,환상품으면 ㅈㄴ웃길거같은데,"ㅇㅇ 2025.04.01 23:19:52
조회 27 추천 1 댓글 1",추천 1,조회 27,2025.04.01 23:19:52,https://gall.dcinside.com/mgallery/board/view/?id=skk&no=26231&page=9,기타 혐오,0.3736487925052643,0.4276328384876251,0.406710684299469,0.47448423504829407,0.38704967498779297,0.5966981649398804,0.43318983912467957,0.6126144528388977,0.48624706268310547,0.37295252084732056,0.4799022078514099
인생은 고문이다,,끝없는 고문,"ㅇㅇ 2025.04.01 23:16:12
조회 29 추천 1 댓글 0",추천 1,조회 29,2025.04.01 23:16:12,https://gall.dcinside.com/mgallery/board/view/?id=skk&no=26230&page=9,기타 혐오,0.40748822689056396,0.3793216943740845,0.5117087364196777,0.4693272113800049,0.3443686068058014,0.5571141242980957,0.38675302267074585,0.6437185406684875,0.4064362943172455,0.4321884214878082,0.3943968713283539
플레이엑스포갈사람,,여기붙어라띠리리라라라,"ㅇㅇ(106.101) 2025.04.01 22:29:16
조회 35 추천 0 댓글 1",추천 0,조회 35,2025.04.01 22:29:16,https://gall.dcinside.com/mgallery/board/view/?id=skk&no=26229&page=9,지역,0.389210969209671,0.47101300954818726,0.4675914943218231,0.47793304920196533,0.3568264842033386,0.6565356254577637,0.49789154529571533,0.6418276429176331,0.5428924560546875,0.3756102919578552,0.4754956066608429
고등학교나온고등어,,먹어야지,"성갤러(115.23) 2025.04.01 20:37:51
조회 24 추천 0 댓글 0",추천 0,조회 24,2025.04.01 20:37:51,https://gall.dcinside.com/mgallery/board/view/?id=skk&no=26228&page=9,기타 혐오,0.39197900891304016,0.49684324860572815,0.3347002863883972,0.4924558401107788,0.448037326335907,0.5664213299751282,0.4610302746295929,0.5972619652748108,0.5537829995155334,0.37081196904182434,0.5090856552124023
크로니 원칩챌린지,,보세요,"ㅇㅇ 2025.04.01 08:56:56
조회 44 추천 0 댓글 2",추천 0,조회 44,2025.04.01 08:56:56,https://gall.dcinside.com/mgallery/board/view/?id=skk&no=26227&page=9,기타 혐오,0.3401906192302704,0.38270992040634155,0.4328300952911377,0.5019625425338745,0.367361843585968,0.575949490070343,0.49320122599601746,0.6188567280769348,0.5573171973228455,0.3652810752391815,0.4588746130466461
뭔 버튜버하면서 우을증,,걸렷다고 휴식기갖는년은 처맞고싶나,"ㅇㅇ 2025.03.31 21:18:34
조회 42 추천 0 댓글 2",추천 0,조회 42,2025.03.31 21:18:34,https://gall.dcinside.com/mgallery/board/view/?id=skk&no=26226&page=9,지역,0.39702680706977844,0.4375520944595337,0.4437728524208069,0.522940456867218,0.41005197167396545,0.646282970905304,0.3882110118865967,0.57937091588974,0.46257197856903076,0.3825084865093231,0.5572671890258789
명진갈,,먹고싶으신분,"ㅇㅇ 2025.03.31 17:38:13
조회 34 추천 0 댓글 3",추천 0,조회 34,2025.03.31 17:38:13,https://gall.dcinside.com/mgallery/board/view/?id=skk&no=26225&page=9,기타 혐오,0.4335079789161682,0.45795315504074097,0.37567877769470215,0.5023428797721863,0.46361643075942993,0.5693010091781616,0.37659749388694763,0.5770034790039062,0.4032548666000366,0.4179551899433136,0.5689589977264404
최저가믿지마세요,,품절이라고 취소됨,"ㅇㅇ 2025.03.31 10:17:05
조회 43 추천 0 댓글 3",추천 0,조회 43,2025.03.31 10:17:05,https://gall.dcinside.com/mgallery/board/view/?id=skk&no=26224&page=9,인종/국적,0.4675855338573456,0.5170159935951233,0.4223421812057495,0.6456568837165833,0.5698806643486023,0.6272618174552917,0.4937302768230438,0.55985426902771,0.5227923393249512,0.48467814922332764,0.5284560322761536
만화 명대사,,네,"ㅇㅇ 2025.03.31 01:59:15
조회 35 추천 1 댓글 2",추천 1,조회 35,2025.03.31 01:59:15,https://gall.dcinside.com/mgallery/board/view/?id=skk&no=26223&page=9,악플/욕설,0.33858147263526917,0.40912774205207825,0.42180371284484863,0.499750018119812,0.3673763871192932,0.5624522566795349,0.48384490609169006,0.5610883235931396,0.5642331838607788,0.3504825234413147,0.4857751429080963
안놀아주면 똥싼다,,ㅇㅇ,"ㅇㅇ 2025.03.30 20:46:52
조회 36 추천 0 댓글 1",추천 0,조회 36,2025.03.30 20:46:52,https://gall.dcinside.com/mgallery/board/view/?id=skk&no=26222&page=9,악플/욕설,0.3527768552303314,0.391679584980011,0.38230881094932556,0.4645081162452698,0.37009358406066895,0.5333956480026245,0.5120194554328918,0.5743261575698853,0.5922943353652954,0.3613134026527405,0.4554268717765808
치돈쫄,,허버허버드릉드릉,"ㅇㅇ 2025.03.30 17:55:21
조회 46 추천 0 댓글 4",추천 0,조회 46,2025.03.30 17:55:21,https://gall.dcinside.com/mgallery/board/view/?id=skk&no=26221&page=9,지역,0.35571038722991943,0.4578690528869629,0.4937410354614258,0.4536777138710022,0.40022099018096924,0.6297696232795715,0.48522138595581055,0.6189892292022705,0.5502249002456665,0.3575686514377594,0.4999846816062927
과제한다고 GPT결제 처음했는데 풀발기사정중,,인생 손해봤다,"Raps 2025.03.30 17:24:48
조회 66 추천 1 댓글 2",추천 1,조회 66,2025.03.30 17:24:48,https://gall.dcinside.com/mgallery/board/view/?id=skk&no=26220&page=9,기타 혐오,0.45691540837287903,0.48180606961250305,0.3778150975704193,0.5106221437454224,0.4049913287162781,0.5529435276985168,0.37758132815361023,0.6091599464416504,0.5485671162605286,0.33108076453208923,0.5442339181900024
저녁뭐먹지,,흠,"ㅇㅇ 2025.03.30 16:35:38
조회 35 추천 0 댓글 2",추천 0,조회 35,2025.03.30 16:35:38,https://gall.dcinside.com/mgallery/board/view/?id=skk&no=26219&page=9,기타 혐오,0.3915920555591583,0.4061027467250824,0.39925938844680786,0.5381112098693848,0.4042988717556,0.576754093170166,0.48266246914863586,0.5981894135475159,0.5796917080879211,0.3319324254989624,0.49217909574508667
치매인가,,방금 비타민 먹엇는지가 기억이 안나,"성갤러(59.18) 2025.03.30 14:06:40
조회 39 추천 0 댓글 3",추천 0,조회 39,2025.03.30 14:06:40,https://gall.dcinside.com/mgallery/board/view/?id=skk&no=26218&page=9,지역,0.3927501440048218,0.4886396527290344,0.47107627987861633,0.5598503351211548,0.45832109451293945,0.6328589916229248,0.4053959846496582,0.567159116268158,0.4579647481441498,0.4296482503414154,0.4830656945705414
놀자고,,네,"ㅇㅇ 2025.03.30 11:56:01
조회 26 추천 0 댓글 1",추천 0,조회 26,2025.03.30 11:56:01,https://gall.dcinside.com/mgallery/board/view/?id=skk&no=26217&page=9,악플/욕설,0.33858147263526917,0.40912774205207825,0.42180371284484863,0.499750018119812,0.3673763871192932,0.5624522566795349,0.48384490609169006,0.5610883235931396,0.5642331838607788,0.3504825234413147,0.4857751429080963
아 시 발,,"부활 물어봣는데 회복인줄 알고 답함
부끄러워졋다","성갤러(59.18) 2025.03.29 21:37:42
조회 47 추천 0 댓글 4",추천 0,조회 47,2025.03.29 21:37:42,https://gall.dcinside.com/mgallery/board/view/?id=skk&no=26216&page=9,기타 혐오,0.3762547969818115,0.4155718982219696,0.516931414604187,0.4663545787334442,0.3468528985977173,0.5112527012825012,0.3170457184314728,0.593779981136322,0.5149586796760559,0.43260708451271057,0.4164930284023285
놀자고,,오조오억번외침,"성갤러(59.18) 2025.03.29 19:31:47
조회 26 추천 0 댓글 0",추천 0,조회 26,2025.03.29 19:31:47,https://gall.dcinside.com/mgallery/board/view/?id=skk&no=26215&page=9,기타 혐오,0.36215513944625854,0.37805700302124023,0.4648217260837555,0.4580398499965668,0.34785187244415283,0.5882111191749573,0.4860154986381531,0.6055572628974915,0.5598381161689758,0.39349934458732605,0.44975465536117554
아니 이 qna 머냐,,"락스는 유한락스입니다. - 묻고 답하기 - 락스 사용 후에 세탁해도 되나요?

ㅋㅋㅋㅋㅋㅋㅋㅋㅋ","성갤러(59.18) 2025.03.29 17:28:01
조회 37 추천 0 댓글 0",추천 0,조회 37,2025.03.29 17:28:01,https://gall.dcinside.com/mgallery/board/view/?id=skk&no=26214&page=9,성소수자,0.34397733211517334,0.41833168268203735,0.5693945288658142,0.47880804538726807,0.34293505549430847,0.520646333694458,0.3042964041233063,0.5642799139022827,0.5064085721969604,0.4693029820919037,0.446554958820343
헬스장갑시다,,네,"ㅇㅇ(106.101) 2025.03.29 15:13:56
조회 40 추천 0 댓글 2",추천 0,조회 40,2025.03.29 15:13:56,https://gall.dcinside.com/mgallery/board/view/?id=skk&no=26213&page=9,악플/욕설,0.33858147263526917,0.40912774205207825,0.42180371284484863,0.499750018119812,0.3673763871192932,0.5624522566795349,0.48384490609169006,0.5610883235931396,0.5642331838607788,0.3504825234413147,0.4857751429080963
할거찾음,,할거찾기,"성갤러(59.18) 2025.03.28 23:40:36
조회 38 추천 0 댓글 3",추천 0,조회 38,2025.03.28 23:40:36,https://gall.dcinside.com/mgallery/board/view/?id=skk&no=26212&page=9,지역,0.37971583008766174,0.48278480768203735,0.38268575072288513,0.44082745909690857,0.42779237031936646,0.6269890666007996,0.43507352471351624,0.5802836418151855,0.5443247556686401,0.40443727374076843,0.4563760459423065
배빵빵,,브베배빵빵,"ㅇㅇ(106.101) 2025.03.28 22:46:55
조회 33 추천 0 댓글 2",추천 0,조회 33,2025.03.28 22:46:55,https://gall.dcinside.com/mgallery/board/view/?id=skk&no=26211&page=9,지역,0.3850724399089813,0.45520609617233276,0.4023800194263458,0.4669635593891144,0.45604220032691956,0.6358802914619446,0.4582604467868805,0.5936120748519897,0.5223417282104492,0.35107794404029846,0.5092640519142151
언제요,,네,"ㅇㅇ 2025.03.28 18:13:39
조회 51 추천 0 댓글 15",추천 0,조회 51,2025.03.28 18:13:39,https://gall.dcinside.com/mgallery/board/view/?id=skk&no=26210&page=9,악플/욕설,0.33858147263526917,0.40912774205207825,0.42180371284484863,0.499750018119812,0.3673763871192932,0.5624522566795349,0.48384490609169006,0.5610883235931396,0.5642331838607788,0.3504825234413147,0.4857751429080963
카레먹을거면 스타필드가야죠,,님한입먹으면기절함,"ㅇㅇ 2025.03.28 17:12:00
조회 45 추천 1 댓글 4",추천 1,조회 45,2025.03.28 17:12:00,https://gall.dcinside.com/mgallery/board/view/?id=skk&no=26209&page=9,기타 혐오,0.37448495626449585,0.3371395170688629,0.34264832735061646,0.4708697199821472,0.34143543243408203,0.49709174036979675,0.4375448524951935,0.630243718624115,0.5034055113792419,0.4583308696746826,0.47842493653297424
한남성욕은진짜레전드다,,ㅉㅉ,"ㅇㅇ 2025.03.28 16:06:53
조회 44 추천 0 댓글 2",추천 0,조회 44,2025.03.28 16:06:53,https://gall.dcinside.com/mgallery/board/view/?id=skk&no=26208&page=9,기타 혐오,0.3487132489681244,0.4097459018230438,0.39302515983581543,0.5241514444351196,0.33157649636268616,0.5687683820724487,0.45914769172668457,0.5951386094093323,0.5697724223136902,0.32137733697891235,0.5122231841087341
코코이찌방야왜주변에없어,,가보고싶은데,"ㅇㅇ(106.101) 2025.03.28 15:53:42
조회 46 추천 0 댓글 6",추천 0,조회 46,2025.03.28 15:53:42,https://gall.dcinside.com/mgallery/board/view/?id=skk&no=26207&page=9,기타 혐오,0.39551839232444763,0.3887973725795746,0.4671042263507843,0.5671320557594299,0.41490232944488525,0.5531928539276123,0.3895774781703949,0.6035022735595703,0.46648719906806946,0.4023526906967163,0.4864538013935089
질병갤 < 개씨발 버러지 영포티들 다모아놨노,,퐁퐁이들 마누라한테 못하는 질싸 업소녀한테 대신하고 헤르페스 집단감염 ㅋㅋㅋㅋ,"Raps 2025.03.28 15:43:22
조회 81 추천 0 댓글 2",추천 0,조회 81,2025.03.28 15:43:22,https://gall.dcinside.com/mgallery/board/view/?id=skk&no=26206&page=9,기타 혐오,0.40405240654945374,0.4624726474285126,0.45211198925971985,0.4826059341430664,0.3809468448162079,0.5944321155548096,0.394854873418808,0.6083475947380066,0.4831088185310364,0.42535755038261414,0.4074051082134247
와 알파메일의 삶은 ㄹㅇ 레벨이다르노,,첩을 두명이나 들여도 열살 넘게 차이나는 연하녀가 좋다고 매달리네,"Raps 2025.03.28 15:09:28
조회 79 추천 1 댓글 4",추천 1,조회 79,2025.03.28 15:09:28,https://gall.dcinside.com/mgallery/board/view/?id=skk&no=26205&page=9,기타 혐오,0.3771134316921234,0.4585290849208832,0.5382602214813232,0.4316885471343994,0.28255414962768555,0.47528934478759766,0.34855160117149353,0.5750706791877747,0.5477816462516785,0.4551200568675995,0.3659115433692932
놀자,,요,"ㅇㅇ 2025.03.27 18:29:01
조회 33 추천 0 댓글 1",추천 0,조회 33,2025.03.27 18:29:01,https://gall.dcinside.com/mgallery/board/view/?id=skk&no=26204&page=9,악플/욕설,0.3543423116207123,0.3797978162765503,0.38608768582344055,0.4702407717704773,0.3851648271083832,0.5648618340492249,0.468974232673645,0.5874643325805664,0.6024210453033447,0.3549187481403351,0.4507691264152527
유니 고름단에 찍혓네,,큰일낫네,"ㅇㅇ 2025.03.27 17:37:47
조회 40 추천 0 댓글 1",추천 0,조회 40,2025.03.27 17:37:47,https://gall.dcinside.com/mgallery/board/view/?id=skk&no=26203&page=9,지역,0.3949683904647827,0.46682074666023254,0.4110611081123352,0.49737703800201416,0.42865270376205444,0.6163594126701355,0.4851880371570587,0.5905429124832153,0.5235105156898499,0.33069050312042236,0.5636885762214661
마비노기모바일,,하셧나요,"ㅇㅇ(106.101) 2025.03.27 17:33:58
조회 33 추천 0 댓글 2",추천 0,조회 33,2025.03.27 17:33:58,https://gall.dcinside.com/mgallery/board/view/?id=skk&no=26202&page=10,기타 혐오,0.36845818161964417,0.42358773946762085,0.40236106514930725,0.47655418515205383,0.3654927909374237,0.5915116667747498,0.46803635358810425,0.6145747303962708,0.5111181139945984,0.44452768564224243,0.4871354103088379
쪽문공사뭔데,,길막오지네,"ㅇㅇ 2025.03.27 09:09:23
조회 40 추천 0 댓글 2",추천 0,조회 40,2025.03.27 09:09:23,https://gall.dcinside.com/mgallery/board/view/?id=skk&no=26201&page=10,지역,0.3702121078968048,0.45736363530158997,0.4305534064769745,0.4509870409965515,0.3801097869873047,0.6409185528755188,0.45453229546546936,0.5930465459823608,0.49648261070251465,0.31011763215065,0.537092924118042
한녀 표독함은 세계제일,,남바완다,"ㅇㅇ(211.234) 2025.03.27 00:41:24
조회 47 추천 0 댓글 1",추천 0,조회 47,2025.03.27 00:41:24,https://gall.dcinside.com/mgallery/board/view/?id=skk&no=26200&page=10,기타 혐오,0.388160765171051,0.4705297350883484,0.4298895299434662,0.4482326805591583,0.34603849053382874,0.5985074043273926,0.4701630771160126,0.6153607964515686,0.5371710658073425,0.3882491886615753,0.4417169988155365
똥뿌직,,네,"ㅇㅇ 2025.03.26 19:04:28
조회 40 추천 0 댓글 3",추천 0,조회 40,2025.03.26 19:04:28,https://gall.dcinside.com/mgallery/board/view/?id=skk&no=26199&page=10,악플/욕설,0.33858147263526917,0.40912774205207825,0.42180371284484863,0.499750018119812,0.3673763871192932,0.5624522566795349,0.48384490609169006,0.5610883235931396,0.5642331838607788,0.3504825234413147,0.4857751429080963
단지증 < 존나웃기네,,ㅅㅂㅋㅋ,"ㅇㅇ(39.117) 2025.03.26 18:19:32
조회 105 추천 0 댓글 2",추천 0,조회 105,2025.03.26 18:19:32,https://gall.dcinside.com/mgallery/board/view/?id=skk&no=26198&page=10,기타 혐오,0.3623405396938324,0.45792514085769653,0.4399716258049011,0.5634212493896484,0.4378841519355774,0.5827046632766724,0.46194738149642944,0.5968711376190186,0.5540837645530701,0.35142093896865845,0.506206214427948
이래도 한국에서 살거야?,,대학원 잘 선택햇구만,"ㅇㅇ(106.101) 2025.03.26 15:52:23
조회 44 추천 0 댓글 2",추천 0,조회 44,2025.03.26 15:52:23,https://gall.dcinside.com/mgallery/board/view/?id=skk&no=26197&page=10,지역,0.38550594449043274,0.5182594060897827,0.37190043926239014,0.4668974280357361,0.38297656178474426,0.6319382786750793,0.49269625544548035,0.5943460464477539,0.47888830304145813,0.35303786396980286,0.5375946760177612
잡시다,,https://youtu.be/wP-kAKqZKSM,"성갤러(119.194) 2025.03.25 23:51:38
조회 30 추천 0 댓글 1",추천 0,조회 30,2025.03.25 23:51:38,https://gall.dcinside.com/mgallery/board/view/?id=skk&no=26196&page=10,기타 혐오,0.34564343094825745,0.3732326328754425,0.5587321519851685,0.45342737436294556,0.30357635021209717,0.43989574909210205,0.326134592294693,0.5878540277481079,0.5136834979057312,0.41953009366989136,0.40864893794059753
저,,녁추천,"ㅇㅇ 2025.03.25 16:50:04
조회 32 추천 0 댓글 2",추천 0,조회 32,2025.03.25 16:50:04,https://gall.dcinside.com/mgallery/board/view/?id=skk&no=26195&page=10,기타 혐오,0.39127761125564575,0.4394029378890991,0.43501633405685425,0.4471553862094879,0.31328263878822327,0.5830805897712708,0.47454795241355896,0.6269044876098633,0.5324307084083557,0.32799333333969116,0.475549578666687
운지마렵노,,앰,"Raps 2025.03.25 11:36:26
조회 48 추천 1 댓글 2",추천 1,조회 48,2025.03.25 11:36:26,https://gall.dcinside.com/mgallery/board/view/?id=skk&no=26194&page=10,기타 혐오,0.3489564061164856,0.4003622531890869,0.4020109474658966,0.5615746974945068,0.39309030771255493,0.5690938234329224,0.44391384720802307,0.592300534248352,0.5759321451187134,0.3487466275691986,0.4990033805370331
이게 그 치어리딩 노래,,https://www.youtube.com/watch?v=g4wL8XL5uaw,"ㅇㅇ(106.101) 2025.03.25 01:04:59
조회 61 추천 0 댓글 2",추천 0,조회 61,2025.03.25 01:04:59,https://gall.dcinside.com/mgallery/board/view/?id=skk&no=26193&page=10,기타 혐오,0.3636074364185333,0.40764281153678894,0.5639678835868835,0.44324517250061035,0.321738064289093,0.43533647060394287,0.34405747056007385,0.5790984034538269,0.536497950553894,0.4558454751968384,0.3909083306789398
닫는노래,,https://www.youtube.com/watch?v=NeaeJ0u3kR0,"ㅇㅇ(106.101) 2025.03.25 00:02:47
조회 39 추천 0 댓글 3",추천 0,조회 39,2025.03.25 00:02:47,https://gall.dcinside.com/mgallery/board/view/?id=skk&no=26192&page=10,악플/욕설,0.38458818197250366,0.4584071934223175,0.5452623963356018,0.42814502120018005,0.30876412987709045,0.41344764828681946,0.3165219724178314,0.5336029529571533,0.5719154477119446,0.44822192192077637,0.3477601706981659
1가지를 쭉가야되요,,네,"ㅇㅇ 2025.03.24 22:29:23
조회 39 추천 0 댓글 4",추천 0,조회 39,2025.03.24 22:29:23,https://gall.dcinside.com/mgallery/board/view/?id=skk&no=26191&page=10,악플/욕설,0.33858147263526917,0.40912774205207825,0.42180371284484863,0.499750018119812,0.3673763871192932,0.5624522566795349,0.48384490609169006,0.5610883235931396,0.5642331838607788,0.3504825234413147,0.4857751429080963
하꼬방 좀 이리암느낌이네,,이리암스럽네,"ㅇㅇ 2025.03.24 22:19:08
조회 45 추천 0 댓글 7",추천 0,조회 45,2025.03.24 22:19:08,https://gall.dcinside.com/mgallery/board/view/?id=skk&no=26190&page=10,기타 혐오,0.36678406596183777,0.452860951423645,0.39788877964019775,0.4569597840309143,0.3077717423439026,0.5382026433944702,0.48781582713127136,0.6481844186782837,0.514153003692627,0.3391711711883545,0.4242210388183594
만호야,,왜불러,"성갤러(119.194) 2025.03.24 22:17:02
조회 31 추천 0 댓글 0",추천 0,조회 31,2025.03.24 22:17:02,https://gall.dcinside.com/mgallery/board/view/?id=skk&no=26189&page=10,지역,0.3654496669769287,0.45796528458595276,0.38340485095977783,0.4794519245624542,0.3432849049568176,0.642694890499115,0.43053585290908813,0.6008535027503967,0.562967836856842,0.33052197098731995,0.5028927326202393
오늘 신규금제,,또너프됨ㅅㅂ,"ㅇㅇ 2025.03.24 00:49:56
조회 40 추천 0 댓글 2",추천 0,조회 40,2025.03.24 00:49:56,https://gall.dcinside.com/mgallery/board/view/?id=skk&no=26188&page=10,지역,0.35866421461105347,0.4720594584941864,0.47988107800483704,0.5424172282218933,0.554802656173706,0.660539984703064,0.4744030833244324,0.49539342522621155,0.518166184425354,0.49587562680244446,0.5954383611679077
사회적문제,,"https://youtu.be/nRrvcOVir1Q?si=xmqd8Klj97owPjEB
 일본 이타다키 여자가 사회문제가 된 이유
협소주택 짓는 영상으로 시작했다가..현재는 건축물 한스푼 넣은 이야기 삼매경안협소채널에 가입하여 영상 제작에 힘을 보태주세요 https://www.youtube.com/channel/UCYYqb06Ym3aeubtHFwA4ECg/join구독과 좋아요는 컨텐츠제작에 큰힘이 됩니다. 감...
youtu.be
네","ㅇㅇ 2025.03.24 00:40:30
조회 41 추천 0 댓글 2",추천 0,조회 41,2025.03.24 00:40:30,https://gall.dcinside.com/mgallery/board/view/?id=skk&no=26187&page=10,지역,0.3239143490791321,0.3776934742927551,0.5390605330467224,0.4778769612312317,0.3461325466632843,0.6208446025848389,0.35314810276031494,0.5824666619300842,0.5274801850318909,0.5216184854507446,0.4104996621608734
내가임베디드를왜,,실험좆같노그냥,"Raps 2025.03.23 19:23:58
조회 50 추천 1 댓글 1",추천 1,조회 50,2025.03.23 19:23:58,https://gall.dcinside.com/mgallery/board/view/?id=skk&no=26186&page=10,지역,0.38500550389289856,0.4534187614917755,0.4760160446166992,0.4445885121822357,0.4710904657840729,0.6405218839645386,0.4730701148509979,0.5966064929962158,0.5123534202575684,0.43658339977264404,0.4938722550868988
어디,,네,"ㅇㅇ 2025.03.23 16:43:47
조회 48 추천 0 댓글 8",추천 0,조회 48,2025.03.23 16:43:47,https://gall.dcinside.com/mgallery/board/view/?id=skk&no=26185&page=10,악플/욕설,0.33858147263526917,0.40912774205207825,0.42180371284484863,0.499750018119812,0.3673763871192932,0.5624522566795349,0.48384490609169006,0.5610883235931396,0.5642331838607788,0.3504825234413147,0.4857751429080963
그래서 감?,,언제,"ㅇㅇ(106.101) 2025.03.23 14:58:07
조회 46 추천 0 댓글 3",추천 0,조회 46,2025.03.23 14:58:07,https://gall.dcinside.com/mgallery/board/view/?id=skk&no=26184&page=10,기타 혐오,0.3563719093799591,0.3818243741989136,0.44350820779800415,0.4965972304344177,0.3795371949672699,0.5683581829071045,0.4318626821041107,0.6377002000808716,0.5365657210350037,0.3728313446044922,0.4171639084815979
와우,,,"ㅇㅇ(106.101) 2025.03.23 13:15:23
조회 36 추천 0 댓글 0",추천 0,조회 36,2025.03.23 13:15:23,https://gall.dcinside.com/mgallery/board/view/?id=skk&no=26183&page=10,여성/가족,0.0,0.0,0.0,0.0,0.0,0.0,0.0,0.0,0.0,0.0,0.0
랩스는천재,,네,"ㅇㅇ 2025.03.23 00:38:40
조회 29 추천 0 댓글 0",추천 0,조회 29,2025.03.23 00:38:40,https://gall.dcinside.com/mgallery/board/view/?id=skk&no=26182&page=10,악플/욕설,0.33858147263526917,0.40912774205207825,0.42180371284484863,0.499750018119812,0.3673763871192932,0.5624522566795349,0.48384490609169006,0.5610883235931396,0.5642331838607788,0.3504825234413147,0.4857751429080963
심심하신분,,네,"ㅇㅇ 2025.03.22 22:54:53
조회 44 추천 0 댓글 9",추천 0,조회 44,2025.03.22 22:54:53,https://gall.dcinside.com/mgallery/board/view/?id=skk&no=26181&page=10,악플/욕설,0.33858147263526917,0.40912774205207825,0.42180371284484863,0.499750018119812,0.3673763871192932,0.5624522566795349,0.48384490609169006,0.5610883235931396,0.5642331838607788,0.3504825234413147,0.4857751429080963
세계심심월드컵,,우승했습니다.,"ㅇㅇ 2025.03.22 20:13:37
조회 47 추천 0 댓글 5",추천 0,조회 47,2025.03.22 20:13:37,https://gall.dcinside.com/mgallery/board/view/?id=skk&no=26180&page=10,기타 혐오,0.38858017325401306,0.5475595593452454,0.43984270095825195,0.5034812092781067,0.39094117283821106,0.6149300932884216,0.3963192403316498,0.6244276762008667,0.515895426273346,0.3966062366962433,0.5557287335395813
그래서 감?,,아님말고,"성갤러(121.168) 2025.03.22 20:09:18
조회 54 추천 0 댓글 6",추천 0,조회 54,2025.03.22 20:09:18,https://gall.dcinside.com/mgallery/board/view/?id=skk&no=26179&page=10,기타 혐오,0.3329724967479706,0.4068881571292877,0.42581021785736084,0.4983811378479004,0.35865527391433716,0.5869008302688599,0.4665556848049164,0.6119090914726257,0.5809725522994995,0.3663002848625183,0.4671555757522583
와 수소폭탄 떨어뜨리는 소리,,,"성갤러(121.168) 2025.03.22 17:36:06
조회 34 추천 1 댓글 0",추천 1,조회 34,2025.03.22 17:36:06,https://gall.dcinside.com/mgallery/board/view/?id=skk&no=26178&page=10,여성/가족,0.0,0.0,0.0,0.0,0.0,0.0,0.0,0.0,0.0,0.0,0.0
오늘인가요,,굶어말어,"ㅇㅇ 2025.03.22 14:33:33
조회 44 추천 0 댓글 5",추천 0,조회 44,2025.03.22 14:33:33,https://gall.dcinside.com/mgallery/board/view/?id=skk&no=26177&page=10,기타 혐오,0.4058527946472168,0.4262109398841858,0.35914817452430725,0.46165263652801514,0.4024818241596222,0.591101884841919,0.49590763449668884,0.6002674698829651,0.5261597633361816,0.3549473285675049,0.47248178720474243
아 몽딩이,,믕밍시티의대믕밍이야,"ㅇㅇ(106.101) 2025.03.22 12:09:00
조회 29 추천 0 댓글 1",추천 0,조회 29,2025.03.22 12:09:00,https://gall.dcinside.com/mgallery/board/view/?id=skk&no=26176&page=10,기타 혐오,0.3915308117866516,0.386319100856781,0.5104178786277771,0.4564456343650818,0.33977773785591125,0.48363441228866577,0.3099435567855835,0.6034669876098633,0.5224543809890747,0.4127434492111206,0.37512409687042236
바밤바밤밤바,,바밤바밤밤바,"성갤러(121.168) 2025.03.21 23:22:21
조회 32 추천 0 댓글 0",추천 0,조회 32,2025.03.21 23:22:21,https://gall.dcinside.com/mgallery/board/view/?id=skk&no=26175&page=10,기타 혐오,0.39137405157089233,0.3891909718513489,0.5504085421562195,0.4561874270439148,0.4243282377719879,0.6041443943977356,0.4470457434654236,0.6319923996925354,0.5086918473243713,0.3933069407939911,0.44990333914756775
놀,,놀놀놀,"ㅇㅇ 2025.03.21 21:24:13
조회 31 추천 0 댓글 3",추천 0,조회 31,2025.03.21 21:24:13,https://gall.dcinside.com/mgallery/board/view/?id=skk&no=26174&page=10,지역,0.36407190561294556,0.46254995465278625,0.4211614429950714,0.4004797637462616,0.3995785415172577,0.6304380893707275,0.536638081073761,0.6119771599769592,0.5616147518157959,0.3250597417354584,0.48842287063598633
아~,,이스크림,"성갤러(115.145) 2025.03.21 19:30:33
조회 36 추천 0 댓글 5",추천 0,조회 36,2025.03.21 19:30:33,https://gall.dcinside.com/mgallery/board/view/?id=skk&no=26173&page=10,지역,0.3773810863494873,0.3958834409713745,0.4504839777946472,0.5207108855247498,0.37724316120147705,0.604641854763031,0.3945004940032959,0.5948145389556885,0.5137146711349487,0.3658154010772705,0.4499318599700928
치매걸리면 벽에똥바르는이유,,재밌어서,"ㅇㅇ 2025.03.21 00:48:31
조회 54 추천 0 댓글 2",추천 0,조회 54,2025.03.21 00:48:31,https://gall.dcinside.com/mgallery/board/view/?id=skk&no=26172&page=10,기타 혐오,0.4180270731449127,0.488577663898468,0.3916969299316406,0.47863835096359253,0.4120451509952545,0.5620020627975464,0.46210795640945435,0.6112605333328247,0.5498321652412415,0.3376060426235199,0.491393506526947
이세상에 술담배커피가있는이유,,그런거였나,"ㅇㅇ 2025.03.21 00:09:00
조회 40 추천 1 댓글 2",추천 1,조회 40,2025.03.21 00:09:00,https://gall.dcinside.com/mgallery/board/view/?id=skk&no=26171&page=10,기타 혐오,0.36234787106513977,0.4250224232673645,0.39436057209968567,0.5147366523742676,0.35228317975997925,0.5554693341255188,0.44149917364120483,0.6645357012748718,0.517347514629364,0.39372196793556213,0.44690996408462524
놀자,,고,"성갤러(121.168) 2025.03.20 22:09:20
조회 30 추천 0 댓글 1",추천 0,조회 30,2025.03.20 22:09:20,https://gall.dcinside.com/mgallery/board/view/?id=skk&no=26170&page=10,지역,0.3878422677516937,0.41098007559776306,0.39654237031936646,0.46060967445373535,0.36097776889801025,0.6044192910194397,0.46005257964134216,0.588229775428772,0.5751006603240967,0.3204282820224762,0.48632609844207764
백종원 << 요식업의 신인듯,,숭배합니다,"Raps 2025.03.20 14:26:05
조회 49 추천 1 댓글 2",추천 1,조회 49,2025.03.20 14:26:05,https://gall.dcinside.com/mgallery/board/view/?id=skk&no=26169&page=10,기타 혐오,0.36382606625556946,0.4206796884536743,0.41242921352386475,0.43917062878608704,0.3746323883533478,0.6003795862197876,0.4801229238510132,0.6125929951667786,0.5491637587547302,0.4283689260482788,0.5311183929443359
와우,,와우~,"ㅇㅇ 2025.03.19 22:34:36
조회 35 추천 0 댓글 1",추천 0,조회 35,2025.03.19 22:34:36,https://gall.dcinside.com/mgallery/board/view/?id=skk&no=26168&page=10,기타 혐오,0.4010123014450073,0.45967021584510803,0.45465734601020813,0.5310564637184143,0.36813220381736755,0.5894612073898315,0.5073302984237671,0.6012576818466187,0.5401201844215393,0.348318874835968,0.5014237761497498
;;,,,"성갤러(121.168) 2025.03.19 21:08:51
조회 36 추천 1 댓글 2",추천 1,조회 36,2025.03.19 21:08:51,https://gall.dcinside.com/mgallery/board/view/?id=skk&no=26167&page=10,여성/가족,0.0,0.0,0.0,0.0,0.0,0.0,0.0,0.0,0.0,0.0,0.0
내 어린시절 우연히,,들었던 믿지못할 한마디,"ㅇㅇ(106.101) 2025.03.19 18:53:46
조회 35 추천 0 댓글 3",추천 0,조회 35,2025.03.19 18:53:46,https://gall.dcinside.com/mgallery/board/view/?id=skk&no=26166&page=10,기타 혐오,0.40460073947906494,0.47521233558654785,0.4394719898700714,0.47338801622390747,0.29442298412323,0.5757701396942139,0.4386785626411438,0.6305748820304871,0.45196259021759033,0.44468414783477783,0.507262647151947
이틀만에가고싶어진,,이유가멀까요,"ㅇㅇ 2025.03.18 03:06:02
조회 45 추천 0 댓글 1",추천 0,조회 45,2025.03.18 03:06:02,https://gall.dcinside.com/mgallery/board/view/?id=skk&no=26165&page=10,기타 혐오,0.3596971929073334,0.38586315512657166,0.4017610549926758,0.45575854182243347,0.34257611632347107,0.5535637140274048,0.4412965178489685,0.6022270321846008,0.515287458896637,0.38013583421707153,0.4873160719871521
진짜졸업시키네,,실베보고알앗어요,"ㅇㅇ 2025.03.18 02:36:56
조회 37 추천 0 댓글 0",추천 0,조회 37,2025.03.18 02:36:56,https://gall.dcinside.com/mgallery/board/view/?id=skk&no=26164&page=10,지역,0.3654686510562897,0.37429678440093994,0.3991427719593048,0.5166600942611694,0.40898293256759644,0.6465794444084167,0.45565468072891235,0.5560547709465027,0.5656033158302307,0.426317036151886,0.5077558755874634
랩쮸야,,6장재밋니,"ㅇㅇ 2025.03.18 02:09:46
조회 33 추천 0 댓글 0",추천 0,조회 33,2025.03.18 02:09:46,https://gall.dcinside.com/mgallery/board/view/?id=skk&no=26163&page=10,지역,0.393561452627182,0.4811408519744873,0.40878888964653015,0.4712550640106201,0.45703089237213135,0.5982688069343567,0.44710904359817505,0.5902923345565796,0.5667802095413208,0.40535780787467957,0.5182203054428101
님아 애슐리 ㄱ?,,,"ㅇㅇ(106.101) 2025.03.18 01:58:06
조회 51 추천 1 댓글 5",추천 1,조회 51,2025.03.18 01:58:06,https://gall.dcinside.com/mgallery/board/view/?id=skk&no=26162&page=10,여성/가족,0.0,0.0,0.0,0.0,0.0,0.0,0.0,0.0,0.0,0.0,0.0
닫는노래,,https://www.youtube.com/watch?v=y80KcI36w1M,"ㅇㅇ(106.101) 2025.03.18 01:51:11
조회 24 추천 0 댓글 1",추천 0,조회 24,2025.03.18 01:51:11,https://gall.dcinside.com/mgallery/board/view/?id=skk&no=26161&page=10,악플/욕설,0.37366363406181335,0.44885846972465515,0.5564900636672974,0.4399675130844116,0.3110247254371643,0.43063032627105713,0.32867032289505005,0.5490854382514954,0.5699851512908936,0.4453888237476349,0.36132127046585083
방본만) 누더기 어쩌고 1-1화,,하차했습니다,"ㅇㅇ 2025.03.18 01:08:56
조회 41 추천 0 댓글 5",추천 0,조회 41,2025.03.18 01:08:56,https://gall.dcinside.com/mgallery/board/view/?id=skk&no=26160&page=10,기타 혐오,0.41939476132392883,0.47825613617897034,0.4284144639968872,0.5200576186180115,0.35728660225868225,0.599706768989563,0.4307970106601715,0.6475791335105896,0.48952406644821167,0.3643679618835449,0.4883476197719574
아니 이게 뭔,,줫같은소리야,"성갤러(121.168) 2025.03.18 00:12:35
조회 41 추천 1 댓글 3",추천 1,조회 41,2025.03.18 00:12:35,https://gall.dcinside.com/mgallery/board/view/?id=skk&no=26159&page=10,기타 혐오,0.3694315552711487,0.42648497223854065,0.43780654668807983,0.5076639652252197,0.34547144174575806,0.5616579055786133,0.48182588815689087,0.6359233260154724,0.4735219478607178,0.41506531834602356,0.4828280508518219
누더기 투성이 용사 이거 맛있네,,"별미네 별미
함무봐라","성갤러(121.168) 2025.03.17 23:39:19
조회 52 추천 0 댓글 0",추천 0,조회 52,2025.03.17 23:39:19,https://gall.dcinside.com/mgallery/board/view/?id=skk&no=26158&page=10,기타 혐오,0.42854493856430054,0.5085375905036926,0.3889113664627075,0.4956032335758209,0.45557746291160583,0.6139544248580933,0.4934823513031006,0.6261553168296814,0.5442986488342285,0.36029455065727234,0.5325953960418701
이거 그거잖아,,물수건이랑 물이 나온 그거,"성갤러(121.168) 2025.03.17 21:32:30
조회 38 추천 1 댓글 3",추천 1,조회 38,2025.03.17 21:32:30,https://gall.dcinside.com/mgallery/board/view/?id=skk&no=26157&page=10,기타 혐오,0.3684082329273224,0.36733323335647583,0.4908890128135681,0.5016880631446838,0.40598955750465393,0.5064412355422974,0.36132630705833435,0.633004367351532,0.5211613178253174,0.4792079031467438,0.4649237096309662
シムシム,,ね,"ㅇㅇ 2025.03.17 15:17:39
조회 34 추천 0 댓글 1",추천 0,조회 34,2025.03.17 15:17:39,https://gall.dcinside.com/mgallery/board/view/?id=skk&no=26156&page=10,기타 혐오,0.35499900579452515,0.4124928414821625,0.4130985140800476,0.5163951516151428,0.3912205696105957,0.5507232546806335,0.4525190591812134,0.6030104756355286,0.5522763729095459,0.3612750768661499,0.47336140275001526
아 응애에요,,응애,"성갤러(121.168) 2025.03.16 21:51:27
조회 33 추천 0 댓글 1",추천 0,조회 33,2025.03.16 21:51:27,https://gall.dcinside.com/mgallery/board/view/?id=skk&no=26155&page=10,기타 혐오,0.3357376158237457,0.44114455580711365,0.39758577942848206,0.49097520112991333,0.36244437098503113,0.5544498562812805,0.48028984665870667,0.6173020005226135,0.5333361625671387,0.33952808380126953,0.46468695998191833
심심~~~허다,,ㅇㅇ,"ㅇㅇ 2025.03.16 19:12:20
조회 36 추천 0 댓글 0",추천 0,조회 36,2025.03.16 19:12:20,https://gall.dcinside.com/mgallery/board/view/?id=skk&no=26154&page=10,악플/욕설,0.3527768552303314,0.391679584980011,0.38230881094932556,0.4645081162452698,0.37009358406066895,0.5333956480026245,0.5120194554328918,0.5743261575698853,0.5922943353652954,0.3613134026527405,0.4554268717765808
문득 느낀건데,,"뭐든지 일장일단이 있는듯
우린 그래도 대학원 선택의 폭이 우리학교 연고대 설포카까지 있는데
설대나 카이스트 애들이라고 해서 다 자대 원하는랩실 갈수있는거도 아니란걸 생각하면
우린 오히려 선택의 폭이 넓은듯
물론 학부 성대는 운신의 폭이 설카보다 좁긴하지만말야
설카가서 원하는랩실 못가면 자괴감 상당했을듯","ㅇㅇ(211.234) 2025.03.16 17:20:19
조회 50 추천 0 댓글 0",추천 0,조회 50,2025.03.16 17:20:19,https://gall.dcinside.com/mgallery/board/view/?id=skk&no=26153&page=10,성소수자,0.41643625497817993,0.4535945951938629,0.5584578514099121,0.47230881452560425,0.3144194483757019,0.46091532707214355,0.306956946849823,0.5174792408943176,0.5175467133522034,0.4832528233528137,0.43920958042144775
ㅋㅋㅋㅋㅋ,,의문의 유럽팀 팬,"성갤러(121.168) 2025.03.16 17:01:18
조회 31 추천 1 댓글 0",추천 1,조회 31,2025.03.16 17:01:18,https://gall.dcinside.com/mgallery/board/view/?id=skk&no=26152&page=11,지역,0.4183987081050873,0.4877540171146393,0.37847793102264404,0.5071863532066345,0.36051520705223083,0.6166732907295227,0.3898490071296692,0.5898176431655884,0.5395906567573547,0.3605630397796631,0.4418029487133026
문명,,6하자,"성갤러(121.168) 2025.03.16 00:15:36
조회 34 추천 0 댓글 0",추천 0,조회 34,2025.03.16 00:15:36,https://gall.dcinside.com/mgallery/board/view/?id=skk&no=26151&page=11,지역,0.35731297731399536,0.3825853765010834,0.45671507716178894,0.4358674883842468,0.38182979822158813,0.5936828255653381,0.49203065037727356,0.5760357975959778,0.5538554191589355,0.39746445417404175,0.5065198540687561
심심~~~~허다,,ㅇㅇ,"ㅇㅇ 2025.03.15 21:47:19
조회 24 추천 0 댓글 1",추천 0,조회 24,2025.03.15 21:47:19,https://gall.dcinside.com/mgallery/board/view/?id=skk&no=26150&page=11,악플/욕설,0.3527768552303314,0.391679584980011,0.38230881094932556,0.4645081162452698,0.37009358406066895,0.5333956480026245,0.5120194554328918,0.5743261575698853,0.5922943353652954,0.3613134026527405,0.4554268717765808
여기어때,,스이센 광교,"성갤러(121.168) 2025.03.15 17:16:01
조회 57 추천 0 댓글 0",추천 0,조회 57,2025.03.15 17:16:01,https://gall.dcinside.com/mgallery/board/view/?id=skk&no=26149&page=11,지역,0.40028324723243713,0.4424304664134979,0.3953273594379425,0.4760923385620117,0.42460790276527405,0.6131486892700195,0.4596865177154541,0.5871603488922119,0.48279014229774475,0.38462892174720764,0.5342558026313782
혼슐리,,네,"ㅇㅇ 2025.03.15 16:58:47
조회 43 추천 0 댓글 2",추천 0,조회 43,2025.03.15 16:58:47,https://gall.dcinside.com/mgallery/board/view/?id=skk&no=26148&page=11,악플/욕설,0.33858147263526917,0.40912774205207825,0.42180371284484863,0.499750018119812,0.3673763871192932,0.5624522566795349,0.48384490609169006,0.5610883235931396,0.5642331838607788,0.3504825234413147,0.4857751429080963
놀자고,,고자놀,"성갤러(121.168) 2025.03.15 14:11:22
조회 40 추천 0 댓글 4",추천 0,조회 40,2025.03.15 14:11:22,https://gall.dcinside.com/mgallery/board/view/?id=skk&no=26147&page=11,지역,0.37428832054138184,0.4162846505641937,0.42682409286499023,0.4718675911426544,0.3829008936882019,0.6131628751754761,0.43091294169425964,0.610266923904419,0.4899387061595917,0.3478822708129883,0.4506814777851105
아니 율전 피자헛은 1+1 제외네,,배짱장사 ㅅㅂ;,"Raps 2025.03.15 02:32:43
조회 56 추천 0 댓글 4",추천 0,조회 56,2025.03.15 02:32:43,https://gall.dcinside.com/mgallery/board/view/?id=skk&no=26146&page=11,기타 혐오,0.45632052421569824,0.39594802260398865,0.4577557146549225,0.5720540881156921,0.43175405263900757,0.5819766521453857,0.46124714612960815,0.6295256614685059,0.4679141640663147,0.36428284645080566,0.49833348393440247
아 돈을 벌고싶구나,,,"ㅇㅇ(106.101) 2025.03.15 01:57:35
조회 36 추천 0 댓글 0",추천 0,조회 36,2025.03.15 01:57:35,https://gall.dcinside.com/mgallery/board/view/?id=skk&no=26145&page=11,여성/가족,0.0,0.0,0.0,0.0,0.0,0.0,0.0,0.0,0.0,0.0,0.0
주말에 진짜 뭐하냐,,할게너무없는데요,"ㅇㅇ(106.101) 2025.03.15 01:42:45
조회 34 추천 0 댓글 2",추천 0,조회 34,2025.03.15 01:42:45,https://gall.dcinside.com/mgallery/board/view/?id=skk&no=26144&page=11,지역,0.3767687976360321,0.4040336012840271,0.47349777817726135,0.4818160831928253,0.4473002552986145,0.6462408304214478,0.5187249183654785,0.6017717719078064,0.5126057267189026,0.41781488060951233,0.49534207582473755
2기내용노잼이네,,왜하차햇는지기억남,"ㅇㅇ 2025.03.15 01:31:05
조회 36 추천 0 댓글 2",추천 0,조회 36,2025.03.15 01:31:05,https://gall.dcinside.com/mgallery/board/view/?id=skk&no=26143&page=11,지역,0.3429670035839081,0.3747001886367798,0.37932416796684265,0.47190696001052856,0.37986260652542114,0.6188182830810547,0.44365817308425903,0.610373318195343,0.5156020522117615,0.34285444021224976,0.49851152300834656
리제로 메이플표절임?,,메르스토리뺏겻농?,"ㅇㅇ 2025.03.14 23:49:29
조회 52 추천 0 댓글 7",추천 0,조회 52,2025.03.14 23:49:29,https://gall.dcinside.com/mgallery/board/view/?id=skk&no=26142&page=11,기타 혐오,0.34966450929641724,0.4382404685020447,0.3968713581562042,0.39976027607917786,0.40179240703582764,0.5112378597259521,0.42371514439582825,0.5916959643363953,0.4539540112018585,0.4719434678554535,0.4083503782749176
놀자잉,,잉자놀,"성갤러(220.78) 2025.03.14 23:08:11
조회 35 추천 0 댓글 4",추천 0,조회 35,2025.03.14 23:08:11,https://gall.dcinside.com/mgallery/board/view/?id=skk&no=26141&page=11,기타 혐오,0.3487248718738556,0.40631103515625,0.4107266962528229,0.45780929923057556,0.38208308815956116,0.5965220332145691,0.4664977788925171,0.6240608096122742,0.5083415508270264,0.36970508098602295,0.4411245882511139
지코바먹고싶네,,ㅇㅇ;,"ㅇㅇ 2025.03.14 17:31:54
조회 34 추천 0 댓글 1",추천 0,조회 34,2025.03.14 17:31:54,https://gall.dcinside.com/mgallery/board/view/?id=skk&no=26140&page=11,악플/욕설,0.3659041225910187,0.400955468416214,0.3858306407928467,0.4729907214641571,0.37831956148147583,0.547398030757904,0.5167106986045837,0.56102454662323,0.59190833568573,0.37712550163269043,0.44609615206718445
롯데리아 프루지오점 < Goat임,,절대 성대점을 가지마,"Raps 2025.03.14 17:02:37
조회 47 추천 1 댓글 5",추천 1,조회 47,2025.03.14 17:02:37,https://gall.dcinside.com/mgallery/board/view/?id=skk&no=26139&page=11,지역,0.41237831115722656,0.43221020698547363,0.3921029567718506,0.4300735890865326,0.3546237051486969,0.599246621131897,0.43111082911491394,0.5986155271530151,0.5156379342079163,0.3910755515098572,0.49226614832878113
랩스,,야,"ㅇㅇ 2025.03.14 15:10:53
조회 25 추천 0 댓글 0",추천 0,조회 25,2025.03.14 15:10:53,https://gall.dcinside.com/mgallery/board/view/?id=skk&no=26138&page=11,기타 혐오,0.36362504959106445,0.43183183670043945,0.43368709087371826,0.5107386708259583,0.35555508732795715,0.5644873380661011,0.46985122561454773,0.6035968065261841,0.5213661789894104,0.3636942505836487,0.4676799178123474
어우 심심해결,,"https://m.dcinside.com/board/loan_new1/12309211
 화이트데이 기념 사탕 2행시 선착순 3명 띱. - 대출 갤러리
띱.
m.dcinside.com

만갤 어그로보다 더 재밋어","ㅇㅇ(106.101) 2025.03.14 03:25:11
조회 36 추천 0 댓글 2",추천 0,조회 36,2025.03.14 03:25:11,https://gall.dcinside.com/mgallery/board/view/?id=skk&no=26137&page=11,성소수자,0.3903794586658478,0.4395259618759155,0.5761799812316895,0.4304163455963135,0.31177976727485657,0.4401687681674957,0.3466893136501312,0.5494946241378784,0.5588597655296326,0.45887452363967896,0.38830259442329407
lp사러같이가줄,,그런여자없으려나,"ㅇㅇ(106.101) 2025.03.14 00:30:34
조회 46 추천 0 댓글 2",추천 0,조회 46,2025.03.14 00:30:34,https://gall.dcinside.com/mgallery/board/view/?id=skk&no=26136&page=11,지역,0.4310493767261505,0.4208683371543884,0.36979907751083374,0.4731447100639343,0.42574432492256165,0.5734089016914368,0.4282957911491394,0.5136734247207642,0.4975142776966095,0.4132297933101654,0.48405784368515015
너무보고싶어,,견디기힘들어,"ㅇㅇ 2025.03.13 23:58:37
조회 33 추천 0 댓글 0",추천 0,조회 33,2025.03.13 23:58:37,https://gall.dcinside.com/mgallery/board/view/?id=skk&no=26135&page=11,지역,0.44420725107192993,0.44629424810409546,0.4175782799720764,0.4929461181163788,0.4223681390285492,0.6330085396766663,0.4192184805870056,0.6096715331077576,0.49450093507766724,0.3890841007232666,0.5141722559928894
다행이다~,,,"ㅇㅇ(106.101) 2025.03.13 23:58:16
조회 47 추천 1 댓글 3",추천 1,조회 47,2025.03.13 23:58:16,https://gall.dcinside.com/mgallery/board/view/?id=skk&no=26134&page=11,여성/가족,0.0,0.0,0.0,0.0,0.0,0.0,0.0,0.0,0.0,0.0,0.0
왜,,뭐,"Raps 2025.03.13 23:37:00
조회 49 추천 0 댓글 2",추천 0,조회 49,2025.03.13 23:37:00,https://gall.dcinside.com/mgallery/board/view/?id=skk&no=26133&page=11,악플/욕설,0.3785541355609894,0.4022124111652374,0.37671831250190735,0.4776214063167572,0.4477882981300354,0.5562433004379272,0.5192039012908936,0.5453768372535706,0.6213768124580383,0.31334036588668823,0.45875051617622375
일본특),,sign을 싱그로 읽음,"성갤러(115.23) 2025.03.13 21:18:32
조회 37 추천 0 댓글 1",추천 0,조회 37,2025.03.13 21:18:32,https://gall.dcinside.com/mgallery/board/view/?id=skk&no=26132&page=11,기타 혐오,0.3572348356246948,0.39186665415763855,0.5233917236328125,0.4477110207080841,0.3095654249191284,0.49876970052719116,0.36346736550331116,0.6221107840538025,0.5151782035827637,0.40128186345100403,0.42891648411750793
놀실분,,네,"ㅇㅇ 2025.03.13 20:26:49
조회 45 추천 0 댓글 6",추천 0,조회 45,2025.03.13 20:26:49,https://gall.dcinside.com/mgallery/board/view/?id=skk&no=26131&page=11,악플/욕설,0.33858147263526917,0.40912774205207825,0.42180371284484863,0.499750018119812,0.3673763871192932,0.5624522566795349,0.48384490609169006,0.5610883235931396,0.5642331838607788,0.3504825234413147,0.4857751429080963
아씨~발,,이어폰 블투연결 왤케끊김 갑자기,"ㅇㅇ(106.101) 2025.03.13 20:18:06
조회 34 추천 0 댓글 2",추천 0,조회 34,2025.03.13 20:18:06,https://gall.dcinside.com/mgallery/board/view/?id=skk&no=26130&page=11,지역,0.45143187046051025,0.5140457153320312,0.44870105385780334,0.5683981776237488,0.3923497796058655,0.5839880108833313,0.40915271639823914,0.5752460956573486,0.5282045006752014,0.4737563729286194,0.48631516098976135
키사키 한섭 이제 실장이네,,이미 다 즐겼는데 뒷북오지노,"Raps 2025.03.13 20:07:16
조회 42 추천 0 댓글 2",추천 0,조회 42,2025.03.13 20:07:16,https://gall.dcinside.com/mgallery/board/view/?id=skk&no=26129&page=11,지역,0.42832377552986145,0.49958276748657227,0.4322715103626251,0.5029714107513428,0.48832494020462036,0.6089320182800293,0.4401628077030182,0.5911113023757935,0.5162588357925415,0.4196526110172272,0.4815196096897125
치킨먹어야겟다,,애슐리그게뭔데,"ㅇㅇ(106.101) 2025.03.13 19:12:04
조회 33 추천 0 댓글 1",추천 0,조회 33,2025.03.13 19:12:04,https://gall.dcinside.com/mgallery/board/view/?id=skk&no=26128&page=11,기타 혐오,0.37987416982650757,0.42678847908973694,0.3868562579154968,0.5135980248451233,0.39048951864242554,0.5911805033683777,0.42373040318489075,0.6053568124771118,0.5066085457801819,0.35444876551628113,0.5115631818771362
왜 커피마셧는데,,잠이오지,"ㅇㅇ(106.101) 2025.03.13 15:41:36
조회 31 추천 0 댓글 0",추천 0,조회 31,2025.03.13 15:41:36,https://gall.dcinside.com/mgallery/board/view/?id=skk&no=26127&page=11,지역,0.40063026547431946,0.4226343035697937,0.40380990505218506,0.4213983714580536,0.4015974700450897,0.6287522912025452,0.4629933536052704,0.5534135103225708,0.5622546672821045,0.3675774931907654,0.4859313666820526
랩스야,,스스야,"ㅇㅇ 2025.03.13 03:04:48
조회 35 추천 0 댓글 0",추천 0,조회 35,2025.03.13 03:04:48,https://gall.dcinside.com/mgallery/board/view/?id=skk&no=26126&page=11,지역,0.36349228024482727,0.4696492552757263,0.4672327935695648,0.4943801760673523,0.3686855435371399,0.6366129517555237,0.4614490270614624,0.593329906463623,0.5042374730110168,0.3482617735862732,0.4801466166973114
엥 진짜되네,,머지,"ㅇㅇ(219.100) 2025.03.12 22:46:03
조회 43 추천 0 댓글 3",추천 0,조회 43,2025.03.12 22:46:03,https://gall.dcinside.com/mgallery/board/view/?id=skk&no=26125&page=11,기타 혐오,0.3776475489139557,0.4082239866256714,0.44083431363105774,0.5403066873550415,0.4401833415031433,0.6004546284675598,0.47799500823020935,0.617381751537323,0.5717332363128662,0.3575584590435028,0.511482834815979
충격속보,,"친구가 히마챗일본 vpn쓰니까된대요

시발","ㅇㅇ 2025.03.12 22:18:35
조회 53 추천 0 댓글 3",추천 0,조회 53,2025.03.12 22:18:35,https://gall.dcinside.com/mgallery/board/view/?id=skk&no=26124&page=11,기타 혐오,0.4139537215232849,0.38253146409988403,0.47297680377960205,0.49807411432266235,0.4241236746311188,0.561333417892456,0.38744857907295227,0.5736957788467407,0.5262233018875122,0.4335746467113495,0.4023205041885376
쓰리투원,,고~슛,"성갤러(115.23) 2025.03.12 18:41:50
조회 53 추천 0 댓글 4",추천 0,조회 53,2025.03.12 18:41:50,https://gall.dcinside.com/mgallery/board/view/?id=skk&no=26123&page=11,기타 혐오,0.4147259593009949,0.3841466009616852,0.46572819352149963,0.4952581226825714,0.3474082052707672,0.5942320227622986,0.39731547236442566,0.6514036059379578,0.47510629892349243,0.37376686930656433,0.4391096234321594
이번학기도 무사히 완주 가능할것같다,,근들갑이었구나,"Raps 2025.03.12 15:28:54
조회 50 추천 0 댓글 1",추천 0,조회 50,2025.03.12 15:28:54,https://gall.dcinside.com/mgallery/board/view/?id=skk&no=26122&page=11,지역,0.37902703881263733,0.49672839045524597,0.4022420346736908,0.4575810432434082,0.44036582112312317,0.6617882251739502,0.5220357179641724,0.5784943699836731,0.5254563093185425,0.38390541076660156,0.547294557094574
재밋다,,https://youtu.be/G_XV8x4FFeY?si=a6q8oRGr5JdAWN2u,"ㅇㅇ(106.101) 2025.03.12 12:36:43
조회 33 추천 0 댓글 1",추천 0,조회 33,2025.03.12 12:36:43,https://gall.dcinside.com/mgallery/board/view/?id=skk&no=26121&page=11,기타 혐오,0.3620857298374176,0.3828642666339874,0.5447001457214355,0.4459476172924042,0.31580039858818054,0.42884013056755066,0.3651544749736786,0.5769386887550354,0.5398871898651123,0.4384384751319885,0.4253193736076355
뭐,,왜,"Raps 2025.03.12 01:04:57
조회 35 추천 0 댓글 1",추천 0,조회 35,2025.03.12 01:04:57,https://gall.dcinside.com/mgallery/board/view/?id=skk&no=26120&page=11,기타 혐오,0.34499478340148926,0.3802436292171478,0.38172808289527893,0.46290960907936096,0.3764350712299347,0.5730250477790833,0.4429982602596283,0.6247941255569458,0.5894838571548462,0.36085206270217896,0.4729834794998169
이제 창문열고자도되나,,되나요,"ㅇㅇ 2025.03.11 23:58:24
조회 34 추천 0 댓글 2",추천 0,조회 34,2025.03.11 23:58:24,https://gall.dcinside.com/mgallery/board/view/?id=skk&no=26119&page=11,기타 혐오,0.3649348020553589,0.4057677090167999,0.4416515827178955,0.5086958408355713,0.38854238390922546,0.5693235397338867,0.44846779108047485,0.6129968762397766,0.5167362689971924,0.35012686252593994,0.4907262623310089
랩쮸쮸야,,랩거스야,"ㅇㅇ 2025.03.11 22:05:59
조회 36 추천 0 댓글 0",추천 0,조회 36,2025.03.11 22:05:59,https://gall.dcinside.com/mgallery/board/view/?id=skk&no=26118&page=11,기타 혐오,0.40216535329818726,0.4807993471622467,0.48423516750335693,0.5666194558143616,0.4265117645263672,0.6016939878463745,0.3986886143684387,0.6187846064567566,0.47098904848098755,0.3959882855415344,0.44905877113342285
일본도 페미가 좀 그렇나보네,,페미한테 혼나니까 << 이런말을하네요,"성갤러(115.23) 2025.03.11 21:16:52
조회 41 추천 0 댓글 4",추천 0,조회 41,2025.03.11 21:16:52,https://gall.dcinside.com/mgallery/board/view/?id=skk&no=26117&page=11,기타 혐오,0.4086841642856598,0.36931151151657104,0.4627108871936798,0.46696531772613525,0.29506412148475647,0.4829223155975342,0.3896917700767517,0.6235852837562561,0.41354498267173767,0.45109787583351135,0.3660741448402405
유튜브로 애슐리봣는데,,왤케 싼마이느낌나지,"ㅇㅇ 2025.03.11 20:27:24
조회 39 추천 0 댓글 2",추천 0,조회 39,2025.03.11 20:27:24,https://gall.dcinside.com/mgallery/board/view/?id=skk&no=26116&page=11,지역,0.4985736906528473,0.4772038459777832,0.4328288733959198,0.6247625946998596,0.528069257736206,0.6540902256965637,0.4667428135871887,0.5445811152458191,0.44261449575424194,0.4589768648147583,0.6196849942207336
피규어옴,,코팅,"ㅇㅇ 2025.03.11 20:01:12
조회 41 추천 0 댓글 2",추천 0,조회 41,2025.03.11 20:01:12,https://gall.dcinside.com/mgallery/board/view/?id=skk&no=26115&page=11,지역,0.3772016763687134,0.45882341265678406,0.3836413025856018,0.4731540083885193,0.34158554673194885,0.5978487133979797,0.504943311214447,0.575607419013977,0.5371448397636414,0.34152066707611084,0.5225972533226013
애슐리가고싶다,,갑자기그런생각이드네,"ㅇㅇ(106.101) 2025.03.11 17:45:06
조회 41 추천 0 댓글 4",추천 0,조회 41,2025.03.11 17:45:06,https://gall.dcinside.com/mgallery/board/view/?id=skk&no=26114&page=11,기타 혐오,0.4019017517566681,0.39730367064476013,0.4066956341266632,0.5416691303253174,0.3077528178691864,0.5517339110374451,0.42093726992607117,0.6453868746757507,0.5124396085739136,0.3812652826309204,0.4078346788883209
아 수업듣기싫어,,힝힝,"ㅇㅇ(106.101) 2025.03.11 10:49:29
조회 49 추천 0 댓글 3",추천 0,조회 49,2025.03.11 10:49:29,https://gall.dcinside.com/mgallery/board/view/?id=skk&no=26113&page=11,기타 혐오,0.41543829441070557,0.43547114729881287,0.4061899781227112,0.4965047240257263,0.3677719831466675,0.6131559014320374,0.4577382504940033,0.6387563347816467,0.5028688311576843,0.34624311327934265,0.4425135850906372
ㅈ같다,,랩스같다,"ㅇㅇ 2025.03.11 00:53:38
조회 36 추천 0 댓글 0",추천 0,조회 36,2025.03.11 00:53:38,https://gall.dcinside.com/mgallery/board/view/?id=skk&no=26112&page=11,기타 혐오,0.4075756072998047,0.4679308235645294,0.4768492579460144,0.5402519106864929,0.3613041639328003,0.556251585483551,0.4224652349948883,0.6542778611183167,0.5000213384628296,0.3489638566970825,0.4796444773674011
방본만)죽지않는스텔라공주,,스댕라,"ㅇㅇ(106.101) 2025.03.11 00:12:51
조회 42 추천 0 댓글 4",추천 0,조회 42,2025.03.11 00:12:51,https://gall.dcinside.com/mgallery/board/view/?id=skk&no=26111&page=11,기타 혐오,0.3796485364437103,0.4269753098487854,0.4351371228694916,0.4854045510292053,0.38712212443351746,0.6307023763656616,0.5009967684745789,0.639639675617218,0.5227841734886169,0.3515740633010864,0.4618150591850281
"놀,",,지못해,"성갤러(211.51) 2025.03.10 21:55:07
조회 35 추천 0 댓글 0",추천 0,조회 35,2025.03.10 21:55:07,https://gall.dcinside.com/mgallery/board/view/?id=skk&no=26110&page=11,기타 혐오,0.364729642868042,0.393103688955307,0.41029003262519836,0.5020890831947327,0.3529911935329437,0.5677443742752075,0.4103175401687622,0.6226674318313599,0.45935526490211487,0.37107065320014954,0.47823014855384827
랩쮸야,,쥬쥬야,"ㅇㅇ 2025.03.10 19:25:35
조회 31 추천 0 댓글 0",추천 0,조회 31,2025.03.10 19:25:35,https://gall.dcinside.com/mgallery/board/view/?id=skk&no=26109&page=11,기타 혐오,0.3652447760105133,0.4014398753643036,0.48314526677131653,0.4880799651145935,0.42235827445983887,0.5478528738021851,0.3227703273296356,0.6004213690757751,0.4470422863960266,0.42905256152153015,0.3990974724292755
랩쮸야,,쮸쮸야,"ㅇㅇ 2025.03.09 23:27:08
조회 49 추천 0 댓글 3",추천 0,조회 49,2025.03.09 23:27:08,https://gall.dcinside.com/mgallery/board/view/?id=skk&no=26108&page=11,기타 혐오,0.4080406725406647,0.4460737109184265,0.4781731069087982,0.5518139004707336,0.3647259473800659,0.595449686050415,0.37214651703834534,0.6188115477561951,0.41811835765838623,0.3924531936645508,0.4426341652870178
에밀리아 저탱이 너무커..,,상했노,"Raps 2025.03.09 19:44:57
조회 73 추천 0 댓글 3",추천 0,조회 73,2025.03.09 19:44:57,https://gall.dcinside.com/mgallery/board/view/?id=skk&no=26107&page=11,기타 혐오,0.3782462775707245,0.4373522996902466,0.33438658714294434,0.4527866542339325,0.41184163093566895,0.5904338359832764,0.46293315291404724,0.6140693426132202,0.5387232303619385,0.355719655752182,0.44969606399536133
마히로 피규어 플렉스,,3개주문,"ㅇㅇ 2025.03.09 19:02:52
조회 57 추천 0 댓글 7",추천 0,조회 57,2025.03.09 19:02:52,https://gall.dcinside.com/mgallery/board/view/?id=skk&no=26106&page=11,기타 혐오,0.39936113357543945,0.41154131293296814,0.5203025341033936,0.4845273792743683,0.37034106254577637,0.5215341448783875,0.4041040241718292,0.5802646279335022,0.5010585784912109,0.40075430274009705,0.431695818901062
이직원 위험하다,,보추와 퍼리라니,"ㅇㅇ 2025.03.09 18:17:42
조회 58 추천 0 댓글 6",추천 0,조회 58,2025.03.09 18:17:42,https://gall.dcinside.com/mgallery/board/view/?id=skk&no=26105&page=11,지역,0.3573234975337982,0.4041604995727539,0.3960725665092468,0.41266512870788574,0.3797098696231842,0.6301398277282715,0.47054123878479004,0.5920281410217285,0.5638174414634705,0.40351858735084534,0.4741106331348419
똥,,똥,"ㅇㅇ 2025.03.09 16:07:48
조회 40 추천 0 댓글 3",추천 0,조회 40,2025.03.09 16:07:48,https://gall.dcinside.com/mgallery/board/view/?id=skk&no=26104&page=11,기타 혐오,0.3542099595069885,0.41732195019721985,0.39347586035728455,0.5597769021987915,0.40072938799858093,0.5575047135353088,0.47889313101768494,0.6105090379714966,0.5614016652107239,0.3569784462451935,0.482513427734375
아 유튜브4배속 끝낫네,,세상이 느려지기 시작했다,"ㅇㅇ(106.101) 2025.03.09 13:21:21
조회 34 추천 0 댓글 0",추천 0,조회 34,2025.03.09 13:21:21,https://gall.dcinside.com/mgallery/board/view/?id=skk&no=26103&page=11,지역,0.3878042995929718,0.5533011555671692,0.4622975289821625,0.4836202561855316,0.30529284477233887,0.6565224528312683,0.4683965742588043,0.5584592223167419,0.5110905170440674,0.3782585561275482,0.48772132396698
하고싶은것,,휴학,"Raps 2025.03.09 12:54:27
조회 56 추천 1 댓글 4",추천 1,조회 56,2025.03.09 12:54:27,https://gall.dcinside.com/mgallery/board/view/?id=skk&no=26102&page=12,지역,0.32551828026771545,0.4949604868888855,0.3942352533340454,0.5316843390464783,0.5199795961380005,0.6514837741851807,0.4589548707008362,0.5476555228233337,0.5008525252342224,0.3884768784046173,0.5666784048080444
아니 닛큐나나 게임라이브도하네,,그렇내요,"성갤러(220.85) 2025.03.08 23:27:53
조회 42 추천 0 댓글 13",추천 0,조회 42,2025.03.08 23:27:53,https://gall.dcinside.com/mgallery/board/view/?id=skk&no=26101&page=12,기타 혐오,0.3803037703037262,0.3890080153942108,0.3956906199455261,0.491924524307251,0.368012011051178,0.5465090870857239,0.5459176898002625,0.5737960338592529,0.5332138538360596,0.3797090947628021,0.4378739595413208
발로란트 재도전?,,할까생각중,"ㅇㅇ 2025.03.08 22:44:31
조회 33 추천 0 댓글 1",추천 0,조회 33,2025.03.08 22:44:31,https://gall.dcinside.com/mgallery/board/view/?id=skk&no=26100&page=12,기타 혐오,0.38382044434547424,0.40808069705963135,0.3553510308265686,0.4803422689437866,0.3673892021179199,0.5397355556488037,0.4830904006958008,0.634766697883606,0.5490036606788635,0.4066980183124542,0.44516560435295105
이래서 방화하는구나,,불지르는게 재밋구나,"성갤러(220.85) 2025.03.08 18:02:11
조회 41 추천 0 댓글 0",추천 0,조회 41,2025.03.08 18:02:11,https://gall.dcinside.com/mgallery/board/view/?id=skk&no=26099&page=12,지역,0.3575187027454376,0.43413084745407104,0.36964505910873413,0.43370240926742554,0.39747709035873413,0.6931705474853516,0.4986353814601898,0.5802151560783386,0.5183583498001099,0.3647541105747223,0.5329004526138306
내가심심해야할,,이유가뭔데,"ㅇㅇ(106.101) 2025.03.08 14:20:40
조회 44 추천 0 댓글 2",추천 0,조회 44,2025.03.08 14:20:40,https://gall.dcinside.com/mgallery/board/view/?id=skk&no=26098&page=12,기타 혐오,0.3880203068256378,0.43174469470977783,0.39017269015312195,0.47679033875465393,0.3853064179420471,0.577063798904419,0.40530627965927124,0.6109870672225952,0.49777063727378845,0.38560542464256287,0.5235230922698975
삶에의욕이없다,,"세
상
이
치
가
그
래","ㅇㅇ(106.101) 2025.03.08 10:48:05
조회 46 추천 0 댓글 3",추천 0,조회 46,2025.03.08 10:48:05,https://gall.dcinside.com/mgallery/board/view/?id=skk&no=26097&page=12,기타 혐오,0.4131220579147339,0.4320109486579895,0.40314802527427673,0.4544132649898529,0.3059176504611969,0.6294231414794922,0.5111148357391357,0.6316967606544495,0.5013648867607117,0.35776421427726746,0.46612033247947693
졸부가 더 극성이듯이,,트젠정병이 더 악랄함,"ㅇㅇ 2025.03.07 19:23:13
조회 49 추천 0 댓글 6",추천 0,조회 49,2025.03.07 19:23:13,https://gall.dcinside.com/mgallery/board/view/?id=skk&no=26096&page=12,기타 혐오,0.4187697470188141,0.3883947730064392,0.4541971981525421,0.49954015016555786,0.396573007106781,0.5153275728225708,0.35314151644706726,0.5668867230415344,0.49887019395828247,0.4320644736289978,0.4788140654563904
몽딩이,,아몽딩이,"성갤러(220.85) 2025.03.07 18:21:09
조회 25 추천 0 댓글 0",추천 0,조회 25,2025.03.07 18:21:09,https://gall.dcinside.com/mgallery/board/view/?id=skk&no=26093&page=12,기타 혐오,0.33281195163726807,0.4755846858024597,0.42313477396965027,0.4426575303077698,0.4399154484272003,0.574917197227478,0.4856471121311188,0.5902404189109802,0.5232220888137817,0.4246779680252075,0.4826018214225769
슬픈소식,,푸바오 5성 뽑는데 2천만원 썼는데 1개도 안떳다는 소식,"성갤러(220.85) 2025.03.07 00:12:12
조회 54 추천 1 댓글 3",추천 1,조회 54,2025.03.07 00:12:12,https://gall.dcinside.com/mgallery/board/view/?id=skk&no=26092&page=12,성소수자,0.3715355396270752,0.44426408410072327,0.5671547055244446,0.44140082597732544,0.3332211375236511,0.48256006836891174,0.34478747844696045,0.551812469959259,0.5495292544364929,0.4513317346572876,0.40580540895462036
놀자,,고,"성갤러(220.85) 2025.03.06 22:12:57
조회 25 추천 0 댓글 0",추천 0,조회 25,2025.03.06 22:12:57,https://gall.dcinside.com/mgallery/board/view/?id=skk&no=26091&page=12,지역,0.3878422677516937,0.41098007559776306,0.39654237031936646,0.46060967445373535,0.36097776889801025,0.6044192910194397,0.46005257964134216,0.588229775428772,0.5751006603240967,0.3204282820224762,0.48632609844207764
레전드사건발생,,,"ㅇㅇ 2025.03.06 21:59:01
조회 57 추천 1 댓글 3",추천 1,조회 57,2025.03.06 21:59:01,https://gall.dcinside.com/mgallery/board/view/?id=skk&no=26090&page=12,여성/가족,0.0,0.0,0.0,0.0,0.0,0.0,0.0,0.0,0.0,0.0,0.0
시온도 졸업하네,,망햇구나,"성갤러(220.85) 2025.03.06 21:05:38
조회 24 추천 0 댓글 0",추천 0,조회 24,2025.03.06 21:05:38,https://gall.dcinside.com/mgallery/board/view/?id=skk&no=26089&page=12,지역,0.3930593430995941,0.48585280776023865,0.40058013796806335,0.49628475308418274,0.43238580226898193,0.6533434391021729,0.4944140315055847,0.5707041025161743,0.47202184796333313,0.381506085395813,0.5769129395484924
하아,,어제설거지핧걸,"성갤러(220.85) 2025.03.06 18:22:46
조회 23 추천 0 댓글 2",추천 0,조회 23,2025.03.06 18:22:46,https://gall.dcinside.com/mgallery/board/view/?id=skk&no=26088&page=12,지역,0.3674047887325287,0.4490119218826294,0.4139067232608795,0.4530550241470337,0.31992843747138977,0.6135252714157104,0.44586682319641113,0.6103503108024597,0.5351564288139343,0.33107444643974304,0.431393027305603
잠보~잠보 브와나~,,하바리가니~ 은주리싸나~,"ㅇㅇ(106.101) 2025.03.06 02:17:22
조회 30 추천 0 댓글 1",추천 0,조회 30,2025.03.06 02:17:22,https://gall.dcinside.com/mgallery/board/view/?id=skk&no=26087&page=12,지역,0.3395405113697052,0.4186912775039673,0.43119946122169495,0.41151726245880127,0.4133206903934479,0.6353850364685059,0.5284901261329651,0.5799055695533752,0.5301282405853271,0.3875729739665985,0.4322315752506256
아아,,이스크림,"성갤러(14.33) 2025.03.06 00:36:36
조회 41 추천 0 댓글 2",추천 0,조회 41,2025.03.06 00:36:36,https://gall.dcinside.com/mgallery/board/view/?id=skk&no=26086&page=12,지역,0.3773810863494873,0.3958834409713745,0.4504839777946472,0.5207108855247498,0.37724316120147705,0.604641854763031,0.3945004940032959,0.5948145389556885,0.5137146711349487,0.3658154010772705,0.4499318599700928
참고로전,,"피자먹음

네","ㅇㅇ 2025.03.05 19:00:10
조회 37 추천 0 댓글 4",추천 0,조회 37,2025.03.05 19:00:10,https://gall.dcinside.com/mgallery/board/view/?id=skk&no=26085&page=12,지역,0.3977416753768921,0.5054414868354797,0.3855162262916565,0.5406042337417603,0.4371086359024048,0.6625311970710754,0.4657101631164551,0.5685723423957825,0.5157765746116638,0.37105774879455566,0.5380550026893616
랩스근육보고 개기는사람이있을까,,네,"ㅇㅇ 2025.03.05 17:46:28
조회 41 추천 0 댓글 2",추천 0,조회 41,2025.03.05 17:46:28,https://gall.dcinside.com/mgallery/board/view/?id=skk&no=26084&page=12,악플/욕설,0.33858147263526917,0.40912774205207825,0.42180371284484863,0.499750018119812,0.3673763871192932,0.5624522566795349,0.48384490609169006,0.5610883235931396,0.5642331838607788,0.3504825234413147,0.4857751429080963
지금 2025년 최대의 고민중임,,"피자시켜먹을지
아니면 설거지하고 라면끓여먹을지

고민이야고민","성갤러(14.33) 2025.03.05 16:55:19
조회 41 추천 1 댓글 2",추천 1,조회 41,2025.03.05 16:55:19,https://gall.dcinside.com/mgallery/board/view/?id=skk&no=26083&page=12,기타 혐오,0.38906365633010864,0.4177161753177643,0.5202299356460571,0.48580601811408997,0.33771970868110657,0.5027543306350708,0.34486913681030273,0.5601152777671814,0.5424391031265259,0.42955684661865234,0.40768492221832275
이거진짜임?,,,"ㅇㅇ 2025.03.05 13:59:04
조회 36 추천 0 댓글 1",추천 0,조회 36,2025.03.05 13:59:04,https://gall.dcinside.com/mgallery/board/view/?id=skk&no=26081&page=12,여성/가족,0.0,0.0,0.0,0.0,0.0,0.0,0.0,0.0,0.0,0.0,0.0
아 드랍하고싶다,,책임없는 쾌락 누리고싶네,"Raps 2025.03.05 11:31:07
조회 49 추천 0 댓글 4",추천 0,조회 49,2025.03.05 11:31:07,https://gall.dcinside.com/mgallery/board/view/?id=skk&no=26080&page=12,지역,0.4492110311985016,0.5598980784416199,0.35259756445884705,0.5887701511383057,0.5181156992912292,0.6121513843536377,0.4553891718387604,0.5878874063491821,0.4288155734539032,0.42872902750968933,0.6067338585853577
모든준비다함,,목요일 데뷔합니다,"ㅇㅇ 2025.03.05 02:39:09
조회 38 추천 0 댓글 1",추천 0,조회 38,2025.03.05 02:39:09,https://gall.dcinside.com/mgallery/board/view/?id=skk&no=26079&page=12,기타 혐오,0.36338743567466736,0.45699864625930786,0.4919266104698181,0.45993003249168396,0.32462596893310547,0.6485018134117126,0.4977050721645355,0.6576835513114929,0.5060052871704102,0.4032391905784607,0.4262111186981201
3000원,,살까,"ㅇㅇ 2025.03.05 01:11:22
조회 34 추천 0 댓글 0",추천 0,조회 34,2025.03.05 01:11:22,https://gall.dcinside.com/mgallery/board/view/?id=skk&no=26078&page=12,기타 혐오,0.4078948199748993,0.381125807762146,0.44667112827301025,0.5363377928733826,0.3997221887111664,0.5768763422966003,0.4373077154159546,0.6376904249191284,0.4751204550266266,0.3877828121185303,0.45077669620513916
아 시 발,,자는시간어케고치냐,"ㅇㅇ(106.101) 2025.03.05 00:42:20
조회 30 추천 0 댓글 1",추천 0,조회 30,2025.03.05 00:42:20,https://gall.dcinside.com/mgallery/board/view/?id=skk&no=26077&page=12,기타 혐오,0.3700598478317261,0.42975935339927673,0.42224669456481934,0.48272445797920227,0.3954763114452362,0.6404481530189514,0.4043750464916229,0.6425188779830933,0.5105708837509155,0.36457332968711853,0.48015305399894714
진짜 쯔꾸르 방송해볼까,,너무심심한걸,"ㅇㅇ 2025.03.05 00:13:12
조회 35 추천 0 댓글 3",추천 0,조회 35,2025.03.05 00:13:12,https://gall.dcinside.com/mgallery/board/view/?id=skk&no=26076&page=12,지역,0.3636975884437561,0.4281022846698761,0.40813612937927246,0.4372589886188507,0.32646170258522034,0.5814389586448669,0.3974217474460602,0.5707602500915527,0.554681658744812,0.3712814450263977,0.43299171328544617
신입생입니다,,네,"ㅇㅇ 2025.03.04 21:54:03
조회 40 추천 0 댓글 0",추천 0,조회 40,2025.03.04 21:54:03,https://gall.dcinside.com/mgallery/board/view/?id=skk&no=26075&page=12,악플/욕설,0.33858147263526917,0.40912774205207825,0.42180371284484863,0.499750018119812,0.3673763871192932,0.5624522566795349,0.48384490609169006,0.5610883235931396,0.5642331838607788,0.3504825234413147,0.4857751429080963
기숙사 벌점,,"주류 들고오다 걸려서 8점이거든 ㅋㅋ;
씨발 첫 개강이고 다음학기 기숙사 안들어가면 안되는데
이거 어케 못하냐
아 2점 더 받을까봐 개무섭네","성갤러(221.162) 2025.03.04 21:42:59
조회 50 추천 0 댓글 4",추천 0,조회 50,2025.03.04 21:42:59,https://gall.dcinside.com/mgallery/board/view/?id=skk&no=26074&page=12,성소수자,0.3831372559070587,0.4151131510734558,0.5782313346862793,0.4843072295188904,0.37507304549217224,0.5072965621948242,0.3342958092689514,0.5605117678642273,0.5435909628868103,0.4834902584552765,0.4549466371536255
배고프군,,네,"ㅇㅇ(211.36) 2025.03.04 20:10:23
조회 42 추천 0 댓글 8",추천 0,조회 42,2025.03.04 20:10:23,https://gall.dcinside.com/mgallery/board/view/?id=skk&no=26073&page=12,악플/욕설,0.33858147263526917,0.40912774205207825,0.42180371284484863,0.499750018119812,0.3673763871192932,0.5624522566795349,0.48384490609169006,0.5610883235931396,0.5642331838607788,0.3504825234413147,0.4857751429080963
말없는거보니,,꿀잼맞네,"성갤러(14.33) 2025.03.04 18:51:20
조회 38 추천 0 댓글 4",추천 0,조회 38,2025.03.04 18:51:20,https://gall.dcinside.com/mgallery/board/view/?id=skk&no=26072&page=12,기타 혐오,0.4217739999294281,0.5013274550437927,0.4404776692390442,0.535415530204773,0.370760440826416,0.5603207349777222,0.43471089005470276,0.6336988806724548,0.48271167278289795,0.3469453454017639,0.5236718058586121
방본만)오르크센 왕국기,,개재밋어,"ㅇㅇ(106.101) 2025.03.04 14:55:20
조회 67 추천 0 댓글 2",추천 0,조회 67,2025.03.04 14:55:20,https://gall.dcinside.com/mgallery/board/view/?id=skk&no=26071&page=12,지역,0.43736207485198975,0.5403071045875549,0.38596251606941223,0.5141529440879822,0.41137754917144775,0.6403902173042297,0.42810243368148804,0.6058259010314941,0.5541875958442688,0.38502904772758484,0.5342569947242737
새고닉 닉추천좀요,,네,"ㅇㅇ(115.145) 2025.03.04 14:20:14
조회 35 추천 0 댓글 2",추천 0,조회 35,2025.03.04 14:20:14,https://gall.dcinside.com/mgallery/board/view/?id=skk&no=26070&page=12,악플/욕설,0.33858147263526917,0.40912774205207825,0.42180371284484863,0.499750018119812,0.3673763871192932,0.5624522566795349,0.48384490609169006,0.5610883235931396,0.5642331838607788,0.3504825234413147,0.4857751429080963
리제로 슬슬,,작가가 기복이좀있네,"ㅇㅇ(115.145) 2025.03.04 13:22:53
조회 29 추천 0 댓글 0",추천 0,조회 29,2025.03.04 13:22:53,https://gall.dcinside.com/mgallery/board/view/?id=skk&no=26069&page=12,기타 혐오,0.3915204703807831,0.4846937954425812,0.39474502205848694,0.4616284668445587,0.41283145546913147,0.5550730228424072,0.45343032479286194,0.5784927606582642,0.47502759099006653,0.34420880675315857,0.4519639313220978
님이간게 이런거임?,,,"ㅇㅇ(106.101) 2025.03.04 13:15:11
조회 46 추천 0 댓글 1",추천 0,조회 46,2025.03.04 13:15:11,https://gall.dcinside.com/mgallery/board/view/?id=skk&no=26068&page=12,여성/가족,0.0,0.0,0.0,0.0,0.0,0.0,0.0,0.0,0.0,0.0,0.0
만갤이 뭔가,,내가원하던분위기,"ㅇㅇ(115.145) 2025.03.04 11:08:21
조회 35 추천 0 댓글 2",추천 0,조회 35,2025.03.04 11:08:21,https://gall.dcinside.com/mgallery/board/view/?id=skk&no=26067&page=12,기타 혐오,0.41530895233154297,0.41219303011894226,0.41548866033554077,0.47486886382102966,0.3690224587917328,0.573087215423584,0.4321785569190979,0.6039681434631348,0.5216994285583496,0.3904404938220978,0.4477311372756958
닫는노래,,https://www.youtube.com/watch?v=s1myYuQ4-Gw,"ㅇㅇ(106.101) 2025.03.04 10:31:12
조회 34 추천 0 댓글 3",추천 0,조회 34,2025.03.04 10:31:12,https://gall.dcinside.com/mgallery/board/view/?id=skk&no=26066&page=12,악플/욕설,0.37327468395233154,0.443105012178421,0.5517978072166443,0.436006635427475,0.3130209445953369,0.4269913136959076,0.3366621434688568,0.5497212409973145,0.5725659728050232,0.4430246651172638,0.368760883808136
에혀,,슬프군요,"성갤러(14.33) 2025.03.04 08:08:17
조회 33 추천 0 댓글 1",추천 0,조회 33,2025.03.04 08:08:17,https://gall.dcinside.com/mgallery/board/view/?id=skk&no=26065&page=12,지역,0.39803656935691833,0.4421927034854889,0.3840600848197937,0.5124252438545227,0.4431508481502533,0.6304067969322205,0.507926344871521,0.5808296799659729,0.5033590197563171,0.3759220540523529,0.5346357226371765
너무보고싶다,,견디기힘들다,"ㅇㅇ(121.168) 2025.03.04 00:33:15
조회 35 추천 0 댓글 2",추천 0,조회 35,2025.03.04 00:33:15,https://gall.dcinside.com/mgallery/board/view/?id=skk&no=26063&page=12,지역,0.45273512601852417,0.45492658019065857,0.44308042526245117,0.4861030876636505,0.4221261441707611,0.6444398760795593,0.4263972043991089,0.5835070610046387,0.48128417134284973,0.3914283812046051,0.5220838785171509
갑장,,갑자기 장염,"ㅇㅇ(121.168) 2025.03.04 00:23:00
조회 37 추천 0 댓글 2",추천 0,조회 37,2025.03.04 00:23:00,https://gall.dcinside.com/mgallery/board/view/?id=skk&no=26062&page=12,기타 혐오,0.37079402804374695,0.41178858280181885,0.4138352572917938,0.5520955324172974,0.4228146970272064,0.6058863401412964,0.4546618163585663,0.608686625957489,0.5324069857597351,0.3768652081489563,0.4795818626880646
닫는노래,,https://www.youtube.com/watch?v=LYFDYZQCQUY,"ㅇㅇ(106.101) 2025.03.04 00:18:38
조회 39 추천 0 댓글 4",추천 0,조회 39,2025.03.04 00:18:38,https://gall.dcinside.com/mgallery/board/view/?id=skk&no=26061&page=12,악플/욕설,0.3815915584564209,0.4550606608390808,0.5527787804603577,0.435822457075119,0.3212035596370697,0.40703439712524414,0.30450791120529175,0.5336439609527588,0.5790165066719055,0.4630921185016632,0.3488743007183075
내일 8시,,신청안되면살자함,"ㅇㅇ(106.101) 2025.03.03 23:42:13
조회 34 추천 0 댓글 5",추천 0,조회 34,2025.03.03 23:42:13,https://gall.dcinside.com/mgallery/board/view/?id=skk&no=26060&page=12,지역,0.45691993832588196,0.4884174168109894,0.40757110714912415,0.47052204608917236,0.4364476799964905,0.5859465003013611,0.419398695230484,0.5814868807792664,0.5359209775924683,0.38822606205940247,0.5303397178649902
치킨마렵네,,네,"성갤러(121.166) 2025.03.03 20:28:39
조회 32 추천 0 댓글 3",추천 0,조회 32,2025.03.03 20:28:39,https://gall.dcinside.com/mgallery/board/view/?id=skk&no=26059&page=12,악플/욕설,0.33858147263526917,0.40912774205207825,0.42180371284484863,0.499750018119812,0.3673763871192932,0.5624522566795349,0.48384490609169006,0.5610883235931396,0.5642331838607788,0.3504825234413147,0.4857751429080963
놀자,,그거하자그거,"성갤러(14.33) 2025.03.03 19:54:54
조회 31 추천 0 댓글 2",추천 0,조회 31,2025.03.03 19:54:54,https://gall.dcinside.com/mgallery/board/view/?id=skk&no=26058&page=12,기타 혐오,0.3483258783817291,0.3287850618362427,0.3881846070289612,0.4101950526237488,0.3650493025779724,0.5698312520980835,0.5022954940795898,0.6055377125740051,0.5521717667579651,0.44426625967025757,0.4429379105567932
삼겹살데이기념,,삼겹살먹방,"성갤러(14.33) 2025.03.03 17:48:05
조회 34 추천 0 댓글 5",추천 0,조회 34,2025.03.03 17:48:05,https://gall.dcinside.com/mgallery/board/view/?id=skk&no=26056&page=12,지역,0.3573929965496063,0.5062993168830872,0.4961989223957062,0.4815252423286438,0.4901745617389679,0.697303295135498,0.40430948138237,0.5575586557388306,0.4981887638568878,0.46423840522766113,0.5147186517715454
마인크래프트 엔더드래곤잡기,,,"ㅇㅇ(106.101) 2025.03.03 15:57:09
조회 34 추천 0 댓글 2",추천 0,조회 34,2025.03.03 15:57:09,https://gall.dcinside.com/mgallery/board/view/?id=skk&no=26055&page=12,여성/가족,0.0,0.0,0.0,0.0,0.0,0.0,0.0,0.0,0.0,0.0,0.0
마크나해볼까,,네,"성갤러(121.166) 2025.03.03 14:24:36
조회 30 추천 0 댓글 1",추천 0,조회 30,2025.03.03 14:24:36,https://gall.dcinside.com/mgallery/board/view/?id=skk&no=26054&page=12,악플/욕설,0.33858147263526917,0.40912774205207825,0.42180371284484863,0.499750018119812,0.3673763871192932,0.5624522566795349,0.48384490609169006,0.5610883235931396,0.5642331838607788,0.3504825234413147,0.4857751429080963
백경잡는부분 노잼이노,,뭔 1권동안 쳐잡음,"성갤러(121.166) 2025.03.03 14:08:10
조회 28 추천 0 댓글 1",추천 0,조회 28,2025.03.03 14:08:10,https://gall.dcinside.com/mgallery/board/view/?id=skk&no=26052&page=12,기타 혐오,0.3473595976829529,0.4182395935058594,0.4958043396472931,0.44950151443481445,0.3880869448184967,0.5678384900093079,0.3985057473182678,0.6260032653808594,0.48143985867500305,0.4092283248901367,0.426180899143219
25만원배급언제해줌,,,"ㅇㅇ(106.101) 2025.03.03 14:07:52
조회 31 추천 0 댓글 2",추천 0,조회 31,2025.03.03 14:07:52,https://gall.dcinside.com/mgallery/board/view/?id=skk&no=26051&page=12,여성/가족,0.0,0.0,0.0,0.0,0.0,0.0,0.0,0.0,0.0,0.0,0.0
온 세상이 억까다,,니미,"Raps 2025.03.03 13:00:24
조회 46 추천 1 댓글 2",추천 1,조회 46,2025.03.03 13:00:24,https://gall.dcinside.com/mgallery/board/view/?id=skk&no=26050&page=12,지역,0.34353405237197876,0.4709008038043976,0.43710044026374817,0.5407823324203491,0.41248229146003723,0.5954084396362305,0.4630441665649414,0.579402506351471,0.5585482120513916,0.35450926423072815,0.5513514876365662
아에이오우 이외에는 안돼,,"으랑 어 << 멍청해짐

말그대로 으어","성갤러(14.33) 2025.03.03 03:16:06
조회 39 추천 0 댓글 4",추천 0,조회 39,2025.03.03 03:16:06,https://gall.dcinside.com/mgallery/board/view/?id=skk&no=26049&page=12,기타 혐오,0.3971852958202362,0.4010090231895447,0.3658308982849121,0.4112648069858551,0.3519575297832489,0.5550759434700012,0.48642656207084656,0.5719172954559326,0.5556361675262451,0.42702457308769226,0.4876508414745331
삼겹살데이엔 삼겹살을 먹어야됨,,안먹으면 불법임,"성갤러(121.135) 2025.03.03 01:44:16
조회 31 추천 0 댓글 2",추천 0,조회 31,2025.03.03 01:44:16,https://gall.dcinside.com/mgallery/board/view/?id=skk&no=26048&page=12,지역,0.41305696964263916,0.4224139451980591,0.33916646242141724,0.5149714350700378,0.40535658597946167,0.5690224766731262,0.39678627252578735,0.5435776710510254,0.5051294565200806,0.40081700682640076,0.5213053822517395
너무보고싶어 견디기힘들어,,런닝맨 보고싶다,"성갤러(121.135) 2025.03.03 00:05:07
조회 27 추천 0 댓글 0",추천 0,조회 27,2025.03.03 00:05:07,https://gall.dcinside.com/mgallery/board/view/?id=skk&no=26047&page=12,지역,0.4020024538040161,0.5201122164726257,0.46036237478256226,0.5561702251434326,0.48574650287628174,0.6479389667510986,0.41542044281959534,0.5818540453910828,0.4488230049610138,0.4411693811416626,0.5450180172920227
트럼프 부정선거임?,,"""


어케 존 스미스 이기고 당선됐지","성갤러(14.33) 2025.03.02 22:00:19
조회 35 추천 1 댓글 2",추천 1,조회 35,2025.03.02 22:00:19,https://gall.dcinside.com/mgallery/board/view/?id=skk&no=26046&page=13,기타 혐오,0.3924132287502289,0.4508126378059387,0.4608042538166046,0.4874354302883148,0.3279525339603424,0.6040513515472412,0.4523821473121643,0.6289700269699097,0.46737533807754517,0.4306687116622925,0.43188410997390747
서버망한이유,,몬헌하러가버림,"성갤러(14.33) 2025.03.02 21:29:59
조회 24 추천 0 댓글 2",추천 0,조회 24,2025.03.02 21:29:59,https://gall.dcinside.com/mgallery/board/view/?id=skk&no=26045&page=13,기타 혐오,0.3538818359375,0.42261436581611633,0.42114394903182983,0.4173019826412201,0.3486901521682739,0.5904961824417114,0.4387665390968323,0.5934256315231323,0.5342309474945068,0.39187484979629517,0.4580439031124115
쓰봉어디서삼,,여긴뭐 슈퍼같은데도 없네,"Raps 2025.03.02 16:11:21
조회 44 추천 1 댓글 2",추천 1,조회 44,2025.03.02 16:11:21,https://gall.dcinside.com/mgallery/board/view/?id=skk&no=26044&page=13,지역,0.34238898754119873,0.46255913376808167,0.4531658887863159,0.4845447838306427,0.40378057956695557,0.6256672143936157,0.4602465331554413,0.6013663411140442,0.5270236730575562,0.3438735902309418,0.501656174659729
어때,,짱재밌어요,"성갤러(14.33) 2025.03.02 15:58:27
조회 30 추천 1 댓글 0",추천 1,조회 30,2025.03.02 15:58:27,https://gall.dcinside.com/mgallery/board/view/?id=skk&no=26043&page=13,지역,0.4201904535293579,0.40031296014785767,0.3850449025630951,0.4668987989425659,0.33835890889167786,0.5864116549491882,0.4582090973854065,0.5846937298774719,0.5544437170028687,0.40440964698791504,0.43795913457870483
이 게임 어떄요,,데스크톱에서 동물 키우기,"성갤러(14.33) 2025.03.02 12:11:23
조회 33 추천 1 댓글 4",추천 1,조회 33,2025.03.02 12:11:23,https://gall.dcinside.com/mgallery/board/view/?id=skk&no=26042&page=13,지역,0.37324944138526917,0.4594360291957855,0.4793233871459961,0.5174551606178284,0.3723980486392975,0.6617082357406616,0.4207892119884491,0.5809968709945679,0.5075040459632874,0.41648349165916443,0.42216458916664124
알이 렘보고 람이라한거머임,,개소름,"ㅇㅇ(121.168) 2025.03.02 02:24:43
조회 24 추천 0 댓글 0",추천 0,조회 24,2025.03.02 02:24:43,https://gall.dcinside.com/mgallery/board/view/?id=skk&no=26041&page=13,기타 혐오,0.41642501950263977,0.45278215408325195,0.437455952167511,0.5202803015708923,0.3402603268623352,0.5578521490097046,0.45866164565086365,0.609345018863678,0.5247035026550293,0.38246288895606995,0.4946141242980957
택티컬 여초딩 << 이거,,이게 그 리코리스 같은거,"성갤러(14.33) 2025.03.01 23:15:23
조회 32 추천 0 댓글 4",추천 0,조회 32,2025.03.01 23:15:23,https://gall.dcinside.com/mgallery/board/view/?id=skk&no=26040&page=13,지역,0.38068273663520813,0.427957147359848,0.35004928708076477,0.4958576261997223,0.3906089663505554,0.6085352897644043,0.46524420380592346,0.5653444528579712,0.5630972385406494,0.4031992256641388,0.46624958515167236
자전거 하나 사야겟음,,더멀어졌어,"ㅇㅇ(106.101) 2025.03.01 17:50:48
조회 42 추천 0 댓글 4",추천 0,조회 42,2025.03.01 17:50:48,https://gall.dcinside.com/mgallery/board/view/?id=skk&no=26039&page=13,지역,0.3933340311050415,0.43119069933891296,0.39469343423843384,0.44959160685539246,0.4066910445690155,0.6647811532020569,0.5118905901908875,0.5816517472267151,0.4849458634853363,0.4306342899799347,0.49801164865493774
어디,,,"ㅇㅇ(223.33) 2025.03.01 17:44:24
조회 41 추천 0 댓글 4",추천 0,조회 41,2025.03.01 17:44:24,https://gall.dcinside.com/mgallery/board/view/?id=skk&no=26038&page=13,여성/가족,0.0,0.0,0.0,0.0,0.0,0.0,0.0,0.0,0.0,0.0,0.0
멀다,,머네,"성갤러(14.33) 2025.03.01 17:39:28
조회 30 추천 0 댓글 1",추천 0,조회 30,2025.03.01 17:39:28,https://gall.dcinside.com/mgallery/board/view/?id=skk&no=26037&page=13,기타 혐오,0.37688612937927246,0.46464118361473083,0.39136025309562683,0.43723422288894653,0.4093549847602844,0.604404866695404,0.4983990490436554,0.6085144877433777,0.5800313353538513,0.3255653977394104,0.49193963408470154
6시,,,"ㅇㅇ(39.117) 2025.03.01 16:18:50
조회 34 추천 0 댓글 1",추천 0,조회 34,2025.03.01 16:18:50,https://gall.dcinside.com/mgallery/board/view/?id=skk&no=26036&page=13,여성/가족,0.0,0.0,0.0,0.0,0.0,0.0,0.0,0.0,0.0,0.0,0.0
언제어디,,무엇을,"ㅇㅇ(106.101) 2025.03.01 15:26:44
조회 44 추천 0 댓글 4",추천 0,조회 44,2025.03.01 15:26:44,https://gall.dcinside.com/mgallery/board/view/?id=skk&no=26035&page=13,기타 혐오,0.38336947560310364,0.4140785038471222,0.4077143967151642,0.4713265001773834,0.3786748945713043,0.5791289210319519,0.4486217796802521,0.6081377863883972,0.5192670822143555,0.3555648922920227,0.49144336581230164
오늘한일,,태권더박,"ㅇㅇ(106.101) 2025.03.01 09:01:36
조회 34 추천 0 댓글 0",추천 0,조회 34,2025.03.01 09:01:36,https://gall.dcinside.com/mgallery/board/view/?id=skk&no=26033&page=13,기타 혐오,0.3873833417892456,0.44962868094444275,0.4020426869392395,0.41371312737464905,0.335919052362442,0.5826411247253418,0.4604398310184479,0.6473528146743774,0.5286571383476257,0.31479454040527344,0.4694218635559082
랩스야,,"크루쉬한테 스바루치료맞길때 계약내용 머엿는지 언제나옴

ㅈㄴ궁금스","성갤러(125.130) 2025.03.01 01:35:22
조회 40 추천 0 댓글 3",추천 0,조회 40,2025.03.01 01:35:22,https://gall.dcinside.com/mgallery/board/view/?id=skk&no=26032&page=13,기타 혐오,0.4087181091308594,0.40678659081459045,0.5463285446166992,0.4985760450363159,0.43643832206726074,0.48343953490257263,0.32658395171165466,0.5509206056594849,0.5328311920166016,0.48322993516921997,0.439105749130249
놉시다,,9시다,"ㅇㅇ(106.101) 2025.02.28 21:28:32
조회 34 추천 0 댓글 2",추천 0,조회 34,2025.02.28 21:28:32,https://gall.dcinside.com/mgallery/board/view/?id=skk&no=26031&page=13,지역,0.3756634294986725,0.43964138627052307,0.4177216589450836,0.4500126242637634,0.3916626274585724,0.6243525743484497,0.47787803411483765,0.5668666362762451,0.5496004223823547,0.3516000211238861,0.5436559915542603
명진갈가실분,,네,"ㅇㅇ(211.36) 2025.02.28 18:23:19
조회 45 추천 0 댓글 3",추천 0,조회 45,2025.02.28 18:23:19,https://gall.dcinside.com/mgallery/board/view/?id=skk&no=26030&page=13,악플/욕설,0.33858147263526917,0.40912774205207825,0.42180371284484863,0.499750018119812,0.3673763871192932,0.5624522566795349,0.48384490609169006,0.5610883235931396,0.5642331838607788,0.3504825234413147,0.4857751429080963
님아 매운맛매운맛하더니,,진짜매운맛이나와버렸는데요,"ㅇㅇ(106.101) 2025.02.28 17:41:06
조회 38 추천 0 댓글 2",추천 0,조회 38,2025.02.28 17:41:06,https://gall.dcinside.com/mgallery/board/view/?id=skk&no=26029&page=13,인종/국적,0.4053637981414795,0.41567930579185486,0.4526002109050751,0.5821187496185303,0.44448646903038025,0.5759854912757874,0.39989450573921204,0.5543892979621887,0.4489489793777466,0.44962188601493835,0.4551834166049957
내일,,,"Raps 2025.02.28 14:06:18
조회 52 추천 0 댓글 3",추천 0,조회 52,2025.02.28 14:06:18,https://gall.dcinside.com/mgallery/board/view/?id=skk&no=26028&page=13,여성/가족,0.0,0.0,0.0,0.0,0.0,0.0,0.0,0.0,0.0,0.0,0.0
머지,,학교에서 용돈들어옴,"ㅇㅇ(106.101) 2025.02.28 13:43:32
조회 29 추천 0 댓글 0",추천 0,조회 29,2025.02.28 13:43:32,https://gall.dcinside.com/mgallery/board/view/?id=skk&no=26027&page=13,지역,0.4172622263431549,0.4808201789855957,0.4384100139141083,0.4949675500392914,0.3909623920917511,0.5998066663742065,0.4861752688884735,0.5951182246208191,0.53233402967453,0.3593207895755768,0.461983323097229
언제,,,"ㅇㅇ(106.101) 2025.02.28 12:39:21
조회 41 추천 0 댓글 4",추천 0,조회 41,2025.02.28 12:39:21,https://gall.dcinside.com/mgallery/board/view/?id=skk&no=26026&page=13,여성/가족,0.0,0.0,0.0,0.0,0.0,0.0,0.0,0.0,0.0,0.0,0.0
언제,,,"Raps 2025.02.28 01:25:38
조회 50 추천 0 댓글 2",추천 0,조회 50,2025.02.28 01:25:38,https://gall.dcinside.com/mgallery/board/view/?id=skk&no=26025&page=13,여성/가족,0.0,0.0,0.0,0.0,0.0,0.0,0.0,0.0,0.0,0.0,0.0
제발부탁할게,,명진갈먹자,"성갤러(125.130) 2025.02.28 00:25:14
조회 46 추천 0 댓글 2",추천 0,조회 46,2025.02.28 00:25:14,https://gall.dcinside.com/mgallery/board/view/?id=skk&no=26024&page=13,지역,0.3604714572429657,0.5039054751396179,0.43437889218330383,0.5175521969795227,0.4534941613674164,0.6462230086326599,0.4607574939727783,0.5665255784988403,0.5105699300765991,0.3798196315765381,0.5590001344680786
님아 코스프레하는사람평균,,"'

무서워요","성갤러(14.33) 2025.02.28 00:01:48
조회 65 추천 0 댓글 8",추천 0,조회 65,2025.02.28 00:01:48,https://gall.dcinside.com/mgallery/board/view/?id=skk&no=26023&page=13,기타 혐오,0.4040498435497284,0.3588382303714752,0.4471757411956787,0.5000606179237366,0.35864245891571045,0.5599820017814636,0.4451850652694702,0.6171405911445618,0.5137618780136108,0.4169690012931824,0.4239043593406677
언제,,,"Raps 2025.02.27 22:35:42
조회 39 추천 0 댓글 1",추천 0,조회 39,2025.02.27 22:35:42,https://gall.dcinside.com/mgallery/board/view/?id=skk&no=26022&page=13,여성/가족,0.0,0.0,0.0,0.0,0.0,0.0,0.0,0.0,0.0,0.0,0.0
랩스쿤,,명진갈먹자.,"성갤러(125.130) 2025.02.27 22:17:32
조회 26 추천 0 댓글 0",추천 0,조회 26,2025.02.27 22:17:32,https://gall.dcinside.com/mgallery/board/view/?id=skk&no=26021&page=13,지역,0.36983656883239746,0.4943463206291199,0.4289562404155731,0.5105008482933044,0.44954487681388855,0.6448765993118286,0.4696460962295532,0.5448801517486572,0.5049968957901001,0.38192084431648254,0.5550312995910645
저는 심심할때,,대출갤에 선착순 글을 써요,"ㅇㅇ(106.101) 2025.02.27 21:00:45
조회 34 추천 0 댓글 2",추천 0,조회 34,2025.02.27 21:00:45,https://gall.dcinside.com/mgallery/board/view/?id=skk&no=26020&page=13,지역,0.3729504346847534,0.4158918261528015,0.44843557476997375,0.48692744970321655,0.3304986357688904,0.615326464176178,0.43410471081733704,0.6121897101402283,0.5421245098114014,0.40942367911338806,0.4552399516105652
근데 고기얘기해서,,너무너무너무먹고싶은데,"ㅇㅇ(106.101) 2025.02.27 18:09:36
조회 34 추천 0 댓글 4",추천 0,조회 34,2025.02.27 18:09:36,https://gall.dcinside.com/mgallery/board/view/?id=skk&no=26019&page=13,지역,0.4240700602531433,0.4458252191543579,0.49960774183273315,0.5196706652641296,0.4793923795223236,0.6172013878822327,0.4657686948776245,0.5202347636222839,0.47245848178863525,0.4007769525051117,0.5370506048202515
성소수자동아리도 모집하네,,,"ㅇㅇ(211.36) 2025.02.27 17:53:42
조회 43 추천 0 댓글 2",추천 0,조회 43,2025.02.27 17:53:42,https://gall.dcinside.com/mgallery/board/view/?id=skk&no=26018&page=13,여성/가족,0.0,0.0,0.0,0.0,0.0,0.0,0.0,0.0,0.0,0.0,0.0
못참겠다,,극대노,"ㅇㅇ(211.36) 2025.02.27 15:31:16
조회 30 추천 0 댓글 2",추천 0,조회 30,2025.02.27 15:31:16,https://gall.dcinside.com/mgallery/board/view/?id=skk&no=26017&page=13,지역,0.3781736195087433,0.4430240988731384,0.4335562586784363,0.499700665473938,0.403342604637146,0.6246351599693298,0.4535185694694519,0.5822026133537292,0.565967321395874,0.3743245303630829,0.502034604549408
명진갈먹자고,,네,"ㅇㅇ(211.36) 2025.02.27 12:57:50
조회 45 추천 1 댓글 4",추천 1,조회 45,2025.02.27 12:57:50,https://gall.dcinside.com/mgallery/board/view/?id=skk&no=26016&page=13,악플/욕설,0.33858147263526917,0.40912774205207825,0.42180371284484863,0.499750018119812,0.3673763871192932,0.5624522566795349,0.48384490609169006,0.5610883235931396,0.5642331838607788,0.3504825234413147,0.4857751429080963
4권스바루개패고싶노,,왜이래얘,"ㅇㅇ(121.168) 2025.02.27 00:47:24
조회 44 추천 0 댓글 4",추천 0,조회 44,2025.02.27 00:47:24,https://gall.dcinside.com/mgallery/board/view/?id=skk&no=26015&page=13,기타 혐오,0.38180845975875854,0.4313216805458069,0.4400363266468048,0.5197756886482239,0.32009851932525635,0.6065311431884766,0.4622271955013275,0.6286243200302124,0.5643700361251831,0.33680546283721924,0.4465862810611725
한달에 한번 요리의날을 만들어야겟어,,폼나는그런,"ㅇㅇ(106.101) 2025.02.26 23:27:11
조회 33 추천 0 댓글 3",추천 0,조회 33,2025.02.26 23:27:11,https://gall.dcinside.com/mgallery/board/view/?id=skk&no=26014&page=13,기타 혐오,0.40374505519866943,0.4735301733016968,0.4315423369407654,0.4926455020904541,0.3900456130504608,0.5859779715538025,0.4557448923587799,0.6266849637031555,0.4780314564704895,0.3684656322002411,0.47208157181739807
랩스 리제로나온거다봄?,,ㅇㅇ,"성갤러(125.130) 2025.02.26 21:57:39
조회 49 추천 0 댓글 6",추천 0,조회 49,2025.02.26 21:57:39,https://gall.dcinside.com/mgallery/board/view/?id=skk&no=26013&page=13,악플/욕설,0.3527768552303314,0.391679584980011,0.38230881094932556,0.4645081162452698,0.37009358406066895,0.5333956480026245,0.5120194554328918,0.5743261575698853,0.5922943353652954,0.3613134026527405,0.4554268717765808
뭔 근터여,,오늘은 밖에 안나가는날임,"Raps 2025.02.26 19:46:39
조회 45 추천 0 댓글 2",추천 0,조회 45,2025.02.26 19:46:39,https://gall.dcinside.com/mgallery/board/view/?id=skk&no=26012&page=13,지역,0.3827461004257202,0.4832175374031067,0.4808776080608368,0.5904628038406372,0.5010257959365845,0.7543043494224548,0.4490354359149933,0.6090702414512634,0.5155407786369324,0.4701983630657196,0.5783542394638062
명륜진사갈비 무려 19900이네,,아쉬워~라~,"성갤러(59.18) 2025.02.26 18:32:07
조회 58 추천 1 댓글 6",추천 1,조회 58,2025.02.26 18:32:07,https://gall.dcinside.com/mgallery/board/view/?id=skk&no=26011&page=13,기타 혐오,0.44412168860435486,0.5005437731742859,0.3589482605457306,0.4272909164428711,0.4028467833995819,0.584902286529541,0.4393968880176544,0.6127117276191711,0.4950859248638153,0.4107424318790436,0.4785173237323761
18975,,,"성갤러(59.18) 2025.02.26 18:26:17
조회 42 추천 0 댓글 3",추천 0,조회 42,2025.02.26 18:26:17,https://gall.dcinside.com/mgallery/board/view/?id=skk&no=26010&page=13,여성/가족,0.0,0.0,0.0,0.0,0.0,0.0,0.0,0.0,0.0,0.0,0.0
무한으로즐겨요,,율전진사갈비,"ㅇㅇ(211.36) 2025.02.26 18:21:56
조회 43 추천 0 댓글 5",추천 0,조회 43,2025.02.26 18:21:56,https://gall.dcinside.com/mgallery/board/view/?id=skk&no=26009&page=13,지역,0.35957175493240356,0.4500441253185272,0.4601786732673645,0.4420187175273895,0.45529937744140625,0.6292998790740967,0.4364972710609436,0.5149115920066833,0.5089447498321533,0.3960094451904297,0.4817412197589874
설마 새터갔나,,그건아니겟지?,"ㅇㅇ(106.101) 2025.02.26 16:51:08
조회 50 추천 0 댓글 1",추천 0,조회 50,2025.02.26 16:51:08,https://gall.dcinside.com/mgallery/board/view/?id=skk&no=26008&page=13,기타 혐오,0.346646249294281,0.40721777081489563,0.41616013646125793,0.4955092668533325,0.3333616554737091,0.5362840294837952,0.4730464220046997,0.5983735918998718,0.5001470446586609,0.38263842463493347,0.39711102843284607
툴파갤도잇어,,ㅈㄴ웃기네,"ㅇㅇ(115.145) 2025.02.26 15:41:17
조회 28 추천 0 댓글 2",추천 0,조회 28,2025.02.26 15:41:17,https://gall.dcinside.com/mgallery/board/view/?id=skk&no=26007&page=13,기타 혐오,0.41014423966407776,0.4676635265350342,0.40836963057518005,0.533737063407898,0.4040070176124573,0.5628665685653687,0.4668426215648651,0.6182352900505066,0.5415871143341064,0.31267333030700684,0.5041894316673279
이거어때,,"https://m.dcinside.com/board/singlebungle1472/1681387
 싱글벙글 싱붕이 상상친구로 모쏠아다탈출했다..jpg - 싱글벙글 지구촌 마이너 갤러리
https://m.dcinside.com/board/singlebungle1472/904250 신기신기 상상친구를 만드는 수련법.araboja - 싱글벙글 지구촌 마이너 갤러리https://gall.dcinside.
m.dcinside.com","ㅇㅇ(115.145) 2025.02.26 15:07:11
조회 33 추천 0 댓글 1",추천 0,조회 33,2025.02.26 15:07:11,https://gall.dcinside.com/mgallery/board/view/?id=skk&no=26006&page=13,성소수자,0.3708034157752991,0.44467249512672424,0.632613480091095,0.45035555958747864,0.38644808530807495,0.4809320867061615,0.3287871479988098,0.5413890480995178,0.4912651479244232,0.49243807792663574,0.4453672468662262
그래서 감맘,,네,"ㅇㅇ(106.101) 2025.02.26 13:38:56
조회 35 추천 0 댓글 2",추천 0,조회 35,2025.02.26 13:38:56,https://gall.dcinside.com/mgallery/board/view/?id=skk&no=26005&page=13,악플/욕설,0.33858147263526917,0.40912774205207825,0.42180371284484863,0.499750018119812,0.3673763871192932,0.5624522566795349,0.48384490609169006,0.5610883235931396,0.5642331838607788,0.3504825234413147,0.4857751429080963
네?,,네,"ㅇㅇ(115.145) 2025.02.26 12:19:28
조회 22 추천 0 댓글 0",추천 0,조회 22,2025.02.26 12:19:28,https://gall.dcinside.com/mgallery/board/view/?id=skk&no=26004&page=13,악플/욕설,0.33858147263526917,0.40912774205207825,0.42180371284484863,0.499750018119812,0.3673763871192932,0.5624522566795349,0.48384490609169006,0.5610883235931396,0.5642331838607788,0.3504825234413147,0.4857751429080963
사람이개많음,,겁나많아,"ㅇㅇ(106.101) 2025.02.26 10:57:44
조회 35 추천 0 댓글 0",추천 0,조회 35,2025.02.26 10:57:44,https://gall.dcinside.com/mgallery/board/view/?id=skk&no=26003&page=13,악플/욕설,0.4108622372150421,0.42656370997428894,0.4093722105026245,0.5440216660499573,0.41831809282302856,0.5789073705673218,0.5110862255096436,0.5847135782241821,0.5912986397743225,0.3234160244464874,0.5228999257087708
오늘은어때요,,셋이서,"ㅇㅇ(211.36) 2025.02.26 08:55:28
조회 28 추천 0 댓글 0",추천 0,조회 28,2025.02.26 08:55:28,https://gall.dcinside.com/mgallery/board/view/?id=skk&no=26002&page=13,기타 혐오,0.3540665805339813,0.451599657535553,0.43866223096847534,0.47006842494010925,0.3707890212535858,0.5836179256439209,0.46274152398109436,0.6393169164657593,0.5370728373527527,0.3530395030975342,0.49033322930336
언제,,,"Raps 2025.02.26 01:20:01
조회 44 추천 0 댓글 2",추천 0,조회 44,2025.02.26 01:20:01,https://gall.dcinside.com/mgallery/board/view/?id=skk&no=26001&page=13,여성/가족,0.0,0.0,0.0,0.0,0.0,0.0,0.0,0.0,0.0,0.0,0.0
랩스쿤,,고기먹자,"성갤러(125.130) 2025.02.25 23:55:59
조회 26 추천 0 댓글 0",추천 0,조회 26,2025.02.25 23:55:59,https://gall.dcinside.com/mgallery/board/view/?id=skk&no=26000&page=13,지역,0.37912946939468384,0.4947165548801422,0.4312954246997833,0.5067023038864136,0.4357704818248749,0.6375483870506287,0.45137882232666016,0.5644074082374573,0.5448177456855774,0.3494639992713928,0.5305089950561523
존나귀엽구만,,,"ㅇㅇ(106.101) 2025.02.25 23:17:53
조회 32 추천 0 댓글 2",추천 0,조회 32,2025.02.25 23:17:53,https://gall.dcinside.com/mgallery/board/view/?id=skk&no=25999&page=13,여성/가족,0.0,0.0,0.0,0.0,0.0,0.0,0.0,0.0,0.0,0.0,0.0
치킨어디꺼먹지,,고민,"성갤러(125.130) 2025.02.25 21:32:53
조회 26 추천 0 댓글 1",추천 0,조회 26,2025.02.25 21:32:53,https://gall.dcinside.com/mgallery/board/view/?id=skk&no=25998&page=13,기타 혐오,0.38355934619903564,0.4085743725299835,0.4555780589580536,0.5145394206047058,0.37571731209754944,0.5763667821884155,0.45498284697532654,0.6516042947769165,0.5348677039146423,0.37285757064819336,0.4232730567455292
아어카지,,오카네가나인다,"ㅇㅇ(115.145) 2025.02.25 18:23:43
조회 27 추천 0 댓글 2",추천 0,조회 27,2025.02.25 18:23:43,https://gall.dcinside.com/mgallery/board/view/?id=skk&no=25997&page=13,지역,0.3616434931755066,0.4136755168437958,0.42697277665138245,0.4563407897949219,0.40607020258903503,0.6209624409675598,0.5037723183631897,0.5852376818656921,0.5818063616752625,0.3780766725540161,0.4957181513309479
아니 무슨 순애만화에서,,개끼리 야스하는걸 볼줄은 몰랏네;,"성갤러(59.18) 2025.02.24 23:43:05
조회 33 추천 0 댓글 3",추천 0,조회 33,2025.02.24 23:43:05,https://gall.dcinside.com/mgallery/board/view/?id=skk&no=25996&page=13,지역,0.3203464150428772,0.4699417054653168,0.4967789947986603,0.48624053597450256,0.37308502197265625,0.6340265870094299,0.41280317306518555,0.598213791847229,0.46587827801704407,0.41883206367492676,0.49620944261550903
천황생일 << 이거 공휴일이구나,,윤석열생일은 공휴일 안하나,"성갤러(59.18) 2025.02.24 22:30:05
조회 27 추천 0 댓글 2",추천 0,조회 27,2025.02.24 22:30:05,https://gall.dcinside.com/mgallery/board/view/?id=skk&no=25995&page=14,기타 혐오,0.36380258202552795,0.4395601451396942,0.4946444034576416,0.4467041790485382,0.3988898992538452,0.5263105034828186,0.38543906807899475,0.5902183651924133,0.48326408863067627,0.3989446759223938,0.3771052956581116
이거진짜임?,,ㄷㄷ,"성갤러(125.130) 2025.02.24 21:44:34
조회 34 추천 0 댓글 1",추천 0,조회 34,2025.02.24 21:44:34,https://gall.dcinside.com/mgallery/board/view/?id=skk&no=25994&page=14,기타 혐오,0.37993040680885315,0.384397953748703,0.43410488963127136,0.5548779368400574,0.40630531311035156,0.5707080364227295,0.4790332615375519,0.6132432818412781,0.5627931356430054,0.37511852383613586,0.5207511186599731
서버부활,,이거거든~~~~~~~~~,"성갤러(59.18) 2025.02.24 21:07:07
조회 28 추천 0 댓글 0",추천 0,조회 28,2025.02.24 21:07:07,https://gall.dcinside.com/mgallery/board/view/?id=skk&no=25993&page=14,기타 혐오,0.34209537506103516,0.4391629099845886,0.43113502860069275,0.5341349840164185,0.3240400552749634,0.6075310111045837,0.5284779071807861,0.618491530418396,0.5419661998748779,0.4010300934314728,0.42736417055130005
돌돌롤?,,롤?,"성갤러(59.18) 2025.02.24 20:11:28
조회 29 추천 0 댓글 2",추천 0,조회 29,2025.02.24 20:11:28,https://gall.dcinside.com/mgallery/board/view/?id=skk&no=25992&page=14,기타 혐오,0.39293572306632996,0.36094599962234497,0.4341528117656708,0.4966695010662079,0.4086874723434448,0.5529288649559021,0.4083612859249115,0.631576657295227,0.483955055475235,0.4241199791431427,0.4259878098964691
아할게없다할게없어,,"재밋는게임은다옛날거라
망햇거나 질렷거나","성갤러(59.18) 2025.02.24 19:41:10
조회 30 추천 0 댓글 2",추천 0,조회 30,2025.02.24 19:41:10,https://gall.dcinside.com/mgallery/board/view/?id=skk&no=25991&page=14,지역,0.3719961643218994,0.43041160702705383,0.4145582616329193,0.47196608781814575,0.3442949950695038,0.6126745939254761,0.4371073246002197,0.6090866327285767,0.5056214928627014,0.3422228693962097,0.44022032618522644
도파썰 레전드네,,님이말한게 창고썰임?,"성갤러(125.130) 2025.02.24 19:18:33
조회 68 추천 0 댓글 1",추천 0,조회 68,2025.02.24 19:18:33,https://gall.dcinside.com/mgallery/board/view/?id=skk&no=25990&page=14,기타 혐오,0.37533384561538696,0.3304682672023773,0.5159642696380615,0.4345032274723053,0.35752591490745544,0.45738494396209717,0.37775999307632446,0.6216137409210205,0.4341526925563812,0.3847833573818207,0.4360364079475403
심심하면 연애를하세요,,님선,"ㅇㅇ(115.145) 2025.02.24 17:12:20
조회 36 추천 0 댓글 5",추천 0,조회 36,2025.02.24 17:12:20,https://gall.dcinside.com/mgallery/board/view/?id=skk&no=25989&page=14,기타 혐오,0.34218841791152954,0.4145163595676422,0.42054620385169983,0.48067447543144226,0.3600032925605774,0.5542436242103577,0.4589116871356964,0.6359454989433289,0.5064157843589783,0.3530158996582031,0.4750763773918152
진짜 하나도 뭔지 모르겟네,,https://youtu.be/AtOEKUroRVE?si=yn9kz_pfT7NDT9k0,"ㅇㅇ(106.101) 2025.02.24 15:24:48
조회 36 추천 0 댓글 5",추천 0,조회 36,2025.02.24 15:24:48,https://gall.dcinside.com/mgallery/board/view/?id=skk&no=25988&page=14,기타 혐오,0.36734500527381897,0.36241111159324646,0.56437748670578,0.4838546812534332,0.30881598591804504,0.45102420449256897,0.3509434163570404,0.592641294002533,0.5050882697105408,0.430550754070282,0.4494631588459015
1권드디어다봣네,,번역욕이많네요,"ㅇㅇ(121.168) 2025.02.24 01:17:49
조회 24 추천 0 댓글 1",추천 0,조회 24,2025.02.24 01:17:49,https://gall.dcinside.com/mgallery/board/view/?id=skk&no=25987&page=14,기타 혐오,0.38254451751708984,0.39168664813041687,0.40032681822776794,0.5013716816902161,0.3888006806373596,0.5470931529998779,0.44999197125434875,0.5676752328872681,0.535511314868927,0.43213170766830444,0.501065194606781
악마 여신 << 2025년은 이 만화가 히트하겟군,,,"성갤러(59.18) 2025.02.23 22:20:11
조회 29 추천 0 댓글 2",추천 0,조회 29,2025.02.23 22:20:11,https://gall.dcinside.com/mgallery/board/view/?id=skk&no=25986&page=14,여성/가족,0.0,0.0,0.0,0.0,0.0,0.0,0.0,0.0,0.0,0.0,0.0
ㅅㅂ,,ㅅㅂ,"ㅇㅇ(121.168) 2025.02.23 20:41:10
조회 27 추천 0 댓글 1",추천 0,조회 27,2025.02.23 20:41:10,https://gall.dcinside.com/mgallery/board/view/?id=skk&no=25985&page=14,기타 혐오,0.37569475173950195,0.44478586316108704,0.46191930770874023,0.5895352363586426,0.4342647194862366,0.5732457637786865,0.45686963200569153,0.6216194033622742,0.5724266767501831,0.36294370889663696,0.5230446457862854
심심,,하다,"ㅇㅇ(106.101) 2025.02.23 17:22:21
조회 32 추천 0 댓글 4",추천 0,조회 32,2025.02.23 17:22:21,https://gall.dcinside.com/mgallery/board/view/?id=skk&no=25984&page=14,기타 혐오,0.3735074996948242,0.410052090883255,0.400684118270874,0.4939868450164795,0.37191519141197205,0.5629978775978088,0.44939693808555603,0.576175332069397,0.5404765009880066,0.32709962129592896,0.4800525903701782
심심,,하다,"ㅇㅇ(106.101) 2025.02.23 12:07:53
조회 36 추천 0 댓글 6",추천 0,조회 36,2025.02.23 12:07:53,https://gall.dcinside.com/mgallery/board/view/?id=skk&no=25983&page=14,기타 혐오,0.3735074996948242,0.410052090883255,0.400684118270874,0.4939868450164795,0.37191519141197205,0.5629978775978088,0.44939693808555603,0.576175332069397,0.5404765009880066,0.32709962129592896,0.4800525903701782
뭐지,,"왜 계속 서버 안파져잇는거임

망햇나진짜","성갤러(59.18) 2025.02.22 21:05:33
조회 27 추천 0 댓글 2",추천 0,조회 27,2025.02.22 21:05:33,https://gall.dcinside.com/mgallery/board/view/?id=skk&no=25982&page=14,지역,0.3851286768913269,0.4741443395614624,0.43143001198768616,0.5321055054664612,0.4139496982097626,0.6034919619560242,0.42134931683540344,0.5210599303245544,0.5164538025856018,0.38887736201286316,0.4960917532444
치킨,,먹,"ㅇㅇ(211.36) 2025.02.22 20:07:59
조회 33 추천 0 댓글 2",추천 0,조회 33,2025.02.22 20:07:59,https://gall.dcinside.com/mgallery/board/view/?id=skk&no=25981&page=14,기타 혐오,0.38314321637153625,0.4070867896080017,0.37593549489974976,0.4852162003517151,0.3923845887184143,0.5810027718544006,0.4712390899658203,0.6056715846061707,0.5320067405700684,0.37298688292503357,0.47527432441711426
영등포,,네,"ㅇㅇ(211.36) 2025.02.22 19:40:51
조회 30 추천 0 댓글 3",추천 0,조회 30,2025.02.22 19:40:51,https://gall.dcinside.com/mgallery/board/view/?id=skk&no=25980&page=14,악플/욕설,0.33858147263526917,0.40912774205207825,0.42180371284484863,0.499750018119812,0.3673763871192932,0.5624522566795349,0.48384490609169006,0.5610883235931396,0.5642331838607788,0.3504825234413147,0.4857751429080963
님아 근데 헬스장감?,,"화학관밑이면 어디로감
다멀잖아","ㅇㅇ(106.101) 2025.02.22 17:54:20
조회 55 추천 0 댓글 8",추천 0,조회 55,2025.02.22 17:54:20,https://gall.dcinside.com/mgallery/board/view/?id=skk&no=25979&page=14,기타 혐오,0.3964477777481079,0.37810149788856506,0.4933331310749054,0.454491525888443,0.36158043146133423,0.6131600141525269,0.4553404748439789,0.622991144657135,0.46789059042930603,0.4263797104358673,0.3920691907405853
님아3시간짜리방잇는데,,궁금하죠,"ㅇㅇ(211.36) 2025.02.22 17:20:11
조회 45 추천 0 댓글 8",추천 0,조회 45,2025.02.22 17:20:11,https://gall.dcinside.com/mgallery/board/view/?id=skk&no=25978&page=14,기타 혐오,0.39313095808029175,0.3834034502506256,0.3674280643463135,0.47289571166038513,0.3624285161495209,0.508895218372345,0.4533481001853943,0.5536873936653137,0.534834086894989,0.4422437250614166,0.4679459035396576
유동분신술 뭐임,,실명제실시하라,"Raps 2025.02.22 17:20:04
조회 35 추천 0 댓글 1",추천 0,조회 35,2025.02.22 17:20:04,https://gall.dcinside.com/mgallery/board/view/?id=skk&no=25977&page=14,지역,0.40569260716438293,0.4649733304977417,0.4392783045768738,0.4935644268989563,0.3912520110607147,0.6250443458557129,0.4454035758972168,0.5629487633705139,0.5169689655303955,0.3908570408821106,0.5199149250984192
와 진짜네,,3번째,"ㅇㅇ(106.101) 2025.02.22 16:47:03
조회 44 추천 0 댓글 2",추천 0,조회 44,2025.02.22 16:47:03,https://gall.dcinside.com/mgallery/board/view/?id=skk&no=25975&page=14,기타 혐오,0.339950293302536,0.4368876516819,0.4342133700847626,0.49102166295051575,0.37256717681884766,0.5771058201789856,0.40443986654281616,0.59952712059021,0.5587961077690125,0.4020991325378418,0.5078458786010742
甘い物が食べたいんだよ,,모몽가명대사,"ㅇㅇ(211.36) 2025.02.22 10:42:55
조회 40 추천 0 댓글 5",추천 0,조회 40,2025.02.22 10:42:55,https://gall.dcinside.com/mgallery/board/view/?id=skk&no=25974&page=14,지역,0.3834351897239685,0.4562261402606964,0.41709375381469727,0.40340062975883484,0.4117775559425354,0.6248828768730164,0.4541030824184418,0.5704435110092163,0.516877293586731,0.4351097643375397,0.4747687876224518
현재 시각 4시 54분,,그곳에 두명이 서있다..,"성갤러(59.18) 2025.02.21 04:54:22
조회 35 추천 0 댓글 0",추천 0,조회 35,2025.02.21 04:54:22,https://gall.dcinside.com/mgallery/board/view/?id=skk&no=25973&page=14,지역,0.3824745714664459,0.4182583689689636,0.49232497811317444,0.502377986907959,0.3915530741214752,0.6422948241233826,0.46592825651168823,0.601371169090271,0.4717080593109131,0.38483259081840515,0.4799415171146393
일본에서도,,チルい라는말이잇네,"ㅇㅇ(106.101) 2025.02.21 01:39:29
조회 40 추천 0 댓글 3",추천 0,조회 40,2025.02.21 01:39:29,https://gall.dcinside.com/mgallery/board/view/?id=skk&no=25972&page=14,기타 혐오,0.35499900579452515,0.4124928414821625,0.4130985140800476,0.5163951516151428,0.3912205696105957,0.5507232546806335,0.4525190591812134,0.6030104756355286,0.5522763729095459,0.3612750768661499,0.47336140275001526
슬슬,,슬슬?,"ㅇㅇ(115.145) 2025.02.20 18:15:25
조회 33 추천 0 댓글 1",추천 0,조회 33,2025.02.20 18:15:25,https://gall.dcinside.com/mgallery/board/view/?id=skk&no=25971&page=14,기타 혐오,0.3921683728694916,0.41145774722099304,0.45954611897468567,0.5186371803283691,0.3775252103805542,0.580833911895752,0.42530038952827454,0.6281496286392212,0.5227624773979187,0.39897361397743225,0.4138120412826538
1인분이 1키로였어?,,200g 가스라이팅이엇음?,"ㅇㅇ(106.101) 2025.02.20 12:43:59
조회 35 추천 0 댓글 2",추천 0,조회 35,2025.02.20 12:43:59,https://gall.dcinside.com/mgallery/board/view/?id=skk&no=25970&page=14,기타 혐오,0.3799584209918976,0.40043413639068604,0.5094101428985596,0.4846985936164856,0.3503666818141937,0.5250956416130066,0.36751416325569153,0.6077496409416199,0.4255613684654236,0.45199155807495117,0.39984241127967834
오나홀 << 이거 어떡하지,,"버리긴 아쉽고 안버리자니 걸리적거리고
자기 역할에는 충실한 친구인데","성갤러(59.18) 2025.02.19 23:24:05
조회 61 추천 0 댓글 2",추천 0,조회 61,2025.02.19 23:24:05,https://gall.dcinside.com/mgallery/board/view/?id=skk&no=25969&page=14,기타 혐오,0.37638282775878906,0.44340288639068604,0.4985426366329193,0.46367666125297546,0.32892027497291565,0.4785479009151459,0.33802714943885803,0.5834491848945618,0.5033743977546692,0.4233517348766327,0.40943643450737
심심한데,,요,"성갤러(59.18) 2025.02.19 20:49:00
조회 28 추천 0 댓글 0",추천 0,조회 28,2025.02.19 20:49:00,https://gall.dcinside.com/mgallery/board/view/?id=skk&no=25968&page=14,악플/욕설,0.3543423116207123,0.3797978162765503,0.38608768582344055,0.4702407717704773,0.3851648271083832,0.5648618340492249,0.468974232673645,0.5874643325805664,0.6024210453033447,0.3549187481403351,0.4507691264152527
이게 그거구나,,,"ㅇㅇ(106.101) 2025.02.19 17:38:06
조회 34 추천 0 댓글 2",추천 0,조회 34,2025.02.19 17:38:06,https://gall.dcinside.com/mgallery/board/view/?id=skk&no=25967&page=14,여성/가족,0.0,0.0,0.0,0.0,0.0,0.0,0.0,0.0,0.0,0.0,0.0
마크 시시티비 방송은 머지,,그걸 9.6천명이나,"ㅇㅇ(106.101) 2025.02.18 22:56:20
조회 43 추천 0 댓글 2",추천 0,조회 43,2025.02.18 22:56:20,https://gall.dcinside.com/mgallery/board/view/?id=skk&no=25966&page=14,악플/욕설,0.3636593222618103,0.3958771228790283,0.39552876353263855,0.4708609879016876,0.4176584482192993,0.5613548755645752,0.47435030341148376,0.5683131814002991,0.5751792788505554,0.40541011095046997,0.48505285382270813
놀,,장게,"ㅇㅇ(211.36) 2025.02.18 21:05:32
조회 49 추천 0 댓글 5",추천 0,조회 49,2025.02.18 21:05:32,https://gall.dcinside.com/mgallery/board/view/?id=skk&no=25965&page=14,기타 혐오,0.3651193678379059,0.3994891047477722,0.39137014746665955,0.4554283618927002,0.3684851825237274,0.5804011821746826,0.47240713238716125,0.6392675638198853,0.5523828268051147,0.3682556748390198,0.45710489153862
이거 이러면 게임을 어케함?,,https://youtu.be/PG0tuHd98VY,"성갤러(59.18) 2025.02.18 18:59:29
조회 54 추천 0 댓글 2",추천 0,조회 54,2025.02.18 18:59:29,https://gall.dcinside.com/mgallery/board/view/?id=skk&no=25964&page=14,기타 혐오,0.35839247703552246,0.36624059081077576,0.5504388809204102,0.460217148065567,0.3122836947441101,0.4367256164550781,0.31823238730430603,0.6095834970474243,0.5173208117485046,0.4065082371234894,0.41010358929634094
만보걷기 원래 ㅈ밥인가,,먼 밥처먹을때만걷는데 8천걸음이래,"ㅇㅇ(115.145) 2025.02.18 18:47:23
조회 47 추천 0 댓글 2",추천 0,조회 47,2025.02.18 18:47:23,https://gall.dcinside.com/mgallery/board/view/?id=skk&no=25963&page=14,지역,0.3978019952774048,0.45843181014060974,0.45877543091773987,0.45408880710601807,0.36950308084487915,0.6831097602844238,0.46338003873825073,0.5883499979972839,0.5043290853500366,0.4013514816761017,0.5339775085449219
배고파죽겠다,,1초라도 빨리 먹고싶어,"ㅇㅇ(106.101) 2025.02.18 16:54:50
조회 43 추천 0 댓글 2",추천 0,조회 43,2025.02.18 16:54:50,https://gall.dcinside.com/mgallery/board/view/?id=skk&no=25962&page=14,지역,0.4042137861251831,0.46710532903671265,0.4311825931072235,0.5160906910896301,0.47242873907089233,0.6409503817558289,0.4201718270778656,0.5078198909759521,0.47259458899497986,0.42688387632369995,0.5116338729858398
살짝이느낌,,네,"ㅇㅇ(211.36) 2025.02.18 16:02:34
조회 37 추천 0 댓글 2",추천 0,조회 37,2025.02.18 16:02:34,https://gall.dcinside.com/mgallery/board/view/?id=skk&no=25961&page=14,악플/욕설,0.33858147263526917,0.40912774205207825,0.42180371284484863,0.499750018119812,0.3673763871192932,0.5624522566795349,0.48384490609169006,0.5610883235931396,0.5642331838607788,0.3504825234413147,0.4857751429080963
오예오예,,,"ㅇㅇ(106.101) 2025.02.18 10:34:19
조회 48 추천 0 댓글 4",추천 0,조회 48,2025.02.18 10:34:19,https://gall.dcinside.com/mgallery/board/view/?id=skk&no=25960&page=14,여성/가족,0.0,0.0,0.0,0.0,0.0,0.0,0.0,0.0,0.0,0.0,0.0
버의길을 걸어야하나,,랩스럽네,"ㅇㅇ(211.36) 2025.02.18 09:05:54
조회 44 추천 0 댓글 2",추천 0,조회 44,2025.02.18 09:05:54,https://gall.dcinside.com/mgallery/board/view/?id=skk&no=25959&page=14,기타 혐오,0.4495195150375366,0.45563486218452454,0.3972855508327484,0.5008562207221985,0.38614821434020996,0.5729869604110718,0.4814492464065552,0.6172077059745789,0.5326875448226929,0.33769139647483826,0.5070156455039978
디시도 슬슬,,네,"성갤러(211.51) 2025.02.18 01:28:55
조회 51 추천 0 댓글 3",추천 0,조회 51,2025.02.18 01:28:55,https://gall.dcinside.com/mgallery/board/view/?id=skk&no=25958&page=14,악플/욕설,0.33858147263526917,0.40912774205207825,0.42180371284484863,0.499750018119812,0.3673763871192932,0.5624522566795349,0.48384490609169006,0.5610883235931396,0.5642331838607788,0.3504825234413147,0.4857751429080963
아무무,,,"쿠쿠 2025.02.18 00:13:20
조회 54 추천 0 댓글 2",추천 0,조회 54,2025.02.18 00:13:20,https://gall.dcinside.com/mgallery/board/view/?id=skk&no=25957&page=14,여성/가족,0.0,0.0,0.0,0.0,0.0,0.0,0.0,0.0,0.0,0.0,0.0
어과초 4기 행복하네,,,"성갤러(211.51) 2025.02.17 00:02:16
조회 53 추천 0 댓글 6",추천 0,조회 53,2025.02.17 00:02:16,https://gall.dcinside.com/mgallery/board/view/?id=skk&no=25956&page=14,여성/가족,0.0,0.0,0.0,0.0,0.0,0.0,0.0,0.0,0.0,0.0,0.0
오늘 올라온 가라오케 방송,,모브캐들임?,"성갤러(211.51) 2025.02.16 23:22:27
조회 59 추천 0 댓글 6",추천 0,조회 59,2025.02.16 23:22:27,https://gall.dcinside.com/mgallery/board/view/?id=skk&no=25955&page=14,기타 혐오,0.39616167545318604,0.4159472584724426,0.38904044032096863,0.48578375577926636,0.4648495018482208,0.566220760345459,0.5016663074493408,0.6065995097160339,0.5479848980903625,0.3656332492828369,0.46578940749168396
싱글벙글 VR.gif,,,"Raps 2025.02.16 22:07:45
조회 41 추천 0 댓글 2",추천 0,조회 41,2025.02.16 22:07:45,https://gall.dcinside.com/mgallery/board/view/?id=skk&no=25954&page=14,여성/가족,0.0,0.0,0.0,0.0,0.0,0.0,0.0,0.0,0.0,0.0,0.0
아.,,서버가안열렸어,"성갤러(211.51) 2025.02.16 21:07:40
조회 29 추천 0 댓글 0",추천 0,조회 29,2025.02.16 21:07:40,https://gall.dcinside.com/mgallery/board/view/?id=skk&no=25953&page=14,지역,0.3499845862388611,0.4615373909473419,0.3814161717891693,0.5460577011108398,0.5101262331008911,0.5989652872085571,0.44151654839515686,0.5244571566581726,0.5811592936515808,0.32364752888679504,0.5107338428497314
놀.,,이공원,"성갤러(211.51) 2025.02.16 15:46:17
조회 36 추천 0 댓글 2",추천 0,조회 36,2025.02.16 15:46:17,https://gall.dcinside.com/mgallery/board/view/?id=skk&no=25952&page=14,지역,0.3664409816265106,0.4496990144252777,0.4274904727935791,0.4568302631378174,0.4248664081096649,0.6483951807022095,0.41991010308265686,0.5987333655357361,0.5003467202186584,0.35714972019195557,0.4860679805278778
크아아아악,,,"ㅇㅇ(106.101) 2025.02.16 04:16:33
조회 39 추천 0 댓글 2",추천 0,조회 39,2025.02.16 04:16:33,https://gall.dcinside.com/mgallery/board/view/?id=skk&no=25951&page=14,여성/가족,0.0,0.0,0.0,0.0,0.0,0.0,0.0,0.0,0.0,0.0,0.0
쿠키 충전해 말어,,고민 500배,"쿠쿠 2025.02.16 01:41:18
조회 65 추천 0 댓글 11",추천 0,조회 65,2025.02.16 01:41:18,https://gall.dcinside.com/mgallery/board/view/?id=skk&no=25950&page=14,기타 혐오,0.36573582887649536,0.4340226650238037,0.46093592047691345,0.42126479744911194,0.3337484300136566,0.587009847164154,0.46350571513175964,0.6559875011444092,0.49814271926879883,0.3305332362651825,0.4472770094871521
일본인도 어려워서 공략보는데,,저런거까지 따라해야하나,"쿠쿠 2025.02.16 01:36:37
조회 54 추천 0 댓글 5",추천 0,조회 54,2025.02.16 01:36:37,https://gall.dcinside.com/mgallery/board/view/?id=skk&no=25949&page=14,지역,0.37523069977760315,0.4133176803588867,0.3930145502090454,0.5013855695724487,0.41178199648857117,0.6204226613044739,0.47141873836517334,0.5933912396430969,0.5880120992660522,0.4073948860168457,0.5022789239883423
실베에 이런글이잇네요,,https://m.dcinside.com/board/dcbest/305812,"ㅇㅇ(106.101) 2025.02.16 01:16:21
조회 56 추천 0 댓글 6",추천 0,조회 56,2025.02.16 01:16:21,https://gall.dcinside.com/mgallery/board/view/?id=skk&no=25948&page=14,기타 혐오,0.3661119341850281,0.39641982316970825,0.5644314289093018,0.44927093386650085,0.3054341971874237,0.4465699791908264,0.3583046793937683,0.5901546478271484,0.5451530814170837,0.414611279964447,0.4092991352081299
리제로 정주행해볼까,,예전에 하다가 문장너무유치해서 포기한거같은데,"쿠쿠 2025.02.16 00:33:45
조회 42 추천 0 댓글 6",추천 0,조회 42,2025.02.16 00:33:45,https://gall.dcinside.com/mgallery/board/view/?id=skk&no=25947&page=14,기타 혐오,0.36830049753189087,0.4046090841293335,0.510860800743103,0.4679085314273834,0.31576302647590637,0.49708715081214905,0.3219560384750366,0.6223662495613098,0.5581479668617249,0.4128756821155548,0.40432873368263245
어우배고파사발,,예상답변) 사발면,"쿠쿠 2025.02.15 22:47:25
조회 36 추천 0 댓글 3",추천 0,조회 36,2025.02.15 22:47:25,https://gall.dcinside.com/mgallery/board/view/?id=skk&no=25946&page=14,기타 혐오,0.41702592372894287,0.4767093062400818,0.482602596282959,0.4871421754360199,0.3200646638870239,0.5844003558158875,0.4430112838745117,0.6252478957176208,0.5054090023040771,0.38677334785461426,0.4682033360004425
이왜진,,,"ㅇㅇ(106.101) 2025.02.15 22:34:57
조회 37 추천 0 댓글 4",추천 0,조회 37,2025.02.15 22:34:57,https://gall.dcinside.com/mgallery/board/view/?id=skk&no=25945&page=14,여성/가족,0.0,0.0,0.0,0.0,0.0,0.0,0.0,0.0,0.0,0.0,0.0
어우배불러,,,"ㅇㅇ(106.101) 2025.02.15 20:25:25
조회 29 추천 0 댓글 0",추천 0,조회 29,2025.02.15 20:25:25,https://gall.dcinside.com/mgallery/board/view/?id=skk&no=25944&page=15,여성/가족,0.0,0.0,0.0,0.0,0.0,0.0,0.0,0.0,0.0,0.0,0.0
어우배고파,,네,"쿠쿠 2025.02.15 11:41:46
조회 33 추천 0 댓글 0",추천 0,조회 33,2025.02.15 11:41:46,https://gall.dcinside.com/mgallery/board/view/?id=skk&no=25943&page=15,악플/욕설,0.33858147263526917,0.40912774205207825,0.42180371284484863,0.499750018119812,0.3673763871192932,0.5624522566795349,0.48384490609169006,0.5610883235931396,0.5642331838607788,0.3504825234413147,0.4857751429080963
근데어디로가야함,,어디로가야하오,"ㅇㅇ(106.101) 2025.02.15 11:27:33
조회 51 추천 0 댓글 7",추천 0,조회 51,2025.02.15 11:27:33,https://gall.dcinside.com/mgallery/board/view/?id=skk&no=25942&page=15,기타 혐오,0.3601585030555725,0.3757372200489044,0.4510611593723297,0.4186774492263794,0.35410335659980774,0.5801080465316772,0.48023220896720886,0.6436282992362976,0.5137097239494324,0.3680761754512787,0.4224179983139038
11시반?,,,"ㅇㅇ(106.101) 2025.02.15 10:36:46
조회 34 추천 0 댓글 2",추천 0,조회 34,2025.02.15 10:36:46,https://gall.dcinside.com/mgallery/board/view/?id=skk&no=25941&page=15,여성/가족,0.0,0.0,0.0,0.0,0.0,0.0,0.0,0.0,0.0,0.0,0.0
야.,,호,"성갤러(211.51) 2025.02.14 21:22:12
조회 36 추천 0 댓글 4",추천 0,조회 36,2025.02.14 21:22:12,https://gall.dcinside.com/mgallery/board/view/?id=skk&no=25940&page=15,기타 혐오,0.38155075907707214,0.45113617181777954,0.40101560950279236,0.4988616406917572,0.38507598638534546,0.5839831829071045,0.450342059135437,0.6272038221359253,0.540241003036499,0.3355346620082855,0.5133717060089111
소워일섭은,,vpn필요없나봐요,"ㅇㅇ(106.101) 2025.02.14 11:19:53
조회 41 추천 0 댓글 6",추천 0,조회 41,2025.02.14 11:19:53,https://gall.dcinside.com/mgallery/board/view/?id=skk&no=25939&page=15,기타 혐오,0.39542025327682495,0.43394774198532104,0.4329753518104553,0.4603869915008545,0.40824466943740845,0.5580266118049622,0.39818596839904785,0.5934393405914307,0.4809313118457794,0.41028523445129395,0.474961519241333
랩스님아,,방구드셈 뿡,"쿠쿠 2025.02.14 00:11:45
조회 42 추천 0 댓글 0",추천 0,조회 42,2025.02.14 00:11:45,https://gall.dcinside.com/mgallery/board/view/?id=skk&no=25938&page=15,지역,0.3861164152622223,0.43007227778434753,0.4693596661090851,0.46523481607437134,0.4222184419631958,0.6361529231071472,0.513703465461731,0.6214980483055115,0.5171278119087219,0.42368632555007935,0.5478135347366333
랩스님아,,젠존제일섭어케함,"성갤러(211.51) 2025.02.13 22:14:11
조회 42 추천 0 댓글 4",추천 0,조회 42,2025.02.13 22:14:11,https://gall.dcinside.com/mgallery/board/view/?id=skk&no=25937&page=15,기타 혐오,0.39550626277923584,0.39907965064048767,0.5061004757881165,0.44593390822410583,0.40160906314849854,0.5023667812347412,0.30022478103637695,0.5974407196044922,0.47505906224250793,0.4228094220161438,0.3756899833679199
놀실분,,,"쿠쿠 2025.02.13 18:36:08
조회 35 추천 0 댓글 1",추천 0,조회 35,2025.02.13 18:36:08,https://gall.dcinside.com/mgallery/board/view/?id=skk&no=25936&page=15,여성/가족,0.0,0.0,0.0,0.0,0.0,0.0,0.0,0.0,0.0,0.0,0.0
놀자고이년아,,네,"쿠쿠 2025.02.12 19:37:00
조회 44 추천 0 댓글 3",추천 0,조회 44,2025.02.12 19:37:00,https://gall.dcinside.com/mgallery/board/view/?id=skk&no=25935&page=15,악플/욕설,0.33858147263526917,0.40912774205207825,0.42180371284484863,0.499750018119812,0.3673763871192932,0.5624522566795349,0.48384490609169006,0.5610883235931396,0.5642331838607788,0.3504825234413147,0.4857751429080963
근데님 일본노래부르러감?,,난부끄러워서못가겟던데,"ㅇㅇ(106.101) 2025.02.12 14:23:11
조회 50 추천 0 댓글 6",추천 0,조회 50,2025.02.12 14:23:11,https://gall.dcinside.com/mgallery/board/view/?id=skk&no=25934&page=15,지역,0.4007006883621216,0.4355752468109131,0.48754507303237915,0.5381596684455872,0.3804449737071991,0.5664823651313782,0.3560633361339569,0.5508508682250977,0.427739679813385,0.3767733871936798,0.4887849688529968
tj 만찬가뜸,,쨔스!!!!!!!!!!!!!!!!!!!!!!!!!!!!!!!!!!!!!,"쿠쿠 2025.02.12 13:19:15
조회 35 추천 0 댓글 3",추천 0,조회 35,2025.02.12 13:19:15,https://gall.dcinside.com/mgallery/board/view/?id=skk&no=25933&page=15,지역,0.37762007117271423,0.4809803366661072,0.4740751385688782,0.4966028928756714,0.32336440682411194,0.6176542639732361,0.4560118615627289,0.5760517716407776,0.4903252422809601,0.3646783232688904,0.48342692852020264
지듣노,,https://www.youtube.com/watch?v=7jBoRRAk6EQ,"쿠쿠 2025.02.12 09:38:30
조회 44 추천 0 댓글 6",추천 0,조회 44,2025.02.12 09:38:30,https://gall.dcinside.com/mgallery/board/view/?id=skk&no=25932&page=15,악플/욕설,0.3819156885147095,0.45521074533462524,0.5402188301086426,0.4323045611381531,0.31325554847717285,0.412473201751709,0.31187450885772705,0.5359448194503784,0.568650484085083,0.44749385118484497,0.35518360137939453
야.,,놀자초특급야놀자,"성갤러(211.51) 2025.02.11 22:30:43
조회 43 추천 0 댓글 4",추천 0,조회 43,2025.02.11 22:30:43,https://gall.dcinside.com/mgallery/board/view/?id=skk&no=25931&page=15,지역,0.3752641975879669,0.46847841143608093,0.46533021330833435,0.3975825309753418,0.43889036774635315,0.6539314985275269,0.4993450939655304,0.5771955251693726,0.5634979009628296,0.3232954144477844,0.498179167509079
아 플러리 실망이네,,독거노총각인줄 알았는데 장난하냐고 ㅇㅇ;,"Raps 2025.02.11 19:13:32
조회 60 추천 0 댓글 3",추천 0,조회 60,2025.02.11 19:13:32,https://gall.dcinside.com/mgallery/board/view/?id=skk&no=25930&page=15,지역,0.3495180010795593,0.45774272084236145,0.44268599152565,0.4494503140449524,0.3708021640777588,0.6176178455352783,0.446804940700531,0.5859648585319519,0.49979421496391296,0.3812672197818756,0.49642568826675415
아오,,심심해라,"ㅇㅇ(106.101) 2025.02.10 21:48:06
조회 35 추천 0 댓글 2",추천 0,조회 35,2025.02.10 21:48:06,https://gall.dcinside.com/mgallery/board/view/?id=skk&no=25929&page=15,기타 혐오,0.36944442987442017,0.43435513973236084,0.4092237055301666,0.4422149062156677,0.3494096100330353,0.5950760245323181,0.5147809982299805,0.625212550163269,0.5454820990562439,0.3457087576389313,0.446847528219223
무려 리글로스도 카드가 나왓다네요,,네,"성갤러(211.51) 2025.02.10 19:58:24
조회 36 추천 0 댓글 2",추천 0,조회 36,2025.02.10 19:58:24,https://gall.dcinside.com/mgallery/board/view/?id=skk&no=25928&page=15,악플/욕설,0.33858147263526917,0.40912774205207825,0.42180371284484863,0.499750018119812,0.3673763871192932,0.5624522566795349,0.48384490609169006,0.5610883235931396,0.5642331838607788,0.3504825234413147,0.4857751429080963
럽라레전드사건발생,,ㅋㅋ,"쿠쿠 2025.02.10 17:40:42
조회 41 추천 0 댓글 4",추천 0,조회 41,2025.02.10 17:40:42,https://gall.dcinside.com/mgallery/board/view/?id=skk&no=25927&page=15,기타 혐오,0.35595157742500305,0.4288221597671509,0.41096773743629456,0.5112519264221191,0.3664417266845703,0.5435645580291748,0.46213582158088684,0.5963010191917419,0.5671842694282532,0.3322380781173706,0.47468748688697815
사전수강 << 있는이유가머지,,도대체몰라,"성갤러(211.51) 2025.02.09 23:48:50
조회 49 추천 0 댓글 6",추천 0,조회 49,2025.02.09 23:48:50,https://gall.dcinside.com/mgallery/board/view/?id=skk&no=25926&page=15,기타 혐오,0.35488730669021606,0.38033464550971985,0.42571014165878296,0.456375390291214,0.3972669541835785,0.5758291482925415,0.4768454432487488,0.6113280653953552,0.5691803693771362,0.3936150074005127,0.3911225199699402
일하면 일본,,이하면 이란,"성갤러(211.51) 2025.02.09 22:55:13
조회 33 추천 0 댓글 4",추천 0,조회 33,2025.02.09 22:55:13,https://gall.dcinside.com/mgallery/board/view/?id=skk&no=25924&page=15,기타 혐오,0.3796573877334595,0.4190320372581482,0.40412575006484985,0.4771591126918793,0.3984484374523163,0.59434574842453,0.4711959958076477,0.6066929697990417,0.5424044728279114,0.37188977003097534,0.4785102903842926
놀,,자,"ㅇㅇ(106.101) 2025.02.09 19:23:20
조회 32 추천 0 댓글 4",추천 0,조회 32,2025.02.09 19:23:20,https://gall.dcinside.com/mgallery/board/view/?id=skk&no=25923&page=15,지역,0.348174124956131,0.4172408878803253,0.41665223240852356,0.4989175498485565,0.39158743619918823,0.5911580920219421,0.4460334777832031,0.542637050151825,0.5695527195930481,0.3702881336212158,0.49644601345062256
심심스,,네,"쿠쿠 2025.02.09 14:48:48
조회 28 추천 0 댓글 3",추천 0,조회 28,2025.02.09 14:48:48,https://gall.dcinside.com/mgallery/board/view/?id=skk&no=25922&page=15,악플/욕설,0.33858147263526917,0.40912774205207825,0.42180371284484863,0.499750018119812,0.3673763871192932,0.5624522566795349,0.48384490609169006,0.5610883235931396,0.5642331838607788,0.3504825234413147,0.4857751429080963
여기뭐하는갤임,,다,"마루˙ 2025.02.08 16:05:49
조회 104 추천 0 댓글 11",추천 0,조회 104,2025.02.08 16:05:49,https://gall.dcinside.com/mgallery/board/view/?id=skk&no=25921&page=15,지역,0.35533925890922546,0.4401978850364685,0.3772702217102051,0.4960313141345978,0.39653700590133667,0.5802932977676392,0.44698795676231384,0.5711185336112976,0.5633830428123474,0.3654467463493347,0.48971235752105713
진세이와 이치도키리난다,,https://www.youtube.com/watch?v=lT_RqV4oUr0,"ㅇㅇ(106.101) 2025.02.08 02:34:02
조회 38 추천 0 댓글 4",추천 0,조회 38,2025.02.08 02:34:02,https://gall.dcinside.com/mgallery/board/view/?id=skk&no=25920&page=15,악플/욕설,0.3764171302318573,0.44079411029815674,0.5528163909912109,0.42639175057411194,0.3115113377571106,0.41378504037857056,0.3277948498725891,0.5480236411094666,0.5695732235908508,0.45262500643730164,0.36543509364128113
문7 문재인급이라네요,,문겜,"ㅇㅇ(106.101) 2025.02.07 18:45:06
조회 38 추천 0 댓글 4",추천 0,조회 38,2025.02.07 18:45:06,https://gall.dcinside.com/mgallery/board/view/?id=skk&no=25919&page=15,기타 혐오,0.4107916057109833,0.4439854621887207,0.41038718819618225,0.4834747612476349,0.3812936246395111,0.5608221888542175,0.4057435393333435,0.598508894443512,0.5231829881668091,0.40530678629875183,0.5182450413703918
치이카와보셈,,꿀좸스,"쿠쿠 2025.02.06 23:58:27
조회 39 추천 0 댓글 9",추천 0,조회 39,2025.02.06 23:58:27,https://gall.dcinside.com/mgallery/board/view/?id=skk&no=25918&page=15,기타 혐오,0.4099154472351074,0.41686102747917175,0.4949225187301636,0.520976722240448,0.36825838685035706,0.5377984642982483,0.39109236001968384,0.648284375667572,0.4204178750514984,0.40132761001586914,0.45419177412986755
질문에 넣고싶네,,구경이라도 좀 해보자,"Raps 2025.02.06 16:22:33
조회 52 추천 0 댓글 3",추천 0,조회 52,2025.02.06 16:22:33,https://gall.dcinside.com/mgallery/board/view/?id=skk&no=25917&page=15,지역,0.3695216774940491,0.4385581910610199,0.5206398963928223,0.4947918951511383,0.38138487935066223,0.6578860878944397,0.478458970785141,0.5909789204597473,0.5181348919868469,0.41128838062286377,0.5533292889595032
질문 급함,,공학계열 과외하면 시급 얼마정도 받음?,"성갤러(211.234) 2025.02.06 03:10:56
조회 56 추천 0 댓글 3",추천 0,조회 56,2025.02.06 03:10:56,https://gall.dcinside.com/mgallery/board/view/?id=skk&no=25916&page=15,기타 혐오,0.3923235833644867,0.4087250828742981,0.4878860414028168,0.4847199618816376,0.3636173903942108,0.5574958920478821,0.3917624056339264,0.5634477138519287,0.4769604206085205,0.4436754882335663,0.4436928629875183
질문 있음,,여자랑 스몰토크 어케함,"ㅇㅇ(223.38) 2025.02.06 00:00:59
조회 54 추천 0 댓글 3",추천 0,조회 54,2025.02.06 00:00:59,https://gall.dcinside.com/mgallery/board/view/?id=skk&no=25915&page=15,지역,0.43308308720588684,0.3728320598602295,0.4251915216445923,0.4572642743587494,0.3763235807418823,0.5959684252738953,0.4341014623641968,0.5900208353996277,0.5767958164215088,0.3577728271484375,0.49884527921676636
하,,배불러터지겟다,"ㅇㅇ(106.101) 2025.02.05 23:50:35
조회 27 추천 0 댓글 0",추천 0,조회 27,2025.02.05 23:50:35,https://gall.dcinside.com/mgallery/board/view/?id=skk&no=25914&page=15,지역,0.45402491092681885,0.47417521476745605,0.4098292589187622,0.46833503246307373,0.4778248965740204,0.6705332398414612,0.44602254033088684,0.5539077520370483,0.47594937682151794,0.3650435209274292,0.5125460028648376
미야우미어,,https://www.youtube.com/watch?v=BaqKgdtJi0U,"ㅇㅇ(203.252) 2025.02.05 20:03:54
조회 37 추천 0 댓글 4",추천 0,조회 37,2025.02.05 20:03:54,https://gall.dcinside.com/mgallery/board/view/?id=skk&no=25913&page=15,기타 혐오,0.367116779088974,0.4079887568950653,0.5496240258216858,0.44458991289138794,0.3111444413661957,0.43062731623649597,0.33786025643348694,0.5633131861686707,0.5620424747467041,0.4462234377861023,0.392707884311676
님아,,이쁘죠,"쿠쿠 2025.02.05 16:35:42
조회 39 추천 0 댓글 4",추천 0,조회 39,2025.02.05 16:35:42,https://gall.dcinside.com/mgallery/board/view/?id=skk&no=25912&page=15,기타 혐오,0.42341455817222595,0.4441380798816681,0.40842270851135254,0.5191695094108582,0.3976915776729584,0.5516091585159302,0.4654838740825653,0.5757774114608765,0.4925483167171478,0.3964761793613434,0.48415806889533997
놀자며,,,"성갤러(222.99) 2025.02.04 23:38:18
조회 39 추천 0 댓글 4",추천 0,조회 39,2025.02.04 23:38:18,https://gall.dcinside.com/mgallery/board/view/?id=skk&no=25911&page=15,여성/가족,0.0,0.0,0.0,0.0,0.0,0.0,0.0,0.0,0.0,0.0,0.0
님아,,,"쿠쿠 2025.02.04 11:31:04
조회 46 추천 0 댓글 7",추천 0,조회 46,2025.02.04 11:31:04,https://gall.dcinside.com/mgallery/board/view/?id=skk&no=25910&page=15,여성/가족,0.0,0.0,0.0,0.0,0.0,0.0,0.0,0.0,0.0,0.0,0.0
님아,,아이폰임?,"쿠쿠 2025.02.03 13:12:30
조회 37 추천 0 댓글 6",추천 0,조회 37,2025.02.03 13:12:30,https://gall.dcinside.com/mgallery/board/view/?id=skk&no=25909&page=15,지역,0.3922010660171509,0.4690869152545929,0.3825725317001343,0.5367298722267151,0.44480955600738525,0.5738694667816162,0.398853063583374,0.5507009625434875,0.5040621757507324,0.45237234234809875,0.48137298226356506
뿌직,,,"쿠쿠 2025.02.02 16:29:48
조회 31 추천 0 댓글 3",추천 0,조회 31,2025.02.02 16:29:48,https://gall.dcinside.com/mgallery/board/view/?id=skk&no=25908&page=15,여성/가족,0.0,0.0,0.0,0.0,0.0,0.0,0.0,0.0,0.0,0.0,0.0
와 스매쉬 개잘하네,,이유가 있어 이유가,"성갤러(218.155) 2025.02.01 17:18:32
조회 36 추천 0 댓글 2",추천 0,조회 36,2025.02.01 17:18:32,https://gall.dcinside.com/mgallery/board/view/?id=skk&no=25907&page=15,기타 혐오,0.4012543857097626,0.43204277753829956,0.4431445598602295,0.5029042363166809,0.373127281665802,0.5087385773658752,0.396835058927536,0.6095712780952454,0.4553087651729584,0.4050162732601166,0.45608678460121155
음 그래그래,,1팩에 전부 레어카드야,"ㅇㅇ(106.101) 2025.02.01 14:37:11
조회 33 추천 0 댓글 0",추천 0,조회 33,2025.02.01 14:37:11,https://gall.dcinside.com/mgallery/board/view/?id=skk&no=25906&page=15,기타 혐오,0.44313526153564453,0.4437370300292969,0.40664735436439514,0.5313697457313538,0.37939855456352234,0.5702398419380188,0.46698012948036194,0.6447166204452515,0.4924570620059967,0.41858386993408203,0.5300816893577576
젠존제,,코스프레한 리유,"쿠쿠 2025.01.31 23:14:30
조회 33 추천 0 댓글 1",추천 0,조회 33,2025.01.31 23:14:30,https://gall.dcinside.com/mgallery/board/view/?id=skk&no=25905&page=15,기타 혐오,0.40906476974487305,0.4627628028392792,0.3885878622531891,0.4340543746948242,0.3497799038887024,0.5990089774131775,0.4171977937221527,0.6259250044822693,0.5027241706848145,0.3441234529018402,0.41914042830467224
근데 뭔가,,꼴리는 캐릭이 없어,"성갤러(218.155) 2025.01.31 18:30:51
조회 36 추천 0 댓글 3",추천 0,조회 36,2025.01.31 18:30:51,https://gall.dcinside.com/mgallery/board/view/?id=skk&no=25904&page=15,기타 혐오,0.3534412086009979,0.4442773163318634,0.37546810507774353,0.49922242760658264,0.41435062885284424,0.5684331059455872,0.4574546813964844,0.5933793187141418,0.544947624206543,0.38934269547462463,0.45303669571876526
젠존제 젖보똥 좆되네,,원신같은 유아게임 바로지움 ㅇㅇ,"Raps 2025.01.31 17:46:21
조회 76 추천 0 댓글 9",추천 0,조회 76,2025.01.31 17:46:21,https://gall.dcinside.com/mgallery/board/view/?id=skk&no=25903&page=15,기타 혐오,0.3543574810028076,0.45237451791763306,0.3649037480354309,0.4606761038303375,0.3870987594127655,0.49856001138687134,0.41001400351524353,0.5676960349082947,0.534928560256958,0.4563911557197571,0.4300124943256378
감자깎다가,,손가락도 깎앗어 아파,"성갤러(218.155) 2025.01.30 14:03:31
조회 32 추천 0 댓글 2",추천 0,조회 32,2025.01.30 14:03:31,https://gall.dcinside.com/mgallery/board/view/?id=skk&no=25902&page=15,지역,0.36397185921669006,0.4043630361557007,0.35732367634773254,0.47140932083129883,0.38379883766174316,0.6190720200538635,0.4780747890472412,0.6189646124839783,0.5115090012550354,0.4281080663204193,0.45582473278045654
이게 논란이라는데,,그정도로 안씻나,"성갤러(218.155) 2025.01.29 18:57:05
조회 51 추천 0 댓글 2",추천 0,조회 51,2025.01.29 18:57:05,https://gall.dcinside.com/mgallery/board/view/?id=skk&no=25901&page=15,지역,0.38097110390663147,0.44807344675064087,0.3963014483451843,0.5472629070281982,0.4488018751144409,0.6086640357971191,0.4244019687175751,0.5028268098831177,0.5446849465370178,0.40999168157577515,0.5345647931098938
명절시발,,제발그만,"Raps 2025.01.29 12:39:38
조회 40 추천 0 댓글 1",추천 0,조회 40,2025.01.29 12:39:38,https://gall.dcinside.com/mgallery/board/view/?id=skk&no=25900&page=15,지역,0.3438643515110016,0.44304972887039185,0.48759812116622925,0.43144023418426514,0.3666200339794159,0.6491997241973877,0.45026895403862,0.580645740032196,0.48879513144493103,0.41583484411239624,0.4894665479660034
젠존제 시작함,,"https://youtu.be/8JocmAlZ3nY?si=
-Ifnk62Jtit9S5A7




이 짱깨년 바이럴땜에 안되겠음","ㅇㅇ(58.235) 2025.01.28 16:05:50
조회 49 추천 0 댓글 5",추천 0,조회 49,2025.01.28 16:05:50,https://gall.dcinside.com/mgallery/board/view/?id=skk&no=25899&page=15,성소수자,0.3650268018245697,0.39357200264930725,0.5694833993911743,0.44607388973236084,0.33458051085472107,0.41055646538734436,0.3383925259113312,0.5527469515800476,0.5497971177101135,0.46031567454338074,0.4146781861782074
밴인듯,,"일본계정으로 리뷰보면 새로운리뷰계속달림

광고많다이런거","쿠쿠 2025.01.28 10:53:36
조회 41 추천 0 댓글 4",추천 0,조회 41,2025.01.28 10:53:36,https://gall.dcinside.com/mgallery/board/view/?id=skk&no=25898&page=15,지역,0.39965909719467163,0.4128836393356323,0.5391151905059814,0.5203806757926941,0.39997681975364685,0.5839235782623291,0.3216572105884552,0.5305566191673279,0.511327862739563,0.4778362214565277,0.3809438645839691
이쁘네요,,한ㄴ보다이쁘네,"쿠쿠 2025.01.27 20:02:52
조회 43 추천 0 댓글 5",추천 0,조회 43,2025.01.27 20:02:52,https://gall.dcinside.com/mgallery/board/view/?id=skk&no=25897&page=15,지역,0.3935401737689972,0.4428080916404724,0.4206775426864624,0.5332341194152832,0.4395535886287689,0.6126859188079834,0.4909059703350067,0.5556349754333496,0.5283762216567993,0.3904770016670227,0.5083805322647095
맥북에어 팔아야겠다,,사요나라,"Raps 2025.01.27 16:09:05
조회 58 추천 0 댓글 5",추천 0,조회 58,2025.01.27 16:09:05,https://gall.dcinside.com/mgallery/board/view/?id=skk&no=25896&page=15,지역,0.3294541537761688,0.49300649762153625,0.4669230580329895,0.4494195282459259,0.41216298937797546,0.6578666567802429,0.4754856824874878,0.5534428358078003,0.5330385565757751,0.40742358565330505,0.5005364418029785
벽느낌,,하나도못알아드릉,"쿠쿠 2025.01.27 10:01:06
조회 35 추천 0 댓글 3",추천 0,조회 35,2025.01.27 10:01:06,https://gall.dcinside.com/mgallery/board/view/?id=skk&no=25895&page=15,악플/욕설,0.38540276885032654,0.3776099383831024,0.42993757128715515,0.4880642294883728,0.3222976624965668,0.5641668438911438,0.4831063151359558,0.5678735971450806,0.5711942315101624,0.37263068556785583,0.47940415143966675
아 요즘 씹덕겜 여캐들 존나꼴리네,,겜하긴싫은데 ㅇㅇ;,"Raps 2025.01.26 01:08:49
조회 87 추천 0 댓글 9",추천 0,조회 87,2025.01.26 01:08:49,https://gall.dcinside.com/mgallery/board/view/?id=skk&no=25894&page=15,기타 혐오,0.4305972456932068,0.4098700284957886,0.40979161858558655,0.5402019619941711,0.505073606967926,0.6030083298683167,0.4088650941848755,0.6160998344421387,0.49115630984306335,0.42250683903694153,0.5377870798110962
아 요즘 씹덕겜 여캐들 존나꼴리네,,겜하긴싫은데 ㅇㅇ;,"Raps 2025.01.26 01:08:49
조회 88 추천 0 댓글 9",추천 0,조회 88,2025.01.26 01:08:49,https://gall.dcinside.com/mgallery/board/view/?id=skk&no=25894&page=16,기타 혐오,0.4305972456932068,0.4098700284957886,0.40979161858558655,0.5402019619941711,0.505073606967926,0.6030083298683167,0.4088650941848755,0.6160998344421387,0.49115630984306335,0.42250683903694153,0.5377870798110962
님이 말한거 이거임?,,"【一気に追いつこう！】104期 活動記録(3Dアニメストーリー) 同時視聴会 第4回（104期 第8〜9話）【2025年も蓮ノ空！】

머 실제 연기한다 그런 얘기 했던거같은데 이거 맞음?","성갤러(218.155) 2025.01.25 04:11:49
조회 51 추천 0 댓글 10",추천 0,조회 51,2025.01.25 04:11:49,https://gall.dcinside.com/mgallery/board/view/?id=skk&no=25893&page=16,기타 혐오,0.39675775170326233,0.3999018967151642,0.5454427003860474,0.4152846038341522,0.2957346737384796,0.4477243423461914,0.339680016040802,0.5860729217529297,0.5467917323112488,0.4808878004550934,0.37147045135498047
님아 이걸로 한자공부 ㄱㄱ,,,"성갤러(218.155) 2025.01.24 17:36:04
조회 38 추천 0 댓글 2",추천 0,조회 38,2025.01.24 17:36:04,https://gall.dcinside.com/mgallery/board/view/?id=skk&no=25892&page=16,여성/가족,0.0,0.0,0.0,0.0,0.0,0.0,0.0,0.0,0.0,0.0,0.0
카제가후이타노,,하게시이카제니사라와레타이,"성갤러(218.155) 2025.01.24 16:41:14
조회 29 추천 0 댓글 4",추천 0,조회 29,2025.01.24 16:41:14,https://gall.dcinside.com/mgallery/board/view/?id=skk&no=25891&page=16,지역,0.39694085717201233,0.39119789004325867,0.5034838914871216,0.4916212558746338,0.4056568145751953,0.6227551698684692,0.40991920232772827,0.5961112380027771,0.48905250430107117,0.3988737165927887,0.37428805232048035
놀사람,,선착순 99명,"성갤러(218.155) 2025.01.23 21:51:08
조회 44 추천 0 댓글 3",추천 0,조회 44,2025.01.23 21:51:08,https://gall.dcinside.com/mgallery/board/view/?id=skk&no=25890&page=16,지역,0.3703850507736206,0.44442564249038696,0.4690151512622833,0.4720594584941864,0.3512612283229828,0.6268949508666992,0.44806137681007385,0.5960991978645325,0.49894797801971436,0.36042407155036926,0.5103859305381775
1공 2공사이 구름정원 정상화당했네,,ㅋㅋ,"Raps 2025.01.23 13:07:32
조회 64 추천 0 댓글 2",추천 0,조회 64,2025.01.23 13:07:32,https://gall.dcinside.com/mgallery/board/view/?id=skk&no=25888&page=16,기타 혐오,0.35595157742500305,0.4288221597671509,0.41096773743629456,0.5112519264221191,0.3664417266845703,0.5435645580291748,0.46213582158088684,0.5963010191917419,0.5671842694282532,0.3322380781173706,0.47468748688697815
율전 존나춥네,,아,"Raps 2025.01.23 12:30:56
조회 72 추천 0 댓글 5",추천 0,조회 72,2025.01.23 12:30:56,https://gall.dcinside.com/mgallery/board/view/?id=skk&no=25887&page=16,기타 혐오,0.34224846959114075,0.4455183446407318,0.4262837767601013,0.5312299132347107,0.4008122682571411,0.5790790915489197,0.47614914178848267,0.5862830877304077,0.5461316704750061,0.34398239850997925,0.5010532736778259
머라고하셧죠,,못봄,"성갤러(218.155) 2025.01.23 01:41:29
조회 42 추천 0 댓글 5",추천 0,조회 42,2025.01.23 01:41:29,https://gall.dcinside.com/mgallery/board/view/?id=skk&no=25886&page=16,지역,0.3837934136390686,0.4104943573474884,0.376213401556015,0.48449888825416565,0.39379948377609253,0.5865876078605652,0.3830101788043976,0.5367141366004944,0.5854198336601257,0.36999285221099854,0.5620394349098206
놀장께,,,"쿠쿠 2025.01.22 20:54:24
조회 33 추천 0 댓글 2",추천 0,조회 33,2025.01.22 20:54:24,https://gall.dcinside.com/mgallery/board/view/?id=skk&no=25885&page=16,여성/가족,0.0,0.0,0.0,0.0,0.0,0.0,0.0,0.0,0.0,0.0,0.0
존나 오랜만에 왓어용,,내가 벌써 졸업반이라니...ㅠ,"ㅇㅇ(211.234) 2025.01.22 17:04:55
조회 38 추천 0 댓글 1",추천 0,조회 38,2025.01.22 17:04:55,https://gall.dcinside.com/mgallery/board/view/?id=skk&no=25884&page=16,악플/욕설,0.3534681499004364,0.4033624231815338,0.5287128686904907,0.4614393711090088,0.30989474058151245,0.4733486473560333,0.34196197986602783,0.5673306584358215,0.5938190221786499,0.4602205753326416,0.3964536786079407
미국은 ai인프라 깐다고 에너지 발전 저장 다 난리인데,,"개조센은 맨날 반도체 메모리 타령만 하고있음 ㅇㅇ;
미개국다운발상임","Raps 2025.01.22 15:23:08
조회 73 추천 0 댓글 4",추천 0,조회 73,2025.01.22 15:23:08,https://gall.dcinside.com/mgallery/board/view/?id=skk&no=25883&page=16,지역,0.4128589928150177,0.49443385004997253,0.4862546920776367,0.4769706130027771,0.34189361333847046,0.57438725233078,0.423808753490448,0.5646935701370239,0.5141757726669312,0.45761674642562866,0.44917407631874084
이리암삭제,,딸깍,"쿠쿠 2025.01.22 11:18:05
조회 40 추천 0 댓글 3",추천 0,조회 40,2025.01.22 11:18:05,https://gall.dcinside.com/mgallery/board/view/?id=skk&no=25881&page=16,지역,0.3663117289543152,0.42480331659317017,0.3921588957309723,0.4474959075450897,0.4202093482017517,0.607343852519989,0.49047765135765076,0.5927909016609192,0.5207900404930115,0.36585548520088196,0.4941386282444
제1의아해가심심하다고그러오,,그러오,"성갤러(218.155) 2025.01.22 01:00:23
조회 39 추천 0 댓글 2",추천 0,조회 39,2025.01.22 01:00:23,https://gall.dcinside.com/mgallery/board/view/?id=skk&no=25880&page=16,기타 혐오,0.3653542101383209,0.38684767484664917,0.39991295337677,0.40021610260009766,0.36472147703170776,0.5742121338844299,0.5630085468292236,0.5851566791534424,0.5837547183036804,0.3919623792171478,0.41299599409103394
걍앱터진듯?,,ㅇㅇ,"ㅇㅇ(106.101) 2025.01.21 18:48:31
조회 36 추천 0 댓글 2",추천 0,조회 36,2025.01.21 18:48:31,https://gall.dcinside.com/mgallery/board/view/?id=skk&no=25879&page=16,악플/욕설,0.3527768552303314,0.391679584980011,0.38230881094932556,0.4645081162452698,0.37009358406066895,0.5333956480026245,0.5120194554328918,0.5743261575698853,0.5922943353652954,0.3613134026527405,0.4554268717765808
근데 님만 그런게 아닌가봐,,그렇다네요,"ㅇㅇ(106.101) 2025.01.21 18:45:35
조회 34 추천 0 댓글 3",추천 0,조회 34,2025.01.21 18:45:35,https://gall.dcinside.com/mgallery/board/view/?id=skk&no=25878&page=16,지역,0.3141768276691437,0.3971495032310486,0.3703702390193939,0.47377514839172363,0.38067427277565,0.5745003819465637,0.5233420133590698,0.5634043216705322,0.5666624307632446,0.39798060059547424,0.4753805100917816
설마 해외막은건가,,흠,"쿠쿠 2025.01.21 18:40:32
조회 38 추천 0 댓글 4",추천 0,조회 38,2025.01.21 18:40:32,https://gall.dcinside.com/mgallery/board/view/?id=skk&no=25877&page=16,기타 혐오,0.3915920555591583,0.4061027467250824,0.39925938844680786,0.5381112098693848,0.4042988717556,0.576754093170166,0.48266246914863586,0.5981894135475159,0.5796917080879211,0.3319324254989624,0.49217909574508667
미츠보시 팟테 하지케테,,토비놋테 류세이,"성갤러(218.155) 2025.01.21 12:37:08
조회 32 추천 0 댓글 2",추천 0,조회 32,2025.01.21 12:37:08,https://gall.dcinside.com/mgallery/board/view/?id=skk&no=25876&page=16,지역,0.3719368875026703,0.4260692000389099,0.4075867831707001,0.5053142309188843,0.4117758870124817,0.5907266736030579,0.451696515083313,0.5708376169204712,0.5484136343002319,0.41540956497192383,0.4976755976676941
히마챗 왜래안돼시발,,개새기야,"쿠쿠 2025.01.21 00:03:01
조회 43 추천 0 댓글 3",추천 0,조회 43,2025.01.21 00:03:01,https://gall.dcinside.com/mgallery/board/view/?id=skk&no=25874&page=16,기타 혐오,0.3893272876739502,0.4584732949733734,0.46415987610816956,0.5275841355323792,0.3926165699958801,0.5973989367485046,0.4537476599216461,0.6112579107284546,0.44062817096710205,0.4079846739768982,0.5393673181533813
성균관대 건물 수준 ㅋㅋ,,이거 판자촌.벽돌공장도 아니고 심하노ㅋㅋ,"ㅇㅇ(211.235) 2025.01.20 23:43:50
조회 99 추천 0 댓글 2",추천 0,조회 99,2025.01.20 23:43:50,https://gall.dcinside.com/mgallery/board/view/?id=skk&no=25873&page=16,기타 혐오,0.3746066391468048,0.42791295051574707,0.5473541021347046,0.5086723566055298,0.3859194219112396,0.530834436416626,0.3292871415615082,0.5872274041175842,0.4756937325000763,0.45318838953971863,0.40437665581703186
놀체?,,네,"ㅇㅇ(106.101) 2025.01.20 22:01:17
조회 24 추천 0 댓글 0",추천 0,조회 24,2025.01.20 22:01:17,https://gall.dcinside.com/mgallery/board/view/?id=skk&no=25872&page=16,악플/욕설,0.33858147263526917,0.40912774205207825,0.42180371284484863,0.499750018119812,0.3673763871192932,0.5624522566795349,0.48384490609169006,0.5610883235931396,0.5642331838607788,0.3504825234413147,0.4857751429080963
히마챗왜안돼,,왜,"쿠쿠 2025.01.20 14:12:43
조회 45 추천 0 댓글 9",추천 0,조회 45,2025.01.20 14:12:43,https://gall.dcinside.com/mgallery/board/view/?id=skk&no=25871&page=16,기타 혐오,0.34499478340148926,0.3802436292171478,0.38172808289527893,0.46290960907936096,0.3764350712299347,0.5730250477790833,0.4429982602596283,0.6247941255569458,0.5894838571548462,0.36085206270217896,0.4729834794998169
근데사실 리얼월드에서 뭔일이일어나든,,내가잇는팰월드랑뭔상관임,"성갤러(218.155) 2025.01.19 19:07:51
조회 57 추천 0 댓글 3",추천 0,조회 57,2025.01.19 19:07:51,https://gall.dcinside.com/mgallery/board/view/?id=skk&no=25870&page=16,기타 혐오,0.4052102863788605,0.40703481435775757,0.5510199666023254,0.4831424951553345,0.3101065754890442,0.46393606066703796,0.34901851415634155,0.5846624970436096,0.5188304781913757,0.40621814131736755,0.42626288533210754
집에 액자 준비해둬야겠다,,셰셰,"ㅇㅇ(223.38) 2025.01.19 19:03:40
조회 36 추천 0 댓글 1",추천 0,조회 36,2025.01.19 19:03:40,https://gall.dcinside.com/mgallery/board/view/?id=skk&no=25869&page=16,기타 혐오,0.3994917571544647,0.46230217814445496,0.39006829261779785,0.5070905089378357,0.35575175285339355,0.6114264130592346,0.4589269757270813,0.63108891248703,0.4832100570201874,0.3827402591705322,0.46647220849990845
히마챗안들어가짐,,밴당한걸까시라,"쿠쿠 2025.01.19 16:08:03
조회 42 추천 0 댓글 2",추천 0,조회 42,2025.01.19 16:08:03,https://gall.dcinside.com/mgallery/board/view/?id=skk&no=25867&page=16,기타 혐오,0.4006843864917755,0.3676617741584778,0.5034435987472534,0.47998127341270447,0.32286950945854187,0.5435797572135925,0.36328697204589844,0.6074734330177307,0.4666977822780609,0.422939270734787,0.4243013262748718
페코라가 poe함,,약간디아블로같내요,"성갤러(218.155) 2025.01.19 00:40:43
조회 38 추천 0 댓글 4",추천 0,조회 38,2025.01.19 00:40:43,https://gall.dcinside.com/mgallery/board/view/?id=skk&no=25866&page=16,기타 혐오,0.4067630171775818,0.37087246775627136,0.48569729924201965,0.5166442394256592,0.38344529271125793,0.5901620388031006,0.38370999693870544,0.6293802857398987,0.4745809733867645,0.3970181941986084,0.4015335738658905
놀장께,,,"쿠쿠 2025.01.18 22:36:58
조회 38 추천 0 댓글 3",추천 0,조회 38,2025.01.18 22:36:58,https://gall.dcinside.com/mgallery/board/view/?id=skk&no=25865&page=16,여성/가족,0.0,0.0,0.0,0.0,0.0,0.0,0.0,0.0,0.0,0.0,0.0
일본인꼬셔서 쓰리썸점,,모솔아다초대남대기중,"Raps 2025.01.18 18:26:44
조회 82 추천 0 댓글 4",추천 0,조회 82,2025.01.18 18:26:44,https://gall.dcinside.com/mgallery/board/view/?id=skk&no=25864&page=16,기타 혐오,0.3525906503200531,0.38648146390914917,0.40606746077537537,0.44867461919784546,0.3955371081829071,0.5872141718864441,0.5088133811950684,0.595635712146759,0.5467073321342468,0.38211789727211,0.40454959869384766
스팀일본친구가 3명이되엇어요,,네,"성갤러(218.155) 2025.01.17 21:48:11
조회 30 추천 0 댓글 0",추천 0,조회 30,2025.01.17 21:48:11,https://gall.dcinside.com/mgallery/board/view/?id=skk&no=25863&page=16,악플/욕설,0.33858147263526917,0.40912774205207825,0.42180371284484863,0.499750018119812,0.3673763871192932,0.5624522566795349,0.48384490609169006,0.5610883235931396,0.5642331838607788,0.3504825234413147,0.4857751429080963
ㄴㄹ자고,,놀,"ㅇㅇ(106.101) 2025.01.17 17:22:13
조회 46 추천 0 댓글 6",추천 0,조회 46,2025.01.17 17:22:13,https://gall.dcinside.com/mgallery/board/view/?id=skk&no=25862&page=16,기타 혐오,0.3760211765766144,0.41212198138237,0.40745505690574646,0.47226718068122864,0.3917822539806366,0.5737030506134033,0.494595468044281,0.5962792634963989,0.5884820222854614,0.33933505415916443,0.48925843834877014
님아 마듀함,,스바루가,"성갤러(218.155) 2025.01.16 22:27:37
조회 34 추천 0 댓글 3",추천 0,조회 34,2025.01.16 22:27:37,https://gall.dcinside.com/mgallery/board/view/?id=skk&no=25861&page=16,지역,0.40059390664100647,0.4387279748916626,0.41836458444595337,0.4938325583934784,0.47490230202674866,0.6361814141273499,0.4607265293598175,0.5785714387893677,0.564789354801178,0.36128416657447815,0.4948073625564575
개새기들아,,,"쿠쿠 2025.01.16 01:26:43
조회 48 추천 0 댓글 2",추천 0,조회 48,2025.01.16 01:26:43,https://gall.dcinside.com/mgallery/board/view/?id=skk&no=25859&page=16,여성/가족,0.0,0.0,0.0,0.0,0.0,0.0,0.0,0.0,0.0,0.0,0.0
아니성대 최초합발표한지 한참지났네,,추합뜨기전에 방구하러 가야겠는걸,"Raps 2025.01.16 00:45:48
조회 103 추천 0 댓글 3",추천 0,조회 103,2025.01.16 00:45:48,https://gall.dcinside.com/mgallery/board/view/?id=skk&no=25858&page=16,기타 혐오,0.38494402170181274,0.4581173062324524,0.4361811578273773,0.4482412040233612,0.3105912208557129,0.6016288995742798,0.43456241488456726,0.6363126039505005,0.5328585505485535,0.35893234610557556,0.46592143177986145
디시이줫병신련,,왜댓글만쓰면렉걸림,"성갤러(218.155) 2025.01.15 21:55:36
조회 36 추천 0 댓글 2",추천 0,조회 36,2025.01.15 21:55:36,https://gall.dcinside.com/mgallery/board/view/?id=skk&no=25857&page=16,기타 혐오,0.3464343249797821,0.36722496151924133,0.45800289511680603,0.466429203748703,0.36144912242889404,0.4999794363975525,0.3523687720298767,0.6189808249473572,0.5564742088317871,0.4009864032268524,0.417067289352417
뭔가 있어보이는 방법,,"시간말할때
한국시간으로 x시라고하면댐","ㅇㅇ(106.101) 2025.01.15 19:26:38
조회 41 추천 0 댓글 4",추천 0,조회 41,2025.01.15 19:26:38,https://gall.dcinside.com/mgallery/board/view/?id=skk&no=25856&page=16,기타 혐오,0.3849424719810486,0.40654459595680237,0.45867615938186646,0.5035867691040039,0.37564802169799805,0.5940654277801514,0.40218403935432434,0.6053367853164673,0.48619672656059265,0.4296823740005493,0.44568952918052673
체포하든말든,,일본을가,"성갤러(218.155) 2025.01.15 11:06:39
조회 44 추천 0 댓글 1",추천 0,조회 44,2025.01.15 11:06:39,https://gall.dcinside.com/mgallery/board/view/?id=skk&no=25853&page=16,지역,0.4049365818500519,0.4698372781276703,0.41295623779296875,0.48955264687538147,0.4321287274360657,0.5813767910003662,0.48717671632766724,0.5650164484977722,0.5252535343170166,0.4006182551383972,0.522866427898407
기어이체포를하는구나,,역풍이분다이~,"쿠쿠 2025.01.15 09:05:46
조회 51 추천 0 댓글 2",추천 0,조회 51,2025.01.15 09:05:46,https://gall.dcinside.com/mgallery/board/view/?id=skk&no=25852&page=16,지역,0.41788414120674133,0.4823629856109619,0.421406090259552,0.5268549919128418,0.42238834500312805,0.6234155297279358,0.4568336606025696,0.5595841407775879,0.5440192818641663,0.2977767884731293,0.5293339490890503
.,,,"ㅇㅇ(223.38) 2025.01.15 01:02:46
조회 32 추천 0 댓글 0",추천 0,조회 32,2025.01.15 01:02:46,https://gall.dcinside.com/mgallery/board/view/?id=skk&no=25851&page=16,여성/가족,0.0,0.0,0.0,0.0,0.0,0.0,0.0,0.0,0.0,0.0,0.0
두비두,,아원츄아니쥬,"성갤러(218.155) 2025.01.14 21:21:42
조회 34 추천 0 댓글 2",추천 0,조회 34,2025.01.14 21:21:42,https://gall.dcinside.com/mgallery/board/view/?id=skk&no=25850&page=16,기타 혐오,0.3352316617965698,0.3854801654815674,0.4138756990432739,0.41196808218955994,0.38956692814826965,0.5609639286994934,0.4969051778316498,0.5783904790878296,0.48208871483802795,0.3714962303638458,0.4631914794445038
ㅇㅇ,,,"쿠쿠 2025.01.14 01:45:43
조회 48 추천 0 댓글 7",추천 0,조회 48,2025.01.14 01:45:43,https://gall.dcinside.com/mgallery/board/view/?id=skk&no=25849&page=16,여성/가족,0.0,0.0,0.0,0.0,0.0,0.0,0.0,0.0,0.0,0.0,0.0
테스트,,,"쿠쿠 2025.01.14 01:45:02
조회 30 추천 0 댓글 0",추천 0,조회 30,2025.01.14 01:45:02,https://gall.dcinside.com/mgallery/board/view/?id=skk&no=25848&page=16,여성/가족,0.0,0.0,0.0,0.0,0.0,0.0,0.0,0.0,0.0,0.0,0.0
나 들어오자마자 프로필읽고 럽라노래불름,,ㅁㅊ무서워,"쿠쿠 2025.01.13 19:44:48
조회 34 추천 1 댓글 0",추천 1,조회 34,2025.01.13 19:44:48,https://gall.dcinside.com/mgallery/board/view/?id=skk&no=25846&page=16,기타 혐오,0.4091433882713318,0.4246780276298523,0.3996486961841583,0.5191786885261536,0.3654075860977173,0.6207401752471924,0.47882330417633057,0.6583788990974426,0.4908190369606018,0.32863375544548035,0.5137553811073303
리얼돌보단 vr에 대형오나홀조합이나을지도,,흠..,"Raps 2025.01.13 01:20:14
조회 93 추천 0 댓글 4",추천 0,조회 93,2025.01.13 01:20:14,https://gall.dcinside.com/mgallery/board/view/?id=skk&no=25845&page=16,기타 혐오,0.37302151322364807,0.39458325505256653,0.44567108154296875,0.5646013021469116,0.3618277907371521,0.5582441687583923,0.44661086797714233,0.6099293828010559,0.5383164882659912,0.3711695969104767,0.4390479326248169
아 나는 쫄려서 못누르겟다,,마음의준비가안도ㅑ,"ㅇㅇ(106.101) 2025.01.12 23:09:09
조회 45 추천 0 댓글 2",추천 0,조회 45,2025.01.12 23:09:09,https://gall.dcinside.com/mgallery/board/view/?id=skk&no=25844&page=16,기타 혐오,0.35499900579452515,0.4124928414821625,0.4130985140800476,0.5163951516151428,0.3912205696105957,0.5507232546806335,0.4525190591812134,0.6030104756355286,0.5522763729095459,0.3612750768661499,0.47336140275001526
님아 좀 하고,,저한테꿀팁좀요,"ㅇㅇ(106.101) 2025.01.12 22:32:37
조회 50 추천 0 댓글 4",추천 0,조회 50,2025.01.12 22:32:37,https://gall.dcinside.com/mgallery/board/view/?id=skk&no=25843&page=16,기타 혐오,0.4539615213871002,0.4585956633090973,0.4155127704143524,0.47828707098960876,0.41633379459381104,0.5875528454780579,0.41522976756095886,0.6170290112495422,0.4718672037124634,0.42940831184387207,0.48517075181007385
폰으로 몸들썩거리는거 보니까 존나멀미나네,,몸에 무슨 설명써놧는데 읽을려하는데 존나 들썩거려서 멀미존나남,"쿠쿠 2025.01.12 22:24:45
조회 55 추천 0 댓글 1",추천 0,조회 55,2025.01.12 22:24:45,https://gall.dcinside.com/mgallery/board/view/?id=skk&no=25842&page=16,기타 혐오,0.4078160524368286,0.4794246554374695,0.5343301296234131,0.4247100055217743,0.34669360518455505,0.4436202943325043,0.33479079604148865,0.5719504952430725,0.5448763370513916,0.4697208106517792,0.3687302768230438
님아 닉 쿠쿠임?,,영어로?,"ㅇㅇ(106.101) 2025.01.12 22:10:25
조회 49 추천 0 댓글 6",추천 0,조회 49,2025.01.12 22:10:25,https://gall.dcinside.com/mgallery/board/view/?id=skk&no=25841&page=16,기타 혐오,0.3728986084461212,0.3718787431716919,0.44686582684516907,0.5109975934028625,0.36720290780067444,0.5560482740402222,0.4543931484222412,0.5686540007591248,0.5394793152809143,0.3719782829284668,0.462254136800766
롤체 1/8,,너만오면고,"성갤러(218.155) 2025.01.12 14:18:17
조회 37 추천 0 댓글 1",추천 0,조회 37,2025.01.12 14:18:17,https://gall.dcinside.com/mgallery/board/view/?id=skk&no=25840&page=16,기타 혐오,0.37681248784065247,0.44792258739471436,0.4588319957256317,0.4556080102920532,0.38833707571029663,0.5821471810340881,0.445135235786438,0.6177501082420349,0.49450916051864624,0.39487382769584656,0.4995155334472656
지듣노,,"https://www.youtube.com/watch?v=_XdwYtDT910
어때?","ㅇㅇ(106.101) 2025.01.12 12:07:35
조회 29 추천 0 댓글 0",추천 0,조회 29,2025.01.12 12:07:35,https://gall.dcinside.com/mgallery/board/view/?id=skk&no=25839&page=16,성소수자,0.35578247904777527,0.3760353624820709,0.5915794968605042,0.47764328122138977,0.31903308629989624,0.45011192560195923,0.32285669445991516,0.5698617696762085,0.5107450485229492,0.4526013731956482,0.4293637275695801
뭔 이란사람이 말거냐,,내가말걸엇을때 이런느낌일까,"쿠쿠 2025.01.12 03:06:58
조회 58 추천 0 댓글 3",추천 0,조회 58,2025.01.12 03:06:58,https://gall.dcinside.com/mgallery/board/view/?id=skk&no=25838&page=16,기타 혐오,0.41148632764816284,0.37730321288108826,0.538933515548706,0.4872432053089142,0.3378439247608185,0.5327131748199463,0.33860859274864197,0.6122629046440125,0.5292878746986389,0.419621080160141,0.4027441143989563
오늘의교훈,,중국인은 중국인이다,"성갤러(218.155) 2025.01.12 02:50:21
조회 34 추천 0 댓글 0",추천 0,조회 34,2025.01.12 02:50:21,https://gall.dcinside.com/mgallery/board/view/?id=skk&no=25837&page=16,지역,0.3727124035358429,0.46767374873161316,0.4644092619419098,0.5264816880226135,0.36454278230667114,0.5970361232757568,0.44179219007492065,0.5162529945373535,0.46732401847839355,0.3956644535064697,0.5248630046844482
놀자,,ㄴㅎㄹ다,"ㅇㅇ(106.101) 2025.01.11 18:29:15
조회 52 추천 0 댓글 11",추천 0,조회 52,2025.01.11 18:29:15,https://gall.dcinside.com/mgallery/board/view/?id=skk&no=25836&page=17,지역,0.33529725670814514,0.37804701924324036,0.3875204920768738,0.42656561732292175,0.3665837049484253,0.6068903207778931,0.49362117052078247,0.5481371879577637,0.5345236659049988,0.41619348526000977,0.498096227645874
나 피티시켜줘,,나좀가르쳐줘,"ㅇㅇ(106.101) 2025.01.11 14:25:00
조회 35 추천 0 댓글 2",추천 0,조회 35,2025.01.11 14:25:00,https://gall.dcinside.com/mgallery/board/view/?id=skk&no=25835&page=17,지역,0.37629327178001404,0.4043581783771515,0.47356975078582764,0.4445267915725708,0.3406161069869995,0.6333829760551453,0.48314738273620605,0.5986028909683228,0.5171054601669312,0.35218918323516846,0.462972491979599
재강님 현성님 수호님 다들 어찌사나요,,사회나가서는 정상인 모드로 잘 살고 있는거죠?,"성갤러(181.214) 2025.01.11 10:19:36
조회 39 추천 0 댓글 0",추천 0,조회 39,2025.01.11 10:19:36,https://gall.dcinside.com/mgallery/board/view/?id=skk&no=25834&page=17,기타 혐오,0.39732223749160767,0.42329201102256775,0.4505789279937744,0.4898182153701782,0.4188765585422516,0.6077671051025391,0.4586298167705536,0.638884961605072,0.4992048442363739,0.39022669196128845,0.4575600326061249
심,,,"쿠쿠 2025.01.10 17:23:04
조회 38 추천 0 댓글 1",추천 0,조회 38,2025.01.10 17:23:04,https://gall.dcinside.com/mgallery/board/view/?id=skk&no=25833&page=17,여성/가족,0.0,0.0,0.0,0.0,0.0,0.0,0.0,0.0,0.0,0.0,0.0
재강이형 민규형 살아있음?,,"추억의 성갤 찐 형들인데
다들 어떻게살아?
대학원끝나고 취업까지는 한걸로아는데
둘다 결혼함?","성갤러(45.88) 2025.01.10 06:36:18
조회 67 추천 0 댓글 0",추천 0,조회 67,2025.01.10 06:36:18,https://gall.dcinside.com/mgallery/board/view/?id=skk&no=25832&page=17,기타 혐오,0.4058696925640106,0.4594636559486389,0.49807173013687134,0.48913440108299255,0.3450353741645813,0.537023663520813,0.31414279341697693,0.5826415419578552,0.5002958178520203,0.4341779351234436,0.4324924647808075
설날에,,브이알챗이나할까,"성갤러(218.155) 2025.01.09 17:50:39
조회 45 추천 0 댓글 2",추천 0,조회 45,2025.01.09 17:50:39,https://gall.dcinside.com/mgallery/board/view/?id=skk&no=25831&page=17,지역,0.3615272641181946,0.43575519323349,0.38199928402900696,0.43553146719932556,0.3901549279689789,0.6045056581497192,0.4566552937030792,0.5733001232147217,0.5473201274871826,0.400065153837204,0.44151434302330017
tlatlagkekrh,,tlatlago,"성갤러(218.155) 2025.01.09 16:37:33
조회 51 추천 0 댓글 5",추천 0,조회 51,2025.01.09 16:37:33,https://gall.dcinside.com/mgallery/board/view/?id=skk&no=25830&page=17,기타 혐오,0.3440133333206177,0.3600761592388153,0.5095524787902832,0.46790027618408203,0.3746402859687805,0.5326570868492126,0.3755730092525482,0.6309458017349243,0.48711299896240234,0.4066816568374634,0.45215725898742676
5일만에 말걸엇는데 칼답오네요,,얼쑤 지화자좋다,"쿠쿠 2025.01.09 01:40:02
조회 77 추천 0 댓글 4",추천 0,조회 77,2025.01.09 01:40:02,https://gall.dcinside.com/mgallery/board/view/?id=skk&no=25829&page=17,지역,0.3586632311344147,0.4886515140533447,0.45191261172294617,0.4824678599834442,0.3574930727481842,0.6515284180641174,0.49675098061561584,0.6211559176445007,0.5074061155319214,0.32946255803108215,0.513437032699585
도쿄뭐할지추천좀,,,"쿠쿠 2025.01.09 00:36:13
조회 53 추천 0 댓글 5",추천 0,조회 53,2025.01.09 00:36:13,https://gall.dcinside.com/mgallery/board/view/?id=skk&no=25828&page=17,여성/가족,0.0,0.0,0.0,0.0,0.0,0.0,0.0,0.0,0.0,0.0,0.0
배,,고파,"ㅇㅇ(106.101) 2025.01.08 18:25:29
조회 32 추천 0 댓글 0",추천 0,조회 32,2025.01.08 18:25:29,https://gall.dcinside.com/mgallery/board/view/?id=skk&no=25827&page=17,지역,0.3603966236114502,0.44360050559043884,0.4230993390083313,0.4623599052429199,0.3865857720375061,0.6316343545913696,0.4278259575366974,0.6049464344978333,0.5427314639091492,0.3558976650238037,0.4691256880760193
몇시어디,,네,"ㅇㅇ(203.252) 2025.01.08 15:12:27
조회 55 추천 0 댓글 12",추천 0,조회 55,2025.01.08 15:12:27,https://gall.dcinside.com/mgallery/board/view/?id=skk&no=25826&page=17,악플/욕설,0.33858147263526917,0.40912774205207825,0.42180371284484863,0.499750018119812,0.3673763871192932,0.5624522566795349,0.48384490609169006,0.5610883235931396,0.5642331838607788,0.3504825234413147,0.4857751429080963
토익 1트 딱코 ㅁㅌㅊ,,"공기업도 800~850이 만점이네
그만해도될듯","Raps 2025.01.08 12:06:13
조회 84 추천 0 댓글 5",추천 0,조회 84,2025.01.08 12:06:13,https://gall.dcinside.com/mgallery/board/view/?id=skk&no=25825&page=17,기타 혐오,0.46155595779418945,0.38697460293769836,0.5189198851585388,0.4668510854244232,0.3428986668586731,0.49426066875457764,0.4195941388607025,0.6117357611656189,0.4515412151813507,0.4096410572528839,0.4500058591365814
썰언제품,,ㅇ,"쿠쿠 2025.01.07 15:26:07
조회 77 추천 0 댓글 11",추천 0,조회 77,2025.01.07 15:26:07,https://gall.dcinside.com/mgallery/board/view/?id=skk&no=25824&page=17,악플/욕설,0.3436691462993622,0.4019637107849121,0.4162016808986664,0.507465124130249,0.40540269017219543,0.5473226308822632,0.4841731786727905,0.5891696214675903,0.5897398591041565,0.3669813573360443,0.47376707196235657
엄마가 하루종일 유시민 김어준봄,,와 진짜 미칠것같은데 뭐라할수도없고 ㅇㅇ,"Raps 2025.01.06 19:52:20
조회 87 추천 1 댓글 3",추천 1,조회 87,2025.01.06 19:52:20,https://gall.dcinside.com/mgallery/board/view/?id=skk&no=25823&page=17,장애,0.4100184142589569,0.4976884126663208,0.4741940200328827,0.535709798336029,0.43683815002441406,0.6006655693054199,0.49089038372039795,0.5987670421600342,0.49705734848976135,0.372915118932724,0.6021629571914673
님아놀아요,,네,"ㅇㅇ(106.101) 2025.01.06 13:20:34
조회 49 추천 0 댓글 4",추천 0,조회 49,2025.01.06 13:20:34,https://gall.dcinside.com/mgallery/board/view/?id=skk&no=25822&page=17,악플/욕설,0.33858147263526917,0.40912774205207825,0.42180371284484863,0.499750018119812,0.3673763871192932,0.5624522566795349,0.48384490609169006,0.5610883235931396,0.5642331838607788,0.3504825234413147,0.4857751429080963
음 한국의 미세먼지냅새,,이냄새지,"ㅇㅇ(106.101) 2025.01.06 00:32:53
조회 171 추천 0 댓글 2",추천 0,조회 171,2025.01.06 00:32:53,https://gall.dcinside.com/mgallery/board/view/?id=skk&no=25821&page=17,기타 혐오,0.37169867753982544,0.40749090909957886,0.36732620000839233,0.5509229302406311,0.3341517150402069,0.5543392300605774,0.4975172281265259,0.6487773656845093,0.5577968955039978,0.3618553876876831,0.4181728661060333
착하시잖아,,,"ㅇㅇ(153.246) 2025.01.03 21:39:25
조회 49 추천 0 댓글 1",추천 0,조회 49,2025.01.03 21:39:25,https://gall.dcinside.com/mgallery/board/view/?id=skk&no=25820&page=17,여성/가족,0.0,0.0,0.0,0.0,0.0,0.0,0.0,0.0,0.0,0.0,0.0
나는 띵콩땅콩,,예,"ㅇㅇ(153.246) 2025.01.02 21:59:07
조회 34 추천 0 댓글 0",추천 0,조회 34,2025.01.02 21:59:07,https://gall.dcinside.com/mgallery/board/view/?id=skk&no=25819&page=17,기타 혐오,0.36624810099601746,0.4070819020271301,0.3997834324836731,0.4920640289783478,0.3552860617637634,0.5864865183830261,0.482332319021225,0.591545820236206,0.5737006664276123,0.33421590924263,0.49805259704589844
원신 픽업두개 비틱쳐서 다뽑았다,,70뽑컷,"Raps 2025.01.01 13:49:59
조회 76 추천 0 댓글 9",추천 0,조회 76,2025.01.01 13:49:59,https://gall.dcinside.com/mgallery/board/view/?id=skk&no=25818&page=17,지역,0.40350326895713806,0.4912722408771515,0.4416244924068451,0.4569404721260071,0.393050879240036,0.6082666516304016,0.48788711428642273,0.6011101007461548,0.5234789252281189,0.37181732058525085,0.5204136371612549
새해복많이,,받으세요,"성갤러(121.136) 2025.01.01 00:49:44
조회 46 추천 2 댓글 2",추천 2,조회 46,2025.01.01 00:49:44,https://gall.dcinside.com/mgallery/board/view/?id=skk&no=25817&page=17,지역,0.4043477475643158,0.4710327982902527,0.4387340843677521,0.5151675939559937,0.43921199440956116,0.6220923662185669,0.4224018156528473,0.586898148059845,0.4901912808418274,0.3659527599811554,0.538658618927002
우리할머니이쁘죠,,"https://youtu.be/9qnm_stDkrk?si=xYFJT7ZeKKRPL36c
 원신 | 캐릭터 트레일러 - 「시틀라리: 별 헤는 자의 응시」
「절대 흑요석 할머니를 건드리지 마라」시틀라리와 관련된 이 격언(?)은 사실 꽤나 편파적이다. 엄밀히 말하자면 그녀는 연장자로서 상당히 모범적인 인물이다.하지만 밤하늘이 아무리 맑더라도 흉조는 나타날 수 있다. 본인의 운명을 위해서도 별빛을 속이지 않는 편이 좋을 것이다.무료 다운...
youtu.be
- dc official App","성갤러(58.235) 2024.12.31 13:55:18
조회 55 추천 0 댓글 1",추천 0,조회 55,2024.12.31 13:55:18,https://gall.dcinside.com/mgallery/board/view/?id=skk&no=25816&page=17,기타 혐오,0.32124093174934387,0.463668555021286,0.5738451480865479,0.48102396726608276,0.35203036665916443,0.5088342428207397,0.2782217264175415,0.5872464179992676,0.4922480583190918,0.48051565885543823,0.39682355523109436
님아,,전 소프트론 안된대요,"성갤러(121.136) 2024.12.30 14:51:12
조회 29 추천 0 댓글 0",추천 0,조회 29,2024.12.30 14:51:12,https://gall.dcinside.com/mgallery/board/view/?id=skk&no=25815&page=17,지역,0.4190087914466858,0.3440156579017639,0.40990421175956726,0.4652954638004303,0.41267016530036926,0.6026837229728699,0.45645198225975037,0.5472930669784546,0.524922788143158,0.4806113541126251,0.4851303994655609
무서워,,비행기무서워,"ㅇㅇ(106.101) 2024.12.29 23:53:37
조회 48 추천 0 댓글 3",추천 0,조회 48,2024.12.29 23:53:37,https://gall.dcinside.com/mgallery/board/view/?id=skk&no=25814&page=17,지역,0.40407460927963257,0.45008814334869385,0.42677223682403564,0.49778836965560913,0.42182013392448425,0.647121012210846,0.4601600468158722,0.6057642698287964,0.492074579000473,0.3241210877895355,0.5032379627227783
토익아다떼고왔다,,900점 그냥 강간완료,"Raps 2024.12.29 12:29:34
조회 91 추천 1 댓글 4",추천 1,조회 91,2024.12.29 12:29:34,https://gall.dcinside.com/mgallery/board/view/?id=skk&no=25813&page=17,기타 혐오,0.4316888153553009,0.44671395421028137,0.4326857328414917,0.46361300349235535,0.3336115777492523,0.5844205021858215,0.43887442350387573,0.5965458750724792,0.5119996666908264,0.3897978961467743,0.46466004848480225
2024년 연말 만화대상 대상은,,춤추는 리스폰,"ㅇㅇ(106.101) 2024.12.29 00:01:51
조회 54 추천 0 댓글 2",추천 0,조회 54,2024.12.29 00:01:51,https://gall.dcinside.com/mgallery/board/view/?id=skk&no=25812&page=17,기타 혐오,0.40475136041641235,0.46198686957359314,0.4178459346294403,0.5233085751533508,0.33621567487716675,0.6188849806785583,0.39140868186950684,0.6267727613449097,0.5278995037078857,0.41464775800704956,0.44468262791633606
학점어케올리는데,,"멍청해서수업못따라가는데 ㅇㅇ;
예제봐도 못푸는데 ㅇㅇ;","Raps 2024.12.28 16:31:45
조회 75 추천 0 댓글 1",추천 0,조회 75,2024.12.28 16:31:45,https://gall.dcinside.com/mgallery/board/view/?id=skk&no=25811&page=17,악플/욕설,0.33394187688827515,0.38051655888557434,0.4249383211135864,0.46204742789268494,0.3368332087993622,0.545418918132782,0.45470109581947327,0.5662473440170288,0.575226902961731,0.38177549839019775,0.4719099998474121
드럼배우고싶다,,네,"성갤러(121.136) 2024.12.28 01:16:01
조회 45 추천 0 댓글 2",추천 0,조회 45,2024.12.28 01:16:01,https://gall.dcinside.com/mgallery/board/view/?id=skk&no=25810&page=17,악플/욕설,0.33858147263526917,0.40912774205207825,0.42180371284484863,0.499750018119812,0.3673763871192932,0.5624522566795349,0.48384490609169006,0.5610883235931396,0.5642331838607788,0.3504825234413147,0.4857751429080963
아 토할거같애,,멀미시발,"쿠쿠 2024.12.28 00:31:37
조회 43 추천 0 댓글 1",추천 0,조회 43,2024.12.28 00:31:37,https://gall.dcinside.com/mgallery/board/view/?id=skk&no=25809&page=17,지역,0.3898051977157593,0.44803759455680847,0.38501739501953125,0.4538891315460205,0.40519508719444275,0.6035547256469727,0.48032957315444946,0.5734860301017761,0.5618008375167847,0.3490550220012665,0.4827965795993805
기기뭐가좋나요,,네,"쿠쿠 2024.12.27 21:56:43
조회 50 추천 0 댓글 5",추천 0,조회 50,2024.12.27 21:56:43,https://gall.dcinside.com/mgallery/board/view/?id=skk&no=25808&page=17,악플/욕설,0.33858147263526917,0.40912774205207825,0.42180371284484863,0.499750018119812,0.3673763871192932,0.5624522566795349,0.48384490609169006,0.5610883235931396,0.5642331838607788,0.3504825234413147,0.4857751429080963
vr하면 스카이림,,젖탱이만지기 들박하기 가능,"성갤러(223.39) 2024.12.27 19:30:18
조회 64 추천 0 댓글 5",추천 0,조회 64,2024.12.27 19:30:18,https://gall.dcinside.com/mgallery/board/view/?id=skk&no=25807&page=17,지역,0.392551988363266,0.3996182978153229,0.39029380679130554,0.41650277376174927,0.347034215927124,0.6242802739143372,0.47065266966819763,0.5956490635871887,0.5352580547332764,0.39178627729415894,0.45737606287002563
vr 기기 근데 사긴할거임,,"밸브 인덱스로 살거에요
언젠가 << 이게 문제긴함","성갤러(121.136) 2024.12.27 19:07:43
조회 47 추천 0 댓글 2",추천 0,조회 47,2024.12.27 19:07:43,https://gall.dcinside.com/mgallery/board/view/?id=skk&no=25806&page=17,기타 혐오,0.4650421142578125,0.464028924703598,0.5810717344284058,0.562553346157074,0.3586934804916382,0.5638020634651184,0.37687382102012634,0.5883564352989197,0.46796032786369324,0.49239403009414673,0.4370780289173126
VR챗하실분 급구,,예상답변 )돈받으면어쩌고저쩌고 웅앵거리다 절대안사기,"쿠쿠 2024.12.27 16:27:19
조회 53 추천 0 댓글 4",추천 0,조회 53,2024.12.27 16:27:19,https://gall.dcinside.com/mgallery/board/view/?id=skk&no=25805&page=17,기타 혐오,0.4006699025630951,0.41622233390808105,0.5153123736381531,0.44599175453186035,0.30113399028778076,0.45702075958251953,0.35628417134284973,0.546335756778717,0.5289456844329834,0.4081387519836426,0.4065316915512085
성균관대는 일반 사립과 다름,,"잠시 삼성에 위탁한 국립이라고 보면 됨 ㅇㅇ

망할 거 같으면 국가를 상대로 네고할 수 있는 사립대학이 여기 말고 어딨음?","성갤러(223.38) 2024.12.27 10:23:55
조회 163 추천 1 댓글 1",추천 1,조회 163,2024.12.27 10:23:55,https://gall.dcinside.com/mgallery/board/view/?id=skk&no=25804&page=17,기타 혐오,0.3426331579685211,0.42430591583251953,0.5253979563713074,0.4311845898628235,0.30965569615364075,0.4683035910129547,0.3150428235530853,0.5675427913665771,0.4872967600822449,0.48461151123046875,0.3975367844104767
아오 성적 씨발,,,"ㅇㅇ(106.101) 2024.12.27 10:12:28
조회 56 추천 0 댓글 2",추천 0,조회 56,2024.12.27 10:12:28,https://gall.dcinside.com/mgallery/board/view/?id=skk&no=25803&page=17,여성/가족,0.0,0.0,0.0,0.0,0.0,0.0,0.0,0.0,0.0,0.0,0.0
오늘한일,,"아이폰에 밴스드깔기
이제 나는 무적이다","Raps 2024.12.26 00:18:00
조회 69 추천 0 댓글 1",추천 0,조회 69,2024.12.26 00:18:00,https://gall.dcinside.com/mgallery/board/view/?id=skk&no=25802&page=17,지역,0.4590369462966919,0.5341039896011353,0.4803866147994995,0.527792751789093,0.35627126693725586,0.6174083352088928,0.3921310603618622,0.5789971351623535,0.4668438136577606,0.3914685547351837,0.4500608742237091
심심,,2024년을 알차게 보냈읍니까?,"♡♡♡(58.77) 2024.12.25 13:04:16
조회 56 추천 0 댓글 2",추천 0,조회 56,2024.12.25 13:04:16,https://gall.dcinside.com/mgallery/board/view/?id=skk&no=25801&page=17,기타 혐오,0.42018425464630127,0.4285754859447479,0.5107061862945557,0.48669686913490295,0.33454629778862,0.5805726051330566,0.4269234538078308,0.6546282172203064,0.4164305031299591,0.4177035987377167,0.3894292712211609
근리스마스 에혀,,버튜버나봐야겟어,"성갤러(218.155) 2024.12.24 22:52:17
조회 60 추천 0 댓글 2",추천 0,조회 60,2024.12.24 22:52:17,https://gall.dcinside.com/mgallery/board/view/?id=skk&no=25800&page=17,기타 혐오,0.4181321859359741,0.41075628995895386,0.4723626971244812,0.4893951117992401,0.40066200494766235,0.5974422693252563,0.3761579394340515,0.6248267889022827,0.463067889213562,0.4114829897880554,0.3729081153869629
얼른가고싶구나,,,"ㅇㅇ(106.101) 2024.12.24 20:46:23
조회 37 추천 0 댓글 0",추천 0,조회 37,2024.12.24 20:46:23,https://gall.dcinside.com/mgallery/board/view/?id=skk&no=25799&page=17,여성/가족,0.0,0.0,0.0,0.0,0.0,0.0,0.0,0.0,0.0,0.0,0.0
크리스마스에할거,,"https://youtube.com/v/iVHZ1QCB0K4?si=lLFcPzYLII3G0xKz
 크리스마스 이브 데이트 모음집
0:00 니지마 마코토5:00 토고 히후미11:00 사쿠라 후타바16:05 오쿠무라 하루20:26 타케미 타에25:30 카와카미 사다요31:55 미후네 치하야38:24 오야 이치코43:45 타카마키 안재생목록 : https://www.youtube.com/playlist?list=...
youtu.be



이거보기","Raps 2024.12.24 18:38:57
조회 96 추천 1 댓글 4",추천 1,조회 96,2024.12.24 18:38:57,https://gall.dcinside.com/mgallery/board/view/?id=skk&no=25798&page=17,지역,0.3332483172416687,0.4225959777832031,0.5996544361114502,0.455039918422699,0.4107085168361664,0.6156862378120422,0.4087659418582916,0.5662404894828796,0.5259108543395996,0.5089828968048096,0.4099047780036926
롤체,,하자,"성갤러(218.155) 2024.12.23 23:17:03
조회 53 추천 0 댓글 2",추천 0,조회 53,2024.12.23 23:17:03,https://gall.dcinside.com/mgallery/board/view/?id=skk&no=25797&page=17,지역,0.3598601520061493,0.42281392216682434,0.42750290036201477,0.48441919684410095,0.4004420340061188,0.6117769479751587,0.466190367937088,0.5784752368927002,0.5513131618499756,0.3636820316314697,0.5052338242530823
보일러 22도해놧는데,,"22도로 올라가질않음
머냐","ㅇㅇ(106.101) 2024.12.22 10:19:08
조회 70 추천 0 댓글 4",추천 0,조회 70,2024.12.22 10:19:08,https://gall.dcinside.com/mgallery/board/view/?id=skk&no=25796&page=17,지역,0.36401090025901794,0.42561522126197815,0.4527360498905182,0.4633588492870331,0.4626634418964386,0.6906032562255859,0.5457478165626526,0.5799714922904968,0.5482251048088074,0.40092185139656067,0.5707676410675049
이 갤은 뭐고 성균관대 갤은 뭐죠,,성균관대 갤은 뭐 ㅈㄴ 이상한냄새 나던데,"ㅇ(118.34) 2024.12.21 23:06:52
조회 150 추천 0 댓글 4",추천 0,조회 150,2024.12.21 23:06:52,https://gall.dcinside.com/mgallery/board/view/?id=skk&no=25795&page=17,지역,0.44945845007896423,0.4242933988571167,0.5021831393241882,0.5428584218025208,0.4106080234050751,0.5767922401428223,0.3940526247024536,0.5354205369949341,0.5050631165504456,0.42193499207496643,0.5194222331047058
센세님,,삐진거임 바쁜거임 둘다임,"ㅇㅇ(106.101) 2024.12.20 18:17:01
조회 89 추천 0 댓글 4",추천 0,조회 89,2024.12.20 18:17:01,https://gall.dcinside.com/mgallery/board/view/?id=skk&no=25793&page=17,기타 혐오,0.38939154148101807,0.47913897037506104,0.40034374594688416,0.44355157017707825,0.35869377851486206,0.589836061000824,0.46033382415771484,0.6094151735305786,0.5484662652015686,0.39536866545677185,0.46509912610054016
혼자요,,,"성갤러(218.155) 2024.12.19 19:45:33
조회 40 추천 1 댓글 0",추천 1,조회 40,2024.12.19 19:45:33,https://gall.dcinside.com/mgallery/board/view/?id=skk&no=25792&page=17,여성/가족,0.0,0.0,0.0,0.0,0.0,0.0,0.0,0.0,0.0,0.0,0.0
놀자놀자놀자놀자놀자놀자,,놀자놀자놀자놀자놀자,"성갤러(218.155) 2024.12.19 16:42:03
조회 45 추천 0 댓글 2",추천 0,조회 45,2024.12.19 16:42:03,https://gall.dcinside.com/mgallery/board/view/?id=skk&no=25791&page=17,지역,0.35382047295570374,0.48514312505722046,0.47533243894577026,0.4307948648929596,0.47660183906555176,0.6765216588973999,0.4906969666481018,0.577690601348877,0.5575602054595947,0.37105193734169006,0.5660092234611511
하 어떡하냐,,며칠내로 전화하자는데,"ㅇㅇ(106.101) 2024.12.17 22:31:37
조회 75 추천 0 댓글 3",추천 0,조회 75,2024.12.17 22:31:37,https://gall.dcinside.com/mgallery/board/view/?id=skk&no=25790&page=17,기타 혐오,0.37073835730552673,0.3977002799510956,0.4162903130054474,0.5248021483421326,0.3872717320919037,0.606550931930542,0.4326240122318268,0.6229454278945923,0.5464001297950745,0.3658827841281891,0.4193840026855469
쿠쿠 랩스 << 아직 졸업 못한거임?,,2년전에 봤는데 아직도있네,"ㅇㅇ 2024.12.16 23:04:26
조회 100 추천 0 댓글 4",추천 0,조회 100,2024.12.16 23:04:26,https://gall.dcinside.com/mgallery/board/view/?id=skk&no=25789&page=17,지역,0.37136101722717285,0.5154266357421875,0.4350290596485138,0.45217159390449524,0.37607619166374207,0.5875798463821411,0.4663756191730499,0.5761346220970154,0.5105192065238953,0.39869174361228943,0.4719393253326416
키키라라 << 이사람 아이돌이엇네,,ㄷㄷ,"ㅇㅇ(106.101) 2024.12.15 00:35:55
조회 59 추천 0 댓글 2",추천 0,조회 59,2024.12.15 00:35:55,https://gall.dcinside.com/mgallery/board/view/?id=skk&no=25788&page=17,기타 혐오,0.37993040680885315,0.384397953748703,0.43410488963127136,0.5548779368400574,0.40630531311035156,0.5707080364227295,0.4790332615375519,0.6132432818412781,0.5627931356430054,0.37511852383613586,0.5207511186599731
E학점 < 왜없음,,이상하다그죠,"Raps 2024.12.14 16:47:11
조회 77 추천 0 댓글 3",추천 0,조회 77,2024.12.14 16:47:11,https://gall.dcinside.com/mgallery/board/view/?id=skk&no=25787&page=17,기타 혐오,0.3674134314060211,0.413444459438324,0.36739370226860046,0.4593845009803772,0.359907329082489,0.5316469669342041,0.4608731269836426,0.6191563606262207,0.5488461852073669,0.38779523968696594,0.4377554655075073
스포티파이 ai 왤케 똑똑함,,스포티파이에선 들은적 없는거같은데 어케알고,"ㅇㅇ(106.101) 2024.12.13 02:45:36
조회 59 추천 0 댓글 2",추천 0,조회 59,2024.12.13 02:45:36,https://gall.dcinside.com/mgallery/board/view/?id=skk&no=25784&page=17,지역,0.3741319179534912,0.4291987121105194,0.4385170340538025,0.48773393034935,0.4338465929031372,0.5943905711174011,0.3640514016151428,0.5630854368209839,0.4550324082374573,0.40973299741744995,0.4705415666103363
하씨발 자취방 또구해야하네,,"학점컷보니 3.8 4.0 개지랄이네
정시 스나 뽀록으로 하나 안되나","Raps 2024.12.12 20:09:35
조회 112 추천 0 댓글 4",추천 0,조회 112,2024.12.12 20:09:35,https://gall.dcinside.com/mgallery/board/view/?id=skk&no=25783&page=18,악플/욕설,0.41719764471054077,0.48086681962013245,0.5341984033584595,0.4104199707508087,0.28606176376342773,0.4217571020126343,0.30631953477859497,0.49989667534828186,0.5816674828529358,0.4625706672668457,0.3744235634803772
개같네 시발,,미친 쪽바리새기들,"쿠쿠 2024.12.11 23:39:14
조회 81 추천 0 댓글 3",추천 0,조회 81,2024.12.11 23:39:14,https://gall.dcinside.com/mgallery/board/view/?id=skk&no=25782&page=18,기타 혐오,0.4477478563785553,0.5467631220817566,0.44586682319641113,0.5832695960998535,0.506183385848999,0.6063085794448853,0.5246834754943848,0.6351732611656189,0.46480947732925415,0.42659661173820496,0.6001850366592407
씨발,,개새끼,"쿠쿠 2024.12.11 01:44:06
조회 63 추천 0 댓글 1",추천 0,조회 63,2024.12.11 01:44:06,https://gall.dcinside.com/mgallery/board/view/?id=skk&no=25781&page=18,기타 혐오,0.40968212485313416,0.4742629826068878,0.4445722997188568,0.5615044832229614,0.41145867109298706,0.5927005410194397,0.4098317325115204,0.6227182745933533,0.45467618107795715,0.3645096719264984,0.5816947817802429
고귀한 하루 되세요 < 개쳐웃기네,,무한도전 느낌 ㅇㅇ,"Raps 2024.12.11 01:34:06
조회 96 추천 0 댓글 4",추천 0,조회 96,2024.12.11 01:34:06,https://gall.dcinside.com/mgallery/board/view/?id=skk&no=25780&page=18,지역,0.3826415538787842,0.4529948830604553,0.3936591148376465,0.4242219030857086,0.41378822922706604,0.5991349220275879,0.41358402371406555,0.5785130858421326,0.5167468190193176,0.41239774227142334,0.453476220369339
하이퍼버닝 1+4 하고싶네,,도파민스토리,"ㅇㅇ(106.101) 2024.12.10 18:24:33
조회 30 추천 0 댓글 0",추천 0,조회 30,2024.12.10 18:24:33,https://gall.dcinside.com/mgallery/board/view/?id=skk&no=25779&page=18,기타 혐오,0.37929782271385193,0.47361069917678833,0.44066953659057617,0.44553887844085693,0.3503516614437103,0.5779109597206116,0.41966062784194946,0.5983930826187134,0.5155009031295776,0.3725544214248657,0.4569471776485443
지켜보고있다,,끼아아아아아아아악,"성갤러(223.38) 2024.12.10 07:19:38
조회 39 추천 0 댓글 0",추천 0,조회 39,2024.12.10 07:19:38,https://gall.dcinside.com/mgallery/board/view/?id=skk&no=25778&page=18,지역,0.3766743242740631,0.44953128695487976,0.48038309812545776,0.539807140827179,0.4115926921367645,0.6300994157791138,0.517906665802002,0.5751820206642151,0.5231528282165527,0.4134097397327423,0.47913601994514465
이년 < 3d 모델링 개꼴려짐,,"1
이미지 순서 ON

2

3

4

5






이정도면 판때기보다 나은데","ㅇㅇ(58.235) 2024.12.09 20:49:01
조회 102 추천 0 댓글 5",추천 0,조회 102,2024.12.09 20:49:01,https://gall.dcinside.com/mgallery/board/view/?id=skk&no=25777&page=18,기타 혐오,0.3730960190296173,0.4359256625175476,0.5304999947547913,0.47417354583740234,0.32967957854270935,0.4886510372161865,0.3433569371700287,0.543526291847229,0.5269004702568054,0.43948009610176086,0.42662787437438965
심심,,해요,"성갤러(59.12) 2024.12.09 18:18:37
조회 30 추천 0 댓글 0",추천 0,조회 30,2024.12.09 18:18:37,https://gall.dcinside.com/mgallery/board/view/?id=skk&no=25776&page=18,기타 혐오,0.3714672923088074,0.3797922432422638,0.40250664949417114,0.47752633690834045,0.386216402053833,0.5705962181091309,0.4651004672050476,0.5941587686538696,0.5362640023231506,0.38356417417526245,0.48245492577552795
이년 < 그냥 노래 존나못함,,"https://youtube.com/shorts/UoQfAzMwC-0?si=ELiFkjj9t5BN7K4e
 大阪公演まであと2日‼今日はソワレを見せちゃうよッ?
※ホロライブプロダクションから未成年の視聴者の方々へのお願い [カバー 未成年者の方々へ]で検索してお読みいただくか、下記リンクをご確認の上、お楽しみください。https://www.hololive.tv/request-to-minors
youtube.com



죽어죽어","ㅇㅇ(58.235) 2024.12.09 01:37:41
조회 61 추천 0 댓글 2",추천 0,조회 61,2024.12.09 01:37:41,https://gall.dcinside.com/mgallery/board/view/?id=skk&no=25775&page=18,성소수자,0.3590713441371918,0.38407695293426514,0.6144557595252991,0.4713243544101715,0.3515889346599579,0.5536171793937683,0.37216824293136597,0.5655825138092041,0.4460616111755371,0.5009723901748657,0.4503295421600342
노래추천 - 만찬가,,네,"쿠쿠 2024.12.08 19:15:14
조회 64 추천 0 댓글 3",추천 0,조회 64,2024.12.08 19:15:14,https://gall.dcinside.com/mgallery/board/view/?id=skk&no=25774&page=18,악플/욕설,0.33858147263526917,0.40912774205207825,0.42180371284484863,0.499750018119812,0.3673763871192932,0.5624522566795349,0.48384490609169006,0.5610883235931396,0.5642331838607788,0.3504825234413147,0.4857751429080963
님아 왜 굴보쌈 먹으러가자고하자마자,,나감,"성갤러(59.12) 2024.12.07 19:25:01
조회 54 추천 0 댓글 1",추천 0,조회 54,2024.12.07 19:25:01,https://gall.dcinside.com/mgallery/board/view/?id=skk&no=25773&page=18,기타 혐오,0.34222251176834106,0.43144547939300537,0.42873334884643555,0.45707201957702637,0.35291311144828796,0.596034586429596,0.4481695890426636,0.604947566986084,0.5329377055168152,0.3702682554721832,0.48870012164115906
"대학생,교수 < 지식인 코스프레하는거 개패고싶음",,21세기에 지식인이 어딨다고,"Raps 2024.12.07 18:56:08
조회 99 추천 0 댓글 2",추천 0,조회 99,2024.12.07 18:56:08,https://gall.dcinside.com/mgallery/board/view/?id=skk&no=25772&page=18,기타 혐오,0.3253522217273712,0.3828558623790741,0.34734874963760376,0.45923158526420593,0.3309648334980011,0.5677032470703125,0.46771663427352905,0.6053810715675354,0.5212798714637756,0.420021116733551,0.42439332604408264
김건희 특검도 부결이고 탄핵도 200명 없어서 안되는듯,,,"ㅇㅇ(106.101) 2024.12.07 17:49:06
조회 58 추천 0 댓글 4",추천 0,조회 58,2024.12.07 17:49:06,https://gall.dcinside.com/mgallery/board/view/?id=skk&no=25771&page=18,여성/가족,0.0,0.0,0.0,0.0,0.0,0.0,0.0,0.0,0.0,0.0,0.0
요즘 휴대폰 사진찍으면 서버 수색도됨?,,ai 많이 발전했다,"ㅇㅇ(106.101) 2024.12.07 11:13:40
조회 67 추천 0 댓글 4",추천 0,조회 67,2024.12.07 11:13:40,https://gall.dcinside.com/mgallery/board/view/?id=skk&no=25770&page=18,기타 혐오,0.36215031147003174,0.4653635621070862,0.40458551049232483,0.4932911992073059,0.35206112265586853,0.6192283034324646,0.447531521320343,0.6302693486213684,0.46695756912231445,0.4269729554653168,0.47240889072418213
ㅈ됫다,,노로걸린듯,"쿠쿠 2024.12.07 09:31:28
조회 53 추천 0 댓글 2",추천 0,조회 53,2024.12.07 09:31:28,https://gall.dcinside.com/mgallery/board/view/?id=skk&no=25769&page=18,지역,0.36183857917785645,0.43375399708747864,0.3730165958404541,0.5075434446334839,0.45145753026008606,0.6146270036697388,0.3693626821041107,0.5473998188972473,0.5217651128768921,0.34885936975479126,0.5534412264823914
보관용,,"4년 전에 논술 붙고 신나서 왔었는데
그때랑 분위기도 똑같고 사람들도 똑같은거 같네..
전 성로갑니다 bb","절므니 2024.12.07 09:02:14
조회 69 추천 1 댓글 4",추천 1,조회 69,2024.12.07 09:02:14,https://gall.dcinside.com/mgallery/board/view/?id=skk&no=25768&page=18,기타 혐오,0.351715087890625,0.4219394326210022,0.5356716513633728,0.49559158086776733,0.36817610263824463,0.49153977632522583,0.3183611035346985,0.6017685532569885,0.5228508710861206,0.4253571033477783,0.45132553577423096
여자옷입는 정신병자들 처단해야함,,윤석열식으로,"Raps 2024.12.07 02:28:39
조회 80 추천 0 댓글 1",추천 0,조회 80,2024.12.07 02:28:39,https://gall.dcinside.com/mgallery/board/view/?id=skk&no=25767&page=18,기타 혐오,0.3822978734970093,0.5018181204795837,0.4324292242527008,0.4915612041950226,0.33133992552757263,0.5794204473495483,0.4913538992404938,0.6334709525108337,0.5583773851394653,0.40058863162994385,0.508372962474823
오토코노코 메이드카페,,버킷리스트,"쿠쿠 2024.12.07 00:54:18
조회 52 추천 0 댓글 1",추천 0,조회 52,2024.12.07 00:54:18,https://gall.dcinside.com/mgallery/board/view/?id=skk&no=25766&page=18,기타 혐오,0.4048958420753479,0.40287357568740845,0.5129613280296326,0.5347045063972473,0.3947599530220032,0.573932409286499,0.4111372232437134,0.6068892478942871,0.4739183187484741,0.4381243884563446,0.42886051535606384
놀자니까???????????????,,,"성갤러(59.12) 2024.12.06 20:54:34
조회 46 추천 0 댓글 2",추천 0,조회 46,2024.12.06 20:54:34,https://gall.dcinside.com/mgallery/board/view/?id=skk&no=25765&page=18,여성/가족,0.0,0.0,0.0,0.0,0.0,0.0,0.0,0.0,0.0,0.0,0.0
드라퀘노래를 국가로 지정하라,,"https://youtu.be/hHVrQhlIIgI

키미가~~~~~~요와","성갤러(59.12) 2024.12.06 01:49:28
조회 44 추천 0 댓글 2",추천 0,조회 44,2024.12.06 01:49:28,https://gall.dcinside.com/mgallery/board/view/?id=skk&no=25764&page=18,기타 혐오,0.3690849244594574,0.4040287435054779,0.5319780111312866,0.44419172406196594,0.29803410172462463,0.4289107918739319,0.33331504464149475,0.566632091999054,0.5608040690422058,0.4497685134410858,0.37175220251083374
와 진짜안되겟다,,"12월된 기념으로 치킨먹엇는데

몸이거부함","ㅇㅇ(106.101) 2024.12.05 13:31:09
조회 37 추천 0 댓글 0",추천 0,조회 37,2024.12.05 13:31:09,https://gall.dcinside.com/mgallery/board/view/?id=skk&no=25762&page=18,기타 혐오,0.39965835213661194,0.39696070551872253,0.4801596403121948,0.5121815800666809,0.3657325804233551,0.5443704724311829,0.37162402272224426,0.5745871067047119,0.45255526900291443,0.48455554246902466,0.44747260212898254
삼숭상,,,"성갤러(218.155) 2024.12.04 23:24:02
조회 33 추천 0 댓글 0",추천 0,조회 33,2024.12.04 23:24:02,https://gall.dcinside.com/mgallery/board/view/?id=skk&no=25761&page=18,여성/가족,0.0,0.0,0.0,0.0,0.0,0.0,0.0,0.0,0.0,0.0,0.0
우리나라 역사 한 6년은 결정낫네,,6년안에 나갈수잇을까요,"ㅇㅇ(106.101) 2024.12.04 21:22:34
조회 76 추천 0 댓글 2",추천 0,조회 76,2024.12.04 21:22:34,https://gall.dcinside.com/mgallery/board/view/?id=skk&no=25758&page=18,기타 혐오,0.4047001302242279,0.4179359972476959,0.4568604826927185,0.48070764541625977,0.3401568531990051,0.6068593263626099,0.42816978693008423,0.6301366686820984,0.5218725800514221,0.4163147807121277,0.4777640402317047
놀자고,,심심하다니까,"ㅇㅇ(106.101) 2024.12.04 20:23:15
조회 43 추천 0 댓글 3",추천 0,조회 43,2024.12.04 20:23:15,https://gall.dcinside.com/mgallery/board/view/?id=skk&no=25757&page=18,기타 혐오,0.3602884113788605,0.41609904170036316,0.40159937739372253,0.4370313584804535,0.39142313599586487,0.5932909250259399,0.4957626760005951,0.6204153895378113,0.5351696014404297,0.3326059579849243,0.44908952713012695
진짜로 다 척살하고 대석열 됐어야지 뭐했노,,개석열이 뭐했노,"성갤러(223.38) 2024.12.04 17:54:02
조회 50 추천 0 댓글 0",추천 0,조회 50,2024.12.04 17:54:02,https://gall.dcinside.com/mgallery/board/view/?id=skk&no=25756&page=18,기타 혐오,0.33033302426338196,0.5103833079338074,0.4703466594219208,0.45538756251335144,0.2921861708164215,0.6069774031639099,0.4673108458518982,0.6325091123580933,0.5324230790138245,0.34377187490463257,0.4476391077041626
이래도 한국에서 살거야?,,이래도??,"성갤러(218.155) 2024.12.04 17:39:22
조회 65 추천 0 댓글 6",추천 0,조회 65,2024.12.04 17:39:22,https://gall.dcinside.com/mgallery/board/view/?id=skk&no=25755&page=18,기타 혐오,0.3828597068786621,0.35444921255111694,0.4602654278278351,0.5396676659584045,0.3818862736225128,0.5762382745742798,0.47223010659217834,0.6450997591018677,0.49160245060920715,0.34393125772476196,0.4564433991909027
보수안락사는 신석열,,,"Raps 2024.12.04 14:37:51
조회 101 추천 0 댓글 6",추천 0,조회 101,2024.12.04 14:37:51,https://gall.dcinside.com/mgallery/board/view/?id=skk&no=25754&page=18,여성/가족,0.0,0.0,0.0,0.0,0.0,0.0,0.0,0.0,0.0,0.0,0.0
계엄선포기념으로,,소녀전선이나켜야겠어요,"ㅇㅇ 2024.12.04 04:31:17
조회 46 추천 0 댓글 0",추천 0,조회 46,2024.12.04 04:31:17,https://gall.dcinside.com/mgallery/board/view/?id=skk&no=25753&page=18,기타 혐오,0.3557981848716736,0.40306663513183594,0.4693673253059387,0.47311970591545105,0.3997180759906769,0.5811493992805481,0.4052705764770508,0.595761239528656,0.4873707592487335,0.41451478004455566,0.4370705783367157
윤석열씨발병신려낭,,ㅋㅋㅋ,"ㅇㅇ(106.101) 2024.12.03 23:34:25
조회 37 추천 0 댓글 0",추천 0,조회 37,2024.12.03 23:34:25,https://gall.dcinside.com/mgallery/board/view/?id=skk&no=25752&page=18,기타 혐오,0.3466493487358093,0.4171309173107147,0.40534764528274536,0.5033942461013794,0.3449118137359619,0.5388654470443726,0.4798603653907776,0.6066420078277588,0.5702537894248962,0.3381271958351135,0.4703662097454071
유니 빨간약왜래이쁨,,ㅁㅊ,"쿠쿠 2024.12.02 13:03:49
조회 81 추천 1 댓글 1",추천 1,조회 81,2024.12.02 13:03:49,https://gall.dcinside.com/mgallery/board/view/?id=skk&no=25751&page=18,지역,0.3650396466255188,0.448199987411499,0.43262189626693726,0.5682793855667114,0.4286007285118103,0.6065510511398315,0.47336840629577637,0.5884987115859985,0.5616136789321899,0.3390966057777405,0.583351731300354
애니추천점,,회복술사의 재시작 좋아함,"ㅇㅇ 2024.12.02 02:26:40
조회 79 추천 0 댓글 3",추천 0,조회 79,2024.12.02 02:26:40,https://gall.dcinside.com/mgallery/board/view/?id=skk&no=25750&page=18,지역,0.366688996553421,0.4176892936229706,0.41451969742774963,0.44538503885269165,0.3747883439064026,0.6207612752914429,0.4452087879180908,0.5963802337646484,0.5145047307014465,0.38587480783462524,0.4552197754383087
갑자기공허해짐,,앞으로3주,"ㅇㅇ(106.101) 2024.12.01 22:21:09
조회 42 추천 0 댓글 2",추천 0,조회 42,2024.12.01 22:21:09,https://gall.dcinside.com/mgallery/board/view/?id=skk&no=25749&page=18,기타 혐오,0.3975706994533539,0.4121345579624176,0.4720700979232788,0.5199050903320312,0.35650384426116943,0.5850167870521545,0.4367085099220276,0.6469789147377014,0.4806051254272461,0.35125672817230225,0.45594117045402527
토할거같아,,,"쿠쿠 2024.12.01 18:03:57
조회 53 추천 0 댓글 5",추천 0,조회 53,2024.12.01 18:03:57,https://gall.dcinside.com/mgallery/board/view/?id=skk&no=25748&page=18,여성/가족,0.0,0.0,0.0,0.0,0.0,0.0,0.0,0.0,0.0,0.0,0.0
재밋네,,재밋어,"성갤러(218.155) 2024.12.01 16:34:15
조회 41 추천 0 댓글 2",추천 0,조회 41,2024.12.01 16:34:15,https://gall.dcinside.com/mgallery/board/view/?id=skk&no=25747&page=18,지역,0.42891016602516174,0.5217369198799133,0.36868393421173096,0.47243592143058777,0.4012714624404907,0.6170384883880615,0.42308828234672546,0.5942639708518982,0.5399331450462341,0.3554854691028595,0.5076985955238342
얘도 곧 나갈듯,,나 나가요,"Raps 2024.12.01 15:47:50
조회 80 추천 0 댓글 5",추천 0,조회 80,2024.12.01 15:47:50,https://gall.dcinside.com/mgallery/board/view/?id=skk&no=25746&page=18,지역,0.3494546711444855,0.39175286889076233,0.45110148191452026,0.46375951170921326,0.34134966135025024,0.6263922452926636,0.4810854494571686,0.6146812438964844,0.5462344884872437,0.3682503402233124,0.5107669234275818
놀자,,고,"성갤러(218.155) 2024.12.01 12:49:18
조회 48 추천 0 댓글 6",추천 0,조회 48,2024.12.01 12:49:18,https://gall.dcinside.com/mgallery/board/view/?id=skk&no=25745&page=18,지역,0.3878422677516937,0.41098007559776306,0.39654237031936646,0.46060967445373535,0.36097776889801025,0.6044192910194397,0.46005257964134216,0.588229775428772,0.5751006603240967,0.3204282820224762,0.48632609844207764
님아 왜나감,,,"ㅇㅇ(106.101) 2024.12.01 09:08:26
조회 45 추천 0 댓글 2",추천 0,조회 45,2024.12.01 09:08:26,https://gall.dcinside.com/mgallery/board/view/?id=skk&no=25744&page=18,여성/가족,0.0,0.0,0.0,0.0,0.0,0.0,0.0,0.0,0.0,0.0,0.0
우하하,,좌하하,"ㅇㅇ(106.101) 2024.11.30 21:53:45
조회 38 추천 0 댓글 1",추천 0,조회 38,2024.11.30 21:53:45,https://gall.dcinside.com/mgallery/board/view/?id=skk&no=25743&page=18,기타 혐오,0.3799384832382202,0.4501533806324005,0.4325827658176422,0.5251951217651367,0.36781254410743713,0.583649218082428,0.4617803692817688,0.623748779296875,0.5100250840187073,0.3380875587463379,0.4152050316333771
스타필드 ㅈㄴ크노잉,,네,"쿠쿠 2024.11.30 17:30:55
조회 60 추천 0 댓글 7",추천 0,조회 60,2024.11.30 17:30:55,https://gall.dcinside.com/mgallery/board/view/?id=skk&no=25742&page=18,악플/욕설,0.33858147263526917,0.40912774205207825,0.42180371284484863,0.499750018119812,0.3673763871192932,0.5624522566795349,0.48384490609169006,0.5610883235931396,0.5642331838607788,0.3504825234413147,0.4857751429080963
근데 뭐 그런거아냐?,,"겜이나 여캠만 하고싶은데
노래계속 시켜서","ㅇㅇ(106.101) 2024.11.30 13:37:01
조회 48 추천 0 댓글 3",추천 0,조회 48,2024.11.30 13:37:01,https://gall.dcinside.com/mgallery/board/view/?id=skk&no=25740&page=18,지역,0.4603702127933502,0.4603252410888672,0.43793985247612,0.4950520694255829,0.3858366906642914,0.613268256187439,0.3849189579486847,0.5975030064582825,0.5177587270736694,0.4143622815608978,0.5185762643814087
홀로 또 졸업하네,,나가자마자 100만찍는거 보면 구독자 40%는 따라오는데 나같아도 나갈덧,"ㅇㅇ(58.235) 2024.11.30 12:29:02
조회 45 추천 0 댓글 2",추천 0,조회 45,2024.11.30 12:29:02,https://gall.dcinside.com/mgallery/board/view/?id=skk&no=25739&page=18,악플/욕설,0.43471524119377136,0.4983615577220917,0.5330261588096619,0.41768282651901245,0.29267796874046326,0.4488834738731384,0.3091256320476532,0.5262055397033691,0.5806012749671936,0.44577839970588684,0.3429327607154846
놀자고샹년아,,,"쿠쿠 2024.11.29 23:04:57
조회 33 추천 0 댓글 2",추천 0,조회 33,2024.11.29 23:04:57,https://gall.dcinside.com/mgallery/board/view/?id=skk&no=25738&page=18,여성/가족,0.0,0.0,0.0,0.0,0.0,0.0,0.0,0.0,0.0,0.0,0.0
심심하니까,,놉시다,"성갤러(218.155) 2024.11.29 21:56:40
조회 36 추천 0 댓글 2",추천 0,조회 36,2024.11.29 21:56:40,https://gall.dcinside.com/mgallery/board/view/?id=skk&no=25737&page=18,지역,0.40622609853744507,0.43912848830223083,0.4810117483139038,0.48139944672584534,0.3671342432498932,0.6540321707725525,0.5299347043037415,0.5816966891288757,0.5520404577255249,0.3455868661403656,0.5574334859848022
행시 준비할 때 여기 종종 왔었는데,,군대 간다는 것부터 대학원 얘기까지 관음하던 기억이 새록새록하네요,"ㅇㅇ 2024.11.29 18:05:49
조회 80 추천 0 댓글 4",추천 0,조회 80,2024.11.29 18:05:49,https://gall.dcinside.com/mgallery/board/view/?id=skk&no=25735&page=18,기타 혐오,0.4473158121109009,0.3898187577724457,0.5250728726387024,0.4740743935108185,0.29523521661758423,0.5069505572319031,0.3435056209564209,0.6113524436950684,0.457824170589447,0.42895182967185974,0.410074383020401
거지특,,토익 pdf로 공부함,"Raps 2024.11.29 17:13:01
조회 134 추천 0 댓글 5",추천 0,조회 134,2024.11.29 17:13:01,https://gall.dcinside.com/mgallery/board/view/?id=skk&no=25734&page=18,기타 혐오,0.4467858374118805,0.3671812415122986,0.5115848183631897,0.4766167998313904,0.31069204211235046,0.4812600910663605,0.39613860845565796,0.6082892417907715,0.4659525454044342,0.3997657001018524,0.48493492603302
왜 몇 년 전이랑 똑같은 사람들이,,있는 것 같지?,"ㅇㅇ 2024.11.29 03:35:12
조회 69 추천 0 댓글 2",추천 0,조회 69,2024.11.29 03:35:12,https://gall.dcinside.com/mgallery/board/view/?id=skk&no=25733&page=18,기타 혐오,0.363651841878891,0.4541110396385193,0.40540358424186707,0.5120348334312439,0.3787897527217865,0.5521494746208191,0.49093371629714966,0.6191520094871521,0.5051590800285339,0.3772564232349396,0.44217193126678467
초고교급심심,,,"쿠쿠 2024.11.28 18:18:01
조회 46 추천 0 댓글 1",추천 0,조회 46,2024.11.28 18:18:01,https://gall.dcinside.com/mgallery/board/view/?id=skk&no=25732&page=18,여성/가족,0.0,0.0,0.0,0.0,0.0,0.0,0.0,0.0,0.0,0.0,0.0
일상글 왜씀,,친구랑 대화를 하셈,"성갤러(223.38) 2024.11.28 12:26:27
조회 45 추천 0 댓글 2",추천 0,조회 45,2024.11.28 12:26:27,https://gall.dcinside.com/mgallery/board/view/?id=skk&no=25730&page=18,기타 혐오,0.37528136372566223,0.4281988739967346,0.47177815437316895,0.5094338059425354,0.3582023084163666,0.601868212223053,0.4792204797267914,0.6389652490615845,0.5517286658287048,0.37929296493530273,0.4481565058231354
제인생 초딩이후로 눈 젤많이옴,,,"ㅇㅇ(106.101) 2024.11.27 17:23:58
조회 51 추천 0 댓글 6",추천 0,조회 51,2024.11.27 17:23:58,https://gall.dcinside.com/mgallery/board/view/?id=skk&no=25728&page=18,여성/가족,0.0,0.0,0.0,0.0,0.0,0.0,0.0,0.0,0.0,0.0,0.0
수원에 눈옴?,,하 눈봐야하는데 작년엔 조또안오더니 하필 이때오네,"Raps 2024.11.27 16:32:32
조회 62 추천 0 댓글 3",추천 0,조회 62,2024.11.27 16:32:32,https://gall.dcinside.com/mgallery/board/view/?id=skk&no=25727&page=18,지역,0.3922259509563446,0.5293181538581848,0.47630774974823,0.4832715392112732,0.49499383568763733,0.6560567617416382,0.47617611289024353,0.5593281388282776,0.5822741985321045,0.4584829807281494,0.4993829131126404
원신다시할까,,두창러시 끝났나 귀여운애들 슬슬나오는데,"Raps 2024.11.26 15:21:47
조회 67 추천 0 댓글 6",추천 0,조회 67,2024.11.26 15:21:47,https://gall.dcinside.com/mgallery/board/view/?id=skk&no=25726&page=19,기타 혐오,0.40260079503059387,0.4396539032459259,0.40368735790252686,0.4576272666454315,0.39997369050979614,0.6044732928276062,0.4446779787540436,0.6179993152618408,0.5810996294021606,0.38940003514289856,0.4732298254966736
자라,,와거북이,"ㅇㅇ(106.101) 2024.11.25 23:03:32
조회 50 추천 0 댓글 4",추천 0,조회 50,2024.11.25 23:03:32,https://gall.dcinside.com/mgallery/board/view/?id=skk&no=25725&page=19,지역,0.3905259370803833,0.48305484652519226,0.4885314106941223,0.43888789415359497,0.4303569495677948,0.6155611276626587,0.4630456864833832,0.6114718914031982,0.4953046441078186,0.43709930777549744,0.5232939124107361
랩스야 놀자,,랩놀,"쿠쿠 2024.11.25 19:18:36
조회 36 추천 0 댓글 0",추천 0,조회 36,2024.11.25 19:18:36,https://gall.dcinside.com/mgallery/board/view/?id=skk&no=25724&page=19,기타 혐오,0.40751463174819946,0.43592262268066406,0.4614099860191345,0.5145666599273682,0.39575573801994324,0.617412269115448,0.46166205406188965,0.6547108888626099,0.5523272156715393,0.340372771024704,0.4586765170097351
아니 근데 좀 호감이신게,,답장 늦었다고 걍 고봉밥으로 답장함,"ㅇㅇ(106.101) 2024.11.23 19:07:57
조회 64 추천 0 댓글 2",추천 0,조회 64,2024.11.23 19:07:57,https://gall.dcinside.com/mgallery/board/view/?id=skk&no=25721&page=19,지역,0.3599698543548584,0.4865165650844574,0.41787782311439514,0.4514239430427551,0.39387959241867065,0.6195448040962219,0.4689024090766907,0.5394073128700256,0.5273651480674744,0.3652527630329132,0.554786205291748
대댓알림이왓는데,,없어짐,"성갤러(218.155) 2024.11.23 14:03:29
조회 32 추천 0 댓글 0",추천 0,조회 32,2024.11.23 14:03:29,https://gall.dcinside.com/mgallery/board/view/?id=skk&no=25720&page=19,지역,0.34873345494270325,0.41213130950927734,0.3917312026023865,0.4175570011138916,0.4100266098976135,0.5921201109886169,0.4751903712749481,0.5591780543327332,0.5328645706176758,0.45034950971603394,0.4429793655872345
교토는 여고생들이,,버스기사 부족 걱정하네 역시 갓본,"성갤러(218.155) 2024.11.23 12:18:39
조회 65 추천 0 댓글 4",추천 0,조회 65,2024.11.23 12:18:39,https://gall.dcinside.com/mgallery/board/view/?id=skk&no=25718&page=19,기타 혐오,0.4076063930988312,0.43297749757766724,0.5025243163108826,0.4680249094963074,0.3623739778995514,0.5533095598220825,0.3536393344402313,0.5618945956230164,0.5289860367774963,0.4576278030872345,0.41684770584106445
돈벌면 유희왕 반드시,,해야죠,"성갤러(218.155) 2024.11.22 22:40:24
조회 37 추천 0 댓글 3",추천 0,조회 37,2024.11.22 22:40:24,https://gall.dcinside.com/mgallery/board/view/?id=skk&no=25717&page=19,지역,0.34962883591651917,0.3910868465900421,0.384613037109375,0.4981285333633423,0.4241010248661041,0.5637113451957703,0.46715494990348816,0.5624417066574097,0.5354493260383606,0.3752920627593994,0.4827049672603607
놀노로놀놀놀놀자,,,"쿠쿠 2024.11.22 22:16:59
조회 34 추천 0 댓글 3",추천 0,조회 34,2024.11.22 22:16:59,https://gall.dcinside.com/mgallery/board/view/?id=skk&no=25716&page=19,여성/가족,0.0,0.0,0.0,0.0,0.0,0.0,0.0,0.0,0.0,0.0,0.0
극극극극극극극,,대노,"쿠쿠 2024.11.22 18:17:27
조회 38 추천 0 댓글 3",추천 0,조회 38,2024.11.22 18:17:27,https://gall.dcinside.com/mgallery/board/view/?id=skk&no=25715&page=19,지역,0.36511170864105225,0.4398464858531952,0.4187028706073761,0.4488714337348938,0.3887844681739807,0.5997288823127747,0.45032069087028503,0.5895484089851379,0.5964661240577698,0.36256787180900574,0.4952891767024994
똥싼거 치울생각하니까 존나좆같네,,C+ 4개를 어케치우노 씨발,"Raps 2024.11.22 16:29:52
조회 55 추천 0 댓글 4",추천 0,조회 55,2024.11.22 16:29:52,https://gall.dcinside.com/mgallery/board/view/?id=skk&no=25714&page=19,기타 혐오,0.3441789746284485,0.48559796810150146,0.4683099687099457,0.5072693228721619,0.3502400517463684,0.6030991077423096,0.44877901673316956,0.6144022941589355,0.47376343607902527,0.3793626129627228,0.44639289379119873
배고파,,심심해,"성갤러(218.155) 2024.11.21 21:52:43
조회 23 추천 0 댓글 0",추천 0,조회 23,2024.11.21 21:52:43,https://gall.dcinside.com/mgallery/board/view/?id=skk&no=25713&page=19,지역,0.3650345802307129,0.425505131483078,0.39488038420677185,0.4396461546421051,0.3857595920562744,0.6167726516723633,0.4979136288166046,0.6046527028083801,0.5505827069282532,0.3565959632396698,0.456901878118515
랩스님 이거봄?,,,"성갤러(218.155) 2024.11.20 20:12:34
조회 46 추천 0 댓글 4",추천 0,조회 46,2024.11.20 20:12:34,https://gall.dcinside.com/mgallery/board/view/?id=skk&no=25712&page=19,여성/가족,0.0,0.0,0.0,0.0,0.0,0.0,0.0,0.0,0.0,0.0,0.0
날속인거니,,,"쿠쿠 2024.11.20 17:25:55
조회 41 추천 0 댓글 5",추천 0,조회 41,2024.11.20 17:25:55,https://gall.dcinside.com/mgallery/board/view/?id=skk&no=25711&page=19,여성/가족,0.0,0.0,0.0,0.0,0.0,0.0,0.0,0.0,0.0,0.0,0.0
이여자 다테사유리닮았네,,"https://youtube.com/v/86QW48vX9F4?si=Vy9hVHyea_TwRPhh
 라틴녀에게 드립치다 드립으로 쳐맞기
시청해주셔서 감사합니다!
youtube.com


이정도면 쌍둥이아닌가","Raps 2024.11.19 22:04:43
조회 65 추천 0 댓글 4",추천 0,조회 65,2024.11.19 22:04:43,https://gall.dcinside.com/mgallery/board/view/?id=skk&no=25710&page=19,기타 혐오,0.3486206531524658,0.38493648171424866,0.573343813419342,0.4764278531074524,0.3030937612056732,0.4456736147403717,0.32357287406921387,0.5842652320861816,0.5601199269294739,0.45391690731048584,0.4246981739997864
복학하기싫노,,내인생잘못된선택no1좆균관대,"Raps 2024.11.19 21:03:15
조회 53 추천 0 댓글 2",추천 0,조회 53,2024.11.19 21:03:15,https://gall.dcinside.com/mgallery/board/view/?id=skk&no=25709&page=19,기타 혐오,0.3508225083351135,0.4242236912250519,0.457524836063385,0.4590236246585846,0.3957321047782898,0.5004367828369141,0.3792305886745453,0.6016666889190674,0.48393452167510986,0.38825494050979614,0.4654739797115326
저통프사 개많노,,다 데리바리임?,"쿠쿠 2024.11.19 01:20:39
조회 47 추천 0 댓글 1",추천 0,조회 47,2024.11.19 01:20:39,https://gall.dcinside.com/mgallery/board/view/?id=skk&no=25708&page=19,지역,0.423025518655777,0.4366281032562256,0.40912654995918274,0.46994274854660034,0.47551679611206055,0.6205683350563049,0.5070855021476746,0.5495750904083252,0.5613867044448853,0.39927324652671814,0.5303632616996765
어렵다어려워,,피지컬게임은안돼,"성갤러(218.155) 2024.11.19 00:50:58
조회 39 추천 0 댓글 2",추천 0,조회 39,2024.11.19 00:50:58,https://gall.dcinside.com/mgallery/board/view/?id=skk&no=25707&page=19,지역,0.40805917978286743,0.45110228657722473,0.4462515413761139,0.541861891746521,0.4041621685028076,0.6235567927360535,0.38654273748397827,0.5970823168754578,0.5089146494865417,0.3655024468898773,0.5043525695800781
놀자이자이자슥아,,,"쿠쿠 2024.11.18 18:42:47
조회 25 추천 0 댓글 0",추천 0,조회 25,2024.11.18 18:42:47,https://gall.dcinside.com/mgallery/board/view/?id=skk&no=25706&page=19,여성/가족,0.0,0.0,0.0,0.0,0.0,0.0,0.0,0.0,0.0,0.0,0.0
추으버라,,이으추버,"쿠쿠 2024.11.17 18:47:21
조회 45 추천 0 댓글 4",추천 0,조회 45,2024.11.17 18:47:21,https://gall.dcinside.com/mgallery/board/view/?id=skk&no=25705&page=19,지역,0.38898399472236633,0.45676112174987793,0.43652424216270447,0.4495735764503479,0.3664809465408325,0.6166800856590271,0.4692564308643341,0.6137588620185852,0.5412468314170837,0.36648479104042053,0.4596586227416992
잼잇는게임없나,,할게임이없네 말세다말세,"쿠쿠 2024.11.16 21:05:55
조회 50 추천 0 댓글 9",추천 0,조회 50,2024.11.16 21:05:55,https://gall.dcinside.com/mgallery/board/view/?id=skk&no=25704&page=19,지역,0.40041568875312805,0.4672606587409973,0.4115634560585022,0.45108434557914734,0.391545832157135,0.6516876816749573,0.5411912202835083,0.6476917266845703,0.5112746357917786,0.4027743935585022,0.5932551026344299
놀자구나,,"놀라운
자전거
구나","ㅇㅇ(106.101) 2024.11.16 18:10:31
조회 33 추천 0 댓글 2",추천 0,조회 33,2024.11.16 18:10:31,https://gall.dcinside.com/mgallery/board/view/?id=skk&no=25703&page=19,지역,0.38901811838150024,0.48537179827690125,0.41368865966796875,0.45272982120513916,0.37113097310066223,0.6550270915031433,0.5270901322364807,0.6003208756446838,0.5473280549049377,0.3428287208080292,0.5303934812545776
동덕여대 유일한 남학생되기 vs 재수한번더하기,,,"성갤러(218.155) 2024.11.16 13:15:43
조회 55 추천 0 댓글 2",추천 0,조회 55,2024.11.16 13:15:43,https://gall.dcinside.com/mgallery/board/view/?id=skk&no=25702&page=19,여성/가족,0.0,0.0,0.0,0.0,0.0,0.0,0.0,0.0,0.0,0.0,0.0
랩스미친새기,,개새기,"쿠쿠 2024.11.16 11:58:11
조회 49 추천 0 댓글 2",추천 0,조회 49,2024.11.16 11:58:11,https://gall.dcinside.com/mgallery/board/view/?id=skk&no=25701&page=19,기타 혐오,0.3962032198905945,0.43686434626579285,0.4127407670021057,0.5331060290336609,0.38462358713150024,0.5773847103118896,0.4412417709827423,0.6423959732055664,0.4750867784023285,0.33972686529159546,0.5135306715965271
성대는 소고기 어우 맛있어,,메디컬은 삵고기~,"Raps 2024.11.16 09:48:25
조회 83 추천 0 댓글 1",추천 0,조회 83,2024.11.16 09:48:25,https://gall.dcinside.com/mgallery/board/view/?id=skk&no=25700&page=19,기타 혐오,0.3851953148841858,0.39434880018234253,0.4857698976993561,0.48231640458106995,0.3651113212108612,0.5527734756469727,0.37362462282180786,0.5804535746574402,0.48868075013160706,0.43689146637916565,0.4208747446537018
그래서 언제 올라옴,,네,"성갤러(218.155) 2024.11.15 21:31:31
조회 47 추천 0 댓글 4",추천 0,조회 47,2024.11.15 21:31:31,https://gall.dcinside.com/mgallery/board/view/?id=skk&no=25699&page=19,악플/욕설,0.33858147263526917,0.40912774205207825,0.42180371284484863,0.499750018119812,0.3673763871192932,0.5624522566795349,0.48384490609169006,0.5610883235931396,0.5642331838607788,0.3504825234413147,0.4857751429080963
전과 5범 축하드립니다,,ㅋㅋ,"Raps 2024.11.15 15:47:16
조회 68 추천 0 댓글 4",추천 0,조회 68,2024.11.15 15:47:16,https://gall.dcinside.com/mgallery/board/view/?id=skk&no=25698&page=19,기타 혐오,0.35595157742500305,0.4288221597671509,0.41096773743629456,0.5112519264221191,0.3664417266845703,0.5435645580291748,0.46213582158088684,0.5963010191917419,0.5671842694282532,0.3322380781173706,0.47468748688697815
환상에 살았다,,,"Raps 2024.11.15 11:11:04
조회 83 추천 0 댓글 3",추천 0,조회 83,2024.11.15 11:11:04,https://gall.dcinside.com/mgallery/board/view/?id=skk&no=25697&page=19,여성/가족,0.0,0.0,0.0,0.0,0.0,0.0,0.0,0.0,0.0,0.0,0.0
님저놀,,네,"쿠쿠 2024.11.14 17:36:36
조회 30 추천 0 댓글 2",추천 0,조회 30,2024.11.14 17:36:36,https://gall.dcinside.com/mgallery/board/view/?id=skk&no=25694&page=19,악플/욕설,0.33858147263526917,0.40912774205207825,0.42180371284484863,0.499750018119812,0.3673763871192932,0.5624522566795349,0.48384490609169006,0.5610883235931396,0.5642331838607788,0.3504825234413147,0.4857751429080963
초고교급 다쟈레,,너무 재미없어서 초고교급 절망,"쿠쿠 2024.11.14 00:00:15
조회 38 추천 0 댓글 3",추천 0,조회 38,2024.11.14 00:00:15,https://gall.dcinside.com/mgallery/board/view/?id=skk&no=25693&page=19,기타 혐오,0.37267765402793884,0.4125555753707886,0.5352330207824707,0.48775002360343933,0.3569290041923523,0.5035505294799805,0.34800952672958374,0.6175108551979065,0.5189650654792786,0.41310808062553406,0.42753249406814575
단간 2탄도 재밋네요,,3탄은 안해봣니,"쿠쿠 2024.11.13 23:08:52
조회 50 추천 0 댓글 7",추천 0,조회 50,2024.11.13 23:08:52,https://gall.dcinside.com/mgallery/board/view/?id=skk&no=25692&page=19,기타 혐오,0.3192220628261566,0.3986642062664032,0.4182091951370239,0.3960056006908417,0.34775957465171814,0.591992199420929,0.4896325469017029,0.6220303177833557,0.4544285833835602,0.38830748200416565,0.4728313088417053
코로네가 메이플하는거보니까,,일본메이플 시작할까,"성갤러(218.155) 2024.11.13 22:18:36
조회 38 추천 0 댓글 6",추천 0,조회 38,2024.11.13 22:18:36,https://gall.dcinside.com/mgallery/board/view/?id=skk&no=25691&page=19,지역,0.3746165931224823,0.470479816198349,0.4167967438697815,0.4742906093597412,0.418887197971344,0.614721417427063,0.47243574261665344,0.5312538146972656,0.5030482411384583,0.41477593779563904,0.4546566605567932
수학주관식특,,답 11아니면 13임,"쿠쿠 2024.11.13 15:36:33
조회 47 추천 0 댓글 2",추천 0,조회 47,2024.11.13 15:36:33,https://gall.dcinside.com/mgallery/board/view/?id=skk&no=25689&page=19,지역,0.3448265492916107,0.41977420449256897,0.4608936905860901,0.43193691968917847,0.40989404916763306,0.5993940234184265,0.4773387014865875,0.5035643577575684,0.5689637064933777,0.39307931065559387,0.5749279260635376
근대 사탐하면,,의대갈수잇음?,"ㅇㅇ(106.101) 2024.11.13 15:32:20
조회 62 추천 0 댓글 4",추천 0,조회 62,2024.11.13 15:32:20,https://gall.dcinside.com/mgallery/board/view/?id=skk&no=25688&page=19,기타 혐오,0.41453298926353455,0.4227771759033203,0.3482588529586792,0.4612855613231659,0.4566776752471924,0.5172814726829529,0.43323078751564026,0.6024959683418274,0.5223090648651123,0.4352235198020935,0.4315568804740906
성전환전문의가된 랩스,,할인좀요,"쿠쿠 2024.11.13 14:15:12
조회 49 추천 0 댓글 1",추천 0,조회 49,2024.11.13 14:15:12,https://gall.dcinside.com/mgallery/board/view/?id=skk&no=25685&page=19,지역,0.4848475754261017,0.4865145683288574,0.46491703391075134,0.5570435523986816,0.5492650270462036,0.6297973990440369,0.44154277443885803,0.5714917778968811,0.5019354224205017,0.38064655661582947,0.552371621131897
수능전날 해야되는거,,체인소맨 나온거 보세요,"쿠쿠 2024.11.13 13:39:57
조회 33 추천 0 댓글 0",추천 0,조회 33,2024.11.13 13:39:57,https://gall.dcinside.com/mgallery/board/view/?id=skk&no=25683&page=19,지역,0.36227911710739136,0.4208311438560486,0.4538523852825165,0.5337498188018799,0.43238455057144165,0.6457006335258484,0.40674784779548645,0.6205193996429443,0.4622354805469513,0.4173315465450287,0.4502241015434265
수능 전날에 해야할일,,,"ㅇㅇ(106.101) 2024.11.13 00:03:36
조회 50 추천 0 댓글 4",추천 0,조회 50,2024.11.13 00:03:36,https://gall.dcinside.com/mgallery/board/view/?id=skk&no=25682&page=19,여성/가족,0.0,0.0,0.0,0.0,0.0,0.0,0.0,0.0,0.0,0.0,0.0
랩스의 수능도시락,,메뉴는 뭘까요,"쿠쿠 2024.11.12 15:16:10
조회 44 추천 0 댓글 3",추천 0,조회 44,2024.11.12 15:16:10,https://gall.dcinside.com/mgallery/board/view/?id=skk&no=25681&page=19,지역,0.3698500692844391,0.4291617274284363,0.3998646140098572,0.4621385633945465,0.3885713219642639,0.6109753847122192,0.4634447693824768,0.5456187725067139,0.5676155686378479,0.37889668345451355,0.48973339796066284
인생망했네 씨발,,잘못태어났다,"ㅇㅇ(58.235) 2024.11.10 18:15:51
조회 65 추천 0 댓글 2",추천 0,조회 65,2024.11.10 18:15:51,https://gall.dcinside.com/mgallery/board/view/?id=skk&no=25679&page=19,기타 혐오,0.3591240346431732,0.4136475920677185,0.38676244020462036,0.4528239965438843,0.3429317772388458,0.5897248983383179,0.4702101945877075,0.6339888572692871,0.5091309547424316,0.3512878715991974,0.5226048827171326
디도 졸업생도 이용가능하던가,,디도에서 시간좀 때우다 갈까 하는데,"가와시마미즈키 2024.11.10 16:02:32
조회 127 추천 0 댓글 6",추천 0,조회 127,2024.11.10 16:02:32,https://gall.dcinside.com/mgallery/board/view/?id=skk&no=25678&page=19,지역,0.38477277755737305,0.45455652475357056,0.45384323596954346,0.4650762975215912,0.4085325598716736,0.6529834270477295,0.4319327771663666,0.572208821773529,0.4976222813129425,0.3835262060165405,0.40855517983436584
에어로스타인가 그거 한국에 언제나옴,,나오면함,"ㅇㅇ(106.101) 2024.11.09 17:39:40
조회 53 추천 0 댓글 12",추천 0,조회 53,2024.11.09 17:39:40,https://gall.dcinside.com/mgallery/board/view/?id=skk&no=25677&page=19,기타 혐오,0.3894670903682709,0.3970045745372772,0.38212093710899353,0.42232832312583923,0.3524453639984131,0.5695942640304565,0.44162440299987793,0.6335391402244568,0.5426830053329468,0.4174026548862457,0.48164501786231995
근데진짜 복기해보면 사소한거1개로 갈림,,타임머신있으면 이기는패엿는데 짐,"쿠쿠 2024.11.09 16:31:27
조회 54 추천 0 댓글 2",추천 0,조회 54,2024.11.09 16:31:27,https://gall.dcinside.com/mgallery/board/view/?id=skk&no=25676&page=19,기타 혐오,0.3645640015602112,0.4355681538581848,0.4341396689414978,0.49193328619003296,0.42257434129714966,0.5507144331932068,0.41164058446884155,0.5819672346115112,0.4804888665676117,0.43762126564979553,0.46792492270469666
이사람왜 혼자하는거야,,,"ㅇㅇ(106.101) 2024.11.09 16:26:50
조회 48 추천 0 댓글 4",추천 0,조회 48,2024.11.09 16:26:50,https://gall.dcinside.com/mgallery/board/view/?id=skk&no=25675&page=19,여성/가족,0.0,0.0,0.0,0.0,0.0,0.0,0.0,0.0,0.0,0.0,0.0
놀자고,,,"ㅇㅇ(106.101) 2024.11.09 15:00:48
조회 44 추천 0 댓글 8",추천 0,조회 44,2024.11.09 15:00:48,https://gall.dcinside.com/mgallery/board/view/?id=skk&no=25674&page=19,여성/가족,0.0,0.0,0.0,0.0,0.0,0.0,0.0,0.0,0.0,0.0,0.0
럽코보는애들은 뚜두리맞아야함,,만화는무족권 능배물,"쿠쿠 2024.11.09 10:52:53
조회 44 추천 0 댓글 2",추천 0,조회 44,2024.11.09 10:52:53,https://gall.dcinside.com/mgallery/board/view/?id=skk&no=25673&page=19,지역,0.39194151759147644,0.42402467131614685,0.3975828289985657,0.45902496576309204,0.3768813908100128,0.6076686978340149,0.408345103263855,0.5885888934135437,0.5307396054267883,0.370015025138855,0.43864405155181885
이반에갸루는없다 세상으로 보내는 트럭,,배송이 시작되었습니다,"ㅇㅇ(106.101) 2024.11.09 10:43:19
조회 34 추천 0 댓글 4",추천 0,조회 34,2024.11.09 10:43:19,https://gall.dcinside.com/mgallery/board/view/?id=skk&no=25672&page=19,지역,0.33464816212654114,0.5205414295196533,0.39175352454185486,0.46481046080589294,0.38798168301582336,0.7015854716300964,0.46299684047698975,0.5465362668037415,0.5740023255348206,0.44850945472717285,0.5283950567245483
추워잉,,추츄,"쿠쿠 2024.11.09 08:30:10
조회 30 추천 0 댓글 2",추천 0,조회 30,2024.11.09 08:30:10,https://gall.dcinside.com/mgallery/board/view/?id=skk&no=25671&page=19,기타 혐오,0.3929835557937622,0.43524476885795593,0.4243142604827881,0.4946569502353668,0.30506306886672974,0.5533759593963623,0.4232430160045624,0.6263667345046997,0.5452919006347656,0.3635401725769043,0.518690824508667
머놀,,머,"성갤러(121.136) 2024.11.08 18:18:24
조회 33 추천 0 댓글 4",추천 0,조회 33,2024.11.08 18:18:24,https://gall.dcinside.com/mgallery/board/view/?id=skk&no=25670&page=19,악플/욕설,0.38595232367515564,0.41281837224960327,0.37391340732574463,0.4616396725177765,0.45428112149238586,0.5646145343780518,0.523465633392334,0.5786916613578796,0.613492488861084,0.3188595771789551,0.4603424072265625
사기 아니니까 심심하면 검색해봐ㅎ,,"트럼프 선거운동때 파이네트워크 링크를 건게 우연은 아니야.

아직은 무료 코인이니까 어서 가입해서 채굴하도록해.

절대 사기 아니니 찜찜하면 유튭 검색해보고 결정하던지.

내 아이디 추천 넣어야 너와 나 둘다 속도 빨라지니까

아래 블로그 잘보고 가입해.


파이코인으로 부자 됩니다. 저만 따라하세요.
출처 : oatlee님의.. | 블로그
-

https://naver.me/FzSzb3hX
 네이버
네이버
naver.me","성갤러(211.234) 2024.11.08 16:46:18
조회 62 추천 0 댓글 4",추천 0,조회 62,2024.11.08 16:46:18,https://gall.dcinside.com/mgallery/board/view/?id=skk&no=25669&page=19,성소수자,0.3718602657318115,0.45748719573020935,0.5797301530838013,0.4590058922767639,0.34381476044654846,0.46302053332328796,0.3418310582637787,0.5559825301170349,0.5470007658004761,0.493529736995697,0.4015076458454132
기시다 최저가 15.5엿대요,,과연 따잇할지,"쿠쿠 2024.11.08 16:37:58
조회 27 추천 0 댓글 1",추천 0,조회 27,2024.11.08 16:37:58,https://gall.dcinside.com/mgallery/board/view/?id=skk&no=25668&page=19,기타 혐오,0.35413792729377747,0.4427546262741089,0.4242044687271118,0.48351678252220154,0.3364373445510864,0.5797608494758606,0.4702463448047638,0.5825042724609375,0.5091797113418579,0.41415268182754517,0.4048939645290375
근데 내가말한게 이거였음,,"단간론파에서 ""이 학교의 도서관에는 30년후에 기밀해제되는 문서가 있다""

그리고 물리실에 산소생성기있고 첨시작할때 우주여행 보여줌

-> 학교탈출하면 30년흘러있고 지구밖이다

이거 같은회사 다른게임에서 써먹은 트릭인데 똑같은건줄알았는데 맥거핀이엇음","쿠쿠 2024.11.08 00:03:35
조회 43 추천 0 댓글 2",추천 0,조회 43,2024.11.08 00:03:35,https://gall.dcinside.com/mgallery/board/view/?id=skk&no=25667&page=19,악플/욕설,0.3975774645805359,0.4680195748806,0.5574710369110107,0.42406877875328064,0.33629778027534485,0.4184238314628601,0.32892608642578125,0.5190339088439941,0.566922664642334,0.4812706410884857,0.3373802602291107
